time;BusPDR_BUS_Voltage;BusPDR_BUS_ActivePower;BusPDR_BUS_ActiveCurrent;BusPDR_BUS_ReactivePower;BusPDR_BUS_ReactiveCurrent;StepUp_Xfmr_XFMR_Tap;Wind_Turbine_GEN_InjectedActiveCurrent;Wind_Turbine_GEN_InjectedReactiveCurrent;Wind_Turbine_GEN_AVRSetpointPu;Wind_Turbine_GEN_MagnitudeControlledByAVRPu;Wind_Turbine_GEN_NetworkFrequencyPu;Wind_Turbine_GEN_InjectedCurrent;NetworkFrequencyPu
0.0;1.0446060360369684;0.7497207479970037;0.71813274351226;-7.602322129332144e-07;-2.5073395219914682e-05;10.00216297153778;0.727579666493012;-0.017927985188870336;1.0446380308288399;1.0447856065279248;1.0001156684130832;0.727450358000761;1.000199415524524
0.0;1.044615639431034;0.749712659874826;0.7181388540315694;-8.163479053025468e-07;-2.615554898731503e-05;10.002220974147198;0.727582857252603;-0.01792798355836761;1.0446213863336842;1.0447925671986535;1.000127575239033;0.7274460804632569;1.0002042864474907
0.1;1.044625373239064;0.7497044377939058;0.7181450295231955;-8.688500856929409e-07;-2.7266323943562204e-05;10.002281266088692;0.7275860582373898;-0.017927981876417785;1.0446043803016132;1.044799581394554;1.0001397231559794;0.7274416808095532;1.000209383163213
0.2;1.0446352331709317;0.7496960861789255;0.7181512656609104;-9.173525199316451e-07;-2.840601785255004e-05;10.002343899512027;0.7275892666764173;-0.0179279801416029;1.0445870100151036;1.04480664351387;1.0001521110811245;0.7274371586515955;1.000214711333523
0.4;1.0446452148991878;0.7496876096863023;0.7181575580929256;-9.614560460420084e-07;-2.9574913831399395e-05;10.002408924605188;0.7275924794805794;-0.01792797835251641;1.044569272998811;1.0448137483975857;1.0001647381746153;0.7274325138459415;1.0002202763992825
0.8;1.0446553140177086;0.7496790132772049;0.7181639024441766;-1.0007576652136252e-06;-3.0773274078860185e-05;10.002476388662167;0.7275956932492212;-0.01792797650773479;1.0445511670937027;1.0448208913882138;1.0001776037660475;0.7274277464966158;1.0002260836876404
1.6;1.0446655259758733;0.7496703023360932;0.7181702943438267;-1.0348561618547638e-06;-3.200133168604588e-05;10.002546335931246;0.7275989043150389;-0.01792797460580526;1.0445326903956507;1.0448280682647029;1.000190707290352;0.7274228569990964;1.0002321384896895
2.6;1.0446758460157328;0.7496614827714999;0.7181767294108159;-1.063351539632752e-06;-3.325928769237818e-05;10.00261880840382;0.7276021087435384;-0.01792797264525479;1.0445138412989237;1.0448352750649534;1.0002040482564727;0.7274178460588762;1.0002384461005023
3.6;1.0446862691156305;0.7496525610803166;0.7181832031596558;-1.0858391666860861e-06;-3.4547315448744525e-05;10.002693847117623;0.7276053022289479;-0.017927970624592757;1.044494618622674;1.0448425079003725;1.0002176261877078;0.7274127146859923;1.0002450118084152
4.6;1.0446967899852388;0.7496435443915452;0.7181897109100442;-1.101904360601668e-06;-3.5865564431235e-05;10.002771493023866;0.7276084800121931;-0.0179279685422928;1.0444750216062775;1.0448497629286522;1.000231440492135;0.7274074642164843;1.0002518408498617
5.6;1.0447074030891188;0.7496344405063738;0.7181962477751256;-1.1111202253418382e-06;-3.721415795802571e-05;10.002851786192217;0.7276116369418608;-0.017927966396778777;1.0444550497857987;1.0448570364323213;1.0002454903190467;0.7274020963329072;1.0002589383738427
6.6;1.044718102594327;0.7496252578988433;0.7182028086941298;-1.1130465520284256e-06;-3.859318774208245e-05;10.002934763773155;0.7276147675827518;-0.017927964186442956;1.0444347029428527;1.0448643248231664;1.0002597745118857;0.7273966130442379;1.0002663094451836
7.6;1.0447288822689889;0.7496160056716198;0.7182093884240388;-1.1072321727118893e-06;-4.0002709089509136e-05;10.003020458936087;0.7276178662569716;-0.01792796190968562;1.0444139811957847;1.044871624586272;1.0002742916690903;0.7273910166566667;1.0002739590421865
8.6;1.0447397354169465;0.7496066935469181;0.7182159814650587;-1.0932214701424065e-06;-4.1442736273822036e-05;10.00310890102295;0.7276209270343498;-0.017927959564928736;1.0443928851090458;1.0448789323123457;1.0002890402361795;0.7273853097665899;1.0002818919829646
9.6;1.044750654799381;0.7495973319436695;0.7182225819918977;-1.0705603430465256e-06;-4.2913238963652035e-05;10.00320011539243;0.7276239437036167;-0.01792795715058729;1.044371415736466;1.0448862448026328;1.0003040185272056;0.727379495258358;1.000290112887788
10.6;1.0447616325064681;0.749587932084856;0.7182291838508976;-1.0388005902983506e-06;-4.4414141679331196e-05;10.003294123386516;0.7276269097171574;-0.0179279546650424;1.0443495746747748;1.04489355907418;1.0003192246828359;0.7273735763449456;1.000298626245633
11.6;1.0447726598652165;0.7495785060339765;0.7182357805990427;-9.975011226904903e-07;-4.594532304581835e-05;10.003390943318808;0.7276298181099983;-0.017927952106642345;1.0443273641726691;1.0449008722584283;1.0003346566668707;0.7273675566763106;1.0003074364467703
12.6;1.0447837274319423;0.7495690666587229;0.7182423655507443;-9.462226262270403e-07;-4.750661352004288e-05;10.003490591525622;0.7276326614359474;-0.017927949473706246;1.0443047872411302;1.0449081815491386;1.0003503122627597;0.7273614404227844;1.000316547787166
13.6;1.0447948250287744;0.7495596276183446;0.7182489317977666;-8.845205637792889e-07;-4.909779414886098e-05;10.00359308236774;0.727635431759224;-0.017927946764513276;1.0442818477591307;1.0449154841938346;1.0003661889820514;0.727355232304952;1.0003259645269147
14.6;1.0448059417800342;0.7495502034049351;0.718255472157597;-8.119427796894186e-07;-5.071859403803503e-05;10.003698427520675;0.7276381206681254;-0.01792794397728297;1.0442585505582482;1.044922777448124;1.0003822839130927;0.7273489376257132;1.0003356908531127
15.6;1.044817066139727;0.7495408093773153;0.7182619790918287;-7.280286926729331e-07;-5.236868597370894e-05;10.003806635850001;0.7276407192764814;-0.017927941110152057;1.0442349014156926;1.044930058532971;1.0003985936059994;0.7273425623013018;1.0003457306958605
16.6;1.0448281859359168;0.7495314617863387;0.7182684446744154;-6.323067958196575e-07;-5.404768384193982e-05;10.003917713958659;0.7276432182289552;-0.01792793816116476;1.0442109069928223;1.0449373246070297;1.0004151140697652;0.7273361128659519;1.0003560876434041
17.6;1.0448392884061586;0.749522177838145;0.7182748605727347;-5.242930086576604e-07;-5.575513902975861e-05;10.004031665992557;0.7276456077128118;-0.017927935128293892;1.0441865747956574;1.044944572713688;1.0004318408467265;0.7273295964327224;1.0003667650394399
18.6;1.0448503601750545;0.7495129757390878;0.7182812179598203;-4.03491024698772e-07;-5.7490532912207534e-05;10.004148492678617;0.7276478774269166;-0.0179279320094791;1.0441619131624749;1.0449517997133952;1.0004487690755537;0.7273230206002188;1.000377766077534
19.6;1.0448613872244854;0.7495038746893035;0.7182875074106886;-2.6939193782277836e-07;-5.92532696775813e-05;10.0042681908666;0.727650016481604;-0.01792792880265993;1.0441369312998945;1.0449590022593291;1.0004658934940533;0.727316393357528;1.000389093806963
20.6;1.0448723548784051;0.7494948949095182;0.718293718913768;-1.214709123635032e-07;-6.10426751912002e-05;10.004390753580466;0.7276520133118145;-0.01792792550579184;1.0441116393939864;1.044966176856502;1.0004832083667388;0.7273097230891002;1.0004007510774326
21.6;1.0448832477220125;0.7494860577183541;0.7182998419597744;4.081842408746591e-08;-6.285800180046363e-05;10.004516169652746;0.7276538556650082;-0.01792792211683915;1.0440860487540797;1.0449733199554538;1.0005007073468064;0.7273030186985753;1.0004127404386842
22.6;1.0448940494524521;0.7494773856179157;0.7183058655497825;2.1804760236495236e-07;-6.469842959899403e-05;10.004644422551321;0.7276555306112157;-0.017927918633761166;1.0440601719140363;1.04498042800143;1.000518383346518;0.7272962897444812;1.0004250640432624
23.6;1.0449047427412244;0.749468902371802;0.7183117781284176;4.10812033626328e-07;-6.65630589219763e-05;10.004775489017899;0.7276570245453134;-0.017927915054512515;1.0440340226678226;1.0449874974118964;1.000536228488366;0.7272895465033129;1.0004377235867852
24.6;1.0449153091546912;0.7494606330415978;0.7183175675410504;6.197306844434496e-07;-6.845090004706925e-05;10.004909338861204;0.7276583231988905;-0.01792791137706026;1.0440076161135319;1.0449945245453796;1.0005542340640494;0.7272827999449264;1.0004507202821071
25.6;1.0449257291432672;0.7494526040262737;0.7183232210131589;8.454508024600379e-07;-7.036086631545257e-05;10.005045935988102;0.7276594116462821;-0.01792790759940082;1.043980968793855;1.0450015057082302;1.0005723904529558;0.7272760616651471;1.0004640548803767
26.6;1.0449359820456334;0.749444843190272;0.7183287251077621;1.0886518817103118e-06;-7.229177297979087e-05;10.005185239009467;0.7276602742622866;-0.01792790371955672;1.0439540988906386;1.0450084370733475;1.0005906871215613;0.7272693438928388;1.0004777277245602
27.6;1.044946046018729;0.7494373799982552;0.7183340656339147;1.3500446462907643e-06;-7.424233863684949e-05;10.00532720085004;0.7276608946238853;-0.01792789973557851;1.0439270263742644;1.045015314496198;1.0006091127412011;0.7272626595810455;1.0004917387710701
28.6;1.044955897923569;0.7494302455603484;0.7183392275323476;1.6303662293213945e-06;-7.621118257638352e-05;10.005471768295418;0.7276612554502396;-0.017927895645571994;1.0438997730890458;1.0450221334175667;1.0006276552405395;0.727256022479287;1.0005060875458482
29.6;1.0449655132764293;0.7494234726701872;0.7183441948207291;1.930377565599674e-06;-7.819681596415382e-05;10.00561888189577;0.7276613386328415;-0.017927891447713944;1.0438723627672255;1.045028888835606;1.0006463016559324;0.7272494472028856;1.0005207730756258
29.999994;1.0449748662193281;0.7494170959227731;0.7183489506046601;2.2508672313908707e-06;-8.019762840724375e-05;10.005768475854582;0.7276611252345426;-0.017927887140250263;1.0438448210260427;1.0450355752383016;1.0006650378900086;0.7272429493285805;1.000535793845031
29.999994;0.07427399297252768;0.014240056554711474;0.20138077250493774;-0.05256472063434981;-0.7129981080314596;10.005920477458321;0.7276605954307778;-0.017927882721495033;1.04381717546805;0.058793193739931644;1.000683848515338;0.7272365454373027;1.0005511477513618
29.999994;0.0742813378996222;0.014233877399093202;0.20137928982870076;-0.05256351708404525;-0.7130022793325796;10.006074806349032;0.727659728514206;-0.017927878189823502;1.0437894558512988;0.058799723476787406;1.0007027166627893;0.7272302531204194;1.0005668320029797
29.999994;0.07429113311210359;0.014229622482142917;0.20138906202227813;-0.05256396977715823;-0.7130021690441755;10.006231374520045;0.7276585029400794;-0.01792787354366952;1.0437616942366588;0.05880616461315992;1.0007216240277597;0.7272240910284257;1.0005828430150039
29.999994;0.07429914789081282;0.014225732117058427;0.20139979244630885;-0.05256326494737203;-0.71300022421177;10.006390086762247;0.7276568963125976;-0.01792886878153429;1.0437339251079618;0.058813216825353225;1.0007405509309744;0.7272181035694081;1.000599176373981
29.999995;0.07430674849302313;0.014222942090801135;0.2014170185315831;-0.05256234450215837;-0.7129956965514801;10.006550840210863;0.7276548853191992;-0.017929863901991437;1.0437061854342402;0.05881945759675272;1.0007594763176046;0.7272122870235579;1.000615826798212
29.999996;0.07431389985692477;0.014221889552835557;0.20144872888457738;-0.05256076615626177;-0.7129825980091887;10.006713523020249;0.7276524456660689;-0.01793185890369482;1.0436785146546252;0.05882699949925819;1.0007783776924077;0.7272066881224452;1.000632788026732
29.999997;0.07432196473815773;0.014223949409202756;0.20150906794738913;-0.05255908939212617;-0.7129549952604485;10.006878013327269;0.7276495520434744;-0.017936853785399727;1.0436509547171022;0.05883512629888282;1.0007972310332687;0.7272013794806659;1.0006500527389683
30.000001;0.07433090427143682;0.014231343383964173;0.2016274390200108;-0.052556151798430525;-0.7128971378201192;10.007044173027504;0.7276471789413848;-0.017945848546281545;1.0436235500749513;0.058845242211695514;1.0008160112625772;0.727197407772789;1.0006676126344891
30.000008;0.07434147973305058;0.01424801061269717;0.2018542816294227;-0.05255055631084181;-0.7127823577863934;10.007211852775152;0.7276433035491536;-0.017964843186561906;1.0435963454230055;0.05885875430381773;1.000834695524327;0.7271929360431822;1.0006854580095492
30.000022;0.07435625128906528;0.014284119715072895;0.20231951872170945;-0.052539242759488555;-0.7125441149584744;10.007380934762029;0.7276399093139929;-0.018002837707753076;1.0435693800507682;0.05888202371983074;1.0008532678446582;0.7271901875022747;1.000703576006081
30.000049;0.07438039180527234;0.014356620536628447;0.2032376769326578;-0.05251776102936418;-0.7120719911238729;10.007551358054062;0.7276389854204705;-0.018080832112886174;1.0435426855985703;0.058921418051162515;1.0008717165670058;0.727191675191871;1.0007219508604404
30.000105;0.07442347253615204;0.014503606671287264;0.2050968696647846;-0.05247472962141226;-0.7111197435746313;10.007723084031062;0.7276495211496689;-0.018248826407209814;1.0435162909073348;0.058993926387040777;1.0008900248389507;0.727207646913315;1.0007405673158805
30.000216;0.0745066753191778;0.01480069354672292;0.2088572689904017;-0.05238949959896565;-0.7092059236091625;10.007896067994478;0.7277065031677938;-0.01862682059837422;1.0434902255332794;0.059137110354946454;1.0009081644589921;0.7272762043431888;1.0007594076592237
30.000402;0.07464400082806423;0.015308977507564542;0.21529085341831955;-0.05224569391688296;-0.7059820641807352;10.008070262789852;0.7279029198733855;-0.019385814695975206;1.0434645179190059;0.059375251222250354;1.0009260925884345;0.7274951693876914;1.000778440925628
30.000402;0.07464570270157674;0.015313865927150387;0.21529002402329325;-0.05224493509324314;-0.7059839434161067;10.00824560593975;0.7278957646398753;-0.019385808711224427;1.0434391906485492;0.05938016507526061;1.0009437493378972;0.7274916015298039;1.000797619320523
30.000402;0.07464679429764824;0.015320085255775596;0.21529252786162856;-0.0522440181601556;-0.705984175981491;10.008421995023575;0.7278880340011461;-0.019385802656054153;1.0434142547431458;0.05938503061410329;1.0009610630738972;0.7274882516648835;1.0008168891460119
30.000402;0.07464731663457204;0.015327343783802688;0.21529456457312376;-0.05224306111178378;-0.7059843505004124;10.008599315357033;0.7278797254003632;-0.019386796540573608;1.0433897117373174;0.05938990854352671;1.000977963367781;0.7274851439203048;1.0008362057729334
30.000402;0.07464870908092125;0.015336363671381845;0.21530206428619836;-0.052242786491842;-0.7059808814791607;10.008777493708767;0.7278718343470686;-0.019387790370956975;1.043365565841836;0.059394853516975175;1.000994397299599;0.7274832471545141;1.0008555387686195
30.000403;0.07464820320384431;0.015346446419726156;0.2153139737362858;-0.05224133441293805;-0.7059753428565713;10.008956497522163;0.7278623504634308;-0.019389784150442617;1.0433418324608565;0.05940061627963354;1.00101034488964;0.7274805866426183;1.0008748639538636
30.000404;0.07464721925224788;0.015358658562245194;0.21534081817161008;-0.052239265300813936;-0.705961957754527;10.009136328555082;0.7278532579878622;-0.019393777882087175;1.0433185344082856;0.05940721960099933;1.0010258205012135;0.7274791890794735;1.0008941500608495
30.000405;0.07464716996115256;0.015374451242784188;0.21539832076051843;-0.052237037367212094;-0.7059335560334746;10.009317065400525;0.7278455413386649;-0.019400771571799137;1.0432956927384185;0.05941399215941693;1.0010408551652374;0.7274800834322748;1.000913351438086
30.000409;0.07464806590770655;0.015396094612552156;0.2155174962284285;-0.05223339659418173;-0.7058731773218545;10.0094988668099;0.7278391903697092;-0.019416765231022766;1.0432733232432234;0.059424490176725686;1.0010554769628657;0.7274834347375216;1.0009324109560058
30.000416;0.0746507204789605;0.015427774112775426;0.2157530737783899;-0.0522269861367535;-0.7057548434286869;10.009681863766565;0.727837200743493;-0.01944875887645137;1.0432514398309385;0.059439454775963046;1.0010697054781956;0.7274924364338292;1.0009512685128126
30.00043;0.07465834575064835;0.015480778164264325;0.21624876133109272;-0.05221494960118776;-0.7055095240459743;10.009866025571018;0.7278455700461526;-0.019512752526794058;1.043230058839256;0.05946316647331315;1.0010835576803072;0.727513521820769;1.0009698737888237
30.000458;0.07467636529322401;0.01557238812837775;0.21722250507658997;-0.05219276764136279;-0.7050248503640334;10.010051145729392;0.7278752961771615;-0.0196447462003432;1.043209202126503;0.059504863335562645;1.0010970566813109;0.7275586633511183;1.000988196585381
30.000514;0.07471419777623942;0.0157437731916377;0.21920204120059203;-0.05214823101228471;-0.7040472059409366;10.010236932497492;0.7279573786925504;-0.019917739914344;1.0431889001103574;0.05958233078212414;1.0011102380541368;0.7276608695678043;1.00100622170463
30.000514;0.07471027531975848;0.015760514513342844;0.2192063693551943;-0.05214661187490331;-0.7040426596416066;10.010423046579694;0.7279428199267087;-0.01991873368398435;1.043169193498582;0.05958915356260972;1.0011231458495262;0.7276599255275699;1.001023933377171
30.000514;0.07470599824590889;0.015777068246750636;0.2191994714378828;-0.052145380398212926;-0.7040436159037969;10.010609074198756;0.7279276257686332;-0.01991872752107771;1.0431501295366032;0.059596293833600676;1.0011358211253985;0.7276591399259744;1.0010413080263068
30.000514;0.07470136054003076;0.01579443279373836;0.21919596695015503;-0.05214400648773385;-0.7040428921153289;10.010794547732827;0.7279118052292342;-0.019919721434596496;1.043131757448094;0.05960446304089792;1.0011482980983646;0.7276585457091507;1.001058322422695
30.000514;0.07469635290806179;0.01581224077492716;0.21919206030029126;-0.05214261047370379;-0.7040420836137449;10.010979027515681;0.7278963695787022;-0.01991971543333558;1.0431141302803788;0.05961223020432714;1.0011606075748332;0.7276590578097776;1.0010749656887012
30.000514;0.07469096500027744;0.015830644859973812;0.21919095328414126;-0.052141016844968746;-0.7040387956357388;10.011162182940053;0.727879330281615;-0.019921709528952048;1.0430973065479208;0.059620997413582254;1.0011727767018983;0.7276587167366897;1.0010912419349993
30.000515;0.07468658064065192;0.015850395724428396;0.21919975560148314;-0.05214006560133557;-0.7040310410007316;10.011343786138777;0.7278626966176093;-0.019923703737505703;1.0430813460953696;0.05963005962116819;1.001184824278096;0.7276594177482802;1.0011071660943704
30.000516;0.0746803793861959;0.01587097531416388;0.21922083266431241;-0.05213762578698802;-0.7040166233194779;10.01152359715168;0.7278454777372432;-0.01992769807890246;1.0430663025002334;0.05963940163884049;1.0011967573165832;0.7276601711492912;1.0011227598366919
30.000517;0.07467513590660105;0.015894450710021546;0.21927482893016437;-0.05213502121192487;-0.7039867761160172;10.011701276118394;0.7278296835501173;-0.01993669257445608;1.0430522132344993;0.05965043195386477;1.0012085722103659;0.7276630221662997;1.001138047520685
30.000521;0.07467081734614898;0.015922930499464163;0.2193911756563696;-0.052131087081990726;-0.7039257412446499;10.011876412114706;0.727817319846716;-0.019954687243465986;1.043039091905477;0.0596638582687984;1.0012202607679144;0.7276700454035279;1.0011530529719075
30.000528;0.07466818315857897;0.01596060569213349;0.21962503903216515;-0.05212425904722533;-0.7038047720474918;10.012048595286275;0.7278103859359336;-0.01999068210107737;1.043026930840303;0.059682483438213474;1.0012318182083584;0.7276834489668116;1.0011677970573207
30.000542;0.0746703892783288;0.01601927164447507;0.22012702018457436;-0.05211173534744427;-0.7035557097398893;10.01221745002885;0.7278158784453216;-0.0200646771578757;1.0430157164742742;0.05970982363002379;1.0012432477347948;0.7277107441106521;1.0011822945084499
30.00057;0.07468340793818595;0.016117243379952146;0.22112693348081294;-0.052088905498804954;-0.7030595224839611;10.012382624708565;0.7278497987017375;-0.020220672419107157;1.0430054452096023;0.059756464378775;1.0012545560151422;0.7277691250645473;1.0011965539429597
30.000626;0.07471682114021337;0.016297504650982425;0.22317522826587427;-0.05204295782139948;-0.702053110833003;10.012543779086407;0.7279451597164722;-0.020565667883819312;1.0429961263689298;0.0598401081923198;1.001265738922138;0.7278946242944434;1.0012105837674323
30.000738;0.07479603067385471;0.016649856874447592;0.22740067891914786;-0.05195111742816949;-0.699992121544179;10.012700605493377;0.7281919852659293;-0.02138166354609406;1.042987776477015;0.0600012381195153;1.0012767713562818;0.7281856753013334;1.0012243959816842
30.00085;0.07487666764198289;0.017015413617308902;0.23179160923609174;-0.051855150466909215;-0.6978615850289915;10.01285287495322;0.7284813036648189;-0.022363659397595322;1.042980412665643;0.06016810793840518;1.00128761036443;0.7285254526637582;1.0012380019201947
30.001074;0.0750591721105625;0.01776882100961463;0.24105369161411294;-0.05165596841357374;-0.693396754373935;10.013000450062894;0.7292181480369868;-0.024813655429620114;1.0429740482992054;0.06050804276709226;1.0012982006068243;0.7293625003865851;1.0012514081412764
30.001276;0.07523261014775394;0.01849338412313715;0.24991611584058943;-0.0514643047286374;-0.6891344868662328;10.013143283676554;0.7300325612035219;-0.02755965163496903;1.0429686941468135;0.06083399499499251;1.0013084776096157;0.7302964033993611;1.0012646197490072
30.001477;0.07541562353208589;0.01925757836265023;0.259234623163714;-0.051261199693310104;-0.6846488595044247;10.013281418869797;0.7309925933370893;-0.03080164800974354;1.042964360101605;0.06117655703541315;1.0013183737010738;0.7314067030530114;1.0012776450463452
30.001679;0.0756072425227724;0.020061766187675585;0.26901044277691605;-0.051044857970878245;-0.6799285407075852;10.013414905250514;0.7321012958600752;-0.03452364455434536;1.0429610491837038;0.0615356932689094;1.001327823646239;0.7327019814045349;1.0012904953675716
30.001881;0.07580769155840665;0.02090422228551546;0.27921283551631326;-0.050815211124028224;-0.6749744187425597;10.013543726417831;0.7333587223642899;-0.03870964127269273;1.0429587451637714;0.0619106750729964;1.0013367689495842;0.7341883682753202;1.0013031845899838
30.002082;0.07601698959417107;0.021784086178145992;0.2898233692569399;-0.050572005651495916;-0.669786922909744;10.013667836376182;0.7347669299628412;-0.043346638168924374;1.042957407038692;0.06230223854390412;1.0013451628601437;0.7358745884913935;1.0013157281197356
30.002284;0.07623514851687739;0.02270072840828707;0.30082681239799225;-0.05031479430057807;-0.6643640988326145;10.013787155304101;0.7363259732589059;-0.04841863524410654;1.0429569831743155;0.06270891109089834;1.0013529699169794;0.7377675576479936;1.001328136143314
30.002486;0.076460779997535;0.023652738228756014;0.3122034216279219;-0.05004222517496645;-0.658704425058101;10.01390149411647;0.7380388983116704;-0.053910632495947484;1.0429574324509499;0.0631321744049059;1.0013601585507812;0.7398774650586808;1.0013404083248254
30.002687;0.0766955010296241;0.024638094209539968;0.3239134869768103;-0.04975371699429516;-0.6527906090005625;10.014010557171174;0.739877742845642;-0.059808629919775196;1.0429587287911466;0.06356985554983816;1.0013666971918511;0.7421838032220942;1.0013525355714565
30.002825;0.07685411518712348;0.025330658055089807;0.3320600004145427;-0.049543479064479756;-0.6485794569130461;10.01411402709164;0.741159540935969;-0.06406062750835965;1.0429608502796732;0.06388000992589415;1.0013725603205077;0.7438356246964626;1.0013645060670737
30.002962;0.07701767404393117;0.02603538069374862;0.34031342657552466;-0.04932314102257611;-0.6442116466320608;10.014211603434013;0.7424463259791892;-0.06849162525185334;1.0429637683191642;0.06419682430431788;1.0013777372308703;0.745531269201943;1.0013763138064775
30.0031;0.07718342481698233;0.026750434405956362;0.34866017075380284;-0.04909086145919352;-0.6396885596975589;10.014302995070915;0.7437371294837235;-0.07309562313917921;1.0429674462713587;0.06452025880544285;1.0013822304278284;0.747272089275483;1.0013879629596496
30.003238;0.07735283069427241;0.027476083774699612;0.35709562975338927;-0.04884708604486545;-0.6350060080018658;10.014387949687992;0.7450269808988077;-0.07787062116024011;1.0429718432424062;0.06485168650082683;1.001386044827273;0.7490558412603507;1.0013994662056875
30.003375;0.07752596184991443;0.02821196479241699;0.3656131853219069;-0.04859201550380306;-0.6301684693283147;10.014466274210914;0.7463179096009519;-0.08281061930763345;1.042976912450876;0.06518966609771114;1.0013891826255332;0.7508868531426908;1.0014108416437801
30.003443;0.07760427474523485;0.02858340184461532;0.36984202495069973;-0.04846062932055546;-0.6277210965848774;10.01453780228931;0.7469429469916685;-0.08530661757698463;1.0429826008784688;0.06535874899165459;1.0013916458004248;0.751805379142037;1.001422103865851
30.003443;0.07758924283761691;0.028592109769914054;0.36982886093379574;-0.048459569110754365;-0.6277207715479255;10.01460241162416;0.7469181293079454;-0.08530661596612746;1.0429888597336092;0.06535817367753363;1.0013934342968656;0.7517987898611062;1.001433251395206
30.003443;0.07757435505126156;0.028600693619805592;0.3698222404238981;-0.04845824904415423;-0.6277170008316201;10.014660096628878;0.7468944981597259;-0.08531061447399009;1.042995656925332;0.06535677159499424;1.0013945407496274;0.75179353486631;1.00144426163984
30.003443;0.07755966721215926;0.028608724416003588;0.36981681767980945;-0.04845688904249917;-0.6277126048518678;10.014710947234594;0.746871093702114;-0.08531461310025225;1.043002978293195;0.06535531027783166;1.0013949542697158;0.7517882152188415;1.0014550918996399
30.003443;0.07754602185737075;0.028616457803415717;0.369812336453594;-0.04845604419451824;-0.6277082543706429;10.014755044004657;0.7468489454014766;-0.08532261184470999;1.04301081953815;0.06535232741979864;1.001394672453075;0.7517843153020505;1.0014656847552064
30.003444;0.07753246112146057;0.028625324793886957;0.36983228623446174;-0.04845393416462689;-0.6276889399597954;10.014792372294055;0.7468290713851232;-0.08533761070530156;1.043019181820663;0.06534932931014883;1.0013937108027624;0.7517831978288156;1.0014759815654373
30.003445;0.07752000350006256;0.028635431518147625;0.3698734197095256;-0.04845146021265919;-0.6276582065334384;10.014822751780871;0.7468124854885059;-0.08536760967786507;1.043028069185489;0.06534699527871271;1.0013921042327871;0.75178679190784;1.0014859336336273
30.003446;0.07750866394159303;0.02864887889600482;0.36996290486476935;-0.04844742933675805;-0.6276005627785933;10.014845859083207;0.7468052043753136;-0.08542860875855085;1.0430374813626897;0.06534608317403758;1.0013898972003026;0.7518029067117971;1.0014954984389208
30.00345;0.07749964818767323;0.028670751629510705;0.3701605943238635;-0.048439757533750794;-0.6274792066600755;10.014861391212248;0.7468132514198725;-0.08555060794549105;1.0430474121964937;0.0653488499774178;1.001387127434923;0.7518409525396584;1.0015046321386427
30.003456;0.07749593447059609;0.02870963282118722;0.37056286850267073;-0.04842614236025471;-0.6272400072652752;10.014869164075424;0.7468536561985639;-0.08579360723909986;1.043057853346442;0.06535822520377858;1.0013838224170215;0.751924716288324;1.001513295778114
30.003469;0.07750169125463771;0.028783136699915984;0.3713768262406516;-0.048399692503400774;-0.626759839439359;10.014869034964578;0.7469574529204033;-0.08628260664231874;1.043068787475344;0.06538426694553923;1.0013800136757918;0.7520994498854585;1.001521465434534
30.003495;0.07752547607623883;0.02892613398587159;0.3730107078284363;-0.04834739935379538;-0.6258013304160698;10.014860815909362;0.747186681523992;-0.08726360616024197;1.0430801784138954;0.06544231232967959;1.0013757490195518;0.7524556725302542;1.0015291278375227
30.003548;0.07758705228976015;0.029210903500358546;0.37629898264334644;-0.048242901293258096;-0.6238658209268175;10.014844286288403;0.7476663881495982;-0.08924360579918356;1.0430919806604664;0.0655663853154683;1.001371087754593;0.7531791738571632;1.001536267245598
30.003653;0.07772319345806362;0.02978294869025842;0.38292587697616504;-0.04802837215447961;-0.619919283310805;10.014819248074293;0.7486496219934197;-0.0932716055661893;1.0431041641553733;0.06582609830207728;1.0013660852706527;0.7546571900312;1.0015428601525245
30.003753;0.07785464940697094;0.03033281062010671;0.38927324137113206;-0.047817977247263076;-0.616078404317773;10.014785612886108;0.7495854324012216;-0.09719160546875671;1.043116728322827;0.06607583262099759;1.0013607859758396;0.7560938250332169;1.0015488820431622
30.003831;0.0779565789820901;0.030767272627847016;0.39427225025376467;-0.04764641650658532;-0.6129825829446194;10.014743505392435;0.7502938696158031;-0.10033360551425209;1.043129692573524;0.06627345764308695;1.0013552305695548;0.7572200849801531;1.0015543158373694
30.00391;0.07805873779212641;0.03120121403449363;0.39925514020372993;-0.04746772713537257;-0.6098022108083873;10.014693267374549;0.7509519867358506;-0.10352460570849123;1.0431430809911282;0.06647259529573919;1.0013494589529048;0.7583147611236645;1.001559149724113
30.003989;0.07816246348045326;0.031634863385346775;0.40421717011566694;-0.04728226396731958;-0.6065313418032362;10.01463535536244;0.7515528400117989;-0.10676260605384577;1.0431569256806323;0.06667468109050001;1.0013435026732787;0.7593712511197676;1.0015633682245229
30.004068;0.07826647997192457;0.0320666963524131;0.40914457619566796;-0.04708962505901448;-0.603174736438724;10.014570236448092;0.7520894881188417;-0.11004860654878497;1.0431712803110678;0.06687890422930762;1.0013373823695637;0.7603833818127741;1.0015669501513937
30.004225;0.07848910274862345;0.03292809070614552;0.4189111678297089;-0.046682159974715386;-0.5961806960587285;10.014498332099135;0.7529829917344459;-0.11675760718948874;1.0431862157954357;0.06730723997071407;1.0013311086543641;0.7622772892404471;1.0015698738771375
30.004382;0.07871466243840017;0.03378399597825091;0.42853692934783033;-0.046244311348603406;-0.5888178042980452;10.014420022638474;0.7536004124001847;-0.12364760797277151;1.0432018013126758;0.06774725448454084;1.0013246771755027;0.7639825042465545;1.0015721217355453
30.00454;0.07894249235534258;0.034632243153247574;0.4379973723721171;-0.04577552172951927;-0.5810876206551506;10.0143356936162;0.7539318097529176;-0.130711608898255;1.0432180968469924;0.06819682949667626;1.0013180695275223;0.7654934337322499;1.0015736841908087
30.004697;0.07917254127008769;0.03547154921949666;0.4472763589903111;-0.04527493476511125;-0.5729833767446034;10.014245778294457;0.7539602392986345;-0.137944609967448;1.0432351552336372;0.06865648598365813;1.0013112668337485;0.766798011868065;1.0015745620063041
30.004854;0.07940416898842928;0.03629989158934029;0.45635210076535127;-0.04474180607941772;-0.5645041363299019;10.014150742810248;0.7536707521822908;-0.1453426111806681;1.043253019102373;0.06912618821468947;1.0013042564030739;0.7678865172975455;1.001574758585975
30.004877;0.07942681787040873;0.03641862777097285;0.4576646856538186;-0.04466058593815217;-0.5632239315264994;10.014051001515439;0.7535903960074469;-0.14644161253460872;1.0432717231907338;0.06918403864292912;1.0012970224660032;0.7680239878729509;1.0015742716105374
30.004877;0.07941235438124294;0.036415784992152735;0.4576591664339864;-0.04466041856917306;-0.563223260308188;10.013946867402858;0.7535802182169006;-0.14644161402212594;1.0432913025245902;0.06916929168390763;1.0012895399271822;0.7680208032838829;1.0015730970235126
30.004878;0.07939731528302575;0.03641329945399857;0.45765932965439776;-0.04465985101149173;-0.5632169444869067;10.013838605848196;0.753571272361287;-0.14644661563348138;1.0433117873060462;0.06915425850787733;1.0012817794406952;0.7680187623036102;1.001571235617088
30.004878;0.07938166839517907;0.03641077635022686;0.4576593541286562;-0.044659327638549746;-0.5632105958572377;10.01372649728694;0.7535626195638693;-0.14645061735728887;1.0433331908148495;0.06913971312137158;1.0012737149242366;0.7680157519942534;1.0015686894185283
30.004878;0.07936539449026181;0.036408805434474445;0.4576657886733915;-0.04465835313709839;-0.5631980000764149;10.013610840045967;0.7535563201595555;-0.14646061918091116;1.0433555071321476;0.06912482332877495;1.0012653306622163;0.7680150766477839;1.0015654548793878
30.004878;0.0793492820058784;0.0364079227440375;0.45767991293752647;-0.0446573172567754;-0.5631784129787784;10.013491949368964;0.7535494242276647;-0.14647962109098067;1.043378714253315;0.06910981881311996;1.0012566259719522;0.7680143645518123;1.0015615270770348
30.004879;0.0793331389363506;0.03640961665851897;0.45772077329881333;-0.04465432183209102;-0.5631293408405168;10.013370187124849;0.7535439713728529;-0.14651862307414046;1.043402774079863;0.06909668962517328;1.0012476115963493;0.7680176755874771;1.001556911534129
30.004881;0.07931719206394595;0.03641544853971583;0.45780616619218056;-0.04464855723779178;-0.5630391980259863;10.013245958338786;0.7535369971099481;-0.14659462511726318;1.0434276336742303;0.06908564818384944;1.0012382974506726;0.768025307749913;1.0015516270159925
30.004884;0.07930369642465959;0.03642990572869525;0.45797930475065934;-0.04463759337862323;-0.5628618235284208;10.013119658879372;0.7535265355923504;-0.14674862720708504;1.0434532329053565;0.06907931811013877;1.001228681277185;0.7680431295599734;1.00154569776065
30.00489;0.07929472648358095;0.0364621044955318;0.4583428501419641;-0.044614883597793455;-0.5625006813038195;10.012991672640004;0.7535076151118185;-0.14705562933108;1.043479509136541;0.06908288494876003;1.001218748225163;0.7680806159079301;1.0015391474646
30.004903;0.07929575155064941;0.03652771146303757;0.45906216440071085;-0.04457007080240251;-0.5617874473686197;10.012862426234337;0.7534702532000734;-0.14766963148002374;1.0435063951881787;0.06910632190033769;1.0012084759437283;0.7681576930236914;1.0015320009433675
30.004929;0.07931544572592188;0.03666115404005266;0.4605193703750033;-0.0444786090110232;-0.5603533551231898;10.012732391979757;0.753395455886976;-0.14889663364873346;1.0435338227233553;0.06916958232240421;1.0011978383995688;0.7683156331092253;1.001524288570776
30.004981;0.07937608148049079;0.03692905211551816;0.46341969793578586;-0.0442963006047008;-0.5574896924088061;10.012602006370168;0.7532422184466164;-0.15134563583375182;1.0435617335546556;0.06931287651311996;1.001186814589324;0.768636688462324;1.0015160463509756
30.005084;0.0795161415663232;0.03746272717664225;0.4691749658490198;-0.04392926424899692;-0.551762040092905;10.01247158612977;0.7529325273530231;-0.1562246380323457;1.043590087102512;0.06961612137181344;1.0011754006018063;0.7693001177198555;1.0015073124501317
30.00529;0.07981452992332373;0.03852208140980969;0.4805254583031065;-0.043185211588766925;-0.540269155750434;10.012341331185096;0.7523133612927522;-0.16590764024381918;1.0436188564456435;0.07023775812126219;1.0011636129750012;0.7707088843669782;1.0014981259041287
30.005496;0.08010920725612199;0.03956762657531095;0.49163146481443976;-0.042429133381201814;-0.5287416735577676;10.01221141030719;0.7517016879125362;-0.1754916424697809;1.0436480208708736;0.07085508200547129;1.0011514790544942;0.7722204492499887;1.0014885275330712
30.005703;0.08040108424526644;0.0405994615578797;0.5024938768159339;-0.04166209332571943;-0.5171863548083232;10.012082033575172;0.7510984622157564;-0.18497764471352368;1.0436775637771285;0.07146808072333143;1.001139020629011;0.7738317486370676;1.0014785581687586
30.005909;0.08069027649683957;0.04161736921776911;0.5131145119963896;-0.040884625482214984;-0.5056087579914635;10.011953424756744;0.7505026294485592;-0.1943666469789597;1.0437074713950565;0.07207893333936863;1.0011262404940902;0.7755378569044858;1.001468253238378
30.006115;0.08097689824904333;0.04262113732569095;0.5234953593650992;-0.04009715137919227;-0.49401297488552853;10.011825754861222;0.7499141287120594;-0.20365864926624155;1.0437377309480964;0.07268615550815666;1.0011131177974995;0.7773346392040502;1.0014576365868793
30.006321;0.08125945294192156;0.04361043465635636;0.5336474252033732;-0.03929876296965819;-0.4823962354502106;10.011699136892322;0.749332897775541;-0.2128546515661062;1.0437683317310895;0.07328848598231064;1.0010996132517844;0.7792182610024683;1.0014467203154502
30.006528;0.0815402380930581;0.04458593106827296;0.5435692047451168;-0.038491085362997605;-0.47076397165750516;10.011573606765435;0.748759878947734;-0.22195765386057525;1.043799267348766;0.0738873737782559;1.0010856817476255;0.7811864933163918;1.0014355136600666
30.006734;0.0818187409001846;0.04554682061454589;0.5532589465261698;-0.03767479770064956;-0.45912688968114174;10.011449028102545;0.7481930211318965;-0.2309666561292101;1.0438305390114528;0.07448284879261238;1.0010712839053921;0.7832332204153568;1.0014240297709789
30.00694;0.082094813884797;0.04649348769135874;0.5627269431103744;-0.03684939154623159;-0.44747872899393654;10.011325037096022;0.7476342738673758;-0.2398826583525781;1.043862155579183;0.07507417895929024;1.0010563888652824;0.7853567762798643;1.0014122869011277
30.007146;0.08236709454577752;0.04742491301186131;0.5719746837630559;-0.0360147842965741;-0.4358246297140345;10.01120109316967;0.7470815793638735;-0.24870766051228604;1.043894127741829;0.07566074444525975;1.0010409714167294;0.7875520853072686;1.001400310770673
30.007353;0.08263721731660659;0.04834131057810199;0.5809979779252664;-0.035172861853520664;-0.4241772085054979;10.011076552050524;0.7465358721748978;-0.2574426625921045;1.0439264666469568;0.07624410091805975;1.0010250094265345;0.7898167539871302;1.0013881347705986
30.007559;0.08290499308280497;0.049243117753126044;0.589807548685065;-0.03432321773851065;-0.41253133863456937;10.01095074466393;0.7459980844754086;-0.2660876645806936;1.0439591856521107;0.07682266681512764;1.0010084843693383;0.7921481439203417;1.001375797596791
30.007765;0.08316986345309922;0.05012949146054102;0.5984014607208132;-0.03346644269476801;-0.40089558502509154;10.010823069739955;0.745465152931825;-0.27464366647338145;1.0439922923664797;0.07739746591431816;1.0009913846405591;0.7945402541180954;1.0013633434732325
30.007971;0.08343246197709851;0.051001070011033246;0.6067871372281065;-0.03260268180270427;-0.389267281779755;10.010692978795168;0.744940026196095;-0.28311166827014184;1.0440257784473623;0.07796769896769498;1.0009737060924213;0.7969928297910258;1.0013508196290388
30.008178;0.08369283020233169;0.05185755352492468;0.6149648589760464;-0.03173237992675679;-0.3776503424945139;10.010559864390364;0.7444206665403448;-0.2914936699722402;1.0440596248539376;0.07853421658126601;1.0009554489886296;0.7995013743546283;1.0013382644428865
30.008384;0.08395100441647509;0.052698998168982485;0.6229390749958649;-0.030856039534607946;-0.36604931824296116;10.010423047203352;0.7439080441657308;-0.29978867158298206;1.0440938158093418;0.07909647562489425;1.0009366187755129;0.802063215254743;1.0013256939979611
30.00859;0.08420562175920632;0.053524245602984744;0.6307101125641922;-0.02997358809474489;-0.3544677689734554;10.010281884911649;0.7434011330232095;-0.3079986731094344;1.0441283394234153;0.07965448004958642;1.0009172345584454;0.804674990580037;1.0013131019492156
30.008796;0.08445891993248729;0.0543346460384864;0.6382810067275257;-0.029086573433714156;-0.3429129958306602;10.010135839830506;0.7429009108942001;-0.3161256745609618;1.0441631740118618;0.08020777239771429;1.0008973375087282;0.8073353316630366;1.001300471980704
30.009003;0.08470906812333036;0.055129739130402644;0.6456632136914675;-0.02819298872717683;-0.33136750962583333;10.009984478449494;0.7424063587458202;-0.3241676759482222;1.0441982770997682;0.08075773470140528;1.0008769900626677;0.8100395572284409;1.0012877862805907
30.009209;0.0849573391091912;0.05590939533862149;0.6528483977681498;-0.027295894710391386;-0.3198606608499193;10.009827483452234;0.7419184572348236;-0.33212867728326906;1.0442335839426877;0.0813031196347474;1.0008562669816627;0.8127872675627683;1.0012750272729198
30.009415;0.08520269506420353;0.056673406458177734;0.6598444162976785;-0.02639413564585795;-0.30838127847018076;10.009664664830112;0.7414361810522228;-0.3400066785781298;1.0442690145293316;0.08184529459283052;1.0008352421869113;0.8155739208415687;1.0012621840391474
30.009563;0.08537464963904474;0.0572091964851448;0.6647276581061569;-0.02574774425995514;-0.300196304740272;10.009496008630741;0.7411034959094754;-0.34558767984276006;1.0443044861949193;0.08222603155956486;1.000813977929302;0.817589648201482;1.0012492572419527
30.009563;0.0853685155750326;0.05720516961905438;0.6647122729089194;-0.02574959468476183;-0.3001942792390625;10.009321761058171;0.7411333632042514;-0.3455876810836224;1.0443399205995723;0.08221507206848104;1.000792522222891;0.8175934672766468;1.0012362487321413
30.009563;0.08536322734314786;0.0572009454714453;0.6647006565388319;-0.025750739638898904;-0.3001835459151947;10.00914236475887;0.7411627486425377;-0.34559268230340867;1.0443752445018635;0.08220493369863234;1.0007709092431385;0.8175987411182274;1.0012231472128321
30.009563;0.08535876507333363;0.05719631034844291;0.6646898246494899;-0.025751993170709565;-0.3001736359596677;10.008958271514159;0.7411936269894825;-0.3455976835021285;1.044410397065229;0.08219637583578625;1.0007491583807764;0.8176051529309224;1.001209929615697
30.009563;0.085355919900121;0.05719204919849728;0.6646822117897285;-0.025753182025214198;-0.30015974985307636;10.008769860177472;0.7412239785357043;-0.3456086846792683;1.0444453442950423;0.08218854812140661;1.0007272765695598;0.8176134008118452;1.001196572068827
30.009564;0.085353047619731;0.05718793172357522;0.6646874833697445;-0.02575238156846314;-0.3001252374857083;10.008577504835;0.7412547815775826;-0.34562868583621087;1.0444800873579962;0.08218228789546715;1.0007052657826705;0.8176256388995768;1.001183051984184
30.009565;0.08535258823058513;0.05718568108276377;0.6647065761879118;-0.025750101349080276;-0.3000675485268276;10.00838166037154;0.7412840091289452;-0.34566968697698347;1.044514652993009;0.08217822956016382;1.0006831304648691;0.8176451108551519;1.0011693431680322
30.009567;0.0853543125974586;0.057187421982189374;0.6647658144430987;-0.025742443658701045;-0.2999422002400625;10.008182859796003;0.7413116287601563;-0.3457506881074796;1.0445490756827616;0.08217841650884644;1.0006608831282973;0.8176798376939277;1.0011554172335129
30.009571;0.08535927718753109;0.05719635895753272;0.6648941025716166;-0.025725571231016216;-0.2997009411678472;10.007981672602034;0.7413346020918928;-0.345913689235449;1.0445833908266007;0.0821842375127717;1.0006385504247113;0.81774485481641;1.0011412526401378
30.00958;0.08536970218286327;0.0572203937884153;0.6651658819934548;-0.02568919540800483;-0.2992164700922931;10.007778694644932;0.741345885408882;-0.3462396903721477;1.0446176369096942;0.08220272964144036;1.0006161729683942;0.8178681161790146;1.0011268425168645
30.009597;0.0853912959229152;0.05727524026457728;0.6657191802793216;-0.02561530547435691;-0.2982597417755289;10.007574502896166;0.7413374291296496;-0.3468916915340892;1.0446518564193445;0.08224432074326994;1.000593794141886;0.8181115844155961;1.001112194619875
30.009632;0.08543475891902222;0.057392415233977624;0.666836423501774;-0.02546483005400038;-0.2963404153565119;10.007369562278507;0.7412871725959251;-0.34819369274169587;1.0446860945432972;0.0823329004834882;1.0005714484924402;0.8185936603893921;1.0010973277904078
30.009701;0.08552057124813035;0.05763351826814448;0.6690715886879612;-0.025161496097205038;-0.29250585814919017;10.007164192332034;0.7411520388152799;-0.35078969401464444;1.0447203970089887;0.0825132439997052;1.000549160068944;0.8195533608969156;1.0010822691890413
30.009839;0.0856897354593942;0.05811859773317655;0.6734891976587353;-0.02455176211427829;-0.2848514522707401;10.006958578268307;0.740850938365204;-0.3559556953677161;1.0447548059738947;0.0828763343397736;1.0005269484020467;0.821479918233354;1.001067045601644
30.010116;0.08601965029850747;0.05907625918073241;0.6820947830357793;-0.023325453275529373;-0.2695955344430003;10.006752734777251;0.740221780332176;-0.3661806968099006;1.0447893532546644;0.08359680428112692;1.000504830890767;0.8253700089250099;1.0010516670981278
30.010393;0.08634420049194068;0.06000746563289364;0.6903825451382916;-0.022093892377315474;-0.2544113302442812;10.006546466225704;0.7396004769126429;-0.37626569834590207;1.0448240563161328;0.08430980471596466;1.0004828165186266;0.8293121930951476;1.001036118247829
30.01067;0.08666396494024553;0.06091308102778057;0.6983628322528521;-0.020857747062746592;-0.23930087657698487;10.006339367569963;0.7389889407886865;-0.38621169997793403;1.044858924262469;0.08501389758443059;1.0004608985884753;0.8333028750037612;1.0010203675834815
30.010946;0.08697894687859356;0.06179311512103169;0.7060403812615076;-0.01961772006943598;-0.2242685056379518;10.006130841933086;0.7383860864111609;-0.39602170170763534;1.0448939688282315;0.08570998686525412;1.0004390514934796;0.8373369316751187;1.0010043859905107
30.011223;0.08728859238242236;0.0626472364290427;0.7134204735406623;-0.018375149558209236;-0.20932712082399335;10.005920154590898;0.7377908354578381;-0.40569670353690424;1.0449292081210024;0.08639739080313023;1.0004172306531922;0.8414085805023546;1.0009881644129401
30.0115;0.08759324925680136;0.06347629066671248;0.720514460839739;-0.017129278013998335;-0.1944633688878275;10.005706515709765;0.7372041204506354;-0.41523770546626515;1.0449646630120968;0.08707617628534682;1.0003953790357851;0.8455140062194825;1.000971724609253
30.011777;0.08789319571946168;0.06428058318076658;0.7273278614804665;-0.015882121678574786;-0.1796958426608327;10.005489159170596;0.7366248874364003;-0.424648707493984;1.045000350499846;0.087746544397169;1.00037344303461;0.8496493341794432;1.0009551167195168
30.012053;0.0881884600448603;0.06506009668676739;0.7338643742114069;-0.014634449803625472;-0.16502950508192918;10.005267444934073;0.736054094807969;-0.43393070961836994;1.0450362760083411;0.08840835718475634;1.0003513879580233;0.8538111954837971;1.0009384092676468
30.01233;0.08847823878470344;0.06581464929665189;0.7401324554192326;-0.013386364195333504;-0.1504631961088189;10.005040952267672;0.7354907029685107;-0.44308371184082723;1.0450724332558696;0.08906242805329076;1.0003291999069583;0.8579941538064916;1.0009216787229347
30.012607;0.08876310510537673;0.06654526125730055;0.746142217145197;-0.012138220116627236;-0.1359960108291787;10.004809436858418;0.7349356649202491;-0.45211271416596244;1.0451088109130862;0.08970731827283035;1.0003068777325252;0.8621972646728522;1.0009049990041938
30.012884;0.08904388654459228;0.06725248458759452;0.7518957423656186;-0.010891305652137244;-0.12163752679405943;10.00457271546681;0.7343869273501644;-0.4610167165983237;1.0451453961408668;0.09034299954538794;1.0002844269080071;0.8664141284134675;1.000888434426647
30.01316;0.08931974710698279;0.06793635305882602;0.7574028873007865;-0.009645695821809939;-0.10738624855176726;10.0043306856346;0.7338454351217777;-0.4697977191385996;1.045182176281568;0.09097018708143238;1.0002618566150048;0.8706426231614254;1.0008720408056906
30.013437;0.08959066334946433;0.06859704623674402;0.7626681025973671;-0.008402063840237704;-0.0932460068586577;10.004083407774429;0.7333111355072082;-0.47845872178164545;1.0452191397565131;0.0915888615846433;1.0002391780895845;0.8748805005698114;1.000855870709857
30.013714;0.08985742880101967;0.06923570199257888;0.7676992098773702;-0.007161777567618143;-0.0792276036225233;10.003831074180429;0.7327839837267499;-0.4870007245178058;1.0452562699666983;0.09219906160724897;1.0002164067848733;0.8791246145166156;1.0008399752042496
30.013991;0.09011888519608965;0.06985180122965177;0.772501987642358;-0.005923713772782821;-0.06531618859281908;10.003573947252159;0.7322639436466956;-0.49542472733693155;1.045293534449877;0.09280071993669706;1.0001935671954623;0.8833719665452583;1.0008244007695641
30.014267;0.09037609579428078;0.07044650257007742;0.7770818492570847;-0.00469016165085181;-0.05153276600898258;10.0033123417975;0.7317499810353405;-0.5037337302312438;1.0453308819085878;0.09339245905971924;1.0001706930833203;0.8876200080619703;1.000809183597486
30.014544;0.09062873754148962;0.07102010459709347;0.7814464964757162;-0.0034605306704018116;-0.03786779066060648;10.003046567254337;0.7312420551692878;-0.5119287331938436;1.045368252492458;0.09397566477769112;1.0001478224698248;0.8918660618022082;1.000794345647587
30.014821;0.09087677514316236;0.07157291201789506;0.7856012808095877;-0.002235498579921044;-0.024325512154628838;10.002776870151912;0.7307411137655969;-0.5200107362153666;1.0454055918771998;0.09455102787416682;1.000124993857102;0.8961083935045385;1.0007798956619927
30.015098;0.09112018517329162;0.07210528654670673;0.7895521087602951;-0.0010154951537068259;-0.01090746623308028;10.002503484658874;0.7302460933128997;-0.5279817392840371;1.0454428588923712;0.09511637070736195;1.0001022448195525;0.900344353935015;1.0007658337984162
30.015374;0.09135894801839807;0.07261761874302305;0.7933051282199451;0.00019884283613802022;0.00238253110405415;10.002226702884649;0.7297569224099089;-0.5358427423890403;1.0454800264009527;0.09567382879928263;1.0000796113483605;0.9045716831728895;1.0007521592049653
30.015651;0.0915935767333445;0.07311067793636696;0.7968657845895089;0.0014076299398336207;0.015548741438737121;10.001946836364946;0.7292725275330795;-0.5435957455223291;1.045517080037592;0.09622191849316493;1.0000571268749305;0.9087880362929707;1.0007388758999616
30.015928;0.09182348585651283;0.07358449152318164;0.8002407061790022;0.002609816835504738;0.028582751482328854;10.001664128303572;0.7287948455537209;-0.5512427486759487;1.0455540150633587;0.0967613260898257;1.000034821575565;0.912993611171611;1.0007259905568755
30.016205;0.09204862589988931;0.07403935121368603;0.8034346378293479;0.0038047810631283356;0.04148087181575392;10.001378760768839;0.7283228365497508;-0.5587837518382982;1.0455908309113204;0.09729201891573666;1.0000127233503582;0.9171851034341486;1.0007135060635894
30.016481;0.09227001003043395;0.07447645886551603;0.8064527842708196;0.004993623921915699;0.0542573944781219;10.00109093816925;0.7278564841437868;-0.5662217549942533;1.0456275293469044;0.09781398497796566;0.9999908564660687;0.9213619349979314;1.000701418611499
30.016758;0.09248564613753447;0.07489463435043249;0.8093006574170833;0.00617496838777301;0.06690130414114186;10.000800909976359;0.727394786084395;-0.57355775812663;1.045664118053397;0.09832648091806645;0.9999692388149987;0.9255216394551024;1.0006897202079348
30.017035;0.09269768256391683;0.07529620902258384;0.8119854275986242;0.007347965294880471;0.07940481607367138;10.000508924440735;0.7269377472786659;-0.5807927612153572;1.0457006111780456;0.09883020638596454;0.9999478835265978;0.9296626367993783;1.000678402140179
30.017312;0.09290572084521949;0.07568102109229498;0.8145093672470908;0.008513628754018026;0.09178147645495868;10.000215191421772;0.7264863789775309;-0.5879287642372428;1.045737018748666;0.09932658441519669;0.9999268035775061;0.9337848384143043;1.0006674551320003
30.017588;0.09310913449027482;0.07604925995311713;0.8168803605446304;0.009670908295036796;0.10402296406846077;9.999919886788255;0.7260406978785131;-0.5949657671673312;1.0457733308077832;0.09981423210862062;0.9999060183530984;0.9378862038175378;1.0006568694474818
30.017865;0.09330782615284468;0.07640110705347099;0.8191014488229303;0.010819225484728051;0.11612563845694997;9.999623183810613;0.7255987185707146;-0.6019067699801455;1.0458095137292978;0.10029248241622082;0.9998855593854583;0.9419651417809198;1.000646637004149
30.018142;0.09350223283368102;0.07673741569252125;0.8211782258201525;0.011959092815496822;0.12809677063828792;9.99932527141787;0.7251624446073579;-0.6087517726520486;1.0458455202267434;0.10076279126706533;0.9998654687960413;0.9460213521106711;1.0006367528953897
30.018419;0.09369176290831895;0.07705816548959281;0.8231161759957335;0.013089484842483904;0.13992845840397955;9.999026315243276;0.724730868454466;-0.6155027751637298;1.0458812993918207;0.10122518589939224;0.9998457911478255;0.9500535867148221;1.0006272178188316
30.018695;0.09387742229473443;0.0773643826840591;0.8249181277778181;0.01421153227994974;0.15163348242119504;9.998726356587106;0.7243039774496292;-0.6221617775001451;1.045916803406437;0.10167972384836205;0.9998265636183005;0.9540614793150584;1.0006180389449049
30.018972;0.09405814242043065;0.07765565904927994;0.8265899174972794;0.015323582186343524;0.1631980425270977;9.998425239194221;0.7238817581378961;-0.6287287796487195;1.0459519870901532;0.10212568257087982;0.9998078121801958;0.9580434496529354;1.0006092222132383
30.019249;0.09423442217008064;0.07793284205788806;0.8281369431520199;0.0164259627171234;0.17462700254127123;9.998122613999564;0.7234641997428468;-0.6352057815976379;1.045986797694176;0.10256450530282923;0.9997895566682536;0.9619992884354754;1.0006007645728032
30.019526;0.09440675181697056;0.07819646780883002;0.829561276680023;0.017519303658590103;0.1859281136267713;9.997818004471076;0.7230512983207553;-0.6415927833356233;1.0460211713500545;0.10299548293598325;0.9997718143407901;0.9659275338120782;1.0005926583901552
30.019802;0.0945749355408317;0.0784470517047717;0.8308706934844791;0.018601429767328537;0.19708061434105112;9.997510960556092;0.7226420599415221;-0.6478927848538261;1.04605504217147;0.10341934738249683;0.9997546006732093;0.9698280253395831;1.000584899232651
30.020079;0.09473826753807367;0.07868382451459703;0.8320637689732734;0.019674437633297633;0.20811012160057027;9.997201213635888;0.7222375020945857;-0.654106786147884;1.046088348928432;0.10383466760230708;0.9997379365288994;0.9737008447565223;1.000577484010307
30.020633;0.0950396321786828;0.07911939084706841;0.8341235108927456;0.02179141316536762;0.22976399908340103;9.99688870945027;0.7214446506415962;-0.6662797872176038;1.0461210361774103;0.10463939059652402;0.9997218569675744;0.9813475493833571;1.000570399532089
30.021131;0.09530049009703156;0.07947038799447102;0.8356300374158137;0.02366085302148784;0.24879619734282746;9.996573561293447;0.7207485339423855;-0.6769517880655059;1.0461530562976966;0.10534111351286535;0.9997064115484678;0.988128785743268;1.0005636117042853
30.021629;0.09554835418838108;0.07978280162603889;0.8368293361142165;0.025495214782639712;0.2673974675582441;9.99625597501609;0.7200671838718695;-0.6873607886975271;1.04618437198395;0.10601917053424344;0.9996916555514429;0.9948090791925334;1.0005570694306674
30.022127;0.09578638670396243;0.08006079344856742;0.8377395045350685;0.027295671576740278;0.28558094588301053;9.995936191083642;0.7194026422423908;-0.6975137891249191;1.0462149578792541;0.10667626167094366;0.9996776381832797;1.0013885311887964;1.000550719164934
30.022625;0.09601264150025653;0.08030507895140922;0.8383868250693151;0.029060054704726095;0.30333828689698317;9.995614479731312;0.7187519623834259;-0.7074177893647517;1.046244801177116;0.10731169985646147;0.999664395392538;1.0078641231976952;1.0005445112786115
30.023123;0.09623027374482113;0.08051940046247913;0.8387842461718292;0.030790127757584603;0.3206862607922712;9.995291136994311;0.7181162042781825;-0.7170767894392961;1.0462739000648396;0.10792756539494186;0.99965195206248;1.0142340603203237;1.0005383963802397
30.023621;0.09643650189692608;0.08070314594499858;0.838951220296262;0.03248382896432662;0.3376201629912223;9.99496648257422;0.7174954266371699;-0.7264997893740979;1.0463022556429522;0.1085237546271299;0.9996403281639897;1.0204997437350019;1.0005323242703197
30.02412;0.09663401539434122;0.08086016441071495;0.8389057871904706;0.03414250355392548;0.35415230947827664;9.994640875866525;0.7168886826179649;-0.7356897891945435;1.0463298580270535;0.10910021512955524;0.9996295346487858;1.0266580064749942;1.0005262517438847
30.024618;0.09682190976149707;0.08099086888760403;0.8386615215458687;0.03576582801664957;0.3702894044876259;9.994314718305997;0.7162950216595236;-0.7446537889239233;1.0463566806456928;0.10965753840562423;0.9996195619095154;1.0327088694377256;1.000520152896048
30.025116;0.09700102918207738;0.08109751913122973;0.8382357204646999;0.03735348771879282;0.38603162318942896;9.993988456913616;0.7157154903373759;-0.7533977885843528;1.0463826888925698;0.1101977063275103;0.9996103808948225;1.0386533627276406;1.0005140206917804
30.025614;0.0971726958807547;0.08118235547422471;0.837641132174825;0.03890641351531936;0.401389206783452;9.99366255682258;0.7151491310489518;-0.7619267881972586;1.0464078524684657;0.11071986699491942;0.9996019600070629;1.0444907057101407;1.0005078555265448
30.026112;0.09733510004752738;0.08124505387592079;0.8368909195262996;0.040424488299953175;0.41637390158239684;9.993337415753627;0.7145949848650496;-0.7702447877827377;1.0464321487142827;0.11122521875748924;0.9995942819052928;1.0502196707588873;1.0005016485016762
30.02661;0.09749081512526118;0.08128923420169576;0.8360007670130464;0.04190774423976366;0.43098039860840304;9.993013337222804;0.714054098491754;-0.7783587873604441;1.046455555256726;0.11171377481888657;0.9995873467499823;1.0558428401085291;1.000495373870184
30.027109;0.09763800937479275;0.08131446885997047;0.8349824628594255;0.043356156079044646;0.4452211934615224;9.99269060661424;0.7135245275156903;-0.7862737869501651;1.0464780462669496;0.11218607442712812;0.9995811632244945;1.0613595376364493;1.000488994219908
30.027607;0.09777841908914009;0.08132257294499076;0.8338400020939858;0.044771763998441086;0.4591139447701165;9.99236949750474;0.7130073335869447;-0.7939927865701113;1.0464995997863178;0.11264326698060127;0.9995757412338279;1.0667698433439599;1.00048247117566
30.028105;0.09791190437123205;0.08131546172320835;0.8325943879809;0.04615301398978861;0.4726473610385249;9.9920501705404;0.7125025798329038;-0.8015227862366179;1.0465202061781058;0.11308456620653232;0.9995710932094959;1.072076317168912;1.0004757764429475
30.028603;0.09803885566651394;0.08129426083584877;0.8312539598967585;0.04750095100161718;0.4858340473386663;9.991732690013949;0.7120083271263564;-0.8088667859659902;1.046539868362435;0.11351185870993538;0.9995672370976025;1.0772774064657697;1.0004688945536726
30.029101;0.09815877860714606;0.08125865727325542;0.829819942470056;0.048816786750083926;0.498692442030303;9.991417164423247;0.7115266351637299;-0.8160307857744546;1.0465585912354864;0.11392483162435665;0.9995641956057681;1.0823766274387632;1.0004618163604444
30.029599;0.09827293859743921;0.08121157731680237;0.8283117877504824;0.05009998051937883;0.5112140938333807;9.991103815094073;0.7110545664157618;-0.8230177856753979;1.0465763686885134;0.1143228447509713;0.9995619925515505;1.0873721096115423;1.0004545365389752
30.030097;0.09838087470458513;0.08115269589072022;0.8267305223781855;0.051351853555869166;0.5234180545494664;9.990792962568179;0.7105941848914479;-0.8298337856768742;1.0465931833378486;0.1147083955487043;0.9995606478812634;1.0922676846100832;1.0004470566250008
30.030596;0.09848344584816145;0.08108374309173831;0.8250870135948722;0.052572827681682296;0.5353071038728815;9.990484984461322;0.7101445517441246;-0.8364817857827851;1.046609017398368;0.11507991162482954;0.9995601755167606;1.0970630816385036;1.0004393851888271
30.030828;0.09852923507189837;0.08105330672833849;0.8243060092615242;0.05313200526551025;0.5407587620832847;9.990180262824241;0.7099277224638524;-0.8395317859968038;1.0466238567146615;0.1152480181241477;0.999560585861497;1.099277825823534;1.000431536393947
30.030828;0.09852971009869017;0.08106394776904323;0.8243152762261551;0.05313104735843555;0.5407612643723367;9.989879121675218;0.709908746757123;-0.8395317863240457;1.046637683482324;0.11524536109591307;0.9995618863295501;1.0992931151501342;1.0004235325766089
30.030829;0.09852943997567223;0.08107456217651993;0.8243234467686057;0.05313111721582181;0.5407744867736682;9.989581743926362;0.7098896720109967;-0.8395367867691998;1.0466504718429885;0.11524242662292677;0.9995640775531367;1.099312065877063;1.0004154078874852
30.030829;0.09852885680429468;0.08108638818337047;0.8243397146726779;0.05313033039056751;0.5407768821910482;9.989288161241204;0.7098695451473724;-0.8395417873342802;1.0466621944213919;0.1152375588058932;0.999567150763471;1.0993301607619426;1.0004072072425478
30.03083;0.09852707180364721;0.08109685878849096;0.8243456636205474;0.053131566623112074;0.5408025844881568;9.988998348511712;0.7098504094948082;-0.8395527880182948;1.0466728329171615;0.11523227317922578;0.9995710881944284;1.099353216062716;1.0003989832808
30.030832;0.09852541184195691;0.08110766518859226;0.8243475059009548;0.05313498742094502;0.5408459200103021;9.988712315363715;0.7098293019359309;-0.8395737888186396;1.0466823789638027;0.11522591383314873;0.9995758660948817;1.09938229601516;1.0003907929630764
30.030835;0.09852205977876625;0.08111780144022565;0.8243501944196644;0.05314094038682706;0.5409202892309314;9.988430182195623;0.7098072517089241;-0.8396167897325775;1.0466908255818188;0.1152196882544638;0.9995814558587003;1.0994271655586572;1.0003826927993582
30.030841;0.09851966230253811;0.08112792202286681;0.8243379267208429;0.05315591601676565;0.541076870436991;9.988152224755188;0.709783277553357;-0.8397017907577696;1.0466981658956211;0.11521408922627124;0.999587818711457;1.0995024168846064;1.0003747364834081
30.030855;0.09851681910003081;0.08113597931640579;0.8243013295106941;0.053185813331199476;0.5413830090661519;9.987878799758308;0.7097533883783542;-0.8398727918919546;1.046704395678453;0.11521286107134308;0.999594903429145;1.0996390460027763;1.00036697807852
30.030881;0.09851526239660399;0.0811415341736881;0.8242212009145464;0.05324682423988284;0.5419933944577996;9.987610214265908;0.7097125922676417;-0.8402137931319721;1.046709507586694;0.11521930755399412;0.999602650676966;1.0998979873160584;1.0003594782906169
30.030933;0.09851851204065035;0.08114260610798905;0.8240478301285579;0.05337099451523329;0.5432138620767041;9.98734664018513;0.7096499071330206;-0.8408937944734486;1.046713486902296;0.11524295293938158;0.9996109944972157;1.100401351339857;1.000352307070188
30.031038;0.0985305283558772;0.08113383906443562;0.8236937084296739;0.053618489974596756;0.5456330274299701;9.987088074779024;0.7095433663897441;-0.8422487959129165;1.0467163149769043;0.11530265758237561;0.9996198625920271;1.101392200522761;1.0003455413197515
30.031248;0.09856066812060721;0.08110464109421561;0.8229733123887143;0.054110327755773284;0.5504258617083632;9.986834368027138;0.7093500175024804;-0.8449367974501261;1.0467179728412517;0.11543536720237765;0.9996291778019085;1.103347936422762;1.0003392628369168
30.031667;0.09862696402475767;0.08103043899297958;0.8214878000308269;0.05508133796540021;0.5598671221865857;9.9865853058348;0.7089889151678962;-0.8502307990872381;1.0467184427615475;0.11570943046017193;0.999638858363142;1.107198671175526;1.000333557322908
30.032087;0.09868818756536273;0.08095048027594261;0.8199812329808058;0.05602996216336801;0.5690902372207067;9.986340690841763;0.7086341154683731;-0.8554148008267818;1.0467177099998952;0.11597336722347303;0.9996488205246294;1.1109800976304434;1.0003285092845464
30.032506;0.09874652080447771;0.0808654677730016;0.8184424507730617;0.05695966701012452;0.5781189774273069;9.986100402767338;0.70828767333526;-0.860491802670593;1.0467157603080433;0.11622877081673913;0.9996589842845228;1.1146949669674604;1.000324193975183
30.032925;0.0988001172300524;0.08077505344976492;0.816883134890574;0.05786847518090964;0.5869449861609575;9.985864423058615;0.7079486396302906;-0.865462804619767;1.046712572726072;0.11647566054283283;0.999669282081307;1.1183426183475502;1.0003206791717765
30.033345;0.09885026627297468;0.0806803859692098;0.8153042271740617;0.05875777326207627;0.5955757363270668;9.985632842312498;0.7076160583436268;-0.8703308066762745;1.0467081207698508;0.11671525949249223;0.9996796660780876;1.1219239880802636;1.0003180345946667
30.033764;0.09889649725502915;0.08058169170004029;0.8137121653969426;0.05962690972084981;0.6040084414028852;9.985405856740076;0.7072899696501084;-0.87509780884429;1.046702381689569;0.11694497302516095;0.9996901032580421;1.1254399206120467;1.000316331929749
30.034184;0.09893966903408075;0.08047918185633082;0.8121024548580201;0.06047826097790194;0.6122628950557437;9.98518371364605;0.7069724180126975;-0.8797658111284472;1.0466953416765528;0.11716822768159903;0.9997005649484859;1.12889255509446;1.0003156385425955
30.034603;0.09897889529804284;0.08037319444823765;0.8104863330772244;0.06130991470191918;0.6203261892063995;9.984966674539864;0.7066604561468036;-0.884336813531031;1.0466869990145766;0.11738365088647693;0.9997110257163156;1.1322809365221633;1.000316016101863
30.035023;0.09901461339034122;0.08026351589623351;0.8088586278073838;0.062123395590967655;0.6282120690153488;9.98475504635976;0.7063561388248115;-0.8888128160520277;1.0466773674833976;0.11759126915377693;0.9997214652005798;1.1356072877350099;1.000317520079481
30.035442;0.09904774167665698;0.08015153198861098;0.8072264874118772;0.0629190987900613;0.6359197084120258;9.984549187434162;0.7060575144466822;-0.8931958186915191;1.0466664725182058;0.1177925016153969;0.999731861985913;1.1388713683202238;1.0003201949879972
30.035861;0.09907741587836191;0.08003646714592472;0.8055898779974092;0.06369712498351958;0.6434566992359271;9.98434947599962;0.7057666240553918;-0.897488821450852;1.0466543382738058;0.11798677249706459;0.9997421874603665;1.1420762459561276;1.0003240658800991
30.036281;0.09910368382841563;0.07991847365968777;0.8039506618068367;0.06445774056693178;0.6508266225880217;9.984156303558068;0.7054815018982631;-0.9016918243309625;1.0466409782183956;0.11817468355312667;0.9997524088581522;1.1452201821288284;1.0003291291181677
30.03712;0.09917252310109918;0.07967166989599717;0.8006702739064797;0.06593079877942123;0.6650748859706247;9.983970066011699;0.7049411743689447;-0.9098408273285613;1.046626399511154;0.11855983626392119;0.9997624973155128;1.1513297495891448;1.0003353496286864
30.037875;0.09922525619438524;0.07944611685776468;0.7977379996518242;0.06719981213694358;0.677348249715144;9.98379111983831;0.7044736626548963;-0.9168878304338749;1.046610613269015;0.1188858186775982;0.9997724339824267;1.1566342949285622;1.0003426662425028
30.03863;0.0992719301968514;0.07921710902235247;0.7948234382128315;0.06841851153976045;0.6891334599328618;9.983619731493771;0.7040239845881019;-0.923674833632998;1.0465936398664377;0.11919352863520977;0.9997822102526586;1.1617607874547027;1.0003509988051804
30.039385;0.09931209960459796;0.07898533485073186;0.7919370229789374;0.06958765678717868;0.7004446000905911;9.983456034365334;0.7035911508650802;-0.9302098369115116;1.0465755048888359;0.11948528215072439;0.9997918244512187;1.1667127914859627;1.0003602538826397
30.040139;0.0993479754543979;0.0787533026013438;0.7890862008001159;0.0707104961867623;0.7113017454258301;9.983299996993091;0.7031751600766769;-0.9365038402557653;1.0465562295569222;0.11976153959340899;0.9998012792629184;1.171497078782702;1.0003703349575597
30.040894;0.09937911726366955;0.07852160254027313;0.7862801667419986;0.07178777403983704;0.7217178816990988;9.98315144591602;0.7027739976113482;-0.9425638436523166;1.0465358292539546;0.12002440393723601;0.9998105774414092;1.17611622276166;1.000381163420201
30.041649;0.09940550810984641;0.0782906774585774;0.7835231403621111;0.07282107698044957;0.7317114125426867;9.983010180924746;0.7023896386801824;-0.948398847086384;1.0465143225571916;0.12027238213661746;0.9998197171821007;1.180576957455003;1.0003926966592662
30.042404;0.09942846079364981;0.07806140687515777;0.7808133052271977;0.07381325359693594;0.7413034427343625;9.98287610921364;0.7020190523637495;-0.9540178505418829;1.0464917375972296;0.12050758971582809;0.9998286915407726;1.184883184662403;1.000404927981725
30.043159;0.09944715680243085;0.07783469199402725;0.7781658262490597;0.07476420176368005;0.7505009667194572;9.982749250098834;0.701663202437229;-0.9594288540046222;1.0464681099874131;0.1207299290207205;0.9998374907661258;1.1890405334166065;1.000417877209161
30.043914;0.09946241564532632;0.07761010581097667;0.7755696656917728;0.07567704344585771;0.7593310550804423;9.982629639210078;0.7013210458635285;-0.9646398574649555;1.0464434772657025;0.12094152534273202;0.999846104988773;1.1930535777162294;1.0004315789070741
30.044669;0.09947434286418994;0.07738933290029147;0.7730405511354332;0.07655192659565364;0.7677960720687346;9.982517291290598;0.7009925376981183;-0.9696568609176325;1.046417873188273;0.12114146712083974;0.999854523856622;1.1969259910117633;1.0004460683176046
30.045424;0.09948282641494238;0.07717082232365306;0.7705635531604113;0.07739190199660194;0.775928968755485;9.982412214867688;0.7006756389365016;-0.9744878643615431;1.0463913237163953;0.12133162977700598;0.999862734645645;1.2006620079464836;1.0004613744384097
30.046179;0.09948980472826484;0.07695836109701562;0.7681615096576815;0.07819753830743954;0.7837216969574605;9.98231441184985;0.7003713138649543;-0.9791408678008156;1.0463638503296995;0.12151141734886062;0.9998707209033327;1.2042677351261488;1.0004775210086332
30.046934;0.09949385342965796;0.07674921267647981;0.7658180977231719;0.07897036011185359;0.7912018211905187;9.982223872382175;0.7000795216567491;-0.9836198712446919;1.0463354806964391;0.12168221879717712;0.9998784569870174;1.2077455298430917;1.0004945255546147
30.047689;0.09949551383594056;0.07654511837079396;0.7635467764736088;0.07971100537623832;0.7983728217477885;9.982140557125222;0.6997982144464778;-0.9879338747043388;1.0463062592023857;0.12184431363357075;0.999885903651933;1.2111007351368352;1.0005123960590996
30.048444;0.09949521577791824;0.07634515580895918;0.7613353551847974;0.08042216011496726;0.8052594154153317;9.982064382143532;0.6995273397463988;-0.9920878781890623;1.0462762517344402;0.12199801503399663;0.9998930130594004;1.2143366737638048;1.0005311308805815
30.049199;0.09949312417604114;0.07615127571367336;0.7592024497933718;0.08110294609774017;0.8118526663003439;9.981995220971655;0.6992678415027198;-0.9960878817055;1.0462455384114855;0.12214420072167488;0.9998997375379278;1.2174581193706009;1.000550722074868
30.049954;0.09949005976501667;0.07596231745467844;0.7571306065698571;0.0817569694140312;0.8181829835481351;9.98193289204532;0.6990176610390556;-0.9999388852598314;1.0462142004945376;0.12228346089997547;0.9999060370301359;1.22046736238322;1.0005711559868102
30.050709;0.09948566205772891;0.07577844372969875;0.7551245595045002;0.08238434512531626;0.8242553808895392;9.981877154661605;0.6987767383530857;-1.0036478888601776;1.04618231928665;0.1224156079639545;0.9999118830230288;1.2233695451819182;1.000592409742072
30.051464;0.09947996978302814;0.07559971516461989;0.7531849832075279;0.08298623856431195;0.8300821594080333;9.981827725403852;0.6985460130265351;-1.0072198925181484;1.0461499815007789;0.1225426181496242;0.9999172546065419;1.2261687956720562;1.0006144520434102
30.052219;0.09947263657108987;0.07542612264827903;0.7513147456379462;0.08356234820581207;0.8356641698540324;9.981784297618951;0.6983234276324697;-1.0106588962507246;1.04611727667614;0.12266316211166987;0.9999221297541625;1.2288667554380082;1.0006372491935391
30.052974;0.09946408666569587;0.07525718284451084;0.7495061169164533;0.08411514804921376;0.8410235022737217;9.981746575799585;0.6981089329778492;-1.0139699000809976;1.0460842930844678;0.1227786694504973;0.9999264800821501;1.2314670795181573;1.0006607667633647
30.053729;0.09945580353803672;0.07509476206962361;0.7477668054591526;0.0846455764700231;0.8461577606488032;9.981714292897509;0.6979024901521533;-1.0171589040351405;1.046051118592178;0.12288980481599532;0.9999302747877923;1.2339742908896156;1.0006849641252515
30.054484;0.09944634228764912;0.07493662480577286;0.7460853615998112;0.08515428951951529;0.8510862042710383;9.98168720756229;0.6977040669903413;-1.020228908137469;1.0460178413684627;0.12299595899144965;0.999933489425701;1.2363904769421892;1.0007097898830084
30.055239;0.0994371737129509;0.07478462472893657;0.7444692713553873;0.08564267238216164;0.8558106846680688;9.981665117399618;0.6975126287875114;-1.0231859124068703;1.0459845480135699;0.12309827684965435;0.999936108540154;1.2387196687671207;1.0007351834822884
30.055994;0.0994273853640102;0.07463783250559601;0.742916005658737;0.08611065180020738;0.860338673243886;9.98164786003014;0.6973281281023492;-1.0260329168556945;1.0459513214156733;0.12319586446621955;0.9999381211031496;1.2409640235059105;1.0007610766128276
30.056748;0.09941661094745385;0.07449629363040464;0.7414286834095983;0.08655848616167859;0.8646764285382847;9.981635296604551;0.6971505028373188;-1.0287749214912345;1.0459182355748502;0.12329068324778264;0.9999395159502;1.2431273793507618;1.0007873915391488
30.057503;0.09940562680182095;0.07435869446764591;0.7399883949394985;0.08698879887972921;0.868843936925792;9.981627319346;0.6969796835132089;-1.0314149263189223;1.0458853442894267;0.12338117593795601;0.9999402788353494;1.2452119417176557;1.000814042036939
30.058258;0.09939553236156272;0.07422803193943846;0.7386168143521153;0.08740151301304286;0.8728312508330206;9.981623882420928;0.6968146012826533;-1.0339569313445225;1.0458526747005439;0.1234687742651443;0.9999403889055992;1.2472202036009594;1.0008409352195364
30.059013;0.09938486368295983;0.07410145579302164;0.7372961883180155;0.08779730395112405;0.8766581182842577;9.981625021185794;0.6966551916349282;-1.0364049365738517;1.0458202344326575;0.12355307408343244;0.9999398184439495;1.2491552490103206;1.0008679713556488
30.059768;0.0993732575859934;0.073979113597378;0.7360305666931322;0.08817581852454476;0.8803246671644462;9.98163083602441;0.696501397584095;-1.038761942012883;1.0457880223226872;0.12363483984482135;0.9999385396326205;1.2510193660263507;1.0008950474010552
30.060523;0.09936260409168844;0.07386299055191836;0.7348259942662835;0.08853905092735508;0.8838348061835065;9.981641461734503;0.696353173641205;-1.0410319476677856;1.0457560329441664;0.12371261295556239;0.9999365337691442;1.2528157019171533;1.0009220630770725
30.061278;0.09935240540682722;0.07375118423765585;0.7336675179361097;0.08888807022723118;0.8872042117347003;9.981657023744438;0.6962094834935756;-1.043217953542019;1.0457242590922526;0.12378854739111043;0.9999337965217518;1.2545460442984677;1.000948919132713
30.062033;0.09934233413314866;0.07364380483783277;0.7325589370803228;0.08922241557035718;0.8904318480740336;9.981677552365495;0.6960712943976066;-1.045322959634912;1.0456927013931674;0.12386206116920238;0.9999303361690693;1.2562133165470242;1.0009755129794065
30.062788;0.09933204772179954;0.07354142243863576;0.7315084995730783;0.08954191208611899;0.8935195388409413;9.981702938259975;0.6959365780206703;-1.047348965944067;1.0456613789615476;0.12393224855958809;0.9999261670248579;1.2578179609687998;1.0010017469925927
30.063543;0.09932322939876403;0.07344361889402669;0.7304995892007428;0.08984952026960435;0.896482059187286;9.981733009864136;0.6958073108228854;-1.049300972467122;1.045630326574068;0.123999921072309;0.9999213050359218;1.2593651440278046;1.0010275413858478
30.064298;0.09931418986986566;0.07335024471067138;0.7295427310822488;0.09014339646675773;0.8993161285886931;9.981767660174873;0.6956814675547286;-1.0511799792016023;1.0455995851708546;0.1240655594897708;0.9999157708090465;1.2608544953153256;1.0010528352236991
30.065053;0.09930564467015932;0.07325994414623549;0.7286188777026715;0.090425986084156;0.9020396248163781;9.981806914060288;0.6955590194790354;-1.0529899861439806;1.0455691950001584;0.12412948489783897;0.999909596551722;1.2622892612605119;1.0010775833981134
30.065808;0.09929736594619301;0.0731751661347226;0.7277537917108435;0.09069556048971465;0.9046371700517875;9.981850862654559;0.6954409419263553;-1.0547319932880932;1.0455391840918273;0.12419118705596298;0.9999028263270279;1.2636707442597905;1.0011017596405185
30.066563;0.09929004702945148;0.073094624350325;0.7269294217617175;0.09095461705591065;0.9071270623807951;9.981899505420524;0.6953262192778427;-1.0564100006246102;1.0455095571699713;0.1242511966566148;0.9998955072505502;1.2650016525860384;1.0011253565003495
30.067318;0.09928269084469994;0.0730169835851531;0.7261395412179152;0.09120288608454395;0.9095151220975627;9.981952674827463;0.6952158439149375;-1.0580260081432726;1.0454802960550313;0.1243086717269447;0.99988768152358;1.2662841281628254;1.0011483775692431
30.068828;0.09928406332950752;0.07287930106891811;0.724694002435538;0.09166835004765143;0.9139907373849149;9.982010084691318;0.6950098149158074;-1.061082015835255;1.0454513656453857;0.12442327324160023;0.9998793870932878;1.2687192302256955;1.0011708313675298
30.070187;0.09928340311542823;0.07276626534707116;0.723513677117817;0.0920548856835167;0.9177021880629774;9.98207138051035;0.694836132895126;-1.0636430236932994;1.0454227203151967;0.12451883572970239;0.9998706663969907;1.2707604932598309;1.0011927327913033
30.071546;0.09928138080257369;0.07266452164797058;0.7224603210711408;0.09241055988148413;0.9211216481191233;9.982136211181608;0.6946727917239991;-1.0660350317119927;1.0453943145231777;0.12460945812871843;0.9998615736871115;1.272667879389927;1.001214107499966
30.072905;0.09928050428252028;0.07257376189659961;0.7215124311036218;0.09274067532142802;0.9242784868283704;9.982204357730257;0.6945187782149838;-1.0682710398880932;1.0453661187709842;0.12469376013405009;0.9998521720130739;1.2744513949785383;1.0012349919433532
30.074263;0.09927939122381461;0.07249216410707754;0.7206615145799652;0.09304586336882627;0.927191148192058;9.982275799037982;0.6943730775228596;-1.070359048218384;1.0453381300403477;0.1247734459074362;0.9998425285589622;1.2761169073466683;1.00125542977628
30.075622;0.09927666550661093;0.07241864543167006;0.7199064080324082;0.09332659973770271;0.9298766302442869;9.982350687810024;0.6942366776269849;-1.0723100566973662;1.0453103648957083;0.12484848164293764;0.9998327172814204;1.2776739356613331;1.0012754679753217
30.076981;0.09927541604666643;0.07235427142049365;0.7192353770676688;0.0935874133754412;0.9323510225526788;9.98242931120032;0.6941075777886582;-1.0741320653177544;1.0452828438606128;0.12491952187881232;0.9998228191607402;1.2791279032812164;1.0012951497124576
30.07834;0.09927299531189514;0.07229738709716851;0.7186508105901884;0.09382689759020707;0.9346244826656815;9.982512050514762;0.6939847972442638;-1.0758350740719846;1.0452555819095444;0.12498700038038232;0.9998129163814597;1.2804865050728225;1.0013145036238724
30.079699;0.09927028814401292;0.07224820316701246;0.7181483305522811;0.09404716669670456;0.9367095630977061;9.982599327263287;0.69386937269935;-1.0774250829528822;1.0452285868743414;0.12505032546276112;0.999803087941417;1.2817551982198392;1.0013335370770218
30.081058;0.09926724864037537;0.07220585394371698;0.7177195423026269;0.09424992647191878;0.9386233424549877;9.982691541948892;0.6937603509586933;-1.0789110919533107;1.0452018607577553;0.12511113043153888;0.9997934036441674;1.2829409068326751;1.001352242483345
30.082417;0.09926382847748125;0.07216943706959524;0.717355734678108;0.09443644047435526;0.9403784859384845;9.982789031207785;0.6936557877093461;-1.0802991010651977;1.0451753993067083;0.12516881846119235;0.9997839152293909;1.2840475163314518;1.0013706128027506
30.083776;0.09926091191884218;0.07213916584906635;0.7170525987724811;0.09460863117225161;0.9419854692242243;9.982892079116567;0.6935577456521952;-1.0815951102802241;1.0451491893092546;0.12522380897790575;0.9997746563305763;1.2850810855461419;1.001388648952135
30.084994;0.0992554557984138;0.07211449367579159;0.7168262577076701;0.09475040174746138;0.9433124617764119;9.983000988952906;0.6934732883187948;-1.0826851195923461;1.0451232069987382;0.12527184514314074;0.9997656527236339;1.285949347885007;1.001406351118503
30.084994;1.4385532921874213;-0.6732884458483026;-0.46844544741302163;1.7237213133650142;1.197240749734343;9.983116149507124;0.6934584786043715;-1.0826851289985995;1.045097420997182;1.467823262275753;0.9997569311814503;1.2859380195055163;1.0014237055282647
30.084994;1.4385420251605967;-0.6732810878825889;-0.46844109471734174;1.7237326163883182;1.197243496908781;9.983238010720191;0.6934433806885106;-1.0826851384969962;1.04507180029869;1.4678352042210108;0.9997485234701745;1.285926881855962;1.0014406832146252
30.084994;1.4385307677527008;-0.6732731167000175;-0.4684355721401404;1.7237431811043238;1.1972455963702924;9.98336698017685;0.693428058709566;-1.0826851480836115;1.0450463225948963;1.467847829743335;0.9997404669891577;1.2859159663986863;1.001457252376217
30.084994;1.438521442983601;-0.6732477398325313;-0.46841656831906003;1.7237640503872946;1.1972530886523118;9.98350336831938;0.6934125745790285;-1.0826851577505536;1.0450209783871633;1.4678638102486798;0.9997328005735732;1.2859053017167763;1.001473390313924
30.084994;1.4385172426505244;-0.6731871928136032;-0.4683706852713311;1.7238043839935075;1.1972696427421345;9.98364744331358;0.6933969855659652;-1.0826851674846645;1.0449957709453712;1.467884450417238;0.999725557751234;1.2858949162546904;1.001489083679785
30.084994;1.438520633825954;-0.6730570613204327;-0.46827320131664146;1.7238829333821328;1.1973061887953915;9.98379950370979;0.6933813395855791;-1.0826851772675183;1.044970714860417;1.4679146222880115;0.9997187604290395;1.285884838427352;1.00150432171929
30.084994;1.4385421103251606;-0.6727869286668863;-0.46807180257904585;1.7240421965763588;1.1973834783092296;9.98395987177771;0.6933656725850325;-1.0826861870787066;1.0449458362421404;1.4679647419544164;0.999712412796476;1.2858759361510175;1.0015190924482216
30.084995;1.4385983495145311;-0.6722352676867935;-0.4676628229193374;1.7243565061670596;1.1975392284215252;9.98412881766651;0.6933500134191874;-1.082686196899867;1.0449211709594426;1.4680523060997221;0.9997064996179188;1.2858665427590084;1.0015333845521444
30.084996;1.4387261676951073;-0.6711247944362464;-0.46684189518342856;1.724985413116207;1.1978535610412702;9.984306545103603;0.6933343938727949;-1.0826872067149487;1.044896755464282;1.468215406360252;0.9997009950548952;1.2858583446485818;1.0015471968954446
30.084997;1.4389958757586323;-0.6688908204469948;-0.46519460301239046;1.726236279072098;1.1984812570259331;9.98449328872729;0.6933178542222177;-1.0826882165085163;1.0448726173019245;1.4685279834386271;0.9996958745833546;1.2858499524187048;1.0015605481511207
30.085001;1.4395458058525623;-0.6644088331048508;-0.4618972961073388;1.7287206534703121;1.1997311966398994;9.98468938256433;0.6933024403566366;-1.0826912262667094;1.0448487775160165;1.469137123086042;0.9996911192159564;1.285844120820786;1.0015734720604736
30.085008;1.4406464293154213;-0.6554295754716046;-0.45530872945041884;1.733627827347934;1.20220124768716;9.984895238688631;0.693287199653901;-1.082697235981095;1.044825259792538;1.4703272785385642;0.9996867157800166;1.2858411442379443;1.001586006707314
30.085021;1.442804927033306;-0.6374403778105531;-0.4421636599594101;1.743190375360068;1.2070080828412661;9.985111305181679;0.6932711790669813;-1.082709245651588;1.0448020882690123;1.4726319725159704;0.9996826549146383;1.285842993540492;1.0015981948573405
30.085049;1.4469032624443818;-0.6014060260294651;-0.4160259654105437;1.7613173205605315;1.2160901463055314;9.98533799374297;0.6932554211683474;-1.082733255285134;1.0447792775724243;1.4769838150444672;0.9996789220256638;1.2858552359617206;1.0016100864729687
30.085076;1.4506938174263562;-0.5653650787673629;-0.3901138337443257;1.7781368099738595;1.2244798875662553;9.985575590397012;0.6932389566693863;-1.0827562648905509;1.044756834366354;1.4810111976504376;0.9996754900535848;1.2858663605973024;1.001621730270091
30.085104;1.4541860072765764;-0.5293862176002997;-0.3644539530292874;1.7936736502334385;1.2321971735110877;9.985824240967993;0.6932238005735248;-1.0827802744742323;1.0447347664321152;1.4847228962492522;0.9996723247562009;1.285879104425022;1.0016331656515514
30.085131;1.457386487692626;-0.4935357272793941;-0.33907271523980814;1.807950948021514;1.2392618258084795;9.986083959292108;0.6932079592791532;-1.0828042840399317;1.0447130861430312;1.4881292569702844;0.9996693949205199;1.28589151894324;1.0016444272624505
30.085158;1.4603069043408974;-0.4578753165535198;-0.3139928688318776;1.8210052452519074;1.2456975095883371;9.986354588540458;0.6931924409633103;-1.0828272935901997;1.044691812657567;1.4912375456117033;0.9996666765818135;1.2859032730068594;1.0016555536335827
30.085186;1.4629538011933416;-0.4224609248147324;-0.28923517560282763;1.8328698704373698;1.2515289107612064;9.986635781684322;0.6931782589365294;-1.0828513031263687;1.0446709752755463;1.4940601202846469;0.9996641498624168;1.2859165637465564;1.0016665878645394
30.085213;1.4653377388746318;-0.38734618914845803;-0.26481873735386374;1.84357645543467;1.2567751276845323;9.986927008882793;0.6931634323714085;-1.0828743126460942;1.0446506093987735;1.4966041850312903;0.9996617940881761;1.2859286108890358;1.0016775703084422
30.085241;1.4674697300490942;-0.3525935435967369;-0.2407694995646679;1.8531695906418484;1.261462761565562;9.98722758348403;0.6931499875437976;-1.0828983221408186;1.0446307449840992;1.4988822778001205;0.9996595889423824;1.285942173982437;1.0016885308395516
30.085241;1.4674525746553908;-0.35260509859968875;-0.2407692425534357;1.8531715452929214;1.2614604904197841;9.987536724861611;0.6931379544709982;-1.082898331596606;1.044611397538614;1.4988925650924627;0.9996575210065739;1.2859362115982944;1.0016994899233036
30.085241;1.467436324207136;-0.3526071371693894;-0.24076226518307575;1.8531771969205026;1.2614600420640005;9.987853595244708;0.6931263632230777;-1.082898340996473;1.0445925659634976;1.4989033330296575;0.99965558820859;1.2859304032696313;1.0017104693976535
30.085268;1.4693267803400027;-0.3182400565457416;-0.21708055576321783;1.861697353310207;1.2656127196173714;9.988177331134649;0.6931132449565313;-1.0829213503206951;1.0445742339741162;1.500925751849385;0.9996537959514911;1.2859430484886316;1.001721498500145
30.085296;1.4709850464972496;-0.2843105765187876;-0.19378760021534183;1.869186176847009;1.2692546941808063;9.988507100320563;0.6931016312898332;-1.0829443595464596;1.0445563764501307;1.5027040202452713;0.9996521439767656;1.2859564163981965;1.001732604948283
30.08535;1.4736658462175793;-0.217905887218527;-0.14841902691932107;1.8812489659228684;1.2751065346229757;9.988842069514554;0.6930885527007036;-1.0829913686499508;1.0445389700035943;1.5055625104281989;0.9996506150585261;1.2859891150453528;1.0017438005781558
30.08537;1.4744084596862757;-0.19509629599822148;-0.13288285165453528;1.8846511243833728;1.2767521922741887;9.989181331802556;0.6930780417103106;-1.0830073776099207;1.0445219936955694;1.5063742660569739;0.9996491792432967;1.2859970153552922;1.001755076013869
30.08537;1.4743927833101595;-0.1951072386620291;-0.13288174076618028;1.884653202269514;1.276749868203403;9.98952393270402;0.6930691321267137;-1.0830073864092304;1.044505419157887;1.5063831059880817;0.9996478083566529;1.2859922274710938;1.0017664066643888
30.08537;1.474372220360671;-0.1950898276084016;-0.13286190556813815;1.8846222919439848;1.2767297806664908;9.989868896462136;0.6930608479048975;-1.083007395033669;1.044489212994913;1.5063863337430068;0.9996464845104052;1.285987696951824;1.0017777617241466
30.08537;1.4743582500788153;-0.19508458441475207;-0.13284980487211384;1.8846267572434465;1.2767283474934972;9.990215168795434;0.6930531969481768;-1.0830074034700965;1.044473354742708;1.5063944831959484;0.9996451992110118;1.2859834269633879;1.001789108440632
30.08537;1.474344586558875;-0.19506158906387916;-0.1328257688661382;1.884633752051335;1.2767287864565509;9.990561588453861;0.6930461795471031;-1.0830084117056153;1.0444578442636459;1.5064041134409045;0.9996439453639917;1.2859802511000746;1.0018004077613454
30.08537;1.4743330195603495;-0.19500665441699225;-0.1327800571406586;1.8846438089638682;1.276729944988111;9.990906949211993;0.693039798793185;-1.0830084197278966;1.0444426884524323;1.5064140063102702;0.9996427044746817;1.285976468975004;1.0018116081374926
30.08537;1.4743242607618148;-0.19488541916536697;-0.13268934364058838;1.884665252117774;1.2767368841868283;9.99125008023035;0.6930340627141208;-1.083008427526402;1.0444278873608506;1.5064257381368005;0.999641442390757;1.2859729049224489;1.0018226493893518
30.08537;1.4743194568139697;-0.19463289040582238;-0.1325095017600294;1.8847016696007983;1.2767510831729578;9.991589911824141;0.6930289805934374;-1.0830084350937417;1.0444134384330974;1.5064413340386102;0.9996401171737337;1.2859695429935345;1.0018334687994852
30.085371;1.474324078574659;-0.1941172563756461;-0.13215075884591396;1.8847770179567394;1.2767840865886622;9.991925506609432;0.6930245601643586;-1.0830084424258943;1.0443993543129655;1.5064659636287487;0.9996386868434617;1.2859663696015604;1.0018439969307025
30.085371;1.4743449015655448;-0.19307968230144545;-0.13143720195207512;1.884923346695964;1.276851803381073;9.992255989309717;0.6930208051857862;-1.0830094495216105;1.044385675068898;1.5065069815892518;0.9996371172676417;1.2859642176660175;1.0018541562786571
30.085373;1.4743986601872603;-0.19099925335160192;-0.1300145734412986;1.8852102129159125;1.276986938094755;9.99258044298141;0.6930177091934385;-1.0830104563813712;1.0443724633792013;1.5065811778202123;0.9996353914861512;1.285962240551784;1.0018638765866197
30.085377;1.4745143480453384;-0.18683410254185587;-0.1271749194098934;1.8857695440005258;1.277253813787971;9.992897909001826;0.6930142530877221;-1.0830134630067763;1.0443597874740975;1.5067196864342116;0.9996335089435477;1.2859615756502012;1.0018731114368693
30.085384;1.4747467261704903;-0.17852863494237994;-0.12152240265470783;1.886847411314164;1.277771679817978;9.993207460723355;0.6930124098854324;-1.0830204694020893;1.044347705608529;1.5069803281303906;0.9996314758514296;1.2859649700336886;1.00188184013244
30.085398;1.4751827189317919;-0.16202453007947568;-0.1103056732644366;1.8888287380359634;1.2787256950250896;9.993508258790715;0.6930101480590275;-1.0830324755756335;1.0443362641437595;1.5074559531425367;0.9996292963269404;1.2859721643487136;1.001890060322283
30.085427;1.4759183773131226;-0.12947912416374716;-0.08822153101135057;1.8921393478022968;1.280320063620564;9.993799597558114;0.6930084341857865;-1.0830564815376884;1.0443255050996398;1.5082469103837164;0.999626962203531;1.2859895701935014;1.0018977747168833
30.085483;1.4768556538251496;-0.06633968956580587;-0.045462332410781264;1.8963180782894034;1.2823261014898504;9.994080928897105;0.6930052398982289;-1.0831044872966575;1.0443154701735022;1.509253809148527;0.9996244452944701;1.2860261983100107;1.001904976266583
30.08554;1.477144621925256;-0.005912412926722999;-0.004592349364972612;1.8975697475073958;1.2829146380322929;9.994351811060593;0.6930015468048659;-1.0831524928568654;1.044306200225487;1.509576943624424;0.9996217000296894;1.2860623749831857;1.0019116468789449
30.085597;1.4768688807585788;0.05171938789204941;0.034385035939206984;1.8962699130881375;1.2822688057904978;9.994611859989286;0.6929993401978393;-1.0831994982184445;1.0442977310121457;1.5093036282376624;0.9996186678717826;1.2860983358715061;1.0019177673410333
30.085648;1.476199088847391;0.10116740380785766;0.06785983194525905;1.8931921840375066;1.280762732916319;9.99486078029289;0.6929985995249381;-1.0832425033782436;1.044290085118694;1.508611990586997;0.9996152791715862;1.286131555781552;1.0019233253730266
30.085699;1.4751887973124749;0.14832073466432766;0.0998347822512852;1.8885768538850112;1.2785103812039442;9.995098411630906;0.6929973025520986;-1.0832855083315494;1.0442832708007643;1.5075614041046324;0.9996114604722102;1.2861643320590064;1.0019283229132412
30.085745;1.4740263096771529;0.18881269201763304;0.12735372209988957;1.8832855033730234;1.2759296610702708;9.995324726522332;0.6929964380900734;-1.0833245130743396;1.044277287563956;1.5063476106931415;0.9996071455610841;1.2861938506611441;1.0019327778097031
30.085791;1.4726604883141603;0.22749174531159705;0.15370791924038618;1.8770750400679848;1.2728982920215577;9.995539797116809;0.6929970093690874;-1.0833625176051975;1.0442721263970849;1.504917834366343;0.9996022860756995;1.2862231884459192;1.0019367111961897
30.085833;1.471279811725472;0.26078302918724056;0.17645549584354844;1.8708072233781352;1.2698363048424377;9.995743788137153;0.6929980267414925;-1.0833965219271038;1.0442677658341952;1.5034709890446578;0.999596858671701;1.2862492783273813;1.0019401327887678
30.085874;1.4697789901503664;0.2926677183910777;0.19830619339342256;1.8639988967150876;1.2665058618110425;9.995936988756124;0.6929984991655308;-1.0834315260492449;1.0442641662243393;1.5018958103057412;0.9995908617526019;1.2862757804707112;1.0019430382243233
30.085916;1.468175344200942;0.3231818244032613;0.21928454326701782;1.8567318090172893;1.2629460562583636;9.996119832881645;0.6930004300029294;-1.0834655299872755;1.0442612643701819;1.5002097351218007;0.9995843078058464;1.2863020808300314;1.0019454163718757
30.085942;1.4671095744985823;0.34196649511046917;0.23223579977820477;1.851899334478859;1.260575779193628;9.996292861031217;0.693003817169976;-1.083487533760622;1.044258978940274;1.4990864612940302;0.9995772250107344;1.2863189154737138;1.0019472569273495
30.085942;1.4671180241572646;0.34196839969908205;0.2322398950378846;1.851900539163194;1.2605735186406029;9.996456625941336;0.6930086543250464;-1.0834875373883144;1.0442572203707605;1.4990896715525923;0.9995696648909336;1.2863178672600273;1.0019485507242158
30.085957;1.466503126591096;0.3523718229517565;0.23942627480294051;1.8490846342784029;1.259189163741091;9.9966116214375;0.693012931327277;-1.0834995408867134;1.044255896648179;1.4984380452089738;0.9995617010651953;1.28632649224203;1.0019492829354875
30.085998;1.4647452643744259;0.38027013530954484;0.25874003182038435;1.841123704006032;1.2552771418283475;9.996758296697713;0.6930166352937909;-1.0835335442696747;1.0442549233267038;1.496582698447538;0.9995534162772759;1.2863532064673093;1.0019494247080936
30.08604;1.4629307185271274;0.40692684836390747;0.2772633731705376;1.8329146230707254;1.2512359986583876;9.996897123728596;0.6930197537245281;-1.0835675475495776;1.0442542329009403;1.4946668840318391;0.9995448873532399;1.2863794657673233;1.0019489320070665
30.086077;1.4612598810118353;0.42988874179934283;0.29327830378669734;1.825353962783681;1.2475067609672803;9.997028679622028;0.6930242789027066;-1.0835985507379906;1.0442537755898698;1.492899891173666;0.9995361754494546;1.286403794552769;1.0019477542742257
30.086114;1.459563158301206;0.45190888373576976;0.3086910158001844;1.8176822668346673;1.2437163124157353;9.997153702265662;0.693029210780054;-1.0836295538449823;1.044253517982454;1.4911034204140385;0.9995273241245952;1.2864281489843357;1.0019458438315685
30.086152;1.4578473224788826;0.47302585679694764;0.3235251737531655;1.8099274816825857;1.2398776059129704;9.99727303835648;0.6930345566818572;-1.0836595568785943;1.0442534403022772;1.489285003858566;0.9995183609409801;1.2864516559418608;1.0019431571501034
30.086189;1.4561187320322777;0.4932696415500921;0.337798414068214;1.802121171585393;1.2360065461252565;9.997387513478635;0.6930413281225457;-1.0836905598461304;1.0442535311144745;1.4874494362968445;0.9995092943390612;1.2864765081252236;1.001939648227635
30.086226;1.454382950525168;0.5126732886900207;0.35153046613918837;1.7942871209496023;1.2321145025447817;9.997497870010722;0.693047535373635;-1.083720562754668;1.0442537840102624;1.4856061690304223;0.9995001101150005;1.2864999164805315;1.0019352638772425
30.086264;1.4526469222413236;0.5312659635616627;0.3647378983830935;1.7864556396037599;1.2282162714710463;9.997604752879505;0.69305418324572;-1.0837505656081556;1.0442541960135578;1.4837594694741196;0.9994907816999078;1.2865232451606454;1.001929946672171
30.086301;1.4509135431930344;0.5490837032852086;0.3774428789429512;1.7786447450052278;1.2243217413813492;9.997708651400835;0.6930612727668689;-1.0837805684046646;1.0442547609309085;1.4819144969581488;0.999481286506116;1.2865464821876538;1.001923637500633
30.086338;1.4491901386316963;0.5661564263911877;0.3896621707273621;1.7708794737527307;1.2204419854899047;9.997809867278567;0.6930688048676517;-1.0838115711376224;1.0442554599169716;1.4800772330489733;0.9994716050695904;1.2865704560368965;1.0019162752722972
30.086375;1.4474784284428215;0.5825140896813027;0.40141396601254925;1.7631691137551249;1.2165820382329133;9.997908564031121;0.6930767785096077;-1.0838415737978127;1.044256261781196;1.4782500718047191;0.9994617088961497;1.286593465043153;1.00190780426789
30.086413;1.4457818465058891;0.5981853116563585;0.41271510304881376;1.7555343100800342;1.2127533823389138;9.998004856518111;0.6930851860440687;-1.0838715763739635;1.0442571313155369;1.4764376323043547;0.9994515593595574;1.2866163321760669;1.0018981870757162
30.08645;1.4441042628840728;0.613197819293194;0.42358168874588015;1.7479868519367894;1.2089611006310694;9.9980988842712;0.6930940134963545;-1.0839015788532413;1.044258031527713;1.4746436254817958;0.9994411162855472;1.2866390364318046;1.0018874078218947
30.086487;1.4424478852425735;0.6275799648186626;0.4340307660234422;1.7405387803617225;1.2052118967709458;9.998190818142595;0.6931032459756584;-1.0839315812216044;1.0442589186400668;1.4728699927143658;0.9994303436361011;1.2866615552272427;1.0018754643682533
30.086525;1.4408146985826737;0.6413563273716748;0.4440768897344451;1.7332009128084627;1.2015118588094744;9.998280805319261;0.6931128717809042;-1.0839615834652148;1.0442597419204882;1.4711190398728906;0.9994192104150587;1.286683868136744;1.0018623644797093
30.086562;1.4392078323998292;0.6545599964905212;0.4537402199146548;1.7259817455443125;1.197864561685355;9.998368920334634;0.6931228824685534;-1.083991585572434;1.0442604503543496;1.469394976755912;0.9994076904147321;1.286705960678361;1.0018481304305864
30.086599;1.437628031251172;0.6672060274197199;0.46302920921999724;1.7188877261527458;1.1942741904544123;9.998455188052388;0.6931332723548455;-1.0840215875324153;1.0442609970279908;1.4676970899134363;0.9993957646760585;1.2867278238411446;1.001832800082948
30.086636;1.4360766267562652;0.6793231217864537;0.4719616687787112;1.7119263703364223;1.1907452155218643;9.998539663888963;0.6931440377566126;-1.0840505893312529;1.0442613399034575;1.4660290755508716;0.9993834267924181;1.2867486095517313;1.0018164230040436
30.086674;1.4345552252406033;0.6909337698183731;0.4805510695385576;1.7051018032890128;1.1872795521031767;9.998622466697839;0.6931551775191833;-1.0840805909516662;1.0442614419318796;1.4643916664363377;0.9993706855583987;1.2867699999145923;1.0017990577869305
30.086699;1.4335573039573806;0.6985014492060833;0.4861629323224456;1.700576195394064;1.1849771783926437;9.998703732756297;0.693167698073979;-1.084100592375985;1.0442612711470352;1.4633027972685126;0.9993575653758282;1.2867832735000948;1.00178076851868
30.086699;1.4335901185455744;0.6985191227707798;0.4861677056013572;1.7005768865519726;1.1849767425090192;9.998783597306062;0.6931816123282993;-1.0841005935867332;1.0442608022050652;1.4632979624060773;0.9993441057721539;1.2867800223203152;1.0017616196211148
30.086699;1.433621813835288;0.6985448304796689;0.4861784923891275;1.7005710991966567;1.1849732889060505;9.998862239009993;0.693195926533774;-1.0841005945658497;1.0442600164545555;1.463291515618718;0.9993303543988119;1.2867765787670817;1.0017416724309085
30.086699;1.4336540431940972;0.6985724967041214;0.4861904793785328;1.7005655077218091;1.184970082551291;9.9989399389716;0.6932106309373959;-1.0841005952966767;1.0442588974797105;1.4632848685879978;0.9993163573026068;1.286772980752504;1.001720985074645
30.086699;1.4336872267460166;0.6986082013609035;0.48620773420871893;1.7005577107226166;1.1849650759395567;9.999017122913449;0.6932257035939356;-1.0841005957663314;1.044257428525767;1.4632778844073966;0.999302155010073;1.286769278486454;1.001699611731928
30.086699;1.4337176609493463;0.698659536567501;0.4862367701741761;1.7005392668295471;1.18495540329134;9.999094335040448;0.6932411191494499;-1.0841005959653058;1.0442555933503859;1.4632676374349047;0.9992877836551852;1.2867655286809987;1.001677598428951
30.086699;1.4337440501021739;0.6987431302155368;0.48628957635503767;1.700500330976254;1.1849352154912485;9.99917214876209;0.6932568521371696;-1.0841005958861027;1.044253373123555;1.4632542596771148;0.9992732786021135;1.2867617821596555;1.0016549810540474
30.0867;1.4337617357128172;0.6988925741423635;0.4863911102371428;1.7004242551797704;1.1848966903059526;9.9992510480454;0.6932728741456538;-1.0841015955228404;1.0442507433672266;1.4632305992715477;0.9992586782068978;1.286758918732546;1.001631789637468
30.086701;1.433762924464853;0.6991694568063321;0.4865869167730797;1.7002716849194204;1.1848187673259005;9.999331314367954;0.693289154374083;-1.0841015948693415;1.044247678466733;1.4631887961677488;0.9992440246657719;1.2867552786341285;1.0016080542748447
30.086702;1.43372855796447;0.6996985052338137;0.4869703866848652;1.6999637378709849;1.184662137890494;9.999413023548591;0.6933056650783471;-1.0841035939145214;1.0442441571497307;1.4631101621558733;0.9992293589423267;1.286753405536565;1.0015838085324933
30.086706;1.4336239076170927;0.7007358322145569;0.48773187404815554;1.6993501075694184;1.1843506324416047;9.999496127365974;0.6933223824337;-1.0841065926397089;1.0442401613529297;1.4629585592518137;0.9992147125761252;1.2867524743259684;1.001559087561014
30.086713;1.4333814031869245;0.7027749070747427;0.48923864847119536;1.6981261155430785;1.1837274854260802;9.999580470316463;0.6933382824589435;-1.0841115910209402;1.0442356705612288;1.4626607217690295;0.9992001070995287;1.2867528106180433;1.001533921645624
30.086726;1.4328620012404165;0.7067834944888111;0.4922142086367896;1.6956908864579858;1.1824879479394188;9.999665777432497;0.6933543390482366;-1.0841225890339818;1.0442306591266275;1.4620722228260297;0.9991855573162305;1.2867583484487557;1.0015083351275784
30.086754;1.431801010250269;0.7145925983920861;0.4980317859323839;1.6908818720884269;1.1800372860774835;9.999751717003559;0.6933705257442635;-1.0841445866576445;1.0442251029171958;1.4609137834694568;0.9991710681754927;1.2867733240828436;1.001482351024368
30.086782;1.4307565108140672;0.7221606009589365;0.5036837333536397;1.6861508055826782;1.1776237702069092;9.999837957162796;0.6933868201804596;-1.0841665838732104;1.0442189883882436;1.4597736182381984;0.9991566355068743;1.2867884927349733;1.0014559918816681
30.086809;1.4297308272994191;0.7294971306480573;0.5091753683960891;1.6815044964063757;1.1752503928256204;9.999924162546433;0.6934022051683628;-1.0841885806628728;1.0442123138608508;1.4586523113560501;0.9991422580903285;1.28680333112267;1.001429275599256
30.086837;1.4287217347077439;0.7366070185290925;0.5145102964454721;1.6769375866823761;1.172915383621867;10.000010013307127;0.6934186611647042;-1.0842095770096316;1.0442050857808647;1.4575503133651369;0.9991279481916974;1.28681809002851;1.0014022088213037
30.086865;1.4277311184483206;0.743500532759406;0.5196944990333671;1.6724534296756595;1.1706196633781707;10.00009524203168;0.6934341584245932;-1.084231572898444;1.0441973153654938;1.456467454909187;0.9991137322591495;1.286833390928733;1.001374785184876
30.086892;1.426758070266068;0.7501821841831362;0.5247309651866066;1.668051190176786;1.1683635025520493;10.000179638228996;0.6934506565952395;-1.0842535683191161;1.0441890197626043;1.4554039401206216;0.9990996493088229;1.2868494842501512;1.0013469937814956
30.08692;1.4258025241592802;0.7566610512744204;0.5296256177787477;1.66373108367813;1.1661472031979454;10.000263056629896;0.6934671074378824;-1.0842755632693863;1.0441802283548955;1.4543598317857191;0.9990857517616288;1.2868658477192576;1.0013188291347714
30.086947;1.4248652572009552;0.7629421014217503;0.5343812249089017;1.6594943274038185;1.1639710804003212;10.000345425301647;0.6934824555289456;-1.084296557754306;1.04417098554302;1.4533351955511395;0.9990721045642758;1.2868811172182202;1.0012902934823937
30.086975;1.4239446200810573;0.7690310471015638;0.5390020227005156;1.6553394058286741;1.1618355285272912;10.000426694783215;0.693498639026979;-1.0843185517822125;1.0441613460592227;1.452330261188611;0.9990587817489351;1.286898065636143;1.0012613949445608
30.087003;1.4230422939783098;0.7749365061635827;0.5434930659566476;1.6512656311100078;1.1597388221884752;10.00050678687929;0.6935135940119793;-1.0843405453614912;1.0441513689605122;1.4513449001589969;0.9990458600482963;1.2869147726546313;1.001232151100201
30.08703;1.4221575349229767;0.7806629362928259;0.5478574141669003;1.6472731078391054;1.1576817840628737;10.000585618279766;0.6935292596117149;-1.0843615384999896;1.0441411150586148;1.4503793348843739;0.9990334110815643;1.286931467508411;1.0012025908259048
30.087058;1.42128928437688;0.7862154830804058;0.5520987403075533;1.643360403822432;1.1556644093892563;10.00066313398978;0.6935445806105037;-1.0843835312056123;1.0441306472044802;1.449432454767481;0.9990215008714264;1.2869492894892722;1.0011727430791921
30.087085;1.4204388093286449;0.7916000757244072;0.5562203708125103;1.6395300411180946;1.1536875780179279;10.000739329556477;0.6935585079654086;-1.0844045234867066;1.044120030422013;1.448505301615446;0.9990101969403693;1.2869660142239119;1.0011426280533988
30.087113;1.4196058920587116;0.7968243727259243;0.5602274310305134;1.6357769536815776;1.1517480365373785;10.000814276084032;0.6935729993011331;-1.0844265153532437;1.0441093287960597;1.4475969700455587;0.9989995746375794;1.286984411230155;1.0011122605977194
30.087141;1.4187888761941692;0.8018887697056037;0.5641205257344442;1.6321031230934422;1.149848651354624;10.000888049088589;0.6935860218965049;-1.0844475068188284;1.0440986004222443;1.4467077508409998;0.9989897185522907;1.2870017300842407;1.0010816561812226
30.087168;1.4179897153995924;0.8068027742471786;0.5679052667198224;1.6285068024432225;1.1479867348577613;10.000960598917425;0.6935995559059954;-1.0844694978998106;1.0440879004626205;1.445837409506248;0.998980715859009;1.2870207459085337;1.0010508381889953
30.087196;1.4172066082610524;0.8115694426362609;0.5715842336579358;1.624988326867017;1.1461641025910994;10.001031751383342;0.6936125938929518;-1.084490488611515;1.044077295184903;1.4449851087407646;0.998972643552921;1.2870392408616385;1.001019842371134
30.087223;1.4164395518932855;0.8161909274893053;0.5751586747692453;1.6215445067516012;1.1443786156140845;10.001101291163831;0.6936241364208618;-1.084512478967213;1.044066868725734;1.4441508261618194;0.9989655626113145;1.2870583533410476;1.000988710938317
30.087251;1.4156895366672164;0.8206766324223255;0.5786345700031177;1.6181773100766346;1.142630969624506;10.001168971628294;0.6936361845440099;-1.0845334689809725;1.0440567137500942;1.44333395466763;0.998959524152996;1.2870774566116139;1.00095748279048
30.087279;1.4149548016285451;0.8250289502474224;0.5820140950645901;1.6148829685298882;1.1409200409073694;10.001234506537596;0.6936467333396076;-1.0845544586701448;1.0440469222243802;1.4425364740262245;0.9989545723007902;1.2870962894150424;1.0009261903928433
30.087306;1.4142353984711091;0.8292498120464903;0.5852983768426155;1.6116599673139054;1.1392448374706932;10.001297579166273;0.693657772414062;-1.0845764480546458;1.0440375842596694;1.4417554470286857;0.9989507382222746;1.2871167469210976;1.000894864670636
30.087334;1.4135323765593877;0.833347255787682;0.588492451733122;1.6085102915379104;1.1376060418982041;10.001357822141959;0.6936682901207526;-1.0845974371541844;1.0440287889188236;1.440991861122713;0.9989480391369069;1.2871365861435358;1.0008635382828417
30.087389;1.412147318534005;0.8411575326938189;0.5946049557278957;1.6024196206347194;1.134431421655542;10.001414853654165;0.6936762739804652;-1.0846394259868497;1.0440206215185655;1.4395101243883122;0.9989464797550853;1.2871732498309452;1.0008322433665442
30.087439;1.4109551370715443;0.8478003395563583;0.5998207625856901;1.5971727924258448;1.1316932893281928;10.00146837129835;0.6936837080325646;-1.0846784145703934;1.0440131560221473;1.4382332581818715;0.9989460490584229;1.2872075919993176;1.0008010128528557
30.087488;1.4098111194281562;0.8540946848289448;0.6047783392055359;1.5921414243021663;1.1290641654020546;10.001518172140141;0.6936915683860451;-1.084716402924147;1.0440064512632752;1.4370088433455843;0.9989467256167299;1.2872418332469133;1.0007698857562064
30.087538;1.4087136995291534;0.8600604600223309;0.6094913418646509;1.5873184009549697;1.1265407859309258;10.001564134969428;0.6936978153454496;-1.0847533910692653;1.04400055547442;1.4358337500549787;0.9989484915355291;1.2872748950477242;1.0007389076344102
30.087588;1.4076623575524585;0.8657167267029018;0.613972468830558;1.5826992965682523;1.124120925210025;10.001606229765295;0.6937043893926412;-1.0847913790281174;1.0439955127651752;1.434707283846979;0.9989513351554224;1.2873095361192046;1.0007081251639798
30.087638;1.4066546691700432;0.871080347136833;0.6182337656624467;1.578273826421119;1.1217996865350994;10.001644483364208;0.6937102205084708;-1.0848293668248374;1.043991372167203;1.4336284389728418;0.998955241759409;1.2873443619726324;1.0006775810810447
30.087676;1.4059063135233338;0.8750543089295714;0.6213985811425966;1.5749711065608183;1.1200665617532872;10.001678876387695;0.6937152448156753;-1.0848583544864119;1.0439881982217367;1.4328239141764243;0.9989601878481696;1.2873717688261839;1.0006473130671794
30.087676;1.4059270296451378;0.8750722820657048;0.6214119421709099;1.5749706789746583;1.1200679311757518;10.001709236627548;0.6937214151891237;-1.0848583420430025;1.043986070612758;1.4328296477671443;0.9989661379300311;1.2873759589586202;1.000617354173988
30.087676;1.4059465891101006;0.8750947072955301;0.6214294074224486;1.5749653613072931;1.1200662850699317;10.001735229490812;0.6937267008997194;-1.0848583295275978;1.0439850699489206;1.4328342431586925;0.9989730381762083;1.2873802513323067;1.0005877308728168
30.087676;1.4059644761867818;0.875117414020642;0.6214481928025346;1.5749598763222386;1.1200654412833109;10.001756460381962;0.6937310806567344;-1.0848583169737178;1.0439852645077523;1.4328402529112307;0.9989808194986401;1.287384596884699;1.0005584563109582
30.087676;1.4059815443614034;0.8751439236589407;0.6214703886082562;1.5749489485858912;1.120061035361053;10.001772557332222;0.6937345383179647;-1.0848583044102444;1.0439867095310837;1.4328441733879902;0.9989894122441415;1.2873889347801133;1.0005295280887352
30.087677;1.4059959229327037;0.875181428533143;0.6215019123359646;1.5749294823813489;1.1200524284411653;10.001783181003916;0.6937370647185943;-1.0848592918564606;1.0439894513850778;1.4328473876455494;0.998998751546201;1.2873940451199868;1.000500939416206
30.087677;1.406005710859852;0.8752423652977956;0.6215524386718085;1.5748893543443194;1.1200325759902505;10.001788036304243;0.6937386599455397;-1.0848592793210947;1.0439935279335248;1.432845810605242;0.9990087700935693;1.287398187958715;1.0004726871101093
30.087678;1.4060052610746574;0.8753486450856243;0.6216400508996843;1.5748088851192963;1.1199920307110214;10.001786908727361;0.6937393301770299;-1.0848602668067127;1.0439989721999776;1.432834024445945;0.9990193945466874;1.287403000732986;1.0004447655833812
30.08768;1.405986722379229;0.8755502216504503;0.6218037606807708;1.5746497035836828;1.119909795652422;10.001779690977035;0.6937380796210069;-1.0848612543166607;1.0440058197476885;1.4328047424131143;0.9990305469135279;1.2874070577974415;1.0004171642482442
30.087684;1.4059323711528333;0.8759348961332993;0.6221138784841991;1.5743354110148493;1.119745678994287;10.001766396894267;0.693736905643798;-1.0848642418591807;1.0440141094436695;1.4327366852203687;0.9990421434428406;1.287413081038469;1.0003898747293376
30.087691;1.405803802043931;0.8766931080044008;0.622722931682472;1.5737067546683576;1.1194169958147606;10.0017471644659;0.6937348021142434;-1.0848702294481125;1.0440238793084535;1.4325923668375122;0.9990540931691312;1.2874213444376685;1.0003628945493053
30.087706;1.4055322691534058;0.8781785770371011;0.6239132880116246;1.5724612546974102;1.1187631986919955;10.001722211348712;0.6937307647897715;-1.0848812171033135;1.0440351642221812;1.432298395649354;0.9990663035104952;1.2874329802344793;1.0003362259018451
30.087736;1.4049823246699935;0.8810721181074084;0.6262305994407666;1.5700242831920344;1.1174826733582592;10.001691740748209;0.693725793368311;-1.0849042048499065;1.044047992050101;1.4317110981849122;0.9990786907616321;1.2874544249997424;1.0003098756037367
30.087797;1.4039079739121272;0.8865851153598021;0.6306509026645004;1.5653384086128468;1.1150161501268472;10.001655880602454;0.6937178935309352;-1.0849491927151107;1.0440623764835464;1.4305727033896827;0.9990911799436393;1.2874930374388514;1.0002838554426865
30.087857;1.402889375373317;0.8917580504446112;0.6348106547279586;1.560896883366051;1.1126757991986709;10.001614704438719;0.6937090790713175;-1.0849951807260014;1.0440783135753433;1.4294935564029618;0.9991036890315729;1.2875322219765561;1.000258184436714
30.087917;1.4019256854960542;0.896614526879738;0.6387259938325277;1.5566919247308817;1.1104572938366244;10.001568235599878;0.6936993681147945;-1.08504016890913;1.0440957841245826;1.4284722761513722;0.9991161179797275;1.2875703136516132;1.0002328937606206
30.087978;1.4010127816925664;0.9011734355815791;0.6424113021024832;1.5527109837307218;1.1083554483621978;10.001516398773703;0.6936887759868973;-1.0850851572902107;1.044114758860866;1.4275071943222186;0.9991283574601308;1.2876081707102505;1.0002080287999453
30.088038;1.4001500992915485;0.9054562233786891;0.6458812598426289;1.5489436493307496;1.106363715009898;10.001459033941096;0.6936773144751452;-1.0851301458944782;1.044135204305517;1.4265941298872091;0.9991403040531129;1.2876458029958648;1.0001836455830473
30.088098;1.399333977045483;0.9094751873898118;0.6491455199096237;1.5453820353495764;1.104479735977305;10.001395975163948;0.6936649976976169;-1.0851741347474333;1.0441570847336856;1.4257313366726105;0.9991518682366083;1.2876823759032723;1.0001598027312129
30.088158;1.3985627290965736;0.9132524542233231;0.6522199374629956;1.5420120999700841;1.1026951380675731;10.001327106469937;0.6936518461018991;-1.0852191238749018;1.0441803589523542;1.4249178930663433;0.9991629789457483;1.287719586491897;1.000136550781003
30.088219;1.3978343264999273;0.9168025759837365;0.6551151954812717;1.5388267321547175;1.1010067297315427;10.001252379225596;0.6936378848628939;-1.0852641133026226;1.0442049784056717;1.4241495664307162;0.9991735862284168;1.2877566114098342;1.0001139259792862
30.088279;1.3971453909784173;0.9201353707487908;0.6578392941674691;1.535816744208044;1.099410859255592;10.001171820832965;0.6936241400036887;-1.0853081030553395;1.0442308904949267;1.4234262714217052;0.9991836571973457;1.287793172529463;1.0000919527231191
30.088339;1.3964957088629764;0.9232702781409752;0.6604056991017804;1.5329729031655994;1.0979013110829776;10.00108552317327;0.6936086386209075;-1.0853520931551193;1.0442580444744827;1.4227440308320287;0.9991931700597759;1.2878290640244665;1.0000706466677958
30.0884;1.3958817465629145;0.9262177571585546;0.662823073064374;1.530287110804169;1.0964752623511729;10.000993576920377;0.6935924153711194;-1.0853960836189533;1.044286394582271;1.4221013871791417;0.9992021120288112;1.2878648494749878;1.0000500140687834
30.08846;1.3953019532958761;0.9289878399440383;0.6650988893796784;1.5277500788030813;1.0951274499226522;10.000896019701859;0.6935755176859855;-1.0854400744570494;1.0443158949452263;1.421497553619223;0.9992104747043219;1.287900546759669;1.0000300507559627
30.08852;1.3947552130833831;0.9315914352903453;0.6672410883525327;1.525355056370802;1.0938540640794703;10.000792830316442;0.69355800707039;-1.0854840656726452;1.0443464938329723;1.420929699216594;0.9992182461826229;1.2879361737842463;1.0000107403188345
30.088581;1.394238837834959;0.934042164375074;0.6692603681285072;1.5230949482569236;1.092652261967247;10.000683914130699;0.6935399615762842;-1.0855280572626462;1.0443781385842632;1.4203960728535778;0.9992254114875638;1.2879717575247427;0.9999920521986395
30.088641;1.3937525337315155;0.9363469977375577;0.671161576797673;1.5209636485617064;1.09151801829083;10.000569104625223;0.6935214757464269;-1.0855710492202562;1.0444107818575121;1.4198957841776658;0.9992319602404569;1.2880064897960815;0.9999739435374317
30.088701;1.393293449407975;0.9385150133394738;0.6729523521730636;1.5189523444968405;1.0904473551304683;10.000448206279982;0.6935036519268515;-1.0856150415392787;1.0444443791644544;1.4194256684342;0.9992378903771558;1.2880426278496542;0.9999563643240978
30.088761;1.3928603440522056;0.9405553295560106;0.6746396215222896;1.517053504734652;1.089435930543611;10.000321036052084;0.6934845857143532;-1.0856580342153297;1.0444788818670863;1.418985269155658;0.9992432094156157;1.288077437774207;0.9999392658883846
30.088822;1.3924515692545174;0.9424730984696034;0.6762276882988392;1.5152652548432195;1.0884837668347123;10.000187450044786;0.6934653554658404;-1.0857010272433603;1.0445142295187047;1.4185729218855996;0.999247935705432;1.2881123215998904;0.9999226116817526
30.088882;1.3920664614478229;0.9442801918780523;0.6777252243726731;1.5135794451527025;1.0875855965689398;10.00004735870545;0.6934460236407194;-1.0857440206164246;1.0445503485016787;1.418186947623055;0.9992520950748547;1.2881472899684565;0.9999063802959277
30.088942;1.391703382679278;0.9459799281765767;0.679135234697319;1.5119897253304593;1.086738191331984;9.999900679338214;0.6934266440073243;-1.085787014325533;1.0445871645140252;1.4178258843641018;0.999255714315366;1.2881823464625293;0.99989055935022
30.089003;1.3913609130772868;0.9475801569357845;0.6804638747072197;1.510491889261894;1.0859396828677053;9.999747266249615;0.6934082646955266;-1.085830008358045;1.0446246163710549;1.4174890282272155;0.9992588188515179;1.2882180336537499;0.9998751399417534
30.089063;1.3910379990374109;0.9490880085014468;0.6817166181283372;1.5090805304940265;1.0851870542088478;9.999586973200884;0.6933889275635217;-1.0858730026982601;1.044662651493505;1.4171739489113178;0.9992614386109699;1.2882532817380912;0.9998601132729605
30.089123;1.3907344508668305;0.9505055854062889;0.6828949245593349;1.5077535875693189;1.0844790240612523;9.999419796508846;0.6933696707462691;-1.085914997331544;1.044701212745814;1.4168795028009886;0.9992636145403392;1.2882877919166569;0.9998454679232944
30.089183;1.3904473048196953;0.9518415305170642;0.6840063500768079;1.5065018101612682;1.0838113106249694;9.999245910131958;0.6933505351764415;-1.0859579922475056;1.0447402381928361;1.4166049978956758;0.99926539963973;1.2883232502435493;0.9998311853800129
30.089244;1.3901759976489367;0.9530978331284921;0.685052515906419;1.5053238877187538;1.0831834769629745;9.999065607525623;0.6933325695160736;-1.0859999874404271;1.0447796665853244;1.4163499821517191;0.99926685888754;1.288358507017315;0.9998172308644041
30.089304;1.389921940615823;0.9542805320990948;0.6860369983316119;1.5042165971590378;1.0825921792360678;9.99887926830808;0.6933138337641452;-1.0860419829070456;1.0448194359812704;1.4161114010998772;0.9992680671499804;1.2883933236249085;0.9998035475653899
30.089364;1.3896812496863533;0.9553964815366541;0.6869665878052952;1.50317399020212;1.0820362431932595;9.99868738420131;0.6932954014522839;-1.0860839786434602;1.0448594864101033;1.4158897986738281;0.9992691045469976;1.28842822935471;0.999790066061029
30.089425;1.3894555766220489;0.9564477997212798;0.6878419495720062;1.5021945896370037;1.0815134013130916;9.998490611771862;0.6932773540337;-1.086125974645339;1.0448997723418538;1.4156840657549246;0.999270052560652;1.2884632103282703;0.9997767241365434
30.089431;1.3894375840934585;0.9565469994196697;0.6879285210413516;1.502091298492624;1.0814590519794205;9.998289798043354;0.6932627718996367;-1.08612997091116;1.0449402728716477;1.4156983012579993;0.9992709865094341;1.2884678406384455;0.9997634802261492
30.089431;1.3894441217374809;0.9565379681258354;0.6879244715622436;1.502091350544019;1.0814595783990542;9.998085956886797;0.6932487320757451;-1.0861299674438787;1.044980989960173;1.415738304463797;0.9992719668988725;1.2884691444987373;0.9997503137723405
30.089431;1.3894502234225392;0.9565323620900745;0.68792257924913;1.5020893009167537;1.0814585434152162;9.99788023242456;0.6932353087360391;-1.0861299642480504;1.0450219378294014;1.4157771656643992;0.9992730398997425;1.288470476798316;0.9997372169068274
30.089431;1.3894551775875539;0.9565234629264754;0.6879183820035429;1.5020883232914606;1.0814588288888631;9.997673911458316;0.6932225700264728;-1.0861309613240924;1.0450631361861373;1.4158169488028758;0.999274241891732;1.2884726584864952;0.9997241850328922
30.089432;1.3894598080944582;0.9565194379382794;0.6879173777278816;1.5020855321008646;1.0814577642269485;9.997468453879724;0.6932105751639076;-1.0861309586658732;1.0451046062726017;1.4158553787613;0.9992755988337757;1.2884739774700253;0.9997112138765643
30.089432;1.38946341198823;0.9565174493691415;0.6879178955119758;1.502079264463136;1.081454748942702;9.997265417104906;0.6931993755775934;-1.0861309562641277;1.045146357740138;1.4158916109603787;0.9992771263261317;1.2884752477306964;0.9996983029606301
30.089433;1.3894652826439442;0.9565236892445379;0.6879247634973247;1.502065558666248;1.0814475261277423;9.997066282623997;0.693189018264532;-1.0861309541099058;1.0451883781104312;1.4159269788790532;0.9992788346285311;1.2884764360038732;0.9996854583133007
30.089434;1.3894639479025472;0.9565425289720015;0.6879418817155435;1.5020404447862683;1.0814344275996128;9.996872344234832;0.6931795498732901;-1.0861329521938683;1.0452306371360136;1.415958695566144;0.9992807325339554;1.2884791876170905;0.9996726907666548
30.089438;1.389456629666699;0.95659031167074;0.6879824348648754;1.5019902211457956;1.0814078033994907;9.996684696554093;0.69317101805495;-1.0861349505046207;1.0452730918116189;1.4159829288611132;0.999282829616979;1.2884817722926316;0.9996600147007473
30.089444;1.3894382758864812;0.9566911461063885;0.6880663525966627;1.5018926740008756;1.08135566003666;9.99650423893612;0.6931644666792838;-1.0861379490294374;1.0453156858880759;1.4159928589377677;0.9992851389101551;1.2884855277561922;0.99964745093213
30.089457;1.3893948051708769;0.9569028529722309;0.6882423364153268;1.5016912665482516;1.0812483304164195;9.996331696708026;0.693161928150983;-1.0861439477552974;1.0453583485066238;1.4159778518426192;0.9992876743035692;1.2884931787820602;0.9996350269061597
30.089482;1.389303275631334;0.9573302551905606;0.6885973564731751;1.5012892253814092;1.0810340619378918;9.996167664847855;0.6931744191587207;-1.0861499466679212;1.0454009927484325;1.4159108656106318;0.9992904437006691;1.2885080861140146;0.9996227698639262
30.089534;1.389115767160158;0.9581953125209844;0.6893152189263992;1.5004789786456487;1.0806006969539832;9.996012606204337;0.6932409458552542;-1.0861369457511474;1.0454435224834486;1.4157412752073932;0.9992934469214125;1.2885352023532628;0.9996106993975139
30.089585;1.3889260093388907;0.9590641856430775;0.690037185597635;1.4996607910973767;1.0801635142771289;9.995866806154403;0.6933545169412295;-1.0860929449882453;1.0454858511872518;1.4155681078013758;0.999296677891633;1.2885606261975948;0.9995988247885178
30.089688;1.388534486978901;0.9608176565035648;0.6914972419173304;1.4979879232092679;1.0792677173374343;9.995730361459708;0.6937161509105213;-1.0859109443640595;1.045527916726149;1.4151803825165212;0.9993001305985556;1.2886024497472317;0.9995871522977294
30.08978;1.388172159173565;0.9624105869313468;0.6928279748058519;1.4964295197537323;1.0784315935589812;9.995603226908969;0.6941838691398454;-1.0856409438661436;1.0455696774235235;1.4148218929155467;0.9993038129271047;1.2886264720486742;0.9995757003878316
30.089872;1.387797854666111;0.9640190632326995;0.6941767595218566;1.4948109294721779;1.077561374010139;9.995485277947719;0.6947756841680173;-1.0852729434830963;1.0456111014358938;1.4144483943123378;0.9993077596376729;1.2886341193355175;0.9995645043894782
30.089964;1.3874093482908478;0.9656464675927808;0.6955472180602875;1.4931243580096;1.076653156518484;9.995376353324755;0.695483592934944;-1.0848069432030658;1.0456521635225127;1.4140586723688695;0.9993120311186698;1.2886212900744864;0.999553607080967
30.090057;1.3870045238656081;0.9672942212648786;0.6969415198738087;1.4913564813554243;1.0756989436806816;9.995276251512056;0.6963015747579729;-1.0842439430148234;1.0456928410969095;1.413650479275582;0.999316701390365;1.2885858507083072;0.9995430532370522
30.090149;1.386583660203628;0.9689064909703629;0.6983193343334506;1.4894932747632192;1.0746883490564316;9.995184681980543;0.6971645933215218;-1.083586942907691;1.0457331083894843;1.413221209117555;0.9993218471131449;1.2884954529578312;0.9995328864596343
30.090226;1.3862214702829974;0.9701982331458475;0.699437258415537;1.487863174868889;1.0738004475539062;9.995101219263287;0.6978966029427951;-1.0829709428697496;1.0457729360250385;1.4128533533348429;0.9993275388865647;1.288368354253543;0.999523137378964
30.090302;1.3858474018215854;0.9714447001577928;0.7005293649257789;1.486157429342909;1.0728672193566715;9.995025313850705;0.6986325561364759;-1.082290942888049;1.0458122911345398;1.4124703809149834;0.9993338342282185;1.288189309795382;0.9995138182791539
30.090379;1.385460244658516;0.9726474801631176;0.7015974585464367;1.4843731664272928;1.0718874618028547;9.994956392421349;0.6993714074828506;-1.0815479429516262;1.0458511331585763;1.412070303932539;0.9993407768879854;1.2879586970658696;0.999504931637503
30.090532;1.3846341163221272;0.9749264704324805;0.7036671105546293;1.4805674896127696;1.0697867774807412;9.994894016061775;0.7008431125052582;-1.0798789430547115;1.045889408943194;1.4112034276095315;0.9993484015272119;1.2873500359689258;0.9994964738929663
30.090685;1.3837515395501965;0.9770439544615458;0.7056517053500521;1.4764408666686253;1.0674956044363555;9.99483795927195;0.7023166261826093;-1.0779679431970477;1.045927056265815;1.4102729848031972;0.9993567373192573;1.2865422255899774;0.9994884307054336
30.090839;1.3828125350321012;0.9790152283251499;0.7075624313657501;1.4719935059580496;1.0650134051164764;9.994788139022889;0.7037919049702762;-1.0758219433818657;1.0459640137436805;1.4092793242693016;0.9993658048336252;1.285541837869225;0.9994807741640611
30.090964;1.3820055194061414;0.9805257905078048;0.7090749295583864;1.4681197087612243;1.0628419803139924;9.994744534693968;0.7049989107154468;-1.0738959436150657;1.0460002208848387;1.4084228935711536;0.9993756090825098;1.284581554841367;0.9994734629184088
30.090964;1.3820204593492196;0.9805188512269595;0.7090681141089401;1.468119665479506;1.0628416975054933;9.99470716272628;0.7050086121630935;-1.0738959439052198;1.0460356115951188;1.4084392701402133;0.9993861379549187;1.2845743241750527;0.9994664476324447
30.090964;1.3820352351486693;0.9805133506672202;0.7090629956259039;1.4681162309869755;1.062839539335204;9.99467602516258;0.7050199825286388;-1.0738939442613074;1.046070118882968;1.4084536451558487;0.9993973636775307;1.2845655186924299;0.9994596837654629
30.090964;1.3820503688944432;0.9805070265412199;0.7090576871426947;1.4681115747971112;1.0628366626280912;9.994651076514021;0.7050329965659414;-1.0738919446913113;1.0461036879700747;1.4084673088310886;0.999409241066064;1.2845568612012706;0.9994531405223138
30.090964;1.3820653294270788;0.9805018425818358;0.7090538954185638;1.468104882899015;1.0628328905821405;9.99463221833417;0.7050466311862493;-1.073888945204508;1.0461362787886255;1.408479135548836;0.9994217081018045;1.2845470326833819;0.9994467969667312
30.090965;1.3820791670245043;0.980498384356574;0.7090525447997326;1.4680885400600785;1.0628234600050477;9.994619248068116;0.7050628685250794;-1.0738809458131884;1.0461678534782022;1.4084884550353234;0.9994346879894281;1.2845338610625143;0.9994406308562275
30.090966;1.382090942440517;0.9805020121332209;0.7090580192857258;1.4680588372875953;1.062806436076998;9.994611855980589;0.7050846966720052;-1.0738659465316767;1.0461983663497871;1.4084933925328083;0.999448086719151;1.2845173960371319;0.9994346108173847
30.090968;1.3820964714066832;0.9805147631178076;0.7090739726522428;1.4679978382788117;1.0627720808140986;9.994609708064635;0.7051171058750131;-1.07383494737367;1.0462277650097902;1.4084920233292144;0.9994617985484092;1.284492931277945;0.9994286976137241
30.090972;1.382090589035373;0.9805496125295977;0.7091124805028259;1.467878066347829;1.0627044984575416;9.994612481801843;0.7051670829257075;-1.073774948350259;1.046255993282799;1.4084749147890365;0.9994757226852597;1.2844535090694664;0.9994228497168023
30.090979;1.3820590243561477;0.980627350167501;0.7091959489212379;1.4676350533927809;1.0625680073557449;9.994619843697013;0.705253605665322;-1.073652949471934;1.046282994079793;1.408430822447403;0.9994897695905814;1.2843820457871087;0.9994170283691529
30.090994;1.3819777631317487;0.9807940527843546;0.7093701084962328;1.4671498081302143;1.06229491661711;9.994631407268251;0.7054146389793022;-1.0734069507504194;1.0463087162327658;1.408331686651763;0.9995038558930494;1.284247682353905;0.9994112027831564
30.091025;1.3817915872901638;0.9811323331807041;0.7097232352698005;1.4661645207523932;1.0617409281953947;9.99464667415111;0.7057201400946195;-1.0729079521954767;1.0463331203203894;1.4081208192596675;0.9995179078844776;1.2839812677050633;0.999405351680189
30.091085;1.3813931214231547;0.9818053336207816;0.7104289594497161;1.464162285807507;1.0606138513414385;9.99466509238791;0.706317073374042;-1.0718859538118908;1.046356179686096;1.4076804594706016;0.9995318728362962;1.283438641810973;0.9993994623447615
30.091207;1.3805444863395389;0.9831102119653744;0.7118260815354138;1.460003845560384;1.0582694104604558;9.994686262693767;0.7074944189663027;-1.0697379556003117;1.0463778783649555;1.406762603537997;0.9995457231771432;1.2822776481728033;0.9993935319787381
30.091328;1.3796611576398268;0.9843459862345513;0.7131935654926661;1.455648957502662;1.0558065806859656;9.994710061031869;0.7086721683040231;-1.0674549575587844;1.0463982097355493;1.4058047314788344;0.9995594494391349;1.2810081064650425;0.9993875668205526
30.091449;1.3787411256517375;0.9855178241994654;0.7145362419730482;1.4510965269486338;1.0532256471263597;9.994736582486103;0.709850316472393;-1.0650389596851912;1.0464171781122416;1.404805909874769;0.9995730489779745;1.2796321389129457;0.9993815773787453
30.091571;1.3777845441672698;0.9866288719908072;0.7158563559293395;1.446348920125929;1.050527718088701;9.994766040322112;0.7110298588246039;-1.062493961980712;1.0464348008439421;1.4037685900066301;0.9995865185188221;1.2781540792255155;0.9993755757067734
30.091692;1.3767927528952628;0.987683380874784;0.7171563272191808;1.4414119795364597;1.0477155020990685;9.994798699614392;0.7122087916471556;-1.0598219644488924;1.0464511116117077;1.4026913325760348;0.9995998517456777;1.2765749209283646;0.9993695761942212
30.091814;1.3757646906694543;0.988682052195623;0.7184372348876621;1.4362843869943362;1.044788318298334;9.994834841399992;0.7133881159028183;-1.0570249670904588;1.0464661624523097;1.4015749020698776;0.9996130421914916;1.2748973232251932;0.9993635963981641
30.092056;1.373577297073349;0.990547548444704;0.7209606401130653;1.4254825009135363;1.0386026266291088;9.99487474262815;0.7157298397196487;-1.0510739699013711;1.0464800195836772;1.3992214501202629;0.999626093136648;1.2712697604507222;0.9993576572214965
30.092275;1.3714926246898562;0.9920663378042227;0.7231854988595859;1.4151488705432946;1.0326614489336063;9.99491865305268;0.7178389754961291;-1.0453199728755826;1.0464927566196724;1.3969748368717516;0.9996390284617518;1.2676949468494256;0.9993517814794545
30.092493;1.369298043166584;0.9934445520579105;0.7253733185575415;1.4042602311385963;1.0263788808697;9.994966783644768;0.719949532598578;-1.0392039760080503;1.0465044470520457;1.3946093378771385;0.9996518962765369;1.2638432372856683;0.9993459872704097
30.092712;1.366995838134644;0.9946938693276911;0.7275317433041615;1.3928353605855524;1.0197637212599568;9.995019333106764;0.7220595101553833;-1.0327409792964743;1.0465151559523906;1.3921297282803882;0.9996647649053374;1.2597285463549557;0.9993402827394694
30.092866;1.3653129185370785;0.9954680772796126;0.7290182053458697;1.3844354606703357;1.0148835653990649;9.995076525218016;0.723527895880752;-1.0279659827415337;1.0465249356952993;1.3903104078130508;0.9996777166382561;1.2566475168415574;0.9993346720196804
30.093021;1.3635805267767467;0.9961142744925217;0.7304413698911504;1.375778152127509;1.009838852396994;9.995138603925088;0.7249326682457329;-1.0230289863457374;1.046533827078011;1.3884367225777716;0.9996908427271544;1.2534102118318946;0.9993291661296028
30.093176;1.3617998187871831;0.9966253551672283;0.7317952309398487;1.3668706371945663;1.0046327796935148;9.995205763748158;0.7262647960942896;-1.0179359901133282;1.046541862750524;1.3865120270946423;0.9997042357607713;1.2500167808137328;0.9993237854356332
30.09333;1.3599738202772909;0.996999852856192;0.7330768667377494;1.3577264888674019;0.9992718541689605;9.995278079386598;0.7275212392768445;-1.0126909940509026;1.0465490732672114;1.3845377221578534;0.999717978108532;1.246469121135481;0.9993185508453584
30.093485;1.3581031600260678;0.9972409379492612;0.7342880410080919;1.3483526910032477;0.9937595368563774;9.995355542072057;0.728706950513397;-1.007299998165521;1.0465554935649757;1.3825151814657013;0.999732138888999;1.2427753824692147;0.9993134731131861
30.093639;1.3561901430094108;0.9973490569268186;0.7354276175292899;1.338765124151091;0.9881046494606268;9.995438136112014;0.7298208759651504;-1.0017670024614695;1.0465611620605155;1.3804474722499982;0.9997467834382048;1.2389385744304091;0.9993085494555276
30.093794;1.3542366463103215;0.9973320586619576;0.7365001624583155;1.3289707467270768;0.9823098099276241;9.995525805495687;0.7308689592669891;-0.9960960069403982;1.0465661114099991;1.3783354797951775;0.9997619777758291;1.2349658093503957;0.9993037706641371
30.093948;1.352244042252381;0.9971887470117313;0.7375038420949973;1.318981628872457;0.9763818163237475;9.995618396433487;0.7318511471757815;-0.9902930116046662;1.0465703576904417;1.3761815563172988;0.9997777834253354;1.2308622828110065;0.9992991348720994
30.094103;1.3502137054840933;0.9969248460373128;0.7384419219308939;1.308810037255453;0.9703276506534624;9.995715727001262;0.7327713909300764;-0.984361016458455;1.0465738983706498;1.3739871069816478;0.9997942545789626;1.2266331397654968;0.9992946527190012
30.094258;1.3481472909440009;0.9965453287822914;0.7393169479532699;1.2984596812348839;0.964147777737426;9.995817719762053;0.7336306467960192;-0.9783060215052153;1.0465767235248913;1.3717533122141599;0.99981144029977;1.2222841726702618;0.9992903364265182
30.094412;1.3460473553593186;0.9960534646106619;0.7401296945283257;1.2879438617901184;0.9578491573596789;9.995924472877642;0.7344338778859212;-0.9721310267450641;1.0465788261701192;1.369483059866936;0.9998293908029874;1.2178211809725967;0.9992861884291534
30.094567;1.3439128458189447;0.995453321494516;0.7408835131309855;1.2772710326725796;0.9514377668546685;9.996036244074585;0.7351800531428567;-0.965841032173849;1.0465801987540568;1.3671768136398579;0.9998481622647736;1.2132479759688497;0.999282201591793
30.094573;1.3438425639376221;0.9954019724399756;0.7409072932942611;1.2768138879974138;0.9511624253344607;9.996153371375367;0.7352321427843674;-0.9655700377831642;1.0465808237649814;1.3670837516774772;0.9998678102333942;1.213052206271467;0.9992783645369464
30.094573;1.3438639529789174;0.9953776442413232;0.7409005643506417;1.2768150247624526;0.9511630573936624;9.996276187414106;0.7352541132365574;-0.9655700435604745;1.046580670660092;1.367089641144056;0.9998883802625743;1.2130541870326668;0.9992746657414662
30.094573;1.3438816929059993;0.9953506835647068;0.740893849692721;1.2768044801443252;0.9511570927566079;9.996405012485232;0.7352769262055237;-0.9655630494893421;1.0465796996667112;1.3670923486720084;0.9999099071571198;1.2130514805951045;0.9992710961611582
30.094574;1.3438994072961141;0.9953257611912452;0.7408885813794318;1.2767954080260864;0.9511517374486014;9.996540208125296;0.7352985430931869;-0.9655570555508668;1.0465778674508417;1.3670955074889504;0.9999324150218634;1.213049225677268;0.999267651262799
30.094574;1.3439145959711387;0.995298716069846;0.7408829962222102;1.2767750462093457;0.9511392313721364;9.996682167450077;0.7353219283846422;-0.9655440617258184;1.046575132293904;1.3670957178976713;0.9999559159050224;1.2130428642779179;0.9992643349652738
30.094575;1.3439238474885644;0.9952684968150902;0.740878160645332;1.276732408588373;0.9511137846156641;9.996831246058079;0.735346048486608;-0.9655180679949191;1.0465714602382328;1.3670905495551808;0.9999804174267098;1.2130270160603005;0.9992611646358329
30.094576;1.3439234713153645;0.9952349284217383;0.7408759541434462;1.276647120870352;0.9510628135668804;9.996987728773515;0.7353718707127276;-0.9654670743372488;1.0465668339500434;1.3670761131366715;1.0000059349187036;1.2129927447422695;0.9992581703813184
30.094578;1.3439049736491373;0.9951984998417277;0.7408814032330786;1.2764744290929926;0.9509589764767724;9.997151803648574;0.7354043656975217;-0.9653640807295125;1.0465612585731274;1.3670426961841546;1.0000324895480954;1.2129216044646942;0.9992553877141286
30.094583;1.3438500747293864;0.9951481219619513;0.7408963120461926;1.2761282243765781;0.9507510466429916;9.997323527428712;0.7354465092913797;-0.9651590871464591;1.0465547556234476;1.3669711213440099;1.0000600923667133;1.212775645432105;0.9992528516103308
30.094593;1.3437235546087702;0.9950765094136858;0.7409346797645281;1.275432261707502;0.9503326018410082;9.997502860184756;0.7355112829950776;-0.9647470935612183;1.0465473503005187;1.366823765934902;1.0000887352720949;1.2124792603550076;0.999250595069625
30.094613;1.3434549388183166;0.9949637551898611;0.7410206063253838;1.2740369550164647;0.9494928548662668;9.99768971263606;0.7356186775568269;-0.9639220999459504;1.0465390620852337;1.3665241932417465;1.0001183965916112;1.2118808986696736;0.9992486503439505
30.094653;1.342902597324338;0.9947588773185398;0.7411944549654453;1.271239385334405;0.94780732836269;9.997883906893628;0.7358126953762604;-0.9622661062722555;1.046529898476179;1.3659202972483873;1.000149048079932;1.2106755628843642;0.9992470518932048
30.094733;1.3417757521368576;0.9943566142000244;0.741538929720138;1.2656127570880316;0.9444142989924991;9.998085155478673;0.7361693451823527;-0.9589341125108563;1.0465198559311018;1.3647016148855802;1.0001806558340582;1.2082406464865887;0.9992458355528849
30.094893;1.3394871678440692;0.993505981805971;0.7421933489128777;1.2542503118373676;0.9375445469607571;9.998293127319522;0.7368256339687845;-0.952185118631755;1.0465089278295618;1.3622366187748653;1.0002131813645;1.2032888252761735;0.9992450312703948
30.095053;1.3371671532967986;0.9925502515272272;0.7427885650675039;1.2427465352279747;0.9305666754627019;9.998507486150487;0.7374275640493928;-0.9453261246049062;1.0464971081509222;1.3597378638970146;1.0002465868251809;1.1982351982453352;0.999244655808283
30.095213;1.3348171655389296;0.9914942052751753;0.7433271461932243;1.231111945709402;0.9234865406872113;9.998727888406707;0.7379801370526028;-0.9383631304009408;1.0464843893492686;1.3572065988233308;1.000280835892761;1.1930880891216453;0.9992447120141992
30.095373;1.3324379729323153;0.9903438047148606;0.743812949244467;1.2193526017685141;0.9163071783834215;9.9989539863639;0.7384833593131006;-0.9312981359920522;1.04647075827679;1.3546450487362964;1.0003158861236698;1.1878496008956585;0.9992451989084448
30.095533;1.3300324581549714;0.989100719274708;0.7442454294212164;1.2074808990652592;0.9090349666956373;9.999185406548323;0.7389402435619611;-0.9241371413532911;1.0464561935465169;1.3520537361994749;1.000351689490699;1.1825268314162938;0.9992461254442261
30.095694;1.327599417926439;0.9877693419368917;0.7446283659381137;1.195500078212998;0.9016722439707613;9.999421726748498;0.7393528081401605;-0.9168831464644505;1.0464406704300375;1.3494346278759317;1.0003882058630937;1.1771239180215862;0.999247513864447
30.095854;1.325142214730879;0.9863527587760466;0.7449619873315264;1.1834196759546647;0.8942229885620319;9.999662477704714;0.7397210756312074;-0.909540151310928;1.046424168940972;1.3467894428942762;1.000425409089947;1.171644537805122;0.9992493941173537
30.096;1.3228692953958783;0.9849827311330568;0.7452281079404333;1.172270429048356;0.8873266182329643;9.999907185887507;0.7400240711288212;-0.9027391558817427;1.046406676055236;1.3443425250760828;1.0004632815150787;1.1665639941075252;0.9992517960382264
30.096;1.322874913264436;0.9849525959977272;0.7452224782744887;1.172272452576507;0.8873284239207949;10.000155468406424;0.7400398182660891;-0.9027391601661787;1.0463881859273938;1.3443427746426806;1.0005018086111763;1.1665716344702177;0.9992547413328834
30.096;1.3228778806899995;0.9849215786261143;0.745217802319835;1.1722638176890205;0.887323472831816;10.000407093145897;0.7400563325213184;-0.9027311641521837;1.0463687025502884;1.3443407698777379;1.0005409742127391;1.1665740503377948;0.9992582399340278
30.096001;1.3228789474626326;0.9848894976741733;0.7452135598742741;1.1722519976924783;0.887316919028543;10.000661944614773;0.7400716158080765;-0.9027231678269471;1.0463482393774124;1.344337991824884;1.0005807558276996;1.1665761764169775;0.9992622871325468
30.096001;1.322877388523342;0.9848568834711307;0.7452106063598821;1.1722282325364906;0.8873026259627068;10.000919935637999;0.74008765698813;-0.9027081711775655;1.0463268168361812;1.3443320280700997;1.000621125832692;1.1665738777791463;0.999266857501118
30.096002;1.3228700840863823;0.9848215202832713;0.7452090720672317;1.172178624687607;0.8872721849150846;10.001180943134564;0.7401034391767898;-0.9026761741901029;1.0463044623708702;1.3443209411739991;1.0006620545932616;1.166558799738629;0.9992719078346697
30.096003;1.3228512373171446;0.9847798402835127;0.7452095732701397;1.1720791353400406;0.8872113159630636;10.001444791889703;0.7401199463450269;-0.9026131768469449;1.046281206145448;1.3442986604702638;1.0007035045144654;1.1665207679846714;0.9992773918533088
30.096006;1.3228112182474039;0.9847244258281375;0.7452119736086446;1.171875950876296;0.8870857772154408;10.001711244865474;0.740139163999214;-0.9024881791254055;1.0462570711956776;1.3442537709328484;1.000745423014553;1.1664371027562888;0.9992832679386757
30.096011;1.32272797925658;0.98464609664817;0.7452218127399003;1.1714663927360773;0.88683266139013;10.001980019808922;0.7401630804863282;-0.9022371810008427;1.0462320685393607;1.3441632131551553;1.0007877500045572;1.1662596143867445;0.9992894928424962
30.096022;1.3225610319760635;0.9845158391829266;0.7452400236503449;1.17064751892297;0.8863254704451791;10.002250864535998;0.7401966909231468;-0.9017341824514393;1.0462061991255207;1.3439823351389122;1.000830429726618;1.1658941113623555;0.9992960148206375
30.096043;1.3222247635384397;0.9842841898498742;0.7452775345837876;1.1690051745279437;0.8853078035837418;10.002523634528954;0.7402479961206165;-0.9007291834594587;1.0461794620241396;1.3436203987877575;1.0008734100996544;1.1651526217612638;0.9993027775113552
30.096086;1.3215503090242844;0.9838427153838589;0.7453476749873396;1.165711753710763;0.8832648896580063;10.00279827307383;0.7403359955077988;-0.8987121840097182;1.0461518645307981;1.342895966373233;1.0009166342025417;1.163654000605154;0.9993097349212802
30.096094;1.3214247193957198;0.9837385312055793;0.7453635735470325;1.1651050217653116;0.8828890872033025;10.003074722195265;0.7403626827123483;-0.8983391840896899;1.0461234205471601;1.3427611497530851;1.0009600357686774;1.1633873201583833;0.9993168674109466
30.096094;1.3214240521815326;0.9837112031716457;0.7453675350720508;1.165107320833589;0.8828909753825948;10.003352903271024;0.7403750492978646;-0.8983391836928714;1.046094143475568;1.3427602326756183;1.0010035390844945;1.1634003073740438;0.9993241857430699
30.096094;1.3214209473515248;0.9836841915843396;0.7453735876072296;1.1650967484577042;0.8828845467146805;10.003632778077344;0.7403870903398466;-0.8983311828221991;1.0460640476043648;1.3427561769993979;1.0010470630410453;1.1634077346412388;0.9993317215417342
30.096095;1.3214168637073616;0.9836546202239437;0.7453787379659543;1.1650861190000266;0.8828785511156727;10.003914378147636;0.7403988022042423;-0.8983231814890011;1.046033152831258;1.3427526140092663;1.001090534104342;1.1634157957682336;0.9993395126835276
30.096095;1.3214103702644489;0.9836253699852434;0.7453859576964336;1.165062608542933;0.8828642300506976;10.004197742087541;0.740411176128061;-0.8983071797084967;1.04600149050245;1.3427449454634484;1.0011338972472206;1.1634189701149877;0.9993475940488682
30.096096;1.3213985287005292;0.9835935202729156;0.7453946435058769;1.165013269494272;0.8828337258928808;10.004482848634566;0.7404231972088018;-0.898275177496902;1.0459691119618086;1.3427319663595179;1.0011771142495256;1.1634104636401832;0.9993559983131413
30.096097;1.3213752380549963;0.9835539139641148;0.7454042700560415;1.1649112840356655;0.8827707767210802;10.004769636927419;0.74043584747774;-0.8982121748716279;1.0459360896474346;1.3427063951396923;1.0012201597235704;1.1633793356560624;0.9993647588268382
30.0961;1.3213302743277826;0.9835029333095161;0.7454178069365034;1.1647069020896812;0.8826444951762731;10.005058079471334;0.7404511084486618;-0.8980851718522588;1.0459025059991853;1.342659478258552;1.0012630172562837;1.1633013630416957;0.9993739032057466
30.096105;1.3212429996188524;0.9834269345125123;0.7454365201487183;1.1642953250919248;0.8823892294302768;10.005348230672292;0.7404699628104773;-0.8978321684595377;1.0458684425554428;1.3425654706129109;1.0013056683276211;1.163129291687575;0.9993834427627699
30.096116;1.3210701785967933;0.9832972358178227;0.7454630722251818;1.1634683224117204;0.881875990805213;10.00564018756105;0.7404973942720959;-0.8973241647123764;1.045833978856571;1.342380439065378;1.0013480785500342;1.1627667404410327;0.9993933753201573
30.096137;1.320726906170273;0.983060556872436;0.7455050698352276;1.1618123360222634;0.8808477513236321;10.005934022575659;0.7405423846635444;-0.8963081606262032;1.0457991949089411;1.3420119545262963;1.001390191682877;1.162024393578131;0.9994037004276759
30.096181;1.3200428740032173;0.9826117256251402;0.7455791320970798;1.158492659671592;0.8787841428298365;10.006229798695639;0.7406199121709143;-0.8942711562133414;1.0457641711973404;1.3412778613776493;1.0014319382034143;1.1605170336256247;0.9994144245855715
30.096267;1.3186745364963093;0.9817206003723993;0.7457052658668033;1.151839992250102;0.8746428265479796;10.00652760119147;0.740757956446858;-0.8901811514835181;1.0457289905786877;1.339807319723087;1.0014732492255696;1.1574710661282297;0.999425551655285
30.09644;1.3159228304960682;0.9799042319311687;0.7459133867457597;1.1384633894698946;0.8662925067658779;10.006827504608735;0.7409945068581765;-0.8819371464447209;1.0456937383540998;1.3368523557217478;1.0015140592994987;1.1513103435843715;0.9994370793751003
30.096448;1.3157973294570051;0.9797994476679655;0.7459325174295599;1.1378771261270293;0.865926278431408;10.007129544069265;0.7410105644573003;-0.8815721411046579;1.045658491593115;1.3367167203803547;1.0015543018868267;1.151056482893339;0.9994490045719258
30.096448;1.3157930863197207;0.9797781474850066;0.7459462900131163;1.137879025940883;0.8659276660112037;10.007433740271095;0.7410171387471978;-0.8815721354715131;1.0456233107712185;1.3367112958349037;1.001593909400961;1.1510766044892597;0.999461322132663
30.096448;1.315785672931297;0.979755566886767;0.7459608399043984;1.1378658015100311;0.8659196148476771;10.007740113480303;0.741023245056132;-0.8815641295542078;1.0455882483564414;1.3367024324492716;1.0016328200168916;1.1510907480667287;0.9994740241963419
30.096448;1.3157782769650774;0.9797346373037842;0.7459765330647656;1.137854081917923;0.8659127033759448;10.00804860108096;0.741028902377113;-0.8815561233629182;1.0455533630548461;1.336692801771427;1.0016709851255758;1.1511049699828182;0.999487106250034
30.096448;1.3157689762854967;0.9797111283962505;0.7459911943240262;1.1378298052586258;0.8658975096648409;10.008358967126261;0.7410351310012732;-0.8815401169092026;1.0455187266049477;1.3366807361458883;1.001708367850311;1.1511137194188172;0.9995005690997042
30.096449;1.3157536613954968;0.9796860157230338;0.7460078614605329;1.1377781598921806;0.8658654741096213;10.008670863701443;0.7410399486672633;-0.881507110205867;1.0454844224189996;1.3366611844301144;1.0017449346473004;1.1511087527980208;0.9995144170314506
30.09645;1.3157279904067616;0.979653808712398;0.7460247881975798;1.1376736170734862;0.8658000313433737;10.008983943913377;0.7410463682318781;-0.8814411032667349;1.0454505387543818;1.3366298230936993;1.0017806494161094;1.1510796820704547;0.9995286590621734
30.096453;1.3156800728302371;0.9796079620710367;0.7460437246267602;1.1374622286972886;0.8656679599322787;10.009297891122719;0.7410534062882329;-0.8813100961068013;1.0454171627663729;1.336574559373388;1.001815472944469;1.1510012986086464;0.9995433074406322
30.096459;1.3155883460688338;0.979531590300356;0.7460640671581952;1.1370373682320236;0.8654023054396132;10.009612398887732;0.7410640945405288;-0.8810470887432705;1.0453843759214432;1.3364721326119564;1.0018493632817458;1.1508241785385345;0.9995583725789524
30.09647;1.31540989770512;0.9793982453143875;0.7460900836707314;1.1361873274193788;0.8648701282018662;10.009927113952902;0.7410804760121806;-0.8805210811952321;1.0453522466793186;1.3362752659592225;1.0018822702223125;1.1504493067039625;0.9995738637039885
30.096492;1.3150569265323508;0.9791487779491753;0.7461266659066232;1.134489312864203;0.8638070715711025;10.010241561062045;0.7411085929513369;-0.8794700734827484;1.0453208284938815;1.3358901255049658;1.0019141307980681;1.149680185202005;0.9995897908482396
30.096535;1.3143543062054523;0.9786614177903216;0.7461806754318898;1.1310937454935264;0.8616800942080898;10.010555070873812;0.7411594825167696;-0.8773690656289894;1.0452901660756546;1.335129754175465;1.001944876040222;1.1481231912560852;0.9996061589080144
30.096623;1.3129549014575352;0.9776939362711211;0.7462651047853878;1.1243186613438638;0.8574303310537189;10.010866724952113;0.7412511794772549;-0.8731700576624879;1.045260300094758;1.3336204497692168;1.0019744387872367;1.1449929351704384;0.9996229613024986
30.096799;1.31016863539696;0.9757325867729855;0.7463813600978477;1.1108364623329492;0.8489498600657653;10.011175391311605;0.7414017207809316;-0.8647910496157245;1.0452312681310225;1.330619615265128;1.0020027538717797;1.1387290480500816;0.9996401807940992
30.097009;1.3068496644429985;0.9733287831309325;0.7464636148405563;1.0948158251376852;0.8388313967952234;10.011479834932445;0.7415321505378922;-0.8547890415225307;1.0452031040252068;1.3270466718365221;1.0020297571645294;1.1312516759493778;0.9996577930846068
30.097009;1.3068472045368518;0.9733154326714846;0.7464794965845853;1.0948166281096179;0.8388316346862051;10.01177879040886;0.7415345201487747;-0.8547890334156086;1.0451758379149438;1.3270362834447549;1.0020553873053983;1.1312683284970029;0.9996757704821289
30.097009;1.3068418223816523;0.9733001652425955;0.7464952541793769;1.0948037373662838;0.8388233795309253;10.012070957801813;0.7415368812862658;-0.8547810253225455;1.045149498336822;1.3270226145729722;1.0020795901428443;1.1312784189001353;0.9996940870000387
30.097009;1.3068368866572178;0.9732845654702067;0.7465101391465317;1.0947916852718884;0.8388155967037199;10.01235498656622;0.7415392801830186;-0.8547720172611716;1.0451241122156893;1.3270088665352762;1.0021023230790356;1.13128725704117;0.9997127216358853
30.097009;1.3068299730985344;0.9732695098999407;0.7465261691321297;1.0947656134089125;0.83879845246568;10.012629533568987;0.7415417592813639;-0.8547550092387594;1.0450997061135117;1.3269921843697272;1.0021235520172818;1.131289582759645;0.9997316571165215
30.09701;1.306816939883117;0.9732489863607475;0.7465410606415347;1.094711933402509;0.838764189109296;10.012893390785347;0.7415443605366163;-0.8547220012566583;1.0450763147962845;1.326970194229075;1.0021432414942326;1.131279377063266;0.9997508811082605
30.097012;1.3067929019006925;0.9732200062758936;0.7465552719817343;1.0946036672643766;0.8386952659339811;10.01314557006296;0.7415481244243292;-0.8546539933148001;1.0450539854631806;1.3269351848166218;1.0021613505395301;1.1312429577631418;0.9997703919333036
30.097014;1.3067474157764554;0.9731760529746751;0.7465697427193124;1.0943888808243112;0.8385585864125802;10.013385266146502;0.741552085432081;-0.8545189854131997;1.045032767370845;1.3268765207618456;1.0021778381392146;1.1311555088921779;0.9997901962696699
30.09702;1.3066566972821028;0.9730996945916871;0.7465846911201109;1.09395738339014;0.8382849672620944;10.013611751701484;0.7415582673697172;-0.8542489775520771;1.0450127014913513;1.3267707112754241;1.0021926663942373;1.1309669823542008;0.9998102962532079
30.097031;1.3064760706840817;0.9729547239978968;0.7465979163375718;1.0930963849234403;0.8377399467896854;10.013824298039104;0.7415666838405421;-0.8537089697315061;1.0449938221571415;1.3265687995729023;1.0022057997002876;1.1305754440617497;0.9998306807013676
30.097054;1.3061175109416128;0.9726822604950345;0.7466146634462051;1.0913722494428386;0.8366473342863578;10.01402215206331;0.7415803426106915;-0.8526299619529188;1.0449761600475693;1.3261740412629741;1.002217208342472;1.129779929433605;0.9998513272825282
30.0971;1.305402707869677;0.9721437830826658;0.7466308271898018;1.087930633532248;0.8344651094086937;10.014204562055426;0.7416022441849599;-0.85047195422111;1.0449597411512925;1.325397279200712;1.0022268723605625;1.128175801751548;0.9998722098679045
30.097191;1.3039761260481215;0.9710657155181406;0.7466402346346157;1.081064282385752;0.8301056257666061;10.014370831645545;0.7416343762191925;-0.8461619465429868;1.0449445879584784;1.3238558104245775;1.0022347778279732;1.1249595079135517;0.9998933052564934
30.097372;1.3011335101006072;0.968888672339985;0.7466171452260497;1.0674115982802548;0.8214139102282565;10.01452035900839;0.7416687143282532;-0.8375629389255083;1.0449307197559918;1.3207924507183677;1.0022409096941283;1.1185350094599373;0.9999145972642768
30.097736;1.2954899930395412;0.9644280561238513;0.7464449408992699;1.0404128415791187;0.8041279483168876;10.014652652996453;0.7416292302157828;-0.8204549313753796;1.0449181478502185;1.3147199392948494;1.0022452536098234;1.1057595659437756;0.9999360782923433
30.0981;1.2899035182757976;0.9598228079082022;0.7461251586474988;1.013830912572525;0.78697934885844;10.01476736996125;0.7414608993039685;-0.8034719238990462;1.0449068726130109;1.3087067961195522;1.0022478096110004;1.0931063270016683;0.9999577471892203
30.098463;1.2843744630578364;0.9550975969564532;0.74567491369689;0.9876705550608896;0.7699756365097807;10.014864341628105;0.7411757033914589;-0.7866219165021306;1.0448968857354344;1.302755010994514;1.0022486012141325;1.080587840905311;0.99997960553209
30.098827;1.2789041721040448;0.9502673729548116;0.7451034830875238;0.9619371680476174;0.753124387126692;10.014943499823156;0.7407836322072248;-0.7699119091887905;1.044888174800228;1.2968668183486896;1.002247664864259;1.0682146655191458;1.000001656621228
30.09919;1.2734927845728308;0.9453511173923869;0.7444242172388841;0.9366330002383993;0.736431559203412;10.015004758318767;0.7402956845411999;-0.7533489019624063;1.0448807301966603;1.2910417922558117;1.0022450302598849;1.0559981253301747;1.000023906171703
30.099554;1.2681435819601732;0.9403640413475919;0.7436458963205177;0.9117600728861367;0.7199012106099686;10.015047985887142;0.7397208653800694;-0.7369398948276116;1.0448745497598004;1.2852821789668996;1.0022407130490159;1.0439482134021778;1.0000463606270933
30.099918;1.2628562252365725;0.9353216027048388;0.7427798035952351;0.887321518042955;0.7035404913921413;10.01507305709517;0.7390671803026134;-0.720691887790774;1.0448696332959915;1.279590474822803;1.002234724885341;1.0320742159372007;1.0000690226581819
30.100281;1.257630824522744;0.9302393230830207;0.7418372154991568;0.8633173003217399;0.687353835345862;10.015079935291048;0.7383446288219863;-0.7046078808575007;1.044865970829484;1.273965777038942;1.002227091933304;1.0203840598423728;1.0000918908566563
30.100384;1.256162686999233;0.9287919566550311;0.7415640611137662;0.8566048861566702;0.6828062304941699;10.015068750673265;0.7381322019006419;-0.7000898740302414;1.0448635364670391;1.2723824303214626;1.0022178682165621;1.0171172213638076;1.0001149632594155
30.100384;1.2561599111759714;0.928787318962762;0.7415734171172927;0.8566040195006804;0.6828056146103338;10.015039794226615;0.7381378882738607;-0.7000898673088101;1.044862290585821;1.272377380191365;1.0022071333241513;1.0171239904839797;1.0001382352122825
30.100384;1.2561533384015657;0.9287796772050613;0.7415817111282852;0.856590109739245;0.6827963704146315;10.01499344977541;0.7381436789761734;-0.7000798606908433;1.0448621826947024;1.2723697370291414;1.0021949803292654;1.0171234210495759;1.0001616955703456
30.100385;1.2561460409770282;0.9287728150684161;0.7415901079879154;0.8565749328811094;0.6827861694898277;10.014930146972779;0.7381485626359253;-0.7000708541701628;1.0448631507202828;1.2723626572320685;1.0021815089974768;1.0171223591948595;1.0001853293104221
30.100385;1.2561350275825716;0.9287639408130145;0.741598118473444;0.8565466644834706;0.6827671719518799;10.014850344774155;0.7381535211201563;-0.7000518477370675;1.0448651213868072;1.27235298952111;1.0021668234367669;1.0171139559642324;1.000209120755842
30.100386;1.2561176079150222;0.9287489525532129;0.7416040448197374;0.8564904766652656;0.6827289872749595;10.014754559595517;0.7381575316769611;-0.7000148413814765;1.044868016077411;1.272336605667752;1.002151022618463;1.0170919733596513;1.0002330508550688
30.100388;1.2560869321240977;0.9287234716241813;0.7416084478413949;0.856378847799644;0.6826533800892692;10.014643449143676;0.7381605723932143;-0.6999408350951909;1.0448717550500028;1.2723091210185737;1.0021341916329998;1.0170433174456703;1.0002570927591492
30.100391;1.2560301509853256;0.9286733062352068;0.741607629007985;0.8561562086600791;0.6825030234860658;10.014517884239801;0.738158626174006;-0.6997918288720285;1.0448762534950862;1.2722549856429033;1.0021164065700052;1.0169389113941831;1.000281213105143
30.100398;1.2559252040043485;0.9285770074878829;0.7415975612103458;0.8557130488853367;0.6822025817287122;10.014378937409726;0.7381506800818995;-0.6994928227077918;1.0448814177909482;1.2721501622966933;1.0020977445021395;1.0167263987217725;1.0003053784697054
30.100411;1.2557221592448193;0.9283852126337137;0.7415684494713329;0.8548271913168937;0.6816019670680913;10.014227822822356;0.7381277217870492;-0.6988968166014672;1.0448871470860088;1.2719407882525895;1.0020782864782318;1.0162981423408752;1.0003295604546145
30.100439;1.255325581895053;0.928002494264367;0.7415006645177872;0.8530587596615274;0.6804018631555319;10.01406586915329;0.7380747355170874;-0.6977038105560851;1.0448933319676228;1.2715247423057248;1.0020581132433735;1.0154372186565583;1.0003537350656773
30.100493;1.2545397279475492;0.9272344525088342;0.7413548745280341;0.8495234288692516;0.6780013813658105;10.013894518155329;0.7379617005533632;-0.6953178045784728;1.044899850742729;1.2706919752607417;1.002037298945423;1.0137137015994937;1.0003778783719373
30.100602;1.2529801290269302;0.9256975629814735;0.7410520827994742;0.8424591501527952;0.6731951726326433;10.0137153077689;0.7377265949910394;-0.6905417986785891;1.0449065733472909;1.2690275062446132;1.0020159052334208;1.0102674716706568;1.000401964114172
30.100819;1.2498689118761772;0.9226027098645437;0.7404205368217673;0.8283672098575735;0.6635775322471243;10.013529825377512;0.737234399749922;-0.6809767928675639;1.0449133686566767;1.2656948508614623;1.0019939763745356;1.0033855135156835;1.0004259637574775
30.101036;1.246755108122754;0.9194828536851181;0.7397667012163572;0.8143204988420494;0.6539493351256115;10.013339616688267;0.7367240980011802;-0.6714007871554655;1.0449201079750439;1.2623617625968513;1.00197154009067;0.9965268344419451;1.000449846573625
30.101254;1.2436409278234537;0.9163429376086146;0.7390931459713214;0.8003269156642093;0.6443156853685092;10.013146068189283;0.7361966733076182;-0.6618187815510322;1.0449266691912706;1.2590285146709945;1.0019486126734545;0.9896964105453222;1.0004735775382638
30.101471;1.2405268647508974;0.9131842237651457;0.7384005179552536;0.7863951014919263;0.6346832854684715;10.01295033414257;0.7356531118201571;-0.6522327760629468;1.0449329389953597;1.2556973096082071;1.0019252020536673;0.9828971734720424;1.000497111404843
30.101689;1.2374149053680865;0.9100114779883602;0.737691415848632;0.7725291527275174;0.6250544880528837;10.012753366534572;0.7350944070171435;-0.6426507707004069;1.0449388069264594;1.252369359397445;1.0019013101030878;0.9761360074748765;1.000520389542354
30.101906;1.2343062927838524;0.9068263599416589;0.73696640006719;0.7587356046273618;0.6154340807458574;10.01255600684096;0.7345215598434268;-0.6330747654709045;1.0449441606117074;1.249045608575559;1.001876937101701;0.9694157469937676;1.0005433436667994
30.102124;1.2312025040523003;0.9036304005659183;0.7362257997223237;0.7450205463186461;0.6058264630027035;10.012359039813061;0.7339365757943794;-0.6235097603774507;1.04494889098286;1.2457286771075649;1.0018520895072356;0.9627419215649331;1.0005659006681855
30.102341;1.228104343949245;0.9004294469246439;0.7354738721090488;0.7313906336145756;0.5962369179740343;10.012163140322738;0.7333404665130865;-0.6139607554188978;1.0449528998442794;1.242419243876993;1.001826789769471;0.9561192256902891;1.0005879864471416
30.102558;1.2250140501301372;0.8972244531413346;0.7347100522171287;0.7178483668174472;0.5866667242224549;10.011968775167345;0.7327332541506855;-0.6044297505916272;1.0449561006914228;1.2391175118700168;1.0018010793344032;0.9495495776163734;1.0006095309440683
30.102776;1.2219311623080384;0.8940144485092466;0.7339338072416983;0.7044023071722793;0.5771234817632747;10.011776223069461;0.7321169711540743;-0.5949237458900399;1.0449584166541959;1.2358268507940295;1.00177500405919;0.9430395628887687;1.0006304762452933
30.102993;1.2188586620752622;0.8908069910495253;0.7331495179628716;0.6910530643625844;0.5676067137478475;10.011585689354934;0.7314916529443037;-0.5854437413062725;1.044959785222873;1.2325462771220839;1.0017485901024035;0.936590342876517;1.0006507862458307
30.103211;1.215796835686139;0.8876011906989385;0.7323562731731813;0.6778083018352768;0.5581230745087243;10.011397364862198;0.7308593284421764;-0.5759947368304377;1.0449601641984507;1.2292789354101739;1.0017218356723168;0.9302071124512723;1.000670450553916
30.103428;1.2127476810924507;0.8844014371265618;0.7315564671246504;0.6646725097974853;0.5486758901048056;10.011211451101342;0.7302210158781954;-0.566579732452739;1.0449595276001367;1.2260238421995082;1.0016947233833793;0.9238929721624304;1.000689478321522
30.103645;1.209710487912074;0.8812062294058118;0.7307492768978747;0.6516466443997045;0.5392668569235081;10.011028198040211;0.7295767231927845;-0.5572027281665004;1.0449578593891786;1.2227831546582657;1.0016672328942966;0.9176507815844606;1.0007078855644709
30.10408;1.2037011706750194;0.8748422953725004;0.7291066510122305;0.6259498061972969;0.5205817500522254;10.010847898705785;0.7282704461551286;-0.538578723969398;1.0449551526749015;1.2163448204737786;1.0016393429478332;0.9054001552769846;1.0007256874564028
30.104472;1.1983443011371422;0.8691551627927419;0.7276165986615605;0.6032388188748401;0.5039304349898944;10.010670851580809;0.7270831664841548;-0.521975719862996;1.0449514087701557;1.2106091438911861;1.0016110280094759;0.8946469855763524;1.0007429013731857
30.104863;1.193045032558794;0.8635176320836959;0.7261197371771944;0.580936724908697;0.48744947616711615;10.010497297709598;0.7258898568061449;-0.5055417158522852;1.0449466343597569;1.2049340016365195;1.0015822532879513;0.8841684543038636;1.0007595477013673
30.105254;1.187805719170656;0.8579332625581317;0.7246177113964629;0.5590600703741684;0.47115657379288933;10.010327294916914;0.7246934892381195;-0.48929071194394713;1.0449408382090588;1.1993246931320902;1.0015529713898814;0.873975298935107;1.0007756428568424
30.105646;1.1826320101472292;0.8524144783146196;0.7231176906507397;0.5376201159230507;0.45506406920589665;10.01016065999042;0.723498040124008;-0.47323770814275756;1.0449340307345558;1.193786996686072;1.0015231295936176;0.8640789110156687;1.0007911967198282
30.106037;1.1775279600038573;0.8469653579359423;0.7216208794031609;0.5166282254119604;0.43918544269226245;10.00999708110291;0.7223064878824462;-0.457395704450054;1.0449262282064593;1.1883230702110175;1.001492685979511;0.8544879736476982;1.0008062185602467
30.106428;1.1724967110933822;0.8415946243452486;0.7201330508747402;0.49609293824148026;0.4235324680342434;10.009836267646001;0.7211218098361665;-0.4417767008661784;1.0449174505773111;1.1829372643552967;1.001461619509144;0.8452098757492994;1.0008207235572548
30.10682;1.1675416229239304;0.8363075240993979;0.7186569902614652;0.47602132718136475;0.4081158734969181;10.009678048572546;0.7199469867773712;-0.42639169739328153;1.044907711064232;1.1776344099674294;1.0014299309268937;0.8362507373099769;1.0008347304545155
30.107211;1.1626656186892679;0.8311086460274331;0.7171952628427216;0.4564183263139641;0.39294496696715475;10.009522386334753;0.7187850114601413;-0.41125069403530135;1.0448970142638119;1.1724162059135528;1.0013976421442403;0.8276154444991982;1.0008482489605441
30.107602;1.1578715370494195;0.8260016558843063;0.7157497418761124;0.43728815241117036;0.3780286764065098;10.009369275019884;0.717636890412661;-0.3963616907963603;1.044885366080925;1.1672874657856709;1.0013647928933347;0.8193054534598472;1.0008612703198267
30.107994;1.153162294955576;0.8209942902808504;0.714325811235956;0.41863716952983154;0.36337795532256856;10.009218667396333;0.7165056362277261;-0.38173468767952895;1.0448727799500086;1.162248897943366;1.0013314319814992;0.8113242317381144;1.000873773474208
30.108385;1.1485390737205805;0.8160866294752257;0.712923346684652;0.4004611713012908;0.3489952849601051;10.009070502352898;0.7153942576243821;-0.36737568468602577;1.0448592695585899;1.1573031220967784;1.001297609309947;0.80367264897715;1.0008857401956948
30.108776;1.1440050126220522;0.8112841579484352;0.7115457351107827;0.38276538359521695;0.33489080826464174;10.008924687938135;0.7143037575105007;-0.3532926818160865;1.0448448374124997;1.152453260785254;1.0012633725102205;0.7963500989745537;1.0008971624672958
30.109168;1.1395603364634819;0.8065873421589418;0.7101938421238168;0.365545571222344;0.321067372170768;10.00878102877866;0.7132351366662412;-0.33948867907154995;1.0448294760419665;1.1477002668122833;1.0012287659274617;0.789353085424584;1.0009080383592528
30.109559;1.135207229322737;0.8020007810044695;0.7088709621210111;0.348801946027869;0.30753113774759516;10.008639223901508;0.7121903944178957;-0.32597067645701433;1.044813181406046;1.1430453405817067;1.0011938322500964;0.7826802229597731;1.0009183690956036
30.109951;1.1309476653539525;0.7975258716012403;0.7075777350937066;0.3325331555024896;0.29428699887511484;10.008498948441156;0.7111715297167533;-0.312742673979123;1.04479596224599;1.1384918743928814;1.0011586184633836;0.7763282624192622;1.0009281622648751
30.110342;1.1267809177150847;0.7931628451297752;0.7063154597957312;0.31673271680758736;0.28133599075796123;10.00835991167176;0.7101795448387214;-0.29980767164574346;1.0447778386188193;1.1340384440009352;1.0011231829851641;0.7702921615368957;1.0009374325416966
30.110733;1.1227101588278894;0.7889161802003051;0.705086765808878;0.3013996369452342;0.2686829425229852;10.008221798239846;0.7092154466295058;-0.2871686694660691;1.0447588367117286;1.129687705813768;1.0010875968904052;0.7645664486340099;1.0009461987829342
30.111125;1.1187342040391657;0.7847825867468676;0.7038900967409919;0.28652758363596054;0.256328962847892;10.008084185440536;0.7082792470808145;-0.27482866745133827;1.0447389840866135;1.1254391991297166;1.0010519340877486;0.7591443167439434;1.000954480045745
30.111516;1.1148552122241162;0.7807686834370414;0.7027306270345209;0.27211277492420577;0.24427652194230454;10.007946607399207;0.7073739652240951;-0.2627876656141639;1.0447183077159545;1.121294359868411;1.0010162577979937;0.7540203189129043;1.0009622871665325
30.111907;1.111071216699567;0.7768681747605539;0.7016045744444989;0.25814934049596916;0.2325270446200911;10.007808701653465;0.706498624774679;-0.2510486639676681;1.0446968362165834;1.1172531735807412;1.0009806174559022;0.7491860776755154;1.0009696173927407
30.112299;1.107385143922312;0.773087870111057;0.7005168513148288;0.2446306564108046;0.22108007889739514;10.007670264307976;0.7056542458277678;-0.2396116625263756;1.0446745978952718;1.1133163509537904;1.000945056447487;0.7446337573101732;1.0009764616473509
30.11269;1.103794069683543;0.7694220865251299;0.6994648220878744;0.23155030307383798;0.20993642800309154;10.00753121624373;0.7048428369980649;-0.2284766613061266;1.0446516144998261;1.109482366102011;1.000909618507263;0.7403563201876383;1.0009828110517485
30.113081;1.1003001624814235;0.7658759546941387;0.6984523866122804;0.21890130496910798;0.19909519774588044;10.007391554002185;0.7040623920173944;-0.21764366032157914;1.0446279030963697;1.1057524237118022;1.0008743436396568;0.7363428010059409;1.000988651251751
30.113473;1.0969020097267397;0.7624445406124897;0.6974765802723222;0.20667500198163605;0.18855448515582066;10.0072513040408;0.7033158918181556;-0.20711165958398012;1.0446034846247603;1.102125225532028;1.0008392589960038;0.7325865998150365;1.0009939570227893
30.113659;1.0953114186824642;0.7608575210177178;0.6970296919942488;0.20101414524681313;0.18365338020616714;10.007110477224824;0.7029723122707667;-0.2022136591005684;1.0445783877173114;1.1004435027413386;1.000804378684977;0.7308923094452339;1.0009986956792976
30.113659;1.0952917952088277;0.7608637643476953;0.6970373874335111;0.20101309239808446;0.183652845464088;10.006969040711363;0.7029746313405184;-0.20221365887494075;1.0445526490167094;1.1004520388876575;1.0007697117982004;0.7309015557221358;1.0010028340264427
30.113659;1.095272377768687;0.7608703503410524;0.6970445605527813;0.20101210032559194;0.1836523601755021;10.006826957111535;0.702976829434325;-0.20221365890767437;1.0445263141584884;1.100460498239245;1.0007352682860478;0.7309111969998326;1.0010063451125901
30.113659;1.095253134982047;0.7608773122432316;0.6970512228623832;0.20101116554649062;0.18365192394996604;10.006684255687608;0.7029788863416989;-0.20221365919581608;1.0444994339070428;1.1004688277483547;1.0007010625444905;0.7309211890591145;1.0010092115770173
30.11366;1.0952318521764615;0.7608817089467497;0.697056055606314;0.20100131638459387;0.18364370670560182;10.006541035221723;0.7029797814329948;-0.20220565973196372;1.0444720560987526;1.1004740422142938;1.0006671124892434;0.7309283133769302;1.0010114223108892
30.11366;1.0952096636643573;0.7608868663561296;0.6970613483857067;0.20099172125062875;0.18363588852513027;10.006397415879167;0.702981493928663;-0.20219866050599222;1.0444442228462454;1.1004797299937892;1.0006334299753088;0.7309369406713524;1.0010129656270723
30.113661;1.0951865081982073;0.76089014743445;0.6970647250114748;0.20097395114762784;0.18362077089654;10.006253516235878;0.7029810001741605;-0.2021826615083318;1.044415976540917;1.1004819176859768;1.0006000158017219;0.7309413777873592;1.0010138284287249
30.113662;1.0951577761303612;0.7608893201765288;0.6970670925265997;0.2009380073337827;0.1835899837071523;10.006109464659168;0.702980276090076;-0.20215266273134727;1.0443873683688751;1.1004785711916492;1.0005668689417453;0.7309421262566715;1.0010140052897936
30.113665;1.0951187520139842;0.7608767844936944;0.697064537101307;0.2008667785997268;0.18352867555192257;10.005965393388106;0.7029763023395208;-0.20209266416901736;1.0443584597721582;1.100464039622981;1.0005339957711625;0.7309318474239276;1.0010135045639263
30.113671;1.0950605157130224;0.7608455454846865;0.6970563916416285;0.2007269956508341;0.18340793418146753;10.005821381888703;0.7029660619550504;-0.20197166581633838;1.044329319402106;1.1004287736359146;1.0005014072312712;0.73089906756051;1.001012341118819
30.113682;1.0949643993554217;0.7607716066303934;0.6970326703549171;0.20044821552468958;0.18316649970521398;10.00567739775343;0.7029455356445294;-0.20172966766872613;1.0443000245999867;1.1003508518032032;1.0004691105589678;0.7308233753959926;1.001010526994578
30.113705;1.0947912554551318;0.7606185193979497;0.6969850373811621;0.1998927433039172;0.18268501840908716;10.00553327522485;0.7029047009607872;-0.20124766972199368;1.0442706607085113;1.1001887667395918;1.000437104906115;0.7306624453303231;1.0010080728079136
30.11375;1.0944646358786745;0.7603001327111736;0.6968834380131167;0.19878528504626028;0.1817243358175877;10.005388755752259;0.7028215337967474;-0.20028667197247008;1.04424131259856;1.0998627177648115;1.000405383078393;0.7303299062139628;1.0010049959504357
30.113841;1.0938361050759944;0.7596608020097713;0.6966799906805556;0.19659233566875706;0.17982013090528595;10.005243616379174;0.7026580145248492;-0.19838167441622737;1.0442120610092538;1.0992103465091432;1.0003739355428662;0.7296641886447462;1.0010013272253204
30.114023;1.0926190935547528;0.7583950073946616;0.6962772355789726;0.19228368737113286;0.17607233546520604;10.005097793853324;0.702336136143575;-0.19463067704913567;1.044182989235057;1.0979232376910055;1.0003427520983472;0.728354915828916;1.0009971141477874
30.114386;1.0902811351177422;0.7559410807254758;0.6954981413790474;0.18396760968397716;0.16881617831760604;10.004951400975282;0.70171890318571;-0.18736767986889014;1.0441541904827905;1.095427704930508;1.0003118233334152;0.725862888446766;1.0009924162959738
30.11475;1.0880406170188486;0.7536029352802793;0.6947596060421449;0.1760390024381637;0.1618708935596303;10.004804664015982;0.7011333224392338;-0.18041368287648835;1.0441257708895635;1.0930369818941084;1.0002811413076296;0.7235438649395252;1.0009872914429023
30.115114;1.0858956324524323;0.751376860705919;0.6940599059712882;0.16847885237494714;0.15522302106341446;10.004657816864215;0.7005803993377334;-0.17375768607495268;1.0440978480270873;1.0907471443252226;1.0002506968834197;0.7213888051790982;1.0009817852828302
30.115477;1.0838419049579553;0.7492581192312854;0.6933978486660443;0.16127048214531448;0.1488612711688958;10.004510981320102;0.7000601428112946;-0.16738668946592639;1.0440705453933947;1.08855501810856;1.0002204801793626;0.7193877876302556;1.000975930529578
30.115841;1.0818753879701035;0.74724327616334;0.6927732596505111;0.154397454038634;0.14277421217871836;10.004364133176994;0.699570568025582;-0.1612916930469851;1.0440439893973348;1.086455258407912;1.0001904823738856;0.7175304382495015;1.0009697502041057
30.116204;1.0799930209216009;0.7453289253123081;0.6921853265108694;0.14784681389791554;0.1369532028511226;10.004217176090293;0.6991116921542443;-0.15546069681151262;1.044018309693473;1.0844449270383094;1.0001606913989558;0.7158081221364422;1.0009632662103987
30.116568;1.0781917417713045;0.7435136402330472;0.6916350430809585;0.1416018983203978;0.13138590486667379;10.004070027876017;0.6986835284567912;-0.14988370075018298;1.0439936375050596;1.0825206336736322;1.0001310885323578;0.7142131561280496;1.0009565105979414
30.116932;1.0764684836057483;0.7417919064093739;0.6911195916854758;0.13564984180150552;0.12606324367489827;10.003922674875637;0.6982850839564131;-0.14455170485199617;1.043970101323264;1.0806782565844197;1.0001016518810413;0.7127375364445873;1.0009495258316838
30.117295;1.074820176625431;0.740160547028932;0.6906382965436407;0.1299774329265912;0.12097559214378316;10.003775169459967;0.6979163615965633;-0.13945370910372681;1.0439478211897633;1.0789144267610302;1.000072361330444;0.7113742529097858;1.0009423526060075
30.117659;1.0732439597615668;0.7386164108921363;0.690190354525556;0.12457239211683657;0.11611394762645705;10.003627568957853;0.697576362826034;-0.13458171349001655;1.043926905129368;1.0772264573093353;1.0000431973443038;0.7101163271191402;1.0009350237005226
30.118022;1.0717363234899313;0.7371583359593289;0.689777217485549;0.11942101836630195;0.11146784734637609;10.003479915382158;0.6972650894823289;-0.1299267179959606;1.0439074446897196;1.0756109640024252;1.000014131991281;0.7089579210866817;1.0009275728945555
30.118386;1.0702953581723709;0.7357825646237054;0.6893968643217968;0.11451223174960506;0.10702891104567039;10.003332243230325;0.6969805486158813;-0.12547972260914145;1.0438895019784127;1.0740657504984505;0.999985123855396;0.707891586393456;1.0009200451277238
30.11875;1.068918155899243;0.7344839718542658;0.68904660251795;0.10983829903009759;0.10279182851585461;10.003184532885475;0.6967227566750112;-0.1212327273187189;1.0438730978803568;1.0725876286423988;0.9999561272661844;0.7069123538058908;1.0009124974940389
30.119113;1.0676023429451553;0.7332623035451173;0.6887279289985015;0.10538567551380112;0.09874564610667248;10.003036679644017;0.6964927383446659;-0.11717873211414179;1.043858213573127;1.0711724243995264;0.9999271043037491;0.706016716376199;1.0009049985355154
30.119477;1.0663459539169726;0.7321135702427367;0.6884385633722158;0.10114480970505459;0.09488296119914014;10.002888525589546;0.6962875237435606;-0.11330873698724707;1.0438447983817667;1.069819865520998;0.9998980247021355;0.7051971735449517;1.000897632113162
30.11984;1.0651455976818767;0.7310367114243235;0.6881798522247323;0.09710794462520521;0.09119805262169611;10.002739904452527;0.6961071490279708;-0.10961574193634101;1.0438327801277891;1.0685248327871335;0.999868861860469;0.7044497918844278;1.0008904983216227
30.120204;1.0639992607409512;0.7300271746137019;0.6879489283009369;0.09326348931921925;0.08768135148401501;10.002590679294148;0.6959526573089998;-0.10609274696578258;1.0438220818558313;1.0672873226371011;0.9998395957557146;0.703771879514295;1.0008837066134741
30.120567;1.062905890723509;0.7290841529908825;0.6877457758993433;0.0896060111181586;0.08432888833492137;10.002440787861971;0.695821092612253;-0.10273375208059606;1.0438126333588218;1.0661029981352184;0.9998102139867071;0.7031571794200402;1.000877368778752
30.120931;1.0618610763260958;0.7282040672786164;0.6875699159770751;0.086126681407494;0.08113367473088826;10.002290281095892;0.6957124909514347;-0.09953075728338119;1.0438043683889309;1.0649711464393405;0.9997807062763892;0.7026023258373666;1.0008715922734213
30.121295;1.060864751388204;0.7273856347804325;0.6874202098483349;0.08281559877621447;0.07808726953689367;10.002139323361094;0.695627877722297;-0.09647976257509701;1.0437972194283465;1.063888213156978;0.9997510631729817;0.7021057351737754;1.0008664699973853
30.121658;1.059913516903459;0.7266254955661271;0.6872957331661763;0.07966614731682956;0.07518449922424171;10.001988220658447;0.6955652732292901;-0.093571767955462;1.0437911169059522;1.0628544907107222;0.9997212805726302;0.7016623508877994;1.0008620790118388
30.122022;1.0590065873416206;0.7259210512822012;0.687194611566385;0.07667245599311259;0.07242062426962623;10.001837498970508;0.6955237020090771;-0.09080277342271505;1.0437859856090699;1.0618647302578013;0.9996913621736228;0.7012689892458173;1.0008584930500386
30.122385;1.058141789223837;0.7252724227286548;0.687118454922312;0.07382602993869493;0.06978845812071799;10.00168786587856;0.6955021970786799;-0.088166778973846;1.0437817420477074;1.0609202107934974;0.9996613172659812;0.7009223609613996;1.0008557892370211
30.122749;1.0573179331903158;0.7246764060694242;0.6870650975438035;0.07112183360940391;0.06728394728489273;10.001539989843707;0.695501797237571;-0.08565878460444876;1.0437783027173666;1.0600174041375872;0.999631155134942;0.7006214506681094;1.000854041064216
30.123113;1.0565318742106915;0.7241309421096281;0.687034714205472;0.0685534338921361;0.06490178197039563;10.001394299769967;0.6955215448467342;-0.08327279030826942;1.0437755919659772;1.0591556456051292;0.9996008836588509;0.7003632785685499;1.0008533134371251
30.123476;1.0557826279609617;0.7236325527270019;0.6870247210954907;0.06611328379103842;0.06263539764395032;10.001251009536562;0.6955594870387765;-0.08100379607684546;1.0437735370562198;1.058331874524577;0.9995705146201741;0.700144121639783;1.0008536663060328
30.12384;1.0550701883703535;0.7231819035172838;0.6870358183625783;0.06379779205922143;0.060481872301647435;10.001110274940475;0.6956166737609849;-0.07884680189949739;1.0437720626352291;1.057545956359507;0.9995400645837592;0.6999633432603807;1.0008551538690724
30.124203;1.0543912034084133;0.7227747794334879;0.6870662687436813;0.061599567782057094;0.05843483512599711;10.000972232691314;0.6956911462908633;-0.07679880776402458;1.043771093002759;1.056795069762234;0.9995095519050805;0.6998176460326033;1.0008578168045348
30.124274;1.0542564116685336;0.7227170652309183;0.6870736858533091;0.061183526983628785;0.05804677665667618;10.000836930544047;0.6957039247987669;-0.07640981365638641;1.043770550516109;1.0566298485244354;0.9994789996425887;0.6997953456794374;1.0008616807604491
30.124274;1.0542502661588071;0.722738515776142;0.6870723754644695;0.06118382429388924;0.05804655103863862;10.000704317807292;0.6957000078314288;-0.07640981955920938;1.0437703508800094;1.056600719114181;0.999448440337653;0.699798418082043;1.000866759481499
30.124275;1.0542433622131475;0.7227603978394734;0.6870719935164672;0.0611794142651957;0.058041901997253134;10.00057428853261;0.6956973827256558;-0.07640582545258728;1.0437704111484882;1.0565694442091929;0.9994179168259182;0.6998016950414603;1.0008730543965763
30.124276;1.054237111862051;0.7227816070297978;0.6870706360672522;0.06117546826626114;0.05803766306097812;10.000446725564702;0.695694039598002;-0.07640183131711234;1.0437706627104997;1.056539058203815;0.9993874795750833;0.6998036501460791;1.000880554219693
30.124278;1.0542293541813907;0.7228015466361392;0.6870691938367578;0.0611673581159693;0.05802956779880531;10.000321543451571;0.6956909816348257;-0.07639283713565678;1.0437710502314583;1.0565065196007681;0.9993571817168679;0.6998047669120956;1.0008892321995488
30.124281;1.0542196503175247;0.7228211228601792;0.6870688450165889;0.06114856541829621;0.058011460530523466;10.000198648611766;0.6956892244445307;-0.07637684289304925;1.0437715260016383;1.0564711765083308;0.9993270780337045;0.6998058715514904;1.0008990411994032
30.124287;1.0542044743322956;0.7228370260322224;0.6870687667010736;0.06111418439176074;0.05797888292978644;10.000077793971005;0.6956887867417594;-0.07634384857546987;1.0437720550445218;1.0564309381894057;0.999297228546139;0.6998059322382955;1.0009099177824652
30.124299;1.0541794366037396;0.7228472427735194;0.6870699216448027;0.06104399388352515;0.05791289121723426;9.999958478265372;0.6956896832161433;-0.0762778541708268;1.0437726237626115;1.0563788371122587;0.9992676955120685;0.6998032626816109;1.0009217934466252
30.124323;1.0541323301172365;0.7228422777257607;0.687071260181883;0.0609029519690743;0.05778090384188309;9.999839992777304;0.6956939225604545;-0.0761458596697249;1.0437732432675555;1.0563035364052302;0.9992385340263052;0.6997963109641756;1.0009346008603568
30.124372;1.0540436862165052;0.7228140303323126;0.6870777780881742;0.06062108289247814;0.057517571625414515;9.999721543977223;0.6957055060231858;-0.07588386506689142;1.0437739449730297;1.056182961350639;0.9992097904113403;0.6997821770919072;1.0009482728266454
30.124469;1.0538699386532675;0.7227358405622615;0.6870925498054727;0.060067789412309;0.057001257206990855;9.999602374424986;0.6957304289203238;-0.07536587036196521;1.0437747659187948;1.055972224276682;0.9991815124052897;0.6997534069600655;1.0009627414095985
30.124664;1.0535325842615255;0.7225629728712009;0.6871242570826422;0.0589790563768294;0.05598527655583375;9.999481840629395;0.6957856886094582;-0.07435087555802687;1.043775730752867;1.055585586031597;0.9991537579084272;0.6997018147116916;1.000977940924713
30.125054;1.052887002711392;0.7222302885216529;0.6872053550257264;0.056893697166673356;0.05403809866191938;9.99935936388274;0.6959112931163542;-0.07240288065891168;1.0437768389529247;1.0548685784331087;0.9991265902924633;0.6996240438874368;1.0009938112583154
30.125444;1.0522742031473258;0.7219415911653305;0.6873070944539097;0.05492419937512539;0.05219704943665949;9.999234286683036;0.696055263617523;-0.07056188566705812;1.0437780602814954;1.0541874205029549;0.999100064631025;0.6995804631060099;1.0010102951608573
30.125833;1.0516935772051565;0.7216953844250693;0.6874284657211448;0.053066069240878935;0.0504582447527038;9.999105816425107;0.6962156306379232;-0.06882289058282814;1.04377934332795;1.053541094284248;0.9990742174635724;0.6995677560611334;1.001027328300317
30.126223;1.0511427067993602;0.7214888831072587;0.6875684050219221;0.051313248853494864;0.04881636441226543;9.998973125088106;0.6963944290905053;-0.06718189540539671;1.0437806331945643;1.0529269202732792;0.999049068508202;0.6995867776174264;1.0010448341275704
30.126613;1.0506217736803496;0.7213219795828197;0.6877266822544701;0.04966179172421432;0.04726793705186315;9.998835462231394;0.6965886955922358;-0.0656349001345549;1.0437818822217997;1.0523453099700832;0.9990246315078118;0.6996334824470732;1.0010627310955382
30.127003;1.0501271805055956;0.7211902957913294;0.687901469325479;0.048103882338796644;0.04580594985894448;9.99869214371413;0.6967984650579372;-0.06417590477318426;1.0437830453803776;1.0517935874609008;0.9990009232405321;0.6997066934822965;1.0010809399563938
30.127392;1.0496593228038311;0.7210931613096688;0.6880918598868;0.04663939721099321;0.04443050338602799;9.998542521809142;0.6970227640689166;-0.06280190933010227;1.0437840708375754;1.0512699952608222;0.9989779644442344;0.6998045849779378;1.0010993806012458
30.127782;1.0492165602539831;0.7210288110528253;0.6882972452175576;0.04525957717247079;0.043133539929790216;9.99838607296084;0.6972616069652966;-0.061508913822369185;1.0437848990537608;1.0507742929865853;0.9989557761108845;0.6999262876731329;1.001117965888115
30.128172;1.048797344103348;0.7209964739359638;0.6885179160231429;0.043963749319766744;0.0419146741526278;9.998222472426326;0.6975140008629932;-0.06029291827421228;1.0437854668785194;1.050303574539028;0.9989343787205087;0.7000699923503693;1.001136599838929
30.128562;1.0484002580938303;0.7209930187274328;0.6887518424811064;0.0427457174504838;0.04076822653308002;9.998051539411678;0.6977799522101336;-0.059149922710883596;1.0437857080856041;1.049858605044013;0.9989137927733195;0.7002349410043548;1.001155178314267
30.128951;1.0480250806800815;0.7210177030792084;0.6889985018204203;0.04160237502545819;0.039691394697806255;9.99787318188332;0.6980574636461502;-0.05807792715255472;1.0437855523431883;1.0494362460178561;0.9988940316094367;0.70041859696892;1.0011735912590254
30.129341;1.047670282173943;0.7210694211398985;0.689257892636308;0.040529818355978305;0.03868064964587587;9.99768743858909;0.6983465283372914;-0.05707193161341994;1.0437849259823773;1.0490376992067647;0.9988750895259798;0.7006201994022632;1.0011917259877379
30.129731;1.0473352305608852;0.7211480275382351;0.6895303493855038;0.0395248585279052;0.0377330944032965;9.997494513949587;0.698647134638855;-0.05612893610410212;1.0437837546081858;1.0486595761161286;0.9988569375321757;0.7008391949804249;1.0012094712553914
30.130121;1.0470181918571386;0.7212490276209732;0.6898127820689949;0.03858330102373883;0.03684489682427626;9.99729470394195;0.6989572717139769;-0.055246940633392604;1.0437819663361259;1.0483018626980016;0.9988395314126565;0.7010731545548917;1.0012267228654543
30.13051;1.0467189545137705;0.7213725105044344;0.6901054634943523;0.037703344758815344;0.0360144409283613;9.997088285427099;0.6992789248736546;-0.05442194520866256;1.0437794927370148;1.0479635792290256;0.9988228241265623;0.7013235113346737;1.001243386717164
30.1309;1.046436534715346;0.7215174378155811;0.6904080775044998;0.03688172241441374;0.03523872553501849;9.996875465073952;0.699608072099802;-0.053651949836419;1.0437762692552695;1.0476435273221516;0.9988067696649541;0.7015859071403314;1.0012593775548477
30.13129;1.0461697307480615;0.7216828980031263;0.6907205594253156;0.03611347579270696;0.034513127488052076;9.996656391909712;0.6999476907751797;-0.05293395452294121;1.0437722407238514;1.047340743234319;0.9987913200361919;0.7018629153940489;1.0012746187994561
30.132069;1.0456866629653176;0.7220516586696192;0.6913708297890623;0.03472784937138552;0.03320375383830198;9.996431222333529;0.7006397630414659;-0.05163895927407705;1.043767369638146;1.0468095781504745;0.99877642778836;0.7024488365873144;1.0012890421648484
30.132771;1.0452997408363454;0.722448146179513;0.6919850206904963;0.03364203228315999;0.0321770845330284;9.996200199103889;0.7012872700336737;-0.0506269640945402;1.0437616416219337;1.0463797024892363;0.998762051887006;0.7030126170917842;1.0013025799367712
30.133472;1.044952017635528;0.7228926641707522;0.6926200711274867;0.032694886869534416;0.031281213378451155;9.995963677873432;0.7019551835523087;-0.04974596898789859;1.0437550672621672;1.0459948251416549;0.9987481589639052;0.7036070251315111;1.00131515605952
30.134174;1.0446418271465407;0.7233823290848352;0.6932742851084298;0.03187316229002888;0.03050372777612183;9.995722086613956;0.7026394663719832;-0.048983973957688685;1.043747673364186;1.0456496781153948;0.9987347203667356;0.7042267174177617;1.0013266921819706
30.134875;1.0443652066864446;0.7239129971341817;0.6939462937419253;0.03116401632255297;0.02983262467387079;9.99547589206972;0.7033380807830508;-0.048330979008111515;1.0437394835933975;1.0453419181119818;0.998721709187812;0.7048685921247921;1.0013371237018447
30.135577;1.0441189565192062;0.7244774896610564;0.6946313169825282;0.03056054460600428;0.029261521060611254;9.99522562141144;0.7040479974260812;-0.04777698414331402;1.0437305090111968;1.0450677244041928;0.9987091038616662;0.7055286327730727;1.0013464023796574
30.136278;1.0438992338198805;0.7250716628641342;0.6953278967538676;0.030048148152532927;0.028776649103848806;9.994971854050663;0.7047691971498782;-0.04731098936615109;1.043720754988493;1.0448233377780136;0.9986968945546832;0.7062058188891617;1.001354487548078
30.13698;1.043704463991769;0.725693934832177;0.6960355134445115;0.02962076857117169;0.02837232903595224;9.994715173179706;0.7054976651641092;-0.046925994677192176;1.0437102276223795;1.0446081046953952;0.9986850796521307;0.7068954661583372;1.0013613467816254
30.137681;1.0435327750621906;0.726337364953953;0.6967487118203581;0.02926803383052583;0.02803873702075828;9.994456177437794;0.7062323846118396;-0.04661300007400169;1.043698934069458;1.0444175329256271;0.9986736537913099;0.707595790414898;1.0013669652931159
30.138383;1.0433804601651946;0.7270006959717261;0.6974687173352246;0.028984950243810148;0.02777123385980774;9.99419549837088;0.7069713364237573;-0.04636600555055869;1.0436868824406975;1.0442497672946196;0.9986626016873001;0.708304241710143;1.0013713496619192
30.139085;1.0432461133214073;0.7276813001087747;0.6981939230768618;0.028763442173317718;0.027562151496547158;9.993933751027877;0.7077125000963588;-0.04617701109681193;1.043674082804116;1.0441036870513016;0.9986519035087555;0.7090181676807258;1.0013745231522653
30.139786;1.0431275730955605;0.7283734942823125;0.6989203047524885;0.028597838308190175;0.027406135698367952;9.993671509006617;0.7084548485827041;-0.04604101669790931;1.0436605515864275;1.0439759805995754;0.9986415421189841;0.7097361382648109;1.0013765216010173
30.140488;1.0430236595477047;0.7290752164731088;0.6996466522101664;0.028478724227771857;0.027294210166791535;9.993409310045623;0.7091973436403567;-0.045951022333460566;1.0436463174204995;1.0438647593950265;0.9986315059821693;0.7104566179403962;1.001377392488208
30.141189;1.0429334199905411;0.7297874783038206;0.7003745514717444;0.028403373430544193;0.02722379775898425;9.993147625317905;0.7099369393844622;-0.045903027979288046;1.0436314222134275;1.0437696053547094;0.9986217925750172;0.7111762942503819;1.0013771900178463
30.141891;1.0428537493066077;0.7305034577645165;0.7010995299369737;0.028368290146956517;0.027191636461587343;9.99288685202294;0.7106745912189286;-0.04589203361102142;1.0436159148725;1.0436888345434925;0.9986124112757838;0.7118958029410289;1.0013759682138925
30.142592;1.042784487555118;0.731223387419044;0.7018219053855669;0.02836643375641752;0.02719098573760036;9.99262734839753;0.7114082591935041;-0.045913039205046136;1.0435998420744232;1.0436207766858043;0.9986033784643465;0.7126128032909644;1.001373778562305
30.143294;1.0427247268502047;0.7319447992519177;0.7025399017491165;0.028396445039888186;0.027220569957869364;9.992369463820252;0.712135903480924;-0.0459640447365799;1.0435832485393828;1.0435639229555604;0.998594707602397;0.713325160118788;1.0013706706753582
30.143995;1.0426723694499827;0.7326655464033945;0.7032528420672937;0.028451309800010375;0.027273721150572763;9.99211354807998;0.71285848352247;-0.04604005017841706;1.0435661897292023;1.0435165542921125;0.998586405689179;0.7140335468754462;1.0013666955999476
30.144697;1.04262824307072;0.7333852258240292;0.7039597410074038;0.028529969902039175;0.0273494052492996;9.991859897007881;0.713572961044461;-0.04613805550199181;1.0435487404809332;1.0434790805489067;0.9985784761994806;0.714734781085683;1.0013619102623759
30.145398;1.0425897053620972;0.734100813208042;0.7046594323201749;0.02862895746284969;0.027444368729048905;9.991608696879956;0.7142802972388484;-0.046255060680619575;1.0435309873049732;1.043448799319883;0.9985709200483807;0.7154296749022913;1.0013563770629073
30.1461;1.0425575824844509;0.7348131628904341;0.7053521246585182;0.028746422358838876;0.027556819045540474;9.991360091303369;0.7149804496320096;-0.04638806569294046;1.0435130125417509;1.0434258986446696;0.9985637357254115;0.7161180397287548;1.0013501572441064
30.146801;1.0425297570570322;0.7355204866786071;0.7060374678708564;0.02887862841669874;0.02768323227562213;9.991114286598146;0.7156703772153706;-0.046536070523513245;1.043494883840595;1.0434101191075003;0.9985569202291622;0.716796818608606;1.0013433024774292
30.148204;1.042505905972985;0.736912120167181;0.7073766476450544;0.029175136732895318;0.027967043460920105;9.990871563933524;0.7170110467273416;-0.0468630751604272;1.0434766562978373;1.0434019550326619;0.9985504633235518;0.7181363047352072;1.0013358541177473
30.149467;1.0424945374228878;0.7381382935717845;0.7085488907787271;0.02947466946198149;0.02825336451905797;9.990632254464094;0.7181844313476902;-0.04718707959295265;1.0434583836541882;1.0434080601147615;0.9985443378276213;0.7193084280312265;1.0013278535502517
30.15073;1.042491857849604;0.7393358253938241;0.7096878348971406;0.02979487432760176;0.02855921527143561;9.990396760458902;0.7193235049736791;-0.04752908381088986;1.0434401228238668;1.0434236758047295;0.9985385006764317;0.7204472898256209;1.0013193513069254
30.151993;1.0424956426909562;0.7405003133418512;0.710790627995439;0.030129226032597562;0.028878394543742508;9.99016558939402;0.7204272399045325;-0.047883087805222053;1.0434219267860556;1.0434473809529334;0.9985329021651539;0.72155151646433;1.0013104056304485
30.153255;1.0425036521309403;0.7416321121599261;0.7118589930705311;0.03046905969070794;0.029202652522103717;9.989939336563925;0.7214936101926649;-0.048243091569587136;1.043403837803787;1.0434760516189168;0.9985274911642295;0.7226187254988372;1.00130107652361
30.154518;1.0425148225022978;0.7427267218131932;0.7128892067367029;0.030812488297049908;0.02953020900451006;9.989718599037833;0.7225235955844471;-0.04860409510128469;1.0433858877029334;1.0435099630319984;0.9985222228435637;0.7236495790158851;1.0012914242783555
30.155781;1.042527108591214;0.7437859475979751;0.7138842769224927;0.03115506139755281;0.02985685637982251;9.989503869998233;0.723516179848196;-0.048962098400532714;1.0433681002472908;1.043545770873273;0.9985170762435714;0.7246428023552444;1.0012815112236908
30.157044;1.0425404231715556;0.7448064269847903;0.7148409385252231;0.031492732903191885;0.030178722099643698;9.98929548232156;0.7244713434366471;-0.049315101468219484;1.043350490625482;1.0435847186731277;0.998512066787134;0.725598257581783;1.0012713986449007
30.158306;1.0425532698977642;0.7457894775640465;0.7157614013037982;0.03182359217643616;0.030494022834611084;9.989093600963047;0.7253900586663361;-0.049660104303470363;1.043333062477448;1.043624889348917;0.9985072378051718;0.7265167428666685;1.00126114275021
30.159569;1.042566234076639;0.7467359534129628;0.7166460201786015;0.03214764597715873;0.030802753148216278;9.988898240804826;0.72627329457489;-0.049995106902840224;1.0433158005416074;1.0436660671855502;0.9985026407176669;0.727399119751795;1.001250798224675
30.160832;1.0425775981926746;0.7476452318911297;0.7174953207638257;0.03246080681710242;0.031101049325949665;9.98870932122303;0.7271200253163901;-0.050320109261651806;1.0432986596988167;1.0437073019152237;0.9984983266756606;0.7282443812740345;1.0012404204584993
30.162095;1.0425879507356663;0.7485179325652727;0.7183094481380283;0.03276410993658208;0.03138989120378326;9.988526759816386;0.7279322315770005;-0.050634111375444275;1.0432815658031362;1.043748121033324;0.9984943566487898;0.7290544390751171;1.0012300603712956
30.163357;1.0425948379684011;0.7493554393506425;0.719091388126573;0.03305703419506067;0.03166885744037041;9.988350572488184;0.7287108959027959;-0.05093611324053469;1.043264437754672;1.0437892805660123;0.9984908111310771;0.7298302091059392;1.001219762925914
30.16462;1.0426015946035583;0.7501577867859338;0.7198388600748691;0.03333680633738852;0.03193519206228082;9.988180898912121;0.729456001608498;-0.051226114856030715;1.0432472122873238;1.0438307995419458;0.9984877791387071;0.7305716838889947;1.0012095694554686
30.165883;1.042605294389931;0.7509272618570275;0.7205560689238761;0.033607971592434886;0.03219334389186416;9.98801792514843;0.7301705417091933;-0.05150411622727462;1.0432298507087343;1.0438709853460635;0.9984853364683024;0.731281848479129;1.0011995136505374
30.167146;1.0426067184152936;0.7516651603231534;0.7212437320318987;0.033866593476127804;0.03243951926090802;9.987861764976257;0.7308545310868712;-0.0517701173670112;1.0432123337659407;1.0439120136441458;0.9984835363992092;0.7319606905440413;1.0011896142357064
30.168408;1.04260635752045;0.7523717567939141;0.7219017972080265;0.03411404619580759;0.03267502463086978;9.987712369415132;0.7315090082127246;-0.052024118293334615;1.0431946585592293;1.0439516744105526;0.9984824175154385;0.7326091897208337;1.0011798731454244
30.169671;1.0426032870230586;0.7530471322977234;0.7225310121161468;0.034351667481219095;0.03290117551734223;9.987569562478228;0.7321360247630818;-0.05226811902686717;1.0431768377230504;1.0439923380042726;0.998482017885383;0.7332294618688987;1.0011702818964996
30.170934;1.042599500106889;0.7536959905334182;0.723134535380758;0.03457884240516525;0.03311732340940406;9.98743318857403;0.7327366325603476;-0.05250011958954854;1.0431588962424292;1.0440315212297282;0.9984823813497916;0.7338223440976902;1.001160831577681
30.172197;1.042593077790502;0.7543176839240373;0.7237130919608382;0.03479704387002014;0.03332494370330346;9.987303194614208;0.7333108758494067;-0.05272312000520638;1.0431408660858186;1.0440708502026643;0.9984835512957614;0.7343880443495412;1.001151514795135
30.173459;1.0425854668343757;0.7549136312824848;0.724267053363077;0.03500550166908653;0.03352325455637636;9.987179597886882;0.7338617918212866;-0.052935120299879575;1.0431227843800859;1.044109290874162;0.9984855642324071;0.7349294169492021;1.0011423165845903
30.174722;1.042575499983984;0.7554835165376167;0.7247969501594104;0.035205870138574125;0.0337138810388501;9.987062414241487;0.7343894156817121;-0.05313812050089572;1.0431046962345791;1.0441484780410129;0.998488451727457;0.7354466236095939;1.0011332099791468
30.175985;1.0425653895777331;0.7560311340056117;0.7253049167489504;0.03539802559587089;0.03389663553397107;9.986951593424259;0.7348947851091779;-0.05333312063508411;1.0430866556381582;1.0441866401685327;0.9984922417611443;0.7359407693435637;1.0011241640510804
30.177248;1.042553009934505;0.7565571600119693;0.7257931180136132;0.03558093658486484;0.03407060085704247;9.986847007061124;0.735379939170078;-0.053519120725514326;1.0430687241955798;1.0442249143212436;0.9984969524708353;0.7364138252782083;1.0011151497231998
30.17851;1.0425390844180267;0.7570612341599415;0.7262607566959237;0.03575977345281614;0.03424071110828704;9.98674845968604;0.7358449103893091;-0.053698120787511815;1.0430509696404875;1.0442622531636607;0.998502585453761;0.7368659884615762;1.0011061363329754
30.179773;1.0425241864588655;0.7575454775141646;0.7267095212594724;0.03593013992346684;0.03440273552633482;9.98665570242998;0.7362917202215542;-0.05386912082787597;1.0430334601777491;1.0442995531048433;0.9985091274334946;0.7372992276660466;1.0010970900408815
30.181036;1.0425085831739271;0.7580109857540845;0.7271403313094514;0.036092964585839715;0.03455755608901215;9.98656849877749;0.7367203806416829;-0.054033120849076285;1.0430162606802302;1.0443369854426912;0.9985165563393672;0.7377136570549545;1.0010879769642338
30.182299;1.042492545017362;0.7584573737134839;0.7275526891713288;0.03625097796794033;0.034707781471043864;9.986486654421082;0.7371328924646673;-0.05419212085467713;1.0429994390479205;1.0443744767624994;0.9985248422481976;0.738111458111713;1.0010787664586156
30.183561;1.0424751509780728;0.7588871649442154;0.7279497178783775;0.03640397880792518;0.03485325041281953;9.9864099600251;0.7375292431934402;-0.05434412085194222;1.0429830702368048;1.0444112113583601;0.9985339466867587;0.7384925251282849;1.0010694325163343
30.184824;1.0424572116253434;0.7593019195959313;0.7283324060025883;0.03655133955545945;0.034993335428153284;9.986338200596514;0.7379114131750192;-0.054491120850876;1.0429672299322388;1.0444478157221162;0.9985438297888348;0.7388590394128816;1.00105994706445
30.186087;1.042438269639518;0.7597003586946592;0.7286998978413081;0.036693357213059434;0.035128337050454594;9.986271264591222;0.7382783864345324;-0.05463212086027709;1.0429519909869864;1.0444844201725731;0.9985544623573589;0.7392099689099423;1.0010502705502842
30.188612;1.0424355196022963;0.7604556194275531;0.7293977941423885;0.03696696668305062;0.0353888922327422;9.986209226322934;0.7389751539305531;-0.054902120883866166;1.0429374263884377;1.0445392721111748;0.9985658336859358;0.7398994201622185;1.0010403543606488
30.190885;1.0424281808832991;0.7610930174173093;0.729985760688706;0.037198079246896526;0.035608875148508745;9.986152359022368;0.7395607055655623;-0.055130120920387;1.0429236098499033;1.0445896020908767;0.9985779518023006;0.740475019972303;1.0010301493444091
30.193158;1.0424196918611257;0.7616904415352987;0.7305360755433189;0.03741942010028685;0.035819531346215766;9.986101113192666;0.7401120243802973;-0.05534712096599551;1.0429106117213431;1.044637704991716;0.9985908356068933;0.7410159160103706;1.0010196084035394
30.195431;1.0424118289744486;0.7622565587262264;0.7310558192908427;0.03763060226156277;0.036020430017626615;9.986056067309937;0.740631091594877;-0.055552121014926445;1.0428984963021795;1.0446849229445314;0.9986045022913477;0.7415241003826059;1.001008687930887
30.197704;1.0424021625956668;0.7627907264932887;0.7315460792266745;0.03783263993922717;0.03621262743583222;9.986017832852513;0.7411228930771442;-0.05574912105867955;1.0428873289990048;1.0447313835055214;0.9986189589924169;0.7420049330531181;1.0009973521488442
30.199977;1.042392672447944;0.7632982150261731;0.732010518487456;0.03802720491812434;0.0363976582823672;9.98598697120718;0.7415884191894859;-0.055936121085805826;1.042877187197944;1.0447772126637656;0.998634202038611;0.7424593367256735;1.0009855704163992
30.20225;1.0423838356978499;0.7637817923920988;0.7324514530309817;0.038214153660826325;0.03657536932980569;9.98596400236911;0.7420296587568871;-0.056116121082920106;1.0428681593322742;1.0448215740730111;0.9986502205358149;0.7428896089360844;1.0009733052324084
30.204523;1.0423734982488126;0.7642404442073071;0.7328694164726641;0.03839527478866674;0.03674755074009141;9.985949442037704;0.7424505930647547;-0.056290121035995615;1.042860333487691;1.0448646243351198;0.9986670016111052;0.7432998937632531;1.000960506478142
30.206796;1.042364305695656;0.7646807995447333;0.7332689010749024;0.03857035137097291;0.036913902977583575;9.985943796070728;0.7428521998651546;-0.05645712093080598;1.0428537845805617;1.0449060590456578;0.998684531695573;0.7436911943935628;1.0009471201121527
30.209069;1.0423550789207565;0.7651015553045075;0.7336494916280512;0.0387408118010506;0.03707583760595517;9.98594755960888;0.7432364621632562;-0.05661812075321478;1.0428485653419484;1.0449465579651094;0.9987027929474761;0.7440656645143051;1.000933102902354
30.211342;1.0423450920140669;0.7655056587100306;0.7340145320135678;0.038906172603392165;0.03723291978932682;9.985961211742795;0.7436043652425796;-0.05677512048921398;1.042844707531253;1.0449858249004331;0.9987217652109336;0.7444245340761044;1.0009184320991795
30.213615;1.0423353386648513;0.7658918172108418;0.7343620903771808;0.03906582051872298;0.03738452937809572;9.985985181439217;0.7439568888899596;-0.056926120123815684;1.0428422333429757;1.0450240456333393;0.9987414308147409;0.7447687138016321;1.0009031042803023
30.215888;1.0423258353710607;0.7662659136177865;0.734697788875467;0.039222182783240446;0.03753299309739016;9.986019864621182;0.7442970111179023;-0.057073119640629846;1.0428411661936325;1.0450614067974364;0.998761767918475;0.7451013939458828;1.0008871277143596
30.218161;1.0423170505375514;0.7666276797409538;0.7350210419080664;0.03937442912192817;0.03767750091382353;9.986065696189755;0.7446237164646957;-0.05721711902333578;1.0428415279807597;1.0450966380400244;0.9987827406661336;0.7454216895832104;1.0008705148694488
30.220434;1.0423078002140478;0.7669757969299628;0.7353314284516502;0.03952399240880066;0.0378194717752702;9.98612316671524;0.7449399964543904;-0.0573561182578495;1.0428433254487672;1.0451308962182189;0.9988043034381644;0.7457324708017379;1.0008532746546095
30.222707;1.042298334389364;0.7673131495421205;0.735631547552701;0.039669014549610644;0.037957121814434655;9.9861927426127;0.7452448460022064;-0.05749111733368332;1.042846544250557;1.0451634076298684;0.9988264133066656;0.7460328463829495;1.0008354062411837
30.22498;1.042289430740078;0.7676401103157763;0.7359212213779908;0.03980965199219298;0.03809057777823931;9.986274763895025;0.7455392615809552;-0.05762311624387269;1.0428511569027414;1.045194868146819;0.9988490367374592;0.7463239151920065;1.0008169014907102
30.227253;1.042280603704572;0.7679559930097594;0.7362001576181293;0.039948496366850834;0.03822234395717721;9.986369425455223;0.7458242353187716;-0.05775211498421266;1.0428571329066227;1.045224541604805;0.9988721526325163;0.7466066952916389;1.00079775324425
30.229526;1.042272399946248;0.7682645634139441;0.7364716122990438;0.04008365937568765;0.03835059433531197;9.986476871385221;0.7461007481930255;-0.05787811355056213;1.0428644446772357;1.0452531566443217;0.9988957542301659;0.746882203160984;1.0007779605916545
30.231799;1.0422643164262164;0.7685635755693859;0.7367338198078897;0.04021522853056955;0.038475432620086104;9.986597293035878;0.7463687763623247;-0.05800111193426223;1.0428730734186678;1.045280487985914;0.9989198387240444;0.7471504577853503;1.000757533905446
30.234071;1.0422563588061047;0.7688546079503128;0.7369883057254968;0.04034571226917351;0.03859926132135519;9.986730917422907;0.7466293011403816;-0.058121110121674896;1.0428830144722019;1.0453058220086768;0.9989443887028311;0.7474124728858652;1.0007364999990835
30.236344;1.0422492741391263;0.7691377423343526;0.7372346296755637;0.04047198471979586;0.03871905697204014;9.986877924533616;0.746882304653414;-0.05823910809946834;1.0428942749990893;1.0453296790213897;0.9989693667760826;0.7476683404394331;1.0007148977817786
30.238617;1.0422413452882096;0.7694137240617339;0.7374747262228485;0.04059550973687751;0.038836281760838594;9.987038408702789;0.7471267619940616;-0.05835410585883036;1.0429068669802144;1.045352829983868;0.9989947235855484;0.7479169991382719;1.0006927696102554
30.24089;1.0422345251926042;0.7696825559202222;0.7377072291304066;0.04071782540838448;0.038952331659906095;9.987212434000424;0.747365643937928;-0.05846610339464065;1.042920806988935;1.0453746076185375;0.9990204050337231;0.7481614529360071;1.0006701600937815
30.243163;1.0422276174344767;0.7699439017557218;0.7379326684473574;0.04083630316243655;0.03906472919182637;9.987400099906166;0.7475969213238194;-0.05857710070280329;1.0429361202870853;1.0453950728969283;0.9990463532088494;0.7483998762945651;1.000647117499059
30.245174;1.0422190331756753;0.7701702177794887;0.7381258003377343;0.0409406786820645;0.03916370071369678;9.98760150582738;0.7477945634727778;-0.05867209777909694;1.0429528388579066;1.0454118332434388;0.9990725001237327;0.7486051853995198;1.0006236922655736
30.245174;1.0421946520464267;0.7701648478602128;0.7381082955693151;0.040939523235418045;0.039162213040646446;9.987816645364946;0.7477835370413526;-0.05867209461870373;1.0429709952077797;1.0454090121699489;0.9990987665584381;0.7485967331728318;1.0005999344423862
30.245186;1.0421709159162853;0.7701606101557824;0.7380915575360509;0.040938581026725984;0.039160926016440674;9.98804535181419;0.7477738126779212;-0.058673091216203115;1.0429906171077836;1.0454055069718373;0.9991250765080393;0.7485914043111326;1.0005758903424142
30.245199;1.0421480874273885;0.7701566579353661;0.7380746271130446;0.04093834401979276;0.03916030303041244;9.988287347494781;0.7477623785641667;-0.05867308756758365;1.0430117245605977;1.0454015914859311;0.9991513687687836;0.7485860620817248;1.0005516013769187
30.245223;1.0421259754296692;0.7701549435396078;0.7380595392132702;0.04093856381593437;0.039160116038167894;9.98854234061504;0.7477512502081274;-0.05867508367224954;1.043034331988067;1.0453970472039606;0.9991775934056092;0.7485829435530702;1.0005271072367574
30.245271;1.0421046142772266;0.7701555197700879;0.7380463469433428;0.040939244064095284;0.03916036957559161;9.988810112752832;0.7477424664326442;-0.058677079532649036;1.0430584545112256;1.0453921486783855;0.9992037078900687;0.748583887578079;1.0005024513345875
30.245368;1.042084709870246;0.7701628963543563;0.7380388881707596;0.040943523385065524;0.03916404511346047;9.989090564698895;0.7477380727026331;-0.05868107515358597;1.0430841106597608;1.0453869240579932;0.9992296806443529;0.7485910366958504;1.0004776861565157
30.245561;1.0420660421814731;0.7701800471193888;0.7380401664973041;0.04095139251286589;0.039171144963611314;9.989383697765039;0.7477431054030098;-0.05869007054225351;1.0431113163539463;1.0453821253465043;0.9992554946848491;0.7486095933173542;1.0004528749010444
30.245947;1.0420499836175252;0.7702200082138924;0.7380616801390841;0.04097007610339249;0.03918854148462814;9.989689594973987;0.747766589895312;-0.05870906570792972;1.0431400779800744;1.0453787298747346;0.999281144632223;0.7486488993590239;1.0004280850416924
30.24672;1.042037684699694;0.7703038155569664;0.7381227373277275;0.041007977874142315;0.039224245496499006;9.99000844477687;0.7478295486142243;-0.05874506066233938;1.0431703933552012;1.0453781807197313;0.9993066247181659;0.7487304162493787;1.0004033773436103
30.248266;1.0420331003814627;0.770474356771821;0.7382615915297361;0.04108497870360025;0.03929715376735317;9.990340546119448;0.7479670073475986;-0.05881605542047864;1.0432022511176229;1.0453848313049587;0.9993319189425592;0.748890427363434;1.000378805115848
30.251357;1.0420407499575939;0.7708070123284024;0.7385472146876486;0.041236877688284906;0.03944138334924995;9.99068626123144;0.7482509929072224;-0.05895604999970416;1.043235625063057;1.045404030379669;0.9993570116818731;0.7492033656470453;1.0003544253971177
30.254448;1.0420487769085258;0.7711293161551359;0.738822799434092;0.04138703751817596;0.03958398863097163;9.991045943778726;0.7485255244567901;-0.059093044417494446;1.0432704770697776;1.0454227192162173;0.9993819104912599;0.7495080350942674;1.0003303041213967
30.25754;1.0420576799193582;0.7714429916244737;0.7390896271683828;0.04153308842873517;0.0397226871972997;9.991419862650115;0.748789607095373;-0.05922803869003499;1.0433067657192057;1.0454396239985306;0.9994066531991236;0.7498034792672681;1.0003065135760911
30.260631;1.0420676605764077;0.7717469116216196;0.7393464543544221;0.04167653192135692;0.039858913938073094;9.991808098577929;0.7490432319151191;-0.05935903283216322;1.0433444457247854;1.0454559139778585;0.9994312909146491;0.7500894974804518;1.0002831339739136
30.263723;1.042077724396277;0.7720423796237472;0.7395952182039611;0.0418179710316952;0.03999328770775925;9.992210450457575;0.7492873821141394;-0.059488026857326515;1.0433834634349008;1.0454705900433205;0.9994558658934428;0.7503671996203405;1.0002602539425711
30.266814;1.042088836413223;0.7723280898360116;0.7398339880910512;0.041956794959752755;0.04012518865952195;9.99262645822401;0.7495230404746849;-0.05961502077746388;1.0434237631333394;1.0454846079637372;0.9994804069581611;0.7506375343400089;1.000237962652537
30.269905;1.0421000282058577;0.7726055832902454;0.7400649463318473;0.04209259103681073;0.0402542590720059;9.993055514682684;0.7497481903797114;-0.059740014605036154;1.0434652988224675;1.0454979715587065;0.9995049404514974;0.7508984563332498;1.0002163408208455
30.272997;1.042112517682964;0.7728742286847271;0.7402866543646195;0.04222775059208425;0.04038274082256819;9.99349696540977;0.7499648135223286;-0.059863008355477206;1.0435080345046706;1.0455104580307129;0.9995294956434116;0.7511519025499502;1.0001954579540844
30.276088;1.0421258670092406;0.773134254631543;0.7404996683618251;0.042358777840946917;0.04050730209787002;9.993950155773478;0.7501718927722612;-0.05998300204595034;1.0435519346752304;1.0455216322640937;0.9995540977464555;0.7513967299499376;1.000175374723233
30.279179;1.0421405522851723;0.7733874928474618;0.7407054204629437;0.04248964272783824;0.040631724407561624;9.994414382498693;0.7503704159827345;-0.06010199569170015;1.0435969611333022;1.045532028833838;0.9995787620290363;0.7516340193336358;1.0001561446519294
30.282271;1.0421556196869575;0.7736314339285102;0.7409021915064823;0.04261898110004267;0.040754736966525554;9.994888824342228;0.7505593746134264;-0.060218989302802506;1.0436430775121557;1.0455422002581312;0.9996034946141088;0.7518626137284844;1.000137812459754
30.285362;1.0421716086930424;0.7738665558757782;0.7410900683940251;0.042745202234855714;0.04087479378217758;9.995372589537784;0.7507397652897762;-0.06033398288324634;1.0436902524645846;1.0455509908892269;0.9996282927388896;0.7520834280169441;1.0001204130987702
30.288454;1.0421880325539037;0.7740944194164682;0.7412709160669345;0.04287037642916161;0.04099389435201866;9.995864818301746;0.7509105977787756;-0.06044697643406536;1.0437384643959777;1.0455594278706966;0.9996531459125413;0.7522953865620524;1.0001039697787717
30.291545;1.0422056701638838;0.7743135881802746;0.7414428434357816;0.04299316461368859;0.041110725035194785;9.996364718039544;0.7510738955337372;-0.06055796995718584;1.0437877055561688;1.0455675683478851;0.9996780388747237;0.7525004134515451;1.000088486460713
30.294636;1.0422247913006688;0.7745249687423352;0.7416065679661201;0.043115554189408045;0.04122717776918978;9.996871519995572;0.7512276866007589;-0.060667963456027714;1.0438379699821896;1.0455757147313693;0.9997029512995588;0.7526965427530334;1.0000739439128543
30.297728;1.0422452156327584;0.7747301683550596;0.7417637947928317;0.04323400375249244;0.041339869717181975;9.997384413996711;0.7513729989335689;-0.060775956934759845;1.0438892337377133;1.045582456053965;0.9997278580998924;0.7528846583678616;1.0000603043231984
30.300819;1.042266031619052;0.7749254666500202;0.7419116453956469;0.04335223198400435;0.04145239833745915;9.9979025622854;0.7515098612046133;-0.06088195039879357;1.0439414502865831;1.0455892940167109;0.9997527291287737;0.7530647448823565;1.0000475173290537
30.307002;1.042313557871948;0.7752871473291412;0.7422002161542697;0.04358584313716213;0.04167438365019411;9.998425207793549;0.7517853014869326;-0.06109094385578326;1.0439945574075793;1.0456238728990255;0.9997775234580333;0.7533918164432937;1.000035527511143
30.312566;1.042357748329735;0.7755880916367015;0.7424334881084586;0.04379000696046044;0.04186836694473198;9.998951741560383;0.7520043453763352;-0.06127293731570849;1.0440484804591197;1.0456527120941717;0.9998021914134712;0.7536609937782232;1.0000242841555484
30.318131;1.0424033915652504;0.7758627030359535;0.742641083756357;0.04399029086031181;0.04205863682749562;9.999481634341802;0.7521980182339196;-0.06145093079072482;1.0441031313780293;1.0456814737952733;0.9998266911904556;0.7539050136496509;1.000013748623263
30.323695;1.0424507908102605;0.7761133635142451;0.7428251558828938;0.04418688065303446;0.0422453606923132;10.000014310122415;0.7523663519068983;-0.06162392429561555;1.0441584106651367;1.045709708687183;0.9998510026608175;0.7541237716476632;1.0000038991180498
30.32926;1.0425007388361671;0.7763408915474496;0.7429859980783691;0.04437788854968713;0.04242670004903593;10.000549075799714;0.7525113904188951;-0.06179291784679794;1.0442142120192741;1.0457386956946373;0.9998751271926413;0.7543193177205587;0.9999947337791008
30.334824;1.042551327260914;0.7765433136941707;0.7431231441955154;0.04456559848262581;0.04260491891664376;10.001085120369286;0.7526341876767946;-0.06195791145927573;1.0442704266874652;1.0457685169856277;0.9998990805866586;0.7544926213676542;0.9999862672468357
30.340388;1.0426059765570896;0.7767255742738753;0.7432389571065057;0.04474952772760621;0.0427794167272804;10.001621544035055;0.7527327999339394;-0.06211990514451023;1.0443269495829837;1.0457983053396416;0.9999228864099324;0.7546417458587683;0.9999785204698342
30.345953;1.0426615807082118;0.7768850807864557;0.7433332304431994;0.04493034070389591;0.0429509573267973;10.002157403128487;0.7528102805036924;-0.0622768989107276;1.0443836824504522;1.045828426624423;0.999946570681143;0.7547694966530818;0.9999715157585584
30.351517;1.0427191564468923;0.7770215354640507;0.7434050183372062;0.045107661675497714;0.043119140423928164;10.002691794182168;0.7528666773248727;-0.062430892764335146;1.044440532215485;1.0458599802319763;0.9999701569239313;0.7548760277670289;0.9999652792625993
30.357082;1.042779724165731;0.7771397354772465;0.7434582422950582;0.04528231706977154;0.043284714896143696;10.003223935348435;0.7529020329917641;-0.06258188671108672;1.0444974149618385;1.0458911629119996;0.999993660128588;0.754961336658924;0.9999598387428666
30.362646;1.0428425910044818;0.7772365102694629;0.7434904069162833;0.04545241114568136;0.04344589497868987;10.003753136951161;0.7529173883214443;-0.062729880756681;1.0445542635463878;1.0459250130205084;1.0000170833454411;0.75502641983834;0.9999552178660934
30.368211;1.0429078029739658;0.7773134309943946;0.7435030096728109;0.04562045538497939;0.04360508123334073;10.004278668904195;0.7529127871550567;-0.06287387490618972;1.0446110283231291;1.0459587449222743;1.0000404234019584;0.7550711928060376;0.9999514364624288
30.373775;1.0429753921351619;0.7773727994052557;0.7434982401812519;0.045785910868752444;0.043761755412738246;10.004799647875755;0.7528902799581315;-0.06301586916235953;1.044667673945615;1.0459936819810876;1.0000636779368972;0.7550978067568802;0.9999485145556882
30.37934;1.0430443994209835;0.7774128901358784;0.7434751335216343;0.04594866380816337;0.04391584767521785;10.005315013882408;0.7528499214788187;-0.0631548635247976;1.0447241779402785;1.046030884428669;1.0000868435344126;0.7551061578480113;0.9999464758416942
30.384904;1.0431167717412215;0.777436206190042;0.7434347013878869;0.04610869637632633;0.04406725845355105;10.005823552697944;0.7527917609928276;-0.06329085799101972;1.0447805287300325;1.0460684964209452;1.0001099163869138;0.7550962182402862;0.9999453487761248
30.390469;1.043191014709652;0.7774428075892861;0.7433780654293668;0.04626695478798805;0.044216955835799154;10.006323929488953;0.7527168363191596;-0.06342385255847788;1.044836721602728;1.0461085399542613;1.0001329068457903;0.7550689599573116;0.9999451602634817
30.401597;1.0433210846854117;0.7773929203298492;0.7432287938863664;0.04657586003963775;0.04450844270983586;10.006814768485608;0.752547179071941;-0.06368384722693662;1.0448927554937306;1.0462060352993041;1.000155855764975;0.7549575985382379;0.9999459234137936
30.411614;1.0434440922546966;0.7772968526260264;0.7430415051481699;0.0468482284230323;0.04476530635825421;10.007294761814494;0.7523418257982951;-0.06391084199969922;1.0449486278387907;1.0462949410937619;1.0001788357224253;0.7548074872939288;0.9999476321307453
30.42163;1.0435702261477195;0.7771549808712723;0.7428093012267416;0.04711274153051043;0.04501455122868403;10.007762755746796;0.7520908238931394;-0.0641308368820813;1.0450043251807535;1.0463874475038495;1.000201937479648;0.7546108368669192;0.99995026792223
30.431646;1.0436998696882709;0.7769716261466215;0.7425360169615426;0.04737184802100639;0.045258499675994816;10.00821777965108;0.7517982232313921;-0.06434483187913415;1.0450598172984853;1.0464814195358385;1.0002252538514365;0.7543717154730609;0.9999538057387127
30.441662;1.0438312237668554;0.7767497486869388;0.7422257307205196;0.047626497916054854;0.0454981347878546;10.00865900605136;0.75146806261837;-0.0645528269959296;1.0451150582374706;1.046578352617717;1.000248867910155;0.7540941114302885;0.9999582115828582
30.451678;1.0439661576376644;0.7764933185585084;0.7418808865298957;0.047874904377698;0.04573166447234012;10.00908574300574;0.7511033673491835;-0.06475582223963217;1.0451699898632583;1.0466765787949048;1.000272846666724;0.7537811078279397;0.9999634421248451
30.461694;1.0441033400462898;0.7762024887195719;0.7415025630609221;0.048118762854283896;0.04596076574667694;10.009497491654592;0.7507071557780894;-0.06495481762026534;1.0452245487304859;1.0467783057006104;1.000297238607848;0.7534357998670669;0.999969447554786
30.47171;1.044241493219137;0.7758824861777875;0.741096661366049;0.04835892594779211;0.046186307583337964;10.009893954013062;0.7502824451970138;-0.06514881315052684;1.0452786788538562;1.0468811375850546;1.0003220717440842;0.7530611239967551;0.9999761709092577
30.481726;1.0443829406195915;0.7755372666382571;0.7406653207750372;0.04859609167058915;0.0464088512435206;10.01027499875014;0.7498312536809943;-0.06533880884553196;1.0453323377659554;1.0469867733890492;1.000347354161347;0.7526591997541566;0.9999835492327349
30.491742;1.044525648105985;0.7751657953452654;0.7402090037294214;0.04882849432842365;0.04662679523320365;10.010640633221024;0.7493575972125575;-0.0655258047203803;1.0453854831635134;1.04709375972421;1.0003730771492862;0.7522341371524158;0.9999915208847046
30.501758;1.0446699831251207;0.7747746165239541;0.7397337119592019;0.049058035333695744;0.046841937205923015;10.010990952492635;0.7488624874510255;-0.06570880078677012;1.0454380576571636;1.0472032995919347;1.0003992165565974;0.7517868753202483;1.000000029894705
30.511774;1.0448156267185265;0.7743635554311717;0.7392395031375348;0.04928400102763644;0.04705360622734137;10.011326086513655;0.748349936396066;-0.06588979705187317;1.0454899913344025;1.0473134467479248;1.0004257357923894;0.7513216001656168;1.0000090196378326
30.52179;1.0449629505582119;0.7739373724292997;0.73873065339465;0.049506790200734674;0.047262164018450174;10.01164618663448;0.7478209619304511;-0.06606679351872587;1.0455412122959817;1.047425658529;1.000452593027048;0.7508391635265297;1.000018424355321
30.531806;1.0451111322941427;0.7734944066355104;0.73820614678447;0.049727031329331206;0.04746824703750143;10.01195144725266;0.7472785865856969;-0.06624179018739676;1.045591651486005;1.0475399348739354;1.0004797457098793;0.7503427646967572;1.0000281714302375
30.541822;1.0452591334292103;0.7730379716215294;0.7376698782338791;0.04994581406407668;0.047672944546494095;10.012242127084296;0.7467248331237568;-0.066414787057403;1.0456412428960242;1.0476543468049637;1.000507152006008;0.7498344321636785;1.000038191206471
30.551838;1.0454088511190271;0.772573267257587;0.7371254800043906;0.05016056258301396;0.047873711908698685;10.012518557514069;0.7461617239058652;-0.06658478413036532;1.0456899237396182;1.0477713443739705;1.0005347757431837;0.7493161039516579;1.0000484254052862
30.561854;1.0455585274686567;0.77209766072854;0.7365716824582005;0.0503730389343827;0.0480723141258715;10.01278114405898;0.7455902836116566;-0.06675378141141332;1.0457376371450582;1.0478880415936147;1.0005625910417937;0.7487889818558846;1.0000588294446873
30.57187;1.0457083538806593;0.7716163313706913;0.7360133003296428;0.050585170350668146;0.048270583114251184;10.013030335808851;0.7450125388180093;-0.06691977890857197;1.0457843356208103;1.0480073675004318;1.0005905778990287;0.7482548943561477;1.000069365219362
30.581886;1.0458594910088272;0.7711275054230267;0.7354478250230979;0.050794813907490355;0.04846641735284936;10.013266558440174;0.7444295153358946;-0.06708477663031946;1.0458299824540527;1.048126680028621;1.0006187146057701;0.7477150168090859;1.000079993578569
30.601918;1.046115564111793;0.7701187905365907;0.7343133747150054;0.051208011555713945;0.04885168799420238;10.013490168373973;0.7432742405759319;-0.0674107745835672;1.0458745545509676;1.0483577585006425;1.000646978374933;0.7466192618026386;1.0000906767914077
30.619947;1.0463498037454577;0.7692070302191176;0.7332880871686246;0.05157335404955859;0.04919219167139706;10.013701480127745;0.742228746795268;-0.06769977277435096;1.0459180423372474;1.0485669925349277;1.000675348624183;0.745629137525012;1.000101384551363
30.637976;1.0465828326015287;0.7682963289333165;0.7322659088896102;0.051934679204568415;0.04952882942454058;10.013900816216184;0.7411870656844345;-0.06798477120842494;1.0459604379972696;1.048775228358092;1.000703804352414;0.7446420253214032;1.0001120970809998
30.656005;1.0468138381448644;0.7673908304671394;0.7312513550754186;0.052290699149937024;0.049860410588063224;10.014088502827907;0.7401542182347655;-0.06826776988959127;1.0460017263182568;1.0489827566309846;1.0007323205736502;0.7436630837079086;1.0001228044403374
30.674033;1.0470429718961887;0.7664979989336679;0.7302514199633162;0.052642748971580736;0.05018820206357984;10.014264873534058;0.7391352112021651;-0.06854776881993589;1.0460418926114834;1.0491891266394462;1.0007608675261095;0.7426971921411983;1.0001334982578656
30.692062;1.047268665594101;0.7656211561367464;0.7292703307522691;0.05299137470864095;0.050512800152436775;10.014430338363402;0.7381350449509525;-0.06882476800206269;1.046080933479027;1.0493945947769634;1.0007894096693195;0.7417493070723813;1.000144164639685
30.710091;1.047492054679711;0.764762615206492;0.7283094691673294;0.05333533065233521;0.05083296281947197;10.014585401804467;0.7371567263599368;-0.06910076743819692;1.0461188558210641;1.0495984248950216;1.0008179046149988;0.7408225739115304;1.0001547942774855
30.72812;1.047713302361287;0.7639280436317452;0.7273741043638793;0.05367442668019891;0.05114850067900907;10.014730567928385;0.7362032741999855;-0.06937476712797033;1.046155670078229;1.0498013144897003;1.0008463035885073;0.7399198636209342;1.0001653964664217
30.746149;1.0479308451119567;0.7631175370964832;0.7264653890224863;0.054013814207167415;0.05146440036413444;10.014866258452958;0.7352767139212896;-0.06964676706961405;1.0461913835800005;1.0500027411000659;1.0008745500215421;0.7390431417056825;1.0001759957707634
30.764178;1.0481451460991724;0.7623337727146944;0.7255855204224684;0.0543470062303385;0.051774453983613904;10.0149928208968;0.7343800700306996;-0.0699187672612046;1.0462259918609773;1.0502024203976192;1.0009025752821428;0.7381955491439065;1.0001866198815361
30.782206;1.048355858113167;0.7615799761687926;0.7247377770401453;0.05467920063035574;0.05208363340002864;10.015110567494844;0.7335143606093314;-0.07018876769790323;1.0462594730520716;1.050400075444121;1.0009302995496332;0.7373778532653131;1.0001972907040695
30.800235;1.0485634825471621;0.7608550598713427;0.7239207445327475;0.055006271514280884;0.05238798184120079;10.015219826274198;0.7326815950896033;-0.0704577683696644;1.0462917915646859;1.0505961435873261;1.0009576419981614;0.7365920992574339;1.0002080170114669
30.836293;1.0489223120689628;0.7594789617936881;0.7223802435022036;0.055655737992508905;0.052991733776974914;10.01532100574047;0.7311197786047338;-0.0709937692627691;1.046322906864164;1.0509513465129392;1.0009845311811778;0.7351056245626474;1.0002187913512448
30.872351;1.0492685277570855;0.7582292882458488;0.7209705221025683;0.056293891479035144;0.05358498292115974;10.015414574708952;0.729688920889348;-0.07152577036120335;1.0463527812724427;1.051295718446009;1.001010907410543;0.7337487010912859;1.000229595824612
30.908408;1.0496018079803182;0.7571041954480359;0.7196898846837966;0.05692241251295996;0.05416937236000066;10.015500954431321;0.7283880414894658;-0.07205477164685595;1.0463813866404534;1.0516276556890203;1.0010367202907027;0.7325203286207461;1.000240409687752
30.944466;1.0499220457267007;0.7561026541917002;0.7185372568430145;0.057540667428618936;0.05474432924487611;10.01558048786364;0.7272141677773527;-0.07258077310100663;1.046408709459156;1.051948241629691;1.0010619274126151;0.7314174199257165;1.0002512099287133
30.980524;1.0502296657013632;0.7552153254218829;0.7175032960873855;0.058152070349148675;0.05531310383604692;10.015653509707128;0.7261603302212922;-0.0731027747060733;1.0464347500808306;1.052259048595376;1.0010864947895237;0.7304328118727207;1.0002619660138934
31.016581;1.0505272692503858;0.7544395584431743;0.7165835591511577;0.0587520733155692;0.05587125133839356;10.01572039276868;0.7252215593691295;-0.07362277644641183;1.0464595188545682;1.0525585095367291;1.0011103956985943;0.7295616345500898;1.000272634937363
31.052639;1.0508128930451985;0.7537659425423919;0.7157702973308655;0.05934550219779306;0.056423485457230055;10.015781538392051;0.7243888849438408;-0.07413877830791868;1.0464830328964374;1.0528496835383503;1.0011336111196152;0.7287946421913118;1.0002831640861567
31.088697;1.0510879438038299;0.7531841520805737;0.7150525946415384;0.059928977453275876;0.056966533505203636;10.015837316888;0.7236533325528074;-0.07465078027541887;1.0465053108391251;1.0531307760993234;1.0011561326022853;0.7281227959765496;1.000293501898055
31.124754;1.0513548066719847;0.7526905802272351;0.7144252714489598;0.06050581625729465;0.05750343469273123;10.015887991320977;0.7230079142362972;-0.07515878232986797;1.0465263675793373;1.053403879709382;1.001177956858642;0.7275390529968097;1.0003036042453208
31.160812;1.051611527997964;0.7522725504284244;0.7138774916926954;0.061071605011401256;0.05803011248322114;10.015933719741934;0.7224416220958034;-0.07566278444969193;1.046546210552713;1.0536693870653941;1.001199078213163;0.7270323974522089;1.0003134339069157
31.19687;1.0518597482285208;0.7519222897898074;0.7134006564610059;0.06163189473397486;0.05855176768306749;10.015974590745056;0.7219484325873256;-0.07616178661532605;1.046564838757133;1.0539274667889027;1.001219495437582;0.7265966928880089;1.0003229653293984
31.232928;1.052100455852644;0.751632087504849;0.7129866864719834;0.06218374851771589;0.05906556662336888;10.016010574396011;0.721518312069114;-0.07665678881099446;1.046582249507724;1.0541795125387707;1.0012392203322569;0.72622204619217;1.0003321965499377
31.268985;1.0523343386129866;0.7513956479369491;0.7126290709791804;0.06272797020856179;0.059572247182693126;10.01604145137267;0.7211452203306234;-0.07714579102224496;1.0465984475289847;1.0544245092263747;1.0012582698462216;0.7259022336436837;1.0003411534969404
31.305043;1.0525609016269621;0.7512048350372;0.7123203794004636;0.0632645378146708;0.06007182897353013;10.016066817088314;0.7208211167008802;-0.07762979323363706;1.0466134453645244;1.0546648237271812;1.0012766537676245;0.7256293577040455;1.000349878579105
31.341101;1.052781397254237;0.7510525872329985;0.7120530506925208;0.06379356480731538;0.06056436060415159;10.016086115924384;0.7205399606002575;-0.07810879542875197;1.0466272542052684;1.0548991613071257;1.0012943712682933;0.7253974015694891;1.000358414212822
31.364776;1.0529357939160118;0.750974931731406;0.7119019064964552;0.06413553638055494;0.06088288381406327;10.016098675401155;0.7203787050729822;-0.07841979759057394;1.046639874815118;1.0550658979910852;1.0013114119753714;0.7252652034598994;1.0003667939053833
31.364776;1.052972499564206;0.750987231852451;0.7119163999320832;0.06413508016100397;0.0608829797073497;10.016103782004302;0.7203892957069222;-0.07841979970195828;1.0466512979458125;1.0551078173195096;1.0013277615824645;0.7252686955300396;1.0003750426712357
31.36503;1.0530090003939463;0.7509982736925651;0.7119304718043237;0.06413792870758948;0.060886165414233445;10.01610076601347;0.7203986766659537;-0.07842280174740128;1.0466615095904799;1.055150623991718;1.0013434130482783;0.7252697679356476;1.0003831849793412
31.365284;1.0530447261289524;0.7510073986825822;0.7119438758724068;0.06414125540540154;0.06088979014400643;10.01608901255416;0.7204097998663641;-0.07842680371424897;1.0466704929045247;1.0551947174268703;1.001358371278389;0.7252711585298224;1.0003912561041146
31.365792;1.0530813541809911;0.7510149623658081;0.7119557800676324;0.06414826818014602;0.060896802190413934;10.016067916592032;0.7204186350270417;-0.07843280559249541;1.0466782289744898;1.0552385912437021;1.0013726433538466;0.7252689653520706;1.000399305700958
31.366808;1.053118602329131;0.7510199172853098;0.7119653238269456;0.06416236983064688;0.06091044805925462;10.016036878534225;0.7204251724373737;-0.07844580737536494;1.0466846986785476;1.0552863028037969;1.0013862275048713;0.7252636929978767;1.0004073881476763
31.368841;1.0531600935242587;0.751019824526388;0.7119676702489388;0.06419101516600832;0.060937596479767334;10.015995349647538;0.7204264154390055;-0.07847280906014792;1.0466898869926728;1.0553385037386067;1.0013991117271108;0.7252530887229983;1.0004155495244826
31.372906;1.0532098987837633;0.7510120887629611;0.7119575253202118;0.06424947197337133;0.060992508807021055;10.015942863523934;0.7204133703943;-0.07852581064793751;1.0466937925595787;1.0554014165844543;1.001411275312059;0.7252294944696287;1.000423824484475
31.381036;1.0532780396617007;0.750991900602812;0.71192346539835;0.06436524274938916;0.06110071439762051;10.015879050634478;0.7203760396144158;-0.07863181214283041;1.0466964355361277;1.0554846370785906;1.0014226921678668;0.7251859021696898;1.0004322431542367
31.397296;1.0533835344203677;0.7509483826608927;0.7118422149031151;0.06459740604939201;0.06131718257644002;10.015803618773663;0.720290418186858;-0.07884281355000951;1.0466978556144402;1.0556092129334147;1.0014333411138778;0.7251041330356518;1.0004408345977938
31.429815;1.0535623038399275;0.7508713164176583;0.7116797037560176;0.06505366012072653;0.061741992050813675;10.015716319249648;0.7201194936984401;-0.07925781487339165;1.046698104189316;1.055811255609721;1.0014432170817502;0.7249583279810919;1.0004496228812492
31.462335;1.0537349080856075;0.7508110078793707;0.7115372722028995;0.06550066220372737;0.06215819922929997;10.015617020647591;0.7199702471898829;-0.07966581611615986;1.0466972369014942;1.056009184017967;1.0014523318117985;0.7248319742249627;1.0004586236060666
31.494855;1.0539022796342454;0.7507638960303519;0.7114107573808472;0.06593840037777123;0.062565743022421;10.01550580827515;0.7198376543579239;-0.08006581728437294;1.0466953069683191;1.056201708235457;1.001460704210028;0.7247199790383456;1.0004678414957595
31.527375;1.0540643698157495;0.7507308453667765;0.7113008616820748;0.06636811913076819;0.06296581133110467;10.015382941750135;0.7197216846047724;-0.08045781838963223;1.046692356456041;1.0563894789479358;1.0014683550250574;0.7246223405350053;1.0004772717061075
31.559895;1.0542204650811196;0.7507064870532644;0.7112028339317523;0.06678652166383214;0.06335532340486028;10.015248768009723;0.7196193017758725;-0.08084081944803453;1.04668840651659;1.056572407214782;1.0014753106566283;0.7245359788339981;1.0004869072606946
31.592415;1.0543719214607723;0.7506910658979886;0.7111158654816718;0.067198000665409;0.06373837050535706;10.015103666342478;0.7195274721779009;-0.08121682047701317;1.0466834532968141;1.0567501733572704;1.0014816011932668;0.7244581589798833;1.000496738634844
31.624935;1.0545180175816153;0.7506814754396782;0.7110373800913052;0.06759869772839402;0.06411134048001205;10.014947999229019;0.7194461723934216;-0.08158482149307848;1.0466774755642516;1.0569234427433882;1.001487250954872;0.724388795933154;1.000506742553111
31.657454;1.0546589202885028;0.7506773686876894;0.7109668303972859;0.0679913670754503;0.06447684142595334;10.014782144748766;0.7193733876071716;-0.08194382251012419;1.0466704491386463;1.057092160166698;1.0014922765139331;0.7243258189738114;1.000516878067897
31.722494;1.0549148181066068;0.7506826063541714;0.7108267615396315;0.06874976430810457;0.06518186585958337;10.01460653324145;0.719224103292425;-0.0826378235367794;1.046662353127327;1.0573838227590806;1.0014966900090432;0.7242240147359278;1.0005270919356695
31.787534;1.0551561850449365;0.7506967478966594;0.7107040404348883;0.06947151377619538;0.06585265160087124;10.014421540117704;0.7190952976085385;-0.0832988245752526;1.046653165679791;1.0576606396513333;1.0015004969930945;0.7241383525942717;1.0005373225153626
31.852574;1.0553833627279656;0.7507152123102361;0.7105940169471309;0.07015753223367677;0.06649009540759727;10.014227384099087;0.7189799385341171;-0.08392682562417936;1.046642859880332;1.0579238122272414;1.0015036894376432;0.7240618484222144;1.0005475052763124
31.917613;1.055598336445196;0.7507359013524753;0.7104933015615146;0.07080895151616616;0.0670951890472332;10.01402415356539;0.718875985971888;-0.0845238266825048;1.0466314036726145;1.058174276387808;1.0015062387906672;0.7239927182250812;1.000557579232943
31.982653;1.055800715756294;0.7507563815097484;0.710399807097808;0.07142487892860468;0.06766715116401549;10.013811825731874;0.7187793938653071;-0.08508782775079897;1.0466187661387145;1.0584107883648581;1.0015080986446285;0.7239267271201075;1.0005674838839655
32.047693;1.0559898184312597;0.7507735491763524;0.7103110319255805;0.07200766837992699;0.06820829538432632;10.01359024611614;0.7186891083049886;-0.08562182883048365;1.0466049280184717;1.058635021998501;1.001509217735339;0.7238632114904018;1.0005771530477328
32.112732;1.0561674699155836;0.7507883029439486;0.710226592344167;0.07255845686628958;0.06871961875085908;10.01335916846388;0.7186050638608263;-0.08612482992214492;1.046589885364262;1.058845977987544;1.0015095464595996;0.7238020462137063;1.0005865160644647
32.177772;1.0563337696292059;0.7507998775526754;0.7101456975923495;0.07307595129555385;0.06919992419345436;10.013118344860173;0.7185251806959998;-0.08659883102400091;1.0465736466277362;1.0590458249331336;1.001509031617935;0.7237414872140897;1.0005954980521836
32.242812;1.0564888087774262;0.7508070354509325;0.7100671219053188;0.0735609207177705;0.06964996505115409;10.012867617479703;0.7184493634992758;-0.08704183213257818;1.0465562294716537;1.059232157856823;1.0015076121881743;0.7236813012277489;1.000604016093863
32.307852;1.0566328802537508;0.7508127415619679;0.7099934804678943;0.07401577105009566;0.07007202721115231;10.01260699463248;0.7183785039176666;-0.0874578332448502;1.04653765686196;1.059407173719677;1.0015052224928982;0.7236229668766402;1.000611981997656
32.372891;1.0567656121099283;0.7508135198635553;0.7099217314816562;0.07443939557866573;0.07046511347271078;10.01233665294968;0.7183124886693721;-0.08784483435913058;1.046517951209714;1.0595711167853534;1.0015017966045163;0.7235662532412152;1.0006193102264327
32.437931;1.0568885020403047;0.7508133828262956;0.709854668642836;0.07483379412201514;0.07083104389499666;10.012056869370737;0.7182512118568611;-0.08820383547490646;1.0464971280465212;1.0597227709887513;1.0014972718576725;0.7235112948600015;1.0006259220187417
32.502971;1.0570016558822686;0.7508123816392311;0.7097922801193591;0.07519894421655722;0.07116981726993667;10.011767996272857;0.7181945823199093;-0.0885368365924162;1.0464751980996503;1.0598630809849678;1.0014915964997746;0.723458351249179;1.0006317479722786
32.56801;1.0571039932538733;0.7508095412292239;0.7097343904066994;0.07553523398564156;0.07148190061548344;10.01147050483712;0.7181435197477192;-0.08884283771209982;1.0464521773959465;1.059993212472798;1.0014847387985366;0.7234083038471528;1.000636733379191
32.63305;1.0571965992694128;0.7508045745811875;0.7096800344098019;0.07584232679524174;0.07176692706192613;10.011164981430802;0.7180969457194185;-0.08912483883497634;1.0464280917718751;1.0601121428602414;1.0014766914807232;0.7233605315634919;1.0006408397008577
32.69809;1.0572809875216436;0.7508002064110607;0.7096308212773422;0.07612303152292489;0.0720274730085783;10.010852056293658;0.7180547800518232;-0.08938083996281629;1.0464029756852748;1.0602198192279824;1.0014674744633165;0.7233147888782517;1.0006440364669635
32.76313;1.0573558345984975;0.7507930310262837;0.7095844686328322;0.07637760198139532;0.07226388793097467;10.010532389968555;0.7180179446278735;-0.0896128410970753;1.0463768744188329;1.060316937144682;1.0014571371546932;0.723272318835533;1.000646293456537
32.828169;1.0574216642482233;0.7507865390792557;0.7095439752312882;0.0766071045056305;0.0724771629996198;10.010206711984976;0.7179863668252453;-0.08982084223848925;1.0463498471521964;1.0604037164698488;1.001445752313472;0.7232331299588094;1.0006475796454977
32.893209;1.0574800717350568;0.7507809474102062;0.7095085181013726;0.07680971020205347;0.0726654745185045;10.009875809742871;0.717959977533299;-0.09000684338746229;1.0463219666268806;1.0604801674081648;1.001433399058311;0.7231974844496767;1.0006478613707566
32.958249;1.0575294018377355;0.7507732115998041;0.7094763651411622;0.07698915052800809;0.07283247750073252;10.009540495024835;0.7179367074555766;-0.09016984454424094;1.0462933215561572;1.0605472941272123;1.0014201443497366;0.7231632971577892;1.000647103111029
33.023288;1.0575716713640246;0.7507660290707403;0.709448746687008;0.07714445066446188;0.07297711807440374;10.009201574701148;0.7179194883752844;-0.09031184570916695;1.046264016980034;1.0606051558184684;1.0014060355719896;0.7231338275389496;1.0006452780058972
33.088328;1.0576059570863285;0.7507584706279301;0.7094254364037804;0.07727672283891096;0.07310051490452361;10.008859792143113;0.7179052615509249;-0.09043284688379456;1.0462341629944902;1.0606528666363477;1.0013911087175562;0.7231061367891742;1.0006423784403704
33.153368;1.0576332813324714;0.7507520414127051;0.7094072166765675;0.07738714374306728;0.07320371144581099;10.008515803909571;0.7178959813417018;-0.09053384807292232;1.046203864714269;1.0606926995274082;1.0013754005803057;0.7230823699290545;1.0006384169337887
33.218407;1.0576536934626448;0.7507444347985299;0.7093919375226366;0.07747627974672298;0.07328724048353974;10.008170289769058;0.7178906071417787;-0.09061484928473262;1.0461732230541312;1.0607232930358095;1.0013589510784624;0.7230615682462644;1.0006334156409367
33.283447;1.0576672468618658;0.7507366696095296;0.7093806111280068;0.07754436092337998;0.07335131658007427;10.007824107827302;0.7178880991365542;-0.09067685052791177;1.0461423380052053;1.0607459230672565;1.001341797143551;0.7230428949091813;1.0006273917405695
33.348487;1.0576749676854311;0.7507292069889316;0.7093730841323267;0.07759233430385416;0.07339676434486528;10.007478298023415;0.7178894240054479;-0.09072085180952262;1.046111305964046;1.060760656625598;1.001323969407686;0.7230274884697798;1.0006203553025392
33.413527;1.0576761408455417;0.750723463596109;0.7093712823186307;0.07762145549794228;0.07342481963219544;10.007133941314676;0.7178945591895493;-0.09074785313540976;1.0460802109252705;1.0607675600513302;1.001305494573169;0.7230154853339739;1.0006123225506607
33.478566;1.0576723146388995;0.7507160674908088;0.7093710879842495;0.07763127902024447;0.07343495162470152;10.006792063206179;0.7179024947009982;-0.09075685451118297;1.046049121527558;1.060766697682427;1.0012863967452872;0.7230057751442442;1.0006033320072159
33.543606;1.0576617930748993;0.7507077196169716;0.7093744075999491;0.07762314613442924;0.07342854439917798;10.006453629480838;0.7179132348535227;-0.09074985594206596;1.0460180973288722;1.0607600840181484;1.0012666968526316;0.7229986184918733;1.0005934525147189
33.608646;1.0576465687070675;0.7506995817378389;0.7093810982138705;0.0775979240060352;0.07340627732849564;10.006119517636979;0.717927795563826;-0.09072685743170274;1.0459871933473912;1.0607458604760511;1.0012464147012066;0.7229950189401959;1.0005827790992048
33.673685;1.0576257099702409;0.7506909328395948;0.7093911802326502;0.07755569994453106;0.07336829403216712;10.00579047360279;0.7179441997936564;-0.09068785898234467;1.0459564637658891;1.0607250941708681;1.0012255737830258;0.7229930022156847;1.0005714220103819
33.738725;1.0576002340020825;0.7506832729203892;0.7094054518600095;0.07749765761242665;0.073315638019791;10.00546717945118;0.717963476214487;-0.0906358605962835;1.045925968809583;1.0606990857699252;1.001204204446432;0.7229939411784861;1.00055949356909
33.803765;1.0575701732797678;0.7506753297305088;0.7094227391378041;0.07742460067060657;0.07324906098220094;10.005150384578833;0.7179846578189595;-0.09056886227480676;1.0458957760113883;1.060666480198304;1.0011823429846236;0.7229965886569255;1.0005470984237856
33.868805;1.057535771501552;0.7506671770260019;0.7094429919954478;0.07733724020851193;0.07316921256098623;10.004840944130377;0.7180087786693846;-0.09048886401631512;1.0458659526095855;1.0606285639728483;1.001160029755206;0.7230021732946585;1.000534336109466
33.933844;1.057497585522518;0.7506568192173125;0.7094639856510524;0.07723567876059526;0.07307614567257599;10.004539759059107;0.7180348729084235;-0.09039686581797657;1.0458365594412822;1.0605853976764785;1.001137311459478;0.7230098035590806;1.000521307462415
33.998884;1.0574558420755567;0.7506486940300249;0.709489786920226;0.07712052210024291;0.07297041212101482;10.004247708280175;0.7180629771184016;-0.0902918676782598;1.0458076516067203;1.0605379855308796;1.0011142478252677;0.7230193206316368;1.00050810910405
34.128963;1.0573646745316454;0.7506394386831261;0.7095479922892189;0.07685292144148656;0.07272383711040988;10.003965592471808;0.7181261319386409;-0.0900488695973232;1.0457792795186753;1.0604379739397207;1.0010909132823684;0.7230478467062814;1.000494820854466
34.246035;1.0572708949282101;0.750630611692025;0.7096086628518967;0.07657328271424613;0.0724659591466569;10.003694077733133;0.7181903808641912;-0.08979387157742408;1.0457514849703857;1.0603334801904505;1.0010673886999049;0.7230773756206367;1.0004815023510374
34.363106;1.0571668889108476;0.7506204892312496;0.7096752535184782;0.07626110748511533;0.0721778987283344;10.003433634123867;0.7182617682455669;-0.08950887362259272;1.0457242940756644;1.0602171854107412;1.0010437526942793;0.723111593730001;1.000468201919962
34.480178;1.0570521853379453;0.7506105245399527;0.7097494231143078;0.0759175222473897;0.0718607348665508;10.003184465651838;0.7183403368758161;-0.08919587573523896;1.045697714923437;1.0600905530546485;1.0010200778673874;0.723150737419555;1.0004549666847897
34.597249;1.056929895596543;0.7506009910297816;0.7098293031249469;0.0755468882276198;0.0715183646201352;10.002946505958949;0.7184231259334066;-0.08885787791254852;1.045671747128105;1.0599528433078351;1.0009964267770946;0.7231921909731479;1.0004418442700864
34.714321;1.056800961976863;0.7505908883141829;0.7099132742556228;0.07515199561267966;0.07115335014088145;10.00271950704973;0.718512170663703;-0.08849888014588395;1.0456463952077923;1.0598081777467847;1.0009728478775728;0.7232384168019302;1.000428875392501
34.831392;1.0566646022170474;0.7505809725510824;0.7100025430031482;0.07473720951612753;0.07076986226226431;10.002503122498387;0.7186045018843422;-0.08811988242311865;1.045621668066062;1.0596551098595062;1.0009493780695773;0.723286541578667;1.0004160879954358
34.948464;1.0565223143335278;0.7505705389470313;0.7100954067768858;0.07430484627815336;0.07036998194850634;10.002296953293301;0.718700147098889;-0.08772488473223315;1.0455975658912624;1.0594958107574977;1.0009260500774777;0.7233370367195506;1.0004035045782331
35.065535;1.0563752874889523;0.7505593689888644;0.7101908289124467;0.07385530671800225;0.06995400097915426;10.002100588477916;0.7187991371181064;-0.08731488706331254;1.0455740744586026;1.0593305087828324;1.0009028964760764;0.7233900138243051;1.0003911508492571
35.182607;1.0562254714670354;0.7505495740833946;0.7102894683331838;0.07339507242620295;0.06952792028069957;10.001913635695068;0.7189005117503925;-0.08689488940851227;1.0455511745443964;1.0591606837377272;1.0008799477191377;0.723445084779932;1.0003790490013373
35.299678;1.0560718892341154;0.7505384086235461;0.7103893630062451;0.07292377557343367;0.06909145159727742;10.001735733107193;0.7190033169045007;-0.08646489176192478;1.0455288525326605;1.0589868342494724;1.0008572281491448;0.7235012653697386;1.0003672089475442
35.41675;1.0559155136264882;0.7505292279756947;0.7104930263212085;0.07244409194801808;0.06864705986001822;10.001566544227682;0.7191075986390664;-0.08602789411917801;1.0455071006287753;1.0588104718768319;1.0008347560233128;0.723558927721301;1.0003556318754727
35.533821;1.0557575364534613;0.7505175681923831;0.7105954219462232;0.07196087040383126;0.06819925690344274;10.001405746571733;0.719212400921743;-0.08558589647653941;1.0454859124681142;1.0586318722009895;1.0008125468058366;0.7236173270193942;1.0003443168060675
35.650893;1.055599466673027;0.7505065126304722;0.7106984475097343;0.07147401189219768;0.06774785112940336;10.001253026765502;0.7193177655572344;-0.08514089883049446;1.045465281379189;1.0584513087820273;1.0007906147644992;0.7236767064897459;1.000333262543365
35.767964;1.0554405447431658;0.750496255740164;0.7108027917781848;0.07098557659362971;0.06729484379567642;10.001108079804064;0.7194237322345873;-0.08469390117775412;1.0454452003441288;1.0582712613948693;1.0007689729966573;0.723737187486797;1.0003224676472826
35.885036;1.0552817428030312;0.7504847657554705;0.7109058684805752;0.07049810000934814;0.06684257668162243;10.000970608219719;0.7195283386706119;-0.08424890351528806;1.0454256620472824;1.0580900557119346;1.0007476334379277;0.7237972517017944;1.0003119303343162
36.002107;1.0551240330107206;0.7504745920106634;0.7110094318032406;0.07001298210147983;0.06639231824267965;10.00084032185079;0.7196316207459327;-0.08380490584031959;1.0454066589079007;1.0579099027356926;1.0007266068719223;0.7238567778892576;1.0003016484295428
36.119179;1.0549683875853695;0.750463933379895;0.7111111130775974;0.06953172256805208;0.06594543377545091;10.000716938525008;0.7197346125661408;-0.08336490815027361;1.0453881830568335;1.0577313320853492;1.000705902995341;0.7239171013185948;1.000291619415711
36.23625;1.0548138276385022;0.7504526600045236;0.7112114422378767;0.06905669782667458;0.0655042432326846;10.000600185109397;0.7198363464992955;-0.08292991044273212;1.0453702264016747;1.0575536353026829;1.000685530503252;0.7239773343264447;1.0002818404842437
36.353322;1.0546615452124182;0.7504423812793192;0.7113111356362986;0.06858977869611818;0.0650704527908446;10.00048979792131;0.7199358532271204;-0.08250191271543317;1.0453527808041065;1.0573787818412475;1.0006654971226927;0.7240367006669346;1.0002723085716523
36.470393;1.0545120732700746;0.7504303125297396;0.7114071874375627;0.06812978250144738;0.06464291601268515;10.00038552186837;0.7200331618047563;-0.08208091496628277;1.0453358381893159;1.0572070320624884;1.0006458095951711;0.7240951860894299;1.0002630203968303
36.587464;1.054365628415777;0.7504204392819724;0.7115032251480838;0.06767936430720081;0.0642241457526787;10.000287109281395;0.7201272997277867;-0.08166891719333276;1.0453193904915148;1.0570379369705396;1.000626473656625;0.7241520085511518;1.0002539724565862
36.704536;1.054223183170789;0.7504099291755048;0.7115959009856244;0.06723978289425805;0.06381528609715789;10.000194319701189;0.720220293012889;-0.08126591939474988;1.045303429557949;1.0568727257337933;1.00060749408266;0.7242091381145628;1.000245161036053
36.821607;1.0540837589773517;0.7503991111744012;0.7116861817851695;0.06681135392985127;0.06341670557420652;10.000106920271108;0.7203091662929283;-0.08087292156881731;1.0452879471034768;1.0567114184619428;1.0005888748219163;0.7242636886873584;1.0002365822501262
36.938679;1.053949303890156;0.7503899737508176;0.7117746340641378;0.06639616632367602;0.06303027869254978;10.000024685922332;0.7203959429038909;-0.08049192371395356;1.0452729346897445;1.0565542701519846;1.0005706191536656;0.7243178518075895;1.000228232052014
37.05575;1.053817863808829;0.7503792830828903;0.7118595040115374;0.06599290735293696;0.06265488735977698;9.999947399259907;0.7204796449351858;-0.08012292582872273;1.0452583837299654;1.056401798085692;1.000552729760329;0.7243706129098643;1.0002201062598288
37.172822;1.0536923622034395;0.7503695028276662;0.7119411501458085;0.06560459604125515;0.062293232689918335;9.999874850537514;0.7205592932361947;-0.07976692791182682;1.0452442855116486;1.056253283210252;1.0005352086793229;0.7244210678784218;1.0002122006135923
37.289893;1.0535698692908;0.750358977907898;0.7120199762287456;0.06522945220712774;0.06194380942147694;9.999806838123122;0.7206359074094822;-0.07942292996208919;1.0452306312519077;1.0561106844328514;1.0005180572326087;0.7244700797839702;1.0002045108146285
37.406965;1.0534533083127406;0.7503501701511849;0.7120963397104729;0.0648704922081407;0.06160931840850121;9.999743168954817;0.7207095058591496;-0.07909393197845167;1.0452174122349316;1.055973044557252;1.000501276057529;0.7245179572433147;1.000197032596078
37.524036;1.0533417005069803;0.7503395249774278;0.7121675236386346;0.06452607769224551;0.061288272826395915;9.99968365762701;0.7207791058901124;-0.07877793395997713;1.0452046199347425;1.0558406135050715;1.000484865251064;0.724563466558123;1.0001897618195794
37.641108;1.0532350428286021;0.7503298976737243;0.7122362370697771;0.06419792062012995;0.060982308128255724;9.999628124427522;0.7208457237636406;-0.07847593590583785;1.045192245961505;1.0557139032761818;1.0004688245174724;0.724607691380297;1.0001826945351502
37.758179;1.0531333324736931;0.7503204960302081;0.7123017268626161;0.0638847515254042;0.0606902288720351;9.999576394983011;0.7209073747107584;-0.07818893781530672;1.045180281896278;1.0555921902938887;1.0004531532098946;0.7246487321452909;1.0001758270015861
37.875251;1.0530365668597579;0.750311091597693;0.7123637750942725;0.06358758796605597;0.06041301058156588;9.999528301806967;0.7209660729620754;-0.07791593968776295;1.0451687192303838;1.0554764571969273;1.000437850245273;0.7246884499363505;1.0001691556595123
37.961262;1.0529691306937359;0.7503032687007662;0.7124073879030224;0.06338020751507983;0.06021933712504209;9.999483684539621;0.7210048317572696;-0.07772494152269221;1.045157549417616;1.0553919773395095;1.0004229139851637;0.7247172148735631;1.0001626770398369
37.961262;1.0529680899337095;0.7502943072915214;0.7124048990434073;0.063380608557986;0.06021919072256035;9.999442388106177;0.7209936633365929;-0.07772494331968534;1.045146763875986;1.0553785978069123;1.0004083422182255;0.7247168127844167;1.000156387624968
37.963059;1.052965158650781;0.7502850286379861;0.7124032790149898;0.06337709104669896;0.06021543411943521;9.999404261358599;0.7209835789995547;-0.07772094507845481;1.0451363539353795;1.055363451326168;1.0003941322709973;0.7247170081444682;1.0001502837638703
37.964855;1.0529632613091837;0.7502766319304711;0.7124016881269833;0.06337346926024207;0.06021152335721292;9.999369156969452;0.7209735891985575;-0.07771694679885659;1.0451263108366844;1.0553494601205842;1.0003802811338194;0.7247172345977339;1.0001443617370276
37.968449;1.05295946941522;0.7502681531801881;0.7124011915856598;0.06336490152103773;0.06020302832623501;9.999336931644306;0.7209647035615471;-0.07770994848088301;1.0451166257782507;1.05533371558503;1.00036678549496;0.724718163620261;1.0001386178504819
37.975636;1.052952805449048;0.7502595809537399;0.7124024394619443;0.06334840450242835;0.06018717209866953;9.999307446759156;0.7209569308850688;-0.0776939501246047;1.0451072899995157;1.0553152518628393;1.0003536417632095;0.7247191510199615;1.0001330484049529
37.990009;1.0529413164731092;0.7502505588129158;0.7124064141449494;0.06331469886543623;0.06015525363608298;9.999280568897683;0.7209542792031668;-0.07766295173009703;1.0450982949113454;1.055291159356735;1.000340846158079;0.7247235303970619;1.0001276496925573
38.018756;1.0529191476423996;0.750242601175382;0.7124185148242715;0.06324840452604076;0.06009299936806779;9.999256169306237;0.7209597559165402;-0.07760195329742182;1.045089632154008;1.0552556130343513;1.000328394739128;0.7247326792583563;1.000122418177213
38.076251;1.0528765421985482;0.7502362748235644;0.7124458817918168;0.06311661595907128;0.05996970845973083;9.99923412335267;0.7209803678889964;-0.07747995482665801;1.045081293502681;1.0551979290172393;1.0003162833399237;0.7247502496433879;1.0001173506197358
38.19124;1.0527930132581902;0.7502275328160302;0.7124985376140589;0.06285910562171311;0.0597293218151099;9.999214310822465;0.721031121453015;-0.07724295631792301;1.0450732707551644;1.0550977064057951;1.0003045075162953;0.7247854301033073;1.00011244397501
38.306229;1.0527124554545928;0.7502202686024536;0.7125504847811749;0.06260978276024813;0.0594965146331344;9.999196616005761;0.7210790223666956;-0.07701395777137751;1.0450655557224489;1.0550006168395105;1.000293062546575;0.7248185826074246;1.0001076952743315
38.536207;1.052559755740382;0.7502121297050222;0.7126503353037401;0.06213555348486746;0.05905406269081632;9.999180927238994;0.7211800758129897;-0.07657895918724154;1.0450581402624954;1.0548260162110843;1.0002819434724097;0.724882743876427;1.0001031016076327
38.766185;1.0524168518302461;0.7502050942799237;0.7127445211937794;0.0616925240692832;0.05864059180025896;9.999167136664214;0.7212752864657542;-0.07617196056582663;1.0450510163006632;1.054662327748908;1.0002711451358282;0.7249441744508126;1.0000986601266189
39.22614;1.052160834848967;0.7501973362782809;0.7129145639127125;0.06089666500516059;0.057897933839082476;9.999155140380077;0.721452658562473;-0.07543996190753978;1.0450441758693916;1.0543774117077327;1.0002606622228654;0.7250535279593062;1.0000943680339556
39.640101;1.0519604567170575;0.7501903585210579;0.7130476129988672;0.06027626965367279;0.05731870009168551;9.99914483834066;0.7215901959130198;-0.07486996321282802;1.0450376111812558;1.0541539369843431;1.0002504893500863;0.7251405937914562;1.000090222520054
40.054061;1.0517884017895078;0.7501851878869015;0.7131631222797254;0.0597416337913806;0.05681926509560882;9.999136134011342;0.7217069018925825;-0.07437696448213013;1.0450313146802204;1.0539591043560295;1.0002406211120183;0.7252151497249801;1.0000862206872718
40.468021;1.0516407656691085;0.7501779980760186;0.7132600841557007;0.059283146440288884;0.05639077866536734;9.999128934431283;0.7218067794923203;-0.07395596571590261;1.0450252790262353;1.053791468576378;1.000231052057082;0.7252804999994589;1.0000823595327353
40.881981;1.0515153746530628;0.7501715049966199;0.7133425423044967;0.05889580194368685;0.056028655947755364;9.99912315029244;0.7218888313526316;-0.07359996691468162;1.0450194970631494;1.053647379252544;1.0002217766691714;0.7253348081029101;1.0000786359253448
41.295941;1.0514107163029798;0.7501655549376526;0.71341136706894;0.05857170595728379;0.055725515477798346;9.999118695295497;0.7219570597474112;-0.07330196807909924;1.0450139618089471;1.05352586402429;1.0002127893603818;0.7253812454900489;1.0000750465574306
41.709902;1.0513236418437313;0.7501593098664637;0.7134678906872846;0.05830426623104841;0.055475288513558714;9.999115485125253;0.7220114666062166;-0.07305496920984025;1.045008666430388;1.053424007190572;1.0002040844506097;0.7254190321827375;1.0000715879464634
42.123862;1.0512531738170336;0.7501536816710298;0.7135136389823329;0.05808637862380937;0.05527129435030004;9.999113437239636;0.7220550535608514;-0.07285397030760501;1.045003604199596;1.0533398645385905;1.0001956561776582;0.7254505959458268;1.0000682565332644
42.537822;1.051197359501308;0.7501478487155184;0.7135491523678925;0.05791081916779569;0.05510678216602912;9.999112471798894;0.7220878219436332;-0.07269297137311169;1.044998768496012;1.0532705202423467;1.0001874987634527;0.7254752952427218;1.0000650488102678
42.951782;1.0511522954948669;0.7501432109760515;0.7135784102332693;0.05777355601630962;0.054978133638756865;9.99911251251954;0.7221127727567552;-0.07256597240709461;1.0449941528339395;1.053214029990457;1.0001796064872048;0.7254954866003912;1.000061961335363
43.365743;1.0511179800764605;0.7501380804010714;0.7135998071654786;0.057667732714930794;0.05487883439554517;9.999113486917096;0.7221299066541456;-0.07246797341027418;1.044989750829061;1.0531684493873725;1.0001719737032015;0.7255106516129419;1.0000589906958246
43.779703;1.0510924607911543;0.7501321971075465;0.7136144210881259;0.05758842400911835;0.054804306326948105;9.999115326182427;0.7221412239346269;-0.07239597438332995;1.0449855561517567;1.0531328055060856;1.000164594795226;0.7255224683559924;1.000056133567816
44.193663;1.0510737852620862;0.7501268881198907;0.713624840339037;0.057533221327195225;0.0547523633097423;9.999117964522371;0.7221467245520233;-0.07234397532689439;1.0449815625403878;1.0531051536703881;1.0001574641316453;0.7255303302870054;1.0000533867754073
44.607623;1.0510619520175697;0.7501225160328299;0.7136314117999943;0.05749573928380704;0.054716932461141295;9.999121338580855;0.7221484081442738;-0.07230897624157018;1.0449777638194722;1.0530845204484964;1.0001505760764637;0.725535923959553;1.0000507472607474
45.021583;1.051055008941847;0.750118357209895;0.7136347736275725;0.05747310886647521;0.05469538697706194;9.999125387608407;0.7221462740702226;-0.07228897712797745;1.0449741538493398;1.0530689605209296;1.0001439250146664;0.7255390476938199;1.000048212036782
45.435544;1.0510510040450476;0.7501134560921456;0.7136353436672861;0.05746348706754155;0.05468607551760335;9.999130053783446;0.7221413214612611;-0.07227997798679091;1.0449707264402683;1.0530584714499234;1.0001375053486272;0.7255402968802634;1.0000457781650751
45.849504;1.0510509116293558;0.7501092129236943;0.7136337947406971;0.057463694156956915;0.05468592232568832;9.999135282178601;0.7221345492770388;-0.07227897881871397;1.044967475349795;1.0530501359856919;1.0001313115002328;0.7255403673209745;1.0000434427586444
46.263464;1.0510537552984474;0.7501056117055533;0.7136307767790222;0.05747075861235945;0.05469215101089382;9.999141020309679;0.7221269563260222;-0.072285979624432;1.0449643943603948;1.0530458945837564;1.0001253379525459;0.7255402539323357;1.0000412029859242
46.677424;1.0510575832948568;0.7501014648482727;0.7136264872562654;0.057483863356990066;0.054704085641381385;9.999147217339614;0.7221175412493283;-0.07229798040461798;1.0449614773294962;1.0530438013809296;1.0001195793233015;0.7255386627437567;1.0000390560617276
47.091385;1.0510633700721221;0.7500979406932203;0.7136213783971281;0.05750085421393227;0.054719625827936755;9.999153823754833;0.722107302520111;-0.07231298115996944;1.0449587182247908;1.0530428819557693;1.0001140304167335;0.725536389368679;1.0000369992799352
47.505345;1.0510691639753615;0.7500938516593914;0.7136156473847254;0.05752091407240799;0.05473809559134895;9.999160792336916;0.7220962384844993;-0.07233098189121906;1.0449561112010937;1.0530421617097154;1.000108686156147;0.7255334336093987;1.0000350300568475
48.333265;1.0510827673379566;0.750090456469701;0.7136051968395799;0.05756269078563112;0.054776830097011044;9.99916807942996;0.7220803474022799;-0.07236998259910647;1.0449536506624582;1.0530503813957952;1.0001035414147486;0.7255276104100572;1.0000331459007348
49.161186;1.0510963761163867;0.7500869536243303;0.7135945643448957;0.05760548721078055;0.05481654352354909;9.999175644713112;0.7220646274572429;-0.07240898328434979;1.0449513312594187;1.0530597650205968;1.00009859095029;0.7255218015027401;1.0000313443573443
49.989106;1.051109013936371;0.7500833271030097;0.7135843992809758;0.05764633153946357;0.054854459338443455;9.999183450264484;0.7220490767538233;-0.07244598394765345;1.0449491478615112;1.0530673942067876;1.0000938294982855;0.7255158064610521;1.0000296229659291
50.817027;1.0511206798047072;0.7500805006819797;0.713575582876138;0.05768112263753763;0.05488667591025167;9.999191460927568;0.7220356933014574;-0.0724779845897238;1.0449470955053195;1.0530732651922274;1.000089251870853;0.725511314484984;1.0000279792122135
51.644947;1.0511294219093328;0.7500768234227922;0.7135678709597336;0.057711093005613626;0.05491446787079766;9.999199645046252;0.7220234749705593;-0.07250498521126711;1.0449451693193357;1.0530783458227255;1.0000848529871567;0.7255073290407507;1.0000264105418508
52.472867;1.0511371899720394;0.7500741719251355;0.7135617267618961;0.05773398434673332;0.054935585048657955;9.999207973772771;0.7220124194609466;-0.07252698581299766;1.0449433644922441;1.0530806893761457;1.0000806277978957;0.7255038486315736;1.000024914429257
53.472867;1.0511439829801335;0.7500711528725169;0.7135558269301938;0.05775594815797896;0.05495587978241392;9.999216420063089;0.7220025243407667;-0.07254598639564146;1.044941676268687;1.0530822355047507;1.0000765711711839;0.7255010717797682;1.00002348841972
54.472867;1.0511488246679799;0.7500686772998667;0.7135517025462086;0.05776991116448692;0.05496867390324811;9.9992249586035;0.7219947871026401;-0.0725599869598939;1.0449400999366194;1.0530829807842887;1.0000726779292317;0.725499792113737;1.000022130147892
55.472867;1.051151714220103;0.750065815386876;0.7135484713356399;0.05777997440542987;0.05497786899317968;9.999233565719432;0.721988205189558;-0.07256798750637682;1.0449386308793858;1.053080978649126;1.0000689429847616;0.7254989131644421;1.0000208373554664
56.472867;1.0511536261863779;0.7500635040630633;0.7135463649064269;0.05778500895725419;0.054982340018877106;9.999242219039376;0.7219827760587832;-0.07257298803565274;1.044937264684831;1.0530781688057878;1.0000653613819706;0.7254987336515676;1.000019607894964
57.472867;1.0511535843198399;0.7500605690375439;0.71354493047914;0.05778716914801496;0.05498418742433828;9.999250897788016;0.7219774972718008;-0.07257498854825223;1.0449359971682581;1.0530745479030024;1.0000619282891414;0.7254982574034445;1.0000184397169878
58.472867;1.0511545139887482;0.7500586684677353;0.7135437613122868;0.05778819468276266;0.05498491309271103;9.999259583149287;0.7219733665066683;-0.07257598904466149;1.044934824328049;1.0530701127093711;1.0000586390456805;0.725498678381007;1.0000173308338882
59.472867;1.0511544635859609;0.7500563837196293;0.7135428337887483;0.05778829304974526;0.05498481629444176;9.999268257638915;0.7219693814697714;-0.07257598952530231;1.044933742351176;1.0530658317311616;1.000055489194088;0.7254990005688001;1.0000162792685574
60.472867;1.0511534323954845;0.7500537124010976;0.713542147258549;0.057787464418992955;0.05498389700973045;9.999276903940226;0.7219655397828817;-0.07257498999054507;1.044932747605644;1.0530607304955475;1.0000524744801962;0.72549922297998;1.000015283028527
61.472867;1.0511533707163532;0.750051836600389;0.7135415036420568;0.0577865269243555;0.0549828313300956;9.999285504279733;0.721961838952507;-0.07257399044073706;1.0449318365672886;1.0530567492947136;1.00004959085906;0.7254994446942492;1.0000143401365764
62.472867;1.0511533029055458;0.7500500459279332;0.7135408907359438;0.05778558441315494;0.05498176885709312;9.999294040490389;0.7219582764027992;-0.07257299087620832;1.0449310057576997;1.053052913761804;1.0000468344648241;0.7254996647745569;1.000013448685884
63.472867;1.0511532288903946;0.75004810633731;0.7135400874869763;0.057785662351940686;0.0549816849446517;9.99930249408658;0.7219558494692143;-0.0725719912972577;1.0449302517066972;1.0530492211006648;1.00004420155438;0.7255008773132364;1.000012606835018
64.472867;1.0511521733001445;0.750045770856545;0.7135395227389819;0.05778481401832858;0.05498077838914215;9.99931084644764;0.7219525554201826;-0.07257199170415327;1.0449295709070372;1.0530446969237806;1.0000416884790693;0.7255011915694674;1.0000118127607875
65.472867;1.0511520871140216;0.7500442215724561;0.7135389986608428;0.05778385753488813;0.05497972526920351;9.999319079913734;0.7219493915631537;-0.07257099209715184;1.0449289597717029;1.0530412814682941;1.0000392916529206;0.7255014017715667;1.0000110646359486
66.472867;1.051151995385657;0.7500425163839417;0.7135382829258484;0.05778392202641246;0.054979650587259725;9.999327179199861;0.7219463552739347;-0.07257099247651859;1.0449284145893571;1.0530380001269903;1.0000370074694918;0.7255017073922093;1.0000103605929185
67.472867;1.0511518988375628;0.75004088476967;0.7135375956852854;0.057783982386035215;0.05497957891258327;9.999335131871707;0.721943443937254;-0.07257099284253339;1.044927931501785;1.0530348496445474;1.0000348322510282;0.725502007877514;1.0000096987314087
68.472867;1.0511517983024279;0.750039324568374;0.7135369366155129;0.057784038799794095;0.054979510213646964;9.999342927665612;0.7219406549714049;-0.0725709931954808;1.0449275065621821;1.053031826641658;1.0000327623194016;0.7255023027716929;1.0000090772179724
69.472867;1.0511516945603452;0.7500380654352584;0.7135365258112594;0.05778306617640481;0.05497846905889872;9.999350557094271;0.7219379858818954;-0.07257099353562918;1.0449271358469354;1.053028927799216;1.0000307941153852;0.7255025917326738;1.0000084942821703
70.472867;1.0511515882921556;0.7500366419233168;0.7135359220460804;0.057783115276635974;0.05497840620788611;9.999358010788436;0.7219354342024793;-0.07257099386321393;1.0449268155579818;1.0530261499706666;1.0000289242716665;0.7255028745597983;1.000007948125805
71.472867;1.0511514800970327;0.7500352837897392;0.713535345487107;0.05778316100458106;0.05497834622461756;9.999365280554485;0.7219329974088096;-0.07257099417843785;1.0449265421036504;1.0530234901817819;1.0000271496206279;0.7255031511270759;1.0000074369788936
72.472867;1.0511513705524123;0.7500339890951229;0.713534795823732;0.05778320354091843;0.05497828907784833;9.999372360385815;0.7219306729212882;-0.07257099448148448;1.0449263121511747;1.0530209456057857;1.0000254671642554;0.7255034212667109;1.0000069592395346
73.472867;1.0511512603204447;0.7500327559753799;0.7135342726373735;0.057783243055835966;0.05497823474038986;9.999379245853628;0.7219284581681662;-0.07257099477253201;1.0449261226276179;1.053018513559283;1.0000238740495973;0.7255036847408157;1.0000065135273608
74.472867;1.051151150173306;0.7500315827015254;0.7135337754043578;0.05778327970866893;0.054978183183778;9.99938593316279;0.7219263506461737;-0.07257099505175803;1.0449259706804679;1.0530161914764953;1.0000223675342308;0.7255039413343988;1.000006098613227
75.472867;1.051151040903138;0.7500304677022226;0.7135333035295237;0.05778331365044609;0.05497813438064953;9.99939241945271;0.7219243479426548;-0.07257099531932364;1.044925853603152;1.0530139768123743;1.0000209449198167;0.7255041909646752;1.0000057132717082
76.472867;1.0511509332481268;0.7500294095070796;0.7135328563609724;0.05778334502301638;0.05497808830615269;9.99939870340505;0.7219224477094502;-0.07257099557535758;1.0449257687229752;1.0530118669510604;1.0000196035348892;0.7255044337128017;1.0000053562039422
77.472867;1.0511508278058854;0.7500284066585163;0.7135324332165206;0.05778337395374366;0.05497804493234123;9.99940478453533;0.7219206476179562;-0.07257099581997432;1.044925713330369;1.053009859250687;1.0000183408097096;0.7255046697748171;1.0000050260584215
78.472867;1.05115072491823;0.7500274576825218;0.7135320334029253;0.05778340055231362;0.05497800422345073;9.999410662060757;0.7219189453368539;-0.07257099605329898;1.04492568469554;1.0530079511284531;1.0000171543018646;0.7255048994033634;1.0000047214359953
79.472867;1.0511506247205946;0.750026561093384;0.713531656198278;0.05778342491468802;0.05497796613597188;9.999416334818372;0.7219173385321632;-0.07257099627546375;1.0449256801329216;1.0530061400046995;1.0000160416124113;0.7255051228760295;1.0000044408825648
80.472867;1.0511505273444972;0.7500257153647825;0.7135313008586501;0.05778344713170044;0.05497793062240428;9.999421801768044;0.7219158248430828;-0.0725709964865949;1.0449256970739722;1.0530044231761115;1.0000150003423747;0.7255053404856916;1.0000041829215387
81.472867;1.0511504330369628;0.7500249189066263;0.713530966666078;0.05778346729613004;0.05497789763522183;9.999427062390511;0.7219144018426913;-0.07257099668681105;1.0449257331154147;1.0530027977885559;1.000014028134175;0.7255055525421192;1.000003946129713
82.472867;1.0511503421414041;0.7500241701086838;0.7135306529266323;0.057783485505465186;0.05497786713013792;9.999432116751906;0.721913067065415;-0.07257099687623166;1.0449257860280645;1.0530012609225936;1.0000131226686864;0.7255057593177469;1.0000037292225317
83.472867;1.051150255042708;0.7500234673936382;0.7135303589204826;0.05778350186002262;0.05497783906859018;9.99943696494107;0.7219118180815963;-0.07257099705499373;1.0449258537565003;1.0529998096898134;1.0000122815629378;0.7255059609504033;1.0000035310603301
84.472867;1.051150172132543;0.7500228092174828;0.7135300839089103;0.057783516458751856;0.05497781341061684;9.999441606356584;0.7219106524887589;-0.07257099722326173;1.0449259344653863;1.0529984412750875;1.0000115022828402;0.7255061574293131;1.00000335057318
85.472867;1.0511500937935994;0.7500221940613387;0.7135298271918711;0.05778352939646246;0.05497779009970056;9.999446039588133;0.7219095678167095;-0.07257099738121998;1.0449260265723974;1.0529971529558815;1.000010782153517;0.7255063486724342;1.000003186714123
86.472867;1.0511500203577837;0.7500216204458857;0.7135295881104127;0.057783540763089385;0.05497776905705518;9.999450262633873;0.7219085614734958;-0.07257099752906575;1.04492612865381;1.0529959421577495;1.0000101183868282;0.7255065345868276;1.0000030384850116
87.472867;1.05114995204689;0.7500210869369225;0.7135293659920495;0.057783550644795324;0.05497775018845586;9.999454272929261;0.7219076307724305;-0.07257099766701018;1.0449262393240284;1.0529948065258707;1.0000095081109746;0.7255067150789631;1.0000029049840993
88.472867;1.0511498889907351;0.7500205921359059;0.7135291601456306;0.05778355912705847;0.054977733393387636;9.999458067317288;0.7219067729774755;-0.07257099779527137;1.044926357248105;1.0529937439193877;1.0000089484781123;0.7255068900743643;1.000002785400221
89.472867;1.0511498312994914;0.7500201346813055;0.7135289699070655;0.057783566298494037;0.05497771857181538;9.999461642236977;0.7219059853330664;-0.07257099791406674;1.0449264811689118;1.0529927523586737;1.0000084367755595;0.7255070595530552;1.0000026789227883
90.472867;1.0511497790900368;0.75001971327142;0.7135287946548816;0.05778357225233303;0.05497770562558686;9.999464994391834;0.7219052650903467;-0.0725709980236218;1.0449266097923553;1.0529918300402255;1.0000079704274003;0.7255072235297879;1.0000025846415503
91.472867;1.0511497324655004;0.7500193266695974;0.7135286337919554;0.05778357708342663;0.054977694455703094;9.999468121543334;0.7219046095061096;-0.07257099812418219;1.0449267416806198;1.0529909753458373;1.0000075469471725;0.7255073819817688;1.0000025015291902
92.472867;1.0511496914829757;0.7500189736521683;0.7135284867324813;0.05778358088611321;0.05497768495985077;9.999471022372424;0.7219040158168935;-0.07257099821600874;1.0449268752938174;1.0529901867679485;1.0000071639526755;0.7255075347808136;1.0000024284928226
93.472867;1.0511496561544895;0.7500186529465144;0.7135283529334163;0.0577835837592005;0.05497767702804559;9.999473696064173;0.721903481257479;-0.07257099829937862;1.0449270090757956;1.0529894628519734;1.0000068192221223;0.725507681648897;1.0000023644116027
94.472867;1.0511496264666262;0.7500183632211044;0.7135282319404446;0.057783585811451724;0.05497767053752105;9.99947614306733;0.7219030031261214;-0.07257099837461335;1.0449271414904528;1.0529888021814895;1.0000065107177294;0.7255078221719893;1.0000023081416283
95.472867;1.0511496023099762;0.7500181031389546;0.7135281233816547;0.057783587156925345;0.05497766535416513;9.999478365801508;0.7219025788122655;-0.072570998442095;1.0449272710074957;1.052988203335993;1.000006236581498;0.7255079558758224;1.0000022585594543
96.472867;1.0511495833749431;0.7500178714499424;0.7135280269486645;0.05778358790635438;0.054977661339730845;9.999480367559341;0.7219022057199221;-0.07257099850224409;1.0449273960956567;1.0529876648073802;1.000005995078892;0.725508082269805;1.0000022146758851
97.472867;1.0511495691708612;0.7500176670359938;0.7135279423737195;0.05778358816711704;0.05497765835454585;9.9994821511541;0.7219018811493364;-0.0725709985554778;1.0449275152632465;1.0529871849544383;1.000005784452133;0.7255082007932844;1.0000021757490012
98.472867;1.0511495591066826;0.7500174888400359;0.7135278693304669;0.05778358804583207;0.05497765625296166;9.999483719609579;0.7219016022536324;-0.07257099860216838;1.0449276270813754;1.0529867620776534;1.0000056028300093;0.7255083107307003;1.0000021413183622
99.472867;1.0511495525353112;0.7500173357326628;0.7135278073047118;0.05778358764470773;0.05497765488300155;9.999485077767904;0.7219013660597194;-0.07257099864261518;1.0449277301526017;1.0529863945125981;1.0000054483080287;0.7255084111914143;1.0000021111362014
100.0;1.0511495488079972;0.7500172064294942;0.7135277555507977;0.05778358705727925;0.054977654094989385;9.99948623270859;0.7219011695021537;-0.07257099867704604;1.0449278230799843;1.052986080597452;1.000005319038553;0.7255085011557054;1.0000020850493023
