time;BusPDR_BUS_Voltage;BusPDR_BUS_ActivePower;BusPDR_BUS_ActiveCurrent;BusPDR_BUS_ReactivePower;BusPDR_BUS_ReactiveCurrent;StepUp_Xfmr_XFMR_Tap;Wind_Turbine_GEN_ActivePowerSetpointPu;Wind_Turbine_GEN_ReactivePowerSetpointPu;Wind_Turbine_GEN_AVRSetpointPu;Wind_Turbine_GEN_InjectedActivePower;Wind_Turbine_GEN_InjectedReactivePower;Wind_Turbine_GEN_InjectedActiveCurrent;Wind_Turbine_GEN_InjectedReactiveCurrent;Wind_Turbine_GEN_ActivePowerPu;Wind_Turbine_GEN_ReactivePowerPu;Wind_Turbine_GEN_MagnitudeControlledByAVRPu;Wind_Turbine_GEN_InjectedCurrent
0.0;1.0446220130562598;0.7497835673360608;0.7179241769598076;7.997964027488405e-06;4.825368012621266e-05;10.002274961396832;0.7505173025504909;0.013382049046448274;0.013378511663491877;0.7504706895317449;0.013407443398489694;0.7177711488869686;-0.01280196489363502;0.7500680612356014;0.012593291126607693;1.045014030995283;0.7177356680444421
0.0;1.044630815843714;0.7497785805511682;0.7179252380666824;8.035993834611204e-06;5.2398367870479754e-05;10.002242515766834;0.7505263612743435;0.013382114276714794;0.013378555158355789;0.7504717259839659;0.013407752617532454;0.7177637332281941;-0.012801963318583829;0.750065302147813;0.01259449067971569;1.0450298920096175;0.717720395529563
0.1;1.0446398037155287;0.7497734580944347;0.7179263013966246;8.077286495023979e-06;5.661869993177171e-05;10.00220982686496;0.7505355334863989;0.013382180159040689;0.01337859834425856;0.7504728585403119;0.013408078776923625;0.7177561696848433;-0.012801961694146925;0.7500625108390674;0.012595705897727615;1.0450459033568973;0.7177047806178273
0.2;1.0446489779068042;0.749768198705016;0.7179273655975338;8.121814565156707e-06;6.0913653044951135e-05;10.002176912426773;0.7505448155382003;0.013382246660150815;0.013378641149655972;0.7504740917117739;0.01340842227798226;0.7177484595608773;-0.012801960019171757;0.7500596895338772;0.012596936142604244;1.0450620549312242;0.7176888238166977
0.4;1.0446583394712967;0.7497628013267995;0.7179284296221959;8.169526704818104e-06;6.528223220493418e-05;10.002143787399241;0.7505542035334979;0.013382313739953166;0.01337868350360833;0.7504754299316185;0.013408783474849582;0.7177406043269002;-0.012801958292550084;0.7500568404998517;0.012598180822628218;1.045078337036819;0.7176725257890549
0.8;1.0446678893057013;0.7497572650664032;0.7179294928222948;8.22035802720428e-06;6.972348865240467e-05;10.002110464393878;0.7505636934292615;0.013382381350694555;0.013378725334271467;0.75047687749915;0.013409162681455743;0.7177326055853859;-0.012801956513213718;0.7500539660577129;0.012599439398408347;1.0450947403053512;0.7176558874548244
1.6;1.044677628103037;0.7497515891859056;0.7179305549761541;8.274240200773064e-06;7.423651567705603e-05;10.002076952785817;0.7505732810425882;0.013382449437854629;0.013378766568387027;0.750478438556823;0.013409560173570288;0.7177244650886089;-0.01280195468012705;0.7500510685959738;0.012600711375647278;1.0451112555586335;0.7176389101152626
2.6;1.044687556273849;0.749745773166268;0.7179316162367204;8.331103867975514e-06;7.882042590967189e-05;10.002043257675014;0.7505829619180532;0.013382517941269805;0.013378807131095722;0.7504801170967704;0.013409976178258818;0.7177161848051428;-0.012801952792270385;0.750048150548097;0.012601996284964648;1.045127873696383;0.7176215955071606
3.6;1.0446976739110416;0.7497398167598315;0.7179326770733656;8.390875902878713e-06;8.347432042398251e-05;10.002009379632355;0.750592731244813;0.013382586795396641;0.0133788469462119;0.7504819169790962;0.013410410860517549;0.7177077670019478;-0.012801950848621384;0.75004521434007;0.012603293670234687;1.0451445856689618;0.7176039458026358
4.6;1.0447079808636421;0.7497337199545784;0.7179337382092759;8.453478901089764e-06;8.819725318378436e-05;10.001975314616105;0.7506025838931751;0.013382655928811852;0.013378885937442665;0.7504838419431763;0.013410864320040359;0.7176992142655898;-0.012801948848162072;0.7500422623732572;0.012604603094304136;1.045161382497222;0.7175859636611288
5.6;1.0447184768531104;0.7497274829295347;0.7179348005792987;8.518827499271878e-06;9.298820655328787e-05;10.001941054169825;0.7506125144766176;0.013382725263779907;0.013378924029267436;0.7504858956111116;0.013411336594624885;0.7176905294988387;-0.012801946789898669;0.7500392970779705;0.012605924139471146;1.045178255278265;0.7175676523654194
6.6;1.0447291614962486;0.7497211061063728;0.717935865405095;8.586819958776262e-06;9.784608207719436e-05;10.001906586403651;0.7506225173709399;0.0133827947162808;0.013378961147146056;0.7504880815213715;0.013411827664944188;0.7176817159692881;-0.012801944672870847;0.7500363209874406;0.012607256391735126;1.0451951951887195;0.7175490159066826
7.6;1.0447400342555353;0.7497145902402532;0.7179369343479547;8.657338337121722e-06;0.00010276969658243937;10.00187189654138;0.7506325866808267;0.0133828641952719;0.013378997217797308;0.7504904031510292;0.013412337463398365;0.7176727773584253;-0.012801942496154243;0.7500333367769361;0.012608599426205354;1.0452121934921434;0.7175300589367624
8.6;1.044751094432004;0.749707936470104;0.7179380095829044;8.730261461722566e-06;0.00010775777833767885;10.001836965944578;0.7506427161771305;0.013382933600797578;0.01337903216865315;0.750492863902234;0.013412865882487229;0.7176637177599519;-0.012801940258853799;0.7500303473215123;0.012609952810903326;1.0452292415030688;0.7175107866951729
9.6;1.0447623411876006;0.7497011463320981;0.7179390937396347;8.805480763448662e-06;0.00011280894758799464;10.001801770892573;0.7506528992232524;0.01338300282288913;0.013379065926423812;0.7504954671099556;0.013413412777928962;0.7176545416773277;-0.012801937960098004;0.7500273557914334;0.012611316122811484;1.045246330461357;0.7174912049791913
10.6;1.0447737734807814;0.7496942217470303;0.7179401898283824;8.882906316562842e-06;0.00011792168977948227;10.001766282337089;0.7506631287084609;0.013383071742267102;0.013379098416308069;0.7504982160317378;0.013413977970130686;0.7176452540465985;-0.012801935599042491;0.7500243656811115;0.012612688959074643;1.0452634513896584;0.7174713201096408
11.6;1.04478538992066;0.749687164999672;0.7179413012196773;8.9624543461274e-06;0.00012309434028239782;10.001730466350402;0.7506733970051593;0.013383140231126264;0.013379129561056162;0.7505011137868894;0.013414561245227927;0.7176358602583728;-0.012801933174863268;0.7500213807642361;0.012614070934268728;1.0452805950332034;0.7174511389758411
12.6;1.0447971886739589;0.7496799787425296;0.7179424315799209;9.044027241460605e-06;0.0001283250545484806;10.001694284963373;0.7506836959224278;0.013383208152523718;0.013379159279086578;0.7505041633216009;0.013415162353977658;0.7176263661812128;-0.012801930686752509;0.7500184050732848;0.012615461665829015;1.0452977518527404;0.717430669208272
13.6;1.0448091674732911;0.7496726660606888;0.7179435847615595;9.127506723977402e-06;0.0001336117705584462;10.001657697189719;0.7506940166472124;0.013383275359255218;0.013379187484343162;0.7505073674220419;0.013415781008344094;0.7176167781697486;-0.012801928133940384;0.7500154429221899;0.012616860760001212;1.0453149120114449;0.717409919283788
14.6;1.0448213236284625;0.7496652305869498;0.7179447647645669;9.212756242083879e-06;0.00013895221094469817;10.001620659910223;0.7507043497087912;0.013383341693707517;0.01337921408873813;0.7505107287246837;0.013416416877842384;0.7176071030489625;-0.012801925515716904;0.7500124989299826;0.01261826780403848;1.0453320653335734;0.7173888985121976
15.6;1.0448336539307308;0.7496576765966764;0.7179459757777135;9.299616395980043e-06;0.0001443439073425368;10.001583128572873;0.7507146849461954;0.013383406988986268;0.013379239004052834;0.750514249704453;0.013417069586932229;0.7175973481203294;-0.012801922831432876;0.7500095780267976;0.012619682361101708;1.0453492012098875;0.7173676170615562
16.6;1.0448461544922523;0.7496500090449989;0.7179472222506121;9.387898458925239e-06;0.00014978420724437393;10.001545057638351;0.7507250114421323;0.013383471070280902;0.013379262141681544;0.7505179326694441;0.013417738709581972;0.717587521184977;-0.012801920080492633;0.7500066854485339;0.012621103968901525;1.0453663084556382;0.7173460860478361
17.6;1.0448588206767127;0.7496422335314428;0.7179485089782449;9.477388084365109e-06;0.00015527026252733556;10.001506400447372;0.750735317487082;0.01338353375487166;0.013379283411788097;0.7505217797815685;0.013418423758778254;0.7175776305735007;-0.012801917262335392;0.7500038267312225;0.012622532141698428;1.0453833751999897;0.7173243176228714
18.6;1.0448716471617558;0.749634356195439;0.7179498411477415;9.567855832365458e-06;0.00016079900603768412;10.00146710845229;0.7507455906044295;0.013383594850782218;0.013379302723378993;0.7505257931056478;0.013419124177519488;0.7175676852209408;-0.012801914376404218;0.7500010077171205;0.012623966373737359;1.0454003888535437;0.7173023250607742
19.6;1.0448846279826705;0.7496263836229252;0.7179512242775191;9.659064360738424e-06;0.0001663671221073737;10.001427130606075;0.7507558175411058;0.013383654155869179;0.013379319984387416;0.750529974700908;0.013419839338375294;0.7175576947927522;-0.012801911422147002;0.7499982345911045;0.0126254061441317;1.0454173361033372;0.7172801228720103
20.6;1.0448977564445727;0.7496183228610219;0.717952664110414;9.75076497930555e-06;0.00017197101504600677;10.001386413548396;0.7507659842144232;0.013383711457468455;0.013379335100684512;0.750534326706052;0.013420568549203675;0.717547669808304;-0.012801908399068215;0.749995513946818;0.01262685092126385;1.0454342029124362;0.7172577269127509
21.6;1.044911025037447;0.7496101815358747;0.7179541666181498;9.84268754172417e-06;0.00017760678636464155;10.001344901667478;0.7507760756894203;0.013383766531014056;0.013379347974979514;0.7505388513238775;0.01342131105754126;0.7175376216908538;-0.01280190530677223;0.7499928528328388;0.012628300161660548;1.0454509745391327;0.7172351544385906
22.6;1.0449244254889078;0.7496019679826562;0.7179557380847892;9.934538510086485e-06;0.0001832702322231467;10.001302536237027;0.7507860761675205;0.01338381913819722;0.013379358506442004;0.750543550718469;0.013422066052739573;0.7175275627511614;-0.012801902144959857;0.7499902587303052;0.012629753298669779;1.045467635518361;0.7172124241523595
23.6;1.044937948842897;0.7495936913227067;0.7179573851430374;1.0026010514643327e-05;0.00018895682981269588;10.001259254323235;0.7507959689313078;0.013383869026833617;0.013379366590606252;0.7505484269480667;0.013422832665645285;0.717517506177819;-0.012801898913420632;0.7499877395127552;0.012631209730037157;1.0454841695012844;0.7171895563132963
24.6;1.0449515854460834;0.7495853614492005;0.7179591148129172;1.011678876425234e-05;0.00019466168277170373;10.001214988301477;0.7508057362420024;0.013383915932261237;0.013379372118982276;0.7505534819952723;0.013423609960052558;0.7175074660772196;-0.012801895612062582;0.7499853034633509;0.01263266881521323;1.0455005589976636;0.7171665728694944
25.6;1.0449653248827546;0.7495769889732102;0.7179609345636072;1.0206546434631594e-05;0.00020037947355535168;10.001169666140989;0.7508153592340293;0.013383959578319707;0.013379374978603389;0.750558717780749;0.013424396923609343;0.7174974575488887;-0.01280189224095706;0.7499829592926296;0.012634129871840797;1.0455167852545428;0.7171434975482185
26.6;1.0449791559096813;0.7495685852597674;0.7179628523081851;1.029494046303044e-05;0.00020610446618697154;10.00112321196173;0.7508248178358624;0.013383999677315728;0.013379375051699113;0.7505641360603884;0.013425192467848318;0.7174874967375435;-0.012801888800358565;0.7499807161180898;0.012635592162832634;1.045532828335927;0.7171203559086415
27.6;1.0449930663933358;0.749560162495933;0.7179648763469358;1.0381614141575647e-05;0.00021183051247262446;10.00107554636123;0.7508340907327505;0.013384035929446664;0.01337937221485471;0.7505697383243599;0.01342599542397307;0.7174776008238062;-0.012801885290695519;0.749978583490512;0.012637054883050756;1.04554866718117;0.7170971753852813
28.6;1.0450070432567744;0.7495517336948813;0.7179670153282434;1.0466192995552493e-05;0.00021755103027392295;10.001026586669884;0.7508431553855609;0.013384068021870121;0.013379366338219642;0.7505755258309326;0.013426804528958546;0.7174677880269205;-0.012801881712543473;0.7499765714655451;0.012638517150069042;1.045564279555815;0.7170739853422529
29.6;1.0450210724614282;0.7495433127300644;0.7179692782386377;1.0548269537650278e-05;0.00022325899129462575;10.000976247252847;0.7508519880301632;0.013384095627346038;0.013379357285860186;0.7505814996949955;0.013427618417327035;0.7174580777267747;-0.012801878066601899;0.7499746906294324;0.012639978000389752;1.0455796419888108;0.7170508171653834
29.999994;1.045035139020601;0.7495349144145782;0.717971674426876;1.0627397202382483e-05;0.0002289469261562178;10.000924439108017;0.7508605635830888;0.013384118402713805;0.013379344916515509;0.750587660880844;0.01342843562186825;0.7174484906360704;-0.012801874353700882;0.7499729520897808;0.012641436393538652;1.045594729696779;0.7170277043379397
29.999994;0.1326802492438063;0.020763597781343037;0.16068195312742248;-0.09242248348388543;-0.6996163503269358;10.000871068551852;0.7508688554947767;0.013384135987528942;0.013379329083680865;0.02183101010807904;-0.0790037454257793;0.7174390488755592;-0.01280187057482718;0.021207367508250512;-0.0797901087830229;0.11463551649659565;0.7170046824616653
29.999994;0.13269434153863782;0.020755836220555525;0.16068875757511114;-0.09242237191179847;-0.6996104255668746;10.00081603659616;0.7508768356280862;0.01338414800258263;0.013379309635239318;0.021837547809056956;-0.07900292639680438;0.7174297759610863;-0.012801866731143875;0.021206949156738306;-0.07978865871677929;0.1146499747037982;0.7169817893559648
29.999994;0.13270841983452872;0.020748106362843875;0.16069541285069663;-0.09242213929747178;-0.6996035964000568;10.000759239875226;0.7508844742236671;0.01338415404862135;0.013379286413531694;0.021845274191749524;-0.07900210907063412;0.71742069679399;-0.012801862823991568;0.021205709934801566;-0.07978721468083519;0.11466407501545661;0.7169590652652824
29.999994;0.13272246430306728;0.02074088609926998;0.16070540474798423;-0.09242191312722384;-0.6995968338996649;10.000700571660476;0.7508917399425312;0.013384153706040831;0.013379259255818107;0.021853189317114868;-0.07900129534683463;0.7174118376904592;-0.012801858854874941;0.021205663376461976;-0.07978577804022167;0.1146777864744801;0.7169365530075694
29.999994;0.13273740334619827;0.02073484083990453;0.1607224735411248;-0.09242203566959735;-0.6995877028311385;10.00063992195117;0.7508985998806618;0.013384146534553545;0.013379227993952058;0.02186229309633882;-0.07900048725248748;0.7174032264260781;-0.012802854825459656;0.021206823688395632;-0.07978335024932286;0.11469207647874702;0.7169143158599902
29.999995;0.13275131428307144;0.020730834133782277;0.16075532005877585;-0.09242112177936136;-0.6995757884580482;10.000577177108354;0.7509050195011443;0.013384132071725613;0.013379192452868727;0.021873585222749573;-0.07899868693933282;0.717394892272244;-0.012803850737584768;0.021210205783871134;-0.0797819328569269;0.11470491071946086;0.7168923841396896
29.999996;0.1327660722838138;0.020730805054935072;0.1608161522850353;-0.09242006665693178;-0.6995578099998532;10.000512219070233;0.7509109625414808;0.013384109831626885;0.013379152448760158;0.021888065117172752;-0.07899689668513316;0.7173868660365351;-0.012805846593270265;0.021217825292661845;-0.07977952751986796;0.114719253091321;0.7168708266002032
29.999997;0.13278196412810014;0.02073946471060694;0.16094008608659885;-0.09241790724821732;-0.6995248269428368;10.000444924241938;0.7509163909502851;0.013384079304546197;0.013379107788322518;0.021911731915905498;-0.0789941188992194;0.7173791801040218;-0.012809842394714277;0.02123369858039831;-0.07977613601350789;0.11473406560491352;0.7168497148344981
30.0;0.1327992866829792;0.02076311889803012;0.1611742795376926;-0.09241350159630733;-0.6994664848669793;10.000375163144273;0.7509212648538836;0.013384039957176838;0.013379058269696691;0.021951584491446893;-0.07898935612306214;0.7173718684381553;-0.012818838144292967;0.021265842776454914;-0.0797697602448134;0.1147513082347614;0.7168291590481407
30.000007;0.13282084889487714;0.020819488762250184;0.16164921387911307;-0.09240498474304384;-0.6993536444484618;10.000302805487584;0.7509255428675131;0.013383991250267955;0.013379003679699955;0.022022621461398276;-0.07897961099698077;0.7173649660522259;-0.012835833844834305;0.021329276277932005;-0.0797604023400206;0.1147739391893581;0.7168092719031401
30.000019;0.1328504187404937;0.020939713770990687;0.1625956564975486;-0.09238781146168676;-0.6991318075599554;10.0002277173611;0.75092918433966;0.0133839327015954;0.013378943753604359;0.02215783883882113;-0.07896188586485392;0.7173595080165563;-0.012871829500182223;0.021457020189447;-0.07974206477060629;0.1148069166028269;0.7167913085189743
30.000044;0.132896819241221;0.021186792184959915;0.1644788332481075;-0.09235379252465468;-0.6986921997377477;10.000149715236763;0.7509321545541038;0.013383863927130646;0.013378878104007492;0.022420223120461963;-0.07892718193187251;0.717356528569048;-0.01294482511460215;0.0217110986389151;-0.07970575029824392;0.11486420368689998;0.716776646158904
30.000094;0.13297454784383295;0.021688721779757506;0.16824688438400925;-0.09228291076860923;-0.69780690026495;10.000068527225691;0.7509344292211142;0.013383784573376455;0.013378806250577751;0.022936746114347473;-0.07885449904884952;0.7173630575399383;-0.013098820690912203;0.022221534602069926;-0.0796334616592786;0.11496777775755726;0.7167731367019257
30.000194;0.13311866229973007;0.022702589680121333;0.17579062216873084;-0.09213615032432101;-0.6959974703599705;9.999983872547848;0.7509359938568642;0.01338369428791312;0.013378727793216789;0.023965367757959283;-0.07870583642354;0.7174061132760076;-0.013440816230993524;0.023243342739572896;-0.07948320122007554;0.11516763304749422;0.7168098563494432
30.000395;0.1333958514676845;0.02475072790237108;0.19093199267421587;-0.0918195977610937;-0.6922119992935148;9.999895572459218;0.7509368406920345;0.01338359284950814;0.013378642541618302;0.026028041932327953;-0.0783801929697183;0.7175956994339435;-0.014255811739386004;0.025299527387174853;-0.07915797149884048;0.11556577029250806;0.717002680773188
30.000546;0.1336089397836411;0.026309979206627414;0.20242775569646218;-0.09155919635381948;-0.6891942548161196;9.999803493885807;0.7509369679983738;0.01338348026868976;0.01337855046799845;0.027601721549946296;-0.07811056724026358;0.7178248096722516;-0.014984807225609947;0.026866089566695717;-0.07888777637184709;0.11587418921661806;0.7172343784733878
30.000546;0.13361954741301288;0.026305137931741194;0.20243387418799638;-0.09155927059957271;-0.6891905500921424;9.999707403249124;0.7509363801258884;0.013383356739711685;0.013378451602076182;0.0276103657799522;-0.07810995769956844;0.7178214354135577;-0.014984802703744065;0.02686903332890475;-0.078886620750851;0.11587989626678252;0.7172190798021104
30.000546;0.13362945196192452;0.026301194086293424;0.20244404837787483;-0.09155919704286239;-0.689185799593119;9.999606950113344;0.7509350859152516;0.013383222528283466;0.013378346016181403;0.027618948169872155;-0.07810936302614019;0.717818571901342;-0.014984798189884822;0.026873363653329468;-0.07888550888044199;0.11588491295119323;0.7172045987218558
30.000546;0.13363858818984348;0.026297553050730314;0.20245384937657088;-0.09155931287797255;-0.6891825120797962;9.999501755835661;0.7509330997277911;0.01338307788531382;0.01337823385230615;0.027628461109103362;-0.07810778210028634;0.717816220345705;-0.014984793697776007;0.02687708230463489;-0.07888444342115063;0.11588927031093853;0.7171909651622048
30.000547;0.13364692185568622;0.0262948793581964;0.2024683548660723;-0.09155912022729282;-0.6891769088932176;9.99939148055882;0.7509304451224523;0.013382923032064297;0.013378115362717876;0.027637913064069587;-0.07810721393926115;0.717814384080154;-0.014985789236974014;0.026882185809879843;-0.07888342530111705;0.11589299603551659;0.7171782247994078
30.000547;0.13365538739923763;0.02629347417902532;0.20248846505057294;-0.09155950863663599;-0.6891707349234527;9.99927586358211;0.7509271538511036;0.013382758183019794;0.013377990971774075;0.027648317369725898;-0.0781066579333902;0.7178130600465923;-0.014986784816307146;0.026888662601888443;-0.07888245404586783;0.11589610657889805;0.7171663692274711
30.000547;0.13366207146422673;0.026294380765250792;0.20252501746209634;-0.091558710620538;-0.6891605356088509;9.999154728347518;0.7509232595973078;0.013382583602744644;0.013377861235788985;0.027660681141310213;-0.0781051140673097;0.7178132349781366;-0.014988780447936601;0.026897491924644232;-0.07888052899105;0.11589960666962196;0.7171564194473568
30.000548;0.13366917384651925;0.026300151365379602;0.20259394910054002;-0.09155756327675718;-0.6891411258861774;9.999027924605137;0.7509187918732014;0.013382399673237734;0.013377726773065243;0.027676004417231163;-0.07810358245611318;0.7178138903145652;-0.01499277614816915;0.026910648254650726;-0.07887765084232104;0.11590349525319579;0.7171473897914736
30.000549;0.13367607053484903;0.026313370388505283;0.20271577557448825;-0.09155511360111848;-0.6891085704004526;9.99889524554042;0.7509137733985569;0.013382206873645079;0.013377588319010645;0.027700283153847125;-0.07810006264111434;0.7178170051100662;-0.014999771936268346;0.02693210783802243;-0.07887482253435142;0.1159077792975887;0.7171412901244323
30.000552;0.13368435306416904;0.02634296432968662;0.20295541090190486;-0.09154993032198269;-0.6890439240383128;9.99875637941614;0.7509082211295283;0.013382005694232136;0.013377446750882553;0.02774050524926714;-0.07809355351034243;0.7178225540829044;-0.015015767832398611;0.026968852789870636;-0.0788680487656838;0.11591448738360728;0.7171382372491971
30.000558;0.1336956327045227;0.026403843375651378;0.20342277251825983;-0.09153925013484727;-0.6889181623586139;9.99861094744707;0.7509021465999033;0.013381796527665404;0.0133773029336037;0.027810644366885268;-0.07808205373053456;0.7178345109756015;-0.015047763854347168;0.027037871902967924;-0.07885633492958956;0.11592666835674198;0.7171423774643298
30.000571;0.13371435380813412;0.02652847728518734;0.20435552807931304;-0.09151771808579642;-0.6886680737224704;9.998458593640233;0.7508955530045542;0.013381579553339283;0.013377157482967266;0.027944663346254207;-0.07805856218905546;0.7178588552341976;-0.015112760014528387;0.027170158542661926;-0.07883268637798595;0.11595137960087082;0.7171600767684361
30.000595;0.13374940122506448;0.02678012534690679;0.20621580961620642;-0.09147443398537528;-0.6881658160107538;9.998299009894133;0.750888433191174;0.013381354721159654;0.013377010658421692;0.028205527850101938;-0.0780120779109296;0.7179065717276724;-0.015248756320370715;0.027429705879389872;-0.07878610783284508;0.11599968034434849;0.7172031584391151
30.000643;0.13381599829544116;0.027287459682794453;0.2099463111683889;-0.0913846476946244;-0.6871470486130761;9.99813188583804;0.7508807725025715;0.013381121906182772;0.013376862493247455;0.028721218763303063;-0.07791859946277375;0.7180066477489189;-0.01554375277677552;0.027944501825242427;-0.07869260272141809;0.11609763027081532;0.7173025651934188
30.00074;0.1339487004305036;0.028312604510067754;0.21745551078447378;-0.0911978875872858;-0.685056150730119;9.997956929847915;0.7508725570186758;0.013380881157717255;0.013376712997444319;0.029755731810998755;-0.07772212470201435;0.7182270742378317;-0.016222749386432034;0.028977525974016278;-0.07849617213449388;0.11629729113062297;0.7175315205793498
30.000838;0.1340827011394718;0.029352003892232734;0.2250518197812461;-0.09100112518011592;-0.6828846629248068;9.997773975601909;0.7508637857081963;0.013380632826984156;0.013376562245830932;0.030803063048570035;-0.07751365089293574;0.7184798460916684;-0.01702074614897842;0.030024747600315052;-0.07828981334978828;0.11650173051706206;0.717796797354355
30.001032;0.13435480472895867;0.03147088133630618;0.24047684852909038;-0.09057503416341359;-0.6782921831443979;9.997582959131694;0.7508544768501871;0.013380377491490592;0.013376410359043078;0.03292919281923832;-0.07706317451426392;0.719073959953401;-0.01896074306110516;0.03215112654861703;-0.07784051928133247;0.11692402092427573;0.7184338898719212
30.001207;0.13460403273504457;0.03341991745295467;0.2546098658188272;-0.09015367826893238;-0.6738670284987653;9.997383793426014;0.7508446609100302;0.013380115885419954;0.013376257477523074;0.034886082076668185;-0.07661569088879104;0.7197164112525792;-0.021094740116611447;0.03410762020782419;-0.07739427974621313;0.11731823375313617;0.7191306098130424
30.001381;0.1348586327037456;0.03540689338109043;0.268959743859114;-0.08969567084229468;-0.6691562844961219;9.997176377690332;0.7508343711380304;0.013379848941271057;0.013376103761827032;0.03687968035225352;-0.07612619432156426;0.7204591886809364;-0.023583737306766658;0.036102190467577976;-0.0769060832472762;0.11772543500557882;0.7199458250723758
30.001556;0.1351167741894942;0.037429824433622534;0.2835125691082722;-0.08919817870177014;-0.6641504703370762;9.996960690345562;0.7508236401986333;0.013379577768881247;0.01337594934686712;0.03890893578771885;-0.07559267890475081;0.721304272146726;-0.02642073462219689;0.038131801897494676;-0.07637491770674887;0.1181466878451106;0.7208848294562339
30.001731;0.1353782032052747;0.039485567607033256;0.2982431715353773;-0.08866016547653784;-0.6588455273352529;9.996736809521972;0.7508124966187787;0.013379303495290778;0.013375794266391943;0.04097080090272071;-0.07501313910967665;0.7222506387204997;-0.029593732055937596;0.04019541503979603;-0.07579977078197375;0.11858205801046383;0.7219500835200212
30.001906;0.1356442315994796;0.04157314821756709;0.3131391169949114;-0.08808096405390589;-0.6532325445900399;9.996504864804287;0.7508009621381477;0.013379027205033787;0.013375638480860754;0.04306323458834404;-0.07438856987207926;0.7233002684881097;-0.03309472960466139;0.04228898361934729;-0.07517763093838602;0.11902961087746204;0.7231474583296146
30.00208;0.135912697861398;0.043689407431783914;0.3281797379230099;-0.08745861834066762;-0.6473100435061663;9.996264985610114;0.7507890539788796;0.01337875007300653;0.013375481951702893;0.04518420279624935;-0.07371496667371955;0.7244531459641599;-0.03691472726682902;0.04441145836725489;-0.07450748824440019;0.11949040263784168;0.7244810195934318
30.002255;0.13618429222460296;0.0458317828952255;0.34334264354775845;-0.08679313162116697;-0.6410771476734647;9.996017315003256;0.750776788328462;0.013378473412801479;0.013375324554240899;0.047330677880766794;-0.07299332568782495;0.7257092623535845;-0.04104472504141241;0.046560798360373655;-0.07378933385373106;0.11996447721443379;0.7259550071975487
30.00243;0.1364596762226099;0.0479996924654165;0.35861997174108484;-0.08608357697551715;-0.6345263968776574;9.99576204899674;0.7507641816476516;0.013378198593008645;0.013375165960421521;0.04950163585472798;-0.07222164438680559;0.7270686199366472;-0.04547472292857249;0.048732981152496406;-0.07302215916701356;0.12045186568016479;0.7275737240741651
30.002605;0.13673701576357336;0.050188635084904586;0.3739816369117458;-0.08532932030033712;-0.6276642427567096;9.99549940079313;0.7507512500924198;0.013377926997497938;0.013375005753659791;0.051693054234257386;-0.07139992213741654;0.7285332323469373;-0.050196720930406044;0.05092799883549715;-0.07220395561531315;0.12095058261791002;0.729343658070231
30.002779;0.13701601548769166;0.05239817106389778;0.3894240465373355;-0.08452899228951231;-0.6204843305794477;9.995229539162164;0.750738007690598;0.013377659993170412;0.013374843603187202;0.053904914198297516;-0.07052515990180193;0.7301021185980953;-0.05520271905143083;0.053141848371618575;-0.07133471479210025;0.12146162804712778;0.7312683568417816
30.002954;0.137298004586145;0.0546237266726682;0.40490863399770205;-0.08367970761362062;-0.6129618971639494;9.99495257915244;0.7507244643104203;0.013377398900933847;0.013374679300636457;0.056131200837077455;-0.06959636013068574;0.7317422963136457;-0.0604847172990815;0.055371530124702195;-0.07041042846887446;0.12198499592661621;0.7333194905860859
30.003111;0.1375503004839685;0.05662645353680203;0.4187872757989053;-0.08287116093063837;-0.6059005711539114;9.994668609287075;0.7507106258845624;0.013377145020313019;0.013374512729367263;0.05813489961795966;-0.0687145271709653;0.7332377779541488;-0.06544671568314261;0.057378048992838465;-0.06953408844081563;0.12246467629253478;0.7352340576207943
30.003252;0.13777861900307858;0.058434401128517804;0.43126472473387545;-0.08210465385578916;-0.599277708139971;9.994377746096223;0.7506964982200202;0.013376899598428922;0.013374343755254647;0.05994099956285404;-0.06787966707707146;0.7345915670499291;-0.07009271421327182;0.05918941180968538;-0.06870268611597054;0.12290465236593966;0.7370091237935309
30.003393;0.13800772891950394;0.06024521294392797;0.4437155311426212;-0.08130063903447819;-0.5924005234126967;9.994080183186455;0.7506820935398121;0.013376663720858328;0.013374172078435932;0.06174949940256322;-0.06700478673231341;0.7359466538964252;-0.07490371289693057;0.06100262852132401;-0.06783221199541412;0.12335290578599922;0.738829731584493
30.003534;0.13823638912305897;0.06205667974982045;0.45612740138696195;-0.08045896124806584;-0.5852745984252963;9.993776187917245;0.750667435568766;0.013376438280185343;0.013373997242419123;0.06355840769618262;-0.0660898926842675;0.7373030175262195;-0.07987571173999333;0.0628167177267616;-0.06692165598065512;0.12380742452221406;0.7406983177177059
30.003675;0.13846556865982157;0.06386773710669708;0.4684893767953311;-0.07958051645878274;-0.5779035636466667;9.993466068978298;0.7506525580128913;0.013376224074094027;0.013373818785603384;0.06536574174840339;-0.06513599062041195;0.738659632436142;-0.08500471074800973;0.06462970436513206;-0.06597300904505395;0.12427020212824202;0.7426162903666907
30.003751;0.1385879231942248;0.06484321670675738;0.47511294729927867;-0.07909340261898316;-0.5738411900136875;9.99315013064373;0.7506374981290276;0.013376021892467047;0.013373636311693134;0.06633552798133953;-0.06460708634444758;0.739392472600802;-0.08782270992614458;0.06560461111959079;-0.06544626515002382;0.12452223500512882;0.7436721675418086
30.003751;0.13858551471924566;0.06484928978483033;0.47511939545681176;-0.07909381707003718;-0.5738419382103215;9.992828630048399;0.7506222925611882;0.013375832524901281;0.013373449432658904;0.06633380089841984;-0.06460618687500247;0.7394005159359155;-0.08782270927871774;0.06561045673849483;-0.065445421771335;0.12452452304953167;0.7436813171510998
30.003751;0.13858308295016591;0.06485658620106073;0.47513083823114594;-0.07909387970346163;-0.5738401464301771;9.99250179279401;0.7506069777217426;0.013375656761414292;0.01337325772331682;0.0663316002169462;-0.06460529990062998;0.7394097506388628;-0.08782470880956296;0.06561725798238773;-0.06544447873496598;0.12452707107318256;0.7436920860448732
30.003751;0.1385805532409324;0.06486432334369474;0.47514153870941356;-0.07909384111045607;-0.5738376289474515;9.992169843910471;0.7505915904730585;0.0133754954034095;0.013373060744179925;0.0663299652701049;-0.06460443246969429;0.7394181756881746;-0.08782770852252685;0.06562402486258918;-0.06544243651152619;0.12453088955582427;0.7437023341101153
30.003751;0.13857783593534279;0.06487330206450832;0.47515718992073464;-0.07909345176892743;-0.5738325691561055;9.991833006741311;0.7505761682303165;0.013375349243473998;0.013372858086218183;0.06632892760490715;-0.06460259069682125;0.739427796599326;-0.08783170842017633;0.06563075395637567;-0.06544129524414231;0.12453399021540063;0.743713998940176
30.003751;0.13857483675850074;0.06488411528349618;0.47518191846012225;-0.07909224169382117;-0.5738215457354685;9.991491560801585;0.750560748361146;0.01337521900118056;0.01337264937567804;0.06632750931982787;-0.06459978059774264;0.7394386261199565;-0.08783970850188076;0.06563942940286716;-0.0654380545944503;0.12453837740429445;0.7437273853679061
30.003751;0.1385724225122593;0.06489877383023998;0.47522686568004774;-0.07908992643650685;-0.5737985064259538;9.991145956076716;0.7505453632142218;0.013375105278198424;0.01337243425968656;0.0663297301206476;-0.06459600883855686;0.7394526871104566;-0.08785770876370162;0.06565103015998176;-0.06543371405465426;0.12454304371792173;0.7437451458332708
30.003752;0.13857022438835212;0.06491906276029563;0.4753059277017178;-0.0790849931391704;-0.5737537160858436;9.990796825967314;0.7505300372242703;0.013375008625025452;0.01337221247054096;0.06633761214338359;-0.06458928214721381;0.7394710065040481;-0.08789170919891391;0.06566853725099647;-0.06542527379001116;0.12454997271520218;0.7437689450126327
30.003754;0.1385687974786476;0.06495234234917416;0.475470404257961;-0.07907339859781615;-0.5736553050720279;9.990444860595206;0.7505147933880647;0.01337492965295635;0.013371983903635958;0.06635617629656575;-0.06457560570738222;0.7394976036923906;-0.08795970979735633;0.06569693695248284;-0.06541173533141638;0.12456014703085791;0.7438048403110622
30.003758;0.1385703543172195;0.0650092400740873;0.47578964182465333;-0.07905061613895188;-0.5734610429171637;9.990090687158853;0.7504996602027412;0.013374869043815015;0.013371748618256109;0.06639843903869984;-0.06454898248316293;0.739542485083246;-0.08809771054464369;0.06574921886159309;-0.06538410149381846;0.12457655704816384;0.7438669747122523
30.003765;0.13857677024659615;0.06511322811627834;0.4764274274556615;-0.07900367619624603;-0.5730689132574635;9.989734877142892;0.7504846709761691;0.013374827455110781;0.013371506862955858;0.06648741208846472;-0.06449641418377401;0.7396226472592042;-0.08837171142342333;0.06584837369836638;-0.06533137604316526;0.12460620122766213;0.743980028976251
30.00378;0.1385947124905438;0.06531160234556414;0.47770388068660735;-0.07890843949949783;-0.572276126737469;9.989378034039362;0.7504698600233128;0.013374805392623697;0.013371259077391515;0.06666909979333843;-0.06439290252482026;0.7397730833318157;-0.08892271241658163;0.06604039095570889;-0.06522556306312971;0.12465907884400709;0.7441956383474231
30.003809;0.13863569673598833;0.06569701591700754;0.48025083374377187;-0.07871624834809242;-0.5706825200392657;9.989020831801435;0.7504552622909672;0.013374803139087083;0.013371005745149416;0.06703750064594596;-0.06418344974499061;0.7400627865535071;-0.09002771351009911;0.0664192525144011;-0.06501666596121353;0.12476118391808132;0.7446161988046116
30.003867;0.1387252798938839;0.06645617976301095;0.4853302257983922;-0.07832786856726319;-0.5674652786571392;9.988663954889729;0.7504409161588441;0.013374820789974522;0.01337074727774619;0.06777961755970986;-0.06376105810088886;0.7406337519840896;-0.09225871469348058;0.06717092724036161;-0.06459468708311861;0.1249625006143366;0.7454553225704531
30.003984;0.1389088461760867;0.06796120714742346;0.4954641175525315;-0.07752943312068486;-0.5608983861356318;9.988308017031576;0.7504268647643647;0.013374858284882619;0.01337048404641131;0.06926746512550715;-0.06289772878636007;0.7417629794718102;-0.09679571595699168;0.06866837064186503;-0.06373262807625761;0.12536200178497725;0.7471487111167593
30.004101;0.13909288694717184;0.06946330044311626;0.5055431554357428;-0.07670740496969058;-0.5541761571535686;9.987953523773179;0.7504131532631849;0.013374915366517246;0.013370216408353348;0.07075206680401751;-0.06200646149330674;0.7428924754313806;-0.101431717287798;0.07016253106483536;-0.06284349045313577;0.12576565441962834;0.7488806309437653
30.004172;0.13920118630439096;0.07037940306996167;0.5116399121966404;-0.07619075648984906;-0.549977438523914;9.987600860499484;0.7503998250653559;0.01337499155281527;0.013369944726500906;0.07164945039652354;-0.061449254551488273;0.7435552518765037;-0.10430471866874795;0.07106936347024513;-0.06228627604120977;0.12601542337032606;0.749929531544782
30.004244;0.139308730839544;0.07129027837833805;0.5176882841972653;-0.07566044112300684;-0.5456896364839254;9.98725030813904;0.7503869203519195;0.013375086187012438;0.013369669472241873;0.07254164833075596;-0.06087810481247746;0.7441753229488477;-0.10721372008038925;0.07197084230928974;-0.061715987025143235;0.12626826974903843;0.750950950427258
30.004315;0.13941554618813495;0.07219533428813332;0.523684239449823;-0.07511591523616865;-0.5413090263489139;9.986902114406869;0.7503744736808429;0.013375198541287157;0.013369391274129935;0.07342669690082934;-0.06029500787272332;0.7447497007659425;-0.11015772150348513;0.07286596462389076;-0.06113262570583116;0.1265221535673426;0.7519422393004752
30.004386;0.13952164714640528;0.07309413619411523;0.5296249600046028;-0.07455716158317459;-0.5368356890946432;9.986556592046659;0.7503625116896026;0.013375327826823262;0.013369110770689583;0.07430563059358648;-0.059697959261429165;0.7452743937759817;-0.11313672292034382;0.07375374348173792;-0.06053519422634873;0.12677804145758353;0.752899916675416
30.004529;0.13973940022852602;0.07485663628214137;0.5413364137906304;-0.07339585111886904;-0.5276071070959737;9.986214179082335;0.7503510555655573;0.013375473067325916;0.013368828435738181;0.07604847859104592;-0.05846595565828921;0.7461594045020391;-0.11919572431507978;0.07550619737923216;-0.059305694289693095;0.1272879089530185;0.7547037338263539
30.004671;0.13995447599527425;0.07658893505350807;0.552801129705425;-0.07217857555951039;-0.5180164156422397;9.98587542360538;0.7503401239342018;0.013375633031482469;0.013368544633888308;0.07776126837907997;-0.057182995135932065;0.7468367245158061;-0.12538772567251763;0.07722734231096487;-0.058023126859458006;0.12780473442274962;0.756369635398519
30.004813;0.14016653883368876;0.07828957608149274;0.5640121667021937;-0.07090425123055452;-0.508058313149716;9.985540926756372;0.750329731991805;0.013375806319736774;0.013368259770814116;0.0794420330999948;-0.05584907670765686;0.7472973309003494;-0.13170972697706315;0.07891518876456681;-0.05668949206718262;0.12832649405195534;0.7578918674003344
30.004956;0.14037407644953773;0.07995441810756937;0.5749483526306477;-0.06957330669069671;-0.49774243160223686;9.985211313692323;0.7503198905387777;0.01337599155074612;0.013367974246575154;0.08108681567151929;-0.054464200158020205;0.7475341877332509;-0.13815772821431985;0.08056874256626463;-0.05530578976260196;0.1288541609305789;0.7592665427841369
30.005098;0.1405783906133995;0.08158188248502217;0.5855957144001214;-0.06818667878652782;-0.4870716936234982;9.984887216928486;0.7503106081427632;0.013376187506627838;0.013367688361867929;0.08269366625694462;-0.05302936689295457;0.74753625254749;-0.14472872937398898;0.08218300742291773;-0.053871020329790645;0.12938570328957705;0.7604860801167591
30.005241;0.1407782950775295;0.0831683059196739;0.5959357258529119;-0.06674436602029787;-0.47605112753351225;9.984569228468354;0.750301896303335;0.013376393065912371;0.01336740240955243;0.08426063446024143;-0.05154558093307666;0.7472934847630243;-0.15141873045062315;0.08375698562772306;-0.05238618497248551;0.1299210842169594;0.7615437869806506
30.005246;0.14077759214254082;0.08324444513903036;0.5963326450480202;-0.06668608791053911;-0.4756086708387242;9.984257863443455;0.7502937768708671;0.013376607054446795;0.013367116768462898;0.08431475907402457;-0.051485847992971984;0.747292851590188;-0.15168673144255623;0.0838186774006577;-0.05232328557380489;0.12994726828689634;0.7615924593194546
30.005246;0.14076848444207965;0.08325872417578457;0.5963240441166812;-0.06668624802514579;-0.47561216509527376;9.983953528635237;0.7502862874515608;0.013376828224884067;0.013366831845941902;0.08430806440042779;-0.05148617322199349;0.7473073276615863;-0.15168673235083172;0.08381908343106445;-0.052320324487623776;0.129952234803495;0.7616025178577828
30.005247;0.14075937611473407;0.08327349985422902;0.5963195893771424;-0.06668557665763507;-0.4756099791390885;9.983656466426176;0.7502794773843325;0.013377055298392435;0.013366548011762505;0.08430256809607357;-0.051486560295294186;0.7473218903989874;-0.15168973317847576;0.08382020797315581;-0.05231630439603629;0.12995698622629642;0.7616130757231903
30.005247;0.14075027578648378;0.08328814808372445;0.5963150585261722;-0.06668499479174536;-0.4756086346118296;9.983366754971962;0.7502733940287912;0.013377286950517051;0.0133662655944513;0.08429728834865578;-0.05148601217240066;0.7473365171638462;-0.15169273393133795;0.08382105496431563;-0.05231322823785732;0.12996254114191785;0.7616235131778907
30.005247;0.1407412000146255;0.08330320769519921;0.5963145027400104;-0.06668346017323165;-0.4756006312110127;9.9830843446707;0.7502680712556236;0.013377521731353528;0.013365984864903622;0.08429224157620736;-0.05148553207616375;0.7473501849067749;-0.15169873462110176;0.08382162078289555;-0.05230809912082325;0.12996692326097672;0.7616334374459696
30.005247;0.14073313363247358;0.08331985609411832;0.5963224421693858;-0.06668123064968697;-0.4755844962455558;9.982809013624971;0.7502635310691882;0.013377758033669102;0.01336570601639459;0.08428943895909921;-0.05148312401366041;0.7473648694436098;-0.1517097352657477;0.0838238928327587;-0.05230292042732882;0.12997216013477692;0.7616452131737123
30.005247;0.14072486384933638;0.08333834815221432;0.5963461966996402;-0.06667624413649;-0.47554969048020773;9.982540355157557;0.7502597921209544;0.013377994171083908;0.013365429234115413;0.08428888719938896;-0.051478792813284505;0.7473775453229138;-0.1517337358851699;0.08382785228633602;-0.052293696082701145;0.1299782858880418;0.7616575082569984
30.005248;0.14071795831226097;0.08336307822328524;0.5964107838429172;-0.06666568428553876;-0.47547082814483443;9.982277934700527;0.7502568712510171;0.013378228444440211;0.013365154817124273;0.084294589195953;-0.05146854388157239;0.7473891887353242;-0.15178173649668933;0.08383747329553072;-0.05228043064250796;0.12998634043996427;0.76167351068258
30.00525;0.14071154582011633;0.08339729966048916;0.5965433784385787;-0.06664473199983725;-0.47531645301462255;9.982021412175872;0.7502547796800736;0.013378459174253149;0.013364883157019395;0.08431154619406016;-0.051448382801332744;0.7473987815555304;-0.15187673711319438;0.08385772086913604;-0.05225512914159273;0.12999736394351155;0.7616968408158831
30.005255;0.1407087711298757;0.08345349658721357;0.5968198599964935;-0.06660297076254766;-0.47500148062399283;9.98177047007848;0.7502535251903233;0.01337868476280204;0.01336461454715878;0.08435076489477192;-0.05140631511053164;0.7474023130948532;-0.1520677377432942;0.08389955551642748;-0.05220979699202679;0.1300163860631747;0.7617333794505051
30.005263;0.14071189379751203;0.08355321345267465;0.5973844499867486;-0.06651958453472726;-0.4743696541883439;9.981524737018715;0.7502531183649576;0.013378903758697111;0.013364349072482918;0.08443326291159572;-0.05132234683899237;0.7473947804116017;-0.1524487383931412;0.0839839420870575;-0.052121440092947384;0.1300504180561029;0.7617970929375324
30.005279;0.14072641998439908;0.08373890340968551;0.598516581963615;-0.06635318040575798;-0.47310710111380605;9.981283833982044;0.7502535737600308;0.0133791149385669;0.013364086710297835;0.08460306670787064;-0.05115248485626173;0.747365189595223;-0.15320973906897897;0.08415585462277214;-0.051947064772827976;0.13011445572562758;0.7619156266493421
30.005311;0.14076522857532348;0.0840981476179666;0.600785526796864;-0.06601979010855434;-0.47057214921740154;9.981047437264941;0.7502549070410311;0.013379317384502055;0.013363827473611136;0.08494720571165308;-0.05081073564223443;0.7472915568400017;-0.1547317397782842;0.08449927638825476;-0.05160167730574391;0.1302384872648218;0.7621457160987891
30.005375;0.14084816971051725;0.08479780217524299;0.6052932396672699;-0.06534956705079001;-0.465490592603017;9.980815270028787;0.7502571323817026;0.013379510410375153;0.01336357145007865;0.0856327080315068;-0.05012510361507035;0.7471309036470246;-0.15776674052793938;0.08518420125228665;-0.05091128329028902;0.13048149968304015;0.7626047671625102
30.005504;0.14102136580174815;0.08616535830449602;0.6141620573631932;-0.06400050577839834;-0.455287039836998;9.980587060845455;0.7502602626317834;0.013379693390533971;0.013363318794833927;0.08698759865268928;-0.048740590875728615;0.7467962454935553;-0.16380774132124337;0.08653663916662087;-0.04952488754776535;0.13096248445910322;0.7635439301978977
30.005761;0.14136522966475598;0.08880221461555639;0.6312710335953697;-0.061269416784583565;-0.4347561070163969;9.980362570220892;0.7502643143188015;0.013379865755951764;0.013363069760516107;0.08961389818010877;-0.045932198072322246;0.746120585355427;-0.17577574215745218;0.08915961698066366;-0.0467154946106107;0.13191044038091657;0.7655346426550079
30.006018;0.14169587672762432;0.09132575911907902;0.647557673807538;-0.058498014956094115;-0.4140810291474842;9.980141670715366;0.750269308358308;0.01338002714496448;0.01336282474389837;0.0921276219400426;-0.04307692498504836;0.7454529167777433;-0.18758974303435655;0.09166917082022583;-0.0438611085436919;0.132844372016425;0.7676774187218012
30.006276;0.14201242761686844;0.09373594377945901;0.6630369811382738;-0.05569223413173866;-0.3933015475497454;9.97992433862755;0.7502752593743696;0.013380177465114718;0.013362584266816106;0.09452978011239022;-0.04018277056608343;0.7447942271460776;-0.19925274394998002;0.0940653395566624;-0.040966731956255255;0.1337662879202819;0.7699656455361998
30.006533;0.14231497314733513;0.09603395417986428;0.6777278717741175;-0.052858179733765075;-0.3724551092393027;9.97971055431601;0.7502821677293663;0.013380316806349277;0.013362348882569207;0.09682137844225075;-0.037253733290629545;0.7441444985365097;-0.21076774490166983;0.09635016022273028;-0.03803736607474776;0.1346722001074863;0.7723920073901401
30.00679;0.14260388340310018;0.09822152165323979;0.6916510432374806;-0.050001319548495016;-0.35157361477427085;9.979500274482243;0.7502900253128122;0.01338044531004953;0.01336211908727177;0.09900341819590605;-0.03429681194284194;0.7435027084979092;-0.2221347458867052;0.09852566184182313;-0.035081012652211724;0.13556312266060763;0.7749476579157095
30.007048;0.1428804774471053;0.10030114261589665;0.7048270216642379;-0.047127260133857325;-0.3306876104872068;9.979293528670327;0.7502988232791102;0.013380563140874146;0.013361895243226696;0.1010788931412455;-0.03131700593367881;0.7428688273490812;-0.2333567469048673;0.10059386610767405;-0.03210267635479736;0.13643906984810494;0.7776257489809464
30.007305;0.14314414358294586;0.10227457261852786;0.7172797179223653;-0.04424040893930164;-0.3098239224374352;9.979090527699016;0.7503085480501678;0.013380670572484607;0.013361677544318492;0.10305078522019798;-0.028320314609486568;0.7422438155987582;-0.24443474795808706;0.10255579410101304;-0.029106365583318645;0.13729805270387288;0.7804200446480577
30.007562;0.14339618311849944;0.1041450119227715;0.7290329661157218;-0.041345654075151124;-0.2890082865645646;9.978891680875096;0.7503191726683537;0.01338076797174128;0.013361466141093509;0.10491906367968537;-0.025310735978509982;0.7416266306954435;-0.2553717490487751;0.1044154663537896;-0.026098091207626937;0.13814107661033143;0.7833232275475455
30.007819;0.14363639071915835;0.10591366274078527;0.7401034218679551;-0.03844846120144626;-0.26827385860505265;9.97869752726613;0.7503306575878653;0.013380855657748722;0.013361261343662478;0.10668769037728136;-0.02229326609939707;0.7410172398057844;-0.2661687501806531;0.10617389995603797;-0.02308186462010023;0.13896714700535007;0.786328537794157
30.008077;0.14386440692264912;0.10758356916419402;0.7505209595837703;-0.0355515592372469;-0.24763462766539307;9.978508650928278;0.7503429579696368;0.013380933909681737;0.013361063667455068;0.1083596303652202;-0.019272899508308662;0.7404156277251445;-0.27682775135790877;0.10783511125900995;-0.02006269589475672;0.1397762770247785;0.7894297381583466
30.008334;0.1440815130848625;0.10915776893488352;0.7603062305160113;-0.03265910158054704;-0.2271116126856461;9.978325598721431;0.750356027675255;0.0133810031339904;0.013360873729931713;0.10993686025302642;-0.01625262963415068;0.7398217940856586;-0.28735075258044473;0.10940111894565457;-0.017044592609752815;0.14056848708930986;0.7926208135257857
30.008591;0.1442874915314529;0.11063863487670036;0.7694824251908886;-0.029775765415092553;-0.20673224319256045;9.978148822094964;0.7503698179067221;0.013381063905016546;0.01336069217061479;0.11142236750799706;-0.013237449186249431;0.7392347404065409;-0.29773875384157245;0.11087494594411654;-0.014030560395742365;0.14134279980146988;0.795894676485825
30.008849;0.14448387121989636;0.11203011619787083;0.7780738106563329;-0.02690427145555304;-0.18650783804044124;9.977978665460432;0.7503842714189016;0.013381116852773592;0.013360519602772127;0.11281914320432605;-0.010230351002940632;0.7386554583491194;-0.3079937551307594;0.11225962159769541;-0.01102560430772918;0.14210023626147208;0.7992466815891567
30.009106;0.14466944325350975;0.11333395347848446;0.786103444959149;-0.024048368231936828;-0.1664608274763521;9.977815357573188;0.7503993175538779;0.013381162568828911;0.013360356587287254;0.11413017554603207;-0.007234328307186397;0.7380839315165735;-0.3181177564363478;0.11355817841631834;-0.008032729397588539;0.14283981658607192;0.80267148460431
30.009363;0.14484567854806205;0.11455389600087273;0.7935933901343012;-0.021210170342786508;-0.14659885589900293;9.977659033992522;0.7504148777039803;0.013381201538555007;0.013360203673667208;0.11535844975109645;-0.004254373725020326;0.7375201455376055;-0.32811275774579945;0.11477364512210053;-0.005054940466485885;0.14356256385115096;0.8061639689966118
30.009621;0.14501350759141696;0.1156937677909121;0.8005685181956627;-0.0183927770255617;-0.12693769233757207;9.977509798774767;0.7504308796553305;0.013381234103456423;0.013360061412280754;0.11650695175546462;-0.0012904785769211058;0.7369620961238793;-0.33797975904529975;0.11590904435449777;-0.0020942411337500455;0.14426850710789896;0.8097170070706661
30.009878;0.1451711964719155;0.11675476948268414;0.8070499364437688;-0.015597625317200894;-0.10748411848537777;9.977367728597313;0.7504472646114719;0.01338126053487848;0.013359930297549248;0.11757966835965851;0.0016523665685108252;0.736411792707244;-0.34772076031948;0.11696739516701538;0.000846367084877071;0.14495768109306598;0.813327744534219
30.010135;0.1453213359219656;0.11774183568303451;0.813060268595877;-0.012828802271448623;-0.0882597125830775;9.97723283912436;0.7504639791489719;0.013381281147914228;0.013359810771348285;0.11857758551552776;0.004573171173344808;0.7358682552795199;-0.3573377615516683;0.11795171567267647;0.003763884469228632;0.14562912334467942;0.8169908338188079
30.010392;0.14546217143535412;0.11865612820349077;0.8186199106750688;-0.010087079685364578;-0.06926666047123245;9.977105128137218;0.7504809629572274;0.013381296336727232;0.013359703333388748;0.11950569151201838;0.007469944665260485;0.7353315065815367;-0.36683076272477844;0.11886502503064358;0.006656312366559709;0.14628586971848587;0.820701185728094
30.01065;0.14559557601171907;0.11950200256802634;0.8237506638799812;-0.007375048758646298;-0.05051759904051164;9.976984698621013;0.7504981446049648;0.01338130656419678;0.013359608664045656;0.12036598078527527;0.010339696592998925;0.7348025694995985;-0.37620376382154036;0.11971134527696137;0.009522653085068713;0.146924949890383;0.8244565720251784
30.01071;0.14562672322068854;0.11968372803292697;0.8248919694604443;-0.006746417157985144;-0.04617698688602721;9.976871848670259;0.7505154458794322;0.013381312324687521;0.013359527671309702;0.12056045004075683;0.01100243634471631;0.7346874721342667;-0.3783737648247257;0.1198927030248725;0.01018890983187558;0.14707738610789997;0.8253440502101521
30.01071;0.1456282658966924;0.1196738885197199;0.8248927713606528;-0.006746481167934455;-0.046177503965330303;9.976767032309558;0.7505327875576089;0.0133813140441243;0.01335946147133086;0.12056409162149498;0.010999172488943127;0.7346982508087997;-0.3783737657192302;0.11988413059885783;0.010191086703146652;0.14708419494331396;0.8253517867636939
30.01071;0.14563020354980075;0.1196635396153587;0.8248988499143004;-0.006745674959349855;-0.04617181492222283;9.976670722257436;0.7505500950315818;0.013381312009062259;0.013359411318615615;0.12056789271393506;0.010997911780896213;0.7347089445294567;-0.3783777664944896;0.11987566582243224;0.010195188902886194;0.14709138580850586;0.8253610001946646
30.01071;0.14563248111507707;0.11965204025770633;0.82490578824407;-0.006745054610262326;-0.04616719042437184;9.97658329365219;0.7505673035896154;0.013381306453623508;0.013359378432817863;0.1205718394651091;0.010995657858916973;0.7347195876498941;-0.37838176714421795;0.11986735145218737;0.010198222442328857;0.14709895189491115;0.8253698369627313
30.01071;0.14563479067249863;0.11963936750366605;0.8249146719967478;-0.0067438593928049444;-0.04615846213433507;9.976504975280255;0.7505843570104276;0.013381297691451214;0.013359363796533385;0.12057692419556623;0.010994411005156973;0.734729208778178;-0.3783897676638811;0.11986023206085089;0.010202193249959976;0.14710785979635851;0.8253792117365762
30.010711;0.14563754760105124;0.11962638717368014;0.824928484454779;-0.006739524198188641;-0.046127798535622766;9.97643584222835;0.750601202224111;0.013381286088882671;0.013359368140124539;0.12058215014313772;0.01099616921028087;0.7347398323727238;-0.3784047680481342;0.11985334904482715;0.010209106276103915;0.14711705100626404;0.8253922544282604
30.010711;0.1456411616065289;0.11961403395648695;0.8249505853070871;-0.006731475292829026;-0.04607109051575839;9.976375848924881;0.7506177885288607;0.013381272026812946;0.01335939210719195;0.12058952460103517;0.011001928789402197;0.7347484767920336;-0.37843576828957226;0.11984873975108903;0.01021996498624781;0.1471274614110819;0.8254104125195919
30.010713;0.14564459040372926;0.11960280884937159;0.8249894672037957;-0.006714217693859969;-0.04595079814916879;9.976324896771986;0.7506340688048093;0.013381256006366917;0.013359436375924492;0.12059904710504311;0.011017684115283238;0.7347551518785704;-0.37849676837995255;0.1198464390083715;0.01024077179143014;0.14714004554522392;0.8254401066201289
30.010717;0.1456494757142815;0.11959637296089323;0.8250601159832809;-0.006679483860493432;-0.04570944293566108;9.97628290888243;0.7506500008638141;0.013381238681802375;0.01335950161105562;0.12061470536557768;0.011052427378061303;0.7347588599773294;-0.3786197683128621;0.11985048094464144;0.010280529235589914;0.14715678424735423;0.8254951346914684
30.010723;0.1456562602946225;0.11959989795744567;0.8251947773995945;-0.006609337011056313;-0.04522335101245382;9.976249889231445;0.7506655521346974;0.013381220791812212;0.013359588308924163;0.12064047873462909;0.011124148995708743;0.7347555948469089;-0.3788657680847879;0.11986490078434216;0.01035724050236851;0.14718267457126774;0.8255999566422153
30.010737;0.14566514395913607;0.11962269811781123;0.825455588158978;-0.006466979435603931;-0.044239054285092554;9.976225927119026;0.7506807001987885;0.013381203141820048;0.013359696736490595;0.12068834278080574;0.011271838968349681;0.734738336827675;-0.3793567676948705;0.11990173391467121;0.010509908699119863;0.14722371563856074;0.8258044550280885
30.010764;0.14568165698683716;0.11968757893675515;0.825967179909768;-0.00618334977826154;-0.04227939333952746;9.9762111063525;0.7506954261090628;0.013381186551792643;0.013359827055019239;0.12077826949755942;0.011570488740047395;0.7346920551051552;-0.38033876714513504;0.11998001633416579;0.01081153603421173;0.14729890072133564;0.8262087985801531
30.010819;0.14570988538380233;0.1198330695486818;0.8269704372128907;-0.005615809083189095;-0.03836163310351424;9.976205371367838;0.7507097137017901;0.013381171707834781;0.01335997950647742;0.12095022495980533;0.012170092443124572;0.7345897175070099;-0.38229876643941496;0.12014178864399869;0.011414123508730684;0.14743922353744957;0.8270153014810068
30.010928;0.14576369810935283;0.12013648593523095;0.8289169876790491;-0.004484743961764699;-0.030559905767114766;9.976208482564143;0.7507235559564944;0.013381159015888674;0.01336015453986666;0.12128117072616981;0.013367647325911076;0.7343752927667864;-0.3862017655815936;0.12046209784388466;0.01261267090498865;0.14770769075527906;0.8286290739835096
30.011146;0.1458645770511258;0.1207305111147847;0.832593725151167;-0.0022387868998657934;-0.01508686809675022;9.97622011146944;0.750736957513863;0.013381148557161599;0.013360352799788311;0.1219050660358505;0.01575015411911919;0.7339387443243299;-0.3939457645770966;0.12107499491543289;0.014992177059208694;0.14822732075702602;0.831872165950237
30.011364;0.14595979334708417;0.1212816423127109;0.8360038840506474;-1.757839670407016e-05;0.00019500815763770322;9.976239973464342;0.7507499325294615;0.013381140144269436;0.013360575004251128;0.12248586905262873;0.018110617230212036;0.7335070298032691;-0.401604763435362;0.12164552977012251;0.01734964015082124;0.14873513007637737;0.8351379177823681
30.011582;0.1460488104231715;0.12179105904283556;0.8391590856374177;0.00217992409383716;0.015294950419538841;9.976267866450904;0.7507624998031871;0.01338113342404366;0.013360821827238845;0.12302654143135987;0.02044804388970246;0.7330801072149746;-0.40918176216933305;0.12217574549946598;0.019684057692655094;0.14923312064510075;0.8384251908566078
30.0118;0.14613256814308268;0.12226110399769619;0.8420705540303535;0.00435275469646496;0.03020824513587646;9.976303621705233;0.7507746776095031;0.013381128021177783;0.013361093839989083;0.1235270500725499;0.022761442024190694;0.7326569379404262;-0.4166757607951549;0.12266867672229279;0.021994426562305484;0.1497192742269437;0.8417301403008183
30.012019;0.14621154984589332;0.12269360438038665;0.8447485484591442;0.00649871987951465;0.044921481059141344;9.976347066020267;0.750786484283033;0.013381123635006638;0.013361391522902645;0.12399136300746284;0.025050817932611154;0.7322384862566018;-0.4240887593343874;0.12312335398344491;0.024279743051974677;0.15019556293877975;0.8450522001234193
30.012237;0.14628522789244514;0.12308966298836566;0.8472041177873835;0.008618859855284697;0.05944363644067642;9.976398022353642;0.7507979432210307;0.013381119973513015;0.013361715241542595;0.12441844927688131;0.027315175633391146;0.7318247199775245;-0.43142175781397646;0.1235438080989563;0.02654000253281637;0.15066197192258118;0.8483895405091917
30.012455;0.14635358069346957;0.12345057766443898;0.8494466695760413;0.010712914636118159;0.0737746739148201;9.976456318987351;0.7508090848498754;0.013381116634071502;0.013362065076372895;0.12481028192171457;0.029553518245991863;0.7314156103395585;-0.43867475626241875;0.12393106987489678;0.02877519941653712;0.15111751181484256;0.851739918538729
30.012673;0.14641854864653084;0.12377942525929939;0.8514863773831242;0.012780115481794503;0.08790986333908937;9.976521801869652;0.7508199426013857;0.01338111311200906;0.013362440687716604;0.12516983539620058;0.031766849439140175;0.7310101299171433;-0.44584875470747243;0.12428516785025785;0.030984327854355016;0.1515632105858016;0.8551008298106757
30.012891;0.14647796661428497;0.12407589830425213;0.8533341749307239;0.014819633793533038;0.10184616352992165;9.97659435482432;0.7508305457518981;0.013381108890114422;0.013362841432323174;0.12549808122366193;0.03395317379755275;0.7306082525672464;-0.4529457531772872;0.12461012407692405;0.033167382169427544;0.15199909708311635;0.8584712488310111
30.013109;0.14653327537304825;0.12434234873529915;0.8549982492056943;0.016832945151849733;0.11559427248734001;9.976673900757643;0.7508409154066236;0.013381103447813314;0.013363266631065112;0.1257959880516508;0.03611449692725628;0.7302109565542637;-0.45996475170222334;0.12490494643243405;0.035323356414500046;0.15242519306738997;0.8618494987031544
30.013328;0.1465850307297786;0.12458042018000172;0.8564871321615567;0.018817774166223294;0.1291394249028571;9.976760354315557;0.7508510672441097;0.013381096205427255;0.013363715764954577;0.12606452372177623;0.038247825627384456;0.7298182240804274;-0.46690875031591506;0.12517262495421816;0.03745324390083313;0.1528425146727824;0.8652352261593111
30.013546;0.146632745805462;0.12479100616308939;0.8578103773233516;0.02077587395089177;0.1424952529897519;9.97685357579905;0.750861015275858;0.013381086535052449;0.013364188508015056;0.12630565786117048;0.040355167656269855;0.7294280331297736;-0.4737767490533553;0.1254141385468588;0.03955603789141729;0.1532510740756247;0.8686243375174036
30.013764;0.146676033016554;0.12497486992197801;0.8589760801052461;0.022705421409041488;0.1556509869879539;9.97695338815944;0.7508707731796216;0.013381073860813076;0.0133646845878355;0.12652136585967041;0.042435531267069004;0.7290423502956576;-0.48056974794476737;0.12563046540010647;0.041632732754189584;0.15364987851742018;0.8720172276003875
30.013982;0.14671734236081713;0.12513505846252218;0.8599912469634743;0.02460793482565538;0.16861559582051597;9.977059617427795;0.7508803570446605;0.013381057768571774;0.013365203540679455;0.12671163217091505;0.044489925075534564;0.7286611345259703;-0.4872897470109084;0.12582358629139495;0.04368132389525521;0.15404092706009587;0.8754132139582745
30.0142;0.1467547783534684;0.1252710999435009;0.8608642663936986;0.026483654733025296;0.181393824075179;9.977172078045736;0.7508897854818198;0.013381038036026869;0.013365744581038456;0.12687745176890153;0.04651635801769868;0.7282823489684531;-0.4939367462653673;0.12599347965863206;0.04570280724437001;0.15442320708175322;0.8788089098900985
30.014418;0.14678893965216605;0.1253846324767999;0.8616031841214978;0.028330686925070937;0.19397316145232568;9.977290498328681;0.7508990737491644;0.013381014580074334;0.013366306728605153;0.127021830228422;0.04851583899482211;0.7279079708139262;-0.5005117457203059;0.1261421179634713;0.047698179988441614;0.15479769573892257;0.882204849915667
30.014636;0.14682126938463597;0.12547774982091328;0.8622140234552682;0.030150941372046946;0.2063656727993718;9.977414501161297;0.7509082290404941;0.013380987393826805;0.013366888965124007;0.12714378185465658;0.05048937649593139;0.7275359966232606;-0.5070147453892244;0.1262704706037729;0.04966544162919931;0.1551643683702322;0.8855977450649491
30.014855;0.14685080425681277;0.12555077522755584;0.8627047559590799;0.03194441346061035;0.21857339709229354;9.977543692185632;0.7509172510950674;0.013380956531020805;0.0133674901701159;0.1272463260787196;0.05243497836646188;0.7271684460939486;-0.513447745286133;0.12637950848606275;0.05160659349654921;0.1555222095458899;0.8889888029959113
30.015073;0.14687733145904133;0.12560430110728255;0.8630806777718081;0.033710497615897984;0.23059336403831507;9.97767772975977;0.7509261338781246;0.013380922158707875;0.013368108981530203;0.12732848407585698;0.05435465157301399;0.7268043591555886;-0.5198117454233503;0.1264702051419951;0.05352063687688885;0.15587321916345626;0.8923762762268644
30.015291;0.14690181062842628;0.12564037320269694;0.8633499655085543;0.035449044411996436;0.2424237978177043;9.977816324970894;0.7509348614749496;0.013380884584747241;0.013368743783892675;0.12739327558104674;0.056248401792326694;0.7264437841668567;-0.5261057458101519;0.12654453530317974;0.05540757141707764;0.1562164119097743;0.8957581389638027
30.015509;0.14692343278462136;0.12565889560236757;0.8635164740722251;0.037161390354898245;0.2540757750450466;9.977959199043468;0.7509434031374773;0.013380844202813868;0.013369392813958979;0.12744171328058507;0.058115233323555254;0.7260867694256754;-0.5323317464544178;0.12660247471261785;0.05726839516669169;0.15655281300262652;0.8991341601407667
30.015727;0.14694390153715362;0.12566264391424287;0.8635888143000032;0.03884699024340728;0.2655431815053356;9.978106015147855;0.7509517181262989;0.013380801485064571;0.013370054311787545;0.12747279885525234;0.059955150116792914;0.7257323636265048;-0.5384897473648841;0.12664399957066785;0.059102105989145726;0.15688244939142654;0.9025021783034827
30.015945;0.146962400921808;0.12565134550713872;0.8635696354420963;0.04050655351568188;0.27683268126113775;9.97825639513899;0.7509597621849892;0.013380757037112733;0.013370726625862606;0.12748852703057853;0.06177015682704119;0.7253826159019584;-0.544580748550768;0.12667208258353332;0.06091070276166041;0.15720434006481834;0.9058630714223356
30.016163;0.1469777138859828;0.12562517932632156;0.8634670203228869;0.04213974217054238;0.2879448266629921;9.97841001539769;0.7509674878217762;0.013380711568121739;0.013371408190190566;0.12748989302649544;0.06355825855957106;0.7250355703808181;-0.5506067500211373;0.1266866886767107;0.0626921853471028;0.15752048926248877;0.909215160564375
30.016382;0.146991973047572;0.1255864345128286;0.8632836545469847;0.04374749057280427;0.29888238946432427;9.978566642676245;0.7509748468659472;0.013380665773506127;0.013372097383205836;0.1274778960962775;0.06532146034360317;0.724692259830422;-0.5565667517865627;0.12668777346625895;0.06444855389324214;0.1578288783740628;0.9125574094479766
30.0166;0.1470039659182873;0.12553520993734263;0.8630268645560697;0.04532942691649149;0.3096456447984598;9.97872611307509;0.7509817943751518;0.013380620213812006;0.013372792427087962;0.12745353737163442;0.06705976726884756;0.7243527035108471;-0.5624617538619908;0.12667728480612483;0.0661788084404261;0.1581324618737769;0.9158892194222595
30.016818;0.14701483047160804;0.1254729951662507;0.8626994693499981;0.04688673490897093;0.3202406701716644;9.978888304148603;0.7509882876750874;0.013380575194020977;0.013373491472116932;0.127415814943888;0.06877218446755315;0.7240159106412616;-0.5682937562671081;0.12665616766747242;0.0678839488765458;0.158429175155641;0.9192098763595418
30.017036;0.14702353922014194;0.1253995617325147;0.8623051988976574;0.04841957105023554;0.33067105662700397;9.97905311079071;0.750994284717454;0.013380530696005645;0.01337419279599559;0.1273677245569995;0.07046071646442137;0.7236838862681023;-0.574061759020677;0.12662337107106986;0.06956497501904738;0.15871994506752118;0.9225192384035691
30.017254;0.14703083492201546;0.12531653523460876;0.8618499800334389;0.04992743554085508;0.340932070986199;9.979220429048485;0.7509997456523069;0.013380486418755855;0.013374894956358407;0.1273082688351473;0.0721233665475097;0.7233536353051199;-0.5797677621338573;0.12658085208274228;0.07121988656181161;0.1590036959226988;0.9258151456427718
30.017472;0.147036683397722;0.12522479931059968;0.861339245907723;0.051410659067015495;0.3510262768338165;9.97939016115709;0.7510046376741845;0.013380441841089498;0.013375596850734656;0.12723946419943086;0.07376313643729832;0.723028163287247;-0.5854107656092743;0.12652857396245462;0.07285168271541999;0.15928235447349345;0.929098326587323
30.01769;0.14704025992673903;0.12512385762183406;0.8607736167511016;0.05287023753185069;0.36096270034867806;9.979562317140013;0.7510089425212012;0.013380396253243936;0.013376297717676256;0.12716133587925849;0.07537802615512085;0.722705473807254;-0.5909937694429953;0.12646850195024228;0.07445836215439273;0.15955585220910523;0.9323681584378922
30.017909;0.14704348352815705;0.1250160649659175;0.860156994653302;0.05430709527300108;0.3707431321689505;9.979737157660026;0.7510126615320075;0.013380348800035496;0.013376996996521005;0.12707390913188363;0.07697003455891692;0.7223855653913787;-0.5965157736268073;0.12639960096581207;0.0760419233308404;0.15982212188103984;0.9356231095256355
30.018127;0.14704396972366723;0.12490063442489924;0.8594971005988752;0.05571913502717701;0.3803593978299433;9.979915198431753;0.7510158110933267;0.01338029856559604;0.013377694055125625;0.12697920879304553;0.0785381601382861;0.7220694312450577;-0.6019777781512031;0.12632283756093987;0.07760136485041927;0.16008409318406167;0.9388637103611805
30.018345;0.14704422439312148;0.12477936602113956;0.8587907005056469;0.057109917434592504;0.38982955762531457;9.980097078132543;0.7510184129015045;0.013380244711785066;0.013378388047073992;0.1268762628140377;0.08008340122602722;0.7217560623621584;-0.607379783006798;0.12623918216220933;0.07913768630612361;0.16033969337564832;0.9420883543891811
30.018781;0.14704330969551957;0.1245383332855775;0.8572655198806282;0.05982259616651305;0.40831781138870876;9.980283395126184;0.7510204897665659;0.013380186631757628;0.013379077947859369;0.12665710150625875;0.08310875634991695;0.7211414524660186;-0.6180117881848142;0.12603560127134314;0.08214388918938166;0.16082185127019427;0.9484998375837257
30.019174;0.14703813550490658;0.12430018708401201;0.8557756529390909;0.06218916501274237;0.42445563746368425;9.98047458542264;0.7510220669595333;0.01338012399867748;0.013379762586979342;0.12643875491037293;0.08575522466694696;0.7205985993554458;-0.6273827936779517;0.12583504373226273;0.0847739767588693;0.16124050129549836;0.9542122926003012
30.019566;0.14703070278028676;0.12404820472391939;0.8541948306266794;0.06448661408859598;0.4401277313835083;9.980670909534668;0.7510231752383122;0.013380056631206463;0.013380440683920606;0.12620525314662412;0.08833180492001748;0.7200655000543075;-0.6365727994794904;0.12561844118978188;0.08733295323924131;0.1616425866775709;0.9598700548201057
30.019959;0.14702016238270324;0.12378328900861497;0.8525337588420072;0.0667175275904065;0.4553549782444956;9.980872495400652;0.7510238516096015;0.013379984297956156;0.013381110935763694;0.12595663188939127;0.09084049361090496;0.7195441464159672;-0.6455838055802107;0.12538772229911213;0.08982482385373815;0.16203106119195526;0.9654718344857581
30.020352;0.14700627780781605;0.12350735829173567;0.8508065323921148;0.06888308214831576;0.47014698335672334;9.98107934953465;0.7510241324023337;0.0133799067263886;0.01338177207829965;0.12569694082908625;0.09328228489593464;0.7190315272175972;-0.6544198119651099;0.12514582106612349;0.092249595406656;0.16240488939236913;0.9710141805877394
30.020744;0.14699096320203345;0.12322402329282521;0.8490263677663095;0.07098558025320546;0.48451395762907806;9.98129140264828;0.7510240441337728;0.013379823810721213;0.013382422942192199;0.1254272461911175;0.09566017243550093;0.7185286325490553;-0.6630838186131504;0.1248936757120379;0.09461027618396077;0.16276504340201764;0.9764962115965046
30.021137;0.1469743479398204;0.1229344985411288;0.8472005849389018;0.07302822343458959;0.4984775607348405;9.98150861847654;0.7510236029214187;0.013379735649052725;0.01338306254188885;0.12515062314000008;0.09797515127790822;0.7180344530056099;-0.6715798255005933;0.12463422453612047;0.09690787530593352;0.163111498440021;0.9819164717585848
30.02153;0.14695505969684672;0.122639774010582;0.8453436722258675;0.07501056551920479;0.5120397866343651;9.981731064016039;0.7510228201500326;0.013379642335270012;0.013383690105077038;0.1248681467672594;0.10023021846820468;0.7175509760016545;-0.6799098326026475;0.12436740379779732;0.09914540183314109;0.1634462311021808;0.9872745547818177
30.021922;0.14693439889408497;0.12234113029979389;0.8434566537456734;0.0769369258357491;0.5252260674558505;9.981958925199265;0.7510217046646576;0.013379543822712291;0.013384305025440644;0.12457988991934947;0.10242537223205324;0.7170751878569391;-0.6880788398921099;0.12409515114696723;0.1013228640597479;0.1637692187936764;0.9925686653594619
30.022315;0.14691280212959992;0.12204177662153172;0.841558728772381;0.0788066362139569;0.5380304729436727;9.98219251316654;0.7510202609335744;0.013379439922298893;0.013384906806937944;0.12428892495246885;0.10456361073705499;0.7166090837324705;-0.6960888473399935;0.12381940714317129;0.10344426955922131;0.16408044235251887;0.9977987633702381
30.022708;0.14688975671716115;0.12174055456232365;0.8396447543523632;0.08062389276572784;0.5504836367495878;9.982432244468365;0.7510184910535234;0.013379330334422774;0.01338549503786646;0.12399632151428117;0.10664593228536688;0.7161516752875686;-0.7039428549191046;0.1235411112650274;0.10550862538370948;0.1643808892828582;1.0029634757640111
30.0231;0.14686569153555604;0.12144046159589453;0.8377325597056192;0.08238827981851139;0.562581211852808;9.982678547854453;0.7510164016868631;0.01337921475767598;0.013386069427867775;0.1237031408201797;0.10867433678762645;0.7157029882015952;-0.7116438626076966;0.12326120265194433;0.10751993810186027;0.16467154888632538;1.008062302084023
30.023493;0.14683990495411883;0.12114028411283329;0.8358177517442519;0.08410295675617248;0.5743475091179214;9.982931715658921;0.7510140079707425;0.01337909296153716;0.013386629839451832;0.12341043318594475;0.1106498259751611;0.7152620581238623;-0.7191948703912635;0.12297962708116648;0.10947821390374422;0.16495140562738841;1.0130941826972606
30.023886;0.14681399217892593;0.12084340852902375;0.8339143252311723;0.08576855025935119;0.5857805917158232;9.98319183480121;0.7510113328800782;0.013378964680559434;0.013387176208880327;0.12311823694511562;0.11257540219929982;0.7148299291388195;-0.7265998782614624;0.12269934204739598;0.11138645841728176;0.16522144412487783;1.0180603379386663
30.024278;0.14678725579387356;0.12054873813106597;0.8320188707626482;0.08738824104627632;0.5969048283175173;9.983458844438255;0.7510084059896328;0.013378829508148768;0.01338770842621691;0.12282757526884057;0.11445206825817678;0.7144056461852031;-0.7338608862131928;0.12241831855058771;0.11324467636177296;0.16548266533994221;1.0229593117715035
30.024671;0.14676032134276545;0.1202582354432642;0.8301414313455222;0.08896217230570459;0.6077185926580538;9.98373259082428;0.7510052591453619;0.01337868694846691;0.013388226321319203;0.12254045535837207;0.11627982822455951;0.7139892443460633;-0.7409798942424944;0.12213954028318603;0.11505587129512337;0.16573409692614532;1.0277904903583248
30.025064;0.14673217441997344;0.11997147252485221;0.8282850942961438;0.09049146080127278;0.6182336671650205;9.9840128113566;0.7510019159618065;0.013378536542555563;0.013388729763629825;0.12225587113183604;0.11806168747428672;0.7135807452820607;-0.7479609023468634;0.12186199877735367;0.11682004543885156;0.16597778476698566;1.0325548271522182
30.025456;0.14670392979129804;0.11968909566141293;0.8264481968416372;0.0919790194831052;0.6284652487930646;9.984299114400734;0.7509983830073395;0.013378377962002893;0.013389218740568901;0.12197480475590944;0.11979865197590776;0.7131801600104203;-0.7548059105263867;0.1215866887712752;0.11854020008491922;0.16621377534042328;1.0372519527158073
30.025849;0.1466744022213966;0.11941089720430288;0.8246361997593605;0.09342496965602816;0.6384191602118728;9.984590994400124;0.7509946531161172;0.013378210982132254;0.013389693392685231;0.12169822745941182;0.12149272774147479;0.7127874945108099;-0.761518918783667;0.12131461022124698;0.1202163363858267;0.16644210169955193;1.041883054630305
30.026242;0.1466455242521764;0.11913915489057733;0.8228539345520431;0.09483157204310702;0.6481023306296965;9.984887862585309;0.7509907128511246;0.013378035340153704;0.013390154083419354;0.12142610405223635;0.12314392049499413;0.7124017578621206;-0.7680999271227216;0.12104577380402846;0.12185045552422509;0.16666177856419004;1.0464458241534502
30.026634;0.14661527743068134;0.11887187837636477;0.8210993355905934;0.09619927826146728;0.6575265656355709;9.985189119996217;0.7509865415899578;0.013377850661701786;0.013390601395987838;0.1211583977966079;0.12475423518434661;0.712023967921565;-0.7745539355462565;0.12078020034114761;0.12344255819760336;0.1668758123003331;1.0509430580998282
30.027027;0.14658560358261816;0.11861105998109098;0.8193753187541823;0.09753048802259764;0.6666994902005523;9.985494272312756;0.7509821092236562;0.013377656485232037;0.013391036008120336;0.12089507119595477;0.12632467499983321;0.7116521483940341;-0.780881944052178;0.12051891177463313;0.12499664447554973;0.16708221499616382;1.0553726671907149
30.02742;0.1465553448050308;0.1183565382818483;0.8176875336250204;0.09882499695907243;0.6756248222429934;9.985802958639745;0.7509773790503429;0.013377452228671968;0.013391458583568138;0.12063808880315392;0.1278562400301261;0.7112883213649854;-0.787086952632499;0.12026192429847748;0.1265107146890776;0.16728200448081829;1.0597367980663661
30.027812;0.14652465171201084;0.11810758143374216;0.816030426975343;0.10008486892955687;0.6843160119146914;9.98611483852939;0.7509723100224507;0.01337723716192791;0.013391869674033087;0.12038542375732462;0.129350926286138;0.7109315046479394;-0.7931719612737517;0.12000925417422564;0.1279877704849656;0.16747519614440465;1.0640356359888161
30.028205;0.14649451542927336;0.11786531065679036;0.8144064942612544;0.10131202886585672;0.6927815736892909;9.986429501560094;0.7509668578291092;0.013377010474054655;0.013392269684371934;0.12013905821077346;0.13080972572468347;0.710581712970641;-0.7991379699567221;0.11976092840245296;0.1294288147976249;0.16766279810741358;1.0682686175080955
30.028598;0.14646266339790737;0.1176287154709302;0.8128218659575163;0.10250467254365307;0.7010199468270478;9.986746519708593;0.7509609779547813;0.013376771311780732;0.013392659024129491;0.11989797415184979;0.13223262711301442;0.7102379557383806;-0.8049879786570884;0.11951698594089763;0.1308348508458582;0.16784381000647308;1.0724360701183882
30.02899;0.14643236749947486;0.11739956191116459;0.8112708160494819;0.1036672395963018;0.709045911642922;9.987065520036797;0.7509546277025044;0.013376518798741075;0.013393038206937663;0.11966214447811409;0.1336206173369759;0.7099012318658281;-0.8107249873480558;0.11927846814870507;0.13220588130169886;0.16802022978256478;1.0765397155745755
30.029383;0.14640136490523684;0.1171771859079369;0.8097617896838476;0.1047979609629187;0.7168582312231631;9.987386175791077;0.7509477630593998;0.013376252174444533;0.013393407740643222;0.11943253207286304;0.134975683177745;0.7095715286759061;-0.81634999600368;0.11904440584239329;0.1335439079398134;0.16819106705648246;1.0805791579865511
30.029776;0.1463709546895744;0.11696089801823711;0.8082832798249879;0.10590035702386741;0.7244747104463275;9.987708189958157;0.7509403339648865;0.013375971006762858;0.013393768012238887;0.11920909195505719;0.1362988132676367;0.7092478294812822;-0.8218650046020669;0.11881681428752645;0.134849931286511;0.16835534871638966;1.0845541499206297
30.030168;0.1463398783568623;0.11675118636043312;0.8068460540216867;0.10697294089676516;0.7318914711899086;9.988031316274235;0.7509322880779911;0.013375675311339525;0.013394119207220969;0.11899077393242061;0.1375899993303603;0.708929123928657;-0.8272730131275331;0.1185927003424262;0.13612495059940957;0.1685161133551097;1.088465272719342
30.030561;0.14630930516554733;0.11654800041923685;0.8054438147699967;0.10801805595274558;0.7391188754502102;9.98835535509648;0.750923581344929;0.01337536549439755;0.013394461228049796;0.11877853035815265;0.13885123626335052;0.7086174110413539;-0.8325760215693332;0.11837506996069805;0.137368964228369;0.1686714010678083;1.0923143680454022
30.030954;0.1462782793982636;0.11635048005037585;0.8040764010697151;0.10903627797018361;0.7461658254153367;9.988680068740907;0.7509141814422637;0.013375042171035632;0.01339479375880323;0.11857132357340311;0.14008252147903413;0.7083116971883263;-0.8377760299168525;0.1181619290225479;0.13858396963560615;0.16882124243026783;1.096101376617478
30.031346;0.14624865892887426;0.11616075383827372;0.8027484535746268;0.1100286473905585;0.7530300267563196;9.98900507549141;0.7509040618392806;0.013374706015772918;0.013395116494890997;0.11837012492044814;0.14128485397848212;0.7080119952738677;-0.8428750381559689;0.1179542836366821;0.13976896330167154;0.16896765467768246;1.0998269437643733
30.031739;0.14621847415862993;0.11597687234915847;0.8014576242781788;0.11099478053633101;0.7597189322068066;9.989329846892057;0.7508931965103623;0.013374357765467835;0.013395429335848233;0.11817491049308895;0.14245923329733823;0.7077183239644786;-0.8478750462699681;0.11775114128830684;0.1409269411301107;0.16910964600643255;1.1034917639299056
30.032132;0.14618872045168468;0.11579986896617991;0.8002056362469375;0.11193635813152233;0.7662389136748439;9.989653817371975;0.7508815596632121;0.013373998308081147;0.013395732391448046;0.11798465916154116;0.14360665861232624;0.7074297055491401;-0.8527770542422641;0.11755351000275423;0.14205789951429765;0.16924721652270527;1.107095167052729
30.032524;0.14615953800874934;0.11562856108376074;0.7989837507388261;0.11285479974780424;0.7725988732174511;9.989976472963484;0.7508691271108984;0.013373628734409546;0.013396025838452215;0.11779935112074129;0.14472712837649512;0.7071461616445941;-0.8575850620572953;0.1173604009052827;0.14316183673988878;0.16938035408386262;1.1106394708635767
30.032917;0.14612978622978243;0.11546282116616795;0.7977974453573794;0.1137496023707769;0.7788012979317877;9.990297321308715;0.7508558777054894;0.013373250329970854;0.013396309753028426;0.11761996715139791;0.1458216402465099;0.7068687094508643;-0.8622980697006222;0.11717283587605144;0.14424075340536452;0.16951003576261794;1.1141238049485722
30.03331;0.14610142360791684;0.11530420348817301;0.7966467504828941;0.11462264432216233;0.7848484462080116;9.990615825204236;0.7508417944317554;0.013372864494955799;0.013396583997848913;0.11744648749157204;0.1468911909168529;0.7065973623834886;-0.8669200771599888;0.11699084606903554;0.14529465113725332;0.16963623978155826;1.1175505469555964
30.033702;0.14607342346359867;0.11515152514268467;0.7955292468751806;0.11547412538831564;0.7907468484215235;9.990931405747531;0.7508268648998251;0.013372472631587895;0.013396848158554771;0.11727688804232723;0.14793677589876386;0.7063301296672007;-0.8714530844248449;0.11681245759226268;0.14632353117628613;0.16975795871339017;1.1209193179628836
30.034095;0.14604461220814136;0.11500447192912991;0.7944492279760891;0.11630305376114713;0.7964957837687874;9.99124349948524;0.7508110852222557;0.01337207612720371;0.013397101532264638;0.11711313875397766;0.14895838921336002;0.7060690124435811;-0.8758970914835089;0.11663968278908084;0.14732939431381373;0.16987620569658524;1.1242307536765899
30.034488;0.1460162065876782;0.11486217931451058;0.7933942192360509;0.11711257838101177;0.802109940563769;9.991551626420344;0.7507944661272791;0.01337167639721148;0.013397343211757047;0.11695420906354717;0.14995602315915058;0.7058120013620951;-0.8802540983224431;0.11647152574041265;0.14831224123831702;0.1699900180654623;1.127484559942318
30.03488;0.1459888829633749;0.11472706408802893;0.7923772446161448;0.11790251596420152;0.807584000742767;9.991855376925647;0.7507770329832877;0.013371274834080462;0.013397572247867277;0.11680007561540266;0.1509326686709307;0.7055610775857107;-0.8845271049300472;0.11630799212111541;0.14927207248956947;0.17010145655020084;1.1306837707295376
30.035273;0.14596075532188924;0.11459602737395377;0.7913874695667953;0.11867259815325916;0.8129262475608835;9.992154320882655;0.7507588203506806;0.013370872734785882;0.013397787821906952;0.11665072443994697;0.1518863162763546;0.7053142167589398;-0.8887171113014736;0.11614909371088278;0.15020988886972342;0.17020959285808523;1.1338273926068896
30.035666;0.1459326427829445;0.11447069273181483;0.7904317129724477;0.11942351403135099;0.8181366481185891;9.992448031390003;0.7507398698231317;0.013370471346081205;0.013397989349725307;0.11650614801190509;0.1528179573591311;0.7050723916247034;-0.8928251174391646;0.11599484921906547;0.15112669217416919;0.1703144970258724;1.136916337734683
30.036058;0.14590564056134633;0.11435106425540223;0.7895042116242829;0.12015729036728204;0.8232227009738752;9.992736242426167;0.7507202324680504;0.013370071918720998;0.01339817643745779;0.1163653407575773;0.15372958526542674;0.7048345714987849;-0.8968541233486939;0.11584528759867155;0.15202348501313384;0.17041723559017682;1.1399518854965303
30.036451;0.14587760859582355;0.11423583364568593;0.7886076973412529;0.12087247595880378;0.8281863105007359;9.993018926353004;0.7506999691813993;0.013369675631154909;0.013398348692581332;0.11622929383692153;0.15462119508454536;0.7046027250148081;-0.9008041290339459;0.11569945060816048;0.15289926996879677;0.17051687322648154;1.1429348530867838
30.036844;0.14584950738038657;0.11412560925719256;0.7877411948139059;0.12157003723717932;0.8330285038722145;9.993296191450577;0.7506791447421107;0.0133692834608365;0.013398505550645798;0.11609799407213987;0.15549178233035554;0.7043738276865896;-0.9046771344940628;0.11555838969578003;0.1537560491749505;0.17061347347614952;1.1458645663642573
30.037236;0.14582142244624044;0.11401963284979122;0.786899030431315;0.12225145313876601;0.8377586352023412;9.993568164365426;0.7506578209406527;0.013368896148333295;0.013398646325910766;0.11596942699239411;0.15634434265913952;0.7041498679906657;-0.9084751397230791;0.1154211592691485;0.1545938242573977;0.17070710063016836;1.1487434513123285
30.038022;0.1457827164239952;0.11379625360225941;0.7853042747390818;0.12356426646725832;0.8468782983901015;9.993835020116576;0.7506360576784423;0.013368514258825959;0.013398770461376225;0.11572757616106986;0.1579908727063051;0.703718845465826;-0.915853144712542;0.11516681041876284;0.15621659623737505;0.17090182102901066;1.154338160809476
30.038728;0.14574703706163106;0.11361169281736644;0.7839543771647822;0.12469428388108528;0.8547265985873665;9.994097064733152;0.750613919677322;0.013368138264869414;0.013398877703111172;0.11552242342102384;0.15941237041807893;0.7033447615776509;-0.9222491494544389;0.11495138782018753;0.15761536586648145;0.1710677030881146;1.1592062037826811
30.039435;0.14571172083299422;0.11344041136363772;0.7826886973293408;0.1257765667665923;0.8622444578142247;9.994354715044985;0.7505914809830486;0.013367768608400462;0.013398968014227852;0.11532995679272119;0.16077783503116874;0.7029836136523164;-0.9284241539414081;0.11474892770491836;0.15896013445838858;0.1712258193644972;1.1639205499744474
30.040142;0.14567574150072993;0.11328074831925079;0.7815014995341721;0.1268126036323966;0.8694478461251681;9.994608406571496;0.7505688249297452;0.013367405697774837;0.01339904137940296;0.11515017498175745;0.16209026696005477;0.7026343975375703;-0.9343841581657679;0.11455845593716239;0.16025190410800969;0.17137824950059025;1.1684837436244615
30.040522;0.14564874884282455;0.11321296145817415;0.7808919091946507;0.12735308334197912;0.8731961470341121;9.994858541018207;0.750546038121372;0.013367049848736823;0.013399097782735228;0.11505608069596507;0.16277466692759057;0.7024491128611993;-0.9375001621207657;0.11445798955244084;0.1609236772134172;0.1714530746728323;1.1708799721655219
30.040522;0.14562929143651515;0.11324003034880024;0.7808885664257611;0.12735439533816534;0.873197545749797;9.99510549638372;0.7505232016045859;0.013366701267773694;0.01339913729087541;0.11505367138422609;0.16277603504375823;0.7024437631162915;-0.9375001658038323;0.1144505381301653;0.16092045634365676;0.17144236610368085;1.1708915980756602
30.040522;0.14560925809916106;0.11326719491231624;0.7808851411110312;0.12735565682802266;0.8731990107360159;9.995349663574347;0.7505003863053928;0.013366360130867363;0.013399159973785699;0.11505093407672867;0.1627773707542095;0.7024383511670669;-0.9375001692183385;0.11444310048860622;0.16091724442888064;0.17143218295955606;1.1709029907363238
30.040522;0.1455886659491012;0.11329442152669757;0.7808816927065481;0.12735687078960514;0.8732005420311248;9.995591444716213;0.7504776533135739;0.01336602670307207;0.013399165734906729;0.115047847650628;0.1627786733905822;0.7024328753423569;-0.9375001723718978;0.11443566089803492;0.16091404476507573;0.1714225786878753;1.1709141743786018
30.040522;0.1455675363057436;0.11332139161097383;0.7808764056236674;0.12735903484096195;0.8732089608438549;9.995831217665813;0.7504550568864499;0.013365701405044565;0.01339915425905706;0.11504439501111513;0.16278094288628597;0.7024273246329635;-0.9375061752733057;0.11442718904637651;0.1609118607629531;0.17141360257487848;1.1709299746737503
30.040523;0.1455458950523716;0.11334830755713686;0.780871093803322;0.12736130395933984;0.8732184477481764;9.99606936704227;0.7504326484606825;0.01336538475361741;0.013399125118222204;0.11504057262571454;0.16278417996370384;0.7024206748345302;-0.9375121779303912;0.11441964433760672;0.16091069565839416;0.17140529378974806;1.1709450160958934
30.040524;0.14552377596466715;0.1133748400304324;0.7808639512011429;0.1273646762048289;0.8732358270117818;9.99630634768463;0.7504104776493856;0.013365077201194111;0.013399077955435589;0.1150363855124266;0.16278738535061746;0.7024148954877837;-0.9375231803492086;0.11441198121392908;0.16090955242174504;0.17139867488568078;1.1709645371366304
30.040527;0.14550109176442122;0.11340157245975692;0.7808601088127093;0.127369283025573;0.8732627347658433;9.99654266114928;0.7503885901278722;0.013364779060130436;0.013399012573331912;0.11503083806593908;0.16279355876909588;0.7024069622051193;-0.9375461825344723;0.11440315133659693;0.16091143371213013;0.17139175139115953;1.1709923917657727
30.040533;0.14547800555402932;0.11342681313001111;0.7808477025112823;0.12737825217136567;0.8733198556609107;9.996778779756678;0.7503670296112809;0.013364490573762917;0.01339892890219793;0.11502493147283915;0.16280469880094892;0.7023988588004737;-0.9375931844902483;0.11439410394927277;0.16091834182396406;0.1713865210497096;1.1710394388131014
30.040544;0.14545442364017228;0.11345054886564557;0.780827701507351;0.12739530940368976;0.8734334979735893;9.997015127192565;0.7503458463224754;0.013364211954268238;0.0133988270077858;0.11501666305900599;0.162825803630802;0.7023865725721485;-0.9376851862204271;0.11438278774842507;0.16093527883718178;0.1713839865992051;1.1711201493030783
30.040567;0.1454302529179561;0.11347093314389053;0.7807884864741035;0.12742820780731784;0.8736576018806319;9.997252086034615;0.7503250995546196;0.01336394339565085;0.013398707161783636;0.11500602392389724;0.16286787162899713;0.7023700948633145;-0.9378691877294819;0.1143691560668439;0.1609722470565948;0.17138415918879107;1.1712722154435213
30.040613;0.14540515426198258;0.11348604489392371;0.7807192950004818;0.1274921300177407;0.8740985950150985;9.997489968374008;0.7503048472852388;0.013363685185979171;0.013398569852613581;0.11498899838702423;0.1629489012572972;0.7023424249251818;-0.9382371890230421;0.11434917252730364;0.16104824946982438;0.1713900560945755;1.1715651815754005
30.040703;0.14537880128300454;0.11348947102518317;0.7805785822336442;0.1276191721272163;0.8749789549510153;9.99772902151206;0.7502851391558828;0.013363437753813205;0.013398415705258309;0.11496156765749718;0.16311089069759455;0.7022925699623191;-0.9389701901065938;0.11431781181000393;0.1612042898208424;0.17140670322000345;1.172137538111448
30.040885;0.1453512486058273;0.11347132644957449;0.7802990645469061;0.12787155838070216;0.8767257084521567;9.997969486068952;0.750266021446829;0.013363201502014805;0.013398245387825804;0.11491271675107372;0.1634298379306705;0.7022015366073512;-0.9404271909818496;0.11426505860000154;0.161515372723816;0.17144413383559062;1.1732659030200323
30.041249;0.145318473059812;0.11341055081218088;0.7797586826530811;0.12836495420574065;0.8801573263533753;9.998211610420888;0.7502475382517168;0.013362976647396168;0.01339805954983853;0.11482444002468173;0.16405874131601453;0.7020283164320268;-0.9433001916451121;0.11417190879883009;0.16213250403092216;0.17152037969789236;1.17548203698863
30.041975;0.14527997440311824;0.11327405138702107;0.7787338818897548;0.12932108551075297;0.8867995049596472;9.99845558294751;0.7502297238554522;0.013362763292524274;0.01339785882372459;0.11466274142995328;0.16527759973774234;0.7016988823741928;-0.9488951920910673;0.11400336747843409;0.1633326905261956;0.17167247008533543;1.1797960988652558
30.042702;0.14524143139350684;0.11314616900881647;0.777773798043866;0.13023671680485968;0.8931661683206706;9.998701463466874;0.7502125983151603;0.013362561616209486;0.013397643865104298;0.1145106332004626;0.16644841175565472;0.7013791993411623;-0.954290192316911;0.11384444238941113;0.1644849389522889;0.1718184374621025;1.1839660713896705
30.043429;0.1452047829250719;0.11302890251189925;0.7768826428970796;0.13111467603469995;0.8992652385061425;9.998949229013618;0.7501961680626013;0.013362371922389628;0.013397415312247796;0.11436813566066505;0.16757317432183166;0.7010712312783721;-0.9594931923220602;0.11369514146286874;0.16559225505773834;0.17196031204545953;1.187998337178979
30.044156;0.1451691047829476;0.11292030901465132;0.7760527378434675;0.1319559609242217;0.9051094823763506;9.999198871176402;0.75018042756921;0.01336219451256141;0.013397173709458097;0.11423527168017926;0.16865388242169616;0.7007739420743638;-0.9645101921071743;0.1135554757903099;0.1666566429586359;0.17209711231759725;1.1918959775812712
30.044883;0.14513444477507234;0.1128197725777558;0.7752801080612725;0.13276255218433286;0.9107123903897063;9.999450399304953;0.750165363005659;0.013362029579813786;0.013396919557346825;0.11411105657093566;0.16969353009261692;0.700485299674908;-0.9693471916758842;0.11342545974405756;0.1676781054061383;0.17222984985553055;1.1956615875842738
30.04561;0.14510070949502157;0.11272755468964799;0.774567354097918;0.13353526235686827;0.9160802128357504;9.999703807988;0.750150955687186;0.013361877213813189;0.013396653425889055;0.11399449790826335;0.17069111171143297;0.7002072806795004;-0.9740131910359896;0.11330310698734998;0.16866064485579052;0.17235954160564337;1.1993026410945418
30.046337;0.14506791947499798;0.1126428476500801;0.7739090421909478;0.13427575066924666;0.9212242687083997;9.999959121778941;0.7501371848469428;0.013361737441510946;0.01339637593113369;0.11388560741438464;0.17165162280571009;0.6999388698446677;-0.978511190197564;0.11318843082757234;0.16960526458820713;0.17248421438034078;1.2028200747144917
30.047063;0.14503721022746213;0.11256519825431907;0.7732962450450925;0.1349874176173914;0.9261607727352578;10.000216439755512;0.7501240331242214;0.013361610236911419;0.01339608763312206;0.11378441120913951;0.17257406026569871;0.6996780577106584;-0.9828491891711907;0.11308044746307971;0.17051296918964087;0.1726059027881676;1.2062183928412054
30.04779;0.14500749504896468;0.1124937796154911;0.7727292758320636;0.13567008394323085;0.9308954506048793;10.000475890186685;0.7501114925030697;0.013361495488382131;0.013395789056633191;0.11368995286753902;0.1734604218421657;0.6994268408979474;-0.9870321879687671;0.11298017296779499;0.1713847637682349;0.17272364539887025;1.209502067007245
30.048517;0.14497769202003266;0.11242826278420488;0.7722118557763111;0.1363233147134213;0.9354324135692782;10.00073757386564;0.7500995657467586;0.013361392987934428;0.013395480760436337;0.11360228904587558;0.1743127052835458;0.6991832231273516;-0.9910661866043099;0.1128866185285185;0.17222365283198546;0.17283947857838067;1.2126741299675394
30.049244;0.14494994361835667;0.11236883456468028;0.7717342502851519;0.13695103149915655;0.9397850749052683;10.001001549390418;0.7500882611169284;0.013361302488605906;0.013395163329825823;0.11352147949130266;0.17513290770670903;0.6989482133810141;-0.9949561850924674;0.11279879266475012;0.17302964003842486;0.17295142835124303;1.215738596159306
30.049971;0.14492330429473113;0.11231416582914783;0.7712928090203567;0.13755381071484474;0.9439637163395518;10.001267791098176;0.7500775841835271;0.013361223778456966;0.01339483736680364;0.11344558193580923;0.17592102521898353;0.698719823176817;-0.9987061834458841;0.11271770739442435;0.17380572800815475;0.17306049695559403;1.2186969940821044
30.050698;0.14489870629570084;0.1122654119539773;0.7708910510393356;0.13813287647580677;0.9479710154248094;10.001536162824634;0.7500675345486598;0.01336115668973414;0.013394503503326627;0.11337565264986078;0.1766790528680145;0.6985000658250129;-1.0023231816744262;0.11264138217474252;0.174550917883772;0.17316764568136397;1.2215556738472801
30.051425;0.1448742265176314;0.11222047267355223;0.7705252287922333;0.13868736506865467;0.9518139166956243;10.001806514128305;0.7500581070596664;0.013361101021444322;0.013394162402695774;0.11331074409762033;0.1774079856230074;0.6982859562727484;-1.0058111797882114;0.11256984332411661;0.1752682094820479;0.17327179129786133;1.224315724779613
30.052151;0.14485092084307685;0.11217966891679543;0.7701923362949376;0.1392196664953936;0.955502370392006;10.002078775564057;0.7500492906462924;0.013361056463017381;0.013393814737784478;0.11325090290303688;0.17810882001855063;0.6980795119611412;-1.0091741778013352;0.11250411973925371;0.1759576015283528;0.17337382111632504;1.2269811322678963
30.052878;0.14482983964721324;0.11214358649101507;0.7698910935103979;0.1397313381904479;0.9590405108184263;10.00235290234955;0.7500410663675483;0.013361022585545905;0.01339346114894126;0.11319617362602344;0.17878255514860128;0.6978797560813789;-1.0124171757317049;0.11244223887194052;0.17662109157980765;0.17347361032313766;1.2295550135175883
30.053605;0.14480904749103127;0.11211014558797233;0.7696176259475526;0.1402217848665362;0.962437297071179;10.002628785788843;0.7500334093653938;0.013360998893549074;0.013393102267718568;0.11314660396164886;0.1794301925139946;0.6976867191595467;-1.0155441735981399;0.11238522732617098;0.17725867643259777;0.17357003347719333;1.232040261374154
30.054332;0.14479046083868752;0.1120814971813754;0.7693767138135296;0.14069297639111278;0.9656939063532057;10.002906273968478;0.7500262908428652;0.013360984943369451;0.013392738871903223;0.1131002450453189;0.18005373487216833;0.697499436608427;-1.0185601714177401;0.11233311491931522;0.17787235286131234;0.17366396887293467;1.234440056967582
30.055059;0.1447732376256441;0.11205564921459908;0.769159197298393;0.14114547587193485;0.9688199951502917;10.003185263659608;0.7500196805743956;0.01336098041756384;0.013392372028968657;0.11305914625473426;0.18065318483388146;0.6973179459075255;-1.021468169203799;0.11228393620224704;0.17846211801596823;0.1737562949109853;1.2367565287394033
30.055786;0.14475630034983997;0.11203228162662558;0.7689685274790871;0.14157880690556787;0.9718196894182426;10.003465786070159;0.7500135551675404;0.013360984999847595;0.013392003079552425;0.11302135201568048;0.18122954438320266;0.697142285881255;-1.0242721669648016;0.11223872928032967;0.17902996958692427;0.17384588740913903;1.238992650870389
30.056513;0.14474177165955854;0.1120120578194616;0.7687979019882822;0.14199600533166848;0.9746998529810147;10.003748020330168;0.7500079031922186;0.01336099820767327;0.013391633569249677;0.1129879073686255;0.18178381531307464;0.6969724958301328;-1.026976164705045;0.1121975363213178;0.17957590568754037;0.17393262233033913;1.2411514131015344
30.05724;0.14472855795772455;0.11199469853615653;0.7686509579726475;0.14239645439438614;0.977463632975962;10.004032226863808;0.750002720259542;0.013361019440038912;0.013391265217055142;0.11295786496178388;0.18231699969140375;0.696808613814118;-1.029584162426551;0.11215940394124208;0.18010092459353272;0.17401638015400925;1.2432358207409286
30.057966;0.14471666751056725;0.11197999891125478;0.768525955620387;0.14278070848071955;0.9801148540694083;10.004318688131931;0.7499980025913086;0.013361048157863598;0.013390899876653062;0.11293228311209502;0.1828291006570288;0.696648678052885;-1.032098160131757;0.11212438183136411;0.18060602505557155;0.17409805045243315;1.2452461286622991
30.058693;0.14470610274187862;0.1119676017704835;0.7684200655550596;0.14314945158601322;0.9826582284617558;10.004607680218301;0.7499937416634089;0.013361083961522512;0.013390539505416956;0.1129092198941087;0.18332312393383549;0.6964957304556769;-1.0345221578259696;0.11209352117461693;0.18109220679281948;0.17417753115135517;1.2471870799109497
30.05942;0.1446968590996732;0.11195756536268905;0.7683333471194673;0.14350356304126502;0.9850998036894201;10.004899436017006;0.7499899183750637;0.013361126493891397;0.013390186126787083;0.11288973312085218;0.18379707851234955;0.6963468163945074;-1.0368601555200019;0.1120648697405156;0.18156047034437214;0.1742537184832049;1.2490600906417269
30.060147;0.14468892718905338;0.1119495366751571;0.7682631253109181;0.1438435848600206;0.9874433070438081;10.00519412685581;0.7499865029294488;0.013361175260839362;0.013389841745374565;0.11287388316271724;0.18425297536066298;0.6962029809322086;-1.0391151532324743;0.1120394648213282;0.18200981648078257;0.17432750236389233;1.2508680050480725
30.060874;0.14468229550143807;0.11194330400962899;0.7682077362899139;0.14417007517048097;0.9896925833401123;10.005491892307745;0.7499834583745579;0.013361229574338227;0.013389508223094038;0.11286073006563113;0.18469082584438232;0.6960632650532328;-1.0412891509880267;0.11201633355315964;0.18244224547364873;0.17439877805455672;1.2526117310066116
30.061601;0.14467695338003123;0.11193879053880353;0.7681664122186155;0.14448375195210367;0.9918525871816029;10.005792865976538;0.7499807388559355;0.01336128870833583;0.013389187174681001;0.11285032836806055;0.18511264128091012;0.6959287036857532;-1.043385148811875;0.11199650035859053;0.18285875619715283;0.17446745641024625;1.2542941269050976
30.062328;0.14467277994735123;0.1119367007239143;0.7681443015664982;0.14478429828491463;0.9939219286494649;10.006097135873183;0.7499782886123215;0.013361352002716563;0.013388879981171652;0.112843727033441;0.18551843252659506;0.695799327495206;-1.0454071467261843;0.11197899045850748;0.18325834553689502;0.1745334624335894;1.2559183352514487
30.063054;0.1446698736018469;0.11193581013162397;0.7681321429714312;0.14507298212364744;0.995908600697423;10.006404693864647;0.7499760514549031;0.013361418776641758;0.013388587898778738;0.1128389702352252;0.185908208997551;0.6956731686894718;-1.0473561447497282;0.11196382818148588;0.18364300876156378;0.17459673661377248;1.2574839083334783
30.063781;0.14466921061602644;0.11193720421581364;0.7681319515569186;0.145351458154515;0.9978172078228416;10.006715452030596;0.7499739828939512;0.013361488333025145;0.013388312140419963;0.11283809313527837;0.18628297797847887;0.6955522663439421;-1.0492361428982118;0.11195103512930095;0.18401374021267586;0.17465724236569952;1.2589951278634008
30.064508;0.14466866372061418;0.11193956623125034;0.7681456743469645;0.14561727441472144;0.9996453267608824;10.007029272284965;0.7499720510231455;0.013361560058104958;0.013388053851134375;0.11284011605011295;0.18664374493644548;0.6954346630816194;-1.051049141184036;0.11194062654864123;0.18436953375843082;0.17471596686167962;1.260452410081204
30.065235;0.14466918235052376;0.11194364867306722;0.7681732939234532;0.14587219692424785;1.0013983355852774;10.007345953170391;0.7499702283478378;0.013361633330638235;0.01338781398679495;0.11284404462556308;0.18699051506251407;0.695321394627232;-1.052796139616734;0.11193260769197824;0.18471238375308002;0.17477091202407635;1.2618570071786797
30.066689;0.14467151849899135;0.11195441792368854;0.7682448021551552;0.1463535368923252;1.0047007699701889;10.007665240835957;0.7499684885870576;0.01336170738313605;0.01338759325526163;0.1128588775275523;0.18764629447952003;0.6951184859809395;-1.0561101382048856;0.11193297699978876;0.18535928574259167;0.1748670876277179;1.2645206451776703
30.067997;0.14467581595567688;0.11197002440959034;0.7683465797900069;0.14675443977676966;1.0074435133318986;10.007986912120542;0.7499668110869214;0.013361781370024075;0.01338739222870103;0.11287761256436891;0.18819408945460445;0.6949459564263663;-1.0588931369575127;0.11193773387132223;0.18589923563096208;0.17494851474978926;1.2667591539820524
30.069305;0.14468135458290657;0.11198939291268292;0.7684748604960587;0.1471267983773689;1.0099875653651373;10.00831083788961;0.749965186466858;0.013361854490634687;0.013387211453406989;0.11290224493759254;0.18870390508615795;0.6947848235000735;-1.061501135883988;0.11194788138584527;0.18640222865135456;0.1750242282335669;1.2688586932559947
30.070614;0.14468707236186565;0.1120111860987631;0.7686258467326078;0.1474718336115231;1.0123482519138565;10.008636936465209;0.7499636220277591;0.013361926027933015;0.013387051389790265;0.11293176209945929;0.1891787451914754;0.6946331055554583;-1.063943134993367;0.11196242118224768;0.18687125990660655;0.1750952653019365;1.2708253190196694
30.071922;0.14469478203120797;0.11203720574131279;0.7688020982332295;0.14779246837146864;1.014532621532793;10.008965088312006;0.7499621433973724;0.01336199536560107;0.013386912311429173;0.11296514051314986;0.1896206127621474;0.6944908271454288;-1.0662301342932632;0.11198034910206503;0.1873073259392999;0.17516164952132163;1.2726679073553722
30.073231;0.14470243552976766;0.11206529143290468;0.7689992965069226;0.14808885562163493;1.0165555854700452;10.009295117510609;0.7499607881311003;0.013362061958895475;0.013386794315036003;0.11300234616674926;0.19003251048727013;0.6943570217502899;-1.0683721337892318;0.11200165905843211;0.18771342551711048;0.17522438616158373;1.2743939973929341
30.074539;0.14471197403648967;0.1120966974317038;0.7692154907066716;0.14836440159741954;1.0184266931708283;10.009626830926557;0.7499595945248736;0.013362125242691963;0.013386697377674714;0.11304333863228118;0.1904154417417417;0.6942327255515875;-1.0703791334837833;0.11202634776755162;0.18809055892179116;0.17528146819030757;1.2760122625801529
30.075847;0.14472138039811078;0.11212918226975793;0.7694456384093367;0.14861894896535557;1.0201587774379006;10.0099600494738;0.7499585916367721;0.013362184618935315;0.013386621343627706;0.11308707550108753;0.1907704113712287;0.6941149679705936;-1.0722581333737895;0.11205441009291574;0.1884427265837674;0.17533588461500244;1.2775267197974896
30.077156;0.14473252355486255;0.11216497623530793;0.7696949272706358;0.14885489617723574;1.0217551670691742;10.010294609201054;0.749957796423806;0.013362239606027702;0.013386565869488791;0.11313351483515102;0.1911014252950169;0.6940057702973518;-1.0740181334502619;0.11208483122286231;0.1887689281858807;0.17538563030989354;1.278945817869641
30.078464;0.14474340993915544;0.11220186469544535;0.7699584060836444;0.14907207947219503;1.0232287032261524;10.01063039337354;0.7499572189031789;0.013362289965258976;0.013386530458237128;0.11318361756705804;0.1914094895837881;0.6939021537778082;-1.0756661337019506;0.11211758838947286;0.18907216269166852;0.17543171297934676;1.2802736418155445
30.079772;0.14475513626654493;0.11223969529417166;0.7702289297840607;0.14927331439271255;1.0245910326402508;10.010967360468282;0.7499568672465929;0.013362335638938516;0.01338651453743026;0.11323535073976113;0.19169460991392953;0.6938061432535064;-1.0772101341183216;0.11215366061492255;0.18935442853919016;0.17547514751527415;1.2815178682236246
30.081081;0.14476858599739958;0.11228001598361562;0.7705121348636716;0.14945994776632016;1.0258451834480449;10.011305452051335;0.7499567483908787;0.013362376606404928;0.013386517455528477;0.113289688022409;0.1919597914110145;0.6937167568638977;-1.0786551346902202;0.11219003335519283;0.18961572311032643;0.17551494566066694;1.2826820606958722
30.082389;0.1447816559137575;0.11232147112969626;0.770809467276548;0.14963048254180297;1.0269956635118387;10.011644513310493;0.7499568689590225;0.01336241279542851;0.013386538453330994;0.11334660567488865;0.1922050388719883;0.6936329964832016;-1.0800091354106027;0.11222969451543585;0.18985804209610319;0.17555211524237957;1.283772339032047
30.083697;0.14479553465590567;0.11236284131356941;0.7711058147904666;0.1497886007879293;1.0280592982781336;10.01198434456282;0.749957237775674;0.013362444104923241;0.013386576675843649;0.11340407721599535;0.192433356741059;0.6935548519521658;-1.081278136275758;0.11226963093752927;0.190083379790063;0.17558566373269732;1.2847937118896133
30.085006;0.14480998587720592;0.1124060842567659;0.7714153567887216;0.1499335795815901;1.0290326555527778;10.012324711753282;0.7499578668326291;0.013362470514042862;0.01338663124191546;0.11346407182568823;0.1926447482726763;0.693481309187249;-1.0824651372839988;0.11231182853663146;0.1902917300088931;0.17561759849009018;1.2857481402777637
30.086314;0.14482499585482062;0.11245086838272231;0.7717353962236455;0.15006625642509294;1.029921507340878;10.012665279215096;0.7499587696123989;0.013362492170028713;0.013386701382074963;0.11352555668675038;0.19284021498999865;0.6934133540550328;-1.0835781384327685;0.11235527329246721;0.190485086932093;0.1756459247158744;1.2866428792181772
30.087622;0.1448406717391403;0.11249590666363606;0.7720561002966744;0.15018849102831322;1.0307378898831012;10.013005606295025;0.7499599562688947;0.013362509410436174;0.013386786533933208;0.11358849787353265;0.1930217571097514;0.6933499754350017;-1.0846191397193647;0.11239895407696977;0.19066344585284742;0.17567264219289241;1.2874790542889112
30.088931;0.14485702179056295;0.1125414761805202;0.772378959966668;0.15030089567156893;1.0314860203408696;10.013345192708481;0.7499614291838999;0.01336252270668312;0.013386886301563162;0.11365185652905006;0.1931883740240371;0.693291169480794;-1.0855951411438227;0.11244486546819116;0.1908288035553316;0.1756967424090037;1.2882625400444268
30.090239;0.14487384145414783;0.1125888063280613;0.77271317685842;0.1504028161663598;1.032162911825695;10.013683504465245;0.7499631839291256;0.013362532566328621;0.01338700032426949;0.11371658200325666;0.19334306466280926;0.6932359416833989;-1.0865091427082125;0.11249100589277222;0.19098115780040337;0.17571820846474387;1.2889952998083802
30.091548;0.14489134671245818;0.11263630781206058;0.7730463947296651;0.15049632978665403;1.0327813200861953;10.01401998080432;0.7499652130571662;0.013362539542721846;0.013387128158362033;0.11378160959058267;0.19348582825721414;0.6931843019652609;-1.0873651444132086;0.11253837417044152;0.19112150639742267;0.17573802023581062;1.2896806804764478
30.092856;0.14490943234617829;0.11268456835637428;0.7733828818866858;0.15058154513819721;1.033342731264876;10.014354030713289;0.7499675059835315;0.013362544312315568;0.013387269254857236;0.1138488653372099;0.1936176650080179;0.6931372550619778;-1.088166146256466;0.1125869713076109;0.19125084696655875;0.17575516253670578;1.290321733104044
30.094164;0.1449270997409791;0.11273271140437496;0.7737215366715142;0.15065795299199616;1.033850691456246;10.014685100951965;0.7499700455551797;0.013362547646464188;0.013387422996551195;0.1139152696257263;0.1937385759381969;0.693093793503275;-1.0889171482337292;0.11263480613865445;0.19137017759797798;0.1757706296317761;1.2909221290840736
30.095473;0.14494632794582477;0.11278233647033652;0.7740624185524012;0.1507280128897725;1.034307950639868;10.015012821286039;0.7499728093781937;0.013362550356119652;0.013387588739572371;0.11398274105386412;0.19384956224664046;0.6930528968327537;-1.0896201503415572;0.11268489585186833;0.1914794971781035;0.17578442367973462;1.291483019761028
30.096781;0.14496500710291169;0.1128325978330257;0.7744105458034591;0.15078968133030546;1.0347153194665095;10.015337011516499;0.7499757769981249;0.013362553316353219;0.013387765877438135;0.11405020254496048;0.19395262472148564;0.6930155363782028;-1.0902791525805362;0.11273425789488112;0.19157980487270543;0.17579654747342538;1.2920083289613022
30.098089;0.14498531485798333;0.11288320752555805;0.7747520768210895;0.15084688776221242;1.0350841217180144;10.0156575101644;0.7499789332715731;0.01336255747902516;0.013387953882923102;0.11411758014954512;0.19404576338298613;0.6929816821594301;-1.0908951549562271;0.11278490033131588;0.19167209979336503;0.1758059952800672;1.2924989224373569
30.099398;0.1450050217202308;0.11293439732218051;0.7751002001334588;0.15089657781680008;1.0354089961062083;10.015974026503235;0.7499822621322008;0.013362563873331911;0.013388152279131897;0.11418480137304862;0.19413197737606352;0.6929493066265959;-1.091473157476071;0.11283581842235517;0.19175638096635866;0.17581474812321382;1.2929579755300837
30.100706;0.14502618505402398;0.11298664876521583;0.775447039458242;0.1509419328676952;1.0356968791678927;10.016286062139892;0.7499857401480206;0.013362573665650104;0.01338836059591249;0.11425280301797876;0.19421026487868676;0.6929203830450299;-1.0920141601455333;0.11288699660005437;0.19183264736471878;0.175820773573634;1.2933874353658315
30.102014;0.14504677321034715;0.11303817514886004;0.7757908704675921;0.15098135042748456;1.0359508863744065;10.016592891059233;0.749989340707324;0.01336258820823253;0.013388578364704837;0.11432053418798689;0.19428162314399422;0.6928938821187228;-1.0925201629673218;0.11293841131474167;0.1919028986248308;0.17582603014505074;1.2937884796855013
30.103323;0.14506763044339704;0.11309072848241589;0.7761389627295093;0.15101562739027294;1.036170141311539;10.016893662934805;0.7499930416633064;0.013362609028973522;0.013388805122844318;0.11438694889849693;0.1943470487708221;0.6928697690093042;-1.0929951659413653;0.11299003557181;0.19196613571598234;0.1758294779347132;1.2941645053201387
30.104631;0.1450888143346627;0.11314321261021448;0.7764832298467905;0.15104563419515601;1.0363598325542278;10.017187557983029;0.7499968246364757;0.013362637758420384;0.013389040395546522;0.11445400372929294;0.19440553752228;0.6928470016045942;-1.0934391690623104;0.1130418449216876;0.19202336031636966;0.17583109079990233;1.2945149934657534
30.107248;0.14511702280691732;0.11325216605280813;0.7771756830434025;0.15109868620258665;1.0366593421291093;10.01747383529747;0.7500006686066507;0.013362675967943037;0.013389283644958635;0.11457566258331964;0.19450708410752138;0.692803532832593;-1.0942471723173444;0.11314982162553704;0.19212157376622557;0.17584186309031022;1.2951618550492878
30.109603;0.14514257640416603;0.11334875680827194;0.7777953103200704;0.15113213617964164;1.0368444680820919;10.01775177392186;0.7500045452521052;0.013362725004772251;0.01338953419124821;0.11468489788283726;0.1945816831781363;0.6927703159994015;-1.0948891756877053;0.11324495784482445;0.19219377710778704;0.17584780738320704;1.295674087183142
30.111958;0.14516940946116205;0.11344556428319007;0.7784073043067404;0.15115690140416022;1.0369618158381748;10.018020632841376;0.7500084192695274;0.01336278591011308;0.013389791206371756;0.11479368824414472;0.1946413306686869;0.6927413094678445;-1.0954601791529912;0.11334125766376583;0.19225197224725285;0.17584994841428073;1.2961287142494153
30.114313;0.1451952903684533;0.11354241602650628;0.7790222685988627;0.15117075735628513;1.037011749956592;10.018279669257566;0.7500122538864464;0.013362859450467028;0.013390053803733176;0.11490101628350699;0.1946890237071486;0.6927164749797445;-1.095967182695082;0.11343673437320481;0.1922971627906954;0.1758503196770907;1.2965316557409563
30.116668;0.14522140219482293;0.1136381667801683;0.7796259625231138;0.15117758509535895;1.0370122939236621;10.018528170941627;0.7500160146460063;0.013362946282910616;0.013390321071087024;0.11500786582703872;0.1947257596896961;0.6926947686826262;-1.0964181862991356;0.11353140314089322;0.19233135341020388;0.17584895804764025;1.2968891420467998
30.119023;0.14524751531690724;0.11373429290004672;0.7802297044459656;0.15117675287234247;1.0369605813937448;10.018765499118457;0.7500196667168326;0.013363047076537762;0.013390592044328119;0.11511222223386743;0.19475253622887712;0.6926761381441714;-1.0968181899530232;0.11362527427915876;0.19235654847988223;0.17584489568549497;1.2972053991360124
30.121378;0.1452737124028859;0.1138298887354701;0.7808267929129399;0.1511700361439131;1.0368680164792103;10.0189911353585;0.7500231716769685;0.013363162431577239;0.013390865764223922;0.11521607417095278;0.19477035183263708;0.692659529615599;-1.0971741936470247;0.1137183514507729;0.1923727509726579;0.17583915876825437;1.2974858033229504
30.123733;0.14529996664130168;0.11392455171435091;0.7814145212611974;0.15115842552125322;1.0367413749247285;10.019204697493297;0.7500264890573858;0.013363292750729986;0.013391141335607313;0.11531841033425368;0.19478120586686165;0.6926458916260686;-1.0974901973720579;0.11381163460564415;0.1923819619646448;0.17583177418713922;1.2977342566794292
30.126088;0.1453251499167484;0.1140182629026884;0.7819987050410784;0.15114081709253832;1.0365808910506287;10.019405921776947;0.750029581543075;0.013363438177381592;0.013391417839295592;0.1154182177899452;0.1947850974837375;0.6926341710435064;-1.0977702011166188;0.11390312446363614;0.19238418133703944;0.17582277711221986;1.2979535895234586
30.128443;0.145351325530355;0.11411177463555985;0.7825733712090993;0.15112057979143345;1.0363947624858403;10.01959463361916;0.7500324192226958;0.013363598569451293;0.013391694225553454;0.1155174865880137;0.19478302501283976;0.6926243102976899;-1.0980192048661706;0.11399382439801589;0.1923804089441066;0.1758122144310563;1.298148010459056
30.130798;0.14537636386890532;0.11420402125887295;0.7831425812375015;0.15109564765935632;1.0361836759079757;10.019770725491954;0.7500349824370184;0.013363773575062025;0.013391969343732763;0.11561421354044878;0.19477598704216612;0.6926152501420474;-1.0982412086061824;0.11408473773876453;0.1923726447850457;0.17580114422945056;1.2983203474484084
30.133153;0.14540133032561897;0.1142948568930734;0.783699605066785;0.1510684461235431;1.035956393901148;10.019934175270029;0.7500372656912385;0.013363962806780571;0.01339224205747223;0.11570940358268209;0.19476498416459176;0.692607932724193;-1.0984372123263197;0.11417386444290066;0.1923598889019666;0.175788633262557;1.2984719553393254
30.135508;0.1454260925044473;0.11438516316855057;0.7842511968200361;0.15103853314120094;1.0357105704150336;10.020085134501219;0.7500392773733963;0.013364165976442086;0.013392511379527109;0.1158030680137507;0.19475001942800627;0.6926002981729572;-1.0986122160214675;0.11426120201837695;0.1923441420406304;0.1757747483719937;1.2986059688860885
30.137863;0.14544964039343677;0.1144738589466034;0.7847954063702831;0.1510052467901975;1.0354486584281806;10.020224013809111;0.7500410318325849;0.01336438292633316;0.01339277653622647;0.1158952150554913;0.1947320972983741;0.6925942814479471;-1.0987672196885403;0.1143487476372967;0.1923244061565296;0.17575954475479355;1.298724278712805
30.140218;0.14547396380547253;0.11456280232839279;0.7853344206482376;0.15097094130885078;1.0351726152645464;10.020351456714007;0.7500425417501814;0.013364613595831094;0.013393036829209936;0.11598584216361096;0.1947112225214551;0.6925898176682281;-1.0989052233232577;0.11443449757559679;0.19230168359380584;0.17574506452639752;1.2988294107676421
30.142573;0.1454971982968539;0.11464919355014651;0.7858593848202372;0.15093505782048355;1.0348919206831033;10.020468203592497;0.7500438166112012;0.01336485802005774;0.01339329142379688;0.11607394455174327;0.19468739921275022;0.6925838484697916;-1.0990272269187027;0.1145204468660537;0.19227697535528204;0.17572834717253474;1.2989206078267344
30.144929;0.14552015145495956;0.11473545719739779;0.7863829813206663;0.15089703021895234;1.0345970860960445;10.020574906375787;0.7500448634652124;0.013365116348975003;0.013393539343266309;0.11616052960950365;0.19466162974936851;0.6925793229128041;-1.0991362304653947;0.11460459111225156;0.19225028031625777;0.17571243960902855;1.2990020068057724
30.147284;0.14554305310085128;0.11481995100808651;0.7868931244951054;0.1508586779521712;1.03429903409839;10.020671993518901;0.7500456867971017;0.013365388796998485;0.013393779632877472;0.1162456167061509;0.1946339142866054;0.6925751977315299;-1.0992322339525193;0.1146869287360755;0.1922215959312491;0.17569539699762274;1.299073074530623
30.149639;0.1455658084138916;0.11490337324438285;0.7873954907933555;0.15081968151660033;1.0339962783193777;10.020759671087852;0.750046289235293;0.013365675578857395;0.013394011499965145;0.11632822604700294;0.1946052513581335;0.6925704386891571;-1.0993182373671857;0.1147694607350052;0.19219091886328302;0.17567828054247578;1.2991358199832337
30.149994;0.14558072167361522;0.11491770099008768;0.787465738344071;0.1508096551897477;1.03394629069777;10.020837996893896;0.7500466715823423;0.013365976850110248;0.013394234364856738;0.11634137264458311;0.1946016386533717;0.6925690208034313;-1.0993302406923033;0.11478218609626904;0.19218624526264827;0.1756581588156855;1.2991382443418453
30.149994;1.1535812472271672;-0.9593910448473568;-0.8310909779357857;1.1522137390751646;0.998552914043423;10.020906943115858;0.7500468279090463;0.013366292607452144;0.013394447797310699;-0.9579689327606855;1.1960110734676868;0.6925679308075579;-1.0993302439078434;-0.959527902475535;1.193594571565217;1.1807071050937048;1.299131223439682
30.149994;1.1535965257852288;-0.959378540377402;-0.8310884194213102;1.1522205009150583;0.9985576532733091;10.020966460204514;0.7500467404872073;0.013366622652265224;0.013394651381072585;-0.9579576810957101;1.196024552809873;0.6925661701379557;-1.0993302469952786;-0.9595158151857487;1.193606894969627;1.180689188473223;1.299124409814833
30.149994;1.153610781206747;-0.9593640998166497;-0.8310849408833277;1.1522285443953628;0.9985642356006438;10.021016545603441;0.7500463817081015;0.013366966670821639;0.013394844603355546;-0.9579458596762441;1.1960380731356313;0.6925637500743086;-1.0993302499408644;-0.9595035566170731;1.193619213228982;1.180671465881503;1.299117837655963
30.149994;1.1536276129147658;-0.9593402073229041;-0.8310714087523703;1.1522485508134468;0.9985787807659379;10.021057280254876;0.7500457201493219;0.013367324299847026;0.013395026814559098;-0.9579244473301547;1.1960636294937603;0.6925606848665116;-1.099330252735955;-0.9594791240492295;1.1936435250301798;1.1806549789936498;1.2991115364288028
30.149994;1.1536460040960412;-0.9592928298776953;-0.8310363513149237;1.1522920047003697;0.9986120899495707;10.021088804707246;0.7500447266846765;0.013367695056057569;0.013395197255207093;-0.9578804184056684;1.1961122146022047;0.692556993654895;-1.0993302553762372;-0.9594325145369065;1.1936908306576877;1.1806427582598433;1.2991055313175777
30.149994;1.1536715169755234;-0.9592008185726881;-0.8309573761385144;1.1523846128446147;0.99868158516094;10.02111124761395;0.7500433789607976;0.013368078177470497;0.013395355127334894;-0.9577917507162155;1.196209819515798;0.6925527058522578;-1.0993302578615314;-0.9593407287286573;1.1937871317731326;1.18063783105519;1.2990998475924747
30.149994;1.1537073639722182;-0.9590190014867972;-0.8307929658261956;1.1525700571073834;0.9988222921799517;10.021124701584124;0.7500416620364441;0.013368472569366694;0.013395499695432073;-0.9576124249314283;1.196402435372026;0.6925478619566641;-1.0993302601946384;-0.9591587689646618;1.1939784302179166;1.180647227990549;1.2990945138414154
30.149995;1.1537683209204521;-0.95865674741049;-0.8304539031630651;1.1529497260058026;0.9991092281087762;10.02112928711135;0.7500395669047808;0.013368876929986768;0.013395630357511274;-0.9572544173296096;1.1967850541622995;0.6925425111062715;-1.0993302623785648;-0.9587956379796757;1.1943597266011183;1.1806849855181831;1.29908956016379
30.149995;1.1538765703531149;-0.9579331188261767;-0.8297674656836856;1.1537075901453153;0.9996825218426022;10.021125166866584;0.7500370913972091;0.01336928991394283;0.013395746638081471;-0.9565346962923977;1.1975496689702734;0.6925367097425977;-1.099330264414906;-0.9580713368312017;1.1951230201849867;1.180779141043446;1.2990850157509126
30.149997;1.154080863653718;-0.9564873329884689;-0.828386253124337;1.1552277524230508;1.0008325252025452;10.021112480446156;0.7500342426342838;0.01336971023773118;0.013395848157174406;-0.955092222695594;1.1990752745377424;0.6925305224584914;-1.0993302663044768;-0.9566238619704988;1.1966473099244272;1.1809837193293569;1.2990809124052816
30.15;1.1544766687572972;-0.9535888581172332;-0.8256099791593112;1.158264959702779;1.0031294277646605;10.02109134262479;0.7500310363169906;0.013370136697981845;0.013395934605430595;-0.9521989508540558;1.202115867337118;0.6925240190954165;-1.0993302680482637;-0.9537252069336696;1.1996865946841055;1.1814117244607736;1.299077290347354
30.150006;1.1552525389527173;-0.9477719628806702;-0.8200388457045658;1.1643066541356601;1.0076940461541517;10.021061897410764;0.7500274927989619;0.013370568063796431;0.013396005737483894;-0.9463858343707637;1.2081634450977852;0.6925172650562796;-1.099331269647593;-0.94790636556201;1.2057328726020133;1.1822801502994589;1.29907503905918
30.150018;1.156778220652316;-0.9360481750715904;-0.8088414365293882;1.1762664023913747;1.0167114819617933;10.021024353721014;0.7500236307381842;0.013371002944210463;0.013396061414008583;-0.9346658385511991;1.2201270067263394;0.6925103123818618;-1.0993312711035264;-0.9361813288578512;1.2176951413859414;1.1840139981415443;1.2990724978627914
30.150042;1.1597559912325714;-0.912255693459823;-0.7862696411661673;1.1996567753936216;1.0342756023274309;10.020979016170834;0.7500194596343315;0.013371439786666635;0.013396101617775;-0.9108769512443677;1.243522552289589;0.6925031988518247;-1.099332272415625;-0.9123850803481469;1.2410893997506982;1.1874252842884985;1.2990713697615806
30.150065;1.1626485002040607;-0.8880250353215594;-0.7634923791166153;1.2223307443677047;1.051210919559765;10.020926273388774;0.750014977648083;0.01337187704672414;0.013396126347338657;-0.8866511805177476;1.2662000820982426;0.6924959539522086;-1.0993332735811039;-0.8881535978068059;1.2637656484452238;1.1907350385137407;1.2990708052291455
30.150089;1.1654545112511447;-0.8633956851156467;-0.7405408955431364;1.2442705932484401;1.067511778910439;10.020866561326779;0.7500101801296135;0.013372313384166449;0.013396135498322487;-0.8620265404047328;1.2881435957625658;0.6924886068278846;-1.0993332745946498;-0.8635218556857656;1.285707890024191;1.1939442995742442;1.2990699491612991
30.150113;1.1681729685397941;-0.8384047898472308;-0.7174438281544704;1.2654643608175478;1.0831771315571572;10.020800418352108;0.7500050746959276;0.013372747660334073;0.013396128922826569;-0.8370400390043357;1.3093420923432786;0.6924811914373711;-1.0993342754472983;-0.8385268230654149;1.3069061278744556;1.1970491081804506;1.2990704818983092
30.150137;1.1708026624875467;-0.8130889037906571;-0.6942289632432673;1.285903118438761;1.0982084535693601;10.020728574386398;0.7499996884654123;0.01337317878087859;0.013396106576672527;-0.8117286738775673;1.3297855707727462;0.6924737437324596;-1.0993352761258692;-0.8132074629976721;1.327347365398531;1.2000505051283061;1.2990715420143792
30.15016;1.17334354617501;-0.7874848310323561;-0.6709232191521712;1.3055777634357861;1.1126057460637588;10.020651919350017;0.7499940622971197;0.01337360556963948;0.01339606852032204;-0.7861304338584842;1.3494640299746985;0.6924662949229206;-1.099336276616069;-0.7876007347067611;1.3470246061617601;1.2029465381418398;1.2990731118081136
30.150184;1.175794327712054;-0.7616323923673192;-0.6475564673230066;1.3244819835254542;1.1263723034452726;10.020571387012163;0.7499882425974745;0.013374026684740529;0.013396014809294456;-0.7602823095647497;1.3683724689892791;0.6924588705340204;-1.0993372769069627;-0.7617435930022319;1.3659318549504236;1.2057382617804235;1.2990751751248826
30.150208;1.1781557561387526;-0.7355659297210749;-0.6241524378345457;1.3426135564751516;1.1395126638992281;10.020487882172619;0.7499822772648935;0.013374440628197844;0.013395945474130172;-0.7342213056544419;1.3865078869572331;0.6924514921098396;-1.0993372769926464;-0.7356739869978647;1.384066118087372;1.2084237221597978;1.299076868924778
30.150232;1.1804274280592875;-0.7093257549452996;-0.6007403291140955;1.3599708913799604;1.1520326606143505;10.020402231610506;0.7499762139161755;0.013374845917781916;0.013395860557008697;-0.7079854424015755;1.4038682831898541;0.6924441773172846;-1.0993382768709798;-0.7094278623964814;1.4014254018372394;1.211003944335685;1.2990798605883989
30.150256;1.182609061534411;-0.6829453000009699;-0.5773431914208914;1.3765540231562081;1.1639390575881376;10.020315106101323;0.7499700975561763;0.01337524125212831;0.013395760057187872;-0.6816107455418151;1.420454657610223;0.6924359405201477;-1.0993392765414622;-0.6830411648980265;1.4180117107681423;1.2134799367989462;1.299082736456031
30.150279;1.184702033942329;-0.656463542572072;-0.5539877941559546;1.392366275463451;1.1752394181383687;10.02022698845084;0.7499639675292191;0.013375625529961938;0.013395643858397855;-0.655132236414611;1.4362710112053303;0.6924287923377681;-1.0993402760029578;-0.6565508437558716;1.4338260480354634;1.2158516989457633;1.299086518085279
30.150303;1.186705870370418;-0.6299110334217948;-0.5306945737659233;1.4074117104186397;1.1859434002109026;10.020138190903893;0.7499578566246106;0.013375997797348828;0.013395511713793372;-0.6285849305279593;1.4513193464190164;0.6924217413973189;-1.0993412752522378;-0.6299908566938645;1.4488744162758966;1.21812022122878;1.2990906166546798
30.150327;1.1886221292581884;-0.6033231351914236;-0.5074870055555315;1.4216983847256421;1.196061672004377;10.020048860857004;0.7499517925351084;0.013376357216450878;0.013395363205443057;-0.6020028411785607;1.4656096674099521;0.6924147989197915;-1.099341274285099;-0.6033951728894393;1.4631628176279605;1.2202854879146332;1.2990941229672304
30.150351;1.190452001396321;-0.5767348503606126;-0.48438842685357314;1.4352335271145569;1.2056042029907852;10.01995902121646;0.7499457980247782;0.013376703083706438;0.013395197720610142;-0.5754179847756372;1.4791479797300684;0.6924079773764932;-1.0993422730980849;-0.5767967728416201;1.4767002535274978;1.2223504841937596;1.2990986634035242
30.150374;1.1921959543431215;-0.5501747577015024;-0.46141706041293795;1.4480264272042571;1.2145830699247764;10.019868613658467;0.7499398889624088;0.013377034844932032;0.013395014581150838;-0.548863382346289;1.4919442895077308;0.6924012825772102;-1.0993432716884326;-0.5502256501198963;1.4894957248320329;1.2243162017988427;1.2991033271819536
30.150398;1.1938561577671092;-0.5236745326840692;-0.4385930722503425;1.46009133293176;1.2230124164429659;10.019777492772302;0.7499340724076712;0.013377352077527403;0.013394813288874761;-0.522368052772639;1.5040116025106882;0.6923947092251838;-1.099344270054527;-0.5237148130865455;1.5015622320694186;1.2261826417221802;1.2991080506816093
30.150422;1.1954338130556537;-0.49726439538904005;-0.41593586056463305;1.4714381239965344;1.2309033421655415;10.019685475374438;0.7499283458026015;0.013377654515231084;0.013394593733052945;-0.49596200697221754;1.5153619232427262;0.6923882459288118;-1.099344268198438;-0.4972912809470906;1.5129117757976553;1.2279538176830473;1.299111925538452
30.150446;1.1969300718863496;-0.47096932363173927;-0.39346052539427345;1.48208324999094;1.2382721598107154;10.019592430146947;0.7499226983456365;0.013377942113370962;0.013394356225162517;-0.4696722498916313;1.526009254571484;0.6923818813010523;-1.099345266128207;-0.47098307668073724;1.5235583566943351;1.2296307590751376;1.2991165837929874
30.15047;1.1983470356213355;-0.44481631524045623;-0.37118365096931044;1.4920394747405135;1.2451307823954751;10.019498280961368;0.7499171146718631;0.013378215045581671;0.013394101358633274;-0.44352578370719736;1.5359685980487838;0.6923756016766369;-1.0993462638574147;-0.4448172208871756;1.5335179746305634;1.2312155044978919;1.299121122817855
30.150493;1.1996866412275875;-0.4188331257529139;-0.3491226580322301;1.5013256098790853;1.2514960205731698;10.019402970746478;0.7499115781964654;0.01337847362333898;0.01339382987242596;-0.417547606718248;1.545257954446851;0.6923693854455827;-1.0993472614027093;-0.4188177298791143;1.5428056276426216;1.2327100936098379;1.29912549063836
30.150517;1.200949931719604;-0.3930413322868553;-0.32729021660375307;1.509956241559487;1.2573817960064941;10.019306485505357;0.7499060726536132;0.01337871823691567;0.013393542608923378;-0.3917597124021506;1.5538923244909717;0.6923632026468591;-1.0993482587826295;-0.3930086186277378;1.5514393124876489;1.2341175645407045;1.2991296411314541
30.150565;1.2032392738413284;-0.3421180386303299;-0.28435341275883447;1.5253316532982264;1.2677844855878186;10.019208901642799;0.7499005839207602;0.013378949302887622;0.013393240490973594;-0.3408420929197563;1.5692697094176051;0.6923570206950895;-1.0993492560186966;-0.3420689046812829;1.566816026046654;1.2366779467256475;1.2991335349736535
30.150607;1.2050616866469466;-0.2971440136274207;-0.24660932550968706;1.5371166548268345;1.2756640404173694;10.019110362253164;0.7498951043287813;0.013379167130501532;0.01339292449617862;-0.29587374097004127;1.5810561106208063;0.6923508109175358;-1.0993512531357208;-0.29707761385052406;1.578602765783832;1.2387052556879357;1.2991379888429453
30.15065;1.2066699821283244;-0.25308583540539237;-0.20977402213281648;1.5470764511606765;1.2822355562983272;10.019010975985722;0.7498896360907837;0.013379371792659276;0.013392595622147965;-0.25181964623777736;1.5910195290362574;0.692344550175236;-1.0993522501593018;-0.2530007854181396;1.5885645292610215;1.2404854980310096;1.2991412975731549
30.150693;1.208077066293995;-0.21002554477174512;-0.173890342978017;1.5553298860624294;1.2875923316360482;10.018910719522548;0.7498841892277824;0.013379563096982442;0.013392254814079699;-0.20876579307314105;1.5992749652918883;0.692338218496328;-1.0993532471126393;-0.2099224705003965;1.5968193133975572;1.242033675022743;1.2991443150452742
30.150736;1.2092965438998662;-0.16803605614910555;-0.13899579178357133;1.5619936953304059;1.2918232346857377;10.018809394885178;0.7498787780734184;0.013379740599826514;0.013391902935918359;-0.16678216336516044;1.6059414200966384;0.6923317982481453;-1.0993552440148977;-0.16791372583640807;1.603485113744884;1.2433647820631022;1.2991479155554109
30.150821;1.2112012453984171;-0.08746947424221943;-0.07225483610871158;1.5710271969246337;1.297269624463163;10.018706651956531;0.7498734225415261;0.01337990362463538;0.013391540804051813;-0.08622174110688133;1.6149768942430296;0.6923242751428478;-1.0993572408795442;-0.08732660741354745;1.6125199241180928;1.2454338085676875;1.299150765521006
30.150891;1.212300131804604;-0.0258122685358139;-0.02132590320552604;1.574653113847097;1.2991042528826373;10.018602067548992;0.7498681509767677;0.01338005128988601;0.013391169114760461;-0.024571514528261666;1.6186043891273771;0.6923176346051788;-1.0993602377137073;-0.025650167052646448;1.6161467367443114;1.2465957348928183;1.2991548373140573
30.150953;1.2129965478211584;0.026913757399221333;0.022158061448235827;1.5755146605342423;1.2990883935375381;10.018495199729605;0.749862998296239;0.013380182575565513;0.013390788320283505;0.0281495239820823;1.6194679080748478;0.6923108540333679;-1.0993622345236505;0.02709654726491889;1.6170095430164362;1.2473045257431912;1.2991579773186859
30.151008;1.2134102848195207;0.07114734302055892;0.05860868091101203;1.5746522153162998;1.2979545624656113;10.018385575498112;0.7498579994156179;0.01338029644029105;0.01339039874197354;0.07237737605621586;1.6186064569010683;0.6923039041192683;-1.099363231322161;0.07135249089310344;1.6161473345510358;1.2476981244183256;1.299160266194548
30.151057;1.2136406819989378;0.10921155386883775;0.08996563417946724;1.5727457272869163;1.296157295900227;10.018272686338829;0.7498531838338942;0.013380391900218279;0.0133900008365078;0.11043503374324475;1.6167030429440572;0.6922967600393264;-1.0993652281272281;0.10943762157804295;1.6142431037105085;1.24788945235523;1.2991634778896513
30.151102;1.2137490024734658;0.1420676064307489;0.11703198712601763;1.5702334869733223;1.293991939644998;10.018155992406243;0.7498485776089966;0.01338046804188808;0.0133895952700548;0.14328548134177652;1.6141906736565115;0.6922894071962523;-1.0993662249543479;0.1423158991182746;1.6117298434074794;1.2479454195247512;1.2991659903588624
30.151146;1.2137690386194073;0.17361948016437956;0.14303021592321247;1.567058707355212;1.291375085244647;10.018034880750394;0.7498442077808839;0.013380524055569377;0.013389182816230695;0.17483070541001183;1.6110173558024423;0.6922818384411409;-1.0993682218122;0.173888288938479;1.6085565463022653;1.2479029389543908;1.2991695454309298
30.151186;1.213723255399303;0.20091719243549744;0.16553149470106632;1.563705564934438;1.2886812850762934;10.017908671186122;0.7498400994714736;0.01338055927824243;0.01338876434211405;0.20212070508094807;1.6076660955700706;0.6922740505752536;-1.0993692187031079;0.20120776349669753;1.6052032038938504;1.2477899283190457;1.2991724777415203
30.151226;1.213620909467779;0.2271971811184807;0.1872050462711736;1.5599428568111442;1.2857096435861446;10.017776763779672;0.7498362705462112;0.013380573204901937;0.013388340899191742;0.22839249362940273;1.6039048989152491;0.6922660442099824;-1.0993702156256895;0.22750829682196969;1.6014408067709707;1.2476143025693829;1.29917563392155
30.151266;1.213468914312917;0.25248043522984526;0.20806966551860717;1.5558235268819254;1.282495936771663;10.017638792002945;0.7498327304884377;0.01338056550294367;0.013387913707450102;0.25366909404333937;1.599786770773308;0.6922578256030448;-1.0993722125781173;0.25281385865579536;1.5973213457094069;1.2473809743636983;1.2991798397968668
30.151306;1.2132722622814884;0.2767937114078993;0.22814859239184995;1.5513958064790612;1.2790741140327007;10.017494589001371;0.7498294807440721;0.013380535992348157;0.013387483991491322;0.27797453899259095;1.595359713821359;0.6922494080083733;-1.0993732095597717;0.277147413943304;1.5928928123096595;1.2470988613626521;1.2991833769044145
30.151346;1.2130359874378227;0.3001627907582921;0.24746376146323032;1.5467049461318523;1.2754756554123428;10.017344020770024;0.7498265179185027;0.013380484568392012;0.013387052879851882;0.301333874161637;1.590669728537113;0.6922398138452763;-1.0993742065700716;0.30053592604410057;1.5882011994673122;1.2467718918200048;1.29918653553892
30.151386;1.2127642267045309;0.32261193882422845;0.26603559919274916;1.5417919350675262;1.271729517499513;10.01718688695814;0.7498238393422442;0.0133804111459276;0.01338662144870768;0.3237751560248453;1.5857578136087451;0.6922310767989801;-1.0993752036059472;0.3230063586361845;1.5832875016206192;1.2464060062212716;1.299190367624189
30.151426;1.2124631933090417;0.34417105564853845;0.2838883321166616;1.536696710883497;1.2678616708052155;10.017022910057381;0.7498214449970704;0.013380315636415186;0.013386190684916659;0.34532444522327876;1.580662965862328;0.6922222411606072;-1.0993772006609583;0.3445856756562359;1.578190713979233;1.24600615322241;1.2991951845492091
30.151466;1.2121351240093576;0.3648667331072769;0.3010440047788268;1.531450876572933;1.2638954422125972;10.016851753784303;0.7498193362104687;0.013380197931974576;0.013385761276360365;0.36601180257845845;1.5754181809215018;0.6922133593598443;-1.0993781977280648;0.3653018431365139;1.5729438320599156;1.2455782826035122;1.299199305450714
30.151506;1.2117853196233745;0.38473021051844786;0.3175275131570469;1.5260875250766937;1.2598522371231424;10.016673113271425;0.7498175135224975;0.013380057936406392;0.013385333512074998;0.38586528837338674;1.570055453856118;0.6922044890178877;-1.0993791948039944;0.38518283308991896;1.5675788528084056;1.245124342695902;1.2992035929366474
30.151546;1.2114151553799177;0.4037853997614893;0.333358457205117;1.520634686758977;1.2557534342289534;10.016486820770037;0.7498159752456298;0.01337989563907132;0.013384907456953773;0.40491196194381335;1.5646037789036054;0.6921956884116212;-1.0993801918905215;0.404257624485723;1.5621247757495171;1.2446512818334006;1.2992080643692332
30.151586;1.2110300325804477;0.4220651936720579;0.3485625909051331;1.5151188343999111;1.2516150011079046;10.016292841459224;0.749814719968669;0.013379711182761714;0.013384483197369885;0.42318088070171356;1.5590881497999252;0.6921870103725354;-1.0993821889921824;0.42255520088407;1.5566066028415007;1.2441600494220253;1.2992135813695707
30.151626;1.2106313992949278;0.43959505280050665;0.3631604305392188;1.5095633105444932;1.2474544865723343;10.01609120342464;0.7498137505620942;0.013379504904571266;0.013384060956249163;0.4407010972302671;1.5535325609454886;0.6921784993796699;-1.0993831861144217;0.44010155271999046;1.551048337500735;1.2436545962952468;1.2992184649592111
30.151666;1.210221777296869;0.45640221448991647;0.37717354956909827;1.5039879121369726;1.2432854429452156;10.015881968988191;0.7498130731059472;0.013379277326559764;0.013383641120854356;0.45749965370512324;1.5479580080193374;0.6921701930548321;-1.0993841832635833;0.45692668368959216;1.5454709833944618;1.2431378713030765;1.2992235759347779
30.151706;1.209803666294598;0.47251646723754476;0.39062552280272833;1.4984123630014168;1.239121431551413;10.01566524559063;0.7498126913561645;0.013379029103406527;0.01338322428724456;0.47360357848540857;1.542382487780846;0.6921621228763931;-1.0993851804467505;0.4730576092376777;1.5398925438885724;1.2426138142483418;1.2992289335588367
30.151746;1.2093787071522575;0.4879625070412452;0.40353589736341605;1.4928522554448849;1.2349735243129132;10.015441186786711;0.7498126026551932;0.013378760953619234;0.013382811264027687;0.48904089003065604;1.5368229975538472;0.6921543125229139;-1.0993861776707508;0.488519346075221;1.5343300225139862;1.2420823568047816;1.2992345576918025
30.151786;1.208950520847948;0.5027660979084888;0.41592435782000026;1.487324162978108;1.2308516317585378;10.015209972558337;0.7498127970192999;0.013378473641348152;0.013382402915696524;0.5038356032353216;1.5312945345950784;0.6921467745977308;-1.0993881749411631;0.5033399035101921;1.5287984234296057;1.2415474336098744;1.2992413091737076
30.151826;1.2085186946131556;0.5169548888916727;0.4278134350075671;1.4818394748264874;1.2267655422626706;10.01497178704305;0.749813258315139;0.01337816804250894;0.013381999880469094;0.5180157314919411;1.5258090957779002;0.692139508092969;-1.0993891722626694;0.5175432810199903;1.523309751552122;1.2410109874991746;1.299247502144709
30.151866;1.2080850032205284;0.5305515746847105;0.4392207853939823;1.4764095763214238;1.2227228420025325;10.014726803827935;0.7498139667354337;0.01337784516296453;0.013381602388708941;0.5316042867919536;1.5203796779854515;0.6921325029265469;-1.0993901696408934;0.531156470654043;1.5178770127116266;1.2404729673200308;1.2992539798400633
30.151906;1.2076521472185504;0.5435818525600173;0.45016615757485745;1.471046138381973;1.2187304674475987;10.01447517035161;0.7498149024822981;0.013377506122057027;0.013381210348765354;0.5446262785899788;1.5150162782463852;0.692124749806189;-1.0993911670835788;0.5442004633533489;1.5125102134594428;1.2399373309439294;1.299260201476584
30.151946;1.2072199555366137;0.5560676858666137;0.4606672445651327;1.465756292361451;1.2147945488998884;10.014217009188263;0.7498160509270705;0.013377152211714876;0.013380823600298016;0.5571037104390234;1.5097258929362791;0.6921182477961902;-1.099393164600629;0.5567012556359054;1.5072163608259541;1.2394030448619147;1.2992680711040223
30.151986;1.2067902111682558;0.5680309006458738;0.47074091179860095;1.4605476877918988;1.2109197040637745;10.013952474461433;0.7498174031853951;0.013376784874757384;0.013380442117083335;0.5690605781819135;1.504517517407305;0.6921120086119118;-1.0993941622031052;0.5686798541392906;1.5020044627340534;1.2388730768272027;1.299275352223741
30.152026;1.2063627281818337;0.5794958714515239;0.48040690751036536;1.4554273556813737;1.2071120442446783;10.01368183639683;0.7498189477027952;0.013376405573672525;0.013380066063116643;0.5805178702205483;1.4993971470895289;0.6921060564864403;-1.0993951599008374;0.5801572764353039;1.4968805281667186;1.2383483997058253;1.2992828713724813
30.152066;1.2059404440231223;0.590480487651259;0.4896783830413628;1.4504010640637517;1.2033735256335245;10.013405532112614;0.749820663077353;0.013376015743589688;0.0133796957853877;0.5914965682500269;1.4943707787196905;0.6921004212744359;-1.0993961577013869;0.5911565453424442;1.49185056641371;1.237828001346784;1.2992906032319569
30.152106;1.205522197965083;0.6010088066646795;0.4985752530261412;1.4454712488377084;1.1997074690097949;10.013124161064392;0.7498225204160547;0.01337561681325457;0.013379331758993371;0.6020166524121974;1.4894414098971778;0.6920951306738833;-1.0993971556109825;0.6016966815418582;1.486917586273644;1.237314882036106;1.2992985262011894
30.152146;1.2051099975149402;0.6110957940408137;0.5071086187254382;1.4406455379164278;1.19611835562216;10.012838425798153;0.7498244891725364;0.013375210233657344;0.01337897444527842;0.6120971105259697;1.4846140376370225;0.6920902082779183;-1.0993991536339665;0.6117977011512868;1.482086595885086;1.2368090471341036;1.2993074747230469
30.152186;1.2047037287493136;0.6207627317161708;0.5152956985025415;1.435923227437427;1.1926058782511857;10.012549075923795;0.7498265413726493;0.013374797512107928;0.013378624225297679;0.6217579393691667;1.4798916576883847;0.6920856739281719;-1.0994001517707306;0.6214776168216141;1.4773606030523452;1.2363105085821142;1.299315752063337
30.152226;1.2043034457893027;0.6300260907831026;0.5231496749057902;1.4313079862159497;1.1891731920424133;10.012256911477193;0.7498286545516897;0.013374380160092033;0.013378281492732257;0.6310161363980702;1.4752762642587267;0.6920815429340654;-1.0994011500169274;0.6307534385570277;1.4727416152059165;1.235821286059015;1.299324197807718
30.152266;1.2039100616217469;0.6389029605060899;0.5306839013471272;1.426800623305144;1.1858202243042515;10.011962776901417;0.7498308101751742;0.013373959571484014;0.013377946774252263;0.6398886939214896;1.470769849064692;0.6920778275200872;-1.099402148365011;0.6396451730942807;1.468230638718188;1.2353403997584145;1.2993327965455401
30.152306;1.2035244876252316;0.6474139227631682;0.5379146577353056;1.4224047509889615;1.18254923044223;10.011667512026111;0.7498329898944875;0.013373536981533658;0.013377620794553827;0.6483925979940391;1.466372400391275;0.692074537597025;-1.0994031468076977;0.6481668251650625;1.463830678590482;1.2348678658224095;1.2993415188635478
30.152346;1.2031458524773673;0.6555680139185375;0.5448494490052639;1.418119197660223;1.17936023249024;10.011371900245079;0.7498351771057186;0.013373113521417129;0.013377304438675712;0.6565438293244711;1.462085903204917;0.692071675677563;-1.0994051453409122;0.6563344006964256;1.4595407389469126;1.2344056983016511;1.2993511666071704
30.152386;1.2027759591237073;0.6633865569211069;0.5515048149764149;1.4139442609124433;1.1762518340457662;10.011076603322755;0.7498373565247175;0.013372690259528483;0.013376998589839689;0.6643563655596738;1.4579103404542075;0.692069234505997;-1.0994061439635343;0.6641649076308791;1.4553618238059514;1.2339529128504467;1.2993599951472647
30.152426;1.2024128453464378;0.6708813136703057;0.5578910819785846;1.4098805402608354;1.173226580296952;10.010782131769757;0.7498395065609376;0.013372268218664355;0.013376703983473799;0.6718461836893378;1.453845695056394;0.6920672032907044;-1.0994071426752694;0.671671356688186;1.4512939371194855;1.2335105314252368;1.299368795341793
30.152466;1.2020575143875294;0.6780649908648038;0.5640180409708323;1.4059255405835733;1.170281541821447;10.0104889069896;0.7498415969480879;0.013371848382246783;0.013376421225032012;0.679026264785699;1.44989195172396;0.6920645708685245;-1.099408141476046;0.6788667600583091;1.447337081764246;1.2330775859262053;1.299376975524658
30.152506;1.2017109930959942;0.6849523999474034;0.5698972268380542;1.4020830741844257;1.1674190360636654;10.010197311195464;0.7498435944798959;0.013371431631730048;0.013376150884303377;0.6859095982369294;1.4460470983785512;0.6920633223731288;-1.0994091403662225;0.6857661233557889;1.4434892592172262;1.232655114410785;1.2993855404192884
30.152546;1.2013722693526574;0.6915549823645172;0.5755383410391469;1.3983480104770087;1.1646359285729948;10.00990764556759;0.7498454683644566;0.013371018682311058;0.013375893529869277;0.6925091767641474;1.4423121270242765;0.6920624413640479;-1.099411139344723;0.6923824411123615;1.4397514704301524;1.232242148249957;1.2993947439897569
30.152586;1.2010423317437846;0.6978876471514075;0.5809530311762321;1.394721360837983;1.1619322514350727;10.009620101622302;0.7498471933072562;0.013370610175721196;0.013375649713103097;0.6988379873097059;1.4386840334795787;0.6920619189152588;-1.0994121384062623;0.6987257038850165;1.436120715930075;1.2318407049921447;1.2994028402427542
30.152626;1.200719291837872;0.70395886564823;0.5861489783755744;1.391199662083209;1.1593070901520692;10.00933480835248;0.7498487505086157;0.013370206842048545;0.013375419887704604;0.7049060135464645;1.4351618159623534;0.6920617583732404;-1.0994131375401015;0.7048089068232821;1.4325959951411913;1.2314487959660805;1.299410622016583
30.152666;1.200405139653236;0.7097807125714747;0.5911350025543557;1.3877839226495412;1.156759500282662;10.0090518709484;0.7498501262216052;0.013369809481782758;0.013375204290762869;0.7107252480876414;1.4317444731245055;0.6920619702495503;-1.099414136730953;0.7106440468850972;1.429176306417102;1.2310664346928952;1.2994180340205093
30.152706;1.200099822918568;0.7153662933310134;0.5959217935132461;1.3844724104203996;1.1542882489652382;10.008771396765324;0.7498513086825748;0.013369418816431737;0.013375002999141992;0.7163066983285321;1.4284310025749392;0.6920625623904613;-1.0994151359615933;0.7162391140187951;1.4258606474538573;1.230694637106807;1.2994250190617647
30.152746;1.1998014969246102;0.7207229774005016;0.6005161840924208;1.3812608018175123;1.1518916781623998;10.008493556907128;0.7498522854335054;0.013369035438099284;0.013374816162580962;0.7216603844447561;1.4252174010360423;0.6920635332450257;-1.0994161352153342;0.7216070931692299;1.4226450151739398;1.2303334196974447;1.2994315212633503
30.152786;1.1995112009285138;0.7258599149500868;0.6049250788546562;1.378147959976721;1.149568009131468;10.008218584418504;0.749853042848542;0.013368659884361854;0.013374644125672797;0.7267953385479514;1.422104665383045;0.692064870985424;-1.0994181344777343;0.7267559748931243;1.4195304050961368;1.229981802179443;1.2994383410813435
30.152826;1.1992289839996777;0.7307866539121666;0.6091562160140921;1.37513418618416;1.1473176152339226;10.007946656971347;0.7498535668488815;0.013368292708589984;0.013374487400583087;0.7317216037133326;1.4190877926634295;0.6920665551777987;-1.0994191337381076;0.7316957577441111;1.416511811095812;1.2296398154712607;1.2994437593862802
30.152866;1.1989549092096696;0.7355142525651774;0.6132186024321202;1.372215160999096;1.1451370028925594;10.007677802197374;0.7498538454488546;0.013367934455546484;0.013374346629991991;0.7364472278509292;1.4161677797202525;0.6920685594728165;-1.0994201329897277;0.7364354409696734;1.413589226022723;1.2293075051666742;1.29944860723474
30.152906;1.1986880541509357;0.7400492784758458;0.6171180190098051;1.3693889048872425;1.143025574846919;10.007411893582951;0.7498538738970928;0.01336758558712624;0.013374222493723302;0.7409822551554631;1.4133396239789813;0.6920708553957032;-1.0994211322289067;0.7409820178640198;1.4107606425859485;1.2289849239877941;1.2994528679555017
30.152944;1.1984433763694367;0.7441697449395529;0.6206611714852942;1.3668010705407987;1.1410908675894067;10.00714870301729;0.7498536591915578;0.013367246444137209;0.013374115534607363;0.7451007197655178;1.4107503243324964;0.6920734129415747;-1.099422131454791;0.7451134750671212;1.4081700543768427;1.2286881215568561;1.2994565212028097
30.152944;1.198440391778017;0.7441715032979874;0.6206400741373808;1.3668035171123725;1.1410881570947324;10.006887998950775;0.7498532226344797;0.013366917266112503;0.013374026063528978;0.7451026431010997;1.4107508810642204;0.6920761972693058;-1.0994221306692624;0.7451267974069693;1.4081694566154335;1.2286801375348073;1.299458702698239
30.152944;1.1984361598775157;0.7441764511993565;0.6206219674785808;1.3668021981865865;1.141083322354132;10.006629623399625;0.7498526008589268;0.01336659822786484;0.013373954205808678;0.7451100320452625;1.4107482951423347;0.6920791675079292;-1.0994221298758535;0.7451439746602861;1.4081658457836328;1.2286709965297264;1.2994602434642022
30.152944;1.1984325758302967;0.7441843843169536;0.6206056729128042;1.3668012714380204;1.1410780893368406;10.006373468149961;0.7498518422911972;0.01336628945655714;0.013373899915089377;0.7451178767472372;1.4107455669776787;0.6920822804380325;-1.0994221290786705;0.7451620041575017;1.408162218770574;1.2286627062534252;1.2994611334104613
30.152944;1.1984278566139317;0.744195661223406;0.6205923820899991;1.3667973497923993;1.1410713835598008;10.006119393285424;0.7498509976670253;0.013365991116261623;0.013373862872820146;0.7451311517061797;1.4107396954739442;0.6920854969313528;-1.099422128281102;0.7451848868749205;1.4081545726361648;1.2286532639376684;1.2994613724794941
30.152944;1.198422876711721;0.7442182091664631;0.6205882337113079;1.3667868724671326;1.1410594457536782;10.005867201340616;0.7498501104230211;0.01336570358754188;0.013373842415704804;0.7451538169689658;1.410726678073651;0.6920887885485998;-1.09942212748309;0.7452176210055095;1.4081419052890891;1.2286436666324232;1.2994609699307356
30.152945;1.1984159006905655;0.7442574816076357;0.6205986702717159;1.3667639548521613;1.1410390564111874;10.005616670198744;0.7498492140657628;0.013365427513946251;0.013373837567097053;0.7451978153341766;1.4107015112150645;0.6920921421759344;-1.0994221266782294;0.7452691978684424;1.4081162162565959;1.228631916369417;1.2994599358179904
30.152945;1.1984069227583256;0.7443394419099228;0.6206453753364388;1.3667170938332691;1.1410006461228401;10.005367564860359;0.7498483371254799;0.013365163573920464;0.013373847158833203;0.7452800739146928;1.410652190709979;0.6920955611749434;-1.0994221258528132;0.7453606012831611;1.4080655062669225;1.2286180221213723;1.2994582767515819
30.152947;1.1983924590483654;0.7444975888329121;0.6207581347101858;1.3666191963204133;1.1409249290545873;10.005119670902731;0.7498475094396647;0.013364912243897284;0.013373870010867712;0.7454415130603484;1.4105517118144337;0.6920990632634689;-1.0994221249873053;0.7455298054740438;1.407965776134312;1.2285980018886742;1.2994560005307072
30.15295;1.198369082281667;0.7448136951480876;0.6210070180903395;1.36642310101249;1.1407757924379966;10.004872942488296;0.7498467644151875;0.013364673817113162;0.013373905031939;0.7457600519022572;1.4103530694235134;0.6921026763444151;-1.099422124059647;0.7458547710386955;1.4077670264590527;1.2285658843213951;1.299453118727187
30.152956;1.1983261581822628;0.7454393205815597;0.6215241250596867;1.3660306422117705;1.140481380150007;10.004627648400746;0.749846137218991;0.013364448519638788;0.013373951165921537;0.7463886078088314;1.4099572588278848;0.6921064316903263;-1.0994221230494956;0.7464904483509623;1.407371258064865;1.2285127095651875;1.2994496414676302
30.152967;1.1982463817411593;0.7466792118407061;0.622573011476082;1.3652468554288673;1.1398953114717958;10.004384311156961;0.7498456589589145;0.013364236526821434;0.013374007307719022;0.7476290971811393;1.409172276276628;0.6921103556933336;-1.0994231219415131;0.747738785940974;1.4065864723503507;1.228416528409991;1.2994464175393943
30.152991;1.1980951554013617;0.7491101820926832;0.6246537109178222;1.363703741356314;1.1387430207116036;10.004143520790533;0.7498453502139916;0.01336403793318002;0.013374072315316862;0.7500624408551726;1.4076261187060566;0.6921144668514809;-1.0994231207264418;0.7501787299344509;1.4050406715193098;1.2282344011011495;1.2994417512320497
30.153038;1.1978062197061343;0.7537988523104692;0.6286928793204548;1.3607038072698956;1.1365043342938494;10.003905855650313;0.7498452210127039;0.013363852704398152;0.013374145045094986;0.7547525696517321;1.4046237827233554;0.6921187805559142;-1.0994251194015408;0.7548742171552154;1.40203885842173;1.2278893963482336;1.29943817770949
30.153085;1.1975272354710738;0.7582666198762088;0.632543705851767;1.357819625947552;1.1343519375795057;10.003671929282723;0.749845275166709;0.013363680596191052;0.013374224282318117;0.7592204249332116;1.4017372639281078;0.6921223148273887;-1.0994261179696323;0.7593491749241896;1.399153035886038;1.2275565854808275;1.2994326292254352
30.153133;1.1972581514586107;0.7625230296890251;0.6362140078165117;1.3550496877333305;1.1322847432968257;10.003442439402498;0.7498455131075864;0.013363521104369983;0.013374308617728788;0.763476958699717;1.3989635577787989;0.6921270914525104;-1.0994281164342687;0.76361152753914;1.3963802063065505;1.2272370329590052;1.2994278747462242
30.15318;1.1969991277263663;0.7665794612217426;0.6397130544726596;1.352390244593559;1.1302995916337604;10.003218144475282;0.7498459342223145;0.013363373479614164;0.013374396412125523;0.7675331376235449;1.3962996614167673;0.692132133191467;-1.0994291147954032;0.7676722007824572;1.3937173717552405;1.2269287937222055;1.299421709008691
30.153227;1.1967480600467764;0.7704440815129203;0.6430486691488132;1.3498346046846363;1.1283929853087589;10.002999793527346;0.7498465392552113;0.013363236765474379;0.01337448592668914;0.7713979445243496;1.3937415751104199;0.6921374599109742;-1.099430113049966;0.7715421230387527;1.3911605344568936;1.2266329189554153;1.299415009249399
30.153274;1.196507033259747;0.7741294423255883;0.6462301102313871;1.3473829528484127;1.1265631974568868;10.00278804273775;0.749847331545157;0.01336310982566912;0.0133745755422989;0.7750793731574874;1.3912853023748666;0.6921430861253292;-1.0994321111934005;0.7752292279075607;1.388705697575642;1.2263484650868386;1.299408659707737
30.153321;1.1962741489593278;0.7776405427281772;0.6492624779613422;1.3450297097369337;1.1248074298781672;10.002583368707308;0.7498483162992386;0.01336299138231683;0.013374663911243118;0.778588422713461;1.38892884886144;0.692149020267208;-1.0994331092199536;0.7787424575496867;1.3863508659838826;1.2260754994487297;1.299401007954806
30.153369;1.1960494540789153;0.7809872061705695;0.652153883267046;1.3427721675248936;1.1231234462509945;10.002386059144092;0.7498494964007381;0.013362880101367129;0.01337475002580658;0.7819330979139221;1.3866672216413098;0.6921552650071089;-1.0994341071238622;0.7820897635755888;1.384091046390694;1.2258140929499095;1.2993929424556425
30.153416;1.1958320179432516;0.7841773262705187;0.654911383663926;1.3406065208344975;1.1215090120393996;10.002196310747989;0.749850867911861;0.013362774709948766;0.013374833211946281;0.7851204108178086;1.3844984293953262;0.6921618160505698;-1.099436104900505;0.7852811074610906;1.3819232463629572;1.2255633067968736;1.2993853603320056
30.153463;1.1956238463649762;0.787220944253937;0.6575422475712001;1.3385302288499847;1.1199601900702234;10.002014315463764;0.7498524200760223;0.013362674091958796;0.013374913022134349;0.7881583805223132;1.3824174821447037;0.6921686577220443;-1.0994371025462424;0.7883214608842252;1.3798454726959157;1.2253221901931381;1.2993766287733541
30.15351;1.1954221010425272;0.7901209173131157;0.6600504098488764;1.3365392025887342;1.1184762832861612;10.001840240246864;0.7498541364324979;0.013362577352988748;0.013374989115499454;0.7910550324347171;1.3804223904205664;0.6921757619503333;-1.099438100058995;0.7912188029340482;1.3778527301449266;1.225091786905563;1.2993676519058628
30.153557;1.1952288551059411;0.7928861241767946;0.662442141302406;1.3346329188671469;1.1170549592368735;10.00167415579952;0.7498559933704235;0.013362483831890204;0.013375061193129546;0.7938163957148969;1.3785091651735668;0.6921830944829688;-1.0994400974404426;0.7939811148739625;1.3759420211175675;1.2248711403728914;1.2993593232377678
30.153605;1.195042105636769;0.7955225432328871;0.6647235333334975;1.3328034068652597;1.1156914516788925;10.001516011334836;0.7498579606432756;0.013362392959433762;0.013375128966500158;0.7964484992461237;1.3766758182241823;0.6921906196173344;-1.0994410946971118;0.7966133774219032;1.3741113462285237;1.2246602943292215;1.2993499832995223
30.153652;1.1948619033884018;0.7980386091891032;0.666901600491823;1.3310505487938775;1.1143856304281858;10.00136568080177;0.7498600069808069;0.013362304047417613;0.013375192141773478;0.7989583703376294;1.3749193617125492;0.6921982990715518;-1.0994420918400107;0.799122574557561;1.3723567050930374;1.2244582863377573;1.299340495429296
30.153699;1.1946883780199027;0.8004359149307901;0.6689775976852668;1.3293722028504737;1.113135602293997;10.001223034455155;0.7498621059385835;0.013362216276805502;0.013375250437958534;0.8013510364691996;1.3732348067579805;0.6922050901915439;-1.0994440888846368;0.8015146987615215;1.3706760970554432;1.2242661351086286;1.299331178073419
30.153746;1.1945215367412472;0.8027217644236431;0.6709576481740592;1.327765022418024;1.1119385954056304;10.00108792581499;0.7498642345054332;0.013362128898747274;0.013375303623566977;0.8036335287646377;1.3716221627643768;0.6922129443436;-1.0994450858486875;0.8037947489164106;1.3690665218405174;1.2240828319063284;1.2993214070774435
30.153793;1.1943603976495962;0.8049026278249964;0.6728477413578353;1.3262258141317704;1.1107928911141318;10.000960087503012;0.7498663660464608;0.013362041361303029;0.0133753515034672;0.8058098844329001;1.3700764372054695;0.6922208072304936;-1.09944608274747;0.8059677258506657;1.3675239798531238;1.223907344570425;1.2993114984957717
30.153841;1.1942050402735225;0.8069824592718693;0.6746511550625466;1.324750670342807;1.1096951707100502;10.00083908130625;0.7498684673040068;0.013361953233761962;0.013375393887153414;0.8078861447537844;1.3685966358168953;0.6922286264320421;-1.0994470795928886;0.8080386333353762;1.3660474722474096;1.2237396312722078;1.2993014565959777
30.153888;1.1940555321624102;0.8089662435513277;0.6763720198393237;1.3233381779901838;1.1086442024076888;10.000724355023674;0.7498705023013137;0.013361864140410903;0.013375430634645477;0.8098653500998287;1.3671787639912518;0.6922363586282495;-1.099449076396106;0.8100134811454871;1.3646330010041354;1.2235806531218596;1.2992921359721004
30.153935;1.1939109373151597;0.8108558447997768;0.6780124036220291;1.3219857190139457;1.1076386689467144;10.000615359465328;0.7498724379227221;0.013361773845968407;0.013375461769281456;0.8117545361946172;1.3658218280554415;0.6922439663460331;-1.0994500731682937;0.8118952861848215;1.3632795686551542;1.2234283737797342;1.2992818682596883
30.153982;1.1937722455736406;0.812660478811396;0.6795794275636123;1.3206923968078998;1.106676909022529;10.000511695346715;0.7498742453509686;0.013361682368317515;0.0133754875286871;0.8135557357315181;1.3645218347099888;0.6922514111486057;-1.0994510699180842;0.8136900691605912;1.3619831774043787;1.2232837480705097;1.2992715428929464
30.15403;1.1936384605149664;0.8143807238439734;0.6810740961654571;1.3194546929490583;1.1057569151329074;10.000413199611367;0.7498758985848009;0.013361589985334904;0.013375508285753;0.815274985530422;1.3632777899708013;0.6922586486973388;-1.0994530666498636;0.8153998489581699;1.360742828434311;1.2231457164533786;1.2992620624540945
30.154077;1.1935097351661041;0.8160219559173644;0.6825007737354625;1.318269739418567;1.1048761597150678;10.000319898764452;0.7498773755168499;0.013361497109227195;0.013375524476689424;0.8169143316346414;1.3620866995420802;0.6922656218577904;-1.0994540633654122;0.8170306436041723;1.359555522602359;1.223014213224227;1.299251799502118
30.154124;1.1933850816933147;0.8175858041722064;0.6838613396590771;1.317136519960838;1.104034725330896;10.000231904517399;0.7498786567939772;0.013361404105298536;0.01337553663564382;0.8184798269591737;1.3609465699357661;0.6922722604008923;-1.0994550600655053;0.8185844759629821;1.358419262106086;1.2228891804522186;1.2992416742834365
30.154171;1.1932654329533805;0.8190792188675454;0.685161038872803;1.3160507809566016;1.1032282026569824;10.000149336094516;0.7498797199144285;0.013361311170477496;0.013375545408100722;0.8199725242498017;1.3598554085125159;0.6922784940334572;-1.0994570567497217;0.8200663749996591;1.3573320512785878;1.2227695772117346;1.2992326139283508
30.154218;1.1931499446903997;0.8205029391089949;0.6864009275123124;1.3150131434223367;1.1024579108489145;10.00007226241673;0.7498805380579684;0.013361218287751199;0.013375551450678504;0.8213974667646159;1.3588112221437945;0.6922842665727389;-1.0994580534186658;0.8214783743376587;1.3562918955698173;1.2226563777741128;1.2992230008692618
30.154266;1.1930376974802657;0.8218601223135747;0.687584128195974;1.3140211908024677;1.1017226857623592;10.000000674653084;0.7498810853559259;0.013361125210745632;0.013375555303053708;0.822757680948449;1.3578120161233544;0.6922895424254168;-1.0994590500783912;0.8228245129187836;1.3552967999611691;1.222548559306869;1.2992137355020088
30.154313;1.1929305440892792;0.823155983110421;0.6887138878921625;1.313070708177293;1.1010172923644264;9.999934558994179;0.749881341475209;0.013361031475822883;0.013375557335992716;0.824056178741755;1.3568567947852648;0.6922933070696302;-1.0994600467409223;0.8241068361508413;1.3543447685054335;1.2224460915117346;1.2992043180653061
30.15436;1.1928267208477825;0.8243917362132259;0.6897921996854125;1.3121634441948387;1.1003448358151566;9.999874024141938;0.7498812905054172;0.013360936466959622;0.013375557791208527;0.8252949666366892;1.355941563125065;0.6922975664428057;-1.099462043420175;0.8253303944108853;1.3534348045122104;1.2223479405789401;1.2991966810518474
30.154407;1.1927261536872513;0.8255700108077438;0.6908212810636833;1.3112938744371092;1.099700749983297;9.999819318167399;0.7498809155235683;0.013360839552658458;0.013375556837380627;0.8264780495818956;1.3550663278421202;0.6923013488234286;-1.0994630401281655;0.8264962398186068;1.3525639104429559;1.2222550781211612;1.2991886099542687
30.154454;1.1926298283739445;0.8266950971270435;0.6918041316376583;1.3104644155361604;1.0990861385284247;9.99977070583188;0.7498801967753435;0.013360740280061501;0.01337555460497888;0.8276074287465;1.354229097363451;0.6923047027244611;-1.099464036874653;0.8276074274103365;1.3517310878514235;1.2221664795595062;1.2991809520340356
30.154502;1.1925358080196824;0.8277683712928356;0.6927430020063019;1.30966918693723;1.098497833285995;9.999728345523094;0.7498791167175674;0.013360638533379293;0.013375551225469342;0.8286861027362886;1.3534288814916453;0.6923076858422998;-1.0994650336696683;0.828666023434145;1.35093433744639;1.2220831170749533;1.299173705828239
30.154549;1.1924461434496672;0.8287928619653426;0.6936392011910414;1.3089099735933738;1.0979354154824439;9.999692261652418;0.7498776655028985;0.01336053452131711;0.013375546807244024;0.8297150718426417;1.352662690976633;0.6923103550152969;-1.099467030524907;0.8296761104387784;1.3501726589438976;1.22200296131805;1.2991677209554826
30.154643;1.1922906720622286;0.8307079601359457;0.6953218032558025;1.307484046888799;1.0968738672559482;9.99966235398534;0.7498758400003935;0.01336042860005578;0.013375541340883932;0.8316373361948374;1.3512315365604641;0.6923127651826321;-1.0994690274503662;0.8315767799487972;1.348746051158365;1.2218469933198335;1.299162156496436
30.154728;1.192159455435423;0.8322863078654035;0.6967086173838711;1.3063076504686582;1.0959988141328936;9.99963840767542;0.7498736391592569;0.013360321163074994;0.013375534686919073;0.8332208874979501;1.3500484277881764;0.6923149706060998;-1.0994710244494612;0.8331391209070856;1.3475675128188882;1.2217192114378528;1.2991570115558575
30.154813;1.19203666362298;0.8337361655380253;0.697983469134875;1.3052227907125218;1.0951922710683406;9.999620137931776;0.749871062928014;0.013360212747711741;0.01337552666353869;0.8346787061489487;1.3489563723948041;0.6923170213246513;-1.0994740215197678;0.8345752132368928;1.3464800436173605;1.2216026249680643;1.2991531246526218
30.154898;1.191922302811122;0.8350713857193011;0.6991578541693929;1.304222804497826;1.0944486076275122;9.999607201102245;0.7498681118730836;0.013360104218720505;0.01337551710344252;0.8360197711906847;1.3479493763991142;0.6923189592559338;-1.099476018658283;0.8358941284677329;1.3454786447680165;1.2214952470193974;1.2991487945229674
30.154983;1.191814314113212;0.8362991588274025;0.7002389035694445;1.30330012806223;1.0937633353224132;9.999599145445314;0.7498647824088069;0.013359996816862755;0.013375505831493354;0.837253072856046;1.3470214442977668;0.6923198215733397;-1.0994780158631776;0.8371059368341279;1.344554318612213;1.2213980913631626;1.299144326989107
30.155068;1.1917128817787501;0.8374276801657267;0.7012332886352103;1.3024494558378994;1.0931318158815941;9.999595407181294;0.7498610654490685;0.013359892037389033;0.013375492615190497;0.8383886156220298;1.3461655787327942;0.6923216470622098;-1.09948001313129;0.8382177132553823;1.3437030675305606;1.2213091642558789;1.29914078184624
30.155153;1.1916170608809915;0.8384638020520745;0.7021472165142972;1.3016662906849796;1.0925511422137286;9.99959541732024;0.7498569545868738;0.013359791517138415;0.01337547718053619;0.8394334133734395;1.3453767800295473;0.6923234750732492;-1.0994830104563058;0.8392395360860566;1.3429188928323517;1.2212274571580986;1.2991384629124407
30.155181;1.1915740360224003;0.8387909832147803;0.7024351320737061;1.3014207679786869;1.0923727079836105;9.999598743896541;0.7498524533409259;0.013359697009936472;0.013375459329635703;0.8397664839191517;1.3451240461632876;0.6923253428503162;-1.0994830078286562;0.8395504811126033;1.3426717937992612;1.2212079535594096;1.2991339760748377
30.155181;1.1915540050639608;0.8387877944466741;0.7024322519371314;1.30142292285538;1.0923804882834318;9.999605125705575;0.7498475723367279;0.013359610259616803;0.01337543904197877;0.8397708441221314;1.3451203736840398;0.6923272892373716;-1.0994830052367357;0.8395316157137083;1.342672767146372;1.2212176417204834;1.2991298563197493
30.155182;1.1915335592657117;0.8387849546777824;0.7024299403149163;1.3014247222589983;1.0923877596137075;9.99961443092673;0.7498423207793529;0.013359532773017244;0.01337541644095918;0.839776503093692;1.3451157594006982;0.6923293537996171;-1.0994830026691695;0.8395139952481937;1.342672807071142;1.2212275151771823;1.2991261115335317
30.155182;1.191511575214217;0.8387824784558742;0.7024288241510191;1.3014246557028866;1.0923943206339306;9.999626637501025;0.7498366997426604;0.013359465768130846;0.013375391716940955;0.8397834543248687;1.34511120070223;0.692331568619663;-1.0994830001167346;0.8394966619841701;1.3426729056805604;1.221237558989491;1.299122754180768
30.155182;1.1914901779444738;0.8387833694667712;0.7024301464608924;1.301424572862259;1.0923998396527215;9.999641753947891;0.7498307003798902;0.013359410276538171;0.013375365115821028;0.8397906702800294;1.3451056946747848;0.6923339571527296;-1.0994829975739153;0.8394806484403627;1.3426720537964711;1.2212477347065676;1.2991197972575372
30.155182;1.1914685254150357;0.8387846168833639;0.7024318741433208;1.3014241327579485;1.0924048885423105;9.999659679436462;0.7498243054534647;0.013359367151543598;0.013375336929080058;0.8398011040655576;1.3450992385037246;0.692336542930138;-1.0994829950400613;0.8394679818105147;1.3426692417945956;1.2212579756467188;1.2991172592488611
30.155183;1.1914456324692027;0.838791486936784;0.7024390167789617;1.3014183150391452;1.0924062491050759;9.999680151552589;0.7498174936240931;0.013359337004045551;0.013375307398138454;0.8398156981326276;1.3450888306153996;0.6923393577904646;-1.0994829925184342;0.8394606851129309;1.3426634595813807;1.2212671917225537;1.299115165348339
30.155185;1.1914217284496196;0.8388081040845383;0.7024549096121491;1.3014055814939407;1.0924024979501592;9.999702801631138;0.749810245552387;0.013359320221562684;0.013375276523437115;0.8398403924096455;1.3450704710391759;0.692342440968736;-1.0994829900131555;0.8394627785712022;1.3426506958354663;1.2212752818900294;1.299113543964906
30.155188;1.19139687081014;0.8388433993076636;0.7024870186158605;1.3013782541843135;1.0923871925272783;9.999727243346607;0.7498025472790806;0.01335931705808904;0.013375243929622324;0.8398841283025495;1.3450381610871973;0.6923458281729171;-1.0994829875282035;0.8394842808248539;1.3426229379192023;1.2212821535765142;1.2991124319004277
30.155195;1.1913694198187834;0.8389177694877367;0.7025534320181831;1.3013238728018968;1.0923514207684395;9.999753157783053;0.7497943926133918;0.013359327727270078;0.013375208979425521;0.8399668513005374;1.3449779023359458;0.6923505393038802;-1.099482985069927;0.8395442068468152;1.342566172816428;1.2212847376407032;1.2991124136537675
30.155208;1.1913357445542918;0.8390681274557057;0.7026872831793545;1.3012101793713815;1.0922714769218482;9.999780310548006;0.7497857866256947;0.013359352444277503;0.013375171000984796;0.8401255118217024;1.3448586956782573;0.6923585746374321;-1.0994809826481813;0.8396815667669145;1.3424523878315735;1.221280990373806;1.2991129204212442
30.155235;1.1912907631527923;0.8393739068530925;0.7029582728468355;1.3009776452313235;1.0921020932597887;9.999808477520393;0.7497767439363086;0.013359391385941501;0.01337512940603142;0.8404390644320505;1.3446225416233095;0.6923789211058126;-1.0994709802758367;0.8399743686064841;1.3422205705771826;1.2212628856566403;1.2991137241003332
30.155288;1.191222345571704;0.8399937720085184;0.7035068065192679;1.300506174499031;1.09175361046675;9.999837395619787;0.749767282586074;0.013359444648513878;0.013375083787477825;0.8410664681531573;1.3441464409598596;0.6924445624752211;-1.099432977970259;0.8405826213664902;1.3417487093095974;1.2212164036892001;1.2991155401949834
30.155342;1.191153201612902;0.840624549364566;0.7040649773712937;1.3000247914483896;1.0913975047282103;9.999866783321;0.7497574205342058;0.013359512251954019;0.013375034035179426;0.841704685349276;1.3436603945334238;0.6925484835888642;-1.0993689757539518;0.8412013339008981;1.3412667938958793;1.2211685225698317;1.2991163703956219
30.155449;1.1910346028251315;0.8419186825889668;0.7052094531390037;1.2990248184722117;1.0906513744792807;9.999896362882364;0.7497471748439478;0.013359594183078978;0.013374980328407561;0.8430056781279595;1.3426544028093388;0.6928626666420031;-1.099163973652387;0.8424835089683866;1.3402638162127578;1.2210612117857549;1.2991107409370992
30.155545;1.190920235035283;0.8431182477032392;0.7062721781905767;1.2980765594016888;1.0899448212525762;9.999925890216488;0.7497365626384969;0.01335969046753096;0.013374923030589696;0.8442134082147873;1.3417014660786368;0.6932660877084156;-1.0988909716918172;0.843672136030895;1.3393157699604916;1.2209584245375453;1.2990960221453982
30.155641;1.1908027109104729;0.8443551815674346;0.7073683000560895;1.2970828859848103;1.0892031088478984;9.99995518695506;0.7497256032125732;0.013359801141738228;0.013374862591099188;0.8454558408348022;1.3406995849254806;0.6937767178589915;-1.0985379698965922;0.8448971889469639;1.3383176507106496;1.220849094881619;1.2990718279261482
30.155737;1.190679022296788;0.8456263382592718;0.7084969839374841;1.2960326714709938;1.088419685399965;9.999984129162833;0.7497143181299148;0.013359926130244639;0.013374799450777334;0.8467339464524125;1.3396437604894964;0.6943875281760689;-1.0981049682862092;0.8461586307934426;1.3372654554756016;1.220734143072254;1.2990346143668576
30.155833;1.1905502261587313;0.8469362669022836;0.7096614416206222;1.2949249182297462;1.0875927826485394;10.000012587636382;0.7497027291314106;0.013360065237627696;0.013374733973301281;0.8480486993024963;1.338528994751943;0.6950934945969724;-1.0975919668764065;0.8474584213714205;1.3361541816685716;1.2206104824235315;1.2989819256596167
30.155929;1.1904164665192827;0.8482841424814153;0.7108609145794118;1.2937581201881019;1.086721043154518;10.000040340108113;0.7496908587752062;0.01336021824801123;0.013374666492026005;0.8494020763561243;1.3373512907682439;0.6958885986604345;-1.0970019656824075;0.8487965268226401;1.334980826810915;1.2204790260927625;1.298913319201555
30.156026;1.1902768281486682;0.8496707560609786;0.7120966457134567;1.2925266775240947;1.085800642468069;10.000067062119394;0.7496787360252887;0.013360384980434067;0.0133745973844985;0.8507930573679077;1.3361096520934985;0.6967688282621456;-1.0963349647182348;0.8501729293578336;1.3337423893313087;1.2203396970298206;1.298826900320149
30.156094;1.1901684478404098;0.8506496022350037;0.712971270052788;1.2916117700886627;1.085118002633358;10.000092448062603;0.7496663988482823;0.0133605652539396;0.013374526993652307;0.8517756231179018;1.335185081647207;0.6974181777600211;-1.0958169639939024;0.8511416273149752;1.3328218693625333;1.2202354354347391;1.2987437641904962
30.156162;1.1900576919983896;0.8516139952343986;0.7138353179041599;1.2906616082741988;1.0844083626816543;10.00011632662103;0.7496538888168965;0.013360758774518628;0.013374455487475049;0.8527437517702566;1.334222581048816;0.698074642460935;-1.0952609635161825;0.8520966277047518;1.331862268482488;1.2201261981437947;1.2986336384529509
30.15623;1.1899436132033068;0.8525584737350013;0.7146848065814011;1.2896736124728843;1.0836704317874581;10.000138711974019;0.7496412459373863;0.01336096505089181;0.013374382881143386;0.8536914183330513;1.3332211503275588;0.6987332147235418;-1.0946689632927131;0.853031943671719;1.3308635886814673;1.2200109550757154;1.298495530756927
30.156298;1.1898262458249766;0.8534854764262965;0.7155218098999262;1.2886467860514552;1.0829033407381075;10.000159846411556;0.7496285095952174;0.013361183499460812;0.013374309232156864;0.8546195989376983;1.3321787878963187;0.6993908869786019;-1.0940389633337566;0.8539495962824074;1.3298258316741802;1.219890685679516;1.2983261265323962
30.156434;1.1895970744859343;0.8552876636799996;0.7171621050913802;1.28647988014818;1.0812802089596698;10.000180161708267;0.7496157201667444;0.013361413669912368;0.013374234814337527;0.8564222730846452;1.3299784915248876;0.7007016544799426;-1.0926729636492412;0.8557416130902052;1.3276279988788047;1.2196353723434583;1.2978907856640771
30.156571;1.1893534184790102;0.8570231302952563;0.7187558853950599;1.2841597444217294;1.079541433490224;10.000200110178397;0.74960291851542;0.013361655336581105;0.013374160165553315;0.8581584209889414;1.3276162597910024;0.7020125159703204;-1.0911649642457697;0.8574690273495024;1.325271091573994;1.2193599956815857;1.297339173514568
30.156707;1.1890942941007057;0.8586981305961792;0.7203091307870849;1.2816860199298048;1.0776874777737164;10.000220047128476;0.7495901482626847;0.013361908460432536;0.013374086027503578;0.8598340245348876;1.325095092640941;0.7033224752952567;-1.0895179651270965;0.8591368805006641;1.3227551112773994;1.2190645362831085;1.2966735461429193
30.156843;1.1888207838753895;0.8603195060949714;0.7218270700925418;1.279061209850686;1.075719325963989;10.000240247892389;0.7495774619118916;0.01336217317052923;0.013374013164669296;0.861455070385326;1.3224139907924504;0.7046335419224193;-1.0877349662961;0.8607502166796978;1.3200780603664197;1.218749975751536;1.2958977964559697
30.156979;1.1885328818217453;0.8618921374662303;0.7233139337725881;1.2762834519286432;1.0736352621244487;10.000260913140394;0.7495649256504715;0.013362449719998873;0.013373942215167967;0.8630255444417677;1.3195739546299716;0.7059447295692348;-1.0858189677548846;0.8623150683832393;1.3172439420030058;1.2184152958885854;1.2950142053696023
30.157116;1.1882307368976162;0.8634186094651619;0.7247719118537134;1.2733560732285263;1.0714377833273574;10.000282139469565;0.7495526143934103;0.013362738417125247;0.013373873769399722;0.8645504255796059;1.316575983770793;0.7072550535046843;-1.0837739695023456;0.863835447332653;1.3142517592914975;1.2180614822823421;1.2940258978348682
30.157185;1.1880667612726634;0.8641772355460964;0.7255004670380153;1.2718118851416196;1.0702794633495751;10.00030391657414;0.749540597310967;0.013363039546141646;0.013373808520671961;0.8653076909686991;1.314993077870991;0.7079255269312416;-1.082686971531841;0.8645883448707744;1.3126725147739347;1.217869525426232;1.2934925185994053
30.157185;1.1880578774977035;0.8641746883732165;0.7254943830420787;1.2718124344872292;1.0702818272726553;10.000326134163199;0.7495289280870349;0.013363353249661125;0.013373747235336299;0.8653043258102804;1.3149912374474522;0.7079331574102428;-1.082686973830886;0.8645817375022657;1.3126722108500293;1.2178604116798664;1.2935065582357639
30.157185;1.1880500133094942;0.8641733232364938;0.7254894060065182;1.2718115287697918;1.0702826940565655;10.00034860582717;0.7495176426526959;0.013363679531424229;0.0133736905637715;0.8653013264263971;1.3149864632820876;0.7079419425973985;-1.0826849763828412;0.864577594459948;1.3126688506358766;1.2178501175209417;1.2935196574245886
30.157185;1.1880430317477273;0.8641714864800559;0.725484278440432;1.271808445832537;1.0702815996467812;10.000371100442411;0.749506755753259;0.013364018372622537;0.01337363887558769;0.8652986968703341;1.3149817551384309;0.707950868419866;-1.082682979169591;0.8645728825345099;1.3126654379267348;1.2178386203759721;1.2935328990489035
30.157185;1.1880360236284293;0.8641709922807241;0.7254811224504997;1.2718020825140688;1.0702784420687415;10.000393369608966;0.7494962616543845;0.013364369747316845;0.013373592244474302;0.8652954454702061;1.3149741116676628;0.7079609159016436;-1.0826789821732485;0.8645705656090071;1.3126589760667537;1.2178249164466146;1.2935451204528157
30.157186;1.1880300598135796;0.8641718234632719;0.725479303206228;1.2717918857070316;1.0702717869230123;10.000415191619595;0.7494861451766102;0.013364733585056474;0.013373550554763091;0.8652955847811347;1.3149605313265147;0.7079740727018823;-1.0826699853769177;0.8645716063487219;1.312647467134031;1.2178090292544597;1.2935548800032681
30.157187;1.1880231253155449;0.8641777573836495;0.7254832658529354;1.271767921536352;1.0702550722248363;10.000436390666334;0.7494763937072393;0.013365109771066112;0.013373513606431768;0.8653001327553389;1.314936012875713;0.7079923359497073;-1.0826539887654696;0.8645779743828016;1.3126229121431645;1.2177920047459787;1.2935615858679073
30.157189;1.1880151787889714;0.864195469696483;0.7254986818688133;1.2717211846482792;1.0702207258193615;10.000456812689858;0.7494670015182374;0.013365498112801607;0.013373481204251822;0.865316112583542;1.3148865553952624;0.7080207034978127;-1.0826209923249497;0.8645956509903291;1.3125743116748034;1.21776990016022;1.2935596073446116
30.157193;1.1880044070305442;0.8642364133183101;0.7255363212291941;1.2716295299460612;1.0701517028626584;10.000476320935103;0.7494579680087979;0.013365898305346437;0.01337345328476377;0.8653525523185925;1.314790158234407;0.7080681671206357;-1.0825559960409827;0.8646366260209072;1.3124786659304901;1.2177417719755632;1.2935413315114077
30.157201;1.1879840066688656;0.8643193565357621;0.7256161645987023;1.2714428382457243;1.0700119071623622;10.000494852726865;0.7494492948218963;0.013366309945768946;0.013373429955978603;0.8654334862439549;1.3145978209542417;0.7081557161910611;-1.0824239998994971;0.8647218972132639;1.3122879745353733;1.2177016641877458;1.2934889937529586
30.157218;1.1879455059214905;0.8644907180662122;0.7257824907615947;1.2710683987170692;1.0697309007457265;10.000512479532668;0.7494409869840389;0.013366732525456138;0.013373411340662104;0.8656029550877244;1.3142135432288147;0.7083213438915288;-1.0821590038899636;0.8648964729811948;1.3119042373126495;1.2176386047902386;1.2933682350926017
30.157251;1.1878699613654802;0.8648383879316436;0.7261209078887702;1.2703129051292592;1.0691629925769508;10.000529350711522;0.7494330580511653;0.013367165395675876;0.0133733974061137;0.8659490006699558;1.313439324428953;0.7086440480487867;-1.0816240080074515;0.8652483672148975;1.311131454944891;1.2175286131717662;1.2931078801824427
30.157316;1.1877177155291798;0.8655354920697345;0.7268015293800878;1.2687777480131546;1.0680082075597153;10.000545561267986;0.7494255318166599;0.013367607789507487;0.013373387997123946;0.8666416599433706;1.311864163354255;0.7092808308554646;-1.080533012250484;0.8659485884832049;1.3095596283947653;1.2173247074027578;1.2925553894781956
30.157448;1.1874013002363477;0.8669100325211203;0.7281545156902453;1.2656038091901654;1.0656212874077828;10.000561129572525;0.7494184379412796;0.013368058902316545;0.013373382995097586;0.8680119665973165;1.3086100593147239;0.7105467008494133;-1.078267016615644;0.8673271349578545;1.3063097588700376;1.2169259063132798;1.2913686827053947
30.157579;1.1870724332717937;0.8682533015131649;0.7294906386654667;1.2622977683417873;1.0631334401955501;10.00057606823876;0.7494118070305806;0.013368517977484267;0.013373382368070709;0.8693519582132287;1.305216013682647;0.7118116719810148;-1.0758890210926688;0.8686759949888995;1.3029208488322084;1.2165092329673626;1.2900922968614261
30.157841;1.1863723872949485;0.8708674302211593;0.7321286413088911;1.2552901725490786;1.0578572134931343;10.000590381015632;0.7494056691408377;0.01336898439439554;0.013373386103318034;0.8719586797192805;1.2980200296026145;0.7143337597704831;-1.070811025662901;0.8712941523009579;1.2957359020687578;1.2156497216753153;1.287269789364484
30.158078;1.1856981593186746;0.873133492311394;0.7344614324062935;1.2485460402711774;1.0527744193934225;10.000603982692372;0.7494000574732146;0.01336945774526232;0.013373394190881035;0.874218176576202;1.2910871105871742;0.716604979095269;-1.06588503030149;0.8735655929003805;1.2888139225350728;1.2148194199633187;1.284452230440953
30.158314;1.1849835819750836;0.8753279488503128;0.7367628342351992;1.2414025197661231;1.0473849904405554;10.000616652017673;0.7493950147888203;0.013369937834122056;0.013373406662319884;0.8764054835915298;1.2837362601156208;0.7188763433739735;-1.0606350349809985;0.8757653036167944;1.2814749135102135;1.2139383820901148;1.2813833535029704
30.158551;1.1842285655433338;0.8774570798869201;0.7390384311024208;1.233870043008294;1.0416966922167594;10.000628060529575;0.7493905941470065;0.013370424582401452;0.0133734235647902;0.8785276215539792;1.2759844819907287;0.7211468671520287;-1.0550750396748998;0.8779012659544366;1.2737358775969942;1.2130086603151695;1.2780763227996692
30.158787;1.1834351623090589;0.8795300831301849;0.7412949226738834;1.225966513677598;1.0357216718215236;10.000637853509016;0.749386855324891;0.013370917902768783;0.013373444865123105;0.8805926003381678;1.2678477805154569;0.7234185727414315;-1.0492180443604904;0.8799804591403175;1.2656118169780592;1.2120322979107838;1.2745451601226394
30.159023;1.182605494100081;0.8815494013307601;0.7435332398325081;1.2177089975911526;1.0294713127742454;10.000645758845605;0.749383862556919;0.013371417586103782;0.013373470378794739;0.8826054208412161;1.2593401602365926;0.7256904924158235;-1.043076049018205;0.8820068676721086;1.2571187340652896;1.2110113323580924;1.2708013680210226
30.15926;1.1817403494821754;0.8835207220005664;0.7457578782933719;1.2091079235864621;1.0229525550324898;10.000651629562107;0.7493816786796863;0.013371923239305859;0.013373499747764419;0.8845690761154054;1.2504806252785892;0.7279626632592506;-1.0366630536278514;0.8839854792291454;1.2482726326343296;1.2099458077113006;1.2668586348369806
30.159496;1.1808406002731615;0.8854256639937549;0.7479529092854119;1.2001809151656515;1.016178348086414;10.000655337122053;0.7493803572089438;0.013372434358000063;0.013373532436555204;0.8864655525110593;1.2412811787078275;0.7302141212168558;-1.029989058167728;0.8858972789318714;1.2390885179102795;1.2088387742489175;1.2627151973714994
30.159642;1.1802732087613022;0.8865287418649053;0.7492617970133938;1.1945228714520228;1.0118788633916844;10.000656672474475;0.749379940457221;0.013372950524731834;0.013373567725986598;0.8875628306834495;1.2354478223569438;0.7315628958957618;-1.025754062618424;0.8870082522751463;1.2332653953463877;1.2081262778550996;1.2600568296364478
30.159787;1.1796926412852486;0.8875631430534054;0.7505235356560205;1.1887468207482847;1.0074867185337464;10.000655383315877;0.7493804631928779;0.013373471528170899;0.013373604732047172;0.8885908864183929;1.229492556894388;0.7328640066552051;-1.0214260669677309;0.888052389678619;1.2273192701414144;1.2073973612755244;1.2573049805788732
30.159933;1.1790998559269135;0.8885272111891327;0.7517360733602061;1.1828561219915033;1.003003624721152;10.000651231770739;0.7493819572680545;0.01337399730045063;0.013373642530920023;0.8895486914469986;1.2234173818156187;0.7341134647852496;-1.0170100712130834;0.8890256843149138;1.221254147809714;1.206653069045456;1.2544615145686504
30.160078;1.1784958874517877;0.8894205228008957;0.7528983182368532;1.1768575005298136;0.9984340924208552;10.000644022380882;0.7493844518732584;0.013374527798014381;0.013373680278407971;0.8904352194568058;1.217228295596937;0.7353122802277785;-1.012507075358981;0.8899281310700613;1.215075034837528;1.205894442035732;1.2515279336590448
30.160369;1.1772470091717566;0.8910135736052672;0.7550712173524644;1.1645573667140876;0.9890527539805806;10.000633625579368;0.7493879678495423;0.013375062861187595;0.013373717156775834;0.8920164540431509;1.2045302960689281;0.7375524660910652;-1.0032580794110046;0.8915287303001322;1.2023989391181422;1.2043675115466779;1.2453923497682304
30.160632;1.1760870257908742;0.89221946828287;0.7568634888854633;1.153153385312774;0.9803392800871616;10.000619935252248;0.7493925123541296;0.013375602060226751;0.013373752324399139;0.8932113854268301;1.1927533806318986;0.7394100372630747;-0.9946630833726393;0.8927434877998129;1.1906428694071853;1.2029453028620194;1.2395952608563094
30.160894;1.174895496904866;0.8932230774858945;0.7585086976745287;1.1414596396908623;0.9713880779995209;10.000602802261621;0.7493980801359507;0.013376144670302735;0.0133737850230753;0.8942020018573289;1.180671546608189;0.7411240018459883;-0.9858290872463222;0.8937544068005605;1.1785818340343746;1.2014848435143892;1.233555667593946
30.161156;1.1736734344396291;0.8940316140927685;0.7600119105544973;1.129492810718366;0.9622110349889281;10.00058205335925;0.7494046617465737;0.013376689794000262;0.013373814686210952;0.8949972896365076;1.1683067918282608;0.7427023499097573;-0.9767680910345059;0.8945694788465208;1.1662388400235262;1.1999871655991745;1.2272888842646272
30.161418;1.1724219442079487;0.8946546075029962;0.7613801111975368;1.1172742064415784;0.9528239561342481;10.000557509902668;0.7494122527273971;0.013377236537849734;0.013373840915791987;0.8956062350743728;1.1556791144794947;0.7441530502770842;-0.967493094739713;0.8952006859762156;1.153633892650906;1.19845530258611;1.2208110676683523
30.16168;1.171144053561598;0.8951019319853639;0.7626193401237348;1.1048246306824105;0.943240746346429;10.000528925964076;0.7494208550382873;0.013377784189517005;0.01337386336003112;0.8960388239038094;1.1428085126694136;0.7454810584187207;-0.9580170983644226;0.8956550141596006;1.140785995732513;1.196891289871883;1.214136566678841
30.161942;1.1698416310881474;0.8953833816528138;0.7637363273122972;1.092159774168011;0.9334720020551682;10.00049594382167;0.7494304678043502;0.013378332238868642;0.013373881649985373;0.8963040432076392;1.1297139851974738;0.7466953259114879;-0.9483531019099832;0.8959434601236276;1.1277161529657105;1.1952971685018525;1.2072821816830204
30.162204;1.1685149868978981;0.8955050413882285;0.7647356600410867;1.0792979459687557;0.9235318788954829;10.00045810177525;0.7494410768983719;0.01337888013207497;0.013373895493037998;0.896409883531862;1.116415532462828;0.7477998045286045;-0.9385121053761589;0.8960730246614883;1.1144413690672006;1.1936749863310265;1.2002600789305422
30.162466;1.1671669038504309;0.8954794227622277;0.7656258197524923;1.0662559759563528;0.9134313849363439;10.00041485188192;0.7494526560898677;0.013379426990004252;0.013373904798023004;0.8963663431288718;1.1029291558104992;0.7488014488348684;-0.928507108763111;0.8960537050945174;1.1009796497992304;1.1920257989981724;1.1930858501275516
30.162728;1.165798516054496;0.8953130192927939;0.7664112381219446;1.0530486642330206;0.9031811926819273;10.000365578406335;0.7494651757799822;0.013379971581192716;0.013373909728847251;0.8961814326347367;1.0892728563783722;0.7497062184242953;-0.9183481120731084;0.8958924938284234;1.0873470014178703;1.1903536737240623;1.1857721403271504
30.16299;1.164411863495475;0.8950138232168654;0.7670970371590801;1.0396930518026175;0.8927932762088215;10.000309622548198;0.749478605949631;0.013380512505721523;0.013373910681058324;0.8958621693901409;1.0754616345461263;0.7505180744025052;-0.9080471153097789;0.8955993797146748;1.0735624298060353;1.1886586873886937;1.1783318898092792
30.163252;1.1630069012273772;0.8945891524200851;0.7676891379156335;1.0262012760499617;0.8822770878720543;10.00024636450548;0.7494929137370233;0.013381048382306079;0.013373908147286532;0.8954165688443348;1.0615124896560053;0.7512429722070504;-0.8976141184772087;0.8951793498189424;1.0596379395250821;1.186942917031007;1.1707777370645978
30.163514;1.161585747809548;0.8940451019263701;0.7681909899089034;1.0125897906635635;0.8716442018597744;10.000175345828467;0.7495080635360266;0.013381577959830424;0.013373902516772132;0.8948526452267237;1.047440420179236;0.7518838610015509;-0.8870601215806355;0.8946413884086042;1.0455915337653674;1.1852084337005213;1.1631211568689066
30.163776;1.1601503472965409;0.8933917934350925;0.7686096327449825;0.9988722863465758;0.8609040665681457;10.00009629667654;0.7495240201225714;0.01338210011670037;0.013373893967750562;0.8941764163165554;1.0332584241737284;0.7524476927474207;-0.8763951246267713;0.8939914745572468;1.0314352147175132;1.1834573003697704;1.155375413363237
30.164038;1.1587007452999156;0.8926323048910085;0.7689473187106004;0.9850600560270745;0.8500655719353205;10.00000904322912;0.7495407489596954;0.01338261373165706;0.01337388254137477;0.8933949053245822;1.0189824994823597;0.7529364297751742;-0.8656271276230186;0.8932365863939034;1.0171839829522724;1.181690572083352;1.1475490178224277
30.1643;1.1572399031102718;0.891776381100276;0.7692101313424343;0.971167280612515;0.8391380413079774;9.999913391171846;0.7495582105851817;0.013383117589641535;0.013373868335010615;0.8925141358975275;1.0046236436909064;0.7533550417178483;-0.8547671305766639;0.8923837092083207;1.0028518370886637;1.1799092964910687;1.1396546880742084
30.164562;1.1557669026921826;0.890827407782494;0.7694012686262521;0.9572044283029912;0.828130530741493;9.999809074585196;0.7495763566917173;0.013383610486509056;0.013373851664425767;0.8915421241841259;0.990194853602327;0.7537074995857372;-0.8438241334932157;0.8914388373388247;0.988448775602572;1.1781165100464475;1.1317029556679685
30.164824;1.1542838239518622;0.8897914289259975;0.7695242437195393;0.9431830607628434;0.8170509328878972;9.99969584613319;0.7495951369837714;0.013384091416810004;0.013373833050313361;0.8904818793626258;0.9757101245171924;0.7539967770798175;-0.8328051363740013;0.8904059718232378;0.9739897990641722;1.1763112387250998;1.1237021731682888
30.165086;1.1527926606077652;0.8886760853113068;0.769584033415199;0.9291173232361929;0.8059095572403175;9.999573637318012;0.7496145113153929;0.013384559641224914;0.01337381308234722;0.8893414098729913;0.9611784503105641;0.7542268550687393;-0.8217211392149781;0.8892931202348181;0.9594849102354299;1.174496505521209;1.1156643001859563
30.165348;1.1512935050143782;0.8874837469658974;0.7695823451087839;0.9150134228704039;0.7947112603969515;9.999442584931206;0.7496344523855614;0.013385014673493314;0.013373792344808583;0.8881237279356209;0.9466138241500839;0.7544007211833624;-0.8105771420067697;0.8881042957890553;0.9449451126854778;1.172674331667653;1.1075961469343432
30.16561;1.1497873583871239;0.8862223216891725;0.7695251066864192;0.900884699837064;0.7834665128810473;9.999302884178178;0.7496549388242654;0.013385456292111957;0.013373771393473339;0.8868358546719185;0.9320252389088484;0.7545213644705254;-0.799384144735114;0.8868445118837552;0.9303824100033316;1.170843733961688;1.0995088931322077
30.165872;1.148275304870797;0.8848948945196805;0.7694140201805928;0.8867391021205637;0.7721811253354927;9.999154648249291;0.7496759505616696;0.013385884490225297;0.013373750702329016;0.8854818227370959;0.9174226872797321;0.7545917696032597;-0.7881471473828436;0.8855187768736449;0.9158048059644618;1.1690077309591875;1.0914092639958854
30.166082;1.1470590396755733;0.8837841124402922;0.7692925540988337;0.875373184788754;0.7630924603661795;9.998997899390977;0.7496974668518461;0.013386299310956633;0.013373730650389642;0.8843466701126389;0.905694162360531;0.7546169180158265;-0.7790981499333363;0.8844100925184967;0.9040973046614129;1.1675253562653798;1.0849041208149042
30.166082;1.1470643781798278;0.8837806743166333;0.769315354807602;0.8753705898035143;0.7630867467991669;9.998832639529255;0.7497194635617862;0.013386700707015059;0.013373711560383899;0.8843274298335041;0.9056956585733971;0.754629798265067;-0.7790981523718248;0.8844124510064062;0.904097909916351;1.167500664394094;1.0849086323113457
30.166083;1.1470684518436751;0.8837764852807621;0.7693381195717292;0.8753580200084624;0.763072853383055;9.998658913700094;0.7497419139264829;0.013387088521273925;0.013373693709853402;0.8843071249047172;0.9056871719642933;0.7546424136644473;-0.7790901546829919;0.884413830101459;0.9040886242685842;1.167474721216207;1.0849063780373598
30.166083;1.1470722442104786;0.8837737325561372;0.7693620771110996;0.8753466528277767;0.7630598761926396;9.998476821923873;0.74976479413802;0.013387462532168472;0.013373677323154089;0.8842867706424419;0.905678699805268;0.754654779069467;-0.7790831568485899;0.8844151944779808;0.9040794482531499;1.1674505893176457;1.084903743873605
30.166083;1.1470747488563455;0.88376905032786;0.7693849568717155;0.8753252047661078;0.7630386627219402;9.99828649070194;0.7497880874644594;0.013387822491209745;0.013373662575799191;0.8842653797504726;0.9056612404076213;0.7546669145029914;-0.7790681588479212;0.8844155036058866;0.9040603804903541;1.16742632055849;1.0848941922809323
30.166084;1.1470749657387458;0.8837635397965581;0.7694083762065216;0.8752839445333382;0.7630014180944272;9.998088064505467;0.7498117811252144;0.013388168143812416;0.013373649630307191;0.8842419668399901;0.9056227934879212;0.7546788404049257;-0.7790371606598822;0.8844147189937129;0.9040224185253561;1.1673999566951359;1.0848719197840277
30.166085;1.1470699030541291;0.8837538209080819;0.769431378214958;0.8752045980533977;0.7629342269930649;9.997881726741394;0.7498358608400046;0.013388499265711673;0.013373638686094268;0.8842145532414144;0.905546360223722;0.7546905731244314;-0.7789761622659356;0.8844088109148973;0.9039455593236629;1.1673695379523965;1.084826829456691
30.166088;1.1470575546740964;0.8837380498305436;0.7694536742616861;0.8750489171150917;0.7628050966256913;9.997667692128449;0.7498603078074622;0.013388815722633346;0.013373629995407534;0.8841801685514477;0.9053899426643286;0.7547021238037583;-0.7788551636532884;0.8843957648846182;0.9037887987061484;1.1673301131986256;1.084737347005628
30.166094;1.1470279346557377;0.8837070315758622;0.769473920289497;0.8747419769575712;0.7625553513187738;9.997446148322778;0.74988509499536;0.013389117507449125;0.013373623897605717;0.8841308479342223;0.9050765431887103;0.7547134998779319;-0.7786121648149654;0.8843665822158876;0.9034761306374067;1.1672727337576392;1.084558938580154
30.166105;1.1469650776224984;0.8836453076466334;0.7694893283348136;0.874128617914388;0.7620603126136838;9.997217208532296;0.7499101855806777;0.013389404695895007;0.013373620832168356;0.8840496334036444;0.9044491639456204;0.7547237048594646;-0.7781261657473392;0.8843082756778263;0.9028495470610639;1.1671774325576845;1.0842040691927952
30.166127;1.1468360887307454;0.8835237593866743;0.7694965805719588;0.872907382348578;0.7610788954084379;9.996980974383693;0.7499355369568245;0.013389677330285617;0.013373621217330529;0.883908577336138;0.9031938063251889;0.7547347385779233;-0.7771541664488276;0.8841878650684692;0.901596038030533;1.1670042171052109;1.0834999264806715
30.166173;1.1465761997430863;0.8832797389324902;0.7694845365152417;0.8704713938622186;0.7591244184601531;9.996737681835436;0.7499611060793987;0.013389935307271278;0.013373625311228873;0.883643739364655;0.9006834712254848;0.7547425975412505;-0.7752131669198938;0.8839443704419542;0.8990905922883792;1.1666770849626897;1.0820981764030473
30.166263;1.1460549001726414;0.882787837774201;0.7694314614024065;0.8656148863170556;0.755229627232653;9.996487759514496;0.7499868526020869;0.013390178327923677;0.013373633178420443;0.8831301805170833;0.8956761598542872;0.7547432723155691;-0.7713381671635122;0.8834528020590099;0.8940921979628991;1.1660390387859711;1.0793084699188404
30.166444;1.1450138305987778;0.8817915967052902;0.7692870603121179;0.8559584469867071;0.7474803522361956;9.996231771792276;0.7500127386628659;0.013390405931944382;0.013373644743760712;0.8821069617728958;0.8857148740354356;0.7547197476090376;-0.7636201671859223;0.8824541574253276;0.8841488426481713;1.1647830882618717;1.0737701450268775
30.166805;1.1429480858839134;0.8797479352947063;0.7689158400350516;0.8368586466149621;0.7321181277733154;9.995970355575729;0.750038726742619;0.013390617572137536;0.013373659878882522;0.8800291444889005;0.8660146158064506;0.7546050083479471;-0.7483141669967878;0.8804054312084083;0.8644835139754844;1.162306246361789;1.0628355894670367
30.167166;1.1409056886559907;0.8776416686182065;0.7684719326661029;0.8180420146767524;0.7169335707222155;9.995704200788886;0.750064779949923;0.013390812718103834;0.013373678408051787;0.8778887895108775;0.8466143873770441;0.7544170417761457;-0.7331821666087455;0.8782926243195885;0.8451162013465159;1.1598595255553097;1.0520781109829298
30.167528;1.1388865878995098;0.8754792840171188;0.7679606514655335;0.7995080359753557;0.7019281559050773;9.995434068490507;0.7500908668589682;0.013390991036140814;0.013373700083134515;0.875693956012017;0.827512191520325;0.7541628315232923;-0.7182241660368655;0.8761237419605638;0.8260478969290631;1.1574419359717782;1.0415007960992677
30.167889;1.136890933429467;0.8732659913023292;0.7673861187720793;0.7812578743710061;0.6871047114601527;9.995160757788717;0.7501169646643215;0.013391152513030552;0.013373724668833917;0.8734506970869756;0.8087080310633229;0.7538473543503263;-0.7034441652978916;0.8739067914235958;0.8072755954092238;1.1550544867185841;1.0311081273163725
30.16825;1.1349186247542515;0.8710112321163558;0.7667564181758413;0.7632893036845974;0.6724632384974665;9.994885004175076;0.7501430547262925;0.013391297345803048;0.013373751998939894;0.8711650533376035;0.7902029075832031;0.7534755829818736;-0.6888421644102016;0.8716457856255847;0.788801293641565;1.152697190531718;1.0209018257162012
30.168612;1.1329708361883584;0.8687198960024826;0.7660748419221767;0.7456040167612374;0.658006425970938;9.994607469132584;0.7501691180884362;0.013391425714948694;0.013373781922741612;0.8688440525036175;0.7719948200404908;0.7530524891666825;-0.6744201633956334;0.8693497448554125;0.7706239895551548;1.1503710672433554;1.010884993131139
30.168973;1.1310475774561581;0.86639869063724;0.7653471404111062;0.7281981664591028;0.6437327824977978;9.99432883258114;0.7501951387442752;0.013391537704704548;0.013373814322861749;0.8664937125156952;0.7540827639995101;0.7525820473696935;-0.6601791622820208;0.8670216982555443;0.7527416805691843;1.1480751359664985;1.0010593030323915
30.169334;1.1291479640473636;0.8640502468114819;0.7645761266031939;0.7110725088274857;0.6296453618607105;9.994049835306301;0.7502211079716926;0.013391633374203078;0.01337384917729768;0.8641180422424024;0.7364657328286718;0.7520682405641301;-0.6461201611040961;0.8646686857916778;0.7351523638080276;1.145810402180931;0.9914264137643115
30.169696;1.1272721083700057;0.8616817321637537;0.7637679831733439;0.6942253442977213;0.6157444478290335;9.99377127291881;0.7502470215386585;0.013391712811494344;0.013373886511404734;0.8617230420157379;0.7191417202154342;0.7515160652101835;-0.6322431599007902;0.8622947512340188;0.717856037846969;1.1435758577464141;0.9819880877867888
30.170057;1.1254221059514502;0.8592974775845016;0.7629250562368572;0.6776556548504415;0.6020298481061827;9.993493975040492;0.7502728742623546;0.013391776184829136;0.013373926315432615;0.8593137040196025;0.7021087212049824;0.7509285301060397;-0.6185501587103545;0.8599059308411717;0.7008507037653736;1.1413724909067502;0.9727458592735789
30.170418;1.1235958825901633;0.8569017635647376;0.762052485378617;0.6613599688764965;0.5885014425658271;9.993218718220632;0.7502986581314898;0.013391823827849062;0.013373968532913953;0.856893012580859;0.6853657313001554;0.7503096470829765;-0.6050411575664222;0.8575062524320645;0.6841333646942502;1.1392002921596223;0.9637007134629567
30.17078;1.1217936293151753;0.8544966859644958;0.761151940489403;0.6453381961702397;0.5751608374354954;9.992946108368745;0.7503243629637496;0.013391856272794569;0.013374013061097405;0.8544659448759856;0.6689097459097898;0.749661423609697;-0.5917161564964452;0.8550977432640176;0.6677020239883553;1.137059252574688;0.9548520829747105
30.171141;1.120016353551455;0.8520886592881981;0.7602283918722753;0.6295871027786794;0.5620064170063311;9.99267653937184;0.750349979314824;0.013391874196947895;0.013374059686522794;0.8520354694587464;0.6527387612619517;0.7489878631604155;-0.5785751555235923;0.8526864330226456;0.6515546831842186;1.1349493563748931;0.9462009428781718
30.171502;1.1182641505720292;0.8496803449751426;0.7592840943960888;0.6141057976991087;0.5490391149783964;9.992410271216013;0.7503755009275782;0.013391878261492908;0.01337410799113028;0.8496065455141161;0.6368497749060342;0.7482929645455394;-0.5656181546703021;0.8502753480274647;0.6356893413213264;1.1328705762108253;0.9377482771734889
30.171864;1.11653593023653;0.847274766428803;0.7583224379546256;0.598889111321066;0.5362565806784301;9.992147539291484;0.7504009236035302;0.013391868900342713;0.013374157372276717;0.8471801240821938;0.6212407844245917;0.7475767190919641;-0.5528451539607455;0.847867507913438;0.6201029957109282;1.1308218772324823;0.9294918630197774
30.172225;1.114831863196574;0.844874024294747;0.7573451446103827;0.5839381656677092;0.5236614217966993;9.991888604874397;0.7504262457922022;0.013391846257257773;0.013374207249740708;0.8447611466986115;0.6059087866017078;0.7468441114995784;-0.540256153421221;0.8454649308348514;0.6047926431590808;1.1288042191263314;0.9214334359211541
30.172586;1.1131519401289935;0.8424814811614006;0.7563552099042515;0.569249160056384;0.5112519098242075;9.991633770913378;0.7504514721329589;0.01339181029523029;0.013374257230780014;0.8423505472358271;0.5908507784511403;0.7460951215801039;-0.5278501530778492;0.8430716354383418;0.5897562805821426;1.126817551674438;0.913570105931747
30.172948;1.111497072982014;0.8401005989074987;0.7553551195636469;0.5548178646743952;0.4990254930118686;9.991383369310942;0.7504766135817847;0.01339176095599018;0.013374307008859283;0.8399512630615161;0.5760647577878527;0.7453347238265614;-0.515627152953644;0.8406896324898081;0.5749909049652334;1.1248618140475382;0.9059036151132739
30.173309;1.1098654799644307;0.8377320404720491;0.7543466976921084;0.540643500338038;0.48698392154021203;9.991137698746979;0.750501685384247;0.013391698301630792;0.013374356162684998;0.8375672460623754;0.561546722304948;0.7445628879704342;-0.5035861530671166;0.8383219185275869;0.5604925134368921;1.122935942064457;0.8984310464960366
30.17367;1.1082591890077271;0.8353796476951233;0.7533320568827541;0.5267231155582891;0.47512526069425987;9.990896963643285;0.750526708679299;0.013391622537649753;0.01337440408509735;0.835197466309955;0.5472936691140634;0.7437815817265419;-0.4917271534320475;0.8359694798449054;0.5462581035952644;1.1210398781449542;0.891151651949019
30.174032;1.1066762332250963;0.8330428617302972;0.7523120771857432;0.5130531322689617;0.4634487254990135;9.990661298792403;0.7505517133703576;0.013391533940023098;0.0133744500739659;0.8328469138312702;0.5333025960109987;0.7429937721823467;-0.480048154057374;0.8336342964924973;0.5322866737348166;1.1191745754740159;0.8840643913378405
30.174393;1.105116622880819;0.830726116118179;0.7512908146865797;0.4996300617509401;0.4519526849760131;9.990430878761307;0.750576737975799;0.01339143283035084;0.013374493528991225;0.8305155992969662;0.5195715027359177;0.7422004276518104;-0.4685491549468833;0.8313193382152322;0.5185722226502837;1.1173379978777527;0.8771676528852786
30.174754;1.103581355986533;0.828431112075788;0.7502692060001368;0.48645272106260357;0.4406371689268005;9.990205936932078;0.7506018257687889;0.013391319586206943;0.013374534118445677;0.8282055462618633;0.5060953902458873;0.7414025242008622;-0.45722815609994094;0.8290255593263981;0.5051137490968428;1.1155321219342176;0.8704587186500341
30.175116;1.1020696180302152;0.8261564536906457;0.7492466230277981;0.4735173660868942;0.42950061007433255;9.989986583830161;0.7506270172012861;0.013391194652642588;0.013374571819199951;0.8259187798379303;0.4928712595669228;0.7406020515985633;-0.44608515751302846;0.8267539001029256;0.4919062513234862;1.1137549341921849;0.8639367797907899
30.175477;1.100581227726149;0.8239061170183924;0.7482268834073507;0.46082002928652227;0.41854093570764;9.989772636583588;0.7506523440140559;0.01339105858275481;0.013374606851372725;0.8236553253009931;0.47989711182907535;0.739801011646007;-0.4351191591815448;0.824506293599876;0.4789477267438666;1.1120074192940548;0.8576004895246454
30.175838;1.0991163662169046;0.8216816395547669;0.7472113561515549;0.44835871936020527;0.40775769395768435;9.989563682940487;0.7506778295892408;0.013390912077653914;0.01337463953719483;0.8214182105855837;0.46716794802583667;0.7390004100618218;-0.4243281611024563;0.8222836746264679;0.46623417199210676;1.1102875505796816;0.8514471373834186
30.1762;1.0976739518129774;0.8194813734802142;0.7461993640987776;0.4361306852040817;0.39715017729371593;9.989359271553647;0.7507034901042998;0.013390756015409028;0.013374670178246584;0.8192084584289506;0.4546817685351073;0.7382012520972872;-0.41371016327522064;0.8200879878518763;0.4537625836004191;1.1085972916433753;0.845474023032008
30.176561;1.0962550027605882;0.8173096583638719;0.7451942475259121;0.42413069309470863;0.3867146075902849;9.989158993734586;0.7507293322293644;0.013390591432555313;0.013374699074978973;0.8170260769452787;0.4424345742274887;0.7374035480210516;-0.4032661656989035;0.81791819217489;0.4415289583484584;1.1069356097402623;0.8396790102798265
30.176922;1.0948576633046734;0.8151656008001419;0.7441965439625373;0.41235753120514057;0.3764518695692556;9.988962438933685;0.7507553502940169;0.013390419451147006;0.013374726602550822;0.8148720641258007;0.43042236802952466;0.7366103197809536;-0.392992168368629;0.8157772583985218;0.42953029307998963;1.105301492829605;0.8340601250859362
30.177283;1.0934839843037352;0.8130497758565709;0.7432054724651832;0.40080812492654266;0.366359752608539;9.988769144245923;0.7507815271745847;0.013390241257535618;0.0133747531649611;0.8127474194665741;0.4186421546087394;0.73582160227194;-0.382889171275072;0.8136651557964493;0.4177635854987943;1.1036959502797001;0.8286151636916531
30.177645;1.0921330299518255;0.8109648875748137;0.7422242299289813;0.38947780178812735;0.3564356018089755;9.98857859613832;0.7508078398980841;0.013390058072644258;0.013374779106408424;0.8106541476287856;0.40709093899746324;0.7350384407955904;-0.3729531744071467;0.81158283618575;0.40622483573226104;1.1021179954219724;0.8233404462848793
30.178006;1.0908038576850958;0.8089100743276135;0.7412527583231882;0.37836492993090265;0.3466794795917075;9.988390293371342;0.7508342641744304;0.01338987101554053;0.013374804768600168;0.8085902576382492;0.3957657262699076;0.7342618866326585;-0.36318417775502093;0.8095302351059173;0.3949110467546911;1.100566629464487;0.8182341728824156
30.178194;1.0901152296764238;0.8078562316581992;0.7407612231541051;0.3726820086942842;0.34168128034481093;9.988203780397123;0.7508607736689643;0.01338968103901884;0.013374830600183374;0.8075307678400957;0.38997552189677986;0.7338599953640734;-0.3581801813113008;0.8084792886430117;0.38912722337268013;1.0997808333430186;0.815632452124409
30.178194;1.0900993106786532;0.8078552363270586;0.7407771080630597;0.3726809232558151;0.341679536050997;9.98801859487724;0.7508873401540566;0.013389489074875914;0.013374857160864886;0.807527709502407;0.38997733166213233;0.7338568281993786;-0.3581801850714574;0.808481945806374;0.38912837105487236;1.099798563637897;0.8155972654044069
30.178194;1.090082260202381;0.8078522288222232;0.7407913345744066;0.3726718853471205;0.3416708263952883;9.987834246671104;0.7509139379620632;0.01338929620696032;0.013374885093652037;0.807524120736539;0.38997216156455533;0.7338534505754496;-0.35817318903440964;0.808482168378115;0.389121495666676;1.0998157551038403;0.815559687069342
30.178194;1.0900651021865675;0.8078504869712624;0.7408062081960722;0.3726641512049606;0.3416633288830114;9.987650252079336;0.750940545822595;0.013389103660567121;0.0133749150727022;0.8075200387936793;0.3899660177338163;0.7338489283476937;-0.3581661932015636;0.8084829266426664;0.38911560361228226;1.099833332355563;0.8155219929505864
30.178195;1.0900468884113863;0.8078468201926077;0.7408194548459389;0.37264846091163356;0.34164886673524825;9.987466155585155;0.7509671453575822;0.013388912681961143;0.013374947675572142;0.8075154971015636;0.38995190604447055;0.7338443255139413;-0.35815319757346004;0.8084811994013441;0.38910070111880507;1.0998502263222805;0.8154825366629436
30.178196;1.0900265888205576;0.8078414726220212;0.7408320055451925;0.3726161675107883;0.34161985284373103;9.987281552622914;0.7509937235005341;0.01338872449625221;0.01337498336072223;0.8075095227783221;0.3899238316093875;0.733838704105838;-0.3581262021462704;0.8084759752128836;0.3890707929179709;1.0998653851240268;0.8154369878433042
30.178198;1.0900034365317912;0.8078310103167476;0.7408412301201498;0.37255629043426103;0.3415664756792909;9.98709610680308;0.7510202745988758;0.013388540351020148;0.01337502260471634;0.8074981343140812;0.38986379804313337;0.7338311255515728;-0.358073206909781;0.8084652480019618;0.38901088176341403;1.0998757692639816;0.815379255121975
30.178202;1.0899732069996848;0.8078106638366612;0.7408456214426433;0.37243344083538654;0.34145762115115935;9.986909594588353;0.7510467961241944;0.01338836152316298;0.013375065941730891;0.8074753416190174;0.38974180710332457;0.7338186495883936;-0.3579662118467721;0.8084430125473793;0.38888796946024223;1.0998783356294721;0.8152944257233234
30.17821;1.0899281320436558;0.807766772378288;0.740837934949089;0.3721915922235054;0.3412443512762505;9.986722031188659;0.751073286108481;0.013388189197817977;0.013375113883924547;0.8074311465597495;0.38949685960676544;0.7337983290719904;-0.35775321693479123;0.8083972680900605;0.38864305838686714;1.099864026621905;0.8151570726582181
30.178226;1.0898549103970905;0.8076792218658256;0.7408087777960684;0.3717070645518739;0.34081739147547246;9.986533757307097;0.7510997450146195;0.013388024314731087;0.01337516691541115;0.8073425470752313;0.38900595669894916;0.7337612075609548;-0.35732622215001836;0.8083050215130283;0.38815115172526593;1.0998147689319702;0.8149119042246686
30.178258;1.0897246637554736;0.8075019856536034;0.7407355778784606;0.37073998731432783;0.3399656869184348;9.986345370070774;0.7511261757911614;0.013387867576801032;0.013375225499634397;0.8071635439545418;0.38802210001919796;0.7336903196616231;-0.35647322747038857;0.8081242830775437;0.3871672523820452;1.0996974783396596;0.8144512167118735
30.178322;1.089479905530624;0.8071467583928017;0.7405763930469632;0.36880842640190814;0.33826472151560627;9.986157581207152;0.7511525813023017;0.013387719552767059;0.013375290072303756;0.806807140825095;0.3860572906533149;0.7335516872583902;-0.3547712328772448;0.8077630647500308;0.38520336212390416;1.0994440717784177;0.8135611082867658
30.178451;1.089009384413805;0.8064360913187515;0.7402438951732841;0.3649687095802098;0.33488163564127704;9.985971149467554;0.751178960708313;0.013387580716358795;0.013375361156242844;0.8060943396295418;0.3821475277049168;0.7332773146877752;-0.35138223835631144;0.807044385252198;0.3812964814155057;1.0989204771018717;0.8118216623838287
30.178708;1.0880910493878073;0.8050235975559942;0.7395704278003995;0.35736862482909004;0.32817817100134195;9.985786917675258;0.7512053078288309;0.013387451464495407;0.013375439448937418;0.8046771392456152;0.374405807855752;0.73273618754462;-0.3446672438973397;0.8056232723357698;0.3735626096751557;1.0978616293798469;0.8084310562916863
30.179223;1.0863030465068158;0.8022438680702173;0.738228833672636;0.3424781580842548;0.31501350500085173;9.985605835745545;0.7512316119421986;0.01338733211927495;0.013375525711491908;0.8018905344307475;0.3592461265140633;0.7316682747757073;-0.3314802494918984;0.8028327589788581;0.3584167456807678;1.0957654633881415;0.80191193695907
30.179738;1.084558385058066;0.7995304980227586;0.736914179962765;0.3279970268547473;0.30217120271093945;9.985428876888177;0.7512578554080385;0.013387222907443356;0.013375620623190391;0.7991695122089317;0.34451147900890133;0.7306215335729793;-0.31861525513016636;0.8001068774740607;0.34369588811183177;1.0937199090701077;0.795708960463924
30.180253;1.082857116037747;0.7968847150700538;0.735627904909022;0.31391659539326316;0.28964638389370917;9.985256926984889;0.7512840110139861;0.013387124003171135;0.013375724722581573;0.7965170516181413;0.3301908607250238;0.7295959152186237;-0.30606726079938984;0.7974476523288208;0.3293880367661916;1.0917248843145257;0.789811786510117
30.180768;1.0811973977806306;0.794304953516884;0.7343701572398441;0.30022858265695546;0.2774348738246262;9.985090763817878;0.751310046603514;0.013387035554663335;0.013375838431078747;0.7939311304280903;0.3162762674084867;0.7285933726042795;-0.29383126648502983;0.7948550984389992;0.3154851934882029;1.0897802944515549;0.7842119721195124
30.181283;1.0795802999848263;0.7917933487651898;0.7331425385468482;0.28692376864906005;0.2655307295328523;9.984931090854433;0.7513359315107511;0.013386957607593696;0.013375962160981;0.7914137304550648;0.30275769620232007;0.7276148689676007;-0.2819012721718322;0.7923302285049814;0.3019773616320076;1.0878830504711656;0.7788998854513492
30.181797;1.0780038251978732;0.789349943351827;0.7319468167053409;0.273991690794163;0.25392751561198673;9.98477855640002;0.751361638249255;0.013386890056806487;0.013376096386025263;0.7889648344262689;0.28962514639162823;0.726660381630585;-0.2702742778439952;0.7898720579245273;0.2888555450884963;1.0860350879645622;0.7738661500374147
30.182312;1.0764682326829695;0.7869746411790619;0.730783095757332;0.26142460316826954;0.24262060926076784;9.984633811879624;0.7513871423784553;0.013386832684811554;0.013376241541477698;0.7865844202309427;0.27686961928316667;0.7257329005750532;-0.258942283486077;0.7874816019993188;0.2761107471054901;1.0842323648094723;0.7691025250035554
30.182827;1.0749724030801884;0.7846671457488428;0.7296522148476645;0.24921383913624484;0.23160473704701157;9.984497603604249;0.7514124218007588;0.013386785221214951;0.013376397839019095;0.7842714615951756;0.26448211692192053;0.7248314280161089;-0.24790228908438325;0.7851578717646519;0.2637319689572301;1.0824768482829594;0.7645989203748083
30.183342;1.0735155609917368;0.7824277306554356;0.7285552917681023;0.23735182646139127;0.2208754276386042;9.984370788107169;0.7514374559764919;0.013386747398217814;0.013376565195643215;0.7820279354076447;0.25245364025713046;0.7239569771217164;-0.2371472946261637;0.7829018710990376;0.25171221024170015;1.0807655094804982;0.7603459115061221
30.183857;1.0720976397276312;0.7802557985296297;0.7274921348217526;0.2258288372802697;0.21042593841406196;9.984254287950414;0.7514622284215143;0.01338671898257779;0.0133767432912611;0.7798508278354755;0.24077518845202633;0.7231105629082758;-0.22667330009547965;0.7807115970508225;0.24004047043940097;1.0790993251532772;0.7563352299030593
30.184371;1.0707176580414448;0.7781497477924759;0.7264622205595225;0.21463692523839914;0.20025125456732318;9.984149052836344;0.7514867284826477;0.013386699746797674;0.013376931613213542;0.7777411358262576;0.22943675880027345;0.7222911907733888;-0.21647330547000643;0.7785880421948296;0.22870974932887514;1.0774752822205786;0.7525559561309144
30.184886;1.0693736408805146;0.776110641054422;0.7254681762920098;0.20376631035446743;0.1903446961979019;9.984055966967832;0.7515109457968279;0.01338668940244004;0.013377129489398558;0.775696867589972;0.2184303461646416;0.7215008537459207;-0.2065433107238774;0.7765301974577793;0.2177100458325157;1.0758943783390023;0.7490011273737103
30.185401;1.0680666967629218;0.7741369941605053;0.724508151486318;0.1932123374135683;0.18070369091968982;9.983975696201352;0.7515348607183182;0.013386687582036719;0.013377336187149114;0.7737200415494286;0.20774794359016124;0.7207395351625299;-0.19687631583475876;0.7745380596431184;0.2070343569845683;1.0743546159897968;0.7456612042925601
30.185916;1.0667947690718762;0.7722269107615842;0.7235820345650321;0.18296337228950924;0.17131961076322705;9.983908612931353;0.7515584389211899;0.013386693873226472;0.013377551028142644;0.7718066790206348;0.1973805439693265;0.7200062100555665;-0.18746932078738238;0.7726086398222624;0.19667167853553244;1.07285599832777;0.742526954263346
30.186431;1.0655579823644479;0.7703813936405508;0.722690936193585;0.17301511951340484;0.1621902184094245;9.98385482402179;0.7515816353051231;0.013386707880855199;0.013377773441095215;0.7699587931711209;0.18732014057601495;0.7193018486023519;-0.17831432557103152;0.7707439636959417;0.1866170063891403;1.0713965283385056;0.7395899717939749
30.186945;1.0643552890908512;0.768598216402843;0.7218337317045622;0.16335619650831026;0.15330674065803712;9.98381420993006;0.7516044024671336;0.013386729304934106;0.013378002963042406;0.7681733850988279;0.1775577268794341;0.7186264219928051;-0.16940833017553608;0.7689410642414989;0.1768593366865357;1.0699762066056866;0.7368423878045957
30.18746;1.063185724122423;0.7668766816595158;0.721010668084163;0.15398157364862924;0.144666241104601;9.983786483234336;0.7516266955802123;0.013386757938535316;0.01337823925384467;0.7664514502619958;0.16808629658824853;0.7179789038967613;-0.1607443345881414;0.7671999720769981;0.16739266473089173;1.0685940299920382;0.7342746245331586
30.187975;1.062049299389327;0.7652160588558244;0.7202212853367272;0.14488311674761908;0.13626264181613537;9.983771216822436;0.7516484743811197;0.013386793550305197;0.013378482071228222;0.764789986422024;0.15889784360500292;0.7173592691040401;-0.15231733879271453;0.7655187098842515;0.15820798490508528;1.0672499910757263;0.731878813845852
30.188221;1.0615200897556878;0.7644533265766893;0.7198649386599199;0.14066199981443928;0.13235958910475698;9.983767771403635;0.7516697033418089;0.013386835778664986;0.013378731125963625;0.764027996741238;0.1546373621277464;0.7170734954396565;-0.14840234277232614;0.764736293937944;0.1539492917178939;1.0666270753333407;0.730803178862286
30.188466;1.061003786233717;0.7637086667457285;0.7195171649453042;0.13654539770575752;0.12854974894612756;9.983775281126725;0.7516903495918202;0.013386884173431254;0.013378985950103253;0.7632854870463246;0.15048284705277562;0.7167925639458806;-0.14457934651226959;0.763972738510436;0.14979558065108534;1.0660182639889502;0.7297713709783358
30.188688;1.060551494959542;0.7630554534825319;0.7192124530375641;0.13293339703365303;0.12520432992675798;9.983792805539773;0.7517103818477701;0.013386938299778328;0.013379245859663897;0.7626354576752792;0.146839293865363;0.716545455796773;-0.14122335000156852;0.7633000570920032;0.14615284840047113;1.0654835493353425;0.7288829692535582
30.188909;1.0601100124005702;0.7624179259530909;0.7189154836334857;0.12940955517953878;0.12193809678515552;9.98381948883824;0.7517297717977101;0.013386997744054437;0.013379509936367426;0.7620008968159173;0.14328369763535634;0.7163041538484574;-0.13794535323359616;0.7626422625273985;0.14259809253031877;1.0649599485356007;0.7280307549363654
30.189351;1.059259729396804;0.761174990186252;0.7183246798729132;0.12261676564467361;0.11563125047487287;9.983854578509412;0.7517484972830643;0.013387062097810522;0.013379777066559014;0.7607617828146308;0.1364310520001663;0.7158366462940529;-0.13162035620535784;0.7613813715511423;0.13574731110213903;1.063947501599335;0.7264138160858189
30.189793;1.0584501830279314;0.7599916530974538;0.7177619906826834;0.11615298566390977;0.10962080472023517;9.983897363231803;0.7517665452811585;0.01338713100949282;0.013380046075658583;0.7595820919511006;0.12991134959136727;0.7153899251627946;-0.12559235891526876;0.7601774075131361;0.1292305028952889;1.0629822602954138;0.7249216292696706
30.190236;1.0576803220130457;0.7588639422206241;0.7172244604326554;0.11000370051832448;0.10389449556127837;9.983947146138387;0.7517839132717629;0.013387204221009294;0.013380315880031291;0.7584588041459779;0.12371158378242877;0.7149619820725311;-0.11984836136182601;0.7590303960056042;0.12303166712630637;1.0620612760358967;0.7235433069874128
30.190678;1.056946110691748;0.7577888952900216;0.71671210603455;0.10415471316979909;0.09844051773500993;9.984003272289;0.7518006106259554;0.013387281531530466;0.013380585579336298;0.7573899029258955;0.1178157495906186;0.7145548076116965;-0.1143773635441991;0.7579373613007909;0.11713780185700887;1.0611835905180476;0.7222728485861913
30.19112;1.0562484932305396;0.75676727690376;0.7162250890547031;0.09859109654014432;0.09324576413534966;9.984065143888559;0.7518166594956281;0.01338736267502399;0.01338085443251636;0.7563743706106015;0.11220884304610745;0.7141653979403346;-0.1091663654625896;0.7568963276554701;0.11153290299693243;1.0603472364110988;0.7210995701092001
30.191562;1.0555844333527231;0.7557956341862958;0.7157622733882997;0.09330096373248857;0.0883002715334566;9.984132177665067;0.751832092270294;0.013387447132511505;0.01338112170575519;0.7554091844911622;0.10687886039582771;0.7137957636220985;-0.10420336711745126;0.7559063204467313;0.10620396550908554;1.0595492455457032;0.7200184405590297
30.192005;1.054952895682085;0.7548711191113561;0.7153217275900065;0.08827040432964225;0.08359187338654699;9.984203793193764;0.7518469457907812;0.013387534029945384;0.013381386522848386;0.7544933168200992;0.10181079790827668;0.713443931539024;-0.09947836850899258;0.7549653637226875;0.10113798542026435;1.058789653705644;0.7190212610138852
30.192447;1.0543517699815947;0.7539943126002082;0.7149054873284284;0.08348630542717465;0.0791091493659174;9.98427948519617;0.7518612553019339;0.013387622238272614;0.013381647887063156;0.753624737444834;0.09699365237967904;0.7131099409034037;-0.09497936963818161;0.754070475608307;0.09632096024689868;1.0580655018280238;0.718101977739653
30.192889;1.0537802206492337;0.7531611450717041;0.7145103108497701;0.0789383977590086;0.07484318314852169;9.984358862860006;0.7518750509254036;0.013387710566118928;0.013381904791024335;0.7528014172430493;0.09241442187977035;0.7127938381029468;-0.09069637050817995;0.7532206663849524;0.0917428874033263;1.0573758407892857;0.7172552521170646
30.193331;1.0532360596878756;0.7523711114883896;0.7141372462555091;0.07461399198149028;0.07078278413335864;9.984441604487705;0.7518883597165159;0.01338779788329787;0.013382156266242562;0.7520213275058849;0.08806110581461593;0.7124946710032403;-0.08662037112526509;0.7524149445974296;0.08739176290959516;1.0567187338205342;0.7164752703324979
30.193774;1.0527203751511105;0.7516235371379173;0.7137849758095466;0.07050455691029658;0.06692041269240206;9.984527390281892;0.7519012126518364;0.01338788316285338;0.01338240143382021;0.7512844350863842;0.08392470454083219;0.7122134836453855;-0.0827403714992571;0.7516513299373616;0.0832555818789021;1.0560922480844899;0.7157583365059919
30.194216;1.0522292054814328;0.7509155125604965;0.71345349808609;0.06659783607412996;0.06324526559791127;9.98461584232039;0.7519136500212847;0.013387965522996106;0.013382639543957608;0.75058670141178;0.07999421934683881;0.7119483100506807;-0.07904937164149393;0.7509278590654547;0.0793253390937294;1.0554964435144856;0.7150986108690918
30.194658;1.0517624897442768;0.7502455605177563;0.7131415300862596;0.06288504462309415;0.059749510433631574;9.984706516276658;0.7519257222943199;0.013388044321052452;0.013382869942655855;0.7499290887278168;0.07625865251371353;0.7116991668208213;-0.07553837156123007;0.7502435751622358;0.07559002874617483;1.0549293691258717;0.7144923137736279
30.1951;1.0513192530764777;0.7496126241257474;0.7128487923650647;0.05935721054401601;0.0564251415862449;9.984798969013811;0.7519374865385192;0.013388119256514694;0.01338309209050199;0.7493075658658295;0.07271000693971583;0.711465049240725;-0.07219837126443042;0.7495965138013073;0.072041644216507;1.054389067137634;0.713934969357107
30.195543;1.0508985952305951;0.7490157517690592;0.7125750327492689;0.05600507975015527;0.053263829681366164;9.984892785400568;0.7519489996092842;0.01338819039368317;0.013383305696633973;0.7487231063721198;0.0693382854300901;0.7112469334394764;-0.06902137075430359;0.7489856974311547;0.0686711782196474;1.0538745795587872;0.7134244658180575
30.195985;1.050499331336881;0.7484515835475417;0.7123178764984357;0.0528202548750745;0.05025802793379281;9.984987522392354;0.7519603168988466;0.013388258068442547;0.013383510810639893;0.7481726825052952;0.06613549010538967;0.7110437847324188;-0.06600037003150774;0.7484091363005986;0.06546862396741279;1.053385952747445;0.7129570414038201
30.196427;1.0501207255044895;0.7479213032851714;0.7120789460579574;0.04979519234342984;0.04740093648494471;9.985082726721098;0.7519714964649321;0.013388322733369989;0.013383707756839796;0.7476552599999859;0.06309462250123211;0.7108545701559141;-0.06312836909566949;0.7478658332038322;0.0624279772631153;1.0529202413027279;0.7125291474010313
30.196869;1.0497614955479342;0.7474224874261054;0.7118567937794255;0.04692200872510114;0.0446854174213055;9.985178026916818;0.7519825959806412;0.013388384835097298;0.013383897000712705;0.7471687953520806;0.06020668397329003;0.7106792658464723;-0.060397367948773234;0.7473547899321599;0.05953923735206366;1.0524775097631285;0.712138343498241
30.197312;1.0494207117980354;0.7469529645871023;0.711649966218763;0.044193617802591664;0.04210503684992262;9.985273175063833;0.7519936640210669;0.013388444762945912;0.013384079040230068;0.7467132370738089;0.057463675924553724;0.7105168554186863;-0.05780336659725382;0.7468740098907207;0.05679740549988133;1.0520568263447734;0.7117817141006
30.197754;1.0490973331898144;0.7465126498844247;0.7114590606871677;0.04160244483032057;0.03965286851783715;9.985368078873682;0.7520047346102957;0.013388502843698804;0.013384254308939922;0.7462875273498988;0.05486060033397968;0.7103683281389559;-0.0553373650504277;0.7464234950367875;0.054193482996754035;1.0516562507002727;0.7114580732284164
30.198196;1.0487912946803624;0.7460988579686506;0.7112815196010456;0.03914272427924399;0.03732364691536127;9.98546280107932;0.7520158262555697;0.013388559349702879;0.013384423074191859;0.7458886053814147;0.05238846016922129;0.7102306800044026;-0.05299436331686496;0.7460002435207149;0.05172147038552736;1.0512768217019832;0.7111627277933235
30.198638;1.0485005313296802;0.7457128173445857;0.711119852058605;0.0368081997631987;0.03511168955561858;9.985557438845984;0.7520269459082344;0.013388614503395698;0.01338458536152352;0.7455164157458879;0.05004325889381418;0.7101069110760534;-0.05076836140215151;0.7456052537275997;0.049375367859909106;1.050915554214503;0.710897016012426
30.199081;1.0482249766842968;0.7453509165919583;0.7109705968553657;0.034592016819247506;0.0330106486543038;9.985652003111577;0.7520380933897797;0.013388668452547135;0.0133847409935465;0.7451699115229781;0.04781699962251062;0.7099930186218156;-0.04865435930923503;0.7452345308655931;0.0471491760921323;1.050572451237343;0.7106554924379243
30.199523;1.047964581355164;0.7450145794732765;0.710835090620287;0.032489902358133885;0.031016622871666063;9.98574644902802;0.7520492612300067;0.013388721255088831;0.013384889757050093;0.7448470490075366;0.045705684728668663;0.7098909961488685;-0.04664735704017359;0.7448900903222049;0.045036896977818174;1.050246521286131;0.7104388092039866
30.199965;1.0477172258967185;0.7447008314532613;0.7107118917637909;0.03049458374096235;0.029122894952711663;9.9858407764;0.7520604345799689;0.013388772965062856;0.013385031526029921;0.7445477874799457;0.04370231592887437;0.7097998414658858;-0.044742354598625626;0.7445689584323409;0.0430335338918219;1.0499367887793032;0.7102447353000964
30.200407;1.047481880536518;0.7444082973709811;0.7106003536527485;0.02860167387989869;0.027325442663346564;9.985935007939604;0.752071594254949;0.013388823695339136;0.013385166213958348;0.7442700963272508;0.04180189453817061;0.7097185620079361;-0.042933351991855814;0.7442701709258629;0.04113309174496013;1.0496432912986249;0.7100710798798093
30.20085;1.0472606895750438;0.7441379087417439;0.7104998898380817;0.02680706255842553;0.025620413437884206;9.986029086446695;0.7520827191108412;0.013388873510449312;0.013385293680246898;0.7440139565328644;0.0400004219194849;0.7096481697169725;-0.04121634923025965;0.743993766197755;0.03933057702374921;1.0493650650630748;0.7099178626109567
30.201292;1.0470493745140173;0.7438871006135256;0.7104109401139076;0.02510447133651354;0.024002038030456637;9.986122880704896;0.7520937857032755;0.013388922308291277;0.013385413744580618;0.743778355654557;0.03829190018134817;0.7095856728175198;-0.03958734632547752;0.7437387781484155;0.03762099692197418;1.0491011351570498;0.7097811743893468
30.201734;1.0468510791711139;0.7436563733507203;0.7103318496942939;0.02349071984009939;0.022467310799973824;9.986216241533075;0.752104767495336;0.013388969802304144;0.01338552624943721;0.7435612896891124;0.03667233260596377;0.7095340733296176;-0.038042343289784945;0.7435032362440342;0.036001357397395885;1.04885051522347;0.7096631553840962
30.202177;1.0466616942468001;0.7434442617923103;0.7102640137233365;0.021961080612031003;0.02101190546865623;9.986308959991577;0.7521156358819756;0.013389015529507886;0.013385631052718762;0.7433627702843585;0.035137723314387304;0.7094903709886637;-0.03657634013710734;0.7432871695898906;0.03446566203585861;1.048613202883066;0.709559970548286
30.202619;1.046483261574472;0.7432494558839559;0.7102048141381604;0.020511627413376386;0.01963211500066935;9.986400703212105;0.752126361378755;0.013389058875300888;0.01338572799305531;0.7431818240352712;0.033684076283535425;0.7094545722142414;-0.03518733688419302;0.7430896086849601;0.03300991288868581;1.0483881763646536;0.7094710121571354
30.203061;1.0463136624096163;0.7430707512036002;0.7101545588741995;0.019138527452665696;0.01832440045557835;9.986491042948101;0.7521369110725085;0.013389099119018553;0.013385816904431065;0.7430174858704476;0.03230639452311212;0.7094276993240041;-0.03386933355028595;0.7429095842494159;0.03163211174335598;1.048174407568729;0.7093965412833306
30.203503;1.0461538667320054;0.7429092050857694;0.7101136264427649;0.01783748977919025;0.01708472121585337;9.986579549095179;0.7521472440038792;0.013389135485054746;0.013385897641111567;0.742868792119162;0.031000680346150725;0.7094077921877271;-0.032620330156188974;0.7427471224482091;0.030325260347819627;1.04797287920971;0.7093340903535985
30.203946;1.0460018650776146;0.7427615749961085;0.7100803071823845;0.016605222992299606;0.015910036892038876;9.986665852012127;0.7521573134017501;0.01338916720827277;0.013385970083780414;0.7427357710549937;0.029764935774217394;0.7093959038102383;-0.031437326724741754;0.7425992388132198;0.02908935983172309;1.0477815838104327;0.7092841902706767
30.204388;1.045858634301894;0.7426299757799805;0.7100559773887071;0.01543754360724204;0.014796399650749822;9.986749635382674;0.7521670746490163;0.013389193563945846;0.013386034135471698;0.7426164370471408;0.028595161797053677;0.7093900955927697;-0.03031532328157503;0.7424679379587157;0.027918409948888636;1.0476015073620388;0.7092443319305238
30.20483;1.045722152950256;0.7425099529833136;0.7100377557160505;0.014333166119379348;0.013742674473079435;9.986830600299731;0.7521764876106036;0.013389213835354718;0.013386089697539842;0.74251179543726;0.027488357829204533;0.7093924311443576;-0.029253319855523936;0.7423502165355124;0.026809408847286328;1.047429619638573;0.7092162079771321
30.205272;1.0455933789934313;0.7424047717268519;0.7100281045415353;0.01328696867091478;0.012744017426281095;9.986908421734732;0.7521855164871354;0.01338922727939804;0.013386136645473874;0.7424198517665409;0.026440522270355208;0.7094009674618873;-0.02824831647926449;0.7422470641871556;0.02576035392832276;1.0472678821403874;0.7091974444400172
30.205715;1.0454722771812681;0.742311400611025;0.7100241349581305;0.012297574956860386;0.011799176901794814;9.98698272340736;0.7521941352794136;0.01338923311020578;0.01338617483986983;0.7423406154031634;0.025448652983762556;0.7094157493390738;-0.02729631318821019;0.742157466803359;0.024768243544299042;1.0471142600274297;0.7091876531279646
30.206157;1.0453558363141844;0.742229139611089;0.7100272042412326;0.011361029367083003;0.010904460359637764;9.987053094910163;0.7522023306801678;0.013389230522301664;0.013386204204983846;0.7422720984065941;0.024511747247018302;0.7094368090408418;-0.026394310016910436;0.7420804105735098;0.02382907856161939;1.0469697258394701;0.7091865238166953
30.206599;1.0452470350237866;0.7421591695721683;0.7100364065401475;0.010475999639387786;0.010058609915148656;9.98711910671805;0.7522100938197589;0.013389218803329661;0.013386224835579889;0.7422163172361447;0.02362480197037412;0.7094631660580601;-0.025541306995544095;0.7420148799605674;0.022941862667913086;1.0468322616306238;0.7091928569988191
30.207041;1.0451427956794765;0.7420985661777103;0.7100510193653983;0.009638687765035289;0.00925807030610051;9.9871803275403;0.7522174107672049;0.013389197477488679;0.01338623701891069;0.7421702945676375;0.022786814465709477;0.7094948279105457;-0.02473530414911544;0.7419608511189157;0.022102601736022066;1.0467018633068677;0.7092064399517433
30.207484;1.0450452053665777;0.7420490062920092;0.7100712137341867;0.008847578472643032;0.008501415620045857;9.987236367461662;0.7522242668548043;0.013389166337846528;0.013386241149185437;0.7421340558200914;0.021994782813023264;0.7095317954824514;-0.02397230149887249;0.7419182876852021;0.021308303313469015;1.0465795407314256;0.7092270127431411
30.207926;1.0449522771100594;0.7420083456838333;0.7100962672855766;0.008099535081386819;0.007785703003256045;9.987286887609036;0.7522306568812691;0.013389125340709815;0.013386237613913407;0.7421076254640403;0.02124670562810048;0.7095740698585836;-0.023250299062744496;0.7418851422946778;0.02055897560617065;1.0464633091157978;0.7092544042072548
30.208368;1.0448640124615844;0.7419767139182553;0.7101262719206316;0.007393491453999356;0.007109947282026134;9.987331564335914;0.7522365836251723;0.013389074519315373;0.01338622675592588;0.7420910240034141;0.020539582843540505;0.7096216552268414;-0.022568296854814106;0.7418613602129529;0.01985062590198561;1.0463541775221297;0.709288485450481
30.20881;1.0447803201444028;0.741953238765898;0.7101604137424048;0.006726539924100296;0.006471397963476692;9.987370082041844;0.7522420509528666;0.013389013961369588;0.013386208943319971;0.7420822601880718;0.019872417697406844;0.7096725555162207;-0.021924294887380118;0.741846881885935;0.019182260228212258;1.046250145398876;0.7093271077199181
30.209695;1.0446242592221233;0.7419349138044071;0.7102480306007966;0.00549756427267076;0.005295363580053736;9.987402202895295;0.7522470637676164;0.01338894373516383;0.013386184669036757;0.7420783253915939;0.018645217560196468;0.7097897681258689;-0.020738293175281745;0.7418376447791395;0.01795388373969123;1.0460612036315098;0.7094159931084699
30.210491;1.0444986903574742;0.7419436998497664;0.7103402651983207;0.004507863270699796;0.0043477905143568946;9.987427857929323;0.7522516307191319;0.01338886384997035;0.013386154570432907;0.7421002004052123;0.017656992522436035;0.7099062802584821;-0.01978029173851742;0.7418555855621533;0.016964500226282764;1.0459083340718087;0.7095119732845553
30.211287;1.0443848935969047;0.7419721363906684;0.7104426677461708;0.0036155710126828527;0.0034931505835169054;9.9874471196456;0.7522557643471779;0.013388774371209295;0.013386119321417578;0.7421438668866922;0.01676875306969666;0.710034069118265;-0.018918290600496934;0.7418946443021552;0.016074111723371365;1.0457705146318979;0.709622625712581
30.212083;1.044282781871561;0.7420206644730893;0.7105556883177865;0.0028147167538675306;0.002725800286241771;9.987460069863145;0.7522594792107044;0.01338867553632659;0.013386079532079606;0.7422073130013956;0.015970508346106534;0.7101691052297295;-0.018141289782680373;0.7419527681190982;0.015274718787912612;1.0456467259468445;0.7097433411878511
30.212879;1.0441903559987817;0.7420856359184999;0.7106771507360672;0.0020957239072773607;0.0020366407527051505;9.987466794170691;0.7522627897907453;0.01338856773293915;0.013386035776060325;0.742286535152168;0.015254265637345195;0.7103133596892935;-0.017444289300206053;0.742027911162734;0.014557320593331364;1.0455359490932215;0.709875720338379
30.213675;1.044107709824437;0.7421668736807833;0.7108067783566195;0.0014508419383042505;0.0014183037368533868;9.987467512040816;0.7522657092222066;0.013388451464633853;0.013385988641819785;0.7423805378643121;0.014613030300937009;0.7104628104902648;-0.01681828916198866;0.7421180336333865;0.013914915334941205;1.0454361627220436;0.710015312337052
30.214471;1.044033694764445;0.7422608436618491;0.7109419423672647;0.0008742391203557748;0.0008652482636092711;9.987462569075545;0.7522682475694225;0.013388327448183987;0.013385938732866033;0.7424883317424359;0.014039805603419669;0.7106184395156385;-0.016256289374115575;0.7422221008549094;0.013340501103597347;1.0453473475063246;0.7101627660861299
30.215267;1.043966371002181;0.7423658899192457;0.7110823697635569;0.00035760007865831247;0.0003695420549839099;9.987452291910532;0.7522704092669052;0.013388196699986836;0.013385886642808442;0.7426069305888019;0.013528593168099526;0.7107792227061847;-0.015754289942969842;0.7423370833302672;0.01282707599207713;1.0452674900729082;0.7103168396220115
30.216063;1.0439069758281923;0.7424822323585594;0.7112274322516503;-0.00010200004800231843;-7.15984147218871e-05;9.987436935167752;0.752272193000054;0.013388060399179162;0.013385832913742514;0.7427363484022919;0.013072394073700509;0.710944125608046;-0.015304290874459147;0.7424629617432104;0.012369637617276597;1.0451955826272092;0.7104762347055937
30.21686;1.043853391473119;0.7426079029768576;0.7113766939423743;-0.0005122001142184715;-0.00046547450734043123;9.987416704960953;0.7522735952783031;0.013387919672585166;0.013385778012354719;0.7428736010390633;0.01266720978224362;0.7111111090697604;-0.014903292170377105;0.7425967315480693;0.01196318320005702;1.045131621038778;0.7106387977843212
30.217656;1.0438046744830154;0.7427394962907562;0.7115275500771359;-0.0008773939385965574;-0.000816285284500788;9.987391764077369;0.752274611756243;0.013387775547868281;0.013385722319921417;0.7430187127917944;0.012307042378312151;0.7112811385693399;-0.014545293827795819;0.7427383991430764;0.011601710003963322;1.0450746018992692;0.7108053399209177
30.218452;1.0437618755177893;0.7428791766995316;0.7116813853943905;-0.0012017232153845687;-0.0011279865252657082;9.987362259332825;0.7522752332793751;0.013387629016502858;0.013385666133357645;0.7431707182716913;0.01198889479098407;0.7114521904569804;-0.014227295842150779;0.7428859770462795;0.011281215393688492;1.045024524813323;0.7109737580933416
30.219248;1.0437241522494192;0.7430245366322523;0.7118365173950284;-0.0014877336496659614;-0.001403005391104049;9.987328333070332;0.7522754438661048;0.013387481069162582;0.01338560972475169;0.7433266586616114;0.011706771185008413;0.7116242520221048;-0.013944298207825771;0.7430394868707448;0.010997696721464709;1.0449794015660485;0.7111439161822071
30.220044;1.0436914777559667;0.7431749675027147;0.7119924508945893;-0.0017414355058543922;-0.0016470854987130088;9.987290046838538;0.7522752249337152;0.01338733267988235;0.013385553404421956;0.7434875779171113;0.01145867608734666;0.7117973136205612;-0.013694300915294777;0.7431959637593802;0.010747151554489711;1.0449392584843917;0.7113157406240223
30.22084;1.0436619226367805;0.7433281179942276;0.7121483311090215;-0.001963836253803481;-0.0018611815861855926;9.987247312721125;0.7522745610106593;0.013387184765901712;0.013385497552130697;0.7436515179269969;0.011240612543001047;0.7119703570892478;-0.013472303950241503;0.7433574532938927;0.010527577737085392;1.0449041279404696;0.7114881070679496
30.221636;1.0436355548263536;0.7434834271297258;0.7123036662495276;-0.0021602341289511193;-0.002050353991154744;9.987199919292099;0.7522734434801918;0.01338703821458605;0.01338544268479279;0.7438185134088153;0.01105058105913205;0.7121433520237654;-0.013276307295751502;0.7435200013195588;0.01033497336483522;1.0448730400507076;0.7116609564886703
30.222432;1.043613453308222;0.7436427381729768;0.7124595878914747;-0.0023316432819007913;-0.002215559580476835;9.987147552436586;0.7522718727524207;0.013386893990271728;0.013385389492415054;0.7439875896817575;0.010883579413052022;0.712314260494414;-0.013104310933903181;0.743685645983847;0.010166337685703271;1.0448460202224248;0.7118322277499696
30.223228;1.0435946304994332;0.7438024425022396;0.7126134262022772;-0.002482112742848288;-0.00236066767465909;9.987089765862248;0.752269859246538;0.013386753175727514;0.01338533874223029;0.7441577639085115;0.010739602706563352;0.712484039848894;-0.012952314845923388;0.7438524175808192;0.010019671986954868;1.044822093060784;0.7120028185988314
30.224024;1.0435783818794502;0.7439641424038287;0.7127673173298883;-0.0026110055584778326;-0.0024850600086962662;9.987026035936083;0.7522674227225588;0.013386616910377966;0.013385291164863066;0.7443280494527931;0.010614643578129315;0.7126526436296428;-0.012819319014234512;0.744019340134966;0.009892979289242976;1.0448022903474172;0.7121726841778685
30.22482;1.0435646318150356;0.7441249625058773;0.7129186805344746;-0.0027241849649971917;-0.0025943433800456515;9.98695589950817;0.752264590175036;0.013386486336030033;0.01338524738010028;0.7444994599330612;0.010506692819053786;0.7128190235884108;-0.012703323425976902;0.7441874335525166;0.00978326376124354;1.0447836543432847;0.7123407655853852
30.225616;1.043554573918776;0.744286711501936;0.7130685485277894;-0.0028209137304671087;-0.0026878012524556407;9.986879009305397;0.752261394674385;0.013386362595007936;0.01338520775423253;0.7446700111584813;0.010414741060640461;0.7129831300125931;-0.012603328072224675;0.7443547190824977;0.009689529949727665;1.0447692313600216;0.7125070233888454
30.227208;1.0435372951653474;0.7446072813358731;0.7133757121045371;-0.002977112392216893;-0.002838173185218686;9.986795100133946;0.7522578749668658;0.013386246832062977;0.01338517231733873;0.7449997233172304;0.010270780920856695;0.7133049124208384;-0.012438332942947486;0.7446812206710266;0.00954178100280658;1.0447450640600384;0.7128299961272963
30.228641;1.0435274561604493;0.7448906739529113;0.7136425382731332;-0.003078259445469072;-0.0029357287688440946;9.986703991827028;0.7522540733692994;0.013386140155866701;0.013385140938594858;0.7452926210717499;0.010178807320996325;0.7135853255231596;-0.012327338024598901;0.7449709592800358;0.009448017055015304;1.044730193301496;0.7131128018223177
30.230074;1.0435235384743664;0.7451677154115784;0.713899678805382;-0.0031498985862356507;-0.003004929700721152;9.986605655566603;0.7522500329131508;0.013386043560347102;0.013385113546860204;0.7455797293289514;0.01011581596292809;0.7138563364124757;-0.012243343302728546;0.7452539465573339;0.009383235493456116;1.0447206638544628;0.7133869480699799
30.231507;1.0435225699132937;0.745436676537616;0.7141475994437874;-0.0031977348311943068;-0.0030512395772035236;9.986500268304486;0.752245793497273;0.013385957817994957;0.013385090133774402;0.7458580708948586;0.010075802370856746;0.7141159234569261;-0.01218334876540722;0.7455291811069976;0.009341432701894003;1.044714523504188;0.713650376616893
30.23294;1.043526737516467;0.7456984703790968;0.7143857711972695;-0.003226490168462126;-0.0030791641479036656;9.986388189290254;0.7522413846968656;0.013385883398085954;0.013385070635745046;0.7461286668321647;0.0100547616676883;0.7143650699552317;-0.012140354403962392;0.7457966484546874;0.009317605823797844;1.0447118179854753;0.7139039556718766
30.234373;1.0435330523443906;0.7459502181381842;0.7146135626224321;-0.003240927520814448;-0.0030932632919306534;9.986269874824456;0.7522368189510624;0.01338582046382513;0.01338505489971096;0.7463895322311029;0.010048688453621552;0.7146027636108897;-0.012112360211034437;0.746054326159727;0.009308753820178154;1.0447115883783666;0.7141466347523473
30.235806;1.0435426696713617;0.7461929685973523;0.7148312410327394;-0.003243528179239596;-0.003095899695482334;9.986145811593097;0.7522320889415458;0.013385768908658087;0.01338504278928508;0.7466406711067162;0.010053577761219496;0.7148289996264166;-0.012094366177579915;0.7463011930851404;0.009311877426481164;1.0447138740679174;0.7143783201596241
30.237239;1.0435545449163124;0.746424045312458;0.7150369757200752;-0.0032372122445190016;-0.0030898645687842887;9.986016484996755;0.7522271684779814;0.01338572841650033;0.013385034296004286;0.7468810779322791;0.010067426139309364;0.7150437809371426;-0.012085372292245468;0.7465392346853711;0.009322978095441666;1.0447177124982636;0.7145990048342019
30.238672;1.043568790608932;0.7466457864029346;0.7152329188392659;-0.0032231637749388507;-0.0030762869298162953;9.985882364736153;0.7522220189769326;0.01338569860344907;0.013385029510913036;0.7471117404412972;0.010087231305598177;0.7152471190189791;-0.012082378544483055;0.7467664367147013;0.00934105734211708;1.0447231279549989;0.7148086675988111
30.240105;1.0435854122642383;0.7468564010557165;0.71541732297087;-0.003204702343956319;-0.0030583465314398526;9.985743928036781;0.7522165989499808;0.013385679182707715;0.013385028529989261;0.7473316381100026;0.010111991171886808;0.7154400360229513;-0.012083384927021762;0.7469827747234454;0.00936311726285216;1.0447301270019234;0.7150083178170008
30.241538;1.0436043113471647;0.7470579935523532;0.7155922334446235;-0.0031833983445377573;-0.003037552135024477;9.985601670693518;0.7522108689509319;0.013385669983726194;0.013385031427847123;0.7475417396719226;0.010139702585996098;0.7156215617487716;-0.012088391434724873;0.7471882091984421;0.009389160790417584;1.044738712021127;0.7151970028258864
30.24297;1.0436245645267614;0.7472478313125867;0.7157556272072066;-0.0031586732197568376;-0.0030133598264247764;9.985456030090948;0.7522047939585157;0.013385670829871698;0.01338503828936601;0.7477410053395851;0.010169360454251005;0.7157917283322388;-0.012095398061646017;0.7473836881201308;0.009416190737052955;1.0447478939311627;0.7153747326107807
30.245836;1.0436500671197546;0.7475978553346988;0.7160694918717859;-0.0031074421105811182;-0.002963657259312843;9.985307282194736;0.7521983468817766;0.013385681450528474;0.013385049237040297;0.7480993958106152;0.010230958961596953;0.7161115701980849;-0.012111404798121481;0.7477381588681639;0.009475209191176183;1.0447616879567925;0.715702642009344
30.248702;1.043676507132263;0.7479084907616251;0.7163456129570843;-0.0030550190015665316;-0.002912714312139141;9.985155563224591;0.7521915084135403;0.013385701468606745;0.013385064435917898;0.7484188817999521;0.010292493736221769;0.716394125523926;-0.01212841162945771;0.7480535817128677;0.009535218563204242;1.0447770999585404;0.7159936614523279
30.251568;1.0437048568544194;0.7481837403210063;0.71658715805644;-0.003003282517851539;-0.002862336375977115;9.98500104308439;0.7521842613479452;0.013385730419073373;0.013385084097545831;0.7487034467995419;0.010351962353044074;0.7166424368598681;-0.012144418537418024;0.7483339309393862;0.009593222685462038;1.0447921192703908;0.7162507997456163
30.254434;1.0437331858707672;0.7484267745371447;0.7167984899783244;-0.0029551739032966378;-0.00281534897966501;9.984844075476989;0.7521765836544221;0.013385767801211621;0.013385108511984337;0.7489550851648802;0.010407362879523631;0.7168595515747519;-0.012156425503007362;0.7485811878472477;0.009646226123529762;1.044807719060391;0.716477051770072
30.2573;1.0437635336512658;0.7486411572003169;0.7169816158972533;-0.002909940572507068;-0.0027710234355554125;9.984685190023775;0.7521684444626439;0.013385813081083308;0.013385138080439077;0.7491777991655311;0.010457692195319421;0.7170495174799424;-0.012164432508054072;0.7487993369630077;0.00969523264334005;1.0448228550734568;0.716676454481399
30.260165;1.0437937610951167;0.7488296332894985;0.717140619804818;-0.002868827558181641;-0.0027305546940021744;9.984525006239872;0.7521598050795673;0.013385865622767747;0.013385173267610078;0.7493745954539794;0.010503945829739831;0.7172133758814079;-0.01216943953579597;0.7489903648662087;0.009739244697003034;1.044838466022499;0.7168500400796226
30.263031;1.0438248948574498;0.7489940061909149;0.7172765047582034;-0.0028311056321542218;-0.0026932408003775134;9.984364149565128;0.7521506217859827;0.013385924661428548;0.013385214453755812;0.7495474836219883;0.010545119287426904;0.7173561592880119;-0.01216944657154518;0.7491582590278067;0.009779264231211098;1.0448534808862862;0.7170027651969184
30.265897;1.0438568722059287;0.7491375635219282;0.7173924415377311;-0.0027985759680630726;-0.002660809577879568;9.984203156495166;0.7521408493087947;0.013385989301468566;0.013385261791925259;0.7496994756576286;0.010582209634084872;0.7174788936034031;-0.012167453602024913;0.749305007518817;0.00981529366026435;1.0448678268652214;0.7171356572271038
30.268763;1.0438898203037192;0.7492632455634615;0.7174911453981271;-0.002766411590238617;-0.0026286411566730714;9.984042409392005;0.7521304471631273;0.013386058491208186;0.013385315154292752;0.7498335817840233;0.010616216174679652;0.7175846009885413;-0.012161460612327504;0.7494335995188738;0.009847335921637232;1.0448824327999522;0.7172516537205155
30.271629;1.043922519807973;0.749372535256129;0.7175748838899764;-0.0027389064599562976;-0.002600853243528173;9.983882166063088;0.7521193822814806;0.01338613102450721;0.013385374152273678;0.7499518048010015;0.010646140076573538;0.7176753041644917;-0.012154467582927608;0.7495460266871884;0.009877393996138423;1.0448972305057316;0.7173527783861089
30.274495;1.0439560336136686;0.7494680658721482;0.7176454764779058;-0.0027131490636392616;-0.0025746547556407865;9.98372264492259;0.7521076245296545;0.01338620559210978;0.013385438242771823;0.7500561364735987;0.010673983980340343;0.7177520317296453;-0.01214447448964081;0.7496432835700918;0.009903470288440408;1.0449111598664065;0.7174399748782486
30.277361;1.0439914202609626;0.7495505862253334;0.7177029365026825;-0.0026884962979699723;-0.002549428131303365;9.983564076294806;0.752095145162533;0.01338628088798181;0.013385506901655311;0.7501475559342149;0.01069975204602941;0.717817818857675;-0.012133481305509102;0.749729364583401;0.009928565533380899;1.0449251742375605;0.7175162574690287
30.280226;1.0440266441853283;0.7496228919511942;0.7177513532826711;-0.0026654652295130215;-0.00252567665119702;9.983406730927861;0.7520819231894207;0.013386355756580523;0.013385579758297772;0.7502290295973877;0.010723449704267725;0.7178737022300814;-0.012121488003145579;0.7498032607230228;0.009951677992560502;1.0449382332041761;0.7175826021925391
30.283092;1.044062554996243;0.7496855032067107;0.7177906529203387;-0.0026437970494698755;-0.0025031537412662326;9.983250958068023;0.7520679520036345;0.013386429297841727;0.01338565665316;0.7503005126314816;0.010746082318063252;0.7179207149854278;-0.012108494557782299;0.7498689616976202;0.009972803555587233;1.044952286158083;0.7176399737515646
30.285958;1.0440991890344449;0.7497406281641747;0.7178229485462782;-0.002623620620019418;-0.0024819854378873283;9.983097188029316;0.7520532404315807;0.013386500853554292;0.01338573762185595;0.7503639536244547;0.010766653421525798;0.7179598871721554;-0.012095500947908186;0.7499254594849967;0.009993935956766155;1.0449652683354935;0.717689345365104
30.288824;1.0441365857582519;0.7497882857882556;0.7178482702158123;-0.002604216903570187;-0.0024614862335963117;9.982945877656759;0.7520378088758551;0.013386569931938572;0.013385822798358342;0.7504203003749411;0.010786164103611993;0.7179932477747586;-0.012081507152965977;0.7499747431555174;0.0100130674886857;1.0449781141006795;0.7177326571184934
30.29169;1.044174512318796;0.7498292227852009;0.7178675418277702;-0.0025858750955370545;-0.0024419388270692757;9.982797448505096;0.7520216841207233;0.013386636211405843;0.013385912297812753;0.7504715030959352;0.010805613661221566;0.7180208207500263;-0.012067513154111966;0.7500177908753528;0.010031191214211761;1.0449907682109125;0.7177698890322339
30.294556;1.0442131034990187;0.7498645620493914;0.7178817874113126;-0.00256706452451963;-0.0024218834760519623;9.982652277403478;0.7520048959573429;0.013386699620293022;0.013386006116419009;0.7505165147133516;0.010823000859266964;0.7180436203806413;-0.012053518937317242;0.7500555725497317;0.010049303194682831;1.0450031866621123;0.7178020093784022
30.297421;1.044252304358221;0.7498954975424896;0.7178922120729894;-0.0025497629756790815;-0.0024032213861610867;9.982510723804763;0.7519874728676332;0.013386760358770481;0.013386104081767299;0.7505562888435084;0.010840325461911441;0.7180626559507284;-0.012039524492607727;0.7500890616592707;0.010066402549940862;1.0450153364246286;0.7178299925631966
30.300287;1.0442919673920141;0.7499217460173742;0.7178986605284017;-0.0025326001631056617;-0.0023846472990976778;9.982373127215256;0.751969437430034;0.013386818795554103;0.013386205928729277;0.7505917814756782;0.010857589116805169;0.7180779415548953;-0.012025529810257339;0.7501172464233614;0.010082489918858328;1.0450271935226076;0.7178538218222824
30.303153;1.044333035308446;0.7499450498430353;0.7179021695894334;-0.00251554237783822;-0.0023661340604865548;9.982239763271915;0.751950808519299;0.013386875256822648;0.013386311390699868;0.7506239559296501;0.010873794798217932;0.7180894990962579;-0.012011534878159159;0.7501421302889015;0.010098566530993364;1.0450377346245678;0.7178734858565218
30.306019;1.0443735524018916;0.7499642306706428;0.7179029758414254;-0.002499810868822374;-0.002348864028369145;9.982110792653572;0.7519316066362461;0.013386929841474085;0.013386420159447446;0.750652781066749;0.010888945522342996;0.7180993552360713;-0.011997539681959076;0.7501637209684892;0.010114634519705155;1.0450489345672205;0.7178909718252791
30.308885;1.0444144561137985;0.7499798016295162;0.7179009465596425;-0.002483388990894237;-0.0023309114183802113;9.981986248896684;0.7519118552091069;0.013386982433515132;0.013386531823993304;0.7506792257733279;0.010905043591944252;0.7181075427873492;-0.011983544207067556;0.7501830218447755;0.01012969694363449;1.045059777525672;0.7179062635292163
30.311751;1.0444556945185994;0.7499940285704134;0.7178983060162202;-0.002468157399101519;-0.002314082138878597;9.98186611760144;0.7518915818797348;0.013387032822409887;0.013386645921513897;0.7507022554735064;0.010919090824919342;0.71811310293508;-0.011970548441063393;0.7501990346852215;0.010144756475072946;1.0450692670179347;0.717918362707174
30.314616;1.0444971296411636;0.7500056104275238;0.7178939160612309;-0.0024528415014176417;-0.002297155737814238;9.981750442209252;0.7518708201668308;0.01338708075186822;0.013386762023730658;0.7507238275150052;0.010934089321834935;0.7181180767548346;-0.011957552375525132;0.7502137664538318;0.010158814622037955;1.045079423845058;0.7179292456271695
30.317482;1.044538809939843;0.7500147170170316;0.7178879133651094;-0.002437759340214185;-0.00228043501085001;9.981639329498558;0.7518496057722457;0.013387125965296679;0.01338687972475112;0.7507428917727943;0.010948041967056128;0.7181214954039015;-0.011944556006320982;0.7502252320105172;0.01017287289127087;1.0450882757755018;0.7179379157917892
30.320348;1.0445797026747674;0.7500216833990129;0.7178813339267479;-0.0024227389928355076;-0.0022637585494954832;9.981532893240571;0.7518279720644896;0.013387168324409175;0.013386998541058452;0.750759401117936;0.01096195256801994;0.7181243817367141;-0.011931559333076155;0.7502364541686248;0.010186933399573642;1.0450968488887025;0.7179453816416068
30.323214;1.0446216814669258;0.7500278888484808;0.7178742111767618;-0.0024086249014172536;-0.002247936089732809;9.981431229192854;0.7518059519572804;0.0133872078961192;0.013387117843368958;0.750774319628727;0.010975826288552992;0.7181267526417525;-0.011919562358447594;0.7502454618140386;0.010200997661819864;1.0451061668718988;0.7179516677006558
30.32608;1.044663911886834;0.7500327823474869;0.7178665800707678;-0.002393910983408762;-0.0022315352375209064;9.981334429443809;0.7517835826536927;0.013387244908274072;0.013387236848920627;0.7507876229157038;0.01098867030216792;0.7181276159808847;-0.011906565086028916;0.750253284368961;0.010214066254271008;1.045114248233307;0.7179557452492601
30.328946;1.0447062664460558;0.7500364272886734;0.7178585518988234;-0.002380345417624743;-0.002216238466864381;9.981242632145614;0.7517609068009168;0.013387279597393855;0.013387354601076998;0.7508002969553408;0.01100149359323833;0.7181289706619399;-0.01189456751781154;0.7502599487634003;0.010227140332119624;1.0451230992292129;0.7179596455683513
30.334677;1.0447505895902824;0.750042845806105;0.7178526407784204;-0.002351755324430285;-0.0021865570682789545;9.981156057359135;0.7517379693286218;0.013387312083486676;0.01338747002563605;0.7508143382794383;0.011029305712804749;0.718132807930257;-0.011871569653712328;0.7502704830976007;0.010255222667704325;1.045132716186289;0.7179651580512516
30.339836;1.0447940089114112;0.750045665086403;0.7178446256817534;-0.002326833954905089;-0.002160400876656034;9.981074954944045;0.7517148132969534;0.013387342361898286;0.013387582164922475;0.750824752979755;0.011052115804595159;0.7181341100053888;-0.011851571493188695;0.7502769203461612;0.010278317021813888;1.0451420934595368;0.7179674907082072
30.344994;1.044837261345084;0.750046260870083;0.7178352131673204;-0.0023038626282646936;-0.0021361215220637906;9.98099951753069;0.7516914762066114;0.01338737031902287;0.013387690310522542;0.7508335537176483;0.01107493236143787;0.7181348508311891;-0.011832573036135594;0.7502822979303103;0.010301427052735602;1.04515122531434;0.7179685827861381
30.350153;1.0448813597554014;0.7500473502255971;0.7178262031154612;-0.002279921207656598;-0.0021109217918827195;9.980929866784152;0.75166798563576;0.01338739568399832;0.013387793857708634;0.750840759000402;0.01109776272451417;0.7181350014229347;-0.01181457428224323;0.7502866553177479;0.010324555962928266;1.0451591043447512;0.7179684242418116
30.355311;1.044924240216364;0.7500467924963693;0.7178168662035399;-0.002258087033317005;-0.0020877573397123095;9.980866089098098;0.7516443575671503;0.013387418025882251;0.013387892183658968;0.7508463953477478;0.01111861248929196;0.7181335372925413;-0.011796575231835709;0.7502890300919711;0.010345706911447686;1.0451677251170957;0.7179660104744664
30.36047;1.0449668360379518;0.7500451370072755;0.7178070081944892;-0.0022363480827221225;-0.002064703827737835;9.980808252372999;0.7516206012290734;0.0133874368529692;0.013387984726940303;0.7508505000485711;0.011139485821847546;0.7181334415147509;-0.011779575887360895;0.7502924528884883;0.010366883384876244;1.0451760922609963;0.7179643745454048
30.365628;1.0450080100901238;0.7500426491990279;0.7177976195148983;-0.0022152539385494412;-0.002042295617869707;9.98075643104224;0.7515967280266554;0.013387451678308898;0.013388071101567391;0.7508541222209544;0.01115938587764143;0.7181327007503975;-0.011763576252306479;0.7502939425929844;0.010387089028263685;1.0451832220078288;0.7179615272676312
30.370787;1.0450498978127452;0.7500399474519782;0.7177878033025736;-0.0021946467090419326;-0.002020388013362416;9.980710748873046;0.7515727596497909;0.013387462034975433;0.01338815107023395;0.7508563175332703;0.011179314435606205;0.7181313010380175;-0.011748576329950307;0.7502965045732591;0.010407327265102979;1.0451901364718053;0.7179574749179733
30.375945;1.0450913708059206;0.7500371826968066;0.7177784655199242;-0.0021740375274652882;-0.00199853403970158;9.980671366208723;0.7515487304355026;0.013387467528091997;0.013388224404859138;0.7508581419434783;0.011198271872246202;0.7181312271442841;-0.011733576123204553;0.7502981359679618;0.0104266009683708;1.0451978561789448;0.7179542102500133
30.381104;1.0451323799950916;0.7500344450591091;0.7177696992478267;-0.0021544668708365702;-0.0019777555904507407;9.980638428446364;0.7515246843334048;0.013387467932345245;0.013388290846836941;0.750859652315405;0.011216257539249581;0.7181304617953294;-0.011718575633494138;0.7502998328897514;0.010444912695969052;1.0452043916078664;0.717949751074486
30.386262;1.0451717763223733;0.75003094928126;0.7177614979542618;-0.002136582077687662;-0.0019587024893547547;9.98061206809419;0.7515006701766002;0.013387463324600671;0.013388350177572655;0.7508609078815314;0.011234269541707469;0.7181299849010514;-0.011705574860027516;0.7503005916282359;0.010463265365217344;1.0452107413063643;0.717945151970475
30.391421;1.0452116608996107;0.7500271259376178;0.7177527667491471;-0.0021181462948971887;-0.001939254555460065;9.980592402373265;0.7514767388402173;0.013387454133158883;0.013388402172519378;0.7508609663417514;0.0112513047405617;0.718129775779019;-0.011692573799863586;0.7503024086023696;0.010480662024435799;1.0452168990108928;0.7179404006175117
30.396579;1.045249862662971;0.7500235560647208;0.7177454792955978;-0.002099545561242488;-0.0019198075294428105;9.980579458794544;0.7514529452641399;0.013387441006533721;0.013388446483833687;0.7508618770018132;0.01126835945756035;0.7181298160617513;-0.011679572447308237;0.7503032840323766;0.010498105213924734;1.0452228587474135;0.7179355169848642
30.401738;1.045288190656316;0.7500196170312141;0.7177377132055894;-0.002082863096568609;-0.0019023695517747696;9.980573132020298;0.7514293478217381;0.0133874246445509;0.013388482685821015;0.7508616771977746;0.011284430194619777;0.7181300902474718;-0.011667570794370754;0.7503052229477177;0.010514597015472017;1.0452276146915076;0.7179305404257236
30.406896;1.0453247554517109;0.7500160911270976;0.7177314485134451;-0.0020663392344946233;-0.0018852711781699569;9.980573223291453;0.7514060005201483;0.01338740570617411;0.013388510431053045;0.7508613964219994;0.011300514339489991;0.7181305850740869;-0.011656568833897136;0.7503062310643633;0.010531138907525814;1.0452331598007683;0.7179254946286134
30.412055;1.0453603861925729;0.750011446988761;0.7177246004064014;-0.002049909555022791;-0.0018684574237353658;9.980579502275548;0.7513829483490645;0.013387384710555394;0.0133885295386735;0.7508620621203478;0.011315610652568756;0.7181312887746779;-0.011645566562746705;0.7503073131227483;0.01054673148368727;1.0452384850920495;0.7179203862742201
30.417213;1.0453959129025974;0.7500084136935862;0.7177191732905541;-0.0020341646037806142;-0.0018524959131397082;9.980591759049455;0.7513602292654604;0.01338736190354369;0.013388540034936456;0.7508616998357796;0.011330719342166881;0.71813219101362;-0.011634563980773975;0.7503094755949493;0.01056237523195512;1.0452425810050208;0.7179152432090087
30.422372;1.0454294512495825;0.7500037214940802;0.7177132879040776;-0.002018769939872896;-0.0018370690524803404;9.980609814232881;0.7513378765583171;0.013387337236532048;0.013388542159941496;0.750861330835922;0.01134484214170892;0.718133285282939;-0.011624561088122798;0.7503107287643656;0.010577071709953265;1.0452474360833723;0.7179101167865221
30.432689;1.045463820379832;0.7499989557256116;0.7177064694704577;-0.001987912264709806;-0.001807024126247936;9.980633480837888;0.7513159195549857;0.013387310501107499;0.013388536245338811;0.7508609713344377;0.011374982066988905;0.7181325706193351;-0.011606557886290156;0.7503120862310525;0.010607823785377698;1.045254032524689;0.7179028970063903
30.441974;1.0454958777534415;0.7499937393171873;0.7177004624761877;-0.001961856993084408;-0.0017817688795120359;9.980662566855825;0.7512943819996568;0.01338728146487883;0.013388522563660755;0.7508606339113763;0.011399142531012171;0.7181330500151734;-0.01159155437990119;0.7503135611991228;0.010633635256196322;1.0452593488630408;0.7178967906794413
30.45126;1.0455277507029423;0.7499893541948063;0.71769497745131;-0.001936190494836324;-0.0017570637779923328;9.980696934562102;0.7512732766190651;0.01338724989776619;0.01338850135268301;0.7508603288989529;0.011423326783248002;0.7181337301153295;-0.011577550576061444;0.7503151604870587;0.010657510572325524;1.0452643706563494;0.7178907907935973
30.460545;1.0455572215801403;0.7499843308191219;0.7176900795105772;-0.0019132455018604326;-0.0017351345014995322;9.980736494046374;0.7512525994130675;0.013387215521329692;0.013388472958275506;0.7508600630866146;0.011446538081617521;0.7181346226709542;-0.011564546484502062;0.7503168798130293;0.010681454497135335;1.045269097060316;0.7178849246424672
30.46983;1.0455854316039475;0.7499794212259797;0.7176856520961437;-0.0018906182300380517;-0.0017136610265566575;9.980781145091033;0.7512323307594285;0.013387178020888369;0.013388437869717697;0.7508598391093684;0.011467779749599363;0.7181357452364276;-0.01155254211879346;0.7503187004849049;0.01070347177235055;1.0452725343328282;0.7178792264338406
30.479115;1.045612159430326;0.7499743879231531;0.7176815715951897;-0.001868695852613137;-0.0016929954196712115;9.98083078532287;0.7512124429380144;0.0133871371475311;0.01338839661332478;0.7508596570756024;0.011489055034469035;0.7181371223602214;-0.011542537495960431;0.7503205884324022;0.010725567000488646;1.0452766862013687;0.7178737548761661
30.488401;1.0456375491490155;0.7499695517002787;0.7176780004688662;-0.0018481241480435473;-0.001673735103052834;9.980885347211448;0.7511929046987227;0.013387092751172648;0.013388349655883324;0.7508595170621378;0.01150836738557221;0.7181387840813471;-0.011533532634530877;0.7503225008881952;0.010745744219198217;1.0452795568756084;0.7178685384252647
30.497686;1.0456614587172182;0.7499657804382293;0.7176758224530903;-0.0018284790327512145;-0.001655454192722964;9.980944801800602;0.751173680197673;0.013387044722712476;0.013388297313625362;0.7508594218064673;0.011527720789519209;0.7181417589001223;-0.011524527551889577;0.7503243980968434;0.010766006342696898;1.0452821609280545;0.7178645959999694
30.506971;1.04568273875948;0.7499601135138625;0.717672946400489;-0.0018095580781430957;-0.0016379451679089138;9.981009148609761;0.7511547269714818;0.013386992957826277;0.013388239660820624;0.7508603758379261;0.011546119672429644;0.7181440685196703;-0.01151752226197435;0.7503262511309081;0.010785355465244251;1.0452845264427293;0.7178599851046453
30.516257;1.045703495043824;0.7499552625921068;0.7176704712005945;-0.0017910089194784708;-0.0016208575323046217;9.981078413374926;0.7511359958849675;0.013386937359602336;0.01338817663863325;0.7508603812471396;0.01156356907003625;0.7181477301174367;-0.01151051677508606;0.7503280429584006;0.01080379374743971;1.0452866886434333;0.71785669613047
30.534827;1.0457234656234744;0.7499494760295339;0.7176668460836635;-0.001756583972520062;-0.0015886270396641045;9.981152711073172;0.7511174356674463;0.013386877809911277;0.013388108321755585;0.7508594333478373;0.011597075134304587;0.7181497593010926;-0.011499511098894273;0.7503297651579115;0.010839323451275945;1.0452916798584846;0.7178516835814444
30.553398;1.0457427462380438;0.749944644091825;0.7176637579099701;-0.0017235670499596368;-0.0015578036634546577;9.981232355491857;0.751098999207759;0.013386814083994877;0.013388035035254531;0.7508595194386827;0.011629644852677137;0.7181521666786735;-0.011490505239224066;0.7503314138723666;0.010871945638853533;1.0452955243183502;0.7178470518998342
30.571969;1.045759060566919;0.7499392208148786;0.7176612292377096;-0.001693250184095594;-0.0015296289839354324;9.981317857283086;0.7510806479056177;0.013386745832303457;0.013387957261367791;0.7508596252903402;0.011658285067660333;0.7181549518492224;-0.011484499201493885;0.7503329848719597;0.010902659328150212;1.045299234697502;0.7178428200328066
30.590539;1.0457734819767392;0.7499341736853922;0.717659381452028;-0.0016653085194610587;-0.0015037916624344135;9.981409789353863;0.7510623566340767;0.013386672711042746;0.013387875494878538;0.7508597426029698;0.01168600182903281;0.7181581027805694;-0.01148149299241752;0.75033446705064;0.010930462456589872;1.0453018074950153;0.7178389885991115
30.60911;1.0457847270436258;0.7499295201960311;0.7176590510028681;-0.0016389259310697723;-0.0014795130508615442;9.981508652872305;0.7510441161467698;0.013386594510844525;0.013387790160475562;0.7508608671135878;0.01171180031950245;0.7181626037234498;-0.011479486620471723;0.7503358408693777;0.01095735301790587;1.0453042256283431;0.7178365209750102
30.62768;1.04579388796071;0.7499242376279235;0.7176584620617619;-0.0016150086051805036;-0.0014576603902271106;9.981614813714435;0.7510259267159592;0.013386511141934957;0.013387701642972783;0.7508609930106023;0.011735685169067605;0.7181674441455588;-0.011479480095176041;0.7503370835246618;0.010983329213338373;1.0453064649220272;0.71783442406615
30.646251;1.0458017168355074;0.7499196592912429;0.7176583585270788;-0.0015918345551692154;-0.0014365839161582417;9.98172852328321;0.7510077896247092;0.01338642255083973;0.013387610378668563;0.7508611103845343;0.01175866103475203;0.7181726193276007;-0.011480473426127853;0.7503391741304908;0.011006389607955183;1.0453084977150038;0.7178326721448067
30.664822;1.045806381656707;0.7499157184222659;0.7176599497734544;-0.001569818155143027;-0.0014166801348936757;9.981849980816293;0.750989708218989;0.013386328706402963;0.013387516850401612;0.7508622017255804;0.011780732860410223;0.7181791247693378;-0.011482466621627744;0.7503400980439257;0.011029533566837987;1.0453093019420576;0.7178322570443691
30.701963;1.045810690356023;0.7499102270478484;0.7176592397171953;-0.0015279062233095977;-0.0013777780978369639;9.981979357041078;0.7509716943950162;0.013386229692106181;0.01338742147264936;0.7508622380573613;0.011821905116883875;0.7181829500722317;-0.011491459686890812;0.7503408508197467;0.011071760947306329;1.0453138782786446;0.7178292725488095
30.739104;1.0458128626342915;0.7499053465250787;0.7176595576706094;-0.0014904289934363488;-0.0013431721786063453;9.982116777693859;0.7509537686237633;0.013386125793873925;0.01338732451404359;0.7508621809365047;0.011859180828348435;0.7181880745248371;-0.011503452624309456;0.7503424380931885;0.011110070672769935;1.0453172611229196;0.7178276620579385
30.776245;1.0458127564029318;0.749901713569356;0.7176616424545014;-0.0014555978344853945;-0.001311138841529612;9.982262302326125;0.7509359554817806;0.013386017452738062;0.013387226071291005;0.7508619923485101;0.011893561753077049;0.7181934655151783;-0.011517445436733267;0.750342871621906;0.011145459347179292;1.0453195105317576;0.717826427359278
30.813387;1.045809614310525;0.749897736032008;0.7176645112875847;-0.0014220092530734508;-0.0012803196000229825;9.982415910820787;0.7509182798836013;0.013385905174730353;0.013387126058932329;0.7508626484318445;0.011926049097395208;0.7181990777810673;-0.011534438130482622;0.750344164447192;0.01117892116153918;1.0453216907361442;0.717825604732283
30.850528;1.0458043125453689;0.7498930830060557;0.717667252816047;-0.0013922959313944527;-0.0012532171583740544;9.98257753963616;0.750900762580924;0.013385789519036021;0.013387024268442517;0.7508621428092325;0.01195664333090779;0.7182048525780249;-0.011552430715668664;0.7503443275905795;0.011210449088879493;1.045323852580919;0.717825178679407
30.887669;1.0457971085664521;0.7498898116186695;0.7176716628905282;-0.0013627559175786784;-0.001226270589112932;9.98274715560614;0.7508834178751949;0.01338567106380487;0.013386920481745258;0.7508624730409881;0.011986343125389964;0.7182117210972687;-0.011571423204555042;0.7503453695462333;0.0112410362283628;1.0453250261731546;0.7178261626536114
30.92481;1.0457879892367399;0.7498868474283089;0.7176767286240467;-0.0013342026650352522;-0.0012002460238840632;9.982924734365811;0.7508662549094619;0.01338555032126347;0.013386814580960495;0.7508626281725175;0.012014144598982208;0.7182186134392889;-0.01159141560951529;0.7503462967436445;0.011269676262001422;1.0453272196509158;0.7178275701326033
30.961952;1.0457759545455387;0.7498834352368724;0.7176824292955684;-0.0013072884322240272;-0.0011757581080310173;9.98311012377232;0.7508492781006413;0.01338542774633343;0.013386706622826134;0.7508625904007795;0.012041041909430467;0.7182254675091237;-0.011612407941541402;0.7503461141699106;0.011298363265589351;1.0453284239712184;0.7178294143901978
30.999093;1.0457632845090585;0.7498811578195915;0.7176887384648392;-0.0012807243195430073;-0.0011515600432151336;9.983302954535338;0.750832487832501;0.01338530382612034;0.013386596831385508;0.7508623435049522;0.012068028599052615;0.7182322330627161;-0.01163340020876714;0.7503468258620444;0.011325091534552767;1.0453296213812446;0.7178316912001399
31.073375;1.0457509149990596;0.7498781956903275;0.7176933094094137;-0.0012300180590628076;-0.001104189834028082;9.983502671959613;0.7508158848016658;0.013385179085361083;0.013386485524205512;0.7508608775959835;0.012119098327216549;0.7182368703313725;-0.011676392415715053;0.7503474325957867;0.01137685568011244;1.045334790691193;0.7178327653801931
31.147658;1.0457380849960276;0.7498763982497062;0.7176984872754183;-0.0011814286055021777;-0.001058789557019392;9.983708615054482;0.7507994748076567;0.013385054003845738;0.01338637303265797;0.7508601849135139;0.012168245016593285;0.7182403456709854;-0.011719384565888662;0.750347927481615;0.011426651069556799;1.0453399072714766;0.7178332786630444
31.22194;1.045723051085558;0.7498742940697104;0.7177041195756847;-0.0011330712057110517;-0.0010135547860036286;9.983920117555114;0.750783268905995;0.01338492897249384;0.01338625963149956;0.7508592536292312;0.01221546281607009;0.7182446269570404;-0.011762376664917175;0.7503482921174577;0.011474474052247061;1.0453439397698538;0.7178352146753777
31.296223;1.0457067861396678;0.7498726436393438;0.717710320624518;-0.00108852646391565;-0.000971914171092035;9.984136648715086;0.7507672798893423;0.01338480429825144;0.01338614548088531;0.7508580714869614;0.012261746045689434;0.7182496797148867;-0.011805368718997617;0.750348496923244;0.011521321267506416;1.0453478503499154;0.7178385456330707
31.370505;1.045689632189428;0.7498712853552135;0.7177167447468147;-0.0010432466693640254;-0.0009295161578736692;9.984357887202789;0.7507515192249481;0.0133846802107955;0.013386030627176325;0.7508566341938793;0.012306089465995618;0.7182534657227239;-0.011846360733247746;0.7503485107284683;0.011566188910402472;1.0453516047073446;0.7178412033183134
31.51907;1.0456765336725116;0.7498698109632577;0.7177196311746249;-0.0009574021568054937;-0.000848224851205932;9.98458364934786;0.7507359969664267;0.01338455688905556;0.013385915087348552;0.7508549437532458;0.01239148864655564;0.7182529447415349;-0.011927352715322583;0.7503483115452472;0.01165307293298663;1.045361180563356;0.7178408436817966
31.667635;1.045662746537937;0.749868955516174;0.7177229654658571;-0.0008756945215968547;-0.0007708615615713712;9.984813793799105;0.7507207251710424;0.013384434480874272;0.013385798854232616;0.7508529984356891;0.012473940019261335;0.7182520779507945;-0.012005344677799326;0.7503478876235621;0.011734969255368632;1.0453695614008578;0.7178407153472883
31.964765;1.0456562783490704;0.7498675510853348;0.7177201429834225;-0.0007255378155119198;-0.0006279298098428026;9.985048183092978;0.7507057225222799;0.013384313066039608;0.013385681780309265;0.7508507888015536;0.012623440753921912;0.7182438314111814;-0.012148336635378152;0.7503462352183854;0.011885873363633405;1.0453887284812582;0.717834917005549
32.261895;1.0456483820751235;0.7498672164282596;0.7177187673318415;-0.0005919215790376806;-0.0005008276204390778;9.985286656753955;0.7506910173087608;0.013384192641016606;0.013385563619778999;0.7508473005752099;0.012757988921851841;0.7182371752852627;-0.012276328602269331;0.7503453570673846;0.012020780070003402;1.0454056657278403;0.7178310608997718
32.559025;1.045637178254112;0.749866313165172;0.7177186227093802;-0.00047263104710835367;-0.00038744030186517036;9.985528995799706;0.7506766458854142;0.013384073169543027;0.013385444222061683;0.7508445170787756;0.012877583773832966;0.7182310776258393;-0.012389320592077273;0.750344257777907;0.01213968400618963;1.045419368091252;0.7178280806126536
32.856155;1.0456248559411605;0.7498664117717065;0.7177197784463107;-0.00036812298465692986;-0.00028820971000461103;9.985774877937532;0.7506626464727238;0.013383954619208873;0.013385323610130482;0.7508414219998761;0.012982225470960772;0.7182265031364924;-0.012488312618507335;0.7503429419576457;0.01224458034487197;1.0454308436038482;0.7178269282358261
33.153285;1.0456104281216836;0.7498666139217619;0.7177221237290102;-0.00027800490696074884;-0.00020276706822226344;9.986023841081334;0.7506490525696952;0.013383837008809728;0.01338520194055802;0.7508380027911468;0.013072914112745611;0.7182224220858034;-0.012574304696544162;0.7503414188899459;0.01233546507808358;1.0454401103791167;0.717826566464272
33.450415;1.0455939913306846;0.7498667097741534;0.7177254595622363;-0.00020019702183323736;-0.0001291270750511615;9.986275299434507;0.7506358875356626;0.013383720483547381;0.013385079431536011;0.7508342531427377;0.013150648383943564;0.7182198177119463;-0.012648296843696068;0.7503397047116958;0.012414335062213469;1.0454471902908398;0.7178279705804061
34.044675;1.0455835125874833;0.7498669473045669;0.7177246121204196;-7.770585135178902e-05;-1.2724769805488345e-05;9.986528614253372;0.7506231618051036;0.013383605291438313;0.013384956325728423;0.7508301741177293;0.013273424783665066;0.7182116851894492;-0.012765289079151131;0.7503368180382392;0.012537187917967292;1.0454611030424357;0.7178250832052477
34.579509;1.0455673117855988;0.749867422734291;0.7177277670792548;-8.66975885535313e-07;5.99447741925851e-05;9.986783171684817;0.750610875977414;0.013383491648434985;0.013384832930153271;0.7508247735132545;0.01335023817584524;0.7182070263747053;-0.012837281420000606;0.7503347768010635;0.01261402194453884;1.0454678652762202;0.7178253162136579
35.114343;1.0455473524991687;0.7498675593337886;0.7177330731722007;5.026817791482175e-05;0.00010798567188278525;9.987038436090042;0.7505990258698523;0.013383379634169553;0.013384709611718245;0.7508200654446938;0.013402083055122117;0.7182058465749683;-0.012886273877854881;0.7503325994486687;0.012664836491359377;1.0454694936794133;0.7178290238171824
35.649177;1.0455257587965139;0.7498684593672805;0.71774015843953;8.04396822767332e-05;0.00013594070618838747;9.987293957093103;0.7505876043057487;0.01338326922675004;0.01338458670049566;0.7508150702286277;0.013432954564660614;0.718206157661903;-0.01291426645911553;0.7503303045848897;0.012695631926494604;1.0454690066265098;0.7178342199323812
36.184011;1.0455024643735475;0.7498694729073146;0.7177484670266067;9.517008226828818e-05;0.00014910088426668003;9.987549328020812;0.7505766016665766;0.013383160417065795;0.013384464429930893;0.7508098123984092;0.013447848802007376;0.7182069811256556;-0.012928259167567993;0.7503279076006945;0.01271140876808678;1.0454654221055424;0.7178400205143216
36.718845;1.0454784854679289;0.7498709224089554;0.7177576261130172;9.855101272140181e-05;0.00015138611968200052;9.987804155147305;0.7505660072964746;0.013383053247812709;0.013384342964898462;0.7508043176847463;0.013451762510309145;0.718209344182733;-0.012930252006225435;0.750325419921312;0.0127141672059527;1.0454607560142937;0.7178474580669874
37.253679;1.0454528448102571;0.7498718922884214;0.7177674471498451;9.272628760071276e-05;0.0001448512872570076;9.98805806230996;0.7505558105618484;0.013382947777143987;0.01338422244577644;0.7507986110751285;0.013446692705292706;0.7182112745624157;-0.012925244977775833;0.7503228512801214;0.01270890729268998;1.0454540228188638;0.7178546216855666
37.788513;1.045426555098834;0.7498727048980383;0.7177775579282475;8.178787909534109e-05;0.00013341613420321175;9.988310696830865;0.7505460010859785;0.013382844058488018;0.0133841030035116;0.7507927163011376;0.01343663654793536;0.7182137989294715;-0.012914238084586019;0.7503202109176093;0.01269862909454662;1.0454462361851369;0.7178625285680097
38.323347;1.0454006276545504;0.7498728352819639;0.7177867752510874;6.765157792182428e-05;0.00011891684754391547;9.98856172876019;0.7505365686711084;0.01338274214153312;0.013383984760900256;0.750786655883795;0.013423591337847566;0.7182169428794556;-0.012901231328703924;0.7503175075613623;0.012685332692422877;1.0454384090046096;0.7178712503157568
38.858181;1.0453750767547403;0.7498741637736438;0.7177969035632691;5.2587918922947903e-05;0.00010352933419899426;9.988810850505818;0.7505275032040138;0.013382642072792347;0.013383867833681763;0.7507804512174394;0.013408554520967333;0.7182197309128662;-0.012886224711845324;0.7503147494280404;0.012671018172490752;1.0454295534054068;0.7178797868804427
39.393015;1.045350007531119;0.7498756132334465;0.7178068524729115;3.825386570357663e-05;8.884194973238392e-05;9.989057775982001;0.7505187946153395;0.013382543895542564;0.013383752330566994;0.7507741226486087;0.013394523694680532;0.7182211864311884;-0.012871218235375573;0.7503119442986554;0.01265568562612121;1.045421680803976;0.717887174336292
39.927849;1.0453252475351733;0.7498770447962645;0.7178166200353849;2.321756783191686e-05;7.348560164766377e-05;9.989302239303191;0.7505104328783411;0.013382447650540218;0.013383638352706128;0.7507676895431324;0.013380496600033117;0.718223331771523;-0.012857211900323667;0.7503090996016706;0.012642335156213607;1.0454138020391655;0.7178954304747269
40.462683;1.0453018953004942;0.7498790406895864;0.7178260201941475;1.0206257082486643e-05;6.0073079249833366e-05;9.989543993189287;0.7505024080161199;0.013382353376661013;0.013383525994267544;0.7507611703426009;0.013368471113050657;0.7182241882883471;-0.012844205707428986;0.7503062224436589;0.012628966873421493;1.0454059274491145;0.717902555932324
41.462683;1.0452769731503138;0.7498803157144681;0.7178358806475683;-9.943423608591993e-06;3.9832674732684276e-05;9.989782807795185;0.7504947101086827;0.013382261109850208;0.01338341534352659;0.7507545826018887;0.013348445241845067;0.7182257764712422;-0.012825199657186924;0.7503033196211012;0.01260958088619831;1.0453970668434847;0.7179104256648972
42.462683;1.0452534768226933;0.749881758455581;0.7178450026593937;-2.3911248275217478e-05;2.551907864685718e-05;9.99001847059346;0.7504873293338722;0.013382170881355928;0.013383306482814617;0.7507479430200501;0.013335417125583489;0.7182271160316682;-0.012811193749880727;0.7503003976475814;0.012595177296172877;1.0453882295038395;0.7179182367827818
43.462683;1.0452315059130768;0.749883526007517;0.7178534774419;-3.202371984812682e-05;1.6821091420592674e-05;9.990250785842365;0.7504802560612268;0.013382082716651294;0.013383199488004666;0.7507412674568058;0.01332738503193236;0.7182272259183619;-0.012802187985599258;0.750297462752768;0.01258675620253117;1.0453814242403072;0.7179249894593775
44.462683;1.0452098869110578;0.7498848622671691;0.7178613964131174;-3.6686156131948266e-05;1.1436971492311527e-05;9.990479572892543;0.7504734809137084;0.013381996635317028;0.013383094428147507;0.7507345709088079;0.013323347349312389;0.7182261242794724;-0.012798182364247;0.7502945208684388;0.012582317710297537;1.0453746594164204;0.7179306839494365
45.462683;1.045189713227926;0.749886639808943;0.7178688511797569;-3.829098841374799e-05;8.992028932044882e-06;9.990704664989783;0.7504669947283575;0.013381912652093018;0.013382991364758678;0.7507278674976589;0.013322302578201698;0.7182258284346491;-0.012796176885564345;0.7502915776442043;0.012580861934061485;1.0453689429280426;0.7179372670468664
46.462683;1.0451699937673002;0.7498882350969603;0.7178759336020311;-3.781327643669158e-05;8.553581559899925e-06;9.990925909131008;0.7504607884893645;0.013381830778289994;0.013382890351320379;0.7507211705025768;0.013323249330901244;0.7182243549127463;-0.012796171549157067;0.7502886384297014;0.012581388997555608;1.045363282184548;0.7179427399270983
47.462683;1.0451507323841112;0.7498897397758404;0.7178827358085241;-3.6294155947008706e-05;9.125552432310305e-06;9.991143165754881;0.750454853302148;0.013381751022469156;0.013382791433800098;0.7507144923691644;0.01332518633433907;0.718222719481599;-0.01279716635451532;0.750285708218136;0.012582899035944587;1.0453576841210013;0.7179480856582642
48.462683;1.045131932237301;0.7498911495262246;0.717889258045449;-3.373469252240704e-05;1.070755823363631e-05;9.991356307957542;0.7504491804025771;0.013381673390683095;0.013382694651557944;0.7507078447108777;0.01332711242481903;0.7182199371150455;-0.01279816130101313;0.750282791655049;0.012585392201408523;1.045352155218965;0.7179522877615214
49.462683;1.0451145916107116;0.7498933677856602;0.7178956850297702;-3.2282053222995076e-05;1.1244336948030827e-05;9.991565220887027;0.7504437611797209;0.013381597886158232;0.013382600037854915;0.750701238386735;0.01332902653858774;0.7182180220110036;-0.012799156387892946;0.7502798931229933;0.012586868662345202;1.0453467014849809;0.7179573472108638
50.462683;1.0450967209398392;0.7498948645053168;0.7179019253380098;-3.076487328165161e-05;1.1857878785904065e-05;9.991769801147772;0.7504385871786154;0.013381524508424617;0.013382507620388097;0.7506946836170602;0.013331927703245499;0.7182159877095512;-0.012800151614249548;0.750277016813274;0.012588328591143184;1.045342328388044;0.7179622655576174
51.462683;1.0450793173106843;0.749896351203553;0.7179079799108606;-2.9250199564870027e-05;1.2484450981601836e-05;9.991969955951784;0.7504336501138908;0.013381453253259065;0.013382417422035608;0.7506881900699288;0.013332815030582756;0.7182138471738523;-0.012801146979039396;0.7502741667323661;0.012589772152600643;1.0453370408283322;0.7179670442679709
52.462683;1.0450623815322555;0.7498979208141454;0.7179139420103209;-2.8778862670164173e-05;1.2127952574636559e-05;9.992165603143123;0.7504289419107808;0.013381384113313978;0.01338232946143649;0.7506817669165285;0.013334687712057557;0.7182116127733931;-0.012802142481130813;0.7502713466712282;0.012590199506133761;1.0453318431979122;0.7179716848601254
53.462683;1.0450459139114374;0.7498993777902603;0.7179196286966808;-2.727162460545662e-05;1.2779525311497544e-05;9.992356672276323;0.7504244546985802;0.013381317077884817;0.013382243753540368;0.7506754228264116;0.013335545009592154;0.7182092962969625;-0.012802138119350336;0.7502685601947051;0.012591610816565636;1.0453267394982706;0.717976171084847
54.462683;1.045029914231191;0.7499009116193497;0.7179252257382717;-2.680920501740508e-05;1.2447305606440488e-05;9.992543104745176;0.7504201807498345;0.013381252132113386;0.013382160309775555;0.7506691658831973;0.013336386240624788;0.7182069090332286;-0.012802133892464242;0.7502658106424566;0.012592006262146037;1.0453217334326772;0.7179805224076395
55.462683;1.045014381768735;0.7499024232994191;0.7179306427382481;-2.6352263856660595e-05;1.2126666786825887e-05;9.99272485226199;0.7504161124500107;0.013381189257260614;0.013382079137305719;0.750663003531158;0.013337210772959806;0.7182044617917037;-0.0128021297991297;0.750263101119576;0.012592386039630912;1.045316828416996;0.7179847404976479
56.462683;1.0449993153346826;0.7499039102295082;0.7179358816037447;-2.5901415384120704e-05;1.1817238970474228e-05;9.992901875015752;0.7504122423559098;0.013381128432275548;0.013382000238807472;0.7506569426528715;0.013338018034295192;0.7182019648580164;-0.012802125837891904;0.7502604345044316;0.012592750366557251;1.0453120274949796;0.7179888270381841
57.462683;1.0449847133073615;0.7499053699447943;0.7179409444086358;-2.545722713135794e-05;1.1518668550739958e-05;9.993074140112046;0.7504085632946983;0.013381069635560416;0.01338192361390785;0.7506509896769691;0.013338807519071431;0.7181994280060642;-0.012802122007214223;0.7502578134634583;0.012593099475441795;1.0453073332585772;0.7179927837543048
58.462683;1.0449705736706223;0.7499068963025128;0.7179459255239371;-2.606022541925348e-05;1.0234885878435476e-05;9.993241620633183;0.750405068406603;0.013381012846402973;0.013381849260073839;0.7506451505956739;0.01333957877720353;0.7181968605527298;-0.012802118305496952;0.7502552404537703;0.012593433606197118;1.0453027478941233;0.7179966124404129
59.462683;1.0449568939657015;0.7499082946653106;0.7179506430953907;-2.5630884198836205e-05;9.957089558359331e-06;9.993404296254734;0.7504017511145397;0.01338095804562497;0.013381777171532615;0.7506394309391945;0.013340331394021285;0.7181942713334083;-0.012802114731093963;0.7502527177381172;0.01259375300950968;1.045298273311771;0.7180003149073733
60.462683;1.044943671197233;0.7499096593128018;0.7179551917476193;-2.5209640138015402e-05;9.689243952618084e-06;9.993562154535645;0.7503986050737308;0.013380905214587829;0.013381707338296524;0.7506338357862755;0.013341064983308325;0.7181916686372573;-0.012802111282331082;0.7502502474191238;0.012594057956329698;1.0452939112867095;0.7180038929350467
61.462683;1.044930901838403;0.7499109885706027;0.7179595740225747;-2.4796880377319522e-05;9.431077638954407e-06;9.99371519096022;0.750395624152416;0.013380854333309619;0.013381639746406129;0.7506283698078089;0.013341779195817862;0.7181890602582369;-0.012802107957514653;0.7502478314768585;0.01259334874188585;1.0452896635947841;0.7180073483205767
62.462683;1.044918581899395;0.7499122809783856;0.717963792480495;-2.439295329153939e-05;9.182356937746385e-06;9.993863408115576;0.7503928024380471;0.013380805379722312;0.013381574378278964;0.7506230372765915;0.01334247372665306;0.7181864536026532;-0.012802104754938315;0.7502454717580558;0.01259362568181495;1.0452855320696661;0.7180106828962176
63.462683;1.0449067069927787;0.7499135352432775;0.7179678497221011;-2.399817827595868e-05;8.942870019839006e-06;9.99400681493933;0.7503901342072967;0.013380758330306159;0.013381511213172548;0.7506178420316806;0.013343148311490485;0.7181838556861186;-0.012802101672885273;0.7502431698918346;0.012593889102526682;1.0452815185430433;0.7180138984638853
64.462683;1.044895272392535;0.7499147501948367;0.7179717483850618;-2.361284901275129e-05;8.712395607960498e-06;9.994145425896502;0.7503876138458967;0.013380713160568516;0.013381450228990455;0.7506127874915025;0.01334380271777653;0.7181812730667635;-0.012802098709622773;0.7502409272270972;0.012594139333694297;1.0452776247170208;0.7180169967901893
65.462683;1.044884273095425;0.7499159247333897;0.7179754911261578;-2.3237231141831442e-05;8.490698622350058e-06;9.994279260617779;0.7503852357985054;0.013380669844934584;0.013381391404683439;0.7506078767177069;0.013344436742974827;0.7181787118299007;-0.012802095863390836;0.7502387448709361;0.012594376702461415;1.0452738520520723;0.7180199796847763
66.462683;1.0448737038958704;0.7499170578072271;0.7179790806495312;-2.287156251354552e-05;8.277538618962196e-06;9.994408343955524;0.750382994606277;0.013380628356634826;0.013381334721086388;0.7506031124293113;0.013345050219292684;0.7181761776371262;-0.012802093132368797;0.7502366238046031;0.012594601525055826;1.0452702017415865;0.7180228490230207
67.462683;1.0448635594331377;0.7499181484479172;0.7179825197194046;-2.2516053111687163e-05;8.072678212276987e-06;9.994532705402765;0.7503808849710456;0.013380588667468997;0.013381280160206135;0.7505984969751612;0.013345643015640398;0.7181736758065774;-0.012802090514644402;0.7502345649974239;0.012594814109688695;1.045266674712727;0.7180256066797643
68.462683;1.044853834196214;0.7499191958387893;0.7179858111256157;-2.217087805084497e-05;7.87589255642344e-06;9.994652377999246;0.7503789017601589;0.013380550747608697;0.01338122770403032;0.750594032332086;0.013346215036078475;0.7181712113828688;-0.012802088008236933;0.7502325694336659;0.012595014773854232;1.0452632715823045;0.7180282544667235
69.462683;1.04484452249713;0.7499201993674112;0.717988957670061;-2.1836173096867056e-05;7.686956222974231e-06;9.994767397591687;0.7503770399889155;0.013380514565913292;0.013381177333106049;0.7505897201322638;0.013346766218892326;0.7181687891664266;-0.012802085611137404;0.7502306380499133;0.01259520385763451;1.0452599926557695;0.7180307941135214
70.462683;1.0448356184165382;0.7499211586544329;0.7179919621854385;-2.1512038728460773e-05;7.505611002208338e-06;9.99487780303695;0.7503752948570503;0.013380480089816077;0.013381129025638474;0.750585561715394;0.013347296539796443;0.7181664136956801;-0.012802083321309032;0.7502287716486234;0.012595381724956263;1.0452568380163372;0.7180332272929528
71.462683;1.0448271157493134;0.7499220735319251;0.717994827558723;-2.119854829136694e-05;7.331567969333716e-06;9.99498363704234;0.7503736617766676;0.013380447284285465;0.013381082757722181;0.7505815581863992;0.01334780601745033;0.7181640892292304;-0.012802081136677523;0.7502269708493646;0.012595548753560061;1.0452538075887896;0.7180355557247997
72.462683;1.044819007963585;0.7499229439622268;0.7179975567351232;-2.0895760025990702e-05;7.164555280617273e-06;9.99508494651056;0.7503721363165781;0.01338041611131477;0.013381038504250901;0.7505777104233683;0.01334829471246053;0.7181618197588377;-0.012802079055130885;0.7502252360945727;0.012595705315339671;1.0452509011310773;0.7180377812989589
73.462683;1.0448112882350709;0.7499237700026435;0.718000152670803;-2.0603727280602806e-05;7.004355735145566e-06;9.995181782251619;0.7503707141274019;0.013380386530810364;0.013380996239763581;0.7505740190231538;0.013348762719675014;0.7181596089942132;-0.01280207707451182;0.7502235676733796;0.012595851757517179;1.0452481182612314;0.7180399060755179
74.462683;1.0448039495469754;0.7499245518323459;0.7180026182964498;-2.032249904744476e-05;6.85080061827692e-06;9.9952741990973;0.7503693909179743;0.013380358502691902;0.013380955938312464;0.750570484219027;0.013349210167449485;0.7181574603110549;-0.01280207519261066;0.7502219657238658;0.012595988396544463;1.0452454585088884;0.7180419321897422
75.462683;1.0447969847022636;0.7499252897386025;0.7180049565458407;-2.0052113387444684e-05;6.7037388788791885e-06;9.995362256618531;0.7503681624743771;0.013380331989019004;0.01338091757235693;0.7505671058464751;0.013349637225313293;0.7181553767249163;-0.012802073407158414;0.7502204301954063;0.012596115528099638;1.0452429212624017;0.7180438618038625
76.462683;1.0447903862868606;0.7499259840854913;0.7180071703847318;-1.9792593714291577e-05;6.563008929117792e-06;9.995446019409895;0.7503670246700356;0.013380306953833904;0.01338088111220797;0.7505638834084651;0.01335004410326229;0.7181533608981007;-0.012802071715821116;0.750218960785664;0.012596233447734634;1.0452405056594305;0.7180456970998667
77.462683;1.0447841467332744;0.749926635318765;0.7180092628227842;-1.9543954455677402e-05;6.428436322663469e-06;9.995525556412742;0.75036597342452;0.013380283361021914;0.013380846526331041;0.7505608161534545;0.013350431039049083;0.7181514151839226;-0.012802070116221006;0.7502175569301117;0.012596342468012306;1.0452382105392597;0.7180474402672649
78.462683;1.0447782584021215;0.7499272439553094;0.7180112369223004;-1.9306204502377422e-05;6.299853097877524e-06;9.995600939756816;0.7503650046679411;0.013380261172951418;0.013380813781077366;0.7505579030965391;0.01335079828745134;0.7181495416921223;-0.01280206860598349;0.7502162178883307;0.012596442918329087;1.0452360344446585;0.7180490935468687
79.462683;1.0447727135262657;0.7499278105525633;0.7180130957771815;-1.9079339768124864e-05;6.177099566871732e-06;9.995672243873399;0.7503641143901906;0.013380240350692534;0.01338078284006174;0.7505551430257786;0.013351146125636277;0.7181477422853791;-0.012802067182774119;0.7502149428407594;0.01259653513441846;1.0452339756427185;0.7180506593074331
80.462683;1.044767504055988;0.7499283356911137;0.7180148424898569;-1.8863336902044767e-05;6.060010250846644e-06;9.995739545566257;0.7503632987135953;0.013380220855005336;0.013380753664733723;0.7505525344983736;0.013351474866295506;0.7181460185220893;-0.012802065844303353;0.7502137309061688;0.012596619456200248;1.0452320321870616;0.7180521400066527
81.462683;1.044762621572527;0.7499288199530718;0.718016480198439;-1.8658157089467035e-05;5.948420802786471e-06;9.995802924684892;0.7503625539115629;0.013380202647093345;0.013380726215587087;0.7505500758163564;0.013351784851400105;0.7181443716482135;-0.012802064588303711;0.7502125811192072;0.012596696228750034;1.0452302020003712;0.7180535380393531
82.462683;1.0447580573183723;0.749929263920583;0.7180180121395655;-1.8463754619483724e-05;5.842185489824261e-06;9.995862464426247;0.7503618763960241;0.013380185688005957;0.01338070045222485;0.7505477650112912;0.013352076429715278;0.7181428026273041;-0.012802063412493738;0.750211492456488;0.012596765793815154;1.0452284829017973;0.7180548556325604
83.462683;1.0447538022397462;0.7499296682402906;0.7180194416751937;-1.828007863828736e-05;5.741177159968091e-06;9.995918251507547;0.7503612626736599;0.013380169937630915;0.013380676332303694;0.7505455998441221;0.013352349944314359;0.7181413121698346;-0.012802062314552231;0.7502104638947543;0.01259682848528279;1.0452268725824967;0.718056094832757
84.462683;1.0447498470040377;0.7499300337108532;0.7180207722566331;-1.8107064119852888e-05;5.6452802982716175e-06;9.995970376598406;0.7503607092908067;0.013380155354984425;0.013380653810634344;0.7505435777998747;0.013352605736872128;0.7181399007708641;-0.012802061292112447;0.750209494406104;0.012596884634327631;1.0452253685917547;0.7180572575261038
85.462683;1.0447461820377706;0.7499303613163183;0.7180220073956995;-1.7944620725680487e-05;5.554388574101041e-06;9.996018934362192;0.7503602128284832;0.013380141898491564;0.013380632839206557;0.750541696057944;0.01335284415921888;0.718138568712113;-0.012802060342758593;0.750208582882764;0.012596934568275054;1.0452239683544338;0.7180583454853477
86.462683;1.0447427975743264;0.7499306522095286;0.7180231506625957;-1.779263064464466e-05;5.4683947609900406e-06;9.996064022825427;0.7503597699120659;0.013380129525254818;0.013380613368326758;0.7505399514706119;0.013353065579588222;0.7181373160136426;-0.012802059464026735;0.7502077280962259;0.012596978605529587;1.0452226692264535;0.7180593604581993
87.462683;1.044739683713655;0.7499309076952083;0.7180242056435036;-1.7650956824405103e-05;5.38717203580814e-06;9.996105742445973;0.75035937719252;0.013380118191315155;0.013380595347857502;0.750538340600479;0.013353270382643513;0.7181361424124594;-0.012802058653425976;0.7502069287503708;0.012597017059977213;1.0452214685339547;0.7180603042276633
88.462683;1.0447368304901226;0.7499311292120606;0.7180251758792827;-1.7519448483624335e-05;5.310564248395345e-06;9.996144195346776;0.7503590313193707;0.01338010785282092;0.013380578727035788;0.7505368597487739;0.013353458973732186;0.7181350473786184;-0.012802057908455918;0.7502061835496179;0.012597050249998978;1.045220363531075;0.71806117857419
89.462683;1.044734227856883;0.7499313183115698;0.7180260648550199;-1.739793764448624e-05;5.238404772406755e-06;9.996179485472561;0.7503587289076756;0.013380098465561466;0.013380563453754962;0.7505355049004958;0.01335363178797663;0.7181340301320337;-0.012802057226603665;0.7502054911914652;0.012597078501032038;1.045219351316622;0.7180619852531018
90.462683;1.0447318656169067;0.7499314766431354;0.7180268760285543;-1.728623481198571e-05;5.170550099862117e-06;9.996211719635982;0.7503584665442437;0.013380089983619158;0.01338054947500065;0.7505342716781594;0.013353789298296613;0.7181330896875824;-0.012802056605353166;0.7502048503166684;0.012597102143336763;1.0452184287401676;0.7180627261014894
91.462683;1.0447297334395436;0.7499316059533326;0.7180276128721714;-1.71841246648866e-05;5.106883047936483e-06;9.996241008101597;0.7503582408693598;0.013380082359794357;0.013380536737922824;0.7505331553905484;0.013353932020248092;0.7181322248894975;-0.012802056042202671;0.7502042594844578;0.012597121508859718;1.0452175923473652;0.7180634031536123
92.462683;1.0447278209080217;0.7499317081274697;0.718028278904811;-1.709135968847168e-05;5.047291579781509e-06;9.996267464464548;0.7503580486264849;0.013380075547175647;0.013380525190747405;0.7505321511367213;0.013354060512933233;0.7181314343506677;-0.012802055534643163;0.7502037171500604;0.012597136927506341;1.0452168384596372;0.718064018632923
93.462683;1.0447261174504967;0.7499317852175985;0.7180288776837999;-1.7007656750886237e-05;4.99166616775174e-06;9.996291206036151;0.7503578866423449;0.013380069499665772;0.013380514782800687;0.7505312538912019;0.013354175377598768;0.7181307163836947;-0.012802055080117133;0.7502032216540429;0.01259714873148644;1.0452161633021586;0.7180645748634031
94.462683;1.0447246122195541;0.7499318394135945;0.7180294127773528;-1.6932699366281938e-05;4.939912118416623e-06;9.996312354690955;0.7503577518496866;0.013380064171346125;0.013380505462966291;0.7505304585144923;0.013354277253380828;0.7181300690125481;-0.012802054676005582;0.7502027713028344;0.01259715726437797;1.045215563009182;0.7180650742061618
95.462683;1.0447232940687492;0.7499318730576332;0.7180298877259511;-1.686614303874182e-05;4.891957577478456e-06;9.99633103721479;0.7503576413610821;0.013380059515997089;0.013380497178495291;0.7505297597268756;0.013354366809365867;0.718129489972399;-0.01280205431963061;0.7502023644729486;0.012597162881232117;1.0452150335724482;0.718065519078275
96.462683;1.0447221515840426;0.7499318887094151;0.7180303059818155;-1.6807618446935417e-05;4.847768441233068e-06;9.996347385233623;0.7503575524963294;0.013380055487227633;0.013380489875658246;0.7505291521060282;0.013354444742115962;0.7181289766876905;-0.01280205400826061;0.7502019996414757;0.012597165948597897;1.0452145708943525;0.7180659119981078
97.462683;1.044721173074286;0.7499318891420667;0.7180306708835846;-1.6756730127454407e-05;4.80737262865131e-06;9.996361535069232;0.7503574827071033;0.013380052038804902;0.013380483500654057;0.750528630042657;0.013354511781572605;0.7181285263372122;-0.012802053739123017;0.750201675397525;0.012597166851346282;1.045214170880755;0.7180662555611808
98.462683;1.0447203465164796;0.7499318772732135;0.7180309856853054;-1.6713053458797218e-05;4.770860866710282e-06;9.996373627311716;0.7503574294574478;0.013380049124938832;0.013380477999793427;0.750528187628695;0.013354568689833075;0.71812813597076;-0.012802053509404679;0.7502013904276179;0.012597165994624385;1.0452138294304478;0.718066552383995
99.462683;1.0447196594671366;0.7499318561437694;0.7180312535777001;-1.6676133561499413e-05;4.738345465702517e-06;9.996383806447827;0.7503573901854454;0.013380046700146565;0.013380473319461917;0.7505278186141315;0.013354616249977054;0.7181278025488673;-0.01280205331623961;0.7502011434222977;0.012597163801337533;1.045213542350883;0.7180668051248069
100.0;1.044719099022881;0.7499318289368232;0.7180314776942385;-1.6645488666702034e-05;4.709907981305144e-06;9.996392221192684;0.7503573623605069;0.013380044718854522;0.01338046940611562;0.7505275164868968;0.013354655263039658;0.718127522872036;-0.012802053156703073;0.7502009329773307;0.012597160709088312;1.045213305297579;0.7180670165590004
