time;BusPDR_BUS_Voltage;BusPDR_BUS_ActivePower;BusPDR_BUS_ReactivePower;BusPDR_BUS_ActiveCurrent;BusPDR_BUS_ReactiveCurrent;Wind_Turbine_GEN_MagnitudeControlledByAVRPu;Wind_Turbine_GEN_VoltageInjTerminal;Wind_Turbine_GEN_ActiveCurrentInjTerminal;Wind_Turbine_GEN_ReactiveCurrentInjTerminal;Measurements_BUS_Voltage;Measurements_BUS_ActivePower;Measurements_BUS_ReactivePower;Main_Xfmr_XFMR_Tap;Wind_Turbine_GEN_ActivePowerSetpointPu;Wind_Turbine_GEN_ReactivePowerSetpointPu;Wind_Turbine_GEN_VoltageSetpointPu;Wind_Turbine_GEN_NetworkFrequencyPu;NetworkFrequencyPu
0.000000;1.044444;0.5;0;0.478723608;0;1.044444;1.052522;0.489033853;0.0189428608;1.044444;0.45;0;10;0.5;0;1.044444;1;1
19.999996;1.04444399;0.499999435;-1.66184509e-07;0.478723731;-2.57946899e-07;1.04444464;1.05252293;0.489033394;0.018942335;1.04444418;0.449999716;-9.50997276e-08;10;0.500000115;0;1.044444;1.00000025;1.00000017
20.000000;1.04444399;0.499999435;-1.6617433e-07;0.478723731;-2.57994793e-07;1.04444464;1.05252293;0.489033394;0.0189423349;1.04444418;0.449999716;-9.5185182e-08;10;0.833333115;0;1.044444;1.00000025;1.00000017
20.001376;1.04444401;0.500002742;-1.59200929e-07;0.478726902;-2.70997359e-07;1.04444466;1.05252295;0.489036589;0.0189423258;1.04444416;0.450002689;-1.22966649e-07;10;0.833333127;0;1.044444;1.00000323;1.00000316
20.002400;1.04444402;0.50001717;9.59109421e-07;0.478740715;7.85891914e-07;1.04444466;1.05252297;0.489050337;0.0189444323;1.04444415;0.45001567;8.57911615e-07;10;0.833333133;0;1.044444;1.00001222;1.00001215
20.003424;1.04444202;0.500050488;9.67717128e-07;0.478773528;7.81677389e-07;1.04444367;1.05252198;0.489083552;0.0189465587;1.04444214;0.450045651;8.406353e-07;10;0.833333136;0;1.044444;1.00002921;1.00002915
20.004448;1.04444003;0.500109365;2.08828301e-06;0.478830808;1.84399131e-06;1.04444067;1.05252;0.489141513;0.0189497612;1.04444013;0.450098633;1.82555421e-06;10;0.833333137;0;1.044444;1.0000552;1.00005515
20.005472;1.04443503;0.500200466;9.86848231e-07;0.478920314;7.81125997e-07;1.04443667;1.05251701;0.489230556;0.0189550957;1.04443512;0.450180616;8.12841285e-07;10;0.833333137;0;1.044444;1.00008718;1.00008716
20.006984;1.04442403;0.500401568;-2.33306084e-06;0.479117884;-2.40515693e-06;1.04442467;1.05250903;0.489427508;0.0189626381;1.0444241;0.450361593;-2.20203499e-06;10;0.833333134;0;1.044444;1.00014517;1.00014517
20.007884;1.04441502;0.500562677;-6.7710371e-06;0.479276253;-6.6551255e-06;1.04441467;1.05250303;0.489585511;0.018968034;1.0444151;0.450506582;-6.20867729e-06;10;0.833333131;0;1.044444;1.00018516;1.00018518
20.008784;1.04440402;0.500758233;-1.23217184e-05;0.479468525;-1.19676349e-05;1.04440167;1.05249404;0.489778694;0.0189734867;1.04440409;0.450682572;-1.12140894e-05;10;0.833333128;0;1.044444;1.00022715;1.00022719
20.009684;1.04439101;0.500989346;-1.89853774e-05;0.479695763;-1.83430066e-05;1.04438567;1.05248404;0.490006129;0.0189789603;1.04439108;0.450890565;-1.72183893e-05;10;0.833333124;0;1.044444;1.00027214;1.0002722
20.010584;1.044375;0.501257129;-2.89844239e-05;0.479959494;-2.79094765e-05;1.04436667;1.05247204;0.490269338;0.0189844726;1.04437508;0.45113156;-2.62217127e-05;10;0.833333121;0;1.044444;1.00031914;1.00031922
20.011484;1.044356;0.501561579;-4.00967576e-05;0.480259723;-3.85397294e-05;1.04434467;1.05245804;0.490569379;0.0189910791;1.04435607;0.451405558;-3.62242375e-05;10;0.833333117;0;1.044444;1.00036713;1.00036724
20.012384;1.04433499;0.501904921;-5.45446546e-05;0.480598122;-5.23619424e-05;1.04431966;1.05244203;0.49090731;0.018996668;1.04433507;0.451714559;-4.92261953e-05;10;0.833333113;0;1.044444;1.00041713;1.00041725
20.013284;1.04431197;0.502286041;-7.01058659e-05;0.480973633;-6.72485673e-05;1.04429166;1.05242402;0.491283137;0.01900335;1.04431206;0.452057562;-6.32278681e-05;10;0.83333311;0;1.044444;1.00046712;1.00046727
20.014184;1.04428596;0.502707163;-8.78913766e-05;0.481388847;-8.42639255e-05;1.04425966;1.05240401;0.491697916;0.0190090134;1.04428606;0.452436569;-7.92295656e-05;10;0.833333105;0;1.044444;1.00051812;1.00051828
20.015084;1.04425695;0.503166063;-0.000107900946;0.481841645;-0.000103408451;1.04422466;1.052381;0.492151067;0.019015787;1.04425705;0.452849577;-9.72315861e-05;10;0.833333101;0;1.044444;1.00056912;1.0005693
20.015984;1.04422594;0.503664965;-0.000131245324;0.482333699;-0.000125746576;1.04418665;1.05235698;0.492642714;0.0190225785;1.04422605;0.453298588;-0.0001182342;10;0.833333097;0;1.044444;1.00062012;1.00062031
20.016884;1.04419193;0.504201644;-0.000155701732;0.482863353;-0.000149150874;1.04414565;1.05233096;0.493172274;0.0190294057;1.04419205;0.453781601;-0.000140237744;10;0.833333092;0;1.044444;1.00067112;1.00067132
20.017784;1.04415491;0.504777214;-0.000182380507;0.483431676;-0.000174685883;1.04410165;1.05230194;0.493740223;0.0190362868;1.04415505;0.454299616;-0.000164242393;10;0.833333088;0;1.044444;1.00072212;1.00072232
20.018684;1.0441159;0.505391673;-0.000211281132;0.484038214;-0.000202351932;1.04405364;1.05227092;0.494346099;0.0190442594;1.04411605;0.454852632;-0.000190248319;10;0.833333084;0;1.044444;1.00077213;1.00077232
20.019584;1.04407388;0.506041688;-0.000241292127;0.484680248;-0.000231085462;1.04400263;1.05223889;0.494988383;0.0190511938;1.04407405;0.45543765;-0.000217255546;10;0.833333081;0;1.044444;1.00082113;1.00082132
20.020484;1.04402987;0.506729481;-0.000274635471;0.485359449;-0.000263015089;1.04394863;1.05220386;0.495668021;0.0190592382;1.04403005;0.456056668;-0.000247263974;10;0.833333078;0;1.044444;1.00087014;1.00087032
20.021384;1.04398385;0.507453941;-0.000309088785;0.486074764;-0.00029601274;1.04389162;1.05216783;0.496383024;0.0190673004;1.04398405;0.456708686;-0.000278273456;10;0.833333075;0;1.044444;1.00091814;1.00091831
20.022284;1.04393484;0.508213957;-0.000345763078;0.486825603;-0.000331143288;1.04383161;1.05212881;0.497133285;0.0190754167;1.04393505;0.457392705;-0.000311283842;10;0.833333074;0;1.044444;1.00096615;1.00096629
20.023015;1.04389383;0.508856193;-0.000376879554;0.487459949;-0.000360953794;1.0437816;1.05209678;0.497768341;0.0190823467;1.04389405;0.45797072;-0.000339292791;10;0.833333072;0;1.044444;1.00100315;1.00100328
20.024498;1.04380481;0.510228443;-0.000443554033;0.48881617;-0.000424841772;1.04367257;1.05202674;0.499123792;0.0190973711;1.04380505;0.459205752;-0.000399312297;10;0.833333071;0;1.044444;1.00107817;1.00107825
20.025498;1.0437418;0.511204016;-0.00049022427;0.489780364;-0.000469569286;1.04359456;1.05197671;0.50008861;0.0191077995;1.04374205;0.460083772;-0.000441325832;10;0.833333071;0;1.044444;1.00112718;1.00112722
20.026498;1.04367579;0.512219592;-0.000539115367;0.490784414;-0.000516431388;1.04351454;1.05192468;0.50109144;0.0191193201;1.04367606;0.460997793;-0.000485339375;10;0.833333071;0;1.044444;1.00117419;1.00117419
20.027498;1.04360678;0.513272944;-0.000590227364;0.491826205;-0.000565428601;1.04343052;1.05187065;0.502133349;0.0191308768;1.04360706;0.461945813;-0.000531352713;10;0.833333072;0;1.044444;1.0012202;1.00122015
20.028498;1.04353578;0.514362964;-0.000643560235;0.492904218;-0.000616561061;1.0433435;1.05181462;0.503211182;0.0191435257;1.04353606;0.462926834;-0.000579365692;10;0.833333071;0;1.044444;1.00126521;1.00126511
20.029498;1.04346277;0.515489651;-0.000698002779;0.494018464;-0.000668764644;1.04325347;1.0517566;0.504324952;0.0191572676;1.04346306;0.463940853;-0.000628378092;10;0.83333307;0;1.044444;1.00130822;1.00130807
20.030498;1.04338677;0.51664967;-0.000753554908;0.495166237;-0.00072204057;1.04316145;1.05169757;0.505472075;0.0191710276;1.04338706;0.464984873;-0.000678389527;10;0.833333068;0;1.044444;1.00135023;1.00135003
20.031498;1.04330876;0.517844131;-0.000811327733;0.496348145;-0.000777453812;1.04306543;1.05163555;0.506653526;0.0191848427;1.04330906;0.466059892;-0.000730399486;10;0.833333064;0;1.044444;1.00139024;1.00138999
20.032498;1.04322776;0.519069704;-0.00087021025;0.497561483;-0.000833941009;1.04296741;1.05157253;0.507867299;0.0192007897;1.04322806;0.467162912;-0.000783407513;10;0.833333058;0;1.044444;1.00142924;1.00142894
20.033498;1.04314576;0.520327498;-0.000930202614;0.498806377;-0.000891501452;1.04286739;1.05150751;0.509111772;0.0192167738;1.04314605;0.46829493;-0.000837413333;10;0.833333051;0;1.044444;1.00146724;1.0014669
20.034498;1.04306076;0.521614178;-0.000991304975;0.500080602;-0.000950137816;1.04276437;1.0514405;0.510385903;0.0192327954;1.04306105;0.469452949;-0.000892416836;10;0.833333042;0;1.044444;1.00150425;1.00150385
20.035498;1.04297476;0.522930858;-0.00105351746;0.50138428;-0.00100984946;1.04265835;1.05137148;0.511689704;0.0192509685;1.04297504;0.470637967;-0.000948418015;10;0.833333032;0;1.044444;1.00153924;1.00153879
20.036498;1.04288576;0.524274202;-0.0011168402;0.502715189;-0.00107063935;1.04255133;1.05130247;0.513020098;0.0192691435;1.04288603;0.471846984;-0.00100541696;10;0.833333021;0;1.044444;1.00157324;1.00157274
20.037498;1.04279476;0.525645325;-0.00118238433;0.504073929;-0.00113357307;1.04244132;1.05123046;0.514377502;0.0192884326;1.04279502;0.473080999;-0.00106441384;10;0.83333301;0;1.044444;1.00160524;1.00160469
20.038498;1.04270276;0.52704089;-0.00124792765;0.505456835;-0.00119651945;1.04232931;1.05115745;0.51576095;0.0193077428;1.042703;0.474337014;-0.00112340896;10;0.833332999;0;1.044444;1.00163723;1.00163663
20.039498;1.04260876;0.52846201;-0.00131458123;0.506865469;-0.00126054564;1.0422153;1.05108345;0.517168338;0.0193291886;1.04260899;0.475616028;-0.00118340263;10;0.833332988;0;1.044444;1.00166722;1.00166658
20.040498;1.04251276;0.529906463;-0.00138123406;0.508297713;-0.0013245866;1.0420993;1.05100844;0.518600731;0.0193506562;1.04251297;0.476916041;-0.00124339512;10;0.833332977;0;1.044444;1.00169621;1.00169552
20.041498;1.04241576;0.531373137;-0.00145010864;0.509752027;-0.00139077326;1.0419813;1.05093144;0.520054404;0.0193721643;1.04241595;0.478236053;-0.00130538656;10;0.833332967;0;1.044444;1.0017242;1.00172347
20.042498;1.04231577;0.532862033;-0.00151898316;0.511229403;-0.0014569774;1.0418613;1.05085243;0.521531485;0.0193958278;1.04231592;0.479576065;-0.00136737702;10;0.833332956;0;1.044444;1.00175119;1.00175042
20.043498;1.04221577;0.53437204;-0.00158896916;0.512727318;-0.00152426159;1.0417393;1.05077343;0.523028877;0.0194194957;1.0422159;0.480935076;-0.00143036644;10;0.833332947;0;1.044444;1.00177718;1.00177638
20.044498;1.04211277;0.535900936;-0.00165895591;0.514245124;-0.00159156485;1.0416163;1.05069242;0.524546525;0.0194453202;1.04211287;0.482311087;-0.00149335477;10;0.833332939;0;1.044444;1.00180116;1.00180034
20.045498;1.04200977;0.537449832;-0.00173005485;0.515782423;-0.00165994963;1.0414913;1.05061042;0.526083943;0.0194701108;1.04200985;0.483705098;-0.00155734211;10;0.833332932;0;1.044444;1.00182515;1.0018243
20.046498;1.04190477;0.539016506;-0.00180226619;0.51733808;-0.00172941982;1.04136431;1.05052741;0.527639023;0.0194970404;1.04190482;0.485115108;-0.00162232871;10;0.833332927;0;1.044444;1.00184814;1.00184726
20.047498;1.04179777;0.540600958;-0.0018744789;0.51891211;-0.0017989098;1.04123632;1.05044341;0.529212834;0.019523994;1.04179779;0.486541118;-0.00168731476;10;0.833332923;0;1.044444;1.00187013;1.00186923
20.048498;1.04168976;0.542203189;-0.00194780409;0.520504028;-0.00186948483;1.04110632;1.0503584;0.530803269;0.0195520294;1.04168977;0.487983127;-0.00175330024;10;0.833332921;0;1.044444;1.00189112;1.00189021
20.049498;1.04158076;0.543819865;-0.00202113061;0.522110642;-0.00194007865;1.04097533;1.0502714;0.532409786;0.0195811655;1.04158074;0.489438134;-0.00181928497;10;0.833332921;0;1.044444;1.00191111;1.00191019
20.050498;1.04146976;0.545453209;-0.00209445846;0.5237346;-0.00201069321;1.04084234;1.05018439;0.534032437;0.0196113652;1.04146972;0.49090814;-0.00188526873;10;0.833332922;0;1.044444;1.0019301;1.00192917
20.051498;1.04135875;0.547099888;-0.00216889869;0.525371707;-0.0020823917;1.04070834;1.05009539;0.535670133;0.0196416079;1.0413587;0.492390144;-0.00195225151;10;0.833332925;0;1.044444;1.00194909;1.00194815
20.052498;1.04124575;0.548761013;-0.00224445111;0.527024045;-0.00215517837;1.04057235;1.05000638;0.537321863;0.0196729147;1.04124567;0.493885146;-0.00202023353;10;0.833332928;0;1.044444;1.00196709;1.00196614
20.053498;1.04113074;0.550436584;-0.00232000444;0.528691628;-0.00222798655;1.04043535;1.04991637;0.538988144;0.0197053042;1.04113065;0.495393145;-0.00208821513;10;0.833332932;0;1.044444;1.00198408;1.00198313
20.054498;1.04101574;0.552123267;-0.00239555836;0.530370252;-0.00230081204;1.04029736;1.04982436;0.540667381;0.0197377372;1.04101562;0.496911141;-0.00215619661;10;0.833332937;0;1.044444;1.00200008;1.00199913
20.055498;1.04089974;0.553823285;-0.00247111243;0.532062566;-0.002373657;1.04015836;1.04973236;0.542358555;0.0197712343;1.0408996;0.498441136;-0.00222417808;10;0.833332941;0;1.044444;1.00201608;1.00201512
20.056498;1.04078173;0.555535527;-0.00254777725;0.533768024;-0.00244759149;1.04001837;1.04963935;0.544063247;0.0198058145;1.04078157;0.499982129;-0.00229315934;10;0.833332946;0;1.044444;1.00203107;1.00203012
20.057498;1.04066273;0.557257769;-0.00262555217;0.535483991;-0.00252261376;1.03987637;1.04954534;0.545778288;0.0198404195;1.04066255;0.501532121;-0.00236314;10;0.83333295;0;1.044444;1.00204507;1.00204413
20.058498;1.04054373;0.558991123;-0.00270221442;0.537211027;-0.00259658605;1.03973338;1.04945033;0.547504747;0.0198761081;1.04054352;0.503092113;-0.00243211971;10;0.833332954;0;1.044444;1.00205906;1.00205813
20.059498;1.04042273;0.560734477;-0.00277998583;0.538949102;-0.00267164882;1.03958938;1.04935432;0.549242631;0.0199128809;1.0404225;0.504661104;-0.00250209833;10;0.833332959;0;1.044444;1.00207206;1.00207114
20.060498;1.04030073;0.562487833;-0.0028577551;0.540697713;-0.00274673211;1.03944438;1.04925832;0.550990366;0.0199496606;1.04030047;0.506239095;-0.00257207601;10;0.833332963;0;1.044444;1.00208505;1.00208415
20.061498;1.04017773;0.564250077;-0.00293663328;0.542455801;-0.00282290441;1.03929838;1.04916031;0.552747948;0.0199875443;1.04017745;0.507825085;-0.002643053;10;0.833332969;0;1.044444;1.00209704;1.00209616
20.062498;1.04005473;0.56602121;-0.0030155093;0.544222848;-0.00289909541;1.03915039;1.0490623;0.554514332;0.0200264942;1.04005442;0.509419074;-0.00271402953;10;0.833332974;0;1.044444;1.00210903;1.00210818
20.063498;1.03992972;0.567800121;-0.00309438322;0.545998842;-0.002975311;1.03900239;1.04896329;0.556290052;0.0200654707;1.0399294;0.511020063;-0.0027850058;10;0.83333298;0;1.044444;1.00212002;1.00211919
20.064498;1.03980472;0.569587919;-0.00317325511;0.547783811;-0.00305154582;1.03885339;1.04886328;0.558075117;0.0201044737;1.03980437;0.512629051;-0.002855982;10;0.833332986;0;1.044444;1.002131;1.00213021
20.065498;1.03967772;0.571383495;-0.00325323624;0.549577746;-0.00312887463;1.0387024;1.04876327;0.55986688;0.0201456032;1.03967735;0.514245039;-0.00292795836;10;0.833332992;0;1.044444;1.00214099;1.00214023
20.066498;1.03955072;0.573185737;-0.00333321577;0.551378531;-0.00320622334;1.0385514;1.04866125;0.561667474;0.0201857194;1.03955033;0.515867027;-0.00299993516;10;0.833332998;0;1.044444;1.00215098;1.00215025
20.067498;1.03942271;0.574994644;-0.00341319416;0.553186701;-0.00328359528;1.0383994;1.04855924;0.563475836;0.0202279627;1.0394223;0.517495016;-0.00307191263;10;0.833333004;0;1.044444;1.00216096;1.00216027
20.068498;1.03929371;0.576811328;-0.00349317201;0.555003335;-0.00336099081;1.0382464;1.04845722;0.56529091;0.0202702139;1.03929328;0.519130006;-0.00314389089;10;0.833333009;0;1.044444;1.00216995;1.00216929
20.069498;1.03916371;0.578633566;-0.00357426112;0.556826302;-0.00343947942;1.0380924;1.0483532;0.567113779;0.0203125114;1.03916325;0.520769997;-0.00321686995;10;0.833333014;0;1.044444;1.00217894;1.00217831
20.070498;1.03903271;0.580461358;-0.00365423979;0.558655611;-0.00351692285;1.0379374;1.04824918;0.568942313;0.0203558764;1.03903223;0.522414988;-0.00328884972;10;0.833333018;0;1.044444;1.00218693;1.00218633
20.071498;1.03890171;0.582295815;-0.00373644173;0.560491798;-0.00359652579;1.0377814;1.04814416;0.570778116;0.0204003282;1.03890121;0.524065979;-0.00336283016;10;0.833333021;0;1.044444;1.00219492;1.00219435
20.072498;1.03876871;0.584134713;-0.00381753375;0.562333811;-0.00367508713;1.03762439;1.04803814;0.572619074;0.0204448073;1.03876819;0.525720971;-0.0034358113;10;0.833333023;0;1.044444;1.00220291;1.00220237
20.073498;1.03863571;0.585979166;-0.00389862708;0.564181646;-0.00375366947;1.03746739;1.04793212;0.57446677;0.0204892942;1.03863517;0.527380963;-0.00350879325;10;0.833333024;0;1.044444;1.00220991;1.00220939
20.074498;1.03850172;0.587829173;-0.00398083292;0.566035849;-0.00383334649;1.03730838;1.0478251;0.576319632;0.0205359292;1.03850116;0.529045955;-0.0035827761;10;0.833333023;0;1.044444;1.0022169;1.0022164
20.075498;1.03836773;0.589683624;-0.00406304027;0.567894812;-0.0039130451;1.03714938;1.04771708;0.578178728;0.0205815321;1.03836714;0.530714949;-0.00365675994;10;0.83333302;0;1.044444;1.0022239;1.00222342
20.076498;1.03823174;0.591542519;-0.00414524921;0.569759635;-0.00399277309;1.03698938;1.04760906;0.580041391;0.0206282042;1.03823113;0.532387943;-0.00373074474;10;0.833333015;0;1.044444;1.0022309;1.00223043
20.078498;1.03795877;0.595272531;-0.00431078335;0.573503075;-0.00415336958;1.03666637;1.04739003;0.583784398;0.020723757;1.03795812;0.535744934;-0.00387971652;10;0.833332999;0;1.044444;1.00224291;1.00224246
20.079498;1.03782179;0.597142538;-0.00439410859;0.575380629;-0.00423423825;1.03650436;1.04728002;0.585662073;0.0207715578;1.03782112;0.537427931;-0.00395470316;10;0.833332987;0;1.044444;1.00224892;1.00224847
20.080498;1.0376838;0.599018101;-0.00447743547;0.57726459;-0.00431513305;1.03634036;1.04716901;0.58754495;0.0208204495;1.03768311;0.539115929;-0.00402969016;10;0.833332974;0;1.044444;1.00225493;1.00225448
20.081498;1.03754382;0.600895886;-0.00456076383;0.579152311;-0.00439605827;1.03617635;1.047057;0.589430911;0.0208693713;1.03754312;0.540805928;-0.00410467748;10;0.833332959;0;1.044444;1.00225995;1.00225949
20.082498;1.03740483;0.602777004;-0.00464409349;0.581043196;-0.00447700133;1.03601135;1.046945;0.59132152;0.0209193651;1.03740412;0.542498929;-0.00417966518;10;0.833332943;0;1.044444;1.00226597;1.0022655
20.083498;1.03726385;0.604661455;-0.00472853542;0.582938926;-0.00455904629;1.03584634;1.04683199;0.593216285;0.0209693897;1.03726313;0.544194932;-0.00425565344;10;0.833332926;0;1.044444;1.002271;1.00227051
20.084498;1.03712286;0.606549241;-0.00481297825;0.584838386;-0.00464111365;1.03567933;1.04671799;0.595115211;0.0210205073;1.03712213;0.545893936;-0.00433164249;10;0.833332908;0;1.044444;1.00227603;1.00227553
20.085498;1.03698088;0.608439248;-0.0048974217;0.586741072;-0.00472320776;1.03551232;1.04660399;0.597017735;0.0210716367;1.03698014;0.547594941;-0.00440763247;10;0.833332889;0;1.044444;1.00228006;1.00227954
20.086498;1.03683889;0.610331477;-0.00498186536;0.588646424;-0.00480532392;1.03534431;1.04648999;0.598922796;0.02112384;1.03683816;0.549297948;-0.00448362347;10;0.833332869;0;1.044444;1.0022851;1.00228455
20.087498;1.0366959;0.612227039;-0.00506630883;0.590556082;-0.00488746655;1.0351763;1.046374;0.600832604;0.021176096;1.03669517;0.551003955;-0.00455961556;10;0.833332849;0;1.044444;1.00228913;1.00228856
20.088498;1.03655191;0.614125933;-0.00515186276;0.592470056;-0.00497070766;1.03500629;1.046258;0.602743895;0.0212283646;1.03655118;0.552712964;-0.00463660884;10;0.833332828;0;1.044444;1.00229417;1.00229358
20.089498;1.03640792;0.616025936;-0.0052374156;0.594385634;-0.00505397094;1.03483627;1.04614201;0.604659858;0.0212817076;1.0364072;0.554422973;-0.00471360337;10;0.833332807;0;1.044444;1.00229821;1.00229759
20.090498;1.03626193;0.617928159;-0.0053229671;0.596305039;-0.00513726638;1.03466626;1.04602502;0.606577885;0.0213350834;1.03626122;0.556134985;-0.00479059917;10;0.833332786;0;1.044444;1.00230226;1.0023016
20.091498;1.03611693;0.619832601;-0.00540851723;0.598226553;-0.00522057941;1.03449424;1.04590703;0.608499046;0.0213895545;1.03611623;0.557848997;-0.00486759628;10;0.833332764;0;1.044444;1.0023053;1.00230462
20.092498;1.03596994;0.621739262;-0.00549406616;0.600151908;-0.00530392521;1.03432222;1.04578803;0.610423347;0.0214440592;1.03596925;0.559565011;-0.00494459469;10;0.833332742;0;1.044444;1.00230934;1.00230863
20.093498;1.03582295;0.62364703;-0.00558072525;0.602078882;-0.00538836658;1.03414921;1.04567004;0.612349624;0.0214985566;1.03582226;0.561282027;-0.00502259441;10;0.833332719;0;1.044444;1.00231338;1.00231265
20.094498;1.03567595;0.625558128;-0.00566627252;0.604009622;-0.00547175831;1.03397619;1.04555005;0.614279634;0.0215541712;1.03567528;0.563002044;-0.00509959538;10;0.833332697;0;1.044444;1.00231641;1.00231566
20.095498;1.03552696;0.627469221;-0.00575293046;0.605942083;-0.00555625666;1.03380117;1.04543006;0.616211149;0.0216097994;1.03552629;0.564722062;-0.00517759745;10;0.833332674;0;1.044444;1.00232045;1.00231968
20.096498;1.03537796;0.629382534;-0.00583958831;0.607877246;-0.00564077838;1.03362616;1.04530907;0.618145824;0.0216654619;1.0353773;0.566444082;-0.00525560034;10;0.833332652;0;1.044444;1.00232348;1.00232269
20.097498;1.03522897;0.631298067;-0.00592624637;0.609815116;-0.00572532327;1.03345114;1.04518807;0.620083073;0.0217222013;1.03522831;0.568168103;-0.00533360378;10;0.83333263;0;1.044444;1.00232651;1.0023257
20.099498;1.03492798;0.635131349;-0.00610067539;0.613696457;-0.00589557286;1.03309711;1.04494407;0.623963301;0.0218368262;1.03492733;0.571618145;-0.00549061187;10;0.83333259;0;1.044444;1.00233255;1.00233172
20.100498;1.03477599;0.637050211;-0.00618844697;0.615641016;-0.00598127858;1.0329201;1.04482107;0.625906289;0.021894712;1.03477534;0.573345167;-0.00556961675;10;0.833332573;0;1.044444;1.00233557;1.00233473
20.102498;1.03447201;0.64089238;-0.00636399479;0.619536142;-0.00615276298;1.03256208;1.04457307;0.629800163;0.0220126937;1.03447135;0.576803212;-0.00572762881;10;0.83333255;0;1.044444;1.0023416;1.00234074
20.103498;1.03431902;0.642814576;-0.00645177167;0.621486237;-0.0062385479;1.03238307;1.04444806;0.631749993;0.0220717263;1.03431836;0.578533234;-0.00580663577;10;0.833332544;0;1.044444;1.00234461;1.00234375
20.104498;1.03416503;0.644737886;-0.006540662;0.623438587;-0.00632543795;1.03220207;1.04432305;0.633701355;0.0221307723;1.03416436;0.580264255;-0.00588664301;10;0.833332542;0;1.044444;1.00234761;1.00234675
20.105498;1.03401004;0.646662306;-0.00662844373;0.625393195;-0.00641128482;1.03202106;1.04419704;0.635654857;0.0221909168;1.03400937;0.581996276;-0.0059656503;10;0.833332544;0;1.044444;1.00234961;1.00234876
20.106498;1.03385506;0.64858784;-0.00671733905;0.627349463;-0.00649823162;1.03184006;1.04407102;0.637609896;0.0222510745;1.03385437;0.583729295;-0.00604565754;10;0.833332549;0;1.044444;1.00235262;1.00235176
20.107498;1.03370007;0.650513374;-0.00680623666;0.629306317;-0.00658520418;1.03165806;1.04394401;0.639567085;0.0223123308;1.03369938;0.585462313;-0.00612566476;10;0.833332559;0;1.044444;1.00235462;1.00235376
20.108498;1.03354308;0.65244002;-0.00689513622;0.631266055;-0.00667221568;1.03147506;1.04381599;0.641525366;0.0223736214;1.03354239;0.587196329;-0.00620567197;10;0.833332571;0;1.044444;1.00235761;1.00235676
20.109498;1.03338709;0.654367779;-0.00698514843;0.633226848;-0.0067603225;1.03129106;1.04368798;0.643486257;0.0224349249;1.0333864;0.588931343;-0.00628667912;10;0.833332587;0;1.044444;1.00235961;1.00235875
20.110498;1.0332291;0.656296649;-0.00707405062;0.635190539;-0.0068473943;1.03110706;1.04355896;0.645448249;0.0224973275;1.03322841;0.590667355;-0.00636668601;10;0.833332606;0;1.044444;1.00236161;1.00236074
20.111498;1.03307111;0.65822552;-0.00716406461;0.637154829;-0.00693556889;1.03092205;1.04342994;0.647411792;0.0225597439;1.03307042;0.592403365;-0.00644769239;10;0.833332627;0;1.044444;1.00236461;1.00236374
20.112498;1.03291312;0.660155503;-0.00725407892;0.639120795;-0.00702377101;1.03073605;1.04329993;0.649377509;0.0226221959;1.03291243;0.594140373;-0.00652869798;10;0.83333265;0;1.044444;1.0023666;1.00236573
20.113498;1.03275313;0.662085486;-0.00734409328;0.641088602;-0.00711201428;1.03055004;1.04316991;0.651343719;0.0226857274;1.03275245;0.59587738;-0.00660970259;10;0.833332674;0;1.044444;1.0023686;1.00236772
20.114498;1.03259414;0.664016581;-0.00743410752;0.643057471;-0.00720027825;1.03036304;1.04303889;0.653312112;0.0227492957;1.03259346;0.597615385;-0.00669070606;10;0.833332699;0;1.044444;1.00237059;1.00236971
20.115498;1.03243315;0.665947675;-0.00752412148;0.645028195;-0.00728858387;1.03017602;1.04290688;0.655282693;0.0228139667;1.03243248;0.599353388;-0.0067717082;10;0.833332724;0;1.044444;1.00237259;1.00237169
20.116498;1.03227215;0.667879881;-0.00761524621;0.647000608;-0.00737799385;1.02998801;1.04277486;0.657253776;0.022877588;1.0322715;0.60109239;-0.00685370874;10;0.833332749;0;1.044444;1.00237559;1.00237468
20.117498;1.03211116;0.669812087;-0.0077063706;0.648973636;-0.0074674322;1.02979899;1.04264285;0.659225359;0.0229422909;1.03211052;0.60283139;-0.00693570738;10;0.833332773;0;1.044444;1.00237758;1.00237667
20.118498;1.03194917;0.671744293;-0.00779749475;0.650947908;-0.00755690627;1.02960898;1.04250983;0.661199143;0.0230080981;1.03194853;0.604570388;-0.00701770395;10;0.833332798;0;1.044444;1.00237958;1.00237866
20.120498;1.03162319;0.675610928;-0.0079797428;0.654901733;-0.00773595481;1.02922893;1.0422418;0.665151635;0.0231398085;1.03162257;0.608050382;-0.00718169096;10;0.833332845;0;1.044444;1.00238357;1.00238263
20.121498;1.0314592;0.677544245;-0.00807086683;0.656880219;-0.00782552912;1.02903691;1.04210679;0.667129284;0.0232057127;1.03145858;0.609790379;-0.00726368186;10;0.833332869;0;1.044444;1.00238557;1.00238461
20.122498;1.03129422;0.679478674;-0.00816310201;0.65886105;-0.00791621645;1.02884489;1.04197078;0.669109155;0.0232727234;1.0312936;0.611531375;-0.00734667153;10;0.833332891;0;1.044444;1.00238757;1.0023866
20.123498;1.03112923;0.681413104;-0.00825533731;0.660842515;-0.0080069319;1.02865286;1.04183576;0.671089966;0.0233407964;1.03112861;0.613272371;-0.00742966042;10;0.833332914;0;1.044444;1.00238957;1.00238858
20.124498;1.03096424;0.683347535;-0.00834757288;0.662824616;-0.00809767526;1.02845884;1.04169874;0.673071516;0.0234078655;1.03096362;0.615013367;-0.00751264906;10;0.833332936;0;1.044444;1.00239057;1.00238956
20.125498;1.03079725;0.685281966;-0.00843980897;0.664808639;-0.00818846228;1.02826581;1.04156173;0.675054653;0.023476019;1.03079663;0.616754363;-0.00759563793;10;0.833332957;0;1.044444;1.00239257;1.00239154
20.126498;1.03063127;0.68721751;-0.00853204576;0.666793739;-0.00827926927;1.02807078;1.04142371;0.677038962;0.0235442125;1.03063064;0.618496358;-0.00767862751;10;0.833332978;0;1.044444;1.00239457;1.00239352
20.127498;1.03046328;0.689151944;-0.0086242833;0.668779698;-0.00837012019;1.02787576;1.0412857;0.679024864;0.0236134901;1.03046265;0.620237353;-0.00776161824;10;0.833332998;0;1.044444;1.00239657;1.0023955
20.129498;1.03012732;0.693023042;-0.00881098264;0.672755722;-0.00855406236;1.0274837;1.04100767;0.682999557;0.0237521424;1.03012666;0.623721341;-0.00792960483;10;0.833333036;0;1.044444;1.00240056;1.00239946
20.130498;1.02995834;0.694958595;-0.00890433335;0.674745365;-0.00864608335;1.02728567;1.04086766;0.684988357;0.0238225846;1.02995766;0.625463333;-0.00801360137;10;0.833333054;0;1.044444;1.00240255;1.00240145
20.131498;1.02978836;0.696894149;-0.00899768494;0.676736319;-0.00873814034;1.02708864;1.04072765;0.68697876;0.0238930444;1.02978766;0.627205325;-0.00809760028;10;0.833333071;0;1.044444;1.00240354;1.00240243
20.132498;1.02961837;0.698830816;-0.00909103738;0.678729013;-0.00883022486;1.02688962;1.04058665;0.688969291;0.0239635447;1.02961765;0.628948315;-0.00818160143;10;0.833333088;0;1.044444;1.00240553;1.00240441
20.133498;1.02944739;0.700766374;-0.00918439048;0.680721947;-0.00892234549;1.02669059;1.04044464;0.690962094;0.0240351534;1.02944665;0.630690305;-0.00826560449;10;0.833333105;0;1.044444;1.00240752;1.00240639
20.134498;1.02927541;0.702703044;-0.0092788549;0.682717287;-0.00901558199;1.02649157;1.04030264;0.692955441;0.02410678;1.02927464;0.632433294;-0.00835060906;10;0.833333121;0;1.044444;1.0024095;1.00240837
20.135498;1.02910343;0.704638604;-0.00937331898;0.684712216;-0.00910884673;1.02629155;1.04016064;0.694950401;0.0241784245;1.02910263;0.634175283;-0.00843561475;10;0.833333137;0;1.044444;1.00241048;1.00240935
20.136498;1.02893144;0.706575277;-0.00946778228;0.68670889;-0.00920214001;1.02609053;1.04001664;0.696946178;0.024251202;1.02893062;0.63591827;-0.00852062116;10;0.833333154;0;1.044444;1.00241245;1.00241134
20.138498;1.02858448;0.710447517;-0.00965670542;0.690705174;-0.00938884185;1.0256865;1.03972865;0.700941527;0.0243968138;1.02858361;0.639403244;-0.00869063473;10;0.833333187;0;1.044444;1.0024164;1.0024153
20.139498;1.02841049;0.712383084;-0.00975116506;0.692704122;-0.00948224312;1.02548349;1.03958466;0.702940032;0.0244707176;1.02840961;0.64114523;-0.00877564158;10;0.833333205;0;1.044444;1.00241737;1.00241629
20.140498;1.02823551;0.714319765;-0.00984673445;0.694705501;-0.00957676566;1.02528048;1.03943867;0.704940446;0.0245446885;1.02823461;0.642888217;-0.0088616485;10;0.833333223;0;1.044444;1.00241934;1.00241827
20.141498;1.02805952;0.716256448;-0.00994230248;0.696708238;-0.00967132998;1.02507647;1.03929267;0.70694142;0.0246186802;1.02805861;0.644631204;-0.00894765563;10;0.833333241;0;1.044444;1.00242131;1.00242026
20.142498;1.02788353;0.718192021;-0.0100378693;0.698710578;-0.00976592719;1.02487147;1.03914668;0.708942955;0.024693762;1.02788262;0.646373192;-0.00903366309;10;0.83333326;0;1.044444;1.00242228;1.00242124
20.143498;1.02770654;0.720128707;-0.0101334351;0.700715365;-0.0098605673;1.02466546;1.0389987;0.71094642;0.0247689128;1.02770563;0.648116179;-0.00911967096;10;0.833333279;0;1.044444;1.00242424;1.00242323
20.144498;1.02752955;0.722064283;-0.0102290003;0.702719761;-0.00995524124;1.02445946;1.03885171;0.712950836;0.0248440617;1.02752864;0.649858166;-0.00920567926;10;0.833333298;0;1.044444;1.00242621;1.00242522
20.145498;1.02735156;0.72400097;-0.0103256762;0.704726613;-0.0100510406;1.02425345;1.03870272;0.714956126;0.0249203502;1.02735066;0.651601154;-0.00929268801;10;0.833333318;0;1.044444;1.00242818;1.0024272
20.146498;1.02717356;0.725936547;-0.0104212408;0.706733078;-0.0101457931;1.02404545;1.03855473;0.716962369;0.0249966375;1.02717268;0.653343141;-0.00937869729;10;0.833333337;0;1.044444;1.00242915;1.00242819
20.148498;1.02681457;0.729808809;-0.010614593;0.710751248;-0.0103375963;1.02362946;1.03825476;0.720978275;0.0251515182;1.02681372;0.656828114;-0.00955271751;10;0.833333374;0;1.044444;1.0024331;1.00243217
20.149498;1.02663458;0.731744383;-0.0107112697;0.712761192;-0.0104335564;1.02342046;1.03810477;0.722987633;0.0252289942;1.02663375;0.658570101;-0.00963972828;10;0.833333392;0;1.044444;1.00243408;1.00243316
20.150498;1.02645358;0.733679956;-0.0108079468;0.714772535;-0.0105295624;1.02321047;1.03795379;0.724998268;0.0253065186;1.02645277;0.660312087;-0.00972673929;10;0.833333408;0;1.044444;1.00243605;1.00243515
20.151498;1.02627258;0.735615528;-0.0109057354;0.716784587;-0.0106266868;1.02299948;1.0378018;0.727010189;0.0253851623;1.0262718;0.662054073;-0.00981475048;10;0.833333423;0;1.044444;1.00243803;1.00243714
20.152498;1.02609059;0.737551098;-0.011002413;0.718798049;-0.0107227747;1.02278848;1.03764981;0.729022697;0.0254649012;1.02608983;0.66379606;-0.00990176187;10;0.833333436;0;1.044444;1.00243901;1.00243813
20.154498;1.02572459;0.741422235;-0.0111979902;0.722828521;-0.0109172446;1.0223645;1.03734384;0.733049823;0.0256234309;1.02572387;0.667280034;-0.0100777862;10;0.833333461;0;1.044444;1.00244298;1.00244213
20.155498;1.02554059;0.743356692;-0.0112957779;0.724844459;-0.0110145439;1.02215151;1.03718985;0.735065519;0.0257032927;1.0255399;0.669021021;-0.0101657996;10;0.833333471;0;1.044444;1.00244396;1.00244314
20.156498;1.02535659;0.745292257;-0.0113935641;0.726862203;-0.011111879;1.02193752;1.03703485;0.737082524;0.025784275;1.02535592;0.670763008;-0.0102538141;10;0.83333348;0;1.044444;1.00244595;1.00244515
20.157498;1.02517159;0.747226713;-0.0114924598;0.728880297;-0.0112103446;1.02172253;1.03687986;0.739100132;0.025865282;1.02517094;0.672503994;-0.0103428295;10;0.833333487;0;1.044444;1.00244794;1.00244716
20.158498;1.02498558;0.749162278;-0.011590242;0.730900916;-0.0113077731;1.02150754;1.03672387;0.741119057;0.0259474105;1.02498497;0.674245979;-0.0104308455;10;0.833333492;0;1.044444;1.00244894;1.00244817
20.159498;1.02479958;0.751096733;-0.0116891328;0.732921183;-0.0114063216;1.02129255;1.03656787;0.74313859;0.0260284927;1.02479899;0.675986963;-0.0105198618;10;0.833333495;0;1.044444;1.00245093;1.00245019
20.160498;1.02461357;0.753031187;-0.0117880209;0.734942182;-0.011504906;1.02107556;1.03641087;0.745159449;0.0261106974;1.02461302;0.677727945;-0.0106088782;10;0.833333496;0;1.044444;1.00245293;1.00245221
20.161498;1.02442556;0.754965641;-0.0118869063;0.736965353;-0.0116035486;1.02085857;1.03625387;0.74718092;0.0261940006;1.02442505;0.679468927;-0.0106978945;10;0.833333495;0;1.044444;1.00245493;1.00245423
20.162498;1.02423754;0.756900095;-0.0119857887;0.738989266;-0.0117022271;1.02064057;1.03609587;0.749203728;0.0262773554;1.02423707;0.681209907;-0.0107869107;10;0.833333491;0;1.044444;1.00245593;1.00245525
20.164498;1.02386051;0.760767891;-0.0121846557;0.743038959;-0.0119007886;1.02020358;1.03577787;0.753252648;0.0264441953;1.02386014;0.684690866;-0.0109659418;10;0.833333479;0;1.044444;1.00245994;1.00245931
20.165498;1.02367049;0.762701233;-0.0122846405;0.745065473;-0.012000684;1.01998358;1.03561787;0.755278771;0.0265287533;1.02367017;0.686430846;-0.0110559563;10;0.833333471;0;1.044444;1.00246095;1.00246034
20.167498;1.02328844;0.766567917;-0.0124846028;0.749122221;-0.012200609;1.01954258;1.03529687;0.759332553;0.0266990497;1.02328823;0.689910807;-0.0112359816;10;0.83333345;0;1.044444;1.00246497;1.00246441
20.168498;1.02309742;0.768501259;-0.0125845808;0.751151731;-0.0123006268;1.01932058;1.03513586;0.761361289;0.0267847883;1.02309726;0.691650789;-0.0113259922;10;0.833333438;0;1.044444;1.00246698;1.00246645
20.169498;1.02290539;0.770434603;-0.0126856684;0.753182738;-0.0124017799;1.01909857;1.03497386;0.763391393;0.0268705801;1.02290529;0.693390772;-0.011417001;10;0.833333425;0;1.044444;1.00246799;1.00246749
20.170498;1.02271237;0.772366837;-0.0127856437;0.755214159;-0.0125018965;1.01887556;1.03481085;0.765421797;0.0269574989;1.02271232;0.695129758;-0.0115070081;10;0.833333411;0;1.044444;1.00247;1.00246952
20.171498;1.02251834;0.774299073;-0.0128867294;0.757247091;-0.0126031496;1.01865156;1.03464784;0.767453914;0.027044445;1.02251835;0.696868745;-0.0115980131;10;0.833333397;0;1.044444;1.00247201;1.00247156
20.172498;1.02232432;0.776232422;-0.0129878145;0.759281882;-0.012704441;1.01842755;1.03448384;0.769487416;0.0271314443;1.02232438;0.698608735;-0.0116890159;10;0.833333382;0;1.044444;1.00247402;1.0024736
20.173498;1.02213029;0.778164661;-0.0130888996;0.761316359;-0.0128057707;1.01820254;1.03431883;0.771521233;0.027219571;1.0221304;0.700347726;-0.0117800162;10;0.833333365;0;1.044444;1.00247503;1.00247464
20.174498;1.02193526;0.780095793;-0.0131899847;0.763351272;-0.0129071515;1.01797653;1.03415382;0.773556774;0.0273077253;1.02193543;0.70208572;-0.0118710139;10;0.833333346;0;1.044444;1.00247704;1.00247668
20.175498;1.02173922;0.782028036;-0.0132921814;0.7653888;-0.0130096712;1.01775053;1.03398881;0.775591891;0.0273969818;1.02173945;0.703824716;-0.011963009;10;0.833333325;0;1.044444;1.00247904;1.00247872
20.176498;1.02154219;0.783960279;-0.0133943792;0.767427863;-0.0131122435;1.01752352;1.0338218;0.777630239;0.0274863196;1.02154248;0.705563713;-0.0120550017;10;0.833333303;0;1.044444;1.00248105;1.00248076
20.177498;1.02134515;0.785891411;-0.0134954675;0.769466626;-0.013213768;1.01729551;1.0336558;0.779667416;0.0275756593;1.0213455;0.707301711;-0.0121459925;10;0.833333279;0;1.044444;1.00248205;1.00248181
20.178498;1.02114711;0.787822542;-0.0135976687;0.771506935;-0.0133164337;1.0170675;1.03348779;0.781706763;0.0276650806;1.02114752;0.70903971;-0.0122379815;10;0.833333253;0;1.044444;1.00248405;1.00248385
20.179183;1.02101109;0.789147;-0.0136676554;0.772906884;-0.0133867663;1.0169105;1.03337279;0.783105528;0.0277273001;1.02101153;0.710231709;-0.0123009733;10;0.833333235;0;1.044444;1.00248505;1.00248488
20.180079;1.02083305;0.790873682;-0.0137598621;0.774733077;-0.013479441;1.01670449;1.03322179;0.784931981;0.027807708;1.02083355;0.711785709;-0.0123839616;10;0.833333209;0;1.044444;1.00248405;1.00248392
20.181154;1.02062;0.792928144;-0.0138720686;0.776907695;-0.0135922113;1.01645849;1.03304078;0.787105564;0.0279029308;1.02062057;0.71363471;-0.0124849465;10;0.833333177;0;1.044444;1.00247105;1.00247096
20.182178;1.02041896;0.794852602;-0.0139798343;0.778946663;-0.0137005139;1.01622448;1.03286978;0.789144256;0.0279893077;1.02041958;0.71536671;-0.0125819313;10;0.833333144;0;1.044444;1.00244204;1.00244201
20.183202;1.02022091;0.796731503;-0.014087603;0.780939487;-0.0138088209;1.01599448;1.03270178;0.791135061;0.0280724016;1.02022159;0.71705771;-0.0126789153;10;0.833333111;0;1.044444;1.00239604;1.00239605
20.184226;1.02002887;0.798553734;-0.0141920414;0.782872928;-0.0139138221;1.01577047;1.03253678;0.79306933;0.0281522099;1.02002959;0.718697711;-0.0127728986;10;0.833333076;0;1.044444;1.00233503;1.00233509
20.185250;1.01984182;0.800311519;-0.0142942606;0.784740059;-0.0140166169;1.01555347;1.03237779;0.794935022;0.0282308008;1.01984259;0.720279711;-0.0128648816;10;0.833333042;0;1.044444;1.00226102;1.00226114
20.186274;1.01966378;0.801997079;-0.0143898162;0.786530105;-0.0141127881;1.01534647;1.03222579;0.796724844;0.0283070689;1.01966459;0.721796712;-0.0129508646;10;0.833333007;0;1.044444;1.00217501;1.00217518
20.186786;1.01957776;0.802810414;-0.0144353729;0.787394167;-0.0141586653;1.01524646;1.0321528;0.797588569;0.0283445899;1.01957859;0.722528712;-0.0129918562;10;0.83333299;0;1.044444;1.002129;1.0021292
20.187298;1.01949374;0.803602636;-0.0144798193;0.788236121;-0.0142034329;1.01514946;1.0320808;0.798431188;0.0283810116;1.01949459;0.723241713;-0.0130318479;10;0.833332972;0;1.044444;1.00208099;1.00208122
20.188298;1.0193367;0.805090414;-0.0145598252;0.789817089;-0.0142841156;1.01496847;1.03194781;0.800010269;0.028453566;1.01933758;0.724580715;-0.0131038323;10;0.833332939;0;1.044444;1.00198098;1.00198126
20.189198;1.01920367;0.80635819;-0.0146253885;0.791164054;-0.0143503116;1.01481547;1.03183481;0.801356701;0.0285180485;1.01920457;0.725721718;-0.0131628189;10;0.83333291;0;1.044444;1.00188597;1.00188629
20.190098;1.01907864;0.807555965;-0.0146842871;0.792436462;-0.0144098698;1.01467347;1.03172882;0.802629058;0.0285823502;1.01907956;0.726799722;-0.0132158065;10;0.83333288;0;1.044444;1.00178796;1.00178832
20.190998;1.01896162;0.808683737;-0.014736521;0.793634253;-0.0144627862;1.01454048;1.03163083;0.803825434;0.028646442;1.01896255;0.727814727;-0.0132627951;10;0.833332851;0;1.044444;1.00168694;1.00168735
20.191898;1.01885359;0.809740398;-0.0147809787;0.794755503;-0.0145079517;1.01441948;1.03153983;0.804944408;0.0287103502;1.01885454;0.728765734;-0.013302785;10;0.833332823;0;1.044444;1.00158293;1.00158338
20.192798;1.01875457;0.810723724;-0.0148187706;0.795797978;-0.014546453;1.01430849;1.03145784;0.805985449;0.0287740179;1.01875553;0.729650742;-0.0133367762;10;0.833332795;0;1.044444;1.00147792;1.0014784
20.193698;1.01866455;0.811633716;-0.0148487854;0.796761626;-0.0145771958;1.0142095;1.03138284;0.806948999;0.0288364221;1.01866552;0.730469752;-0.0133637688;10;0.833332768;0;1.044444;1.00137091;1.00137142
20.194598;1.01858253;0.812471486;-0.0148710225;0.797648274;-0.0146001913;1.01412152;1.03131585;0.807833162;0.0288996882;1.01858351;0.731223764;-0.0133837626;10;0.833332742;0;1.044444;1.0012649;1.00126544
20.195498;1.01850952;0.813237034;-0.0148865929;0.798457099;-0.0146165135;1.01404353;1.03125585;0.80864084;0.0289627655;1.01851051;0.731912778;-0.0133977576;10;0.833332718;0;1.044444;1.00115789;1.00115845
20.196398;1.0184455;0.813929248;-0.0148943849;0.799186972;-0.0146250697;1.01397754;1.03120485;0.809369358;0.0290245188;1.0184465;0.732535793;-0.0134047536;10;0.833332695;0;1.044444;1.00105088;1.00105146
20.196829;1.01841849;0.814234799;-0.0148955027;0.799508194;-0.0146265483;1.01394955;1.03118285;0.80968941;0.0290542218;1.0184195;0.732810801;-0.013405752;10;0.833332685;0;1.044444;1.00099987;1.00100047
20.197086;1.01840249;0.814409241;-0.0148955066;0.79969205;-0.0146267778;1.01393455;1.03117086;0.809873395;0.0290717949;1.0184035;0.732967806;-0.0134057512;10;0.83333268;0;1.044444;1.00096987;1.00097047
20.197854;1.01836048;0.814897013;-0.0148921842;0.800204025;-0.0146241056;1.01389356;1.03113786;0.810383146;0.0291244318;1.0183615;0.733406822;-0.0134027492;10;0.833332664;0;1.044444;1.00087986;1.00088047
20.198854;1.01831547;0.815455894;-0.014881086;0.800788235;-0.014613836;1.01385158;1.03110386;0.810964842;0.0291921814;1.0183165;0.733909844;-0.0133927475;10;0.833332647;0;1.044444;1.00076385;1.00076448
20.199854;1.01828046;0.81592922;-0.014861097;0.801280605;-0.0145946916;1.01382259;1.03107887;0.81145436;0.0292586021;1.0182815;0.734335869;-0.0133747466;10;0.833332633;0;1.044444;1.00064984;1.00065047
20.200854;1.01825545;0.816318103;-0.0148322171;0.801682204;-0.0145666721;1.01380661;1.03106287;0.811853837;0.0293236924;1.0182565;0.734685895;-0.0133487465;10;0.833332623;0;1.044444;1.00053683;1.00053747
20.201854;1.01824144;0.816623654;-0.0147966681;0.801993315;-0.0145319462;1.01380162;1.03105587;0.812164336;0.0293874509;1.01824251;0.734960921;-0.0133167469;10;0.833332615;0;1.044444;1.00042682;1.00042746
20.202854;1.01823543;0.816850319;-0.0147544499;0.802220654;-0.0144905576;1.01380964;1.03105688;0.812387711;0.0294509823;1.01823652;0.735164949;-0.0132787476;10;0.833332612;0;1.044444;1.00031882;1.00031944
20.203854;1.01823943;0.816996985;-0.0147044518;0.802361547;-0.0144413876;1.01382865;1.03106688;0.812525325;0.0295121015;1.01824053;0.735296975;-0.0132337486;10;0.833332611;0;1.044444;1.00021281;1.00021343
20.204854;1.01825343;0.817068097;-0.0146477851;0.802420355;-0.0143855285;1.01385866;1.03108389;0.812581983;0.0295719419;1.01825453;0.735361001;-0.0131827497;10;0.833332614;0;1.044444;1.00010981;1.00011041
20.205854;1.01827543;0.817062544;-0.0145855615;0.802397565;-0.0143241018;1.01389967;1.0311099;0.812557192;0.0296293673;1.01827654;0.735356026;-0.0131267509;10;0.83333262;0;1.044444;1.00000981;1.00001038
20.206854;1.01830543;0.816985881;-0.0145177815;0.802298637;-0.0142571089;1.01395067;1.03114191;0.812454398;0.02968554;1.01830655;0.735287048;-0.0130657521;10;0.833332629;0;1.044444;0.999911818;0.999912362
20.207854;1.01834443;0.816836997;-0.0144433344;0.802121702;-0.0141834472;1.01401168;1.03118192;0.812275267;0.0297393242;1.01834556;0.735153068;-0.0129987533;10;0.833332642;0;1.044444;0.999816824;0.999817339
20.208854;1.01839044;0.816620335;-0.0143655542;0.801872714;-0.01410642;1.01408168;1.03122893;0.812022756;0.0297907479;1.01839156;0.734958085;-0.0129287545;10;0.833332658;0;1.044444;0.999724834;0.999725315
20.209854;1.01844444;0.816335896;-0.0142811074;0.801550899;-0.0140227433;1.01416068;1.03128194;0.811697666;0.0298398393;1.01844557;0.734702099;-0.0128527559;10;0.833332678;0;1.044444;0.999635846;0.999636293
20.210854;1.01850645;0.815988123;-0.0141933276;0.801160642;-0.0139356931;1.01424868;1.03134096;0.811305401;0.0298865981;1.01850757;0.734389111;-0.0127737577;10;0.8333327;0;1.044444;0.999548862;0.999549271
20.211854;1.01857445;0.815575905;-0.014101104;0.800702444;-0.0138442089;1.01434469;1.03140698;0.810844118;0.0299309947;1.01857557;0.73401812;-0.01269076;10;0.833332725;0;1.044444;0.999465882;0.999466251
20.212854;1.01864946;0.815103685;-0.0140055477;0.800179908;-0.0137493705;1.01444769;1.031478;0.810318642;0.029973087;1.01865058;0.733593127;-0.0126047631;10;0.833332753;0;1.044444;0.999384905;0.999385232
20.213854;1.01873047;0.814573688;-0.0139055475;0.799596022;-0.0136501034;1.01455969;1.03155502;0.809731442;0.0300128456;1.01873158;0.733116131;-0.0125147669;10;0.833332782;0;1.044444;0.99930693;0.999307214
20.214854;1.01881847;0.813985913;-0.0138033257;0.798950029;-0.0135485784;1.01467769;1.03163705;0.809082248;0.0300492227;1.01881958;0.732587133;-0.0124227717;10;0.833332813;0;1.044444;0.999230957;0.999231198
20.215854;1.01891148;0.81334258;-0.0136977713;0.798245707;-0.0134437342;1.01480269;1.03172308;0.808376177;0.0300833243;1.01891259;0.732008133;-0.0123277774;10;0.833332844;0;1.044444;0.999157985;0.999158183
20.216854;1.01901049;0.812647026;-0.0135888837;0.79748557;-0.0133355601;1.0149337;1.03181511;0.807613839;0.0301140154;1.01901159;0.731382132;-0.0122297842;10;0.833332875;0;1.044444;0.999088015;0.999088169
20.217854;1.01911349;0.81190036;-0.0134777742;0.796672302;-0.0132251751;1.0150707;1.03191114;0.806796828;0.0301424319;1.01911459;0.730710129;-0.0121297921;10;0.833332906;0;1.044444;0.999020046;0.999020156
20.218166;1.01914749;0.811657027;-0.0134433302;0.79640696;-0.0131909336;1.0151147;1.03194115;0.806531113;0.0301512437;1.01914859;0.730491128;-0.0120987948;10;0.833332916;0;1.044444;0.999000056;0.999000153
20.219190;1.0192605;0.810825916;-0.0133266653;0.795503258;-0.0130749995;1.0152627;1.03204518;0.805624084;0.0301761903;1.01926159;0.729743124;-0.0119938047;10;0.833332947;0;1.044444;0.998934089;0.998934141
20.220190;1.0193765;0.809965915;-0.0132100002;0.794569078;-0.0129590535;1.0154127;1.03215121;0.804687691;0.0301989209;1.01937759;0.728969119;-0.0118888159;10;0.833332976;0;1.044444;0.998872122;0.99887213
20.221190;1.01949551;0.809060358;-0.0130922239;0.793588092;-0.0128420061;1.0155687;1.03226024;0.803703948;0.0302183302;1.01949659;0.728154113;-0.0117828288;10;0.833333004;0;1.044444;0.998813155;0.998813121
20.222190;1.01961951;0.808112578;-0.0129733363;0.79256204;-0.0127238336;1.0157277;1.03237227;0.802676108;0.0302344189;1.01962058;0.727301106;-0.0116758434;10;0.83333303;0;1.044444;0.998755187;0.998755113
20.223190;1.01974751;0.807121464;-0.0128533376;0.791490639;-0.0126045506;1.0158917;1.0324883;0.80160234;0.0302482351;1.01974857;0.726409098;-0.0115678594;10;0.833333055;0;1.044444;0.99870022;0.998700106
20.224190;1.01987951;0.806090348;-0.0127311166;0.790377185;-0.012483069;1.01606069;1.03260733;0.800486675;0.0302598086;1.01988057;0.725481088;-0.0114578764;10;0.833333078;0;1.044444;0.998648252;0.9986481
20.225190;1.0200145;0.805020341;-0.0126077846;0.789223573;-0.0123604926;1.01623269;1.03272936;0.799330214;0.0302680643;1.02001556;0.724518077;-0.0113468937;10;0.8333331;0;1.044444;0.998597283;0.998597096
20.226190;1.0201535;0.803912555;-0.0124844525;0.788030144;-0.0122378999;1.01640868;1.03285439;0.798134055;0.0302740789;1.02015455;0.723521064;-0.0112359112;10;0.83333312;0;1.044444;0.998548312;0.998548093
20.227190;1.02029549;0.802768102;-0.0123600093;0.786798791;-0.0121142156;1.01658767;1.03298142;0.796902222;0.0302778827;1.02029653;0.722491049;-0.0111239285;10;0.833333138;0;1.044444;0.99850234;0.99850209
20.228190;1.02044049;0.801589202;-0.0122344548;0.785531717;-0.0119894412;1.01677067;1.03311045;0.795633659;0.0302784008;1.02044152;0.721430034;-0.0110109458;10;0.833333154;0;1.044444;0.998457365;0.998457089
20.229190;1.02058848;0.800376969;-0.012107789;0.784230038;-0.0118635787;1.01695565;1.03324247;0.794329768;0.0302766805;1.02058951;0.720339017;-0.0108969626;10;0.833333168;0;1.044444;0.998414387;0.998414089
20.230190;1.02073847;0.799132513;-0.0119811229;0.782895635;-0.0117377299;1.01714464;1.03337649;0.792993494;0.030272752;1.02073949;0.719219;-0.010782979;10;0.833333179;0;1.044444;0.998373406;0.998373091
20.231190;1.02089146;0.797858058;-0.0118544566;0.781529945;-0.0116118848;1.01733563;1.03351251;0.791625929;0.030266616;1.02089248;0.718071983;-0.0106689946;10;0.833333187;0;1.044444;0.998334421;0.998334094
20.232190;1.02104646;0.796552491;-0.0117266788;0.780132668;-0.0114849676;1.01752861;1.03365053;0.790227095;0.0302571985;1.02104746;0.716896965;-0.0105540093;10;0.833333192;0;1.044444;0.998296432;0.998296098
20.233190;1.02120445;0.795219147;-0.0116000114;0.77870633;-0.0113591447;1.0177246;1.03379055;0.788799162;0.0302466503;1.02120545;0.715696948;-0.0104400228;10;0.833333194;0;1.044444;0.99826044;0.998260103
20.234190;1.02136444;0.793859136;-0.011472232;0.777252806;-0.0112322518;1.01792258;1.03393156;0.787343986;0.0302328518;1.02136543;0.714472933;-0.0103250352;10;0.833333193;0;1.044444;0.998225445;0.998225109
20.235190;1.02152544;0.792472458;-0.0113444513;0.775772877;-0.0111053889;1.01812256;1.03407457;0.785861897;0.0302179243;1.02152642;0.713224918;-0.0102100469;10;0.833333189;0;1.044444;0.998192446;0.998192114
20.236190;1.02168944;0.791059113;-0.0112166694;0.774265045;-0.0109785349;1.01832454;1.03421858;0.784353674;0.0302008229;1.0216904;0.711952907;-0.0100950585;10;0.833333182;0;1.044444;0.998161445;0.99816112
20.237190;1.02185443;0.789623545;-0.0110888858;0.772735197;-0.0108517122;1.01852852;1.03436359;0.782821479;0.030181549;1.02185539;0.710660898;-0.00998007044;10;0.833333172;0;1.044444;0.998131442;0.998131126
20.238190;1.02202143;0.788163533;-0.0109611009;0.771180422;-0.0107249106;1.0187335;1.03451059;0.781265645;0.0301600742;1.02202238;0.709346892;-0.00986508295;10;0.83333316;0;1.044444;0.998102436;0.99810213
20.239190;1.02218943;0.786681299;-0.0108333146;0.769603664;-0.0105981413;1.01893948;1.03465859;0.779688023;0.0301364287;1.02219037;0.708012888;-0.00975009628;10;0.833333146;0;1.044444;0.998074429;0.998074134
20.240190;1.02235944;0.785177955;-0.0107055272;0.768005277;-0.0104713946;1.01914746;1.03480659;0.778089373;0.0301117165;1.02236036;0.706659887;-0.00963511067;10;0.833333131;0;1.044444;0.998048421;0.998048136
20.241190;1.02253044;0.7836535;-0.0105777389;0.766386029;-0.0103446815;1.01935644;1.03495659;0.77646928;0.030084806;1.02253135;0.705287887;-0.00952012635;10;0.833333116;0;1.044444;0.998023413;0.998023137
20.242190;1.02270245;0.782110159;-0.0104510608;0.764748108;-0.0102190891;1.01956742;1.03510658;0.774830334;0.0300568299;1.02270334;0.703898888;-0.00940614344;10;0.833333101;0;1.044444;0.997999404;0.997999136
20.243190;1.02287546;0.780547929;-0.0103243822;0.763091526;-0.0100935314;1.0197784;1.03525857;0.773171047;0.0300266573;1.02287634;0.70249289;-0.00929216194;10;0.833333086;0;1.044444;0.997976395;0.997976133
20.244190;1.02305046;0.778966812;-0.0101977032;0.761415554;-0.00996799912;1.01999038;1.03540956;0.771495821;0.0299943764;1.02305133;0.701069892;-0.00917818174;10;0.833333072;0;1.044444;0.997954385;0.997954127
20.245190;1.02322548;0.777369029;-0.0100710237;0.759723869;-0.00984251256;1.02020435;1.03556254;0.769802428;0.0299620473;1.02322633;0.699631896;-0.0090642027;10;0.833333059;0;1.044444;0.997933375;0.997933118
20.246190;1.02340149;0.775754579;-0.00994545517;0.758015736;-0.00971814801;1.02041833;1.03571552;0.768093443;0.0299275824;1.02340233;0.698178901;-0.0089512247;10;0.833333048;0;1.044444;0.997913366;0.997913106
20.247190;1.0235785;0.774123465;-0.00981877544;0.756291169;-0.00959273418;1.02063231;1.0358695;0.766369205;0.0298909538;1.02357932;0.696710907;-0.00883724756;10;0.833333038;0;1.044444;0.997895356;0.997895091
20.248190;1.02375652;0.772477908;-0.00969431789;0.754552352;-0.00946952763;1.02084729;1.03602348;0.764629391;0.029854336;1.02375732;0.695229914;-0.00872527104;10;0.83333303;0;1.044444;0.997877346;0.997877074
20.249190;1.02393454;0.770816795;-0.00956874922;0.752798946;-0.00934528086;1.02106327;1.03617745;0.762876154;0.0298155843;1.02393532;0.693734922;-0.00861229479;10;0.833333024;0;1.044444;0.997859337;0.997859054
20.250190;1.02411356;0.76914235;-0.00944429157;0.751032397;-0.00922215461;1.02128025;1.03633242;0.761108763;0.0297768149;1.02411432;0.69222793;-0.00850031847;10;0.833333019;0;1.044444;0.997843328;0.997843031
20.251190;1.02429258;0.767454572;-0.00931983387;0.749253448;-0.00909907204;1.02149623;1.03648739;0.759329037;0.0297359129;1.02429332;0.690708939;-0.00838834182;10;0.833333015;0;1.044444;0.997828318;0.997828007
20.252190;1.02447261;0.765753461;-0.00919648741;0.747461374;-0.0089771081;1.02171321;1.03664335;0.757536248;0.0296939225;1.02447332;0.689177947;-0.00827736455;10;0.833333013;0;1.044444;0.997813308;0.99781298
20.253190;1.02465263;0.764040128;-0.00907203029;0.745658001;-0.00885410168;1.0219312;1.03679832;0.755732938;0.0296509019;1.02465332;0.687635956;-0.00816538638;10;0.833333012;0;1.044444;0.997799298;0.997798952
20.254190;1.02483366;0.762315684;-0.00894979612;0.743843692;-0.00873329671;1.02214818;1.03695429;0.753917651;0.0296067947;1.02483432;0.686083964;-0.00805540692;10;0.833333011;0;1.044444;0.997786287;0.997785923
20.255190;1.02501468;0.760579015;-0.00882645157;0.742018099;-0.00861144826;1.02236617;1.03711025;0.752092195;0.0295627016;1.02501531;0.684520972;-0.00794442577;10;0.833333012;0;1.044444;0.997773275;0.997772892
20.256190;1.02519571;0.758831234;-0.00870421877;0.740182312;-0.00849072416;1.02258415;1.03726622;0.750256576;0.0295164799;1.02519631;0.68294798;-0.00783444259;10;0.833333013;0;1.044444;0.997761263;0.99776086
20.257190;1.02537773;0.757074562;-0.00858309772;0.738337781;-0.00837111557;1.02280214;1.03742218;0.748410799;0.0294702726;1.0253783;0.681366987;-0.00772545715;10;0.833333015;0;1.044444;0.99774925;0.997748828
20.258008;1.02552575;0.755627891;-0.00848309006;0.736820599;-0.00827240467;1.02298013;1.03754915;0.746893797;0.0294313269;1.0255263;0.680064993;-0.00763546745;10;0.833333018;0;1.044444;0.997741239;0.997740802
20.259487;1.02579478;0.753002322;-0.00830418924;0.734067895;-0.00809585393;1.02330312;1.03778011;0.744140782;0.0293616087;1.02579529;0.677702002;-0.00747448115;10;0.833333023;0;1.044444;0.997727218;0.997726754
20.260178;1.0259208;0.751772315;-0.00822085111;0.732778838;-0.00801363401;1.02345312;1.03788708;0.742853251;0.0293286069;1.02592128;0.676595006;-0.00739948583;10;0.833333026;0;1.044444;0.997725208;0.997724732
20.261100;1.02608681;0.75013897;-0.00810862352;0.731068509;-0.00790296879;1.02365312;1.03803006;0.741142072;0.0292860326;1.02608727;0.675125011;-0.00729848986;10;0.833333031;0;1.044444;0.997730194;0.997729703
20.262021;1.02625183;0.748517844;-0.00799750822;0.729371351;-0.00779342678;1.02385212;1.03817203;0.739444921;0.0292445677;1.02625227;0.673666015;-0.00719849139;10;0.833333036;0;1.044444;0.997743178;0.997742675
20.263404;1.02649485;0.746127818;-0.00783194866;0.726870412;-0.00763028997;1.02414412;1.03837999;0.736943741;0.0291852056;1.02649526;0.671515021;-0.0070494885;10;0.833333044;0;1.044444;0.997782152;0.997781635
20.264325;1.02665285;0.744568908;-0.00772416941;0.725240149;-0.00752412675;1.02433512;1.03851497;0.735313678;0.0291471726;1.02665325;0.670112024;-0.00695248383;10;0.83333305;0;1.044444;0.997818133;0.997817609
20.265247;1.02680686;0.743045553;-0.00761861338;0.723647833;-0.00742018713;1.02452013;1.03864695;0.733721463;0.0291103029;1.02680724;0.668741028;-0.00685747694;10;0.833333057;0;1.044444;0.997863113;0.997862585
20.266168;1.02695587;0.741563306;-0.00751750274;0.722099539;-0.00732064017;1.02470014;1.03877493;0.732172047;0.0290735543;1.02695624;0.667407031;-0.00676646807;10;0.833333065;0;1.044444;0.997915092;0.997914562
20.267090;1.02709987;0.74012328;-0.0074197264;0.720596308;-0.00722440082;1.02487315;1.03889891;0.730669678;0.0290369262;1.02710023;0.666111034;-0.00667845749;10;0.833333073;0;1.044444;0.997973069;0.99797254
20.268012;1.02723887;0.738732141;-0.00732639558;0.719144588;-0.0071325481;1.02504015;1.0390169;0.729217861;0.029001544;1.02723923;0.664859037;-0.00659444562;10;0.833333081;0;1.044444;0.998037046;0.99803652
20.268933;1.02737188;0.737391002;-0.00723751066;0.717746118;-0.0070450858;1.02519917;1.03913089;0.727818364;0.0289662814;1.02737223;0.66365204;-0.00651443288;10;0.833333089;0;1.044444;0.998106023;0.9981055
20.269855;1.02749888;0.736103195;-0.00715418299;0.716404095;-0.00696309236;1.02535118;1.03923888;0.726476825;0.0289311941;1.02749923;0.662493041;-0.00643941966;10;0.833333097;0;1.044444;0.998178999;0.998178482
20.270776;1.02761887;0.734870945;-0.00707641284;0.715121334;-0.00688657121;1.02549519;1.03934087;0.725194273;0.0288962814;1.02761923;0.661384042;-0.00636940623;10;0.833333104;0;1.044444;0.998254976;0.998254464
20.271698;1.02773387;0.733696473;-0.00700420035;0.71389856;-0.00681550575;1.0256312;1.03943787;0.72397318;0.028861515;1.02773423;0.660327041;-0.00630439278;10;0.833333111;0;1.044444;0.998333952;0.998333447
20.272620;1.02784087;0.732582;-0.00693643452;0.71273998;-0.00674883195;1.02575921;1.03952886;0.722814205;0.0288269222;1.02784123;0.65932404;-0.0062433796;10;0.833333116;0;1.044444;0.998415929;0.998415431
20.273541;1.02794186;0.731526419;-0.00687533755;0.71164308;-0.0066886959;1.02587923;1.03961486;0.721717688;0.0287924747;1.02794224;0.658374037;-0.00618836696;10;0.83333312;0;1.044444;0.998498906;0.998498415
20.274463;1.02803585;0.730533059;-0.0068197983;0.710611756;-0.0066340204;1.02599024;1.03969386;0.720686051;0.0287592959;1.02803624;0.657480034;-0.00613835502;10;0.833333124;0;1.044444;0.998583884;0.9985834
20.275384;1.02812384;0.729601924;-0.00676981668;0.709645279;-0.00658479668;1.02609226;1.03976786;0.719720013;0.0287251923;1.02812425;0.65664203;-0.00609334393;10;0.833333126;0;1.044444;0.998669862;0.998669386
20.276306;1.02820483;0.728731902;-0.00672428154;0.708743226;-0.00653994833;1.02618627;1.03983486;0.718819859;0.0286912872;1.02820526;0.655859026;-0.00605233369;10;0.833333127;0;1.044444;0.99875584;0.998755371
20.277228;1.02827882;0.727925216;-0.00668541504;0.707907723;-0.00650163471;1.02627229;1.03989686;0.717984178;0.0286585934;1.02827927;0.655133022;-0.0060173243;10;0.833333126;0;1.044444;0.998841819;0.998841356
20.278149;1.02834681;0.727179641;-0.00665210591;0.707135891;-0.00646876695;1.0263503;1.03995286;0.717213636;0.0286260694;1.02834728;0.654462017;-0.00598731572;10;0.833333125;0;1.044444;0.998928799;0.998928341
20.278913;1.0283978;0.726608517;-0.00662768288;0.706545468;-0.00644465755;1.02640931;1.03999486;0.716623766;0.0285992757;1.02839829;0.653948013;-0.00596530915;10;0.833333123;0;1.044444;0.998999784;0.998999328
20.279042;1.02840579;0.726516293;-0.00662324212;0.706450294;-0.00644028251;1.02641832;1.04000186;0.71652813;0.0285948103;1.02840629;0.653865012;-0.00596130807;10;0.833333123;0;1.044444;0.999011781;0.999011326
20.279426;1.02842979;0.72624962;-0.00661325357;0.706174505;-0.00643039916;1.02644532;1.04002086;0.716252222;0.0285814698;1.02843029;0.653625011;-0.00595230503;10;0.833333121;0;1.044444;0.999046774;0.999046319
20.279938;1.02845978;0.725909612;-0.00660104661;0.705823303;-0.0064183149;1.02647833;1.04004586;0.715901684;0.0285636924;1.0284603;0.653319008;-0.00594130098;10;0.833333119;0;1.044444;0.999094764;0.999094309
20.280450;1.02848777;0.725587384;-0.00658995137;0.70549078;-0.00640732423;1.02651034;1.04006886;0.715569632;0.0285470397;1.02848831;0.653029005;-0.00593129713;10;0.833333116;0;1.044444;0.999141755;0.999141299
20.281450;1.02853675;0.725012928;-0.00657220507;0.704898642;-0.00638970983;1.02656435;1.04010786;0.714978754;0.0285139288;1.02853732;0.652512;-0.00591528973;10;0.83333311;0;1.044444;0.999231738;0.999231279
20.282450;1.02857873;0.724508477;-0.00656001479;0.704379407;-0.0063775415;1.02661037;1.04014186;0.714459723;0.0284820268;1.02857934;0.652057994;-0.00590428233;10;0.833333102;0;1.044444;0.999321724;0.999321259
20.283450;1.02861371;0.724071805;-0.00655226881;0.703930897;-0.00636973807;1.02664738;1.04016986;0.714012143;0.0284513602;1.02861435;0.651664988;-0.00589727463;10;0.833333093;0;1.044444;0.999408711;0.999408237
20.284450;1.02864169;0.723702914;-0.00655007782;0.703553095;-0.00636737917;1.0266764;1.04019186;0.713634932;0.0284219284;1.02864237;0.65133298;-0.00589526645;10;0.833333083;0;1.044444;0.9994957;0.999495216
20.285450;1.02866367;0.723400693;-0.00655233041;0.703244224;-0.00636937802;1.02669741;1.04020786;0.713327009;0.0283937307;1.02866438;0.651060972;-0.00589725767;10;0.833333073;0;1.044444;0.999579692;0.999579194
20.286450;1.02867965;0.723162918;-0.00655902632;0.703002114;-0.00637573442;1.02671143;1.04021885;0.713085546;0.0283678069;1.02868039;0.650846962;-0.00590324832;10;0.833333061;0;1.044444;0.999662684;0.999662173
20.287450;1.02868863;0.722988478;-0.00657016522;0.702826359;-0.00638645443;1.02671745;1.04022485;0.712910534;0.0283420201;1.02868941;0.650689952;-0.00591323843;10;0.83333305;0;1.044444;0.999743678;0.999743152
20.288450;1.02869261;0.722876261;-0.00658463575;0.70271451;-0.00640044554;1.02671646;1.04022485;0.712800522;0.028319601;1.02869342;0.650588941;-0.00592622803;10;0.833333038;0;1.044444;0.999823673;0.999823132
20.289450;1.0286896;0.722825155;-0.00660354897;0.702666848;-0.00641880055;1.02670848;1.04022084;0.712753067;0.0282972903;1.02869043;0.650542929;-0.00594321709;10;0.833333025;0;1.044444;0.999900668;0.999900113
20.290450;1.02868158;0.722832936;-0.00662468275;0.702679848;-0.00643934714;1.0266945;1.04021183;0.712767788;0.0282772507;1.02868245;0.650549917;-0.00596220561;10;0.833333012;0;1.044444;0.999976663;0.999976095
20.291450;1.02866857;0.722898494;-0.00665025943;0.70275243;-0.00646424597;1.02667352;1.04019882;0.712840796;0.028259455;1.02866946;0.650608905;-0.00598519364;10;0.833332998;0;1.044444;1.00005066;1.00005008
20.292450;1.02864956;0.723020716;-0.00667916789;0.702884201;-0.0064924238;1.02664654;1.04018081;0.712972779;0.0282439301;1.02865047;0.650718893;-0.00601118128;10;0.833332984;0;1.044444;1.00012265;1.00012206
20.293450;1.02862655;0.72319627;-0.00671029689;0.703070559;-0.00652278845;1.02661356;1.0401578;0.713161606;0.0282296078;1.02862748;0.650876882;-0.00603916865;10;0.833332969;0;1.044444;1.00019165;1.00019105
20.294450;1.02859755;0.723426266;-0.00674364623;0.703313958;-0.00655535321;1.02657458;1.04013178;0.713404844;0.0282175023;1.02859849;0.651083871;-0.00606915593;10;0.833332953;0;1.044444;1.00025965;1.00025904
20.295450;1.02856454;0.72370626;-0.00678032688;0.703608717;-0.00659118633;1.0265306;1.04010176;0.713699979;0.0282076411;1.02856549;0.651335861;-0.00610214332;10;0.833332938;0;1.044444;1.00032464;1.00032403
20.296450;1.02852654;0.724036252;-0.00682033883;0.703955531;-0.0066302951;1.02648062;1.04006774;0.714048087;0.028198956;1.0285275;0.651632852;-0.00613813097;10;0.833332922;0;1.044444;1.00038864;1.00038802
20.297450;1.02848454;0.72441402;-0.00686145994;0.704351565;-0.00667051356;1.02642564;1.04002972;0.714444904;0.0281925158;1.0284855;0.651972844;-0.00617511908;10;0.833332908;0;1.044444;1.00044964;1.00044902
20.298450;1.02843755;0.724837344;-0.00690480141;0.704795354;-0.00671292955;1.02636666;1.0399887;0.714888683;0.0281893621;1.02843849;0.652353836;-0.00621410785;10;0.833332894;0;1.044444;1.00050863;1.00050802
20.299450;1.02838755;0.725305112;-0.0069503633;0.70528446;-0.00675753122;1.02630268;1.03994467;0.715378366;0.0281862904;1.02838848;0.652774829;-0.00625509749;10;0.833332882;0;1.044444;1.00056563;1.00056502
20.300450;1.02833356;0.725816214;-0.0069970345;0.705818498;-0.00680324566;1.0262347;1.03989664;0.715912515;0.028186533;1.02833447;0.653234824;-0.00629708822;10;0.833332871;0;1.044444;1.00061963;1.00061903
20.301450;1.02827557;0.726366205;-0.0070459261;0.706393159;-0.00685115438;1.02616172;1.03984562;0.716489385;0.0281889952;1.02827646;0.653729819;-0.00634108024;10;0.833332861;0;1.044444;1.00067164;1.00067104
20.302450;1.02821358;0.726956198;-0.00709592699;0.707009541;-0.00690017792;1.02608574;1.03979259;0.717105089;0.0281925813;1.02821444;0.654260815;-0.00638607378;10;0.833332853;0;1.044444;1.00072164;1.00072106
20.303450;1.0281496;0.727582859;-0.00714814829;0.707663036;-0.0069513844;1.02600575;1.03973656;0.717758194;0.0281983874;1.02815042;0.654824811;-0.00643306893;10;0.833332846;0;1.044444;1.00076965;1.00076907
20.304450;1.02808161;0.728243967;-0.00720036785;0.708352873;-0.00700262673;1.02592177;1.03967753;0.718448711;0.028205345;1.0280824;0.655419809;-0.00648006562;10;0.833332842;0;1.044444;1.00081466;1.00081409
20.305450;1.02801063;0.728938412;-0.00725480801;0.709077297;-0.00705606039;1.02583479;1.0396165;0.719173821;0.0282155649;1.02801137;0.656044806;-0.00652906359;10;0.833332838;0;1.044444;1.00085767;1.00085711
20.306450;1.02793765;0.72966397;-0.00730924671;0.70983347;-0.00710951756;1.0257448;1.03955347;0.719930328;0.0282269101;1.02793835;0.656697804;-0.00657806251;10;0.833332836;0;1.044444;1.00089868;1.00089813
20.307450;1.02786167;0.730419532;-0.00736479514;0.71062101;-0.00716408654;1.02565182;1.03948745;0.720718937;0.0282404767;1.02786232;0.657377802;-0.00662806211;10;0.833332835;0;1.044444;1.0009367;1.00093615
20.308450;1.0277827;0.731201761;-0.00742145334;0.711436692;-0.00721976798;1.02555683;1.03942042;0.721533995;0.0282551421;1.02778329;0.658081801;-0.00667906213;10;0.833332836;0;1.044444;1.00097271;1.00097217
20.309245;1.02771872;0.731843991;-0.00746700128;0.712105884;-0.00726454264;1.02547884;1.0393654;0.722202912;0.0282684108;1.02771927;0.6586598;-0.00672006231;10;0.833332837;0;1.044444;1.00099973;1.00099919
20.310270;1.02763475;0.732691779;-0.00752587913;0.712989054;-0.00732244121;1.02537685;1.03929238;0.72308755;0.0282875209;1.02763524;0.659422798;-0.00677306262;10;0.833332838;0;1.044444;1.00103275;1.0010322
20.311270;1.02754978;0.733542902;-0.00758475609;0.71387631;-0.00738035814;1.02527487;1.03922037;0.723973755;0.0283076753;1.02755021;0.660188797;-0.00682606297;10;0.833332841;0;1.044444;1.00106178;1.00106122
20.312270;1.02746381;0.734414025;-0.00764252097;0.714783874;-0.00743721205;1.02517088;1.03914635;0.724882863;0.0283289565;1.02746418;0.660972796;-0.00687806346;10;0.833332843;0;1.044444;1.0010898;1.00108924
20.313270;1.02737584;0.735305148;-0.0077013961;0.71571245;-0.00749517303;1.0250659;1.03907134;0.725809907;0.0283524068;1.02737615;0.661774796;-0.00693106432;10;0.833332846;0;1.044444;1.00111483;1.00111426
20.314270;1.02728687;0.736211825;-0.00776027055;0.716657026;-0.00755315268;1.02495891;1.03899533;0.726754895;0.0283769575;1.02728712;0.662590795;-0.00698406577;10;0.833332849;0;1.044444;1.00113686;1.00113627
20.315270;1.0271959;0.737134057;-0.00781803333;0.717618306;-0.00761007685;1.02485093;1.03891832;0.727715695;0.0284026092;1.02719609;0.663420796;-0.007036068;10;0.833332852;0;1.044444;1.00115689;1.00115629
20.316270;1.02710494;0.73806851;-0.00787690679;0.718591657;-0.00766809427;1.02474195;1.03884131;0.728689472;0.0284304046;1.02710506;0.664261797;-0.00708907114;10;0.833332855;0;1.044444;1.00117492;1.00117431
20.317270;1.02701197;0.739015182;-0.00793466888;0.719578483;-0.00772505662;1.02463197;1.0387623;0.729675495;0.028459329;1.02701203;0.665113798;-0.00714107532;10;0.833332859;0;1.044444;1.00119095;1.00119033
20.318270;1.026919;0.73997074;-0.00799243097;0.720574145;-0.00778203086;1.02452099;1.0386833;0.730671296;0.0284903976;1.026919;0.665973799;-0.00719308067;10;0.833332864;0;1.044444;1.00120398;1.00120334
20.319270;1.02682503;0.740934073;-0.00805019334;0.721578266;-0.00783902462;1.02441002;1.03860329;0.731675442;0.0285214983;1.02682498;0.6668408;-0.00724508724;10;0.83333287;0;1.044444;1.00121501;1.00121436
20.320270;1.02673106;0.741902959;-0.00810684508;0.722587981;-0.00789494809;1.02429904;1.03852429;0.732685456;0.0285547161;1.02673096;0.6677128;-0.00729609499;10;0.833332876;0;1.044444;1.00122404;1.00122338
20.321270;1.02663609;0.742877398;-0.00816349739;0.723603998;-0.00795089094;1.02418707;1.03844429;0.733699539;0.0285879663;1.02663593;0.6685898;-0.00734710376;10;0.833332882;0;1.044444;1.00123007;1.0012294
20.322270;1.02654212;0.743852945;-0.00821792806;0.72462058;-0.00800467295;1.02407609;1.03836429;0.734716988;0.0286233614;1.02654192;0.669467799;-0.00739611329;10;0.83333289;0;1.044444;1.0012351;1.00123442
20.323270;1.02644715;0.744829602;-0.00827235923;0.725639137;-0.00805847395;1.02396511;1.03828429;0.735734591;0.0286587615;1.0264469;0.670346797;-0.00744512334;10;0.833332898;0;1.044444;1.00123712;1.00123644
20.324270;1.02635318;0.745806258;-0.00832679094;0.726657174;-0.00811227818;1.02385514;1.0382053;0.736752711;0.0286962793;1.02635289;0.671225795;-0.00749413366;10;0.833332907;0;1.044444;1.00123714;1.00123647
20.325270;1.02625921;0.74678069;-0.00837900101;0.72767323;-0.00816392782;1.02374616;1.0381263;0.737767774;0.028733802;1.02625888;0.672102792;-0.00754114401;10;0.833332916;0;1.044444;1.00123616;1.00123549
20.326270;1.02616624;0.747751788;-0.00843010061;0.728685514;-0.0082144968;1.02363718;1.03804731;0.738779779;0.0287734702;1.02616588;0.67297679;-0.00758715419;10;0.833332925;0;1.044444;1.00123217;1.00123152
20.327270;1.02607326;0.748717331;-0.00848008983;0.729692566;-0.00826399246;1.0235292;1.03797031;0.739785159;0.0288130878;1.02607287;0.673845787;-0.00763216411;10;0.833332933;0;1.044444;1.00122719;1.00122655
20.328270;1.02598129;0.749677319;-0.00852896873;0.730693672;-0.00831240617;1.02342322;1.03789232;0.740786046;0.0288538079;1.02598087;0.674709785;-0.00767617378;10;0.833332941;0;1.044444;1.0012202;1.00121959
20.329270;1.02589032;0.750629529;-0.00857673734;0.731686662;-0.00835973714;1.02331724;1.03781633;0.741778161;0.0288944767;1.02588988;0.675566784;-0.00771918332;10;0.833332949;0;1.044444;1.0012122;1.00121162
20.330270;1.02580035;0.751572853;-0.00862228446;0.732670448;-0.00840490122;1.02321426;1.03774134;0.742761136;0.0289361925;1.02579988;0.676415783;-0.00776019287;10;0.833332956;0;1.044444;1.00120121;1.00120066
20.331270;1.02571238;0.752506179;-0.0086667211;0.733643226;-0.00844897215;1.02311227;1.03766736;0.743734969;0.0289789556;1.02571189;0.677255784;-0.00780020244;10;0.833332962;0;1.044444;1.00119021;1.0011897
20.332270;1.0256244;0.753429506;-0.00871004711;0.734606421;-0.00849196557;1.02301129;1.03759438;0.744696444;0.0290227665;1.02562389;0.678086785;-0.00783921195;10;0.833332968;0;1.044444;1.00117721;1.00117674
20.333270;1.02553843;0.754341726;-0.00875115141;0.735557512;-0.008532781;1.02291231;1.0375224;0.745646624;0.0290665547;1.0255379;0.678907787;-0.00787622125;10;0.833332974;0;1.044444;1.0011632;1.00116278
20.334270;1.02545346;0.755240614;-0.00879114528;0.736495042;-0.00857250956;1.02281632;1.03745142;0.746583364;0.0291103206;1.02545291;0.679716789;-0.00791223027;10;0.833332979;0;1.044444;1.0011472;1.00114683
20.335270;1.02537049;0.756125061;-0.008830029;0.737417201;-0.00861114259;1.02272134;1.03738245;0.747505936;0.0291551071;1.02536993;0.680512791;-0.00794723904;10;0.833332985;0;1.044444;1.00113119;1.00113087
20.336270;1.02528852;0.756997287;-0.00886558058;0.738326869;-0.00864652073;1.02262835;1.03731448;0.748412913;0.0291998716;1.02528794;0.681297791;-0.00797924769;10;0.833332991;0;1.044444;1.00111319;1.00111291
20.337270;1.02520854;0.757853958;-0.00890113343;0.739220066;-0.0086818861;1.02253836;1.03724852;0.749305709;0.0292456568;1.02520796;0.682068789;-0.00801125622;10;0.833332997;0;1.044444;1.00109518;1.00109495
20.338270;1.02513057;0.758693965;-0.00893446524;0.7400957;-0.00871507068;1.02244936;1.03718355;0.750180753;0.02929142;1.02512998;0.682824786;-0.00804126446;10;0.833333004;0;1.044444;1.00107517;1.001075
20.339270;1.0250536;0.759519528;-0.0089655758;0.740956653;-0.00874608226;1.02236337;1.03712058;0.751040529;0.0293371326;1.025053;0.683567781;-0.00806927212;10;0.83333301;0;1.044444;1.00105517;1.00105503
20.340270;1.02497863;0.760327314;-0.00899557601;0.741798942;-0.00877599572;1.02228037;1.03705862;0.751882541;0.0293838941;1.02497802;0.684294773;-0.00809627898;10;0.833333016;0;1.044444;1.00103516;1.00103507
20.341270;1.02490566;0.761119543;-0.00902335463;0.742624728;-0.00880372662;1.02219838;1.03699865;0.752706058;0.0294295331;1.02490505;0.685007764;-0.00812128493;10;0.833333022;0;1.044444;1.00101316;1.00101311
20.342114;1.02484569;0.761772882;-0.00904557798;0.743305682;-0.00882592706;1.02213238;1.03694968;0.753386665;0.0294695057;1.02484507;0.685595755;-0.0081412893;10;0.833333026;0;1.044444;1.00099516;1.00099513
20.343882;1.02472474;0.763102893;-0.00908780352;0.744691326;-0.00886817324;1.02199738;1.03685073;0.754770231;0.0295516339;1.02472411;0.686792732;-0.00817929644;10;0.833333031;0;1.044444;1.00095515;1.00095518
20.344882;1.02465877;0.763829565;-0.0091100281;0.745448451;-0.00889043119;1.02192538;1.03679677;0.755526475;0.0295981912;1.02465814;0.687446718;-0.0081992996;10;0.833333032;0;1.044444;1.00093115;1.0009312
20.345882;1.02459479;0.764538458;-0.00913003082;0.746186867;-0.00891050544;1.02185538;1.0367448;0.756263119;0.029644696;1.02459417;0.688084704;-0.00821730236;10;0.833333032;0;1.044444;1.00090815;1.00090822
20.346882;1.02453282;0.765228461;-0.00914781152;0.746905482;-0.00892839578;1.02178838;1.03669483;0.756980157;0.0296911479;1.0245322;0.688705689;-0.00823330493;10;0.83333303;0;1.044444;1.00088415;1.00088423
20.347882;1.02447285;0.765898464;-0.00916448096;0.747603202;-0.00894518645;1.02172337;1.03664587;0.75767724;0.0297375756;1.02447223;0.689308675;-0.00824830744;10;0.833333026;0;1.044444;1.00086015;1.00086024
20.348882;1.02441487;0.766550687;-0.00918003879;0.74828219;-0.0089608772;1.02166037;1.0365989;0.758354706;0.0297839504;1.02441426;0.689895662;-0.00826230998;10;0.833333021;0;1.044444;1.00083615;1.00083625
20.349882;1.02435889;0.767182909;-0.00919337352;0.74894027;-0.00897438291;1.02160037;1.03655394;0.759011474;0.0298292004;1.02435829;0.690464649;-0.00827431255;10;0.833333015;0;1.044444;1.00081115;1.00081125
20.350882;1.02430592;0.767795131;-0.0092055961;0.749576702;-0.0089867789;1.02154337;1.03651097;0.75964754;0.0298754687;1.02430532;0.691015639;-0.00828531517;10;0.833333008;0;1.044444;1.00078614;1.00078626
20.351882;1.02425394;0.768388462;-0.00921559539;0.750194026;-0.00899699734;1.02148837;1.03647001;0.760262897;0.0299206113;1.02425334;0.691549629;-0.00829431777;10;0.833333;0;1.044444;1.00076114;1.00076126
20.352882;1.02420395;0.768961791;-0.00922448269;0.750790419;-0.00900611359;1.02143637;1.03643004;0.760858272;0.0299657284;1.02420337;0.692065621;-0.00830232021;10;0.833332992;0;1.044444;1.00073614;1.00073626
20.353882;1.02415697;0.769516232;-0.00923114715;0.751366226;-0.0090130333;1.02138637;1.03639207;0.761432927;0.0300107906;1.02415639;0.692564615;-0.00830832229;10;0.833332984;0;1.044444;1.00071114;1.00071125
20.354882;1.02411098;0.770049561;-0.00923670012;0.751920737;-0.00901885818;1.02133936;1.03635611;0.761985784;0.0300547254;1.02411042;0.69304461;-0.00831332384;10;0.833332978;0;1.044444;1.00068514;1.00068525
20.355882;1.02406799;0.770564;-0.00924114179;0.752454649;-0.00902357007;1.02129536;1.03632214;0.762518985;0.030098605;1.02406744;0.693507606;-0.00831732481;10;0.833332972;0;1.044444;1.00066014;1.00066025
20.356882;1.02402699;0.77105844;-0.00924447235;0.752967603;-0.00902717744;1.02125236;1.03629017;0.763030376;0.0301424286;1.02402646;0.693952604;-0.00832032527;10;0.833332968;0;1.044444;1.00063514;1.00063525
20.357882;1.02398699;0.77153399;-0.00924558086;0.753461415;-0.00902860391;1.02121335;1.0362592;0.763521766;0.0301851532;1.02398648;0.694380603;-0.0083213253;10;0.833332965;0;1.044444;1.00060913;1.00060924
20.358882;1.02394999;0.77198843;-0.00924557841;0.75393244;-0.00902891679;1.02117635;1.03623123;0.763991674;0.0302277925;1.0239495;0.694789602;-0.00832132488;10;0.833332964;0;1.044444;1.00058413;1.00058424
20.359882;1.02391499;0.77242398;-0.00924446488;0.754383575;-0.00902812497;1.02114135;1.03620425;0.764441572;0.030270405;1.02391451;0.695181602;-0.00832032393;10;0.833332965;0;1.044444;1.00055913;1.00055924
20.360882;1.02388198;0.772840642;-0.00924112896;0.754814819;-0.00902514344;1.02110934;1.03617828;0.764872528;0.0303119185;1.02388152;0.695556602;-0.0083173223;10;0.833332966;0;1.044444;1.00053412;1.00053424
20.361882;1.02385097;0.773237303;-0.00923668156;0.75522508;-0.0090210575;1.02107934;1.0361553;0.765280917;0.0303522748;1.02385053;0.695913601;-0.00831331981;10;0.833332968;0;1.044444;1.00050912;1.00050924
20.362882;1.02382196;0.773615075;-0.00923112255;0.755615441;-0.00901586738;1.02105134;1.03613332;0.765670359;0.0303936772;1.02382154;0.6962536;-0.00830831633;10;0.83333297;0;1.044444;1.00048412;1.00048424
20.363882;1.02379494;0.773973956;-0.009224452;0.755985898;-0.00900957329;1.02102634;1.03611334;0.766039035;0.0304328789;1.02379454;0.696576597;-0.00830231174;10;0.833332971;0;1.044444;1.00046012;1.00046024
20.364882;1.02376992;0.774313948;-0.00921667005;0.756336447;-0.00900217554;1.02100434;1.03609436;0.766388758;0.0304720538;1.02376954;0.696882594;-0.00829530592;10;0.833332971;0;1.044444;1.00043512;1.00043524
20.365882;1.0237459;0.774635052;-0.00920777677;0.756667823;-0.00899368328;1.02098334;1.03607738;0.766718784;0.0305111722;1.02374553;0.697171589;-0.00828729878;10;0.83333297;0;1.044444;1.00041112;1.00041124
20.366882;1.02372487;0.774938375;-0.00919666098;0.756979634;-0.00898299402;1.02096534;1.0360624;0.767029109;0.0305491612;1.02372452;0.697444584;-0.00827729046;10;0.833332969;0;1.044444;1.00038811;1.00038824
20.367882;1.02370484;0.77522392;-0.00918554468;0.757273352;-0.00897229647;1.02094934;1.03604841;0.767321545;0.030587122;1.02370451;0.697701579;-0.0082672813;10;0.833332967;0;1.044444;1.00036511;1.00036524
20.368882;1.02368781;0.775491687;-0.00917331655;0.757547498;-0.00896048809;1.02093534;1.03603643;0.767595348;0.0306239523;1.0236875;0.697942574;-0.00825627162;10;0.833332964;0;1.044444;1.00034211;1.00034224
20.369882;1.02367178;0.775742786;-0.00915886533;0.757804634;-0.00894650131;1.02092335;1.03602644;0.767849443;0.0306607239;1.02367148;0.698168569;-0.00824326162;10;0.833332961;0;1.044444;1.00031911;1.00031924
20.370882;1.02365775;0.775976108;-0.00914441309;0.758042933;-0.00893249847;1.02091335;1.03601745;0.768086714;0.0306963935;1.02365746;0.698378565;-0.00823025136;10;0.833332959;0;1.044444;1.00029711;1.00029724
20.371882;1.02364472;0.776192763;-0.00912884859;0.75826422;-0.00891740301;1.02090636;1.03600946;0.768307162;0.0307309609;1.02364444;0.698573563;-0.00821624095;10;0.833332957;0;1.044444;1.0002751;1.00027524
20.372882;1.02363369;0.776392752;-0.00911217164;0.75846775;-0.00890120622;1.02090037;1.03600347;0.768508969;0.0307654684;1.02363342;0.698753562;-0.00820123062;10;0.833332955;0;1.044444;1.0002541;1.00025424
20.373882;1.02362465;0.776577188;-0.0090943822;0.75865461;-0.00888390809;1.02089638;1.03599848;0.768695022;0.0307999454;1.0236244;0.698919562;-0.00818522066;10;0.833332955;0;1.044444;1.0002341;1.00023423
20.374882;1.02361762;0.776747179;-0.00907548036;0.758825882;-0.00886550868;1.02089439;1.03599449;0.768865318;0.0308322464;1.02361737;0.699072564;-0.0081682113;10;0.833332956;0;1.044444;1.00021309;1.00021323
20.375882;1.0236106;0.776900506;-0.00905657741;0.758980877;-0.00884711086;1.0208944;1.0359925;0.769019115;0.030865559;1.02361035;0.699210568;-0.00815120267;10;0.833332958;0;1.044444;1.00019409;1.00019422
20.377882;1.02360355;0.777164941;-0.00901543613;0.759244438;-0.00880700342;1.02089843;1.03599151;0.769280508;0.0309288723;1.0236033;0.699448578;-0.00811418789;10;0.833332969;0;1.044444;1.00015608;1.0001562
20.378882;1.02360153;0.777276049;-0.00899319857;0.759354485;-0.00878531111;1.02090344;1.03599352;0.769389503;0.0309588427;1.02360127;0.699548585;-0.00809418177;10;0.833332976;0;1.044444;1.00013807;1.00013819
20.379882;1.02360051;0.777374937;-0.00897096131;0.759451851;-0.00876361184;1.02090945;1.03599552;0.769484553;0.0309888111;1.02360025;0.699637592;-0.00807417636;10;0.833332985;0;1.044444;1.00012107;1.00012118
20.380882;1.02360149;0.777459381;-0.00894761336;0.759533624;-0.00874081158;1.02091747;1.03599952;0.769565244;0.0310187176;1.02360122;0.6997136;-0.00805317151;10;0.833332994;0;1.044444;1.00010406;1.00010416
20.381882;1.02360348;0.777532715;-0.00892426581;0.7596038;-0.00871800441;1.02092648;1.03600352;0.769634135;0.0310475494;1.0236032;0.699779608;-0.00803216706;10;0.833333005;0;1.044444;1.00008805;1.00008814
20.382882;1.02360646;0.777592717;-0.00889980747;0.759660208;-0.00869410482;1.0209365;1.03600952;0.76968974;0.0310752469;1.02360617;0.699833617;-0.00801016289;10;0.833333016;0;1.044444;1.00007204;1.00007212
20.383882;1.02361145;0.777642721;-0.0088753493;0.759705362;-0.00867018974;1.02094851;1.03601652;0.769732799;0.0311029124;1.02361114;0.699878627;-0.00798815898;10;0.833333028;0;1.044444;1.00005702;1.0000571
20.384882;1.02361645;0.777680503;-0.00885089121;0.759738576;-0.00864627603;1.02096152;1.03602352;0.769766201;0.031130576;1.02361612;0.699912636;-0.00796615541;10;0.83333304;0;1.044444;1.00004301;1.00004308
20.385882;1.02362244;0.777708286;-0.00882532217;0.75976128;-0.00862126964;1.02097553;1.03603151;0.769787059;0.031157136;1.0236221;0.699937646;-0.00794315234;10;0.833333053;0;1.044444;1.00002899;1.00002906
20.386882;1.02363044;0.77772607;-0.00879864232;0.759772729;-0.00859516204;1.02099054;1.0360405;0.76979859;0.0311825925;1.02363007;0.699953655;-0.00791914996;10;0.833333066;0;1.044444;1.00001597;1.00001603
20.387882;1.02363844;0.777734966;-0.00877307404;0.759775496;-0.00857014081;1.02100655;1.0360505;0.769798649;0.0312080183;1.02363805;0.699961665;-0.00789614843;10;0.833333078;0;1.044444;1.00000295;1.00000301
20.388882;1.02364743;0.777733861;-0.00874639519;0.759767752;-0.00854402642;1.02102356;1.03606148;0.769790455;0.0312323414;1.02364703;0.699960675;-0.00787214789;10;0.83333309;0;1.044444;0.999991934;0.999991986
20.389882;1.02365744;0.777724983;-0.0087197168;0.759751667;-0.00851790413;1.02104157;1.03607247;0.769772607;0.0312566644;1.02365701;0.699952685;-0.00784814847;10;0.833333101;0;1.044444;0.999979913;0.999979963
20.391882;1.02367944;0.777683894;-0.00866525024;0.759695219;-0.00846455835;1.02107958;1.03609643;0.769713975;0.0313031041;1.02367898;0.699915703;-0.00779915324;10;0.833333119;0;1.044444;0.999959866;0.99995992
20.393882;1.02370445;0.777613924;-0.00860967469;0.759608324;-0.00841010251;1.02112059;1.03612239;0.769624907;0.0313484082;1.02370396;0.699852715;-0.00774916225;10;0.833333135;0;1.044444;0.999941815;0.999941884
20.394882;1.02371745;0.777569498;-0.00858188786;0.75955528;-0.00838286998;1.02114259;1.03613636;0.769570517;0.0313694202;1.02371695;0.699812718;-0.00772416782;10;0.833333142;0;1.044444;0.999933788;0.999933868
20.395882;1.02373046;0.777519516;-0.00855410168;0.75949681;-0.00835563702;1.02116458;1.03615034;0.769510769;0.031390431;1.02372994;0.69976772;-0.0076991739;10;0.833333149;0;1.044444;0.999926761;0.999926853
20.396882;1.02374446;0.777463979;-0.00852631607;0.759432172;-0.00832839564;1.02118658;1.03616432;0.769445663;0.0314114403;1.02374394;0.699717721;-0.00767418047;10;0.833333156;0;1.044444;0.999919734;0.99991984
20.398882;1.02377347;0.777340684;-0.00847185699;0.759290217;-0.00827499101;1.02123256;1.03619427;0.76930218;0.0314512479;1.02377294;0.699606718;-0.00762519491;10;0.83333317;0;1.044444;0.99990768;0.999907817
20.399882;1.02378847;0.777272925;-0.0084440721;0.759212902;-0.00824774334;1.02125555;1.03620925;0.769223474;0.0314711482;1.02378794;0.699545717;-0.00760020229;10;0.833333176;0;1.044444;0.999902654;0.999902807
20.400882;1.02380347;0.777202943;-0.0084162873;0.759133418;-0.00822049712;1.02127854;1.03622522;0.769141886;0.0314899433;1.02380295;0.699482716;-0.00757520922;10;0.833333182;0;1.044444;0.999898628;0.999898798
20.401882;1.02381947;0.777128515;-0.00838850275;0.759048854;-0.00819324465;1.02130253;1.0362402;0.769057827;0.0315087664;1.02381895;0.699415715;-0.00755021524;10;0.833333187;0;1.044444;0.999894604;0.999894788
20.403882;1.02385046;0.776975212;-0.00833404617;0.758876132;-0.00813983908;1.0213505;1.03627216;0.768881805;0.0315442014;1.02384997;0.699277719;-0.00750122349;10;0.833333194;0;1.044444;0.999888562;0.999888769
20.404882;1.02386646;0.776895226;-0.0083073742;0.758786145;-0.00811367797;1.02137348;1.03628714;0.768792398;0.0315619471;1.02386598;0.699205722;-0.00747722562;10;0.833333197;0;1.044444;0.999886544;0.999886759
20.405882;1.02388145;0.776815239;-0.00828070264;0.758696901;-0.00808752645;1.02139746;1.03630312;0.768701181;0.0315796614;1.02388099;0.699133727;-0.00745322655;10;0.8333332;0;1.044444;0.999885528;0.999885749
20.406882;1.02389745;0.776733028;-0.00825403138;0.758604744;-0.00806136839;1.02142144;1.0363191;0.768608897;0.0315963029;1.02389701;0.699059731;-0.00742922658;10;0.833333202;0;1.044444;0.999883515;0.999883739
20.408882;1.02392843;0.776569719;-0.00820180053;0.758422256;-0.00801014814;1.0214684;1.03634907;0.768424752;0.0316296451;1.02392803;0.69891274;-0.0073822249;10;0.833333205;0;1.044444;0.999883495;0.999883718
20.409882;1.02394443;0.776488621;-0.00817624082;0.758331185;-0.00798507768;1.02149137;1.03636506;0.768332479;0.0316452134;1.02394405;0.698839744;-0.0073592234;10;0.833333205;0;1.044444;0.999883487;0.999883707
20.411882;1.02397441;0.776328648;-0.008126233;0.758152696;-0.00793603881;1.02153631;1.03639504;0.768152645;0.0316764107;1.02397408;0.698695747;-0.00731421895;10;0.833333205;0;1.044444;0.999885474;0.999885685
20.412882;1.0239894;0.776249774;-0.00810178516;0.758064538;-0.0079120625;1.02155828;1.03640904;0.768065083;0.0316920397;1.0239891;0.698624747;-0.007292216;10;0.833333205;0;1.044444;0.999887468;0.999887673
20.413882;1.02400338;0.776174232;-0.00807844891;0.757980377;-0.0078891794;1.02158025;1.03642404;0.767977857;0.0317076377;1.02400311;0.698556746;-0.00727121258;10;0.833333204;0;1.044444;0.999889462;0.999889661
20.414882;1.02401837;0.776099802;-0.00805400196;0.757896563;-0.00786520396;1.02160122;1.03643804;0.767894593;0.0317232656;1.02401812;0.698489743;-0.00724920871;10;0.833333204;0;1.044444;0.999892456;0.999892647
20.415882;1.02403135;0.776027595;-0.00803066639;0.757816401;-0.00784232937;1.02162218;1.03645204;0.767812404;0.031737821;1.02403113;0.698424739;-0.00722820443;10;0.833333204;0;1.044444;0.999895449;0.999895633
20.416882;1.02404534;0.775957609;-0.00800733085;0.757737671;-0.00781944753;1.02164215;1.03646504;0.767734176;0.0317524064;1.02404514;0.698361734;-0.00720719992;10;0.833333205;0;1.044444;0.999898443;0.999898618
20.417882;1.02405832;0.775890957;-0.00798510624;0.757662937;-0.00779765888;1.02166212;1.03647805;0.767659168;0.0317669913;1.02405815;0.698301727;-0.0071871954;10;0.833333206;0;1.044444;0.999902438;0.999902603
20.418882;1.0240713;0.775827638;-0.00796288131;0.757591458;-0.00777587093;1.02168208;1.03649106;0.767586306;0.0317815759;1.02407116;0.698244719;-0.00716719106;10;0.833333208;0;1.044444;0.999906433;0.999906589
20.420882;1.02409526;0.775711;-0.00792065308;0.757459746;-0.00773448278;1.02171902;1.03651507;0.76745386;0.0318108057;1.02409517;0.698139701;-0.00712918316;10;0.833333214;0;1.044444;0.999914426;0.999914566
20.421882;1.02410624;0.775658793;-0.00789953914;0.757400597;-0.0077137974;1.02173599;1.03652708;0.767393535;0.031825421;1.02410618;0.69809269;-0.00711017942;10;0.833333219;0;1.044444;0.999919425;0.999919557
20.422882;1.02411722;0.775609918;-0.00787953686;0.757344704;-0.00769419754;1.02175296;1.03653809;0.767337167;0.0318400675;1.02411718;0.69804868;-0.00709217564;10;0.833333225;0;1.044444;0.999924425;0.999924551
20.423882;1.0241282;0.775565488;-0.00785953537;0.75729315;-0.00767459824;1.02176993;1.03654909;0.767285089;0.0318536427;1.02412819;0.698008669;-0.00707417176;10;0.833333231;0;1.044444;0.999930428;0.999930546
20.424882;1.02413818;0.775525501;-0.00783953475;0.757246676;-0.00765500685;1.0217849;1.0365591;0.767238039;0.0318683217;1.0241382;0.697972659;-0.00705616781;10;0.833333238;0;1.044444;0.999935433;0.999935544
20.425882;1.02414716;0.77549107;-0.00782064608;0.757206368;-0.00763650797;1.02179988;1.0365681;0.76719602;0.0318830324;1.02414721;0.697941651;-0.00703916391;10;0.833333247;0;1.044444;0.99994144;0.999941543
20.426882;1.02415614;0.775459973;-0.00780286929;0.757169313;-0.00761909374;1.02181486;1.0365781;0.767158619;0.0318966418;1.02415622;0.697913645;-0.00702316024;10;0.833333256;0;1.044444;0.999947448;0.999947544
20.427882;1.02416411;0.775434432;-0.00778509318;0.757138424;-0.00760168635;1.02182784;1.0365861;0.767126989;0.0319113864;1.02416424;0.697890641;-0.00700715703;10;0.833333267;0;1.044444;0.999954457;0.999954546
20.428882;1.02417209;0.775413336;-0.00776731763;0.757111875;-0.00758427824;1.02184082;1.0365951;0.767099978;0.0319250297;1.02417225;0.697871641;-0.00699115456;10;0.833333279;0;1.044444;0.999960467;0.999960551
20.429882;1.02417907;0.775397796;-0.00775065376;0.757091491;-0.00756796165;1.02185281;1.0366021;0.767078734;0.0319398082;1.02417926;0.697857644;-0.00697615321;10;0.83333329;0;1.044444;0.999967478;0.999967557
20.430882;1.02418505;0.775386702;-0.00773399053;0.757076188;-0.00755165174;1.0218648;1.03661009;0.767063185;0.0319545571;1.02418528;0.697847653;-0.0069611534;10;0.833333301;0;1.044444;0.999973489;0.999973565
20.431882;1.02419102;0.775382273;-0.00771732803;0.757067397;-0.0075353412;1.02187579;1.03661608;0.767053403;0.031968297;1.02419129;0.697843665;-0.00694615546;10;0.833333312;0;1.044444;0.9999805;0.999980573
20.432882;1.024196;0.775382291;-0.00770177733;0.757063688;-0.00752012226;1.02188577;1.03662208;0.767048982;0.0319831098;1.02419631;0.697843683;-0.00693215949;10;0.833333321;0;1.044444;0.999987512;0.999987582
20.433882;1.02420098;0.775387865;-0.00768622727;0.757065406;-0.00750490271;1.02189476;1.03662806;0.767049922;0.0319979231;1.02420132;0.697848705;-0.00691816545;10;0.833333328;0;1.044444;0.999994525;0.999994591
20.435882;1.02420895;0.775415679;-0.00765735099;0.757086604;-0.00747664618;1.02191075;1.03663804;0.767070436;0.032027612;1.02420934;0.697873762;-0.00689218254;10;0.83333334;0;1.044444;1.00000855;1.00000861
20.436882;1.02421094;0.775437918;-0.00764402489;0.757106823;-0.00746361669;1.02191774;1.03664202;0.767088937;0.032042487;1.02421136;0.697893796;-0.00688019318;10;0.833333344;0;1.044444;1.00001656;1.00001662
20.437882;1.02421393;0.775465713;-0.00763069965;0.757131732;-0.00745057979;1.02192373;1.036645;0.767114609;0.0320573922;1.02421437;0.697918832;-0.00686820468;10;0.833333347;0;1.044444;1.00002358;1.00002363
20.438882;1.02421492;0.775499062;-0.00761737541;0.757163546;-0.00743755764;1.02192972;1.03664797;0.76714564;0.0320722965;1.02421538;0.69794887;-0.00685621668;10;0.833333349;0;1.044444;1.00003059;1.00003063
20.439882;1.02421591;0.775537966;-0.0076051633;0.757200787;-0.00742562087;1.02193472;1.03664995;0.76718277;0.0320883018;1.02421639;0.697983909;-0.00684522892;10;0.83333335;0;1.044444;1.00003861;1.00003864
20.440882;1.02421691;0.775583534;-0.00759295208;0.757244541;-0.00741368506;1.02193871;1.03665192;0.767225259;0.0321032336;1.02421739;0.698024948;-0.00683424134;10;0.833333351;0;1.044444;1.00004563;1.00004565
20.441882;1.0242169;0.775633545;-0.00758185269;0.757293376;-0.0074028427;1.02194171;1.03665389;0.767273107;0.0321192351;1.0242174;0.698069987;-0.00682425398;10;0.833333352;0;1.044444;1.00005264;1.00005266
20.442882;1.0242159;0.775690221;-0.00756964274;0.757349461;-0.00739092446;1.02194471;1.03665487;0.767328123;0.0321352657;1.0242164;0.698121025;-0.00681326689;10;0.833333354;0;1.044444;1.00005966;1.00005966
20.443882;1.02421489;0.77575134;-0.00755965548;0.757409889;-0.00738117793;1.02194671;1.03665484;0.767389238;0.0321502536;1.02421541;0.698176062;-0.00680428014;10;0.833333356;0;1.044444;1.00006767;1.00006767
20.444882;1.02421289;0.775818013;-0.00754855756;0.75747648;-0.00737035594;1.02194771;1.0366548;0.76745464;0.0321663119;1.0242134;0.698236099;-0.00679429385;10;0.833333358;0;1.044444;1.00007469;1.00007467
20.445882;1.02420989;0.775891351;-0.00753857121;0.757550323;-0.00736062807;1.02194771;1.03665377;0.767527211;0.0321834718;1.0242104;0.698302136;-0.00678530813;10;0.833333361;0;1.044444;1.0000817;1.00008167
20.446882;1.02420689;0.775969133;-0.00752858539;0.757628507;-0.00735090208;1.02194772;1.03665274;0.767605141;0.0321995589;1.02420739;0.698372173;-0.00677632297;10;0.833333365;0;1.044444;1.00008871;1.00008867
20.447882;1.02420289;0.776052468;-0.00751971129;0.757712855;-0.00734226973;1.02194773;1.03665071;0.767689168;0.0322156764;1.02420338;0.69844721;-0.00676833819;10;0.83333337;0;1.044444;1.00009572;1.00009567
20.448882;1.02419889;0.776141359;-0.00751083777;0.757802627;-0.00733363874;1.02194574;1.03664869;0.767777481;0.0322328658;1.02419937;0.698527247;-0.00676035351;10;0.833333377;0;1.044444;1.00010273;1.00010267
20.449882;1.02419489;0.776234693;-0.0075019648;0.757896742;-0.00732500882;1.02194376;1.03664666;0.767872223;0.0322500552;1.02419536;0.698611285;-0.00675236856;10;0.833333384;0;1.044444;1.00010874;1.00010867
20.450882;1.02418889;0.776333583;-0.00749309244;0.75799776;-0.00731639386;1.02194077;1.03664363;0.767971993;0.0322672762;1.02418934;0.698700322;-0.0067443829;10;0.833333392;0;1.044444;1.00011574;1.00011567
20.451882;1.02418289;0.776438028;-0.00748533195;0.758104203;-0.00730886397;1.02193778;1.03663961;0.76807679;0.0322845288;1.02418332;0.69879436;-0.00673739606;10;0.833333401;0;1.044444;1.00012274;1.00012266
20.452882;1.02417689;0.776545805;-0.00747757226;0.758213902;-0.00730133386;1.0219338;1.03663659;0.768186204;0.0323017508;1.0241773;0.698891396;-0.00673040761;10;0.833333409;0;1.044444;1.00012874;1.00012866
20.453882;1.02416989;0.776660248;-0.0074698133;0.758330851;-0.00729381028;1.02192982;1.03663157;0.768302459;0.0323201075;1.02417028;0.698994431;-0.00672341727;10;0.833333418;0;1.044444;1.00013473;1.00013466
20.454882;1.02416289;0.776778024;-0.00746205489;0.758451057;-0.00728628594;1.02192384;1.03662755;0.768422259;0.0323373615;1.02416326;0.699100464;-0.00671642486;10;0.833333427;0;1.044444;1.00014072;1.00014066
20.455882;1.0241549;0.776901355;-0.00745540805;0.75857743;-0.00727985291;1.02191885;1.03662253;0.768547089;0.0323557191;1.02415524;0.699211495;-0.00671043042;10;0.833333436;0;1.044444;1.00014672;1.00014665
20.456882;1.0241469;0.777029131;-0.00744876159;0.758708144;-0.00727341935;1.02191287;1.03661651;0.76867802;0.0323741082;1.02414722;0.699326523;-0.00670443409;10;0.833333445;0;1.044444;1.00015271;1.00015265
20.457882;1.02413891;0.777160239;-0.00744211532;0.758842115;-0.0072669854;1.02190589;1.0366105;0.768812166;0.0323924975;1.0241392;0.699444548;-0.00669843604;10;0.833333455;0;1.044444;1.00015869;1.00015864
20.458882;1.02412991;0.777296903;-0.00743546887;0.758982253;-0.00726055814;1.02189891;1.03660448;0.7689506;0.0324108868;1.02413019;0.699567571;-0.00669243639;10;0.833333465;0;1.044444;1.00016368;1.00016364
20.459882;1.02411991;0.7774369;-0.00742993281;0.75912639;-0.00725522241;1.02189092;1.03659847;0.769093323;0.0324303481;1.02412017;0.69969359;-0.00668743523;10;0.833333475;0;1.044444;1.00016967;1.00016963
20.460882;1.02410992;0.777580229;-0.00742328453;0.759273783;-0.00724880105;1.02188294;1.03659146;0.769241075;0.0324487691;1.02411015;0.699822607;-0.00668143261;10;0.833333486;0;1.044444;1.00017466;1.00017462
20.462882;1.02408992;0.777879112;-0.0074122062;0.75958051;-0.00723812516;1.02186597;1.03657644;0.769546977;0.0324877879;1.02409012;0.700091633;-0.00667142276;10;0.833333508;0;1.044444;1.00018464;1.00018461
20.463882;1.02407893;0.778034664;-0.0074066652;0.759740586;-0.00723279205;1.02185699;1.03656843;0.769706196;0.0325073149;1.02407911;0.700231641;-0.00666641538;10;0.833333518;0;1.044444;1.00018863;1.0001886
20.464882;1.02406693;0.778192441;-0.00740112323;0.759903577;-0.00722746391;1.02184701;1.03656043;0.769868635;0.0325279157;1.02406709;0.700373647;-0.00666140637;10;0.833333527;0;1.044444;1.00019362;1.00019359
20.465882;1.02405592;0.778354663;-0.00739669172;0.760070168;-0.00722321126;1.02183702;1.03655242;0.770033221;0.0325474468;1.02405608;0.700519651;-0.00665739587;10;0.833333535;0;1.044444;1.00019762;1.00019758
20.466882;1.02404392;0.778519111;-0.0073911488;0.760239674;-0.00721787809;1.02182703;1.03654343;0.770202841;0.0325680837;1.02404407;0.700667651;-0.00665238404;10;0.833333542;0;1.044444;1.00020161;1.00020156
20.467882;1.02403192;0.778686892;-0.00738560588;0.760412438;-0.00721254246;1.02181604;1.03653543;0.770373865;0.0325886916;1.02403206;0.700818648;-0.00664737099;10;0.833333547;0;1.044444;1.00020561;1.00020555
20.468882;1.02401991;0.778856898;-0.00738117413;0.760587376;-0.00720828956;1.02180505;1.03652644;0.770548852;0.0326093333;1.02402006;0.700971642;-0.00664335673;10;0.833333551;0;1.044444;1.00020861;1.00020854
20.469882;1.02400691;0.779030238;-0.00737674228;0.760766318;-0.00720404152;1.02179406;1.03651645;0.770726732;0.0326300083;1.02400705;0.701127633;-0.00663934126;10;0.833333554;0;1.044444;1.00021261;1.00021253
20.470882;1.0239939;0.779205802;-0.00737119891;0.760947435;-0.00719870634;1.02178306;1.03650746;0.770907088;0.0326506536;1.02399404;0.701285621;-0.00663432454;10;0.833333555;0;1.044444;1.00021562;1.00021551
20.471882;1.02398089;0.779383589;-0.00736676601;0.761130728;-0.00719445422;1.02177107;1.03649748;0.771090336;0.0326713316;1.02398103;0.701445607;-0.00663030655;10;0.833333555;0;1.044444;1.00021862;1.0002185
20.472882;1.02396789;0.779563599;-0.00736233219;0.761316197;-0.00719020013;1.02175907;1.0364885;0.771273917;0.0326930511;1.02396803;0.701607588;-0.00662628735;10;0.833333554;0;1.044444;1.00022163;1.00022149
20.473882;1.02395388;0.779745833;-0.0073578973;0.761504587;-0.00718595106;1.02174707;1.03647853;0.771461462;0.0327148028;1.02395402;0.701771567;-0.00662226706;10;0.833333551;0;1.044444;1.00022464;1.00022448
20.474882;1.02394088;0.779929176;-0.00735346123;0.761693325;-0.00718169301;1.02173506;1.03646855;0.771650083;0.0327365548;1.02394101;0.701936542;-0.00661824586;10;0.833333546;0;1.044444;1.00022664;1.00022648
20.475882;1.02392687;0.780114742;-0.00734902398;0.761884984;-0.00717744004;1.02172206;1.03645858;0.771840853;0.0327583068;1.02392701;0.702103513;-0.00661422402;10;0.833333539;0;1.044444;1.00022965;1.00022947
20.477882;1.02389886;0.780490317;-0.00734014599;0.762272667;-0.00716892853;1.02169705;1.03643765;0.772227434;0.0328018425;1.02389899;0.702441447;-0.00660617921;10;0.833333519;0;1.044444;1.00023368;1.00023346
20.478882;1.02388485;0.780680325;-0.00733459419;0.762468688;-0.00716358482;1.02168405;1.03642769;0.772422502;0.0328246668;1.02388498;0.70261241;-0.00660115632;10;0.833333507;0;1.044444;1.00023469;1.00023446
20.479882;1.02386984;0.780871444;-0.00733015232;0.762666548;-0.00715933158;1.02167105;1.03641673;0.772618318;0.0328464511;1.02386997;0.702784372;-0.00659713295;10;0.833333492;0;1.044444;1.0002367;1.00023645
20.480882;1.02385583;0.781062561;-0.00732570911;0.762863671;-0.00715506986;1.02165804;1.03640677;0.772815537;0.0328692764;1.02385596;0.702956331;-0.00659310893;10;0.833333475;0;1.044444;1.00023772;1.00023745
20.484882;1.0237978;0.781837017;-0.0073068125;0.76366348;-0.00713694366;1.02160603;1.03636395;0.773612051;0.0329606881;1.02379791;0.703653159;-0.0065760062;10;0.833333391;0;1.044444;1.0002418;1.00024145
20.486882;1.02376878;0.782227014;-0.00729680338;0.764066131;-0.00712733667;1.02158103;1.03634303;0.77401264;0.0330074637;1.0237689;0.704004074;-0.00656695286;10;0.833333342;0;1.044444;1.00024185;1.00024146
20.489882;1.02372576;0.782811447;-0.00728012141;0.76466922;-0.00711129508;1.02154202;1.03631216;0.774612647;0.0330770921;1.02372589;0.704529958;-0.00655187306;10;0.833333268;0;1.044444;1.00024191;1.00024149
20.490882;1.02371175;0.783005887;-0.00727456157;0.764869644;-0.00710594611;1.02153002;1.0363012;0.774812797;0.0331010418;1.0237119;0.704704924;-0.00654684781;10;0.833333243;0;1.044444;1.00024194;1.0002415
20.491882;1.02369774;0.783199214;-0.00726900257;0.765068985;-0.00710059781;1.02151702;1.03629123;0.775012204;0.0331249613;1.0236979;0.704878893;-0.00654182429;10;0.833333217;0;1.044444;1.00024096;1.00024051
20.492882;1.02368374;0.783392541;-0.00726344444;0.765268328;-0.00709525045;1.02150502;1.03628127;0.775210541;0.0331478106;1.0236839;0.705052865;-0.00653680322;10;0.833333191;0;1.044444;1.00024098;1.00024053
20.493882;1.02366973;0.783585868;-0.00725788713;0.765467672;-0.00708990414;1.02149201;1.03627031;0.775408557;0.0331717658;1.02366991;0.70522684;-0.00653178515;10;0.833333165;0;1.044444;1.00024;1.00023954
20.495882;1.02364172;0.783968075;-0.00724566295;0.765862022;-0.00707812926;1.021468;1.03625038;0.77580203;0.0332196167;1.02364192;0.705570799;-0.00652075837;10;0.83333311;0;1.044444;1.00023804;1.00023757
20.496882;1.02362771;0.784159177;-0.00723899535;0.766059201;-0.00707170048;1.02145699;1.03624141;0.775996413;0.033243512;1.02362792;0.705742782;-0.00651474906;10;0.833333082;0;1.044444;1.00023705;1.00023659
20.497882;1.0236147;0.784348056;-0.00723232715;0.766253463;-0.00706526567;1.02144498;1.03623144;0.776190476;0.033268513;1.02361493;0.705912768;-0.00650874182;10;0.833333054;0;1.044444;1.00023607;1.00023561
20.498882;1.0236007;0.784535824;-0.00722676891;0.766447389;-0.00705992411;1.02143297;1.03622147;0.776384542;0.0332924429;1.02360094;0.706081755;-0.00650373627;10;0.833333026;0;1.044444;1.00023408;1.00023363
20.499882;1.02358769;0.78472248;-0.00721898668;0.766639484;-0.00705240548;1.02142196;1.0362125;0.776575717;0.0333163419;1.02358795;0.706249743;-0.00649673209;10;0.833332999;0;1.044444;1.00023309;1.00023265
20.501882;1.02356167;0.785092457;-0.007205637;0.767020428;-0.00703954103;1.02139993;1.03619357;0.776954537;0.0333652474;1.02356196;0.706582724;-0.00648472685;10;0.833332948;0;1.044444;1.00022911;1.00022868
20.502882;1.02354866;0.78527578;-0.00719784648;0.767209276;-0.00703202379;1.02138991;1.0361846;0.777141432;0.0333891486;1.02354897;0.706747716;-0.00647772537;10;0.833332925;0;1.044444;1.00022811;1.0002277
20.503882;1.02353665;0.785456879;-0.00719005264;0.767395207;-0.00702449981;1.02137889;1.03617563;0.777327258;0.0334130499;1.02353698;0.706910709;-0.00647072449;10;0.833332903;0;1.044444;1.00022611;1.00022572
20.505882;1.02351163;0.785814634;-0.00717556658;0.767763488;-0.00701054442;1.02135885;1.03615869;0.777693877;0.0334618915;1.02351199;0.707232695;-0.0064577243;10;0.833332865;0;1.044444;1.00022211;1.00022175
20.506882;1.02349961;0.78599129;-0.00716665285;0.767945088;-0.00700193505;1.02134983;1.03615072;0.77787467;0.0334857587;1.02349999;0.707391687;-0.00644972472;10;0.833332848;0;1.044444;1.00021911;1.00021877
20.507882;1.0234876;0.786165724;-0.00715884835;0.768124523;-0.00699441167;1.02133981;1.03614275;0.778052248;0.0335106971;1.02348799;0.707548679;-0.00644272514;10;0.833332832;0;1.044444;1.00021711;1.00021678
20.509882;1.02346457;0.786510148;-0.00714212525;0.76847831;-0.0069782753;1.02132176;1.0361268;0.778404193;0.0335594976;1.023465;0.707858658;-0.00642772512;10;0.833332803;0;1.044444;1.00021309;1.0002128
20.510882;1.02345355;0.786679028;-0.00713320772;0.768651578;-0.006969663;1.02131374;1.03611882;0.778577486;0.0335833597;1.023454;0.708010646;-0.0064197246;10;0.83333279;0;1.044444;1.00021009;1.00020981
20.511882;1.02344254;0.786846798;-0.0071242905;0.768823763;-0.00696105234;1.02130571;1.03611183;0.778748958;0.0336071882;1.02344301;0.708161632;-0.00641172388;10;0.833332778;0;1.044444;1.00020808;1.00020781
20.512882;1.02343152;0.787012346;-0.00711537402;0.768993779;-0.0069524435;1.02129669;1.03610485;0.778917214;0.0336320879;1.02343201;0.708310618;-0.00640372307;10;0.833332767;0;1.044444;1.00020507;1.00020482
20.513882;1.02342151;0.787175674;-0.00710645868;0.769160876;-0.00694382997;1.02128967;1.03609786;0.779084398;0.0336559142;1.02342201;0.708457602;-0.0063957223;10;0.833332758;0;1.044444;1.00020306;1.00020282
20.514882;1.02341049;0.787336781;-0.00709643368;0.769326556;-0.00693414008;1.02128165;1.03609087;0.779248367;0.0336808121;1.02341101;0.708602586;-0.00638672177;10;0.83333275;0;1.044444;1.00020005;1.00019982
20.515882;1.02340047;0.787496778;-0.00708752147;0.7694904;-0.00692553221;1.02127463;1.03608388;0.779411264;0.033704637;1.02340101;0.70874657;-0.00637872175;10;0.833332743;0;1.044444;1.00019804;1.00019782
20.516882;1.02339046;0.787654553;-0.00707750009;0.769652077;-0.0069158422;1.02126761;1.03607788;0.779572338;0.0337284291;1.02339101;0.708888553;-0.00636972247;10;0.833332737;0;1.044444;1.00019503;1.00019482
20.517882;1.02338144;0.78781011;-0.00706748086;0.769810831;-0.00690614936;1.0212606;1.03607188;0.779730195;0.0337532933;1.02338201;0.709028536;-0.00636072408;10;0.833332733;0;1.044444;1.00019301;1.00019282
20.518882;1.02337142;0.787963444;-0.00705746394;0.769968168;-0.00689646735;1.02125459;1.03606488;0.77988666;0.0337771178;1.023372;0.709166519;-0.00635172666;10;0.833332729;0;1.044444;1.00019;1.00018982
20.519882;1.02336241;0.788114558;-0.00704744939;0.770122585;-0.00688678284;1.02124858;1.03605987;0.780040548;0.0338008773;1.02336299;0.709302502;-0.0063427303;10;0.833332727;0;1.044444;1.00018698;1.00018683
20.520882;1.0233534;0.788264562;-0.0070363261;0.770275919;-0.00687601699;1.02124258;1.03605386;0.780191973;0.0338246698;1.02335399;0.709437486;-0.00633273511;10;0.833332725;0;1.044444;1.00018497;1.00018483
20.521882;1.02334438;0.788411235;-0.00702631623;0.770425997;-0.00686634146;1.02123658;1.03604885;0.780341573;0.0338484301;1.02334497;0.70956947;-0.00632374119;10;0.833332725;0;1.044444;1.00018195;1.00018184
20.522882;1.02333637;0.788556798;-0.00701519738;0.77057424;-0.00685557795;1.02123158;1.03604283;0.78048978;0.0338732956;1.02333696;0.709700455;-0.00631374862;10;0.833332725;0;1.044444;1.00017893;1.00017885
20.523882;1.02332736;0.788700139;-0.00700408038;0.770721068;-0.00684482532;1.02122658;1.03603781;0.78063509;0.0338970561;1.02332794;0.709829442;-0.00630375746;10;0.833332726;0;1.044444;1.00017692;1.00017685
20.525882;1.02331235;0.788980159;-0.00698185075;0.771005959;-0.0068233102;1.02121759;1.03602876;0.780918524;0.0339445426;1.02331291;0.710081421;-0.00628377896;10;0.83333273;0;1.044444;1.00017089;1.00017088
20.526882;1.02330435;0.789117948;-0.00697073771;0.771146613;-0.00681255967;1.0212126;1.03602373;0.781058474;0.033968301;1.02330489;0.710205413;-0.00627379109;10;0.833332735;0;1.044444;1.00016888;1.00016889
20.527882;1.02329634;0.789253515;-0.00695962576;0.7712851;-0.0068018106;1.02120861;1.0360197;0.781194456;0.0339920257;1.02329687;0.710327407;-0.00626380365;10;0.833332741;0;1.044444;1.00016587;1.0001659
20.528882;1.02328934;0.789386862;-0.00694740385;0.771420663;-0.00678996991;1.02120562;1.03601567;0.781329367;0.0340157494;1.02328985;0.710447403;-0.00625281634;10;0.833332749;0;1.044444;1.00016386;1.00016392
20.529882;1.02328234;0.789517987;-0.00693629422;0.771554058;-0.00677921538;1.02120163;1.03601163;0.781462136;0.0340394725;1.02328283;0.7105654;-0.00624282895;10;0.833332759;0;1.044444;1.00016085;1.00016093
20.530882;1.02327535;0.78964689;-0.00692407462;0.771685284;-0.0067673748;1.02119864;1.03600759;0.781592764;0.0340621226;1.02327582;0.710681398;-0.00623184141;10;0.833332771;0;1.044444;1.00015885;1.00015895
20.531882;1.02326936;0.789774682;-0.0069118561;0.771814672;-0.00675552678;1.02119566;1.03600355;0.781721249;0.0340858451;1.0232698;0.710796398;-0.00622085372;10;0.833332785;0;1.044444;1.00015585;1.00015596
20.532882;1.02326237;0.789900251;-0.0068996386;0.771942644;-0.00674368393;1.02119267;1.0360005;0.78184791;0.034109535;1.02326278;0.7109094;-0.00620986586;10;0.833332801;0;1.044444;1.00015385;1.00015398
20.533882;1.02325639;0.790023596;-0.00688742204;0.772067693;-0.00673183252;1.02119069;1.03599746;0.781972431;0.0341332257;1.02325677;0.711020403;-0.00619887782;10;0.833332819;0;1.044444;1.00015085;1.000151
20.535882;1.02324444;0.790265836;-0.00686299154;0.772313452;-0.00670812178;1.02118672;1.03599137;0.782215047;0.034179539;1.02324474;0.711238411;-0.00617690077;10;0.83333286;0;1.044444;1.00014687;1.00014704
20.536882;1.02323947;0.790383618;-0.0068496664;0.77243232;-0.00669516888;1.02118473;1.03598832;0.782334215;0.0342021621;1.02323973;0.711344416;-0.00616491122;10;0.833332884;0;1.044444;1.00014388;1.00014407
20.537882;1.0232335;0.790500288;-0.0068374531;0.772550859;-0.00668330433;1.02118275;1.03598528;0.782452313;0.0342258597;1.02323372;0.711449422;-0.00615392047;10;0.83333291;0;1.044444;1.00014189;1.00014209
20.539882;1.02322358;0.790728063;-0.0068108063;0.772780997;-0.00665737718;1.02117977;1.03598019;0.782681324;0.0342721552;1.02322371;0.711654434;-0.00612993375;10;0.83333297;0;1.044444;1.00013791;1.00013814
20.540882;1.02321862;0.790840278;-0.006798595;0.772894437;-0.00664549277;1.02117878;1.03597814;0.78279331;0.034294753;1.0232187;0.711755439;-0.00611893707;10;0.833333004;0;1.044444;1.00013593;1.00013616
20.541882;1.02321367;0.790950269;-0.00678527333;0.773005704;-0.00663251793;1.02117879;1.0359761;0.782903152;0.0343173522;1.0232137;0.711854444;-0.0061069378;10;0.83333304;0;1.044444;1.00013294;1.00013318
20.542882;1.02320971;0.791058035;-0.00677195247;0.773114044;-0.00661953217;1.0211778;1.03597405;0.783011922;0.0343399528;1.0232097;0.711951448;-0.00609493573;10;0.833333078;0;1.044444;1.00013196;1.0001322
20.544882;1.02320081;0.791271335;-0.0067453138;0.773329306;-0.00659355499;1.02117682;1.03597096;0.783224415;0.0343861968;1.02320071;0.712143454;-0.00607092265;10;0.833333162;0;1.044444;1.00012799;1.00012824
20.545882;1.02319686;0.79137576;-0.00673199635;0.773434386;-0.00658055779;1.02117682;1.03596892;0.783328895;0.0344088013;1.02319671;0.712237457;-0.00605891166;10;0.833333207;0;1.044444;1.00012601;1.00012626
20.547882;1.02318896;0.791579048;-0.00670425499;0.77363912;-0.0065534673;1.02117684;1.03596683;0.783532049;0.0344539476;1.02318872;0.712420462;-0.00603388158;10;0.833333304;0;1.044444;1.00012204;1.0001223
20.548882;1.02318501;0.791680134;-0.00669094217;0.773740945;-0.00654045962;1.02117784;1.03596579;0.783631478;0.0344754495;1.02318473;0.712511464;-0.00602186301;10;0.833333354;0;1.044444;1.00012105;1.00012131
20.549882;1.02318106;0.791778998;-0.00667651961;0.773840599;-0.00652636223;1.02117784;1.03596375;0.783730591;0.0344980578;1.02318073;0.712600465;-0.0060088425;10;0.833333406;0;1.044444;1.00011906;1.00011933
20.550882;1.02317811;0.791876749;-0.00666320929;0.773938413;-0.00651334082;1.02117885;1.03596272;0.783828946;0.0345206326;1.02317773;0.712688465;-0.00599682048;10;0.833333458;0;1.044444;1.00011807;1.00011834
20.551882;1.02317415;0.791973389;-0.00664878863;0.774035898;-0.00649923661;1.02117985;1.03596268;0.783924398;0.0345431736;1.02317373;0.712775464;-0.00598379755;10;0.83333351;0;1.044444;1.00011607;1.00011636
20.552882;1.02317119;0.792068919;-0.00663547941;0.774131542;-0.00648620915;1.02117985;1.03596166;0.784019532;0.0345646743;1.02317074;0.712861462;-0.0059717743;10;0.833333562;0;1.044444;1.00011508;1.00011537
20.553882;1.02316823;0.792163337;-0.00662105902;0.774226102;-0.00647209317;1.02118086;1.03596063;0.784113593;0.034587246;1.02316774;0.712946459;-0.00595875116;10;0.833333613;0;1.044444;1.00011308;1.00011338
20.554882;1.02316526;0.792257757;-0.00660774942;0.774320663;-0.00645906066;1.02118286;1.0359596;0.78420658;0.0346098158;1.02316474;0.713031455;-0.0059467285;10;0.833333663;0;1.044444;1.00011209;1.0001124
20.555882;1.02316229;0.792349955;-0.00659332815;0.774413054;-0.00644493977;1.02118386;1.03595958;0.78429881;0.0346312775;1.02316174;0.713114452;-0.00593370672;10;0.833333712;0;1.044444;1.00011109;1.00011141
20.556882;1.02315932;0.792442156;-0.0065789061;0.774505445;-0.00643081651;1.02118486;1.03595856;0.784389652;0.034653843;1.02315873;0.713197449;-0.00592068623;10;0.833333757;0;1.044444;1.00011009;1.00011043
20.557882;1.02315634;0.792533248;-0.00656559411;0.774596753;-0.00641777701;1.02118586;1.03595854;0.784479735;0.0346753003;1.02315573;0.713279447;-0.00590866738;10;0.833333801;0;1.044444;1.0001091;1.00010944
20.558882;1.02315337;0.792623233;-0.00655116967;0.774686974;-0.00640364966;1.02118786;1.03595853;0.784568747;0.0346978282;1.02315273;0.713360446;-0.00589565033;10;0.833333841;0;1.044444;1.0001081;1.00010846
20.559882;1.02315039;0.792713222;-0.00653674367;0.774777196;-0.00638952088;1.02118886;1.03595751;0.784658514;0.0347193155;1.02314973;0.713441447;-0.00588263516;10;0.833333879;0;1.044444;1.0001071;1.00010748
20.562882;1.02314343;0.792977653;-0.00649456639;0.775040918;-0.00634820426;1.02119383;1.03595747;0.78491911;0.0347847449;1.02314272;0.713679453;-0.00584460162;10;0.833333975;0;1.044444;1.0001041;1.00010454
20.563882;1.02314044;0.793064321;-0.00648013382;0.77512788;-0.00633407438;1.02119582;1.03595745;0.785004901;0.0348061974;1.02313972;0.713757455;-0.00583159464;10;0.833334002;0;1.044444;1.0001031;1.00010355
20.564882;1.02313845;0.793150993;-0.00646569999;0.775214084;-0.00631993902;1.02119781;1.03595744;0.785090692;0.0348276508;1.02313773;0.713835458;-0.00581858992;10;0.833334026;0;1.044444;1.0001031;1.00010357
20.565882;1.02313545;0.793236557;-0.00645126501;0.775299959;-0.00630581074;1.0211998;1.03595743;0.78517541;0.0348491055;1.02313473;0.713912461;-0.00580558767;10;0.833334049;0;1.044444;1.0001021;1.00010259
20.566882;1.02313344;0.793322123;-0.00643682895;0.775385074;-0.00629167735;1.02120179;1.03595642;0.785260885;0.0348705957;1.02313274;0.713989465;-0.00579258809;10;0.833334068;0;1.044444;1.00010109;1.0001016
20.567882;1.02313144;0.793407692;-0.00642350297;0.775470188;-0.0062786311;1.02120378;1.03595641;0.785344529;0.034892054;1.02313075;0.714066468;-0.00578059121;10;0.833334086;0;1.044444;1.00010109;1.00010161
20.568882;1.02312843;0.793492151;-0.00640906498;0.775554972;-0.00626450626;1.02120577;1.0359574;0.785428488;0.0349134803;1.02312777;0.714142472;-0.0057675968;10;0.833334102;0;1.044444;1.00010009;1.00010062
20.570882;1.02312441;0.793661075;-0.00638018681;0.775723025;-0.00623624874;1.02120975;1.03595739;0.785594709;0.0349564053;1.0231238;0.714294481;-0.00574161379;10;0.833334129;0;1.044444;1.00010007;1.00010063
20.571882;1.02312239;0.793745539;-0.00636574678;0.775807051;-0.00622212264;1.02121174;1.03595738;0.785677284;0.03497787;1.02312182;0.714370486;-0.00572862435;10;0.83333414;0;1.044444;1.00009906;1.00009963
20.575882;1.02311332;0.794080052;-0.00630909078;0.776140669;-0.00616673278;1.02121971;1.03595738;0.786007598;0.0350637397;1.02311292;0.714671506;-0.00567767524;10;0.833334172;0;1.044444;1.00009901;1.00009961
20.576882;1.0231113;0.794163397;-0.00629464771;0.776223617;-0.00615261848;1.0212217;1.03595738;0.786090178;0.0350852092;1.02311094;0.71474651;-0.00566469009;10;0.833334178;0;1.044444;1.000098;1.0000986
20.577882;1.02310828;0.794246741;-0.00628020496;0.776307326;-0.00613851268;1.0212237;1.03595739;0.786172758;0.035106679;1.02310797;0.714821513;-0.00565170616;10;0.833334184;0;1.044444;1.00009798;1.00009858
20.579882;1.02310424;0.79441342;-0.00625243409;0.776473232;-0.00611138294;1.02122769;1.0359574;0.786336845;0.0351485461;1.02310402;0.71497152;-0.00562674304;10;0.833334194;0;1.044444;1.00009795;1.00009855
20.580882;1.02310222;0.794496756;-0.00623799605;0.776556189;-0.00609727905;1.02122969;1.03595741;0.786419424;0.035170015;1.02310204;0.715046523;-0.00561376416;10;0.833334197;0;1.044444;1.00009893;1.00009953
20.583882;1.02309516;0.794746749;-0.00619580912;0.776805821;-0.00605607268;1.02123569;1.03595845;0.786666396;0.0352333071;1.02309509;0.715271528;-0.00557583864;10;0.8333342;0;1.044444;1.00009887;1.00009947
20.585882;1.02309012;0.79491562;-0.00616806831;0.776974668;-0.00602897352;1.02123969;1.03595748;0.786833374;0.0352762633;1.02309012;0.71542353;-0.00555089643;10;0.833334195;0;1.044444;1.00009883;1.00009942
20.586882;1.02308811;0.794998941;-0.00615475714;0.777057626;-0.00601596582;1.0212417;1.03595749;0.786915946;0.0352966482;1.02308813;0.715498532;-0.00553892651;10;0.83333419;0;1.044444;1.00009982;1.00010039
20.588882;1.02308308;0.795168913;-0.00612703074;0.777227557;-0.00598887356;1.0212447;1.03595752;0.787083231;0.0353395562;1.02308313;0.715651535;-0.0055139861;10;0.833334175;0;1.044444;1.00009978;1.00010034
20.589882;1.02308007;0.795253342;-0.00611261533;0.777312358;-0.00597478854;1.02124671;1.03595753;0.787167946;0.0353599349;1.02308013;0.715727537;-0.0055010146;10;0.833334166;0;1.044444;1.00010077;1.00010131
20.591882;1.02307506;0.795424422;-0.00608490143;0.77748337;-0.00594769898;1.02124972;1.03595754;0.787336305;0.0354028336;1.02307513;0.715881538;-0.00547606664;10;0.833334145;0;1.044444;1.00010075;1.00010126
20.592882;1.02307305;0.795509964;-0.00607160251;0.777568495;-0.00593469352;1.02125072;1.03595654;0.787421782;0.0354232436;1.02307312;0.715958537;-0.00546408921;10;0.833334133;0;1.044444;1.00010174;1.00010224
20.593882;1.02307005;0.795596617;-0.00605830489;0.777655466;-0.00592169287;1.02125273;1.03595654;0.787506501;0.0354446914;1.02307012;0.716036535;-0.00545210879;10;0.83333412;0;1.044444;1.00010174;1.00010222
20.594882;1.02306804;0.795682159;-0.00604389705;0.77774059;-0.00590759917;1.02125374;1.03595654;0.787592295;0.0354661387;1.02306811;0.716113532;-0.00543912488;10;0.833334106;0;1.044444;1.00010174;1.0001022
20.595882;1.02306504;0.795768814;-0.00603060059;0.777827561;-0.005894596;1.02125575;1.03595554;0.78767885;0.035486547;1.02306511;0.716191528;-0.0054271371;10;0.833334091;0;1.044444;1.00010275;1.00010317
20.596882;1.02306203;0.795856583;-0.00601730374;0.777915618;-0.0058815915;1.02125676;1.03595553;0.787764647;0.035507993;1.02306211;0.716270523;-0.00541514527;10;0.833334075;0;1.044444;1.00010275;1.00010315
20.597882;1.02305903;0.79594324;-0.00600289481;0.77800259;-0.00586749963;1.02125877;1.03595552;0.787850447;0.0355294382;1.02305911;0.716348517;-0.00540214941;10;0.833334058;0;1.044444;1.00010376;1.00010413
20.598882;1.02305702;0.796031011;-0.00598959563;0.778089888;-0.00585448686;1.02125979;1.03595451;0.787938081;0.0355509172;1.02305711;0.716427512;-0.0053901496;10;0.83333404;0;1.044444;1.00010377;1.00010411
20.599882;1.02305401;0.796119895;-0.00597629487;0.778179035;-0.00584147864;1.02126081;1.03595451;0.788024956;0.0355712893;1.02305411;0.716507507;-0.00537814595;10;0.833334021;0;1.044444;1.00010478;1.00010508
20.600882;1.02305101;0.796207669;-0.00596299243;0.778267098;-0.00582846935;1.02126183;1.0359535;0.788113666;0.0355927688;1.02305112;0.716586501;-0.00536613862;10;0.833334;0;1.044444;1.00010479;1.00010506
20.601882;1.023048;0.796296556;-0.00594968832;0.778356248;-0.00581545903;1.02126285;1.0359535;0.788201616;0.0356142148;1.02304813;0.716666496;-0.00535412793;10;0.833333977;0;1.044444;1.0001058;1.00010604
20.602882;1.023045;0.796385444;-0.00593527124;0.778445402;-0.00580136158;1.02126388;1.03595249;0.788290328;0.0356356967;1.02304514;0.71674649;-0.00534111431;10;0.833333952;0;1.044444;1.00010581;1.00010602
20.603882;1.02304199;0.796475444;-0.00592196307;0.778535645;-0.00578834905;1.0212649;1.03595149;0.788379041;0.0356561076;1.02304215;0.716827484;-0.00532909825;10;0.833333924;0;1.044444;1.00010682;1.00010699
20.605882;1.02303598;0.796655448;-0.00589533846;0.778716141;-0.00576232042;1.02126696;1.03595049;0.788557852;0.0356990445;1.02303617;0.716989468;-0.00530506065;10;0.833333863;0;1.044444;1.00010684;1.00010695
20.606882;1.02303298;0.796746563;-0.00588202155;0.778807481;-0.00574930437;1.02126799;1.0359495;0.78864871;0.035720532;1.02303319;0.71707146;-0.00529303997;10;0.83333383;0;1.044444;1.00010785;1.00010794
20.607882;1.02302897;0.79683768;-0.00586870145;0.778899587;-0.00573629289;1.02126902;1.0359485;0.788738497;0.0357409477;1.0230292;0.71715345;-0.00528101856;10;0.833333795;0;1.044444;1.00010785;1.00010792
20.608882;1.02302597;0.796928799;-0.00585537809;0.778990935;-0.0057232748;1.02127005;1.03594851;0.788829667;0.035762402;1.02302621;0.71723544;-0.00526899674;10;0.83333376;0;1.044444;1.00010886;1.00010891
20.609882;1.02302296;0.79701992;-0.00584205141;0.779082287;-0.0057102557;1.02127108;1.03594752;0.788920527;0.0357838912;1.02302322;0.717317429;-0.00525697481;10;0.833333725;0;1.044444;1.00010886;1.0001089
20.610882;1.02301996;0.797112153;-0.00582872137;0.779174731;-0.00569723563;1.02127111;1.03594653;0.78901246;0.0358053804;1.02302023;0.717400419;-0.00524495306;10;0.83333369;0;1.044444;1.00010986;1.00010989
20.611882;1.02301595;0.7972055;-0.00581538802;0.779269027;-0.00568422025;1.02127214;1.03594555;0.789104394;0.0358268694;1.02301623;0.71748441;-0.00523293166;10;0.833333656;0;1.044444;1.00010986;1.00010988
20.612882;1.02301295;0.797297737;-0.00580205156;0.77936148;-0.00567119859;1.02127316;1.03594457;0.789196327;0.0358483578;1.02301324;0.7175674;-0.00522091067;10;0.833333623;0;1.044444;1.00011086;1.00011088
20.613882;1.02300994;0.797391086;-0.00578982342;0.779455022;-0.00565926247;1.02127319;1.03594359;0.789289335;0.0358698452;1.02301025;0.717651392;-0.00520989004;10;0.833333591;0;1.044444;1.00011085;1.00011088
20.614882;1.02300593;0.797484436;-0.00577648186;0.779549332;-0.00564624526;1.02127421;1.03594261;0.789382342;0.0358902584;1.02300626;0.717735384;-0.00519786969;10;0.83333356;0;1.044444;1.00011185;1.00011187
20.616882;1.02299892;0.797672249;-0.00574979388;0.779738283;-0.00562020358;1.02127525;1.03594067;0.789569433;0.0359332245;1.02299927;0.71790437;-0.00517382973;10;0.833333502;0;1.044444;1.00011183;1.00011188
20.617882;1.02299591;0.79776671;-0.00573644829;0.779832924;-0.00560717883;1.02127527;1.0359397;0.789663516;0.0359547041;1.02299628;0.717989364;-0.00516181012;10;0.833333474;0;1.044444;1.00011282;1.00011288
20.618882;1.0229919;0.797861171;-0.00572310195;0.77992833;-0.00559415856;1.02127529;1.03593874;0.789757601;0.0359761809;1.02299229;0.71807436;-0.00514979069;10;0.833333447;0;1.044444;1.00011281;1.00011289
20.619882;1.02298889;0.797955631;-0.00570975494;0.780022975;-0.00558113166;1.0212763;1.03593778;0.789851689;0.0359976552;1.02298929;0.718159356;-0.00513777139;10;0.83333342;0;1.044444;1.00011379;1.0001139
20.620882;1.02298488;0.798051201;-0.00569751831;0.780119471;-0.00556919502;1.02127631;1.03593682;0.789946852;0.0360191269;1.0229853;0.718245354;-0.00512675219;10;0.833333393;0;1.044444;1.00011378;1.00011391
20.621882;1.02298087;0.798145659;-0.00568416976;0.78021488;-0.00555617076;1.02127632;1.03593486;0.790042779;0.0360406309;1.0229813;0.718330353;-0.00511473311;10;0.833333366;0;1.044444;1.00011377;1.00011393
20.622882;1.02297786;0.798242336;-0.00567082042;0.780311701;-0.00554313961;1.02127733;1.0359339;0.790137946;0.036062098;1.0229783;0.718417353;-0.00510271413;10;0.833333339;0;1.044444;1.00011477;1.00011495
20.623882;1.02297385;0.798337902;-0.0056574703;0.780408199;-0.00553011265;1.02127734;1.03593295;0.790233115;0.0360835636;1.0229743;0.718503354;-0.00509069526;10;0.833333312;0;1.044444;1.00011476;1.00011497
20.625882;1.02296683;0.798530138;-0.0056318791;0.780601521;-0.00550513694;1.02127734;1.03593104;0.790424531;0.0361264914;1.02296729;0.718676358;-0.00506765829;10;0.833333256;0;1.044444;1.00011476;1.00011501
20.626882;1.02296281;0.798626809;-0.00561852705;0.780699108;-0.00549210786;1.02127834;1.03592908;0.790521541;0.0361479896;1.02296329;0.718763361;-0.00505564049;10;0.833333228;0;1.044444;1.00011576;1.00011604
20.629882;1.02295177;0.798916808;-0.00557846822;0.780991103;-0.00545301238;1.02127834;1.03592619;0.790811356;0.0362134531;1.02295227;0.719024374;-0.00501959257;10;0.833333137;0;1.044444;1.00011578;1.00011613
20.630882;1.02294776;0.79901347;-0.00556622578;0.781088688;-0.00544106753;1.02127834;1.03592423;0.790908367;0.0362349526;1.02294826;0.719111379;-0.00500857948;10;0.833333107;0;1.044444;1.00011679;1.00011717
20.644882;1.02289354;0.800378939;-0.00538154321;0.782465205;-0.00526078825;1.02128016;1.03590635;0.792271585;0.0365400222;1.02289419;0.72034048;-0.00484260762;10;0.833332821;0;1.044444;1.00011692;1.00011743
20.646882;1.02288652;0.800573375;-0.00535485725;0.782660695;-0.00523472151;1.02128111;1.03590331;0.792465866;0.0365830417;1.02288718;0.720515496;-0.00481864237;10;0.833332814;0;1.044444;1.00011693;1.00011743
20.649882;1.0228755;0.800864475;-0.00531483842;0.782953778;-0.00519563239;1.02128104;1.03590026;0.792755607;0.0366496877;1.02287615;0.720777519;-0.0047826876;10;0.833332823;0;1.044444;1.00011693;1.00011741
20.650882;1.02287149;0.80096225;-0.00530039025;0.783052452;-0.00518152176;1.02128201;1.03589924;0.792852903;0.036671194;1.02287215;0.720865527;-0.00476969825;10;0.833332829;0;1.044444;1.00011593;1.00011639
20.652882;1.02286349;0.801155579;-0.0052737197;0.783247627;-0.00515547964;1.02128196;1.03589619;0.793046118;0.0367153213;1.02286413;0.721039543;-0.00474571061;10;0.833332844;0;1.044444;1.00011593;1.00011636
20.654882;1.0228565;0.801347797;-0.00524705434;0.783440944;-0.00512944074;1.0212829;1.03589415;0.793237495;0.036759419;1.02285711;0.721212558;-0.00472171057;10;0.833332863;0;1.044444;1.00011592;1.00011632
20.655882;1.02285351;0.80144335;-0.00523372352;0.783536676;-0.00511642164;1.02128387;1.03589312;0.793332648;0.0367809323;1.02285409;0.721298565;-0.00470970601;10;0.833332873;0;1.044444;1.00011491;1.00011529
20.658882;1.02284255;0.801730013;-0.00519262302;0.783825391;-0.00507629789;1.02128479;1.03589005;0.793619177;0.0368476147;1.02284306;0.721556581;-0.00467267567;10;0.833332901;0;1.044444;1.00011487;1.00011522
20.659882;1.02283957;0.801825568;-0.00517929288;0.783921116;-0.00506328441;1.02128576;1.03588902;0.793713256;0.0368691252;1.02284004;0.721642585;-0.00466066149;10;0.833332909;0;1.044444;1.00011385;1.0001142
20.660882;1.02283559;0.801920009;-0.00516596205;0.78401652;-0.00505027653;1.02128674;1.035888;0.793808408;0.0368906349;1.02283603;0.721727589;-0.00464864633;10;0.833332915;0;1.044444;1.00011383;1.00011418
20.661882;1.02283261;0.802014451;-0.00515151918;0.784111157;-0.00503617776;1.02128672;1.03588697;0.793902487;0.0369132166;1.02283301;0.721812593;-0.00463563083;10;0.833332921;0;1.044444;1.00011381;1.00011416
20.662882;1.02282863;0.802108893;-0.00513818629;0.78420656;-0.00502317022;1.0212877;1.03588595;0.793996567;0.0369347256;1.022829;0.721897598;-0.00462361551;10;0.833332926;0;1.044444;1.00011279;1.00011314
20.663882;1.02282566;0.802203334;-0.00512485218;0.784301196;-0.0050101574;1.02128868;1.03588492;0.794089573;0.036957307;1.02282599;0.721982603;-0.00461160084;10;0.83333293;0;1.044444;1.00011277;1.00011313
20.664882;1.02282269;0.802296665;-0.00511040577;0.784394746;-0.00499605762;1.02128966;1.0358839;0.79418365;0.0369788157;1.02282297;0.722066608;-0.00459858723;10;0.833332934;0;1.044444;1.00011275;1.00011311
20.665882;1.02281871;0.802391106;-0.00509706935;0.78449015;-0.00498304823;1.02128965;1.03588288;0.794276654;0.0370013971;1.02281896;0.722151613;-0.00458657505;10;0.833332938;0;1.044444;1.00011173;1.0001121
20.666882;1.02281574;0.802483325;-0.00508262076;0.784582613;-0.00496894682;1.02129063;1.03588286;0.794368891;0.0370228699;1.02281595;0.722234617;-0.00457356459;10;0.833332941;0;1.044444;1.00011172;1.00011209
20.667882;1.02281277;0.802576656;-0.00506928224;0.784676163;-0.00495593102;1.02129162;1.03588184;0.794460821;0.0370454512;1.02281294;0.722318621;-0.00456155602;10;0.833332944;0;1.044444;1.00011071;1.00011108
20.669882;1.02280584;0.802762206;-0.00504149142;0.784862947;-0.00492881651;1.0212936;1.0358808;0.794644984;0.0370895043;1.02280592;0.722485625;-0.00453654481;10;0.833332949;0;1.044444;1.00011069;1.00011107
20.670882;1.02280287;0.802853314;-0.00502703978;0.784954326;-0.00491471326;1.0212946;1.03587978;0.794736914;0.0371110113;1.02280291;0.722567625;-0.00452354227;10;0.833332951;0;1.044444;1.00010968;1.00011007
20.671882;1.0227999;0.802945535;-0.00501369948;0.78504679;-0.00490169629;1.02129559;1.03587876;0.794827769;0.0371335897;1.02279991;0.722650624;-0.00451154189;10;0.833332954;0;1.044444;1.00010967;1.00011007
20.672882;1.02279693;0.803036642;-0.00499924894;0.785138168;-0.00488759313;1.02129759;1.03587874;0.794917859;0.0371550579;1.02279691;0.722732622;-0.00449854375;10;0.833332957;0;1.044444;1.00010867;1.00010907
20.674882;1.02279098;0.803218856;-0.00497146367;0.78532092;-0.0048604749;1.02129958;1.03587771;0.795098809;0.0371990959;1.0227909;0.722896616;-0.00447355405;10;0.833332964;0;1.044444;1.00010867;1.00010908
20.675882;1.022788;0.80330885;-0.00495701841;0.785411207;-0.00484637389;1.02130058;1.0358767;0.795188597;0.0372216653;1.0227879;0.722977612;-0.00446056223;10;0.833332967;0;1.044444;1.00010767;1.00010809
20.676882;1.02278503;0.803398842;-0.00494257519;0.785501494;-0.00483227378;1.02130259;1.03587669;0.795277619;0.0372431235;1.0227849;0.723058608;-0.00444757223;10;0.83333297;0;1.044444;1.00010767;1.00010809
20.677882;1.02278305;0.803488833;-0.00492924516;0.78559101;-0.00481925617;1.02130359;1.03587568;0.795367411;0.0372656874;1.02278289;0.723139604;-0.00443558399;10;0.833332972;0;1.044444;1.00010667;1.0001071
20.678882;1.02278006;0.803577711;-0.0049148061;0.785680207;-0.00480515779;1.0213056;1.03587567;0.795455363;0.0372871398;1.02277989;0.723219599;-0.00442259759;10;0.833332974;0;1.044444;1.00010668;1.0001071
20.679882;1.02277708;0.803666587;-0.00490036913;0.785769402;-0.00479106029;1.02130662;1.03587466;0.795544087;0.0373096979;1.02277689;0.723299594;-0.0044096132;10;0.833332976;0;1.044444;1.00010569;1.00010611
20.680882;1.02277409;0.803755462;-0.0048859341;0.785858596;-0.00477696346;1.02130863;1.03587465;0.795632044;0.0373311443;1.02277388;0.723379589;-0.00439663091;10;0.833332977;0;1.044444;1.0001057;1.00010611
20.681882;1.0227721;0.803844335;-0.00487150075;0.78594702;-0.00476286219;1.02130965;1.03587464;0.795718929;0.0373536603;1.02277187;0.723459583;-0.00438365074;10;0.833332978;0;1.044444;1.00010572;1.00010612
20.682882;1.02276911;0.803932098;-0.00485706876;0.786035128;-0.00474876521;1.02131167;1.03587364;0.795806585;0.0373751366;1.02276887;0.723538577;-0.00437067257;10;0.833332979;0;1.044444;1.00010473;1.00010512
20.683882;1.02276611;0.80401986;-0.00484263776;0.786123234;-0.00473466725;1.02131269;1.03587363;0.795893474;0.0373976469;1.02276586;0.723617571;-0.0043576962;10;0.83333298;0;1.044444;1.00010475;1.00010512
20.684882;1.02276411;0.804106512;-0.0048282075;0.786209487;-0.00472056314;1.02131472;1.03587363;0.795979292;0.0374190823;1.02276385;0.723695566;-0.00434472136;10;0.833332982;0;1.044444;1.00010378;1.00010413
20.685882;1.02276111;0.804194274;-0.00481377772;0.786297595;-0.00470646156;1.02131675;1.03587363;0.796065112;0.0374415885;1.02276085;0.723774561;-0.00433174766;10;0.833332984;0;1.044444;1.0001038;1.00010413
20.686882;1.02275911;0.804280927;-0.00479934816;0.786383851;-0.00469235267;1.02131878;1.03587363;0.796150934;0.0374630202;1.02275884;0.723852558;-0.00431877469;10;0.833332987;0;1.044444;1.00010282;1.00010313
20.687882;1.0227561;0.804366469;-0.00478491846;0.786469791;-0.00467824506;1.0213208;1.03587362;0.796236757;0.0374855228;1.02275583;0.723929555;-0.00430580212;10;0.833332991;0;1.044444;1.00010285;1.00010313
20.688882;1.02275409;0.804453122;-0.00477048839;0.786556049;-0.00466412918;1.02132283;1.03587362;0.79632151;0.0375069511;1.02275383;0.724007553;-0.0042928297;10;0.833332996;0;1.044444;1.00010188;1.00010213
20.689882;1.02275108;0.804538664;-0.00475605782;0.786641994;-0.00465001408;1.02132486;1.03587362;0.796406265;0.0375283779;1.02275082;0.724084552;-0.00427985727;10;0.833333002;0;1.044444;1.0001019;1.00010213
20.690882;1.02274907;0.804623095;-0.00474162675;0.786726084;-0.00463589081;1.02132689;1.03587363;0.796489949;0.037550876;1.02274882;0.724160552;-0.00426688471;10;0.833333009;0;1.044444;1.00010193;1.00010213
20.691882;1.02274706;0.804708636;-0.00472719514;0.786811264;-0.00462176417;1.02132892;1.03587363;0.796573637;0.0375723004;1.02274681;0.724237553;-0.00425391196;10;0.833333016;0;1.044444;1.00010096;1.00010113
20.692882;1.02274405;0.804793066;-0.0047127627;0.78689613;-0.00460763897;1.02133094;1.03587363;0.796657325;0.0375947965;1.02274381;0.724313555;-0.00424093894;10;0.833333022;0;1.044444;1.00010099;1.00010114
20.693882;1.02274204;0.804877496;-0.004698329;0.786980228;-0.00459350665;1.02133297;1.03587363;0.796741016;0.0376162192;1.0227418;0.724389557;-0.00422796558;10;0.833333027;0;1.044444;1.00010001;1.00010014
20.694882;1.02274003;0.804960814;-0.00468389349;0.787063243;-0.0045793724;1.02133499;1.03587364;0.796823636;0.0376387138;1.0227398;0.724464561;-0.00421499175;10;0.833333031;0;1.044444;1.00010004;1.00010014
20.695882;1.02273802;0.805044131;-0.00466834472;0.78714626;-0.0045641506;1.02133702;1.03587364;0.796906258;0.037660135;1.0227378;0.724539567;-0.00420101735;10;0.833333034;0;1.044444;1.00009906;1.00009915
20.696882;1.02273601;0.805127449;-0.00465390482;0.787229279;-0.00455001483;1.02134005;1.03587365;0.796988883;0.0376815556;1.02273579;0.724614573;-0.00418804233;10;0.833333036;0;1.044444;1.00009909;1.00009915
20.697882;1.022734;0.805210766;-0.00463946289;0.787312299;-0.00453587943;1.02134207;1.03587466;0.797069666;0.0377040118;1.02273379;0.724689581;-0.00417506671;10;0.833333037;0;1.044444;1.00009811;1.00009816
20.699882;1.02272999;0.805375181;-0.0046094631;0.787476172;-0.0045065259;1.02134713;1.03587467;0.797232775;0.0377479239;1.02272978;0.724837602;-0.0041481137;10;0.833333036;0;1.044444;1.00009815;1.00009817
20.700882;1.02272798;0.805457388;-0.00459501704;0.78755811;-0.00449239517;1.02134916;1.03587568;0.797313563;0.0377693071;1.02272778;0.724911615;-0.0041351361;10;0.833333033;0;1.044444;1.00009717;1.00009718
20.701882;1.02272598;0.805538485;-0.0045805702;0.787638963;-0.00447826671;1.02135219;1.0358757;0.797394046;0.0377907274;1.02272578;0.724984629;-0.00412215737;10;0.833333029;0;1.044444;1.00009718;1.00009718
20.702882;1.02272398;0.805620693;-0.00456501154;0.787720902;-0.00446305399;1.02135423;1.03587571;0.79747453;0.0378132211;1.02272377;0.725058645;-0.00410817706;10;0.833333023;0;1.044444;1.0000962;1.00009619
20.704882;1.02271999;0.805781779;-0.00453500311;0.78788152;-0.00443372028;1.0213603;1.03587674;0.797633654;0.0378560309;1.02271977;0.725203679;-0.0040812099;10;0.833333006;0;1.044444;1.00009622;1.00009621
20.705882;1.022718;0.805861767;-0.00452055305;0.787961285;-0.00441959851;1.02136233;1.03587775;0.797712292;0.0378784926;1.02271777;0.725275697;-0.00406822203;10;0.833332994;0;1.044444;1.00009522;1.00009522
20.706882;1.02271601;0.805942867;-0.00450499068;0.788042134;-0.00440439098;1.02136536;1.03587777;0.797790627;0.0378999204;1.02271577;0.725348714;-0.00405423067;10;0.83333298;0;1.044444;1.00009523;1.00009523
20.707882;1.02271503;0.806021745;-0.00449053802;0.788120039;-0.00439026576;1.02136839;1.03587878;0.797869261;0.0379213142;1.02271477;0.72541973;-0.00404123543;10;0.833332964;0;1.044444;1.00009423;1.00009425
20.708882;1.02271304;0.806101736;-0.00447497271;0.788199799;-0.00437505828;1.02137042;1.0358788;0.797947591;0.0379438198;1.02271277;0.725491745;-0.00402723611;10;0.833332947;0;1.044444;1.00009423;1.00009426
20.709882;1.02271106;0.806180617;-0.00446051707;0.788278472;-0.00436093699;1.02137345;1.03587981;0.798025148;0.0379652191;1.02271077;0.725562759;-0.00401423264;10;0.833332928;0;1.044444;1.00009423;1.00009427
20.710882;1.02271008;0.806259499;-0.00444494908;0.788356373;-0.00434572483;1.02137648;1.03587982;0.798103472;0.0379866579;1.02270977;0.725633772;-0.0040002251;10;0.833332908;0;1.044444;1.00009323;1.00009328
20.712882;1.02270613;0.806417265;-0.00441492169;0.788513717;-0.00431639523;1.02138253;1.03588185;0.798257496;0.0380305424;1.02270578;0.725775796;-0.00397319851;10;0.833332865;0;1.044444;1.00009323;1.0000933
20.713882;1.02270516;0.806495037;-0.00440046282;0.788590531;-0.00430226946;1.02138555;1.03588186;0.798334738;0.0380519885;1.02270478;0.725845806;-0.00396018004;10;0.833332842;0;1.044444;1.00009223;1.00009231
20.714882;1.02270319;0.806572808;-0.00438489276;0.788668115;-0.00428706164;1.02138857;1.03588287;0.798411206;0.0380744726;1.02270279;0.725915816;-0.00394615877;10;0.833332819;0;1.044444;1.00009223;1.00009232
20.715882;1.02270222;0.80665058;-0.00436932295;0.788744928;-0.00427185004;1.02139159;1.03588388;0.798486598;0.0380958861;1.02270179;0.725985824;-0.00393213529;10;0.833332796;0;1.044444;1.00009223;1.00009234
20.716882;1.02270026;0.806728352;-0.00435486462;0.788822512;-0.00425772957;1.0213946;1.03588489;0.79856306;0.0381173015;1.0226998;0.726055831;-0.00391911011;10;0.833332773;0;1.044444;1.00009123;1.00009135
20.717882;1.02269929;0.806805014;-0.00433929558;0.788898237;-0.00424251902;1.02139762;1.0358849;0.798639219;0.0381387557;1.0226988;0.726124837;-0.0039050837;10;0.833332752;0;1.044444;1.00009122;1.00009137
20.718882;1.02269733;0.806882786;-0.00432483811;0.78897582;-0.00422839952;1.02140062;1.03588591;0.798714604;0.0381612474;1.02269681;0.726194841;-0.00389205644;10;0.833332731;0;1.044444;1.00009122;1.00009139
20.719882;1.02269636;0.80695945;-0.00430927008;0.789051546;-0.00421318974;1.02140363;1.03588692;0.798788915;0.038182668;1.02269581;0.726263844;-0.0038780287;10;0.833332711;0;1.044444;1.00009021;1.00009041
20.720882;1.0226944;0.807036114;-0.00429370267;0.789128044;-0.00419798422;1.02140663;1.03588792;0.798864297;0.0382040897;1.02269382;0.726332846;-0.00386400085;10;0.833332693;0;1.044444;1.00009021;1.00009043
20.722882;1.02269247;0.807188336;-0.00426368118;0.789278414;-0.0041686517;1.02141363;1.03588994;0.799012915;0.0382480075;1.02269183;0.726469845;-0.00383694614;10;0.833332661;0;1.044444;1.00009019;1.00009047
20.723882;1.0226905;0.807263894;-0.00424811618;0.789353829;-0.00415344665;1.02141663;1.03588995;0.799087996;0.038269467;1.02268984;0.726537842;-0.00382291993;10;0.833332646;0;1.044444;1.00008918;1.0000895
20.725882;1.02268856;0.807415017;-0.00421810005;0.78950312;-0.00412411586;1.02142361;1.03589196;0.799235542;0.0383123105;1.02268786;0.726673831;-0.00379587104;10;0.83333262;0;1.044444;1.00008916;1.00008954
20.726882;1.02268759;0.807490582;-0.00420253745;0.789577766;-0.00410890764;1.0214266;1.03589296;0.799308779;0.0383348037;1.02268687;0.726741823;-0.00378184854;10;0.833332609;0;1.044444;1.00008915;1.00008956
20.727882;1.02268561;0.807565038;-0.00418697513;0.789652099;-0.00409370369;1.02142959;1.03589396;0.799383088;0.0383562235;1.02268488;0.726808813;-0.00376782735;10;0.8333326;0;1.044444;1.00008814;1.00008858
20.730882;1.02268267;0.807789532;-0.00414139857;0.789873879;-0.00404916843;1.02144054;1.03589696;0.799601732;0.0384204805;1.02268191;0.727010775;-0.00372677178;10;0.833332587;0;1.044444;1.0000881;1.00008864
20.731882;1.02268168;0.807863997;-0.00412583574;0.789947446;-0.004033962;1.02144352;1.03589795;0.799673898;0.0384429717;1.02268092;0.72707776;-0.00371275593;10;0.833332589;0;1.044444;1.00008708;1.00008765
20.732882;1.02267968;0.807937353;-0.00411027298;0.790020701;-0.00401876006;1.0214465;1.03589894;0.799747139;0.0384643899;1.02267892;0.727143745;-0.00369874133;10;0.833332592;0;1.044444;1.00008706;1.00008766
20.734882;1.02267768;0.808085178;-0.00407914839;0.790166753;-0.00398835028;1.02145347;1.03590093;0.799891476;0.0385072259;1.02267694;0.727276716;-0.00367071615;10;0.833332606;0;1.044444;1.00008702;1.00008768
20.735882;1.02267668;0.808158535;-0.00406358703;0.790239236;-0.0039731466;1.02145745;1.03590292;0.799962873;0.0385286065;1.02267594;0.727342702;-0.00365670568;10;0.833332615;0;1.044444;1.00008599;1.00008668
20.737882;1.02267466;0.808306358;-0.00403357858;0.79038529;-0.00394382853;1.02146442;1.03590491;0.800106143;0.0385725148;1.02267395;0.727475677;-0.00362968911;10;0.833332635;0;1.044444;1.00008593;1.00008668
20.740882;1.02267162;0.808525305;-0.00398690849;0.790601657;-0.0038982292;1.02147538;1.0359079;0.800320517;0.0386367653;1.02267095;0.72767265;-0.0035876739;10;0.833332668;0;1.044444;1.00008582;1.00008666
20.741882;1.0226706;0.808597543;-0.00397135461;0.790673056;-0.00388303151;1.02147937;1.0359089;0.800391619;0.0386581811;1.02266995;0.727737646;-0.00357367061;10;0.83333268;0;1.044444;1.00008478;1.00008565
20.745882;1.02266651;0.80888759;-0.0039091547;0.790959745;-0.00382225139;1.02149336;1.03591394;0.800674189;0.0387448747;1.02266595;0.727998657;-0.00351766168;10;0.833332729;0;1.044444;1.00008462;1.00008559
20.746882;1.02266549;0.80895982;-0.00389360785;0.791031148;-0.00380705851;1.02149736;1.03591595;0.800743448;0.0387662503;1.02266495;0.728063665;-0.00350365944;10;0.833332742;0;1.044444;1.00008358;1.00008457
20.748882;1.02266343;0.809103164;-0.00386251551;0.791172868;-0.00377667436;1.02150437;1.03591798;0.800884586;0.038809073;1.02266294;0.728192685;-0.00347565297;10;0.833332767;0;1.044444;1.00008352;1.00008453
20.751882;1.02266135;0.809318728;-0.00381587378;0.79138522;-0.00373109531;1.02151639;1.03592204;0.80109391;0.0388743353;1.02266094;0.728386716;-0.00343363584;10;0.833332806;0;1.044444;1.00008344;1.00008446
20.752882;1.02266033;0.809389841;-0.00380032378;0.791455538;-0.0037159027;1.0215204;1.03592305;0.801162868;0.0388957436;1.02265994;0.728450725;-0.00341962826;10;0.83333282;0;1.044444;1.00008342;1.00008444
20.753882;1.02265931;0.809460955;-0.00378477177;0.791525856;-0.00370070926;1.02152341;1.03592407;0.801232897;0.0389171517;1.02265895;0.728514734;-0.00340561991;10;0.833332835;0;1.044444;1.0000824;1.00008341
20.756882;1.02265625;0.809674297;-0.00373810174;0.791736813;-0.0036551202;1.02153544;1.0359281;0.801441124;0.0389813372;1.02265595;0.728706751;-0.00336359139;10;0.833332882;0;1.044444;1.00008235;1.00008333
20.759882;1.02265421;0.809887642;-0.00369141253;0.791946995;-0.00360950584;1.02154747;1.03593311;0.801646414;0.0390454843;1.02265396;0.728898755;-0.00332156056;10;0.83333293;0;1.044444;1.00008232;1.00008324
20.760882;1.0226532;0.809957648;-0.00367584603;0.792016228;-0.00359429576;1.02155148;1.0359341;0.801715356;0.039067964;1.02265297;0.728961754;-0.00330755046;10;0.833332946;0;1.044444;1.00008231;1.00008321
20.761882;1.02265319;0.810028766;-0.00366027807;0.792085772;-0.00357907874;1.0215555;1.0359351;0.801784294;0.0390893705;1.02265297;0.729025751;-0.00329354044;10;0.833332961;0;1.044444;1.0000813;1.00008219
20.765882;1.02265016;0.810309919;-0.00359799877;0.792363007;-0.0035181911;1.02157056;1.03594107;0.802057396;0.0391749151;1.02264998;0.729278737;-0.00323749829;10;0.833333012;0;1.044444;1.0000813;1.00008212
20.768882;1.02264715;0.810518853;-0.00355018403;0.792569604;-0.00347142257;1.02158262;1.03594505;0.802262308;0.0392390905;1.02264699;0.72946673;-0.00319446607;10;0.833333028;0;1.044444;1.0000813;1.0000821
20.769882;1.02264715;0.810588871;-0.00353461881;0.792638054;-0.00345619015;1.02158663;1.03594704;0.802329375;0.0392615302;1.02264698;0.72952973;-0.00318045686;10;0.833333027;0;1.044444;1.00008031;1.0000811
20.777882;1.02264216;0.811144616;-0.0034090452;0.793185178;-0.00333325516;1.02161976;1.03595899;0.802867873;0.0394326391;1.02264196;0.730029773;-0.00306741275;10;0.833332933;0;1.044444;1.00008033;1.00008111
20.778882;1.02264116;0.811213533;-0.00339349549;0.793253318;-0.00331802698;1.02162378;1.03595999;0.802935706;0.0394540503;1.02264096;0.730091785;-0.00305340423;10;0.833332916;0;1.044444;1.00007933;1.00008012
20.779882;1.02264117;0.811282449;-0.00337683571;0.793320681;-0.00330170966;1.02162779;1.03596198;0.803001693;0.0394754245;1.02264096;0.730153798;-0.00303839372;10;0.833332898;0;1.044444;1.00007933;1.00008012
20.780882;1.02264018;0.811351363;-0.00336128757;0.79338882;-0.00328648272;1.0216328;1.03596298;0.80306953;0.0394979107;1.02263996;0.730215814;-0.00302438116;10;0.83333288;0;1.044444;1.00007933;1.00008012
20.781882;1.02263919;0.811419165;-0.00334573949;0.793455872;-0.00327125637;1.02163681;1.03596498;0.80313552;0.0395192872;1.02263896;0.730276832;-0.00301036658;10;0.833332862;0;1.044444;1.00007934;1.00008013
20.782882;1.0226392;0.811488076;-0.003330191;0.793523234;-0.00325602741;1.02164082;1.03596598;0.803202289;0.0395407029;1.02263896;0.730338851;-0.00299635001;10;0.833332843;0;1.044444;1.00007934;1.00008014
20.783882;1.02263822;0.811556985;-0.0033146417;0.793591371;-0.00324080226;1.02164483;1.03596799;0.803268284;0.0395620813;1.02263796;0.730400873;-0.00298233144;10;0.833332825;0;1.044444;1.00007935;1.00008015
20.785882;1.02263724;0.811693684;-0.00328242849;0.793725779;-0.00320926429;1.02165384;1.03597099;0.803401057;0.0396048783;1.02263696;0.730523919;-0.00295328861;10;0.833332787;0;1.044444;1.00007936;1.00008017
20.786882;1.02263726;0.811761474;-0.0032668755;0.793792052;-0.00319403795;1.02165784;1.035973;0.803467062;0.0396262588;1.02263696;0.730584944;-0.00293926471;10;0.833332768;0;1.044444;1.00007837;1.00007918
20.793882;1.02263434;0.812235934;-0.00315577424;0.794258256;-0.00308530123;1.02168776;1.03598407;0.803927218;0.039777117;1.02263396;0.731012126;-0.00283907884;10;0.833332662;0;1.044444;1.0000785;1.00007929
20.794882;1.02263334;0.812303704;-0.00313911196;0.794325299;-0.00306899464;1.02169175;1.03598609;0.803992172;0.0397984986;1.02263296;0.731073149;-0.00282405459;10;0.833332654;0;1.044444;1.00007753;1.00007831
20.796882;1.02263335;0.812438129;-0.00310801368;0.794456749;-0.00303855083;1.02170071;1.03599013;0.804122082;0.0398412603;1.02263296;0.731194194;-0.0027960106;10;0.833332649;0;1.044444;1.00007759;1.00007834
20.799882;1.02263135;0.812638085;-0.00306026565;0.794653856;-0.00299181353;1.02171465;1.03599521;0.804316648;0.0399054358;1.02263097;0.731374258;-0.00275295674;10;0.833332668;0;1.044444;1.00007768;1.00007838
20.800882;1.02263135;0.812704733;-0.00304361092;0.794719041;-0.00297551155;1.02171862;1.03599724;0.804380527;0.0399278859;1.02263097;0.731434277;-0.00273794195;10;0.833332681;0;1.044444;1.00007772;1.00007839
20.801882;1.02263134;0.81277138;-0.00302806796;0.794784229;-0.00296029818;1.0217236;1.03599827;0.804446252;0.0399493014;1.02263097;0.731494296;-0.00272392865;10;0.833332697;0;1.044444;1.00007675;1.00007739
20.804882;1.02263033;0.812970202;-0.00298033085;0.794979482;-0.00291358629;1.02173653;1.03600436;0.804637866;0.0400134297;1.02262998;0.731673347;-0.0026808975;10;0.833332759;0;1.044444;1.00007686;1.00007738
20.806882;1.02262932;0.813102375;-0.00294813676;0.795109548;-0.00288209125;1.02174549;1.03600741;0.804766373;0.0400562185;1.02262899;0.731792375;-0.00265188558;10;0.833332807;0;1.044444;1.00007693;1.00007737
20.807882;1.02262931;0.813169015;-0.00293148395;0.795174736;-0.00286580012;1.02175047;1.03600943;0.804830234;0.040077593;1.02262899;0.731852386;-0.00263688279;10;0.833332833;0;1.044444;1.00007597;1.00007636
20.808882;1.02262931;0.813234543;-0.0029159419;0.795238836;-0.00285059567;1.02175445;1.03601146;0.804893022;0.0400989669;1.022629;0.731911395;-0.00262288209;10;0.833332857;0;1.044444;1.000076;1.00007635
20.813882;1.02262831;0.81356108;-0.00283488306;0.795559026;-0.00277130906;1.02177837;1.03602155;0.805207999;0.0402069017;1.02262801;0.732205417;-0.00254990912;10;0.83333297;0;1.044444;1.00007616;1.00007627
20.814882;1.02262831;0.813625502;-0.00281933312;0.795622039;-0.00275610025;1.02178236;1.03602357;0.805270772;0.0402282734;1.02262801;0.732263417;-0.00253592041;10;0.833332989;0;1.044444;1.00007519;1.00007526
20.815882;1.02262831;0.813691035;-0.00280267038;0.79568614;-0.00273980348;1.02178735;1.03602559;0.805333544;0.0402496451;1.02262801;0.732322417;-0.00252093332;10;0.833333007;0;1.044444;1.00007523;1.00007524
20.816882;1.02262831;0.813755459;-0.00278711725;0.795749154;-0.00272459168;1.02179233;1.0360266;0.80539709;0.0402710552;1.02262802;0.732380416;-0.00250694776;10;0.833333023;0;1.044444;1.00007526;1.00007522
20.819882;1.0226283;0.813948739;-0.00273822804;0.795938199;-0.00267677303;1.0218063;1.03603264;0.80558324;0.0403351656;1.02262802;0.732554411;-0.00246300069;10;0.833333059;0;1.044444;1.00007535;1.00007516
20.820882;1.0226273;0.814013167;-0.00272155875;0.796001993;-0.00266047012;1.02181129;1.03603466;0.805644929;0.0403565345;1.02262703;0.732612409;-0.00244802137;10;0.833333066;0;1.044444;1.00007437;1.00007414
20.823882;1.02262729;0.814205351;-0.00267265272;0.796189962;-0.00261263138;1.02182626;1.03604169;0.80582921;0.040420599;1.02262704;0.732785408;-0.00240408944;10;0.833333072;0;1.044444;1.00007445;1.00007406
20.824882;1.02262729;0.814268673;-0.00265708829;0.796251897;-0.00259740849;1.02183025;1.0360437;0.805889823;0.0404430374;1.02262704;0.73284241;-0.00239011395;10;0.833333069;0;1.044444;1.00007447;1.00007403
20.825882;1.02262729;0.814331996;-0.00264041134;0.796313833;-0.00258109951;1.02183524;1.0360457;0.805951509;0.0404644022;1.02262705;0.732899412;-0.00237513946;10;0.833333062;0;1.044444;1.0000735;1.000073
20.826882;1.02262828;0.81439532;-0.00262484437;0.796374992;-0.00256587535;1.02184022;1.03604771;0.806012124;0.0404857656;1.02262805;0.732956415;-0.00236116584;10;0.833333053;0;1.044444;1.00007353;1.00007297
20.829882;1.02262826;0.814584182;-0.0025759185;0.796559726;-0.00251804388;1.02185518;1.03605372;0.806195043;0.0405498494;1.02262805;0.733126431;-0.00231724757;10;0.833333009;0;1.044444;1.00007361;1.00007287
20.830882;1.02262825;0.81464751;-0.00255923995;0.796621668;-0.00250174029;1.02186016;1.03605573;0.80625459;0.0405712094;1.02262805;0.733183438;-0.00230227479;10;0.833332989;0;1.044444;1.00007364;1.00007283
20.831882;1.02262824;0.814709726;-0.00254256199;0.796682526;-0.0024854379;1.02186514;1.03605873;0.806314432;0.0405925301;1.02262805;0.733239448;-0.00228730159;10;0.833332968;0;1.044444;1.00007267;1.0000718
20.832882;1.02262824;0.814773055;-0.00252588469;0.79674447;-0.00246913662;1.02187013;1.03606073;0.806375055;0.0406138904;1.02262805;0.733296458;-0.00227232783;10;0.833332946;0;1.044444;1.0000727;1.00007176
20.833882;1.02262823;0.814835275;-0.00251031918;0.796805328;-0.00245392287;1.02187511;1.03606273;0.806434607;0.0406352516;1.02262804;0.733352468;-0.00225835358;10;0.833332922;0;1.044444;1.00007273;1.00007173
20.834882;1.02262822;0.814897495;-0.00249364321;0.796866186;-0.00243762349;1.02188109;1.03606473;0.806495236;0.0406566137;1.02262803;0.733408479;-0.00224337907;10;0.833332899;0;1.044444;1.00007276;1.0000717
20.835882;1.02262921;0.814959718;-0.00247696768;0.796926267;-0.00242132246;1.02188608;1.03606674;0.806554794;0.0406779769;1.02262902;0.73346449;-0.00222840464;10;0.833332875;0;1.044444;1.00007278;1.00007167
20.836882;1.0226292;0.815021942;-0.00246029221;0.796987126;-0.00240502435;1.02189106;1.03606974;0.806613575;0.0406993018;1.02262901;0.733520501;-0.00221343064;10;0.833332851;0;1.044444;1.0000718;1.00007064
20.837882;1.02262919;0.815083056;-0.00244472738;0.797046898;-0.00238981311;1.02189604;1.03607174;0.806673136;0.0407206665;1.022629;0.733575513;-0.00219945727;10;0.833332827;0;1.044444;1.00007182;1.00007061
20.841882;1.02263015;0.815329751;-0.00237800649;0.797287371;-0.00232461947;1.02191699;1.03608075;0.806909537;0.0408071602;1.02262993;0.733797561;-0.00213956855;10;0.833332741;0;1.044444;1.00007184;1.00007051
20.842882;1.02263015;0.815390871;-0.00236243061;0.79734714;-0.00230940751;1.02192198;1.03608275;0.806968028;0.0408285253;1.02262992;0.733852571;-0.0021255964;10;0.833332723;0;1.044444;1.00007084;1.0000695
20.845882;1.02263114;0.815573124;-0.00231235196;0.797524583;-0.00226051091;1.02193794;1.03608976;0.807142726;0.0408925781;1.02263085;0.734016596;-0.00208067608;10;0.833332675;0;1.044444;1.00007081;1.00006946
20.846882;1.02263213;0.815633137;-0.00229565352;0.797582486;-0.00224421203;1.02194292;1.03609276;0.807200442;0.040913901;1.02263182;0.734070601;-0.00206570108;10;0.833332661;0;1.044444;1.0000708;1.00006945
20.847882;1.02263213;0.815694263;-0.00227895237;0.797642257;-0.00222791659;1.02194791;1.03609476;0.807258937;0.0409352622;1.0226318;0.734125605;-0.00205072528;10;0.833332649;0;1.044444;1.00006978;1.00006844
20.850882;1.02263413;0.815874314;-0.00222994688;0.797816754;-0.00218012286;1.02196487;1.03610175;0.807431507;0.040999299;1.02263372;0.734287603;-0.00200679235;10;0.833332622;0;1.044444;1.00006973;1.00006844
20.852882;1.02263412;0.815994352;-0.00219653298;0.797934128;-0.00214755135;1.02197584;1.03610674;0.807545587;0.0410419712;1.02263366;0.734395591;-0.00197682904;10;0.833332611;0;1.044444;1.0000697;1.00006845
20.853882;1.02263512;0.816053261;-0.00217982798;0.79799095;-0.00213126821;1.02198082;1.03610973;0.807602239;0.0410632863;1.02263463;0.734448582;-0.00196184367;10;0.833332608;0;1.044444;1.00006869;1.00006746
20.856882;1.0226361;0.816231102;-0.00212972841;0.798164069;-0.00208244244;1.02199677;1.0361167;0.807772694;0.0411273106;1.02263555;0.734608548;-0.00191687132;10;0.833332611;0;1.044444;1.00006864;1.0000675
20.857882;1.02263709;0.816290013;-0.00211303465;0.798220894;-0.00206617191;1.02200275;1.03611968;0.807828282;0.0411486261;1.02263652;0.734661534;-0.0019018755;10;0.833332616;0;1.044444;1.00006863;1.00006752
20.858882;1.02263809;0.816348923;-0.00209634413;0.79827772;-0.002049904;1.02200873;1.03612167;0.807884651;0.041169982;1.0226375;0.734714521;-0.00188687756;10;0.833332622;0;1.044444;1.00006761;1.00006654
20.860882;1.02263907;0.816466742;-0.00206297256;0.798392156;-0.00201737699;1.0220197;1.03612665;0.807996611;0.0412126561;1.02263845;0.734820492;-0.00185687649;10;0.83333264;0;1.044444;1.00006758;1.00006656
20.861882;1.02263906;0.81652565;-0.0020462908;0.798449765;-0.00200111747;1.02202469;1.03612964;0.808052204;0.0412339744;1.02263843;0.734873477;-0.00184187414;10;0.833332651;0;1.044444;1.00006756;1.00006657
20.863882;1.02264103;0.816641242;-0.00201293214;0.798561244;-0.00196859966;1.02203666;1.03613462;0.808163096;0.0412766526;1.02264039;0.734977447;-0.00181186889;10;0.833332677;0;1.044444;1.00006752;1.00006659
20.864882;1.02264102;0.816700147;-0.00199625419;0.798618849;-0.00195234448;1.02204165;1.0361376;0.808218688;0.0412979726;1.02264038;0.735030431;-0.00179686737;10;0.833332691;0;1.044444;1.0000665;1.0000656
20.867882;1.02264298;0.816873521;-0.00194622287;0.798786829;-0.00190357749;1.02205862;1.03614558;0.808384095;0.0413619773;1.02264235;0.735186383;-0.00175187397;10;0.833332734;0;1.044444;1.00006645;1.00006562
20.868882;1.02264397;0.816930199;-0.00192843549;0.79884147;-0.00188623476;1.02206461;1.03614757;0.808439392;0.0413833412;1.02264334;0.735237367;-0.00173588088;10;0.833332748;0;1.044444;1.00006643;1.00006563
20.869882;1.02264495;0.816987987;-0.00191175988;0.798897197;-0.0018699784;1.0220706;1.03615057;0.808492834;0.0414046668;1.02264434;0.735289351;-0.00172089041;10;0.833332763;0;1.044444;1.00006541;1.00006463
20.871882;1.02264592;0.817102448;-0.00187841144;0.799008337;-0.00183746727;1.02208158;1.03615656;0.808601859;0.0414473231;1.02264534;0.735392323;-0.00169091708;10;0.833332794;0;1.044444;1.00006538;1.00006464
20.874882;1.02264888;0.817272464;-0.0018283992;0.799172227;-0.00178869839;1.02209955;1.03616456;0.80876403;0.0415102902;1.02264835;0.735545288;-0.00164596933;10;0.833332844;0;1.044444;1.00006532;1.00006465
20.875882;1.02264886;0.817329134;-0.00181173221;0.799227633;-0.00177244312;1.02210554;1.03616756;0.80881747;0.0415316284;1.02264835;0.735596277;-0.00163098763;10;0.833332862;0;1.044444;1.00006429;1.00006366
20.876882;1.02264986;0.817385803;-0.00179395658;0.799282257;-0.00175509849;1.02211153;1.03616956;0.80887169;0.0415530095;1.02264936;0.735647267;-0.00161500547;10;0.833332881;0;1.044444;1.00006427;1.00006366
20.878882;1.02265185;0.817498027;-0.00176063583;0.799390413;-0.00172257684;1.02212253;1.03617556;0.808978572;0.0415956992;1.02265139;0.735748246;-0.0015850373;10;0.833332919;0;1.044444;1.00006422;1.00006368
20.879882;1.02265285;0.817554694;-0.00174397969;0.799445031;-0.00170631231;1.02212853;1.03617856;0.809030941;0.0416170469;1.0226524;0.735799237;-0.0015700502;10;0.833332937;0;1.044444;1.00006419;1.00006369
20.880882;1.02265385;0.81761025;-0.00172732638;0.799498562;-0.00169004495;1.02213453;1.03618155;0.809084381;0.0416383961;1.02265342;0.735849229;-0.00155506065;10;0.833332954;0;1.044444;1.00006416;1.0000637
20.881882;1.02265485;0.817665806;-0.00171067575;0.799552092;-0.00167377475;1.02214053;1.03618355;0.80913753;0.0416597862;1.02265443;0.735899221;-0.00154006852;10;0.83333297;0;1.044444;1.00006314;1.00006271
20.887882;1.02265991;0.817998041;-0.00160858678;0.799872924;-0.00157392594;1.02217656;1.03620148;0.809451718;0.041787898;1.0226595;0.7361982;-0.00144806151;10;0.833333032;0;1.044444;1.000063;1.00006281
20.888882;1.02266092;0.818053602;-0.00159194494;0.799926443;-0.00155763593;1.02218356;1.03620447;0.809504077;0.0418081792;1.0226605;0.736248198;-0.00143305175;10;0.833333039;0;1.044444;1.00006198;1.00006183
20.890882;1.02266296;0.818162502;-0.00155754865;0.800031307;-0.00152395954;1.02219557;1.03620944;0.809608499;0.0418509281;1.0226625;0.736346197;-0.00140202525;10;0.83333305;0;1.044444;1.00006195;1.00006188
20.893882;1.02266601;0.818326966;-0.00150761455;0.800189696;-0.00147505108;1.02221358;1.03621841;0.809762333;0.0419149977;1.0226655;0.736494206;-0.00135697053;10;0.833333067;0;1.044444;1.00006189;1.00006194
20.894882;1.02266704;0.818380305;-0.00148985698;0.800241046;-0.00145765641;1.02221958;1.0362214;0.809813607;0.0419363569;1.0226665;0.736542211;-0.00134094961;10;0.833333074;0;1.044444;1.00006086;1.00006096
20.895882;1.02266806;0.818434753;-0.0014732095;0.800293483;-0.00144134613;1.02222558;1.03622439;0.809864878;0.0419577176;1.02266749;0.736591217;-0.00132592794;10;0.83333308;0;1.044444;1.00006084;1.00006098
20.896882;1.02267008;0.818489202;-0.0014565609;0.800345139;-0.00142503271;1.02223258;1.03622738;0.809916146;0.0419790791;1.02266949;0.736640224;-0.00131090593;10;0.833333088;0;1.044444;1.00006082;1.000061
20.898882;1.02267212;0.818596984;-0.00142214915;0.800448932;-0.00139131831;1.02224457;1.03623336;0.810017605;0.0420207314;1.02267149;0.736737237;-0.0012798628;10;0.833333105;0;1.044444;1.00006077;1.00006103
20.899882;1.02267313;0.818650318;-0.00140549734;0.800500288;-0.00137500306;1.02225057;1.03623635;0.810068867;0.0420420936;1.02267248;0.736785243;-0.00126484252;10;0.833333115;0;1.044444;1.00006075;1.00006105
20.900882;1.02267415;0.81870365;-0.00138773355;0.800551643;-0.00135760082;1.02225756;1.03623934;0.810119055;0.0420634553;1.02267348;0.736833248;-0.00124882352;10;0.833333126;0;1.044444;1.00006072;1.00006108
20.901882;1.02267516;0.818756981;-0.00137108009;0.800602999;-0.00134128463;1.02226356;1.03624332;0.810168461;0.0420847758;1.02267448;0.736881252;-0.00123380592;10;0.833333139;0;1.044444;1.0000597;1.0000601
20.902882;1.02267617;0.818810311;-0.0013544259;0.800654356;-0.00132496804;1.02226955;1.03624631;0.810218644;0.0421061359;1.02267547;0.736929255;-0.00121878956;10;0.833333152;0;1.044444;1.00005967;1.00006012
20.907882;1.02268219;0.819075835;-0.00126892623;0.800909278;-0.0012412052;1.02230153;1.03626124;0.810469536;0.0422118523;1.02268149;0.737168251;-0.00114171422;10;0.833333228;0;1.044444;1.00005953;1.00006024
20.908882;1.02268419;0.819128048;-0.00125115879;0.800958767;-0.00122379891;1.02230753;1.03626423;0.810518637;0.0422332087;1.0226835;0.737215248;-0.00112569942;10;0.833333244;0;1.044444;1.00005851;1.00005927
20.911882;1.02268719;0.819285799;-0.00120007635;0.80111067;-0.00117375397;1.02232754;1.03627419;0.810666227;0.0422972335;1.02268653;0.737357246;-0.0010796574;10;0.833333287;0;1.044444;1.00005845;1.00005934
20.914882;1.02269119;0.81944133;-0.00114898681;0.801259617;-0.00112369631;1.02234656;1.03628315;0.810813521;0.0423602162;1.02269058;0.737497264;-0.00103362432;10;0.833333317;0;1.044444;1.00005841;1.00005942
20.915882;1.02269319;0.819493547;-0.00113121413;0.801309104;-0.00110628159;1.02235257;1.03628614;0.810862617;0.0423815642;1.0226926;0.737544276;-0.00101761612;10;0.833333322;0;1.044444;1.00005741;1.00005844
20.921882;1.02270118;0.819803558;-0.00102788444;0.801605884;-0.00100501703;1.02239167;1.0363061;0.811152404;0.0425084601;1.02270076;0.737823396;-0.000924607506;10;0.833333289;0;1.044444;1.00005746;1.00005857
20.922882;1.02270217;0.819854678;-0.00101121246;0.801655061;-0.000988679148;1.02239869;1.0363091;0.811200426;0.0425297968;1.02270179;0.737869422;-0.000909613497;10;0.833333273;0;1.044444;1.00005648;1.00005759
20.923882;1.02270416;0.819905801;-0.000993427237;0.801703451;-0.000971253251;1.02240571;1.0363131;0.811247665;0.042551091;1.02270382;0.737915448;-0.000893621302;10;0.833333255;0;1.044444;1.0000565;1.0000576
20.926882;1.02270813;0.82005806;-0.000942280654;0.801849099;-0.000921146082;1.02242479;1.03632212;0.811391739;0.0426140148;1.02270791;0.738052524;-0.00084765135;10;0.83333319;0;1.044444;1.00005657;1.00005763
20.929882;1.02271208;0.820209212;-0.000890007804;0.801993657;-0.00086994874;1.02244488;1.03633215;0.811533973;0.0426779509;1.02271198;0.738188592;-0.000800684296;10;0.833333119;0;1.044444;1.00005663;1.00005764
20.930882;1.02271407;0.820260337;-0.000872212535;0.802042046;-0.000852521606;1.02245192;1.03633616;0.811580154;0.0426981587;1.02271401;0.738234611;-0.000784695393;10;0.833333097;0;1.044444;1.00005566;1.00005664
20.931882;1.02271506;0.820310352;-0.000855529562;0.802090134;-0.000836183375;1.02245895;1.03633918;0.811627121;0.0427194778;1.02271503;0.738279628;-0.000769706568;10;0.833333074;0;1.044444;1.00005568;1.00005664
20.937882;1.02272497;0.820610432;-0.000751047791;0.802375563;-0.000733850193;1.02249912;1.03636028;0.811906641;0.0428461676;1.02272515;0.738549675;-0.000675772407;10;0.833332952;0;1.044444;1.00005579;1.00005662
20.938882;1.02272596;0.82065933;-0.000734387796;0.802422576;-0.000717526523;1.02250614;1.0363633;0.811953629;0.0428674779;1.02272616;0.738593676;-0.000660783387;10;0.833332932;0;1.044444;1.0000548;1.00005561
20.939882;1.02272794;0.820709338;-0.000716619921;0.80246989;-0.000700117522;1.02251317;1.03636631;0.811999546;0.0428877144;1.02272818;0.738638675;-0.000644794457;10;0.833332911;0;1.044444;1.00005482;1.00005561
20.940882;1.02272993;0.820758232;-0.000699965794;0.802516118;-0.000683796747;1.02252019;1.03637033;0.812045752;0.04290898;1.02273019;0.738682673;-0.000629805497;10;0.833332888;0;1.044444;1.00005484;1.0000556
20.944882;1.02273588;0.820954903;-0.000630029694;0.80270368;-0.000615274031;1.02254725;1.03638441;0.812228933;0.0429930383;1.02273625;0.738859646;-0.000566845438;10;0.833332782;0;1.044444;1.0000549;1.00005559
20.945882;1.02273787;0.82100379;-0.000612268602;0.802749906;-0.000597876362;1.02255427;1.03638742;0.812274854;0.0430143394;1.02273827;0.738903635;-0.000550853281;10;0.833332751;0;1.044444;1.00005392;1.00005459
20.951882;1.02274785;0.821294871;-0.000507896032;0.803026661;-0.00049571242;1.02259632;1.03640851;0.812545862;0.0431409499;1.02274839;0.739165535;-0.000456874231;10;0.833332567;0;1.044444;1.00005398;1.00005458
20.952882;1.02274984;0.821342643;-0.000491233286;0.803071799;-0.000479417244;1.02260232;1.03641252;0.812589919;0.0431611378;1.02275041;0.739208513;-0.000441874335;10;0.833332542;0;1.044444;1.00005398;1.00005458
20.953882;1.02275084;0.821390413;-0.000473456325;0.803117721;-0.000462037641;1.02260933;1.03641653;0.812635045;0.0431823973;1.02275143;0.739251491;-0.000425874145;10;0.83333252;0;1.044444;1.00005298;1.00005358
20.957882;1.02275781;0.821582602;-0.000403422274;0.803300138;-0.000393610976;1.02263834;1.03643053;0.812812804;0.0432664427;1.0227585;0.739424396;-0.000362873756;10;0.833332461;0;1.044444;1.00005296;1.00005358
20.959882;1.02276179;0.821677024;-0.000367826554;0.803389329;-0.000358853821;1.02265234;1.03643751;0.812901666;0.0433079297;1.02276252;0.739509346;-0.000330874346;10;0.833332448;0;1.044444;1.00005294;1.00005358
20.960882;1.02276378;0.821724787;-0.000351134837;0.803434469;-0.000342560512;1.02265935;1.0364415;0.812944629;0.0433291888;1.02276452;0.739552319;-0.000315874724;10;0.833332446;0;1.044444;1.00005293;1.00005358
20.961882;1.02276577;0.821771438;-0.000333329503;0.803478524;-0.000325179833;1.02266635;1.03644449;0.812989445;0.0433504898;1.02276653;0.739594293;-0.000299875012;10;0.833332447;0;1.044444;1.00005192;1.00005259
20.964882;1.02277076;0.821913608;-0.000281016335;0.803613657;-0.000274118177;1.02268737;1.03645545;0.81312017;0.0434132389;1.02277152;0.739722211;-0.000252875846;10;0.83333246;0;1.044444;1.00005188;1.00005261
20.966882;1.02277475;0.822006903;-0.000245397842;0.80370178;-0.000239348829;1.02270139;1.03646343;0.813206073;0.0434546898;1.0227755;0.739806158;-0.000220877175;10;0.833332473;0;1.044444;1.00005185;1.00005263
20.968882;1.02277875;0.822100193;-0.000209779859;0.803789909;-0.000204579149;1.02271641;1.0364704;0.813292753;0.0434972601;1.02277946;0.739890109;-0.000188879419;10;0.83333249;0;1.044444;1.0000518;1.00005265
20.969882;1.02278075;0.822146838;-0.000193082754;0.803833978;-0.000188281112;1.02272343;1.03647439;0.813335697;0.0435185265;1.02278145;0.739932085;-0.00017388109;10;0.833332499;0;1.044444;1.00005077;1.00005166
20.976882;1.02279474;0.822468915;-6.95779764e-05;0.804138151;-6.76831155e-05;1.02277452;1.03650032;0.813633557;0.043664285;1.02279532;0.740221945;-6.29341027e-05;10;0.833332565;0;1.044444;1.00005058;1.00005176
20.977882;1.02279674;0.822514453;-5.17821536e-05;0.804181138;-5.0301716e-05;1.02278154;1.03650431;0.813676494;0.0436855544;1.02279731;0.740262929;-4.69497706e-05;10;0.833332574;0;1.044444;1.00004956;1.00005077
20.978882;1.02279875;0.822561106;-3.39879083e-05;0.804225212;-3.29216962e-05;1.02278855;1.03650829;0.81371836;0.0437068227;1.02279929;0.740304913;-3.0966738e-05;10;0.833332584;0;1.044444;1.00004953;1.00005078
20.981882;1.02280475;0.822696629;1.8273799e-05;0.804353081;1.8120451e-05;1.02281059;1.03651925;0.813843675;0.0437695932;1.02280526;0.74042687;1.59801629e-05;10;0.833332618;0;1.044444;1.00004948;1.00005082
20.984882;1.02281077;0.822832163;7.16357094e-05;0.804480938;7.02250402e-05;1.02283261;1.03653122;0.813968215;0.0438323181;1.02281125;0.740548831;6.39329803e-05;10;0.833332656;0;1.044444;1.00004945;1.00005085
20.985882;1.02281277;0.822877714;8.94226975e-05;0.804523915;8.75875153e-05;1.02284061;1.0365352;0.814009016;0.0438525118;1.02281325;0.740589819;7.99204619e-05;10;0.833332669;0;1.044444;1.00004845;1.00004986
20.987882;1.02281679;0.822966592;0.000124998827;0.804607692;0.000122305681;1.02285461;1.03654218;0.814092479;0.043895086;1.02281727;0.740669796;0.000111902377;10;0.833332696;0;1.044444;1.00004845;1.00004988
20.989882;1.0228208;0.823056578;0.000160577626;0.804692548;0.000157018461;1.0228696;1.03655016;0.814174091;0.0439365449;1.0228213;0.740750775;0.000143894816;10;0.833332725;0;1.044444;1.00004846;1.00004991
20.990882;1.02282381;0.823101012;0.00017836715;0.804733645;0.000174373779;1.02287759;1.03655415;0.814214897;0.0439578096;1.02282431;0.740790767;0.000159894959;10;0.833332741;0;1.044444;1.00004847;1.00004992
20.992882;1.02282783;0.823188766;0.000213943945;0.804816329;0.000209083586;1.02289257;1.03656213;0.814296508;0.0439992664;1.02282834;0.740869755;0.000191902035;10;0.833332774;0;1.044444;1.0000485;1.00004993
20.993882;1.02282983;0.823233196;0.000230619271;0.804858215;0.000225351777;1.02289956;1.03656613;0.814337313;0.044019459;1.02283036;0.740909751;0.000206908183;10;0.833332792;0;1.044444;1.00004751;1.00004894
20.998882;1.02284085;0.823453117;0.000319519282;0.805064693;0.000312127616;1.0229375;1.03658608;0.814538106;0.0441247177;1.02284147;0.741107744;0.000286953161;10;0.833332898;0;1.044444;1.00004762;1.00004898
21.000882;1.02284586;0.823539756;0.000355059193;0.805145511;0.000346842929;1.02295248;1.03659406;0.814617556;0.0441661834;1.0228465;0.741185736;0.000318975236;10;0.833332951;0;1.044444;1.00004766;1.000049
21.001882;1.02284786;0.823583078;0.000372824122;0.805186313;0.000364202571;1.02296047;1.03659806;0.814657279;0.0441863814;1.02284852;0.741224731;0.000334986618;10;0.83333298;0;1.044444;1.00004669;1.000048
21.005882;1.02285688;0.823756381;0.000443849906;0.805348732;0.000433657777;1.02299042;1.03661403;0.814815082;0.0442703914;1.02285757;0.741380697;0.000399025863;10;0.833333109;0;1.044444;1.00004678;1.00004803
21.008882;1.02286389;0.823884152;0.000497091068;0.805468177;0.000485769702;1.02301338;1.03662601;0.814933158;0.0443331288;1.02286458;0.741495655;0.000447036828;10;0.833333208;0;1.044444;1.00004685;1.00004805
21.009882;1.0228659;0.823927488;0.00051483441;0.80550898;0.000503144699;1.02302137;1.03663;0.814971804;0.044353326;1.02286658;0.741534639;0.000463035714;10;0.833333238;0;1.044444;1.00004587;1.00004705
21.011882;1.0228709;0.824011942;0.000551427909;0.805587631;0.000538985558;1.02303634;1.03663799;0.815049103;0.0443947919;1.02287156;0.741610604;0.000496025806;10;0.833333293;0;1.044444;1.0000459;1.00004706
21.015882;1.02287992;0.824180869;0.000622383893;0.805745729;0.000608504652;1.02306731;1.03665495;0.815202934;0.0444787522;1.02288048;0.741762528;0.000559982681;10;0.833333375;0;1.044444;1.00004596;1.00004707
21.017882;1.02288493;0.82426534;0.000657864903;0.805824387;0.000643262597;1.0230833;1.03666293;0.81527918;0.0445202126;1.02288543;0.741838494;0.000591958767;10;0.833333402;0;1.044444;1.00004598;1.00004707
21.018882;1.02288794;0.824307576;0.000675607766;0.805863323;0.000660639084;1.0230903;1.03666692;0.81531784;0.044540404;1.02288839;0.741876478;0.000607947786;10;0.833333412;0;1.044444;1.00004499;1.00004606
21.022882;1.022898;0.824473204;0.000746598151;0.806017381;0.000730125303;1.02312232;1.03668386;0.815468475;0.0446232481;1.02289821;0.742025428;0.000671913951;10;0.833333432;0;1.044444;1.00004502;1.00004604
21.025882;1.02290506;0.824597712;0.00080097533;0.806133579;0.000783309117;1.02314533;1.03669681;0.815580442;0.0446858864;1.02290506;0.742137412;0.000720902915;10;0.833333423;0;1.044444;1.00004504;1.00004602
21.026882;1.02290808;0.824638843;0.000818736139;0.80617142;0.00080067342;1.02315334;1.03670079;0.815618025;0.0447060627;1.02290801;0.742174412;0.000736902882;10;0.833333414;0;1.044444;1.00004404;1.00004501
21.027882;1.02291009;0.824679974;0.000836499898;0.806210048;0.000818038956;1.02316135;1.03670478;0.815655607;0.0447273093;1.02290996;0.742211415;0.000752905075;10;0.833333403;0;1.044444;1.00004405;1.000045
21.031882;1.02292015;0.824843378;0.000908692029;0.806361887;0.000888600082;1.02319338;1.03672175;0.815803006;0.0448100935;1.0229198;0.742358461;0.000817934877;10;0.833333328;0;1.044444;1.00004406;1.00004496
21.032882;1.02292317;0.824883392;0.000926467774;0.806398638;0.000905973115;1.02320139;1.03672575;0.815839518;0.044831332;1.02292276;0.742394482;0.000833946369;10;0.833333302;0;1.044444;1.00004406;1.00004494
21.033882;1.02292518;0.824923405;0.000944245343;0.806436177;0.000923348873;1.0232094;1.03673075;0.815876315;0.0448514541;1.02292473;0.742430507;0.000849958868;10;0.833333275;0;1.044444;1.00004406;1.00004493
21.034882;1.0229282;0.824964527;0.000962024523;0.806474013;0.000940725432;1.02321741;1.03673475;0.815912828;0.0448726898;1.0229277;0.742467536;0.000865972169;10;0.833333247;0;1.044444;1.00004406;1.00004491
21.035882;1.02293121;0.825004535;0.000979805103;0.806510764;0.000958103514;1.02322541;1.03673875;0.815949341;0.0448928529;1.02293068;0.742503567;0.000881986103;10;0.833333217;0;1.044444;1.00004307;1.00004389
21.036882;1.02293323;0.825044542;0.000997586852;0.806548303;0.000975483805;1.02323342;1.03674376;0.815985068;0.0449140437;1.02293265;0.742539602;0.000898000519;10;0.833333187;0;1.044444;1.00004307;1.00004388
21.040882;1.02294429;0.825204547;0.00106983383;0.806696079;0.00104609235;1.02326545;1.03676076;0.816129274;0.0449967919;1.0229436;0.742683757;0.000963062203;10;0.833333057;0;1.044444;1.00004308;1.00004379
21.042882;1.02294933;0.825284542;0.00110651518;0.806770348;0.00108193575;1.02328147;1.03676977;0.816200455;0.0450370737;1.0229486;0.742755836;0.000996095231;10;0.833332986;0;1.044444;1.00004309;1.00004374
21.043882;1.02295234;0.825323427;0.00112429915;0.806806;0.00109931114;1.02328949;1.03677376;0.816236977;0.0450583086;1.0229516;0.742790874;0.00101211192;10;0.833332949;0;1.044444;1.00004209;1.00004271
21.048882;1.02296538;0.825520065;0.00121430508;0.806987973;0.00118724344;1.02332957;1.03679573;0.816413739;0.045161188;1.02296464;0.74296804;0.00109319335;10;0.833332751;0;1.044444;1.00004212;1.00004253
21.051882;1.02297339;0.825636707;0.00126873479;0.807095679;0.00124041524;1.02335462;1.0368087;0.816519315;0.0452237846;1.02297267;0.74307311;0.00114223392;10;0.833332636;0;1.044444;1.00004216;1.0000424
21.052882;1.02297639;0.825675588;0.00128650614;0.807131316;0.00125777391;1.02336264;1.03681369;0.816552907;0.0452439074;1.02297568;0.743108127;0.00115824452;10;0.8333326;0;1.044444;1.00004117;1.00004136
21.059882;1.02299635;0.825945519;0.00141311834;0.807379388;0.00138144114;1.02342072;1.03684465;0.81679436;0.0453881688;1.02299577;0.743351169;0.00127226589;10;0.833332405;0;1.044444;1.00004126;1.00004109
21.060882;1.02299834;0.825983286;0.00143088867;0.807414729;0.00139879826;1.02342873;1.03684865;0.816829795;0.0454083382;1.02299778;0.743385164;0.00128826117;10;0.833332385;0;1.044444;1.00004127;1.00004106
21.061882;1.02300132;0.826021054;0.0014486595;0.807449281;0.00141615388;1.02343673;1.03685365;0.816863371;0.0454295359;1.0230008;0.743419157;0.00130425475;10;0.833332366;0;1.044444;1.00004029;1.00004003
21.062882;1.0230043;0.826058823;0.0014675418;0.807483834;0.00143459553;1.02344474;1.03685764;0.816897732;0.0454497063;1.02300381;0.743453147;0.00132124656;10;0.833332348;0;1.044444;1.0000403;1.00004001
21.064882;1.02301027;0.826134361;0.00150308452;0.80755294;0.00146930641;1.02346173;1.03686664;0.816964593;0.0454910774;1.02300984;0.74352112;0.00135322425;10;0.833332313;0;1.044444;1.00004033;1.00003997
21.068882;1.02302121;0.826285449;0.00157639046;0.807691946;0.00154090451;1.0234947;1.03688565;0.817098587;0.045573784;1.02302092;0.743657054;0.00141915695;10;0.833332247;0;1.044444;1.00004038;1.00003994
21.070882;1.02302718;0.826359888;0.00161192931;0.807759971;0.00157562189;1.02351167;1.03689466;0.817164362;0.0456140944;1.02302697;0.743724022;0.00145111478;10;0.833332213;0;1.044444;1.0000404;1.00003993
21.071882;1.02303017;0.826396553;0.00163080783;0.807793441;0.00159406853;1.02351965;1.03689866;0.817198713;0.0456353464;1.02302999;0.743757007;0.00146809247;10;0.833332197;0;1.044444;1.00003942;1.00003893
21.074882;1.02303914;0.826507666;0.00168520964;0.807894936;0.00164724541;1.02354459;1.03691269;0.817296963;0.0456968863;1.02303907;0.743856971;0.00151702481;10;0.833332147;0;1.044444;1.00003947;1.00003892
21.079882;1.02305413;0.826692115;0.0017751115;0.808063356;0.00173517284;1.02358747;1.03693576;0.817459882;0.0457998719;1.02305419;0.744022932;0.00159793865;10;0.833332072;0;1.044444;1.00003956;1.0000389
21.080882;1.02305713;0.826727671;0.00179397973;0.808095731;0.00175362809;1.02359545;1.03694078;0.817492362;0.045820029;1.02305721;0.744054926;0.00161492894;10;0.833332059;0;1.044444;1.00003858;1.0000379
21.089882;1.0230842;0.827053244;0.00195718547;0.808392459;0.00191316425;1.02367223;1.03698296;0.817779506;0.0460048656;1.0230843;0.744347881;0.00176192603;10;0.833331959;0;1.044444;1.00003867;1.00003785
21.090882;1.0230872;0.827088806;0.00197607229;0.808424815;0.00193160475;1.02368022;1.03698798;0.817810906;0.0460250364;1.0230873;0.744379882;0.00177892823;10;0.833331952;0;1.044444;1.00003767;1.00003685
21.091882;1.0230902;0.827124368;0.00199385144;0.80845717;0.00194895782;1.0236892;1.03699201;0.817842023;0.0460463225;1.02309029;0.744411883;0.00179492947;10;0.833331946;0;1.044444;1.00003768;1.00003685
21.092882;1.0230932;0.827159932;0.00201274524;0.808489525;0.00196739621;1.02369719;1.03699704;0.817873424;0.0460664917;1.02309329;0.744443887;0.00181192948;10;0.833331942;0;1.044444;1.00003768;1.00003685
21.093882;1.0230972;0.827195498;0.00203053132;0.808521089;0.00198474649;1.02370618;1.03700206;0.817904827;0.0460866597;1.02309728;0.744475892;0.00182792828;10;0.833331938;0;1.044444;1.00003767;1.00003685
21.097882;1.02310918;0.827336659;0.00210392752;0.808649416;0.00205633392;1.02374015;1.03702119;0.8180291;0.0461684346;1.02310922;0.744602928;0.00189392028;10;0.833331935;0;1.044444;1.00003765;1.00003688
21.099882;1.02311516;0.82740669;0.00214063882;0.808713041;0.00209213244;1.02375815;1.03703025;0.818090571;0.0462098695;1.02311518;0.744665955;0.00192692058;10;0.833331941;0;1.044444;1.00003764;1.00003689
21.100882;1.02311914;0.827441149;0.0021584406;0.80874352;0.00210948796;1.02376616;1.03703529;0.818120916;0.0462300256;1.02311916;0.74469697;0.00194292271;10;0.833331948;0;1.044444;1.00003663;1.0000359
21.101882;1.02312212;0.82747561;0.00217624295;0.80877479;0.00212684667;1.02377517;1.03704032;0.818151262;0.0462501792;1.02312214;0.744727986;0.0019589264;10;0.833331956;0;1.044444;1.00003661;1.00003591
21.108882;1.02314395;0.827717936;0.00230529977;0.808994003;0.0022527405;1.02383624;1.03707453;0.818363416;0.0463933868;1.02314399;0.744946135;0.00207499171;10;0.83333203;0;1.044444;1.00003651;1.000036
21.109882;1.02314692;0.827751279;0.00232310043;0.809024197;0.00227011115;1.02384425;1.03707956;0.818392693;0.0464145984;1.02314697;0.744976161;0.00209100515;10;0.83333204;0;1.044444;1.0000365;1.00003602
21.110882;1.02315089;0.827785733;0.00234201263;0.809054688;0.00228856687;1.02385325;1.03708357;0.818423829;0.0464347824;1.02315095;0.745007188;0.00210801973;10;0.83333205;0;1.044444;1.00003548;1.00003504
21.113882;1.02315978;0.827887968;0.00239653093;0.809147453;0.00234177497;1.02387925;1.03709861;0.818512718;0.046495194;1.02315991;0.74509927;0.00215707085;10;0.833332078;0;1.044444;1.00003542;1.00003511
21.119882;1.02317961;0.828089068;0.00250667887;0.809328136;0.00244929252;1.02393224;1.03712761;0.81868801;0.0466181787;1.02317987;0.745280421;0.00225618901;10;0.833332118;0;1.044444;1.00003527;1.00003526
21.120882;1.02318359;0.828122396;0.00252558896;0.809357537;0.00246775545;1.02394123;1.0371326;0.818717264;0.046638309;1.02318387;0.745310443;0.00227320716;10;0.833332124;0;1.044444;1.00003425;1.00003428
21.124882;1.02319654;0.828255698;0.00259898731;0.809477505;0.00253944801;1.02397623;1.03715254;0.81883212;0.0467199053;1.02319687;0.745430516;0.00233926128;10;0.833332151;0;1.044444;1.00003415;1.00003436
21.129882;1.02321355;0.828420074;0.00269010409;0.809624692;0.00262854099;1.02402127;1.03717744;0.818974054;0.046821661;1.0232139;0.745578569;0.00242128044;10;0.83333218;0;1.044444;1.00003405;1.0000344
21.130882;1.02321655;0.828452279;0.00270898262;0.809653792;0.00264701577;1.02403028;1.03718242;0.819002225;0.0468418031;1.02321691;0.745607574;0.00243828002;10;0.833332186;0;1.044444;1.00003304;1.0000334
21.131882;1.02322056;0.828484483;0.0027267469;0.8096821;0.00266440296;1.02403929;1.03718739;0.819030397;0.0468619467;1.02322091;0.745636578;0.0024542789;10;0.833332192;0;1.044444;1.00003302;1.00003341
21.133882;1.02322657;0.828550004;0.0027644902;0.809741386;0.00270135563;1.02405731;1.03719734;0.819086743;0.0469022379;1.02322694;0.745695579;0.00248827503;10;0.833332207;0;1.044444;1.000033;1.00003341
21.135882;1.02323357;0.828614416;0.00280111575;0.809798794;0.00273721863;1.02407533;1.03720729;0.819143093;0.046943605;1.02323397;0.745753573;0.0025212702;10;0.833332226;0;1.044444;1.00003298;1.0000334
21.138882;1.02324457;0.828709934;0.00285549253;0.809883427;0.0027904599;1.02410136;1.03722223;0.819225481;0.0470040513;1.02324501;0.745839554;0.00257026196;10;0.833332264;0;1.044444;1.00003294;1.00003339
21.140882;1.02325155;0.828774364;0.00289322452;0.809940837;0.00282739498;1.02411937;1.03723219;0.819280765;0.0470443453;1.02325203;0.745897534;0.00260425424;10;0.833332293;0;1.044444;1.00003291;1.00003338
21.141882;1.02325455;0.828805472;0.00291098038;0.809968855;0.0028447758;1.02412938;1.03723717;0.819307872;0.0470644905;1.02325505;0.745925522;0.00262024986;10;0.83333231;0;1.044444;1.0000319;1.00003238
21.143882;1.02326153;0.828868805;0.00294760615;0.81002519;0.00288061598;1.0241474;1.03724714;0.81936316;0.047105847;1.02326207;0.745982495;0.00265323981;10;0.833332347;0;1.044444;1.00003188;1.00003237
21.145882;1.02326851;0.828932147;0.00298423524;0.810081538;0.00291644936;1.02416543;1.03725712;0.819417383;0.047146122;1.02326909;0.746039465;0.0026862271;10;0.83333239;0;1.044444;1.00003187;1.00003235
21.147882;1.02327549;0.828995494;0.00302197816;0.810137902;0.00295336185;1.02418344;1.03726811;0.819470826;0.0471863378;1.02327611;0.746096432;0.00272021231;10;0.833332439;0;1.044444;1.00003185;1.00003234
21.150882;1.02328646;0.829088857;0.00307637653;0.810220458;0.00300654777;1.02421046;1.03728311;0.819551121;0.0472467055;1.02328715;0.746180378;0.00276918812;10;0.833332516;0;1.044444;1.00003183;1.00003232
21.151882;1.02328946;0.82911998;0.00309525192;0.810248514;0.00302500065;1.02421946;1.03728811;0.819577178;0.0472668222;1.02329016;0.746208359;0.00278617927;10;0.833332541;0;1.044444;1.00003082;1.00003131
21.153882;1.02329745;0.829182231;0.00313189463;0.810303053;0.00306081334;1.02423746;1.03729811;0.819630367;0.0473081183;1.02329819;0.74626432;0.00281916013;10;0.833332588;0;1.044444;1.0000308;1.00003129
21.161882;1.02332547;0.82942682;0.00327963548;0.810520133;0.00320515247;1.02431042;1.03734017;0.819839413;0.0474688558;1.02332626;0.746484182;0.00295208003;10;0.833332713;0;1.044444;1.00003073;1.00003124
21.162882;1.02332948;0.829456839;0.00329852767;0.810546332;0.00322360012;1.02432042;1.03734518;0.81986547;0.047488958;1.02333026;0.746511171;0.00296907291;10;0.833332723;0;1.044444;1.00002972;1.00003024
21.169882;1.02335555;0.829666955;0.00342750497;0.810731287;0.00334950075;1.0243844;1.03738123;0.820043804;0.0476296703;1.02335629;0.746700119;0.00308509232;10;0.833332787;0;1.044444;1.00002963;1.00003021
21.170882;1.02335857;0.829696966;0.00344641894;0.810758271;0.00336795492;1.0243934;1.03738623;0.820069846;0.047649784;1.0233593;0.746727113;0.00310210524;10;0.833332795;0;1.044444;1.00002962;1.00003021
21.172882;1.02336661;0.829755873;0.00348314596;0.810809563;0.0034037687;1.0244124;1.03739723;0.820118992;0.0476899682;1.02336732;0.7467801;0.00313513622;10;0.833332811;0;1.044444;1.0000296;1.00003019
21.173882;1.02337063;0.829785878;0.00350206956;0.810835749;0.00342221693;1.02442141;1.03740224;0.820143958;0.0477100847;1.02337134;0.746807094;0.00315215356;10;0.83333282;0;1.044444;1.00002859;1.00002919
21.184882;1.02341175;0.830105838;0.00370690144;0.811116257;0.00362187738;1.02452437;1.03746022;0.820414013;0.0479312854;1.02341241;0.747095113;0.00333633899;10;0.833332988;0;1.044444;1.00002857;1.00002911
21.185882;1.02341575;0.830134716;0.00372470174;0.811141334;0.00363923818;1.02453336;1.03746622;0.820437109;0.04795136;1.0234164;0.747121118;0.00335235128;10;0.833333007;0;1.044444;1.00002758;1.0000281
21.186882;1.02341974;0.830163594;0.00374361042;0.81116641;0.0036576848;1.02454336;1.03747122;0.820462065;0.0479714792;1.02342038;0.747147124;0.00336936295;10;0.833333027;0;1.044444;1.00002759;1.0000281
21.192882;1.02344168;0.830333485;0.00385478874;0.811315185;0.00376619175;1.02459937;1.03750326;0.820604877;0.0480920557;1.02344222;0.747300162;0.00346941986;10;0.833333154;0;1.044444;1.0000277;1.00002809
21.193882;1.02344567;0.830361237;0.00387368047;0.811339173;0.00378463248;1.02460837;1.03750827;0.820628765;0.0481121584;1.02344618;0.747325169;0.00348642634;10;0.833333176;0;1.044444;1.00002772;1.0000281
21.195882;1.02345365;0.830417846;0.00391034585;0.811388234;0.00382042347;1.02462738;1.03751929;0.820674679;0.0481512382;1.0234541;0.747376181;0.00351943622;10;0.83333322;0;1.044444;1.00002777;1.0000281
21.196882;1.02345764;0.830445594;0.00392923134;0.811412221;0.0038388595;1.02463739;1.0375243;0.820698566;0.0481713323;1.02345805;0.747401186;0.0035364399;10;0.833333242;0;1.044444;1.00002679;1.0000271
21.202882;1.02348064;0.830610987;0.00404031616;0.811555834;0.00394729156;1.02469339;1.03755735;0.820836293;0.0482917001;1.02348082;0.747550195;0.00363645119;10;0.833333371;0;1.044444;1.00002691;1.00002714
21.207882;1.0235007;0.830747578;0.00413364932;0.811673545;0.0040383683;1.02474135;1.03758434;0.820949819;0.0483909144;1.02350072;0.747673163;0.00372044924;10;0.833333457;0;1.044444;1.00002697;1.00002721
21.208882;1.02350471;0.830775349;0.00415253995;0.811697514;0.00405679923;1.02475134;1.03758934;0.820972623;0.0484109921;1.02350471;0.747698152;0.00373744777;10;0.833333472;0;1.044444;1.00002598;1.00002622
21.210882;1.02351275;0.830828673;0.00418921008;0.811743277;0.00409257401;1.02477031;1.03760031;0.821017438;0.0484511095;1.02351271;0.74774613;0.00377044196;10;0.833333502;0;1.044444;1.00002601;1.00002625
21.219882;1.0235489;0.831069805;0.00435699988;0.811950182;0.00425633802;1.02485625;1.03765017;0.82121434;0.0486296687;1.02354881;0.747963055;0.00392135919;10;0.833333681;0;1.044444;1.00002609;1.00002631
21.220882;1.02355291;0.831095367;0.00437589226;0.811971958;0.00427478584;1.02486625;1.03765515;0.821236054;0.0486497892;1.02355283;0.747986053;0.00393834374;10;0.833333702;0;1.044444;1.00002509;1.00002531
21.222882;1.02356095;0.831148715;0.00441256992;0.812017678;0.00431059957;1.02488525;1.03766613;0.821278692;0.0486889186;1.02356085;0.748034053;0.00397131046;10;0.833333744;0;1.044444;1.0000251;1.0000253
21.228882;1.02358507;0.831304355;0.00452485057;0.812150515;0.00442022434;1.0249433;1.0376991;0.821406623;0.0488084699;1.02358494;0.74817409;0.00407222218;10;0.833333855;0;1.044444;1.00002514;1.00002528
21.229882;1.02358909;0.83132993;0.0045437503;0.812172296;0.00443867917;1.02495231;1.0377051;0.821427554;0.0488285487;1.02358896;0.748197098;0.00408921272;10;0.833333869;0;1.044444;1.00002514;1.00002527
21.231882;1.02359813;0.831381078;0.00458043801;0.812215066;0.0044745026;1.02497233;1.0377161;0.821469143;0.0488676791;1.02359799;0.748243111;0.0041221991;10;0.833333892;0;1.044444;1.00002516;1.00002527
21.232882;1.02360215;0.831406653;0.00459933687;0.812236847;0.00449296087;1.02498234;1.0377221;0.821490082;0.0488877544;1.02360201;0.748266117;0.00413919478;10;0.833333902;0;1.044444;1.00002417;1.00002426
21.242882;1.02364329;0.831660135;0.0047860077;0.81245169;0.00467538739;1.02507947;1.03777817;0.821694241;0.0490865051;1.02364314;0.748494169;0.00430723298;10;0.833333919;0;1.044444;1.00002422;1.00002424
21.243882;1.02364729;0.831684588;0.00480488444;0.812472382;0.0046938452;1.02508948;1.03778317;0.821714931;0.0491055506;1.02364715;0.748516174;0.00432424459;10;0.833333913;0;1.044444;1.00002421;1.00002424
21.244882;1.02365229;0.83170904;0.00482375929;0.812492281;0.00471229721;1.02509849;1.03778917;0.82173483;0.0491256201;1.02365217;0.748538177;0.00434125749;10;0.833333905;0;1.044444;1.00002321;1.00002324
21.248882;1.0236683;0.831807952;0.00489813311;0.812576139;0.00478502365;1.02513851;1.03781114;0.821814937;0.0492049197;1.02366822;0.748627182;0.00440831623;10;0.833333863;0;1.044444;1.00002319;1.00002326
21.251882;1.02368129;0.831881296;0.00495362682;0.812637431;0.00483927479;1.02516748;1.03782809;0.821873268;0.0492640893;1.02368127;0.748693177;0.00445835622;10;0.833333832;0;1.044444;1.00002318;1.00002327
21.252882;1.02368529;0.831905743;0.00497249421;0.812658128;0.00485771849;1.02517747;1.03783408;0.821893159;0.0492830782;1.02368529;0.748715173;0.00447536634;10;0.833333824;0;1.044444;1.00002317;1.00002328
21.253882;1.02368928;0.831930189;0.0049913613;0.812678826;0.00487616034;1.02518745;1.03784006;0.821911979;0.0493031349;1.02368931;0.748737169;0.00449237434;10;0.833333816;0;1.044444;1.00002317;1.00002328
21.254882;1.02369428;0.831954634;0.00501022821;0.812698731;0.00489459535;1.02519744;1.03784504;0.82193159;0.0493232364;1.02369433;0.748759164;0.0045093801;10;0.83333381;0;1.044444;1.00002317;1.00002328
21.256882;1.02370228;0.832002412;0.00504685064;0.81273905;0.00493038175;1.02521639;1.03785701;0.821970297;0.0493622664;1.02370238;0.748802151;0.00454238548;10;0.833333801;0;1.044444;1.00002317;1.00002328
21.257882;1.02370628;0.832026857;0.00506571754;0.812759754;0.00494881291;1.02522637;1.037863;0.821989114;0.0493823134;1.0237064;0.748824143;0.00455938583;10;0.833333796;0;1.044444;1.00002217;1.00002228
21.263882;1.02373227;0.832170194;0.00517781508;0.812879134;0.00505822897;1.02528517;1.03789694;0.822102523;0.0495005317;1.02373251;0.748953087;0.0046603796;10;0.83333375;0;1.044444;1.00002219;1.00002224
21.269882;1.02375824;0.832310222;0.00528993783;0.812995206;0.00516754499;1.02534496;1.03793094;0.82221483;0.0496177146;1.02375853;0.749079078;0.00476137521;10;0.833333661;0;1.044444;1.00002224;1.00002216
21.270882;1.02376223;0.832333563;0.00530881473;0.813014811;0.00518594334;1.02535493;1.03793694;0.822232563;0.0496377701;1.02376253;0.749100084;0.00477837195;10;0.833333642;0;1.044444;1.00002126;1.00002115
21.279882;1.02380118;0.832540274;0.00547764307;0.813185618;0.00535046475;1.02544478;1.03798892;0.822394762;0.0498140996;1.02380144;0.74928622;0.00493028972;10;0.833333496;0;1.044444;1.00002142;1.00002107
21.282882;1.02381516;0.832608033;0.00553318504;0.813240695;0.00540459969;1.02547479;1.03800592;0.822448728;0.0498732449;1.0238154;0.749347279;0.0049802386;10;0.833333477;0;1.044444;1.00002147;1.00002104
21.283882;1.02381916;0.832630244;0.00555207007;0.813259225;0.00542301261;1.0254848;1.03801192;0.822465384;0.04989223;1.02381939;0.749367297;0.00499722043;10;0.833333475;0;1.044444;1.00002048;1.00002004
21.285882;1.02382816;0.832675772;0.00558984214;0.813296578;0.00545983655;1.02550482;1.03802393;0.822500834;0.0499312711;1.02382838;0.749408329;0.00503118484;10;0.833333475;0;1.044444;1.00002051;1.00002002
21.287882;1.02383716;0.832720182;0.00562650784;0.813332846;0.00549558022;1.02552486;1.03803494;0.822536004;0.0499703609;1.02383737;0.749448354;0.00506415296;10;0.833333484;0;1.044444;1.00002054;1.00002001
21.295882;1.02387219;0.832895618;0.00577654132;0.813476558;0.00564186455;1.02560506;1.03808201;0.82267104;0.0501265549;1.02387245;0.749606378;0.00519908757;10;0.833333555;0;1.044444;1.00002065;1.00002003
21.296882;1.02387719;0.832916716;0.00579543382;0.813493211;0.00566028711;1.02561509;1.03808802;0.822687677;0.0501466058;1.02387747;0.749625374;0.0052160877;10;0.833333562;0;1.044444;1.00001967;1.00001903
21.303882;1.02390815;0.833067724;0.00592656189;0.813616206;0.00578820958;1.02568631;1.0381291;0.822803847;0.0502827381;1.02390857;0.749761349;0.00533412713;10;0.833333578;0;1.044444;1.00001974;1.00001904
21.309882;1.02393509;0.833194263;0.00603880762;0.813718463;0.0058977277;1.02574742;1.03816511;0.822899366;0.0503987818;1.02393561;0.749875319;0.00543514846;10;0.833333561;0;1.044444;1.00001971;1.00001911
21.310882;1.02394008;0.833215353;0.00605770245;0.813735103;0.00591616076;1.02575742;1.03817112;0.822915997;0.050418835;1.02394061;0.749894311;0.00545214613;10;0.833333555;0;1.044444;1.00001869;1.00001813
21.313882;1.02395403;0.833277515;0.0061143897;0.813784724;0.00597147046;1.02578841;1.03818813;0.822963471;0.0504768986;1.0239546;0.749950282;0.00550312784;10;0.833333525;0;1.044444;1.00001863;1.00001818
21.316882;1.02396699;0.833339689;0.00616996333;0.813835129;0.00602570754;1.02581936;1.03820615;0.82301016;0.0505349079;1.02396759;0.75000625;0.00555309202;10;0.833333485;0;1.044444;1.00001855;1.00001821
21.320882;1.02398596;0.833420751;0.00624552228;0.813899187;0.00609946088;1.02585925;1.03823022;0.823071362;0.0506129654;1.02398657;0.750079214;0.00562101608;10;0.833333421;0;1.044444;1.00001844;1.00001823
21.323882;1.02399995;0.833481835;0.00630105985;0.813947686;0.00615368398;1.02589014;1.03824828;0.823117006;0.0506709741;1.02400055;0.750134193;0.0056709436;10;0.833333371;0;1.044444;1.00001834;1.00001824
21.324882;1.02400395;0.833501831;0.00631993989;0.813964016;0.00617212225;1.0259001;1.0382543;0.82313258;0.0506899532;1.02400455;0.750152187;0.00568791841;10;0.833333353;0;1.044444;1.0000173;1.00001724
21.326882;1.02401296;0.833541828;0.0063576989;0.81399588;0.0062089908;1.02592103;1.03826634;0.823162659;0.0507289809;1.02401353;0.750188181;0.00572186739;10;0.833333318;0;1.044444;1.00001723;1.00001723
21.335882;1.02405507;0.833719683;0.00652657867;0.814135855;0.00637379393;1.02601278;1.03832051;0.823294323;0.0509030384;1.02405539;0.75034821;0.00587363619;10;0.833333199;0;1.044444;1.00001695;1.00001713
21.337882;1.02406511;0.833758597;0.00656437704;0.814165816;0.00641064644;1.02603376;1.03833254;0.823323352;0.0509410046;1.02406535;0.750383214;0.00590758538;10;0.833333186;0;1.044444;1.0000169;1.0000171
21.338882;1.02406913;0.833777499;0.0065832783;0.814181048;0.00642907642;1.02604375;1.03833855;0.823337867;0.0509599847;1.02406933;0.750400214;0.00592455889;10;0.833333181;0;1.044444;1.00001588;1.00001609
21.341882;1.02408318;0.833835313;0.00663887711;0.814226236;0.0064832571;1.02607474;1.03835658;0.823380349;0.0510179803;1.02408326;0.750452206;0.00597447398;10;0.833333169;0;1.044444;1.00001581;1.00001605
21.342882;1.0240882;0.833854211;0.00665778182;0.814240673;0.00650167279;1.02608574;1.03836259;0.823393799;0.05103695;1.02408824;0.7504692;0.00599144381;10;0.833333167;0;1.044444;1.00001578;1.00001605
21.345882;1.02410225;0.833912016;0.00671449589;0.814285873;0.00655691419;1.02611676;1.0383816;0.823435506;0.0510948624;1.02410218;0.750521169;0.00604234981;10;0.833333165;0;1.044444;1.00001573;1.00001604
21.350882;1.02412629;0.834006473;0.00680789538;0.8143589;0.00664786938;1.02616782;1.03841157;0.823504925;0.0511906987;1.02412607;0.750606075;0.00612620062;10;0.833333165;0;1.044444;1.00001567;1.00001607
21.352882;1.0241363;0.834043131;0.00684569014;0.814386718;0.00668468063;1.02618884;1.03842354;0.823531839;0.0512296648;1.02413603;0.750639026;0.00616014781;10;0.833333164;0;1.044444;1.00001567;1.0000161
21.353882;1.02414031;0.834062013;0.006864584;0.814401966;0.00670309219;1.02619986;1.03842952;0.823545299;0.0512486119;1.02414001;0.750656;0.00617712365;10;0.833333163;0;1.044444;1.00001467;1.00001511
21.367882;1.02420743;0.83431517;0.00712669812;0.814595898;0.00695856583;1.0263449;1.03851518;0.823727943;0.0515158255;1.02420654;0.750883724;0.00641290565;10;0.833332951;0;1.044444;1.00001484;1.00001524
21.368882;1.02421244;0.834332935;0.00714557869;0.81460928;0.00697696774;1.02635589;1.03852116;0.823740334;0.0515347588;1.0242115;0.750899719;0.00642989908;10;0.833332924;0;1.044444;1.00001386;1.00001425
21.369882;1.02421744;0.834350703;0.00716446032;0.814622665;0.0069953701;1.02636588;1.03852714;0.823752726;0.0515547608;1.02421646;0.750915716;0.00644689573;10;0.833332898;0;1.044444;1.00001388;1.00001426
21.373882;1.02423647;0.834421785;0.00723888966;0.814677013;0.00706790896;1.02640783;1.03855208;0.823802557;0.0516304316;1.0242353;0.750979731;0.00651391977;10;0.833332801;0;1.044444;1.00001396;1.00001429
21.381882;1.0242755;0.834559581;0.0073889206;0.814780597;0.00721411765;1.02649166;1.03860101;0.82389981;0.0517829175;1.02427401;0.751103827;0.00664912672;10;0.833332637;0;1.044444;1.00001408;1.00001435
21.382882;1.0242805;0.834576256;0.00740781634;0.814792904;0.0072325321;1.02650263;1.03860801;0.82391141;0.0518018063;1.02427898;0.751118842;0.0066661599;10;0.833332617;0;1.044444;1.00001409;1.00001436
21.383882;1.0242855;0.834592932;0.00742671304;0.814805213;0.00725094657;1.0265126;1.03861401;0.823922735;0.0518207464;1.02428396;0.751133857;0.00668319289;10;0.833332597;0;1.044444;1.0000131;1.00001336
21.384882;1.02429049;0.83461072;0.00744561071;0.814818607;0.00726936079;1.02652358;1.03862002;0.823935131;0.0518396877;1.02428895;0.75114987;0.00670022528;10;0.833332577;0;1.044444;1.00001311;1.00001335
21.387882;1.02430548;0.83466076;0.00750230854;0.814855541;0.00732459911;1.0265545;1.03863904;0.823969382;0.0518964677;1.02430392;0.751194899;0.00675131736;10;0.833332518;0;1.044444;1.00001314;1.00001334
21.397882;1.02435446;0.834825462;0.00768907488;0.81497735;0.00750649023;1.02666025;1.03870115;0.824082986;0.0520858432;1.0243531;0.751342861;0.00691957759;10;0.833332382;0;1.044444;1.00001326;1.00001327
21.398882;1.02435945;0.834842156;0.00770797091;0.814989674;0.00752488916;1.02667122;1.03870716;0.824094268;0.0521047952;1.02435813;0.751357851;0.00693659725;10;0.83333238;0;1.044444;1.00001228;1.00001227
21.401882;1.02437443;0.83489001;0.00776465428;0.815024477;0.00758007789;1.02670214;1.0387262;0.824126234;0.052161605;1.02437323;0.751400821;0.00698764894;10;0.833332388;0;1.044444;1.00001232;1.00001225
21.406882;1.02439939;0.834970092;0.00785798977;0.815082847;0.00767094824;1.02675606;1.03875724;0.824179618;0.0522563331;1.02439837;0.751472789;0.00707170901;10;0.833332431;0;1.044444;1.00001235;1.00001219
21.409882;1.02441437;0.835016781;0.00791463583;0.815116564;0.00772610734;1.02678703;1.03877625;0.824211509;0.0523131545;1.02441343;0.75151479;0.00712272249;10;0.833332462;0;1.044444;1.00001232;1.00001212
21.413882;1.02443436;0.835078997;0.00798902467;0.815161511;0.00779855732;1.02683003;1.03880221;0.824251697;0.0523878103;1.02443348;0.751570804;0.00718971716;10;0.833332503;0;1.044444;1.00001225;1.00001201
21.414882;1.02443936;0.835094543;0.00800789516;0.815172745;0.00781694117;1.02684104;1.03880819;0.824261872;0.0524067652;1.02443849;0.751584808;0.00720671327;10;0.833332512;0;1.044444;1.00001123;1.00001098
21.417882;1.02445437;0.83514117;0.00806449884;0.815206441;0.00787210047;1.02687306;1.03882711;0.82429161;0.0524635728;1.02445351;0.751626816;0.00725769873;10;0.833332534;0;1.044444;1.00001117;1.0000109
21.419882;1.02446437;0.835171135;0.0081022321;0.81522781;0.00790888144;1.02689408;1.03883903;0.824311969;0.0525014726;1.02446353;0.751653817;0.00729168907;10;0.833332543;0;1.044444;1.00001112;1.00001085
21.426882;1.0245004;0.835275435;0.00823323594;0.815301157;0.00803655247;1.02696917;1.03888368;0.824378756;0.0526318096;1.02449955;0.751747809;0.00740964815;10;0.833332533;0;1.044444;1.00001102;1.00001073
21.428882;1.0245104;0.8353054;0.00826989104;0.815322459;0.00807226195;1.0269902;1.03889558;0.824398076;0.0526697027;1.02450955;0.751774815;0.00744262675;10;0.833332526;0;1.044444;1.00001101;1.0000107
21.429882;1.0245154;0.835319829;0.00828877701;0.815332563;0.00809065972;1.02700122;1.03890254;0.824407479;0.0526885988;1.02451455;0.751787819;0.00745961296;10;0.833332523;0;1.044444;1.00001102;1.00001069
21.430882;1.02452039;0.83533426;0.00830766493;0.815342663;0.00810905793;1.02701223;1.03890849;0.824416608;0.0527075453;1.02451955;0.751800823;0.00747659706;10;0.83333252;0;1.044444;1.00001002;1.00000969
21.439882;1.02456626;0.835464249;0.00847663822;0.815432737;0.00827352379;1.02710841;1.03896517;0.824498594;0.0528757517;1.02456553;0.751917847;0.00762841809;10;0.833332522;0;1.044444;1.00001014;1.00000968
21.440882;1.02457124;0.835477594;0.00849443248;0.815441756;0.00829082661;1.02711943;1.03897214;0.824506943;0.0528946472;1.02457054;0.751929849;0.00764440218;10;0.833332527;0;1.044444;1.00001016;1.00000969
21.446882;1.02460211;0.835562124;0.00860675443;0.815499469;0.00840003668;1.02718355;1.03901002;0.824559141;0.0530061092;1.02460158;0.752005875;0.00774535184;10;0.83333257;0;1.044444;1.00001024;1.00000973
21.447882;1.02460809;0.835575474;0.00862565802;0.81550771;0.0084184132;1.02719457;1.039017;0.824567489;0.053025012;1.02460759;0.752017879;0.0077623521;10;0.833332577;0;1.044444;1.00000926;1.00000874
21.452882;1.02463302;0.83564445;0.00871904897;0.815555068;0.00850927956;1.02724872;1.03904896;0.824609456;0.053117551;1.02463265;0.75207988;0.00784639723;10;0.833332617;0;1.044444;1.00000932;1.00000877
21.454882;1.024644;0.835671156;0.00875684508;0.815572342;0.00854606725;1.0272708;1.03906097;0.824626653;0.0531554641;1.02464367;0.752103872;0.00788043907;10;0.833332633;0;1.044444;1.00000933;1.00000879
21.458882;1.02466498;0.835724573;0.00883133283;0.815607674;0.00861858554;1.02731396;1.039087;0.82465837;0.0532301027;1.02466471;0.752151858;0.00794755565;10;0.833332658;0;1.044444;1.00000934;1.00000881
21.463882;1.024691;0.835790253;0.00892585051;0.815650956;0.00871057504;1.02736811;1.03911908;0.824697033;0.0533225933;1.02469078;0.752210859;0.00803271392;10;0.833332655;0;1.044444;1.00000931;1.00000879
21.464882;1.02469601;0.835803611;0.00894364581;0.815659992;0.00872788222;1.02737913;1.03912609;0.824704284;0.053340419;1.0246958;0.752222863;0.00804874108;10;0.833332651;0;1.044444;1.0000083;1.00000778
21.471882;1.02473207;0.835893762;0.0090748731;0.81571923;0.0088554239;1.02745521;1.03917118;0.824757105;0.0534707847;1.02473188;0.752303964;0.00816688138;10;0.833332602;0;1.044444;1.00000821;1.00000762
21.474882;1.02474808;0.835931592;0.00913156251;0.815743382;0.00891049451;1.02748722;1.03919021;0.824778271;0.0535254682;1.02474791;0.752338045;0.00821792241;10;0.833332584;0;1.044444;1.00000817;1.00000753
21.480882;1.02478009;0.836006096;0.00924265469;0.815790564;0.00901845603;1.02755318;1.03922928;0.824820874;0.0536369258;1.02478;0.752405227;0.00831799768;10;0.8333326;0;1.044444;1.00000812;1.00000736
21.481882;1.02478509;0.836018322;0.00926153391;0.815798509;0.00903681746;1.02756417;1.0392363;0.824827049;0.0536547623;1.02478502;0.752416254;0.00833501257;10;0.833332611;0;1.044444;1.00000712;1.00000634
21.488882;1.02482206;0.836102738;0.00939257868;0.815851448;0.00916431183;1.02764008;1.03928148;0.824873508;0.0537841033;1.02482217;0.752492368;0.00845314296;10;0.833332715;0;1.044444;1.00000711;1.00000625
21.498882;1.02487597;0.836219247;0.00957918319;0.815922304;0.00934596662;1.02774907;1.03934764;0.824936489;0.0539679226;1.02487627;0.752597367;0.00862131262;10;0.833332819;0;1.044444;1.00000714;1.0000064
21.499882;1.02488096;0.836230339;0.00959695569;0.815929163;0.00936327519;1.02776007;1.03935365;0.824942418;0.0539857952;1.02488127;0.752607363;0.00863732337;10;0.833332826;0;1.044444;1.00000614;1.00000543
21.500882;1.02488595;0.836241432;0.00961584008;0.81593602;0.00938166854;1.02777108;1.03936065;0.824948625;0.054004684;1.02488627;0.752617358;0.00865433339;10;0.833332833;0;1.044444;1.00000614;1.00000547
21.506882;1.02491791;0.8363091;0.00972806225;0.815976648;0.00949094101;1.02783711;1.03939963;0.824982938;0.0541138746;1.02491822;0.752678331;0.0087553924;10;0.833332905;0;1.044444;1.00000611;1.00000568
21.511882;1.02494488;0.836363459;0.0098203168;0.816008263;0.00958074032;1.02789113;1.0394326;0.825011328;0.0542051498;1.02494518;0.752727314;0.00883846143;10;0.833332984;0;1.044444;1.00000606;1.00000583
21.512882;1.02495088;0.836374554;0.0098392133;0.816014329;0.00959912671;1.02790213;1.03943859;0.825017264;0.0542240719;1.02495117;0.752737312;0.00885547808;10;0.833333;0;1.044444;1.00000606;1.00000586
21.515882;1.02496684;0.836406727;0.00989589976;0.816033039;0.00965430086;1.02793513;1.03945857;0.825032406;0.0542785883;1.02496716;0.752766309;0.00890652899;10;0.833333047;0;1.044444;1.00000604;1.00000593
21.516882;1.02497183;0.836416708;0.00991368134;0.816038818;0.0096716106;1.02794612;1.03946557;0.825037541;0.0542963848;1.02497216;0.75277531;0.00892254501;10;0.833333062;0;1.044444;1.00000603;1.00000595
21.517882;1.02497782;0.836427799;0.00993257178;0.816044883;0.00968999506;1.02795712;1.03947157;0.825043469;0.0543142328;1.02497816;0.752785311;0.00893956018;10;0.833333076;0;1.044444;1.00000502;1.00000497
21.518882;1.0249828;0.836438888;0.0099514597;0.816051744;0.00970838945;1.02796811;1.03947857;0.825048603;0.054333097;1.02498316;0.752795313;0.00895657454;10;0.83333309;0;1.044444;1.00000502;1.00000498
21.528882;1.02503664;0.836541916;0.0101369004;0.81610949;0.00988907551;1.02807799;1.03954466;0.825097791;0.0545144061;1.02503727;0.752888289;0.00912371097;10;0.833333242;0;1.044444;1.00000497;1.00000515
21.534882;1.02506954;0.836601717;0.010247903;0.816141646;0.00999725737;1.02814489;1.03958467;0.825124884;0.0546222677;1.02507038;0.752942212;0.00922378655;10;0.833333317;0;1.044444;1.00000496;1.00000524
21.535882;1.02507552;0.83661058;0.0102667745;0.816145521;0.0100156423;1.02815588;1.03959067;0.825129754;0.054641173;1.02507641;0.7529502;0.00924079431;10;0.833333325;0;1.044444;1.00000396;1.00000426
21.537882;1.02508549;0.836630536;0.0103045186;0.816157027;0.0100524294;1.02817784;1.03960368;0.8251387;0.0546767988;1.02508644;0.75296818;0.00927480264;10;0.833333335;0;1.044444;1.00000396;1.00000428
21.543882;1.02511845;0.83668824;0.0104155293;0.816186976;0.0101605513;1.02824371;1.03964371;0.82516367;0.0547847427;1.02511953;0.753020143;0.00937476568;10;0.833333301;0;1.044444;1.00000394;1.00000432
21.553882;1.0251736;0.836781689;0.0106009109;0.816233984;0.0103409412;1.02835455;1.03971086;0.825201437;0.0549650504;1.02517453;0.753104026;0.00954155914;10;0.833333091;0;1.044444;1.00000375;1.0000043
21.554882;1.02517962;0.836790603;0.0106186713;0.81623786;0.0103582104;1.02836554;1.03971688;0.825205235;0.0549829007;1.02518051;0.753112011;0.00955753605;10;0.833333067;0;1.044444;1.00000273;1.0000033
21.566882;1.02524588;0.836896481;0.0108407474;0.816288188;0.0105742369;1.02849845;1.03979808;0.825244699;0.055197593;1.0252462;0.753206944;0.00975726797;10;0.833332894;0;1.044444;1.00000254;1.00000311
21.568882;1.02525692;0.836913195;0.0108785037;0.816295692;0.0106109626;1.02852045;1.0398111;0.825250417;0.0552332151;1.02525714;0.753221965;0.00979123105;10;0.833332885;0;1.044444;1.00000254;1.00000309
21.571882;1.02527396;0.836937708;0.0109340273;0.816306019;0.0106649449;1.02855348;1.03983112;0.825260197;0.05528663;1.02527405;0.753244002;0.00984118907;10;0.833332872;0;1.044444;1.00000255;1.00000308
21.573882;1.02528497;0.836954418;0.0109706741;0.816313535;0.0107005631;1.0285765;1.03984412;0.825265914;0.0553222654;1.02528499;0.753259025;0.00987417079;10;0.83333286;0;1.044444;1.00000257;1.00000307
21.574882;1.02529098;0.836963329;0.0109895538;0.816317439;0.0107189059;1.02858752;1.03985113;0.82526784;0.0553411276;1.02529096;0.753267036;0.00989116472;10;0.833332852;0;1.044444;1.00000158;1.00000207
21.576882;1.02530199;0.836978928;0.011026204;0.816323879;0.0107545144;1.02860956;1.03986413;0.825273555;0.0553767737;1.02530191;0.753281059;0.00992415866;10;0.833332836;0;1.044444;1.00000161;1.00000206
21.577882;1.02530799;0.83698784;0.011045086;0.816327787;0.0107728543;1.02862058;1.03987113;0.825276548;0.0553945733;1.02530788;0.753289071;0.00994115833;10;0.833332827;0;1.044444;1.00000163;1.00000205
21.583882;1.02534097;0.837035767;0.011155072;0.816348226;0.0108796752;1.02868775;1.03991109;0.825291804;0.0555004501;1.02534076;0.753332173;0.0100401756;10;0.83333276;0;1.044444;1.00000173;1.00000197
21.593882;1.025397;0.837112665;0.0113395313;0.816378557;0.0110588983;1.02879903;1.03997898;0.825312576;0.0556786546;1.02539678;0.753401424;0.0102061461;10;0.833332584;0;1.044444;1.00000169;1.00000179
21.594882;1.02540301;0.837119345;0.0113584238;0.816380286;0.0110772661;1.02881105;1.03998496;0.825314222;0.0556965131;1.0254028;0.753407448;0.0102231351;10;0.833332564;0;1.044444;1.00000067;1.00000077
21.598882;1.02542508;0.83714938;0.0114317823;0.816392036;0.0111486228;1.02885508;1.04001189;0.825321631;0.0557666952;1.02542488;0.753434523;0.0102890834;10;0.833332495;0;1.044444;1.00000061;1.00000073
21.602882;1.02544817;0.837178293;0.0115062742;0.816401909;0.011221086;1.02890006;1.04003882;0.825329041;0.0558379091;1.02544797;0.753460552;0.0103560252;10;0.833332444;0;1.044444;1.00000056;1.00000071
21.605882;1.02546525;0.837199418;0.0115607686;0.816408972;0.0112740875;1.02893305;1.04005977;0.825332667;0.055890197;1.02546502;0.753479542;0.010404979;10;0.83333242;0;1.044444;1.00000053;1.0000007
21.608882;1.02548234;0.837219424;0.011616374;0.816414953;0.0113281659;1.02896704;1.04007973;0.825337084;0.055943607;1.02548206;0.753497518;0.0104549387;10;0.833332404;0;1.044444;1.00000052;1.00000071
21.609882;1.02548837;0.83722609;0.011635278;0.816416682;0.011346547;1.02897805;1.04008672;0.825337935;0.0559603254;1.02548807;0.753503509;0.0104719279;10;0.833332401;0;1.044444;1.00000052;1.00000072
21.614882;1.02551649;0.837260493;0.0117264401;0.816428015;0.0114351992;1.02903409;1.04011972;0.825344828;0.0560483101;1.02551609;0.753534472;0.0105538861;10;0.83333239;0;1.044444;1.00000051;1.00000076
21.615882;1.02552252;0.837267143;0.0117453322;0.816429747;0.0114535677;1.0290451;1.04012673;0.825345671;0.0560661017;1.02552209;0.753540466;0.0105708789;10;0.83333239;0;1.044444;0.999999515;0.999999771
21.632882;1.02561946;0.837372112;0.0120573454;0.81645556;0.011756828;1.02923629;1.04024218;0.825359069;0.0563634691;1.02561905;0.753635314;0.0108516511;10;0.833332354;0;1.044444;0.999999436;0.999999724
21.633882;1.02562444;0.837378742;0.0120751096;0.816458077;0.0117740891;1.0292473;1.04024921;0.825358876;0.0563812623;1.02562405;0.753641298;0.0108676407;10;0.833332349;0;1.044444;0.999999424;0.999999711
21.635882;1.02563639;0.837389779;0.0121117514;0.81645935;0.0118096694;1.02927032;1.04026327;0.825359558;0.0564157841;1.02563607;0.753651265;0.0109006252;10;0.83333234;0;1.044444;0.999999395;0.999999687
21.636882;1.02564237;0.83739641;0.0121306294;0.816461068;0.0118280004;1.02928133;1.04027029;0.825359366;0.0564335805;1.02564207;0.753657248;0.0109176204;10;0.833332337;0;1.044444;0.999998378;0.999998675
21.637882;1.02564734;0.83740193;0.0121483974;0.8164625;0.0118452592;1.02929235;1.04027632;0.825359968;0.0564514319;1.02564708;0.753662231;0.0109336179;10;0.833332335;0;1.044444;0.999998361;0.999998663
21.639882;1.0256593;0.837412973;0.0121850477;0.81646377;0.0118808366;1.02931438;1.04029035;0.825360648;0.0564859589;1.0256591;0.753672197;0.0109666195;10;0.833332335;0;1.044444;0.999998326;0.999998641
21.649882;1.02571612;0.837468248;0.0123683225;0.816472487;0.0120587702;1.02942759;1.04035838;0.825360185;0.0566597172;1.02571625;0.753722022;0.0111317331;10;0.83333241;0;1.044444;0.999998275;0.999998523
21.653882;1.02573908;0.837488148;0.0124416422;0.816473611;0.0121299337;1.02947265;1.04038537;0.82535906;0.0567287588;1.02573931;0.753739937;0.0111977786;10;0.83333248;0;1.044444;0.999998317;0.999998489
21.657882;1.02576206;0.837509168;0.0125138748;0.816475812;0.0122000005;1.02951765;1.04041335;0.82535715;0.0567977038;1.02576233;0.753758824;0.011262797;10;0.833332572;0;1.044444;0.999998376;0.999998465
21.658882;1.02576806;0.837513593;0.0125327724;0.816475352;0.0122183253;1.02952865;1.04042035;0.82535694;0.0568154674;1.02576833;0.753762792;0.0112797999;10;0.833332598;0;1.044444;0.999997393;0.999997459
21.660882;1.02578005;0.837523565;0.0125694656;0.816475516;0.0122538911;1.02955163;1.04043335;0.825356245;0.0568499743;1.02578033;0.75377173;0.0113128073;10;0.83333265;0;1.044444;0.99999743;0.999997448
21.678882;1.02588419;0.837606957;0.012897737;0.816473897;0.0125718001;1.02975339;1.04055641;0.825338877;0.0571589652;1.02588418;0.753846345;0.0116080838;10;0.83333307;0;1.044444;0.999997864;0.999997635
21.680882;1.02589621;0.837614767;0.0129333456;0.816471937;0.0126062675;1.02977636;1.04057043;0.825336326;0.0571933914;1.02589617;0.753853318;0.011640102;10;0.833333088;0;1.044444;0.999997894;0.999997717
21.681882;1.02590222;0.83761923;0.0129522612;0.816471497;0.0126245851;1.02978734;1.04057744;0.825335049;0.0572100711;1.02590216;0.753857306;0.0116571075;10;0.833333093;0;1.044444;0.999996908;0.999996762
21.686882;1.02593126;0.837639361;0.013043513;0.816467908;0.012712954;1.02984423;1.04061152;0.825327309;0.0572956771;1.02593112;0.753875278;0.0117391015;10;0.833333092;0;1.044444;0.999996967;0.999997004
21.692882;1.02596631;0.837662911;0.0131525618;0.816462725;0.0128185993;1.02991109;1.04065258;0.825317223;0.057397992;1.02596604;0.753896308;0.0118370719;10;0.833333099;0;1.044444;0.999997047;0.999997262
21.694882;1.02597732;0.837670769;0.013188156;0.816461514;0.0128531109;1.02993404;1.04066659;0.825313603;0.0574313638;1.025977;0.753903335;0.0118690695;10;0.833333112;0;1.044444;0.999997075;0.999997327
21.696882;1.02598932;0.837678629;0.0132248506;0.8164595;0.0128886967;1.02995601;1.04068059;0.825309988;0.0574658026;1.02598897;0.753910366;0.0119020735;10;0.833333129;0;1.044444;0.9999971;0.999997379
21.702882;1.02602428;0.837699985;0.0133337602;0.81645207;0.0129943898;1.03002392;1.04072156;0.825297834;0.0575670573;1.0260239;0.753929467;0.0120001174;10;0.833333181;0;1.044444;0.999997135;0.999997473
21.703882;1.02603027;0.837703357;0.0133515324;0.816450519;0.0130116433;1.03003491;1.04072856;0.825295501;0.0575837509;1.0260299;0.753932486;0.0120161274;10;0.833333187;0;1.044444;0.999997134;0.999997483
21.704882;1.02603625;0.837706727;0.0133693025;0.816448968;0.0130288973;1.03004691;1.04073555;0.825294235;0.0576015139;1.02603589;0.753935506;0.0120321377;10;0.833333192;0;1.044444;0.999997132;0.999997492
21.705882;1.02604224;0.837710095;0.0133870709;0.816447418;0.013046152;1.0300579;1.04074254;0.825291902;0.0576182113;1.02604188;0.753938527;0.0120481483;10;0.833333195;0;1.044444;0.999996129;0.999996501
21.710882;1.02607115;0.837726914;0.0134781189;0.816440476;0.0131346088;1.03011489;1.04077648;0.825279948;0.0577028377;1.02607086;0.753953643;0.0121302098;10;0.833333186;0;1.044444;0.999996098;0.999996538
21.721882;1.0261359;0.83775935;0.0136768812;0.816420094;0.0133277188;1.03023895;1.04085235;0.825251702;0.0578887844;1.02613577;0.753982917;0.0123093633;10;0.833333097;0;1.044444;0.999996059;0.999996589
21.724882;1.02615385;0.837768257;0.0137301988;0.816414448;0.0133795117;1.03027298;1.04087235;0.82524437;0.057938973;1.02615374;0.753990984;0.0123573719;10;0.833333065;0;1.044444;0.999996051;0.999996573
21.729882;1.02618279;0.837780487;0.0138202002;0.816403309;0.0134669079;1.03032902;1.04090735;0.825229425;0.0580225178;1.02618273;0.754002082;0.0124383433;10;0.833332994;0;1.044444;0.999996046;0.999996508
21.730882;1.02618878;0.83778382;0.0138379827;0.816401784;0.0134841622;1.03034102;1.04091436;0.825226014;0.0580392217;1.02618873;0.7540051;0.0124543336;10;0.833332979;0;1.044444;0.99999505;0.999995489
21.742882;1.0262598;0.837811654;0.0140547503;0.816372215;0.0136943738;1.03047609;1.04099734;0.825187031;0.0582405582;1.02625999;0.754030361;0.0126492113;10;0.833332864;0;1.044444;0.999995218;0.999995195
21.744882;1.02627183;0.837815004;0.0140903308;0.816365888;0.0137288622;1.0304991;1.04101032;0.825181024;0.058273941;1.02627208;0.754033411;0.012681193;10;0.833332868;0;1.044444;0.999995258;0.999995144
21.747882;1.02628986;0.83782169;0.0141437018;0.816358038;0.013780597;1.03053312;1.04103127;0.825169755;0.0583239131;1.02629022;0.754039479;0.0127291686;10;0.833332892;0;1.044444;0.999995323;0.999995074
21.748882;1.02629587;0.837823918;0.0141614908;0.816355427;0.0137978425;1.03054413;1.04103824;0.825166354;0.0583394986;1.02629627;0.7540415;0.012745161;10;0.833332904;0;1.044444;0.999995345;0.999995053
21.755882;1.02633684;0.837836172;0.0142870881;0.816334743;0.0139196627;1.03062317;1.04108606;0.825140105;0.0584560725;1.02633756;0.754052618;0.012858133;10;0.833333017;0;1.044444;0.999995493;0.999994937
21.756882;1.02634283;0.837837286;0.0143048658;0.816331063;0.013936911;1.03063517;1.04109304;0.825136691;0.0584727143;1.0263436;0.754053632;0.0128741348;10;0.833333031;0;1.044444;0.999994514;0.999993924
21.767882;1.02640863;0.837853972;0.0145014519;0.81629502;0.0141277934;1.03075909;1.04116888;0.82509231;0.0586537738;1.02640985;0.754068678;0.0130511758;10;0.833333002;0;1.044444;0.999994667;0.999993882
21.769882;1.0264206;0.837857312;0.0145380941;0.816288777;0.0141633875;1.03078205;1.04118287;0.825083303;0.0586870896;1.02642186;0.754071664;0.0130841691;10;0.833332953;0;1.044444;0.99999468;0.999993891
21.771882;1.02643157;0.837859536;0.0145736281;0.816282248;0.0141979102;1.030804;1.04119686;0.825074296;0.0587204093;1.02643285;0.754073642;0.0131161556;10;0.833332894;0;1.044444;0.999994692;0.999993904
21.781882;1.02649161;0.837870536;0.0147513581;0.816245584;0.0143704526;1.03091783;1.04126576;0.825030083;0.0588839241;1.02649271;0.754083467;0.0132760178;10;0.833332514;0;1.044444;0.999994721;0.999994076
21.782882;1.02649762;0.837870514;0.0147691353;0.816240831;0.0143877062;1.03092882;1.04127275;0.825025588;0.0589005978;1.02649869;0.754083449;0.0132920006;10;0.833332474;0;1.044444;0.999994721;0.999994102
21.783882;1.02650364;0.837871603;0.014786913;0.816237158;0.0144049589;1.03093981;1.04127974;0.825020027;0.0589172736;1.02650468;0.754084431;0.0133079838;10;0.833332436;0;1.044444;0.99999372;0.99999313
21.785882;1.02651567;0.83787378;0.0148224704;0.816229808;0.0144394617;1.0309628;1.04129372;0.825011047;0.0589495655;1.02651666;0.7540864;0.0133399514;10;0.833332367;0;1.044444;0.999993719;0.999993188
21.788882;1.02653371;0.837875942;0.0148758146;0.816217692;0.0144912085;1.03099678;1.04131469;0.824996526;0.0589985563;1.02653462;0.75408836;0.013387905;10;0.833332288;0;1.044444;0.999993718;0.999993274
21.801882;1.02661178;0.837882513;0.0151059794;0.816162299;0.0147142511;1.03114367;1.04140436;0.824930725;0.0592114001;1.02661249;0.754094273;0.0135946658;10;0.833332262;0;1.044444;0.999993659;0.999993456
21.810882;1.02666576;0.837883568;0.0152660531;0.816120574;0.0148693032;1.03124453;1.04146617;0.824883858;0.0593574769;1.02666649;0.754095243;0.0137384895;10;0.833332441;0;1.044444;0.999993554;0.999993408
21.811882;1.02667176;0.837883555;0.0152838251;0.816115813;0.0148865267;1.03125651;1.04147315;0.824878316;0.0593731022;1.02667249;0.754095238;0.0137544743;10;0.833332465;0;1.044444;0.999992542;0.9999924
21.820882;1.02672576;0.837883401;0.0154414694;0.816072901;0.015039393;1.03135746;1.04153502;0.824828079;0.0595189857;1.02672644;0.754095246;0.0138964151;10;0.833332712;0;1.044444;0.999992461;0.999992392
21.826882;1.02676179;0.83788109;0.0155480019;0.81604209;0.0151427597;1.03142545;1.04157701;0.824792588;0.0596157627;1.02676239;0.754093321;0.0139924306;10;0.833332884;0;1.044444;0.999992431;0.999992519
21.837882;1.02682794;0.837875469;0.01574007;0.815984301;0.0153290218;1.03155037;1.04165313;0.824725893;0.0597916121;1.02682835;0.754088528;0.0141655533;10;0.833333129;0;1.044444;0.999992556;0.999992732
21.841882;1.02685202;0.8378721;0.0158112064;0.815962045;0.0153979307;1.03159531;1.04168121;0.824700514;0.0598550705;1.02685235;0.754085576;0.0142296322;10;0.8333332;0;1.044444;0.999992628;0.999992725
21.842882;1.02685904;0.837870977;0.0158278845;0.815955415;0.0154140588;1.0316063;1.04168823;0.824693903;0.0598717377;1.02685935;0.754084583;0.0142446548;10;0.833333214;0;1.044444;0.999991643;0.999991717
21.844882;1.02687108;0.837869842;0.0158634673;0.815944822;0.015448506;1.03162925;1.04170228;0.82468175;0.0599029393;1.02687134;0.754083594;0.0142767038;10;0.833333237;0;1.044444;0.999991667;0.999991693
21.856882;1.02694324;0.837857633;0.0160736932;0.815875754;0.0156518665;1.0317641;1.04178547;0.824603221;0.0600944834;1.02694332;0.754072654;0.0144660735;10;0.833333311;0;1.044444;0.999991627;0.999991455
21.860882;1.02696728;0.837852133;0.0161426587;0.815851223;0.0157185603;1.03180916;1.04181348;0.824575735;0.0601579504;1.02696734;0.754067691;0.0145281797;10;0.833333345;0;1.044444;0.999991566;0.999991384
21.867882;1.02700933;0.837843293;0.0162650274;0.815809041;0.0158369235;1.03188842;1.04186149;0.824528146;0.060268248;1.02700937;0.754059781;0.0146383343;10;0.833333379;0;1.044444;0.999991426;0.999991277
21.870882;1.02702832;0.837838846;0.0163173264;0.815789557;0.015887477;1.03192256;1.0418825;0.824507246;0.0603150113;1.02702838;0.75405582;0.0146853807;10;0.83333336;0;1.044444;0.999991358;0.999991239
21.874882;1.02705228;0.837832174;0.0163874272;0.815763937;0.0159552435;1.03196776;1.04191056;0.824478666;0.0603784146;1.02705238;0.754049855;0.0147484227;10;0.833333301;0;1.044444;0.999991263;0.999991185
21.875882;1.02705827;0.837829953;0.0164041173;0.815756995;0.0159713725;1.03197881;1.04191758;0.824470986;0.0603939986;1.02705838;0.754047861;0.0147634303;10;0.833333282;0;1.044444;0.999990238;0.999990171
21.876882;1.02706426;0.837828843;0.0164219176;0.815751135;0.0159885833;1.03198985;1.0419246;0.824463305;0.060409583;1.02706437;0.754046865;0.0147794371;10;0.833333262;0;1.044444;0.999990212;0.999990157
21.886882;1.02712417;0.837811078;0.0165954048;0.815686102;0.0161563736;1.03210322;1.04199378;0.824390435;0.0605665639;1.02712423;0.754030874;0.0149355267;10;0.833333034;0;1.044444;0.999989925;0.999989988
21.891882;1.02715516;0.837801087;0.01668096;0.815651737;0.0162391588;1.0321593;1.04202784;0.824353839;0.0606445503;1.02715515;0.754021868;0.0150125978;10;0.833332946;0;1.044444;0.999989774;0.999989876
21.893882;1.02716715;0.837796645;0.0167165012;0.815637882;0.0162735786;1.03218131;1.04204186;0.824338462;0.0606757222;1.02716712;0.75401786;0.0150446301;10;0.833332918;0;1.044444;0.999989714;0.999989828
21.909882;1.02726412;0.837760006;0.0169919072;0.815525328;0.0165402835;1.03236122;1.0421528;0.824213365;0.0609242418;1.02726389;0.753984466;0.0152927355;10;0.833333003;0;1.044444;0.999989593;0.999989654
21.910882;1.02727013;0.837757786;0.0170085596;0.81551842;0.0165564077;1.03237221;1.0421598;0.824205715;0.060939843;1.02726989;0.753982431;0.0153077301;10;0.833333021;0;1.044444;0.999989609;0.999989658
21.911882;1.02727614;0.837754453;0.0170252106;0.815510432;0.0165725318;1.0323832;1.0421668;0.824198064;0.0609554443;1.02727589;0.753979397;0.0153227234;10;0.833333041;0;1.044444;0.999988627;0.999988664
21.918882;1.02731821;0.837736656;0.0171462034;0.815459964;0.016689727;1.03246213;1.04221481;0.824142081;0.0610636225;1.02731795;0.753963225;0.0154316637;10;0.833333209;0;1.044444;0.999988766;0.999988747
21.925882;1.02736127;0.837716645;0.0172649679;0.815406515;0.016804741;1.03254007;1.04226292;0.824085009;0.0611706831;1.02736103;0.753945194;0.0155386208;10;0.833333362;0;1.044444;0.999988905;0.999988891
21.934882;1.02741528;0.837691166;0.017419185;0.815338833;0.016954139;1.03264105;1.04232513;0.824009468;0.0613088545;1.02741509;0.753922293;0.0156775599;10;0.833333431;0;1.044444;0.999989026;0.999989003
21.939882;1.02744527;0.837675658;0.0175034692;0.815299846;0.0170357953;1.03269706;1.04236019;0.823965885;0.0613846118;1.02744509;0.75390834;0.0157534505;10;0.833333484;0;1.044444;0.99998906;0.999988989
21.942882;1.02746425;0.837665672;0.0175545062;0.815274989;0.0170852111;1.03273007;1.0423802;0.823940522;0.0614314078;1.02746407;0.753899364;0.0157993722;10;0.833333537;0;1.044444;0.999989062;0.999988959
21.943882;1.02747023;0.837662341;0.0175722649;0.815266965;0.017102412;1.03274107;1.04238719;0.823931805;0.0614459223;1.02747006;0.753896373;0.0158153466;10;0.833333557;0;1.044444;0.999989059;0.999988945
21.945882;1.0274822;0.837655681;0.0176055688;0.815250914;0.0171346567;1.03276408;1.04240119;0.823914372;0.0614760196;1.02748203;0.753890393;0.015845298;10;0.833333601;0;1.044444;0.999989047;0.999988913
21.949882;1.02750613;0.837642351;0.0176733224;0.815218805;0.0172002527;1.03280809;1.04242919;0.82387951;0.0615372806;1.02750597;0.753878448;0.0159062144;10;0.833333691;0;1.044444;0.999989;0.999988839
21.950882;1.02751211;0.837639015;0.0176899913;0.815210777;0.0172163844;1.03281909;1.04243619;0.823870795;0.0615528592;1.02751195;0.753875462;0.0159211975;10;0.833333712;0;1.044444;0.999987986;0.99998782
21.966882;1.02760902;0.837582189;0.0179613148;0.815078307;0.0174787811;1.03299717;1.04254631;0.823727597;0.0617934449;1.02760867;0.753824586;0.0161650194;10;0.833333845;0;1.044444;0.999987816;0.9999877
21.977882;1.02767605;0.837541073;0.0181469148;0.814985082;0.017658557;1.03312005;1.04262147;0.823626731;0.0619591658;1.02767547;0.753787669;0.0163318684;10;0.833333896;0;1.044444;0.999987941;0.999987961
21.985882;1.02772409;0.837508888;0.0182812731;0.814915758;0.0177888335;1.03320797;1.04267649;0.823551154;0.0620782767;1.02772342;0.753758652;0.0164528192;10;0.833333865;0;1.044444;0.999988123;0.999988188
21.988882;1.02774214;0.837496687;0.0183312149;0.814889659;0.017837238;1.03324197;1.04269649;0.823523565;0.0621228652;1.02774143;0.753747621;0.0164978037;10;0.833333819;0;1.044444;0.999988192;0.99998822
21.995882;1.02778531;0.837466807;0.0184477383;0.81482654;0.0179500655;1.03331898;1.04274442;0.823455609;0.0622265015;1.02778451;0.753720516;0.0166027584;10;0.833333662;0;1.044444;0.999988317;0.999988186
21.996882;1.02779134;0.837462385;0.0184643863;0.814817484;0.0179661711;1.03332998;1.0427514;0.823445783;0.0622409956;1.02779052;0.753716496;0.0166177491;10;0.833333636;0;1.044444;0.999987326;0.999987171
22.006882;1.02785171;0.837419299;0.0186309041;0.814728005;0.0181270735;1.03344;1.0428192;0.823349183;0.0623891905;1.02785078;0.753677272;0.0167676177;10;0.833333405;0;1.044444;0.999987235;0.999986961
22.016882;1.02791194;0.837373903;0.0187974507;0.814636199;0.018287914;1.03355105;1.042888;0.823248908;0.0625362299;1.02791102;0.753636124;0.0169175202;10;0.833333247;0;1.044444;0.999987044;0.999986848
22.017882;1.02791894;0.837369466;0.0188129946;0.814626321;0.0183029012;1.03356205;1.04289398;0.823239927;0.0625507864;1.02791804;0.753632114;0.0169315127;10;0.833333234;0;1.044444;0.999987029;0.99998685
22.029882;1.02799073;0.837312774;0.0190117044;0.81451394;0.0184948583;1.03369419;1.04297583;0.823118992;0.0627261197;1.0279901;0.753580995;0.0171104616;10;0.833333024;0;1.044444;0.999986884;0.999986975
22.031882;1.02800265;0.837302763;0.0190450057;0.814494669;0.0185270194;1.03371622;1.04298982;0.823098409;0.0627551628;1.02800208;0.753571986;0.0171404702;10;0.833332977;0;1.044444;0.999986876;0.999987004
22.032882;1.02800861;0.837297202;0.0190616575;0.814484495;0.0185430979;1.03372624;1.04299582;0.823088375;0.0627708099;1.02800806;0.753566985;0.0171554773;10;0.833332955;0;1.044444;0.999986873;0.999987019
22.041882;1.02806228;0.837252689;0.0192093611;0.814398384;0.0186856414;1.03382543;1.04305781;0.822996002;0.0629015053;1.02806195;0.753527048;0.0172886376;10;0.833332781;0;1.044444;0.999986872;0.999987108
22.049882;1.02811012;0.837211548;0.0193405037;0.814320304;0.0188121949;1.03391355;1.04311182;0.822913044;0.0630165375;1.02810983;0.753490105;0.0174067734;10;0.833332686;0;1.044444;0.999986914;0.999987137
22.050882;1.0281161;0.837207102;0.0193571816;0.814311223;0.0188282941;1.03392356;1.04311882;0.822902203;0.0630310255;1.02811581;0.753486105;0.0174217772;10;0.833332685;0;1.044444;0.999985924;0.99998614
22.055882;1.02814609;0.837180401;0.0194383763;0.81426151;0.0189066583;1.03397856;1.04315179;0.822850613;0.0631035798;1.0281457;0.753462077;0.0174947535;10;0.833332708;0;1.044444;0.999985996;0.999986135
22.057882;1.02815811;0.837170372;0.0194717549;0.814242283;0.0189388749;1.03400054;1.04316578;0.822828905;0.0631325549;1.02815766;0.753453055;0.0175247278;10;0.833332726;0;1.044444;0.99998603;0.999986118
22.060882;1.02817613;0.837153645;0.0195207195;0.814211836;0.0189861158;1.03403351;1.04318576;0.822797112;0.0631750147;1.02817561;0.753438016;0.0175686762;10;0.833332757;0;1.044444;0.999986077;0.999986071
22.066882;1.02821217;0.837121251;0.0196186568;0.81415207;0.0190805951;1.03409842;1.04322673;0.822732691;0.0632609343;1.02821156;0.75340895;0.0176565613;10;0.833332788;0;1.044444;0.999986132;0.999985914
22.074882;1.02826025;0.837077667;0.0197488478;0.814072015;0.0192062494;1.03418533;1.04327977;0.822647051;0.0633759309;1.02825952;0.7533699;0.017773474;10;0.833332751;0;1.044444;0.999986078;0.999985654
22.082882;1.02830831;0.837031972;0.0198779364;0.81398978;0.0193307617;1.03427227;1.04333386;0.822560641;0.0634886408;1.02830749;0.753328877;0.0178895073;10;0.833332753;0;1.044444;0.999985957;0.999985471
22.085882;1.0283263;0.837015289;0.0199269014;0.813959355;0.0193779528;1.03430426;1.04335391;0.822527737;0.0635320884;1.0283255;0.753313867;0.0179335489;10;0.833332784;0;1.044444;0.999985918;0.999985458
22.088882;1.02834427;0.836998616;0.0199747399;0.81392893;0.0194240394;1.03433623;1.04337495;0.82249403;0.0635744011;1.02834352;0.753298841;0.0179766053;10;0.833332827;0;1.044444;0.999985878;0.99998548
22.102882;1.02842782;0.836916488;0.0202003013;0.813782509;0.0196415249;1.03448799;1.04346794;0.822339322;0.0637709142;1.02842757;0.753224596;0.0181799308;10;0.83333305;0;1.044444;0.999985708;0.999985868
22.106882;1.02845068;0.836893211;0.0202646491;0.813741603;0.0197036981;1.03453093;1.04349485;0.822294552;0.0638267518;1.02845055;0.753203574;0.0182380402;10;0.833333061;0;1.044444;0.999985661;0.999985984
22.111882;1.02848055;0.836863283;0.0203444587;0.813688669;0.0197808652;1.03458389;1.04352773;0.822239769;0.0638970927;1.02848051;0.753176598;0.0183101685;10;0.833333027;0;1.044444;0.999985566;0.999986113
22.114882;1.02849849;0.836845543;0.020392098;0.813657122;0.019826951;1.03461689;1.04354767;0.822205911;0.063939487;1.02849848;0.753160629;0.0183532342;10;0.833332994;0;1.044444;0.999985485;0.99998618
22.121882;1.02854039;0.836802278;0.0205028619;0.813581716;0.0199340943;1.03469199;1.0435946;0.822126321;0.0640366165;1.02854046;0.753121725;0.0184533509;10;0.833332916;0;1.044444;0.999985297;0.999986313
22.122882;1.02854538;0.836796729;0.0205183692;0.813572354;0.0199491074;1.034702;1.0436016;0.822114425;0.0640500211;1.02854547;0.75311674;0.0184673606;10;0.833332911;0;1.044444;0.999984276;0.999985329
22.139882;1.02864643;0.836689934;0.0207880136;0.813388755;0.0202095317;1.03488401;1.04371379;0.821922085;0.064285859;1.02864684;0.753020808;0.0187102586;10;0.833333108;0;1.044444;0.999984159;0.999985276
22.148882;1.02869962;0.836633124;0.0209293122;0.813291889;0.0203458407;1.0349789;1.0437739;0.821818627;0.0644089569;1.02869999;0.752969697;0.0188371197;10;0.833333187;0;1.044444;0.999984067;0.999985041
22.149882;1.02870565;0.836626445;0.0209460099;0.813280684;0.0203619431;1.03498989;1.04377991;0.821807542;0.0644224498;1.028706;0.75296368;0.0188521049;10;0.833333186;0;1.044444;0.999984054;0.999985007
22.155882;1.02874085;0.836587498;0.0210395441;0.813215341;0.0204520859;1.03505384;1.04381993;0.821737886;0.0645053196;1.02874099;0.75292857;0.0189360109;10;0.833333115;0;1.044444;0.999983985;0.999984796
22.156882;1.02874688;0.836580825;0.0210562443;0.813204141;0.0204681871;1.03506384;1.04382593;0.821726801;0.064518821;1.02874698;0.752922553;0.0189509947;10;0.833333094;0;1.044444;0.999983977;0.999984764
22.165882;1.02880017;0.836521969;0.0211965343;0.813105199;0.0206034283;1.03515883;1.0438859;0.821621203;0.0646409919;1.02879993;0.752869407;0.019076876;10;0.833332878;0;1.044444;0.999984001;0.999984622
22.177882;1.02887135;0.836442148;0.0213834703;0.812971467;0.0207837175;1.03528587;1.04396387;0.82148117;0.0648044477;1.02887093;0.752797399;0.0192447995;10;0.833332636;0;1.044444;0.999984378;0.999984672
22.191882;1.02895215;0.83634783;0.0216014208;0.812815492;0.0209939991;1.0354319;1.04405487;0.821315828;0.0649923154;1.02895183;0.75271263;0.0194408059;10;0.833332387;0;1.044444;0.999984668;0.999984454
22.194882;1.02897011;0.836327844;0.0216469898;0.812781776;0.0210379314;1.03546388;1.0440749;0.821279851;0.0650325373;1.02896979;0.752694674;0.0194818397;10;0.833332333;0;1.044444;0.999984695;0.999984417
22.198882;1.02899305;0.836300072;0.0217092435;0.812736547;0.0210979422;1.03550582;1.04410095;0.821232747;0.0650851525;1.02899275;0.752669721;0.019537893;10;0.833332288;0;1.044444;0.999984715;0.999984403
22.199882;1.02899903;0.836293407;0.0217236975;0.812725317;0.0211118552;1.0355158;1.04410697;0.821221626;0.0650986059;1.02899873;0.75266373;0.0195509075;10;0.833332284;0;1.044444;0.999984717;0.999984407
22.208882;1.02905082;0.836231244;0.0218626969;0.812623716;0.0212456923;1.03560964;1.04416609;0.821113298;0.0652183304;1.02905066;0.75260782;0.0196760782;10;0.833332323;0;1.044444;0.999984732;0.99998455
22.212882;1.02907373;0.836203484;0.0219238669;0.812578558;0.0213045468;1.03565059;1.04419114;0.821065871;0.0652709732;1.02907365;0.752582857;0.0197311823;10;0.833332362;0;1.044444;0.999984745;0.999984649
22.231882;1.02918359;0.836069151;0.0222129818;0.812361489;0.0215823878;1.03584763;1.04431443;0.820837019;0.0655211936;1.02918364;0.752461796;0.0199914041;10;0.83333252;0;1.044444;0.999984783;0.999985021
22.232882;1.02918959;0.836062495;0.0222285372;0.812350306;0.0215973477;1.03585764;1.04432045;0.820825929;0.0655335672;1.02918965;0.752455794;0.0200053964;10;0.833332524;0;1.044444;0.999984791;0.99998503
22.240882;1.02923567;0.836005873;0.0223484782;0.812259186;0.0217128132;1.03593974;1.04437163;0.820729645;0.0656388309;1.02923565;0.75240481;0.0201132916;10;0.833332587;0;1.044444;0.999984898;0.999985111
22.242882;1.0292467;0.835991428;0.0223795503;0.812236531;0.0217427878;1.03596077;1.04438467;0.820705664;0.065664619;1.02924665;0.752391827;0.0201412588;10;0.833332614;0;1.044444;0.999984931;0.999985132
22.247882;1.02927579;0.835955874;0.0224538532;0.812179235;0.0218145004;1.03601181;1.04441675;0.820644509;0.0657296846;1.02927566;0.752359908;0.0202081753;10;0.833332693;0;1.044444;0.999985023;0.999985165
22.252882;1.02930391;0.835919205;0.0225292312;0.812121586;0.0218873918;1.03606281;1.04444878;0.820584394;0.0657948085;1.02930367;0.752327027;0.0202761019;10;0.833332796;0;1.044444;0.999985129;0.999985181
22.267882;1.02939026;0.835810174;0.0227533363;0.811947648;0.0221038039;1.03621471;1.04454369;0.820402404;0.0659882825;1.02938971;0.752229342;0.02047794;10;0.833333128;0;1.044444;0.99998541;0.999985342
22.272882;1.02941834;0.835774487;0.0228277564;0.811890832;0.0221754766;1.03626572;1.0445746;0.820342872;0.066052357;1.02941769;0.752197396;0.0205449196;10;0.833333152;0;1.044444;0.999985375;0.99998538
22.276882;1.02944141;0.835744375;0.0228866583;0.811843391;0.0222320935;1.03630673;1.04459951;0.820294447;0.06610395;1.0294407;0.752170436;0.0205979119;10;0.833333127;0;1.044444;0.999985309;0.999985365
22.288882;1.02950842;0.83565651;0.0230645606;0.811704915;0.0224028764;1.0364267;1.04467506;0.820147428;0.0662563346;1.02950778;0.752091492;0.0207579588;10;0.833332963;0;1.044444;0.999985152;0.999985094
22.291882;1.02952536;0.835634335;0.0231079477;0.811669867;0.0224444885;1.0364577;1.04469291;0.820112009;0.0662944704;1.02952481;0.752071496;0.0207970098;10;0.833332907;0;1.044444;0.999985155;0.999985021
22.296882;1.02955326;0.835597759;0.0231813828;0.811612107;0.0225149817;1.03650772;1.04472466;0.820049658;0.0663571677;1.02955283;0.752038498;0.0208631221;10;0.8333328;0;1.044444;0.999985185;0.999984944
22.308882;1.02962014;0.835509036;0.0233569752;0.811472939;0.0226840382;1.03662789;1.04479818;0.819904452;0.0665074391;1.02961981;0.751958525;0.0210213336;10;0.833332597;0;1.044444;0.999985193;0.999984987
22.310882;1.02963214;0.83549462;0.0233869466;0.811449462;0.0227129466;1.03664693;1.04481112;0.819879374;0.0665331619;1.0296318;0.751945534;0.0210483375;10;0.833332597;0;1.044444;0.999985186;0.99998502
22.317882;1.02967014;0.835442509;0.0234879732;0.811368815;0.022810457;1.03671704;1.04485397;0.819794635;0.0666207413;1.02966969;0.751898555;0.0211393024;10;0.833332658;0;1.044444;0.999985155;0.999985164
22.320882;1.02968715;0.83542034;0.0235324011;0.81133385;0.0228533041;1.03674708;1.04487195;0.81975926;0.0666578845;1.02968664;0.751878558;0.0211792708;10;0.8333327;0;1.044444;0.999985135;0.999985223
22.321882;1.02969314;0.835412579;0.0235468423;0.811321576;0.022867216;1.0367571;1.04487894;0.819746328;0.0666702058;1.02969263;0.751871558;0.0211922575;10;0.833332715;0;1.044444;0.999985129;0.99998524
22.333882;1.02975899;0.835322663;0.0237201376;0.811182261;0.0230341415;1.03687509;1.04495217;0.819600811;0.0668187886;1.0297586;0.751790451;0.0213480307;10;0.833332822;0;1.044444;0.999985209;0.999985366
22.346882;1.02983066;0.835225871;0.0239056569;0.811031417;0.0232127503;1.03700301;1.04503248;0.819442294;0.0669798114;1.02983057;0.751703271;0.0215149771;10;0.833332789;0;1.044444;0.999985273;0.999985187
22.355882;1.02987952;0.835157985;0.0240344913;0.810926939;0.0233368837;1.03709008;1.04508665;0.819332909;0.0670904206;1.02987955;0.751642224;0.0216310373;10;0.833332764;0;1.044444;0.999985081;0.99998481
22.356882;1.02988451;0.835151308;0.0240489272;0.810916528;0.0233508071;1.03710009;1.04509367;0.819321039;0.0671017018;1.02988454;0.751636214;0.0216440399;10;0.83333276;0;1.044444;0.99998505;0.999984777
22.357882;1.0298905;0.835143522;0.024063363;0.810904252;0.0233647078;1.03711011;1.04509969;0.81930889;0.0671141108;1.02989054;0.751629203;0.0216570417;10;0.833332757;0;1.044444;0.999985018;0.999984748
22.372882;1.02997249;0.835031409;0.0242754781;0.810730812;0.0235689808;1.03725538;1.04518988;0.81912778;0.0672970603;1.02997266;0.751527962;0.0218481038;10;0.83333273;0;1.044444;0.999984677;0.999984674
22.384882;1.03003647;0.834941419;0.0244444069;0.81059298;0.0237315465;1.03737145;1.04526206;0.818982144;0.0674413388;1.03003669;0.75144698;0.0220002605;10;0.833332816;0;1.044444;0.99998485;0.999984989
22.389882;1.03006342;0.834903594;0.0245133369;0.810535026;0.023797832;1.03741848;1.04529215;0.818922548;0.0675020877;1.03006361;0.751413035;0.0220623023;10;0.833332869;0;1.044444;0.999984962;0.999985152
22.391882;1.03007439;0.834889136;0.0245422293;0.810512339;0.0238256431;1.0374385;1.04530418;0.818898284;0.0675257537;1.03007457;0.751400059;0.022088312;10;0.833332885;0;1.044444;0.999985004;0.999985212
22.397882;1.03010631;0.834843566;0.0246255181;0.810442915;0.0239058814;1.03749558;1.04534021;0.818825477;0.0675967649;1.03010643;0.751359098;0.0221633225;10;0.833332921;0;1.044444;0.999985092;0.999985343
22.410882;1.03017614;0.834746977;0.0248053471;0.810294014;0.0240790396;1.03761865;1.04541601;0.818670184;0.0677512824;1.03017635;0.75127199;0.0223252372;10;0.833332906;0;1.044444;0.999985029;0.99998529
22.419882;1.03022318;0.83468017;0.0249297565;0.810192384;0.024198746;1.03770367;1.04546885;0.818562582;0.0678572893;1.03022351;0.751211994;0.0224370441;10;0.833332894;0;1.044444;0.999985016;0.999985055
22.420882;1.0302292;0.834672365;0.0249430911;0.810180129;0.0242115561;1.03771368;1.04547485;0.818550422;0.067869651;1.03022954;0.751205001;0.0224490147;10;0.833332895;0;1.044444;0.999985022;0.999985036
22.425882;1.03025531;0.834634438;0.0250119984;0.8101231;0.0242778806;1.03776068;1.04550384;0.818491481;0.0679283486;1.03025572;0.751171032;0.022510854;10;0.833332887;0;1.044444;0.999985067;0.999984984
22.431882;1.03028745;0.834589822;0.025093158;0.810054936;0.0243559455;1.03781665;1.04553985;0.818419638;0.0679983092;1.03028793;0.751131051;0.0225836754;10;0.833332869;0;1.044444;0.99998513;0.999984969
22.439882;1.03032958;0.83453078;0.0252031785;0.809964913;0.0244617492;1.03789053;1.04558584;0.818325214;0.068090968;1.03033014;0.751078046;0.022682503;10;0.833332847;0;1.044444;0.999985235;0.999984947
22.451882;1.03039162;0.834442054;0.0253653356;0.809829841;0.0246176977;1.03800231;1.04565484;0.818184299;0.0682296971;1.03039211;0.750998138;0.0228283469;10;0.833332833;0;1.044444;0.999985365;0.999984941
22.458882;1.03042765;0.834391089;0.0254597024;0.809751826;0.0247084858;1.03806617;1.04569584;0.818101303;0.068310709;1.03042803;0.750952167;0.0229134019;10;0.833332829;0;1.044444;0.99998534;0.999984953
22.464882;1.03045873;0.834346747;0.0255396272;0.809684275;0.0247853651;1.03812101;1.04572988;0.818031149;0.0683794594;1.03045897;0.750912208;0.0229855403;10;0.833332791;0;1.044444;0.999985294;0.999984946
22.469882;1.03048484;0.834310157;0.0256062502;0.809628242;0.0248494351;1.03816682;1.04575891;0.817972329;0.0684358661;1.03048491;0.750879267;0.0230456843;10;0.833332768;0;1.044444;0.999985281;0.999984906
22.472882;1.03050092;0.834287977;0.0256462415;0.809594098;0.0248878738;1.03819471;1.04577592;0.81793778;0.0684697762;1.03050088;0.750859305;0.0230817797;10;0.833332763;0;1.044444;0.999985286;0.999984873
22.475882;1.03051599;0.83426579;0.0256862446;0.809560741;0.0249263439;1.03822161;1.04579293;0.817903237;0.0685047767;1.03051585;0.750839344;0.0231178734;10;0.833332758;0;1.044444;0.999985302;0.999984835
22.480882;1.03054208;0.834230278;0.0257529364;0.809505794;0.0249904594;1.0382675;1.04582096;0.817845229;0.0685613943;1.03054184;0.750807403;0.0231780227;10;0.833332752;0;1.044444;0.999985355;0.999984778
22.484882;1.03056211;0.8342003;0.0258062976;0.809460957;0.0250417858;1.03830347;1.045844;0.817798568;0.0686066547;1.03056186;0.750780439;0.0232261339;10;0.833332762;0;1.044444;0.999985403;0.999984733
22.491882;1.03059812;0.834150304;0.0258985443;0.809384161;0.0251305283;1.03836648;1.04588304;0.817718152;0.068685955;1.03059789;0.750735449;0.0233092797;10;0.833332827;0;1.044444;0.999985437;0.999984615
22.498882;1.03063313;0.83409918;0.0259907413;0.809307147;0.0252193228;1.03842956;1.04592205;0.81763775;0.0687641602;1.03063284;0.750689401;0.023392345;10;0.833332933;0;1.044444;0.99998533;0.999984486
22.504882;1.03066315;0.83405579;0.0260684851;0.809241678;0.025294158;1.03848364;1.04595602;0.817568684;0.0688309565;1.03066277;0.750650376;0.0234623289;10;0.833333049;0;1.044444;0.999985168;0.999984423
22.505882;1.03066814;0.834049107;0.0260818093;0.809231311;0.0253069821;1.03849265;1.04596201;0.817557619;0.0688422418;1.03066776;0.750644376;0.0234743212;10;0.833333069;0;1.044444;0.999986143;0.99998542
22.510882;1.03069413;0.834013462;0.0261473056;0.809176538;0.0253699494;1.03853771;1.04598897;0.817500383;0.068897808;1.03069369;0.750612376;0.0235332756;10;0.833333159;0;1.044444;0.999986041;0.999985432
22.513882;1.03070912;0.833991189;0.0261861481;0.809143275;0.0254072652;1.03856472;1.04600595;0.817466906;0.0689317476;1.03070865;0.750592358;0.0235682408;10;0.833333209;0;1.044444;0.999985996;0.999985454
22.523882;1.03075818;0.833919964;0.0263159628;0.809036009;0.0255318942;1.03865268;1.04606085;0.817353932;0.0690429253;1.03075762;0.7505282;0.023685135;10;0.833333316;0;1.044444;0.999985892;0.999985564
22.530882;1.03079329;0.833871083;0.0264058426;0.808961134;0.0256181857;1.03871463;1.04609977;0.817274798;0.0691200693;1.03079275;0.750484012;0.0237660816;10;0.83333335;0;1.044444;0.999985832;0.999985669
22.533882;1.03080835;0.833850008;0.0264446826;0.808928879;0.025655497;1.03874162;1.04611573;0.817241141;0.0691530165;1.03080781;0.750464915;0.02380105;10;0.833333355;0;1.044444;0.999985815;0.99998572
22.541882;1.03084848;0.83379349;0.0265468316;0.808842553;0.0257535599;1.03881166;1.04615967;0.817151722;0.069240386;1.0308479;0.750413621;0.0238929651;10;0.833333294;0;1.044444;0.999985775;0.999985912
22.544882;1.0308625;0.833772418;0.0265846077;0.808811116;0.0257898212;1.0388377;1.04617668;0.817118327;0.0692732491;1.03086188;0.750394518;0.0239269449;10;0.833333279;0;1.044444;0.999985759;0.999985994
22.549882;1.03088746;0.833738003;0.0266490866;0.808758124;0.0258516696;1.03888174;1.04620371;0.817062298;0.0693277692;1.03088684;0.750363395;0.0239849404;10;0.83333332;0;1.044444;0.999985717;0.999986099
22.551882;1.03089744;0.833723557;0.026673561;0.808736272;0.0258751187;1.03889875;1.04621473;0.817041001;0.0693493491;1.03089682;0.750350368;0.0240069551;10;0.833333361;0;1.044444;0.999985691;0.999986126
22.556882;1.03092137;0.833689069;0.0267381323;0.808684013;0.0259370083;1.03894275;1.04624181;0.816985984;0.0694027857;1.0309208;0.75031934;0.0240650141;10;0.833333488;0;1.044444;0.99998561;0.999986161
22.571882;1.03099434;0.833585483;0.0269274669;0.808526429;0.0261183196;1.03907163;1.0463222;0.816821307;0.0695654044;1.03099374;0.750226276;0.0242349882;10;0.833333611;0;1.044444;0.999985431;0.999986316
22.578882;1.03102742;0.833537662;0.0270141669;0.808454246;0.0262015158;1.03913159;1.04636036;0.816744853;0.0696394854;1.03102677;0.750183277;0.0243128831;10;0.833333514;0;1.044444;0.999985447;0.99998646
22.582882;1.03104746;0.833511036;0.0270641586;0.808412736;0.0262495022;1.03916556;1.04638144;0.816701937;0.0696827754;1.03104683;0.750159291;0.0243577964;10;0.833333435;0;1.044444;0.999985483;0.99998655
22.583882;1.03105147;0.833504386;0.0270774908;0.808403141;0.0262623349;1.03917455;1.04638647;0.816691674;0.0696930816;1.03105085;0.750153297;0.0243697741;10;0.833333413;0;1.044444;0.999985495;0.999986572
22.590882;1.03108551;0.833456721;0.0271641791;0.808330132;0.0263455485;1.03923347;1.04642358;0.816616159;0.0697682259;1.03108496;0.750110376;0.0244476331;10;0.833333238;0;1.044444;0.99998559;0.999986703
22.591882;1.03109051;0.833450065;0.0271764101;0.808319735;0.0263572796;1.03924245;1.04642859;0.816605897;0.0697785151;1.03108998;0.750104393;0.0244586132;10;0.83333321;0;1.044444;0.999985603;0.999986719
22.595882;1.03110951;0.833423424;0.0272264677;0.808278915;0.0264053143;1.03927539;1.04645062;0.816562222;0.0698205774;1.03110905;0.750080471;0.0245035294;10;0.833333085;0;1.044444;0.999985658;0.99998677
22.599882;1.03112747;0.83339677;0.0272754522;0.808238855;0.0264523129;1.03930935;1.04647164;0.816519308;0.0698626767;1.03112713;0.750056561;0.024547452;10;0.833332935;0;1.044444;0.999985719;0.999986791
22.600882;1.03113245;0.833390106;0.0272877051;0.808228445;0.0264640513;1.03931834;1.04647664;0.816509035;0.0698729487;1.03113215;0.750050586;0.0245584361;10;0.833332896;0;1.044444;0.999986734;0.99998779
22.605882;1.03115635;0.833356804;0.027349006;0.808177178;0.0265227615;1.03936033;1.04650264;0.816455806;0.0699263398;1.03115625;0.750020705;0.0246133893;10;0.833332726;0;1.044444;0.999986797;0.999987745
22.606882;1.03116132;0.833351258;0.0273612708;0.808167846;0.0265344944;1.03936833;1.04650763;0.816445525;0.069936603;1.03116127;0.750015727;0.0246243864;10;0.8333327;0;1.044444;0.999986807;0.999987728
22.618882;1.03121695;0.833272643;0.0275083809;0.808047319;0.0266753631;1.03946859;1.04657044;0.816318701;0.0700616248;1.03121736;0.749944928;0.0247564572;10;0.83333255;0;1.044444;0.999986892;0.999987479
22.619882;1.03122092;0.833266006;0.0275206237;0.808037719;0.0266871253;1.03947761;1.04657541;0.816308415;0.0700718826;1.03122135;0.749938939;0.0247674697;10;0.833332544;0;1.044444;0.999986897;0.999987467
22.627882;1.03125868;0.833213935;0.0276184694;0.807957307;0.026781068;1.03954375;1.04661618;0.816225381;0.0701550076;1.03125926;0.749892007;0.0248555686;10;0.833332545;0;1.044444;0.999986875;0.999987408
22.634882;1.03129046;0.833168387;0.0277028951;0.807888067;0.0268621597;1.03960178;1.04665202;0.81615271;0.070226932;1.0312912;0.749851047;0.0249316302;10;0.833332588;0;1.044444;0.999986774;0.999987364
22.640882;1.03131832;0.83313058;0.0277750832;0.807829537;0.026931419;1.03965077;1.04668294;0.816091363;0.0702886502;1.03131918;0.749817092;0.0249966431;10;0.833332661;0;1.044444;0.999986646;0.999987308
22.651882;1.0313683;0.833060361;0.0279061505;0.807722554;0.0270571272;1.03974072;1.04673788;0.815980408;0.0704020643;1.03136916;0.749754294;0.0251145539;10;0.833333;0;1.044444;0.999986524;0.999987224
22.652882;1.03137331;0.833054776;0.0279183673;0.80771325;0.0270688365;1.03974872;1.04674388;0.815969345;0.0704123118;1.03137415;0.749749315;0.0251255479;10;0.833333043;0;1.044444;0.999986527;0.999987221
22.664882;1.03142745;0.832978907;0.0280604404;0.807597654;0.0272052191;1.0398458;1.04680399;0.815848049;0.0705338959;1.03142811;0.749681498;0.0252536282;10;0.833333509;0;1.044444;0.999986698;0.999987115
22.672882;1.03146358;0.83293;0.0281536455;0.807522085;0.0272946982;1.03990997;1.04684414;0.815768967;0.0706151348;1.03146402;0.749637531;0.0253377615;10;0.833333571;0;1.044444;0.999986943;0.999986958
22.678882;1.03149068;0.832893389;0.0282247044;0.807465383;0.0273628424;1.03995808;1.04687418;0.815709445;0.0706746187;1.03149097;0.749604498;0.0254018964;10;0.833333563;0;1.044444;0.999987143;0.999986787
22.679882;1.03149469;0.832886735;0.0282358118;0.807455783;0.0273734947;1.0399661;1.04687918;0.815699181;0.0706848827;1.03149496;0.749598488;0.0254119172;10;0.833333562;0;1.044444;0.999988176;0.999987757
22.684882;1.03151771;0.83285681;0.0282946874;0.807408665;0.0274299358;1.04000617;1.04690317;0.815650801;0.0707351986;1.03151796;0.749571412;0.0254649934;10;0.833333572;0;1.044444;0.999988329;0.999987611
22.686882;1.03152571;0.832844618;0.0283180126;0.807390547;0.0274523451;1.0400222;1.04691316;0.81563136;0.0707546558;1.03152596;0.749560373;0.025486008;10;0.833333582;0;1.044444;0.999988377;0.999987556
22.687882;1.0315307;0.832839078;0.0283291182;0.807381246;0.0274629881;1.04003021;1.04691815;0.815622172;0.0707649142;1.03153096;0.749555353;0.0254960121;10;0.833333587;0;1.044444;0.999988398;0.999987531
22.693882;1.03155664;0.832802462;0.0283990696;0.807325356;0.0275302182;1.04007728;1.04694811;0.815562807;0.0708243344;1.03155701;0.749522225;0.0255590099;10;0.833333627;0;1.044444;0.999988474;0.999987411
22.694882;1.03156163;0.832796907;0.028410171;0.807316057;0.0275408693;1.04008529;1.0469531;0.815553622;0.0708335304;1.03156202;0.749517202;0.0255690077;10;0.833333636;0;1.044444;0.999988479;0.999987395
22.702882;1.03159661;0.83274903;0.0285023207;0.807242323;0.0276293867;1.04014837;1.04699206;0.815476715;0.0709135415;1.03159705;0.749474037;0.0256519903;10;0.833333692;0;1.044444;0.999988433;0.999987309
22.713882;1.03164466;0.832685354;0.0286289308;0.807143387;0.0277507785;1.04023441;1.04704507;0.815372052;0.0710211525;1.03164497;0.749416928;0.0257659812;10;0.833333579;0;1.044444;0.999988282;0.999987469
22.714882;1.03164866;0.832678655;0.0286400437;0.807133803;0.0277614292;1.04024141;1.04705008;0.815362879;0.0710303394;1.03164896;0.749410927;0.0257759874;10;0.833333563;0;1.044444;0.999988273;0.999987494
22.715882;1.03165366;0.83267307;0.0286511588;0.807124515;0.0277720528;1.04024941;1.04705508;0.815353704;0.0710405877;1.03165396;0.749405927;0.0257859951;10;0.833333547;0;1.044444;0.999988265;0.99998752
22.717882;1.03166166;0.832661908;0.0286745072;0.807107503;0.0277944311;1.04026541;1.0470641;0.81533507;0.0710600919;1.03166195;0.749395929;0.0258070142;10;0.833333515;0;1.044444;0.999988255;0.999987572
22.721882;1.03167965;0.832638508;0.0287201095;0.807070838;0.0278380596;1.04029539;1.04708413;0.815297284;0.0710989736;1.03167992;0.749374942;0.0258480634;10;0.833333448;0;1.044444;0.999988254;0.99998767
22.724882;1.03169264;0.832621817;0.0287534746;0.807044538;0.0278699976;1.04031937;1.04709816;0.815269435;0.0711276824;1.0316929;0.749359953;0.0258781026;10;0.83333339;0;1.044444;0.999988261;0.999987728
22.730882;1.03171763;0.83258738;0.0288213011;0.806991641;0.0279350134;1.04036532;1.04712723;0.815212874;0.0711861299;1.03171787;0.749328971;0.025939178;10;0.833333248;0;1.044444;0.999988276;0.999987779
22.739882;1.03175668;0.832536387;0.0289224733;0.806911615;0.0280319679;1.04043422;1.04716932;0.815130122;0.0712735023;1.03175684;0.749282937;0.026030279;10;0.833333043;0;1.044444;0.999988219;0.999987795
22.742882;1.03176969;0.832519791;0.028956912;0.806885283;0.0280649947;1.04045619;1.04718433;0.815102473;0.0713022318;1.03176985;0.749267892;0.0260613046;10;0.833333;0;1.044444;0.999988176;0.999987829
22.750882;1.03180271;0.832476674;0.0290457365;0.806817398;0.0281501788;1.0405171;1.04722131;0.815030108;0.0713783358;1.03180297;0.749228742;0.0261413316;10;0.833332979;0;1.044444;0.999988068;0.99998799
22.751882;1.03180771;0.832471146;0.0290568347;0.806808088;0.0281607998;1.04052509;1.0472263;0.815020912;0.0713886129;1.03180799;0.749223724;0.0261513312;10;0.833332984;0;1.044444;0.999989059;0.999989017
22.755882;1.03182373;0.83244903;0.0291012219;0.806773965;0.028203398;1.04055507;1.04724525;0.814984912;0.0714265745;1.03182409;0.749203662;0.0261913314;10;0.83333301;0;1.044444;0.999989035;0.999989142
22.761882;1.0318498;0.83241689;0.029167803;0.80672229;0.0282672674;1.0406001;1.04727316;0.814931315;0.0714829409;1.03185025;0.749174588;0.0262513342;10;0.833333039;0;1.044444;0.999989012;0.999989377
22.771882;1.03189107;0.832363454;0.0292776819;0.806638476;0.0283727645;1.04067421;1.04731898;0.814842516;0.0715783481;1.03189139;0.749126573;0.0263503521;10;0.833332965;0;1.044444;0.999988941;0.999989713
22.772882;1.0318951;0.832357883;0.0292876717;0.806629968;0.0283823495;1.04068221;1.04732396;0.814833321;0.0715875508;1.0318954;0.749121584;0.0263593534;10;0.833332953;0;1.044444;0.999988934;0.999989734
22.782882;1.03193737;0.83230562;0.029397618;0.806546566;0.028487883;1.04075618;1.04736874;0.814747274;0.0716810743;1.03193726;0.749074792;0.0264582939;10;0.833332867;0;1.044444;0.999988873;0.999989799
22.784882;1.0319454;0.832294524;0.0294187111;0.806529547;0.0285081552;1.04077116;1.04737868;0.814728861;0.0716995151;1.0319452;0.749064831;0.026477281;10;0.833332852;0;1.044444;0.999988857;0.999989782
22.792882;1.03197845;0.832253493;0.0295052607;0.806463914;0.0285914022;1.04082908;1.04741443;0.814660485;0.0717745871;1.03197793;0.749027938;0.0265552889;10;0.833332756;0;1.044444;0.999988762;0.999989641
22.795882;1.03199045;0.832237959;0.0295374548;0.806439468;0.0286223575;1.04085107;1.04742836;0.814634754;0.0718022916;1.03198986;0.749013956;0.0265843034;10;0.833332706;0;1.044444;0.999988736;0.999989565
22.803882;1.03202235;0.832197988;0.0296241807;0.806375736;0.0287055992;1.04090905;1.04746427;0.814566535;0.0718762243;1.0320218;0.748977989;0.0266623631;10;0.83333258;0;1.044444;0.999988768;0.99998938
22.813882;1.03206214;0.832148042;0.0297311656;0.806296024;0.0288079178;1.04098192;1.04750927;0.81448295;0.0719685395;1.03206191;0.748932991;0.0267585254;10;0.833332464;0;1.044444;0.999988985;0.999989233
22.815882;1.03207009;0.83213917;0.0297523364;0.806281151;0.0288281406;1.04099589;1.04751729;0.81446723;0.0719870707;1.03206994;0.748924982;0.0267775481;10;0.833332463;0;1.044444;0.999989034;0.99998921
22.818882;1.03208201;0.832123643;0.0297835127;0.806256688;0.0288579207;1.04101686;1.04753132;0.814442626;0.0720136691;1.032082;0.748910972;0.0268055654;10;0.833332472;0;1.044444;0.9999891;0.999989179
22.819882;1.03208598;0.83211921;0.0297946392;0.806249253;0.0288685609;1.04102485;1.04753533;0.814434234;0.0720229345;1.03208601;0.748906971;0.0268155668;10;0.833332474;0;1.044444;0.99999012;0.99999017
22.829882;1.03212577;0.832070412;0.0299003021;0.806170602;0.0289695333;1.04109583;1.04757948;0.814353555;0.0721142718;1.03212612;0.748863039;0.0269105324;10;0.833332434;0;1.044444;0.999990309;0.99999011
22.835882;1.0321497;0.83204267;0.0299626336;0.806124955;0.029029023;1.04113789;1.04760657;0.814304039;0.0721686027;1.03215014;0.748838178;0.0269665184;10;0.833332359;0;1.044444;0.999990414;0.99999007
22.838882;1.03216068;0.832028235;0.0299949037;0.806102372;0.0290598559;1.04115893;1.04761962;0.814280191;0.0721952739;1.03216114;0.748825263;0.0269955131;10;0.833332328;0;1.044444;0.999990445;0.999990055
22.851882;1.03221152;0.831968018;0.0301293782;0.806004428;0.0291882828;1.04125107;1.04767581;0.814177253;0.0723123969;1.03221209;0.748771416;0.0271163839;10;0.833332339;0;1.044444;0.999990399;0.999989985
22.853882;1.03221951;0.831959084;0.0301504909;0.805989586;0.0292084534;1.04126508;1.04768484;0.814161738;0.072329824;1.03222009;0.748763411;0.0271353542;10;0.833332361;0;1.044444;0.999990369;0.99998997
22.854882;1.0322235;0.831953506;0.0301604914;0.805981093;0.029218002;1.04127109;1.04768885;0.814154368;0.0723391007;1.0322241;0.748758407;0.0271443392;10;0.833332372;0;1.044444;0.99999035;0.999989963
22.858882;1.03223851;0.831935652;0.0302015916;0.805952231;0.0292573176;1.0412991;1.04770692;0.814122258;0.0723739333;1.03223912;0.74874238;0.0271812769;10;0.833332411;0;1.044444;0.999990251;0.999989946
22.865882;1.03226567;0.831904448;0.030273728;0.805901175;0.0293264592;1.04134807;1.04773709;0.814068024;0.0724365551;1.03226622;0.748714321;0.0272461589;10;0.833332468;0;1.044444;0.999990057;0.999989951
22.870882;1.03228484;0.831882177;0.030324727;0.8058649;0.0293754761;1.041382;1.04775823;0.81402934;0.0724807012;1.03228527;0.74869427;0.0272920673;10;0.833332511;0;1.044444;0.999989945;0.999989966
22.879882;1.03231916;0.831843168;0.0304155671;0.805800821;0.0294629174;1.04144389;1.04779644;0.813961571;0.0725596571;1.03231934;0.748659184;0.027373952;10;0.833332636;0;1.044444;0.999989777;0.99999001
22.885882;1.0323423;0.831816446;0.0304754267;0.805757102;0.0295204501;1.04148383;1.0478215;0.813916705;0.0726119881;1.03234235;0.748635146;0.0274279059;10;0.833332712;0;1.044444;0.999989702;0.999990051
22.886882;1.03234531;0.831813105;0.0304854098;0.805751536;0.0295300603;1.04149082;1.0478255;0.813909355;0.0726201962;1.03234535;0.748632143;0.0274368938;10;0.833332722;0;1.044444;0.999989692;0.999990061
22.887882;1.03234933;0.831808654;0.0304953951;0.805744113;0.0295396417;1.04149781;1.0478305;0.813901229;0.0726293964;1.03234934;0.748628142;0.0274458802;10;0.833332732;0;1.044444;0.999990682;0.999991072
22.889882;1.03235735;0.831799751;0.0305153726;0.805729262;0.0295588032;1.04151078;1.04783849;0.813886527;0.0726468777;1.03235732;0.748620142;0.0274638481;10;0.83333275;0;1.044444;0.999990661;0.999991097
22.890882;1.03236037;0.8317953;0.0305264759;0.805722615;0.0295694884;1.04151777;1.04784248;0.813879176;0.072655089;1.0323603;0.748616144;0.0274738297;10;0.833332758;0;1.044444;0.99999065;0.999991111
22.891882;1.03236438;0.831791959;0.0305364701;0.805716264;0.0295790686;1.04152476;1.04784648;0.813871826;0.0726643609;1.03236428;0.748613147;0.0274828098;10;0.833332766;0;1.044444;0.999990639;0.999991127
22.892882;1.03236839;0.831787509;0.0305464662;0.805708835;0.0295886487;1.04153175;1.04785147;0.813864758;0.0726725028;1.03236826;0.74860915;0.0274917885;10;0.833332774;0;1.044444;0.999990627;0.999991143
22.895882;1.03237943;0.831775273;0.0305764625;0.805688402;0.0296174183;1.04155172;1.04786342;0.813842707;0.072699254;1.03237918;0.748598165;0.027518718;10;0.833332799;0;1.044444;0.999990593;0.999991198
22.900882;1.0323975;0.831754158;0.0306264772;0.805653875;0.0296653763;1.04158468;1.04788433;0.813806255;0.0727423349;1.03239705;0.748579195;0.027563584;10;0.833332851;0;1.044444;0.99999055;0.999991283
22.902882;1.03240552;0.831745277;0.0306453824;0.805639004;0.0296834612;1.04159866;1.04789228;0.813791566;0.0727587392;1.03240501;0.748571206;0.0275805294;10;0.833332875;0;1.044444;0.999990535;0.999991304
22.911882;1.03243852;0.831708685;0.030735527;0.805577653;0.0297698067;1.04165859;1.04792911;0.813726842;0.0728367276;1.03243784;0.748538257;0.0276613477;10;0.833332974;0;1.044444;0.999990447;0.999991277
22.919882;1.03246739;0.831677664;0.0308145914;0.805524808;0.0298454602;1.04171059;1.04796211;0.81367051;0.0729043834;1.0324668;0.748510269;0.0277323301;10;0.833332972;0;1.044444;0.999990442;0.999991202
22.926882;1.03249322;0.831649966;0.0308824295;0.805477609;0.0299103517;1.04175662;1.04799012;0.813621179;0.0729638929;1.03249283;0.748485263;0.0277934637;10;0.833332932;0;1.044444;0.99999053;0.999991172
22.929882;1.03250315;0.831638887;0.030912417;0.805459075;0.0299391202;1.04177663;1.04800211;0.813600177;0.0729895373;1.03250286;0.748475263;0.0278205372;10;0.833332915;0;1.044444;0.999990586;0.999991171
22.933882;1.03251806;0.831623363;0.0309512716;0.805432359;0.0299763668;1.04180266;1.04801906;0.813572099;0.073023308;1.03251789;0.748461265;0.0278556372;10;0.833332893;0;1.044444;0.999990669;0.999991171
22.945882;1.03256094;0.831577789;0.0310666764;0.805354895;0.0300870881;1.04188091;1.04806689;0.813490199;0.0731239173;1.03256091;0.748420235;0.0279598991;10;0.83333292;0;1.044444;0.999990853;0.999991114
22.946882;1.03256394;0.831574445;0.0310766641;0.805349347;0.0300966872;1.04188693;1.04807088;0.813483911;0.0731321333;1.03256391;0.748417225;0.0279689165;10;0.833332931;0;1.044444;0.999990863;0.9999911
22.953882;1.03258894;0.831548787;0.0311432371;0.805305223;0.0301605135;1.04193205;1.04809784;0.813437525;0.0731907511;1.03258892;0.748394114;0.0280290347;10;0.833333009;0;1.044444;0.999990913;0.999990972
22.954882;1.03259194;0.831544327;0.0311532228;0.805298596;0.0301701077;1.04193806;1.04810184;0.813431244;0.073198956;1.03259193;0.748390099;0.0280380511;10;0.833333017;0;1.044444;0.999991916;0.999991952
22.958882;1.03260691;0.831529831;0.0311909489;0.805272957;0.0302062363;1.0419641;1.04811782;0.813403996;0.0732328132;1.03260693;0.748377061;0.028072111;10;0.833333039;0;1.044444;0.99999192;0.999991867
22.961882;1.03261687;0.831519808;0.031219816;0.805255484;0.0302338935;1.04198312;1.0481298;0.813385144;0.0732573879;1.03261692;0.748368067;0.0280981411;10;0.833333032;0;1.044444;0.999991919;0.999991794
22.963882;1.03262384;0.831512025;0.0312387036;0.805242484;0.0302519558;1.04199612;1.04813779;0.813371514;0.0732737634;1.0326239;0.748361088;0.0281151497;10;0.833333015;0;1.044444;0.999991917;0.999991744
22.964882;1.03262782;0.831508692;0.0312475959;0.80523613;0.030260432;1.04200212;1.04814179;0.813365228;0.0732819499;1.03262788;0.748358102;0.0281231497;10;0.833333003;0;1.044444;0.999991916;0.999991717
22.975882;1.03266564;0.831471055;0.0313522265;0.805169702;0.0303602274;1.04207101;1.04818378;0.813294447;0.073372103;1.03266579;0.748324337;0.0282169551;10;0.833332827;0;1.044444;0.999991932;0.999991397
22.979882;1.03267863;0.831456702;0.0313889959;0.8051455;0.0303952617;1.04209596;1.04819979;0.81326822;0.0734048323;1.03267882;0.748311401;0.0282498692;10;0.833332775;0;1.044444;0.999991975;0.999991312
22.990882;1.03271674;0.831420236;0.0314925095;0.80508024;0.0304939694;1.04216497;1.04824178;0.81319948;0.0734940207;1.03271704;0.748278406;0.0283427754;10;0.833332682;0;1.044444;0.999992182;0.999991253
22.993882;1.03272679;0.831410258;0.0315203076;0.805062756;0.0305205245;1.042183;1.04825276;0.813181384;0.0735186972;1.0327271;0.748269366;0.0283677723;10;0.833332681;0;1.044444;0.999992241;0.999991288
22.999882;1.03274796;0.831391339;0.0315747559;0.805028079;0.0305725913;1.04222005;1.04827571;0.813144442;0.0735669581;1.03274818;0.748252248;0.0284167911;10;0.833332712;0;1.044444;0.999992364;0.999991409
23.003882;1.03276109;0.831377942;0.0316124989;0.805004999;0.0306088024;1.04224505;1.04829067;0.813120111;0.0735988082;1.0327612;0.748240143;0.028450818;10;0.833332743;0;1.044444;0.99999244;0.999991495
23.011882;1.03278831;0.831353264;0.0316857302;0.804960198;0.0306791445;1.04229301;1.0483216;0.813071843;0.0736624034;1.03278821;0.748217869;0.0285168456;10;0.833332846;0;1.044444;0.999992561;0.999991668
23.021882;1.03282145;0.831321755;0.0317756164;0.804904388;0.0307655838;1.04235392;1.04835858;0.813013687;0.0737425292;1.03282118;0.748189539;0.0285976919;10;0.83333294;0;1.044444;0.999992524;0.999991878
23.022882;1.03282446;0.831318389;0.0317844958;0.804898836;0.0307741216;1.04235992;1.04836258;0.81300742;0.0737496707;1.03282417;0.748186511;0.0286056713;10;0.833332945;0;1.044444;0.999993505;0.9999929
23.023882;1.03282747;0.831316135;0.0317944874;0.80489436;0.0307837318;1.04236591;1.04836559;0.813001928;0.0737579415;1.03282716;0.748184484;0.0286146506;10;0.833332949;0;1.044444;0.999993484;0.999992923
23.031882;1.03285451;0.831291523;0.0318656039;0.804849747;0.0308517811;1.04241388;1.04839565;0.812955356;0.0738204362;1.03285407;0.748162334;0.0286784962;10;0.833332901;0;1.044444;0.999993249;0.999993115
23.033882;1.03286052;0.831285955;0.0318845229;0.804839697;0.0308698647;1.04242488;1.04840268;0.812944599;0.0738368758;1.03286002;0.748157325;0.0286954644;10;0.833332865;0;1.044444;0.999993168;0.999993156
23.038882;1.03287753;0.831271536;0.0319290767;0.80481243;0.0309123307;1.04245489;1.04842078;0.812915682;0.0738758136;1.03287688;0.748144343;0.0287354069;10;0.833332755;0;1.044444;0.999992953;0.999993229
23.039882;1.03288054;0.831269329;0.0319379894;0.804807929;0.0309208395;1.04246089;1.04842481;0.812910429;0.073883996;1.03287985;0.748142353;0.0287433994;10;0.833332732;0;1.044444;0.999992912;0.999993237
23.043882;1.03289355;0.831257186;0.0319736305;0.804785925;0.0309548486;1.04248487;1.04843992;0.812887009;0.0739146784;1.03289274;0.748131419;0.0287753859;10;0.83333265;0;1.044444;0.99999276;0.999993244
23.053882;1.03292558;0.831229633;0.0320625973;0.804734003;0.0310399068;1.04254281;1.04847618;0.812831225;0.0739925959;1.03292456;0.748106789;0.0288555297;10;0.833332604;0;1.044444;0.999992533;0.999993133
23.056882;1.03293458;0.831221913;0.0320881316;0.804719428;0.0310643752;1.04256082;1.04848724;0.812815196;0.0740151204;1.03293351;0.748099931;0.028878606;10;0.833332636;0;1.044444;0.999992507;0.9999931
23.063882;1.03295756;0.831203086;0.0321502496;0.804683141;0.0311239275;1.04260091;1.04851239;0.812777659;0.0740695311;1.03295647;0.748083232;0.0289347927;10;0.833332775;0;1.044444;0.999992482;0.999993064
23.070882;1.03297954;0.831185261;0.0322112181;0.804648703;0.0311824136;1.04264208;1.04853748;0.812740204;0.0741229575;1.03297853;0.748067431;0.0289898738;10;0.83333296;0;1.044444;0.99999249;0.999993052
23.075882;1.03299452;0.831171867;0.0322544908;0.804624057;0.0312239094;1.04267026;1.04855447;0.812714329;0.0741610592;1.0329936;0.748055496;0.0290288489;10;0.833333068;0;1.044444;0.999992531;0.99999303
23.078882;1.03300451;0.831164051;0.0322800246;0.804608704;0.0312483533;1.0426884;1.04856545;0.812698426;0.074183672;1.03300364;0.74804849;0.029051813;10;0.833333103;0;1.044444;0.999992575;0.999992999
23.087882;1.03303246;0.831141723;0.0323577088;0.804565228;0.0313227902;1.04273978;1.04859631;0.812652348;0.0742516905;1.03303178;0.748028337;0.029121671;10;0.833333077;0;1.044444;0.999992833;0.99999287
23.090882;1.03304144;0.831135031;0.0323832187;0.804551714;0.0313472368;1.04275686;1.04860724;0.812636471;0.0742743116;1.03304082;0.748022278;0.029144622;10;0.833333041;0;1.044444;0.999992947;0.999992833
23.092882;1.03304744;0.831130571;0.0323998558;0.804542709;0.031363179;1.0427679;1.04861419;0.812626845;0.0742897634;1.03304684;0.748018239;0.0291595943;10;0.833333012;0;1.044444;0.999993026;0.99999281
23.093882;1.03305044;0.831127232;0.0324087309;0.804537134;0.0313716893;1.04277391;1.04861717;0.812622416;0.0742969922;1.03304986;0.74801522;0.0291675826;10;0.833332996;0;1.044444;0.999994065;0.9999938
23.101882;1.03307443;0.831108324;0.0324764561;0.804500132;0.0314365458;1.04281794;1.04864495;0.812581638;0.0743576479;1.03307394;0.74799811;0.0292285286;10;0.833332884;0;1.044444;0.99999432;0.999993759
23.102882;1.03307742;0.831106102;0.0324853496;0.804495653;0.0314450555;1.04282393;1.04864792;0.812577179;0.0743648596;1.03307695;0.747996104;0.0292365252;10;0.833332872;0;1.044444;0.999994338;0.999993759
23.103882;1.03308142;0.831103881;0.0324931347;0.804490397;0.0314524596;1.04282992;1.04865189;0.812571944;0.0743719983;1.03308096;0.747994099;0.0292435228;10;0.833332862;0;1.044444;0.999994352;0.999993761
23.107882;1.03309339;0.831095008;0.0325276337;0.804472496;0.0314854255;1.04285187;1.0486648;0.812552262;0.0744018051;1.033093;0.747986095;0.0292745315;10;0.833332839;0;1.044444;0.999994368;0.999993763
23.123882;1.03314119;0.831059634;0.0326613381;0.804400772;0.0316131664;1.0429398;1.04871866;0.812476295;0.0745196511;1.03314114;0.747954277;0.0293946769;10;0.8333331;0;1.044444;0.999993999;0.999993746
23.125882;1.03314717;0.831056354;0.032678041;0.804392879;0.0316291454;1.04295078;1.04872568;0.812466613;0.0745339783;1.03314716;0.747951326;0.0294096945;10;0.833333126;0;1.044444;0.999993957;0.999993771
23.126882;1.03314917;0.831054161;0.0326869459;0.804389175;0.0316377022;1.04295576;1.04872969;0.812461388;0.0745411078;1.03314917;0.747949353;0.0294177034;10;0.833333135;0;1.044444;0.999993939;0.999993784
23.131882;1.03316413;0.831043222;0.0327281132;0.804366781;0.0316770979;1.04298366;1.04874575;0.8124384;0.0745780971;1.03316423;0.747939502;0.0294547384;10;0.833333158;0;1.044444;0.999993887;0.999993859
23.138882;1.0331851;0.831030139;0.0327859045;0.80433763;0.0317324643;1.04302049;1.04876988;0.812406105;0.0746293139;1.03318528;0.747927695;0.0295067116;10;0.833333128;0;1.044444;0.999993876;0.999993922
23.145882;1.03320505;0.831015861;0.0328425343;0.804308201;0.0317867897;1.04305837;1.04879298;0.812374588;0.0746795069;1.03320528;0.747914805;0.0295575987;10;0.833333045;0;1.044444;0.999993858;0.99999387
23.148882;1.03321401;0.831010329;0.0328669506;0.804295869;0.0318102131;1.04307433;1.048803;0.812361561;0.0747010035;1.03321427;0.74790981;0.0295795226;10;0.833333016;0;1.044444;0.999993846;0.999993814
23.156882;1.03323691;0.830994702;0.0329324361;0.804263025;0.0318730252;1.0431172;1.048829;0.812326599;0.0747583685;1.03323724;0.747895708;0.0296382723;10;0.833332914;0;1.044444;0.999993819;0.999993585
23.164882;1.03325987;0.830980106;0.0329968525;0.804231192;0.0319347251;1.04315905;1.04885489;0.812291705;0.0748146841;1.03326028;0.747882596;0.0296961295;10;0.83333274;0;1.044444;0.999993813;0.999993301
23.167882;1.03326787;0.830974496;0.033020185;0.804219574;0.0319570786;1.04317401;1.04886381;0.812279467;0.0748362642;1.03326832;0.747877556;0.02971712;10;0.833332685;0;1.044444;0.999993812;0.999993233
23.168882;1.03327088;0.83097337;0.0330279625;0.804216153;0.0319645195;1.04318;1.04886678;0.812276091;0.0748434593;1.03327134;0.747876541;0.029724121;10;0.83333267;0;1.044444;0.999994812;0.999994219
23.172882;1.03328293;0.830965559;0.0330601756;0.804199233;0.0319953539;1.04320097;1.04887965;0.812258627;0.0748711123;1.03328338;0.747869484;0.0297531405;10;0.833332629;0;1.044444;0.999994801;0.999994202
23.173882;1.03328494;0.830964444;0.0330679482;0.804196585;0.0320028237;1.04320597;1.04888361;0.812253416;0.0748782371;1.03328539;0.747868472;0.0297601488;10;0.833332624;0;1.044444;0.999994794;0.999994207
23.177882;1.03329699;0.830957786;0.0331001377;0.804180728;0.0320336565;1.04322697;1.04889549;0.812237787;0.0749070185;1.03329741;0.74786244;0.0297891993;10;0.833332624;0;1.044444;0.999994747;0.999994265
23.178882;1.033299;0.830955568;0.0331079061;0.804177006;0.0320411289;1.04323197;1.04889846;0.81223441;0.074914212;1.03329941;0.747860436;0.029796217;10;0.83333263;0;1.044444;0.99999473;0.999994288
23.182882;1.03331103;0.830948914;0.033140097;0.804161166;0.0320719836;1.04325199;1.04891136;0.812216944;0.0749418472;1.03331141;0.747854439;0.0298253096;10;0.833332669;0;1.044444;0.999994653;0.999994414
23.197882;1.0333519;0.830925729;0.0332577777;0.80410657;0.0321849739;1.04332905;1.04895843;0.812157358;0.075046437;1.03335225;0.747833425;0.0299318373;10;0.83333272;0;1.044444;0.999994625;0.99999507
23.199882;1.03335788;0.830922431;0.0332733158;0.804098663;0.0321998858;1.04333905;1.04896547;0.812148805;0.0750597185;1.03335822;0.747830422;0.029945901;10;0.833332716;0;1.044444;0.999994666;0.999995148
23.210882;1.03338786;0.830905968;0.033357725;0.804059187;0.0322808654;1.04339508;1.0489997;0.812106884;0.075135845;1.03338809;0.747815428;0.0300221269;10;0.833332716;0;1.044444;0.999994891;0.999995436
23.214882;1.03339792;0.830900473;0.0333888576;0.804045997;0.032310686;1.04341509;1.04901174;0.812092362;0.0751636732;1.03339804;0.747810401;0.0300501525;10;0.833332721;0;1.044444;0.999994918;0.999995466
23.218882;1.03340901;0.83089496;0.0334199852;0.804032025;0.0323404382;1.04343509;1.04902373;0.812077787;0.0751904514;1.03340898;0.747805367;0.030078175;10;0.833332729;0;1.044444;0.999994917;0.999995452
23.227882;1.0334332;0.830883878;0.0334878234;0.804002584;0.0324051679;1.04348007;1.04905166;0.812044316;0.0752522493;1.03343286;0.747795289;0.0301392302;10;0.83333279;0;1.044444;0.999994915;0.999995378
23.229882;1.03343823;0.830880549;0.0335034011;0.803995477;0.0324200312;1.04348906;1.04905765;0.812036436;0.0752656298;1.03343785;0.74779226;0.0301532477;10;0.833332818;0;1.044444;0.999994932;0.999995366
23.245882;1.03348027;0.830861495;0.0336235435;0.803944763;0.0325344289;1.04356812;1.04910577;0.811979902;0.0753722439;1.03347993;0.747774895;0.0302614226;10;0.833333101;0;1.044444;0.999995236;0.99999546
23.247882;1.03348627;0.830859239;0.033639106;0.803938003;0.0325492333;1.04357714;1.04911081;0.811973911;0.0753856042;1.03348597;0.74777285;0.0302754076;10;0.833333119;0;1.044444;0.999995274;0.999995477
23.248882;1.03348827;0.830857001;0.0336457728;0.803934327;0.032555592;1.04358214;1.04911382;0.81197053;0.0753927765;1.033488;0.747770829;0.0302813941;10;0.833333123;0;1.044444;0.99999629;0.999996485
23.250882;1.03349327;0.830854747;0.033661321;0.803928349;0.0325704286;1.04359215;1.04911985;0.81196377;0.0754060598;1.03349305;0.747768793;0.0302953556;10;0.833333126;0;1.044444;0.999996318;0.999996499
23.254882;1.03350426;0.830850253;0.0336912803;0.803915621;0.0325989955;1.04361114;1.0491319;0.811950264;0.075431569;1.03350418;0.747764743;0.0303222471;10;0.833333104;0;1.044444;0.999996345;0.999996507
23.257882;1.03351225;0.830846894;0.0337123544;0.803906259;0.032619079;1.04362511;1.04914091;0.811939077;0.0754520368;1.03351227;0.747761727;0.0303411549;10;0.833333062;0;1.044444;0.99999635;0.999996496
23.272882;1.03355027;0.830832526;0.0338234956;0.803862903;0.0327249537;1.043697;1.04918476;0.811890171;0.0755492289;1.03355065;0.747748789;0.0304408029;10;0.833332763;0;1.044444;0.999996438;0.999996393
23.282882;1.03357536;0.830822642;0.0338956193;0.803833842;0.0327937995;1.04374314;1.04921254;0.811859044;0.0756147711;1.03357585;0.74773986;0.0305057256;10;0.833332731;0;1.044444;0.999996489;0.999996303
23.287882;1.03358739;0.830818236;0.0339310997;0.803820241;0.0328277681;1.04376726;1.04922747;0.811843268;0.0756463684;1.0335879;0.747735928;0.0305377076;10;0.833332804;0;1.044444;0.999996444;0.999996304
23.296882;1.03361034;0.830810478;0.0339955208;0.803794909;0.0328894714;1.04380841;1.04925247;0.811816625;0.07570361;1.03361086;0.747729045;0.030595723;10;0.833332988;0;1.044444;0.99999625;0.999996308
23.300882;1.03361929;0.830808254;0.0340244638;0.803785786;0.0329172357;1.0438274;1.04926348;0.811804966;0.0757292251;1.03361981;0.747727072;0.0306217361;10;0.833333068;0;1.044444;0.999996165;0.99999628
23.305882;1.03363226;0.830803788;0.0340601202;0.80377139;0.0329513899;1.04384936;1.04927747;0.811790958;0.075761031;1.03363272;0.747723091;0.0306537565;10;0.833333147;0;1.044444;0.999996104;0.999996246
23.307882;1.03363625;0.830802664;0.0340746054;0.803767201;0.0329653144;1.04385934;1.04928346;0.81178419;0.0757733241;1.03363668;0.747722095;0.0306667654;10;0.833333168;0;1.044444;0.999996097;0.999996239
23.313882;1.03365118;0.830798156;0.0341169243;0.803751186;0.0330059128;1.04388628;1.04929945;0.811767527;0.075811463;1.03365152;0.74771809;0.0307047767;10;0.83333322;0;1.044444;0.999996122;0.999996239
23.316882;1.03365812;0.830795896;0.0341369599;0.803743554;0.0330251321;1.04389928;1.04930848;0.811758419;0.075829958;1.03365844;0.747716086;0.03072278;10;0.83333325;0;1.044444;0.999996158;0.999996236
23.327882;1.03368396;0.830789113;0.034213688;0.803716786;0.0330985997;1.04394932;1.04933863;0.811728786;0.0758991712;1.03368416;0.747710135;0.0307919038;10;0.833333306;0;1.044444;0.999996368;0.999996209
23.328882;1.03368695;0.830787997;0.0342214634;0.803713374;0.0331060204;1.04395332;1.04934064;0.811726176;0.0759064849;1.03368713;0.747709145;0.0307989254;10;0.833333299;0;1.044444;0.999996392;0.99999621
23.331882;1.03369394;0.830786886;0.0342414512;0.803706844;0.0331251157;1.04396631;1.04934966;0.811718146;0.0759250312;1.03369406;0.747708179;0.0308169941;10;0.833333266;0;1.044444;0.999996459;0.999996212
23.334882;1.03370092;0.830784685;0.034262549;0.803699238;0.0331452838;1.0439803;1.04935766;0.811709832;0.0759436424;1.03370098;0.747706215;0.0308360592;10;0.833333222;0;1.044444;0.999996516;0.999996208
23.335882;1.03370292;0.830784696;0.0342692113;0.803697676;0.0331516588;1.0439843;1.04935966;0.811708282;0.0759498913;1.03370295;0.747706226;0.0308420787;10;0.833333207;0;1.044444;0.999997531;0.999997204
23.338882;1.0337099;0.830782513;0.0342903058;0.803690057;0.0331718275;1.04399728;1.04936766;0.811699969;0.0759684791;1.03370987;0.747704249;0.0308611296;10;0.833333172;0;1.044444;0.999997562;0.999997189
23.344882;1.03372389;0.830780357;0.0343313561;0.80367694;0.033211089;1.04402325;1.04938366;0.811684416;0.0760055781;1.0337237;0.747702232;0.0308981979;10;0.833333174;0;1.044444;0.999997576;0.99999717
23.351882;1.0337409;0.83077704;0.0343779403;0.803660417;0.0332556432;1.0440542;1.04940275;0.811666597;0.0760476455;1.03374049;0.747699123;0.030940204;10;0.833333258;0;1.044444;0.999997566;0.999997181
23.359882;1.03375898;0.830773643;0.03443232;0.803643126;0.0333077245;1.04408916;1.04942396;0.811647306;0.0760968808;1.03375836;0.747696051;0.0309891677;10;0.833333334;0;1.044444;0.999997508;0.999997179
23.378882;1.03380204;0.830766899;0.0345590362;0.80360284;0.0334287845;1.04416906;1.04947451;0.81160259;0.0762105767;1.03380152;0.747689816;0.0311031777;10;0.833333123;0;1.044444;0.999997196;0.99999693
23.381882;1.03380903;0.830766876;0.0345790428;0.803597351;0.0334478767;1.04418203;1.04948156;0.81159618;0.0762280374;1.03380854;0.747689764;0.0311211717;10;0.833333087;0;1.044444;0.999997136;0.999996905
23.384882;1.03381502;0.830765741;0.0345979275;0.803591584;0.0334659222;1.04419501;1.04948961;0.811590074;0.0762464852;1.03381454;0.747688719;0.0311381785;10;0.833333055;0;1.044444;0.999997069;0.999996905
23.392882;1.03383305;0.83076343;0.0346500827;0.803575455;0.0335157582;1.04422793;1.04950973;0.811572771;0.0762936412;1.03383247;0.747686686;0.0311852215;10;0.833332983;0;1.044444;0.999996925;0.999996982
23.396882;1.0338421;0.830763375;0.0346767193;0.803568491;0.0335412381;1.04424489;1.04951977;0.81156411;0.0763172247;1.03384141;0.747686734;0.0312092268;10;0.833332966;0;1.044444;0.999996885;0.999997027
23.403882;1.03385718;0.83076219;0.0347222978;0.803555846;0.0335848446;1.04427286;1.04953782;0.81155034;0.076357206;1.03385635;0.747685852;0.0312502214;10;0.833332967;0;1.044444;0.999996854;0.999997086
23.405882;1.03386121;0.830762175;0.0347345401;0.803552765;0.0335965502;1.04428187;1.04954282;0.811545421;0.0763695633;1.03386034;0.747685878;0.0312612214;10;0.83333297;0;1.044444;0.999996848;0.999997108
23.408882;1.03386824;0.830761046;0.0347534629;0.803546295;0.0336146134;1.04429389;1.04954982;0.811539981;0.0763870837;1.03386735;0.747684904;0.0312782224;10;0.833332978;0;1.044444;0.999996836;0.99999715
23.415882;1.03388328;0.830761027;0.0347990981;0.80353476;0.0336582225;1.04432196;1.04956776;0.811524833;0.0764271057;1.03388241;0.747684915;0.0313192557;10;0.833333028;0;1.044444;0.999996777;0.999997318
23.419882;1.03389127;0.830761022;0.0348247097;0.803528629;0.0336826934;1.04433799;1.04957771;0.811517002;0.0764507281;1.03389045;0.747684917;0.0313422917;10;0.833333112;0;1.044444;0.999996724;0.999997428
23.428882;1.03391017;0.830760971;0.0348815507;0.80351392;0.0337369431;1.04437406;1.04959955;0.811499816;0.0765020985;1.03390944;0.747684888;0.0313932946;10;0.833333455;0;1.044444;0.999996678;0.999997593
23.432882;1.0339191;0.830760936;0.0349060416;0.80350687;0.0337603551;1.0443901;1.04960851;0.811492789;0.0765247717;1.0339184;0.747684843;0.0314152746;10;0.833333637;0;1.044444;0.999996704;0.999997589
23.433882;1.03392109;0.830760929;0.0349127124;0.803505295;0.0337667549;1.04439411;1.0496115;0.811490453;0.0765298569;1.03392039;0.747684829;0.0314212688;10;0.833333681;0;1.044444;0.999997714;0.99999858
23.444882;1.03394396;0.830762079;0.0349814863;0.803488179;0.0338327795;1.04443804;1.04963745;0.811471258;0.0765927277;1.03394331;0.747685636;0.0314832069;10;0.833334009;0;1.044444;0.999997857;0.99999837
23.446882;1.03394796;0.830762122;0.0349936814;0.803485006;0.03384449;1.04444601;1.04964244;0.811467376;0.0766040578;1.03394731;0.747685601;0.0314941945;10;0.833334034;0;1.044444;0.999997885;0.999998326
23.450882;1.03395599;0.830763343;0.0350180882;0.803479763;0.0338679116;1.04446094;1.04965145;0.81146144;0.0766267964;1.03395531;0.747686536;0.0315161795;10;0.833334053;0;1.044444;0.999997941;0.999998253
23.462273;1.03397908;0.830764806;0.0350880826;0.803463001;0.0339349771;1.04450492;1.04967848;0.811441489;0.0766897159;1.03397843;0.747687374;0.0315792524;10;0.833333881;0;1.044444;0.999998085;0.999998212
23.476265;1.03400699;0.830768343;0.0351725895;0.803444675;0.0340157863;1.04455904;1.04971136;0.81142016;0.07676699;1.03400653;0.747690462;0.0316553178;10;0.833333526;0;1.044444;0.999998079;0.999998438
23.483265;1.03402103;0.830770479;0.0352136498;0.803436018;0.034055033;1.04458502;1.04972731;0.811408806;0.0768061481;1.03402061;0.747692625;0.0316923188;10;0.833333412;0;1.044444;0.999998007;0.999998522
23.486265;1.03402709;0.830771525;0.035232488;0.803432455;0.0340730777;1.044596;1.04973328;0.811405189;0.0768216119;1.03402667;0.747693694;0.0317093279;10;0.833333369;0;1.044444;0.999997965;0.999998541
23.493265;1.03404127;0.830774677;0.0352734396;0.803424837;0.0341122808;1.0446229;1.04974921;0.811395884;0.0768596256;1.03404082;0.747696814;0.0317463316;10;0.833333281;0;1.044444;0.999997845;0.99999854
23.501265;1.03405641;0.8307767;0.035321005;0.803415393;0.0341578798;1.04465183;1.04976809;0.811383219;0.0769036824;1.03405596;0.747698932;0.0317892956;10;0.833333213;0;1.044444;0.999997783;0.999998385
23.518458;1.03408921;0.830785358;0.0354219683;0.803398874;0.0342547973;1.04471591;1.04980572;0.811362417;0.0769947362;1.034089;0.747706895;0.0318800963;10;0.833333104;0;1.044444;0.999998032;0.999997772
23.530458;1.03411206;0.830791136;0.0354908912;0.803386554;0.0343208214;1.04475894;1.04983255;0.811346957;0.077059235;1.034112;0.747711828;0.0319419255;10;0.833332944;0;1.044444;0.999998344;0.999997442
23.531458;1.03411406;0.830792272;0.0354975615;0.803386081;0.0343271953;1.04476294;1.04983453;0.811346484;0.0770643655;1.03411399;0.747712836;0.0319479123;10;0.833332929;0;1.044444;0.999998367;0.999997417
23.535458;1.03412107;0.83079459;0.0355198103;0.80338281;0.0343484009;1.04477795;1.04984249;0.811342481;0.0770848913;1.03412099;0.74771488;0.0319678657;10;0.833332866;0;1.044444;0.99999844;0.999997324
23.542458;1.03413501;0.830798104;0.0355599097;0.803375142;0.0343864776;1.04480299;1.04985842;0.811334478;0.0771217225;1.03413502;0.747717984;0.0320038188;10;0.833332778;0;1.044444;0.999998451;0.999997214
23.552458;1.03415283;0.830804889;0.0356178163;0.803367489;0.034441567;1.04483812;1.04987946;0.811323725;0.0771740263;1.03415312;0.747724056;0.0320558023;10;0.833332694;0;1.044444;0.999998263;0.999997182
23.553458;1.03415481;0.830805998;0.0356233744;0.803366996;0.0344468537;1.04484214;1.04988148;0.811323253;0.0771791641;1.03415512;0.747725056;0.0320608008;10;0.833332687;0;1.044444;0.999998237;0.999997188
23.554458;1.0341568;0.830805995;0.03562893;0.80336543;0.0344521406;1.04484515;1.0498845;0.81132095;0.0771842302;1.03415713;0.747725055;0.032065799;10;0.83333268;0;1.044444;0.999999211;0.999998196
23.579458;1.03420153;0.830823676;0.0357674428;0.80334717;0.034584924;1.04493225;1.04993662;0.811297831;0.0773126932;1.03420225;0.747741133;0.0321908508;10;0.833332484;0;1.044444;0.999999013;0.999998678
23.584458;1.03421049;0.830827033;0.0357952322;0.803343319;0.0346115769;1.04494911;1.04994759;0.811293494;0.0773373007;1.03421122;0.74774416;0.0322159639;10;0.83333257;0;1.044444;0.999999025;0.999998714
23.587458;1.03421547;0.830829264;0.0358119255;0.803341561;0.0346275646;1.04496004;1.0499536;0.81129092;0.0773527634;1.0342162;0.747746164;0.0322310257;10;0.833332628;0;1.044444;0.999999046;0.999998719
23.588458;1.03421746;0.830830376;0.0358174922;0.80334108;0.0346328791;1.04496302;1.0499556;0.811290414;0.0773579188;1.03421819;0.747747165;0.0322360445;10;0.833332647;0;1.044444;0.999999057;0.999998719
23.593458;1.03422643;0.830834813;0.0358442173;0.803338431;0.0346583726;1.04497998;1.04996563;0.811285759;0.0773826334;1.03422713;0.747751166;0.032260128;10;0.833332751;0;1.044444;0.999999139;0.9999987
23.597458;1.03423241;0.830838134;0.0358664709;0.803337065;0.0346796383;1.04499299;1.04997368;0.811282674;0.0774032479;1.03423309;0.74775416;0.0322801865;10;0.83333284;0;1.044444;0.999999224;0.999998682
23.598458;1.03423441;0.83083813;0.0358709191;0.80333553;0.0346838642;1.044997;1.0499757;0.81128217;0.0774073428;1.03423508;0.747754156;0.0322842003;10;0.833332861;0;1.044444;0.999999245;0.999998681
23.605458;1.03424637;0.830844779;0.0359086973;0.803332763;0.0347200136;1.0450201;1.04998984;0.811276585;0.0774423278;1.03424705;0.747760131;0.0323182838;10;0.833332973;0;1.044444;0.999999364;0.999998708
23.632458;1.03429298;0.83086981;0.0360520087;0.803321159;0.0348575105;1.04510871;1.05004424;0.811259279;0.0775746535;1.03429305;0.747781927;0.0324470436;10;0.833333147;0;1.044444;0.999999133;0.999998666
23.633458;1.03429502;0.830870927;0.0360575743;0.803320682;0.0348628129;1.04511168;1.05004625;0.811258797;0.077578723;1.03429504;0.747782908;0.0324520196;10;0.833333134;0;1.044444;0.999999118;0.999998649
23.638458;1.03430318;0.830876475;0.0360831742;0.803319811;0.0348872086;1.04512751;1.05005624;0.811256358;0.0776032996;1.03430299;0.747787818;0.0324748733;10;0.833333069;0;1.044444;0.999999027;0.999998556
23.639458;1.0343052;0.830876467;0.0360887362;0.803318242;0.0348924989;1.04513048;1.05005724;0.811256637;0.0776074423;1.03430498;0.747787803;0.0324798389;10;0.833333058;0;1.044444;0.999999006;0.99999854
23.650458;1.03432325;0.830888601;0.0361454218;0.803315735;0.0349465551;1.04516534;1.05007912;0.811250152;0.0776596637;1.03432299;0.747798735;0.032530467;10;0.833333;0;1.044444;0.999998737;0.999998512
23.652458;1.03432622;0.830889702;0.0361554117;0.803314398;0.0349561162;1.04517137;1.05008209;0.81124994;0.0776700242;1.03432602;0.74779975;0.0325394204;10;0.833333004;0;1.044444;0.999998692;0.999998528
23.662458;1.03434205;0.83090067;0.0362063807;0.803312331;0.0350050674;1.04520372;1.05010097;0.811244719;0.0777163633;1.03434227;0.747809874;0.0325853586;10;0.833333164;0;1.044444;0.999998487;0.999998629
23.671458;1.03435596;0.830910453;0.0362506291;0.803310989;0.0350477261;1.04523196;1.05011788;0.81124218;0.0777587142;1.03435648;0.747818938;0.0326254598;10;0.833333387;0;1.044444;0.999998266;0.999998637
23.686458;1.03437994;0.830926946;0.0363248903;0.803308927;0.0351188477;1.04527698;1.0501458;0.811236593;0.0778279136;1.03438058;0.747834062;0.0326925416;10;0.833333621;0;1.044444;0.999998136;0.999998543
23.687458;1.03438094;0.830928054;0.036330449;0.803309267;0.035124171;1.04527998;1.05014779;0.811236107;0.077833072;1.03438158;0.747835074;0.032697547;10;0.833333627;0;1.044444;0.999998151;0.99999854
23.689458;1.03438394;0.83093027;0.0363404632;0.803309169;0.0351337052;1.04528598;1.05015077;0.811235896;0.0778423992;1.03438456;0.747837097;0.0327065607;10;0.833333634;0;1.044444;0.999998188;0.999998537
23.695458;1.03439291;0.830938013;0.0363694477;0.803309931;0.0351611903;1.04530396;1.05016167;0.811234684;0.0778691282;1.03439345;0.74784415;0.0327326246;10;0.833333586;0;1.044444;0.999998348;0.999998519
23.696458;1.03439489;0.830939116;0.0363739142;0.803309487;0.0351653899;1.04530695;1.05016366;0.811234168;0.0778742695;1.03439542;0.747845157;0.0327366402;10;0.833333565;0;1.044444;0.999999377;0.999999514
23.702458;1.03440377;0.83094574;0.0364040657;0.803309114;0.0351939069;1.04532495;1.05017455;0.811232892;0.077900935;1.03440421;0.747851182;0.0327637839;10;0.833333367;0;1.044444;0.999999553;0.999999486
23.715458;1.03442337;0.830962439;0.036466565;0.803309795;0.0352531248;1.04536413;1.05019738;0.811229702;0.0779594696;1.03442381;0.747866265;0.0328201189;10;0.833332729;0;1.044444;0.999999831;0.999999545
23.724458;1.03443613;0.830973568;0.0365088761;0.80331029;0.0352932774;1.04539019;1.05021234;0.811229689;0.0779996244;1.03443662;0.747876363;0.0328581946;10;0.833332384;0;1.044444;0.999999795;0.999999738
23.725458;1.03443712;0.830974678;0.0365144336;0.803310567;0.0352985878;1.04539319;1.05021434;0.811229196;0.0780037082;1.0344376;0.747877371;0.0328631983;10;0.833332353;0;1.044444;0.999999785;0.999999763
23.732458;1.03444812;0.830983556;0.0365466473;0.803310457;0.0353292213;1.04541309;1.05022639;0.811228375;0.0780345286;1.03444846;0.747885357;0.0328921944;10;0.833332194;0;1.044444;0.999999722;0.999999908
23.738458;1.03445619;0.830992437;0.0365744263;0.803312706;0.0353557651;1.04542997;1.05023745;0.811227303;0.0780600598;1.03445639;0.747893241;0.0329171497;10;0.83333212;0;1.044444;0.999999697;0.999999973
23.739458;1.03445821;0.830993551;0.0365799802;0.803312209;0.035361071;1.04543295;1.05023846;0.81122865;0.0780641941;1.03445839;0.747894217;0.0329221419;10;0.833332112;0;1.044444;0.999999695;0.99999998
23.763458;1.03449247;0.831025642;0.0366896889;0.803316724;0.0354666098;1.04549967;1.05027959;0.811227794;0.0781665033;1.03449244;0.74792266;0.0330211636;10;0.833332294;0;1.044444;1.00000005;1.00000034
23.764458;1.03449349;0.831026733;0.0366941141;0.803317022;0.0354708745;1.04550167;1.05028059;0.811229135;0.0781717173;1.03449345;0.747923646;0.0330251699;10;0.833332307;0;1.044444;1.00000006;1.00000036
23.779458;1.03451469;0.831047564;0.0367607278;0.803321233;0.0355346303;1.04554276;1.05030584;0.811229801;0.0782342482;1.03451468;0.747942727;0.0330851897;10;0.833332538;0;1.044444;1.00000024;1.00000026
23.784458;1.03452174;0.831055262;0.0367830119;0.803323333;0.0355559353;1.04555678;1.05031396;0.811231029;0.0782547877;1.03452185;0.747949829;0.0331051564;10;0.83333262;0;1.044444;1.00000027;1.00000015
23.790458;1.03452978;0.831064076;0.0368097633;0.803325699;0.0355815274;1.04557277;1.05032309;0.811232599;0.0782795544;1.03453006;0.747957987;0.0331290742;10;0.833332741;0;1.044444;1.00000033;1.00000005
23.792458;1.03453178;0.831066274;0.0368186771;0.803326276;0.0355900767;1.04557775;1.05032712;0.811231646;0.0782877475;1.03453213;0.747960037;0.0331370452;10;0.833332784;0;1.044444;1.00000035;1.00000004
23.793458;1.03453378;0.831068483;0.0368231325;0.80332686;0.0355943157;1.04557974;1.05032813;0.811233001;0.0782919203;1.03453416;0.747962058;0.0331410314;10;0.833332806;0;1.044444;1.00000036;1.00000003
23.807458;1.0345517;0.831088404;0.0368832696;0.803331904;0.0356517132;1.04561668;1.05035014;0.811236172;0.0783496908;1.03455259;0.74798014;0.033194915;10;0.833333117;0;1.044444;1.00000052;0.99999999
23.813458;1.03455969;0.831097318;0.0369089035;0.803334156;0.0356761198;1.04563271;1.05035912;0.811237647;0.0783733533;1.03456073;0.747988144;0.0332178481;10;0.833333204;0;1.044444;1.00000062;1.00000005
23.837458;1.03459092;0.831135433;0.0370097237;0.803346965;0.0357724439;1.04569376;1.05039608;0.811244894;0.0784689593;1.03459141;0.74802236;0.0333086629;10;0.83333318;0;1.044444;1.00000045;1.00000039
23.841458;1.0345959;0.831141049;0.0370262447;0.80334856;0.0357882773;1.04570374;1.05040206;0.811246612;0.0784843731;1.03459633;0.748027435;0.0333236465;10;0.833333202;0;1.044444;1.00000035;1.0000004
23.846458;1.03460187;0.831149979;0.0370472183;0.803352588;0.0358083487;1.04571571;1.05040905;0.811248611;0.0785039255;1.03460221;0.748035513;0.0333426375;10;0.833333269;0;1.044444;1.00000022;1.00000041
23.855458;1.03461282;0.8311633;0.0370838019;0.803356953;0.0358432149;1.04573762;1.05042308;0.811251523;0.0785377187;1.03461295;0.748047607;0.0333756378;10;0.833333399;0;1.044444;1.00000003;1.00000036
23.858458;1.03461581;0.831168842;0.0370960274;0.803360002;0.0358548697;1.04574458;1.0504271;0.811253713;0.0785490447;1.03461588;0.748052617;0.0333866376;10;0.83333342;0;1.044444;0.999999993;1.00000034
23.883458;1.03464549;0.831210356;0.0371952607;0.803376742;0.0359497186;1.04580441;1.05046341;0.811265271;0.078643567;1.03464572;0.748089333;0.0334756007;10;0.833332868;0;1.044444;0.999999912;1.00000023
23.885458;1.03464847;0.831212604;0.0372030408;0.803376566;0.0359572077;1.04580942;1.05046544;0.811266939;0.0786508093;1.03464873;0.748091288;0.0334825962;10;0.833332824;0;1.044444;0.999999908;1.00000028
23.887458;1.03465047;0.831215959;0.0372108118;0.803378235;0.035964726;1.04581344;1.05046846;0.811267832;0.0786590386;1.03465074;0.748094241;0.0334895873;10;0.833332788;0;1.044444;0.999999904;1.00000034
23.890458;1.03465346;0.831221538;0.0372230113;0.803381272;0.0359765318;1.04582049;1.05047248;0.811270079;0.0786693113;1.03465376;0.748099168;0.0335005623;10;0.833332745;0;1.044444;0.999999898;1.00000043
23.891458;1.03465446;0.831222656;0.037226335;0.803381567;0.0359797491;1.0458235;1.05047448;0.811269604;0.0786733918;1.03465477;0.748100144;0.0335035508;10;0.833332731;0;1.044444;1.0000009;1.00000146
23.894458;1.03465847;0.83122823;0.0372385253;0.803383814;0.0359915068;1.04583057;1.05047849;0.811271824;0.078684725;1.03465878;0.748105069;0.0335145075;10;0.833332693;0;1.044444;1.0000009;1.00000152
23.900458;1.03466548;0.831238269;0.0372618163;0.80338797;0.0360139344;1.04584371;1.05048651;0.811275127;0.0787063554;1.03466578;0.748113937;0.0335353834;10;0.833332626;0;1.044444;1.00000093;1.00000154
23.901458;1.03466648;0.831240497;0.0372651476;0.80338932;0.0360171335;1.04584673;1.05048851;0.811275684;0.0787093883;1.03466678;0.74811592;0.0335383592;10;0.833332615;0;1.044444;1.00000093;1.00000153
23.922458;1.03468952;0.831276244;0.0373452264;0.803405408;0.0360935937;1.04589412;1.05051632;0.811288746;0.0787858492;1.03468999;0.748147783;0.033610254;10;0.833332449;0;1.044444;1.00000113;1.00000109
23.928458;1.03469651;0.831286243;0.037367553;0.803409659;0.0361146986;1.04590722;1.05052427;0.811292157;0.0788075213;1.03469711;0.748156795;0.0336304036;10;0.8333324;0;1.044444;1.00000114;1.000001
23.934458;1.03470353;0.831297269;0.0373898955;0.803414987;0.0361357537;1.04592024;1.05053219;0.811296669;0.0788281089;1.03470416;0.748166832;0.0336505824;10;0.83333233;0;1.044444;1.00000113;1.00000089
23.955458;1.03472598;0.831333602;0.037465748;0.803433245;0.0362079367;1.04596611;1.05055918;0.811312152;0.0789011592;1.03472611;0.748200118;0.0337186161;10;0.833332361;0;1.044444;1.00000122;1.00000069
23.957458;1.03472808;0.831336919;0.0374735365;0.803434913;0.0362154223;1.0459701;1.0505612;0.811313805;0.0789073509;1.03472811;0.748203167;0.0337256025;10;0.833332385;0;1.044444;1.00000123;1.00000071
23.968458;1.03473947;0.831355716;0.0375124992;0.803444594;0.0362528406;1.04599308;1.05057528;0.811322099;0.0789454514;1.0347392;0.74822042;0.0337605636;10;0.833332557;0;1.044444;1.00000125;1.00000089
23.992458;1.03476343;0.831398717;0.0375957795;0.803467882;0.0363326697;1.04604193;1.05060431;0.811342124;0.0790250763;1.03476305;0.748259568;0.0338357475;10;0.833332677;0;1.044444;1.00000093;1.00000137
24.000458;1.03477143;0.831413159;0.0376223064;0.803475775;0.0363582134;1.04605785;1.05061323;0.811349032;0.0790509663;1.03477079;0.748272383;0.0338597347;10;0.833332634;0;1.044444;1.00000084;1.00000137
24.006458;1.03477745;0.831424319;0.0376422219;0.803481853;0.0363773946;1.04606981;1.05062118;0.811353458;0.0790704983;1.03477658;0.748282281;0.0338777232;10;0.833332592;0;1.044444;1.00000079;1.00000137
24.010458;1.03478148;0.83143214;0.0376555197;0.803486213;0.0363901832;1.04607777;1.05062516;0.811357737;0.0790828809;1.03478047;0.748289225;0.0338896965;10;0.833332569;0;1.044444;1.0000008;1.00000139
24.011458;1.03478248;0.831434374;0.0376588472;0.803487569;0.0363933774;1.04607876;1.05062616;0.811359066;0.0790870293;1.03478145;0.748291211;0.0338926863;10;0.833332564;0;1.044444;1.00000081;1.0000014
24.016458;1.03478751;0.831443302;0.0376755023;0.803492211;0.0364093159;1.04608871;1.05063217;0.811362813;0.0791023783;1.03478641;0.748299137;0.0339076222;10;0.833332543;0;1.044444;1.00000087;1.00000142
24.037458;1.03480615;0.831482082;0.0377446165;0.803515108;0.0364750105;1.04612871;1.05065598;0.811382;0.0791677247;1.0348058;0.748333988;0.0339694483;10;0.833332553;0;1.044444;1.00000093;1.00000126
24.051458;1.03481884;0.831507886;0.0377891527;0.803529718;0.0365173187;1.04615496;1.05067075;0.811395445;0.0792108247;1.03481896;0.748357026;0.0340094455;10;0.83333288;0;1.044444;1.00000088;1.00000128
24.052458;1.03481982;0.831510124;0.0377913697;0.803531085;0.036519417;1.04615697;1.05067175;0.81139676;0.0792128524;1.03481996;0.748359021;0.0340114418;10;0.833332906;0;1.044444;1.00000088;1.00000129
24.061458;1.03482679;0.831526876;0.0378202014;0.803541706;0.0365470295;1.04617285;1.05068184;0.811404705;0.0792405561;1.03482692;0.748373948;0.0340373475;10;0.833333061;0;1.044444;1.00000093;1.00000139
24.068458;1.03483388;0.83154021;0.0378413147;0.80354917;0.0365672577;1.04618565;1.05068989;0.811411203;0.0792610509;1.03483386;0.748385952;0.0340562274;10;0.833333152;0;1.044444;1.00000102;1.00000138
24.070458;1.03483492;0.831543533;0.037847985;0.803551625;0.0365736968;1.04618961;1.0506919;0.811413895;0.079267241;1.03483484;0.748388972;0.0340622025;10;0.833333169;0;1.044444;1.00000106;1.00000137
24.071458;1.03483595;0.831545749;0.0378502081;0.803553001;0.0365758256;1.04619058;1.0506929;0.811414182;0.0792703385;1.03483583;0.748390984;0.0340641934;10;0.833333175;0;1.044444;1.00000109;1.00000137
24.078458;1.03484214;0.831559018;0.0378724128;0.803561227;0.0365972056;1.04620348;1.05069994;0.811422496;0.0792910013;1.03484181;0.748403122;0.034084196;10;0.833333159;0;1.044444;1.00000131;1.00000132
24.094458;1.03485621;0.831588792;0.0379201503;0.803579094;0.0366428079;1.04623073;1.05071613;0.811438494;0.0793376947;1.03485561;0.748430327;0.034127404;10;0.833333109;0;1.044444;1.00000181;1.00000103
24.095458;1.03485619;0.831590996;0.0379223711;0.803581222;0.036644934;1.04623276;1.05071714;0.811439833;0.0793408116;1.03485559;0.748432325;0.0341294256;10;0.833333101;0;1.044444;1.00000183;1.00000101
24.105458;1.03486508;0.831609692;0.0379523456;0.803592332;0.0366734598;1.04625006;1.0507281;0.811450388;0.0793685805;1.03486436;0.748449258;0.0341566043;10;0.833332928;0;1.044444;1.00000193;1.00000091
24.129458;1.03488436;0.831656112;0.0380216185;0.803622837;0.0367397992;1.04629026;1.05075076;0.811477308;0.0794354265;1.03488339;0.748491416;0.0342186399;10;0.833332714;0;1.044444;1.00000168;1.00000136
24.132458;1.03488643;0.831661713;0.0380293854;0.803626687;0.0367473252;1.04629521;1.05075372;0.811480326;0.0794436606;1.03488544;0.748496399;0.0342256648;10;0.83333275;0;1.044444;1.0000016;1.00000139
24.136458;1.03488954;0.83166958;0.0380404425;0.803631895;0.0367580399;1.04630113;1.05075767;0.811484703;0.0794549901;1.0348885;0.748503355;0.0342357132;10;0.833332813;0;1.044444;1.00000148;1.00000142
24.137458;1.03489056;0.831670716;0.038043755;0.803632192;0.03676124;1.04630311;1.05075865;0.81148606;0.0794570284;1.03488951;0.748504341;0.0342387265;10;0.833332831;0;1.044444;1.00000145;1.00000143
24.145458;1.03489669;0.831686403;0.0380657138;0.803642525;0.0367825238;1.04631498;1.05076559;0.811495587;0.0794786712;1.03489559;0.748518214;0.0342588287;10;0.833332953;0;1.044444;1.00000121;1.00000148
24.161458;1.03490858;0.831717506;0.0381084572;0.803663187;0.0368237226;1.04633995;1.0507808;0.811514826;0.0795209245;1.03490783;0.748546133;0.0342979346;10;0.833333015;0;1.044444;1.00000094;1.00000168
24.180458;1.03492096;0.831753876;0.0381582316;0.803688443;0.0368712976;1.04636908;1.05079792;0.811536709;0.0795703742;1.03492117;0.748579174;0.034343065;10;0.833333287;0;1.044444;1.00000116;1.00000174
24.184458;1.03492389;0.831761537;0.0381682528;0.803693633;0.0368807679;1.04637511;1.05080091;0.811542905;0.0795806568;1.03492424;0.748586184;0.0343521275;10;0.833333282;0;1.044444;1.00000126;1.00000176
24.188458;1.03492685;0.831769231;0.0381782954;0.803698817;0.0368902648;1.04638115;1.0508039;0.81154805;0.0795898633;1.03492732;0.748593215;0.0343611691;10;0.833333262;0;1.044444;1.00000136;1.00000176
24.199458;1.03493364;0.831790307;0.038207367;0.803713683;0.0369179192;1.04639621;1.05081411;0.811560564;0.0796174352;1.03493446;0.748612339;0.0343871659;10;0.833333259;0;1.044444;1.00000156;1.00000169
24.216458;1.0349453;0.83182379;0.0382501201;0.80373637;0.0369582206;1.0464201;1.05082854;0.811582378;0.0796586362;1.03494637;0.748642447;0.0344250614;10;0.833333428;0;1.044444;1.0000012;1.00000178
24.219458;1.03494731;0.83182942;0.0382568904;0.803740176;0.0369645785;1.04642508;1.05083051;0.811586088;0.079665913;1.03494835;0.748647416;0.0344310389;10;0.833333429;0;1.044444;1.00000106;1.00000179
24.229458;1.03495345;0.831849785;0.0382816394;0.803754961;0.0369879327;1.046438;1.05083831;0.81159884;0.0796907489;1.0349543;0.748665282;0.0344529459;10;0.833333351;0;1.044444;1.00000062;1.00000179
24.238458;1.03495948;0.831866807;0.0383028159;0.803766515;0.037007981;1.04644994;1.05084624;0.811609451;0.079711362;1.03496019;0.748680163;0.0344718407;10;0.833333282;0;1.044444;1.00000036;1.00000168
24.251458;1.03496743;0.831892714;0.0383338113;0.803785028;0.0370376698;1.04646791;1.05085618;0.811625908;0.0797413517;1.03496814;0.748703009;0.0344997129;10;0.833333163;0;1.044444;1.00000038;1.00000143
24.264458;1.03497447;0.831918429;0.0383638444;0.803804314;0.0370664646;1.04648395;1.0508652;0.811643389;0.0797714327;1.03497522;0.748726043;0.0345266995;10;0.833333032;0;1.044444;1.00000063;1.00000113
24.265458;1.03497547;0.831920657;0.0383660772;0.803805686;0.0370685871;1.04648595;1.0508662;0.811644753;0.079773475;1.03497623;0.74872804;0.0345286946;10;0.833333025;0;1.044444;1.00000166;1.0000021
24.268458;1.03497749;0.831926224;0.0383727772;0.803809499;0.037075003;1.04648896;1.05086824;0.811649626;0.0797807305;1.03497824;0.748733018;0.034534677;10;0.833333014;0;1.044444;1.00000173;1.000002
24.271458;1.03497953;0.831931786;0.0383794748;0.803813306;0.0370814375;1.04649297;1.05087128;0.811652673;0.0797868457;1.03498023;0.748737979;0.0345406585;10;0.833333019;0;1.044444;1.00000181;1.0000019
24.278458;1.0349836;0.831945108;0.0383951204;0.803823052;0.0370965192;1.046502;1.05087635;0.811661666;0.0798023186;1.0349842;0.748749898;0.0345545981;10;0.83333311;0;1.044444;1.000002;1.00000168
24.285458;1.03498765;0.831958322;0.0384107695;0.803832791;0.0371115365;1.04651005;1.05088132;0.811671656;0.079817776;1.03498814;0.748761843;0.0345685192;10;0.83333327;0;1.044444;1.00000213;1.00000151
24.287458;1.03498868;0.831962699;0.0384152242;0.803836297;0.0371158089;1.04651307;1.05088229;0.811674079;0.0798219176;1.03498911;0.748765821;0.0345724983;10;0.833333306;0;1.044444;1.00000215;1.00000148
24.302458;1.0349969;0.831990843;0.038447301;0.803858047;0.0371466518;1.04653102;1.05089284;0.811694099;0.079853679;1.03499677;0.748791785;0.0346014197;10;0.833333199;0;1.044444;1.00000214;1.00000137
24.313458;1.03500291;0.832011533;0.0384692007;0.803874021;0.0371678791;1.04654379;1.05089972;0.811709751;0.0798763395;1.03500266;0.748810949;0.0346214383;10;0.833332812;0;1.044444;1.00000207;1.00000143
24.315458;1.0350039;0.832015945;0.0384735684;0.803877582;0.03717211;1.04654575;1.05090073;0.811712154;0.0798815469;1.03500367;0.748814992;0.0346254491;10;0.833332744;0;1.044444;1.00000205;1.00000145
24.320458;1.03500689;0.832024778;0.0384833672;0.803883925;0.0371815587;1.0465517;1.05090479;0.811718599;0.0798907591;1.03500671;0.748823091;0.0346344958;10;0.833332608;0;1.044444;1.00000201;1.0000015
24.325458;1.03500892;0.832034756;0.0384942778;0.803892078;0.0371921129;1.0465567;1.05090789;0.811725782;0.0799011241;1.03500879;0.748832148;0.0346445635;10;0.833332536;0;1.044444;1.00000198;1.00000155
24.345458;1.03501921;0.832073823;0.0385338701;0.803921593;0.0372301999;1.04657891;1.05092095;0.811752584;0.0799413851;1.03501908;0.748867102;0.0346808781;10;0.833332498;0;1.044444;1.00000196;1.00000181
24.351458;1.03502229;0.832085082;0.0385450171;0.803929893;0.0372407835;1.04658597;1.05092491;0.811761139;0.0799537177;1.03502214;0.74887705;0.0346909034;10;0.833332488;0;1.044444;1.00000201;1.00000183
24.359458;1.03502633;0.832100837;0.0385606906;0.803941783;0.0372556702;1.04659407;1.0509289;0.811772818;0.0799692208;1.0350263;0.74889109;0.034704858;10;0.833332548;0;1.044444;1.00000202;1.00000185
24.367458;1.03503035;0.832116573;0.0385763984;0.803953779;0.0372706338;1.04660215;1.05093389;0.81178377;0.0799836716;1.03503042;0.748905326;0.0347188158;10;0.833332695;0;1.044444;1.00000197;1.00000186
24.368458;1.03503034;0.832117703;0.0385775346;0.803954858;0.0372717244;1.04660415;1.05093489;0.811785125;0.0799857151;1.03503042;0.748906361;0.0347198131;10;0.833332717;0;1.044444;1.00000197;1.00000186
24.389458;1.03503999;0.832157705;0.038616971;0.803985621;0.0373093582;1.04662523;1.05094713;0.811815224;0.0800249527;1.03503997;0.748942434;0.0347549102;10;0.833333088;0;1.044444;1.00000171;1.00000204
24.402458;1.03504469;0.832182931;0.0386403065;0.804006239;0.037332047;1.0466372;1.05095404;0.811834103;0.0800488656;1.0350447;0.748965025;0.034776196;10;0.833333112;0;1.044444;1.00000157;1.00000193
24.414458;1.03504973;0.832204957;0.0386613333;0.80402366;0.0373523384;1.04664816;1.05096085;0.811849856;0.0800695615;1.03504939;0.748984795;0.0347953644;10;0.83333323;0;1.044444;1.00000161;1.00000171
24.421458;1.03505287;0.832218266;0.0386724072;0.804034121;0.0373629078;1.04665501;1.05096482;0.811860471;0.0800819886;1.0350523;0.748996825;0.0348053263;10;0.833333178;0;1.044444;1.00000168;1.00000168
24.433458;1.03505794;0.832240578;0.0386924188;0.804051609;0.0373819975;1.04666577;1.05097077;0.811876885;0.0801016292;1.03505752;0.749016961;0.0348232278;10;0.833332778;0;1.044444;1.00000181;1.00000177
24.435458;1.03505893;0.832245054;0.0386957805;0.804055133;0.0373851782;1.04666677;1.05097176;0.81188033;0.0801057723;1.03505857;0.749020972;0.0348262171;10;0.8333327;0;1.044444;1.00000182;1.0000018
24.440458;1.0350599;0.832254029;0.0387047528;0.80406297;0.0373937388;1.04667182;1.05097374;0.81188723;0.0801140211;1.0350597;0.749028998;0.0348342026;10;0.833332534;0;1.044444;1.00000181;1.00000189
24.456458;1.0350661;0.83228435;0.0387304349;0.804087574;0.0374181277;1.0466849;1.05098183;0.811910595;0.0801394271;1.03506583;0.749056137;0.0348572278;10;0.833332556;0;1.044444;1.00000177;1.00000224
24.459458;1.03506814;0.832289919;0.0387348494;0.804091469;0.0374222604;1.04668788;1.05098389;0.811914333;0.0801444949;1.03506777;0.749061116;0.0348612117;10;0.833332655;0;1.044444;1.00000181;1.00000232
24.489458;1.03507785;0.832344994;0.0387786094;0.804137849;0.0374649944;1.04671192;1.05099681;0.811958195;0.0801911253;1.0350773;0.749110683;0.0349013634;10;0.833333293;0;1.044444;1.00000202;1.00000248
24.492458;1.03507879;0.832350601;0.0387830088;0.804142453;0.0374693001;1.04671391;1.05099876;0.811961942;0.0801952278;1.03507828;0.74911573;0.0349053663;10;0.833333309;0;1.044444;1.00000203;1.00000248
24.503458;1.03508168;0.832370907;0.0387997219;0.804159523;0.0374853707;1.04672182;1.05100254;0.811978837;0.0802118975;1.03508129;0.749134012;0.0349201725;10;0.833333315;0;1.044444;1.00000202;1.00000251
24.510458;1.03508469;0.832383287;0.0388088175;0.804169006;0.0374938878;1.04672682;1.05100545;0.811989074;0.0802213151;1.03508437;0.749145058;0.0349279983;10;0.833333232;0;1.044444;1.00000193;1.00000249
24.515458;1.03508571;0.832393332;0.038816718;0.804177909;0.0375013656;1.04673088;1.05100742;0.811995913;0.0802287204;1.03508547;0.749154012;0.0349348792;10;0.833333125;0;1.044444;1.00000183;1.00000245
24.533458;1.03509076;0.832425521;0.0388400315;0.804204988;0.0375235513;1.04674323;1.05101442;0.812022172;0.0802551951;1.03509086;0.749183052;0.0349557435;10;0.833332728;0;1.044444;1.00000174;1.0000024
24.555458;1.0350967;0.832464679;0.0388676443;0.804237684;0.0375498606;1.04675821;1.0510237;0.812053683;0.0802841843;1.03509713;0.749218235;0.0349809587;10;0.833332716;0;1.044444;1.00000205;1.00000256
24.561458;1.03509861;0.8324758;0.0388754452;0.804246936;0.0375572298;1.04676219;1.05102587;0.812062831;0.0802913541;1.03509913;0.749228201;0.034988035;10;0.833332711;0;1.044444;1.00000197;1.00000257
24.576458;1.0351025;0.832502172;0.0388934634;0.80426987;0.037574289;1.04677113;1.05103112;0.812085496;0.0803109374;1.03510282;0.74925222;0.0350039339;10;0.833332635;0;1.044444;1.00000169;1.00000247
24.580458;1.03510248;0.832508819;0.0388990244;0.804276394;0.0375796961;1.04677311;1.05103216;0.812091059;0.0803150351;1.03510274;0.749258217;0.0350088708;10;0.833332608;0;1.044444;1.00000167;1.0000024
24.581458;1.03510348;0.832511043;0.0389001291;0.804277785;0.0375807427;1.04677411;1.05103217;0.812093169;0.0803171315;1.03510372;0.749260215;0.0350098576;10;0.8333326;0;1.044444;1.00000167;1.00000238
24.610458;1.03510923;0.832561747;0.0389323313;0.804321892;0.0376113941;1.04679086;1.05104126;0.81213461;0.0803509657;1.0351091;0.749304944;0.0350385593;10;0.833332616;0;1.044444;1.00000205;1.00000213
24.617458;1.03511123;0.832574164;0.0389390415;0.804332168;0.0376176598;1.04679388;1.0510442;0.812143966;0.0803581002;1.03511113;0.749315808;0.0350446602;10;0.83333265;0;1.044444;1.00000205;1.00000216
24.627458;1.03511325;0.832591909;0.0389501122;0.8043478;0.0376282451;1.04679871;1.05104596;0.812159411;0.0803694735;1.03511332;0.749331579;0.0350549041;10;0.833332683;0;1.044444;1.00000212;1.00000213
24.632458;1.03511428;0.832599539;0.03895449;0.804354486;0.0376325135;1.04680152;1.05104777;0.812166307;0.0803745694;1.03511437;0.749338486;0.0350589664;10;0.833332702;0;1.044444;1.00000222;1.0000021
24.651458;1.03511746;0.832632186;0.0389731132;0.804384059;0.0376508622;1.04680974;1.05105219;0.81219383;0.0803942738;1.03511758;0.749368429;0.0350758365;10;0.833332949;0;1.044444;1.00000268;1.00000228
24.664458;1.03511952;0.832653101;0.0389853653;0.804402732;0.0376626217;1.0468155;1.05105533;0.81221261;0.080407922;1.03511969;0.749387565;0.0350868809;10;0.833332964;0;1.044444;1.00000263;1.00000249
24.667458;1.03512051;0.832658698;0.0389876304;0.804407306;0.0376647338;1.04681648;1.05105642;0.812217102;0.080411014;1.0351207;0.749392626;0.0350889017;10;0.833332915;0;1.044444;1.00000259;1.0000025
24.673458;1.03512053;0.832668828;0.0389933233;0.804416939;0.0376701189;1.04681848;1.05105759;0.812225759;0.0804172735;1.03512072;0.749401771;0.035093945;10;0.833332835;0;1.044444;1.00000246;1.00000249
24.674458;1.03512154;0.83266996;0.0389944643;0.804417229;0.037671158;1.04681948;1.05105762;0.8122268;0.0804172726;1.03512173;0.749402797;0.0350949479;10;0.833332826;0;1.044444;1.00000243;1.00000249
24.691458;1.03512388;0.832699012;0.0390093777;0.804443391;0.0376851233;1.04682682;1.05106197;0.812251047;0.0804338572;1.03512356;0.749429218;0.0351077418;10;0.833333023;0;1.044444;1.00000211;1.00000228
24.720458;1.03512779;0.832745482;0.0390312623;0.804485854;0.0377070504;1.04683702;1.05106746;0.81229392;0.0804591867;1.03512801;0.749471402;0.0351275205;10;0.833333261;0;1.044444;1.00000219;1.00000204
24.721458;1.03512778;0.832747687;0.0390323634;0.804488032;0.0377081299;1.04683702;1.05106845;0.812294205;0.0804601509;1.03512804;0.74947341;0.0351285358;10;0.833333253;0;1.044444;1.00000221;1.00000201
24.741458;1.03512952;0.832778788;0.0390466831;0.804516465;0.0377216892;1.04684312;1.05107081;0.812323414;0.0804753485;1.03513047;0.749501348;0.035141741;10;0.833333141;0;1.044444;1.0000026;1.00000171
24.748458;1.03512945;0.832790041;0.0390510389;0.804527041;0.0377257666;1.04684616;1.0510716;0.812333046;0.0804815407;1.03513043;0.749511134;0.0351456742;10;0.833333112;0;1.044444;1.00000266;1.00000174
24.751458;1.03513043;0.832795675;0.039053212;0.804531586;0.0377277907;1.04684617;1.05107156;0.812338287;0.0804836601;1.03513138;0.749516036;0.0351476384;10;0.833333087;0;1.044444;1.00000267;1.00000174
24.759458;1.03513033;0.832808082;0.0390575533;0.804543355;0.0377318766;1.0468492;1.05107354;0.81234837;0.080489966;1.03513123;0.749526852;0.0351515771;10;0.833333012;0;1.044444;1.00000273;1.00000167
24.774458;1.03513104;0.832831367;0.0390664129;0.804565019;0.0377401696;1.04685226;1.05107565;0.812370339;0.0805007401;1.03513206;0.7495478;0.0351596206;10;0.833332899;0;1.044444;1.00000278;1.00000164
24.797458;1.03513205;0.832866708;0.0390800553;0.804598491;0.0377531676;1.0468582;1.05107795;0.812402526;0.0805155988;1.03513335;0.749580136;0.0351719312;10;0.833332525;0;1.044444;1.00000231;1.00000184
24.811458;1.03513351;0.832887629;0.0390880631;0.804618184;0.0377607462;1.04685989;1.05107873;0.812422914;0.0805247756;1.03513441;0.749599125;0.0351791052;10;0.833332754;0;1.044444;1.00000233;1.00000217
24.824458;1.03513388;0.832907638;0.0390936001;0.804637655;0.0377664795;1.04686169;1.0510805;0.812440541;0.0805317047;1.03513438;0.749617136;0.0351840897;10;0.833333145;0;1.044444;1.00000233;1.00000245
24.825458;1.03513389;0.832908753;0.0390947087;0.804638733;0.0377675878;1.04686268;1.05108049;0.812441616;0.0805316815;1.03513438;0.749618142;0.0351850865;10;0.83333317;0;1.044444;1.00000233;1.00000246
24.827458;1.03513492;0.832912094;0.0390947074;0.804641181;0.0377676183;1.04686269;1.05108048;0.812444826;0.0805326982;1.03513539;0.749621157;0.0351850805;10;0.833333215;0;1.044444;1.00000233;1.00000248
24.835458;1.03513502;0.83292328;0.0390991494;0.804651875;0.0377721393;1.04686386;1.05108047;0.812456637;0.0805378886;1.03513543;0.749631219;0.0351890717;10;0.833333334;0;1.044444;1.00000237;1.00000254
24.853458;1.035135;0.832950064;0.0391055999;0.804677545;0.0377786983;1.04686723;1.05108146;0.812481244;0.0805464168;1.03513527;0.749655039;0.0351950039;10;0.833333114;0;1.044444;1.00000235;1.00000273
24.864458;1.03513492;0.832965597;0.0391099933;0.804692307;0.0377828947;1.04686808;1.05108252;0.812495964;0.0805529046;1.03513512;0.749668867;0.0351987943;10;0.833332717;0;1.044444;1.00000209;1.00000277
24.873458;1.03513493;0.832978878;0.0391133885;0.804704996;0.0377859841;1.04686896;1.05108252;0.812508466;0.0805561937;1.03513508;0.749680804;0.035201762;10;0.833332331;0;1.044444;1.00000189;1.00000267
24.879458;1.03513498;0.832987721;0.0391144614;0.804713642;0.0377869064;1.0468689;1.05108254;0.812516897;0.0805593667;1.03513505;0.749688778;0.0352027906;10;0.833332123;0;1.044444;1.00000171;1.00000256
24.882458;1.035135;0.832991027;0.0391155262;0.804716952;0.0377879127;1.04686887;1.05108257;0.812521128;0.0805603938;1.03513504;0.749691754;0.0352038097;10;0.833332051;0;1.044444;1.0000016;1.00000248
24.885458;1.03513502;0.832995438;0.0391165793;0.804721348;0.0377889367;1.04686984;1.05108362;0.812523539;0.0805613305;1.03513502;0.749695721;0.0352048407;10;0.833332006;0;1.044444;1.0000015;1.00000239
24.887458;1.03513502;0.832998744;0.0391176471;0.804724635;0.0377899882;1.04686983;1.05108365;0.812526724;0.0805623591;1.03513501;0.749698699;0.0352058683;10;0.833331992;0;1.044444;1.00000143;1.00000232
24.888458;1.03513502;0.83299984;0.0391176247;0.804725742;0.0377899804;1.04686983;1.05108367;0.812527792;0.0805634037;1.035135;0.749699688;0.0352058843;10;0.83333199;0;1.044444;1.00000139;1.00000229
24.890458;1.03513401;0.83300314;0.0391175805;0.8047298;0.0377900062;1.04686983;1.05108372;0.812530989;0.0805633831;1.03513399;0.749702669;0.0352059208;10;0.833331991;0;1.044444;1.00000134;1.00000222
24.902458;1.03513392;0.833019607;0.039120727;0.804746108;0.0377931959;1.04687095;1.05108395;0.812547136;0.0805686531;1.03513408;0.749717579;0.0352091943;10;0.833332097;0;1.044444;1.00000119;1.00000186
24.913458;1.03513387;0.83303394;0.039124042;0.804759975;0.0377963265;1.04687114;1.05108403;0.812562319;0.0805729817;1.03513421;0.749730641;0.0352122239;10;0.83333225;0;1.044444;1.00000137;1.00000161
24.922458;1.03513295;0.833046066;0.0391263354;0.804772408;0.0377984765;1.04687106;1.05108402;0.812575213;0.0805752057;1.03513329;0.749741805;0.0352141934;10;0.833332266;0;1.044444;1.00000173;1.00000154
24.935458;1.03513293;0.833063862;0.0391287502;0.804789385;0.0378007611;1.04687071;1.05108387;0.812592227;0.080579536;1.03513343;0.749758044;0.0352162622;10;0.833332186;0;1.044444;1.00000228;1.00000168
24.940458;1.03513188;0.833070567;0.0391299465;0.804796551;0.0378019182;1.04687059;1.05108277;0.81259934;0.0805817299;1.0351325;0.749764109;0.0352173068;10;0.833332243;0;1.044444;1.00000243;1.00000174
24.953458;1.03513188;0.833088635;0.0391312667;0.804813654;0.0378031414;1.04687048;1.05108257;0.812616129;0.0805848612;1.0351325;0.749780294;0.035218235;10;0.833332599;0;1.044444;1.00000267;1.00000205
24.966458;1.03513102;0.833105798;0.039133552;0.80483049;0.0378055833;1.04687058;1.05108162;0.812633726;0.0805880095;1.03513127;0.749795294;0.0352201599;10;0.833332754;0;1.044444;1.00000269;1.00000255
24.975458;1.03513026;0.833118189;0.039134783;0.804843185;0.0378068113;1.04686972;1.05108168;0.812645497;0.08059008;1.03513025;0.74980615;0.0352211779;10;0.833332816;0;1.044444;1.00000248;1.00000281
24.980458;1.03512947;0.833124815;0.0391348144;0.804850516;0.0378068814;1.04686981;1.05108169;0.812651946;0.0805910795;1.03512927;0.749812052;0.0352212168;10;0.833332852;0;1.044444;1.00000235;1.00000285
24.991458;1.03512877;0.833137957;0.039135919;0.804864553;0.0378079883;1.0468689;1.05108073;0.812666579;0.0805921248;1.03512825;0.749823894;0.0352223391;10;0.833332872;0;1.044444;1.00000223;1.00000271
24.998458;1.03512876;0.833146705;0.0391358682;0.804873303;0.0378079144;1.04686789;1.05108081;0.812674961;0.0805942263;1.03512819;0.749831777;0.0352224613;10;0.833332826;0;1.044444;1.00000217;1.00000254
25.025458;1.03512526;0.833181375;0.0391360226;0.804908468;0.0378074378;1.04686599;1.05107784;0.812709638;0.0805975144;1.0351251;0.749862382;0.0352221151;10;0.833333257;0;1.044444;1.00000179;1.00000233
25.033458;1.03512411;0.833190448;0.0391360748;0.804917706;0.0378072341;1.04686406;1.05107685;0.812720035;0.0805977448;1.0351242;0.749870386;0.0352219682;10;0.833333574;0;1.044444;1.00000162;1.0000023
25.038458;1.03512301;0.833197189;0.0391348965;0.80492495;0.0378061164;1.04686411;1.05107686;0.812725358;0.0805989194;1.03512328;0.749876369;0.0352208947;10;0.833333779;0;1.044444;1.00000152;1.00000225
25.050458;1.03512188;0.83321162;0.0391346577;0.804939952;0.0378060634;1.04686217;1.05107581;0.812740886;0.0805992505;1.03512244;0.749889277;0.0352208217;10;0.833334072;0;1.044444;1.00000136;1.00000213
25.074458;1.03511915;0.833239209;0.0391310711;0.804969238;0.0378027985;1.04685808;1.05107268;0.812770139;0.0805993182;1.03511947;0.749914153;0.0352177344;10;0.833333381;0;1.044444;1.00000144;1.00000226
25.078458;1.03511816;0.833243633;0.0391310214;0.804974271;0.0378028327;1.04685704;1.05107175;0.812775077;0.0805993251;1.03511843;0.749918224;0.0352178045;10;0.833333166;0;1.044444;1.0000015;1.00000233
25.079458;1.03511816;0.833244737;0.0391298991;0.804975334;0.037801763;1.04685703;1.05107177;0.812776123;0.0805993117;1.03511843;0.749919249;0.0352168253;10;0.833333116;0;1.044444;1.00000051;1.00000135
25.085458;1.03511715;0.833252442;0.0391298329;0.804983563;0.037801856;1.046856;1.0510709;0.812783201;0.0805993599;1.03511743;0.749926452;0.0352169853;10;0.833332881;0;1.044444;1.00000064;1.00000147
25.091458;1.03511611;0.833259019;0.0391286647;0.804990711;0.0378009317;1.046855;1.05107001;0.812791342;0.0805994779;1.03511648;0.749932715;0.0352161758;10;0.833332804;0;1.044444;1.00000081;1.00000151
25.092458;1.0351161;0.833260115;0.0391286624;0.804991775;0.0378009551;1.04685401;1.05107003;0.812792392;0.0805994902;1.03511649;0.749933762;0.0352162054;10;0.833332802;0;1.044444;1.00000084;1.0000015
25.095458;1.03511507;0.833263405;0.0391275639;0.804995745;0.0377999889;1.04685402;1.05107005;0.812795537;0.0805995375;1.03511552;0.749936905;0.0352152842;10;0.833332799;0;1.044444;1.00000093;1.00000149
25.104458;1.03511404;0.83327329;0.0391266323;0.805006085;0.0377990825;1.04685206;1.05106901;0.812805818;0.0805987362;1.03511465;0.749946326;0.0352144061;10;0.833332788;0;1.044444;1.00000116;1.00000142
25.149458;1.03510626;0.833321657;0.0391162324;0.805060375;0.037788594;1.04684133;1.05106005;0.812860801;0.0805935944;1.03510633;0.749990371;0.0352042122;10;0.833333072;0;1.044444;1.00000144;1.0000013
25.153458;1.03510522;0.833326049;0.0391150503;0.805065453;0.037787615;1.04683929;1.05105907;0.81286583;0.0805925723;1.03510536;0.749994242;0.0352031475;10;0.833333045;0;1.044444;1.0000014;1.00000127
25.155458;1.03510521;0.833328252;0.0391138955;0.80506759;0.0377865746;1.04683927;1.05105908;0.812867953;0.0805925573;1.03510537;0.749996168;0.035202118;10;0.833333027;0;1.044444;1.00000138;1.00000126
25.167458;1.0351031;0.833340451;0.0391103023;0.805080835;0.0377835501;1.04683517;1.0510572;0.812881144;0.0805895665;1.03510344;0.75000675;0.035198974;10;0.833332921;0;1.044444;1.00000133;1.00000118
25.196458;1.03509743;0.833369327;0.0390988873;0.805113048;0.0377727497;1.04682629;1.05105181;0.812915059;0.0805836984;1.03509676;0.750032642;0.0351887264;10;0.833332805;0;1.044444;1.00000173;1.00000088
25.206458;1.03509442;0.83337927;0.0390954964;0.805124822;0.0377693943;1.04682341;1.0510491;0.812926747;0.0805806812;1.03509355;0.750041937;0.0351860503;10;0.833332692;0;1.044444;1.00000173;1.00000094
25.209458;1.03509437;0.833382628;0.0390943678;0.805127998;0.0377682476;1.04682242;1.05104919;0.812928814;0.0805795757;1.03509354;0.75004501;0.0351851032;10;0.833332683;0;1.044444;1.00000171;1.00000094
25.213458;1.03509331;0.833386026;0.039092137;0.805131962;0.037766041;1.04682141;1.05104829;0.812933741;0.0805785307;1.03509256;0.75004807;0.0351831016;10;0.833332666;0;1.044444;1.00000168;1.00000095
25.216458;1.03509227;0.833389424;0.0390910377;0.805135957;0.0377649431;1.04681939;1.05104734;0.812937625;0.080578556;1.03509158;0.750051096;0.0351820494;10;0.833332636;0;1.044444;1.00000165;1.00000097
25.223458;1.03509121;0.833396276;0.0390877911;0.805143217;0.0377616837;1.0468173;1.05104639;0.812944597;0.0805753338;1.03509065;0.750057145;0.0351788438;10;0.833332532;0;1.044444;1.00000154;1.00000108
25.249458;1.03508414;0.833421265;0.039077327;0.805172275;0.0377516928;1.04680699;1.05103935;0.812973082;0.080567447;1.03508348;0.750079273;0.0351686131;10;0.833332649;0;1.044444;1.0000006;1.00000123
25.258458;1.03508243;0.833428866;0.0390728718;0.805181287;0.0377476933;1.04680409;1.0510372;0.81298314;0.0805646666;1.03508147;0.750086332;0.0351647137;10;0.833332782;0;1.044444;1.00000062;1.00000117
25.271458;1.03507978;0.833439673;0.0390658359;0.80519426;0.0377419258;1.04679931;1.05103405;0.812995945;0.0805596374;1.03507866;0.750096191;0.0351589368;10;0.833333045;0;1.044444;1.00000075;1.0000011
25.276458;1.03507875;0.833444086;0.0390623712;0.805199279;0.0377389466;1.04679738;1.0510321;0.813002693;0.0805576329;1.03507774;0.750100044;0.0351559966;10;0.833333154;0;1.044444;1.00000076;1.0000011
25.280458;1.03507767;0.833448544;0.0390600913;0.805204303;0.0377369811;1.04679542;1.05103118;0.813006563;0.0805566022;1.0350768;0.750103917;0.0351540131;10;0.833333217;0;1.044444;1.00000077;1.00000111
25.298458;1.03507223;0.8334645;0.0390501712;0.805223011;0.0377277729;1.04678745;1.05102657;0.813025128;0.0805484863;1.03507201;0.750117467;0.0351449628;10;0.833333381;0;1.044444;1.00000092;1.00000137
25.301458;1.0350712;0.833466797;0.0390491221;0.805225892;0.0377267723;1.04678641;1.0510266;0.813027302;0.0805474622;1.03507107;0.750119452;0.0351439248;10;0.833333404;0;1.044444;1.00000096;1.00000142
25.320458;1.03506624;0.833482583;0.0390384504;0.805244704;0.037716188;1.04677696;1.05102045;0.813048409;0.0805385814;1.03506634;0.750133785;0.0351337985;10;0.833333455;0;1.044444;1.00000138;1.00000147
25.326458;1.03506522;0.833486983;0.0390341025;0.805249838;0.0377117341;1.04677483;1.05101835;0.813055376;0.0805366093;1.03506527;0.750137924;0.0351298624;10;0.833333481;0;1.044444;1.00000146;1.00000151
25.341458;1.03505998;0.833499042;0.0390253199;0.805265834;0.037702837;1.0467677;1.05101404;0.813070085;0.0805284047;1.03506003;0.750149441;0.0351219215;10;0.833333485;0;1.044444;1.00000133;1.00000149
25.352458;1.0350569;0.83350785;0.0390174136;0.805276968;0.037695284;1.04676165;1.05100987;0.813081389;0.0805234897;1.03505689;0.750157627;0.0351149822;10;0.833333284;0;1.044444;1.00000113;1.00000125
25.371458;1.03505204;0.833522148;0.0390047608;0.80529495;0.037683403;1.04675237;1.05100471;0.8130988;0.0805134623;1.03505203;0.750170554;0.0351041566;10;0.833333012;0;1.044444;1.00000085;1.00000079
25.382458;1.03504807;0.833529814;0.0389968077;0.80530557;0.0376760955;1.04674648;1.05100082;0.813110559;0.0805063344;1.0350481;0.750177252;0.0350972228;10;0.833332784;0;1.044444;1.00000055;1.00000054
25.406458;1.03504156;0.833547347;0.038978886;0.805328295;0.0376593582;1.04673538;1.05099282;0.813133558;0.0804931806;1.0350409;0.750193025;0.0350811344;10;0.833332862;0;1.044444;1.0000008;1.00000071
25.411458;1.03503966;0.833550622;0.0389743804;0.805333156;0.0376551523;1.04673238;1.05099081;0.813138221;0.0804901367;1.03503881;0.750196113;0.0350770793;10;0.833332955;0;1.044444;1.00000101;1.00000076
25.428458;1.03503466;0.833562994;0.0389623807;0.805349217;0.0376434124;1.04672332;1.05098565;0.813153569;0.0804789592;1.03503378;0.750207101;0.0350660963;10;0.833332964;0;1.044444;1.00000137;1.00000072
25.442458;1.03502944;0.833572092;0.0389513169;0.805361828;0.0376327569;1.04671515;1.05098059;0.813165855;0.0804697924;1.0350288;0.750215031;0.0350561923;10;0.833332659;0;1.044444;1.00000113;1.00000063
25.445458;1.0350284;0.833574318;0.0389479445;0.805364745;0.0376295807;1.0467131;1.0509796;0.813168776;0.080467733;1.0350278;0.75021702;0.0350532064;10;0.833332603;0;1.044444;1.00000104;1.00000066
25.463458;1.03502327;0.833585445;0.0389329236;0.805379134;0.0376157674;1.04670258;1.05097278;0.813186311;0.08045552;1.03502273;0.750227197;0.0350402884;10;0.83333262;0;1.044444;1.00000078;1.00000109
25.472458;1.03502014;0.83359106;0.0389250247;0.805386651;0.0376083041;1.04669647;1.05096983;0.813194224;0.0804495092;1.0350197;0.750232409;0.0350333206;10;0.833332719;0;1.044444;1.00000082;1.00000136
25.478458;1.03501707;0.833595459;0.0389205934;0.805393183;0.0376041282;1.04669349;1.05096695;0.813199821;0.0804455801;1.03501674;0.750236537;0.0350293093;10;0.833332778;0;1.044444;1.00000079;1.00000155
25.492458;1.03501288;0.833603119;0.0389086391;0.805403819;0.0375925555;1.04668457;1.05096235;0.813212017;0.0804352697;1.03501308;0.750243576;0.0350182361;10;0.833333006;0;1.044444;1.00000065;1.00000186
25.507458;1.03500662;0.833612281;0.038895631;0.805417251;0.037580103;1.04667542;1.05095659;0.813224855;0.0804239502;1.0350075;0.750251298;0.0350060582;10;0.833333214;0;1.044444;1.00000046;1.00000159
25.512458;1.03500564;0.833615755;0.0388900672;0.805421312;0.0375748167;1.04667241;1.05095556;0.813228758;0.0804197841;1.03500654;0.750254206;0.0350009405;10;0.833333266;0;1.044444;1.00000042;1.00000144
25.536458;1.0349971;0.833629461;0.0388674731;0.805441119;0.0375537422;1.04665773;1.05094505;0.813249138;0.0804003186;1.03499722;0.750265928;0.034980414;10;0.833333037;0;1.044444;1.0000006;1.00000102
25.541458;1.03499503;0.83363165;0.0388629845;0.805444747;0.0375495491;1.04665382;1.0509429;0.813252794;0.0803972947;1.03499519;0.750267984;0.0349764063;10;0.833332984;0;1.044444;1.00000067;1.00000094
25.547458;1.03499294;0.833634901;0.0388574075;0.805449428;0.0375442751;1.04665098;1.05094071;0.813257525;0.0803921838;1.03499313;0.750271118;0.0349714826;10;0.833332941;0;1.044444;1.00000076;1.00000082
25.558458;1.03498891;0.833640153;0.038847391;0.805457737;0.0375347222;1.04664331;1.05093549;0.813267777;0.0803830793;1.03498908;0.750276483;0.0349626976;10;0.833332954;0;1.044444;1.00000091;1.0000007
25.560458;1.03498792;0.833641205;0.0388451772;0.80545957;0.0375325988;1.04664237;1.05093447;0.813269603;0.0803810575;1.03498809;0.750277546;0.0349607334;10;0.83333298;0;1.044444;1.00000093;1.0000007
25.582458;1.03497999;0.833652127;0.0388230051;0.805476634;0.037511424;1.04662753;1.05092541;0.813287058;0.0803629622;1.0349803;0.750287588;0.0349411206;10;0.833332953;0;1.044444;1.00000106;1.00000084
25.610458;1.03496999;0.833664741;0.038793871;0.805495858;0.0374838679;1.04660857;1.05091368;0.813309252;0.0803387477;1.03497017;0.750298462;0.0349153353;10;0.833333265;0;1.044444;1.00000083;1.00000078
25.615458;1.03496785;0.833666881;0.0387894275;0.805499572;0.0374796661;1.04660559;1.05091173;0.813312914;0.0803346272;1.0349681;0.75030059;0.0349113944;10;0.833333203;0;1.044444;1.00000087;1.0000008
25.629458;1.03496158;0.833673219;0.0387751705;0.805510934;0.0374659669;1.04659541;1.05090554;0.813322654;0.0803210832;1.03496205;0.750306737;0.0348984209;10;0.833332817;0;1.044444;1.00000068;1.00000082
25.655458;1.03495143;0.833683177;0.0387467408;0.80552813;0.0374381457;1.0465759;1.05089435;0.813341568;0.0802959653;1.03495198;0.750315374;0.034872218;10;0.833333003;0;1.044444;1.00000066;1.00000105
25.676458;1.034943;0.833691431;0.0387236668;0.805542554;0.0374158902;1.04656106;1.05088445;0.813356907;0.0802762436;1.03494327;0.750322157;0.0348509572;10;0.833333097;0;1.044444;1.00000076;1.00000047
25.729458;1.03492157;0.833708708;0.0386634222;0.805576464;0.0373584962;1.04652032;1.05086037;0.813394452;0.0802228339;1.034922;0.750338845;0.0347967046;10;0.833333258;0;1.044444;1.00000124;1.00000116
25.757458;1.03490945;0.833718027;0.038629925;0.805594323;0.037327332;1.04649929;1.05084736;0.813411537;0.0801940334;1.03490982;0.750346528;0.0347667885;10;0.833333023;0;1.044444;1.00000102;1.00000096
25.760458;1.03490742;0.833718005;0.0386254738;0.805595903;0.0373231062;1.04649631;1.05084534;0.813414067;0.0801910351;1.03490781;0.75034645;0.0347628318;10;0.833333021;0;1.044444;1.000001;1.00000091
25.764458;1.03490639;0.833719053;0.0386210355;0.805597791;0.0373188329;1.04649331;1.05084431;0.813415818;0.0801858564;1.03490683;0.750347358;0.0347589145;10;0.833333023;0;1.044444;1.00000097;1.00000088
25.768458;1.03490435;0.833720074;0.0386165948;0.805600457;0.0373145981;1.04649028;1.05084231;0.813418364;0.0801818126;1.03490485;0.750348283;0.0347550215;10;0.833333036;0;1.044444;1.00000094;1.00000089
25.769458;1.03490435;0.833721161;0.0386143717;0.80560154;0.0373124488;1.04648927;1.05084131;0.813419126;0.0801808391;1.03490486;0.750349268;0.0347530516;10;0.833333041;0;1.044444;1.00000093;1.00000089
25.792458;1.03489426;0.833726392;0.0385864885;0.805614772;0.0372860394;1.04647115;1.0508304;0.813433948;0.0801565065;1.0348949;0.75035447;0.0347283473;10;0.833333106;0;1.044444;1.00000087;1.00000134
25.853458;1.03486779;0.833739034;0.0385085093;0.805647052;0.0372120837;1.04642003;1.05079851;0.813469622;0.0800872094;1.03486833;0.750364696;0.0346576021;10;0.833332781;0;1.044444;1.00000048;1.00000125
25.867458;1.03486049;0.83374122;0.0384910212;0.805654754;0.0371947936;1.04640825;1.05079139;0.813478024;0.0800708544;1.0348611;0.750366551;0.0346414416;10;0.833332542;0;1.044444;1.00000059;1.00000111
25.877458;1.03485644;0.833742326;0.0384780279;0.805659062;0.0371817916;1.04640031;1.05078647;0.81348311;0.0800594539;1.03485696;0.750367608;0.034629432;10;0.833332305;0;1.044444;1.00000072;1.00000101
25.878458;1.03485545;0.833743438;0.0384758419;0.805660923;0.0371796539;1.04639931;1.05078549;0.813483905;0.0800584613;1.03485594;0.750368618;0.0346274423;10;0.833332289;0;1.044444;1.00000074;1.000001
25.883458;1.03485352;0.833743432;0.0384704548;0.805662505;0.0371742343;1.04639533;1.05078257;0.81348738;0.0800523238;1.03485391;0.750368683;0.0346225355;10;0.833332247;0;1.044444;1.00000082;1.00000096
25.893458;1.03484875;0.8337456;0.0384572724;0.805668511;0.0371613316;1.04638632;1.05077772;0.813492486;0.08004011;1.03484898;0.750370874;0.0346109084;10;0.83333226;0;1.044444;1.00000095;1.00000097
25.903458;1.03484502;0.833746677;0.0384427353;0.805672516;0.0371473943;1.04637825;1.05077293;0.813497598;0.0800279447;1.03484524;0.750372006;0.0345983437;10;0.833332208;0;1.044444;1.00000103;1.00000101
25.960458;1.03481832;0.833751853;0.0383648533;0.805698908;0.0370739952;1.04632749;1.05074189;0.813527926;0.0799585106;1.03481809;0.750377218;0.0345286531;10;0.83333316;0;1.044444;1.00000142;1.00000103
25.979458;1.03480915;0.833753027;0.0383381543;0.805707194;0.0370484165;1.04631041;1.05073189;0.813536972;0.079934758;1.03480921;0.750378059;0.0345043443;10;0.833333106;0;1.044444;1.00000098;1.00000116
25.989458;1.03480409;0.833753342;0.0383247125;0.805711127;0.0370356401;1.04630142;1.05072685;0.813540869;0.0799214613;1.03480431;0.750378039;0.0344919886;10;0.833333255;0;1.044444;1.00000062;1.00000126
25.993458;1.03480305;0.833753494;0.0383179888;0.805711932;0.0370292408;1.04629743;1.05072379;0.813543145;0.0799164089;1.03480333;0.750378051;0.0344858695;10;0.833333371;0;1.044444;1.00000049;1.00000131
25.996458;1.03480103;0.833754696;0.0383146183;0.805714579;0.0370261135;1.04629446;1.05072274;0.813544935;0.0799122394;1.03480132;0.750379061;0.0344828024;10;0.833333449;0;1.044444;1.00000041;1.00000134
26.009458;1.03479504;0.833754859;0.0382956789;0.805719387;0.0370081883;1.04628256;1.05071558;0.813550249;0.0798957211;1.0347952;0.750379046;0.0344656602;10;0.833333579;0;1.044444;1.00000038;1.00000121
26.045458;1.03477745;0.833754854;0.0382437233;0.805733056;0.0369579352;1.04625084;1.05069493;0.813566908;0.0798487364;1.03477698;0.750378561;0.0344184763;10;0.833333358;0;1.044444;1.00000142;1.00000101
26.091458;1.03475489;0.833754556;0.0381754781;0.805749991;0.036892632;1.04620802;1.05066929;0.813586663;0.0797880827;1.03475475;0.750378884;0.0343580964;10;0.833332386;0;1.044444;1.00000149;1.00000078
26.102458;1.03474976;0.833753435;0.0381598466;0.805752919;0.0368778698;1.0461969;1.05066338;0.813589964;0.079772686;1.03474988;0.750377768;0.0343441246;10;0.833332298;0;1.044444;1.00000162;1.00000102
26.114458;1.03474388;0.83375349;0.0381421924;0.805757823;0.0368610167;1.0461858;1.05065641;0.813595066;0.079756458;1.03474383;0.750377555;0.0343281218;10;0.83333244;0;1.044444;1.00000153;1.00000131
26.143458;1.03472888;0.833751207;0.0380977223;0.805767675;0.0368185398;1.04615927;1.05064015;0.813605351;0.0797165364;1.03472839;0.75037538;0.0342878409;10;0.833333046;0;1.044444;1.00000115;1.00000158
26.147458;1.0347269;0.833751154;0.0380921383;0.805769174;0.0368131735;1.04615527;1.05063713;0.813607802;0.0797113966;1.03472644;0.750375466;0.0342827579;10;0.833333128;0;1.044444;1.00000122;1.00000156
26.167458;1.03471712;0.83374874;0.0380608832;0.805774408;0.0367834011;1.04613615;1.05062602;0.813614723;0.0796834835;1.03471699;0.75037385;0.0342548439;10;0.833333007;0;1.044444;1.00000133;1.00000141
26.180458;1.03471118;0.833747643;0.038040849;0.805777898;0.0367644646;1.04612316;1.05061796;0.813619874;0.079664928;1.03471131;0.750372947;0.0342370469;10;0.833332856;0;1.044444;1.00000125;1.0000012
26.181458;1.03471019;0.833747655;0.0380397419;0.805778672;0.0367634465;1.04612215;1.05061695;0.813620648;0.0796639333;1.03471032;0.75037295;0.0342360588;10;0.833332849;0;1.044444;1.00000025;1.00000019
26.227458;1.03468738;0.833742103;0.0379685881;0.805791667;0.0366964679;1.04607731;1.05059042;0.813636803;0.0795999366;1.03468723;0.750368166;0.034172149;10;0.833332915;0;1.044444;0.999999758;0.999999626
26.229458;1.03468639;0.83374211;0.0379652786;0.805792434;0.0366933149;1.0460753;1.05058941;0.813637568;0.0795968971;1.03468621;0.750368187;0.0341690914;10;0.833332889;0;1.044444;0.999999739;0.999999614
26.238458;1.03468135;0.833739932;0.0379520083;0.805794159;0.036680609;1.04606716;1.05058434;0.813640225;0.0795838164;1.03468108;0.750366234;0.0341567938;10;0.833332811;0;1.044444;0.999999691;0.999999554
26.313458;1.03464287;0.833727548;0.0378336986;0.805812038;0.036566357;1.04599232;1.05053944;0.813661805;0.0794749776;1.03464282;0.750355888;0.0340505913;10;0.833333384;0;1.044444;0.999999774;0.999999954
26.388458;1.03460408;0.833713024;0.0377126375;0.805827954;0.0364513577;1.04591707;1.05049314;0.813683759;0.0793646232;1.03460401;0.750341491;0.033940723;10;0.833333537;0;1.044444;1.00000003;1.00000009
26.417458;1.0345881;0.833706537;0.0376657592;0.805834057;0.0364071132;1.04588836;1.05047575;0.813689122;0.0793208442;1.03458771;0.750335563;0.0338987658;10;0.833333809;0;1.044444;0.999999658;1.00000032
26.422458;1.03458616;0.833705384;0.0376578659;0.805834623;0.0363996374;1.04588334;1.05047274;0.813690386;0.0793136191;1.03458576;0.750334597;0.033891893;10;0.833333787;0;1.044444;0.999999664;1.00000027
26.426458;1.03458421;0.83370423;0.0376511077;0.805835191;0.0363932067;1.0458793;1.05046973;0.813692771;0.0793074635;1.03458377;0.750333629;0.0338859864;10;0.833333754;0;1.044444;0.999999693;1.00000026
26.449458;1.03457223;0.833698759;0.0376131254;0.805839598;0.0363567435;1.04585643;1.050456;0.813697576;0.0792737022;1.03457148;0.750328823;0.0338521563;10;0.833333387;0;1.044444;0.999999783;1.00000039
26.467458;1.03456205;0.833694467;0.0375830909;0.805843189;0.0363278908;1.0458374;1.05044538;0.813701942;0.0792457644;1.03456119;0.750324786;0.0338251312;10;0.833333063;0;1.044444;0.999999538;1.00000017
26.475458;1.03455812;0.833692159;0.0375708532;0.805844145;0.0363162191;1.04582922;1.0504404;0.813703765;0.0792333259;1.03455713;0.750322737;0.0338141321;10;0.833333047;0;1.044444;0.999999578;1.00000012
26.481458;1.03455519;0.833689854;0.0375608924;0.805844346;0.0363067147;1.04582313;1.05043631;0.813705798;0.0792250527;1.03455412;0.750320718;0.0338051732;10;0.833333112;0;1.044444;0.999999683;1.00000008
26.872458;1.03434743;0.833568911;0.0369100644;0.80588932;0.0356841499;1.04542112;1.05019248;0.813776728;0.0786235595;1.0343469;0.750212547;0.0332189325;10;0.833333439;0;1.044444;0.999999866;1.00000002
26.873458;1.03434743;0.833568925;0.0369089576;0.80588932;0.0356830923;1.04542011;1.05019148;0.813776444;0.0786226044;1.03434688;0.750212565;0.0332179492;10;0.833333419;0;1.044444;0.999999892;1.00000002
26.915458;1.03432482;0.833554194;0.0368384226;0.805891938;0.0356165638;1.04537563;1.05016681;0.813781499;0.0785579898;1.03432572;0.750199517;0.0331545098;10;0.833333046;0;1.044444;1.00000062;1.00000046
26.930458;1.03431679;0.833548927;0.0368126228;0.805892847;0.0355919786;1.04536056;1.05015662;0.813784898;0.0785342754;1.0343174;0.750194531;0.0331314196;10;0.833332977;0;1.044444;1.00000014;1.00000053
26.948458;1.03430769;0.833543674;0.0367841826;0.805894472;0.0355645713;1.04534264;1.05014552;0.813787237;0.0785067707;1.03430789;0.750189221;0.0331053681;10;0.833332908;0;1.044444;1.00000007;1.00000055
27.090458;1.03423346;0.833495773;0.0365506516;0.805906489;0.0353409371;1.04519842;1.05005876;0.813809104;0.078291616;1.03423378;0.750146509;0.032895465;10;0.833332835;0;1.044444;1.00000004;0.999999674
27.112458;1.03422155;0.833488347;0.0365149653;0.805908187;0.035307141;1.04517636;1.05004567;0.813811703;0.0782586993;1.03422188;0.750139441;0.032863855;10;0.833332676;0;1.044444;0.99999992;0.999999261
27.149458;1.03420385;0.833475805;0.0364557958;0.805910925;0.0352495889;1.04513977;1.05002394;0.813817645;0.0782037854;1.03420319;0.750128353;0.0328101004;10;0.833333217;0;1.044444;0.999999512;0.999999703
27.161458;1.03419706;0.833472164;0.0364369011;0.805913206;0.0352315356;1.04512788;1.05001702;0.813818906;0.0781850657;1.03419652;0.750125064;0.0327930509;10;0.833333409;0;1.044444;0.999999586;0.999999999
27.162458;1.03419706;0.833472151;0.0364357742;0.805913212;0.0352304681;1.0451269;1.05001602;0.813819674;0.078184056;1.03419655;0.750125022;0.0327920488;10;0.833333413;0;1.044444;0.999999598;1.00000001
27.321458;1.03411684;0.833422637;0.0361844701;0.805925846;0.0349901274;1.04497313;1.04992327;0.813844144;0.0779523484;1.03411651;0.75008095;0.0325661212;10;0.833333462;0;1.044444;1.00000001;0.99999962
27.335458;1.03410984;0.833419501;0.0361624146;0.805928093;0.0349690386;1.04495918;1.04991424;0.813847376;0.0779327302;1.03410977;0.750078038;0.0325463015;10;0.833333345;0;1.044444;0.999999727;0.999999739
27.355458;1.03409997;0.833413743;0.0361321735;0.805930921;0.0349404794;1.04494021;1.04990288;0.813849378;0.0779037851;1.03410028;0.750072648;0.0325194186;10;0.833332883;0;1.044444;0.999999668;1.00000016
27.361458;1.03409803;0.833411406;0.0361219674;0.80593042;0.0349307819;1.04493422;1.04989971;0.81385063;0.077895521;1.03409836;0.750070528;0.0325103617;10;0.833332828;0;1.044444;0.999999668;1.00000029
27.382458;1.03408701;0.833405841;0.0360906379;0.805933778;0.0349008882;1.04491464;1.04988715;0.813853866;0.0778657946;1.03408706;0.750065139;0.0324819012;10;0.833332543;0;1.044444;0.999999868;1.00000057
27.391458;1.03408294;0.833402526;0.0360762586;0.80593366;0.0348871288;1.04490674;1.04988113;0.813856626;0.077852455;1.03408302;0.750062042;0.0324688402;10;0.833332499;0;1.044444;1.00000013;1.00000051
27.539458;1.03401235;0.833363098;0.0358566219;0.80595083;0.0346771315;1.0447693;1.04979997;0.813882043;0.0776482383;1.03401244;0.750026945;0.0322709265;10;0.833333119;0;1.044444;1.00000004;1.00000068
27.553458;1.0340063;0.83335985;0.0358356842;0.805952525;0.0346570433;1.04475727;1.04979207;0.813885143;0.0776297519;1.03400657;0.750024146;0.0322520774;10;0.833333139;0;1.044444;0.999999823;1.00000074
27.569458;1.03399938;0.833356467;0.0358135851;0.805954894;0.0346353904;1.04474211;1.04978318;0.813888905;0.0776082423;1.03399926;0.750020995;0.0322319849;10;0.833333023;0;1.044444;0.999999444;1.00000052
27.593458;1.03398811;0.833351277;0.0357792344;0.805957726;0.0346024146;1.04472114;1.04977113;0.813892812;0.0775765375;1.03398774;0.750015572;0.0322008578;10;0.83333306;0;1.044444;0.999999367;1.00000021
27.669458;1.03395259;0.833335451;0.0356712511;0.805969362;0.0344999731;1.04465503;1.04972965;0.813907471;0.0774783586;1.03395344;0.750001075;0.0321040148;10;0.833333234;0;1.044444;0.999999916;0.999999359
27.680458;1.03394769;0.833333001;0.0356559111;0.805970868;0.034485261;1.04464565;1.04972462;0.813908956;0.0774650419;1.03394836;0.749999282;0.0320900767;10;0.833333394;0;1.044444;1.00000001;0.999999498
27.709458;1.03393501;0.833325839;0.0356170129;0.805974663;0.0344476299;1.04461942;1.04970869;0.813916558;0.0774281121;1.03393513;0.749993366;0.0320547857;10;0.833333573;0;1.044444;1.00000004;0.999999255
27.720458;1.03392977;0.833323516;0.0356014376;0.805976453;0.0344324949;1.04461035;1.0497036;0.813918472;0.0774135187;1.03393027;0.749991394;0.0320407572;10;0.833333608;0;1.044444;0.999999856;0.999999295
27.724458;1.03392873;0.833323458;0.0355959039;0.805977269;0.0344271081;1.0446064;1.04970157;0.81391899;0.0774083088;1.0339293;0.749991448;0.0320358054;10;0.833333624;0;1.044444;0.999999797;0.999999355
27.761458;1.03391327;0.833315339;0.0355452664;0.805982447;0.0343791772;1.04457607;1.04968243;0.813926974;0.0773626525;1.03391279;0.749984597;0.0319904568;10;0.833333238;0;1.044444;1.00000066;0.999999843
27.789458;1.03390047;0.833310943;0.0355090141;0.80598802;0.0343446617;1.04455285;1.0496685;0.813932822;0.0773276566;1.03390018;0.749980275;0.0319577154;10;0.833333889;0;1.044444;1.00000013;1.00000026
27.800458;1.03389631;0.833308631;0.0354936876;0.805988862;0.0343298774;1.04454357;1.04966271;0.813935542;0.0773142334;1.03389648;0.749978173;0.0319437598;10;0.833333812;0;1.044444;1.00000013;0.999999994
27.803458;1.03389527;0.833308608;0.0354903845;0.805989596;0.0343267242;1.04454046;1.04966175;0.813936332;0.0773111114;1.03389554;0.749978136;0.0319407854;10;0.833333773;0;1.044444;1.00000014;0.999999927
27.832458;1.03388233;0.833303546;0.0354528365;0.805994406;0.0342907321;1.0445168;1.0496467;0.813942998;0.0772763826;1.03388253;0.749973019;0.0319072703;10;0.833333325;0;1.044444;1.00000008;1.00000003
27.834458;1.03388134;0.833303575;0.0354494949;0.805995191;0.0342875314;1.04451484;1.04964671;0.81394193;0.077273269;1.03388153;0.749973051;0.0319043021;10;0.833333264;0;1.044444;1.00000006;1.00000007
27.866958;1.03386815;0.833298059;0.0354080801;0.805999683;0.0342480522;1.0444901;1.04963127;0.813949466;0.0772357979;1.03386815;0.749968387;0.0318676689;10;0.833332373;0;1.044444;1.00000003;1.00000067
28.099450;1.03377104;0.833268031;0.0351116328;0.806046504;0.0339647421;1.04430544;1.04951798;0.814009329;0.076963704;1.03377135;0.749941199;0.0315996587;10;0.833332702;0;1.044444;0.999999502;1.00000026
28.127450;1.0337598;0.83326568;0.0350756749;0.806053109;0.0339306352;1.04428226;1.04950529;0.814016096;0.0769321456;1.03376006;0.749938963;0.0315672352;10;0.833332232;0;1.044444;0.99999968;1.0000008
28.159450;1.03374704;0.833263829;0.0350368821;0.806061322;0.0338931681;1.0442573;1.0494899;0.81402561;0.0768954195;1.03374701;0.749936655;0.0315327239;10;0.833332853;0;1.044444;0.999999551;0.999999624
28.169450;1.03374212;0.83326257;0.035024765;0.806064201;0.0338814027;1.04425019;1.04948465;0.814028574;0.0768841613;1.0337422;0.749935637;0.0315217869;10;0.833333112;0;1.044444;0.99999948;0.999999369
28.202450;1.03372929;0.833260255;0.0349838991;0.806072078;0.033842545;1.04422344;1.04946916;0.814038883;0.0768483793;1.0337285;0.749933962;0.0314855653;10;0.83333355;0;1.044444;0.999999375;0.999999647
28.277450;1.03370007;0.833253368;0.0348954459;0.806089716;0.0337579809;1.0441677;1.04943505;0.814061334;0.076767335;1.03369957;0.749929305;0.0314062156;10;0.833333158;0;1.044444;0.999999645;0.999999897
28.309450;1.03368772;0.833253247;0.0348575956;0.806097613;0.0337218719;1.04414498;1.04942114;0.814069625;0.0767336338;1.03368722;0.749927759;0.0313724894;10;0.833333174;0;1.044444;1.00000007;0.999999486
28.363450;1.03366809;0.833251181;0.0347977148;0.806110753;0.0336643129;1.04410765;1.04939806;0.814085807;0.0766777214;1.03366774;0.749926606;0.0313184488;10;0.83333343;0;1.044444;0.999999501;0.999999602
28.366450;1.03366613;0.833251143;0.0347943516;0.806112309;0.0336611705;1.04410569;1.04939705;0.814086611;0.0766755696;1.03366572;0.749926642;0.0313154352;10;0.833333452;0;1.044444;0.999999522;0.999999509
28.375450;1.03366319;0.833249918;0.0347843856;0.806113442;0.0336516951;1.04409874;1.04939302;0.814089779;0.0766659992;1.03366271;0.749925592;0.0313063123;10;0.833333521;0;1.044444;0.999999628;0.99999922
28.395450;1.03365637;0.833249984;0.0347623975;0.806119129;0.0336305129;1.04408542;1.04938408;0.814095841;0.0766451224;1.03365601;0.749925267;0.0312859959;10;0.833333779;0;1.044444;0.999999681;0.999999055
28.405450;1.0336524;0.833249022;0.0347512981;0.806121178;0.0336198321;1.04407832;1.04938003;0.814098882;0.076635915;1.03365223;0.749924047;0.0312758681;10;0.833333882;0;1.044444;0.999999677;0.99999921
28.432450;1.0336427;0.833248799;0.0347221532;0.806128388;0.0335917282;1.04405887;1.04936877;0.814106591;0.0766100517;1.03364299;0.749924058;0.0312495064;10;0.833333437;0;1.044444;0.999999587;0.999999518
28.464450;1.0336306;0.833247902;0.0346883402;0.80613688;0.0335600732;1.04403736;1.04935592;0.814115418;0.076579838;1.03363096;0.749923092;0.0312196828;10;0.833333056;0;1.044444;0.999999289;0.999999988
28.488450;1.03362245;0.833247685;0.0346643386;0.80614297;0.033536888;1.04402153;1.04934677;0.814122104;0.0765580157;1.0336226;0.749923205;0.0311975632;10;0.833333097;0;1.044444;0.999999095;0.999999619
28.496450;1.03361971;0.833247865;0.0346567546;0.806145299;0.0335293952;1.04401691;1.04934266;0.814125191;0.0765498334;1.03361969;0.749923414;0.0311905494;10;0.833333003;0;1.044444;0.999999016;0.999999679
28.518450;1.03361346;0.83324819;0.0346336264;0.806150849;0.0335064862;1.04400321;1.04933477;0.814131576;0.0765301127;1.03361302;0.749923625;0.0311694318;10;0.833332979;0;1.044444;0.99999927;1.00000037
28.520450;1.03361245;0.833247078;0.0346325283;0.806150526;0.0335054228;1.04400219;1.0493338;0.814132362;0.0765280396;1.03361201;0.749922552;0.0311684283;10;0.833332999;0;1.044444;0.999999316;1.00000044
28.528450;1.03361034;0.833247087;0.0346236322;0.806151941;0.033496885;1.04399707;1.04933081;0.814134701;0.0765206643;1.03360995;0.749922208;0.0311605025;10;0.833333094;0;1.044444;0.999999439;1.00000057
28.568450;1.03359554;0.833247439;0.0345845374;0.80616232;0.0334605211;1.04397159;1.04931606;0.814146016;0.076484551;1.03359589;0.749921377;0.0311258702;10;0.833332616;0;1.044444;1.00000042;1.00000022
28.571450;1.03359559;0.83324752;0.0345812494;0.806162233;0.0334573612;1.04396957;1.04931508;0.814146786;0.0764814889;1.03359587;0.749921365;0.0311228653;10;0.833332599;0;1.044444;1.00000049;1.00000026
28.580450;1.03359277;0.833247712;0.0345736497;0.806164276;0.0334499663;1.04396349;1.04931122;0.814149782;0.0764745299;1.03359283;0.749921434;0.03111581;10;0.833332585;0;1.044444;1.00000053;1.00000041
28.593450;1.03358782;0.833247803;0.0345606087;0.80616806;0.0334371162;1.04395634;1.04930648;0.814153402;0.0764634788;1.03358772;0.749921639;0.0311035491;10;0.833332579;0;1.044444;1.0000004;1.00000041
28.614450;1.03358199;0.833247492;0.0345404937;0.806173164;0.0334177599;1.04394337;1.04929959;0.814159046;0.0764449834;1.03358162;0.749921615;0.0310852103;10;0.833332465;0;1.044444;1.00000002;1.0000005
28.652450;1.03356992;0.833247721;0.034505599;0.806183997;0.0333850238;1.04392084;1.0492848;0.814170534;0.0764127886;1.03356968;0.749923472;0.0310554317;10;0.833332458;0;1.044444;0.999999846;0.999999795
28.691450;1.03355776;0.833247791;0.0344700588;0.806193618;0.0333510333;1.04389856;1.04927074;0.814182058;0.0763814769;1.03355817;0.749923258;0.031022703;10;0.83333283;0;1.044444;1.00000081;0.999999679
28.712450;1.03355137;0.833247706;0.0344506457;0.806198138;0.0333326066;1.04388685;1.0492637;0.814186921;0.0763650462;1.03355223;0.749923553;0.0310056896;10;0.833332807;0;1.044444;1.00000102;1.00000004
28.759450;1.03353773;0.833248371;0.0344109332;0.806209171;0.0332944772;1.04386179;1.04924829;0.814200545;0.0763274558;1.03353848;0.749924841;0.0309692045;10;0.833333368;0;1.044444;1.00000068;1.0000001
28.765450;1.0335368;0.833248497;0.0344063343;0.806210103;0.0332901925;1.04385773;1.04924625;0.814202171;0.0763232968;1.03353745;0.74992482;0.0309651586;10;0.833333337;0;1.044444;1.00000064;0.999999971
28.778450;1.03353291;0.833249868;0.0343950651;0.806214829;0.0332794062;1.0438517;1.04924119;0.81420715;0.0763139114;1.03353331;0.749925597;0.0309551257;10;0.833333281;0;1.044444;1.00000049;0.999999734
28.783450;1.03353095;0.833249946;0.0343906236;0.806216545;0.0332750813;1.04384875;1.04924019;0.814207862;0.0763096842;1.03353125;0.749925438;0.0309511245;10;0.833333241;0;1.044444;1.00000039;0.999999725
28.803450;1.03352581;0.833250162;0.0343740675;0.806220611;0.0332590577;1.04383797;1.04923325;0.814212905;0.0762945276;1.03352586;0.74992524;0.0309363817;10;0.83333303;0;1.044444;1.00000002;0.99999992
28.894450;1.0335028;0.833253209;0.034303048;0.806242552;0.0331910365;1.04379306;1.04920698;0.814236684;0.0762306284;1.03350187;0.749928204;0.0308728188;10;0.833332796;0;1.044444;1.00000041;1.0000005
28.942450;1.0334905;0.833255752;0.0342690327;0.806253779;0.0331584286;1.04376982;1.04919245;0.814250616;0.0761993145;1.0334901;0.749930425;0.030841612;10;0.833333102;0;1.044444;0.999999487;1.00000032
28.943450;1.03349051;0.833255761;0.0342679356;0.806253785;0.0331573605;1.04376981;1.04919245;0.814250592;0.0761982687;1.03349008;0.749930448;0.0308405948;10;0.833333124;0;1.044444;0.99999947;1.0000003
28.951450;1.0334885;0.833255782;0.0342624973;0.806255407;0.0331521035;1.04376572;1.04918948;0.814252726;0.0761933136;1.03348791;0.749930615;0.0308355077;10;0.833333281;0;1.044444;0.999999436;1.00000009
28.956450;1.03348645;0.833256843;0.0342592457;0.806258058;0.0331489759;1.04376369;1.04918854;0.814254458;0.0761902973;1.03348581;0.749931675;0.0308324981;10;0.83333337;0;1.044444;0.999999472;1.00000001
28.990450;1.0334782;0.833258043;0.0342340152;0.806265905;0.033125668;1.04374898;1.04918073;0.814262587;0.0761698102;1.03347771;0.749932542;0.0308105828;10;0.833333126;0;1.044444;0.999999342;1.00000023
29.047450;1.03346455;0.833259978;0.0341965446;0.806278415;0.033088837;1.04372438;1.0491654;0.814277603;0.0761346414;1.03346493;0.749934137;0.0307761392;10;0.833332736;0;1.044444;0.999999761;1.00000032
29.085450;1.03345619;0.833262165;0.0341721842;0.806286541;0.033066237;1.04370909;1.0491551;0.81428551;0.0761133495;1.03345651;0.749936066;0.0307551646;10;0.833332444;0;1.044444;1.00000015;1.00000006
29.116450;1.033451;0.833264867;0.0341531612;0.806292926;0.0330477767;1.04369685;1.04914779;0.814292827;0.0760956066;1.0334506;0.749937523;0.0307388933;10;0.833332791;0;1.044444;0.999999957;1.00000014
29.118450;1.03345004;0.833264867;0.0341520645;0.806293706;0.033046736;1.04369583;1.04914679;0.814293612;0.0760946411;1.03344963;0.749937488;0.0307379;10;0.833332826;0;1.044444;0.999999931;1.00000017
29.135450;1.03344696;0.833264798;0.0341422402;0.80629621;0.0330371322;1.04368863;1.04914385;0.81429708;0.076086812;1.03344694;0.749937445;0.0307286736;10;0.833333044;0;1.044444;0.999999584;1.00000017
29.152450;1.0334427;0.8332657;0.0341323312;0.806300978;0.0330278445;1.04368254;1.0491402;0.814301101;0.0760776827;1.03344317;0.749938712;0.0307191274;10;0.833332799;0;1.044444;0.999999541;0.999999681
29.165450;1.03344087;0.833266588;0.0341244575;0.806303679;0.0330206775;1.04367763;1.04913715;0.814304562;0.0760700037;1.03344128;0.749939795;0.0307118826;10;0.833332727;0;1.044444;0.999999652;0.999999422
29.221450;1.03343021;0.833269697;0.0340955025;0.80631521;0.0329920178;1.04365815;1.04912354;0.814318776;0.0760418756;1.03342943;0.749943723;0.0306845661;10;0.833333435;0;1.044444;1.00000004;1.00000028
29.238450;1.03342709;0.83327115;0.0340850945;0.806318954;0.0329823354;1.04365189;1.04912045;0.81432073;0.0760334897;1.03342632;0.749944594;0.0306762389;10;0.833333317;0;1.044444;1.00000001;1.00000008
29.240450;1.03342711;0.833271191;0.0340850521;0.806318976;0.032982316;1.04365187;1.04911947;0.814322476;0.0760335753;1.03342629;0.749944574;0.0306762898;10;0.833333329;0;1.044444;0.99999995;1.00000007
29.275450;1.03341964;0.833273311;0.0340654804;0.806326323;0.0329638281;1.04363991;1.04911371;0.81432833;0.0760173143;1.03341943;0.749946201;0.0306593814;10;0.833333669;0;1.044444;0.999999217;1.00000015
29.304450;1.03341556;0.833274638;0.0340516678;0.806329956;0.0329507995;1.04363055;1.04910857;0.814334352;0.0760042532;1.03341621;0.749947229;0.0306471651;10;0.833333778;0;1.044444;0.999999524;1.0000004
29.327450;1.03341178;0.833275751;0.03404101;0.806334169;0.032940194;1.04362374;1.04910348;0.814339363;0.0759949272;1.03341224;0.749948026;0.0306369204;10;0.833333129;0;1.044444;0.9999998;1.00000043
29.329450;1.03341079;0.833276873;0.0340399318;0.806336044;0.0329391849;1.04362279;1.04910347;0.814339385;0.0759938551;1.03341121;0.749949011;0.0306359578;10;0.833333053;0;1.044444;0.999999828;1.00000046
29.332450;1.03341078;0.83327689;0.0340388529;0.806336072;0.0329381743;1.04362187;1.04910344;0.814340478;0.0759927837;1.03341115;0.749948998;0.0306350342;10;0.833332937;0;1.044444;0.999999878;1.00000051
29.341450;1.03340865;0.833276916;0.0340343686;0.806337718;0.0329342055;1.04361998;1.04910128;0.81434214;0.075988773;1.033409;0.749949024;0.0306313011;10;0.833332683;0;1.044444;1.00000002;1.00000061
29.387450;1.03340188;0.833280513;0.0340129954;0.806345952;0.0329134391;1.04360756;1.04909258;0.814351773;0.0759703928;1.03340184;0.749951997;0.030612965;10;0.833332273;0;1.044444;0.999999428;1.00000009
29.424450;1.03339633;0.833282486;0.0339992304;0.806352184;0.0328995955;1.0435961;1.04908642;0.814358696;0.0759569209;1.03339668;0.749954726;0.030599283;10;0.833333587;0;1.044444;0.999999228;1.00000024
29.431450;1.03339533;0.833282447;0.0339959982;0.806353019;0.0328962345;1.04359492;1.04908423;0.814360267;0.0759549081;1.03339574;0.749954661;0.0305960507;10;0.833333759;0;1.044444;0.999999363;1.00000029
29.472450;1.03338937;0.833284368;0.0339787519;0.806360228;0.0328808337;1.04358363;1.04907815;0.814368494;0.0759403647;1.0333896;0.74995632;0.0305805367;10;0.833333615;0;1.044444;1.00000036;1.00000029
29.494450;1.03338816;0.833286741;0.0339712012;0.806363698;0.0328736056;1.04357908;1.04907588;0.814371676;0.0759316182;1.03338788;0.749958102;0.0305737561;10;0.833332747;0;1.044444;1.00000042;1.00000043
29.526450;1.03338463;0.833287948;0.0339600147;0.806368318;0.0328634819;1.04357111;1.04907123;0.814377477;0.0759228144;1.03338412;0.749959536;0.0305636899;10;0.833332373;0;1.044444;1.00000034;1.00000066
29.539450;1.03338273;0.833288875;0.0339554104;0.806370759;0.032859472;1.04356933;1.04906918;0.814379033;0.0759186103;1.03338228;0.749960552;0.0305598286;10;0.833332349;0;1.044444;1.00000043;1.00000071
29.543450;1.03338179;0.833288897;0.0339542448;0.806371415;0.0328584263;1.04356843;1.0490691;0.81438006;0.0759174856;1.03338134;0.749960512;0.0305588932;10;0.833332362;0;1.044444;1.00000046;1.00000076
29.567450;1.03337964;0.833291449;0.0339453119;0.806375018;0.0328495712;1.0435637;1.04906568;0.814383601;0.0759101992;1.0333795;0.749962115;0.0305509722;10;0.833332713;0;1.044444;1.00000043;1.00000044
29.670450;1.03336803;0.833296276;0.0339153113;0.806389129;0.0328203058;1.04354363;1.04905345;0.814399266;0.0758832542;1.03336774;0.749967519;0.0305243516;10;0.833332895;0;1.044444;1.00000036;0.999999605
29.673450;1.03336808;0.833296297;0.0339141622;0.806389123;0.0328192825;1.04354254;1.04905248;0.814400011;0.0758833173;1.03336769;0.749967631;0.030523388;10;0.833332928;0;1.044444;1.00000039;0.999999617
29.714450;1.03336326;0.833298652;0.0339041491;0.806395047;0.0328099027;1.04353514;1.04904879;0.81440573;0.0758740081;1.03336337;0.749969993;0.030515011;10;0.833333007;0;1.044444;1.0000003;0.999999972
29.721450;1.03336221;0.833299853;0.033903087;0.806397005;0.0328088251;1.04353407;1.04904782;0.814406441;0.0758720268;1.03336243;0.749970639;0.0305140686;10;0.833333073;0;1.044444;1.00000019;1.00000005
29.743450;1.0333615;0.833301345;0.0338974799;0.806399076;0.0328031128;1.04353091;1.04904609;0.814409553;0.0758681201;1.03336163;0.749971021;0.0305085524;10;0.833333297;0;1.044444;1.00000019;0.999999593
29.758450;1.03335993;0.833302387;0.0338943638;0.806401365;0.0327998639;1.04352851;1.04904508;0.814410276;0.0758647653;1.03335975;0.749971873;0.03050527;10;0.833333208;0;1.044444;1.00000036;0.999999488
29.772450;1.03335923;0.833302158;0.033891308;0.806401761;0.0327967733;1.04352652;1.04904402;0.814412468;0.0758625778;1.03335882;0.749971915;0.0305023168;10;0.833333096;0;1.044444;1.00000018;0.999999573
29.783450;1.03335908;0.83330325;0.0338891068;0.806402841;0.0327948459;1.04352478;1.04904311;0.814414508;0.075860565;1.03335884;0.749973026;0.030500375;10;0.833333156;0;1.044444;1.0000001;0.999999711
29.862450;1.0333532;0.833308141;0.0338755362;0.806412004;0.0327829405;1.0435161;1.04903713;0.814422623;0.0758474809;1.03335322;0.749977214;0.0304882462;10;0.833333172;0;1.044444;1.00000027;1.00000041
29.891450;1.03335225;0.833309143;0.0338701696;0.806414115;0.0327770214;1.04351304;1.04903502;0.814425842;0.0758446038;1.03335193;0.749978358;0.0304833698;10;0.833332966;0;1.044444;1.00000033;0.999999982
29.896450;1.03335223;0.833309052;0.0338701175;0.806414049;0.0327769074;1.04351203;1.04903491;0.814425895;0.0758435249;1.03335194;0.74997821;0.030483355;10;0.833333025;0;1.044444;1.00000027;0.999999879
29.897450;1.03335122;0.833309031;0.0338701059;0.80641481;0.0327769207;1.04351204;1.04903489;0.814425901;0.0758435195;1.03335095;0.749978176;0.0304833459;10;0.833333041;0;1.044444;1.00000026;0.999999862
29.923450;1.03334969;0.833310938;0.033866792;0.806417118;0.0327734145;1.04351024;1.04903235;0.814428609;0.0758400766;1.03335023;0.749979629;0.0304797251;10;0.83333291;0;1.044444;1.00000057;0.999999829
30.067450;1.03334498;0.833317895;0.033852241;0.806427432;0.0327598273;1.04350104;1.04902794;0.814439697;0.0758278733;1.03334495;0.749986046;0.0304669554;10;0.833332903;0;1.044444;1.0000001;1.00000008
30.081450;1.03334499;0.833317839;0.0338511149;0.806427438;0.0327587614;1.04350002;1.04902696;0.814440445;0.0758279391;1.03334498;0.749986013;0.0304659761;10;0.833332975;0;1.044444;1.00000003;1.00000002
30.090450;1.033344;0.833318915;0.0338511123;0.806429302;0.0327587986;1.04350001;1.04902698;0.814441494;0.0758268804;1.03334399;0.749987006;0.0304659903;10;0.833332993;0;1.044444;1.00000001;1.00000001
30.100450;1.033344;0.833318889;0.0338511111;0.80642931;0.0327588016;1.043499;1.049027;0.814441488;0.07582688;1.033344;0.749987;0.030466;10;0.833333;0;1.044444;1;1
30.125450;1.033344;0.83332;0.03385;0.806430385;0.0327577264;1.043499;1.049026;0.814443324;0.0758258931;1.033344;0.749988;0.030465;10;0.833333;0;1.044444;1;1
30.225450;1.033343;0.833324444;0.0338488889;0.806435467;0.0327566828;1.043498;1.049026;0.814447561;0.0758258931;1.033343;0.749992;0.030464;10;0.833333;0;1.044444;1;1
30.247450;1.033343;0.833324444;0.0338488889;0.806435467;0.0327566828;1.043498;1.049026;0.81444862;0.0758258931;1.033343;0.749992;0.030464;10;0.833333;0;1.044444;1;1
30.295450;1.033343;0.833326667;0.03385;0.806437617;0.0327577581;1.043499;1.049026;0.814449679;0.0758269523;1.033343;0.749994;0.030465;10;0.833333;0;1.044444;1;1
30.301450;1.033344;0.833326667;0.03385;0.806436837;0.0327577264;1.043499;1.049026;0.814449679;0.0758280115;1.033344;0.749994;0.030465;10;0.833333;0;1.044444;1;1
30.320450;1.033344;0.833327778;0.0338511111;0.806437912;0.0327588016;1.043499;1.049027;0.814449962;0.0758279392;1.033344;0.749995;0.030466;10;0.833333;0;1.044444;1;1
30.329450;1.033344;0.833327778;0.0338522222;0.806437912;0.0327598769;1.043499;1.049027;0.814449962;0.0758289984;1.033344;0.749995;0.030467;10;0.833333;0;1.044444;1;1
30.361450;1.033344;0.833328889;0.0338533333;0.806438987;0.0327609521;1.043501;1.049027;0.814451021;0.0758311167;1.033344;0.749996;0.030468;10;0.833333;0;1.044444;1;1
30.419450;1.033346;0.83333;0.0338577778;0.806438502;0.0327651898;1.043503;1.049029;0.814451586;0.0758352089;1.033346;0.749997;0.030472;10;0.833333;0;1.044444;1;1
30.456450;1.033347;0.833331111;0.0338622222;0.806438797;0.0327694591;1.043505;1.04903;0.814451869;0.0758383141;1.033347;0.749998;0.030476;10;0.833333;0;1.044444;1;1
30.548450;1.03335;0.833333333;0.0338722222;0.806438606;0.0327790412;1.043512;1.049034;0.814450882;0.0758486167;1.03335;0.75;0.030485;10;0.833333;0;1.044444;1;1
30.553450;1.033351;0.833333333;0.0338733333;0.806437825;0.0327800847;1.043513;1.049035;0.814450106;0.0758485444;1.033351;0.75;0.030486;10;0.833333;0;1.044444;1;1
30.572450;1.033351;0.833334444;0.0338755556;0.806438901;0.0327822352;1.043514;1.049036;0.814449329;0.0758516496;1.033351;0.750001;0.030488;10;0.833333;0;1.044444;1;1
30.603450;1.033353;0.833334444;0.0338811111;0.80643734;0.032787548;1.043517;1.049037;0.814449612;0.075855814;1.033353;0.750001;0.030493;10;0.833333;0;1.044444;1;1
30.682450;1.033357;0.833336667;0.0338933333;0.806436369;0.0327992488;1.043525;1.049042;0.814446789;0.0758681625;1.033357;0.750003;0.030504;10;0.833333;0;1.044444;1;1
30.790450;1.033364;0.833337778;0.0339144444;0.806431981;0.0328194561;1.043539;1.049051;0.814440861;0.0758876356;1.033364;0.750004;0.030523;10;0.833333;0;1.044444;1;1
30.816450;1.033366;0.833337778;0.0339211111;0.80643042;0.032825844;1.043542;1.049053;0.814440368;0.0758917275;1.033366;0.750004;0.030529;10;0.833333;0;1.044444;1;1
30.821450;1.033366;0.833337778;0.0339211111;0.80643042;0.032825844;1.043543;1.049053;0.814440368;0.0758927867;1.033366;0.750004;0.030529;10;0.833333;0;1.044444;1;1
30.860450;1.033369;0.833338889;0.03393;0.806429154;0.0328343506;1.043548;1.049056;0.814438039;0.0759010429;1.033369;0.750005;0.030537;10;0.833333;0;1.044444;1;1
30.971450;1.033378;0.83334;0.0339577778;0.806423206;0.0328609452;1.043566;1.049067;0.814430558;0.0759256664;1.033378;0.750006;0.030562;10;0.833333;0;1.044444;1;1
31.080450;1.033388;0.83334;0.0339866667;0.806415403;0.0328885827;1.043584;1.049078;0.814422018;0.0759524077;1.033388;0.750006;0.030588;10;0.833333;0;1.044444;1;1
31.100450;1.03339;0.83334;0.0339933333;0.806413842;0.0328949703;1.043588;1.049081;0.814419689;0.0759574862;1.03339;0.750006;0.030594;10;0.833333;0;1.044444;1;1
31.108450;1.033391;0.83334;0.0339955556;0.806413061;0.0328970889;1.043589;1.049081;0.814419689;0.0759606636;1.033391;0.750006;0.030596;10;0.833333;0;1.044444;1;1
31.114450;1.033391;0.83334;0.0339966667;0.806413061;0.0328981641;1.043591;1.049082;0.814418913;0.0759616503;1.033391;0.750006;0.030597;10;0.833333;0;1.044444;1;1
31.126450;1.033393;0.83334;0.034;0.806411501;0.032901326;1.043593;1.049083;0.814418137;0.0759647553;1.033393;0.750006;0.0306;10;0.833333;0;1.044444;1;1
31.161450;1.033396;0.83334;0.0340111111;0.80640916;0.0329119825;1.043599;1.049087;0.814415032;0.0759739977;1.033396;0.750006;0.03061;10;0.833333;0;1.044444;1;1
31.319450;1.033413;0.83334;0.03406;0.806395894;0.0329587493;1.043631;1.049107;0.814399506;0.0760191498;1.033413;0.750006;0.030654;10;0.833333;0;1.044444;1;1
31.350450;1.033416;0.83334;0.0340711111;0.806393553;0.0329694055;1.043637;1.049111;0.814396401;0.0760283919;1.033416;0.750006;0.030664;10;0.833333;0;1.044444;1;1
31.356450;1.033417;0.83334;0.0340722222;0.806392773;0.0329704487;1.043639;1.049111;0.814396401;0.0760305101;1.033417;0.750006;0.030665;10;0.833333;0;1.044444;1;1
31.582450;1.033443;0.833338889;0.0341511111;0.80637141;0.0330459552;1.043689;1.049142;0.814371278;0.0761013391;1.033443;0.750005;0.030736;10;0.833333;0;1.044444;1;1
31.585450;1.033444;0.833338889;0.0341522222;0.80637063;0.0330469984;1.04369;1.049143;0.814370502;0.0761023256;1.033444;0.750005;0.030737;10;0.833333;0;1.044444;1;1
31.610450;1.033447;0.833337778;0.0341622222;0.806367214;0.0330565788;1.043695;1.049146;0.814367114;0.0761105805;1.033447;0.750004;0.030746;10;0.833333;0;1.044444;1;1
31.635450;1.03345;0.833337778;0.0341711111;0.806364873;0.033065084;1.043701;1.04915;0.814364009;0.0761187628;1.03345;0.750004;0.030754;10;0.833333;0;1.044444;1;1
31.893450;1.033483;0.833335556;0.0342688889;0.806336975;0.0331586382;1.043763;1.049188;0.814332396;0.0762070816;1.033483;0.750002;0.030842;10;0.833333;0;1.044444;1;1
31.901450;1.033484;0.833335556;0.0342711111;0.806336194;0.0331607563;1.043765;1.049189;0.81433162;0.076210186;1.033484;0.750002;0.030844;10;0.833333;0;1.044444;1;1
31.926450;1.033487;0.833335556;0.0342811111;0.806333854;0.0331703361;1.043772;1.049192;0.814329291;0.0762194993;1.033487;0.750002;0.030853;10;0.833333;0;1.044444;1;1
32.680450;1.033586;0.833328889;0.0345744444;0.806250171;0.0334509605;1.043959;1.049307;0.814232632;0.0764843421;1.033586;0.749996;0.031117;10;0.833333;0;1.044444;1;1
32.692450;1.033588;0.833328889;0.0345788889;0.806248611;0.0334551958;1.043962;1.049308;0.814231856;0.0764885048;1.033588;0.749996;0.031121;10;0.833333;0;1.044444;1;1
32.704450;1.033589;0.833328889;0.0345844444;0.806247831;0.0334605384;1.043964;1.04931;0.814230304;0.0764925946;1.033589;0.749996;0.031126;10;0.833333;0;1.044444;1;1
32.730450;1.033593;0.833328889;0.0345933333;0.80624471;0.0334690089;1.043971;1.049314;0.8142272;0.076501833;1.033593;0.749996;0.031134;10;0.833333;0;1.044444;1;1
32.760450;1.033596;0.833328889;0.0346044444;0.80624237;0.0334796617;1.043978;1.049318;0.814224096;0.0765121303;1.033596;0.749996;0.031144;10;0.833333;0;1.044444;1;1
32.965450;1.033622;0.833327778;0.03468;0.806221015;0.0335519174;1.044026;1.049347;0.814200535;0.0765799005;1.033622;0.749995;0.031212;10;0.833333;0;1.044444;1;1
32.973450;1.033622;0.833327778;0.0346833333;0.806221015;0.0335551423;1.044027;1.049348;0.814199759;0.0765819453;1.033622;0.749995;0.031215;10;0.833333;0;1.044444;1;1
32.998450;1.033625;0.833326667;0.0346922222;0.8062176;0.0335636447;1.044033;1.049352;0.814196656;0.0765901242;1.033625;0.749994;0.031223;10;0.833333;0;1.044444;1;1
33.240450;1.033653;0.833326667;0.0347755556;0.806195761;0.0336433557;1.044086;1.049384;0.814170769;0.0766650827;1.033653;0.749994;0.031298;10;0.833333;0;1.044444;1;1
33.252450;1.033655;0.833326667;0.0347788889;0.806194201;0.0336465154;1.044089;1.049386;0.814169217;0.0766691718;1.033655;0.749994;0.031301;10;0.833333;0;1.044444;1;1
33.277450;1.033658;0.833326667;0.0347877778;0.806191861;0.0336550172;1.044094;1.049389;0.814166889;0.0766763644;1.033658;0.749994;0.031309;10;0.833333;0;1.044444;1;1
33.298450;1.03366;0.833326667;0.0347944444;0.806190301;0.0336614017;1.044098;1.049392;0.814163503;0.0766824981;1.03366;0.749994;0.031315;10;0.833333;0;1.044444;1;1
33.322450;1.033663;0.833326667;0.0348022222;0.806187961;0.0336688285;1.044103;1.049395;0.814161175;0.0766896905;1.033663;0.749994;0.031322;10;0.833333;0;1.044444;1;1
33.387450;1.03367;0.833325556;0.0348233333;0.806181427;0.0336890239;1.044116;1.049403;0.814154969;0.0767092231;1.03367;0.749993;0.031341;10;0.833333;0;1.044444;1;1
33.525450;1.033684;0.833325556;0.0348655556;0.806170508;0.033729414;1.044144;1.049419;0.814142556;0.0767472287;1.033684;0.749993;0.031379;10;0.833333;0;1.044444;1;1
33.538450;1.033685;0.833325556;0.03487;0.806169728;0.033733681;1.044146;1.049421;0.814141004;0.0767513176;1.033685;0.749993;0.031383;10;0.833333;0;1.044444;1;1
33.545450;1.033686;0.833325556;0.0348711111;0.806168948;0.0337347232;1.044147;1.049422;0.814140228;0.076753362;1.033686;0.749993;0.031384;10;0.833333;0;1.044444;1;1
33.575450;1.033689;0.833325556;0.03488;0.806166609;0.0337432245;1.044153;1.049425;0.814137901;0.0767616128;1.033689;0.749993;0.031392;10;0.833333;0;1.044444;1;1
33.594450;1.033691;0.833325556;0.0348866667;0.806165049;0.0337496086;1.044157;1.049427;0.814136349;0.0767657017;1.033691;0.749993;0.031398;10;0.833333;0;1.044444;1;1
33.612450;1.033693;0.833325556;0.0348911111;0.806163489;0.0337538429;1.04416;1.049429;0.814134798;0.0767708492;1.033693;0.749993;0.031402;10;0.833333;0;1.044444;1;1
33.800450;1.03371;0.833325556;0.0349444444;0.806150231;0.0338048819;1.044194;1.04945;0.814118507;0.0768190745;1.03371;0.749993;0.03145;10;0.833333;0;1.044444;1;1
33.836450;1.033713;0.833325556;0.0349544444;0.806147892;0.0338144576;1.0442;1.049453;0.814116179;0.076827325;1.033713;0.749993;0.031459;10;0.833333;0;1.044444;1;1
33.854450;1.033715;0.833325556;0.0349588889;0.806146332;0.0338186917;1.044203;1.049455;0.814114628;0.0768324723;1.033715;0.749993;0.031463;10;0.833333;0;1.044444;1;1
33.857450;1.033715;0.833325556;0.03496;0.806146332;0.0338197666;1.044203;1.049456;0.814113852;0.0768323991;1.033715;0.749993;0.031464;10;0.833333;0;1.044444;1;1
33.882450;1.033718;0.833325556;0.0349655556;0.806143992;0.0338250428;1.044207;1.049458;0.814112301;0.0768386052;1.033718;0.749993;0.031469;10;0.833333;0;1.044444;1;1
33.891450;1.033718;0.833325556;0.0349688889;0.806143992;0.0338282674;1.044209;1.049459;0.814111525;0.0768406494;1.033718;0.749993;0.031472;10;0.833333;0;1.044444;1;1
34.105450;1.033736;0.833326667;0.0350211111;0.80613103;0.0338781963;1.044242;1.049479;0.81409601;0.0768889452;1.033736;0.749994;0.031519;10;0.833333;0;1.044444;1;1
34.114450;1.033737;0.833326667;0.0350233333;0.80613025;0.0338803132;1.044244;1.04948;0.814095234;0.0768899307;1.033737;0.749994;0.031521;10;0.833333;0;1.044444;1;1
34.130450;1.033738;0.833326667;0.0350266667;0.806129471;0.033883505;1.044246;1.049482;0.814093683;0.076894019;1.033738;0.749994;0.031524;10;0.833333;0;1.044444;1;1
34.165450;1.033741;0.833326667;0.0350344444;0.806127131;0.0338909306;1.044251;1.049485;0.814091356;0.0769012103;1.033741;0.749994;0.031531;10;0.833333;0;1.044444;1;1
34.176450;1.033741;0.833326667;0.0350377778;0.806127131;0.0338941551;1.044253;1.049486;0.81409058;0.0769032544;1.033741;0.749994;0.031534;10;0.833333;0;1.044444;1;1
34.397450;1.033757;0.833326667;0.0350833333;0.806114654;0.0339376984;1.044282;1.049504;0.814076618;0.0769453422;1.033757;0.749994;0.031575;10;0.833333;0;1.044444;1;1
34.423450;1.033759;0.833326667;0.0350888889;0.806113095;0.0339430069;1.044285;1.049506;0.814076125;0.0769494304;1.033759;0.749994;0.03158;10;0.833333;0;1.044444;1;1
34.425450;1.033759;0.833326667;0.0350888889;0.806113095;0.0339430069;1.044286;1.049506;0.814076125;0.0769504891;1.033759;0.749994;0.03158;10;0.833333;0;1.044444;1;1
34.435450;1.033759;0.833326667;0.0350911111;0.806113095;0.0339451566;1.044287;1.049506;0.814076125;0.0769526065;1.033759;0.749994;0.031582;10;0.833333;0;1.044444;1;1
34.455450;1.033761;0.833326667;0.0350955556;0.806111535;0.0339493902;1.044289;1.049508;0.814074574;0.0769556359;1.033761;0.749994;0.031586;10;0.833333;0;1.044444;1;1
34.700450;1.033775;0.833327778;0.0351377778;0.806101693;0.0339897732;1.044316;1.049525;0.814061388;0.0769946193;1.033775;0.749995;0.031624;10;0.833333;0;1.044444;1;1
34.747450;1.033778;0.833327778;0.0351455556;0.806099354;0.0339971982;1.044321;1.049527;0.814059836;0.0770018833;1.033778;0.749995;0.031631;10;0.833333;0;1.044444;1;1
34.758450;1.033778;0.833327778;0.0351477778;0.806099354;0.0339993478;1.044322;1.049528;0.814059061;0.0770028686;1.033778;0.749995;0.031633;10;0.833333;0;1.044444;1;1
34.766450;1.033779;0.833327778;0.0351488889;0.806098574;0.0340003897;1.044323;1.049529;0.814058285;0.0770038539;1.033779;0.749995;0.031634;10;0.833333;0;1.044444;1;1
34.781450;1.033779;0.833327778;0.0351511111;0.806098574;0.0340025393;1.044325;1.049529;0.814058285;0.0770059712;1.033779;0.749995;0.031636;10;0.833333;0;1.044444;1;1
35.027450;1.033791;0.833327778;0.0351844444;0.806089217;0.0340343884;1.044346;1.049543;0.814047426;0.0770367039;1.033791;0.749995;0.031666;10;0.833333;0;1.044444;1;1
35.038450;1.033791;0.833327778;0.0351866667;0.806089217;0.034036538;1.044347;1.049543;0.814047426;0.0770377626;1.033791;0.749995;0.031668;10;0.833333;0;1.044444;1;1
35.046035;1.033791;0.833327778;0.0351866667;0.806089217;0.034036538;1.044348;1.049543;0.814047426;0.0770388212;1.033791;0.749995;0.031668;10;0.833333;0;1.044444;1;1
35.056547;1.033792;0.833327778;0.0351888889;0.806088437;0.0340386547;1.044348;1.049544;0.814046651;0.0770398065;1.033792;0.749995;0.03167;10;0.833333;0;1.044444;1;1
35.067547;1.033792;0.833327778;0.03519;0.806088437;0.0340397295;1.044349;1.049544;0.814046651;0.0770419238;1.033792;0.749995;0.031671;10;0.833333;0;1.044444;1;1
35.073547;1.033793;0.833327778;0.03519;0.806087658;0.0340396965;1.04435;1.049545;0.814045875;0.0770418504;1.033793;0.749995;0.031671;10;0.833333;0;1.044444;1;1
35.446547;1.033806;0.833328889;0.0352311111;0.806078596;0.0340790352;1.044376;1.049561;0.814034524;0.0770787871;1.033806;0.749996;0.031708;10;0.833333;0;1.044444;1;1
35.492547;1.033808;0.833328889;0.0352355556;0.806077036;0.0340832684;1.044379;1.049562;0.814033748;0.0770829483;1.033808;0.749996;0.031712;10;0.833333;0;1.044444;1;1
35.504547;1.033808;0.833328889;0.0352366667;0.806077036;0.0340843432;1.044379;1.049563;0.814032973;0.0770849921;1.033808;0.749996;0.031713;10;0.833333;0;1.044444;1;1
35.505547;1.033808;0.833328889;0.0352377778;0.806077036;0.034085418;1.044379;1.049563;0.814032973;0.0770849921;1.033808;0.749996;0.031714;10;0.833333;0;1.044444;1;1
35.886547;1.03382;0.833328889;0.0352711111;0.80606768;0.0341172652;1.044401;1.049576;0.81402289;0.0771157962;1.03382;0.749996;0.031744;10;0.833333;0;1.044444;1;1
35.906547;1.03382;0.833328889;0.0352733333;0.80606768;0.0341194147;1.044402;1.049577;0.814022115;0.0771167813;1.03382;0.749996;0.031746;10;0.833333;0;1.044444;1;1
35.919547;1.03382;0.833328889;0.0352744444;0.80606768;0.0341204895;1.044403;1.049577;0.814022115;0.07711784;1.03382;0.749996;0.031747;10;0.833333;0;1.044444;1;1
35.958547;1.033821;0.833328889;0.0352766667;0.8060669;0.034122606;1.044405;1.049578;0.814021339;0.0771209424;1.033821;0.749996;0.031749;10;0.833333;0;1.044444;1;1
35.970547;1.033822;0.833328889;0.0352777778;0.806066121;0.0341236478;1.044405;1.049578;0.814021339;0.077122001;1.033822;0.749996;0.03175;10;0.833333;0;1.044444;1;1
35.990547;1.033822;0.833328889;0.03528;0.806066121;0.0341257973;1.044406;1.049579;0.814020563;0.0771229861;1.033822;0.749996;0.031752;10;0.833333;0;1.044444;1;1
36.005547;1.033823;0.833328889;0.0352811111;0.806065341;0.034126839;1.044407;1.04958;0.814019788;0.0771239713;1.033823;0.749996;0.031753;10;0.833333;0;1.044444;1;1
36.372547;1.033831;0.833328889;0.0353066667;0.806059103;0.0341512942;1.044423;1.049589;0.814012808;0.0771465995;1.033831;0.749996;0.031776;10;0.833333;0;1.044444;1;1
36.378547;1.033831;0.833328889;0.0353066667;0.806059103;0.0341512942;1.044423;1.04959;0.814012032;0.0771475846;1.033831;0.749996;0.031776;10;0.833333;0;1.044444;1;1
36.388547;1.033832;0.833328889;0.0353066667;0.806058324;0.0341512612;1.044424;1.04959;0.814012032;0.0771475846;1.033832;0.749996;0.031776;10;0.833333;0;1.044444;1;1
36.410547;1.033832;0.833328889;0.0353088889;0.806058324;0.0341534107;1.044425;1.04959;0.814012032;0.0771497018;1.033832;0.749996;0.031778;10;0.833333;0;1.044444;1;1
36.444547;1.033833;0.833328889;0.0353111111;0.806057544;0.0341555272;1.044426;1.049591;0.814011257;0.077150687;1.033833;0.749996;0.03178;10;0.833333;0;1.044444;1;1
36.882547;1.033841;0.833328889;0.0353344444;0.806051307;0.0341778324;1.044441;1.0496;0.814004277;0.0771722561;1.033841;0.749996;0.031801;10;0.833333;0;1.044444;1;1
36.893547;1.033841;0.833328889;0.0353344444;0.806051307;0.0341778324;1.044441;1.0496;0.814004277;0.0771733147;1.033841;0.749996;0.031801;10;0.833333;0;1.044444;1;1
36.902547;1.033841;0.833328889;0.0353344444;0.806051307;0.0341778324;1.044441;1.049601;0.814003501;0.0771732412;1.033841;0.749996;0.031801;10;0.833333;0;1.044444;1;1
36.909547;1.033841;0.833328889;0.0353355556;0.806051307;0.0341789072;1.044442;1.049601;0.814003501;0.0771732412;1.033841;0.749996;0.031802;10;0.833333;0;1.044444;1;1
36.952547;1.033842;0.833328889;0.0353377778;0.806050527;0.0341810236;1.044443;1.049601;0.814003501;0.0771753584;1.033842;0.749996;0.031804;10;0.833333;0;1.044444;1;1
37.426547;1.033848;0.833328889;0.0353555556;0.806045849;0.0341980209;1.044454;1.049609;0.813997297;0.0771917077;1.033848;0.749996;0.03182;10;0.833333;0;1.044444;1;1
37.440547;1.033848;0.833328889;0.0353566667;0.806045849;0.0341990957;1.044455;1.049609;0.813997297;0.0771927663;1.033848;0.749996;0.031821;10;0.833333;0;1.044444;1;1
37.940547;1.033853;0.833328889;0.03537;0.806041951;0.034211827;1.044463;1.049614;0.813993419;0.0772051016;1.033853;0.749996;0.031833;10;0.833333;0;1.044444;1;1
37.981547;1.033853;0.833328889;0.0353711111;0.806041951;0.0342129017;1.044464;1.049614;0.813993419;0.0772061602;1.033853;0.749996;0.031834;10;0.833333;0;1.044444;1;1
38.000547;1.033853;0.833328889;0.0353711111;0.806041951;0.0342129017;1.044464;1.049615;0.813992644;0.0772060867;1.033853;0.749996;0.031834;10;0.833333;0;1.044444;1;1
38.016547;1.033853;0.833328889;0.0353711111;0.806041951;0.0342129017;1.044465;1.049615;0.813992644;0.0772060867;1.033853;0.749996;0.031834;10;0.833333;0;1.044444;1;1
38.024547;1.033853;0.833328889;0.0353722222;0.806041951;0.0342139765;1.044465;1.049615;0.813992644;0.0772060867;1.033853;0.749996;0.031835;10;0.833333;0;1.044444;1;1
38.081547;1.033854;0.833328889;0.0353733333;0.806041171;0.0342150181;1.044465;1.049615;0.813992644;0.0772071453;1.033854;0.749996;0.031836;10;0.833333;0;1.044444;1;1
38.915547;1.033857;0.83333;0.0353844444;0.806039907;0.0342256661;1.044473;1.04962;0.813989825;0.0772184219;1.033857;0.749997;0.031846;10;0.833333;0;1.044444;1;1
38.977547;1.033858;0.83333;0.0353844444;0.806039127;0.034225633;1.044473;1.04962;0.813989825;0.0772184219;1.033858;0.749997;0.031846;10;0.833333;0;1.044444;1;1
39.001547;1.033858;0.83333;0.0353855556;0.806039127;0.0342267077;1.044473;1.04962;0.813989825;0.0772184219;1.033858;0.749997;0.031847;10;0.833333;0;1.044444;1;1
39.104547;1.033858;0.83333;0.0353855556;0.806039127;0.0342267077;1.044474;1.04962;0.813989825;0.0772194805;1.033858;0.749997;0.031847;10;0.833333;0;1.044444;1;1
39.295547;1.033858;0.83333;0.0353866667;0.806039127;0.0342277824;1.044474;1.049621;0.813989049;0.0772204655;1.033858;0.749997;0.031848;10;0.833333;0;1.044444;1;1
39.891547;1.033859;0.83333;0.0353877778;0.806038348;0.034228824;1.044475;1.049621;0.813989049;0.0772215241;1.033859;0.749997;0.031849;10;0.833333;0;1.044444;1;1
40.097547;1.033858;0.83333;0.0353877778;0.806039127;0.0342288571;1.044475;1.049621;0.813989049;0.0772215241;1.033858;0.749997;0.031849;10;0.833333;0;1.044444;1;1
40.285547;1.033858;0.83333;0.0353877778;0.806039127;0.0342288571;1.044475;1.049621;0.813989049;0.0772204655;1.033858;0.749997;0.031849;10;0.833333;0;1.044444;1;1
40.322547;1.033858;0.83333;0.0353877778;0.806039127;0.0342288571;1.044474;1.049621;0.813989049;0.0772204655;1.033858;0.749997;0.031849;10;0.833333;0;1.044444;1;1
40.472547;1.033858;0.83333;0.0353866667;0.806039127;0.0342277824;1.044474;1.049621;0.813989049;0.0772204655;1.033858;0.749997;0.031848;10;0.833333;0;1.044444;1;1
45.111547;1.033848;0.833331111;0.0353577778;0.806047998;0.0342001704;1.044456;1.049609;0.813999414;0.0771948835;1.033848;0.749998;0.031822;10;0.833333;0;1.044444;1;1
45.563547;1.033848;0.833331111;0.0353555556;0.806047998;0.0341980209;1.044455;1.049609;0.813999414;0.0771927663;1.033848;0.749998;0.03182;10;0.833333;0;1.044444;1;1
45.596547;1.033848;0.833331111;0.0353555556;0.806047998;0.0341980209;1.044454;1.049609;0.813999414;0.0771927663;1.033848;0.749998;0.03182;10;0.833333;0;1.044444;1;1
45.606547;1.033848;0.833331111;0.0353555556;0.806047998;0.0341980209;1.044454;1.049608;0.81400019;0.0771928398;1.033848;0.749998;0.03182;10;0.833333;0;1.044444;1;1
45.815547;1.033847;0.833331111;0.0353544444;0.806048778;0.0341969793;1.044454;1.049608;0.81400019;0.0771917812;1.033847;0.749998;0.031819;10;0.833333;0;1.044444;1;1
46.162547;1.033847;0.833331111;0.0353533333;0.806048778;0.0341959046;1.044453;1.049608;0.81400019;0.077189664;1.033847;0.749998;0.031818;10;0.833333;0;1.044444;1;1
48.897547;1.033844;0.833331111;0.0353466667;0.806051117;0.0341895554;1.044448;1.049605;0.814002516;0.0771835331;1.033844;0.749998;0.031812;10;0.833333;0;1.044444;1;1
49.530547;1.033844;0.833331111;0.0353455556;0.806051117;0.0341884806;1.044448;1.049604;0.81400435;0.0771836066;1.033844;0.749998;0.031811;10;0.833333;0;1.044444;1;1
50.194547;1.033844;0.833331111;0.0353455556;0.806051117;0.0341884806;1.044447;1.049604;0.81400435;0.077182548;1.033844;0.749998;0.031811;10;0.833333;0;1.044444;1;1
50.223547;1.033844;0.833331111;0.0353444444;0.806051117;0.0341874059;1.044447;1.049604;0.81400435;0.077182548;1.033844;0.749998;0.03181;10;0.833333;0;1.044444;1;1
51.078547;1.033844;0.833332222;0.0353444444;0.806052192;0.0341874059;1.044447;1.049604;0.81400435;0.0771814894;1.033844;0.749999;0.03181;10;0.833333;0;1.044444;1;1
100.000000;1.033844;0.833333333;0.0353444444;0.806053267;0.0341874059;1.044447;1.049604;0.814005409;0.0771814894;1.033844;0.75;0.03181;10;0.833333;0;1.044444;1;1
