time;BusPDR_BUS_Voltage;BusPDR_BUS_ActivePower;BusPDR_BUS_ActiveCurrent;BusPDR_BUS_ReactivePower;BusPDR_BUS_ReactiveCurrent;StepUp_Xfmr_XFMR_Tap;Wind_Turbine_GEN_ActivePowerSetpointPu;Wind_Turbine_GEN_ReactivePowerSetpointPu;Wind_Turbine_GEN_AVRSetpointPu;Wind_Turbine_GEN_InjectedActiveCurrent;Wind_Turbine_GEN_InjectedReactiveCurrent;Wind_Turbine_GEN_MagnitudeControlledByAVRPu;Wind_Turbine_GEN_InjectedCurrent
0.0;1.04447829352338;0.7499497657680457;0.717975853078193;-1.0746701569694138e-05;-3.339399947703346e-05;9.99994538955561;0.7502237406648211;0.012605483684931248;0.012606356543932957;0.7181360294049659;-0.012802060052168664;1.0449768397939605;0.718162723194199
0.0;1.0444784910068787;0.7499495931757625;0.7179753411317455;-1.0761174596114499e-05;-3.357111801989611e-05;9.999944869066574;0.7502241934227649;0.012605484680783562;0.012606362332033515;0.7181368916405894;-0.012802060309412808;1.0449762364972788;0.7181632756464122
3.9e-05;1.0444787037421348;0.7499494072727555;0.7179747897126905;-1.0776757513414136e-05;-3.376180625577924e-05;9.999944310991621;0.7502246812338838;0.012605485749604265;0.012606368566948061;0.7181378205808001;-0.01280006058651099;1.0449755864737813;0.7181638351455771
7.8e-05;1.0444789326761403;0.7499492072312158;0.7179741964229166;-1.0793459897640064e-05;-3.396676333129526e-05;9.999943715431487;0.7502252062473397;0.012605486892492952;0.01260637527543289;0.7181388204332367;-0.01279906088461418;1.0449748866907178;0.7181644577353818
0.000155;1.0444791787795407;0.7499489922463979;0.7179735589446724;-1.0811228447230261e-05;-3.4186603695478184e-05;9.999943083067276;0.7502257704950611;0.012605488110592996;0.0126063824829398;0.7181398953174306;-0.012796061204831576;1.044974134146449;0.7181650924233337
0.000311;1.0444794430548971;0.7499487615657401;0.7179728750426346;-1.082996847065457e-05;-3.442186688111473e-05;9.999942414956488;0.7502263759104169;0.012605489405317697;0.012606390213836067;0.7181410492360706;-0.012790061548257455;1.044973325940008;0.7181657238663579
0.000622;1.0444797264925603;0.7499485144983484;0.7179721425753577;-1.0849563123589736e-05;-3.467307567916538e-05;9.999941711191166;0.7502270243027416;0.012605490777159738;0.012606398491475213;0.7181422860350045;-0.012778061915945839;1.0449724593275995;0.7181663011258707
0.000933;1.0444800300327084;0.7499483466443885;0.717971451632746;-1.190986693078915e-05;-3.5936592096189254e-05;9.999940969443259;0.750227717336075;0.012605492224627932;0.012606407338326088;0.7181436093969917;-0.012766062308886618;1.0449715317014188;0.7181669334522883
0.001555;1.0444793588326426;0.7499476386617018;0.7179708923767362;-1.4984533367632745e-05;-3.914557573409353e-05;9.99994018476222;0.7502284565974405;0.012605493744851847;0.012606416776833291;0.718145022878806;-0.012744062727998953;1.0449695405474984;0.7181674455527804
0.002177;1.044479705325365;0.7499466839378214;0.717969374997912;-1.926187735181483e-05;-4.352390669226425e-05;9.99993935014161;0.7502292436776158;0.012605495335218868;0.012606426830880025;0.7181455299867627;-0.012722063174143369;1.0449684834343331;0.7181670177218077
0.002799;1.0444790790747385;0.7499460357854405;0.7179687969889824;-2.3376940892625267e-05;-4.776575042277298e-05;9.999938457884653;0.7502300801480143;0.012605496994435783;0.012606437525894071;0.718146134229239;-0.012701063648154943;1.0449663579902777;0.7181666694593447
0.00342;1.0444783849238375;0.7499444550984671;0.7179673493464019;-3.0383189572424683e-05;-5.479568567715967e-05;9.99993750086682;0.7502309675064882;0.01260549872266406;0.012606448886847858;0.7181468390936465;-0.01268106415086137;1.0449641618688557;0.7181664025905465
0.004042;1.044478804200133;0.74994363638018;0.7179658419736823;-3.674036902372851e-05;-6.122514184818929e-05;9.999936471921142;0.7502319071672141;0.012605500521194378;0.01260646093681217;0.7181476480046713;-0.012662064683062;1.0449618927660793;0.7181662189407692
0.005286;1.0444772588667026;0.7499401538802124;0.7179631108897071;-5.2517223886888845e-05;-7.669551731065121e-05;9.999935362547804;0.7502329004563831;0.012605502391766676;0.012606473697960544;0.7181455643155307;-0.012625065245503483;1.0449575484748084;0.718162786420504
0.00653;1.0444747459507848;0.7499361285972554;0.7179605010659258;-7.030720179950867e-05;-9.411634527732617e-05;9.999934162585065;0.7502339486144497;0.012605504335950575;0.012606487193199796;0.7181435912786268;-0.012592065838875163;1.0449541269048241;0.7181594944427732
0.009018;1.044470178841184;0.7499263670419353;0.7179537866519227;-0.00011109586922774864;-0.00013358144661830228;9.999932859980007;0.7502350528141285;0.012605506355614172;0.012606501446363614;0.7181367319942243;-0.012535066463806704;1.0449466260560396;0.7181508553594167
0.011505;1.0444656424495908;0.7499135607935113;0.7179441107531345;-0.00015321160660099932;-0.00017434214841753528;9.999931440910409;0.7502362141807857;0.012605508454449549;0.01260651648126796;0.7181279894256689;-0.012489067120866443;1.0449380439830525;0.7181404836560018
0.013993;1.044460142361404;0.7498989784980611;0.7179333711688425;-0.00019535537451170618;-0.00021515566875276082;9.999929891162077;0.7502374338511543;0.012605510639108766;0.012606532321038104;0.7181193664798974;-0.012454067810564929;1.0449293787823821;0.7181303782040187
0.016481;1.0444556714392292;0.7498838576743865;0.7179213821116254;-0.00023557964685785258;-0.00025415774134188846;9.999928196839992;0.7502387130763826;0.012605512919173435;0.012606548988252822;0.7181108660589026;-0.01242806853336762;1.0449216286349932;0.7181205040007972
0.018968;1.0444521389665495;0.749869075644751;0.7179090455222096;-0.0002734632921198171;-0.00029094565834440723;9.999926343150015;0.7502400532846961;0.012605515306280497;0.012606566505186673;0.7181024910530917;-0.01241006928971737;1.04491379188429;0.7181108439108883
0.021456;1.0444477391441809;0.7498541827775399;0.7178971720526814;-0.00030526759986337736;-0.00032194054783918287;9.999924313297246;0.750241456038634;0.01260551781295714;0.012606584893884097;0.7180942443573701;-0.012399070080036398;1.0449068670612234;0.7181013810480199
0.023943;1.044445276469022;0.7498401511159091;0.7178847641374769;-0.0003327182093030258;-0.0003487942205022571;9.999922088941508;0.7502429229317144;0.012605520451800255;0.012606604176171954;0.7180881289404233;-0.012393070904707055;1.044900852841067;0.7180940811705184
0.028919;1.0444408616082295;0.7498153270502368;0.7178633373704797;-0.00037243613761405716;-0.0003874223942432871;9.99991965128725;0.750244455518621;0.012605523234962028;0.012606624373021905;0.7180751478763134;-0.012390071764074409;1.0448927479875387;0.7180799119488344
0.033894;1.0444384791266972;0.7497946282996341;0.7178444358859337;-0.00039630174822421533;-0.0004108996804446051;9.999916981633374;0.7502460553029268;0.012605526173692538;0.01260664550344086;0.7180653043092734;-0.012397072658477464;1.0448865513051815;0.7180689938300753
0.038869;1.0444381306191406;0.7497794795878622;0.7178294228577741;-0.00040837935146411687;-0.000423117311290746;9.999914061503818;0.75024772374241;0.012605529278091868;0.012606667584093784;0.7180586014177732;-0.012408073588279242;1.044883261598693;0.7180612247099857
0.043845;1.0444389140255523;0.7497684812310963;0.717817578317421;-0.00041110417460220886;-0.0004264071028157471;9.999910873080559;0.7502494622464674;0.012605532556906277;0.012606690629980483;0.7180540423902921;-0.012418074553862754;1.0448798776590718;0.7180555198833041
0.04882;1.04443974301807;0.7497590606508648;0.7178071858975346;-0.00040843725465551135;-0.00042456199599902767;9.99990739918812;0.7502512721877057;0.012605536017899039;0.012606714655406585;0.7180526303964082;-0.01242707555559062;1.0448773982865296;0.7180528807233193
0.053795;1.044441614886397;0.749753261413577;0.7177995168346729;-0.0004034690659025517;-0.0004205407277251432;9.999903622201234;0.7502531549396094;0.012605539669268933;0.012606739674253553;0.7180513685673097;-0.012434076593777254;1.044875822325166;0.7180502919623067
0.063746;1.044443535484925;0.7497449766683304;0.7177894074604583;-0.0003945344561968959;-0.0004127494017314775;9.999899523457819;0.7502551118717032;0.012605543520336387;0.012606765698970266;0.718049259963869;-0.012440077668698354;1.044875148684489;0.7180467727238461
0.073696;1.0444455065120137;0.7497390398617548;0.7177814849168841;-0.00038852856996776934;-0.00040779024929085873;9.999895083980778;0.7502571442985828;0.012605547580389464;0.012606792739623975;0.7180503075118885;-0.01243907878061633;1.044872376322935;0.7180462201563271
0.083647;1.0444466261270613;0.7497361314796355;0.7177770211565643;-0.00038769403695665915;-0.0004078110489661925;9.999890285336704;0.7502592534753724;0.012605551857603864;0.012606820805359584;0.7180515139561713;-0.012436079929808367;1.0448705042052948;0.7180457231008323
0.093597;1.0444477077289416;0.7497333290589472;0.7177726594397039;-0.00038965609306526876;-0.0004105378092160655;9.99988511011484;0.7502614406379695;0.01260555635930617;0.012606849907030591;0.7180548818688016;-0.012432081116574038;1.0448665312987522;0.718047300377159
0.103548;1.0444479416983494;0.7497300510871427;0.7177684002885557;-0.00039291888020228277;-0.00041453857421649775;9.999879542226767;0.7502637070500927;0.012605561092278715;0.012606880057086016;0.7180584136767052;-0.012428082341210131;1.0448634566260437;0.7180489714660033
0.123449;1.0444492293906105;0.7497287011034522;0.7177652388921877;-0.0003982343541346057;-0.00042053263958272006;9.999873566420206;0.75026605405145;0.01260556606230414;0.0126069112671888;0.7180621116673567;-0.012423083603983536;1.0448592793281168;0.7180507210027149
0.14335;1.04444958135784;0.7497266175551245;0.7177619951784604;-0.00040348610743198246;-0.00042649421581541944;9.999867166837776;0.7502684830522948;0.012605571273848997;0.012606943547271404;0.7180669779729305;-0.012419084905122287;1.0448549986967721;0.7180535853581831
0.183152;1.0444499954906816;0.7497258443854431;0.7177599410248755;-0.00041176448155373977;-0.00043538195494469237;9.999860326057867;0.7502709954941427;0.012605576730250916;0.01260697690628629;0.7180730145459256;-0.01241208624482147;1.044850614191444;0.7180574970862049
0.222954;1.0444504740210354;0.7497249575080615;0.7177577121741366;-0.0004190059375237344;-0.0004433051960993971;9.999853025377218;0.7502735928991909;0.01260558243369355;0.012607011352583467;0.7180792231195454;-0.012405087623245282;1.0448461254668782;0.7180615098225207
0.262756;1.0444510192687855;0.7497241500793796;0.7177554929373005;-0.0004272903650246391;-0.0004522557692292375;9.999845245333693;0.7502762769578845;0.012605588384897054;0.012607046893665827;0.718085605172011;-0.012397089040496762;1.0448415323833906;0.7180656078227929
0.302558;1.0444516336308498;0.7497232305302031;0.7177530993668585;-0.00043453775444853276;-0.000460242638343622;9.999836965785535;0.7502790495088459;0.012605594583449455;0.012607083536550864;0.7180921619526202;-0.012390090496581829;1.0448358349614846;0.7180698272360911
0.382162;1.0444514159188798;0.7497224172187814;0.7177513613202834;-0.00044932609684836136;-0.0004754802409892337;9.999828165752183;0.7502819124613757;0.012605601028687421;0.012607121288376629;0.7180998945757372;-0.012375091991417645;1.0448300333255813;0.7180750143897514
0.541371;1.0444491886412444;0.7497214403593179;0.717750831363294;-0.00047925785630914487;-0.0005052491617288939;9.999818823022274;0.7502848677340793;0.012605607720196905;0.012607160155621057;0.7181088040953263;-0.012348093524846292;1.044822127708038;0.7180811027098729
0.700579;1.0444480336438935;0.7497208766508445;0.7177499447862439;-0.0005061384593181748;-0.0005321274909887373;9.999808913491078;0.7502879172055702;0.01260561465853369;0.012607200142505853;0.7181178915007503;-0.01232209509660133;1.0448131184888085;0.718087318430954
1.018996;1.044443066817274;0.7497196247405228;0.7177510062591546;-0.0005549181003377228;-0.0005800081748168089;9.999798410746223;0.7502910627325062;0.012605621846510068;0.012607241250436475;0.7181291576820696;-0.012276096706275632;1.0448020062094965;0.7180953034920807
1.337413;1.0444401731344963;0.7497192148211371;0.7177514374501193;-0.0005975925684681487;-0.0006220749729828397;9.999787286335938;0.7502943062290046;0.012605629289519516;0.012607283478701296;0.718139603411342;-0.012235098353331766;1.0447907915657808;0.7181024895026019
1.65583;1.0444372716619363;0.7497182480956615;0.7177513317191673;-0.0006357832614078537;-0.0006598817560498606;9.999775510273349;0.7502976497026512;0.012605636994328677;0.012607326825119171;0.7181502293202079;-0.01219910003711425;1.0447814753916327;0.7181098770558666
2.292664;1.044430566377958;0.7497170786285374;0.7177536402238363;-0.0007010706487949211;-0.000723670279293915;9.999763050924534;0.7503010952149922;0.012605644967803628;0.012607371285609062;0.7181640358467912;-0.012137101756850403;1.0447670586197946;0.7181199417206177
2.929498;1.044426938154823;0.7497166047990987;0.7177544957324554;-0.0007509599454219174;-0.0007727469508454158;9.999749874520194;0.7503046448342214;0.012605653216816231;0.012607416853410986;0.7181770231874447;-0.012091103511660732;1.044754542241643;0.7181293984230499
3.566331;1.0444243060984697;0.7497153318268029;0.7177539003603018;-0.000786032869398759;-0.0008076695884069515;9.999735945452283;0.7503083006199167;0.012605661748808852;0.012607463519040182;0.7181871913288191;-0.012057105300565205;1.0447449273114848;0.7181361788547035
4.566331;1.0444227650819078;0.7497146752808147;0.7177531473911009;-0.0008201334916518711;-0.0008416938578361;9.99972122723699;0.7503120646300843;0.012605670571652867;0.012607511270697125;0.7181985401176992;-0.012025107122479126;1.044734214987997;0.718144114982092
5.466331;1.0444234058443498;0.7497135911114493;0.7177504904876839;-0.0008328559811870996;-0.0008552789002806462;9.999705683134476;0.75031593895118;0.012605679692061687;0.01260756009442506;0.718208069247634;-0.012012108976207076;1.0447274065798815;0.7181504929471915
6.366331;1.0444260471548885;0.7497129096747074;0.7177468528356951;-0.0008360292167405794;-0.0008597507799886141;9.999689276409892;0.7503199257092769;0.012605689113378352;0.012607609973559619;0.7182157782155736;-0.01201011086042879;1.0447225035725956;0.718155179478564
7.266331;1.044428792791604;0.7497115591025608;0.717742515512059;-0.0008319242997592758;-0.0008572848981492169;9.999671970561847;0.7503240270275484;0.012605698834744777;0.01260766088755157;0.7182226663620505;-0.012014112773682892;1.0447185076307313;0.7181590921602273
8.166331;1.0444326418665864;0.7497105452445862;0.7177377590367798;-0.0008237279374623434;-0.0008509311218982912;9.99965372905154;0.7503282449788675;0.012605708852324567;0.012607712811468337;0.7182307329288817;-0.012021114714362506;1.044714420601558;0.7181641820301773
9.066331;1.0444365101221207;0.7497094737179755;0.717732955848859;-0.0008162477438776299;-0.0008452929130167445;9.99963451409216;0.7503325815672779;0.012605719161021774;0.012607765717510098;0.7182379770598545;-0.012030116680718388;1.0447102445468068;0.7181684342007072
9.966331;1.0444405856028778;0.7497083848477691;0.7177280202979136;-0.000807014227149017;-0.0008380045922902632;9.999614285285933;0.7503370387288566;0.012605729755174332;0.012607819577250412;0.7182453977659499;-0.01203811867085251;1.0447059817991122;0.718172799880334
10.866331;1.0444447800936159;0.7497074070383614;0.717723141245432;-0.0007988220664145286;-0.0008317412590239514;9.99959299903111;0.7503416183371376;0.012605740628285924;0.012607874361771194;0.7182529938637908;-0.012046120682693931;1.044702635022308;0.718177297432551
11.866331;1.0444490974934066;0.7497065434190698;0.7177183244506906;-0.0007916713194028111;-0.0008265018432385693;9.999570608555121;0.7503463221911401;0.01260575177263891;0.012607930040007874;0.7182607639243458;-0.012053122713975035;1.044698207262183;0.718181911664608
12.866331;1.0444535416544778;0.7497058935569009;0.7177136681896678;-0.0007866020164671712;-0.0008232809459722424;9.999547063989636;0.7503511519842745;0.01260576317919845;0.012607986577808525;0.7182697062412498;-0.012058124762219177;1.0446937019597136;0.7181876271655007
13.866331;1.0444581164172153;0.7497053648380915;0.7177090869139634;-0.0007825744923407104;-0.0008210816086164658;9.999522311930162;0.7503561092715514;0.012605774837948511;0.012608043937702125;0.7182778187493143;-0.012061126824724667;1.0446881229227156;0.7181924456993022
14.866331;1.0444618299401327;0.7497043424276263;0.7177046797917245;-0.0007805621040292266;-0.0008208349361686166;9.99949629482659;0.7503611954751165;0.01260578673848831;0.0126081020783391;0.7182870989303128;-0.012063128898553337;1.044682474318406;0.7181983852098016
15.866331;1.04446568202478;0.7497034489714445;0.7177003620486583;-0.0007795921387880623;-0.000821607003532177;9.999468951292997;0.7503664119635522;0.01260579887009395;0.012608160954155978;0.7182965437844789;-0.012065130980533039;1.0446777606912396;0.7182044639465649
16.866331;1.0444696769197146;0.7497025925355334;0.7176960494566861;-0.0007786249607212478;-0.0008224002750981924;9.99944021721665;0.7503717601196883;0.012605811221061497;0.012608220515192873;0.7183061498289817;-0.012065133067248573;1.044671986968981;0.7182106494770768
17.866331;1.0444738190762257;0.7497018738984981;0.7176918425663446;-0.0007787007060276217;-0.0008242083985137045;9.999410026416161;0.7503772412934065;0.01260582377808174;0.012608280706387458;0.7183159131017066;-0.012065135155016124;1.0446661584876993;0.7182169765164529
18.866331;1.0444781131238858;0.7497012979838273;0.7176877503500055;-0.0007798195978119941;-0.0008270290494175374;9.999378310169575;0.7503828567024979;0.012605836526428571;0.01260834146731686;0.7183258291725214;-0.012065137239858546;1.0446602810287584;0.7182234461861606
19.866331;1.0444825638391295;0.7497006776397198;0.7176835980609607;-0.0007799020438173634;-0.0008288683083952662;9.999344996379762;0.7503886073732291;0.012605849450605847;0.012608402732430395;0.7183358931083438;-0.012064139317480101;1.044654360839719;0.7182300428596144
20.866331;1.0444871761517651;0.7497001145751353;0.7176794878853133;-0.0007799881149972922;-0.000830719403225742;9.999310009247774;0.7503944940978404;0.01260586253422161;0.012608464430167459;0.7183460993999459;-0.012064141383241517;1.0446484046890785;0.7182368012918093
21.866331;1.0444919551867295;0.7496997107084286;0.7176755227081741;-0.0007811177812884645;-0.0008335753615929978;9.999273269035962;0.7504005174007876;0.012605875759608155;0.012608526481837709;0.7183564419018116;-0.012064143432146497;1.044642419966092;0.7182437056148809
22.866331;1.0444969062981349;0.7496992796121329;0.7176715298291484;-0.0007812111960280196;-0.0008354416956262668;9.999234691778453;0.7504066775454864;0.01260588910834473;0.012608588801972236;0.7183669137766941;-0.012063145458833866;1.0446354147415804;0.7182507396142747
23.866331;1.044502035098555;0.7496989238045126;0.717667613686569;-0.0007813081469578511;-0.0008373108821908814;9.999194189371073;0.7504129745355157;0.012605902562040895;0.012608651298937715;0.718377507446919;-0.012063147457571505;1.0446293977345662;0.7182579371150655
24.866331;1.04450734749971;0.7496986499697998;0.7176637873878335;-0.0007814084470832007;-0.0008391793603027863;9.999151669879371;0.7504194081203055;0.01260591610230197;0.01260871387494875;0.7183882145743061;-0.012063149422265329;1.0446233782519005;0.7182652812443511
25.866331;1.0445128497278429;0.7496985613990759;0.7176601569597187;-0.0007825517684810451;-0.0008420389870140767;9.999107037630592;0.750425977879929;0.012605929709705005;0.01260877642662999;0.7183990260587164;-0.012063151346464058;1.0446173661980933;0.7182727717560999
26.866331;1.0445185482823345;0.7496984732467304;0.7176565529302944;-0.0007826580640007401;-0.0008438940194969951;9.999060192718575;0.7504326832795394;0.012605943362785936;0.012608838845485276;0.7184099320352182;-0.012063153223321467;1.0446113721585732;0.7182804082906271
27.866331;1.0445244498802346;0.7496984898145519;0.7176530831110817;-0.0007827670332285343;-0.0008457356214168924;9.999011030418572;0.7504395235793884;0.012605957037815505;0.01260890101668218;0.7184209218751075;-0.01206315504553456;1.0446054074959599;0.7182881903677609
28.866331;1.0445305614380955;0.7496986197724302;0.7176497642122619;-0.0007828785247323283;-0.0008475589238474235;9.998959441423484;0.7504464977205721;0.012605970708876138;0.01260896281722965;0.7184319841784855;-0.012063156805301576;1.0445994843908308;0.7182961173727224
29.866331;1.0445368900766012;0.749698872371643;0.7176466140437094;-0.0007829924499414854;-0.000849358815929991;9.998905312145045;0.7504536043090974;0.012605984348184203;0.012609024115129014;0.7184431066738464;-0.012063158494308687;1.0445936158304807;0.718304188503445
29.999994;1.044543443132827;0.7496992574574647;0.7176436515609953;-0.0007831087840650325;-0.0008511298757534978;9.99884852385715;0.7504608416611226;0.012605997926895164;0.012609084769060214;0.7184542760363651;-0.012063160103724989;1.0445878156367523;0.7183124026531964
29.999994;0.6078885120443513;0.504385197635003;0.829852395013685;1.4993232525183933;2.467182363417241;9.998788951566967;0.7504682078387368;0.012606011415601087;0.012609144628131922;0.7184654777871319;-0.01206316162417378;0.6721590985600194;0.7183207583262051
29.999994;0.6078924705268798;0.5043796515989627;0.8298438098688771;1.499291957059484;2.467141818003113;9.998726463893403;0.7504757006581985;0.012606024783854012;0.012609203531749488;0.7184766962989673;-0.012061163045685839;0.6721504803687388;0.7183292200184235
29.999994;0.6078977490421459;0.5043729310928474;0.8298318068709554;1.49926346395577;2.467101582971622;9.998660923270783;0.7504833176607277;0.012606037999124407;0.012609261309123009;0.718487914743783;-0.012060164357664068;0.6721419778940423;0.7183378358214135
29.999994;0.6079002174882101;0.5043601606262546;0.8298140204218377;1.4992037948892263;2.467022552661789;9.998592185453873;0.7504910560405328;0.012606051026127342;0.01260931777805844;0.7184991149482717;-0.01205716554885028;0.6721296090764378;0.7183465526773579
29.999995;0.6078988872917659;0.5043341916142329;0.8297800528662712;1.4990869354869696;2.466865970495416;9.99852009891494;0.7504989125794987;0.01260606382691891;0.012609372743428276;0.7185102773012002;-0.01205116660729552;0.6721113930457006;0.7183553508919722
29.999996;0.6078887064922879;0.5042812422365541;0.8297141403259555;1.4988533518468423;2.4665544077814316;9.998444505229623;0.7505068836254336;0.012606076361047254;0.01260942599653868;0.7185213806947951;-0.01203816752035316;0.6720793501898575;0.7183641602486524
29.999998;0.6078605597642072;0.5041747502595867;0.8295850296897309;1.4983863938341067;2.465932898006151;9.998365239692099;0.7505149650802884;0.012606088585590036;0.012609477315624815;0.7185324023974949;-0.012014168274676947;0.6720215022118652;0.7183729106153195
30.000002;0.6077952099764136;0.5039593155915502;0.8293278007238083;1.4974509596445462;2.4646924525336993;9.998282123404692;0.7505231523304796;0.012606100453348063;0.012609526461642132;0.7185433186866144;-0.011965168856089382;0.6719108734606083;0.7183813636567954
30.00001;0.6076561661528687;0.503529902520561;0.828819268948993;1.4955810214819174;2.4622133439702854;9.998194940612125;0.7505314405676453;0.012606111902086218;0.012609573190831861;0.7185541070465626;-0.011868169249298614;0.6716934941416238;0.7183891310529036
30.000026;0.6073705851480724;0.5026733027962523;0.8278072822329129;1.4918515682016307;2.457265072324439;9.99810342408642;0.750539826617131;0.01260612283266742;0.012609617321265714;0.7185657461066818;-0.011674169437782085;0.6712654005534922;0.7183964162989445
30.000058;0.6067917061829063;0.5009876680520238;0.8258278419652474;1.4844200965166992;2.447395328194945;9.998007276950585;0.7505483103265336;0.012606133094987012;0.012609658767933709;0.7185782097882226;-0.011287169404423949;0.6704146296286398;0.7184017730091791
30.000122;0.6056316052161773;0.4977262668196838;0.8220332172072946;1.469669416350394;2.4277569330130437;9.997906220825369;0.7505568916161302;0.012606142531315975;0.012609697466165498;0.7185954623849318;-0.010521169133559667;0.6687272144007912;0.7184067698350379
30.000185;0.6044800516321744;0.49460327311988134;0.8184418488962157;1.455067563182324;2.4082558108019536;9.997800030855911;0.7505655676900812;0.012606151079925982;0.012609733324605778;0.7186184616676596;-0.009764168613226102;0.6670521842349743;0.718418810261408
30.000249;0.6033367971095159;0.4916164269567493;0.8150516418040565;1.4406115444975471;2.388889460182824;9.997688544582822;0.7505743357583524;0.012606158808539826;0.012609766240192962;0.7186471674157442;-0.009018167835056462;0.6653895651122661;0.71843791144092
30.000313;0.602201888702277;0.48875414857793037;0.8118445696146126;1.4263018025126033;2.369659832061079;9.997571680194545;0.7505831953278457;0.012606165812197482;0.01260979600048438;0.7186795497848804;-0.008282166792074382;0.6637403782076607;0.7184620425331445
30.000377;0.6010762228345118;0.48601111356262633;0.8088116990950165;1.4121397564064595;2.350567181188878;9.997449468901099;0.7505921478394897;0.012606172134643672;0.012609822137762102;0.7187175918669744;-0.007555165477319157;0.6621026399671402;0.718493167055898
30.00044;0.5999586295654615;0.48338293147956624;0.8059483463766185;1.398120724919968;2.3316097339874573;9.99732207597193;0.7506011963653707;0.012606177817789202;0.012609843952246496;0.7187592835719258;-0.006839163885391057;0.6604783624544543;0.7185292710205846
30.000504;0.5988490861675567;0.48086106444398197;0.8032412865945068;1.38424369837741;2.312787265981686;9.99718981594354;0.7506103418786132;0.012606182929955198;0.012609860660987748;0.7188066125980167;-0.006132162015358123;0.6588655525345226;0.7185722891933446
30.000568;0.5977484997737897;0.47844137920134827;0.8006833297042867;1.3705096243247323;2.2940992835473017;9.99705313153064;0.7506195776443008;0.01260618746391164;0.012609871491508594;0.718858560997879;-0.005434159870847179;0.657266212677034;0.7186211719513411
30.000696;0.5955602969555355;0.47387492408909615;0.7959680921123633;1.3434594076342605;2.257126489215662;9.996912546101136;0.7506288871351943;0.012606191275474422;0.012609875731358975;0.7189701087520793;-0.00406915745639972;0.654102341415765;0.7187267150616177
30.00081;0.5936197772590114;0.4700575228412225;0.7921502511177629;1.3195872819968943;2.2243099124057393;9.996768683659457;0.7506382446958286;0.0126061941591553;0.012609872789525427;0.7190882407612207;-0.0028721547742612276;0.6512959317833177;0.7188425477210937
30.000925;0.5917052542207749;0.46649394155854085;0.7887019539989025;1.2961533226592237;2.1919213954657506;9.996622294416019;0.750647618736129;0.01260619587037359;0.01260986217348212;0.71922295405738;-0.00170715182480995;0.6485279710719903;0.7189774642907468
30.00104;0.5898175019185059;0.46316172303721936;0.785588129391208;1.273153724359732;2.1599600834493273;9.996474156028661;0.7506569763747175;0.01260619602900254;0.012609843381886856;0.7193742607590585;-0.0005711486080728008;0.6457974420724509;0.7191312794225376
30.001155;0.5879554473377391;0.4600367571538408;0.7827728090454774;1.2505792362221901;2.1284225995324153;9.996324911194035;0.7506662838375994;0.012606194079214504;0.01260981588395663;0.7195411840891813;0.0005338548774805685;0.6431043249066231;0.7193028214824289
30.001269;0.58611886926106;0.4571006560585737;0.7802280821593123;1.2284222461515235;2.097304947137821;9.99617497828982;0.7506755040307839;0.012606189392714262;0.012609779268063058;0.7197247531943315;0.0016088586377329835;0.640447598378136;0.7194929021666233
30.001362;0.5846586290902857;0.45485975292047415;0.7783561206983765;1.2108592425626175;2.072522979401838;9.996024595069974;0.750684597214933;0.012606181405555097;0.012609733417694719;0.7198850003492502;0.002453862682858276;0.6383342385578713;0.7196606100612363
30.001362;0.5846711895630677;0.45486572021767824;0.7783625441211305;1.2108614719822306;2.072520384048125;9.995873961615283;0.7506935217972118;0.01260616967746715;0.012609678507852978;0.7198899584456951;0.0024538670235467876;0.638337217006526;0.7196706894763759
30.001362;0.5846818915910322;0.45486928352041434;0.7783672901610796;1.2108374357390683;2.0724795834449994;9.99572337716655;0.7507022338321068;0.012606153942569519;0.012609614846223267;0.719895663287206;0.0024558716681741385;0.6383375019532332;0.7196814370201273
30.001362;0.5846917242150069;0.4548714714839083;0.778370766838958;1.2108113885515843;2.0724386374821573;9.995573269489359;0.7507106892626514;0.01260613419680596;0.012609542763571412;0.7199001586032518;0.002456876623348187;0.6383370621109423;0.7196907427259848
30.001363;0.5847006739926313;0.4548709354074546;0.7783706536669797;1.2107615303188584;2.0723603206173196;9.995424137502605;0.750718846962842;0.012606110696424937;0.012609462592732198;0.7199044923186011;0.0024588818950799477;0.6383348712276646;0.7196995198448884
30.001363;0.5847047347197518;0.4548632873257069;0.7783647453785693;1.2106568923817687;2.0722058755280237;9.995276508256076;0.7507266723301362;0.012606083833465793;0.0126093746613522;0.7199097068029846;0.00246488748909204;0.638325910432953;0.7197086970682721
30.001364;0.5846998230803184;0.45484361793024625;0.7783500427621698;1.2104443066467174;2.07189879529651;9.995130903830171;0.7507341412032796;0.012606054010808809;0.012609279340563363;0.7199158330620122;0.0024748934114286985;0.6383041688108717;0.7197182101386345
30.001367;0.5846770083851365;0.45479578840899937;0.7783107765555576;1.2100177355080426;2.0712891839076333;9.994987806286336;0.750741238051674;0.012606021605482486;0.012609177116138875;0.7199238905177262;0.00249489966916382;0.6382566448131652;0.7197290311309172
30.001371;0.584618157718103;0.454695487707993;0.7782294339896377;1.2091626710202472;2.070073890415579;9.994847689241999;0.7507479525853962;0.01260598699985942;0.012609068547332004;0.7199358899645053;0.002535906269746833;0.6381583459316682;0.7197431592808445
30.00138;0.5844872588101363;0.45448943982028867;0.7780626946785126;1.207450965909228;2.0676467307572683;9.994711081164143;0.750754280657501;0.012605950596516336;0.01260895415411089;0.7199558358808006;0.0026179132192713675;0.6379562845582406;0.719764635524567
30.001398;0.5842123973216163;0.45406937542627684;0.777720737715178;1.204034324175102;2.0628066974635657;9.994578570196051;0.7507602215508605;0.012605912789313644;0.012608834365882955;0.7199927267972843;0.0027799205217461744;0.6375484748781475;0.7198025913559093
30.001435;0.5836524060103323;0.4532390761345635;0.777054691445543;1.19722973779375;2.053157755391975;9.994450745705665;0.7507657702198427;0.012605873938098247;0.012608709557816875;0.7200625590171346;0.0030969281802127047;0.6367299316422307;0.7198733685885289
30.001508;0.5825277175812359;0.4516126149256286;0.7757723172542312;1.1837423946870211;2.033988996773113;9.994328125432128;0.7507709138466859;0.012605834324250751;0.012608580109661045;0.7202023343463788;0.003708936197458907;0.6350986663813877;0.7200148525404472
30.001654;0.5802922803830367;0.44851548272610287;0.7734317648317287;1.1572371684272431;1.9961486239326696;9.99421113650917;0.7507756344671354;0.012605794082569349;0.012608446414811994;0.7205000619547903;0.0048429445738878765;0.631874684850476;0.7203172681023731
30.001799;0.5780969094235433;0.4456205965030661;0.7713691999969379;1.1313580837261494;1.9589619890746754;9.99410016780666;0.7507799136945297;0.012605753228789714;0.012608308844637622;0.7208247504290916;0.005856953304570741;0.6287069886951676;0.7206465655236433
30.001945;0.5759393666359517;0.44290565251206127;0.7695524729264687;1.106087553124005;1.9224212730706585;9.993995633605335;0.7507837358253734;0.012605711740551698;0.012608167727854669;0.7211754001339464;0.006751962379650011;0.6255955769062971;0.7210012488148897
30.002091;0.5738204786212016;0.4403538509731278;0.7679543165839424;1.0814146594645222;1.8865192658328775;9.993897971072077;0.750787088325759;0.012605669532823063;0.012608023334494808;0.7215530041933176;0.007528971787686009;0.622539448485217;0.7213818855608929
30.002237;0.5717380822332068;0.43794513713024336;0.7665452934811856;1.057323144037379;1.8512489539468358;9.993807539409701;0.7507899618261189;0.012605626432464222;0.01260787584706401;0.721957552171107;0.008190981517676787;0.6195376072746572;0.7217881270877949
30.002383;0.5696940796784647;0.43566717189932336;0.7653035354047335;1.0338038713106255;1.8166019866022374;9.993724506458479;0.7507923470465401;0.01260558229618343;0.012607725391736359;0.722388030029367;0.00873899155804822;0.6165900626455567;0.722218669277899
30.002528;0.567685239386034;0.4335065180439699;0.7642118053422827;1.0108389380141183;1.7825707954018577;9.993648853872122;0.7507942281753683;0.01260553710878554;0.012607572125031916;0.7228444214216121;0.009174001896320973;0.6136958241225074;0.7226732727588452
30.002674;0.5657125454268951;0.4314511035759395;0.7632492614980115;0.9884184327351485;1.7491477898361116;9.993580494371418;0.7507955804110074;0.012605490934047777;0.012607416286038413;0.7233277133605475;0.009497012521611685;0.6108538945296696;0.7231527641130341
30.00282;0.5637749154470748;0.429489947801203;0.762399452026344;0.9665295026517157;1.7163263568066884;9.993519366289236;0.7507963731950832;0.012605443874590817;0.012607258204678345;0.7238369017013646;0.009711023425560437;0.6080632672105718;0.7236560576341899
30.002966;0.5618731885914648;0.4276178832077417;0.7616533877717054;0.9451604451390052;1.6840955997682798;9.993465437472564;0.7507965721540371;0.012605396102635925;0.012607098281402641;0.7243719906093314;0.009816034599748466;0.6053239279923888;0.7241830829103406
30.003112;0.5600042935203471;0.4258249948795848;0.7609987562311769;0.9242947567743964;1.6524474164394183;9.993418701926581;0.7507961369397997;0.012605347853819874;0.012606936951064502;0.7249339839222915;0.009814046033043278;0.6026348570297995;0.7247348483696369
30.003258;0.5581702972814147;0.4241043193111193;0.7604213218500054;0.9039267346650629;1.6213770974607802;9.993379217494965;0.7507950207973906;0.01260529936815508;0.012606774669004433;0.7255218788864036;0.009707057710804557;0.5999950295672347;0.7253104170313455
30.003403;0.5563690473583621;0.4224507535522749;0.7599157626375099;0.8840413146029386;1.5908753225573438;9.993347122194761;0.7507931759228987;0.012605250785337673;0.012606611910110558;0.7261356699151873;0.009496069615654782;0.5974044171764951;0.7259098955311984
30.003549;0.5546015359739392;0.4208599324867622;0.7594736668241575;0.864628535918245;1.560932302644988;9.993322630594195;0.7507905602549976;0.012605202033295695;0.012606449162666991;0.7267743510809432;0.009183081728712994;0.5948619897449955;0.7265324580405002
30.003695;0.5528657691167592;0.4193252704884098;0.759086572854747;0.8456768841367495;1.531543615270887;9.993306025025083;0.7507871437845222;0.012605152800595095;0.01260628693657848;0.7274399124562129;0.00876809403023016;0.5923667186563334;0.7271802959265162
30.003841;0.5511625937048025;0.41784653203996946;0.7587535061118924;0.8271750862917681;1.502696860120301;9.993297611172789;0.7507829134832944;0.012605102585929185;0.0126061257916326;0.7281303393100621;0.00825410649924837;0.5899175779951876;0.7278516710262203
30.003987;0.549490183916472;0.41641546519739114;0.7584625509136823;0.8091128792850542;1.4743885107679724;9.993297683820687;0.7507778720867663;0.012605050790115898;0.012605966361621496;0.7288476151580533;0.007641119112264894;0.5875145413848998;0.7285488383010977
30.004132;0.5478494004793161;0.41503339068568385;0.7582154027724389;0.7914805626987235;1.4466083814144544;9.993306528310045;0.7507720322830908;0.012604996806525793;0.012605809356180197;0.7295887244020879;0.006932131842836857;0.5851575778206608;0.729269119153019
30.004278;0.5462392710999958;0.41369703608197456;0.7580078974171323;0.7742669660746594;1.4193482533573507;9.993324390203432;0.7507654112439177;0.012604940066251211;0.012605655561332219;0.7303566538027965;0.006127144663783902;0.5828446541982576;0.7300158389705057
30.004424;0.544658903585076;0.4124017603858588;0.7578331913114595;0.7574631263320615;1.3926032975694556;9.993351406328706;0.75075802804252;0.012604880066653001;0.012605505840853405;0.7311483936165406;0.005229157549313756;0.5805747445576448;0.7307863824229227
30.00457;0.5431082429486154;0.4111471214776288;0.7576909369726053;0.7410593867648343;1.366364884798492;9.993387569926437;0.7507499045044959;0.012604816407890957;0.01260536109472881;0.7319659389591474;0.004238170474809614;0.5783488306158822;0.7315831249652648
30.004716;0.5415873112520694;0.4099313661400591;0.757578244864706;0.725046552510372;1.3406247623587848;9.993432752161956;0.7507410661361865;0.012604748846409664;0.01260522212807146;0.7328092884159529;0.003155183415753676;0.5761658917419513;0.7324064593361743
30.005007;0.5386247888621283;0.40760596543612854;0.7574324780054529;0.6941588794920838;1.290605117326373;9.993486730813206;0.7507315421926457;0.012604677324610188;0.012605089488213496;0.7345684392997376;0.0007251963469833301;0.5719129018515631;0.7341444683312383
30.00527;0.5360561596705077;0.40563369331588506;0.7573877027243591;0.6676077883905793;1.2472202185002028;9.993549186130316;0.7507213668697085;0.012604601929899694;0.012604963434982248;0.7362363853307524;-0.0017607907573140048;0.5682258343391041;0.7357992896422166
30.005532;0.5335761225475493;0.40376935446338785;0.757419387359398;0.6421866055691096;1.205337146536737;9.993619658358346;0.7507105800946473;0.012604522829066121;0.012604844056982627;0.7379841181969848;-0.0045187779229207995;0.5646666639158868;0.737543712438512
30.005795;0.5311837518536066;0.4020093125760401;0.7575230578360347;0.6178523974580311;1.1649191433911974;9.993697500891415;0.7506992247700518;0.012604440186645294;0.012604731404027633;0.7398126278600543;-0.00754376517602808;0.561231366113398;0.7393816536662767
30.006057;0.5288749645579126;0.4003487445119943;0.7576963389599676;0.594558573724886;1.1259268004440075;9.993781896307548;0.750687340351296;0.012604354087686858;0.012604625552757917;0.7417178997304481;-0.010826752544561292;0.5579189183783003;0.7413121567480225
30.006319;0.5266487451342037;0.39878702216907036;0.7579402785577671;0.5722638837606924;1.088321187507337;9.993871946714867;0.7506749583713075;0.012604264566558812;0.012604526599530274;0.7437019125803103;-0.014359740057548077;0.5547243014144072;0.7433403554136627
30.006582;0.524501254132898;0.3973169753894097;0.7582474580501197;0.5509273598214041;1.0520672947577132;9.993966800786401;0.7506621048044279;0.01260417171411495;0.012604434632816434;0.7457636402502731;-0.01813572774273511;0.55164450148924;0.7454684508370039
30.006844;0.5224323877538766;0.3959411061956256;0.7586233906486536;0.5305121624730809;1.0171278373058494;9.994065770800477;0.750648804290291;0.012604075765645574;0.012604349688730171;0.7479010556130711;-0.022147715623484984;0.5486765129181171;0.7476976820324502
30.007107;0.5204391358348814;0.39465588421898823;0.7590662561856287;0.510979227538557;0.9834649171468975;9.99416835953555;0.750635079861651;0.012603977126047798;0.01260427170565799;0.750114134747486;-0.02638670371506019;0.5458173352348878;0.7500312388773439
30.007369;0.5185194921317092;0.393460614696173;0.7595781766582064;0.4922939284738805;0.9510448541111615;9.994274195038397;0.7506209491797424;0.01260387626937396;0.012604200529067399;0.7524018604385201;-0.030846692024002084;0.5430639666723122;0.7524713913517093
30.007632;0.5166716326775246;0.3923524531073304;0.7601568397777301;0.4744243647545746;0.9198368540944845;9.994382986381684;0.7506064189833643;0.012603773606229858;0.012604135903265798;0.7547632244394101;-0.035520680552664496;0.5404144017055559;0.7550203647554344
30.007894;0.5148924021128419;0.39133085187788147;0.7608063070167554;0.4573349551353202;0.8898033554725853;9.994494543961808;0.7505914828678615;0.012603669513506265;0.012604077395465969;0.7571982306806297;-0.040400669304633416;0.5378646336505117;0.7576812889448347
30.008157;0.5131819771576179;0.3903948061177145;0.7615248209019941;0.4409985389728755;0.8609153845054124;9.994608771184488;0.7505761278203401;0.012603564479336327;0.012604024342459103;0.7596808968996844;-0.04547965828773084;0.5354126569032841;0.7604313164374648
30.008419;0.5115362897621081;0.389542043222477;0.7623144061979437;0.4253830522335612;0.8331399880161845;9.994725565327553;0.7505603423920769;0.012603459192766708;0.012603975923818567;0.7621792483760869;-0.05075064751488776;0.5330544658670141;0.7632415773108605
30.008655;0.5101109471224757;0.3888451440577904;0.7630847786967726;0.41192357708412614;0.8090702032706483;9.994844705271705;0.7505441203625647;0.012603354479074791;0.012603931323895107;0.7644343095176868;-0.05565463700319012;0.5310130526461458;0.7658164428583051
30.008892;0.5087364525560897;0.3882126710641261;0.7639096591670809;0.3990082847364989;0.7858580568026725;9.9949657942569;0.7505274609397315;0.012603251099969253;0.012603889838849401;0.7666901022294536;-0.06070462677149145;0.5290434056288041;0.7684327985436799
30.009128;0.5074107124824838;0.3876424859453984;0.7647881675752511;0.38661611386767736;0.7634790695708372;9.995088252443365;0.7505103664634448;0.012603149584608878;0.012603850852891958;0.7689466475857376;-0.06589461683786062;0.5271455096032749;0.77109262454026
30.009364;0.5061337994373779;0.3871336506504413;0.765718472930639;0.3747306611790502;0.7419136598063104;9.995211401184315;0.7504928413278648;0.012603050245487166;0.012603813763597982;0.7712029670049646;-0.07121960721859635;0.5253163476719432;0.7737968704080709
30.0096;0.504902622709975;0.386683078211016;0.7666992323008563;0.3633331827762463;0.721141455391867;9.99533464793532;0.7504748931401677;0.012602953351224596;0.012603777966569937;0.7734590858402892;-0.07667759792889274;0.5235549042728332;0.7765476749199917
30.009836;0.5037181670280496;0.3862919236956299;0.7677313007260662;0.3524079965501693;0.7011413256214607;9.995457643604787;0.7504565368277866;0.012602859208840652;0.012603742901176308;0.7757150351571422;-0.08226058898397375;0.5218591686268705;0.7793465155478795
30.010073;0.5025774370791071;0.3859564726647524;0.7688119100149365;0.3419380878840975;0.6818944133408729;9.995580264098363;0.75043780024656;0.012602768024847048;0.012603708145165095;0.7779718459351629;-0.0879665804002686;0.5202271378352095;0.7821963445154938
30.010309;0.5014805211203698;0.3856748960988996;0.7699373099272667;0.3319100743193232;0.6633839809081384;9.995702439876556;0.7504187210321919;0.012602679797681607;0.012603673532111875;0.7802275425889692;-0.09378957219461095;0.5186578177607954;0.7850966208538543
30.010436;0.5009064476900253;0.3855469775008498;0.7705683890747167;0.32666723493809025;0.6536873386121018;9.995824032705382;0.7503993347323153;0.012602594390594147;0.012603639141279304;0.7814431437788394;-0.09697856438195719;0.5178392197256364;0.786674837092712
30.010436;0.5009072318731026;0.3855507826810077;0.7705774690367526;0.3266497566819116;0.6536776451231733;9.995944815374829;0.7503796679416692;0.012602511593042164;0.012603605088217193;0.781438667524648;-0.09697855697623374;0.517844354198469;0.7866549759580289
30.010545;0.5004266828170232;0.3854539631932126;0.7711272429692853;0.32227276719018016;0.6455700690842271;9.996064434536112;0.7503597411650341;0.012602431064857303;0.012603571328982937;0.7824741335561074;-0.09972554999213329;0.5171602247442573;0.7880102110313566
30.010781;0.49941291125751097;0.38527621084837105;0.772340771088525;0.31308333862118576;0.6284746506892617;9.996182390354138;0.7503395728656393;0.012602352275914185;0.012603537707233735;0.7847295634797676;-0.105770543443053;0.5157108238982514;0.7910180168984299
30.011017;0.49843987417344454;0.38514999974148795;0.7735993221220309;0.30429195214019367;0.612058752553672;9.996298105533393;0.750319179760525;0.012602274561027001;0.012603504106010946;0.7869849814682784;-0.11192053733925464;0.5143191328173126;0.7940816109654528
30.011254;0.49750489618327964;0.38507013690765307;0.7748966544192322;0.2958864741393762;0.5963091974587279;9.996410996302664;0.7502985769230655;0.012602197259251456;0.012603470432853854;0.78924041164728;-0.11817053168923736;0.5129831246372557;0.7972020527986504
30.01149;0.49660873648882076;0.3850384125029262;0.7762351885552766;0.28785329425052586;0.5812050452750024;9.996520510913063;0.7502777788979554;0.012602119870126152;0.012603436518718723;0.7914968732127815;-0.12451652650028415;0.5117027687495224;0.8003814010157233
30.011726;0.4957506139331478;0.38505288456549;0.7776121993755127;0.2801816481283851;0.5667324934855722;9.996626200271491;0.7502567997508014;0.012602042199981464;0.012603402160951797;0.7937523807801863;-0.13095552177727798;0.510476034785479;0.8036187946420233
30.011962;0.4949284679220783;0.385111333974839;0.7790263804875049;0.272858477727315;0.5528740242282237;9.996727803520294;0.750235652916059;0.012601964338788744;0.012603367265076207;0.7960079487603205;-0.1374815175213173;0.5093008943521724;0.8069157315770921
30.012198;0.49414132173663994;0.38521276566448476;0.7804771916232106;0.2658733938139465;0.5396156978045447;9.996825227870852;0.7502143543818532;0.012601886417289716;0.012603331912286827;0.7982635927204682;-0.1440935137282068;0.5081773217614257;0.8102734152040381
30.012435;0.49338919512284984;0.3853567282865146;0.7819636120246318;0.2592146806123169;0.5269393478387601;9.99691838386639;0.7501929285653095;0.012601808422880051;0.012603296303549612;0.8005193273269712;-0.15078451038895757;0.5071022983346104;0.8136918844833836
30.012445;0.4933567641566235;0.38536571480001747;0.7820360090657299;0.25891255372796745;0.5263791538782566;9.997007014120785;0.7501714104975168;0.01260173020168976;0.012603260663366346;0.8006161618161539;-0.1510835074938388;0.5070568168561127;0.8138278992697677
30.012445;0.49335678195858584;0.3853672312497988;0.7820420538116861;0.25889761676813317;0.5263663807993479;9.997090666890173;0.7501498432282893;0.012601651468665825;0.01260322521371937;0.8006120935476055;-0.15108350503638765;0.5070578797592843;0.8138093391358026
30.012445;0.49335687344285695;0.38536947204724387;0.7820498051341614;0.258878264830549;0.5263435194589109;9.99716882879312;0.7501282757698242;0.012601571811515591;0.012603190202249986;0.8006091065483536;-0.15108850301372728;0.5070574928812234;0.81379281269475
30.012446;0.49335604388544946;0.385370171731423;0.7820562302359445;0.25885887870218766;0.5263205005697158;9.997241059351401;0.7501067602786929;0.012601490808348152;0.012603155941243496;0.8006071777392608;-0.15109450142444628;0.507057660500797;0.8137775876725198
30.012446;0.4933552806717319;0.3853716022338716;0.7820643444671532;0.25883510748834854;0.5262874172446356;9.99730698955205;0.750085343326951;0.012601408159358885;0.012603122816872987;0.8006072829207442;-0.15110450026588135;0.5070553830938755;0.8137652240524921
30.012447;0.49335357280590375;0.3853729076233995;0.7820739752653382;0.25880154685310996;0.5262343800689221;9.997366248521127;0.750064056516688;0.01260132367080672;0.012603091199205836;0.8006103966990528;-0.1511254995320718;0.5070516581919892;0.8137580274320034
30.012448;0.49334899841522567;0.3853743293670643;0.7820886062454488;0.2587489334427393;0.5261446486296543;9.997418416642239;0.750042917202931;0.012601237144873661;0.012603061360097603;0.8006204903790441;-0.1511674992138782;0.5070434851831296;0.8137618077777543
30.012451;0.4933404365812081;0.38537689715674434;0.7821120205411145;0.25865582742051835;0.5259759050820689;9.997463064048477;0.7500219384914808;0.012601148357227003;0.01260303348955318;0.800644534349061;-0.15125249930054616;0.5070288703553766;0.8137875556392689
30.012457;0.4933220683868037;0.3853803578054852;0.782152835756767;0.25848262258909055;0.5256539597182202;9.997499872802058;0.7500011360075858;0.012601057100730716;0.012603007728982034;0.8006975025331642;-0.15142049978120653;0.5070008294573971;0.8138574784730076
30.012469;0.4932858999386591;0.3853887291396254;0.7822317996080582;0.25814957292671803;0.5250253758468288;9.997528690748103;0.7499805266553565;0.012600963167417708;0.012602984218847682;0.8008063730731181;-0.15175750064533475;0.5069463888509534;0.8140141780832875
30.012492;0.4932133629876925;0.3854054453241881;0.7823852983150013;0.2574972319108805;0.5237859411824171;9.997549474017946;0.7499601296561959;0.012600866369870976;0.012602963170658213;0.8010281278082703;-0.15243150188121107;0.5068385839838828;0.8143452402961056
30.01254;0.49306887595333293;0.3854409957486144;0.7826911786426257;0.25621216703245303;0.5213360505313852;9.997562238497377;0.7499399743605176;0.012600766620289404;0.0126029448718979;0.8014747550633889;-0.15378350347312492;0.5066284544276219;0.815025600548731
30.012634;0.49278295835948155;0.38551561168761844;0.7833013447093933;0.253690923227482;0.5165199468588972;9.997567029089776;0.7499201054905557;0.012600663953811677;0.0126029295858158;0.8023742551151193;-0.15649450540073925;0.506217038749419;0.8164121025792926
30.012823;0.4922281637277688;0.38568525300691936;0.7845340343305202;0.24880664702452163;0.5071681215102996;9.997563923058435;0.749900581169449;0.012600558563645324;0.012602917481056734;0.8041776448315842;-0.16195250764152588;0.5054193703795605;0.8192314871088199
30.013012;0.4916941548153849;0.3858802369806108;0.785787325416704;0.24411385144402462;0.4981632472120744;9.99755311794813;0.7498814666084037;0.01260045086415186;0.012602908693002809;0.80598095748096;-0.1674555101724168;0.5046514738895287;0.8220905544943374
30.01339;0.4906855318569597;0.38634256091934455;0.7883510012443136;0.2352889297541903;0.4811757038529929;9.997535009795456;0.7498628259736836;0.012600341495429448;0.012602903389919817;0.8095912363786426;-0.17858751296963296;0.5032053642132928;0.8279426984524278
30.013585;0.49019553356794754;0.38661949746753915;0.7897075111188938;0.23100918338498172;0.4729137569043979;9.997510199784895;0.7498447160077217;0.012600231214852185;0.012602901754087296;0.8114545257597039;-0.18442751601021723;0.5025000499064325;0.8310267142840333
30.01378;0.48972435079223997;0.3869196593305596;0.7910829500470263;0.22691440177632788;0.4649946899271796;9.997479467932253;0.7498271848824535;0.012600120676326276;0.012602903944064983;0.8133168662586837;-0.19034351927541873;0.5018245385206546;0.8341605932483199
30.013975;0.4892739334683195;0.38724482702941665;0.7924775741492979;0.2230024632420916;0.45741421442185953;9.997443704757565;0.7498102754157268;0.01260001031496272;0.012602910088371864;0.8151802980470314;-0.19633552275145116;0.5011768421012968;0.8373472959780456
30.014116;0.4889611861937911;0.3874922770046248;0.7934905630791904;0.22029780656257422;0.45216522489940025;9.99740375466079;0.7497940261399484;0.012599900495682697;0.012602920297235627;0.8165108636286066;-0.20068952642702617;0.5007279787849793;0.8396584169787472
30.014256;0.4886580556978002;0.38775221488360667;0.7945135955565359;0.2176835333925446;0.4470849088915194;9.997360248061302;0.749778469534573;0.012599791686417165;0.01260293466324868;0.8177966037601923;-0.20508053029111536;0.5002929682809009;0.841953004958358
30.014382;0.4883936954405374;0.387996077282596;0.795440390890333;0.21540532259834105;0.4426513905199387;9.997313613761786;0.7497636370340816;0.01259968440633707;0.012602953256779934;0.8189045524775487;-0.2090625343304908;0.49991282725345804;0.8439921808527423
30.014509;0.4881359987797208;0.38824773798174156;0.796371950408179;0.21319871613060698;0.43835301113755337;9.997264218180879;0.7497495691405226;0.012599579055209961;0.012602976097594903;0.8199627357260265;-0.21307153852701968;0.4995435709540634;0.846004868728054
30.014635;0.48788584220561737;0.3885075715821698;0.797307515739483;0.21106147486558002;0.434184805148559;9.997212403453583;0.7497363179065387;0.01259947586235515;0.01260300305602451;0.820970170132182;-0.21710754285877693;0.4991852176109211;0.8479904903834757
30.014887;0.4874121478585046;0.3890510746389087;0.79919230518908;0.20699516484107172;0.4262442903408724;9.997158427194696;0.7497239394075569;0.012599374974191398;0.012603033760905612;0.8228368648300493;-0.22525454730471872;0.4985077882187916;0.8518983117880986
30.01514;0.4869670117017574;0.38961832016825226;0.8010810948083689;0.203194793646392;0.4188099085459677;9.99710242586862;0.7497124818185449;0.012599276531978999;0.012603067629899824;0.8245018291023944;-0.23349455184822496;0.4978723024445896;0.8557006622542188
30.015393;0.48655023446567236;0.39020651001670753;0.8029681672038238;0.19965162122587204;0.411866544973217;9.997044455131393;0.7497019759194432;0.012599180682821029;0.012603103950860792;0.825969076567356;-0.2418215564762936;0.49727977793495454;0.8594025987938999
30.015645;0.4861618125604602;0.39081123986515326;0.8048441791906509;0.196358099951042;0.40540113426742874;9.996984600155857;0.7496924345635109;0.012599087515491313;0.012603141921115847;0.8272386209751126;-0.2502275611750396;0.4967272335459503;0.8630046056890981
30.015898;0.4858006511693327;0.39142891550741454;0.8067032607634329;0.19330720847288585;0.39940238078722423;9.996923054648668;0.7496838589597993;0.012598996978315364;0.012603180708060248;0.8283164714790522;-0.2587055659263259;0.4962146885253845;0.8665129963880048
30.01615;0.4854657534589676;0.39205383652897907;0.8085350387058992;0.19049124129324635;0.3938572427019516;9.996860089979492;0.7496762432575653;0.012598908914549059;0.012603219546934793;0.8292046321573804;-0.26724857070853725;0.49574115749639996;0.8699300572709203
30.016403;0.4851571140985793;0.3926825246791299;0.8103320466861724;0.18790402437313397;0.3887547947980038;9.996795992751503;0.7496695766327154;0.012598823167803648;0.012603257804071781;0.829906103342642;-0.2758505754991043;0.49530465186707834;0.8732591648433948
30.016656;0.48487362896954667;0.39331190109427505;0.8120894564835265;0.18553890431102452;0.3840838048024887;9.996731075666142;0.7496638484832984;0.012598739642396332;0.012603295020174902;0.8304248836175939;-0.28450358027565076;0.49490518786338117;0.8765038367808794
30.016908;0.4846142924346907;0.39393680239180984;0.8137979823489951;0.18338853841744027;0.37983132345611653;9.996665729187544;0.7496590553149669;0.012598658326656896;0.012603330940792594;0.8307639722961587;-0.2932025850160407;0.49454078868630497;0.8796673970370636
30.017161;0.4843780024274675;0.3945536738859303;0.8154518498931749;0.18144641973421002;0.3759860061919445;9.99660042826388;0.7496552008586507;0.0125985792961782;0.012603365472028947;0.8309263726460938;-0.3019405896995064;0.4942114789597867;0.8827523408623396
30.017413;0.484165749792767;0.3951613789882089;0.8170467735066723;0.17970716894186253;0.37253703496490803;9.996535717490085;0.7496522873099013;0.012598502760547362;0.012603398583945952;0.8309180927578266;-0.31071159430855294;0.49391628051142356;0.8857641060034273
30.017666;0.48397554536697746;0.3957543263485326;0.8185742921864614;0.1781644108429985;0.36947369413625564;9.996472231807633;0.7496503093337197;0.01259842915673065;0.012603430235471086;0.8307411388471135;-0.31951059882964156;0.49365421152802325;0.8887045403517195
30.017918;0.4838072945194911;0.396331318045701;0.8200318653052028;0.176811823560993;0.36678375247430517;9.99641072231825;0.7496492595079677;0.012598359129171559;0.012603460356398826;0.8304005079842355;-0.32833260325293306;0.4934232842585555;0.8915781561663028
30.018171;0.48366011151125243;0.39688824099264497;0.8214122935831545;0.17564490579583467;0.3644592412050386;9.996352023547466;0.7496491350362748;0.012598293391427774;0.012603488874464074;0.8299001893939456;-0.3371706075726026;0.49322350094777506;0.8943876102830748
30.018424;0.48353380580518496;0.39742421923696597;0.8227139368673663;0.17465611989770072;0.362485295521548;9.996296957093843;0.7496499373069122;0.012598232619023672;0.012603515752760131;0.8292441681110065;-0.34602061178688964;0.4930548544504401;0.8971364667751677
30.018676;0.48342749557667486;0.39793552465368875;0.8239304537241644;0.1738420759777432;0.3608561006586743;9.99624624068542;0.7496516682035498;0.012598177415354904;0.012603541053918034;0.8284364256764299;-0.35487661589673064;0.49291433512303906;0.899827342572019
30.018929;0.483340101340013;0.39842014975981355;0.8250594289416541;0.1731958972928791;0.35955869478674285;9.99620045516547;0.7496543225917163;0.012598128333370163;0.012603564996668192;0.8274809427710119;-0.3637356199043224;0.4928029368943833;0.9024638257292853
30.019181;0.4832717471399535;0.3988763497243888;0.8260969615779803;0.17271322352013774;0.358584344291218;9.996160063687032;0.7496578801021602;0.012598085930185252;0.01260358786141804;0.8263837028774008;-0.3725916238122412;0.4927186594968171;0.905049965843777
30.019434;0.4832213663287531;0.39930246190487056;0.8270413896004855;0.17238876283264815;0.35792318119256755;9.996125454067144;0.7496623069291047;0.012598050772840581;0.012603609784038862;0.825147692342518;-0.38144062762230574;0.4926605110498528;0.9075876820388551
30.019687;0.4831889916898986;0.39969649944040037;0.8278885289687355;0.17221782401195518;0.3575656716754534;9.99609697740251;0.7496675647745125;0.01259802334525495;0.012603630691028224;0.8237779000163564;-0.390277631334313;0.4926295113123039;0.9100801427824362
30.019939;0.4831745544009424;0.40005824406934287;0.8286380487342578;0.1721945659856201;0.3574998954120669;9.996074970158524;0.7496736162052638;0.01259800397295144;0.01260365044228726;0.822279319181532;-0.3990996349460389;0.4926226889719329;0.9125311833596597
30.020045;0.4831660015802297;0.4001993055368878;0.8289201880738799;0.17222920888768642;0.35754879144157536;9.996059738512226;0.7496804256713332;0.012597992867016504;0.012603668997725827;0.8216169463252966;-0.40278963845514454;0.4926250706545443;0.9135397930000634
30.020045;0.48315343894616564;0.40019976352933767;0.8289179977818473;0.1722310262374166;0.357531715224882;9.996051514326457;0.749687959312028;0.012597990220412416;0.012603686479821005;0.8216197737540937;-0.4027896418609343;0.4926216692052165;0.9135275012128101
30.020045;0.48314072264136104;0.4002006491886721;0.8289172422241137;0.17223323086607734;0.3575146985019668;9.99605042817461;0.7496961849121493;0.012597996276056386;0.012603703171339084;0.8216207848639479;-0.4027966451638159;0.4926184781259412;0.9135169739679765
30.020045;0.48312788870390244;0.4002010005099121;0.8289159385763425;0.17223572776325768;0.3574975815721592;9.996056498387519;0.7497050723876991;0.012598011293821963;0.012603719486633724;0.8216229599507853;-0.40280464836276464;0.4926154732224822;0.913508241269834
30.020046;0.4831149677562575;0.40020225761495687;0.8289170925328768;0.1722386649772402;0.3574807133371806;9.99606963167922;0.7497145918037813;0.01259803540709091;0.012603735935742672;0.8216232852220523;-0.402818651453358;0.49261262032397973;0.9135007859568471
30.020047;0.48310197637477603;0.40020346123005257;0.8289187394979758;0.17224193942010377;0.357463930464348;9.9960896712776;0.7497247092041095;0.012598068535328613;0.012603753121608082;0.8216217532730882;-0.4028476544289303;0.492609886115887;0.9134985435193862
30.020048;0.483088913718504;0.4002060006560317;0.8289237765981696;0.17224616757791245;0.35744857395999197;9.99611645320448;0.7497353859965971;0.012598110444761978;0.012603771733714762;0.8216143554925295;-0.402905657284606;0.49260724892894203;0.9135040666852786
30.020052;0.48307586705823474;0.40021012709649034;0.8289325610283316;0.17225176856768973;0.35743550392627527;9.996149788906969;0.7497465818257566;0.012598160861747287;0.0126037925230319;0.8215970753510826;-0.4030226600215575;0.49260470419327174;0.9135269746450985
30.020058;0.48306271301921166;0.4002184539632611;0.8289506976524246;0.1722586018159896;0.3574245600621963;9.996189417165672;0.7497582543651763;0.012598219562672652;0.012603816273946687;0.8215578858981769;-0.4032546626475977;0.49260325945180916;0.9135812039391773
30.020072;0.48305052495248285;0.40023620916750685;0.8289871536787633;0.1722697340734177;0.35742132189456716;9.996235008744515;0.7497703552404792;0.01259828639203995;0.01260384374193522;0.8214767486620945;-0.4037196651734327;0.49260192634806393;0.9137009704008395
30.020098;0.4830383884104473;0.40027025915763154;0.829057701784691;0.17228803414829613;0.3574324262419006;9.996286226517107;0.7497828283931612;0.012598361209956806;0.012603875580868975;0.8213096141197522;-0.40464766760926196;0.4926027201861586;0.9139488496903121
30.020152;0.4830285787244249;0.4003369855333546;0.8291923468568844;0.17232646342057584;0.3574830588668396;9.996342783661236;0.7497956141161785;0.012598443852694308;0.01260391233384205;0.8209734254740535;-0.40649966996384285;0.49260566179071685;0.9144564275347783
30.020258;0.48302416424515393;0.4004663837363771;0.8294479372477263;0.17241475492824881;0.3576325860820914;9.996404405489324;0.7498086551863036;0.012598534124689769;0.01260395451211331;0.8203001254489654;-0.41019067224416506;0.49261877286008277;0.9154879486230362
30.020472;0.48303877749465485;0.4007077604271536;0.8299031599982495;0.1726597150106922;0.35809224112830834;9.996470717324865;0.7498219018298219;0.012598631798643619;0.012604002649029984;0.8189586626425136;-0.41751267445593726;0.49265806856328404;0.9175826401876813
30.020899;0.483112410544006;0.4011196208792145;0.8306103037385758;0.17341714851856826;0.35956938215255685;9.996541202829924;0.7498353148954777;0.012598736618164685;0.012604057190897302;0.8163149911237618;-0.4319256766046898;0.4927845544757377;0.9218757899054135
30.021325;0.483228082163095;0.401444181435596;0.8310641835175263;0.1745230727615925;0.36173602696783524;9.99661523826722;0.7498488627714582;0.01259884828467409;0.012604118302676229;0.8137270673133121;-0.44603467869488095;0.49297022873923213;0.926283857216511
30.021752;0.48338082962089224;0.4016860722271119;0.831283036632117;0.17595129004364043;0.36454060093580276;9.996692110483945;0.7498625140727603;0.012598966440718272;0.012604185831061628;0.8111938531101618;-0.45984568072805326;0.49321008654404913;0.9307930748173366
30.022179;0.4835687893872585;0.40185450324558264;0.8312893806991937;0.17767910286361688;0.3679362849295102;9.996771032110047;0.7498762372869183;0.01259909067864171;0.01260425952948136;0.8087133187424876;-0.4733646827041232;0.4935001234900679;0.9353897023334827
30.022606;0.48378831735497857;0.4019544710690272;0.8311001401304366;0.17968486715740287;0.37187968366312724;9.996851189916265;0.7498900053808695;0.012599220540517873;0.012604339329086734;0.8062854366127237;-0.48659868462491074;0.4938363359881567;0.9400631174479754
30.023033;0.4840383410406664;0.4019950349798814;0.8307362396267925;0.1819458710935519;0.37632315485289747;9.996931755304825;0.7499037952753872;0.012599355500621755;0.012604425396061832;0.8039081717773889;-0.49955368649621873;0.49421472002138;0.9448013204576304
30.02346;0.48431619991248864;0.4019832934302917;0.8302172715455319;0.1844428943867815;0.38122746930609924;9.9970118411887;0.7499175860305974;0.012599495023263652;0.012604518002709451;0.8015804776555832;-0.512234688327415;0.49463327075764496;0.9495934376498399
30.023887;0.48461793538305104;0.4019231637157463;0.8295584759810478;0.18715639616724847;0.3865538161663341;9.997090561554394;0.7499313633143787;0.012599638640712278;0.012604617368218898;0.7993012991793433;-0.5246476901291098;0.4950869832171534;0.9544298591682345
30.024313;0.4849426811707697;0.40182236171211944;0.8287776299020498;0.1900682276594865;0.3922638869560393;9.997167178876749;0.7499451222493508;0.012599785922285665;0.012604723527909877;0.7970705841378545;-0.5367986919112085;0.49557385237407714;0.9593025284341624
30.02474;0.4852885803269465;0.4016865752695357;0.8278900010764875;0.19316174447374124;0.3983233165967336;9.997241116996683;0.7499588599881127;0.012599936436137844;0.012604836264234722;0.794885296177712;-0.5486926936830863;0.4960898723969368;0.9642010327880216
30.025167;0.48565278217388996;0.40151897886509264;0.8269073467822298;0.1964217164257677;0.40470157485705904;9.997311838198934;0.7499725682202872;0.012600089760927967;0.012604955139093706;0.7927464148832605;-0.5603366954545616;0.49663303529573927;0.9691200869242033
30.025594;0.48603432358458615;0.4013253249552239;0.825843488904326;0.19983218184471752;0.4113651862381052;9.997378748313402;0.749986234085728;0.012600245438037968;0.012605079564846968;0.7906519254368676;-0.5717336972362878;0.49720133080137346;0.9740502764738445
30.026021;0.4864315473795964;0.40110878782125936;0.8247080856666429;0.203381753654633;0.41829077785632196;9.99744120893822;0.7499998390584611;0.012600402918305928;0.012605208830906225;0.7886008133240359;-0.5828896990396727;0.49779074968702347;0.9789853183322849
30.026448;0.4868422961899863;0.4008732122619971;0.8235129942555958;0.20705455671374323;0.4254462962405022;9.99749863274527;0.7500133522459052;0.012600561641192526;0.012605342095204558;0.7865930648969786;-0.593810700875365;0.4984012879508324;0.9839203145394444
30.026874;0.48726471780587616;0.4006207847132694;0.8222661060371832;0.21083910687750151;0.43280861868507015;9.997550555413843;0.7500267323830111;0.01260072116920854;0.012605478396107036;0.7846266684673673;-0.6045017027498606;0.49902794705083686;0.9888487027118168
30.027301;0.48769904506411155;0.40035600852252295;0.8209764971087271;0.21472549543186062;0.44035612566963944;9.997596626218614;0.7500399409093776;0.012600881219484342;0.012605616731670074;0.7827006182717272;-0.6149657046631669;0.499670728752403;0.9937639891719551
30.027728;0.48814320939447403;0.400080237668988;0.8196505929949901;0.21870069462085706;0.4480629677965803;9.997636545542253;0.7500529495496424;0.012601041585532434;0.012605756124958553;0.7808149213164192;-0.6252097066093749;0.5003276307426553;0.9986633780642775
30.028155;0.4885953292580102;0.3997958180754089;0.8182964654152626;0.22275591224156852;0.45591200984561747;9.997670001955461;0.7500657364432176;0.01260120204975563;0.012605895572326883;0.7789676024152152;-0.6352367085790925;0.5009966479339389;1.0035404856777563
30.028582;0.48905441298017943;0.3995044219705906;0.8169192623373049;0.22688109855079405;0.46388287796458344;9.997696697970918;0.7500782815363736;0.012601362360135215;0.012606034010398816;0.7771597064944463;-0.6450517105622264;0.5016757738500283;1.0083929184415696
30.029009;0.48952056740777095;0.3992081445088092;0.8155231476170168;0.23106787490434824;0.47195769365753343;9.997716446541755;0.750090567533787;0.012601522227355123;0.012606170409542521;0.7753882962720263;-0.6546607125490004;0.5023629982596711;1.0132162427239384
30.029436;0.4899918184773685;0.3989086114270745;0.8141147892283157;0.23530724423367738;0.480119423623257;9.997729201161295;0.7501025846662254;0.012601681285167258;0.012606303851530972;0.7736544417548725;-0.664065714528721;0.5030583046867858;1.0180069020609444
30.029862;0.4904670909920479;0.39860662786102125;0.8126976518728426;0.2395909354122139;0.4883518016133859;9.997735015088642;0.7501143329300557;0.012601839049270274;0.012606433557321077;0.7719562096020203;-0.6732717164890516;0.5037596713341741;1.0227612934782926
30.030289;0.49094669030069055;0.3983037828043652;0.8112744891691853;0.24391362559665547;0.49664328581608175;9.997734000885433;0.7501258152367065;0.012601994874919097;0.01260655894687721;0.7702936618271297;-0.6822847184178693;0.5044660745846746;1.0274783354184247
30.030716;0.4914283368524946;0.3980007442000138;0.8098504297675857;0.24826577375182052;0.5049764319804227;9.997726291418056;0.7501370278789307;0.012602147936154134;0.01260667965404812;0.7686658584684698;-0.6911057203063271;0.5051764904272643;1.0321531905031431
30.031143;0.49191232556868597;0.3976984152590747;0.8084268015039926;0.25264334429818286;0.5133425239420937;9.99771198853214;0.750147958585728;0.012602297338098863;0.012606795446900106;0.7670718568772381;-0.6997417221520144;0.5058888941714215;1.0367853014505397
30.03157;0.4923975664650676;0.3973979737960781;0.8070077587280693;0.2570388429229884;0.5217273120363326;9.997691127864185;0.7501585922313716;0.012602442309361766;0.01260690617250861;0.7655117092943698;-0.7081947239616013;0.5066032628571083;1.0413718007843555
30.031997;0.4928830677194004;0.3970990580218327;0.8055941479340968;0.2614469428150372;0.5301209755924011;9.997663719804642;0.7501689202820003;0.012602582306806605;0.012607011775596302;0.7639834633027054;-0.7164697257490747;0.5073175771447054;1.045910631601695
30.032423;0.493368835241716;0.39680318242670515;0.8041889988663586;0.2658623266208389;0.5385127327724636;9.997629818723823;0.7501789452737523;0.012602716977135577;0.01260711227243212;0.7624881679219372;-0.7245697275296066;0.5080328182444397;1.050400829664921
30.03285;0.4938548791465174;0.396511318511512;0.8027942441328965;0.27028009857329993;0.5468927035853991;9.997589514762163;0.7501886729754641;0.012602846048710264;0.012607207664278159;0.7610238845683103;-0.7324977293163161;0.5087459640083909;1.0548394599650595
30.033277;0.49433931553109245;0.3962222101898412;0.8014103751462222;0.27469572863632913;0.5552539318751463;9.997542885204304;0.7501981030162725;0.012602969324886222;0.012607297947510986;0.7595896929265492;-0.7402597311210776;0.5094569889205797;1.0592266266497457
30.033704;0.49482205893356423;0.39593719887726103;0.8000401962014065;0.27910436051930626;0.5635869077180254;9.997490017676176;0.7502072308153445;0.012603086776882266;0.012607383232413538;0.7581866817010202;-0.7478567329536973;0.5101668662880721;1.0635605853261758
30.034131;0.4953032170933175;0.39565666937373417;0.7986842536456745;0.28350282447746306;0.5718853445203146;9.997431107648428;0.7502160535505822;0.012603198551282403;0.012607463815040314;0.7568129336135975;-0.7552937348197043;0.5108725695594312;1.0678403998138573
30.034558;0.4957818086767787;0.39538008281288806;0.7973429856211013;0.28788702760360224;0.5801423853527052;9.997366519262421;0.7502245706351826;0.012603304925969443;0.012607540141987785;0.7554685176086385;-0.7625737367202892;0.5115740732297763;1.0720653364632546
30.034984;0.4962578490966424;0.3951076518580933;0.796016744932198;0.29225433031538994;0.5883530057620551;9.997296766738035;0.7502327828931548;0.012603406323096079;0.012607612713624572;0.7541534865034725;-0.7696997386537312;0.5122723553567898;1.076234813281559
30.035411;0.49673135509557603;0.3948407150697361;0.7947081585286006;0.29660069661833266;0.5965093736747274;9.997222475089583;0.75024069400897;0.012603503293197172;0.012607681944390632;0.7528658770479799;-0.7766757406158533;0.5129654008235726;1.0803477266033916
30.035838;0.4972022485300055;0.39457897328403907;0.7934167062336439;0.30092302499102885;0.6046056532939275;9.997144333070647;0.7502483115253052;0.012603596433324394;0.012607748010550065;0.7516057122372954;-0.7835037425993244;0.5136532009464553;1.0844031072551614
30.036265;0.4976687381617766;0.39432142045748086;0.7921431749061889;0.30521891811412893;0.6126395368407923;9.997063036370022;0.7502556463951966;0.012603686325121616;0.01260781080277752;0.7503720053555496;-0.7901887445937137;0.5143347491647008;1.0884016060230204
30.036692;0.4981316422628817;0.39406913616910444;0.7908883759104712;0.30948491131303196;0.6206034263128593;9.996979267114419;0.7502627128038518;0.012603773482843165;0.012607870030496616;0.7491657638117117;-0.7967317465851373;0.5150110372605383;1.092342506565162
30.037119;0.49859116302861767;0.3938216371749007;0.789650981355056;0.3137210349959463;0.6284974990515908;9.99689367426984;0.7502695289526736;0.0126038582474118;0.012607925341749777;0.7479839890748207;-0.8031357485536507;0.5156810536482478;1.0962239105352904
30.037546;0.49904514093536934;0.39357852680368427;0.7884335995499849;0.31792176836170793;0.6363138413580567;9.996806763678254;0.7502761168139181;0.012603940721656775;0.012607976385990906;0.7468286760600921;-0.8094057504727056;0.5163437832732257;1.1000489325759213
30.037972;0.4994967652468953;0.39334181749512903;0.7872352160847162;0.3220887822712392;0.64405221538718;9.996718801868436;0.7502824992114473;0.012604020859887854;0.012608022888295878;0.7456978160178033;-0.8155427523137406;0.5169992081574913;1.103815150770884
30.038399;0.49994296626700385;0.3931085902105399;0.7860548103838899;0.3262181917783081;0.6517092677791166;9.99662988349755;0.7502886960518077;0.01260409860648754;0.012608064679762703;0.7445913967912738;-0.8215507540513161;0.517647308713141;1.1075238275740886
30.038434;0.49997137356305127;0.3930860895606987;0.7859539788946717;0.3265586048668713;0.6523278292692679;9.996540039788188;0.7502947253872744;0.012604173925525791;0.012608101609034326;0.7444993987034983;-0.8220337556652418;0.5176980672937516;1.1078280707128723
30.038434;0.4999640079026539;0.3930817978426135;0.7859461318836405;0.3265658450952416;0.652327941247161;9.996449265364298;0.7503006093362913;0.012604246731501442;0.012608133451403917;0.7444967957359502;-0.8220337571409702;0.5176954720325921;1.107833554777729
30.038826;0.5003693279675916;0.39287186064794843;0.7848796749145185;0.33032113354708315;0.6592798655977139;9.996357536341407;0.750306375755676;0.012604316846852993;0.01260815992441702;0.7435035649813989;-0.8274307584688817;0.518283517809564;1.1111839948365063
30.03968;0.5012464045042622;0.3924342677875954;0.7826236967100477;0.3383708281231477;0.6741597119901339;9.996264847428353;0.7503120565731926;0.012604384042351726;0.012608180799347704;0.74140869395297;-0.8388257596430054;0.5195432038661055;1.118307014740475
30.040448;0.5020161506812427;0.39205539146001794;0.7806596599214458;0.3454688632169552;0.6872406531379753;9.996171258501318;0.7503176907724288;0.012604448110914808;0.01260819602985794;0.7395991768813678;-0.8486737606603286;0.5206515311840288;1.1245235678742171
30.041216;0.5027687550914319;0.3916919698163798;0.778759185198882;0.35242307223302854;0.7000204653424098;9.996076921306855;0.7503233285674958;0.012604508917492272;0.012608205817860776;0.7378570040942469;-0.8581507615206821;0.5217325032471494;1.1305563582421523
30.041985;0.5035020985178488;0.3913420941621935;0.7769212203971677;0.35922672642757836;0.7124915363409937;9.995981985730163;0.7503290322167558;0.012604566394276545;0.012608210630391869;0.7361821547609069;-0.8672707622281431;0.522788127161865;1.136409374789916
30.042753;0.5042182313378515;0.3910069549371212;0.7751444473095604;0.36587740517983175;0.7246489703554858;9.995886478286828;0.7503348738456354;0.012604620498461817;0.01260821117999985;0.7345695962939068;-0.8760467627924999;0.5238154125582171;1.1420832679686672
30.043521;0.5049162184552719;0.390684400212878;0.7734255555772598;0.37237378756101147;0.7364941600697641;9.995790352028308;0.7503409287233919;0.012604671164792877;0.012608208315089655;0.7330182865033416;-0.8844917632282564;0.5248163727636;1.147581899997297
30.04429;0.5055947684359725;0.3903751260654867;0.7717674338052982;0.37870918297332234;0.7480184183910356;9.995693620460415;0.7503472644007116;0.01260471828807209;0.012608202849619585;0.7315261780403673;-0.8926187635537903;0.5257900275168975;1.1529090362737278
30.045058;0.5062551217896392;0.39007769418124993;0.7701648943494073;0.3848868513241807;0.7592290068114876;9.995596417737016;0.7503539314667309;0.012604761817404846;0.012608195483806593;0.730089226757774;-0.9004397637912047;0.5267364023402782;1.1580669151456604
30.045826;0.5068959910340628;0.38979273659924984;0.7686207357900788;0.390901669549256;0.7701202709213018;9.995499026875947;0.7503609630178908;0.01260480188142588;0.012608186878615354;0.7287073963823629;-0.9079647639644319;0.5276555271208961;1.1630591994412465
30.046595;0.507518614835279;0.3895177316502786;0.7671277276252483;0.39675692927267153;0.7806992674490484;9.99540187475382;0.750368380482408;0.012604838755453207;0.012608177729810502;0.7273776537196031;-0.9152067640970895;0.5285474368790791;1.1678903954518818
30.047363;0.5081237865538997;0.3892551513140925;0.7656892045361205;0.402451989887348;0.7909657543617062;9.99530542420528;0.7503761962644455;0.012604872785708534;0.012608168693964347;0.7260989643287135;-0.9221747642119259;0.5294131713625855;1.1725635199789026
30.048131;0.5087104839912205;0.3890023143804164;0.7643010960898144;0.4079873417179311;0.8009244119133516;9.995210060105746;0.7503844111345517;0.012604904397866393;0.012608160251773404;0.7248672965011886;-0.9288807643313859;0.5302527711345462;1.1770824280404453
30.0489;0.5092787687926547;0.38875870697090426;0.7629619691214643;0.41336472487855036;0.8105806265218916;9.99511606570402;0.7503930107771078;0.012604934046983159;0.01260815268491674;0.7236826265784315;-0.9353337644782653;0.531066272744511;1.181451400828688
30.049668;0.5098294391052408;0.38852585547540686;0.7616733015931304;0.4185840921048451;0.819935000781043;9.995023628460542;0.7504019672541864;0.012604962107053608;0.012608146180712059;0.7225429389205207;-0.9415437646758127;0.5318537062618441;1.185674528492566
30.050436;0.5103626538057546;0.38830084265284653;0.7604288384655191;0.4236495305753113;0.8289971475156108;9.994932864050075;0.7504112455470968;0.012604988832114075;0.012608140955262259;0.7214452238447767;-0.9475187649471518;0.532616097004301;1.1897539574802654
30.051205;0.5108793171203163;0.3880853825073957;0.7592303456156015;0.4285630933059288;0.8377713543254505;9.994843862678247;0.7504208061113133;0.012605014355504417;0.012608137346236203;0.7203894783620701;-0.9532687653138721;0.5333544692925453;1.193695487811219
30.051973;0.5113784406832284;0.38787730301853984;0.7580748441303605;0.43332555355018804;0.8462624161697286;9.994756686321331;0.7504306022085171;0.012605038669440372;0.012608135863766778;0.7193737072452883;-0.958802765794437;0.5340688470191588;1.1975031469490567
30.052741;0.5118620328452884;0.3876772949877885;0.7569605549242446;0.4379416285687614;0.8544778296547182;9.994671342203407;0.7504405802148724;0.012605061620812453;0.012608137158506725;0.7183969195306318;-0.9641267664032418;0.5347592516577793;1.2011793679566554
30.053509;0.5123291147644148;0.3874842102558016;0.755886558945047;0.44241226783902043;0.8624225755279985;9.994587796187288;0.7504506817557036;0.012605082925620403;0.012608141912132933;0.7174561228830395;-0.9692507671502406;0.5354277033744591;1.2047287610805035
30.054278;0.5127816115591153;0.38729954956557405;0.7548528317577332;0.4467414938519169;0.8701026909182571;9.994505971785054;0.7504608412351201;0.012605102210679528;0.012608150707454734;0.716550321327165;-0.9741817680407423;0.5360732260367311;1.2081548853915927
30.055046;0.5132186340228845;0.3871212968782224;0.7538566495513959;0.4509321803983514;0.8775266360319072;9.994425730516609;0.7504709835417623;0.012605119104503688;0.01260816391173917;0.7156795160561576;-0.9789257690760157;0.536696850039035;1.2114612147459989
30.055814;0.5136402037012778;0.38694858754897077;0.7528961890614614;0.4549866388194071;0.8847002142708995;9.994346910045401;0.7504810305449005;0.012605133300183589;0.012608181616348236;0.7148407063374902;-0.9834917702556679;0.5372996081563678;1.2146520043101878
30.056583;0.514048246988624;0.3867829479681563;0.7519714826995972;0.4589090641096519;0.8916295460456106;9.994269345699164;0.750490910971192;0.012605144524427223;0.012608203710477236;0.7140338915783899;-0.9878857715800535;0.5378815278322666;1.217730990664844
30.057351;0.5144427804805544;0.38662405181845394;0.7510817522903307;0.46270192134326804;0.8983205879996407;9.994192785064593;0.7505005655424357;0.01260515240533537;0.012608230040252891;0.7132580762418043;-0.9921127730504198;0.5384436264880879;1.2207006108509635
30.058119;0.5148239035657964;0.38647014355059733;0.7502233172633416;0.4663695129626208;0.9047826708249233;9.994116813328246;0.7505099525623329;0.012605156287945897;0.012608260468425166;0.7125112721049902;-0.9961817746672059;0.5389859105423683;1.2235660585053252
30.058888;0.5151916258987347;0.38632085414968154;0.7493953236374019;0.469914878564972;0.9110227565893666;9.99404089376323;0.7505190536611313;0.012605155185039907;0.012608294825011988;0.7117924922031523;-1.000096776428857;0.5395093765800573;1.2263291378795114
30.059656;0.5155467763320347;0.3861779219873129;0.7485998200360362;0.4733392208327186;0.9170427115290625;9.993964436590492;0.7505278680319175;0.012605147911753921;0.012608332896318457;0.7111007409704476;-1.0038637783329554;0.5400150165016244;1.2289933575184362
30.060424;0.5158895160131236;0.3860392168300592;0.7478323361092724;0.47664833225670195;0.9228543887075543;9.99388682500084;0.7505363964707176;0.012605133208381051;0.0126083744610699;0.7104350061266187;-1.0074897803781273;0.5405028226780678;1.2315631302112269
30.061193;0.5162206585481969;0.38590645639838406;0.7470949300549538;0.47984402272573135;0.9284606512007754;9.99380744467444;0.7505446302825651;0.01260510983033588;0.012608419327202365;0.7097952544530151;-1.0109777825644535;0.5409737854217085;1.234040253144781
30.061961;0.516540351879242;0.38577710297965007;0.7463823838088334;0.48293057401363365;0.9338702500103986;9.993725694886079;0.750552553025484;0.012605076713784873;0.012608467376826077;0.70917843850631;-1.014334784892708;0.5414278875177999;1.2364281263057573
30.062729;0.5168484049340535;0.38565306342706884;0.7456985707388294;0.4859095983873166;0.9390873184037115;9.993640935386331;0.7505601462829524;0.012605033102944214;0.012608518573240874;0.7085855127731666;-1.0175657873635542;0.541865105810497;1.2387308583956749
30.063498;0.5171459590973824;0.3855320894057881;0.7450373915511522;0.4887862509690153;0.9441203707684437;9.993552464633227;0.7505673879938163;0.012604978510034918;0.012608572886117362;0.7080144420145937;-1.0206737899774898;0.5422874160339354;1.2409492379391427
30.064266;0.5174338227920212;0.38541697960131516;0.7444029820577595;0.4915625679840154;0.9489724149255773;9.993459572764234;0.75057424963341;0.012604912618877301;0.01260863021823887;0.7074651957786745;-1.023665792735058;0.5426947925967484;1.243088529226824
30.065034;0.5177100649005697;0.38530436867109175;0.7437914923613776;0.49424084980411853;0.9536519522699977;9.993361562284377;0.750580702801601;0.012604835226041704;0.012608690419940402;0.7069357422980801;-1.0265437956371608;0.5430872079276405;1.2451487936035124
30.065803;0.5179776531214063;0.38519595822666236;0.7432018199908127;0.49682599913798603;0.9581634530459255;9.993257731891834;0.7505867272755584;0.012604746171886361;0.012608753348110376;0.7064260479664362;-1.0293137986872125;0.5434646341118616;1.247134556435989
30.066571;0.5182355703666482;0.3850911108843035;0.7426340788228798;0.4993205159383987;0.9625140286214515;9.993147436393052;0.7505923105331362;0.012604645324916505;0.012608818915261026;0.7059360759926601;-1.0319798018934039;0.5438290424860198;1.249048726632046
30.067339;0.5184837131961816;0.3849894946509075;0.7420876562476942;0.5017253041070551;0.9667060077750569;9.99303018972413;0.7505974450270906;0.012604532667797399;0.012608887093747898;0.7054637861808107;-1.0345448052672122;0.5441794055772031;1.2508922938694327
30.068108;0.5187230570363621;0.3848921726425602;0.7415630783747557;0.5040441730041629;0.9707452770092562;9.992905645997162;0.7506021262308868;0.012604408340951922;0.012608957870578424;0.7050081408352452;-1.0370128088186983;0.5445167022809678;1.2526676847688387
30.068876;0.5189546615422698;0.38479826561922004;0.7410570060146531;0.5062816958365598;0.9746389834310005;9.992773469989677;0.7506063462013057;0.012604272618781559;0.012609031252290032;0.7045701101621021;-1.0393888125519035;0.5448419201260527;1.2543793261552876
30.069644;0.5191765190007116;0.38470589963381935;0.7405685735023408;0.5084384316428023;0.9783922840596015;9.992633301072996;0.7506100911869231;0.01260412590995983;0.012609107320924297;0.7041476708268022;-1.0416738164634236;0.5451550560175427;1.256026696146449
30.071181;0.5195978535634512;0.38453924209457774;0.7396537157574815;0.5125310102410942;0.9854896677346119;9.992484851393655;0.7506133511536796;0.01260396873570658;0.012609186159561313;0.7033518032286957;-1.0459938205448718;0.5457521159866935;1.2591564806068276
30.072564;0.519950388864516;0.38439869744532096;0.7388884842554357;0.5159640997526814;0.991439153943866;9.992327992006082;0.7506161281720174;0.012603801650461115;0.012609267631593925;0.7026844962099523;-1.0496078247857146;0.5462521121653795;1.261778570776724
30.073947;0.520280460513427;0.3842660834138623;0.7381714993738272;0.5191789246644127;0.9970043446587016;9.99216278332383;0.7506184342257435;0.012603625215436473;0.012609351265733097;0.7020617543001186;-1.0529808291736267;0.5467190596634839;1.2642303429885988
30.07533;0.5205888818041277;0.38414200379013125;0.7375024864390105;0.5221858571789665;1.00220493662082;9.991989472445827;0.7506202856612226;0.012603440040577904;0.012609436373890334;0.7014795951733385;-1.0561288336944819;0.5471549746845801;1.2665220130535504
30.076713;0.5208767031554989;0.38402475356794724;0.7368764102680582;0.524998389241208;1.007065955299431;9.991808484071235;0.7506216991379915;0.012603246751243769;0.012609522260091762;0.7009360389938353;-1.0590658383334803;0.5475618742895434;1.2686634027748718
30.078096;0.5211468015598462;0.3839157116327914;0.7362915999884132;0.5276292930067545;1.0116072979390358;9.991620461997487;0.7506226880518491;0.0126030459146432;0.012609608382990653;0.7004271026698172;-1.061805843076267;0.547941777701029;1.270663356747064
30.079479;0.5213981490469901;0.3838131824846669;0.7357460330624414;0.5300875148349875;1.0158489139503761;9.991426271793914;0.7506232604763031;0.012602838075439236;0.012609694442991775;0.6999528024185934;-1.0643628479107687;0.5482957054838005;1.2725330195530367
30.080862;0.5216327056430395;0.38371576397472124;0.7352340429285401;0.5323857912936146;1.019812088966788;9.991226884833393;0.7506234213826899;0.012602623842910717;0.012609780369332232;0.6995091562356364;-1.066748852829164;0.5486266746403833;1.2742797361396034
30.082245;0.5218524286110088;0.38362543354555034;0.734756459746361;0.5345340775347713;1.023512639651549;9.991023294803863;0.7506231787907823;0.012602403935547906;0.012609866247116753;0.6990941830894013;-1.068974857825649;0.5489356956270874;1.2759111796278924
30.083628;0.5220572017697525;0.38354073797461474;0.7343104794763943;0.5365415173369585;1.0269688124511256;9.99081652543889;0.7506225456229917;0.012602179199117757;0.012609952288469067;0.6987069012050864;-1.0710518628903796;0.5492237782254856;1.2774356311992987
30.08501;0.5222480735786758;0.3834604121480002;0.7338920551107835;0.5384168483684719;1.0301957479848178;9.990607602684229;0.750621534472173;0.01260195058117392;0.01261003880521875;0.6983443260405219;-1.0729898680054841;0.5494919398748561;1.2788595055831384
30.086393;0.5224258560143293;0.3833859226803021;0.7335027395430486;0.5401684841727159;1.033208382406608;9.990397493759236;0.7506201561420937;0.012601719105183762;0.012610126110209164;0.6980054724310221;-1.0747978731462486;0.5497422058678033;1.2801895309393658
30.087776;0.5225916908208591;0.38331511266894214;0.7331367117112189;0.5418050098105133;1.0360212821648407;9.990187096172491;0.7506184266132845;0.012601485888134091;0.012610214460923645;0.697688363442484;-1.07648487828628;0.5499766031749693;1.2814319401068837
30.089159;0.522746485392979;0.3832491303412847;0.7327948208949112;0.5433341945226781;1.0386478837325632;9.989977256587485;0.7506163755137035;0.012601252072689074;0.012610304127618936;0.6973920361688397;-1.0780588834025593;0.550194153967653;1.28259271861329
30.090542;0.5228901627373129;0.38318789098437095;0.7324769441358029;0.5447617684651578;1.0410996620769948;9.989768798019233;0.7506140488151735;0.012601018706973754;0.012610395460929688;0.697114537606946;-1.0795278884778416;0.5503978737047434;1.2836773512510222
30.091925;0.5230248106579233;0.38313059482250605;0.7321785647126564;0.546095469211279;1.0433875864693871;9.98956254774288;0.7506115009220221;0.012600786731436523;0.012610488850920955;0.6968549176557969;-1.0808988935020225;0.5505877756550512;1.2846910550985278
30.093308;0.5231494460486735;0.3830764100405407;0.7318994176622464;0.5473409975887542;1.0455248015036918;9.989359288197528;0.7506087808489833;0.012600557017260695;0.012610584639519563;0.6966122234788168;-1.0821768984717803;0.5507648736660382;1.2856373772551433
30.094691;0.5232659862443519;0.38302601064039166;0.731638062355642;0.548503957263479;1.0475184145600012;9.989159634198659;0.7506059273705772;0.012600330373321235;0.012610683092336044;0.6963854949552064;-1.083369903387164;0.5509301792609826;1.2865223924331954
30.096074;0.5233745046133165;0.3829790298210615;0.7313936552506737;0.5495903657130089;1.0493799490888047;9.988963990650133;0.7506029776004572;0.012600107520883138;0.012610784457398938;0.69617376592825;-1.0844839082491156;0.5510837007011865;1.287350500248961
30.097457;0.5234759026389844;0.3829352731650195;0.7311645213200874;0.5506054009873389;1.0511176244168272;9.988772624775862;0.7505999749034581;0.012599889020048754;0.012610889013398215;0.6959750682206363;-1.0855219130603762;0.5512284467849183;1.2881230412770712
30.09884;0.5235691693426395;0.38289414561726604;0.730950889966385;0.5515516924434474;1.0527386072446057;9.988585747033788;0.7505969625851253;0.012599675163555802;0.012610996999273281;0.6957894309765592;-1.0864919178260846;0.5513624302460881;1.2888466516272292
30.100223;0.5236562926986685;0.3828563670305367;0.7307513198284283;0.5524358219428843;1.0542515558954162;9.9884035740655;0.7505939679593313;0.012599465958572446;0.012611108522285072;0.6956158798360783;-1.0873959225518535;0.5514876665223367;1.2895223830065334
30.101606;0.5237372765491047;0.38282111386446915;0.7305642107704917;0.5532613693670415;1.0556633599141125;9.98822635940327;0.7505909949862343;0.01259926128455666;0.012611223589280905;0.6954534393160221;-1.0882399272422796;0.5516051696361507;1.2901546672147424
30.102989;0.5238121284503816;0.3827885616795314;0.7303898799666252;0.554032530513913;1.0569820686523395;9.988054390465585;0.7505880331787005;0.012599061083583121;0.012611342165595412;0.6953011326571978;-1.0890269319012718;0.5517139482502704;1.2907454251081225
30.104372;0.5238819308938677;0.382756774296283;0.7302231296936266;0.5547530541982694;1.0582127045144896;9.987887990790309;0.7505850713157645;0.01259886538224764;0.012611464184076703;0.6951599768837124;-1.0897619365314055;0.5518160020164119;1.2912993543131586
30.105755;0.5239465256111423;0.3827284328459967;0.730069314591268;0.5554255498052417;1.059360626759983;9.987727488606206;0.7505821037372238;0.012598674134960424;0.012611589599107229;0.6950269778799418;-1.0904469411323316;0.5519123223121121;1.2918164847465758
30.107138;0.5240059123528205;0.3827027486105302;0.7299269444612326;0.5560530809229737;1.0604317522188529;9.987573162428404;0.7505791283804711;0.012598487051117511;0.012611718428959825;0.6949021317371363;-1.0910869457024015;0.5520008990596359;1.292300998250135
30.109904;0.5241172619984203;0.38265663243160297;0.7296723457159411;0.557190025015964;1.0623676589386348;9.987425267653464;0.7505761436593029;0.012598303624914186;0.012611850705702171;0.6946834297775126;-1.0922429502428852;0.5521637252411138;1.2931715417991958
30.112393;0.5242037802090659;0.3826203704061649;0.7294703056678489;0.5580872181424498;1.0638947242349224;9.987284130660342;0.7505731504079427;0.012598123363182785;0.01261198645671143;0.6945088588912299;-1.093155954758347;0.5522927961820183;1.2938618755131812
30.114883;0.5242792514150233;0.38258789200233095;0.7292900005292254;0.5588810483062504;1.0652454199528532;9.98715019921195;0.7505701563839728;0.012597945943090763;0.012612125721790301;0.6943543992941728;-1.0939619592526468;0.5524061089957538;1.294473726775771
30.117372;0.5243445778192154;0.38255972084839407;0.7291311360977376;0.5595809823549923;1.0664361419937363;9.987024018338996;0.7505671760378049;0.012597771220772347;0.012612268487480581;0.6942180257142104;-1.094672963727048;0.5525066605433785;1.2950160491365095
30.119861;0.5244018176222375;0.3825345714433785;0.7289883706440715;0.5602001469353901;1.0674878698758332;9.986906165705717;0.7505642271980963;0.012597599213482682;0.012612414610451315;0.6940957097548721;-1.0952999681817306;0.5525954416341581;1.2954959058816822
30.122351;0.5244518781718314;0.3825135240173312;0.7288624888866737;0.56074757889967;1.0684160960117537;9.98679716533396;0.7505613311361229;0.012597430039788447;0.01261256382331025;0.693988420590567;-1.0958539726170857;0.5526744362893876;1.295923063207841
30.12484;0.5244948394212685;0.3824938705842045;0.7287482164820865;0.5612318193320097;1.0692370492989005;9.986697402923555;0.7505585126567077;0.012597263821594262;0.012612715741616551;0.6938921258029566;-1.0963429770343942;0.5527436287857128;1.2963020972466426
30.127329;0.5245325445380179;0.38247820443229286;0.7286479466586147;0.5616594679394994;1.0699596687582411;9.986607061834299;0.7505557959307996;0.01259710067085338;0.012612869815567994;0.6938067928357959;-1.096772981436767;0.5528050067723889;1.2966380440349865
30.129819;0.5245641738601786;0.3824631268718612;0.7285563723053138;0.5620379132550818;1.0705998377227912;9.986526107081023;0.7505532011998055;0.012596940738163562;0.012613025366132432;0.693730387789827;-1.0971539858291652;0.5528595573967184;1.2969382626986201
30.132308;0.5245915870180287;0.3824507953786609;0.7284750618298711;0.5623726728998626;1.0711644048148157;9.986454350952483;0.750550746558922;0.01259678420148353;0.01261318178450566;0.6936618719425648;-1.097488990216953;0.552908264683752;1.2972047411137502
30.134797;0.5246148159975773;0.3824408183230788;0.7284032606289546;0.5626684349041522;1.0716623574840316;9.98639154726015;0.7505484503695381;0.012596631227978305;0.012613338672471086;0.6936012026810208;-1.0977849946049392;0.5529511094193945;1.2974433798579477
30.137287;0.5246340562969859;0.38243083017468055;0.7283362130140549;0.5629309903520899;1.0721044321498512;9.9863374338866;0.7505463297578244;0.012596482031356321;0.012613495786594575;0.6935463412937577;-1.0980459989982605;0.5529890692196919;1.2976564631246277
30.139776;0.5246501845499567;0.3824228483987423;0.7282765563845408;0.5631633283985691;1.0724946178712595;9.986291734696966;0.7505443985294636;0.012596336994506243;0.01261365295461862;0.6934972601755428;-1.0982760034035015;0.5530221196310766;1.2978473354218398
30.142266;0.5246632419303487;0.3824161039286508;0.7282227694471988;0.5633685252115723;1.0728387703758726;9.986254151434181;0.7505426690672872;0.012596196718135697;0.012613810053148251;0.69345294258682;-1.0984790078283933;0.5530522363926738;1.298018813071585
30.144755;0.5246753413907342;0.3824109691571551;0.7281726212061477;0.5635525306078943;1.0731439758009775;9.986224350913087;0.7505411575357787;0.012596061971604974;0.012613967013659508;0.6934123790850357;-1.0986580122805774;0.5530793982496609;1.2981728818233687
30.147244;0.524683450032232;0.38240586831650536;0.7281273157618621;0.5637135577364295;1.073413108266917;9.986201952017547;0.7505398868909438;0.012595933569215982;0.012614123886684024;0.6933755670910322;-1.0988160167666836;0.5531025878874583;1.2983120707554499
30.149734;0.52469067499788;0.38240150562806197;0.7280838862079161;0.5638580091042552;1.0736520712380113;9.986186504928458;0.7505388847351538;0.012595812207644089;0.012614280910656214;0.6933415113088759;-1.0989560212918876;0.5531237893019451;1.298438371147218
30.152223;0.5246969733916648;0.3823987364533187;0.7280440371475588;0.5639871536596783;1.0738634351330194;9.986177497118547;0.7505381803742592;0.012595698404042925;0.012614438465701892;0.6933102227447946;-1.0990790258591734;0.5531419851736558;1.298552604036249
30.154712;0.5247013831855529;0.38239715390977835;0.7280083515751258;0.5641015850881859;1.0740503702539967;9.98617439122535;0.7505378025204206;0.012595592567709066;0.012614596942399473;0.6932827196303158;-1.0991870304688844;0.5531591569554101;1.2986569584678689
30.159691;0.5247127474379663;0.3823924130867154;0.7279563112154562;0.5642877635288197;1.0743595147008658;9.98617663868341;0.7505377771693572;0.012595495082349473;0.012614756666220068;0.6932400298004868;-1.0993690351196794;0.5531852871794797;1.2988165513106895
30.164172;0.5247194508359019;0.3823898156351157;0.7279141856740766;0.5644229623869346;1.0745809368138517;9.98618370429337;0.7505381266401578;0.012595406314984691;0.012614917914184884;0.6932081899550626;-1.0994980398107848;0.5532053631586543;1.2989377743463897
30.168653;0.5247233566335394;0.38238842458771966;0.7278776679613669;0.5645319673886772;1.0747580878133096;9.986195110216407;0.7505388688515259;0.012595326546474796;0.012615080964003456;0.6931802415001462;-1.0996010445443523;0.5532203777704817;1.299039697303834
30.173133;0.5247265723664827;0.38238794462817716;0.7278433453726596;0.5646222872813417;1.074901008542411;9.986210402578436;0.7505400203489945;0.01259525589857437;0.012615246161775803;0.6931562254135895;-1.099683049325427;0.5532333263319346;1.299126515880408
30.177614;0.5247270625294228;0.3823879949339692;0.7278133895463933;0.5646947951642841;1.075015584888202;9.986229054017475;0.7505416023393358;0.01259519435262569;0.012615413941490076;0.6931351752468643;-1.0997480541597797;0.553243206032222;1.2992010458025323
30.182095;0.5247268600078799;0.38238886159349106;0.7277855905152788;0.5647551198768306;1.075108403779422;9.986250433596506;0.7505436407455224;0.012595141868395316;0.012615584688963653;0.6931161116521959;-1.0998000590531474;0.5532510157331021;1.2992661026006729
30.186576;0.5247270031089264;0.3823918003837948;0.7277609704801249;0.5648053883510247;1.0751814066372292;9.986273893336637;0.7505461597345949;0.012595098488505506;0.01261575851931912;0.6931000467432523;-1.0998410640118972;0.5532577502471216;1.29932387814485
30.191057;0.52472561974329;0.38239335971268884;0.727735640727624;0.5648480251216946;1.0752430616875222;9.986298892439944;0.7505491746764564;0.012595064308205662;0.012615935172125399;0.6930849941043422;-1.0998740690428548;0.5532633972928472;1.2993758128196324
30.195538;0.5247245812516649;0.3823971503822358;0.7277139875128642;0.5648839747942032;1.0752913391993384;9.986325075724114;0.7505526885164578;0.012595039374091118;0.012616114141541969;0.6930709737803052;-1.0998990741521355;0.5532679430510936;1.2994218686500705
30.200018;0.5247230803943301;0.38239971447818505;0.7276906670167338;0.564914857535087;1.0753309950255818;9.986352272539008;0.7505566941234112;0.012595023640477154;0.012616294921362452;0.6930580124025919;-1.0999200793435289;0.5532713780410098;1.299465379208729
30.204499;0.5247209833839044;0.38240346402088343;0.7276705929585835;0.5649406545333749;1.0753622981402462;9.98638043947619;0.7505611801633831;0.012595016974591767;0.012616477107467928;0.6930461412707496;-1.0999370846176661;0.5532736979573751;1.2995062875348118
30.20898;0.5247204666498226;0.3824073657443466;0.7276489170879366;0.5649660061801821;1.0753896648164518;9.986409611307264;0.7505661360287201;0.012595019166665356;0.012616660306684863;0.693035391572963;-1.0999500899728099;0.5532759029851947;1.2995445470670992
30.213461;0.5247194815478633;0.3824113138037303;0.7276284205501045;0.564988082754921;1.0754119659358896;9.986439842336415;0.7505715551434975;0.012595029923569348;0.012616844061138114;0.6930247888147203;-1.099960095405776;0.5532769978832077;1.2995804404393962
30.217942;0.5247180548113677;0.38241472272410393;0.7276080891509239;0.5650073264647543;1.0754300826349052;9.986471114909806;0.7505774371696511;0.012595048820894988;0.012617027925378152;0.6930143512693263;-1.0999681009117839;0.5532779901982926;1.299614790380095
30.222423;0.524718206075164;0.3824191518355865;0.7275882258618572;0.5650262455984196;1.0754447735743344;9.986503318853615;0.7505837866060018;0.012595075255902203;0.012617211583771935;0.6930050918617369;-1.0999751064840422;0.553278886170959;1.2996489524206365
30.226903;0.5247189601058596;0.3824242456508921;0.7275696374396089;0.5650443457864497;1.0754572301496759;9.986536323637;0.7505906057857646;0.01259510848014135;0.012617394822994314;0.6929960168499941;-1.0999801121144523;0.553279688490109;1.299681524157889
30.231384;0.5247193334900605;0.3824281198565985;0.7275502183669003;0.5650604897964554;1.0754674283971177;9.986570010615337;0.7505978895501423;0.012595147725987913;0.012617577397318922;0.6929871214320326;-1.099984117794887;0.5532803968877544;1.2997133316969065
30.235865;0.5247203286362683;0.38243256511802454;0.7275320924950275;0.5650762699401465;1.075476452672602;9.986604213966423;0.7506056273778615;0.012595192322664522;0.012617758984702887;0.6929793891372892;-1.0999871235171264;0.55328000912619;1.2997448915913294
30.240346;0.5247229476535917;0.3824373623052444;0.7275135501699994;0.5650920738229053;1.0754830776132691;9.986638660430057;0.7506138069380613;0.012595241700903549;0.012617939242406602;0.6929707985927476;-1.099990129272121;0.5532795234821941;1.2997759645832851
30.249308;0.5247251293557038;0.38244271543082314;0.7274979446175772;0.5651077452795834;1.075491320966205;9.9866729863951;0.750622413906016;0.01259529534824309;0.01261811780845593;0.6929623343234915;-1.0999941350510294;0.5532799427857865;1.2998078993577782
30.257373;0.5247280489726939;0.3824471092427194;0.727480876721822;0.5651227298325439;1.0754978118483902;9.986706814234395;0.7506314274015135;0.012595352790570441;0.012618294212011182;0.6929549901139035;-1.0999961408470609;0.5532792749790336;1.2998386475017087
30.265439;0.5247316496981729;0.3824514928645131;0.7274643585810607;0.565136728887122;1.075502195931904;9.986739815736284;0.7506408143981508;0.01259541359463295;0.012618467804660237;0.6929477613582169;-1.0999971466560143;0.5532795311044171;1.2998684673920635
30.273504;0.5247359554706977;0.3824552374596477;0.727447280860771;0.56515073460688;1.075506409840315;9.986771710267384;0.7506505311411681;0.012595477400951075;0.01261863783448711;0.6929406388209411;-1.0999981524758802;0.5532787265393393;1.2998981392933395
30.28157;0.5247419842262127;0.3824602265935724;0.7274319242467544;0.565165303386639;1.075509513951707;9.986802238640562;0.7506605316095375;0.012595543991288906;0.01261880362005265;0.6929336105248897;-1.0999991583056772;0.5532778833091738;1.2999275914799937
30.289635;0.5247477566051278;0.38246430136860443;0.7274170078465731;0.5651783414529028;1.075511645517899;9.986831177878951;0.7506707734440763;0.01259561337340068;0.012618964597290838;0.6929256657976194;-1.0999991641440148;0.5532770266105254;1.2999553786716098
30.2977;0.5247542764714623;0.3824681827239538;0.7274025745927726;0.565191891896898;1.0755146745275348;9.986858387480186;0.7506812181480501;0.01259568580318624;0.012619120140030637;0.6929187971649885;-1.1000001699882687;0.553276176704354;1.2999842074726158
30.305766;0.5247615449655967;0.3824719479298331;0.7273888123015209;0.5652048920028443;1.0755165923958219;9.986883857542601;0.7506918331543633;0.012595761661733122;0.012619269385676653;0.6929120004864037;-1.1000001758349036;0.5532753458932075;1.300011810047831
30.313831;0.5247695579773314;0.3824755480092448;0.7273756596094477;0.5652178477548436;1.0755183860777378;9.986907743177355;0.7507025963410052;0.012595841300680704;0.012619411287216928;0.6929052734687523;-1.10000018168241;0.5532745436043713;1.3000389838529667
30.321897;0.5247783073547981;0.3824789764769065;0.7273631316982206;0.5652307358178542;1.075520048965852;9.98693039803599;0.7507134933370528;0.012595925035385048;0.01261954478615719;0.6928986156869048;-1.1000001875350014;0.553273780419721;1.3000656667196033
30.329962;0.5247877820597634;0.3824822293609091;0.7273512416963883;0.5652435289797092;1.0755215707086287;9.986952407527088;0.7507245107753706;0.012596013277386518;0.012619668927743157;0.6928920336722789;-1.1000001934029087;0.5532730654517144;1.3000917844588822
30.338028;0.5247979671749428;0.3824853048147388;0.7273399956431743;0.5652562025675615;1.0755229339093098;9.986974574989265;0.7507356378239577;0.012596106621990637;0.012619782853978528;0.6928855447534056;-1.100000199300277;0.5532724037532225;1.3001172525400468
30.354159;0.5248088418561264;0.3824882027565759;0.7273293918247059;0.5652687382470256;1.0755241164297475;9.986997845314873;0.7507468738732105;0.012596205764099639;0.012619885698660101;0.6928791726890017;-1.1000002052430544;0.5532717997835742;1.3001419843395807
30.37029;0.5248203789886948;0.38249144831954657;0.7273204235716214;0.5652811665219902;1.075525176407471;9.98702319593581;0.7507582314446055;0.012596311343853049;0.012619976579504158;0.6928729414502615;-1.1000002112463467;0.5532712616963958;1.3001659089384872
30.386421;0.5248325476731359;0.38249399702268494;0.7273110955430199;0.5652933972815789;1.0755259389409193;9.987051566203657;0.750769731397883;0.012596423871804036;0.012620054728286957;0.6928668762215523;-1.1000002173225554;0.5532708001497166;1.3001889818978125
30.402552;0.5248453172050498;0.3824963746718767;0.7273023987317289;0.565305465160807;1.0755264766830754;9.987083857822187;0.7507813966164578;0.01259654375544381;0.012620119509801585;0.69286100770954;-1.1000002234822528;0.5532704248268395;1.300211182865757
30.418683;0.5248586602394336;0.38249858545891885;0.7272943163608953;0.5653173577109128;1.075526790477297;9.98712089622993;0.7507932512197862;0.01259667139469706;0.012620170382841208;0.6928553698077055;-1.1000002297357558;0.5532701444145748;1.3002325111180688
30.434814;0.5248725531275911;0.3825006369791165;0.7272868260051045;0.5653290578271003;1.075526884566624;9.987163296282555;0.7508053241700149;0.012596807294488465;0.01262020704075837;0.6928499905560085;-1.1000002360929861;0.5532699679381038;1.300252982428249
30.450945;0.5248869736409273;0.38250254159925545;0.7272799116510904;0.5653405476105363;1.0755267620454319;9.987211389107516;0.7508176513793706;0.012596952085615896;0.012620229552831852;0.6928448827075563;-1.100000242562878;0.5532699017685939;1.3002726273395113
30.483207;0.5249018981756616;0.3825043161980627;0.7272735676988995;0.5653518110049852;1.0755264239739513;9.987265299911632;0.7508302762050482;0.012597106420648685;0.012620238281279417;0.6928400384577574;-1.1000002491536245;0.553269944360326;1.300291492206512
30.515469;0.5249172994915833;0.3825059787862516;0.7272677960460906;0.5653628341702078;1.0755258682995945;9.987325022715025;0.7508432486876684;0.012597270908060338;0.012620233733376621;0.6928354328506559;-1.1000002558722448;0.5532700853925874;1.300309633712401
30.547731;0.5249331462681551;0.3825075446882138;0.727262603911445;0.565373607562131;1.0755250899610105;9.98739039119734;0.7508566195276298;0.012597446144135842;0.012620216501842935;0.6928310357523357;-1.1000002627233652;0.5532703104269738;1.3003271050173173
30.579993;0.5249494062841296;0.3825090246156204;0.7272580015147985;0.5653841290101836;1.0755240850808023;9.987461051253144;0.7508704318990639;0.012597632691605243;0.012620187237531298;0.6928268229768142;-1.1000002697090665;0.5532706066556706;1.3003439487857795
30.612255;0.5249660507044406;0.38251042493595805;0.7272540010743265;0.5653944008856046;1.075522850455835;9.987536535052726;0.7508847210706974;0.012597831020031666;0.012620146611524757;0.6928227773347857;-1.1000002768290449;0.5532709654597634;1.3003601997148602
30.676779;0.5249830527668129;0.38251174978733976;0.7272506174334664;0.5654044237931268;1.0755213789837548;9.98761636720176;0.7508995223402797;0.012598041527383698;0.012620095234171654;0.6928188824295478;-1.1000002840799061;0.5532713827609868;1.3003758865506916
30.805826;0.5250003805348877;0.38251300285715123;0.7272478641669468;0.5654141972795844;1.075519662812254;9.987700105939854;0.7509148771253714;0.012598264564134305;0.012620033535979642;0.6928151179296927;-1.1000002914561318;0.5532718607490229;1.3003910359078548
31.063922;0.5250179920580657;0.38251418768037343;0.7272457469194425;0.565423725443425;1.0755177021556777;9.98778735668265;0.7509308297856615;0.012598500379235213;0.012619961744643853;0.6928114585577735;-1.100000298952821;0.5532724094049349;1.3004056800503319
31.580114;0.5250358373066913;0.3825153075882696;0.7272442626510129;0.5654330138739152;1.0755155092501385;9.987877772746568;0.7509474141648228;0.012598749042267557;0.012619879996584017;0.6928078750238577;-1.1000003065655084;0.553273044683167;1.3004198575343044
32.580114;0.5250538630393162;0.382516365479579;0.7272434051279196;0.5654420601856096;1.0755131022605777;9.987971008908456;0.7509646375482463;0.012599010325200328;0.012619788435087551;0.6928043359716024;-1.1000003142876331;0.5532737835210246;1.3004336064142115
33.580114;0.5250720155821208;0.3825173620907513;0.7272431681952245;0.5654508532286656;1.075510492891936;9.988066683080806;0.7509824769208757;0.012599283617815857;0.012619687233198113;0.6928008109543087;-1.1000003221108186;0.5532746375956513;1.3004469643103553
34.580114;0.5250902390875773;0.3825182925311868;0.7272435449436582;0.565459381085238;1.0755076815972588;9.988164403660925;0.7510008893725704;0.01259956807735233;0.012619576625121389;0.6927972766214975;-1.1000003300273;0.5532756106836116;1.3004599742063832
35.580114;0.5251084717175288;0.3825191436172074;0.7272445297890928;0.5654676381138574;1.0755046652431142;9.988263828662639;0.7510198217213202;0.012599862872489084;0.01261945698768292;0.6927937258530436;-1.1000003380305012;0.5532767000555187;1.300472682888297
36.580114;0.5251266456744175;0.38251989440825085;0.7272461221435661;0.5654756258309996;1.0755014440493835;9.988364695407313;0.7510392114533346;0.012600167234909988;0.012619328900537869;0.6927901731982204;-1.1000003461135457;0.5532778962609485;1.300485134767715
37.580114;0.5251446924000972;0.3825205194574814;0.7272483247220352;0.5654833493987427;1.0754980181491562;9.9884668098566;0.7510589864919469;0.012600480375328151;0.012619193099026087;0.6927866522738277;-1.1000003542671872;0.5532791847665838;1.3004973705344678
38.580114;0.5251625493583845;0.3825209921960408;0.7272511394350684;0.5654908163627144;1.0754943804921597;9.988570016631481;0.7510790714182038;0.012600801446369436;0.01261905038397896;0.6927832074139153;-1.1000003624781887;0.5532805537850967;1.3005094272043858
39.580114;0.525180164829352;0.3825212867064913;0.7272545674416487;0.5654980370515151;1.0754905200621707;9.988674157802352;0.7510993964377832;0.012601129553022387;0.012618901604958455;0.6927798845865718;-1.1000003707296284;0.5532819993866264;1.3005213362472339
40.580114;0.5251974973051148;0.3825213787910436;0.7272586122287429;0.5655050215571662;1.0754864362511274;9.9887790306657;0.7511198999335892;0.012601463707965716;0.012618747657460728;0.6927767277546938;-1.1000003790029282;0.5532835240367991;1.3005331252374799
41.580114;0.5252145099226317;0.3825212476023624;0.7272632791754771;0.5655117759630877;1.0754821467248123;9.9888843926405;0.7511405235866633;0.012601802734044603;0.012618589412092021;0.6927737813573931;-1.1000003872809814;0.5532851334445045;1.3005448215859428
42.580114;0.5252311661330101;0.38252087672753343;0.7272685713534788;0.5655183026437541;1.0754776799243837;9.988990032056448;0.7511612060694449;0.012602145264181531;0.012618427663027041;0.6927710940075075;-1.1000003955516522;0.5532868304097652;1.3005564538207488
43.580114;0.5252474301289595;0.38252025252981864;0.7272744873367353;0.5655246036774491;1.0754730643465482;9.989095831445164;0.7511818773499918;0.012602489839484513;0.012618263163433825;0.6927687185730173;-1.1000004038080113;0.5532886092538462;1.3005680548475753
44.580114;0.5252632693926176;0.3825193619906761;0.7272810221528397;0.5655306838471332;1.0754683225664234;9.989201786471863;0.7512024570331555;0.01260283494243632;0.01261809667058357;0.6927667033088362;-1.10000041204445;0.5532904583098467;1.3005796675116756
45.580114;0.52527865643135;0.38251819376993695;0.7272881710413088;0.5655365527233264;1.0754634683706894;9.9893080068859;0.7512228621382077;0.012603179037786733;0.012617928954770641;0.6927650790549579;-1.1000004202540363;0.553292363759116;1.300591343830876
46.580114;0.5252935689272059;0.38251674022290333;0.7272959337675179;0.5655422249409874;1.075458505691585;9.989414692618613;0.7512430182493651;0.012603520774579926;0.012617760828711454;0.692763856708262;-1.100000428429862;0.5532943098414312;1.3006031353561402
47.580114;0.5253079889358534;0.3825149984421483;0.7273043126238695;0.565547716932578;1.0754534265211337;9.98952209728762;0.751262866935507;0.012603859189705585;0.01261759318410907;0.6927630364184901;-1.1000004365659677;0.553296282392738;1.3006150843317013
48.580114;0.5253219029817574;0.38251297099445003;0.7273133068914123;0.5655530444554984;1.0754482100999667;9.989630518198476;0.7512823685527202;0.012604193685976216;0.012617426945835225;0.6927626187118421;-1.100000444655501;0.5532982734505276;1.30062722620323
49.580114;0.5253353040194638;0.38251066377570087;0.7273229140131183;0.5655582228012912;1.075442828994263;9.989740288909937;0.7513014957214761;0.012604523876493237;0.012617262994779365;0.6927626095069345;-1.1000004526893865;0.5533002788578065;1.300639599737108
50.580114;0.5253481922807617;0.38250808108669515;0.727333133687138;0.565563265647741;1.0754372606356666;9.989851728044394;0.7513202221017803;0.012604849473442939;0.012617102145884488;0.6927630182887656;-1.1000004606571165;0.5533022930317294;1.3006522509048588
51.580114;0.5253605727563977;0.38250522302302403;0.7273439644513486;0.5655681845405534;1.075431496328956;9.98996505915994;0.7513385197762402;0.012605170207308445;0.012616945101009682;0.6927638564202636;-1.1000004685491909;0.5533043063303846;1.3006652248970507
52.580114;0.5253724526260117;0.38250208822255627;0.7273553953576964;0.5655729913402787;1.075425540162325;9.990080350208597;0.7513563649516543;0.012605485823851235;0.01261679236031376;0.6927651372623173;-1.1000004763599043;0.5533063034915561;1.3006785538828716
53.580114;0.5253838416434226;0.3824986795656093;0.7273674010317577;0.5655776997470386;1.0754194010167184;9.990197518957265;0.7513737453168237;0.012605796218404642;0.012616644198334448;0.692766873525622;-1.1000004840874675;0.5533082644202737;1.3006922548843942
54.580114;0.5253947559249139;0.3824950061445583;0.7273799428253678;0.5655823245550451;1.0754130872590608;9.990316413982905;0.7513906645147148;0.012606101506856666;0.012616500685921316;0.6927690737952609;-1.1000004917322523;0.5533101687382447;1.3007063417600846
55.580114;0.5254052234701881;0.3824910796617695;0.7273929739848233;0.5655868801381182;1.075406608847375;9.990436893277117;0.7514071368608979;0.012606401922601224;0.012616361750714986;0.6927717415894832;-1.1000004992971295;0.5533120013787581;1.3007208331038194
56.580114;0.5254152861746811;0.3824869109308705;0.7274064475825903;0.565591379544531;1.075399984058618;9.990558812637445;0.7514231757375508;0.01260669773722446;0.012616227338527916;0.6927748756118811;-1.1000005067886054;0.553313757045626;1.3007357447985302
57.580114;0.5254249945323243;0.38248251004493655;0.7274203253076615;0.5655958365700805;1.075393240425501;9.990681954663664;0.7514387888885727;0.012606989315948568;0.012616097515802708;0.6927784715278049;-1.100000514214825;0.5533154404111176;1.300751079149294
58.580114;0.5254343982440391;0.38247788867314864;0.7274345798293836;0.5656002685725353;1.0753864068116497;9.990806010324809;0.7514539834425783;0.012607277195493878;0.01261597237460272;0.6927825246158155;-1.1000005215819397;0.5533170602373827;1.3007668203845064
59.580114;0.5254435399193853;0.38247306153336347;0.7274491896099776;0.5656046940483337;1.075379505622119;9.99093063487574;0.7514687731460862;0.012607562056335498;0.012615851944511387;0.6927870286431302;-1.100000528891956;0.5533186235902059;1.300782939289716
60.580114;0.5254524536543052;0.38246804604870144;0.7274641324711596;0.5656091261369667;1.0753725498482463;9.991055486897315;0.7514831800925365;0.012607844573494564;0.012615736261679913;0.6927919714261226;-1.1000005361422132;0.5533201344702647;1.3007994042326068
61.580114;0.5254611659169142;0.38246286155540693;0.7274793784956528;0.5656135682278697;1.075365545595329;9.991180222782454;0.751497228131738;0.01260812528777459;0.012615625469847108;0.6927973331604093;-1.1000005433265008;0.5533215932607811;1.300816187025257
62.580114;0.5254696986172656;0.38245752868946226;0.7274948829966341;0.5656180141940295;1.075358497758894;9.991304492266162;0.7515109334441276;0.01260840459965708;0.012615519827607164;0.6928030886255782;-1.1000005504361465;0.5533229972017165;1.300833261511823
63.580114;0.5254780707441064;0.38245206864338127;0.7275105872607476;0.5656224519599073;1.0753514119310925;9.991427943205238;0.7515242994868007;0.012608682804217689;0.012615419610755846;0.6928092076181548;-1.1000005574591012;0.5533243436383743;1.300850602809846
64.580114;0.5254862946049224;0.3824465026905056;0.727526430099142;0.5656268669973675;1.0753442940177487;9.991550234355271;0.7515373170430689;0.012608960113574047;0.012615324964687443;0.6928156498360802;-1.100000564380062;0.5533256319032746;1.3008681886909674
65.580114;0.5254943732834543;0.3824408521350691;0.7275423614594592;0.5656312442608112;1.0753371523995587;9.991671046111925;0.7515499691768449;0.012609236700448258;0.01261523578572741;0.6928223596569728;-1.1000005711834717;0.5533268629952717;1.3008860023980062
66.580114;0.5255023033391955;0.3824351375844618;0.7275583474712121;0.5656355694128483;1.0753299973411554;9.991790067300492;0.7515622426663533;0.012609512739952216;0.0126151516909154;0.6928292705206788;-1.1000005778562632;0.5533280399860626;1.3009040312558497
67.580114;0.5255100786405489;0.38242937701323776;0.7275743638819985;0.5656398278533957;1.0753228346847779;9.99190699746499;0.7515741356243227;0.012609788363496497;0.012615072081922123;0.6928363176103357;-1.1000005843882787;0.5533291672865793;1.3009222508080742
68.580114;0.5255176944246446;0.38242358520814407;0.727590383452524;0.5656440021605911;1.0753156587002697;9.99202160058124;0.7515856479762747;0.012610063531023424;0.012614996232238584;0.6928434451016372;-1.1000005907701966;0.5533302487096594;1.300940608638078
69.580114;0.525525149008711;0.382417776874833;0.727606366044657;0.5656480725031697;1.0753084482055815;9.992133754440266;0.7515967675687532;0.012610338020349282;0.012614923355118232;0.6928506020366212;-1.1000005969905409;0.553331288175801;1.3009590318728201
70.580114;0.5255324425695684;0.3824119707125525;0.727622254388886;0.565652019455717;1.0753011682640685;9.992243425562883;0.7516074713435417;0.01261061162479105;0.012614852702271237;0.6928577359499154;-1.1000006030347074;0.5533322910099374;1.3009774449833607
71.580114;0.5255395779018801;0.3824061904793007;0.7276379758601083;0.5656558249379248;1.0752937770298425;9.992350570426904;0.7516177324603004;0.01261088429527335;0.0126147836945041;0.6928647913568425;-1.1000006088860597;0.5533332645538785;1.3009957699185166
72.580114;0.5255465604674783;0.3824004633624297;0.7276534523546799;0.5656594722486448;1.075286235967744;9.99245506394903;0.7516275196308291;0.012611156001348224;0.0126147160097754;0.6928717125645585;-1.100000614527759;0.5533342207119588;1.3010139152440814
73.580114;0.5255533957519187;0.3823948190383959;0.7276686117813109;0.565662947207631;1.075278517987652;9.992556735571934;0.7516367966646421;0.012611426469665765;0.012614649604277165;0.6928784509424397;-1.1000006199450214;0.5533351755209077;1.3010317768296116
74.580114;0.525560089044097;0.3823892892505085;0.7276833892171986;0.5656662385303337;1.0752706079118306;9.992655456563655;0.7516455286781062;0.01261169505548646;0.012614584707546981;0.6928849744189762;-1.1000006251266032;0.5533361436163265;1.3010492501578201
75.580114;0.5255666472907858;0.3823839048522531;0.727697723153207;0.5656693378194294;1.0752625017790738;9.992751200700837;0.751653687050659;0.012611960819997043;0.012614521793221405;0.6928912709667264;-1.1000006300651808;0.5533371359164411;1.3010662439931542
76.580114;0.5255730803649924;0.3823786926325375;0.7277115614029435;0.5656722406120694;1.0752542113180468;9.99284403701168;0.7516612511627294;0.012612222749779904;0.012614461510809246;0.6928973418135033;-1.1000006347574272;0.5533381620401171;1.3010826910780695
77.580114;0.5255794014777871;0.3823736748514223;0.7277248698042699;0.5656749460160739;1.075245766084319;9.992934074952815;0.751668211593834;0.012612479967316497;0.012614404606339948;0.6929031901082081;-1.1000006392033517;0.5533392323009642;1.301098551049557
78.580114;0.5255856241786069;0.3823688682422517;0.7277376291087577;0.5656774557048752;1.0752372072026102;9.99302143023715;0.7516745712504851;0.012612731793483345;0.012614351808219265;0.6929088133791661;-1.1000006434055685;0.5533403591004044;1.301113806849215
79.580114;0.5255917562320649;0.3823642824942939;0.727749825288684;0.5656797765017904;1.0752285771129322;9.993106210947595;0.7516803403561054;0.012612977676897853;0.012614303703829858;0.6929142015008258;-1.1000006473692148;0.5533415587614497;1.3011284609474958
80.580114;0.5255977968191913;0.38235992238478256;0.727761445008047;0.5656819237146238;1.0752199098366202;9.993188507658491;0.7516855311583504;0.012613217116549849;0.012614260724755515;0.6929193371599784;-1.1000006511010947;0.5533428520705743;1.3011425302282726
81.580114;0.5256037386959036;0.38235579164318506;0.7277724770509625;0.565683918967176;1.0752112260492876;9.99326839000542;0.7516901588998736;0.012613449642391642;0.012614223211571773;0.692924197717346;-1.10000065460726;0.5533442603741592;1.3011560378314697
82.580114;0.5256095695030539;0.3823518944082145;0.7277829115147281;0.5656857839512884;1.0752025382687609;9.993345924207773;0.7516942444504381;0.012613674820157166;0.01261419143800824;0.6929287569687675;-1.1000006578907897;0.5533457979838574;1.3011690069422621
83.580114;0.5256152711433673;0.38234823440879484;0.7277927325296588;0.5656875356697322;1.0751938626018072;9.993421234503849;0.7516978112362528;0.01261389224991146;0.01261416558327349;0.6929329874340348;-1.1000006609528719;0.553347467956119;1.3011814590192565
84.580114;0.5256208206396763;0.382344813033152;0.7278019160949482;0.5656891851362509;1.0751852277045437;9.993494540296012;0.7517008797419447;0.01261410156880938;0.01261414569638774;0.6929368661059175;-1.1000006637960367;0.5533492647985551;1.3011934110855983
85.580114;0.525626193398861;0.3823416282754895;0.727810440207241;0.5656907387828297;1.0751766752004348;9.993566111011425;0.7517034654025877;0.012614302470506955;0.012614131662086065;0.6929403811430003;-1.1000006664247532;0.553351179665753;1.3012048710568553
86.580114;0.5256313694368755;0.3823386778690319;0.7278182935550641;0.5656922008642365;1.0751682519499528;9.99363620358906;0.7517055814618322;0.012614494712980413;0.012614123180599802;0.6929435347535652;-1.1000006688445623;0.5533532032225398;1.3012158376308138
87.580114;0.5256363391231618;0.38233596549959614;0.7278254751536499;0.5656935756421242;1.0751600020294927;9.993705042795325;0.751707246529568;0.012614678081812963;0.012614119797583962;0.6929463404209772;-1.100000671064174;0.553355325797152;1.3012263040868348
88.580114;0.5256411027070651;0.3823335031664617;0.7278319945904981;0.5656948693060122;1.0751519632784456;9.993772826254292;0.7517084913574702;0.012614852320535292;0.012614120964971024;0.6929488187325656;-1.1000006730977536;0.5533575378070275;1.3012362602672052
89.580114;0.5256456673902038;0.3823313055387342;0.7278378751936088;0.5656960913005821;1.0751441666139487;9.993839697851598;0.751709360600317;0.012615017111054038;0.012614126075881957;0.6929509962208962;-1.1000006749631543;0.5533598325673741;1.3012456954444784
90.580114;0.5256500467330154;0.3823293813232207;0.7278431533910446;0.5656972546018503;1.0751366384465189;9.993905669009107;0.7517099099174894;0.012615172218211197;0.01261413449465521;0.6929529041221331;-1.1000006766783028;0.5533622072683922;1.3012546058113228
91.580114;0.5256542571569008;0.38232772896671524;0.7278478768954944;0.5656983752625612;1.0751294038385508;9.993970558668021;0.7517101980602763;0.012615317707468187;0.012614145604091275;0.6929545747780446;-1.1000006782583576;0.5533646575577672;1.3012630001116436
92.580114;0.5256583088364998;0.3823263373765494;0.7278521043193229;0.5656994719422345;1.0751224866998879;9.994034041337923;0.7517102784101442;0.012615453952965344;0.012614158817240128;0.6929560367859642;-1.1000006797145614;0.5533671713843645;1.301270898425593
93.580114;0.5256621988227325;0.3823251880544563;0.7278559002125776;0.5657005640034257;1.075115908099634;9.994095788204662;0.7517101960259326;0.012615581413105887;0.012614173586434742;0.6929573123545234;-1.1000006810554797;0.5533697288290281;1.3012783279741438
94.580114;0.5256659136869989;0.3823242568138221;0.7278593263361413;0.5657016667562057;1.0751096825165878;9.994155557054608;0.7517099893785419;0.012615700488216421;0.012614189463818924;0.6929584201248158;-1.1000006822887654;0.5533723050214207;1.3012853181249469
95.580114;0.5256694374817091;0.38232351484415456;0.7278624353766785;0.5657027870400775;1.0751038149990688;9.994213130116615;0.7517096932590989;0.012615811600971454;0.012614206105817531;0.6929593786304954;-1.1000006834222493;0.5533748717492499;1.3012918934779445
96.580114;0.5256727558651575;0.3823229287091634;0.7278652692410129;0.5657039222734803;1.075098305206702;9.994268228477795;0.7517093393361992;0.012615915277170462;0.012614223171393078;0.692960206143192;-1.1000006844649757;0.5533773984968425;1.3012980673106527
97.580114;0.5256758577366664;0.38232246097568495;0.7278678618023677;0.5657050615224875;1.0750931524402352;9.994320543853894;0.7517089541550575;0.012616012054357202;0.012614240258447576;0.6929609205474616;-1.1000006854270379;0.5533798543857501;1.3013038431534858
98.580114;0.5256787402651901;0.38232207439535293;0.7278702425765788;0.5657061867682269;1.0750883528810964;9.994369814606708;0.7517085594784653;0.012616102351635705;0.01261425695522964;0.6929615413362742;-1.100000686317511;0.5533822110583503;1.3013092251113914
99.580114;0.5256814120065676;0.3823217387425544;0.7278724376785444;0.5657072756630549;1.0750838947820909;9.994415880441313;0.7517081736538673;0.012616186471690521;0.012614272918158986;0.6929620901950759;-1.1000006871428298;0.5533844455105825;1.3013142249559702
100.0;0.5256838881359918;0.3823214353355366;0.7278744685596777;0.5657083078678172;1.075079759268339;9.994458729955554;0.7517078089483563;0.012616264685203842;0.012614287922023345;0.6929625868776111;-1.1000006879076607;0.5533865420163633;1.3013188621939407
