time;BusPDR_BUS_Voltage;BusPDR_BUS_ActivePower;BusPDR_BUS_ActiveCurrent;BusPDR_BUS_ReactivePower;BusPDR_BUS_ReactiveCurrent;StepUp_Xfmr_XFMR_Tap;Wind_Turbine_GEN_ActivePowerSetpointPu;Wind_Turbine_GEN_ReactivePowerSetpointPu;Wind_Turbine_GEN_AVRSetpointPu;Wind_Turbine_GEN_InjectedActivePower;Wind_Turbine_GEN_InjectedReactivePower;Wind_Turbine_GEN_InjectedActiveCurrent;Wind_Turbine_GEN_InjectedReactiveCurrent;Wind_Turbine_GEN_ActivePowerPu;Wind_Turbine_GEN_ReactivePowerPu;Wind_Turbine_GEN_MagnitudeControlledByAVRPu;Wind_Turbine_GEN_InjectedCurrent
0.0;1.0445030904708428;0.7499686256568769;0.7181046008237099;1.5051705268342684e-05;-1.3516581565589862e-06;10.002717954664016;0.7505189295126447;0.012603711779502664;1.0447190840061065;0.7501312815962068;0.08997363576828712;0.7132620069299044;-0.08549599250035061;0.7502232797193061;0.012609145317446092;1.0518641742707713;0.7179643128323243
0.0;1.0444948837099097;0.7499691958228889;0.7181037131246514;1.5140599651458145e-05;-1.4513003961226492e-06;10.002782573376566;0.7505262666609626;0.012603739402307355;1.044716905650356;0.7501327298649826;0.08997534381209848;0.713269283628499;-0.08549599277085128;0.7502267718982932;0.012609561921069812;1.0518662868223316;0.717962388373797
0.1;1.0444866186449335;0.7499697743439165;0.7181028087766002;1.5237612569045025e-05;-1.5509156217576005e-06;10.002849370736879;0.7505338768688979;0.012603768081564926;1.044714627495718;0.7501341919653125;0.08997708554953689;0.71327673918684;-0.08549599303522927;0.7502303325251869;0.012609989228876923;1.051868313741469;0.7179604252298206
0.2;1.0444782990542933;0.749970361231244;0.7181018883264029;1.5343036883927856e-05;-1.6503294139184384e-06;10.002918386712981;0.7505417663624103;0.012603797872780625;1.0447122478846718;0.7501356667395631;0.0899788610355552;0.7132843748820444;-0.0854959932930219;0.7502339613231435;0.012610427434720888;1.051870248065858;0.7179584236090223
0.4;1.044469928666538;0.749970956597025;0.7181009522900462;1.545714563999826e-05;-1.7493553916220851e-06;10.00298965875488;0.7505499410209985;0.012603828836294859;1.0447097653256339;0.750137153060823;0.08998067031066694;0.7132921916745834;-0.08549599354374224;0.7502376579242496;0.012610876735364237;1.0518720831375437;0.7179563840446906
0.8;1.0444615110512432;0.7499715606248059;0.7181000011481704;1.558018951273805e-05;-1.8477914854213606e-06;10.003063221839723;0.7505584064063027;0.012603861036707695;1.0447071784641082;0.7501386498409667;0.08998251339455668;0.7133001901713865;-0.08549599378688882;0.7502414218570517;0.012611337329629827;1.051873812608638;0.7179543073578968
1.6;1.0444530495496223;0.7499721735409409;0.718099035348929;1.5712396516729398e-05;-1.9454214557232235e-06;10.0031391083592;0.7505671677184389;0.012603894543482062;1.0447044860878614;0.7501401560337289;0.08998439028819907;0.7133083705637959;-0.08549599402195908;0.7502452525623665;0.012611809418888072;1.0518754303611633;0.7179521946860452
2.6;1.0444445472793011;0.7499727956302111;0.7180980553111476;1.585397486938868e-05;-2.042019146892646e-06;10.003217347757882;0.7505762297146413;0.012603929431499024;1.0447016870966872;0.7501416706188128;0.08998630097182189;0.713316732623206;-0.08549599424843203;0.750249149408623;0.012612293206535589;1.05187693048674;0.7179500474902527
3.6;1.0444360071941126;0.7499734272560867;0.7180970613910648;1.60051178766563e-05;-2.137349344224476e-06;10.003297966236573;0.7505855966915046;0.012603965781072968;1.0446987803918995;0.750143192578654;0.08998824539891732;0.7133252757590353;-0.08549599446574048;0.7502531116695004;0.012612788896388158;1.0518783074025146;0.7179478674433989
4.6;1.0444274321021398;0.7499740688527529;0.7180960538616545;1.6166007082834323e-05;-2.23116565295841e-06;10.003380986537621;0.7505952725353697;0.01260400367828482;1.0446957648206352;0.750144720895497;0.08999022349817236;0.713333999046399;-0.08549599467326562;0.750257138494601;0.012613296695124414;1.05187955596597;0.7179456563128065
5.6;1.0444188245696753;0.7499747209166804;0.7180950329653373;1.6336810029903726e-05;-2.3232086558525562e-06;10.003466427558052;0.7506052607510243;0.012604043215708847;1.044692639252856;0.7501462545507155;0.08999223517939567;0.7133429011929873;-0.08549599487034841;0.750261228911621;0.012613816818531786;1.0518806714455426;0.7179434159576574
6.6;1.0444101868437323;0.7499753840128061;0.7180939989762268;1.6517674518758862e-05;-2.413203408397265e-06;10.003554304021431;0.7506155644548325;0.012604084492805197;1.0446894026787263;0.7501477925059095;0.08999428033722544;0.7133519804837327;-0.08549599505630742;0.7502653818406296;0.012614349494430091;1.0518816493890792;0.7179411483866069
7.6;1.0444015209178057;0.7499760587818944;0.7180929522224108;1.6708726096364746e-05;-2.500858299357781e-06;10.003644626507059;0.7506261863182715;0.01260412761535295;1.0446860542019634;0.7501493336956138;0.0899963588444911;0.7133612347212299;-0.08549599523044538;0.7502695960887623;0.012614894957369205;1.0518824855630609;0.7179388557573272
8.6;1.0443928286814372;0.7499767459462572;0.7180918930903338;1.6910070220426942e-05;-2.5858683633141037e-06;10.003737401581192;0.750637128413401;0.012604172694337579;1.0446825929681374;0.7501508770378688;0.08999847052634274;0.7133706612023949;-0.08549599539203827;0.7502738703236991;0.012615453437138852;1.051883176057132;0.717936540325644
9.6;1.0443841120777928;0.7499774463106649;0.7180908219954122;1.7121796696340075e-05;-2.667919718471568e-06;10.00383263218092;0.7506483920613976;0.012604219845050196;1.0446790181381513;0.7501524214276133;0.0900006151296762;0.713380256735705;-0.08549599554032822;0.7502782030456284;0.012616025151876199;1.0518837174445257;0.7179342044773369
10.6;1.0443753731953083;0.7499781607551098;0.7180897393305702;1.7343983976237583e-05;-2.746691119096697e-06;10.00393031836832;0.7506599778186629;0.0126042691864175;1.0446753288946433;0.7501539657280307;0.09000279231458236;0.7133900175980719;-0.08549599567453073;0.7502825925712584;0.01261661031301783;1.051884106818449;0.7179318508616961
11.6;1.044366614251019;0.7499788902269815;0.7180886454602027;1.757669947835987e-05;-2.8218528589432914e-06;10.004030457160866;0.7506718855700528;0.012604320840874884;1.0446715244326938;0.7501555087803711;0.0900050016681928;0.7133999394172228;-0.08549599579384601;0.7502870370189192;0.012617209133880924;1.051884341724132;0.7179294824550102
12.6;1.0443578375658895;0.7499796357344058;0.7180875407495843;1.781999686564455e-05;-2.8930642280863683e-06;10.004133040831162;0.7506841146208215;0.012604374934992895;1.0446676039898024;0.7501570493991218;0.090007242713723;0.7134100171208497;-0.0854959958974604;0.7502915342852198;0.012617821833090435;1.051884420162383;0.7179271024948084
13.6;1.0443490455892352;0.749980398336897;0.718086425584928;1.8073915067701345e-05;-2.9599709631559513e-06;10.004238055203944;0.7506966637317194;0.012604431599999693;1.0446635669293425;0.7501585863500219;0.09000951490060183;0.7134202449922669;-0.08549599598454305;0.7502960820227129;0.012618448634945578;1.051884340587376;0.7179247144199389
14.6;1.0443402409153022;0.7499811791427696;0.7180853003732209;1.833847817904687e-05;-3.0222054261477455e-06;10.004345479361772;0.750709531120136;0.012604490971963273;1.044659412798474;0.7501601183357335;0.09001181759423155;0.7134306167014454;-0.08549599605424632;0.7503006776294517;0.012619089767809347;1.051884101716126;0.7179223219007638
15.6;1.044331426271807;0.7499819793273341;0.7180841654868451;1.8613692698293002e-05;-3.0793890063471813e-06;10.004455286052531;0.750722714465992;0.012604553192390608;1.0446551413396539;0.7501616439880355;0.09001415008250503;0.7134411252559277;-0.08549599610569668;0.7503053182481827;0.0126197454579665;1.0518837023418977;0.7179199289259874
16.6;1.0443226045199303;0.7499828001534936;0.7180830211760126;1.8899543277848178e-05;-3.1311309298514153e-06;10.004567441144351;0.7507362108990749;0.012604618409071067;1.044650752465755;0.750163161870858;0.09001651158348895;0.7134517629593041;-0.08549599613798146;0.7503100007484246;0.012620415922184951;1.0518831413940786;0.7179175398618909
17.6;1.044313778737086;0.749983642965565;0.7180818675397087;1.9195989506740663e-05;-3.177022355835504e-06;10.004681902624812;0.7507500169222644;0.012604686776153418;1.0446462461788197;0.7501646704936172;0.09001890123415814;0.7134625214002862;-0.0854959961501542;0.7503147216847591;0.012621101363341063;1.0518824180939215;0.7179151594515534
18.6;1.0443049523370689;0.7499845091684686;0.7180807045463238;1.9502964310304917e-05;-3.2166338520177587e-06;10.004798620836292;0.7507641282826135;0.01260475845312916;1.0446416224773702;0.7501661683086261;0.09002131807017677;0.713473391400009;-0.08549599614125764;0.7503194772811597;0.01262180196878518;1.051881531990149;0.7179127927906731
19.6;1.0442961290745654;0.7499854002175819;0.7180795320693041;1.9820374198193075e-05;-3.2495194122085654e-06;10.00491753919269;0.7507785398684962;0.012604833603704999;1.0446368813417424;0.7501676536894136;0.09002376101395933;0.7134843629523625;-0.08549599611034606;0.7503242634646262;0.012622517911532587;1.051880482951419;0.7179104453057319
20.6;1.0442873129704247;0.7499863176112399;0.7180783499679361;2.0148100490755597e-05;-3.2752196340138683e-06;10.00503859368154;0.7507932457003131;0.01260491239594072;1.044632022825467;0.7501691249137479;0.09002622887447904;0.7134954252407559;-0.0854959960564913;0.750329075887522;0.012623249353579082;1.0518792712444114;0.7179081227751458
21.6;1.0442785083146273;0.7499872628725088;0.7180771581622714;2.0485998985126644e-05;-3.293260349776432e-06;10.005161712025323;0.7508082389628534;0.012604995003227813;1.0446270471918948;0.7501705801626345;0.09002872035491066;0.7135065666613543;-0.08549599597877418;0.7503339098906383;0.01262399644828433;1.051877897610994;0.717905831380196
22.6;1.0442697197314732;0.7499882375417906;0.7180759566273933;2.083389675700673e-05;-3.3031510664589476e-06;10.005286814025053;0.7508235119827322;0.01260508160438015;1.044621954955778;0.7501720175300216;0.09003123404924267;0.7135177747833791;-0.08549599587627792;0.7503387604522778;0.012624759339409201;1.051876363239724;0.7179035777267158
23.6;1.044260952209941;0.7499892431961345;0.7180747453485334;2.11915875537326e-05;-3.3043860176870234e-06;10.005413812303297;0.7508390561776034;0.012605172382831464;1.044616746793987;0.7501734350225482;0.09003376841440845;0.7135290363140868;-0.08549599574808556;0.7503436221655293;0.012625538157093448;1.0518746696946553;0.7179013688867424
24.6;1.0442522110976276;0.749990281472935;0.718073524288929;2.1558827362137435e-05;-3.29644548176415e-06;10.005542612178909;0.7508548620356652;0.012605267526648506;1.044611423483754;0.7501748305427844;0.09003632173993383;0.713540337078589;-0.08549599559326346;0.7503484892206947;0.012626333016049408;1.0518728188795656;0.7178992124998662
25.6;1.0442435020914795;0.7499913540866583;0.7180722933706404;2.1935331724403547e-05;-3.2787922750113205e-06;10.005673110952232;0.7508709190553597;0.012605367229600841;1.0446059859512935;0.7501762018853797;0.09003889213551133;0.7135516619505574;-0.08549599541083912;0.7503533553763004;0.012627144018078455;1.0518708130318914;0.717897116890455
26.6;1.0442348312495418;0.7499924628476671;0.7180710524569769;2.2320776574168567e-05;-3.2508634326723443e-06;10.005805197675581;0.7508872155993767;0.012605471691343817;1.0446004353293181;0.7501775467504465;0.09004147752639054;0.7135629947679111;-0.08549599519980015;0.7503582139256473;0.012627971252192732;1.051868654736624;0.7178950911527907
27.6;1.0442262050440396;0.749993609675227;0.7180698013331773;2.2714802431994576e-05;-3.21206460994784e-06;10.005938753848902;0.7509037387620203;0.01260558111619892;1.0445947729356735;0.7501788627400703;0.09004407565588224;0.7135743182957681;-0.08549599495910164;0.7503630576697629;0.012628814788391347;1.051866346936423;0.7178931451218094
28.6;1.0442176304487687;0.749994796588963;0.7180685397018985;2.311701867705623e-05;-3.161768740432109e-06;10.006073654202519;0.7509204743250733;0.012605695712401076;1.0445890002080334;0.750180147339426;0.09004668410658785;0.7135856141887861;-0.08549599468765319;0.7503678788978484;0.012629674669560558;1.051863892911149;0.7178912891980267
29.6;1.044209115035994;0.7499960256835624;0.7180672671790238;2.35270036051943e-05;-3.0993134567715566e-06;10.006209766469814;0.7509374067653425;0.01260581569262624;1.0445831186639216;0.7501813979104343;0.09004930032015153;0.713596862880342;-0.08549599438429495;0.7503726693682848;0.012630550907576433;1.0518612962674425;0.7178895341803165
29.999994;1.0442006670201696;0.7499972991093699;0.7180659832689308;2.394430147053996e-05;-3.0239981110405727e-06;10.006346950031979;0.7509545192465681;0.012605941275383805;1.0445771298705013;0.7501826116963901;0.09005192158784435;0.7136080434380254;-0.08549599404778986;0.7503774203000749;0.012631443484899361;1.0518585609736815;0.7178878912786705
29.999994;0.2005718435332221;0.14420756297164466;0.7180646873859196;2.4801055776940157e-05;-2.282420791498173e-06;10.006485054508104;0.7509717935817751;0.012606072686991874;1.0445710354339435;0.14439178582390663;0.09005454502624063;0.7136191334684702;-0.0854959936768366;0.14459012237172936;0.012632352355997896;0.23658769141852098;0.71788637222685
29.999994;0.20056260353399863;0.1442083572079353;0.7180639283340644;2.442928535908063e-05;-6.173550020725069e-06;10.006623919099628;0.7509892101891839;0.012606210162439624;1.044564837128624;0.14439291729533343;0.09005616756471402;0.7136301090628259;-0.08549599327009332;0.14459476570057786;0.012632277443694703;0.2365836924308732;0.7178849893047202
29.999994;0.20055411216385863;0.1442094197148493;0.7180619019013801;2.329364116993275e-05;-1.3881632405107978e-05;10.006763372262267;0.7510067480474364;0.012606353943865705;1.0445585371179973;0.1443940029713978;0.09005778594000287;0.7136409447285101;-0.0854959928262021;0.144599339803065;0.012632218634072503;0.23657956922250079;0.7178837552895379
29.999994;0.20054507383851547;0.14421023758274817;0.7180607122192689;2.1854251316502498e-05;-2.311157594843416e-05;10.006903231273423;0.7510243846554913;0.012606504278794273;1.0445521380513145;0.14439403955913727;0.09005839668190992;0.7136516133190675;-0.08549599234379933;0.14460283356993897;0.012631175775772725;0.23657432732398676;0.7178826834843286
29.999995;0.20053519943757522;0.14421045591401857;0.7180596541203477;1.8538748453698596e-05;-4.168901586849127e-05;10.007043301312537;0.7510420959869416;0.012606661419949535;1.0445456429892053;0.14439402362157355;0.09005699609169143;0.7136620860119534;-0.08549599182149956;0.14460623526061156;0.012628148682691754;0.23656597259127757;0.7178817878453679
29.999995;0.2005242007905153;0.1442098301540609;0.7180585716532318;1.0756807984969025e-05;-8.25089606095444e-05;10.007183373968381;0.7510598564048419;0.012606825625758501;1.0445390552822298;0.1443919516047263;0.09005158022100632;0.7136723323331536;-0.08549599125786009;0.14460753248112213;0.012621137133589049;0.23655351126936766;0.7178810830773833
29.999996;0.2005095307678024;0.14420645151321437;0.7180571025341941;-4.603692175332143e-06;-0.00016106804481192966;10.007323225876789;0.7510776385386652;0.012606997160641308;1.0445323785267697;0.14438781985428162;0.0900381448554014;0.7136823201730744;-0.08549599065136103;0.14460671214072046;0.012606140866536164;0.23653295005495828;0.7178805845933603
29.999999;0.20048774140421446;0.14419783236560643;0.7180552265752855;-3.626455110903047e-05;-0.00032081042310625586;10.007462617963917;0.751095413172611;0.012607176294899368;1.0445256166269183;0.1443786245990954;0.09000868550619485;0.7136920157523439;-0.08549599000041538;0.1446007604146835;0.012575159573220652;0.23649329612390949;0.7178803084243797
30.000004;0.2004518716150727;0.14417913923041328;0.7180538106276136;-9.996476464586512e-05;-0.0006401792152992381;10.007601291634728;0.7511131493320511;0.012607363304108598;1.0445187747174078;0.14435936250523979;0.0899471973593686;0.7137013846592142;-0.08549598930393201;0.1445846627065785;0.012512192917984189;0.23641855668026007;0.7178802705412294
30.000013;0.20038863899536152;0.14414072933658933;0.718052394099591;-0.0002279808657900555;-0.0012801908063031994;10.007738976177926;0.7511308142761461;0.01260755846972426;1.04451186150065;0.14431903269361449;0.08982167485853237;0.713711395109883;-0.08549698856341428;0.14454740386155235;0.01238524055321566;0.2362727380255951;0.7178815989146545
30.000033;0.20026985932358315;0.14406200385372425;0.7180492758461182;-0.0004824155010020959;-0.0025512747486995716;10.007875430640476;0.7511483723434486;0.012607762095255154;1.044504892753905;0.1442396390438443;0.08957011104476952;0.7137210183114412;-0.08549998778595619;0.1444709695292124;0.012131302082792013;0.23598584666395794;0.7178834396059293
30.000072;0.2000404553537199;0.1439028313597451;0.7180416778815212;-0.0009877129944163537;-0.005077823142581362;10.008010474880416;0.7511657825298262;0.012607974542398415;1.0444978978279782;0.1440791910488802;0.08906849757255159;0.7137362195371789;-0.08550998698661667;0.1443133486391967;0.011627377091250082;0.23541889443422134;0.7178923705403414
30.000149;0.19959436453628326;0.1435846446210055;0.718017675066887;-0.00198249893644904;-0.010066438966399771;10.00814396536926;0.7511829957545735;0.012608196202971622;1.0444909236600817;0.1437587034808909;0.08808282495511098;0.7137689475413364;-0.085552986188997;0.14399553482758448;0.010633465269050962;0.23430490454748762;0.7179234259745203
30.000305;0.19873183174092704;0.14295540298027043;0.7179339408835708;-0.003910531961553716;-0.019796365556504547;10.00827576252575;0.7511999544369371;0.012608427337665658;1.0444840247248626;0.14312819363514412;0.08618608216554347;0.7138761345384459;-0.0857199854216155;0.14336752583850176;0.0087105665085251;0.23213891364106493;0.7180440689099012
30.00046;0.19789916380643865;0.142339812421796;0.7178111303794189;-0.00575726618321328;-0.02919586264637653;10.008405722759772;0.7512165969056739;0.012608667943913103;1.04447724982861;0.14251167551681518;0.08439125698720266;0.7140507035638279;-0.08599598471243743;0.14275332235138283;0.006871680952783787;0.2300509696481242;0.7182456216293195
30.00047;0.19784051339522712;0.14230198791989832;0.7178004586294605;-0.005875478562321529;-0.02980203900298261;10.008533702425687;0.7512328637076279;0.012608917812419806;1.044470643380941;0.14247215667189456;0.08427833809162982;0.7140695758701693;-0.0860179840883499;0.14271592688511744;0.006754808829881569;0.22991312718188983;0.7182632372029265
30.00047;0.19783541734389637;0.1423041924799105;0.7177988440386825;-0.005875025733335423;-0.029801644816872308;10.008659557353043;0.7512487017729268;0.012609176643264901;1.0444642502974018;0.14247264081493882;0.08428031713576202;0.7140746787556901;-0.0860179835768551;0.14271834263025096;0.006755950034986682;0.2299094405111576;0.7182655883708685
30.00047;0.19783070527586052;0.14230633880664018;0.7177967054844395;-0.005875638272861743;-0.02980659981985662;10.008783128793636;0.7512640648363145;0.012609444069623475;1.0444581125665424;0.14247312979431215;0.08428218883109874;0.7140789501882105;-0.08601798320360746;0.14272057270049762;0.006756104040818659;0.22990495916748763;0.718268174746541
30.000471;0.19782641120992997;0.1423086897393104;0.7177953606728087;-0.005876192848978988;-0.029811230612844533;10.008904229257842;0.7512789098755811;0.012609719610482326;1.0444522654477164;0.14247262159626128;0.08428294952719746;0.7140823376387145;-0.08601798298910342;0.14272162014031906;0.006756270388268268;0.22990072884139573;0.7182709512052211
30.000471;0.19782161417966307;0.14231023992107097;0.7177931679769676;-0.005877380871030659;-0.029819161880836942;10.009022637405067;0.7512931929783004;0.012610002619328294;1.0444467404657989;0.14247310949177744;0.08428259621436107;0.7140847973640019;-0.08601898294846103;0.14272348862455503;0.0067554490154298225;0.2298957882982864;0.7182739959476009
30.000471;0.19781604054037955;0.14231072503734837;0.7177898529872732;-0.0058811325895515775;-0.02984016889278948;10.009138109889093;0.7513068667063209;0.012610292260144637;1.0444415705978678;0.14247158360451767;0.08428012587486296;0.7140872945088811;-0.08601898309209147;0.14272318351897126;0.006752639839230047;0.22988916056793057;0.7182780287571023
30.000472;0.19781032105698546;0.1423109855483791;0.7177874339683392;-0.005887859200285852;-0.029876225822798187;10.00925041831458;0.751319879419315;0.01261058752882362;1.0444367895478899;0.1424700319707003;0.08427453395805387;0.714088801837865;-0.08602098342552698;0.14272271215848242;0.006746842202106619;0.22987785178091094;0.7182823911025359
30.000473;0.19780071601680463;0.14230763844271146;0.7177824446039851;-0.0059027918141974535;-0.02995428701885009;10.009359393046068;0.7513321796664252;0.012610887347588287;1.0444324269205973;0.14246544154194685;0.084260812413702;0.714090300678952;-0.08602398395064557;0.14271908265807323;0.006733055075794464;0.22985886153471216;0.7182879428046309
30.000476;0.19778564090850737;0.14230002686431892;0.7177773370581813;-0.005932730735675408;-0.030108909855958974;10.009464931741231;0.751343724155126;0.01261119068413019;1.0444285043332182;0.1424547993304516;0.0842329494976968;0.714091783658556;-0.08602898466963192;0.1427093027712184;0.006703277713501965;0.22982319202608487;0.7182948051035443
30.000481;0.19775688271902886;0.14228159247608488;0.7177687608863753;-0.005992651608689386;-0.03041695025382076;10.009566946873855;0.7513544840763163;0.012611496580881738;1.0444250341331482;0.14243509223989265;0.08417493192854329;0.7140962545402656;-0.0860409855879518;0.14269038008593735;0.006644509872641114;0.2297528489223789;0.7183065709236964
30.000491;0.19770211841328697;0.14224328444435672;0.7177556767630855;-0.006113048795878329;-0.03103439043905522;10.009665333326739;0.7513644468325817;0.012611804113582077;1.0444220238793591;0.142394307025986;0.08405974707437838;0.7141067226521297;-0.08606398671416207;0.14265032213417092;0.0065257514399438814;0.22961483773391758;0.7183267264964904
30.000512;0.19759382925676608;0.1421642980844974;0.7177328044034237;-0.006353232276437023;-0.03226574011903159;10.00976005740531;0.751373610628028;0.012612112382851912;1.0444194804340456;0.14231343196592228;0.08382838362544971;0.7141321973911777;-0.08611198805884944;0.14257013470052615;0.006288001712007404;0.22934215933142998;0.7183659220758322
30.000554;0.19737981253344275;0.14200480112784078;0.717688244251928;-0.006829911945176698;-0.034712156473173786;10.009851266257611;0.7513819761247877;0.012612420495912274;1.044417406117569;0.14215145737734275;0.08337083168219091;0.7141896896905356;-0.08621498963324017;0.1424088196024815;0.0058142588940513305;0.22880080894221572;0.7184446743057069
30.000623;0.19702939754778076;0.14174129217539772;0.717614409110981;-0.007607684476718483;-0.038714735062825634;10.009939240234264;0.7513895439660697;0.012612727534749818;1.0444157973272001;0.14188537266234838;0.08262708342335374;0.7142972133261921;-0.08639999144755602;0.14214337497128646;0.0050425203638279304;0.2279157792236341;0.7185841524194315
30.000623;0.19703151888321643;0.14174393657125212;0.7176088798039475;-0.007607360384038628;-0.038713934522564504;10.010024236615564;0.7513963167006334;0.01261303262685186;1.0444146522740498;0.14188516383208982;0.08262713352766175;0.7142897803508023;-0.08639999351115037;0.14214379764412174;0.005043783134056015;0.22791606485132956;0.7185885028107596
30.000623;0.19703345758080404;0.14174609628340315;0.7176034960581943;-0.007607803552443977;-0.03871706628011959;10.010106372454281;0.7514022975299927;0.012613335022125078;1.0444139779954222;0.14188381543499365;0.0826259782462599;0.7142814006144554;-0.08639999583320533;0.14214308482233065;0.005044043828129463;0.22791566678108627;0.7185931498654782
30.000624;0.19703714764649694;0.14174876390684324;0.7175963138661118;-0.007608393792493966;-0.038720607346065194;10.010185566807026;0.7514074865703809;0.012613634043851055;1.0444137906818156;0.14188331423983377;0.08262461439961827;0.7142720880207586;-0.0864009984195793;0.14214323562541875;0.005044298641614183;0.22791559236359568;0.7185982433571682
30.000624;0.19704070717240316;0.14175101723647507;0.717589554703194;-0.007609942334736992;-0.038729035163629286;10.010261541339501;0.751411882030887;0.0126139289987;1.0444141121045554;0.14188165155426172;0.0826230388944752;0.7142628609065612;-0.08640100126761809;0.1421422531877969;0.0050445435970237415;0.2279148547688738;0.7186045645777901
30.000624;0.19704510442965675;0.14175327416253097;0.7175818526173132;-0.007613199399577646;-0.038745959802186626;10.01033384221125;0.7514154876736406;0.012614219115754428;1.044414969996978;0.14187982420926917;0.08261824745325627;0.7142517341528345;-0.08640200436655956;0.14214114437371747;0.005041774405240772;0.2279124720881401;0.7186103924544728
30.000625;0.19704718078631603;0.14175316520738016;0.7175727174510926;-0.007620385153409278;-0.03878324783114238;10.010401828789165;0.7514183190498109;0.01261450356119886;1.0444164034173524;0.14187683355727768;0.08261023348050495;0.7142417160285605;-0.08640400770373087;0.14213891664069497;0.0050349857868027415;0.22790545777938506;0.7186187189873899
30.000626;0.19704788776481055;0.1417515506283328;0.7175630814574888;-0.00763562658151015;-0.03886162138408911;10.010464710629389;0.7514204026072544;0.012614781583354785;1.0444184607072766;0.1418696835370864;0.08259498878726255;0.714230813061072;-0.08640801127024267;0.1421325755082542;0.005022171313157803;0.2278908121070579;0.7186276809007643
30.000629;0.19704245897538716;0.141744763292991;0.7175517408824983;-0.007665201640868526;-0.039013835829571235;10.0105216434557;0.7514217696343954;0.012615052704024582;1.044421189085442;0.1418583806296992;0.08256550511630353;0.7142220331356175;-0.08641601506308666;0.14212212439664662;0.004993324146310294;0.2278605276391634;0.7186404825073617
30.000634;0.1970236197264689;0.14172723239720303;0.7175369695230591;-0.007723893623362109;-0.03931627692559458;10.010571804530352;0.7514224490663866;0.012615316789968745;1.0444246299757534;0.14183693508878095;0.08250677481464576;0.7142163840533349;-0.08643101908238437;0.14210156527071877;0.004935437745721702;0.22779559642738506;0.7186584432529551
30.000645;0.19697997646510912;0.14169027569769138;0.7175162263286611;-0.007841896589999293;-0.03992440019794103;10.010614461955408;0.7514224624459686;0.01261557393145863;1.0444288229952492;0.14179536168898738;0.08239279098736435;0.7142198749410448;-0.08646302332500282;0.14206089916600884;0.004819506010063502;0.22766500615284438;0.7186886777781277
30.000666;0.1968839684791436;0.141613273369577;0.7174852176359896;-0.00807653368105591;-0.04113507635734324;10.010649022584799;0.7514218258322573;0.012615824259851124;1.044433806868299;0.1417126791900296;0.08216754827659987;0.7142435223209568;-0.08653202778021872;0.14197912767105234;0.004587523202629035;0.22740173597563718;0.7187444754397231
30.000709;0.1966845924738953;0.1414575905257573;0.7174335272604799;-0.00853918075791811;-0.043526759264065226;10.010675029152486;0.7514205568461509;0.012616067874988444;1.0444396109608483;0.1415519078845662;0.08172804327528803;0.714308353712902;-0.08668603243069757;0.1418192545592073;0.0041294841232958;0.22687776336007548;0.7188524532952797
30.000794;0.19628557633252341;0.141151756612786;0.7173487793566387;-0.009440643744248047;-0.04820247034557019;10.010692128736887;0.7514186775953873;0.012616304865339809;1.044446245492987;0.14124106660219965;0.08087927346240005;0.7144714078307204;-0.08705703725638597;0.14150928537173377;0.0032363845198139078;0.22585307231950225;0.7190851964735041
30.00088;0.19590093341850387;0.14085773881697655;0.7172733966255639;-0.010310296057200049;-0.052731797300575596;10.010700010046701;0.7514162138937066;0.012616535333089565;1.044453699257428;0.14094117140195345;0.08007123711228445;0.7146537309442734;-0.08751404223759564;0.14121022628629804;0.0023772210760968403;0.2248626510396067;0.7193486358073501
30.000965;0.19552843509516402;0.1405748932507282;0.7172122398912264;-0.01114913416738664;-0.05711863706108257;10.010698357892345;0.7514131974111675;0.012616759382953277;1.044461944878617;0.14065223647334135;0.07930093525483095;0.7148553647993098;-0.08805604735533887;0.14092208457744446;0.0015489907182751504;0.22390748268317867;0.7196427976799242
30.001051;0.19516836831700793;0.14030388385088316;0.7171676877489844;-0.011957499201601109;-0.0613630232247169;10.010686880672495;0.7514096654475216;0.012616977088636492;1.044470946476558;0.1403762754857819;0.07856837207872225;0.7150783366321769;-0.08868005259000188;0.14064686928080816;0.0007526900421060056;0.2229855401524454;0.7199694742895373
30.001136;0.1948216659368491;0.14004589625177188;0.7171424350735673;-0.012736422003922807;-0.06546832651519348;10.010665334275215;0.7514056537065817;0.01261718853224558;1.0444806669345292;0.14011230146732861;0.07787255288118922;0.7153206628609309;-0.08938605792032586;0.14038359051871094;-1.3684639821726579e-05;0.22209879090893286;0.7203268763188865
30.001222;0.1944873474441578;0.13980028159501176;0.7171368114383186;-0.013486731234032573;-0.06943755484305598;10.010633491472067;0.7514011916731617;0.012617393894421524;1.0444910769817852;0.13986032609894528;0.07721448317689412;0.7155823574497757;-0.09017406332265357;0.14013225884820857;-0.0007501369306283078;0.22124420628102268;0.7207152284502986
30.001307;0.19416443537955883;0.13956707552430447;0.7171546834950262;-0.014208803198210539;-0.07327153888863389;10.010591138785076;0.7513963053422072;0.012617593420763296;1.0445021599921565;0.13962135951214935;0.0765911690715195;0.7158654366986403;-0.09104106877125441;0.13989388525035226;-0.0014566698855641533;0.2204217622254894;0.7211363965319058
30.001362;0.193969472225157;0.13942586703866294;0.7171754600706706;-0.014658470803067298;-0.07566515266612148;10.0105381527528;0.7513910193527772;0.012617787294459016;1.0445139018734142;0.13947441005561179;0.07620761663418672;0.7160489236145251;-0.09163907424107622;0.1397474803213237;-0.0018962856499382987;0.21991343069664487;0.7214263658563775
30.001362;0.193987039856508;0.13943009388636443;0.7171618241816298;-0.014658707719375733;-0.07566381944283614;10.010474598669814;0.7513853550848536;0.012617975568007641;1.0445262744453252;0.13947248454245312;0.07620283156634938;0.7160258514918797;-0.09163907971042216;0.13974605334512458;-0.0018959853748935157;0.21991917282320997;0.7214365755631352
30.001362;0.19400524735488545;0.1394343632028741;0.7171479612912374;-0.014659602883448686;-0.07566563292316267;10.010400775274483;0.7513793317145292;0.012618158088882912;1.044539230456586;0.1394705888765328;0.0761978202821395;0.7160032629837134;-0.09164008516037998;0.13974461342248082;-0.0018967692658226367;0.2199239377741599;0.721448237717127
30.001362;0.19402313460594114;0.13943807218817666;0.7171343842340647;-0.01466043936009113;-0.07566726234523637;10.010317181043686;0.7513729732717598;0.012618334438318947;1.044552714437197;0.1394677278002683;0.07619159049969565;0.7159792043692661;-0.09164109057226175;0.1397421717146792;-0.0018966367528051502;0.2199286662828619;0.721459252299006
30.001363;0.19404228782291155;0.1394419855227648;0.7171192280288279;-0.014662946995644516;-0.07567698513146848;10.010224421044159;0.7513663121289154;0.01261850405315495;1.0445666792805128;0.13946590490547253;0.0761851506428129;0.7159557197473512;-0.09164309592686917;0.13974074240485687;-0.001898586904003141;0.2199333000968482;0.72147172660661
30.001363;0.19406043502102982;0.13944516208514476;0.7171060976185509;-0.014665801697768882;-0.07568885718363524;10.010123107634278;0.751359383837226;0.012618666400594274;1.0445810941043996;0.13946312353420692;0.07617651025628826;0.7159318532426348;-0.09164710120627603;0.1397383422550199;-0.0019006188194055351;0.21993479214762726;0.7214847794840804
30.001364;0.19407915980896467;0.1394482859261567;0.7170927384141988;-0.014671774630257471;-0.0757165282757582;10.010013765884592;0.7513522222614264;0.01261882102306307;1.0445959404993546;0.1394593868870076;0.07616668190580253;0.7159096593205194;-0.09165510639569437;0.13973498888598374;-0.001906731694696382;0.21993411063583804;0.7215006189611595
30.001365;0.19409528835546314;0.1394490834886462;0.717079278217622;-0.014683910520876826;-0.07577691901511922;10.00989678092535;0.7513448597909816;0.012618967501832659;1.0446112083418155;0.1394546973072261;0.07615068143516555;0.7158892095065107;-0.0916711114834665;0.139730697587939;-0.0019179244563164303;0.21992623654291193;0.7215197111173703
30.001368;0.19410595406102163;0.13944585020466627;0.7170676637931452;-0.014706744463621552;-0.0758945166205094;10.00977253108137;0.75133732766953;0.012619105403004049;1.044626895848737;0.1394450556007511;0.07612552554318743;0.7158745884520381;-0.09170311645811935;0.13972147939870846;-0.0019401950703617765;0.2199051552352367;0.7215469929388716
30.001373;0.19410672268556556;0.1394353598014987;0.7170577681787089;-0.014753262397318462;-0.07613797581356864;10.009641557349486;0.751329654334514;0.012619234241825653;1.0446430073456252;0.139429461115868;0.07608122924750248;0.7158708862157634;-0.09176612130519157;0.13970634196242374;-0.001984540135259571;0.2198578468804126;0.7215892861594315
30.001385;0.19408707883390602;0.13941075581084342;0.717053160149073;-0.014843947003163552;-0.07661705757528162;10.009504452064027;0.7513218640642267;0.012619353464618798;1.0446595441984232;0.13939891309444488;0.07599980474968791;0.7158881942240123;-0.09189412600811389;0.13967629011246754;-0.0020729552150560507;0.2197592824287772;0.7216607974092034
30.001407;0.19402544438807537;0.13935750021226948;0.71705865650177;-0.015023101117128058;-0.07756904235752017;10.009361679416683;0.7513139774067441;0.01261946243636881;1.044676496672025;0.13934041158902294;0.07584526194398662;0.7159516044173981;-0.09215413055173195;0.13961832525221932;-0.002248435524656366;0.21955842902943448;0.7217948514403545
30.001452;0.1938821746519143;0.13925000697913936;0.7170889434088329;-0.01537629246441279;-0.07945280203083728;10.009213650019955;0.7513060118786116;0.01261956046396179;1.044693847371245;0.1392279565663058;0.0755486105523463;0.7161072075194218;-0.09269013492495588;0.13950644529382641;-0.00259297650465027;0.21916026175102496;0.7220556162656935
30.001542;0.19358116298731945;0.13904231028640618;0.7171887246790574;-0.016059979654368825;-0.08311408187714951;10.009060839800668;0.7512979799751808;0.0126196468487593;1.0447115784621348;0.1390145470968983;0.0749908621294411;0.7164620876420719;-0.09382513912142687;0.13929364509848044;-0.003257574123519456;0.21838376714836652;0.7225915789130759
30.001632;0.19329244461565787;0.13884955294344076;0.7173227206013602;-0.01671578439713223;-0.08663775967651692;10.008903745710123;0.7512898866500749;0.012619720916932847;1.044729670083401;0.13881718265640017;0.07447003015678687;0.7168403169622779;-0.09504314313722952;0.13909691735176408;-0.0038932249017965426;0.2176419353931254;0.7231627764935131
30.001722;0.1930140595168592;0.13867075341444024;0.7174931360092375;-0.01734384069766687;-0.09002410283964744;10.008742787506055;0.7512817308407366;0.012619782010760826;1.0447480935073559;0.13863386505887793;0.07398612877877021;0.7172419546623168;-0.09634514696722492;0.13891425358923154;-0.00449992599701147;0.2169337555778689;0.723769690387235
30.001812;0.19274785401577058;0.1385078007447477;0.7177028735592602;-0.017945597799503818;-0.09327854517638672;10.008578252077971;0.7512735104460101;0.012619829486989555;1.0447668087222415;0.13846659888221588;0.0735381719866138;0.7176670483601434;-0.09772815060366347;0.13874764434803552;-0.005079675273385302;0.21625821892683436;0.7244122898273616
30.001902;0.1924921607806563;0.13835965711957662;0.7179527132027796;-0.018520612250491227;-0.09639839013361551;10.00841029842348;0.7512652276584865;0.012619862756997917;1.0447857700893495;0.13831439027350564;0.07312517348709292;0.7181166378166204;-0.0991911540365416;0.13859607921771241;-0.005630470794800919;0.21561532216387888;0.7250918058878962
30.001992;0.19224755362224336;0.13822730384177867;0.718245539585989;-0.019070846033259495;-0.0993924362749806;10.008239000953937;0.7512568897743481;0.012619881357361345;1.0448049349391884;0.1381772445573619;0.07274714604615008;0.7185897588455746;-0.10073315725411111;0.1384595475640953;-0.006155310104836806;0.21500407189643767;0.7258075003981562
30.002082;0.19201235660761548;0.13810989636740592;0.718583132750234;-0.019595751563680548;-0.10225764606956353;10.008064415897625;0.7512485015691728;0.012619885027960805;1.0448242671944528;0.1380561637336582;0.07240310076853124;0.7190864416014071;-0.10235316024393143;0.13833903859075952;-0.006654190076960711;0.21442349366225344;0.7265596397006152
30.002172;0.1917880915267699;0.13800858141744007;0.7189656409615474;-0.020097334733377093;-0.10500267563132286;10.007886667189316;0.7512400570071445;0.012619873737558851;1.0448437331335945;0.13795114489554472;0.07209304744683981;0.7196077064701454;-0.10404916299388169;0.13823453972572905;-0.007128107141985546;0.21387463472418733;0.7273493487275423
30.002262;0.19157212518698305;0.13792211470536714;0.7193962971291222;-0.020574816511641097;-0.10762395330533503;10.007705990026517;0.7512315428298326;0.01261984761190636;1.0448632948529577;0.13786118038910822;0.07181699589334212;0.7201525651333174;-0.10582116549263806;0.13814503590775828;-0.0075770574336057675;0.21335655377656834;0.7281760655026102
30.002351;0.19136596979399603;0.1378514539436309;0.7198742369068127;-0.021030240916265652;-0.11013045168828281;10.007522729288674;0.7512229504452487;0.012619806841725813;1.0448829122632273;0.1377872598597175;0.07157195759844658;0.7207210259848377;-0.10766816772969116;0.13807151309618937;-0.008001036871779608;0.2128683091604851;0.7290400936689723
30.002441;0.1911688949338615;0.13779660752224784;0.7204020602481114;-0.02146325717751833;-0.11251991675209613;10.007337353418006;0.7512142807719209;0.012619751642718552;1.0449025527397025;0.13772937210498393;0.0713599464761552;0.7213140974911375;-0.10958716969552366;0.13801396337025054;-0.00840304125650702;0.21240995625423303;0.729942442145803
30.002531;0.19097987609717382;0.13775714231076094;0.7209811964493222;-0.021874387326937167;-0.1147949128532049;10.007150447874306;0.7512055387951322;0.012619682236176447;1.0449221964069213;0.13768750578151104;0.07117997794521395;0.7219307852515986;-0.11157917138244364;0.13797238611203683;-0.008781066428458805;0.21198055109118805;0.7308827482563229
30.002621;0.19079950313272215;0.13773353880385128;0.7216118027137681;-0.022265270275748525;-0.1169629737313692;10.006962659008419;0.7511967275303616;0.012619598823550298;1.0449418351261763;0.13766165009864037;0.07103106730851559;0.7225720866310353;-0.1136421727842848;0.1379467849563287;-0.009136108482676722;0.2115791511555323;0.7318621903158617
30.002711;0.19062709178849693;0.1377256388019168;0.7222955376407016;-0.02263557240686675;-0.1190221018661475;10.006774667350706;0.7511878470855926;0.012619501554189207;1.0449614671935155;0.13765079589988652;0.0709132293295187;0.723237991939001;-0.11577417389482936;0.1379361640357741;-0.00947016394588172;0.2112068082132015;0.7328809525931531
30.002801;0.19046165488070887;0.13773277887844057;0.7230325512291679;-0.02298565272802496;-0.12097418532179068;10.006587195556964;0.7511788963883054;0.012619390512097085;1.0449810875344538;0.1376559357049678;0.07082547942953903;0.7239274891420443;-0.11797617470792376;0.1379415265089876;-0.009783230201832232;0.2108625577200316;0.7339387080838153
30.002891;0.19030505524903685;0.13775661418115245;0.7238243022063245;-0.02331675751724569;-0.122824007623053;10.006400969649716;0.7511698725229792;0.01261926575046456;1.0450006845001802;0.1376770616513244;0.07076783407349523;0.7246415597346442;-0.12024417521958615;0.13796287561429282;-0.010074306171023374;0.2105454186116676;0.7350363089825257
30.002981;0.19015440725620694;0.13779518493571047;0.7246713242397501;-0.023628548168958156;-0.12457109323470997;10.00621663702971;0.7511607687092063;0.012619127347238156;1.0450202507338702;0.13771316430636316;0.0707403087251409;0.7253791714461766;-0.12258017542960511;0.13799921518151292;-0.010346392328536009;0.21025440464595435;0.7361735949194975
30.003071;0.19001034729507943;0.13784891454555875;0.7255733665743601;-0.02392244358244474;-0.12622203716550684;10.006034719864815;0.7511515777405028;0.012618975472448533;1.0450397940931861;0.13776623491510992;0.07074191549450604;0.726141281659113;-0.12498117534185237;0.13805254848998394;-0.01059748988116519;0.20999052977212992;0.7373515624311733
30.003161;0.18987320197230592;0.13791837633752987;0.7265322350701475;-0.024198575880315334;-0.12777688675081514;10.005855629711489;0.7511422981115543;0.012618810437006633;1.0450593333430012;0.13783326783493907;0.07077266295604903;0.726927847862901;-0.1274461749639524;0.1381198773323837;-0.010829600164412992;0.20975280088847895;0.7385705397146326
30.003251;0.18974299641791487;0.13800374289983056;0.72754880114623;-0.02445754073536971;-0.12923836163776836;10.005679677968766;0.7511329351544221;0.012618632653561742;1.0450788875736206;0.13791725948407002;0.07083255813054139;0.7277378358298852;-0.12997417430620398;0.13820420118637264;-0.011043724343690723;0.20954021015305507;0.7398298667972314
30.003341;0.18961848920231392;0.13810310839717513;0.7286177975182606;-0.0246999832841552;-0.13061034510253774;10.00550706338289;0.7511234989250932;0.012618442573214326;1.04509847682005;0.1380152060630806;0.07091860835721782;0.7285682207840465;-0.1325651733795058;0.1383025162125368;-0.011238862891803616;0.20935274069149215;0.741127089813496
30.003431;0.1895006414085978;0.1382149094856602;0.7297272237593057;-0.024925628723059475;-0.13189037597995162;10.005337902714668;0.7511140027717451;0.012618240672029107;1.0451181305112873;0.1381251036106533;0.07102882067832976;0.7294059812988578;-0.13521717219277504;0.13841281551112325;-0.011417015393075864;0.20918738455362718;0.7424495667458667
30.003521;0.18939009640112642;0.13833884387079448;0.7308728986465027;-0.025135530005128682;-0.13308323494103583;10.0051723018003;0.7511044627812256;0.012618027412145918;1.045137890881974;0.13824794848140615;0.0711622002263189;0.7302450919808763;-0.13792917075153024;0.1385360905067687;-0.011577181001318123;0.2090461513423857;0.7437917266195195
30.003611;0.18928527258314126;0.13847395239692184;0.7320557658461936;-0.025328968210367193;-0.13418592097899595;10.005010400387917;0.7510948959577244;0.01261780315847345;1.0451578071853553;0.1383817367135632;0.07131675063030843;0.7310865211387642;-0.14070116905896488;0.13867033146970745;-0.011722358988198909;0.20892505569796563;0.7451550653901051
30.0037;0.18918556583928736;0.13861933979612368;0.7332733818017966;-0.02550734465976794;-0.13520603619758137;10.004852398350176;0.7510853182614239;0.012617568155849317;1.0451779247166622;0.13852646441280023;0.07149247490937229;0.7319282349179014;-0.14353116711766206;0.13881552685073542;-0.011850548855039576;0.20882610612481384;0.7465377531847073
30.00388;0.1889920393305959;0.13894455603773087;0.7358118177458384;-0.025818483433471158;-0.13699960520112617;10.00469859548554;0.7510757482976891;0.012617322606042897;1.0451982769867876;0.13885012890033982;0.07191237457082786;0.7336242021451278;-0.1493601649298198;0.13913966401580488;-0.012057749786729001;0.20868931181930836;0.7493587119943353
30.004042;0.18883965114283296;0.13927472177964612;0.7382193895738993;-0.02604888493467451;-0.13833744163994763;10.004549394639925;0.751066215607401;0.012617066747689169;1.0452188853323041;0.1391807289644012;0.07236144931491166;0.7351503930132165;-0.1547951624971375;0.13947073289954387;-0.012192959973150617;0.2086366867376179;0.7519699396881123
30.004204;0.188707178375815;0.1396411688735825;0.7407443624609683;-0.026234432152436777;-0.13942398204520096;10.004405238551408;0.7510567647652826;0.012616800835359581;1.0452397617151474;0.13954626389430155;0.07287569876222022;0.736675773543;-0.16040415982149583;0.13983672877212464;-0.01228017656227201;0.20864823833956864;0.7546497727324116
30.004366;0.1885927525231657;0.14004323158903875;0.7433899834400669;-0.02637643873729456;-0.14026668067224285;10.004266530659521;0.7510474490477094;0.012616525041245876;1.0452609095164171;0.13994773257266543;0.07345612365369494;0.7382023031139232;-0.1661801569056545;0.14023864972037423;-0.012319396116730507;0.20872196030663015;0.7574017350679729
30.004528;0.18849545611120774;0.14048001079816844;0.7461545271267231;-0.026476238416231757;-0.14087258776962258;10.004133583896454;0.7510383183611105;0.012616239421990026;1.0452823255109973;0.140385134268405;0.07410072519417002;0.7397279388800512;-0.17212015375318826;0.1406764922571226;-0.01231461523188191;0.20885783720035137;0.760226209067464
30.00469;0.18841533486111312;0.14095192789004668;0.7490395038330311;-0.026535675744325467;-0.14125092530600356;10.00400663699168;0.7510294119142391;0.012615944025316636;1.0453040052291853;0.1408564706030498;0.07480850320498938;0.7412546433382957;-0.178217150367798;0.1411482512587916;-0.012265831348697149;0.2090518486866334;0.7631265088466646
30.004852;0.1883514971147379;0.14145827304697564;0.7520441249034236;-0.02655595362673902;-0.14140835787393352;10.003885940984729;0.7510207586818989;0.012615639015433623;1.0453259463981035;0.1413627473423468;0.07557945461619675;0.7427813888817235;-0.18446614675363826;0.14165492353920675;-0.012175043255471573;0.20930296634709555;0.7661033492439916
30.005014;0.18830304331320147;0.14199875583907606;0.7551698122713992;-0.02653829759851712;-0.14135180405354436;10.003771815255167;0.7510123811560833;0.012615324704186338;1.0453481488860688;0.1419039749505769;0.07641257378014926;0.7443071587761778;-0.19086314291639625;0.14219651006414785;-0.012043250522576003;0.2096101449562808;0.769157592422168
30.005175;0.18826873651822665;0.14257211566070221;0.7584141102472546;-0.0264845763927652;-0.1410919727774304;10.003664630030714;0.7510042965184973;0.012615001544565487;1.0453706124960431;0.1424771674277085;0.07730685340003346;0.7458339443817242;-0.19740113886170232;0.14277001433336875;-0.011870452459813448;0.20997131622614945;0.7722921483312373
30.005337;0.18824892889850534;0.14317881855885672;0.7617773138409238;-0.026395372955159365;-0.14063162540420124;10.003564790626681;0.7509965129964288;0.012614670145486563;1.0453933325323164;0.1430843401638891;0.07826228496551914;0.7473607376671643;-0.2040771345914208;0.14337743843336545;-0.011660647742800087;0.21038339377560333;0.7755078747857254
30.005499;0.18824333582044855;0.14381853052836555;0.7652579930148478;-0.026273010210005013;-0.1399833867430965;10.003472745998309;0.7509890248608836;0.012614331237725134;1.0454162900209132;0.1437245075750763;0.07927686006962616;0.748886526577326;-0.2108851301030993;0.14401777955336387;-0.011412834604126062;0.21084628755551316;0.7788047428245284
30.005661;0.18824884812959924;0.14448869799905603;0.7688544851172514;-0.026118120799725603;-0.13915306751609816;10.00338900314047;0.750981810786461;0.012613985546378461;1.045439438526798;0.1443956810278795;0.0803515722744164;0.7504132974322119;-0.21782012539434079;0.1446890291085903;-0.011128011049902279;0.21135791633859938;0.7821857111529612
30.005823;0.18826807796888306;0.14519143191735165;0.772566671981436;-0.02593154413027439;-0.1381433939359044;10.003314100544543;0.7509748371101278;0.012613633671215605;1.045462704211986;0.14509886751427625;0.08148441752737434;0.7519400361525623;-0.22487712046821914;0.14539217503447505;-0.010809175036731256;0.21191521287853596;0.785650687606308
30.005985;0.18829855334146767;0.14592452838958714;0.776392285491953;-0.02571511723031714;-0.13696626382463586;10.003248507855245;0.7509680633258237;0.012613276070472901;1.0454860011980225;0.14583306943904686;0.08267539320759001;0.7534657246135299;-0.23205311533521156;0.14612620501145593;-0.010455324718573071;0.2125181274035215;0.7892000121283242
30.006147;0.1883397380504082;0.14668730789519563;0.7803293069475686;-0.02546870330086455;-0.13562165364471318;10.003192582925955;0.7509614458146285;0.012612913114093039;1.0455092398969739;0.14659628689038498;0.08392449700800056;0.7549923380243087;-0.23934111001086544;0.14688910810129;-0.010068458921442794;0.2131646333429298;0.792835575256036
30.006309;0.18839104513532456;0.14747898421110534;0.7843753652944934;-0.025195078532835945;-0.13412514291609856;10.003146636783043;0.7509549402288357;0.012612545176701323;1.0455323227145978;0.1473895215275171;0.0852297264613669;0.7565178475824136;-0.24673910451303138;0.14768187517308828;-0.009649577502411478;0.21385272978553402;0.7965567485298329
30.00647;0.18845321529723366;0.1483001466019383;0.7885298313728133;-0.02489371342786257;-0.13247377656267403;10.003110966584039;0.7509485032958896;0.012612172783404445;1.045555145161023;0.14821177764882434;0.0865920796765334;0.7580442261548846;-0.2542410988612695;0.14850349898521426;-0.009199681055716063;0.21458143659069734;0.8003653521508175
30.006632;0.18852470346307523;0.1491490881825747;0.7927893514087135;-0.02456687537364534;-0.13068116465519997;10.00308588270877;0.7509420909408798;0.012611796691025;1.045577605297965;0.1490620600102417;0.08800955667772073;0.7595704537511733;-0.2618430930773651;0.14935297326220426;-0.008719770355888447;0.215348788445222;0.804260780338695
30.006794;0.18860495967960855;0.15002531588022205;0.7971528544407571;-0.024214315895322077;-0.1287467980327577;10.003071805906854;0.7509356544644629;0.012611417794583244;1.0455996070479325;0.1499403717112006;0.08948215987563624;0.7610955227027844;-0.26954008718649575;0.15023029154457623;-0.008209846167266888;0.21615283203629884;0.8082419507824925
30.006956;0.18869369672300934;0.15092825598201629;0.8016177218144214;-0.023837575133518096;-0.12667951899498828;10.003069265503374;0.7509291414816327;0.012611036952723599;1.0456210615597648;0.15084471289151613;0.09100989351634851;0.7626214392182505;-0.2773290812168157;0.15113344732491443;-0.007671909202205672;0.2169936236025829;0.812311111417384
30.007118;0.18879062488163964;0.15185704673746744;0.8061798465965109;-0.023438510437758613;-0.124489867127138;10.00307871161279;0.750922502287778;0.012610654868620843;1.0456418971927575;0.15177508037808674;0.09259176330250728;0.7641472175488926;-0.28520507519488364;0.1520624344205315;-0.0071069598784114325;0.21786922424640748;0.8164668559811533
30.00728;0.18889554280063078;0.15281164672613232;0.8108391212156592;-0.023016312575827393;-0.1221741471896643;10.003100349369943;0.750915697502719;0.01261027206747003;1.0456620662720846;0.1527304689478113;0.09422677630124708;0.7656718726384886;-0.29316406914152854;0.15301624697170713;-0.006514998182876211;0.21877769315131534;0.820707964295368
30.007323;0.18892788426251905;0.15307022864310935;0.8121073635397884;-0.022900054965492633;-0.12153335944022729;10.003134137597627;0.750908703775395;0.012609888972587554;1.0456815397143124;0.15298987310748458;0.09467193997842624;0.7660714180784718;-0.29531106307272104;0.15327388054442065;-0.006352023999877038;0.21902608686996514;0.8218519328733518
30.007323;0.18893254775789184;0.15306878023172268;0.8121116487137899;-0.02290097634971877;-0.12153340083062185;10.003179852623118;0.7509015096315399;0.012609506049037603;1.0457003000656409;0.1529882889243268;0.09467026083624229;0.7660578696132745;-0.29531105700107024;0.15327033370807944;-0.0063530376208623274;0.21902546949154808;0.8218401129151205
30.007323;0.1889369855905581;0.15306764231383574;0.8121175804519419;-0.022901742291484804;-0.1215327466881159;10.00323711992058;0.7508940986259097;0.012609123887336272;1.0457183431963437;0.15298671620228077;0.09466974449963281;0.7660442512617465;-0.2953140509353401;0.1532666071536672;-0.006354040011171581;0.21902492079888147;0.8218285830495176
30.007323;0.1889412233997536;0.1530664436128988;0.8121232619241163;-0.02290248410030533;-0.12153208555903273;10.003305432842152;0.7508864338439525;0.012608743182515496;1.045735686883863;0.15298615965642304;0.09466939695350206;0.7660315975278493;-0.2953180448826302;0.15326370049311855;-0.006355032754255696;0.2190255311136791;0.8218175403884632
30.007324;0.1889452769112406;0.15306558410328527;0.8121309009977186;-0.022903250287703854;-0.12153166395437857;10.003384184550319;0.7508784563220768;0.01260836473491786;1.0457523732396792;0.15298562873650243;0.0946692248185465;0.7660189487940638;-0.2953260388526887;0.15326061072740932;-0.006355017763681249;0.21902638985467113;0.8218071181522902
30.007324;0.18894948779437812;0.15306579462955566;0.812142976096554;-0.022903192180027555;-0.1215267364630069;10.00347270345036;0.7508700939334237;0.012607989515529454;1.0457684540856096;0.15298613609811348;0.094671234137745;0.7660083460780888;-0.2953410328588603;0.15325833351312274;-0.006354997158296786;0.21902757659796557;0.8218002552954903
30.007325;0.1889534873797593;0.15306772543554284;0.8121645133534178;-0.022902641957743254;-0.12151928308751331;10.00357027389975;0.7508612690319827;0.012607618702526807;1.0457839707869407;0.1529876945737785;0.09467742952019513;0.7660008285486424;-0.2953720269163561;0.15325686460229365;-0.006353973502019414;0.21903215719845417;0.8218011243404708
30.007326;0.18895792543180576;0.1530733446576487;0.8122030535733175;-0.022900122558521502;-0.1215009995948041;10.003676151380894;0.7508519022769079;0.012607253597716115;1.0457989496965248;0.15299431469950497;0.09468981448740078;0.7659994315759275;-0.2954330210427376;0.1532602014351409;-0.0063499500712237405;0.21904018770086656;0.8218175802885845
30.007328;0.18896215362247593;0.1530857581363209;0.8122777114802733;-0.022894055900670403;-0.12146387572951996;10.00378961809159;0.7508419181882314;0.012606895431480535;1.0458134107458534;0.1530080027123524;0.0947143914426154;0.7660101873293685;-0.2955560152600888;0.15327034569894665;-0.006341931080392013;0.21905572125886694;0.821866777951563
30.007333;0.18896807919080258;0.15311330768072332;0.8124243240068278;-0.022881105937498095;-0.1213888983372015;10.003910054554463;0.7508312480864201;0.012606545209721664;1.0458273712424007;0.15303675820628243;0.09476616075800956;0.7660441284903847;-0.2958010095937331;0.15329530378880343;-0.006323921662178206;0.21908680869837735;0.8219806525395446
30.007343;0.18897676271121003;0.15317062235333598;0.812715750718693;-0.022854776171398878;-0.12124080203453592;10.004036920832775;0.7508198269519053;0.012606203701259361;1.0458408414370743;0.15309457424507392;0.09486812009547828;0.7661242904410916;-0.2962910040674431;0.15334908343595738;-0.006286927120401442;0.21914649163167427;0.8222251274395673
30.007363;0.18899134828652311;0.15328775950542475;0.813297830126459;-0.022801013767366873;-0.12094283751862776;10.00416967494958;0.7508075915591352;0.012605871503376543;1.045853822238036;0.15321344119568797;0.09507426444653412;0.7662997100504164;-0.29727199869955284;0.15346369008730432;-0.006212951733290806;0.2192647966036386;0.8227351529515338
30.007402;0.1890191655150307;0.15352558178699127;0.814461924969568;-0.02269261046155997;-0.12034574152803171;10.004307742347638;0.7507944821015035;0.012605549115028869;1.0458663069352394;0.1534533519490189;0.09548958707959322;0.7666634215769883;-0.299238993501756;0.153699126155619;-0.00606199785847908;0.2194997399567583;0.8237784554188592
30.007449;0.18905136388359803;0.15380704702615774;0.8158364417862887;-0.022563747248251716;-0.11963696788140636;10.004450530106373;0.7507804466073834;0.012605236951574027;1.0458782777574154;0.15373730462624163;0.0959810811615377;0.7670934538258934;-0.3015549884807975;0.15397839255706305;-0.005882066002045253;0.21977833883304868;0.8250137356310207
30.007449;0.18905126387807544;0.15380420527690822;0.8158379854518921;-0.022564440632336674;-0.11963683013525132;10.004597454247797;0.7507654486813649;0.012604935289763327;1.0458896999622558;0.1537363003675683;0.09598174096038443;0.7670818346676033;-0.30155498364224714;0.15397249122862658;-0.005883155951600589;0.21978361416311282;0.8249930026343303
30.007449;0.18905082945497553;0.15380216812972472;0.8158429284922952;-0.022564204782955174;-0.11963156780688537;10.00474795562093;0.7507494722266645;0.01260464426649624;1.0459005233731513;0.1537353400820072;0.09598356245542257;0.7670715971135051;-0.3015589789924591;0.153966427761871;-0.00588426777683335;0.21978958266446594;0.824974285403408
30.007449;0.1890493448886513;0.15379950571614504;0.8158467197675084;-0.022564925571472935;-0.11963164124838195;10.004901506110402;0.7507325184534519;0.01260436398068346;1.0459106897912933;0.15373542511770194;0.0959855436925922;0.7670607746135765;-0.3015629745377468;0.15396121284196976;-0.005885401454768548;0.21979724942501264;0.8249543086365763
30.007449;0.1890471315520016;0.153797012205283;0.8158521212984686;-0.02256532918215093;-0.11963006679736624;10.00505766294195;0.7507145999741996;0.012604094536189391;1.045920143504194;0.1537355596975532;0.09598768382911005;0.7670523928894253;-0.30157097028487484;0.15395586067202915;-0.005885555821372264;0.21980560829245416;0.8249373642942849
30.007449;0.1890445101548403;0.1537958072388404;0.8158636277140581;-0.022565023773223628;-0.11962455068820924;10.005216115683767;0.7506957384292428;0.012603835947322353;1.0459288410625742;0.15373575163393352;0.09599298101071727;0.76704547447667;-0.3015859662426064;0.15395038527769295;-0.00588572835772642;0.21981464385094754;0.8249236483450535
30.00745;0.1890405214477171;0.1537956313601339;0.8158839706081212;-0.022563239995031417;-0.11961161121098644;10.005376663498595;0.7506759649914679;0.01260358810075147;1.045936750353295;0.15373901181672667;0.09600043164388025;0.7670420481645642;-0.30161696241970587;0.15394779873703274;-0.005883915833370455;0.2198273344673372;0.8249183486605504
30.007451;0.18903702214082402;0.15379983119634968;0.8159228250711628;-0.022560467372915366;-0.11959266429806294;10.005539184494214;0.7506553182079908;0.012603350892624807;1.045943839733562;0.15374635323639352;0.09601503134155366;0.7670441477720269;-0.30167895882083495;0.15394911178966228;-0.00588011475592127;0.21984365972879114;0.8249288562362249
30.007454;0.18903374333301898;0.15381167472436816;0.8159986303091615;-0.022554280846138055;-0.11955498797930232;10.005703595596405;0.7506338389937208;0.012603124361578797;1.045950069213644;0.15376079019956262;0.09604377502736347;0.7670598044491478;-0.3018029554467728;0.1539573335158469;-0.005872321117032623;0.2198686080696689;0.8249740016343092
30.007459;0.1890307577210479;0.1538382669161223;0.8161486840990185;-0.022541060633924134;-0.11947929324049686;10.005869756925986;0.7506115658663295;0.012602908637262055;1.045955389085297;0.1537913381250911;0.09609865577897385;0.7670990424184281;-0.3020509522989674;0.1539814701917486;-0.00585353004808471;0.21990918276843163;0.8250858340040715
30.007469;0.1890301201346059;0.15389506736021552;0.816446046941536;-0.022513823497180455;-0.11932716845372816;10.00603739387899;0.7505885314781513;0.01260270376841726;1.0459597414814308;0.15385201301627943;0.09620566410200108;0.7671868789596513;-0.3025459493817122;0.1540355259921635;-0.005815736148145643;0.21997840126878038;0.8253327950925662
30.007489;0.18903538756587998;0.15401292067784475;0.8170389587321313;-0.022458166804644113;-0.1190198570087855;10.006206124875419;0.7505647638781634;0.012602509601562171;1.0459630632201666;0.15397383063770684;0.09641878865503797;0.7673683258762934;-0.3035359467006435;0.15415050472856343;-0.005739934184048408;0.2201082841231811;0.825848199085036
30.007528;0.18905361521904823;0.1542530518187265;0.8182216861930776;-0.02234776322704598;-0.11841313209532274;10.006375513046143;0.7505402938780928;0.012602325794244763;1.0459652948420888;0.1542178061762246;0.09684401834000776;0.7677403901964585;-0.30551394426170625;0.15438740976051887;-0.005586119419158182;0.22035584458540944;0.8269055414723625
30.007608;0.18909665306186768;0.15473700766021906;0.8205873729750297;-0.022126160764393152;-0.11720008731722979;10.006545015727426;0.7505151606257954;0.01260215191961948;1.0459663897931417;0.1547069542158723;0.09769434408610664;0.768490074359149;-0.30945694207057145;0.15486924226297627;-0.005277287492043742;0.22083708704296187;0.8290477447895077
30.007711;0.18915241057897922;0.15536867650617192;0.8236766313293327;-0.02183835324627791;-0.1156279780810419;10.006713930921295;0.7504894071715664;0.012601987570729084;1.0459663125454233;0.1553452883919676;0.09880575895737032;0.7694703784589995;-0.31457294013110415;0.15550000071140269;-0.00487543421619747;0.2214600117072385;0.8318595783735135
30.007711;0.18914063749780258;0.1553645511144583;0.8236814396718298;-0.021838817854705487;-0.1156276453322581;10.006881513719334;0.7504630725992336;0.012601832410971233;1.0459650325280911;0.15534581961338745;0.09880825744974908;0.7694663047735221;-0.314572938444138;0.1554926829715577;-0.004876555456876931;0.2214746186773093;0.831837104280728
30.007711;0.18912786498701684;0.15536102291542375;0.82368977614757;-0.021839236431490234;-0.11562718992996734;10.007047159994032;0.7504361927337683;0.012601686163714742;1.0459625251813016;0.1553465534986631;0.09881083488889625;0.7694628612580765;-0.3145769370065162;0.15548528877065781;-0.004877647287432499;0.22148990525102955;0.8318163579605428
30.007711;0.18911405780384322;0.1553572768935078;0.8236972020170479;-0.021839519650843523;-0.11562613883135699;10.007210467505825;0.7504088043330406;0.012601548575393272;1.0459587772052739;0.1553484904310861;0.09881448717748766;0.7694610608507783;-0.31458093581041524;0.15547881978484468;-0.00487870665900263;0.22150686311793058;0.8317967917422281
30.007712;0.18909917525377118;0.15535399416377021;0.8237072337160567;-0.021839823623192298;-0.11562531770218512;10.007371202795207;0.7503809442507504;0.012601419393539244;1.0459537852876146;0.1553506284331853;0.09881921063871402;0.769460917470082;-0.31458893484528866;0.15547227775893563;-0.004878731908150287;0.22152448244150488;0.8317799527974264
30.007712;0.189083527772513;0.15535229248892873;0.8237242006011778;-0.02183915515124;-0.11561923069922278;10.007529266115238;0.7503526473392698;0.012601298369426894;1.0459475449982558;0.15535396623965325;0.0988250010100716;0.7694624407003582;-0.3146049341028744;0.1554666630449642;-0.004878722460832071;0.22154375349100056;0.8317673798040972
30.007713;0.18906708584754983;0.15535253696544113;0.8237499860939635;-0.021837385017816503;-0.11560717911573327;10.007684671364673;0.7503239440679563;0.012601185262172031;1.0459400415208504;0.15535850533433668;0.09883485243735282;0.7694676309477521;-0.3146359335817348;0.15546197518802973;-0.004876678439478381;0.22156466044921205;0.8317635837489818
30.007714;0.18904982853952426;0.15535670208527574;0.8237950228627365;-0.021834386263628363;-0.11558847580142032;10.007837518085934;0.7502948578689511;0.01260107985028647;1.0459312538700611;0.15536824929215867;0.09885175842803358;0.7694794799836568;-0.3146989332877271;0.15546221506547897;-0.004872600696462818;0.22159117597172462;0.8317777746417291
30.007716;0.18903149668558972;0.1553683038588229;0.8238789553684583;-0.02182782077573665;-0.11555084332775466;10.007987958456217;0.7502654060635002;0.012600981989575348;1.0459211681401934;0.15538620097495684;0.0988827138298096;0.7695039779679601;-0.31482593323049013;0.15547038575916425;-0.004863490772383647;0.22162526445960554;0.8318276182191648
30.007722;0.18901440148236962;0.155396536617035;0.824040286884006;-0.02181360244887834;-0.11547114837999167;10.008136185799117;0.750235602292375;0.01260089167358433;1.0459097868717528;0.1554203618494694;0.09894071581530141;0.7695541210542689;-0.31507793341958146;0.15549449066836507;-0.004845350448212032;0.22167489353961542;0.8319482642515763
30.007732;0.1889993358248113;0.15545632196283313;0.8243545439776568;-0.021785988607681397;-0.11531840518366795;10.00828241147469;0.7502054565350649;0.012600809060631718;1.0458971274301712;0.1554857341617285;0.09905376382180968;0.7696539153627164;-0.3155829338635882;0.1555495313483709;-0.0048061810514458195;0.22175504041581884;0.8322105240776898
30.007752;0.18898896927625947;0.155578743902315;0.8249748071124084;-0.02172983869813016;-0.11501061861655;10.008426844308309;0.7501749749464479;0.012600734486494326;1.0458832132815894;0.15561432152902704;0.09927685849458921;0.7698513747021419;-0.3165929345705416;0.15566750791014453;-0.004726983027264045;0.22189568329224033;0.8327548716629066
30.007793;0.18898961778208073;0.15582710807758507;0.8262090604293888;-0.0216168179816154;-0.1143936219167947;10.00856972073624;0.7501441651517093;0.01260066840268141;1.045868072287458;0.1558701258774016;0.09972099970642165;0.7702445137221048;-0.3186079355466613;0.15591242136151548;-0.004568756317684381;0.22215678897372787;0.8338640576905175
30.007875;0.18901518745004992;0.15632872596585665;0.8286710123143516;-0.021392110072376073;-0.11316844590425174;10.008711309686749;0.7501130402572188;0.012600611261136653;1.0458517477394467;0.1563781438317855;0.10060918545820834;0.7710283467709881;-0.3226269367949793;0.15640927503691487;-0.004252501308589766;0.22265831334274297;0.836108107917282
30.00804;0.18908636460114658;0.15733397637346538;0.8335948876641722;-0.020947380881209735;-0.11074941617294687;10.008851855544366;0.7500816128907438;0.012600563476056774;1.0458343074481649;0.15739136562101236;0.10238841336960569;0.7725928942186037;-0.3306159383160733;0.15741107451263275;-0.0036212194727727144;0.2236342193989461;0.8406374618902845
30.008204;0.18915185174458887;0.15833909195296642;0.8385319270403834;-0.020507733414855397;-0.10836238970017441;10.008991520079265;0.750049893892183;0.012600525435328016;1.0458158394256232;0.15840477599652103;0.10417768343839423;0.774158184404467;-0.33853894010973007;0.15841282761876924;-0.002993913227141706;0.22460349821109885;0.845194851216881
30.008368;0.1892119142924278;0.15934374294573433;0.8434795809818724;-0.020075344856584798;-0.10601854777938684;10.009130364286516;0.7500179026902679;0.012600497465653233;1.045796439656438;0.15941735530498893;0.10597499909315548;0.7757242463662015;-0.34639694217521516;0.15941354542310104;-0.002370585163862071;0.2255671729106531;0.8497784589689084
30.008532;0.18926602648050497;0.1603470349596505;0.8484359185285463;-0.019648661978325845;-0.10370975775396138;10.009268412983781;0.7499856737164867;0.012600479796378567;1.0457762004898747;0.1604290804343617;0.10778136579213102;0.7772911007009432;-0.35419094451042793;0.16041324330594323;-0.00175123734595678;0.2265232863429081;0.8543865512616103
30.008696;0.18931425759015522;0.16134892755377647;0.853400975744593;-0.019228085021829686;-0.10143790523717114;10.009405753264106;0.7499532539642153;0.012600472552635845;1.045755202337631;0.1614389259316696;0.10959478858375549;0.7788587549810395;-0.3619219471124015;0.16141093996858083;-0.0011368713926550912;0.22747388389097314;0.8590174726914731
30.00886;0.18935725731282316;0.16234918399884654;0.8583711723109723;-0.01881479051285302;-0.09920868692103811;10.009542554276766;0.7499206991676285;0.012600475703605384;1.045733510868889;0.1624468652687582;0.11141527060325362;0.7804272026705078;-0.369588949979533;0.16240665523354064;-0.0005264890194820013;0.22841699559087347;0.8636687883704278
30.009024;0.18939417494885688;0.16334687111745352;0.8633460607166991;-0.018408438777880134;-0.09702057900126047;10.009679021102102;0.7498880743717418;0.01260048901805508;1.0457111822384437;0.16345287279016715;0.11324281367673658;0.7819964233581496;-0.3771939531133995;0.1634004088873047;7.790765795846038e-05;0.229352625345868;0.8683393829530024
30.009189;0.18942545880705297;0.16434221905766397;0.8683254560285213;-0.01800831825472627;-0.09486940533423134;10.009815368920652;0.7498554565573473;0.012600512161263523;1.0456882728678727;0.16445592568679543;0.11507541951547288;0.783566384354964;-0.3847369565189895;0.16439121981009086;0.0006773161664377822;0.23028075834755998;0.8730273481664967
30.009353;0.18945045241173172;0.16533392229099925;0.8733060926102033;-0.017615748442202834;-0.0927622939599883;10.009951829907857;0.74982293050518;0.01260054484916815;1.0456648476037245;0.16545600427245682;0.11691308968796194;0.7851370420003735;-0.3922169602041085;0.1653791050869839;0.0012717339955116572;0.23120137693528164;0.8777303674712291
30.009517;0.1894708922354605;0.16632354320433398;0.8782888055335276;-0.01723000225698192;-0.09069437468203698;10.010088639879347;0.749790580173961;0.012600586887269304;1.0456409806810638;0.16645209062288485;0.11875582448070371;0.786708343481716;-0.3996369641789298;0.16636307968882844;0.001861158880978237;0.23211446538694167;0.8824479613246181
30.009681;0.18948609151156773;0.16730985742490884;0.8832707778671147;-0.016852598601129837;-0.08867385354473208;10.010226028351108;0.7497584885554947;0.012600638124295164;1.0456167509964553;0.16744516684791322;0.12060262139441076;0.7882802310498703;-0.406995968455357;0.16734415640376182;0.002443588905347463;0.23301900423986768;0.887177951594968
30.009845;0.1894945997074903;0.16829128945615734;0.8882509049386181;-0.016481893869510284;-0.08669253896848528;10.010364241217252;0.7497267446995903;0.012600698420291124;1.0455922399174693;0.1684342140509721;0.1224524741782684;0.789852644302175;-0.41429497304484075;0.16832134599156473;0.003021022839499845;0.23391596350484048;0.8919191305655092
30.010009;0.18949791716603523;0.16926925503837284;0.8932300497136365;-0.016119604195174348;-0.08475860222547962;10.0105035053801;0.7496954441274842;0.012600767616479016;1.0455675269972924;0.16941921289103373;0.12430537268775418;0.7914255187219821;-0.42153397795521397;0.1692946577728855;0.0035914607618692056;0.23480329853650608;0.8966698980202753
30.010173;0.18949644202858495;0.1702433453556647;0.8982045248740047;-0.015764871898385466;-0.08286717535448214;10.010643948254415;0.7496646841165661;0.012600845525218608;1.0455426791581197;0.17039914526166877;0.12616130372720674;0.7929987853430589;-0.4287149831888897;0.17026310033343944;0.004155904318394557;0.235682948644135;0.9014296381678535
30.010337;0.18948890539978885;0.17121267982971142;0.9031761222102719;-0.015418353464523686;-0.08102212903041905;10.010785591176544;0.7496345628694958;0.012600932021007573;1.0455177479230804;0.17137499479285356;0.12801925301663417;0.79457237379941;-0.4358359887433371;0.17122768211131922;0.004713356368371315;0.23655283357893755;0.9061958776497815
30.010502;0.18947573895562658;0.17217711614157272;0.9081425952821099;-0.015078857647777753;-0.0792168336866647;10.010928372129241;0.7496051800645672;0.012601027132847163;1.0454927800824303;0.1723447467137008;0.12987820645168072;0.7961462163969487;-0.4428989946116859;0.17218641226155873;0.00526482037683149;0.2374138502515991;0.91096806976844
30.010666;0.18945716411341865;0.17313649262982456;0.9131026683736182;-0.01474908851552663;-0.07746533291353075;10.011072120056687;0.7495766359518165;0.012601130962848888;1.045467824182333;0.17330938983111233;0.13173814910818604;0.7977212503874468;-0.44990500078174034;0.17314030036390685;0.005808299933127429;0.23826488005493518;0.9157461224628575
30.01083;0.18943310527313886;0.17409062815497037;0.9180564841137084;-0.01442647648975227;-0.07575398384882437;10.011216574528769;0.7495490304406329;0.012601243522857903;1.045442921996908;0.17426891819307141;0.13359906370241226;0.79929541831693;-0.45685300723672295;0.17408935402867615;0.00634579854316565;0.23910580488822059;0.9205263833399276
30.011158;0.18940990601610688;0.17597962744427045;0.9279333365273212;-0.013808001418328369;-0.07248166733545407;10.011361496308016;0.7495224626472732;0.012601364700200063;1.0454180991742217;0.17616532962121484;0.1373159303504947;0.8024296669528147;-0.4705800139588568;0.1759755772384601;0.007398319457889739;0.2407315171028144;0.9300966090711851
30.011454;0.18936820694375575;0.17765973165978943;0.9367945841854687;-0.01328048990317082;-0.06969650842742667;10.01150672801621;0.749497033356774;0.012601494373696584;1.0453933678811822;0.1778516241307801;0.14065772694398182;0.805251943442371;-0.4827430209308622;0.17765197062753327;0.008318865391588227;0.2421619171580551;0.9387086098492096
30.011749;0.18930951646647606;0.17931849604512043;0.9456251585986295;-0.012782099662635237;-0.06707093943386826;10.011652148172015;0.7494728502925765;0.012601632526714542;1.0453687339647109;0.1795158040516323;0.14399542988632427;0.8080741913283623;-0.4947280281342719;0.17930653252365894;0.009214438360154693;0.2435579098381048;0.9473142922876543
30.012045;0.1892344230096295;0.180955049372246;0.9544202029150937;-0.012314039203058257;-0.06461051719105322;10.011797632752428;0.7494500292767473;0.012601779232628773;1.0453442034088043;0.1811568740397295;0.14732401585385496;0.8108963502648165;-0.5065380355487663;0.18093826012407313;0.010084039663140807;0.24492040647742885;0.9559086508609737
30.01234;0.18914156407668997;0.1825671875025874;0.9631776383207306;-0.0118747738695104;-0.062307075549501;10.011943102383139;0.749428688094014;0.012601934559233465;1.0453197894900346;0.18277483992051938;0.15064346339870643;0.8137183561100287;-0.5181740431540011;0.18254715048992595;0.010925669937572782;0.24624732830144752;0.9644860334587069
30.012635;0.18903202391742469;0.18415483992655085;0.9718943488350745;-0.011467260198265723;-0.06017538936263086;10.012088593498634;0.7494089392406986;0.012602098518460668;1.0452955166880686;0.18436670693686352;0.15395075312053386;0.8165401421900448;-0.5296390509311717;0.18413020175625158;0.01174032932444216;0.2475386070809638;0.9730422252606257
30.012931;0.18890584025216617;0.18571435317194188;0.9805534603420749;-0.011089404124177752;-0.05820402922719161;10.012234218087805;0.7493908855105387;0.012602271120572566;1.0452714212458023;0.18593147853581138;0.15723786739574083;0.8193436475714349;-0.540937058862579;0.18568641385326076;0.012525017696593014;0.2487931830801261;0.9815589234434237
30.0131;0.1888107845141642;0.18659383337696372;0.9854633074008012;-0.010885203601019189;-0.05713930960493992;10.012380022045193;0.7493746143884954;0.012602452442441098;1.0452475486606922;0.18681315614215954;0.15910779040050285;0.8209078240760243;-0.5473470669308133;0.1865597883766761;0.012962735029716038;0.24950500521382854;0.9863921143217614
30.01327;0.18871249872749207;0.18745742134069604;0.9903079485156706;-0.01068777034527014;-0.05611082718577957;10.012525910352977;0.7493601906289434;0.012602642588122834;1.0452239440174218;0.1876787398894556;0.16095650757036267;0.8224106338657927;-0.553703075119215;0.1874173291295902;0.013391481864245791;0.25020203836236615;0.9911649635909698
30.01344;0.18861278711534724;0.1883061131795943;0.9950835289245419;-0.010497036940849861;-0.05511769169863842;10.012671678975886;0.7493476513230527;0.012602841621881184;1.0452006422315918;0.18852822980195116;0.1627830046081594;0.823846049103994;-0.5600050834131551;0.1882590433551949;0.013811259458805958;0.2508852688886344;0.9958720153040358
30.013609;0.1885116305074351;0.1891396474022512;0.9997889887172852;-0.010312631398689142;-0.05415796320602763;10.01281706053253;0.7493370069819426;0.012603049561728714;1.0451776684534468;0.18936262592921313;0.16458826738203178;0.8252140584258464;-0.5662540918008646;0.18908594248279745;0.014222069641581176;0.2515556976321423;1.00051340239385
30.013949;0.1883455588665987;0.19075713682723167;1.0089909814651494;-0.009960366989626594;-0.052327745989911516;10.012961772792579;0.749328249629793;0.012603266376404567;1.0451550436704813;0.19098392793679544;0.1681322826669185;0.8277386682256709;-0.5785951002727009;0.19070004206897212;0.015021914371553648;0.25283632812847884;1.009601802776593
30.014254;0.18818824595278028;0.19216372052098027;1.0170409209472542;-0.00966164126850037;-0.05077644268605855;10.013105589088186;0.749321359873737;0.01260349203637929;1.0451327887862245;0.19239313611664777;0.17125003796498803;0.829786895773698;-0.5895251088191372;0.19210236124030353;0.015715794814208612;0.2539511660303378;1.0175593059519192
30.014559;0.1880291022859816;0.19352572345458588;1.0248745327881317;-0.009375519347504968;-0.049290679454511356;10.013248339725864;0.7493163055849921;0.012603726661486587;1.04511092740855;0.19375725260634255;0.1743015204259626;0.8316247612869987;-0.6002891174296432;0.19345992192806172;0.016388710673475082;0.2550322298321359;1.0253079798561087
30.014864;0.18786891916970255;0.1948446261097078;1.0324954059191083;-0.009102712112524381;-0.047874123348697346;10.01338977642617;0.7493130379112932;0.012603970579090115;1.0450894860660034;0.19507828058609405;0.17728871721989947;0.833257285146086;-0.6108891260934624;0.19477474775346726;0.017043660477460854;0.2560795556856951;1.0328513937243955
30.01517;0.18770885554055966;0.19612261854531376;1.0399088122649784;-0.008837750286997695;-0.04649760130746565;10.013529427673928;0.7493114921715578;0.012604224201886085;1.0450684967751913;0.19635822238393585;0.18021261761770496;0.8346864913300506;-0.6213291348004478;0.19604886236278962;0.01768164229890455;0.2570981886426356;1.0401919925695111
30.015475;0.18754969796113927;0.19736139660631913;1.0471193517143207;-0.008579347644822698;-0.045154197886048145;10.013666607323193;0.7493115938488901;0.012604487905791816;1.0450480052486169;0.19759807946493313;0.18307521491113787;0.835918410493972;-0.6316111435407781;0.1972832881843734;0.01830465425710559;0.2580911733102203;1.047334390290278
30.01578;0.1873944669194222;0.19856450219396385;1.0541288079963076;-0.008325708562373267;-0.04383377210491644;10.013800550214835;0.7493132642614478;0.012604762021305973;1.0450280721256242;0.19880185502473094;0.18587950708406772;0.836957077994998;-0.6417371523044224;0.19848204634766176;0.01891669469437243;0.2590595542975937;1.0542816780346513
30.016086;0.18724259559423354;0.19973264106372782;1.0609436499653113;-0.008073434283686357;-0.04251852807478363;10.013930516533838;0.7493164206287214;0.012605046848030195;1.0450087599251405;0.1999705556193315;0.1886264961011038;0.8378045296345124;-0.6517101610808324;0.1996461562048227;0.019517762401504195;0.26000638169256757;1.0610360812784403
30.016391;0.18709532197141562;0.20086750241814505;1.0675654414828586;-0.007822226623627145;-0.04120670187042058;10.014055799243492;0.7493209739574849;0.012605342610782605;1.0449901167854974;0.20110718986435372;0.19131918647605023;0.8384658008216453;-0.6615321698598697;0.20077863385746805;0.020111856939948686;0.260934713459417;1.0676017090709469
30.016696;0.18695568070962387;0.20197360351639299;1.0740004310242852;-0.0075687331954823025;-0.03987992373232733;10.014175747642497;0.7493268322971591;0.012605649415467867;1.0449721747104208;0.20221276744716654;0.1939595838309033;0.8389449317908994;-0.671205178634368;0.20188049104658423;0.020700978257059365;0.26184661342784316;1.0739819468270941
30.017001;0.18682270600297493;0.20305060540223938;1.0802517321770218;-0.007310228067787349;-0.038524025312630224;10.014289831678559;0.7493339069170476;0.012605967278787074;1.0449549662002557;0.20328930005204315;0.19654969377561096;0.8392459723944773;-0.6807311874015625;0.20295373442050418;0.0212871256486894;0.2627451486479607;1.0801802371619666
30.017307;0.1866985691712447;0.2041016618416044;1.0863231432275757;-0.007044918648689015;-0.03712912970615195;10.014397599424717;0.7493421117051277;0.012606296162679153;1.0449385399491413;0.20433980221678305;0.1990915219395818;0.8393729772998567;-0.6901131961614978;0.20400136512443734;0.021871297289375362;0.26363238694347335;1.086200700468386
30.017612;0.18658320929283834;0.20512751104609897;1.0922183964993195;-0.006771311889461693;-0.035687429510568434;10.014498556782973;0.7493513571780754;0.012606635971043464;1.0449229612668174;0.20536629042914684;0.2015880755686046;0.8393299955792937;-0.6993532049140118;0.205025380039566;0.022456490684553868;0.2645103948504361;1.0920468756231094
30.017917;0.18647881379607842;0.20613131414087726;1.0979411150943625;-0.006487585145326955;-0.034188942877809284;10.014592132118885;0.7493615504894231;0.012606986625515458;1.04490830347299;0.20636977996445638;0.20404136539224943;0.8391210687743536;-0.7084532136565502;0.20602677505018768;0.02304570335823732;0.2653812386359063;1.0977223445037019
30.018223;0.18638669861021168;0.20711538255430872;1.1034953830992125;-0.006191528933062616;-0.032621846390696346;10.014677716189075;0.7493726008468741;0.012607348257261067;1.0448946368666896;0.20735228129127659;0.20645340570957096;0.8387492386564233;-0.7174152223835816;0.2070075487397586;0.02363893329490833;0.2662479840011982;1.1032299760737723
30.018528;0.18630641117589936;0.20807993965864646;1.1088844799061683;-0.005879902555639957;-0.030969155990803784;10.014754716956832;0.7493844204010793;0.01260772131075109;1.044882020142585;0.20831679792671856;0.20882721156366568;0.8382185519950487;-0.7262412310871712;0.20797070385731123;0.024239179077229438;0.2671116908894683;1.1085734549036736
30.018833;0.18624055952189777;0.20902878826459423;1.114112568198121;-0.005553063860270987;-0.029232596171734158;10.014822622866173;0.7493969207081698;0.01260810636057526;1.0448704994346103;0.2092653262726938;0.21116479496913343;0.8375340573634402;-0.7349332397573209;0.2089182464226255;0.024849439652654397;0.2679754130637712;1.1137572494087071
30.019139;0.18618865871434526;0.20996215305513027;1.1191828505545398;-0.0052077052498561965;-0.027394918265980592;10.01488102726232;0.7494100123923261;0.012608503821044763;1.044860109643234;0.21019785795784007;0.21346816415965741;0.8366987970899503;-0.7434942483816711;0.20985018574476066;0.02546971389536755;0.2688412072126741;1.1187850024430575
30.019444;0.18615287640384498;0.21088326456862772;1.124098730722936;-0.004842283433055022;-0.0254479407163658;10.01492960513642;0.7494236099519614;0.012608913868644867;1.044850873177488;0.2111173828883016;0.21574032589861794;0.8357157970115158;-0.7519252569459423;0.2107695352976478;0.02610300049191733;0.26971013705020247;1.1236590751734106
30.019749;0.18613314836890762;0.2117927064047625;1.1288627839237901;-0.004455608398822351;-0.023385784498132025;10.014968105786739;0.7494376351841842;0.012609336509308995;1.0448428021352396;0.2120258900430859;0.21798428759111568;0.8345910633470423;-0.7602292654347806;0.2116783112347802;0.026750298220186253;0.27058526075611267;1.128385413796409
30.020054;0.18613036629168525;0.21269239149168484;1.1334789977646114;-0.004043720949048115;-0.021187739112165146;10.014996371802212;0.7494520172567438;0.012609771571843448;1.0448359086015309;0.21292536636909062;0.22020105846663626;0.8333255926336147;-0.7684062738318452;0.21257852829690793;0.027415605991297685;0.2714686152132223;1.1329642607096706
30.02036;0.18614528674956754;0.21358383819299762;1.1379500655919035;-0.003608606320195759;-0.018864923314004644;10.015014320746525;0.7494666951522897;0.01261021870106487;1.0448302164409196;0.21381579668271275;0.22239365043167736;0.8319253825514589;-0.7764602821198021;0.21347019540482334;0.02809792238712538;0.272360214796491;1.1374022744126717
30.020665;0.18617976434768327;0.21446977171054954;1.1422784276163152;-0.0031448388752750907;-0.016388936134054878;10.01502187455902;0.7494816202570632;0.01261067746639814;1.0448257652443067;0.21470016522461918;0.2245650783443347;0.8303924336435831;-0.7843922902813267;0.21435631405290614;0.028801245462971838;0.27326306126998595;1.141701158314011
30.02097;0.1862336741122534;0.215350976635194;1.1464681611603833;-0.002653433493630121;-0.0137660603937117;10.015018918361772;0.7494967551977647;0.01261114745197168;1.0448226089056378;0.21557945595120323;0.2267163595465632;0.8287317462913583;-0.7922032983013416;0.21523788038703598;0.02952557317464739;0.2741791513067073;1.1458647964721111
30.021276;0.1863074359533873;0.21622817790743604;1.150519679037454;-0.0021320243954919067;-0.010984604471102773;10.015005348636862;0.749512074324752;0.012611628217435196;1.044820811979096;0.2164556508799689;0.22885151276119176;0.8269453178989713;-0.7998963061688633;0.21611688871485654;0.030274903574786828;0.2751104780355138;1.1498962608598655
30.021581;0.18640233685850244;0.217103856846735;1.154437329913736;-0.001578558199671618;-0.008034638437811714;10.014981177684852;0.7495275641493834;0.012612119204311796;1.0448204354646693;0.21732872968838085;0.23097155720491958;0.8250381421024894;-0.8074733138770938;0.21699333423458306;0.031048234474685174;0.2760570333723514;1.1538001101025739
30.021886;0.18651878260449398;0.21797876657753537;1.158221588360154;-0.0009909777243721487;-0.0049064401200991595;10.014946604097663;0.7495432148967973;0.01261261963738248;1.044821517772351;0.21820167150122882;0.23308051231033564;0.8230122090101994;-0.8149353214217834;0.21787021301707563;0.031849563023612665;0.27702081112816124;1.1575780537167006
30.022192;0.18665621466333296;0.21885308808034518;1.1618759175430542;-0.00036866707943320246;-0.0015981218751675978;10.014902003532754;0.7495590105125897;0.012613128471709246;1.0448240712091967;0.21907545684180987;0.23517939716061723;0.8208715043773103;-0.8222843287979172;0.21874851980753057;0.03267888525933183;0.2780048042909549;1.1612339522769546
30.022497;0.18681816256225298;0.21973118356298327;1.1654008698573806;0.00028984399020603573;0.001896623024653523;10.014847845350126;0.7495749315882914;0.012613644454935366;1.0448280915866537;0.2199510681346177;0.2372712291052293;0.8186200105716246;-0.8295213359971699;0.21962924630484568;0.03353919600926714;0.27900900123312083;1.1647709690476713
30.022802;0.18700233787484866;0.22061104718387303;1.1687991742809845;0.0009863111177692298;0.0055853737065059365;10.014784550618861;0.7495909642033733;0.012614166219968978;1.044833564716247;0.22082848874373393;0.23935802237553264;0.8162597131136446;-0.8366493430087959;0.22051238013896107;0.034431489540167955;0.2800353861100683;1.168192290471905
30.023107;0.1872109242504836;0.22149547514897272;1.1720714937643828;0.0017218703997686827;0.009472217759321215;10.014712405288973;0.7496070988982763;0.012614692337632736;1.0448404666638982;0.22171070203817556;0.24144278824236384;0.8137956088952777;-0.8436693498222119;0.22140090467218745;0.03535676038549164;0.28108593924855774;1.171501798026427
30.023413;0.18744349198309634;0.22238420116331833;1.17521846932124;0.0024994261706707383;0.013570446975625814;10.0146315996727;0.7496233238705956;0.012615221398884388;1.0448487625402394;0.2225976922390638;0.24352753667075538;0.8112297076280147;-0.850582356428619;0.22229480059505186;0.03631700391442259;0.28215963801099364;1.1747012780531296
30.023718;0.18770172833055893;0.22327964140002696;1.1782417869274424;0.0033193127504908657;0.017879388829854705;10.01454229513383;0.7496396244257836;0.012615752133939298;1.044858408637685;0.22348944739863677;0.24561427748094475;0.8085660276800245;-0.8573913628214828;0.22319404798150513;0.03731521643065146;0.2832604553073977;1.1777953681318816
30.024023;0.18798420624988238;0.22418023562507589;1.1811414807279397;0.004182395062394225;0.022401226433834135;10.014444655269584;0.749655986711287;0.012616283443527181;1.0448693577549326;0.2243879618192281;0.2477050203287779;0.8058065921331307;-0.8640973689960021;0.22410062749464;0.0383503947232784;0.28438834992590273;1.1807858960665374
30.024329;0.18829272140684325;0.22508943147726976;1.1839240300610043;0.0050905372912363;0.027142910362254805;10.014338868127329;0.7496723978198497;0.012616814293892333;1.0448815645018843;0.22529423470737528;0.24980477507402163;0.8029614217515739;-0.8707013749470882;0.22501552093485822;0.039425535812223036;0.2855442597493313;1.1836801294126882
30.024634;0.188624239373713;0.22601065045017937;1.1866258541880754;0.006040443473421712;0.032084682210938915;10.014225160879375;0.7496888424790468;0.01261734364107872;1.0448949892806323;0.22621226610285428;0.2519255532838687;0.8000875274877723;-0.8772053806673002;0.22594271098240312;0.040540637126209214;0.28673010857547004;1.1865176297370363
30.024888;0.18891519542598464;0.22678652497209953;1.188817223833888;0.006863043100566807;0.036348611380313804;10.014103803164053;0.7497053022378377;0.012617870446142522;1.0449095956879162;0.22698405363850702;0.25370936895816704;0.7976909109469335;-0.8825423861469927;0.2267241806409162;0.041497696581477186;0.2877418200507286;1.1888447403965763
30.025142;0.1892206827180934;0.22757014247783547;1.1909603551866905;0.00771378426408822;0.040743893797184856;10.013975141006037;0.7497217572086233;0.012618393685216363;1.044925342350211;0.22776559169912605;0.2555122366637908;0.7952915676950361;-0.8878123913760202;0.227515912617991;0.04248171245308398;0.28877332856035864;1.1911443966403863
30.025396;0.18954200522305242;0.22836357113165248;1.1930574879023441;0.008592998051032944;0.04527039288679808;10.013839639617448;0.7497381845276643;0.012618912359964063;1.044942178723994;0.22855487348467238;0.2573341693547768;0.7928914878321459;-0.8930163963453088;0.2283158882903031;0.04349368317696497;0.28982458195053656;1.1934180125141631
30.02565;0.1898777221223774;0.22916468812681448;1.195105955010731;0.009500578366875947;0.049926212510778896;10.013697858694798;0.7497545545220475;0.01261942548916591;1.0449600409081605;0.22935289577499926;0.25917517892624287;0.790491655259138;-0.8981544010474315;0.22912508714680555;0.044531607561247404;0.2908965391144183;1.1956655895622836
30.025904;0.19022774396387135;0.22997336026184964;1.1971050364364366;0.010436259768609108;0.05470832616071347;10.013550404435929;0.7497708315368332;0.012619932063261334;1.0449788454231776;0.2301576629783493;0.26103527759183004;0.7880930452508611;-0.9032274054758809;0.2299414871539373;0.045597485674732;0.29198716915349404;1.1978878788958651
30.026138;0.19056179208780566;0.2307224760313115;1.1988938555266448;0.011321618674292972;0.05921625404346045;10.013397909412305;0.7497869789192854;0.01262043101306094;1.0449984926879363;0.23090318689685319;0.2627614775863092;0.7858896236649916;-0.9078324096238092;0.23069906636603918;0.046599319308760746;0.29300744996119876;1.1999064617375916
30.026138;0.19056311308672283;0.2307245933041993;1.1988754769123628;0.011322331764642682;0.05921482239212295;10.013241009653402;0.7498029582301208;0.012620921219164959;1.0450188789552182;0.23090048294954746;0.2627577903750424;0.7859053507029684;-0.9078324134827169;0.2307088053947305;0.046599111285418375;0.2930223617411479;1.1999055769545706
30.026138;0.1905652577808428;0.2307263952224843;1.1988568031369755;0.011323061120971497;0.0592134122207799;10.013080339557757;0.7498187209204742;0.01262140159834475;1.045039906084809;0.23089756640630307;0.26275422639034424;0.7859211839898509;-0.9078324170416079;0.23071868845498447;0.04659886464971768;0.29303688398778616;1.1999051572522423
30.026138;0.19056815707888872;0.2307278677500255;1.198837806025104;0.011323805975569428;0.05921202346181845;10.012916538908456;0.7498342056311997;0.012621871200901925;1.0450614875307034;0.2308944510315972;0.2627507945611272;0.7859370777833102;-0.9078324202879574;0.23072870212276608;0.046598582553986606;0.29305100181394994;1.199905219596366
30.026138;0.19057174372680974;0.23072954108812982;1.198821279845244;0.011325544685951676;0.059215752856254564;10.012750201809503;0.7498493459300138;0.012622329196315044;1.0450835486017989;0.230892149461895;0.26274950137214065;0.7859499822032643;-0.9078384232106286;0.23073983305805834;0.046600268458668416;0.2930657107707882;1.1999083447787104
30.026138;0.1905764557447864;0.23073123921707428;1.198803212797331;0.011328269450750519;0.059224411375467655;10.012581803018753;0.7498640792936241;0.012622774805988961;1.0451060137832082;0.23088967309194297;0.2627493504138362;0.785962846425545;-0.9078444258021572;0.2307510667367166;0.046600926221428675;0.2930810121826311;1.1999119631279442
30.026139;0.19058210657061947;0.2307336337009612;1.198787942366473;0.01133036932357585;0.059229662646731025;10.01241169152245;0.7498783532129114;0.012623207321334484;1.0451287867356593;0.2308880308476261;0.26275034291941657;0.7859736247363684;-0.907855428058038;0.23076338807670888;0.04660255986164165;0.29309590361062543;1.199918540003259
30.02614;0.19058928241840184;0.2307376681843213;1.198776431124545;0.01133647942196502;0.059255444032503136;10.012240128858172;0.7498921287962463;0.012623626185034325;1.0451517415220153;0.230888228442415;0.26275647854255424;0.7859772794033253;-0.907878429976315;0.23077778274717367;0.04660817292966828;0.2931133747326495;1.1999300750795285
30.026142;0.19059917610540214;0.2307456810621009;1.1987731371561283;0.011346200479002866;0.05929930473020156;10.012067306013114;0.7499053796584239;0.012624031049150103;1.0451747316620712;0.23089126935303142;0.2627707554494718;0.7859707774886517;-0.9079244315604795;0.23079523810212507;0.04661776811795811;0.29313541193088577;1.1999528909725832
30.026147;0.190611386575304;0.2307589919971157;1.1987871871626097;0.011364873384666666;0.05938915766490208;10.011893342521894;0.7499180876416681;0.012624421814059348;1.0451976080586627;0.23090315659094862;0.26280316986661545;0.7859410867127302;-0.9080174328210943;0.2308217437887058;0.04663734761221368;0.2931680053488049;1.1999965938140034
30.026157;0.190632208495712;0.2307886551524578;1.1988365637384413;0.011401390320980693;0.05956931333487374;10.011718310848261;0.7499302388758524;0.012624798603911485;1.045220234280279;0.23092889328317953;0.26287171625745637;0.7858661760649157;-0.9082024337737371;0.23086229231906966;0.046677913478012124;0.293220157148436;1.2000807930163206
30.026175;0.19066719421913444;0.23084844363100193;1.1989579536066604;0.011475602120560298;0.059941274262706117;10.011542255857286;0.7499418202317077;0.012625161661882692;1.0452424937280618;0.23098548222411608;0.26300938800061985;0.7857020181611066;-0.9085714344361326;0.23093387929895182;0.0467604675016721;0.29331288326815913;1.2002463048690115
30.026213;0.19072994794685774;0.23096799340042207;1.199220174049467;0.011622506209751473;0.060682621159556444;10.011365166426087;0.7499528181370182;0.012625511276601074;1.045264292256182;0.23110292628761286;0.2632891776507115;0.7853575871026753;-0.9093094348252286;0.23106650318329208;0.04692401098378745;0.2934871975822658;1.2005737874951388
30.026289;0.19084872721218815;0.23120887228025047;1.1997663002380727;0.011916164512551503;0.062168638137188766;10.011187024175618;0.7499632204687602;0.012625847738636202;1.0452855544843094;0.23134122895043022;0.2638510769921659;0.7846548574843069;-0.9107814349556281;0.2313201645932999;0.047255544993017144;0.2938280945626124;1.2012242156471198
30.02644;0.19108248863970834;0.2316944818905427;1.2008679172663301;0.012512263647718637;0.06518541086988208;10.011007947729281;0.7499730155104016;0.012626171258639235;1.0453062085209879;0.23182639339191063;0.2649830771702057;0.7832348097020863;-0.9137074348408913;0.2318208650811826;0.047925070787731554;0.2945025519266456;1.202513176673204
30.026742;0.19155766077849876;0.23267680354720627;1.2030379461761833;0.013731787467353892;0.07133917125505758;10.010828203986843;0.7499821889395895;0.012626481883767554;1.0453261729970882;0.23280842155039225;0.26726916887933516;0.7803784307706376;-0.9194944344950851;0.23281860642932392;0.0492935898903381;0.29586154813686855;1.2050584534744238
30.026966;0.19192560641532214;0.2334130655561123;1.2045956594470375;0.0146673146611123;0.07603782333058118;10.01064809607271;0.7499907256836449;0.012626779468305609;1.0453453606057221;0.23354431530657566;0.2689873426654767;0.778255706227933;-0.9237474339328571;0.23357039055500536;0.05033710379205589;0.296893079459105;1.2069315574256767
30.026966;0.1919336799601182;0.23340919926313203;1.2045683611008728;0.014668175723523672;0.07603671147322388;10.010467941036357;0.7499986121617531;0.012627063706749285;1.0453636869629377;0.23353907967486298;0.2689855890994651;0.7782686146922055;-0.9237474331684713;0.23358121876984023;0.05033661362882389;0.2969011680422002;1.2069357988981746
30.026967;0.19194182813190083;0.23340548674972803;1.2045432744677902;0.014670028785203635;0.07604072421060191;10.010288103374505;0.750005838447586;0.012627334168504695;1.0453810718168137;0.23353472494303282;0.26898689892688366;0.778278130080256;-0.9237534322144364;0.2335930912504476;0.05033812005030425;0.29690985602425674;1.2069425846463517
30.026967;0.19195142884296937;0.23340273405074033;1.204516105261556;0.014672498301425854;0.07604739066409331;10.010108941624893;0.7500124105934224;0.012627590266209925;1.0453974390916323;0.23353026586502157;0.2689872642503564;0.7782872256132779;-0.9237584310814497;0.2336050072906177;0.05033862321923844;0.2969191892539575;1.206948442341513
30.026967;0.1919597649780844;0.23339850724388908;1.2044913740327132;0.01467541492414823;0.07605691651632604;10.009930712949455;0.750018364855427;0.012627831236289234;1.0454127235044857;0.23352671974221656;0.2689906801623703;0.7782928769081402;-0.9237704297795925;0.2336179653195568;0.05034112298246009;0.2969292055366857;1.2069575254200537
30.026969;0.1919709497961314;0.23339801231375357;1.2044705249429006;0.014681726722756652;0.07608293651592349;10.00975354735532;0.7500237646677116;0.012628056253000555;1.0454268770829083;0.23352510535526635;0.26899814431738456;0.7782930639197824;-0.9237924283186328;0.23363296282521892;0.05034661937291234;0.2969409343144191;1.2069708255653033
30.026971;0.19198275650617963;0.23339930269716894;1.2044574721060946;0.014693209167061624;0.07613551234168839;10.009577472050836;0.7500286844892505;0.012628264603647908;1.0454398686016724;0.23352744230507877;0.26901465467808344;0.7782807708233493;-0.9238384267069356;0.23365199684525786;0.050357113005797545;0.2969584006010495;1.2069945404472289
30.026976;0.1919991423941419;0.23340887072851332;1.2044611299944668;0.014713309046757132;0.07623090646951718;10.009402460516489;0.7500331978003816;0.012628455814692945;1.0454516755235563;0.23353674893698165;0.2690502083885194;0.7782449861246578;-0.923928424951845;0.233678065089186;0.05037960489836568;0.2969866269678065;1.2070368898095352
30.026986;0.19202347069905765;0.2334337089722871;1.2044966369609977;0.014755241001150122;0.07643609469269669;10.009228533352237;0.7500373726853969;0.012628629720543625;1.045462271938577;0.23356303960816055;0.26912280233007907;0.778163700924066;-0.9241094230641314;0.23372116675201504;0.05042409627764548;0.2970366338109387;1.2071196787259875
30.026991;0.1920414323721904;0.23344462890278617;1.204502237413355;0.014777302653979855;0.07654113796392033;10.00905584727577;0.7500412703125834;0.012628786432805125;1.0454716242382922;0.2335743239245982;0.269161433440829;0.7781239016846355;-0.9242064210623943;0.23374930246568326;0.05044758869215502;0.29706643778194414;1.20716507961561
30.026991;0.19205043677012398;0.2334371930499135;1.204471159458804;0.014778167689518026;0.07654023991845084;10.008884724526357;0.7500449462724447;0.012628926245505474;1.045479699091392;0.2335686081564618;0.269160098654135;0.7781325646527388;-0.9242064189721615;0.23376047412590006;0.05044708382876758;0.29707204547643823;1.2071676416941348
30.026991;0.19206005190696498;0.23343021234875708;1.20444102200725;0.014781164307340371;0.07655021946623224;10.008715634122845;0.750048450835799;0.012629049583873597;1.045486472968654;0.23356389780493125;0.26916079525083597;0.7781376577348899;-0.9242124168209064;0.2337726837638961;0.05044858317412717;0.29707844700580593;1.207172688667948
30.026991;0.19206925735443622;0.23342250545937307;1.2044119778633058;0.014783166437361363;0.07655532644400374;10.00854910288298;0.7500518242772939;0.012629156987951067;1.0454919324162855;0.233559199045673;0.26916252088930714;0.778142146039779;-0.9242184146328928;0.2337849304608308;0.050449088190204085;0.2970856169434726;1.2071775782237448
30.026992;0.1920798866236983;0.23341645207040684;1.204384691832121;0.014786588826201335;0.07656731681750409;10.008385615134893;0.7500550958394412;0.01262924910659597;1.0454960631727654;0.2335555174616712;0.26916527340384483;0.7781429962837153;-0.9242294124270343;0.23379820780758004;0.05045160075602006;0.29709351601638617;1.207184229148883
30.026993;0.19209053953320648;0.2334109657322296;1.2043620498189271;0.014792304805359719;0.07659125723410333;10.008225595365024;0.7500582887128318;0.012629326693595797;1.0454988405365238;0.23355385678564594;0.26917405151359264;0.7781381795029051;-0.9242524102177839;0.23381350504946655;0.05045712321191436;0.29710308975467103;1.2071967336483727
30.026996;0.19210392513761207;0.2334100597686972;1.2043477308297341;0.014803179426690205;0.0766408814773644;10.008069442031466;0.7500614247393949;0.012629390567866793;1.0455002344552347;0.23355622015467478;0.26919085559928274;0.7781206747394307;-0.9242974080161631;0.23383281068718856;0.05046765804823505;0.2971182734155442;1.207218255822929
30.027;0.1921213858621147;0.2334167358465156;1.2043486872694442;0.01482434764830571;0.07674218841727398;10.007917538026682;0.7500645284684283;0.01262944153573923;1.0455002231913093;0.23356661231806705;0.26922668705561476;0.7780794704175632;-0.9243874058304398;0.2338601148454761;0.05048920781135331;0.29714400015027065;1.2072593399147014
30.02701;0.19214612542823548;0.23343860313851877;1.2043840243805057;0.01486645154111356;0.07694888217998436;10.007770239065433;0.7500676263704226;0.012629480353654137;1.045498797970772;0.233593039225004;0.26929954741323914;0.7779925596362816;-0.9245684036675987;0.23390340982403687;0.050534775315595803;0.29719120573054847;1.2073410729923895
30.027029;0.19218667627923516;0.23349234305158187;1.2044864970797629;0.014948274278429744;0.07735455681466694;10.007627892616087;0.7500707396600802;0.01262950780394524;1.045495956842714;0.23365150437088392;0.269447438784322;0.7778129378691451;-0.9249294015352492;0.23397868999418728;0.05062536363181208;0.2972828334861269;1.2075014143292935
30.027068;0.19225855565899744;0.2336092718031226;1.2047209596403292;0.015111730768485574;0.07816928448575174;10.007490885485366;0.7500738804310735;0.012629524772031695;1.045491703954641;0.23377300622314698;0.269743364232935;0.7774496110936794;-0.9256503994428916;0.23411695078753683;0.05080697575809043;0.29746183579369967;1.2078198859580267
30.027145;0.19239457122603096;0.23385393289637288;1.2052159824631206;0.015440945559342991;0.07981311405894326;10.007359672972198;0.7500770573791476;0.012629532196298296;1.0454860540403723;0.23402353867369224;0.2703373268073434;0.7767196049060349;-0.9270893974022002;0.23438418779184217;0.05117161448549796;0.29781916854251284;1.2084540867123594
30.027299;0.19266159439918049;0.23435552988260452;1.2062204921137816;0.016106959243912797;0.08313623748487595;10.007234779837594;0.750080288975196;0.012629530984210918;1.0454790312484026;0.23453109115459903;0.27153132825182885;0.7752579608421855;-0.9299493954271797;0.23490839739578712;0.05191128250273528;0.29853678526964167;1.2097129182146915
30.027607;0.1932006700495667;0.23537532103144182;1.2081969510630959;0.017468144298853572;0.08990392897150758;10.007116747789146;0.7500836137309648;0.012629522003098342;1.045470666998019;0.23555664761972456;0.27394136812398007;0.7723307251070225;-0.9356043935351027;0.23595057718592297;0.05341898233292552;0.29999063418266647;1.2121989169171457
30.027915;0.19375811754279235;0.2364020381934336;1.210085164924254;0.01887216023690401;0.09684539539828874;10.00700599379961;0.7500870860811419;0.012629506087402643;1.0454609964984076;0.2365911877506946;0.2763804437075318;0.7694039422565502;-0.9411723917475723;0.23700172456918553;0.054966716068914914;0.3014696545902816;1.2146464591001702
30.028223;0.19433432579624144;0.23743570297128036;1.2118833177194896;0.020317897222913724;0.10395135261012678;10.006902656508501;0.7500907618101563;0.012629484003647561;1.0454500498452033;0.23763169111191265;0.27884655121119145;0.7664766540949398;-0.9466563900901007;0.23805883487974228;0.05655448514978132;0.30297377506568907;1.217056277840756
30.028531;0.19492880733594162;0.2384750933209287;1.2135886858321108;0.021804689330829005;0.11121523093010126;10.006806560781655;0.7500946903545409;0.012629456415796554;1.0454378479150892;0.2386791412467036;0.28133968660757036;0.7635489000211099;-0.9520553885894891;0.2391229001412187;0.058183290183400065;0.30450292089208786;1.2194266856207483
30.028839;0.19554170337156046;0.23951962269371674;1.2151978641868522;0.023335379901762425;0.11864796694836718;10.006717299378103;0.7500989228484474;0.012629423836668227;1.045424408314596;0.23973152788534513;0.28386084445725507;0.760620718582197;-0.9573733872698122;0.24019190871758603;0.059851130681647345;0.3060560273396775;1.2217599254706544
30.029147;0.19617320770572208;0.24056959912078002;1.2167116223929437;0.024906297610520493;0.1262272090513204;10.006634362882178;0.7501035246378823;0.012629386542048985;1.0454097514042802;0.24078884784894258;0.2864100167542768;0.7576921488540631;-0.9626093861498904;0.24126584586149957;0.061559005102946776;0.307633049718693;1.224054379770395
30.029454;0.19682257994958466;0.2416229721259017;1.2181245717330875;0.026520645474199807;0.1339661091642012;10.006557281267233;0.7501085765651151;0.01262934452533583;1.0453938963678537;0.24184910463699574;0.2889871936096882;0.7547632279945629;-0.967765385244549;0.2423426945925689;0.0633069114752138;0.30923396661002256;1.2263107997626144
30.029762;0.19748966451309882;0.24267931377176924;1.2194360894746394;0.028176298945939034;0.1418504613965533;10.006485707933733;0.7501141653690798;0.012629297504965966;1.0453768520606974;0.24291330615846285;0.2915903643273633;0.7518339871102483;-0.9728423845677757;0.24342343561123836;0.06509484798774587;0.3108567737881846;1.2285291797742985
30.03007;0.1981736024806361;0.24373700703597734;1.2206440239533953;0.02987393691096051;0.14988079199467044;10.006419409960712;0.7501203756725479;0.01262924498491746;1.045358618136883;0.2439804627928465;0.2942225182805447;0.7489034529617987;-0.9778413841342933;0.24450704617650004;0.06692381320484261;0.3125024729303178;1.2307089372239264
30.030378;0.19887526208404974;0.2447965851304359;1.2217464898939245;0.031613443040278015;0.15805234799484788;10.006358179701644;0.7501272855071582;0.01262918639878263;1.0453391984748113;0.2450475871322396;0.29688164671975037;0.7459736543003164;-0.9827643839583082;0.245590499649478;0.06879180602421117;0.3141700654053398;1.2328521450914118
30.030686;0.19959463758551035;0.24585738649859687;1.2227409499542459;0.03339495065748681;0.1663621864740823;10.006301694063788;0.7501349577852324;0.012629121238287844;1.0453186121310127;0.24611669242112605;0.2995677445947555;0.7430436252266938;-0.9876123840519292;0.24667576605620634;0.07069882538746315;0.31585855665298196;1.2349582788894746
30.030994;0.2003298359487445;0.24691680356303988;1.2236266791648591;0.03521734250445996;0.17480275193526126;10.006249407488362;0.7501434322048809;0.01262904910086715;1.0452968931478868;0.2471847897603785;0.30228080993591006;0.7401134048271156;-0.9923863844252274;0.247759812685929;0.07264687006386338;0.3175689677803172;1.2370274398775125
30.031302;0.20108270680134857;0.24797611762106922;1.224399531157491;0.03708203303296396;0.1833759613330672;10.006200559132857;0.7501527257967961;0.012628969732277492;1.045274083767325;0.24825088799476877;0.3050208408927042;0.7371830367990541;-0.9970873850846314;0.24884160548209128;0.07463393874073763;0.31929933840476227;1.2390597443537066
30.03161;0.2018504961254488;0.24903174306216003;1.2250593099569;0.03898847151506619;0.19207800176874162;10.006154315733005;0.7501628386293401;0.012628883056346213;1.0452502304673958;0.24931599632938076;0.3077888331038501;0.7342525707868444;-1.0017163860291498;0.2499221118005774;0.07666003005558504;0.3210507139639153;1.2410553269797187
30.031918;0.20263442312174174;0.25008473011881405;1.2256048068736218;0.04093419104665976;0.2008922172180445;10.006109975151185;0.7501737595686152;0.012628789129365225;1.0452253848348663;0.25037712640077975;0.3105827792237729;0.7313220640894961;-1.0062743872496582;0.25099830215929;0.07872514244812291;0.32282113629724646;1.2430143464935068
30.032226;0.2034337888683463;0.2511333410250451;1.2260328489150276;0.04292279625915648;0.20983359757086903;10.006067051381807;0.7501854709606467;0.012628688107970167;1.045199602369169;0.2514342919273959;0.31340267045021764;0.7283905803321727;-1.010763388731845;0.25207014985503046;0.08082927427623324;0.3246106462314157;1.2449372169768578
30.032534;0.204248828808353;0.25217779591538714;1.2263443795960012;0.044950282023841395;0.2188789311179965;10.00602519509784;0.7501979526096358;0.012628580287394596;1.0451729405836387;0.2524865075202118;0.3162494989793099;0.725460183744221;-1.0151833904591427;0.25313663024347605;0.08297242448226821;0.3264182857966877;1.246824513985949
30.03315;0.2059114724428875;0.2542584252012022;1.2266293669262063;0.04912619395114556;0.2372974890162678;10.005984111479808;0.7502111842394369;0.012628466100485345;1.0451454608861634;0.25457778896972166;0.32202125955880684;0.719602931308372;-1.0238233924150462;0.2552417206380058;0.08737159316817449;0.33010509428263457;1.2504923691383911
30.033704;0.20745793990825434;0.2561033849230614;1.2264650881456354;0.053019551966883134;0.2542121020895342;10.005943525157939;0.7502251433420742;0.012628346022730089;1.0451172275602585;0.25643215337484937;0.3273019487228358;0.7143308692481607;-1.0313753945857713;0.257109400928751;0.09145878121801188;0.3334801036272151;1.253674145723325
30.034259;0.20904563278855154;0.2579138597888515;1.2258989959780726;0.05703715558993585;0.27141758080527784;10.005903122735594;0.7502398028377408;0.012628220421531994;1.0450883046132384;0.2582526167425757;0.33266356336947184;0.7090590372479745;-1.038720396961794;0.25894265398312;0.09566498971728576;0.33690833806117987;1.2567441258964598
30.034813;0.21067558924182242;0.25968776205214383;1.2249246704382493;0.061177562667054236;0.2888892137810607;10.005862513629177;0.7502551326349951;0.012628089463386826;1.0450587603045363;0.26003519121515284;0.33810110075548183;0.7037884719141124;-1.0458643995358419;0.2607374644230275;0.0999872201478235;0.3403828150364063;1.2597049730262273
30.035368;0.21234205079848964;0.26141560695283905;1.2235407857954683;0.06543471523281039;0.3065905300039365;10.005821249312929;0.7502710986625692;0.012627953235794147;1.0450286743841715;0.26177288510778257;0.343612558265665;0.6985172048129581;-1.052814402298441;0.2624868176978808;0.10442047443694594;0.3439015456328152;1.2625586805672282
30.035922;0.21404352883050815;0.26309173287994386;1.2217398488736946;0.06980741787940896;0.32450398955040616;10.005778889245576;0.7502876606523072;0.01262781195624203;1.0449981413141134;0.2634597048743505;0.3491949320056986;0.6932462624935859;-1.0595734052347563;0.26418470178283077;0.10896175425675325;0.3474595369514062;1.265305764819595
30.036476;0.21577829462338866;0.26471267377728397;1.2195264071250564;0.07428852040968027;0.3425857953002476;10.00573507295026;0.750304776847808;0.012627665989742817;1.044967273661735;0.26508965643990345;0.3548432171772489;0.6879756701088655;-1.0661484083237704;0.2658251093297425;0.11360706069383161;0.3510527903947601;1.2679496629568354
30.036897;0.2171155257452019;0.26589605612391626;1.217565778251808;0.07775787702091412;0.3564021740102354;10.005689519353517;0.7503224109741373;0.012627515755633398;1.0449362022544166;0.2662817452897687;0.3591684105755663;0.6839774523183968;-1.0710154115392183;0.2670270381227555;0.11719639470292315;0.3537912940981166;1.269886540831688
30.036897;0.21712690965469303;0.26588332519143326;1.2175481549614777;0.0777584679447028;0.35640199749912527;10.005641971912539;0.7503405313307214;0.012627361711494098;1.0449050672159714;0.26627697596184785;0.35916651177261183;0.6839766318713147;-1.0710154148530036;0.2670314917227429;0.1171967573454205;0.3537680228178319;1.2698852428491685
30.036897;0.21713942183913018;0.26587205702952915;1.2175329526785132;0.07776161006115406;0.35641211703112957;10.005592161763127;0.7503591035764496;0.012627204373349028;1.0448740074000877;0.26627435216512624;0.35916752243212013;0.6839732289878804;-1.0710194182394268;0.2670374803686107;0.11719914953004994;0.35374695097397246;1.2698850016752514
30.036897;0.2171522150577661;0.2658603198268093;1.217516175453519;0.07776443221551745;0.35642079265743504;10.005539794944326;0.7503780875507308;0.012627044319492822;1.0448431547028245;0.2662708778899528;0.3591684452903465;0.6839702579696266;-1.071022421676318;0.2670420186802536;0.11720257182124562;0.353724070885847;1.2698831664615315
30.036898;0.21716667168848378;0.26584987017458644;1.2174982618867134;0.077771013885068;0.35644449511132303;10.005484572436279;0.750397443239394;0.012626882157228455;1.0448126264331368;0.2662685580591387;0.35917328300095214;0.6839647217414517;-1.0710304251432992;0.267047121094227;0.11720802437885883;0.3537024026501254;1.2698831369522678
30.036899;0.21718316736571677;0.26584103466400105;1.21747864600227;0.07778223242290101;0.3564866378842143;10.005426256812763;0.75041713604497;0.012626718445852695;1.0447825164286946;0.26626739817005535;0.3591840374215101;0.683953610475224;-1.0710444286206489;0.26705280027715234;0.1172195067202697;0.35368398113814475;1.2698841075601974
30.036902;0.21720391883326226;0.2658357229719979;1.2174536289741107;0.07780376794017452;0.3565696065894703;10.005364716741926;0.7504371312528142;0.012626553644546136;1.0447528986839472;0.2662704038469944;0.3592077098725245;0.6839309045297954;-1.0710734320894013;0.26706206903188984;0.1172420171578568;0.35367382851783397;1.2698904115679697
30.036907;0.21723286784560755;0.26583769610535946;1.217418297739832;0.07784664142154576;0.3567374138011701;10.005299913364755;0.7504573859631041;0.012626388119106954;1.044723841616142;0.2662815806334115;0.35925830135490616;0.6838845775584289;-1.0711324355315817;0.26707894191646653;0.1172865525771147;0.3536799407805683;1.2699082222636355
30.036917;0.21727929082448497;0.2658548923877018;1.217357078910445;0.0779327128410294;0.3570749719417071;10.005231886732249;0.7504778467707827;0.01262622216120413;1.044695416160612;0.2663059337969013;0.3593608123930748;0.6837895983080327;-1.0712484389298627;0.267108434757352;0.11737510933712762;0.35371829387554704;1.2699468500751596
30.036937;0.2173571917522633;0.2658998494081703;1.2172491356515163;0.07810206397774679;0.3577427668350491;10.005160724400811;0.7504984499641401;0.01262605597895815;1.0446676907904764;0.26635946831103097;0.359568243093745;0.6835979340210744;-1.071481442266636;0.26716656276232076;0.11755068440333477;0.3538228548762757;1.2700310961639776
30.036978;0.21750068397277553;0.2660018280809479;1.2170380739883984;0.07844340285063968;0.3590902967333444;10.005086489035374;0.7505191253460565;0.012625889668499517;1.044640722095531;0.266470189303207;0.3599875934011252;0.683213556141971;-1.0719464455247598;0.2672813397964972;0.11790227564223628;0.35406159098565815;1.270206471248643
30.03706;0.2177740537655418;0.2662162822837056;1.2166195361102548;0.07912502275396813;0.36177853482050204;10.005009176106991;0.750539805110373;0.012625723204395771;1.0446145529797994;0.2666931023489898;0.3608278635646299;0.6824424448263718;-1.0728734486898164;0.26750778004975;0.11860688185249985;0.3545674726843184;1.2705633561678429
30.037223;0.21830876954624132;0.2666524242216236;1.2157626447778183;0.08049432879607525;0.36716335053052584;10.004928723282353;0.7505604276352457;0.012625556471781147;1.0445892154563718;0.2671382127418295;0.3625160547958813;0.6808975880523566;-1.0747154517515123;0.2679558991919341;0.12002150282161794;0.3556124762286521;1.2712788642305868
30.037548;0.21937056563466467;0.26751786174158076;1.2139482791269993;0.08325652232462091;0.3779554099847495;10.004845055530508;0.7505809324613717;0.01262538931458837;1.044564730649309;0.268012524782435;0.3659091697326009;0.6778039750115136;-1.0783564547048532;0.26883271349149557;0.12287313901997916;0.3577395957115225;1.2726949334266233
30.037874;0.22044018370646112;0.2683575559522069;1.2119937665305176;0.0860514392853922;0.38877993555623674;10.004758168471303;0.7506012566001747;0.012625221522737363;1.0445411073201756;0.26886204278776654;0.369320211889781;0.6747105912013446;-1.0819384575503914;0.2696842388750932;0.12575479134501014;0.3598728528238597;1.2740764987019682
30.038526;0.22258581825680399;0.2699667074572688;1.2076656505119236;0.09173170948024698;0.4104912663537393;10.004668202900548;0.7506213345009717;0.012625052767135216;1.0445183378123941;0.27048177256164546;0.3761941839148109;0.6685204184464724;-1.0889304602919874;0.27130548958194173;0.1316024609608967;0.36418828734527925;1.2767523131175917
30.039099;0.2244931075386948;0.2712852024313042;1.203406588733149;0.0968176827902181;0.4296124518553025;10.004575427361571;0.7506411008396456;0.012624882620139053;1.0444963997272994;0.27181172077290205;0.38228408636266625;0.6630804336243125;-1.0948914629348028;0.27263647553597;0.13683114884096137;0.3679899391447606;1.27899577785123
30.039671;0.22641645169855415;0.27251086637313404;1.1987271574689042;0.10198434900254749;0.44873931647608634;10.004480145240265;0.7506604970019873;0.012624710654725101;1.0444752707022589;0.2730458931371258;0.3884119185390534;0.6576396044451472;-1.1006844654853931;0.2738712015459774;0.14213285560112565;0.3717978406386808;1.2811406622751405
30.040244;0.228351027866304;0.2736370182095346;1.1936350664142872;0.10722382567441749;0.46784334185403004;10.004382658170432;0.7506794735819976;0.012624536483712102;1.0444549398401581;0.27418229388996945;0.3945706811716232;0.6521998871343538;-1.1063134679514974;0.27500766974607915;0.14750158196388322;0.3756050203893938;1.2831896908036584
30.040817;0.23029331711259846;0.2746602775000274;1.188145099208299;0.11252574994401258;0.4868851116809592;10.004283317517485;0.7506979877585465;0.012624359756411642;1.044435408730425;0.2752149266746726;0.4007523788148871;0.6467602301893526;-1.111783470340592;0.27603988196136797;0.1529273291959603;0.3794075066035744;1.2851450209573676
30.04139;0.2322403850231068;0.27557684898573453;1.1822665700672443;0.11788344197457606;0.5058422313442336;10.004182574864943;0.7507160009819859;0.012624180184482955;1.044416691647325;0.2761407949907915;0.40695001956847665;0.6413195833338321;-1.1170994726593493;0.2769648400265567;0.15840409915173997;0.3831993252852344;1.2870089597283962
30.041963;0.23418793448544906;0.2763817994956945;1.1760102430159738;0.12328817019740798;0.5246883258903204;10.004080985505908;0.750733475760419;0.01262399755996603;1.044398812532757;0.2769559004721212;0.41315661268325377;0.6358799018743057;-1.1222654749150451;0.277778546032233;0.1639218940121107;0.3869745020423198;1.2887845626922918
30.042536;0.23613431843061597;0.2770751277352128;1.1693938318997175;0.12873064604413842;0.5433908449551912;10.003979154453859;0.7507503738365559;0.012623811742310741;1.0443817954823895;0.27765724036818823;0.41936216698912054;0.6304391424322769;-1.1272844771170034;0.27847800393776156;0.16947171600994007;0.3907280698091356;1.2904721155088483
30.043108;0.2380743686256599;0.2776517408056264;1.1624301682149925;0.13420219149512108;0.5619296757145638;10.003877657796732;0.7507666602048358;0.012623622643619848;1.044365658366484;0.27824280637001436;0.4255606914405598;0.6249992620141155;-1.1321624792746912;0.2790612215728708;0.17504556740890462;0.3944550728991107;1.2920765726540304
30.043681;0.24000645649277186;0.27811223077164243;1.1551376423383681;0.13969273366187085;0.5802726181714895;10.003777016388364;0.750782308723198;0.012623430207581434;1.0443504146712694;0.2787115842676188;0.4317431962089066;0.6195592227956935;-1.13690248139385;0.2795272113548825;0.18063545035903614;0.3981505668714158;1.293598880256967
30.044254;0.2419267777263455;0.2784526316281002;1.1475253033342976;0.1451965085437777;0.598412087515286;10.003677712309376;0.7507973045979962;0.012623234401648205;1.0443360746510435;0.2790615550389311;0.4379026924359527;0.614117992367647;-1.1415094834759918;0.27987398881864384;0.18623136649302682;0.4018096160856577;1.2950418324190065
30.044827;0.24383366292349537;0.2786751777393005;1.1396166820085232;0.1507035303062907;0.6163191525813253;10.00358022418249;0.7508116436450482;0.012623035270475053;1.0443226429466057;0.2792916982634321;0.4440301913668896;0.6086775424350144;-1.1459854855209468;0.28010057112346;0.19182631683957285;0.4054292869839649;1.2964070819467766
30.0454;0.245724094406418;0.2787786440089715;1.131426328852629;0.1562052268980861;0.6339753513403082;10.00348512102204;0.750825329272572;0.01262283298008538;1.044310121260131;0.2794029952228282;0.4501207046012096;0.6032358520687077;-1.150334487527983;0.2802079769898465;0.1974113021079047;0.4090036405192254;1.2976962047858658
30.045972;0.24759590628245634;0.2787645002122488;1.1229747220833373;0.16169295820667307;0.6513609835962164;10.003393133597145;0.750838370352279;0.012622627751152497;1.044298513544928;0.27939542932568534;0.4561642444379832;0.5977949106711854;-1.1545614894949185;0.2801962257724536;0.20297832288608475;0.4125297286977022;1.298913603140578
30.046545;0.24944597849303402;0.2786315222039872;1.1142746903276821;0.16716028773758024;0.6684687274231941;10.00330508608927;0.7508507808435686;0.012622419713551504;1.0442878262303108;0.27926998500806943;0.46215582281231804;0.5923527175766319;-1.1586694914181275;0.2800663361400514;0.2085203796430878;0.41600559390953495;1.300060110408456
30.047118;0.25127202848222857;0.27838129691387187;1.1053454862114038;0.17259921282192606;0.6852836107863591;10.003221747458804;0.7508625782964229;0.01262220878938727;1.044278067802153;0.27902764752075265;0.46808845016438205;0.5869112824426634;-1.1626604932944458;0.27981932619732197;0.21403047271000764;0.41942626821504114;1.3011375492521347
30.047691;0.2530744041944079;0.2780179418198034;1.0962038639674647;0.17800372177023713;0.701792037547044;10.003143716073966;0.7508737814103132;0.012621994721757441;1.0442692505628939;0.2786704039804389;0.4739561355136998;0.5814696283065609;-1.166539495122624;0.2794572122780362;0.21950060228742233;0.422788776535335;1.3021490814770917
30.048264;0.254848945572388;0.2775412154138151;1.0868681905357944;0.18336588511929913;0.7179856727328466;10.00307136295533;0.7508844100253994;0.012621777232712628;1.0442613893223474;0.2782002440515948;0.4797518872265638;0.5760267903653502;-1.1703084969033362;0.27898200576745585;0.22492476859250013;0.4260921437710688;1.303095249846522
30.048837;0.2565959298992982;0.2769554800344904;1.0773549092619823;0.18868044331735592;0.7338549663916188;10.003004810727788;0.7508944876454829;0.012621556113071558;1.044254496258353;0.27762015947543534;0.485472713466536;0.5705848073637765;-1.17397149863948;0.2783967118694827;0.23029797233673008;0.4293333959965574;1.303979760517791
30.049409;0.25831244653092245;0.27626160995039517;1.0676796401326658;0.19394114657853315;0.7493957167687986;10.002943959401723;0.750904039745516;0.01262133116410606;1.0442485784187927;0.2769321427560906;0.4911126210066692;0.56514171256915;-1.1775315003365707;0.2777033313534587;0.2356132150077801;0.43251155575451444;1.3048037132916077
30.049982;0.2599986822766913;0.2754636373886953;1.0578565730280842;0.19914365235291304;0.764602506654252;10.002888566697859;0.7509130844655583;0.012621102103289226;1.044243638542888;0.2761401854789254;0.4966666130189932;0.5596995309982115;-1.1809905020016533;0.27690586357265334;0.24086649831376258;0.4356246426441196;1.3055690998282838
30.050555;0.26165255784890656;0.2745641951061069;1.047903222243145;0.20428255821248337;0.7794724822758958;10.002838343088571;0.7509216245226901;0.012620868549925722;1.0442396757291477;0.2752462772202511;0.50213268872962;0.5542572854299219;-1.1843515036419217;0.27600630929599884;0.24605282330162895;0.4386716819368001;1.3062775412929362
30.051128;0.2632751125423536;0.273568305321009;1.0378330422723072;0.20935431731443918;0.7940007427862092;10.002793004651842;0.7509296491232337;0.012620630115510798;1.044236687862979;0.27425440632792053;0.5075048450412365;0.5488140044695998;-1.1876175052643334;0.27500867209756064;0.25116819011698827;0.44165071360523966;1.3069307124841287
30.051701;0.2648632890121252;0.2724766907369778;1.0276589306797221;0.21435407190782768;0.8081895744888505;10.002752250072325;0.750937141366914;0.012620386462807285;1.0442346725192777;0.2731675619608746;0.5127830775083744;0.5433717220984273;-1.1907915068744912;0.2739159584608778;0.2562085985315568;0.44456279192317216;1.3075315887876164
30.052274;0.266418973859555;0.27129622004653026;1.017397083264245;0.219279312248202;0.8220351569717077;10.002715747794145;0.7509440811498063;0.012620137191947406;1.0442336256213434;0.2719907344798232;0.5179623802194837;0.537928471717286;-1.193875508474758;0.272733178083559;0.26117104840519945;0.447406975861625;1.3080805961889854
30.052846;0.2679403355094284;0.2700277606915876;1.0070551420043572;0.2241273788244616;0.8355441070589055;10.002683214030794;0.7509504429545779;0.012619881688988949;1.044233547619788;0.2707259144937442;0.5230417459618492;0.5324862841989426;-1.196872510064729;0.27146234397490276;0.266053539477031;0.4501823252738614;1.3085807693418605
30.053419;0.2694282540310959;0.2686764106165461;0.9966458876211521;0.22889668577227426;0.8487184348036819;10.002654448285519;0.7509561963034583;0.012619619136802304;1.0442344531783119;0.26937809366099547;0.5280191669845771;0.5270431897536795;-1.1997855116439473;0.2701084705875869;0.27085307092537075;0.452890910254953;1.309033550515767
30.053992;0.2708809811670889;0.26724461328394117;0.9861817369362038;0.23358243650355653;0.8615562216254085;10.002629198147947;0.750961312393816;0.012619348630549993;1.0442363735148374;0.26795026642796566;0.5328946359241148;0.5216012187121308;-1.2026155132132927;0.26867457060835165;0.27556764124162164;0.45553082037378123;1.3094402190750227
30.054565;0.2723006800555798;0.26573777483032524;0.9756714386337663;0.23818575789529647;0.8740649094292939;10.002606990065775;0.7509657732298805;0.012619069301598616;1.0442393522027853;0.26644643002902657;0.5376651469329096;0.5161594000383279;-1.2053665147740287;0.2671646527919545;0.28019624833240214;0.4581041597015615;1.3098036148812375
30.055138;0.2736859550643045;0.2641580383988552;0.9651245344415139;0.2427040818403165;0.8862492056555334;10.002587115134231;0.7509695773358945;0.012618780450056528;1.0442434369888316;0.2648695828339377;0.5423326959069134;0.5107167576714218;-1.2080385163258023;0.26558172219375353;0.2847378896586029;0.4606110322700698;1.3101229383426158
30.05571;0.27503853923821325;0.26250982938451983;0.9545475481079579;0.2471375509395092;0.8981133646668102;10.002568738566184;0.7509727365291177;0.012618481628036887;1.0442486718870982;0.2632247224767068;0.5468942787569492;0.5052753052000425;-1.2106365178651528;0.26393078092494576;0.28919056234379364;0.4630525308423988;1.310403175018245
30.056283;0.2763579128713992;0.26079649600622706;0.9439509241150913;0.25148478536644714;0.9096629255042177;10.00255099129049;0.7509752664856566;0.012618172620265856;1.04425509279753;0.2615128453046234;0.5513518904836573;0.49983304176535565;-1.2131605193873463;0.2622128283572966;0.29355526324537584;0.46542972918002457;1.3106431638624816
30.056856;0.27764389009073964;0.25901969248851775;0.9333376151239174;0.2557456373987906;0.9209065182258509;10.002533006014279;0.7509771808191533;0.012617853368494589;1.0442627249363503;0.2597389479251571;0.555705526540777;0.4943919514735138;-1.2156125208907602;0.26043286307838814;0.29783098906281985;0.46774367286820406;1.3108451328410418
30.057429;0.2788974218253159;0.2571845972790199;0.9227193621168496;0.25991919819501025;0.9318458887396582;10.00251393910144;0.7509784880077193;0.01261752391567067;1.0442715869386097;0.25790602892041997;0.5599561836163612;0.48895100626009197;-1.2179955223776477;0.25859388611498973;0.3020177364414289;0.4699953739158587;1.3110110988606754
30.058002;0.2801204905949209;0.25529458107577957;0.9120980021736087;0.26400787681953786;0.9424907239673199;10.002492977375164;0.7509791858633698;0.012617184404180517;1.0442817010791006;0.25601808863823855;0.5641038594690584;0.4835091732371423;-1.220312523850311;0.25669990302034823;0.30611650204723023;0.47218581532217435;1.3111431145739583
30.058575;0.281311185778062;0.2533504555909072;0.9014790083141065;0.2680097661573611;0.9528478519947515;10.002469352888111;0.7509792605688103;0.012616835110980402;1.0442930937647583;0.25407612818587705;0.5681505533570145;0.4780684236684111;-1.2225625253091723;0.25475192358805454;0.31012728247243004;0.4743159643524674;1.3112406342065122
30.059147;0.2824720207143081;0.25135674092434757;0.8908666135105191;0.2719273726672592;0.9629245897377422;10.00244240790139;0.750978694189437;0.012616476451382372;1.044305783087905;0.2520841496850936;0.5720972662161119;0.47262673411407985;-1.224749526755065;0.2527539592620052;0.31405007392638146;0.4763877894895888;1.3113063024283522
30.05972;0.283602929386931;0.24931660003468128;0.8802685565335135;0.27576030605184587;0.9727261725002783;10.002411629502184;0.7509774717226156;0.012616108894877834;1.0443197717590276;0.2500451575459731;0.5759440005286819;0.46718608162954384;-1.226874528191445;0.2507090211330339;0.317886872229049;0.4784022723122306;1.311341456507227
30.060293;0.2847035243522471;0.24722988008499222;0.8696817128645405;0.2795092359017028;0.9822623223602736;10.002376578215388;0.7509755829469429;0.012615732859738427;1.0443350562083107;0.24796015880469421;0.5796947604060078;0.46174544389017647;-1.228940529624179;0.24861811983621515;0.321638673258623;0.4803614073733843;1.3113482447144613
30.060866;0.28577587764116574;0.24510145166259747;0.8591130715003765;0.283176246560978;0.9915388138553282;10.002336778659686;0.7509730217970627;0.012615348716550867;1.0443516378340376;0.24583416215125134;0.5833495510753954;0.45630380119974995;-1.230947531059942;0.24648626572388943;0.32530547332107923;0.4822651970330008;1.3113260517442669
30.061439;0.2868198328745204;0.24293339982938128;0.8485666881975246;0.28676190769397003;1.0005633411725232;10.002291698747905;0.7509697875760466;0.012614956862318791;1.0443695197990897;0.2436671773101448;0.586910378652452;0.4508631358468679;-1.2328975325040534;0.2443134689717995;0.3288892692440671;0.4841166498154701;1.3112771966899484
30.062011;0.2878368010382104;0.24072751429073316;0.8380409431783514;0.29026824668593526;1.0093428872673667;10.002240816838627;0.7509658920045957;0.012614557705960991;1.0443886974489873;0.24146221500247303;0.5903792508870134;0.44542143238937654;-1.2347925339580061;0.24210274014879823;0.332392058386294;0.4859157761752688;1.3112026327026303
30.062584;0.2888256513615166;0.2384848181423918;0.8275391106878827;0.2936952480026734;1.0178858932761892;10.002183628129155;0.7509613665577102;0.012614151582630987;1.0444091573131133;0.23922128616267388;0.5937571770511164;0.43998067543294905;-1.236634535417936;0.23985609137369926;0.3358148384733828;0.4876645830271763;1.311104708363342
30.063157;0.2897884160979551;0.23620871580622624;0.8170635739744248;0.29704519006751806;1.0261973895297747;10.002119609951338;0.750956258816017;0.012613738704854499;1.0444308799335327;0.2369464012098153;0.5970481666463707;0.43453884429537004;-1.2384235368759051;0.23757553785933044;0.33915760726609173;0.48936507804522;1.3109825439092404
30.06373;0.2907252212409624;0.23389993242950946;0.8066130881287622;0.3003194677521739;1.0342857403182126;10.002048287632864;0.7509506198374878;0.012613319167553516;1.0444538383368296;0.234639570344368;0.6002522287113309;0.42909791245849926;-1.2401625383225088;0.2352630986346801;0.34242336236279347;0.4910172753234069;1.310839425774677
30.064303;0.2916359029196246;0.23155989024961174;0.7961896843424937;0.3035187142014654;1.0421575340224989;10.0019693344267;0.7509444947464698;0.012612892995473907;1.0444779952378171;0.2323018034820507;0.60337237205514;0.4236568520649464;-1.2418525397478304;0.23291979503050947;0.34561410126513975;0.4926241912752493;1.3106757471040873
30.064876;0.2925225172927904;0.22919186523502894;0.7857957706101478;0.30664577465132187;1.0498188137182907;10.001882606026761;0.7509379223497964;0.01261246017948129;1.0445033032331377;0.22993511005210812;0.6064106045477531;0.4182146383892719;-1.2434955411417954;0.23054764848515752;0.34872982173470085;0.4941858383004992;1.3104928589343088
30.065448;0.29338396101582775;0.2267958018647249;0.7754310440869739;0.3097002259795735;1.0572754817273988;10.001788151892914;0.7509309401221228;0.012612020672762821;1.0445297103491222;0.2275414987120304;0.6093679315446419;0.4127732529178947;-1.2450905424955097;0.22814867964676303;0.3517735221467475;0.49570422384743795;1.3102902336286724
30.066021;0.2942225684502156;0.22437342666295426;0.7650921721610846;0.31268651065248465;1.064537492859767;10.001686232866694;0.7509235867347729;0.012611574417532096;1.0445571628473551;0.22512097633466488;0.6122473561264022;0.4073306843524107;-1.2466415438027953;0.22572290696427405;0.3547452013922311;0.4971803504555205;1.310070822651016
30.066594;0.2950376554025233;0.22192719201459754;0.7547864435624961;0.31560270704888066;1.0716037869581096;10.00157733436754;0.75091589681404;0.012611121454163016;1.0445855947863767;0.22267654900715386;0.6150508806307482;0.4018889275017352;-1.2481485450613776;0.22327334480757416;0.35764785862794046;0.4986152113841333;1.3098350539715107
30.067167;0.2958299325837024;0.21945629001415093;0.7445064867942414;0.3184525989618585;1.0784875860375691;10.001462121260634;0.7509078922154145;0.012610662050200805;1.0446149194544352;0.22020722486462402;0.6177795067841757;0.3964469817895772;-1.249613546273552;0.2207990040977647;0.3604824934012485;0.5000107890812882;1.3095843273669363
30.06774;0.2965999941361791;0.21696271326363814;0.7342549370199416;0.3212366501895666;1.08519110056932;10.00134131033976;0.7508995800373646;0.012610196675961914;1.0446450394689009;0.21771701449910663;0.6204362348122477;0.3910038481517377;-1.251036547446527;0.2183038942850013;0.3632501058827328;0.5013680628079922;1.3093181657663204
30.068312;0.29734873286897123;0.21444828811882438;0.7240332665471195;0.32395634814702456;1.0917187845760818;10.00121558309953;0.7508909602557988;0.012609725793399917;1.044675861995861;0.21520392897369162;0.6230220632659631;0.38556152516501374;-1.252419548591542;0.21578602317775378;0.3659526970518076;0.5026870159856245;1.3090389065302432
30.068885;0.2980765938581069;0.2119125454092328;0.7138364581796617;0.3266138457422156;1.0980788017617895;10.00108559142054;0.750882035715023;0.012609249703527331;1.0447072999258904;0.21267097852222863;0.6255389896853842;0.380118010297249;-1.2537625497203881;0.2132483958847021;0.3685922690539469;0.5039706337229174;1.3087457905677902
30.069458;0.29878421230061314;0.2093580085907098;0.7036692198753562;0.3292103412895061;1.104275222283942;10.000951975367908;0.7508728147630198;0.012608768592928083;1.044739264533746;0.21011817181704784;0.6279890116233361;0.374675305339353;-1.255068550842175;0.21069101591525466;0.37116882510302773;0.5052178922709093;1.308442107195952
30.070031;0.29947152656154064;0.20678476098134513;0.6935297857465071;0.3317461399312002;1.1103115701951976;10.000815369991038;0.7508633050435894;0.012608282642857158;1.0447716638046347;0.20754651378426037;0.6303741280422396;0.36923141802073206;-1.2563375519630995;0.2081148869246693;0.3736853684412035;0.5064317544238014;1.308127124138736
30.070604;0.3001389631936119;0.20419166195185015;0.6834112252971428;0.3342236086689367;1.1161963687955168;10.000676416005318;0.7508535053992632;0.01260779206972146;1.044804402404029;0.20495800335482675;0.6326963402390663;0.3637883566283721;-1.2575705530872339;0.20552201338782042;0.3761419012901522;0.5076111807503029;1.3078022121995023
30.071177;0.3007879245409088;0.2015833745675625;0.6733238933792267;0.3366433179457109;1.121928357842255;10.000535780770887;0.7508434018892397;0.012607297109849354;1.0448373803234798;0.2023516346445792;0.6349556511377975;0.35834512357469706;-1.2587695542171238;0.2029114002137495;0.37854142475026364;0.5087591409970389;1.3074688469691966
30.071749;0.30141786391318115;0.19895716677099012;0.6632579533870626;0.3390069492782631;1.1275171317555452;10.00039416804187;0.7508329709568721;0.012606798031534576;1.0448704977493946;0.19972840085651766;0.6371560641218589;0.35290071482595625;-1.259933555354903;0.20028405093481472;0.3808839393272993;0.5098756119505325;1.3071256326967395
30.072322;0.3020306641057138;0.19631561770181138;0.6532159311008278;0.3413167174430075;1.1329648152818477;10.000252280763679;0.750822186104455;0.012606295199019828;1.0449036616640635;0.19708929656774624;0.6392975831857783;0.3474571245724257;-1.2610655565031097;0.19764096658367866;0.3831704453751895;0.5109605714270041;1.3067758401771032
30.072895;0.30262507137593436;0.19365855126989992;0.6431981518051993;0.3435715697839851;1.1382743333453398;10.00011079600735;0.7508110218744757;0.01260578912466723;1.0449367840516453;0.19443531668154365;0.6413822134405821;0.3420123516022829;-1.2621645576647742;0.1949831463071098;0.3854029433588209;0.5120159957341173;1.306417825145453
30.073468;0.3032012700519576;0.1909861448051549;0.6332029648726596;0.3457728973065957;1.1434513151243677;9.999970409739168;0.7507994560340685;0.012605280470264999;1.0449697739441444;0.19176645388834326;0.6434109601734171;0.33656840432984153;-1.2632335588435437;0.19231058774832593;0.38758243396999376;0.5130428581243879;1.3060548784543302
30.074041;0.30376238349301915;0.18830024344798027;0.6232282674267752;0.3479248391835521;1.1484993073361975;9.999831862551014;0.750787469262177;0.012604770000265053;1.045002535184606;0.18908269741575318;0.6453858270227554;0.3311243008046926;-1.2642715600431724;0.18962328748644522;0.38970991799284876;0.5140411311888606;1.305685655531884
30.074613;0.3043062474883119;0.185600193128765;0.6132748816113162;0.350025561272257;1.1534220887065436;9.999695869275325;0.7507750396775021;0.012604258507334709;1.0450349754861983;0.18638603450844818;0.6473088145108906;0.3256790623389165;-1.2652805612647138;0.18692324246457215;0.39178639619746247;0.515010794187431;1.3053117422418183
30.075186;0.3048338676637096;0.1828869499124465;0.6033423697633462;0.35207584546908316;1.1582201061446142;9.999563032228878;0.7507621389527902;0.012603746767457197;1.045067019593341;0.18367645204198987;0.649179919375079;0.3202347049925095;-1.266261562503193;0.18421045061185712;0.3938128693907538;0.5159548351445276;1.3049345265558872
30.075759;0.3053454833121181;0.18016061010058362;0.5934291021697542;0.3540774810793667;1.162899968658574;9.999433820913298;0.7507487367731965;0.012603235530925428;1.045098616626905;0.18095393586934988;0.6510011356462551;0.31478923793377184;-1.2672145637484042;0.18148490879113913;0.3957913382920097;0.5168722461261989;1.3045534444637958
30.076332;0.305843078449231;0.17742247084434334;0.5835340595359771;0.3560328901502789;1.1674635666013302;9.999308585763222;0.7507348087433084;0.012602725518036673;1.0451297383976752;0.17821847014611358;0.6527734570553523;0.30934466791518134;-1.2681405649886466;0.17874660955866928;0.397721803238026;0.5177640224305083;1.3041698917626139
30.076905;0.30632451144651024;0.17467253906339691;0.5736599660395572;0.35793984050825195;1.1719131561347296;9.999187589594294;0.750720339303856;0.012602217425117655;1.0451603712372457;0.17547103766172847;0.6544978784537617;0.3038990005187891;-1.2690405662117072;0.17599654012319282;0.39960526381714784;0.5186311658499645;1.303784315785602
30.077478;0.30679212723274135;0.17191039961045423;0.5637995760994686;0.3598022082264956;1.1762537282226173;9.999071058418457;0.750705319459389;0.012601711917986513;1.0451905027193955;0.17271262011684185;0.6561763959466577;0.2984542404175131;-1.269914567403755;0.17323568396053615;0.40144271855419456;0.5194736841954011;1.303397152024676
30.07805;0.30724572397694944;0.16913743155003472;0.5539564588331413;0.36161952509094886;1.1804856882600352;9.998959193785263;0.7506897456938978;0.012601209590393611;1.045220108032165;0.1699431990959505;0.657810007037997;0.2930093933285157;-1.2707645685509878;0.17046402219015525;0.40323516521379116;0.5202935899232117;1.30301008601088
30.079196;0.30810155449485677;0.1635585606627592;0.5342922379775175;0.365122170524365;1.1886382674194358;9.998852183600087;0.7506736197794106;0.012600710923941206;1.0452491457137325;0.16436775727272912;0.6609447111105732;0.28211946424700457;-1.2723935696429738;0.1648865329065643;0.40668760179909075;0.5218789008818367;1.302218695584924
30.080227;0.30882844811924154;0.15850268138010998;0.5166483904769529;0.36812848869284803;1.1956326636558874;9.998750293588296;0.7506569459067226;0.012600216302148486;1.0452775630253888;0.159315278247007;0.6636225098178535;0.27231845481500916;-1.2737815706726756;0.15983219054562775;0.4096490272857574;0.5232276380670017;1.301511366718318
30.081258;0.30951481077256354;0.15341647236528191;0.49905202976169794;0.37100054762326934;1.2023149075371682;9.998653936327475;0.7506397313606683;0.012599726064175932;1.045305301775478;0.1542307458662273;0.6661694063709357;0.26251736431490424;-1.2751005716341077;0.15474596862699203;0.41247744132564884;0.5245078232509627;1.300811674004754
30.082289;0.31016178465869393;0.14830046034685931;0.48149599733528314;0.3737424691043192;1.208698547548764;9.998563607286387;0.7506219910725344;0.012599240552109484;1.0453323017656684;0.14911814501624857;0.6685904035356077;0.2527161896167341;-1.2763525725218612;0.1496318451903093;0.4151758435358803;0.5257204806992591;1.3001214116918396
30.08332;0.3107710319881561;0.14315831061519715;0.46398284766220665;0.37635722522688686;1.2147909373629933;9.998479797787821;0.7506037458459985;0.012598760182604102;1.0453585047695526;0.14397846301999684;0.6708905019501703;0.24291492451476634;-1.2775425733322958;0.14449080567370692;0.41774723342246334;0.5268686387739469;1.2994453490058997
30.084351;0.31134269251132124;0.13798930844043814;0.44650359752276514;0.37884807926823016;1.2206059319564841;9.998402998814957;0.7505850180362802;0.012598285525201819;1.0453838557439514;0.1388126887577656;0.6730747001193157;0.23311356507959866;-1.278672574064875;0.13932384039117907;0.42019661081814064;0.5279543261054183;1.298785341350993
30.085383;0.3118795771794939;0.1327970033729967;0.4290594065588144;0.3812196744600393;1.2261509586831005;9.998333719454674;0.7505658311742828;0.012597817287633083;1.0454082971299656;0.13362181036360812;0.6751469960565395;0.22331211751021543;-1.279745574722423;0.13413194064523165;0.4225269760227106;0.5289795595251963;1.2981442485096162
30.085849;0.31211298539649673;0.13044144839391664;0.42119252116383005;0.382252407754983;1.228572706884751;9.998272423987027;0.7505462088162792;0.012597356184162549;1.0454317617605948;0.13126881526937434;0.6760483892141347;0.2188846008052596;-1.280212575309275;0.13177809742309227;0.423542329407328;0.5294173333531993;1.2978735295004968
30.086316;0.31233923454188356;0.12809384155304243;0.4133707625036401;0.3832608854819037;1.2309388905745413;9.99821943468112;0.750526174267153;0.012596902756940307;1.0454541749357005;0.1289246922389649;0.6769328806698458;0.2145170443453467;-1.280669575828498;0.12943330138367506;0.42453467099554015;0.5298436221629468;1.2976186102630762
30.086702;0.3125202723546189;0.12616186252185843;0.4069517822399389;0.3840748539401884;1.2328539558388851;9.998174907388625;0.7505057529343583;0.0125964572968983;1.045475463584768;0.12699443131395988;0.6776504716499541;0.21095948578084167;-1.2810385762805263;0.1275025426899282;0.42533600044721565;0.5301853909627039;1.2974233365067525
30.087089;0.31269603561968234;0.12423997744522454;0.4005779369953478;0.3848709322548482;1.2347281378126627;9.99813891208956;0.7504849758959502;0.012596019914458526;1.0454955567258462;0.12507502185524824;0.6783551631333101;0.2074569712284273;-1.2814015766655267;0.12558281091877838;0.4261203171258947;0.53051960716638;1.2972413166416896
30.087475;0.3128662909762364;0.12233160693871092;0.3942602178328576;0.38564860827103137;1.2365611222286101;9.99811154406656;0.7504638868386845;0.012595590621436002;1.045514378141471;0.12316845271071919;0.6790479571883832;0.20401055144592298;-1.2817575769867497;0.12367609498766208;0.4268876199933978;0.5308452554430648;1.2970712535192173
30.087862;0.3130302857983931;0.12043601119877648;0.38799690482288723;0.38640720580469207;1.2383541716126272;9.99809295110833;0.7504425447913173;0.012595169396359445;1.0455318475085227;0.12127571433625275;0.6797258575292053;0.20062127379884884;-1.2821065772494107;0.12178338383442873;0.4276359077152728;0.5311633409619075;1.296912817912171
30.088248;0.3131898903025971;0.11855633173374588;0.3817954373076288;0.3871478441781616;1.2401038353451521;9.998083264874769;0.7504210157699842;0.012594756301162795;1.0455478875422481;0.1193968000231262;0.6803908688739858;0.19728617895943298;-1.2824495774579323;0.11990466737686577;0.42836717914640215;0.5314738774549276;1.2967660488980164
30.088634;0.313343301832317;0.11669060553644572;0.37565142868397966;0.3878691231026198;1.2418130642005425;9.99808254127076;0.7503993636204089;0.012594351608564376;1.0455624261640335;0.1175327056338319;0.6810409969882406;0.19400530192454932;-1.2827855776164128;0.1180409357573618;0.42907943370593593;0.5317758823214848;1.2966294943632184
30.089021;0.31349135181548565;0.114841351008529;0.36957155889561655;0.3885718919123063;1.2434814764200854;9.998090779620549;0.7503776499364188;0.012593955863718049;1.045575397346385;0.11568442770512502;0.6816782494839904;0.19077867355456296;-1.2831145777302109;0.11619317798079466;0.42977467116515783;0.5320693802385486;1.2965027051924063
30.089794;0.3137702785307166;0.11119256860952254;0.3575906739543305;0.38992156524879934;1.2466944582935082;9.998107991513361;0.7503559391095449;0.012593569779921031;1.0455867455203693;0.11203696124349817;0.682905635731113;0.18448232427195832;-1.2837545778060093;0.11254638210068;0.4311078910755071;0.532642399552844;1.2962528815256242
30.090489;0.3140047692759287;0.1079700989930151;0.3470413475641972;0.39107405556267266;1.2494479369374298;9.998134210090301;0.7503343020277503;0.012593194002526007;1.0455964292876265;0.10881530032889725;0.6839631653637314;0.1789902843178167;-1.2843105778505457;0.10932553637721126;0.4322490924932366;0.5331299651611611;1.2960614921397924
30.091185;0.3142239938760233;0.10480744996621494;0.3367143383277466;0.39216862305864547;1.2520721496768736;9.99816937654515;0.7503128161547901;0.012592828966089773;1.045604420577764;0.10565344069919448;0.6849738469843651;0.17365857660701756;-1.2848465778704197;0.1061646307433371;0.43333227426514453;0.5335910973740028;1.2958954226687556
30.09188;0.31442861025535795;0.1017066125492956;0.32661336835632954;0.3932077368146294;1.2545729493525506;9.998213223729088;0.7502915603300876;0.012592474919682423;1.0456107022957788;0.10255338072797401;0.6859396883009746;0.1684832118655901;-1.2853645778739125;0.10306565878164144;0.4343624354578322;0.5340278167359176;1.2957541182633376
30.092576;0.3146191827877644;0.0986702914142294;0.31674464710618366;0.39419216119615297;1.2569510146916845;9.99826529420348;0.7502706082534302;0.012592131994799718;1.0456152692594984;0.09951812032197545;0.6868606967040519;0.1634591904888942;-1.2858655778710626;0.10003161865073397;0.4353375752989848;0.5344411485599271;1.295636041116909
30.093271;0.31479528760677145;0.09570007618207406;0.3071118981024581;0.39512270779412756;1.2592110702861812;9.998325056799757;0.7502500272293896;0.012591800236539566;1.0456181332930738;0.09654765952571175;0.6877388791841329;0.1585835053895487;-1.2863485778717811;0.09706251104692452;0.43626269259610667;0.5348301201367659;1.295538060301833
30.093967;0.31495858099894347;0.09279625387582446;0.29771272652058167;0.3960027379961834;1.261357581493651;9.998392022765405;0.7502298797023311;0.012591479602546614;1.0456193282593729;0.09364299746676742;0.6885742424621201;0.15385114473301828;-1.286815577884428;0.09415933540977024;0.43713678536093065;0.5351977535906377;1.29545989689961
30.094662;0.3151087250621567;0.08995827805366431;0.28854418270242355;0.3968335053930338;1.2633962537629388;9.998465825220151;0.7502102230786353;0.012591169916141714;1.0456189066266885;0.09080613117766312;0.689369794079588;0.14925709456687414;-1.287266577913845;0.0913240879707976;0.4379638510810582;0.5355440605873619;1.295399417853196
30.095358;0.31524718609689967;0.08718918912975544;0.279613156263401;0.3976173284139365;1.2653289023033036;9.998546242527107;0.7501911097585351;0.012590870810697308;1.0456169266435955;0.0880360548375007;0.6901255426124953;0.14479833856892704;-1.2877015779606833;0.08855576309703782;0.438744887123341;0.5358710396473126;1.295354827828204
30.096053;0.31537471833549985;0.08448633970337886;0.27090926072482013;0.3983571881826137;1.2671622634543658;9.998633154921974;0.7501725868669803;0.012590581754945929;1.045613442946702;0.0853327606196768;0.6908434956438966;0.14047085784060723;-1.2881225780253092;0.08585435557325109;0.4394818908105195;0.5361776756102592;1.2953262923401423
30.096749;0.31549182897320704;0.08185242441147898;0.2624394418043543;0.39905412529784057;1.2688978372961954;9.998726487431382;0.7501546924994282;0.012590302144870598;1.0456085094209635;0.0826972411889402;0.6915256571950517;0.1362716343531643;-1.2885285781132512;0.08322086181802783;0.4401778592481993;0.5364659402825077;1.2953111908441537
30.097444;0.3155982212565341;0.07928475921004198;0.2541942785258251;0.399710278102388;1.2705438083829104;9.998826179596627;0.7501374526856117;0.012590031406814651;1.0456021866847345;0.08012749254030445;0.6921720265228392;0.13219565354216642;-1.288920578236446;0.0806532791801548;0.4408337891893716;0.536737796760401;1.2953087590305783
30.09814;0.3156955381845605;0.07678268283180135;0.2461692878271606;0.40032815822414614;1.272101666534651;9.998932153163864;0.7501208836172407;0.012589769056797935;1.045594542880723;0.07762451529209781;0.6927855985664139;0.12823990231307716;-1.2892995784106642;0.07815260316113315;0.44145067750086475;0.5369922062523278;1.2953185218959482
30.098835;0.3157833881588439;0.07434607155085148;0.2383634464122072;0.40090914867918925;1.2735774911013655;9.999044277470913;0.7501049975503216;0.012589514679230612;1.0455856459546005;0.07518631359414639;0.693368365686227;0.12440136622980617;-1.2896655786537747;0.0757168253949434;0.44203252188652054;0.5372311278524471;1.2953390676593803
30.099531;0.3158634006720059;0.07197518132408467;0.2307754637916398;0.40145602851935214;1.2749735980142607;9.999162361515001;0.750089807941871;0.012589267883518723;1.0455755531639255;0.07281289357570712;0.6939193197840702;0.12067602873292362;-1.2900185789849439;0.07334593470705329;0.44258032090013055;0.5374555143538459;1.2953689424483081
30.100226;0.31593427183966244;0.0696684392981604;0.2234005271289713;0.40196853541128164;1.276294494991052;9.999286188449569;0.7500753296831548;0.012589028270717086;1.0455643024850874;0.07050326414787712;0.6944424535551093;0.11706187033283676;-1.2903595794227822;0.07103891993100275;0.44309507368428386;0.5376663154636291;1.2954079290391558
30.100922;0.31599871058121143;0.06742414977837363;0.21623062848200653;0.4024515081472328;1.2775446436206017;9.999415602727304;0.7500615770077024;0.012588795413457891;1.0455519080805735;0.06825643863791041;0.694937761393333;0.11355386543587462;-1.2906895799837255;0.06879477247946172;0.4435787799289232;0.5378624848885801;1.295455589062548
30.101617;0.3160554157071764;0.0652420597933068;0.20926530030675494;0.40290429953575124;1.2787273594862292;9.999550563061502;0.7500485619215733;0.012588568831942062;1.0455383646264593;0.06607143406907776;0.6954072403919118;0.11014997925083501;-1.29100758068115;0.06661248672559356;0.44403443936520615;0.5380469839908221;1.2955098206853015
30.102313;0.3161051102536334;0.06312123031037559;0.20250051809420025;0.40332887714732885;1.2798460677284222;9.99969107481422;0.750036290752523;0.012588347932216429;1.0455236610401786;0.06394626976889355;0.6958518892439709;0.10684717227395216;-1.2913155815243704;0.06449005748822409;0.4444620508202767;0.5382197831370884;1.2955714766041433
30.103008;0.31614859486933666;0.06105850762129961;0.19592527026428885;0.4037271841823718;1.2809037899660425;9.999837119462182;0.7500247609190007;0.012588132010524862;1.0455077910404815;0.061880967037611465;0.6962737053851185;0.10364141124861707;-1.2916125825184388;0.0624274777236799;0.4448636118566728;0.5383818604907374;1.295638401701103
30.103704;0.3161865997032717;0.0590548413533939;0.18954169629483777;0.4041014967876329;1.281904911048005;9.999988669285344;0.7500139630444529;0.012587920352243077;1.0454907537837486;0.059873547918871;0.6966726841138392;0.10053167352476343;-1.2918995836650906;0.060422739021024796;0.445241119346687;0.5385321948056349;1.2957107278904734
30.104399;0.31621894505296344;0.05710814294673948;0.18334289637983184;0.4044521248349528;1.2828513278334297;10.00014566348627;0.7500038868422405;0.012587712284632258;1.0454725555314752;0.057923033063282905;0.6970498199948378;0.09751394271778106;-1.2921765849635969;0.058474833356034615;0.445595570303346;0.5386737542527938;1.2957873924243082
30.105095;0.31624644816491815;0.055217504329721445;0.17732515839454788;0.4047811482513668;1.2837465342252126;10.000307931289914;0.7499945259442705;0.01258750721381426;1.0454532143756303;0.05602844082039479;0.6974081078106522;0.09458620727056713;-1.2924435864113462;0.05658275426744528;0.4459279622435875;0.5388054899003977;1.2958675361840357
30.105791;0.3162679484166213;0.05338226873895822;0.17148672620730854;0.4050875775001394;1.2845923543700453;10.000475206161493;0.7499858787325051;0.012587304740001809;1.0454327596106687;0.05418778753413384;0.6977475422667422;0.0917454626650696;-1.2927015880049226;0.054744497309691165;0.44623929307836513;0.538928336917035;1.2959512693683264
30.106486;0.31628633473722134;0.051599063448557206;0.16581505507500535;0.4053763144905155;1.2853928109857082;10.000647205018886;0.7499779434819943;0.012587104725588516;1.0454112305216228;0.05240008832037716;0.6980681173649345;0.08898870894385363;-1.292951589740688;0.05295905898173503;0.44653156099464;0.5390432166050593;1.2960387449763788
30.107182;0.3163004547391717;0.04986852435843739;0.16031259173166787;0.40564634057466953;1.286149604159832;10.000823636478309;0.7499707123484697;0.012586907211224237;1.0453886819124318;0.05066435830878977;0.6983728262629944;0.08631494556469449;-1.2931925916134648;0.051225434398908254;0.44680576464168104;0.5391500366665767;1.2961282821010787
30.107877;0.316311207981183;0.04818751750866343;0.15496875328074772;0.4058998262611694;1.2868661627991684;10.001004166299774;0.7499641698016146;0.012586712280220347;1.0453651918150526;0.0489796130413553;0.6986606620440526;0.08372017060517842;-1.2934255936145795;0.04954261643451403;0.44706290358527206;0.5392496928720356;1.2962200119831147
30.108573;0.31631745252481797;0.04655740496919184;0.14978824410318145;0.4061351221441544;1.2875421111522751;10.001188469073611;0.7499582940669907;0.012586520000496452;1.0453408630405732;0.04734386747129747;0.6989336187340027;0.08120338159727403;-1.2936505957319724;0.047908596540917635;0.4473039784978801;0.5393410710390475;1.2963133009591588
30.109268;0.3163211072253673;0.04497522217547791;0.14476059089920182;0.4063564603941734;1.2881832421600938;10.001376335371436;0.7499530598041197;0.012586330494650973;1.045315814946166;0.04575613525166948;0.6991916915255614;0.07876157428244905;-1.2938675979530212;0.04632236629936543;0.44752999070813493;0.5394270510507616;1.296407433544442
30.109964;0.31632209193801625;0.04343928225652339;0.13988040301164417;0.40656348657927077;1.2887889946017388;10.001567662945915;0.7499484418304968;0.012586144034095212;1.0452901685752012;0.04421542906935562;0.699436876490894;0.07639174441515388;-1.2940766002667203;0.04478292070348128;0.44774094166405093;0.5395055154875888;1.2965017551260407
30.110659;0.3163203305581295;0.04194952994867321;0.1351474870215279;0.4067568751755131;1.2893620681301832;10.001762339408252;0.7499444201906512;0.012585960995952244;1.0452640353734546;0.04271976067478658;0.6996691701452082;0.07409388992043127;-1.2942796026627361;0.04328826070554967;0.44793883285319996;0.5395773556487404;1.2965978301433358
30.111355;0.3163167604424831;0.040504424995284706;0.1305565475385278;0.4069380132641149;1.2899032452701737;10.001960186955934;0.7499409819900309;0.012585781729675134;1.0452375176096673;0.041269139097623794;0.6998895687247585;0.07186400663941087;-1.294475605130669;0.04183839094360249;0.4481236660634086;0.5396444737541404;1.2966940268150031
30.11205;0.31631031104254403;0.03910344896448966;0.12610639258749945;0.40710657116860954;1.290416019947119;10.002161006230383;0.7499381132167872;0.012585606468193731;1.0452107153662211;0.03986156836605269;0.700098067881524;0.06970108641871363;-1.2946646076620523;0.04043131520139761;0.4482974434030201;0.5397047892000478;1.2967899136077068
30.112746;0.31630190939852976;0.03774314609678238;0.12178568492343032;0.4072638369673504;1.2909008200978027;10.002364656222808;0.7499357900622375;0.012585435304727628;1.0451837314634629;0.03849604820958693;0.7002966626290177;0.06760312270993221;-1.294846610251704;0.039066035084310266;0.4484591666107217;0.5397592444503443;1.2968850297096768
30.113441;0.3162924908487296;0.03642486758151871;0.11759835305674153;0.4074117251034132;1.2913600076964031;10.002571107745537;0.7499339831695628;0.012585268236974118;1.04515667253071;0.03717157794097028;0.7004843465208691;0.06556711586548788;-1.2950226128966535;0.03774155207479554;0.44861083645913896;0.5398098017321983;1.2969798921307205
30.114137;0.3162809746603047;0.03514492237955549;0.11353308625856677;0.40754902308368646;1.2917942298122518;10.002780434858444;0.749932667684851;0.012585105296360546;1.0451296473506855;0.03588615943933085;0.700662110944596;0.06359307377073598;-1.2951926155953501;0.036455869659121606;0.4487524532531962;0.5398544347238929;1.2970742001351068
30.114832;0.31626828599121193;0.03390534000049641;0.10959592974563893;0.4076773490519752;1.2922047984900018;10.002992792088712;0.7499318237980045;0.012584946678847443;1.045102763201879;0.03463979695432505;0.7008309455956844;0.06167800637606032;-1.2953576183482025;0.0352089938187757;0.4488850179095803;0.5398941197347281;1.2971685273094349
30.115528;0.31625429935781624;0.03270252480725373;0.1057754793047147;0.40779726972883545;1.2925939015711136;10.003208402205388;0.7499314287289106;0.012584792770048646;1.0450761213570348;0.03343149547544727;0.7009908392430052;0.05981991863621156;-1.295516621158167;0.03399993322134456;0.44900853259339996;0.5399298294707106;1.2972615294239962
30.116223;0.31623890144532557;0.0315355040957346;0.10206863730036062;0.407909083949567;1.292962779433364;10.003427514624446;0.7499314520005638;0.012584644100903855;1.0450498154691976;0.03225925925562447;0.7011427801560536;0.05801881090249886;-1.2956696240300178;0.03282670060143477;0.4491250005783182;0.539960538217531;1.2973529746586498
30.116919;0.31622200090584623;0.030405547493936196;0.09847941384734411;0.40801242093937823;1.2933104604013763;10.003650338972493;0.749931855670408;0.012584501276642472;1.0450239328857707;0.031122090598959446;0.7012877567659006;0.05627068489053736;-1.2958176269687924;0.031688312633481534;0.44923242560006127;0.5399882327780408;1.2974434680044036
30.117614;0.31620447004645913;0.029308211053552486;0.09499342816709767;0.4081095300761488;1.2936403602878148;10.00387704673888;0.7499325973397061;0.01258436483994835;1.0449985557024273;0.03001998883944654;0.7014247585687807;0.05457554715254471;-1.295960629979909;0.030584787194231158;0.44933281139197;0.540010914173736;1.2975328082841233
30.11831;0.31618526152952336;0.028245991682153887;0.09161890444044637;0.40819906284592195;1.2939523997821814;10.00410783380174;0.7499336373288712;0.012584235117516366;1.0449737644811148;0.028950949929557178;0.7015547770984147;0.05293240745174413;-1.296098633069126;0.029514142265475416;0.449427161830458;0.5400305906518649;1.2976207552639956
30.119005;0.3161662672278442;0.027214824100753418;0.08834240850195237;0.40828428735927463;1.2942491101428686;10.004342878527382;0.7499349441872459;0.012584112181559583;1.0449496443293855;0.027914968090567895;0.7016778068918865;0.05133727461599298;-1.2962316362397583;0.02847639671328499;0.4495144810618638;0.5400462700191107;1.297706958184412
30.119701;0.31614545220628715;0.026215847895538238;0.08516813572263959;0.40836208024668863;1.2945288943471507;10.004582205733685;0.7499364954894706;0.012583995973652229;1.0449262856238584;0.026910039106940963;0.7017948452112331;0.04979115272416958;-1.2963606394915344;0.027469569361204843;0.4495967728830563;0.5400589585087054;1.2977922799948598
30.120396;0.31612375922663016;0.0252475244884147;0.08209093822454784;0.40843432730044715;1.294793842274519;10.00482559391047;0.7499382797034326;0.012583886490210033;1.0449037769384648;0.02593616081177563;0.7019068899705162;0.04829103741638064;-1.2964856428219176;0.02649367661854896;0.4496730398443139;0.540068668824515;1.2978764445556663
30.121092;0.3161011572261218;0.024309858361117834;0.07911083183963924;0.4085012661257726;1.2950448268863737;10.00507257490463;0.7499402973631542;0.012583783847870003;1.0448821926734673;0.02499132977095998;0.7020129378417361;0.04683691318662606;-1.2966056462251612;0.025546731041497128;0.44974328302016325;0.5400754261576861;1.2979583144426492
30.121787;0.3160785766809448;0.02339999956155682;0.07621854096725582;0.40856456665479396;1.2952833160531632;10.005322575878353;0.7499425570565712;0.012583688183593398;1.044861577727941;0.02407654011697769;0.7021129844089473;0.04542675461592057;-1.2967216496919074;0.02462974165165308;0.4498095025332584;0.5400782635883993;1.2980386943713889
30.122483;0.3160549916865594;0.022518218444481174;0.07341516445441527;0.40862289214097597;1.295509274297749;10.005575070818809;0.7499450689874948;0.012583599552515484;1.0448419387390957;0.023188785706332014;0.7022090251776666;0.044058529519306125;-1.296833653212389;0.023739714451057027;0.44987069815991226;0.5400802146536974;1.2981174018740933
30.123178;0.31603135603606936;0.021662955347585448;0.07069552523507838;0.4086775848167505;1.2957230255703993;10.00582951762528;0.7499478400656617;0.012583517938841613;1.0448232553699872;0.022329061273197115;0.7023000552035631;0.0427322011217051;-1.2969416567773333;0.022877651796664733;0.44992786945995517;0.5400783111242765;1.2981943249081938
30.123874;0.3160066783573638;0.02083580330829723;0.06806488973357108;0.4087276413270746;1.2959254509092208;10.006085256127193;0.7499508738464814;0.012583443329501691;1.0448055041506257;0.021495363521067973;0.7023870677424391;0.04144573243967988;-1.2970466603756126;0.02204155226623501;0.4499810155980419;0.5400745838824238;1.2982702805802457
30.124569;0.3159818708148174;0.020032607903472423;0.06550987000949086;0.40877451833926487;1.296117422262424;10.006341586920104;0.7499541727090443;0.012583375766888122;1.044788671199015;0.020687692843538514;0.7024690538186279;0.04019709131407684;-1.2971476639950776;0.02123141287630096;0.45003013549998816;0.5400680616194187;1.2983440905365782
30.125265;0.31595595104028124;0.01925496844788895;0.06303572029751056;0.4088169394894598;1.2962989308356656;10.006597849600961;0.7499577340990224;0.012583315334870337;1.0447727496586618;0.019905051584675197;0.7025480029158767;0.03898725051380674;-1.2972456676251307;0.020446232357680977;0.45007622824661386;0.5400607698675467;1.2984166794276817
30.12596;0.31593088528273866;0.018501982539085384;0.06063917015326973;0.4088579223551649;1.2964714597112035;10.006853377932318;0.7499615449826811;0.012583262071086518;1.0447577345951773;0.019145439726497262;0.702621903554293;0.03781318563059527;-1.297339671255653;0.01968401257417108;0.4501192931771795;0.5400507341932236;1.2984868700026158
30.127352;0.3158928066661838;0.017059762512424186;0.056058808310425055;0.4089288584678723;1.2967916103278612;10.007107465673483;0.7499655855826456;0.012583215848688637;1.0447436188037373;0.017698853330189383;0.7027537434312873;0.03556687304572356;-1.29751867487458;0.018234757908947307;0.45019532972184356;0.5400459838944286;1.2986132437888773
30.128603;0.31585670787137665;0.01583836468327762;0.05217753571499272;0.40898370167926473;1.2970518221827212;10.007359421767982;0.7499698372489954;0.012583176320971907;1.044730387025918;0.01647128641014876;0.7028615095863547;0.033660284069726314;-1.2976696784674822;0.017004474151001512;0.4502553371105168;0.540036554280653;1.2987236230939834
30.129855;0.31582028182394084;0.014683167969945884;0.048505506479038854;0.40903086882186834;1.2972883777704871;10.007608656557267;0.7499742844919596;0.012583142979954677;1.0447180168516312;0.015311733132920358;0.7029591889224471;0.03185537892953874;-1.297810682017346;0.015842166831657713;0.45030731423347836;0.5400234861285357;1.2988287586746399
30.131107;0.3157835537767775;0.013593660327838788;0.04504112167875733;0.40907146645912973;1.2975047682383627;10.007854713590925;0.749978915021373;0.012583115287194826;1.0447064944297906;0.014216187504334652;0.7030497694046803;0.030147110483824614;-1.2979436855034088;0.014743839750636832;0.45035225998046624;0.54000782123761;1.2989301132368998
30.132359;0.31574742456489285;0.012564735536087899;0.041768079635590344;0.4091067594615874;1.2977013570386031;10.008097244925004;0.7499837224379698;0.012583092832683147;1.0446958321468094;0.013182641078324503;0.7031322411347101;0.02853143314642455;-1.2980686889013253;0.013707495247392973;0.45039217389840974;0.5399886005131399;1.2990272201228035
30.133611;0.315710837701547;0.0115923123972642;0.038673586080314154;0.40913614517178265;1.2978806249551813;10.008335988701303;0.7499887042183994;0.012583075417247052;1.0446860687459822;0.012206082635839442;0.7032075963342649;0.02700330535034605;-1.2981866921853387;0.012728135378786528;0.4504250566482716;0.5399678669854358;1.29912063554431
30.134863;0.31567582498636304;0.010675812549549725;0.03575556972960551;0.4091623712444001;1.298042966806479;10.008570771518007;0.7499938494367403;0.012583062945129089;1.0446772507391475;0.011283499827067908;0.7032758284076845;0.025556688522728587;-1.2982966953303807;0.011802763136537189;0.4504539097969556;0.5399456690832597;1.2992089449918642
30.136115;0.31564027764712294;0.009809561539915919;0.03299628942871217;0.40918396731751905;1.2981924461405825;10.008801491256811;0.749999126481435;0.01258305529420706;1.0446694128745508;0.01041288014888343;0.7033399304558404;0.02418754857473364;-1.2984006983134542;0.010929384184140205;0.4504787350335887;0.5399210649935173;1.2992938203723818
30.137367;0.3156052462814036;0.008993000892783931;0.0303938587265307;0.4092022346569745;1.298328886905987;10.009028039073053;0.7500044819555768;0.012583052356769153;1.0446625720217309;0.00959121175659036;0.7033978944805755;0.0228928581430472;-1.298497701113988;0.010105007415102282;0.45049953345786803;0.5398951255255048;1.2993739849269854
30.138619;0.3155707039379383;0.00822330897167014;0.02793934404978786;0.40921720403709033;1.2984524800541921;10.009250231125314;0.7500098486559182;0.012583054096132371;1.0446567301259149;0.008816483739085574;0.7034507121466251;0.021667598289714696;-1.2985887037122705;0.009327642466639502;0.45051730546121915;0.5398679275694304;1.299450150918395
30.139871;0.31553657699156656;0.007496714956215923;0.025620810979672923;0.4092295486386071;1.2985656050919543;10.00946783320287;0.7500151539887262;0.012583060495014063;1.0446518802403038;0.00808468511223688;0.7035003756769305;0.020507759617325587;-1.2986747060879527;0.008593296379378923;0.45053205115610956;0.5398405461460095;1.2995230788915044
30.141123;0.31550283022419323;0.006811057050943314;0.02343142431349391;0.409239686867067;1.2986696360739174;10.009680622663659;0.7500203221221473;0.012583071517019654;1.0446480159272697;0.0073938049860081565;0.7035458778696893;0.01941134201382847;-1.298755708221543;0.00789997269876735;0.450544770910928;0.5398120558034843;1.2995925920797355
30.142375;0.31546947743183024;0.006165464249745977;0.02136843298096452;0.40924780900215885;1.2987650089555585;10.009888407529122;0.7500252721792845;0.012583087098480312;1.0446451374681027;0.006742835047764672;0.7035872120777874;0.018373352663321414;-1.2988307100978684;0.007246673349877875;0.4505544654733146;0.5397825319609412;1.2996574947193849
30.143627;0.31543650093410996;0.005557439984361206;0.019423929481067834;0.4092538200682585;1.2988514086152607;10.010090991032975;0.7500299204546244;0.012583107106836055;1.044643248152513;0.0061297718287674895;0.7036253727050296;0.017390803598662442;-1.2989017117079207;0.006631400874347376;0.45056313553978466;0.5397530465337419;1.2997196427811653
30.144879;0.3154048032338359;0.004983465360477248;0.017586715471224004;0.40925974511085805;1.2989314994788217;10.010288099300045;0.7500341871722074;0.012583131329014488;1.0446423497778465;0.005550616190443642;0.7036603559561311;0.016461708590724017;-1.2989687130473715;0.0060501592270125176;0.4505697813982746;0.5397236699389287;1.299778923766256
30.14613;0.31537349114912666;0.004443669691220297;0.01585727687713817;0.40926402836384806;1.2990040317802758;10.010479351304848;0.750038000036356;0.012583159500751392;1.044642446062253;0.0050043708911875475;0.7036931606422169;0.015582080769481829;-1.2990317141136045;0.005501954047709296;0.45057440325726666;0.5396934818680196;1.2998352194827358
30.147382;0.31534154860631786;0.003935921418664997;0.014228906907440829;0.40926588939588937;1.2990707775763133;10.010664330655414;0.7500412936485593;0.012583191301805107;1.044643543634495;0.004490039472680671;0.7037237890173168;0.01474993710497759;-1.2990907149040063;0.004985793278673285;0.4505790018867033;0.5396645770588242;1.2998884587804949
30.148634;0.31531097182170603;0.003457301912765195;0.012692270536659871;0.40926817700775153;1.2991326663505576;10.010842668977801;0.7500440118738132;0.012583226354956355;1.0446456475688588;0.004005626971245771;0.7037512473553356;0.01396230480484826;-1.299145715415364;0.004499687090200379;0.4505815789016276;0.5396350579310737;1.2999385786791073
30.149886;0.3152808231367415;0.0030066164922916746;0.011243654682064461;0.40926927360398446;1.2991885922158233;10.011014046775719;0.7500461107461134;0.012583264277437025;1.0446487629671084;0.0035491407367822195;0.7037775453584988;0.013216218275779068;-1.299197715644293;0.004041646666306484;0.450583136736545;0.5396060216669835;1.2999865299717002
30.151138;0.3152511729464167;0.0025829814756035403;0.009880296223352908;0.40926981360463327;1.2992404618604736;10.011178189343827;0.7500475562745617;0.012583304692462934;1.0446529002682978;0.0031185906206991753;0.7038016942747347;0.01251071161977679;-1.2992467155899006;0.003609683346462017;0.45058367842314717;0.5395785503010136;1.3000322916062115
30.15239;0.31522204360646405;0.002184182613404542;0.008595217285503873;0.4092697670213407;1.2992882668192387;10.01133494827665;0.7500483225604162;0.012583347144398372;1.0446580749535037;0.002713987857111646;0.703823705175327;0.011843815393564706;-1.2992927152548461;0.0032038086633815804;0.4505842068856119;0.53955070344775;1.3000758394841374
30.153642;0.31519355413634503;0.0018102868807396554;0.007388685587832219;0.40926925402115427;1.2993320430589106;10.01148438140488;0.7500483960188016;0.012583391054522214;1.0446643028323799;0.0023323434954295418;0.7038445882566408;0.011212554643487213;-1.2993357146421463;0.002821034248012366;0.4505837241832391;0.539523520584333;1.3001171474708746
30.154894;0.31516666227282397;0.0014580518163561018;0.00625044707365609;0.40926981628945647;1.2993728412953327;10.011626716061846;0.7500477804221571;0.012583435826500858;1.04467159588253;0.0019736687229179742;0.7038643528461552;0.010613946359423572;-1.2993757137534916;0.002461371632102893;0.45058323154481117;0.5394980339731656;1.3001561903432026
30.156146;0.3151394327914605;0.0011273170593364627;0.005180078663274185;0.4092689003535087;1.2994106418666793;10.011762210049014;0.7500464947132562;0.01258348095782894;1.0446799614596558;0.0016359766354588443;0.7038820078195955;0.010048999447612046;-1.299413712591191;0.002122832178801996;0.45058273004672666;0.539472275900272;1.300193962970443
30.157398;0.3151128833949122;0.0008161166845088769;0.004171345573478469;0.4092674987883161;1.2994445319299524;10.011891000650772;0.7500445682379214;0.012583526004224643;1.0446894038768493;0.001319283193214952;0.7038995616966965;0.009513718110058128;-1.2994497111582817;0.001805427229708113;0.45058122110484455;0.5394482818616319;1.3002304066611827
30.15865;0.31508614720200767;0.0005252620461678459;0.0032268394733775503;0.4092650933400626;1.2994765995477853;10.012013045558037;0.7500420407445948;0.012583570497984597;1.0446999254782234;0.0010206071571973434;0.7039150223068428;0.009006107479590773;-1.2994827094568668;0.0015061684775862993;0.45057870643507264;0.5394250996879756;1.300264466907168
30.159902;0.31506119524417164;0.0002517413069909214;0.0023369683035540083;0.40926391466327844;1.2995059474166197;10.012128177051366;0.7500389621117265;0.012583613911518894;1.0447115258726813;0.0007399704818208776;0.7039303971877131;0.008527177269046754;-1.2995147074903457;0.001225066387129894;0.45057718788706597;0.5394027914022463;1.3002980933050052
30.161154;0.31503711149556163;-4.3329625914556124e-06;0.0015020901390817194;0.40926273685220543;1.2995326213810727;10.012236184428538;0.7500353864709551;0.012583655606140099;1.0447241997688166;0.000476399537169429;0.7039446938355245;0.008072939046497226;-1.299543705267873;0.0009611261793379815;0.4505746675217679;0.539381418829892;1.3003291859540935
30.162406;0.3150129908014096;-0.00024345707295806782;0.0007206325453368214;0.4092606934673219;1.29955780051339;10.01233687120988;0.7500313634416904;0.012583694805795527;1.0447379376835502;0.00022992557635850657;0.7039579186472023;0.007642400694571299;-1.2995717028045821;0.000714346161218911;0.4505721477661425;0.539361030196565;1.3003596546332132
30.163657;0.31498982516216195;-0.0004682716017836813;-1.5772037748160064e-05;0.40925871773239675;1.299580580727861;10.012430102167368;0.7500269340361571;0.01258373064231497;1.0447527273752946;-2.417327572542551e-06;0.7039700762681778;0.007235565254783621;-1.2995977001176886;0.00048172009068429833;0.4505706313891623;0.5393426607554254;1.3003884161216563
30.164477;0.31497012032833627;-0.0006089306323260054;-0.00048525239222972714;0.4092578646799418;1.2995941955438588;10.0125158643736;0.7500221356255103;0.012583762210221049;1.0447685494712653;-0.0001505963746370472;0.7039791697638959;0.006962435587965243;-1.2996136972227061;0.0003332392537546933;0.45056812142069824;0.53932533553441;1.3004079364933117
30.165215;0.3149513944664437;-0.0007318542650259518;-0.000898690027048482;0.40925719471351657;1.2996061112900792;10.012594349553636;0.75001700747992;0.012583788640530289;1.044785373684592;-0.00027958393586207655;0.7039872003945183;0.00672001843617251;-1.2996276941311744;0.00020389299701257374;0.45056562107407455;0.5393100666668094;1.300425579687516
30.165953;0.3149330742426283;-0.0008496433874712326;-0.001296059609188657;0.4092561487944076;1.2996170991227725;10.012665981107887;0.7500115887187937;0.012583809202894354;1.0448031619628473;-0.0004053602458799156;0.7039951679110725;0.006483321980797444;-1.299641690849867;7.766925954202262e-05;0.45056313341396825;0.5392958522641434;1.3004431602936943
30.166691;0.3149151344778947;-0.0009632740407671209;-0.0016804221109943049;0.40925494542967644;1.2996280839613161;10.012731300215222;0.7500059154191684;0.012583823350670365;1.044821874258945;-0.0005269142143192304;0.7040030715498345;0.006254353161061933;-1.2996546873824784;-4.444470956204913e-05;0.4505606608970876;0.5392826791699472;1.3004596415676324
30.168166;0.3148942068739611;-0.0011839646959674666;-0.0024050066579024004;0.40925228749538267;1.2996489075579392;10.012790803606231;0.7500000236172601;0.012583830678230736;1.0448414732957783;-0.0007542421584964204;0.7040139096391946;0.005830121462295156;-1.299679683732406;-0.00027246096694515695;0.45055720513698955;0.5392685326388038;1.3004871308929544
30.169642;0.3148744167792865;-0.001389121865003192;-0.003080414292219411;0.40924984253368196;1.299667858902231;10.012844840350855;0.7499939520966177;0.012583830850410423;1.0448619263669547;-0.0009663460957266642;0.7040246787548369;0.005434641488057257;-1.2997016799029324;-0.0004853897232020095;0.45055476685409135;0.5392554082728261;1.3005116351452846
30.171117;0.3148547702259777;-0.0015789739329435993;-0.0037073509045733276;0.4092466035672939;1.299685885307594;10.012893557992241;0.7499877401113229;0.012583823582006132;1.0448832011038949;-0.0011622316316957388;0.7040343746480732;0.005065928368891697;-1.299723675895474;-0.0006822410241979762;0.4505513461326791;0.5392443132518494;1.3005361024472133
30.172593;0.3148373949718747;-0.0017526966204273438;-0.004283133971360385;0.4092447433064601;1.299701201093556;10.012936929212854;0.7499814243854446;0.01258380867159104;1.0449052580612552;-0.0013429052141783137;0.7040429934759276;0.004722994864004607;-1.2997426717079288;-0.0008640281815362433;0.45054794311784796;0.539233261210209;1.300557490244615
30.174068;0.31482021256092935;-0.0019130193905829256;-0.00481641785818376;0.4092421264126735;1.2997157504375523;10.012974845669948;0.7499750373119548;0.012583785983361247;1.0449280470643725;-0.0015103734078106348;0.7040525320629534;0.004402854736040157;-1.2997616673330838;-0.001032768716988834;0.4505455584596732;0.5392242682841104;1.3005787559490267
30.175544;0.31480437123978894;-0.002059633360585643;-0.00530615910331678;0.4092403025628064;1.2997298858814281;10.013007202653602;0.7499686068502628;0.012583755373336105;1.0449515061738557;-0.0016626447339045392;0.7040609876716032;0.004104521791734735;-1.2997786627602663;-0.0011864825204051849;0.4505421931142417;0.5392173482186798;1.3005978747610205
30.17702;0.31478985433579204;-0.002194174552036908;-0.005757506553281171;0.4092388711594176;1.299742585395876;10.013033964589326;0.7499621617492443;0.012583716697465924;1.0449755642320515;-0.0018027302012910106;0.7040683573483016;0.003827003013384319;-1.2997946579809814;-0.001328189476309471;0.45053984814675246;0.5392105099674409;1.300615826613387
30.178495;0.31477682148101216;-0.0023153107306507696;-0.006166183291417275;0.40923804198145547;1.2997540590492471;10.013055178341146;0.74995573733205;0.012583669906338111;1.045000152500378;-0.0019316406054572946;0.7040766376183417;0.0035672975972867874;-1.299808652992241;-0.0014589077113139537;0.4505375246332482;0.5392057615833328;1.3006315745369557
30.179971;0.3147642696170953;-0.002425834065711262;-0.006541049016683674;0.40923650905472514;1.2997645262640005;10.013070935892868;0.7499493745993956;0.0125836151384665;1.0450252152150261;-0.0020483833302288425;0.7040838249050897;0.003325400977394012;-1.2998226477945518;-0.0015776541232486057;0.4505352231854904;0.5392021140908;1.300647068791384
30.181446;0.3147533049793886;-0.002525477384989369;-0.006881205943217754;0.4092356893808401;1.2997741373631397;10.013081375708627;0.7499431179331952;0.01258355281528572;1.0450507088619334;-0.0021539614213373307;0.704090915608147;0.003100305936387446;-1.2998356423885449;-0.0016854465635398946;0.45053294345718303;0.5391995783508439;1.300661243480549
30.182922;0.3147429098899674;-0.002616410594696011;-0.007193537126545621;0.409234245306423;1.2997830069522311;10.013086709097637;0.74993701363745;0.012583483651282474;1.0450765964754336;-0.002250375300665134;0.7040979054849241;0.002889004935556267;-1.2998466367745019;-0.0017843051632550502;0.45053168425294754;0.5391981575288772;1.3006730310242982
30.184398;0.31473422060648615;-0.0026973775357665413;-0.00747398240983429;0.4092340153618179;1.2997923794040647;10.013087226805501;0.7499311029362135;0.012583408471479767;1.04510284337836;-0.002337625257518803;0.7041037893022875;0.002692495787844274;-1.2998576309539165;-0.0018742526607203238;0.45052944397792277;0.5391988415919864;1.3006843869383866
30.185873;0.31472619542723257;-0.0027702957516490046;-0.007728612052530419;0.4092327056836131;1.29979932766227;10.013083372053263;0.7499254154345246;0.012583328057630933;1.0451294157652058;-0.002416713026096938;0.7041105613271599;0.0025077828940326336;-1.299868624929629;-0.001956314216235949;0.4505282206781369;0.5392006093208245;1.3006952746487985
30.187349;0.31471990176610315;-0.002835172988871526;-0.007957383818664147;0.4092327054773472;1.2998070805905255;10.013075843211308;0.7499199738086039;0.012583243189870948;1.0451562775341279;-0.0024866432427652126;0.7041162159636524;0.0023358751212322233;-1.2998776187052246;-0.002029515967580479;0.4505270116991534;0.539203437956002;1.3007036719909872
30.188824;0.314714348642826;-0.0028926076342437605;-0.008162199928768852;0.409232119842918;1.2998137417318574;10.01306551630773;0.7499148028261517;0.012583154694310284;1.0451833827474124;-0.002550423821061962;0.7041227483516268;0.002174786763877832;-1.2998866122856723;-0.0020968825839627046;0.4505258137159809;0.5392073086383572;1.3007115492084014
30.191775;0.3147088162691486;-0.0029951322255758026;-0.00850995525713578;0.4092324091545545;1.299826918164591;10.013053228385274;0.7499099304302971;0.012583063455976026;1.0452106738436617;-0.002658063224822857;0.704131155732122;0.0018965371706619778;-1.2999026056780045;-0.0022084366089633934;0.45052462316579445;0.5392122009899664;1.3007257051839753
30.194431;0.31470542584063893;-0.003066850611395774;-0.008759497844896784;0.40923301076174745;1.2998360011619854;10.013039653972855;0.7499053844716586;0.012582970484154958;1.04523808666273;-0.0027355675650753636;0.7041394386447313;0.001676147563796831;-1.2999145988911571;-0.0022902001602473298;0.4505244366639501;0.5392180875469221;1.3007353626918143
30.197088;0.3147024941775623;-0.0031224500924912904;-0.008957537335317548;0.4092331325872192;1.29984529103787;10.013025287054624;0.7499011930370566;0.01258287691216742;1.0452655516852736;-0.002795940767275943;0.7041466002577559;0.0014806436173384618;-1.2999255919348351;-0.002355195904386344;0.45052425147369424;0.5392259380678425;1.3007434365682182
30.199744;0.3147020283330108;-0.0031636795031075933;-0.00910957645095794;0.40923497840805684;1.2998533104726882;10.013010438953208;0.7498973842596961;0.012582783921972242;1.0452929920607295;-0.002842186446826917;0.7041536449603439;0.0013070627537744607;-1.2999345848172452;-0.002406446537534982;0.4505240659671162;0.5392347302921124;1.3007489008261461
30.2024;0.31470203728993024;-0.003192536872972196;-0.009222032774031745;0.40923623310862295;1.2998607146202008;10.012995263443349;0.7498939814032989;0.012582692749763376;1.045320325174527;-0.0028753092286635455;0.7041605780173497;0.00115445462337215;-1.2999425775440012;-0.0024449736772831523;0.45052487991190077;0.5392454537380041;1.3007527450144192
30.205056;0.31470347038374746;-0.003211018914095808;-0.009301239719762586;0.4092379841028644;1.2998668409005696;10.012979779556545;0.7498910022106844;0.012582604716239136;1.0453474693103906;-0.0028973138414129644;0.7041664055359953;0.0010178733557729231;-1.2999505701204364;-0.0024727956618188674;0.450525694378956;0.5392561012473428;1.300755967181712
30.207712;0.3147053512342946;-0.0032202631538776195;-0.009350867792109563;0.4092391628834465;1.2998721809959082;10.012963861459172;0.7498884681340867;0.012582521159468178;1.0453743503218502;-0.0029112024074401444;0.7041731338764722;0.0008973706496575668;-1.2999565625548914;-0.0024929244850309023;0.4505265107744317;0.5392686623445422;1.3007565785653012
30.210368;0.31470871241305043;-0.003220947474848725;-0.009373070779696513;0.40924125982779286;1.2998771101390207;10.012947270203552;0.7498864095746293;0.012582443296781763;1.0454009035726906;-0.0029159736711454917;0.7041787699413367;0.0007909939261204144;-1.299961554859116;-0.00250436386665628;0.4505273296856096;0.5392821244062758;1.3007555979577112
30.213024;0.31471359105145413;-0.0032139748877035327;-0.009370750436961048;0.40924448752884324;1.2998820665675554;10.012929733412674;0.7498848603919965;0.012582372085451867;1.045427073929814;-0.0029136253596176017;0.7041843221964021;0.0006957882814497248;-1.2999665470470045;-0.0025091103871709374;0.4505291508362739;0.5392964690207698;1.3007540592987867
30.21568;0.31471785193067287;-0.003202725902619966;-0.009354746708575076;0.4092458197691172;1.299886168906768;10.012910966707292;0.7498838540754036;0.012582308213486474;1.0454528133873295;-0.002905155900224557;0.7041907995906476;0.0006107980956297838;-1.2999705391340772;-0.0025081565676099153;0.4505299736497616;0.5393126624558939;1.300751017929828
30.218336;0.31472364943399805;-0.003184731025406762;-0.009317181463272898;0.40924818118975786;1.2998897413200987;10.012890609335189;0.7498834229454607;0.01258225219909148;1.0454780757839515;-0.0028915637085426926;0.704195209040142;0.0005350632677706759;-1.299974531135803;-0.002502492415414521;0.4505317973801638;0.53932865271099;1.3007475445138763
30.220992;0.3147308501973825;-0.0031644605077452395;-0.009272296095535659;0.4092515110253852;1.299893075374154;10.012868181636799;0.7498835944910965;0.012582204433467704;1.0455028200122647;-0.002873846730479751;0.7042005547081333;0.00046661387561672545;-1.299977523065193;-0.00249310404081726;0.45053262112529074;0.5393463741913308;1.300742714039567
30.223648;0.3147376108746299;-0.003138153390262649;-0.00920824849175566;0.40925349124551597;1.2998963278528983;10.012843128535081;0.7498843900811603;0.012582165245931311;1.045527019017257;-0.002852003132351007;0.7042058390676053;0.00040646912257116124;-1.2999805149328043;-0.0024799716702289696;0.45053444434245504;0.5393647493633029;1.3007375973284947
30.226304;0.3147457263032536;-0.003111113936699154;-0.009141902454504485;0.4092565346536638;1.299899640556532;10.012814888799;0.7498858270051417;0.012582135054992115;1.0455506551009603;-0.0028270315747418273;0.7042110635899551;0.0003526381432614173;-1.2999835067487149;-0.002464070613035767;0.4505352674381542;0.5393826855710562;1.300732254332175
30.22896;0.3147543469575469;-0.0030796817499614162;-0.009061737794852772;0.4092593067355899;1.2999021695513504;10.012782923352244;0.7498879180679763;0.012582114438098346;1.045573705627873;-0.0027989314900929555;0.7042152285560368;0.0003031217072713139;-1.2999854985247432;-0.002445375197432525;0.4505370916491228;0.5394020735948251;1.3007257355128479
30.231616;0.3147633835807149;-0.003046379432185893;-0.00897585267711303;0.4092621115918739;1.2999051191565585;10.012746688953493;0.7498906716544539;0.012582104046183103;1.0455961345209683;-0.002768704577802066;0.7042203333547217;0.00025891514684271585;-1.2999874902752682;-0.0024248618504639323;0.4505389186295224;0.5394217895344305;1.300719083480621
30.234272;0.3147727985719263;-0.003011530163324661;-0.008885345944243297;0.40926465484343;1.2999075520404728;10.01270560215653;0.7498940948728613;0.012582104491269081;1.0456178908430336;-0.0027363563872060143;0.7042243773795978;0.00022001024653729666;-1.299988482016103;-0.0024025088337685007;0.45053975049740674;0.5394417018716696;1.3007113356460704
30.236928;0.31478255443247666;-0.002975441335291768;-0.008791252344943622;0.4092669560587467;1.2999095288516247;10.012659036111895;0.7498981937396267;0.012582116359443833;1.045638916587222;-0.002702895201826185;0.7042283602223265;0.00018339724830381495;-1.2999904737639445;-0.002379294108783492;0.4505415898532807;0.5394606798660638;1.3007045350415758
30.239584;0.3147936775876029;-0.0029375231992984784;-0.008691716310542304;0.409270435148289;1.2999111951599305;10.012606349072538;0.7499029698556993;0.012582140290440889;1.045659163532514;-0.0026673282820599527;0.7042322815196886;0.00015106771572790493;-1.299991465536798;-0.0023541943759196886;0.4505434392642646;0.5394805937112152;1.3006967387827597
30.24224;0.3148041531889241;-0.0028978961552578097;-0.008587224345469631;0.4092728314920865;1.2999136114006675;10.012546968504886;0.749908420247007;0.012582176965881313;1.045678607320373;-0.002630659779654422;0.704237141677069;0.00012201714317231784;-1.2999924573534951;-0.0023281860565573863;0.4505453009137241;0.5395003136636326;1.3006890121794108
30.244896;0.314814917643406;-0.0028586010850681007;-0.00848428166714412;0.4092747676459874;1.2999148675506396;10.012480504391968;0.7499145399285779;0.012582227051998627;1.0456972509529388;-0.002593892141693054;0.7042409427273896;9.424754158265017e-05;-1.2999934492327603;-0.0023022469181547154;0.4505461769165161;0.5395197147937421;1.300681422343699
30.247552;0.3148270309064242;-0.0028180670879828086;-0.008377922814665664;0.4092782376769163;1.2999169288096324;10.012406777725486;0.7499213206135421;0.01258229116267873;1.0457151216833578;-0.002556027282882161;0.7042446883403153;6.977053195177465e-05;-1.2999944411924504;-0.00227535751628201;0.4505480696085292;0.5395386778482938;1.3006740334786449
30.250208;0.3148384335736864;-0.002778375445995173;-0.008274870759429382;0.4092803056341203;1.2999189463476826;10.012325746701537;0.7499287466683845;0.012582369772049946;1.0457322665042734;-0.002517065919286894;0.7042473835600463;4.7609716920375446e-05;-1.2999954332491352;-0.0022475018179140176;0.45054898137539817;0.5395570836197247;1.3006668996590434
30.252864;0.31485121747231576;-0.002736794897080591;-0.00816643450837855;0.4092834041083043;1.2999199147584222;10.012237406866683;0.7499367930798243;0.01258246312779892;1.0457487494082505;-0.0024790080044451487;0.7042510338439435;2.6797794786610516e-05;-1.2999954254189443;-0.0022206662323536594;0.4505509145987878;0.539573812110628;1.3006590580355955
30.25552;0.3148632375936842;-0.002696022851476399;-0.008061267867079414;0.40928541986432054;1.299921836414755;10.012141710667784;0.7499454249975384;0.012582571251030314;1.0457646498239592;-0.0024398544913518732;0.7042546429629385;7.367314412928953e-06;-1.2999964177188752;-0.0021928376110682568;0.4505528720272347;0.5395907560702886;1.3006525241106972
30.258176;0.31487656907983025;-0.002653978809541456;-0.007952723345213486;0.4092885070564278;1.2999228223476629;10.012038527945673;0.7499545998711341;0.01258269393811498;1.0457800572361773;-0.0024006081576500786;0.7042582120141896;-9.657688087722616e-06;-1.299997410166415;-0.002165001942172156;0.450553857270024;0.5396068379756638;1.3006462967782777
30.260832;0.31488905469598294;-0.002613050763902037;-0.007848457939369818;0.40929053416474875;1.2999248188409536;10.011927636705147;0.749964273383297;0.012582830757371755;1.0457950634176811;-0.002361273738604436;0.7042607412399325;-2.526093643764461e-05;-1.2999974027775085;-0.002137144112706482;0.450554874926158;0.539622014086562;1.3006393717899745
30.263489;0.3149017515774295;-0.0025707628883670877;-0.007740592373689372;0.40929233834604767;1.2999258803447011;10.011808725869736;0.7499744043787188;0.012582981154734772;1.0458097558703032;-0.0023218578644865285;0.704264232681518;-4.042402500867344e-05;-1.299997395565884;-0.0021092476073967747;0.4505569298218624;0.5396352671144751;1.3006327502277872
30.266145;0.3149155331725819;-0.002529106855445501;-0.007635445006363499;0.4092954853983582;1.2999270940478076;10.01168143560335;0.7499849541363077;0.012583144609755454;1.0458242102734177;-0.0022833687329017797;0.7042666904188036;-5.311598340706469e-05;-1.2999983885453836;-0.0020822946273174065;0.45055802578856335;0.5396485945662631;1.3006274378471938
30.268801;0.31492827257004413;-0.0024885711265584228;-0.007534630481097248;0.4092975772293773;1.2999293223770507;10.0115454180085;0.7499958825684381;0.012583320691681214;1.0458384813358903;-0.0022438167137754433;0.7042701184314699;-6.529032652467777e-05;-1.2999983817320941;-0.0020542683959709207;0.4505601651028018;0.5396609995353451;1.3006214435695242
30.271457;0.3149420052575447;-0.0024474170138675195;-0.007432574110569816;0.40930047017374604;1.2999297348168992;10.011400324885777;0.7500071490972317;0.012583509042276623;1.0458525984561058;-0.002205215140483942;0.7042725192506115;-7.589168332676176e-05;-1.2999983751435307;-0.0020271565458251594;0.45056134875258247;0.5396724880571658;1.3006157825808797
30.272147;0.3149531830831856;-0.0024317653024221162;-0.0074123305729140035;0.40930034480825794;1.299930539525013;10.011245749985227;0.750018719132771;0.012583709391640758;1.0458665721029023;-0.0021915785910700657;0.7042738949646836;-8.286682858326166e-05;-1.2999983687968466;-0.002024952269986467;0.450561576962434;0.5396810683109285;1.3006104795937021
30.272147;0.31496440006344223;-0.0024247532776901;-0.007420272652684173;0.4093004200109394;1.2999310163116182;10.011081280909641;0.7500305661885873;0.012583921628887048;1.0458804009902212;-0.0021869204880894952;0.704274248890245;-8.816862386018556e-05;-1.299998362707584;-0.0020316534091523713;0.4505608497460353;0.5396887503054293;1.3006055680424864
30.272149;0.31497539625355425;-0.002417690790109287;-0.007428816796899989;0.40930051144540414;1.2999315259933866;10.010906637966302;0.7500426683442724;0.012584145847349465;1.0458940719860426;-0.0021822537525081017;0.7042745858630556;-9.275046655071521e-05;-1.2999983568889812;-0.002038261683476205;0.4505601674664518;0.5396955473920102;1.3006010861895705
30.272151;0.3149861576676744;-0.00241057987857372;-0.007437996672659762;0.40930062095323994;1.2999320698784078;10.0107217120844;0.7500550093937254;0.01258438222740298;1.0459075632838148;-0.002177592094853976;0.7042749120161732;-9.656246915599841e-05;-1.2999983513527944;-0.0020447811738103366;0.4505595311574666;0.5397014760897133;1.300597071434778
30.272156;0.31499667113258745;-0.0024034240000027295;-0.007447849109692322;0.40930075000916666;1.2999326493988428;10.010526481630052;0.7500675817541937;0.012584630813876634;1.0459208514530411;-0.0021729488420153824;0.7042752351843664;-9.955532761817616e-05;-1.2999983461103426;-0.0020512158796951703;0.45055894245893885;0.5397065576292142;1.3005935508184596
30.272164;0.31500691672191816;-0.0023959167346542932;-0.0074574068230023995;0.4093008814087538;1.2999332077830863;10.010320951609932;0.7500803816815538;0.012584891459324597;1.0459339129804226;-0.0021683351708881838;0.7042755642574556;-0.00010168747248085977;-1.2999983411723188;-0.002057568993423322;0.45055840340043973;0.5397108248563369;1.3005905341126416
30.272182;0.31501687260410893;-0.002388385318472422;-0.007467688086360043;0.4093010338370399;1.2999338021839346;10.010105165989714;0.7500934013879017;0.012585163957807267;1.0459467207812236;-0.0021637595494818362;0.7042759072466449;-0.0001029317953052645;-1.2999983365487955;-0.002063843565856911;0.450557916221085;0.5397143258656425;1.3005880215338266
30.272216;0.3150265246913114;-0.002380512543205767;-0.0074776464901918326;0.4093015038685927;1.2999353713123873;10.009879268378226;0.7501066241919893;0.012585448106421334;1.0459592398776412;-0.0021582281438798207;0.7042762698350349;-0.00010327955316455001;-1.2999983322494526;-0.0020690417310789224;0.4505574832495543;0.5397171204520067;1.3005860168557324
30.272286;0.3150358686354721;-0.002372033857657658;-0.0074864023105327485;0.4093016451767589;1.299935858213766;10.009643617273882;0.7501200229355609;0.012585743613898377;1.0459714274462706;-0.0021527446175422346;0.7042766548532572;-0.00010273891522437275;-1.2999983282817875;-0.0020741634799153253;0.45055710674117677;0.539719275421355;1.3005845253294643
30.272425;0.31504484765700513;-0.0023632965009451937;-0.007495025812591688;0.4093016350301708;1.2999360615203879;10.009398896026683;0.7501335633607119;0.012586050011612974;1.0459832372439506;-0.002147308437637992;0.7042770625074279;-0.00010233092096711602;-1.2999983246477536;-0.002079207716644087;0.45055678856012005;0.5397208629584375;1.3005835404972148
30.272702;0.31505445916218433;-0.0023534143115799605;-0.007500643712366755;0.40930334438146126;1.299937802183286;10.009146075060443;0.7501472089109589;0.012586366656613696;1.0459946221072005;-0.0021389134006002293;0.7042774913330789;-0.00010008572512469944;-1.2999983213435007;-0.002081174496694761;0.4505565299764944;0.5397219594580268;1.3005830408663832
30.273257;0.31506269759291744;-0.002339125838576376;-0.007492908665108414;0.4093033672923758;1.2999385093320455;10.008886205624112;0.7501609210658253;0.012586692799863677;1.0460055362033522;-0.002127548011900599;0.7042789399211163;-9.803953958806646e-05;-1.2999983183636905;-0.0020800661830715785;0.45055633164232267;0.5397236387687709;1.300582999612111
30.274368;0.3150714853660047;-0.002316838153909041;-0.007460321149587386;0.4093045528214636;1.2999392307545077;10.008620244209137;0.7501746599412598;0.012587027698534384;1.046015941248292;-0.002109198715985298;0.7042804083408578;-9.523298708806585e-05;-1.2999983157054518;-0.0020718868490814993;0.45055719334491817;0.5397239612701181;1.3005833954323174
30.275478;0.31507985774608327;-0.002295882392949316;-0.007432500895762111;0.4093059871468214;1.299940954100222;10.008349084575046;0.7501883879732845;0.012587370715400779;1.0460258115894803;-0.00209085407824622;0.7042818972708716;-9.270967116565491e-05;-1.299999313368075;-0.002063640602703005;0.45055811363135667;0.5397249665003954;1.3005852142546546
30.276589;0.3150878363187888;-0.0022753155977304905;-0.007406403363816832;0.40930714035456867;1.2999417641813598;10.008073707440493;0.7502020690163383;0.012587721305041858;1.046035134318142;-0.0020725052191878017;0.7042834057487863;-8.851647934189568e-05;-1.2999993113494914;-0.0020553308434697964;0.4505590898117265;0.539725673373972;1.3005864383471686
30.277699;0.315095374185383;-0.002254474553698844;-0.007379864697231921;0.40930860307465555;1.2999435415465106;10.007795230185826;0.7502156633756554;0.012588078895270968;1.0460439075703265;-0.002054143640803938;0.7042849307358431;-8.370565538373673e-05;-1.2999993096431401;-0.0020469604265820588;0.4505601185413033;0.5397250860043823;1.3005880298750576
30.278809;0.31510242269470334;-0.002234339126973915;-0.007355930155855131;0.4093097997781141;1.2999444606595845;10.007514808534717;0.7502291269900819;0.012588442765963971;1.0460521372450595;-0.0020357616656805906;0.7042864688588653;-7.83350666607649e-05;-1.2999993082380308;-0.002038530657292156;0.45056119675051803;0.5397252019068497;1.3005899264511402
30.27992;0.3151089944740459;-0.0022126514305847514;-0.007327360068675659;0.40931107144837725;1.2999453688063092;10.00723351659032;0.7502424123781423;0.012588811959940226;1.0460598304417117;-0.0020173551625554103;0.7042880178207288;-7.346727827792912e-05;-1.2999993071216225;-0.002030039849518016;0.45056232223295434;0.5397250211102509;1.3005920553509454
30.28103;0.31511493303445204;-0.0021926179674260885;-0.007304288059877605;0.40931260300169603;1.2999473302452873;10.006952314861914;0.7502554663968873;0.012589185226447393;1.0460669891066492;-0.0019999243206999043;0.7042885764156466;-6.71674139510308e-05;-1.2999993062816926;-0.002022483713313905;0.4505634934419538;0.5397235494884145;1.300594354672884
30.28214;0.3151202631054815;-0.002172666204592023;-0.007281675391535695;0.40931382871489874;1.2999483125616016;10.006672102181206;0.7502682279035319;0.01258956105033377;1.04607360882257;-0.001981472223114467;0.7042901438744613;-6.0500356463889575e-05;-1.2999993057041244;-0.002013856634396596;0.4505647090085899;0.5397227907470611;1.3005967837571246
30.283251;0.31512503180325696;-0.002151800619012002;-0.007256318145629635;0.40931516165744225;1.2999493931282988;10.00639373368858;0.7502806292202936;0.01258993775587805;1.046079682883032;-0.00196300482519385;0.7042917186663462;-5.353147267172804e-05;-1.299999305369926;-0.002005151761714621;0.45056596753170036;0.5397217374268845;1.3005993167350374
30.284361;0.31512914216142934;-0.002132310756695887;-0.007235442826023365;0.40931641848982403;1.2999504665794628;10.00611796696098;0.7502926012893042;0.012590313635631246;1.0460852090587587;-0.0019455324130803287;0.7042932976781267;-4.53283752834125e-05;-1.299999305255932;-0.001997360622948071;0.450567267595185;0.5397193707559899;1.3006019272532654
30.285472;0.3151326856628496;-0.0021128922293577514;-0.007214848215956963;0.4093179944962886;1.2999525528066864;10.005845456662744;0.7503040790073497;0.01259068707442612;1.046090195113235;-0.001927068973361753;0.7042948775598523;-3.795937069152484e-05;-1.2999993053372187;-0.0019884733575203607;0.4505676078762147;0.5397176636498356;1.3006045802710886
30.286582;0.31513475424975984;-0.0020925268815488634;-0.007191265258004144;0.4093180623237463;1.299953734746446;10.005576818383922;0.7503150053547528;0.012591056596482466;1.0460946569634;-0.0019096289440523728;0.7042964568457029;-3.0492548428088437e-05;-1.2999993055891772;-0.0019804791606300564;0.45056898712999954;0.5397155835671575;1.3006072378386544
30.287692;0.3151372512729954;-0.0020736496001291216;-0.007172330938638551;0.40931934800729985;1.299954903312167;10.005312645156062;0.7503253345880965;0.012591420881777969;1.046098606586331;-0.0018922241062892364;0.7042980360593656;-2.2995758531641882e-05;-1.299999305989954;-0.0019723673404167114;0.45057040404593524;0.5397121009715875;1.300609865975302
30.288803;0.3151392970554229;-0.0020535912792927456;-0.007149527997474041;0.4093207162910013;1.2999561033155596;10.00505348066005;0.7503350346023766;0.012591778865058996;1.0461020391670222;-0.0018748622602052646;0.7042996160017269;-1.553183418817779e-05;-1.2999993065213031;-0.001964128791476734;0.4505718572455026;0.5397092010758644;1.3006124321258035
30.289913;0.31514075858295526;-0.002035267816785337;-0.007132052540915194;0.40932202074474777;1.299957345667662;10.004799863684388;0.7503440894603964;0.012592129826534548;1.0461049366270665;-0.0018575477051044965;0.7043011961078341;-7.151874552415011e-06;-1.2999993071670015;-0.001955756010350776;0.45057334521085846;0.5397048865945758;1.3006149013933102
30.291024;0.31514171686599396;-0.002015775339141627;-0.007110604928672955;0.4093234056276018;1.299958616574049;10.004552385411527;0.750352500222489;0.01259247332550689;1.0461072828595048;-0.001839283352056821;0.7043017743383914;1.057230637863422e-07;-1.2999993079113423;-0.0019462419823556957;0.4505748658808789;0.5397011692170409;1.3006172393752846
30.292134;0.31514208622217754;-0.0019964157033103;-0.007089243841086584;0.40932478821389806;1.2999598923452358;10.004311616003491;0.7503602841096961;0.01259280905471591;1.0461090672939348;-0.0018230726717344777;0.7043033482413731;8.20975173054522e-06;-1.299999308738359;-0.0019385803221851157;0.45057641626555867;0.5396970628796873;1.3006194153674855
30.293244;0.315141802538492;-0.001978805883949229;-0.007073017307463391;0.4093261038037119;1.2999612066605815;10.00407798444528;0.7503674714751883;0.012593136743968503;1.0461102758001528;-0.001805919358557753;0.7043049156368297;1.5130619078190786e-05;-1.2999993096314937;-0.0019297666691064955;0.4505769924322741;0.539691588042359;1.3006214006787287
30.295465;0.3151417029945488;-0.0019470521257402853;-0.007011320961212233;0.4093285256924894;1.2999628755464494;10.003851782862913;0.7503740963755159;0.01259345607303739;1.0461108823405143;-0.0017758259472024352;0.7043074748144862;2.183883063817674e-05;-1.2999993105747896;-0.0019077990268069104;0.4505795898063857;0.5396867790957524;1.3006231677614832
30.297464;0.31514003455856615;-0.001919785679148645;-0.0069632666089649575;0.4093295836124719;1.2999643520081696;10.003633261636018;0.7503801883030302;0.012593766636624506;1.0461108469616125;-0.001748793089914761;0.7043090243744429;2.8304638368501837e-05;-1.300000311554388;-0.0018886774889289096;0.4505812035187871;0.5396826824742332;1.3006256932243911
30.299462;0.31513886179163714;-0.0018920863088367045;-0.0069130862426180365;0.40933204977372395;1.2999659620451938;10.003422676284424;0.7503857761552324;0.012594068036191595;1.0461101277784912;-0.0017228194242734547;0.7043115626279709;3.4498913211079104e-05;-1.3000003125579582;-0.0018704054345973094;0.4505838284712856;0.5396773483339283;1.300626962850639
30.301461;0.31513613879498137;-0.001864464466759876;-0.006862367662786141;0.40933321030890296;1.2999675685906498;10.00322026070532;0.7503908957922838;0.012594359964656736;1.0461087006962682;-0.0016969019642951323;0.7043130872184221;4.139735324163705e-05;-1.300000313572629;-0.001851989990723866;0.450585459134355;0.5396718268930897;1.3006279755958898
30.30346;0.31513386737003807;-0.0018377331953183958;-0.006813585667604302;0.40933538044204326;1.2999682821894716;10.003026197745967;0.7503955889622381;0.012594642198232739;1.0461065652362007;-0.00167103647746602;0.7043145943246709;4.69840851232048e-05;-1.300000314583609;-0.0018334394269191798;0.45058808944469625;0.5396661671550455;1.300628742743366
30.305459;0.3151300453322649;-0.0018113868328877537;-0.006765110123722891;0.409336574681475;1.2999700422368645;10.002840652922952;0.7503999011490815;0.012594914551166852;1.0461037395983128;-0.001645217670018814;0.7043170772309001;5.2252541176682494e-05;-1.3000003155759512;-0.0018147600135941361;0.4505897128582091;0.5396604109032747;1.3006292852622292
30.307457;0.31512665251969446;-0.0017856148689368418;-0.006717431585813055;0.4093390726325282;1.2999718462542693;10.00266381159043;0.7504038845881429;0.012595176854549792;1.0461002636929153;-0.001620439304515354;0.7043185264722919;5.820437509654772e-05;-1.3000003165383391;-0.0017969558454436847;0.45059132255080886;0.5396545887883669;1.300629630459888
30.309456;0.3151216753985503;-0.0017606004324399866;-0.006671103945493198;0.40933998210350486;1.2999727542367197;10.002495804703644;0.7504075987080315;0.012595428968529814;1.0460962047063025;-0.0015956936932700065;0.7043209317730968;6.284624437159014e-05;-1.3000003174643742;-0.0017790321017379625;0.4505939119384435;0.5396487265255285;1.3006298010141049
30.311455;0.315116099130451;-0.0017361029501859035;-0.006625284522795668;0.40934089663806533;1.2999737055424676;10.002336592586934;0.7504111078289072;0.012595670766896366;1.0460916526499078;-0.0015709715670080907;0.70432228365829;6.818380169047813e-05;-1.3000003183514055;-0.00176099784793975;0.4505954751696257;0.5396428530425342;1.3006298025723175
30.313453;0.31511096080615203;-0.0017108943518493785;-0.006576011998858487;0.40934350868601993;1.2999757163981047;10.002185931103346;0.7504144786676923;0.012595902096439387;1.046086712925576;-0.001547263457053942;0.7043235739498996;7.321441558846582e-05;-1.3000003191996852;-0.0017438647168019545;0.4505970071244902;0.5396370018109454;1.3006296236894896
30.315452;0.3151041287292371;-0.0016877615253576114;-0.006532160836455014;0.4093444520764049;1.2999768086731707;10.00204338962216;0.7504177736123911;0.012596122765857937;1.0460814991956462;-0.0015225614433158649;0.7043247950128421;7.692716846049285e-05;-1.3000003200116197;-0.0017256444754599695;0.4505995030991017;0.5396302140760457;1.300629246182224
30.317451;0.3150977059314072;-0.0016639365744004165;-0.006484894107209113;0.4093467787331901;1.2999779590067164;10.00190837706388;0.750421042313368;0.012596332586068314;1.0460761217627794;-0.0014988602018121717;0.7043269389880048;8.131167572593748e-05;-1.300000320790836;-0.0017083493345654958;0.4506009586004517;0.5396245469364028;1.300628651292542
30.319449;0.3150896528041843;-0.001640555659630662;-0.006437858534222193;0.4093478131279399;1.2999791478631104;10.001780225968167;0.7504243187301224;0.01259653145518992;1.0460706817709624;-0.0014751576276493825;0.7043279989199274;8.536436116116413e-05;-1.3000003215422755;-0.001690992604535055;0.4506023694017264;0.5396190746968139;1.3006278130354023
30.321448;0.3150809990735504;-0.0016177022105631563;-0.006391286908291665;0.40934885290430495;1.2999803720163179;10.001658321959319;0.7504276252328641;0.012596719429900372;1.0460652751577155;-0.0014524546571283825;0.7043289697304069;8.80868069264948e-05;-1.3000003222730365;-0.001674588008473137;0.4506037316206286;0.5396138829409521;1.300626689580697
30.323447;0.31507278290254803;-0.0015957782421541342;-0.006346413770696217;0.40935121390591833;1.2999816855577428;10.001542193088289;0.7504309788270371;0.012596896723771131;1.0460599920432843;-0.0014297531460869075;0.7043298470713841;9.148198607631292e-05;-1.3000003229916706;-0.001658149152385525;0.4506050415572604;0.5396090617256557;1.300625225457499
30.325445;0.3150630500713604;-0.0015743374072571456;-0.006301835364844609;0.40935196911039085;1.2999820342395034;10.001431559082457;0.7504343949412802;0.012597063604646725;1.046054913544083;-0.0014070535409310358;0.704331626793634;9.455444691155845e-05;-1.3000003237046391;-0.0016416884332243844;0.45060729541607597;0.539604701081976;1.3006233580635735
30.327444;0.31505283777087784;-0.0015534345225189457;-0.006257687599793964;0.4093530448609907;1.299983413273217;10.00132633256116;0.7504378886102419;0.012597220265271047;1.0460501169194818;-0.001384355008075255;0.7043323063699825;9.731252682044311e-05;-1.300000324412729;-0.0016252154693406828;0.45060848931802044;0.5396008910549172;1.3006210209036257
30.329443;0.3150421762350851;-0.0015331000881738045;-0.006214040423893041;0.4093541270805616;1.2999848240363825;10.001226548977;0.7504414702548288;0.012597366798299977;1.0460456803025182;-0.0013616561173121846;0.7043328857889876;9.976899869551374e-05;-1.3000003251104177;-0.001608736411254337;0.45060961968200913;0.539597721939457;1.3006181478785592
30.33344;0.31503269398666656;-0.0014948403350343565;-0.00611207845642757;0.40935725400942485;1.299986134557566;10.001132334880841;0.7504451371576543;0.012597503266235847;1.0460416817394926;-0.0013219545895673086;0.7043343670198297;0.00010094150600604438;-1.3000003257872872;-0.0015752538347183665;0.4506116834529374;0.5395952804394526;1.3006146824055793
30.337038;0.31502194937615474;-0.0014611434563088907;-0.006023212908614595;0.40935899964024164;1.2999867164475218;10.001043972249315;0.7504488729595835;0.012597629775999541;1.0460382005639433;-0.0012862480158170563;0.7043357536270562;0.00010285146486120435;-1.3000003264299695;-0.0015457679618643154;0.4506136779666683;0.5395946487208342;1.3006105893997384
30.340635;0.3150108854985704;-0.001428692273393901;-0.005936840745825456;0.4093607911271693;1.2999874490990322;10.000961963545539;0.7504526556620621;0.012597746490892544;1.0460353206811357;-0.001251534210039564;0.7043370511015032;0.00010452214091304534;-1.300000327024127;-0.0015172787849403076;0.45061560085603103;0.5395939125287933;1.3006058611902462
30.344233;0.31499956608857127;-0.0013981113140617242;-0.005854915369277031;0.4093629780453801;1.299989444045245;10.000887026708005;0.7504564609702764;0.012597853542160541;1.0460331313219708;-0.001217809857167652;0.7043382671791912;0.00010598065964488332;-1.3000003275557432;-0.001489786530714111;0.4506174502086925;0.539595169436272;1.3006005100699858
30.347831;0.3149881033717769;-0.001367224733007127;-0.005770511397195582;0.4093646424527223;1.299989552829805;10.000819990183798;0.7504602623662237;0.012597950898498403;1.046031722247422;-0.001184070190289792;0.7043394118399329;0.00010726041522435288;-1.3000003280115076;-0.001462290926983657;0.45061922504813784;0.5395965256161396;1.30059455490743
30.351428;0.31497648071913864;-0.0013382298216000365;-0.005690600216314443;0.40936670228821176;1.2999909235952753;10.000761624398157;0.7504640323808035;0.012598038324109762;1.0460311720786581;-0.0011513096491060863;0.7043394971160646;0.00010839969430472975;-1.3000003283790014;-0.001435790831896566;0.4506199259478701;0.5395990789299853;1.3005880148906455
30.355026;0.3149647177237877;-0.0013105450622373956;-0.005613319593181153;0.40936849426920796;1.2999914463087119;10.000712562768282;0.7504677400573109;0.012598115485646872;1.0460315372694755;-0.0011195215906415982;0.7043405365881622;0.00010843975702898131;-1.300000328646811;-0.0014102833889362853;0.4506215549073876;0.539603898398535;1.3005809113176356
30.358624;0.3149528683618124;-0.0012828692657565364;-0.005534514378065888;0.4093704123693614;1.2999921348590786;10.00067337556404;0.7504713489081098;0.012598182098701194;1.046032849897161;-0.0010876979304686387;0.7043415443455082;0.00010942400560807164;-1.3000003288047544;-0.0013847622534477152;0.45062311431225405;0.5396090201486693;1.3005732672872752
30.362221;0.31494080421600823;-0.0012578123608724668;-0.005462462420652117;0.4093723007957716;1.2999929573731424;10.00064465958705;0.7504748211440628;0.012598237940846335;1.0460351201172642;-0.0010578293241325855;0.7043415336846237;0.0001103954853371894;-1.3000003288451667;-0.0013612168688302987;0.4506236061055009;0.5396154604509624;1.3005651047543736
30.363661;0.31492702202082834;-0.0012478286150389034;-0.005436741871810943;0.40937237934735005;1.2999944046116239;10.000627025893253;0.7504781234223149;0.012598282757724556;1.0460383328648897;-0.00104290488118985;0.704341516464083;0.00011139263768757574;-1.3000003287647652;-0.0013526342614540443;0.45062403174710586;0.5396222251942693;1.3005564467681352
30.3651;0.3149140600274903;-0.0012386594550643677;-0.0054120286143729025;0.40937345308133;1.2999948831193264;10.000621026812642;0.7504812262407224;0.012598316218468679;1.0460424447359262;-0.0010279124243771376;0.7043415034959416;0.00011244638699291985;-1.30000032856457;-0.0013440019372302381;0.45062439269010396;0.5396313108542746;1.300547322118676
30.366396;0.31490093249526996;-0.0012314982817212884;-0.0053921218021039585;0.4093742959905726;1.299994620233486;10.00062707886639;0.7504840946762058;0.012598337927375938;1.0460473930307554;-0.0010148416089684606;0.7043405047842014;0.00011357882926120589;-1.300000328246432;-0.0013373102173661771;0.4506236909350576;0.5396407040799099;1.3005377650932164
30.367692;0.31488668068053005;-0.0012249900728513038;-0.0053727203392613734;0.40937416890517153;1.2999953886002986;10.000645383817686;0.7504866811486481;0.012598347446936763;1.046053103806817;-0.001001687424571346;0.7043405286567966;0.00011480498377422886;-1.300000327809921;-0.00133055358570344;0.45062392885822133;0.5396523798790829;1.3005278105031821
30.370283;0.31487313557036256;-0.001210336689508177;-0.005325831880479034;0.4093748718890098;1.2999955886434287;10.000675904859243;0.7504889286441896;0.012598344359599903;1.0460594862511916;-0.0009794500109943528;0.7043405809094578;0.00011613763653917963;-1.300000327253836;-0.0013147301499806252;0.45062410858406543;0.5396653002618862;1.3005174912773019
30.372874;0.31486063616938303;-0.001195235717009598;-0.005275859050123503;0.40937728172202553;1.2999968363072032;10.0007184438809;0.7504907782283625;0.012598328356504086;1.0460664331904512;-0.0009571318519190226;0.7043406657049535;0.00011758818328629182;-1.300000326579901;-0.0012988388019543773;0.45062423199491364;0.5396784189442783;1.300506838709917
30.375465;0.31484717162075404;-0.0011812022285542052;-0.005227588674368188;0.4093781152930063;1.2999971779733799;10.000772744678109;0.7504921741717747;0.012598299315992711;1.0460738417716824;-0.0009347353615230947;0.704340787953147;0.0001191637203773809;-1.3000003257942365;-0.0012828766273283742;0.4506243009446127;0.5396936903632034;1.300495876571225
30.378057;0.31483372092333023;-0.001169300857254806;-0.005184339374017584;0.40937888996066746;1.2999975411380784;10.000838532105798;0.7504930667775175;0.012598257352845208;1.0460816307553715;-0.0009132624956399751;0.7043409546232321;0.00012086660907301443;-1.300000324906041;-0.0012678392943150894;0.4506243170513319;0.5397100777505169;1.300484614365035
30.380648;0.314820440310224;-0.0011572668842264324;-0.005138893392941093;0.40937977928887304;1.2999980118424892;10.000915487320217;0.750493413026393;0.0125982027651431;1.046089734663322;-0.0008917162561059063;0.7043411734938174;0.00012269234471561723;-1.3000003239254787;-0.0012527227546507672;0.4506242815941008;0.5397275573840751;1.3004730511974418
30.383239;0.31480732516387655;-0.001146093347186675;-0.005094412036950575;0.4093806881465768;1.299998520517467;10.001003192613535;0.7504931746484279;0.012598135888368075;1.0460980914062106;-0.0008701024531094986;0.704341451369864;0.00012462214319146255;-1.3000003228626782;-0.0012375229113396392;0.4506241956145804;0.539745116606895;1.3004611856910748
30.38583;0.31479448529668685;-0.0011347996595075212;-0.0050478123309745946;0.4093817125076589;1.2999991382273757;10.001101064620391;0.750492317517072;0.012598057023596758;1.0461066405909498;-0.000849430131659519;0.7043417942754073;0.00012662026619648023;-1.3000003217273426;-0.0012232332861198381;0.45062406003056127;0.5397647475713401;1.3004490199985377
30.388421;0.3147818565593309;-0.0011256813298465072;-0.005006440108969735;0.4093823664450184;1.299998783553108;10.00120835243153;0.7504908129702899;0.012597966488753984;1.0461153229822964;-0.000828710595211086;0.7043422086624008;0.00012864267997012913;-1.3000003205283648;-0.001208843745628236;0.4506238760670206;0.5397854398147868;1.300436556789238
30.391013;0.3147695347217381;-0.0011173981713511413;-0.004966106973957852;0.40938335731163245;1.2999994686871499;10.00132426509147;0.7504886367415473;0.012597864695008235;1.046124073523084;-0.000807957114426798;0.7043427013068007;0.0001306465788476715;-1.3000003192740985;-0.0011943421321430317;0.4506236457868301;0.5398071727049326;1.3004238004211859
30.393604;0.3147586102487066;-0.0011090525811701109;-0.004924021300602551;0.40938576409024485;1.3000002656017853;10.001448124975102;0.7504857657384745;0.01259775220201022;1.0461328167352981;-0.0007871859217628535;0.7043432780746841;0.00013259270023110593;-1.3000003179720423;-0.001179716137542065;0.450623372114972;0.5398289106408622;1.3004107667348963
30.396195;0.31474701232338836;-0.0011030921474533013;-0.004888056977464993;0.4093865227191226;1.3000001517539728;10.001579405545321;0.750482174085157;0.01259762974869756;1.0461414690494437;-0.000767415381401517;0.7043439431315505;0.00013444534850915246;-1.3000003166276946;-0.001165952476659269;0.4506230585617529;0.5398526022917263;1.3003974921006884
30.398786;0.31473588862760576;-0.0010963388375860922;-0.004848178543095059;0.4093873640353488;1.30000003921964;10.001717666467952;0.750477829132729;0.012597498217986596;1.0461499435239041;-0.0007476616075928567;0.7043446991418001;0.00013617178186701838;-1.3000003152450832;-0.0011520356814927212;0.450622709055785;0.5398771864834155;1.3003840328521878
30.401378;0.3147252163590185;-0.001090684900884464;-0.004810470315140408;0.40938855991446527;1.3000010250641423;10.00186247693839;0.7504726901794805;0.012597358543545288;1.04615815185922;-0.0007279351289015688;0.7043455483164442;0.00013773881607209774;-1.3000003138288179;-0.0011379495060816743;0.45062232768572363;0.5399016039366776;1.3003704539171321
30.403969;0.3147140348938645;-0.0010857552773546005;-0.004773825712405923;0.40938816528024896;1.300001056554485;10.002013387993841;0.7504667106385696;0.012597211672962827;1.0461660038437992;-0.000709244057395307;0.7043454937539582;0.0001391094477933732;-1.300000312385485;-0.0011246798174934848;0.45062091839727814;0.539927803620685;1.3003568136280232
30.40656;0.3147043900804256;-0.0010819798216308181;-0.00473965544998672;0.40938910658490657;1.300001186421958;10.002169963627695;0.7504598421121136;0.012597058597662055;1.0461734071277808;-0.0006906000898557247;0.704346540109812;0.00014024154344344675;-1.3000003109236593;-0.0011112159962435434;0.45062048512245734;0.539954741899022;1.300343156379769
30.409151;0.3146953406961662;-0.0010786304425616559;-0.00470573636590755;0.40939004968479614;1.3000013028976698;10.002331830274594;0.7504520393356017;0.012596900368151242;1.0461802687698412;-0.0006720194550623354;0.7043476935428822;0.00014108628128804598;-1.3000003094517285;-0.0010975492731148972;0.4506200320846101;0.5399813803859894;1.3003295142661233
30.411742;0.31468700015580336;-0.0010750130544262793;-0.004669947046655054;0.40939110497099057;1.3000015303452732;10.002498696141762;0.7504432656736765;0.01259673811137716;1.0461865000294228;-0.0006535186961315457;0.7043489614132789;0.0001415865307101159;-1.300000307974075;-0.0010836698332835617;0.4506195638380253;0.5400096798377648;1.3003159081835112
30.414334;0.31467931158256024;-0.0010733797250829593;-0.004639528299968972;0.4093920988359487;1.30000178866284;10.002670305260914;0.7504334976481633;0.012596573051681256;1.04619201849764;-0.0006361110748333172;0.7043503516766241;0.00014167868760133997;-1.3000003064897423;-0.001070565930404115;0.45061908523398997;0.5400375912392127;1.3003023484418166
30.416925;0.3146724408035237;-0.0010711029864725594;-0.004606218382472099;0.4093931819102758;1.3000021037806069;10.002846365817703;0.7504227249018326;0.012596406447162154;1.0461967431500574;-0.0006178069311908109;0.7043508722344746;0.00014129593246314445;-1.3000003049962472;-0.0010562262786702936;0.45061760121061073;0.5400670507836459;1.3002888373105854
30.419516;0.3146663218137608;-0.0010710778305538893;-0.004579289685548728;0.40939390159242905;1.3000015108752205;10.003026543011902;0.7504109435701977;0.012596239413335032;1.0462005930317084;-0.0006006171120176223;0.7043525304905626;0.0001403693288883265;-1.3000003034946908;-0.001042643278703334;0.4506171162288913;0.5400969832963805;1.3002753691372835
30.422107;0.314661096101126;-0.0010700130379492341;-0.004548358993004787;0.4093950018590881;1.3000019199240513;10.003210522530484;0.750398148654524;0.012596072785832071;1.046203493228993;-0.0005845563705476024;0.7043543326631956;0.0001388292627909255;-1.3000003019913144;-0.0010298127707706398;0.4506166338237554;0.5401263156763019;1.300261932188664
30.424698;0.31465671789944105;-0.001069821418395781;-0.004519572952316494;0.4093961241280816;1.3000024326917359;10.003398057181963;0.750384336335497;0.01259590718851873;1.0462053766562998;-0.0005676435180951182;0.7043562829582894;0.00013660815306974493;-1.3000003004962857;-0.0010157303574845965;0.4506161564982388;0.5401569896467938;1.300248513963772
30.42729;0.31465212630819256;-0.0010713962503050918;-0.004495856819053048;0.4093955595172867;1.3000019833318697;10.003588946541981;0.7503695158497012;0.012595743206299487;1.0462061823044195;-0.0005518988359391435;0.7043573832441054;0.00013364289035004633;-1.3000002990222708;-0.001002388954086245;0.450614685737171;0.5401869624550949;1.3002351026399075
30.429881;0.31464941124301943;-0.0010719135309318036;-0.004468299169530666;0.40939666518401563;1.3000025337613297;10.003783023876622;0.7503537199828302;0.012595581452669759;1.0462058600822002;-0.0005363424633861233;0.7043596331119316;0.00012987634119317805;-1.3000002975837543;-0.0009887794515491255;0.4506142222302091;0.5402182016758273;1.3002216872210657
30.432472;0.31464754810185797;-0.001071928388218306;-0.00443875914541581;0.40939754789788474;1.300002198279829;10.003980188885356;0.7503370082075685;0.012595422510802633;1.046204378378878;-0.0005209945757199266;0.704362029728605;0.00012525642800536945;-1.3000002961974115;-0.000974892050799464;0.4506137663617003;0.5402486824809646;1.3002082596242692
30.435063;0.3146463959400018;-0.0010736540412379985;-0.004414348557182956;0.40939866465962466;1.3000028940302912;10.004180432675101;0.750319458392741;0.012595266837891882;1.0462017254909584;-0.0005058753562481066;0.704364567366896;0.00011973494941191251;-1.3000002948818694;-0.000960717302319198;0.45061331874746696;0.5402803855393918;1.3001948140590878
30.437655;0.3146459845111027;-0.001075796072698544;-0.004391033557134293;0.40939946105029407;1.3000026344039157;10.004383848996044;0.750301149646606;0.012595114743068585;1.0461979036239706;-0.0004920043265400696;0.704366237417584;0.00011326916354352841;-1.3000002936558979;-0.0009472480143613011;0.45061188066437835;0.5403112949798669;1.300181345112594
30.440246;0.3146452993130562;-0.001078228221091732;-0.0043685086578528045;0.4093989511284176;1.3000024177414575;10.004590643263835;0.7502821514939474;0.012594966506617632;1.0461929207757275;-0.0004773999251979009;0.7043690295731564;0.00010582353118081647;-1.3000002925367453;-0.0009324819061600917;0.45061145413584996;0.5403434012094792;1.300167849662122
30.445428;0.31464710714083355;-0.0010693039347250746;-0.00430985785595167;0.4094007149271279;1.3000021789432001;10.00480112279547;0.7502625248695216;0.01259482249040806;1.0461867871188057;-0.0004540794886536512;0.7043719334151941;9.737067378566149e-05;-1.3000002915389828;-0.0009084233777166999;0.450611041650319;0.5403757067385443;1.3001543314534174
30.450092;0.3146486926210989;-0.0010636970436877279;-0.004261827049872865;0.40940148946320004;1.3000027786851909;10.005015643402833;0.7502423245324595;0.012594683064427386;1.0461795182341431;-0.0004320592063507181;0.7043749384882804;8.78943976914465e-05;-1.300000290673569;-0.0008850828964610655;0.45061064588549976;0.540408223094585;1.3001408014817712
30.454757;0.31465100084620995;-0.001058670670189517;-0.004215827602307194;0.40940195022168185;1.3000024810233417;10.005234519609232;0.7502215975500314;0.012594548469446668;1.0461711462695633;-0.00041235381507992696;0.7043780324344565;7.739028542868869e-05;-1.3000002899483099;-0.0008634744212891095;0.45061026971947954;0.5404409558858817;1.300127275212673
30.459421;0.3146540908863;-0.0010534972715263693;-0.004169656697733063;0.4094025190989436;1.3000024060122966;10.0054579452651;0.7502003822138276;0.012594418821040872;1.0461617291412175;-0.0003929755458449844;0.704381199826713;6.585796953004806e-05;-1.3000002893691767;-0.0008416124248756597;0.4506099165029418;0.5404728956021796;1.3001137753132894
30.464085;0.31465890984483036;-0.0010488811239114;-0.004125646823629208;0.4094043795382742;1.300002430529324;10.005685967868075;0.7501787116868825;0.012594294189158918;1.046151344680667;-0.00037493272961199833;0.7043844232699867;5.3292307271446694e-05;-1.3000002889397664;-0.0008205100806828168;0.4506095902722488;0.5405060227061979;1.3001003343924948
30.468749;0.3146634656421613;-0.001044946166551576;-0.00408431265993853;0.4094049505311341;1.3000026107708411;10.005918550996132;0.7501566171403005;0.01259417460420007;1.0461400793744993;-0.0003572295381818422;0.7043876852224834;3.968246090307283e-05;-1.300000288658694;-0.0007991799803739315;0.4506092956685898;0.5405393113755871;1.300086991900176
30.473413;0.31466875759461604;-0.0010414175158841214;-0.004044860526339912;0.4094055101826876;1.3000028898206695;10.006155672682604;0.750134123949825;0.012594060055170756;1.0461280225945255;-0.00034086645842302534;0.7043909689026255;2.5016972250222123e-05;-1.300000288518736;-0.0007786357814500703;0.45060903762396476;0.540572724631513;1.300073792721673
30.478078;0.3146748333102727;-0.0010372971989363834;-0.004004192560229022;0.40940583560286004;1.3000023338361955;10.006397343017381;0.7501112513719549;0.01259395052842104;1.046115258671166;-0.00032484057359638877;0.7043942575302159;9.288916019543868e-06;-1.3000002885101534;-0.0007578917800824428;0.45060882090920495;0.5406052106791893;1.3000607857834188
30.482742;0.31468156120936985;-0.0010351339999540826;-0.003970460539498244;0.4094060896049843;1.3000019214925103;10.006643534859696;0.7500880205987976;0.01259384603036634;1.046101857183943;-0.00031014615065693;0.7043975331617047;-7.500301953319606e-06;-1.30000028862475;-0.0007379617588229369;0.4506086495015919;0.5406387055194942;1.3000480177383202
30.487406;0.3146890199923757;-0.0010319725747883655;-0.0039343243415685255;0.4094067195609024;1.3000026135460094;10.006894114104579;0.7500644568907958;0.012593746643685226;1.0460878715969046;-0.00029577519451418196;0.7044007772913798;-2.5337564474346068e-05;-1.3000002888556423;-0.0007178600983047665;0.45060852597747825;0.5406721390022117;1.3000355290631438
30.49207;0.31469711164892444;-0.0010291188414357855;-0.0038999762602469996;0.4094070215832779;1.3000024028286825;10.007148823402623;0.7500405857550351;0.012593652624845063;1.0460733447506019;-0.0002827169193307678;0.7044039718322419;-4.420032135945716e-05;-1.300000289194028;-0.0006986030949548572;0.4506084516858182;0.5407044464760662;1.3000233574893831
30.496734;0.31470578919772746;-0.001026545012667604;-0.003867380582182852;0.4094069960588745;1.3000012888348065;10.007407312431413;0.7500164353242503;0.012593564386372874;1.0460583169805746;-0.00026995759372782366;0.7044070987988823;-6.406653126734576e-05;-1.3000002896273368;-0.0006792064247798477;0.45060842770981396;0.5407375844558976;1.3000115434640498
30.499994;0.3147141213908723;-0.0010278210796330171;-0.003847949820384497;0.40940616031675137;1.3000013995959425;10.007669156833254;0.7499920390521259;0.012593482325574097;1.046042834564571;-0.0002624831096698276;0.7044091408261298;-8.491981339141324e-05;-1.3000002901392296;-0.00066468061183695;0.4506074555681129;0.5407695343673221;1.300000132725836
30.499994;1.6374881809174155;-0.00470448241007723;-0.0038557685099211677;2.128995799719487;1.3000010939496818;10.007933857318019;0.7499674298132476;0.012593406707710206;1.0460269518506888;-0.003931282004627619;2.424001082998905;-0.00010674332568768879;-1.3000002907117034;-0.00432602978024714;2.1701965373082737;1.8635652936708234;1.299989174578125
30.499994;1.6374977135565019;-0.004714202214129965;-0.003865238721819798;2.1289950338259596;1.3000007666134967;10.00820088087972;0.7499426363547924;0.012593337722153016;1.0460107288159712;-0.003933345936373123;2.424002913295405;-0.0001295115701714343;-1.3000002913280102;-0.004320253625338296;2.1701956754184897;1.863596870466217;1.299978717035545
30.499994;1.637507679603236;-0.004723447891391027;-0.0038743324976641662;2.1289942241526054;1.3000004221810588;10.008469729508747;0.7499176889212863;0.012593275607468243;1.0459942311747334;-0.003935668229870867;2.424004621453116;-0.000153188960411302;-1.3000002919718094;-0.00431434930507219;2.1701948726817655;1.8636282807823255;1.2999688035543102
30.499994;1.6375180260899858;-0.004730571014027159;-0.0038820276647839767;2.128993281011964;1.3000000051204672;10.008739974856955;0.7498926214799857;0.012593220739113689;1.0459775298470104;-0.003937241341166294;2.4240061984682204;-0.000177735630678782;-1.3000002926249836;-0.004307312786347738;2.170194131947879;1.8636595438230017;1.2999594724692989
30.499994;1.6375286400112121;-0.0047401329808824545;-0.0038910813241569185;2.1289923126066035;1.29999962446253;10.00901124361973;0.7498674665151888;0.01259317361301585;1.0459606972170723;-0.003939055247591798;2.424007637276;-0.00020311205739704933;-1.3000002932700339;-0.004300140393327039;2.1701934559578504;1.8636906794912091;1.2999507585841399
30.499995;1.637539534010826;-0.00474592887556099;-0.003897665838764216;2.1289911219482884;1.2999991141538605;10.009283168055596;0.7498422530705348;0.012593134705541081;1.045943802158047;-0.003941098272751835;2.424008933426219;-0.00022927735961204412;-1.3000002938944444;-0.00429283099768855;2.170192847180276;1.86372170337031;1.2999426976819346
30.499996;1.6375506883441895;-0.004749503919124776;-0.0039026782345560626;2.1289914359980675;1.2999995269916382;10.009555336374596;0.7498170104600987;0.012593104298162957;1.0459269025889344;-0.003940358032771684;2.4240100850120165;-0.0002561867454056244;-1.3000002944921174;-0.004282388373924971;2.170192307510824;1.8637536162809238;1.2999353296743512
30.499998;1.6375629918138372;-0.0047488090692764835;-0.003904812316485404;2.1289908597544698;1.2999986948082274;10.00982727637967;0.7497917709267745;0.012593082416329412;1.0459100448102585;-0.003936821292519114;2.424012092087746;-0.0002837910176521791;-1.3000002950621312;-0.004268820900642571;2.1701928380376465;1.8637844000912192;1.2999286978788014
30.500002;1.637575402112215;-0.004739987067833454;-0.0039016573031995074;2.1289910179944598;1.2999984456675449;10.01009847062364;0.7497665693407127;0.012593068917244763;1.0458932759224466;-0.003926473912616812;2.424013956018292;-0.00031203717482221127;-1.3000002956068795;-0.004248138306015262;2.170193438895389;1.8638150259534025;1.2999228495595418
30.50001;1.6375877560571943;-0.004718858557091338;-0.003890606990715098;2.1289895963031555;1.299997498531625;10.010368332871158;0.7497414433386986;0.012593063580947377;1.0458766514046278;-0.0039013006461456777;2.4240156789336;-0.00034087140082673413;-1.3000002961311437;-0.004212349407288523;2.170194108938327;1.8638474651558992;1.2999178380770593
30.500025;1.6376027575371839;-0.0046674443573127555;-0.003860632512648044;2.1289920205486483;1.2999970098842708;10.010636154753277;0.7497164333842842;0.012593066158224489;1.0458602300602258;-0.0038492851663687036;2.4240192629931614;-0.00037024152737935367;-1.3000002966423752;-0.004149461632518871;2.170196845673855;1.8638796911725688;1.2999137185744944
30.500056;1.637619712306066;-0.004562002951631629;-0.0037972056483520297;2.128996849981407;1.2999966295241656;10.010901153133583;0.7496915796552855;0.012593076441221228;1.0458440659420092;-0.003743411802587137;2.4240267097005703;-0.000400094521067275;-1.3000002971515674;-0.004032480679332922;2.170203645870956;1.8639146790679433;1.2999105393392987
30.500119;1.6376415768957209;-0.004357266400610973;-0.0036726622389990156;2.1290090377819433;1.2999970034327801;10.011162572392061;0.7496669213803416;0.01259309427105496;1.0458282010771633;-0.0035386667258620196;2.424039020470874;-0.0004303742245532053;-1.3000002976731855;-0.0038164102038909927;2.170215506291414;1.8639534162227138;1.2999083393452062
30.500158;1.6376604843103566;-0.004235721833622783;-0.0035984356860977815;2.1290145391356976;1.2999957623247793;10.011419722814646;0.7496425015910195;0.012593119460124895;1.0458126666760406;-0.003416036042670633;2.424046197961402;-0.0004610238594826473;-1.300000298222391;-0.003682251191815346;2.170222424032659;1.863987915776345;1.2999071484005764
30.500158;1.6376734447676549;-0.004239479716902108;-0.003600234399981021;2.129013277515664;1.2999951971423203;10.011672029358111;0.749618366393061;0.012593151811787327;1.0457974920698256;-0.0034205036558942453;2.4240462461616734;-0.0004919888024082887;-1.3000002988117363;-0.0036750022578186455;2.170222396584259;1.8640172132350667;1.2999069810312744
30.500158;1.6376864630469246;-0.004242893352317825;-0.0036013213938379885;2.129011987831523;1.2999946217004845;10.011919100208095;0.7495945579060406;0.012593191224361025;1.045782705119143;-0.0034250519185094093;2.424046169294914;-0.000523218051622685;-1.3000002994509507;-0.0036676614681062517;2.1702224217698203;1.8640463511698002;1.2999078305243086
30.500158;1.6376994875137452;-0.004245986445225613;-0.0036017121843588433;2.129010672584801;1.2999940389890652;10.012160688003616;0.7495711109276549;0.012593237670929154;1.045768325352088;-0.0034296628998478217;2.4240459706823576;-0.0005546653598417542;-1.3000003001491152;-0.0036602268105381435;2.1702224975602884;1.8640753668752212;1.2999096734339284
30.500158;1.637712450495587;-0.004248783308129746;-0.0036014290217397348;2.1290093341769993;1.2999934511609683;10.01239659184322;0.7495480505833775;0.012593291075588967;1.0457543643081268;-0.003434318072143454;2.4240456517952054;-0.0005862871764306284;-1.3000003009168093;-0.003652695801902716;2.1702226219380156;1.8641042822611036;1.2999124776466746
30.500158;1.6377252794309318;-0.004251307007459642;-0.003600499851172179;2.1290079752790607;1.299992859559013;10.012626635583665;0.749525388020827;0.012593351274534738;1.0457408317334402;-0.003438999392762106;2.4240452118309723;-0.0006180366485517369;-1.300000301767034;-0.003645066656451468;2.1702227929341347;1.8641330993390153;1.2999162034961282
30.500158;1.637737907483693;-0.004253577189204535;-0.003598953367651006;2.129006599080975;1.299992265273413;10.012850680443067;0.7495031220258657;0.012593418074562296;1.0457277379626198;-0.0034436931073066786;2.424044647889478;-0.0006498574919726938;-1.3000003027142044;-0.0036373396373360315;2.1702230084640046;1.8641618075800734;1.2999208043307182
30.500158;1.6377502711194436;-0.0042556095791955705;-0.0035968143223119265;2.129005209341435;1.299991669718987;10.013068574122155;0.7494812467197937;0.01259349126447188;1.045715091969819;-0.0034483910226833833;2.424043955420387;-0.0006816813924991072;-1.300000303772205;-0.003629517651371307;2.170223265894264;1.8641903934863162;1.2999262337797286
30.500158;1.6377623033822775;-0.004257325898217151;-0.003594049824157023;2.12900544547165;1.2999920735352;10.013280072198407;0.7494597561336254;0.012593570555144066;1.045702900861667;-0.00345308735361971;2.424043129437365;-0.0007134300167572741;-1.3000003049545035;-0.0036216064841206224;2.1702235618092933;1.864218842853178;1.29993245285942
30.500158;1.6377739340699613;-0.004257282773692521;-0.003589793898809675;2.1290039507533653;1.29999142743493;10.013484854600181;0.7494386444987171;0.012593655546055805;1.0456911729952645;-0.00345777598626078;2.424042166228645;-0.000745020254316665;-1.3000003062764918;-0.003613614433726323;2.170223892135005;1.864247133732577;1.2999394273848497
30.500159;1.6377851003116757;-0.004258669004749377;-0.003586004121976726;2.129002545964955;1.2999908442480141;10.013682650414362;0.7494179091267379;0.012593745756441744;1.045679920213919;-0.0034624495988782476;2.4240410639129575;-0.0007763708301098442;-1.3000003077559383;-0.0036055512478200707;2.1702242524063546;1.8642752284488875;1.2999471155162992
30.500159;1.6377957563725327;-0.004259859551740265;-0.0035816890364814766;2.129001143919723;1.2999902716916032;10.013873329100015;0.7493975547721337;0.012593840673886051;1.0456691533911406;-0.0034660984693940505;2.4240398220878996;-0.0008074074042894366;-1.3000003094101693;-0.0035964264580190006;2.17022463804991;1.8643030784220385;1.2999554583373787
30.500159;1.6378058704175518;-0.004259231010873463;-0.0035758516579635505;2.128999657163873;1.2999896568852811;10.014056881637739;0.749377592062355;0.012593939734859994;1.045658871684494;-0.0034707100196206507;2.4240384420903576;-0.0008380612826951769;-1.300000311253655;-0.003588248508769746;2.1702250447945493;1.86433063308004;1.2999643855923617
30.500159;1.637815359151961;-0.004259729083357184;-0.0035702853410471153;2.1289981049706297;1.2999890555868614;10.01423337624525;0.7493580316656054;0.012594042291900712;1.0456490562521898;-0.0034732709487563782;2.424036927270437;-0.000868263140521107;-1.300000313297917;-0.003578026069311649;2.170225469011844;1.864357839419793;1.2999738281003772
30.50016;1.6378243048582786;-0.004258769794514267;-0.003563409916189925;2.1289966387611923;1.2999884714667824;10.014402967610843;0.7493388782103;0.012594147694872411;1.0456396762203342;-0.0034767696946513865;2.4240352820883544;-0.0008979410538852457;-1.3000003155521151;-0.0035687697490490223;2.1702259074267802;1.8643846447096715;1.2999837210754965
30.50016;1.6378325699735898;-0.00425895731296335;-0.003556815674679163;2.128995111615626;1.2999879013044293;10.014565911915607;0.7493201232294024;0.012594255390426457;1.045630700180762;-0.0034801966343860125;2.424033510743053;-0.0009270248860901478;-1.3000003180236654;-0.0035594919637282722;2.170226356468371;1.8644120090473066;1.2999939978265822
30.500161;1.637840189903424;-0.004255727554805601;-0.003547715418919075;2.1289934186941615;1.2999872350628436;10.014722519459703;0.7493017421142492;0.012594364917631762;1.0456221062066176;-0.0034815433947523364;2.4240316163607196;-0.0009554494010666718;-1.3000003207193445;-0.0035482058141178465;2.1702268119621566;1.864437911641455;1.3000045859379277
30.500163;1.6378470433999563;-0.0042500424340874785;-0.0035366972449651897;2.128991322970308;1.2999864138167283;10.01487306461899;0.7492836980585409;0.012594475857377371;1.0456138863384763;-0.003478802449596591;2.424029600117365;-0.0009831532935108882;-1.3000003236457638;-0.0035329242407309137;2.1702272690900943;1.8644633444775003;1.3000154110418003
30.500167;1.6378541278269896;-0.004235435929096759;-0.003519818424729132;2.1289897623011957;1.2999852155671434;10.015017708724919;0.7492659491766451;0.012594587808197529;1.04560604411959;-0.0034699656218475515;2.424026460426209;-0.0010090771159468532;-1.2999993268074461;-0.0035116598068164863;2.1702277225072533;1.8644882971751802;1.3000253993788298
30.500175;1.6378601708694736;-0.004210235704130148;-0.0034960767334543718;2.1289849808262433;1.2999823577200347;10.015156482205386;0.7492484581844612;0.012594700431895579;1.045598593235344;-0.0034480208270850064;2.4240191936964455;-0.0010341599584508265;-1.2999963302043689;-0.003477425190664072;2.1702231667563354;1.8645117419067645;1.300033476834257
30.500191;1.6378629570034646;-0.004153769063895348;-0.003452879691740896;2.128964461455539;1.29997195651753;10.015289330830694;0.7492312004590098;0.012594813535295147;1.0455915590139968;-0.0033969497770681757;2.4239927955879277;-0.001052335528139389;-1.299986333832457;-0.003414233688915629;2.1702035965329314;1.864532637248827;1.3000345674297342
30.500207;1.6378629303204126;-0.004096428854300318;-0.0034088250522392605;2.1289327085989167;1.2999564087272297;10.015416168778149;0.7492141641630525;0.012594927057221865;1.045584974193372;-0.003342729626564573;2.423953261238379;-0.001065534414898094;-1.2999713376848576;-0.0033480999435246185;2.1701730064261247;1.8645489466393395;1.30003058845515
30.500223;1.6378601998841344;-0.004035601746171798;-0.0033623673486617963;2.1288898741708695;1.2999357172835455;10.015536904406128;0.7491973469195914;0.012595040957540733;1.0455788691788728;-0.003285336304789995;2.423900585840815;-0.0010756934546393274;-1.2999513417502504;-0.0032790407645791183;2.1701313906987196;1.8645616436323207;1.3000214493623328
30.500255;1.6378461688252393;-0.003909091001571322;-0.003275593082634941;2.1287814958341027;1.2998834457239092;10.015651462595516;0.7491807562857191;0.012595155149861207;1.045573264001048;-0.0031637462313127305;2.4237667658879993;-0.0010657627503999857;-1.2998993460106152;-0.003146073966633803;2.1700207437402703;1.8645566970823653;1.2999800638755479
30.500284;1.637825603086939;-0.0037883974423108977;-0.003192207796120432;2.1286496317718675;1.2998214882053856;10.015759820167132;0.7491644111335795;0.012595269519325308;1.0455681649093913;-0.003047937729880972;2.4236037995203548;-0.0010487066463759358;-1.2998373504423526;-0.0030192157637043597;2.1698860607918027;1.8645450606920437;1.2999283597578934
30.500313;1.637799116549533;-0.003661949284937686;-0.0031051944372910167;2.1284840743271283;1.2997431242207733;10.015862034860703;0.7491483372471494;0.01259538393035274;1.0455635691588996;-0.002924893075161559;2.4234006859287245;-0.0010225029435529463;-1.2997593550187907;-0.0028854797278136356;2.16971633814737;1.8645226838884141;1.299860277360553
30.50037;1.6377219798265572;-0.0033849284356809745;-0.002926219592500045;2.128049748041108;1.2995403107092898;10.015958234334542;0.7491325585904206;0.012595498201595225;1.0455594777561543;-0.0026515989840872316;2.422871424842583;-0.0009211414679909503;-1.2995563597106874;-0.0026018767595224475;2.1692705729387876;1.8644295237669117;1.2996667745446413
30.500428;1.6376182428111268;-0.0030738190387843414;-0.002726424573948876;2.1274785714074897;1.2992745218038069;10.016048544346235;0.7491170924328175;0.012595612143602084;1.0455559025010284;-0.0023450458696466416;2.4221780167181453;-0.0007836204629699124;-1.29929036448666;-0.0022854144525208384;2.168683762993243;1.8642985402001613;1.299409808090938
30.500543;1.6373324004652356;-0.002347977542515606;-0.0022734866042589978;2.1259338542646082;1.298558076730737;10.016132982227589;0.7491019502290107;0.012595725631963664;1.0455528593679855;-0.0016232285943081136;2.4203064632454856;-0.00038194275430241027;-1.2985743693154639;-0.0015540970345368295;2.167094906793389;1.8639056866820467;1.2987024756239123
30.500658;1.6369446124676275;-0.001471388112311229;-0.0017284333349392843;2.123859204933505;1.2975980229920996;10.016211402502949;0.7490871395603835;0.012595838627180375;1.0455503592530606;-0.0007521476569175187;2.4177947673492812;0.00016188558415568938;-1.2976133741677307;-0.0006739265204947477;2.164961003439838;1.8633679079817873;1.297749864131095
30.500774;1.6364567585759837;-0.00043412054939655117;-0.001085066718892482;2.1212652849126985;1.2963990641752452;10.01628351822809;0.7490726678304532;0.01259595119645411;1.0455484054738646;0.0002801917240030365;2.4146549328993396;0.0008478548966919315;-1.2964133790172545;0.0003670953751428916;2.162291052672171;1.862689145447867;1.2965581426804986
30.500889;1.635871846011396;0.0007728470525704234;-0.00033768898568511355;2.1181613403352695;1.294964070697963;10.016348937473923;0.749058545816443;0.012596063519385364;1.0455469952815257;0.0014817812450056047;2.4108999642154423;0.0016719519036349788;-1.2949773838433611;0.001576964540711815;2.159098054962341;1.8618703467798434;1.295130529213574
30.501004;1.6351917419271467;0.002154928588902586;0.0005172438808335099;2.1145586180182554;1.2932979695527276;10.016407210846426;0.7490447831510663;0.012596175808408197;1.045546119931033;0.0028586102849264363;2.4065428652546847;0.0026331620062826563;-1.2933103886304913;0.0029616722648687396;2.1553910114292107;1.86091547142695;1.29347228629616
30.501076;1.634720735676532;0.0030923935686782947;0.0011004057712179745;2.1120742037934774;1.2921491335204771;10.016457891926343;0.7490313775879431;0.012596288209494244;1.0455457603754523;0.0037906666524233808;2.4035376394601564;0.0032814741367608443;-1.2921603933642616;0.0039012050616981;2.1528349235610404;1.8602594931354286;1.2923300378062197
30.501147;1.6342125434855461;0.004061562760428201;0.0017031995718941792;2.109402065414237;1.2909138706014218;10.016500579523461;0.7490183092801617;0.012596400736769028;1.0455458834322024;0.004752937258349134;2.400305290458408;0.003945884599499396;-1.29092439802919;0.004870545521203387;2.1500847932117226;1.8595504054313368;1.291101573051849
30.501211;1.6337222167538972;0.004950953806044889;0.0022573330043144787;2.1068372267838447;1.2897292040704953;10.016534942070955;0.7490055469091349;0.012596513326976798;1.0455464470704814;0.00563640864652435;2.397204822760621;0.004547396049326406;-1.2897384026090746;0.005760673402259982;2.147446622875276;1.858868222854657;1.2899225242192578
30.501276;1.6332031733908026;0.0058510151293345285;0.0028182522704045454;2.104124994477026;1.288476059474404;10.016560733628065;0.7489930587769711;0.012596626062096718;1.0455474102547695;0.006532068623517712;2.3939242422346894;0.005151012150041209;-1.2884834070882343;0.006662567610639007;2.1446554155953335;1.8581429775868472;1.288674097516544
30.50134;1.6326536477344165;0.006764122753111755;0.00338747549124669;2.1012633365523348;1.2871545063359917;10.016577806712785;0.7489808186746942;0.012596739344216982;1.0455487353598794;0.007439908424680125;2.390467556166906;0.005755732965158921;-1.287161411452522;0.007576208777273108;2.1417121744155043;1.8573747219749006;1.2873582606452598
30.501469;1.6314705809702128;0.008615463517975206;0.004534016853281062;2.09511047906959;1.2843138396427674;10.016586096526497;0.7489688079833855;0.012596853857443819;1.0455503837968072;0.00928492345717415;2.383036772421433;0.006974552933785336;-1.2843174156890924;0.009426581144887534;2.135380902038853;1.8557085313197512;1.2845238210695145
30.501598;1.6301733146682258;0.01050361114060888;0.005705178809895959;2.0883895874814566;1.2812103502365564;10.016585545716426;0.7489570159547764;0.012596970410185579;1.045552313399105;0.011165111929198182;2.3749258979236867;0.008193459833125034;-1.281211419786299;0.011311672595299877;2.128465600984092;1.8538804952307222;1.2814278017462517
30.501726;1.6287640719572807;0.0124219614195713;0.006897223274872991;2.0811160067028465;1.2778504873464627;10.016576041187143;0.7489454348077126;0.012597089762078153;1.045554478849271;0.01307647253264561;2.366149937855261;0.009414435228214918;-1.2778484237348113;0.013227474246172008;2.120982273940567;1.8518937063245426;1.2780751945149227
30.501855;1.6272440125644934;0.014365791406201908;0.008107564753681969;2.07330042593387;1.274238594448593;10.016557444900151;0.7489340532856573;0.01259721250090523;1.0455568324402182;0.015014003200655109;2.3567278960144953;0.010635455918344654;-1.2742344275281625;0.015168981436363733;2.112943924079547;1.8497532559073258;1.274471976473199
30.501984;1.6256164790744694;0.01633560723101084;0.009336817573356174;2.0649612657707306;1.2703819802415623;10.016529648597336;0.7489228546259034;0.012597339019528126;1.045559326436389;0.016974701434652448;2.3466767751903537;0.011858494908549552;-1.2703754311616646;0.0171331940655611;2.104365555027381;1.8474612312185308;1.2706241789189028
30.502113;1.6238835563641612;0.018322198092886082;0.010579620025580098;2.056112362672439;1.2662860683842452;10.016492588460691;0.7489118186927362;0.012597469572623504;1.0455619169500925;0.01895456486466163;2.336014578056902;0.013082520592100001;-1.26627643463048;0.01911611558457288;2.0952631703590257;1.8450217144228478;1.2665368216104635
30.502241;1.6220474242494232;0.02032532927846347;0.011836116922103249;2.046765786304788;1.261955067330111;10.016446289658836;0.7489009264534973;0.012597604366944785;1.0455645664067192;0.02095059128510273;2.324759308863084;0.014306494126917726;-1.2619424379282576;0.021114753346593327;2.085649773187627;1.8424367855204742;1.2622149254988768
30.50237;1.6201103114369337;0.022342930995471355;0.01310531315491438;2.036937103096049;1.257395261480666;10.016390926050901;0.7488901616795672;0.012597743624950664;1.0455672421809834;0.022959779131103242;2.312927973457185;0.015532371006636249;-1.257380441047297;0.023126119274343836;2.075541366240091;1.8397115245850861;1.2576655530869403
30.502499;1.6180753107805044;0.02436903706366498;0.014383782511686542;2.026641405515069;1.2526119488762906;10.016326796233662;0.7488795079497698;0.012597887570934047;1.0455699153815574;0.02497912839734822;2.3005385774617637;0.01675810761959482;-1.2525944439789003;0.025147227668819;2.0649529520260104;1.8368480119907402;1.2528927290574203
30.502628;1.6159436561249125;0.02640639519852931;0.015673480345688606;2.0158912157829842;1.2476102532673852;10.016254271521689;0.7488689493551821;0.012598036335104127;1.0455725672121015;0.02700763974100311;2.287609124557868;0.017985665243107178;-1.2475914467123514;0.027177091665755614;2.053898532689943;1.8338493258146908;1.247903540518934
30.502756;1.6137184676228133;0.02844869619796303;0.016970736475700816;2.004701790831743;1.2423954915208266;10.016173800942202;0.7488584772506643;0.01259818982129467;1.0455751957461201;0.029042311590533727;2.274157615466604;0.01921401116359625;-1.2423744492342894;0.02921272121118559;2.042393109616772;1.830719536979409;1.2427010347375669
30.502885;1.611401845299614;0.030496149653788676;0.018275913201334742;1.9930868546339242;1.2369727904372527;10.016085910858363;0.7488480958057493;0.012598347670068628;1.0455778142900511;0.03108213888361759;2.2602020486254895;0.02044211771251879;-1.2369504515309997;0.031253122762101224;2.0304516832456483;1.827460704385336;1.2372922529786032
30.503014;1.608995919767833;0.03254544202381225;0.01958718311131076;1.981061996396076;1.2313483893829948;10.015991172753875;0.7488378208684471;0.01259850937582865;1.0455804461334932;0.033124115499019696;2.2457574226918413;0.021671956758517966;-1.2313244535916588;0.033295301051573994;2.018087253339384;1.82407787318401;1.2316822888722732
30.503143;1.6065027733389208;0.03459831278606763;0.02090585054582178;1.968639265694916;1.2255263577969073;10.015890205761158;0.7488276732722686;0.012598674414444877;1.04558312054715;0.0351682369158962;2.230843738390305;0.022901495856186848;-1.225501455409009;0.035339261867111636;2.0053158194941343;1.820572078554711;1.2258761669218385
30.503271;1.6039244478609926;0.03664892360254729;0.022228499301433564;1.9558325669808663;1.2195119435749864;10.015783708215617;0.7488176722190356;0.012598842324338418;1.0455858716422315;0.037212498919478;2.2154769987885627;0.024132702437406502;-1.219486456979259;0.03738301156666093;1.9921523815653541;1.8169483473469619;1.2198789889515032
30.5034;1.601263108721242;0.03869991715915529;0.023556987983306982;1.9426556691044037;1.213310217386339;10.01567245295163;0.7488078300253289;0.012599012852708086;1.0455887352920479;0.039254894383222445;2.199675210035;0.02536454976459369;-1.2132834583037508;0.03942455367309355;1.978608939733109;1.8132076940276196;1.2136948024760696
30.503529;1.5985217492651118;0.04074589243600211;0.024888146880527057;1.9291251445060689;1.2069273829938039;10.015557219036705;0.7487981482934156;0.012599186088256858;1.0455917436472189;0.04129541207701471;2.1834543825771053;0.02659601546020654;-1.2068994593895181;0.041463887434845685;1.9647004941856827;1.8093551164330386;1.2073306494069598
30.503657;1.5957015231808958;0.04279095114591017;0.026224762630055545;1.9152502208767634;1.2003664575198527;10.015438718220402;0.7487886172543589;0.012599362387914924;1.0455949297642735;0.04333303724949337;2.1668305304384052;0.027829075777634178;-1.2003384602466982;0.04350000894234414;1.9504410448254357;1.8053925920255005;1.2007906407097846
30.503786;1.59280445744017;0.04483092994760097;0.027564422579918965;1.901046222975513;1.1936336164921066;10.015317585045105;0.7487792184901632;0.012599542174212877;1.0455983352412612;0.04536575334635822;2.1498226687753883;0.02906170297720902;-1.1936054608852427;0.045530913567908414;1.9358455912962556;1.801324077868287;1.1940797991168164
30.503915;1.5898335729289135;0.04686474057974888;0.028906598352360882;1.8865263117901943;1.1867329560230926;10.015194376561977;0.7487699310346452;0.012599725780525836;1.045601999073575;0.04739354408355471;2.1324458118851166;0.030295864683394538;-1.1867054613119647;0.04755659911838365;1.9209261333396275;1.7971505194807587;1.1872032514793878
30.504044;1.5867909999344387;0.04889335028200804;0.03025206201822478;1.8717040924313282;1.1796695487200446;10.015069553763404;0.748760734639607;0.012599913414304758;1.0456059334974723;0.04941539381225281;2.114715972394875;0.031530525398533404;-1.1796424615278702;0.04957606775529575;1.9056966712283456;1.7928758641317684;1.180165059742015
30.504172;1.583677718168246;0.050914567727710885;0.03159961722945785;1.856591818337151;1.1724484979075909;10.014943528640185;0.7487516042721;0.01260010522382123;1.0456101146212686;0.05143028680130746;2.096649161389087;0.032764650772134495;-1.1724224615282866;0.051588326287592;1.8901712056933992;1.7885030692420099;1.172971289226043
30.504229;1.5822959543413821;0.051799404454990206;0.03219763149733663;1.8498891235185055;1.1692394506121437;10.014816712166088;0.7487425052711549;0.01260030130945267;1.0456144980669997;0.05231120683732129;2.0886383893161344;0.03331220908218969;-1.1692134613062017;0.0524663846583272;1.8832867375957845;1.7865610999710704;1.1697676918821511
30.504229;1.5823007019844435;0.05180556693786472;0.03221223869112259;1.8498887311937338;1.1692395000777527;10.014689448612236;0.7487334006108239;0.012600501647452429;1.0456190362670332;0.05231413734344246;2.0886316673230896;0.03332416899165053;-1.1692134608552927;0.052466253164609955;1.8832862679313762;1.7865639220935268;1.1697558315626781
30.504229;1.5823037654438596;0.05181026247226805;0.03222619438156735;1.8498812739624284;1.169236604771253;10.014561977125805;0.7487242644830362;0.01260070606552532;1.0456236800839382;0.05231806217682164;2.0886170076274344;0.03333649699570133;-1.1692104601707183;0.05246694173646451;1.8832777976602613;1.7865645030058677;1.1697408144382444
30.504229;1.5823081379048247;0.05181474350931186;0.03224024612837046;1.849873432070111;1.1692327464666887;10.014434528269597;0.7487150889540635;0.0126009142606473;1.045628380652646;0.05232196613191436;2.088602422821573;0.03335015703948355;-1.16920645924901;0.052467461146037585;1.8832693273110408;1.7865648193721682;1.1697247146547056
30.504229;1.5823107808645702;0.05182202773804791;0.03225637576646986;1.8498568421068557;1.1692248560821252;10.014307415374109;0.7487058796947119;0.012601125802149955;1.0456330987127034;0.05232683464170083;2.0885779264243123;0.03336411542010117;-1.1691994580892822;0.05246882256026429;1.883252857012392;1.7865618611154686;1.169705542964329
30.504229;1.5823095795396427;0.051829681185603;0.03227309758240569;1.8498259859672659;1.1692109765893892;10.014181041659729;0.7486966465684836;0.012601340096962682;1.0456378055104376;0.05233365371947663;2.088535534331803;0.0333803471175736;-1.1691844566951701;0.05247203511608176;1.8832203867934756;1.7865546289997285;1.1696783921274214
30.50423;1.582303448303389;0.051842313968360774;0.0322933587071727;1.8497636519583949;1.1691809948750043;10.014055879459272;0.7486873971458692;0.012601556337847488;1.045642472660417;0.052344410627340826;2.088456264442397;0.03339883527596048;-1.1691544550741686;0.0524791050687699;1.883155916777955;1.786538127211908;1.169636285415277
30.504231;1.582283234617294;0.05186210003562454;0.03231873404422033;1.8496385129055246;1.1691218348781283;10.013932466357732;0.7486781365562647;0.0126017735534386;1.0456470614072393;0.05236309425493593;2.0883021346712125;0.0334215670846807;-1.1690944532347278;0.052494037936727585;1.8830274472831516;1.7865033546011055;1.1695643027014384
30.504233;1.5822376788981916;0.05189784511035515;0.03235502972373722;1.8493896164629506;1.169003245515064;10.013811402051333;0.7486688714442925;0.012601990744325936;1.0456515156008261;0.05239869463385764;2.0880001608412693;0.033455531007992374;-1.1689754511846324;0.05252583992049399;1.882770978837875;1.7864322998590367;1.1694336814217545
30.504237;1.5821412819186116;0.05196601254102159;0.03241318227091869;1.848891564817828;1.1687647438959654;10.013693308080533;0.7486596115844738;0.012602206952013742;1.045655759992979;0.05246620308490185;2.0874003550838354;0.033509711106426976;-1.1687364489300314;0.052589517588961;1.8822585120992739;1.7862879405107621;1.1691837405149068
30.504245;1.5819412525034175;0.052099592168707125;0.03251514169387419;1.8478946815662156;1.168287388737978;10.013578765832479;0.7486503673466116;0.012602421240369524;1.0456597059080672;0.052598613282811416;2.0862047257360468;0.03360308237482717;-1.1682584464731252;0.052718079276492164;1.8812340477112477;1.785998244659224;1.1686961299917222
30.504262;1.5815339014055945;0.052363300239225065;0.03270400770371865;1.8458973843850628;1.1673303216981903;10.013468248979525;0.748641149289999;0.012602632687958764;1.0456632628088298;0.052859921943594575;2.0838142784491636;0.03377661387309248;-1.167301443811129;0.05297553727343149;1.8791815862241985;1.785418179745603;1.167732222964659
30.504295;1.5807089335752376;0.05288492946373276;0.03306517713632771;1.841888283453142;1.165407957040352;10.013362077486088;0.7486319702711772;0.012602840467984412;1.0456663507299995;0.05338012910377072;2.0790230172908264;0.03410727321316513;-1.1653784409381471;0.053491907796583305;1.8750631281496373;1.7842517250122272;1.1658076326393678
30.504362;1.5790390756532127;0.05392603582821073;0.03377402427299775;1.8338158484607763;1.1615323911965607;10.013260456274551;0.7486228455892192;0.01260304396487176;1.0456689099234384;0.05441823762594979;2.069382945698403;0.03475602870754262;-1.1615044378471016;0.05452621001613887;1.8667726740393014;1.7818998755480147;1.1619429641685082
30.504405;1.5779714746963376;0.05458713810098847;0.034230272648626964;1.8286518206899907;1.1590499684200413;10.01316356841391;0.7486137914104546;0.012603242810888095;1.0456709032902975;0.05507725215361194;2.063213066864168;0.0351738527453187;-1.1590204345307817;0.05518146598060733;1.8614662245945777;1.780391636486538;1.1594610012953526
30.504405;1.5779767919369074;0.054590220040281016;0.034246247522490086;1.828651826110701;1.1590505817326167;10.013071638611999;0.7486048257601084;0.012603436877920704;1.0456723117533153;0.05507917949735445;2.063209383312645;0.03518872366194621;-1.1590204309830607;0.05517970013257043;1.861465781005692;1.7803900167583537;1.1594494678034037
30.504405;1.5779797734731065;0.05459508747351282;0.034263422250737925;1.828643108526244;1.1590471765577794;10.012984938977628;0.7485959745102155;0.012603626279721503;1.0456731322593307;0.0550820301543529;2.0631958966002664;0.035204621507421534;-1.15901742719982;0.05517893748958193;1.8614573452200607;1.7803860291038511;1.1594350592569875
30.504405;1.5779824746915414;0.05459955058137149;0.034280326586891736;1.8286344624721438;1.1590438077998682;10.012903717549099;0.748587275513507;0.012603811335916442;1.0456733785253256;0.05508481878634358;2.0631836070622946;0.03521952131339262;-1.1590134231795377;0.05517820303620278;1.8614489195522523;1.7803816959536327;1.1594196772528809
30.504405;1.5779837910750347;0.054604667967152166;0.03429762272255494;1.8286182428341728;1.1590364387093652;10.012828088962845;0.7485787742663982;0.01260399253660828;1.0456730772176628;0.05508856265811941;2.063161513135568;0.03523539197056965;-1.1590054189234547;0.05517852317027403;1.8614315060690534;1.7803740523434841;1.1594003544622946
30.504405;1.5779807579186493;0.0546114686280491;0.03431599895367225;1.828586242539102;1.1590220452892157;10.012757997716088;0.7485705163762154;0.01260417055337679;1.045672260957975;0.055094278501995254;2.063119611477358;0.03525320240277213;-1.158990414435344;0.05518092590878341;1.8613981065407803;1.780362141049534;1.1593740942903494
30.504406;1.5779713061449316;0.054623481205732925;0.03433770753144979;1.828521725593387;1.158991538003541;10.012693282829234;0.7485625430517978;0.012604346212635667;1.0456709606021974;0.05510397987544277;2.0630408979660246;0.03527292811432341;-1.1589594097227265;0.055187438459739446;1.8613317225333983;1.7803400092057062;1.159331866381996
30.504407;1.5779483307934383;0.054642829232283724;0.03436421073272574;1.8283942728093134;1.1589308487934085;10.0126337680328;0.7485548892428903;0.01260452042163757;1.0456691978346795;0.05512167696087157;2.062884368140883;0.035297550903102604;-1.1588974047992888;0.05520208447079575;1.8611993551414048;1.7802987089620175;1.159258736738401
30.504409;1.5778975971499432;0.054678681463530776;0.034401578692965215;1.8281365276125363;1.1588077313514684;10.012579283206412;0.7485475863578419;0.012604694119502548;1.045666979333967;0.055156378895436654;2.0625750175075046;0.035332055121545816;-1.1587733996853455;0.05523388320230128;1.8609350048831907;1.7802202920354604;1.1591238577584635
30.504413;1.5777937549429566;0.05474668357456671;0.03446022482874054;1.8276222400863005;1.158560766330394;10.012529616162324;0.748540668224488;0.012604868203360202;1.045664292837435;0.05522309629796859;2.061958842290383;0.03538642917168536;-1.1585253944058869;0.055297850305790576;1.860405671973498;1.7800667977376703;1.1588655771349847
30.504421;1.577582009947468;0.054880915749467504;0.034562905443450864;1.826592569407304;1.1580660490343075;10.012484470640619;0.7485341702959027;0.012605043421614573;1.0456611081446623;0.05535584131860123;2.06072783968358;0.03548066726873301;-1.1580303889883194;0.05542799829157491;1.8593483564804776;1.7797632471871638;1.158361603263148
30.504438;1.5771558269974029;0.05514719058354311;0.03475368428869958;1.824535464729004;1.1570768533710247;10.012443470613832;0.7485281219083036;0.012605220349651424;1.04565738173789;0.055618626079277395;2.0582700070927986;0.035654762941127995;-1.1570403834600378;0.055688335975946475;1.8572340582613793;1.7791576520382177;1.157365351118801
30.504472;1.5763000402757599;0.05567512486984733;0.03511969444347113;1.8204181903006915;1.1550948574717839;10.012406205498612;0.7485225426504161;0.012605399454449256;1.0456530604483527;0.05614146231649531;2.053357340868741;0.035988703647195315;-1.1550583778459675;0.056208868148588234;1.8530057769603758;1.7779520252610392;1.1553826845948227
30.504539;1.574586505125069;0.05672397345222597;0.035835883710683476;1.8121905386175086;1.1511278314328022;10.012372231016489;0.7485174476997445;0.01260558119716868;1.04564808553478;0.057187362471284184;2.0435398352553165;0.03664347752737883;-1.1510913721674338;0.05725259606968125;1.8445555118954908;1.7755403767738687;1.1514265650038258
30.504674;1.5711496308998183;0.0588173503074862;0.03725826403171277;1.7957495168377389;1.1431818261847262;10.012340972565731;0.7485128543704279;0.012605766118098063;1.0456423957591794;0.05927434016845174;2.0239354822160545;0.03793708337461311;-1.143147366443108;0.05933751805814221;1.8276712615961637;1.7707147041166353;1.1435176480363878
30.504809;1.5677068718021896;0.06090901581340554;0.03868520321939623;1.7793346710973177;1.1352217241569191;10.012311665251188;0.7485087807711013;0.012605954823217207;1.0456359277703333;0.06135840995659526;2.004372272353521;0.039231529640693284;-1.1351883606914683;0.06141963044928698;1.810814023649043;1.765878998111356;1.135595904039652
30.504944;1.5642562663626318;0.06299699446091184;0.04011546985209825;1.7629441374310508;1.1272475719643997;10.012283437566738;0.7485052434843712;0.01260614791764308;1.0456286197108577;0.06343858712166817;1.9848531959536675;0.04052582422693957;-1.1272163549311638;0.06349792855953956;1.7939847952258126;1.7610342593146553;1.1276633693650664
30.505078;1.5607998254214044;0.06507829397557018;0.04154707810223632;1.746583701780374;1.1192614346679102;10.012255405171054;0.7485022631504524;0.012606345935304488;1.0456204202667463;0.06551288659899752;1.9653822430843335;0.041819966533498835;-1.1192333491780433;0.06557040667002977;1.777188573413499;1.7561815048338523;1.1197221170570384
30.505213;1.5573376219415376;0.0671552298223669;0.042981492853546584;1.7302551562630257;1.1112642577489513;10.01222662472961;0.7484998677640152;0.012606549214165597;1.0456112954772003;0.06758232130343567;1.9459624033968481;0.04311294615651156;-1.1112393434437282;0.0676380578636467;1.7604273551958032;1.7513217591094805;1.1117721836217314
30.505348;1.5538696229033495;0.06922260993798664;0.04441537944558801;1.7139635076132584;1.1032591488459509;10.01219601057367;0.7484980828744519;0.012606757775357476;1.0456012225877591;0.06964390106593298;1.9265976663332083;0.04440674751962529;-1.1032373377377342;0.06969787390890873;1.7437041378572469;1.7464550415628486;1.1038167233279685
30.505483;1.5503979526340834;0.07128531104181603;0.045851821792919224;1.6977095179475519;1.0952449916662985;10.012162391434288;0.7484969206172268;0.012606971336236847;1.0455901752655568;0.07169863094399631;1.9072920211342923;0.04570035929070325;-1.09522833206923;0.07175084562023898;1.7270229195190268;1.7415823611968264;1.0958567825329668
30.505617;1.5469216353190334;0.07333923642340935;0.0472882266616114;1.6814969911297606;1.0872248577538242;10.012124659125286;0.7484963841407654;0.012607189476184949;1.0455781177243384;0.07374550843587857;1.8880494575379976;0.04699378186359893;-1.087213326446726;0.07379596486822135;1.7103856993070905;1.7367057206490601;1.08789345056065
30.505752;1.5434427270509565;0.0753829311967569;0.048723599774697285;1.665329815038181;1.0791997619081697;10.01208185360848;0.7484964797608429;0.012607411807598428;1.0455650116213155;0.07578352323988317;1.8688709677284923;0.04828602937529361;-1.0791923208771919;0.07583222614315598;1.6937954772973658;1.7318251287259934;1.0799267732861062
30.505832;1.5413686874850066;0.07659862289906696;0.04958137460742029;1.6557218872320694;1.0744182792045822;10.012033167395453;0.7484972227717249;0.012607637980477348;1.0455508264069246;0.07699466199143924;1.8574825468857874;0.04906112940937608;-1.0744143153650219;0.0770416250424097;1.6839392540744462;1.7289156130332262;1.0751782707696644
30.505832;1.5413683303791361;0.07660376011247776;0.04958696210271568;1.6557218723521956;1.0744193044159713;10.011977909223063;0.748498637965553;0.012607867603481596;1.0455355457135005;0.07699791354907483;1.8574821917498046;0.049073118907032344;-1.0744143099122563;0.07704315583942292;1.6839390299900447;1.728912220152982;1.0751681034914589
30.505832;1.5413660926630997;0.07660922477422405;0.04959188093255016;1.6557135186490792;1.074416351679964;10.011915453242043;0.7485007578170562;0.012608100237263841;1.0455191733499833;0.07700226932289185;1.8574708994758564;0.0490860340988011;-1.0744103045213;0.07704581151909795;1.6839298046711753;1.7289060044205395;1.0751543319888826
30.505832;1.5413640752196855;0.07661627242684253;0.04959686921385217;1.655705114339247;1.0744133874335817;10.011845232294515;0.7485036225141626;0.01260833542193152;1.0455017468182568;0.07700671932483777;1.8574606676557082;0.04909790302150325;-1.0744052991970017;0.07704858463390428;1.6839205769280585;1.7289000229625888;1.0751398942421384
30.505833;1.5413613475436247;0.07662467544523495;0.04960180118446573;1.6556878796568757;1.0744054100293525;10.011766795715983;0.7485072834837362;0.012608572694082127;1.0454833451529295;0.07701224841575201;1.8574384957655656;0.04911175063657211;-1.0743972939454942;0.07705246630488398;1.6839023448719812;1.7288923382665715;1.0751229689664918
30.505833;1.5413538965184894;0.0766340269590542;0.0496065351798013;1.655651345913881;1.0743884629637312;10.011679887065528;0.7485117992171962;0.012608811612685015;1.0454640772929427;0.07702083646588218;1.8573963869402919;0.04912661124481784;-1.0743792887713801;0.07705944503027715;1.6838651060048095;1.7288790139527603;1.075096561284966
30.505833;1.541339774337744;0.07664700550237331;0.04961286590814691;1.6555794213527832;1.0743534956333027;10.011584452878663;0.7485172224318881;0.01260905176640179;1.045444063914033;0.07703346269373543;1.8573113473490623;0.04914353715283131;-1.074343283676383;0.0770705070882768;1.683791857334437;1.7288551055209236;1.0750527726586863
30.505835;1.5413099640697807;0.07667184191614078;0.04962641867539243;1.6554360129536763;1.0742834057750332;10.011480575552367;0.7485235916109765;0.012609292741601323;1.045423421414032;0.07705510998270775;1.8571423834959448;0.04916759930337703;-1.07427227866102;0.07709063698204875;1.6836445958514472;1.7288106556920433;1.0749748940894417
30.505837;1.5412503338753256;0.07671210724990793;0.04964995744279237;1.655150473373582;1.0741422302723052;10.011368430756935;0.7485309303655332;0.012609534096475203;1.0454022480777103;0.07709476506248743;1.856803500789395;0.04920188041440194;-1.0741302737266367;0.0771288172139907;1.683350319244598;1.7287226982268795;1.074827133837856
30.505842;1.541129632766989;0.0767889088666658;0.049698178272079285;1.654577986664599;1.0738577810093513;10.011248234066361;0.7485392530503896;0.012609775362718118;1.0453806209165364;0.07716941627330978;1.856125704797827;0.049260465591612235;-1.0738452688751468;0.07720202994608093;1.6827630263230193;1.7285492692772328;1.074538240710659
30.505851;1.5408852693589152;0.07693887265885159;0.04979687692619891;1.653432275231692;1.0732877986504852;10.011120139592554;0.7485485737814583;0.012610016028594163;1.0453586021352255;0.0773170530198727;1.8547680030164448;0.04936443483334381;-1.073274264107598;0.07734826010113467;1.681588716885479;1.7282024152655988;1.0739663695762194
30.50587;1.5403929939743162;0.07723111831099636;0.049995003978039756;1.651139420184076;1.0721458827010546;10.010984199278482;0.7485589114830826;0.012610255507430205;1.0453362458234647;0.07760766597968952;1.8520514050148205;0.04955985908174631;-1.0721322594233238;0.07763749612681994;1.6792353911648679;1.7275081878173164;1.0728290209618505
30.505909;1.5394023943873234;0.07780861479541033;0.050393829879626324;1.6465422707677508;1.0698532430081473;10.010840381595617;0.7485702894976114;0.01261049317196408;1.045313599868308;0.07818324513240328;1.846605921674407;0.04993679872154964;-1.0698402548201265;0.07821172879738002;1.6745190492835487;1.7261156311053039;1.0705521816341732
30.505985;1.5374057673109145;0.07895847302185237;0.05119780140538588;1.6373078435439126;1.065239836529105;10.010688624678181;0.7485827321472771;0.012610728457490204;1.0452907026725713;0.0793287772887523;1.8356665646159218;0.05067830144971825;-1.065229250294633;0.07935595016713749;1.6650456913003948;1.7233117679463097;1.0659773078747525
30.506138;1.533359396071395;0.08123338377201511;0.052806399665959694;1.618677718769926;1.0559040317202542;10.010528947824941;0.748596260291341;0.012610960920333147;1.045267585660105;0.08159824621546499;1.8136143456048976;0.0521474011031537;-1.0559022458426988;0.0816241530845127;1.6459363179091793;1.71763558948095;1.0567296619680882
30.506291;1.5292514480851174;0.08348817793814826;0.05441156686200532;1.5998490536463148;1.0464314641896153;10.01036148285578;0.748610888862812;0.012611190196656106;1.0452442848682595;0.08384663461186533;1.7913422749537349;0.05361712001072303;-1.0464372414607686;0.08387133173858251;1.6266249308006078;1.7118740562421175;1.0473484413540373
30.506359;1.5274067907974878;0.08448720084297875;0.05511884353413497;1.5914015642289645;1.042169580194425;10.010186321197617;0.7486266249629638;0.012611415942561377;1.0452208439266293;0.08484292597435494;1.7813563593368704;0.054281471916127304;-1.0421782371484376;0.08486648219707349;1.6179615321439984;1.709283107668118;1.0431275551422503
30.506359;1.5274143221817207;0.08449139191839213;0.05510750736829981;1.5914011659845426;1.0421705407845654;10.010003364524833;0.7486434657509338;0.012611637825250476;1.0451973058112671;0.0848461060278567;1.7813576015642862;0.05429846081293342;-1.0421782329111007;0.0848686023231602;1.6179611241918923;1.7092876715413627;1.0431269415211208
30.506359;1.5274204528131046;0.08449828685500799;0.05509701070674617;1.591390956453127;1.0421664523200997;10.009812406878119;0.7486614016786876;0.012611855549691296;1.0451737101732852;0.08485016313507351;1.781348002148962;0.05431707809972958;-1.0421732287593433;0.08487169262037447;1.6179507094622376;1.7092906719205139;1.0431221952855445
30.50636;1.5274271841515636;0.08450251597873219;0.0550837528931471;1.5913823103713172;1.042163415365273;10.009613356063099;0.7486804248797977;0.012612068879066123;1.0451500981049673;0.08485408743185419;1.7813385598602753;0.0543363040469874;-1.0421682247045188;0.08487475698178046;1.6179402907510698;1.7092930377325124;1.0431182649387118
30.50636;1.5274325495389478;0.08450836458090534;0.05507059619192481;1.59136236107251;1.0421543710801593;10.0094063180503;0.748700533046277;0.012612277584682757;1.0451265173566875;0.08485887013497002;1.7813182714630513;0.05435611126898275;-1.0421592207550647;0.08487880034874982;1.6179208707986732;1.709292708840299;1.043111162866515
30.50636;1.5274335848553113;0.08451718115463408;0.05505851584158255;1.5913248951949732;1.042137299425654;10.009191502887104;0.7487217248791203;0.012612481311343062;1.0451030242306338;0.08486550386680675;1.7812761330236146;0.05437846888985273;-1.0421402169152991;0.08488482469909046;1.6178824522515656;1.7092876301925202;1.0430950157660843
30.506361;1.527428262862323;0.08452843158540084;0.055047220081825554;1.591249546375404;1.0421002703172157;10.008969142299481;0.7487439949060201;0.012612679548965501;1.045079675349313;0.0848769829542271;1.7811901420882337;0.05440435052458069;-1.042103213184751;0.08489582817361585;1.6178060380297148;1.7092707410354613;1.043061911073491
30.506362;1.527407547402708;0.08454882332997571;0.05504141706300842;1.5911008600718806;1.0420262463945145;10.008739514964047;0.7487673335339232;0.012612871863854925;1.0450565165875414;0.08489730258101225;1.7810162974496875;0.054435741056428726;-1.0420282095586109;0.08491580768543175;1.6176526312443928;1.7092309776342083;1.042992009725666
30.506364;1.5273543231525064;0.08458711509459586;0.05504746259553778;1.5908029663256544;1.0418772157559009;10.008503005126245;0.7487917271895114;0.012613058165543393;1.0450335833281679;0.08493345856363757;1.7806665962379826;0.054479636702410184;-1.041877206030322;0.08495176171991137;1.6173472345711792;1.7091452879290467;1.042847758409463
30.506369;1.5272373002345623;0.08466038358227604;0.05507769477739804;1.590207327529719;1.0415772104967462;10.008260136308069;0.7488171533868437;0.012613238767375225;1.0450109026230407;0.08500545003780346;1.779966031522536;0.05454603781709865;-1.041577202593659;0.08502369209277853;1.6167368499123453;1.7089686430442206;1.0425568062149755
30.506379;1.5269889333642637;0.08480221862767968;0.055156619014868215;1.5890148543105382;1.0409762829189921;10.008011576484718;0.7488435752603454;0.012613414283444811;1.0449884881435305;0.08514628176823179;1.778560592680476;0.0546589378789102;-1.040976199241836;0.08516460367510467;1.6155154784410362;1.7086090371768163;1.041968643638958
30.506398;1.5264801549826204;0.08508459312580104;0.05533620715365519;1.5866310708939684;1.0397725145934447;10.007758067270675;0.7488709432270695;0.01261358541577897;1.0449663385625438;0.08542596211782381;1.7757462680601808;0.0548633196603614;-1.0397721959657726;0.08544450191163765;1.613070120856128;1.7078824795585674;1.0407840890147615
30.506436;1.5254448590883898;0.08564260869891147;0.05571508959164165;1.581853650115514;1.03735733509837;10.00750032702062;0.7488992024536348;0.012613752735204044;1.0449444443573495;0.08598250005289548;1.77010604718184;0.05525116167223988;-1.0373591927536308;0.08600139077427704;1.6081727777941635;1.7064179846900822;1.0384029742280434
30.506513;1.5233500691079518;0.08675222429410064;0.056495210154024506;1.572269707451311;1.032503022206131;10.007239065665662;0.7489282977082444;0.01261391666318795;1.044922796697247;0.08708990576638702;1.7587889205106961;0.05600244232249049;-1.0325091895901835;0.08710927208159973;1.5983464499170288;1.7034675624694116;1.0336091813966624
30.506666;1.5191046582633758;0.08895668810080869;0.05807946286075625;1.5529856453152173;1.022703330571973;10.006975017834451;0.748958175229015;0.012614077577335556;1.0449013927398938;0.08928719250701218;1.7360268785499802;0.057482133884017954;-1.0227181864562713;0.08930714520347939;1.5785741376617612;1.6975042130915994;1.023924486812337
30.506819;1.5148056786465462;0.09114038388549059;0.059660502678451785;1.5335534737855319;1.0127868860843425;10.006708835439897;0.7489887864675944;0.012614235805001801;1.0448802346548611;0.09146437578222233;1.7131099121734508;0.05896219730549446;-1.0128111833295874;0.09148500765501294;1.558652841239932;1.6914669268114153;1.014128639084042
30.506972;1.5104560827328881;0.09330133840177951;0.061237125487706684;1.5139869411169027;1.0027587394091213;10.006440967042105;0.7490200914376682;0.012614391585757407;1.044859325171617;0.09362147119649739;1.6900560133959357;0.06044358896349081;-1.00279318018533;0.09364285673974522;1.5385985609523818;1.6853596805692508;1.0042267775381262
30.507126;1.506059872547923;0.0954422031418411;0.06281113023872442;1.494301963034149;0.9926248028815693;10.006171694031513;0.7490520586456537;0.012614545144526656;1.0448386655152282;0.09575749246697145;1.6668811755423198;0.06192426967717135;-0.9926701769959207;0.09577969102076146;1.5184242975687534;1.6791864323097865;0.9942248727292939
30.507279;1.5016170090787933;0.0975633915915338;0.06438300478919097;1.474510368967151;0.9823910653574025;10.005901249358152;0.7490846643019482;0.012614696745526552;1.0448182550433882;0.09787344998097582;1.6436043928145923;0.06340520490534687;-0.9824471737313204;0.09789651105246594;1.498144052851051;1.6729491215457415;0.9841280763525685
30.507314;1.5006157043080055;0.09804286462061154;0.06471696775593379;1.4699966975429897;0.9800515877386615;10.005629885424693;0.7491178909527211;0.012614846648508241;1.0447980903160088;0.09835235168253408;1.638302659847283;0.06376235974118581;-0.9801101703616706;0.0983763192457651;1.4935208299828637;1.6715276773188674;0.981831140534205
30.507314;1.500635091938765;0.09804282212606037;0.06468678438671872;1.469995833692366;0.9800524388449846;10.005357875610914;0.7491517216852773;0.012614995080983196;1.0447781644069456;0.0983532055088509;1.6383059715516728;0.06378769708601703;-0.9801101668607288;0.09837811833922792;1.493520633241189;1.6715340284169413;0.9818451544965004
30.507432;1.4971715942315549;0.09966370510898986;0.06589138753805912;1.4546255600120432;0.9720642115043054;10.005085500762567;0.7491861326902762;0.012615142266659718;1.0447584686367206;0.09997002097789282;1.620247322887836;0.06493818302673651;-0.9721311632071232;0.09999590892157875;1.4777734670583145;1.6666651158016623;0.9739718328996608
30.507585;1.4926470422699591;0.1017427352541018;0.06745685507315274;1.4346634066581323;0.9616467577864778;10.004813066946157;0.7492210914602059;0.012615288432670894;1.0447389988616806;0.10204480946224181;1.5968127085880455;0.06641979159800543;-0.9617261593838602;0.1020716872865217;1.4573243354233372;1.6603109042373303;0.9637039609123137
30.507738;1.4880836967317055;0.10380166106264352;0.06902031870195627;1.414635531346231;0.9511464451024679;10.004540922747044;0.749256561132151;0.012615433731793111;1.0447197573744476;0.10410058216195908;1.5733231228125861;0.06790250268248417;-0.9512381553780539;0.10412844413723427;1.4368112420307888;1.6539033796881832;0.9533583747323513
30.507892;1.4834845606900604;0.10583989772234662;0.07058144214152781;1.394552947219352;0.9405671855051445;10.004269438312521;0.7492925068118645;0.012615578160966466;1.0447007449890267;0.10613534753394673;1.5497935590512466;0.06938429995474156;-0.940673151181625;0.10616416484931568;1.4162471906057357;1.6474465318831644;0.9429410526513453
30.508045;1.4788526038742205;0.10785848405312168;0.07214097320548513;1.3744295654992627;0.9299149956049187;10.003998990668604;0.7493289006158032;0.012615721614563173;1.0446819559697105;0.10815011227122724;1.5262390110525894;0.07086616917483954;-0.9300351467912622;0.10817983126817086;1.395643184702779;1.6409423389378615;0.9324562000988431
30.508198;1.4741888058391304;0.10985575725304929;0.0736979200095446;1.354277151421761;0.9191958221542283;10.00372999579107;0.7493657229452618;0.012615864021559581;1.0446633828517395;0.11014488362367496;1.5026724737884318;0.07234909330880843;-0.9193311422058772;0.11017542318569616;1.375011227150337;1.6343947653752628;0.9219110413147465
30.508351;1.4694971269536157;0.1118346077134863;0.0752542216905961;1.334105600684938;0.9084125821803692;10.003462941439109;0.7494029585339221;0.012616005418379421;1.0446450230211524;0.11211966859265277;1.4791089438945133;0.07383105156979054;-0.9085641374241086;0.11215091968734692;1.3543653199462955;1.6278057712806224;0.9113085968737245
30.508505;1.464777504722827;0.11379086882058503;0.07680722662214326;1.3139269564097023;0.8975722657325087;10.00319832217798;0.7494405884876914;0.012616145906753752;1.044626878124393;0.11407447075043942;1.4555614208146521;0.0753130208057366;-0.8977401324445304;0.11410630115466368;1.333714464749082;1.621180322320623;0.9006551272913118
30.508658;1.4600328705717018;0.11572877742721774;0.07835984928683913;1.2937513003185857;0.8866787779829278;10.00293651744323;0.749478581836015;0.012616285554142107;1.044608947303335;0.11600828809425566;1.432042907792862;0.07679597087192801;-0.8868631272671226;0.11604055005641117;1.3130706632547597;1.6145193952506895;0.8899549342543561
30.508811;1.4552651412028923;0.11764484652389468;0.07990977101017673;1.2735878167130166;0.8757361511432186;10.00267776799202;0.7495168887745366;0.012616424340407318;1.0445912204895635;0.11792311387078017;1.4085654109848431;0.07827786201479327;-0.875939121893661;0.1179556512915985;1.2924449170827357;1.6078269791144413;0.8792140836023679
30.508964;1.4504772435244075;0.11954269837514635;0.08145947399342736;1.2534504947953506;0.8647512390301477;10.00242224555287;0.7495554389001678;0.012616562203142789;1.044573674764788;0.11981793914186556;1.385141937319614;0.07975965112266331;-0.8649731163269;0.11985059413659713;1.2718472273795614;1.6011060712534617;0.8684379209745342
30.509117;1.4456710973748086;0.12141970424072275;0.08300718478697755;1.2333465865876077;0.8537270083876523;10.002170107139271;0.7495941463403344;0.012616699085886439;1.044556274291922;0.12169275498214999;1.3617814929575258;0.08124229751596909;-0.8539681105700272;0.12172537312452412;1.251286594509211;1.5943586697350298;0.8576298306524621
30.509271;1.4408466247556078;0.12327598153479716;0.08455311265514971;1.2132829479225513;0.8426674183644107;10.001921531187548;0.7496329163728168;0.012616834893990347;1.0445389711270552;0.12354755378642981;1.338498083521602;0.08272376272104871;-0.8429291046264905;0.12357998604394087;1.2307730181564724;1.5875887660579027;0.8467949227740249
30.509424;1.436007747984202;0.12511280055232554;0.0860980176162016;1.1932724714701262;0.8315783673824007;10.00167673895122;0.7496716504719222;0.01261696947590733;1.044521706889287;0.1253813289471942;1.315299715340579;0.08420500758061533;-0.8318610985002093;0.12541343199191654;1.2103164975301552;1.5807983401652128;0.8359385942991654
30.509577;1.431156398115983;0.12692957615598202;0.08764146707079933;1.1733220011592793;0.8204628724849381;10.001435967728506;0.7497102506582658;0.012617102687502404;1.0445044209282768;0.12719707207497474;1.2921993957191404;0.08568698904422488;-0.8207670921963852;0.12722871126832502;1.1899260313808486;1.5739893563714469;0.8250642713375127
30.50973;1.4262925100985242;0.12872575803529482;0.08918315717263633;1.1534407135410585;0.809326826277133;10.001199481836004;0.7497486215820091;0.012617234416227262;1.0444870625978497;0.1289917705762653;1.2692051315745172;0.08716765813194381;-0.8096530857210896;0.12902282521188402;1.1696086182901453;1.5671647635987487;0.8141780615973894
30.509884;1.4214200084035455;0.13050114589148704;0.09072276441552378;1.1336351655916335;0.7981721112626371;10.000967651193708;0.7497866711005055;0.012617364524229537;1.0444695943110718;0.13076740898874004;1.2463259278552283;0.08864896088417593;-0.7985220790805421;0.13079777475242368;1.1493732571969069;1.5603285051873168;0.8032835023090268
30.510037;1.4165388055239627;0.1322585743252765;0.09226234858743085;1.1139143235339541;0.7870046855242895;10.000740936148468;0.7498243106912682;0.012617492776018495;1.0444519841626119;0.13252297181095518;1.2235727872132272;0.09012884129586281;-0.7873790722829397;0.13255255951705044;1.129228947624472;1.5534805302645984;0.7923856946302125
30.51019;1.411651807631934;0.1339954933698218;0.09379997637958945;1.0942851034609669;0.7758274860549917;10.000519732292949;0.7498614537438755;0.012617618857819859;1.0444342021405513;0.13425844442381404;1.2009517104204144;0.09160824334955642;-0.7762270653407553;0.13428717875098048;1.1091816895618303;1.5466257972951705;0.7814880881089342
30.510343;1.4067609248033885;0.13571350739895846;0.09533669181542699;1.0747548937076998;0.7646444655995187;10.000304211044806;0.749898013919685;0.012617742464480343;1.0444162194347981;0.13597481334116288;1.178473695861266;0.09308811246776344;-0.765070058271017;0.13600263259803913;1.0892384830925326;1.539764273998094;0.7705951604278876
30.510497;1.4018660740065747;0.13741117230354483;0.09687149811284157;1.055330790744209;0.7534605625504578;10.00009426899342;0.7499339090087567;0.012617863313340194;1.0443980068907297;0.1376720676312736;1.1561447382195063;0.09456639771826213;-0.753912051094591;0.1376989224860618;1.0694083278325281;1.5328999403970713;0.759711047613497
30.51065;1.3969701568997652;0.1390902799427128;0.09840548008213663;1.036017624460846;0.742277575916958;9.999889623886196;0.7499690699271985;0.012617981130966226;1.0443795408254462;0.13935019982098457;1.1339728284253634;0.09604405405802487;-0.7427570438340328;0.13937605153477492;1.0496962225703272;1.526034792779164;0.7488402513130433
30.510803;1.3920751165860026;0.14074807955368218;0.09993652276013355;1.0168238987788754;0.7311005715387963;9.999689997039095;0.7500034470328906;0.012618095679800451;1.044360807888873;0.141009203771461;1.1119649553086208;0.09752204261822564;-0.7316080365091554;0.1410340254897658;1.030108165410846;1.5191708400887471;0.7379863161205094
30.510956;1.3871818659633908;0.14238815484279602;0.10146711874162631;0.997754169626671;0.7199324374989006;9.999495266814982;0.7500370060021219;0.012618206745782252;1.0443418005238911;0.14264807118446673;1.090127106973225;0.09899832790777632;-0.720469029133951;0.14267185221876313;1.0106511541747176;1.5123100932583027;0.7271534115872518
30.511109;1.382291312921061;0.14400985004696865;0.10299672621461788;0.9788128354211014;0.7087760228831977;9.999305544546408;0.7500697195544209;0.012618314079123642;1.044322516064788;0.1442687911321923;1.0684672703915568;0.1004738774926521;-0.7093430217185744;0.14429153942847017;0.9913311868294565;1.5054545601483538;0.7163451191938508
30.511263;1.3774063910813061;0.1456126470421622;0.10452473684560512;0.9600085747730471;0.6976363327352855;9.999121177001284;0.7501015657909459;0.012618417332061045;1.0443029584346115;0.14587135288480085;1.0469904299571806;0.10194966662914175;-0.6982340142726199;0.1458930927592544;0.9721522619436787;1.4986072500345073;0.7055660443795058
30.511416;1.3725260011507643;0.14719565627402917;0.10605055895256783;0.9413427322951882;0.6865152088676181;9.998942666100554;0.7501325277898966;0.012618516029791443;1.0442831301875526;0.1474547482131578;1.0257025673248705;0.1034236772379737;-0.6871450068051813;0.14747551423434765;0.9531213787329428;1.491770179494407;0.6948194022109461
30.511569;1.3676540469715854;0.14876055244660238;0.107575064127729;0.9228229138962111;0.6754165900053901;9.99877052767178;0.7501625884600648;0.01261860964623903;1.0442630235504988;0.1490189706707472;1.00460766346569;0.10489788758507868;-0.6760789993247044;0.14903880107156187;0.9342415362915291;1.4849433750137047;0.6841090149562853
30.511722;1.362791449928367;0.15030799559114885;0.10909860206881399;0.9044532506150741;0.664343502740427;9.998605196221243;0.7501917267054166;0.012618697722700111;1.0442426249765258;0.15056601295026495;0.9837127008699603;0.10637026519580423;-0.6650389918405689;0.15058494689238222;0.9155187326017733;1.4781318713606066;0.6734381407332173
30.511876;1.357938089211037;0.15183639835261192;0.11061993735511584;0.8862380398349105;0.6532996790191773;9.998447012591598;0.7502199176876165;0.012618779873920514;1.0442219294860857;0.15209386551981763;0.9630216641688545;0.10784176940461782;-0.6540289843628938;0.15211194511002865;0.8969569642737374;1.47133470544715;0.6628114978618702
30.512029;1.3530969349529982;0.15334741634317509;0.11213994241928095;0.8681799590692786;0.6422862439436355;9.998296175051777;0.7502471343246526;0.012618855740384944;1.0442009526841625;0.15360451773696318;0.9425395394605229;0.10931335704802121;-0.6430509769000577;0.1536217927321822;0.8785602269585512;1.4645559094085117;0.6522318766703189
30.512182;1.348267893178071;0.15484077766084975;0.11365830942811962;0.8502831160656599;0.6313069396695756;9.99815266623598;0.7502733478608183;0.012618925029574403;1.0441797347851791;0.15509795989420883;0.9222683129369377;0.11078298839692095;-0.6321079694572873;0.15511449323000712;0.8603325157629923;1.4577965083689035;0.6417025928104353
30.512335;1.343452952399489;0.15631659351911378;0.11517482169759795;0.8325533424902323;0.6203658794778483;9.998016289469964;0.750298525497837;0.012618987580201841;1.0441583352978947;0.15657318486669844;0.9022139700895988;0.11225163552045554;-0.6212039620368183;0.15658905619798322;0.8422768256086233;1.4510575233112595;0.6312284670270543
30.512488;1.3386530081715808;0.15777475456613596;0.11668917222167559;0.8149911188493113;0.6094637925284255;9.997886766735757;0.7503226290893015;0.01261904333928238;1.0441368228392283;0.15803118827503151;0.8823794966814521;0.113720286365212;-0.6103399546377949;0.1580464935024419;0.8243981516484181;1.4443419721886075;0.6208114184344478
30.512642;1.333869995549547;0.15921659664329502;0.11820203575025601;0.7976017742015219;0.5986046165057142;9.997763819934097;0.7503456206805595;0.012619092300943257;1.0441152691779345;0.1594719668762078;0.8627668804052328;0.11518693808892772;-0.5995199472570087;0.1594868155182531;0.8066974894267941;1.4376508670283925;0.6104558133299645
30.512795;1.329103905950682;0.16064073541086316;0.11971222156051664;0.7803868978901836;0.5877904525891875;9.997647248517428;0.7503674697654729;0.012619134502691122;1.0440937477753809;0.16089651747133932;0.8433811118540205;0.1166525913763135;-0.5887449398912977;0.1609110295805669;0.7891798347916261;1.4309852148302282;0.6001636354136562
30.512948;1.324355634033603;0.1620482625424753;0.12122030838711079;0.7633494057219253;0.5770240395664679;9.997536983783778;0.7503881586377262;0.012619170079947612;1.0440723312346687;0.1623038373518037;0.824223185061965;0.11811825631421723;-0.5780189325383287;0.162318139796241;0.7718461838504407;1.4243480218780358;0.5899398621344673
30.513101;1.3196281230020672;0.16344068331839826;0.12272699189402346;0.7464922281412346;0.5663073137109169;9.997433135337106;0.7504076880847221;0.012619199273928053;1.0440510894074972;0.1636959236801974;0.8052960976778707;0.11958196024919449;-0.5673449251948572;0.1637101490172726;0.7547005328445778;1.4177402945473865;0.5797879187208784
30.513255;1.3149203739687059;0.1648151595884119;0.12423002779048578;0.7298174520271877;0.5556433550875627;9.997336042778894;0.750426079010953;0.012619222338760575;1.0440300912687819;0.16507077158022296;0.7866028503038592;0.12104474604064083;-0.5567229178563586;0.1650850627599332;0.7377438779966686;1.4111630424433694;0.5697089188254634
30.513408;1.3102352736830547;0.16617563864700824;0.12573194951732383;0.71332756832469;0.5450339415122593;9.997246224405089;0.7504433680770387;0.012619239465153306;1.0440094053794748;0.16643037396048255;0.7681444455708398;0.12250766050442677;-0.5461579105198998;0.16644489076737123;0.7209792157251984;1.4046172842729736;0.5597089487753726
30.513561;1.3055718089033355;0.16751983344856805;0.12723091927038152;0.6970244013837966;0.534482056572791;9.997164188530151;0.7504596011573452;0.01261925079332584;1.0439890947206687;0.1677737228447971;0.7499228881095525;0.12396874050652847;-0.5356499031876244;0.16778864517246653;0.7044075432476397;1.398106042759601;0.5497886168564919
30.513714;1.3009329528107707;0.1688492881074672;0.12872762967212212;0.6809091909538039;0.5239886373682265;9.997090239003475;0.7504748252073471;0.012619256440241887;1.0439692138669576;0.1691028103258024;0.7319391854340092;0.12543000824575182;-0.525201895867756;0.16911833870009058;0.6880318591818381;1.3916293360806884;0.5399523837205318
30.513868;1.2963176504532525;0.1701627832072059;0.13022104947322494;0.664983363030151;0.5135564664453033;9.99702441087699;0.7504890804837195;0.012619256506079429;1.043949816236209;0.1704156294474989;0.7141953486142932;0.126889480089248;-0.514816888572187;0.17043198393587883;0.671853163518187;1.3851891854507508;0.5302038568235024
30.514021;1.2917279023625636;0.1714624220068353;0.1317124034542959;0.6492489682842407;0.50318761528814;9.996966596655483;0.7505023981626702;0.012619251057193663;1.0439309619025172;0.17171417519260881;0.6966933916966654;0.12834817927758183;-0.5044958813129045;0.17173159280508993;0.6558724568526312;1.3787866298664517;0.5205454270706982
30.514174;1.2871657070137155;0.17274770264824807;0.13320090115453187;0.6337091566177233;0.4928850960161663;9.996916756712094;0.7505148044056407;0.01261924010646049;1.0439127150352367;0.17299844533417066;0.6794323294288868;0.1298071396941751;-0.49424087410143797;0.17301717594463578;0.640090739525784;1.3724227269902047;0.510980535483097
30.514327;1.2826299619685892;0.17401927973634648;0.13468696339652905;0.6183612231958151;0.4826486203530601;9.996875007480808;0.7505263256779373;0.01261922370374007;1.0438951372009577;0.17426844127068394;0.6624131742090426;0.13126439792942873;-0.4840538669516641;0.1742887419513028;0.6245100111274632;1.366098542531364;0.5015119205521537
30.51448;1.278121673261402;0.17527648520144565;0.1361697671689032;0.6032077309149242;0.4724811995808355;9.996841530119731;0.7505369898798837;0.012619202124427829;1.0438782844973202;0.17552416841644203;0.645637934455649;0.13272098318333472;-0.47393685988175765;0.17554629746850337;0.609130270451583;1.3598171442318863;0.49214311761706503
30.514634;1.273642845232828;0.17652021353381195;0.13764960806875468;0.5882491283053044;0.4623838843651807;9.996816451268131;0.7505468247699674;0.01261917595167216;1.043862206378741;0.17676663552313143;0.6291056155971356;0.13417791425542583;-0.4638908529126071;0.17679084896306463;0.593952515751434;1.353576600286272;0.48287679568397895
30.514787;1.2691943952018938;0.177750758949059;0.13912643850892709;0.5734875091706167;0.45235947435642077;9.996799859968329;0.7505558580711069;0.012619145941487891;1.0438469431803583;0.17799585320063852;0.612816222035785;0.13563320442721716;-0.4539188460637455;0.17802240523964039;0.5789777450010589;1.34738097258167;0.4737168038437217
30.51494;1.2647752719603382;0.17896766432673636;0.14059983499792605;0.5589229061601242;0.4424098822345427;9.996791910011579;0.7505641190942166;0.01261911274999213;1.0438325248521245;0.1792118329125293;0.5967717577116407;0.13708787104537287;-0.44402183934948214;0.17924097843199996;0.5642059560155098;1.341229312372426;0.46466596083982514
30.515247;1.2560527367736767;0.1813727363794122;0.1435213803444535;0.5303854063977411;0.4227385024972567;9.99679283225949;0.7505716409355969;0.012619076741594903;1.0438189744736226;0.18161258751380793;0.5654102254537642;0.13999894233513982;-0.42446083277739827;0.18164458397288366;0.5352731463722024;1.32908666675658;0.446904922087388
30.515522;1.2483141960218724;0.18349620912473005;0.14614162636013628;0.5053758019236563;0.4053027354342949;9.996802836556894;0.7505784615251506;0.012619038074876044;1.0438063141359086;0.18373113236821415;0.538016626721606;0.14261845690931416;-0.40712782634988737;0.18376624164825112;0.5099303134137959;1.3183180836944088;0.4313266772595948
30.51561;1.2458687056971418;0.1841617372198019;0.14698629875023578;0.4975767593019004;0.39982723879994486;9.996822036844453;0.7505846190261657;0.01261899690182946;1.0437945675230473;0.18439448500710023;0.5294929626002575;0.1434494603355651;-0.4016868200681259;0.1844329745757699;0.5020304546334988;1.3149226069083844;0.42647212437674703
30.515698;1.2434470198227312;0.1848251057091557;0.14782979472116586;0.48988684290649626;0.3944102221156774;9.996850443178959;0.750590145208381;0.012618953397847896;1.0437837609579077;0.18505766308935673;0.5210962348754988;0.14428000178403674;-0.3963028139352737;0.18509980412945753;0.49424256796530247;1.311562272245372;0.4216868035301269
30.515777;1.241287115164047;0.18542264793683194;0.14859196385331153;0.48306162676456565;0.3895869269553392;9.996887953942503;0.7505950654281303;0.012618907707383106;1.0437739298361575;0.18565368225646037;0.5136504446071453;0.14502713127457262;-0.3915098079552918;0.18569974675003467;0.4873306517333452;1.308569114452191;0.4174431908416878
30.515856;1.239147925447072;0.18602018509063695;0.1493542770718539;0.4763276035649812;0.3848137986891792;9.996934322893638;0.7505994025918006;0.012618859979796228;1.0437651181397225;0.18624855542704502;0.5063125897654615;0.1457738971906623;-0.3867678021293284;0.18629881575826243;0.48051370474445404;1.3056071747242883;0.41326042811049823
30.516014;1.234960013319742;0.18721937774387803;0.15085754201229665;0.46313125259107535;0.37541784879139906;9.996989133584604;0.7506031774913423;0.012618810452798128;1.0437573570084737;0.1874462937087428;0.4919486666305834;0.1472713431002899;-0.37743579645501496;0.1875010234722259;0.46715372650487674;1.2997945010498062;0.4050771690346542
30.516172;1.230858194319013;0.18841980003558823;0.15236112276133754;0.45028992651141864;0.366220984107745;9.997051827543833;0.750606404352068;0.012618759481759993;1.0437506477056657;0.18864290885589635;0.47799767390030745;0.1487675072884308;-0.3683027909299623;0.1887023808210174;0.45415771713369485;1.2941051460321458;0.39713430624441337
30.51633;1.2268415386900138;0.189619008908345;0.1538627739787435;0.4377948626808508;0.3572202852951903;9.99712176766909;0.7506090867278774;0.012618707487626332;1.0437449695906431;0.18983941600794757;0.46444661427493367;0.1502644277038525;-0.35936878555437174;0.18990389624991647;0.4415156770960546;1.2885371646512378;0.3894333042657379
30.516488;1.2229089716125885;0.19081813178720164;0.15536315766080747;0.42563709734193333;0.34841255965038836;9.997198277445685;0.7506112211600315;0.012618654889802782;1.0437402927477113;0.19103483357259918;0.4512864927020934;0.15176114945324348;-0.35062878032965966;0.19110457408130332;0.4292186071544552;1.2830876118202055;0.38196983830507814
30.516646;1.219059583654587;0.19201599041494333;0.15686103483532954;0.41380952829456974;0.33979594588130113;9.997280663505412;0.7506128053654763;0.01261860208718167;1.0437365825274065;0.19223118095424502;0.4385063144933861;0.15325672730410203;-0.342080775257569;0.1923064124467731;0.41725750853514604;1.2777575401200234;0.37474227617503547
30.516804;1.2152923371196684;0.19321494597372008;0.15835809694121006;0.40230361466489617;0.33136730844251655;9.997368228578004;0.7506138410784561;0.012618549483674156;1.0437338042747366;0.19342647826093756;0.4260960853973039;0.15475321926436206;-0.333722770341012;0.1935074036323544;0.4056253830953823;1.2725429973344775;0.3677501345976382
30.516962;1.2116043162612793;0.19441390611778195;0.15985347076996823;0.3911105909804456;0.3231236837065436;9.99746027024826;0.7506143320116436;0.012618497537833756;1.043731929130601;0.19462174848507222;0.4140458125909708;0.1562496793907925;-0.32554976558339443;0.1947085367191703;0.3943142333615116;1.2674430264006935;0.36098896274573733
30.51712;1.2079965510673876;0.19561277089025614;0.16134658729850868;0.3802241831548296;0.3150629501290885;9.997556109004435;0.7506142801131245;0.012618446796848787;1.0437309394952288;0.19581801890522627;0.40234550426123333;0.15774615499134223;-0.31756176098820293;0.19591079916264242;0.38331406240218113;1.2624556662596904;0.3544591955799349
30.517278;1.2044681248775533;0.19681327422386707;0.16283865725194857;0.36963671928037634;0.3071822467408537;9.997655149659415;0.7506136795763446;0.012618397880373198;1.0437308344986842;0.19701432025758137;0.39098616785073476;0.15924168344820944;-0.3097537565606075;0.19711317651081914;0.37261787352050324;1.2575809487218728;0.3481562400234908
30.517436;1.201016066669499;0.19801356883091764;0.16432820687960242;0.3593385392136174;0.29947743545419475;9.997756912899609;0.7506125139634343;0.012618351398456807;1.0437316277100939;0.19821168569405287;0.37995780881430274;0.16073829076042845;-0.30212475230785824;0.1983166513756326;0.3622196698544935;1.252814896575749;0.3420803729598025
30.517594;1.1976394029181032;0.1992155053336336;0.16581656849151974;0.34932576310836966;0.2919485256098718;9.997860978569882;0.7506107600128473;0.012618307824309047;1.043733333977031;0.19941015137034557;0.36925343051562465;0.1622349977924536;-0.2946707482375321;0.1995212027356274;0.35211045419846887;1.2481575286298723;0.3362277668924514
30.517752;1.194339279572124;0.20041869462162343;0.16730292112867118;0.3395894497999286;0.2845906891604885;9.997966868826513;0.7506083914594125;0.012618267441863966;1.0437359564583617;0.2006097568928588;0.3588640348602905;0.16373082574495854;-0.287389744356394;0.20072680712703844;0.3422832288760494;1.2436068626373982;0.3305962251701243
30.51791;1.1911126254602962;0.20162413734519563;0.16878820338738101;0.330122611077492;0.2774016281565423;9.998073986979476;0.7506053812420458;0.012618230404004074;1.0437394850343957;0.20181054238390722;0.34878062295991086;0.16522779073537286;-0.2802787406699342;0.20193344136695077;0.33273099536369016;1.2391609100067735;0.32518403471125135
30.518068;1.1879586001723104;0.20283083913824698;0.17027138417218152;0.3209208249489427;0.27038053158680553;9.998181649725392;0.7506017049910055;0.012618196796831545;1.0437439024276731;0.20301354406029742;0.3389941953983865;0.16672489917455519;-0.2733357371816074;0.20314208455351648;0.3234477543574618;1.2348186754039434;0.31998878896080196
30.518158;1.1861629449538622;0.20351983147185546;0.1711274873722024;0.3157536747214956;0.26642359093317336;9.998289122250114;0.7505973447516366;0.01261816668954833;1.043749185312009;0.20369979248694414;0.3335087519051605;0.16758015539700674;-0.26942373389327645;0.2038337187866147;0.31823750660726063;1.2323681659468222;0.3170990564051994
30.518249;1.1843819000686275;0.20420698420619898;0.17198174329500457;0.31064499176627125;0.2625009624399849;9.998395588628172;0.7505922948472867;0.01261814015867352;1.043755299225376;0.20438531323009038;0.3280892904567016;0.1684355693676784;-0.26554673080634394;0.2045243291752856;0.31308625351204655;1.2299383920142746;0.31426315256940085
30.51833;1.182786063272326;0.20482493984829786;0.17275208677746615;0.3060923026022289;0.2589964404111505;9.998500132617131;0.7505865635380924;0.012618117221031946;1.0437622009182528;0.20500012833010178;0.32326480703839705;0.16920515332784125;-0.2620837279209176;0.20514390338982574;0.30849699676612785;1.227767355069736;0.3117534001036967
30.518412;1.1812010805355786;0.20544129808601758;0.1735207532213444;0.3015834264881466;0.2555173820097558;9.99860181788202;0.7505801625253814;0.012618097727588313;1.0437698508940672;0.20561325732667873;0.31848929664547676;0.16997491595007594;-0.2586457252333998;0.20576143149975568;0.3039507375678476;1.2256130392923619;0.3092847405178869
30.518575;1.1781018648615877;0.2066734224509427;0.17503831166685738;0.2926862313381072;0.24862721201571636;9.998699773541238;0.7505731000709525;0.012618081309259862;1.0437782191774336;0.2068427172986149;0.3090797545880994;0.17151986625658067;-0.251839722735468;0.2069949053941095;0.29498347636102223;1.2213544136937304;0.3044742848684254
30.518738;1.175044920822208;0.2079015881780846;0.17655318844419157;0.2839534445920387;0.2418324012499295;9.998793201992346;0.7505653876887836;0.012618067395040887;1.0437872780031208;0.20806752342169885;0.2998581774844457;0.17306402375080435;-0.24512872041608047;0.2082233168941369;0.2861832130835376;1.217155439135788;0.2998263575472327
30.519063;1.1690960843873641;0.210345558225585;0.17955712064776952;0.26697154562991654;0.22852650181323103;9.998881368777862;0.7505570440684162;0.012618055338142161;1.0437969927561082;0.21050869021973542;0.2819725633564949;0.17615742149736383;-0.2319947182658023;0.21066765732466725;0.2690759471636997;1.208939076511597;0.29103426683067046
30.519389;1.1633146035985027;0.21277410714000297;0.18255101681333138;0.25062467020616747;0.2156004543526064;9.99896358369906;0.7505480917972984;0.012618044613562376;1.04380731960079;0.2129342325779693;0.2648129108864894;0.17925010244069328;-0.21924371628065537;0.21309591893999766;0.2526156774673493;1.2009552879240974;0.28290986532285906
30.519715;1.1576993195131864;0.21519052496000043;0.18553646876110463;0.23489902862813375;0.20305381565496128;9.999039156734634;0.750538557389434;0.01261803494656703;1.0438182099006388;0.21534716594834136;0.24836421843280976;0.18234411560182195;-0.20687671446159192;0.21551109458185808;0.23679040266420998;1.1932060287149135;0.2754610729634492
30.520041;1.1522504239015188;0.21759721945673854;0.18851414089045282;0.2197836163428156;0.1908879452985346;9.999107407263958;0.750528471761823;0.012618026293217769;1.0438296171054113;0.2177505051128814;0.23260648268397668;0.18543850818615157;-0.19489271281126494;0.21791617648223027;0.22158512158259924;1.1856892468355613;0.26868965676782697
30.520367;1.1469689103749585;0.21999540197563724;0.1914835497773872;0.20526380170345454;0.17910061436743197;9.999167776467917;0.7505178671572375;0.012618018690917259;1.0438415010112114;0.22014626259603887;0.21752369775399405;0.1885323159432522;-0.18329271133312455;0.2203131570876777;0.20698783328294879;1.1784068933101395;0.2625955344452025
30.520692;1.1418527795169195;0.22238783368743867;0.19444607946584438;0.19132733636029747;0.16769178418209355;9.999219881907072;0.7505067747247337;0.012618012106484989;1.0438538281614826;0.22253844818296148;0.20309685549089052;0.1916275619539602;-0.1720737100309253;0.2227060306415757;0.19298353722070463;1.171356929624852;0.2571742936997003
30.521018;1.1369041037093202;0.22477926309628637;0.1974042118337592;0.17796106855399055;0.1566596466730448;9.999263354956044;0.7504952224717356;0.012618006419060067;1.043866573319733;0.22492706959858913;0.18930894652919056;0.194722260394762;-0.16123670890769692;0.22509479409303929;0.17955923339403182;1.1645393242220397;0.25241758020799027
30.521344;1.1321199127599324;0.22716792998074128;0.20035560275782005;0.1651509143981614;0.14600193696699296;9.99929765652119;0.7504832341026503;0.012618001506776624;1.0438797223049177;0.22731513351058666;0.17614196238443242;0.19781841799448685;-0.15077770796725654;0.2274824483692945;0.1666999219922191;1.1579520398709577;0.24831265700991723
30.52167;1.1275003198119458;0.2295594069781492;0.2033038492253365;0.1528844494000317;0.1357170099578209;9.999322155736008;0.7504708324886468;0.012617997269005903;1.0438932685121662;0.22970464505737576;0.16357789795589397;0.20091503500882876;-0.14069570721580485;0.2298709997668476;0.15439260269776658;1.1515940272905092;0.24484249838114702
30.521996;1.1230432894306497;0.23195244619348843;0.20624692655810983;0.14114738758258877;0.12580145018499295;9.999336380392858;0.7504580481681782;0.012617993517292621;1.043907199648501;0.23209760571941918;0.1515987520783487;0.20401110648989898;-0.13098670666231843;0.23226245901880965;0.14262327413560977;1.1454642324707383;0.2419842885053154
30.522321;1.1187500168968674;0.2343517691839153;0.20918752533511836;0.1299273529421475;0.11625275938465354;9.999340163237886;0.7504449269195954;0.012617989923437763;1.0439214844966822;0.2344960115094267;0.14018852598484371;0.2071086234602503;-0.12164870631974149;0.2346588386199704;0.13137693387324506;1.1395596045456904;0.23971526835960766
30.522647;1.1146165655766722;0.23675691572508217;0.2121246909682738;0.1192100201811782;0.10706685970470013;9.999333653022282;0.7504315264501284;0.012617986109300152;1.0439360740515622;0.2369008531487428;0.12932922162442517;0.2102055746635889;-0.11267670620521263;0.23706115165871838;0.12064057905515907;1.1338790992840462;0.23800452951225412
30.522973;1.1106419993873893;0.23917044575111515;0.21505963003164466;0.10898096982622044;0.09823881406473345;9.999317280929436;0.7504179046341234;0.01261798167073025;1.0439509130885112;0.23931511819751883;0.11900284062607633;0.21330394724057267;-0.10406770633791472;0.23947241135148628;0.11039920715375422;1.128418680870191;0.2368230125053223
30.523299;1.1068243868012904;0.24159343840634026;0.21799243619051495;0.09922830141719097;0.08976562946998128;9.999291671857502;0.7504041130383967;0.01261797607240919;1.0439659497441205;0.24173879234032772;0.10919438395482498;0.2164027277358155;-0.09581770673599749;0.24189262904828415;0.10064081634609653;1.1231773192532921;0.23613647460238266
30.523625;1.1031627897120184;0.24402853522372198;0.22092444815258988;0.08993854345549827;0.08164240979708114;9.999257527674972;0.7503902004162232;0.012617968619587597;1.0439811397320227;0.24417485851258705;0.09988585222676594;0.21950090431341185;-0.08792070741453718;0.24432481334917897;0.09134940547279852;1.1181509839341004;0.23590843740922823
30.52395;1.0996543709898343;0.2464768137048437;0.2238560029574041;0.08109870476772951;0.07386443135477887;9.999215562617742;0.7503762179414095;0.012617958614683159;1.043996442224248;0.2466242964824802;0.09106224592714908;0.22260046457490504;-0.08037170838635603;0.2467699730630681;0.08251197387192771;1.1133376436074893;0.23610498527055956
30.524276;1.0962972077046447;0.24893980141541908;0.22678769267419482;0.07269502827081087;0.06642578490059567;9.999166473715547;0.7503622182753082;0.012617945556619676;1.0440118099547435;0.24908808410475627;0.08270656542889121;0.22570038931758554;-0.07316670966388561;0.2492291206603981;0.0741165216029969;1.1087332767447808;0.2366896541137178
30.524602;1.0930882913170648;0.2514176869102766;0.22971914007758815;0.06471494000996739;0.059321294029172814;9.999110901813049;0.7503482531767952;0.0126179292337681;1.0440271853049115;0.2515681988305387;0.07480381117141921;0.22879964929474117;-0.0662997112580158;0.25170427193373895;0.0661480501641137;1.1043358806478467;0.23762569291174301
30.524928;1.0900267959937049;0.25391217423154716;0.23265092228893391;0.05714695948176686;0.0525462660339593;9.999049443161296;0.7503343771892893;0.012617909709224176;1.0440425042668353;0.25406461823968024;0.06733898392268634;0.23190020582363666;-0.059765713175842;0.25419544368151425;0.05859456296736893;1.100140467241589;0.23888050978868847
30.524963;1.0896812941038116;0.2541824166409232;0.23297040510305098;0.056356348332538324;0.05183660451575101;9.998982725615054;0.7503206531403795;0.012617887248925963;1.0440576988089607;0.2543373193396991;0.06656008559537575;0.23223701222847215;-0.059081715421576794;0.254462653146504;0.057806064852686405;1.0996980523089865;0.23903096720550399
30.524963;1.08965592964072;0.25418322084417855;0.23297390161875797;0.05635605542502504;0.051836516998044285;9.998911424993938;0.750307150922731;0.012617862247957983;1.044072697317531;0.2543402776810319;0.06655911999420505;0.23224101611579887;-0.059081717998580585;0.2544599186652152;0.05780656095709802;1.0996956486097074;0.23902975255189457
30.524963;1.08963030510202;0.2541853399320287;0.2329782948699491;0.056349561463641964;0.05183077483539044;9.998836183425615;0.7502939398405972;0.012617835188339683;1.0440874281826662;0.25434546826271875;0.06655409226394694;0.23224716539261592;-0.05907672090918968;0.2544592593011321;0.05780305596805622;1.0996902633895913;0.23903005440158726
30.524963;1.089605341572322;0.2541884109881546;0.2329830850875641;0.056343170636749325;0.05182511749180361;9.998757555299568;0.7502810815457281;0.012617806589031545;1.044101822598778;0.2543498681131617;0.06654800819399265;0.23225441509276293;-0.059071724152872596;0.2544576934052888;0.05779755415132439;1.0996848934785726;0.2390322039984729
30.524964;1.0895811521546261;0.25419400780088425;0.2329897151955267;0.05633179918705723;0.05181487711122755;9.998676038590427;0.750268627352313;0.012617776910303243;1.0441158142783105;0.2543574581554227;0.06653487422490452;0.23226372781286939;-0.059061727724340124;0.2544592366879432;0.057787059473368596;1.0996765178337844;0.23903599330168723
30.524965;1.089552879814659;0.2542026247579193;0.2329996976781283;0.05630913211187879;0.05179449286760849;9.998592115387536;0.7502566206792272;0.012617746466023011;1.0441293381500658;0.25436922349864305;0.06651169699815171;0.23227707125660796;-0.05904273161323219;0.25446489999489824;0.05776457525599047;1.0996610986860393;0.2390424157205019
30.524967;1.0895177554990634;0.25421908572285884;0.2330180667200931;0.05626295285341008;0.05175289062702306;9.998506272605798;0.7502451022600948;0.012617715428159105;1.0441423250795305;0.2543891520980099;0.06646548228313026;0.23230041891484393;-0.05900273580605916;0.2544786886575337;0.05772010362054513;1.0996335919993792;0.23905434691545696
30.524971;1.0894663215822402;0.25425174893873204;0.2330545250578681;0.05617220717300811;0.05167120349459465;9.998419018397536;0.750234110731108;0.01261768388874327;1.0441546937748551;0.25442423184470003;0.0663752344150672;0.23234375083590378;-0.05892474028849371;0.25450760469319683;0.057629645431432806;1.0995799544424039;0.23907729967440355
30.524979;1.0893794489537687;0.2543155272999173;0.2331268547708381;0.05599086087205729;0.0515080962488182;9.998330903782142;0.750223677391737;0.012617651858971495;1.0441663496724978;0.2544904473376175;0.06619495709329223;0.2324250513491367;-0.05876774504512414;0.2545676498444948;0.05744920091752371;1.0994761465977718;0.239118674373008
30.524995;1.089221854880696;0.254441933180063;0.2332715391338733;0.055628173066320244;0.05118193743835174;9.998242541618128;0.7502138233563268;0.012617619213056529;1.0441771951612746;0.2546197770525131;0.0658376545448002;0.23258330652447398;-0.05845375005728992;0.2546908274463948;0.05708777017049083;1.0992721405315518;0.2391973888684312
30.525028;1.0889212631777943;0.25469312601608807;0.2335611918625095;0.05490677759457677;0.05053317320659658;9.99815455814561;0.750204563698481;0.012617585643721159;1.0441871434570167;0.2548731923900699;0.06512633109943076;0.23289550392654376;-0.057828755302701144;0.25493814328513903;0.05636835298595387;1.098866926855583;0.23935162758354808
30.525092;1.088335742807682;0.25519411510693163;0.23414138817355953;0.05347406574294593;0.04924394731435678;9.99806748280999;0.750195913323299;0.012617550671198326;1.0441961241881266;0.2553766605183669;0.06371798989334748;0.2335146311382565;-0.05658876075754487;0.25543560566416285;0.05493994852832734;1.0980655115498759;0.23966093569270283
30.525222;1.0871916231364314;0.2561971329064273;0.2353041428404152;0.05065581769892495;0.046704338722646926;9.997981667837319;0.7501878873901648;0.012617513797332785;1.0442040784763007;0.2563821489183943;0.0609516323913288;0.2347496710660542;-0.05414676639885844;0.2564352243601214;0.05213055553469091;1.0964909063560864;0.24030452066392144
30.525481;1.0849771336480596;0.2582089562372219;0.23763183028007737;0.045202297026784105;0.04177553525835175;9.997897297178698;0.750180496425168;0.012617474697409172;1.044210951807444;0.258396627914438;0.0556132583201791;0.23721659911914236;-0.04941477220529349;0.2584440094598946;0.04669317295354558;1.0934351264024609;0.24170323612235414
30.52574;1.0828509374044943;0.2602327958859705;0.2399603195458743;0.03998574009353053;0.03704235363222278;9.997814490667796;0.7501737425533559;0.012617433240899392;1.0442166909941064;0.2604230711435111;0.05052586626152259;0.23968338501949216;-0.044881778155293574;0.26046497082264036;0.04149580023898258;1.090501191078142;0.24324877458357103
30.525999;1.0808130248016952;0.26227053373011827;0.24229082609098554;0.03500396671101358;0.03250506743660156;9.997733441748867;0.7501676233608348;0.012617389451509593;1.0442212469072367;0.26246245594912565;0.045682455653345215;0.2421489964755959;-0.04054478422412742;0.26249911692597033;0.03653343704225175;1.0876871152740493;0.24492585977269887
30.526258;1.078860193215423;0.26432076775347696;0.24462226131577097;0.030247636899493682;0.02815730891217668;9.997654467846427;0.7501621403050008;0.01261734354081417;1.0442245804021886;0.2645147633228974;0.04107802795556306;0.2446154036587695;-0.036400790382993875;0.26454645241483676;0.031799082803607256;1.0849899031893613;0.24672299417607477
30.526517;1.0769915285213025;0.26638656009138;0.24695717385457203;0.025712002072939836;0.02399673208811946;9.997577903030425;0.7501573014157281;0.012617295911491907;1.044226667842257;0.26658197618044194;0.036704585422742485;0.24708058277722486;-0.032445796602007235;0.26660897621096336;0.02728773660414044;1.082408555477988;0.24862544623591917
30.526777;1.075204924180909;0.26846528131094594;0.24929311881982164;0.02139249275910595;0.020021062870001844;9.997503969871428;0.7501531189226907;0.01261724710551399;1.0442275048182013;0.2686620780023124;0.032556130053453466;0.24954651420597143;-0.028677802855975976;0.2686846825848571;0.02299239696990027;1.0799410755535803;0.2506235873545487
30.527036;1.073500266828866;0.2705582566219769;0.25163086315165667;0.017282850843377686;0.016226296112636415;9.99743278529159;0.7501496086222301;0.01261719775976221;1.0442271043005507;0.27075705372909;0.028625664156338815;0.2520111790060132;-0.02509180912830307;0.27077556371003214;0.01890806154121212;1.0775844670730939;0.25270431524347853
30.527295;1.071874568817643;0.272667262982373;0.2539722822792076;0.013376281868666755;0.012607852994936936;9.99736442147495;0.75014678723844;0.012617148529976693;1.0442254905328907;0.27286589086469454;0.024907190869820583;0.2544765622706211;-0.021685815409415252;0.2728806106875393;0.015029727324195254;1.0753367318561442;0.2548597031004197
30.527554;1.0703267303450983;0.27479092655763104;0.25631589710912595;0.009669795056924148;0.009164545522620273;9.997298957144839;0.7501446636736033;0.012617100020392336;1.044222696514036;0.27499057918160197;0.021394714419591117;0.2569406592147467;-0.01845482169330671;0.27500181458959266;0.011350391722196084;1.0731968725241032;0.25707836445249066
30.527813;1.0688557586794367;0.27693060740589837;0.2586627642612536;0.006155669670158727;0.005890667435058001;9.997236526788228;0.7501432339728515;0.01261705282603762;1.0442187640499285;0.2771301106612873;0.01808224045375914;0.25940547307577294;-0.015396827975576658;0.27713816891615056;0.007865053248212635;1.0711608959790637;0.259353945080294
30.528072;1.0674583498656671;0.27908662675214146;0.26101354936145327;0.002829843783604547;0.002783828816760253;9.997177276873655;0.7501424871021737;0.012617007598887741;1.044213742016249;0.27928548043012363;0.014963775479814891;0.26186900560927623;-0.012507834250474708;0.2792906704775281;0.0045697111279089965;1.0692288175792932;0.2616766967021303
30.528331;1.066133739287977;0.2812580444971565;0.2633671372387076;-0.00031273312648655966;-0.00015940544846698804;9.997121270929316;0.7501424106105264;0.012616965009876352;1.0442076884910707;0.28145668690951636;0.01203432596598428;0.2643332516466368;-0.009783840507156902;0.2814593174082766;0.0014573644386115662;1.0673966627426745;0.26404161254929936
30.52859;1.0648808516737978;0.28344600111837676;0.26572443895786374;-0.003277541143835878;-0.002942966032619295;9.997068495747328;0.7501429860513198;0.01261692566981737;1.0442006757261022;0.2836437303729299;0.009287897576872593;0.26679720183264055;-0.00722184672867241;0.2836441068115626;-0.0014769882818145084;1.0656634644523453;0.2664414171203945
30.528849;1.0636985034701636;0.285650433757926;0.26808526941662425;-0.00606928369313211;-0.005570148206361872;9.997018937467972;0.7501441819127086;0.012616890103123156;1.0441927834417648;0.2858466112655738;0.006718494123758511;0.2692598455192552;-0.004816852893284124;0.28584503426468744;-0.004237348756351148;1.0640252620272828;0.2688694136424738
30.529108;1.0625826364086524;0.2878718112050326;0.270450680342467;-0.008694187200849612;-0.008045789997547171;9.99697264560033;0.7501459556817085;0.012616858753481919;1.0441840848817483;0.2880663298251572;0.00432111758690031;0.27172317010100216;-0.002566858976106846;0.28806309436874067;-0.006828718532399854;1.0624820968565654;0.2713225739206116
30.529367;1.0615333888359775;0.2901092791230401;0.27281943753412646;-0.011155046394434041;-0.010371573493878876;9.99692975089462;0.7501482620956847;0.012616831953135033;1.0441746456915075;0.2903018869149115;0.0020907692958921646;0.2741851645720047;-0.00046786495067096547;0.2902972801251498;-0.009257098890881497;1.0610310052774032;0.2737943595648441
30.529627;1.0605495613570548;0.2923640933082654;0.2751926416689853;-0.013458265345714844;-0.012552659746212147;9.996890414039962;0.7501510591626976;0.012616809884003257;1.0441645338265517;0.29255428470829203;2.3450118675974688e-05;0.27664783054959413;0.001484129210187322;0.29254858262030553;-0.011526491028939208;1.0596690201412735;0.27628275311566075
30.529886;1.0596272146608512;0.2946353570557729;0.2775701081943385;-0.015606439015028053;-0.014590738134618796;9.996854777789256;0.750154310555603;0.012616792637068278;1.0441538254776457;0.2948225257590844;-0.0018878404556719503;0.27910918981771304;0.003293123533667866;0.29481599344735504;-0.013641896385114807;1.058394177795581;0.2787822187987434
30.530145;1.058767164632214;0.29692499863204896;0.2799531112270372;-0.017606935782457013;-0.01649201699455908;9.996822975866312;0.7501579846968869;0.012616780306384367;1.044142599970889;0.2971086102205935;-0.0036471050190628285;0.2815712785372159;0.004962118044985569;0.2971015066473577;-0.015607316804664845;1.057205519120863;0.2812916518793873
30.530404;1.0579666226241324;0.29923035172462314;0.2823395582634437;-0.019462196076463805;-0.01825817492649696;9.99679516927598;0.7501620516000103;0.012616772982862411;1.0441309290521683;0.2994105340901855;-0.005258348331553735;0.2840321351991245;0.006494112765165628;0.29940311690812627;-0.01742775417545823;1.0560990833637094;0.28380634663537657
30.530663;1.057224317990854;0.3015525094199912;0.2847305268281167;-0.02117751960489;-0.019893635003374856;9.996771595319656;0.7501664811195099;0.012616770730879178;1.0441188729238347;0.30172929083671973;-0.006727576398094549;0.2864937946893225;0.007894107710778454;0.301721816829241;-0.019108210074298637;1.0550739009720929;0.286326020324367
30.530922;1.056538458824038;0.3038923684386712;0.2871270609478498;-0.022755915465810996;-0.021400727774546643;9.99675255102025;0.7501712431230888;0.012616773633238163;1.0441064825360644;0.30406487441297975;-0.008057795142215425;0.2889542880370753;0.009165102893816883;0.3040575967902873;-0.020652685753978748;1.054126991679209;0.28884669573465577
30.531181;1.0559070071116488;0.30624888329755656;0.2895284443726527;-0.024203228521628522;-0.02278453154385762;9.996738259368565;0.7501763083347258;0.012616781824420756;1.0440938047781219;0.3064162813429855;-0.00925401020693146;0.291415642399787;0.01031009832017787;0.30640944675947224;-0.022064181923684617;1.0532573658441842;0.2913686899370468
30.53144;1.0553287900425934;0.30862308000035726;0.2919356911557999;-0.025523228368437026;-0.024048201790200327;9.996728763835568;0.7501816498961156;0.012616795459319768;1.044080893092413;0.3087845107004861;-0.010321227451699224;0.29387688206623813;0.011333093989648683;0.3087783573724546;-0.02334769856297509;1.0524620242166096;0.2938896226810935
30.531699;1.0548018974455065;0.3110126750219653;0.29434688469164655;-0.026719389881209813;-0.025194682452266335;9.996723934481707;0.7501872425275795;0.012616814646511812;1.044067810253186;0.3111695615226771;-0.011262453007713061;0.29633703136527934;0.0122370898994278;0.31116432006812483;-0.024508235433389498;1.0517379581090411;0.29640731528362513
30.531958;1.054325311624448;0.31341994375443627;0.29676417817339085;-0.027796003029718935;-0.02622771788953314;9.996723503688044;0.7501930587964426;0.012616839414379546;1.0440546173575966;0.3135714306509236;-0.012081692695899343;0.29879811573273257;0.01302708604824975;0.31356732802637755;-0.025548792730944632;1.0510841533058577;0.29892287966961417
30.532217;1.053897048519768;0.3158437385197024;0.2991867586991679;-0.028757635580974775;-0.027151385791355665;9.99672715017364;0.7501990658619851;0.012616869723793372;1.0440413702095706;0.3159891132621672;-0.01278495117546262;0.3012581605734781;0.01370508243816947;0.3159863779492874;-0.02647437105782926;1.0504985950703971;0.30143350001830366
30.532477;1.0535161452642137;0.31828412328682476;0.30161468916915185;-0.029607693829312977;-0.02796868039431086;9.996734664993255;0.7502052240125657;0.012616905453376496;1.044028128205134;0.3184236045086538;-0.013374231993063333;0.3037191924166462;0.01427507907494375;0.31842247083032;-0.027286971024208337;1.049978270154385;0.3039406120825911
30.532736;1.0531808031618743;0.3207409382098556;0.3040480737418195;-0.030349177240301447;-0.028682270404304877;9.996746059964009;0.7502114907652875;0.01261694638153374;1.0440149612051748;0.32087290058696705;-0.013853538579783812;0.3061792395227828;0.014741075966542184;0.32087361013921734;-0.027991592967173504;1.0495211655581618;0.3064418087456787
30.532995;1.0528888481282899;0.3232129133810274;0.30648608273340167;-0.030987115501010753;-0.02929679929822362;9.996761500586672;0.750217828860183;0.0126169922321743;1.0440019504531406;0.32333899915641673;-0.014227874648559716;0.308640325045847;0.015105073119592189;0.3233417984015568;-0.02859223693615214;1.0491252681247119;0.3089387177411908
30.533254;1.052639728267144;0.3257024233220786;0.3089308723728439;-0.031523618229647686;-0.029814127352922687;9.99678114269059;0.7502242080674891;0.012617042705876196;1.043989185211281;0.3258209010475612;-0.014500243791442595;0.3111004566819875;0.015371070537908895;0.3258260341617893;-0.029091903122394538;1.0487885700561757;0.3114291982223165
30.533513;1.0524322233213397;0.3282064270189762;0.3113796349149185;-0.03196398920550503;-0.03023919524693436;9.99680504160355;0.7502306009201718;0.012617097425459385;1.0439767609527952;0.32831761258246406;-0.014673648967119608;0.3135616245848432;0.015543068223678106;0.32832531048151714;-0.029494592403590206;1.0485100773085052;0.31391523620915657
30.533772;1.0522633739010956;0.3307263550173402;0.31383431345351215;-0.03230998661296783;-0.030573655088195904;9.99683318345292;0.7502369801228801;0.01261715587062358;1.0439647816939293;0.33083014459556565;-0.014751091707214732;0.31602181077174185;0.015624066178614778;0.33084061575415724;-0.02980330645634306;1.0482858114784641;0.3163948953747237
30.534031;1.0521343041791937;0.3332622205000547;0.3162942826403229;-0.032566859764372104;-0.03082238196614627;9.996865527879027;0.7502433153817406;0.01261721739469196;1.0439533588875352;0.3333585099803186;-0.01473757173952974;0.318482999383458;0.01561606440520231;0.3333719351690561;-0.030022047237086277;1.0481158016700878;0.31887029089117086
30.53429;1.0520410251573598;0.33581201004751515;0.31875851495592916;-0.03273664724419218;-0.030987371110476367;9.996901982229787;0.7502495685060585;0.012617281301746098;1.043942606790232;0.335900723261923;-0.014636088318024662;0.320944179286628;0.01552306290745322;0.3359172511830059;-0.030154816028736892;1.0479960754697817;0.3213407251076174
30.534549;1.0519833493279904;0.33837827575388435;0.3212291882554819;-0.032823628632255325;-0.031072655231405604;9.996942357902139;0.7502556979655308;0.012617346890398479;1.04393263740219;0.3384578006200191;-0.014449642218013273;0.3234043407671773;0.015349061690507735;0.3384775441000971;-0.03020261280660449;1.047926658584258;0.323805561303249
30.534808;1.0519593684250044;0.3409575967369035;0.32370333544796376;-0.032829917032613384;-0.031080276421087426;9.996986395765257;0.7502616713125655;0.012617413478486267;1.0439235546291017;0.3410297598387704;-0.014181236021126677;0.3258654701442262;0.015096060760162832;0.3410527925430253;-0.03017043638907718;1.0479035784701523;0.32626710831792904
30.535067;1.0519690344214667;0.343552607980312;0.32618319108635563;-0.03275943653113803;-0.03101395870366957;9.997033836242577;0.7502674686338571;0.012617480496840569;1.0439154513973667;0.3436156205842746;-0.01383487277394519;0.32832554798661745;0.01476706012228732;0.34364197380275663;-0.030061285004228472;1.047926867507816;0.32872376241256357
30.535327;1.0520093515812683;0.34616172211822005;0.3286679068558911;-0.03261525411184809;-0.030876712535069305;9.997084409877694;0.7502730781360455;0.012617547557918385;1.043908410147338;0.3462164040116204;-0.013411555134134752;0.33078655448221767;0.014366059780943775;0.34624606679074926;-0.029878156792502383;1.0479935677042105;0.3311779860384816
30.535586;1.0520793266515236;0.34878398257657156;0.3311566392061257;-0.03240057469559096;-0.03067163165622283;9.997137778632355;0.7502784963965254;0.012617614375840722;1.0439025056938553;0.3488301322510274;-0.012917285448750265;0.3332464769769707;0.013895059734406568;0.34886305692132397;-0.0296240500923503;1.0481027340624844;0.3336281791401075
30.535845;1.0521778367210675;0.35141925323366724;0.33364938373101144;-0.032117729642226436;-0.030400993278900477;9.997193535129293;0.7502837289406854;0.012617680621145877;1.04389781267281;0.35145782764969485;-0.012352065950181871;0.3357073134558081;0.013358059972383464;0.3514939383744206;-0.02930196365319988;1.0482514351781647;0.33607683993221116
30.536104;1.0523031977437618;0.35406864477191574;0.3361475171618749;-0.03176991801702571;-0.03006792365375334;9.997251218088785;0.7502887828178668;0.012617745791840591;1.0438944082392176;0.3540985108267545;-0.011720898921618783;0.33816707141032387;0.012756060478739775;0.3541377134588669;-0.028914896760103188;1.0484387511978972;0.3385223505984742
30.536363;1.0524551475084667;0.35673019686054214;0.3386490554815609;-0.03136015132934839;-0.029675336523569944;9.997310338460037;0.7502936595500339;0.012617809159968007;1.0438923617085465;0.35675119969634933;-0.011025786557375468;0.34062776581196286;0.012094061236097912;0.35679339173762015;-0.028465849116580916;1.048662765926628;0.34096724261847605
30.536622;1.0526318670992383;0.35940480071521835;0.3411552262106415;-0.030890890156576707;-0.02922567234462745;9.99737043780625;0.7502983568245155;0.01261786984104292;1.0438917275346342;0.35941791110497084;-0.010268730375406614;0.3430874174661319;0.011373062227456253;0.3594629878488002;-0.027956820583335987;1.0489225533021114;0.3434098919394923
30.536881;1.0528323722101243;0.36209062628621774;0.343664409491701;-0.03036648564383232;-0.028723147620600627;9.997431128746339;0.7503028717316316;0.012617926878370767;1.0438925518778899;0.3620966624353922;-0.009454731212261983;0.3455480495008885;0.010597063436866021;0.36214451723289803;-0.02739081084447512;1.0492161659587578;0.3458527760539391
30.53714;1.0530555124650736;0.3647894783151665;0.3461784939010681;-0.02978788787331201;-0.028168755542475585;9.99749216938938;0.7503071984589694;0.012617979295496443;1.043894878160796;0.3647874721745923;-0.008583789938631913;0.3480086833966148;0.009768064850867392;0.36483799252173066;-0.02677181900615065;1.0495406343392906;0.34829529790009206
30.537399;1.0532994235852668;0.36749911748852854;0.3486957646237616;-0.029157984813264853;-0.02756535043034641;9.99755357260048;0.7503113236084034;0.012618026161367063;1.0438987461274498;0.36748936123208936;-0.007659907221471317;0.35046833680786327;0.00888806645799753;0.3675424218802027;-0.02610084316109731;1.0498959724804824;0.35073685434748364
30.537658;1.0535630773574411;0.3702196485667002;0.351216462547526;-0.028479767916232614;-0.02691586199580931;9.997615583791264;0.7503152246172811;0.012618066626625802;1.0439041932808542;0.3702033530597011;-0.0066860828763289255;0.3529290218329673;0.007961068245620933;0.37025880925121873;-0.02538188025487811;1.0502801835762225;0.35317988185013144
30.537917;1.0538464270907653;0.3729513693467919;0.3537406858241652;-0.027755261246338533;-0.026222277158353558;9.997678535280976;0.750318870977418;0.012618099928694967;1.0439112583555366;0.37292847023530257;-0.005663317075911781;0.3553887444556004;0.006988070197195045;0.3729861561726065;-0.024615926674746567;1.0506912683182679;0.35562273625029006
30.538177;1.0541463062141463;0.3756925792386905;0.3562676915997791;-0.026987797447430545;-0.025487902740944108;9.997742781602511;0.7503222242056216;0.012618125436897006;1.0439199789792537;0.37566473093976704;-0.0045956122576720475;0.3578495045359032;0.005972072292001277;0.375724463434797;-0.023806979071737365;1.0511282364243042;0.3580678125923495
30.538436;1.0544638088633447;0.37844504742227353;0.35879861121688517;-0.026178972918387656;-0.024714290966560106;9.997808767369296;0.7503252399926484;0.012618142740081918;1.0439303845306704;0.378411149032889;-0.0034839729990354825;0.3603092941343582;0.004916074507254999;0.3784727323745481;-0.022956034477545916;1.051589111779816;0.36051347876997347
30.538695;1.0547969270412696;0.381206457889513;0.3613317555058353;-0.0253320080838871;-0.023904610616918096;9.997877080584809;0.7503278777463738;0.012618151665204488;1.0439424921686071;0.3811677354527907;-0.002331404150565444;0.36277009897425927;0.003822076821279397;0.38123096519115185;-0.0220660896660484;1.0520739259125762;0.3629620589625025
30.538741;1.0548790236013654;0.3817017060367445;0.3618018631338216;-0.025177200701952028;-0.02375718864553612;9.997948381464738;0.7503301108339974;0.012618152177375403;1.0439563083796455;0.3816574976495528;-0.002123909419020751;0.3632049060672598;0.0036240792149861596;0.38172216297348305;-0.021904140754008598;1.0521717102920207;0.3633950368887581
30.538741;1.0549062357342822;0.38170615822282633;0.36182581839909456;-0.02517650505851916;-0.0237571543488295;9.99802329179442;0.7503319289404129;0.012618144284354487;1.0439718333887378;0.38165743822906867;-0.0021264917092520996;0.3632027104787035;0.0036240816710799736;0.38172332408424653;-0.02190418376058055;1.0521844942437124;0.36339212553237316
30.538741;1.0549337055822867;0.38171346126949524;0.36185272968874815;-0.02517496115913798;-0.02375633241191892;9.998102389193587;0.750333333255027;0.012618128043121091;1.0439890617241192;0.3816605554661376;-0.0021281544518622583;0.36320351406469187;0.003623084173167653;0.38172744485138577;-0.021903215398922312;1.052198298220768;0.36339129399840947
30.538741;1.0549622305552688;0.38171972470297366;0.3618786050341848;-0.02517364426407306;-0.02375572399992547;9.998186259513934;0.7503343285444503;0.012618103637961595;1.0440079724109208;0.3816638465618401;-0.002129901756570531;0.3632033200813247;0.0036220867055790904;0.3817315200770187;-0.021902233042981847;1.0522141194531842;0.3633885929174482
30.538742;1.0549899524770778;0.38172833491314384;0.36190727283075935;-0.025170357181475915;-0.023753287619208367;9.998275503618776;0.750334917069501;0.012618071426210251;1.044028520301;0.3816693108511845;-0.002130737315687177;0.36320613138045665;0.0036200892537003515;0.3817375425555487;-0.021900234119324506;1.0522309244155446;0.36338804746594566
30.538743;1.0550179793440457;0.38174213856144024;0.36194104554580947;-0.02516658778022808;-0.023750408298762182;9.998370733330848;0.7503350996738843;0.012618031859128303;1.0440506454024212;0.38167994951604456;-0.002128664220325961;0.36321294900471196;0.003616091804213397;0.38174850395783794;-0.021897215922324534;1.0522486589044098;0.3633906773735085
30.538745;1.0550487107744375;0.38176593479279114;0.3619836510728393;-0.025158703790682677;-0.023743587000721197;9.998472592921493;0.7503348822584055;0.012617985373820336;1.0440742932854192;0.38170276403391884;-0.0021226859358646835;0.3632297694493682;0.0036070943441626636;0.3817713964461334;-0.021890176091568684;1.0522702674476714;0.36340248491692073
30.538749;1.0550805938551655;0.3818108847911356;0.36204619902856927;-0.025144759529157353;-0.02373101316254012;9.998581761540848;0.7503342781634669;0.012617932409881651;1.0440994270657786;0.38174575635346064;-0.0021078066434837696;0.36326558722147023;0.003590096860781442;0.38181421253332926;-0.021876113054246703;1.0522967018667697;0.3634324805033332
30.538757;1.055116948777159;0.38189701090722966;0.36214651794874614;-0.025117787493389547;-0.02370600557193731;9.998698891212047;0.7503333012869411;0.012617873438733255;1.0441260204963243;0.38183092952329245;-0.0020750304924366993;0.36333839932437595;0.0035560993434625376;0.3818989442093151;-0.02184802582332458;1.0523309133437948;0.3634986248657259
30.538772;1.0551634682551694;0.38206816828265266;0.3623242130392943;-0.025063120004226867;-0.023654530394431397;9.998824537323742;0.7503319585408151;0.012617808869897306;1.044154039611103;0.3820022880083207;-0.0020063613558410254;0.3634872048311294;0.0034871017836729844;0.3820695826171491;-0.02179191339829668;1.052379844414852;0.3636398064431147
30.538804;1.0552291404932226;0.3824074373771572;0.3626549386748376;-0.024956059647339195;-0.023552974752793245;9.99895915222939;0.7503302502762332;0.012617738953463888;1.0441834302453272;0.38234183771283275;-0.0018648034826293236;0.3637860024392637;0.003350104170991045;0.3824081178218229;-0.02167977453678943;1.0524604276822507;0.3639298030195289
30.538868;1.055333581343067;0.38308623256658797;0.36329439683293724;-0.024740752969985753;-0.023347965088048126;9.999103075539356;0.7503281741607505;0.012617663775333146;1.0442141152418707;0.38302058497329017;-0.0015783611276644414;0.36438679080787756;0.003076106489552875;0.38308553939361445;-0.021454608086701816;1.0526005843684805;0.36452016717753744
30.538994;1.055514386447866;0.38444020343427787;0.3645476058386877;-0.024312951632752978;-0.022939911520100397;9.999256462386228;0.75032572761693;0.012617583282586149;1.044245997444952;0.3843765357272493;-0.0010010370949005178;0.3655905728177587;0.002527108717728196;0.38443983806007664;-0.021005413367867917;1.0528612278401204;0.36571129889503606
30.539248;1.0558494206353715;0.3871510869625833;0.36703298699137493;-0.023456590331963782;-0.022122601049848378;9.99941921967063;0.7503229084639228;0.012617497287305669;1.0442789656290317;0.3870886957086505;0.0001581680161919883;0.3680003591482793;0.0014281108304413127;0.38715000673471256;-0.020107190334129946;1.0533592730173997;0.36810636520456474
30.539756;1.0564862801115207;0.39257535850327;0.37198119408290425;-0.021746603872734756;-0.020491272491881814;9.999591041270278;0.7503197119676417;0.012617405489447715;1.0443128941078277;0.3925170697246006;0.0024852558454496573;0.3728221669631787;-0.0007708871977744236;0.3925760400730434;-0.01830993954066497;1.0543296386794176;0.3729171562509688
30.540263;1.0571158596435493;0.39800620664276193;0.3769326548452896;-0.020041237833828118;-0.0188663468379107;9.999771510188202;0.7503161250621576;0.012617307541497844;1.0443476360267459;0.3979506605189172;0.004818229754104717;0.37764501755109786;-0.002969885390689383;0.3980069335525074;-0.016516661812784623;1.0552922433761882;0.37774163780047215
30.540771;1.0577361908284117;0.4034414982841807;0.3818861317038761;-0.018344803999010933;-0.01725188912671453;9.999960133130774;0.750312124097589;0.012617203107985574;1.0443830229446303;0.4033904697237538;0.0071500931145336176;0.3824669381019799;-0.0051648837692135924;0.40344368284129417;-0.014731357810056649;1.0562440078470428;0.3825773528106554
30.541279;1.0583451578847167;0.4088802339747989;0.38684155050169255;-0.016662883320331702;-0.015653146922743368;10.000156313227057;0.7503076798648538;0.012617091941011379;1.0444188744119411;0.4088334995184031;0.00947884739414308;0.3872889661781382;-0.0073508823503101945;0.40888328293136506;-0.012958027997267378;1.0571828644546908;0.38742474851901043
30.541786;1.058940819075536;0.4143221947629037;0.3917995442650874;-0.01499844056384919;-0.0140728712537416;10.000359399431085;0.7503027630517413;0.012616973954590683;1.0444550137071449;0.4142807526926021;0.011800491684031108;0.3921111499046641;-0.00952688114563973;0.4143267269866362;-0.011201673011664007;1.058106762725062;0.39228327216739967
30.542294;1.0595220646730241;0.4197651957588963;0.3967586047911772;-0.013354213853455478;-0.012513573690297352;10.000568785330504;0.7502973446404744;0.012616849214130482;1.0444912858956659;0.4197292314941362;0.014110023291581125;0.396933539627468;-0.011688880161492839;0.4197710065722657;-0.009463294058481033;1.0590136676492805;0.3971522780313892
30.542801;1.060088124432486;0.42520947245522783;0.40171940028350894;-0.011732875633683843;-0.010977690468025042;10.000783935918873;0.7502913945511713;0.012616717911533131;1.0445275676572146;0.42517993618133193;0.01640643816790436;0.40175617750475373;-0.013833879400518117;0.4252171143516781;-0.007746893066364093;1.059901552310147;0.40203109310459234
30.543309;1.0606379047484709;0.4306542467948786;0.40668177868633654;-0.010139097340567064;-0.009469539519628218;10.001004341528391;0.7502848828972493;0.012616580371327969;1.0445637610700613;0.43063086351961744;0.01868573096780284;0.40657909618837923;-0.0159608788630691;0.4306630465795195;-0.006056472363621517;1.0607683863855175;0.40691908317715275
30.543816;1.0611694903877285;0.4360976984826143;0.41164494076699043;-0.008572914759448194;-0.007989060908541947;10.001229406976325;0.7502777869256504;0.012616437033903938;1.0445997790858808;0.43608100594067045;0.020944894976757937;0.4114023240031395;-0.018064878548195804;0.43610780177584774;-0.004393034155068303;1.0616131297435767;0.4118154370432641
30.544324;1.0616819421507062;0.4415391140803083;0.41660878532972945;-0.0070386223303808785;-0.006540194475642652;10.001458345093276;0.750270098211703;0.012616288423378618;1.044635533782303;0.4415293526054104;0.023182923087892153;0.4162268850179368;-0.020146878454369056;0.44155037718492407;-0.00276058032239993;1.062434734544968;0.41672056361362475
30.544831;1.0621759261030108;0.44697808638174163;0.4215728900330511;-0.005539413061633819;-0.005125825213274384;10.001690275482272;0.7502618193785255;0.01261613506235211;1.0446709335654067;0.446975891722268;0.025395810536941565;0.4210507948105004;-0.022202878578484384;0.4469907674112105;-0.0011591125735599132;1.0632321489012817;0.4216316569453893
30.545339;1.062649034828491;0.4524136317409985;0.42653752189829486;-0.004073832267176508;-0.0037444739838955726;10.001924487642432;0.7502529524075193;0.01261597738319822;1.0447058889186431;0.4524196122917043;0.02758355663602453;0.42587505981965634;-0.02423187891373062;0.45242796670192703;0.0004073673033856104;1.0640033204522688;0.4265490361329752
30.545847;1.063100562835666;0.4578447580754698;0.43150229950157065;-0.002645838546670663;-0.0023997470262735318;10.002160552057271;0.7502434936908228;0.012615815784006026;1.0447403162772135;0.45785850461627;0.029742163556860223;0.43069968170142553;-0.026231879447568877;0.4578599727810176;0.001937857535184318;1.0647472026237341;0.43147197021178
30.546354;1.0635310418463224;0.4632720927952213;0.4364678713302325;-0.0012562777206618473;-0.001092314591768375;10.002398193378745;0.7502334402801334;0.012615650724351817;1.0447741379784614;0.4632935598469067;0.0318716347649422;0.43552466170383974;-0.028202880161254985;0.4632877885808699;0.003432356772688716;1.0654637631446573;0.4363998612589064
30.546862;1.0639401027599857;0.46869255180190467;0.44143175390917894;9.236309760559693e-05;0.00017560302361636774;10.002637125043451;0.7502227918573489;0.012615482729545829;1.044807288155317;0.46872276925995693;0.033970974786776305;0.44035000108539096;-0.030143881031818937;0.4687094209728221;0.004886864160064438;1.0661519859835307;0.4413320835844211
30.547369;1.0643257595691302;0.4741073724654994;0.44639621242994515;0.001400616828704468;0.00140462765594045;10.002876970835352;0.7502115439955809;0.012615312385046684;1.0448397206666575;0.4741461236101963;0.0360371890905782;0.4451756991725607;-0.03205188203532776;0.4741248786771774;0.006301379325730412;1.066811858777358;0.4462678824009788
30.547877;1.0646879749487075;0.47951590818200407;0.4513609477098118;0.0026661925760857264;0.0025927251357174778;10.003117293235183;0.7501996859147715;0.012615140341084054;1.0448714084853554;0.4795636125012514;0.03806928411850668;0.4500017517018863;-0.03392788314972552;0.4795341703077912;0.00767490264212479;1.0674413604830932;0.4512067792523401
30.548384;1.065026507058314;0.4849159961825514;0.4563243271364351;0.0038882396318499547;0.0037392128460233746;10.003357704014258;0.7501872054853768;0.01261496728596185;1.0449023410317813;0.4849732239807928;0.040068268197403736;0.4548291521643518;-0.035770884355251296;0.4849353018479703;0.009007435166923648;1.0680404662849197;0.456149167447955
30.548892;1.065341487918942;0.4903079309507495;0.4612868746824292;0.005066151439726228;0.004843632298607116;10.003597919835862;0.7501740950714549;0.012614793910892668;1.0449325271124097;0.49037394443362964;0.04203115188812699;0.45965589482312647;-0.03757888563232347;0.4903272745802614;0.01029597824481609;1.0686091565257974;0.4610923789938714
30.549399;1.0656328627699274;0.49569172610198153;0.466248925926603;0.006199938321987331;0.005906100113198398;10.003837673553393;0.7501603551119723;0.012614620874950735;1.044961994163592;0.49576675908640117;0.04395794601185018;0.4644829729365147;-0.03935388696073578;0.49571108594170293;0.011541533287678459;1.0691464111439517;0.4660370717380522
30.549907;1.0658992068388684;0.5010657192020829;0.47120984565928753;0.007288571976180289;0.006925761454458569;10.004076600902529;0.7501459947547406;0.012614448795037864;1.0449907785255161;0.5011506532900557;0.04584965936246885;0.4693103750767165;-0.04109388832177029;0.5010857321905406;0.012744101792859149;1.0696531973779426;0.47098259028643374
30.550415;1.0661406691619366;0.5064302079106681;0.4761701692867277;0.008331473726121651;0.007902173166994915;10.004314261787671;0.7501310294608634;0.012614278286577638;1.045018915467845;0.5065246131945262;0.047703299176437376;0.47413808837156224;-0.04279888969909558;0.5064502097712597;0.013901685400238128;1.0701284709752545;0.47592844170827026
30.550922;1.0663572205730998;0.5117839457839509;0.4811290672627829;0.00932949687935516;0.00883623203491323;10.004550291470922;0.7501154775401181;0.012614109969738177;1.0450464340925572;0.5118886255993572;0.04951987273719245;0.4789661048968155;-0.044469891076903884;0.5118045157233944;0.01501428598888862;1.0705721930389722;0.48087423719089883
30.55143;1.0665486407757663;0.5171272822723043;0.48608729956696345;0.010280104525835334;0.009725648173399425;10.004784525642197;0.7500993595825712;0.012613944448961842;1.0450733589606918;0.5172416785561735;0.051299387453582285;0.48379442191761507;-0.046104892439647605;0.5171476482271382;0.016082905877118848;1.0709843395343832;0.485819337779412
30.551937;1.0667161013330517;0.5224603689975871;0.491044808881256;0.011185799806110876;0.01057284394616235;10.005016958139947;0.7500826994768701;0.012613782412803363;1.0450997168042806;0.5225837621195742;0.05304085078962617;0.48862303817556824;-0.04770589377427826;0.5224796065220609;0.017106547696147906;1.0713648898566537;0.49076350845243455
30.552445;1.0668572335834838;0.5277799841127007;0.4960000023698284;0.012045396812555776;0.01137680726779875;10.005247576619901;0.750065523325646;0.012613624734425302;1.0451255374654114;0.5279148678829693;0.0547442712080615;0.49345295375932424;-0.04927089507147188;0.527800390247378;0.018085213821874373;1.0717138121008294;0.4957071595778238
30.552952;1.0669741924668792;0.5330894956661514;0.5009553912451695;0.01285862755189553;0.012137338069935152;10.005476283675026;0.7500478566274565;0.012613472360999457;1.0451508484798508;0.533232988083776;0.05641065835798635;0.49828217273603953;-0.050802896325908314;0.5331079990487944;0.01901890610600853;1.0720310613600679;0.5006482298081161
30.55346;1.0670659826038598;0.5383850791348288;0.5059081795056724;0.013626009058968611;0.012854998797100996;10.00570297223966;0.7500297195838797;0.012613326179692854;1.0451756724270236;0.5385391158148913;0.05804002239874432;0.503111701652389;-0.05229989753697943;0.5384034321817751;0.01990862598419495;1.0723165852704866;0.5055871755516094
30.553967;1.0671335500281507;0.5436690971418162;0.510860451444157;0.014348991519493887;0.013531199146089216;10.005927569778946;0.7500111238286554;0.012613187037085421;1.045200025933553;0.5438322453254604;0.059631374195951284;0.5079415419183618;-0.053762898708283935;0.543685688118835;0.020753374457071844;1.072571328885794;0.5105237896062733
30.554475;1.0671766356743193;0.548939611455988;0.5158108074909737;0.015025638557106431;0.014164178715705966;10.006149966841438;0.7499920767783878;0.012613055712147327;1.045223919709374;0.5491123694121991;0.06118572594007736;0.5127716844567245;-0.05519189984555439;0.5489547646459257;0.02155415211089079;1.072794238592913;0.5154577931322551
30.554983;1.0671944343493205;0.5541959962167363;0.5207593424705537;0.015657653315438134;0.0147555933405739;10.00636997066875;0.7499725880167719;0.012612932793260067;1.0452473616313989;0.5543794759142727;0.06270409102225041;0.5176021144049886;-0.05658790095597507;0.5542106583113597;0.022311959282312936;1.072986266425057;0.5203890368789229
30.55549;1.0671874708570857;0.5594393755124002;0.5257071519597746;0.016245260352148246;0.015305688913601675;10.006587337398662;0.7499526702455952;0.012612818659417366;1.0452703583415475;0.5596325483850679;0.06418548357684112;0.5224328203132756;-0.05795190204963712;0.5594523635712876;0.0230257960792447;1.07314837410154;0.5253174019806802
30.555998;1.0671569418325793;0.5646693301649401;0.5306535383511377;0.016788706646492253;0.01581471630386655;10.006801804998377;0.7499323401197624;0.01261271353653247;1.0452929146124412;0.564871569897194;0.06563191784330281;0.5272637994238071;-0.05928390313926679;0.5646798739874745;0.023697662240316806;1.073278534208882;0.5302426973684602
30.556505;1.0671021123127173;0.5698841817238706;0.5355975623833271;0.017289499062442253;0.016284130235381382;10.007013132265568;0.7499116180562002;0.012612617466658474;1.045315034375476;0.5700955252236258;0.0670424076833673;0.5320960569376562;-0.060583904235766615;0.5698921839727875;0.024326556907710607;1.0733787290760424;0.5351657612758495
30.557013;1.067023536192594;0.5750842567854437;0.5405395230763778;0.01774657250888206;0.01671294813837835;10.007221178649568;0.7498905194794682;0.01261253023386935;1.0453367249630439;0.5753064002069082;0.0684189677645725;0.5369275995222362;-0.06185290534268515;0.5750912877304296;0.02491447846537073;1.0734499488236704;0.5400845953659296
30.55752;1.0669212406854354;0.5802703632148424;0.5454804345838417;0.018161282613879302;0.01710246116051937;10.00742595603716;0.7498690459037247;0.012612451377304022;1.0453580001804237;0.5805011810322198;0.06976061552208414;0.5417594261968137;-0.06309190645423216;0.5802741767917032;0.025460424724413653;1.0734911881698825;0.5450002107475547
30.558028;1.0667964704386848;0.5854418705173907;0.5504193448267313;0.018534942264205122;0.017453896448527535;10.007627631289123;0.7498471873425147;0.012612380309259414;1.0453788766845025;0.5856818550763341;0.0710693707546752;0.5465915209052382;-0.06430090755797861;0.5854428400343311;0.025966393310890366;1.0735024430062485;0.5499125315977684
30.558535;1.0666483095674535;0.5905982513887282;0.5553565121088486;0.0188677623698761;0.01776747752600178;10.007826550052856;0.7498249309458768;0.012612316469151093;1.0453993694733872;0.5908464112485975;0.07234425267988943;0.551423851240947;-0.06548090864003013;0.5905952664000687;0.026433381961487184;1.0734857093071715;0.5548216150546048
30.559043;1.0664773236074636;0.5957385435568178;0.5602910326567252;0.019159437019030105;0.018042914355127868;10.008023235113424;0.7498022671076455;0.012612259401346332;1.045419491512013;0.5959958380425144;0.0735882773717271;0.5562563747522439;-0.06663290968876114;0.5957324470972547;0.02686038858927754;1.0734399856605203;0.5597275333411474
30.559551;1.0662840264909133;0.6008637590513873;0.5652238701365834;0.019412440849516474;0.018282522913588662;10.0082182696596;0.7497791924186789;0.012612208715967159;1.0454392504299168;0.6011301209246387;0.07479945721179536;0.5610890449434508;-0.06775691069452826;0.6008543757887425;0.027248410866655325;1.0733662747509427;0.5646302526413175
30.560058;1.06606920592014;0.6059730549380421;0.5701540843529114;0.01962700622894024;0.018486505198051766;10.008412172854015;0.749755710125597;0.012612164048790016;1.0454586427686552;0.6062482419741325;0.07598180139323371;0.565921812302884;-0.06885491164680506;0.6059600484008649;0.02760044564100687;1.0732655810028786;0.5695299980009179
30.560566;1.0658329063829952;0.6110664434499128;0.5750819199687608;0.019803238664690682;0.01865495263275874;10.008605424748836;0.7497318287879106;0.012612125075357488;1.0454776553671832;0.6113501828312083;0.07713331684749307;0.57075562514371;-0.06992591253177806;0.6110494633093696;0.027914488753383777;1.073137907962864;0.5744276525176168
30.561073;1.0655751682571155;0.6161439431455245;0.5800076285619898;0.019941252566388564;0.018787961495009064;10.008798552277673;0.7497075610259393;0.012612091496756971;1.045496269810863;0.6164359277355916;0.07825501012507577;0.5755884310926667;-0.07097191333275975;0.6161226209291779;0.028192535259210397;1.0729822574180126;0.5793215031981971
30.561581;1.0652967566421274;0.6212062806796563;0.5849317333126021;0.02004383169600778;0.018888120733151034;10.008992069139834;0.7496829238237985;0.012612063000083768;1.045514461425474;0.6215054630388368;0.07934888931721255;0.5804211784975257;-0.07199391403317143;0.6211795223349088;0.028435579952934924;1.072801632834508;0.5842127006934427
30.562088;1.0649979486390067;0.6262517960623347;0.5898527782113159;0.02011010861136312;0.018954594548112297;10.009186330759745;0.7496579421481424;0.012612039259406262;1.0455321992354978;0.6265587754793108;0.08041596458183554;0.5852538186499545;-0.07299091461900707;0.6262201682271328;0.0286436178350893;1.0725950461531086;0.5891011532926741
30.562596;1.06467877350438;0.6312812890335401;0.5947717531179042;0.020141499896112112;0.018988694372096316;10.009381558177129;0.7496326531589472;0.012612019963468517;1.0455494523257038;0.6315958521014573;0.08145524727238751;0.5900863055731806;-0.07396591507917201;0.6312445594312139;0.02881864412281818;1.0723625212194066;0.593987265833733
30.563103;1.064339244478195;0.6362942517585686;0.5996884175870895;0.020140199281541298;0.01899245959262972;10.009577988183818;0.7496071046063719;0.01261200484300336;1.0455661962828176;0.6366166805623777;0.08246974840334392;0.5949185933875968;-0.07491791540471415;0.636252697643548;0.028960653900722454;1.072105093167109;0.5988709642142198
30.563611;1.0639810434749764;0.6412909781123326;0.6046023235178478;0.020104192421468662;0.01896393766252209;10.009775888954547;0.7495813469032023;0.012611993696473206;1.0455824153759619;0.6416202497180384;0.08345847754750842;0.5997506359001173;-0.07584891558828136;0.6412435861120063;0.02906964189840677;1.0718238088480865;0.6037525658120706
30.564119;1.0636024677911573;0.646270945049056;0.6095141500415233;0.02003678277110926;0.0189062352818299;10.009975479819099;0.7495554242615043;0.012611986385517854;1.0455981045920215;0.6466065510278165;0.08442244282847232;0.6045823897520775;-0.07675991562409;0.6462172303808686;0.02914860299849796;1.071518728352572;0.608632266925502
30.564626;1.0632058905114152;0.6512353989765106;0.6144239221287023;0.019937535096011483;0.018818866272336914;10.010176914698274;0.7495293699904025;0.012611982788542631;1.0456132739965773;0.6515765798080533;0.08536365169453118;0.6094148187562369;-0.07764991550804091;0.6511746376533772;0.029196533082987034;1.0711909216076012;0.6135109884730868
30.565134;1.0627901276541853;0.6561825522385658;0.6193308452905456;0.01980836816087905;0.018703621759654475;10.010380254832825;0.7495032097137451;0.012611982795128554;1.0456279494457912;0.6565303362440529;0.08628211138563525;0.6142458945764363;-0.0785209152375434;0.6561158164480079;0.029214429366951858;1.070839460169173;0.6183870348496614
30.565641;1.062356331930126;0.6611132002651863;0.6242352194463768;0.01964733353463284;0.01855860772378871;10.010585411497424;0.7494769687099841;0.012611986383536042;1.0456421670813973;0.6614668253171893;0.08717882848335731;0.6190765934083119;-0.07937391481077002;0.6610397784283392;0.0292042902976175;1.0704664153034136;0.6232615491824665
30.566149;1.0619040388323224;0.6660275090841526;0.629137693909596;0.019458234358737857;0.01838737699564747;10.01079217974921;0.7494506738641578;0.01261199365652844;1.0456559670125625;0.6663860549792571;0.08805480897906798;0.6239068937627119;-0.08020891422557892;0.6659465402725744;0.029165115076134028;1.0700708672744192;0.6281345534793588
30.566656;1.061433929479163;0.6709246439152152;0.6340373038854253;0.019241199098478042;0.018189999774498155;10.01100034071607;0.7494243525434409;0.012612004749348737;1.0456693884860695;0.6712880339157895;0.08891005992562157;0.6287367754604439;-0.08102691347866953;0.6708361237542113;0.029098902600775575;1.0696539135773904;0.6330062007974749
30.567164;1.06094693643344;0.6758062480356847;0.6389352632217422;0.018996483989132302;0.017966660071043913;10.011209715725064;0.7493980358662061;0.012612019686223337;1.0456824636089677;0.6761737691748132;0.08974659083370747;0.6335662194505162;-0.08182891256567243;0.6757095544207602;0.029006650849899042;1.0692176646365725;0.6378766470056721
30.567672;1.0604420741949685;0.680670687015077;0.6438308490700979;0.018724090549110988;0.017717331691418026;10.01142016471627;0.7493717621063738;0.012612038280731305;1.0456952076480721;0.681042264470291;0.0905644129474942;0.6383952086749443;-0.08261591148240477;0.6805658601107171;0.028889357712427136;1.0687602289253475;0.6427460476918324
30.568179;1.05992030627326;0.6855177281317566;0.6487234982689895;0.018427056765158246;0.017444821439096862;10.011631591089063;0.7493455756402649;0.012612060108355905;1.045707612171687;0.6858935209780515;0.09136453721021524;0.6432237255695434;-0.08338791022715257;0.6854050705671104;0.028746022066055296;1.0682837009851036;0.6476144271950818
30.568687;1.0593816458136833;0.6903479393505064;0.6536139761093246;0.018103472283086966;0.01714727960158491;10.011843949588307;0.7493195249497863;0.012612084554521393;1.0457196504321784;0.6907275390162709;0.09214697259460265;0.6480527469614241;-0.08414590880244512;0.6902272181627254;0.028579643715312547;1.0677871671427865;0.6524829242038898
30.569194;1.058827064838484;0.6951610904107935;0.6585016912529074;0.01775636213515214;0.016827502639981336;10.012057212814756;0.7492936603620056;0.01261211097846699;1.045731287775916;0.6955443179196642;0.09291372548099906;0.6528802434311983;-0.08489090721450229;0.6950323378537124;0.028389222654596747;1.0672727213751172;0.6573496979593627
30.569702;1.0582558748766615;0.6999580143101762;0.6633880653944614;0.0173859360104009;0.016485654280756455;10.012271303019817;0.7492680287691815;0.012612138948600516;1.0457424837341238;0.7003448559482502;0.09366579956683631;0.6577071867924907;-0.08562290547196764;0.6998214644281464;0.02817575852974278;1.0667404668846387;0.6622157572303986
30.570717;1.0570786498085216;0.7095025482645614;0.6731577027112435;0.01657528320404013;0.015735798761677022;10.01248603009929;0.7492426670902822;0.012612168368698511;1.0457531921498449;0.7098941526405551;0.0951261958413631;0.6673575593942862;-0.08705290358524839;0.7093596281267079;0.02768525055756054;1.065630498740925;0.6719565761606413
30.57163;1.0559664432208096;0.7180340923700083;0.6819450184819899;0.01577377082737293;0.014992093750161995;10.0127010773422;0.7492176011418233;0.012612199436279607;1.045763368187849;0.718430210674517;0.09639391379431259;0.676042354527152;-0.08830390156526692;0.7178848526918445;0.027173697765441596;1.0645728909084273;0.6807183730534268
30.572544;1.0548097459690295;0.7265120531387186;0.6907274838652601;0.014905268756906825;0.014183918985438597;10.012916039546951;0.7491928526950766;0.01261223254022528;1.0457729761415135;0.7269120350222691;0.09762295397698603;0.6847275710267361;-0.08952389942277494;0.7263561582412216;0.026601099056241546;1.0634617021192152;0.6894781743134093
30.573458;1.053607310436187;0.7349341479711177;0.6995048588189365;0.013975089058325582;0.013316028270802192;10.013130474120674;0.7491684470647068;0.01261226813446504;1.0457819927372733;0.7353386323786154;0.0988163190542339;0.6934112125268859;-0.09071689716934499;0.7347725662625005;0.0259684529842758;1.0622999886481386;0.6982345182641921
30.574371;1.0523613600433255;0.7433023451039502;0.7082786639169696;0.012986605845134672;0.012391292269829055;10.013343952273512;0.7491444138261949;0.012612306594485378;1.045790405554107;0.7437100123875577;0.09997701167624692;0.7020952871570518;-0.09188689481825697;0.7431341018631084;0.02528175782816725;1.0610888123105287;0.7069899150658108
30.575285;1.0510738441835568;0.7516148313501873;0.7170469382897413;0.01194359119377106;0.011412970140279486;10.013556106676678;0.7491207831258486;0.012612348171169638;1.0457982057651516;0.7520261884963115;0.10110903123732645;0.7107778027503749;-0.0930358923851436;0.7514407916124343;0.02454301186092041;1.0598312402863796;0.7157426400136342
30.576198;1.049744198915521;0.7598726498154553;0.7258121035293457;0.01084804873683253;0.010382669157595436;10.013766657910377;0.7490975840802825;0.012612393052090677;1.0458053804396918;0.7602881776619009;0.10221637212993992;0.7194607653582882;-0.09416788988876665;0.7596936597525367;0.023756213176628842;1.0585273376871225;0.7244951739241455
30.577112;1.048375915127091;0.7680754102482796;0.7345724038605645;0.009703843100129258;0.009303731126907723;10.013975382094062;0.7490748483356621;0.012612441399457894;1.0458119122267209;0.7684950000419236;0.1033010236751001;0.7281421809008919;-0.09528488735021513;0.7678917260518048;0.022925359373066403;1.0571801608115425;0.7332457545437783
30.578026;1.0469674607028658;0.776223423464676;0.7433301952023428;0.008513164256232561;0.008177955989794372;10.014182013480305;0.7490526138001249;0.012612493356169246;1.0458177832094828;0.7766466782715213;0.10436697120774431;0.736823053641951;-0.09639088479021601;0.7760350056841238;0.022051447699747952;1.0557907521501189;0.7419958448990304
30.578597;1.046061373783401;0.7812846194668056;0.7487949046931376;0.007747195335691639;0.0074523296848420855;10.0143861917784;0.7490309200777294;0.01261254904103989;1.045822974575808;0.781710235341545;0.10502419836945624;0.7422453866403605;-0.09707688222655642;0.7810905098546651;0.02148447555494535;1.0549001342282742;0.7474618722613855
30.578977;1.045445934169141;0.78460061568776;0.7523869474345378;0.007222983177207994;0.006955172308607153;10.014587492945653;0.7490098006202823;0.012612608466590033;1.045827467073713;0.785027692353441;0.10544368933551383;0.7458131874282355;-0.0975328796733947;0.7844002468051172;0.021092440818967276;1.0542993086222836;0.7510605867168799
30.579357;1.044828131652971;0.7878557272859325;0.7559252705998162;0.0066890994137487735;0.0064482653299231035;10.014785427492681;0.74898928384174;0.012612671427420737;1.0458312493900221;0.7882840676311546;0.10584542947868887;0.7493264712779835;-0.09798687714246215;0.7876492229550747;0.020690341897078336;1.0536952631950176;0.7546063388455917
30.579737;1.044210161912623;0.7910472883886633;0.7594056930533053;0.006151531910448588;0.0059373138394660145;10.014979412488168;0.7489693998041534;0.01261273748980386;1.045834321832341;0.7914783765783686;0.10623240486301376;0.7527822600004568;-0.09843987464494065;0.7908364429666925;0.02028217801446047;1.053089984112606;0.7580962745746519
30.580118;1.0435945388143104;0.7941788216078888;0.7628297034277213;0.005613237505582936;0.005425130402851859;10.015168870448528;0.7489501830249825;0.012612806055184255;1.0458366875643665;0.7946106321930104;0.106608601564811;0.7561825817535041;-0.098891872192515;0.7939619089055996;0.01987094982824906;1.0524884680026658;0.7615323610572877
30.580498;1.0429825166284676;0.7972502373245843;0.766196234335585;0.005077083837323005;0.004914458826855341;10.015353408452416;0.7489316704302433;0.012612876410072965;1.045838347848398;0.7976838468261893;0.10697700508515362;0.7595254692559741;-0.09934386979652757;0.797028620108764;0.019461659542030017;1.0518907255664567;0.7649127181437793
30.580878;1.042376300957443;0.8002661274976196;0.7695080046131475;0.004547031380898064;0.004409097381901437;10.015532829545384;0.7489138974887646;0.012612947777586439;1.045839309097424;0.8007010335060155;0.10733959955762407;0.7628129533087553;-0.09979586746628485;0.8000395738929947;0.01905631043106309;1.051298775712365;0.7682392880057402
30.581638;1.0412028790602232;0.8061352990005958;0.7759864039371777;0.0035105574487676906;0.003418487693239867;10.015706950578362;0.7488968976654667;0.012613019387449149;1.0458395894274826;0.8065732052031535;0.10805436702213315;0.769235060422127;-0.10069786520841612;0.8059057660647045;0.018264906485396203;1.0501356374150526;0.7747334404276071
30.582399;1.0400573675537859;0.8117974704915661;0.7822581352163626;0.002510114404071235;0.002460342365902994;10.015875458859952;0.748880705721671;0.012613090557413244;1.0458392180024163;0.8122383734582821;0.1087642876050972;0.7754498157241367;-0.10159986302640218;0.8115651911079361;0.017502452062795715;1.049002323684806;0.7810229773221435
30.583159;1.0389416030051881;0.8172627231256125;0.7883304012146775;0.0015489907641267461;0.0015380079059071738;10.0160379510373;0.7488653560708133;0.012613160763522034;1.045838229857868;0.8177065477264115;0.10947434060487679;0.7814662415995205;-0.10250186091869791;0.8170278425903916;0.01677595115676352;1.0479028430269037;0.7871167696218893
30.58392;1.0378574888915064;0.8225418169899417;0.7942110423245601;0.0006320821229427476;0.0006563951417171299;10.016194094739136;0.7488508735674586;0.012613229633361062;1.0458366588385017;0.8229887349242193;0.11018750608903125;0.7872903537956656;-0.10340485887800985;0.8223047142841851;0.016085406973568056;1.0468382058851902;0.7930208592026071
30.58468;1.0368041010469056;0.8276439900732752;0.7999086435746088;-0.00024239502635227514;-0.00018601434030874985;10.016343733888853;0.7488372680063057;0.012613296842686406;1.0458345345870164;0.8280939392598459;0.11090676605637952;0.792931161585622;-0.10430985689403119;0.8274048011713409;0.0154338224128059;1.0458104257811132;0.7987442823384613
30.58544;1.0357834334476956;0.8325794794643354;0.8054305718042494;-0.001073599333967623;-0.000988216497904986;10.01648681869913;0.7488245381585075;0.012613362015207562;1.0458318869039036;0.8330301625124047;0.11163110372558106;0.7983946719832277;-0.10521685495538907;0.8323360984010261;0.014821200771646312;1.0448175182834971;0.8042929936861609
30.586201;1.0347934242089667;0.8373529820056476;0.8107820291256809;-0.0018598160758174747;-0.0017483671027483598;10.01662326037001;0.7488126789045667;0.012613424760892425;1.045828749661502;0.8378064033524762;0.11236250240173952;0.8036878940910583;-0.10612485304759588;0.8371075991021818;0.014245545764119735;1.0438615020726107;0.8096738268017255
30.586961;1.0338338706646613;0.8419732898433404;0.8159708193671805;-0.002603430305898159;-0.0024685933676472926;10.016752856572582;0.748801683677065;0.012613484784743218;1.0458251591555319;0.8424296551165731;0.11310094650297277;0.8088178382405737;-0.10703485115226842;0.8417262925463749;0.01370886075591661;1.0429403956335845;0.8148938856582122
30.587721;1.0329056360610953;0.8464474896923426;0.8210023194497655;-0.0033063590352249064;-0.0031505824514086256;10.016875284395786;0.748791539438429;0.012613541888736252;1.0458211529656334;0.846906904770577;0.11384642339911713;0.8137895143636238;-0.10794684925149091;0.8461991626477203;0.013208148048868756;1.0420552104759233;0.8199581645288725
30.588482;1.0320064820530495;0.8507817116203963;0.8258834864940688;-0.003968530665949917;-0.0037941167732414493;10.01699010835025;0.7487822251667496;0.012613595921877864;1.0458167736491744;0.8512441362539261;0.11459792362275142;0.8186099364832528;-0.10885984733275667;0.8505321892712455;0.012743409045457822;1.041203944863256;0.8248735097481035
30.589242;1.031137970572028;0.8549825317854497;0.8306187248003066;-0.00458958264943634;-0.004398692363481422;10.017096799966097;0.748773720652141;0.01261364679497394;1.0458120742883368;0.8554473363349048;0.1153554393144605;0.8232831260063919;-0.10977484539064343;0.8547313527519856;0.012313644739085259;1.0403855819602452;0.8296440550581773
30.590003;1.0302981749884177;0.8590550752797766;0.8352138441225458;-0.005173535839090801;-0.00496808124046701;10.017194806454219;0.748766009859868;0.012613694512454116;1.0458071179845048;0.8595224976488111;0.11611896220837699;0.8278161068985698;-0.11069184342609477;0.8588026369658525;0.011917855658172714;1.0396010982448483;0.8342767718463019
30.590763;1.0294871604476967;0.8630047001966337;0.8396733079798109;-0.005718327947476469;-0.005500153383346171;10.0172836806943;0.7487590718018806;0.012613739143223933;1.0458019681179964;0.8634746173849799;0.11688848376135397;0.8322118988979444;-0.1116078414439771;0.8627510296123093;0.011556041710911447;1.0388484715843638;0.8387742630041036
30.591523;1.0287036001768222;0.8668366688393164;0.8440026429537915;-0.006227754275524075;-0.005998483551407702;10.017363174536172;0.7487528745604888;0.012613780711916158;1.0457966795121632;0.867308694541344;0.1176629974328314;0.8364755156421573;-0.1125258394499382;0.8665815220335187;0.011225202542481421;1.038127675740285;0.8431419082400592
30.592284;1.027947586318465;0.870555180430265;0.8482052221163123;-0.006702088090823852;-0.0064632264060075694;10.01743319718681;0.748747381523885;0.012613819115168172;1.0457912969040188;0.8710297278081843;0.11844149916223741;0.8406129656043135;-0.11344283744862842;0.8702991083171979;0.010925338206318814;1.0374366720593777;0.8473852818814039
30.593044;1.027216879947511;0.8741643714730382;0.8522863207491218;-0.0071435741046642015;-0.006896476850077932;10.017493684100273;0.7487425583819756;0.012613854166442479;1.0457858568838678;0.8746417142418821;0.1192239856604366;0.8446262544194297;-0.11435983544406951;0.873907784952472;0.010654449586027608;1.0367764099885708;0.8515065300484042
30.593804;1.0265125437108722;0.8776695054944956;0.8562496287400563;-0.007550225503649395;-0.007296194127992774;10.017544511665546;0.7487383712951289;0.012613885691761369;1.0457803940825416;0.878148650294404;0.12001045384138113;0.8485223904550098;-0.11527483344158732;0.8774115535918973;0.010412538103702566;1.0361438311729274;0.8555123539976492
30.594565;1.0258329236781876;0.8810730689660534;0.8600984130546976;-0.007928170622676426;-0.00766827046245254;10.017585543926485;0.7487347855527683;0.012613913619608313;1.045774952714568;0.8815555354327805;0.12079890065126457;0.8523023888192667;-0.11618883144942296;0.8808154229732948;0.01019860481748548;1.0355398754324696;0.859403910382699
30.595325;1.0251781667693904;0.8843808990008454;0.8638377446574855;-0.008275465995883526;-0.008010726837059393;10.01761671400763;0.7487317686639465;0.012613938088278974;1.045769592422871;0.8848643739039312;0.12158932101765195;0.8559712708411578;-0.11710082947910387;0.8841214067135136;0.010009649583657725;1.034962484517173;0.8631860455916701
30.596086;1.0245455066780684;0.8875920938302585;0.8674686156525238;-0.008592330647230084;-0.008323719070251017;10.017637974548519;0.748729286822337;0.01261395947092335;1.0457643827268117;0.888079172688725;0.12238170636604857;0.8595330633092446;-0.11800982754475059;0.8873335205254766;0.009845671185426157;1.0344115943462688;0.8668626082397277
30.596846;1.0239368657112757;0.8907160260414525;0.8709981402974846;-0.008882458558952464;-0.00861076708815062;10.017649168559464;0.7487272995721026;0.012613978230100667;1.0457593981924969;0.8912049382947158;0.12317504643852345;0.8629907974184506;-0.11891682566010332;0.8904567803976327;0.00970666838628146;1.0338861268223931;0.8704367225676348
30.597606;1.0233495347376385;0.8937512180498681;0.874426796160679;-0.009147212697738702;-0.008873161985913942;10.017650003179208;0.7487257681697562;0.012613994791995863;1.0457547176448228;0.8942416744299047;0.12396833247047469;0.8663475040073316;-0.11981882383593982;0.8934912000552813;0.009588640505757594;1.0333849951033203;0.8739109584273657
30.598367;1.0227826989620061;0.8967002879995124;0.8777575019225166;-0.00938645079284564;-0.009110714502219425;10.01764014194877;0.7487246701133967;0.012614009616539208;1.0457504196482605;0.8971953822951296;0.12476055884082148;0.869606206974047;-0.12071682208245037;0.8964427899694494;0.00949358685914556;1.0329071126280853;0.8772884212828256
30.599127;1.0222368718744872;0.8995690833423944;0.8809952273596086;-0.009601946314532043;-0.009325102109566514;10.017619305200249;0.7487240020856398;0.012614023241529042;1.0457465763210976;0.9000660625120579;0.12555172294961864;0.8727709185789931;-0.12160982041304966;0.8993115597796927;0.009417506122343032;1.032451396302609;0.8805729284189856
30.599887;1.021711671506077;0.9023586843101156;0.884141067882998;-0.00979333733965741;-0.009515926285725541;10.017587351128695;0.7487237721804145;0.012614036157647118;1.0457432514472271;0.9028587158603958;0.12634182384170553;0.8758436381079786;-0.12249781884389083;0.9021025202379347;0.00936239654325837;1.0320177728360729;0.8837664512813729
30.601408;1.0207317736558645;0.9077149825116491;0.8902013976274811;-0.010116065736745256;-0.009840041821202117;10.017544340814723;0.7487239938556616;0.012614048748063414;1.045740501843723;0.9082193441096224;0.12790886052587871;0.8817373565932108;-0.12425481739079189;0.9074616834821305;0.00930325647485207;1.0311901912586674;0.8898753608105215
30.602777;1.0199107517921395;0.9122894765108662;0.8953669595164496;-0.010339320238171103;-0.010065616403652954;10.017490514869975;0.7487246852175278;0.012614061326076448;1.0457383731605865;0.912796950930932;0.12930783197083823;0.8867530658853018;-0.1258138160685908;0.9120380635161242;0.009306084548893187;1.0305136259258656;0.8950886304232328
30.604146;1.0191448263232519;0.9166424748534088;0.9002749530234889;-0.010504188656408014;-0.010233693680479506;10.017426158176798;0.7487258672523458;0.012614074092979493;1.0457368871770087;0.9171535403833899;0.1306927382781673;0.8915117638066534;-0.12734681489290206;0.9163936758846462;0.009356879836664453;1.0298960671020883;0.9000450857410098
30.605514;1.0184301301204561;0.9207842975175384;0.90493766849106;-0.010618585050167443;-0.010351936502556567;10.017351481031726;0.7487275596484573;0.012614087061266979;1.0457360341685609;0.9213001155071654;0.13205958109115717;0.8960244523178922;-0.12885381388034675;0.9205395364101823;0.009448642211902452;1.0293315126166107;0.9047555944420664
30.606883;1.0177649529008697;0.9247287091134312;0.9093690429005535;-0.010686066999717194;-0.010423741584588227;10.017266628578705;0.7487297803634917;0.012614100052574068;1.0457357821629827;0.9252476794041629;0.13340736358400201;0.9003061344110398;-0.1303308130465612;0.9244866597155288;0.009578372353663135;1.0288179590317514;0.9092344142763445
30.608252;1.0171439287988024;0.9284820909304802;0.9135791815520831;-0.010711537726052468;-0.010453890259124535;10.017171728662538;0.7487325469273867;0.012614112727312981;1.0457360964884315;0.9290062360598187;0.13473309022514252;0.9043668170644331;-0.131776812404688;0.9282450578939024;0.009740071302704434;1.0283503887221375;0.9134912761770241
30.60962;1.0165669925818872;0.9320564078035988;0.9175790812504858;-0.010699477731777922;-0.010446718090865899;10.017066899040316;0.7487358706119788;0.012614124590498864;1.0457369514482715;0.9325827898459831;0.1360337658261232;0.9082185163653836;-0.1331898119663604;0.9318217404119675;0.009930740217658147;1.0279257612655366;0.9175377401796148
30.610989;1.0160294551525075;0.9354570870199865;0.9213775710682517;-0.01065698788554655;-0.010409209913056355;10.016952293309036;0.7487397493171909;0.012614135049186076;1.0457383262892015;0.9359883450040635;0.1373083947422544;0.911870254390194;-0.13456881174415836;0.9352277150600918;0.010145380489546914;1.0275410146529558;0.9213825279460583
30.612358;1.0155304467413526;0.9386947183998032;0.9249852087136246;-0.010583380111279139;-0.010340661715254424;10.016828153837686;0.7487441727479179;0.012614143540845786;1.0457401936273185;0.9392289047547939;0.13855498107328382;0.9153320529369174;-0.13591181175246747;0.9384689881638677;0.01038199372246314;1.0271940781094142;0.9250351886664827
30.613726;1.0150661462313557;0.9417749649814268;0.9284104556654327;-0.010484788084351096;-0.010247128244303648;10.016694751113869;0.7487491350478708;0.012614149585775373;1.0457425079780847;0.9423134697938879;0.13977152905689852;0.918614931859136;-0.1372178120059402;0.9415545625476818;0.010635581369975219;1.0268798874806808;0.9285063865305483
30.615095;1.014634759351248;0.9447056183371497;0.9316621001667762;-0.010365375356120879;-0.010132715708984334;10.016552256319587;0.7487546382120996;0.012614152739722025;1.0457452003184269;0.9452470372543309;0.14095804212096347;0.9217249060757411;-0.13848681251729406;0.9444894349529112;0.01090314456117123;1.0265973882494854;0.9318019705971055
30.616464;1.0142346367370463;0.9474927804742754;0.9347471826330657;-0.010224872968164008;-0.00999716589124884;10.016400681772147;0.7487606827714824;0.012614152587732172;1.0457481821499945;0.9480396020885847;0.14211352068847358;0.9246729832219149;-0.1397168132956765;0.9472835961252041;0.011183684534589055;1.0263435295230714;0.9349324279667284
30.617832;1.0138636588977694;0.9501451044325692;0.9376757341589989;-0.010070678449801251;-0.009847790201065127;10.016239917129818;0.7487672605857957;0.012614148829102428;1.045751356213149;0.9506941606727951;0.14323596067553473;0.9274661682442739;-0.14090881434645286;0.9499400331365496;0.011472203037979882;1.0261152627839667;0.937904729921928
30.619096;1.0135438583452638;0.9524772697417814;0.9402439719046176;-0.009914036012197694;-0.009695474326667182;10.016069809592082;0.748774360475434;0.012614141303981245;1.045754629690586;0.9530297125775643;0.1442433544723788;0.9299134654357019;-0.14197581567269832;0.9522777311548354;0.011745702161177896;1.025928547555469;0.9405168213483392
30.619096;1.0135327254838247;0.9524727526475796;0.9402214271438846;-0.009914506638709096;-0.009695279750215217;10.015890258188817;0.7487819754058618;0.012614129876622544;1.0457579206046321;0.9530272596770283;0.14424669392678263;0.9299038725960852;-0.14197581727686975;0.9522776737305004;0.011744184165640874;1.0259453574418569;0.9405392259499153
30.619097;1.0135226412602036;0.9524707749825415;0.9402014193428296;-0.009916503248310485;-0.009696656360069018;10.01570129145594;0.7487900997316683;0.012614114399989433;1.0457611525038457;0.953026805602888;0.14425097279474236;0.9298963782017015;-0.14197681916074237;0.9522798427044918;0.011742651835053434;1.0259606811713398;0.9405636928116496
30.619099;1.0135122515678292;0.9524681060789302;0.94018195899279;-0.009915849511643805;-0.00969549518210155;10.015503092076434;0.7487987250413829;0.012614094820687032;1.0457642477858307;0.953026356025809;0.14425518776966847;0.929888967397173;-0.1419778213233252;0.9522822184251895;0.011742108976076734;1.0259765150423572;0.9405880210603882
30.619101;1.0135015102596638;0.952467679274224;0.9401659313621714;-0.009916801697671892;-0.00969599690649632;10.015295966386121;0.7488078452439646;0.012614071160233583;1.0457671289470758;0.9530289180052741;0.14426033887006984;0.9298846301585977;-0.14197982375838056;0.9522877803845582;0.011740560451503387;1.0259918506126513;0.940615255750657
30.619106;1.0134924734228923;0.9524724336672036;0.9401542840094768;-0.009916758738593604;-0.009695573202017048;10.01508029515431;0.7488174665847406;0.012614043387908004;1.0457697267525383;0.9530354977278765;0.14426742858436917;0.9298843650409298;-0.14198382645439778;0.9522975091853133;0.011740011746704235;1.02600566538431;0.9406464584173402
30.619116;1.0134814194359647;0.9524851926248756;0.9401532125515086;-0.00991593201684085;-0.00969446620208266;10.014856486004968;0.7488276095406944;0.012614011418661355;1.045771985779245;0.9530500986505004;0.14427746010899659;0.9298931779584144;-0.141991829397649;0.9523153891535485;0.011740468430733238;1.026017919198577;0.9406867848258245
30.619135;1.0134693526823606;0.9525163177371055;0.9401719609432401;-0.009913364266574357;-0.009691719044951662;10.014624928469013;0.7488382995165106;0.012613975229456141;1.0457738556442102;0.9530827205938415;0.14429643695791664;0.9299210785134764;-0.14200783257470584;0.9523514090465494;0.01174393570496202;1.0260285590252527;0.9407466254441766
30.619174;1.0134530751545767;0.9525824941104569;0.9402299018960376;-0.009908661987913661;-0.009686972640589094;10.014386007808218;0.7488495596399473;0.01261393492830306;1.0457752724167617;0.9531503581202972;0.14432936409374397;0.9299860762451332;-0.14203983597327147;0.9524225604807736;0.011750418163424453;1.026036530766483;0.9408448780770295
30.619252;1.0134274188023793;0.9527176877410002;0.9403652839018323;-0.009899777356227322;-0.009678254885775648;10.014140174702439;0.7488614136973155;0.012613890741500183;1.0457761512874102;0.9532880001614413;0.14439324890571192;0.9301231770828706;-0.14210383958363956;0.9525638354313014;0.01176591979762882;1.0260367869891505;0.9410184586573591
30.619407;1.0133840728321857;0.9529915081657687;0.9406544626488608;-0.009879980500385941;-0.009659002581522963;10.013887962765116;0.7488738895925279;0.012613843018365385;1.0457764019647362;0.9535636334196417;0.14451710128523895;0.9304053813595027;-0.1422328433990358;0.9528432244651657;0.011799443999827705;1.0260242834838749;0.9413444366543838
30.619718;1.0133072970410986;0.953539546862394;0.941245868868363;-0.00983912687370471;-0.009619351067416949;10.013629947761459;0.7488870141921844;0.012613792243620149;1.045775949742266;0.9541122473757727;0.14476093240745735;0.9309746861860595;-0.14248784741365317;0.953395717203607;0.01186599339963569;1.0259889735456362;0.9419723620572321
30.620323;1.0131659061755067;0.9545905868103094;0.9423944365415585;-0.009758460385611378;-0.009541072771414137;10.013366744667735;0.7489008041467474;0.0126137389945584;1.045774742049033;0.955166836683798;0.1452277526260378;0.9320710881115032;-0.14297885162142004;0.9544543035162485;0.01199956986961505;1.0259128098668793;0.9431561516765519
30.620323;1.01315953647609;0.9545870539935969;0.9423767586082584;-0.009758801668492566;-0.009541547051475214;10.013099053605687;0.7489152621034827;0.012613683894816574;1.0457727453692893;0.9551643993025682;0.14523057042665585;0.9320625814696271;-0.14297885601514496;0.954455972850184;0.011998174891984199;1.0259217503856635;0.9431724424203181
30.620324;1.0131527206057158;0.9545858500137624;0.9423620635241532;-0.009758947015373097;-0.009541901407821744;10.012827651430856;0.7489303811808036;0.01261362759365724;1.0457699388887518;0.95516393280854;0.14523439305375427;0.9320561577242733;-0.14297986058524212;0.954459712859103;0.01199681000121119;1.0259297635446523;0.9431900037016914
30.620325;1.0131468614270387;0.9545856694129514;0.9423476862658161;-0.009759459651704343;-0.00954267787930031;10.012553292980446;0.7489461524051693;0.01261357069414775;1.0457663066112508;0.9551634317818577;0.14523822743934478;0.9320498091621983;-0.14298086532066306;0.9544635096296524;0.01199547716656464;1.0259368298690092;0.9432067062379319
30.620328;1.0131395752238221;0.9545865788647554;0.9423358630397851;-0.009758464622430765;-0.009542046631979868;10.012276657116715;0.7489625689832033;0.012613513579870166;1.0457618362809822;0.9551648874751666;0.14524208054498666;0.9320465331936869;-0.14298287021194697;0.9544693486084893;0.011995178893334584;1.025941933780793;0.9432256583915026
30.620333;1.013132682558738;0.954592440191336;0.942328679564366;-0.009759116420025301;-0.009543102313768013;10.011998405781004;0.7489796257887256;0.012613456282495739;1.045756520063134;0.9551712892946991;0.14524895871727247;0.932047333728808;-0.14298687525346312;0.9544802156836404;0.011994917731235965;1.0259460503363622;0.9432479855766829
30.620343;1.0131236800585168;0.9546068054539155;0.9423319439107429;-0.009758096147125915;-0.009542589275679005;10.011719220352244;0.7489973139195406;0.012613398565551225;1.045750348675317;0.9551856258877096;0.14525986633603336;0.9320562167533121;-0.1429948804429292;0.9544990991280076;0.011995695619624845;1.0259491409459807;0.9432779242752802
30.620362;1.0131128355695767;0.9546379433248793;0.9423535542773624;-0.009755619157074737;-0.009540714730269247;10.011439751944003;0.7490156148159304;0.012613340101047315;1.0457433063357267;0.955216885603078;0.14527780505660592;0.9320841832379038;-0.1430108857796249;0.9545349904253946;0.011999513649608074;1.0259491632104467;0.9433269313517242
30.620402;1.0130987354570875;0.954704555644166;0.9424132912090132;-0.009750836501763695;-0.0095366510602287;10.01116059714789;0.749034503575781;0.01261328052894604;1.0457353719442073;0.9552830572804059;0.14531077423907643;0.9321482296925444;-0.14304289126515268;0.9546058833506077;0.012007371893508355;1.025946085502483;0.9434130043219241
30.620482;1.0130746033625058;0.9548387117850491;0.9425491383553147;-0.009739760214748825;-0.009526521813868016;10.010882316085686;0.749053958220184;0.012613219445350774;1.0457265268984821;0.955416130905726;0.14537477194310003;0.9322833567991777;-0.14310689690693498;0.9547437737233772;0.012023268937490113;1.025935894198151;0.9435731507980619
30.620641;1.0130340882677626;0.9551089577310324;0.9428347103210678;-0.009717450701291272;-0.009505505564180543;10.010605411435423;0.7490739599178435;0.012613156429975764;1.0457167700911578;0.9556860979556128;0.1454977953063107;0.932559574315633;-0.14323390271902475;0.9550186590369197;0.012058201785816925;1.0259135916087119;0.943881256890215
30.620959;1.012960419429223;0.955646710933562;0.9434154288391707;-0.009674018570791669;-0.009463989344970147;10.010330293428456;0.7490944852534198;0.012613091102707592;1.045706128413504;0.9562219504988624;0.14574083980337646;0.9331148977437639;-0.1434869087173674;0.9555595366636993;0.012128166588417507;1.0258691871623684;0.9444833014705049
30.621596;1.012822763403943;0.9567055524056391;0.9445705840658197;-0.009586056241774775;-0.009379134114359927;10.010057249726762;0.7491155054044271;0.012613023181790096;1.0456946493272232;0.9572796791168192;0.14621789871453125;0.9342133431983721;-0.14398691491554752;0.9566224026584481;0.012270159495432538;1.025784687241226;0.9456586878641899
30.622869;1.0125668929711584;0.9587505807965562;0.9468107164302022;-0.00940424118231179;-0.009202683987886309;10.009786390657737;0.7491369914784394;0.012612952518487264;1.0456823825164132;0.9593242724674624;0.14714696423393422;0.9363349254501656;-0.14496192132486782;0.958672251295938;0.012555176998876484;1.025629094120612;0.947916835193192
30.624143;1.0123284493346667;0.9607009800447502;0.9489422188316669;-0.009217421898468775;-0.009021081944494797;10.00951764146386;0.7491589146364036;0.012612879085956239;1.0456693670770796;0.9612727190702094;0.14804702931513614;0.93835165774627;-0.14590292795392584;0.9606260748087373;0.012841215954475939;1.0254874152167222;0.9500655299217254
30.625416;1.0121062605322348;0.9625597093834125;0.9509689020049436;-0.00902537334884653;-0.008834120239451522;10.009250829876578;0.7491812430376588;0.012612802959084218;1.0456556316455894;0.9631310092715463;0.14891708829487177;0.9402665523805236;-0.1468119348073848;0.9624898649723256;0.013127273713638199;1.025358672909359;0.9521080545151543
30.626689;1.0119006005373217;0.9643328196061479;0.9528962927922348;-0.008830892943799932;-0.008644566180675693;10.008985780629592;0.74920393872572;0.012612724318319302;1.0456412058488136;0.9649011358996705;0.1497591358959705;0.9420856208240165;-0.14768794188793766;0.9642656153002697;0.013411348364974238;1.0252419063372256;0.9540501985476784
30.627963;1.0117094007966743;0.9660218896389444;0.9547277206643933;-0.008634556773888934;-0.008453014070573577;10.008722337844233;0.7492269519387718;0.012612643458067804;1.0456261342948572;0.9665880929842192;0.1505731655946121;0.9438128694519361;-0.148532949199216;0.9659583210853747;0.013692438705495294;1.0251361649918163;0.9558962381577198
30.629236;1.0115315171994954;0.9676312237246089;0.9564683544446448;-0.008436450163030842;-0.00825956473632573;10.008460343230675;0.749250220156552;0.012612560796639485;1.0456104791557534;0.9681938742078707;0.15135916885414505;0.9454522952909473;-0.1493449567463706;0.9675699789731936;0.013971544041417573;1.0250405040294441;0.9576498274696196
30.630509;1.0113668386549994;0.96916383092389;0.9581211193402086;-0.008239012949359829;-0.008066638159932015;10.008199632244558;0.749273674985764;0.012612476892909764;1.0455943095229099;0.9697234732684057;0.15211613600042123;0.9470088888608666;-0.15012696453563865;0.9691055887427321;0.014246664192040627;1.024954988077717;0.95931637922172
30.631783;1.011213711058778;0.970622202311371;0.9596899032883541;-0.008040435453348604;-0.007872463847852972;10.007940053634309;0.7492972469400959;0.012612392412671567;1.0455776895754567;0.9711788846622244;0.15284705740125584;0.9484856399243221;-0.15087897257453667;0.9705671550049241;0.014518799495490538;1.0248766952193682;0.9608988477391969
30.632793;1.01109943086906;0.9717313248131287;0.9608765816013998;-0.007884904803120174;-0.007720543452678888;10.007681481867497;0.7493208663390531;0.012612308009465811;1.0455606728784335;0.9722831025244943;0.15340892346853877;0.949601540099833;-0.15145498087213619;0.9716776848125174;0.014729950888454498;1.0248187133127016;0.9620967043688289
30.632793;1.0110951283974379;0.9717315629185959;0.9608617636325297;-0.00788502933230982;-0.007721750563317712;10.007423796712922;0.7493444666568447;0.012612224262394117;1.0455433058979926;0.9722781201122851;0.15341172423973773;0.9495955823463661;-0.15145498943766944;0.9716791834305947;0.014729120135013473;1.0248071309312279;0.9620952318926727
30.632795;1.0110903582757795;0.9717327702466648;0.9608480732179134;-0.007884382056190907;-0.0077222181472842676;10.007166853324323;0.7493679878091387;0.012612141794112288;1.0455256371417632;0.9722739327640239;0.15341445002307477;0.9495917592363058;-0.15145599827695397;0.9716816537630193;0.014729309336757727;1.0247950254058953;0.9620951898015698
30.632796;1.0110864893169866;0.9717362930906369;0.9608354801377832;-0.007884627574582585;-0.007723577671888595;10.006910517882318;0.7493913760270984;0.012612061373661092;1.0455077197468023;0.9722705397996219;0.15341809240075352;0.9495880622307111;-0.15145700739039558;0.9716850977634737;0.01472851990798266;1.0247824541152755;0.9620944281520103
30.6328;1.0110816309814559;0.9717399583916039;0.960823585240807;-0.007884050786368132;-0.0077241430444612725;10.00665473405974;0.7494145836153981;0.012611983833785985;1.0454896033462173;0.9722689426739319;0.15342264376204706;0.9495854812854083;-0.1514590167758283;0.9716905159032648;0.014728752454503741;1.0247694532375007;0.9620940830587348
30.632806;1.0110765417955292;0.9717476148001513;0.9608154510130211;-0.007882858569966669;-0.0077241090762553526;10.006399500523333;0.7494375687505586;0.012611909977535378;1.0454713232228028;0.9722691441695729;0.15342809605976995;0.9495870032491176;-0.15146202643231987;0.9716979071635435;0.014729007442218198;1.0247550379827075;0.96209711206583
30.632819;1.011070281458961;0.9717610371632827;0.9608137281628842;-0.007881691868958216;-0.007724112814072378;10.006144829147201;0.7494602968329667;0.012611840619858981;1.0454528987213851;0.9722771492099646;0.15343744101737908;0.9495956133069936;-0.15146903635921632;0.9717132709717287;0.014731285524177665;1.0247412035963477;0.9621069470868756
30.632844;1.0110630360898352;0.9717898693444306;0.9608277979426189;-0.007876745635512347;-0.007720385102395167;10.005890794713372;0.7494827456575821;0.012611776653619126;1.045434344966522;0.9722989640527168;0.15345367171177937;0.9496182983877719;-0.15148404655191186;0.971742608180403;0.014735587408331903;1.0247259286591228;0.9621311308404887
30.632895;1.0110523850350466;0.9718441776969061;0.9608699508012936;-0.007869397236587498;-0.007714303628484801;10.005637566068085;0.7495049058625497;0.012611719027434286;1.045415685922056;0.9723465958424778;0.1534837834718209;0.9496680449480807;-0.1515120570009864;0.9717979211690067;0.014745913579991;1.0247081776641762;0.9621832941513804
30.632997;1.0110372139446502;0.9719551492232177;0.9609721361471912;-0.007853395108612776;-0.007699691027625602;10.00538534958331;0.7495267717207622;0.012611668689022104;1.0453969556738314;0.9724490544885389;0.15354077296627605;0.9497728342109828;-0.15156906769623396;0.9719082145915724;0.014766264047149522;1.0246889077417005;0.9622936181087282
30.633201;1.011010902446162;0.9721722256041643;0.961189613637465;-0.007821278820248207;-0.007669216736462318;10.005134307435643;0.74954833387622;0.012611626552588412;1.0453781918929057;0.9726593536788757;0.15365263654029476;0.94998664125709;-0.1516820786302485;0.9721264957337998;0.014808638365445973;1.0246640814540806;0.962519689981177
30.633609;1.0109653714811588;0.972601738396943;0.9616353431462391;-0.007759032479056953;-0.0076090750360020215;10.004884514315291;0.7495695819577712;0.01261159346257762;1.0453594327267963;0.9730805095544989;0.1538723699708032;0.9504134351914197;-0.15190708979800394;0.9725557739644951;0.014892035992845757;1.0246316777110152;0.9629730435532216
30.634425;1.0108812035075825;0.9734389090279721;0.9625210965630662;-0.007633340435337262;-0.007486444829385815;10.00463601715241;0.749590509637355;0.012611570181827379;1.0453407184597994;0.9739105388312729;0.15430296997582182;0.9512521774952832;-0.15234610119428993;0.9733940599540056;0.015059456502905764;1.024582695134751;0.963866325544439
30.636057;1.0107291399673255;0.9750355849648665;0.9642232336460907;-0.007385979388184766;-0.007243900272968756;10.004388935006421;0.7496111153962605;0.012611557435521495;1.0453220941817036;0.9754994565061015;0.1551294356070143;0.952849822096881;-0.15319211281199502;0.97499136537864;0.015386899222433859;1.02451114446603;0.9655728985070601
30.63769;1.0105912447787975;0.9765325395168539;0.9658137420428152;-0.007141714604822165;-0.007004240864773321;10.00414350097616;0.749631400162498;0.01261155594383064;1.0453036109904765;0.9769902740218661;0.15591576814458397;0.9543433189039888;-0.15399312464183582;0.9764907034022146;0.01570636275350074;1.0244500396974217;0.9671692436116369
30.639322;1.0104678006408292;0.9779365866278426;0.9672990999051387;-0.006902857176330622;-0.0067697612244536414;10.00390008617906;0.7496513668727544;0.01261156643690274;1.0452853233011825;0.9783869998336425;0.1566629695461095;0.955735616443179;-0.1547521366718715;0.9778960887490671;0.01601584512909803;1.0243974034455483;0.9686587800038422
30.640954;1.010357269049221;0.9792528935076181;0.96868591988427;-0.006668588514574536;-0.00653967091651211;10.003659253592796;0.7496710248847647;0.012611589677469245;1.0452672850629734;0.9796956415555584;0.1573720409251815;0.9570346619904442;-0.1554711488866332;0.9792135369351411;0.016316344432039945;1.0243522765408402;0.9700497174723697
30.642586;1.0102591381007064;0.9804862606828075;0.9699794917209761;-0.006440074610439573;-0.006315135606330211;10.00342179378819;0.7496903921390261;0.012611626356984701;1.045249547987065;0.9809212076881633;0.15804498246895926;0.9582454024025832;-0.15615016126847067;0.980448063926486;0.016606859136561142;1.0243147153746128;0.9713469926594345
30.644218;1.0101718993954412;0.9816405229146624;0.971185128501116;-0.006215860092508273;-0.0060947319655174585;10.003188649156266;0.7497094915130654;0.012611676842033138;1.0452321574544654;0.9820677077492859;0.15868379452390796;0.9593737866709918;-0.15679117380063048;0.9816036867075035;0.016887387897002146;1.0242837813119559;0.9725568562568832
30.64585;1.0100950787767033;0.9827208979552419;0.9723085349442601;-0.005997930809278675;-0.005880435905902986;10.00296075011251;0.7497283502181933;0.012611741042768382;1.045215147399621;0.9831401510851817;0.15928847908964858;0.9604227689960719;-0.15739718646834025;0.9826854243131924;0.017157929056943255;1.024259532875474;0.9736827668492724
30.647482;1.010028616917412;0.9837321893258001;0.9733546056581005;-0.005785500964855038;-0.005671476980333692;10.00273893312777;0.7497470039610005;0.012611818514626465;1.0451985425517978;0.984142546090412;0.15986204042992377;0.9613983118356506;-0.1579691992573929;0.9836972978070864;0.017420480344765777;1.024240027280718;0.974730822618752
30.649114;1.0099720462277852;0.9846773715766117;0.974326809529755;-0.005580381355005815;-0.00546965774001769;10.002523980327684;0.7497654969216787;0.012611908615702458;1.0451823651878267;0.9850799005543008;0.160404483660068;0.9623043894906448;-0.15850921215245736;0.9846443271379097;0.017673039054547753;1.0242253270931871;0.9757052991876713
30.650746;1.0099238911553603;0.9855598841892723;0.9752300475412863;-0.005380021055846033;-0.005272466714875915;10.002316608313228;0.749783875821676;0.01261201059814816;1.045166638202729;0.9859542221684808;0.16091881283878373;0.9631459921461822;-0.15901822513597458;0.9855285265281103;0.017916602540623498;1.024215499032709;0.9766112845724324
30.652378;1.009883280259024;0.9863833167578269;0.9760687923659611;-0.005184386212755686;-0.005079879677471907;10.002117334343245;0.7498021857443169;0.0126121236238194;1.045151387177789;0.9867705188095194;0.16140503038760287;0.9639251288425681;-0.1594972381871534;0.9863549027251652;0.018151168645955205;1.0242106088093055;0.9774509027879035
30.654011;1.0098523986227217;0.9871523144483535;0.9768456107209572;-0.00499464439437551;-0.004893046065110383;10.001926400788005;0.7498204698016162;0.012612246735156702;1.0451366470190944;0.9875307989743317;0.16186613697622476;0.9646468269585958;-0.15994925128162885;0.9871254569797109;0.018377735891392702;1.0242097247499486;0.9782295681862376
30.655643;1.0098285555023652;0.9878691077348092;0.9775653986449657;-0.004810829119666698;-0.0047120164611525765;10.001743901050231;0.7498387685362394;0.012612378848120161;1.045122470245506;0.9882400721240645;0.16230113132658763;0.9653141245284769;-0.1603752643932495;0.9878451879242474;0.018597303498381026;1.0242119209546228;0.9789504044092479
30.657275;1.009811690305934;0.9885367667219522;0.9782313303072792;-0.004630552516033154;-0.0045344295589787335;10.001569964177758;0.749857119523698;0.012612518843560187;1.045108929577472;0.9888993486583149;0.16271401116365106;0.9659290599066491;-0.16077627749773551;0.9885150923950925;0.018807871273657434;1.0242182695007147;0.9796155594767921
30.658907;1.0098031304904278;0.9891587274839327;0.9788455708252078;-0.004455781121807104;-0.004362230431644538;10.001404798891992;0.7498755593675037;0.012612665714231577;1.04509611046689;0.9895126393519363;0.16310377464425668;0.9664966701871376;-0.16115429057583502;0.9891391640991478;0.019012439420659055;1.0242288334562966;0.9802303162554262
30.660539;1.0098001201010944;0.989735471804059;0.9794112945346352;-0.004285065740600344;-0.004193999506485994;10.001248608119058;0.749894125543295;0.012612818613218162;1.0450840972058062;0.9900829540175778;0.1634724203818801;0.967017994586234;-0.16150930361368535;0.9897203926513044;0.01921000851824419;1.0242416716580989;0.9807956931414357
30.662171;1.00980435523358;0.9902708528879797;0.9799306757866935;-0.004119455128104906;-0.00403077137650086;10.00110148723997;0.7499128533657455;0.012612976793494475;1.0450729647151797;0.9906113002430563;0.16382194699069624;0.9674960701519533;-0.16184431659989015;0.9902597639356872;0.019401579731350597;1.0242588460883393;0.9813151826944274
30.663803;1.009814788746055;0.9907679876200152;0.9804078131377059;-0.003955680569311298;-0.003869316273262603;10.00096336761468;0.7499317712130591;0.012613139514674169;1.0450627776609824;0.9911006835285644;0.164152353424196;0.967932924242888;-0.16215832952076184;0.990760261248815;0.01958615497154177;1.0242784174881916;0.9817906360141017
30.665435;1.009831872876701;0.9912286019217162;0.9808439730427875;-0.0037978624338121485;-0.0037137162933095994;10.000834018448145;0.749950901939616;0.01261330594471693;1.0450535867161006;0.9915531086831592;0.16446463868265154;0.9683315748174957;-0.16245534235706835;0.9912238670918341;0.01976573649988393;1.0243024367416018;0.9822257138172543
30.667067;1.0098541384133952;0.9916527387929402;0.9812406231221438;-0.003642595658433264;-0.0035606075837831173;10.000713080554464;0.7499702661512492;0.012613475138822017;1.0450454258315782;0.9919715803535946;0.16476080045348312;0.9686930353779966;-0.16273335508499565;0.9916535647615499;0.019940326271918295;1.0243289458813807;0.9826211071913753
30.668699;1.0098814231598487;0.9920447373948801;0.9816022046828761;-0.003490165191959703;-0.0034102752029731473;10.000600096076159;0.7499898816266715;0.012613646150456277;1.0450383188096055;0.9923561019209545;0.16504083522935348;0.9690203165929342;-0.16299636768005868;0.9920493390837922;0.020109926002383368;1.0243579806028131;0.9829804712234476
30.670332;1.0099145530444336;0.9924050720468571;0.9819283555447496;-0.0033400957827407927;-0.0032622471731236138;10.000494549129154;0.7500097654753352;0.012613818182406214;1.045032287785642;0.9927106761333617;0.16530674051045036;0.9693144240003623;-0.16324238012115197;0.9924151766588784;0.020275537720461808;1.0243915638776917;0.9833045028068081
30.671964;1.0099529435641885;0.9927363392743848;0.9822221813282839;-0.0031930480151990573;-0.003117179999072653;10.000395930067336;0.7500299379113088;0.01261399062600258;1.045027353484114;0.9930353087511652;0.16555851641605263;0.9695763580617763;-0.16347439239327158;0.992751065735713;0.020436164043791016;1.0244266980356647;0.9835947413821772
30.673596;1.009995608751549;0.9930385604995385;0.9824846318339;-0.0030482266430035803;-0.0029742882360629963;10.000303762034246;0.7500504171938214;0.012614162959230237;1.04502352990851;0.9933310100678351;0.16579616574191136;0.969809122383244;-0.16369240448830866;0.9930579958204216;0.02059380808125975;1.024466367249853;0.9838542119259635
30.675228;1.0100438087961165;0.993314368928319;0.9827170639374152;-0.002905673100528456;-0.002833608075783618;10.000217555743223;0.750071208284456;0.012614334665840412;1.045020821774956;0.9936007915973286;0.16602169292219754;0.9700137343234773;-0.1638974164040114;0.9933389579501054;0.020747472964838008;1.0245075475105379;0.9840841381609642
30.67686;1.0100956699387642;0.9935646399693284;0.9829221540351883;-0.002765599646187651;-0.002695354826338661;10.000136745035833;0.7500922976703138;0.012614505238977246;1.0450192246037953;0.9938456632520399;0.16623610177945092;0.9701912260828425;-0.16409042814212674;0.9935949459455179;0.020898161317471988;1.024553213704318;0.9842857434450798
30.678492;1.0101528885418984;0.9937915834840526;0.9831004280961257;-0.0026253025224570103;-0.0025568473994757876;10.000060647057046;0.7501136575466304;0.012614674132000311;1.0450187216254274;0.9940666349574536;0.16643939449017722;0.9703426360977907;-0.1642714397067787;0.9938269568419915;0.02104587513160816;1.0246003442739957;0.9844600787342322
30.680124;1.0102127876055296;0.9939938365303408;0.9832531435712081;-0.0024885297621462937;-0.0024218061257358465;9.999988473816774;0.7501352518935818;0.012614840666514098;1.0450192778281862;0.9942637198138354;0.16663157411045484;0.9704690006226233;-0.16444245110231545;0.9940349894313574;0.021190615960542836;1.024650922928593;0.9846085202331792
30.681756;1.010278391843403;0.99417491476698;0.9833808329429751;-0.002352083279437653;-0.002287059459651372;9.999919394255576;0.7501570414349962;0.012615004026092353;1.0450208425308938;0.9944399357492805;0.16681464718962058;0.9705723479493996;-0.1646024623296793;0.9942220424545265;0.021333385239069337;1.024704933001607;0.9847329232177152
30.683388;1.0103474177776486;0.9943348724070608;0.9834857607470854;-0.0022161368919879835;-0.0021527884424534945;9.999852611234065;0.7501789903984228;0.012615163332959149;1.0450233656068935;0.9945953052885569;0.16698762263063008;0.9706536947774488;-0.16475247338384766;0.9943881138612702;0.021474184439674047;1.024760351986806;0.9848344891399624
30.686653;1.0104701553508044;0.9945975035706085;0.9836414169368586;-0.0019468053027103774;-0.0018863476765369825;9.999787442541836;0.7502010730513294;0.012615317775081947;1.045026808126374;0.9948538544043045;0.1673115088859783;0.9707640513237229;-0.16502648425563754;0.9946572016975939;0.021750014753337304;1.0248941540721648;0.9849859910852873
30.68959;1.0105950623465776;0.9947714071567146;0.983708486766669;-0.001706778759633398;-0.0016489447485481313;9.999723374085901;0.7502232742589048;0.012615466760846482;1.0450311353309871;0.995023611315321;0.16757531285540522;0.970793432001343;-0.1652454949357;0.9948373058856905;0.02199287693851778;1.0250203161216511;0.9850490803849251
30.692528;1.0107297425585835;0.9948888591607481;0.983711453143767;-0.001467589265172283;-0.0014123851763832866;9.99966004714014;0.7502455811891745;0.012615609974642667;1.0450363118667394;0.9951376047632828;0.16781704043735818;0.9707608603878355;-0.16543950541568556;0.9949614284798047;0.02223277164473594;1.0251558203953237;0.9850475445244614
30.695466;1.0108749526041003;0.9949546922516457;0.9836543051608153;-0.001228938140753405;-0.0011763800066823395;9.999597182416252;0.7502679716903162;0.012615747245630402;1.045042309406086;0.9951998627346124;0.16803769685675682;0.9706713689896365;-0.16561151568672441;0.9950335719155319;0.022469699538405684;1.02529865401729;0.984986852121239
30.698404;1.0110291404826846;0.994971042405423;0.9835406259883598;-0.0009874766827275535;-0.0009376248346485556;9.999534471842942;0.7502904113278194;0.012615878363761856;1.0450491088677614;0.9952134126472064;0.16823828658323348;0.9705269980806585;-0.1657625257390291;0.995056737945092;0.02270366129736763;1.0254488075109331;0.9848691780204555
30.701341;1.0111932563889505;0.9949410718798667;0.9833725838824136;-0.0007481206390746648;-0.0007009907789707713;9.999471528218306;0.7503128631289522;0.012616002984884604;1.0450566900824538;0.9951812805235175;0.1684218141912295;0.9703317933404046;-0.16589553556373643;0.9950339295588763;0.022936657700136604;1.0256072729937733;0.9846989981121439
30.704279;1.011366170898158;0.9948674138496901;0.9831538469058658;-0.0005043506840304309;-0.0004600358392953111;9.999407948990639;0.7503353002190939;0.012616120580692395;1.045065027241635;0.9951064875411453;0.1685892850975673;0.9700858009942251;-0.1660115451552704;0.9949681535113819;0.023168689480102173;1.0257730434275143;0.9844764951423187
30.707217;1.0115470157098008;0.9947514396606725;0.982886578295947;-0.0002602546646987647;-0.00021881344444884705;9.999343411113289;0.7503577079326024;0.012616230411106122;1.0450740986023759;0.9949890466620637;0.16874170467085048;0.969794059735418;-0.16611155451192813;0.9948594189099936;0.023399757110790745;1.0259471119756094;0.9842067659265595
30.710155;1.011738316801428;0.9945979382292107;0.9825730333403528;-1.2680856020315227e-05;2.5785245802428804e-05;9.99927770218773;0.7503800741690609;0.01261633159540781;1.0450838904260984;0.994833962184731;0.16888007717115563;0.9694565938865102;-0.16619656363400276;0.9947127337348526;0.02363186089660095;1.0261274722967766;0.9838899739373981
30.713093;1.0119365017037185;0.9944038333137271;0.9822136497127495;0.0002369364655574303;0.0002723311856421111;9.999210678437393;0.7504023802159507;0.01261642323015002;1.0450943894123679;0.9946392320146734;0.16900540524366042;0.9690754126958496;-0.16626757252168348;0.9945261038485385;0.023864001143970096;1.0263171222608156;0.9835282577543507
30.71603;1.0121438053529643;0.9941740091774983;0.9818111044621377;0.00048774254648037006;0.0005199700525481419;9.999142178877078;0.7504245980395299;0.012616504420028981;1.0451055788293313;0.994409850998723;0.1691186892913831;0.9686515153323915;-0.16632558117490462;0.994304533022192;0.02409717821041427;1.026513062834206;0.9831227742965716
30.718968;1.0123592303662343;0.9939089197095532;0.9813668420023592;0.0007441666784583241;0.0007730716820240581;9.999071995465881;0.7504466883018226;0.012616574272426049;1.0451174343637593;0.9941448137138934;0.1692199273442028;0.9681878982716549;-0.16637058959353154;0.9940470222401332;0.02433139277859483;1.0267162921545834;0.9826764859454316
30.721906;1.0125823611866225;0.9936089133027083;0.9808816349620729;0.0010012844975868965;0.001026758894013952;9.998999951303833;0.7504685971474214;0.012616631936627152;1.0451299158945642;0.9938451162523448;0.1693101158333874;0.9676845591559473;-0.16640459777455321;0.9937545703398439;0.024565646090591812;1.0269268081649707;0.9821897413289804
30.724844;1.0128126875697345;0.993275442611701;0.9803574350651462;0.001263566400078977;0.0012854413438744617;9.998925942290452;0.7504902555326004;0.012616676597656576;1.0451429693361467;0.9935137570121049;0.16939025074356498;0.9671434954973929;-0.16642760570803702;0.9934301760644503;0.024802939665184345;1.0271446156793087;0.9816645252279044
30.727781;1.0130515130912707;0.9929101432668963;0.979794601984274;0.0015284036475220332;0.0015465293609927743;9.998849868439194;0.7505115810001137;0.012616707453993977;1.0451565402652987;0.9931497357598584;0.16946032860886578;0.9665647029785828;-0.16643961337720528;0.9930728394291739;0.025040275194296212;1.0273697277701273;0.9811008557902947
30.730719;1.013296570786516;0.992512685015762;0.9791949907277068;0.0017966204315399076;0.0018108302118190556;9.998771578783472;0.750532482111274;0.012616723809403825;1.0451705848303834;0.9927550517944442;0.16952134708548766;0.9659491755211279;-0.16644162076217017;0.9926845616766;0.025279654813210345;1.027602161632752;0.9804999119484482
30.733657;1.0135495467452487;0.9920847858853519;0.978558624893665;0.0020696931220364405;0.0020797877507285154;9.99869090391593;0.7505528672787791;0.012616725153800178;1.0451850687286262;0.9923297023132434;0.16957230588193717;0.9652979078333623;-0.1664336278415418;0.9922653439018736;0.02552108101646025;1.027840930838709;0.9798627051382167
30.736595;1.013809567055507;0.9916278360252623;0.9778876747356813;0.002343569174460864;0.0023493897422340072;9.998607725083193;0.7505726526951512;0.012616711127833139;1.0451999594347516;0.9918746805485644;0.16961520809261005;0.964612901366476;-0.16641663459089895;0.9918161847103741;0.025763556146475946;1.0280860416552033;0.9791914049291784
30.739533;1.0140755754850403;0.9911395264416654;0.97718083469137;0.0026214374263168467;0.002622776529524686;9.998522006417886;0.7505917646303164;0.012616681530554757;1.045215218688878;0.9913899754504304;0.1696490603716873;0.9638941692528566;-0.16638964098353295;0.9913370784486613;0.026008081791662745;1.028338495257674;0.9784858737634968
30.74247;1.014348436693047;0.9906239543596097;0.9764412732578464;0.0029033130305393387;0.0028999506186750696;9.998433766562188;0.7506101387852834;0.012616636397940159;1.0452307971781485;0.9908775747967467;0.16967487222508004;0.9631417348299574;-0.16635464699440808;0.9908300154967279;0.026254658579522604;1.028596287245795;0.977746474745568
30.745408;1.0146276061649853;0.9900805429056981;0.9756689134708768;0.0031883168351636974;0.0031800370164190603;9.998343036971594;0.7506277181589539;0.012616576023252259;1.0452466359001353;0.9903374683578934;0.16969265563427582;0.9623576247916967;-0.1663106526018864;0.99029498447336;0.026502286558681736;1.0288614057507617;0.9769750112197487
30.748346;1.014912233621576;0.9895080997456277;0.9748633720111183;0.003475683212937155;0.0034622762226111776;9.998249851994546;0.7506444495874868;0.012616500930627524;1.045262675055926;0.9897696473840008;0.16970242374703284;0.9615418605723114;-0.1662586577861508;0.9897319747108265;0.026751965604767596;1.0291318356903292;0.9761716449336356
30.751284;1.0152022064751072;0.9889092248503739;0.9740273058770332;0.003766668414642456;0.0037479019184638905;9.99815422816205;0.7506602834246573;0.012616411818932435;1.0452788620422553;0.9891761027703315;0.16970418837374493;0.960695453463175;-0.16619866252819523;0.9891429767217801;0.027002695476316303;1.029408565787067;0.9753373579753425
30.754221;1.0154984433051273;0.9882843207091803;0.9731602316760349;0.004059634671590606;0.0040352901423211275;9.998056125916811;0.7506751781542444;0.012616309442543841;1.0452951516710551;0.9885558260602446;0.1696989594695697;0.9598194081635982;-0.16613066681146343;0.9885269803899774;0.02725547554045027;1.029690590692044;0.9744731392934662
30.757159;1.015800061450436;0.987633032994314;0.972262666447956;0.004356416906727026;0.004326247839582316;9.997955480956934;0.7506891034862615;0.012616194512310204;1.0453115038128213;0.9879088121318069;0.1696857472349077;0.9589137280781301;-0.1660546706252669;0.9878839734329478;0.02750930432485479;1.0299789101357384;0.9735789869493476
30.760097;1.0161061909843179;0.9869553259354612;0.9713354265990303;0.004655655582553138;0.00461943367012352;9.997852279846212;0.7507020356116753;0.01261606770103591;1.04532788202167;0.987238059688323;0.169666563504614;0.9579804143265137;-0.1659706739672896;0.9872169416210326;0.027764179355467017;1.0302715273731626;0.9726568509704377
30.763035;1.0164181953387252;0.9862547756105614;0.9703807383094707;0.00495784867327748;0.004915327031116243;9.997746580731121;0.7507139481664603;0.012615929711643424;1.0453442467518683;0.9865415699914721;0.16963942112515312;0.9570174629704844;-0.16588067684361366;0.9865238698061167;0.028021097382610223;1.0305704443320796;0.9717050621775952
30.765973;1.0167347865113978;0.9855282701049493;0.9693967689590732;0.005261774314080589;0.005212724527662309;9.997638503687998;0.7507248084730727;0.012615781304655049;1.045360548090667;0.9858213463345725;0.16960633290341084;0.9560288670283207;-0.1657826792667424;0.9858067427492672;0.02827905466077269;1.0308736567988734;0.9707271697994054
30.76891;1.0170554740560698;0.9847780141540878;0.968386142073905;0.00556778342425264;0.005511969141485783;9.997528225149058;0.7507345814298882;0.012615623211796309;1.045376729560376;0.9850773935325642;0.16956631121771445;0.9550126209530747;-0.16567768125254898;0.9850655457844877;0.028538047251426293;1.0311821534083403;0.969721317103221
30.771848;1.0173811801728982;0.9840045055874308;0.9673484439770657;0.005876517465394901;0.005813682276663178;9.997415923394803;0.7507432346972666;0.012615456020534434;1.0453927356702288;0.9843097162780859;0.1695193675010835;0.953970721946371;-0.16556568281776046;0.9843002656815608;0.028798071366670553;1.031494917761857;0.9686894131944375
30.774786;1.0177110022542226;0.9832082174078676;0.9662849876421727;0.0061879514101207435;0.006117839460155381;9.997301688347903;0.7507507388458864;0.012615280150291428;1.0454085095292063;0.9835193178057801;0.16946651097306492;0.9529041699689488;-0.16544768397843748;0.9835118912892559;0.029059123483277195;1.0318119332456088;0.9676325472458143
30.777724;1.0180453617443197;0.9823894471542103;0.9651956660143272;0.006500803854100249;0.006423173998275959;9.997185504846453;0.7507570644467888;0.01261509586283349;1.0454239895826674;0.9827071998335825;0.16940774783035223;0.9518129698195209;-0.16532368474932002;0.9827014132507214;0.02932120011504044;1.0321331866851788;0.9665506436516648
30.780662;1.0183833583960173;0.9815482520859202;0.9640814017428936;0.006815970553957261;0.00673057038519585;9.997067363325574;0.7507621835593539;0.012614903259742082;1.0454391209327296;0.9818733630937183;0.16934308175911725;0.950697129413393;-0.16519268514550636;0.9818688230386232;0.029584297666000438;1.0324586692807498;0.9654434479296324
30.783599;1.0187255112456275;0.9806864921170082;0.9629435406512463;0.007131761984323124;0.007038363455297305;9.996947398799103;0.7507660754451922;0.012614702307005928;1.0454538718188535;0.9810178079368177;0.16927251533012813;0.9495586532542752;-0.1650556851853398;0.9810141125746302;0.02984741267767765;1.032788377839686;0.9643130177571054
30.789475;1.019395272600905;0.9789039108096452;0.9605918386958814;0.007768889987965218;0.007659248131979578;9.99682591361054;0.7507687311461456;0.012614492872927987;1.0454682353718314;0.9792415339430904;0.169116051335923;0.9472175402662588;-0.1647646848904906;0.979238275202071;0.03037454197272778;1.0334613108106656;0.9619713590260011
30.794763;1.0200119105563723;0.9772301573511161;0.9583998137548322;0.008348369883141738;0.008223195208680357;9.996703301494875;0.7507701549214689;0.012614274829502203;1.045482214087554;0.9775755389674112;0.16895769335419275;0.9450377866393533;-0.16448368428365037;0.9775723068946924;0.03085168239955166;1.0340774561607198;0.9597903297709928
30.800051;1.020639000892842;0.9754952370823551;0.9561403198573588;0.008931937338064666;0.008790421155458921;9.996579985968946;0.7507703608034272;0.012614048223279535;1.0454958035549753;0.975846820166946;0.16878144570525225;0.9427913876757571;-0.16418568338782394;0.9758432062172099;0.0313288306280848;1.034702783664507;0.9575405870552177
30.805339;1.0212757181663172;0.9737013007402365;0.9538164256784828;0.00951624600594745;0.0093576309152157;9.996456417173029;0.7507693665498549;0.01261381334298706;1.0455089860352493;0.9740593760053922;0.16858931317557263;0.940483339240705;-0.16387168222691054;0.9740549732339605;0.03180798314636819;1.0353362476895687;0.9552271477410433
30.810627;1.0219196834336177;0.9718492184902304;0.9514313844222124;0.010106233779128612;0.009929671468709076;9.996333108110314;0.7507671926392044;0.012613570659684733;1.0455217291864607;0.97221520612673;0.1683823009852419;0.9381176411780907;-0.1635426808252216;0.9722096085720355;0.03228613638618732;1.0359777917665995;0.9528540494311593
30.815915;1.0225709806583414;0.969943764504626;0.9489899481737611;0.010696652117518664;0.010501381579905102;9.996210650750871;0.7507638664593096;0.012613320752917823;1.0455339894519906;0.9703173093197899;0.16816041511266858;0.9356962979939507;-0.16319967920658815;0.9703101131880589;0.03276428715203785;1.0366253525540312;0.9504233582900966
30.821203;1.0232295751716582;0.9679884691601435;0.9464957468277937;0.011289438133576057;0.011074645724555021;9.996089681604564;0.7507594257089771;0.01261306423041724;1.0455457176659726;0.9683686808822822;0.16792466225665892;0.9332243131179144;-0.16284267739352215;0.9683594893161999;0.03324243326193883;1.037277869571646;0.947939921277401
30.826491;1.0238918822898602;0.9659837826946879;0.9439526671265932;0.011882618268590345;0.01164755862737191;9.995970831889883;0.7507539186758562;0.01261280165641854;1.0455568589728876;0.9663723105243571;0.1676760487254933;0.9307056855904196;-0.16247467540628846;0.9663607424286562;0.03371957395708955;1.037935297198584;0.9454081214767168
30.831779;1.024560085608735;0.9639348007718779;0.9413637724553174;0.012476850173201642;0.012220730964585702;9.995854687862678;0.7507474021089968;0.012612533569555133;1.0455673514750223;0.9643301829668517;0.16741557824553094;0.9281424139646048;-0.16209467326264287;0.964315881508564;0.03419470971312276;1.0385966050515751;0.9428297009953185
30.837067;1.025232014434374;0.961843479827272;0.9387330609329941;0.013070765604678581;0.012792842880435152;9.99574175960099;0.7507399355237169;0.012612260586352217;1.045577126448969;0.9622452805404236;0.16714425044257553;0.9255395000469869;-0.161703670977578;0.9622279169784078;0.03466884151312853;1.0392617658928025;0.9402097177683284
30.842355;1.0259061284461095;0.9597099308652378;0.9360621015043326;0.013664642663043389;0.013364182603670768;9.995632458956573;0.7507315717823916;0.01261198344008618;1.0455861045085058;0.9601205848771616;0.16686206170311405;0.9228979511601557;-0.16130366856251205;0.9600998588960401;0.0351409700985706;1.0399277458197445;0.9375494735557016
30.847643;1.0265824420283205;0.9575401031463916;0.9333567035376035;0.014257984525087912;0.013934264550119747;9.995527085875873;0.7507223538051391;0.012611702878210923;1.0455941970077942;0.9579580773168536;0.16657000783221737;0.9202237816067591;-0.1608946660252556;0.9579337162316909;0.03561109572604827;1.0405955033980296;0.9348548619533943
30.852931;1.0272604288837426;0.9553347254013441;0.9306180493914771;0.0148494821005983;0.014501819761050333;9.995425822961277;0.7507123208104548;0.01261141953733737;1.0456013201560723;0.955761738702642;0.16626908679173033;0.9175180101577705;-0.1604786633716739;0.9557334970180968;0.036078218280672515;1.0412639958598657;0.9321272005793155
30.858219;1.0279390182761627;0.9530981799985571;0.9278513548177414;0.015439655276354367;0.015067372636297212;9.995328751188891;0.7507015121789554;0.012611133877064609;1.0456074065940113;0.9535315491841397;0.16596029922615244;0.914785656883609;-0.16005466060808135;0.9534992088620629;0.036543337302082604;1.0419331885715144;0.9293712248502598
30.863507;1.0286172733546335;0.9508317763175963;0.9250586954874825;0.016026647118947;0.015629131088107647;9.995235895603514;0.7506899651132537;0.012610846178790507;1.045612409269476;0.9512724886117575;0.16564264590216504;0.9120277451374065;-0.15962465774183038;0.9512358591746766;0.037005452051736054;1.0426010600283069;0.926588233994873
30.868795;1.0292950329877464;0.9485367113364488;0.9222413358747636;0.01661218745155676;0.016188787358519814;9.99514726379734;0.7506777119826781;0.012610556623051487;1.0456163051346858;0.9489855366344431;0.1653191248511713;0.9092483058318505;-0.15918965477960303;0.9489444558478435;0.037464561499240503;1.0432676022103677;0.9237823028625396
30.874083;1.0299704401388856;0.9462166685911868;0.9194044849727457;0.017194938936260156;0.016745074509413618;9.995062797063715;0.7506647813493282;0.012610265363294395;1.0456190941336285;0.9466736720609372;0.1649887311888472;0.9064503764264216;-0.15874865172562191;0.9466280087339554;0.03792066391049577;1.0439328152431413;0.9209561804595146
30.879371;1.0306442529463973;0.9438744844088934;0.9165501728818596;0.017774312917410016;0.01729741654909485;9.99498229590524;0.7506512033417131;0.012609972546165438;1.0456207900225694;0.9443388730941041;0.1646534588803784;0.9036359949563374;-0.1583046485799446;0.944288531016881;0.03837275652278906;1.044594693068474;0.9181123327957369
30.884659;1.0313155348080256;0.9415106601005546;0.9136796864625389;0.018350219994587167;0.017845751723614828;9.99490548499237;0.750637016554426;0.012609678350137257;1.0456214071627798;0.9419831194137841;0.16431230192196333;0.9008071934479417;-0.1578566453379604;0.941928038654045;0.03882183571013699;1.0452552150270877;0.9152525510300504
30.889947;1.031984110287923;0.9391304013031432;0.91079820909206;0.01892257224990809;0.018390008752669416;9.994832126732437;0.7506222718815528;0.012609383020221441;1.0456209498495637;0.9396093941370993;0.1639672538892402;0.8979679922543189;-0.15740564199389195;0.9395495478669572;0.03926689748863071;1.045911350669462;0.9123809517411705
30.895235;1.0326481064047532;0.9367324092993256;0.9079061062512865;0.019491147590846237;0.01893001863802151;9.994762000136445;0.7506070309818303;0.012609086820230599;1.04561941230306;0.9372186827283002;0.16361830690429474;0.8951203982836107;-0.15695263854491082;0.9371540732467463;0.039707937921938254;1.0465640661838487;0.9094996818594597
30.900523;1.0333088023165105;0.9343205624507632;0.9050059719173318;0.02005539534537082;0.019465239319916037;9.994694819797154;0.7505913639595397;0.012608789936229508;1.0456167892319255;0.9348139692653226;0.16326645152705221;0.8922654090440005;-0.15649763499199595;0.9347446272312098;0.04014495298333808;1.0472133304032465;0.9066097250352042
30.905811;1.0339637703159292;0.931895347264452;0.9021003622693632;0.020616039758034777;0.019996434155595905;9.994630267955296;0.7505753473863154;0.012608492425266392;1.0456130881275756;0.9323962340978555;0.1629106775040018;0.8894070197447106;-0.1560416313387264;0.9323222204335424;0.04057793829742803;1.0478571225377575;0.903715191584326
30.911099;1.0346151993808552;0.929461865735287;0.8991922438280796;0.02117119275261568;0.020521747649097904;9.994568186009483;0.7505590579099979;0.012608194249182208;1.045608332712741;0.929968454797046;0.1625529742577251;0.8865462273367897;-0.15558562758865901;0.9298898630570092;0.041006889434261444;1.0484964403550778;0.9008172404377468
30.916387;1.0352593327228683;0.927018674525005;0.8962834338419439;0.02172289393754702;0.021043244360490865;9.994508760412778;0.7505425655689109;0.012607895331471239;1.045602555548017;0.9275316090760943;0.16219333048406262;0.8836850297375439;-0.15512862374319156;0.9274485667148599;0.04143080245439198;1.0491303037073925;0.8979176719919425
30.921675;1.0358996480403768;0.9245691474189323;0.8933741110275105;0.022268571916741975;0.021558380321919212;9.994452507172593;0.7505259325721044;0.012607595590208716;1.0455957920933372;0.9250886786116216;0.16183273330755296;0.8808254235399944;-0.1546726198010678;0.9250013447143245;0.04185067387737829;1.0497587449673014;0.8950188071483386
30.926963;1.0365323952245005;0.922115112230015;0.8904692385768435;0.022810403452979192;0.02206935280271959;9.994400104628214;0.7505092144305022;0.012607295000351244;1.0455880837576144;0.9226396503780822;0.16147016820652346;0.8779704008831715;-0.15421661575780748;0.922548210256613;0.04226650001142781;1.0503807945304104;0.8921234353187342
30.932251;1.0371597827584802;0.9196574077761978;0.8875676756142543;0.023345828131020194;0.022573655744215857;9.99435221344398;0.750492460716138;0.012606993689319307;1.0455794833745151;0.9201875131101586;0.16110762029540995;0.8751199503619584;-0.1537626116066373;0.9200921752814294;0.04267727665990084;1.0509974753538915;0.889231910408314
30.937539;1.0377790233621575;0.9171973696744197;0.8846730796634742;0.023877222116399085;0.02307366138865061;9.994309383360148;0.7504757176295402;0.012606691963437602;1.0455700567947062;0.9177332538592976;0.16074407609838828;0.8722760636084993;-0.15330960734123986;0.9176342508588029;0.04308299974072618;1.051608803476081;0.8863460428588165
30.942827;1.0383923599852687;0.914739078475488;0.8817874479369446;0.02440218881139734;0.023567023778673958;9.994272106402606;0.7504590306379605;0.012606390239355846;1.045559879414428;0.9152788587629084;0.16038152478532056;0.8694417357113616;-0.15285860295716316;0.915176447215056;0.04348466603385643;1.0522127893563775;0.8834689812288564
30.948115;1.038998335439597;0.9122811605948268;0.8789106892275539;0.02492204458779807;0.024055064450202047;9.994240875821982;0.750442443309274;0.012606088983831238;1.045549027919084;0.9128253155955574;0.16001895894461907;0.8666169588846999;-0.1524105984525086;0.9127197735516671;0.043882273246119444;1.0528104427521774;0.8806009153159039
30.953403;1.0395969955538549;0.9098259116005417;0.8760449680665768;0.025436449698221234;0.02453747373949116;9.994216112483226;0.7504259959307892;0.01260578873326852;1.0455375714873631;0.9103746146493703;0.15965637472809832;0.8638037210485394;-0.151964593828994;0.9102662377051197;0.04427381948370031;1.0534007808266876;0.8777436467614598
30.958691;1.0401887581284417;0.9073749603166621;0.8731914901563907;0.025945496377606493;0.025014349993930072;9.994198092219566;0.7504097265674002;0.012605490146146913;1.0455255705230002;0.9079267469216985;0.15929577061508626;0.8610030082898803;-0.15152158909141347;0.9078158453096368;0.04466130275032384;1.0539848313554303;0.8748983382583392
30.959486;1.0402760482868776;0.9070082071436978;0.8727705692861135;0.026021283486299146;0.025085866813586558;9.994187023631344;0.7503936706610342;0.012605193970826347;1.0455130820069465;0.907563702095175;0.15924214542499057;0.8605938069730676;-0.15145458424505265;0.9074506002012003;0.044719720835784724;1.0540626271281561;0.8744726526864106
30.959486;1.0402735378369508;0.907009898562264;0.872779121503413;0.026021091290710202;0.02508639952308352;9.99418316595636;0.7503778574007257;0.012604900910910464;1.0455001616482942;0.90756946969739;0.15924249749309177;0.8606071058807829;-0.15145457929292566;0.9074545056881405;0.04472007145683259;1.0540511989468995;0.8744738577899045
30.959494;1.040270762183907;0.9070083081061229;0.8727838669059823;0.02602153418748184;0.025087568797354392;9.994186813020995;0.7503623074936902;0.012604611549379039;1.0454868593105497;0.9075720424471817;0.1592418259100622;0.8606168954516484;-0.15145457423511474;0.9074555634973861;0.04472035249559981;1.0540405707414817;0.8744708132317934
30.959501;1.0402677901609967;0.9070070953429473;0.8727883208758725;0.02602181503909968;0.025088604532664517;9.994198225423535;0.7503470373927639;0.012604326408135828;1.0454732135545413;0.9075744179631725;0.15924213208583712;0.860627166170306;-0.15145356907118696;0.9074567715120998;0.04472156227271345;1.05402975951157;0.874467303138235
30.959516;1.0402637665837682;0.9070017828246206;0.8727889495221114;0.026023027470466035;0.025090579154092713;9.994217652064453;0.7503320670803314;0.012604046026154147;1.0454592528068367;0.9075725977781504;0.15924141900179975;0.860633909617108;-0.15145256380303096;0.9074541245711344;0.04472269987087307;1.0540187846079365;0.8744595758974143
30.959545;1.0402617854500749;0.9069916262301765;0.8727825099711367;0.02602545606933301;0.025093690852489317;9.994245349580348;0.7503174253704666;0.012603770972680622;1.0454450014594268;0.9075635859972019;0.15923968859536422;0.8606341199463335;-0.15145055843460148;0.907444617575779;0.04472476551655581;1.05401067486645;0.8744445213923073
30.959604;1.040263109151804;0.9069669188392386;0.872758697373725;0.026031572082341383;0.02510028821096996;9.994281543553447;0.7503031493631431;0.012603501815857747;1.0454304826988132;0.9075413890304138;0.15923594019390963;0.8606187966000373;-0.15144555296945914;0.9074222467410047;0.04472876056021844;1.0540044659801682;0.8744129547799141
30.959721;1.0402699860307136;0.9069164633956629;0.8727049610371211;0.026042339088557295;0.025111244259813405;9.994326426554457;0.7502892779425914;0.01260323910685371;1.04541571759562;0.907492015372225;0.15922817136807735;0.8605719485056126;-0.15143554740867385;0.907373008022;0.04473768698535756;1.0540051977342761;0.8743488059658518
30.959956;1.040289353725284;0.906810677649512;0.8725871054063195;0.02606486376084775;0.02513323293640163;9.994380160161999;0.7502758459192705;0.012602983384413664;1.0454007260311589;0.9073874748806253;0.15921237998796223;0.8604645955794534;-0.15141554174901178;0.9072688955064092;0.04475454709285458;1.0540189105772324;0.8742226843705577
30.960426;1.040335665354924;0.9065969152269749;0.8723424049557836;0.026108436961552874;0.025174846304467657;9.994442827917908;0.7502628828115089;0.012602735136616305;1.045385529739331;0.9071737779455457;0.15918056540896464;0.8602327647468673;-0.1513765359812903;0.9070559018327311;0.04478834336984926;1.0540596363827968;0.8739700269821375
30.961365;1.0404328904617068;0.9061650010653693;0.8718447681582968;0.02619800673202438;0.02525951230967392;9.994514433810531;0.7502504113020019;0.01260249472560208;1.0453701532870563;0.9067429340141808;0.15911672845238234;0.8597524829032686;-0.1512985300907908;0.9066260194218567;0.04485607838339142;1.0541513932105702;0.8734652583207604
30.963244;1.0406343241405873;0.9053004337786116;0.8708431911765895;0.02637565413060768;0.02542640725843374;9.99459497510685;0.7502384433562796;0.012602262325494414;1.0453546229857036;0.9058779493635684;0.15898887123199834;0.8587777717028096;-0.1511425240612108;0.9057622410296664;0.04499175485333517;1.0543481909986498;0.8724593489368739
30.967001;1.0410418079208108;0.9035702223715341;0.8688364067282032;0.02673053416915726;0.025758698673061086;9.994684503467521;0.7502269760975157;0.012602037944325153;1.0453389677701355;0.9041448267631297;0.15873399695670104;0.8568146428042118;-0.15083151787969104;0.9040305602281277;0.04526037538815452;1.054750038033116;0.8704524408084467
30.974516;1.0418512610042998;0.9001151179488199;0.8648374474685301;0.027429988251523763;0.02641193502529214;9.99478311996087;0.7502159898429722;0.012601821548433883;1.0453232231861151;0.9006875680968757;0.1582271100140221;0.8528950944916198;-0.15021551153868323;0.9005749722694562;0.04579094182393132;1.0555569405407421;0.866465209047112
30.982031;1.0426470888088266;0.896678164635287;0.8608733908398986;0.02811842065271586;0.027053909980226897;9.994890917923444;0.7502054539429484;0.012601613143681823;1.0453074330837733;0.8972481758576966;0.15772421630852293;0.849010115887662;-0.14960750503514408;0.8971374746505661;0.046311455040173734;1.056348904342253;0.8625127960242365
30.989547;1.0434292106060867;0.8932639296713271;0.8569484557284824;0.02879479567704532;0.027683680502413474;9.995007920604552;0.7501953392627803;0.01260141278446325;1.0452916473182756;0.89382965175584;0.1572263223632765;0.8451636944784978;-0.14900749837026697;0.893721067809244;0.04682291523447414;1.0571269418920124;0.8585991707340778
30.997062;1.044196977881992;0.88987353463947;0.8530640279184392;0.029458021702840058;0.028300268406665836;9.995134029392785;0.7501856264989968;0.012601220612869357;1.045275923118085;0.8904349957448616;0.15673443377695048;0.8413578191537652;-0.1484164915490157;0.8903287563173976;0.04732432223561315;1.0578900738936485;0.8547265128657693
31.004577;1.0449500952584103;0.8865086018724274;0.8492216879033374;0.03011009883347964;0.028905653499885654;9.995268988608165;0.7501763049990694;0.01260103686652203;1.045260324873779;0.8870672060591055;0.15624755517943345;0.837595479434581;-0.14783448457779874;0.8869635488252174;0.04781567588303974;1.0586383225453337;0.8508978150315709
31.012092;1.0456897696937755;0.8831751439718003;0.8454259946246145;0.030749450236511756;0.029498341173189762;9.995412407815177;0.7501673659317085;0.012600861782035608;1.0452449103470387;0.8837292780757053;0.15576769150432296;0.8338776647717877;-0.14726247746339946;0.8836284560737275;0.048297976220254904;1.0593717012999204;0.8471142647345221
31.019607;1.0464143898332867;0.8798727230584961;0.8416775965665803;0.03137710800627098;0.03007941569654474;9.9955638417437;0.7501587968750768;0.012600695482931846;1.0452297169004652;0.8804212034003994;0.15529484857224132;0.8302063655269037;-0.14670047021481655;0.8803234888759227;0.04877122364631814;1.060090206963237;0.8433778468713728
31.027122;1.047123851289715;0.8766032259511027;0.8379781203007749;0.03199311115833686;0.0306489671502203;9.995722845248308;0.7501505814614037;0.012600537954918568;1.0452147621419967;0.8771479719810235;0.15482903164943795;0.8265855730354594;-0.14614946284347188;0.8770536569807509;0.04923441949419824;1.0607938192044093;0.8396926820034964
31.034637;1.0478196771695902;0.8733709593454003;0.8343301954246348;0.03259588166055637;0.03120549092523791;9.995888954503883;0.7501427029913866;0.012600389075959879;1.0452000472058036;0.8739095748154695;0.1543712430630823;0.823014277560132;-0.14560845536031844;0.8738189680626642;0.04968856636740597;1.0614825043414267;0.8360576203014262
31.042152;1.0485008047871454;0.8701752897617692;0.83073380174827;0.033187297890198274;0.03175086255028233;9.996061689599031;0.7501351473560357;0.01260024863799554;1.045185555992058;0.8707100037725986;0.15392148113910492;0.8194954688177798;-0.14507844777365134;0.8706234272736715;0.050132667601796;1.0621572210176868;0.8324758048402799
31.049667;1.0491674561610476;0.8670200657056968;0.8271921789096537;0.03376656592933709;0.032284362595825726;9.996240604881628;0.7501278987955318;0.01260011641536377;1.045171258448296;0.8675482511657807;0.1534787414616946;0.816030140575065;-0.14455844008894167;0.8674660375900521;0.05056772659087482;1.0628159303159017;0.8289480620939265
31.057182;1.049819858476154;0.8639064376726605;0.8237059991595106;0.034334116052381375;0.03280643878158454;9.996425230960261;0.7501209336442727;0.012599992280749484;1.0451571205192451;0.8644273112926647;0.15304501969897236;0.8126192923074488;-0.14405043231026693;0.864349799151912;0.05099474659859048;1.063459605785353;0.8254757354899226
31.064697;1.0504578972430372;0.8608343139175205;0.8202750287699209;0.03488923438882634;0.03331645537066192;9.996614957186093;0.7501142214041755;0.012599876219763046;1.045143119004328;0.8613491814555175;0.1526203139666677;0.8092639241249087;-0.14355342444227254;0.8612767082832194;0.0514117309037619;1.064089234282891;0.8220596342861579
31.072212;1.0510814560866384;0.8578062043606465;0.8169015141978744;0.03543328028684564;0.033815752885562766;9.996809070065813;0.7501077294014542;0.012599768213286304;1.0451292521595754;0.8583148619224459;0.15220362472549698;0.80596603186569;-0.14306741649034693;0.858247759000689;0.051819683043443615;1.064703810662798;0.8187017145745593
31.087242;1.0522870963493924;0.8518790828456332;0.8103215615111135;0.03648620856230549;0.03477981851575903;9.997006854909927;0.7501014274559885;0.012599668126686265;1.0451155329692472;0.8523783558478016;0.15139595253333318;0.7995146095348107;-0.14213040846020464;0.8523169457469012;0.05261060705667425;1.0659003354928636;0.8121596576483581
31.100769;1.0533246094674844;0.8467044893347476;0.8046009499954324;0.03739517247604604;0.03561046979972306;9.99720757425724;0.7500952944916641;0.012599575662395649;1.0451019745765584;0.8471956682815864;0.15070029636741641;0.7939086545555295;-0.1413244003592424;0.8471402643015288;0.053293507743046045;1.0669288135516146;0.8064726147019342
31.114296;1.0543169935271046;0.841685510958369;0.7990737877380055;0.03826712120388106;0.03640585970292095;9.997410426532271;0.7500893230023626;0.012599490376849938;1.045088586256989;0.8421678042997974;0.15003365406659855;0.7884931650629573;-0.1405553921973058;0.8421187106854079;0.05394939065876196;1.0679112547500578;0.8009792172802546
31.127823;1.0552651862909184;0.8368242089371624;0.7937400537263546;0.03910555527814938;0.03716947728946641;9.997614595986573;0.7500835164445215;0.012599411801825021;1.0450753756440103;0.837298768302964;0.14939602389594012;0.7832681300855254;-0.1398213839847842;0.8372562795232277;0.05457926165729446;1.0688496834614614;0.7956790786445807
31.14135;1.056171708526691;0.8321243570716175;0.7886002328072574;0.039908573783021144;0.03789960962298436;9.997819326864823;0.7500778823759524;0.01259933957964466;1.0450623498050027;0.8325905642595939;0.14878840556747697;0.7782345240969876;-0.13912337573114694;0.8325549631033188;0.05518412642847108;1.0697461449315588;0.7905733057448683
31.154877;1.0570368973006985;0.8275875945069584;0.7836545048496479;0.04067845929548768;0.03859857969370364;9.99802397883841;0.7500724261898152;0.012599273466047717;1.0450495187697637;0.8280451947529295;0.14820879966909886;0.7733913072850057;-0.13845936744498863;0.8280167514852065;0.055763990302456615;1.070601697899188;0.7856604978728859
31.168404;1.0578623867902548;0.8232139302621206;0.7789005983027186;0.04141616250636873;0.03926738605414242;9.998228039084047;0.7500671454102192;0.012599213231008903;1.045036900566035;0.8236636604732461;0.14765720626913936;0.7687364252545773;-0.1378293591324778;0.8236426330916462;0.05632085804981998;1.0714174024660088;0.7809386187619124
31.169103;1.0579048421321475;0.8229993363048212;0.7786661935722473;0.04145382503893116;0.03930192771835032;9.998431094311288;0.7500620239123932;0.01259915854211317;1.0450245254565382;0.8234419614031644;0.14763062490416756;0.7685298123156422;-0.13779835079673655;0.8234285946111648;0.05634773365955817;1.0714473169833585;0.7807004037395308
31.169103;1.0579064075410631;0.823006299911036;0.7786717085130308;0.041453800608494164;0.03930228156911406;9.998632856868213;0.7500570316562963;0.012599108878919121;1.045012436905164;0.8234420973306668;0.14763105587401296;0.7685594004103623;-0.1377983424424254;0.8234366204357589;0.05634662036269002;1.0714365017083873;0.7806996511072075
31.169114;1.057909068640584;0.8230097131780045;0.7786730416646502;0.04145480099998277;0.039303538623283174;9.998833224204905;0.7500521337793753;0.012599063547201592;1.0450006861519148;0.8234380679262119;0.14763050037541017;0.7685851258096366;-0.13779733408023465;0.8234406934066085;0.05634552075040119;1.0714270195868285;0.780694438204459
31.169125;1.057912823181291;0.8230132466406891;0.7786736899104872;0.041455857337428556;0.03930478137258451;9.999032247430476;0.7500472977646364;0.012599021782842886;1.0449893262050673;0.8234348735651504;0.14763095965648723;0.768610934269539;-0.1377973257246962;0.8234457965396343;0.05634543674643994;1.0714179366645058;0.780689033557202
31.169147;1.0579167136583731;0.8230127972661215;0.7786704847533347;0.04145715622915288;0.039306222096593714;9.999230008851633;0.7500424882383493;0.0125989828660283;1.04497841021353;0.8234275158188671;0.1476304345321425;0.7686337862565985;-0.13779631738903142;0.823446913509503;0.05634536958327704;1.071409320845555;0.7806801206600149
31.169192;1.05792290371627;0.8230058006218639;0.7786593906872221;0.04145951795801599;0.03930855693882628;9.999426515646716;0.7500376602044955;0.012598946199103154;1.0449679891454833;0.8234129970344084;0.1476289243921981;0.768648654787629;-0.13779430908404441;0.8234410273565412;0.05634531994135626;1.0714032333121275;0.780662770990809
31.16928;1.0579322695454119;0.8229840431817976;0.7786319504203615;0.04146385598252858;0.03931261713647967;9.999621681780091;0.7500327610218582;0.012598911318414008;1.0449581063976745;0.8233833191533162;0.14762642659659797;0.7686475173940682;-0.13779030082005078;0.8234201193833437;0.05634828829596638;1.0713997218290796;0.7806289277534195
31.169458;1.057946588093837;0.8229337634321375;0.7785737702946585;0.04147402713263843;0.039321985649497716;9.999815353795805;0.7500277383308865;0.012598877852722559;1.0449487958611323;0.8233264823818713;0.14761993781150523;0.7686173505544968;-0.13778229260557803;0.8233721702681805;0.05635427530400768;1.0714028212564664;0.7805654368848551
31.169814;1.057972304979141;0.8228277343257986;0.7784542581550629;0.041493079187986816;0.0393393048377703;10.000007329522838;0.7500225523588926;0.012598845485272354;1.0449400833545446;0.8232124844164146;0.1476064552451926;0.7685271283545949;-0.13776628444272196;0.8232671625278081;0.05636728177574088;1.071416557442679;0.7804410805799991
31.170525;1.0580186046873867;0.8226088416028314;0.7782125163959817;0.04153033926184787;0.03937305898580697;10.00019741663169;0.7500171847326979;0.012598813941236036;1.0449319854869936;0.8229863201710693;0.14757797638496772;0.7683168246654558;-0.13773427632657867;0.8230500811449891;0.05639530826194264;1.071451955757311;0.7801954049605244
31.171948;1.058107427940769;0.8221662331898714;0.7777274061538157;0.04160676630634932;0.03944226404732868;10.00038551961333;0.7500116344238823;0.01259878299348802;1.0449245108329757;0.8225369828241281;0.1475234987721239;0.7678674154962623;-0.13767026825124692;0.8226099119291816;0.05645135499922231;1.071530049382213;0.7797084850263316
31.174794;1.0582786543713532;0.8212795646569341;0.7767610769273243;0.041756059904700715;0.03957730492761589;10.00057165719169;0.7500059070269888;0.01259875247971361;1.044917665878787;0.821643467042236;0.14741301999573161;0.7669468790113456;-0.137543260214558;0.8217256413112068;0.056563422275775745;1.0716918783420584;0.7787465315651152
31.180485;1.0586106306435856;0.8195241914171328;0.7748546103021662;0.04205139613229367;0.03984440708747209;10.000755922819396;0.7500000037591709;0.012598722278478693;1.0449114565015665;0.8198797719806347;0.14719553677071912;0.7650981989003656;-0.1372952522157568;0.8199712580920225;0.05678551058463742;1.0720154831081;0.7768495331033569
31.191868;1.0592510415743916;0.8160930124194399;0.7711385982084877;0.04262616085161028;0.04036383865746431;10.000938458477592;0.7499939116716026;0.012598692200287266;1.0449058856973354;0.8164399013304103;0.14677404391026172;0.7614713703675003;-0.13681524425217553;0.8165407531122674;0.05721962078374574;1.0726499019893208;0.773161321273501
31.203251;1.0598650791950428;0.8127757503439833;0.7675533710280676;0.04317873798761466;0.04086264564416335;10.001119431414685;0.7499876007707801;0.012598661899390696;1.0449009587908045;0.8131148619392614;0.14637253464365896;0.75797339436761;-0.13635723632198493;0.8132251170670325;0.057637754478285265;1.0732591726165963;0.769603818574987
31.214634;1.0604545926879412;0.8095735771611184;0.7640981859186826;0.04371218795981018;0.04134371696672073;10.001298981793516;0.7499810309554964;0.012598630922719291;1.0448966897911884;0.8099036628199783;0.1459890017183408;0.7546032610773207;-0.13592022842832846;0.8100233396747127;0.05804191394308995;1.0738443337312578;0.7661759045152048
31.226016;1.0610189042380844;0.8064834484299306;0.7607701815128487;0.044225568870773176;0.041806250603310884;10.001477164518162;0.7499741636989699;0.012598598830415716;1.0448930947955755;0.8068053137332817;0.14562443811641285;0.7513579438784074;-0.13550522057845724;0.8069344100133868;0.05843110157597498;1.0744064264027708;0.7628748454248281
31.237399;1.0615586115324886;0.8035046131658284;0.7575677614541958;0.04472123981585804;0.04225250889663302;10.001653978202327;0.7499669687928151;0.012598565289545255;1.0448901826060657;0.8038188239796357;0.14527683785079532;0.7482364075925869;-0.13511021278170823;0.803957317666809;0.05880631957711881;1.0749464932044652;0.7596993450124585
31.248782;1.0620755993395299;0.8006360567806987;0.7544881932515058;0.04519710720428118;0.04268049549772876;10.001829444416714;0.7499594239801382;0.012598530114671809;1.044887950931107;0.800943203296136;0.1449471966003697;0.7452356161414229;-0.13473520505056052;0.8010910539931382;0.059168569803334826;1.075464574701866;0.7566464925199551
31.260165;1.0625708333505062;0.7978755595965437;0.7515283048421938;0.04565477664531596;0.04309173751393539;10.002003593773656;0.7499515105727802;0.012598493264338031;1.0448863781696887;0.7981754638836188;0.14463451033067717;0.7423535338631537;-0.13437919740157678;0.7983326116965147;0.05951785345515027;1.075962705167215;0.7537141811920886
31.271547;1.0630434178436037;0.7952222907766471;0.7486875742321847;0.046095941788872;0.043487915404073256;10.002176419699595;0.7499432071645912;0.012598454830481927;1.0448854169156638;0.7955136198270275;0.14433777293108804;0.7395861239496064;-0.13404218985365543;0.7956799846066024;0.05985417094431862;1.0764399058981122;0.7508985153944993
31.28293;1.063495963554966;0.7926722913518864;0.7459600655242781;0.04652026058503398;0.04386864468101508;10.002347895722954;0.7499344892241916;0.012598415023612045;1.0448849995051444;0.7929576833189969;0.14405797565930062;0.7369323468459535;-0.13372218242597436;0.7931331695896785;0.06017852214352669;1.0768991762709061;0.748198195596567
31.294313;1.0639279427374722;0.7902262958739801;0.7433465074152695;0.046929640287313536;0.04423578464977585;10.002518005529968;0.749925335576123;0.012598374100652709;1.0448850466013748;0.7905036626713899;0.14379310798904246;0.7343891594804511;-0.13342117513751528;0.790688167939977;0.06049190644117295;1.077339491158824;0.7456106698606996
31.305696;1.0643394903579766;0.7878785266997764;0.740841050106517;0.047322841961159226;0.04458820197301683;10.002686712178365;0.7499157353662605;0.012598332221540621;1.0448854739502071;0.7881505644937497;0.14354315819667243;0.7319535166181409;-0.13313616800644928;0.7883439846046425;0.06079332245695176;1.0777628085099347;0.7431324950360967
31.317078;1.0647332812337253;0.7856303989089409;0.7384428758526798;0.047700410309856174;0.04492633342913152;10.002853855778365;0.7499056920031455;0.012598289368054226;1.044886202464392;0.7858953957363222;0.1433081135684446;0.7296223758942011;-0.13286716104765942;0.7860976261287811;0.061084768020165;1.0781680822758646;0.7407607611623932
31.328461;1.065108532922426;0.7834767870163489;0.7361474506638069;0.0480641339097643;0.045251926324111895;10.00301911559161;0.7498952186454784;0.012598245452846662;1.044887169429648;0.7837361627573473;0.14308696067994095;0.7273927044886593;-0.13261415427026577;0.7839470983155659;0.06136524056640562;1.0785572734781483;0.7384925442021821
31.339844;1.0654660394183504;0.7814159800948706;0.7339523686443321;0.04841339761600489;0.04556439750184595;10.003182142305691;0.7498843280821508;0.012598200481047874;1.0448883313881228;0.7816708709982033;0.14287968599844147;0.7252614820180027;-0.13237614767817457;0.7818904056829161;0.06163573779099168;1.0789313479008258;0.7363247277212116
31.351227;1.0658072497057482;0.7794481717270039;0.7318565831949996;0.04874942164743358;0.045864859014528435;10.003342738195926;0.7498730265900614;0.01259815455687568;1.0448896577991633;0.7796965271035572;0.1426852766944258;0.7232266989995735;-0.13215314127323585;0.7799245519362192;0.06189625838042551;1.0792892615697036;0.7342553582381168
31.362609;1.066131721633521;0.7775667505929761;0.729853984823959;0.04907323951022182;0.046154325421346794;10.003500899180242;0.7498613125532608;0.01259810777806214;1.0448911264042153;0.7778101391166218;0.14250272151572307;0.7212843546102178;-0.13194413505731908;0.7780465388396558;0.06214880218547707;1.0796339555531298;0.7322803419429682
31.373992;1.0664406302472578;0.7757710643558083;0.7279429811376728;0.049384148049103925;0.046432108178444786;10.003656684659104;0.7498491786809067;0.012598060183196669;1.0448927247960973;0.7760097138655041;0.14233301150759947;0.7194324532077571;-0.13174812903167507;0.7762543657214045;0.06239136972800943;1.079963366893882;0.7303975565001286
31.385375;1.0667357709608003;0.7740604993244142;0.7261216207268686;0.049683933999757256;0.046699828060004035;10.003810043739831;0.7498366167964163;0.012598011785783233;1.0448944488234841;0.7742932556807955;0.14217513990392341;0.7176680004416521;-0.1315651231957689;0.774546031110846;0.06262496178322176;1.080279434370829;0.7286040707898834
31.396757;1.0670154739174516;0.7724292521347788;0.7243854662292859;0.049971563406498;0.04695660537107898;10.003960755847926;0.7498236221260564;0.012597962615734454;1.044896295416921;0.7726577669722121;0.14202810183870113;0.7159880030786158;-0.13139511754627042;0.7729185336586459;0.06285157922876024;1.0805830914031382;0.7268969387532844
31.40814;1.0672812304190598;0.7708768711423019;0.7227329619794538;0.050247197715768216;0.047202542977368395;10.004108532449221;0.7498101987644035;0.012597912716151497;1.044898263514765;0.7711012492884908;0.14189289547202444;0.7143894705009788;-0.1312361120756096;0.7713698715434054;0.06306922288321128;1.080874262789855;0.7252728389939394
31.419523;1.067533890803696;0.7693993817308373;0.7211597047389915;0.05051432868385488;0.047440894431511074;10.004253128471735;0.7497963657931835;0.012597862110655791;1.0449003631499567;0.769619705278095;0.14176752316323102;0.712869413255729;-0.1310901067711481;0.7698960423231639;0.06327989352201946;1.081153868689662;0.7237291743174235
31.430906;1.0677737277638046;0.7679961057512699;0.7196647976623911;0.05077064201922555;0.047669489313571366;10.004394321642273;0.7497821581152925;0.01259781079384675;1.0449026169455915;0.7682121404319733;0.14165199068134476;0.7114248397386901;-0.13095410161561974;0.7684960439988316;0.06348359207016895;1.081420826645248;0.7222624548822353
31.442288;1.0680013389995897;0.7666635482934896;0.7182445014287279;0.05101697625593553;0.0478891020677252;10.00453186589872;0.7497676213531734;0.012597758744047255;1.0449050540357583;0.7668755634625868;0.14154530577201666;0.7100537556732159;-0.13082809658994296;0.7671668760933562;0.06367931949250881;1.0816780509632795;0.720870723628965
31.453671;1.0682173395257608;0.7653992359860174;0.7168960427225896;0.05125452823337884;0.0481008420598699;10.004665506489399;0.7497528044436133;0.012597705906477753;1.0449077038297583;0.7656079874089085;0.14144847761071888;0.708753168163136;-0.13071309167863177;0.7659065399507815;0.0638700765539901;1.0819234547245695;0.7195512158270629
31.465054;1.068422057692869;0.7642001509528651;0.7156163398599258;0.0514814770669784;0.04830300242916251;10.004794997670242;0.7497377518179278;0.012597652188969246;1.0449105877154958;0.7644054314362777;0.14136151725876978;0.7075210894606148;-0.1306080868738709;0.7647110387087348;0.06405286391976935;1.0821589571722796;0.7183017824471445
31.476437;1.0686157642957128;0.7630651837920804;0.714404137130551;0.051702303861542495;0.04849978750199825;10.004920142960982;0.7497224974518247;0.012597597510361318;1.0449137107145603;0.7632669195418625;0.1412814381211465;0.7063535336105368;-0.1305110821741239;0.7635793766303081;0.06423068232975693;1.0823844895862331;0.7171181303699516
31.487819;1.068799742658846;0.7619913156964474;0.7132557066775482;0.05191374342205444;0.04868809301489988;10.005040837647226;0.7497070670877981;0.012597541834987843;1.0449170588251866;0.7621904771745003;0.14121025492488418;0.7052485085190201;-0.13042407757859306;0.7625095580727871;0.06440153255027149;1.0825999937191633;0.71599866582188
31.499202;1.0689736660788125;0.7609764038900729;0.7121692212307391;0.05211759877127304;0.04886963774081219;10.005157031256848;0.7496914891427996;0.01259748517216155;1.044920599017107;0.7611721301545471;0.1411469822512623;0.7042040139126344;-0.1303450730834777;0.7614975883981201;0.06456841516266262;1.0828074192851125;0.7149410624012714
31.510585;1.0691381659635806;0.7600179881324116;0.7111419144828033;0.05231521484853633;0.049045665513633374;10.005268689022756;0.7496758017866272;0.01259742756730034;1.044924281437593;0.7602109051976149;0.14109163425173962;0.7032180480461326;-0.1302740686830223;0.7605424749565011;0.0647283303263939;1.0830047275567178;0.7139433484184912
31.521968;1.06929387698605;0.759113536683345;0.7101709523344405;0.05250458611703277;0.04921427995983278;10.005375800044721;0.7496600505742876;0.012597369086373935;1.0449280465304347;0.7593038290959854;0.14104322491442656;0.7022866147518974;-0.13021106437318014;0.7596412239055396;0.06488427799125232;1.083194899675506;0.7130015820678586
31.53335;1.0694414423877405;0.7582619228939274;0.709254818656321;0.05268639906748558;0.04937610600706242;10.005478327949715;0.7496442813338421;0.01259730977406586;1.0449318329190982;0.7584489260753688;0.14100176829175745;0.7014077203687519;-0.13015606015439646;0.7587918368269689;0.0650352585211198;1.0833759404678474;0.712113791601169
31.544733;1.0695805669510692;0.7574596792917285;0.7083904449526842;0.05286324691436754;0.049533596818740484;10.005576108822938;0.7496285317271163;0.01259724958083128;1.044935583669744;0.7576442150527092;0.14096627913131085;0.7005803631970178;-0.13010705603038988;0.7579923120535822;0.06518127276869362;1.0835498699296071;0.711278627377387
31.556116;1.0697119263833417;0.7567056101613683;0.7075762584344127;0.053032476344313295;0.04968424728955453;10.005668836935575;0.7496128281677645;0.012597188321633474;1.0449392440628342;0.7568887087009321;0.14093777375036387;0.6998015301898672;-0.1300650520039313;0.7572416473323135;0.06532332157390434;1.0837167094138238;0.7104933232683802
31.567499;1.069835541815357;0.7559974353839984;0.7068101122982219;0.05319771988026591;0.04983146791065898;10.00575617675354;0.749597190484686;0.012597125717348641;1.0449427496077792;0.7561784140152966;0.14091527049236982;0.6990692030203167;-0.1300300480739317;0.7565358406775229;0.06546140562016624;1.0838764758104875;0.709755913418227
31.578881;1.0699530567709943;0.7553336256425928;0.7060894937282256;0.05335587881728186;0.04997229086807875;10.005837894232982;0.7495816369368467;0.012597061500138925;1.0449460205449426;0.7555113329026002;0.14089778923847673;0.6983803660821296;-0.13000104423572853;0.7558728904011904;0.06559452549181828;1.0840301839887754;0.7090632658605801
31.590264;1.070063923081511;0.7547105581990278;0.7054113944138226;0.05350892112929188;0.05010859362131106;10.005913915393185;0.7495661850679677;0.012596995496555033;1.0449489685975595;0.7548874620968477;0.14088634956241677;0.6977340109122885;-0.12997704048297717;0.7552527955499764;0.06572468134159706;1.0841778466697023;0.7084142129323776
31.601647;1.0701681951357698;0.7541279210886178;0.7047755193086187;0.053657772096376996;0.050241249044311286;10.005984277941812;0.749550852204996;0.012596927599696831;1.044951508020586;0.7543037930157374;0.14087996872453448;0.6971281304064152;-0.12995903680817547;0.7546725574497157;0.06585087257805552;1.0843184682026576;0.7078069662766872
31.61303;1.0702665952271728;0.7535842065121426;0.7041800233377463;0.05380086817058675;0.05036876865499744;10.006049017368811;0.749535659059917;0.012596857657982522;1.0449535625557473;0.7537573128608737;0.1408796616468814;0.6965607081997763;-0.12994703320234127;0.7541291805871365;0.06597409811871703;1.0844540405453484;0.7072395506592335
31.624412;1.0703591763314457;0.753075413906228;0.7036211737411238;0.05394025705004154;0.05049307301063378;10.006108141838478;0.7495206344626721;0.012596785396337209;1.0449550655851845;0.7532480062322628;0.1408834423468746;0.6960297171391512;-0.12993902965714568;0.7536226704237823;0.06609335710083557;1.084584544318582;0.7067096246474733
31.635795;1.0704473068139406;0.7526026032718118;0.7030991033729725;0.05407417703099732;0.050612454353038294;10.006161724735323;0.7495058183022738;0.012596710473073326;1.0449559620768765;0.7527738559361563;0.14089132445770303;0.6955331278692164;-0.12993602616793662;0.7531510311124442;0.06621064927319197;1.0847099496828554;0.7062154025052647
31.647178;1.0705313104693535;0.7521632518666242;0.7026112759868199;0.054204674605411694;0.05072881565546423;10.006209887890686;0.7494912610783608;0.012596632601711217;1.0449562151906566;0.7523328443998251;0.14090432069673803;0.6950699159724611;-0.12993802273348462;0.7527122663428537;0.06632397464884324;1.0848302184415186;0.7057558983851209
31.658561;1.0706093690619838;0.7517535123128596;0.7021553131799072;0.05433120886868532;0.05084173978065402;10.006252613865307;0.7494770209002363;0.012596551576905531;1.044955808538925;0.7519219561092266;0.14092044287996772;0.694637060937219;-0.1299440193534679;0.7523033804742876;0.06643533325404301;1.084945309668202;0.70532797251342
31.669943;1.0706836882402788;0.7513748961210263;0.7017311904139424;0.05445410508604148;0.05095142849661836;10.006289671332999;0.7494631574783004;0.012596467246816581;1.0449547435545914;0.7515421796034315;0.140941702444779;0.6942345437296378;-0.12995401602727108;0.7519253778323969;0.0665437254300769;1.0850561834071306;0.704931615645791
31.681326;1.070753967685201;0.7510238439385458;0.7013357863347924;0.05457271765829749;0.05105729433229226;10.006320749994348;0.7494497218299359;0.012596379502081553;1.0449530382132488;0.7511905086383136;0.14096611018844282;0.693859348134595;-0.129967012753224;0.7515752619674866;0.06664915195557106;1.085162799792561;0.7045636879617739
31.692709;1.0708211521260607;0.7507003973229733;0.7009685287517586;0.054688895903566494;0.05116102401160838;10.006345538396957;0.7494367497289111;0.01259628822757966;1.0449507238356055;0.7508659413209595;0.14099467508728342;0.6935104593311414;-0.12998500952556147;0.7512520351540484;0.06675261357813855;1.0852661170056734;0.7042235731431659
31.704092;1.0708836943503923;0.7504022050546081;0.7006282490386626;0.05480209734179936;0.05126218707192379;10.006363650330512;0.7494242650490244;0.012596193231908663;1.044947837885004;0.7505664768588364;0.14102640367305047;0.6931868581339965;-0.13000600633130663;0.7509536977948932;0.06685411033807775;1.0853640911118012;0.7039099175419636
31.715474;1.0709425594415862;0.7501268689953927;0.7003120976031654;0.05491119793584111;0.05135969105139558;10.006374592436908;0.7494122839623357;0.012596094194868068;1.044944419168296;0.7502911131511466;0.1410613008204214;0.6928875220077572;-0.13003000315098456;0.7506792494046741;0.06695264126250011;1.0854596791171887;0.703621728287952
31.726857;1.070999688616573;0.749876145798126;0.7000204825531009;0.05501821626957653;0.05145533674890821;10.006377838365855;0.7494008154767046;0.012595990649736362;1.0449405078769007;0.7500378472608811;0.14109937036463766;0.6926094342564397;-0.13005699996273648;0.7504266902786171;0.06705020468740622;1.0855508421519091;0.7033560293075578
31.73824;1.0710529224368246;0.7496451157817694;0.6997502658161423;0.05512284004070421;0.051548944186430135;10.00637292219979;0.7493898663323293;0.012595882034754905;1.0449361472203256;0.7498066769954328;0.14114061494339653;0.692353589554125;-0.1300869967460652;0.7501960208017824;0.06714579862973774;1.0856385449693697;0.7031137576905708
31.761005;1.0711646275695015;0.7492421471565408;0.6992815161275499;0.055323214936363024;0.05172925849980844;10.006359477563967;0.7493794506460127;0.01259576778421798;1.044931384372453;0.7494036010733953;0.1412300366573099;0.6918929943469305;-0.13015399348334367;0.7497932392450872;0.06733042062697235;1.0857937564450388;0.7026780890020965
31.781494;1.071254997914821;0.7489421654121768;0.698923592329434;0.0554967605705681;0.05188552985620685;10.00633718675054;0.7493695957637658;0.012595647384534649;1.044926274795171;0.7491016173610912;0.14131963826892288;0.6915406662995138;-0.13022299016066946;0.7494913411252068;0.06749106751538038;1.085926453045608;0.702350087057246
31.801983;1.071337719730713;0.7486921718399513;0.6986179852989568;0.0556626203311388;0.05203500694265442;10.006305713433642;0.7493603399069674;0.012595520370594963;1.0449208895323723;0.7488527214781708;0.14141542325060938;0.6912416315104611;-0.1302989867688638;0.7492423204709725;0.06764773558355702;1.0860506188612502;0.7020765673911297
31.822472;1.0714147692023877;0.748491178621649;0.6983624642485489;0.05582302854203374;0.05217968994190013;10.006264692033945;0.7493517242694934;0.012595386333291343;1.0449153135544629;0.7486499073152952;0.14151739464052412;0.6909879209224457;-0.13038098330509607;0.7490391716197529;0.06780042087835467;1.0861672419881245;0.7018494142812446
31.842961;1.071485817457317;0.7483299075819038;0.698148544154957;0.0559778399383343;0.05231946362108624;10.006213772305573;0.7493437867382664;0.012595244992181965;1.0449096352067393;0.7484891683753927;0.1416245541361908;0.6907765674767623;-0.1304679797754588;0.7488778911987474;0.06794811967953512;1.0862773133924126;0.7016654243065953
31.86345;1.071551196359511;0.7482067783841054;0.6979744971297466;0.05612825967659962;0.05245544016944924;10.006152706198721;0.7493365606266708;0.012595096225787203;1.0449039407043836;0.7483654989912852;0.14173590189033464;0.6906016033219534;-0.130560976195116;0.7487534788042557;0.06809382913506026;1.0863828315935191;0.7015188259830784
31.883939;1.071613154366914;0.7481148154206453;0.6978323026956573;0.05627537966513792;0.0525885302341993;10.006081396317809;0.7493300762945441;0.012594940015615097;1.0448983182157432;0.7482748946557652;0.14185243624797697;0.6904580568380358;-0.1306569725833848;0.7486619346160953;0.06823554734947584;1.0864818085542125;0.7014040951922197
31.904428;1.0716698250849253;0.7480518548603425;0.6977211238474597;0.05641697226778997;0.05271674415813291;10.005999870173676;0.7493243649165371;0.012594776436987793;1.0448928635845034;0.7482113518732718;0.14197215398781893;0.6903439512487548;-0.13075596895749;0.7485972566293697;0.06837527255313762;1.0865772665510405;0.7013192179727941
31.924917;1.0717240438508668;0.7480143025638881;0.6976357157111555;0.05655644516179036;0.05284312648775827;10.005908261936849;0.7493194606195156;0.01259460573043122;1.044887675808755;0.7481738687111394;0.14209405157886001;0.6902543080137071;-0.13085896533013786;0.7485584405962634;0.06851200229812167;1.0866672238200779;0.7012594172125042
31.945406;1.0717745342222482;0.7479979434401812;0.697572937780465;0.05669335032486914;0.05296732162737777;10.005806799671209;0.7493153952350815;0.0125944283662485;1.0448828422357268;0.7481574454307776;0.14222012601318532;0.6901851508908172;-0.13096496170992286;0.7485404819149295;0.06864673348818462;1.0867546809842437;0.701220520974363
31.965895;1.0718223118640802;0.7479996907944169;0.6975291985055317;0.056827465500597536;0.0530890717394612;10.005695730808846;0.7493121916222922;0.012594245036370003;1.0448784284818382;0.7481600847440283;0.14234737409633116;0.6901345059217482;-0.13107195810149586;0.7485413772052679;0.06877946273435061;1.0868386183583332;0.7012001370060489
31.986384;1.0718680038146902;0.748017727177545;0.6975023337981061;0.056958353033695265;0.05320793529030098;10.005575255741173;0.7493098646972617;0.012594056576407161;1.0448744788272848;0.7481777910047944;0.1424767912133884;0.6901003990579675;-0.13118195450650952;0.7485571236406168;0.06891118659254188;1.0869189999995161;0.7011966304060968
32.006872;1.0719108829337634;0.7480488617728717;0.6974897765470981;0.057088272869207125;0.05332605589217809;10.005445540026132;0.7493084264969105;0.0125938638694464;1.0448710200064786;0.7482095679461892;0.14260737149979832;0.6900788525475204;-0.1312919509261563;0.7485867168421778;0.0690409020038559;1.0869977787207294;0.7012054749507368
32.027361;1.071952874118468;0.748091008605673;0.6974882663770432;0.05721583107250922;0.05344203152608654;10.005306723166097;0.7493078899346495;0.012593667774901528;1.0448680630927714;0.748251417306981;0.14274010903556397;0.6900678810604804;-0.13140394736375918;0.7486261502328916;0.06916860681891623;1.0870738976423338;0.701225048317152
32.04785;1.0719929447055958;0.7481431848431269;0.6974975145231278;0.05734220196633363;0.053557006259953556;10.005158907443516;0.7493082725837433;0.012593469142257013;1.0448656020477742;0.7483033394916598;0.14287299761338432;0.6900654886247508;-0.13151694382567905;0.7486754161379587;0.0692962997936886;1.0871472856918114;0.7012531706293479
32.068339;1.0720307392440493;0.7482015530543923;0.6975141382116378;0.05746781639273596;0.05367139672446793;10.005002199476635;0.7493095979104628;0.012593268856533595;1.0448636134035276;0.7483623347075238;0.1430070291351599;0.6900716683455184;-0.131629940319299;0.7487315067959778;0.06942198010138113;1.0872188574041968;0.7012896356209462
32.088828;1.0720681191936536;0.7482664641826984;0.6975372357487388;0.05759205946156052;0.05378453206844745;10.00483677735821;0.7493118917633143;0.012593067793243892;1.0448620611409343;0.748427403564077;0.1431411927658057;0.6900824074870808;-0.13174393685125094;0.748793414836343;0.06954764686028676;1.087288523056548;0.7013306960790273
32.109317;1.0721035032872908;0.7483355995677224;0.6975656767057237;0.057714427620888534;0.05389601789845436;10.004662917731967;0.7493151801548236;0.0125928667835454;1.0448609008874288;0.7484975470184992;0.1432754748928481;0.6900976957812494;-0.1318579334294815;0.7488601335179189;0.06967129895511076;1.0873552004179492;0.7013761699020608
32.129806;1.0721380994424157;0.748408460102918;0.6975982241740298;0.05783616731565063;0.05400695445468502;10.004480993752784;0.7493194894754068;0.012592666684751468;1.0448600776785568;0.7485697660450811;0.14341085985682586;0.6901155299627229;-0.13197193006552005;0.748928657148928;0.06979493521346924;1.087421824397897;0.701424108969666
32.170784;1.072219318377893;0.7485581635432287;0.6976722325848604;0.0580777333975062;0.05422740886810544;10.004291485127654;0.7493248433694895;0.01259246841412607;1.044859521125446;0.7487190616592436;0.1436763323481915;0.6901619089312439;-0.13219892677432882;0.7490739819014215;0.07003955475630357;1.0875523541170862;0.7015213681563226
32.211762;1.0722974699012515;0.7487083340309342;0.6977488370070262;0.058316670296179915;0.05444552795272478;10.004094988559697;0.7493312555382117;0.012592272896384846;1.0448591447412314;0.7488704341475512;0.14394087960225577;0.6902098259720815;-0.13242392357399632;0.7492211054962776;0.07028215728004271;1.0876797730867251;0.7016198144121054
32.25274;1.0723754794231406;0.7488572477828287;0.697824551974355;0.05855245882307288;0.054660677159928096;10.003892193797778;0.7493387215868714;0.01259208105952227;1.0448588542173554;0.7490188803752595;0.14420249105195507;0.6902562685154551;-0.13264692048518884;0.7493650255901374;0.07052174322164424;1.0878050848032232;0.7017165024241208
32.293718;1.0724526544303263;0.7490000502904505;0.6978953267745276;0.058789099661089604;0.05487662329603328;10.003683836379482;0.7493472137856391;0.01259189390123856;1.0448585633939524;0.74916139142536;0.14446215684304706;0.6902962227844908;-0.13286791753031554;0.7495027392681292;0.07076031383918671;1.0879293080845454;0.7018065215091324
32.334695;1.0725287653707396;0.7491327238230113;0.6979575788053582;0.059022456479537175;0.055089513531657704;10.00347066070336;0.7493566844659594;0.01259171250639839;1.044858208531374;0.7492949527470025;0.14471786756818186;0.6903276767043379;-0.13308391473323902;0.7496312440452526;0.07099687103539751;1.0880524692504854;0.7018873443466757
32.375673;1.072605044835764;0.7492554845443578;0.6980107196560161;0.05925511326270881;0.05530169342775679;10.003253386748764;0.7493670782706502;0.012591537955150231;1.0448577518915525;0.7494175461434299;0.14496961448182882;0.690348621336841;-0.1332979121171668;0.7497485388445693;0.07123241683844783;1.088173592276773;0.7019575869163429
32.416651;1.0726812106711014;0.7493668483045808;0.6980535748627706;0.05948709911986713;0.05551320236478782;10.003032677146303;0.7493783433611241;0.012591371217776452;1.0448571742370596;0.7495281517426012;0.1452173885823625;0.6903590528554692;-0.13350790970100596;0.7498536247344373;0.07146595305735587;1.0882946998108873;0.7020168785440224
32.498607;1.072851248969755;0.7495537968845818;0.6981060120638134;0.059944940419907215;0.055930507501417356;10.002809163028822;0.7493904329321456;0.012591213177154427;1.0448564660790167;0.7497157480631389;0.14569917954426892;0.6903559731407697;-0.13391590749837065;0.7500355052958252;0.07192748137129483;1.0885438274683952;0.7021008020147024
32.580563;1.0730215581984694;0.7496985629442519;0.6981192619051677;0.06039833305377772;0.05634348379155464;10.002583543942668;0.7494032970077533;0.012591064721326543;1.044855622359619;0.749859311433384;0.14616497588146232;0.6903133827564168;-0.1343099055190544;0.7501731858574304;0.07238200322163028;1.0887910308821267;0.7021435639632503
32.662518;1.0731914785897765;0.7498049248456842;0.6980973259108744;0.06084494771690882;0.05674999140715024;10.002356680610285;0.7494168739166647;0.012590926728455978;1.044854634604933;0.749964818563243;0.14661576591839193;0.6902372699236794;-0.13468890377036763;0.7502726729676646;0.07282951937605855;1.0890363778794785;0.7021508562511954
32.744474;1.0733609334578704;0.7498800359942928;0.6980469669503689;0.061284760238460585;0.057150012112969634;10.002129591248917;0.7494310932025802;0.012590799964848163;1.0448534848860254;0.7500402513044488;0.1470525386071148;0.6901326101378892;-0.1350559022576673;0.7503419754881233;0.07326902993833519;1.089278944601273;0.7021281573284119
32.82643;1.0735282374064443;0.7499301341868468;0.6979751433434048;0.06171770090520497;0.05754357306250649;10.00190334044317;0.7494458836095784;0.01259068504699159;1.0448521500201846;0.7500895986515218;0.14747628370411353;0.6900063741076038;-0.13541090098330724;0.7503851057504812;0.07369953494509889;1.0895178213480212;0.7020823257357972
32.908386;1.0736937143296326;0.7499640912148547;0.6978899568576004;0.06214150470334999;0.0579285497769528;10.001678902392788;0.7494611735182918;0.012590582497381828;1.0448506065500642;0.750120854597986;0.14788799180883522;0.6898655288431463;-0.1357558999447817;0.7504100796847605;0.07412103489531736;1.0897531144761383;0.7020205972527075
32.990341;1.0738551049618963;0.7499831116036251;0.6977940377034971;0.06255552728581978;0.05830446955529755;10.001457067863521;0.7494768887262021;0.012590492852141554;1.0448488294123468;0.750139014616312;0.14828765456394102;0.6897150348853882;-0.13608989913524064;0.7504219159390388;0.0745345307792541;1.0899819372669517;0.701947670155434
33.072297;1.0740126375412187;0.749992830069276;0.6976925189919668;0.06296215628282381;0.05867355283243944;10.001238420003837;0.7494929535997356;0.012590416736323258;1.0448467978257605;0.7501490738660771;0.1486772638417062;0.6895578497851209;-0.13641489854687888;0.7504256342239018;0.07493802354786284;1.0902073973125892;0.7018668748320115
33.154253;1.0741670057400936;0.749997775233518;0.697589198434098;0.06335840417962306;0.05903298511827643;10.001023416161882;0.7495092933373333;0.012590354782736766;1.0448445093281498;0.7501520279579533;0.14905681049382363;0.6893989339436954;-0.13673089817279951;0.7504222543418241;0.07533151345309866;1.0904265956440915;0.7017831296269113
33.236209;1.074317209628541;0.7499993567543786;0.6974860755046255;0.0637462074653581;0.05938463457805184;10.000812556826274;0.7495258349740439;0.012590307461035602;1.0448419817386856;0.7501518743423711;0.14942628548048398;0.689239254012018;-0.13703889800495747;0.7504157956982754;0.07571699996896053;1.0906396359683257;0.7016976309400923
33.318164;1.0744620667653098;0.7499990882728078;0.697385373662349;0.06412461022518295;0.059727686739262494;10.00060651508457;0.7495425045681295;0.012590275009192367;1.0448392416096592;0.7501506124850063;0.149786682570993;0.6890807865772056;-0.13733889803145366;0.750408275582572;0.07609248207951283;1.0908486279289107;0.7016123636494312
33.40012;1.0746038579221162;0.7499974438682127;0.697286098065732;0.06449368512948486;0.060062094525520464;10.000406131728008;0.7495592243531463;0.01259025752307266;1.0448363152920188;0.750147243430517;0.15013899919487786;0.6889235217347385;-0.1376318982359051;0.7503987077918945;0.07645995839130981;1.0910516843917473;0.7015275440259228
33.564032;1.074896234794309;0.7499938324037744;0.6970878366454502;0.06520632001314247;0.0607077842984277;10.000212303818607;0.7495759169424898;0.012590255122914267;1.0448332269436833;0.75014276979922;0.15081623530068436;0.6886374632779962;-0.1381968985987752;0.75038810339572;0.07716742740711198;1.0914569213714596;0.7013706796949811
33.727943;1.075173852801087;0.7499923429463186;0.696902020439482;0.06588433546824006;0.06132170389903728;10.000025856212;0.749592513964084;0.012590268029599144;1.0448299993109522;0.7501391960056422;0.15146139174996745;0.6883636252448915;-0.13873489909991404;0.7503784717500861;0.07784088799237453;1.0918424590656117;0.7012214750391842
33.891855;1.0754358224877232;0.7499906267045642;0.696727041972107;0.06652954902953247;0.061905653740276546;9.999847493258091;0.7496089612609209;0.012590296461194297;1.044826651236587;0.7501365285330713;0.1520754692727591;0.6881040256136046;-0.13924689972048443;0.7503698215520386;0.078482339428472;1.0922084206799063;0.7010820179573526
34.055766;1.0756850687482093;0.74999185508864;0.6965639425574773;0.06714517521224457;0.06246250967876468;9.99967781292883;0.7496252187313053;0.01259034048801773;1.044823193656898;0.750135776848223;0.1526614687629407;0.6878556839405136;-0.1397359004438277;0.7503631628689968;0.0790927809798417;1.092556929356057;0.7009499039077817
34.219678;1.0759213412654574;0.7499938239294146;0.6964108166436292;0.06772984918507058;0.0629910626628778;9.999517286519;0.7496412586185356;0.0125903999919912;1.044819639334143;0.7501359538364872;0.1532203917216965;0.6876196299179242;-0.14020090125714546;0.750357507557669;0.07967521164278901;1.092888099641277;0.7008258622467481
34.383589;1.076144958431981;0.7499957417405684;0.6962666971575616;0.06828729135141232;0.06349479774029404;9.99936620870344;0.7496570622606376;0.012590474678076112;1.0448160186777065;0.7501370732040382;0.15375224000639495;0.6873939133138243;-0.1406429021525605;0.7503528671874906;0.08022963039078106;1.093204026334105;0.700708085912676
34.547501;1.0763566139986158;0.7499965044678693;0.6961300776444209;0.06881837469637637;0.06397452508260845;9.999224663538046;0.7496726134673104;0.012590564066973068;1.0448123785231154;0.7501371460714158;0.15425901647154153;0.6871766015525692;-0.14106490312544284;0.7503472517304808;0.08075703622029337;1.0935047816902377;0.7005951797641566
34.711412;1.076557293371133;0.7499985515959161;0.6960025561216695;0.06932456804510742;0.06443158806374323;9.999092530398483;0.7496878931819563;0.012590667513199065;1.0448087706409694;0.750137181130124;0.15474172620645282;0.6869697667697985;-0.1414669041723373;0.7503416705937307;0.0812594280190163;1.0937914179891466;0.7004890732484561
34.875324;1.07674799067072;0.750000203026312;0.6958818990084734;0.06980610118829796;0.06486617424390276;9.998969531527889;0.7497028784924722;0.012590784264444963;1.044805241783801;0.750138186931946;0.15520137590619482;0.6867704761182264;-0.1418489052896156;0.7503371338301098;0.08173880490799781;1.094064966037484;0.7003868034827037
35.039235;1.07692875757353;0.7500021792590632;0.6957687225835443;0.07026428146228107;0.06527952677305641;9.998855297000343;0.7497175459790791;0.012590913480457249;1.044801827952436;0.7501381731394757;0.1556399712430853;0.686578791575267;-0.14221290647183812;0.7503316520397725;0.0821951664447342;1.0943264343658032;0.7002887594760511
35.203147;1.0771006108502308;0.7500035124470379;0.695661458954883;0.07070068962142653;0.06567308153787949;9.998749448232903;0.7497318800892924;0.012591054194024575;1.0447985581017367;0.7501381496883072;0.15605751473792365;0.6863957712346562;-0.1425589077115312;0.7503262361560097;0.08262951224605795;1.0945748159186925;0.7001959135348632
35.367058;1.0772633097661422;0.7500047811718349;0.695560792797179;0.07111595559190419;0.06604746329535689;9.998651658146404;0.7497458780625087;0.012591205350599885;1.0447954561815362;0.750139123936594;0.15645500620356043;0.6862204686086387;-0.14288890900133697;0.750321896534871;0.08304284180233439;1.0948120929452545;0.7001076917758863
35.53097;1.0774174566059458;0.7500059488033181;0.6954662765591533;0.07151245874310246;0.06640486589924549;9.99856162533842;0.7497595442203369;0.012591365949313319;1.0447925348862905;0.7501390990185943;0.15683344502674615;0.6860519334094028;-0.14320291033554047;0.7503166405860872;0.08343715481721227;1.0950382344705176;0.7000231125779572
35.694881;1.0775643939751163;0.7500067688916652;0.6953767707239535;0.07188925130029523;0.06674434313908317;9.998479023254257;0.7497728827564986;0.012591535116119592;1.0447897947791471;0.7501390754704338;0.15719483165953863;0.6858892127407927;-0.1435029117094991;0.7503114720395391;0.08381245148139124;1.095255198223517;0.6999416007459364
35.858793;1.0777034509513121;0.7500084449457166;0.6952937763841395;0.07224879157219036;0.0670682335181668;9.998403503547701;0.7497858966464618;0.012591712068066507;1.044787230874072;0.7501390532647213;0.15753816737721518;0.6857343512164811;-0.14378691311884936;0.7503063926918889;0.08416973231059924;1.0954609386986351;0.6998646972078808
36.022704;1.077834623419759;0.750008915050524;0.6952153320301241;0.07259044009285419;0.06737595701752588;9.998334722387543;0.7497985888564415;0.01259189607099157;1.0447848372451942;0.7501390323521298;0.15786545362448157;0.6855853908603597;-0.14405891455938957;0.7503014038088643;0.08450999788770318;1.0956584117062846;0.6997912604950466
36.186616;1.0779604906363849;0.7500094792734849;0.6951409308178176;0.0729151492271471;0.06766824840847169;9.998272348816434;0.7498109626772433;0.012592086427649786;1.0447826079551046;0.7501400126486811;0.15817769181924052;0.6854423711820457;-0.14431691602712185;0.7502975064098422;0.08483424878244346;1.0958465748946318;0.699720875215269
36.350527;1.0780784642330437;0.7500099693281219;0.6950720442856861;0.07322565404217395;0.06794781870465566;9.998216063779562;0.7498230216623555;0.012592282476180643;1.0447805370923793;0.7501399940533298;0.15847388336479648;0.6853053293124797;-0.1445629175182514;0.7502927012929854;0.08514248554928276;1.0960253876177821;0.6996539498440353
36.514438;1.078191411826973;0.7500114124385315;0.6950077309324276;0.07352122339367337;0.06821381831348125;9.998165559708804;0.7498347695487909;0.012592483589279965;1.0447786188238477;0.7501399764646552;0.1587570296499628;0.6851733000639929;-0.1447969190291754;0.7502879890665987;0.0854367087261547;1.0961968108740197;0.6995895033282068
36.67835;1.0782980826652357;0.7500116453189188;0.6949467512833951;0.07380201724720299;0.06846648299741565;9.998120540154982;0.7498462101704805;0.012592689173446456;1.0447768473745362;0.7501399597977046;0.1590261320425284;0.6850463159538863;-0.14501992055648716;0.7502833701691494;0.08571591883589233;1.0963608073327122;0.6995277404857945
36.842261;1.0783997177294422;0.7500125223974592;0.6948899867718257;0.07406888725921695;0.06870653204431444;9.998080719674396;0.7498573474073587;0.012592898667563251;1.0447752169940923;0.7501399439975678;0.1592831918874499;0.6849244072707861;-0.14523192209699845;0.7502788448837983;0.08598311638817739;1.09651734132501;0.6994686595662161
37.006173;1.0784963117655082;0.7500131119631693;0.6948365404486723;0.07432492128604246;0.06893683679859465;9.99804582403488;0.7498681851867701;0.012593111541009828;1.0447737219270261;0.7501399290456829;0.15952721051428057;0.6848086021695252;-0.14543392364773697;0.750274413352091;0.0862363018813778;1.096666378811519;0.6994134447928411
37.170084;1.0785872826483212;0.7500137680159593;0.694787082180983;0.07456667495101578;0.06915424559474052;9.998015589904204;0.7498787275136504;0.012593327293100167;1.0447723564271174;0.750139914961247;0.15976018924585209;0.6846959267788145;-0.14562692520590623;0.7502700755769955;0.08647847580284401;1.0968098873797039;0.6993593689370131
37.333996;1.0786734897406305;0.7500142736055277;0.6947408238984667;0.07479826343241379;0.06936252607511421;9.997989763874008;0.7498889784975167;0.012593545453701975;1.0447711148631473;0.7501399017946881;0.1599821293958126;0.684588405338697;-0.1458099267688527;0.7502658314093302;0.08670863862762654;1.0969458361775752;0.6993081792205784
37.497907;1.078756265701266;0.7500147005445539;0.6946969422869471;0.07501772927366986;0.06955978177701237;9.99796810160152;0.7498989423644157;0.012593765582673217;1.0447699918446247;0.7501408896039176;0.16019303225356737;0.6844850603440751;-0.14598392833406576;0.7502626805246743;0.0869277908175676;1.0970761957540482;0.6992591050033284
37.661819;1.078833689633849;0.7500154326879769;0.694657003549799;0.0752269890693931;0.06974791816747404;9.997950368076358;0.7499086234622293;0.012593987267415677;1.0447689822947963;0.7501408784256677;0.16039489906830715;0.6843849126194486;-0.1461499298991935;0.7502586224096461;0.08713693281998575;1.0971999379231494;0.6992113767893258
37.82573;1.0789079589644237;0.7500156008663268;0.6946187576175231;0.07542686713453091;0.06992756152217196;9.997936338989335;0.7499180262371886;0.01259421012001447;1.0447680814542049;0.7501408682697532;0.16058573104409823;0.6842899813316132;-0.14630893146204282;0.7502546563781967;0.08733506506539349;1.0973190357179314;0.6991671596790782
37.989642;1.0789778218681116;0.750015730116452;0.6945834730120515;0.07561608453166184;0.0700976104406895;9.997925801638212;0.7499271552014051;0.012594433775227407;1.0447672848085556;0.7501408591383449;0.160768529340497;0.6841972840294988;-0.146458933020568;0.7502507816204159;0.0875251879677521;1.0974334633485952;0.699123101499787
38.153553;1.079044229752792;0.7500158862271653;0.6945505731889432;0.07579656938707328;0.07025979397978721;9.997918554262146;0.7499360149722858;0.012594657889323183;1.0447665879916337;0.7501408510396329;0.16094229507068605;0.6841098367264647;-0.14660293457287982;0.7502469972546973;0.08770530192711479;1.0975411961211619;0.699082764209772
38.197388;1.0790524067472407;0.750016386488048;0.694555630558106;0.0758436066221415;0.070302078582775;9.997914404510642;0.7499446103473525;0.01259488213920296;1.0447659867553905;0.7501408439803785;0.16098802930850095;0.6840706539865271;-0.14663993611725532;0.7502433023523762;0.08775140733135012;1.0975722103987926;0.699066988297098
38.285056;1.0790804791211905;0.7500163929347903;0.6945474915655456;0.0759350337939666;0.070384241789383;9.997913168027596;0.7499529463127226;0.012595106221127254;1.0447654769942591;0.7501408379616717;0.1610767331030694;0.6840147490134075;-0.1467129376521158;0.7502396959463755;0.0878435045571804;1.0976294835714446;0.6990422148404304
38.296014;1.0790736709917812;0.750016222940108;0.6945617321100384;0.07594613969720108;0.0703942506561128;9.997914667512166;0.7499610279864211;0.01259532984874389;1.044765054731184;0.7501408329905435;0.16108740748039344;0.6839891337307112;-0.14672193917600682;0.7502361770455399;0.08785459397037587;1.097638993986825;0.6990334085153168
38.304665;1.079043170639293;0.7499968873639268;0.6945735204162731;0.07589618837816833;0.07034923440524185;9.997918732680276;0.7499688605227656;0.012595552751318614;1.0447647160745213;0.7501208290832606;0.16103705343370814;0.6839658188219546;-0.14667794068760817;0.7502127446463667;0.08780567592541959;1.0976157209492965;0.6990155035177094
38.313316;1.0789929965751883;0.74996303506965;0.6945845585785471;0.07579941570064347;0.07026212142816661;9.99792520072114;0.7499764490181228;0.012595774673278036;1.0447644572168167;0.7500868262486039;0.16093767192167213;0.6839478137505629;-0.146593942185744;0.7501753977298843;0.08770875076610626;1.0975656447676494;0.6989941740682407
38.321102;1.0789377006891072;0.7499295309077344;0.6945992319287448;0.07568967530260802;0.07016333952984455;9.9979339164027;0.7499837984897246;0.0125959953747477;1.0447642744502763;0.7500538244751808;0.16082626387758486;0.6839361267976627;-0.1464999436693625;0.7501391352443769;0.08759981882711453;1.0975087467707445;0.6989767054054956
38.327864;1.0788855130040267;0.7499047996926171;0.6946200318663155;0.07558835598992825;0.07007217978933845;9.997944732006635;0.7499909139269282;0.012596214632089145;1.0447641641414538;0.7500278237412008;0.16072483021778475;0.6839277651481139;-0.14641394513749534;0.7501099560878397;0.08749788043613455;1.0974550093626068;0.6989639435569225
38.334626;1.0788329776057832;0.7498838398000327;0.6946445354236734;0.07548466835374708;0.06997886412104237;9.997957507087197;0.7499978003499608;0.01259643223803504;1.044764122684122;0.7500078240274313;0.16062237184348763;0.6839257350439059;-0.14632794658924717;0.750086859111914;0.08739593591401362;1.0974014160745489;0.6989571468921477
38.341388;1.0787797063696611;0.7498676773249503;0.6946739314848941;0.07538280608904058;0.06988730468669617;9.997972107563548;0.750004462807778;0.012596648000820353;1.0447641464407256;0.7499918253040733;0.16052188964062258;0.6839280419624333;-0.14624394802382132;0.7500678431423614;0.08729398557201216;1.0973469514640322;0.6989547813091131
38.34815;1.0787270315586082;0.7498556636078679;0.6947067481181793;0.07527947739617379;0.06979436236408393;9.997988404687339;0.7500109063441798;0.0125968617418608;1.0447642317050818;0.7499798275046524;0.1604233844826354;0.6839346907533012;-0.14616094944052863;0.7500529069834935;0.08719302971021946;1.0972936009219425;0.6989566393849753
38.354912;1.0786752345949486;0.7498480337325538;0.6947430105485477;0.07517877800366052;0.0697038158488864;9.998006274851031;0.7500171360154053;0.012597073293461936;1.0447643747706283;0.7499718305297092;0.16032485723326467;0.6839436857060972;-0.14607895083876396;0.7500420494021937;0.08709206862015942;1.0972393505470186;0.6989607671164794
38.361673;1.078623062954999;0.7498414927961526;0.6947804602302662;0.07507715853418367;0.06961245447815494;9.998025599773909;0.7500231569125446;0.012597282498240494;1.044764572049373;0.7499658342775796;0.16022730874451344;0.6839560305739666;-0.14599695221798248;0.7500332691165632;0.08699210258881178;1.0971851871214677;0.698967934904675
38.375197;1.0785260802026686;0.7498336082130678;0.6948454834900724;0.07487292638841155;0.06942883734368455;9.998046266426709;0.7500289741276046;0.01259748920981781;1.0447648200941055;0.7499578386593627;0.1600327398541358;0.6840047285774279;-0.1458349535776873;0.7500225647968938;0.0867901318998351;1.0970720981253372;0.6989937171354709
38.388721;1.0784289981276218;0.7498293277384133;0.6949138354331746;0.07466808102726984;0.06924464760223055;9.998068167048975;0.7500345927030474;0.012597693293661562;1.0447651155263786;0.7499538435904748;0.15983715137316495;0.684057782375047;-0.14567195491742493;0.7500159350788888;0.08658615682950843;1.0969580717061544;0.6990233440091584
38.402244;1.078331521819265;0.7498285184397318;0.6949855748291479;0.07446193851690808;0.06905926878465421;9.998091199204616;0.7500400175880793;0.012597894627512624;1.0447654550102285;0.7499528489827936;0.1596405440547553;0.6841131940081229;-0.14550895623679805;0.7500123785901077;0.08638217763651312;1.0968420965969106;0.6990550700599953
38.415768;1.0782333561329849;0.7498279495153314;0.6950578879066739;0.07425288256189927;0.06887121919544952;9.998115265562188;0.7500452536012077;0.012598093100985744;1.0447658352658165;0.7499518547446816;0.15944291857984266;0.6841719648473285;-0.14534495753547333;0.7500088939714348;0.08617619455601927;1.096726162079309;0.6990896667500897
38.429292;1.0781347823113403;0.7498281672088984;0.6951310925228987;0.07404397607001267;0.06868332040011833;9.99814027311681;0.7500503054326044;0.012598288614531565;1.0447662529963175;0.7499528607842015;0.15924527558183293;0.6842310955712997;-0.14517995881315948;0.7500074798797707;0.08596920780810274;1.0966092580539344;0.6991242015511762
38.456339;1.077943594288109;0.7498307722648091;0.6952661783692595;0.07362430976622361;0.06830574568134183;9.99816613225898;0.7500551776982899;0.012598481078323079;1.044766704816125;0.7499548670095367;0.1588466156762098;0.6843695861976203;-0.14484896006958684;0.7500071349826277;0.08555221760816333;1.0963693751154278;0.6992017486567509
38.483387;1.0777507423114976;0.7498346013866483;0.6954033911150335;0.0732002507018379;0.06792408680185989;9.998192756824743;0.7500598749977535;0.012598670410995284;1.0447671873174469;0.7499598733194263;0.15844393947233731;0.6845124361296514;-0.14451496130449737;0.7500098579509642;0.08513122416858294;1.0961265045361515;0.6992828732584301
38.510434;1.0775577543144264;0.7498406130917367;0.6955426295979207;0.07277304036915566;0.06753939552260271;9.998220064677577;0.7500644019263608;0.012598856538332029;1.0447676971628688;0.7499658795961;0.1580392475808408;0.6846586442148523;-0.14417796251763093;0.7500136474457163;0.08470822769779242;1.0958806382606625;0.6993666030671811
38.537481;1.077362132232714;0.7498468547338126;0.6956836917104038;0.07234261635677577;0.06715176704758968;9.998247977749154;0.7500687630242405;0.012599039392654924;1.0447682310612925;0.7499718857125491;0.1576315406210737;0.6848072088597165;-0.14383896370873547;0.7500175021045256;0.0842802283987165;1.095633768972582;0.6994521709852938
38.564529;1.07716578482139;0.7498546982187656;0.695826615325222;0.07190871135544197;0.06676082970993838;9.998276421822153;0.750072962712682;0.012599218912988448;1.0447687857368013;0.7499798915453482;0.15722081921832604;0.6849571281494801;-0.1434979648776063;0.7500234205372165;0.08385022646620208;1.0953848901183778;0.6995386022461614
38.618623;1.07677496266889;0.749871415535338;0.6961034597781445;0.07103337452602973;0.06597175545205186;9.998305326580615;0.7500770053055483;0.012599395045374323;1.0447693580689277;0.7499968969961547;0.156393083999663;0.6852793999116691;-0.14280896602411547;0.7500384013296622;0.0829832220863015;1.094875995810652;0.6997225692629961
38.672718;1.076380169758257;0.7498884737396353;0.6963832344231912;0.07014955488073542;0.06517448878343235;9.998334625898716;0.7500808950838697;0.012599567743384247;1.0447699452801633;0.7500139020163005;0.15555633559775825;0.6856060217451582;-0.14211196714820895;0.7500534430605044;0.08210521543590443;1.0943610806582063;0.6999097221831377
38.726813;1.0759814916657862;0.749905835546284;0.6966658530341893;0.06925611310729951;0.06436794694304156;9.998364258043198;0.750084636356998;0.012599736968950627;1.0447705449469582;0.7500309066095948;0.15471157464282853;0.685935991036497;-0.1414079682498682;0.7500685443306135;0.0812192066821655;1.0938411396567764;0.7000993106990351
38.780908;1.075579501210109;0.7499221298804268;0.6969496735822155;0.06835619312561476;0.0635549994728158;9.998394165187298;0.7500882334452362;0.012599902692812701;1.0447711548850707;0.7500479108113659;0.15385980173952366;0.6862693049735942;-0.1406979693290667;0.7500837037846912;0.08032619598255653;1.09331616820549;0.7002915590634191
38.835002;1.0751745722153414;0.7499364243885998;0.6972335886952551;0.06744902115531866;0.06273488928872846;9.998424292352121;0.7500916905954763;0.012600064893932825;1.0447717730461688;0.7500629146554686;0.15300201745148695;0.6866049605334706;-0.13998097038575688;0.7500969201081286;0.07942618348434695;1.09278716213243;0.7004853078012306
38.943192;1.0743630859244475;0.7499613359396452;0.6977915234588856;0.06562029001059778;0.06107976902999611;9.99845458733018;0.7500950119259474;0.012600223557953148;1.0447723974960053;0.7500879181472861;0.15127222230185453;0.6872929544364085;-0.1385349714198719;0.75012019201258;0.0776121693241409;1.091715117642342;0.7008805081569716
39.040562;1.073625552868763;0.7499792314062358;0.6982954625047687;0.06396219673219468;0.059577026369436015;9.998485001903669;0.7500982014151546;0.012600378676177228;1.0447730265161144;0.7501059212615209;0.14970241678662963;0.6879122831022814;-0.13721997243133893;0.7501365182280462;0.07596615362935083;1.0907410312514039;0.7012372249658452
39.137933;1.0728838775181826;0.7499910086137601;0.6987969159595206;0.06229502169644847;0.058063998905131246;9.998515492478901;0.7501012628929989;0.012600530246133269;1.044773658707639;0.7501189239575545;0.14812460138934425;0.6885329426185255;-0.13589697342010512;0.7501478975001684;0.07431213652306304;1.0897608997745072;0.7015963237348295
39.235303;1.0721402586362534;0.7500010520418314;0.699298539430807;0.06062454311087218;0.056545920551474164;9.998546019323935;0.7501042000565491;0.01260067827192302;1.0447742929400774;0.7501279261938861;0.1465437765815129;0.689154928758361;-0.1345689743861495;0.7501553286017665;0.07265511813016895;1.088777720317333;0.7019584232612434
39.332674;1.071395357182173;0.7500066014233311;0.6997973279537135;0.0589534236306753;0.055025222915799754;9.998576545567227;0.7501070165204314;0.012600822763144703;1.0447749282077392;0.7501349279369929;0.1449639428150096;0.6897752370872569;-0.13323797532947412;0.7501608103568823;0.07099709857801471;1.0877924901955047;0.7023209830983559
39.430044;1.0706516626104927;0.7500114712133653;0.7002952120711848;0.057286743885063704;0.05350651527150408;9.998607036802857;0.7501097158483115;0.012600963733895031;1.0447755635397953;0.750138929160497;0.14338710052201423;0.6903948630937929;-0.13190897625008807;0.7501633416433156;0.0693430779899271;1.0868082068516198;0.7026859342272073
39.527415;1.069910791976354;0.7500149223485745;0.7007904388115628;0.05562625745203578;0.05199136636879025;9.998637460499289;0.7501123015271475;0.012601101203247263;1.0447761979922097;0.7501429298259967;0.14181925012301838;0.6910138022320117;-0.13058497714799083;0.7501659213752279;0.06769605647918148;1.0858278678621252;0.7030538152240429
39.624785;1.0691727390990873;0.7500164174200232;0.7012825013425419;0.053977361063133875;0.05048484269186015;9.99866778494114;0.7501147769187634;0.012601235196592694;1.0447768306399683;0.7501449298572571;0.14026139203714102;0.6916290498398316;-0.1292669780231663;0.7501665484935126;0.06606003414748815;1.0848514709800905;0.7034218245255309
39.722156;1.068440367200385;0.7500173851458586;0.7017708465135046;0.05234158461029054;0.0489882736783813;9.998697979284957;0.7501171452492698;0.01260136574545623;1.0447774605014606;0.7501469291297966;0.13871852668923979;0.6922416010550073;-0.12795997887559168;0.7501672219623041;0.06443801108526405;1.0838820141626337;0.7037918091723511
39.819526;1.0677146258111732;0.750018279372559;0.7022552608311817;0.05072310455231759;0.047505572195906946;9.998728014707263;0.750119409633417;0.01260149288508364;1.0447780864446352;0.7501479274833299;0.13719265450538382;0.6928494508347107;-0.1266649797052441;0.7501669407707101;0.06283298737406308;1.082921495533386;0.7041619084362084
39.916897;1.0669967566912477;0.7500200231048808;0.702735776169016;0.04912574416428604;0.046040322969455906;9.998757864714053;0.7501215730988486;0.012601616652633724;1.0447787071755321;0.7501499247371853;0.13568677589603542;0.6934515940092445;-0.12538498051209496;0.7501677039402223;0.06124796308893498;1.0819719132558527;0.7045315917263598
40.014267;1.066288080989012;0.7500206796638779;0.7032096884336577;0.04755015541424655;0.044593148955385284;9.998787504511242;0.750123638622962;0.01260173708739922;1.0447793213396677;0.7501509206941435;0.1342028912433756;0.6940470253072204;-0.12412198129611049;0.7501675105219953;0.059684938295108916;1.0810342654684668;0.7049001290439244
40.111638;1.065589839824942;0.7500214815087146;0.7036773116480569;0.045999107535841195;0.04316667136569448;9.998816910439329;0.7501256091877946;0.012601854231236685;1.0447799276850778;0.7501519151624558;0.13274400090003335;0.694635739400441;-0.12287798205727012;0.7501673595874528;0.058147913045223196;1.080109550401566;0.7052677600670748
40.209008;1.0649042311596506;0.7500237257646287;0.7041383868779248;0.044477228416644685;0.0417652317383399;9.99884605956519;0.7501274878324038;0.012601968128856625;1.0447805251941822;0.7501539079942878;0.13131210518503278;0.6952147310014667;-0.12165598279558351;0.7501682502248571;0.05663888738358566;1.0792007665454215;0.7056319287705238
40.306379;1.0642297052780125;0.7500240352998014;0.7045907409815254;0.042983582029215324;0.040388106743500025;9.998874929639426;0.7501292776823201;0.012602078828703686;1.0447811131039544;0.7501548990912718;0.12990920437901227;0.6957849949486073;-0.12045598351110577;0.7501681815351676;0.05515786135005501;1.078308912655331;0.7059934853086789
40.403749;1.0635691218656522;0.7500252375749866;0.705035108757565;0.041522228976187056;0.039039097929353075;9.998903499287728;0.7501309819103916;0.01260218638310141;1.0447816908361942;0.7501558883786537;0.1285372987351773;0.6963455261902723;-0.11928098420396137;0.7501681526272075;0.05370983497929187;1.0774339876105863;0.7063518192169945
40.50112;1.062923060151893;0.7500263284498068;0.7054701320276007;0.040095102762807984;0.037720108534301904;9.998931747496092;0.7501326036130224;0.012602290847154467;1.0447822579344386;0.7501578757863939;0.1271983885037742;0.6968943197140957;-0.11813198487434494;0.750169162618702;0.05229480829928933;1.0765779903351043;0.706704980777955
40.59849;1.062291587128626;0.7500268433644087;0.7058952977187151;0.03870186386415659;0.03643092473003151;9.998959653072617;0.750134145689945;0.012602392277984067;1.0447828140209598;0.7501588612454518;0.12589247395223896;0.6974303705170375;-0.11700998552249407;0.7501692106390105;0.05091478133250721;1.0757429198019128;0.7070520010129964
40.695861;1.0616762384759424;0.7500281854976053;0.7063108742418027;0.03734590490495109;0.035174796844268184;9.998987195520762;0.7501356108432903;0.012602490734370902;1.0447833587414896;0.7501598446917984;0.12462155536567886;0.6979546735931926;-0.1159169861486769;0.7501692958329219;0.049570754100177035;1.0749287750115348;0.7073940439300905
40.793231;1.061077006807868;0.7500290146523172;0.7067155714494748;0.036027776847498985;0.03395235842864837;9.9990143564367;0.7501370016640329;0.012602586275860962;1.0447838917246142;0.7501608260790245;0.123387633030534;0.6984652238992778;-0.11485398675319025;0.7501694173706978;0.04826472662433308;1.0741355549885387;0.7077291433012115
40.890602;1.0604955011991606;0.7500295753955591;0.7071085134131613;0.034749331339141404;0.03276541798015126;9.999041120308213;0.7501383206898076;0.012602678962168828;1.04478441257971;0.7501618053972898;0.12218970721773209;0.6989630163347959;-0.11382198733635378;0.7501695744598084;0.04699669892470528;1.0733652588243743;0.7080582899776586
40.987972;1.0599307578468486;0.7500294787105525;0.7074899408797365;0.03350957577608212;0.03161318505637091;9.999067475177483;0.7501395704380565;0.01260276885338152;1.0447849209216913;0.7501627826821001;0.12103077817367959;0.6994450457708107;-0.1128209878985239;0.7501697663419745;0.04576867101807148;1.0726188856854098;0.7083783662588089
41.085343;1.0593846797855113;0.7500301543571075;0.7078598984080063;0.03231135193399993;0.030498396958805452;9.99909341304576;0.750140753468156;0.012602856009812318;1.0447854163529862;0.7501627580031821;0.11991084611828215;0.6999133071264257;-0.11185198844011941;0.7501689922722093;0.044581642923511786;1.0718954347674425;0.7086913517363782
41.182713;1.0588565988817875;0.7500303818629169;0.7082176462069427;0.031154046023312374;0.02942060884373476;9.999118929127771;0.7501418724193175;0.012602940491375454;1.0447858983607894;0.7501637314424736;0.11882991124896185;0.7003657954598065;-0.11091698896162415;0.7501692514972857;0.04343561466371247;1.0711969052758634;0.7089954329592709
41.280084;1.058347167927353;0.7500307262175239;0.7085632475801605;0.03003999068646046;0.028382117062753568;9.99914402029249;0.750142929959135;0.012603022357370201;1.0447863662471206;0.7501647030683006;0.11778897374423525;0.700803505995949;-0.11001498946356819;0.7501695432501309;0.042331586257923694;1.0705222965471712;0.7092912875447847
41.377454;1.0578563793578244;0.750030786098323;0.7088962954614588;0.028966703235699047;0.027380686038658182;9.999168684252018;0.7501439287135632;0.01260310166683327;1.0447868191907226;0.7501646729166243;0.11678903375971297;0.7012254340581626;-0.10914698994651284;0.7501688667598752;0.041269557717360406;1.0698736082608897;0.7095779363078646
41.474825;1.0573851811230126;0.7500313045886382;0.7092168247095969;0.027937201609098867;0.02641925033830849;9.999192919883019;0.7501448712497839;0.012603178479019466;1.0447872563607752;0.7501656409912707;0.11582809142608416;0.7016305749788799;-0.10831199041105323;0.7501692212638802;0.040249529049948836;1.0692498405166255;0.7098540946407699
41.572196;1.0569329069343627;0.7500310700764682;0.7095241049845452;0.0269508918169716;0.02549737052908341;9.999216727382343;0.7501457600470071;0.012603252853277774;1.044787676967824;0.7501656072816418;0.11490814686026551;0.7020199240645344;-0.10751299085782444;0.7501686060195951;0.039272500268392456;1.068651993680281;0.7101210703846882
41.669566;1.0564999133984487;0.7500310807053222;0.709818811173772;0.026007406014433774;0.024614790049208003;9.999240107738416;0.7501465974151761;0.012603324848043567;1.044788080274686;0.7501655717932056;0.1140292001826367;0.702392476592303;-0.1067469912874861;0.7501680203112381;0.038337471392115845;1.0680790681659464;0.7103772850434129
41.766937;1.0560867861794334;0.7500323207064754;0.7101014530497535;0.02510596660301573;0.023770855702796592;9.999263062232433;0.7501473854414601;0.012603394519934105;1.0447884656538655;0.7501655345763447;0.113190251524762;0.7027492277934165;-0.10601599170068304;0.7501674634338983;0.037445442443706164;1.0675330643742105;0.7106239022236168
41.864307;1.05569226807314;0.7500309503510642;0.7103692126607146;0.02424835307386818;0.02296737310355162;9.999285592221439;0.7501481260056045;0.01260346192347176;1.0447888326408032;0.7501664957324646;0.11239130101646298;0.7030901728483474;-0.10531999209801611;0.750167934667756;0.03659641344893625;1.0670109827366079;0.7108607978885921
41.961678;1.0553173084153733;0.7500316069519825;0.7106258172844393;0.023432173353023233;0.02220214311420537;9.999307698850279;0.7501488208232749;0.012603527110940026;1.0447891808992114;0.750166455393955;0.11163234876436558;0.7034133069065606;-0.10465699248005458;0.7501674332697947;0.035788384437929005;1.0665158237244425;0.7110855813204475
42.059048;1.0549609467241;0.7500309509760624;0.7108687256589487;0.022658895615491486;0.021476659991234416;9.999329382776494;0.7501494714867304;0.012603590132980095;1.044789510201812;0.7501664136937914;0.11091239484689372;0.7037206250927837;-0.10402899284736217;0.7501669584740005;0.03502235544057968;1.0660445878989788;0.7113004161560671
42.156419;1.054624429603924;0.7500314818017292;0.7110994433752993;0.021927207435287508;0.02078973307732105;9.999350644524291;0.7501500794563497;0.012603651040213716;1.0447898205256836;0.750166370747264;0.11023243932529554;0.7040121225285182;-0.1034339932004959;0.7501665094750822;0.034298326482186364;1.0655992760348623;0.7115049053141185
42.253789;1.0543065003863974;0.7500309938480386;0.7113167045406639;0.02123720930399221;0.020141557115286843;9.999371485145316;0.7501506459847324;0.012603709884540695;1.0447901121500995;0.7501653266555081;0.10959048225159243;0.7042877944077713;-0.10287199353998745;0.7501650854105171;0.033614297584662285;1.0651788891917198;0.7116989534254287
42.35116;1.0540061991209273;0.7500304252542022;0.7115220261905343;0.020587301168831684;0.019530700926463935;9.999391906289732;0.7501511720732551;0.012603766719379744;1.0447903856432155;0.7501652815114739;0.10898652366623413;0.7045466360558568;-0.10234399386632578;0.7501646853754639;0.032971268768336136;1.0647834287102937;0.7118816246156775
42.403714;1.0538520179208661;0.750030407225412;0.7116292045067211;0.02025233517564018;0.01921572163076737;9.999411909942438;0.7501516585597958;0.012603821598864789;1.0447906417567088;0.7501652353971849;0.10867556359515927;0.704677642898288;-0.10207199417994063;0.7501643084627544;0.03264024004990826;1.0645808961684684;0.7119747672123852
42.403714;1.053851285065864;0.7500303113000495;0.7116326099512024;0.020252183512371093;0.01921560246213171;9.999431498001263;0.750152106263808;0.012603874576829838;1.04479088128686;0.7501651883861263;0.10867560205516155;0.7046738104099354;-0.10207199448119353;0.7501639537877955;0.032640211439998096;1.0645832932695243;0.7119734151377153
42.404213;1.0538496534417159;0.7500304732041211;0.7116367821634567;0.02024921201587977;0.01921282376854273;9.999450671746896;0.7501525160192256;0.012603925707003864;1.0447911049883054;0.7501651405465474;0.10867263906024822;0.7046721341428981;-0.10206899477038764;0.7501636204860819;0.032637182945895314;1.064583621687056;0.7119736668015373
42.404712;1.05384712026041;0.7500299534780163;0.7116408331457483;0.02024643931325086;0.019210249930616836;9.999469432354235;0.7501528886050993;0.012603975043741002;1.0447913136081721;0.7501650919355002;0.10866967461586284;0.704669609765944;-0.1020669950477803;0.7501633077127773;0.032634154578046214;1.0645838829558985;0.7119731253430663
42.405711;1.053843682911335;0.7500289984016378;0.7116449999558786;0.0202395271114545;0.019203764349863275;9.999487782126192;0.7501532247315364;0.012604022641694832;1.0447915080117585;0.7501650425893187;0.10866470870450994;0.7046692330300894;-0.10206199531358456;0.7501630146583373;0.032628126351445165;1.064582078467207;0.7119741851244652
42.407707;1.0538377264863135;0.7500293825207043;0.7116520587888716;0.020227154435416388;0.019192142874297623;9.9995057244452;0.7501535250951538;0.012604068554728608;1.0447916892799523;0.7501649925143189;0.10865274128243359;0.7046709997238069;-0.10205199556797101;0.750162740561645;0.0326160982799254;1.0645772095480903;0.7119765584264133
42.411701;1.0538251323466952;0.7500293574364204;0.7116631340356115;0.020202052060445463;0.01916856236426183;9.999523263041871;0.7501537904126273;0.012604112834760933;1.0447918586501324;0.7501649416871449;0.10862977229061807;0.7046779056817846;-0.10203099581106591;0.7501624847113194;0.032591070374833275;1.0645632775327025;0.7119823536109218
42.419688;1.0538023762889923;0.750029440065857;0.7116810986631309;0.020152285266554628;0.019121760630706662;9.99954040251384;0.7501540214231418;0.012604155530741555;1.044792017335077;0.7501648900694792;0.10858380165765456;0.7046949468192232;-0.10199099604294512;0.7501622464349074;0.032542042652496786;1.064535283771985;0.711995373190718
42.435662;1.0537563860328187;0.7500286856107059;0.711713888433237;0.020054083065986786;0.019029413024059767;9.99955714908531;0.750154218874222;0.01260419668839766;1.0447921663720157;0.7501648376277926;0.10849182929262313;0.7047321191393406;-0.10191099626364732;0.7501620250834973;0.032444015138747416;1.064477229623151;0.712022510859436
42.46761;1.0536667486850393;0.750028311593714;0.711776454580965;0.01985844850114238;0.018845372524868835;9.999573510226396;0.7501543834765636;0.012604236350621596;1.0447923065754674;0.7501637843540984;0.10831085508972704;0.7048074186944479;-0.10175199647321172;0.7501608200276395;0.0322509878639638;1.0643591164522486;0.7120760221732977
42.531506;1.053490435643825;0.7500276961792682;0.711897300726591;0.019475516979732852;0.01848505039154579;9.99958949416115;0.7501545158781675;0.012604274557804199;1.0447924385893081;0.7501627302724094;0.10795487894311533;0.704958841528294;-0.10143999667170618;0.7501596306565512;0.031871960855009526;1.0641259456494132;0.71218303369404
42.595402;1.053317983483493;0.7500253895008078;0.7120139028541754;0.01910272208377093;0.01813416447876074;9.999605110272864;0.7501546167240131;0.012604311348707887;1.0447925629687504;0.7501606754239678;0.10760890075690752;0.7051073836599175;-0.10113599685922342;0.7501574563642778;0.03150293413030479;1.0638987186521283;0.7122884110155961
42.723194;1.052986474263141;0.7500225195428571;0.7122375150532614;0.018382739897554262;0.017456136077584748;9.999620369760075;0.7501546867456701;0.012604346762030354;1.0447926802090486;0.750158619854503;0.10693892044629316;0.7053950411447237;-0.1005489970358678;0.7501552965299206;0.030789907700251598;1.0634584369281326;0.7124915870764992
42.850985;1.052669994322228;0.7500198917373387;0.7124512602173406;0.01769700737791466;0.016809976694568633;9.999635285048122;0.7501547267814012;0.012604380837434929;1.0447927907333048;0.750155563602591;0.10630193793346607;0.7056708101614255;-0.09998899720176409;0.75015215050557;0.03011088157437145;1.063038101890556;0.7126872570733576
42.978777;1.0523672882778565;0.7500168653721743;0.7126553637694123;0.01704062971063196;0.016191110813458948;9.999649868029323;0.7501547377643308;0.012604413615669245;1.0447928948703271;0.7501535066821129;0.10569395314968132;0.7059336870234253;-0.09945499735708663;0.7501500176178522;0.029461855771922858;1.0626377147971096;0.7128742191788782
43.106569;1.0520799031096995;0.7500162080888746;0.7128513937984045;0.016416345766847123;0.0156021665506807;9.999664129483067;0.7501547207495745;0.012604445137693668;1.0447929928326571;0.7501524490851028;0.10511396604614724;0.7061856681050629;-0.09894499750207214;0.7501488971918684;0.02884383032733408;1.0622542766940084;0.7130541097740013
43.234361;1.0518043764116625;0.7500150856146024;0.7130389895468885;0.015820993032529457;0.015040236890121121;9.99967808021711;0.7501546769093517;0.012604475442997498;1.044793084725756;0.7501513908006571;0.1045619765998173;0.706426749794233;-0.0984589976370019;0.7501477885946464;0.028254805287327513;1.061889788443965;0.7132268701426897
43.489945;1.0512920364570593;0.7500145018082499;0.7133878021119421;0.014712946932039884;0.013993599516181524;9.999691731699155;0.7501546074673322;0.01260450456898025;1.0447931705954874;0.7501503318198948;0.10353498480501436;0.7068789285231353;-0.09755499776217129;0.7501466912565484;0.02715878070675307;1.0612082508156704;0.7135517765416962
43.71997;1.0508718744238232;0.7500133993746353;0.7136737961118892;0.013805555980035692;0.013135745203176985;9.999705095501788;0.750154513652019;0.012604532551824102;1.044793250477927;0.7501492721399481;0.10269399065392847;0.7072492008303245;-0.09681399787785017;0.7501456046487901;0.02625975664730078;1.0606496645551482;0.7138188525080013
43.949996;1.0504880952794047;0.7500129295627607;0.7139358364922547;0.012978037725811374;0.012352812094650934;9.99971818289391;0.7501543966842393;0.012604559426953755;1.0447933244200889;0.7501492117763149;0.1019269941279952;0.7075885634154513;-0.09613699798425578;0.7501455282561904;0.025439733173536355;1.0601390303928147;0.7140647254811319
44.180021;1.050137529314801;0.7500123185603126;0.7141752897867328;0.012221764397074923;0.011636783039818582;9.9997310050014;0.7501542577842313;0.012604585228714776;1.0447933924842385;0.7501481507555494;0.10122799521996956;0.7078980131531134;-0.09551999808157378;0.7501444615655579;0.02469271034380201;1.05967434899555;0.7142896459674515
44.410046;1.049818559206461;0.7500113192091784;0.7143929770988117;0.011534639201982473;0.01098581265600143;9.999743572851134;0.7501540981958217;0.01260460999015936;1.0447934547304052;0.7501480890964474;0.10059299395490184;0.7081805470643511;-0.09495799816999789;0.7501444040562637;0.02401368820262328;1.0592506208988641;0.7144957469356573
44.640072;1.0495295691287114;0.7500106302666506;0.7145906262845434;0.01091158693846912;0.010395199417400296;9.999755897043617;0.7501539192005682;0.012604633743167218;1.0447935111759221;0.7501480268176465;0.10001599038105073;0.7084361622768965;-0.0944479982497566;0.750144355203506;0.02339666677908139;1.0588668464840791;0.7146824852789162
44.870097;1.0492676912801369;0.7500097524489763;0.7147696830202553;0.010348080183671346;0.009860755984065975;9.999767987462691;0.7501537221086466;0.012604656519140445;1.0447935617528048;0.7501469639605713;0.0994939845524793;0.7086678559820144;-0.09398599832113227;0.7501433145063335;0.02283764609122451;1.0585180260611082;0.7148521828495269
45.100122;1.0490307138056594;0.7500099830351384;0.714932864841439;0.009838039619522605;0.009376790520068288;9.999779853190967;0.7501535082565636;0.012604678349934463;1.0447936062400318;0.7501469005953465;0.09902297651988907;0.7088786254208062;-0.09356899838445412;0.750143281515769;0.02233362615582728;1.0582031599994624;0.7150073159121437
45.330148;1.0488170228920137;0.7500093986522782;0.7150794168760443;0.009377838067541432;0.00893992715262304;9.999791502454663;0.7501532790319119;0.012604699267796867;1.044793644214181;0.7501458368090584;0.09859796633278463;0.7090674679174535;-0.0931919984400751;0.7501422558305368;0.021878606996363913;1.0579192487979914;0.7151461525471513
45.560173;1.0486247064396856;0.7500088773345983;0.7152114614410072;0.008964120586054003;0.008547040038774338;9.999802942745967;0.7501530358656395;0.01260471930416905;1.0447936751035003;0.7501457726871855;0.09821595404923343;0.7092383809020875;-0.09285399848837278;0.7501422370639648;0.021469588642352107;1.0576642930753208;0.7152724569041852
45.790199;1.048451852818295;0.7500086105631363;0.7153304699772122;0.008592232829681981;0.008193753159650489;9.999814181355411;0.7501527801547901;0.012604738488599438;1.0447936982983648;0.7501447083030628;0.09787293973468154;0.7093913619063779;-0.09254999852975215;0.7501412248195203;0.021101571123407156;1.0574352935002478;0.7153855196665017
46.020224;1.0482978041727244;0.7500077413083864;0.7154360613603195;0.008260699577974349;0.007878703506454551;9.999825225746275;0.7501525131977977;0.012604756848866326;1.044793713208108;0.7501446437266726;0.09756592345084857;0.7095274085539525;-0.09227799856462773;0.7501412187018299;0.020773554463826952;1.057230250717341;0.7154860250935231
46.250249;1.0481593963068847;0.7500068863993924;0.7155309730309526;0.007963724322988074;0.00759641774348776;9.999836082977197;0.7501522362000949;0.012604774411942393;1.0447937192816095;0.7501445790292327;0.09729290525356384;0.7096495185399972;-0.09203499859340657;0.7501412183475303;0.020480538680433362;1.0570471653699287;0.7155765207499045
46.480275;1.0480369262626203;0.7500065626535275;0.7156154874044452;0.007700957587867504;0.007346585974943223;9.99984675900451;0.750151950306504;0.012604791204507974;1.0447937160784468;0.7501435142613243;0.09704988520463519;0.7097586896300621;-0.09181899861648295;0.7501402234441756;0.020220523783190017;1.0568850382021855;0.7156577081602082
46.7103;1.0479284837472318;0.7500066520739767;0.7156907897255461;0.007468784453466109;0.007125794444374565;9.999857259423575;0.7501516566055471;0.012604807252981296;1.0447937033229968;0.7501434494371882;0.09683386338829832;0.7098549196861584;-0.09162799863424068;0.7501402337257105;0.019989509777531552;1.0567408701226941;0.7157293033791512
46.940325;1.047832813310218;0.7500065146930125;0.7157571216762378;0.007262390954201963;0.0069294751908327;9.999867590639166;0.7501513561225888;0.012604822583943487;1.0447936808201623;0.750143384562353;0.09664383991333662;0.7099392066587272;-0.09145899864705803;0.7501402489558465;0.019785496667814515;1.0566136621942408;0.7157918918181418
47.170351;1.0477495574992381;0.7500065063686968;0.71581506293919;0.007081336489760103;0.006757223893569888;9.999877759465207;0.7501510498579081;0.012604837224570951;1.0447936483207625;0.7501423196848177;0.09647681489497296;0.7100145485546546;-0.09131099865530524;0.7501392689202642;0.019606484457194685;1.0565024155790037;0.7158483032597418
47.400376;1.047675253267762;0.7500057822198404;0.7158661699895319;0.006923174011677566;0.006606738596493513;9.999887772281975;0.7501507388463661;0.012604851202048843;1.0447936055033071;0.750142254925897;0.09633078844377696;0.7100789434366425;-0.09118099865933602;0.7501392934292801;0.019450473142712928;1.0564041314942112;0.7158961567862066
47.630401;1.0476114517990194;0.7500053833090015;0.7159103745543565;0.00678574135106695;0.006475954327774053;9.999897635261306;0.7501504241967966;0.012604864542045638;1.044793552055075;0.7501421904710722;0.09620376067338686;0.7101363894329475;-0.09106799865948348;0.7501393223105872;0.019314462712551942;1.056319811247156;0.7159392809247976
47.860427;1.04755594385162;0.7500053576927062;0.7159492306967346;0.006667074908985503;0.0063630176333073435;9.99990735459238;0.750150107118112;0.012604877267260913;1.0447934877504097;0.7501421265269153;0.0960947317003994;0.7101848847299375;-0.09097099865605189;0.7501393553876703;0.019196453147523676;1.0562464562987173;0.7159755552173034
48.090452;1.0475087279646988;0.7500053323682129;0.7159823825853449;0.006564854624006739;0.006265719263227734;9.999916936190814;0.7501497889111135;0.012604889397396552;1.0447934124982838;0.7501420632781594;0.09599970163491123;0.7102274275641647;-0.09088699864929439;0.7501393924635421;0.01909544442284825;1.0561840682255332;0.716007566530412
48.320478;1.0474691482828464;0.7500054576265373;0.7160104216372124;0.006477969130195934;0.006183006571476405;9.999926385565969;0.7501494708937209;0.012604900950816058;1.044793326344728;0.7501410008841721;0.09591967058787265;0.7102630162148215;-0.09081599863940028;0.7501384333241471;0.019009436509669755;1.0561306485885695;0.7160343170647073
48.550503;1.0474349961698906;0.7500047819767479;0.7160339493714365;0.006404147313229001;0.0061127277249628294;9.999935707927994;0.7501491542819579;0.012604911946168229;1.04479322941371;0.7501409394907589;0.09585163868761486;0.7102926489911263;-0.09075499862651407;0.7501384777560844;0.018937429377169347;1.0560851988217452;0.7160564133558551
48.780528;1.0474062708666805;0.7500046179845816;0.7160542199348299;0.006342700311675442;0.006054227416745004;9.999944908411996;0.7501488401121524;0.012604922402850076;1.0447931218336775;0.7501408792153915;0.09579560607706085;0.7103183242417409;-0.09070499861076416;0.7501385255544488;0.018876422995655825;1.0560477202375516;0.7160759622204828
49.010554;1.0473832712782456;0.7500048020793677;0.7160708734791196;0.006291998161069146;0.0060059496541947826;9.999953992147217;0.7501485292605896;0.012604932341040874;1.044793003694376;0.750140820124335;0.09574957289756938;0.7103390403831367;-0.09066399859227756;0.7501385765084686;0.01882641733930523;1.0560172141357183;0.7160917150784535
49.240579;1.047365042857496;0.7500046491358913;0.7160839092131572;0.006252247633431062;0.005968098818077748;9.999962963715076;0.7501482225197227;0.012604941781858912;1.0447928750249775;0.7501407622228536;0.09571153928232332;0.7103547958856384;-0.09063099857117828;0.7501386304026797;0.018786412385171154;1.0559926818407908;0.7161035428103778
49.470604;1.0473503316992012;0.7500042063587009;0.7160942303956359;0.006219973273688474;0.005937364830217692;9.999971826277708;0.7501479206541081;0.012604950746898862;1.0447927357795521;0.7501407054547833;0.09568250535385225;0.710368589190512;-0.09060499854756526;0.7501386870490468;0.01875540811119086;1.0559731246220236;0.716114292791958
49.930655;1.04733019594046;0.7500036295423957;0.7161081006539206;0.006177648500553269;0.005897064421899919;9.999980581174821;0.7501476243813626;0.012604959256353574;1.0447925857978515;0.750140649712839;0.09564247121733989;0.7103854186264179;-0.09056999852149553;0.750138746290934;0.018713404496201524;1.055946543669864;0.716126899548975
50.344701;1.0473218645565514;0.750003757088652;0.7161145417314024;0.006159533319662858;0.005879812055673024;9.999989228225925;0.7501473343130559;0.012604967326973221;1.044792424770405;0.7501395948554821;0.09562643696062487;0.7103922824147985;-0.09055499849299477;0.7501378079593908;0.01869540151740521;1.0559359401655948;0.7161321344185709
50.758746;1.0473211662118609;0.7500040333178906;0.7161158760736563;0.006156735219448288;0.005877141688609841;9.999997766524238;0.7501470509449196;0.01260497497176052;1.0447922522975621;0.7501395407193052;0.09562440266345605;0.7103931787489546;-0.09055299846207303;0.7501378718366365;0.01869239914658433;1.0559353153102966;0.7161330777522256
51.172792;1.0473261927554693;0.7500043430966246;0.7161132996256883;0.006165674815011983;0.005885646554428597;10.000006195469922;0.7501467746830777;0.012604982201063748;1.0447920680201157;0.7501394871297512;0.09563236841119215;0.7103901058544039;-0.09055999842873566;0.7501379376523462;0.01870139735105867;1.0559406702752736;0.7161312064413677
51.586838;1.0473347365326269;0.7500037349808735;0.716107414732169;0.006184086668539243;0.005903175787884422;10.000014515645471;0.7501465058589792;0.012604989023494323;1.044791871768014;0.7501394339254702;0.09564833431406082;0.7103820620041057;-0.09057499839299425;0.7501380050979569;0.018719396095073976;1.0559520061396837;0.7161254011484443
52.000883;1.047346143070219;0.7500033014405237;0.7160997133643406;0.006207868795036964;0.005925816178220165;10.000022729008114;0.7501462447758313;0.012604995445781532;1.0447916636857624;0.7501393809867756;0.09567130051713627;0.7103720455261886;-0.09059499835487951;0.7501380738528218;0.018743395336256616;1.055967323852507;0.7161182576004615
52.414929;1.047359458222858;0.7500036703939198;0.7160914487503881;0.006236544862704544;0.005953118009091217;10.000030838015043;0.7501459917663472;0.012605001472270078;1.044791444220342;0.7501393282379054;0.09569726718248092;0.7103600548265144;-0.0906179983144569;0.7501381436075956;0.018771395023869833;1.055985624206947;0.7161095219661994
52.828975;1.047374681759898;0.7500034706663061;0.7160813130900027;0.006267489205322045;0.0059825740656113775;10.000038844292272;0.7501457471647043;0.012605007105292403;1.04479121396641;0.7501392756261911;0.09572623446242547;0.7103470884259784;-0.09064399827183282;0.7501382140676395;0.018802395104468697;1.056005907866865;0.7161001853133019
53.24302;1.0473896057112173;0.7500034357959163;0.7160715174320549;0.006300062749523505;0.006013586617370235;10.000046748062143;0.7501455112234653;0.012605012346343219;1.0447909735396932;0.7501392231063532;0.09575620248988206;0.7103331449588587;-0.09066999822715081;0.7501382849567736;0.018834395528675826;1.0560261755042375;0.7160898669193072
53.657066;1.0474057829907948;0.7500039827368501;0.7160613992419421;0.006334113788311846;0.006046001818008375;10.000054548498666;0.7501452840898413;0.012605017197514952;1.044790723561408;0.7501391706434342;0.09578617137890114;0.7103192230926775;-0.09069799818057828;0.7501383560292961;0.018867396255589933;1.0560464279578694;0.7160798108946118
54.071112;1.047420706179431;0.7500029521853511;0.7160506121187509;0.006366377397645977;0.006076716945146337;10.000062244460795;0.75014506587987;0.012605021662476821;1.0447904646745187;0.7501391182282497;0.09581614121689712;0.7103053214632166;-0.09072399813227826;0.7501384270638987;0.018899397256417434;1.0560676662846245;0.7160695096128475
54.899203;1.0474499401462187;0.750003158943923;0.7160312041449926;0.006427807048397043;0.006135192590776931;10.000069835227793;0.7501448567660849;0.01260502574641628;1.0447901975677085;0.7501390658781765;0.0958731120446779;0.7102804386955589;-0.0907749980823805;0.7501384978503194;0.018960398513006474;1.0561058916925927;0.7160514729062764
55.727294;1.047476311116291;0.7500031950688094;0.7160135723764023;0.006483870744009346;0.006188559329462195;10.000077320958233;0.750144656955527;0.012605029455868442;1.0447899230240638;0.7501390136174338;0.09592408384441602;0.7102575734370437;-0.090819998030979;0.7501385681943613;0.019015400010595755;1.0561411054155019;0.71603466802159
56.555386;1.0474988648958268;0.7500036303970755;0.7159989133607129;0.006530778155531867;0.006233205209765481;10.000084702429103;0.750144466591137;0.01260503279936018;1.0447896419319764;0.7501389614769515;0.09596805654917188;0.7102377243515018;-0.09085899797815314;0.7501386379330686;0.019062401733282712;1.056170308618241;0.7160200846797192
57.383477;1.0475176013632013;0.7500038374829644;0.7159866283664149;0.006570526779527224;0.0062710381471810265;10.000091979802901;0.7501442857135666;0.012605035787872594;1.044789355271862;0.7501389095133161;0.09600503005869247;0.7102208901139171;-0.09089199792397556;0.7501387069482038;0.019102403664938428;1.0561955023843745;0.7160077208768273
58.211568;1.0475328197822538;0.7500040246936825;0.7159767119039466;0.006603800558949601;0.0063027100133929;10.000099151729321;0.7501441142917437;0.01260503843413379;1.0447890641311555;0.7501388578093413;0.09603500425592883;0.7102070694250506;-0.09091899786849506;0.7501387751691279;0.019134405789719436;1.0562156877244828;0.7159975748845256
59.03966;1.047544875032472;0.7500034607091122;0.715968223427319;0.006628706575129807;0.006326412243656137;10.000106216010726;0.7501439522405418;0.012605040751808209;1.044788769661904;0.7501388064631443;0.09605897903046363;0.7101972610260013;-0.0909399978117393;0.7501388425553539;0.01915940809038354;1.0562318655311285;0.7159906371199245
60.03966;1.0475565733812986;0.7500045710514067;0.715961560623232;0.0066525073573561536;0.006349061142837266;10.0001131705309;0.7501437994044838;0.01260504275546525;1.0447884729961414;0.7501387555773567;0.0960799542983607;0.7101874636947856;-0.09095899775374676;0.7501389090632627;0.01918241054715617;1.0562460365436328;0.7159834468591456
61.03966;1.0475641536845803;0.7500042451843093;0.7159563250717226;0.006668147787889118;0.0063639448735407006;10.000120013229884;0.750143655541507;0.012605044460221546;1.04478817524637;0.750138705248511;0.09609493000515909;0.7101806762283702;-0.09097199769456497;0.7501389746200461;0.01919841313855143;1.0562572013905278;0.7159784707501262
62.03966;1.0475698231198;0.7500041197817788;0.7159525711529878;0.006679208006853398;0.006374467898525315;10.00012674161981;0.7501435203299143;0.012605045880423953;1.0447878775322337;0.750138655568556;0.09610490611522914;0.710176897443638;-0.09098099763421191;0.7501390391277647;0.019209415843688703;1.056263360642432;0.7159759620642644
63.03966;1.0475729265066611;0.7500037180624268;0.7159502921457596;0.00668658112224041;0.006381486862587916;10.000133352259722;0.7501433933773308;0.012605047028581265;1.0447875809816625;0.7501386066318046;0.0961118825953427;0.7101741262167542;-0.09098699757267668;0.7501391024853412;0.01921641864329266;1.0562685148092341;0.7159740634918651
64.03966;1.0475750721061088;0.7500035742094063;0.7159488995144877;0.006691164404120176;0.0063858485382218685;10.000139840665211;0.7501432742083985;0.012605047915308204;1.0447872867444268;0.7501385585375993;0.09611585939038848;0.7101723615218105;-0.09099099750996714;0.7501391645945411;0.01922142151898655;1.0562716642790997;0.7159729015883771
65.03966;1.0475772135514978;0.7500040594345206;0.7159480964932671;0.006693749004597753;0.006388302330212879;10.000146202096786;0.75014316223423;0.01260504854999889;1.0447869959591376;0.7501385113983366;0.09611783640765643;0.7101716024116765;-0.09099299744614657;0.7501392253500839;0.019223424455012263;1.056272809272099;0.7159724757643079
66.03966;1.0475774421873156;0.7500038036669306;0.7159478801906612;0.006694751473690082;0.00638925749628665;10.0001524324336;0.7501430567113899;0.01260504894203463;1.0447867096763175;0.7501384653423405;0.09611981353452048;0.7101708479683649;-0.0909939973813312;0.7501392846418445;0.01922542744235496;1.0562739498844729;0.7159719205420689
67.03966;1.047578619993513;0.7500042344241914;0.715947657848885;0.006695545911542427;0.00639000825518548;10.000158527971033;0.7501429567378747;0.01260504910187854;1.0447864288254685;0.7501384204828749;0.09611979067168956;0.7101710973025913;-0.09099399731566153;0.7501393423650691;0.019225430478801816;1.0562740861486704;0.7159722271117219
68.03966;1.0475788384599432;0.7500042953385452;0.7159477258463472;0.006695549367270012;0.00639000975929269;10.00016448453275;0.7501428613327507;0.012605049041415057;1.044786154235814;0.7501383768743923;0.0961197677513116;0.7101713495722488;-0.09099399724928815;0.7501393984194407;0.019225433562733495;1.0562742180315368;0.7159725300159729
69.03966;1.047579051404802;0.7500043576099364;0.7159477870387494;0.006695553027225504;0.006390011426744185;10.000170297362445;0.7501427695365814;0.012605048773957425;1.0447858866723176;0.7501383345087147;0.09611974473556223;0.7101716039760032;-0.09099399718237372;0.7501394527029711;0.019225436687173202;1.0562743454210586;0.7159728287008044
70.03966;1.0475783044015892;0.750003736102282;0.7159478400221607;0.006695765159447218;0.006390217872992398;10.000175961391937;0.7501426804467524;0.012605048313991075;1.0447856268379154;0.7501382933443199;0.09611972160775974;0.7101718597793264;-0.09099399711507927;0.7501395051047626;0.01922543983916217;1.0562744681253335;0.7159731227395153
71.03966;1.047578505367509;0.7500041143301585;0.7159481882908074;0.0066947696530617025;0.006389265651377345;10.000181470901863;0.7501425932156972;0.012605047675913908;1.04478537533346;0.7501382533302952;0.09611969837360038;0.7101721163521855;-0.09099399704754722;0.750139555501295;0.01922444300283229;1.0562745858647546;0.7159734117991037
72.03966;1.0475786998885954;0.7500041796929415;0.7159482314057745;0.006694773793638102;0.006389267617167009;10.00018681983879;0.7501425070714942;0.012605046872915226;1.044785132631564;0.7501382144218126;0.09611867507134245;0.7101723731471375;-0.09099399697989996;0.7501396037674273;0.019224446161507498;1.0562746982882742;0.7159736956337707
73.03966;1.0475788876382497;0.7500042456752105;0.7159482689626622;0.006694778057526206;0.006389269653695477;10.000192003062951;0.7501424213361816;0.012605045917569625;1.044784899068765;0.7501381765940869;0.09611865176522716;0.7101726296419334;-0.0909929969122373;0.7501396497931007;0.019224449297364277;1.0562748050267776;0.7159738470267394
74.03966;1.0475790683238275;0.7500046257483595;0.7159486004460437;0.006693782920013627;0.006388317651283497;10.000197016968178;0.7501423354118593;0.012605044822591732;1.0447846748370577;0.750138139851321;0.09611862851825569;0.7101728852883099;-0.09099299684463837;0.7501396934925909;0.01922445239324314;1.0562749057384793;0.7159741201483436
75.03966;1.0475792417988037;0.750004692277735;0.7159486269973581;0.006693787371915634;0.006388319831334433;10.000201859316851;0.7501422487769595;0.012605043600923658;1.0447844600024243;0.7501381042254865;0.09611860538082276;0.710174139494544;-0.09099299677718443;0.7501397348056638;0.019224455436964067;1.056274000138237;0.7159753798305654
76.03966;1.0475794081389476;0.7500047587336233;0.7159486482186406;0.006693791880730019;0.006388322076908617;10.000206528957934;0.7501421610356515;0.012605042266303636;1.0447842545545567;0.7501380697674347;0.09611858240691509;0.7101743916625747;-0.09099299670998037;0.7501397736973848;0.019223458421879495;1.056274088039796;0.7159756423313955
77.03966;1.0475795676200337;0.7500048248870764;0.7159486643258193;0.0066937964131730835;0.0063883243768890615;10.000211025644814;0.7501420719984706;0.012605040833394192;1.0447840584654273;0.7501380365328315;0.09611755966226705;0.7101746412539205;-0.09099299664315527;0.7501398101578776;0.019223461341967563;1.0562741693756106;0.7159758995874168
78.03966;1.04757972060292;0.7500048905194897;0.7159486755228651;0.006693800931269384;0.006388326714592556;10.000215349931695;0.7501419817024141;0.012605039316854378;1.04478387171541;0.7501380045651986;0.09611753721025933;0.7101748878261902;-0.09099299657685966;0.7501398441953145;0.019223464186614473;1.0562742441514466;0.7159761516241763
79.03966;1.047579867451278;0.7500049554460754;0.7159486819571749;0.0066938053959186205;0.00638832906320905;10.00021950302954;0.7501418903372445;0.012605037730958776;1.0447836943036466;0.7501379739044766;0.09611751509599499;0.7101751310229618;-0.09099299651128137;0.7501398758279397;0.019223466940073528;1.056274312387757;0.7159763984114028
80.03966;1.0475800085226272;0.750005019540207;0.7159486837274769;0.006693809770381208;0.006388331383448374;10.000223486741604;0.7501417981732256;0.012605036090120437;1.044783526297046;0.7501379446155373;0.09611749334517955;0.7101753705541441;-0.09099299644666922;0.750139905079125;0.019223469585203;1.056274374115598;0.7159766398580176
81.03966;1.0475801441491794;0.7500050827270026;0.7159486809223937;0.006693814021045747;0.0063883336270665605;10.000227303547115;0.7501417055151892;0.01260503440899097;1.0447833678113714;0.7501379167814632;0.09611747197490468;0.7101756061718104;-0.09099299638331314;0.7501399319769295;0.019223472107768473;1.0562744294145625;0.7159768757817397
82.03966;1.0475802746192386;0.7500051449396122;0.7159486736718735;0.006693818115377311;0.006388335743529045;10.000230956247439;0.7501416126518338;0.012605032702034646;1.0447832188644144;0.7501378904665149;0.09611745100375013;0.7101758376291727;-0.09099299632148226;0.750139956559376;0.019223474498745473;1.0562744784524998;0.7159771058410999
83.03966;1.0475804001961015;0.750005206083843;0.7159486621938779;0.006693822021222101;0.0063883376876894965;10.00023444682691;0.7501415198368055;0.012605030983533874;1.044783079291228;0.7501378656947124;0.09611743045618279;0.7101760646425112;-0.09099299626138375;0.7501399788686719;0.019223476753953618;1.0562745215083598;0.7159773295109502
84.03966;1.0475805211252285;0.7500052660476868;0.7159486467927894;0.006693825708707857;0.006388339422743816;10.000237775636263;0.7501414272933746;0.012605029267437944;1.0447829488305147;0.7501378424528088;0.096117410360681;0.7101762868656554;-0.09099299620315955;0.7501399989420855;0.019223478870662704;1.056274558943321;0.7159775460903834
85.03966;1.0475806376160683;0.7500053247282427;0.7159486278064184;0.006693829153214768;0.006388340916689753;10.000240941990024;0.7501413352264371;0.012605027566146693;1.044782827266329;0.75013782070674;0.0961173907512594;0.7101765038700576;-0.09099299614691277;0.7501400168236392;0.019223480844067248;1.0562745911490137;0.715977754737626
86.03966;1.0475807498431835;0.7500053820449739;0.7159486055541653;0.0066938323379749035;0.006388342141156703;10.000243945372887;0.7501412438473994;0.01260502588936433;1.0447827144907316;0.7501378004210089;0.09611737167672756;0.7101767151342404;-0.0909929960927564;0.7501400325827666;0.0192234826684529;1.0562746185599732;0.7159779545847436
87.03966;1.0475808579584158;0.7500054379386821;0.7159485803079466;0.00669383525453419;0.0063883430759084986;10.000246785885688;0.7501411533720521;0.012605024244428109;1.0447826104539157;0.7501377815742724;0.09611735320065791;0.7101769200731928;-0.09099299604083412;0.7501400463147289;0.01922348433980942;1.0562746416540638;0.7159781448608801
88.03966;1.0475809621104049;0.7500054923531954;0.7159485522829797;0.006693837900849877;0.006388343711665788;10.00024946389376;0.7501410640265547;0.0126050226375011;1.0447825150753025;0.7501377641592852;0.0961173353881875;0.7101771181235318;-0.09099299599130313;0.7501400581253096;0.01922348585483429;1.0562746608551405;0.7159783249524615
89.03966;1.0475810624807649;0.7500055452108224;0.7159485216505254;0.006693840279265496;0.0063883440471553445;10.000251979886258;0.7501409761116358;0.012605021074010013;1.0447824281887903;0.7501377481588535;0.0961173182914345;0.7101773088273864;-0.09099299594432211;0.7501400681228846;0.019223487209793957;1.056274676466903;0.7159784944274823
90.03966;1.047581159245131;0.7500055964036525;0.7159484885650189;0.006693842395698961;0.006388344084526173;10.000254334926797;0.7501408900239583;0.012605019558323003;1.044782349540441;0.7501377335265346;0.09611730194227251;0.7101774918515823;-0.09099299590004044;0.7501400764304276;0.019223488401813656;1.056274688681505;0.715978653016607
91.03966;1.0475812524336148;0.7500056458012102;0.7159484532024851;0.006693844258946577;0.006388343828796869;10.000256530701995;0.7501408061890767;0.012605018094055209;1.0447822788225098;0.7501377201976781;0.09611728635519617;0.7101776669328479;-0.09099299585857576;0.7501400832009354;0.01922348943038731;1.0562746975715498;0.7159788005541151
92.03966;1.0475813418549904;0.7500056932696981;0.7159484158092367;0.0066938458799335075;0.006388343292315336;10.000258569049691;0.7501407250373107;0.012605016685068953;1.0447822156734117;0.750137708109871;0.09611727153445038;0.7101778337943709;-0.09099299581999341;0.7501400886045444;0.01922349029810942;1.0562747031292143;0.7159789369337544
93.03966;1.0475814271829236;0.750005738697969;0.7159483767615455;0.006693847271546558;0.006388342498202613;10.00026045204306;0.7501406470426052;0.012605015336061575;1.0447821596265308;0.7501376972173979;0.09611725748399856;0.710177992102123;-0.09099299578429536;0.7501400927905926;0.01922349100934789;1.05627470542551;0.7159790621139508
94.03966;1.0475815080780837;0.7500057820072106;0.7159483366254858;0.006693848448173051;0.006388341478124836;10.000262182081888;0.7501405727056188;0.012605014052431215;1.044782110092211;0.7501376874960756;0.09611724422088382;0.7101781414625534;-0.09099299575143317;0.750140095871;0.019223491567373404;1.0562747047436654;0.7159791761487302
95.03966;1.0475815841745038;0.7500058231271752;0.7159482961500543;0.006693849424749225;0.0063883402684027524;10.000263761345728;0.7501405025015713;0.012605012839817471;1.044782066411959;0.7501376789218062;0.09611723177919489;0.7101782814439916;-0.09099299572134266;0.7501400979371071;0.019223491974035917;1.0562747015402734;0.7159792791636096
96.03966;1.047581654966355;0.7500058619538224;0.7159482561472045;0.006693850216921173;0.00638833890862428;10.000265191804447;0.7501404368662183;0.012605011703809527;1.0447820279420201;0.7501376714427735;0.096117220200426;0.7101784116117381;-0.09099299569397282;0.7501400990793379;0.019223492232763286;1.0562746963215264;0.7159793712937087
97.03966;1.0475817198056605;0.7500058983188034;0.7159482173545212;0.006693850842181646;0.006388337441696138;10.000266475940053;0.750140376185866;0.012605010650244695;1.0447819941277388;0.7501376649821034;0.09611720952595612;0.7101785315278868;-0.09099299566930043;0.7501400993991613;0.019223492351953312;1.056274689566713;0.7159794527066672
98.03966;1.0475817780949483;0.7500059319896971;0.7159481803994542;0.006693851319876472;0.006388335913707312;10.00026761685596;0.7501403207892068;0.012605009685539707;1.0447819645483334;0.750137659457854;0.09611719979565722;0.7101786407299546;-0.09099299564732656;0.7501400990218505;0.01922349234658247;1.0562746817105975;0.7159795236817922
99.03966;1.0475818295134913;0.750005962692789;0.7159481458487065;0.00669385167045097;0.006388334374596893;10.000268617523991;0.7501402709817035;0.012605008816145954;1.0447819389196267;0.7501376547954745;0.09611719104834894;0.7101787387310051;-0.09099299562805022;0.750140098105601;0.019223492238491038;1.0562746731740802;0.7159795846209056
100.0;1.04758187406264;0.7500059901359876;0.7159481142681691;0.006693851915159442;0.006388332879877944;10.000269479995758;0.7501402270786683;0.012605008047797002;1.0447819170679264;0.7501376509330088;0.0961171833269894;0.7101788250285985;-0.09099299561144238;0.7501400968339439;0.019223492056880002;1.0562746644040286;0.7159796360023221
