time;BusPDR_BUS_Voltage;BusPDR_BUS_ActivePower;BusPDR_BUS_ActiveCurrent;BusPDR_BUS_ReactivePower;BusPDR_BUS_ReactiveCurrent;StepUp_Xfmr_XFMR_Tap;Wind_Turbine_GEN_ActivePowerSetpointPu;Wind_Turbine_GEN_ReactivePowerSetpointPu;Wind_Turbine_GEN_AVRSetpointPu;Wind_Turbine_GEN_InjectedActivePower;Wind_Turbine_GEN_InjectedReactivePower;Wind_Turbine_GEN_InjectedActiveCurrent;Wind_Turbine_GEN_InjectedReactiveCurrent;Wind_Turbine_GEN_ActivePowerPu;Wind_Turbine_GEN_ReactivePowerPu;Wind_Turbine_GEN_MagnitudeControlledByAVRPu;Wind_Turbine_GEN_InjectedCurrent
0.0;1.045096339092132;0.7503117808013807;0.7176938254549043;0.4001102439963953;0.3831431668987048;9.99620506913417;0.7503211226114682;0.41638383470590135;1.0540026872781119;0.750247731534352;0.5156027077681211;0.6707515376519899;-0.46092979421628466;0.7500895175348253;0.4160310354201095;1.1187523709945595;0.8140208508456004
0.0;1.0450801796894618;0.7503031203505328;0.7177016140301122;0.40010587852899876;0.3831381675574271;9.996286784111394;0.7503183227783174;0.4163792343341724;1.0540063745630817;0.7502448212520941;0.515598811080861;0.6707509681107384;-0.4609287982987149;0.7500902571307475;0.41603297318509774;1.1187451015334917;0.8140152928005553
1e-06;1.0450641073317464;0.7502948317043633;0.7177097191196478;0.4001005371377201;0.38313224119760586;9.996369096288532;0.7503155279113921;0.41637464469618113;1.0540100912387194;0.7502419261549191;0.5155929289052904;0.6707503961546619;-0.46092580239360437;0.7500909910114036;0.41603391501943693;1.1187368927819794;0.8140086241989362
1e-06;1.0450468563647863;0.7502856049896518;0.717717747964603;0.40009196552921883;0.38312369760878023;9.996451860001383;0.7503127414048031;0.4163700700867981;1.054013834041999;0.7502380465605939;0.5155860626081716;0.6707498228912196;-0.46092180649477016;0.7500907165124013;0.41603285599010575;1.1187287522297105;0.8140014169308506
2e-06;1.045028776936105;0.7502756820104576;0.7177256832812257;0.40007998989821775;0.3831122463044202;9.996534936706997;0.7503099660211833;0.41636551466910743;1.0540175997139598;0.7502331828714077;0.5155732135829875;0.6707492493656425;-0.46091381059628744;0.750089431032854;0.4160267913664983;1.118717686972274;0.8139919779919292
4e-06;1.0450063822250717;0.7502613510112138;0.7177323613888108;0.4000576588968191;0.3830925148142733;9.99661819898594;0.7503072037045649;0.416360982573885;1.0540213848657098;0.7502243356388086;0.5155493834702007;0.6707486765047592;-0.46089881469257765;0.7500841319781744;0.41601171661255837;1.1187017038632328;0.8139786145161986
8e-06;1.044977801837575;0.7502408794439536;0.7177374030026862;0.4000158172282043;0.3830564274242795;9.996701527461402;0.750304455906664;0.41635647788228497;1.0540251860836256;0.7502085055083123;0.5155045741545238;0.6707481050788715;-0.460866818778412;0.7500718168817201;0.4159766274079123;1.1186758093397755;0.8139556689157971
1.7e-05;1.0449345046548622;0.7502058881502562;0.7177386448912222;0.3999358614724603;0.38298930239120027;9.996784805144234;0.7503017241720984;0.41635200439653675;1.0540290000729649;0.7501796931301961;0.51541478748837;0.6707475356593073;-0.4608028228488929;0.7500464836146035;0.41590151974413486;1.1186310089215996;0.8139146528610487
3.3e-05;1.0448638563024157;0.7501436561037265;0.7177325874186335;0.39977972092411374;0.3828593151902431;9.99686791714079;0.750299010385169;0.41634756547372387;1.0540328234580665;0.7501218991307466;0.5152390251651566;0.67074696860917;-0.46067682689949185;0.7499921304599776;0.41574939000205396;1.1185473072024161;0.8138385901724314
6.7e-05;1.0447364009528881;0.7500270713798892;0.7177135142113789;0.3994700199505867;0.38260314196384104;9.996950754941706;0.7502963166099632;0.4163431641165892;1.0540366525671887;0.7500101241238224;0.5148902888096399;0.6707464041723634;-0.46042383092606604;0.7498837560106784;0.41544023489085186;1.1183847084387069;0.8136907159369846
0.000133;1.0444974606320214;0.74980171671689;0.7176668911096856;0.3988576185375855;0.38209786084390257;9.997033217523994;0.7502936448558972;0.41633880307458726;1.054040483559562;0.7497903686440139;0.5141975800400418;0.6707458425773025;-0.45992183492473826;0.7496673590246329;0.414823051319722;1.118068216926601;0.8134021139562381
0.000267;1.0440382010005334;0.7493633924945219;0.7175676965712704;0.397646958941671;0.38109968754848167;9.997115210704793;0.7502909969478422;0.41633448478930507;1.0540443127768802;0.7493566330740237;0.5128289004599693;0.6707452840041451;-0.4589288388917329;0.7492369383753801;0.4135958362872255;1.1174448368823742;0.8128364202759993
0.000533;1.043150501586466;0.7485166272198522;0.7173715742134686;0.39527768607496805;0.3791456876590106;9.997196649476564;0.7502883745979351;0.41633021145640775;1.054048137161894;0.7485139176958303;0.5101512516843217;0.6707447285124408;-0.4569908428233849;0.7483974930469979;0.41119058677134335;1.1162295722155384;0.811739144219118
0.0008;1.0422864758030121;0.7476985081124587;0.7171862533263187;0.39297737596274956;0.37724612442273797;9.997277460000012;0.7502857796501758;0.4163259852877729;1.054051954498591;0.7477002227160895;0.5075536353953832;0.6707441760881842;-0.45511384671629207;0.7475870221238198;0.4088542996967566;1.1150464264873154;0.8106793484844084
0.001067;1.0414457888721493;0.7469081442495655;0.7170111427796994;0.39074460744649536;0.37540001740307116;9.997357578643731;0.7502832143253415;0.4163218086105288;1.0540557632440473;0.7469145482429631;0.5050340533311275;0.6707446266811223;-0.4532978505674091;0.7468045248467545;0.40658797205856484;1.113896402970935;0.8096575858470425
0.001333;1.040629721960845;0.7461448726699447;0.7168447534442298;0.38858066193218166;0.3736083911639215;9.997436948152576;0.7502806813329167;0.41631768369199407;1.0540595621994058;0.7461558944285095;0.5025935072336815;0.6707450801400211;-0.45154185437405364;0.7460490006783965;0.4043906010129919;1.1127795047024247;0.8086722029439927
0.0016;1.0398376013583377;0.7454088908980353;0.7166877677587795;0.3864836807126713;0.37186995245562227;9.997515511186345;0.7502781837485878;0.4163136125857491;1.0540633505271937;0.7454232616649502;0.500231998813527;0.6707465361919216;-0.449842858133861;0.7453194492459457;0.4022631837872969;1.1116967345951416;0.8077221024259222
0.001867;1.0390688243347432;0.7446975866327848;0.7165381147818001;0.38445571608540663;0.37018713191982944;9.997593205344655;0.7502757246268378;0.4163095971471084;1.0540671281051617;0.7447166505817083;0.4979475295439899;0.6707489945042212;-0.44820086184470975;0.7446158702164104;0.4002047176836203;1.1106470955350318;0.8068070499766062
0.002133;1.0383249367267062;0.7440123700016273;0.7163961088025781;0.38249363527079616;0.36855659741134406;9.997669964543718;0.7502733064380797;0.41630563904178425;1.0540708955369198;0.7440360618992999;0.49574010030799104;0.6707514547396358;-0.4466148655046557;0.7439382632819932;0.39821420030636095;1.1096295902935616;0.8059254311225827
0.0024;1.037604057292961;0.7433516202621424;0.7162615109666499;0.38059699793295027;0.36697881765928597;9.997745724407181;0.7502709307014823;0.4163017396461983;1.0540746536669712;0.743379496330668;0.49360771136191306;0.6707549165818179;-0.44508286911191147;0.7432846282889464;0.3962906296491028;1.1086462212906916;0.8050767533286759
0.002667;1.0369071290182756;0.7427157655565617;0.716134105092522;0.37876666444652285;0.3654545033635558;9.997820425087196;0.7502685982038325;0.4162979000472694;1.0540784033531463;0.742746954615003;0.49154936267058175;0.6707593797512837;-0.44360387266491297;0.7426549653072204;0.39443300389370556;1.107694990396803;0.8042602614155137
0.002933;1.036232874632703;0.742101863766426;0.7160119556495171;0.3769985218752344;0.363980343905073;9.997894011457296;0.7502663094823679;0.4162941211758852;1.0540821457345713;0.7421374376309213;0.48956305418404467;0.670765844010224;-0.4421768761624029;0.7420482744741487;0.392640321213256;1.1067748989799795;0.803476045310049
0.0032;1.035581295416791;0.741512195877337;0.7158972815613733;0.37529209797950674;0.362556074823221;9.997966434672502;0.7502640650260084;0.4162904038371749;1.0540858823263732;0.7415519464320697;0.48764878585984284;0.6707723092145729;-0.44079987960336064;0.7414655557827433;0.39091057980155536;1.1058869481167326;0.8027211519887839
0.003466;1.034951788611903;0.7409445236268642;0.7157883564143306;0.3736485254074971;0.36118318617821493;9.998037653410414;0.7502618652126188;0.4162867486216003;1.0540896144838694;0.7409874820807816;0.48580355750209736;0.670779775432708;-0.439471882986799;0.740903809070225;0.3892437780549623;1.1050291386344255;0.8019956945926949
0.003733;1.0343446205724511;0.7403985751577582;0.7156847488809095;0.37206348333974554;0.359857585234194;9.998107631047919;0.7502597103070322;0.4162831558453339;1.0540933426507082;0.7404460454418546;0.4840253686094895;0.670789242948932;-0.43819288631171016;0.74036503415082;0.3876369146541564;1.1042014708175583;0.80130034644799
0.004;1.0337582465543043;0.7398752896009025;0.7155884524000714;0.370536155822392;0.35857918475696304;9.99817633151892;0.7502576006486203;0.41627962562482124;1.0540970662380162;0.7399256371917021;0.48231421835320953;0.670799712153527;-0.43696088957729085;0.7398472309002472;0.38608898849881657;1.1034039440497332;0.8006330218417401
0.004266;1.0331936074592394;0.7393721799007118;0.7154964236516225;0.3690664046466708;0.35734768044535575;9.998243718740552;0.7502555366974567;0.41627615812457686;1.0541007843892698;0.739426257952492;0.48066710565308896;0.6708111835298871;-0.4357738927831131;0.7393503992484751;0.384598998752155;1.1026345569574314;0.7999924847398423
0.004533;1.0326484820811677;0.738889060492407;0.7154100332691686;0.367652469681356;0.35616228559113944;9.998309758763073;0.7502535188063767;0.41627275385309753;1.0541044969437259;0.7389469083427729;0.47908402933116107;0.670823657682743;-0.4346318959289862;0.7388735391704097;0.38316594501152956;1.1018933080283038;0.7993785999027524
0.0048;1.0321238101571166;0.7384267850329993;0.7153294685603708;0.36629103950694153;0.35501960526329396;9.998374421047433;0.7502515470844886;0.4162694137067756;1.0541082047227064;0.7384885889244768;0.477561988241993;0.6708381352640875;-0.43353389901482947;0.7384176507077116;0.3817878273269475;1.1011801959091134;0.7987915338434857
0.005066;1.0316180454983763;0.7379833129736887;0.715253835711125;0.36498355996463305;0.353921702397286;9.998437678005091;0.7502496214488894;0.4162661386357912;1.0541119090063262;0.7380493001633839;0.47609898125829886;0.6708536168126331;-0.4324779020407299;0.7379807339190992;0.38046264608352787;1.100494219095731;0.7982292411165426
0.005209;1.0313508006623324;0.7377520541525038;0.7152183597877939;0.3643040693522964;0.3533502888974887;9.998499504596518;0.7502477416472528;0.4162629292932471;1.0541156109552627;0.7378210425209749;0.4753390071208724;0.6708631025739624;-0.43192890500690734;0.7377547887451601;0.37977640191824164;1.1001353755733205;0.7979373541720289
0.005209;1.0313410448501428;0.7377472752376715;0.7152237753399381;0.3643021830797816;0.3533477742989059;9.998559879528276;0.750245907205228;0.41625978601274394;1.054119311523441;0.7378198165776608;0.4753380643090552;0.6708625924043063;-0.4319289079135566;0.737755814957869;0.37977909565404727;1.100132662882411;0.7979344944723985
0.00521;1.0313292746285132;0.737740563744835;0.7152286177779904;0.36429479245517254;0.35334070143353036;9.99861878628806;0.7502441175118789;0.4162567088948409;1.0541230114712812;0.7378166230411143;0.4753311511620136;0.670862085856208;-0.4319249107607791;0.737754812317491;0.37977572826693773;1.100127078310221;0.79792956747233
0.005211;1.0313180502508599;0.7377351899767753;0.7152342851458098;0.36428762089954314;0.353333744732813;9.998676211286794;0.750242371975412;0.41625369768808906;1.0541267110829096;0.7378134626835852;0.47532426617888657;0.6708615824196791;-0.43192091354857454;0.7377537807853405;0.37977330083887334;1.100122618661206;0.7979247405791106
0.005214;1.0313054192004991;0.7377274482470968;0.7152385411195511;0.3642748654400624;0.35332194592387783;9.998732141219538;0.7502406699164862;0.4162507517169056;1.0541304097961346;0.7378093362654332;0.4753124081821965;0.6708610817344902;-0.4319119162767723;0.7377517205464527;0.3797648144163447;1.1001142800285073;0.7979173089980278
0.005218;1.0312882932252547;0.7377157269698061;0.7152419680975087;0.3642528957477012;0.3533028423515061;9.998786563101605;0.7502390104369051;0.4162478701472266;1.0541341061872447;0.7378012444679262;0.47528757633406005;0.6708605836573956;-0.4318949189449478;0.7377456319275499;0.37974626989029986;1.1001010580859918;0.7979056507795279
0.005227;1.0312637767098543;0.7376979653208962;0.715244578766567;0.3642090258768057;0.35326512129344284;9.998839465322718;0.7502373926554926;0.4162450522777851;1.0541377983363749;0.7377861878491396;0.4752397700971512;0.6708610882254386;-0.4318609215524961;0.7377325154478034;0.37970566792048116;1.1000769485135347;0.7978857374594664
0.005245;1.031222722163408;0.7376650190159971;0.7152438530151229;0.36412254303465674;0.35319182364734114;9.998890836868014;0.7502358160217227;0.4162422976155556;1.0541414840162748;0.7377571668079675;0.4751449889857556;0.6708615955488867;-0.4317929240989136;0.737705371891399;0.3796230088467054;1.1000309471999137;0.7978475305251278
0.005281;1.0311515408160783;0.737605127315756;0.715237813546935;0.3639544977359749;0.35304981414688;9.998940666826618;0.7502342801609085;0.4162396059502059;1.0541451607245265;0.7377001816221677;0.47495723226639913;0.670863105711304;-0.4316579265840512;0.7376502021649424;0.3794542926773015;1.0999410501455968;0.7977740210163266
0.005353;1.03101639569464;0.7374907111086422;0.7152231872497933;0.3636198679984348;0.3527681671616323;9.998988947981472;0.7502327843882947;0.41623697750955974;1.0541488260583154;0.7375882326033609;0.47458449894172455;0.6708676187598829;-0.43138892900813863;0.7375400070403277;0.3791195192194011;1.0997652532823174;0.7976306756481748
0.005497;1.0307610537457765;0.7372698279405057;0.7151885989773455;0.36296602741713335;0.352217902909387;9.999035682126324;0.7502313275836154;0.41623441298635616;1.0541524781112417;0.7373703202554731;0.473853787836844;0.6708781347494637;-0.4308609313716934;0.7373237870653484;0.37845668827756773;1.0994205524996645;0.7973525607160139
0.005784;1.0302714346093615;0.7368468820361257;0.7151204319371882;0.3616984004558162;0.3511515780495353;9.999080880394702;0.7502299085566317;0.4162319133365867;1.0541561154640242;0.7369504453275417;0.47243909762565367;0.6708986538044136;-0.42983793367544776;0.7369055426759187;0.3771727997848676;1.0987549435539055;0.7968160781082043
0.006071;1.0298022626806655;0.7364456246296296;0.7150589828036673;0.3604864551457479;0.3501314647467227;9.999124557628463;0.7502285264264902;0.41622947950644495;1.0541597370575004;0.7365516086772659;0.4710864268963357;0.6709221761882098;-0.428858935920281;0.7365082742994238;0.3759448537910243;1.0981174216902692;0.7963068844643977
0.006359;1.0293538730378597;0.7360637418961599;0.7150017850641331;0.3593278753446297;0.3491553198439111;9.999166728519318;0.7502271806615732;0.4162271122493731;1.0541633421515115;0.7361718109697619;0.4697937741954305;0.6709467022951563;-0.42792293810715626;0.7361299823965698;0.3747698504123947;1.0975069815314535;0.795822645070669
0.006646;1.0289240422876127;0.7357023602574441;0.7149514897327152;0.35822033797727776;0.34822175126476235;9.999207410299322;0.7502258708635404;0.41622481208379764;1.0541669302491423;0.7358130524959928;0.4685601380775701;0.6709742325225785;-0.42702794023708557;0.7357726675193413;0.37364778988944547;1.0969236174936334;0.7953638659199488
0.006934;1.0285127671134635;0.7353595303734716;0.7149062167917514;0.3571630423430788;0.3473300822758917;9.999246626989414;0.7502245965746143;0.4162225793734576;1.0541705008632634;0.7354723332199419;0.46738251728784824;0.6710027671285989;-0.4261749423111461;0.7354333303006391;0.3725766726945818;1.0963653242152012;0.7949292992342839
0.007221;1.0281197067209316;0.7350350530474467;0.7148660204780795;0.35615281547047184;0.3464774368098785;9.99928441002079;0.7502233570752183;0.41622041443394797;1.0541740531204928;0.7351506528256665;0.4662609109499275;0.6710333061591465;-0.42536094433049937;0.7351129713474108;0.37155449957107073;1.0958320967332862;0.7945180862826896
0.007509;1.0277445934958338;0.7347298932007001;0.7148320370848399;0.3551917546979139;0.3456660336868386;9.999320794360369;0.7502221511976771;0.41621831755390193;1.0541775855610926;0.734847010725957;0.46519131854053936;0.6710648494792667;-0.4245849462963458;0.7348105911807189;0.37058027149593853;1.0953229306508834;0.7941287621389403
0.007796;1.0273858089227659;0.7344412127645281;0.7148026423422684;0.35427513443225445;0.34489190199204406;9.999355811720902;0.7502209774557916;0.4162162889442868;1.0541810962934899;0.7345604061555007;0.4641737396585017;0.6710993969177376;-0.4238459482098439;0.7345251902265715;0.36965198961016477;1.0948368221099631;0.7937624028022814
0.008083;1.0270442927932524;0.7341701385954138;0.7147782890962322;0.3534019923821855;0.3441538642387802;9.999389485560153;0.750219834294328;0.41621432873006914;1.0541845831078998;0.7342918382593415;0.46320617386382723;0.6711349484245367;-0.4231429500720665;0.7342577687924978;0.36876865513642876;1.0943747674578264;0.7934167101217732
0.008371;1.0267181611015348;0.7339163960832015;0.7147600312091429;0.3525714703796312;0.3434517865410528;9.999421831653201;0.7502187199714346;0.4162124369590262;1.0541880434930473;0.7340403061142537;0.46228662073573534;0.6711735041713767;-0.4224759518840216;0.7340073270928525;0.3679282692570689;1.0939337630756951;0.7930933064715564
0.008658;1.026407411699719;0.7336780441414654;0.7147459883724793;0.3517828069889485;0.3427849920231701;9.999452862877256;0.7502176322178398;0.4162106135448098;1.0541914748289374;0.7338038088232629;0.4614140799951155;0.671213064620061;-0.4218419536466476;0.7337718653246313;0.3671298329750351;1.0935148053085957;0.7927888373190556
0.008946;1.0261120418925267;0.733456116070042;0.7147371767841976;0.3510330414850391;0.3421506562766382;9.999482592948121;0.7502165681872628;0.41620885820973874;1.054194874478289;0.733584345665438;0.46058755161762444;0.671254630542733;-0.4212399553607173;0.7335533837260336;0.3663723469917244;1.0931158903522238;0.7925035586129885
0.009521;1.025568616938262;0.7330589666788963;0.7147303479696377;0.34964898706420244;0.3409801056672626;9.99951103534926;0.7502155246893133;0.416207170482212;1.0541982394160372;0.7331889160949728;0.4590610359269175;0.6713442029427763;-0.4201309570268103;0.7331588825922106;0.36497081162104866;1.0923780147172701;0.791990326595493
0.010038;1.0251261906972882;0.7327513342302592;0.7147403619710394;0.348526169157979;0.34002977046888494;9.99953820106375;0.7502144983992012;0.4162055497064572;1.054201565726731;0.7328835196094091;0.45782853354849196;0.6714297829022359;-0.41923495864543375;0.7328543622527882;0.36383422680504934;1.091778176064182;0.7915878111828148
0.010555;1.0247245009487802;0.7324873597388858;0.7147645259130962;0.347513237067945;0.33917245405821805;9.999564100123353;0.7502134861065475;0.41620399508710304;1.0542048485126874;0.7326211557027033;0.4567190451995676;0.6715223714764516;-0.41842996021714174;0.7325928231126;0.36280959219058156;1.0912353732062205;0.791240260778884
0.011073;1.0243609867642742;0.7322650586747786;0.7148027055806373;0.3466037004100557;0.3384028740405047;9.999588744010056;0.7502124850171997;0.41620250585210256;1.0542080825492863;0.7324018239079176;0.45572757148430076;0.6716199696910143;-0.417709961742535;0.7323742657700074;0.36189090721797396;1.0907456051206228;0.7909426004030126
0.01159;1.0240347051888241;0.7320837738329911;0.7148549306102643;0.3457908263696697;0.33771494265040086;9.99961214461134;0.7502114928528937;0.41620108143936413;1.054211263454116;0.7322205237865483;0.4548461128910522;0.6717235785633624;-0.41707096322217974;0.7321936910419001;0.3610701713253475;1.0903078699537385;0.7906933905477332
0.012107;1.0237415525733953;0.7319389107604168;0.7149195894884364;0.34506847903474314;0.33710416812425836;9.999634312871088;0.7502105077261255;0.41619972146423095;1.0542143883226898;0.7320782549029761;0.4540676699689973;0.6718321990734446;-0.41650796465653717;0.7320520998923762;0.36034138421666995;1.0899161647332998;0.7904889934419527
0.012625;1.023481189533731;0.7318290261784703;0.7149955162466232;0.3444308531517046;0.3365651137708069;9.999655261701667;0.7502095280662398;0.41619842544123914;1.0542174554124377;0.7319700168585391;0.4533862434491422;0.6719458320769033;-0.4160149660459319;0.7319444933644991;0.3596995459872614;1.089569485752459;0.7903261205377574
0.013142;1.0232507912464508;0.7317531328169425;0.7150837237080642;0.34387376576758716;0.3360947247257328;9.999675011793704;0.7502085527204932;0.4161971924752153;1.0542204635699288;0.7318958093070572;0.45279483421263383;0.6720644782334628;-0.41558996739062437;0.7318708725244971;0.35913865710726633;1.0892638290944874;0.7902036129878273
0.013659;1.0230477956803055;0.7317076755030042;0.7151825293757683;0.34338920910472215;0.33568610049838365;9.999693593784787;0.7502075809062069;0.41619602110166876;1.0542234116139164;0.731851631916283;0.4522874432643591;0.6721871380448053;-0.4152259686909586;0.7318272385114947;0.35865371832916926;1.088998190787758;0.7901168493185388
0.014177;1.022871596344635;0.7316915151773546;0.7152912424366001;0.34297555373043104;0.3353379154543024;9.99971104297419;0.7502066118125592;0.416194909366204;1.0542262976633339;0.731837484317838;0.45185907176906936;0.6723158119515782;-0.41492096994738525;0.7318135926543814;0.3582387305264774;1.0887675666811447;0.7900664071744105
0.014694;1.0227186891633206;0.731702238639989;0.7154099514539978;0.34262544403999373;0.33504418275583564;9.999727392084257;0.7502056442772742;0.41619385507256723;1.054229118924273;0.7318503660618013;0.45150372104749514;0.6724475003731611;-0.4146699711603187;0.7318269364432196;0.3578896945746496;1.088570952540725;0.7900470463941172
0.015212;1.0225887318661504;0.7317386804669891;0.7155377531004192;0.3423354306847593;0.3348016849913702;9.999742667587652;0.7502046769679255;0.41619285600816414;1.0542318719056039;0.7318882766145213;0.45121739255011023;0.6725842037133661;-0.41446997233001087;0.7318652713813607;0.35760161138770885;1.0884063443518277;0.7900588441985328
0.015729;1.022481119688023;0.7317994379029226;0.7156736946402489;0.34210164958955974;0.33460687601483985;9.9997568902481;0.7502037087855807;0.416191910098374;1.054234552661357;0.7319502153979633;0.45099408781253636;0.6727239223747425;-0.41431697345658924;0.7319275988858954;0.3573704820358317;1.0882707381178673;0.7900979592041582
0.016246;1.0223910707038373;0.7318816542146002;0.7158183254044654;0.3419181912639304;0.334455566869021;9.999770079586657;0.7502027389435861;0.41619101555525057;1.0542371571845652;0.7320351817719368;0.4508288083094565;0.6728686567775646;-0.41420697454026456;0.7320129202621707;0.3571913077594898;1.0881611293475204;0.7901639654284989
0.016764;1.0223202016625044;0.7319850837116758;0.7159702694662666;0.3417831026358788;0.33434533653644505;9.999782257685572;0.750201766818779;0.4161901709802834;1.0542396819494435;0.7321391749371672;0.4507185552956624;0.6730154073949702;-0.41413697558151;0.7321172366873014;0.35706008986370646;1.0880775133745249;0.790252711788857
0.017281;1.0222650104593138;0.7321066227260489;0.71612893932434;0.34169100094383736;0.3342720781281885;9.999793449187692;0.7502007919372392;0.41618937526126787;1.0542421242430844;0.7322631938710489;0.4506583298078441;0.6731661747498382;-0.41410497658104134;0.7322415491234736;0.35697482954390997;1.0880158861735987;0.7903648350534613
0.017798;1.0222260966265713;0.7322465117886031;0.716294146006944;0.3416398518011827;0.3342336136162158;9.999803680007266;0.7501998139389024;0.41618862730495626;1.0542444821415258;0.7324042373598006;0.4506441328188516;0.6733199593832511;-0.41410597753981476;0.7323828581812039;0.35692952762020924;1.0879762444268128;0.7904968502407403
0.018316;1.022200974703245;0.7324023936429427;0.7164653202934007;0.34162698948662884;0.334228152238543;9.99981297662366;0.7501988324367872;0.41618792590652015;1.0542467542484426;0.7325613040727742;0.4506719653151884;0.6734767618484575;-0.41413997845917644;0.7325401641107098;0.3569231843818431;1.0879565850337;0.7906487476568013
0.018833;1.0221880228967368;0.7325727382850873;0.7166420974623523;0.34164718677952854;0.33425111142550806;9.999821366837683;0.750197847135386;0.41618726982160714;1.0542489394740686;0.732733392617467;0.45073882818462374;0.6736355826003836;-0.4142019793408685;0.7327124669776688;0.3569507997159534;1.0879539049982685;0.7908170493649453
0.01935;1.0221875777529232;0.7327562432463645;0.7168229624740179;0.3416986137038036;0.33430058912083543;9.999828881965616;0.7501968581580031;0.416186657787539;1.0542510369680909;0.7329185015467539;0.4508407221247664;0.6737964217667938;-0.41429098018682076;0.7328977668583526;0.35701037331479873;1.087967201824439;0.7910012271664463
0.019868;1.0221980172795908;0.7329526087432549;0.7170087544691558;0.3417786634296423;0.3343745617107006;9.999835559125206;0.7501958662032965;0.41618608844756627;1.054253046101192;0.7331166293283489;0.4509756476785703;0.6739602790392282;-0.4144039809989733;0.733096063945257;0.3570979048463927;1.0879954738721944;0.7912005593206519
0.020385;1.0222174575703067;0.7331603370357342;0.7171993249809658;0.3418839650963915;0.3344703426508534;9.99984144068582;0.7501948726244762;0.4161855603540547;1.0542549664777734;0.7333247743765436;0.4511396052862416;0.6741251537627816;-0.41453798177922;0.7333043585522795;0.35721239415948564;1.0880377203549978;0.7914117702032778
0.020903;1.022246235004179;0.7333781273142973;0.7173931604249573;0.3420126939039735;0.3345860307471374;9.999846568588852;0.7501938794054448;0.4161850720580071;1.054256797904561;0.7335439351802964;0.45133059532014785;0.6742920450722185;-0.41469298252943504;0.733523651050121;0.35735084142202705;1.0880919410796293;0.7916357121630058
0.02142;1.0222833260192576;0.7336052303944409;0.7175902403634972;0.3421621417701757;0.3347193049738295;9.999850977559248;0.750192888765444;0.416184622257192;1.054258540256081;0.7337721103747966;0.4515446180635911;0.6744609519412257;-0.4148649832514851;0.7337519418442733;0.3575102471336983;1.088157136254804;0.7918702907811404
0.021937;1.022326583215238;0.7338392180403154;0.7177896911376359;0.34233044528680395;0.3348690386331101;9.999854693997499;0.7501919028830192;0.4161842099377449;1.054260193365143;0.7340082987060347;0.4517806735890498;0.6746308732103622;-0.41505298394716317;0.733988231382746;0.3576886120886369;1.088231306742348;0.7921141314518326
0.022455;1.0223762620918146;0.7340813673669774;0.7179925773672795;0.34251514080154477;0.3350327313450278;9.999857739023252;0.7501909240920619;0.41618383431039885;1.0542617569689159;0.7342514989979236;0.45203476165435724;0.6748008077169367;-0.41525498461819;0.7342315201080823;0.35788293722946524;1.0883154544751341;0.7923653359752498
0.023489;1.0224943792926422;0.7345829941854368;0.7184011189649093;0.3429258989007799;0.33539510314347154;9.999860127939685;0.7501899549023002;0.4161834945821563;1.0542632308273185;0.7347537101322387;0.4525908817028382;0.6751447544158936;-0.4156929852662633;0.7347338084449279;0.35831422343021946;1.0885045824078845;0.7928884616208819
0.023972;1.0225542536277858;0.734822769064655;0.7185944096531176;0.3431328233146878;0.3355772147093137;9.999861868074898;0.750188997634078;0.41618318984551356;1.0542646151316615;0.734994931022989;0.4528670329355266;0.6753057123565744;-0.41591098589298225;0.7349750968293556;0.3585314714399494;1.0885996939162967;0.7931404579629937
0.023972;1.0225523308111868;0.7348219201387878;0.718595778096704;0.34313269051880285;0.3355771413201426;9.999862963283077;0.7501880541604193;0.4161829192038666;1.0542659106153502;0.7349951605950957;0.45286721446009326;0.6753056806162975;-0.41591098649976666;0.7349753856890696;0.35853168199102187;1.0885987920088869;0.7931410695473913
0.023974;1.0225504777557022;0.734821723824735;0.7185977116681964;0.3431338825136741;0.3355783741755424;9.999863422850916;0.7501871259068952;0.4161826818981468;1.0542671180454912;0.7349963977399032;0.45286942548376624;0.675306658345858;-0.41591198708789107;0.7349766754568402;0.3585328558779831;1.088598878812841;0.7931430709767624
0.023977;1.0225490306105363;0.7348228039864804;0.7186005832218614;0.3431352660729984;0.3355796920582767;9.999863265401663;0.75018621405448;0.416182477210406;1.0542682379565895;0.7349976412710082;0.45287066539956083;0.6753066448615288;-0.41591298765860063;0.7349779666499924;0.3585339939793104;1.0885979555301037;0.7931442329437485
0.023981;1.0225476451468138;0.7348239213590936;0.7186034214605073;0.3431366648654269;0.3355810330310756;9.999862515786342;0.7501853198775361;0.4161823043486716;1.0542692710755417;0.7350008899317162;0.452873933649648;0.6753086395743434;-0.41591498821329503;0.7349812599091659;0.3585370973398976;1.0885980227757757;0.793147632130504
0.02399;1.0225475983782852;0.7348283307977789;0.71860851063568;0.34314094501914527;0.3355847788910495;9.99986120094032;0.750184444800043;0.41618216245835143;1.0542702185662396;0.7350051424501743;0.4528792295291881;0.6753116418327091;-0.4159189887536185;0.7349855559918335;0.358541167213782;1.0885990810813724;0.7931529389081362
0.024009;1.0225482873570162;0.7348364802134248;0.7186167111681504;0.3431482114437226;0.33559122850727635;9.999859348377951;0.7501835898879787;0.41618205065320785;1.0542710815861003;0.735015397595916;0.4528905521883587;0.6753176509178241;-0.4159279892812857;0.7349958557404527;0.3585492048377262;1.0886021311325929;0.7931634265077095
0.024046;1.0225513305224563;0.7348550520084992;0.7186334191103404;0.3431644732852052;0.33560572582009823;9.999856986988252;0.7501827553418341;0.4161819681120105;1.0542718609665414;0.7350336542101554;0.45291290076659607;0.6753306661646947;-0.41594498979778644;0.7350141599830285;0.35856621114844456;1.0886091736129067;0.7931840709806837
0.024119;1.022559367031511;0.7348908634949914;0.7186634443826151;0.34319714883964425;0.3356346573020514;9.99985414926156;0.7501819405683883;0.41618191414010636;1.054272557366689;0.7350719112411385;0.4529562744073122;0.6753546870626149;-0.41597899030426144;0.7350524694322922;0.35860018682136696;1.088623209010515;0.793222994710774
0.024267;1.022577937466283;0.734965212909818;0.7187237173555069;0.3432620044802729;0.33569161934076264;9.999850871408245;0.750181144419287;0.41618188808847933;1.054273171303147;0.7351461677954627;0.45304267211491256;0.6754047132587622;-0.41604599080162613;0.7351267846543073;0.3586681325258893;1.0886522376178063;0.7933013573686157
0.024562;1.0226134255840307;0.7351119399823239;0.7188428354973505;0.34338848720368187;0.33580330539193454;9.999847188464605;0.7501803652236233;0.41618188933628036;1.0542737031567457;0.7352934231864421;0.45321209266167456;0.6755027444618855;-0.4161789912907422;0.7352741060552118;0.35880104909408667;1.0887102596956424;0.7934551971118047
0.025152;1.022684590491839;0.7354031315850624;0.7190780822398428;0.34363447017492;0.33602012746622145;9.99984313085555;0.7501796009700777;0.41618191728972226;1.0542741534553957;0.7355866769526245;0.4535425347086847;0.6757007803042807;-0.41643899177242344;0.7355674338609018;0.3590579375034526;1.088823275802054;0.7937607903284768
0.025743;1.022751366337208;0.7356915936100723;0.7193136733789564;0.3438689855594181;0.33622716176811807;9.999838727060549;0.7501788496640589;0.4161819711907646;1.054274523076941;0.7358749287429819;0.45386099706196864;0.6758988202335299;-0.4166889922472862;0.7358557681109535;0.35930379877129953;1.0889312870929504;0.7940611375077198
0.026923;1.0228749685076635;0.7362550924018799;0.719778098272158;0.344308086906935;0.3366154953842531;9.999834003685619;0.7501781095826247;0.41618204991236124;1.0542748133086124;0.7364401780880945;0.4544624788013845;0.6762918635376884;-0.41716499271562424;0.7364211087262591;0.35976563394267036;1.0891302952431217;0.7946460913580443
0.027652;1.0229428615199119;0.7365951326036342;0.7200631504984166;0.34455976943584093;0.3368388834800744;9.999828979936808;0.7501773794465082;0.41618215201791214;1.054275025922398;0.7367804242934803;0.4548119791951884;0.676533909471237;-0.41744199317741565;0.7367614556637356;0.3600304441642911;1.089243302178767;0.7949980672574637
0.027652;1.022941638857542;0.7365947728621368;0.7200640355734849;0.34455985113238413;0.33683906808385733;9.999823664564829;0.7501766584666022;0.4161822758940409;1.0542751631327056;0.7367806665653766;0.45481249756875886;0.6765339573537098;-0.4174419936324161;0.7367618090152022;0.3600302306663026;1.0892423099603854;0.7949986243271929
0.027654;1.0229407933330397;0.7365953337715527;0.7200655156486099;0.3445610920813493;0.3368402662345403;9.999818058178803;0.7501759461151304;0.41618241960712293;1.0542752274486469;0.7367819042437284;0.45481403314601415;0.6765350066465873;-0.4174429940802957;0.7367631689793326;0.36003099464006494;1.0892413206701157;0.7950005367531167
0.027657;1.0229396423165882;0.7365959948887523;0.7200672705829176;0.3445615605228895;0.3368408124924704;9.999812158041452;0.7501752416500252;0.41618258067696995;1.0542752215613667;0.7367831369415186;0.4548155848768673;0.6765360569436744;-0.4174439945208065;0.7367645357838198;0.3600317371735391;1.0892413362581206;0.7950024277600402
0.027662;1.0229398064199609;0.7365983662388429;0.7200697346105452;0.34456326008577315;0.33684213018913983;9.999805960936511;0.7501745437496764;0.41618275617179296;1.054275148350524;0.7367863644700232;0.4548191514503436;0.6765371078570644;-0.4174459949538256;0.7367679096141987;0.3600334593451228;1.089240358451171;0.7950048219298588
0.027672;1.0229397443814479;0.7366027154891689;0.7200742548443786;0.3445675376759395;0.33684604174641236;9.999799463108024;0.7501738506258632;0.41618294312794474;1.0542750110911936;0.7367905866247078;0.4548237314709845;0.6765411590055657;-0.41744999537919797;0.7367722905613409;0.360037162330749;1.0892413885519594;0.7950107971859812
0.027692;1.022940053146961;0.736611827991936;0.7200831341409615;0.3445743702081615;0.33685232635134327;9.99979265978234;0.7501731603835946;0.4161831389861124;1.0542748135569524;0.7368008030171489;0.454834323551525;0.6765482100759825;-0.4174569957965928;0.7367826786331519;0.3600438472987055;1.0892434270721825;0.7950208786003575
0.027733;1.022943034046907;0.7366310182350176;0.7200999477234392;0.34458873969445436;0.33686509494890754;9.999785543554955;0.7501724711687234;0.4161833417724534;1.0542745595943361;0.7368200130750817;0.45485392630173327;0.6765612607235627;-0.4174729962055321;0.7368020738508764;0.3600575152667852;1.089248473520093;0.7950407699976931
0.027815;1.0229487667959731;0.7366682837629646;0.7201324567654008;0.3446151277488509;0.3368887009666046;9.99977810326804;0.7501717811322428;0.4161835500029126;1.0542742526508742;0.7368572161818481;0.4548925384011177;0.676588310382753;-0.4175029966055001;0.736839476309595;0.3600861671978165;1.0892595265637568;0.7950799054023213
0.027978;1.0229625374943818;0.7367424188773931;0.7201953101722212;0.3446691858830287;0.33693670173795087;9.999770326961801;0.750171088354834;0.4161837625021425;1.0542738960194924;0.7369324118177678;0.4549681586912994;0.6766423582559218;-0.41756299699603827;0.7369148861757977;0.3601418040986314;1.0892825842710707;0.7951577510650164
0.028305;1.0229897992023802;0.7368917989766648;0.7203221761708161;0.34477466378498633;0.3370305127487342;9.999762206366956;0.75017039064787;0.41618397831122184;1.0542734933957163;0.7370825995934898;0.45511578607135267;0.6767504035202809;-0.41767999737682204;0.7370653037084023;0.3602524268988967;1.0893286443318422;0.7953114656144064
0.028959;1.0230427497209866;0.7371865558143204;0.720573002522962;0.3449762064463942;0.33720974314538255;9.99975373939667;0.7501696854366556;0.41618419668516654;1.0542730488478154;0.7373777791968077;0.4554024192836461;0.6769654455265378;-0.41790899774767726;0.737360729235174;0.36046603632984764;1.089416704693286;0.7956150426986123
0.029612;1.023091278999718;0.737475947756235;0.7208216322758583;0.3451675003029276;0.33738038522081576;9.999744929386335;0.750168969964816;0.41618441709067744;1.054272566219676;0.7376669503651908;0.45567705685149473;0.6771784838325715;-0.4181289981084645;0.7376501630353224;0.3606676329528288;1.0894997642015556;0.7959121775413953
0.030919;1.0231778866046854;0.7380386066268075;0.721310428484744;0.34552072638352693;0.3376966959866153;9.999735780678527;0.7501682416241234;0.41618463918706;1.0542720485923993;0.7382301129500338;0.4561896972114766;0.6775995181128257;-0.4185429984589272;0.7382136052291485;0.3610422172820702;1.0896508224232189;0.7964882090528146
0.032096;1.0232448158062746;0.7385277060207487;0.7217410916697257;0.3458060907136883;0.3379531212507222;9.999726294978883;0.75016749830535;0.41618486286511147;1.054271498098842;0.7387192670020757;0.45661333888342415;0.6779715480183014;-0.41888799879867794;0.7387030557120849;0.36134678991200736;1.0897708790719098;0.7969862849274933
0.033272;1.0233015301073922;0.7389993473833223;0.7221618008180459;0.34606309771850596;0.33818516242437785;9.999716473527528;0.7501667386879768;0.41618508834862156;1.0542709160677866;0.7391914127410806;0.45700498059172184;0.6783365731432517;-0.4192079991272641;0.7391755140905385;0.36162135157474;1.0898759338098847;0.7974652498997064
0.034448;1.0233496460624394;0.7394547925746019;0.7225726607923786;0.346294698106479;0.33839517801659336;9.999706321740643;0.7501659621952268;0.4161853162520098;1.0542703032324061;0.7396465504247131;0.45736462128565386;0.6786945931945971;-0.4195049994441699;0.7396309796757689;0.36186990318666873;1.089967986268534;0.7979261481756005
0.035625;1.0233884740534662;0.7398921690879456;0.7229723405667423;0.346501819261963;0.33858431014978607;9.999695851642674;0.7501651686897817;0.4161855474780256;1.0542696596277912;0.7400846802834734;0.45769525996137794;0.6790446081694668;-0.4197809997488087;0.7400694515907753;0.362094445860696;1.0900480358753357;0.7983691751990968
0.036801;1.0234202306626254;0.7403142160039322;0.723361962482229;0.3466880029431532;0.33875529330546594;9.999685081580509;0.7501643582140023;0.41618578293548475;1.05426898447651;0.7405068025450757;0.4579998954311653;0.6793856183525641;-0.4200360000405615;0.7404919288627402;0.36229598075299685;1.090117081509544;0.7987934764313837
0.037977;1.0234452547532162;0.7407195484135332;0.7237399440827783;0.3468546397569299;0.3389093795703155;9.999674032236154;0.7501635308139294;0.41618602327597004;1.0542682765337505;0.7409129174201219;0.4582795263312093;0.6797176241115127;-0.42027300031882836;0.7408984104355213;0.36247650887908084;1.090176121272527;0.7992006265485714
0.039154;1.0234647371574712;0.7411095464532507;0.7241068016757948;0.3470012241026352;0.3390456852773399;9.999662721414502;0.7501626864213097;0.4161862689254982;1.0542675345070602;0.7413030250364347;0.4585361513083245;0.680041625627918;-0.4204920005830751;0.7412888952213187;0.3626380311420192;1.0902261527511168;0.7995914738262189
0.04033;1.0234771389602084;0.7414837654896074;0.7244631992637083;0.3471310203213226;0.3391679134361945;9.999651161623309;0.750161824846627;0.41618652037735915;1.0542667572820794;0.7416781254339728;0.4587707691735622;0.6803556228487121;-0.4206940008328662;0.7416643821644054;0.36278254854380443;1.0902681738105942;0.7999648412022095
0.041507;1.0234856190099477;0.7418428584468434;0.7248075481792079;0.3472465936681864;0.33927752684286155;9.999639360395667;0.7501609458507201;0.41618677834521534;1.0542659442581217;0.7420372186728645;0.4589863789891182;0.6806606156586752;-0.42088200106787405;0.7420238702337426;0.3629110623320122;1.0903021832100537;0.8003231555601886
0.042683;1.0234901749876653;0.7421887462545302;0.7251417332847834;0.3473486331022081;0.33937520159336027;9.999627323428738;0.7501600494151389;0.4161870435618768;1.0542650957463862;0.7423833049650607;0.4591829800595888;0.680956603983456;-0.4210550012878438;0.7423703584842867;0.36302457396679155;1.090330180422017;0.8006658901312855
0.043859;1.0234901177496618;0.7425192923125316;0.7254641614917601;0.3474357887470495;0.3394598495617189;9.99961505984306;0.7501591361899939;0.41618731649882396;1.0542642131281312;0.7427143847236553;0.4593635718194441;0.6812435877672628;-0.4212150014925202;0.7427018461886161;0.36312508501041835;1.090351164970905;0.8009940965661825
0.045036;1.023487414220829;0.7428376156960246;0.7257764916952447;0.3475125260342429;0.33953518327229865;9.999602585928955;0.7501582076600107;0.4161875972538661;1.054263298616942;0.7430314585223309;0.45952815366935035;0.6815205669774199;-0.4213630016816817;0.7430193327982622;0.36321259693397095;1.0903681359168516;0.801307450570707
0.046212;1.0234807797148344;0.743141673078149;0.7260776428658594;0.347578575302428;0.33960136714292377;9.99958992439177;0.7501572658953648;0.416187885564346;1.0542623547538619;0.7433355270068569;0.459677724782555;0.6817895416625287;-0.4214990018553385;0.7433238177370312;0.3632891108570374;1.0903790916990126;0.8016076538411672
0.047388;1.0234711508508203;0.7434319087523542;0.7263673887726174;0.3476349548147227;0.33965908701027964;9.999577101745631;0.7501563130780422;0.41618818087782006;1.0542613839987103;0.7436265908221931;0.45981428399868496;0.6820495120043172;-0.4216250020138811;0.7436153002648797;0.3633556274749725;1.090386030429881;0.8018949078852685
0.048565;1.0234594641992487;0.7437110421230585;0.7266477244332423;0.34768242547136075;0.3397087772560136;9.999564149192283;0.7501553511088247;0.41618848242314055;1.0542603887384676;0.7439066505818671;0.4599388299501665;0.6823004783188036;-0.42174100215798727;0.7438957795086123;0.3634131472346481;1.090388950334303;0.8021692125737918
0.050918;1.0234321613509982;0.7442349596287837;0.7271782964819364;0.3477544454364117;0.3397876310796342;9.999551104942455;0.7501543816956048;0.4161887892591452;1.0542593717161532;0.7444297068131881;0.4601543613138207;0.6827774409518089;-0.42194700228839316;0.7444192545619592;0.363503670520179;1.0903858497963685;0.8026830440120932
0.053035;1.02340102770571;0.7446691279907329;0.7276239001282779;0.34779519664048775;0.3398372043547352;9.999538012628605;0.7501534066121812;0.4161891003427149;1.054258336308854;0.7448637598176596;0.4603148769673756;0.6831784001141653;-0.4221060024057484;0.7448537245434842;0.36356119771977446;1.090372727489894;0.803107485155367
0.055152;1.0233657030666496;0.7450700157825676;0.7280399666735462;0.34781899406713107;0.3398716052053955;9.999524916913634;0.7501524277254044;0.4161894145975339;1.0542572864075004;0.7452658095441144;0.460448376007131;0.6835543558302717;-0.4222410025106002;0.7452561886004685;0.36359972922854006;1.0903525828522693;0.8034980124362104
0.05727;1.0233274632598854;0.7454412331941389;0.7284291194881458;0.3478277211557404;0.3398922526096869;9.999511861013822;0.7501514471112992;0.41618973094695333;1.0542562263846276;0.7456368556520137;0.46055785774043234;0.6839063080431744;-0.4223570026033089;0.7456276459016319;0.36362126541927087;1.0903264162643667;0.803858106748511
0.059387;1.0232872404383797;0.7457838322302075;0.7287917250235304;0.34782368009048925;0.3399010888053023;9.999498886872079;0.7501504672117612;0.41619004833868867;1.0542551611980575;0.745978897730576;0.46064632167822267;0.6842362566874666;-0.4224560026838964;0.7459700956566747;0.3636288065755574;1.0902952290639938;0.8041905229665782
0.061505;1.0232447807397527;0.7461001074944448;0.7291302076265345;0.3478084688039656;0.33989976173549186;9.999486034994115;0.7501494906818053;0.4161903657984505;1.0542540963434945;0.7462959354628163;0.46071776741100845;0.6845442016286953;-0.42253900275213524;0.7462875371504606;0.36362535292540227;1.0902600236907392;0.8044957885812607
0.063622;1.0232023024568702;0.7463928062530105;0.7294456722240996;0.3477856202914085;0.339890989092438;9.999473343919961;0.750148520054432;0.4161906824918378;1.0542530376640387;0.7465879686212351;0.46077319444926135;0.6848321426255101;-0.4226090028077904;0.7465799697040933;0.36361190485442463;1.0902218036345501;0.8047771826202365
0.06574;1.0231575797662205;0.7466636230838367;0.7297413616040266;0.3477542708779781;0.3398746678368221;9.999460849580514;0.7501475574181221;0.41619099777671675;1.054251991025394;0.7468589969727062;0.46081560220659823;0.6851020793569543;-0.4226670028507168;0.746851392566285;0.363590463010799;1.0901815728658237;0.8050369328627449
0.067857;1.0231135233502022;0.7469139589683037;0.7300165696302713;0.34771693665069153;0.33985229170725856;9.999448582896925;0.750146604399649;0.4161913112404506;1.0542509619098888;0.7471090202294336;0.4608459900598505;0.6853540113755467;-0.4227150028808816;0.7471018048889959;0.36356202817995265;1.0901393348713295;0.8052760895890894
0.069975;1.0230691933484537;0.7471455369742568;0.730273649868662;0.3476755508192193;0.33982606423733663;9.999436567899389;0.7501456625868916;0.416191622644541;1.0542499551973465;0.7473400380199278;0.4608663574478593;0.6855909380783133;-0.42275400289836146;0.7473332058054944;0.3635286012253218;1.0900960921187195;0.8054977309968093
0.072092;1.0230249344476015;0.7473589967422305;0.7305129807219835;0.3476289771477173;0.33979476257951885;9.999424821539915;0.7501447336977839;0.4161919317537349;1.054248975276796;0.7475540498235312;0.46087770403125256;0.685811858818456;-0.4227840029033245;0.7475475944755822;0.36348918310821327;1.0900518463131974;0.8057010061969789
0.07421;1.0229816835811112;0.7475582720505736;0.7307377366511182;0.34758060019008435;0.33976138585974286;9.99941335345626;0.7501438191187911;0.4161922381719272;1.0542480261588683;0.747753054962438;0.4608810297765461;0.686018773007864;-0.4228080028960856;0.7477469701192374;0.36344677480908383;1.090006598808856;0.8058891924453117
0.076327;1.0229379087989707;0.7477414374721816;0.730947127986583;0.3475288023462961;0.33972486376325417;9.999402166573136;0.7501429196511178;0.4161925412633051;1.0542471113882357;0.7479360527162392;0.46087833486677804;0.6862126801312435;-0.42282500287714964;0.7479303321094577;0.36340137731082106;1.0899613508086332;0.8060626169581305
0.078445;1.022894547043384;0.7479112148053908;0.7311431443441541;0.3474743445859014;0.3396856306918379;9.999391256961268;0.7501420358978039;0.41619284009780677;1.0542462339990004;0.7481070425098957;0.4608696194337553;0.6863955797401278;-0.42283700284715103;0.748101680000124;0.3633519916898746;1.0899161032089943;0.8062240325718123
0.080562;1.0228528815178424;0.7480706150787245;0.7313278101613958;0.34741783282843547;0.33964385428304467;9.999380612231413;0.7501411685928582;0.4161931334155151;1.054245396471219;0.74826502405894;0.4608558832886401;0.6865664714391346;-0.4228430028067546;0.7482600134506242;0.36330161908183384;1.0898708561474295;0.8063720643685108
0.082679;1.0228104434232634;0.7482168072873412;0.7315001213270174;0.347360824604021;0.33960187777641154;9.999370213092098;0.7501403185173957;0.41619341965499845;1.0542446007115918;0.7484119973956467;0.46083712592390524;0.6867273548498766;-0.42284500275658293;0.7484073322091359;0.3632492605049446;1.0898256091718854;0.8065094654794861
0.084797;1.022770046582724;0.748353870688532;0.73166205271203;0.34730194260713065;0.3395574209565478;9.999360037091643;0.7501394862747277;0.41619369701289816;1.0542438482093166;0.748547962804639;0.46081434670222876;0.6868792295649774;-0.42284300269715075;0.7485436361213502;0.36319491667734255;1.0897803622647162;0.8066370893078124
0.086914;1.0227288766683313;0.748481312338156;0.7318151346543638;0.3472416936107904;0.33951191368581;9.999350060011228;0.7501386720859073;0.41619396354092597;1.0542431399658463;0.7486759206693296;0.4607875450456679;0.6870220951475065;-0.4228380026288235;0.7486719250496944;0.36313858794417153;1.0897351165085585;0.8067554624987335
0.089032;1.0226891566474332;0.7485993612013223;0.7319580005272893;0.34718161058122565;0.33946611705961954;9.999340257750395;0.750137875724632;0.4161942173059646;1.0542424762860407;0.7487938712909588;0.4607587206283494;0.6871569511842169;-0.4228290025518169;0.7487901988428884;0.363082274379357;1.089689873740832;0.8068649153501318
0.091149;1.0226499490250713;0.7487108002990103;0.7320940419919861;0.34712076852458046;0.3394194380643032;9.999330611641115;0.7501370966134248;0.41619445656458615;1.0542418570431484;0.7489038148264272;0.4607258734747418;0.6872847973124299;-0.42281800246621054;0.7489004574569512;0.3630249759102739;1.0896456358275803;0.806967351023062
0.093267;1.022612191913332;0.7488145152890185;0.732221497871022;0.3470585183815307;0.33937093045514705;9.999321110741079;0.7501363340283245;0.4161946798078563;1.05424128208019;0.7490077512930837;0.46069100385090833;0.6874046332494752;-0.4228040023720383;0.7490047010842144;0.36296669232014334;1.0896014042903766;0.8070613971472663
0.097502;1.022537546563404;0.7490011735891251;0.7324564854837385;0.3469344654500046;0.339274255060585;9.999311747865443;0.7501355874277771;0.4161948856159173;1.0542407511855714;0.7491946805433726;0.4606151120667245;0.6876284588822622;-0.42277000226946027;0.7491919301612207;0.36284842324849537;1.0895161805018727;0.8072335595643237
0.101313;1.022472286806283;0.7491507944979244;0.732648558653364;0.3468217686614157;0.33918558948742034;9.999302518019448;0.7501348566454441;0.41619507254425225;1.0542402639389097;0.7493436023004946;0.46054119836933716;0.6878112743190423;-0.42273200215886597;0.7493411452755874;0.36274016833343425;1.0894389659623211;0.8073687196016932
0.105125;1.0224086216344959;0.7492844672499795;0.7328239135586847;0.34670767164859123;0.3390950441414299;9.999293422041559;0.7501341417791241;0.41619523916055534;1.0542398197295144;0.7494765162450651;0.4604612629648484;0.6879790798687248;-0.4226890020408209;0.749474347048718;0.3626309273944085;1.0893637620645729;0.8074885005438469
0.108936;1.0223457130957065;0.7494036207926157;0.732984544825148;0.34659455548579315;0.33900522426025226;9.999284466932549;0.7501334429735931;0.4161953841379131;1.0542394177555867;0.7495954220180218;0.4603783060880448;0.6881348759638083;-0.4226420019159178;0.7495935360554331;0.3625217004860049;1.0892895699511647;0.8075959827377971
0.112748;1.0222854338500449;0.7495115327308303;0.7331323124861167;0.3464809749593193;0.3389140944499303;9.99927566185122;0.7501327601537978;0.41619550641093356;1.0542390568087998;0.7497033191748833;0.46029132804741957;0.6882776630078347;-0.42259200178461787;0.7497017127885036;0.3624114878571843;1.0892163908941184;0.8076908381761695
0.116559;1.0222253152096663;0.7496089542966328;0.733269718816647;0.34636764419870386;0.33882317049564525;9.99926701586511;0.7501320928197553;0.4161956053025936;1.054238734909547;0.7498002072138609;0.46020132924240653;0.6884114412558696;-0.42253800164714045;0.7497988776353558;0.3623012899291734;1.0891432263317231;0.8077759530980326
0.12037;1.0221666398495493;0.749697336305018;0.7333972611966436;0.3462535091891084;0.338730994705349;9.999258536303898;0.750131440216692;0.4161956805080182;1.0542384492562102;0.7498880857246006;0.46011031021726806;0.6885372108311514;-0.4224810015034809;0.7498870308373685;0.36219010727069983;1.0890720775452893;0.8078527040636205
0.124182;1.0221081202394915;0.7497784552830032;0.7335175995256715;0.3461397218176052;0.33863911849885914;9.999250226229773;0.7501308018931956;0.416195732085391;1.0542381967724799;0.7499689545572917;0.4600162717552786;0.688654971834615;-0.4224230013535199;0.7499681724554379;0.3620789405319871;1.0890009456127445;0.8079221373028351
0.127993;1.0220517345862554;0.7498526791122391;0.7336296729973614;0.3460264858148616;0.33854708380703924;9.99924208569194;0.7501301781217085;0.4161957604832583;1.0542379747612516;0.7500428138393531;0.45992021484785434;0.6887667244559005;-0.422362001197045;0.7500423024288322;0.36196779040182164;1.0889298314488063;0.8079849113834605
0.131805;1.0219949111970112;0.7499213963773402;0.733736684715438;0.34591312847624583;0.3384550823490276;9.999234117345061;0.7501295697520118;0.4161957664724727;1.0542377811956156;0.7501116638689911;0.4598241405046217;0.6888724690373655;-0.42230000103372495;0.7501114207088441;0.3618566575855868;1.0888597359457353;0.8080420712455123
0.135616;1.0219392817987232;0.7499856420996284;0.7338384753523322;0.34580036309506007;0.33836326977361075;9.999226330299829;0.7501289778567342;0.41619575104086526;1.0542376147043517;0.7501745050081104;0.45972604962780356;0.6889742060914584;-0.42223700086319005;0.7501745273270669;0.3617465427568989;1.0887906603607125;0.8080953208263907
0.139428;1.0218839080836792;0.7500436520168111;0.7339339912714699;0.3456877706202347;0.33827154518096175;9.999218738252528;0.7501284036407452;0.416195715295084;1.054237474435052;0.750233337588198;0.4596269430739647;0.6890709362673557;-0.4221720006851092;0.7502336223719414;0.36163544656439867;1.0887216064576346;0.8081432840807155
0.143239;1.0218297275572499;0.7500994615111123;0.7340265070589591;0.34557551965792055;0.3381797618445197;9.999211353614958;0.7501278484926127;0.41619566033502436;1.0542373600013348;0.7502881618887883;0.4595268218138743;0.6891636602510871;-0.42210600049918323;0.7502887059814799;0.36152436975249636;1.0886535762835299;0.8081873351190352
0.14705;1.0217758035350313;0.7501513062558613;0.7341149691652848;0.3454631922382584;0.3380878194264908;9.9992041820532;0.7501273138603151;0.4161955872513228;1.0542372716090007;0.7503389782367857;0.45942668696052397;0.6892533786589357;-0.4220400003051498;0.7503397783881884;0.3614143132814904;1.0885855720087643;0.8082288476919992
0.150862;1.0217215483623805;0.7502002346680582;0.7342008268800619;0.34535224350117805;0.3379973347751366;9.999197221939813;0.750126800956466;0.4161954972901945;1.0542372100920687;0.7503877870788921;0.4593255395486438;0.6893400920431216;-0.4219730001027834;0.7503888399000465;0.36130327833905046;1.0885185959691164;0.8082672984582189
0.154673;1.021668491923654;0.7502463594076659;0.7342830927701912;0.3452403222691308;0.33790549906981965;9.999190468206049;0.750126310526992;0.41619539193621546;1.0542371767464342;0.7504335889022448;0.4592243803235421;0.6894238009816058;-0.4219049998918899;0.7504348907901203;0.36119326630722315;1.0884516507204163;0.8083026868954338
0.158485;1.0216160466960074;0.7502907292658493;0.7343632164640542;0.3451288847229787;0.3378139295410821;9.999183916748276;0.7501258427372443;0.4161952728651846;1.054237173092028;0.7504763840928691;0.4591222097185484;0.6895045061601839;-0.4218369996723353;0.7504779312413997;0.36108327869413814;1.0883847387209638;0.8083355346126836
0.162296;1.0215632764732934;0.7503312250073818;0.7344397970782834;0.3450184733430819;0.33772346409300197;9.99917756784668;0.7501253971106467;0.41619514191979484;1.054237200398789;0.7505171728130992;0.45902002790555974;0.6895842084765279;-0.4217679994440376;0.7505189613854705;0.3609743169164966;1.0883178617108917;0.8083670254945928
0.166108;1.0215111196145354;0.750370321690821;0.7345145825607456;0.34490759028179346;0.3376323237452866;9.999171426638375;0.7501249725337041;0.4161950010995238;1.054237259189639;0.7505559548873209;0.4589178348853805;0.6896609091142486;-0.4216999992068991;0.7505579813651612;0.36086438206217886;1.0882520206366966;0.8083964968137503
0.169919;1.0214595771152717;0.750408621674934;0.7345881616777838;0.34479754967873255;0.3375417919874856;9.999165501337023;0.7501245674030758;0.4161948525113861;1.0542373491770778;0.7505937297654658;0.45881563061417147;0.6897366094422634;-0.42162999896074477;0.7505959914104827;0.36075547489620235;1.0881872162082196;0.8084240897629098
0.17373;1.021408649955861;0.7504445653617885;0.7346590066259064;0.3446866831439414;0.33745023281638564;9.999159802204316;0.7501241799064703;0.41619469826098493;1.0542374694816639;0.7506284966213989;0.45871241509804705;0.6898103108463115;-0.4215609987053061;0.7506309919251447;0.360646596055697;1.0881214492164264;0.8084505165693404
0.177542;1.0213577493971164;0.7504794479965418;0.7347288077974683;0.3445787186508921;0.337361487448914;9.99915434120767;0.7501238082265834;0.41619454033067804;1.0542376190626073;0.7506632545292615;0.45861018847108903;0.6898820147194096;-0.4214909984402326;0.7506659835329986;0.36053874613323467;1.088056720488548;0.8084747349212751
0.181353;1.021306527686319;0.75051152439007;0.7347961056558934;0.34446891110560257;0.33727102246715673;9.999149132946632;0.7501234505536479;0.41619438063929315;1.0542377971840384;0.750695002627249;0.45850695107790623;0.6899527225159092;-0.4214209981651386;0.7506979670376539;0.36042992554611525;1.0879920308860245;0.80849812059126
0.185165;1.0212568600255696;0.750543610958995;0.7348623073114875;0.3443600077655787;0.3371809054967156;9.999144195779111;0.750123105149698;0.4161942213096027;1.0542380031735634;0.750726740156494;0.45840470352266677;0.690021435698708;-0.42135099787974695;0.7507299433455146;0.3603221344291706;1.0879273813649346;0.8085198211010338
0.188976;1.0212059344718376;0.7505736445643351;0.7349274147274164;0.34425087078784916;0.33709094832975384;9.999139550083969;0.7501227706589547;0.4161940648245821;1.0542382355089812;0.7507564663880419;0.4583014466297189;0.6900891556882487;-0.42128099758406484;0.7507599134359323;0.36021437272408374;1.0878637728951799;0.8085406908211996
0.192788;1.021156911597498;0.7506036283942277;0.7349911139106724;0.3441434442890761;0.33700200894171395;9.999135215202545;0.7501224463385786;0.41619391384540005;1.0542384912929912;0.7507851805626778;0.4581981812849493;0.6901558838775332;-0.42121099727836403;0.7507888783722809;0.36010764030964304;1.0878002059215877;0.8085607307803133
0.196599;1.0211066309819807;0.7506319149180944;0.7350540648934273;0.34403482771343846;0.3369122876930074;9.999131208665627;0.750122131933901;0.41619377091965176;1.0542387665070174;0.7508128818610431;0.4580959082786767;0.6902216215922389;-0.42113999696295873;0.7508168393222343;0.3599999369554151;1.0877366796312151;0.8085794210379386
0.200411;1.021058253059093;0.7506591947472958;0.7351146681136249;0.3439275659018118;0.33682323143280657;9.999127547421121;0.7501218274812766;0.4161936384488213;1.0542390563932713;0.7508385693875967;0.457992628291629;0.6902853699892999;-0.421069996638062;0.7508427975630816;0.35989326217629924;1.087674191825545;0.8085969503041189
0.204222;1.0210086170718482;0.7506844214760306;0.7351741728201645;0.3438200721571217;0.33673432672521175;9.99912425063699;0.7501215331727666;0.4161935188483171;1.0542393555453708;0.7508642421484178;0.45789034198857204;0.6903491300459657;-0.42099899630382526;0.750868754415247;0.3597876152824548;1.087611739236077;0.808613984555913
0.208033;1.0209595970338898;0.750710164674635;0.7352337455400728;0.3437128218340595;0.3366454187133098;9.999121346882669;0.7501212491683474;0.4161934145734044;1.0542396579688171;0.7508888990053494;0.4577870501063742;0.6904109027130202;-0.42092899596043376;0.7508937111173346;0.35968099561481687;1.0875493176674271;0.8086298576853959
0.215656;1.0208640380650398;0.7507576555420913;0.7353481412635884;0.34350073573328727;0.3364691269137947;9.99911887904181;0.750120975461934;0.41619332802685505;1.0542399573327277;0.7509355386727288;0.45758275346912936;0.6905326890372768;-0.42078799560819247;0.7509406687643981;0.35946940267678723;1.087425922167696;0.808660042507789
0.222517;1.0207780132372357;0.7507961987813594;0.7354469253132033;0.343309950613336;0.33631049253660844;9.999116896527196;0.750120711792167;0.41619326154291597;1.0542402471765482;0.7509741598001923;0.4573984529580594;0.6906384900263284;-0.42066099524752876;0.7509796283350366;0.35928083610872524;1.0873145474912145;0.8086839021293067
0.229377;1.0206931941549013;0.7508335010681484;0.7355436419799208;0.34311989714515595;0.3361521148756783;9.999115443615816;0.7501204575610484;0.4161932174336301;1.0542405211902512;0.7510097610909703;0.4572151494038982;0.6907413064548318;-0.4205339948788541;0.7510155907112914;0.3590922956267271;1.087205188743333;0.8087052483186451
0.236238;1.0206093406718981;0.7508673260365659;0.7356362725716031;0.34293272855230683;0.3359961818652197;9.99911455713872;0.7501202118832443;0.4161931979710797;1.05424077373747;0.7510433413609576;0.4570318433382948;0.6908421388781913;-0.42040599450245564;0.7510495566753095;0.3589047809669633;1.0870968419645073;0.8087244153075837
0.243099;1.0205254062446238;0.7508995178934889;0.735727376399176;0.34274446563338307;0.335839139230275;9.99911427016784;0.7501199736533428;0.41619320522986447;1.0542409999411715;0.7510738994917755;0.4568485348356074;0.6909389877199353;-0.42027899411853936;0.7510805269263701;0.35871829180639625;1.0869885042767544;0.8087407345778156
0.249959;1.0204424356550204;0.7509285897839861;0.7358147414853772;0.34255812704075944;0.33568360022280086;9.999114614942865;0.750119741570173;0.4161932408884301;1.0542411953210218;0.7511024343320595;0.4566662237184698;0.6910338533372398;-0.4201529937272945;0.7511095021093772;0.35853282767342476;1.0868811736713677;0.8087559144372629
0.25682;1.0203600783404438;0.750955557455593;0.7358996129507327;0.3423732600496324;0.33552923645242205;9.999115624299234;0.7501195142272368;0.4161933061784175;1.0542413556205354;0.7511289446469469;0.45648390991111276;0.6911267360988482;-0.4200259933289605;0.7511364827806137;0.3583483879593754;1.0867748488562143;0.8087689161250924
0.26368;1.020278919904474;0.7509812858485974;0.7359824127897746;0.342189113501822;0.3353751185490733;9.999117331921136;0.7501192901227685;0.41619340200318883;1.0542414768324886;0.751153429102827;0.4563015935003276;0.6912166363949358;-0.41989899292395283;0.751161469309055;0.35816497200509295;1.0866685289646156;0.8087794048798372
0.270541;1.0201974311993578;0.7510035041297604;0.7360620144101405;0.34200506486033794;0.33522113735463677;9.999119772068036;0.7501190675489728;0.41619352912204494;1.054241555495064;0.7511748861988281;0.45612027451158405;0.6913045545946965;-0.41977199251290803;0.7511834618881685;0.3579815791151954;1.0865632130486749;0.8087882354216498
0.277402;1.0201178313388117;0.7510243697602536;0.7361389268108934;0.3418233463493569;0.33506874968552186;9.99912297964024;0.7501188446017979;0.4161936883460467;1.0542415890584942;0.751195314252662;0.45593895278228647;0.6913894910460853;-0.41964599209659775;0.7512044606469463;0.35780020853906;1.0864588999944675;0.8087950723528693
0.284262;1.0200384808925547;0.7510435471012067;0.7362139990629079;0.34164132932070074;0.3349159158356965;9.999126989860082;0.7501186192889531;0.41619388067585356;1.0542415758850945;0.7512127115583502;0.45575862801760936;0.6914724460925893;-0.4195189916759152;0.7512224656029773;0.35761885949204625;1.0863545888681851;0.8087997333619632
0.291123;1.019958787505359;0.7510607726314404;0.7362873960987534;0.3414610745165087;0.334764848067909;9.999131834983519;0.7501183896043039;0.41619410726911826;1.0542415150345792;0.7512290765381392;0.4555782997799562;0.6915534200713738;-0.4193929912520091;0.7512394765190921;0.3574385311473064;1.0862522789990363;0.8088032568005983
0.297983;1.0198806217215362;0.7510761048475103;0.7363578212092695;0.3412810259680447;0.3346134054578508;9.999137539120166;0.7501181536753101;0.4161943693031399;1.054241405943983;0.7512434076998709;0.4553979674170347;0.6916334133357845;-0.419266990826352;0.7512544929248878;0.35725922267143534;1.0861489695469404;0.8088059793202269
0.304844;1.0198024551874347;0.751089786420519;0.7364266118186992;0.34110258806406957;0.33446346491873624;9.999144118525757;0.7501179099275732;0.41619466789287773;1.0542412481658494;0.7512557034739683;0.45521863009622954;0.6917104262356001;-0.4191409904006146;0.7512675142458569;0.3570809334368752;1.0860476588656727;0.8088061905827243
0.311705;1.0197245232903034;0.7511017818952356;0.7364935596352051;0.3409238461504619;0.33431307058416937;9.999151590751516;0.7501176570132692;0.4161950041065043;1.05424104143867;0.7512659621233321;0.4550402868327847;0.6917854589753034;-0.41901498997646314;0.751278539882421;0.3569026632421677;1.0859463441266153;0.8088047452309255
0.318565;1.0196475204768922;0.7511116237803582;0.7365577007010985;0.3407473679920162;0.33416451107990525;9.999159986568324;0.7501173935198936;0.41619537908273824;1.0542407856988074;0.7512751817838165;0.4548609364386728;0.6918585115567278;-0.41888898955543474;0.7512885692417444;0.3567264123054242;1.08584502159955;0.8088016429049447
0.325426;1.0195710934683522;0.7511210371326045;0.7366209774295004;0.3405707905457662;0.3340155833276054;9.999169356349555;0.7501171177033121;0.41619579410180896;1.0542404807205101;0.7512833605129331;0.4546835776131536;0.6919305839315162;-0.41876298913891563;0.7512976017457572;0.3565501810704412;1.0857446874706573;0.8087977389752468
0.332286;1.01949523813763;0.7511283552935469;0.736681754000973;0.34039566789110093;0.3338678106672404;9.9991797666562;0.7501168274782767;0.41619625047923303;1.054240125906822;0.7512894962807249;0.45450520922743676;0.6920006761665064;-0.4186379887281783;0.7513046368171424;0.3563749700582999;1.0856453385417613;0.8087926957859533
0.346007;1.0193454356067642;0.751138897373376;0.7367990963244181;0.3400467280064943;0.33357365566095093;9.999191289048863;0.7501165207574255;0.4161967495116237;1.054239720336582;0.7512985869414298;0.45415183050285945;0.6921357884861044;-0.41838798832444374;0.7513146738155257;0.3560257798519914;1.085447972361553;0.8087786577410925
0.358357;1.0192113199370862;0.7511443299468665;0.7369000702963119;0.3397353316463565;0.3333110502570403;9.999203989901876;0.7501161958915843;0.4161972926008465;1.054239262644439;0.7513016301769143;0.45383544091215916;0.6922529212100015;-0.4181629879289538;0.7513187119462942;0.3557136110622612;1.0852715866919658;0.8087622676625928
0.370706;1.0190796420078383;0.7511470253962487;0.7369965690671335;0.33942580760532687;0.33304934606378883;9.999217927483373;0.7501158518564449;0.41619788130746627;1.054238751003006;0.7513016234134153;0.4535200399787777;0.6923650746912096;-0.4179389875430222;0.7513197502895725;0.3554044642749291;1.085097178751813;0.8087422241666092
0.383055;1.0189481754311955;0.7511447138088008;0.7370879694356085;0.33911914644333224;0.3327902413655586;9.999233152432566;0.7501154881591003;0.416198517260563;1.0542381834266028;0.7512985637778997;0.4532056271708991;0.6924742493569186;-0.4177159871679931;0.7513177879661637;0.35509734017731787;1.0849247450827049;0.8087202377456464
0.395404;1.0188191410139225;0.7511402670734663;0.7371754779764946;0.33881566140644387;0.33253331723671875;9.999249708040486;0.7501151046640804;0.4161992021825411;1.054237557971742;0.7512924481729253;0.45289320191755333;0.6925784458014713;-0.4174939868051741;0.7513128242777128;0.35479223979588126;1.0847532820057404;0.8086945943550761
0.407753;1.018690312967475;0.7511324825385972;0.7372595197336075;0.3385134799121792;0.3322774613735874;9.999267632273076;0.7501147014309424;0.4161999380252527;1.0542368725969422;0.7512822734346913;0.4525817636289507;0.6926796648457022;-0.4172719864558949;0.7513038587043757;0.35448916456130947;1.0845827856714483;0.8086664889967892
0.420102;1.0185626255240525;0.7511218113299886;0.7373398564632758;0.33821360787763716;0.3320233541974869;9.999286961288023;0.7501142785237387;0.41620072692149385;1.0542361250359387;0.7512710364167234;0.4522723117060759;0.692777907516783;-0.41705198612157823;0.7512938907342848;0.3541891161777786;1.084414251388641;0.8086369529942681
0.432451;1.018436774950858;0.7511098150431555;0.7374175112353851;0.33791610426490604;0.33177082465772806;9.999307731309802;0.7501138359033624;0.4162015709408166;1.0542353130310322;0.7512567340328135;0.4519648456147527;0.6928721749898067;-0.41683198580367015;0.7512809196507709;0.3538900964560556;1.0842466732865246;0.8086040972566215
0.4448;1.0183111209051368;0.7510954378875183;0.7374926285939879;0.3376202552397733;0.3315197035372914;9.999329978981976;0.750113373639538;0.41620247190300763;1.0542344346646317;0.7512403633471452;0.45165836483804994;0.6929654685937617;-0.4166129855035234;0.7512659444836806;0.3535931071641385;1.0840810449787917;0.808571008241115
0.457149;1.018186945041227;0.7510797912453955;0.7375653647460269;0.33732596500220924;0.3312694759778488;9.999353742555375;0.7501128922349627;0.4162034314220129;1.0542334885020344;0.751221921574838;0.4513528686954194;0.6930547898117932;-0.4163949852223659;0.7512489641503043;0.35329814992932507;1.0839153604552814;0.8085351150432132
0.469498;1.018063655109153;0.7510626153623781;0.7376358860829046;0.33703529726972353;0.3310223579142365;9.999379061879143;0.7501123926412948;0.4162044510794254;1.054232473430086;0.7512014060202641;0.45104935630931314;0.6931431401997589;-0.4161779849613702;0.7512299776660822;0.3530052262697996;1.0837516145445054;0.8084989889818379
0.481847;1.0179405461484574;0.7510437745855709;0.7377045627819957;0.3367443743366086;0.3307747660881508;9.999405976909447;0.7501118761731123;0.4162055324830808;1.0542313882562955;0.7511808141073402;0.4507478266344231;0.6932295213122898;-0.4159609847217889;0.7512109842985629;0.3527143376827594;1.0835888029372327;0.8084612585864346
0.494196;1.0178183138025225;0.7510228107835085;0.7377704341100995;0.3364557639460156;0.3305289919899138;9.99943452858352;0.7501113445825262;0.41620667724510796;1.0542302316011696;0.7511581433678571;0.45044727844534593;0.6933139346740337;-0.4157459845050775;0.7511899835696022;0.3524244856226872;1.0834269216762198;0.8084229527025051
0.518894;1.0175781051817163;0.7509791423172777;0.7378994391563792;0.3358855808121955;0.33004465341106676;9.999464760594167;0.7501108000415057;0.4162078871121102;1.05422900216801;0.7511113913320201;0.44985171047178707;0.6934773817711026;-0.41531898431287984;0.7511449751767728;0.35185067144045945;1.0831069665692132;0.8083435771061653
0.543592;1.0173414714379463;0.7509340213828983;0.7380243745076218;0.33532011970504216;0.3295634514051868;9.999496721613431;0.7501102450159003;0.41620916418835674;1.0542276988699595;0.751062555525041;0.44926212161717693;0.6936358640892527;-0.41489498414685105;0.7510979589466779;0.35128289634863447;1.082790933232466;0.8082617466379116
0.56829;1.0171063002108234;0.7508845707946626;0.7381439362767646;0.3347617854310885;0.3290884365559548;9.99953046874229;0.7501096822404126;0.4162105110102272;1.054226320740047;0.7510106335305179;0.4486795110634011;0.6937903832149446;-0.41447598400847613;0.7510479347483837;0.35072216130537837;1.0824788173607625;0.8081793361453822
0.592989;1.01687481284776;0.7508359272356971;0.7382615539525332;0.3342106386498864;0.32861895286512616;9.99956606731135;0.7501091146735422;0.4162119304766969;1.0542248667938354;0.7509586229456985;0.4481028782605364;0.6939419409015434;-0.41406098389905954;0.7509979023603265;0.3501674669559783;1.0821696147171447;0.8080966802631836
0.617687;1.0166457198858725;0.7507867384764827;0.7383768260483391;0.3336645058173311;0.3281532830967803;9.999603587941316;0.7501085452541576;0.41621342571679487;1.0542233356981092;0.750906521294444;0.4475322227973182;0.6940915390102144;-0.4136499838198939;0.7509478614382777;0.34961881377359505;1.0818643213101617;0.8080146281585899
0.642385;1.0164184323854635;0.750737698938991;0.738490855096328;0.333125802588712;0.327693994688125;9.999643106173421;0.7501079765734209;0.41621499992708355;1.0542217253314308;0.7508543259929672;0.44696854419266835;0.694239179393113;-0.4132439837724368;0.7508978115711545;0.34907620216621676;1.0815619339858686;0.8079336823674362
0.667083;1.0161938841654203;0.7506897336649313;0.7386038649046496;0.3325913576668896;0.32723766892969464;9.99968470423558;0.7501074107412046;0.41621665631055266;1.0542200325439623;0.750803034396388;0.44640984180444326;0.6943858638199358;-0.4128419837583313;0.7508487522592177;0.3485396324134616;1.0812624508822666;0.8078541814177239
0.691781;1.0159714864776528;0.750643538045764;0.7387169600908982;0.3320635880368222;0.3267868752811667;9.999728472544057;0.7501068494669557;0.4162183981268424;1.0542182531416011;0.7507526438927165;0.4458581149562465;0.6945325939709637;-0.41244498377927896;0.7508006827999996;0.3480091046365822;1.0809658713631431;0.8077774877086097
0.716479;1.0157508858286033;0.750599160482552;0.7388304387803305;0.33154168149297286;0.32634093014250515;9.999774508368189;0.7501062940850364;0.4162202287533914;1.0542163822248531;0.7507041518918276;0.44531236313656625;0.6946783714709852;-0.4120519838369291;0.7507546022832575;0.3474836189177395;1.080672195581037;0.8077022218722538
0.765875;1.0153169332001888;0.7505148512045512;0.739059746197268;0.33051265010033387;0.3254636987144085;9.999822910629794;0.7501057455313868;0.4162221517561005;1.0542144147463546;0.7506155557050855;0.44424058612198514;0.6949701979232175;-0.41127998393291915;0.7506685097246063;0.34644917539234243;1.080094424012889;0.8075597213277604
0.815272;1.014890527519696;0.7504388259272725;0.739291753543964;0.3295035197345003;0.32460275597279326;9.99987377455997;0.7501052045722338;0.4162241709827532;1.0542123456634913;0.7505358524497309;0.44319278407991924;0.6952640749099359;-0.4105249840689816;0.7505914041046565;0.34543577419578597;1.0795275572563956;0.8074284318770614
0.864668;1.0144716649440901;0.7503726263086141;0.7395279744928881;0.3285159129158659;0.3237597380076177;9.999927190043548;0.7501046721570197;0.4162262906539062;1.0542101697908965;0.7504650390003342;0.4421689576734743;0.6955590039380132;-0.4097879842469434;0.7505232843318755;0.34444341537336753;1.0789705957855165;0.8073079578280501
0.914064;1.0140606926285674;0.750315968897329;0.7397678688043096;0.32754833992977106;0.3229331021858122;9.999983241236109;0.7501041494859818;0.41622851531515426;1.0542078819471339;0.7504031119705522;0.4411681080486715;0.6958569863506144;-0.4090669844686634;0.7504641492764677;0.34347209888479596;1.0784245392966358;0.807198965724723
0.96346;1.0136563192248913;0.7502677331516643;0.7400112650499057;0.3266008658403687;0.32212335754452254;10.000042004107131;0.7501036379262919;0.41623084959916906;1.0542054774456553;0.7503500677306653;0.4401902367058636;0.6961560232876183;-0.40836398473608204;0.7504139977729923;0.34252082474496426;1.0778873863662353;0.8071007074987985
1.012856;1.0132585412880806;0.7502269683304802;0.740257219587332;0.32567310064625843;0.32133015124290176;10.000103546288031;0.7501031391097822;0.4162332980968323;1.054202952680233;0.7503049024478855;0.43923534534449804;0.6964571157412165;-0.4076769850513066;0.7503718285641835;0.3415895931374645;1.0773611348811423;0.8070129940125982
1.111649;1.0124875940303621;0.7501651905967053;0.7407553095799009;0.3238740519962266;0.3197938495383943;10.000167932701444;0.7501026550311077;0.4162358654992039;1.0542003053249271;0.7502376121144546;0.4373914356812647;0.697058264659724;-0.40634998541655026;0.7503076402893438;0.3397844043453087;1.0763407823047941;0.8068625415262601
1.127749;1.0123623783596873;0.7501593023728483;0.7408364049627935;0.3235889689444443;0.31954732231036415;10.000235233534122;0.7501021877698687;0.41623855674439053;1.0541975338605183;0.7502261925676104;0.4370975092915858;0.6971564710190923;-0.40613898583401375;0.7502994315352701;0.3394992586347614;1.0761763253314212;0.8068409437307655
1.127749;1.0123598809755185;0.7501612993316106;0.7408352914507604;0.3235907393579841;0.3195451499482847;10.000305530207592;0.7501017390008543;0.41624137701264347;1.0541946371455335;0.7502226395167958;0.43709656759899557;0.697157735829148;-0.40613898630587236;0.7502992009010994;0.3395011561822422;1.0761737598369165;0.8068418048995942
1.127973;1.0123557400145689;0.7501631566270379;0.7408350193299216;0.3235895188150596;0.31954033992575837;10.000378915230401;0.7501013098826016;0.41624433165794655;1.05419161450429;0.750218948551194;0.4370916119620607;0.6971610601083661;-0.4061359868343367;0.7502989470207575;0.33949909703507875;1.0761680813886563;0.8068429119139332
1.128197;1.012351117435134;0.7501651397121128;0.7408349909804736;0.323587565960814;0.31953474890930256;10.000455487314028;0.7501009013636942;0.4162474261347174;1.0541884657613174;0.7502151151393567;0.43708664368896355;0.6971634448355487;-0.4061329874216667;0.7502986685977336;0.33949708118910266;1.0761632854471732;0.8068431835948585
1.128645;1.012345423097073;0.7501668856202435;0.7408352699181372;0.3235815048676098;0.319525220871676;10.00053534901477;0.7501005143309656;0.41625066594724147;1.0541851910528923;0.7502111346109522;0.4370776639967525;0.6971678908927598;-0.40612798807009454;0.7502983644854415;0.3394911087537161;1.0761563671318437;0.8068442069298802
1.129541;1.0123352586202181;0.7501688130792442;0.7408387463985702;0.3235679671621331;0.3195094927912044;10.00061860850337;0.7501001494836477;0.41625405654591296;1.0541817907143172;0.7502060021041074;0.43706067403192955;0.6971743990695305;-0.40611598878174987;0.7502970337065125;0.33947718004090094;1.0761443212159074;0.8068434672033518
1.131333;1.0123183931609967;0.7501703079335893;0.7408464363092403;0.32353778077645384;0.31947920044375633;10.00070537986387;0.7500998073893937;0.41625760314668137;1.0541782652483471;0.7502007125540974;0.4370276749412526;0.6971869700978449;-0.4060929895586735;0.7502956753677482;0.3394472954853653;1.0761231424646278;0.8068424097847753
1.134918;1.0122876837889616;0.7501715392362632;0.7408637235076382;0.3234766464506409;0.319422464089386;10.000795780962909;0.7500994886944929;0.4162613106908519;1.0541746153927782;0.7501952607607946;0.4369616678974837;0.6972106046631891;-0.40604599040289435;0.7502942885328227;0.3393864555405868;1.0760838260223442;0.8068388154507136
1.142087;1.0122307233800596;0.7501713773369895;0.7408985626620543;0.32335272356679035;0.3193117334115086;10.00088993399412;0.7500991940609942;0.41626518401141094;1.0541708422064577;0.7501876414901636;0.4368316540241933;0.6972553034758093;-0.40595299131651874;0.7502908721440268;0.3392616607587682;1.076008367750846;0.8068302625344326
1.156425;1.0121188420802136;0.7501683364626404;0.7409704658903332;0.32310314346746727;0.3190939160306862;10.000987968266628;0.7500989239758427;0.41626922798295724;1.0541669469002886;0.7501768495568688;0.4365736343153181;0.6973440674036252;-0.4057689923018088;0.7502844250586317;0.33901191195294633;1.075861764270994;0.806814016701325
1.185101;1.0119011539131917;0.7501597370137363;0.7411140601616185;0.3226073148110259;0.31866580877570666;10.001090021943197;0.7500986788373865;0.4162734474626733;1.0541629304977937;0.7501608798203057;0.43606460969620797;0.6975198975256207;-0.4054029933612052;0.7502729461453214;0.33851421021154565;1.0755750124024284;0.8067815973456728
1.242454;1.0114760243768397;0.7501451235475438;0.7414034555509598;0.3216324639450091;0.3178289959095229;10.001196242503829;0.7500984592304475;0.41627784707907833;1.0541587938108565;0.7501377271033364;0.4350675811615168;0.6978657950835557;-0.4046859944972789;0.7502544343333759;0.33753555675894775;1.0750151084411146;0.8067203061436303
1.299806;1.011061382590578;0.7501358452489459;0.7416903505471762;0.3206811837562891;0.31701121424021783;10.001306786459528;0.7500982661079634;0.41628243106003276;1.0541545379179351;0.7501193861362806;0.4340975498070063;0.6982077614157426;-0.40398899571265984;0.7502408886166209;0.33658195281185366;1.0744690480914965;0.8066663916763894
1.414511;1.0102637431900048;0.7501225433077143;0.7422544113248668;0.3188470861835368;0.31543864220759327;10.001421818240694;0.7500981008371932;0.41628720325574126;1.0541501645543272;0.750097851525775;0.4322335168118504;0.6988757979335058;-0.4026469970100228;0.7502243080305598;0.3347443995888552;1.0734178269644175;0.8065734108783258
1.529216;1.0095034620150227;0.7501183314054133;0.7428005363197364;0.3171060538696657;0.3139438445795211;10.001541505216935;0.7500979650900259;0.4162921674742581;1.0541456760081682;0.7500851177317731;0.4304674835458322;0.6995199061906279;-0.40137499839212104;0.7502166915052075;0.3329998985299249;1.0724174408242324;0.8064972667779851
1.643921;1.0087807461847482;0.75011989895251;0.7433251827838205;0.3154555762461341;0.3125245991172301;10.001666011162499;0.7500978605618912;0.41629732789814694;1.054141075045809;0.7500771791483953;0.4287934516468216;0.7001390879787969;-0.40016899986177;0.7502140376747051;0.331345451526795;1.0714658853505998;0.8064347226665279
1.758625;1.0080924132789935;0.7501234122162365;0.7438267834746041;0.31388949006894296;0.3111760845273445;10.001795495875918;0.7500977887519309;0.41630268913365537;1.054136365151523;0.7500710302524461;0.42720742290777636;0.7007293453090918;-0.3990250014217713;0.7502133448942991;0.32977706089261444;1.0705611558630226;0.8063799734107847
1.87333;1.0074390221196483;0.750128137805231;0.7443040910089435;0.31240497277954615;0.3098955982412345;10.001930118399018;0.7500977510528785;0.41630825598992005;1.0541315506109663;0.7500646656494356;0.42570539917578265;0.7012916802996435;-0.3979400030748367;0.750212611390938;0.32828972913877386;1.069702247349215;0.8063320836497486
1.988035;1.0068186802154495;0.7501325574248201;0.7447568924596933;0.3109984233349105;0.3086803976276179;10.002070037837084;0.7500977490471697;0.4163140333749782;1.054126636205333;0.7500590800095853;0.42428138228566087;0.7018260950407301;-0.3969110048236103;0.7502128353543034;0.3268814587812365;1.0688871546212988;0.8062892831776879
2.10274;1.0062298521571236;0.7501364331749902;0.7451859910437737;0.3096665016339852;0.3075278613624354;10.002215413139435;0.7500977846696714;0.4163200263371998;1.0541216269251972;0.7500522680231575;0.4229333738587083;0.702333591489752;-0.3959350066707975;0.7502120150294301;0.3255462521659112;1.0681128723145406;0.8062507030245541
2.217444;1.0056699406625036;0.7501405411141451;0.7455939948032199;0.30840384617662353;0.30643365721500965;10.00236640308557;0.7500978602465056;0.41632624015497655;1.0541165278930948;0.7500452244042677;0.42165537510921697;0.7028151714862642;-0.3950100086192193;0.7502111488465739;0.32428111131856235;1.0673783949950586;0.8062159945877445
2.332149;1.0051390601818944;0.7501431740134444;0.7459790439478982;0.30720904987830533;0.305396530933764;10.00252316661535;0.7500979786706544;0.4163326803272674;1.0541113441033598;0.7500369438705058;0.4204463868585608;0.7032728368361063;-0.394133010671774;0.7502092354604653;0.32308303793816306;1.0666817175590468;0.8061852165123904
2.446854;1.004634261485597;0.7501460702498748;0.7463449833227311;0.30607636741380095;0.30441182709875747;10.002685864640359;0.7500981435664081;0.4163393523050593;1.0541060799740125;0.7500274211087029;0.41930040970141536;0.7037065893305865;-0.3933020128314297;0.7502062736181294;0.32194903347509124;1.0660198354537997;0.8061571984522586
2.561559;1.0041556633327196;0.7501497719064517;0.7466922008561191;0.30500422426902263;0.3034780857510219;10.002854659767923;0.7500983592834375;0.41634626119565066;1.0541007391599961;0.7500186508041304;0.41821544418411555;0.7041184307013432;-0.39251401510123063;0.7502042619244956;0.3208750991937207;1.0653917445138061;0.8061320487078751
2.676264;1.0037010286955315;0.7501524459792553;0.7470204745278424;0.30398934918685705;0.3025928561909203;10.00302971019133;0.7500986309036097;0.41635341174866686;1.0540953247480227;0.7500086276934846;0.4171884909412186;0.704509362611801;-0.3917680174843083;0.7502011986806075;0.3198582362478822;1.0647964408101722;0.8061099987611892
2.790968;1.0032703449039422;0.7501560871449114;0.7473317444025702;0.30302910879567624;0.30175363425155716;10.003211163785194;0.7500989642176145;0.4163608085206968;1.0540898396024536;0.7499993465548305;0.41621655080414754;0.7048813867380672;-0.391061019983884;0.750199081923401;0.318895445737561;1.064231920877398;0.8060911981378275
2.905673;1.0028611530136289;0.750159677445764;0.7476267763648707;0.3021203519375145;0.3009581224228182;10.003399159202932;0.750099365534059;0.41636845598241046;1.0540842864829438;0.7499888021500344;0.4152966248971079;0.7052335048820546;-0.39039202260314326;0.7501959095521844;0.31798372866493463;1.0636961820540178;0.806074162206148
3.020378;1.002472152175978;0.7501631285495161;0.7479064067872429;0.3012602448014979;0.30020397525295595;10.003593831205794;0.7500998415394174;0.41637635857398503;1.0540786677321425;0.7499789891807754;0.4144257147052653;0.705567719051981;-0.38975802534504084;0.7501936793318482;0.3171210858349145;1.0631882223559261;0.8060590739471795
3.135083;1.0021036898813747;0.7501661927754826;0.7481700885624153;0.30044723558225406;0.2994896207200148;10.003795314638966;0.7501003993361982;0.41638452080238575;1.0540729849104191;0.7499689022802131;0.41360182209354734;0.7058850314512835;-0.3891570282122568;0.7501913888240948;0.3163055177973216;1.0627060400942676;0.806045742882018
3.249787;1.0017538894756994;0.7501705522304862;0.7484208631808471;0.2996781534323518;0.29881252819796444;10.004003745544004;0.7501010464086484;0.41639294728516496;1.054067238880202;0.7499575360306988;0.4128219492519287;0.7061854443529546;-0.38858903120730875;0.7501880354167183;0.31553402486536997;1.0622486338766923;0.8060340802879692
3.364492;1.0014218087631463;0.750175170648878;0.748658367656541;0.2989506565287155;0.2981707034261938;10.00421926024847;0.7501017904118009;0.416401642588471;1.0540614303642433;0.7499468850112219;0.41208509850954417;0.7064709599859119;-0.38805103433269306;0.7501856164351547;0.3148036071649009;1.0618160029333916;0.8060243118466586
3.479197;1.001107439922446;0.7501794623148581;0.748881991843676;0.2982633602527411;0.29756282128872424;10.00444199208616;0.7501026390770437;0.4164106108953792;1.054055560510819;0.7499359438352545;0.4113872721432976;0.7067415804796264;-0.3875420375909947;0.750183129248484;0.31411326463552974;1.0614051473207737;0.8060158869505153
3.593902;1.0008079736469362;0.7501843042444537;0.7490946837246737;0.29761312512593696;0.2969866297746191;10.004672066301543;0.7501036003212807;0.41641985570416834;1.054049630992619;0.7499247071351175;0.41072747241178503;0.7069983078246659;-0.3870610409849392;0.750180571345838;0.31346099696691165;1.0610150676066765;0.8060091384165885
3.708607;1.0005243371840027;0.750188625618734;0.7492946541107188;0.29699917444379226;0.2964411180460251;10.004909596574548;0.7501046822665832;0.41642937974839345;1.0540436439889693;0.7499131695552103;0.41010470165158036;0.7072411439492317;-0.3866050445173587;0.7501779403568453;0.3128438035563853;1.0606467638339219;0.8060025695089543
3.823311;1.0002550132620474;0.7501941013596604;0.749484687201192;0.2964192066680692;0.29592447219426515;10.005154686488918;0.7501058931490238;0.41643918523535134;1.054037602489594;0.7499013257792538;0.409514962147172;0.7074720908612817;-0.38617504819106413;0.7501752339870751;0.312260683556587;1.060296234479069;0.8059983658749172
3.938016;0.9999996373156977;0.7501988668883627;0.7496631696422041;0.2958716433861667;0.2954352524342228;10.005407435544548;0.7501072413868707;0.41644927429690304;1.0540315104714408;0.7498891705310488;0.4089572559215032;0.7076901506899288;-0.385767052008816;0.7501724499241823;0.3117096359437062;1.0599644764239478;0.8059936894105403
4.052721;0.9997572682362674;0.7502050535758895;0.7498329152667484;0.2953543376262795;0.2949716159237628;10.005667943623868;0.7501087358409966;0.4164596493148316;1.0540253728159747;0.7498766985694184;0.4084305847484029;0.7078973256807926;-0.3853820559735223;0.750169585783043;0.3111886595868754;1.059650485906341;0.8059907374745948
4.167426;0.9995276812073163;0.7502106854144094;0.7499920968321385;0.29486626488978657;0.29453262602174446;10.005936308089947;0.7501103859400112;0.4164703129318804;1.05401919530399;0.7498639047176966;0.4079329503861166;0.7080946181921031;-0.38501806008837364;0.7501666390482148;0.31069775325939786;1.0593522597320244;0.8059893984971426
4.282131;0.9993088627768376;0.7502168418538198;0.7501432854019973;0.2944056762747342;0.2941171452601035;10.006212616444614;0.7501122015816581;0.41648126789397893;1.0540129845481379;0.74985078388443;0.4074633548226608;0.7082800306473175;-0.38467406435673623;0.7501636070234948;0.3102329154590974;1.059069795853641;0.8059874090719643
4.396835;0.9991009475740323;0.7502219012063481;0.7502847413070194;0.29397143157894967;0.29372400790782066;10.006496943806262;0.7501141931547762;0.41649251684032773;1.0540067477493047;0.7498383310986794;0.407018800347877;0.7084565654472292;-0.3843490687820441;0.7501614868953792;0.3097951442272521;1.0588020927578141;0.8059869027124891
4.626245;0.9987292540754698;0.7502282200808095;0.750550024944992;0.2931659769248151;0.2930066499770376;10.006789357912933;0.750116371662703;0.4165040620842592;1.0540004923743034;0.74982354161893;0.4062022894556096;0.7087772248690912;-0.38375107336776315;0.7501572758456632;0.3089844371463965;1.0583171483217966;0.8059832861870179
4.832714;0.9984253594639407;0.7502341248185058;0.7507635925335499;0.2925166902439446;0.2924246111485351;10.00708992428142;0.7501187486734274;0.41651590553233153;1.0539942259049624;0.7498094110050334;0.40554382479115275;0.7090380110513022;-0.38326807811731417;0.7501539710707327;0.308331791365734;1.0579239592681062;0.805982298442091
5.039182;0.9981499644164092;0.7502399075202509;0.750955200326095;0.2919338968131162;0.29189981104062346;10.007398709274971;0.7501213361419473;0.4165280488033201;1.0539879558154324;0.7497949350589047;0.40494940916172695;0.709273926089121;-0.38283208303405736;0.7501505697780696;0.30774420356900195;1.0575675213669107;0.8059821747657524
5.245651;0.9979002621396584;0.7502463614081588;0.7511277174777611;0.29140907854592263;0.2914246142126589;10.007715784674808;0.7501241461353617;0.4165404933471628;1.0539816895414948;0.7497801097770055;0.40441504551689383;0.7094869720545648;-0.38243908812133814;0.7501470692615742;0.30721467000500324;1.0572448298696988;0.8059826869517152
5.452119;0.9976743812126073;0.750253655315872;0.751282692377479;0.290937475191476;0.29099485625293425;10.008041229429791;0.7501271904856008;0.41655324032903296;1.0539754342923373;0.7497649314089249;0.40393373706390134;0.7096801508464633;-0.3820860933824557;0.7501434669461424;0.30673918668398764;1.0569528800672667;0.805984980793065
5.658588;0.9974689435027267;0.7502612773802646;0.7514221320185169;0.29051550601803805;0.2906079800299692;10.00837512381795;0.7501304807432602;0.4165662904397332;1.0539691969520268;0.7497493965147095;0.40350048746691763;0.709853464060471;-0.38176809882063406;0.7501397602820649;0.3063117495542817;1.0566886680907257;0.8059866285265243
5.865057;0.9972820800489545;0.7502675371530768;0.7515457313270855;0.290137733034109;0.29025911466285786;10.008717540031615;0.750134028545796;0.41657964394448577;1.053962984211145;0.7497335019729473;0.40311230086523037;0.7100109130591186;-0.38148310443910644;0.7501359466253168;0.30592735442323515;1.0564501914654232;0.8059901602393188
6.071525;0.9971137889990078;0.7502755095782432;0.751656558069812;0.2897988770668715;0.28994299490555103;10.009068536041609;0.7501378458761266;0.41659330090183766;1.0539568027488508;0.749718244981946;0.40276318178323944;0.710153499126716;-0.3812261102411897;0.7501330233176456;0.3055839967877347;1.05623444892219;0.805994055180238
6.277994;0.99696033547884;0.7502839714864599;0.7517561892091853;0.2894964589191608;0.2896582407824459;10.009428157104928;0.7501419449361187;0.41660726129237247;1.0539506590294743;0.7497016231064364;0.40245013510321287;0.7102812234814619;-0.3809961162302195;0.7501289878836978;0.3052756718140754;1.056039440094951;0.805997814323139
6.484462;0.9968211444246358;0.7502916823915886;0.751843806253385;0.28922681268991834;0.28940135697954744;10.009796443310528;0.7501463380109468;0.41662152490132986;1.0539445587693206;0.7496846344001655;0.4021691660349953;0.7103970871535031;-0.38078912240945034;0.7501248381057959;0.3049993743926914;1.0558631656084112;0.8060021706854954
6.690931;0.9966939898652522;0.7502990323822429;0.7519214723748979;0.2889866725913263;0.28916972410359526;10.01017343736127;0.7501510375598751;0.4166360910975707;1.0539385068317828;0.7496682775075318;0.40191828002478114;0.7105010908944165;-0.38060412878199296;0.7501215719659324;0.30475309914860177;1.055703626998149;0.8060066394889527
6.8974;0.9965782976352123;0.750307574475024;0.751991174017337;0.28877346026152423;0.28896092820365593;10.010559185884508;0.7501560562705688;0.4166509587933022;1.0539325077258717;0.7496505516538132;0.40169248269763735;0.7105962351585927;-0.3804381353507188;0.7501171875669758;0.30453284042706635;1.0555588262875213;0.8060124408653999
7.103868;0.9964731348483876;0.7503157122491745;0.7520520118241427;0.28858365252769114;0.28877170903317895;10.0109537314819;0.750161407026361;0.4166661265166703;1.0539265662193114;0.7496334565744784;0.4014917798388259;0.7106815201410306;-0.38029014211821244;0.7501136830608436;0.30433659218562154;1.0554277656964943;0.8060182186196916
7.310337;0.996377209913748;0.7503252126358841;0.7521067322795423;0.2884152875685078;0.28860047361267777;10.0113571041493;0.7501671031099897;0.41668159245081954;1.0539206878266123;0.7496149924841309;0.4013121773578319;0.7107579459066959;-0.38015814908685985;0.7501090565947263;0.30416134776589765;1.055308447633717;0.8060239105569712
7.516805;0.9962893763693756;0.7503342465681379;0.7521543677011413;0.28826775062223164;0.2884469361498781;10.01176932108036;0.7501731586094719;0.41669735451664375;1.053914878944351;0.7495971601296221;0.40115168129823003;0.7108275125254578;-0.38003915625903767;0.7501053062779407;0.30400509981261514;1.0552008749473587;0.806029867717063
7.723274;0.9962092769479411;0.7503429535326093;0.7521953307715276;0.28813708023826345;0.2883072238102507;10.012190391489884;0.750179588538086;0.4167134104634521;1.0539091465384562;0.7495789608402875;0.4010092979402455;0.7108912200750066;-0.3799341636372419;0.7501014301750624;0.3038668404298431;1.0551030516290505;0.8060374483867035
7.929743;0.9961359813570265;0.7503530999650838;0.7522321007768905;0.2880221283498185;0.2881804510120199;10.012620320195825;0.7501864084763793;0.41672975786363176;1.0539034978867134;0.749559396535469;0.4008820339093255;0.7109480685363302;-0.3798401712239686;0.7500964263584815;0.30374356130097435;1.0550139835658838;0.8060443622074847
8.136211;0.9960679867007052;0.7503624981936365;0.7522636246590627;0.28792241120510614;0.288066564108523;10.013059108967362;0.7501936342400426;0.4167463940771429;1.053897940912668;0.7495404697864977;0.4007688961756681;0.7109990576797257;-0.37975617902152914;0.7500922929558896;0.303634253697895;1.054933678538801;0.8060510273148864
8.34268;0.9960058716927009;0.7503717336710982;0.7522900616477433;0.28783490077804785;0.2879623541229;10.013506756618211;0.7502012819485094;0.41676331624413565;1.053892484830051;0.7495211838941949;0.4006688919182458;0.7110461869898548;-0.37968118703209913;0.7500880281398928;0.3035379085098372;1.0548591457878855;0.8060587453857575
8.549149;0.995948708490757;0.7503822123193565;0.7523135333392188;0.28775938270295603;0.28786787099069455;10.01396325746932;0.7502093682456068;0.41678052121402454;1.0538871402572976;0.7495015428973394;0.4005800283651043;0.7110884556123136;-0.37961519525790227;0.7500836301454126;0.3034525163053281;1.0547923957660523;0.8060666441058487
8.962086;0.9958624808761589;0.750391755108827;0.7523575534365424;0.2876225232389761;0.28771936339553694;10.014428597562548;0.7502179105592934;0.41679800531979666;1.05388191893328;0.7494805516118608;0.4004303128093992;0.7111558622997551;-0.37950320370133617;0.7500780972972169;0.30330606742443206;1.054688439831968;0.8060752951960573
9.333729;0.9957970825140412;0.7504018283338583;0.7523859336311773;0.2875294693428267;0.28760790017148546;10.014902750502047;0.7502269274401074;0.4168157641036979;1.053876833858234;0.749460215754331;0.40032275275503715;0.711205405385141;-0.37942421236500157;0.7500734279564775;0.3032015520185419;1.054609289864583;0.8060839903161784
9.705373;0.9957400313124628;0.7504124019234109;0.7524080853230312;0.2874578235475474;0.28751462079258483;10.015385676048703;0.7502364387128864;0.4168337921859695;1.053871899470738;0.7494395420450416;0.40023835591440193;0.7112470827826434;-0.3793602212516948;0.750068620449601;0.3031199598972896;1.0545429583190113;0.8060930787176519
10.077016;0.9956907639153649;0.7504228067896541;0.752423781768595;0.28740524016381547;0.28743733666373894;10.015877320637678;0.7502464653173688;0.41685208321590916;1.0538671312437418;0.7494185382287804;0.4001711300685752;0.7112818919620888;-0.37930923036443026;0.7500636730623395;0.3030552803550389;1.0544874586625892;0.8061025096178154
10.44866;0.995647785251082;0.7504335726244389;0.7524347054492777;0.28736694581141053;0.2873716919688158;10.01637761573978;0.7502570291090225;0.4168706297765618;1.0538625453048407;0.7493962130513573;0.4001190830282019;0.7113118299085719;-0.3792692397063718;0.7500575840759661;0.30300550216497263;1.0544398056797442;0.8061131159433397
10.820303;0.9956098152603019;0.7504442393241025;0.7524413854205138;0.2873412035798986;0.28731631599263263;10.01688647619654;0.750268152786499;0.4168894233804024;1.053858158370157;0.7493745762556795;0.4000792227387298;0.7113358931000928;-0.37923824928060895;0.7500523518090578;0.30296761352918167;1.0544000155618198;0.8061230847813027
11.191947;0.9955750010014845;0.7504546168453914;0.7524450567462759;0.28732429539534377;0.2872680156374575;10.017403802650131;0.7502798598698618;0.41690845456099734;1.0538539876039459;0.7493526386245314;0.40004855745039325;0.7113570774641804;-0.37921425909000295;0.7500469746435752;0.30293860190506033;1.054364105869197;0.8061341332805075
11.56359;0.995545008799774;0.7504649316999256;0.7524447160508536;0.28731653987419203;0.2872266332498586;10.017929482681831;0.7502921746610516;0.4169277128240398;1.0538500505603243;0.749330412071572;0.40002609590834326;0.7113753783898935;-0.37919526913718;0.7500414510447136;0.30291745394855224;1.0543330954746137;0.8061453318565698
11.935234;0.995516335156799;0.750475325325724;0.7524431821290514;0.2873151852438132;0.2871904240458383;10.018463387684848;0.7503051222029691;0.41694718647680684;1.0538463653693668;0.7493079097811215;0.4000088474630358;0.7113907908902124;-0.37918127942452295;0.7500357796163698;0.3029011555826997;1.0543060047887851;0.8061566920084822
12.306877;0.9954899293093533;0.7504863765511214;0.7524403511053532;0.28731800793267775;0.2871568883862474;10.019005372493684;0.7503187282625017;0.4169668625202691;1.0538429507776594;0.7492851462964741;0.39999782202625417;0.7114053097587336;-0.3791712899541298;0.7500299591367877;0.3028906920135803;1.054281856070025;0.8061695194430532
13.050164;0.9954618625511998;0.7504979863330455;0.7524391265776558;0.28731639910777157;0.287118528431455;10.019555279061802;0.7503330192403224;0.416986726598668;1.0538398259058879;0.7492621374719657;0.399982029925365;0.7114209295259242;-0.3791573007278214;0.7500239884958166;0.3028750476833616;1.0542546732222788;0.8061818264615895
13.793451;0.9954373939472262;0.750508523096446;0.7524339358590093;0.28732627007544204;0.2870898043781599;10.020112937436169;0.75034802208028;0.4170067628839627;1.0538370102351666;0.7492389004268257;0.3999764818127868;0.711433644233356;-0.3791503117471957;0.7500178666279823;0.30286920623214186;1.0542324814063955;0.8061952706116156
14.536738;0.9954161861840813;0.7505197587722374;0.7524268536194227;0.2873421604787798;0.28706534519626775;10.020678161394848;0.7503637643209632;0.4170269539463922;1.0538345239942575;0.7492154536656936;0.399977188708919;0.7114434472379368;-0.3791483230136445;0.7500115925770352;0.3028691504503151;1.0542143071470855;0.8062089226785515
15.280025;0.9953958239175502;0.7505306926789609;0.7524187452160471;0.2873611572898838;0.287042938806851;10.021250742956022;0.7503802741074034;0.417047280760121;1.0538323884148137;0.7491918173119683;0.39998116201007317;0.7114523312102263;-0.3791483345283115;0.7500051656033997;0.30287186219205964;1.0541981786017598;0.8062231485836189
16.023312;0.995376333383716;0.7505416636565415;0.7524099790582038;0.28738232324291213;0.28702165342665525;10.021830448741404;0.7503975800609369;0.41706772275131343;1.0538306260091665;0.7491680132632982;0.39998741345468564;0.7114612881887893;-0.37914934629203345;0.7499985851627883;0.30287632232633743;1.0541841255608853;0.8062383736543421
16.766599;0.9953564497217899;0.7505522012698179;0.7524010899231467;0.2874039162425899;0.2870001246875864;10.022417016576544;0.7504157112030249;0.4170882577817254;1.0538292612121274;0.7491440651806042;0.3999939552284512;0.7114693095263894;-0.3791513583052898;0.7499918508331447;0.30288051074331895;1.054169179157692;0.8062537295558839
17.766599;0.995337854713354;0.750563451998127;0.7523920125144523;0.28742660632326783;0.2869785604706054;10.023010152884767;0.7504346970550698;0.41710886208810494;1.0538283205932852;0.7491199984183615;0.4000028001140222;0.7114763858570675;-0.3791533705682152;0.7499849623111341;0.3028864063234713;1.054155371366016;0.8062687603391548
18.766599;0.9953183539995898;0.7505734203252238;0.7523824599173277;0.2874505106284821;0.28695773571718053;10.023609532049369;0.750454567669879;0.4171295101248681;1.0538278322842562;0.7490958400709936;0.4000109615013166;0.7114845071503513;-0.3791563830807141;0.7499779194168714;0.3028909868253223;1.0541417348469073;0.8062857161708623
19.766599;0.9952989143005102;0.7505836038700552;0.7523732665213433;0.2874737552692231;0.28693551700199127;10.024214796090378;0.750475353502397;0.4171501744137763;1.0538278253414606;0.7490716191573836;0.4000184533397094;0.7114926626960802;-0.37915739584257496;0.7499707220980196;0.3028942287705499;1.0541273034192884;0.8063023182761834
20.766599;0.9952795716185397;0.7505939764777074;0.7523644442786949;0.28749632675903664;0.286911909871731;10.024825553745277;0.7504970854855958;0.4171708255697502;1.053828329657023;0.7490473668213677;0.40002629019226915;0.7115008410336824;-0.37915940885339616;0.7499633704742449;0.302897107456067;1.0541131125926042;0.8063199937228221
21.766599;0.9952603646500103;0.7506045106803163;0.7523560057312595;0.2875182103812644;0.2868869210122616;10.025441377563618;0.7505197952418521;0.417191432345118;1.0538293764962223;0.7490231165258223;0.40003348734121363;0.7115100299100474;-0.37916042211238526;0.7499558648953547;0.3028985970031298;1.0540991997977562;0.8063387007340449
22.766599;0.9952404020077638;0.7506140135516368;0.7523475007077636;0.28754032195396495;0.28686176299105764;10.026061798242356;0.750543515037556;0.4172119614588653;1.0538309990605497;0.7489989042207568;0.4000410608383033;0.7115182162147743;-0.3791604356182886;0.7499482059730828;0.3028996703146566;1.0540856045643643;0.8063566930743102
23.766599;0.9952215947770909;0.7506240665378775;0.7523391509112062;0.28756263972955765;0.2868359012682151;10.026686300119435;0.750568277653685;0.4172323772508011;1.053833232546643;0.7489747683678395;0.4000490274493222;0.71152738590055;-0.3791614493694149;0.7499403945590958;0.3029002990649543;1.0540713688650298;0.8063766964688938
24.766599;0.995202124270444;0.7506333842309407;0.7523311229279697;0.28758421948653695;0.2868089557909673;10.027314320025743;0.7505941163539697;0.417252641419687;1.053836113730135;0.748950749860267;0.40005640452431357;0.7115365239123009;-0.3791614633635566;0.749932431792966;0.3028994537937121;1.054057537435807;0.8063969077483275
25.766599;0.995182973601929;0.7506420222994333;0.7523228168993042;0.2876068983628922;0.28678253222495587;10.027945245951937;0.7506210647015797;0.4172727129973005;1.0538396803233714;0.7489268919484877;0.40006520994353617;0.7115456141456895;-0.3791614775978759;0.7499243192612631;0.3028991039871204;1.0540441578338506;0.8064178170036226
26.766599;0.995164195511779;0.7506506617517162;0.7523149683164932;0.28762879525604856;0.2867547769200504;10.028578415267765;0.7506491564361876;0.4172925484397294;1.0538439706295213;0.748903240224613;0.4000734621519216;0.7115546394657596;-0.37916249206886965;0.7499160590020563;0.30289721800195957;1.0540322804624784;0.8064399133194176
27.766599;0.9951458456651188;0.750658906925727;0.752307234948002;0.2876508164855302;0.28672663700423173;10.029213114343968;0.7506784258064731;0.4173121017078654;1.0538490235981255;0.7488798427255066;0.40008218018637143;0.7115635817084003;-0.37916250677237706;0.7499076533380573;0.30289476290934575;1.054019958933005;0.8064622735444311
28.766599;0.9951279826268113;0.7506667185256762;0.7522996350113468;0.2876729368032341;0.28669812785485643;10.02984857675536;0.7507089079005239;0.4173313242299249;1.053854878769368;0.7488567500827683;0.4000913836552788;0.7115724216197175;-0.37916252170359194;0.7498991048170067;0.3028917044970348;1.054008250668464;0.8064853857712914
29.766599;0.9951106683790643;0.7506740553910608;0.7522921877367347;0.28769512916066337;0.2866692663769112;10.030483979319285;0.7507406384835279;0.41735016464287894;1.0538615761494898;0.7488340156683612;0.4001010927072614;0.7115811388268354;-0.3791625368570234;0.7498904162632346;0.3028880073418262;1.0539972170154992;0.8065092673707023
29.999994;0.9950939691891278;0.7506808744076333;0.7522849136888261;0.2877173646528023;0.28664007123599455;10.031118438782855;0.7507736536831441;0.4173685684798941;1.053869156599572;0.7488116958356575;0.400111328129028;0.7115897118900952;-0.379162552226385;0.7498815908111326;0.30288363469210755;1.0539869224311433;0.8065339352431932
29.999994;0.037132363440594195;0.015611948406909677;0.3881376112591238;-0.026090963490695663;-0.707131475577273;10.031751008410131;0.7508079899586292;0.41738647800560624;1.0538776627144406;0.013713850209506466;0.08629211155346986;0.7115981183285236;-0.37916256780453145;0.014796631939607062;-0.010951451845907853;0.10757643362663262;0.8065594059660227
29.999994;0.037116236966863725;0.015617394476573326;0.3881344081204068;-0.026068042320356668;-0.7071592796502474;10.0323806735384;0.7508436842144613;0.417403832193653;1.0538871394954068;0.013692541924122713;0.08630346555410422;0.7116063345826272;-0.3791625835834569;0.01478754347560952;-0.010957292623432044;0.10756781958445795;0.8065856961218749
29.999994;0.0371018265171139;0.015622178546778803;0.38812254385310335;-0.026045982886120526;-0.7071922511496933;10.033006350142536;0.7508807737543072;0.4174205668474411;1.0538976344952191;0.0136718378550063;0.08631541356976193;0.7116143359833644;-0.3791625995542341;0.014778329549027051;-0.010963930036837512;0.10756015225959768;0.8066128221702161
29.999994;0.03708834102535603;0.01562608327353576;0.3881065762925202;-0.026024109788186037;-0.7072278842212;10.033626886691444;0.7509192961095917;0.4174366147312583;1.0539091977123327;0.013650808830329843;0.08632797980966538;0.7116220966805729;-0.3791636157068673;0.014767994621150471;-0.01097140837246512;0.10755350735950969;0.8066412705529469
29.999995;0.03707586761451335;0.01562880483014361;0.38808001979300427;-0.026002645219999763;-0.707270901239771;10.034241063497088;0.7509592889514096;0.4174519054748048;1.0539218813669333;0.013631529759073321;0.0863411891877082;0.7116295895200957;-0.3791636320301389;0.014758543580506418;-0.010979773622823347;0.10754796483332449;0.8066701157169966
29.999995;0.037063621765838904;0.01562994973675026;0.3880429678734581;-0.025980925472426752;-0.7073189815213657;10.034847588447548;0.751000790195012;0.4174663653152107;1.053935739645358;0.013611079740126219;0.0863550672424025;0.7116367859579277;-0.37916564851155865;0.014746981768901775;-0.010990073459700373;0.10754260905710919;0.8067007847645266
29.999997;0.0370516968352426;0.01562864162092799;0.3879741642589783;-0.025959579293360277;-0.7073873166275279;10.035445091213717;0.7510438383295189;0.4174799168337381;1.053950828777343;0.013590542191126232;0.08636964015356652;0.7116436560679511;-0.37916866513747316;0.014734314942701691;-0.011000357391676518;0.10753852883239054;0.8067328235946626
30.0;0.037039705237468135;0.015622464456688981;0.387817233655544;-0.0259394209312222;-0.7075047778148228;10.03603211746779;0.751088472791766;0.4174924786690289;1.0539672074539206;0.013568004964051927;0.086384934901942;0.711650168609458;-0.37917568189321743;0.014718549282320451;-0.011012676942100995;0.1075348172080955;0.8067676608252712
30.000006;0.037026972654104554;0.015609905066699705;0.3875423137548765;-0.025920723811146715;-0.707691549628719;10.036607137670948;0.7511347259114188;0.41750396608556173;1.0539849301930704;0.01353956228371605;0.08639998017330706;0.7116562884738716;-0.3791896987658555;0.014695692962746433;-0.011027085637152175;0.10753155938933824;0.8068067276985832
30.000018;0.03700963342414078;0.015583824064795656;0.3870052543784618;-0.02590393029137692;-0.7080311663492347;10.037168618889936;0.751182600184092;0.4175142875686354;1.0540040275949256;0.013500319461091367;0.08641680812830503;0.711661968348402;-0.3792167157509892;0.014660758320139872;-0.011043638271026284;0.1075247935308976;0.80685288414918
30.000041;0.0369820593354779;0.015531005250355945;0.38592043099004925;-0.02589122420406063;-0.7086850176884595;10.037715323184365;0.7512320545620897;0.4175233339159345;1.0540244955164815;0.013437391049040844;0.0864344552652366;0.7116681427962461;-0.3792717328544777;0.014600753483453967;-0.011065391817755909;0.10751348485464685;0.8069141538796991
30.000089;0.03693429435203931;0.015427416502261908;0.3837604447395357;-0.025887187780712508;-0.7099569534227448;10.038246775976555;0.7512830101905076;0.4175309799130176;1.0540463029330414;0.013324886959856418;0.08645396083515085;0.7116787343531751;-0.37938675008542827;0.01448966239652023;-0.011094411693670954;0.10748957451172958;0.807009264536854
30.000184;0.03684177332275684;0.015222313537931253;0.37943599632987085;-0.025897981330701834;-0.7124664203481552;10.038763190639362;0.7513353557196989;0.4175371027323986;1.0540693870189473;0.013114901246324322;0.08648136267687484;0.7117036625309823;-0.37963076745171886;0.014279439321953424;-0.01113577433655521;0.10744405734364985;0.8071796785118213
30.000374;0.03665904489179069;0.01481702772393591;0.3707684722230778;-0.0259371284841822;-0.7174374249042446;10.039264711671652;0.7513889638743094;0.417541589127063;1.0540936552609355;0.012707511018800273;0.08653769548440463;0.7117938479830913;-0.3801777849619256;0.013870029755334743;-0.011199554732508462;0.10736898621236554;0.8075525326224577
30.000564;0.03647708356723564;0.014411743740450546;0.362057335594617;-0.025973914379743467;-0.7223899479182718;10.03975098129664;0.7514437219613855;0.4175443393581695;1.0541190435319598;0.012302778405279645;0.08662299421063216;0.7119392173812894;-0.3808028026315878;0.013461394015998935;-0.011257810165648797;0.1073194061470479;0.8080131709068156
30.000753;0.03629496448648035;0.01400629095567242;0.35330467735227167;-0.02600765276548172;-0.7273216183924271;10.04022121464144;0.7514995384722314;0.4175452859153552;1.0541455739993417;0.011900753066839322;0.08673729247295468;0.7121407055101111;-0.3815048204908702;0.013053514298037541;-0.011310580074510565;0.1072963135092706;0.8085620155398535
30.000943;0.03611398210763146;0.01360132862742533;0.3445129438546666;-0.026039224206128933;-0.7322292020449331;10.040674247013879;0.751556314436736;0.4175444043498791;1.0541733377920182;0.011502472631678138;0.08687961242709807;0.7123992486669813;-0.3822818385814557;0.012647390137988808;-0.011358897679100971;0.10729868307623196;0.8091989884145198
30.001133;0.03593356189177734;0.013195909156497581;0.3356594081874416;-0.02606861313337961;-0.7371215993651574;10.0411087197178;0.7516139130550056;0.41754170344770636;1.0542024426394934;0.011106963693892084;0.08705095878577625;0.7127137787694552;-0.3831328569406218;0.012242034291234868;-0.011401788755246101;0.10732850433171427;0.8099227136042636
30.001323;0.03575411497124485;0.012790672194205155;0.3267543527355548;-0.026095938122294646;-0.7419922891471903;10.041523404753848;0.75167216680128;0.4175372131611691;1.0542329930191954;0.010713244539774637;0.08725032537162362;0.7130832275897414;-0.3840558755939996;0.011836470114533244;-0.011439259103475439;0.10738378549894853;0.8107313593672836
30.001513;0.035573281709966334;0.012384896121092845;0.3177953351888327;-0.026119476455042503;-0.7468399270753212;10.041917165380326;0.7517309102042308;0.4175309847782886;1.0542650979711894;0.010323322865992574;0.08747870164146998;0.7135095358781697;-0.38504889456703095;0.011432727926477102;-0.01147229377977653;0.10746555470392799;0.8116257491839958
30.001703;0.035392622280309365;0.011978296277299886;0.3087561329966191;-0.026140796711372906;-0.7516733340154195;10.042288603804666;0.7517900019052397;0.4175230926154173;1.0542988741722112;0.009934196353489357;0.08773506379849046;0.7139906575044386;-0.38611191389035815;0.01102784730789971;-0.01149986440545624;0.10757284500159749;0.8126041483028006
30.001893;0.035211979828347305;0.011570757362009269;0.29963013987270515;-0.026159859956372652;-0.7564924100759902;10.042636002328136;0.7518493364913711;0.41751363007140097;1.054334439684458;0.009547861395241594;0.08801936609336754;0.7145275557895137;-0.38724293358828116;0.010623882994916846;-0.011521929509004823;0.10770664962512361;0.8136665296656006
30.002083;0.0350295041172532;0.011162393732986074;0.29043009824113947;-0.026174990165759048;-0.7612877703942709;10.042957659838024;0.7519088497377493;0.4175027190391857;1.0543718954374361;0.009163318827619912;0.08833154586898226;0.7151191980584667;-0.38844095366950215;0.010219903086786506;-0.011538424884127861;0.10786691749942023;0.814811579542427
30.002272;0.034846809181147846;0.010752994553997586;0.28113109696380817;-0.026187774794882535;-0.7660677864722001;10.04325214038252;0.7519685123133155;0.41749052548416243;1.0544113040385963;0.008780575047148234;0.0886725271115197;0.7157655553512157;-0.38970297412384974;0.009815982387975779;-0.011549250369485438;0.10805259109356415;0.8160378785302194
30.002462;0.034662094850511374;0.010342751862824977;0.2717469103630275;-0.02619650980374578;-0.7708222176481615;10.043518433441188;0.7520283089580916;0.41747724801900626;1.0544526998135488;0.008398641521236351;0.08904122388494365;0.7164686037309385;-0.39102999492604384;0.009411199027345479;-0.011554269632886324;0.1082636166119262;0.8173476401986528
30.002652;0.03447705630070473;0.009931300644856887;0.2622492202502117;-0.02620275304445217;-0.7755584912309699;10.043756256767702;0.7520882001885077;0.41746308479231187;1.0544961264781738;0.008018527406905097;0.08943755533816306;0.7172253230983745;-0.39241801605117627;0.009006631732632489;-0.011553328102921588;0.10850093851055015;0.818736259351657
30.002842;0.034289481851941375;0.009518129168109185;0.2526350783129045;-0.02620462189967928;-0.7802733359810716;10.043965988199329;0.752148094468606;0.41744820744344274;1.0545416729790793;0.007639229143484876;0.089862453429494;0.7180367025394307;-0.39386803748138;0.00860134957685178;-0.011545271426909006;0.10876450842185967;0.8202049955342043
30.003032;0.034101295732631334;0.009104634993748187;0.2429245869647595;-0.026203181451180363;-0.7849565717145434;10.044147974048576;0.7522078536330866;0.4174327521211027;1.054589461727863;0.007260728247157671;0.0903158460399175;0.7189037579573334;-0.39537805919635;0.008195402454645827;-0.011530951551852835;0.10905328636427991;0.8217536355651224
30.003222;0.03391096315059461;0.008688388324933204;0.2330541489531321;-0.026197748568971495;-0.7896233980683086;10.044302065607914;0.7522673198893293;0.4174168233471823;1.0546395650804412;0.006883994631162467;0.09079664379281836;0.7198255483664839;-0.3969460811692582;0.007789827911175054;-0.011509226799880047;0.10936724797358019;0.8233802107756851
30.003412;0.03371951642139707;0.008270969019500463;0.22305500737396217;-0.026188662070369188;-0.7942600348795232;10.044427850967537;0.7523263403409277;0.41740050750331453;1.054691948177311;0.006506988945165524;0.09130575157314758;0.7208011748472333;-0.39857210337080456;0.007382658619411365;-0.011478958709611855;0.1097084140408452;0.8250837495625565
30.003572;0.03355959529784936;0.007915759660394072;0.21454399389920623;-0.02617660006622743;-0.7981375246648957;10.044524956626985;0.7523847594878802;0.4173838855032182;1.0547465136087384;0.006192664373619508;0.09176207584093225;0.7216637668158006;-0.39998512577055734;0.007036911724539383;-0.011455003772763766;0.11001985548778101;0.826586690810628
30.003572;0.03357580799463238;0.007895790902158082;0.21455168736266755;-0.02617006167463304;-0.7981555340648508;10.044592869412623;0.752442402254299;0.41736702897880357;1.0548031539205487;0.0062159663700299215;0.09179551446182019;0.7216464685015911;-0.39998514834335025;0.0070275818238433665;-0.011494211563866088;0.11005165683423236;0.826635456620409
30.003572;0.03359271693828717;0.007875387912344652;0.21455367848464899;-0.02616426483592839;-0.7981753181569807;10.044630548597672;0.7524990960612981;0.4173499911535383;1.0548617562293383;0.006240834844540209;0.09182894790220295;0.7216284253067516;-0.39998617108720974;0.007018653897739235;-0.011533436585466877;0.11008485656227067;0.8266839805274914
30.003572;0.03360955969032028;0.007855040867987306;0.2145693246433615;-0.02615826262855686;-0.798190229008715;10.04463642251184;0.752554701168474;0.41733281305635245;1.054922220823535;0.006267212309519581;0.09186324240477568;0.7216107728210531;-0.39998619403193547;0.007010117952766667;-0.011572554337132852;0.11011939665288432;0.8267319859261715
30.003572;0.03362813559688688;0.007834027900599337;0.21456734631560498;-0.026153701373970023;-0.7982100040049896;10.044608778734561;0.7526090849018379;0.417315537326004;1.054984482604035;0.006295044683270249;0.09189626207539868;0.721592639682232;-0.3999882172220597;0.007001972474154468;-0.01161146736394754;0.11015612628304343;0.8267798656784927
30.003572;0.033647641584225174;0.007812360693724283;0.2145532755336954;-0.02614982058346331;-0.7982341540105502;10.044546149776222;0.7526620556221065;0.4172982120304965;1.0550484938866858;0.006323272317340878;0.09192987791388632;0.7215751587976054;-0.39999224069771044;0.006993216042717624;-0.011650097943731926;0.11019284351291976;0.826828303046911
30.003573;0.03366672775062021;0.00778907469511715;0.21450783507514154;-0.026145650507423637;-0.7982683786110162;10.044447516543562;0.752713343198246;0.4172808936442675;1.055114186492843;0.006351823423239268;0.09196396906740748;0.7215594720985268;-0.39999926449291806;0.0069838349473068965;-0.01168737770462318;0.11023234358829084;0.8268784794263614
30.003575;0.03368652455922865;0.007764941020436132;0.21444687043668598;-0.026142015257451065;-0.7983140122378646;10.044312163336679;0.7527626550460614;0.41726366796245196;1.0551814204284873;0.006380607478578341;0.09200041587736119;0.7215487289739405;-0.40001328863456476;0.006973804931983725;-0.011725235742296213;0.11027344882788204;0.8269347959061029
30.003578;0.033705302613140344;0.007736841672350235;0.21429263943379356;-0.026138347527895473;-0.7983989391019873;10.044139420136236;0.75280973945435;0.41724666780168285;1.055249951491486;0.0064065095176124125;0.09203908606950019;0.7215470888954517;-0.4000413131378928;0.006960103215047591;-0.011760584657698159;0.11031698607302996;0.8270039608506924
30.003584;0.033722956252514716;0.007702352857120457;0.2139774320613292;-0.026135512799566024;-0.7985556854922307;10.04392883179186;0.7528544121102303;0.41723005647855466;1.0553194564375434;0.006427397536403879;0.09208583655315919;0.7215627267589;-0.40009733801169256;0.006940711379792134;-0.011795313945311992;0.11036775842811786;0.8270995153938662
30.003597;0.033735271487226694;0.007654094036979256;0.21331594773738852;-0.02613276553065824;-0.7988649459073541;10.04368042201711;0.7528965580471305;0.4172139895469197;1.0553895738073509;0.006436133099759616;0.09214853759256242;0.7216138260384564;-0.40021036326113457;0.00690861037801552;-0.011825288346121125;0.11042857300459631;0.8272509671409725
30.003621;0.03373567172146966;0.007580247789592671;0.2120083366532389;-0.02612950810182561;-0.7994663598627295;10.043394488390984;0.7529361149617942;0.4171985914675849;1.0554599066684613;0.0064195736842462044;0.0922440873176793;0.7217365603176773;-0.4004383888756999;0.006850778633758492;-0.011850346927870691;0.11051327051906601;0.8275176218136621
30.003671;0.03370984911749766;0.0074530854629387975;0.20933897033671822;-0.026124927328868938;-0.8006727360852743;10.043071101239436;0.7529730580562315;0.4171839657723181;1.0555300057954606;0.006351579913259233;0.09241041027926807;0.7220050802511564;-0.4009044148185071;0.006741195162800998;-0.011862312319698217;0.11064667850362339;0.828023617844567
30.003771;0.03363266066267797;0.007223216998454494;0.20401495881327433;-0.02611882835038668;-0.8030725175871295;10.042709761907789;0.7530074124858791;0.41717021552010536;1.05559939951459;0.006180024552754648;0.09272346429814657;0.7225705094177862;-0.4018774410300326;0.006527843490428696;-0.011850009656037499;0.1108795201548143;0.8290315551291833
30.00397;0.03344558141172911;0.006787713732896745;0.1933222675592278;-0.026104489867180305;-0.8078712249920074;10.04230944477034;0.7530392736009852;0.4171574425366991;1.0556676607127653;0.005805788731126457;0.0933612450142224;0.7237659440775551;-0.40398246744273064;0.0061117127235400266;-0.011785278925162115;0.1113373783142513;0.8311372103593366
30.004169;0.03326256709540631;0.006356776780190481;0.18261811643251902;-0.02608913898386554;-0.8126680193573875;10.041868892089495;0.7530688033067208;0.41714572797156435;1.0557344151107884;0.005434755513695797;0.09404576811842752;0.725024458403585;-0.4062944939973374;0.005698796481477696;-0.0117099777237117;0.11183376193259224;0.83339648437633
30.004369;0.033082101602754106;0.005928800252072691;0.1718628881526549;-0.02607149429410259;-0.8174698239042507;10.041386877605268;0.7530962090492211;0.417135116529546;1.0557993006662167;0.005066808680774866;0.09478004950177775;0.7263441098105289;-0.40881052064505763;0.005289091351846346;-0.011622989456622523;0.11236622568898012;0.8358068537172866
30.004568;0.03290340530458307;0.005504808451870333;0.16108829323550905;-0.02605039986252038;-0.8222691425971032;10.040862257883392;0.7531217316731886;0.4171256205323696;1.0558619708378585;0.004702828466429555;0.0955620985890741;0.7277259366262495;-0.411525547334591;0.004883594186855413;-0.011525237494349232;0.11293445194447854;0.8383675603316988
30.004767;0.032728799637465;0.005082882563405889;0.15022380713824507;-0.026027957080954362;-0.8270774447700706;10.040293966799652;0.753145644613917;0.41711723988551974;1.055922127607016;0.00434168790726237;0.09639391313950538;0.7291709517608026;-0.41443557400030817;0.00448129656064673;-0.011415688495096025;0.11353925511151373;0.8410784544615209
30.004966;0.032556501768728666;0.004664362528313294;0.1393153659909031;-0.02600216903087694;-0.8318822847365339;10.0396813144189;0.7531682396071943;0.41710998317837616;1.0559795255511235;0.00398226422969173;0.09727348067699436;0.7306771368536377;-0.4175366005617379;0.004081179940795274;-0.011294339348964125;0.11417954031416003;0.8439368727882789
30.005166;0.032386450304775966;0.004247078251811721;0.12829504237093148;-0.02597322436730186;-0.8366941700914454;10.039024476726558;0.7531897861393784;0.4171038794104506;1.0560339548296094;0.0036234559150828145;0.09820279011130094;0.7322444405210018;-0.4208236269336688;0.003682221383976724;-0.011161199824238119;0.11485525680644512;0.8469414469073729
30.005365;0.03221989685514167;0.003832248687869634;0.11719193522742016;-0.025941758459249602;-0.8415048089536928;10.03832458279924;0.7532104854302466;0.41709897541537333;1.0560852354936896;0.0032671819944817522;0.09918183050673263;0.7338737850129048;-0.42429265303545916;0.0032864080258976124;-0.011016281924695578;0.11556536368861363;0.8500921695927197
30.005564;0.03205509369237218;0.003418403403967595;0.10596435204258019;-0.025906217094043043;-0.8463159837907848;10.037583255892816;0.7532304419880544;0.41709532053161974;1.0561332466896811;0.002910369198150788;0.10021057976742039;0.7355650811447592;-0.4279396787908702;0.0028907446448078527;-0.010858594130198261;0.1163098206722181;0.8533881171065567
30.005763;0.03189355056287377;0.0030056534339293803;0.09460562855206303;-0.02586749141234057;-0.8511200271294641;10.036801994087131;0.7532496657761837;0.417092947032404;1.0561779696638687;0.002553947595848275;0.10128901370689414;0.7373132480865924;-0.43176170412211634;0.002496246363768875;-0.010688141874560936;0.11708858899618259;0.8568244712912937
30.005963;0.031734767306672705;0.0025934051219617615;0.0830938316452937;-0.02582392986839931;-0.8558804330533543;10.035981662926813;0.7532681144668815;0.417091857724498;1.0562194758772896;0.002197858474961684;0.10240913207649231;0.7390802241320208;-0.43575272894804656;0.0021029225745973113;-0.010505944194110958;0.11789561707344007;0.8603664172214043
30.006101;0.03165120345385445;0.0023008367473961967;0.07499742943233366;-0.02579205513010599;-0.8591624497436341;10.03512236321032;0.7532857411376008;0.4170920228429708;1.056257858648501;0.0019590637415483675;0.10321497237297937;0.7403149577631386;-0.43863175319294717;0.0018277649612530782;-0.010375053995164694;0.11847482801078917;0.8628875653378372
30.006101;0.03173870082542157;0.002281140973920763;0.07501501304211575;-0.02579784045650698;-0.8591486832551098;10.034223836529481;0.7533024914039911;0.41709338133499707;1.0562931756980063;0.00199154388930849;0.10322360234314196;0.7403113928632166;-0.43863177679559456;0.001824749590433784;-0.010385552694997564;0.11848211726618241;0.8628743919360263
30.006102;0.03183075222038175;0.0022615702133917917;0.07502786537050285;-0.025804516998170077;-0.8591363605490964;10.033286041262146;0.7533182737686883;0.4170958415974543;1.05632541855413;0.00202328391261742;0.10323109771620376;0.7403094643775183;-0.4386337997072039;0.0018218509490198407;-0.01039452601796247;0.11848735240274043;0.8628602776287625
30.006102;0.031927074642526705;0.0022421782772114283;0.07503790552825416;-0.025812042129190027;-0.8591229138784356;10.032309500076252;0.7533329724820351;0.4170992799412247;1.0563545029177106;0.0020542611781999044;0.10323851803384139;0.7403081048008774;-0.43863582188328837;0.0018190540123766811;-0.010402049308651361;0.11848838241625506;0.8628432701081794
30.006102;0.03202735087337237;0.0022228014661134702;0.07504065056931712;-0.025820478844763704;-0.8591087982886875;10.031295243961441;0.7533464964969265;0.41710353720455;1.0563803273083632;0.002084448644114366;0.10324489849099062;0.7403072524926114;-0.43863984327498357;0.0018163508925865019;-0.010407181845587645;0.1184870490812909;0.8628244124953625
30.006102;0.032130375153869614;0.0022036734134179073;0.07504635001640042;-0.025829249677014735;-0.8590968127516185;10.03024436776373;0.753358811726932;0.4171084125071482;1.056402873880062;0.002112828410887966;0.10325126209442918;0.740309852915409;-0.43864786382411214;0.0018127281336752475;-0.010411961151604563;0.11848220113250527;0.8628074234414119
30.006103;0.032236026577800635;0.002183105968399695;0.07500246016079737;-0.02583887199139491;-0.8590942771655999;10.029157925994795;0.7533699418767636;0.4171136666495247;1.0564222282681628;0.0021403950837513134;0.10325863934472931;0.7403148598496524;-0.43866288347083116;0.0018091605803365381;-0.01041440520851124;0.11847571795055392;0.8627931546134572
30.006104;0.03234498228429413;0.002161830733500089;0.07493023483430061;-0.02585049405691484;-0.8591068542212896;10.028037607858193;0.7533799511860112;0.41711904722854704;1.0564385225310429;0.0021651456568459186;0.10326907349626067;0.7403272436842344;-0.4386939021695907;0.0018036089415860662;-0.0104155246958295;0.11846853003621761;0.8627907133378533
30.006107;0.03245319208001798;0.0021379053524651598;0.0747778692843693;-0.025861590478487694;-0.8591515342284705;10.02688637302695;0.753388919405274;0.4171243234151314;1.0564518983176312;0.002186070488474909;0.10328760419664272;0.7403529926420457;-0.4387549198969902;0.0017950134621904546;-0.010413331419858899;0.1184636156969705;0.8628126246761417
30.006113;0.03256017350832465;0.002108145834339061;0.07444610987426734;-0.025873347491430602;-0.8592649301291826;10.02570840115206;0.7533969238138012;0.41712930995421393;1.0564624980629596;0.0022011463274617424;0.1033222573252756;0.7404051060683454;-0.43887893664834177;0.0017812942073836796;-0.010405840349525524;0.11846795793514898;0.8628871117384574
30.006125;0.03266152851373585;0.002066940765916092;0.0737687284301708;-0.0258845685522739;-0.859514005297672;10.024508389403081;0.7534040423903499;0.4171338746466544;1.0564704497398225;0.0022033316190471176;0.10339006060243588;0.7405105961452536;-0.43912495243242977;0.0017553653359394128;-0.010392078652652088;0.11849150726443815;0.8630676924073934
30.006148;0.032749807166318985;0.002002765792982693;0.07240020534392932;-0.025893722906565372;-0.860038134705518;10.023290473501014;0.753410360437061;0.41713793336596117;1.0564758522847135;0.002181573583292653;0.10352605853022703;0.7407204901709152;-0.43961996726998653;0.0017061493854963047;-0.010364100282010832;0.11856120465623034;0.8634632626119574
30.006195;0.03280925767493649;0.0018923093251852555;0.06963892939705367;-0.025896312492032184;-0.8611098891083501;10.022057631028572;0.7534159613254775;0.41714142494904377;1.0564787844825734;0.002113821584291527;0.10379829989579167;0.7411398182528494;-0.4406169811937433;0.001611577662765672;-0.01030999048850765;0.11872500609060327;0.8642937235536229
30.006288;0.03281221377083777;0.0016907351213700178;0.06411167406426264;-0.025885728533755654;-0.863266036827182;10.020811952026596;0.7534209118442471;0.4171442771547594;1.056479328495308;0.0019530322184904338;0.10435181385629586;0.7419775945864102;-0.44263599424566574;0.0014245850569139943;-0.010202852863118278;0.11908683350051814;0.866005849812804
30.006475;0.03269970687792788;0.0013049302530879945;0.05290176112612328;-0.025843939111744936;-0.8675651455238417;10.019555095829146;0.7534252497031688;0.41714639770554496;1.056477596152228;0.0016081650338841574;0.10548460069864461;0.7436508090555703;-0.44678000647160815;0.0010541132501687492;-0.009985786190081959;0.1198585108601547;0.8695280671868165
30.006662;0.03258402942114566;0.0009182013230642917;0.04150542777874373;-0.025796562841350092;-0.8717692468693815;10.018288551738099;0.7534289701033767;0.41714768374650385;1.056473750682536;0.0012621831318493854;0.1066436383563815;0.7452894352257334;-0.451060017915846;0.0006831235359101359;-0.009757865128040086;0.12064379017466328;0.8730983389887826
30.006829;0.03249042089340316;0.0005717020970839259;0.031219478156481153;-0.025751745616173174;-0.8754131065278746;10.017013808136689;0.7534320185731429;0.4171480297513389;1.05646799845809;0.0009550651649824526;0.10769289417052268;0.7467074434019861;-0.4549830286183944;0.00035161078155403354;-0.009546135107350608;0.12134644231884191;0.8763026249689674
30.006995;0.03239314450148334;0.00022472343819261736;0.020786200997664456;-0.025702256801788875;-0.8789618254401492;10.015732509187734;0.7534343024822265;0.41714733946142163;1.0564605654516133;0.0006468141648637792;0.10875833709278758;0.748082805188956;-0.45900903861886305;1.9606172500673713e-05;-0.009325626364346024;0.12205730232868638;0.8795315885812073
30.007161;0.03229150135012044;-0.00012136781703015332;0.010245208105839695;-0.025647684630529886;-0.8824090309365891;10.014446564698739;0.7534357233312076;0.41714552419422946;1.056451711135569;0.00033745283094582926;0.1098409459652102;0.7494144900845927;-0.4631370479593977;-0.0003128307846321939;-0.009097374932119227;0.1227742488518592;0.8827849548202352
30.007328;0.03218476929220905;-0.00046847677217246324;-0.0004720948468256171;-0.02558764027968711;-0.8857498598881252;10.0131581248278;0.7534362108734153;0.4171424732334409;1.0564417517954139;2.7012598312232256e-05;0.11093970705170586;0.7507004596900657;-0.46736505667414613;-0.0006456201290561034;-0.008859432710367269;0.12349718519521824;0.886061006943539
30.007494;0.03207387541684504;-0.0008162017316994127;-0.011360360688954362;-0.025523236203361298;-0.8889807867894219;10.011869396831171;0.7534357210335942;0.4171380413006355;1.0564310274957427;-0.00028547499499406107;0.11205460454818622;0.7519396663459981;-0.47169106477758893;-0.0009796661711234656;-0.00861386883875642;0.12422704017492162;0.8893588004269045
30.007661;0.03195615712156257;-0.0011641470815371953;-0.02241511468407102;-0.02545224429106125;-0.8920938839298505;10.010582359631472;0.753434195339047;0.4171320839586628;1.056419862795619;-0.0005979853840315903;0.11318461546363225;0.7531310596033919;-0.4761120722735252;-0.0013128598728025975;-0.00835976916389691;0.1249627588152386;0.8926768112930662
30.007827;0.03183257044548078;-0.0015119288736481374;-0.03363095385490687;-0.025375752006539312;-0.8950854022101103;10.009298571532298;0.7534315381671629;0.41712449486133024;1.0564085736875501;-0.0009125057170383767;0.11433071709093605;0.7542735930649411;-0.4806270791738652;-0.0016470816132664857;-0.008098234611320273;0.1257033109577927;0.896014575736533
30.007993;0.03170350374099501;-0.0018600026232598352;-0.04502888875417587;-0.025294225261706455;-0.8979467510163585;10.008018988078872;0.7534276416420277;0.41711519915958145;1.0563974625010062;-0.0012280304930689476;0.1154928995739383;0.7553652251526547;-0.48523408551023245;-0.0019812047604741622;-0.007827375586161922;0.1264497494701441;0.8993702782469802
30.008053;0.0317088564799906;-0.001996351714779725;-0.04913931401598461;-0.025281922837158327;-0.898912795229849;10.006743758052242;0.7534224204050118;0.41710412371003136;1.0563867679203307;-0.0013345509225046364;0.11590416001007912;0.7557469164898442;-0.4869030913399258;-0.0021050961803317073;-0.007720302957180052;0.12666024905850834;0.9005470365301342
30.008053;0.03178767108764078;-0.0020150920171099177;-0.04913929070413583;-0.02531151086609695;-0.8988733305590453;10.005472419964368;0.7534158173366492;0.417091186979742;1.0563766194833044;-0.0013250474873294075;0.11589148625840104;0.755751629722584;-0.48690309673671844;-0.0021116173860379135;-0.007708122043484751;0.12656608010791087;0.9005032781189514
30.008053;0.031860802808784706;-0.0020337795103037935;-0.04914573354707794;-0.025341855078163715;-0.8988347621833095;10.004204395304615;0.7534077807483249;0.4170763172309527;1.0563670521262805;-0.0013164934526837008;0.11587886277901212;0.7557563282976083;-0.4869051017623699;-0.0021176291845130058;-0.007695925736400846;0.12646756882993196;0.9004602140918921
30.008053;0.031927214752819094;-0.0020516758576320333;-0.04913581124573075;-0.025372110735795952;-0.8987954515815697;10.002939218178623;0.7533982410724146;0.4170594690098968;1.056358062771435;-0.0013088685685204982;0.11586429379386451;0.7557619714282714;-0.4869081064465598;-0.0021229944349313084;-0.007683789571409652;0.12636607005676911;0.9004181510662365
30.008053;0.03198844764378515;-0.0020700441961765247;-0.04915032749654675;-0.025403744906242205;-0.8987566348074799;10.001676472617849;0.7533871133195412;0.41704061749579135;1.056349645599905;-0.0013031635434892098;0.11584981440767914;0.7557675173462057;-0.4869121107950181;-0.0021285778172101828;-0.007670778174515431;0.12626095995666853;0.9003762724875215
30.008054;0.03204371597055458;-0.002088513807186375;-0.049178406027877694;-0.025436005041605318;-0.8987187904725121;10.000415886595597;0.7533743114306654;0.41701975211312453;1.0563417978488747;-0.0012973667104547802;0.11583647522710877;0.755773934569591;-0.48692211480843495;-0.0021322474711966215;-0.007658955538599851;0.12615264772407456;0.900338142522184
30.008054;0.03209181070730259;-0.002107685380291417;-0.04924259031765807;-0.02546777129204761;-0.8986866669396448;9.9991576262741;0.7533597446236618;0.4169968834024796;1.0563345182649737;-0.0012944529345857243;0.11582430771235125;0.7557832063876051;-0.4869421184927597;-0.0021368840459547334;-0.00764638843642987;0.12604455889851746;0.9003075968382213
30.008056;0.03213412239671062;-0.0021268994631234335;-0.049317774706853744;-0.02550023521920337;-0.8986669610129367;9.997902323432013;0.7533432996276004;0.41697204596076076;1.0563277984470645;-0.0012933884354867716;0.11581629521281911;0.7557963278430383;-0.4869821218615461;-0.002141392236868548;-0.0076321432674671145;0.12593710055149196;0.9002908572548812
30.008058;0.03216924558170047;-0.002149941530840075;-0.04953421625894984;-0.025532058482680458;-0.898667605795228;9.996650974699277;0.7533248374107122;0.4169452951939477;1.0563215990588903;-0.0012951407048358659;0.11581737653218682;0.7558173039392425;-0.487062124929274;-0.0021467009050350244;-0.007617284646263769;0.125834666297275;0.9003020792071051
30.008064;0.03219562167649337;-0.0021777415310874557;-0.04992508944621916;-0.025562269770008382;-0.8987162319526247;9.99540520921424;0.753304230660663;0.41691670708192446;1.0563158233244123;-0.001303681075165606;0.11583847530728074;0.7558571541266141;-0.4872211276915673;-0.00215675826240627;-0.007597873572051618;0.12574567488366578;0.9003716215454984
30.008075;0.03221008208698024;-0.002216439126274561;-0.050703548519531426;-0.025588857407212694;-0.8988572146697832;9.994167689290741;0.7532814231820073;0.41688637120482824;1.0563103243168739;-0.0013249810888032341;0.11589752039115153;0.7559319163848585;-0.4875401301029533;-0.0021775325737074126;-0.007569958975478194;0.12568360907682788;0.9005568808044352
30.008098;0.032205083659509304;-0.0022778979862783616;-0.052286756915782925;-0.025607208064743644;-0.8991825042884085;9.992942241880879;0.7532564405054908;0.4168543711719359;1.0563049394716637;-0.0013680073367183306;0.11603745225936779;0.7560756396309788;-0.48817613207583044;-0.00221801020572978;-0.007523572239823413;0.1256780015860184;0.9009717329122316
30.008143;0.03216701963546283;-0.002384804346426091;-0.05547817299858328;-0.025609629635443398;-0.8998674226897565;9.99173363571845;0.7532293287564226;0.41682077266402423;1.0562995094248442;-0.0014577215816513089;0.11633723498492075;0.7563583745802034;-0.48944713350729185;-0.002303192143434391;-0.0074417323137352985;0.12578732941712645;0.9018480803774553
30.008234;0.032064581809981875;-0.002582316051210176;-0.06190873922874819;-0.025576719876196658;-0.9012375368380631;9.990546987377057;0.7532000923366092;0.41678563340011726;1.0562938818315868;-0.0016380887485799125;0.11695786772451186;0.7569071766925315;-0.4919801343099869;-0.0024770905693403296;-0.0072844590132146066;0.12612592831510736;0.9036353782538271
30.008415;0.0318340393068684;-0.0029646576331557248;-0.07507381626027786;-0.025465187351838725;-0.903823157311503;9.989387178153459;0.7531687028926116;0.41674902106140443;1.0562879160708383;-0.0020020828682202067;0.11822238624587336;0.7579571068286737;-0.4970111344240966;-0.0028327193862293393;-0.006970783750286997;0.1269220425058841;0.9072129752721663
30.008596;0.03159816559157592;-0.0033513177275333317;-0.08862112143851089;-0.025340895594722142;-0.9061243410968632;9.988258785848178;0.7531351588703065;0.41671103351776645;1.0562814849262128;-0.0023716872484702153;0.1194848680409611;0.758946218024141;-0.5019971338125526;-0.0031920886046738275;-0.006646748477284586;0.12772091949775072;0.9107288090461835
30.008959;0.0310987712494871;-0.004119796132660913;-0.11690455882832337;-0.025017798431674457;-0.9098622913269464;9.987166376419205;0.7530995061311784;0.4166718198776745;1.056274464501539;-0.00312189236342104;0.12202943947329682;0.7607415424949721;-0.5118351324553496;-0.0039302099929632356;-0.005972394531969755;0.12943982779501792;0.9176290104715723
30.009285;0.03063544672435824;-0.00482577335114106;-0.14377195933834694;-0.024682350062261667;-0.9120739600635686;9.986114612181309;0.753061798678157;0.41663158130574673;1.0562667045375524;-0.0038096905251522187;0.12431126324137645;0.7621560897502715;-0.5205391303495424;-0.004604105363328819;-0.005325744773247912;0.13098204258877616;0.923629918796052
30.009611;0.030160567534892685;-0.0055414140720491546;-0.17198419805556492;-0.02430221176023725;-0.9130828707961594;9.985107901199882;0.7530220713176089;0.416590548221963;1.0562580029772242;-0.004508069025716476;0.1265895051060423;0.7633818533755276;-0.5291011275118924;-0.0052868139627135855;-0.004641796348685755;0.1325318822101741;0.9294382459380589
30.009937;0.029672765437970764;-0.006263679327789233;-0.20154082548796579;-0.02387450079432586;-0.912767239790603;9.98414989369941;0.7529803572167193;0.4165489532801608;1.0562481262397994;-0.005213007771132336;0.12886330793196848;0.7644218202044429;-0.5375261239805452;-0.0059743957402586196;-0.003919532381969411;0.13408974487023723;0.9350584187361897
30.010263;0.029173187215939003;-0.006991265335179492;-0.23249475840660214;-0.023398324101230338;-0.9109813300307555;9.983243384110489;0.7529367184753206;0.41650702029451064;1.056236860971056;-0.005923483376451063;0.13113379175489656;0.7652789764825418;-0.545813119812798;-0.006665921208995411;-0.003157930510352407;0.1356570715728702;0.9404915765910161
30.010589;0.028664738318513475;-0.007721046332364989;-0.2648123364803777;-0.02287487268555144;-0.90758294831444;9.982390625498056;0.7528912625549374;0.4164649767047307;1.056224040290536;-0.006637475010893802;0.13340306334631385;0.7659573105872358;-0.5539671150829093;-0.007359452764311822;-0.002355959949917485;0.1372372587856053;0.9457432150920428
30.010915;0.028147313771761856;-0.008451578558143788;-0.298548553311911;-0.02230198266667431;-0.902391105234946;9.981593593459415;0.7528441277437394;0.4164230693404161;1.0562095310034474;-0.007350969022204374;0.13566922152343378;0.7664578057032212;-0.561989109883255;-0.008051029516789123;-0.00151357648061555;0.13882858461856826;0.9508141644242738
30.011241;0.02762267224214446;-0.009179411723772827;-0.333661525679577;-0.02167966030216855;-0.8952290717862582;9.980854008864714;0.7527954305535299;0.41638156842681134;1.0561932112098886;-0.008061961954249576;0.13793535814259014;0.7667854222025845;-0.569882104320251;-0.008738659759175253;-0.000630724715336668;0.14043320559599923;0.9557097301730257
30.011567;0.027093038209154686;-0.009902500568242587;-0.37015108241757505;-0.02100785362015321;-0.8858876223643042;9.980173286736536;0.7527452153729086;0.41634076732665454;1.0561749732829688;-0.008767458551631848;0.14020055240992818;0.7669430944888864;-0.5776460984966971;-0.0094193301119565;0.0002946546004111583;0.1420512032968072;0.9604318662959092
30.011893;0.026558601038131454;-0.01061758112099126;-0.4079903646831827;-0.020284684180314688;-0.8741386642216287;9.979552472619549;0.7526934626603222;0.41630098023789375;1.0561547658758492;-0.009466464242106289;0.14246587620584072;0.7669337507906142;-0.5852850924848225;-0.010092027434816353;0.0012616302702665556;0.14368359703643457;0.9649849593797557
30.012219;0.02602383330189288;-0.011322196366236882;-0.4471039067407489;-0.019512353515864396;-0.8597459388417593;9.978992198208466;0.7526401366657502;0.4162625311782984;1.0561326247060987;-0.010153977449129417;0.1447324166715825;0.7667603328418215;-0.5928010863067543;-0.010751746739949003;0.0022702909325509764;0.14533033503125833;0.9693722387176912
30.012545;0.025489168957426287;-0.012012905309615973;-0.4874236311976468;-0.0186892197349225;-0.8424385166695407;9.978492771499088;0.7525852098287688;0.4162257359959812;1.0561086559020312;-0.010827984702981797;0.1469982813165864;0.7664278042554868;-0.6001950799408;-0.0113964831597263;0.003321743000015171;0.14699133730567338;0.9735979059042249
30.012871;0.024957944901577822;-0.012686923895524326;-0.5288318049349349;-0.01781636659061005;-0.8219334112682686;9.978054195595282;0.7525286590484486;0.41619089550831917;1.056083004598064;-0.011485457645707488;0.14926657393887433;0.7659381522703037;-0.6074690733492218;-0.01202322816840617;0.0044151072569313925;0.14866555621766792;0.9776643921614958
30.013197;0.024432261563383916;-0.01334104978857288;-0.5711844047747392;-0.01689366974573214;-0.7979212230367171;9.97767623329512;0.7524704620777046;0.41615830021934963;1.05605581260311;-0.012123354518920097;0.1515363705162224;0.7652943845312405;-0.6146260664993318;-0.012628974240325297;0.005549517577815045;0.15035397789456686;0.9815755808553664
30.013523;0.02391661617989638;-0.013973440863598524;-0.614296697650178;-0.01592277452431527;-0.770068799012062;9.977358858806525;0.7524105904296005;0.41612822484429335;1.0560271665721526;-0.012738627018933905;0.1538067059610477;0.7645025215205264;-0.6216670593630611;-0.013210724446726874;0.006726120564539144;0.15205658920800647;0.9853365255978636
30.013849;0.023412614334934082;-0.01457997198292677;-0.6579042093812414;-0.014903318941849744;-0.7380468122081595;9.977102329507348;0.7523489975847105;0.4161009186042756;1.0559970829386114;-0.013328226334262467;0.1560795691888834;0.763563584626075;-0.628594051908552;-0.013765499367843832;0.00794407603130965;0.1537713702705059;0.9889490976709848
30.014176;0.022923898484110545;-0.015156722995489634;-0.701636064324926;-0.013837444247501761;-0.7015687356087422;9.976906433510838;0.7522856275053865;0.4160766045718172;1.0559655219633706;-0.013889104600893135;0.15835192017843763;0.7624825837701904;-0.6354090440958772;-0.01429033282173982;0.009201541256484405;0.15549831727356983;0.992418330836113
30.014502;0.022455174897529975;-0.01570236832324643;-0.7451415405866662;-0.012726133586496326;-0.6602707998064105;9.976769980917666;0.7522204484996013;0.41605547418707606;1.0559323994584997;-0.01441721150920257;0.1606257244068639;0.761262512717571;-0.6421140358799274;-0.014781264093417299;0.010497643493888016;0.1572364448544049;0.9957476984446805
30.014828;0.02200839128072386;-0.0162115115450019;-0.7878942349335166;-0.011570232298760707;-0.6139081488827249;9.976691080145606;0.7521534893286953;0.4160376847137904;1.0558976075937319;-0.014910490558117691;0.16289897353339142;0.7599063534589228;-0.6487110272219615;-0.0152363360607115;0.011833467620895504;0.15898473514593295;0.9989406472823371
30.015154;0.02159031036502188;-0.0166836446073709;-0.8293538415469132;-0.010372026559688498;-0.562204551114599;9.976667714201797;0.7520848587609713;0.41602338296576746;1.0558610322363977;-0.015364882765321648;0.1651706769591245;0.7584180827664655;-0.6552010180916132;-0.01565159378899896;0.013204064174759157;0.16074209740755485;1.0020007303630842
30.01548;0.021204386649649673;-0.01711448574280594;-0.8688324517594874;-0.009132825713007265;-0.5050244454169972;9.976698227894282;0.752014742618387;0.4160127233410394;1.0558225371476868;-0.015778333839276702;0.1674408383693814;0.7568016746285743;-0.6615850084517187;-0.016025081082832307;0.014610465709079243;0.16250738659054678;1.004931535671761
30.015806;0.02085520591050564;-0.01750082449139744;-0.9055774875478143;-0.007854430456400241;-0.4423242817684081;9.976781342080729;0.7519433776955865;0.41600584507568;1.0557819332307519;-0.016146798004931028;0.16970644019776923;0.7550591016998511;-0.6678669982551151;-0.016352839925444076;0.016049698584515153;0.16427744027873148;1.0077372016260955
30.016132;0.02054813176683453;-0.017839420119395526;-0.9387307508797574;-0.006540792069442366;-0.37429575588917696;9.976915691704242;0.7518710128368457;0.41600284216174205;1.055738992003197;-0.016468238990357077;0.1719684468183479;0.7531953377985786;-0.6740469874612601;-0.016632911286301365;0.0175197843419854;0.16605210447829846;1.010421550734434
30.016458;0.02028846127338732;-0.018128547838641935;-0.9674750183510139;-0.005193072309768896;-0.30114304808984993;9.97709957421749;0.7517978690170448;0.4160037590748194;1.055693519510469;-0.016740627147705057;0.1742228245623275;0.7512133603579795;-0.6801269760408378;-0.016863340137139467;0.019017733560762605;0.1678282540937755;1.0129882493196136
30.016784;0.020080079678877247;-0.018364494320584204;-0.9909441675452323;-0.003814456649974465;-0.22339023932691993;9.977331099487206;0.751724102551258;0.4160085962953704;1.0556454083138385;-0.0169589366077381;0.17647056333652275;0.7491161568654086;-0.686108963952519;-0.017039186930173592;0.02054254170833153;0.16960379674441778;1.0154410149525548
30.01711;0.019927202544284792;-0.01854478353821134;-1.0083522463426078;-0.002407335483096852;-0.14169002380492532;9.9776083891163;0.7516497956388692;0.41601731426221816;1.0555946077620426;-0.017122148795964767;0.17870767807581892;0.7469077310414097;-0.6919939511210391;-0.01715953391609897;0.02208919190656367;0.17137763956817176;1.0177836702470593
30.017436;0.019834898707352288;-0.018668314867350617;-1.019009681145995;-0.0009761212187376601;-0.05699429027240179;9.977929809524262;0.751574995322742;0.41602984515866875;1.0555410808583638;-0.017228254834528983;0.18093219629398147;0.7445901043634181;-0.6977839374489583;-0.017222481564904704;0.023656647998967856;0.17314665506418475;1.020019267684148
30.017762;0.019805187743021133;-0.018732151899461202;-1.0224126558731887;0.00047663714825120734;0.029671256943036677;9.9782942442494;0.7514997692866736;0.41604610250137436;1.0554848225706055;-0.01727424623913121;0.18314115741923098;0.742168311808177;-0.703479922848579;-0.01722514028247397;0.02524082730688119;0.1749077031600703;1.0221523524635676
30.018088;0.019839519653421164;-0.018733788211211126;-1.018270481668892;0.0019471764660811029;0.1171175011363551;9.978701317918375;0.7514242357712811;0.4160659749478754;1.0554259070750827;-0.017258103276019357;0.18533362515080795;0.7396433844149288;-0.7090839072623658;-0.01716562031922382;0.026837579920119897;0.1766576694884206;1.0241851519451988
30.018383;0.019926860662581737;-0.018684023997110742;-1.0079833505230782;0.003288325405435884;0.19585606340832926;9.979151554217303;0.7513485585458413;0.4160893221377912;1.055364507779321;-0.017190798716816162;0.18729569001230487;0.7372763326355919;-0.7140738906633101;-0.017055027536948406;0.028290703997004743;0.17822744703236545;1.0259417644680646
30.018383;0.019915231040229332;-0.018709519084365113;-1.0080219379517128;0.003275655144837521;0.19588945071013428;9.97964627167686;0.7512729075334279;0.4161159887626527;1.0553008898135428;-0.0172013116723035;0.18726444567519757;0.7372791523988333;-0.7140738730422005;-0.01702247021948219;0.028300983373811147;0.17818590759633018;1.0259464524164974
30.018383;0.01990376198341145;-0.018734611914321745;-1.008055547020788;0.0032631402974603934;0.1959164139796796;9.980187253241724;0.7511974097887263;0.4161458243280984;1.0552353850708156;-0.017210633455634686;0.18724495133089886;0.7372818427300611;-0.7140738543954301;-0.016989063249819896;0.028312217373128463;0.1781509190561452;1.0259563810909738
30.018383;0.01989276002049909;-0.018759358363550013;-1.0080891950945652;0.0032508234096739553;0.19594087854189546;9.980776556073772;0.751122148042092;0.41617869474072433;1.0551683465816926;-0.017219764934390352;0.1872262153061297;0.7372844109487993;-0.7140738347226828;-0.016955918787069996;0.02832324107558446;0.17811735992746583;1.0259716844488622
30.018383;0.019882477151449172;-0.01878369208382405;-1.0081211048237937;0.0032389036938842283;0.19597591507342102;9.981416286788102;0.751047207980877;0.4162144836389509;1.0551000879942825;-0.017228714521227612;0.18721221513692282;0.7372858627313229;-0.7140758140318567;-0.016923133942233305;0.02833394150762697;0.17808712039556576;1.0259931436080987
30.018383;0.019873101732948848;-0.018807613496939813;-1.0081537519419754;0.0032269709159991216;0.19599850080810557;9.982108079923856;0.750972699259138;0.41625308195232036;1.0550308314510908;-0.017237500269237566;0.18719492161832105;0.7372881927070819;-0.7140767923480122;-0.016890781930057615;0.02834525824238589;0.17805613443886542;1.0260201387152126
30.018383;0.019864785641528347;-0.01883108033363642;-1.0081872717925164;0.003215143670997832;0.19601569129416935;9.982852866637867;0.7508987172810679;0.41629436156085214;1.054960693674086;-0.017246152816983808;0.1871782998057034;0.7372903834509401;-0.7140767697217378;-0.016858904414058174;0.02835516262667485;0.17802642134109462;1.0260519036516984
30.018383;0.019857678116871117;-0.018854004486632037;-1.0082190047134378;0.003203709296622794;0.19604363310508693;9.983651268401168;0.7508253116148058;0.416338143594588;1.054889711914761;-0.01725470904937016;0.18716330862496944;0.7372914082256671;-0.7140777462281338;-0.016827513609735223;0.028364631020000062;0.17799906336845775;1.026089033309118
30.018383;0.019851905392985654;-0.018876162660281703;-1.0082392241962217;0.00319344478557775;0.19612743959695358;9.98450391590081;0.75075251149948;0.4163841923068014;1.0548178855303687;-0.01726319299188495;0.18714891747581516;0.7372922335077939;-0.714079721954954;-0.0167966089620162;0.028374631515123767;0.17797212685967514;1.026132167668715
30.018384;0.019847601225425483;-0.018897930931650164;-1.0082691277732478;0.003182601708013252;0.19616418039769692;9.985411097657853;0.7506803664274616;0.41643224066340057;1.0547452030578153;-0.017271596906614277;0.1871351201998672;0.7372928183216247;-0.714082696988845;-0.01676619386566211;0.02838312680390485;0.17794763999600383;1.026181222444193
30.018384;0.019844703296468574;-0.01891880236083051;-1.0082830959789955;0.0031733399890986553;0.19628211437842472;9.986372079845719;0.7506089591508416;0.41648202343650165;1.054671643299013;-0.01727988014673949;0.18712292915562442;0.7372911108702073;-0.7140886714034361;-0.016736280468530002;0.028393078133731358;0.177925650637935;1.0262360599486682
30.018385;0.01984308737038776;-0.01893870114835342;-1.0082787216555633;0.0031660849260690565;0.19650839674322343;9.987384812588054;0.7505383974159204;0.4165333037250181;1.0545971744763776;-0.017287989141420573;0.18711536246933486;0.737285046676109;-0.7141016452439612;-0.016706887343481636;0.02840443996532554;0.1779072659852042;1.0262979396617773
30.018386;0.019843584763876616;-0.018958437790310284;-1.0082467855820236;0.003161862275208333;0.196894533759057;9.988446243186804;0.7504688024640167;0.4165858811359847;1.0545217679968055;-0.01729488040979972;0.18711244113353545;0.7372735504358953;-0.7141276185157547;-0.0166770384819487;0.028419153635265527;0.17789563171924322;1.0263702303643658
30.018389;0.019845985963038153;-0.018977090294034823;-1.0081387142355542;0.003165357251905029;0.19771891131994224;9.989552830095304;0.7504003016555657;0.4166395796041025;1.0544454120151354;-0.017301527507854776;0.18712019215625791;0.7372485426049336;-0.7141795911955805;-0.0166477677611613;0.028440148063416208;0.17789287743721285;1.026456122922546
30.018396;0.019850146015936092;-0.018993432718283944;-1.007886889469214;0.0031829992170465567;0.19936198992583914;9.990700805309112;0.7503330074997506;0.416694238130082;1.0543680886079905;-0.017306912939885177;0.18714965192328795;0.7371969505322805;-0.7142825632574216;-0.016618124856850415;0.02847534717030881;0.1779100635225639;1.0265635617926627
30.018408;0.01985694541989926;-0.01900603665217371;-1.0073547616023601;0.003227855194892807;0.2025810280650545;9.991886349138102;0.7502669865579845;0.4167497079669988;1.0542897395215367;-0.017309020403999974;0.1872218703949999;0.7370957199669069;-0.7144885346845051;-0.016586170906155932;0.028539679212691058;0.17796115782779323;1.0267121508114305
30.018432;0.019871227172401886;-0.019013869488481765;-1.0061996349422921;0.0033309055771167956;0.20913149919363766;9.993105923615346;0.7502022570008355;0.41680584230043655;1.054210310372284;-0.01730683626496237;0.18737590561390743;0.7368918218789028;-0.7149005054705533;-0.016550963418045586;0.028664075943113078;0.17808205979183953;1.0269356005812074
30.018482;0.019899119380482576;-0.01901151073791746;-1.0037536071601203;0.003546238403300319;0.22208553024699315;9.994356431473586;0.7501388148570849;0.41686248459233927;1.0541298343924126;-0.01729435232084029;0.18769480763173946;0.7364832503314416;-0.7157234756253806;-0.0165065440043758;0.028907461393119838;0.17833666016136365;1.0273039166226026
30.01858;0.019954935091044;-0.018983734486865234;-0.9983152117454269;0.003989386981023743;0.2479242806940111;9.995635055979438;0.7500766619821007;0.41691945939199865;1.054048431175946;-0.01725656359274842;0.18834161824173706;0.7356640121382213;-0.7173634451761683;-0.016437935620810175;0.029390749178159457;0.17885788390320387;1.027954173958674
30.018777;0.020080997580615476;-0.018894812811461197;-0.9854563980772063;0.004888697426827901;0.2989361062824178;9.996939204295684;0.7500158327217857;0.416976564869006;1.0539662391361955;-0.0171584646942068;0.18963639044103;0.7340001207933823;-0.720618414156197;-0.016310145686150076;0.03035685218325964;0.17990669984268828;1.0291399806125474
30.018973;0.020231400440193146;-0.0187803924122429;-0.9700840318826061;0.005789881510258046;0.34890181287232647;9.998266719078524;0.7499564172493938;0.41703357692121396;1.0538833882337768;-0.017036047627557633;0.19092219174003716;0.7323036026099302;-0.7238413825944696;-0.016159173878363964;0.031321683582194365;0.18095011684153692;1.030296772757845
30.019367;0.020595216417221923;-0.01846484543101564;-0.9323322459552665;0.007606826151581123;0.4448624460994526;9.999615931075686;0.7498985674171332;0.4170902687574925;1.053800012589441;-0.01671230380735851;0.1934750844614924;0.7288365033602849;-0.7301943505213164;-0.015808023025457675;0.03324914728380148;0.18302216608576602;1.0324295471884455
30.019683;0.020955148142382543;-0.01814044945870831;-0.8959084987923019;0.009067166547069907;0.5175661856654217;10.000985466106066;0.7498424885427951;0.4171464305369214;1.0537162413450716;-0.0163802269076779;0.1955131185408324;0.7260108816634958;-0.7352203179749636;-0.015449697556726632;0.034798143841233246;0.1846738719467161;1.0341188130122998
30.019969;0.021327463111087217;-0.01779275249341381;-0.8591777160615212;0.010376971142819717;0.5790586828738493;10.002374221852405;0.7497884284322667;0.41720187550746557;1.0536322006391072;-0.016026810610117036;0.19733534010108902;0.7234597954040123;-0.7396752849941364;-0.01507118567123918;0.03618459321687473;0.1861472241008345;1.035625629912405
30.020254;0.021744148486600813;-0.017392975192871616;-0.8193142896123549;0.011681003097912387;0.6364899897285838;10.003781391600432;0.7497366496654948;0.4172564478325334;1.0535480506461397;-0.015621045937187628;0.19914679427280663;0.7209052977199779;-0.744068251617889;-0.014641454632363046;0.03756444550254421;0.187608184897492;1.03711331210887
30.020539;0.022201445702899152;-0.01693822696722788;-0.7767850167676129;0.01297788803411817;0.6898079261193667;10.005206140930333;0.749687388002448;0.4173100340196465;1.0534639877932925;-0.01516192513850565;0.20094352547332042;0.7183494452148534;-0.7483982178973297;-0.014159468316329499;0.03893367519303666;0.18905375234252497;1.0385816953967915
30.020824;0.022696439640280033;-0.016430043019251123;-0.7322074774098182;0.014262424955427793;0.738830222294735;10.006647158992338;0.7496408422279731;0.417362559863699;1.0533802000178047;-0.014650452673998761;0.20272356980410386;0.7157943071412333;-0.7526671838951529;-0.013626199341967295;0.04028827809026036;0.19048201277932694;1.0400327587989358
30.021109;0.02322698057105866;-0.015868361098810582;-0.6860343995420087;0.015533197810351456;0.7836214544099694;10.008102444820636;0.7495972081370722;0.4174139828039082;1.053296838989034;-0.014085652538210354;0.20448393004518106;0.7132379641035125;-0.7568751496784106;-0.013040628827438932;0.0416282637289664;0.19189111197102457;1.0414642812861934
30.021394;0.02378946372500303;-0.015253411470185572;-0.6387293845530082;0.016786428776249494;0.8242411864953633;10.009569279717546;0.7495567097249629;0.4174642895640044;1.053214022878982;-0.013469564278190136;0.2062215605038484;0.7106814971566437;-0.7610241153211204;-0.012404746333315094;0.04294763500074032;0.1932791775891976;1.0428775665267294
30.021679;0.02438184239641449;-0.014585484159897187;-0.5906475726604786;0.018020737062880387;0.8608520556986964;10.011044379368025;0.749519593702163;0.41751349352376194;1.0531318171744293;-0.012802240316868496;0.20793437285044228;0.7081249813397155;-0.7651140809061195;-0.011718546745320092;0.04424637612765401;0.19464426223184234;1.044271801347315
30.021964;0.025000307082216875;-0.013866070027745033;-0.5421944954090443;0.019231725866361328;0.8935764697399955;10.012524326286703;0.7494860942280076;0.4175616360105146;1.0530501847005926;-0.012084746825740036;0.20961823670523408;0.705568489236225;-0.7691460465185258;-0.010983023266155417;0.045520457319345224;0.19598434015526076;1.0456469805601136
30.022249;0.02564215041842867;-0.013095151400812263;-0.4936143590164808;0.020417551003454174;0.9226397896152272;10.014006041334993;0.7494563839382165;0.4176087870662995;1.0529689748534046;-0.011318154374067768;0.21127197972947231;0.7030130911617706;-0.7731210122371618;-0.010199164551357151;0.0467668496396371;0.19729735740637008;1.0470038595437974
30.022534;0.02630518358243084;-0.012275054283697117;-0.4451958333435557;0.021575539495733487;0.9482232709436561;10.01548680472649;0.7494305447006692;0.41765503180452224;1.0528879801584943;-0.010503524448789579;0.21289140857715602;0.7004568445897489;-0.7770399781307018;-0.009367951383640376;0.04798354524264141;0.19858227091254493;1.04834119932616
30.022819;0.02698715805860707;-0.011406216747338596;-0.3971002679443022;0.022703987052791395;0.970560139057689;10.01696377497655;0.7494085808090393;0.41770044587603705;1.0528070027951553;-0.009642906890978397;0.21447533740910044;0.6979007855598603;-0.7809039442676668;-0.00849135143089366;0.04916856614524169;0.1998360205112535;1.0496597474742115
30.023104;0.02768434783418298;-0.010490127920153159;-0.3495154168782526;0.023799028811478818;0.9898524495084177;10.01843372595775;0.7493904359197068;0.4177450743600556;1.0527258994179995;-0.008736346644191048;0.2160196067883882;0.6953449292667613;-0.7847129107291421;-0.007569321417967861;0.05031795621482173;0.2010584750774617;1.0509587996666985
30.023389;0.028395362721373184;-0.009529309558971591;-0.30259171219922043;0.024859178507622016;1.006302463367967;10.019893280367247;0.7493759884462674;0.41778892609361185;1.0526446067659814;-0.0077868896322423825;0.21752209720740792;0.6927892741284176;-0.788466877598098;-0.006604815670566051;0.05143077546808454;0.20224640665002674;1.052237678215976
30.023675;0.029117062674718194;-0.008525126733996137;-0.2564244967790907;0.02588157404436935;1.0201163597823957;10.021339056913815;0.7493650665654499;0.41783198467695776;1.0525631064512702;-0.006796577970171566;0.2189807389431773;0.6902338095230499;-0.7921688449358805;-0.0055997936053779306;0.0525051037736385;0.20339850861851239;1.0534980246814203
30.02396;0.029847724734184653;-0.007479001589925532;-0.21106733653257137;0.026864872142995683;1.0314908556833138;10.02276765295805;0.7493575003520975;0.4178742241339226;1.0524813492062137;-0.005767432229981641;0.22039350587556256;0.6876795269399837;-0.7958178127725573;-0.004556222812081475;0.05353704225584481;0.20451346019486788;1.0547391751349913
30.024168;0.030398333121309306;-0.006685751236667593;-0.17852210740205662;0.027551905893313716;1.038352284660848;10.024175722230783;0.7493531629593015;0.41791562050178616;1.0523992546069298;-0.004993440247695092;0.2213973876225859;0.6858114278126839;-0.7984507811071914;-0.003768078494401839;0.05425670610751888;0.2053099999794432;1.055675533212604
30.024168;0.030443718804029952;-0.0066673078193441905;-0.17855776738739068;0.0275303651388957;1.0383397192959114;10.025559922385801;0.7493519798993681;0.4179561516183005;1.0523167784798244;-0.004996574119480537;0.22140636189480134;0.6858055234046649;-0.7984507499118287;-0.003757342863380305;0.05422621301765476;0.20533296420607705;1.0558338419959292
30.024168;0.030490177575798468;-0.006646333627846421;-0.178575657200141;0.027508999175541882;1.0383344964744183;10.026916664811953;0.7493539376169183;0.41799578389380215;1.0522339325609118;-0.004999818809218159;0.22141139362877713;0.6857988243033205;-0.7984517191434779;-0.0037470035487698586;0.05419368328901861;0.2053542888531848;1.055993945983952
30.024168;0.0305376836274291;-0.006622472117164489;-0.17856008680806246;0.027488223455220052;1.0383304000673625;10.028242060731388;0.7493590768832395;0.41803446174368714;1.0521507617015524;-0.0050031816385324316;0.22142044883341883;0.6857923264840653;-0.7984536887553357;-0.0037370490691903025;0.05416225431939821;0.20537798603862178;1.0561561968902564
30.024168;0.030585895853229666;-0.0065975795841981;-0.178578969153613;0.027468119943172685;1.0383205771082882;10.029532194255538;0.7493674441955211;0.4180721096241699;1.05206734673875;-0.005005685410580616;0.22143050430208736;0.6857850062051684;-0.7984556586963215;-0.003726466514347647;0.0541300793979683;0.20540311065131486;1.0563188557320358
30.024169;0.030633896688951962;-0.006569785322603065;-0.17856675125146326;0.027448549044500004;1.0383157826430482;10.030783514229686;0.7493790510744064;0.41810864562559985;1.0519838109621622;-0.005007359163738865;0.22144156298403722;0.6857758273627261;-0.7984616289029094;-0.003715243391216995;0.05409730450202322;0.20542973724913396;1.0564839397953467
30.02417;0.03068309526425135;-0.006537063833643515;-0.17843749388774358;0.02743185367642567;1.0383337524945548;10.03199307442207;0.749393873690674;0.4181439977613008;1.0519002919784486;-0.005008227359829666;0.22145566266010233;0.6857637563801202;-0.7984725993010617;-0.0037033660748073773;0.054066058325746076;0.2054579394110719;1.0566511798172649
30.024171;0.030732446258605117;-0.006499490743248669;-0.1781991901476796;0.0274172297867666;1.0383725896994276;10.033158447993745;0.7494118558131929;0.41817810999500554;1.0518169079789812;-0.005005303880291856;0.22147285196415825;0.6857427686469265;-0.7984945698223217;-0.003687815533774241;0.05403746567871889;0.2054897788471366;1.0568208887815471
30.024175;0.03078658255573842;-0.006453388158379869;-0.17768468680729219;0.027410642355419807;1.0384638604557987;10.034277604842691;0.7494328989327639;0.41821093845904334;1.0517337652282426;-0.0049965974922442195;0.22149815638940526;0.6857058393294212;-0.7985385404110316;-0.003666573820760361;0.054015658267277354;0.20552933817026;1.0569965965962176
30.024182;0.03084660147686767;-0.006391717550537101;-0.17662636291913628;0.02741489708127293;1.0386590307775911;10.035348805635953;0.749456859394816;0.4182424478762224;1.0516510149273242;-0.004974120068229048;0.22154056995270754;0.6856389365930707;-0.7986265110175386;-0.0036316419340913317;0.05400577268965968;0.20558277662900898;1.057185675422568
30.024196;0.030923461540455013;-0.006302379753173673;-0.17450892833667028;0.027444271519679406;1.0390559857824686;10.036370244046205;0.7494835577174555;0.41827260907276004;1.0515689002350102;-0.004925885748572046;0.22161606857498084;0.6855080277464716;-0.7988034815937726;-0.0035710507836904937;0.0540199410469187;0.20566234575266318;1.0573999527842675
30.024224;0.031031948631959856;-0.006156192345483338;-0.1701752067789718;0.027520027831587475;1.0398615524496164;10.037339927091248;0.7495127882059561;0.41830139504683556;1.0514877239783347;-0.004823900072492827;0.22175762838443436;0.6852520864087454;-0.7991554520924423;-0.003456856226474158;0.054084276684557356;0.20579433686155033;1.0576648531685506
30.02428;0.031207980202701296;-0.0059010534205514425;-0.1615400897534681;0.02768933102857603;1.0414189654688748;10.038256341796577;0.7495443367642625;0.4183287860383142;1.0514077700751019;-0.0046151475037389915;0.2220292384456262;0.6847450915576204;-0.7998584224683051;-0.0032361243319402717;0.054245870854827884;0.20602899671442484;1.0580321178743564
30.024392;0.03151906392853876;-0.005425710705435594;-0.1443494157684445;0.02803951898354308;1.0443098586341326;10.039119342096305;0.7495780178645819;0.41835478185483405;1.0513292460210302;-0.004188583763829303;0.22255590241797152;0.6837370224391037;-0.8012583926847139;-0.0027979131551375044;0.0545988072454848;0.2064644887385736;1.058603319568795
30.024617;0.032103633463535126;-0.004500273969170112;-0.11037860113103923;0.028736246528321956;1.0491800425454456;10.03993015797024;0.7496137007956719;0.41837940147292335;1.051252251312894;-0.003313135867051619;0.22357763813502318;0.6817238562024253;-0.8040353627189611;-0.0019112633505200633;0.055319178417267544;0.20728391828034382;1.0595745999861765
30.024841;0.03268705243776168;-0.0035540828285979065;-0.07705048554944112;0.029406142747117416;1.0528708784699334;10.040690503730206;0.7496512957447596;0.41840266863153375;1.051176775192325;-0.002418710173096134;0.22456647496126717;0.6797115669189634;-0.8067813325584015;-0.001006202985105256;0.05601209807047025;0.20808035389965562;1.0605312379372598
30.02529;0.03381832568979578;-0.001651400805352793;-0.012209639678913486;0.030675176992563422;1.0570222421385638;10.041401945087973;0.7496907153268579;0.41842459942481425;1.0511027198204308;-0.0005692029484391766;0.2264354458580035;0.6756911218560213;-0.8121823021951998;0.0008532490619529235;0.05734270323831908;0.20955782240938003;1.0622480731019563
30.025692;0.034828271696453604;0.00011375915092958779;0.043690633292690025;0.03171126096275408;1.0574035115332676;10.042065955300295;0.7497318357609287;0.41844520659965445;1.0510299299338328;0.0011404875228105845;0.2279945904200158;0.67209148024784;-0.8169142716333634;0.0025720866792584987;0.0584301390420141;0.21079532847587093;1.0637534010227165
30.026094;0.03582829669654529;0.0019244906432281347;0.09754065938975646;0.032651153042444425;1.054978801113172;10.042684155936971;0.7497744625242627;0.4184645125958858;1.0509582420729875;0.0028944515669707175;0.22944196620597496;0.6684915962830139;-0.8215532409009668;0.0043343172307007;0.059419543931549225;0.21194690200278402;1.0652154743092268
30.026496;0.03681425422387194;0.003774093592754927;0.149379747134833;0.03349193101114177;1.0500390500123105;10.043258642751251;0.7498183080123425;0.4184825486427557;1.0508875332391647;0.004684771830516686;0.23077664650862353;0.6648914195529472;-0.8260992100550092;0.00613195708529789;0.060309049107284414;0.21301263682615781;1.0666330010101612
30.026898;0.037784850919578436;0.005654370648455372;0.19920313993464586;0.03423423027520906;1.0428499342274364;10.043792353463887;0.7498630021516709;0.41849934623376517;1.0508177292462073;0.0065055305434830344;0.2319967036038709;0.661291899883251;-0.8305551791805387;0.007959026668039035;0.061097776391743415;0.2139937030726008;1.0680076851233569
30.0273;0.038737393272147265;0.0075587366237624375;0.2470655373092901;0.0348773838453141;1.0336438605940463;10.044289034589296;0.7499081451425406;0.41851493084426533;1.0507488037961283;0.00834980967452515;0.23310219244745606;0.6576910064896675;-0.834921148387397;0.009808547996472348;0.06178482336899535;0.21488830004608092;1.0693370802425222
30.027702;0.03966879362673807;0.009479219055766536;0.2929884578383484;0.03542089064867543;1.0226357221138045;10.044752888509052;0.7499533666556886;0.4185293088732076;1.050680782221868;0.010207689077680663;0.23409414680333993;0.6540897441841311;-0.8392021178077606;0.011670544132608377;0.06237124984187302;0.21569755796300974;1.0706246044246266
30.028104;0.04057727885229131;0.011408672284399915;0.3370101374917522;0.03586595336296982;1.0100202639664488;10.045188452826684;0.7499983405446095;0.4185424599948573;1.0506136986954027;0.012075238494038139;0.23497258479010022;0.6504881483845343;-0.8433960875919816;0.013541041209376107;0.06285707793769064;0.2164234812208375;1.0718676363174813
30.028506;0.04146145928096361;0.013341078208050106;0.3791923199839486;0.036214079841902815;0.9959650891932984;10.045600655634663;0.7500427668504072;0.4185543492281596;1.050547529785929;0.013944503122320021;0.23573850978462538;0.646887270152047;-0.8475080578981533;0.015412074313468737;0.06324430364105513;0.21706696788222393;1.073069793014186
30.028908;0.042318631820326365;0.015269380864994115;0.4195771037024148;0.0364659215044045;0.9806277304199676;10.045994565791892;0.7500863663647717;0.4185649362246123;1.0504821896166288;0.01580849746867623;0.2363959076444084;0.6432851652234909;-0.8515370288880879;0.017276692200167195;0.06353491489040745;0.21762886144633115;1.07422822505285
30.02931;0.043146968375514974;0.01718658457039624;0.4581972898807987;0.03662362763673892;0.964159090678471;10.04637465577849;0.7501288746380383;0.41857416686327203;1.0504175784140812;0.01766120937611685;0.2369447471518927;0.6396828913008945;-0.8554870007321904;0.019128953804010012;0.06372990278083683;0.2181120197510871;1.0753459617745147
30.029712;0.043947430043024815;0.019089265529184305;0.4951361105842201;0.036691348022319305;0.9466723147905638;10.046744057052871;0.750170010221451;0.4185819670629798;1.0503536174262253;0.019498605969393703;0.2373889828648124;0.6360805141438248;-0.8593579735992128;0.02096491598542388;0.06383425683984718;0.21851737391631537;1.076422295059634
30.030114;0.04471727015913578;0.020968875596114663;0.530380519892657;0.036671845753967196;0.928319297152157;10.047104609718499;0.7502094544330445;0.4185882489969601;1.0502902430031946;0.021312641999192982;0.23773256566031545;0.6324781119741798;-0.8631509476336767;0.022776620292464557;0.0638489579748698;0.21884792093039226;1.0774573408507049
30.030516;0.04545566372387721;0.022823310326534545;0.5640493451715131;0.036567084699772816;0.9091713481328737;10.04745744806082;0.7502468629051788;0.4185929232030684;1.050227392780782;0.02310127075613448;0.23798045536416798;0.6288767715018472;-0.8668699229502725;0.024562087580662733;0.06377897989991997;0.21910865252284117;1.0784542108902084
30.030918;0.04616293133996988;0.0246462234467419;0.5961311975209588;0.03638314572756024;0.8893649798584947;10.0478033539033;0.7502818846649313;0.41859590783787254;1.0501650361248411;0.0248574521054244;0.23813461944071393;0.6252745819600041;-0.8705138996409175;0.026314321996601626;0.06362829557789798;0.21929948413289493;1.0794101681385482
30.03132;0.04683681668754845;0.02643474542495042;0.6267278125722746;0.036120983842375304;0.8689589156899542;10.048142885555203;0.7503141983011485;0.41859712226749957;1.050103201642599;0.026578156313849893;0.23819902426695613;0.6216726288498045;-0.8740858777734745;0.028030320635082102;0.06339888597219592;0.21942322345337992;1.0803274431268974
30.031722;0.04747886538432533;0.02818453926145596;0.6558438397960112;0.03578753311602555;0.848066224223645;10.048476350608265;0.7503435557130054;0.41859647730218036;1.05004193579888;0.02826036459600011;0.23817662828171923;0.6180709841223396;-0.8775858573898093;0.02970708048432791;0.06309674495057761;0.21948457051260578;1.0812052416350713
30.032124;0.04808735301380236;0.029892519722418336;0.6835541103647945;0.03538493481270102;0.8267475705421017;10.048803776565633;0.750369786898036;0.41859388919696144;1.0499812421562025;0.0299000642757242;0.23807337111155727;0.6144696975927089;-0.8810168385158117;0.03134060218891484;0.0627248750885526;0.21948414943742806;1.0820452314902058
30.032526;0.048662137843545686;0.03155541507802846;0.7098994783462274;0.03491757113588744;0.8050778249209147;10.049125176773478;0.7503927742674229;0.41858930708128944;1.0499210587254968;0.03149523912051798;0.2378931676773965;0.6108697944092413;-0.8843798211711855;0.032928903470075134;0.06228827848480421;0.2194245747856538;1.0828480446171493
30.032928;0.049205050837585126;0.033171377018955304;0.7349145985111178;0.03439169206350014;0.7831351519057413;10.049440552500368;0.7504124316258027;0.418582724804919;1.04986127643279;0.033043863925066974;0.23763991780946556;0.6072692771791713;-0.8876758053674701;0.03447003131362155;0.06179094296124498;0.21931051296814616;1.0836126389127851
30.03333;0.049715568161561;0.03473933006209681;0.7586818858421761;0.03380931672782368;0.7609453768774734;10.049749151237089;0.7504286962927157;0.4185741759803755;1.0498017725211153;0.034542910669088794;0.23731852224284505;0.6036691311645483;-0.8909057911029373;0.035961049596792444;0.06123783011425786;0.21914369436774397;1.084339716896513
30.033732;0.05019416574268491;0.0362557321671383;0.7812081075485677;0.03317622994858454;0.7385983780646301;10.050048939372646;0.7504415257272641;0.4185637236828321;1.0497424242321258;0.03599035421121508;0.23693289537036738;0.6000693287677578;-0.8940717783638149;0.03740002071607864;0.060631875850813394;0.21892689707904178;1.0850302619903447
30.034134;0.05064223565471307;0.03772119799270904;0.8025686919902686;0.03249585789297864;0.7161160323699864;10.050337180769985;0.750450885912596;0.41855144380332593;1.0496831005387495;0.037387164515444014;0.23648696943155442;0.5964698316012498;-0.8971747671298214;0.038788002942366416;0.059977992853755366;0.218663937624614;1.0856844651425128
30.034535;0.05106042399289462;0.0391338714568287;0.8227907384559251;0.03177290257221181;0.6935593028705213;10.050611495920338;0.750456740476895;0.4185374084932499;1.0496236355631525;0.038731296709973995;0.23598669803896125;0.5928715879234429;-0.9002157573758364;0.04012304755845483;0.0592790682022102;0.2183566549265083;1.0863031074506475
30.034937;0.051448586229452704;0.04049241644349689;0.8419214336048059;0.031010483550273932;0.6709661593988931;10.05087020240438;0.750459065337867;0.41852168043548366;1.0495637963546849;0.040021690787827795;0.23543406729928154;0.5892725231898006;-0.9031967490716241;0.041404194540696555;0.05854096891795865;0.2180078945891539;1.086886191847218
30.035339;0.0518094960213251;0.041797812993915245;0.8599999429778367;0.030213867280985157;0.6483787457253799;10.051111662106543;0.7504578878333452;0.41850430679040623;1.0495033032752386;0.04125827954544182;0.23483409752914117;0.5856735399477588;-0.9061177421860035;0.04263147902702187;0.05776555716502267;0.21762050379172007;1.0874337406721533
30.035741;0.052141925278106536;0.04304842510071746;0.8770760105512934;0.02938465939081986;0.6258187038974623;10.051333774176188;0.7504533110598539;0.41848531465389605;1.0494419026263535;0.04244100310277524;0.23419182428835666;0.582074541432941;-0.908980736687328;0.04380493559582906;0.05695770538243792;0.21719729975529622;1.0879469323548228
30.036143;0.05244928440757054;0.04424579625266486;0.893176225554368;0.02852895519350975;0.6033379621152954;10.051534363036916;0.7504454780783701;0.4184647336889495;1.0493794026751804;0.04357082324451561;0.23350827439726035;0.5784754579847928;-0.9117877325375167;0.04492559452579938;0.056119304717754386;0.21674102301812895;1.0884270119490138
30.036545;0.05273021058264407;0.04538923984944937;0.9083614074981962;0.027647103793670077;0.5809313559819679;10.051711550217012;0.7504344958819845;0.41844263008822846;1.0493156578504066;0.044646730669709346;0.23278945684103988;0.5748772467591263;-0.914537729687917;0.04599247932533539;0.05525525989839524;0.21625333676601205;1.088873309305565
30.036947;0.052986763599742456;0.04647921797427534;0.9226488116975758;0.026744488605463572;0.5586540243597868;10.051863478855827;0.7504204100896117;0.41841909954720014;1.049250576005833;0.0456697459075564;0.23203837061070545;0.5712778726327961;-0.9172337280786136;0.047006600887138296;0.05436747474501186;0.2157358704488589;1.0892870160338124
30.037349;0.05321941346377861;0.04751689221936541;0.9360949773235857;0.025822392383665387;0.5364986877038849;10.051987983773028;0.7504032575172493;0.4183942198340972;1.04918417129504;0.04664191376527288;0.2312570181119866;0.5676782961831097;-0.9198757276424954;0.04796994789079471;0.053459843554877595;0.21519125362562555;1.089668457066347
30.037751;0.05342921775419726;0.04850230622772984;0.9487195178371397;0.024884850456726084;0.5145082488094272;10.052082706642516;0.7503831169943427;0.4183680269219751;1.049116596597057;0.047562292089231524;0.2304494179067943;0.5640784679857541;-0.9224647283126549;0.048881485087838766;0.05253425510598127;0.21462111732686237;1.0900183056666215
30.038153;0.05361736853417064;0.04943649697597046;0.9605561219021647;0.023934936677227226;0.4927062933288957;10.052145520848425;0.7503601092034546;0.41834053908382274;1.0490481098087798;0.04843193786156721;0.22961760968052755;0.560479326014071;-0.925002730023893;0.04974215566037633;0.05159361132944515;0.21402807499341447;1.0903386252816318
30.038555;0.053784235724694186;0.05032082935980992;0.9716576602254001;0.022972936042040364;0.47107088657585694;10.052174836498136;0.7503343723818247;0.4183117703704776;1.0489790056013562;0.04925389575129249;0.22876564667743354;0.5568788069549431;-0.9274907327076044;0.05055488222163866;0.05064085184968548;0.21341172426358979;1.0906290698771988
30.038957;0.05393080184260697;0.0511552993269775;0.9820352388711443;0.02200310156347176;0.4496536359451396;10.052169484862548;0.7503060447433479;0.4182817029673403;1.0489095477857198;0.05002719912301671;0.22789558468753282;0.5532778609700396;-0.9299287362895948;0.05131857316787921;0.04967695824533974;0.21277570897152392;1.090889978641943
30.039359;0.054058246315529995;0.051941828591532305;0.991730371931551;0.021026771440484846;0.42844820234339825;10.052128236070391;0.7502752689725084;0.4182502729711019;1.0488399222661164;0.050753879951592806;0.22700947239921182;0.5496764532897044;-0.9323177406930432;0.052035129590066544;0.0487059344662998;0.21211978284709943;1.091122010794484
30.039761;0.05416660401736465;0.05268080792930011;1.000773713873125;0.02004540121529918;0.4074616924131982;10.052049463914056;0.7502422038494433;0.4182173945062152;1.0487702378801622;0.05143596829094846;0.22610934115460088;0.5460745613549299;-0.9346597458391626;0.05270644572134388;0.04772779727717792;0.21144680788988593;1.0913267024130755
30.040163;0.05425785373666087;0.05337426283483066;1.0091881256261113;0.019062076961037892;0.3867182266836687;10.051931461287678;0.7502070080328074;0.41818298279725186;1.0487005654787116;0.05207348289692909;0.22519720336460944;0.5424731781613201;-0.9369547516424901;0.053332408112059075;0.046746589328510994;0.2107577268459839;1.091504392838655
30.040565;0.054332026084020414;0.054022748348863586;1.0170039023711754;0.018077846130996663;0.3662190941117581;10.051773035025068;0.7501698211664504;0.4181469599889923;1.0486309695698584;0.05266943239352999;0.22427706788600746;0.5388703139051764;-0.9392047580073294;0.05391589303310978;0.04576338522684867;0.21005352716974063;1.0916556518670468
30.040967;0.054390124379190954;0.05462812756854758;1.0242554702457491;0.01709308506542682;0.345946145760726;10.051573731910452;0.750130787665649;0.4181092515144235;1.0485615134019415;0.05322282449081711;0.22334795889370096;0.5352669898029048;-0.9414097648306975;0.054455760367132386;0.044779279425397424;0.20933717954289127;1.0917808144373893
30.041369;0.05443206861288732;0.055189906190721894;1.030951560844329;0.016111523412586957;0.32595415720597243;10.051333699322923;0.7500900905083412;0.4180697781365161;1.048492263424111;0.05373666890819648;0.22241292173505922;0.5316632305031995;-0.9435697720070725;0.05495485346747358;0.043795375449990646;0.20860860507870177;1.0918796756886064
30.041771;0.054460884546777506;0.05571245700154176;1.0371319687781118;0.015132705700864401;0.30619899172913084;10.051053595115459;0.7500479496903878;0.4180284545913012;1.0484233081464358;0.05421297450078902;0.22147301947328019;0.5280590580322304;-0.9456877794317107;0.055415008885870004;0.042814785872678805;0.20786871231908285;1.0919546190001512
30.042173;0.05447455273262042;0.056193707656183214;1.0428116167315948;0.014158454560201919;0.2867125915008053;10.050734675100031;0.7500045967089461;0.41798519923582517;1.0483547611079573;0.054650746532274884;0.2205303280178125;0.5244554871470987;-0.9477637870050807;0.05583506794062683;0.04183863538120211;0.20711945969351805;1.0920058818463176
30.042575;0.05447601837896202;0.0566373890000972;1.0480158841565022;0.013190018260596788;0.26748727829497077;10.050378770931152;0.74996024384198;0.4179399493534204;1.0482867509259133;0.055052983351233604;0.219585924986508;0.52085052556985;-0.9497987946304923;0.05621788160063497;0.04086705495748041;0.20636087080977236;1.0920330961845621
30.042977;0.05446416115551468;0.05704304647138316;1.0527691308103737;0.012227187731909056;0.24851141014664424;10.049988299088312;0.749915063477181;0.4178926666762693;1.0482194264123241;0.055421674210835034;0.21864087797305473;0.5172451847917271;-0.951792802204821;0.056565308680673866;0.039902165364908995;0.20559498432447315;1.0920364422002398
30.043379;0.054440905356259596;0.057412945210652204;1.0570854942971906;0.011272618271040388;0.22981324095327343;10.049566432109305;0.7498691986105459;0.41784332034392424;1.0481529582621487;0.05575580620803849;0.2176972436799439;0.5136394959156692;-0.9537468096246229;0.056876220171987825;0.038944063486360515;0.20482281533312585;1.092016405232682
30.04378;0.05440613961182591;0.05774764055126359;1.0609870427329913;0.010326166761964791;0.21137918163317582;10.04911687248332;0.7498227857025154;0.4177918673925432;1.0480875352662122;0.05605837722093977;0.21675506411272583;0.5100335087875897;-0.9556618168089097;0.05715351353827715;0.037993823977870426;0.20404438765780758;1.09197339616675
30.044182;0.05435983744332189;0.05804752275912693;1.0644913900274624;0.009388734393352279;0.1932152278724082;10.048643282522884;0.7497759514914817;0.41773825671065623;1.0480233710512301;0.05633040102607744;0.21581535960112025;0.5064282766223163;-0.9575398237146723;0.057398118592740105;0.03705351022483755;0.20326178577093523;1.0919092097761451
30.044584;0.0543050254510265;0.05831631559859582;1.0676175339154803;0.00846151946113446;0.17532264037779466;10.04814899320354;0.7497287920833671;0.41768244890024714;1.0479607043150154;0.056572898518737265;0.21487913866366068;0.5028218509499196;-0.9593798303360372;0.05761098909398834;0.03612317850945355;0.20247417270316714;1.0918217031222175
30.044986;0.054239694058329374;0.058552329367710446;1.0703830910506174;0.007543869278387541;0.15768655300898599;10.047636888848444;0.7496813633906826;0.4176244326326778;1.047899787511307;0.05678788464756286;0.21394741082872176;0.4992152869117518;-0.9611828366937416;0.05779409449185951;0.0352028748340302;0.20168378649866475;1.0917120042802695
30.045388;0.05416589001924356;0.05875815578652156;1.0728040610769574;0.006636750468173106;0.14030891103101853;10.047109251291312;0.7496336911077666;0.4175642295889249;1.0478408671646422;0.05697536811627337;0.21302018167118136;0.495608646173906;-0.9629498428262314;0.05794741323372303;0.03429363469753235;0.2008909189875616;1.0915808133621032
30.04579;0.05408467363282011;0.05893541067828585;1.0748971318040987;0.005740716976936781;0.1231885122550779;10.046567811785916;0.7495857889902199;0.4175018884918158;1.047784133972467;0.05713736160013078;0.2120994397542941;0.4920029946583298;-0.9646828487883058;0.05807292728514673;0.03339548385592597;0.2000968702793874;1.0914301898362972
30.046192;0.05399523425657488;0.059083369356081154;1.0766720904403515;0.0048573669723269985;0.1063486396879312;10.046013959345153;0.7495376646274293;0.41743747192805997;1.0477296706284231;0.0572738847473442;0.21118414700410446;0.48839639524242473;-0.9663808546477545;0.05817062592208718;0.032510439978057984;0.1993029130408792;1.0912581723482553
30.046594;0.0538994530104411;0.05920470070077315;1.0781473208257502;0.003985071830810833;0.08974598465292541;10.045448838377697;0.7494893200027132;0.41737104390210494;1.0476774781670732;0.0573879576691493;0.21027523589144517;0.4847898983655156;-0.9680448604729537;0.0582435111221231;0.03163652396651856;0.19850828203144263;1.0910659814979677
30.046996;0.05379864307558496;0.059301142677720825;1.0793344311290085;0.0031263980547399017;0.07341927335807781;10.044873513294853;0.7494407637788777;0.4173026711846464;1.0476275729544688;0.05747859421683779;0.20937361550473127;0.48118353415028403;-0.9696748663207031;0.05829059522396023;0.030775772609074197;0.1977151732188289;1.0908535312190233
30.047398;0.053690662769353206;0.05937092685369926;1.0802481609905688;0.0022796014483103077;0.0573313367844714;10.044289334339027;0.7493920153356075;0.417232432989938;1.0475800564439632;0.057548801627050006;0.2084791820308998;0.4775773119066792;-0.9712738722324864;0.0583148959141144;0.02992823723675134;0.19692276936967762;1.0906234358907012
30.0478;0.053578611169874016;0.059417804335471114;1.0808987877818894;0.0014458818720263986;0.04149370299174288;10.043698111306535;0.7493430895204497;0.4171604221071465;1.04753509905629;0.05759758380775344;0.20759283208352786;0.4739722298442452;-0.972840878236254;0.05831543272232762;0.02909397409637006;0.19613330033325857;1.0903751389504541
30.048202;0.05346144597807502;0.05944116196815859;1.081297075263203;0.0006256045321577849;0.025908325326424647;10.043101824548879;0.749293983314504;0.41708674668349005;1.0474928600982818;0.05762693943577918;0.20671347656924166;0.4703662828114796;-0.9743758843487105;0.058294222878649674;0.028274040835172366;0.19534608726386588;1.0901076360862634
30.048604;0.053340235244990264;0.059442864065046806;1.0814564914361366;-0.00018008012734304973;0.010590866899524595;10.04250217635788;0.7492446749025174;0.41701153659517587;1.0474534242248041;0.05763785887120158;0.20584204447657253;0.4667604597238339;-0.9758808905751828;0.05825227608797407;0.027467495693483515;0.1945625221206819;1.0898230672088711
30.049006;0.053215413641958316;0.059423889727840205;1.081385923924972;-0.0009744889404999375;-0.004525220414348947;10.041900466636102;0.7491951392051638;0.41693493741544674;1.0474168097184768;0.05763132771927627;0.20497948129384105;0.46315474086275665;-0.9773558969084636;0.05819059153440011;0.02667438991443722;0.19378302478056486;1.0895213595352686
30.049408;0.05308633478646196;0.05938419111281864;1.0810965022493186;-0.0017542165508544717;-0.019379339140760152;10.041297685401652;0.7491453768534748;0.41685709360657963;1.0473830079212334;0.05760733158756082;0.20412474947690434;0.4595491041994623;-0.9788019033293195;0.05810915808294717;0.025895760836217727;0.1930080247146918;1.0892033314739575
30.04981;0.05295471468157621;0.05932614398508576;1.0805972695847743;-0.0025206004324370584;-0.03399927618623135;10.040694332108814;0.7490954227671477;0.41677813099181643;1.0473520090744441;0.0575678530933464;0.20327881672780954;0.45594453428382853;-0.9802179098080579;0.05800995538185162;0.025130634595402813;0.19223892796717457;1.0888683839977271
30.050212;0.0528194854320036;0.059249085594253195;1.0798972438680188;-0.0032735346479843214;-0.0483862527827233;10.040090307185404;0.7490453278729953;0.41669814824272544;1.047323822665649;0.05751286176383218;0.20244163366633444;0.4523390238663553;-0.9816069163089091;0.05789295490619456;0.024381034109609123;0.19147607660606497;1.0885182654739405
30.050614;0.052682716409697274;0.05915580071581894;1.079006233529793;-0.00401241486283376;-0.06252981137094635;10.03948536803913;0.7489951490162896;0.41661723009612817;1.0472984903933933;0.05744330872489385;0.20161312779844737;0.4487335717202305;-0.9829679227997514;0.05775912552820881;0.023644986365011035;0.1907197475178723;1.0881524047886364
30.051016;0.05254198793455036;0.05904410742725634;1.0779313668859811;-0.004738870824880562;-0.07646631450862568;10.03887965431412;0.7489449499368234;0.4165354746811091;1.0472760843325573;0.05735913087620138;0.2007932197280961;0.4451281843746275;-0.9843019292617875;0.05760844312128506;0.02292352580386844;0.1899701735314648;1.087771676581741
30.051418;0.05239958954018316;0.05891706472551803;1.0766829000633111;-0.005451337493517294;-0.09016706005607239;10.038273859042226;0.7488947951969558;0.41645301158537557;1.0472566896775006;0.05726225732786165;0.19998284095343868;0.4415228788654969;-0.9856089356886415;0.05744289440128128;0.022215692868814002;0.18922857292706216;1.087376096674272
30.05182;0.05225624213495808;0.058775769678036494;1.0752655966943703;-0.0061511450397718995;-0.1036590619042808;10.037669241525723;0.7488447409677466;0.4163699947863605;1.0472403868259026;0.05715261603130566;0.19918093550880386;0.43791868022960334;-0.9868909420787422;0.057262478228845844;0.02152353350516617;0.1884941970767749;1.0869679234235898
30.052222;0.052109850721339765;0.05861861177525741;1.0736886922371542;-0.006837776895194701;-0.11693997801892674;10.037067654920826;0.7487948376088014;0.41628658120936446;1.0472272762027985;0.05703114178692594;0.19838744892052543;0.4343136139806857;-0.9881469484302908;0.05706821607271008;0.020845097886832132;0.1877683766683417;1.0865454621386623
30.052624;0.05196359398482095;0.05844970733567481;1.0719613969341106;-0.0075100683192477246;-0.12998428430009343;10.036471591327302;0.7487451415570398;0.4162029221228929;1.0472175043066183;0.056897783438751244;0.1976033248698165;0.430708698552288;-0.9893769547330765;0.056860163063527216;0.020180427389749324;0.18705152725901203;1.0861092007808661
30.053025;0.051814677693334484;0.0582664130240512;1.0700863601772097;-0.008170505996129646;-0.14284831630370093;10.035884064903007;0.7486957112158537;0.4161191704238114;1.0472111978846217;0.05675450583655716;0.1968285116954814;0.4271039402755414;-0.9905839609649393;0.05664040665043728;0.019531534950281558;0.18634310598891632;1.0856620342878562
30.053427;0.051664579900142185;0.058071097044819116;1.0680747646176225;-0.008816398375260912;-0.15548024715507294;10.03530828921392;0.7486465808079715;0.41603548843483107;1.0472083687028804;0.05659928319554703;0.19606195895063774;0.42349933240741994;-0.9917659671032233;0.05640706056673344;0.018895390113452704;0.18564555709814032;1.0852022965926342
30.053829;0.05151366149006947;0.05786438994722201;1.0659276378027736;-0.009450251136371617;-0.16792883720466975;10.034747509223292;0.7485977363239329;0.4159520526715113;1.0472089158488511;0.05643508745299424;0.19530460647418973;0.41989586344844976;-0.9929249731305555;0.056163258316920595;0.018273911382373793;0.18495827844355717;1.084732372572884
30.054231;0.051362268923697864;0.05764748930572202;1.0636572368440733;-0.01007019430804626;-0.1801592742471323;10.034205066850188;0.7485491095814377;0.4158690581364158;1.0472127154412088;0.05626187786248878;0.19455638801058925;0.41629152874083536;-0.9940609790297981;0.05590914295565552;0.017666974097886434;0.1842816065168039;1.0842516310425612
30.054633;0.051208872739204415;0.05741893232924561;1.0612635301573652;-0.010677835057159631;-0.19220931876851746;10.03368433215284;0.7485005826953814;0.4157867190287895;1.047219706422562;0.056079595484351805;0.19381624104385647;0.412687330033964;-0.9951739847850777;0.055644863905293274;0.01707243663478248;0.18361582971751975;1.08376060274913
30.055035;0.05105585803945185;0.05718197519590438;1.0587572793860809;-0.011272148340077002;-0.20405293265683563;10.033188347463197;0.7484519963318323;0.41570525732981006;1.047229909975663;0.05588816484598264;0.19308510000202314;0.4090832683236009;-0.9962649903828769;0.05537058596225617;0.01649216652030251;0.1829612362008639;1.0832603222211592
30.055437;0.05090098404605554;0.05693455975471505;1.0561409449806753;-0.011853425927725212;-0.21570600268311205;10.032719609032092;0.7484031749684495;0.4156248772261287;1.0472433791787201;0.05568950103187558;0.19236188502305415;0.4054803452092563;-0.9973339958081853;0.05508849393586628;0.015924044326994145;0.18231915898599868;1.0827512543682796
30.055839;0.050747029183715896;0.05668002997666201;1.0534176099008958;-0.01242312930938168;-0.22718696322900805;10.0322802769688;0.7483539518095897;0.41554574113091863;1.047260133376637;0.055483517258940164;0.19164749845399523;0.4018765697512037;-0.9983820010421921;0.054798780791286514;0.015368949391777399;0.18168899199941924;1.0822336389563412
30.056241;0.050592149725567345;0.05641728276042925;1.0505973028472777;-0.012979428271462375;-0.2384690835392254;10.031872218565656;0.7483041625742186;0.4154679670264845;1.0472801446467124;0.05526912948315518;0.19094181986489325;0.39827295807808233;-0.999410006061697;0.0545006327245733;0.014826755304387654;0.18107215626944775;1.0817088389486338
30.056643;0.05043683282781727;0.05614719913717796;1.0476801859530724;-0.013523945469929835;-0.2495818783120412;10.031496780632754;0.7482536427518565;0.4153916497796711;1.047303382177337;0.05504825611244256;0.19024370799352416;0.3946695225340636;-1.000416010843929;0.05419622593692944;0.014296335448865282;0.18046802212491664;1.0811750365580883
30.057045;0.05028241459067753;0.05587210872981069;1.044677638326355;-0.014055513443508385;-0.2604965129409174;10.031155053221724;0.7482022504814054;0.41531688488749335;1.0473298511015148;0.054820815109964886;0.1895540216705701;0.39106625846754695;-1.0014030153677438;0.05388573257137354;0.013778552890575347;0.17987788320282688;1.0806350524163353
30.057447;0.050126295041986485;0.055589453178313875;1.0415871300773734;-0.014575085168739671;-0.27124426023713216;10.030848346498393;0.7481498781126066;0.41524377644182875;1.0473595912856521;0.0545867277810229;0.18887264341153623;0.38746413675679675;-1.0023700196000103;0.053569328080408866;0.013272242260008855;0.1793010091091643;1.0800883517638524
30.057849;0.049971554270797455;0.05530295369434486;1.0384139991137649;-0.015083538747297443;-0.28182660842326845;10.030578118160564;0.7480964485242418;0.41517243701118745;1.0473926694256648;0.05434693149792233;0.18819848176901383;0.3838611106761203;-1.003318023481799;0.05324819177032849;0.012777214529075773;0.17873867933368232;1.0795351877045665
30.058251;0.049815270718924914;0.055010185585749646;1.0351663032704204;-0.01557935946052228;-0.2922299578740483;10.030345547018094;0.7480419255673703;0.41510298049791505;1.0474291885626852;0.054101390451139965;0.1875314555165445;0.38025813855792817;-1.0042470269241548;0.05292250427994483;0.012293287816639882;0.17819017822239014;1.0789759809760318
30.058653;0.04966027294696105;0.054714177105099;1.0318430788825816;-0.016064492088536463;-0.3024767910844992;10.030151089876925;0.7479863376189199;0.41503550482000684;1.0474692825335425;0.05385009705780411;0.1868724790536705;0.3766552010543024;-1.0051570298145356;0.052592453592531715;0.011820313506945523;0.17765679352419741;1.0784107703612862
30.059055;0.049504953121687956;0.05441397414515697;1.0284566021817416;-0.016536930673935444;-0.31253782185517837;10.029994197675714;0.7479297844602238;0.41497008781386086;1.0475130797590393;0.05359406653763448;0.18622045513255187;0.3730522982067019;-1.0060500320401073;0.05225924101239156;0.011358172806039906;0.17713882130551906;1.0778414425822795
30.059457;0.04935093798243177;0.05411096770283708;1.0250011155915262;-0.016998992301156035;-0.32244915038540395;10.029873391707001;0.7478724213772866;0.41490680200924474;1.047560686506314;0.053333331246083644;0.18557527226018686;0.3694504398192602;-1.006924033513878;0.0519230721838604;0.01090575474879343;0.17663556266279995;1.0772664819082334
30.059859;0.04919730133234053;0.05380445100231322;1.0214815075986554;-0.017450219831384044;-0.33220835410863936;10.029786599768885;0.7478144470233808;0.41484571811809434;1.0476121959333333;0.0530689376205017;0.18493680827360426;0.3658476391400277;-1.0077820341802188;0.05158513915304297;0.010462939681503785;0.17614728089943496;1.0766880450305505
30.060261;0.04904438851591226;0.05349525608753904;1.0179073613664442;-0.017889891155140846;-0.34180008763639846;10.02973159010627;0.7477560975907889;0.41478689581679534;1.047667690496499;0.05279994189068316;0.18430594370770262;0.36224490789606145;-1.008622034002406;0.05124461166520844;0.010030597403478737;0.17567514430547518;1.0761046462951436
30.060663;0.048893181208754286;0.05318442851045377;1.0142801282169247;-0.018318773449932012;-0.35123335366794595;10.029706329694491;0.7476976322358638;0.41473038433132825;1.0477272512499154;0.05252740096132752;0.18368158260717812;0.35864225312186593;-1.009445032949904;0.050902643037780256;0.009607595986199775;0.1752192252538511;1.075517240709901
30.061065;0.0487427346212453;0.052871195137347005;1.0106035017316364;-0.01873649196321546;-0.36050704887710266;10.029708953782368;0.7476393125864835;0.41467622889772765;1.047790965997517;0.05225236308554664;0.18306266823484538;0.35503967407831927;-1.010252030994319;0.05056037592565842;0.00919281713323225;0.1747785393694669;1.0749267360132702
30.061467;0.048593581340185044;0.05255594257292105;1.006873193390923;-0.01914467236053827;-0.3696482967066621;10.029737299074355;0.7475813771559533;0.4146244741952054;1.0478589237729183;0.051973866536965896;0.18245118564092686;0.35143816183286225;-1.0110430281109688;0.05021693970028375;0.008788171494042324;0.17435307108538065;1.0743333651614704
30.061869;0.048446234244503755;0.05224004152757223;1.0031036446690687;-0.019541886966244804;-0.37862302621134125;10.029788524787058;0.747524026019937;0.4145751642030258;1.0479312221987505;0.05169294121894276;0.18184615209344895;0.34783570611518627;-1.0118180242757715;0.04987344997738485;0.00839160113590399;0.173943772265166;1.0737363177377335
30.06227;0.04829923238995395;0.05192223070163061;0.9992960889790232;-0.019928480048596316;-0.3874458824088651;10.029859379098728;0.7474674384641529;0.41452833143310924;1.048007973858677;0.051409606516326214;0.18124659260618065;0.34423330408680897;-1.0125780194541472;0.04953001342004655;0.008003069193321867;0.17355053832067383;1.0731367032127033
30.062672;0.04815423129541334;0.05160392462227665;0.9954426878144209;-0.0203062686018625;-0.3961369601652203;10.029947004675309;0.7474117956708988;0.41448397726495906;1.048089275081891;0.05112386922446426;0.18065351699355534;0.3406309624540378;-1.0133230135921456;0.04918672877742475;0.007623544081608317;0.17317216692828985;1.072534353744469
30.063074;0.04801001284957594;0.051284782769360035;0.9915569996827854;-0.020674498547723404;-0.40468678384381007;10.030049600634799;0.7473572803060491;0.4144420632942857;1.048175156407349;0.050835722067113696;0.18006793039719954;0.3370286935484147;-1.014053006617718;0.04884368603863251;0.007251984487306071;0.172808309008603;1.0719290954390008
30.063476;0.04786627011150406;0.05096413686036594;0.9876275868805227;-0.021033791021730967;-0.413106226158419;10.030166305652095;0.7473040783862858;0.4144025215730103;1.0482655604894862;0.05054714603102963;0.17948685966596659;0.33342751666550313;-1.0147679984507345;0.048502972033318374;0.006888339129416216;0.17245945719044398;1.0713210678097362
30.063878;0.047723442814819356;0.050644627629973925;0.9836945907804568;-0.021382169081903355;-0.4213484798314361;10.030296553712365;0.7472523888097622;0.4143652594718127;1.0483603535909625;0.05025611871132098;0.1789133496314093;0.3298254644689195;-1.0154689890181139;0.048162679583617925;0.006532559887032743;0.17212400178710663;1.0707104348939502
30.06428;0.04758024356758217;0.050322206197580266;0.9796997237473454;-0.021723323964746213;-0.42949394372184996;10.030439691929042;0.7472024194053533;0.4143301561917644;1.0484593413379664;0.04996362211132706;0.17834443350102952;0.3262235801975465;-1.0161559782701257;0.047823911069596665;0.006184609923124989;0.17180231701902832;1.070097364357589
30.064682;0.047439457526958065;0.05000369629778221;0.9757225022150102;-0.02205480646017662;-0.43746635730290717;10.03059494525633;0.747154380962493;0.4142970803675341;1.0485622733837114;0.049671645156306496;0.17778311760956814;0.32262190423484804;-1.0168299661903504;0.047488772843322626;0.005844465052910747;0.17149083281948474;1.0694826409887548
30.065084;0.04729743730570245;0.049680619022098145;0.9716627160895729;-0.022379365744827535;-0.4453479554117186;10.030761438916805;0.7471084830209548;0.4142659183854232;1.0486688426076936;0.04937617762276435;0.1772254015419345;0.31902146450049496;-1.0174899527893952;0.047153367006958734;0.005510112047229828;0.17119605884131625;1.0688654128952124
30.065486;0.04715720912380507;0.04936388757308485;0.9676777415919049;-0.02269351343908603;-0.4530380622871931;10.030938437071208;0.7470649322279;0.4142365797205587;1.0487786793352951;0.049083200712937404;0.1766773126533282;0.31542027962754504;-1.018136938085779;0.04682378804914925;0.005184536448833895;0.1709055508790367;1.068245812974687
30.065888;0.04701531051786982;0.049038535306812535;0.9635320182104858;-0.023002471028825834;-0.4606681211080907;10.031125814897969;0.7470239507426225;0.4142089804700948;1.0488913504020043;0.04878368385680197;0.17612991775547013;0.3118193689605599;-1.0187709220982;0.046491123160464956;0.004863709386205661;0.170637869234664;1.0676239468172208
30.06629;0.04687789081319846;0.048729446685399205;0.9596048764774875;-0.023300531083109102;-0.4680621449325007;10.031324122557399;0.7469857892680628;0.4141830273233164;1.0490063829725125;0.04849558796213231;0.17559730647228763;0.30821875958273043;-1.0193919048633535;0.04617345362346831;0.004553591466985942;0.17036058710904778;1.0669996750218447
30.066692;0.046733369821918426;0.04839436192352525;0.9552654957569159;-0.02359789437528037;-0.4755293615434133;10.031533812014267;0.7469507107197257;0.41415862327442726;1.049123302053498;0.04818787298774022;0.175056573277835;0.30461848445346446;-1.0200018864565266;0.04583985419665361;0.00424314281257258;0.170127334415905;1.0663748323382556
30.067044;0.04661055501502596;0.04812736465465499;0.9518566984413165;-0.023842143856420656;-0.4817279140483484;10.031754219541048;0.7469189639444354;0.4141356857976101;1.0492416608726247;0.04793750301384095;0.17459882071995447;0.30146657413189787;-1.020524866987825;0.0455673877269335;0.003988319538879422;0.16992580655764686;1.0658036171913259
30.067396;0.046484263196579174;0.04784925401754946;0.9482615625238731;-0.024086115310756065;-0.4879573173110339;10.03198327274832;0.7468907641236379;0.4141141418991383;1.0493610648251503;0.04767844297321241;0.1741331761634291;0.2983140542820296;-1.021038846576252;0.0452900999500551;0.003734065545820719;0.16974073174296392;1.0652305002988958
30.067748;0.046358369570308526;0.04757311934513234;0.944666965292686;-0.024325194962212273;-0.494083130169745;10.032218063301144;0.7468662987079451;0.4140939124718395;1.0494812002464298;0.04742065753991057;0.17367780047169964;0.29516195172235876;-1.0215438253210243;0.045018018629780755;0.003483320554614601;0.16956684128249094;1.064655758480181
30.0681;0.046232340636620045;0.04729815164500029;0.9410652912551916;-0.024560073848119368;-0.5001211853510635;10.032455648718214;0.7468457505606324;0.41407491927876505;1.0496018747343212;0.047161119386236836;0.17322188426728174;0.29201129293491535;-1.022040803289744;0.04474815460749747;0.003237037254132017;0.1693978343089572;1.064080646133792
30.068452;0.04610510909429377;0.04702372684853257;0.9374627739499528;-0.024790011482153273;-0.5060637437358751;10.032693453806013;0.7468292947000859;0.4140570995007404;1.0497230296986522;0.04690181703830951;0.17277163666275233;0.28886009623004916;-1.022527780527771;0.044482499999462424;0.0029951889972954894;0.1692363485642546;1.0635027114791507
30.069156;0.04588576460785492;0.04649023901041396;0.9302765190088303;-0.025248084815116867;-0.5176269436148329;10.032929038416922;0.7468170886548319;0.41404041306438066;1.0498446839296096;0.046381753474598025;0.17195026814431771;0.28256337832503114;-1.0234787570748773;0.04396002525266651;0.002504770153798337;0.1687359796775724;1.062534962799446
30.069789;0.045684076727583046;0.046012294397409025;0.9238150237211079;-0.02564212324323636;-0.5277335709115392;10.033159736345604;0.7468092951097729;0.414024847913232;1.0499668637918447;0.04591693813542789;0.17122397678841508;0.2768961686567184;-1.0243057329714997;0.04349668316125391;0.002081791986312302;0.1683243160559099;1.0616473324887532
30.070423;0.045482985814517124;0.0455392806616762;0.9173692540044417;-0.026021296144175966;-0.5375555780758721;10.03338265254046;0.7468060896123615;0.4140104185759748;1.0500895969526531;0.04545438088920116;0.1705159462015837;0.2712295151044505;-1.025106708249126;0.043039416664274084;0.0016752759434600804;0.1679299419200496;1.0607629762596493
30.071056;0.04528179213384884;0.04507152684201385;0.9109581730183105;-0.02638474740411482;-0.5470775675323631;10.033594775243794;0.7468076281012023;0.4139971533263013;1.050212949425517;0.0449970905863178;0.16982634933266147;0.2655634823233605;-1.0258836829241886;0.04259115970071696;0.0012832546314866552;0.16755243028621442;1.0598839983591655
30.07169;0.04508125975001709;0.04460993176574159;0.9045856348024829;-0.026733831979159333;-0.5563143293129025;10.033793208926477;0.7468140260480589;0.4139850763951062;1.0503370499558133;0.044543072513278784;0.16915435028122278;0.259898143349071;-1.0266356570103827;0.04214983048480692;0.0009067709154344201;0.16719136241696192;1.0590096401777063
30.072323;0.044880873349763824;0.04415372510541779;0.8982461155757728;-0.02706957271214773;-0.5652889661806845;10.033975700712688;0.7468253650476042;0.41397420493860504;1.0504620972343761;0.04409432292969606;0.16850009963208282;0.2542335684877326;-1.0273646305333999;0.04171732609669198;0.0005438602359306538;0.16684636290664778;1.0581420536562323
30.072957;0.04468149079286673;0.04370478464068712;0.8919655556351894;-0.027391291750602873;-0.5739748374194418;10.034140837171293;0.7468417043823423;0.41396456849919194;1.0505883746535498;0.043650829803450496;0.16786471545664863;0.24856981925241264;-1.0280706035312839;0.04129352127092708;0.00019553493040354054;0.16651611362246413;1.057281442897525
30.07359;0.04448279536068848;0.043262423277048184;0.8857406753700293;-0.02769995334836025;-0.5823951345532746;10.034287451008298;0.7468630860622764;0.4139562240687668;1.0507162706356408;0.043212586833331845;0.16724726132022807;0.24290694676340674;-1.0287535760474962;0.04087826435435689;-0.00014021278665459912;0.1662003431800897;1.0564279974108182
30.074224;0.04428623919280457;0.042828115510218694;0.8795810734507585;-0.027996230034595688;-0.5905467928665015;10.034414098405172;0.7468895263880165;0.4139492486903224;1.050846261949291;0.042781607977609645;0.166646757452083;0.23724499005148367;-1.0294165481348534;0.04047337637017239;-0.0004624017994232392;0.16589881094011616;1.055584810651137
30.074857;0.04409054435126873;0.042400562625477;0.873488010395657;-0.0282800795857409;-0.5984448444910183;10.034519388314877;0.746921004966727;0.4139437235657159;1.0509788561557571;0.042356923410560944;0.16606422602430562;0.23158397235916575;-1.0300585198649121;0.04007766600896497;-0.0007720545152705964;0.16561227028710368;1.05475104734103
30.075491;0.04389751486420612;0.04198221798675876;0.8674845721749971;-0.02855154425147013;-0.6060679425594181;10.034602491627547;0.7469574674503644;0.413939712667704;1.0511145440622929;0.041938563659252866;0.1654987251066821;0.2259238983476885;-1.0306804913215024;0.039690948760675616;-0.0010691881121629282;0.16533942498113072;1.0539277660550523
30.076124;0.0437067470426778;0.041572162815818936;0.8615641342500779;-0.028811457843461646;-0.6134394382459111;10.034663131088273;0.7469988330122894;0.41393723635055374;1.0512537722251563;0.041528554130558476;0.1649513491710426;0.22026475813085597;-1.031283462589325;0.03931505015130304;-0.0013538042421631048;0.1650789283493606;1.0531159955808371
30.076758;0.043518732990411826;0.04117137655239731;0.8557441206041762;-0.029059476822602123;-0.6205470041661006;10.034701258075293;0.747044995229672;0.41393626615037205;1.0513969073471137;0.04112592139160222;0.16442021584738253;0.2146065392240707;-1.031866433760614;0.03894880166160297;-0.0016278803330479702;0.16483140381537092;1.0523148110670473
30.077391;0.043334406696381805;0.04078025511754439;0.8500218631173749;-0.029297038843797696;-0.6274101273260221;10.034716782154227;0.7470958214563388;0.4139367519985242;1.0515441909500296;0.04073269827813278;0.16390745488329697;0.20895623295598204;-1.0324324049477613;0.03859405016549338;-0.0018893702262048058;0.16459645585100402;1.0515286201132346
30.077736;0.04321480295035825;0.04056913238119458;0.8469471289691761;-0.029423616815360945;-0.6310550828724296;10.03470962060909;0.7471511487888195;0.41393865208302427;1.0516957372582414;0.04051892731935274;0.1636071995666338;0.2059168248549863;-1.0327323762788336;0.038420670981230545;-0.002029207166726987;0.16455167078666322;1.0510208853315748
30.07808;0.04309648265011645;0.04035968571566206;0.8438779172701881;-0.029549525835142875;-0.6346739532906761;10.034680040484153;0.7472107746071656;0.4139419343885356;1.0518515976501082;0.040306665874409585;0.16331459001394216;0.20291628571155823;-1.0330273478831942;0.03825056385993478;-0.0021662990016245018;0.16450759956393204;1.0505245206184624
30.078425;0.04297969983775551;0.04015314911297251;0.840842697507233;-0.029673034295466066;-0.6382311185013532;10.03462878509574;0.7472744608158504;0.4139465626180576;1.0520117958436532;0.04009598388006857;0.1630297896776466;0.19995757844656356;-1.033317319885959;0.038083639645761905;-0.002301527085316292;0.1644627568946534;1.050039967665509
30.07877;0.042863435624314425;0.03994797406767078;0.8378347399002992;-0.029793756503148243;-0.6417378617958095;10.034556630301639;0.747341959324994;0.41395249368228243;1.0521762808588904;0.03988694641130872;0.16275198728085177;0.19704166913830853;-1.0336022924088593;0.037919812142061374;-0.002435752242171834;0.16441765277715165;1.0495672605440813
30.079459;0.04267567368843316;0.03954554451995371;0.8318737059595724;-0.030024808872634857;-0.6486370625282107;10.034463804669892;0.7474130293124253;0.4139596807246367;1.052344887208886;0.03948059297503634;0.16227737645081802;0.19132252942920502;-1.0341582655635915;0.03755999466677637;-0.002690822834052283;0.16417780639215307;1.0488540619595639
30.080148;0.04249132511088703;0.03915020558300276;0.8260015219752326;-0.030247235570923466;-0.6553639428574468;10.034349891138195;0.7474874275994812;0.41396806465041935;1.052517356797397;0.03908193215550392;0.1618281427493041;0.18576512861473196;-1.0346942394408003;0.03720909848062869;-0.0029375901561922236;0.16394874847131424;1.0481817744937147
30.080837;0.0423116350155503;0.03876185493866909;0.8202046244636196;-0.030462568459452256;-0.6619381060698665;10.034214291909663;0.7475648962513405;0.4139775574969592;1.0526933790278035;0.03868895127295165;0.16140146843100633;0.18036442528662416;-1.035213214113555;0.036865033589256725;-0.003174922314529357;0.16372905353619618;1.047550122709099
30.081527;0.042136070431353576;0.03837955403523381;0.8144828699957766;-0.030670411852165718;-0.668362489797758;10.03405691857946;0.7476451581494402;0.4139880259520066;1.0528726183333352;0.038302628628425185;0.16099853487023727;0.17511737353410342;-1.035714189649237;0.03652871113001756;-0.0034037073878760817;0.16351737684080545;1.0469554698627739
30.082216;0.041964926219697815;0.038002819032715525;0.808829825844788;-0.03087121182011581;-0.6746461271668578;10.033878600782405;0.7477279065937805;0.4139992795113092;1.05305473300813;0.03792194484252374;0.1606155160930556;0.1700199324904863;-1.0361981661055966;0.03619904913625517;-0.0036238545794192783;0.16331347626852175;1.0463961651098008
30.082905;0.04179753865688665;0.037630766563853134;0.8032455264235137;-0.031064553682079266;-0.6807923961439851;10.03368103626095;0.7478128030030204;0.41401108746994003;1.0532393744990491;0.03754689190837106;0.1602535726218839;0.16506706395369147;-1.0366661435174425;0.03587597905765544;-0.003836292286246276;0.16311522247080504;1.0458705314612533
30.083594;0.04163582409883514;0.03726369585360757;0.797709363426003;-0.03125280338396759;-0.686826367969423;10.033466615517288;0.7478994995270775;0.41402322485800613;1.0534261742188205;0.037176477011088505;0.15991184252547738;0.16025473212792413;-1.0371181218955616;0.03555844224765698;-0.00403996026218657;0.16292357555199788;1.0453761318732266
30.084283;0.041478641934520076;0.03690143927305114;0.7922438915129639;-0.03143409767352863;-0.6927246543415155;10.033238407215745;0.7479876658243914;0.4140354944215211;1.0536147617563172;0.03681172462582743;0.15958743284553156;0.15558091123096424;-1.0375541012368952;0.035247379011156245;-0.004237806737490704;0.16273553952333217;1.044910849534338
30.084973;0.04132648733125646;0.036542910362547434;0.7868218625169483;-0.03161026987090988;-0.698519952505531;10.033000112547859;0.7480769928690364;0.4140477137093393;1.0538047985867143;0.03645067546205119;0.1592814220522383;0.15103958808815815;-1.0379760815342602;0.034940728979043156;-0.004427790345252033;0.16255315446740848;1.0444739790726583
30.085662;0.04117853172252639;0.0361872989593079;0.7814437681053757;-0.031780700200911824;-0.7042104695951075;10.032755557542739;0.7481671828980754;0.414059705462908;1.053995970444081;0.03609538128883223;0.15899186346379637;0.1466287565234209;-1.0383830627809858;0.03464044608017283;-0.004610878399798968;0.16237354239238996;1.0440625292607266
30.086351;0.04103575411903827;0.035836289588506265;0.7761326933907596;-0.031945180797938004;-0.7097749851480516;10.032507882375059;0.7482579494652931;0.4140712945030661;1.05418796329762;0.03574390310070912;0.15871778832928513;0.14234440849293897;-1.0387770449742746;0.034344500916922316;-0.004788044829945593;0.16219891894293403;1.0436762718130221
30.08704;0.04089713793853481;0.03548752410256068;0.7708553729731861;-0.032104743918757145;-0.7152505974624036;10.03225924584633;0.7483490205148317;0.41408230641507066;1.0543804541019788;0.03539631071441228;0.15845921684265177;0.13818252595913438;-1.039157028123937;0.03405286059135671;-0.004959272364602926;0.16202651870360357;1.0433121218362855
30.08773;0.04076448522897214;0.03514304905034495;0.7656271092456088;-0.03226004231511509;-0.7206218830870756;10.03201118176693;0.7484401368713892;0.4140925820556669;1.0545730727463412;0.03505367779373366;0.15821616868930335;0.13414007739627845;-1.0395250122587898;0.03376647200713108;-0.00512455473195567;0.1618565252596461;1.0429702374467829
30.088419;0.04063502630174592;0.03479992978019987;0.7604301400838547;-0.032410032353712405;-0.7259087393538188;10.031764941734416;0.7485310546667456;0.4141019957341446;1.0547653309022202;0.034714072213891015;0.15798566227379918;0.1302140201007182;-1.0398799974192672;0.03348325824952464;-0.005283889433342007;0.16169008305935612;1.042647951080956
30.089108;0.040510957239774895;0.03445951533871692;0.755257347395409;-0.032556705785768525;-0.7311198435902289;10.031521720478793;0.7486215417515616;0.4141104582360128;1.0549565873231603;0.03437754755446585;0.15776869319546505;0.12640030281826753;-1.0402229836399153;0.0332031202953429;-0.0054382581223165775;0.1615253424539891;1.0423446064520123
30.089797;0.040390524277711226;0.034120911090583614;0.7501191827847074;-0.03269827423380377;-0.7362431167777984;10.031282939407365;0.748711375389329;0.41411790641143204;1.05514610397702;0.03404514636537275;0.15756421163613807;0.12269686577755487;-1.0405539709326384;0.03292694534547465;-0.005587609523181197;0.16136246284278438;1.0420589470442825
30.090487;0.040274245779164636;0.03378496319539217;0.7450273802243723;-0.03283470104537127;-0.741269680040473;10.031050488193413;0.7488003678920402;0.4141242856877799;1.05533316234409;0.033715911538808575;0.15737113531206826;0.11910063970992378;-1.0408739592882996;0.03265362175440653;-0.005731855348471919;0.1612006032988074;1.0417907051269044
30.091176;0.04016251964033384;0.033450557580418636;0.739952202222941;-0.032967512406089985;-0.7462287151680334;10.030827061573943;0.7488883992490866;0.4141295436059683;1.0555171434019017;0.03338989402645356;0.15718937833016622;0.11560754666623808;-1.0411829486996744;0.03238305172871096;-0.005870870760853777;0.1610409584035646;1.041538615374403
30.091865;0.04005536410519822;0.03311748253738353;0.7348902923682554;-0.03309687084362741;-0.7511250944689954;10.030616291164272;0.7489754211196394;0.4141336460001013;1.055697522070113;0.033067156873146195;0.15701785796700085;0.11221550832067863;-1.0414819391765884;0.03211515128575245;-0.0060055033411481225;0.1608827859969572;1.0413027255153624
30.092554;0.03995239308362372;0.032786279840257566;0.729861009566191;-0.033221704082240414;-0.7559414145306578;10.030421942116625;0.749061436128217;0.4141365969492377;1.055873822100881;0.03274677245431673;0.15685748728652618;0.10892045364880992;-1.0417709307367464;0.031848841312596805;-0.006135595880946932;0.16072639681402562;1.0410819145970451
30.093244;0.0398530063385365;0.03245563584812807;0.724843700851032;-0.033342388186286404;-0.7606955047302442;10.030246882689562;0.7491464844347333;0.4141384472143401;1.0560455989699293;0.03242880937050444;0.15670517112843219;0.10572131571926874;-1.042048923390949;0.031584043286748964;-0.006259993681608881;0.1605711597065015;1.040874376105794
30.093933;0.039757968005399914;0.03212559847330553;0.7198256381882019;-0.03346018488249231;-0.7654013753137162;10.030093103907527;0.749230651203183;0.4141392941640796;1.056212465073621;0.03211432123000649;0.15656281392548366;0.10261503195178;-1.042318917138462;0.03132168215692509;-0.0063805285054791185;0.1604164965936262;1.040682063225325
30.094622;0.039666041320809274;0.031796543935588124;0.7148351047218147;-0.03357301606196877;-0.7700317413327892;10.029962059918804;0.7493140557960251;0.4141392712822483;1.0563741153225283;0.03180134524912644;0.15642833639368303;0.099597555929825;-1.042578911967252;0.031059692089972096;-0.006495022084830379;0.16026482464984884;1.0405019162781013
30.095311;0.039577589852620866;0.03146754154447952;0.7098442131116123;-0.03368234888065102;-0.7746140229301725;10.029854398752978;0.749396804641016;0.4141385243327797;1.0565303052645614;0.03149190045919249;0.1563026779094135;0.09666786494861895;-1.0428309078499687;0.030800023149160742;-0.006605317316487521;0.16011349768042266;1.0403352358291973
30.096;0.03949407385884891;0.031139712976235193;0.7048551068731744;-0.03378916121695814;-0.7791461680416287;10.029770042858022;0.7494789555697202;0.41413718289465457;1.0566808041805815;0.031182983366405796;0.15618478212837647;0.09382195457981164;-1.0430739047402973;0.030539640608749606;-0.006711303478111945;0.15996480072002003;1.0401801182497574
30.09669;0.03941393773943475;0.030812475632202314;0.6998807455656852;-0.03389158092844002;-0.7836149285131185;10.029708878379573;0.7495605230504272;0.4141353477468764;1.0568253946146187;0.030877575698952324;0.15607358209563094;0.09105982678344342;-1.0433079025822223;0.030281511228917746;-0.0068119235752880135;0.15981799714690845;1.0400360305269012
30.097379;0.03933767810121541;0.030484975043018035;0.6948943567028175;-0.03399101454114893;-0.788046491548278;10.029671033386297;0.7496414994205287;0.4141331083022071;1.056963910134053;0.03057266084691582;0.155968990854324;0.08837647805950045;-1.0435349013273971;0.03002258857135757;-0.006908170746853225;0.15967337213326288;1.039903947608723
30.098068;0.03926512552982097;0.030157862576262948;0.6899150415208014;-0.03408649414613225;-0.7924236709711958;10.029656712018697;0.7497218675779037;0.41413056999396597;1.057096235074258;0.030269235881777164;0.15587090150111735;0.0857718911527551;-1.04375390094624;0.029763807696433605;-0.006999077995411177;0.15953023123583052;1.039782260216422
30.098757;0.039198138874651296;0.029831342456666646;0.6849194469454357;-0.034180139879488876;-0.7967640591755616;10.02966605193133;0.749801605607811;0.41412785727475093;1.057222260672044;0.029968320573875006;0.15577919045867572;0.08324303829299566;-1.0439659014284526;0.029506091566649628;-0.007086697638285531;0.15938888313119937;1.0396710837956307
30.099447;0.03913381392944722;0.029503798693048616;0.679918167724169;-0.0342692619352536;-0.8010616267421349;10.029699099969752;0.7498806954639394;0.41412508744010407;1.0573418639767929;0.029666952673285677;0.15569372705236975;0.08078689915770482;-1.0441699027709102;0.029246371581267486;-0.007169081698149727;0.15925063346050464;1.0395685745704313
30.100136;0.03907456177510863;0.0291764715548764;0.674903073220034;-0.03435583754926554;-0.8053217877054362;10.029755817478144;0.7499591490734253;0.4141223471250076;1.0574549180961081;0.02936816307414083;0.15561339852075515;0.0784024760447221;-1.0443679049608428;0.02898761142769997;-0.007247285405240712;0.15911379480311547;1.0394760960567666
30.100825;0.03902004983751454;0.028848179163972774;0.6698529698670153;-0.03444008690723102;-0.8095605363474928;10.029836000597673;0.750037028222932;0.41411970115033325;1.0575612761701325;0.029069959353588803;0.1555381257291194;0.07608779041670649;-1.044557907974315;0.02872781315212933;-0.007322377481031709;0.15897968526217562;1.03939101559132
30.101514;0.03896989332255971;0.028520723167861542;0.6648177736395791;-0.03451980908153682;-0.813738893476864;10.02993944318244;0.7501144264173886;0.41411721295097614;1.0576607328566832;0.02877233487208781;0.1554678509446553;0.07383987214540587;-1.0447429117901021;0.028466996565334912;-0.007393435818304129;0.15884858232395968;1.0393156781683304
30.102204;0.038924998767284946;0.028192166446156852;0.6597395122288354;-0.03459737351124148;-0.8179022468746238;10.03006638194016;0.7501914534951309;0.4141149456492189;1.057753021710343;0.0284752826848889;0.15540151215084455;0.07165775703841697;-1.0449209163951347;0.028205171212683976;-0.007460546314915621;0.1587206661522802;1.0392476207762982
30.102893;0.03888540440302482;0.027863387768573257;0.6546410477443444;-0.03467172077713204;-0.8220318632159663;10.030217591497152;0.7502682376117472;0.4141129612522438;1.0578378603547332;0.028178801094949635;0.15534102123418017;0.06954048927645747;-1.0450929217668554;0.027942331138965548;-0.007523807409361381;0.15859399981631406;1.0391873659054718
30.103582;0.038850891214989865;0.027533319981853842;0.6495025732108668;-0.03474310119015544;-0.8261438650317443;10.030393982372695;0.7503448864275146;0.4141113297268894;1.0579150045488468;0.027882897048990263;0.15528325872995252;0.06748411992075007;-1.0452589278502167;0.027678472655446557;-0.007584320791760876;0.1584705512861855;1.0391342210706707
30.104271;0.03882275589669905;0.02720395340069442;0.6443522763208333;-0.034811468449703606;-0.8302150293350139;10.030596151032318;0.7504214339472787;0.41411013052243245;1.0579842676704698;0.027586581722889515;0.15523008304264754;0.06548770482018461;-1.0454199345605326;0.02741260797982697;-0.007642180400039688;0.1583502328369745;1.0390886885042818
30.104961;0.03879995443135103;0.02687310232948372;0.6391527893391272;-0.034877114044436504;-0.8342728327248204;10.030824220345346;0.7504978348770256;0.41410944628124313;1.0580455160469886;0.027290858399007342;0.15518033740937007;0.0635513054455949;-1.0455749418071916;0.027145765131919748;-0.0076954785280412795;0.1582309175943461;1.0390493350065375
30.10565;0.038782901898876905;0.026541781788570976;0.6339182375830902;-0.034940084287115605;-0.8383069858181493;10.031077910842855;0.7505739735190937;0.4141093517297988;1.0580986746153396;0.026994719986179846;0.15513385640481048;0.061670986420120255;-1.045724949508202;0.026876986499619636;-0.00774731105387518;0.1581134070132904;1.0390164805310866
30.106339;0.038770514446825326;0.026209773607766582;0.6286543744107569;-0.03499950125817755;-0.8423127035740112;10.031356598828275;0.750649663327057;0.41410989983607766;1.0581437357712595;0.026698157135082147;0.15509048197278918;0.05984581103607124;-1.0458699575936352;0.02660632245667763;-0.007794762070306215;0.1579973878577652;1.0389896528096536
30.107028;0.038763603020535616;0.02587608615854869;0.6233182999285445;-0.03505762342454651;-0.8463217981959258;10.031659282696827;0.750724668818372;0.41411112340044165;1.0581807729163637;0.026401165568039196;0.15505007257269618;0.05807583776490901;-1.0460099660107467;0.02633381568726328;-0.007840888395612613;0.1578824459651263;1.0389684639494168
30.107717;0.03875988185687353;0.025541521117151807;0.6179566055959815;-0.03511126378176947;-0.8502968496876229;10.031984388468723;0.7507987460556842;0.41411305436771073;1.0582099552497908;0.026103748475184218;0.15501249486749857;0.05635711655318852;-1.0461449747283174;0.02605949681383855;-0.007883728083086726;0.15776814033770553;1.0389523134036518
30.108407;0.03876151092309848;0.02520617242790596;0.6125314607695161;-0.03516374336371482;-0.854266808273024;10.032329580784602;0.7508716706953213;0.41411574013276153;1.0582315290306883;0.025805912504232788;0.15497661557658526;0.05469068997994828;-1.0462759837349602;0.02578339409930271;-0.007923316915980859;0.15765409030156613;1.0389418665832908
30.109096;0.03876510593891877;0.024868780637576988;0.6070552311284315;-0.03521201282272644;-0.8582200481756909;10.032691955578889;0.7509432452296458;0.4141192390450074;1.0582457835751964;0.025506659468733633;0.15494330510625695;0.05307259706749943;-1.0464019930358937;0.02550453346860283;-0.00796069799309508;0.1575390295135442;1.038935540351139
30.109785;0.03877394353175397;0.024531478004232207;0.6015242655476504;-0.03525928226016142;-0.8621593017650906;10.033068354289902;0.7510132902396514;0.4141235974615964;1.0582530356101523;0.025206975945457923;0.15491245131796366;0.05150387506105557;-1.0465240026522018;0.025223928755881708;-0.007995931370400625;0.157423810299064;1.038934068055064
30.110474;0.03878347668277597;0.024190923770381987;0.5959164849020165;-0.03530257624118583;-0.8660988344551486;10.033455407667333;0.7510816283819816;0.4141288398469907;1.0582536076657876;0.024904823586676728;0.15488397469785167;0.04998156283054266;-1.0466410126168184;0.024939582609044855;-0.008028094172220071;0.1573073681837708;1.038936027960462
30.111164;0.03879657401288209;0.02385023727455244;0.5902576633470998;-0.03534398233153347;-0.8700197059677109;10.03384947306164;0.7511480728861571;0.4141349934443802;1.0582477884548733;0.024602142824719897;0.15485583149931006;0.048504701852109935;-1.046755022965465;0.024653497529043555;-0.008058270590715325;0.15719067768975778;1.038943115650409
30.111853;0.0388107660632487;0.023507145367197196;0.5845186332507885;-0.03538247283717076;-0.8739386031430885;10.034246645370459;0.7512124292883292;0.4141421222439299;1.0582358180451663;0.02429786996409239;0.15483100720471937;0.04707332764857964;-1.046865033730531;0.02436468349823227;-0.00808555104396702;0.15707374246153402;1.0389541008438425
30.112542;0.0388260928534288;0.0231627030242094;0.5787152076191118;-0.03541812640586698;-0.8778463671165784;10.034643012501366;0.7512745103506167;0.41415033107985305;1.058217908337884;0.023990944456514694;0.15480751039862306;0.04568445544940837;-1.046971044937506;0.024072152821161083;-0.008111033793526547;0.15695560390143046;1.0389686607407813
30.113231;0.0388414729341116;0.02281568919803203;0.5728231388539661;-0.0354508838497193;-0.8817547599765763;10.035035156413636;0.7513341538152484;0.414159737387409;1.0581942475676767;0.023682299545774266;0.15478536425214268;0.044337074593234084;-1.0470740565991234;0.02377690236086205;-0.008133821483862484;0.15683733126584273;1.0389875903831296
30.113921;0.038856961253670455;0.02246703569720735;0.5668557007615955;-0.035480840033748705;-0.8856543537587085;10.035420381673632;0.7513912239073272;0.41417045115954537;1.0581650008899035;0.02337185969160732;0.1547655982513197;0.04303116308006419;-1.047173068718208;0.023478904696395488;-0.008155020740493351;0.15671900168911984;1.0390097121388822
30.11461;0.038871507565349614;0.02211562954235006;0.5607917687952594;-0.03550801116982587;-0.8895581115032039;10.035796477759888;0.7514455867519029;0.41418258128539426;1.0581303599616083;0.02305855771809854;0.15474824804301313;0.04176371154473301;-1.0472690813014827;0.023177118704576807;-0.008173738245242491;0.15659968033713487;1.0390356934324234
30.115299;0.03888528133603243;0.02176236513173009;0.55464454989661;-0.035532450861255296;-0.8934546807455963;10.036161486082625;0.7514970778630152;0.4141962360333393;1.0580906067356426;0.02274134857521094;0.15473235476382008;0.0405357340781418;-1.0473610943653786;0.02287050459837431;-0.008191071196033003;0.15648042007219043;1.0390643475206693
30.115988;0.038896598802868394;0.021406112702882948;0.548403702237221;-0.03555307591842313;-0.8973479313651963;10.036513673577806;0.7515454926629107;0.4142115113848893;1.0580461245153414;0.022422199666584496;0.15471895876860559;0.039344257971565655;-1.0474511079346391;0.02256103728671721;-0.0082051006487311;0.15636128270228852;1.039097314743254
30.116678;0.03890606706967399;0.021046701122007728;0.5420516901867187;-0.03557102901185236;-0.9012483488332628;10.036851381450335;0.7515906149521612;0.4142284877757385;1.0579973466325991;0.0221000749326327;0.1547080984417902;0.03819030440624825;-1.0475371220445868;0.022247714494094527;-0.008217891080325349;0.15624236164409241;1.0391323861277288
30.117367;0.03891411113450798;0.020685038069666352;0.5356023507881079;-0.035586361458601674;-0.9051436897665959;10.037172731645027;0.7516322492544907;0.4142472220832849;1.0579446936285615;0.02177493096722716;0.15469881703997188;0.03707087438800699;-1.047621136738408;0.021930546857381387;-0.008228501574603848;0.1561228206286533;1.0391712007550018
30.118056;0.038919258915985515;0.020319975116619524;0.5290446258004186;-0.03559801555873023;-0.9090383522815328;10.037475696201609;0.7516702189430151;0.4142677363721101;1.0578885489577279;0.021444725273370754;0.15469217076742775;0.03598494378068949;-1.0477011520537198;0.021607536071197492;-0.008238002737147863;0.15600389944658022;1.0392114846876344
30.118745;0.038922288030059385;0.01995129759884799;0.5223608350861385;-0.035607088282057296;-0.9129414052343017;10.037758565341456;0.7517043507693439;0.4142900336519161;1.0578292843068064;0.021112431012920242;0.15468823029013212;0.03493346337663767;-1.047779168005723;0.021281666834824124;-0.008244484082181517;0.15588683422663213;1.0392550498260582
30.119434;0.03892313739032778;0.019578872283410185;0.5155461082506319;-0.03561353095241412;-0.9168518066859417;10.038020181330259;0.7517344695988257;0.41431412784952876;1.057767314847282;0.020775042445408648;0.1546870632696008;0.03391336239009396;-1.0478541845746845;0.020949915332632955;-0.008249049098326706;0.15576979311597886;1.0393006184784161
30.120124;0.03892008595579956;0.019202744842961916;0.5086208947653164;-0.0356152771292798;-0.9207549183733955;10.038259649649119;0.751760413731873;0.41434005359789;1.0577031064444251;0.02043456910679331;0.15468870252545017;0.03292556075310189;-1.0479272017091203;0.02061425341434076;-0.00825180037558342;0.1556549016713804;1.0393491104035155
30.120813;0.038915244066350135;0.0188237140984034;0.5015740145191996;-0.035614516980244024;-0.9246549996527241;10.0384759894401;0.7517820723960014;0.4143678560052241;1.0576370904911252;0.02008903404868078;0.1546931348228037;0.03196698628688552;-1.0479972193500247;0.020272645281041883;-0.008251823347271304;0.15554129751123252;1.0393993965267685
30.121502;0.03890653564563974;0.018439705610078162;0.49437475573994816;-0.03560992396721208;-0.9285645010315029;10.03866824857618;0.7517994025553094;0.41439758199713006;1.0575695916953827;0.019739473628420493;0.15470132289853455;0.031037581643627608;-1.048065237451341;0.01992604826156501;-0.008250182214518318;0.15542914352922407;1.0394525094300673
30.122191;0.038895264275046505;0.018051476716964776;0.4870218352255973;-0.035602745997284246;-0.9324820912780152;10.03883600336329;0.7518124055634167;0.414429280629883;1.0575008517508007;0.019385930419909648;0.15471122695691783;0.030137298027618904;-1.0481312559758098;0.019574416866860813;-0.00824692551877763;0.1553195932269325;1.0395085213334216
30.12357;0.038712536018971754;0.01728976373155403;0.4718888522213881;-0.035583436869025264;-0.94031777157732;10.038979679157288;0.7518210903640737;0.4144630005676345;1.0574310732106085;0.0186584441890279;0.154746808621152;0.02839208707332183;-1.0482552748822058;0.018847704752819418;-0.008231088681906678;0.15518576579189222;1.0396038318841792
30.124811;0.03855085708746483;0.0165843884351873;0.45771811001362095;-0.03555047208883784;-0.9473723083097516;10.039100205176746;0.7518254392637572;0.4144987841038045;1.0573604319842531;0.017987045696854293;0.15479104005513003;0.026912894990293614;-1.0483602941200665;0.018175867303215007;-0.008203693044026532;0.15507076982513796;1.0396934332180936
30.126051;0.03837990138105196;0.01586237571320592;0.44295879344960243;-0.03550566761199998;-0.9544337686765368;10.039198193197848;0.7518254060003623;0.4145366657568593;1.0572890844375546;0.01729975415485925;0.1548479260386509;0.025513655605467873;-1.0484593136361677;0.017486862776766303;-0.008164751867555917;0.1549687592727668;1.0397849259644751
30.127292;0.03819573388542434;0.015123250530841655;0.4276180423391904;-0.035444100338740334;-0.961472959017806;10.03927345366424;0.7518209534865767;0.4145766676531355;1.057217154513719;0.01659458265936864;0.15491951598165912;0.024189289532963055;-1.0485523333918156;0.01677864598309675;-0.008112284033420479;0.15488096764182346;1.0398780355015071
30.128532;0.037999245316777085;0.014365302362564586;0.41160751510160015;-0.03536684611965484;-0.968500123550288;10.039325313124975;0.7518120668802558;0.41461878903797955;1.0571447036723969;0.015870551224152443;0.15500489415354146;0.02293571144161869;-1.0486393533776532;0.016050160671944303;-0.008045320743899353;0.15480868575566284;1.0399724998937687
30.129773;0.03779032563481886;0.013588304612686368;0.3948874769166089;-0.03527296390138491;-0.9754965924409456;10.039353379394182;0.7517987248363723;0.41466300594630123;1.0570717392859654;0.01512869476774358;0.15510816064752736;0.02174983205216042;-1.0487213736164385;0.015302341464917983;-0.00796189976715707;0.1547552199264373;1.0400690906965813
30.131014;0.037566678275372;0.012791868237293617;0.3774333390684549;-0.035159234782550015;-0.9824395265928443;10.03935807184573;0.751780903912611;0.4147092832034673;1.0569982534204663;0.014366057289143723;0.1552294172445729;0.020628555949679044;-1.0487983941517545;0.014532124122174684;-0.00786106122381739;0.15471984485920753;1.040167610045314
30.132254;0.037328407830189224;0.011974708697445222;0.35916415404579344;-0.03502513118448636;-0.9893169237733181;10.039340534046874;0.7517586256188108;0.4147575834817609;1.056924212095733;0.013583678837309765;0.15537076870369076;0.01956778532609999;-1.0488704150278318;0.013740457307140871;-0.0077418474908536;0.1547067568306702;1.040267880310372
30.133495;0.03707479935525436;0.011136115506413838;0.34001836443540573;-0.034869071778054955;-0.9961090870291859;10.039302230136103;0.7517319660752754;0.41480786923643814;1.05684949363977;0.012780584122374183;0.15553333507090028;0.018563426207038727;-1.0489384362809302;0.012926311403411989;-0.0076012966088933875;0.15471707465265114;1.0403707925763603
30.134735;0.03680425667248627;0.010275780380532664;0.3199473679627378;-0.0346881509232341;-1.0027806193791429;10.03924468180637;0.7517010224622122;0.41486009721165706;1.0567738739868204;0.011955775624879443;0.15572025260769143;0.017614390968570013;-1.0490024579458257;0.01208867968115201;-0.007439431025489259;0.15475287306828944;1.0404763719403014
30.135976;0.03651648163892667;0.009394290415707876;0.298908799902581;-0.034480760217601984;-1.009291934479459;10.039169321190037;0.7516658937680379;0.41491420513055105;1.0566970764598131;0.011108234323778823;0.15593366014779844;0.016715591705196837;-1.0490624800534425;0.011226575383135911;-0.007252243802158892;0.15481720687331946;1.0405846276382784
30.137217;0.036210043680689245;0.008489041622115577;0.27677003035796005;-0.03424490206886309;-1.0156223056107168;10.039077383592256;0.7516266863933273;0.4149701057326871;1.0566188201698523;0.010238928102755113;0.15617468641323212;0.015864927478854356;-1.0491185026178007;0.010341033100706764;-0.0070376833304020385;0.1549121441775139;1.040695641644555
30.138457;0.03588383214525176;0.007561436453852627;0.2535032304936746;-0.033977525359674805;-1.0217101444552168;10.038969969629976;0.7515835355325359;0.4150276994497479;1.056538861829668;0.009347820653330013;0.15644644238482586;0.015060281453965792;-1.049171525629759;0.009432109290198817;-0.006794650015150351;0.15503981111349655;1.0408104937587672
30.139698;0.035537751140509624;0.006611365037412932;0.22902006364361077;-0.0336769368923055;-1.0275021544506349;10.03884818736794;0.7515366323278945;0.4150868911524981;1.0564570340542605;0.008432874795402995;0.15675201750187323;0.014298526837662232;-1.0492215490573764;0.008497874007047787;-0.006520012167442376;0.1552033970382149;1.0409292065486666
30.140939;0.03517100240472199;0.005639343689610235;0.2032473963134064;-0.033340362770922984;-1.0329317387193706;10.038713126676294;0.7514862381145018;0.41514759624758774;1.056373247570988;0.007496052142512354;0.157093485305064;0.013576530301982422;-1.0492685728511364;0.007540400270940404;-0.006210629730807709;0.1554071070526118;1.0410517267920918
30.142179;0.03478237186834294;0.004644000178635797;0.17604404238306134;-0.03296464725964109;-1.0379307876124861;10.03856582484356;0.7514326755827736;0.41520974458823623;1.0562874580835295;0.006536315694716184;0.15747491738239955;0.012894158550707004;-1.0493125969542743;0.006558756329525742;-0.005863373377130924;0.15565211351892982;1.0411779647424646
30.14342;0.03437179428266537;0.0036275719973898647;0.14736007187213637;-0.03254705304976055;-1.04240253206507;10.038407482238567;0.751376299213692;0.4152732807015898;1.056199625382584;0.0055556339368762146;0.15789839077049259;0.012247289344252404;-1.049353621306306;0.005554998080818508;-0.005476137238503061;0.15594455158051634;1.0413077264155464
30.14466;0.033937952001082065;0.0025909248879809224;0.11709595326998395;-0.03208350336459743;-1.0462411178074653;10.038239575275059;0.7513174624071922;0.4153381403746717;1.0561097071382308;0.004553975956388819;0.15836698665964066;0.011633816139342633;-1.0493926458370268;0.004529163565401937;-0.005043841279815866;0.15628555045635334;1.0414417952950046
30.145901;0.03348108170163901;0.0015343258533071784;0.085108749835504;-0.031571451452450335;-1.049328516091307;10.038063538506659;0.7512564974039415;0.4154042176360142;1.056017704095995;0.0035323003720527987;0.15888478850385723;0.011052643907727713;-1.0494296704705215;0.0034822739250351584;-0.004565417382635872;0.1566802397446816;1.041579912545793
30.147142;0.033001975726232834;0.0004607543057394401;0.05132906068634617;-0.031008398280540247;-1.0515181762104056;10.037880436059693;0.7511937090143714;0.41547135840384597;1.055923681760093;0.00249255472187986;0.15945487486438276;0.010501682740290137;-1.0494636951452536;0.0024163412249065073;-0.00403579123045283;0.15713171457130146;1.041720758751688
30.148382;0.03249950519768699;-0.000627429630351101;0.015657773053521094;-0.03038954060626114;-1.052641492948209;10.037691015276293;0.7511293642892536;0.4155393764223766;1.0558277199580473;0.0014376838079376234;0.16008031133713027;0.009978849933566404;-1.049495719820837;0.0013343784780413574;-0.0034528750606845804;0.15764402449288692;1.041864984262816
30.149623;0.03197436157002098;-0.0017299711667062246;-0.022099646242620254;-0.029711756688408503;-1.0525071675953446;10.037495909760871;0.7510636732315339;0.41560806629710945;1.0557298664807238;0.00036863234913278597;0.1607651529747354;0.009483080420399357;-1.0495267444602239;0.0002374056277382546;-0.002811572324051336;0.1582191980045667;1.0420132460643237
30.149994;0.031887854573566;-0.0020775032276882503;-0.03380070066289043;-0.029489955779301642;-1.0521621579345237;10.037295705125254;0.7509967977871046;0.4156772138573541;1.0556301434941613;5.234561877551203e-05;0.1609884516971703;0.009341330762682978;-1.04953576902118;-0.00010754923785496226;-0.00262879570929494;0.15836024966177284;1.0421468474388564
30.149994;0.7335849270257354;0.7536404220015197;1.034692910508955;-0.13000730422557988;-0.18131444027188173;10.03709094326484;0.750928889853653;0.41574660747834286;1.0555285742283869;0.7558007768483458;0.06045926304809584;0.009342578095567782;-1.0495357934721594;0.7556115526665158;-0.10318748564616798;0.7251681690482457;1.0422766579158174
30.149994;0.7337104135281538;0.753648268951668;1.034692065460605;-0.1299631727780351;-0.18123021516960183;10.036882216066306;0.7508601022264048;0.4158160388468075;1.0554252141877893;0.7558378926740281;0.06050364833478044;0.009341823943737176;-1.0495358178020466;0.7556187660791163;-0.10318360704408315;0.725138930498444;1.042410211933023
30.149994;0.7338342014779001;0.7536558022870292;1.0346907707143882;-0.12991865249156878;-0.18114507179012626;10.036670172673537;0.7507905703004069;0.41588529756097875;1.055320166584748;0.7558736705553599;0.060548664981659985;0.009339095483478384;-1.0495358420060825;0.755624161203689;-0.10318013370671782;0.725111517142768;1.042547163343271
30.149994;0.7339781848969439;0.7536927292912253;1.0346987652441402;-0.1298404505777782;-0.18100814258515874;10.03645513985765;0.7507204082023232;0.41595418315718186;1.0552135504999043;0.7559380984923616;0.060629353309293844;0.009334435423939986;-1.0495358660717746;0.7556578169608871;-0.1031450392344406;0.7251149369539002;1.0426871220699596
30.149995;0.7341644963735423;0.7537880949009826;1.0347244116573984;-0.12969551253338626;-0.18076877660147306;10.036236572131578;0.7506497123500677;0.4160225284009881;1.0551054434458254;0.7560601775068972;0.060775733526930865;0.009327890352398935;-1.0495358899834066;0.7557488174684927;-0.10304529408986178;0.7251802306526106;1.0428296959659813
30.149995;0.7344362404231849;0.7539993196970983;1.0347850575724449;-0.1294205472062144;-0.18032977922965235;10.036013020213467;0.7505785493698738;0.4160901978401546;1.0549958550914749;0.7562959154694128;0.06105481403400271;0.009319518204568352;-1.0495359137293645;0.7559532521027311;-0.10281386881710676;0.7253664502839503;1.042974496367923
30.149996;0.7348798281764147;0.7544399033471686;1.0349132960250471;-0.1288833649057776;-0.17948938400669248;10.035782825479737;0.7505069476624914;0.41615705905043204;1.0548847527064056;0.7567603159492994;0.06159760601902978;0.009308411091690649;-1.0495359372985862;0.7563862141836168;-0.10232274264405086;0.7257926271927698;1.0431211253278736
30.149999;0.7356684529252342;0.7553395512923485;1.0351775383986828;-0.1278211067557218;-0.17784749234090305;10.03554486929561;0.7504349065774528;0.4162229612172206;1.0547721236192236;0.7576823728562566;0.06266713083772257;0.009295705035462919;-1.0495359606757546;0.7572767994280886;-0.10130590293141915;0.7266977951219202;1.043269213406107
30.150003;0.7371496173411805;0.7571530209647683;1.0357062158239954;-0.1257019733326717;-0.1746006306003953;10.035298740001044;0.7503624113961064;0.41628773784486145;1.0546580540392676;0.7595180727778346;0.06479340827897365;0.009281567762802038;-1.0495359838401639;0.7590811037872162;-0.0992343314398589;0.7285610389118311;1.043418412371126
30.150012;0.7400291351995665;0.7607943158945654;1.0367442357089525;-0.12144760175063606;-0.16813995862300796;10.035044455569146;0.7502894489178419;0.41635121500127936;1.0545427675685128;0.7631784012767895;0.06905744046268115;0.00926317716044537;-1.0495360067658857;0.7627102204636396;-0.09502699453200016;0.7323484876513102;1.0435683796471413
30.15003;0.7457389791082939;0.7680681275762564;1.0387091144723695;-0.11282429379811248;-0.1552221932174967;10.034782290510313;0.7502160151884745;0.4164132023011518;1.0544265589882988;0.7704713460675999;0.07769220850447109;0.009240702333932201;-1.0495360294228384;0.7699722404650613;-0.08645084300080715;0.7400152642395523;1.0437188056861764
30.150067;0.7572430876055382;0.7825273517200788;1.0421774790685976;-0.0950726979935317;-0.12928651035013625;10.03451278413204;0.7501421071222519;0.4164734805729235;1.054309659758397;0.7849469006024;0.0954556726905555;0.009210297783136609;-1.0495370517725253;0.78441725630238;-0.06874781429623669;0.7555784774462233;1.043870339184016
30.150139;0.7808284265422121;0.8109055904329152;1.0472004723034285;-0.05748621585184649;-0.07697697276569465;10.034236597919563;0.7500677037482563;0.4165318164484537;1.0541921703128774;0.8133430749149195;0.13305676998091873;0.009165110036305366;-1.0495390737661963;0.8127833609927393;-0.0312098335837971;0.7874392766056401;1.044022609242968
30.150212;0.8052294534809674;0.8382901993938313;1.0496083918539625;-0.017087356067726402;-0.0241993195520894;10.033954441422003;0.7499927522377156;0.41658798926966817;1.05407411464498;0.8407428984150349;0.1734814242165836;0.009119280914369685;-1.04954109536139;0.8401536378153014;0.009149184180594506;0.8201328892401654;1.0441744262712103
30.150285;0.8303426805807946;0.8643482501511025;1.0493530643517393;0.02610347830491361;0.028827305857776587;10.033667339984987;0.7499171852659898;0.4166417968137595;1.053955523138932;0.8668164077193473;0.21670656870264965;0.009072938331844737;-1.0495421165401402;0.8661981501531173;0.05230632298546096;0.8535326018536628;1.044324472330465
30.150358;0.856050064471509;0.8887386943424881;1.0464142365480174;0.07201338117056415;0.08187322025319539;10.033376754615038;0.7498409527665186;0.41669304225736215;1.0538364625212633;0.8912216356717367;0.2626591520607061;0.00902719035999953;-1.0495441373059737;0.8905749381727923;0.09818865108051607;0.8874917210403578;1.0444744162708242
30.15039;0.8675998052548597;0.8988758101109197;1.0442426648451264;0.09313807609549206;0.10528021833528084;10.033084255050131;0.749764009831482;0.41674151831476436;1.0537170195157721;0.9013736058874872;0.2838311165128856;0.008996136548825211;-1.0495451576734776;0.9006990172139229;0.11929121625630051;0.9026245478851043;1.0446220371247597
30.15039;0.8676609360543369;0.898867104024347;1.0442369239012783;0.09315313386420074;0.10533094025487516;10.03279119334695;0.7496862695024926;0.41678700220116377;1.0535972777582976;0.9013763331715321;0.28386837989182007;0.008976876050870872;-1.0495451776685238;0.9006743810486745;0.11926005017540822;0.9026053575573262;1.0447670083501932
30.15039;0.8677454037799798;0.8989146280954027;1.0442612070630672;0.09323458040055241;0.10545569941107694;10.032498775854638;0.7496075858668925;0.41682927435922246;1.0534773094367609;0.9014268329437921;0.283897845041599;0.008957500094796426;-1.049545197332869;0.9006980130612512;0.11923018139724496;0.9026313631475698;1.044909969803566
30.15039;0.8678162972983348;0.8989244076189391;1.0442507150940235;0.09328816132184398;0.10554960319960695;10.032208485824263;0.7495277941186994;0.41686814417663764;1.0533571564173214;0.9014481267359272;0.28397641368277;0.008938090042584891;-1.0495452167224426;0.9006928940856769;0.11923865385282059;0.9026486939032816;1.0450507047251258
30.15039;0.8679027510859807;0.8989538481976103;1.0442362936961787;0.09338057728352454;0.10568616751879124;10.03192242322543;0.749446761835866;0.41690345154705044;1.0532368077435603;0.9014862349226748;0.2840949843662833;0.008917722317443842;-1.0495452358974897;0.9007050031814129;0.11928653972538882;0.9026984175395357;1.045189064194574
30.15039;0.8680249263623714;0.8990196187999597;1.0442124986326349;0.09355124846514769;0.10590840126191066;10.0316431233415;0.7493643944977684;0.41693505410925186;1.0531162208298914;0.9015611724549224;0.2842934480591833;0.008898464231952565;-1.049545254909787;0.9007543204327532;0.11941394219743513;0.9028075689444169;1.0453250100284672
30.150391;0.8682248461051006;0.8991591667844308;1.0441715881738782;0.09387677205762857;0.10629963321232876;10.031373134689177;0.7492806192399444;0.416962833472326;1.0529953676486465;0.9017089559955314;0.28464968576288197;0.008879368061270536;-1.0495452737955984;0.9008768311092294;0.11969898259533022;0.9030331594888026;1.045458525117033
30.150392;0.8685878070807354;0.8994454212298778;1.0440946730278466;0.09451726178987202;0.10703429754407998;10.031114793146562;0.7491953950831041;0.41698671278918;1.0528742683126189;0.9020016035090486;0.2853195660749933;0.008860468169478889;-1.0495452925822217;0.9011445238983253;0.12029777594967446;0.9034861815359062;1.0455895913964794
30.150394;0.869282723774493;0.9000228104043688;1.0439447677752443;0.09578513473996471;0.10845164861449991;10.030870058428313;0.7491087344001092;0.41700665810482573;1.0527530005745809;0.9025851204604547;0.2866189540319145;0.008840777403208116;-1.0495453113022548;0.901703385529417;0.12152641702378295;0.9043886117906478;1.0457181613230342
30.150397;0.8706467433964633;0.9011773684022554;1.0436460951760627;0.09831297819194718;0.11123580270961607;10.030640402748976;0.749020694507293;0.41702267367238455;1.0526316777697797;0.9037454920522837;0.28917872028284003;0.008821294529833493;-1.0495453299974755;0.9028393993702264;0.12401598615293444;0.9061864087932057;1.0458442007830298
30.150405;0.8733616302918937;0.9034742888799736;1.0430319322250394;0.10337781633645438;0.11675339721642929;10.030426831088654;0.7489313320474593;0.4170348030696851;1.0525104406269399;0.9060476869006537;0.2942767321172167;0.008800023382892245;-1.0495453487108337;0.9051175515666035;0.1290435604971866;0.9097744905089985;1.045967656465927
30.15042;0.8787914343247067;0.9079992243429232;1.0417238520034433;0.11357529105303427;0.1277278650952683;10.030229824051121;0.748840663657632;0.417043118874204;1.0523894771489735;0.9105776610655592;0.3045078473607477;0.008775981223247508;-1.0495453674788573;0.9096238385648722;0.13920621947703316;0.9169436947522199;1.0460884767109186
30.15045;0.8896896612667733;0.9167534514859289;1.038772821145674;0.13427218806819588;0.14957346444884634;10.030049308682866;0.7487486718094675;0.4170477073927178;1.0522690158631731;0.9193353577616872;0.32523893432645207;0.00874719071961071;-1.0495463863295416;0.9183582680447501;0.1598700484935435;0.9312917670752079;1.0462075933212995
30.15051;0.9116160934556297;0.9329797256349354;1.0315256592695083;0.17684490127577518;0.19292920699978094;10.029884746658853;0.7486553476914253;0.4170486686195139;1.0521493062486351;0.9355637052983938;0.36784689975063056;0.008706674749244064;-1.0495474052873524;0.9345638543836091;0.2024121351196081;0.9600283882139825;1.046323902048785
30.150571;0.9336333774147592;0.9473398759096237;1.0225022927538294;0.22089022561590524;0.23579818865152719;10.029735075873424;0.7485607404290668;0.41704611605479197;1.052030617246495;0.9499276179087436;0.4119386981895817;0.00866645889489227;-1.0495494243809356;0.9489056123727854;0.24643754990866365;0.9887732180158191;1.0464384507525333
30.150631;0.9556514536796706;0.9596705355917011;1.0117531156845327;0.266245284283333;0.27805608426109735;10.0295986284343;0.7484649804641434;0.4170401673941993;1.0519132150813872;0.9622600034736364;0.45734531692090147;0.008627572750820064;-1.0495504436397407;0.9612165535616641;0.2917793338015856;1.0174189498214148;1.0465491794602653
30.150691;0.9775761633182561;0.969826361681298;0.9993431378242114;0.3127184045670566;0.3195773453355377;10.029473428158786;0.7483682718441499;0.41703093941276714;1.0517973103199751;0.9724167752953958;0.5038727433503348;0.008588049530396139;-1.0495514630803087;0.9713526898457745;0.33824250922338017;1.0458543421452497;1.0466569887406676
30.150752;0.9993122310343993;0.9776786397939768;0.9853442625842433;0.36009931991947913;0.36024472256520773;10.029357892467488;0.7482708739553506;0.4170185487899941;1.0516830388831033;0.9802688609470035;0.551307935477029;0.008548920925348374;-1.0495534827021384;0.9791850412688081;0.38561509687643547;1.0739691940928984;1.0467628224745467
30.150812;1.0207649807805066;0.9831277813199882;0.9698437450565937;0.40815480270881616;0.39994272955518057;10.029251280949845;0.7481730862648736;0.4170031154288983;1.0515705114690581;0.9857172095477037;0.5994198190854375;0.008511208821160809;-1.0495545024996906;0.9846146420507794;0.43366612296068036;1.1016523084049055;1.0468646554935106
30.150815;1.0216937066482803;0.983319707529627;0.9690901433014644;0.4103831163988876;0.4017777341283546;10.029153481231127;0.7480752366323234;0.41698475760247294;1.0514598665007073;0.9859057996646761;0.6016893114144584;0.008494924199383332;-1.0495545224803968;0.9847855436607078;0.43587861966830455;1.102960486064402;1.0469626162498975
30.150815;1.0216350787809927;0.983320564455956;0.9690851330296808;0.41038627045813725;0.40181033519769555;10.029064877266059;0.747977662231735;0.4169635801879996;1.0513512580763604;0.9859016373899072;0.6017313486590536;0.008480073847783483;-1.0495545426701138;0.9847648137155589;0.4358666161533153;1.1030095264708433;1.0470575016801769
30.150815;1.0215931992038458;0.9833580148222707;0.9690949272137854;0.4104515990498477;0.4018944687479881;10.028986548374888;0.7478806909639241;0.4169396775964877;1.0512448060570112;0.985925737213355;0.6017558976344696;0.008465669609832038;-1.0495545630930943;0.984773533092164;0.4358521224683076;1.103086216951183;1.0471492310321584
30.150815;1.0215411993437724;0.9833633247361144;0.9690777268483564;0.41048966305049517;0.4019528850470775;10.028919981925632;0.7477846480651221;0.41691314165208754;1.0511405730725483;0.9859230969836166;0.6018339487765036;0.008451729154889714;-1.0495545837492095;0.9847567975865131;0.4358791212532689;1.1031593406332567;1.0472376975348763
30.150815;1.0214991180955726;0.9833713472400428;0.9690489312826323;0.41056320437537586;0.40203945364441324;10.028866416381943;0.7476898616968024;0.4168840561951703;1.0510385713792245;0.9859236868278275;0.6019475039560048;0.008438263695033454;-1.0495546046115056;0.9847447163033061;0.4359445683584347;1.1032536949815186;1.0473227700692918
30.150815;1.0214863164765429;0.9833876732353162;0.9689958081753172;0.4107098594562197;0.4021836059133073;10.028826674619786;0.7475966408691919;0.4168525009893337;1.0509387685513776;0.985928459280281;0.6021345731446082;0.00842527400033777;-1.0495546256378068;0.9847383999677961;0.4360854035541012;1.1033910734595425;1.0474043225649106
30.150815;1.0215336726672348;0.9834172086495419;0.9688940284922787;0.41100193026117254;0.40244428455200026;10.028801412970614;0.7475052712481227;0.4168185805603805;1.050841088827691;0.9859453701522138;0.6024661752712273;0.008412763814005875;-1.0495546467865882;0.9847459505719736;0.4363735707796785;1.103612218566144;1.0474822597047484
30.150816;1.0217058217172945;0.9834706511936065;0.9686928915795393;0.4115871492985341;0.4029411019780578;10.028791330276036;0.7474160368878314;0.4167824495749693;1.050745426320518;0.9859853951201442;0.6030913349322354;0.008399750014737094;-1.0495546680285543;0.9847784563984946;0.436956024103653;1.1039998049692794;1.047556531470293
30.150818;1.0221326104262656;0.9835741215289877;0.9682949538339842;0.41275617105730333;0.40390779233262303;10.028797273280238;0.747329214137895;0.4167443048071402;1.0506516869890457;0.9860735336978367;0.6043020780690389;0.008388258348807076;-1.049554689349855;0.984860986517808;0.4381257122516607;1.104717481520467;1.0476271838424653
30.150821;1.0230717755142604;0.9837711700233116;0.9674989649746849;0.41509781932643364;0.405818263409939;10.028820103080038;0.7472450515399853;0.41670435541853634;1.0505598382081294;0.9862538077685634;0.606685428957657;0.008376312107839463;-1.0495547107501084;0.985037590080451;0.4404685645448374;1.1060979329329275;1.047694289712671
30.150826;1.025037145135487;0.9841423190020915;0.9658999657429733;0.4197871615466899;0.4096119380897826;10.028860481129913;0.7471637664460016;0.41666280365135366;1.0504699165612514;0.9866062625882527;0.6114154081051393;0.008363923615350705;-1.0495547322405867;0.9853883100851087;0.44516049134393787;1.1087978873861448;1.0477579513859254
30.150838;1.0290500089346661;0.9848076487762342;0.9626647570872572;0.4291782710695061;0.41714856180754734;10.028919043053161;0.747085537464143;0.4166198429289387;1.0503819978177587;0.9872519641731685;0.6208470244959525;0.008349090526501011;-1.049555753845611;0.9860342023895609;0.4545553959767286;1.1141260662288843;1.0478192368633532
30.150861;1.0371257676124748;0.985850296041994;0.9560440205697694;0.4479963924235489;0.4320756558848057;10.028996811636226;0.7470105104613536;0.41657566833740634;1.0502961755508815;0.9882719901137533;0.6397062583622961;0.008331793281850288;-1.0495557756022489;0.9870563383603352;0.4733791867525804;1.1246601415311954;1.0478762164425215
30.150908;1.0531692906140546;0.9867946865989976;0.9422192845442333;0.4857121312478016;0.46138001108371834;10.029095505069192;0.7469388369230443;0.4165304942739607;1.0502125563672569;0.9891924164363317;0.677462055674377;0.008304996910298578;-1.0495567975565923;0.9879807865090479;0.5111007768801484;1.145381733247248;1.047930911500526
30.150955;1.0689078931788563;0.986222059620599;0.9276533587830469;0.5234380131935378;0.48994469176833066;10.02921764160821;0.7468707056852256;0.4164845616193558;1.0501312510688836;0.9885953063789636;0.7152323522227142;0.008279662522014394;-1.0495578197589337;0.9873895925924413;0.5488360819681799;1.1656804568930483;1.0479824877750288
30.151002;1.0843055793733691;0.9841372209744168;0.9124018747074555;0.5610538302045939;0.5177325386653707;10.029366182240858;0.7468063392026709;0.4164381315868487;1.0500523790000904;0.9864857130491924;0.7528951051575532;0.008254760183584082;-1.0495588422543314;0.9852877787780455;0.5864660273489197;1.1855170126284806;1.0480310084470539
30.151048;1.0993320396849002;0.9805584341405578;0.8965216112535087;0.5984462850348669;0.5447143118150228;10.02954373539345;0.7467459574328463;0.4163914751477862;1.0499761077566265;0.9828806918405909;0.7903313042102026;0.008229267627298968;-1.0495598650698723;0.9816923548201391;0.6238715572646979;1.204854223753456;1.048076521212802
30.151095;1.1139580291414786;0.9755159868383773;0.8800731710568568;0.6354977872141608;0.5708593845806089;10.02975188745737;0.7466897459125972;0.41634485879212263;1.0499026825372257;0.9778093043810054;0.8274269718670679;0.008205155292480441;-1.0495608882095946;0.9766323241569577;0.6609366403011026;1.2236579816007176;1.0481190581867603
30.151142;1.1281562837649453;0.9690462496368453;0.863114882296094;0.6720981620588782;0.5961453060382605;10.029991096276957;0.746637861487091;0.4162985344626072;1.0498323973988106;0.9713106144904637;0.8640701644154981;0.008181376848837029;-1.0495619116597996;0.9701466885897794;0.6975492681697736;1.2418971970789476;1.0481585570769698
30.151188;1.141903761541892;0.9611989835971356;0.8457079356324431;0.7081401015457182;0.6205515151286225;10.030261050015383;0.7465904579159718;0.4162527372870051;1.0497655532674321;0.9634336878692834;0.9001539645526635;0.00815787616604548;-1.0495629353944658;0.9622844567037139;0.7336044449185061;1.2595458057166282;1.0481949061448588
30.151235;1.1551817656812406;0.9520334894384307;0.8279132081928875;0.7435255708194123;0.6440639653031404;10.030561078549937;0.7465477035288994;0.41620768036348943;1.0497024591448916;0.954237592012708;0.9355784679426632;0.008134595068109764;-1.0495639593764625;0.9531046473236565;0.7690021706492541;1.2765827630918558;1.0482280077262953
30.151282;1.16797422007856;0.941617098587964;0.8097916617098359;0.7781627213887459;0.666672414790041;10.030890381700088;0.746509777908426;0.4161635411796558;1.0496434395204688;0.9437893897762948;0.970253771395407;0.008111469061141794;-1.0495659835602866;0.9426742777667361;0.8036494185767291;1.2929890181514538;1.0482588312989383
30.151329;1.1802678119739614;0.9300221842585376;0.7914021079528314;0.8119663622864357;0.6883701292868386;10.03124804865465;0.7464768495459675;0.4161204523780342;1.0495888009710008;0.9321621333984169;1.0040949690328904;0.008088424146154242;-1.04956700789421;0.9310663430334348;0.8374651157174762;1.308752510651194;1.0482853949716222
30.151375;1.192053850728468;0.9173310317624911;0.7728046709743659;0.8448636793133772;0.7091570280579342;10.031632800761237;0.7464490524479556;0.41607851481029684;1.049538789227117;0.9194388628289022;1.0370281692228107;0.008065384762277469;-1.0495680323143088;0.9183638115807574;0.8703731518865649;1.323863204716478;1.0483087292469029
30.151422;1.2033282393617701;0.9036292804529743;0.7540558798482758;0.8767911788220462;0.7290363304221608;10.03204260250599;0.74642646709047;0.4160378247953112;1.0494935845149806;0.9057016042931499;1.0689895127340814;0.008042286776987645;-1.049569056741753;0.9046486436611747;0.9023094068932257;1.3383150962622616;1.0483288845036844
30.151469;1.2140865253697597;0.889002892116975;0.7352099178543084;0.9076913949343581;0.7480143190052913;10.03247447244083;0.7464090935395573;0.4159984879863807;1.0494533434611926;0.8910413711780029;1.0999231581728577;0.008019087928976487;-1.0495700810962172;0.8900118050836477;0.9332177656140189;1.3521091452896659;1.048345937098968
30.151515;1.224331593421302;0.8735434257744356;0.716318710360383;0.9375211561209033;0.7661021556291986;10.032924536439191;0.7463968347090087;0.41596061206162077;1.049418247748847;0.875547169893723;1.1297852495651557;0.007995768976275953;-1.0495711053104253;0.8745422597505312;0.9630541188373474;1.365245206987992;1.048359955325963
30.151562;1.2340645537077846;0.8573434749285805;0.6974342318712314;0.9662433625359277;0.7833142822833427;10.033388319566798;0.7463895373053989;0.41592429550956944;1.0493885107020322;0.8593110094336918;1.1585399013542244;0.007972322949973007;-1.0495721293365763;0.858331956216123;0.9917813611877085;1.3777290519053718;1.0483709758368884
30.151609;1.2432939469510682;0.840492250063983;0.6785999887047159;0.9938325962669032;0.7996670366014879;10.033861306731946;0.746387076008479;0.4158896237944499;1.0493643515323898;0.8424249106643946;1.1861602050758175;0.007948742046304896;-1.049573153149654;0.841472828887765;1.0193753905568717;1.3895704472016723;1.0483790099939425
30.151656;1.252027411102328;0.8230850640570019;0.6598641223452165;1.020270568691029;0.815179995263535;10.034339344463614;0.7463893987250156;0.4158566689821439;1.049345963298675;0.8249789083445731;1.2126292403635228;0.007926017811444976;-1.0495741767409286;0.8240548075012375;1.045816108432133;1.4007792153836265;1.0483840601387875
30.151681;1.2564741679621798;0.8135644725579797;0.6498737535908718;1.0339755837444211;0.8231648631496468;10.03481850652204;0.7463965010718915;0.41582549411752256;1.0493334764846287;0.8154210424203674;1.2263650729733682;0.00791015313953914;-1.0495742001080692;0.8145258190103584;1.0595224269661663;1.4065382555883301;1.048385173395064
30.151681;1.2563996072405779;0.8135950578238209;0.6498804521140024;1.0339897197416459;0.823175560415959;10.035294904692307;0.7464083883601507;0.415796163977658;1.0493269346858032;0.8154113435950758;1.2263887387757644;0.007903161236960062;-1.0495742232598977;0.8145457884499562;1.059520282537175;1.4065295683495618;1.0483834185618714
30.151681;1.2563337589846697;0.813597844641117;0.6498608172071082;1.0340192506047636;0.8231943321035055;10.03576497427158;0.7464250683142424;0.4157687514006395;1.049326306883546;0.8153758279407542;1.2264552379257865;0.007896045606870539;-1.0495742462243547;0.8145406474782118;1.059553635197372;1.4065382797238883;1.0483788516464099
30.151681;1.2562692378359412;0.8135998811368134;0.6498401212176611;1.0340493075612391;0.8232142457594491;10.036225741048844;0.7464465505552569;0.41574333026856514;1.0493315438338204;0.8153415025098018;1.226522555565773;0.00788878995728572;-1.0495742690333552;0.8145373420743741;1.0595874522262243;1.4065426356928556;1.0483716357169408
30.151681;1.2562169393477933;0.8135845355215949;0.6497993144108929;1.0341057770227393;0.82324880523583;10.036674479604331;0.7464728357490313;0.41571996586191007;1.0493426504112693;0.815286364134979;1.2266186847558813;0.007881373005750711;-1.0495742916987085;0.8145138256980414;1.0596486966295373;1.4065569621616776;1.0483619212302722
30.151681;1.2561854635945908;0.8135287724515811;0.6497154471337712;1.0342189020501642;0.8233164692529729;10.037108110537687;0.746503897010113;0.4156987151323984;1.0493597100126908;0.8151923894175639;1.2267716253451755;0.007873785517480322;-1.049574314217595;0.814452042742264;1.059765326032982;1.406590596861425;1.0483498073080606
30.151681;1.2561923048820596;0.8133946349732594;0.6495491101953045;1.0344423699966232;0.823448562782724;10.037522927135731;0.7465396576747897;0.415679626292876;1.0493828411485506;0.8150185323436931;1.227036370001388;0.00786502252315654;-1.0495743365923669;0.8143109304307653;1.0599922922625056;1.406669845266729;1.0483353388718017
30.151682;1.2562741370192791;0.8131000527555048;0.6492158756111208;1.0348882936284018;0.8237104361394578;10.037914710877798;0.7465800005439736;0.4156627267971504;1.0494121481901866;0.814686736367943;1.2275248986579916;0.007857063697734637;-1.0495743588301145;0.8140124383036154;1.0604415404160978;1.4068390125804866;1.0483185709279743
30.151684;1.256505174844243;0.8124906582365037;0.6485544553247806;1.03577835605119;0.8242300635778671;10.038278992608921;0.7466248170886313;0.41564801038698374;1.0494477147513503;0.8140369488049796;1.2284581847263765;0.007848872802166826;-1.0495743809409603;0.8133965322720227;1.0613340193562184;1.4071934618238902;1.048299555957571
30.151687;1.2570295991623923;0.8112432900168651;0.6472335113038458;1.0375543646896894;0.8252643807045604;10.038611370437634;0.746674038623367;0.4156354418103336;1.049489613980179;0.8127511257965785;1.2302792024355378;0.0078384095622015;-1.0495744029478913;0.8121451857589598;1.0631126981519976;1.407916614011065;1.0482783832047236
30.151694;1.2581348285822092;0.808719650254028;0.6445992525497098;1.0410892252382955;0.8273175336341682;10.038907680411297;0.7467276239758;0.41562497550417105;1.0495378987231458;0.8101872362277542;1.2338599246612125;0.007827636691686447;-1.0495744248794072;0.8096163767159811;1.066649569283762;1.409372884330469;1.0482552106158427
30.151707;1.2603747007577628;0.8036219564377782;0.6393459215063588;1.0480886193319081;0.8313733745754974;10.039163775869499;0.7467855295553499;0.4156165685806291;1.0495925746906403;0.8050502687391509;1.2409083140038668;0.007813525515681529;-1.0495754467421383;0.8045150863204108;1.073651642587912;1.4122696261092789;1.048231168200636
30.151734;1.2647978423529143;0.7933154016186305;0.628891507491419;1.061810280142391;0.8392933852736408;10.039375425969924;0.7468476773778276;0.4156101849884183;1.0496535673032916;0.7947042338278637;1.2546793176314393;0.007795060113749155;-1.0495754685064638;0.7942053007195482;1.0873759400386722;1.4179401137999121;1.0482043954678533
30.151786;1.2732516023306781;0.7723756320856243;0.6081875388114164;1.0881417965129563;0.8543885516889131;10.03953879950428;0.746913947479494;0.41560579134639736;1.049720694665025;0.7737251650185855;1.2810608710723588;0.007766237900859608;-1.0495764901209284;0.773263015811818;1.1137094929630815;1.4287405169300076;1.0481769943264105
30.151839;1.2811309905418409;0.7511290277840978;0.5877827976484724;1.1130010195888094;0.8685256632102499;10.03965087840069;0.7469842008898885;0.41560334637055546;1.049793676574653;0.7524391188764983;1.3059749077847842;0.007737071369018778;-1.0495775115401291;0.7520142339520299;1.1385733450044966;1.4388168814927138;1.0481482062536351
30.151892;1.2884585836182365;0.7296823487299658;0.5677173475008572;1.136415296603866;0.8817472810649147;10.03970929995475;0.7470582862770759;0.41560279593518834;1.049872166707459;0.7309521646482994;1.3294463651776132;0.007707587304049738;-1.0495795327399788;0.7305649578035237;1.161993556626387;1.448197177322195;1.0481192240692123
30.151945;1.2952614898479087;0.7081343735796791;0.5480244871194146;1.1584205620757984;0.8940951643128053;10.039712147004478;0.7471360269113267;0.41560407691359463;1.049955775627358;0.7093653697249476;1.351507178976718;0.00767882086180172;-1.0495805537088454;0.7090161916446938;1.1840032071806705;1.4569143782626328;1.048088265842796
30.151998;1.3015631781244255;0.6865773856297309;0.5287358208824845;1.1790546324040923;0.9056109505181072;10.039657953393005;0.7472172181627519;0.41560712660570287;1.0500441049404936;0.6877697897290233;1.3721992637679725;0.007648815529532989;-1.049581574433081;0.6874589378114061;1.2046433957401819;1.464998517945603;1.048056549719549
30.152051;1.3073909275903117;0.6650962298039503;0.5098774514557605;1.1983666449671464;0.9163386230391878;10.03954560398745;0.7473016297180369;0.4156118922434094;1.0501367760980251;0.666249462902353;1.3915684920324098;0.007618626856026005;-1.049582594894199;0.665977179382464;1.223959239073992;1.4724827118032289;1.0480243502809337
30.152104;1.312769672926569;0.6437658032717591;0.4914708174727199;1.2164042431960445;0.9263192011743857;10.039374233376236;0.747389020403701;0.41561832917662206;1.0502334066354797;0.6448804122919816;1.4096636932795792;0.007589315816641022;-1.0495836150681068;0.6446468729191112;1.2420018703909927;1.4794001310487268;1.0479919690943442
30.152157;1.3177266896972681;0.6226530805211727;0.47353249806160774;1.2332214427355472;0.9355938524748091;10.039143496570087;0.7474791677803866;0.4156263924730277;1.050333585558934;0.6237296523223277;1.4265406738612507;0.007558939155765723;-1.049584634926446;0.6235349619271772;1.2588264417081079;1.4857829371167626;1.0479596929226764
30.15221;1.322287006868508;0.6018158172486173;0.45607503256475435;1.2488755202477502;0.9442050109685309;10.038853934959242;0.7475718783349551;0.41563604081315697;1.0504369037888452;0.6028561851155056;1.4422532372150663;0.007529544086763838;-1.0495856544505606;0.6027003875316336;1.2744871168867762;1.4916632526719553;1.0479278180698348
30.152262;1.3264763951375504;0.5813092055513707;0.4391108093540513;1.2634248739268086;0.9521929050040981;10.038506941881998;0.7476669807223265;0.4156472519384563;1.0505429819612557;0.5823099932511938;1.4568611925139112;0.007499159961988102;-1.0495866736414448;0.5821930887396085;1.2890430454947794;1.4970721903269302;1.047896560275676
30.152315;1.3303185050182382;0.5611748421226209;0.4226446568897367;1.2769230005374659;0.9595933373567179;10.038104631428492;0.7477643246951508;0.41566002991789014;1.0506514515438645;0.5621380500330461;1.470419360871302;0.007469796994748191;-1.0495876925113143;0.5620600032101627;1.302552336913999;1.502040858402162;1.0478661023102742
30.152368;1.3338375202211676;0.5414486901849165;0.4066789043028741;1.2894329091388297;0.9664469084856068;10.037649867747735;0.7478637691375237;0.41567438935332734;1.0507619431136734;0.5423763403591556;1.4829885865434016;0.007439458870955686;-1.04958971107269;0.5423370702660576;1.3150720573127674;1.5065993218049967;1.047837561703412
30.152421;1.3370558204015928;0.5221651164677987;0.3912170550182521;1.301009587126507;0.9727877039187656;10.037145960477714;0.7479651406660519;0.41569032731863254;1.0508741174701584;0.5230558712672494;1.4946247345894503;0.0074101526275387915;-1.049590729335684;0.5230552327556856;1.326662245047796;1.510774592738233;1.0478091079171838
30.152474;1.3399958810964963;0.5033492768457485;0.37625737137241727;1.3117100232131593;0.9786497217170144;10.036596137352719;0.7480682028701587;0.4157078111777575;1.0509876927642432;0.5042036697800057;1.5053856656313165;0.007380890690266218;-1.049591747304262;0.504241435050205;1.3373769290043211;1.514594665825176;1.0477819544362064
30.152527;1.342677223330277;0.4850194121369657;0.36179542402206355;1.3215876912455267;0.9840652046849575;10.036003351173928;0.7481726799748869;0.4157267815402048;1.0511024336041062;0.4858377745048102;1.5153232159144578;0.007350688420139489;-1.0495927649681487;0.48591361685214723;1.3472711381389746;1.518085530457958;1.0477563665039535
30.15258;1.345121285380531;0.46719277697089906;0.34782705135437875;1.330698348843601;0.9890655738217873;10.03537012931985;0.7482783003424578;0.4157471501563504;1.0512181304423684;0.46797522436566386;1.5244941994460994;0.007321556629222747;-1.0495937823031565;0.4680887109818855;1.3563999010546801;1.5212701629687033;1.0477326541098786
30.152633;1.3473455262888328;0.44988023163834406;0.3343458209664353;1.339092889670384;0.9936805422960622;10.034698218130105;0.7483848260428841;0.4157687954550311;1.0513345749728757;0.4506270490122867;1.5329464158386623;0.00729249805151738;-1.0495947992889596;0.45077765152083643;1.3648142428351857;1.5241735401132872;1.0477111236910481
30.152686;1.3493667871292425;0.43308809122557745;0.32134333062777676;1.3468177356440902;0.9979361186904161;10.033988607071802;0.7484920770068189;0.41579156777591697;1.051451524974043;0.4338002665587501;1.5407306605353503;0.007263510876594856;-1.0495958159314012;0.4339873825368507;1.3725611775277151;1.5268156235482786;1.04769208963282
30.152738;1.3512030347054327;0.4168213059540025;0.3088110730792938;1.353922500702563;1.0018591392523009;10.033242089805015;0.7485999417029205;0.41581530266493244;1.0515686942358276;0.4174988869362066;1.5478917409529043;0.007234589803751792;-1.0495968322670406;0.4177218550180269;1.3796886959224677;1.5292183075490515;1.0476758391870007
30.152791;1.352867437835707;0.40107872375297493;0.29673822244705056;1.3604499058688555;1.0054742831838803;10.032459526094588;0.7487083685702872;0.4158398249961465;1.0516857684352077;0.40172291246940983;1.5544754806183623;0.007205722990666563;-1.0495978483493111;0.4019810143322084;1.386241758024104;1.5313994235075505;1.0476626160244265
30.152844;1.3543763681004257;0.3858619070459226;0.285116209349876;1.3664426701523327;1.0088033266506964;10.031641506706226;0.7488173549198046;0.41586494121001266;1.051802411179621;0.38647233868794717;1.5605227107312567;0.007176890608682873;-1.0495988642399254;0.38676479221963717;1.3922612932736955;1.5333767949343955;1.0476526013711602
30.152878;1.3552839719500323;0.3763598336363057;0.27786347504283615;1.3700273208920046;1.010797875530003;10.030788227065328;0.7489269429938418;0.415890440478787;1.0519182527539155;0.37693716468387944;1.564158270087938;0.007154070771127232;-1.0495998800137438;0.37726311422094283;1.3958722094726115;1.5345452591135451;1.0476459466382608
30.152878;1.3553156951767946;0.3763745619773861;0.2778267642367148;1.3699740101949096;1.0107598762922616;10.029899963671909;0.749037210315404;0.41591610484254515;1.0520328826103529;0.37692040247994346;1.5641730083028005;0.007143253591957097;-1.0495998957522692;0.37727891704043653;1.3958644098855801;1.5345266516629785;1.0476417422367945
30.152878;1.3553579068831254;0.37637827049911093;0.2777802933050184;1.369952932595022;1.0107391599898792;10.0289776650568;0.7491482473496927;0.4159417162912308;1.0521458903725374;0.3768940675795762;1.5642007839000516;0.007132447200374843;-1.0495999115164876;0.3772841607083212;1.3958738088516136;1.5345157848661153;1.0476409049918682
30.152878;1.355403592012234;0.3763830764190596;0.2777345295738625;1.369931857523175;1.0107169185273754;10.028023180086766;0.749260139127736;0.4159670600423617;1.0522569642976571;0.37686715889983996;1.5642254696393811;0.007121665265522784;-1.0495999273344374;0.37728783080750194;1.395883342167052;1.5345044304161928;1.0476433993393377
30.152878;1.3554525763448733;0.3763680046494265;0.27767407114083364;1.3699158544426966;1.0106967314905617;10.027039000184729;0.7493729582508732;0.41599192332886675;1.0523659581152556;0.3768226553361468;1.5642529597066706;0.00711091160651529;-1.0495999432220509;0.3772729335906214;1.3958999757881878;1.534495332633529;1.0476491646533876
30.152879;1.3555063216644656;0.3763168886108338;0.27758672340155816;1.369913667976421;1.010683608435944;10.026027807263677;0.749486754259722;0.41601610204114486;1.052472841600833;0.3767405353887163;1.564292167244977;0.0071001728029080665;-1.0495999592010876;0.37721948214607565;1.3959297077074182;1.534489265264394;1.047658142692626
30.152879;1.3555676969509016;0.3761898409594419;0.2774424780255303;1.3699392798244348;1.010685337838274;10.024992256538008;0.7496015222467168;0.41603942542154376;1.0525776006315994;0.376584797654511;1.564356024154716;0.007089416218015542;-1.0495999752855976;0.37709147900847106;1.3959885588183631;1.5344910984739988;1.0476703021389029
30.15288;1.355642466044199;0.37591390493926174;0.27718630949726347;1.3700194222914523;1.0107169586060443;10.023934920406084;0.7497171740513918;0.41606176894025876;1.052680200282756;0.3762814646184602;1.5644704964781526;0.007077595700884082;-1.0495999914590532;0.37681490522918665;1.3961025573567223;1.5345098197519913;1.0476856438948108
30.152882;1.3557435392534345;0.375339621178562;0.27670522368197714;1.3702082882939939;1.0108084520037681;10.022858220889681;0.7498335592912442;0.4160830302551795;1.0527805865583622;0.37568057490167983;1.5646926046894145;0.007066667908323485;-1.04960000767013;0.37623971685729646;1.3963257177263668;1.534563493034321;1.0477042225364335
30.152887;1.3558969247901866;0.37417369935102035;0.27577734645984286;1.3706168472780003;1.011021932935209;10.021764507566592;0.7499505223850517;0.4161031057159878;1.0528786688566905;0.3744871772170388;1.565130418515916;0.007053609074599483;-1.0496000238415808;0.37507085228765713;1.3967690242461412;1.5346872245980243;1.0477260632379037
30.152895;1.356150465341522;0.3718294308301783;0.27395986158173335;1.3714547292443242;1.0114759957390467;10.020656127296332;0.7500679411777291;0.41612190468682697;1.0529743209710878;0.37211832812731893;1.565994025217601;0.007039421364197258;-1.0496000398802565;0.372725247429666;1.3976414383658853;1.5349491540099929;1.0477512107314082
30.152913;1.3565998424245216;0.36716150200619524;0.2703887317968819;1.3731254511185693;1.0123963569579444;10.019535251292009;0.7501857280747483;0.41613937306277776;1.0530674214830005;0.36742608825435147;1.5676885074048597;0.007022135394698298;-1.0496010556835167;0.36805484167167857;1.3993479176381962;1.535479420148547;1.0477806835703045
30.152947;1.3574105902683848;0.3579675659759961;0.2634094400451106;1.3763566508444902;1.0141947130512985;10.018403852983033;0.7503038120873498;0.4161554905605398;1.0531578864044353;0.35820851625625577;1.5709429386018117;0.006999803407257132;-1.0496010711318753;0.35885757650829414;1.4026174161495883;1.5365081416580566;1.0478124984309047
30.153016;1.3588337082341035;0.34019478364675393;0.24999878421872235;1.382325186297016;1.0175468283581734;10.017264068773876;0.7504221108283324;0.41617024992223245;1.0532456810643143;0.3404126659792439;1.5769313814731738;0.0069654709443381455;-1.0496030860773977;0.3410804027467096;1.4086238654229148;1.5383894402501355;1.047849638892189
30.153085;1.360067715403031;0.32325986203868934;0.23726651924165262;1.3876465446014705;1.020554873994166;10.016118437070027;0.750540492726174;0.41618363857174623;1.0533308446584697;0.32345658837461405;1.5822708977013178;0.006930152125249219;-1.04960410035137;0.32414129110920475;1.4139831654950772;1.5400314353645141;1.0478892362471037
30.153154;1.3611341405887827;0.30714319375071875;0.2251876344185437;1.3923844008921618;1.023251407999073;10.014969779204602;0.7506587532800815;0.41619563368334034;1.0534135220488947;0.30731933233082287;1.5870235660154162;0.006895833510268169;-1.0496051137849831;0.3080192310306799;1.41875919944729;1.5414611977872987;1.047932387602839
30.153223;1.3620494156251504;0.29181961746323376;0.21373518305080483;1.396596390312396;1.0256679537592408;10.01382108582138;0.7507766142163126;0.4162062124357331;1.0534939541938297;0.29197594444484226;1.5912494830499277;0.006861492270478267;-1.0496071262223723;0.292689219783031;1.423010853271602;1.542701736203775;1.047980191602788
30.153292;1.3628330338561725;0.2772624008680333;0.20288164811345555;1.4003377149148974;1.0278316022814018;10.012675456328525;0.7508937430785312;0.4162153655390274;1.0535724039149108;0.2773994683200201;1.5950037585989552;0.006827108171382297;-1.049608137523692;0.27812425168294314;1.4267910320183657;1.5437740203639043;1.0480307549640497
30.153361;1.3634981504268733;0.26344357738168817;0.1926005396167621;1.4036578808588427;1.0297697752112593;10.01153575345347;0.7510097961231528;0.41622310311572003;1.0536490500513216;0.26356293725584456;1.598333522090082;0.00679266524963447;-1.0496091475669436;0.2642973119254337;1.4301516767018765;1.5446979788703439;1.0480851623417426
30.15343;1.36405883013962;0.25033199200779727;0.1828636411557892;1.4065984740919903;1.0315031335955744;10.010404343153276;0.7511244491116028;0.4162294578492391;1.0537239196648192;0.25043636421223237;1.6012849197211154;0.0067581469964541115;-1.0496111562541315;0.2511783816289573;1.4331337713518426;1.545490495929281;1.0481444833322033
30.153499;1.364527632664468;0.2379032457295444;0.17364857689761654;1.4092027348348035;1.0330544471158167;10.009283570808241;0.7512373928392082;0.4162344893629912;1.0537969092855848;0.23799173972695728;1.6038980994543617;0.006724533151699618;-1.0496121635139097;0.23873944714475995;1.4357803290128637;1.5461664549118679;1.048206812229168
30.153567;1.3649149950035795;0.2261228362817306;0.16492640567783254;1.4115065539059697;1.0344425255655092;10.008176309298236;0.751348322287775;0.4162382802629138;1.0538678601782636;0.22619803959942109;1.6062082106800009;0.00668980301785789;-1.049614169287778;0.22694949440200893;1.4381253750104077;1.5467407725782825;1.0482742548674533
30.153636;1.3652307716471788;0.21496556240650494;0.1566755927343368;1.413539127809941;1.0356816221281278;10.007085988941306;0.7514569411392567;0.4162409201270073;1.0539366125136131;0.21502723786298134;1.6082494201920468;0.006654940728238143;-1.0496151735058612;0.21578049723837905;1.440201948674842;1.5472243712043556;1.0483449556363997
30.153705;1.3654835798856062;0.20440093290533842;0.14887130035538057;1.4153346304761274;1.0367905486326916;10.00601675216064;0.7515629888047858;0.41624249234877714;1.0540030316067932;0.20445131452907003;1.6100489186764937;0.006620936281145012;-1.0496161760727754;0.20520442260989527;1.4420391033966464;1.5476281237985485;1.0484200476825312
30.153774;1.3656805219457981;0.19440218301505757;0.14149194375194293;1.4169141326538233;1.0377796549066205;10.004973665133386;0.7516662811084396;0.41624307208399197;1.054067018944475;0.19444124753287825;1.611634915707834;0.006585782327403502;-1.0496181768716073;0.1951922412907198;1.4436638900050756;1.5479618184386892;1.0485006021105798
30.153843;1.3658291998921361;0.18494168474182937;0.1345155441590009;1.418304264778725;1.038663000521199;10.003962405352388;0.7517667168951897;0.41624273323576866;1.054128491912392;0.18496999673954584;1.6130306408601371;0.0065514748928679105;-1.0496191757703628;0.1857169232829888;1.4450983526995527;1.5482341784017521;1.0485846604648192
30.153912;1.365935659168306;0.17599144975634276;0.12792027248420457;1.4195256414309816;1.0394514275869415;10.002988686004525;0.7518642277734946;0.41624156165886944;1.0541873608885184;0.17601049911853336;1.6142573379696974;0.00651601666166132;-1.0496201726217778;0.17675143228981974;1.4463645465517836;1.5484519554817466;1.0486731852823776
30.153981;1.366005245231137;0.16752775864489838;0.1216876871414938;1.4205953033359147;1.0401536889787648;10.002057818010863;0.7519587236677524;0.4162396605842846;1.0542435505832066;0.16753767522675947;1.615332242156656;0.00648141461228745;-1.049621167273292;0.16827073499568743;1.4474815511609627;1.548622015390369;1.0487661472632277
30.15405;1.3660416914691322;0.159525072185152;0.11579829840488302;1.4215306733879431;1.0407800336409987;10.001174564595752;0.7520500749004888;0.41623714413954854;1.0542970422560685;0.15952743570460387;1.6162745670368643;0.006446680637714389;-1.0496231595856005;0.16025081091139606;1.4484644695589655;1.54875133332163;1.0488645252120665
30.154119;1.3660510617664046;0.15195895892006764;0.11023335005620864;1.4223492065252517;1.0413389477721888;10.000343202115046;0.752138116017766;0.4162341326131162;1.0543478716538484;0.15195468978284127;1.617098508724292;0.006411836087775603;-1.0496241494360168;0.15266665227862886;1.4493304152963105;1.5488439626184753;1.0489663424940068
30.154188;1.3660357155708844;0.144806740536365;0.10497579095154143;1.4230600649052714;1.0418356966263433;9.999567333447098;0.7522226615096748;0.41623075795281234;1.0543960757400237;0.1447973509552663;1.6178182489319073;0.0063759084515707925;-1.049625136715775;0.1454962597836838;1.450091497297942;1.5489050235022401;1.0490726123124487
30.154257;1.3660003092300175;0.13804778711086013;0.10000994099827776;1.4236787844736545;1.0422784972905483;9.998849472478588;0.7523035299022911;0.4162271739475146;1.0544416580587888;0.13803233015108732;1.6184439624678675;0.0063409245023295525;-1.0496271213431863;0.13871663698507555;1.4507598202373402;1.5489386532286085;1.0491843286500158
30.154326;1.365947752886001;0.131660967072563;0.09531992766936692;1.4242135388010775;1.0426715348249498;9.998190911735106;0.7523805748909975;0.41622355768609337;1.0544845998076533;0.13164053179125587;1.6189878303564926;0.006305908371743017;-1.0496281032776087;0.132308786487236;1.4513464992157452;1.5489489341408027;1.0492994134364262
30.154395;1.3658792183846806;0.125625504064088;0.09089028446387885;1.4246739551779568;1.0430214406635072;9.997591868822475;0.752453709826907;0.4162200940048743;1.0545248686209887;0.12560086341877397;1.6194590438899488;0.0062718870985629446;-1.0496290825158345;0.12625171310892194;1.451860667042512;1.5489388701018112;1.0494187415845668
30.154463;1.3657991159324516;0.11992331632512439;0.08670732611838003;1.4250713353628741;1.0433336480711386;9.997051759116829;0.7525228955990568;0.4162169459791737;1.0545624214492226;0.11989524518571497;1.6198668002481489;0.006236903680457026;-1.0496310590779334;0.12052743001046458;1.4523104702862655;1.5489104052763365;1.049543101228894
30.154532;1.365710022298301;0.11453480268948506;0.08275641890804125;1.4254103169686563;1.043610119544984;9.996569630282961;0.7525881275653618;0.41621423473952596;1.0545972281545581;0.11450461648460687;1.6202182953632502;0.00620202925248042;-1.0496320329956639;0.11511695696242902;1.4527050632662128;1.548868450206505;1.0496702461091194
30.154601;1.3656126126799668;0.10944410566101204;0.07902581930627461;1.4256982356216839;1.043856211088589;9.996144550168262;0.7526494629812814;0.41621204627126845;1.0546292904214;0.10941194233706038;1.6205207148848577;0.006167362745855096;-1.0496330043162967;0.1100033099526796;1.4530495927949485;1.5488119207191293;1.0498009202251604
30.15467;1.3655106072937016;0.10463627500059779;0.0755043036873117;1.4259436664546465;1.0440757929585391;9.995775821918498;0.752707037939876;0.41621044653632694;1.054658627626306;0.10460220901384537;1.6207792241350159;0.006134016941923727;-1.0496339731109818;0.10517149597192352;1.4533501766671328;1.5487447920918456;1.0499349230269166
30.154739;1.3654037738445342;0.10009369942816405;0.07217896584572311;1.426147594749235;1.044270161631841;9.995463010173133;0.7527610425549233;0.4162094891770888;1.0546852417100459;0.1000574096931775;1.6209999574130385;0.0061001034783271695;-1.0496359394618306;0.10060351754523963;1.4536138988116412;1.5486681184054876;1.0500730678288173
30.154808;1.36529393923656;0.09580144994963104;0.06903875951424636;1.4263176473751775;1.0444438827779696;9.995205590791686;0.7528116952264894;0.41620922475362376;1.0547090907417076;0.09576553317059698;1.6211870149717273;0.006067728511844331;-1.0496369034440165;0.09628737362456204;1.453843819726305;1.5485829981746069;1.0502132004847795
30.154946;1.365110427628592;0.08789055439787159;0.0632489446188161;1.4266193088321852;1.0447730184894441;9.995002375364509;0.7528592288109017;0.4162097048878472;1.054730088392991;0.08785456329994148;1.621509467089089;0.006014002632629104;-1.0496388651287052;0.08835105485206105;1.454207984340777;1.5484465466215178;1.0503570404419174
30.15507;1.3649399290214053;0.08150174558551547;0.058575670400775964;1.426809325081758;1.0450128649846684;9.994851280316007;0.752903865557414;0.41621096566822857;1.0547481233943128;0.0814684893961773;1.621719354129255;0.005966056654842597;-1.0496418245876415;0.08193854434770924;1.4544604270854906;1.5483059137066157;1.0505047005725148
30.155194;1.3647723262084568;0.07573956701584685;0.054362740595320744;1.4269387067251862;1.0452088618783322;9.994749638126255;0.7529457950745734;0.4162130098030587;1.0547630974889834;0.07570531847231941;1.6218696899861231;0.005918040779618888;-1.0496437818805635;0.07614782582270317;1.4546521776659758;1.5481582913716678;1.0506541314888902
30.155318;1.3646075723933404;0.07053709023372974;0.0505611642338175;1.427020231181698;1.0453706170932933;9.994694678907745;0.7529851823702208;0.41621580646854434;1.0547749703100864;0.07050607847918823;1.621973475566369;0.0058731022178963865;-1.0496457370445602;0.07091989461462356;1.4547972670636722;1.5480068782331105;1.0508063570199446
30.155442;1.3644489961884785;0.06584389942104689;0.04713394793049994;1.4270651251738098;1.045503946759955;9.994683972453721;0.7530221823407328;0.41621929671331714;1.0547837589191025;0.06581581006203928;1.6220407172799671;0.0058283649238079615;-1.049647690102101;0.06619976529068182;1.4549067356255592;1.5478548688987546;1.0509613098556143
30.155566;1.3642971125721668;0.06160812115358585;0.044043157194725326;1.4270808266220223;1.0456139917258447;9.994715831847463;0.7530569275975664;0.4162234059653471;1.054789484109546;0.06158255550977728;1.6220804504833026;0.0057859234844825904;-1.0496496410727432;0.06193547204629265;1.4549876382039935;1.547703465352186;1.051118851348339
30.15569;1.3641536124577325;0.05778407890050225;0.041255368789054975;1.4270759353014202;1.0457058020097614;9.994789201605922;0.7530895025480583;0.4162280692037127;1.0547921446672677;0.05776336063949408;1.6220987463226877;0.005743844449504828;-1.0496525899727192;0.05808406796941473;1.4550480361258171;1.5475548540322153;1.0512797337883586
30.155814;1.364017298711534;0.054331094083818976;0.03874090779465972;1.4270529425335452;1.0457821601573116;9.99490297998213;0.7531199395823567;0.41623324492784297;1.0547917482307843;0.05431528910417698;1.6221016812758096;0.005704177291015641;-1.0496545368158;0.05460262234826177;1.4550919799232265;1.5474101760902566;1.051441699003534
30.155939;1.3638890878931924;0.051213344895201914;0.03647356959876003;1.4270173198178016;1.0458464131026486;9.995055774293922;0.7531482317425875;0.4162388995592806;1.0547883338890056;0.051204426316226966;1.6220923072549067;0.005665974922241502;-1.0496564816286693;0.051457207435284265;1.4551235055251182;1.5472705266805342;1.0516054624200792
30.156063;1.3637690742415023;0.04839642349803105;0.034428186107205126;1.4269729982397217;1.0459014120039067;9.99524611429764;0.7531743390098447;0.416244983848839;1.0547819570347032;0.04839586510534217;1.6220746511262183;0.005630305187435807;-1.0496584244625962;0.048612882005060656;1.4551476476112664;1.5471349766928286;1.051770764114297
30.156187;1.3636583859892257;0.04585128617598113;0.03258348344615862;1.4269240376936705;1.0459493106875655;9.995472204105674;0.7531982126788224;0.4162514376506476;1.0547726589327275;0.04586069010333928;1.6220517140818278;0.005595246344801999;-1.0496603653883194;0.046040683729208755;1.455165441803873;1.547003581968189;1.0519373387052722
30.156311;1.363554289678956;0.04355163905100995;0.030920294946750033;1.4268694458739268;1.0459915287521364;9.995731545873657;0.7532198338879326;0.41625821497514487;1.0547604601275178;0.043570970742907306;1.622024459453758;0.00556288073862716;-1.0496623044862485;0.04371262824548677;1.4551799128630487;1.546878361140668;1.0521049411338452
30.156435;1.3634590821937773;0.041471842912024354;0.029419809279919752;1.4268138597452977;1.0460297476246958;9.996021003594178;0.753239222743007;0.4162652860067862;1.0547453980511818;0.04150275916240532;1.621995810224896;0.005532291765874791;-1.0496642418337014;0.04160471217674066;1.4551920727770011;1.546758296932212;1.0522733122998096
30.156559;1.363372057208921;0.039589611592946675;0.028065742156343713;1.4267575661374257;1.0460647733701804;9.996336963810132;0.7532564344178275;0.41627261223270257;1.0547275552934534;0.039635091485055396;1.6219656629738646;0.005503554920964847;-1.0496661774875282;0.03969592206738658;1.4552039220015696;1.5466433915233913;1.0524422331109295
30.156683;1.3632915388202314;0.03788649643201759;0.02684461662250634;1.4267000144025017;1.0460975000711448;9.996675498270337;0.7532715656407448;0.4162801351708565;1.0547070392250633;0.037947994059434255;1.6219359048784794;0.005477719943060745;-1.0496691114772256;0.03796624871660837;1.4552154413065903;1.5465327012566452;1.0526125206462762
30.156807;1.363219673937591;0.036343311618884565;0.02574229357957944;1.4266450368049055;1.0461289790966362;9.997032395832601;0.7532847419369018;0.4162877963543749;1.0546839568641646;0.03642348854473808;1.6219064184407062;0.005452797553221555;-1.0496710438089007;0.03639770040078119;1.4552275893755298;1.5464262858159363;1.0527819786366732
30.156931;1.3631533970614762;0.034947049191236916;0.024749228862933768;1.4265910737011223;1.0461601772815792;9.997402837241873;0.7532960750748936;0.41629555921681854;1.0546584343128547;0.035045589658334014;1.6218770812716183;0.005430761412880661;-1.0496729744675881;0.03497430429183923;1.455241312441083;1.5463251408276921;1.0529514438041112
30.157055;1.3630935373966153;0.03367919329501231;0.023851712807990904;1.4265397740662975;1.04619131297875;9.997781426096966;0.7533056258770834;0.41630341306327817;1.0546306581886906;0.03380030350717022;1.6218497812697528;0.0054105582747655655;-1.0496749034223394;0.03368209812012329;1.45525655245826;1.5462272077012131;1.0531207665635556
30.157303;1.3629991573886235;0.03148027125603589;0.02227219391189501;1.426475726489312;1.0462422372296856;9.998162943045136;0.7533134003366256;0.4163113693047253;1.0546008596174474;0.03162363198376547;1.6218084362390799;0.005358120967127012;-1.0496788306390719;0.03145712655009764;1.455257250268985;1.546096425567095;1.0532916349631056
30.157527;1.3629261300256486;0.02983303135872463;0.02109849610229185;1.4264190896200124;1.0462843256345709;9.998542910036035;0.7533193671801233;0.41631945463324077;1.054569248269003;0.030001576717490496;1.621772989099685;0.005314381229906611;-1.049681756094413;0.02978544792706847;1.4552663521280638;1.5459847590727906;1.0534611953831652
30.15775;1.3628627950032772;0.028451086952757883;0.020120400118596626;1.426368221073706;1.04632500991593;9.99891754506384;0.7533234781522069;0.4163277064740514;1.054535991946421;0.02864313817041719;1.6217413835348151;0.00527326953445544;-1.0496856797827323;0.028376144163457344;1.455278813083101;1.5458811992463712;1.053631331258259
30.157973;1.362808466009019;0.0272822805787832;0.019299483035814278;1.4263244323522821;1.0463654576971881;9.999283567743394;0.7533256874835754;0.4163361733346069;1.0545012502725855;0.027504313101565304;1.6217135512910459;0.005233703596760965;-1.0496886017164202;0.027185322371855145;1.4552955859860197;1.5457857566703124;1.0537999825654625
30.158197;1.3627606536878634;0.026296613467079167;0.018613591517280946;1.4262838614894175;1.0464044491750426;9.999638008373424;0.7533259591484431;0.41634490837989246;1.0544652067155216;0.026546097398682612;1.621690427847396;0.005196585415722507;-1.0496925219276338;0.02617410525959794;1.455317607896686;1.5456964538160618;1.0539691327911482
30.15842;1.3627185206281498;0.025460293322033742;0.018037746564754223;1.4262499926098995;1.0464448993590185;9.999978098870605;0.7533242547213023;0.4163539549983907;1.0544280771267334;0.025738490519603707;1.6216699766987899;0.005161812334471689;-1.049695440474637;0.02531261842133304;1.4553427962639656;1.5456133090555613;1.0541367957182648
30.158643;1.362680313742444;0.024747246192686725;0.017552665559612764;1.4262210987979915;1.0464866101530559;10.000301455585653;0.7533205130883716;0.4163633351992954;1.0543900920768734;0.025054489923028004;1.621652192012339;0.005128293891649135;-1.0496993574470619;0.024573983035834787;1.4553710486527927;1.5455343431414477;1.0543050174916178
30.158867;1.3626461133259284;0.02413562131741062;0.017142172470208623;1.4261971326543879;1.046529218324454;10.000606175709644;0.7533146404146823;0.416373051513261;1.0543514769492954;0.02447508005039587;1.621638081551824;0.005096966667397111;-1.0497022729619663;0.023939316902446963;1.4554032470567804;1.5454596015651691;1.0544718668858823
30.15909;1.3626141003937966;0.02360887399842355;0.01679403080403606;1.4261785953471013;1.0465742620727243;10.000890360859538;0.7533065174423782;0.4163831000677366;1.0543124477384913;0.023981226057892126;1.6216266494036036;0.005066797608155877;-1.0497051871477192;0.0233897350700145;1.455438278561453;1.5453881005665602;1.0546383541764996
30.159313;1.3625834394595855;0.023152234990292037;0.016497289556392774;1.4261627829226895;1.0466202185778017;10.001151679734537;0.7532960121918739;0.4163934761109949;1.0542732016106469;0.023557872847514122;1.6216168834146998;0.005038769029940085;-1.0497091001296075;0.02291033862962627;1.4554750585290648;1.5453197253068272;1.0548054173065609
30.159536;1.362554238567891;0.02275608239875013;0.01624475180372416;1.4261517194551703;1.046668364398094;10.001387634480956;0.7532829831124717;0.41640416978983846;1.0542339051384169;0.023193948740323794;1.6216087435345012;0.0050118563676765406;-1.0497120120332983;0.02249020196271528;1.4555145300057841;1.5452542173854362;1.0549709257632216
30.159983;1.3625133059508352;0.022100446051830088;0.015801371987385564;1.4261394395035092;1.0467244057945788;10.00159595522547;0.7532672688754329;0.41641516408599305;1.0541946922861636;0.022574370161903137;1.6216011575232496;0.004932022224668122;-1.0497179229945122;0.021814374903652824;1.45555164424239;1.5451782667274645;1.0551384609856431
30.160044;1.362493691952536;0.022012424952519007;0.015774253369193195;1.4261376182756;1.0467713666389558;10.001774727608282;0.7532486892283046;0.4164264319895588;1.0541556690576441;0.022520047462492462;1.621598025804918;0.0049492251490393215;-1.0497188331567928;0.02170389080836587;1.4555963448551335;1.5451216311169689;1.0553006689845879
30.160044;1.3624749743873836;0.022000298469768514;0.01580229116234714;1.4261387077772878;1.0468193613814687;10.001922531203553;0.7532270709969395;0.416437935041771;1.054116911656747;0.02254289394222857;1.6215962227035856;0.004982423827483067;-1.0497187426629582;0.021670767407256424;1.4556425666989437;1.5450672253975757;1.0554609818039293
30.160044;1.3624548451338632;0.021986719834197036;0.015828614419264544;1.4261421778451961;1.0468696660640677;10.002038570293447;0.7532022634130888;0.4164496294565279;1.0540784263364216;0.022564831920432238;1.6215945958463693;0.0050165797025968776;-1.0497186516500743;0.02163700358190452;1.455689243069367;1.5450121280962972;1.0556201581040014
30.160045;1.3624332696275887;0.02197443800095943;0.01585520281783218;1.4261478703892039;1.0469220737708465;10.002122692593673;0.7531741262981322;0.41646146233889825;1.0540401152197432;0.022587799989520298;1.621592976134558;0.005051667352914102;-1.049718560247449;0.02160457590493279;1.4557363119698021;1.5449565167446666;1.0557780058995956
30.160045;1.3624102530961206;0.02196210466825421;0.015881053746376137;1.42615580276002;1.0469765142178789;10.002175115400803;0.7531425232372035;0.4164733507881594;1.0540018154200395;0.022610765214556003;1.6215911932312206;0.0050876845401857575;-1.0497184685732996;0.02157243921413175;1.4557837157960147;1.544900618963615;1.0559343071738034
30.160045;1.3623848791366506;0.02194838336661765;0.015905205538309354;1.4261649383609134;1.0470329168715857;10.002195830595964;0.7531073303091386;0.41648517602565144;1.0539633640698407;0.02263272589851696;1.6215890810673057;0.005124651262014861;-1.0497183767306435;0.02153953326812933;1.4558313872024788;1.5448447006573505;1.0560888474292598
30.160046;1.3623593536592906;0.021935605347020777;0.015929371138155127;1.4261773113029388;1.0470910990268907;10.002184380967003;0.7530684358946687;0.4164968059250838;1.0539246367527169;0.022654698956641645;1.6215864756553064;0.005161601828995318;-1.0497182848151145;0.021506789554711574;1.4558792356885522;1.5447890537639644;1.0562414467141332
30.160048;1.3623328501420855;0.02192137615128317;0.015951841167221155;1.4261918855120426;1.0471509625788105;10.002140309067032;0.7530257309101568;0.4165081153903232;1.0538855614536107;0.022675699697294445;1.621583219520129;0.005200577085591685;-1.0497181929389052;0.0214731367848796;1.4559271520546488;1.5447339737408203;1.0563919801720107
30.160052;1.3623056548144017;0.021904019475006063;0.015971424761537883;1.4262087933639405;1.0472124076531981;10.002063657072776;0.7529791224318315;0.41651899413269045;1.0538460960679574;0.022694724597261923;1.6215791669032518;0.005239615138090342;-1.0497181012439607;0.021437505886265706;1.4559750187331582;1.544679723639904;1.056540318196652
30.16006;1.362277056331881;0.02188183876196522;0.015986916760602675;1.426225733020584;1.047274323202718;10.00195503902353;0.7529285694179269;0.416529352652097;1.0538061879373413;0.022708749918924628;1.6215721755751733;0.005279740574811431;-1.0497170098844355;0.021396832242250384;1.4560217203326384;1.5446255213967959;1.056685343523798
30.160075;1.362247346730003;0.021852793973469304;0.015996835604276744;1.4262415094717906;1.0473356281594883;10.001815250740394;0.7528740975989155;0.41653911936184695;1.0537657645766483;0.02271474382251138;1.621561094540322;0.005319957146380898;-1.0497149190072321;0.0213480571479754;1.4560641565284607;1.5445715877130228;1.0568269290270347
30.160106;1.3622137304999014;0.02181066807934682;0.015996668225996782;1.4262478612572715;1.047392378791177;10.001644848472127;0.7528157819249301;0.41654823418007053;1.053724730027451;0.022708675391674343;1.621533767092372;0.005363251246367615;-1.0497068287603448;0.021287131615579335;1.4560942506767711;1.5445151775710353;1.0569600045346654
30.160167;1.3621681378799373;0.02175499032803817;0.015986202529796264;1.4262062107475026;1.0474223447556952;10.001444197465727;0.7527537170956545;0.41655665739525843;1.053682933297218;0.022688519396104403;1.6214460431601057;0.005423602012875908;-1.049670739305602;0.02121201934426714;1.4560729507184194;1.5444425183506858;1.057062608933124
30.16029;1.3620754420304004;0.021721065363350094;0.015991855419371558;1.425969751817241;1.0473445735231042;10.00121376340052;0.7526879925450505;0.416564381181193;1.0536401665483592;0.022691261825324452;1.6211207856542635;0.005566984321465425;-1.0495266508069678;0.021159693199637484;1.455849215997877;1.5443067161132742;1.0570550592655006
30.160413;1.3619441379862252;0.0217778757825824;0.016064314667887745;1.425563874605942;1.0471709426323823;10.000954302001082;0.7526186743983938;0.4165714279927553;1.0535962148960736;0.022783897777278957;1.6205878791755186;0.005796365018344597;-1.0492865634087356;0.02119712587425558;1.455448996891007;1.544117731583775;1.0569493099781562
30.160536;1.3617740480320886;0.02192614568381199;0.016204239201086674;1.424991158057617;1.0469032607750421;10.000667006329136;0.7525457937364749;0.416577846780269;1.053550896424996;0.022968425449332374;1.6198502415770224;0.006112695713562108;-1.0489524772258931;0.02132628086279626;1.4548752265200375;1.5438754342512215;1.056747259944997
30.160658;1.3615670745344834;0.022171259587156072;0.016415683955230766;1.4242535283306823;1.0465412819147097;10.000353493202185;0.7524693580315565;0.4165837073544249;1.0535040600708299;0.02324784340069017;1.6189098150118009;0.006512904180406129;-1.0485253923465307;0.021550111515013865;1.4541288222105269;1.5435816617949711;1.0564497720353585
30.160781;1.3613230405899777;0.022512567749358475;0.016698291499888263;1.4233523203015932;1.0460859679864778;10.000015521400456;0.7523893790921705;0.4165890908224615;1.0534555659989437;0.02362614097374427;1.6177705404686857;0.006996893983312069;-1.0480053088392478;0.02187257258751014;1.453212688638608;1.5432372429558565;1.056056758691611
30.160904;1.3610418666237298;0.02295299900053855;0.01705434491784964;1.4222916258226448;1.0455402590809295;9.999654808592393;0.7523058823637361;0.41659408205963677;1.0534052885515186;0.024102289338179962;1.6164343463533868;0.007563553438409709;-1.0473942267633058;0.02229262950298163;1.452129724114399;1.542841011695385;1.0555701741323595
30.161027;1.3607253726280562;0.0234944455710713;0.017485354780729295;1.4210721243863538;1.0449031234328103;9.999272960492975;0.7522188974469964;0.41659875405061286;1.0533531519534474;0.024680246078956445;1.6149041539060416;0.008211765480576134;-1.0466931461771138;0.022814252095511058;1.4508818265363879;1.5423958265136186;1.0549910001325835
30.16115;1.360372489068667;0.02413954491502436;0.017993412260936592;1.4196970413707206;1.0441776089145869;9.99887111953511;0.7521284581809253;0.41660315015605864;1.0532991603796564;0.025359962236285914;1.6131828853174086;0.008939411675201209;-1.0459040671401676;0.02343741328494717;1.449470894802759;1.5419015694946585;1.0543212188489317
30.161227;1.3601215187565137;0.024589260888135667;0.018356807697104755;1.4187709934241586;1.0437020186694577;9.998449759213036;0.7520346226029657;0.4166072886282074;1.0532433795297327;0.02584638585890774;1.611999470340086;0.009454374667398836;-1.0453649897091482;0.023867105606116563;1.448520827721939;1.5415531161349867;1.0538962525864635
30.161227;1.3600860531161132;0.024574321070899206;0.01837579592431675;1.418808809409857;1.0437679932641928;9.998009014790883;0.7519374975212386;0.41661118482898724;1.0531858973952384;0.025867465700081322;1.611971854134594;0.009505551595982886;-1.0453649139240695;0.02383135288048567;1.4485595243822187;1.5415173006585288;1.0540024409796103
30.161227;1.360049190458216;0.024559115506829068;0.01839480352105333;1.4188471167062051;1.0438337747341813;9.997548920630432;0.751837255784263;0.41661486710387496;1.0531268270997494;0.02588815246974775;1.6119420100503619;0.009556870203948506;-1.0453648397912527;0.02379520138678416;1.4485968876422617;1.5414819224495007;1.0541045731099339
30.161227;1.3600109048999456;0.02454361405348268;0.01841378448907823;1.4188857138371849;1.0438993461676633;9.997069497894998;0.7517341384594693;0.4166183742604214;1.0530663257921156;0.025908398082511122;1.6119099460642343;0.00960828591606306;-1.045364767294951;0.023758702782771052;1.4486328253175687;1.5414468094183051;1.0542025817519791
30.161227;1.359970139773228;0.024528073236501496;0.018432911425847968;1.418921918605793;1.0439636797443694;9.996571132189867;0.7516284345438358;0.4166217460958026;1.0530045736571767;0.025929157719398632;1.6118736989793971;0.009660763740702526;-1.0453636964352717;0.02372290997604246;1.4486652457297837;1.5414108811902636;1.0542954757961451
30.161227;1.3599289733346622;0.02451322334720705;0.01845264670153024;1.4189591155727774;1.0440278066126205;9.996054746022576;0.7515204549486796;0.4166250276698683;1.0529417374209022;0.025949392780959965;1.6118353320131318;0.009712266724209271;-1.045362627245238;0.023686892035567352;1.4486970564484567;1.541376139262152;1.0543842959273746
30.161227;1.3598853399311785;0.02449840849680336;0.01847246240473735;1.4189949439192013;1.0440917306319109;9.99552151484838;0.7514105035406279;0.41662828190790635;1.0528779430207822;0.025969069721622853;1.611792939921073;0.009765762129769592;-1.0453605597746898;0.023650744226659286;1.448724171951697;1.5413405946880863;1.0544681655736203
30.161228;1.359840297099228;0.024484827993540043;0.018493141885520866;1.4190261773855053;1.0441524320311613;9.994972551354198;0.7512988294135436;0.4166315845237977;1.0528132684027052;0.025990157662003122;1.6117456511991568;0.009820236898299256;-1.0453574940739079;0.023616571097754106;1.4487475242985715;1.5413042222499709;1.0545471840565033
30.161229;1.3597919598613069;0.024475357073898373;0.018516746457483843;1.419051849629233;1.0442108267469308;9.994408528533794;0.7511855927609719;0.41663500179459767;1.052747790869386;0.026014630241026442;1.6116886235716197;0.009877700841870373;-1.045350430198641;0.023586466885214354;1.4487620627751472;1.541265974595554;1.0546184621033385
30.16123;1.3597403117201565;0.024469581417495907;0.018542907889567042;1.4190634243557574;1.0442608273299376;9.993829401627874;0.7510708807829162;0.416638577537201;1.0526816492418647;0.026043470673026686;1.6116140382832054;0.009941171664905737;-1.045336368222226;0.023561522089971032;1.44876173452065;1.541223818773102;1.0546791141001493
30.161234;1.3596814378272026;0.024476131746403774;0.01857797631269417;1.4190493125175059;1.0442970848163386;9.993234705728916;0.7509547406988362;0.4166423342995445;1.052615052171915;0.026084675483039634;1.6115081018933068;0.010017656533541293;-1.045307308229315;0.02354983594139891;1.448733463724497;1.5411727648413973;1.0547213076615645
30.161242;1.3596112274365466;0.024510056434218802;0.018633031746153432;1.418983690378894;1.044303926655564;9.992624192684195;0.7508371897133155;0.4166462762208766;1.0525482650596512;0.026150255047929033;1.6113400566383291;0.010118139852705012;-1.0452502502982626;0.02356351190038794;1.4486501496838258;1.5411058698197735;1.0547322438892976
30.161249;1.35954263902657;0.02453390775870828;0.018680310667842006;1.4189308001273826;1.0443188464072648;9.99199824766922;0.7507182188778436;0.41665039658938496;1.0524816152596839;0.026207233239319564;1.6111891890948111;0.010211581114256005;-1.0452021944998344;0.0235696478324783;1.4485816773925768;1.5410442324854194;1.0547487092644419
30.161249;1.3594939365935321;0.024516554845989632;0.018696619513717587;1.4189643238221012;1.044382245226661;9.991357997512486;0.7505978254872409;0.4166546847433016;1.0524154890576676;0.026221646871541243;1.6111418247440163;0.01026292239936967;-1.0452021409070518;0.023534331934350658;1.448598927064836;1.5410109918179173;1.0548094031382729
30.161249;1.3594453453789337;0.024500576531741546;0.018713487119206552;1.4189953230281986;1.0444441516959089;9.990705409089232;0.7504760581637108;0.4166591152853546;1.052350300142504;0.02623654231927301;1.6110923046755592;0.01031409896679415;-1.0452010895925163;0.02350064415196546;1.4486117837958625;1.540978313997951;1.0548656838768773
30.161249;1.3593961767516454;0.024483714599792213;0.0187291928136948;1.4190240408910881;1.0445055357161952;9.990043373137855;0.750353021580774;0.41666363880810126;1.0522864527948215;0.02624996886505395;1.6110439494391569;0.010366047707637393;-1.0452000406201118;0.023466661816930953;1.4486221495690914;1.5409453784412253;1.054918537127561
30.161249;1.3593488648563175;0.02446838195008931;0.018745403905917748;1.4190524554051083;1.044566262998437;9.989375336238309;0.750228837864102;0.4166682004677982;1.0522243505588633;0.026264970211447993;1.6109930245151536;0.010418707598068008;-1.045198994042357;0.02343545779162265;1.4486289530648377;1.5409133676666198;1.0549679424593221
30.16125;1.3593007841764573;0.02445486647733516;0.018762293859092796;1.4190732218145865;1.0446232529275017;9.988704531749844;0.7501036094774245;0.41667277052936424;1.052164432464514;0.026280573534425523;1.610938731731502;0.010472013093303714;-1.0451949498935384;0.023406085725338616;1.4486301589435144;1.5408814386496663;1.0550109174608158
30.161251;1.359254322285929;0.024445903148480944;0.018781779115392843;1.4190882890178314;1.0446764025106259;9.988033480936275;0.7499774208194118;0.4166773582031251;1.0521071588890427;0.026298780594150386;1.6108782339319674;0.010527893589236396;-1.0451879081855922;0.023380572313063244;1.4486207729120855;1.5408486861329103;1.0550475368676484
30.161253;1.359205646249601;0.024442694652726287;0.018804735549732353;1.4190876910380332;1.0447215904687057;9.987364067436658;0.7498503718600592;0.41668200043508075;1.0520529732692883;0.026323575839479554;1.610802685928553;0.010589284645639217;-1.045172868917308;0.02336292926019066;1.448596824962517;1.540813131426767;1.05507288947742
30.161257;1.3591539670284154;0.024452358072013482;0.018836350553747393;1.4190603965786373;1.0447515385573256;9.986697745852846;0.7497225852673836;0.4166867385551893;1.0520023023397875;0.02636094616222715;1.6106972387644187;0.01066313556132831;-1.0451438320784383;0.023359170638729866;1.4485433390434272;1.5407697430632268;1.0550810740368013
30.161264;1.3590931815719478;0.024487999862320975;0.018886301068479598;1.4189798665955358;1.044751631438741;9.986035565860666;0.749594182774105;0.41669160378903314;1.0519555618277279;0.026422882580810398;1.6105300217008796;0.010761403693854145;-1.0450867976425513;0.02338132154279287;1.4484333226708948;1.5407114563460433;1.0550581899080944
30.16128;1.3590119573731687;0.02457854274562458;0.018975983655247185;1.418794266549248;1.0446926499870817;9.985378361909053;0.7494652838606893;0.4166966218495333;1.051913138304434;0.02653636367174175;1.6102381354974549;0.010911053021499665;-1.044969765568095;0.023456417653098346;1.448213778540678;1.5406191653974102;1.0549724266014242
30.161311;1.3588840122088937;0.024775847332274222;0.019143887748995902;1.4183884030321487;1.0445102134575444;9.984727187742221;0.7493360180010139;0.4167018232908649;1.0518753633195528;0.026758345425486076;1.6096876619731837;0.011163067015924547;-1.0447307358166171;0.023641497465726694;1.4477687231854377;1.540458722468935;1.0547621817589397
30.161374;1.3586576020541077;0.02520744893050927;0.01948458406082986;1.4175267922303092;1.0440709105708679;9.984083496337718;0.7492065232100629;0.4167072353247445;1.0518425024721185;0.027210760729419338;1.6085916681727552;0.011636459229878823;-1.0442387083758298;0.024058590051453995;1.4468532104362586;1.540150965362047;1.054297559623143
30.161498;1.3582108391814516;0.0261650389349222;0.0202146462776656;1.415669050582704;1.0430705212547096;9.983448921870645;0.7490769533872913;0.41671286126999485;1.0518147836732359;0.028188522295962228;1.606301201327822;0.012594267235836839;-1.0431866832663628;0.0250027034311574;1.444912339318877;1.5395237328949638;1.0532744687102384
30.161623;1.3577345228863285;0.027230097221938802;0.021023702130128764;1.4136568890565924;1.041981649858752;9.982825175120436;0.7489475101320876;0.41671868177185334;1.051792446463848;0.029272529093247644;1.6038282836417255;0.013630536141101629;-1.0420476605287396;0.02605482038739919;1.442812233705715;1.5388468530884836;1.0521623588240547
30.161748;1.357229079326608;0.028405207667006573;0.021913762112470047;1.4114923114713511;1.0408054490999783;9.982214455956136;0.748818463428805;0.41672467496691507;1.0517757707886755;0.03046467162973323;1.6011759079036094;0.014742305081494992;-1.0408236402094075;0.027216911679179955;1.4405550224320156;1.5381231230948758;1.050963324723321
30.16183;1.3568759031632704;0.029220638461063007;0.022535898475145085;1.409988011160172;1.0400017482696309;9.981619752798373;0.748690132609004;0.4167308242585422;1.0517650756236878;0.03129383246330107;1.5993210357071888;0.01551360144612414;-1.0399696223567219;0.028017957842204275;1.4389758345570753;1.5376113137362608;1.0501269186433644
30.161913;1.356510947518846;0.030056244440652063;0.023172303413656562;1.4084151211691505;1.039159689213943;9.981044380472682;0.7485628550701322;0.4167371130430093;1.0517606780699689;0.03214288960543891;1.5973896063319777;0.016290441533115953;-1.0390806070171605;0.028840955056605295;1.437327802950146;1.5370782230992381;1.0492521044249385
30.161995;1.3561365269894305;0.030910187512319325;0.023821584793872832;1.4067787991233258;1.038281306376418;9.9804914405277;0.7484369614853137;0.41674351154068645;1.0517628045605363;0.033007731753812386;1.5953815550503558;0.017068830287324196;-1.0381545942255863;0.029681905794618175;1.4356120792285463;1.5365227165145237;1.0483367575844478
30.162077;1.3557519645687481;0.031780455260466405;0.024482270971595225;1.4050756507107491;1.0373646364350317;9.979963784058128;0.7483127436606349;0.41674995820557753;1.0517715224965036;0.033885273613101355;1.5932998248297694;0.017846754219362736;-1.037193583998541;0.03053781195773869;1.4338288448740975;1.535944695193427;1.0473827960537392
30.16216;1.3553575213008064;0.03266584490635369;0.025153472614320334;1.4033085973636514;1.0364116710600355;9.979464025283693;0.7481904361729173;0.4167563567205025;1.0517867512766677;0.03477545257036537;1.5911433617243083;0.01862418055860364;-1.0361965763334784;0.03140867676381121;1.4319802985623882;1.535345059976419;1.0463891948142177
30.162242;1.3549535029621442;0.03356329661482375;0.025832921582993672;1.4014766309891276;1.0354214648676867;9.978994450378286;0.7480702396431557;0.41676259263975624;1.0518083011046775;0.03567621389834479;1.5889131097902407;0.019402069928181262;-1.0351645712137372;0.03229250906720172;1.4300656342185922;1.5347237258706745;1.0453569487919168
30.162406;1.35409314599658;0.03539649025499164;0.02721105729251717;1.397622887326424;1.0332902554917502;9.978557062714149;0.7479523553892535;0.41676855757954306;1.0518359130555428;0.03750850518136512;1.5842600192009388;0.020913382825822845;-1.0329975686197117;0.03411031931031004;1.4260730301466547;1.5334406445460904;1.043199274854553
30.162554;1.353275655686684;0.037079126352636944;0.028477539251881463;1.3939447195333317;1.0312572463257832;9.97815366796514;0.7478369957927962;0.41677417467949834;1.0518693073559988;0.039188287675335234;1.5798240553945841;0.02227807001209291;-1.0309305685320422;0.035778112271747965;1.4222636492162086;1.5322127953923992;1.0411365406951716
30.162702;1.3524170244127351;0.03879039582709162;0.029766246795204974;1.3900747037090337;1.0291149847818435;9.977785858188538;0.7477243691055236;0.41677940667114055;1.0519081989271515;0.04089454900555095;1.5751591951232249;0.023642064173461017;-1.0287555709242442;0.03747488754084968;1.4182556476017782;1.5309171516755025;1.0389631135348159
30.16285;1.3515173640972793;0.040526955724034815;0.03107480838474266;1.386012597292033;1.026862657151369;9.977454915681585;0.7476146485793035;0.4167842365386581;1.0519522912767256;0.0426212972770318;1.5702704107688084;0.025005288115697955;-1.0264735757634054;0.03919464141364145;1.4140531855956409;1.5295546491758554;1.0366798823016994
30.162999;1.3505786927586039;0.04228294480226766;0.032398944388592005;1.3817656962973677;1.0245035213405762;9.977161852694941;0.7475079394384504;0.4167886468779503;1.0520012791834012;0.04436554677606454;1.5651636605995891;0.02636767169572055;-1.0240875830184148;0.04093436513249745;1.4096604237184671;1.5281282039034603;1.0342897665234774
30.163147;1.3495989394796717;0.04405651253868021;0.033737450890837115;1.3773356752737556;1.022039731803335;9.976907815709962;0.7474042679899395;0.41679261492016095;1.0520548340496048;0.04612631174686323;1.559841890436321;0.02772816412840856;-1.0215975926617222;0.04269303868283678;1.4050825114824763;1.5266367737768722;1.0317927105350166
30.163295;1.3485809515868044;0.04584604407211229;0.03508922027550991;1.3727279300780582;1.0194724566271494;9.976694441562428;0.7473036161545982;0.4167961117247874;1.0521125944666792;0.0478986025780316;1.5543120291531767;0.02908874057884486;-1.0190076046660816;0.04446561939446424;1.4003225857081594;1.5250813775329495;1.0291928104904564
30.163443;1.3475235663638678;0.04764592244252886;0.03645031267553222;1.3679452586542924;1.016803985302596;9.976523531608073;0.7472059779409027;0.4167991038813652;1.052174183258479;0.04968042633216693;1.5485769837138927;0.030448398800678567;-1.016319619004907;0.04625004099179667;1.39538476780534;1.5234650509838232;1.0264921524137671
30.163591;1.3464276917737596;0.04945658738969093;0.03782125647383769;1.362992357685595;1.0140364638030208;9.976396172205614;0.7471113774764379;0.4168015599762799;1.0522391887460623;0.051470801375801595;1.5426416483385956;0.03180714695198263;-1.0135326356591372;0.048045233224198805;1.3902731614418409;1.5217868108457495;1.0236898524338431
30.163739;1.3452951794430683;0.051276732737386636;0.03920126544400639;1.3578735446383656;1.0111710791078294;9.976312035372024;0.7470198374229827;0.41680344772597594;1.052307130109104;0.05326677083581006;1.5365119168543926;0.03316499775452538;-1.0106516546213624;0.0498481469134437;1.3849928633177857;1.5200486473576806;1.0207910162933453
30.163887;1.3441239571701082;0.0531020593831493;0.04058742613560343;1.3525905622580616;1.0082100595751717;9.976269604066786;0.74693135033374;0.41680472335835483;1.0523775058756475;0.05506739778713055;1.5301916897067318;0.03452096965341301;-1.0076766758895772;0.05165777021074571;1.3795469727800111;1.5182515260011957;1.0177957174106393
30.164035;1.3429179122608237;0.0549310077898187;0.04197866562211914;1.3471511309737556;1.005155550376548;9.9762671780194;0.7468458710514569;0.41680534177299927;1.0524499043915008;0.0568707567371493;1.5236858706280887;0.03587708570813421;-1.004610699459758;0.053472132601555054;1.373940589002831;1.5163963963322165;1.0147071035725297
30.164183;1.3416748620686691;0.056765654717461575;0.04337677037543631;1.3415568258601374;1.0020095937512223;9.9763035102744;0.7467633142011231;0.41680528195666044;1.0525240624944106;0.058674941293967706;1.516999349527463;0.037232369370662384;-1.0014547253202255;0.05528929520217324;1.3681768049690755;1.5144841991959632;1.0115262144891812
30.164331;1.340395445550261;0.05860099593815903;0.044778143102987;1.335809719496352;0.998772419009309;9.976377686232869;0.7466835713311221;0.4168045466904549;1.0525998290388991;0.06048007613347552;1.510136991886687;0.03858683890481131;-0.9982107534447255;0.05710933269037155;1.362259702929125;1.5125148607323065;1.0082551309877292
30.164479;1.3390813038363936;0.06043556648305703;0.04618177337270646;1.3299181651462044;0.9954481576568288;9.976488874937157;0.7466065342333805;0.41680314081726944;1.0526771022507488;0.06228430349742835;1.5031026519536217;0.03993950187274271;-0.9948797837923057;0.0589303203050482;1.3561943499657667;1.5104912928321874;1.0048949323828085
30.164627;1.3377320658325644;0.06227139084256285;0.04758933291626988;1.3238830566831579;0.9920368318841352;9.976636153486297;0.7465320900364938;0.4168010603542741;1.052755809149171;0.06408774975211017;1.4959011907670934;0.04129235269570031;-0.9914658163076634;0.060752331213238496;1.3499847953632482;1.5084134210168456;1.0014498671333223
30.164775;1.3363482703207992;0.06410594756788322;0.04899908243776453;1.31771039855543;0.9885415649492862;9.976818293819926;0.7464601040422809;0.41679828882815;1.0528359132837684;0.06588850978677464;1.4885374748301592;0.04264437613170129;-0.9879678509130784;0.06257343296818774;1.343634070151073;1.5062821933475423;0.997919160316118
30.164923;1.3349294285758802;0.06593929878852485;0.05041125198393281;1.3114024404435558;0.9849634304467733;9.977033793855385;0.7463904188875827;0.4167947926906894;1.0529174229772995;0.067686656849112;1.481016367882094;0.043995552026903216;-0.9843898875057706;0.06439367812440731;1.3371461935073332;1.5040985389321455;0.9943071524413863
30.165071;1.333477084692569;0.06776854166380761;0.051823771692779;1.3049634496316116;0.981303553491452;9.97728134719305;0.7463228634316444;0.41679052608275746;1.053000404691511;0.06948125608349967;1.4733417371890152;0.045345857805156695;-0.9807319259611146;0.06621210256734424;1.3305261889913342;1.5018633496329403;0.9906142450213329
30.165219;1.3319898046709036;0.06959377378110214;0.05323693685035151;1.2983972971921423;0.9775650214524623;9.977560239919722;0.7462572500425013;0.4167854369661257;1.0530849859737053;0.07127137095154297;1.4655194594526333;0.046694271704325226;-0.9769969661359699;0.06802773610855252;1.3237770943966016;1.499578512743401;0.9868438019060022
30.165368;1.3304692432813852;0.07141572623944002;0.05465141604801803;1.2917080651245896;0.9737488652189088;9.977870087193217;0.7461933738155028;0.4167794634413916;1.0531713075680673;0.07305706317838674;1.4575524145139354;0.04804277408932688;-0.9731870078814963;0.06984060740569556;1.3169029540411665;1.4972439379329576;0.9829982829450962
30.165516;1.3289150295764862;0.07323216914281136;0.056065732262342675;1.2848992625340931;0.9698572381123216;9.978210205015518;0.7461310368125247;0.4167725353682432;1.0532594569851088;0.0748383923140036;1.4494454848492873;0.04939034632655827;-0.9693020510589659;0.0716507388604559;1.309907807353924;1.4948605739594307;0.9790779580716809
30.165664;1.327326892881105;0.07504412815894262;0.05748084470590614;1.2779729760759893;0.9658912147304572;9.978579357274414;0.7460700824380243;0.4167645846005154;1.0533494587764793;0.07661341468576721;1.4412035553115505;0.05073697109749132;-0.9653450955456114;0.07345614998093034;1.302795685704671;1.4924304244977367;0.9750860752205974
30.165812;1.325707600847352;0.07685048000282223;0.05889594684488901;1.2709355850953825;0.9618529460362372;9.978975971938839;0.7460104279301828;0.41675554347671695;1.0534413009026762;0.07838217577290596;1.432830504438719;0.05208263143320098;-0.9613171412318543;0.0752568658236257;1.2955696131195116;1.4899525277361927;0.9710238329916385
30.16596;1.3240559836527568;0.07864959908469836;0.06030999445222902;1.263789599084766;0.9577445526581276;9.979398426974228;0.7459520904347666;0.4167453285793655;1.0535349329035582;0.0801447081675137;1.4243322090935524;0.05342630853514507;-0.9572191880117028;0.07705291489502608;1.288233608926606;1.4874299099921133;0.9668923570112241
30.166108;1.322372852143233;0.0804419851001004;0.06172344477490967;1.2565394870996236;0.953568194761925;9.979845125029751;0.7458951794735791;0.41673383438785444;1.053630257041327;0.08190104167407597;1.4157105569151014;0.054769985892313314;-0.9530552357727724;0.07884432058050873;1.28079269243676;1.484863590725275;0.9626959517641394
30.166182;1.3215670877864822;0.0813422583762557;0.06242257692381703;1.2528612475116543;0.9514553335970303;9.980314129586091;0.7458398437326893;0.41672095444567303;1.053727150827109;0.08276520874751615;1.4113374474531502;0.055451655445679995;-0.9509452843957551;0.07974508925132141;1.2770208773728509;1.483532630069977;0.96051477177463
30.166182;1.3216646715341576;0.08135062691910279;0.06240347172122596;1.2528442351318043;0.9514633218767681;9.980802673179229;0.745786209752041;0.41670660909072066;1.0538254744527842;0.08273924233497248;1.4113117999973976;0.05546931714137587;-0.9509453337582354;0.07975719859236925;1.2770071528728892;1.483473109656888;0.9604029920054322
30.166182;1.321760046522695;0.08135887966804124;0.06238374567969371;1.2528223240988048;0.951467918775897;9.98130740385899;0.7457343659165966;0.41669075685239954;1.0539250472755222;0.08271417672808469;1.4112785724447212;0.055486984747927695;-0.9509423837352636;0.07977159510834785;1.2769884720210463;1.4834100527870828;0.9602874525220959
30.166182;1.3218530324601419;0.08136796673967092;0.06236419453405206;1.2527994532599238;0.9514721068843509;9.981825185965757;0.7456843903580759;0.41667339737369474;1.0540256437132038;0.08268904945760372;1.4112427673711816;0.055503699552062136;-0.9509394341984214;0.07978719748299584;1.276971763598608;1.4833454011783762;0.9601713532061883
30.166182;1.321944461038756;0.08137814996949055;0.06234504438744124;1.2527713231905646;0.9514719192132489;9.982353484285717;0.7456363700516138;0.4166545697216144;1.0541269901315076;0.08266589983695849;1.4111994247012443;0.055520528740142;-0.9509334850145661;0.07980590405280015;1.2769489529711517;1.4832770697843423;0.9600519921027739
30.166183;1.3220312417469264;0.0813905341122346;0.062327348302545556;1.2527337469476632;0.9514663169209608;9.982890456383062;0.7455903947298153;0.4166343513604898;1.0542287458627462;0.08264476551616999;1.4111416047399286;0.05553854854737356;-0.9509205360481886;0.07982760694831748;1.276916964305514;1.4832040118594028;0.9599256369889061
30.166184;1.3221102654064376;0.08140624824924902;0.06231217673428777;1.2526734333659262;0.9514473823242156;9.98343512540549;0.7455465604565402;0.41661285652034036;1.0543305151022822;0.08262967693592728;1.4110573661519608;0.055559828587459226;-0.9508955871711681;0.0798562035773203;1.2768637053271468;1.483121254245753;0.9597875602632381
30.166185;1.322177495347843;0.0814331018313112;0.062305688288124224;1.252569340880329;0.9514019960124139;9.983987111421014;0.7455049979890336;0.41659020894783116;1.0544318865163116;0.08262465294608433;1.4109197638593471;0.05558742567196154;-0.9508456382701282;0.07989559620071245;1.2767660622805954;1.4830219036191603;0.9596250266074251
30.166189;1.3222207708704878;0.08147897668862573;0.06231445585592117;1.2523785633033122;0.9513063374741912;9.984545946310877;0.7454658922694559;0.41656651098792247;1.054532468166855;0.08264070431023278;1.4106778618145743;0.055631388920973815;-0.9507456892416956;0.07995668484046886;1.2765799117385415;1.4828901394866765;0.9594136276818391
30.166196;1.3222209131400207;0.08156647738516803;0.06235652743502849;1.2520170871531269;0.9511104975261271;9.985110708972776;0.745429454174753;0.4165418455403491;1.05463191522606;0.08269784185622078;1.4102297371046948;0.05570476243229864;-0.9505467399839828;0.08005936600906616;1.2762171385204166;1.482698205402132;0.9591051105535533
30.16621;1.3221334837505505;0.0817389516525254;0.062466874687077546;1.2513074158896018;0.9507118460588464;9.985680066971343;0.7453958562776617;0.41651628109664934;1.0547299404975763;0.08284008128286244;1.4093684822500474;0.05584058153472;-0.9501467903925396;0.08024754217847678;1.2754986559093653;1.4823844080031365;0.9585994213496559
30.166238;1.321872493347535;0.08207661910340651;0.06271044341457845;1.2499058464633643;0.9499114305794253;9.986252512090116;0.7453651839272172;0.41648985964043195;1.054826304455475;0.08314944680623426;1.4076842108025163;0.05610087671372864;-0.9493478403595015;0.08060313123024809;1.274070416169274;1.4818291337487661;0.9577023438907063
30.166294;1.3212671059692496;0.08274839892899197;0.06322369973118284;1.2471215665838813;0.9483073053618991;9.986826696528956;0.7453374394557511;0.4164625967627255;1.0549208019086795;0.0837939754496813;1.4043570593447965;0.05661068066021295;-0.9477498897789748;0.08129405668717068;1.2712223976299282;1.4807908533088348;0.956021712367202
30.166406;1.319974972608379;0.08409071007315327;0.06427944621904029;1.2415758064038434;0.9450955791758984;9.987401620798337;0.7453125912148024;0.41643450389335074;1.0550132328998572;0.08510771619838671;1.3977491862476867;0.057620027508342796;-0.9445539385510947;0.08265422611805105;1.2655395861063956;1.4787890709407572;0.952774804189302
30.166517;1.3186806777717437;0.08543183981999493;0.06533641473768173;1.236037776909229;0.9418821028011497;9.987976559878966;0.7452906132954114;0.4164056110655635;1.0551033676927617;0.0864207267630536;1.3911517662972572;0.05862894778777949;-0.9413579865695642;0.08401353022613589;1.259864972385143;1.4767872568286753;0.9495293917289427
30.166741;1.3160118844216315;0.08810448069677893;0.06747865435580266;1.2250008864695194;0.9354529148116039;9.988550788318769;0.745271480134172;0.41637597360378126;1.0551909816340246;0.0890650732508594;1.378034983065783;0.0606364647576416;-0.9349650337058392;0.08670386020852257;1.2485485497587858;1.4728558118789876;0.9431551690627509
30.166942;1.3136142894635834;0.09050190085345737;0.06940530147746285;1.2150952031573448;0.9296654675282868;9.989123292916435;0.7452551351084571;0.41634566925763217;1.0552759543074683;0.09143582552835473;1.3662680248306598;0.06244459855125963;-0.9292140798131688;0.08912011541866882;1.238394299704074;1.4693100469039153;0.937414966433662
30.167144;1.3112144099733347;0.09289256600090035;0.07133395178825438;1.205220000300598;0.9238786604245223;9.989692748159989;0.7452414761891974;0.41631480210643557;1.0553583139056044;0.09380004760846478;1.3545430820218642;0.06425237335209898;-0.9234641247459584;0.09152919984168811;1.228270184839382;1.4657661727040348;0.9316807183866289
30.167345;1.308812403657005;0.09527394582486007;0.07326266760465641;1.1953752923769034;0.9180924624530646;9.9902578117606;0.7452303861226315;0.4162835051098955;1.0554381667048285;0.0961567945008665;1.34286334445152;0.06605981185306224;-0.9177171683796995;0.0939300207638855;1.2181791561156015;1.4622232998531028;0.9259544550646195
30.167546;1.3064093630369422;0.0976465938270098;0.07519182166935728;1.185563340263714;0.9123078905793311;9.990817439725385;0.7452217678295652;0.41625192658608123;1.0555155844724815;0.09850411444326088;1.3312290016507218;0.06786691802171334;-0.9119752106233812;0.0963204978860801;1.2081221642407232;1.458683425601363;0.9202382108903295
30.167748;1.3040052961788964;0.1000098086451274;0.0771208958369654;1.1757853058203989;0.9065258404609963;9.991370793616092;0.7452155311759163;0.416220215083766;1.0555905629535627;0.10084404634313086;1.3196422481766246;0.06967366328890415;-0.9062362514194293;0.0987025806770269;1.1980991728209305;1.4551464510035625;0.9145300935120263
30.167949;1.3016000718810787;0.1023640345598921;0.07905026871828022;1.166042499076321;0.9007473683629373;9.991916870245259;0.7452115627041518;0.41618852036904896;1.0556630773932947;0.10317361441359434;1.3081052929822357;0.0714789942472349;-0.9005042907403358;0.10107325662299986;1.1881141674111322;1.451612275047069;0.9088342150103778
30.16815;1.2991944876938628;0.10470639825980439;0.08097771133500503;1.1563356847355473;0.8949724538850234;9.992454417669686;0.7452097290620561;0.41615700714757575;1.0557331461994206;0.10549382762100931;1.2966203607066562;0.07328485924231284;-0.8947773285871815;0.10343354267537233;1.178167151913437;1.448081878952077;0.903148999313721
30.168352;1.2967882803137667;0.10704044635825935;0.08290600388758251;1.1466672169671552;0.8892030736603129;9.992982230256336;0.7452098922927746;0.41612586879258184;1.0558008125253922;0.10780468194052763;1.2851886770110836;0.07509021915964242;-0.8890583649804786;0.10578347299910676;1.1682581341452736;1.4445553143920973;0.8974776516955348
30.168553;1.2943821433849576;0.10936323834778974;0.08483284371960856;1.137039245493438;0.8834404559909453;9.993499419108106;0.7452119073635044;0.4160953284583715;1.0558660733562197;0.11010616267160996;1.273811444474321;0.07689503306134055;-0.8833463999498508;0.10812308859400188;1.1583911098771391;1.4410336694635206;0.8918194418566624
30.168754;1.2919757592036598;0.11167531258131659;0.08675865223809127;1.127451376488671;0.8776846075092175;9.99400536161528;0.7452156180132115;0.4160656187157833;1.0559288440178247;0.11239624878005842;1.2624918139261267;0.07869924605789368;-0.8776444335353806;0.11045042446989292;1.1485650601648718;1.4375170644957111;0.8861775841992264
30.168955;1.2895677933803267;0.11397702374149925;0.0886837721785618;1.1179038662626788;0.8719367450414391;9.994499445486479;0.7452208511674772;0.41603695086437364;1.055988977269285;0.11467691634750941;1.2512288786426264;0.08050179455443748;-0.8719504657948068;0.11276749992974537;1.1387819637269032;1.4340066480290878;0.8805501695187593
30.169157;1.2871599129699165;0.1162668623872916;0.09060689526685405;1.108398115629936;0.8661969498280083;9.994980899396555;0.7452273963166767;0.416009500761906;1.0560463113260772;0.11694613926656097;1.2400257081631396;0.08230462047755853;-0.8662674968030334;0.11507231940382752;1.1290438104243123;1.4305036089464132;0.8749404987932389
30.169223;1.2863976431327142;0.11702294429734188;0.09122255229613527;1.1052630382382818;0.8642972388801077;9.99544881891739;0.7452350113260718;0.41598341530606087;1.0561007164248362;0.11768288909445943;1.2363173810306727;0.08290167856787693;-0.8643915266456361;0.11584387691554764;1.1258306105647662;1.429317175195236;0.8730164144333306
30.169223;1.2864445813988559;0.11702433096615066;0.09119234729242288;1.1052566731324793;0.8642887694884562;9.995902267067198;0.745243488439053;0.4159588253331232;1.0561521029725494;0.11766613663518045;1.2362899900615156;0.08290293432229896;-0.864391555414205;0.11586115507212796;1.1258243964604757;1.4292755719854287;0.8729067644306041
30.169223;1.2864867250194494;0.11702764622963785;0.09116382380056716;1.1052445364150454;0.8642767843334346;9.996340211633427;0.7452527156699221;0.4159358574220415;1.0562004009099393;0.11765086096304984;1.2362576306988875;0.08290436059839733;-0.8643885831956194;0.11587912468022303;1.1258132111166086;1.4292350135505227;0.8727949075732573
30.169224;1.2865239974903149;0.11703112273754722;0.09113569842170316;1.1052328611738629;0.8642663115659996;9.996761318631695;0.745262673098591;0.41591463678594603;1.0562455559943873;0.1176360613310276;1.2362273820881504;0.08290493349010572;-0.8643846100580312;0.11589675079982371;1.1258010977016908;1.4291977262505486;0.8726826442076578
30.169224;1.2865564511410421;0.11703514213905081;0.09110837872230701;1.1052152655507779;0.8642524932165456;9.997164109187883;0.7452733992446119;0.4158952817409222;1.0562875485415288;0.11762375762284007;1.2361932962301332;0.08290562878778784;-0.8643776360493024;0.11591599864423684;1.1257831036794472;1.4291619329545548;0.8725679598977447
30.169224;1.2865821967214;0.11704244705161208;0.09108426577821478;1.1051862286094858;0.8642324413835707;9.997547631142151;0.7452849602144949;0.41587789724499236;1.0563264045694325;0.11761397892652577;1.2361484018850226;0.0829084260888;-0.8643646612046096;0.11593683704788643;1.1257542844262567;1.4291258333888939;0.8724479754680011
30.169225;1.2865993515951082;0.11705705871087066;0.09106677409572582;1.10513511058425;0.8641992390794596;9.99791184841723;0.7452974214975607;0.4158625670446578;1.0563621843406144;0.11761075517562058;1.2360787083721285;0.0829133185016141;-0.8643376855509227;0.11596324648147947;1.1257026949844051;1.4290846269336728;0.8723146990443796
30.169227;1.2866000454186044;0.11707941251072916;0.09105697162503784;1.1050388832070774;0.8641403035560036;9.99825723787187;0.7453108481768503;0.4158493507380443;1.0563949599020153;0.11761911715903522;1.235958203816434;0.08292631676293119;-0.8642837091066228;0.11600022750549153;1.1256053850598298;1.4290315238581792;0.8721557234603523
30.169231;1.2865744241911037;0.11712606707211046;0.09106864663278219;1.1048509615967461;0.8640260017064539;9.998584232411968;0.7453253449417845;0.41583829171575465;1.0564247952706602;0.11764909063258891;1.2357338626256509;0.08295644684494353;-0.8641757318851269;0.11605779353182294;1.1254153987987041;1.4289507315876995;0.8719449545965914
30.169239;1.2864996961763633;0.11721492377868374;0.09111753934204665;1.104485240904972;0.8638046032482657;9.998893174374114;0.7453410966273715;0.4158294298465467;1.0564517325415175;0.1177236818782632;1.235300664558278;0.08301875143764513;-0.863959753904037;0.11615895474117577;1.125041768596983;1.4288074551884435;0.8716299721775005
30.169254;1.286327144214839;0.1173902117605067;0.09124175229516228;1.1037576743997182;0.8633654391011648;9.999184606127171;0.7453583644386604;0.41582281425932593;1.0564757757413714;0.11788487222103106;1.2344466001407821;0.08314929541475156;-0.8635277751886906;0.11634571889830002;1.1243005131313877;1.4285378816071688;0.8711066095416435
30.169285;1.2859651905734584;0.1177376278795688;0.09151484032833966;1.1023109386166152;0.8624913070068279;9.999459349942862;0.7453774305928907;0.4158185089114679;1.0564968659758915;0.11822062415751039;1.2327486492728685;0.08341616313250734;-0.862664795768967;0.11670610566885363;1.122821645687151;1.4280111477728492;0.8701672963722544
30.169346;1.2852265471834747;0.11843183165032868;0.09208694676542238;1.0994283720361462;0.8607479679272215;9.99971813914727;0.7453985219061426;0.4158165794083253;1.0565148706765262;0.11890188922893596;1.2293657590247902;0.08395644449268733;-0.8609378156761277;0.11741114948127401;1.1198721785482686;1.4269633409866507;0.8683941772729877
30.169469;1.2837387123387602;0.11981615698877275;0.09325465467517652;1.0936829909148424;0.8572668749814807;9.999961115207615;0.7454217575968639;0.41581706596529033;1.0565296096259482;0.12027261272842296;1.2226228437203108;0.08504422048298634;-0.8574888349395768;0.11880488781805822;1.1139901183995555;1.4248715076839893;0.8649602663446794
30.169714;1.2807556584052888;0.12256970094653626;0.09560992253283375;1.0822478823146917;0.8503189103417967;10.000187639285219;0.7454471514081059;0.4158199662378344;1.0565409039311036;0.12301272977431911;1.2092077979252986;0.08722755793568034;-0.8506028535866766;0.12156735074908125;1.1022824639496807;1.420690651168247;0.8582162922250641
30.169959;1.2777767778262294;0.12530481601892368;0.09796258172757144;1.07088202442208;0.8433894283672885;10.000396485236221;0.7454746537390268;0.4158252387291205;1.0565486181084864;0.12573615700429602;1.195886510644028;0.08941151036091331;-0.84373687165288;0.12431256171779298;1.0906472101268525;1.4165227559728453;0.8515032128930501
30.170204;1.2748021806704728;0.128023152935181;0.10031382671523245;1.059584838288827;0.8364781547308098;10.000586048388529;0.7455041885162725;0.41583281236909325;1.056552670678252;0.128443793526441;1.1826608723061622;0.09159411571603951;-0.836889889189072;0.12704154682569793;1.0790843488876916;1.4123698167629248;0.8448202053914656
30.170449;1.2718329131962267;0.13072517836031503;0.1026638436011139;1.0483606870416422;0.8295880450498265;10.00075424482969;0.7455356606136047;0.41584259055467127;1.0565530241781163;0.1311345288052807;1.1695327683033119;0.09377639482337201;-0.8300649062482888;0.12975334207368322;1.0675968703873167;1.4082308195534226;0.8381707396238025
30.170694;1.2688689566926115;0.13341005240376938;0.10501187046758295;1.0372079929087554;0.8227180577840573;10.000898422240985;0.7455689481464605;0.41585445501296836;1.0565496963887824;0.13380824644032033;1.1565020810254565;0.09595835556402801;-0.8232619228679281;0.13244799531806908;1.0561867717427542;1.404108718540843;0.8315552030089243
30.17094;1.2659112273114816;0.13607740435209503;0.10735743327619122;1.0261295552604524;0.8158699643301845;10.001015704873124;0.7456038977603875;0.4158682787681287;1.056542782953711;0.13646583049863323;1.1435727081474267;0.09814099281424041;-0.816482939068574;0.1351265708025356;1.044854049411955;1.400002455457699;0.8249760639672398
30.171185;1.2629596440576216;0.1387271779072299;0.10970038323109904;1.0151274486237571;0.8090456073477189;10.001103393243637;0.7456403159748615;0.4158839398483594;1.0565324476511875;0.13910618030446942;1.1307435637322139;0.1003222851883689;-0.809727954864319;0.13778815120349552;1.0336006733572036;1.395912979074258;0.8184334487541073
30.17143;1.260015127914943;0.1413615097189803;0.11204222699741426;1.004203184573072;0.802245751882256;10.001159129086052;0.7456779605387918;0.41590131866409646;1.0565188814514215;0.1417302173907761;1.1180185609526;0.10250320078924628;-0.8029979702712683;0.14043382417653877;1.0224275853452554;1.3918412423191977;0.8119288320565254
30.171675;1.2570776633150735;0.14397879503974578;0.11438158165008659;0.9933553336437005;0.7954694402673638;10.001181149114169;0.7457165628655366;0.4159202889231092;1.0565022579727716;0.14433787795226505;1.1053966081975128;0.10468370352391485;-0.7962949853055923;0.14306366473933754;1.011336723443658;1.3877872020283615;0.8054645857775462
30.17192;1.254148196651339;0.14657986295627146;0.1167189108909034;0.9825891865772779;0.7887204712209804;10.001168537130175;0.7457558582285383;0.4159407212860124;1.0564827357832713;0.14692810771630194;1.0928796131202871;0.1068637509063584;-0.7896189999754843;0.1456767293254814;1.000329035899414;1.3837518220949443;0.7990411148875618
30.172166;1.2512267043284366;0.14916346921783336;0.11905310396960642;0.9719030714712428;0.7819977244118181;10.001121251830577;0.7457955861281788;0.41596249682679115;1.0564605174760795;0.14950286595399362;1.0804684772875635;0.10904428958895812;-0.782972014282417;0.14827505500062643;0.9894044788841625;1.3797360747476863;0.7926609689263308
30.172411;1.2483141756728917;0.1517322130844827;0.12138602417056031;0.9612986648180644;0.775302144871214;10.0010400847625;0.7458355064474874;0.41598551871516676;1.0564358783128913;0.1520601309937709;1.068165095552395;0.11122325007969971;-0.7763540282326088;0.15085665944126503;0.9785650105045092;1.37573994578971;0.7863243305266099
30.172656;1.2454095820498798;0.15428462013039326;0.12371645859068134;0.9507784586979227;0.7686366324616783;10.000926636295475;0.745875436055418;0.4160097161545516;1.0564091341171558;0.15460190706654706;1.0559693679732225;0.11340154610139559;-0.7697670418397964;0.1534235509956887;0.9678115831988764;1.3717634379850234;0.780033740209446
30.172901;1.2425148590648527;0.15682103053868127;0.12604434791895305;0.9403410073551011;0.7619991149119938;10.000783338327734;0.745915240314155;0.41603504302050565;1.0563806016499564;0.15712723285269684;1.0438832180658986;0.1155790873580541;-0.7632100551142951;0.15597474232304;0.957145139356713;1.3678085706402294;0.7737885928397629
30.173146;1.239629926085622;0.15934136338252772;0.12836948941937118;0.929989473315164;0.755392541387446;10.00061340157458;0.7459548020283407;0.41606147090973544;1.0563505707601641;0.15963718086998083;1.0319056111537845;0.11775579898249283;-0.756685068053638;0.15851124848707596;0.9465656143869513;1.3638743894848446;0.7675911901717725
30.173392;1.2367547554682166;0.1618473359652742;0.13069313878866703;0.9197234879803309;0.7488170435045596;10.000420531816637;0.7459940259607747;0.4160889672082627;1.056319299442406;0.1621308424837155;1.0200385548680246;0.11993263608277623;-0.7501930806409554;0.16103207802677683;0.936073940887053;1.359962979516477;0.7614429088083984
30.173637;1.2338903245979849;0.16433803455772267;0.13301432618595876;0.9095452840264051;0.7422743298218505;10.000208632601247;0.7460328599551164;0.4161174668368774;1.0562870381711633;0.16460930920382782;1.0082820806815291;0.12210758320676433;-0.7437340928494536;0.1635382339721663;0.9256710485461803;1.356073459274705;0.7553435769534704
30.173882;1.2310368490869306;0.16681444065660875;0.1353337113317966;0.8994533780623644;0.7357636375877384;9.9999816292735;0.7460713032378699;0.41614687136459044;1.0562540480470066;0.16707265835696314;0.9966382226775133;0.12428163786105388;-0.7373091046514827;0.16602971962970844;0.9153578665474736;1.352207969407724;0.749294372918636
30.174127;1.228194529468899;0.1692747250617041;0.1376496738381072;0.8894493618593059;0.7292867398162493;9.999743268452324;0.7461094049840673;0.4161770758417272;1.0562205759095131;0.16952194575767374;0.9851059980430051;0.12645479847738245;-0.7309191160275491;0.1685075438575098;0.905133339147239;1.3483656588312611;0.7432962703211948
30.174372;1.2253646016191695;0.1717207415680977;0.13996346728883105;0.8795335531332416;0.7228437271477381;9.999497099314533;0.7461472549423356;0.41620797926736347;1.0561868036030018;0.17195620775110382;0.9736863966554258;0.12862706804949003;-0.7245651269736636;0.17097072135246041;0.8950004385763735;1.344547651140828;0.7373502493535115
30.174618;1.2225471742948864;0.17415309247334126;0.1422754408532806;0.8697075741094658;0.7164363822142241;9.99924675995541;0.746184960894159;0.4162394730245833;1.056152842433605;0.17437546679874708;0.9623793844769997;0.13079945823876643;-0.7182471375114136;0.17341926058757787;0.8849571484605255;1.3407540269829066;0.7314565161172947
30.174863;1.2197423517728616;0.1765717267334709;0.144585399570388;0.8599707517477027;0.7100645887577035;9.998995897546454;0.7462226290529609;0.4162714461877403;1.0561187914759511;0.17678073615840645;0.9511869102707275;0.13296998408395022;-0.7119661477017604;0.17585414856453857;0.8750054358685851;1.3369868606939774;0.7256157641729112
30.175108;1.2169513037619262;0.1789753753581776;0.14689201026456586;0.8503234542499253;0.7037284726884083;9.998747513666487;0.7462603692345998;0.4163038137729063;1.0560847819624026;0.17917202771835783;0.9401069148596438;0.13513965877209858;-0.7057221576460186;0.1782753461534436;0.8651452425220825;1.33324427353457;0.7198282561705682
30.175353;1.2141739858991258;0.18136605521669708;0.14919679727145674;0.8407656739886743;0.69742855907557;9.99850364296938;0.7462982957874035;0.41633652937894045;1.056050972163486;0.1815493620008381;0.9291413494045512;0.13730849825739155;-0.6995161674629489;0.18068279593688566;0.855376487187631;1.3295294449939024;0.714095146760306
30.175598;1.2114105110860687;0.18374274244963218;0.15149878873465572;0.8312996873994318;0.6911671261778556;9.998265820889676;0.7463365040025666;0.4163695593320644;1.0560175451043232;0.18391277096149022;0.9182891874762309;0.1394765286388523;-0.693349177263079;0.18307644092087455;0.8457000705639091;1.325840552069948;0.7084176834971863
30.175844;1.2086616912399144;0.18610697038455393;0.153799056753189;0.821923868556174;0.6849427786837856;9.998035624599735;0.7463750668101677;0.4164028451991984;1.055984722638684;0.18626229217212903;0.9075514113260752;0.141644782099892;-0.687221187142501;0.18545624129907512;0.8361148886900945;1.32217967180393;0.7027963933596036
30.176089;1.2059273832477282;0.18845793251577897;0.1560968493773707;0.8126388196652794;0.678756498289845;9.997814532935122;0.7464140626925554;0.41643629216391154;1.0559527415899106;0.18859896540591237;0.896927989372948;0.14381128624783088;-0.6811331971880616;0.1878231728297753;0.8266218485817902;1.3185457477708595;0.6972322339730807
30.176334;1.203207398159718;0.19079557529513852;0.15839202331930713;0.8034437368170478;0.6726081707229801;9.997603413385248;0.7464535807356649;0.41646978418394237;1.055921798739163;0.1909228379119397;0.886418877194058;0.145977060236944;-0.6750852074737121;0.19017721508110158;0.8172218803212865;1.3149396376796922;0.6917258141557853
30.176579;1.200501594345001;0.19312093725330354;0.16068533327706966;0.7943402608787551;0.6664997636265183;9.997402387955248;0.7464936897698147;0.4165032000557;1.0558920464480253;0.19323397252647617;0.8760230322681695;0.14814211648041523;-0.669077218047495;0.1925183466830861;0.8079129435407433;1.3113621609143173;0.6862775665882204
30.1767;1.199158263182278;0.19426252096400537;0.1618119296541854;0.7898947613869296;0.6635079874269301;9.997211058662392;0.7465344191771917;0.41653641949904124;1.0558636368565169;0.1943624456507128;0.8709504118311435;0.14919546260944425;-0.6661302289290568;0.1936765477516195;0.8033540184394573;1.309691120191213;0.6835971803379107
30.1767;1.1991279470725618;0.19426245543899473;0.16180603219327067;0.7899128627720285;0.6635183007855302;9.997028652995233;0.7465757597846033;0.41656932328885116;1.0558367418911911;0.1943503322553905;0.8709729629805087;0.14916710214765927;-0.6661302401274858;0.19369379636466222;0.8033450866670546;1.309858301993096;0.683567065117894
30.1767;1.1990946764404107;0.19426496527266995;0.16180256767433;0.7899250260145694;0.6635245264424178;9.996854049622918;0.7466176595470486;0.416601791244418;1.0558115451238133;0.19434069319491704;0.8709876289413835;0.14914003845485677;-0.6661252516612413;0.19371305654374826;0.8033271229490326;1.3100274496123339;0.6835350430378008
30.1767;1.199059120363475;0.19426721184917645;0.16179904452385754;0.7899357554947462;0.6635301268557192;9.996685972074975;0.7466600331742166;0.41663370773971214;1.055788233857998;0.19433157224419823;0.8710013601109854;0.1491122843895339;-0.66612126356278;0.19373227490934086;0.8033081024565888;1.3102012511743928;0.6835066364476106
30.176701;1.1990210726287256;0.1942728518561098;0.1617985237701027;0.7899420032058014;0.663532659710956;9.996523438830549;0.7467027906885906;0.41666497345118736;1.0557669786060482;0.1943249991669355;0.8710081151045291;0.14908486667700982;-0.6661112758733722;0.1937533879449549;0.8032810087958572;1.3103763558573185;0.6834752938600405
30.176702;1.1989763008670553;0.1942808185753406;0.16180066738568402;0.7899321963595686;0.6635247094342916;9.996366064941055;0.746745852392479;0.4166955066592155;1.055747899276963;0.19432300151804016;0.8709968616389434;0.1490618229974797;-0.666091288631651;0.19377832830500294;0.8032378290808861;1.3105493778923032;0.683438003003491
30.176703;1.1989204162213334;0.19429916823689306;0.16181281357093627;0.7898945579551553;0.6634987304935751;9.996214044581256;0.7467891620542796;0.41672523343723666;1.0557310641766662;0.19432861956708938;0.8709515774561976;0.14904419872643512;-0.6660523018591167;0.19381003715063153;0.8031635430288676;1.3107128906965375;0.6833862304910273
30.176706;1.1988443720792725;0.1943324531673209;0.1618400466034801;0.7897975713717474;0.6634332211974999;9.99606829230117;0.7468326985480809;0.4167540862634755;1.055716515924755;0.19434990767661917;0.8708392455462266;0.14904104385012443;-0.6659743155588174;0.1938564793142183;0.8030271225745337;1.3108564241337635;0.6833024764640308
30.176713;1.1987302736615906;0.19439572793716225;0.16189748101576856;0.789582382277314;0.6632886953232552;9.995930657116974;0.7468764493280564;0.4167820098025833;1.0557042500470863;0.19440292286850022;0.870590852979619;0.14906541656921604;-0.6658173297268135;0.1939336413904513;0.8027685444006051;1.3109524779927024;0.6831506439709256
30.176726;1.1985428059502652;0.19452083878964369;0.16201667761213753;0.7891316228014335;0.6629863293198788;9.995803639867463;0.7469203757346098;0.4168089537613585;1.0556941513734222;0.1945167153605061;0.8700723925831796;0.149148388561553;-0.6655033443595466;0.19407051969413477;0.8022668071964186;1.3109535744063534;0.6828614563496153
30.176752;1.1982117929324472;0.19476696843632224;0.16225687598098032;0.7882057399635671;0.6623642430830842;9.995689955802844;0.7469644239445278;0.4168348630277257;1.0556859736964233;0.1947533242042848;0.8690118586219141;0.14934503425929258;-0.6648763594512355;0.19432911378137613;0.8012809402001937;1.3107612979913024;0.6822947125981322
30.176803;1.1975962818050268;0.19525633720817243;0.16273996455593728;0.7863317554950991;0.661103806537438;9.995592407050509;0.7470085637574765;0.416859682549098;1.0556793937831421;0.19523177520669893;0.8668702421854253;0.14977141900269345;-0.6636213749833406;0.1948284205723457;0.7993259940441566;1.310179278472506;0.6811684549469265
30.176906;1.196414836248;0.19622805045589933;0.16370586219422784;0.7825608409920428;0.6585631882748487;9.995513633659122;0.7470527921273138;0.4168833689526712;1.055674081979077;0.19619208054715906;0.8625635274838955;0.15065960014981358;-0.6611083909172918;0.19580842798821463;0.7954350264552158;1.3088151697696138;0.6789198954918876
30.177112;1.194102414747649;0.1981551158305574;0.16563329356724624;0.7749956191697028;0.653452016609869;9.995455611115457;0.7470970906405574;0.41690590256336374;1.0556697385808467;0.1981092386911893;0.8539346810657038;0.15246761832080663;-0.6560734072035211;0.19774411507659803;0.7876741000885424;1.305879659084865;0.6744234912099756
30.177318;1.1917783043780696;0.20006936485420038;0.16755923868103462;0.7674330494051511;0.6483284371719714;9.995419631609275;0.747141411690952;0.4169272906854574;1.0556661048802842;0.20001423538851165;0.8453156408521825;0.15427548218341938;-0.6510254237979991;0.19966645695992336;0.7799162945148271;1.3029354815590657;0.6699305196332185
30.177524;1.1894434703335592;0.20197082257433902;0.169483604924092;0.7598774362847407;0.6431953425331665;9.995406895277245;0.7471857188838841;0.41694755194952543;1.0556629487511773;0.20190504520451272;0.836709316574425;0.15608417585698978;-0.6459684406716302;0.20157342971015846;0.7721647174906765;1.2999834169846072;0.6654453696695992
30.17773;1.1870988473104542;0.20385851146914757;0.17140542936559863;0.7523294171264294;0.638052557645455;9.995418859685001;0.7472300069698865;0.41696670026723703;1.05566005258246;0.20378463406947137;0.8281195973737818;0.15789168312859295;-0.6409024578100494;0.20346801130523162;0.7644214985860996;1.2970232595097264;0.6609678254976108
30.177936;1.1847452633627575;0.2057355021814945;0.17332715512740354;0.7447919301327146;0.6329019024255996;9.995457088136966;0.7472742799564466;0.41698474527596496;1.0556572456922013;0.20565096486034312;0.8195483612345801;0.15970000075199506;-0.6358294752082952;0.2053481800479972;0.7566887652257858;1.2940567931251672;0.6565004897785794
30.178142;1.1823826982213257;0.2075992270551036;0.1752465802343022;0.7372676627395337;0.6277454747169461;9.995523097267833;0.747318527598438;0.41700169336751947;1.0556544239294756;0.2075060010271727;0.8109984887638977;0.16150713166930977;-0.630751492864637;0.20721591966825914;0.7489716200002593;1.2910838037682657;0.6520449663684404
30.178349;1.1800130074949347;0.20945057528511832;0.17716415987781148;0.7297599222827507;0.6225849734457681;9.995618424063384;0.7473627037274192;0.41701754166264315;1.0556515260409702;0.2093487068067425;0.8024728675631104;0.16331407590383068;-0.6256695107745978;0.20907022716191973;0.7412701465588601;1.2881071094550631;0.6476025886899017
30.178555;1.1776351770794315;0.211289149010132;0.17907972164277539;0.7222703444979783;0.6174222858187901;9.995744840461194;0.747406730619219;0.4170322828430321;1.055648529580434;0.21118005106274612;0.7939743747242741;0.16512183240874984;-0.6205855289342191;0.2109121095344657;0.7335874377670933;1.28512559497057;0.6431756867339996
30.178761;1.1752502597097676;0.2131162672013578;0.18099427025185547;0.7147995118751297;0.6122573735394029;9.995904467696404;0.7474505513847143;0.4170459184956267;1.05564545931686;0.21299901224430387;0.7855058644921453;0.1669283999346358;-0.6155015473525594;0.21274057175871847;0.7259276080908031;1.2821412178367462;0.6387658407131207
30.178967;1.1728603335549244;0.21493208515183382;0.1829076585019375;0.7073520467502035;0.6070931574863759;9.996099580592535;0.7474941636578352;0.41705846727632157;1.0556423552223009;0.21480757955965143;0.7770691821399267;0.16873477442742807;-0.6104195660538144;0.2145576072639876;0.7182907863384121;1.2791539587540581;0.634375387297494
30.179173;1.1704654511835022;0.21673646295069726;0.18481977472492633;0.6999290207721088;0.6019305963079863;9.99633236213838;0.7475375963981036;0.41706997453471484;1.0556392319661485;0.21660475514937252;0.7686661872865573;0.17054195738293002;-0.6053395850676935;0.216362198435292;0.7106811125986678;1.276165798502719;0.6300047304646088
30.179379;1.1680665698028823;0.21852890062067934;0.18673003611094188;0.692531790786319;0.5967703971428516;9.996604814367089;0.7475808797096294;0.4170805177273333;1.0556360892823313;0.21839155410958203;0.7602997706794882;0.1723479676331635;-0.600263604423832;0.21815532559790438;0.7031007423345312;1.2731777550560937;0.6256553447870157
30.179585;1.1656638561066466;0.22031027025574057;0.18863915701246198;0.6851643219539514;0.5916159019411821;9.996918645945515;0.7476240337069544;0.41709019549122206;1.0556329544534067;0.2201669966261141;0.7519718594809967;0.17415483824044617;-0.5951936241463802;0.21993597513036725;0.6955498436042705;1.2701898960190092;0.6213297084512318
30.179791;1.1632582629174815;0.22208072505627657;0.19054711435470081;0.677826530087114;0.5864665926821693;9.997275069548927;0.7476670699519273;0.41709911597259275;1.0556298905821002;0.22193209890686943;0.7436854197456741;0.17596060246500533;-0.5901306442436782;0.22170514256602933;0.6880335862759372;1.267203305726242;0.6170282117563393
30.179997;1.16085003982002;0.22383890013646326;0.19245268854876874;0.6705210452306837;0.5813246742010229;9.997674738792764;0.747710000341371;0.417107400941197;1.0556269561450005;0.22368687062029496;0.7354424668272574;0.17776628350736012;-0.585075664711378;0.22346282990738325;0.6805521406879392;1.2642190484247744;0.6127520873399073
30.180409;1.1561628780899564;0.22731649020461733;0.1962404114886091;0.655995015851875;0.5710407341256711;9.998117961849113;0.7477528415338;0.4171151874885468;1.0556241633317054;0.22716031747761195;0.7190900626668747;0.18141489185923412;-0.5749986855469806;0.22693803495230952;0.6657266838058405;1.2580721511642736;0.6042418653422922
30.18078;1.1519393712014059;0.23041088097713489;0.19964432876356739;0.6430527525700283;0.5618252179019984;9.998604899907471;0.7477956179844203;0.4171226043615814;1.0556214777156874;0.23025144107249715;0.7045462851685204;0.18469442330104857;-0.5659717067517553;0.23002973587941083;0.6525183933903372;1.2525766080362408;0.5966879167607901
30.181151;1.1477282327971474;0.2334729739408257;0.20304234320367867;0.63024406328457;0.5526531255405689;9.999135507619588;0.7478383605567824;0.41712974398789837;1.055618857355557;0.2333102359271866;0.6901751999216814;0.18797486009369468;-0.5569927283280544;0.23308788286029555;0.6394514410729322;1.2471043797458221;0.589239340273766
30.181522;1.1435316533822542;0.2365026053464294;0.20643371178016245;0.6175755108015821;0.5435300344426054;9.999709400181773;0.7478810880895624;0.4171366596145978;1.0556162961751114;0.23633869120844705;0.6759868564129908;0.19125418243054648;-0.5480687502860166;0.2361144017890884;0.6265329930896304;1.2416583770493974;0.5819037313720944
30.181893;1.1393539255948566;0.23950053714946282;0.20981808043785538;0.6050571217818542;0.5344637324261662;10.000325771374762;0.7479237856650048;0.41714338045651606;1.055613826971939;0.23933679569363175;0.6619902982852643;0.19453337867285056;-0.5392057726463503;0.23910920288610726;0.6137722006684669;1.2362424758508381;0.5746886207163153
30.182264;1.135198217203406;0.24247074768344096;0.21319808735294277;0.5926955804505165;0.5254598200551853;10.000983251561212;0.747966404100958;0.4171499261175984;1.0556114746088996;0.24230653940741673;0.6481935816994733;0.19781344771637588;-0.5304107954343086;0.24207419169900707;0.6011771844290836;1.2308605855042332;0.5676024748605428
30.182635;1.1310668402579074;0.2454102436990255;0.21657038149795382;0.5804969611882441;0.5165238727012322;10.00167985364078;0.7480088945749277;0.4171563173430577;1.0556092298979458;0.2452479080714848;0.634603787760327;0.20109240288390715;-0.5216888186757133;0.24500927825681124;0.5887530302842197;1.2255176734688644;0.5606508084626447
30.183006;1.1269639776898261;0.24832373884780473;0.21993803842289458;0.568469594476746;0.5076627092700565;10.002413304982975;0.7480512497515787;0.4171625896019416;1.0556070911732165;0.24816387468199907;0.62122800923457;0.20437127350872353;-0.5130478423942629;0.24791737678334236;0.5765087990135803;1.2202166968083596;0.5538429237961039
30.183377;1.1228907733528783;0.25120969443500707;0.2232991734149604;0.5566174340843011;0.4988807804914321;10.003181415428823;0.748093509438224;0.4171688055965524;1.0556051066293701;0.2510534019063541;0.6080733309422868;0.20765009512799895;-0.5044908666030813;0.25079740138520196;0.5644485371167254;1.2149595410218608;0.5471830640090879
30.183747;1.1188513013186636;0.2540718335774271;0.2266559632919311;0.5449460955111577;0.49018281843111927;10.003981917677162;0.7481357497153851;0.4171750514250853;1.055603363863962;0.2539184535967237;0.5951438243767289;0.21092989866142015;-0.49602489129760513;0.25365127020223355;0.5525772734146561;1.2097520340844206;0.5406794963610676
30.184118;1.1148467657643093;0.25690859778555825;0.2300064086000817;0.5334620812717746;0.481575749234488;10.004812008844658;0.7481780720798894;0.41718141494121247;1.0556019568547401;0.25675999900250723;0.5824455423981774;0.21420870954636914;-0.48765491645731457;0.2564799205407185;0.5409020143628165;1.2045950054345484;0.5343373472516899
30.184489;1.1108810663878805;0.2597232832257784;0.23335226009164037;0.5221680913917266;0.4730620373219499;10.005668303204564;0.7482205716171026;0.4171879668762674;1.0556009566616864;0.25958001030578864;0.5699815120142707;0.21748754908388984;-0.47938394204881013;0.2592853165633243;0.52942475200862;1.1994933312864025;0.5281609289056438
30.18486;1.1069552030796266;0.26251657813343116;0.23669350090407423;0.5110677376487675;0.4646463241834392;10.00654749798046;0.7482633028208509;0.41719475880128093;1.0556003921535004;0.2623784600389551;0.5577567436079061;0.2207674341448568;-0.47121896802764235;0.2620674394136571;0.5181514704943915;1.194446924820147;0.522158102317155
30.185023;1.1051580529231542;0.26374333462754995;0.23817745695126163;0.5062630119717538;0.4609923514858392;10.007447062552329;0.7483062670571878;0.41720183190185584;1.0556002674582594;0.2636123158972749;0.5524572562508778;0.22218938080776912;-0.46766499434518793;0.2632832775894844;0.5132621531695303;1.1923477002527123;0.5195956964942706
30.185187;1.103382746166976;0.26497152968566623;0.239662625246464;0.5015345419010699;0.45738595918394703;10.008365128203817;0.748349408857314;0.4172092240437192;1.0556006170197012;0.2648465347470038;0.547248095483653;0.22361140767814508;-0.46416302095623757;0.2644978257727984;0.5084547925735733;1.1902765764508345;0.5170940151965315
30.185322;1.1019013654935539;0.2659927450577281;0.24090026899798123;0.49767859857082086;0.45443840015438985;10.009299833159588;0.748392633079078;0.41721696473311914;1.0556015421202258;0.2658760574382356;0.5429983312898823;0.224785536052587;-0.46129904781750175;0.26550608624518124;0.5045323811545122;1.1886115263002166;0.515071609458581
30.185458;1.1004381980291096;0.2670169871589414;0.2421399353195415;0.4938846680423051;0.45153109621695314;10.01024864560487;0.7484358496482928;0.41722505847250424;1.0556032036440575;0.2669078088895905;0.5388200485864453;0.2259607910806931;-0.4584780748814883;0.26651506961586974;0.5006758932754688;1.186970601384088;0.5130969636420212
30.185593;1.0989934395484586;0.2680436008977487;0.2433809868496671;0.4901520832024222;0.44866372705057933;10.011207907302104;0.7484789970569212;0.4172334781726389;1.0556058017606973;0.2679417091977736;0.5347133416562061;0.22713520002783763;-0.45569910209419806;0.2675247939496195;0.49688428825395464;1.1853528824777613;0.5111680869185243
30.185864;1.0963100245897586;0.27009530045116764;0.2458360269016809;0.48284985712228407;0.44303585389957134;10.012172997427534;0.748522025756307;0.4172421819580458;1.0556095618492962;0.2699996822553928;0.5267173166404967;0.22952178748991506;-0.4502681293885754;0.26955728603402096;0.4894795293975263;1.182021414074675;0.5074263346877996
30.186135;1.0936976412606911;0.2721552589215023;0.24829424269096528;0.4757840876949122;0.43756832384347083;10.013138952320842;0.7485648791414701;0.41725112772817957;1.0556147259994897;0.27206465226103954;0.5189961028930133;0.23190857734537174;-0.44500015667274323;0.2715955788699311;0.4823185995851234;1.1787882081040035;0.5038691993083553
30.186406;1.091155496924171;0.27422204514553966;0.2507541280018514;0.4689496024644331;0.43225891396936184;10.014100873833986;0.7486075020418482;0.4172602722082361;1.0556215299848484;0.27413754224686004;0.5115408652084511;0.2342956009389431;-0.43989518383003;0.27364070212250746;0.4753945023879416;1.1756492980870905;0.5004954193518396
30.186677;1.0886818043757198;0.2762964338707618;0.2532164518578111;0.46233789984108814;0.42710265030245204;10.0150540459667;0.7486498813681396;0.4172695774445546;1.0556301634297123;0.27621728130086154;0.5043438018553977;0.2366819019527333;-0.4349462107334402;0.27569168011182843;0.46870025097055734;1.1726047436314313;0.4972970699910622
30.186948;1.0862759207766748;0.2783787537155006;0.25568136020407456;0.4559445744228443;0.42209776368274093;10.015993859547573;0.7486920817677808;0.4172790223350566;1.05564077185876;0.27830481046957833;0.49739812236661723;0.2390695326483484;-0.4301522372640059;0.27774954022084936;0.46222886096784327;1.1696505536445776;0.4942729581427436
30.187219;1.083937255556397;0.28046766071034046;0.2581474692836815;0.4497608003903281;0.417238305517177;10.01691551215662;0.748734240699435;0.4172885950778803;1.0556535070702826;0.2803980848591919;0.4906950276815181;0.24145754421699037;-0.4255082633229809;0.27981232172078546;0.45597434705291795;1.1667856257327545;0.4914169288251759
30.18749;1.0816629987779809;0.2825646589557477;0.26061653379734356;0.4437822763288529;0.4125231984263044;10.017813675546696;0.7487765508066485;0.4172982797705237;1.055668550685347;0.282499073608043;0.48422671525896177;0.24384597858474125;-0.4210112888302812;0.28188208479780874;0.44992970663957327;1.164006771820331;0.48872505184382176
30.187761;1.0794534624352192;0.28466848619623975;0.2630869995951891;0.43800296903800817;0.40794845526940604;10.018682374621214;0.7488192482084515;0.4173080612744447;1.0556861070527124;0.2846067510391818;0.47798739263536016;0.24623486672555098;-0.41665731371467535;0.2839579218585285;0.44408790625841577;1.1613117855485964;0.4861925592272084
30.188032;1.0773056915048946;0.28678000108276175;0.26556004661560967;0.43241434458790334;0.40350892106287756;10.0195152725649;0.7488625801906711;0.41731793669817624;1.0557064055543455;0.28672208463117527;0.47197027438826383;0.24862323703708303;-0.41244333790703086;0.2860409621420153;0.43844489001451714;1.1586995130257167;0.48381506806669744
30.188303;1.0752201271241066;0.28889902422513464;0.26803507074461336;0.4270145938046574;0.3992043382304913;10.02030622932164;0.7489067547453869;0.41732791890740917;1.0557296953202673;0.28884403678390036;0.4661685681593736;0.2510131269527154;-0.40836636134412435;0.2881303623696614;0.4329925894533553;1.1561668937803034;0.481589733774791
30.188574;1.0731946420048153;0.29102591682426154;0.2705126040710594;0.4217963449200149;0.39503021779124664;10.021049674732742;0.7489519083585839;0.4173380310434905;1.0557562250202925;0.2909735755046012;0.4605744623115815;0.25340358115960393;-0.4044233839813053;0.29022728905896134;0.4277269305056416;1.1537119360812071;0.47951215886925047
30.188845;1.0712274340002033;0.2931587613048999;0.27299100190175535;0.41675418852513096;0.39098369606499567;10.021740757575492;0.7489981104890674;0.4173482927505655;1.0557862191940022;0.2931096800809278;0.4551861153750976;0.255794637231625;-0.40061140580061355;0.29233089868534945;0.4226428507167581;1.1513346570346707;0.47757842677247486
30.189116;1.0693185956906768;0.29529998060542884;0.27547220084864127;0.4118825060192385;0.3870609535336395;10.022375576175355;0.7490453952711152;0.41735870533213415;1.0558198632350573;0.2952523461901601;0.44999264943906503;0.2581863179800296;-0.3969254268060396;0.29444132430165926;0.41773330528907665;1.149030013423016;0.4757829327801953
30.189387;1.0674654016296872;0.29744844965690825;0.27795558536437565;0.4071758539986001;0.383259275378558;10.022951330387254;0.7490937965082719;0.41736924379000895;1.055857329190902;0.29740359272526623;0.44498914840390674;0.26057763445780263;-0.3933644470110888;0.296560676589019;0.41299225504655657;1.1467978618662231;0.4741229006019944
30.189658;1.0656680331957296;0.29960317569906614;0.28043993873359957;0.40263056047026596;0.3795764818324783;10.023466193737015;0.7491433562952643;0.4173798661742268;1.055898805996716;0.2995614594199942;0.44017266323872006;0.2629705869527694;-0.3899254664308732;0.29868704621989145;0.4084176571175188;1.1446359970954572;0.47259550832696956
30.189929;1.063924593578343;0.3017661776061666;0.28292741041487157;0.3982413494997538;0.37600956919158446;10.023919147257473;0.7491940980119344;0.4173905323734615;1.055944458966017;0.30172599461831845;0.435534221157046;0.2653641631856622;-0.3866034850818571;0.3008205002436399;0.4040014524089935;1.1425412046347447;0.4711946498523319
30.1902;1.062234691863853;0.30393645648706674;0.2854169352214824;0.39400336631632554;0.37255534499407705;10.024309713162536;0.7492459963127976;0.4174012065527082;1.0559943568711676;0.3038992472977271;0.4310688159762074;0.267758340691023;-0.38339750298281583;0.30296308628448565;0.39974054805115294;1.140513250724157;0.4699181217991295
30.190471;1.0605973793235763;0.30611445851250385;0.2879089550690832;0.38991231354948386;0.36921131497550014;10.024637582959908;0.7492989682608433;0.41741185144765514;1.0560484556921803;0.306080267376476;0.4267753840302256;0.2701530960322825;-0.38030352015777824;0.30511384024377725;0.3956308171586176;1.1385498575084243;0.46876130786189135
30.190742;1.0590110192068332;0.30829871002305875;0.29040232353601647;0.38596309082956154;0.3659744396860626;10.024902672716765;0.7493528807831504;0.41742243374139865;1.05610663302814;0.30826810413775263;0.4226428044587491;0.2725474156294704;-0.3773205366392258;0.3072717857323504;0.3916661203966244;1.1366477366988568;0.46772153686826007
30.191013;1.057476253644405;0.31049199097063257;0.2928993073519628;0.3821525358298791;0.36284267625451844;10.025105580397112;0.7494075763096926;0.4174329295378601;1.0561687069576837;0.31046380225178605;0.41866892493533087;0.27494329673628154;-0.374444552466143;0.3094379320787428;0.3878423293714206;1.1348056446833807;0.46679551243633377
30.191284;1.0559913499799551;0.31269094151046406;0.29539705005418576;0.37847616464070627;0.35981349009083374;10.025247866260852;0.7494629050974395;0.41744331742311314;1.0562344307733893;0.3126684005839196;0.41485158317369636;0.27733973932523165;-0.37167256767601925;0.3116132735216303;0.3841563322877156;1.1330223894996316;0.46597910884913435
30.191555;1.0545547452317605;0.31489694870489976;0.29789710737587427;0.3749298645618426;0.35688454069392095;10.025332102105583;0.7495187352006557;0.41745356476792667;1.056303506406304;0.31487993004400494;0.4111806170984868;0.2797367418207601;-0.36900358229003744;0.313795789508886;0.38060302293803167;1.131295816004581;0.4652704710976407
30.191826;1.053167484507341;0.3171118541561461;0.30040071019112463;0.37151076043960773;0.3540536898464239;10.025362004405354;0.7495749379218041;0.4174636271171449;1.0563756138953138;0.31709940872750214;0.4076538622458924;0.28213330963361877;-0.3664335963033312;0.31598645264895797;0.3771782869848679;1.1296238121124396;0.46466479287666146
30.192097;1.0518268397037915;0.3193324974979388;0.30290541266746934;0.3682139905010738;0.35131810281935727;10.025342470186182;0.7496313832241817;0.41747346981138844;1.0564504220033302;0.3193268377744894;0.4042691378295446;0.28453146696845105;-0.36396160969127495;0.31818523475126675;0.37387899561293075;1.1280063124887871;0.46416148897248394
30.192368;1.0505328977456614;0.32156020810716207;0.3054122285862467;0.3650357614154967;0.3486749277665983;10.025279196925927;0.7496879530049724;0.41748307926501405;1.056527585328008;0.32156220346615616;0.40101824119326335;0.2869302518195504;-0.36158262241434824;0.3203921026703315;0.37070100546016044;1.1264392814547532;0.46375496374270614
30.192639;1.0492848624784608;0.3237955387379312;0.3079216909790332;0.361973416393846;0.34612260792683247;10.025178311868808;0.7497445393328446;0.4174924366806744;1.0566067514210604;0.32380549113144363;0.39789795633484387;0.2893296996881464;-0.3592976344151796;0.3226070185760618;0.36763915863777563;1.1249236784644185;0.46344493592591457
30.19291;1.0480806455665703;0.3260381193131894;0.31043382694750943;0.3590242331859448;0.34365988537726455;10.02504615319329;0.7498010401482117;0.4175014905501793;1.0566875736871721;0.3260557013165908;0.39490606792987454;0.29172983475472297;-0.3571016456312632;0.32482894912586613;0.36469228849743346;1.1234564213877374;0.4632264484717103
30.193181;1.0469202330327254;0.3282864935460995;0.31294700131938913;0.3561819832962048;0.3412814432660668;10.024888847283588;0.7498573870818862;0.4175101623707112;1.0567697204736812;0.3283148500525416;0.39203737671531963;0.2941296644192334;-0.35499365601675287;0.327059876711984;0.3618552286284959;1.122036383282373;0.4630970917417754
30.193452;1.045801717658123;0.33054375982565937;0.31546443538097435;0.35344629404835914;0.3389881000502066;10.024712237699593;0.7499135790470508;0.41751836068474935;1.056852894725281;0.33058095410701993;0.38928670689896855;0.2965311716693697;-0.3529706655494921;0.32929781049779844;0.3591238058728208;1.120662413461105;0.4630548871889913
30.193723;1.044724971740435;0.3328061463374963;0.3179822409805056;0.35081276184689103;0.3367762116770464;10.024522316471037;0.7499696899156988;0.41752598313643113;1.0569368596787714;0.332856023597313;0.38665290443017275;0.2989333164955255;-0.35103167422965686;0.3315447850549787;0.35649782100625915;1.1193323713452996;0.46309756836126936
30.193994;1.0436876908369876;0.33507569837415313;0.3205026835039172;0.3482769576289844;0.33464275104323477;10.024325132797838;0.7500258574911555;0.4175329215695104;1.0570214353539822;0.33513706934026855;0.38412983665152634;0.3013360492487256;-0.3491736820736669;0.33379784303348886;0.3539700412865541;1.118046194327412;0.46322201433464527
30.194265;1.0426899723193268;0.3373528400371543;0.3230257459702922;0.34583913145796663;0.33258835943293324;10.024126137171482;0.7500822532064498;0.4175390779172925;1.0571064715675804;0.3374271054685895;0.3817153951648741;0.3037393261433477;-0.34739468910215204;0.3360600204128892;0.3515392105199612;1.116799936430704;0.46342589570267884
30.194536;1.0417295436424892;0.3396356155806995;0.32554987284848763;0.34349332401279814;0.3306084786734314;10.023929852921322;0.7501390476987781;0.41754437646751114;1.057191834809101;0.3397251423251761;0.37940650337030213;0.30614212337568913;-0.3456926953327866;0.33833034432624814;0.34920206684244737;1.1155957027281056;0.46370623934485466
30.194807;1.040807244559884;0.34192570650003035;0.32807603859791096;0.3412373396186621;0.328701108037836;10.023740079836365;0.7501964050154801;0.4175487634151614;1.0572774059442562;0.34203017756109966;0.37719912741099065;0.3085464420118494;-0.34406470078054424;0.34060783936052713;0.3469553617606701;1.1144295606333725;0.4640613347658808
30.195078;1.039920048626073;0.34422289788423616;0.33060460303995975;0.33906932847879306;0.3268657135583135;10.023560146243966;0.7502544844551439;0.4175522063065148;1.0573630662725464;0.3443421887004963;0.3750892696979713;0.31095129474691663;-0.3425107054568009;0.34289253555145754;0.344794869619119;1.1133025390361726;0.4644897660274848
30.195349;1.0390675467685033;0.34652688140515286;0.33313500419214565;0.3369852037852749;0.3250987288667547;10.023392850938237;0.7503134325543022;0.41755469988146077;1.057448687080393;0.346662139989408;0.3730769407907318;0.3133566924934525;-0.34102770936287563;0.34518546783474524;0.3427203841446361;1.112211678005224;0.46498858926902703
30.19562;1.0382494654658339;0.3488367814571404;0.3356660735924233;0.3349833379604214;0.32339887101826814;10.023240277372375;0.750373394107706;0.4175562566700822;1.0575341488353078;0.3489900003056101;0.3711561363892619;0.3157626450222392;-0.3396127124898068;0.3474866648239799;0.34072671888526296;1.1111560525698203;0.4655549200864234
30.195626;1.0382409755794126;0.3488806119395545;0.33576709326175647;0.33497473733612343;0.3233620474693277;10.02310366596938;0.7504345224502099;0.4175568812710234;1.0576193645502305;0.34905074974508304;0.371132830799579;0.3158001557648931;-0.33958171482930133;0.3475211410721337;0.3407117167109104;1.111167776679769;0.46553085143140654
30.195626;1.038255598095042;0.3488713100645576;0.3358112793830495;0.3350110183094511;0.32336268240286486;10.022983409757543;0.7504969516771559;0.4175565667044412;1.05770426791465;0.3490593808900996;0.37115197969960145;0.3157842029583096;-0.33958171637972173;0.3475039028799832;0.3407382541397754;1.1111990079014418;0.46549402639831106
30.195626;1.0382730823619828;0.3488656280881422;0.3358593772511031;0.33504420019184267;0.3233609241619851;10.022879318895072;0.7505607663604409;0.41755530755600057;1.0577887801415347;0.3490719101661425;0.37116753339995645;0.31577273375986903;-0.3395797171421514;0.3474909573705893;0.34075823318586723;1.1112239411131135;0.4654599756631554
30.195627;1.0382946195655471;0.3488586166108129;0.3359060473233616;0.3350764454160051;0.3233584230410331;10.022790881033407;0.7506260091503684;0.4175530959494993;1.0578727847902112;0.34908438368494693;0.37118245612668493;0.3157626798652718;-0.33957671711717885;0.34747831090721715;0.34077656940059603;1.111244779882119;0.4654276244332411
30.195627;1.0383194693559614;0.34885608507522625;0.3359568654847737;0.3351043830669539;0.3233521176269197;10.02271733961272;0.7506927071103314;0.41754991666001007;1.0579561244585463;0.34910086678775043;0.37119272825320027;0.31575596944259426;-0.3395717163075895;0.34746995823531684;0.340788191613365;1.1112606966381893;0.4653978705408937
30.195629;1.03834491113484;0.3488608720626956;0.33601516051302516;0.33512483828787376;0.3233397541277141;10.022657739402437;0.7507608816175064;0.417545747842553;1.0580386384405054;0.34912543075523705;0.37119632800484226;0.3157585298497625;-0.33956271472227806;0.3474698771018516;0.3407900508488731;1.1112678258927302;0.4653736126220297
30.195633;1.038368244194231;0.34888160582362754;0.33608979130966765;0.33513130806622726;0.32331588421564705;10.022610810241655;0.7508305413336487;0.41754054294707804;1.0581202390047033;0.34916614208470514;0.371186223592727;0.3157782925614814;-0.33954371237891784;0.34748603520868493;0.3407751206356962;1.1112643188295985;0.4653561655656066
30.195641;1.0383838657837552;0.3489333385676023;0.33619671432056475;0.33510983097550856;0.3232687867156675;10.022575014857969;0.7509016866561183;0.4175342183378878;1.058200968081399;0.3492400544979354;0.3711483858017936;0.3158311912850351;-0.3395047093138153;0.3475353988542737;0.34073038988056653;1.111242386991311;0.46534933404931106
30.195656;1.0383802842162118;0.3490500184902373;0.3363719287014868;0.33503184017745147;0.32317452256524204;10.022549319078507;0.7509743337023734;0.4175266769495264;1.0582809745914152;0.3493792058397855;0.3710577910512966;0.31595215218720807;-0.33942870558951355;0.3476499360007193;0.34062786201252765;1.111188276967803;0.4653647147149953
30.195686;1.0383348788989004;0.34929552539946646;0.33668377700749985;0.33484430443462787;0.32298908349155264;10.022534035691637;0.7510485282857523;0.4175178368231058;1.0583604417211656;0.34964761390744986;0.37086140262395484;0.31620809075929757;-0.33927570127833284;0.34789361766342397;0.3404135555115403;1.1110712206767726;0.4654189338323819
30.195746;1.0382035242982566;0.34979992472765437;0.3372711511305413;0.3344373148653426;0.32262044333629925;10.022530733157554;0.7511243241817458;0.4175076340988174;1.0584395431727787;0.3501752752922076;0.37045915301196203;0.3167339137302405;-0.33897369643665526;0.3483964204830513;0.339979496400637;1.1108333885577426;0.4655519641958942
30.195867;1.0379006200476615;0.3508242975468809;0.3384124530424918;0.3336028310714066;0.32189491841085993;10.022541451078826;0.7512017416204427;0.417496010519551;1.0585184284834237;0.351222178829856;0.3696539455190123;0.3178005213051841;-0.3383786910965328;0.3494183283945147;0.3391187146439453;1.1103618749458743;0.4658455941582916
30.196109;1.0372636716720967;0.35288860078041556;0.34066099121010096;0.3319465590235467;0.32048270450898414;10.02256810613638;0.7512807394702685;0.4174829068374309;1.0585971944116899;0.3533123194710282;0.36808067846482256;0.3199458149934705;-0.3372266852723556;0.35148333307246793;0.33744224995587313;1.1094437307930807;0.46648304460092704
30.196351;1.0366492055827177;0.35495928314691527;0.34291014511180634;0.3303495164894165;0.31911960713862614;10.02261237361542;0.7513612149215259;0.4174682685419372;1.0586758695087075;0.35540769304576925;0.3665752719884006;0.3220917053914613;-0.3361256789695917;0.35355343574805953;0.33582315430110665;1.108551997357427;0.467173188256123
30.196592;1.0360582989977174;0.357035653055659;0.34515867765994807;0.32881091999876233;0.3178047424263542;10.022675855520758;0.7514430222892009;0.4174520500899891;1.0587544306186953;0.3575092829329976;0.3651336629243212;0.3242361074992652;-0.3350746721869033;0.3556296470895395;0.33426148758100527;1.1076867559644015;0.46791330957866045
30.196834;1.035488951343394;0.3591173242046328;0.3474066735247611;0.327327978824489;0.3165362061613602;10.022760357621836;0.7515259983195072;0.4174342123013395;1.058832800153344;0.3596160539434708;0.3637557724876168;0.32638092937420854;-0.3340706649137933;0.35771098361401704;0.33275431395601673;1.106847181327072;0.46870203948340466
30.197075;1.0349422597180957;0.3612046635710982;0.34965391354025827;0.32590013042738514;0.31531324785883097;10.022868047321381;0.7516099910276007;0.41741472934886525;1.058910819747192;0.3617289555609055;0.36243848695541486;0.32852406956368996;-0.3331146571324085;0.3597984679466978;0.3313007092285155;1.1060325068986943;0.46953812440804543
30.197317;1.0344148368157837;0.36329621597169487;0.35189989950806444;0.32452445950142955;0.314134175755592;10.023001404676089;0.7516948762623825;0.41739360355597466;1.0589882574481757;0.3638469350328017;0.3611796726434774;0.3306674235375762;-0.33220464882219136;0.36189113213789253;0.3298997756008242;1.1052429373551822;0.4704209994875466
30.197559;1.0339086328562936;0.36539479468791736;0.35414644009030094;0.32320098127083013;0.3129985018478821;10.023163236892993;0.7517805508375199;0.41737086255692263;1.0590648508326181;0.36596994762808827;0.35997920264550726;0.3328088897057315;-0.33133863996632634;0.36398901521173477;0.32854864637418396;1.1044776142914872;0.4713473391416841
30.1978;1.0334225636665535;0.36749895799959587;0.35639224551107257;0.3219284577776959;0.31190543847953217;10.023356870549184;0.7518669202170487;0.41734655173484425;1.0591403326744757;0.3680989527785201;0.35883296725956365;0.33495037718947407;-0.33051663055904673;0.36609315135869325;0.32724747595091674;1.1037356402327794;0.4723180647498716
30.198042;1.0329540058510485;0.3696077606142295;0.3586370268600668;0.3207031881053417;0.31085225817992573;10.023586082132308;0.751953894389803;0.41732074862473656;1.0592144279536633;0.37023290890124694;0.3577418773691994;0.33708981896356205;-0.32973762060583073;0.3682025542561713;0.3259944215583914;1.1030161132249918;0.4733305454103011
30.198284;1.0325029353872015;0.37172277897786404;0.3608820631045468;0.3195261277152386;0.3098399371687275;10.023854409145201;0.7520414003357404;0.417293573922265;1.0592868705686065;0.37237277422894527;0.35670287335867235;0.3392291749598695;-0.3289996101215561;0.3703182139688141;0.3247876294628551;1.1023201326078722;0.4743843191321883
30.198525;1.0320698854926926;0.37384298936010163;0.3631259773154822;0.31839456001534244;0.30886576663184234;10.024164174063028;0.752129402639902;0.41726517583904965;1.0593574544145479;0.37451650682465054;0.35571393410026064;0.34136641758561276;-0.3283015991350449;0.3724381134012935;0.3236262342818916;1.101644770752791;0.4754768018400331
30.198767;1.0316526645504984;0.3759688171381025;0.3653697892852057;0.3173069582823743;0.307929037835899;10.024515819758;0.7522179009619344;0.41723571014924254;1.0594260446877852;0.37666506213249695;0.3547750823572634;0.34350352149121616;-0.3276425876908304;0.37456324707802696;0.3225093665100418;1.1009910531901472;0.47660829994937853
30.199008;1.0312533990229535;0.37809144997601546;0.3676040982336748;0.3162655820246655;0.3070314635465634;10.024907996655777;0.7523069018097395;0.4172053373862809;1.0594925070171377;0.3788093894245617;0.35388538080299514;0.3456294660375524;-0.3270235758416986;0.3766846268525283;0.32143916372582454;1.1003599605298149;0.4777710524168892
30.199008;1.0313255755437758;0.37808055668927004;0.36760741906965794;0.316292698202774;0.307028412666542;10.025338401767883;0.7523963941965691;0.4171742275770187;1.0595566482383971;0.37881943325678935;0.3538749199203067;0.34560323566307044;-0.32702356363854485;0.3766722742146749;0.321409773055931;1.1003304416170527;0.4778022359531055
30.199008;1.0313980332980741;0.37807038933972426;0.36760916473877214;0.31631914407813166;0.3070254385479885;10.025804579749128;0.7524863462620139;0.41714255615427914;1.0596182401963166;0.37882913678946084;0.353862814629477;0.3455758194817934;-0.3270235511230617;0.3766602041209625;0.3213793405446209;1.1002994510026332;0.477836107652121
30.199008;1.0314707779150787;0.3780610230419833;0.36760943920218697;0.3163448410307954;0.30702257621535933;10.026304092227546;0.7525767121601927;0.4171104959599872;1.0596770499738175;0.3788384341935014;0.35384921093147875;0.3455472193857665;-0.3270235383279928;0.3766484125175599;0.32134801061074064;1.1002669840305788;0.47787253648504324
30.199008;1.0315431703735107;0.37805504952965563;0.3676110068073142;0.3163687466363145;0.30701913948948945;10.02683450778051;0.7526674399169969;0.4170782198999725;1.0597328198052012;0.3788502453333334;0.35383328107750983;0.34552045969760486;-0.327023525284052;0.37663987720755876;0.3213139350307149;1.100232070549315;0.477913536044461
30.199008;1.0316156893032467;0.3780502749989937;0.3676116009222374;0.3163912677163878;0.3070155294547042;10.027393413603495;0.7527584889069648;0.41704591172197397;1.05978526373413;0.3788604880590971;0.3538162004306346;0.345492582774213;-0.3270225120224993;0.37663056568553105;0.32128026456510095;1.1001967459046111;0.47795603514471324
30.199009;1.0316877962561386;0.37804905238466086;0.3676136937786779;0.3164117455387774;0.30701142787541297;10.02797819290482;0.7528498463482549;0.4170137630851163;1.0598341272042657;0.37887409347247664;0.35379712662657015;0.34546563106240785;-0.3270204985743261;0.3766254407706531;0.32124512965485996;1.1001580416779333;0.4780012714029312
30.19901;1.0317593877292381;0.37805402449392556;0.3676198557195067;0.3164273403886419;0.3070042778806415;10.028586012235824;0.7529415088868254;0.41698195424404305;1.0598792577405063;0.37889101146580717;0.35377419941395644;0.3454436365142155;-0.3270174849752897;0.3766244625432917;0.3212066359677051;1.100117005085266;0.47805193600901275
30.199012;1.0318282110537866;0.3780715239076315;0.3676369684318412;0.3164376055368338;0.30699445186700736;10.029214284712532;0.7530334535949491;0.41695065085664124;1.0599206359657418;0.37891920929451406;0.3537475515961316;0.3454306249874273;-0.32701147127188046;0.37663558859464785;0.32116187380212463;1.1000717068151702;0.4781093345963722
30.199017;1.0318926638621966;0.37811201027875446;0.3676756729762501;0.3164347437847917;0.3069749925762007;10.029860947265025;0.7531256622231081;0.4169200208290056;1.0599583493262454;0.37896766451986613;0.35371131369938164;0.3454396234717188;-0.3269994575186385;0.3766677785037139;0.3211079241384811;1.1000192214026057;0.47818061346741847
30.199027;1.031947865243946;0.3781957511979552;0.36775725794613845;0.31641001163971855;0.3069389540680496;10.030524121734901;0.7532181632888358;0.41689023264642777;1.0599925257780125;0.3790583549766528;0.35365661230608986;0.34548966311884843;-0.32697544376679355;0.37674300593535526;0.32103286277041904;1.0999546148762163;0.4782752336634285
30.199046;1.0319833607525843;0.37836779558692624;0.3679289694561912;0.316342428199033;0.3068691611802639;10.031201574645543;0.753311012221921;0.4168614361176979;1.060023293475787;0.37923425526444887;0.35356856439369183;0.3456257764139281;-0.32692743005712854;0.37690427001845606;0.32091677198944724;1.099863935424119;0.4784175001474263
30.199085;1.0319810758970682;0.3787124776322597;0.368278799221109;0.31618821292022065;0.30672861048078937;10.031890581690295;0.7534042383191616;0.4168337585303078;1.0600507772894532;0.37958034399839063;0.35341127055685756;0.3459339868594988;-0.3268324164249482;0.3772366010820313;0.3207197458694613;1.0997251800122743;0.47865414324577843
30.199162;1.0319055860482171;0.3794021607063862;0.3689861585523483;0.3158690778245066;0.306451994591667;10.032588049453523;0.7534978337456654;0.4168073117596548;1.0600750895483873;0.3802706172505593;0.353120814591242;0.3465873007003215;-0.32664340290902366;0.377914062860774;0.3203618775146102;1.0994922828473601;0.47907919678348254
30.199317;1.0316836024712026;0.380782272403442;0.3704117410844357;0.31522357076446555;0.3059045427306432;10.033290344298367;0.753591776277093;0.4167821889559305;1.060096303199919;0.38164709956615867;0.35257026908370126;0.3479317112876738;-0.32627338956325247;0.37927874598200084;0.3196902402446023;1.0990731661446413;0.47988694431507745
30.199627;1.031181235326389;0.38354163654795104;0.37327173248708184;0.3139571229601236;0.30483987910937027;10.033993058337016;0.7536860293449527;0.41675845200090783;1.0601144145986894;0.38440284306650196;0.35153270017712634;0.35065920706719245;-0.3255653764645544;0.3820237542657651;0.3184178763567863;1.0982997879892733;0.4814826654250321
30.199936;1.0306942373288352;0.3863059203840806;0.3761321263885487;0.3127372216582276;0.30381650473751004;10.034691029852722;0.7537805112997565;0.4167361272449303;1.060129320782875;0.38716091790628926;0.35054916498367067;0.3533857752237362;-0.3249003637036036;0.38477219176550687;0.31719380323737917;1.0975471335999014;0.4831198360453752
30.200246;1.030222453582267;0.3890778972099148;0.37899563292846217;0.3115605987876875;0.30283138837607976;10.035378371006994;0.7538750683872679;0.416715214026077;1.0601408301144333;0.3899234059359194;0.349620703630739;0.35611140669291924;-0.32427735137359887;0.38752614818924885;0.3160190343282743;1.0968162067463574;0.4847970576828176
30.200556;1.0297654598052792;0.3918218708222707;0.38182777951142693;0.31042717762752176;0.30188463447709984;10.036048604855281;0.7539694896254621;0.4166956923281756;1.0601486988380464;0.3926573958196313;0.34873933869521745;0.35880109850409453;-0.32369633957054283;0.3902526891468456;0.3148875922596602;1.096106064123232;0.4864875288368348
30.200751;1.0295087891450878;0.3935236881188268;0.3835759783490944;0.3097301176852366;0.30130377466807173;10.036695134247465;0.7540635716019144;0.41667752786972473;1.0601526671703247;0.39434697462796303;0.3481930882939364;0.36043984728713524;-0.32334932838639063;0.39193586336593395;0.3141805017261337;1.0956478373100507;0.4875608258917168
30.200947;1.0292581560102312;0.3951812152090079;0.38527850766201127;0.3090466464073156;0.3007355018977544;10.037311857126907;0.7541571822851261;0.4166606827470127;1.0601524714076713;0.3959912197773971;0.3476589768443252;0.3620286467827328;-0.32301931788514515;0.39357471336244754;0.31348877826821336;1.0951976939341048;0.4886122097702666
30.201143;1.029013327813048;0.39679305695738576;0.3869341263109887;0.30837898200407476;0.3001818692466133;10.037893647955565;0.7542502600192538;0.41664513347928545;1.0601478562245261;0.3975871903337416;0.3471370255294894;0.3635645012343952;-0.32270430808447387;0.3951662753718751;0.312814430617524;1.0947547648425549;0.48963743601420184
30.201339;1.0287770036880703;0.398358440973596;0.3885411062553494;0.3077277867794505;0.2996425888260596;10.038436462604258;0.754342759247528;0.4166308869796643;1.0601385911328571;0.39913492415603075;0.3466302342526931;0.3650474439302661;-0.3224062989659751;0.39671058050243907;0.31215647262785773;1.0943221006475203;0.4906371593231876
30.201535;1.0285470652132167;0.3998760388200564;0.39009898080202077;0.3070943860265999;0.29911943062871;10.038937008263979;0.7544346210653993;0.4166179818998493;1.0601244527393785;0.40063445127983993;0.3461385806437981;0.36647854560834975;-0.32212329050482186;0.3982076612552697;0.31151892931771735;1.0938986820129992;0.4916101298605313
30.20173;1.0283252178833577;0.401347623277012;0.3916088458462727;0.30647914628696327;0.29861214641602746;10.039392284204258;0.7545257877251786;0.4166064823554463;1.0601052034882998;0.4020848082475037;0.345662034657631;0.36785691306800394;-0.3218552826883064;0.39965655133926786;0.31089983495699136;1.0934854483138963;0.4925549119511798
30.201926;1.0281112923403943;0.4027714918081593;0.39306910946199786;0.305884062547781;0.2981226365041878;10.039799529934195;0.7546162113514775;0.4165964716636375;1.0600806155527311;0.40348803984305737;0.3452025628978357;0.36918568475386276;-0.3216032755103887;0.4010592765436135;0.3103012355337519;1.0930823311588558;0.49347375954741635
30.202122;1.0279057246657362;0.40414941448936753;0.39448131667159475;0.30530778306614087;0.2976494177251815;10.040156510117122;0.7547058459056689;0.41658804202289124;1.0600504990493225;0.4048441970440767;0.34476011886124347;0.3704640251566231;-0.3213652689634669;0.4024158451835397;0.3097241998878464;1.0926902842743713;0.4943640243012683
30.202318;1.0277061992841459;0.4054808899057209;0.39584584494727193;0.30475276365130155;0.2971955463050231;10.04046153510615;0.7547946454851758;0.41658128488998125;1.0600147058444527;0.4061523362830401;0.34433563940186845;0.3716941163731965;-0.3211432630433218;0.4037252506999907;0.309169830245138;1.0923102787359071;0.4952280550317607
30.202514;1.0275157201349374;0.4067681231957614;0.3971636397270578;0.3042183848346742;0.29675959662467694;10.04071331517805;0.7548825731930762;0.41657628097327315;1.0599731574588982;0.4074155172681548;0.34392905597349227;0.372876144361918;-0.3209352577466715;0.40499049359084455;0.308636259288697;1.0919403083091583;0.49606417566596367
30.202905;1.027103613599122;0.40918618901890963;0.3996667008815938;0.3032257523882274;0.29594177880448524;10.04091098459417;0.7549696077352437;0.4165730829325682;1.0599258911544307;0.4098077968207577;0.343190318189874;0.3751512855666851;-0.3205642530488719;0.40738560863571804;0.30766463070972955;1.0912994348283243;0.4976256209875425
30.203297;1.0267288943660673;0.4114283047845704;0.4019852313952686;0.3023226175574803;0.29520036702541486;10.04105423471079;0.7550557319021958;0.4165717046778536;1.0598730564413625;0.4120242176425691;0.34252641607528383;0.37724570641242927;-0.32024924888504785;0.409605670659689;0.3067830759255838;1.0907087826809634;0.4990887027016386
30.203688;1.0263926027636998;0.41349934723629544;0.4041230019370925;0.30150854107644115;0.294534867074297;10.041143519285146;0.7551409124722214;0.4165721264505249;1.0598148574116457;0.41406980040837943;0.3419373817231806;0.3791645717880758;-0.319989245150729;0.4116557768595319;0.3059896963434159;1.0901684754558842;0.5004549118825561
30.20408;1.0260935804332068;0.4154065813578702;0.4060870259630363;0.30078351443045814;0.293945851431855;10.041180116791478;0.7552250979330447;0.41657429829994863;1.0597514827356724;0.4159485517946268;0.34142427099617323;0.38091504550117855;-0.31978324171453687;0.41354003364509617;0.30528754906412414;1.0896796295985596;0.5017274791344674
30.204472;1.0258325171544929;0.4171544362303887;0.4078808923838705;0.30014613655812045;0.2934320039355072;10.041166022744815;0.7553082316166422;0.4165781369213448;1.059683056318778;0.41766847914418453;0.340985144985359;0.3825012826222165;-0.3196302384346071;0.41526655399488976;0.304673642416886;1.089241391824543;0.5029075238314735
30.204863;1.02560844268232;0.41874920123931214;0.40951069998297635;0.29959661154388123;0.2929939986706073;10.041103927334564;0.7553902765828615;0.4165835285997098;1.0596096432195088;0.419233590933363;0.34062006729047384;0.3839304259892296;-0.3195272351741682;0.4168394454927544;0.3041469495812434;1.088853915381439;0.5039973514914483
30.205255;1.0254209603689755;0.42019428294128774;0.4109795514890085;0.2991321132647601;0.2926293296772901;10.040997116821297;0.7554712456672565;0.41659033548659447;1.0595313122816512;0.4206498870449784;0.34032710948745143;0.3852066062484227;-0.3194742318141695;0.4182647971050625;0.3037064257665876;1.0885163013132517;0.5049990542879904
30.205646;1.0252694763054322;0.421497133880951;0.4122946095760357;0.2987513497640562;0.2923369847341081;10.040849231680099;0.755551193415978;0.41659839775209095;1.05944819419662;0.4219213525081978;0.3401053522262736;0.3863359381873754;-0.31946922825854296;0.41954668157058705;0.30335001564022096;1.0882275954680505;0.5059151802599652
30.206038;1.0251530385167331;0.42266258504660004;0.41346068506150735;0.2984517068403149;0.29211473408656946;10.040663904214254;0.7556301776176355;0.4166075351366325;1.0593604863768058;0.42305495515228325;0.3399528871413173;0.38732351769810813;-0.3195102244266045;0.4206921577710935;0.30307466103009706;1.0879868317667358;0.5067476920756935
30.20643;1.0250713279139667;0.4236948379346224;0.414481796167697;0.2982320973752243;0.2919616494766821;10.04044424132973;0.7557082480540088;0.41661755437445647;1.0592684210264538;0.4240546501588487;0.33986782170777946;0.3881734289592145;-0.3195952202468578;0.4217052673318976;0.30288130579665307;1.0877930535105986;0.5074979257797083
30.206821;1.0250225367925478;0.4245984460585455;0.415362972440881;0.29808898620834245;0.291874837655365;10.040192523149702;0.7557854579036303;0.4166282626802005;1.0591722356790565;0.4249243917331901;0.3398492786178438;0.3888917598484534;-0.3197242156672046;0.42259004544209056;0.3027638843608094;1.0876453014283782;0.5081701420334235
30.207213;1.0250074364873578;0.42537908016243753;0.4161093493117772;0.29802196827747923;0.29185373159454514;10.039910328869391;0.7558618620037364;0.4166394813541867;1.05907217304631;0.42567013894035577;0.33989438393428517;0.38948161205954895;-0.31989421066458307;0.42335253815255;0.30272231003053474;1.0875416095286827;0.5087644566217467
30.207605;1.0250225238866801;0.42603935547081323;0.41672485319599795;0.2980266130128819;0.2918950342601514;10.039598987156234;0.7559375038186005;0.4166510570593489;1.0589684991161548;0.4262958520589529;0.34000225007359225;0.3899500976965512;-0.3201042052387119;0.4239968007782985;0.30275348287734;1.0874810262861425;0.5092854044060301
30.2079;1.0250604395950678;0.42646986239965934;0.4171057881766541;0.2980701829823403;0.29196889959436495;10.039260076304986;0.7560124013774927;0.41666285955756416;1.0588615047362235;0.4266904902827822;0.340118973459156;0.39021532887131993;-0.3202881993999666;0.4244118878937933;0.3028203106299777;1.0874466411758672;0.5096275353641315
30.2079;1.0250831310501363;0.4265048254823609;0.41710603543462915;0.2980414632166064;0.29197759625801156;10.038895567380491;0.7560865316463767;0.41667476097505984;1.0587514780663938;0.42668901829944517;0.34010365005938936;0.39018140932034195;-0.3202881931607897;0.4244328535342204;0.3028077240244435;1.0873835883550722;0.5096164735155161
30.2079;1.0251043342216608;0.426540274645948;0.41710645413061564;0.29801104370320053;0.2919860449922049;10.038507643959473;0.7561598246160022;0.4166866258102061;1.058638661551077;0.4266884142072488;0.3400893838833761;0.39015043152508183;-0.3202881865303387;0.4244567514211248;0.3027956743007945;1.0873210269067564;0.5096025164749162
30.2079;1.0251246144689672;0.4265764428558259;0.4171073312936248;0.29798171381324184;0.29199678990143063;10.03809861971588;0.7562321703299458;0.41669832344922203;1.0585232457233187;0.4266866643397581;0.34007627562727544;0.39012048017071593;-0.3202881795095842;0.4244816264991162;0.3027841222233417;1.0872591136267444;0.5095841482946634
30.207901;1.0251440151898763;0.42661174893624;0.417107414939476;0.29795123869438966;0.29200764712416044;10.037671113334298;0.7563034318738118;0.41670973616570706;1.0584054198726003;0.4266857497835748;0.34006440483942957;0.3900926330039738;-0.32028817209039034;0.42450949946267375;0.30277303430417407;1.0871979691132783;0.5095622092101214
30.207902;1.0251633738563395;0.4266486354325891;0.41710905654750935;0.2979212231494269;0.29201995092534383;10.037228339445255;0.7563734722720432;0.4167207559789793;1.0582854009016884;0.4266846408733246;0.34005482044173346;0.3900689496202854;-0.3202891642612998;0.4245393509994525;0.3027623845867299;1.0871376592895698;0.5095389913756543
30.207905;1.0251829915388573;0.42668634581731807;0.4171117074745271;0.29789011455103215;0.29203209936064234;10.03677439798013;0.7564421782480225;0.4167312886195634;1.058163403297069;0.4266853008221495;0.34004654290557906;0.39004745941545055;-0.32029115601352787;0.42457311966749267;0.3027531551275655;1.0870792116806944;0.5095130970772304
30.20791;1.0252037537788723;0.42672716030661184;0.4171175243777813;0.29786057442570046;0.2920464464317529;10.036314115530255;0.7565094453722515;0.4167412590615701;1.058039620874041;0.4266886918111942;0.34004157853545613;0.39003016159025516;-0.3202941473448775;0.42461171203123044;0.30274533481769034;1.0870206385409151;0.5094862479819662
30.20792;1.0252252935021933;0.4267724965474533;0.41712826751848553;0.2978323938946769;0.29206290143273433;10.035852146590505;0.7565751439278343;0.4167505995411229;1.0579142516364326;0.42669777996596947;0.34003993827652435;0.39002002602516206;-0.3203011382580394;0.4246580103000489;0.30273891586680657;1.0869649461692155;0.5094628464534638
30.207939;1.0252504370879718;0.42682878099149757;0.41714920443235054;0.29780769415316205;0.29208270739256237;10.035392123838102;0.7566391080969088;0.41675923834099876;1.0577875118011022;0.4267185390114536;0.3400446412165192;0.39002098836667676;-0.3203141287519108;0.4247178719198767;0.30273688980068464;1.0869111355393035;0.5094474633033603
30.207979;1.0252781521255276;0.4269084431917534;0.41719295187935923;0.2977898137969746;0.2921093448870419;10.034936606277359;0.7567011516787507;0.416767119116683;1.0576596144747301;0.4267629544331652;0.34006171014268105;0.39003995764329924;-0.3203411188219188;0.4248031296513723;0.30274325012980846;1.0868611978075424;0.5094508440340664
30.208;1.0253066174210483;0.4269637073210472;0.417213684522008;0.2977670346973833;0.29213180767615615;10.034487576937977;0.7567610960268587;0.41677423115152173;1.0575307459082994;0.4267830221699474;0.3400701822971792;0.3900438378559713;-0.32035510847589316;0.42486559865638596;0.30274300177584923;1.0868091276441396;0.5094306616373037
30.208;1.0253344298833402;0.4269936433723956;0.4172110476843757;0.29773716132397204;0.2921482168608975;10.034046909819132;0.7568187973596948;0.41678060790588434;1.0574010769302542;0.426778733803818;0.34006912123098526;0.39003253809754934;-0.3203550977484162;0.4249050837306792;0.30273516929493055;1.0867549651937654;0.5093865972889096
30.208;1.0253637857938733;0.42702250899602223;0.41720776030239104;0.2977080003625065;0.29216537917306945;10.033616476848366;0.7568741699090907;0.41678629395781686;1.0572708119289196;0.4267740640586565;0.34006961214096887;0.39002396569987013;-0.320355086699681;0.4249453847329125;0.30272778903972314;1.0867017938724608;0.5093417310760764
30.208001;1.0253945438746013;0.42705128569227074;0.4172047781866696;0.29767988080705854;0.29218345164604514;10.03319797652605;0.7569271923978024;0.4167913186244877;1.0571402302418107;0.4267699841388658;0.3400727488798224;0.3900160194325986;-0.32035507540088864;0.42498730044508914;0.30272088313040507;1.0866496693045502;0.5092947618455562
30.208001;1.025426758995199;0.4270777470541516;0.4171998545176212;0.2976529793927224;0.29220241209191783;10.032792743552402;0.7569778653305151;0.41679569552859025;1.0570096778268288;0.42676448226847946;0.3400766179054128;0.3900095898351934;-0.32035606391967125;0.42502862448540313;0.30271444653269214;1.0865995773813963;0.5092473409294527
30.208002;1.025459906477588;0.42710532397422374;0.41719649535940473;0.29762704310649574;0.2922220078746073;10.032401677346062;0.7570261505949972;0.41679942908827877;1.0568795023965714;0.4267605557658046;0.34008328575554003;0.3900055616755688;-0.3203560523170815;0.4250721442279871;0.3027094590076123;1.0865494598788072;0.5091992581073922
30.208005;1.0254943713324607;0.4271326010224317;0.41719308551235934;0.29760233041788553;0.29224221789409144;10.032025485182103;0.7570719725049094;0.4168025076500598;1.0567499538929437;0.4267571866401289;0.3400917969959298;0.3900038142959685;-0.3203580406488888;0.4251166562759021;0.3027038935968112;1.0865002709187963;0.5091527238024265
30.20801;1.0255295226327388;0.4271616095990376;0.41719174800918546;0.2975803912391219;0.2922645443560155;10.03166536991253;0.7571152678017354;0.4168048946723486;1.056621097787916;0.4267553394184541;0.34010417738292653;0.39000621901229315;-0.32036202896429544;0.42516298423305265;0.30270071435305795;1.0864530217920432;0.5091095816731546
30.20802;1.025565876229729;0.42719512616167643;0.4171948660941484;0.2975607256877434;0.29228815998994706;10.031323596178535;0.7571560110776107;0.4168065360767049;1.0564927998802134;0.4267599843780719;0.3401204415284971;0.3900126367069905;-0.32036801731313075;0.42521598340930156;0.3026998825207773;1.0864077670717085;0.5090700435230008
30.20804;1.0256033995914107;0.4272385525171499;0.41720763290416857;0.29754707769184907;0.29231652876308684;10.031003278614481;0.7571942015496923;0.4168073716021045;1.0563647977901522;0.4267741143777189;0.34014460125903384;0.39002792722485263;-0.32038200575878184;0.42527854082569677;0.30270337113714696;1.0863645516198035;0.5090418763385598
30.208079;1.0256428531051327;0.42730329123732375;0.4172407893774084;0.2975422107821291;0.2923519346891003;10.030707773937703;0.7572298395355116;0.4168073280179209;1.0562367957881198;0.4268097384547305;0.34018266518883405;0.39005896952132435;-0.32040999437471834;0.4253625801201762;0.302715169599357;1.0863263684733697;0.5090342999162637
30.208159;1.0256879598735429;0.4274071184485719;0.4173100889883665;0.29755600782813635;0.29240279135944797;10.030440337901988;0.7572629086781117;0.41680630136389607;1.0561085245196995;0.42688586775492904;0.34024563992793966;0.39011867076667844;-0.32046598322420344;0.42548706356941846;0.3027462759164091;1.0862981437705581;0.5090661902555449
30.208318;1.0257460229397612;0.42758092411126547;0.41744261055574233;0.2976121592348646;0.29249000446438;10.030204125928359;0.7572933542432404;0.41680415410691296;1.0559797691296455;0.42703351137522644;0.3403645398961151;0.390222961114453;-0.3205829723451394;0.42568298309957947;0.3028186904192813;1.0862907570091145;0.5091707553733013
30.208635;1.025842028092549;0.4278578730500323;0.4176604376972546;0.2977744681680722;0.29266861510198383;10.030002322207844;0.7573210490154322;0.4168007325635059;1.0558503707956866;0.4272836830114913;0.3406133784833207;0.3903777915856612;-0.3208349617452639;0.4259813406348278;0.30300041456346505;1.0863390909975101;0.5093994065216962
30.208953;1.0259561483535309;0.4280629440566224;0.4178007774513348;0.297981517363044;0.2928842324427566;10.029837983293568;0.7573457782243472;0.4167958899080055;1.0557202053150299;0.42746540804949895;0.3408981286271932;0.3904611418679217;-0.3211089514032106;0.42621112558907764;0.30322444809793264;1.086413072124866;0.5095861753843068
30.209588;1.0262060774768222;0.4282631294311841;0.4178809784569895;0.2985301926971026;0.29339282410283374;10.0297134728929;0.7573672601454142;0.41678950578232876;1.0555891709906657;0.4276397236987926;0.34154569733093604;0.3904220265051497;-0.3217189412834369;0.4264333064085201;0.30379078412148247;1.0866726641925748;0.5098904727605497
30.210154;1.0264901263338648;0.4282257328582312;0.4177153181317862;0.299148285967226;0.2939575336288562;10.029629898062423;0.7573851881756793;0.41678150126625846;1.055457199112967;0.42757967802775215;0.3422349446040439;0.39016648686738925;-0.3223299313583891;0.42642084167140226;0.30442241473389514;1.0869758504100528;0.5100280039261885
30.21072;1.0268260784156062;0.42799649519393096;0.41734114316244103;0.29988250499793967;0.2946186283727107;10.029586784657008;0.7573992944939982;0.4167718432318085;1.0553242503618694;0.42732732857731404;0.34301871872326417;0.3897145764592527;-0.32299892161851956;0.4262156963611042;0.3051653525257723;1.0873456516919384;0.5100509644823013
30.211286;1.027209199932137;0.4275836997180962;0.4167684962680031;0.3007252245183596;0.2953697709908743;10.029582097912389;0.7574093923833725;0.416760541426069;1.0551902775242212;0.4268927291078129;0.3438908776157979;0.38907735304085383;-0.3237219120739501;0.4258278446305462;0.3060126445628452;1.0877781526057213;0.5099661204626686
30.211852;1.027635982270142;0.4269973688557902;0.41600870351670155;0.3016675006117933;0.2962029885611734;10.02961269523883;0.7574153485915169;0.41674765315268236;1.0550552278977232;0.4262839127525031;0.3448452908151436;0.38826387426087733;-0.32449290275851017;0.4252652589606608;0.30695636209110877;1.0882694891701108;0.5097775009081668
30.212418;1.0281027738742274;0.42624501668761006;0.41507079340881164;0.30270293882854654;0.29711284297243196;10.029674829625671;0.7574170307917268;0.4167332834337781;1.0549191179559534;0.4255118991030466;0.3458758313026359;0.38728518611826473;-0.32530889372968513;0.42453890961176927;0.3079895817062872;1.0888138072112041;0.5094926513231538
30.212984;1.0286062563361313;0.4253354630809498;0.4139649978768017;0.303823561976088;0.29809229227078465;10.029764371745461;0.7574142849459532;0.4167175636256491;1.0547820784385225;0.42458272263295543;0.3469743674202953;0.3861493089803437;-0.32616388506244465;0.4236547776792849;0.3091053738864607;1.0894082327444148;0.5091149581979939
30.21355;1.029142439864665;0.4242756768342359;0.4127000415113341;0.30502250459722724;0.299135612745665;10.029876959983765;0.7574069526846124;0.41670062403140506;1.0546443326753712;0.42350544789296063;0.3481367567610498;0.3848672351270241;-0.3270558768473335;0.4226218539935727;0.3102977967192071;1.0900488850562289;0.5086527100871637
30.214117;1.029709570539003;0.423074554235388;0.41128562808410707;0.3062930073009496;0.30023658539950426;10.030008177927305;0.7573949187381118;0.41668257924226915;1.0545061598143852;0.4222861623214554;0.3493548472376375;0.38344493454608625;-0.3279788691908755;0.421446121706913;0.3115588945516519;1.090730915548244;0.5081077875102358
30.214683;1.0303034284281458;0.42173729465836746;0.4097288629126513;0.30762797337448466;0.30138941538612235;10.03015361449926;0.7573781406327867;0.41666353028375946;1.0543678569645587;0.4209329651654884;0.35062448466574786;0.3818923599579208;-0.32892886221177314;0.42013554971970635;0.3128817057696557;1.0914515129694622;0.5074863739562944
30.215249;1.030920597365112;0.42027146572394003;0.40803883797284884;0.30902171226903175;0.3025894780956674;10.030308843103843;0.7573566440922749;0.4166435712788276;1.0542297071203843;0.41945295408795713;0.3519385153501422;0.3802174541363941;-0.3299018560368487;0.41869710452885395;0.3142612662148395;1.0922048751884605;0.5067930828686831
30.215815;1.0315608388765953;0.41868447150949106;0.40622321305833137;0.3104659499633107;0.3038287466815103;10.03046945718974;0.7573305200937432;0.41662278837610056;1.0540919596485963;0.4178512083462659;0.3532917785158091;0.3784271560663613;-0.33089485079677516;0.417135765156561;0.31568959705041433;1.0929902110584733;0.506032405922655
30.216381;1.0322142298965038;0.4169770522743345;0.4042869487401896;0.3119439546371306;0.30509386628330154;10.03063125868034;0.7572999140391055;0.4166012558574337;1.0539548350119972;0.4161327854834846;0.3546641029092901;0.37652839769419577;-0.3318938466204056;0.4154565280408499;0.31714968739161215;1.0937957602614408;0.5052015869161522
30.21689;1.032806451587589;0.41533955471463824;0.40244364054459547;0.3132813439257396;0.30623778638719135;10.030790398969012;0.7572649962313398;0.4165790277413552;1.0538185598818064;0.41448473017067344;0.355898323262536;0.3747330998363592;-0.3327798436298341;0.41384639900375814;0.31847048210479967;1.0945237683047393;0.5043818985063048
30.217349;1.0333408522758385;0.4137873869049928;0.4007064711521177;0.31448284625905154;0.3072646871268415;10.030943134443636;0.7572259390153776;0.41655612611502907;1.0536833781042176;0.41292407750490834;0.35699929758250254;0.3730531779511513;-0.33356184193718386;0.4123223779558558;0.3196548837039054;1.0951794251970046;0.5035867772964708
30.217807;1.033871513731043;0.4121637218056989;0.3989024469308349;0.315677547144234;0.30828409380090427;10.031085540622975;0.757182899457686;0.4165325402464326;1.0535495128975063;0.41129285711615093;0.35808490753087424;0.3713135548332613;-0.3343258416438926;0.41072644729638713;0.32083176765455407;1.0958328038280045;0.5027416552641515
30.218266;1.0343994510709178;0.4104717328604599;0.39703440901499504;0.3168630517632338;0.30929364109946195;10.031213607784721;0.7571360126875378;0.41650823857591474;1.0534171409739637;0.409595107494911;0.35915206079360024;0.3695191728153684;-0.33506984283997593;0.4090625708839269;0.32199799534240153;1.0964848291507334;0.5018492078503676
30.218724;1.034923168529983;0.40871401504815624;0.39510559042940263;0.3180371928130721;0.3102919203546376;10.031323295738561;0.7570854073290464;0.4164831858959157;1.0532864102884125;0.4078338832492561;0.36019870090696354;0.36767299782784146;-0.33579484560067324;0.4073336991921713;0.32315142276265413;1.0971323275709253;0.5009125589344353
30.219183;1.0354411446505523;0.40689521263778616;0.39312118928363166;0.3191981606164937;0.3112778548217202;10.031410403324301;0.7570312135316385;0.4164573557623749;1.0531574609685055;0.4060112417366435;0.36122481129909617;0.36577701056054246;-0.3364998499806681;0.4055417740614012;0.3242909140175889;1.0977751334465737;0.49993277143429715
30.219641;1.035954967485525;0.405016982577818;0.391082325383149;0.3203445160377633;0.31224977488690775;10.03147090871575;0.7569735424153479;0.416430736615605;1.0530304063230045;0.40413122458507444;0.36222841091454855;0.36383519161279465;-0.3371838560113093;0.4036907329994466;0.3254143522992869;1.0984121541104475;0.4989123955099961
30.2201;1.0364611194454787;0.40308066935970965;0.38899174831677;0.321475585080866;0.3132082666436581;10.031501750418238;0.7569124666894554;0.41640334040955634;1.0529053038032938;0.40219685229642393;0.3632085341870248;0.36184951330045495;-0.3378458637088592;0.4017835172901273;0.32652163634600867;1.099042342559052;0.4978524890130787
30.220558;1.0369621583104842;0.40109279240768364;0.3868549212253655;0.32258877855845564;0.31415025531689017;10.031500973510555;0.7568480214157967;0.4163752140501824;1.0527821829598747;0.4002101292201519;0.36416520513991113;0.3598229399174287;-0.3384868730904497;0.39982208383781837;0.3276096717420931;1.099665619210376;0.496756212463582
30.221017;1.0374555095992408;0.399053940633192;0.38467350875981565;0.3236843868747843;0.315076959476682;10.031467155376173;0.7567802100587372;0.4163464456163075;1.0526611083631077;0.39817404995567585;0.36509743694257135;0.35775843406546226;-0.33910488417899315;0.39780941040284545;0.32867836860441824;1.10028082995045;0.4956247203819226
30.221475;1.0379424477815373;0.396968181729954;0.3824510755742545;0.3247597214708967;0.3159855097160312;10.03139925714015;0.756709013065809;0.416317154686705;1.0525422022599342;0.39609260319638023;0.36600425008657944;0.35565897247993006;-0.3397018969838478;0.39574948911062335;0.3297266367204616;1.1008857685589544;0.4944619406357061
30.221934;1.038420534499536;0.39483578424338234;0.38018885685705384;0.3258148276372185;0.3168767332417197;10.03129680420978;0.7566343939383215;0.4162874689494068;1.0524256251161088;0.3939657747854014;0.3668856809529845;0.35352556421704984;-0.34027591148106673;0.39364232071147476;0.3307533737507561;1.1014822091439014;0.49326761596443014
30.222392;1.0388904896301083;0.3926619259788794;0.37789163128645664;0.32684827851543913;0.31774907594237706;10.031159600105353;0.7565563056938708;0.4162575069444597;1.0523115511174135;0.39179855443550865;0.36774078458029147;0.35136225414752364;-0.3408279276229126;0.39149291760675603;0.3317574642199513;1.1020669144331252;0.4920456773363193
30.222851;1.0393517309407012;0.39044791181484223;0.3755609223807759;0.3278594631661365;0.318602185554437;10.030987355981054;0.7564747090104172;0.41622737399103066;1.0522001449050808;0.38959194245203266;0.36856963868558684;0.34917110468621343;-0.34135694535771277;0.38930230290986656;0.3327388083444674;1.1026406326331295;0.4907971487394866
30.223309;1.0398033329854675;0.38819535996818666;0.37319868640714776;0.3288479024202041;0.3194359406779564;10.030779720456916;0.7563895893389736;0.41619716469632595;1.0520915407595328;0.38734895409172104;0.36937134025826485;0.3469541675542465;-0.34186396463000385;0.3870734963968818;0.3336963590014406;1.103203102153645;0.4895243990704453
30.223768;1.0402453551628512;0.38590853069254766;0.3708090735387022;0.32981268533393415;0.32024946663517123;10.030536579810729;0.7563009740450122;0.4161669647723756;1.051985841479497;0.38507162278153345;0.3701469977546653;0.3447134739536898;-0.3423489853654908;0.38480850274418793;0.3346301223530048;1.1037520767915703;0.48822909798349934
30.224226;1.040676688255279;0.38358945720809656;0.36839449899515225;0.3307518868935176;0.3210412251385168;10.030258357254892;0.7562089539244161;0.4161368438588307;1.0518831488281855;0.382762996728619;0.37089572124733566;0.3424520497314269;-0.34281100745899507;0.3825103182167001;0.3355381307703208;1.1042893419207502;0.48691291202512543
30.224685;1.0410967138625056;0.3812392409012558;0.36595628524699314;0.33166585970406887;0.3218117033284424;10.029946133228645;0.7561136907677919;0.4161068407430998;1.051783609771177;0.38042513024801117;0.3716176017784943;0.3401709271656552;-0.3432510307786965;0.38018094600886304;0.33642242820316753;1.104811695841402;0.48557744589293755
30.225063;1.0414362898764118;0.37927736012852775;0.3639216802789913;0.33240102416964806;0.322434492703621;10.029601617185806;0.7560153998953189;0.4160769523283061;1.0516874364413296;0.3784770787225433;0.37219869090543406;0.33828014295762177;-0.34359805518864955;0.3782394035169747;0.33713207388521965;1.1052339474053101;0.4844608201477124
30.225063;1.041441256601556;0.3792634013246621;0.36387694865393305;0.3323980740137179;0.32245036111694714;10.02922688386466;0.7559143232055087;0.41604714080726557;1.051594872692813;0.378477897626651;0.3722290019580792;0.33829573411127356;-0.3435980805721993;0.37824472108276064;0.3371311419447232;1.105237946338888;0.484444559977759
30.225063;1.0414453977127531;0.37924766215782046;0.3638312815242933;0.33239474204908065;0.3224659259607898;10.028823956494655;0.7558107204074299;0.416017356847599;1.0515061460294157;0.37847764199415607;0.3722595239951957;0.3383087339610571;-0.3435981068388886;0.37824693961459344;0.33712970500894435;1.1052415765616481;0.48442885853221473
30.225064;1.0414468886892128;0.3792300987866962;0.36378518776582364;0.3323887784363925;0.3224794093079387;10.028394592688219;0.7557048686649283;0.41598755146005134;1.051421474042588;0.37847736299264534;0.37229122417368005;0.3383231709758503;-0.34359913391696517;0.378247111615181;0.33712881365949654;1.1052457210899158;0.48441710243500596
30.225065;1.0414479724919108;0.3792108950279179;0.3637379674262122;0.332382974809532;0.3224926104001062;10.027940309346643;0.7555970506588391;0.41595767259420946;1.0513411201013154;0.378477100811653;0.37232304313628367;0.3383350699932817;-0.34359916173822;0.37824530115154537;0.3371284839224486;1.1052492734093236;0.48440489347779053
30.225067;1.0414459858487641;0.3791862815033131;0.3636868683401008;0.33237750060124427;0.3225063071693277;10.027462708792187;0.7554875393837819;0.41592766817168414;1.0512654119135514;0.37847188134929993;0.37235690582437736;0.3383434463874982;-0.3436011902256755;0.3782365781918994;0.3371286997703678;1.1052531646137087;0.4843934603437774
30.22507;1.0414432532725482;0.3791514607234374;0.3636264502692846;0.3323733190607807;0.32252052286304067;10.026963869916846;0.7553765736523745;0.41589748650594915;1.0511946922255904;0.37845871711807333;0.3723927420782408;0.338343301286478;-0.3436042192988879;0.3782180147273398;0.3371324312799379;1.1052583587907325;0.48437834471552393
30.225077;1.0414408599677532;0.37909780107393376;0.3635480668187139;0.3323749730926222;0.3225391305037093;10.026446087033289;0.7552643321163081;0.4158670675396188;1.0511292836287267;0.37842860620867647;0.37243448906741816;0.33832463264769413;-0.34361124888630723;0.3781806841181441;0.33714265091143164;1.1052668548454863;0.48435439235189004
30.225092;1.0414408347317723;0.3790061108983772;0.3634326392580525;0.33238776059122743;0.32256647760712825;10.025911258891208;0.7551509356905354;0.4158363428165808;1.0510695137632668;0.37836053273495873;0.37248507814747195;0.33826944655997987;-0.343624278924415;0.3781036573055396;0.33716533262638315;1.1052826966694427;0.4843100867419931
30.225121;1.0414509508868903;0.3788388603036267;0.36324149044471254;0.33242854121179105;0.322616285471637;10.025360771804861;0.7550364686424486;0.4158052313302014;1.0510157351759166;0.3782184708258771;0.3725574329943749;0.33814174983500406;-0.34365030935053975;0.37795100206507326;0.33721344609240583;1.1053129592968738;0.4842247989541853
30.225179;1.0414829089780617;0.3785185296852477;0.3628961656243113;0.33252246177177647;0.3227090404844509;10.024795789461047;0.7549210059631929;0.4157736288991648;1.050968294422563;0.3779263900457978;0.37267047646679574;0.33786654277402667;-0.3437013401015266;0.3776467917277937;0.3373159612992354;1.1053747202478097;0.48405410266414906
30.225296;1.0415613814570868;0.37789503765104454;0.3622440230994075;0.3327256101752547;0.3228909685906622;10.024217619074898;0.7548046432158542;0.4157414197145994;1.0509274809369975;0.37733225748226684;0.37286312991508175;0.3372968345815185;-0.3438043711143129;0.3770391082371448;0.33752286059243314;1.1054990389853354;0.4837139064780032
30.225528;1.0417373034502873;0.3766615366696767;0.36097290402134846;0.3331454380292555;0.32324951028906407;10.0236280554455;0.7546874939678385;0.41570849793549064;1.0508934833715105;0.37612803020314917;0.37321531426210514;0.3361336628282515;-0.34400340232250026;0.3758200316969967;0.3379381528733694;1.105745966588228;0.48302650796523006
30.225994;1.0421006197211273;0.37419392014521347;0.3584533119372664;0.33398185291012145;0.3239486498774012;10.023029458512594;0.7545696580588651;0.4156747795748048;1.0508663588410652;0.37369164784907216;0.37386596550715034;0.3337760892604733;-0.344386433649819;0.37336763831712855;0.33875487624573664;1.1062285678554444;0.48163801910577503
30.22646;1.0424513132410498;0.371703120410879;0.3559185369049248;0.3347916248176151;0.32462380370031446;10.02242452048858;0.7544512124008154;0.41564021022362513;1.0508460210748523;0.37123203421789464;0.3744890499322587;0.3314071816278278;-0.3447464650056508;0.3708910073730742;0.3395440806687297;1.10669692147439;0.480232838178939
30.226775;1.0426712482637508;0.3699986586921906;0.35418551942162063;0.33531790243336745;0.32506489975652586;10.021816010247258;0.7543322312444459;0.41560476153368797;1.0508322684199602;0.36956210257237604;0.3749035508144528;0.32980600245817543;-0.34497749628221885;0.36920321293956143;0.34006081196118154;1.107004095272541;0.4792738905332768
30.226775;1.0426401614720824;0.36997884431822214;0.3541559663839649;0.3352965606986712;0.3250558665515196;10.021206572626479;0.7542128052726148;0.415568423650942;1.0508248552699555;0.36957676546096574;0.3749304302285166;0.3298296023923892;-0.3449775273523137;0.3691993070031844;0.3400521135932987;1.1070010927487453;0.47927568840988827
30.226775;1.0426081800415585;0.3699561172372362;0.35412502961168696;0.33527528089048925;0.32504513939922497;10.020598593149597;0.7540930465148998;0.41553120975928487;1.0508235531439223;0.36958894307954604;0.3749566069610226;0.3298520158017598;-0.3449775580781935;0.3691923137724011;0.34004403372520386;1.1069988309162322;0.47927592957918713
30.226776;1.042573278468576;0.36993274086426403;0.35409559395938556;0.3352541000762495;0.32503338512481306;10.019994216779931;0.7539730895410667;0.4154931619924854;1.0508281773304062;0.3696025582293198;0.37498296606698356;0.329874265896958;-0.34497858833015005;0.3691862348467217;0.34003462247225524;1.1069951874966046;0.4792759804722081
30.226776;1.0425385029058656;0.3699075781616634;0.3540655330684044;0.33523391740934005;0.3250205716326497;10.01939528380936;0.7538530970432317;0.41545435303451217;1.0508386099930032;0.3696135279153639;0.37500837090722416;0.3298953742113914;-0.3449786179944649;0.36917706098271424;0.340026922889987;1.1069920216385913;0.479273683556007
30.226778;1.042501347373071;0.3698761458824784;0.3540314048576548;0.3352144358203659;0.3250072775943233;10.018803156769424;0.7537332544322306;0.41541488610441496;1.0508548037433871;0.36961976551712056;0.3750336658990458;0.3299133649698693;-0.3449806469664986;0.36916278958144655;0.34001996993029726;1.1069891495101372;0.47926980105742445
30.226782;1.0424642891361107;0.36983461906847737;0.3539887265377671;0.3351985543434112;0.32499563996766123;10.018218684033451;0.7536137382287169;0.41537488942082346;1.0508767469682954;0.369615191728108;0.37506068576905627;0.3299212639134228;-0.34498267513821895;0.3691374388342025;0.34001580802996684;1.1069873450577092;0.47925802127322886
30.22679;1.0424278718059703;0.3697718768698035;0.35392668411738826;0.33518971503741135;0.3249889115482423;10.01764232599706;0.7534946872258261;0.4153345034822326;1.0509044316048868;0.36959174750675045;0.37509026956777103;0.3299110929742874;-0.3449887023877765;0.36909304336452753;0.34001850859638955;1.106987367212257;0.4792356504430026
30.226805;1.0423959946115646;0.3696680674389209;0.35382494570648015;0.3351928360170367;0.32499068817543625;10.01707435477994;0.7533762129924831;0.4152938641496458;1.0509378383341066;0.369527395551296;0.37512726885078657;0.3298628657804862;-0.3449997285824585;0.36900762961552297;0.34003315672603535;1.1069939931013704;0.47918948892828206
30.226835;1.0423735800702525;0.3694839811245615;0.35364425894273843;0.3352211895217783;0.3250122059472651;10.016514628767435;0.753258407973869;0.41525309361911866;1.050976915362449;0.36938210439935654;0.37518154948666443;0.32973759107434775;-0.3450207535920297;0.368841192385099;0.3400718227438811;1.1070130349123821;0.47909602161448644
30.226896;1.0423737443405838;0.36913733732670667;0.35330127811275647;0.3353018323451067;0.3250753470195334;10.015962150725603;0.7531413130594324;0.4152123046035879;1.051021559503015;0.36907583526486665;0.37526898696329897;0.3294582806833698;-0.3450637772952956;0.36851369434473136;0.340160546744952;1.1070603377328003;0.47891046732993336
30.227016;1.0424182427317377;0.36846973001829847;0.3526367412817568;0.33548615883857785;0.3252226538830692;10.015415613611488;0.7530249044165788;0.41517160574792117;1.0510716217937133;0.36844754299940824;0.37542746264698845;0.3288729553145817;-0.3451487995779518;0.36786408254972497;0.34034833666040837;1.1071627895999836;0.4785421202189088
30.227258;1.0425536228753796;0.3671659818719793;0.35133279201094386;0.3358701916090953;0.32553179469932036;10.014874588247494;0.7529091328225341;0.41513109956309974;1.051126935793006;0.3671841783134638;0.37572387182535705;0.3276796466025479;-0.3453138203262395;0.36657930064069383;0.3407271812304027;1.107377327498232;0.4778105907907164
30.227742;1.0428618559258893;0.36461604903241746;0.34877762524794537;0.3366420128993387;0.3261576042035495;10.01433993738712;0.752793958154608;0.41509087385664944;1.051187346170223;0.36467569016509793;0.3762891314805353;0.3253053955207456;-0.3456288394171643;0.3640492911156702;0.341477067664132;1.107808917107847;0.47637575428490075
30.228226;1.043155165009424;0.3621151636470064;0.3462776330964529;0.33738486221847985;0.3267582575937908;10.013813361465985;0.7526793487454195;0.41505099621782204;1.0512526829972308;0.36221503744646677;0.3768281714521043;0.3229882475834231;-0.34592185671511894;0.3615670001067408;0.3421989834273245;1.108219525446648;0.47496970737956096
30.228468;1.0432680048317877;0.3608641716409352;0.34503821227854264;0.3377355855362278;0.3270372058379823;10.013296770078947;0.7525652749392482;0.4150115276749713;1.0513226921688241;0.3610062001149253;0.37709092342982187;0.3218662437421787;-0.3460618720823854;0.36033639299631387;0.3425449127302418;1.1084081009027564;0.4742718151215023
30.228468;1.0432094973437007;0.3608382579813863;0.34503118920755216;0.33771434391227384;0.32701128168404;10.012791888974432;0.7524517113186662;0.4149725520807296;1.0513970336733256;0.3610221758071065;0.37709332206491564;0.3219044108376857;-0.3460618853976114;0.36033046705560245;0.34253484319649635;1.1083845712281877;0.4742616133294889
30.228469;1.0431482198301694;0.3608089132434697;0.34502288427854383;0.33769342322690105;0.32698502344850555;10.012300156147216;0.7523386429971456;0.41493419114409;1.0514753598003976;0.3610349664973314;0.377094302652177;0.32194075684116413;-0.3460618965693757;0.36032124298503804;0.34252577107718324;1.1083598569035147;0.474246999151605
30.228469;1.0430848550328586;0.3607796311052359;0.34501625879604975;0.3376735885562795;0.32695890592956517;10.011822767260787;0.7522260688477462;0.4148965855212779;1.0515573740169581;0.3610475654732269;0.3770917924151335;0.3219792699723685;-0.34606290553045105;0.36031174381217984;0.34251670009955726;1.1083318761983556;0.4742312773241431
30.228471;1.0430181322891738;0.3607469396653675;0.34500822861348557;0.33765411187300903;0.3269325524777582;10.011360762979974;0.7521139844539224;0.41485985704162703;1.0516428390002384;0.361057953732043;0.37708871985240416;0.32201492222556827;-0.34606291221838065;0.3602999829519481;0.3425076394071411;1.108302523882087;0.47420953007390454
30.228473;1.042949611404014;0.36070833088320126;0.34499567659038244;0.337637783498971;0.3269080623656144;10.010914865981551;0.7520023612821614;0.4148240880540362;1.0517315656579755;0.36106210891407897;0.37708303773891005;0.3220476753067509;-0.3460639165697417;0.36028196598339035;0.34250159373663;1.1082716278507692;0.4741832220123499
30.228477;1.0428782592589174;0.3606584927471939;0.3449736472525751;0.33762483629522977;0.3268858684977982;10.010484980931839;0.7518911721116731;0.41478932855011147;1.0518233920887337;0.36105401147690724;0.3770777351762787;0.32207048549633305;-0.3460669185327723;0.3602517001347796;0.34249755497121254;1.1082399320355631;0.4741482831624798
30.228486;1.0428052263977403;0.3605850875150624;0.3449297636189358;0.3376173739959843;0.32686752144543013;10.01007010690544;0.7517804452029302;0.41475559813094254;1.0519181525986312;0.3610246414651244;0.37707384251749093;0.32207330943422263;-0.346071918073853;0.36020020521182233;0.3425005182947126;1.108208148829298;0.4740978377800793
30.228504;1.0427356473402494;0.3604675013047638;0.34484247559449366;0.33762581031544653;0.32686134185031374;10.009669040291662;0.7516702713703933;0.41472287485685083;1.0520156685738404;0.36094998201567885;0.3770764299112802;0.32203410962993556;-0.34608191516937414;0.36010351449209066;0.3425165035429475;1.1081810328792459;0.4740190416315658
30.228539;1.0426737553782903;0.36026071766817447;0.3446672109085755;0.33766081056348657;0.32687621017156865;10.009280956492546;0.7515607578809747;0.4146911033966756;1.0521157676148116;0.36078502731821616;0.3770965966402767;0.321912858433792;-0.3461019097991431;0.3599166673792027;0.34255754643390535;1.1081664190910099;0.4738883196298294
30.22861;1.0426314556500527;0.35987546241622065;0.3443144724300958;0.33774996593127915;0.3269348382768118;10.008905244304412;0.7514519916516227;0.41466021716001517;1.052218287844808;0.36044377595117344;0.3771494714708944;0.32162454546400676;-0.34614090195098945;0.35955371109171685;0.34264967605056756;1.108177226910421;0.47365448010526406
30.228753;1.0426336514999144;0.3591384304584488;0.3436099816660222;0.3379437996860666;0.32707783820327824;10.008541217561694;0.751344040311755;0.41463014353242533;1.0523230682410474;0.35975021319268474;0.3772732223954237;0.3210061857940515;-0.3462188916291001;0.358838711822667;0.342841912719665;1.1082434232342473;0.47322155595864457
30.229037;1.042723820172613;0.3577064051678333;0.3422107499462108;0.3383405197880152;0.3273856878848832;10.008188196572881;0.7512369621047105;0.4146008034035892;1.0524299628341383;0.35836029994737384;0.3775330478320208;0.3197348178324994;-0.3463678788541821;0.3574277584868201;0.34322828291511304;1.1084189727275577;0.4723946304032727
30.229606;1.0429821401760901;0.3549234276830476;0.33946304973658775;0.33911698642256727;0.328002636182694;10.007845630595288;0.7511308015842938;0.41457212253300907;1.0525388814995256;0.3556199768834469;0.37804315033853125;0.3171974897119113;-0.3466458636523553;0.35466695210266863;0.3439748266972553;1.1088038388437929;0.47080550884195727
30.230174;1.0432159430499692;0.3522073888886068;0.33678919926954604;0.3398468428053108;0.3285800602724541;10.007512926609627;0.7510255755869498;0.4145440382220682;1.0526498325748963;0.35294517919397406;0.37851271746668286;0.3147342453384608;-0.34689484604546206;0.3519723913858974;0.3446745910515137;1.109158005148955;0.46925142207350035
30.230743;1.043426081523477;0.34955636262314704;0.3341868610142983;0.3405318870456885;0.32911961273801477;10.007189039388473;0.7509212601223985;0.41451649513828687;1.052762920336563;0.35033685158577565;0.37894091249937756;0.31234111991641433;-0.347117826054747;0.34934516449048475;0.34532962093375563;1.1094814658030345;0.46773113522748255
30.231312;1.0436125633655073;0.34697119842174007;0.3316566369139591;0.34117244974179256;0.32962180422483073;10.006872263145624;0.7508178035470626;0.41448944327632575;1.0528782824481047;0.34779195695393916;0.37932786688041886;0.3100181453133777;-0.34731480371414786;0.3467823440058257;0.34594095372966444;1.1097752205993143;0.46624393449468493
30.231881;1.0437772108127177;0.34444949334594427;0.32919544731714034;0.34176945867771485;0.3300871325529454;10.006560627395363;0.7507151622866572;0.4144628439097294;1.0529960306843553;0.3453114735024181;0.37967767918327544;0.30776235599442425;-0.34748777908370415;0.3442849865217954;0.3465096197933497;1.1100412883813342;0.46478863728131664
30.232449;1.043920745356422;0.3419915319109868;0.3268031766495468;0.34232578530852414;0.33051828003060363;10.006252555469457;0.7506133113030857;0.4144366774571644;1.0531162400252718;0.342892380742471;0.3799894254210829;0.3055717849548202;-0.34763675225175045;0.3418501413160266;0.3470376468575955;1.110280695615904;0.4633633369758353
30.233018;1.0440433783583132;0.33959360432438734;0.32447609539622396;0.3428426740695498;0.3309165065611336;10.005947074703537;0.7505122271795442;0.41441093873989737;1.053238978653406;0.3405336456533595;0.38026617486738984;0.30344445291939276;-0.34776472332708913;0.3394768553845739;0.34752604916531155;1.110492451741139;0.46196845565909267
30.233587;1.044147957096791;0.3372567481077725;0.32221421452465676;0.34332194854746206;0.3312827733136688;10.005643540577926;0.7504118780012581;0.41438562721651456;1.0533643430027293;0.33823421943100807;0.38050799422268583;0.3013793632024742;-0.34786969244024607;0.3371641678885703;0.34797780155491936;1.1106795689406317;0.4606013283990878
30.234155;1.0442332721890368;0.334978296050315;0.3200152373209514;0.3437650726860421;0.33161895219798154;10.00534158983612;0.7503122200899898;0.4143607479934576;1.053492424472975;0.33599304281702946;0.38071894025423414;0.29937450744165905;-0.34795565975233894;0.33491110566561966;0.34839283269555626;1.1108421272753475;0.4592631191154158
30.234724;1.0443008590200407;0.3327571189966904;0.31787744474094576;0.34417299192829337;0.33192553312768397;10.005041525386396;0.7502132073964917;0.41433631202264765;1.0536232073828966;0.33380805330804864;0.3808980593356199;0.2974278762402401;-0.3480226254515431;0.3327156825175283;0.3487750462766357;1.110982306355527;0.45795195783906406
30.235293;1.0443516507194406;0.33059073950358087;0.3157979821821171;0.3445485655066304;0.3322049967739932;10.004744551450257;0.7501148302207464;0.4143123318015343;1.0537564940205013;0.33167819441355506;0.38104838572261385;0.2955384628921419;-0.3480715897370103;0.3305768999132873;0.34912434196268943;1.111101331684254;0.45666735156633687
30.235861;1.0443862901528655;0.32848050758523567;0.3137777255027942;0.34489338263141234;0.33245869210514634;10.004452751543266;0.7500171447797934;0.4142888251415164;1.0538919111468676;0.3296014224299513;0.3811719323999044;0.29370325607801595;-0.34810355280225774;0.3284927518580183;0.3494426271835734;1.1111984016122634;0.455407483424102
30.23643;1.0444054691787807;0.326422446490256;0.3118124676980387;0.3452093701362277;0.3326882942935062;10.004168898267064;0.7499202468082348;0.41426582488645647;1.054028985768869;0.3275767016817337;0.38126969483829537;0.29192323161485123;-0.34812051482276296;0.32646222912092;0.3497318359827595;1.1112776717468962;0.4541738868879286
30.236999;1.0444098194678575;0.32441832972502904;0.30990356287800624;0.34549678597778954;0.33289393715033216;10.003895932492922;0.7498242188747875;0.414243383369129;1.054167230300817;0.3256029937101306;0.381342672393118;0.29019435248162695;-0.3481214759499641;0.3244843162532265;0.3499939524329333;1.1113372851710717;0.45296260316429154
30.237568;1.0443995837532463;0.3224629634175332;0.3080458658068913;0.34575838567672984;0.3330782864228618;10.003636428540293;0.7497291057544595;0.41422156617059386;1.054306184828801;0.32368025208890056;0.3813928882717678;0.2885165696215704;-0.3481094363156285;0.32255898759763924;0.35023001240894336;1.1113804077667984;0.451775359235538
30.238136;1.0443763283053646;0.320558621074395;0.30624099142567884;0.34599544837678914;0.3332421880535018;10.003392413198158;0.7496349115019663;0.41420044241048926;1.0544454373440388;0.3218044232863919;0.3814213911817072;0.2868878137180149;-0.3480843960396101;0.32068220913207945;0.35044107917982975;1.11140723263557;0.450610342621976
30.238705;1.0443401006738093;0.31870306740981047;0.30448669572922515;0.3462083286990209;0.33338609448817347;10.003165549023729;0.7495415941678593;0.4141800790773668;1.0545846403782477;0.3199764488543256;0.3814302474158539;0.2853059866139002;-0.3480473552302015;0.3188549424025561;0.3506292187963276;1.1114179540830467;0.44946655923590784
30.239274;1.044291989898208;0.3168941557417682;0.302780490801553;0.3463998030309232;0.3335124546593374;10.002957469131267;0.7494490710352758;0.41416053954313525;1.0547234980281963;0.31819426963706265;0.3814205383560919;0.28377196337786537;-0.34799931398152273;0.3170751498820765;0.3507964899397212;1.1114157604835069;0.44834499803847583
30.239842;1.044232989711686;0.3151313793754638;0.3011214469949268;0.3465704175958774;0.3336216275728514;10.002769787235199;0.7493572275962229;0.4141418918623132;1.054861714433242;0.3164568324517609;0.3813923580564483;0.2822816021461672;-0.3479402723714896;0.31534180250184374;0.35094293875441046;1.1113998363206448;0.44724283290987604
30.240411;1.044164135871378;0.3134151679324342;0.2995094835723376;0.3467219326487343;0.33371512061130265;10.002603674168421;0.7492659110233016;0.41412421815308326;1.0549989509584925;0.31476409275742145;0.381349812003878;0.2808357580125633;-0.34787223046007276;0.3136548836947057;0.35107159227744034;1.1113713306231523;0.44616208753745235
30.24098;1.044085651128211;0.3117422334046369;0.2979411829031261;0.34685576364195203;0.3337943658320102;10.002459584044908;0.7491749405494432;0.41410760708836053;1.055134841689402;0.31311301026260874;0.3812920236858052;0.2794312956774043;-0.3477961882932528;0.31201139066222644;0.3511814585734392;1.1113303271920603;0.4451016163640306
30.241548;1.043998531577214;0.3101144994882651;0.2964178824688666;0.34697245920961645;0.3338597175916155;10.002337514047586;0.7490841399606445;0.41409213569258285;1.0552690462374854;0.3115025436851777;0.3812201336396458;0.27806808984869746;-0.34771114591439156;0.31041033521177874;0.35127553348320045;1.1112798570676974;0.44406070100130457
30.242117;1.043903354262533;0.30852808022308137;0.2949355236029195;0.3470741250730054;0.3339131427942229;10.002237313042649;0.7489933367360985;0.41407785468166924;1.0554012963351507;0.30993364898472703;0.38113628634711466;0.2767450166150691;-0.3476191033784728;0.30885273842186767;0.35135480600221686;1.1112179420338024;0.44304039100641285
30.242686;1.0438010751887015;0.30698307084059795;0.2934937804970987;0.3471607171501091;0.3339544276848574;10.002158750842788;0.7489023371129582;0.4140647888832138;1.0555314134207774;0.3084032827215409;0.381041622122107;0.27545994859829404;-0.347521060759516;0.30733561728494174;0.35141926593731926;1.1111476340407715;0.44204034593889574
30.243255;1.0436931728372723;0.3054792918043643;0.29209194963539536;0.34723471394442496;0.33398558303682535;10.002101677193455;0.7488109388308117;0.414052958290203;1.0556592724807554;0.3069114120744151;0.3809372699562517;0.27421175270735265;-0.34741701814906223;0.3058589717912518;0.3514709138528482;1.1110670226339292;0.44106005378990715
30.243823;1.043579821126484;0.3040148633141373;0.2907280857683175;0.3472963182889636;0.3340068418193273;10.002066127197578;0.7487189691467098;0.41404240525476504;1.0557847299143148;0.305457023028403;0.38082333931621654;0.2730002841658388;-0.34730797565085225;0.30442178747759063;0.3515107584873626;1.11097923886206;0.44010038477496455
30.244392;1.0434621421394041;0.3025892648264008;0.2894013045883211;0.347346160185281;0.33401854588398383;10.002052195133615;0.7486262908806358;0.41403320330201937;1.055907596658243;0.3040391189237454;0.3807019239777981;0.27182338021803326;-0.3471939333697679;0.30302305246322536;0.3515388010278115;1.1108834620277885;0.43916014267624415
30.244961;1.0433404148491672;0.30120236954544916;0.288111389741686;0.34738504078502014;0.33402148880872323;10.002059874744079;0.748532784021457;0.41402543985097173;1.0560276907092232;0.3026557155210533;0.3805731031357342;0.2706798632051965;-0.3470758914014615;0.30166075964052996;0.3515570266459066;1.1107808697043635;0.43823947917423484
30.245529;1.0432148304617985;0.2998521161828823;0.2868563586654389;0.3474142143091491;0.3340169291710599;10.002088802134478;0.7484383508634829;0.41401919798630843;1.0561449052577023;0.3013078339683739;0.3804379312907018;0.26956955207624617;-0.3469548498335226;0.3003358868887596;0.3515664108792439;1.110672548959481;0.43733912853888046
30.246098;1.043087674452782;0.2985390053061243;0.2856361209378332;0.3474350974368847;0.334005589711335;10.002138058317897;0.7483429317729919;0.41401455475614607;1.0562592417086119;0.29999248839467785;0.38029843773483923;0.2684902663231664;-0.34682980875328034;0.2990453856863164;0.35156593512694195;1.1105574686552586;0.4364570277222355
30.246667;1.0429581823077136;0.29725956596503117;0.2844476114661264;0.34744681789290877;0.333986939011015;10.002206300889952;0.7482465079873941;0.41401157199555066;1.0563708217791286;0.2987106782943819;0.3801536382358315;0.2674408188136385;-0.3467027682508343;0.29779018397770807;0.3515586014738052;1.1104375476252193;0.4355941223926802
30.247804;1.0428390233950051;0.294819013442988;0.28214749683225443;0.3474509908929283;0.33395853284755683;10.00229201266992;0.7481491166068654;0.41401027597747114;1.0564798925562342;0.2962633919206108;0.3798895462473164;0.26536501133402357;-0.346442728414096;0.29537118634182113;0.3515264223616923;1.1103127498159564;0.4340052410726956
30.248828;1.0427082389809454;0.29273049269895074;0.2801853183853273;0.3474321589451722;0.3339125953743289;10.002393740132764;0.748050863886126;0.4140106582107022;1.0565867959453514;0.29416560962537575;0.37963717644465433;0.2636006422457037;-0.3462046893230925;0.29330327545590323;0.3514763873972732;1.1101741055507863;0.43262879891777356
30.249851;1.0425720541552836;0.29074011097840813;0.2783170418001595;0.34739643580406104;0.33385300672204465;10.002510067972901;0.7479518881423085;0.4140126881268546;1.0566918964611314;0.2921643011643842;0.3793775381233803;0.26192452235265007;-0.3459646510498525;0.29133331969630527;0.35141045407253607;1.1100246586531402;0.43130937569411204
30.250875;1.0424322226833431;0.28884544226273784;0.27653978072311947;0.34734686770799056;0.3337821573981771;10.002639122819037;0.7478522935287327;0.4140163153404254;1.0567955464074936;0.29025542518814634;0.37911262920853733;0.2603314856738987;-0.3457226136614351;0.28945718000796505;0.35133157220176664;1.1098674444426255;0.4300434763967239
30.251899;1.042288266339006;0.2870419635297461;0.2748492372928091;0.34728508506162187;0.33370179779377107;10.00277825482955;0.7477521393669377;0.4140214702835708;1.0568981172089005;0.288434934803346;0.3788464385391994;0.25881738877397775;-0.3454835772177603;0.28767071965935004;0.35124270506350486;1.1097025154486881;0.42883234836658446
30.252922;1.0421430973327368;0.2853259563767057;0.2732409776723248;0.34721506814105774;0.33361481465588777;10.002924216177934;0.7476514956933071;0.41402805645704593;1.057000013649391;0.28669778443497734;0.37857894860377234;0.25737810520816856;-0.3452455417598341;0.28596882001311064;0.351145831143522;1.1095319466847373;0.4276717511211577
30.253946;1.0419970691560734;0.2836922911683245;0.2717098874725322;0.3471377507531661;0.3335219495487261;10.003073391836026;0.7475504796199882;0.4140359396555206;1.0571016394876938;0.28504093907413736;0.37831213680682596;0.2560095265308683;-0.3450125072979009;0.28434839098983544;0.3510429289608644;1.1093558369440877;0.42656231558830005
30.25497;1.0418498580395776;0.2821376296655446;0.27025273332988337;0.3470561970342436;0.3334261628650096;10.003222020137104;0.7474492321846029;0.41404496158112625;1.0572033546935125;0.2834603872221286;0.37804997524974093;0.25470856946340154;-0.3447834738137848;0.2828053684052813;0.3509359645025055;1.109177315032247;0.4255012456850161
30.255993;1.0417041510646048;0.2806588843707872;0.2688657635584306;0.3469711643802842;0.33332727627908415;10.00336643160414;0.7473478734367058;0.4140549679893364;1.0573054502727104;0.2819531451284761;0.3777914212370196;0.2534721746940664;-0.34455944127926985;0.2813367052871945;0.35082690494765095;1.108996495412608;0.4244873021405646
30.257017;1.041558487255784;0.2792529952625058;0.267546364760394;0.34688488011681384;0.3332278730443005;10.003503014895248;0.7472464953503344;0.41406582561361777;1.0574081579290908;0.28051424126868063;0.3775384086589622;0.2522962997539232;-0.34434240967506763;0.27993736639076494;0.3507157388795739;1.1088144501221884;0.4235194149157967
30.258041;1.0414145479742136;0.27791578832383335;0.2662901097532832;0.3467974312828533;0.3331275391323395;10.003628066331911;0.7471452045739572;0.4140774214789932;1.0575116713623613;0.27914169197335875;0.3772918614520209;0.251177915902445;-0.34413237899002996;0.27860532181917924;0.35060647794371225;1.1086312788267636;0.42259544850560254
30.259064;1.0412721922765613;0.2766451630731337;0.26509507098325236;0.3467100599656803;0.33302754511005744;10.003738055902891;0.747044143218965;0.414089652494365;1.0576161506200727;0.2778314908288825;0.37705272080600705;0.25011400302596554;-0.3439293492062565;0.27733653610231895;0.35049714414736594;1.1084491717956573;0.421713245981503
30.260088;1.0411323297330484;0.27543607099745715;0.2639562833280836;0.34662503496851105;0.3329297983855774;10.003830181197799;0.7469434460979837;0.41410242460200675;1.057721753909961;0.27658162105594597;0.37682096075275046;0.24910153964479373;-0.3437343203007025;0.27612896251893926;0.3503897534664807;1.1082663811206537;0.42087148365407107
30.261112;1.0409958138138253;0.2742881674348545;0.26287330974827383;0.3465427637801816;0.33283445149328267;10.003902486236276;0.7468431868832052;0.4141156672576656;1.0578286876186567;0.2753880769121747;0.37659758793726833;0.24813848954058335;-0.3435472922633149;0.2749785455300299;0.35028631125331644;1.108086169984687;0.4200686451946464
30.262135;1.040861571776753;0.273196353588872;0.26184167229683447;0.3464626050865426;0.33274127827570044;10.003953366997601;0.7467433653592472;0.4141293404560023;1.0579371996350062;0.27424987243884746;0.3763826392486888;0.24722179395534197;-0.34336726510114995;0.27388422871316886;0.3501848240791474;1.1079077973584965;0.419301824693569
30.263159;1.0407317553523585;0.27215895928475176;0.26085935363728213;0.34638579767776156;0.33265082142770297;10.003981010953236;0.7466439294787172;0.414143425187534;1.0580475562818628;0.27316203670732364;0.3761771778117477;0.24634938476947124;-0.34319623882438105;0.2728409675651721;0.3500883099990355;1.107732523613905;0.41857113582859334
30.264183;1.0406062402646432;0.27117328450712913;0.25992388519230275;0.3463122925103639;0.33256308126169504;10.003983199501628;0.746544796037599;0.414157919110587;1.0581600618440796;0.27212361158080356;0.3759792748792152;0.2455192081930634;-0.34303321343266713;0.27184773500629666;0.34999479045121357;1.1075596114129445;0.41787425397859007
30.265206;1.0404848393698811;0.27023755872826843;0.25903366122232313;0.34624322515265205;0.3324791770843514;10.003957546258482;0.7464458587642466;0.4141728417132893;1.0582750603335058;0.27113165225934127;0.3757919886494406;0.24472823726194512;-0.34287718891254687;0.2709015155542574;0.3499062723261958;1.107391309091824;0.4172082848634547
30.26623;1.0403676043592138;0.2693484771260415;0.25818556637007084;0.34617918364300615;0.3323996285103623;10.003901926164266;0.7463469949336744;0.4141882288038591;1.058392898020229;0.27018522152739416;0.3756133637218449;0.24397447290714763;-0.3427301652426694;0.2700012992940658;0.3498227470639005;1.1072258247052877;0.41657339808204885
30.267254;1.040255522949791;0.2685035450420503;0.2573770683401911;0.3461186920963928;0.33232271620778364;10.003814616244169;0.7462480618473277;0.4142041150013555;1.058513902289162;0.2692803852604069;0.37544344814897623;0.24325694146891297;-0.34259014239916447;0.269143078227047;0.34974321305563055;1.107064313774318;0.4159671352648872
30.268277;1.0401484969270436;0.26770189280199447;0.25660745414596503;0.3460640783211372;0.3322507292778227;10.003694262257143;0.7461488789838211;0.4142205207396161;1.0586383825799566;0.2684152173945843;0.3752833075230885;0.24257269104068915;-0.34245812036383727;0.26832484779156707;0.3496686982627022;1.1069078956583949;0.4153884049400796
30.269301;1.040045511550336;0.266940575242883;0.25587421874428634;0.3460122137668642;0.3321810620287207;10.003540148225877;0.7460492253327463;0.4142374553817165;1.0587666254142594;0.26758980581400277;0.37513101926606796;0.2419197860245447;-0.34233409913391116;0.2675466149118714;0.3495992616565099;1.1067556829778495;0.4148359330969905
30.270325;1.0399485966323438;0.2662176876926044;0.25517508628592317;0.345966483407509;0.33211637274449135;10.003352365629581;0.7459488728299769;0.41425493607134367;1.0588988760625833;0.2668002508802914;0.37498864701525353;0.2412982992924623;-0.3422160787240967;0.26680440146242657;0.3495339768525327;1.1066077883478076;0.4143079700375597
30.271348;1.039856669449545;0.26553121956953085;0.2545084446228254;0.34592491902436423;0.3320552017313541;10.003131429820789;0.7458476147541369;0.4142730007301172;1.0590353213927397;0.26604566082718406;0.3748542208094413;0.24070530204122864;-0.34210505916157763;0.26609724286334385;0.3494729181102097;1.1064643080339005;0.4138034994948467
30.273396;1.039757307316797;0.2642456970397253;0.2532708301646045;0.34584706758436023;0.33196294528858966;10.002878033429479;0.7457452459248788;0.41429169939862154;1.05917606762143;0.26469015402092805;0.37463174232745344;0.23959285266861946;-0.34190304047759673;0.26478918943831375;0.34937015789230513;1.1063023108084573;0.4129291327694261
30.275238;1.039668021360322;0.2631973363356321;0.2522561896616021;0.3457902404720604;0.33188886499430487;10.002593328183146;0.7456415376278;0.4143110848482401;1.0593210993905986;0.26356986790082937;0.3744521987967404;0.23868399504915289;-0.34174102269873924;0.2637163061563856;0.34929076964636324;1.1061548444389593;0.4122059760680836
30.277081;1.0395871031110673;0.26224151058262146;0.2513270401188211;0.3457453584283094;0.33182492449461937;10.00227907632086;0.7455362658570558;0.4143312187642852;1.059470257631608;0.2625419643239299;0.37429356868781466;0.23785177450817124;-0.34159700584501695;0.26273566914658203;0.34922382903924626;1.1060149603119562;0.41154319217104446
30.278923;1.0395142745329018;0.2613699858212123;0.25047574469885514;0.345709980644353;0.3317689560626492;10.00193757963411;0.7454292789558629;0.4143521756577265;1.0596232414212496;0.2615956292377344;0.3741538316056248;0.23709025475151915;-0.3414679899341133;0.2618363669303888;0.3491674137454584;1.1058837332219587;0.4109348539951918
30.280766;1.039448236865848;0.26057507307835204;0.24969541301482723;0.3456836281390791;0.3317209649473399;10.001571628969828;0.7453205568365328;0.4143740280380754;1.0597795814166382;0.2607260656178753;0.3740309862431125;0.23639251682890305;-0.3413539749776562;0.2610135062624093;0.3491226046392411;1.1057592745314406;0.4103770506515144
30.282609;1.0393898757843225;0.2598503257628894;0.2489797960227704;0.3456650681498744;0.33167955259157206;10.001184059699561;0.7452102248515116;0.41439682226254276;1.0599386121095742;0.25992647454939705;0.37392204972068116;0.2357546488976881;-0.3412529609679489;0.2602602092213886;0.34908548700568637;1.1056417501929339;0.4098660121432425
30.284451;1.0393378894856564;0.25918922124264165;0.24832308833710945;0.3456529622585078;0.3316439496370484;10.000777153733594;0.7450984992266686;0.41442056358938234;1.0600995250471184;0.25919003293401593;0.37382703605270295;0.23516974128178214;-0.3411629478736474;0.2595695972380289;0.3490571476770095;1.1055313623501712;0.40939630629961593
30.286294;1.0392930860596525;0.25858757680253225;0.24772122922139053;0.3456470922911224;0.331613839297372;10.00035257314599;0.744985594694833;0.41444521723398675;1.0602614737535225;0.25851188343920667;0.3737429496480849;0.23463389243961624;-0.3410819356478958;0.25893677987046165;0.3490346632474417;1.1054263008223721;0.40896417639869204
30.288136;1.03925449006753;0.2580381681733914;0.24716769051060788;0.34564489380643265;0.3315872587716251;9.999911553629133;0.7448716781753814;0.41447072492435316;1.0604236431067853;0.25788814174297997;0.3736697968274087;0.2341432224327681;-0.34100992423792476;0.2583578586079154;0.34901908404128873;1.1053277142128033;0.40856748186551295
30.289979;1.0392227702686205;0.2575380226561606;0.24665960967655798;0.34564702765211475;0.33156479905422365;9.999454888967051;0.7447568906024731;0.4144970228632165;1.060585276703033;0.25731191034286177;0.373604592876064;0.23369287275887332;-0.3409449135916239;0.2578259304613566;0.34900742738378887;1.1052347052016085;0.40820186615325504
30.291822;1.0391968896040333;0.25708188623784684;0.24619232528709661;0.34565221597888574;0.33154569019016855;9.998982754279384;0.7446413740841791;0.41452404050195696;1.0607456827855857;0.2567812840573957;0.37354836936072877;0.233278987742428;-0.34088690365881524;0.2573390825610341;0.3490016815029435;1.1051473465889734;0.4078652259426109
30.293664;1.039177662019265;0.25666641515294203;0.24576254745882545;0.3456596523010707;0.331528969270158;9.998494745269031;0.7445252784562656;0.4145516869066438;1.0609042120752168;0.2562903508557483;0.37349817284552916;0.23289970236454263;-0.34083489438943226;0.2568913861460041;0.34899781624814047;1.105064705228953;0.4075558023648394
30.295507;1.0391648973544845;0.2562878694965856;0.24536685219241114;0.34566930422910774;0.33151469808269396;9.997990334927017;0.7444087675751621;0.4145798385171186;1.0610602273976868;0.2558381964498597;0.3734530379627147;0.23255114189768175;-0.34078688573716304;0.2564818915764432;0.3489977957321056;1.1049858615293033;0.40726991574335886
30.297349;1.0391575213853308;0.2559430685806155;0.24500257174769235;0.34568020758867907;0.33150232172457983;9.997469388133117;0.7442920259991584;0.41460833875060044;1.061213120606774;0.2554189048263455;0.37341396654464154;0.23223041727467475;-0.3407428776682791;0.2561046282475244;0.348999583307697;1.1049129187795497;0.4070061058910891
30.299192;1.0391562463563084;0.25562789539770975;0.2446657345450414;0.34569124809196833;0.3314905767779482;9.996932451416903;0.744175262560899;0.41463702405200936;1.0613623775941494;0.25503154988608046;0.3733789427091497;0.23193561431430795;-0.34070187016602466;0.2557586147058189;0.3490041436400793;1.1048439806338315;0.4067626365833617
30.301034;1.0391602196631775;0.2553405052138005;0.24435490108466687;0.3457033160666919;0.33148059921433776;9.996380800701584;0.7440587021856828;0.41466575499546293;1.0615076041856801;0.2546731875175053;0.3733479611858204;0.23166378797475093;-0.34066486323280637;0.2554408626505479;0.3490094484730918;1.1047791066058088;0.4065388711542943
30.302877;1.0391701288631177;0.25507872488439864;0.24406793810979355;0.34571657776054343;0.3314723244376014;9.995816261454479;0.743942559837688;0.4146944210367828;1.06164847014716;0.2543408547198188;0.3733210383417525;0.23141296879604042;-0.3406298568942706;0.25514836556561926;0.3490164782896721;1.1047192885781507;0.40633224809984575
30.30472;1.0391848180027234;0.2548394348308631;0.24380220424010016;0.34572905528685133;0.33146418704096975;9.995240948598862;0.7438270288003841;0.4147229295028038;1.0617846626984937;0.25403256993293477;0.37329620555544885;0.2311821763382288;-0.34059685119393285;0.2548790922735266;0.3490242184926816;1.1046634662801966;0.4061424041419415
30.308405;1.0392067135266756;0.25440148459231976;0.24334609137673557;0.3457435620687989;0.3314580298406912;9.99465703296698;0.7437122999726474;0.4147511928085167;1.0619159113344148;0.2535273291335828;0.3732574937990389;0.23079242864328486;-0.3405358461725657;0.2544119976320184;0.3490306581477254;1.1046105702799989;0.4058447291031301
30.311722;1.039233565876856;0.2540690462607359;0.24299051752973275;0.3457558030454762;0.33145034890318603;9.994066761530538;0.7435985694258682;0.41477911720044947;1.0620419982485472;0.2531291079936362;0.37322791530378907;0.23049174115979754;-0.3404868418476363;0.25405103288810343;0.34903879039202124;1.104561562648544;0.4056110149852169
30.315038;1.0392640601018135;0.25378528982062337;0.2426816152508798;0.34576789724827606;0.3314434366780169;9.993472718086608;0.7434860168867778;0.41480660536352365;1.062162713990915;0.2527808773360162;0.373200457375028;0.23023211768807153;-0.3404398382133042;0.2537391406703727;0.34904660883991917;1.1045164343224254;0.4054062575274136
30.317224;1.039299188999904;0.25362464257090983;0.24249027823104546;0.34577903465487486;0.3314360545993866;9.99287752868729;0.7433747998987998;0.41483357104232654;1.0622778211922608;0.25255861542893604;0.37318409215889486;0.23007154522220605;-0.3404108352536959;0.2535522447211302;0.3490551025387739;1.1044751666406847;0.40527609082925137
30.317224;1.03933926539206;0.25363859923793397;0.24246567373571265;0.3457908056466669;0.3314294852014756;9.992282924869565;0.7432650859217017;0.4148599547443224;1.062387049429971;0.2525123050564904;0.37318378131114444;0.2300460019834592;-0.34041083294663504;0.2535402476457407;0.34906725082408063;1.104438713078959;0.405249639147205
30.317225;1.0393840302523911;0.25365152905316046;0.24244031071600625;0.34580267811300974;0.33142318987965025;9.991689424333051;0.74315709112646;0.4148857264382025;1.0624901251547079;0.25246692207312216;0.37318446538088895;0.23001947570504439;-0.34041083126134786;0.25352803685607167;0.3490800161057124;1.104406002451595;0.4052269870636239
30.317226;1.0394333390275612;0.2536633472972132;0.2424142310437483;0.3458145889322708;0.3314170781554645;9.991097122754388;0.7430510860927162;0.41491086057163706;1.0625868180163562;0.2524224233811451;0.3731860614768794;0.2299919759707871;-0.3404108301657628;0.2535154941407175;0.34909334684162047;1.1043769314100658;0.4052080277649528
30.317229;1.03948703516194;0.253672934760193;0.2423864906705089;0.3458263297654982;0.33141098032312927;9.990506718961315;0.742947366921064;0.41493531122726024;1.0626769607771787;0.25237774343489416;0.373188486358142;0.22996352620016808;-0.3404108296398774;0.2535015039413492;0.3491071984834259;1.1043513779909693;0.40519263119957316
30.317233;1.0395449325939248;0.25368231147054177;0.2423591528530196;0.34583798738419225;0.33140506901006406;9.989919958684712;0.7428462237364151;0.4149590145528534;1.0627604591648834;0.25233480071043435;0.3731916813425896;0.22993414993567207;-0.3404108296757832;0.253487957222578;0.34912154709076665;1.104329257864007;0.40518062428048063
30.317243;1.0396068188069314;0.2536893489209795;0.2423303247947164;0.3458492087826425;0.33139912270566596;9.989339197319868;0.7427479235781549;0.41498189715125683;1.062837291591637;0.2522915051695695;0.3731956208778045;0.22990287644466478;-0.34041083026770275;0.2534727543527965;0.34913637850224505;1.104310553290959;0.40517124662783244
30.317263;1.0396723979035967;0.2536953703814523;0.24230141957319806;0.3458597109451018;0.33139301259161913;9.988766608139976;0.7426527052602862;0.41500387824268437;1.062907471662002;0.25224876788498113;0.3732003159710381;0.22987075863977868;-0.34041083141882417;0.25345680812603083;0.3491516795308778;1.1042952747856758;0.4051648376114451
30.317302;1.039741552899389;0.25369713936377025;0.2422694548287896;0.3458701207623485;0.3313874307266981;9.988204095164079;0.7425607906618495;0.41502486796941457;1.0629710255948908;0.25220451699897856;0.37320581042685524;0.22983687752961998;-0.3404098331537508;0.253438042094161;0.3491674468220121;1.1042824332440913;0.40515977574806245
30.31738;1.0398143261971138;0.25369551685672115;0.24223532247238877;0.3458797248839465;0.33138174403906806;9.98765375905247;0.7424724170474778;0.41504475931803225;1.0630280214746386;0.25215770958290223;0.37321116226616735;0.22979932734961853;-0.3404088355078525;0.25341538826056403;0.3491836862815118;1.1042740720143311;0.4051555421360019
30.317535;1.039891224797826;0.25368658934000965;0.2421952362275081;0.3458892314383712;0.33137651828574116;9.987118061632254;0.7423878651424624;0.41506343093912174;1.063078602379346;0.25210532955587606;0.3732174246819675;0.22975720416250744;-0.34040683851077896;0.25338579284120233;0.3492003934312124;1.104269292552055;0.4051505378162888
30.317847;1.0399709261317924;0.2536655139736936;0.24214491904392985;0.34589721102603316;0.33137083508995135;9.986599820861963;0.7423074491214894;0.41508076961418056;1.0631229858440236;0.2520423795067005;0.37322364013579024;0.22970661153169758;-0.3404028421905446;0.2533442273763928;0.34921654207304137;1.1042682201949203;0.4051415248576479
30.31847;1.040054834013813;0.2536212688905686;0.2420735408585368;0.345904948406316;0.3313654783456113;9.986102238404916;0.7422314762093556;0.4150966897100088;1.0631614272759637;0.251957877534851;0.37322884580588156;0.22963766046231968;-0.3403948465844268;0.2532796968795558;0.34923309337291697;1.1042709532144999;0.40512111528007866
30.319717;1.0401406049475437;0.25353360491220694;0.2419623159760716;0.3459108349019048;0.33135962984576883;9.985628783338635;0.74216020028624;0.41511113754925427;1.0631941744326787;0.25183185742819164;0.37323108059458043;0.22953845452840105;-0.34037985173500257;0.25317223947372275;0.34924901350290516;1.1042765473859206;0.405079965938934
30.32221;1.0402293246861982;0.25337102100386966;0.24178090655697104;0.34591481196113233;0.33135285772261647;9.98518310153684;0.742093792409924;0.41512408956428953;1.0632214409107323;0.25163336497306504;0.3732273853447612;0.229384084154523;-0.34034885767801853;0.25299091662068796;0.3492632844711003;1.1042850061849736;0.40499644896083004
30.324703;1.0403195400579266;0.2532232913750901;0.2416152910730838;0.3459175963436391;0.3313462484164157;9.984768816253794;0.7420323585806169;0.4151355517432491;1.0632433991949048;0.251451449153547;0.37322479696279615;0.22924363682279475;-0.34031986443792567;0.25282480150486747;0.34927789828232003;1.1042972497722656;0.4049235820299166
30.327197;1.0404126560032132;0.2530898532909803;0.24146453435932452;0.34591869746222553;0.3313387969822791;9.984389153185264;0.7419759817671766;0.4151455618439397;1.0632602030004528;0.2512831502330906;0.3732253379436069;0.22911520791020307;-0.34029187203263445;0.2526709719663156;0.34929284662159915;1.1043131115698175;0.4048590063621125
30.32969;1.0405075194196547;0.252967884193326;0.24132613358899754;0.3459199339401461;0.3313324761684045;9.984046984520225;0.7419247305465503;0.4151541858334359;1.063272027782916;0.2511294896322962;0.37322700223590793;0.22899790139681736;-0.3402658804804298;0.25253050536051874;0.34930712378696016;1.1043313775319439;0.4048025971510967
30.332183;1.0406047666118579;0.2528561345914767;0.2411986855614033;0.3459190403550512;0.3313247873923825;9.983745075567889;0.7418786379973966;0.41516150176777444;1.06327907676131;0.250987473556524;0.37323074880136514;0.22889082104618372;-0.3402398898034503;0.25240047396867255;0.34932273483901605;1.1043538247813784;0.4047517727426846
30.334677;1.0407029648860828;0.2527535933261101;0.24108149479686766;0.3459181888231132;0.33131814828912887;9.983485698966978;0.7418376970478998;0.4151675897891566;1.063281534429925;0.25085610745381354;0.373236517611944;0.22879306197039476;-0.34021590002631513;0.25227994318034697;0.3493386946744344;1.1043792440345341;0.4047072816912138
30.33717;1.0408020380072394;0.25265811440734354;0.24097246599070854;0.34591535253465605;0.3313105785910488;9.983270042033913;0.7418018748512986;0.41517253782175373;1.063279529584513;0.25073440206539455;0.37324426332016786;0.22870270803007178;-0.3401929111742564;0.25216797008785313;0.34935502245790395;1.1044074493242855;0.40466681827828865
30.339663;1.0409027245518514;0.2525711364543139;0.24087273132492631;0.3459127654434563;0.33130390583499336;9.983098323799204;0.741771095681161;0.4151764398577436;1.0632731469734278;0.25062136887278585;0.37325297582908623;0.22861982745639373;-0.34016992327443907;0.25206360016845;0.3493717346928197;1.1044382677318532;0.40462921773616517
30.342156;1.0410047538258844;0.25248998949497153;0.24077972137670248;0.34590883201743816;0.3312965737750439;9.982970251527776;0.7417451965033938;0.4151793824467766;1.063262438310669;0.2505160149215391;0.3732636680956178;0.22854346375417545;-0.3401489363549309;0.2519658704804843;0.34938883199213155;1.1044715018974767;0.4045953217609977
30.34465;1.041107060476029;0.252414138839644;0.240693073650714;0.34590360477133897;0.33128879994433463;9.982885120252618;0.7417239236745858;0.4151814343752068;1.0632474291127234;0.2504173415337573;0.37327634798978415;0.22847262944331906;-0.3401279504380222;0.25187382202473596;0.3494072953738613;1.104507883890258;0.4045627206181501
30.349636;1.0412103515790978;0.2522878123290431;0.24055928337709137;0.34589701386013577;0.3312800991579581;9.982841645073716;0.7417069680238377;0.4151826404378362;1.063228158000122;0.25026935027388547;0.3732829962727357;0.22837630641923026;-0.3400889655356372;0.2517315049986986;0.349422100752223;1.1045430546683097;0.4044990842756013
30.354124;1.0413135946929635;0.2521868811264238;0.24045090304816893;0.34589000025688543;0.3312714959334186;9.98283779137614;0.7416939842830064;0.4151830237361878;1.0632047181178355;0.2501480506978275;0.37329455962877967;0.22829945820876246;-0.34005598165029216;0.2516149710385491;0.3494392236865757;1.1045815705941626;0.404449274707832
30.358612;1.0414177167293102;0.25209733233841863;0.2403542436472685;0.3458824752494555;0.3312624301825792;9.982870852598857;0.7416846042145415;0.41518260020714387;1.0631772847815268;0.2500404577087034;0.37330796276035566;0.22823205609758487;-0.34002599877541123;0.251511269035537;0.3494576273890259;1.1046209324509764;0.40440518243312623
30.3631;1.0415212591395555;0.2520172099118858;0.240267677609442;0.34587556217419535;0.3312542723686401;9.982937762842425;0.7416784608239702;0.41518138520041376;1.0631461434566367;0.249942580867451;0.3733221329828959;0.22817310034343322;-0.3399970168947253;0.2514164521460359;0.34947525716244576;1.10465964186119;0.4043645570870307
30.367588;1.0416249437687646;0.2519437937672737;0.24018834525518779;0.3458683158438325;0.3312457308115753;9.983035254961719;0.7416751905685661;0.4151793824909537;1.0631116834122507;0.24985341688019663;0.3733390201843746;0.22812061361217464;-0.3399690359868543;0.2513295839841656;0.34949505098804307;1.1047002561946262;0.40432626064998073
30.372075;1.0417284877142379;0.2518770129658961;0.24011614650641286;0.3458619112048346;0.33123783062134915;9.983159903964413;0.7416744258343224;0.4151765782159695;1.0630743427622091;0.24977094965441385;0.3733576026418196;0.2280736118065014;-0.3399430560320019;0.251248740185824;0.34951396223589803;1.1047394038053373;0.4042905408186996
30.376563;1.0418304091263226;0.25181412851891277;0.24004870449662571;0.34585531861994007;0.3312298499570776;9.983308285569757;0.7416758249411747;0.41517295073393745;1.0630345551565268;0.2496951532856903;0.37337688195053886;0.22803008444662973;-0.33991807701263566;0.25117401356293806;0.3495339814080998;1.1047777680087334;0.4042554369273039
30.381051;1.0419324122481253;0.25175576420739904;0.23998608958423148;0.3458492909092551;0.33122176243602836;9.983477095888096;0.7416791137115077;0.4151684863547319;1.0629927380596107;0.24962399104418415;0.37339787118763373;0.2279909991068439;-0.33989409890749744;0.25110351802886033;0.3495541411552069;1.1048160875294533;0.40422152633157055
30.385539;1.042032204331797;0.2517004330414264;0.23992722321725152;0.34584325135653315;0.3312135379242423;9.983663101733349;0.7416841005379994;0.4151631869343545;1.0629493323685186;0.2495564125094626;0.37341958147619503;0.22795431523550375;-0.33987112168638856;0.2510363825974702;0.34957450415353725;1.1048521800484739;0.4041877872529443
30.390027;1.0421304694796139;0.25164748524918373;0.23987109600045348;0.34583753172316245;0.33120508110354546;9.983862957809752;0.7416906752174914;0.41515705792408586;1.0629048554873057;0.24949335563019204;0.37344301310890365;0.22792000099021603;-0.33984814531549623;0.250973743619453;0.34959614534324174;1.1048879463949228;0.40415353885026145
30.394515;1.0422268172238915;0.2515971280322401;0.2398177542889869;0.3458340642909234;0.3311981896893593;9.984073135256354;0.7416987822078632;0.4151500961717755;1.0628599044870026;0.24943275667446896;0.37346715444061396;0.22788704694982095;-0.3398271697679747;0.2509137420231147;0.34961713932526883;1.1049223515612105;0.40412004989811745
30.399003;1.04232099879088;0.2515486411417525;0.23976635638388397;0.34583074745820774;0.33119080595510886;9.984290202360077;0.7417083568714286;0.4151422991592823;1.062815126464029;0.24937556258835347;0.37349198977395365;0.22785645859126366;-0.3398071950226168;0.2508575200792368;0.34963955928559665;1.1049553975028434;0.40408715742129786
30.40349;1.0424128202139606;0.2515031513541018;0.2397178628238514;0.3458277482831966;0.33118306038438367;9.984511132229844;0.7417192787013935;0.4151336662692538;1.0627711912152926;0.24931973463527637;0.3735185085993487;0.22782723453657439;-0.3397872210525529;0.2508032131543601;0.3496624782870929;1.1049870890744775;0.40405352309394205
30.407978;1.0425020913485084;0.2514588327009216;0.2396704851883791;0.34582565359096984;0.33117554422331225;9.984733401264611;0.7417313981368862;0.41512417197964874;1.062728736508849;0.24926624752083196;0.37354570249237845;0.22779836203811357;-0.33976824782420106;0.25075193788281186;0.34968596535516666;1.1050174172572713;0.4040194464659757
30.412466;1.0425890555447626;0.25141616825816554;0.23962461053467163;0.3458251226871318;0.33116886633239173;9.984955060291787;0.7417445957636749;0.41511375955970986;1.0626883028842669;0.24921509640845582;0.37357355182066354;0.22777083781849633;-0.3397502753071305;0.2507037877459392;0.3497100889413875;1.1050463691762955;0.4039855460346188
30.416954;1.0426735672079095;0.25137581865168257;0.23958091086192587;0.3458255800667582;0.331162640648767;9.985174525652287;0.7417588097484736;0.41510238371887964;1.062650318526232;0.24916530261803163;0.37360302480368907;0.22774368620548385;-0.3397323034722247;0.25065784118459133;0.3497359275808264;1.1050739484532839;0.4039505840307486
30.421442;1.042755677911502;0.2513354608225927;0.23953713733374773;0.34582703283620103;0.331156978754117;9.985390175643378;0.7417740477590219;0.4150900487158109;1.0626151323513395;0.2491169083929855;0.3736320938273155;0.22771795440418646;-0.3397153322761663;0.25061416982534385;0.3497615732856081;1.1051002032592152;0.40391617774709965
30.42593;1.0428340937470981;0.2512973887165141;0.2394957103650081;0.3458280231561022;0.33115098799875414;9.985600500598396;0.7417903821211231;0.4150768029792616;1.0625830488365984;0.2490699689548979;0.37366274509081077;0.22769269501599773;-0.33969936165454223;0.25057283950681297;0.3497891242279631;1.1051252371843516;0.40388203968928643
30.430418;1.0429105212002248;0.25126096543769766;0.2394555251233869;0.3458310838477302;0.3311466134024771;9.985804651346657;0.7418078917898747;0.4150627182418162;1.0625543356419613;0.24902454091818807;0.37369397651825;0.22766894989818295;-0.3396833915336929;0.25053390689863553;0.3498176710434887;1.1051501546251856;0.40384816916470584
30.434906;1.042983762477355;0.25122590751408785;0.2394164567220149;0.3458340563842331;0.33114222367934487;9.98600269926792;0.7418265946970866;0.4150478759836016;1.0625292251177656;0.24898066547661266;0.3737268012331318;0.22764474645652236;-0.33966842184946133;0.25049741644834544;0.3498462828362512;1.1051729821963128;0.40381455086135337
30.439393;1.043053534631472;0.25119113908962964;0.2393774012167077;0.3458378443264843;0.331138805383857;9.986195437973974;0.741846435682301;0.415032357007548;1.062507910586257;0.24893736006557549;0.3737592486941195;0.22762210853244155;-0.33965345255600393;0.25046240195951053;0.3498770000879474;1.1051956804291267;0.40378169892388616
30.443881;1.0431195073070465;0.2511591134357588;0.23934062152595678;0.34584237923484834;0.3311364074657833;9.986383897230311;0.7418673144643373;0.41501624532144643;1.0624905180757247;0.2488966259213095;0.373793344105428;0.22760006329105648;-0.3396394836256907;0.2504308876904425;0.3499098404483032;1.105216224114629;0.4037500706619099
30.448369;1.0431815012324428;0.25112780625625686;0.23930405808464475;0.34584745728109895;0.33113486273846593;9.986568919060538;0.7418891088039506;0.4149996486113397;1.0624771035331553;0.24885646494349944;0.37382708431800055;0.2275776369040397;-0.3396255150477446;0.25040088268232985;0.3499428083792587;1.1052366359795536;0.4037184032683074
30.457345;1.0432384105933215;0.25107977459704195;0.2392511441617684;0.3458527710117509;0.3311341411452632;9.986750874184331;0.7419116970515096;0.4149826987476903;1.0624676924815872;0.2487988933299625;0.37386043163461347;0.2275568571743427;-0.3395995468251093;0.2503543751059629;0.3499758921889602;1.105254981458155;0.4036779186196275
30.465423;1.0432922602768482;0.2510382711785135;0.23920345480258393;0.3458594265940178;0.3311345204361379;9.986929478430671;0.7419350018982624;0.41496552367629763;1.0624623008344207;0.24874794418409185;0.37389531658193814;0.22753675958382796;-0.3395765789764248;0.2503153405354467;0.3500110528269478;1.1052733617650952;0.40364060018878134
30.473501;1.0433406631881776;0.25099920729160774;0.2391574950944659;0.3458658734797447;0.3311351126809232;9.987103874030762;0.7419590345465295;0.4149482319084928;1.0624609173051134;0.24869966235213004;0.3739306540677374;0.22751737566746807;-0.33955661154293365;0.2502797602456504;0.3500472216634012;1.1052898865931764;0.4036065170963799
30.481579;1.0433854841356807;0.2509618844652299;0.239112034481254;0.34587470994805386;0.33113767724591475;9.987272879364008;0.7419838907996537;0.41493092223317424;1.0624634811392577;0.24865309395741744;0.3739673692774177;0.22749872030246743;-0.33953664458428845;0.25024662646880785;0.35008530785716696;1.1053066604679598;0.40357325991503595
30.489658;1.0434246908994727;0.25092807572721293;0.2390690961629998;0.3458834485213778;0.3311404012203602;9.987435190900536;0.7420096918241021;0.41491369569544284;1.0624698905525214;0.24860927518933526;0.374003398199292;0.22748080016535577;-0.3395186781628018;0.25021693599741673;0.3501231982190187;1.1053227928250382;0.4035425848095883
30.497736;1.043459208561379;0.25089618294613353;0.23902683759777024;0.3458929251045365;0.33114375090105835;9.987589492201533;0.742036525211536;0.4148966621871824;1.0624800355669448;0.2485672301732747;0.37404066905062544;0.22746462517149263;-0.3395007123340116;0.25018968994504887;0.35016275113650075;1.1053383751201464;0.4035134505323661
30.505814;1.043490247132586;0.25086628235870273;0.23898501195197622;0.3459026530953095;0.33114686170065827;9.98773451886796;0.7420644294978633;0.414879947627452;1.06249379768383;0.2485279757673167;0.37407809826151367;0.22744820651330755;-0.33948474714979937;0.2501658954844297;0.35020280560773215;1.1053534565689567;0.4034864252598945
30.513892;1.0435159312238673;0.2508389377078323;0.2389446093073915;0.3459139193057723;0.3311515654583079;9.987869166592192;0.7420934101963246;0.41486370733531974;1.0625109998057334;0.24849052724862244;0.37411659781158635;0.2274325544787362;-0.33946978265961597;0.2501445661398343;0.3502431983478248;1.1053680734616766;0.4034612275662708
30.52197;1.0435378109104645;0.25081294940152327;0.23890420093542858;0.34592535296571675;0.331156125178337;9.9879925910697;0.7421234439047575;0.41484813992644404;1.062531372244467;0.24845590609103432;0.37415508305155243;0.2274176819984307;-0.3394548188999706;0.25012672324973767;0.35028376945898926;1.105382283361141;0.4034370174862906
30.530048;1.043556020431798;0.2507901139340879;0.23886557902489422;0.34593726106616673;0.33116088406825767;9.988104152791575;0.7421544573258634;0.4148334798542989;1.0625545700120247;0.2484221444634135;0.3741924801953103;0.22740359907916843;-0.3394418558817489;0.2501103885041289;0.35032436173846215;1.105396176738373;0.4034154376925562
30.538126;1.0435723011947513;0.25076870052362965;0.23882682606150976;0.3459506449809081;0.33116633696498765;9.988203133486154;0.7421863177375092;0.41481996860665216;1.0625802068715247;0.24839127950532286;0.3742307271093132;0.22739030170732769;-0.3394288935862486;0.2500975686853848;0.3503658227646918;1.1054098931959806;0.40339477492345915
30.546205;1.043584741269661;0.25074799428709943;0.23878784808584566;0.3459639610133025;0.331171697285393;9.988288291813113;0.7422188415888267;0.4148078327307618;1.0626078880944014;0.24836134680569716;0.3742687668913339;0.22737777147058408;-0.33941693196527584;0.2500862526716508;0.35040601248637765;1.1054236221707145;0.4033757639400072
30.554283;1.0435949841648273;0.25072952057518466;0.2387498765445565;0.3459774837559489;0.3311768159149656;9.988357718863982;0.7422518105246544;0.4147972741666134;1.0626372466686562;0.2483343841014776;0.37430754494649066;0.22736598058803034;-0.3394049709397914;0.2500784225210791;0.3504458088782176;1.1054375691955398;0.40335743594315066
30.562361;1.043603117935038;0.25071271949794904;0.23871249756248208;0.34599157172792405;0.3311821332254909;9.988409284758431;0.7422850016157678;0.41478846518417833;1.0626679854055379;0.24830843431467747;0.37434501469159853;0.2273548942088922;-0.339395010407234;0.25007206064551035;0.35048609705928413;1.105451928679185;0.40334130549915187
30.570439;1.0436094110798788;0.25069758261367003;0.23867577905153237;0.346006199236401;0.3311876583846505;9.9884411183956;0.7423182148611499;0.4147815539065897;1.0626999218725461;0.248284534993516;0.3743821450045966;0.2273444735758194;-0.33938405026091467;0.25006814744043604;0.3505247521372479;1.1054678820899748;0.40332475823347996
30.578517;1.0436141782661024;0.25068410801513635;0.23863979948235686;0.3460213534458124;0.3311933912937702;9.988451838923728;0.7423512846486364;0.4147766706966798;1.0627330027602602;0.2482637061192077;0.37441992916229805;0.22733468493606843;-0.3393750904062842;0.25006765608815434;0.3505636357328369;1.1054835802074916;0.40331019353145026
30.586595;1.043617930803318;0.25067094286772446;0.2386033301917789;0.34603719097353136;0.3311994515931784;9.988440747215614;0.7423840904961232;0.41477392236065364;1.0627672680141753;0.2482429498982517;0.3744573916456623;0.22732551187447705;-0.33936613076152855;0.25006755262602187;0.35060059815581823;1.105500111309359;0.40329584711715033
30.594674;1.0436211356400704;0.25066015624482973;0.23856844234640626;0.34605390135710135;0.3312060406668657;9.988407753985678;0.7424165759060841;0.41477338861628216;1.0628027976440455;0.24822525625044797;0.37449356965328545;0.22731696213281635;-0.33935817124494577;0.2500707963250487;0.3506374746467483;1.1055185204499982;0.4032824208882446
30.61083;1.0436244236502037;0.2506384872572571;0.23852253106685817;0.34607105922891607;0.3312127550109644;9.988353010239758;0.7424487605779846;0.4147751280203737;1.0628396772634603;0.24819760789106252;0.374530478897465;0.22730906454597471;-0.33934221176762003;0.25006432970132264;0.3506730846121812;1.1055368715805123;0.4032623141502413
30.625371;1.0436272536194533;0.2506216452901789;0.23848088150061048;0.3460874219081219;0.33121880030535233;9.988276757248302;0.7424807262970958;0.4147791846091658;1.062877991991718;0.24817498459522166;0.37456710614665173;0.2273018561374289;-0.3393302522443344;0.2500630739097858;0.35070723885082;1.1055572618902474;0.4032454430116675
30.639911;1.0436317822983767;0.25060733615998476;0.23844094259786447;0.3461057647481106;0.3312263486314596;9.98817962839681;0.7425125929308659;0.4147856010177944;1.0629178369520504;0.2481543644468106;0.3746034281563919;0.22729436516683005;-0.33931829260436674;0.2500639380796578;0.35073974647251716;1.1055777713627208;0.40322793075876234
30.654452;1.0436363298476146;0.2505953404935697;0.23840299364367123;0.34612227321873823;0.33123244525190837;9.98806286622042;0.7425445219178289;0.41479442942460537;1.0629593324409945;0.2481377260827624;0.37463942647768855;0.22728860232020762;-0.3393083327865206;0.25006882144411147;0.3507704172603945;1.1056004244294724;0.40321255906826703
30.668993;1.043643148521705;0.2505848499090663;0.23836582453099717;0.3461404845924491;0.33123989393857184;9.987928034236019;0.7425767200521495;0.41480572520693343;1.0630026358480762;0.24812305480533553;0.3746750885525634;0.22728356072993847;-0.3392993727360849;0.2500756055474497;0.35079906462108695;1.1056231884174532;0.4031979223063975
30.683533;1.0436504027570337;0.25057795172476255;0.23833189974150662;0.34615754085873324;0.3312466990856019;9.987776718038784;0.742609398190455;0.4148195500391449;1.0630479284504397;0.24811034196701867;0.3747103995025913;0.22727921931910883;-0.3392914124106152;0.25008415607975604;0.350825512399587;1.1056479649094768;0.4031839882553221
30.698074;1.043659437592277;0.25057142708749164;0.23829786514397192;0.3461746345898655;0.3312537292063943;9.987610459812835;0.7426427251578774;0.41483598523242005;1.0630953683939444;0.24810057024577428;0.3747453385027972;0.22727555581005213;-0.3392844517809894;0.25009533771882575;0.3508496052645582;1.1056725752610803;0.40317070837773417
30.712615;1.0436703355747008;0.2505678218421874;0.2382661411352185;0.3461905903872699;0.33125996002731184;9.98743057566147;0.7426768180031232;0.4148551158685724;1.063145048473372;0.24809270043654058;0.3747798937542195;0.22727256601598878;-0.33927749083222075;0.2501080213512779;0.35087121978212105;1.1056987639336273;0.403157164493756
30.727155;1.0436832937107958;0.25056572200982363;0.2382353375699777;0.346206556789763;0.3312665249341462;9.987238066434248;0.7427117522970688;0.414877004565695;1.0631970165158675;0.24808668108614854;0.37481508035314587;0.22727027008605108;-0.3392715295699571;0.25012207499232647;0.3508902638763828;1.1057242157793483;0.4031440685572236
30.741696;1.04369825662914;0.25056546648161404;0.23820579258892405;0.34622219927423026;0.3312732316439815;9.987033949860738;0.7427475800905734;0.4149016884588798;1.0632513346943537;0.24808247415083198;0.37484893677400977;0.22726869939433939;-0.33926656802714705;0.2501373570605357;0.3509066657035335;1.1057505918244788;0.40313131784008877
30.756237;1.0437143769114583;0.2505665233567302;0.23817718932809387;0.34623741792306306;0.33128037755439316;9.986819730967897;0.7427843470159072;0.41492917766598714;1.0633080799734274;0.2480790706667576;0.3748825025451121;0.22726787266658788;-0.33926160626942714;0.25015272033388086;0.35092036618967215;1.1057755801195899;0.40311803158111986
30.770777;1.0437335566128585;0.2505688571655015;0.23814905444998763;0.34625133652419343;0.3312866277713462;9.98659770159811;0.7428220939450045;0.41495945194876743;1.0633672829268912;0.24807848825727868;0.3749167976706763;0.22726778075743548;-0.3392566443942277;0.2501700187010952;0.3509313129121802;1.1058009444683932;0.40310420402339014
30.785318;1.0437548447116625;0.2505737923883333;0.23812286893798373;0.34626616614930933;0.3312944496446358;9.986370969865408;0.7428608516850236;0.4149924815379195;1.0634288910575511;0.24807876196009754;0.37494981393445326;0.22726739526994652;-0.3392526825225185;0.250187113278903;0.35093845540707946;1.1058245417371542;0.4030901207514477
30.8144;1.0437776991041514;0.2505743153062087;0.23809206135928013;0.3462788432374456;0.33130113500037334;9.986143216603866;0.7429006446844506;0.41502825127555915;1.0634927695446463;0.24807493445670867;0.3749835075184348;0.22726867797569453;-0.3392467207883639;0.25019887591165124;0.3509447495131266;1.105848272625895;0.40307441725532944
30.843481;1.0438023823468543;0.25057741145578294;0.2380632471845602;0.3462922661123136;0.331309436325362;9.985918428843643;0.7429414964944298;0.415066759135739;1.0635587112609792;0.2480750425377372;0.37501579188968365;0.22727056948250593;-0.3392407593238149;0.25021319287914723;0.35094716471736376;1.1058700105716068;0.40305822663660623
30.872562;1.043828794127048;0.2505833570188209;0.2380367578149828;0.3463032084368406;0.3313164008466892;9.985700632688994;0.7429834344071339;0.41510800643834755;1.0636264659396781;0.24807710728957363;0.3750485451721052;0.22727298476849456;-0.33923579824167094;0.2502279751426136;0.3509466861952331;1.105891588123274;0.4030424216887706
30.901644;1.0438558916562353;0.2505914979732123;0.23801230820067568;0.3463144068661891;0.33132506959862207;9.985493455391437;0.7430264835579791;0.4151519951430804;1.0636957795478783;0.2480811374691094;0.37507963124563715;0.22727583153433553;-0.33923283762468254;0.2502431684251619;0.3509433131888643;1.105910836690027;0.4030278887733867
30.930725;1.0438855297039211;0.2506017975452401;0.23798958532063916;0.3463239417965375;0.3313331045731234;9.985299878753608;0.7430706349263467;0.41519873323455875;1.0637664282675598;0.24808813622015274;0.3751109160064007;0.227279023865461;-0.33922987752526484;0.2502597509155219;0.3509360575024527;1.1059296372471963;0.4030130304835411
30.959806;1.043915799517697;0.25061335548689156;0.23796833811063475;0.3463314290022533;0.331340799500889;9.985122270971075;0.7431158313197149;0.4152482434627892;1.06383824445155;0.24809610371571889;0.375140265926256;0.22728248089371786;-0.3392269179769289;0.2502757197283373;0.350926938863005;1.105945933516917;0.4029978885198817
30.988888;1.0439486034081966;0.25062675240710386;0.23794887105929444;0.3463392399492424;0.3313498800020338;9.984962255955592;0.7431620028048097;0.41530055538542276;1.0639111177427452;0.24810603903783993;0.375168539596645;0.22728612545307736;-0.33922495900291005;0.25029207748655674;0.3509149816093373;1.1059606824196664;0.40298327012499063
31.000541;1.043982120968381;0.2506434814557196;0.23793322418411444;0.346344069807862;0.331357843041945;9.98482063240954;0.7432091055487855;0.41535567817126945;1.0639849739962628;0.24811993649955638;0.37519558879699466;0.22728988610952647;-0.33922500060698346;0.2503108311895974;0.3508992262624988;1.1059738129764607;0.4029699202889838
31.000541;1.0440174129089805;0.25066144095446924;0.2379193378315005;0.3463480230451577;0.3313664422514153;9.984697762058664;0.7432571339194063;0.4154135745294263;1.0640597488798396;0.24813577617832658;0.37522126541086265;0.22729369902003388;-0.33922504276381626;0.25033000304761005;0.35088074161372795;1.1059852460949948;0.40295606621920427
31.000545;1.0440543683225625;0.2506798165437542;0.2379066039987797;0.34635064680284916;0.33137534250409667;9.98459417646738;0.7433061164278787;0.41547415208801436;1.0641353681317998;0.24815252293134343;0.3752454182961238;0.22729750591351056;-0.33922508542573754;0.25034863639965355;0.3508596158260717;1.1059949234010618;0.4029415979001631
31.000549;1.0440929086620112;0.2506985379891528;0.23789506703871163;0.34635187841292864;0.33138454833115194;9.984511086958301;0.7433561052490304;0.4155372771667687;1.064211742420763;0.24817013813717428;0.3752678850564789;0.2273012425815748;-0.33922512854058806;0.2503667892233253;0.35083594432282805;1.106002806513587;0.4029264108448935
31.000558;1.0441329370425254;0.25071754384883105;0.237884761347123;0.34635167469776473;0.3313940734276912;9.984450517370462;0.7434071669636347;0.4156028003621087;1.0642887757433848;0.24818858914382036;0.3752885015772463;0.22730482889554404;-0.3392251720682731;0.25038452529649524;0.3508098294420183;1.1060088656710543;0.40291038166913745
31.000576;1.0441743484710846;0.2507367743447649;0.23787572294832993;0.34635000501388724;0.3314039301779354;9.984414809573323;0.7434593724702931;0.4156705706350434;1.064366383165104;0.24820784692179249;0.3753071211942978;0.22730817661717248;-0.33922521597913596;0.2504019080352525;0.35078137824814537;1.1060130877816665;0.4028933399837236
31.00061;1.0442170170286313;0.25075616085412955;0.23786797606234916;0.34634683889117435;0.33141411421840244;9.984406056989016;0.7435127790087711;0.4157404250588646;1.064444501018751;0.24822788271522211;0.3753236230933654;0.22731120196806223;-0.3392252602397071;0.2504189939893457;0.35075069822805544;1.1060155034077312;0.4028750986897432
31.00068;1.044260809906203;0.25077562609238596;0.23786151406777942;0.34634214057441337;0.3314246024875051;9.984425940572292;0.7435674050920297;0.415812177844562;1.064523086697609;0.24824867464710945;0.37533791953140094;0.22731382726814237;-0.3392253048068865;0.25043583016223486;0.35071790041748796;1.1060161986370636;0.4028555257506609
31.000819;1.0443056147169871;0.2507950922188632;0.23785629888645937;0.34633586567694;0.3314353607671267;9.984475647117167;0.7436232126908;0.41588562904695947;1.0646021174295244;0.24827021668944696;0.37534996306959073;0.22731598226054822;-0.33922534963495155;0.25045245716734477;0.35068309798149433;1.106015307311333;0.4028345850602328
31.001097;1.0443513544995204;0.2508144839761564;0.23785227346293678;0.34632796171715236;0.3314463526459625;9.984556030649529;0.7436801149984322;0.41596058014674586;1.0646815727014753;0.2482925183098492;0.375359738789468;0.22731760325577785;-0.33922539468776697;0.2504689107612124;0.3506463870938598;1.106012991301366;0.40281233278416007
31.001654;1.0443979956459664;0.2508337302740545;0.23784936536406506;0.3463183802762701;0.331457549075286;9.984668109687638;0.7437379907937315;0.4160368553525229;1.0647614156378453;0.24831559443815607;0.3753672528464313;0.22731861763313557;-0.3392254399392751;0.25048522481468144;0.35060782629541215;1.1060093941962061;0.40278889387635397
31.002767;1.0444455502078271;0.2508527732469624;0.23784747837019898;0.34630708804406274;0.3314689264145378;9.984813046853475;0.7437966879423361;0.41611431995635645;1.064841595705462;0.24833945379747333;0.3753725344415534;0.22731893149853855;-0.3392254853576409;0.25050143731598196;0.3505674369263612;1.106004616795389;0.40276442946787605
31.00388;1.0444940504713276;0.250871575548026;0.23784649246791714;0.34629406660062373;0.33148045431182455;9.984991632761638;0.7438560453104884;0.41619286775788633;1.0649220444670735;0.24836409027083642;0.3753756409588179;0.22731843613626979;-0.33922453089123394;0.25051758359295256;0.3505252274125063;1.1059987785718122;0.4027382900104676
31.004994;1.0445434917658443;0.2508890728738183;0.23784528204587177;0.3462792035021377;0.3314919888736723;9.985204228898262;0.7439159361024241;0.4162723924201804;1.0650026634090617;0.24838947684758245;0.3753766541057386;0.22731702057112863;-0.339224576466747;0.25053368039254437;0.3504812240374478;1.1059920850368332;0.402712353109819
31.006107;1.0445937964182461;0.250907331581536;0.23784570765583513;0.3462627259705908;0.3315036906307995;9.985451079663548;0.7439762961253421;0.41635276887406775;1.065083320573232;0.24841556778739007;0.3753756696520841;0.22731457912966524;-0.3392246219956655;0.2505497272723809;0.3504354810304062;1.1059848047248646;0.4026860403631685
31.00722;1.044644840237227;0.2509252855528489;0.237846655435944;0.3462445590250721;0.33151541403888096;9.98573231780816;0.7440371232720465;0.41643384253579746;1.0651638434928754;0.24844231192887767;0.37537279376742166;0.22731101086642025;-0.33922466738287466;0.25056572310363734;0.35038806847365095;1.1059772208078935;0.4026596223063119
31.008333;1.044696496123303;0.25094289417338866;0.23784802001535366;0.3462247571410373;0.3315271180951573;9.986047678722244;0.7440984540471456;0.4165154381796249;1.0652440067987914;0.24846866761298694;0.37536814257101353;0.22730621543330945;-0.33922471253349984;0.2505806713521765;0.35033906433368484;1.1059696195590019;0.402633385353658
31.009446;1.044748652613732;0.25096009693840643;0.2378497145104336;0.34620339496332836;0.3315387664224878;9.986396335347576;0.7441603375113561;0.4165973869030493;1.0653235237186076;0.24849660547988395;0.3753618177034167;0.2273000986670604;-0.33922475735943186;0.2505965725440342;0.35028856093407373;1.105962290291762;0.4026076449196068
31.01056;1.0448012405100515;0.2509768189587771;0.2378516778192201;0.34618055246410934;0.33155033020446106;9.986776969585303;0.7442228429106856;0.41667954079453406;1.0654020454064457;0.2485250981998638;0.37535387624569494;0.2272925841134805;-0.33922480178555736;0.250612425076556;0.3502366727870176;1.105955547677692;0.4025827406556186
31.011673;1.0448542825168492;0.2509929797222;0.23785387704082436;0.34615629495572325;0.3315617867882603;9.987187721731939;0.7442860817433771;0.416761773632794;1.0654791698712516;0.24855411346684686;0.3753443333771387;0.227283613789156;-0.33922484574729583;0.2506282357352951;0.35018354019202375;1.1059497669335205;0.40255901101186975
31.012786;1.0449079032625799;0.2510085044059588;0.237856298384626;0.3461306727978216;0.3315731149523769;9.987625852451776;0.7443501759663402;0.4168439764666802;1.0655544692605088;0.24858361887933897;0.3753331808089392;0.22727314394641782;-0.3392248891765595;0.25064401813907494;0.35012933255901624;1.1059453633295875;0.4025367630350018
31.013899;1.044962271821536;0.25102229366379564;0.2378579391313729;0.3461036278576371;0.3315841869292521;9.988087694629964;0.7444151958152546;0.41692604979739645;1.0656275350251205;0.24861359223279436;0.37532039983613535;0.22726114795930472;-0.33922493199442605;0.2506597782480838;0.3500742470141236;1.1059427216565154;0.4025162539813884
31.016126;1.045017539749655;0.2510362919412171;0.23786067985344067;0.3460764722235251;0.3315961793735551;9.988569088118748;0.7444811618509318;0.4170079026675484;1.0656980117912191;0.24864402541387415;0.375306970380444;0.22724762029867182;-0.339224974123555;0.25067550868531996;0.35001849622867925;1.105942147002812;0.40249770279095376
31.018129;1.0450738140339944;0.2510496683249788;0.23786373228701393;0.346047079726287;0.3316069938767446;9.98906559954691;0.7445480896330083;0.41708945094766586;1.0657655992022272;0.2486739157025734;0.3752908768671162;0.22723257674601144;-0.3392250155019836;0.25069019685257143;0.3499622877175135;1.1059438640461363;0.402481333271469
31.020133;1.0451310692279694;0.2510626371471365;0.23786732037116387;0.3460163088296892;0.33161740921145794;9.989572498848457;0.7446159803311647;0.41717060292047065;1.0658300237930118;0.24870525658179612;0.375273112829951;0.2272160507369681;-0.33922505608065057;0.25070583488002196;0.349905807082887;1.1059480459602786;0.40246741981055006
31.022137;1.045189614784124;0.251074610080547;0.23787084774791037;0.3459848184903357;0.33162789262741693;9.99008499459255;0.7446847796575413;0.4172512482540187;1.0658910003876132;0.24873703646292222;0.3752536818737977;0.22719808778297582;-0.33922509581387394;0.2507214266118077;0.34984921310604594;1.1059548313201195;0.40245629666293575
31.024141;1.045249523478308;0.25108485588145435;0.2378736917495405;0.34595236028973436;0.33163810844638536;9.990598508891164;0.7447543931537071;0.4173312731301229;1.065948225351436;0.24876923391952513;0.37523260010926673;0.2271787423789199;-0.3392241346561774;0.2507369948675047;0.34979263781630304;1.105964305970298;0.4024474880477343
31.026144;1.045311032037263;0.25109544992187915;0.23787791799621028;0.3459192972918666;0.33164822984636977;9.991108751662635;0.7448247446169618;0.4174105869517707;1.0660014206541757;0.24880180638029856;0.3752099043362842;0.2271580727125997;-0.33922417256572807;0.25075258437518894;0.3497361870796041;1.1059774889663958;0.40244297606573265
31.028148;1.0453744021804965;0.2511053270245342;0.23788260003346876;0.3458856801352478;0.331658099137781;9.991611683467612;0.7448957887392846;0.4174891223733659;1.066050385487128;0.24883468991649313;0.3751856568133873;0.22713613214456124;-0.3392242095063107;0.2507682490292227;0.3496799425382848;1.1059923618766307;0.40244217490641204
31.030152;1.0454398982606565;0.25111445868579657;0.23788778529141186;0.3458516536870266;0.33166764627094325;9.992103475208342;0.7449674578145847;0.4175668140550425;1.0660950101076374;0.24886681213068607;0.3751599470622691;0.22711296348120746;-0.3392242454419885;0.2507830271064285;0.34962397013401153;1.1060099293862273;0.40244522785614806
31.032156;1.0455077742011645;0.2511228250721721;0.23789350820877206;0.3458173357603902;0.33167677982459515;9.992580636880826;0.7450396202486159;0.4176435814245642;1.0661352631786494;0.24890009699567;0.37513288622944696;0.22708858972489257;-0.33922428032750473;0.2507989267308996;0.34956833759857403;1.1060302511037416;0.4024521729879172
31.034159;1.0455782455120006;0.2511304188295178;0.2378998014047217;0.34578282943767064;0.3316853818491926;9.993040220163609;0.7451121015173099;0.41771931749018015;1.0661711756497647;0.24893346642629455;0.37510458459760565;0.2270630012739499;-0.33922431410110554;0.2508149332486121;0.3495131271287431;1.1060533895966318;0.402462988251979
31.036163;1.045651465926744;0.2511361916606292;0.2379057075516465;0.3457481349940493;0.3316932223554327;9.993479970410663;0.745184733645357;0.4177938936162293;1.0662028256333185;0.2489668532122632;0.3750751365135996;0.22703615874040795;-0.3392243466860073;0.25083102287884157;0.34945843580953745;1.1060793288067354;0.40247766629526416
31.038167;1.0457275336712275;0.25114220992630987;0.23791326598794832;0.3457135878523738;0.3317003945892111;9.993898430644126;0.7452573920360042;0.417867187179574;1.0662303329193854;0.2490002084637594;0.3750446317057208;0.22700801454077138;-0.33922437799895394;0.250847167984616;0.34940437329560226;1.1061079604084962;0.40249626971390495
31.040171;1.045806502715659;0.2511474023283728;0.2379215511492009;0.3456792053908412;0.33170670790473034;9.99429485386337;0.7453300094973532;0.41793911187279886;1.0662538656760745;0.2490334950976416;0.37501317235532816;0.22697853433003873;-0.339224407954858;0.2508633390091034;0.34935106000098104;1.1061391347295868;0.4025189181767397
31.042175;1.0458882835067742;0.25115204473127184;0.23793096714545175;0.3456448350844676;0.3317118606479808;9.994668912385;0.7454025684967428;0.41800962607991077;1.066273634910801;0.2490656787306935;0.374980876939037;0.22694770858652785;-0.3392244364673334;0.25087850909985476;0.34929861915520005;1.1061727215251635;0.40254572422091794
31.044178;1.0459730788965613;0.2511555140392019;0.23794098687943768;0.34561113754972866;0.3317162368524492;9.99502040272204;0.7454750864562376;0.41807871411255065;1.0662898634824494;0.2490987198454798;0.37494786627136734;0.22691555680049483;-0.3392244634533496;0.25089466192418125;0.34924716759929125;1.1062086345312216;0.4025767521308945
31.046182;1.0460608223914136;0.25115707233654516;0.23795100991214643;0.3455778427266364;0.3317194432776485;9.99534902171845;0.7455476069324358;0.41814636160336877;1.0663027543061945;0.24913157313091225;0.3749142407774396;0.22688212686903805;-0.33922348883752257;0.250910797166501;0.34919682094765386;1.1062467827962117;0.4026111799115296
31.048186;1.0461516324398576;0.25115870236184173;0.23796296295149783;0.3455463007392541;0.33172263818186676;9.995654213800739;0.7456201844951948;0.41821254470985186;1.0663124835703108;0.2491641942706787;0.3748800701638109;0.2268474927501501;-0.3392235125485736;0.25092692189613364;0.3491477038461373;1.1062869876252512;0.40265062012545977
31.05019;1.0462457057469707;0.25115957835195474;0.2379760649504159;0.3455143970651385;0.331723708073255;9.99593527759935;0.7456928607384063;0.4182772275526942;1.0663192323334065;0.2491965402428363;0.3748454012076095;0.22681175133385012;-0.3392235345144111;0.25094303739709667;0.34909994368548614;1.1063289451618719;0.40269414409649296
31.054197;1.0463432882553945;0.2511595878112642;0.23799020701305856;0.34548325541172953;0.33172363295684926;9.99619174287993;0.7457656518046181;0.4183403613268087;1.0663232307558532;0.24922856445168684;0.3748102719635394;0.22677501779735582;-0.3392235546694383;0.25095914371406347;0.34905366162998125;1.1063722473978832;0.40274162905996885
31.057804;1.0464446586591931;0.25115872483779117;0.23800536985788337;0.34545297297466465;0.3317223957383809;9.99642354168699;0.7458385423767893;0.4184018858977275;1.066324767756871;0.24925921714230187;0.37477472728734856;0.2267374189943074;-0.33922357296935723;0.2509742492691299;0.34900898081362186;1.106416438545717;0.40279294673866983
31.061411;1.0465511009087547;0.25115621569371527;0.2380205544437402;0.34542384362455786;0.3317198535935715;9.996630614246744;0.7459114650713019;0.4184617356234182;1.0663241627202174;0.24929044765007197;0.37473883599662167;0.2266990840262935;-0.33922358939021935;0.250990364935521;0.34896603454278824;1.1064611000296738;0.40284798380464226
31.065017;1.046660900573041;0.25115359980627494;0.23803763381404489;0.3453955561505327;0.33171624915572456;9.996812411347483;0.7459842873943909;0.4185198519629207;1.066321716671461;0.24932121174777863;0.3747026950321002;0.22665913759181097;-0.3392236039152061;0.2510064981783188;0.3489259580026629;1.10650591221119;0.40290609263139576
31.068624;1.0467753242207622;0.25115011558296246;0.23805558335841892;0.34536837842399054;0.3317114509098114;9.996967913183774;0.746056841791774;0.41857619235155186;1.0663176693387446;0.24935149103423035;0.3746664111500727;0.22661970136164108;-0.33922361653544325;0.25102265772757826;0.3488868746146193;1.1065506241965433;0.40296828234046916
31.072231;1.0468945545037105;0.2511460847556294;0.2380746487069857;0.3453421078906086;0.3317052219925542;9.997095843733662;0.7461289698079056;0.41863072594093914;1.0663121859483828;0.24938030838675965;0.3746300791441804;0.22657989820764132;-0.33922262726174884;0.2510378518016455;0.34884988510970566;1.1065949774159956;0.4030330011600381
31.075838;1.0470190608394272;0.25113988127735754;0.2380931408371284;0.34531725185649814;0.3316979031055334;9.997194514641388;0.7462005336039808;0.4186834308924001;1.0663053765596446;0.24940972112909623;0.37459377858933135;0.2265398515890122;-0.33922263612718107;0.25105408032518417;0.3488150568194858;1.1066386768361307;0.4031016850153309
31.079445;1.047148925478936;0.251133921497617;0.2381133019495166;0.3452938230524164;0.33168945919897197;9.997261685837703;0.7462714187541252;0.41873430435124404;1.0662973297256177;0.24943879748642134;0.3745575904604416;0.2264996777374639;-0.3392226431807024;0.2510703391456228;0.3487824157339933;1.1066814039605177;0.40317326222385313
31.083051;1.0472842415957342;0.25112719534321487;0.23813408672561487;0.3452717743144611;0.33167976585553743;9.997295174038788;0.7463415609793218;0.41878337035054664;1.0662881020908788;0.249467594927627;0.3745216112546;0.22645947659617918;-0.3392226484803618;0.2510866316735776;0.34875194929510184;1.106722806810363;0.40324749789071557
31.086658;1.047425056536198;0.2511197391513655;0.2381554611347238;0.3452511385732235;0.3316687885120316;9.997293725338169;0.7464109675485742;0.41883067646290245;1.066277662813588;0.24949515528216495;0.37448594665533413;0.2264193264038433;-0.3392226520856912;0.2511019719340882;0.3487236233104868;1.1067624646245529;0.4033241347437471
31.090265;1.047571422488661;0.25111044299970087;0.23817630855575112;0.3452328465387485;0.33165737485836155;9.997257250139734;0.7464796899972097;0.4188762854182282;1.0662658710359767;0.2495235110325584;0.3744506947964959;0.2263792827575602;-0.33922265405114416;0.25111837703320683;0.34869739857930426;1.1067998830767158;0.4034028690194762
31.093872;1.047723394155044;0.2511016438389637;0.23819880354676276;0.34521499074005385;0.3316436877612324;9.997186584791205;0.7465477622856326;0.4189202643712351;1.066252499589425;0.24955168316441784;0.37441593301440296;0.22633938605127477;-0.33922265442604377;0.25113485572050603;0.3486732272943379;1.1068345341829289;0.4034833550745947
31.101085;1.0478809979340629;0.25109221940768456;0.2382218100581138;0.34519844232677277;0.33162856808350527;9.997083042892024;0.7466151872967609;0.41896267345748023;1.0662372703394662;0.24957967592616406;0.37438171635995554;0.2262996754659368;-0.3392226532605502;0.2511514046104056;0.34865104071926134;1.106865907310601;0.40356522277542506
31.107577;1.0480441266090919;0.2510814436562301;0.23824458369161522;0.3451827481114895;0.3316116540895211;9.99694801927401;0.7466820023307352;0.4190035524605842;1.0662198951119444;0.24960648575013183;0.37434808763310606;0.22626020094657706;-0.33922165061443604;0.25116701564179345;0.3486307587009028;1.106893543498793;0.4036472618846893
31.11407;1.0482129643517166;0.2510707861163379;0.23826840167686;0.3451686042180912;0.33159359665929866;9.996783167798267;0.7467483256654065;0.41904290698609153;1.0662001119051678;0.24963411406534244;0.3743150846828241;0.22622102814343328;-0.33922164655829723;0.2511836833577166;0.3486123116983761;1.1069170415536207;0.40373074531325404
31.120562;1.0483873714785534;0.2510594846604975;0.23829248512062173;0.34515559379600697;0.33157407030499014;9.996590794249348;0.7468143201664054;0.41908070329598685;1.066177688385703;0.2496615717110082;0.37428274481248824;0.2261822382400926;-0.33922164115763037;0.2512004053117719;0.3485956427807735;1.1069360411103586;0.4038144308715557
31.127054;1.0485672765133007;0.25104646364419086;0.23831573725407754;0.3451435975200425;0.3315529989801062;9.996373859642876;0.7468801422228226;0.4191168756287248;1.066152382624648;0.24968788370000997;0.37425111266485006;0.2261439249921407;-0.33922163445304343;0.251216175124868;0.3485806969007161;1.1069502082158207;0.40389788705337454
31.133546;1.0487525477272719;0.2510337718691598;0.2383400404094907;0.3451328240488488;0.3315306498537879;9.996135648007153;0.7469459239415933;0.4191513424838465;1.0661239138024607;0.2497150916166278;0.3742202417923427;0.2261061845403954;-0.3392216264546722;0.25123296780445664;0.3485674268402752;1.1069592661534267;0.40398069330204434
31.140038;1.048942993173208;0.25102033520568723;0.23836428024408024;0.34512314740617284;0.33150701345326017;9.995879430481118;0.7470117596486482;0.4191840233892652;1.0660919995555538;0.24974223983706828;0.3741901870232045;0.22606910184070583;-0.3392216171525507;0.25124973241066684;0.348555813127095;1.106963068971466;0.4040624916616247
31.146531;1.0491383967252519;0.2510049808799562;0.2383872323386363;0.345115469855734;0.3314830874558634;9.99560855253173;0.7470776958638453;0.4192148505759221;1.0660564288015109;0.2497693609834482;0.3741609936690078;0.22603275162513817;-0.339221606531091;0.25126640935490496;0.34854587105309615;1.1069616280183234;0.40414301860750385
31.153023;1.0493384554765417;0.2509902977042886;0.2384112895248493;0.34510762107074333;0.33145696543374986;9.995326853343569;0.7471437364687288;0.41924377478196945;1.0660171052464873;0.24979548026873313;0.37413269225195045;0.22599721292702274;-0.3392205945788604;0.2512819554613151;0.3485376381278693;1.1069550563095525;0.40422125919800417
31.159515;1.0495432049617721;0.2509745164099375;0.23843463574619198;0.3451010782792564;0.3314300991551267;9.995038784680203;0.7472098519874327;0.4192707645040357;1.0659740251840224;0.2498226256769864;0.3741053058156936;0.2259625707817861;-0.33922058130251787;0.25129834786554367;0.34853115644170235;1.1069435238042253;0.4042987381887286
31.166007;1.0497523859460285;0.25095793365520563;0.2384575151519702;0.3450956007409901;0.3314023648544012;9.994749071704833;0.7472759902488127;0.41929580265948413;1.0659272003430582;0.24984983249930742;0.37407885998175733;0.22592890057986753;-0.3392205667406802;0.25131456894117654;0.3485264639172092;1.1069272578762919;0.40437451408356107
31.1725;1.0499658229748707;0.2509395098489339;0.2384788786119381;0.3450911321344772;0.33137375978448247;9.99446233857582;0.7473420786832908;0.4193188805085604;1.0658766134067144;0.24987714580259274;0.37405338702654073;0.22589626404467786;-0.33922055095840165;0.2513305963037672;0.3485235967087528;1.106906515594628;0.40444849506735997
31.178992;1.0501832844086256;0.2509213448274964;0.23850067397002345;0.3450879356867625;0.3313445759666595;9.994182932976452;0.7474080228841752;0.4193399841008913;1.065822271360514;0.249903616261915;0.37402892866642773;0.22586472587208223;-0.3392205340279618;0.25134540952446066;0.3485225882221674;1.1068815359787187;0.40452060848148125
31.185484;1.0504044298155042;0.25090243133952;0.23852187249517995;0.3450859335149791;0.33131477416058697;9.993914877499726;0.7474737346217136;0.4193590806009917;1.0657642692205465;0.2499312920347274;0.37400554316456047;0.22583436204365878;-0.33922051601780373;0.2513610039269535;0.34852346449230676;1.1068525512793288;0.40459080342680115
31.191976;1.0506287759793236;0.2508828287969338;0.23854244102376987;0.34508513786195744;0.33128440622375166;9.993661909939423;0.7475391845902916;0.41937612061583485;1.065702765124757;0.2499592211003262;0.37398330822234344;0.22580524412814287;-0.3392204969955101;0.251376396417235;0.3485262489214438;1.1068198200739818;0.40465904754623483
31.198468;1.0508557228651492;0.2508626153393811;0.23856234754826947;0.34508555538392266;0.33125353859994616;9.993427546980207;0.7476044232954593;0.4193910580366553;1.0656379226580648;0.24998745704712141;0.37396230845902695;0.2257774193018749;-0.33922047702747965;0.25139161480561734;0.34853096165560515;1.106783601908956;0.40472532714511444
31.204961;1.0510845951228536;0.2508408348259064;0.2385805675376894;0.34508708186080617;0.3312221527995558;9.99321510125825;0.7476695449702258;0.4194038645468922;1.065569897300336;0.2500160564079208;0.37394262198011713;0.2257509072879966;-0.3392204561675176;0.25140668487187;0.34853760438760795;1.1067441207840636;0.40478966319090104
31.211453;1.0513146617756752;0.2508196651614169;0.23859905843029505;0.3450899205943752;0.3311905374445403;9.993027558418165;0.7477346359089567;0.4194145279336887;1.0654988475940808;0.2500450771694436;0.3739253221763303;0.22572571606366135;-0.3392194344492292;0.2514216348304749;0.34854614738421313;1.1067015714695771;0.4048513075040274
31.217945;1.0515450667380248;0.2507984845074041;0.2386171037716528;0.3450936607608753;0.3311584359042161;9.992867352579095;0.7477997492035166;0.4194230551495659;1.0654249342160693;0.25007357925783535;0.3739084864371833;0.2257018612818553;-0.339219411885917;0.25143550180455326;0.3485575218512939;1.106656135345548;0.4049120793462817
31.224437;1.0517752813014491;0.25077683371653775;0.23863404019144424;0.34509880211295246;0.33112637286030794;9.992736423962048;0.7478649131793829;0.41942948827417215;1.0653483192730504;0.25010361649960716;0.3738931935679764;0.2256793693278541;-0.33921938847686667;0.2514503220019429;0.34856962275680503;1.1066080017308957;0.40497135912372045
31.230929;1.0520044992850843;0.2507551852084663;0.23865014183577418;0.3451050065309903;0.3310941917160906;9.992636530919821;0.7479301475343432;0.41943391532776625;1.06526918092;0.25013422427959237;0.3738795039646881;0.22565826218390422;-0.33921936422631005;0.25146511692248114;0.34858333136042985;1.1065574085979;0.4050293713320882
31.237422;1.0522320314577132;0.2507335940986519;0.2386652486096673;0.34511321524762756;0.33106295906305294;9.992569181593609;0.7479954486790263;0.4194364598117433;1.065187705450347;0.2501654143429697;0.37386744234023855;0.22563854148950171;-0.3392193391634979;0.2514798861565815;0.34859853264558616;1.1065046704431722;0.4050863318544087
31.243914;1.0524571879090836;0.2507113754810373;0.23867848542379408;0.34512109891796394;0.3310306494117007;9.99253518532119;0.7480607537450339;0.4194372526900991;1.0651040428289178;0.250197185398492;0.37385700046540177;0.22562018723163302;-0.3392193133421117;0.2514946039030202;0.3486151097039211;1.1064501666311777;0.4051424789472309
31.256898;1.0526792874742112;0.2506906255711258;0.23869164076118837;0.34512975296781245;0.3309985198215103;9.992534452341163;0.7481259323203981;0.4194364073990672;1.0650182833793274;0.25022954180579093;0.3738481479599267;0.22560317468258878;-0.33921928682205893;0.25150922246473545;0.3486329389383573;1.1063943052775862;0.4051981062907928
31.268584;1.0528976823646856;0.25067040655139716;0.238703632457588;0.3451388960285547;0.33096651434811497;9.992566116507613;0.7481908177862262;0.41943400909522177;1.06493047681703;0.25026149466318715;0.3738408384486097;0.22558749586034177;-0.33921925965868444;0.2515226866853789;0.3486518997804225;1.1063374957067138;0.4052535250550856
31.28027;1.0531117671323333;0.2506508169391162;0.2387143856016423;0.34514834875986716;0.3309346697186326;9.992628729605292;0.7482552434927082;0.4194301199780719;1.0648406445270107;0.25029504569980815;0.3738350187594774;0.2255731709560786;-0.33921923190543696;0.25153694626728335;0.3486718876197244;1.1062801341041455;0.40530899913759066
31.291956;1.0533209757084956;0.2506309036496536;0.23872284011617884;0.3451578330154012;0.33090291690523477;9.992720430989836;0.748319062911465;0.419424787044281;1.0647487691216577;0.2503291794300544;0.3738306381170717;0.22556024724222837;-0.3392192036131365;0.2515509539668266;0.34869282207583174;1.1062225931955774;0.40536473174710974
31.303642;1.0535247969416253;0.2506128175193399;0.23873094013089893;0.34516741865103223;0.3308715054196754;9.992839064462322;0.748382161251616;0.4194180320759381;1.0646547917216664;0.2503638710049253;0.3738276426521849;0.22554878280480822;-0.33921917482925446;0.25156466121682436;0.3487146465257403;1.106165201946069;0.4054208802879078
31.315328;1.0537227891780194;0.2505955566464964;0.2387376726026079;0.3451768716802334;0.3308403982689607;9.992982256952052;0.7484444562192749;0.4194098422571174;1.064558620260687;0.25039910159572615;0.3738259683376757;0.22553882985164503;-0.33921814560935054;0.2515780197349133;0.348737320590495;1.1061081950709821;0.40547672847605454
31.327014;1.0539155424489963;0.25057942052253374;0.23874306993540376;0.34518637012411063;0.33080965177269495;9.993147453056869;0.7485058856192279;0.4194001767710537;1.0644601547496082;0.250434866628778;0.373825546296667;0.22553043565611414;-0.33921811602197494;0.2515909819121403;0.348760813675016;1.10605169141674;0.4055340294175885
31.3387;1.0541005448392309;0.2505642073641641;0.23874738771581414;0.34519490887986964;0.3307791550005894;9.993332119266464;0.7485663908647678;0.4193889703433092;1.0643593449083508;0.2504701662776467;0.37382631258966204;0.22552364613651313;-0.3392180861379593;0.2516025008925105;0.34878510466663243;1.1059957467515402;0.4055920480617108
31.350386;1.0542785683004103;0.25054964465865326;0.23875004507702344;0.3452032285968335;0.3307493870193733;9.993534220681981;0.7486259017920146;0.41937613520234446;1.0642562358711156;0.2505069877201709;0.37382822444869807;0.2255184996382853;-0.3392180560276387;0.2516145344019462;0.3488101832123478;1.1059404027594566;0.40565087703257735
31.362072;1.054449154112011;0.25053611192471353;0.23875138669361984;0.34521097745277296;0.3307201526943462;9.993752473599184;0.748684342449724;0.41936157884355957;1.0641509487579681;0.25054429205747586;0.373831272711036;0.22551501988205397;-0.3392180257655432;0.2516260489478022;0.3488360444381973;1.105885701165372;0.4057105801223126
31.373758;1.054612082511801;0.2505226339405777;0.2387504672494801;0.34521800365306926;0.33069137316299063;9.993986115744477;0.7487416613352256;0.41934522596583335;1.064043624717304;0.25058201258998675;0.3738354643917651;0.2255132115788721;-0.339217995421418;0.25163702420268286;0.34886268686699684;1.1058316956344685;0.40577117968134097
31.385444;1.0547672387648013;0.2505113400970666;0.238749337837569;0.34522451044003416;0.3306632742478108;9.994234691935093;0.7487978471101568;0.419327020005953;1.063934402238009;0.25062006822609567;0.3738407913985092;0.22551305549377346;-0.33921796504557145;0.25164745417906587;0.3488901209428823;1.1057784337982306;0.40583267570577164
31.39713;1.0549145148688635;0.2505012085449207;0.23874707623035374;0.3452303962302999;0.33063578348044953;9.994498083980774;0.748852917759767;0.4193069080979544;1.063823419669342;0.2506583822545169;0.37384722404306764;0.22551450577726806;-0.3392179346715518;0.25165733949432767;0.3489183637916713;1.1057259053296409;0.4058951058772289
31.408816;1.055053736354059;0.2504922389060722;0.23874377430562937;0.34523566834215924;0.3306089489486254;9.994776432614755;0.7489069093063921;0.41928483040746756;1.063710802017399;0.2506968889819771;0.3738547268275099;0.22551750145270183;-0.33921790433466753;0.25166668053401287;0.3489474089719166;1.1056740259631888;0.40595857619947745
31.420502;1.0551846773483446;0.25048442166122814;0.2387395512698035;0.34524033619914457;0.3305828333322517;9.995069897139086;0.7489598645879474;0.419260721356199;1.0635966731943043;0.2507355249887752;0.3738632682141739;0.22552198981024843;-0.33921787408030263;0.25167547871152557;0.34897720369425966;1.1056226935599942;0.406023221274707
31.432188;1.0553071326502879;0.2504777532127644;0.23873454965859256;0.3452444263100194;0.33055750483807295;9.99537840233513;0.7490118099136042;0.41923451668255435;1.0634811969895388;0.2507742193489116;0.37387281412911905;0.22552793779245453;-0.3392178439509034;0.2516837355899304;0.34900765236383136;1.1055718720256027;0.4060891555506496
31.45556;1.0554209590765635;0.2504722438043295;0.23872892078108038;0.34524798136373913;0.33053302887287767;9.995701296313436;0.7490627335209019;0.41920615551587;1.0633645641911942;0.2508128921666617;0.3738833199757915;0.22553532458758227;-0.3392178139717826;0.25169144601025156;0.34903862740604624;1.1055226342187052;0.40615644960063346
31.478932;1.0555260583414827;0.25046790896898674;0.2387228125380784;0.34525104126170986;0.33050946811891374;9.996037125627367;0.749112573302379;0.4191755834987679;1.0632469270270857;0.25085045301854486;0.37389473532665324;0.2255441333900711;-0.339217784151934;0.2516975966369593;0.3490699777656164;1.1054731219441594;0.40622511784198984
31.502303;1.0556223443505028;0.25046475303596916;0.23871636876951535;0.34525363456415953;0.3304868893498238;9.996384001981133;0.7491612130132045;0.4191427674203763;1.0631283732710615;0.2508887938863762;0.3739070127777138;0.22555435153662184;-0.3392177544910083;0.251704175267731;0.34910154115740444;1.1054244549452876;0.40629512124195116
31.525675;1.0557097319188833;0.25046265737069606;0.23870962674557067;0.3452568289834559;0.3304663498508846;9.996740295695496;0.7492085105125591;0.41910770874906783;1.0630089791471122;0.2509267900044128;0.3739201115826828;0.22556596884536073;-0.3392177249753662;0.2517101759266337;0.3491331550215552;1.1053766859316443;0.4063663784352246
31.549047;1.0557881542441006;0.2504618186358132;0.2387029217087367;0.3452585725235028;0.33044589100770233;9.997104789757937;0.7492543510756043;0.41907045642226437;1.062888868565762;0.2509643181556653;0.373933994905895;0.22557896641621694;-0.33921769556600423;0.2517155891762174;0.3491646581516938;1.1053298342728874;0.406438760158306
31.572419;1.0558575749784085;0.25046106663902973;0.23869527469158136;0.3452598430747178;0.33042639774546095;9.997476172631789;0.7492986748266949;0.4190311249197457;1.062768194711627;0.25100127356975543;0.37394862423237235;0.22559330534294514;-0.33921766619976423;0.2517203953931525;0.3491958914351919;1.1052839422898477;0.4065120839786897
31.595791;1.0559179602164541;0.25046246078922035;0.23868878791744055;0.3452609158378318;0.3304080564806471;9.99785250523042;0.7493414673055152;0.41898988945220184;1.0626470797935803;0.2510375669214571;0.37396395920092623;0.2256089235888369;-0.3392176368050359;0.25172457423515504;0.34922670820364865;1.1052391275982418;0.4065861349787952
31.619163;1.055969253343471;0.25046492872635223;0.23868257971785023;0.34526176241469325;0.3303907503988551;9.998231068762157;0.7493827379628057;0.4189469481089136;1.0625255962265376;0.25107311286014705;0.3739799546160426;0.22562573725198096;-0.3392176073127931;0.2517281139792683;0.3492569838513321;1.1051956193293426;0.40666067583566023
31.642535;1.0560114001784158;0.25046844536891844;0.23867676675415003;0.34526247516852226;0.33037446728376085;9.998608648612281;0.7494225056151498;0.4189024915754636;1.0624037788377565;0.2511078244023537;0.37399655321168607;0.22564364872505954;-0.339217577658716;0.25173101260871816;0.3492866183956148;1.1051537520132952;0.40673541292023047
31.665907;1.056044383570849;0.2504729979295406;0.23867147112374326;0.3452631571194722;0.3303591965030294;9.998982243275492;0.7494608039071152;0.41885670131148817;1.0622816294428545;0.2511416123050432;0.3740136913524759;0.22566256501047494;-0.33921754778687235;0.2517332810106225;0.3493155432243939;1.1051139162585473;0.40680995421242827
31.712651;1.0560682260684229;0.2504785664864347;0.23866681126297368;0.34526391852638716;0.33034492825894246;9.999349689541837;0.7494976977354784;0.4188097538038002;1.0621591276114588;0.2511743849217038;0.3740313087201641;0.2256824093496924;-0.33921751766177927;0.2517349458667062;0.34934372809401787;1.105076466205178;0.4068838160822396
31.759395;1.0560829855931708;0.2504851053438296;0.23866288133951785;0.3452648651770416;0.33033164631478606;9.999709511537638;0.7495332857628055;0.4187618246731869;1.0620362462400086;0.25120604650990225;0.37404934230267994;0.22570311219103942;-0.3392174872842295;0.2517360446759594;0.349371177292873;1.105041640354058;0.4069564866869665
31.806139;1.0560887470948237;0.2504925517119907;0.2386597423118981;0.34526609249664925;0.3303193197851224;10.000060448550837;0.7495676832029033;0.41871309427743936;1.0619129428570568;0.2512365001116061;0.37406771707732844;0.2257245958127444;-0.3392174566963063;0.25173661617779225;0.3493979231534668;1.1050095829287194;0.407027498478284
31.852882;1.0560856029321546;0.2505008360703645;0.2386574297859497;0.3452676858020264;0.3303078965653964;10.000401289859559;0.7496010018064753;0.41866374101521164;1.061789140362218;0.2512656612570572;0.37408635058552336;0.22574677004100163;-0.3392174259728947;0.25173669256371745;0.3494240193503335;1.1049804039327171;0.4070964720604981
31.899626;1.056073671131918;0.2505098804155757;0.23865596512972698;0.3452697182411195;0.3302973063644366;10.000730822041364;0.7496333310005089;0.41861393217664417;1.0616647468030584;0.25129347079698583;0.3741051601103703;0.22576953512690384;-0.3392163952106789;0.25173629693683947;0.34944952567885273;1.1049541584372238;0.40716229854949115
31.94637;1.0560531512407714;0.2505195958241126;0.23865536828418712;0.34527225440568965;0.3302874782157335;10.001047974107932;0.7496647186482481;0.4185638326377364;1.0615397028394455;0.25131989182755937;0.37412406902799433;0.22579278143170112;-0.3392163645113771;0.2517354466799248;0.34947449461885893;1.1049307831124242;0.4072264525672854
32.039858;1.0560243443443333;0.2505298776967346;0.2386556636284913;0.34527535359874745;0.33027835318524756;10.001352101321286;0.7496951772399894;0.4185136178807985;1.061413996168482;0.2513448958251073;0.3741430224917409;0.22581639032547338;-0.33921633396190165;0.2517341608385963;0.3494989648059273;1.1049101048069583;0.4072879801998895
32.133346;1.0559876248027744;0.2505406037585736;0.23865687192413704;0.34527906210799386;0.3302698777889542;10.001642791076318;0.7497247151997307;0.4184634662304975;1.0612876462412537;0.2513684512030307;0.37416198939427964;0.22584024538075984;-0.339216303631263;0.25173245984741593;0.3495229509338075;1.1048919230665746;0.40734680845091653
32.320321;1.05594340882982;0.25055164269926533;0.23865900551058644;0.3452834091436906;0.3302620001082645;10.00191933874765;0.7497533421042447;0.4184135345267476;1.0611606928012147;0.2513905262351296;0.3741809428046312;0.22586424521955023;-0.33921627357595757;0.25173035245723047;0.3495464423982084;1.104876082161914;0.40740293090216356
32.694272;1.0558921435648172;0.2505628661396711;0.23866207531905897;0.3452884096737306;0.3302546849431497;10.002180711983858;0.7497810412518189;0.41836393853801673;1.0610331945312135;0.2514111084934678;0.3741998605013212;0.22588830655658138;-0.3392162438360066;0.2517278313015728;0.3495694169522816;1.1048624921976768;0.4074564170489674
33.442174;1.055834314117501;0.2505741657374261;0.23866609440776432;0.34529406390921485;0.33024792261802643;10.002425979627873;0.7498077617040299;0.4183147537136228;1.0609052390003484;0.25143021761850837;0.374218743704062;0.22591236016107044;-0.33921621443275124;0.25172488635677714;0.34959184793186476;1.1048511037159698;0.40750738114297724
34.442174;1.0557704377243746;0.2505854704529124;0.23867106588608836;0.34530035844591805;0.33024171501166527;10.002654573461468;0.7498334456483465;0.4182660375359827;1.0607769508687699;0.2514478987575677;0.37423760862638594;0.2259363469974598;-0.33921618537727993;0.25172151733641723;0.34961370910977346;1.10484185782431;0.4075559483156137
35.442174;1.055701032589373;0.250596743786282;0.23867696503977806;0.34530726721059407;0.33023605741980827;10.002866389948002;0.7498580616980068;0.41821784677600354;1.0606484910660634;0.25146421181614076;0.3742564587101174;0.22596021901510335;-0.3392161566812171;0.2517177375428482;0.34963498738768756;1.1048346591499767;0.4076022379678727
36.442174;1.0556265964920473;0.2506079662430576;0.23868373736359655;0.345314749801147;0.3302309316591326;10.003061843712585;0.7498816161356401;0.41817023342792736;1.0605200498731473;0.2514792231399329;0.37427527645707603;0.22598393967604033;-0.33921612836145254;0.25171357268569583;0.34965568458667257;1.104829387913019;0.4076463497101419
37.442174;1.0555476053699018;0.2506191232659415;0.23869131419417414;0.34532275683875524;0.33022631050810547;10.003241673761964;0.7499041380080681;0.4181232401242248;1.0603918285389298;0.2514929989379346;0.37429403470254236;0.22600747945437535;-0.33921610043771466;0.25170905461211757;0.34967580773752377;1.1048259199690689;0.4076883630132836
38.442174;1.0554645138493057;0.25063020178561934;0.2386996263701567;0.3453312383834498;0.33022216512262964;10.003406679550952;0.749925661284097;0.41807690407532844;1.0602640206040619;0.25150560309709846;0.37431270588959165;0.22603081162183106;-0.33921607292898187;0.25170421523911324;0.34969536444393684;1.1048241349856478;0.4077283497443623
39.442174;1.055377754820623;0.2506411897174593;0.23870860782759765;0.34534014677511254;0.3302184677482035;10.003557635009246;0.7499462194637897;0.4180312594703447;1.0601368063019236;0.2515170972388204;0.3743312640732145;0.22605391122124757;-0.33921604585243126;0.2516990848830102;0.349714362795079;1.1048239170750491;0.4077663803257933
40.442174;1.0552877400049099;0.25065207579687365;0.23871819550768356;0.3453494365326614;0.3302151916037344;10.003695292603583;0.749965845805656;0.41798633736419594;1.0600103537440784;0.2515275406716448;0.3743496848252319;0.2260767550196273;-0.3392160192235141;0.2516936924295847;0.3497328111930244;1.1048251542271816;0.40780252404226053
41.442174;1.0551948605295771;0.2506628494226306;0.2387283291639344;0.3453590641784371;0.330212310917913;10.003820385383536;0.7499845735242345;0.41794216584242727;1.0598848202433926;0.25153699041416777;0.3743679452525496;0.22609932140119474;-0.3392159930560434;0.2516880654548739;0.34975071820972753;1.1048277382321745;0.40783684915324714
42.442174;1.0550994875007025;0.2506735005916347;0.23873895109469911;0.345368988017038;0.3302098010139643;10.003933626365543;0.750002435828177;0.4178987703681067;1.059760353088981;0.251545501336421;0.37438602399368537;0.22612159027923565;-0.3392159673621783;0.25168223025276354;0.34976809252914876;1.1048315648052291;0.4078694228334563
43.442174;1.0550019729377025;0.25068401988409506;0.23875000597643345;0.3453791680077088;0.3302076383230257;10.004035704970384;0.7500194655880336;0.41785617399414693;1.059637089938927;0.2515531263644106;0.37440390114991984;0.22614354308373996;-0.33921594215243284;0.25167621178561217;0.3497849429651229;1.1048365337735206;0.4079003112108013
44.442174;1.0549026510994617;0.2506943985071816;0.23876144086464615;0.3453895657771364;0.33020580037894276;10.004127281585534;0.7500356948685943;0.417814397432875;1.0595151592418077;0.25155991658670573;0.37442155822848444;0.22616516268135592;-0.3392159174358197;0.25167003364965473;0.34980127842568165;1.1048425494031937;0.40792957938006286
45.442174;1.0548018395818937;0.2507046283591045;0.23877320525680296;0.3454001447284952;0.3302042658335435;10.004208985890838;0.7500511546698667;0.41777345911995767;1.0593946809656416;0.2515659212084134;0.3744389780926493;0.22618643322538842;-0.3392158932200611;0.2516637180841458;0.3498171077656861;1.1048495207005462;0.40795729105331807
46.442174;1.0546998399480392;0.2507147019430142;0.23878525114132615;0.3454108701169258;0.33020301437776367;10.004281420853479;0.7500658746857807;0.4177333752478785;1.0592757674015119;0.25157118748719753;0.3744561449212801;0.22620734009428456;-0.3392158695118265;0.2516572860483388;0.3498324397418328;1.1048573612786141;0.4079835080350536
47.442174;1.0545969381284686;0.25072461222703135;0.23879753301094472;0.345421709113706;0.3302020265677948;10.004345167480905;0.7500798830235786;0.41769415979092306;1.0591585234306673;0.2515757607499345;0.374473044205398;0.22622786991015037;-0.3392158463168987;0.2516507573515967;0.34984728312235075;1.104865988765108;0.4080082901540807
48.442174;1.054493404803701;0.2507343526871526;0.2388100078514089;0.3454326308854268;0.3302012837130253;10.004400787163041;0.7500932063711137;0.417655824637381;1.0590430463534906;0.2515796844502046;0.37448966271170603;0.22624801053097826;-0.33921582364019637;0.25164415073976854;0.349861646697514;1.1048753242858718;0.40803169584455756
49.442174;1.054389495734481;0.25074391746070285;0.23882263512559926;0.3454436065211271;0.3302007678972453;10.004448824444792;0.750105870489025;0.41761837979082295;1.0589294259577597;0.25158300017386476;0.3745059884673931;0.22626775104743188;-0.3392158014857954;0.2516374839412846;0.349875539155056;1.104885292504802;0.40805378271523507
50.442174;1.0542854518717801;0.2507533013989707;0.23883537674334784;0.3454546087839376;0.3302004620958272;10.004489811844934;0.7501179003058109;0.4175818334840692;1.0588177449599903;0.2515857476469333;0.3745220107647484;0.22628708177562498;-0.33921577985702717;0.2516307737057924;0.34988896902877753;1.1048958219644436;0.4080746073926719
51.442174;1.054181499576875;0.2507624999734395;0.23884819700753016;0.3454656118947369;0.3302003502540864;10.004524270433397;0.750129319644189;0.4175461922517523;1.0587080794274635;0.2515879649020735;0.3745377200048489;0.226305994207732;-0.3392157587565512;0.2516240358454447;0.349901944778257;1.104906845132338;0.40809422469869805
52.442174;1.0540778512483036;0.25077150919393615;0.23886106242008084;0.345476591512473;0.33020041719309834;10.004552702371353;0.7501401511628564;0.4175114611744527;1.0586004990196507;0.2515896885009895;0.3745531074550088;0.22632448098891117;-0.3392157381864163;0.25161728530598076;0.3499144748946814;1.104918298089559;0.40811268694369246
53.442174;1.053974706163547;0.25078032563512004;0.23887394134363796;0.34548752481002515;0.3302006484170617;10.004575583834933;0.7501504167212418;0.41747764412714833;1.0584950671525752;0.25159095356469385;0.3745681651547576;0.22634253584336786;-0.3392157181481596;0.25161053624592505;0.34992656792490295;1.104930120238841;0.4081300440030531
54.442174;1.053872251485509;0.250788946386434;0.23888680382222569;0.3454983904579045;0.33020102997057543;10.004593366490596;0.7501601377852167;0.41744474375263335;1.0583918412308808;0.2515917936656586;0.37458288599910505;0.22636015341197033;-0.339215698642836;0.2516038021295964;0.3499382324130554;1.104942254219704;0.40814634391558524
55.442174;1.0537706631742036;0.2507973688309609;0.23889962158953618;0.3455091685508244;0.3302015484197772;10.004606481025455;0.7501693353880773;0.41741276137362265;1.058290872934754;0.25159224083440784;0.3745972637816371;0.2263773291932468;-0.339215679670895;0.25159709583796364;0.3499494768520043;1.1049546457677568;0.40816163328923327
56.442174;1.0536701064032477;0.2508055905174583;0.23891236802621355;0.3455198405314035;0.3302021909162827;10.0046153341499;0.750178029903356;0.41738169704606587;1.0581922083899973;0.25159232568006207;0.3746112930614481;0.22639405959797657;-0.33921566123201763;0.25159042969770345;0.34996030965769503;1.1049672432714297;0.40817595731975126
57.442174;1.0535707356413393;0.25081360931406754;0.23892501812528139;0.34553038908085704;0.33020294517399607;10.004620303839967;0.7501862411045289;0.4173515495967931;1.058095888370503;0.25159207739570155;0.37462496905237297;0.22641034194318244;-0.3392156433251314;0.25158381538866015;0.34997073914622173;1.104979997271891;0.40818935969350567
58.442174;1.0534726947726387;0.25082142360526416;0.2389375485345122;0.3455407980766315;0.3302037993764835;10.004621739468863;0.7501939882873293;0.41732231656477825;1.0580019487924472;0.2515915236593797;0.3746382875836187;0.22642617435301116;-0.33921562594858473;0.25157726386513846;0.3499807735747221;1.1049928605577248;0.4082018825911477
59.442174;1.053376117531122;0.25082903226053455;0.23894993755351487;0.34555105267304387;0.33020474218801216;10.004619966378296;0.7502012903058853;0.4172939941584619;1.0579104212141448;0.2515906906414745;0.37465124497755636;0.22644155565315274;-0.3392156091002294;0.2515707854016538;0.3499904211658482;1.1050057889364782;0.4082135667793962
60.442174;1.053281128033175;0.2508364345242625;0.23896216505680518;0.3455611393290931;0.3302057628267501;10.00461529097849;0.7502081658006523;0.41726657733005135;1.057821332870529;0.2515896031554273;0.3746638380089718;0.22645648530816503;-0.33921559277740454;0.2515643897156745;0.34999969001119907;1.1050187418089439;0.40822445167173776
61.442174;1.0531878409590272;0.25084363000868515;0.23897421232885102;0.34557104569072017;0.33020685108175846;10.004608001200248;0.7502146334041631;0.41724005998132063;1.057734706468638;0.2515882848696918;0.3746760640117396;0.22647096335752917;-0.3392155769769852;0.251558086048473;0.35000858803163565;1.105031682081843;0.40823457545518743
62.442174;1.0530963616739926;0.2508506186509077;0.23898606182776366;0.3455807604585572;0.3302079972579996;10.004598364107405;0.7502207115179266;0.41721443525102153;1.0576505602048207;0.25158675843774997;0.37468792087315816;0.22648499032513827;-0.33921556169545475;0.25155188313833077;0.35001712309486266;1.1050445758361003;0.40824397532680273
63.442174;1.0530067866736579;0.250857400631309;0.2389976970598666;0.34559027330102526;0.3302091920712383;10.004586627657048;0.7502264180566421;0.4171896957596436;1.057568907924952;0.2515850454823842;0.37469940693738546;0.22649856718058764;-0.33921554692893946;0.25154578918417597;0.3500253031350003;1.1050573921288969;0.4082526874946082
64.442174;1.0529192042537854;0.25086397639910457;0.23900910266656483;0.3455995747689932;0.33021042658486166;10.004573024347215;0.7502317706402963;0.4171658336811143;1.0574897594292636;0.2515831666429375;0.37471052100794605;0.2265116953558453;-0.3392155326732536;0.25153981189418545;0.35003313616258735;1.1050701027758991;0.4082607469353609
65.442174;1.0528336953013886;0.2508703466846241;0.23902026457906508;0.34560865620272185;0.33021169222388297;10.004557769429384;0.7502367868290359;0.41714284077436103;1.0574131207996118;0.2515811417200497;0.3747212624536697;0.22652437670885983;-0.3392155189239338;0.2515339585168084;0.3500406302082832;1.1050826818288972;0.40826818738693144
66.442174;1.0527503339037225;0.250876512384581;0.23903117002188504;0.34561750962818566;0.3302129808221793;10.004541057399548;0.7502414839394088;0.4171207085451795;1.057338994371597;0.2515789896582088;0.3747316313195832;0.22653661341626682;-0.33921550567615816;0.2515282358026614;0.3500477932731093;1.1050951048653128;0.4082750416127244
67.442174;1.052669187495851;0.25088247443641865;0.23904180736254302;0.34562612771064166;0.3302142847609385;10.00452306482479;0.7502458786785933;0.4170994283080322;1.0572673787952733;0.25157672838081835;0.37474162834980806;0.22654840790210726;-0.3392154929246156;0.2515226499736171;0.3500546332552898;1.1051073485326526;0.40828134152934953
68.442174;1.0525903167984247;0.2508882337772122;0.23905216599806664;0.3456345038176874;0.3302155971654163;10.00450395600195;0.7502499869673568;0.41707899098777085;1.0571982696123747;0.25157437471207394;0.3747512548973507;0.22655976289577587;-0.3392154806635635;0.2515172067128072;0.3500611578682804;1.1051193906516648;0.40828711811172075
69.442174;1.0525137757977445;0.2508937913724848;0.23906223635463966;0.34564263207331475;0.33021691198857184;10.00448388659908;0.7502538240446148;0.41705938696644923;1.0571316598631102;0.2515719444590993;0.374760512721088;0.22657068157757795;-0.33921546888702925;0.2515119111653048;0.35006737470199684;1.105131210566221;0.40829240132730726
70.442174;1.0524396119270036;0.250899148258276;0.23907200994384947;0.3456505073189261;0.3302182239616712;10.004463005719254;0.7502574046736615;0.41704060615176386;1.0570675401817051;0.25156945257895097;0.37476940381438084;0.22658116765694564;-0.3392154575888649;0.2515067679013637;0.35007329146615035;1.1051427892006394;0.4082972202226068
71.442174;1.0523678664773215;0.25090430555590904;0.23908147937882332;0.3456581250414738;0.33021952849887676;10.004441454299652;0.7502607431256657;0.41702263799798067;1.0570058985368762;0.25156691327756386;0.37477793043806135;0.22659122529137807;-0.33921544676263987;0.25150178084143965;0.3500789161997961;1.105154108740435;0.40830160300270407
72.442174;1.052298574902902;0.2509092644484863;0.23909063827075236;0.3456654813839277;0.3302208215563238;10.004419362028482;0.7502638529817639;0.41700547136735533;1.0569467201346425;0.25156433998410016;0.3747860952178347;0.22660085896649637;-0.33921543640156154;0.25149695328655836;0.350084257219287;1.105165152251971;0.4083055770031932
73.442174;1.0522317669399197;0.2509140261411251;0.23909948107668919;0.3456725732692722;0.33022209943658887;10.004396848033862;0.7502667470563223;0.4169890944278822;1.0568899874094475;0.2515617453435931;0.37479390113800376;0.22661007351399812;-0.3392154264984804;0.2514922880268297;0.35008932282474914;1.105175903677226;0.4083091687146596
74.442174;1.052167466620798;0.25091859185934967;0.23910800305590846;0.3456793985011551;0.3302233586265699;10.004374023820397;0.7502694374809201;0.4169734946167427;1.0568356799128051;0.25155914130137585;0.3748013514977815;0.2266188742195589;-0.33921541704600794;0.25148778736753824;0.3500941210028174;1.105186348235943;0.40831240379543476
75.442174;1.052105692227059;0.2509229628707214;0.23911620035971048;0.345685955705949;0.33022459576954233;10.004350995147616;0.7502719358445203;0.41695865863910603;1.0567837743149469;0.2515565391955479;0.3748084498995036;0.22662726685062032;-0.3392154080366837;0.2514834531420853;0.35009865936293155;1.1051964728208314;0.40831530693252943
76.442174;1.0520464562982417;0.2509271404735233;0.23912407011231318;0.34569224412621524;0.3302258077310242;10.004327861575712;0.750274253239906;0.41694457252925005;1.0567342447272465;0.2515539498033465;0.3748152002628305;0.22663525756146086;-0.3392153994629356;0.2514792867949559;0.3501029453377833;1.1052062662169766;0.4083179017223409
77.442174;1.0519897656852142;0.2509311260168315;0.2391316103552256;0.34569826349265853;0.33022699165334357;10.004304713595134;0.7502764001998746;0.41693122173420644;1.0566870633352694;0.25155138331903;0.37482160689820837;0.22664285274391616;-0.33921539131686246;0.2514752893838626;0.350106986488814;1.105215719040704;0.4083202105702874
78.442174;1.051935621917517;0.2509349210137872;0.23913881987894572;0.34570401411779683;0.33022814499427283;10.004281631095276;0.7502783867017041;0.41691859128542513;1.056642201006356;0.2515488492821431;0.37482767461881483;0.22665005890421308;-0.33921538359020564;0.251471461470702;0.3501107906535739;1.105224823410127;0.40832225452063425
79.442174;1.0518840218202126;0.2509385272457014;0.23914569806950037;0.34570949698512293;0.33022926548746134;10.004258686627976;0.7502802222229352;0.4169066660047825;1.0565996275975198;0.2515463565546975;0.3748334087262029;0.22665688264397263;-0.3392153762745535;0.2514678031357272;0.3501143657961675;1.1052335727476028;0.4083240531886574
80.442174;1.051834957588513;0.25094194675135506;0.23915224483294312;0.34571471371678597;0.3302303509807008;10.004235949910289;0.7502819158013211;0.41689543045087124;1.0565593118493048;0.25154391336078824;0.37483881488415083;0.22666333080659176;-0.3392153693615044;0.25146431415172055;0.35011771980493284;1.1052419616584281;0.40832562481929724
81.442174;1.0517884165336322;0.25094518173778907;0.23915846055719314;0.34571966653260866;0.3302313993280028;10.004213488646041;0.7502834762603254;0.4168848687400305;1.0565212208019545;0.25154152730499063;0.3748438990742595;0.22666941070362395;-0.3392153628426511;0.2514609940471182;0.3501208604705638;1.1052499857588984;0.4083269863777978
82.442174;1.051744381362883;0.2509482345556882;0.23916434609135065;0.3457243582052941;0.3302324084172499;10.004191367162386;0.7502849125464456;0.4168749646291916;1.0564853189964198;0.25153920538195096;0.3748486676068112;0.22667513020108057;-0.33921535670946057;0.2514578419850906;0.3501237955528979;1.1052576416218545;0.40832815376407994
83.442174;1.051702830561066;0.2509511078100488;0.2391699027733569;0.34572879199740264;0.3302333762344789;10.004169646702765;0.7502862337598887;0.41686570167364667;1.0564515679433;0.251536954018277;0.3748531271373465;0.2266804976159498;-0.3392153509531753;0.2514548566813613;0.35012653278680944;1.105264926677968;0.40832914200824305
84.442174;1.05166373823476;0.25095380450372823;0.23917513255086326;0.3457329715638362;0.3302343009674385;10.004148387516492;0.7502874487909541;0.4168570631527998;1.056419926100461;0.25153477908316885;0.37485728474841407;0.22668552157762006;-0.33921534556474725;0.2514520364608887;0.3501290797736418;1.105271839173468;0.4083299652288474
85.442174;1.0516270739393028;0.250956328089485;0.2391800381454002;0.34573690078579244;0.3302351811347359;10.004127650646964;0.7502885659029811;0.4168490319336662;1.0563903491604982;0.2515326858873046;0.3748611480181191;0.22669021093293934;-0.33921534053479824;0.251449379376785;0.35013144391027795;1.105278378182126;0.4083306366433365
86.442174;1.0515928027451713;0.25095868239831975;0.2391846231114186;0.3457405836447151;0.3302360155534309;10.004107497539179;0.750289592437863;0.4168415904303853;1.0563627903372037;0.25153067927749045;0.3748647249999334;0.22669457469948973;-0.33921533585371316;0.2514468832985944;0.3501336325111977;1.1052845431975309;0.4083311687918139
87.442174;1.0515608850336344;0.25096087151725516;0.23918889177512118;0.34574402426043194;0.3302368031371032;10.004087988316869;0.7502905347174584;0.416834720553068;1.0563372004610836;0.25152876373948996;0.37486802411955833;0.22669862207257552;-0.339215331511835;0.2514445458801405;0.3501356529429145;1.105290333828861;0.4083315737187536
88.442174;1.0515312761124533;0.2509628997193006;0.23919284916016606;0.34574722700896865;0.3302375428131899;10.004069181443663;0.7502913981870029;0.416828403674062;1.0563135280092106;0.2515269433738105;0.37487105399832393;0.2267023624043333;-0.33921532749951694;0.25144236447589746;0.3501375125889189;1.10529575041114;0.40833186316548686
89.442174;1.051503926088222;0.25096477148503066;0.2391965009897766;0.345750196556977;0.33023823366650545;10.004051133399534;0.750292187599479;0.4168226207588645;1.0562917193413377;0.25152522178361697;0.37487382333374974;0.2267058051288389;-0.33921532380697544;0.2514403361976965;0.3501392186987789;1.1053007948227571;0.4083320488585847
90.442174;1.0514787799838083;0.25096649157111695;0.23919985381028183;0.3457529377814635;0.33023887507745053;10.004033896489899;0.7502929069664457;0.41681735256585023;1.0562717188089719;0.25152360194251255;0.3748763409929513;0.22670895974576244;-0.33921532042409497;0.25143845804179205;0.3501407782145592;1.1053054703417344;0.4083321425235424
91.442174;1.0514557781144953;0.2509680650598296;0.23920291512234687;0.34575545568739036;0.330239466708885;10.00401751683838;0.7502935594917076;0.4168125796809198;1.0562534684965967;0.25152208611239146;0.37487861624849;0.2267118359173545;-0.33921531734027927;0.2514367268734089;0.35014219767185806;1.1053097808258925;0.4083321555904644
92.442174;1.0514348567384981;0.2509694973574901;0.23920569340563236;0.3457577554954306;0.33024000844153;10.004002034381092;0.7502941479108542;0.4168082822900691;1.0562369080030891;0.2515206758380553;0.37488065893112327;0.226714443611152;-0.3392153145444393;0.25143513937770795;0.35014348321585276;1.1053137304793046;0.40833209911098073
93.442174;1.0514159486279302;0.25097079408656564;0.23920819808455723;0.34575984285470507;0.3302405003492222;10.003987485780211;0.7502946750940201;0.4168044398294218;1.0562219742421592;0.25151937195411883;0.3748824794316556;0.22671679320001897;-0.3392153120250777;0.2514336920962323;0.3501446407029752;1.1053173243998258;0.408331983923704
94.442174;1.051398982964388;0.25097196089663365;0.2392104394435084;0.3457617239125969;0.33024094274118;10.003973907782568;0.750295144565325;0.41680103076310704;1.056208601273833;0.2515181746280881;0.3748840886830664;0.22671889548698046;-0.33921530977028047;0.2514323813621477;0.3501456758636871;1.1053205692669703;0.40833182062150025
95.442174;1.0513838845081933;0.25097300335663775;0.2392124285149324;0.3457634052459201;0.330241336268057;10.003961335628537;0.750295560597414;0.41679803254667214;1.0561967205009148;0.25151708346264773;0.37488549816146777;0.22672076165588934;-0.339215307767652;0.25143120315828416;0.3501465944568597;1.1053234739163318;0.40833161931838935
96.442174;1.0513705729322693;0.2509739269920702;0.23921417701803882;0.34576489390993803;0.3302416820422317;10.003949799134125;0.750295927565842;0.4167954216953351;1.0561862607580619;0.2515160975754067;0.3748867198425639;0.22672240322839218;-0.3392153060043712;0.2514301531439881;0.35014740235060804;1.1053260494541441;0.4083313896597668
97.442174;1.0513589627987772;0.25097473737101095;0.23921569729841238;0.3457661975981355;0.3302419817289649;10.003939323027888;0.7502962490885459;0.41679317388711085;1.056177148096767;0.25151521565124024;0.3748877661639869;0.22672383207916835;-0.3392153044673486;0.25142922677337937;0.3501481055548317;1.1053283087733863;0.4083311412014427
98.442174;1.0513489636893802;0.25097544016584755;0.23921700226860665;0.34576732474309146;0.33024223755971976;10.003929928980577;0.7502965278737329;0.41679126402495276;1.0561693059412711;0.251514436006325;0.37488865003351607;0.22672506042983223;-0.3392153031433471;0.2514284192694521;0.3501487102582767;1.1053302659668467;0.4083308836779472
99.442174;1.0513404800404147;0.2509760411702525;0.2392181054901784;0.3457682846024843;0.330242452260383;10.003921633978496;0.7502967662091149;0.41678966628239156;1.056162655413999;0.251513756663602;0.374889384802123;0.2267261008839971;-0.3392153020190392;0.2514277254911539;0.3501492228319998;1.1053319360456946;0.4083306268650174
100.0;1.051333410678089;0.25097654630657157;0.23921902133944092;0.3457690873852043;0.3302426289254123;10.003914445615333;0.7502969664254263;0.4167883541477169;1.0561571151235059;0.25151317537183177;0.3748899841644835;0.22672696657450747;-0.3392153010810058;0.25142713987810983;0.3501496497574425;1.1053333351068675;0.4083303802997089
