time;BusPDR_BUS_Voltage;BusPDR_BUS_ActivePower;BusPDR_BUS_ActiveCurrent;BusPDR_BUS_ReactivePower;BusPDR_BUS_ReactiveCurrent;StepUp_Xfmr_XFMR_Tap;Wind_Turbine_GEN_ActivePowerSetpointPu;Wind_Turbine_GEN_ReactivePowerSetpointPu;Wind_Turbine_GEN_AVRSetpointPu;Wind_Turbine_GEN_InjectedActivePower;Wind_Turbine_GEN_InjectedReactivePower;Wind_Turbine_GEN_InjectedActiveCurrent;Wind_Turbine_GEN_InjectedReactiveCurrent;Wind_Turbine_GEN_ActivePowerPu;Wind_Turbine_GEN_ReactivePowerPu;Wind_Turbine_GEN_MagnitudeControlledByAVRPu;Wind_Turbine_GEN_InjectedCurrent
0.0;1.0444968979329439;0.7500393106869188;0.7165915229709545;3.335181704440525e-06;-0.0010024094272191196;10.014371151432075;0.7514223061011872;0.012600223516845102;1.0460905983488464;0.7496498278737017;0.08871819266329664;0.712624481862703;-0.08549544230844751;0.7497569913725162;0.012758412024934947;1.0521015163040293;0.7181218605033195
0.0;1.0445018767752425;0.7500473227860731;0.7165528689325704;-6.726456054958093e-06;-0.0010419737508644252;10.014811981958271;0.7514567642477809;0.012599771703782806;1.0461039950010729;0.7496366859770831;0.08868460399609994;0.7126413100867924;-0.08549544295146551;0.7497444176441439;0.012760631214114094;1.0520578922771688;0.7180909994730417
0.1;1.0445070449691425;0.7500556188484926;0.7165136257651155;-1.6729394735422292e-05;-0.0010825234776890567;10.015270349647933;0.751492253674734;0.012599309197517615;1.0461177846585237;0.7496230943775688;0.08865016000552241;0.7126586631719927;-0.08549544333146447;0.7497315643122933;0.012762970491178697;1.0520134039547433;0.7180599238295352
0.2;1.0445124039011215;0.7500642081964395;0.716473811835707;-2.6658617261204492e-05;-0.0011240690093152173;10.01574667821922;0.7515287867140511;0.012598835893812051;1.0461319651015883;0.749609042686621;0.08861485395155345;0.7126765560432451;-0.0854954434346057;0.7497184313114451;0.012765433002232592;1.0519680505160847;0.718028666227167
0.4;1.0445179551558155;0.750073100674632;0.7164334481573117;-3.649891632913068e-05;-0.0011666204757753368;10.016241386200827;0.7515663737141489;0.012598351677429427;1.0461465333650886;0.7495945210025449;0.0885786801599085;0.7126950049808248;-0.08549544324804614;0.749705019352184;0.012768021910160287;1.0519218303532214;0.7179972588719221
0.8;1.0445237007171837;0.7500823066554392;0.7163925580725424;-4.623502361460161e-05;-0.0012101878191073368;10.0167548842445;0.7516050231195218;0.01259785642836456;1.046161485144912;0.7495795198930488;0.08854163423342018;0.7127140275956106;-0.08549544275984837;0.7496913300037241;0.012770740261717466;1.0518747413054095;0.7179657335613735
1.6;1.0445296427629889;0.750091837028267;0.7163511670119007;-5.585169833583179e-05;-0.0012547805901022713;10.01728757269873;0.7516447417105273;0.012597350024672192;1.0461768139503314;0.7495640303891833;0.08850371328462579;0.7127336428545941;-0.08549544195871794;0.7496773656502633;0.01277359088723023;1.051826780754152;0.7179341220202355
2.6;1.044535783406333;0.7501017031017817;0.7163093027989916;-6.533372916227122e-05;-0.0013004074342447289;10.017839841045445;0.7516855349584891;0.012596832343147875;1.0461925107387482;0.7495480441115231;0.08846491620028095;0.7127538710939388;-0.08549544083376216;0.749663129250459;0.012776576433646115;1.0517779455464158;0.7179024559924775
3.6;1.0445421248296536;0.7501119163424079;0.7162669960522791;-7.466590135265266e-05;-0.0013470756767972702;10.018412068056866;0.7517274071127409;0.012596303260415173;1.0462085640761272;0.7495315533281524;0.08842524369770732;0.7127747338884853;-0.08549543937439426;0.7496486239877684;0.012779699376209354;1.0517282319053616;0.7178707669171355
4.6;1.0445486694754917;0.7501224882314783;0.7162242802621017;-8.383293306650173e-05;-0.0013947911489235426;10.019004622096462;0.7517703609304711;0.012595762654489574;1.0462249602741776;0.7495145507961116;0.08838469819990445;0.712796253883032;-0.08549543757046331;0.7496338531604022;0.012782961976406042;1.051677635321654;0.7178390855747323
5.6;1.0445554199247984;0.7501334303911855;0.7161811917119121;-9.281943073832175e-05;-0.001443558218311317;10.019617858273477;0.7518143972698691;0.01259521040504516;1.0462416833134718;0.7494970296480676;0.08834328377440237;0.7128184548131837;-0.0854954354124854;0.7496188203960736;0.01278636628414674;1.0516261505213624;0.7178074422752958
6.6;1.0445623787401213;0.7501447546378662;0.716137769361484;-0.00010160987138044387;-0.0014933799685523678;10.020252111840428;0.7518595148038182;0.012594646395224094;1.0462587148041587;0.7494789835802403;0.08830100603156181;0.7128413616589225;-0.08549543289171607;0.7496035299036008;0.01278991413883581;1.0515737717389406;0.7177758676978774
7.6;1.0445695485182762;0.75015647286399;0.7160940548940244;-0.00011018852240526017;-0.0015442581851266518;10.02090769525775;0.7519057099545154;0.012594070515259825;1.0462760340541433;0.7494604070379467;0.08825787193745387;0.7128650005876902;-0.08549543000012194;0.7495879866049421;0.012793607170527767;1.051520493301455;0.7177443935347977
8.6;1.0445769319637455;0.7501685970456068;0.716050093009781;-0.0001185393072482129;-0.001596193061815964;10.021584903459582;0.7519529768378584;0.012593482659647848;1.046293617897575;0.7494412950858974;0.08821388993649637;0.7128893986834357;-0.08549542673043682;0.7495721962014591;0.01279744695421301;1.0514663102078625;0.7177130523880735
9.6;1.0445845318139466;0.7501811392783735;0.7160059315652169;-0.00012664570788278667;-0.0016491829066889807;10.022284022623698;0.752001307158504;0.012592882719370705;1.0463114403086626;0.7494216432014188;0.08816907053287709;0.7129145837943766;-0.08549542307620239;0.7495561651294631;0.012801435251163977;1.0514112184337556;0.7176818774800507
10.6;1.0445923506784338;0.7501941116247811;0.7159616218386758;-0.0001344906796969453;-0.001703223911621702;10.02300533482347;0.7520506903053054;0.012592270581496427;1.0463294721607828;0.749401447207466;0.08812342685486362;0.712940584539517;-0.08549541903172296;0.7495399004628344;0.012805573999868205;1.0513552149314387;0.7176509025746979
11.6;1.0446003909706267;0.7502075260093353;0.7159172193103498;-0.00014205653143228538;-0.0017583100119957136;10.02374911606941;0.7521011135207515;0.012591646137776847;1.0463476810643795;0.7493807032784826;0.0880769747885948;0.7129674302994289;-0.0854954145920359;0.7495234100385866;0.012809865089891116;1.0512982974349314;0.7176201620340135
12.6;1.0446086550514184;0.7502213943172215;0.7158727841681484;-0.0001493249335483706;-0.0018144329586681897;10.024515633265267;0.7521525617953941;0.012591009291749996;1.0463660311828562;0.7493594080434481;0.08802973287784632;0.7129951511733803;-0.08549540975290355;0.7495067027393093;0.012814310361923514;1.0512404643203066;0.7175896912073386
13.6;1.044617145400316;0.7502357285488608;0.7158283811639276;-0.0001562771061052077;-0.0018715825374360727;10.025305145035842;0.75220501767667;0.01259035995933665;1.0463844831851299;0.7493375588270784;0.08798172237461972;0.7130237778471109;-0.08549540451081157;0.7494897886654927;0.012818911841077278;1.0511817146429658;0.7175595270195082
14.6;1.0446258645744728;0.7502505409251217;0.7157840794597544;-0.00016289388742686723;-0.0019297466848338107;10.026117903085467;0.752258461193864;0.012589698068381066;1.0464029942964619;0.7493151538424339;0.08793296754304744;0.7130533414028194;-0.08549539886300316;0.7494726792531903;0.012823671752315784;1.05112204825045;0.717529708142359
15.6;1.044634815070185;0.7502658438705893;0.715739952796062;-0.0001691555196612995;-0.0019889114197869473;10.026954149443386;0.7523128697467872;0.012589023561376454;1.0464215182135255;0.7492921921991507;0.0878834961007926;0.7130838733846546;-0.08549539280746775;0.7494553873786156;0.012828592300852369;1.0510614659455184;0.7175002747111296
16.6;1.044643999283092;0.7502816499444916;0.715696079898561;-0.0001750413916050625;-0.002049060770588851;10.027814110846531;0.7523682180229662;0.012588336398580235;1.0464400049604703;0.7492686739021748;0.08783333958853981;0.7131154061420233;-0.08549538634281406;0.7494379272350602;0.012833675614553735;1.0509999695543397;0.7174712682170316
17.6;1.0446534195323502;0.7502979719441738;0.7156525449314644;-0.00018052996062858958;-0.002110176640111255;10.028697993227727;0.7524244780326119;0.012587636558397675;1.0464584010359026;0.7492445999663212;0.08778253355048553;0.7131479731114125;-0.08549537946813676;0.7494203139712767;0.012838923785575374;1.050937561799552;0.7174427319066137
18.6;1.0446630780855384;0.7503148231668444;0.7156094377580106;-0.00018559877812729508;-0.0021722384943396005;10.029605976245037;0.7524816190580071;0.012586924035569444;1.0464766497502267;0.7492199725347121;0.08773111765954376;0.7131816088928907;-0.0854953721830589;0.7494025634479519;0.012844338743593543;1.0508742463260126;0.7174147109825464
19.6;1.04467297718814;0.7503322174860706;0.7155668540156507;-0.00019022453774137225;-0.0022352230897242733;10.030538209459026;0.7525396073388901;0.012586198838886856;1.0464946912325832;0.7491947949007438;0.08767913580820724;0.7132163492645573;-0.0854953644879824;0.7493846923178863;0.012849922100183753;1.0508100279708998;0.7173872520755822
20.6;1.0446831190999424;0.7503501690534059;0.7155248952767951;-0.00019438312530834675;-0.002299104329258392;10.031494814503745;0.7525984056402252;0.01258546099265054;1.0465124621058024;0.7491690714821785;0.08762663599989581;0.7132522312374354;-0.08549535638435567;0.7493667182718998;0.012855675093659544;1.0507449130186135;0.7173604029282113
21.6;1.0446935061314748;0.7503686919609874;0.7154836693745653;-0.000198049595354287;-0.0023638531891900134;10.032475889022356;0.7526579729855186;0.012584710542393376;1.0465298954254583;0.7491428079075214;0.08757367026310338;0.71328929302483;-0.08549534787474083;0.7493486602204659;0.012861598577074364;1.0506789093637867;0.7173342128217098
22.6;1.0447041405870348;0.7503878002479213;0.7154432906506315;-0.0002011981240670303;-0.002429437728105365;10.03348150466962;0.7527182645397342;0.012583947556154017;1.0465469209639204;0.7491160111874141;0.08752029477927431;0.7133275738642503;-0.08549533896262909;0.749330538325159;0.012867693041042873;1.0506120264505021;0.7173087327643091
23.6;1.0447150245625143;0.7504075081933411;0.7154038801034567;-0.0002038019868723079;-0.00249582304250723;10.034511701773646;0.7527792314405645;0.012583172119103196;1.0465634652031246;0.7490886897986474;0.08746656993420741;0.7133671138742588;-0.08549532965221769;0.7493123739993541;0.012873958652607192;1.0505442750524032;0.7172840151886195
24.6;1.04472615976814;0.7504278305677815;0.7153655655264263;-0.00020583342957516314;-0.002562970939050687;10.035566484326065;0.7528408205008079;0.012582384330478907;1.0465794509453048;0.7490608537508365;0.08741256033697653;0.7134079540489263;-0.08549531994836579;0.7492941899428686;0.012880395220152389;1.0504756673022582;0.7172601139607221
25.6;1.0447375474880811;0.7504487825894931;0.7153284815194735;-0.00020726339900696737;-0.002630839260510596;10.036645814672529;0.752902973982178;0.012581584307934286;1.04659479703669;0.7490325146671989;0.08735833505776085;0.7134501361496585;-0.08549530985661948;0.7492760101591286;0.012887002114867452;1.05040621705299;0.7172370847176303
26.6;1.044749188588911;0.7504703796696517;0.715292769617811;-0.00020806128945823247;-0.002699381334276497;10.037749608226832;0.7529656295954756;0.01258077219502848;1.0466094183338024;0.7490036857821759;0.08730396792358143;0.7134937023853427;-0.08549529938322806;0.7492578600385056;0.01289377833020793;1.050335940273926;0.7172149851497249
27.6;1.0447610836368832;0.7504926372502074;0.7152585788146241;-0.0002081948153119902;-0.0027685460902731394;10.038877729292087;0.7530287202974155;0.012579948164450303;1.0466232258332167;0.7489743819883928;0.08724953781526058;0.7135386952921197;-0.08549528853521865;0.7492397665372764;0.012900722621268804;1.0502648553493135;0.7171938753690533
28.6;1.044773233148691;0.7505155708474172;0.7152260661330265;-0.00020763005641100118;-0.0028382783273524655;10.040029990311677;0.7530921736502577;0.012579112417358736;1.046636126649579;0.7489446199943671;0.08719512903746328;0.71358515794765;-0.08549527732042086;0.749221758318473;0.012907833484996982;1.050192983426672;0.7171738185233426
29.6;1.044785637613488;0.7505391961388962;0.7151953970552621;-0.0002063317211095736;-0.0029085183724877174;10.041206153498578;0.7531559112884121;0.012578265187422851;1.0466480234639222;0.7489144184322386;0.08714083158611556;0.7136331341188976;-0.0854952657474138;0.7492038658297788;0.012915109045222096;1.0501203487186248;0.7171548813778226
29.999994;1.0447982972006233;0.7505635289823959;0.7151667460341833;-0.00020426346286215867;-0.002979201518086445;10.042405930625234;0.7532198487315965;0.012577406750893852;1.0466588139181114;0.7488837978715598;0.08708674125185178;0.7136826682619196;-0.08549525382555169;0.7491861214565705;0.012922547010152885;1.0500469784159854;0.7171371344676806
29.999994;0.48403543547895717;0.3479040622831484;0.715140297173671;-0.00020152128815511524;-0.003050617371674936;10.043628981454319;0.7532838951659464;0.012576537434841323;1.046668390576287;0.34616778080090566;0.08703295972951167;0.7137338056040803;-0.08549524156511513;0.3464835597502031;0.012930144596516641;0.4976659024106667;0.7171206520179895
29.999994;0.484048604242769;0.34793008095210964;0.7151167055306343;-0.000200208296062283;-0.0031269501115465904;10.044874913278845;0.7533479531273142;0.012575657619880602;1.0466766412134936;0.34613639163898496;0.08697759491722754;0.7137865921723867;-0.08549522897752458;0.3464662175476582;0.012935898423358945;0.49759015340545226;0.7171055119926703
29.999994;0.4840610309238355;0.34795565847333054;0.7150947197020995;-0.00019798866127505917;-0.0032034548435152187;10.046143280091224;0.7534119183226818;0.012574767738654567;1.0466834490295323;0.3461046568075337;0.08692276140569317;0.7138410746569575;-0.08549521607545191;0.3464491339597487;0.012941804601747937;0.4975137674694127;0.717091796133229
29.999994;0.48407470600200486;0.3479833823908943;0.7150769147585845;-0.00019679135915038465;-0.0032841165763216784;10.047433578711317;0.753475679562711;0.012573868271738233;1.0466886925989831;0.3460716048368149;0.08686558091179844;0.7138973006007752;-0.08549520287270419;0.34643135038362427;0.012944858907329482;0.4974357845901841;0.7170795900567157
29.999995;0.484087636396936;0.34801070570974224;0.715061173156242;-0.0001999468912466327;-0.003375814436399464;10.048745244291968;0.7535391186171511;0.012572959744838564;1.046692245396362;0.34603826655040565;0.08680418258051942;0.7139553189884718;-0.08549518938405593;0.3464139106509554;0.012944056713690094;0.49735424893048696;0.7170689834220576
29.999996;0.48409882429526313;0.34803733028487627;0.7150485589336393;-0.00021167964367709192;-0.003487272548469573;10.05007765010352;0.7536021098773602;0.012572042732258258;1.0466939751323017;0.3460046753464981;0.08673470324273781;0.7140151804887759;-0.08549517562524277;0.3463968611855362;0.012933392704674862;0.49726820894404883;0.7170600697106688
29.999998;0.4841082673934854;0.34806359225358857;0.7150399804964533;-0.00024065707262968075;-0.003636398551395525;10.051430109816184;0.7536645200583378;0.012571117863457503;1.0466937433467207;0.34596786739667523;0.08664828753771649;0.7140769371470158;-0.0854951616130814;0.3463772510149289;0.012903860618358451;0.49717271758465564;0.7170529458581761
30.000001;0.48411297861146624;0.34808682228254384;0.7150345729549196;-0.00030708246190296176;-0.003864961561997612;10.052801823508334;0.7537262128729882;0.012570185776158958;1.0466914073774336;0.3459278802498289;0.08652408221349767;0.7141406382461287;-0.08549514736946029;0.346355133893064;0.012836455002447693;0.49705883706797743;0.7170477143399613
30.000008;0.484108986835585;0.3481046617530007;0.7150335635159338;-0.00044750994454385856;-0.00424858320935444;10.054191744409247;0.753787065776863;0.012569246938651954;1.046686827359423;0.3458807489858921;0.08632621622513673;0.7142063230549411;-0.08549513293563782;0.34632657226155755;0.012694177076837388;0.4969096513873618;0.7170444882087363
30.000022;0.48408546099195465;0.3481089516046828;0.7150363261605271;-0.0007352641957563003;-0.004939009422882088;10.05559853204216;0.7538469794178672;0.012568301483431363;1.0466798844546015;0.3458195057166136;0.08597978103452793;0.7142750288941125;-0.0854961183867738;0.34628463860472475;0.012402039209371957;0.4966882751608044;0.717044505974376
30.00005;0.48402432967288034;0.3480862248618778;0.715041967773104;-0.0013176315962651368;-0.00624115107800371;10.057020682738994;0.7539058475917829;0.012567349373187027;1.0466705050104903;0.3457301894570748;0.08534183919259544;0.7143458148133466;-0.08549910382397194;0.3462154175925045;0.011816061718501292;0.4963278504564542;0.7170470332264276
30.000106;0.4838899522412288;0.348008943737709;0.7150465670911508;-0.0024681987617772806;-0.008721949019754538;10.0584567318796;0.7539635129201444;0.012566390855359738;1.0466586417080272;0.3455858573805776;0.08413545318020177;0.7144217623227123;-0.08551008935183915;0.3460920067614942;0.010660266150740982;0.49569653691035376;0.7170559082829352
30.000218;0.4836174190946767;0.3478246578985583;0.7150380932053493;-0.004689004757856836;-0.0134239848710548;10.059905347937036;0.7540197625577456;0.012565426710114427;1.0466442111808023;0.34533357598375813;0.08186369496755544;0.7145139448384985;-0.0855550750700332;0.3458615073803815;0.008434671044753045;0.49455650279840385;0.7170852819128825
30.000331;0.483361135450062;0.3476478917318045;0.7150240781897593;-0.006786391838180463;-0.017877537290260946;10.061365211802201;0.7540743648580296;0.012564458003820396;1.0466271021870315;0.3450883915601128;0.07972063109155299;0.7146194012717857;-0.0856300610739805;0.3456390104646075;0.006331288937330164;0.49347393105063214;0.7171318024870585
30.000443;0.4831190508784691;0.3474790580961494;0.7150083301347121;-0.008765247860701321;-0.022091735429642514;10.062835065039978;0.7541271082968874;0.012563485632928698;1.0466072795448782;0.3448513085080918;0.07769932107086296;0.7147391238769467;-0.08573204745009824;0.34542557689846193;0.004345115449783977;0.4924450314049606;0.7171961680869278
30.000555;0.48289196293466385;0.34732027819227634;0.7149938564076583;-0.010632862386482611;-0.026080599042314762;10.064314231973622;0.7541778111103296;0.012562510244069968;1.046584834457868;0.3446222977710278;0.0757938327218325;0.7148730597787989;-0.08586203427368413;0.34522122058727434;0.002471112473773405;0.49146902181443625;0.7172785094424632
30.000667;0.48267782480873633;0.3471726047090312;0.7149856197441591;-0.012394247679527494;-0.02985356860513808;10.065803009273138;0.754226302356957;0.012561532896625783;1.0465599070863905;0.344404324456513;0.07399824736412913;0.7150201373405546;-0.08601802161158105;0.3450289192674541;0.0007022084324000525;0.4905440861164114;0.7173775458799402
30.000712;0.4826050189265264;0.3471389080568045;0.715005589031359;-0.0130587744268099;-0.03134652976127972;10.067302126051388;0.7542724019119192;0.012560555996182367;1.0465325983388598;0.3442993662098728;0.07328966096505637;0.7151342895580972;-0.08608800952184677;0.3449506403844718;2.632444924908448e-05;0.49014135768341627;0.7174340701416858
30.000712;0.48262153705602767;0.3471775224761764;0.7150445762918756;-0.013035440192087912;-0.031407940186115535;10.06881156371928;0.7543159285591285;0.012559583342923416;1.0465029796417102;0.344266414805765;0.07326018437905683;0.7152214444376882;-0.08608799804932143;0.34494535095408047;3.640431810664522e-05;0.49006893864968787;0.7174557642879692
30.000713;0.4826375635478946;0.3472163331499476;0.7150864896422963;-0.013013993723969313;-0.03147323696976642;10.070330101046856;0.754356730892956;0.012558618884550716;1.046471155187097;0.3442334716957943;0.07323092467318842;0.7153105122756388;-0.08608798721696849;0.34494100840125397;4.441871455513707e-05;0.4899969128853351;0.7174796445779859
30.000713;0.4826532040254105;0.3472557198914127;0.7151316902602094;-0.012990119302865475;-0.03153303978060009;10.071855946173308;0.7543946787737383;0.012557665279811262;1.0464372737401828;0.34420054242627357;0.07320295658450342;0.7154013985068026;-0.08608797701580699;0.3449375505761576;5.234321732550844e-05;0.4899263346092375;0.7175056176948303
30.000713;0.4826673191014748;0.3472956154376863;0.7151814804884188;-0.012967300722792098;-0.03159422657208179;10.073387189255682;0.7544296032193789;0.012556723482737772;1.0464014790528031;0.34416663779180956;0.07317630478205855;0.7154940169883179;-0.08608896740812111;0.34493389754440135;5.81388438933171e-05;0.4898562214391678;0.7175337659854532
30.000714;0.48268087518376046;0.34733547752325505;0.7152330774099985;-0.01294769467441839;-0.03166086375794721;10.074921629880706;0.754461273471031;0.012555793124014314;1.0463638652650307;0.3441327802515227;0.07314793378864554;0.7155892823835;-0.08608895834585095;0.34493096165375847;5.87478604525065e-05;0.48978556527373107;0.7175647940285221
30.000715;0.4826928668994883;0.347375053517237;0.7152873079190807;-0.012935985463678914;-0.031742494082860555;10.076456777111456;0.7544894380439527;0.012554872890234695;1.0463244580746114;0.34409900069054883;0.07311174742394635;0.7156851038994092;-0.08609094978048115;0.3449286631358486;5.110232046667541e-05;0.489712350734795;0.7175969916572268
30.000717;0.48270132401541693;0.3474126676699008;0.715343637736464;-0.01293970601285357;-0.03185474167512485;10.077990248765186;0.7545138741268216;0.012553960795626746;1.0462831961499965;0.3440623367573194;0.07306161617576815;0.7157843867574505;-0.08609494165691509;0.3449239461948746;2.5140720688606984e-05;0.48963156706145466;0.7176332598478184
30.000722;0.48270530333272094;0.34744782278553016;0.7154026361293906;-0.012977070095223074;-0.0320353968934453;10.079520142067185;0.7545344256426473;0.012553054351324401;1.0462399098152437;0.34402284500557945;0.07297942092139996;0.715886023049185;-0.0861019339086572;0.34491677815669874;-3.518530603506304e-05;0.4895361975230338;0.7176726698087951
30.000731;0.48269988518343343;0.34747621308391463;0.715463007095123;-0.013081966002224506;-0.03235504363087366;10.081045177252308;0.7545510055135503;0.0125521506330869;1.0461943353077596;0.34397561203692256;0.07283107638262765;0.7159918826801606;-0.08611792646404753;0.34490212523278496;-0.00016492321063309005;0.4894092038831423;0.7177178470438801
30.000749;0.48267615064823255;0.34749086137570506;0.7155239041691472;-0.013321267889589984;-0.032953026080308714;10.082564755646992;0.7545635363128829;0.012551246657592422;1.0461461984963474;0.3439157573084659;0.07254952874847108;0.7161058119944714;-0.0861479192568406;0.34487493176019585;-0.00043113181810637915;0.48921852725342124;0.7177732193563777
30.000786;0.48261818891925107;0.34747853612558033;0.7155819405984075;-0.01382561705269585;-0.034101601461799316;10.08407903843324;0.7545718882689678;0.012550340201268934;1.0460953022374275;0.3438284240582887;0.07200874836850626;0.7162346287500855;-0.08621091223035811;0.3448201319385934;-0.0009638758892030879;0.4889010869666991;0.7178478071253859
30.00086;0.4824931393422704;0.3474144642832869;0.7156350619910196;-0.014838882874342306;-0.03630964145188399;10.08558875930305;0.7545758720391035;0.012549430511737474;1.0460415315405693;0.34368975912921856;0.07096773383431985;0.7163931268830568;-0.08634590533831511;0.3447136734924723;-0.002006217085804039;0.4883417761903375;0.7179609597923872
30.000934;0.4823725853035417;0.3473551622427678;0.7156943620037892;-0.01581198503144957;-0.038433562922125075;10.087094602296013;0.7545752601636909;0.012548518203296676;1.045984808676054;0.34355790702156896;0.06997053233073983;0.7165580894060317;-0.08649089855041815;0.34461351141152774;-0.0030092205959702184;0.48780147166686194;0.7180822253925143
30.001082;0.4821343255489726;0.3472094945498534;0.7157531853911555;-0.017682015536883686;-0.04242915822863735;10.088596759531542;0.754569812181715;0.012547604665598839;1.0459250651788847;0.3433400272731729;0.06810025368684487;0.7167992845955657;-0.0868118918562586;0.3444265776535044;-0.004908964632997578;0.4868320413543151;0.7183010097507007
30.001212;0.4819414791990524;0.347105396021529;0.7158343907038025;-0.019200519779356027;-0.04569246918680336;10.09009500490435;0.7545593092476889;0.012546691973817388;1.0458622568989422;0.343164305820287;0.06658205535813946;0.7170404613585388;-0.08712588525812862;0.3442807740404266;-0.006459539028804221;0.48603133774599616;0.7185197892697757
30.001342;0.48176128935090734;0.3470193966581174;0.715938198544331;-0.020612861472835878;-0.04873459451390755;10.091588803800846;0.7545435830098068;0.012545783043111767;1.0457964191742144;0.34300893885707867;0.06517610482839871;0.7172963570750152;-0.08747087875847179;0.3441540084391615;-0.007905041367433406;0.48528119812725934;0.7187579376165186
30.001472;0.48159376220419137;0.34695148657926717;0.716064519131371;-0.021924198619656173;-0.05156550720615301;10.093077338041189;0.7545225278020141;0.012544881422096083;1.045727701428937;0.34287309489472484;0.06387652923307222;0.7175666970915173;-0.08784387235808006;0.3440452343996465;-0.009251569485784601;0.484580463069542;0.719014970077428
30.001602;0.48143890260122313;0.34690324108083925;0.7162164764078933;-0.023140997940863016;-0.05419795119399753;10.09455962606138;0.7544961057072128;0.012543991146304567;1.0456563253230058;0.34275788879174585;0.06267738081813372;0.7178511852929267;-0.08824586606459128;0.34395545460388066;-0.010504206843274858;0.4839239950007527;0.7192909066981319
30.001732;0.48129381322700165;0.34687317617625;0.7163951124446493;-0.02426777763246326;-0.05664100950761822;10.096034562349448;0.7544643292021801;0.012543116754760782;1.0455825157047878;0.3426623991662386;0.0615746476271358;0.718149502782739;-0.08867385989538856;0.3438836994268398;-0.011670016986582044;0.4833116847994548;0.7195853228575031
30.001862;0.4811593738273329;0.34686237346689824;0.7166010701049013;-0.025310422119365586;-0.0589063172804008;10.09750090259104;0.7544272186381258;0.012542263089658808;1.0455064832127419;0.34258869314528256;0.06056127794149235;0.7184613204966025;-0.08912685387620731;0.3438320045743673;-0.0127520464732888;0.48273946540412016;0.7198980650251185
30.001992;0.48103553359481965;0.34687079096068;0.7168339377605167;-0.02627352614550204;-0.06100299912156108;10.098957450693131;0.7543847735487766;0.012541434939588227;1.0454284461045995;0.34253482017923786;0.059634187421709006;0.7187863264302794;-0.08960684804324873;0.3437984039991061;-0.013756323299521117;0.4822073398366359;0.7202293673585549
30.002123;0.4809203215538877;0.3468980860556847;0.7170954943398867;-0.027161086996539314;-0.0629392534094242;10.100403120394196;0.7543369742723568;0.012540636546391374;1.0453486314734133;0.3425018040080482;0.05878826972585501;0.7191232552378277;-0.09010984244360232;0.34378394183659444;-0.014686863288027376;0.48171038684876244;0.7205777506703024
30.002253;0.4808136554061265;0.3469436989725384;0.7173842370942587;-0.02797720882869219;-0.06472336649778862;10.101836631545801;0.7542838056769319;0.012539871080813118;1.045267258071147;0.3424886504644079;0.05801841470660667;0.7194738829146183;-0.09063683713472806;0.3437876807315596;-0.015546679059203098;0.48124972486685835;0.7209453425782738
30.002383;0.48071526272311155;0.3470083062586297;0.7177015384375762;-0.028727744022532364;-0.06636735428719118;10.103256312353409;0.7542252854635595;0.012539140500552095;1.0451845517274438;0.3424963579250902;0.057322514112440555;0.719835992384922;-0.09118683218942249;0.34381069747884097;-0.016341764349318486;0.48082146876522636;0.7213300278134116
30.002513;0.48062333828544473;0.3470911965395286;0.7180482084915312;-0.029413327806000658;-0.06787261158972455;10.104660112091535;0.7541614731431561;0.012538445846755694;1.0451007899270002;0.34252393074486176;0.05669545976155072;0.7202093666158124;-0.09175882770107975;0.3438520809822862;-0.017075070424015123;0.48042570885343056;0.7217316435095316
30.002643;0.4805395025137779;0.3471929013583433;0.7184225819790502;-0.030040865898228214;-0.06925318565877665;10.10604556391402;0.7540924775756779;0.012537787767073717;1.0450163136304396;0.3425703890693796;0.05613315323662985;0.7205947990856125;-0.09235182378179274;0.343910933224698;-0.017748504872504824;0.48005951339190456;0.7221510493760058
30.002773;0.4804609818642185;0.3473114730377097;0.7188245001804578;-0.030610369563326103;-0.07050935981674113;10.107409711658185;0.7540184845936718;0.01253716710651794;1.0449314853367466;0.3426367608934349;0.05563352254357126;0.7209910811212275;-0.0929658205552334;0.343988359569009;-0.018366947956393955;0.47972194884587865;0.7225873528078146
30.002903;0.48038856225494797;0.34744822914565526;0.7192553687621961;-0.031127245980379716;-0.07165221526325698;10.108749129617156;0.753939772448963;0.012536585372496214;1.0448466520402657;0.34272207223721457;0.05519251297303544;0.7213979959320486;-0.09359981814668812;0.3440834467903133;-0.01893328059451323;0.47941209278595187;0.7230406326865053
30.003033;0.48032225261912065;0.3476029315668416;0.7197146082958775;-0.0315940092926154;-0.07268690993023236;10.110060235281424;0.7538566869160173;0.012536044959811646;1.0447621700691114;0.34282635384509935;0.05480704845855795;0.7218163379459155;-0.09425381666960132;0.34419624613700767;-0.019448417154596772;0.4791270207424386;0.7235121440886038
30.003163;0.480261173731321;0.34777431555470306;0.7202009088713677;-0.03201285952033213;-0.07361807720556088;10.111339719855675;0.7537696040986782;0.012535549178061923;1.0446784486561154;0.34294864706041517;0.054476009742354115;0.7222439278954628;-0.09492581621633006;0.34432577035132683;-0.019917314440676487;0.47886779183390304;0.723999905347866
30.003293;0.48020525726814417;0.3479624603254515;0.7207145632871003;-0.03238700173469021;-0.07445232800701683;10.112584719433926;0.7536789260768614;0.012535101923379536;1.04459594946494;0.34308899598101616;0.05419424634302899;0.7226826184180057;-0.09561681685911187;0.3444719954236457;-0.020341953324115515;0.4786314549504835;0.7245062639897214
30.003423;0.4801536082610838;0.34816706251797847;0.721256245693465;-0.0327185871969465;-0.07519414880102142;10.11379282483826;0.75358509618421;0.012534706922629816;1.044515162715033;0.34324743782281253;0.053959593670328196;0.7231302951864576;-0.09632581865113268;0.3446348637607362;-0.020724321658587154;0.47841805939871607;0.725029330555743
30.003553;0.48010609961329875;0.34838722433688124;0.7218241251191978;-0.03301049119683306;-0.07584934634072985;10.114961935046317;0.7534885743823106;0.012534367077782372;1.0444365848928023;0.3434229976993514;0.05377088886168781;0.7235888756960746;-0.09705082162369023;0.3448132933401823;-0.021066400865613018;0.47822564547106133;0.7255710341002819
30.003683;0.4800627549068668;0.34862332537548274;0.7224187368465423;-0.03326456469198022;-0.07642152296483763;10.11608990597431;0.7533897715142234;0.012534084283324155;1.0443607022889867;0.3436156858023252;0.05362499033235366;0.7240563253977109;-0.09779382578850704;0.3450071875843759;-0.02137115344100607;0.47805422043672874;0.726129820591396
30.003813;0.48002240397623963;0.3488742278883076;0.7230392517885822;-0.033483489737622885;-0.07691623551503242;10.117174364003231;0.7532890224988468;0.01253385948212325;1.0442879956971185;0.3438255013505084;0.05351979272338714;0.7245336819963838;-0.09855283114492278;0.34521643577033195;-0.02163953288392096;0.47790074703981583;0.7267065203160328
30.003943;0.4799859631975306;0.34914031569943016;0.7236848720357951;-0.03366900461050579;-0.07733685184053939;10.118212732865578;0.7531866381238281;0.012533692723255321;1.0442189624155618;0.34405144727713144;0.05345323934280565;0.7250200421565838;-0.09932683768486039;0.3454399153115663;-0.021875507287988667;0.4777661481893429;0.7273001160646922
30.004073;0.47995244951282123;0.34942179404217477;0.7243572152377649;-0.03382317142894645;-0.07768778992188953;10.119202223989916;0.7530829689351941;0.012533583430283575;1.0441541233011244;0.3442935404871403;0.05342232978265524;0.7255165110398937;-0.10011684539797386;0.34567751294769034;-0.022079065219351855;0.4776483158136994;0.7279118800486246
30.004203;0.4799217667785836;0.34971736788635854;0.7250533066600597;-0.03394717277272128;-0.07797153006860214;10.120139832359856;0.7529784160078713;0.012533530916102875;1.0440939803214466;0.3445517964068231;0.05342811795042949;0.7260221764031138;-0.10092185427757337;0.34592914969889643;-0.02225220494136036;0.47754712175996133;0.7285408223646475
30.004333;0.4798926097325192;0.35002627074234005;0.7257729935124827;-0.034044302655647514;-0.07819513592724284;10.12102230415556;0.7528734031015312;0.012533534558473029;1.0440389464308228;0.34482519863439604;0.053465714036908786;0.7265381251724002;-0.1017408643138677;0.346193788473851;-0.02239692295996306;0.47746142651955353;0.7291878466312601
30.004463;0.4798660221663933;0.3503496910552337;0.7265165647606742;-0.034114807001284345;-0.078358912311288;10.12184608327379;0.7527683402787642;0.012533593646168557;1.043989320295996;0.34511369229191413;0.053536285628095176;0.7270634554207446;-0.1025738754778734;0.3464714231442821;-0.022515206849045618;0.4773890776467314;0.7298518944314134
30.004593;0.47984078014832005;0.35068653045061987;0.727282891186211;-0.03416129509685258;-0.07846844043086432;10.122607421915998;0.7526635847850742;0.012533707431064222;1.0439453197071507;0.3454172087612348;0.053638028346021736;0.7275982660167738;-0.1034198877184758;0.34676205104381413;-0.02260702962996626;0.4773309091180439;0.7305326790652148
30.004723;0.47981686456880446;0.35103654011983726;0.7280707804295231;-0.03418363460450872;-0.07852341563335775;10.12330241894637;0.7525594195029081;0.012533875290872706;1.0439071198584329;0.3457336836735645;0.053768113322866344;0.7281426296786638;-0.10427990097252622;0.34706364724742134;-0.022675346645646542;0.4772857589397181;0.731230175571723
30.004853;0.47979401419461964;0.35139915239580816;0.7288788368692304;-0.03418526402912178;-0.07853104953053648;10.123926868188018;0.752456056988606;0.012534096789230204;1.0438748702951113;0.34606504540584826;0.05392666044936443;0.7286965528598462;-0.10515191517294548;0.34737816952628187;-0.02272110306081565;0.47725149314650084;0.7319439460747091
30.004984;0.47977241578457525;0.351775275204644;0.7297082424992408;-0.034166189136780704;-0.07849132708971247;10.124476215875386;0.7523536486063009;0.012534371578033445;1.0438487015218794;0.34641019289917085;0.054112760434866;0.7292599578957534;-0.10603693024827665;0.34770458801194165;-0.0227452473375005;0.47722900836110277;0.7326740452927324
30.005114;0.4797510517979599;0.3521631655797141;0.730556641260878;-0.034127588828108485;-0.07840690330995544;10.124945454798468;0.7522523097602627;0.012534699055188414;1.0438287365180816;0.3467679952999074;0.05432550951201352;0.7298327152878454;-0.10693394611615983;0.348041911204477;-0.022747741020102772;0.47721620918001123;0.7334203537806275
30.005244;0.47973111717169425;0.35256391334020015;0.7314243228406042;-0.03407081461340663;-0.07828049866858412;10.125328889129428;0.7521521588368991;0.012535077937918294;1.0438150947880087;0.34713831717371985;0.05456201273292411;0.7304137044315578;-0.10784296268002756;0.3483901862298861;-0.02273256948404048;0.47721299368964165;0.734181995378573
30.005504;0.47971687674793045;0.3533354285411572;0.7330518781324186;-0.03395194274637847;-0.0780198741609729;10.125620385422057;0.7520533283719122;0.012535506064817086;1.0438078611921286;0.3478810339696686;0.05505536761223153;0.7316008598078932;-0.1096929798302484;0.3491094711479186;-0.022625750088891373;0.477276262736787;0.7356886962288722
30.005738;0.4797085715198527;0.3540740363009256;0.7345959517878649;-0.03378611365933019;-0.07765677167320478;10.12581434905859;0.7519559540674584;0.012535980454853199;1.043807048289246;0.3485900260453442;0.05557465923090657;0.7327081766817116;-0.11139499744782033;0.34979381285390093;-0.022476323099113498;0.47735792742653743;0.7371026802760661
30.005972;0.47970501174341895;0.35484563464025004;0.736195717364101;-0.0335744444204726;-0.07719389549795573;10.125906810421045;0.7518601617258365;0.012536497504819968;1.043812592970337;0.3493321771244951;0.05615595925259288;0.7338516792226116;-0.11313001541334329;0.3505102548600252;-0.02227733349491593;0.4774639084550494;0.7385656516713766
30.006206;0.4797043017737787;0.35564903411018045;0.7378513551212148;-0.03332163598502855;-0.0766415532384625;10.125895717123766;0.7517660424341479;0.012537053349318228;1.0438243800951292;0.3501063800161582;0.05679431620922093;0.7350303789403497;-0.11489603361282073;0.3512578494930102;-0.022034826396214548;0.47759214708398706;0.7400765995972902
30.006255;0.479681248915383;0.35587566454241787;0.7383310361234899;-0.03323241901004442;-0.07643118390491141;10.125780227119707;0.7516736255610683;0.012537644047311216;1.0438422779687155;0.35030253255423016;0.05697975176172493;0.73527526268425;-0.11527105193644793;0.3514266484867452;-0.02199685127017913;0.4775866292898151;0.7404557659328181
30.006255;0.47964972047310267;0.35594461212266987;0.7384882678222734;-0.033194241318245436;-0.0763258218102736;10.125559859389103;0.7515828619945737;0.012538265384692196;1.0438661732639611;0.35034053188576114;0.05703826412479292;0.7352623154994612;-0.11527107028326523;0.3514366939987108;-0.02202045605885843;0.47754139587691025;0.740527276461507
30.006255;0.47961657212126224;0.35601576160663073;0.7386461566894268;-0.03315697576569174;-0.07621989433743581;10.125234410414285;0.7514936303854711;0.012538912673354231;1.0438959951661722;0.3503802795046813;0.057099820099495754;0.7352465431629965;-0.11527308856960565;0.3514480352820799;-0.02204468070863593;0.47749552300250114;0.7406018976052462
30.006256;0.4795818138608785;0.3560876510086615;0.7388015965180167;-0.03312075449619138;-0.0761137927063272;10.124804547030884;0.7514057764068807;0.012539580698742489;1.0439317264218957;0.3504206835457988;0.05716335031375722;0.7352279719774922;-0.11527510672839798;0.3514597471932426;-0.02206956545743705;0.47745009774266034;0.7406795126166411
30.006256;0.4795455186469657;0.3561620957375389;0.7389583821171534;-0.03308490745146167;-0.07600627207824105;10.124272233602644;0.7513191398036126;0.012540263752310083;1.0439734032650783;0.35046165449562255;0.0572287738375737;0.7352056389043216;-0.11527912470590893;0.35147192205218725;-0.02209416564817401;0.47740320896917016;0.7407596235438946
30.006257;0.47950790536905125;0.35623922576621986;0.7391167003645013;-0.03304915813651233;-0.07589696547385574;10.123640458859846;0.7512335453275371;0.012540955676638425;1.0440211049367216;0.3505061051428968;0.05729803624069767;0.7351835881784646;-0.11528714246136217;0.35148764993669096;-0.02211955674830896;0.4773569516296271;0.7408466048318891
30.006259;0.47946894318045036;0.3563205402891363;0.7392800604340728;-0.033014257951330894;-0.07578774103340949;10.122912609461544;0.7511488111327692;0.012541650169786096;1.0440749252561798;0.3505539493476923;0.057372131617147576;0.7351628639938235;-0.11530415995717794;0.351507020431815;-0.022143819012797158;0.4773114486302787;0.7409422898267615
30.006264;0.47943011351292336;0.35641038866260893;0.7394556655562956;-0.032977346422620235;-0.07567269736639277;10.122092252978158;0.7510647928766208;0.012542341659107963;1.044134932780614;0.3506080949309175;0.05745309986520162;0.7351494953491914;-0.11533617714039233;0.35153314403547686;-0.022167016108199707;0.47726686754705994;0.7410536036068593
30.006272;0.4793906472024014;0.3565149713415656;0.7396581030033046;-0.03293662000125298;-0.07554847483038615;10.121183318170155;0.7509814104427529;0.012543025870224057;1.0442011263506146;0.35067743832921006;0.057548006462400034;0.7351544917008168;-0.1154021939354065;0.3515751595711611;-0.02218519127118939;0.4772263903466863;0.7411944650266217
30.006289;0.4793518627209882;0.35664757650178663;0.7399136221928939;-0.03288738811367817;-0.07540536164342625;10.120190037737355;0.7508986246905011;0.012543699315257196;1.0442733896742402;0.3507748649894531;0.057667916412277614;0.7352008443826236;-0.11553321025928999;0.3516462233437243;-0.022193371099008003;0.4771931646780855;0.741392552750568
30.006323;0.4793142677500996;0.35683657573182526;0.7402812661733111;-0.03281995001320305;-0.07522330590921361;10.119116639065451;0.7508163907298734;0.012544358575156789;1.0443514842925206;0.35092825379928133;0.05783786884312003;0.7353315276567135;-0.11579722604745202;0.3517744958875108;-0.022178565919280153;0.47717529914037404;0.7417011291766527
30.006391;0.47928291281986574;0.35714094409250763;0.7408769682233077;-0.03270958567717852;-0.07495017308744518;10.11796711947;0.7507346323121136;0.012545000251926175;1.0444350867574783;0.351196487164271;0.058109862626315185;0.7356395128391123;-0.11633624126715046;0.3520191211642051;-0.02211277878772428;0.4771899015274703;0.7422346219916125
30.006528;0.4792663855232728;0.35768517295086266;0.7419478197208539;-0.03249610301205659;-0.07445921986735832;10.116745203637466;0.7506532479814029;0.01254562133400869;1.0445237975728114;0.3517034587073647;0.058605865994377906;0.7363107739836099;-0.11744825591064854;0.3525042010307672;-0.021929010802020567;0.4772761103135225;0.743224563715645
30.006664;0.4792521226547762;0.35824409833614435;0.7430434076320496;-0.03225513683616903;-0.07391045660657229;10.115454508837308;0.7505721262098335;0.012546219464968686;1.0446171157852797;0.35222605793217887;0.05913684109656635;0.7369902705879116;-0.11860626997847444;0.3530067846737535;-0.02171724180393665;0.4773790909799552;0.7442383315929056
30.006936;0.47927815261569345;0.35933104355257134;0.7451764678713088;-0.03172231174430685;-0.07274662607447738;10.114098755650458;0.7504911697028226;0.012546792990542635;1.0447144609951184;0.35327614664643353;0.06021675909095254;0.7384429511034282;-0.12105728346760093;0.3540388761088756;-0.021177410320410844;0.47767302585892885;0.7462332330154909
30.007182;0.479308965896658;0.36036714540909076;0.7471934739684434;-0.031153022561250607;-0.07150652400994874;10.112681740491803;0.7504103285106807;0.012547340801919304;1.044815235908418;0.3542755717287621;0.061306596236088674;0.7397827970601338;-0.12341329637415034;0.35502243983351284;-0.020605416295339407;0.47798012853041766;0.7481147792056674
30.007427;0.4793498300105397;0.36144963879625547;0.7492893018155317;-0.03050699451847024;-0.07010562683055845;10.111207293622792;0.7503295996827091;0.012547861962682127;1.0449188452727074;0.35532221662785857;0.062494315685370845;0.7411588543172614;-0.12590530870308708;0.35605539789113433;-0.01995312903291256;0.4783296603767509;0.7500680985388235
30.007672;0.47940186842862387;0.36257767051266043;0.751460489404743;-0.029788728932225932;-0.0685535339036372;10.109679701285536;0.7502489836371357;0.012548355428951285;1.045024668317881;0.3564120446346427;0.06377685201270472;0.7425712100392341;-0.12852832046728702;0.35713363924487623;-0.019226388477029868;0.47871991477901316;0.7520934420694694
30.007917;0.4794632077376517;0.36374868580545805;0.7537046235338761;-0.02900224875677275;-0.06685930531855785;10.108104266460701;0.7501684341522113;0.012548820157297974;1.04513206441048;0.35754610074445764;0.06514811797815226;0.7440179553529209;-0.13127733167718453;0.35825803547882107;-0.018429006749264062;0.47914818210842447;0.7541890406067283
30.008163;0.47953384302003366;0.3649610039147082;0.7560181100688838;-0.028152651626204096;-0.06503395007738426;10.106487169702879;0.7500878365039759;0.012549255359626954;1.045240421483085;0.3587214825729891;0.06660501058151454;0.7455001852570833;-0.13414834233273623;0.35942544247651714;-0.01756377177025239;0.4796137304755559;0.756356193059939
30.008408;0.4796139341249581;0.3662151432789454;0.7584015899334764;-0.02724338708245054;-0.06308495093957722;10.104834542006216;0.7500070344081545;0.01254966061373329;1.0453491817581502;0.35993830767916435;0.06814239096045269;0.7470160230447135;-0.13713635242087696;0.3606357081471284;-0.016635457596754343;0.48011481238056;0.7585930065835499
30.008653;0.4797025355079103;0.36750821342576756;0.7608503098805246;-0.026277315447491602;-0.0610186372368416;10.103151730870263;0.7499258702193423;0.012550036029147046;1.0454578422955596;0.36119369801225726;0.06975807441495499;0.7485656271743275;-0.14023636192592573;0.36188569578813234;-0.015647846781886635;0.48064868291452784;0.7608994821726957
30.008898;0.4797984890789244;0.36883805377948253;0.7633613732141756;-0.025259181609707845;-0.058845246922245124;10.101443406189185;0.7498441964825275;0.012550382585979052;1.0455659520010416;0.3624877846262566;0.07144685523348533;0.7501491759465331;-0.1434433708482447;0.3631753023205611;-0.014602746503523487;0.4812135920326584;0.7632755304093224
30.009143;0.47990199668264727;0.37020530888431746;0.7659355606335643;-0.024191687858690993;-0.056570595256442216;10.099713883462345;0.7497618983383736;0.012550702164080357;1.0456731054914037;0.3638197203306913;0.07320553930941268;0.7517648590037017;-0.1467533792031434;0.3645034642197449;-0.013503976689029461;0.4818097512663982;0.7657191759004207
30.009389;0.4800119560204513;0.3716068248064926;0.7685678309048967;-0.023077472215414598;-0.05420054961577364;10.097967326835256;0.7496789438021914;0.012550997043023272;1.0457789470384204;0.36518768173837696;0.07503196490247258;0.7534138777303195;-0.15016238700693527;0.36586815153494917;-0.012355352294521131;0.48243432923667723;0.7682312921775942
30.009634;0.48012934109702027;0.3730436194917875;0.7712586340852251;-0.021920345270325388;-0.05174320481671128;10.096208100904288;0.749595400020856;0.01255126908546432;1.0458831752296933;0.36659185134627476;0.0769220035419975;0.7550944312180465;-0.15366539428667875;0.3672693566525905;-0.01115769398021561;0.48308647703595214;0.7708095580748416
30.009879;0.48025301908578155;0.37451246529810706;0.7740029875297133;-0.02072293375085736;-0.049204446855839884;10.094440932131802;0.7495113897311331;0.012551518939751757;1.045985540101415;0.3680293938619818;0.07887454689329707;0.7568056912359363;-0.15725940109966813;0.3687040936473247;-0.009915855895610518;0.48376533997792526;0.773453010168047
30.010124;0.4803831418021949;0.3760137926652776;0.7768014872182751;-0.019486915020920398;-0.046588049413661715;10.092670572778932;0.7494270275821742;0.01255174590100226;1.0460858398066946;0.3695014436927186;0.08088450604145994;0.7585487888766592;-0.16093940752423336;0.3701734036105553;-0.008629740783323969;0.48446905945509766;0.7761622210613723
30.010369;0.48051748782098963;0.3775444438792962;0.7796510716622964;-0.01821545736162418;-0.043901128017328886;10.090901215679395;0.7493423722441582;0.01255194848570411;1.046183894449942;0.3710061080370114;0.08295080750858944;0.7603218166362433;-0.16470141363292173;0.37167534725561924;-0.007304296930763367;0.48519578002010805;0.7789350063552881
30.010615;0.48065803236973415;0.37910558398051636;0.7825509736259236;-0.016911076191659453;-0.04114903484141878;10.089135971056784;0.7492574070787211;0.012552124897040858;1.0462795131832638;0.3725414810447415;0.08507035344240575;0.7621248392819442;-0.16854241947905202;0.37320798215498646;-0.005940506833280017;0.485946640142437;0.7817713535777991
30.01086;0.4808028781953133;0.3806940498363459;0.7854977075183784;-0.015575655634652727;-0.038336113308826164;10.087376757126417;0.7491720582037358;0.012552272910863135;1.0463725243598554;0.3741086582138183;0.08724098761227926;0.763957913921208;-0.1724584250977608;0.37477233887963063;-0.004540367815099184;0.4867177508759324;0.7846710405702624
30.011105;0.48095201820478384;0.38230984364581777;0.7884914348186742;-0.014210475964183466;-0.0354651883428926;10.085624781486423;0.7490862309461309;0.012552389742631087;1.0464628460241578;0.37570573797947665;0.08946051450413874;0.7658191064596281;-0.17644643051152273;0.37636641457921244;-0.003106860064683304;0.4875101960937487;0.7876321035208161
30.01135;0.48110534607711597;0.3839515235812562;0.7915295677246638;-0.012818709418409317;-0.032542968591937324;10.083881081537546;0.7489998289603997;0.012552472541372046;1.0465504978107445;0.3773328096517133;0.09172674025427777;0.7677084928309748;-0.1805014357447545;0.37799018489126024;-0.001641926408310733;0.48832204463172924;0.7906540683370006
30.011596;0.4812637430871815;0.38561890127276255;0.7946105048931965;-0.011403122949302912;-0.029575236601652646;10.082146642308693;0.7489127594528839;0.012552519102340157;1.046635546019097;0.3789879523156188;0.09403648562086411;0.7696251578854701;-0.18462044084688498;0.3796416142803734;-0.00014649276440663632;0.4891523450407163;0.7937359111134733
30.011841;0.48142438162272544;0.38730999893142504;0.7977348734306805;-0.009963603975520794;-0.026562045371653114;10.080422482072773;0.7488249474061515;0.01255252807486199;1.0467180510818708;0.3806702502328514;0.09638857215457174;0.7715681973977222;-0.18880044589891365;0.3813196473885732;0.0013764974499019954;0.4900011169861349;0.7968765746186545
30.012086;0.48158905357761644;0.3890245044068307;0.8008990884038784;-0.008503128381997101;-0.023509604156442248;10.078709726797422;0.7487363515600121;0.012552498610950084;1.0467980729738424;0.38237979475192746;0.09878081653359695;0.7735387267819726;-0.19303845099353537;0.38302418763852997;0.0029250743147392856;0.49086637023877233;0.8000768974304177
30.012331;0.48175664213142644;0.39076119791466796;0.8041024340022406;-0.007022465111747915;-0.02041975648557499;10.077009282111359;0.7486469633150219;0.012552429870937682;1.0468757394254617;0.38411566709266365;0.10121104004439684;0.7755349027234408;-0.19733045621650822;0.384754093226252;0.0044982548267720555;0.49174712598370895;0.8033345320565196
30.012576;0.4819270431859359;0.3925197796208932;0.807344489801472;-0.0055239280930466685;-0.017297506691343084;10.075321579799578;0.7485568087438198;0.012552320977932088;1.0469512914422952;0.38587692623260667;0.1036770720933954;0.7775569325660814;-0.20167346164457287;0.38650820477278225;0.006094062312441492;0.4926424006937739;0.8066492792553297
30.012822;0.4820990910274948;0.39429849334165706;0.8106235770378457;-0.004009611193965007;-0.014147442149465063;10.073646847492236;0.7484659635760399;0.012552171458524306;1.0470250390512033;0.3876636130946678;0.10617674355715931;0.7796030546477652;-0.2060644673430858;0.3882863810592839;0.00771153757858378;0.4935521893303489;0.8100189271759144
30.013067;0.48227395107855436;0.3960974872414256;0.8139380750005504;-0.002479411081569133;-0.010969498254317384;10.071985718370907;0.7483745436060849;0.012551981384957823;1.0470972853061913;0.38947275278170024;0.10870988531633638;0.7816745159087543;-0.21050147335647668;0.39008550754936316;0.009347730517236707;0.49447549576061733;0.8134443166209467
30.013312;0.48245029254737753;0.39791482916566817;0.8172862642861876;-0.0009370371889521143;-0.007771513063671856;10.070339935521393;0.748282677427508;0.012551751062489909;1.0471682852319095;0.391306335982538;0.11127233384450895;0.7837705642474718;-0.2149794797040025;0.39190747806960247;0.011002680287265906;0.4954103760501581;0.816923479956248
30.013557;0.48262838576607214;0.39975132987262174;0.8206695434664211;0.0006191171498126464;-0.004550167750130751;10.068712620782504;0.7481905050039359;0.012551480942028428;1.0472382476652722;0.3931613000310331;0.11386492619699226;0.7858904486247655;-0.21949848638416597;0.39374919170183276;0.012673403754783609;0.49635893425346445;0.8204556965667607
30.013803;0.4828068693790902;0.401603639938285;0.8240835447575214;0.002184627774749486;-0.0013145515298993219;10.0671078938093;0.7480981976316406;0.012551171684223036;1.0473073504205146;0.39503853837058256;0.11648348994405462;0.7880334228248002;-0.22405349337920782;0.3956115704317414;0.014360893605479565;0.4973172810402096;0.8240388744626277
30.014048;0.48298799528261455;0.4034747107638603;0.8275308859311123;0.0037604791760397723;0.0019375376480226171;10.065530280828229;0.7480059593299397;0.012550824084428048;1.0473757160448947;0.3969369292143054;0.11912785437727322;0.7901997481271502;-0.2286425006562015;0.397493561884685;0.016061116482691165;0.4982875018068655;0.8276726411304083
30.014293;0.4831693982538345;0.4053602718819135;0.831007040355535;0.00534373157441495;0.005200229224917124;10.063984021041488;0.7479139854970192;0.012550439267125084;1.047443364457464;0.3988543568145658;0.12179687241442021;0.7923896866284847;-0.23326350817368538;0.3993931247159028;0.017774017685828206;0.49926663994142934;0.8313566063799157
30.014538;0.483351083061854;0.4072579708244883;0.8345074097028756;0.006934994388066759;0.008475043450172458;10.062472525641942;0.747822415358062;0.012550018915764094;1.047510218720941;0.4007877187672129;0.12448541391351432;0.7945934850829158;-0.23791351589408716;0.40130721684899145;0.01949953370361462;0.5002566845112552;0.8350804876699601
30.014783;0.4835338912792093;0.40916322481845896;0.8380213045248448;0.008534157474570486;0.01176199591930532;10.06099855040423;0.7477313323288638;0.012549564872833508;1.0475761712288758;0.40273193114751465;0.1271933417460818;0.7968043592053776;-0.2425895237861509;0.40323079758816255;0.021234598112230444;0.5012545784781299;0.8388368545381142
30.014954;0.4836544648276076;0.4104950346006355;0.8404588857500164;0.009650810586176423;0.014051050260849166;10.059564722777463;0.7476407921310664;0.012549078350590954;1.047641151295338;0.40410693675400505;0.12910752063266887;0.7983054955138598;-0.24585353181670314;0.4045838439137133;0.022447143143435825;0.5019782627733217;0.8415159134619454
30.014954;0.48363273867436957;0.41050812585483276;0.8404219431233018;0.009656743725031097;0.014050145723708924;10.058173732360755;0.7475508300318668;0.012548559517606587;1.0477051550816125;0.40416570665690155;0.1291798479262688;0.7981900815449943;-0.2458535399455306;0.40461936137432086;0.02244810365451742;0.5020647134641891;0.8416925650277448
30.014954;0.48361029399983857;0.41051936549601803;0.8403855180407456;0.009664428083887046;0.014052538121812818;10.056828326779359;0.7474614625492639;0.012548008111062173;1.0477682358566338;0.40422723105198816;0.1292512672308797;0.7980783284301748;-0.24585754812819385;0.4046563698643932;0.022452411658434278;0.5021569288844185;0.8418738474202837
30.014954;0.4835866963811085;0.4105271530859585;0.8403470762979506;0.009671083985912814;0.014052918828132624;10.055531416492078;0.747372708678593;0.01254742467328934;1.0478304576872959;0.40428851290868667;0.1293197649991464;0.7979684451038285;-0.24586155632451018;0.40469188081013135;0.022456981713830794;0.5022539033586889;0.8420565603507038
30.014955;0.4835628519869752;0.4105341133099541;0.8403104986769846;0.009678627884497665;0.014055657442144993;10.054286111950447;0.7472846062766668;0.012546810954418739;1.0478918345408503;0.40435256259954894;0.12938735049565897;0.7978626010105948;-0.2458695645091501;0.40472889733249323;0.022464705283659684;0.5023556200193927;0.8422437062745625
30.014955;0.48353670571300894;0.41053939408102885;0.8402775454451713;0.009689562604900927;0.014066454922306742;10.053095650734083;0.7471972064026253;0.012546169287323501;1.047952317837818;0.4044213799529763;0.12945703572722259;0.7977629180089932;-0.24588557267610936;0.40476943320232545;0.02247645984868954;0.5024650492503816;0.8424382173367979
30.014957;0.48351097483580735;0.41054858369335695;0.8402550157231453;0.009704594388154311;0.014087177882274309;10.051963312322874;0.7471105555604579;0.012545502184915718;1.0480118488715082;0.4044969374608745;0.12953284223770034;0.7976734741504132;-0.24591758083001009;0.40481552040062224;0.022495128158890758;0.5025811560279826;0.8426460257362202
30.01496;0.48348374994124144;0.4105658825739169;0.8402548606520089;0.009730979496594;0.01413327254784369;10.050892223595435;0.7470246814902212;0.0125448124225839;1.0480703926567978;0.40458518494002876;0.12962381095261638;0.797601305775768;-0.24598158896917446;0.4048731929318458;0.022525618224481014;0.5027079201507758;0.8428782383856799
30.014967;0.48345802614588373;0.4106055249737846;0.8403014368340459;0.009778328173584483;0.014224814858257079;10.0498851160773;0.7469395813292063;0.012544102951805133;1.048127892186915;0.40470106934993255;0.1297479958126867;0.7975634119786241;-0.2461085970740591;0.40495746789578085;0.022581869487000635;0.5028523459763785;0.8431599170135393
30.01498;0.4834361652174669;0.41069317733324;0.8404439168925854;0.009869364641785717;0.01440890666959701;10.048944204863705;0.7468551906261844;0.012543376534130688;1.0481842035388864;0.40486754200837227;0.12994045446001062;0.7975917591075167;-0.24636260511122013;0.4050913553219101;0.02268484906219125;0.5030264483124618;0.8435401795152543
30.015007;0.48342254553453506;0.4108789854068183;0.8407786018928985;0.010045691830075925;0.014771521831394458;10.048071234389234;0.7467713502325041;0.012542635402031486;1.0482391101870037;0.40513854588074133;0.1302752346170444;0.7977472908733039;-0.24687261304380145;0.40532888633760056;0.022883552706759215;0.5032562247065961;0.8441150926063846
30.01506;0.48343048106272224;0.41126738969826204;0.8414984615855923;0.01039502263453184;0.015493473831225277;10.047267601926432;0.7466878178584291;0.01254188122475589;1.048292403938991;0.40561401163261407;0.13089435718834808;0.7981569645137419;-0.24789162083295502;0.4057701154117645;0.023273003207080728;0.5035896337545658;0.8450808124040499
30.015166;0.4834794514190788;0.41206240378727965;0.8429910706623639;0.011091063003588841;0.016932594217115897;10.04653441451151;0.7466043229496387;0.012541115404041854;1.048343920784778;0.40650286622098497;0.1320878229403409;0.7990717949897674;-0.24993362843281794;0.40662409305840824;0.024043240436512854;0.5041286035149374;0.8468309912385246
30.015378;0.4836164022105151;0.41366598731371024;0.8460038366715527;0.01248745645896819;0.019815980291604546;10.04587239403833;0.7465206185097046;0.0125403392993506;1.0483934995597957;0.40820403191571064;0.13443565048380154;0.800965849886571;-0.2540276357854412;0.4082898417355754;0.02557831515629099;0.5050750676513084;0.8501325294605344
30.015556;0.48372424697348126;0.41499534705037944;0.8485051940331002;0.013666665195985604;0.02225450279922918;10.045281630551738;0.7464365060133863;0.012539554096472559;1.0484409383888043;0.4096344227815363;0.13641490020912217;0.8025142026244919;-0.2574776428215207;0.4096843506573071;0.026876286224918947;0.5058989958006664;0.8529164159525011
30.015913;0.4839813376407578;0.41765134355132216;0.853484684129521;0.01604138784508478;0.02715130358101022;10.044761451841765;0.7463518437234916;0.01253876083314877;1.0484860031265766;0.4123969497935252;0.1403456530917387;0.8056099010891179;-0.26440264947480174;0.4124105795236293;0.0294782153017078;0.5074083972963523;0.858253342398551
30.016269;0.48424024971009166;0.42026241293513156;0.858368597504037;0.018441074325877358;0.03209700782095495;10.044310547349689;0.7462665360903126;0.01253796105451351;1.0485284919502056;0.415117525702716;0.1442889705249037;0.8085859579791039;-0.27135865570121875;0.41509445749648843;0.03210515751839153;0.5089283071545724;0.8635178245497521
30.016625;0.48450023387000846;0.42282673414419547;0.8631549080139287;0.020866964850560978;0.037093958782479286;10.04392708963858;0.7461805072719934;0.012537157556024229;1.0485683026483537;0.4177960650372071;0.14824486239396464;0.8114413508902687;-0.2783376614867798;0.4177358936379729;0.034758145849420184;0.5104587693662502;0.8687064461522306
30.016982;0.4847613450832903;0.4253435858670244;0.8678423947738616;0.023319527475238088;0.04214293458253522;10.043608917352252;0.7460936938209602;0.012536354527384008;1.048605429595079;0.4204304823316371;0.15221127204883625;0.81417803665376;-0.2853366668403998;0.4203328138169518;0.03743718135085608;0.5119998113248511;0.8738200715322308
30.017338;0.48502465902968406;0.4278128294252626;0.872429143023581;0.025797629404144415;0.047241424931958056;10.043353795632123;0.7460060607115525;0.012535556910356712;1.04863991275175;0.42302069252140667;0.15618908697149775;0.8167939669047642;-0.2923486717780644;0.4228851870575387;0.040142238340194716;0.5135514067169414;0.8788543441244007
30.017694;0.4852906006774135;0.43023414734792315;0.8769139180947715;0.028302811028495824;0.052392540033420344;10.043159321029227;0.7459176135599924;0.012534769331206216;1.0486718027793884;0.4255656109476767;0.16017617296701067;0.8192920952439672;-0.2993676763091533;0.4253920106218938;0.04287327327795399;0.5151144611506183;0.8838098452159239
30.018051;0.4855581543612186;0.4326056928689678;0.8812948455313586;0.030833108029337208;0.05759238520990687;10.04302266386926;0.7458283991899792;0.012533995615190996;1.0487011309306464;0.42806414710717183;0.16417340820496923;0.821672382294766;-0.306390680432145;0.42785228848445134;0.045629227204003156;0.5166868435171199;0.8886853620055122
30.018407;0.48582862323198944;0.4349285428319604;0.8855718447490787;0.033388687225711894;0.06284118079582503;10.042940806172725;0.7457384941514331;0.012533239266058453;1.0487278679169938;0.430517202489786;0.1681776991479318;0.8239347987295674;-0.31341068413643725;0.43026703626153706;0.048411027503794314;0.5182684236687283;0.8934783273504577
30.018763;0.4861002238965801;0.437199523121651;0.8897416249213655;0.03596976548951354;0.06813959062105983;10.042910968525753;0.7456479866534725;0.012532503938925564;1.0487519166444814;0.43292168061588876;0.172188989909334;0.8260803244552681;-0.3204236874065135;0.43263328842244164;0.051216599401454954;0.5198590748356178;0.8981880782838232
30.01912;0.48637614406261415;0.43942160499446087;0.8938044491742679;0.03857411264819671;0.07348258919342177;10.042930336885373;0.7455569590675719;0.012531793373561485;1.0487731555371118;0.43527849173615724;0.1762052688155398;0.8281109373705794;-0.32742469023575976;0.43495208618286374;0.054044876895679696;0.5214586543136097;0.9028144157031849
30.019476;0.48665349276233055;0.4415911853353344;0.8977580341592536;0.04120110010723265;0.07886925119298516;10.042995349744197;0.7454654681666995;0.012531111506700282;1.048791496349452;0.4375865425698165;0.18022555930492393;0.8300275975748239;-0.33440969264344766;0.4372224628649976;0.05689580048754147;0.5230649839710638;0.9073564629491694
30.019833;0.4869344409154384;0.44371028742143703;0.901602327838597;0.04384947148662428;0.08429661023096623;10.043101434208864;0.7453735266498777;0.012530462860196087;1.0488069208739985;0.4398447246269898;0.18424789946581627;0.8318292546055146;-0.3413746946685553;0.4394434380161632;0.059767316371632684;0.5246788450188875;0.9118114326328859
30.020189;0.48721726690137657;0.4457759177309031;0.9053340422513981;0.04651878863451702;0.08976399999866233;10.043243240505749;0.7452811078508663;0.012529852640542379;1.0488194689209787;0.44205190651733456;0.18827132472919297;0.8335198759690786;-0.3483156963463405;0.441614012252033;0.06265838790017365;0.5262989962659277;0.9161811393174304
30.020545;0.4875039682159801;0.447790158421831;0.9089534590106859;0.04920641027459286;0.0952656602732977;10.043414980773727;0.745188181504935;0.012529286711575171;1.0488291853503806;0.44420892824820424;0.1922948683156662;0.835098455920848;-0.35522769770018875;0.44373517045060795;0.06556900190650115;0.5279241837228682;0.9204623874449269
30.020902;0.48779267187823844;0.4497508559104266;0.9124593813664337;0.051912057142235644;0.10080141669260757;10.04361059176378;0.7450947353001156;0.012528771402686678;1.048836097449965;0.44631460899109054;0.19631557160965316;0.836567988696344;-0.36210769874382814;0.4458059096391654;0.06849715916863394;0.5295531289448293;0.924656480248936
30.021258;0.4880846024954158;0.45165876206456146;0.9158508935460539;0.05463488273257025;0.10636940040270608;10.043823809684085;0.7450007499295539;0.01252831301725779;1.048840282792166;0.44836777199238614;0.20033148190218703;0.8379284433615597;-0.36895169947153666;0.44782526627873087;0.07144186661777467;0.5311865316702694;0.9287615650908972
30.021614;0.48837876979113815;0.45351275152211185;0.919127361012313;0.057372733680989975;0.11196555905229368;10.044048390248257;0.7449061761790258;0.012527917481484557;1.048841946762624;0.4503672559811372;0.20434365927426765;0.8391817685416121;-0.3757576998486533;0.44979230371492346;0.07440114069038854;0.5328210762608939;0.9327783716878885
30.021971;0.48867627463763796;0.4553136025754706;0.9222881339889469;0.06012390113170666;0.11758632620698221;10.044278385788079;0.7448109555434298;0.012527589884959073;1.0488413891698076;0.45231389581782644;0.2083482053683618;0.840328906912088;-0.38252069981778786;0.4517080768676892;0.07737500342364624;0.5344584185559367;0.936705437779947
30.022327;0.4889762136221884;0.4570611719088005;0.9253343806845468;0.06288729511551601;0.1232298586305861;10.044508498851116;0.7447150401150078;0.01252733356298304;1.0488389043794066;0.45420650719571426;0.21234426348809887;0.8413727940508043;-0.38923869931227933;0.45357161172699767;0.08036045949739487;0.5360961841078323;0.9405442755062586
30.022683;0.4892786648657562;0.4587542214815828;0.9282631993327167;0.06566211333490828;0.12889466806547528;10.044734406302418;0.744618375915576;0.012527149549191622;1.048834711908648;0.45604489799130143;0.21632998152567284;0.8423143553345642;-0.39590769827011496;0.4553829011521905;0.08335747170709146;0.5377339818491768;0.9442936576939107
30.02304;0.4895838103401737;0.4603941443401741;0.9310768755305562;0.06844685469124365;0.13457775407819098;10.044952573739456;0.7445208889505501;0.012527037227793901;1.0488289327439384;0.45782888744518446;0.22030549546372616;0.8431545356237478;-0.40252669664344265;0.4571419102837515;0.08636495991862764;0.5393694123359852;0.9479535443009252
30.023396;0.48989145909124254;0.46198014003584587;0.9337740020937283;0.0712394589080028;0.14027499654699588;10.045159747813175;0.7444224974598793;0.012526995706758606;1.0488216149310325;0.4595573215801343;0.2242669432403542;0.8438953454267233;-0.4090916943932955;0.45884758575708184;0.08937982248449883;0.5410030783087464;0.9515234873323964
30.023752;0.4902008868660874;0.46351198539712346;0.9363554876817825;0.07404030994164748;0.1459873343849865;10.045352808472831;0.744323116773084;0.012527024704532258;1.048812793491108;0.46123108571752663;0.22821446686289554;0.8445378666096365;-0.41560069147386397;0.46050085568681387;0.09240295919271517;0.5426335862553255;0.9550029805930654
30.024109;0.49051302032431243;0.4649899768206266;0.9388203430013468;0.07684639989454875;0.15170830815502878;10.045528967786751;0.7442226490661721;0.012527124479275151;1.0488025084928505;0.46284811149188604;0.23214619266410394;0.8450862194163372;-0.42205068782597693;0.4620996265056799;0.09543029136675364;0.5442595340780173;0.9583937816776671
30.024465;0.4908269328992301;0.46641427371098126;0.9411708914380436;0.07965729919469537;0.1574372421804192;10.04568598349981;0.7441209978609568;0.012527295311937662;1.0487907677134336;0.46441037530354734;0.23606121843279465;0.8455415267683862;-0.42843968338158733;0.46364579069061057;0.0984627827220287;0.5458795118757245;0.9616954001960661
30.024753;0.49107483032695026;0.4675068010431392;0.9429729150776965;0.08192561164433557;0.16208722812392065;10.045822317820395;0.7440181082523342;0.01252753711405832;1.0487775466309273;0.4656398889815109;0.23920862440343116;0.8458358831879352;-0.4335616780667717;0.46486124009128066;0.10092244248699248;0.5472271149469354;0.9642969740276018
30.024753;0.491040670786482;0.46740463175077174;0.9428910336735845;0.08188242795485026;0.1621498406069745;10.045937089642083;0.7439139809526318;0.012527849265548615;1.0487628363163732;0.4656706933135357;0.23917748881776746;0.8458023460546368;-0.43356167180497185;0.4648798798913884;0.10095229908547966;0.5474389539725629;0.9642732711256157
30.024754;0.4910092416494429;0.4673037537737286;0.9428077874122648;0.08183965433562808;0.16221893682936128;10.04602972138034;0.7438086493220679;0.012528230363086833;1.048746679142072;0.4656998572760767;0.23914788767029083;0.8457709581581222;-0.43356766452081014;0.4648986420679122;0.10098536813993692;0.5476496648024304;0.9642435607049952
30.024754;0.4909785560998252;0.46720073562809206;0.9427196941207843;0.08179461031308727;0.1622895118251507;10.046099535719296;0.7437021676677997;0.01252867789002947;1.0487292021219345;0.46572747689240596;0.239117880636007;0.8457427663682701;-0.43357265614107154;0.4649174790861295;0.10101764174677941;0.547857917701687;0.9642056024437212
30.024755;0.490949570878518;0.46709890817777744;0.9426313267120243;0.08174967347484895;0.1623658940787779;10.046145622317544;0.7435946156974476;0.012529188571890271;1.048710650970745;0.46575267274331833;0.23908949044717717;0.8457158189492353;-0.4335846466037266;0.46493534597239705;0.10105410015169523;0.5480654037864114;0.96416130644242
30.024756;0.49092434672971347;0.4670004452311527;0.9425428335405651;0.08170894749020607;0.16245560799654798;10.046166972274236;0.7434860790536084;0.01252975952589132;1.0486913844200685;0.4657795811704175;0.23906669744385978;0.8456931666058812;-0.43360763587176443;0.46495620803523113;0.10109572747754415;0.5482717886253987;0.9641151939921864
30.024759;0.49090074962592023;0.46690559991997344;0.9424584738760579;0.0816761416775733;0.16256674955272654;10.046162532776298;0.7433766283476445;0.012530389128926067;1.0486718234030123;0.46580934221086817;0.23905746062396463;0.845672881509249;-0.43365462392623577;0.464981063088413;0.10114851150601453;0.5484796942052105;0.9640714418422244
30.024764;0.49088185755341035;0.4668226113628357;0.9423887611850291;0.08166248589302987;0.16272090878848916;10.046131150021726;0.7432663325595006;0.012531076908408174;1.0486523880907122;0.46584709033785715;0.2390757402300828;0.8456590679803435;-0.43374761074319607;0.4650149499372878;0.10122442779488153;0.5486947518906397;0.964043700573755
30.024774;0.4908697609971118;0.46676108050790016;0.942348811093835;0.08168889246665381;0.1629595447194739;10.04607185380008;0.7431552776631589;0.012531822781479027;1.048633452963313;0.4659049436947147;0.23915051357009384;0.8456528385754036;-0.4339335962880875;0.46506994006108593;0.10134342984492355;0.5489256581987442;0.9640543823406758
30.024795;0.49086978219777216;0.46674234699281975;0.9423713752326277;0.08179878908679909;0.16336859049146898;10.045984124881109;0.7430435618352345;0.012532626319386068;1.0486153403701648;0.46600399675638393;0.23933879213329937;0.8456592785757215;-0.4343055805261666;0.46516711563357777;0.1015524551500437;0.5491941833726817;0.9641505055916121
30.024837;0.49089236127103936;0.4668096892704477;0.942523958464335;0.08207568173908304;0.16411335526750326;10.045867414119188;0.7429312783000463;0.012533486585481611;1.048598357833164;0.46618632533734083;0.23975762886888807;0.8456894399490843;-0.4350495634231214;0.4653485465532799;0.1019384360745152;0.5495401632387805;0.9644270807844608
30.024903;0.4909385695903841;0.4669683211980047;0.9428148373302875;0.08253521802744751;0.16522456394362092;10.045720798454056;0.7428185136886589;0.012534402548763226;1.0485828411659714;0.4664590014211963;0.24042711697732985;0.8457423564743712;-0.43619654494118565;0.46562127524260594;0.10251830805095735;0.5499714904704566;0.9648981955262285
30.024903;0.49092282452494823;0.4668657426759665;0.9426927720634215;0.08247121069797624;0.1652996020311613;10.045543701859215;0.7427053644057884;0.01253537348490537;1.0485691525593692;0.46646710593123103;0.240380394890849;0.8457360393508044;-0.43619652504706286;0.4656303167345839;0.10254901493206654;0.5501430960963404;0.964781966722221
30.024903;0.4909099838714291;0.46676608528833513;0.9425692954154564;0.0824085199835386;0.1653797507174927;10.045336681142647;0.7425919513914019;0.01253639907836643;1.048557641884456;0.4664747192727986;0.24033564737058533;0.8457324482194727;-0.43620250372284824;0.4656396765931645;0.102582509538653;0.5503109256570029;0.9646608259235805
30.024903;0.49089812710274777;0.46666591675733976;0.9424409406253016;0.0823439964848035;0.16545871138960153;10.045101361584573;0.7424784379677257;0.012537479320262905;1.0485486235353672;0.4664808911735562;0.24029108892104029;0.8457324653086492;-0.43620848097330905;0.4656483624053846;0.10261474944713106;0.5504749286455591;0.9645331922232284
30.024904;0.49088827606829194;0.46656827991757027;0.9423117445382153;0.08228152969082758;0.16554350311221933;10.04483985896301;0.742365046761231;0.012538614200560811;1.0485423828424631;0.4664876278733564;0.24024893956156385;0.8457338969381004;-0.4362204568336349;0.46565837841880087;0.1026506990455878;0.5506340613578465;0.9644003754694042
30.024905;0.49088253574507357;0.4664753626551671;0.9421820031782395;0.0822238037465456;0.1656383916373574;10.044554246559088;0.7422520569640999;0.012539803517710061;1.0485391867003906;0.4664949126044233;0.24021441019261408;0.8457385062128614;-0.4362434313667941;0.4656697233319971;0.10269134023553846;0.550791287248779;0.9642668113309197
30.024908;0.490878781915849;0.46638712179180125;0.9420556087963946;0.08217554334772226;0.16575318971473932;10.044246528087179;0.7421397885404121;0.012541046969188523;1.0485392794457487;0.46650673414271654;0.24019371351864247;0.8457470604869881;-0.4362904046459585;0.465686398516624;0.10274367207712123;0.5509495821528494;0.964139687742612
30.024913;0.49088006795831235;0.4663111844230129;0.941942168089955;0.0821474555110094;0.16590814781580177;10.04391905802449;0.742028586062026;0.012542344070056326;1.0485428539952881;0.4665271054467113;0.24020210326227862;0.8457593671479601;-0.43638337673860816;0.46571241570878436;0.10281670026371001;0.5511129423513216;0.9640294002712476
30.024924;0.4908885260301011;0.4662574083434585;0.9418574903517765;0.082161472647633;0.16614660729824324;10.043574754673278;0.7419188069167548;0.012543693929624938;1.0485500344955518;0.46656807381506177;0.24026891290567648;0.8457772698124799;-0.4365703477059367;0.4657597975285425;0.10293543903366054;0.5512913760793612;0.9639600199496418
30.024945;0.4909089724520452;0.46624748194518695;0.9418361223245986;0.08225923572590098;0.16655098265738777;10.043216828784729;0.7418108052047983;0.012545095368467067;1.0485609076120868;0.4666497177956048;0.24045356052440522;0.8458076253010077;-0.4369433176173986;0.46584857378163896;0.1031429199932785;0.5515068925137426;0.963980226836375
30.024987;0.4909519945003211;0.46632235512745845;0.941940593576994;0.0825274224229176;0.1672929828317427;10.042848404106463;0.7417049049520593;0.012546547425779086;1.0485755212339525;0.46681512226493;0.24087251246723676;0.8458563077602425;-0.437690286567875;0.46602177254002913;0.10352918461831848;0.5518014992428787;0.9641819894031243
30.025072;0.4910390041350299;0.466565963963092;0.9422998642981176;0.08313489814910834;0.1687069735675927;10.042472410688156;0.7416013856092887;0.012548049879547296;1.0485938065472;0.46714635228428675;0.24175723388333722;0.845941225429009;-0.43917925468735614;0.4663614032938102;0.10427326300744312;0.5522561826364929;0.9647514543024834
30.025242;0.49120973156635167;0.4671368017246382;0.9431586689101251;0.08442407068445779;0.17147166642193323;10.04209168026918;0.7415004860229356;0.012549603220454624;1.0486155496164475;0.4678044544135982;0.24357016407797447;0.8460823218133359;-0.4421472221386604;0.4670284507583241;0.10573216575211256;0.5530368804621122;0.9660498767698726
30.025581;0.491550870276952;0.46834056880234826;0.9449688379544415;0.08707968481648545;0.17693897638286063;10.041708864430788;0.7414023993922934;0.012551208175658553;1.048640458142874;0.46909246950993894;0.24723271208155181;0.846292578874028;-0.4480421891027524;0.4683258901630537;0.10862589570767109;0.554472495363908;0.9687750482704615
30.025791;0.4917644675104049;0.4690301892997279;0.9459771263238738;0.0887048552878062;0.18036105408292036;10.041325999322316;0.74130726722592;0.012552865373873156;1.048668215154934;0.46986642707378246;0.24949025969291658;0.8463900281266876;-0.4516791557700289;0.46910970002083197;0.1104374599177018;0.5554009411030449;0.9703597226543956
30.026002;0.4919815777482209;0.46970802425082714;0.9469503260921889;0.09034142855872125;0.18380118442820806;10.04094412720739;0.7412152082194048;0.012554574984986465;1.0486984755721347;0.47062433657943864;0.25175617615093027;0.8464577309890722;-0.4553131223465368;0.4698778640336474;0.11225787420108298;0.5563271627415132;0.9719225822268449
30.026212;0.4921987800892698;0.4703717840766423;0.947890314116039;0.09198786027154296;0.18725723337601696;10.040563581835446;0.7411263596635475;0.01255633627339744;1.0487308560398179;0.4713682021247546;0.25403381587861684;0.8464977336122547;-0.4589440890520183;0.4706323783561989;0.1140891675476122;0.5572501290943294;0.9734657853507451
30.026632;0.4926321246769445;0.4717487132566027;0.9498516116255679;0.09538938851225379;0.19416988415629816;10.040184927515018;0.7410408807655556;0.012558147631068883;1.0487649633895277;0.47282204277092355;0.2586394849874024;0.8464690567226948;-0.4661980560998506;0.4720972584872839;0.11775538780404993;0.5590018454198201;0.9766951558711691
30.027052;0.4930705280413434;0.4730696739871311;0.9516830866837426;0.09883170880012992;0.20114947706749517;10.039809662509125;0.7409589309588205;0.012560007003958098;1.0488004411248746;0.4742188920161672;0.2632734125734088;0.8463227031692974;-0.47343602367745125;0.4735055366040488;0.12146059647590952;0.5607583799426957;0.9798524026717665
30.027473;0.49351215629645695;0.47433302395551924;0.9533853653297146;0.10231384234463958;0.20819403887733032;10.039439774880833;0.7408806610009514;0.012561912254573832;1.0488369736749308;0.4755567891315873;0.267930737726159;0.8460596369951916;-0.4806549919428088;0.47485525534394935;0.12520183957555125;0.5625168732550192;0.9829377350212546
30.027893;0.4939587022407961;0.47553969311608146;0.9549575934005687;0.1058326154839525;0.21529567241275738;10.039076706248078;0.7408062137723217;0.012563861353865472;1.0488742427210618;0.4768337856160641;0.27260849862652314;0.8456807742798739;-0.4878499610337605;0.4761444585196108;0.12897811137690918;0.5642795307859043;0.9859503440924035
30.028314;0.4944083834143416;0.47668654864831866;0.9563975074457267;0.10938691575588007;0.22245208195031807;10.038721052951825;0.740735726577204;0.012565852404979573;1.0489118952215517;0.47805095816757387;0.27730564922717404;0.8451870139716321;-0.4950169310687174;0.4773741870410869;0.1327863468558678;0.5660425937862841;0.9888898546214638
30.028734;0.4948609271779739;0.47777405593049604;0.9577072766753332;0.1129735476427579;0.229656289721723;10.038372831242649;0.7406693403382411;0.012567883615784044;1.0489495697377973;0.4792064086448319;0.28201812034107776;0.844580278883894;-0.502151902135051;0.4785424833049266;0.13662344681745667;0.5678063015032022;0.9917566976576526
30.029154;0.49531740814172326;0.4788020519435747;0.9588852306482251;0.1165906744911413;0.23690353070312248;10.038031490865727;0.7406072131420468;0.012569953280415208;1.0489869405606744;0.4802992471275752;0.2867428620241075;0.843861544729366;-0.5092508742870707;0.4796483922582286;0.1404883080313393;0.5695698708045059;0.9945503608727417
30.029575;0.4957756841585338;0.479768526224813;0.9599321696198216;0.1202352598913003;0.24418818562912226;10.037696038039453;0.7405495365205566;0.012572059532371317;1.0490237005575602;0.48132956346878736;0.2914768135192995;0.8430328429321031;-0.5163098475499477;0.4806919705179896;0.14437684507554346;0.5713324842171827;0.9972710772410891
30.029995;0.496236840396044;0.4806746829556272;0.9608490855981745;0.12390661747005569;0.25150793716444836;10.037365525536494;0.7404965485091364;0.01257419970001888;1.0490595155807605;0.4822954042302411;0.296218855183243;0.8420952382238367;-0.5233258219145589;0.4816713078443531;0.14828700534632291;0.5730922871755655;0.9999186459189116
30.030415;0.4966998579497766;0.4815179779156595;0.961633381061174;0.1276020866919679;0.2588575748498786;10.037039267480413;0.7404485383520564;0.012576369714089593;1.0490940405242701;0.4831977755676356;0.3009648138539662;0.8410508012581147;-0.5302937973388993;0.48258753282212047;0.15221677152901203;0.5748504209399099;1.0024925974803922
30.030836;0.49716459097618476;0.48229994825140676;0.9622887919296241;0.1313189699269603;0.2662314286978888;10.03671651182364;0.7404058454750013;0.012578564330741275;1.0491269529810694;0.48403566563956457;0.30571150306084455;0.8399005847573205;-0.5372127737607442;0.4834397953437328;0.1561641568448617;0.5766040576810564;1.0049936364547196
30.030905;0.4972466223837985;0.4823631669245355;0.9622417734872895;0.13187215051305665;0.26746608011278467;10.036396076860411;0.7403688350850786;0.012580778131732254;1.0491579371872801;0.4841510531231163;0.30650874587541627;0.839728611536557;-0.5383457511068112;0.48357024190101355;0.156836204792839;0.5769293770692544;1.0052277254842006
30.030905;0.4972529049580036;0.48229381370370644;0.9620741931102521;0.13180061443244181;0.2674861481412373;10.036076575457212;0.740337835297425;0.012583006353938171;1.049186687194817;0.48413089167575235;0.30653138186790635;0.839762878814828;-0.5383457293062619;0.48356599741037426;0.15686098331041515;0.5769715170255247;1.0050265131584828
30.031256;0.49764349548173875;0.48288316370082546;0.9624818791772193;0.13491411007597384;0.27366397336283493;10.035757136694027;0.7403130704482316;0.012585244797412154;1.0492129565487591;0.4847681082868969;0.31050627419574606;0.8387173591803152;-0.5440777083070486;0.48422016636172305;0.16017656051519255;0.5784345596462608;1.007021901931682
30.031677;0.4981103305142936;0.48354530091100273;0.9628860695232265;0.13866982114324558;0.28106716701878426;10.035437894232457;0.7402946446262673;0.012587489016627035;1.0492365689753453;0.4854746377465838;0.31525430112326525;0.8373649986559778;-0.550885688077255;0.48494484483743394;0.16415197859788505;0.5801725458449322;1.0093816780176903
30.032097;0.4985788749409806;0.4841459507720297;0.9631623768029294;0.14244140875078326;0.2884817399905951;10.035119906679158;0.7402825738171755;0.012589733704562773;1.0492573993404417;0.48611545278272594;0.31999634019354456;0.8359137322117105;-0.5576356686048742;0.4856051173913569;0.16813825609398067;0.5819035005925929;1.011670123129756
30.032517;0.49904725159900354;0.4846827939634485;0.9633103812692361;0.14622661598222791;0.29590395392906266;10.034804569750989;0.7402768384643454;0.012591973054370256;1.0492753802822636;0.48669055739684575;0.3247302672374019;0.8343645056144149;-0.5643226499077428;0.48620103862424513;0.1721334110819182;0.5836294618506084;1.0138851306310936
30.032938;0.49951543416242117;0.4851564915821362;0.9633320534830929;0.15002360470112772;0.3033299646914382;10.034492851098388;0.7402774418233975;0.012594201916251336;1.0492904851809683;0.48719896697755377;0.329451953889058;0.8327202920917629;-0.570945632035323;0.4867316222700794;0.1761354687488289;0.5853464889631788;1.016028390451478
30.033358;0.49998428297103004;0.4855678748092754;0.9632280405598234;0.15382960427809558;0.31075359111430595;10.034185035937783;0.7402844233328933;0.012596416460985986;1.0493026882840335;0.4876426979208961;0.33416025180656733;0.8309841032114914;-0.577501615059433;0.4871988433139755;0.18014244663437787;0.5870556541315585;1.0181003978464784
30.033779;0.5004539297761497;0.4859173426629844;0.9629995978755269;0.1576442854922615;0.31817398069016967;10.03388105251341;0.7402978126149579;0.012598613698688166;1.0493119739813006;0.4880197634787826;0.33885197252788574;0.8291559812881917;-0.5839885990639868;0.48760064585073376;0.18415134180433004;0.588755056916012;1.0200996934734265
30.034199;0.5009222841781574;0.48620341128188443;0.9626485225491557;0.16146286711481594;0.3255828721067836;10.03358079741675;0.7403175950870357;0.01260079089407266;1.049318363911406;0.4883321686603347;0.3435258783360796;0.8272409859984049;-0.5904045841348154;0.4879389570393402;0.18816113296652967;0.5904458513812129;1.0220288887544682
30.034619;0.5013894815495303;0.48642640083689204;0.9621759069046741;0.16528548134717536;0.33298043499217606;10.033284301372017;0.7403437204985056;0.012602945519885774;1.0493219028619127;0.48857889946420435;0.34817970385821295;0.825240188788806;-0.5967475703561246;0.48821270224017327;0.19216978820430894;0.5921252317492426;1.0238872785985302
30.03504;0.5018565519496493;0.4865875860348351;0.9615830111289905;0.16910942155691838;0.3403605951506693;10.032991855733513;0.7403761269999459;0.012605075183581015;1.0493226344970428;0.48876091631229135;0.35281018856864166;0.8231566655798065;-0.603014557809113;0.48842280784872727;0.1961742728098668;0.5937943830835674;1.0256751643576296
30.03546;0.5023225619932481;0.48668703083384657;0.9608724344060625;0.17293367340319682;0.3477219506942637;10.032703950556199;0.74041475838847;0.012607177301693757;1.0493206006268396;0.48887816899943903;0.3574150782720542;0.820992497653932;-0.6092055465591794;0.48856918925287035;0.20017356111238138;0.5954524516655245;1.0273937746085602
30.03588;0.5027865905887585;0.486723532390721;0.9600442425411992;0.1767550019545801;0.3550587922829077;10.032420993185482;0.7404595563317451;0.012609248821236338;1.0493158465183452;0.4889316222367775;0.3619940992043399;0.8187507796931472;-0.6153165366437505;0.4886527420133007;0.2041646458977069;0.5970975443214973;1.0290427705161127
30.036301;0.5032505981992711;0.4867014807841689;0.959104140794714;0.18057118327965427;0.3623654412647601;10.032143243059735;0.7405104228645222;0.012611286039983911;1.0493084168249365;0.4889212616501197;0.366541941742482;0.816434615739783;-0.6213485280783706;0.4886733513153907;0.20814653478872006;0.5987307348087564;1.030624780184215
30.036721;0.5037119755342998;0.48661694743485545;0.9580501999813369;0.18438202818150548;0.3696434349057732;10.031871200875788;0.7405671902727555;0.01261328432265171;1.0492983495707466;0.48884808381096256;0.3710592733082305;0.8140471116759224;-0.6272985208725285;0.488631908834274;0.21211724283603073;0.6003510713215132;1.0321400005373607
30.037142;0.5041727695286381;0.4864738524158161;0.9568872772007634;0.18818428544178575;0.37688504785431604;10.031605873633149;0.7406296371177704;0.012615238139436645;1.0492856792862522;0.48871209539583593;0.3755427708337667;0.8115903775539349;-0.6331665150371345;0.4885283180272685;0.21607379265882964;0.601956584158785;1.0335895745387416
30.037562;0.5046313454995572;0.48627093889980266;0.9556170741120259;0.19197713458493051;0.38409015214036846;10.031348507277768;0.7406975250338313;0.012617142090078535;1.0492704452750132;0.48851630897577947;0.379991154061496;0.8090685342512776;-0.6389495105813664;0.488365481394373;0.22001520961360999;0.6035483004431829;1.0349742932952846
30.037982;0.505088852179065;0.48600953071015507;0.9542411501227472;0.19575786811308696;0.3912530153690643;10.031100081522906;0.7407706169375581;0.012618992137111852;1.0492526943428901;0.4882587210017195;0.3844022061223382;0.8064837113194437;-0.6446475075060202;0.48814128983535476;0.22393950865991266;0.6051252748861391;1.036295100278369
30.038403;0.5055445861287071;0.48569024311103065;0.9527631912096868;0.19952440895480114;0.39837062092878606;10.030860773073954;0.7408486714460012;0.012620785776859876;1.0492324782781948;0.4879423052628239;0.3887727740754883;0.8038390221519287;-0.6502595057974734;0.487858636845074;0.22784569168070126;0.6066866069591044;1.0375530152550907
30.038823;0.5059990609769381;0.48531362307475673;0.9511844415156457;0.20327685633909975;0.40544334918075126;10.03062973886961;0.740931422796034;0.012622521394005678;1.0492098506616065;0.48756804025521344;0.39310374867764575;0.8011375221355399;-0.6557845054308109;0.4875184307213073;0.2317297563767686;0.6082324076585421;1.0387489923938522
30.039243;0.5064522941523789;0.48488191699677674;0.9495103189448396;0.20701087530067774;0.4124632312807086;10.030405454160965;0.7410185819273718;0.012624197857541986;1.0491848709139906;0.48713593414847023;0.3973920473433359;0.7983821787502507;-0.6612225063861904;0.48712057897601085;0.23559269156453796;0.6097607543813248;1.0398846556124817
30.039664;0.506904746404065;0.4843957061966977;0.9477419294615455;0.21072655747696922;0.41943062280059407;10.030186104071669;0.7411098723489815;0.012625814603096374;1.04915760982727;0.4866480160081716;0.40163661955912044;0.7955768738935088;-0.6665705086601815;0.486666976741773;0.23943045254155462;0.6112726910617058;1.0409605821024652
30.040084;0.507355508121421;0.48385538831531066;0.9458823351960953;0.21442171259146264;0.42634249374774036;10.029969891966058;0.7412050636466462;0.012627371638550223;1.049128134182141;0.48610530818461944;0.40583544425377716;0.7927224312821707;-0.6718295122578279;0.48615852016676575;0.24324294546509734;0.612768249270333;1.0419776441531305
30.040505;0.5078048575537202;0.4832624876456334;0.9439343373094309;0.21809494973905286;0.43319643799195723;10.029755481477688;0.7413039847135854;0.012628869261850126;1.049096493177873;0.4855088100121277;0.40998751110226156;0.7898236514925414;-0.6769995171780414;0.48559612159135296;0.2470270357082431;0.6142444553653945;1.0429391328034847
30.040925;0.508253794213651;0.4826196105600448;0.9419013081006914;0.22174363985146006;0.4399870073514319;10.029542152027355;0.7414065240066129;0.012630307774583512;1.0490627407039121;0.48485949938186057;0.4140928214696765;0.7868833415457108;-0.6820785234051854;0.4849807138132394;0.25078156801464985;0.6157033395268177;1.0438454273893534
30.041345;0.508699560774653;0.48192631656393686;0.9397874868303966;0.22536600182758867;0.4467136219520881;10.029329400024107;0.7415126157088093;0.012631687174138269;1.0490269568001713;0.48416033801778857;0.41814740784712384;0.7839033255239918;-0.6870665309123348;0.4843152562407607;0.25450539153051377;0.6171439416079209;1.0446973414275418
30.041766;0.5091453508433497;0.4811859851473294;0.9375935209926484;0.22896245930165504;0.45337488282422517;10.029116280421706;0.7416222039946987;0.012633006971331299;1.0489892374339334;0.48341127202300976;0.42215334166278506;0.7808874313206011;-0.6919645396781456;0.48359974436106123;0.25819538535658243;0.6185652947210492;1.0454977797430702
30.042186;0.5095891438429752;0.48039973460618113;0.9353252034623799;0.2325300534892773;0.45996722757011793;10.02890087857469;0.7417352062253373;0.012634266551611744;1.0489496770072606;0.48261423734664427;0.42610671386066257;0.777837474123772;-0.6967705496963499;0.4828362003017159;0.2618504690090076;0.6199664068017914;1.046246159075098
30.042606;0.5100310068061874;0.479568409852503;0.932983903968477;0.23606621141803155;0.46648606522919744;10.028680416157368;0.7418515137260875;0.01263546576851245;1.048908365253247;0.48177117916360257;0.43000859951910386;0.7747582631800726;-0.7014865609638534;0.4820266416899639;0.2654705956944435;0.6213482454176174;1.0469468441428476
30.043027;0.5104712291001378;0.478693984375276;0.9305728362304804;0.23957208160868973;0.47293387399474324;10.028451911625051;0.7419710113306003;0.012636605209514963;1.0488653978850222;0.48088307135070407;0.43385703859443064;0.7716506243760839;-0.7061095734683888;0.4811720620502303;0.2690527459904573;0.6227107097726966;1.0475979179720367
30.043447;0.5109086509119529;0.4777775226451043;0.9280961478842467;0.24304280094952327;0.479302742886849;10.028212646041704;0.742093585419672;0.012637686078699577;1.0488208645809072;0.4799509154276162;0.4376510447360409;0.7685194099890782;-0.7106415871872303;0.4802734353369167;0.27259591864406235;0.6240506230258914;1.0482037676389842
30.043868;0.5113454358244546;0.4768232891161377;0.9255582186725687;0.24647975599212602;0.485593882811178;10.02796034209245;0.7422191429589632;0.01263870986779968;1.0487748005587696;0.4789787218226725;0.4413906202498968;0.765366496126269;-0.7150826020853229;0.47933472310606423;0.27609811068053747;0.6253707754920879;1.0487651640289493
30.044288;0.5117788773787273;0.47582953994310695;0.9229605642367572;0.24988077165916567;0.4918060884104239;10.027693492908764;0.7423476389199937;0.012639677968659255;1.0487271787283092;0.4779654910570743;0.44507375607963406;0.762195787478275;-0.7194316181080571;0.4783548728332996;0.2795593135736132;0.6266679615119233;1.049283582110034
30.044708;0.5122107697246762;0.4748010938759801;0.9203093209518186;0.2532447179161859;0.49793599797236876;10.027411549472296;0.7424790706932798;0.012640591323857484;1.048677971183195;0.47691521236703666;0.4487004245865899;0.7590092188141556;-0.723690635176105;0.47733781776137396;0.28297753659557945;0.6279429733133879;1.0497610323154722
30.045129;0.5126401511158585;0.47373843038627933;0.9176071714489782;0.25656809537007536;0.5039782751972739;10.027114441707992;0.7426134517436758;0.012641450321641977;1.04862719905362;0.4758278838729822;0.45226958164421793;0.7558097322843493;-0.7278576531929701;0.4762834905622455;0.28635282667159023;0.629195612851087;1.0501974614649967
30.045549;0.5130673713467336;0.4726434919724094;0.9148572754306012;0.2598539833028632;0.5099391093508108;10.026801747775817;0.7427508048178357;0.012642255107933667;1.048574937563815;0.4747075220910771;0.45578016731581195;0.752602245774836;-0.7319346720592212;0.47519584084760624;0.28968227338264735;0.6304247230591562;1.0505969480740045
30.045969;0.5134920620454998;0.47151879852758616;0.9120651619240517;0.26309684745718376;0.5158086014961322;10.02647224265104;0.742891154633884;0.012643006020887828;1.0485213003391973;0.47355314478871274;0.45923210159321615;0.7493866475425907;-0.7359206916739098;0.4740738387622403;0.2929660068780771;0.6316291754105134;1.0509578565986262
30.04639;0.5139134823488282;0.47036533389874235;0.9092339763388917;0.26629830921403214;0.5215910983047559;10.026124078720525;0.7430344912900507;0.01264370369657029;1.048466422943903;0.4723697637951558;0.4626242945859367;0.7461678183537992;-0.7398167119256094;0.4729224739620121;0.29620217563702755;0.6328108418338786;1.051283533777075
30.04681;0.5143322981544717;0.46918546848074244;0.9063669529153284;0.26945565675277666;0.5272811598347729;10.025755267104726;0.7431807265943757;0.012644348791289632;1.0484104790442836;0.4711564001434495;0.46595666832485955;0.7429486424703494;-0.7436237326844964;0.4717407644218369;0.29939190932706117;0.6339686022339612;1.0515758868075376
30.047231;0.5147476102597168;0.4679806729066416;0.9034681783557874;0.27256843996626196;0.5328793257609513;10.025364161973542;0.7433296718472102;0.012644941449591844;1.048353707422779;0.46991709117991165;0.4692271784877502;0.7397310002016075;-0.7473417537979331;0.4705327656600184;0.30253230303898226;0.6351013667572147;1.051835344357839
30.047651;0.5151601557888597;0.4667538407532552;0.900541430705218;0.27563602384752356;0.5383840892047158;10.02494991739518;0.7434810463784162;0.012645480869820234;1.0482963922146127;0.4686518809718886;0.4724368199295174;0.736517767024426;-0.7509717750949513;0.46929856780979257;0.3056244267416013;0.6362090842439876;1.0520636420126146
30.048071;0.5155680020478897;0.46550495224364574;0.8975894190047999;0.278657406094489;0.5437959566596186;10.024512786864905;0.7436345183158513;0.012645965713791098;1.0482388161838858;0.4673648142898477;0.4755846023775678;0.7333118101416659;-0.7545127963965903;0.46804227834526907;0.30866533284658726;0.6372917324411795;1.0522609744366358
30.048492;0.5159727348639013;0.46423834944015935;0.8946170909007334;0.2816309136939301;0.549110479682434;10.02405395569582;0.7437897639125578;0.012646395318630823;1.0481812384482785;0.46605594427014824;0.4786705328525889;0.730115972286901;-0.7579678175299186;0.46676400174036037;0.3116560592722259;0.6383502953134459;1.052430317686231
30.048912;0.5163732519855294;0.4629542946916385;0.891626191457946;0.28455540301361765;0.5543270037380881;10.023575032048646;0.7439465119499739;0.01264677043919835;1.0481239200092938;0.4647293434167475;0.481694633577839;0.7269320651322435;-0.7613358383415443;0.46546783355136184;0.3145956393643917;0.6393827408846122;1.0525710330885683
30.049332;0.5167684349746015;0.46165445164843644;0.8886212065805394;0.2874309032683606;0.5594471216437605;10.02307776650134;0.7441045501902266;0.01264709281474208;1.0480671670583355;0.46338510569499103;0.48465596001262395;0.7237628859552426;-0.764616858694538;0.46415387084134735;0.317482114234586;0.6403910115104233;1.0526838354861454
30.049753;0.5171590719724861;0.46034086806875757;0.8856041267730747;0.2902561540580404;0.5644678421823701;10.022564091173471;0.7442637012735533;0.012647364181433467;1.0480113137332456;0.4620253396601342;0.4875555829668374;0.7206102509074105;-0.7678138784615628;0.4628242254284627;0.32031654203965987;0.6413730315111957;1.0527708950595136
30.050173;0.5175449982744457;0.45901602661706775;0.8825794915112372;0.29303115985130923;0.569389629457714;10.022036149807533;0.7444237915128276;0.012647585562384607;1.0479566565843588;0.46065316723772165;0.4903915487412758;0.7174770196026654;-0.7709258975307034;0.46148201892808915;0.32309800353073703;0.6423297208891172;1.0528321476295417
30.050594;0.5179250843535045;0.45768056880048397;0.8795499744287456;0.29575429948912496;0.574210929707557;10.021496192808504;0.7445846294922934;0.012647757392242815;1.0479034231338253;0.45926973315469066;0.4931648637406147;0.7143660909923094;-0.7739549158059786;0.46012835664719165;0.32582660249928214;0.6432610023589946;1.0528697037635069
30.051014;0.5183013181911861;0.4563385233970614;0.8765194991672373;0.2984264257430845;0.5789315553153114;10.020946538913043;0.7447459955671737;0.0126478803691981;1.047851773766474;0.4578772022803525;0.4958765187277163;0.7112793879203992;-0.7769009332006128;0.4587653094661542;0.3285004622278727;0.6441658099074323;1.0528835177085873
30.051434;0.518670545042472;0.4549885809185737;0.8734904830543097;0.3010445019101177;0.5835495164178047;10.020389700546097;0.7449076538408342;0.012647956092715405;1.0478018120625088;0.45647873978320436;0.4985245162159012;0.7082178500180896;-0.7797649496422042;0.4573959260705339;0.33112171343419305;0.6450460963295942;1.0528736018426834
30.051855;0.5190349329259929;0.4536342110484982;0.8704655295534087;0.30361087779321017;0.5880672929081038;10.019828397734917;0.7450693883906822;0.012647986988383325;1.0477536069397952;0.45507350360165527;0.5011098726997256;0.7051854431681681;-0.7825479650833843;0.4560192561462325;0.3336874720970965;0.6458998278377579;1.052842011389483
30.052275;0.5193932462458211;0.4522769965502341;0.8674493128653546;0.3061226286057497;0.5924810024878557;10.01926553903692;0.7452310154323679;0.012647975756847951;1.0477071962272904;0.4536656528938832;0.5036336069572768;0.7021831762198165;-0.7852509795026545;0.4546393479571118;0.33619882306805904;0.6467279769349701;1.0527888356825335
30.052695;0.5197467204418281;0.4509183810426295;0.8644420254938152;0.3085830312075287;0.596795877772172;10.018704305897737;0.7453923596781412;0.012647924784415992;1.0476625452710606;0.4522573448433242;0.5060947379641172;0.6992130878626687;-0.7878749928962152;0.45325822645442077;0.33865682345176257;0.6475305108226858;1.0527149205455433
30.053116;0.5200939286916502;0.44956057943469535;0.8614497559795412;0.3109871952851593;0.6010044498415235;10.018147809425143;0.745553250496025;0.012647835883737713;1.0476195094455905;0.4508487226423423;0.5084932933620029;0.6962772067681494;-0.7904210052634368;0.4518758855069579;0.34105952365033587;0.6483073759720778;1.0526212096777627
30.053957;0.5206918464543737;0.4468590931299163;0.8554696703763597;0.3156259056794925;0.6092016615449236;10.017598331704272;0.7457135440024127;0.012647710112549585;1.04757787205315;0.4480959175827203;0.5130793105877381;0.6904675320814507;-0.7952830165992314;0.44914829860653144;0.3456879909652317;0.6498775174634649;1.052406623443542
30.054713;0.5212155618465905;0.44444158729037486;0.8501657475573418;0.31961442433475235;0.6162234020279328;10.017057010443592;0.7458731336081615;0.012647547790070301;1.0475374252137983;0.44562905451098245;0.5170018258144116;0.6853840468268736;-0.7994030269061403;0.446705435673089;0.3496663143001342;0.6512049162203324;1.0521553136084982
30.05547;0.5217184638835789;0.4420477336818067;0.8449485972932331;0.32342655493543204;0.6229190795032974;10.016524249189192;0.746031952498361;0.012647349330766116;1.0474980099430737;0.4431872433693529;0.5207288731852239;0.6804417440397424;-0.8032860362056462;0.4442862751857149;0.35346658224916677;0.6524575906795008;1.0518560330849416
30.056227;0.5222014622259734;0.4396862432187366;0.8398322110247591;0.32706241258736524;0.629289294584177;10.01600032004574;0.7461899764932693;0.012647116344889221;1.0474595255317045;0.4407775657401587;0.5242645016655494;0.675648648913587;-0.806938044527426;0.4418978026973563;0.3570888538672934;0.6536395799420011;1.0515138998803875
30.056983;0.5226644752967811;0.4373652108657458;0.8348310127544514;0.33052374072989826;0.6353388030603523;10.015485559432788;0.7463472023121092;0.012646852064721454;1.047421933751146;0.4384080698862904;0.527610776943021;0.6710138251273172;-0.810366051892784;0.43954800215623197;0.36053415087907387;0.654749939303433;1.0511356282919573
30.05774;0.5231065391362965;0.4350887096901989;0.8299531690124006;0.3338118440085803;0.6410725080540803;10.01498014221652;0.7465035998026525;0.012646560800830852;1.047385229088198;0.4360857799313365;0.5307697647815248;0.6665403678938413;-0.813576058315798;0.43724385096496826;0.36380647422528145;0.6557897409017267;1.0507235336275087
30.058497;0.5235293808434267;0.4328670424270694;0.825214500440222;0.3369287632208961;0.6464933941238227;10.014483946369866;0.7466590841235202;0.012646246718294887;1.0473493963721938;0.4338167059964757;0.5337475245025757;0.6622373905118114;-0.816575063813934;0.4349913189663435;0.36690482432445476;0.6567620775941244;1.0502847170527965
30.059253;0.523932029675924;0.43070312550398043;0.8206210349855748;0.3398762102276221;0.6516070832479504;10.013996573905848;0.7468135341173476;0.012645912927771983;1.0473144085300155;0.4316068350477201;0.5365461086825771;0.6581059962524841;-0.8193700684068879;0.4327963687846773;0.36983421185127957;0.6576670725315867;1.0498214521428388
30.06001;0.5243144085449164;0.42860218588020577;0.8161817993947051;0.34265722572484275;0.6564206066243983;10.013517230169136;0.746966833985986;0.012645561195424392;1.0472802351803001;0.42946211526411593;0.5391705467244201;0.6541522454102255;-0.821968072102131;0.4306649523691982;0.37259665563369765;0.6585078781984962;1.0493394081609826
30.060767;0.5246782628262161;0.42657076947950423;0.8119055962279672;0.34527413459887435;0.6609372753162952;10.013044717699785;0.7471189068577477;0.0126451917941879;1.0472468170547522;0.4273874603599908;0.5416238149252576;0.6503781424807995;-0.8243750748863986;0.42860200937537424;0.3751941661622515;0.6592836652135514;1.0488411953649146
30.061523;0.5250225837104755;0.4246115307035063;0.80779828486991;0.34773039564802954;0.6651659703579901;10.012577677739994;0.7472697234270025;0.012644803736978367;1.0472140435541364;0.4253857697750917;0.5439118245277439;0.6467866322858035;-0.8265980767360521;0.426610481802533;0.3776317234350166;0.6599986262234754;1.048331057807569
30.06228;0.5253494565895291;0.42272814597225455;0.803863017823659;0.35003147105772053;0.6691154897039725;10.012114927203342;0.747419288798753;0.012644395688435573;1.0471817572625748;0.4234609478145002;0.5460384513366427;0.6433765930729387;-0.8286440776316695;0.42469432363136295;0.37991226666991607;0.6606529895251638;1.0478109836200689
30.063037;0.5256565970186354;0.420923174533346;0.8001076168584725;0.3521770317955122;0.6727891488739001;10.01165611356519;0.7475676352329834;0.01264396683333706;1.0471497696497118;0.4216159144380086;0.5480085849775287;0.6401498508331845;-0.8305210775593251;0.42285648213378535;0.3820406977431881;0.6612500124134314;1.0472857751693563
30.063793;0.5259470818530089;0.4191999795961008;0.7965332657664357;0.3541746710329264;0.6761985114811678;10.011202327832375;0.7477148371263332;0.012643516741637545;1.0471178996107167;0.4198526050363229;0.5498271520122157;0.637106211643351;-0.8322340764994114;0.4210988782585543;0.3840188862442583;0.6617909620159476;1.0467567797686226
30.06455;0.526219837468082;0.4175586967783934;0.7931414547710885;0.35602678820000483;0.6793505075311508;10.010755857147212;0.7478610055106065;0.01264304455662948;1.047086010972347;0.4181739660823788;0.5514991073734343;0.6342444844253196;-0.8337900744184242;0.4194244142957048;0.3858526733909546;0.6622791120334929;1.0462264835489121
30.065307;0.5264757064753042;0.4160021653032589;0.7899359685790867;0.3577378021287906;0.6822533653539097;10.01031928784767;0.7480062333949324;0.012642548671800886;1.047054030003445;0.4165809587714184;0.5530284246496392;0.6315624975904388;-0.8351970712774999;0.4178340015888449;0.38754587859024925;0.6627137412104296;1.0456977704770012
30.066063;0.5267147225866525;0.4145297375664857;0.7869152505816113;0.35931159131558593;0.6849151833026106;10.009894896175624;0.7481505520235862;0.01264202698989106;1.0470219786293928;0.4150745675100758;0.5544230892515347;0.6290581103586195;-0.8364600670487405;0.4163285870919493;0.3891033106400468;0.6631001137171727;1.0451713528515176
30.06682;0.5269388049018647;0.4131439816837873;0.7840810469698131;0.3607541280790858;0.6873454303629237;10.009484501524742;0.7482939302534153;0.012641477053050399;1.0469899926277986;0.41365579320640145;0.5556850903181274;0.6267292106034903;-0.8375870617217736;0.4149091616362447;0.39052877944609266;0.6634384627452192;1.0446505562175623
30.067577;0.5271467748918689;0.41184352420348763;0.7814322171387719;0.36206805254319674;0.6895511695401969;10.009089335836808;0.7484362840910223;0.01264089609421959;1.0469582792896948;0.4123246251817252;0.5568224294129999;0.6245727195382113;-0.8385830553009996;0.41357575013201026;0.39182710361705464;0.6637309880625667;1.04413592822085
30.068333;0.5273407066958921;0.4106277262385946;0.7789641156046645;0.3632604246460393;0.6915435663297033;10.008710025904074;0.7485774934530118;0.01264028138568762;1.0469270792953773;0.4110800199088579;0.5578391340423552;0.6225846044891719;-0.8394560478095084;0.4123273982266761;0.3930031153106434;0.6639808599489679;1.0436300479361542
30.06909;0.5275192458202782;0.40949699348888907;0.7766792180241886;0.36433287398112363;0.6933279417382161;10.008346956486633;0.7487174275563108;0.012639630582163833;1.0468966947477096;0.40992291408118875;0.5587402450377218;0.6207618704006715;-0.8402100393026325;0.41116515977020446;0.3940616601408902;0.6641882372647469;1.0431330622667927
30.069847;0.527684605254152;0.408449518580747;0.7745706242493746;0.36529389219123015;0.6949179207750973;10.008000827566946;0.7488559660919181;0.012638941971816304;1.0468675148503963;0.40885025329860675;0.5595328006510496;0.6191005466954413;-0.8408530298693891;0.4100860838978619;0.3950065916677152;0.664356294948789;1.0426478836347164
30.070603;0.5278364810660957;0.4074851108628454;0.772638375348878;0.36614465378807737;0.6963164802855968;10.007673068847145;0.7489930076489449;0.012638214895389552;1.0468399652641527;0.4078630056267739;0.5602198468135661;0.6175956931893309;-0.8413910196103996;0.40909121785090263;0.3958427648365742;0.6644872455522798;1.0421753414996002
30.07136;0.5279759295275835;0.4066023350992138;0.7708782375143197;0.3668919773383546;0.69753541902004;10.00736603770914;0.7491284445301901;0.01263744970709126;1.0468144501241634;0.4069581661277077;0.5608074470233053;0.616242396237285;-0.8418280086135882;0.4081776247841518;0.3965760332863465;0.6645823527815244;1.0417147666862936
30.072117;0.5281019126960509;0.40579724664957934;0.7692843299938386;0.3675394448695852;0.6985830606976524;10.007082987118778;0.7492621217294201;0.012636646939804961;1.0467913504313149;0.4061347521118639;0.5613016819688199;0.6150377471227441;-0.8421719969539299;0.40734438584497923;0.3972092503189655;0.6646449230160179;1.0412700632350935
30.072873;0.5282163768760665;0.4050699816583255;0.7678541637547046;0.3680927001101354;0.6994676144942932;10.006827587094968;0.74939383574658;0.012635806763688;1.0467710223877082;0.40539177846222807;0.561706666435783;0.6139748254407946;-0.8424269847119855;0.4065905862004282;0.3977492678588577;0.6646752682334564;1.0408397633928028
30.07363;0.5283200985599361;0.4044184118626996;0.766582716351934;0.36855542773724215;0.700195076488944;10.006603316851164;0.7495233576258006;0.012634929065747778;1.04675375298187;0.40472524343932254;0.5620275615545511;0.6130496781967255;-0.8425989719784435;0.40591230855501387;0.3981979448876404;0.6646756764965043;1.040425982544859
30.074387;0.5284121381237062;0.4038395191897771;0.7654658254816268;0.3689322740500893;0.700775528307496;10.006413331405385;0.7496504345519557;0.01263401337840309;1.0467396804699682;0.40413414146837556;0.56226954523557;0.6122562921439341;-0.8426919588360023;0.4053086338304377;0.39856116781737;0.6646494240909665;1.0400281774804407
30.075143;0.528494368275554;0.40333185804315314;0.7644982520005024;0.36922845106129354;0.7012163765373128;10.006260601642028;0.7497747996838418;0.012633058939781101;1.0467287283664592;0.40361647234993014;0.5624377779599388;0.6115905991135523;-0.8427129453501461;0.4047776416918659;0.39884385934170985;0.6645978065170974;1.0396494776909062
30.0759;0.528565840254742;0.40289142125293836;0.7636739998505998;0.36944745674321977;0.7015254856354717;10.006147960791283;0.7498962091458554;0.012632065269726154;1.0467206449695807;0.40316823712735383;0.5625364079201288;0.611045518818324;-0.8426669315838323;0.4043154104834627;0.3990489776806355;0.6645211415133707;1.0392896712398199
30.076657;0.5286281970197154;0.4025169578791947;0.7629884574490866;0.36959278020807956;0.7017071594470872;10.006078189730482;0.7500144675704244;0.012631032555788544;1.0467151404649255;0.4027894302400341;0.5625705938689837;0.6106159963260728;-0.8425559176095533;0.4039220167787736;0.39918251819620415;0.664423751681491;1.0389473216386942
30.077414;0.5286815847773608;0.40220496775936837;0.7624348677821554;0.36967139296952256;0.7017741931494736;10.006054157371885;0.7501294184502711;0.012629961536057796;1.0467119882556781;0.40247503598229567;0.5625445147994503;0.6102970282185245;-0.8423879035029714;0.4035925358406368;0.39924750463303404;0.6643059588819455;1.0386259102894972
30.07817;0.5287255226864247;0.4019527383780331;0.7620088791473588;0.3696836630321277;0.7017276588250313;10.006078774144243;0.7502409015019097;0.012628853310266471;1.0467110235797012;0.4022230470581375;0.5624633603545499;0.6100836838522584;-0.8421648893378022;0.4033250466851839;0.3992479666975431;0.664170085773412;1.03832411594353
30.078927;0.5287612002537787;0.4017571230052491;0.7617029646704846;0.3696366580137642;0.7015791540556375;10.006154681926901;0.7503487089414982;0.012627709411120536;1.0467120986693594;0.402031491637827;0.5623303046900704;0.609969091386078;-0.8418928751933348;0.40311764577461534;0.3991889228755081;0.6640174459866168;1.0380427460379558
30.079684;0.5287883493256125;0.4016158446285177;0.7615134606277308;0.3695316902219838;0.7013313835863922;10.00628393314315;0.7504525915001424;0.012626532160038667;1.046715053341857;0.4018964317374633;0.5621504879420602;0.6099503951949161;-0.8415748611620755;0.4029664588797754;0.39907338156684774;0.6638493169033468;1.0377825563622363
30.08044;0.5288070955237091;0.40152516629081003;0.7614333794889674;0.36937348880281307;0.7009930172997885;10.006467838052533;0.7505523131854481;0.012625325046600527;1.0467197069610983;0.4018159383184826;0.5619260260575195;0.6100197379459851;-0.8412148473449328;0.4028696365885123;0.3989053465152076;0.6636689226325897;1.037542226797712
30.081197;0.5288193622530132;0.4014833026577594;0.7614567210388901;0.3691658134059555;0.7005684378646345;10.006706707376166;0.750647687313373;0.012624092731519725;1.0467258521615683;0.4017880846633216;0.5616630288316538;0.610174267565345;-0.8408178338377134;0.4028253351299693;0.3986888093770205;0.6634754522631313;1.0373242054677896
30.081954;0.5288251377348596;0.4014877708130935;0.7615788529635046;0.3689126713567672;0.7000650252969134;10.006999496340931;0.7507385570507724;0.012622840539000526;1.0467332503085522;0.40180897438123403;0.5613636014201652;0.6104081365376074;-0.8403858207280815;0.40282969544034947;0.39842774386578905;0.6632720788515895;1.0371267618982034
30.08271;0.5288233100184628;0.4015343938029023;0.7617934782315422;0.36861596557627585;0.6994876232204589;10.00734383613031;0.750824774308174;0.012621573796784764;1.0467416595201557;0.40187676480043855;0.5610318279761282;0.6107155045242105;-0.839923808102445;0.40288083124520185;0.3981231158853166;0.6630599416013931;1.036950602817689
30.083467;0.5288158481928326;0.40162193497241816;0.7620954054823946;0.36827990515960085;0.6988413617698079;10.007736569370518;0.7509062262135981;0.012620297518855947;1.0467508725972958;0.40198865175919446;0.5606707519511048;0.6110935423154784;-0.839433796045503;0.4029758332473056;0.3977808911141864;0.6628391160573681;1.0367958059329703
30.084224;0.5288017441003886;0.40174657669889174;0.7624789095572309;0.36790788159124743;0.698133787023405;10.008174457756017;0.7509828664819221;0.012619016469638724;1.0467607190651729;0.40214183603256526;0.5602833715880109;0.6115364113133964;-0.8389197846361786;0.4031117932449759;0.39740302501948166;0.6626116253955608;1.0366623673882587
30.08498;0.5287829018827951;0.4019071994118893;0.7629392359825121;0.3675027370914587;0.6973675676786467;10.008654617532901;0.7510546968683399;0.012617735256723127;1.0467710516618363;0.402335497345329;0.5598736486604824;0.6120392435257693;-0.8383847739455491;0.40328782479436154;0.39699245668825517;0.6623774932259847;1.0365500802919856
30.085737;0.5287573626747544;0.40209866587170784;0.7634696543517394;0.36706668646283863;0.6965493822889847;10.009174463726158;0.7511217193864304;0.012616458214425886;1.0467817384725298;0.402564785479614;0.5594425149129717;0.6125991394337901;-0.8378307640349478;0.40349905869310876;0.39655212008335183;0.6621397819099264;1.0364590879959004
30.086494;0.5287282053289305;0.4023216696728059;0.7640671482090216;0.36660418529083283;0.6956836027153601;10.009731366039798;0.7511839189825521;0.012615189151506799;1.046792656501214;0.4028288358295509;0.5589948753550252;0.6132101573503062;-0.8372617549555819;0.4037446357776132;0.39608494969607394;0.6618975869431791;1.0363893496656877
30.08725;0.5286944927647775;0.40257155238481124;0.7647243503437227;0.366117171887655;0.694775264299754;10.010322383236675;0.7512412995537764;0.01261393127883533;1.046803691084294;0.4031257967978162;0.5585306135721475;0.6138683044973677;-0.8366797467445664;0.40402270876103913;0.39559287622008565;0.6616530129818382;1.0363403409019585
30.088007;0.52865631207995;0.40284779979114715;0.7654402721781778;0.3656069104450452;0.6938268556952344;10.010944244383582;0.7512939181645385;0.012612687441044986;1.046814726425484;0.4034528412694363;0.5580536027341548;0.6145705482073991;-0.836087739421924;0.4043304330662295;0.39507882930038346;0.6614061562288387;1.0363129003820755
30.088764;0.5286149236468131;0.40314730808535865;0.7662073133161958;0.3650777863304648;0.6928453110001331;10.011593453327846;0.7513418597953679;0.012611460320879626;1.0468256194890666;0.4038071556449337;0.5575667258614962;0.6153118320588259;-0.8354867329938698;0.40466495270146546;0.3945457460315351;0.6611590849603795;1.036305049069333
30.08952;0.5285694881667806;0.4034665336524852;0.7670200968850615;0.3645316120308485;0.6918355017030609;10.012266399926506;0.7513851934347603;0.012610252163010706;1.0468361936275736;0.40418792349411176;0.5570698775550317;0.6160880986790888;-0.8348797274510972;0.4050254036905057;0.39399558191541656;0.6609118205244331;1.036316988858142
30.090277;0.5285219500478832;0.40380619150736374;0.7678772301948132;0.36397043907402954;0.6907990956753194;10.012959447058;0.7514239723612913;0.012609064401094097;1.0468462645172416;0.40459332172464785;0.5565669284881717;0.6168953140578134;-0.8342687227689308;0.40540992488875005;0.39342931577595386;0.6606643392167968;1.036348069117273
30.091034;0.528472513149874;0.40416352959580903;0.7687732106798897;0.3633970332806137;0.6897413956329304;10.013668890352886;0.7514582541942636;0.012607898116024885;1.04685566399504;0.40502052235335223;0.5560587080968037;0.617731460024274;-0.8336557189188223;0.40581565733130764;0.3928509337401221;0.6604195831296508;1.036398775571829
30.09179;0.5284202040052561;0.40453568894260433;0.7697040115969761;0.3628118486009031;0.6886648393282425;10.014390690110202;0.7514881046166064;0.012606754791775013;1.0468642542291091;0.40546767293872454;0.5555470393471531;0.6185915025757125;-0.833042715871726;0.40624073245291464;0.39226041002388007;0.6601764624599522;1.0364677849827992
30.092547;0.5283662306618997;0.4049217734073845;0.7706661227659892;0.3622189266981594;0.687575781703504;10.01512015428134;0.7515136152202511;0.012605636310794609;1.0468719283088501;0.4059338664536766;0.5550337642139793;0.6194723717273948;-0.8324317135878194;0.40668425426447535;0.39166171086625867;0.6599348701022283;1.0365549322195795
30.093304;0.5283105462745127;0.40531992839628994;0.7716560333143592;0.3616179665948156;0.6864739456639403;10.015851999528728;0.7515349351118898;0.012604544761495846;1.0468785913596859;0.4064161346407903;0.5545207243392307;0.6203719490654922;-0.8318227120120741;0.4071432907670121;0.39105480746184595;0.6596977139089334;1.036659020280972
30.09406;0.5282543871123762;0.40572929698544646;0.7726702305411013;0.36101301761239396;0.6853656289102757;10.016580760784615;0.7515522671985443;0.012603482837544411;1.0468841693097626;0.4069144612591306;0.554007746867062;0.6212860587982626;-0.8312187110813338;0.4076178893006157;0.39044267983623987;0.6594629346207802;1.0367800621656542
30.094817;0.5281968255301916;0.4061471564101611;0.773704825534983;0.36040351174870433;0.6842512113534717;10.017301134681082;0.7515658372995003;0.012602454246411852;1.0468886483860367;0.4074247963335542;0.5534966568834654;0.6222114886123618;-0.8306197107309012;0.4081040933231437;0.3898263256394697;0.6592324948102989;1.036916222532453
30.095574;0.5281380010090905;0.4065730004522158;0.7747584931374167;0.35979157271512224;0.6831348004830768;10.018008161545245;0.7515758712287298;0.012601463441133937;1.0468920905527737;0.4079470622247074;0.552989278359394;0.6231460435247798;-0.8300287108946011;0.4086019292762478;0.3892067763405427;0.6590063487517426;1.0370686099341466
30.09633;0.5280800941944055;0.4070047967874837;0.7758238970423006;0.3591806203816816;0.68202030383576;10.018697179183214;0.7515825791464641;0.012600514978393517;1.0468946279685947;0.4084801517002259;0.5524864181447832;0.6240855966612503;-0.8294447115054205;0.40911037939537953;0.3885860944411611;0.6587854206894135;1.0372339048271348
30.097087;0.5280218921568212;0.40744354604464256;0.7769044525386946;0.3585691675940509;0.6809067056662811;10.019363613217765;0.7515861437779802;0.012599612985203932;1.0468964748853982;0.4090209268669287;0.5519888631929137;0.625030089316103;-0.8288707125008127;0.40962637479315;0.38796534559137785;0.6585686171825782;1.0374143931727977
30.097844;0.5279636941131207;0.40788474308386685;0.7779909271559046;0.3579611192707256;0.679801233483636;10.020002913922186;0.7515867289602977;0.012598760991889063;1.0468979387040578;0.40956922206785373;0.5514973898734079;0.6259754790760375;-0.8283067138272233;0.4101498169513194;0.3873455759893642;0.6583588433733885;1.037607541018794
30.099357;0.5278425011289262;0.40886146931094497;0.7801900900110599;0.35677789822237066;0.67768588763849;10.020610534632786;0.7515845141834027;0.012597962152373373;1.046899377006483;0.41065485461140455;0.5504957665408555;0.6279127036737912;-0.8272137154385801;0.41121061406199066;0.38616081539117814;0.657958987789354;1.0379808815767826
30.100719;0.5277368428132863;0.4097349607294095;0.7821715943920076;0.3557323920133645;0.6758135249578519;10.021181998642266;0.7515797232504958;0.012597219306029672;1.0469011232134866;0.41163964425748456;0.5496297486855433;0.6296407067524382;-0.8262717172909377;0.4121707041571481;0.38511008910278505;0.6576119012509024;1.0383552682312687
30.102081;0.5276330097513685;0.41060316979335687;0.7841418189367946;0.35471047085551505;0.6739851379525257;10.02171337389108;0.7515726168442958;0.012596534508836561;1.046903454171232;0.4126224270023145;0.5487960732729481;0.6313464872388507;-0.8253737193417169;0.41312904707489456;0.38408342203004275;0.6572773894068108;1.0387573082814348
30.103443;0.5275329560214745;0.41146319265466513;0.7860922025711873;0.35371728869564845;0.6722080838188573;10.022201647108487;0.7515634567539878;0.012595908516130492;1.0469066251024208;0.413597055656576;0.5479974690344476;0.6330221130744617;-0.8245217215563441;0.4140796040842095;0.38308484151298744;0.6569572102584826;1.0391832204463058
30.104805;0.5274357555521709;0.4123079702619938;0.7880106299319952;0.3527563888602688;0.6704903663750922;10.022644473322071;0.7515524695251744;0.012595341053047673;1.0469109372714736;0.41456039490477287;0.5472376947842886;0.6346606969113487;-0.8237177239178202;0.41501933295180027;0.38211837987511504;0.6566520791990663;1.0396297665078762
30.106167;0.5273423678060382;0.4131343979007096;0.7898897047907824;0.35183073209313653;0.6688364579519459;10.023039832863597;0.7515398420601366;0.012594831851483426;1.0469167606829235;0.41550731878690556;0.546516574182981;0.636253364236912;-0.8229637264322428;0.41594319012913045;0.38118606879303935;0.6563636730240319;1.0400924254562596
30.107529;0.5272537900131756;0.4139393553285198;0.7917218838439726;0.3509436172634288;0.6672514090203397;10.02338606968385;0.7515257480479097;0.012594381309225428;1.0469244803343893;0.4164337103870799;0.5458359868135249;0.6377962396645573;-0.8222597291212969;0.4168471278468157;0.38029193426364777;0.6560906324703113;1.0405680939211368
30.108891;0.5271688825163132;0.4147181467233863;0.7934997784933574;0.3500957061045191;0.6657379580239152;10.02368208343187;0.7515103675730723;0.012593990309736692;1.0469344391826623;0.4173364551631569;0.5451978343386841;0.6392844564872203;-0.8216067320017737;0.417728100169959;0.37943599715861637;0.6558355822809123;1.0410538663879236
30.110253;0.5270885786753365;0.4154692984278828;0.7952189477296896;0.3492898891556663;0.6643004409947441;10.023927359270097;0.7514939025250837;0.012593659982902466;1.0469469360595534;0.4182124255218846;0.5446010325497507;0.6407121506632151;-0.8210037350658291;0.4185830647349584;0.378621266825754;0.6555961448266662;1.0415446966203037
30.111615;0.527013740247198;0.4161910619377026;0.7968744794164649;0.3485265351038819;0.6629385172658456;10.024121783068068;0.7514766083650856;0.012593391802691742;1.0469622364425226;0.41905947201004645;0.5440465277106005;0.6420774271648614;-0.8204517382778491;0.41940995886362664;0.377847737187157;0.6553729182089024;1.0420396080567942
30.112977;0.5269425624076528;0.41687894879276843;0.7984602790075157;0.34780699040112734;0.6616571336033792;10.024265476078279;0.7514588209075407;0.01259318776949889;1.0469805399978054;0.41987643249519363;0.5435332968285665;0.643378347930514;-0.8199477415888639;0.4202076809152152;0.37711640799018065;0.6551664606344969;1.0425344894902062
30.114339;0.5268767868716572;0.4175353849255504;0.7999780586077958;0.34713072571600134;0.6604532111222031;10.024358780244842;0.7514409488780399;0.012593050396091167;1.0470019329852422;0.4206601452311876;0.5430603268693937;0.6446109609075391;-0.8194927449517779;0.42097310383194625;0.3764273114561958;0.6549763178268573;1.0430271790477927
30.115701;0.5268155657072502;0.41815744154109613;0.801423369906642;0.3464978131067611;0.6593281330658741;10.0244022181733;0.751423420338381;0.012592982261079088;1.0470263954300294;0.42141045677834976;0.5426286004105967;0.6457763292394327;-0.8190837483247237;0.4217060957483779;0.37578051068341073;0.6548000627375404;1.0435154818453325
30.117063;0.5267589651862667;0.4187441622445454;0.802794177967272;0.3459081257747895;0.6582817719795283;10.024396456039423;0.7514066198937951;0.012592985665211906;1.0470538666053735;0.422127232415016;0.5422351061174367;0.646872526394863;-0.818719751666818;0.42240652826607833;0.3751740845540332;0.654639317761465;1.0439969358733376
30.118425;0.5267070593562928;0.4192952335699377;0.804089643734813;0.3453605599928093;0.6573121344242179;10.024342510807537;0.7513908785291062;0.012593062954313854;1.0470843124182976;0.42280836815184436;0.5418788563667745;0.6478996227283383;-0.8183997549374629;0.4230722870946782;0.37461013113529107;0.6544917509951161;1.0444703205709567
30.119787;0.5266609128251392;0.4198121828095465;0.8053108678055715;0.344855747305674;0.6564192586719254;10.024241955560042;0.7513765056937644;0.012593216701876825;1.047117749904872;0.4234537962677874;0.5415588920167183;0.6488576912723842;-0.8181197581017985;0.42370328004269814;0.37408478273018203;0.6543580550430921;1.0449320960298116
30.121149;0.5266185964308463;0.4202935760439911;0.8064579200856984;0.3443909696452588;0.6556005396381746;10.024096779498393;0.751363799127338;0.012593449381339201;1.0471542237322315;0.4240644718931258;0.5412742843277975;0.6497478105881018;-0.8178797611337754;0.42430042514942945;0.3735992006550722;0.6542359367219434;1.0453825343047285
30.122511;0.5265811775019759;0.4207399427455529;0.8075300871458442;0.34396626505616706;0.6548548411375837;10.023909280275484;0.7513529948917868;0.012593763124932909;1.0471937768660156;0.4246393417547163;0.5410221269093667;0.6505710559146997;-0.817675764013611;0.4248626454815946;0.37315254640163925;0.6541271207347795;1.0458188287213874
30.123873;0.5265487407635069;0.4211526289230728;0.8085298250758068;0.34357971014506933;0.6541784712211369;10.023682266482094;0.7513441959235339;0.012594159424173744;1.0472364500142497;0.4251803185761607;0.5408005125870032;0.6513284956544209;-0.8175077667286693;0.4253918866721928;0.37274095839959437;0.6540273515473881;1.0462413404664712
30.125235;0.5265213557697331;0.42153286598806333;0.8094593726850878;0.343230469389735;0.6535697071070273;10.023419151420407;0.7513373451815756;0.012594638744072755;1.0472822849457142;0.42568627721476554;0.540609518526176;0.6520221883204359;-0.8173707692795316;0.4258871242446995;0.37236554596403915;0.6539393846588477;1.0466471324156288
30.126597;0.5264970704406755;0.42187969553355315;0.8103197879963634;0.34291601066559513;0.6530260276707662;10.023123541348637;0.7513322375912367;0.012595200483709143;1.0473313256756143;0.42615907094119587;0.5404452006146552;0.6526541786941851;-0.8172647716809661;0.4263503571013695;0.3720233971279903;0.6538599712532785;1.0470371396184253
30.127959;0.5264779977400891;0.4221952199175017;0.8111115354256339;0.34263594497742794;0.6525439018038846;10.022798501668849;0.7513285377422668;0.012595843344801393;1.047383625576847;0.42659955053859716;0.5403065911791776;0.653225505366807;-0.8171867739544016;0.42678260544927943;0.3717125932488942;0.653787851515153;1.0474092820766672
30.129321;0.5264630733690218;0.4224815319451649;0.8118399125424958;0.3423881295829717;0.6521204656502751;10.02244627049799;0.7513258063774862;0.012596566012435412;1.0474392216850232;0.42700757275709067;0.5401917138039264;0.6537392214679164;-0.817133776117716;0.42718390327488587;0.3714322052523198;0.6537247740044263;1.047762700143924
30.130684;0.526451511608676;0.4227370355665279;0.8125027181954672;0.3421718046284933;0.6517551121233501;10.022068641890941;0.7513235413082864;0.012597367423156114;1.0474980889415804;0.42738399870868193;0.5400986106917344;0.6541984298695928;-0.8171047781825357;0.4275552835138679;0.3711802790881675;0.6536675465749827;1.0480980834755482
30.132046;0.526444016873485;0.42296685215466695;0.813108254095426;0.3419831922295644;0.6514395182451558;10.021667339833812;0.7513212179500186;0.012598246078221931;1.047560134412307;0.4277306816008289;0.5400253566086106;0.6546043032074015;-0.8170957801608748;0.42789875898561963;0.3709548451023471;0.653616073135307;1.0484125552756742
30.133408;0.5264398592040666;0.42317038108462823;0.8136561943508421;0.3418225706998864;0.6511747669998054;10.02124413775413;0.7513183203044103;0.012599199275072815;1.0476252262567185;0.428048457395506;0.5399700412266861;0.6549610492137047;-0.8171077820648954;0.42821530722707574;0.37075393113988925;0.6535693341950105;1.0487091066478103
30.13477;0.5264389925907288;0.423348519077906;0.8141480218519763;0.34168858848898415;0.6509578851601897;10.020800971205142;0.7513143829035036;0.012600222928835716;1.0476932028154677;0.42833915682435214;0.5399317265071737;0.6552708620245583;-0.8171357839010229;0.42850688664594727;0.37057554904056267;0.6535283451159992;1.048984901786455
30.136132;0.5264401760326658;0.42350408899157604;0.8145907727799783;0.34157665892046396;0.650781197684304;10.02034012052406;0.7513090405083586;0.012601311655205257;1.0477638444543351;0.42860263234022833;0.5399074234428738;0.6555359194269734;-0.8171787856763024;0.4287734677387009;0.3704196807669208;0.6534901299036173;1.0492403035082944
30.137494;0.5264456697803597;0.42363846948315576;0.8149833669366198;0.3414897315963348;0.6506471098056508;10.019864434662836;0.7513020277910074;0.012602459167982617;1.0478368603512525;0.42884077977300156;0.5398961181507284;0.6557593991610082;-0.8172357874073359;0.42901703624026055;0.37028128979923103;0.6534556951264029;1.0494763614554614
30.138856;0.5264533235554595;0.42375305200094004;0.8153317644193913;0.34142252840274623;0.6505479932746556;10.019377721493475;0.7512931267543329;0.012603659216643588;1.047911927162865;0.4290545380727148;0.5398958159221472;0.6559454592596816;-0.8173037891164676;0.42923857769669743;0.3701613476408146;0.6534240006796306;1.049693234291735
30.140218;0.5264632953592017;0.4238497154191449;0.815639351078253;0.34137410175729976;0.6504817056862531;10.018885130334706;0.7512821409974941;0.012604906328375506;1.0479887364977591;0.42924587022764377;0.53990555811636;0.6560942063973013;-0.8173827908201019;0.42944007437225096;0.37005785189812623;0.6533949619110742;1.049890928429274
30.14158;0.5264756358293708;0.4239292176432379;0.8159075608121149;0.3413435098036725;0.6504462997647402;10.01839276894646;0.751268913020501;0.012606195683209906;1.0480669952834436;0.42941474478523134;0.539924400134982;0.6562107106505666;-0.8174697925187362;0.42962150713339586;0.36996781841109294;0.6533664885330488;1.0500702492275622
30.142942;0.5264894777752605;0.42399199810141247;0.8161385930607479;0.3413291671387739;0.6504397827557094;10.017906729643537;0.7512533427756388;0.012607522738783426;1.0481463975339171;0.429564126226454;0.5399493864041097;0.6562970431635152;-0.8175627941985533;0.42978583834342543;0.36989125830485126;0.6533385313771627;1.050230912594692
30.144304;0.5265068418230591;0.42404218595304355;0.8163370601862355;0.34133088834513053;0.6504592740063491;10.017432529293997;0.7512353900651826;0.012608883273741496;1.0482266340340023;0.4296949750504525;0.539979559971652;0.6563542814330667;-0.8176617958398515;0.4299339923068364;0.3698251644811258;0.6533110952343537;1.0503735500869709
30.145666;0.5265256962779005;0.42407998537468705;0.8165063435317553;0.34134468297883014;0.6504997515512682;10.01697502327419;0.7512150497512754;0.012610273428062136;1.0483074370039343;0.42980725927288876;0.5400149872824479;0.6563864980168825;-0.8177657974200014;0.4300658653863185;0.3697695166644225;0.6532842028069532;1.0504998553893177
30.147028;0.5265462482857706;0.4241061683339539;0.8166474052850428;0.3413699675739036;0.6505599793909357;10.016538351655608;0.7511923279112978;0.012611689412828355;1.0483885896369032;0.42990396543475223;0.5400537684668063;0.6563957726417315;-0.8178727989200141;0.43018434550670054;0.36972129853970903;0.6532558661704694;1.0506094730424447
30.14839;0.526568759216183;0.42412194105875944;0.8167619569461291;0.3414072352775517;0.6506407911165714;10.016125795843099;0.7511672554606637;0.01261312739922539;1.0484698795991267;0.4299851017193258;0.5400950339937748;0.6563842161372448;-0.817980800336176;0.43028931154042355;0.3696815082317776;0.6532261004702646;1.0507020716099993
30.149752;0.526593208756001;0.4241304071664038;0.8168556979498465;0.34145275974330747;0.6507353574526425;10.015739585743525;0.7511399013661705;0.012614583730996727;1.048551035027374;0.4300517056105166;0.5401379289312039;0.6563539681242807;-0.8180908016729905;0.43038162765257193;0.3696471544521624;0.6531959463085036;1.0507797054969144
30.151114;0.5266199242072581;0.42413130915751973;0.8169272513125243;0.34150674399989506;0.6508438867096898;10.015380818930922;0.7511103493974348;0.012616055011275296;1.0486316923743333;0.4301068542440042;0.5401815911167438;0.6563071756047842;-0.8182008029187251;0.4304641492688528;0.3696182520852201;0.6531634694819445;1.0508421331015347
30.153838;0.5266551567575541;0.42414511075262534;0.8170053698033679;0.34162543768332315;0.6510660177100729;10.015049587176668;0.751078668694141;0.012617538040115103;1.048711428633912;0.4301676631834417;0.5403121524731157;0.656244990342615;-0.818417804037914;0.430553741959487;0.36965382334889985;0.6531537481729122;1.05097349853311
30.156289;0.5266914186007826;0.4241303459960238;0.8170221434598538;0.3417451188924487;0.6512897910196247;10.014745265975744;0.751044910992125;0.01261902980369338;1.0487898378397118;0.4301952815893815;0.5404237684298985;0.6561415839170385;-0.8186068049899009;0.4306113088086115;0.36968690558158884;0.65313788525318;1.0510524068241247
30.158741;0.5267299539561687;0.42409963588603977;0.8169990887981119;0.3418735041741029;0.6515285387242973;10.014466963430435;0.751009128190353;0.012620527480931485;1.048866586032961;0.4301998914256939;0.5405316324566561;0.6560091530901246;-0.8187868057462064;0.430646800694154;0.36972356264207873;0.6531200308077553;1.0511013153129047
30.161193;0.5267709206463065;0.4240573569307898;0.8169437564678175;0.3420060604862432;0.6517736011016823;10.01421397215944;0.7509713805105502;0.01262202856397108;1.0489413958536675;0.4301866940955109;0.5406329567672163;0.6558559043189484;-0.8189548062902321;0.4306651903820805;0.36976188016470796;0.6530993614333734;1.051122992236152
30.163644;0.526812499757921;0.42400640112701793;0.816864070287669;0.3421392218941193;0.6520206710337407;10.0139858349056;0.7509317109408902;0.012623531196749674;1.0490139718021332;0.43015987737061256;0.5407249485528073;0.6556880261624924;-0.8191108066079601;0.4306704342450286;0.36979794542641603;0.6530750383328858;1.0511212229728697
30.166096;0.526856668805983;0.4239537201390246;0.8167698444313115;0.3422703979415577;0.6522626073922992;10.013782072573983;0.75089011376046;0.012625034533513959;1.0490839158130074;0.430124589399488;0.5408077983194287;0.6555136666102886;-0.8192538066791292;0.4306674536917968;0.36982884317555426;0.6530452094541178;1.0511001915306852
30.168548;0.526901700546127;0.4238998515540392;0.8166645048252467;0.3423982647458699;0.652499337458779;10.013602011353326;0.7508465488228447;0.012626538895561104;1.0491506968828408;0.4300819416208888;0.5408796742628574;0.6553369228297692;-0.8193818064715054;0.4306571351588847;0.36985367475584474;0.6530110474039001;1.0510607525599132
30.170999;0.5269475328653654;0.42384830752608077;0.8165545772919253;0.34251941878952247;0.6527247273995199;10.013444712491834;0.7508009883935818;0.012628045388819405;1.0492137099457164;0.4300360211665572;0.5409397246500061;0.6551628393906361;-0.8194948059446971;0.4306433349426853;0.3698705749851096;0.6529707584091764;1.0510059093223358
30.173451;0.5269943606169873;0.42380018130566344;0.8164416035492446;0.34263461098088643;0.6529401917181142;10.013308920980908;0.7507534504175032;0.01262955485819815;1.0492723764546052;0.42998888930956414;0.5409890857431058;0.6549924163821088;-0.8195938050619882;0.43062788945125324;0.3698787171240871;0.6529265548914615;1.0509369153857817
30.175902;0.5270419751707565;0.42375990434994665;0.816334119859189;0.3427411831520504;0.6531410742838492;10.013193121085282;0.7507040034433734;0.01263106726612765;1.0493262037718873;0.4299415799437494;0.5410268743249056;0.6548316326263752;-0.8196788037942878;0.43061163018493137;0.36987931244942446;0.6528756386738297;1.0508573857217443
30.178354;0.5270905368996692;0.4237269993909461;0.8162306938763834;0.34283974553140517;0.653328394468512;10.013095580232978;0.7506527496572326;0.012632582255700617;1.0493747970569665;0.42989612350038525;0.5410541664495738;0.6546794682953649;-0.8197508021182777;0.43059639871890926;0.36987059467479005;0.6528202102378429;1.0507674147283683
30.180806;0.5271399746587865;0.4237030608849623;0.816134173298894;0.34293030552582354;0.6535022264655906;10.013014500622841;0.7505998151943922;0.01263409974290821;1.0494178867402775;0.4298545787248397;0.541070990547407;0.6545389087808924;-0.8198098000240522;0.43058406294752377;0.3698527855152963;0.6527604877285126;1.0506689227016353
30.183257;0.5271900857407669;0.4236886651358803;0.8160456771948071;0.3430118612114586;0.6536608470316109;10.012948638547721;0.7505453700967574;0.01263561971255691;1.0494553592802713;0.429817032449759;0.5410783388114201;0.6544109370555132;-0.8198577975215312;0.4305745225268181;0.3698270663454895;0.6526967188881835;1.0505642179566408
30.188161;0.5272452480878411;0.4236468093849549;0.8158875651944445;0.34312592951204834;0.6538778600740124;10.012897989010579;0.7504896424291361;0.012637142069210098;1.0494872226020682;0.42974457449509335;0.54111118734163;0.6542295159696419;-0.8199247946261591;0.4305287018144596;0.36983457590853797;0.6526411859691111;1.050435645787294
30.192574;0.5272982488803145;0.42363422975432;0.8157789413187198;0.3432059801605383;0.6540354781068453;10.01286357118628;0.7504328920091953;0.012638667042241106;1.0495135343214586;0.42969727941168073;0.5411105211966163;0.6540975554462303;-0.8199577913397279;0.43050655661618975;0.36980742626843194;0.6525742100365635;1.0503063889337383
30.196987;0.5273497446922144;0.42364251250369794;0.8157023664261543;0.3432655216085753;0.6541586019984638;10.012846546429412;0.7503753719882021;0.012640195292623268;1.0495343720571797;0.4296641983050181;0.5410913488043808;0.6539978942810585;-0.8199697876543693;0.4304970877279835;0.36976272111328645;0.6525001399862523;1.0501762535823578
30.201399;0.5274015444897474;0.42367143754642456;0.8156541403548376;0.3433091087585141;0.6542535629503007;10.012847782720696;0.7503173094680515;0.012641727369139467;1.0495498534955798;0.4296463553855475;0.5410566981612672;0.653926327664633;-0.8199667835717308;0.43050133390854795;0.3697025701085868;0.6524193273040723;1.050047800316272
30.205812;0.52745144696715;0.4237161628144502;0.8156279984055052;0.34333942540675605;0.6543280771406474;10.012867925449532;0.7502589144376813;0.012643263488151944;1.0495601487578408;0.4296407534341593;0.5410126124718738;0.6538786532549437;-0.8199527791203047;0.43051634915234627;0.3696310958203077;0.6523361122873788;1.049922092479967
30.210225;0.5275021112617763;0.4237778496612341;0.8156216017766095;0.34336125597060074;0.6543876798236287;10.012907423775728;0.7502004098995787;0.012644804001774224;1.0495654561275711;0.42964438024403645;0.5409611469816811;0.6538486901364426;-0.8199327743665416;0.4305391786824756;0.3695524320022961;0.652249813938073;1.0497997828606285
30.214638;0.5275523000096832;0.42385162543443083;0.815627295357318;0.34337620534121804;0.654436618120393;10.012966330103751;0.7501420429527171;0.012646349598203451;1.0495659754489384;0.42965620966263535;0.5409073450373716;0.6538322648923072;-0.8199097694055502;0.43056885325166955;0.3694707221775861;0.6521637080988562;1.0496812795706532
30.219051;0.527601773696334;0.4239359369198121;0.8156423032758593;0.34338829373143964;0.6544824174007751;10.013044062019727;0.7500840687819027;0.012647900724062236;1.0495618942685814;0.42967321104615697;0.5408512103967615;0.653826197215511;-0.8198857643299129;0.4306024154616983;0.3693881199191434;0.6520780271403512;1.0495668739314572
30.223464;0.5276512013831518;0.42402991320153366;0.8156638497427113;0.34339802344903925;0.6545247165502378;10.013139599904004;0.7500267363250462;0.012649456988834833;1.049553369793925;0.4296943620752962;0.5407967134987807;0.6538263137811184;-0.819863759204203;0.4306389443222482;0.36930577547967597;0.6519929978273327;1.0494570063118067
30.227877;0.5277003538899588;0.42413057095074685;0.8156866380227428;0.34340722127272383;0.6545667493031585;10.01325205849332;0.7499702700273959;0.012651017172520486;1.0495405107832967;0.4297166438157626;0.5407438213715767;0.6538294700506524;-0.8198427540643785;0.4306755334592839;0.36922580628299534;0.6519108750894809;1.0493495938200514
30.23229;0.5277500937374732;0.42423676830988544;0.8157072516802139;0.34341935983272454;0.6546134544990524;10.013380977242873;0.7499148421345754;0.01265257949334721;1.0495233662860188;0.42974102659637753;0.5406925183364824;0.6538335559724159;-0.8198257489291869;0.4307132418054676;0.36915027510108883;0.6518309426124866;1.0492462842410932
30.236703;0.5277981213127069;0.42434658317403556;0.8157257816586763;0.34343242679314695;0.6546632513060359;10.013526203401897;0.7498605626327596;0.012654141837622816;1.0495019247598225;0.4297644707509711;0.5406457996450991;0.6538374986200768;-0.8198107438029039;0.430749073415583;0.36907919395868083;0.6517544899833265;1.0491454267766747
30.241116;0.5278461442940799;0.424460964465462;0.8157415930723168;0.3434477154941701;0.6547158747757289;10.013687750654379;0.7498075018423449;0.012655702145749818;1.0494761459441193;0.4297869399578599;0.5406016454253172;0.6538382572809299;-0.8197997386728072;0.4307829987092736;0.3690135480567065;0.6516807823615194;1.0490471861347854
30.245529;0.5278930977307283;0.42457768469536705;0.81575235789546;0.3434655548166482;0.6547727666928366;10.013865701779265;0.7497557302802297;0.012657258612610547;1.0494460090596491;0.4298084046056786;0.5405600095836581;0.6538377920272092;-0.8197907335142455;0.43081498837573706;0.36895132432272126;0.6516120304409364;1.0489516070177114
30.249942;0.5279388343664584;0.42469654527530604;0.8157581753180773;0.3434854966349649;0.6548328211734252;10.014059928763167;0.7497053417766729;0.01265880917224888;1.0494115126150567;0.4298278332632284;0.5405218355561142;0.6538350348658819;-0.8197847282985287;0.43084403311447317;0.36889452969503456;0.6515463752540819;1.048859065557228
30.254355;0.5279842329224462;0.4248181819770843;0.8157591178789103;0.3435081954615798;0.654895827430648;10.014269650662298;0.7496564417651466;0.012660351220970287;1.0493726493453182;0.4298461851963681;0.5404850670521616;0.6538289060977549;-0.8197807229981908;0.43087113519328013;0.36884218919196715;0.6514849022410037;1.0487683002715653
30.263181;0.5280272343426577;0.424943300209466;0.815759997680959;0.34353180265646965;0.6549605570557165;10.014493151465457;0.7496091132040716;0.012661882455837008;1.0493294111840168;0.42986540326570366;0.5404516446947044;0.6538283582187451;-0.819775717590834;0.4308982847746685;0.3687933223643978;0.6514276579035853;1.0486827333600914
30.271124;0.5280697253965908;0.42506787103694754;0.8157505026176798;0.34355979487818133;0.6550310590745815;10.014728046249488;0.7495633712637856;0.012663401691442897;1.0492817848118048;0.42987941259952633;0.540420510787793;0.6538194019910067;-0.8197757120543636;0.4309194470296289;0.36875091951258215;0.6513746474364859;1.0485984597198683
30.279067;0.5281118539555283;0.4251928292049682;0.8157325474849878;0.34359123651966017;0.6551051836880184;10.014972041751427;0.7495191390723661;0.012664908629967405;1.0492297316886963;0.4298911335373622;0.5403916115185238;0.653806102947007;-0.8197757063533108;0.43093756564766533;0.3687129493364704;0.6513248428368787;1.048514224495157
30.28701;0.5281517206717835;0.42531790757324467;0.815708937281232;0.34362369528743286;0.6551804788341904;10.015223343377857;0.7494762696860654;0.012666403254493051;1.0491731976590095;0.4299004948819224;0.5403628833270672;0.6537915607339203;-0.8197767004310524;0.4309525747219629;0.3686773885919982;0.6512792138036755;1.0484328059899863
30.294954;0.5281914306700957;0.4254458342890336;0.8156818615516087;0.3436575101919429;0.6552547438875752;10.01548037580529;0.7494345630504117;0.0126678857140073;1.0491121439943034;0.4299084364831406;0.5403332529604118;0.6537758813505389;-0.8197766942214728;0.4309654118139111;0.3686442336650352;0.6512357498876215;1.0483527605074983
30.302897;0.5282290247776534;0.4255758647039422;0.8156531801267799;0.3436903027804116;0.6553256871895059;10.01574141457417;0.7493937456631166;0.012669356478301405;1.049046567751312;0.4299169039358709;0.5403036650100043;0.6537621573038384;-0.8197766876751166;0.430978030497874;0.36861348639604125;0.6511964493940108;1.0482768688479955
30.31084;0.5282668186980465;0.4257085245507392;0.8156205051408429;0.3437245698463378;0.6553949270252466;10.016004346353155;0.7493534519050411;0.012670816183428423;1.0489765023922992;0.42992384355200564;0.5402731073703904;0.6537484778587953;-0.8197756807706842;0.4309884157727029;0.3685841404526588;0.6511592921143804;1.0482032064979823
30.318784;0.5283028580958794;0.4258429016190944;0.8155854312766456;0.34375949813078355;0.6554630693354836;10.016266546229627;0.7493132393111656;0.012672265259330235;1.0489020197183865;0.42993120914131294;0.5402416134436298;0.6537379498751222;-0.8197736734990795;0.43099859313180233;0.36855718010115873;0.6511252227031383;1.0481337108331372
30.326727;0.5283381731227851;0.4259799065205638;0.8155484615395789;0.34379330588013646;0.6555251061369265;10.016524988348097;0.7492726455308275;0.012673703762421561;1.0488232558057582;0.42993896938752674;0.5402102438891536;0.6537276852866397;-0.8197716658527426;0.43100861988594924;0.3685315811637205;0.6510931455396493;1.0480673016077933
30.33467;0.5283730630838529;0.4261190363462572;0.8155086087219579;0.3438300870008089;0.6555881444744172;10.016776438658887;0.7492312507609419;0.01267513142193454;1.048740432697488;0.42994509636309586;0.5401780537061737;0.65372078064651;-0.819768657839496;0.4310165641257389;0.36850731218111693;0.6510649351427593;1.048005035429537
30.342613;0.5284084938436412;0.4262606408473379;0.8154654864387704;0.34386799744521107;0.6556471837426835;10.017017508989717;0.7491886936772916;0.012676547650080682;1.0486538269934194;0.42995254615993794;0.5401460651632255;0.6537143230556095;-0.8197666494917096;0.43102547413420966;0.3684853410741976;0.6510384556340463;1.0479465318300722
30.3585;0.5284425354115484;0.4264025348763197;0.81541845347253;0.3439080651283498;0.6557064447851267;10.017244624889342;0.7491446560765476;0.012677951460574047;1.0485637264348742;0.4299572531026288;0.540115261194623;0.6537133815649913;-0.8197626408538611;0.4310313517422736;0.3684666397405061;0.6510155650720351;1.0478925149568594
30.374387;0.5284762728975501;0.4265454574873977;0.8153678643931644;0.3439498738260969;0.6557637693863997;10.017454099494358;0.7490988506589237;0.012679341348658295;1.0484704448816364;0.4299621405499531;0.5400845902223941;0.6537119722236407;-0.8197596319724515;0.4310371636248638;0.3684501799783689;0.6509941104429667;1.0478415512626622
30.379723;0.5285098236241319;0.4266898381331925;0.8153150939437999;0.34399193498515995;0.6558162821706865;10.01764235890331;0.7490510216748957;0.012680715291299117;1.0483743383869177;0.42996713308696444;0.5400529883825725;0.6537100503379794;-0.8197576229044702;0.43104288326812573;0.36843492963004787;0.6509759249963624;1.047793644872872
30.383252;0.5285433142574477;0.4268347774986833;0.8152589851784899;0.34403576015359116;0.6558669002332929;10.017806227038829;0.7490009660005164;0.012682070880571033;1.0482757622646461;0.42997115178022155;0.5400204021420728;0.6537085500483466;-0.8197576137263917;0.43104751583879775;0.3684208498868084;0.6509588267726747;1.0477502292733962
30.383252;0.5285768729644907;0.4269806488449932;0.8152008114988224;0.3440808356831824;0.6559147514947152;10.017943022457217;0.7489485496025866;0.012683405115060064;1.0481750300032533;0.4299741067588228;0.5399877697505586;0.6537074289575269;-0.8197576045307644;0.43105109690485444;0.3684088891914729;0.6509436241181281;1.0477097644201814
30.383255;0.5286106368427839;0.42712669550919663;0.8151397299919839;0.34412756148154977;0.6559607600473996;10.018050357498746;0.7488936929544842;0.012684713860370126;1.0480724060198565;0.4299759123556623;0.539954985780316;0.6537076750949197;-0.8197575954203883;0.43105368418652434;0.3683989859087208;0.6509301232193505;1.0476728493371004
30.383259;0.5286447567634942;0.4272727493835868;0.8150760424125808;0.34417584134939155;0.6560049601179809;10.018126110744122;0.7488363526966617;0.012685991876947024;1.047968099599167;0.42997650291558936;0.5399219002655987;0.653709290147119;-0.8197575865025767;0.43105533900201337;0.36839108448336716;0.6509181262228928;1.0476394095655006
30.383265;0.5286793888940766;0.4274186637015755;0.8150100965174684;0.34422555070629224;0.6560473851339262;10.018168887277788;0.7487765211662406;0.012687233575360522;1.04786225032657;0.4299758287953992;0.5398883519901952;0.6537122722572405;-0.8197575778825213;0.43105610104630676;0.36838515126105914;0.65090742617691;1.0476093332179386
30.383278;0.5287146821696138;0.42756431071348666;0.8149423034656583;0.34427654230069515;0.6560880401738309;10.018178445016005;0.7487142320180148;0.012688433604643421;1.0477548989382752;0.42997385370501173;0.5398542024675428;0.6537165859856942;-0.8197575696638317;0.4310559751334106;0.36838117911098067;0.6508978173477691;1.0475824736911994
30.383304;0.5287507627276193;0.4277095703497472;0.8148731255206321;0.34432865792936274;0.6561268892060587;10.01815558540513;0.7486495635507396;0.01268958680923874;1.0476459420334194;0.42997056047568705;0.5398193454254825;0.6537221340710756;-0.8197575619518944;0.4310549319834191;0.36837918127144864;0.650889118446353;1.0475586755328534
30.383355;0.5287877186759699;0.4278543219092815;0.8148030243678547;0.3443817284939563;0.6561638673629815;10.018101785265278;0.7485826247771573;0.01269068774480522;1.0475351168951914;0.4299659550787256;0.5397837040943078;0.653728768326735;-0.8197575548488191;0.4310529269731478;0.3683791794378605;0.6508811803619897;1.0475377896726006
30.383457;0.5288255818404509;0.42799845235093154;0.814732436141272;0.3444355727191455;0.6561989110209444;10.018018977679802;0.7485135177856846;0.012691730223197284;1.0474220709421527;0.4299600683893495;0.5397472393503101;0.6537363212304552;-0.8197575484438988;0.4310499380449731;0.36838118993335656;0.6508738735771803;1.0475196566589362
30.383662;0.5288643071314172;0.4281418733846272;0.8146617898912198;0.34449000798970975;0.6562319955267278;10.017909359105563;0.7484423039641928;0.01269270743666228;1.0473064915098271;0.42995294693472774;0.5397109559307641;0.6537446211974215;-0.8197575428055043;0.4310459888899192;0.36838521458326795;0.6508670749446616;1.0475041042778879
30.384072;0.528903777088382;0.42828452866861016;0.8145915105569034;0.34454485814694785;0.6562631491030564;10.017775114514771;0.7483689926294296;0.012693612644534037;1.0471881805761987;0.42994462646230097;0.5396728829276842;0.6537534962023547;-0.8197575379763515;0.4310411324563784;0.3683912335712479;0.6508606621520122;1.0474909696657948
30.384892;0.5289438316924997;0.4284263870906387;0.8145219879502008;0.34459994858566356;0.6562924223535607;10.017618483631491;0.7482935488696119;0.01269443988588431;1.0470670149171541;0.4299351163918195;0.5396340325439755;0.6537627759342727;-0.8197575339784031;0.4310354192961767;0.36839919162398643;0.6508545181879107;1.0474801240933147
30.386531;0.528984299413148;0.4285674283009552;0.8144535530075255;0.34465509960002005;0.6563198494698811;10.017442320970996;0.748215923501332;0.012695184317839121;1.0469428879698786;0.4299244209552309;0.5395943734793479;0.6537732886951084;-0.8197565308244392;0.43102888551727664;0.3684089936999711;0.6508485505028854;1.0474713351273337
30.38817;0.5290250188380837;0.428707582480486;0.8143863846656441;0.34471064523546974;0.6563464443065202;10.017250371071178;0.7481360925063788;0.012695842287701922;1.046815715792992;0.4299125720666625;0.5395538420610563;0.6537828501542979;-0.8197565285243399;0.4310215633821773;0.36842152339379747;0.6508427136422018;1.0474648797616968
30.38981;0.5290658332657437;0.42884693748123787;0.8143209073513908;0.3447653476170822;0.6563702529629479;10.017046745648866;0.748054069700383;0.012696411483844518;1.046685465169601;0.429898637373591;0.5395123646048534;0.6537932623282603;-0.8197565270838946;0.43101248392637703;0.36843465931748526;0.6508370057631983;1.047461191570723
30.391285;0.5291065680390998;0.42898486336615843;0.8142561237883968;0.3448200194576142;0.6563932534044323;10.016835271464965;0.7479698876044096;0.012696890926568154;1.046552157754125;0.42988470128992523;0.5394698662893451;0.6538023410414506;-0.8197555265032529;0.4310036622659195;0.3684492766419265;0.6508314388555134;1.0474581800690737
30.392613;0.5291470372578122;0.42912249167079736;0.8141943774506946;0.3448735686112255;0.6564137985232315;10.016619348868431;0.74788357089243;0.012697280470034938;1.046415848710427;0.4298698401102346;0.5394272716429152;0.6538109261316336;-0.8197555267761617;0.43099409953063866;0.3684652516091542;0.6508260137048967;1.0474579550266623
30.393941;0.5291870717906774;0.42925921832200675;0.8141347199382509;0.3449263446709502;0.6564330233684766;10.016402129158175;0.7477951188252688;0.012697580409839938;1.046276589471584;0.42985411150572994;0.5393825098854107;0.6538198388685994;-0.8197555278845096;0.43098380420197274;0.36848247155104014;0.6508207134497843;1.0474602812037
30.395269;0.5292265236012298;0.4293949553703582;0.8140771978815812;0.34497875520943083;0.6564522364518365;10.016186561672114;0.7477045096594117;0.01269779175470326;1.0461344012140361;0.42983756169153553;0.5393365391364721;0.6538268478891349;-0.8197555297924526;0.4309728046282951;0.36850084432140096;0.6508155130078215;1.0474638752566612
30.396596;0.5292651575865549;0.42953033910864297;0.8140233967744421;0.34502876576215524;0.6564682259094289;10.015975166081605;0.7476117165689519;0.01269791657607858;1.0459892803894897;0.42982024356975423;0.5392893787471676;0.6538326976202999;-0.8197555324458887;0.4309611513027994;0.36852130338168915;0.650810390727036;1.0474694491710204
30.397924;0.5293030372699166;0.4296641087459273;0.813970850784932;0.34507856023659533;0.6564853875949738;10.015769966375464;0.7475167197076173;0.012697957514024662;1.0458412386825628;0.4298022319351534;0.5392411219032202;0.6538371577941391;-0.8197545357755835;0.4309489142578453;0.3685417970884162;0.650805333450369;1.047476447014642
30.399252;0.5293399494455524;0.42979622996974104;0.8139198762962868;0.34512713634992326;0.6565023096313541;10.015572774899042;0.7474195271841056;0.012697916607922929;1.0456903466832275;0.4297836157064575;0.5391919341294943;0.6538410382504166;-0.8197545397085925;0.43093617244310395;0.36856326764461483;0.6508013413823494;1.0474873630410348
30.40058;0.5293757854358219;0.42992760630508176;0.8138723604581887;0.34517505692992606;0.6565203760461928;10.015385243413132;0.7473201905043985;0.012697794549648646;1.0455367227744292;0.4297644723286203;0.5391430492615864;0.6538421871616246;-0.8197545441845677;0.430923000961542;0.36858563752414886;0.6507964343140799;1.0475004933376262
30.403236;0.5294104261990324;0.43005774837547495;0.8138274625233396;0.3452211654012765;0.656537673448478;10.015208565215648;0.7472187846903695;0.012697590891205264;1.0453804856963231;0.42974485318747296;0.5390927520157517;0.6538425003292723;-0.8197545491597841;0.43090946907381716;0.36860881199693435;0.6507916624792535;1.0475173855077597
30.405626;0.5294437317140224;0.4301865125084145;0.8137849764106255;0.34526644315759014;0.6565563678211801;10.01504334587725;0.74711538594433;0.012697304669660054;1.045221743117351;0.4297237881898622;0.5390423506094133;0.6538399202490943;-0.819753554600875;0.4308946448824274;0.3686336994333464;0.65078710545569;1.0475362418305776
30.408016;0.5294755665760981;0.4303134609259987;0.8137441219254121;0.3453097360379379;0.656574564509223;10.014889675803818;0.7470100885416298;0.012696934989359988;1.045060612137712;0.4297032949656341;0.5389921452794628;0.6538364278535643;-0.8197535604855346;0.4308805872031319;0.36865823448904983;0.650782840838565;1.0475600155445202
30.410406;0.5295058364363375;0.43043954088569664;0.8137067152570296;0.3453521387856385;0.656594658026942;10.014747089294294;0.7469030298220038;0.012696481732353245;1.0448972327565158;0.4296823843955025;0.5389434008079497;0.6538300451868599;-0.819752566808847;0.43086633542041786;0.3686833841073844;0.6507789281704572;1.0475859314637668
30.412796;0.5295354804099524;0.4305652188966587;0.8136720767172029;0.34539309361299125;0.6566146210048742;10.014614469655944;0.7467943820455432;0.012695946021451002;1.0447317682027724;0.42966106174524754;0.5388943423162644;0.6538218226796165;-0.8197525735845974;0.4308519229982822;0.3687091407804888;0.65077543306712;1.04761610446872
30.415186;0.5295624583845844;0.43068810559098314;0.8136387903847215;0.3454324270894112;0.6566368255028242;10.014490094221246;0.7466843272447148;0.012695329906725783;1.0445643854301723;0.42963932949533323;0.5388461657794549;0.653812809630197;-0.819752580841633;0.4308373990821735;0.36873651104231486;0.6507724337849012;1.0476502262226068
30.417576;0.529587700733959;0.43081014012504115;0.8136091114277392;0.3454702930947076;0.6566604246242824;10.014371782197015;0.7465730445837545;0.012694635928436173;1.0443952177740548;0.4296172001682758;0.5387990494767113;0.6538010464393569;-0.8197515886150097;0.43082282666018423;0.36876349193666325;0.6507699897445716;1.0476860923034648
30.419967;0.5296111306652924;0.43093079465528317;0.8135821985748906;0.34550612019318006;0.6566843542943321;10.01425710331109;0.7464607200541554;0.012693867077971441;1.044224344315657;0.4295947118235024;0.5387541595452786;0.653788580199992;-0.8197515969342254;0.4308082628811615;0.36879104993022627;0.6507681142893227;1.0477263832581953
30.422357;0.529632687988154;0.431049417620306;0.8135570120264127;0.3455403752784236;0.6567094846747333;10.014143600361564;0.746347574268753;0.012693026624313193;1.0440518114668498;0.4295709351046304;0.5387096397825452;0.653773486247042;-0.8197516058236436;0.4307927527928869;0.3688191260751665;0.6507667638844765;1.0477690124550965
30.424747;0.5296523480171866;0.43116689893440274;0.8135355120997609;0.34557367746365913;0.6567369361033571;10.01402899763505;0.7462338781602543;0.012692117540799394;1.0438776799211764;0.4295479716010277;0.5386666081113188;0.6537578881666375;-0.8197516153168549;0.4307783433430018;0.36884866011764283;0.6507658348512199;1.0478152176051079
30.427137;0.5296701104743007;0.43128270262663093;0.8135170015943616;0.34560493576020623;0.656764527029382;10.013911477638688;0.7461199331781145;0.01269114222249969;1.0437020689997698;0.4295249437108145;0.538625170043162;0.6537399652554601;-0.8197506254666656;0.4307640914511843;0.3688776149364567;0.6507661845001325;1.047862921659027
30.429527;0.5296859881172705;0.43139662931776857;0.813501434057079;0.3456352135838464;0.6567941461823332;10.013789841665337;0.7460060401677859;0.012690102953832633;1.043525176306176;0.4295019788614228;0.5385864213303103;0.6537209508200238;-0.8197506363459547;0.4307500511949142;0.3689069845505122;0.6507656847081119;1.0479141880950016
30.431917;0.5296999978890373;0.4315081928102414;0.8134881840769149;0.3456634539440124;0.6568235921866654;10.01366319672902;0.7458924871056679;0.012689002494544991;1.0433472524119543;0.42947919880434793;0.5385484415150662;0.653702133577565;-0.819750648042026;0.4307362613317623;0.36893677418186605;0.6507652712377898;1.047968692059118
30.434307;0.5297121411564278;0.43161828652625445;0.8134792426278585;0.3456908599923814;0.6568549127999083;10.013530293807785;0.7457795516027689;0.012687844202853717;1.0431685583417099;0.4294567155956606;0.5385122910194879;0.6536818561806218;-0.8197496606400813;0.4307227553575864;0.36896696935301515;0.6507649452999382;1.0480242417953805
30.436698;0.5297224065471373;0.43172643017369894;0.8134740108691116;0.34571640879883153;0.6568858806411171;10.013389322717032;0.74566749817475;0.01268663158334437;1.0429893546798987;0.42943463485423095;0.5384780037777455;0.6536624940058828;-0.8197496742026967;0.43070958301215;0.36899852736840044;0.650764735331526;1.048083522169845
30.439088;0.5297308014866425;0.43183193625793065;0.813471503707662;0.34574117142449023;0.6569182550756855;10.013238447417313;0.7455565595701408;0.012685367461980353;1.0428099230114292;0.4294130730095849;0.5384465796453884;0.6536424177279807;-0.8197496887634368;0.43069681637120416;0.36902939180895467;0.6507646678433314;1.048144374870985
30.441478;0.5297373643166063;0.4319359168084591;0.813474085389918;0.3457642819196987;0.6569500857438558;10.013076184936557;0.7454469221223791;0.012684053725636132;1.0426305909486828;0.4293911646950577;0.538415980589504;0.6536229774694342;-0.8197487043439613;0.43068353234199186;0.3690605062238351;0.6507647608398028;1.0482064772850357
30.443868;0.5297421502206447;0.4320377703956468;0.8134806870637646;0.3457868196455557;0.6569830818342222;10.012901378705994;0.7453387381371029;0.012682691914734194;1.0424517167465588;0.4293710363077932;0.5383871326930564;0.6536055284377702;-0.8197487209717765;0.4306717981161302;0.3690918227079282;0.650765015954496;1.0482718433530236
30.446258;0.529745227907299;0.4321376695820161;0.8134915513936556;0.3458078458531767;0.6570150559522607;10.012713312742855;0.7452321385600634;0.012681283604757398;1.0422736346223216;0.4293517781353107;0.5383599448151096;0.6535884532390137;-0.8197487386717174;0.4306606738778489;0.3691233033363473;0.6507654115634706;1.0483382978651512
30.448648;0.5297466858278664;0.4322351334190184;0.8135056070993338;0.3458279564302788;0.6570467133484961;10.012511739818171;0.7451272268325477;0.012679830265221806;1.0420966291123093;0.42933345084221625;0.5383343354527664;0.6535741426071965;-0.8197487574499288;0.43065020691408407;0.36915591222106425;0.6507659223448761;1.0484069518234191
30.451038;0.5297466221052953;0.4323312506736895;0.8135247835736562;0.3458479015854113;0.6570790483467142;10.012296539810997;0.7450240834657421;0.012678333381311455;1.0419209460762342;0.4293161144492514;0.5383112402165589;0.6535609590329271;-0.8197477772933419;0.43064041939000863;0.36918761636438036;0.6507665645073172;1.0484756245001146
30.453428;0.5297451254135863;0.43242569780932716;0.813548341478022;0.34586669247953444;0.6571097932268208;10.012067353297024;0.7449227870416218;0.012676794903739227;1.0417467995900265;0.42929985503845103;0.5382885956471805;0.6535502073368206;-0.8197477981723502;0.430631317317267;0.36921939719546115;0.6507674195227787;1.0485463612710526
30.458209;0.5297422696330464;0.4325179458123304;0.8135751608471372;0.34588539244116473;0.6571407010756105;10.011823527334116;0.7448234249725424;0.012675217520185146;1.0415743724674367;0.4292847971568864;0.5382673380654804;0.6535431270343336;-0.8197478200404041;0.4306229108102948;0.3692512452837577;0.6507686065250721;1.048618880183204
30.462511;0.5297381217329653;0.4326092161244905;0.8136074568254366;0.3459030858004756;0.6571698663092933;10.011564274376871;0.7447260820331512;0.012673604461315552;1.0414038254727433;0.42927010067582816;0.5382474320573136;0.6535389264554758;-0.8197468428439788;0.43061422681323036;0.3692841357302779;0.650771242682167;1.0486916460474727
30.466813;0.5297327387688738;0.432698926845499;0.8136440249243496;0.3459207520256263;0.65719908423786;10.011288600085857;0.7446308172864676;0.012671958958070417;1.0412353282905271;0.4292579449333181;0.5382298834512415;0.6535368243698028;-0.8197468665381311;0.43060731480021536;0.36931601911404294;0.6507734266848589;1.048765481001137
30.471115;0.5297261502724616;0.43278661453936207;0.8136839322268958;0.34593776884279215;0.657227172352952;10.010995122554279;0.7445376514771308;0.012670284075633727;1.0410690875927966;0.4292474948585806;0.5382127071228915;0.6535390491351405;-0.8197458910871072;0.430601243156732;0.3693478362844981;0.6507762244354619;1.048840008039974
30.475418;0.5297183494823824;0.4328733680666513;0.813729221613256;0.34595365689264507;0.657253264516635;10.010682122618904;0.7444465811428665;0.012668583140624025;1.0409053486963502;0.42923886868104455;0.5381968803622911;0.6535438129159907;-0.8197459164548117;0.4305960899458545;0.3693805326463081;0.6507796526320337;1.048915501785051
30.47972;0.5297093038643813;0.432958574385664;0.8137786290442192;0.3459693802103351;0.6572792194197081;10.010347597436706;0.7443576131609339;0.012666860059657782;1.040744390644555;0.42923214357321776;0.5381833290832411;0.6535533027588629;-0.819744942603807;0.4305919393532378;0.3694120682129926;0.6507836898772456;1.0489915908166616
30.484022;0.5296989802615303;0.4330418569985498;0.8138312337880985;0.34598385686618377;0.657302909738692;10.009989399114996;0.7442707914626385;0.012665119012227721;1.040586509542782;0.42922738206018846;0.5381699514950129;0.6535656836011372;-0.8197449695008263;0.43058887425549686;0.36944342366520305;0.6507883033433918;1.0490684979378049
30.488324;0.5296873620794819;0.43312422670125;0.8138886751831974;0.3459982707446726;0.6573264488483496;10.009605528456685;0.7441862003966258;0.012663363762156364;1.040431995027296;0.429223645712875;0.5381576443938589;0.653583083297264;-0.8197449971216598;0.4305859574667908;0.3694745937661367;0.6507934611626619;1.0491466030206713
30.492627;0.5296744387034876;0.43320529348282094;0.8139498559143314;0.34601208726432275;0.6573486685672545;10.009194288713086;0.7441039552033779;0.01266159734602167;1.0402811344141276;0.42922300076322406;0.5381463080224873;0.6536035698236191;-0.8197440254596647;0.430585220610885;0.36950657736379566;0.6507991381653966;1.0492237804535296
30.496929;0.5296601837858275;0.43328467924221514;0.8140136355882749;0.3460247619401433;0.6573684354715948;10.0087542445776;0.7440241884609684;0.012659822379345898;1.0401342317763138;0.42922452292772684;0.5381368370127451;0.6536291578213852;-0.8197440545310933;0.4305856688602703;0.3695373698733766;0.6508053185946339;1.049302711543065
30.501231;0.5296445387226789;0.4333634187389081;0.8140815588064222;0.3460374640905465;0.6573879304958545;10.008284015438944;0.7439470487403679;0.012658041473071513;1.0399916158734517;0.4292282950786693;0.5381271183678391;0.6536578415809454;-0.8197440843671714;0.43058730062512524;0.3695679537602437;0.6508119870821089;1.0493812067812105
30.505533;0.5296274127101691;0.43344115997124094;0.8141526234584869;0.34604912475622357;0.6574050866635248;10.00778220098451;0.74387272540248;0.012656257389508933;1.039853633328381;0.42923439438049416;0.5381180432745252;0.6536916193489551;-0.8197431150120659;0.43059014197688367;0.36959829476658934;0.6508201233657922;1.0494595816394316
30.509836;0.5296087070501273;0.43351731383402264;0.8142255240259682;0.34606077177062156;0.6574218455480838;10.007247591774327;0.7438014645663537;0.012654473066297136;1.0397206163438488;0.4292428767946402;0.538109519126323;0.6537284950674985;-0.8197431465374848;0.43059426365175424;0.3696293472643706;0.6508277043415303;1.0495380296052255
30.514138;0.5295883253874266;0.4335930298627174;0.8143023814120649;0.34607150712222473;0.6574364801473751;10.006679378091656;0.7437335449561358;0.012652691713804162;1.0395928231514775;0.42925276921786387;0.5381024737994332;0.6537704545532277;-0.8197431790501762;0.4305987650967399;0.36965905341352434;0.650835703527887;1.0496169628583123
30.51844;0.52956615429084;0.4336677150589224;0.8143820523993638;0.3460818595063083;0.6574499477757372;10.006077334833783;0.7436692498959503;0.012650916839326804;1.039470392397913;0.42926606969204795;0.5380948524383905;0.6538154255784975;-0.819742212678023;0.4306057596229426;0.36968833614260116;0.6508441055092422;1.0496943708670694
30.522742;0.5295420629609857;0.4337412811403143;0.8144643795782404;0.34609242315796723;0.6574632656847208;10.005441979794071;0.7436088631452582;0.01264915197966945;1.0393533539101154;0.4292817529018651;0.5380876035540888;0.6538642635005116;-0.819742247543058;0.43061436744197107;0.3697171084560145;0.6508529286688853;1.049772503954037
30.527045;0.529516927501381;0.43381414169315413;0.814548615773779;0.34610276296399517;0.6574741893377949;10.004774449956193;0.7435526584655576;0.012647400220636987;1.0392416741188464;0.42929977925936086;0.5380806639474185;0.6539177715672428;-0.8197422837373382;0.43062469669117576;0.3697462942649361;0.6508622201099078;1.0498512391544275
30.531347;0.5294886676745336;0.43388543714077304;0.8146362582010127;0.3461129633202431;0.6574851949852494;10.004076169501404;0.7435008760869575;0.01264566381905474;1.039135297097723;0.42932010575913926;0.5380749540382971;0.6539737276486021;-0.8197413213178528;0.43063682799929;0.36977383767087846;0.6508720352426984;1.0499284889489096
30.535649;0.5294582144905797;0.4339555740960127;0.8147265725740621;0.3461225870227196;0.6574940427579872;10.003348690180523;0.7434537111828612;0.012643944111830837;1.0390341740552353;0.42934269428672384;0.5380683868516994;0.6540339111268044;-0.8197413603205529;0.43065082014839745;0.36980070406367327;0.6508824385687147;1.0500069062801998
30.539951;0.5294255218091951;0.43402444169524423;0.8148193934430374;0.34613222951133665;0.657501719994661;10.002593599998194;0.7434113191500453;0.012642241606751047;1.0389382770845845;0.4293675119361202;0.5380618892830356;0.6540961266352922;-0.8197414007689366;0.4306667085409692;0.3698268795253693;0.6508935096433311;1.0500842379496944
30.544254;0.5293905565985326;0.43409139937166247;0.8149135132721091;0.3461424268787454;0.657509098921605;10.00181222339914;0.743373842141041;0.012640556153453296;1.038847593728937;0.42939452459426986;0.5380554077766255;0.6541612084853103;-0.8197414426630855;0.4306844832539008;0.3698523597730473;0.6509053261999224;1.0501608792018875
30.548556;0.5293541795458561;0.43415801469575577;0.81501046197919;0.34616191440101635;0.6575315354796989;10.001005411523217;0.7433414314372158;0.012638887213998716;1.0387621218351222;0.42942368607158066;0.5380628828165098;0.6542249964326833;-0.8197574859672216;0.4307040858502085;0.36988813095409034;0.6509219541036548;1.050246611910733
30.551148;0.5293175178045133;0.4342236043816937;0.8151069537909509;0.34619673452831967;0.6575788685495514;10.000173649050897;0.7433142231349864;0.012637234082199916;1.03868187686866;0.42945492941249913;0.5380902251025919;0.6542853095906631;-0.8197975306104452;0.43072543015144704;0.3699381617216431;0.6509454625879783;1.050346230704739
30.553739;0.5292793122106724;0.4342835690665783;0.8151959118019133;0.34625097781221864;0.657660207429963;9.999317291446847;0.7432923127199481;0.012635595808367454;1.0386068600222889;0.42948617035010533;0.5381423130035301;0.6543339675336369;-0.8198675764975104;0.4307464093408743;0.37000742531425646;0.6509779275348738;1.0504592006360252
30.556331;0.5292425000623143;0.43433707922836157;0.8152709377726522;0.3463239359966043;0.6577703486387648;9.998436921900655;0.743275775116422;0.012633971281886426;1.0385369782961877;0.4295123159428329;0.5382139993336374;0.6543668362883847;-0.8199616235243865;0.43076189397913284;0.3700949356217247;0.6510174124564995;1.0505780852118285
30.558923;0.5292040805664338;0.4343799785419081;0.8153286478116676;0.34641318832564183;0.6579083883724963;9.997533779415281;0.7432646762382428;0.01263235972170565;1.0384720370186322;0.4295322674019573;0.5383031257068542;0.6543828293736332;-0.8200746715922407;0.4307707429959126;0.37019775137378486;0.6510639529316129;1.0506981223782488
30.561515;0.5291639734545038;0.43441052632825783;0.8153657973767059;0.3465144411368653;0.6580662645536177;9.996609781742968;0.7432590458110334;0.01263076058106223;1.038411827578785;0.4295429166754468;0.5384025399161539;0.6543808705002961;-0.8202007206075984;0.4307698151488012;0.3703119433081042;0.6511165605735362;1.0508138654562271
30.564107;0.5291233080455677;0.4344303535269651;0.8153837614450068;0.3466261079883187;0.6582395530483217;9.995667000034846;0.7432588578603774;0.012629172883081685;1.0383561764340299;0.42954613170033606;0.538509098504262;0.6543618730134114;-0.8203347704669163;0.4307609714583866;0.37043556134098315;0.6511732451027438;1.0509219925579676
30.566699;0.5290801268912928;0.43443834514005314;0.8153835110684935;0.34674553002582864;0.6584256336010079;9.994707231405018;0.7432640368312738;0.012627595393891992;1.038304923206371;0.4295407374757366;0.5386196631627618;0.6543297533428721;-0.8204718210471008;0.4307430789881704;0.3705656205625616;0.6512330400129933;1.0510210897763297
30.56929;0.5290363357997415;0.4344380895819954;0.8153689203497106;0.346870482837609;0.6586178469897617;9.993732033328348;0.7432744699283863;0.01262602753064675;1.0382578971060212;0.42952851964229843;0.5387321123486637;0.6542854594745814;-0.8206108722177293;0.4307180168903314;0.3706991025458299;0.6512950270797876;1.0511109988319747
30.571882;0.5289891539600815;0.43442709420786;0.815339617937108;0.34699797099948193;0.6588139188873136;9.992742840631143;0.7432900320783282;0.012624469785117281;1.0382149142319543;0.4295102457742367;0.5388423647551104;0.6542329815368535;-0.8207489238638137;0.4306866795906896;0.3708349687875815;0.651359357909538;1.0511918784417205
30.574474;0.5289405233674525;0.43441039793681835;0.815302284351451;0.34712694747745804;0.6590093931642252;9.991741000641918;0.7433106133021256;0.012622923465406825;1.0381758016119516;0.4294876779624434;0.5389503944487402;0.6541753273687407;-0.8208829758938432;0.4306509809076223;0.3709711864627071;0.651425246883584;1.051263260417159
30.577066;0.5288895362690343;0.4343883324466134;0.8152590338373586;0.3472548113504325;0.6592005120228708;9.99072795156762;0.7433361190762268;0.012621390292095323;1.0381404250619097;0.42946058212069704;0.5390542174791911;0.6541144873344206;-0.8210140282253459;0.43061085224494466;0.37110475451749403;0.6514929256199816;1.0513271524053418
30.579658;0.5288363928589567;0.4343614092307114;0.8152104785358437;0.3473819688902731;0.6593879034647904;9.989705588174996;0.7433664608276995;0.012619872291162584;1.0381086742591052;0.429432746101553;0.5391538582571679;0.6540534213809114;-0.8211390807733374;0.4305702260441179;0.3712367070631738;0.6515605989376084;1.0513830167090898
30.582249;0.528780195735481;0.43433153393654483;0.8151615247351284;0.34750649758305174;0.6595690806070651;9.98867652368925;0.743401554653445;0.012618371926269602;1.0380804394965881;0.42940300087738253;0.5392483245124481;0.653994066991319;-0.8212591334563686;0.43052801778262223;0.37136609632195816;0.6516304243386857;1.0514327856519545
30.587433;0.5287339062167307;0.43422589923099547;0.8149531379157072;0.3477329239420642;0.6599268634006328;9.987643943890047;0.7434413125614499;0.012616891960253137;1.0380556162258112;0.42929823269566736;0.5394386002747965;0.6537893503780129;-0.8214831862007107;0.4304111189053663;0.3715949783198807;0.6517375052264056;1.0514699928815179
30.592617;0.5286838499869234;0.4341223535801888;0.8147549342350408;0.34794504858259795;0.6602569010990739;9.986611155767976;0.7434856197156526;0.01261543495013974;1.0380340997005746;0.42919836492281116;0.5396106463871388;0.6535991936776444;-0.8216852389307285;0.430299406861943;0.37180840496378204;0.6518419030252216;1.0514958344589098
30.5978;0.5286301820573733;0.43402476466852963;0.8145741462168078;0.34814116773455067;0.6605557513277083;9.985581135445141;0.7435343085683113;0.012614003004299776;1.0380157687117781;0.42910631308599156;0.5397643962660006;0.6534285195776502;-0.8218692915593563;0.4301957673137765;0.3720064165085883;0.6519416532766188;1.0515164871000875
30.602984;0.5285742351269911;0.43393493771871666;0.8144124208761307;0.34832342490687246;0.6608260030223018;9.984556358428891;0.7435871522655036;0.01261259800433056;1.0380004930881128;0.42902295866131623;0.539901752882952;0.6532782600994952;-0.8220353439890787;0.4301011072147874;0.37218803316018706;0.6520397590373086;1.0515325147134855
30.608167;0.5285151246184858;0.43385406930418213;0.8142738198713603;0.34849062845201406;0.661066814439914;9.983538917362772;0.7436438971252815;0.012611221733409327;1.0379881578590078;0.4289481590395895;0.5400236032577093;0.6531503632779917;-0.8221883961200274;0.43001535871911306;0.3723562468526463;0.6521341823943301;1.0515489908401257
30.613351;0.5284534626170769;0.43377970858609655;0.8141531433038337;0.34864691427652483;0.6612856500484708;9.982530662773549;0.7437043007420567;0.012609875843890865;1.037978676757312;0.42888275828352457;0.5401318410118569;0.6530407798717276;-0.8223284478633803;0.4299394820656443;0.37251102702058747;0.6522278641761045;1.0515633022245827
30.618535;0.5283902859811866;0.43371272369063996;0.8140507698045836;0.34879164038537525;0.6614803678694344;9.981533394598802;0.7437681327313033;0.012608562116851348;1.0379719768750628;0.4288255834801488;0.5402293804477791;0.6529504364759865;-0.822458499156269;0.4298724529804631;0.37265534451696064;0.6523187532347567;1.051578307250184
30.623718;0.52832612013395;0.4336518032322722;0.8139635980535489;0.34892810122002427;0.6616570308141754;9.980548870351853;0.7438351564275772;0.01260728297343391;1.0379679629235505;0.42877544934279976;0.5403171579249778;0.6528752244965494;-0.8225815499656725;0.42981323655588666;0.372790193696822;0.6524098160052489;1.051593858940796
30.628902;0.5282600955492457;0.4335955274690814;0.8138904105701172;0.3490553416842017;0.6618154077849555;9.979578371292778;0.7439051104077437;0.012606041660968856;1.0379665186384077;0.42873117299269786;0.5403951078956779;0.6528130118799801;-0.8226966002754654;0.42976076851548967;0.37291660217382244;0.6525000274402857;1.0516080853726153
30.634085;0.5281946766263149;0.43354334664573957;0.8138264619052099;0.34917717580941643;0.6619601544830673;9.978622589380025;0.7439777001531308;0.012604841902445508;1.0379675604033118;0.42869057944621225;0.5404661359722119;0.6527636412020958;-0.8228056500690897;0.42971294503262064;0.3730356392575685;0.6525893576946883;1.0516228404697172
30.639269;0.5281298953361938;0.4334952096145657;0.8137717575532287;0.3492932810686386;0.662091093331624;9.977682259873179;0.744052610531608;0.012603687497840247;1.0379710679114056;0.4286534985941712;0.5405291336062462;0.6527238986364016;-0.8229086993195747;0.42966962034238776;0.3731484237129457;0.6526797663203312;1.0516365828152525
30.649636;0.528075004967713;0.4333821118270988;0.8135806757230203;0.349495876181011;0.6623726570780407;9.976758822353439;0.7441295118431803;0.012602582269362119;1.0379770622391584;0.4285527705050825;0.5406740067338707;0.6525595036742798;-0.8231017479872652;0.42956361641153423;0.3733481133776408;0.6528021982658853;1.0516416091709788
30.660003;0.5280182485081096;0.43328039889492814;0.8134171259509448;0.34968006837236626;0.6626202948790904;9.975854583245349;0.7442080575421562;0.01260153026534887;1.0379855661543615;0.42846425683001876;0.5408006798732982;0.6524221429326287;-0.8232767960215025;0.42947073948045106;0.3735298776446825;0.6529195783121923;1.0516479838346215
30.670371;0.5279616302125689;0.4331900657490581;0.8132782299919529;0.3498475056355095;0.6628350089362071;9.97497241495129;0.7442879124065963;0.012600535970395467;1.0379965706523608;0.4283848416888321;0.5409081026513107;0.6523085005887784;-0.8234348433623284;0.42938780178587216;0.37369586970872637;0.6530338164556604;1.0516548318834804
30.680738;0.5279034536967704;0.4331058364340942;0.8131567208568198;0.3500006819900836;0.6630240345026215;9.974115240137646;0.7443688028533612;0.012599604288558278;1.038010030715291;0.42831443415803416;0.5409992685034682;0.6522152643014641;-0.8235788899489308;0.42931464256633983;0.37384720621239953;0.6531448059071274;1.0516628772945806
30.691105;0.5278465236866962;0.433031952856878;0.813056332042771;0.3501397930446407;0.6631845105705286;9.97328567825976;0.7444505352504062;0.012598740306485735;1.038025898698422;0.42825198905407286;0.5410752097349372;0.6521401409900979;-0.8237079357332633;0.4292501387851732;0.37398496623257804;0.6532523985832424;1.0516703844057087
30.701472;0.5277881630979021;0.432962854614855;0.8129705558506808;0.3502667895136997;0.663323829636726;9.97248605471759;0.7445329804149622;0.012597949000176465;1.0380441500950415;0.42819552273970907;0.541137969065689;0.6520818888236606;-0.8238249806777954;0.42919220760906684;0.37411121042804807;0.6533563959359198;1.0516794290427185
30.71184;0.5277313841490707;0.4329005870359644;0.812898559843896;0.35038347320486996;0.66344191317615;9.971718633644295;0.7446160697877668;0.012597234905381031;1.0380647546236965;0.42814610584473795;0.5411865889976933;0.6520373221485142;-0.8239300247373975;0.42914179738738084;0.3742269935882724;0.6534585645180001;1.051688480933524
30.722207;0.527674410790431;0.43284222850604176;0.8128374853630974;0.35048997430890216;0.6635415910449336;9.970985669746684;0.7446997918311674;0.012596601877556766;1.0380876494288946;0.4281008467545529;0.5412231241306389;0.6520062723127096;-0.82402506785239;0.42909586986006226;0.3743333611779164;0.6535576378290506;1.0516993514947635
30.732574;0.5276181621643217;0.43278965017976234;0.8127894254370908;0.3505866212642912;0.663622708021828;9.970289116193035;0.7447841539099843;0.012596052963926787;1.03811276981341;0.4280618701368593;0.5412496436275253;0.6519855521758158;-0.8241101099613539;0.4290563986451131;0.37443134205352724;0.6536543092152944;1.0517103525903462
30.742941;0.5275628541101404;0.432740057418819;0.8127486897767582;0.35067505525324477;0.6636885015451164;9.969630572697668;0.7448691399459304;0.012595590139496056;1.0381400569131907;0.4280262862337218;0.5412652157480777;0.6519759754656624;-0.8241871510174273;0.42902038693129924;0.3745219401579035;0.653749247799584;1.0517238450278839
30.753308;0.5275086136500967;0.43269394573123726;0.8127160183149373;0.3507552635607284;0.6637391518546105;9.96901180487945;0.7449547110900396;0.012595214203217384;1.038169401508413;0.42799516680385674;0.5412718971656308;0.6519754057574977;-0.8242561909921482;0.42898886810460884;0.3746051298040881;0.6538401261864643;1.0517387779829206
30.763676;0.5274554526040534;0.43265062816141564;0.8126900814201916;0.3508283080903681;0.6637770002172784;9.968435086969844;0.745040833812624;0.012594925330194863;1.0382006075398948;0.42796753805723947;0.5412707420697381;0.6519817651004849;-0.8243192298582874;0.428960872590662;0.37468285850257615;0.6539286341882199;1.0517556735982507
30.774043;0.5274045107683567;0.4326098664570114;0.8126686016309992;0.35089554403956935;0.6638034588720684;9.967902832704691;0.7451274811368103;0.012594723729997192;1.038233429890412;0.427942384399866;0.5412618237384926;0.6519939947683678;-0.8243752675717979;0.42893540010768133;0.37475404631407366;0.6540144809661828;1.0517733531768116
30.78441;0.5273547666358539;0.4325701880657301;0.8126501948857628;0.350957332380576;0.6638207147433957;9.96741706224657;0.7452146001864329;0.012594609472558109;1.0382676495055092;0.4279196614601781;0.5412462519964601;0.6520130280862955;-0.8244263040786376;0.4289124322067988;0.37482058193920864;0.6540984009717575;1.0517943045649953
30.805145;0.5273106276869421;0.4325027165033676;0.8125727966129977;0.35105406665608896;0.6639002403645735;9.966979294533198;0.7453021055500729;0.012594581879619086;1.0383031051937939;0.4278683087324915;0.5412631745688289;0.6519767984383956;-0.8245143393296843;0.42886095955136744;0.3749233325660157;0.6541921710399601;1.0518134601290965
30.823806;0.527266555531355;0.43244933909607786;0.8125244441681787;0.3511279435584905;0.6639389815293825;9.966590625373415;0.7453899151431456;0.012594639648052342;1.0383396710908692;0.4278332528175235;0.5412577624008961;0.6519712464549293;-0.8245793732841489;0.4288259849947741;0.37500416229420497;0.6542776260041455;1.051837295802563
30.842467;0.5272223756568198;0.43240101174570644;0.8124879007254161;0.35119127976597575;0.6639604495435375;9.966251496731866;0.7454779652595478;0.012594781719872376;1.0383772427286044;0.4278024074714909;0.54124118392215;0.6519783183938713;-0.8246324059068288;0.42879550563773766;0.375072934122965;0.654357658313213;1.0518635360333874
30.861128;0.5271787192407306;0.43235815097828123;0.8124627780705765;0.35124385080227033;0.6639631588192965;9.965961348635572;0.7455662064083656;0.012595007871479024;1.038415749506294;0.4277776737929777;0.541213586836008;0.651995974558389;-0.8246774371633983;0.42877150342772186;0.3751334921750428;0.6544332058938408;1.0518942391222341
30.879789;0.527135554013507;0.43231834141383396;0.8124444899472887;0.35128956643505765;0.6639543736776892;9.965718789755513;0.7456546297414449;0.012595318394299823;1.0384551906361172;0.4277559441347696;0.5411791152709124;0.6520222005899529;-0.8247144670149618;0.4287509547450342;0.3751866530872958;0.6545052329936276;1.0519283110475044
30.89845;0.5270937923863175;0.4322814306451133;0.812431479080203;0.3513289447262814;0.6639337800760533;9.965522268482152;0.7457432824205918;0.012595713357013205;1.0384956768609988;0.427736118559796;0.5411369392050636;0.6520550051869252;-0.8247454954166269;0.42873284344900847;0.37523222535487943;0.6545727251687551;1.0519662850850853
30.917111;0.5270523689528936;0.4322458688777662;0.8124226513325301;0.35136292644863004;0.6639044017683033;9.965370570483117;0.7458322301013014;0.012596192384851901;1.038537397454273;0.42771813162068434;0.5410902613358971;0.6520924004709677;-0.8247705223230508;0.4287171668421458;0.3752730301964168;0.6546377143359998;1.0520071873001526
30.935772;0.527011018949192;0.43221166786162224;0.812418606031632;0.3513907024069433;0.6638648960806601;9.965263037978014;0.7459215120948423;0.012596754941491962;1.0385805086502653;0.427701973260587;0.5410383224920315;0.6521343830109472;-0.8247915476963005;0.4287039328569356;0.3753078959915577;0.6546992909961621;1.052052888348328
30.954433;0.5269709457008138;0.4321778359280096;0.8124157263679151;0.3514164966185809;0.6638216223324137;9.965199842106925;0.7460111284814229;0.012597400223378769;1.0386250687245955;0.42768468523763725;0.5409843959476058;0.6521779360896688;-0.8248085715108376;0.42869015160465795;0.37533763871133563;0.6547585675322024;1.0521018549606438
30.973094;0.526931772994145;0.4321450230252913;0.8124159664305504;0.3514380730288109;0.6637706480812966;9.965182143698726;0.7461010500747567;0.012598126568058152;1.0386710713545442;0.4276683311712419;0.5409267416311283;0.6522240531723483;-0.8248235937577819;0.42867783074849697;0.3753640527936534;0.6548146115833646;1.052156608870114
31.010416;0.5268944880615064;0.43210457778689976;0.8124014422053495;0.35146758118808896;0.6637337248218214;9.965211983701288;0.7461912270835708;0.012598931367659577;1.0387184844928672;0.42764496403542757;0.5408765698558273;0.6522567707084136;-0.8248456144472893;0.4286589778396381;0.37539592021040713;0.6548734009727429;1.0522146118800033
31.047738;0.5268559829562107;0.4320664105066786;0.8123958825771802;0.3514885813595087;0.6636833625107547;9.965291983206507;0.7462815804384985;0.012599811782948056;1.0387672414529088;0.42762361165041474;0.5408210525923471;0.6522961756820482;-0.8248606336029791;0.42864260690324874;0.37542003435899773;0.6549278497533229;1.0522774464987006
31.085059;0.5268191962222692;0.43203089636287134;0.8123954378311594;0.351505051539854;0.6636232844357837;9.965424857288363;0.7463719928537481;0.012600765287008993;1.0388172300364908;0.42760427806967294;0.5407623506962841;0.6523403674527626;-0.8248716512549888;0.42862874257707295;0.37543622977325264;0.6549788683273431;1.05234634574964
31.122381;0.5267809804648778;0.43199418582263;0.812397549795568;0.3515176709842363;0.6635586610898438;9.965612863086534;0.7464623290170931;0.012601789550983645;1.0388682840177172;0.4275849490416024;0.5407006353239909;0.6523874214866331;-0.8248786674407945;0.42861542180873363;0.3754483946497631;0.6550283762548104;1.0524201390621561
31.159703;0.5267439719497018;0.4319589822003904;0.8124030991590454;0.3515273160395039;0.6634877540269549;9.965857433851866;0.7465524654816547;0.01260288232320725;1.0389201766266059;0.4275655954938185;0.5406390955842796;0.6524364000796653;-0.8248836821990565;0.42860270104257325;0.3754554555144676;0.6550742787682358;1.0524998285673537
31.197025;0.5267062398085542;0.43192192644635885;0.8124083986478903;0.3515344467036634;0.6634138745544732;9.966159111242172;0.7466422915388757;0.012604041632513887;1.03897267526797;0.4275451787313652;0.5405769229162684;0.6524843866032257;-0.8248866955459532;0.42858965662899917;0.3754593604127828;0.6551184570518209;1.0525835880122907
31.234347;0.5266685937748046;0.4318844711428341;0.8124146496023491;0.35153978329578556;0.6633373840029926;9.966517490233914;0.7467316955375979;0.012605265919465888;1.0390256108364166;0.42752265778991133;0.5405142990990748;0.6525324923575115;-0.8248887074622446;0.4285753754232528;0.3754600746886949;0.6551607799390099;1.0526728315678502
31.308991;0.5266318820233773;0.43184698288738027;0.8124209447965737;0.35154450447047714;0.6632594576609977;9.966930970094252;0.7468205659228875;0.012606553801245991;1.0390788617988314;0.4274979924775404;0.5404554141396902;0.6525778314103226;-0.824891717908025;0.4285599581821023;0.3754595809820661;0.6552011292583018;1.0527672826464947
31.383635;0.5265942802168464;0.43180737265802627;0.8124258916866914;0.3515471747748837;0.6631796660108218;9.9673966276791;0.7469087919371064;0.012607903577798795;1.0391323114054403;0.42747314351674875;0.5403964836258541;0.6526245110177835;-0.8248927268353551;0.42854552601094065;0.3754548844826122;0.6552384150356468;1.0528670863926113
31.458279;0.5265566892535043;0.4317676046441626;0.812431674580466;0.3515486502135337;0.6630985283030693;9.967910533730775;0.7469962466151348;0.012609312721406444;1.0391858559535283;0.42744508356716243;0.5403387320768009;0.652669638987303;-0.824892734184855;0.4285292072689528;0.37544701440036743;0.6552735700768526;1.0529712000032465
31.532923;0.5265191297274543;0.4317261789251801;0.8124352800081378;0.35154882831644163;0.663015944203246;9.968468470977058;0.747082782401929;0.012610777478386362;1.039239428541024;0.42741582077755613;0.5402833517565758;0.6527143097812507;-0.8248937398931505;0.428513117018565;0.37543701609958813;0.655306547730025;1.0530817759840354
31.571342;0.5264816105256602;0.43168415228380524;0.8124385534252883;0.35154837385620746;0.6629333603954494;9.969066600788253;0.7471682596387991;0.01261229301835635;1.0392930253751604;0.427384410944878;0.5402304750998697;0.6527575853760885;-0.824893743916724;0.4284963446865914;0.3754249408139177;0.655337333977125;1.0531964952652109
31.571342;0.5264441078985223;0.4316410698181894;0.8124404429845529;0.3515472684773282;0.6628509899295064;9.969701578620077;0.7472525732806052;0.012613854180249733;1.039346746396633;0.42735094973221777;0.5401801908964433;0.6527994984131522;-0.8248937462404784;0.4284789480892154;0.3754108275616795;0.6553659516915289;1.0533159960845009
31.571342;0.5264065778971865;0.4315970196868275;0.8124408910121084;0.35154553992525533;0.6627691629156462;9.970370322748195;0.7473356553985723;0.012615455907469878;1.0394008078746704;0.42731556725141695;0.540132581013344;0.6528400661558964;-0.8248937468623263;0.42846094831025733;0.3753946985742091;0.6553924340586033;1.0534401849975508
31.571342;0.5263689764840856;0.43155212499222634;0.8124398603706995;0.3515432236345609;0.6626882212674563;9.97107007280061;0.7474174619435945;0.01261709321241718;1.0394554937476883;0.42727842095708796;0.5400877408685779;0.6528792994902549;-0.8248937457838973;0.42844233129692316;0.37537658876833585;0.6554167947024117;1.053568993148197
31.639771;0.5263312641580872;0.4315065418315886;0.8124373619295592;0.3515403725824016;0.6626085158412551;9.971798851012085;0.7474979580335347;0.012618761120957838;1.0395110772591714;0.42723966304344824;0.5400457822151087;0.6529172062363228;-0.82489374301989;0.42842306488349097;0.3753565661610294;0.6554390348999684;1.0537023048282674
31.708199;0.5262933974762347;0.43146042882702174;0.8124334576285783;0.35153706256680206;0.6625303855240434;9.9725558324519;0.7475771150418006;0.01262045454291942;1.0395677816584732;0.42719941215791213;0.5400068192146342;0.652953793849153;-0.8248937386049142;0.42840311447646834;0.37533472114599825;0.6554591697456061;1.0538399276746062
31.845057;0.5262553219808834;0.4314139244705867;0.8124282387040916;0.3515333910542206;0.6624541199761768;9.973341274706295;0.7476549020775423;0.012622168388588415;1.039625805772753;0.4271577683882233;0.5399709434312852;0.6529890769222297;-0.8248937325858946;0.4283824388575331;0.3753111558175803;0.6554772353615862;1.0539816058602098
32.118771;0.5262169797504223;0.43136715290858574;0.8124217933500764;0.3515294665651403;0.6623799460769203;9.974156082262585;0.7477312718736828;0.01262389819868261;1.0396853657657317;0.42711484187372295;0.5399382122904002;0.6530230899430305;-0.8248937250151731;0.4283609908573053;0.37528598242056393;0.6554932751913503;1.054127064398311
32.6662;0.5261783264071767;0.4313202285070956;0.8124141963817524;0.35152539264197413;0.6623080566263821;9.975001228346056;0.7478061745642491;0.012625640523267343;1.0397466965293762;0.42707075257875776;0.5399086566947585;0.6530558862249244;-0.8248937159603008;0.42833874494065993;0.3752593183175707;0.6555073275603596;1.0542760610842277
33.6662;0.5261393323359419;0.43127325347077133;0.8124055225324832;0.35152125603268825;0.6622386376800753;9.975877495749305;0.747879585889313;0.012627392424694697;1.0398100163094663;0.42702560526768385;0.539882291105071;0.6530875039071412;-0.8248937055192417;0.42831571985714684;0.3752312738671335;0.6555194298641029;1.0544284152675862
34.6662;0.5260999570644008;0.4312263248603276;0.8123958270520055;0.3515171222468825;0.6621718515746946;9.976785869092687;0.7479515187122303;0.012629150684701574;1.0398755068793235;0.42697947106307876;0.5398591171051406;0.6531179340175887;-0.8248936938199666;0.4282919707069275;0.37520194262548157;0.6555296295991558;1.0545840237876793
35.6662;0.5260601261259089;0.4311795408589499;0.8123850909952748;0.35151303296250924;0.6621078107931897;9.977728158483268;0.7480220176787491;0.012630911555959448;1.039943337365794;0.42693239539125377;0.5398391208083981;0.6531471294051427;-0.8248936810101646;0.4282675658704022;0.37517140142537864;0.6555379807466841;1.0547428638165255
36.6662;0.5260197441690342;0.4311330001820616;0.8123732188699881;0.35150900118748374;0.6620465899955882;9.978707192780828;0.7480911481456058;0.012632670910214687;1.0400137071349045;0.42688441944502925;0.5398222726101963;0.653175010764381;-0.8248936672477211;0.42824256305157526;0.3751397140752849;0.6555445285538548;1.0549049734399987
37.6662;0.525978733243604;0.4310868031719014;0.8123601050702866;0.351505010145953;0.6619882412510806;9.97972650257042;0.7481589868801727;0.012634424319485266;1.0400868606697617;0.42683559458685943;0.5398085422151584;0.6532014498181921;-0.8248936526857172;0.42821699902296684;0.3751069331824688;0.6555493047448823;1.0550704305408065
38.6662;0.5259370584991517;0.4310410500517734;0.8123456730475146;0.3515010210679637;0.6619327776719327;9.98078997952555;0.7482256154021663;0.012636167218957623;1.040163061034039;0.42678598282159885;0.539797916030729;0.653226284800779;-0.8248936374603196;0.4281909058733951;0.3750731015460279;0.6555523353011953;1.0552393315356152
39.6662;0.5258947324037558;0.43099583325493446;0.8123298503198277;0.3514969842647109;0.6618801599741796;9.981901829185315;0.7482911241358355;0.012637895345937051;1.040242567895659;0.4267356431009397;0.5397903945007608;0.6532493587531027;-0.8248936216966178;0.42816433269455645;0.37503825565671034;0.6555536502585149;1.0554117667214682
40.6662;0.5258518083031027;0.4309512244004735;0.8123125398198261;0.3514928462753928;0.6618303182269462;9.983066544784037;0.748355619632566;0.01263960520132583;1.0403256571654464;0.42668461752545345;0.5397859729174062;0.6532705275631617;-0.8248936055220544;0.4281373479886311;0.3750024308724721;0.6555532836809885;1.05558780946493
41.6662;0.5258083638196515;0.4309072623804511;0.8122936300685152;0.3514885507556365;0.6617831922056097;9.98428849045745;0.7484192241146663;0.01264129409733885;1.040412628241089;0.42663293566386074;0.5397846219582857;0.6532896489015175;-0.8248935890725204;0.4281100252146745;0.37496566553982347;0.6555512578954059;1.0557675153588344
42.6662;0.5257644819869471;0.43086396163085167;0.8122730255987954;0.3514840427666999;0.6617387559444743;9.985571262033854;0.7484820981199088;0.012642959779439314;1.0405037455088588;0.42658062484445713;0.5397862852718613;0.6533065776261977;-0.824893572488228;0.4280824274873562;0.3749280031657984;0.6555475823445215;1.0559509251630912
43.6662;0.5257202328090018;0.4308213350707782;0.8122506632154198;0.35147928342225754;0.6616970217838184;9.986917370404203;0.7485444741657717;0.012644600041694591;1.0405991793015819;0.42652770884226104;0.5397908829319111;0.6533211573692576;-0.824893555900002;0.42805460219565605;0.3748894951105187;0.655542285388102;1.0561380907658886
44.6662;0.5256756577583832;0.4307794088036867;0.8122265073304092;0.3514742585210405;0.6616580255582624;9.988328293975695;0.7486066407771774;0.012646212588715604;1.0406989896418317;0.4264741999861195;0.5397982957710774;0.6533332087717213;-0.8248935394209896;0.4280265776674719;0.37485020606368;0.6555354406960714;1.0563290966724683
45.6662;0.5256307769820395;0.43073822171864545;0.812200536539549;0.3514689745683909;0.6616217947709754;9.989804615166417;0.7486688931790532;0.012647795335701453;1.040803106049985;0.42642008952477495;0.5398083588023553;0.653342546358952;-0.8248935231571375;0.42799835806726044;0.37481021319433366;0.6555271649719733;1.0565240025899736
46.6662;0.5255856081745641;0.4306978113956147;0.8121727326449072;0.351463457556858;0.6615883321288015;9.991346079925764;0.7487315011471412;0.012649347120991979;1.040911305474045;0.426365342236844;0.5398208894473449;0.6533490197052355;-0.8248935072157603;0.42796992052570404;0.37476959096247947;0.6555176120189381;1.056722755736881
47.6662;0.525540168556782;0.4306581975803131;0.8121430737142522;0.3514577515962729;0.6615576177874347;9.992951519360279;0.7487946942450922;0.012650868217715093;1.0410232421478895;0.4263098972427658;0.5398357181762614;0.6533525238268292;-0.8248934916967385;0.42794121690094067;0.37472839848034856;0.655506969577576;1.0569252085729675
48.6662;0.5254944660565122;0.430619381997329;0.8121115334889876;0.35145190316279035;0.6615296053127919;9.99461880787381;0.7488586418246564;0.012652360185029573;1.0411385335455636;0.4262536739622026;0.5398526969225761;0.6533529770298633;-0.8248934766804565;0.4279121895887444;0.3746866885810825;0.6554954286335489;1.0571312117545812
49.6662;0.5254484984360686;0.43058136509321215;0.8120780940674508;0.3514459377927847;0.6615042220071491;9.99634512493713;0.7489234251307237;0.012653825163009702;1.0412568295999942;0.42619659623758127;0.5398716907957117;0.6533503132607156;-0.8248934622193391;0.42788278654482764;0.37464452898544026;0.6554831419023255;1.0573406611046852
50.6662;0.5254022717862467;0.43054416486021607;0.8120427491054099;0.35143984867438405;0.6614813902700271;9.998127544427545;0.748989040620889;0.012655265110245242;1.0413778059482277;0.42613862357045973;0.5398925658035741;0.6533444848620418;-0.8248934483389357;0.4278529598243178;0.3746020131883334;0.655470232175393;1.0575534797085768
51.6662;0.5253558314035769;0.4305078234784854;0.8120054769375661;0.3514336041563645;0.6614610526723814;9.999963512408103;0.7490554412179795;0.012656681592786186;1.0415011148135922;0.4260797590915211;0.539915185544706;0.6533354504770282;-0.8248934350521818;0.4278226708813924;0.374559257082298;0.6554568300053825;1.0577695677448147
52.6662;0.5253092653237876;0.4304723946010907;0.8119662186770505;0.3514271631618159;0.6614431705273184;10.00185076162137;0.749122567807372;0.012658075790635269;1.041626349324396;0.4260200353466963;0.5399394127957063;0.6533231622586778;-0.8248934223680958;0.42779190296489017;0.37451639231097617;0.6554430770434622;1.0579887691596865
53.6662;0.5252626681262238;0.43043792989319957;0.8119248855996245;0.35142048681622534;0.6614277015959815;10.003786874190773;0.7491903649914277;0.012659448112978703;1.0417530307904488;0.42595949778146325;0.539965104713362;0.653307573233912;-0.824893410288584;0.42776065768078936;0.3744735564671724;0.6554291130564588;1.05821086765091
54.6662;0.5252161106893313;0.4304044797892199;0.811881365802445;0.3514135432318387;0.6614145857275352;10.005768947196273;0.7492587909550229;0.012660798061983254;1.0418806150133766;0.42589819889243624;0.5399921056766621;0.6532886604333549;-0.8248933988082592;0.4277289509318727;0.37443087517323476;0.6554150735380943;1.0584355669714973
55.6662;0.5251696425771445;0.43037208929911414;0.8118355138663058;0.3514063096688744;0.6614037404487942;10.007793527342635;0.7493278107718427;0.012662124719527938;1.042008520784529;0.4258361955892754;0.5400202475441218;0.6532664485968691;-0.8248933879238921;0.4276968247963006;0.37438844636300816;0.6554010713337513;1.0586624714146666
56.6662;0.525123308560231;0.4303407827149815;0.811787149941262;0.3513987772759631;0.6613950695846923;10.009856792030016;0.7493973903571789;0.01266342719636093;1.0421361669466203;0.425773536141589;0.5400493609500449;0.6532410222676144;-0.8248933776446273;0.42766435571668243;0.37434633511138365;0.6553871723512289;1.058891118034111
57.6662;0.525077165538096;0.43031055365437215;0.8117360784444344;0.35139095331647224;0.6613884877654072;10.011954917605905;0.7494675054671475;0.012664704797984143;1.042262999108368;0.4257102499166081;0.540079285146395;0.6532125124055621;-0.8248933679880163;0.42763164470645904;0.3743045776486306;0.6553734067620491;1.0591210334478631
58.6662;0.5250312984183059;0.4302813723492872;0.8116820969874351;0.35138285260612645;0.6613839318961261;10.014084420522865;0.7495381537270462;0.012665956794805236;1.042388501738617;0.425646355079445;0.5401098600424455;0.6531810542275993;-0.8248933589652772;0.42759880168504155;0.37426320127805063;0.6553598040610086;1.0593517557558205
59.6662;0.5249858222588202;0.4302532132774797;0.8116249966271414;0.3513744825446398;0.6613813493696226;10.016242340644085;0.7496093556471416;0.012667181557624503;1.0425121882835844;0.4255818755766527;0.5401409200720692;0.6531467494156191;-0.8248933505745725;0.4275659369077676;0.37422224968863793;0.6553464056212398;1.0595828428636676
60.6662;0.5249408651232377;0.4302260832011946;0.811564576132682;0.35136583463142285;0.6613806806996888;10.018426444178617;0.7496811298401846;0.012668375767160853;1.0426335851797444;0.4255168563799255;0.5401723108374867;0.6531096747238295;-0.8248933427994154;0.4275331587413135;0.37418178290541226;0.6553332306297189;1.0598139013022068
61.6662;0.5248965484930919;0.4302000314749476;0.8115006459414787;0.35135688427621437;0.6613818563474894;10.020635243482909;0.7497534616442364;0.01266953480036418;1.0427522483578096;0.42545137176709513;0.5402038979085871;0.6530699292047326;-0.8248933356016445;0.4275005766157965;0.37414185836528074;0.6553202227886882;1.0600446039301092
62.6662;0.524852977221429;0.4301751490487061;0.8114330127179963;0.35134758584348574;0.6613848202912819;10.022867498319492;0.749826303863034;0.01267065392192774;1.0428678039470873;0.4253855224985316;0.5402355477797205;0.6530276714696102;-0.8248933289209025;0.42746831049079104;0.37410252511266956;0.655307228866441;1.0602746821594171
63.6662;0.5248102366239451;0.43015155844840364;0.8113614858688376;0.3513378619995286;0.661389552377694;10.025121452592092;0.7498995982076447;0.012671728849408431;1.0429799836941294;0.42531943215505225;0.5402671091705348;0.6529831168071031;-0.8248933226838322;0.4274364962025751;0.3740638308893075;0.6552940255021428;1.0605038949327672
64.6662;0.5247683915518052;0.43012939397006983;0.8112859176509049;0.3513276059864488;0.6613960653140043;10.027394294706612;0.7499732873208157;0.01267275544627074;1.0430886452193797;0.42525324515615043;0.5402984105637192;0.6529364987249177;-0.8248933168114215;0.4274052760399421;0.37402582323103456;0.6552803776349515;1.0607319736804819
65.6662;0.524727483369545;0.4301087747298094;0.8112062369905686;0.3513166974250473;0.6614043921974477;10.029682292749891;0.7500473118249381;0.012673729579861983;1.0431937476088193;0.42518710230666973;0.540329266350244;0.6528880198917966;-0.8248933112282962;0.42737478512771276;0.37398854438075096;0.6552660889471652;1.0609585791495995
66.6662;0.5246875262755951;0.4300897850543836;0.8111224432230917;0.3513050161168678;0.6614145614551858;10.031981578076328;0.7501216082366291;0.012674647681549795;1.0432952805756794;0.4251211074751248;0.5403594903833605;0.6528378253499019;-0.8248933058719384;0.4273451509840891;0.3739520289323881;0.6552510144337734;1.0611832934851284
67.6662;0.5246485119722998;0.43007248405287435;0.8110345806523016;0.3512924569011818;0.6614265591083003;10.034288739353592;0.7501961346244618;0.012675507376343874;1.0433932054278796;0.4250553376628656;0.5403889132096811;0.6527860157223868;-0.8248933006897358;0.42731650515691266;0.3739162991974884;0.6552350618794803;1.0614056365821036
68.6662;0.5246104204730073;0.430056922581267;0.8109427438188512;0.3512789411708181;0.6614403102210453;10.036600516987102;0.7502709087902191;0.012676307342171244;1.0434874355955865;0.4249898882727051;0.5404173963426495;0.6527326850001041;-0.8248932956332964;0.4272889884091106;0.37388136093533564;0.6552181922751695;1.0616250956616728
69.6662;0.5245732244279965;0.43004313612274603;0.8108470999718737;0.35126440511733215;0.6614556879080501;10.038913136465888;0.7503460075615416;0.012677046556516533;1.0435778439711163;0.424924892637007;0.5404448466424876;0.6526779491362075;-0.8248932906542509;0.4272627402862249;0.37384721295433343;0.6552003834659421;1.0618411515095285
70.6662;0.524536888491294;0.4300311358514031;0.8107478673603009;0.35124877932879944;0.6614725448096241;10.04122221237082;0.7504215416583518;0.012677723920188675;1.0436642906325948;0.4248605043730326;0.5404712217395103;0.6526219585805669;-0.8248932856928237;0.427237884701311;0.3738138560571101;0.6551815834201177;1.0620533040215077
71.6662;0.5245013628697198;0.43002092027084554;0.810645284427944;0.3512319911446334;0.661490748793461;10.043523056795527;0.7504976696849827;0.012678338833185674;1.0437466666091095;0.4247968808988379;0.5404965204016324;0.652564908580392;-0.8248932806794151;0.4272145208029517;0.3737812885418531;0.6551617031291007;1.0622611169879972
72.6662;0.5244665678502187;0.4300124846211168;0.810539638631904;0.351213981837662;0.6615101805894888;10.045810950861176;0.7505746298199688;0.012678892158105408;1.0438249197778882;0.4247341827657747;0.5405207751308523;0.6525070304891186;-0.8248932755560515;0.42719271495567823;0.37374950187355943;0.6551406321023656;1.062464249486826
73.6662;0.524432391093198;0.4300058116845671;0.8104312957653537;0.3511947168924484;0.6615307170713234;10.048081405583662;0.7506527207523721;0.01267938645886758;1.0438990200777176;0.4246725725876326;0.5405440422186052;0.6524485513889937;-0.8248932702819378;0.42717249521658623;0.3737184797368573;0.6551182640839843;1.0626624374177545
74.6662;0.5243987089447113;0.43000085976116725;0.8103206618005986;0.35117419584457377;0.6615522479301783;10.050330253163352;0.7507322396712276;0.01267982530207501;1.043968909772466;0.4246122062273387;0.5405663843295953;0.6523896672869213;-0.8248932648197006;0.4271538596891684;0.37368819962317;0.6550945394355194;1.0628554644651753
75.6662;0.5243654083926547;0.42999755671284057;0.8102081325250147;0.3511524639873625;0.6615746869047254;10.052553382879745;0.7508134326453213;0.012680212521439683;1.0440345195587355;0.4245532206031601;0.5405878698825913;0.6523305552663284;-0.8248932591326565;0.42713679413967065;0.37365864473244015;0.655069468669917;1.0630431660741406
76.6662;0.524332393692429;0.42999579523065173;0.8100940956265658;0.3511296075283533;0.6615979510129727;10.05474625395467;0.7508964813553829;0.01268055201972737;1.0440958088734429;0.4244957204657357;0.5406085767382478;0.652271384174121;-0.8248932531954672;0.4271212798418071;0.3736298223227119;0.6550431104841754;1.0632254595683437
77.6662;0.5242995839042298;0.42999543592904454;0.8099789544660492;0.3511057333295468;0.661621947465934;10.056903549778362;0.7509815139720495;0.012680847673504705;1.0441527542940379;0.4244397775300362;0.5406285670420519;0.6522123052811916;-0.8248932470024644;0.4271072908368534;0.37360177768660263;0.6550155447190821;1.06340236741464
78.6662;0.5242669160455619;0.42999632590044456;0.809863136876945;0.35108095702727626;0.661646579757299;10.059019235104525;0.75106862144622;0.012681102882216893;1.0442053374193159;0.42438544555922564;0.5406478691881829;0.6521534465628058;-0.8248932405669931;0.42709479921550425;0.37357459687426386;0.6549868691086836;1.0635739882208055
79.6662;0.5242343593764782;0.42999831605382655;0.8097470936293929;0.3510554020145464;0.6616717462470645;10.06108686032681;0.7511578561326205;0.01268132022918784;1.0442535985862844;0.424332770394962;0.5406665090355048;0.6520949308373661;-0.8248932339163768;0.42708378564576976;0.3735483908239022;0.6549571915489696;1.0637404209746328
80.6662;0.5242019215838523;0.4300012598385329;0.8096312654960285;0.35102918760130153;0.661697320610704;10.063100067423042;0.7512492037114926;0.012681501911373813;1.0442976798297459;0.4242817969494559;0.5406845354102486;0.652036914792157;-0.8248932270883261;0.42707423507059206;0.37352327507806704;0.6549266176517499;1.063901729047908
81.6662;0.5241696361148472;0.4300050045758245;0.8095160304929261;0.3510024143847609;0.6617231361322946;10.06505335427841;0.7513425566684749;0.012681650437709264;1.0443377741746982;0.42423258558823945;0.5407019959629473;0.6519796172637482;-0.8248932201318682;0.42706613181345127;0.37349936608014034;0.6548952455887498;1.0640579619729917
82.6662;0.524137542339928;0.4300093933729878;0.8094017045053463;0.3509751730407008;0.6617489974394247;10.06694258497371;0.7514377250659274;0.012681768859186043;1.044374053889856;0.4241852202903206;0.540718915573454;0.6519233127083554;-0.8248932131162852;0.42705946419557456;0.373476777074491;0.6548631501538217;1.0642091603145043
83.6662;0.5241056653626098;0.4300142751242528;0.8092886008790766;0.3509475656865702;0.6617747080725404;10.068764846209074;0.7515344743958912;0.012681860784894316;1.0444066538163126;0.4241397996069719;0.540735307525245;0.6518682929947773;-0.8248932061337285;0.42705421788509434;0.37345559893187574;0.6548303769186349;1.0643553584525483
84.6662;0.5240740048066155;0.430019507188497;0.8091770733772167;0.35091971680843254;0.6618000827147877;10.070518044407093;0.7516325414116476;0.012681930189662923;1.0444356752723905;0.4240964239248738;0.5407511816277211;0.651814811626689;-0.8248931992848384;0.4270503609304537;0.3734358852406375;0.6547969768479648;1.0644966113254595
85.6662;0.5240425460795697;0.4300249543300886;0.8090675093427944;0.3508917723534965;0.661824944153693;10.072200619522034;0.75173162387233;0.01268198071791142;1.0444611864257871;0.42405517760308487;0.5407665319909584;0.6517630452459279;-0.8248931926664952;0.42704783110441263;0.3734176533077328;0.6547630520636261;1.064632980736799
86.6662;0.5240112910582992;0.4300304998162117;0.8089603015911417;0.35086389465793694;0.6618491272290167;10.07381127683346;0.7518313745795566;0.012682015073899296;1.0444832458588973;0.4240161050045107;0.5407813317993616;0.6517131007382196;-0.8248931863654649;0.42704652908927054;0.37340089242396546;0.6547287635753285;1.0647644879463993
87.6662;0.5239802837171282;0.43003605670225636;0.8088558241197614;0.3508362569564362;0.6618724840621626;10.07534872724968;0.7519314022631052;0.01268203510370429;1.0445019428180085;0.42397920628570285;0.5407955532789775;0.6516650437766701;-0.8248931804473789;0.42704633149259097;0.3733855760340705;0.6546943017765273;1.0648910929895472
88.6662;0.5239496028147238;0.43004155866714583;0.8087544216247318;0.3508090306642714;0.6618948874703626;10.076811683543925;0.7520312836536733;0.012682042410022803;1.0445174163416295;0.4239444559907125;0.5408091941450697;0.6516189159862589;-0.8248931749549062;0.4270471190949348;0.3733716794313705;0.6546598651621497;1.0650127064060542
89.6662;0.5239193314095866;0.43004694180421593;0.8086564137307859;0.35078236411558317;0.6619162499547085;10.078199045512141;0.752130588100898;0.012682039110503978;1.0445298728165124;0.4239118146549827;0.5408222880790492;0.6515747377041516;-0.8248931699199258;0.4270487958081964;0.37335919029102466;0.6546256547145478;1.0651292130273082
90.6662;0.5238895411984463;0.4300521378666371;0.8085621077025232;0.35075637393570097;0.6619365380469027;10.079509955804964;0.7522288930937088;0.012682028258251786;1.0445396117634;0.42388123697735397;0.5408348938432203;0.65153250729514;-0.8248931653735556;0.4270512865508511;0.37334809969427407;0.6545918662601999;1.0652404848420278
91.6662;0.5238602924658065;0.4300570792554093;0.8084718175410776;0.35073115642483227;0.6619557589104879;10.08074379409356;0.7523257716112864;0.01268201361284889;1.0445469942636454;0.423852684353814;0.5408470700653389;0.6514922219564244;-0.8248931613497984;0.4270545247324907;0.3733383821103871;0.6545586809313918;1.0653463815815478
92.6662;0.5238316304906656;0.43006170251304415;0.8083858787206705;0.3507067987570645;0.6619739429600205;10.08190016601618;0.7524207576884127;0.012681998896649713;1.0445523665343697;0.4238261218211299;0.5408588546091593;0.6514539126933176;-0.8248931578820494;0.4270584418459179;0.3733299801748798;0.6545262494178032;1.065446744122926
93.6662;0.5238035920010797;0.43006594156472255;0.8083046394002708;0.35068338268719546;0.6619911309797907;10.082978755277747;0.7525133271795716;0.012681986851833419;1.04455602665706;0.42380151032774555;0.5408702669916379;0.6514176457976625;-0.8248931549929518;0.42706295852281884;0.3733228059528575;0.6544946903387996;1.065541372127317
94.6662;0.5237762335907125;0.43006972488821105;0.8082284383416327;0.3506609835290076;0.6620073451518476;10.08397925206725;0.7526029078009153;0.012681978702138583;1.0445582389633155;0.423778806401343;0.5408813222307151;0.6513834950796566;-0.824893152685597;0.4270679801358392;0.3733167590668447;0.6544641193621311;1.065630004933177
95.6662;0.5237496649334611;0.430072993255226;0.8081575901580826;0.350639669112858;0.662022552646994;10.084901471570927;0.7526889004091837;0.012681974452665131;1.044559244090346;0.4237579465577802;0.5408920245906177;0.6513515241619976;-0.8248931509405848;0.427073403441026;0.37331174748717305;0.654434668443357;1.0657123377299338
96.6662;0.5237240593659463;0.43007572374332914;0.8080923702779921;0.3506195155772419;0.6620366620164064;10.0857453544136;0.7527706862629866;0.012681973660047013;1.0445592437606355;0.42373883400054096;0.5409023404342963;0.6513217853388349;-0.8248931497182438;0.4270791215525872;0.3733076969734503;0.6544064776769988;1.065788062060547
97.6662;0.5236996318127669;0.4300779301775822;0.8080330022969984;0.35060063077535475;0.6620495599474848;10.086510783823453;0.7528476053257739;0.012681976059802;1.044558390925202;0.423721370876247;0.5409121844154954;0.651294329490694;-0.8248931489596089;0.42708501076980976;0.3733045401970845;0.6543797017389499;1.0658568999128613
98.6662;0.5236766176408599;0.43007964186386954;0.8079796582899281;0.3505831535773793;0.6620611508236524;10.087197491111136;0.7529189525649307;0.012681981623916807;1.0445568275543957;0.42370550811810476;0.5409214390648176;0.6512692247060915;-0.8248931485897032;0.427090917506785;0.3733021902487731;0.6543545427767676;1.0659186321617538
99.6662;0.5236552781289662;0.43008089583997056;0.8079324610217363;0.3505672355960198;0.662071382193723;10.08780504970565;0.7529840220272939;0.012681990093309226;1.0445547414635303;0.4236912618823399;0.5409299855079072;0.6512465770671815;-0.8248931485309309;0.4270966704617427;0.3733005271686565;0.6543312688763702;1.0659731283646299
100.0;0.5236359033345961;0.43008174955583844;0.807891486613204;0.3505530272884116;0.662080260733776;10.088332906739268;0.7530421548749883;0.012682000741799438;1.0445523726458872;0.4236787047099121;0.5409377196623054;0.6512265373956589;-0.8248931487123456;0.42710210428419454;0.3732994156890044;0.6543101992981077;1.0660203596579816
