2025-05-23 10:51:03 | INFO |  ============================================================ 
2025-05-23 10:51:03 | INFO | DYNAWO VERSION  :     1.8.0
2025-05-23 10:51:03 | INFO | DYNAWO REVISION :    master-42ec24e
2025-05-23 10:51:03 | INFO |  ============================================================ 
2025-05-23 10:51:03 | INFO | 
2025-05-23 10:51:03 | INFO | -----------------------------------------------------------------------
2025-05-23 10:51:03 | INFO | building model from input files
2025-05-23 10:51:03 | INFO | -----------------------------------------------------------------------
2025-05-23 10:51:03 | INFO | model was built successfully
2025-05-23 10:51:03 | INFO | -----------------------------------------------------------------------
2025-05-23 10:51:03 | INFO | 
2025-05-23 10:51:03 | INFO | -----------------------------------------------------------------------
2025-05-23 10:51:03 | INFO | starting local initialization
2025-05-23 10:51:03 | INFO | -----------------------------------------------------------------------
2025-05-23 10:51:03 | INFO | end of local initialization
2025-05-23 10:51:03 | INFO | -----------------------------------------------------------------------
2025-05-23 10:51:03 | INFO | 
2025-05-23 10:51:03 | INFO | -----------------------------------------------------------------------
2025-05-23 10:51:03 | INFO | starting global initialization
2025-05-23 10:51:03 | INFO | -----------------------------------------------------------------------
2025-05-23 10:51:03 | INFO | Algebraic mode (with J recalculation) change at t = 0
2025-05-23 10:51:03 | INFO | Algebraic mode change at t = 0
2025-05-23 10:51:03 | INFO | Algebraic mode change at t = 0
2025-05-23 10:51:03 | INFO | end of global initialization
2025-05-23 10:51:03 | INFO | -----------------------------------------------------------------------
2025-05-23 10:51:03 | INFO | 
2025-05-23 10:51:03 | INFO | -----------------------------------------------------------------------
2025-05-23 10:51:03 | INFO | starting curve initialization
2025-05-23 10:51:03 | INFO | -----------------------------------------------------------------------
2025-05-23 10:51:03 | INFO | end of curve initialization, added 17 curves
2025-05-23 10:51:03 | INFO | -----------------------------------------------------------------------
2025-05-23 10:51:03 | INFO | 
2025-05-23 10:51:03 | INFO | -----------------------------------------------------------------------
2025-05-23 10:51:03 | INFO | starting simulation with solver IDASolver
2025-05-23 10:51:03 | INFO | -----------------------------------------------------------------------
2025-05-23 10:51:03 | INFO | -----------------------------------------------------------------------
2025-05-23 10:51:03 | INFO | number of continuous variables : 381
2025-05-23 10:51:03 | INFO | number of discrete variables : 120
2025-05-23 10:51:03 | INFO | number of root functions : 164
2025-05-23 10:51:03 | INFO | -----------------------------------------------------------------------
2025-05-23 10:51:03 | INFO |         time ¦ iter num   order (k)      time step (h)
2025-05-23 10:51:03 | INFO | -----------------------------------------------------------------------
2025-05-23 10:51:03 | INFO |        0.000 ¦        0           0              0.000 
2025-05-23 10:51:03 | INFO |        0.000 ¦        1           1              0.000 
2025-05-23 10:51:03 | INFO |        0.000 ¦        2           1              0.000 
2025-05-23 10:51:03 | INFO |        0.000 ¦        3           2              0.000 
2025-05-23 10:51:03 | INFO |        0.000 ¦        4           2              0.000 
2025-05-23 10:51:03 | INFO |        0.000 ¦        5           2              0.000 
2025-05-23 10:51:03 | INFO |        0.000 ¦        6           2              0.000 
2025-05-23 10:51:03 | INFO |        0.000 ¦        7           2              0.000 
2025-05-23 10:51:03 | INFO |        0.000 ¦        8           2              0.000 
2025-05-23 10:51:03 | INFO |        0.000 ¦        9           2              0.000 
2025-05-23 10:51:03 | INFO |        0.000 ¦       10           2              0.000 
2025-05-23 10:51:03 | INFO |        0.000 ¦       11           2              0.000 
2025-05-23 10:51:03 | INFO |        0.000 ¦       12           2              0.000 
2025-05-23 10:51:03 | INFO |        0.000 ¦       13           2              0.000 
2025-05-23 10:51:03 | INFO |        0.001 ¦       14           2              0.000 
2025-05-23 10:51:03 | INFO |        0.001 ¦       15           2              0.000 
2025-05-23 10:51:03 | INFO |        0.001 ¦       16           2              0.000 
2025-05-23 10:51:03 | INFO |        0.001 ¦       17           2              0.000 
2025-05-23 10:51:03 | INFO |        0.001 ¦       18           2              0.000 
2025-05-23 10:51:03 | INFO | Algebraic mode (with J recalculation) change at t = 0.0010002
2025-05-23 10:51:03 | INFO |        0.001 ¦       19           2              0.000 
2025-05-23 10:51:03 | INFO | calculation of the new starting point of the simulation.
2025-05-23 10:51:03 | INFO |        0.001 ¦        0           0              0.000 
2025-05-23 10:51:03 | INFO |        0.001 ¦        1           1              0.000 
2025-05-23 10:51:03 | INFO |        0.001 ¦        2           1              0.000 
2025-05-23 10:51:03 | INFO |        0.001 ¦        3           2              0.000 
2025-05-23 10:51:03 | INFO |        0.001 ¦        4           2              0.000 
2025-05-23 10:51:03 | INFO |        0.001 ¦        5           2              0.000 
2025-05-23 10:51:03 | INFO |        0.001 ¦        6           2              0.000 
2025-05-23 10:51:03 | INFO |        0.001 ¦        7           2              0.000 
2025-05-23 10:51:03 | INFO |        0.001 ¦        8           2              0.000 
2025-05-23 10:51:03 | INFO |        0.001 ¦        9           2              0.000 
2025-05-23 10:51:03 | INFO |        0.001 ¦       10           2              0.000 
2025-05-23 10:51:03 | INFO |        0.002 ¦       11           2              0.000 
2025-05-23 10:51:03 | INFO |        0.002 ¦       12           2              0.000 
2025-05-23 10:51:03 | INFO |        0.002 ¦       13           2              0.000 
2025-05-23 10:51:03 | INFO |        0.002 ¦       14           2              0.000 
2025-05-23 10:51:03 | INFO |        0.002 ¦       15           2              0.000 
2025-05-23 10:51:03 | INFO |        0.002 ¦       16           2              0.000 
2025-05-23 10:51:03 | INFO |        0.003 ¦       17           2              0.000 
2025-05-23 10:51:03 | INFO |        0.003 ¦       18           2              0.000 
2025-05-23 10:51:03 | INFO |        0.003 ¦       19           2              0.000 
2025-05-23 10:51:03 | INFO |        0.003 ¦       20           2              0.000 
2025-05-23 10:51:03 | INFO |        0.003 ¦       21           2              0.000 
2025-05-23 10:51:03 | INFO |        0.004 ¦       22           2              0.000 
2025-05-23 10:51:03 | INFO |        0.004 ¦       23           2              0.000 
2025-05-23 10:51:03 | INFO |        0.004 ¦       24           2              0.000 
2025-05-23 10:51:03 | INFO |        0.005 ¦       25           2              0.000 
2025-05-23 10:51:03 | INFO |        0.005 ¦       26           2              0.000 
2025-05-23 10:51:03 | INFO |        0.006 ¦       27           2              0.000 
2025-05-23 10:51:03 | INFO |        0.006 ¦       28           2              0.000 
2025-05-23 10:51:03 | INFO |        0.007 ¦       29           2              0.000 
2025-05-23 10:51:03 | INFO |        0.008 ¦       30           2              0.001 
2025-05-23 10:51:03 | INFO |        0.009 ¦       31           2              0.001 
2025-05-23 10:51:03 | INFO |        0.009 ¦       32           2              0.001 
2025-05-23 10:51:03 | INFO |        0.010 ¦       33           2              0.001 
2025-05-23 10:51:03 | INFO |        0.011 ¦       34           2              0.001 
2025-05-23 10:51:03 | INFO |        0.012 ¦       35           2              0.001 
2025-05-23 10:51:03 | INFO |        0.013 ¦       36           2              0.001 
2025-05-23 10:51:03 | INFO |        0.014 ¦       37           2              0.001 
2025-05-23 10:51:03 | INFO |        0.016 ¦       38           2              0.002 
2025-05-23 10:51:03 | INFO |        0.018 ¦       39           2              0.002 
2025-05-23 10:51:03 | INFO |        0.020 ¦       40           2              0.002 
2025-05-23 10:51:03 | INFO |        0.021 ¦       41           2              0.002 
2025-05-23 10:51:03 | INFO |        0.023 ¦       42           2              0.002 
2025-05-23 10:51:03 | INFO |        0.025 ¦       43           2              0.002 
2025-05-23 10:51:03 | INFO |        0.027 ¦       44           2              0.002 
2025-05-23 10:51:03 | INFO |        0.029 ¦       45           2              0.002 
2025-05-23 10:51:03 | INFO |        0.031 ¦       46           2              0.002 
2025-05-23 10:51:03 | INFO |        0.032 ¦       47           2              0.002 
2025-05-23 10:51:03 | INFO |        0.036 ¦       48           2              0.004 
2025-05-23 10:51:03 | INFO |        0.040 ¦       49           2              0.004 
2025-05-23 10:51:03 | INFO |        0.044 ¦       50           2              0.004 
2025-05-23 10:51:03 | INFO |        0.047 ¦       51           2              0.004 
2025-05-23 10:51:03 | INFO |        0.051 ¦       52           2              0.004 
2025-05-23 10:51:03 | INFO |        0.055 ¦       53           2              0.004 
2025-05-23 10:51:03 | INFO |        0.058 ¦       54           2              0.004 
2025-05-23 10:51:03 | INFO | Algebraic mode change at t = 0.0646102
2025-05-23 10:51:03 | INFO |        0.065 ¦       55           2              0.007 
2025-05-23 10:51:03 | INFO | calculation of the new starting point of the simulation.
2025-05-23 10:51:03 | INFO |        0.065 ¦        0           0              0.000 
2025-05-23 10:51:03 | INFO |        0.065 ¦        1           1              0.000 
2025-05-23 10:51:03 | INFO |        0.065 ¦        2           1              0.000 
2025-05-23 10:51:03 | INFO |        0.065 ¦        3           2              0.000 
2025-05-23 10:51:03 | INFO |        0.065 ¦        4           2              0.000 
2025-05-23 10:51:03 | INFO |        0.065 ¦        5           2              0.000 
2025-05-23 10:51:03 | INFO |        0.065 ¦        6           2              0.000 
2025-05-23 10:51:03 | INFO |        0.065 ¦        7           2              0.000 
2025-05-23 10:51:03 | INFO |        0.065 ¦        8           2              0.000 
2025-05-23 10:51:03 | INFO |        0.065 ¦        9           2              0.000 
2025-05-23 10:51:03 | INFO |        0.065 ¦       10           2              0.000 
2025-05-23 10:51:03 | INFO |        0.066 ¦       11           2              0.001 
2025-05-23 10:51:03 | INFO |        0.067 ¦       12           2              0.001 
2025-05-23 10:51:03 | INFO |        0.069 ¦       13           2              0.002 
2025-05-23 10:51:03 | INFO |        0.073 ¦       14           2              0.004 
2025-05-23 10:51:03 | INFO |        0.081 ¦       15           2              0.008 
2025-05-23 10:51:03 | INFO |        0.091 ¦       16           2              0.010 
2025-05-23 10:51:03 | INFO |        0.101 ¦       17           2              0.010 
2025-05-23 10:51:03 | INFO |        0.111 ¦       18           2              0.010 
2025-05-23 10:51:03 | INFO |        0.121 ¦       19           2              0.010 
2025-05-23 10:51:03 | INFO |        0.131 ¦       20           1              0.010 
2025-05-23 10:51:03 | INFO |        0.141 ¦       21           1              0.010 
2025-05-23 10:51:03 | INFO |        0.151 ¦       22           1              0.010 
2025-05-23 10:51:03 | INFO |        0.161 ¦       23           1              0.010 
2025-05-23 10:51:03 | INFO |        0.171 ¦       24           1              0.010 
2025-05-23 10:51:03 | INFO |        0.181 ¦       25           1              0.010 
2025-05-23 10:51:03 | INFO |        0.191 ¦       26           1              0.010 
2025-05-23 10:51:03 | INFO |        0.201 ¦       27           1              0.010 
2025-05-23 10:51:03 | INFO |        0.211 ¦       28           1              0.010 
2025-05-23 10:51:03 | INFO |        0.221 ¦       29           1              0.010 
2025-05-23 10:51:03 | INFO |        0.231 ¦       30           1              0.010 
2025-05-23 10:51:03 | INFO |        0.241 ¦       31           1              0.010 
2025-05-23 10:51:03 | INFO |        0.251 ¦       32           1              0.010 
2025-05-23 10:51:03 | INFO |        0.261 ¦       33           1              0.010 
2025-05-23 10:51:03 | INFO |        0.271 ¦       34           1              0.010 
2025-05-23 10:51:03 | INFO |        0.281 ¦       35           1              0.010 
2025-05-23 10:51:03 | INFO |        0.291 ¦       36           1              0.010 
2025-05-23 10:51:03 | INFO |        0.301 ¦       37           1              0.010 
2025-05-23 10:51:03 | INFO |        0.311 ¦       38           1              0.010 
2025-05-23 10:51:03 | INFO |        0.321 ¦       39           1              0.010 
2025-05-23 10:51:03 | INFO |        0.331 ¦       40           1              0.010 
2025-05-23 10:51:03 | INFO |        0.341 ¦       41           1              0.010 
2025-05-23 10:51:03 | INFO |        0.351 ¦       42           1              0.010 
2025-05-23 10:51:03 | INFO |        0.361 ¦       43           1              0.010 
2025-05-23 10:51:03 | INFO |        0.371 ¦       44           1              0.010 
2025-05-23 10:51:03 | INFO |        0.381 ¦       45           1              0.010 
2025-05-23 10:51:03 | INFO |        0.391 ¦       46           1              0.010 
2025-05-23 10:51:03 | INFO |        0.401 ¦       47           1              0.010 
2025-05-23 10:51:03 | INFO |        0.411 ¦       48           1              0.010 
2025-05-23 10:51:03 | INFO |        0.421 ¦       49           1              0.010 
2025-05-23 10:51:03 | INFO |        0.431 ¦       50           1              0.010 
2025-05-23 10:51:03 | INFO |        0.441 ¦       51           1              0.010 
2025-05-23 10:51:03 | INFO |        0.451 ¦       52           1              0.010 
2025-05-23 10:51:03 | INFO |        0.461 ¦       53           1              0.010 
2025-05-23 10:51:03 | INFO |        0.471 ¦       54           2              0.010 
2025-05-23 10:51:03 | INFO |        0.481 ¦       55           1              0.010 
2025-05-23 10:51:03 | INFO |        0.491 ¦       56           1              0.010 
2025-05-23 10:51:03 | INFO |        0.501 ¦       57           1              0.010 
2025-05-23 10:51:03 | INFO |        0.511 ¦       58           1              0.010 
2025-05-23 10:51:03 | INFO |        0.521 ¦       59           1              0.010 
2025-05-23 10:51:03 | INFO |        0.531 ¦       60           1              0.010 
2025-05-23 10:51:03 | INFO |        0.541 ¦       61           1              0.010 
2025-05-23 10:51:03 | INFO |        0.551 ¦       62           1              0.010 
2025-05-23 10:51:03 | INFO |        0.561 ¦       63           1              0.010 
2025-05-23 10:51:03 | INFO |        0.571 ¦       64           1              0.010 
2025-05-23 10:51:03 | INFO |        0.581 ¦       65           1              0.010 
2025-05-23 10:51:03 | INFO |        0.591 ¦       66           1              0.010 
2025-05-23 10:51:03 | INFO |        0.601 ¦       67           1              0.010 
2025-05-23 10:51:03 | INFO |        0.611 ¦       68           2              0.010 
2025-05-23 10:51:03 | INFO |        0.621 ¦       69           1              0.010 
2025-05-23 10:51:03 | INFO |        0.631 ¦       70           1              0.010 
2025-05-23 10:51:03 | INFO |        0.641 ¦       71           1              0.010 
2025-05-23 10:51:03 | INFO |        0.651 ¦       72           1              0.010 
2025-05-23 10:51:03 | INFO |        0.661 ¦       73           1              0.010 
2025-05-23 10:51:03 | INFO |        0.671 ¦       74           1              0.010 
2025-05-23 10:51:03 | INFO |        0.681 ¦       75           1              0.010 
2025-05-23 10:51:03 | INFO |        0.691 ¦       76           1              0.010 
2025-05-23 10:51:03 | INFO |        0.701 ¦       77           1              0.010 
2025-05-23 10:51:03 | INFO |        0.711 ¦       78           1              0.010 
2025-05-23 10:51:03 | INFO |        0.721 ¦       79           1              0.010 
2025-05-23 10:51:03 | INFO |        0.731 ¦       80           1              0.010 
2025-05-23 10:51:03 | INFO |        0.741 ¦       81           1              0.010 
2025-05-23 10:51:03 | INFO |        0.751 ¦       82           1              0.010 
2025-05-23 10:51:03 | INFO |        0.761 ¦       83           1              0.010 
2025-05-23 10:51:03 | INFO |        0.771 ¦       84           1              0.010 
2025-05-23 10:51:03 | INFO |        0.781 ¦       85           1              0.010 
2025-05-23 10:51:03 | INFO |        0.791 ¦       86           1              0.010 
2025-05-23 10:51:03 | INFO |        0.801 ¦       87           1              0.010 
2025-05-23 10:51:03 | INFO |        0.811 ¦       88           1              0.010 
2025-05-23 10:51:03 | INFO |        0.821 ¦       89           1              0.010 
2025-05-23 10:51:03 | INFO |        0.831 ¦       90           1              0.010 
2025-05-23 10:51:03 | INFO |        0.841 ¦       91           1              0.010 
2025-05-23 10:51:03 | INFO |        0.851 ¦       92           1              0.010 
2025-05-23 10:51:03 | INFO |        0.861 ¦       93           1              0.010 
2025-05-23 10:51:03 | INFO |        0.871 ¦       94           1              0.010 
2025-05-23 10:51:03 | INFO |        0.881 ¦       95           2              0.010 
2025-05-23 10:51:03 | INFO |        0.891 ¦       96           2              0.010 
2025-05-23 10:51:03 | INFO |        0.901 ¦       97           2              0.010 
2025-05-23 10:51:03 | INFO |        0.911 ¦       98           2              0.010 
2025-05-23 10:51:03 | INFO |        0.921 ¦       99           2              0.010 
2025-05-23 10:51:03 | INFO |        0.931 ¦      100           2              0.010 
2025-05-23 10:51:03 | INFO |        0.941 ¦      101           1              0.010 
2025-05-23 10:51:03 | INFO |        0.951 ¦      102           1              0.010 
2025-05-23 10:51:03 | INFO |        0.961 ¦      103           1              0.010 
2025-05-23 10:51:03 | INFO |        0.971 ¦      104           1              0.010 
2025-05-23 10:51:03 | INFO |        0.981 ¦      105           1              0.010 
2025-05-23 10:51:03 | INFO |        0.991 ¦      106           1              0.010 
2025-05-23 10:51:03 | INFO |        1.001 ¦      107           1              0.010 
2025-05-23 10:51:03 | INFO |        1.011 ¦      108           1              0.010 
2025-05-23 10:51:03 | INFO |        1.021 ¦      109           1              0.010 
2025-05-23 10:51:03 | INFO |        1.031 ¦      110           1              0.010 
2025-05-23 10:51:03 | INFO |        1.041 ¦      111           1              0.010 
2025-05-23 10:51:03 | INFO |        1.051 ¦      112           1              0.010 
2025-05-23 10:51:03 | INFO |        1.061 ¦      113           1              0.010 
2025-05-23 10:51:03 | INFO |        1.071 ¦      114           1              0.010 
2025-05-23 10:51:03 | INFO |        1.081 ¦      115           1              0.010 
2025-05-23 10:51:03 | INFO |        1.091 ¦      116           1              0.010 
2025-05-23 10:51:03 | INFO |        1.101 ¦      117           1              0.010 
2025-05-23 10:51:03 | INFO |        1.111 ¦      118           2              0.010 
2025-05-23 10:51:03 | INFO |        1.121 ¦      119           1              0.010 
2025-05-23 10:51:03 | INFO |        1.131 ¦      120           1              0.010 
2025-05-23 10:51:03 | INFO |        1.141 ¦      121           1              0.010 
2025-05-23 10:51:03 | INFO |        1.151 ¦      122           1              0.010 
2025-05-23 10:51:03 | INFO |        1.161 ¦      123           1              0.010 
2025-05-23 10:51:03 | INFO |        1.171 ¦      124           1              0.010 
2025-05-23 10:51:03 | INFO |        1.181 ¦      125           1              0.010 
2025-05-23 10:51:03 | INFO |        1.191 ¦      126           2              0.010 
2025-05-23 10:51:03 | INFO |        1.201 ¦      127           2              0.010 
2025-05-23 10:51:03 | INFO |        1.211 ¦      128           2              0.010 
2025-05-23 10:51:03 | INFO |        1.221 ¦      129           2              0.010 
2025-05-23 10:51:03 | INFO |        1.231 ¦      130           2              0.010 
2025-05-23 10:51:03 | INFO |        1.241 ¦      131           2              0.010 
2025-05-23 10:51:03 | INFO |        1.251 ¦      132           2              0.010 
2025-05-23 10:51:03 | INFO |        1.261 ¦      133           2              0.010 
2025-05-23 10:51:03 | INFO |        1.271 ¦      134           2              0.010 
2025-05-23 10:51:03 | INFO |        1.281 ¦      135           2              0.010 
2025-05-23 10:51:03 | INFO |        1.291 ¦      136           2              0.010 
2025-05-23 10:51:03 | INFO |        1.301 ¦      137           2              0.010 
2025-05-23 10:51:03 | INFO |        1.311 ¦      138           2              0.010 
2025-05-23 10:51:03 | INFO |        1.321 ¦      139           2              0.010 
2025-05-23 10:51:03 | INFO |        1.331 ¦      140           2              0.010 
2025-05-23 10:51:03 | INFO |        1.341 ¦      141           2              0.010 
2025-05-23 10:51:03 | INFO |        1.351 ¦      142           2              0.010 
2025-05-23 10:51:03 | INFO |        1.361 ¦      143           2              0.010 
2025-05-23 10:51:03 | INFO |        1.371 ¦      144           2              0.010 
2025-05-23 10:51:03 | INFO |        1.381 ¦      145           2              0.010 
2025-05-23 10:51:03 | INFO |        1.391 ¦      146           2              0.010 
2025-05-23 10:51:03 | INFO |        1.401 ¦      147           2              0.010 
2025-05-23 10:51:03 | INFO |        1.411 ¦      148           2              0.010 
2025-05-23 10:51:03 | INFO |        1.421 ¦      149           1              0.010 
2025-05-23 10:51:03 | INFO |        1.431 ¦      150           1              0.010 
2025-05-23 10:51:03 | INFO |        1.441 ¦      151           1              0.010 
2025-05-23 10:51:03 | INFO |        1.451 ¦      152           1              0.010 
2025-05-23 10:51:03 | INFO |        1.461 ¦      153           1              0.010 
2025-05-23 10:51:03 | INFO |        1.471 ¦      154           1              0.010 
2025-05-23 10:51:03 | INFO |        1.481 ¦      155           1              0.010 
2025-05-23 10:51:03 | INFO |        1.491 ¦      156           1              0.010 
2025-05-23 10:51:03 | INFO |        1.501 ¦      157           1              0.010 
2025-05-23 10:51:03 | INFO |        1.511 ¦      158           2              0.010 
2025-05-23 10:51:03 | INFO |        1.521 ¦      159           2              0.010 
2025-05-23 10:51:03 | INFO |        1.531 ¦      160           2              0.010 
2025-05-23 10:51:03 | INFO |        1.541 ¦      161           2              0.010 
2025-05-23 10:51:03 | INFO |        1.551 ¦      162           2              0.010 
2025-05-23 10:51:03 | INFO |        1.561 ¦      163           2              0.010 
2025-05-23 10:51:03 | INFO |        1.571 ¦      164           2              0.010 
2025-05-23 10:51:03 | INFO |        1.581 ¦      165           2              0.010 
2025-05-23 10:51:03 | INFO |        1.591 ¦      166           2              0.010 
2025-05-23 10:51:03 | INFO |        1.601 ¦      167           2              0.010 
2025-05-23 10:51:03 | INFO |        1.611 ¦      168           2              0.010 
2025-05-23 10:51:03 | INFO |        1.621 ¦      169           2              0.010 
2025-05-23 10:51:03 | INFO |        1.631 ¦      170           1              0.010 
2025-05-23 10:51:03 | INFO |        1.641 ¦      171           1              0.010 
2025-05-23 10:51:03 | INFO |        1.651 ¦      172           1              0.010 
2025-05-23 10:51:03 | INFO |        1.661 ¦      173           1              0.010 
2025-05-23 10:51:03 | INFO |        1.671 ¦      174           2              0.010 
2025-05-23 10:51:03 | INFO |        1.681 ¦      175           2              0.010 
2025-05-23 10:51:03 | INFO |        1.691 ¦      176           2              0.010 
2025-05-23 10:51:03 | INFO |        1.701 ¦      177           2              0.010 
2025-05-23 10:51:03 | INFO |        1.711 ¦      178           1              0.010 
2025-05-23 10:51:03 | INFO |        1.721 ¦      179           1              0.010 
2025-05-23 10:51:03 | INFO |        1.731 ¦      180           1              0.010 
2025-05-23 10:51:03 | INFO |        1.741 ¦      181           1              0.010 
2025-05-23 10:51:03 | INFO |        1.751 ¦      182           1              0.010 
2025-05-23 10:51:03 | INFO |        1.761 ¦      183           1              0.010 
2025-05-23 10:51:03 | INFO |        1.771 ¦      184           1              0.010 
2025-05-23 10:51:03 | INFO |        1.781 ¦      185           1              0.010 
2025-05-23 10:51:03 | INFO |        1.791 ¦      186           1              0.010 
2025-05-23 10:51:03 | INFO |        1.801 ¦      187           2              0.010 
2025-05-23 10:51:03 | INFO |        1.811 ¦      188           2              0.010 
2025-05-23 10:51:03 | INFO |        1.821 ¦      189           2              0.010 
2025-05-23 10:51:03 | INFO |        1.831 ¦      190           2              0.010 
2025-05-23 10:51:03 | INFO |        1.841 ¦      191           2              0.010 
2025-05-23 10:51:03 | INFO |        1.851 ¦      192           2              0.010 
2025-05-23 10:51:03 | INFO |        1.861 ¦      193           2              0.010 
2025-05-23 10:51:03 | INFO |        1.871 ¦      194           2              0.010 
2025-05-23 10:51:03 | INFO |        1.881 ¦      195           2              0.010 
2025-05-23 10:51:03 | INFO |        1.891 ¦      196           1              0.010 
2025-05-23 10:51:03 | INFO |        1.901 ¦      197           1              0.010 
2025-05-23 10:51:03 | INFO |        1.911 ¦      198           1              0.010 
2025-05-23 10:51:03 | INFO |        1.921 ¦      199           1              0.010 
2025-05-23 10:51:03 | INFO |        1.931 ¦      200           1              0.010 
2025-05-23 10:51:03 | INFO |        1.941 ¦      201           1              0.010 
2025-05-23 10:51:03 | INFO |        1.951 ¦      202           1              0.010 
2025-05-23 10:51:03 | INFO |        1.961 ¦      203           1              0.010 
2025-05-23 10:51:03 | INFO |        1.971 ¦      204           2              0.010 
2025-05-23 10:51:03 | INFO |        1.981 ¦      205           2              0.010 
2025-05-23 10:51:03 | INFO |        1.991 ¦      206           2              0.010 
2025-05-23 10:51:03 | INFO |        2.001 ¦      207           2              0.010 
2025-05-23 10:51:03 | INFO |        2.011 ¦      208           1              0.010 
2025-05-23 10:51:03 | INFO |        2.021 ¦      209           1              0.010 
2025-05-23 10:51:03 | INFO |        2.031 ¦      210           1              0.010 
2025-05-23 10:51:03 | INFO |        2.041 ¦      211           1              0.010 
2025-05-23 10:51:03 | INFO |        2.051 ¦      212           1              0.010 
2025-05-23 10:51:03 | INFO |        2.061 ¦      213           2              0.010 
2025-05-23 10:51:03 | INFO |        2.071 ¦      214           2              0.010 
2025-05-23 10:51:03 | INFO |        2.081 ¦      215           2              0.010 
2025-05-23 10:51:03 | INFO |        2.091 ¦      216           2              0.010 
2025-05-23 10:51:03 | INFO |        2.101 ¦      217           2              0.010 
2025-05-23 10:51:03 | INFO |        2.111 ¦      218           1              0.010 
2025-05-23 10:51:03 | INFO |        2.121 ¦      219           1              0.010 
2025-05-23 10:51:03 | INFO |        2.131 ¦      220           1              0.010 
2025-05-23 10:51:03 | INFO |        2.141 ¦      221           1              0.010 
2025-05-23 10:51:03 | INFO |        2.151 ¦      222           2              0.010 
2025-05-23 10:51:03 | INFO |        2.161 ¦      223           1              0.010 
2025-05-23 10:51:03 | INFO |        2.171 ¦      224           1              0.010 
2025-05-23 10:51:03 | INFO |        2.181 ¦      225           1              0.010 
2025-05-23 10:51:03 | INFO |        2.191 ¦      226           1              0.010 
2025-05-23 10:51:03 | INFO |        2.201 ¦      227           1              0.010 
2025-05-23 10:51:03 | INFO |        2.211 ¦      228           1              0.010 
2025-05-23 10:51:03 | INFO |        2.221 ¦      229           1              0.010 
2025-05-23 10:51:03 | INFO |        2.231 ¦      230           2              0.010 
2025-05-23 10:51:03 | INFO |        2.241 ¦      231           2              0.010 
2025-05-23 10:51:03 | INFO |        2.251 ¦      232           2              0.010 
2025-05-23 10:51:03 | INFO |        2.261 ¦      233           2              0.010 
2025-05-23 10:51:03 | INFO |        2.271 ¦      234           2              0.010 
2025-05-23 10:51:03 | INFO |        2.281 ¦      235           1              0.010 
2025-05-23 10:51:03 | INFO |        2.291 ¦      236           1              0.010 
2025-05-23 10:51:03 | INFO |        2.301 ¦      237           1              0.010 
2025-05-23 10:51:03 | INFO |        2.311 ¦      238           1              0.010 
2025-05-23 10:51:03 | INFO |        2.321 ¦      239           1              0.010 
2025-05-23 10:51:03 | INFO |        2.331 ¦      240           1              0.010 
2025-05-23 10:51:03 | INFO |        2.341 ¦      241           1              0.010 
2025-05-23 10:51:03 | INFO |        2.351 ¦      242           1              0.010 
2025-05-23 10:51:03 | INFO |        2.361 ¦      243           1              0.010 
2025-05-23 10:51:03 | INFO |        2.371 ¦      244           1              0.010 
2025-05-23 10:51:03 | INFO |        2.381 ¦      245           1              0.010 
2025-05-23 10:51:03 | INFO |        2.391 ¦      246           1              0.010 
2025-05-23 10:51:03 | INFO |        2.401 ¦      247           1              0.010 
2025-05-23 10:51:03 | INFO |        2.411 ¦      248           1              0.010 
2025-05-23 10:51:03 | INFO |        2.421 ¦      249           1              0.010 
2025-05-23 10:51:03 | INFO |        2.431 ¦      250           1              0.010 
2025-05-23 10:51:03 | INFO |        2.441 ¦      251           1              0.010 
2025-05-23 10:51:03 | INFO |        2.451 ¦      252           1              0.010 
2025-05-23 10:51:03 | INFO |        2.461 ¦      253           1              0.010 
2025-05-23 10:51:03 | INFO |        2.471 ¦      254           1              0.010 
2025-05-23 10:51:03 | INFO |        2.481 ¦      255           1              0.010 
2025-05-23 10:51:03 | INFO |        2.491 ¦      256           1              0.010 
2025-05-23 10:51:03 | INFO |        2.501 ¦      257           1              0.010 
2025-05-23 10:51:03 | INFO |        2.511 ¦      258           1              0.010 
2025-05-23 10:51:03 | INFO |        2.521 ¦      259           1              0.010 
2025-05-23 10:51:03 | INFO |        2.531 ¦      260           1              0.010 
2025-05-23 10:51:03 | INFO |        2.541 ¦      261           1              0.010 
2025-05-23 10:51:03 | INFO |        2.551 ¦      262           1              0.010 
2025-05-23 10:51:03 | INFO |        2.561 ¦      263           1              0.010 
2025-05-23 10:51:03 | INFO |        2.571 ¦      264           1              0.010 
2025-05-23 10:51:03 | INFO |        2.581 ¦      265           1              0.010 
2025-05-23 10:51:03 | INFO |        2.591 ¦      266           2              0.010 
2025-05-23 10:51:03 | INFO |        2.601 ¦      267           2              0.010 
2025-05-23 10:51:03 | INFO |        2.611 ¦      268           2              0.010 
2025-05-23 10:51:03 | INFO |        2.621 ¦      269           2              0.010 
2025-05-23 10:51:03 | INFO |        2.631 ¦      270           1              0.010 
2025-05-23 10:51:03 | INFO |        2.641 ¦      271           1              0.010 
2025-05-23 10:51:03 | INFO |        2.651 ¦      272           1              0.010 
2025-05-23 10:51:03 | INFO |        2.661 ¦      273           1              0.010 
2025-05-23 10:51:03 | INFO |        2.671 ¦      274           1              0.010 
2025-05-23 10:51:03 | INFO |        2.681 ¦      275           1              0.010 
2025-05-23 10:51:03 | INFO |        2.691 ¦      276           1              0.010 
2025-05-23 10:51:03 | INFO |        2.701 ¦      277           1              0.010 
2025-05-23 10:51:03 | INFO |        2.711 ¦      278           1              0.010 
2025-05-23 10:51:03 | INFO |        2.721 ¦      279           1              0.010 
2025-05-23 10:51:03 | INFO |        2.731 ¦      280           1              0.010 
2025-05-23 10:51:03 | INFO |        2.741 ¦      281           1              0.010 
2025-05-23 10:51:03 | INFO |        2.751 ¦      282           1              0.010 
2025-05-23 10:51:03 | INFO |        2.761 ¦      283           1              0.010 
2025-05-23 10:51:03 | INFO |        2.771 ¦      284           1              0.010 
2025-05-23 10:51:03 | INFO |        2.781 ¦      285           1              0.010 
2025-05-23 10:51:03 | INFO |        2.791 ¦      286           1              0.010 
2025-05-23 10:51:03 | INFO |        2.801 ¦      287           1              0.010 
2025-05-23 10:51:03 | INFO |        2.811 ¦      288           1              0.010 
2025-05-23 10:51:03 | INFO |        2.821 ¦      289           1              0.010 
2025-05-23 10:51:03 | INFO |        2.831 ¦      290           1              0.010 
2025-05-23 10:51:03 | INFO |        2.841 ¦      291           1              0.010 
2025-05-23 10:51:03 | INFO |        2.851 ¦      292           2              0.010 
2025-05-23 10:51:03 | INFO |        2.861 ¦      293           1              0.010 
2025-05-23 10:51:03 | INFO |        2.871 ¦      294           1              0.010 
2025-05-23 10:51:03 | INFO |        2.881 ¦      295           1              0.010 
2025-05-23 10:51:03 | INFO |        2.891 ¦      296           1              0.010 
2025-05-23 10:51:03 | INFO |        2.901 ¦      297           1              0.010 
2025-05-23 10:51:03 | INFO |        2.911 ¦      298           1              0.010 
2025-05-23 10:51:03 | INFO |        2.921 ¦      299           1              0.010 
2025-05-23 10:51:03 | INFO |        2.931 ¦      300           1              0.010 
2025-05-23 10:51:03 | INFO |        2.941 ¦      301           1              0.010 
2025-05-23 10:51:03 | INFO |        2.951 ¦      302           1              0.010 
2025-05-23 10:51:03 | INFO |        2.961 ¦      303           1              0.010 
2025-05-23 10:51:03 | INFO |        2.971 ¦      304           1              0.010 
2025-05-23 10:51:03 | INFO |        2.981 ¦      305           2              0.010 
2025-05-23 10:51:03 | INFO |        2.991 ¦      306           1              0.010 
2025-05-23 10:51:03 | INFO |        3.001 ¦      307           1              0.010 
2025-05-23 10:51:03 | INFO |        3.011 ¦      308           1              0.010 
2025-05-23 10:51:03 | INFO |        3.021 ¦      309           1              0.010 
2025-05-23 10:51:03 | INFO |        3.031 ¦      310           1              0.010 
2025-05-23 10:51:03 | INFO |        3.041 ¦      311           1              0.010 
2025-05-23 10:51:03 | INFO |        3.051 ¦      312           1              0.010 
2025-05-23 10:51:03 | INFO |        3.061 ¦      313           1              0.010 
2025-05-23 10:51:03 | INFO |        3.071 ¦      314           1              0.010 
2025-05-23 10:51:03 | INFO |        3.081 ¦      315           1              0.010 
2025-05-23 10:51:03 | INFO |        3.091 ¦      316           1              0.010 
2025-05-23 10:51:03 | INFO |        3.101 ¦      317           1              0.010 
2025-05-23 10:51:03 | INFO |        3.111 ¦      318           1              0.010 
2025-05-23 10:51:03 | INFO |        3.121 ¦      319           2              0.010 
2025-05-23 10:51:03 | INFO |        3.131 ¦      320           1              0.010 
2025-05-23 10:51:03 | INFO |        3.141 ¦      321           1              0.010 
2025-05-23 10:51:03 | INFO |        3.151 ¦      322           1              0.010 
2025-05-23 10:51:03 | INFO |        3.161 ¦      323           1              0.010 
2025-05-23 10:51:03 | INFO |        3.171 ¦      324           1              0.010 
2025-05-23 10:51:03 | INFO |        3.181 ¦      325           1              0.010 
2025-05-23 10:51:03 | INFO |        3.191 ¦      326           1              0.010 
2025-05-23 10:51:03 | INFO |        3.201 ¦      327           1              0.010 
2025-05-23 10:51:03 | INFO |        3.211 ¦      328           1              0.010 
2025-05-23 10:51:03 | INFO |        3.221 ¦      329           1              0.010 
2025-05-23 10:51:03 | INFO |        3.231 ¦      330           1              0.010 
2025-05-23 10:51:03 | INFO |        3.241 ¦      331           1              0.010 
2025-05-23 10:51:03 | INFO |        3.251 ¦      332           1              0.010 
2025-05-23 10:51:03 | INFO |        3.261 ¦      333           1              0.010 
2025-05-23 10:51:03 | INFO |        3.271 ¦      334           1              0.010 
2025-05-23 10:51:03 | INFO |        3.281 ¦      335           1              0.010 
2025-05-23 10:51:03 | INFO |        3.291 ¦      336           1              0.010 
2025-05-23 10:51:03 | INFO |        3.301 ¦      337           1              0.010 
2025-05-23 10:51:03 | INFO |        3.311 ¦      338           1              0.010 
2025-05-23 10:51:03 | INFO |        3.321 ¦      339           1              0.010 
2025-05-23 10:51:03 | INFO |        3.331 ¦      340           1              0.010 
2025-05-23 10:51:03 | INFO |        3.341 ¦      341           1              0.010 
2025-05-23 10:51:03 | INFO |        3.351 ¦      342           1              0.010 
2025-05-23 10:51:03 | INFO |        3.361 ¦      343           1              0.010 
2025-05-23 10:51:03 | INFO |        3.371 ¦      344           1              0.010 
2025-05-23 10:51:03 | INFO |        3.381 ¦      345           1              0.010 
2025-05-23 10:51:03 | INFO |        3.391 ¦      346           1              0.010 
2025-05-23 10:51:03 | INFO |        3.401 ¦      347           1              0.010 
2025-05-23 10:51:03 | INFO |        3.411 ¦      348           1              0.010 
2025-05-23 10:51:03 | INFO |        3.421 ¦      349           1              0.010 
2025-05-23 10:51:03 | INFO |        3.431 ¦      350           1              0.010 
2025-05-23 10:51:03 | INFO |        3.441 ¦      351           1              0.010 
2025-05-23 10:51:03 | INFO |        3.451 ¦      352           1              0.010 
2025-05-23 10:51:03 | INFO |        3.461 ¦      353           1              0.010 
2025-05-23 10:51:03 | INFO |        3.471 ¦      354           1              0.010 
2025-05-23 10:51:03 | INFO |        3.481 ¦      355           1              0.010 
2025-05-23 10:51:03 | INFO |        3.491 ¦      356           1              0.010 
2025-05-23 10:51:03 | INFO |        3.501 ¦      357           1              0.010 
2025-05-23 10:51:03 | INFO |        3.511 ¦      358           1              0.010 
2025-05-23 10:51:03 | INFO |        3.521 ¦      359           1              0.010 
2025-05-23 10:51:03 | INFO |        3.531 ¦      360           1              0.010 
2025-05-23 10:51:03 | INFO |        3.541 ¦      361           1              0.010 
2025-05-23 10:51:03 | INFO |        3.551 ¦      362           1              0.010 
2025-05-23 10:51:03 | INFO |        3.561 ¦      363           1              0.010 
2025-05-23 10:51:03 | INFO |        3.571 ¦      364           1              0.010 
2025-05-23 10:51:03 | INFO |        3.581 ¦      365           1              0.010 
2025-05-23 10:51:03 | INFO |        3.591 ¦      366           1              0.010 
2025-05-23 10:51:03 | INFO |        3.601 ¦      367           1              0.010 
2025-05-23 10:51:03 | INFO |        3.611 ¦      368           1              0.010 
2025-05-23 10:51:03 | INFO |        3.621 ¦      369           1              0.010 
2025-05-23 10:51:03 | INFO |        3.631 ¦      370           1              0.010 
2025-05-23 10:51:03 | INFO |        3.641 ¦      371           1              0.010 
2025-05-23 10:51:03 | INFO |        3.651 ¦      372           1              0.010 
2025-05-23 10:51:03 | INFO |        3.661 ¦      373           1              0.010 
2025-05-23 10:51:03 | INFO |        3.671 ¦      374           1              0.010 
2025-05-23 10:51:03 | INFO |        3.681 ¦      375           1              0.010 
2025-05-23 10:51:03 | INFO |        3.691 ¦      376           1              0.010 
2025-05-23 10:51:03 | INFO |        3.701 ¦      377           1              0.010 
2025-05-23 10:51:03 | INFO |        3.711 ¦      378           1              0.010 
2025-05-23 10:51:03 | INFO |        3.721 ¦      379           1              0.010 
2025-05-23 10:51:03 | INFO |        3.731 ¦      380           1              0.010 
2025-05-23 10:51:03 | INFO |        3.741 ¦      381           1              0.010 
2025-05-23 10:51:03 | INFO |        3.751 ¦      382           1              0.010 
2025-05-23 10:51:03 | INFO |        3.761 ¦      383           1              0.010 
2025-05-23 10:51:03 | INFO |        3.771 ¦      384           1              0.010 
2025-05-23 10:51:03 | INFO |        3.781 ¦      385           1              0.010 
2025-05-23 10:51:03 | INFO |        3.791 ¦      386           1              0.010 
2025-05-23 10:51:03 | INFO |        3.801 ¦      387           1              0.010 
2025-05-23 10:51:03 | INFO |        3.811 ¦      388           1              0.010 
2025-05-23 10:51:03 | INFO |        3.821 ¦      389           1              0.010 
2025-05-23 10:51:03 | INFO |        3.831 ¦      390           1              0.010 
2025-05-23 10:51:03 | INFO |        3.841 ¦      391           1              0.010 
2025-05-23 10:51:03 | INFO |        3.851 ¦      392           1              0.010 
2025-05-23 10:51:03 | INFO |        3.861 ¦      393           1              0.010 
2025-05-23 10:51:03 | INFO |        3.871 ¦      394           1              0.010 
2025-05-23 10:51:03 | INFO |        3.881 ¦      395           1              0.010 
2025-05-23 10:51:03 | INFO |        3.891 ¦      396           1              0.010 
2025-05-23 10:51:03 | INFO |        3.901 ¦      397           1              0.010 
2025-05-23 10:51:03 | INFO |        3.911 ¦      398           1              0.010 
2025-05-23 10:51:03 | INFO |        3.921 ¦      399           1              0.010 
2025-05-23 10:51:03 | INFO |        3.931 ¦      400           1              0.010 
2025-05-23 10:51:03 | INFO |        3.941 ¦      401           1              0.010 
2025-05-23 10:51:03 | INFO |        3.951 ¦      402           1              0.010 
2025-05-23 10:51:03 | INFO |        3.961 ¦      403           1              0.010 
2025-05-23 10:51:03 | INFO |        3.971 ¦      404           1              0.010 
2025-05-23 10:51:03 | INFO |        3.981 ¦      405           1              0.010 
2025-05-23 10:51:03 | INFO |        3.991 ¦      406           1              0.010 
2025-05-23 10:51:03 | INFO |        4.001 ¦      407           1              0.010 
2025-05-23 10:51:03 | INFO |        4.011 ¦      408           1              0.010 
2025-05-23 10:51:03 | INFO |        4.021 ¦      409           1              0.010 
2025-05-23 10:51:03 | INFO |        4.031 ¦      410           1              0.010 
2025-05-23 10:51:03 | INFO |        4.041 ¦      411           1              0.010 
2025-05-23 10:51:03 | INFO |        4.051 ¦      412           1              0.010 
2025-05-23 10:51:03 | INFO |        4.061 ¦      413           1              0.010 
2025-05-23 10:51:03 | INFO |        4.071 ¦      414           1              0.010 
2025-05-23 10:51:03 | INFO |        4.081 ¦      415           1              0.010 
2025-05-23 10:51:03 | INFO |        4.091 ¦      416           1              0.010 
2025-05-23 10:51:03 | INFO |        4.101 ¦      417           1              0.010 
2025-05-23 10:51:03 | INFO |        4.111 ¦      418           1              0.010 
2025-05-23 10:51:03 | INFO |        4.121 ¦      419           1              0.010 
2025-05-23 10:51:03 | INFO |        4.131 ¦      420           1              0.010 
2025-05-23 10:51:03 | INFO |        4.141 ¦      421           1              0.010 
2025-05-23 10:51:03 | INFO |        4.151 ¦      422           1              0.010 
2025-05-23 10:51:03 | INFO |        4.161 ¦      423           1              0.010 
2025-05-23 10:51:03 | INFO |        4.171 ¦      424           1              0.010 
2025-05-23 10:51:03 | INFO |        4.181 ¦      425           1              0.010 
2025-05-23 10:51:03 | INFO |        4.191 ¦      426           1              0.010 
2025-05-23 10:51:03 | INFO |        4.201 ¦      427           1              0.010 
2025-05-23 10:51:03 | INFO |        4.211 ¦      428           1              0.010 
2025-05-23 10:51:03 | INFO |        4.221 ¦      429           1              0.010 
2025-05-23 10:51:03 | INFO |        4.231 ¦      430           1              0.010 
2025-05-23 10:51:03 | INFO |        4.241 ¦      431           1              0.010 
2025-05-23 10:51:03 | INFO |        4.251 ¦      432           1              0.010 
2025-05-23 10:51:03 | INFO |        4.261 ¦      433           1              0.010 
2025-05-23 10:51:03 | INFO |        4.271 ¦      434           1              0.010 
2025-05-23 10:51:03 | INFO |        4.281 ¦      435           1              0.010 
2025-05-23 10:51:03 | INFO |        4.291 ¦      436           1              0.010 
2025-05-23 10:51:03 | INFO |        4.301 ¦      437           1              0.010 
2025-05-23 10:51:03 | INFO |        4.311 ¦      438           1              0.010 
2025-05-23 10:51:03 | INFO |        4.321 ¦      439           1              0.010 
2025-05-23 10:51:03 | INFO |        4.331 ¦      440           1              0.010 
2025-05-23 10:51:03 | INFO |        4.341 ¦      441           1              0.010 
2025-05-23 10:51:03 | INFO |        4.351 ¦      442           1              0.010 
2025-05-23 10:51:03 | INFO |        4.361 ¦      443           1              0.010 
2025-05-23 10:51:03 | INFO |        4.371 ¦      444           1              0.010 
2025-05-23 10:51:03 | INFO |        4.381 ¦      445           1              0.010 
2025-05-23 10:51:03 | INFO |        4.391 ¦      446           1              0.010 
2025-05-23 10:51:03 | INFO |        4.401 ¦      447           1              0.010 
2025-05-23 10:51:03 | INFO |        4.411 ¦      448           1              0.010 
2025-05-23 10:51:03 | INFO |        4.421 ¦      449           1              0.010 
2025-05-23 10:51:03 | INFO |        4.431 ¦      450           1              0.010 
2025-05-23 10:51:03 | INFO |        4.441 ¦      451           1              0.010 
2025-05-23 10:51:03 | INFO |        4.451 ¦      452           1              0.010 
2025-05-23 10:51:03 | INFO |        4.461 ¦      453           1              0.010 
2025-05-23 10:51:03 | INFO |        4.471 ¦      454           1              0.010 
2025-05-23 10:51:03 | INFO |        4.481 ¦      455           1              0.010 
2025-05-23 10:51:03 | INFO |        4.491 ¦      456           1              0.010 
2025-05-23 10:51:03 | INFO |        4.501 ¦      457           1              0.010 
2025-05-23 10:51:03 | INFO |        4.511 ¦      458           1              0.010 
2025-05-23 10:51:03 | INFO |        4.521 ¦      459           1              0.010 
2025-05-23 10:51:03 | INFO |        4.531 ¦      460           1              0.010 
2025-05-23 10:51:03 | INFO |        4.541 ¦      461           1              0.010 
2025-05-23 10:51:03 | INFO |        4.551 ¦      462           1              0.010 
2025-05-23 10:51:03 | INFO |        4.561 ¦      463           1              0.010 
2025-05-23 10:51:03 | INFO |        4.571 ¦      464           1              0.010 
2025-05-23 10:51:03 | INFO |        4.581 ¦      465           1              0.010 
2025-05-23 10:51:03 | INFO |        4.591 ¦      466           1              0.010 
2025-05-23 10:51:03 | INFO |        4.601 ¦      467           1              0.010 
2025-05-23 10:51:03 | INFO |        4.611 ¦      468           1              0.010 
2025-05-23 10:51:03 | INFO |        4.621 ¦      469           1              0.010 
2025-05-23 10:51:03 | INFO |        4.631 ¦      470           1              0.010 
2025-05-23 10:51:03 | INFO |        4.641 ¦      471           1              0.010 
2025-05-23 10:51:03 | INFO |        4.651 ¦      472           1              0.010 
2025-05-23 10:51:03 | INFO |        4.661 ¦      473           1              0.010 
2025-05-23 10:51:03 | INFO |        4.671 ¦      474           1              0.010 
2025-05-23 10:51:03 | INFO |        4.681 ¦      475           1              0.010 
2025-05-23 10:51:03 | INFO |        4.691 ¦      476           1              0.010 
2025-05-23 10:51:03 | INFO |        4.701 ¦      477           1              0.010 
2025-05-23 10:51:03 | INFO |        4.711 ¦      478           1              0.010 
2025-05-23 10:51:03 | INFO |        4.721 ¦      479           1              0.010 
2025-05-23 10:51:03 | INFO |        4.731 ¦      480           1              0.010 
2025-05-23 10:51:03 | INFO |        4.741 ¦      481           1              0.010 
2025-05-23 10:51:03 | INFO |        4.751 ¦      482           1              0.010 
2025-05-23 10:51:03 | INFO |        4.761 ¦      483           1              0.010 
2025-05-23 10:51:03 | INFO |        4.771 ¦      484           1              0.010 
2025-05-23 10:51:03 | INFO |        4.781 ¦      485           1              0.010 
2025-05-23 10:51:03 | INFO |        4.791 ¦      486           1              0.010 
2025-05-23 10:51:03 | INFO |        4.801 ¦      487           1              0.010 
2025-05-23 10:51:03 | INFO |        4.811 ¦      488           1              0.010 
2025-05-23 10:51:03 | INFO |        4.821 ¦      489           1              0.010 
2025-05-23 10:51:03 | INFO |        4.831 ¦      490           1              0.010 
2025-05-23 10:51:03 | INFO |        4.841 ¦      491           1              0.010 
2025-05-23 10:51:03 | INFO |        4.851 ¦      492           1              0.010 
2025-05-23 10:51:03 | INFO |        4.861 ¦      493           1              0.010 
2025-05-23 10:51:03 | INFO |        4.871 ¦      494           1              0.010 
2025-05-23 10:51:03 | INFO |        4.881 ¦      495           1              0.010 
2025-05-23 10:51:03 | INFO |        4.891 ¦      496           1              0.010 
2025-05-23 10:51:03 | INFO |        4.901 ¦      497           1              0.010 
2025-05-23 10:51:03 | INFO |        4.911 ¦      498           1              0.010 
2025-05-23 10:51:03 | INFO |        4.921 ¦      499           1              0.010 
2025-05-23 10:51:03 | INFO |        4.931 ¦      500           1              0.010 
2025-05-23 10:51:03 | INFO |        4.941 ¦      501           1              0.010 
2025-05-23 10:51:03 | INFO |        4.951 ¦      502           1              0.010 
2025-05-23 10:51:03 | INFO |        4.961 ¦      503           1              0.010 
2025-05-23 10:51:03 | INFO |        4.971 ¦      504           1              0.010 
2025-05-23 10:51:03 | INFO |        4.981 ¦      505           1              0.010 
2025-05-23 10:51:03 | INFO |        4.991 ¦      506           1              0.010 
2025-05-23 10:51:03 | INFO |        5.001 ¦      507           1              0.010 
2025-05-23 10:51:03 | INFO |        5.011 ¦      508           1              0.010 
2025-05-23 10:51:03 | INFO |        5.021 ¦      509           1              0.010 
2025-05-23 10:51:03 | INFO |        5.031 ¦      510           1              0.010 
2025-05-23 10:51:03 | INFO |        5.041 ¦      511           1              0.010 
2025-05-23 10:51:03 | INFO |        5.051 ¦      512           1              0.010 
2025-05-23 10:51:03 | INFO |        5.061 ¦      513           1              0.010 
2025-05-23 10:51:03 | INFO |        5.071 ¦      514           1              0.010 
2025-05-23 10:51:03 | INFO |        5.081 ¦      515           1              0.010 
2025-05-23 10:51:03 | INFO |        5.091 ¦      516           1              0.010 
2025-05-23 10:51:03 | INFO |        5.101 ¦      517           1              0.010 
2025-05-23 10:51:03 | INFO |        5.111 ¦      518           1              0.010 
2025-05-23 10:51:03 | INFO |        5.121 ¦      519           1              0.010 
2025-05-23 10:51:03 | INFO |        5.131 ¦      520           1              0.010 
2025-05-23 10:51:03 | INFO |        5.141 ¦      521           1              0.010 
2025-05-23 10:51:03 | INFO |        5.151 ¦      522           1              0.010 
2025-05-23 10:51:03 | INFO |        5.161 ¦      523           1              0.010 
2025-05-23 10:51:03 | INFO |        5.171 ¦      524           1              0.010 
2025-05-23 10:51:03 | INFO |        5.181 ¦      525           1              0.010 
2025-05-23 10:51:03 | INFO |        5.191 ¦      526           1              0.010 
2025-05-23 10:51:03 | INFO |        5.201 ¦      527           1              0.010 
2025-05-23 10:51:03 | INFO |        5.211 ¦      528           1              0.010 
2025-05-23 10:51:03 | INFO |        5.221 ¦      529           1              0.010 
2025-05-23 10:51:03 | INFO |        5.231 ¦      530           1              0.010 
2025-05-23 10:51:03 | INFO |        5.241 ¦      531           1              0.010 
2025-05-23 10:51:03 | INFO |        5.251 ¦      532           1              0.010 
2025-05-23 10:51:03 | INFO |        5.261 ¦      533           1              0.010 
2025-05-23 10:51:03 | INFO |        5.271 ¦      534           1              0.010 
2025-05-23 10:51:03 | INFO |        5.281 ¦      535           1              0.010 
2025-05-23 10:51:03 | INFO |        5.291 ¦      536           1              0.010 
2025-05-23 10:51:03 | INFO |        5.301 ¦      537           1              0.010 
2025-05-23 10:51:03 | INFO |        5.311 ¦      538           1              0.010 
2025-05-23 10:51:03 | INFO |        5.321 ¦      539           1              0.010 
2025-05-23 10:51:03 | INFO |        5.331 ¦      540           1              0.010 
2025-05-23 10:51:03 | INFO |        5.341 ¦      541           1              0.010 
2025-05-23 10:51:03 | INFO |        5.351 ¦      542           1              0.010 
2025-05-23 10:51:03 | INFO |        5.361 ¦      543           1              0.010 
2025-05-23 10:51:03 | INFO |        5.371 ¦      544           1              0.010 
2025-05-23 10:51:03 | INFO |        5.381 ¦      545           1              0.010 
2025-05-23 10:51:03 | INFO |        5.391 ¦      546           1              0.010 
2025-05-23 10:51:03 | INFO |        5.401 ¦      547           1              0.010 
2025-05-23 10:51:03 | INFO |        5.411 ¦      548           1              0.010 
2025-05-23 10:51:03 | INFO |        5.421 ¦      549           1              0.010 
2025-05-23 10:51:03 | INFO |        5.431 ¦      550           1              0.010 
2025-05-23 10:51:03 | INFO |        5.441 ¦      551           1              0.010 
2025-05-23 10:51:03 | INFO |        5.451 ¦      552           1              0.010 
2025-05-23 10:51:03 | INFO |        5.461 ¦      553           1              0.010 
2025-05-23 10:51:03 | INFO |        5.471 ¦      554           1              0.010 
2025-05-23 10:51:03 | INFO |        5.481 ¦      555           1              0.010 
2025-05-23 10:51:03 | INFO |        5.491 ¦      556           1              0.010 
2025-05-23 10:51:03 | INFO |        5.501 ¦      557           1              0.010 
2025-05-23 10:51:03 | INFO |        5.511 ¦      558           1              0.010 
2025-05-23 10:51:03 | INFO |        5.521 ¦      559           1              0.010 
2025-05-23 10:51:03 | INFO |        5.531 ¦      560           1              0.010 
2025-05-23 10:51:03 | INFO |        5.541 ¦      561           1              0.010 
2025-05-23 10:51:03 | INFO |        5.551 ¦      562           1              0.010 
2025-05-23 10:51:03 | INFO |        5.561 ¦      563           1              0.010 
2025-05-23 10:51:03 | INFO |        5.571 ¦      564           1              0.010 
2025-05-23 10:51:03 | INFO |        5.581 ¦      565           1              0.010 
2025-05-23 10:51:03 | INFO |        5.591 ¦      566           1              0.010 
2025-05-23 10:51:03 | INFO |        5.601 ¦      567           1              0.010 
2025-05-23 10:51:03 | INFO |        5.611 ¦      568           1              0.010 
2025-05-23 10:51:03 | INFO |        5.621 ¦      569           1              0.010 
2025-05-23 10:51:03 | INFO |        5.631 ¦      570           1              0.010 
2025-05-23 10:51:03 | INFO |        5.641 ¦      571           1              0.010 
2025-05-23 10:51:03 | INFO |        5.651 ¦      572           1              0.010 
2025-05-23 10:51:03 | INFO |        5.661 ¦      573           1              0.010 
2025-05-23 10:51:03 | INFO |        5.671 ¦      574           1              0.010 
2025-05-23 10:51:03 | INFO |        5.681 ¦      575           1              0.010 
2025-05-23 10:51:03 | INFO |        5.691 ¦      576           1              0.010 
2025-05-23 10:51:03 | INFO |        5.701 ¦      577           1              0.010 
2025-05-23 10:51:03 | INFO |        5.711 ¦      578           1              0.010 
2025-05-23 10:51:03 | INFO |        5.721 ¦      579           1              0.010 
2025-05-23 10:51:03 | INFO |        5.731 ¦      580           1              0.010 
2025-05-23 10:51:03 | INFO |        5.741 ¦      581           1              0.010 
2025-05-23 10:51:03 | INFO |        5.751 ¦      582           1              0.010 
2025-05-23 10:51:03 | INFO |        5.761 ¦      583           1              0.010 
2025-05-23 10:51:03 | INFO |        5.771 ¦      584           1              0.010 
2025-05-23 10:51:03 | INFO |        5.781 ¦      585           1              0.010 
2025-05-23 10:51:03 | INFO |        5.791 ¦      586           1              0.010 
2025-05-23 10:51:03 | INFO |        5.801 ¦      587           1              0.010 
2025-05-23 10:51:03 | INFO |        5.811 ¦      588           1              0.010 
2025-05-23 10:51:03 | INFO |        5.821 ¦      589           1              0.010 
2025-05-23 10:51:03 | INFO |        5.831 ¦      590           1              0.010 
2025-05-23 10:51:03 | INFO |        5.841 ¦      591           1              0.010 
2025-05-23 10:51:03 | INFO |        5.851 ¦      592           1              0.010 
2025-05-23 10:51:03 | INFO |        5.861 ¦      593           1              0.010 
2025-05-23 10:51:03 | INFO |        5.871 ¦      594           1              0.010 
2025-05-23 10:51:03 | INFO |        5.881 ¦      595           1              0.010 
2025-05-23 10:51:03 | INFO |        5.891 ¦      596           1              0.010 
2025-05-23 10:51:03 | INFO |        5.901 ¦      597           1              0.010 
2025-05-23 10:51:03 | INFO |        5.911 ¦      598           1              0.010 
2025-05-23 10:51:03 | INFO |        5.921 ¦      599           1              0.010 
2025-05-23 10:51:03 | INFO |        5.931 ¦      600           1              0.010 
2025-05-23 10:51:03 | INFO |        5.941 ¦      601           1              0.010 
2025-05-23 10:51:03 | INFO |        5.951 ¦      602           1              0.010 
2025-05-23 10:51:03 | INFO |        5.961 ¦      603           1              0.010 
2025-05-23 10:51:03 | INFO |        5.971 ¦      604           1              0.010 
2025-05-23 10:51:03 | INFO |        5.981 ¦      605           1              0.010 
2025-05-23 10:51:03 | INFO |        5.991 ¦      606           1              0.010 
2025-05-23 10:51:03 | INFO |        6.001 ¦      607           1              0.010 
2025-05-23 10:51:03 | INFO |        6.011 ¦      608           1              0.010 
2025-05-23 10:51:03 | INFO |        6.021 ¦      609           1              0.010 
2025-05-23 10:51:03 | INFO |        6.031 ¦      610           1              0.010 
2025-05-23 10:51:03 | INFO |        6.041 ¦      611           1              0.010 
2025-05-23 10:51:03 | INFO |        6.051 ¦      612           1              0.010 
2025-05-23 10:51:03 | INFO |        6.061 ¦      613           1              0.010 
2025-05-23 10:51:03 | INFO |        6.071 ¦      614           1              0.010 
2025-05-23 10:51:03 | INFO |        6.081 ¦      615           1              0.010 
2025-05-23 10:51:03 | INFO |        6.091 ¦      616           1              0.010 
2025-05-23 10:51:03 | INFO |        6.101 ¦      617           1              0.010 
2025-05-23 10:51:03 | INFO |        6.111 ¦      618           1              0.010 
2025-05-23 10:51:03 | INFO |        6.121 ¦      619           1              0.010 
2025-05-23 10:51:03 | INFO |        6.131 ¦      620           1              0.010 
2025-05-23 10:51:03 | INFO |        6.141 ¦      621           1              0.010 
2025-05-23 10:51:03 | INFO |        6.151 ¦      622           1              0.010 
2025-05-23 10:51:03 | INFO |        6.161 ¦      623           1              0.010 
2025-05-23 10:51:03 | INFO |        6.171 ¦      624           1              0.010 
2025-05-23 10:51:03 | INFO |        6.181 ¦      625           1              0.010 
2025-05-23 10:51:03 | INFO |        6.191 ¦      626           1              0.010 
2025-05-23 10:51:03 | INFO |        6.201 ¦      627           1              0.010 
2025-05-23 10:51:03 | INFO |        6.211 ¦      628           1              0.010 
2025-05-23 10:51:03 | INFO |        6.221 ¦      629           1              0.010 
2025-05-23 10:51:03 | INFO |        6.231 ¦      630           1              0.010 
2025-05-23 10:51:03 | INFO |        6.241 ¦      631           1              0.010 
2025-05-23 10:51:03 | INFO |        6.251 ¦      632           1              0.010 
2025-05-23 10:51:03 | INFO |        6.261 ¦      633           1              0.010 
2025-05-23 10:51:03 | INFO |        6.271 ¦      634           1              0.010 
2025-05-23 10:51:03 | INFO |        6.281 ¦      635           1              0.010 
2025-05-23 10:51:03 | INFO |        6.291 ¦      636           1              0.010 
2025-05-23 10:51:03 | INFO |        6.301 ¦      637           1              0.010 
2025-05-23 10:51:03 | INFO |        6.311 ¦      638           1              0.010 
2025-05-23 10:51:03 | INFO |        6.321 ¦      639           1              0.010 
2025-05-23 10:51:03 | INFO |        6.331 ¦      640           1              0.010 
2025-05-23 10:51:03 | INFO |        6.341 ¦      641           1              0.010 
2025-05-23 10:51:03 | INFO |        6.351 ¦      642           1              0.010 
2025-05-23 10:51:03 | INFO |        6.361 ¦      643           1              0.010 
2025-05-23 10:51:03 | INFO |        6.371 ¦      644           1              0.010 
2025-05-23 10:51:03 | INFO |        6.381 ¦      645           1              0.010 
2025-05-23 10:51:03 | INFO |        6.391 ¦      646           1              0.010 
2025-05-23 10:51:03 | INFO |        6.401 ¦      647           1              0.010 
2025-05-23 10:51:03 | INFO |        6.411 ¦      648           1              0.010 
2025-05-23 10:51:03 | INFO |        6.421 ¦      649           1              0.010 
2025-05-23 10:51:03 | INFO |        6.431 ¦      650           1              0.010 
2025-05-23 10:51:03 | INFO |        6.441 ¦      651           1              0.010 
2025-05-23 10:51:03 | INFO |        6.451 ¦      652           1              0.010 
2025-05-23 10:51:03 | INFO |        6.461 ¦      653           1              0.010 
2025-05-23 10:51:03 | INFO |        6.471 ¦      654           1              0.010 
2025-05-23 10:51:03 | INFO |        6.481 ¦      655           1              0.010 
2025-05-23 10:51:03 | INFO |        6.491 ¦      656           1              0.010 
2025-05-23 10:51:03 | INFO |        6.501 ¦      657           1              0.010 
2025-05-23 10:51:03 | INFO |        6.511 ¦      658           1              0.010 
2025-05-23 10:51:03 | INFO |        6.521 ¦      659           1              0.010 
2025-05-23 10:51:03 | INFO |        6.531 ¦      660           1              0.010 
2025-05-23 10:51:03 | INFO |        6.541 ¦      661           1              0.010 
2025-05-23 10:51:03 | INFO |        6.551 ¦      662           1              0.010 
2025-05-23 10:51:03 | INFO |        6.561 ¦      663           1              0.010 
2025-05-23 10:51:03 | INFO |        6.571 ¦      664           1              0.010 
2025-05-23 10:51:03 | INFO |        6.581 ¦      665           1              0.010 
2025-05-23 10:51:03 | INFO |        6.591 ¦      666           1              0.010 
2025-05-23 10:51:03 | INFO |        6.601 ¦      667           1              0.010 
2025-05-23 10:51:03 | INFO |        6.611 ¦      668           1              0.010 
2025-05-23 10:51:03 | INFO |        6.621 ¦      669           1              0.010 
2025-05-23 10:51:03 | INFO |        6.631 ¦      670           1              0.010 
2025-05-23 10:51:03 | INFO |        6.641 ¦      671           1              0.010 
2025-05-23 10:51:03 | INFO |        6.651 ¦      672           1              0.010 
2025-05-23 10:51:03 | INFO |        6.661 ¦      673           1              0.010 
2025-05-23 10:51:03 | INFO |        6.671 ¦      674           1              0.010 
2025-05-23 10:51:03 | INFO |        6.681 ¦      675           1              0.010 
2025-05-23 10:51:03 | INFO |        6.691 ¦      676           1              0.010 
2025-05-23 10:51:03 | INFO |        6.701 ¦      677           1              0.010 
2025-05-23 10:51:03 | INFO |        6.711 ¦      678           1              0.010 
2025-05-23 10:51:03 | INFO |        6.721 ¦      679           1              0.010 
2025-05-23 10:51:03 | INFO |        6.731 ¦      680           1              0.010 
2025-05-23 10:51:03 | INFO |        6.741 ¦      681           1              0.010 
2025-05-23 10:51:03 | INFO |        6.751 ¦      682           1              0.010 
2025-05-23 10:51:03 | INFO |        6.761 ¦      683           1              0.010 
2025-05-23 10:51:03 | INFO |        6.771 ¦      684           1              0.010 
2025-05-23 10:51:03 | INFO |        6.781 ¦      685           1              0.010 
2025-05-23 10:51:03 | INFO |        6.791 ¦      686           1              0.010 
2025-05-23 10:51:03 | INFO |        6.801 ¦      687           1              0.010 
2025-05-23 10:51:03 | INFO |        6.811 ¦      688           1              0.010 
2025-05-23 10:51:03 | INFO |        6.821 ¦      689           1              0.010 
2025-05-23 10:51:03 | INFO |        6.831 ¦      690           1              0.010 
2025-05-23 10:51:03 | INFO |        6.841 ¦      691           1              0.010 
2025-05-23 10:51:03 | INFO |        6.851 ¦      692           1              0.010 
2025-05-23 10:51:03 | INFO |        6.861 ¦      693           1              0.010 
2025-05-23 10:51:03 | INFO |        6.871 ¦      694           1              0.010 
2025-05-23 10:51:03 | INFO |        6.881 ¦      695           1              0.010 
2025-05-23 10:51:03 | INFO |        6.891 ¦      696           1              0.010 
2025-05-23 10:51:03 | INFO |        6.901 ¦      697           1              0.010 
2025-05-23 10:51:03 | INFO |        6.911 ¦      698           1              0.010 
2025-05-23 10:51:03 | INFO |        6.921 ¦      699           1              0.010 
2025-05-23 10:51:03 | INFO |        6.931 ¦      700           1              0.010 
2025-05-23 10:51:03 | INFO |        6.941 ¦      701           1              0.010 
2025-05-23 10:51:03 | INFO |        6.951 ¦      702           1              0.010 
2025-05-23 10:51:03 | INFO |        6.961 ¦      703           1              0.010 
2025-05-23 10:51:03 | INFO |        6.971 ¦      704           1              0.010 
2025-05-23 10:51:03 | INFO |        6.981 ¦      705           1              0.010 
2025-05-23 10:51:03 | INFO |        6.991 ¦      706           1              0.010 
2025-05-23 10:51:03 | INFO |        7.001 ¦      707           1              0.010 
2025-05-23 10:51:03 | INFO |        7.011 ¦      708           1              0.010 
2025-05-23 10:51:03 | INFO |        7.021 ¦      709           1              0.010 
2025-05-23 10:51:03 | INFO |        7.031 ¦      710           1              0.010 
2025-05-23 10:51:03 | INFO |        7.041 ¦      711           1              0.010 
2025-05-23 10:51:03 | INFO |        7.051 ¦      712           1              0.010 
2025-05-23 10:51:03 | INFO |        7.061 ¦      713           1              0.010 
2025-05-23 10:51:03 | INFO |        7.071 ¦      714           1              0.010 
2025-05-23 10:51:03 | INFO |        7.081 ¦      715           1              0.010 
2025-05-23 10:51:03 | INFO |        7.091 ¦      716           1              0.010 
2025-05-23 10:51:03 | INFO |        7.101 ¦      717           1              0.010 
2025-05-23 10:51:03 | INFO |        7.111 ¦      718           1              0.010 
2025-05-23 10:51:03 | INFO |        7.121 ¦      719           1              0.010 
2025-05-23 10:51:03 | INFO |        7.131 ¦      720           1              0.010 
2025-05-23 10:51:03 | INFO |        7.141 ¦      721           1              0.010 
2025-05-23 10:51:03 | INFO |        7.151 ¦      722           1              0.010 
2025-05-23 10:51:03 | INFO |        7.161 ¦      723           1              0.010 
2025-05-23 10:51:03 | INFO |        7.171 ¦      724           1              0.010 
2025-05-23 10:51:03 | INFO |        7.181 ¦      725           1              0.010 
2025-05-23 10:51:03 | INFO |        7.191 ¦      726           1              0.010 
2025-05-23 10:51:03 | INFO |        7.201 ¦      727           1              0.010 
2025-05-23 10:51:03 | INFO |        7.211 ¦      728           1              0.010 
2025-05-23 10:51:03 | INFO |        7.221 ¦      729           1              0.010 
2025-05-23 10:51:03 | INFO |        7.231 ¦      730           1              0.010 
2025-05-23 10:51:03 | INFO |        7.241 ¦      731           1              0.010 
2025-05-23 10:51:03 | INFO |        7.251 ¦      732           1              0.010 
2025-05-23 10:51:03 | INFO |        7.261 ¦      733           1              0.010 
2025-05-23 10:51:03 | INFO |        7.271 ¦      734           1              0.010 
2025-05-23 10:51:03 | INFO |        7.281 ¦      735           1              0.010 
2025-05-23 10:51:03 | INFO |        7.291 ¦      736           1              0.010 
2025-05-23 10:51:03 | INFO |        7.301 ¦      737           1              0.010 
2025-05-23 10:51:03 | INFO |        7.311 ¦      738           1              0.010 
2025-05-23 10:51:03 | INFO |        7.321 ¦      739           1              0.010 
2025-05-23 10:51:03 | INFO |        7.331 ¦      740           1              0.010 
2025-05-23 10:51:03 | INFO |        7.341 ¦      741           1              0.010 
2025-05-23 10:51:03 | INFO |        7.351 ¦      742           1              0.010 
2025-05-23 10:51:03 | INFO |        7.361 ¦      743           1              0.010 
2025-05-23 10:51:03 | INFO |        7.371 ¦      744           1              0.010 
2025-05-23 10:51:03 | INFO |        7.381 ¦      745           1              0.010 
2025-05-23 10:51:03 | INFO |        7.391 ¦      746           1              0.010 
2025-05-23 10:51:03 | INFO |        7.401 ¦      747           1              0.010 
2025-05-23 10:51:03 | INFO |        7.411 ¦      748           1              0.010 
2025-05-23 10:51:03 | INFO |        7.421 ¦      749           1              0.010 
2025-05-23 10:51:03 | INFO |        7.431 ¦      750           1              0.010 
2025-05-23 10:51:03 | INFO |        7.441 ¦      751           1              0.010 
2025-05-23 10:51:03 | INFO |        7.451 ¦      752           1              0.010 
2025-05-23 10:51:03 | INFO |        7.461 ¦      753           1              0.010 
2025-05-23 10:51:03 | INFO |        7.471 ¦      754           1              0.010 
2025-05-23 10:51:03 | INFO |        7.481 ¦      755           1              0.010 
2025-05-23 10:51:03 | INFO |        7.491 ¦      756           1              0.010 
2025-05-23 10:51:03 | INFO |        7.501 ¦      757           1              0.010 
2025-05-23 10:51:03 | INFO |        7.511 ¦      758           1              0.010 
2025-05-23 10:51:03 | INFO |        7.521 ¦      759           1              0.010 
2025-05-23 10:51:03 | INFO |        7.531 ¦      760           1              0.010 
2025-05-23 10:51:03 | INFO |        7.541 ¦      761           1              0.010 
2025-05-23 10:51:03 | INFO |        7.551 ¦      762           1              0.010 
2025-05-23 10:51:03 | INFO |        7.561 ¦      763           1              0.010 
2025-05-23 10:51:03 | INFO |        7.571 ¦      764           1              0.010 
2025-05-23 10:51:03 | INFO |        7.581 ¦      765           1              0.010 
2025-05-23 10:51:03 | INFO |        7.591 ¦      766           1              0.010 
2025-05-23 10:51:03 | INFO |        7.601 ¦      767           1              0.010 
2025-05-23 10:51:03 | INFO |        7.611 ¦      768           1              0.010 
2025-05-23 10:51:03 | INFO |        7.621 ¦      769           1              0.010 
2025-05-23 10:51:03 | INFO |        7.631 ¦      770           1              0.010 
2025-05-23 10:51:03 | INFO |        7.641 ¦      771           1              0.010 
2025-05-23 10:51:03 | INFO |        7.651 ¦      772           1              0.010 
2025-05-23 10:51:03 | INFO |        7.661 ¦      773           1              0.010 
2025-05-23 10:51:03 | INFO |        7.671 ¦      774           1              0.010 
2025-05-23 10:51:03 | INFO |        7.681 ¦      775           1              0.010 
2025-05-23 10:51:03 | INFO |        7.691 ¦      776           1              0.010 
2025-05-23 10:51:03 | INFO |        7.701 ¦      777           1              0.010 
2025-05-23 10:51:03 | INFO |        7.711 ¦      778           1              0.010 
2025-05-23 10:51:03 | INFO |        7.721 ¦      779           1              0.010 
2025-05-23 10:51:03 | INFO |        7.731 ¦      780           1              0.010 
2025-05-23 10:51:03 | INFO |        7.741 ¦      781           1              0.010 
2025-05-23 10:51:03 | INFO |        7.751 ¦      782           1              0.010 
2025-05-23 10:51:03 | INFO |        7.761 ¦      783           1              0.010 
2025-05-23 10:51:03 | INFO |        7.771 ¦      784           1              0.010 
2025-05-23 10:51:03 | INFO |        7.781 ¦      785           1              0.010 
2025-05-23 10:51:03 | INFO |        7.791 ¦      786           1              0.010 
2025-05-23 10:51:03 | INFO |        7.801 ¦      787           1              0.010 
2025-05-23 10:51:03 | INFO |        7.811 ¦      788           1              0.010 
2025-05-23 10:51:03 | INFO |        7.821 ¦      789           1              0.010 
2025-05-23 10:51:03 | INFO |        7.831 ¦      790           1              0.010 
2025-05-23 10:51:03 | INFO |        7.841 ¦      791           1              0.010 
2025-05-23 10:51:03 | INFO |        7.851 ¦      792           1              0.010 
2025-05-23 10:51:03 | INFO |        7.861 ¦      793           1              0.010 
2025-05-23 10:51:03 | INFO |        7.871 ¦      794           1              0.010 
2025-05-23 10:51:03 | INFO |        7.881 ¦      795           1              0.010 
2025-05-23 10:51:03 | INFO |        7.891 ¦      796           1              0.010 
2025-05-23 10:51:03 | INFO |        7.901 ¦      797           1              0.010 
2025-05-23 10:51:03 | INFO |        7.911 ¦      798           1              0.010 
2025-05-23 10:51:03 | INFO |        7.921 ¦      799           1              0.010 
2025-05-23 10:51:03 | INFO |        7.931 ¦      800           1              0.010 
2025-05-23 10:51:03 | INFO |        7.941 ¦      801           1              0.010 
2025-05-23 10:51:03 | INFO |        7.951 ¦      802           1              0.010 
2025-05-23 10:51:03 | INFO |        7.961 ¦      803           1              0.010 
2025-05-23 10:51:03 | INFO |        7.971 ¦      804           1              0.010 
2025-05-23 10:51:03 | INFO |        7.981 ¦      805           1              0.010 
2025-05-23 10:51:03 | INFO |        7.991 ¦      806           1              0.010 
2025-05-23 10:51:03 | INFO |        8.001 ¦      807           1              0.010 
2025-05-23 10:51:03 | INFO |        8.011 ¦      808           1              0.010 
2025-05-23 10:51:03 | INFO |        8.021 ¦      809           1              0.010 
2025-05-23 10:51:03 | INFO |        8.031 ¦      810           1              0.010 
2025-05-23 10:51:03 | INFO |        8.041 ¦      811           1              0.010 
2025-05-23 10:51:03 | INFO |        8.051 ¦      812           1              0.010 
2025-05-23 10:51:03 | INFO |        8.061 ¦      813           1              0.010 
2025-05-23 10:51:03 | INFO |        8.071 ¦      814           1              0.010 
2025-05-23 10:51:03 | INFO |        8.081 ¦      815           1              0.010 
2025-05-23 10:51:03 | INFO |        8.091 ¦      816           1              0.010 
2025-05-23 10:51:03 | INFO |        8.101 ¦      817           1              0.010 
2025-05-23 10:51:03 | INFO |        8.111 ¦      818           1              0.010 
2025-05-23 10:51:03 | INFO |        8.121 ¦      819           1              0.010 
2025-05-23 10:51:03 | INFO |        8.131 ¦      820           1              0.010 
2025-05-23 10:51:03 | INFO |        8.141 ¦      821           1              0.010 
2025-05-23 10:51:03 | INFO |        8.151 ¦      822           1              0.010 
2025-05-23 10:51:03 | INFO |        8.161 ¦      823           1              0.010 
2025-05-23 10:51:03 | INFO |        8.171 ¦      824           1              0.010 
2025-05-23 10:51:03 | INFO |        8.181 ¦      825           1              0.010 
2025-05-23 10:51:03 | INFO |        8.191 ¦      826           1              0.010 
2025-05-23 10:51:03 | INFO |        8.201 ¦      827           1              0.010 
2025-05-23 10:51:03 | INFO |        8.211 ¦      828           1              0.010 
2025-05-23 10:51:03 | INFO |        8.221 ¦      829           1              0.010 
2025-05-23 10:51:03 | INFO |        8.231 ¦      830           1              0.010 
2025-05-23 10:51:03 | INFO |        8.241 ¦      831           1              0.010 
2025-05-23 10:51:03 | INFO |        8.251 ¦      832           1              0.010 
2025-05-23 10:51:03 | INFO |        8.261 ¦      833           1              0.010 
2025-05-23 10:51:03 | INFO |        8.271 ¦      834           1              0.010 
2025-05-23 10:51:03 | INFO |        8.281 ¦      835           1              0.010 
2025-05-23 10:51:03 | INFO |        8.291 ¦      836           1              0.010 
2025-05-23 10:51:03 | INFO |        8.301 ¦      837           1              0.010 
2025-05-23 10:51:03 | INFO |        8.311 ¦      838           1              0.010 
2025-05-23 10:51:03 | INFO |        8.321 ¦      839           1              0.010 
2025-05-23 10:51:03 | INFO |        8.331 ¦      840           1              0.010 
2025-05-23 10:51:03 | INFO |        8.341 ¦      841           1              0.010 
2025-05-23 10:51:03 | INFO |        8.351 ¦      842           1              0.010 
2025-05-23 10:51:03 | INFO |        8.361 ¦      843           1              0.010 
2025-05-23 10:51:03 | INFO |        8.371 ¦      844           1              0.010 
2025-05-23 10:51:03 | INFO |        8.381 ¦      845           1              0.010 
2025-05-23 10:51:03 | INFO |        8.391 ¦      846           1              0.010 
2025-05-23 10:51:03 | INFO |        8.401 ¦      847           1              0.010 
2025-05-23 10:51:03 | INFO |        8.411 ¦      848           1              0.010 
2025-05-23 10:51:03 | INFO |        8.421 ¦      849           1              0.010 
2025-05-23 10:51:03 | INFO |        8.431 ¦      850           1              0.010 
2025-05-23 10:51:03 | INFO |        8.441 ¦      851           1              0.010 
2025-05-23 10:51:03 | INFO |        8.451 ¦      852           1              0.010 
2025-05-23 10:51:03 | INFO |        8.461 ¦      853           1              0.010 
2025-05-23 10:51:03 | INFO |        8.471 ¦      854           1              0.010 
2025-05-23 10:51:03 | INFO |        8.481 ¦      855           1              0.010 
2025-05-23 10:51:03 | INFO |        8.491 ¦      856           1              0.010 
2025-05-23 10:51:03 | INFO |        8.501 ¦      857           1              0.010 
2025-05-23 10:51:03 | INFO |        8.511 ¦      858           1              0.010 
2025-05-23 10:51:03 | INFO |        8.521 ¦      859           1              0.010 
2025-05-23 10:51:03 | INFO |        8.531 ¦      860           1              0.010 
2025-05-23 10:51:03 | INFO |        8.541 ¦      861           1              0.010 
2025-05-23 10:51:03 | INFO |        8.551 ¦      862           1              0.010 
2025-05-23 10:51:03 | INFO |        8.561 ¦      863           1              0.010 
2025-05-23 10:51:03 | INFO |        8.571 ¦      864           1              0.010 
2025-05-23 10:51:03 | INFO |        8.581 ¦      865           1              0.010 
2025-05-23 10:51:03 | INFO |        8.591 ¦      866           1              0.010 
2025-05-23 10:51:03 | INFO |        8.601 ¦      867           1              0.010 
2025-05-23 10:51:03 | INFO |        8.611 ¦      868           1              0.010 
2025-05-23 10:51:03 | INFO |        8.621 ¦      869           1              0.010 
2025-05-23 10:51:03 | INFO |        8.631 ¦      870           1              0.010 
2025-05-23 10:51:03 | INFO |        8.641 ¦      871           1              0.010 
2025-05-23 10:51:03 | INFO |        8.651 ¦      872           1              0.010 
2025-05-23 10:51:03 | INFO |        8.661 ¦      873           1              0.010 
2025-05-23 10:51:03 | INFO |        8.671 ¦      874           1              0.010 
2025-05-23 10:51:03 | INFO |        8.681 ¦      875           1              0.010 
2025-05-23 10:51:03 | INFO |        8.691 ¦      876           1              0.010 
2025-05-23 10:51:03 | INFO |        8.701 ¦      877           1              0.010 
2025-05-23 10:51:03 | INFO |        8.711 ¦      878           1              0.010 
2025-05-23 10:51:03 | INFO |        8.721 ¦      879           1              0.010 
2025-05-23 10:51:03 | INFO |        8.731 ¦      880           1              0.010 
2025-05-23 10:51:03 | INFO |        8.741 ¦      881           1              0.010 
2025-05-23 10:51:03 | INFO |        8.751 ¦      882           1              0.010 
2025-05-23 10:51:03 | INFO |        8.761 ¦      883           1              0.010 
2025-05-23 10:51:03 | INFO |        8.771 ¦      884           1              0.010 
2025-05-23 10:51:03 | INFO |        8.781 ¦      885           1              0.010 
2025-05-23 10:51:03 | INFO |        8.791 ¦      886           1              0.010 
2025-05-23 10:51:03 | INFO |        8.801 ¦      887           1              0.010 
2025-05-23 10:51:03 | INFO |        8.811 ¦      888           1              0.010 
2025-05-23 10:51:03 | INFO |        8.821 ¦      889           1              0.010 
2025-05-23 10:51:03 | INFO |        8.831 ¦      890           1              0.010 
2025-05-23 10:51:03 | INFO |        8.841 ¦      891           1              0.010 
2025-05-23 10:51:03 | INFO |        8.851 ¦      892           1              0.010 
2025-05-23 10:51:03 | INFO |        8.861 ¦      893           1              0.010 
2025-05-23 10:51:03 | INFO |        8.871 ¦      894           1              0.010 
2025-05-23 10:51:03 | INFO |        8.881 ¦      895           1              0.010 
2025-05-23 10:51:03 | INFO |        8.891 ¦      896           1              0.010 
2025-05-23 10:51:03 | INFO |        8.901 ¦      897           1              0.010 
2025-05-23 10:51:03 | INFO |        8.911 ¦      898           1              0.010 
2025-05-23 10:51:03 | INFO |        8.921 ¦      899           1              0.010 
2025-05-23 10:51:03 | INFO |        8.931 ¦      900           1              0.010 
2025-05-23 10:51:03 | INFO |        8.941 ¦      901           1              0.010 
2025-05-23 10:51:03 | INFO |        8.951 ¦      902           1              0.010 
2025-05-23 10:51:03 | INFO |        8.961 ¦      903           1              0.010 
2025-05-23 10:51:03 | INFO |        8.971 ¦      904           1              0.010 
2025-05-23 10:51:03 | INFO |        8.981 ¦      905           1              0.010 
2025-05-23 10:51:03 | INFO |        8.991 ¦      906           1              0.010 
2025-05-23 10:51:03 | INFO |        9.001 ¦      907           1              0.010 
2025-05-23 10:51:03 | INFO |        9.011 ¦      908           1              0.010 
2025-05-23 10:51:03 | INFO |        9.021 ¦      909           1              0.010 
2025-05-23 10:51:03 | INFO |        9.031 ¦      910           1              0.010 
2025-05-23 10:51:03 | INFO |        9.041 ¦      911           1              0.010 
2025-05-23 10:51:03 | INFO |        9.051 ¦      912           1              0.010 
2025-05-23 10:51:03 | INFO |        9.061 ¦      913           1              0.010 
2025-05-23 10:51:03 | INFO |        9.071 ¦      914           1              0.010 
2025-05-23 10:51:03 | INFO |        9.081 ¦      915           1              0.010 
2025-05-23 10:51:03 | INFO |        9.091 ¦      916           1              0.010 
2025-05-23 10:51:03 | INFO |        9.101 ¦      917           1              0.010 
2025-05-23 10:51:03 | INFO |        9.111 ¦      918           1              0.010 
2025-05-23 10:51:03 | INFO |        9.121 ¦      919           1              0.010 
2025-05-23 10:51:03 | INFO |        9.131 ¦      920           1              0.010 
2025-05-23 10:51:03 | INFO |        9.141 ¦      921           1              0.010 
2025-05-23 10:51:03 | INFO |        9.151 ¦      922           1              0.010 
2025-05-23 10:51:03 | INFO |        9.161 ¦      923           1              0.010 
2025-05-23 10:51:03 | INFO |        9.171 ¦      924           1              0.010 
2025-05-23 10:51:03 | INFO |        9.181 ¦      925           1              0.010 
2025-05-23 10:51:03 | INFO |        9.191 ¦      926           1              0.010 
2025-05-23 10:51:03 | INFO |        9.201 ¦      927           1              0.010 
2025-05-23 10:51:03 | INFO |        9.211 ¦      928           1              0.010 
2025-05-23 10:51:03 | INFO |        9.221 ¦      929           1              0.010 
2025-05-23 10:51:03 | INFO |        9.231 ¦      930           1              0.010 
2025-05-23 10:51:03 | INFO |        9.241 ¦      931           1              0.010 
2025-05-23 10:51:03 | INFO |        9.251 ¦      932           1              0.010 
2025-05-23 10:51:03 | INFO |        9.261 ¦      933           1              0.010 
2025-05-23 10:51:03 | INFO |        9.271 ¦      934           1              0.010 
2025-05-23 10:51:03 | INFO |        9.281 ¦      935           1              0.010 
2025-05-23 10:51:03 | INFO |        9.291 ¦      936           1              0.010 
2025-05-23 10:51:03 | INFO |        9.301 ¦      937           1              0.010 
2025-05-23 10:51:03 | INFO |        9.311 ¦      938           1              0.010 
2025-05-23 10:51:03 | INFO |        9.321 ¦      939           1              0.010 
2025-05-23 10:51:03 | INFO |        9.331 ¦      940           1              0.010 
2025-05-23 10:51:03 | INFO |        9.341 ¦      941           1              0.010 
2025-05-23 10:51:03 | INFO |        9.351 ¦      942           1              0.010 
2025-05-23 10:51:03 | INFO |        9.361 ¦      943           1              0.010 
2025-05-23 10:51:03 | INFO |        9.371 ¦      944           1              0.010 
2025-05-23 10:51:03 | INFO |        9.381 ¦      945           1              0.010 
2025-05-23 10:51:03 | INFO |        9.391 ¦      946           1              0.010 
2025-05-23 10:51:03 | INFO |        9.401 ¦      947           1              0.010 
2025-05-23 10:51:03 | INFO |        9.411 ¦      948           1              0.010 
2025-05-23 10:51:03 | INFO |        9.421 ¦      949           1              0.010 
2025-05-23 10:51:03 | INFO |        9.431 ¦      950           1              0.010 
2025-05-23 10:51:03 | INFO |        9.441 ¦      951           1              0.010 
2025-05-23 10:51:03 | INFO |        9.451 ¦      952           1              0.010 
2025-05-23 10:51:03 | INFO |        9.461 ¦      953           1              0.010 
2025-05-23 10:51:03 | INFO |        9.471 ¦      954           1              0.010 
2025-05-23 10:51:03 | INFO |        9.481 ¦      955           1              0.010 
2025-05-23 10:51:03 | INFO |        9.491 ¦      956           1              0.010 
2025-05-23 10:51:03 | INFO |        9.501 ¦      957           1              0.010 
2025-05-23 10:51:03 | INFO |        9.511 ¦      958           1              0.010 
2025-05-23 10:51:03 | INFO |        9.521 ¦      959           1              0.010 
2025-05-23 10:51:03 | INFO |        9.531 ¦      960           1              0.010 
2025-05-23 10:51:03 | INFO |        9.541 ¦      961           1              0.010 
2025-05-23 10:51:03 | INFO |        9.551 ¦      962           1              0.010 
2025-05-23 10:51:03 | INFO |        9.561 ¦      963           1              0.010 
2025-05-23 10:51:03 | INFO |        9.571 ¦      964           1              0.010 
2025-05-23 10:51:03 | INFO |        9.581 ¦      965           1              0.010 
2025-05-23 10:51:03 | INFO |        9.591 ¦      966           1              0.010 
2025-05-23 10:51:03 | INFO |        9.601 ¦      967           1              0.010 
2025-05-23 10:51:03 | INFO |        9.611 ¦      968           1              0.010 
2025-05-23 10:51:03 | INFO |        9.621 ¦      969           1              0.010 
2025-05-23 10:51:03 | INFO |        9.631 ¦      970           1              0.010 
2025-05-23 10:51:03 | INFO |        9.641 ¦      971           1              0.010 
2025-05-23 10:51:03 | INFO |        9.651 ¦      972           1              0.010 
2025-05-23 10:51:03 | INFO |        9.661 ¦      973           1              0.010 
2025-05-23 10:51:03 | INFO |        9.671 ¦      974           1              0.010 
2025-05-23 10:51:03 | INFO |        9.681 ¦      975           1              0.010 
2025-05-23 10:51:03 | INFO |        9.691 ¦      976           1              0.010 
2025-05-23 10:51:03 | INFO |        9.701 ¦      977           1              0.010 
2025-05-23 10:51:03 | INFO |        9.711 ¦      978           1              0.010 
2025-05-23 10:51:03 | INFO |        9.721 ¦      979           1              0.010 
2025-05-23 10:51:03 | INFO |        9.731 ¦      980           1              0.010 
2025-05-23 10:51:03 | INFO |        9.741 ¦      981           1              0.010 
2025-05-23 10:51:03 | INFO |        9.751 ¦      982           1              0.010 
2025-05-23 10:51:03 | INFO |        9.761 ¦      983           1              0.010 
2025-05-23 10:51:03 | INFO |        9.771 ¦      984           1              0.010 
2025-05-23 10:51:03 | INFO |        9.781 ¦      985           1              0.010 
2025-05-23 10:51:03 | INFO |        9.791 ¦      986           1              0.010 
2025-05-23 10:51:03 | INFO |        9.801 ¦      987           1              0.010 
2025-05-23 10:51:03 | INFO |        9.811 ¦      988           1              0.010 
2025-05-23 10:51:03 | INFO |        9.821 ¦      989           1              0.010 
2025-05-23 10:51:03 | INFO |        9.831 ¦      990           1              0.010 
2025-05-23 10:51:03 | INFO |        9.841 ¦      991           1              0.010 
2025-05-23 10:51:03 | INFO |        9.851 ¦      992           1              0.010 
2025-05-23 10:51:03 | INFO |        9.861 ¦      993           1              0.010 
2025-05-23 10:51:03 | INFO |        9.871 ¦      994           1              0.010 
2025-05-23 10:51:03 | INFO |        9.881 ¦      995           1              0.010 
2025-05-23 10:51:03 | INFO |        9.891 ¦      996           1              0.010 
2025-05-23 10:51:03 | INFO |        9.901 ¦      997           1              0.010 
2025-05-23 10:51:03 | INFO |        9.911 ¦      998           1              0.010 
2025-05-23 10:51:03 | INFO |        9.921 ¦      999           1              0.010 
2025-05-23 10:51:03 | INFO |        9.931 ¦     1000           1              0.010 
2025-05-23 10:51:03 | INFO |        9.941 ¦     1001           1              0.010 
2025-05-23 10:51:03 | INFO |        9.951 ¦     1002           1              0.010 
2025-05-23 10:51:03 | INFO |        9.961 ¦     1003           1              0.010 
2025-05-23 10:51:03 | INFO |        9.971 ¦     1004           1              0.010 
2025-05-23 10:51:03 | INFO |        9.981 ¦     1005           1              0.010 
2025-05-23 10:51:03 | INFO |        9.991 ¦     1006           1              0.010 
2025-05-23 10:51:03 | INFO |       10.001 ¦     1007           1              0.010 
2025-05-23 10:51:03 | INFO |       10.011 ¦     1008           1              0.010 
2025-05-23 10:51:03 | INFO |       10.021 ¦     1009           1              0.010 
2025-05-23 10:51:03 | INFO |       10.031 ¦     1010           1              0.010 
2025-05-23 10:51:03 | INFO |       10.041 ¦     1011           1              0.010 
2025-05-23 10:51:03 | INFO |       10.051 ¦     1012           1              0.010 
2025-05-23 10:51:03 | INFO |       10.061 ¦     1013           1              0.010 
2025-05-23 10:51:03 | INFO |       10.071 ¦     1014           1              0.010 
2025-05-23 10:51:03 | INFO |       10.081 ¦     1015           1              0.010 
2025-05-23 10:51:03 | INFO |       10.091 ¦     1016           1              0.010 
2025-05-23 10:51:03 | INFO |       10.101 ¦     1017           1              0.010 
2025-05-23 10:51:03 | INFO |       10.111 ¦     1018           1              0.010 
2025-05-23 10:51:03 | INFO |       10.121 ¦     1019           1              0.010 
2025-05-23 10:51:03 | INFO |       10.131 ¦     1020           1              0.010 
2025-05-23 10:51:03 | INFO |       10.141 ¦     1021           1              0.010 
2025-05-23 10:51:03 | INFO |       10.151 ¦     1022           1              0.010 
2025-05-23 10:51:03 | INFO |       10.161 ¦     1023           1              0.010 
2025-05-23 10:51:03 | INFO |       10.171 ¦     1024           1              0.010 
2025-05-23 10:51:03 | INFO |       10.181 ¦     1025           1              0.010 
2025-05-23 10:51:03 | INFO |       10.191 ¦     1026           1              0.010 
2025-05-23 10:51:03 | INFO |       10.201 ¦     1027           1              0.010 
2025-05-23 10:51:03 | INFO |       10.211 ¦     1028           1              0.010 
2025-05-23 10:51:03 | INFO |       10.221 ¦     1029           1              0.010 
2025-05-23 10:51:03 | INFO |       10.231 ¦     1030           1              0.010 
2025-05-23 10:51:03 | INFO |       10.241 ¦     1031           1              0.010 
2025-05-23 10:51:03 | INFO |       10.251 ¦     1032           1              0.010 
2025-05-23 10:51:03 | INFO |       10.261 ¦     1033           1              0.010 
2025-05-23 10:51:03 | INFO |       10.271 ¦     1034           1              0.010 
2025-05-23 10:51:03 | INFO |       10.281 ¦     1035           1              0.010 
2025-05-23 10:51:03 | INFO |       10.291 ¦     1036           1              0.010 
2025-05-23 10:51:03 | INFO |       10.301 ¦     1037           1              0.010 
2025-05-23 10:51:03 | INFO |       10.311 ¦     1038           1              0.010 
2025-05-23 10:51:03 | INFO |       10.321 ¦     1039           1              0.010 
2025-05-23 10:51:03 | INFO |       10.331 ¦     1040           1              0.010 
2025-05-23 10:51:03 | INFO |       10.341 ¦     1041           1              0.010 
2025-05-23 10:51:03 | INFO |       10.351 ¦     1042           1              0.010 
2025-05-23 10:51:03 | INFO |       10.361 ¦     1043           1              0.010 
2025-05-23 10:51:03 | INFO |       10.371 ¦     1044           1              0.010 
2025-05-23 10:51:03 | INFO |       10.381 ¦     1045           1              0.010 
2025-05-23 10:51:03 | INFO |       10.391 ¦     1046           1              0.010 
2025-05-23 10:51:03 | INFO |       10.401 ¦     1047           1              0.010 
2025-05-23 10:51:03 | INFO |       10.411 ¦     1048           1              0.010 
2025-05-23 10:51:03 | INFO |       10.421 ¦     1049           1              0.010 
2025-05-23 10:51:03 | INFO |       10.431 ¦     1050           1              0.010 
2025-05-23 10:51:03 | INFO |       10.441 ¦     1051           1              0.010 
2025-05-23 10:51:03 | INFO |       10.451 ¦     1052           1              0.010 
2025-05-23 10:51:03 | INFO |       10.461 ¦     1053           1              0.010 
2025-05-23 10:51:03 | INFO |       10.471 ¦     1054           1              0.010 
2025-05-23 10:51:03 | INFO |       10.481 ¦     1055           1              0.010 
2025-05-23 10:51:03 | INFO |       10.491 ¦     1056           1              0.010 
2025-05-23 10:51:03 | INFO |       10.501 ¦     1057           1              0.010 
2025-05-23 10:51:03 | INFO |       10.511 ¦     1058           1              0.010 
2025-05-23 10:51:03 | INFO |       10.521 ¦     1059           1              0.010 
2025-05-23 10:51:03 | INFO |       10.531 ¦     1060           1              0.010 
2025-05-23 10:51:03 | INFO |       10.541 ¦     1061           1              0.010 
2025-05-23 10:51:03 | INFO |       10.551 ¦     1062           1              0.010 
2025-05-23 10:51:03 | INFO |       10.561 ¦     1063           1              0.010 
2025-05-23 10:51:03 | INFO |       10.571 ¦     1064           1              0.010 
2025-05-23 10:51:03 | INFO |       10.581 ¦     1065           1              0.010 
2025-05-23 10:51:03 | INFO |       10.591 ¦     1066           1              0.010 
2025-05-23 10:51:03 | INFO |       10.601 ¦     1067           1              0.010 
2025-05-23 10:51:03 | INFO |       10.611 ¦     1068           1              0.010 
2025-05-23 10:51:03 | INFO |       10.621 ¦     1069           1              0.010 
2025-05-23 10:51:03 | INFO |       10.631 ¦     1070           1              0.010 
2025-05-23 10:51:03 | INFO |       10.641 ¦     1071           1              0.010 
2025-05-23 10:51:03 | INFO |       10.651 ¦     1072           1              0.010 
2025-05-23 10:51:03 | INFO |       10.661 ¦     1073           1              0.010 
2025-05-23 10:51:03 | INFO |       10.671 ¦     1074           1              0.010 
2025-05-23 10:51:03 | INFO |       10.681 ¦     1075           1              0.010 
2025-05-23 10:51:03 | INFO |       10.691 ¦     1076           1              0.010 
2025-05-23 10:51:03 | INFO |       10.701 ¦     1077           1              0.010 
2025-05-23 10:51:03 | INFO |       10.711 ¦     1078           1              0.010 
2025-05-23 10:51:03 | INFO |       10.721 ¦     1079           1              0.010 
2025-05-23 10:51:03 | INFO |       10.731 ¦     1080           1              0.010 
2025-05-23 10:51:03 | INFO |       10.741 ¦     1081           1              0.010 
2025-05-23 10:51:03 | INFO |       10.751 ¦     1082           1              0.010 
2025-05-23 10:51:03 | INFO |       10.761 ¦     1083           1              0.010 
2025-05-23 10:51:03 | INFO |       10.771 ¦     1084           1              0.010 
2025-05-23 10:51:03 | INFO |       10.781 ¦     1085           1              0.010 
2025-05-23 10:51:03 | INFO |       10.791 ¦     1086           1              0.010 
2025-05-23 10:51:03 | INFO |       10.801 ¦     1087           1              0.010 
2025-05-23 10:51:03 | INFO |       10.811 ¦     1088           1              0.010 
2025-05-23 10:51:03 | INFO |       10.821 ¦     1089           1              0.010 
2025-05-23 10:51:03 | INFO |       10.831 ¦     1090           1              0.010 
2025-05-23 10:51:03 | INFO |       10.841 ¦     1091           1              0.010 
2025-05-23 10:51:03 | INFO |       10.851 ¦     1092           1              0.010 
2025-05-23 10:51:03 | INFO |       10.861 ¦     1093           1              0.010 
2025-05-23 10:51:03 | INFO |       10.871 ¦     1094           1              0.010 
2025-05-23 10:51:03 | INFO |       10.881 ¦     1095           1              0.010 
2025-05-23 10:51:03 | INFO |       10.891 ¦     1096           1              0.010 
2025-05-23 10:51:03 | INFO |       10.901 ¦     1097           1              0.010 
2025-05-23 10:51:03 | INFO |       10.911 ¦     1098           1              0.010 
2025-05-23 10:51:03 | INFO |       10.921 ¦     1099           1              0.010 
2025-05-23 10:51:03 | INFO |       10.931 ¦     1100           1              0.010 
2025-05-23 10:51:03 | INFO |       10.941 ¦     1101           1              0.010 
2025-05-23 10:51:03 | INFO |       10.951 ¦     1102           1              0.010 
2025-05-23 10:51:03 | INFO |       10.961 ¦     1103           1              0.010 
2025-05-23 10:51:03 | INFO |       10.971 ¦     1104           1              0.010 
2025-05-23 10:51:03 | INFO |       10.981 ¦     1105           1              0.010 
2025-05-23 10:51:03 | INFO |       10.991 ¦     1106           1              0.010 
2025-05-23 10:51:03 | INFO |       11.001 ¦     1107           1              0.010 
2025-05-23 10:51:03 | INFO |       11.011 ¦     1108           1              0.010 
2025-05-23 10:51:03 | INFO |       11.021 ¦     1109           1              0.010 
2025-05-23 10:51:03 | INFO |       11.031 ¦     1110           1              0.010 
2025-05-23 10:51:03 | INFO |       11.041 ¦     1111           1              0.010 
2025-05-23 10:51:03 | INFO |       11.051 ¦     1112           1              0.010 
2025-05-23 10:51:03 | INFO |       11.061 ¦     1113           1              0.010 
2025-05-23 10:51:03 | INFO |       11.071 ¦     1114           1              0.010 
2025-05-23 10:51:03 | INFO |       11.081 ¦     1115           1              0.010 
2025-05-23 10:51:03 | INFO |       11.091 ¦     1116           1              0.010 
2025-05-23 10:51:03 | INFO |       11.101 ¦     1117           1              0.010 
2025-05-23 10:51:03 | INFO |       11.111 ¦     1118           1              0.010 
2025-05-23 10:51:03 | INFO |       11.121 ¦     1119           1              0.010 
2025-05-23 10:51:03 | INFO |       11.131 ¦     1120           1              0.010 
2025-05-23 10:51:03 | INFO |       11.141 ¦     1121           1              0.010 
2025-05-23 10:51:03 | INFO |       11.151 ¦     1122           1              0.010 
2025-05-23 10:51:03 | INFO |       11.161 ¦     1123           1              0.010 
2025-05-23 10:51:03 | INFO |       11.171 ¦     1124           1              0.010 
2025-05-23 10:51:03 | INFO |       11.181 ¦     1125           1              0.010 
2025-05-23 10:51:03 | INFO |       11.191 ¦     1126           1              0.010 
2025-05-23 10:51:03 | INFO |       11.201 ¦     1127           1              0.010 
2025-05-23 10:51:03 | INFO |       11.211 ¦     1128           1              0.010 
2025-05-23 10:51:03 | INFO |       11.221 ¦     1129           1              0.010 
2025-05-23 10:51:03 | INFO |       11.231 ¦     1130           1              0.010 
2025-05-23 10:51:03 | INFO |       11.241 ¦     1131           1              0.010 
2025-05-23 10:51:03 | INFO |       11.251 ¦     1132           1              0.010 
2025-05-23 10:51:03 | INFO |       11.261 ¦     1133           1              0.010 
2025-05-23 10:51:03 | INFO |       11.271 ¦     1134           1              0.010 
2025-05-23 10:51:03 | INFO |       11.281 ¦     1135           1              0.010 
2025-05-23 10:51:03 | INFO |       11.291 ¦     1136           1              0.010 
2025-05-23 10:51:03 | INFO |       11.301 ¦     1137           1              0.010 
2025-05-23 10:51:03 | INFO |       11.311 ¦     1138           1              0.010 
2025-05-23 10:51:03 | INFO |       11.321 ¦     1139           1              0.010 
2025-05-23 10:51:03 | INFO |       11.331 ¦     1140           1              0.010 
2025-05-23 10:51:03 | INFO |       11.341 ¦     1141           1              0.010 
2025-05-23 10:51:03 | INFO |       11.351 ¦     1142           1              0.010 
2025-05-23 10:51:03 | INFO |       11.361 ¦     1143           1              0.010 
2025-05-23 10:51:03 | INFO |       11.371 ¦     1144           1              0.010 
2025-05-23 10:51:03 | INFO |       11.381 ¦     1145           1              0.010 
2025-05-23 10:51:03 | INFO |       11.391 ¦     1146           1              0.010 
2025-05-23 10:51:03 | INFO |       11.401 ¦     1147           1              0.010 
2025-05-23 10:51:03 | INFO |       11.411 ¦     1148           1              0.010 
2025-05-23 10:51:03 | INFO |       11.421 ¦     1149           1              0.010 
2025-05-23 10:51:03 | INFO |       11.431 ¦     1150           1              0.010 
2025-05-23 10:51:03 | INFO |       11.441 ¦     1151           1              0.010 
2025-05-23 10:51:03 | INFO |       11.451 ¦     1152           1              0.010 
2025-05-23 10:51:03 | INFO |       11.461 ¦     1153           1              0.010 
2025-05-23 10:51:03 | INFO |       11.471 ¦     1154           1              0.010 
2025-05-23 10:51:03 | INFO |       11.481 ¦     1155           1              0.010 
2025-05-23 10:51:03 | INFO |       11.491 ¦     1156           1              0.010 
2025-05-23 10:51:03 | INFO |       11.501 ¦     1157           1              0.010 
2025-05-23 10:51:03 | INFO |       11.511 ¦     1158           1              0.010 
2025-05-23 10:51:03 | INFO |       11.521 ¦     1159           1              0.010 
2025-05-23 10:51:03 | INFO |       11.531 ¦     1160           1              0.010 
2025-05-23 10:51:03 | INFO |       11.541 ¦     1161           1              0.010 
2025-05-23 10:51:03 | INFO |       11.551 ¦     1162           1              0.010 
2025-05-23 10:51:03 | INFO |       11.561 ¦     1163           1              0.010 
2025-05-23 10:51:03 | INFO |       11.571 ¦     1164           1              0.010 
2025-05-23 10:51:03 | INFO |       11.581 ¦     1165           1              0.010 
2025-05-23 10:51:03 | INFO |       11.591 ¦     1166           1              0.010 
2025-05-23 10:51:03 | INFO |       11.601 ¦     1167           1              0.010 
2025-05-23 10:51:03 | INFO |       11.611 ¦     1168           1              0.010 
2025-05-23 10:51:03 | INFO |       11.621 ¦     1169           1              0.010 
2025-05-23 10:51:03 | INFO |       11.631 ¦     1170           1              0.010 
2025-05-23 10:51:03 | INFO |       11.641 ¦     1171           1              0.010 
2025-05-23 10:51:03 | INFO |       11.651 ¦     1172           1              0.010 
2025-05-23 10:51:03 | INFO |       11.661 ¦     1173           1              0.010 
2025-05-23 10:51:03 | INFO |       11.671 ¦     1174           1              0.010 
2025-05-23 10:51:03 | INFO |       11.681 ¦     1175           1              0.010 
2025-05-23 10:51:03 | INFO |       11.691 ¦     1176           1              0.010 
2025-05-23 10:51:03 | INFO |       11.701 ¦     1177           1              0.010 
2025-05-23 10:51:03 | INFO |       11.711 ¦     1178           1              0.010 
2025-05-23 10:51:03 | INFO |       11.721 ¦     1179           1              0.010 
2025-05-23 10:51:03 | INFO |       11.731 ¦     1180           1              0.010 
2025-05-23 10:51:03 | INFO |       11.741 ¦     1181           1              0.010 
2025-05-23 10:51:03 | INFO |       11.751 ¦     1182           1              0.010 
2025-05-23 10:51:03 | INFO |       11.761 ¦     1183           1              0.010 
2025-05-23 10:51:03 | INFO |       11.771 ¦     1184           1              0.010 
2025-05-23 10:51:03 | INFO |       11.781 ¦     1185           1              0.010 
2025-05-23 10:51:03 | INFO |       11.791 ¦     1186           1              0.010 
2025-05-23 10:51:03 | INFO |       11.801 ¦     1187           1              0.010 
2025-05-23 10:51:03 | INFO |       11.811 ¦     1188           1              0.010 
2025-05-23 10:51:03 | INFO |       11.821 ¦     1189           1              0.010 
2025-05-23 10:51:03 | INFO |       11.831 ¦     1190           1              0.010 
2025-05-23 10:51:03 | INFO |       11.841 ¦     1191           1              0.010 
2025-05-23 10:51:03 | INFO |       11.851 ¦     1192           1              0.010 
2025-05-23 10:51:03 | INFO |       11.861 ¦     1193           1              0.010 
2025-05-23 10:51:03 | INFO |       11.871 ¦     1194           1              0.010 
2025-05-23 10:51:03 | INFO |       11.881 ¦     1195           1              0.010 
2025-05-23 10:51:03 | INFO |       11.891 ¦     1196           1              0.010 
2025-05-23 10:51:03 | INFO |       11.901 ¦     1197           1              0.010 
2025-05-23 10:51:03 | INFO |       11.911 ¦     1198           1              0.010 
2025-05-23 10:51:03 | INFO |       11.921 ¦     1199           1              0.010 
2025-05-23 10:51:03 | INFO |       11.931 ¦     1200           1              0.010 
2025-05-23 10:51:03 | INFO |       11.941 ¦     1201           1              0.010 
2025-05-23 10:51:03 | INFO |       11.951 ¦     1202           1              0.010 
2025-05-23 10:51:03 | INFO |       11.961 ¦     1203           1              0.010 
2025-05-23 10:51:03 | INFO |       11.971 ¦     1204           1              0.010 
2025-05-23 10:51:03 | INFO |       11.981 ¦     1205           1              0.010 
2025-05-23 10:51:03 | INFO |       11.991 ¦     1206           1              0.010 
2025-05-23 10:51:03 | INFO |       12.001 ¦     1207           1              0.010 
2025-05-23 10:51:03 | INFO |       12.011 ¦     1208           1              0.010 
2025-05-23 10:51:03 | INFO |       12.021 ¦     1209           1              0.010 
2025-05-23 10:51:03 | INFO |       12.031 ¦     1210           1              0.010 
2025-05-23 10:51:03 | INFO |       12.041 ¦     1211           1              0.010 
2025-05-23 10:51:03 | INFO |       12.051 ¦     1212           1              0.010 
2025-05-23 10:51:03 | INFO |       12.061 ¦     1213           1              0.010 
2025-05-23 10:51:03 | INFO |       12.071 ¦     1214           1              0.010 
2025-05-23 10:51:03 | INFO |       12.081 ¦     1215           1              0.010 
2025-05-23 10:51:03 | INFO |       12.091 ¦     1216           1              0.010 
2025-05-23 10:51:03 | INFO |       12.101 ¦     1217           1              0.010 
2025-05-23 10:51:03 | INFO |       12.111 ¦     1218           1              0.010 
2025-05-23 10:51:03 | INFO |       12.121 ¦     1219           1              0.010 
2025-05-23 10:51:03 | INFO |       12.131 ¦     1220           1              0.010 
2025-05-23 10:51:03 | INFO |       12.141 ¦     1221           1              0.010 
2025-05-23 10:51:03 | INFO |       12.151 ¦     1222           1              0.010 
2025-05-23 10:51:03 | INFO |       12.161 ¦     1223           1              0.010 
2025-05-23 10:51:03 | INFO |       12.171 ¦     1224           1              0.010 
2025-05-23 10:51:03 | INFO |       12.181 ¦     1225           1              0.010 
2025-05-23 10:51:03 | INFO |       12.191 ¦     1226           1              0.010 
2025-05-23 10:51:03 | INFO |       12.201 ¦     1227           1              0.010 
2025-05-23 10:51:03 | INFO |       12.211 ¦     1228           1              0.010 
2025-05-23 10:51:03 | INFO |       12.221 ¦     1229           1              0.010 
2025-05-23 10:51:03 | INFO |       12.231 ¦     1230           1              0.010 
2025-05-23 10:51:03 | INFO |       12.241 ¦     1231           1              0.010 
2025-05-23 10:51:03 | INFO |       12.251 ¦     1232           1              0.010 
2025-05-23 10:51:03 | INFO |       12.261 ¦     1233           1              0.010 
2025-05-23 10:51:03 | INFO |       12.271 ¦     1234           1              0.010 
2025-05-23 10:51:03 | INFO |       12.281 ¦     1235           1              0.010 
2025-05-23 10:51:03 | INFO |       12.291 ¦     1236           1              0.010 
2025-05-23 10:51:03 | INFO |       12.301 ¦     1237           1              0.010 
2025-05-23 10:51:03 | INFO |       12.311 ¦     1238           1              0.010 
2025-05-23 10:51:03 | INFO |       12.321 ¦     1239           1              0.010 
2025-05-23 10:51:03 | INFO |       12.331 ¦     1240           1              0.010 
2025-05-23 10:51:03 | INFO |       12.341 ¦     1241           1              0.010 
2025-05-23 10:51:03 | INFO |       12.351 ¦     1242           1              0.010 
2025-05-23 10:51:03 | INFO |       12.361 ¦     1243           1              0.010 
2025-05-23 10:51:03 | INFO |       12.371 ¦     1244           1              0.010 
2025-05-23 10:51:03 | INFO |       12.381 ¦     1245           1              0.010 
2025-05-23 10:51:03 | INFO |       12.391 ¦     1246           1              0.010 
2025-05-23 10:51:03 | INFO |       12.401 ¦     1247           1              0.010 
2025-05-23 10:51:03 | INFO |       12.411 ¦     1248           1              0.010 
2025-05-23 10:51:03 | INFO |       12.421 ¦     1249           1              0.010 
2025-05-23 10:51:03 | INFO |       12.431 ¦     1250           1              0.010 
2025-05-23 10:51:03 | INFO |       12.441 ¦     1251           1              0.010 
2025-05-23 10:51:03 | INFO |       12.451 ¦     1252           1              0.010 
2025-05-23 10:51:03 | INFO |       12.461 ¦     1253           1              0.010 
2025-05-23 10:51:03 | INFO |       12.471 ¦     1254           1              0.010 
2025-05-23 10:51:03 | INFO |       12.481 ¦     1255           1              0.010 
2025-05-23 10:51:03 | INFO |       12.491 ¦     1256           1              0.010 
2025-05-23 10:51:03 | INFO |       12.501 ¦     1257           1              0.010 
2025-05-23 10:51:03 | INFO |       12.511 ¦     1258           1              0.010 
2025-05-23 10:51:03 | INFO |       12.521 ¦     1259           1              0.010 
2025-05-23 10:51:03 | INFO |       12.531 ¦     1260           1              0.010 
2025-05-23 10:51:03 | INFO |       12.541 ¦     1261           1              0.010 
2025-05-23 10:51:03 | INFO |       12.551 ¦     1262           1              0.010 
2025-05-23 10:51:03 | INFO |       12.561 ¦     1263           1              0.010 
2025-05-23 10:51:03 | INFO |       12.571 ¦     1264           1              0.010 
2025-05-23 10:51:03 | INFO |       12.581 ¦     1265           1              0.010 
2025-05-23 10:51:03 | INFO |       12.591 ¦     1266           1              0.010 
2025-05-23 10:51:03 | INFO |       12.601 ¦     1267           1              0.010 
2025-05-23 10:51:03 | INFO |       12.611 ¦     1268           1              0.010 
2025-05-23 10:51:03 | INFO |       12.621 ¦     1269           1              0.010 
2025-05-23 10:51:03 | INFO |       12.631 ¦     1270           1              0.010 
2025-05-23 10:51:03 | INFO |       12.641 ¦     1271           1              0.010 
2025-05-23 10:51:03 | INFO |       12.651 ¦     1272           1              0.010 
2025-05-23 10:51:03 | INFO |       12.661 ¦     1273           1              0.010 
2025-05-23 10:51:03 | INFO |       12.671 ¦     1274           1              0.010 
2025-05-23 10:51:03 | INFO |       12.681 ¦     1275           1              0.010 
2025-05-23 10:51:03 | INFO |       12.691 ¦     1276           1              0.010 
2025-05-23 10:51:03 | INFO |       12.701 ¦     1277           1              0.010 
2025-05-23 10:51:03 | INFO |       12.711 ¦     1278           1              0.010 
2025-05-23 10:51:03 | INFO |       12.721 ¦     1279           1              0.010 
2025-05-23 10:51:03 | INFO |       12.731 ¦     1280           1              0.010 
2025-05-23 10:51:03 | INFO |       12.741 ¦     1281           1              0.010 
2025-05-23 10:51:03 | INFO |       12.751 ¦     1282           1              0.010 
2025-05-23 10:51:03 | INFO |       12.761 ¦     1283           1              0.010 
2025-05-23 10:51:03 | INFO |       12.771 ¦     1284           1              0.010 
2025-05-23 10:51:03 | INFO |       12.781 ¦     1285           1              0.010 
2025-05-23 10:51:03 | INFO |       12.791 ¦     1286           1              0.010 
2025-05-23 10:51:03 | INFO |       12.801 ¦     1287           1              0.010 
2025-05-23 10:51:03 | INFO |       12.811 ¦     1288           1              0.010 
2025-05-23 10:51:03 | INFO |       12.821 ¦     1289           1              0.010 
2025-05-23 10:51:03 | INFO |       12.831 ¦     1290           1              0.010 
2025-05-23 10:51:03 | INFO |       12.841 ¦     1291           1              0.010 
2025-05-23 10:51:03 | INFO |       12.851 ¦     1292           1              0.010 
2025-05-23 10:51:03 | INFO |       12.861 ¦     1293           1              0.010 
2025-05-23 10:51:03 | INFO |       12.871 ¦     1294           1              0.010 
2025-05-23 10:51:03 | INFO |       12.881 ¦     1295           1              0.010 
2025-05-23 10:51:03 | INFO |       12.891 ¦     1296           1              0.010 
2025-05-23 10:51:03 | INFO |       12.901 ¦     1297           1              0.010 
2025-05-23 10:51:03 | INFO |       12.911 ¦     1298           1              0.010 
2025-05-23 10:51:03 | INFO |       12.921 ¦     1299           1              0.010 
2025-05-23 10:51:03 | INFO |       12.931 ¦     1300           1              0.010 
2025-05-23 10:51:03 | INFO |       12.941 ¦     1301           1              0.010 
2025-05-23 10:51:03 | INFO |       12.951 ¦     1302           1              0.010 
2025-05-23 10:51:03 | INFO |       12.961 ¦     1303           1              0.010 
2025-05-23 10:51:03 | INFO |       12.971 ¦     1304           1              0.010 
2025-05-23 10:51:03 | INFO |       12.981 ¦     1305           1              0.010 
2025-05-23 10:51:03 | INFO |       12.991 ¦     1306           1              0.010 
2025-05-23 10:51:03 | INFO |       13.001 ¦     1307           1              0.010 
2025-05-23 10:51:03 | INFO |       13.011 ¦     1308           1              0.010 
2025-05-23 10:51:03 | INFO |       13.021 ¦     1309           1              0.010 
2025-05-23 10:51:03 | INFO |       13.031 ¦     1310           1              0.010 
2025-05-23 10:51:03 | INFO |       13.041 ¦     1311           1              0.010 
2025-05-23 10:51:03 | INFO |       13.051 ¦     1312           1              0.010 
2025-05-23 10:51:03 | INFO |       13.061 ¦     1313           1              0.010 
2025-05-23 10:51:03 | INFO |       13.071 ¦     1314           1              0.010 
2025-05-23 10:51:03 | INFO |       13.081 ¦     1315           1              0.010 
2025-05-23 10:51:03 | INFO |       13.091 ¦     1316           1              0.010 
2025-05-23 10:51:03 | INFO |       13.101 ¦     1317           1              0.010 
2025-05-23 10:51:03 | INFO |       13.111 ¦     1318           1              0.010 
2025-05-23 10:51:03 | INFO |       13.121 ¦     1319           1              0.010 
2025-05-23 10:51:03 | INFO |       13.131 ¦     1320           1              0.010 
2025-05-23 10:51:03 | INFO |       13.141 ¦     1321           1              0.010 
2025-05-23 10:51:03 | INFO |       13.151 ¦     1322           1              0.010 
2025-05-23 10:51:03 | INFO |       13.161 ¦     1323           1              0.010 
2025-05-23 10:51:03 | INFO |       13.171 ¦     1324           1              0.010 
2025-05-23 10:51:03 | INFO |       13.181 ¦     1325           1              0.010 
2025-05-23 10:51:03 | INFO |       13.191 ¦     1326           1              0.010 
2025-05-23 10:51:03 | INFO |       13.201 ¦     1327           1              0.010 
2025-05-23 10:51:03 | INFO |       13.211 ¦     1328           1              0.010 
2025-05-23 10:51:03 | INFO |       13.221 ¦     1329           1              0.010 
2025-05-23 10:51:03 | INFO |       13.231 ¦     1330           1              0.010 
2025-05-23 10:51:03 | INFO |       13.241 ¦     1331           1              0.010 
2025-05-23 10:51:03 | INFO |       13.251 ¦     1332           1              0.010 
2025-05-23 10:51:03 | INFO |       13.261 ¦     1333           1              0.010 
2025-05-23 10:51:03 | INFO |       13.271 ¦     1334           1              0.010 
2025-05-23 10:51:03 | INFO |       13.281 ¦     1335           1              0.010 
2025-05-23 10:51:03 | INFO |       13.291 ¦     1336           1              0.010 
2025-05-23 10:51:03 | INFO |       13.301 ¦     1337           1              0.010 
2025-05-23 10:51:03 | INFO |       13.311 ¦     1338           1              0.010 
2025-05-23 10:51:03 | INFO |       13.321 ¦     1339           1              0.010 
2025-05-23 10:51:03 | INFO |       13.331 ¦     1340           1              0.010 
2025-05-23 10:51:03 | INFO |       13.341 ¦     1341           1              0.010 
2025-05-23 10:51:03 | INFO |       13.351 ¦     1342           1              0.010 
2025-05-23 10:51:03 | INFO |       13.361 ¦     1343           1              0.010 
2025-05-23 10:51:03 | INFO |       13.371 ¦     1344           1              0.010 
2025-05-23 10:51:03 | INFO |       13.381 ¦     1345           1              0.010 
2025-05-23 10:51:03 | INFO |       13.391 ¦     1346           1              0.010 
2025-05-23 10:51:03 | INFO |       13.401 ¦     1347           1              0.010 
2025-05-23 10:51:03 | INFO |       13.411 ¦     1348           1              0.010 
2025-05-23 10:51:03 | INFO |       13.421 ¦     1349           1              0.010 
2025-05-23 10:51:03 | INFO |       13.431 ¦     1350           1              0.010 
2025-05-23 10:51:03 | INFO |       13.441 ¦     1351           1              0.010 
2025-05-23 10:51:03 | INFO |       13.451 ¦     1352           1              0.010 
2025-05-23 10:51:03 | INFO |       13.461 ¦     1353           1              0.010 
2025-05-23 10:51:03 | INFO |       13.471 ¦     1354           1              0.010 
2025-05-23 10:51:03 | INFO |       13.481 ¦     1355           1              0.010 
2025-05-23 10:51:03 | INFO |       13.491 ¦     1356           1              0.010 
2025-05-23 10:51:03 | INFO |       13.501 ¦     1357           1              0.010 
2025-05-23 10:51:03 | INFO |       13.511 ¦     1358           1              0.010 
2025-05-23 10:51:03 | INFO |       13.521 ¦     1359           1              0.010 
2025-05-23 10:51:03 | INFO |       13.531 ¦     1360           1              0.010 
2025-05-23 10:51:03 | INFO |       13.541 ¦     1361           1              0.010 
2025-05-23 10:51:03 | INFO |       13.551 ¦     1362           1              0.010 
2025-05-23 10:51:03 | INFO |       13.561 ¦     1363           1              0.010 
2025-05-23 10:51:03 | INFO |       13.571 ¦     1364           1              0.010 
2025-05-23 10:51:03 | INFO |       13.581 ¦     1365           1              0.010 
2025-05-23 10:51:03 | INFO |       13.591 ¦     1366           1              0.010 
2025-05-23 10:51:03 | INFO |       13.601 ¦     1367           1              0.010 
2025-05-23 10:51:03 | INFO |       13.611 ¦     1368           1              0.010 
2025-05-23 10:51:03 | INFO |       13.621 ¦     1369           1              0.010 
2025-05-23 10:51:03 | INFO |       13.631 ¦     1370           1              0.010 
2025-05-23 10:51:03 | INFO |       13.641 ¦     1371           1              0.010 
2025-05-23 10:51:03 | INFO |       13.651 ¦     1372           1              0.010 
2025-05-23 10:51:03 | INFO |       13.661 ¦     1373           1              0.010 
2025-05-23 10:51:03 | INFO |       13.671 ¦     1374           1              0.010 
2025-05-23 10:51:03 | INFO |       13.681 ¦     1375           1              0.010 
2025-05-23 10:51:03 | INFO |       13.691 ¦     1376           1              0.010 
2025-05-23 10:51:03 | INFO |       13.701 ¦     1377           1              0.010 
2025-05-23 10:51:03 | INFO |       13.711 ¦     1378           1              0.010 
2025-05-23 10:51:03 | INFO |       13.721 ¦     1379           1              0.010 
2025-05-23 10:51:03 | INFO |       13.731 ¦     1380           1              0.010 
2025-05-23 10:51:03 | INFO |       13.741 ¦     1381           1              0.010 
2025-05-23 10:51:03 | INFO |       13.751 ¦     1382           1              0.010 
2025-05-23 10:51:03 | INFO |       13.761 ¦     1383           1              0.010 
2025-05-23 10:51:03 | INFO |       13.771 ¦     1384           1              0.010 
2025-05-23 10:51:03 | INFO |       13.781 ¦     1385           1              0.010 
2025-05-23 10:51:03 | INFO |       13.791 ¦     1386           1              0.010 
2025-05-23 10:51:03 | INFO |       13.801 ¦     1387           1              0.010 
2025-05-23 10:51:03 | INFO |       13.811 ¦     1388           1              0.010 
2025-05-23 10:51:03 | INFO |       13.821 ¦     1389           1              0.010 
2025-05-23 10:51:03 | INFO |       13.831 ¦     1390           1              0.010 
2025-05-23 10:51:03 | INFO |       13.841 ¦     1391           1              0.010 
2025-05-23 10:51:03 | INFO |       13.851 ¦     1392           1              0.010 
2025-05-23 10:51:03 | INFO |       13.861 ¦     1393           1              0.010 
2025-05-23 10:51:03 | INFO |       13.871 ¦     1394           1              0.010 
2025-05-23 10:51:03 | INFO |       13.881 ¦     1395           1              0.010 
2025-05-23 10:51:03 | INFO |       13.891 ¦     1396           1              0.010 
2025-05-23 10:51:03 | INFO |       13.901 ¦     1397           1              0.010 
2025-05-23 10:51:03 | INFO |       13.911 ¦     1398           1              0.010 
2025-05-23 10:51:03 | INFO |       13.921 ¦     1399           1              0.010 
2025-05-23 10:51:03 | INFO |       13.931 ¦     1400           1              0.010 
2025-05-23 10:51:03 | INFO |       13.941 ¦     1401           1              0.010 
2025-05-23 10:51:03 | INFO |       13.951 ¦     1402           1              0.010 
2025-05-23 10:51:03 | INFO |       13.961 ¦     1403           1              0.010 
2025-05-23 10:51:03 | INFO |       13.971 ¦     1404           1              0.010 
2025-05-23 10:51:03 | INFO |       13.981 ¦     1405           1              0.010 
2025-05-23 10:51:03 | INFO |       13.991 ¦     1406           1              0.010 
2025-05-23 10:51:03 | INFO |       14.001 ¦     1407           1              0.010 
2025-05-23 10:51:03 | INFO |       14.011 ¦     1408           1              0.010 
2025-05-23 10:51:03 | INFO |       14.021 ¦     1409           1              0.010 
2025-05-23 10:51:03 | INFO |       14.031 ¦     1410           1              0.010 
2025-05-23 10:51:03 | INFO |       14.041 ¦     1411           1              0.010 
2025-05-23 10:51:03 | INFO |       14.051 ¦     1412           1              0.010 
2025-05-23 10:51:03 | INFO |       14.061 ¦     1413           1              0.010 
2025-05-23 10:51:03 | INFO |       14.071 ¦     1414           1              0.010 
2025-05-23 10:51:03 | INFO |       14.081 ¦     1415           1              0.010 
2025-05-23 10:51:03 | INFO |       14.091 ¦     1416           1              0.010 
2025-05-23 10:51:03 | INFO |       14.101 ¦     1417           1              0.010 
2025-05-23 10:51:03 | INFO |       14.111 ¦     1418           1              0.010 
2025-05-23 10:51:03 | INFO |       14.121 ¦     1419           1              0.010 
2025-05-23 10:51:03 | INFO |       14.131 ¦     1420           1              0.010 
2025-05-23 10:51:03 | INFO |       14.141 ¦     1421           1              0.010 
2025-05-23 10:51:03 | INFO |       14.151 ¦     1422           1              0.010 
2025-05-23 10:51:03 | INFO |       14.161 ¦     1423           1              0.010 
2025-05-23 10:51:03 | INFO |       14.171 ¦     1424           1              0.010 
2025-05-23 10:51:03 | INFO |       14.181 ¦     1425           1              0.010 
2025-05-23 10:51:03 | INFO |       14.191 ¦     1426           1              0.010 
2025-05-23 10:51:03 | INFO |       14.201 ¦     1427           1              0.010 
2025-05-23 10:51:03 | INFO |       14.211 ¦     1428           1              0.010 
2025-05-23 10:51:03 | INFO |       14.221 ¦     1429           1              0.010 
2025-05-23 10:51:03 | INFO |       14.231 ¦     1430           1              0.010 
2025-05-23 10:51:03 | INFO |       14.241 ¦     1431           1              0.010 
2025-05-23 10:51:03 | INFO |       14.251 ¦     1432           1              0.010 
2025-05-23 10:51:03 | INFO |       14.261 ¦     1433           1              0.010 
2025-05-23 10:51:03 | INFO |       14.271 ¦     1434           1              0.010 
2025-05-23 10:51:03 | INFO |       14.281 ¦     1435           1              0.010 
2025-05-23 10:51:03 | INFO |       14.291 ¦     1436           1              0.010 
2025-05-23 10:51:03 | INFO |       14.301 ¦     1437           1              0.010 
2025-05-23 10:51:03 | INFO |       14.311 ¦     1438           1              0.010 
2025-05-23 10:51:03 | INFO |       14.321 ¦     1439           1              0.010 
2025-05-23 10:51:03 | INFO |       14.331 ¦     1440           1              0.010 
2025-05-23 10:51:03 | INFO |       14.341 ¦     1441           1              0.010 
2025-05-23 10:51:03 | INFO |       14.351 ¦     1442           1              0.010 
2025-05-23 10:51:03 | INFO |       14.361 ¦     1443           1              0.010 
2025-05-23 10:51:03 | INFO |       14.371 ¦     1444           1              0.010 
2025-05-23 10:51:03 | INFO |       14.381 ¦     1445           1              0.010 
2025-05-23 10:51:03 | INFO |       14.391 ¦     1446           1              0.010 
2025-05-23 10:51:03 | INFO |       14.401 ¦     1447           1              0.010 
2025-05-23 10:51:03 | INFO |       14.411 ¦     1448           1              0.010 
2025-05-23 10:51:03 | INFO |       14.421 ¦     1449           1              0.010 
2025-05-23 10:51:03 | INFO |       14.431 ¦     1450           1              0.010 
2025-05-23 10:51:03 | INFO |       14.441 ¦     1451           1              0.010 
2025-05-23 10:51:03 | INFO |       14.451 ¦     1452           1              0.010 
2025-05-23 10:51:03 | INFO |       14.461 ¦     1453           1              0.010 
2025-05-23 10:51:03 | INFO |       14.471 ¦     1454           1              0.010 
2025-05-23 10:51:03 | INFO |       14.481 ¦     1455           1              0.010 
2025-05-23 10:51:03 | INFO |       14.491 ¦     1456           1              0.010 
2025-05-23 10:51:03 | INFO |       14.501 ¦     1457           1              0.010 
2025-05-23 10:51:03 | INFO |       14.511 ¦     1458           1              0.010 
2025-05-23 10:51:03 | INFO |       14.521 ¦     1459           1              0.010 
2025-05-23 10:51:03 | INFO |       14.531 ¦     1460           1              0.010 
2025-05-23 10:51:03 | INFO |       14.541 ¦     1461           1              0.010 
2025-05-23 10:51:03 | INFO |       14.551 ¦     1462           1              0.010 
2025-05-23 10:51:03 | INFO |       14.561 ¦     1463           1              0.010 
2025-05-23 10:51:03 | INFO |       14.571 ¦     1464           1              0.010 
2025-05-23 10:51:03 | INFO |       14.581 ¦     1465           1              0.010 
2025-05-23 10:51:03 | INFO |       14.591 ¦     1466           1              0.010 
2025-05-23 10:51:03 | INFO |       14.601 ¦     1467           1              0.010 
2025-05-23 10:51:03 | INFO |       14.611 ¦     1468           1              0.010 
2025-05-23 10:51:03 | INFO |       14.621 ¦     1469           1              0.010 
2025-05-23 10:51:03 | INFO |       14.631 ¦     1470           1              0.010 
2025-05-23 10:51:03 | INFO |       14.641 ¦     1471           1              0.010 
2025-05-23 10:51:03 | INFO |       14.651 ¦     1472           1              0.010 
2025-05-23 10:51:03 | INFO |       14.661 ¦     1473           1              0.010 
2025-05-23 10:51:03 | INFO |       14.671 ¦     1474           1              0.010 
2025-05-23 10:51:03 | INFO |       14.681 ¦     1475           1              0.010 
2025-05-23 10:51:03 | INFO |       14.691 ¦     1476           1              0.010 
2025-05-23 10:51:03 | INFO |       14.701 ¦     1477           1              0.010 
2025-05-23 10:51:03 | INFO |       14.711 ¦     1478           1              0.010 
2025-05-23 10:51:03 | INFO |       14.721 ¦     1479           1              0.010 
2025-05-23 10:51:03 | INFO |       14.731 ¦     1480           1              0.010 
2025-05-23 10:51:03 | INFO |       14.741 ¦     1481           1              0.010 
2025-05-23 10:51:03 | INFO |       14.751 ¦     1482           1              0.010 
2025-05-23 10:51:03 | INFO |       14.761 ¦     1483           1              0.010 
2025-05-23 10:51:03 | INFO |       14.771 ¦     1484           1              0.010 
2025-05-23 10:51:03 | INFO |       14.781 ¦     1485           1              0.010 
2025-05-23 10:51:03 | INFO |       14.791 ¦     1486           1              0.010 
2025-05-23 10:51:03 | INFO |       14.801 ¦     1487           1              0.010 
2025-05-23 10:51:03 | INFO |       14.811 ¦     1488           1              0.010 
2025-05-23 10:51:03 | INFO |       14.821 ¦     1489           1              0.010 
2025-05-23 10:51:03 | INFO |       14.831 ¦     1490           1              0.010 
2025-05-23 10:51:03 | INFO |       14.841 ¦     1491           1              0.010 
2025-05-23 10:51:03 | INFO |       14.851 ¦     1492           1              0.010 
2025-05-23 10:51:03 | INFO |       14.861 ¦     1493           1              0.010 
2025-05-23 10:51:03 | INFO |       14.871 ¦     1494           1              0.010 
2025-05-23 10:51:03 | INFO |       14.881 ¦     1495           1              0.010 
2025-05-23 10:51:03 | INFO |       14.891 ¦     1496           1              0.010 
2025-05-23 10:51:03 | INFO |       14.901 ¦     1497           1              0.010 
2025-05-23 10:51:03 | INFO |       14.911 ¦     1498           1              0.010 
2025-05-23 10:51:03 | INFO |       14.921 ¦     1499           1              0.010 
2025-05-23 10:51:03 | INFO |       14.931 ¦     1500           1              0.010 
2025-05-23 10:51:03 | INFO |       14.941 ¦     1501           1              0.010 
2025-05-23 10:51:03 | INFO |       14.951 ¦     1502           1              0.010 
2025-05-23 10:51:03 | INFO |       14.961 ¦     1503           1              0.010 
2025-05-23 10:51:03 | INFO |       14.971 ¦     1504           1              0.010 
2025-05-23 10:51:03 | INFO |       14.981 ¦     1505           1              0.010 
2025-05-23 10:51:03 | INFO |       14.991 ¦     1506           1              0.010 
2025-05-23 10:51:03 | INFO |       15.001 ¦     1507           1              0.010 
2025-05-23 10:51:03 | INFO |       15.011 ¦     1508           1              0.010 
2025-05-23 10:51:03 | INFO |       15.021 ¦     1509           1              0.010 
2025-05-23 10:51:03 | INFO |       15.031 ¦     1510           1              0.010 
2025-05-23 10:51:03 | INFO |       15.041 ¦     1511           1              0.010 
2025-05-23 10:51:03 | INFO |       15.051 ¦     1512           1              0.010 
2025-05-23 10:51:03 | INFO |       15.061 ¦     1513           1              0.010 
2025-05-23 10:51:03 | INFO |       15.071 ¦     1514           1              0.010 
2025-05-23 10:51:03 | INFO |       15.081 ¦     1515           1              0.010 
2025-05-23 10:51:03 | INFO |       15.091 ¦     1516           1              0.010 
2025-05-23 10:51:03 | INFO |       15.101 ¦     1517           1              0.010 
2025-05-23 10:51:03 | INFO |       15.111 ¦     1518           1              0.010 
2025-05-23 10:51:03 | INFO |       15.121 ¦     1519           1              0.010 
2025-05-23 10:51:03 | INFO |       15.131 ¦     1520           1              0.010 
2025-05-23 10:51:03 | INFO |       15.141 ¦     1521           1              0.010 
2025-05-23 10:51:03 | INFO |       15.151 ¦     1522           1              0.010 
2025-05-23 10:51:03 | INFO |       15.161 ¦     1523           1              0.010 
2025-05-23 10:51:03 | INFO |       15.171 ¦     1524           1              0.010 
2025-05-23 10:51:03 | INFO |       15.181 ¦     1525           1              0.010 
2025-05-23 10:51:03 | INFO |       15.191 ¦     1526           1              0.010 
2025-05-23 10:51:03 | INFO |       15.201 ¦     1527           1              0.010 
2025-05-23 10:51:03 | INFO |       15.211 ¦     1528           1              0.010 
2025-05-23 10:51:03 | INFO |       15.221 ¦     1529           1              0.010 
2025-05-23 10:51:03 | INFO |       15.231 ¦     1530           1              0.010 
2025-05-23 10:51:03 | INFO |       15.241 ¦     1531           1              0.010 
2025-05-23 10:51:03 | INFO |       15.251 ¦     1532           1              0.010 
2025-05-23 10:51:03 | INFO |       15.261 ¦     1533           1              0.010 
2025-05-23 10:51:03 | INFO |       15.271 ¦     1534           1              0.010 
2025-05-23 10:51:03 | INFO |       15.281 ¦     1535           1              0.010 
2025-05-23 10:51:03 | INFO |       15.291 ¦     1536           1              0.010 
2025-05-23 10:51:03 | INFO |       15.301 ¦     1537           1              0.010 
2025-05-23 10:51:03 | INFO |       15.311 ¦     1538           1              0.010 
2025-05-23 10:51:03 | INFO |       15.321 ¦     1539           1              0.010 
2025-05-23 10:51:03 | INFO |       15.331 ¦     1540           1              0.010 
2025-05-23 10:51:03 | INFO |       15.341 ¦     1541           1              0.010 
2025-05-23 10:51:03 | INFO |       15.351 ¦     1542           1              0.010 
2025-05-23 10:51:03 | INFO |       15.361 ¦     1543           1              0.010 
2025-05-23 10:51:03 | INFO |       15.371 ¦     1544           1              0.010 
2025-05-23 10:51:03 | INFO |       15.381 ¦     1545           1              0.010 
2025-05-23 10:51:03 | INFO |       15.391 ¦     1546           1              0.010 
2025-05-23 10:51:03 | INFO |       15.401 ¦     1547           1              0.010 
2025-05-23 10:51:03 | INFO |       15.411 ¦     1548           1              0.010 
2025-05-23 10:51:03 | INFO |       15.421 ¦     1549           1              0.010 
2025-05-23 10:51:03 | INFO |       15.431 ¦     1550           1              0.010 
2025-05-23 10:51:03 | INFO |       15.441 ¦     1551           1              0.010 
2025-05-23 10:51:03 | INFO |       15.451 ¦     1552           1              0.010 
2025-05-23 10:51:03 | INFO |       15.461 ¦     1553           1              0.010 
2025-05-23 10:51:03 | INFO |       15.471 ¦     1554           1              0.010 
2025-05-23 10:51:03 | INFO |       15.481 ¦     1555           1              0.010 
2025-05-23 10:51:03 | INFO |       15.491 ¦     1556           1              0.010 
2025-05-23 10:51:03 | INFO |       15.501 ¦     1557           1              0.010 
2025-05-23 10:51:03 | INFO |       15.511 ¦     1558           1              0.010 
2025-05-23 10:51:03 | INFO |       15.521 ¦     1559           1              0.010 
2025-05-23 10:51:03 | INFO |       15.531 ¦     1560           1              0.010 
2025-05-23 10:51:03 | INFO |       15.541 ¦     1561           1              0.010 
2025-05-23 10:51:03 | INFO |       15.551 ¦     1562           1              0.010 
2025-05-23 10:51:03 | INFO |       15.561 ¦     1563           1              0.010 
2025-05-23 10:51:03 | INFO |       15.571 ¦     1564           1              0.010 
2025-05-23 10:51:03 | INFO |       15.581 ¦     1565           1              0.010 
2025-05-23 10:51:03 | INFO |       15.591 ¦     1566           1              0.010 
2025-05-23 10:51:03 | INFO |       15.601 ¦     1567           1              0.010 
2025-05-23 10:51:03 | INFO |       15.611 ¦     1568           1              0.010 
2025-05-23 10:51:03 | INFO |       15.621 ¦     1569           1              0.010 
2025-05-23 10:51:03 | INFO |       15.631 ¦     1570           1              0.010 
2025-05-23 10:51:03 | INFO |       15.641 ¦     1571           1              0.010 
2025-05-23 10:51:03 | INFO |       15.651 ¦     1572           1              0.010 
2025-05-23 10:51:03 | INFO |       15.661 ¦     1573           1              0.010 
2025-05-23 10:51:03 | INFO |       15.671 ¦     1574           1              0.010 
2025-05-23 10:51:03 | INFO |       15.681 ¦     1575           1              0.010 
2025-05-23 10:51:03 | INFO |       15.691 ¦     1576           1              0.010 
2025-05-23 10:51:03 | INFO |       15.701 ¦     1577           1              0.010 
2025-05-23 10:51:03 | INFO |       15.711 ¦     1578           1              0.010 
2025-05-23 10:51:03 | INFO |       15.721 ¦     1579           1              0.010 
2025-05-23 10:51:03 | INFO |       15.731 ¦     1580           1              0.010 
2025-05-23 10:51:03 | INFO |       15.741 ¦     1581           1              0.010 
2025-05-23 10:51:03 | INFO |       15.751 ¦     1582           1              0.010 
2025-05-23 10:51:03 | INFO |       15.761 ¦     1583           1              0.010 
2025-05-23 10:51:03 | INFO |       15.771 ¦     1584           1              0.010 
2025-05-23 10:51:03 | INFO |       15.781 ¦     1585           1              0.010 
2025-05-23 10:51:03 | INFO |       15.791 ¦     1586           1              0.010 
2025-05-23 10:51:03 | INFO |       15.801 ¦     1587           1              0.010 
2025-05-23 10:51:03 | INFO |       15.811 ¦     1588           1              0.010 
2025-05-23 10:51:03 | INFO |       15.821 ¦     1589           1              0.010 
2025-05-23 10:51:03 | INFO |       15.831 ¦     1590           1              0.010 
2025-05-23 10:51:03 | INFO |       15.841 ¦     1591           1              0.010 
2025-05-23 10:51:03 | INFO |       15.851 ¦     1592           1              0.010 
2025-05-23 10:51:03 | INFO |       15.861 ¦     1593           1              0.010 
2025-05-23 10:51:03 | INFO |       15.871 ¦     1594           1              0.010 
2025-05-23 10:51:03 | INFO |       15.881 ¦     1595           1              0.010 
2025-05-23 10:51:03 | INFO |       15.891 ¦     1596           1              0.010 
2025-05-23 10:51:03 | INFO |       15.901 ¦     1597           1              0.010 
2025-05-23 10:51:03 | INFO |       15.911 ¦     1598           1              0.010 
2025-05-23 10:51:03 | INFO |       15.921 ¦     1599           1              0.010 
2025-05-23 10:51:03 | INFO |       15.931 ¦     1600           1              0.010 
2025-05-23 10:51:03 | INFO |       15.941 ¦     1601           1              0.010 
2025-05-23 10:51:03 | INFO |       15.951 ¦     1602           1              0.010 
2025-05-23 10:51:03 | INFO |       15.961 ¦     1603           1              0.010 
2025-05-23 10:51:03 | INFO |       15.971 ¦     1604           1              0.010 
2025-05-23 10:51:03 | INFO |       15.981 ¦     1605           1              0.010 
2025-05-23 10:51:03 | INFO |       15.991 ¦     1606           1              0.010 
2025-05-23 10:51:03 | INFO |       16.001 ¦     1607           1              0.010 
2025-05-23 10:51:03 | INFO |       16.011 ¦     1608           1              0.010 
2025-05-23 10:51:03 | INFO |       16.021 ¦     1609           1              0.010 
2025-05-23 10:51:03 | INFO |       16.031 ¦     1610           1              0.010 
2025-05-23 10:51:03 | INFO |       16.041 ¦     1611           1              0.010 
2025-05-23 10:51:03 | INFO |       16.051 ¦     1612           1              0.010 
2025-05-23 10:51:03 | INFO |       16.061 ¦     1613           1              0.010 
2025-05-23 10:51:03 | INFO |       16.071 ¦     1614           1              0.010 
2025-05-23 10:51:03 | INFO |       16.081 ¦     1615           1              0.010 
2025-05-23 10:51:03 | INFO |       16.091 ¦     1616           1              0.010 
2025-05-23 10:51:03 | INFO |       16.101 ¦     1617           1              0.010 
2025-05-23 10:51:03 | INFO |       16.111 ¦     1618           1              0.010 
2025-05-23 10:51:03 | INFO |       16.121 ¦     1619           1              0.010 
2025-05-23 10:51:03 | INFO |       16.131 ¦     1620           1              0.010 
2025-05-23 10:51:03 | INFO |       16.141 ¦     1621           1              0.010 
2025-05-23 10:51:03 | INFO |       16.151 ¦     1622           1              0.010 
2025-05-23 10:51:03 | INFO |       16.161 ¦     1623           1              0.010 
2025-05-23 10:51:03 | INFO |       16.171 ¦     1624           1              0.010 
2025-05-23 10:51:03 | INFO |       16.181 ¦     1625           1              0.010 
2025-05-23 10:51:03 | INFO |       16.191 ¦     1626           1              0.010 
2025-05-23 10:51:03 | INFO |       16.201 ¦     1627           1              0.010 
2025-05-23 10:51:03 | INFO |       16.211 ¦     1628           1              0.010 
2025-05-23 10:51:03 | INFO |       16.221 ¦     1629           1              0.010 
2025-05-23 10:51:03 | INFO |       16.231 ¦     1630           1              0.010 
2025-05-23 10:51:03 | INFO |       16.241 ¦     1631           1              0.010 
2025-05-23 10:51:03 | INFO |       16.251 ¦     1632           1              0.010 
2025-05-23 10:51:03 | INFO |       16.261 ¦     1633           1              0.010 
2025-05-23 10:51:03 | INFO |       16.271 ¦     1634           1              0.010 
2025-05-23 10:51:03 | INFO |       16.281 ¦     1635           1              0.010 
2025-05-23 10:51:03 | INFO |       16.291 ¦     1636           1              0.010 
2025-05-23 10:51:03 | INFO |       16.301 ¦     1637           1              0.010 
2025-05-23 10:51:03 | INFO |       16.311 ¦     1638           1              0.010 
2025-05-23 10:51:03 | INFO |       16.321 ¦     1639           1              0.010 
2025-05-23 10:51:03 | INFO |       16.331 ¦     1640           1              0.010 
2025-05-23 10:51:03 | INFO |       16.341 ¦     1641           1              0.010 
2025-05-23 10:51:03 | INFO |       16.351 ¦     1642           1              0.010 
2025-05-23 10:51:03 | INFO |       16.361 ¦     1643           1              0.010 
2025-05-23 10:51:03 | INFO |       16.371 ¦     1644           1              0.010 
2025-05-23 10:51:03 | INFO |       16.381 ¦     1645           1              0.010 
2025-05-23 10:51:03 | INFO |       16.391 ¦     1646           1              0.010 
2025-05-23 10:51:03 | INFO |       16.401 ¦     1647           1              0.010 
2025-05-23 10:51:03 | INFO |       16.411 ¦     1648           1              0.010 
2025-05-23 10:51:03 | INFO |       16.421 ¦     1649           1              0.010 
2025-05-23 10:51:03 | INFO |       16.431 ¦     1650           1              0.010 
2025-05-23 10:51:03 | INFO |       16.441 ¦     1651           1              0.010 
2025-05-23 10:51:03 | INFO |       16.451 ¦     1652           1              0.010 
2025-05-23 10:51:03 | INFO |       16.461 ¦     1653           1              0.010 
2025-05-23 10:51:03 | INFO |       16.471 ¦     1654           1              0.010 
2025-05-23 10:51:03 | INFO |       16.481 ¦     1655           1              0.010 
2025-05-23 10:51:03 | INFO |       16.491 ¦     1656           1              0.010 
2025-05-23 10:51:03 | INFO |       16.501 ¦     1657           1              0.010 
2025-05-23 10:51:03 | INFO |       16.511 ¦     1658           1              0.010 
2025-05-23 10:51:03 | INFO |       16.521 ¦     1659           1              0.010 
2025-05-23 10:51:03 | INFO |       16.531 ¦     1660           1              0.010 
2025-05-23 10:51:03 | INFO |       16.541 ¦     1661           1              0.010 
2025-05-23 10:51:03 | INFO |       16.551 ¦     1662           1              0.010 
2025-05-23 10:51:03 | INFO |       16.561 ¦     1663           1              0.010 
2025-05-23 10:51:03 | INFO |       16.571 ¦     1664           1              0.010 
2025-05-23 10:51:03 | INFO |       16.581 ¦     1665           1              0.010 
2025-05-23 10:51:03 | INFO |       16.591 ¦     1666           1              0.010 
2025-05-23 10:51:03 | INFO |       16.601 ¦     1667           1              0.010 
2025-05-23 10:51:03 | INFO |       16.611 ¦     1668           1              0.010 
2025-05-23 10:51:03 | INFO |       16.621 ¦     1669           1              0.010 
2025-05-23 10:51:03 | INFO |       16.631 ¦     1670           1              0.010 
2025-05-23 10:51:03 | INFO |       16.641 ¦     1671           1              0.010 
2025-05-23 10:51:03 | INFO |       16.651 ¦     1672           1              0.010 
2025-05-23 10:51:03 | INFO |       16.661 ¦     1673           1              0.010 
2025-05-23 10:51:03 | INFO |       16.671 ¦     1674           1              0.010 
2025-05-23 10:51:03 | INFO |       16.681 ¦     1675           1              0.010 
2025-05-23 10:51:03 | INFO |       16.691 ¦     1676           1              0.010 
2025-05-23 10:51:03 | INFO |       16.701 ¦     1677           1              0.010 
2025-05-23 10:51:03 | INFO |       16.711 ¦     1678           1              0.010 
2025-05-23 10:51:03 | INFO |       16.721 ¦     1679           1              0.010 
2025-05-23 10:51:03 | INFO |       16.731 ¦     1680           1              0.010 
2025-05-23 10:51:03 | INFO |       16.741 ¦     1681           1              0.010 
2025-05-23 10:51:03 | INFO |       16.751 ¦     1682           1              0.010 
2025-05-23 10:51:03 | INFO |       16.761 ¦     1683           1              0.010 
2025-05-23 10:51:03 | INFO |       16.771 ¦     1684           1              0.010 
2025-05-23 10:51:03 | INFO |       16.781 ¦     1685           1              0.010 
2025-05-23 10:51:03 | INFO |       16.791 ¦     1686           1              0.010 
2025-05-23 10:51:03 | INFO |       16.801 ¦     1687           1              0.010 
2025-05-23 10:51:03 | INFO |       16.811 ¦     1688           1              0.010 
2025-05-23 10:51:03 | INFO |       16.821 ¦     1689           1              0.010 
2025-05-23 10:51:03 | INFO |       16.831 ¦     1690           1              0.010 
2025-05-23 10:51:03 | INFO |       16.841 ¦     1691           1              0.010 
2025-05-23 10:51:03 | INFO |       16.851 ¦     1692           1              0.010 
2025-05-23 10:51:03 | INFO |       16.861 ¦     1693           1              0.010 
2025-05-23 10:51:03 | INFO |       16.871 ¦     1694           1              0.010 
2025-05-23 10:51:03 | INFO |       16.881 ¦     1695           1              0.010 
2025-05-23 10:51:03 | INFO |       16.891 ¦     1696           1              0.010 
2025-05-23 10:51:03 | INFO |       16.901 ¦     1697           1              0.010 
2025-05-23 10:51:03 | INFO |       16.911 ¦     1698           1              0.010 
2025-05-23 10:51:03 | INFO |       16.921 ¦     1699           1              0.010 
2025-05-23 10:51:03 | INFO |       16.931 ¦     1700           1              0.010 
2025-05-23 10:51:03 | INFO |       16.941 ¦     1701           1              0.010 
2025-05-23 10:51:03 | INFO |       16.951 ¦     1702           1              0.010 
2025-05-23 10:51:03 | INFO |       16.961 ¦     1703           1              0.010 
2025-05-23 10:51:03 | INFO |       16.971 ¦     1704           1              0.010 
2025-05-23 10:51:03 | INFO |       16.981 ¦     1705           1              0.010 
2025-05-23 10:51:03 | INFO |       16.991 ¦     1706           1              0.010 
2025-05-23 10:51:03 | INFO |       17.001 ¦     1707           1              0.010 
2025-05-23 10:51:03 | INFO |       17.011 ¦     1708           1              0.010 
2025-05-23 10:51:03 | INFO |       17.021 ¦     1709           1              0.010 
2025-05-23 10:51:03 | INFO |       17.031 ¦     1710           1              0.010 
2025-05-23 10:51:03 | INFO |       17.041 ¦     1711           1              0.010 
2025-05-23 10:51:03 | INFO |       17.051 ¦     1712           1              0.010 
2025-05-23 10:51:03 | INFO |       17.061 ¦     1713           1              0.010 
2025-05-23 10:51:03 | INFO |       17.071 ¦     1714           1              0.010 
2025-05-23 10:51:03 | INFO |       17.081 ¦     1715           1              0.010 
2025-05-23 10:51:03 | INFO |       17.091 ¦     1716           1              0.010 
2025-05-23 10:51:03 | INFO |       17.101 ¦     1717           1              0.010 
2025-05-23 10:51:03 | INFO |       17.111 ¦     1718           1              0.010 
2025-05-23 10:51:03 | INFO |       17.121 ¦     1719           1              0.010 
2025-05-23 10:51:03 | INFO |       17.131 ¦     1720           1              0.010 
2025-05-23 10:51:03 | INFO |       17.141 ¦     1721           1              0.010 
2025-05-23 10:51:03 | INFO |       17.151 ¦     1722           1              0.010 
2025-05-23 10:51:03 | INFO |       17.161 ¦     1723           1              0.010 
2025-05-23 10:51:03 | INFO |       17.171 ¦     1724           1              0.010 
2025-05-23 10:51:03 | INFO |       17.181 ¦     1725           1              0.010 
2025-05-23 10:51:03 | INFO |       17.191 ¦     1726           1              0.010 
2025-05-23 10:51:03 | INFO |       17.201 ¦     1727           1              0.010 
2025-05-23 10:51:03 | INFO |       17.211 ¦     1728           1              0.010 
2025-05-23 10:51:03 | INFO |       17.221 ¦     1729           1              0.010 
2025-05-23 10:51:03 | INFO |       17.231 ¦     1730           1              0.010 
2025-05-23 10:51:03 | INFO |       17.241 ¦     1731           1              0.010 
2025-05-23 10:51:03 | INFO |       17.251 ¦     1732           1              0.010 
2025-05-23 10:51:03 | INFO |       17.261 ¦     1733           1              0.010 
2025-05-23 10:51:03 | INFO |       17.271 ¦     1734           1              0.010 
2025-05-23 10:51:03 | INFO |       17.281 ¦     1735           1              0.010 
2025-05-23 10:51:03 | INFO |       17.291 ¦     1736           1              0.010 
2025-05-23 10:51:03 | INFO |       17.301 ¦     1737           1              0.010 
2025-05-23 10:51:03 | INFO |       17.311 ¦     1738           1              0.010 
2025-05-23 10:51:03 | INFO |       17.321 ¦     1739           1              0.010 
2025-05-23 10:51:03 | INFO |       17.331 ¦     1740           1              0.010 
2025-05-23 10:51:03 | INFO |       17.341 ¦     1741           1              0.010 
2025-05-23 10:51:03 | INFO |       17.351 ¦     1742           1              0.010 
2025-05-23 10:51:03 | INFO |       17.361 ¦     1743           1              0.010 
2025-05-23 10:51:03 | INFO |       17.371 ¦     1744           1              0.010 
2025-05-23 10:51:03 | INFO |       17.381 ¦     1745           1              0.010 
2025-05-23 10:51:03 | INFO |       17.391 ¦     1746           1              0.010 
2025-05-23 10:51:03 | INFO |       17.401 ¦     1747           1              0.010 
2025-05-23 10:51:03 | INFO |       17.411 ¦     1748           1              0.010 
2025-05-23 10:51:03 | INFO |       17.421 ¦     1749           1              0.010 
2025-05-23 10:51:03 | INFO |       17.431 ¦     1750           1              0.010 
2025-05-23 10:51:03 | INFO |       17.441 ¦     1751           1              0.010 
2025-05-23 10:51:03 | INFO |       17.451 ¦     1752           1              0.010 
2025-05-23 10:51:03 | INFO |       17.461 ¦     1753           1              0.010 
2025-05-23 10:51:03 | INFO |       17.471 ¦     1754           1              0.010 
2025-05-23 10:51:03 | INFO |       17.481 ¦     1755           1              0.010 
2025-05-23 10:51:03 | INFO |       17.491 ¦     1756           1              0.010 
2025-05-23 10:51:03 | INFO |       17.501 ¦     1757           1              0.010 
2025-05-23 10:51:03 | INFO |       17.511 ¦     1758           1              0.010 
2025-05-23 10:51:03 | INFO |       17.521 ¦     1759           1              0.010 
2025-05-23 10:51:03 | INFO |       17.531 ¦     1760           1              0.010 
2025-05-23 10:51:03 | INFO |       17.541 ¦     1761           1              0.010 
2025-05-23 10:51:03 | INFO |       17.551 ¦     1762           1              0.010 
2025-05-23 10:51:03 | INFO |       17.561 ¦     1763           1              0.010 
2025-05-23 10:51:03 | INFO |       17.571 ¦     1764           1              0.010 
2025-05-23 10:51:03 | INFO |       17.581 ¦     1765           1              0.010 
2025-05-23 10:51:03 | INFO |       17.591 ¦     1766           1              0.010 
2025-05-23 10:51:03 | INFO |       17.601 ¦     1767           1              0.010 
2025-05-23 10:51:03 | INFO |       17.611 ¦     1768           1              0.010 
2025-05-23 10:51:03 | INFO |       17.621 ¦     1769           1              0.010 
2025-05-23 10:51:03 | INFO |       17.631 ¦     1770           1              0.010 
2025-05-23 10:51:03 | INFO |       17.641 ¦     1771           1              0.010 
2025-05-23 10:51:03 | INFO |       17.651 ¦     1772           1              0.010 
2025-05-23 10:51:03 | INFO |       17.661 ¦     1773           1              0.010 
2025-05-23 10:51:03 | INFO |       17.671 ¦     1774           1              0.010 
2025-05-23 10:51:03 | INFO |       17.681 ¦     1775           1              0.010 
2025-05-23 10:51:03 | INFO |       17.691 ¦     1776           1              0.010 
2025-05-23 10:51:03 | INFO |       17.701 ¦     1777           1              0.010 
2025-05-23 10:51:03 | INFO |       17.711 ¦     1778           1              0.010 
2025-05-23 10:51:03 | INFO |       17.721 ¦     1779           1              0.010 
2025-05-23 10:51:03 | INFO |       17.731 ¦     1780           1              0.010 
2025-05-23 10:51:03 | INFO |       17.741 ¦     1781           1              0.010 
2025-05-23 10:51:03 | INFO |       17.751 ¦     1782           1              0.010 
2025-05-23 10:51:03 | INFO |       17.761 ¦     1783           1              0.010 
2025-05-23 10:51:03 | INFO |       17.771 ¦     1784           1              0.010 
2025-05-23 10:51:03 | INFO |       17.781 ¦     1785           1              0.010 
2025-05-23 10:51:03 | INFO |       17.791 ¦     1786           1              0.010 
2025-05-23 10:51:03 | INFO |       17.801 ¦     1787           1              0.010 
2025-05-23 10:51:03 | INFO |       17.811 ¦     1788           1              0.010 
2025-05-23 10:51:03 | INFO |       17.821 ¦     1789           1              0.010 
2025-05-23 10:51:03 | INFO |       17.831 ¦     1790           1              0.010 
2025-05-23 10:51:03 | INFO |       17.841 ¦     1791           1              0.010 
2025-05-23 10:51:03 | INFO |       17.851 ¦     1792           1              0.010 
2025-05-23 10:51:03 | INFO |       17.861 ¦     1793           1              0.010 
2025-05-23 10:51:03 | INFO |       17.871 ¦     1794           1              0.010 
2025-05-23 10:51:03 | INFO |       17.881 ¦     1795           1              0.010 
2025-05-23 10:51:03 | INFO |       17.891 ¦     1796           1              0.010 
2025-05-23 10:51:03 | INFO |       17.901 ¦     1797           1              0.010 
2025-05-23 10:51:03 | INFO |       17.911 ¦     1798           1              0.010 
2025-05-23 10:51:03 | INFO |       17.921 ¦     1799           1              0.010 
2025-05-23 10:51:03 | INFO |       17.931 ¦     1800           1              0.010 
2025-05-23 10:51:03 | INFO |       17.941 ¦     1801           1              0.010 
2025-05-23 10:51:03 | INFO |       17.951 ¦     1802           1              0.010 
2025-05-23 10:51:03 | INFO |       17.961 ¦     1803           1              0.010 
2025-05-23 10:51:03 | INFO |       17.971 ¦     1804           1              0.010 
2025-05-23 10:51:03 | INFO |       17.981 ¦     1805           1              0.010 
2025-05-23 10:51:03 | INFO |       17.991 ¦     1806           1              0.010 
2025-05-23 10:51:03 | INFO |       18.001 ¦     1807           1              0.010 
2025-05-23 10:51:03 | INFO |       18.011 ¦     1808           1              0.010 
2025-05-23 10:51:03 | INFO |       18.021 ¦     1809           1              0.010 
2025-05-23 10:51:03 | INFO |       18.031 ¦     1810           1              0.010 
2025-05-23 10:51:03 | INFO |       18.041 ¦     1811           1              0.010 
2025-05-23 10:51:03 | INFO |       18.051 ¦     1812           1              0.010 
2025-05-23 10:51:03 | INFO |       18.061 ¦     1813           1              0.010 
2025-05-23 10:51:03 | INFO |       18.071 ¦     1814           1              0.010 
2025-05-23 10:51:03 | INFO |       18.081 ¦     1815           1              0.010 
2025-05-23 10:51:03 | INFO |       18.091 ¦     1816           1              0.010 
2025-05-23 10:51:03 | INFO |       18.101 ¦     1817           1              0.010 
2025-05-23 10:51:03 | INFO |       18.111 ¦     1818           1              0.010 
2025-05-23 10:51:03 | INFO |       18.121 ¦     1819           1              0.010 
2025-05-23 10:51:03 | INFO |       18.131 ¦     1820           1              0.010 
2025-05-23 10:51:03 | INFO |       18.141 ¦     1821           1              0.010 
2025-05-23 10:51:03 | INFO |       18.151 ¦     1822           1              0.010 
2025-05-23 10:51:03 | INFO |       18.161 ¦     1823           1              0.010 
2025-05-23 10:51:03 | INFO |       18.171 ¦     1824           1              0.010 
2025-05-23 10:51:03 | INFO |       18.181 ¦     1825           1              0.010 
2025-05-23 10:51:03 | INFO |       18.191 ¦     1826           1              0.010 
2025-05-23 10:51:03 | INFO |       18.201 ¦     1827           1              0.010 
2025-05-23 10:51:03 | INFO |       18.211 ¦     1828           1              0.010 
2025-05-23 10:51:03 | INFO |       18.221 ¦     1829           1              0.010 
2025-05-23 10:51:03 | INFO |       18.231 ¦     1830           1              0.010 
2025-05-23 10:51:03 | INFO |       18.241 ¦     1831           1              0.010 
2025-05-23 10:51:03 | INFO |       18.251 ¦     1832           1              0.010 
2025-05-23 10:51:03 | INFO |       18.261 ¦     1833           1              0.010 
2025-05-23 10:51:03 | INFO |       18.271 ¦     1834           1              0.010 
2025-05-23 10:51:03 | INFO |       18.281 ¦     1835           1              0.010 
2025-05-23 10:51:03 | INFO |       18.291 ¦     1836           1              0.010 
2025-05-23 10:51:03 | INFO |       18.301 ¦     1837           1              0.010 
2025-05-23 10:51:03 | INFO |       18.311 ¦     1838           1              0.010 
2025-05-23 10:51:03 | INFO |       18.321 ¦     1839           1              0.010 
2025-05-23 10:51:03 | INFO |       18.331 ¦     1840           1              0.010 
2025-05-23 10:51:03 | INFO |       18.341 ¦     1841           1              0.010 
2025-05-23 10:51:03 | INFO |       18.351 ¦     1842           1              0.010 
2025-05-23 10:51:03 | INFO |       18.361 ¦     1843           1              0.010 
2025-05-23 10:51:03 | INFO |       18.371 ¦     1844           1              0.010 
2025-05-23 10:51:03 | INFO |       18.381 ¦     1845           1              0.010 
2025-05-23 10:51:03 | INFO |       18.391 ¦     1846           1              0.010 
2025-05-23 10:51:03 | INFO |       18.401 ¦     1847           1              0.010 
2025-05-23 10:51:03 | INFO |       18.411 ¦     1848           1              0.010 
2025-05-23 10:51:03 | INFO |       18.421 ¦     1849           1              0.010 
2025-05-23 10:51:03 | INFO |       18.431 ¦     1850           1              0.010 
2025-05-23 10:51:03 | INFO |       18.441 ¦     1851           1              0.010 
2025-05-23 10:51:03 | INFO |       18.451 ¦     1852           1              0.010 
2025-05-23 10:51:03 | INFO |       18.461 ¦     1853           1              0.010 
2025-05-23 10:51:03 | INFO |       18.471 ¦     1854           1              0.010 
2025-05-23 10:51:03 | INFO |       18.481 ¦     1855           1              0.010 
2025-05-23 10:51:03 | INFO |       18.491 ¦     1856           1              0.010 
2025-05-23 10:51:03 | INFO |       18.501 ¦     1857           1              0.010 
2025-05-23 10:51:03 | INFO |       18.511 ¦     1858           1              0.010 
2025-05-23 10:51:03 | INFO |       18.521 ¦     1859           1              0.010 
2025-05-23 10:51:03 | INFO |       18.531 ¦     1860           1              0.010 
2025-05-23 10:51:03 | INFO |       18.541 ¦     1861           1              0.010 
2025-05-23 10:51:03 | INFO |       18.551 ¦     1862           1              0.010 
2025-05-23 10:51:03 | INFO |       18.561 ¦     1863           1              0.010 
2025-05-23 10:51:03 | INFO |       18.571 ¦     1864           1              0.010 
2025-05-23 10:51:03 | INFO |       18.581 ¦     1865           1              0.010 
2025-05-23 10:51:03 | INFO |       18.591 ¦     1866           1              0.010 
2025-05-23 10:51:03 | INFO |       18.601 ¦     1867           1              0.010 
2025-05-23 10:51:03 | INFO |       18.611 ¦     1868           1              0.010 
2025-05-23 10:51:03 | INFO |       18.621 ¦     1869           1              0.010 
2025-05-23 10:51:03 | INFO |       18.631 ¦     1870           1              0.010 
2025-05-23 10:51:03 | INFO |       18.641 ¦     1871           1              0.010 
2025-05-23 10:51:03 | INFO |       18.651 ¦     1872           1              0.010 
2025-05-23 10:51:03 | INFO |       18.661 ¦     1873           1              0.010 
2025-05-23 10:51:03 | INFO |       18.671 ¦     1874           1              0.010 
2025-05-23 10:51:03 | INFO |       18.681 ¦     1875           1              0.010 
2025-05-23 10:51:03 | INFO |       18.691 ¦     1876           1              0.010 
2025-05-23 10:51:03 | INFO |       18.701 ¦     1877           1              0.010 
2025-05-23 10:51:03 | INFO |       18.711 ¦     1878           1              0.010 
2025-05-23 10:51:03 | INFO |       18.721 ¦     1879           1              0.010 
2025-05-23 10:51:03 | INFO |       18.731 ¦     1880           1              0.010 
2025-05-23 10:51:03 | INFO |       18.741 ¦     1881           1              0.010 
2025-05-23 10:51:03 | INFO |       18.751 ¦     1882           1              0.010 
2025-05-23 10:51:03 | INFO |       18.761 ¦     1883           1              0.010 
2025-05-23 10:51:03 | INFO |       18.771 ¦     1884           1              0.010 
2025-05-23 10:51:03 | INFO |       18.781 ¦     1885           1              0.010 
2025-05-23 10:51:03 | INFO |       18.791 ¦     1886           1              0.010 
2025-05-23 10:51:03 | INFO |       18.801 ¦     1887           1              0.010 
2025-05-23 10:51:03 | INFO |       18.811 ¦     1888           1              0.010 
2025-05-23 10:51:03 | INFO |       18.821 ¦     1889           1              0.010 
2025-05-23 10:51:03 | INFO |       18.831 ¦     1890           1              0.010 
2025-05-23 10:51:03 | INFO |       18.841 ¦     1891           1              0.010 
2025-05-23 10:51:03 | INFO |       18.851 ¦     1892           1              0.010 
2025-05-23 10:51:03 | INFO |       18.861 ¦     1893           1              0.010 
2025-05-23 10:51:03 | INFO |       18.871 ¦     1894           1              0.010 
2025-05-23 10:51:03 | INFO |       18.881 ¦     1895           1              0.010 
2025-05-23 10:51:03 | INFO |       18.891 ¦     1896           1              0.010 
2025-05-23 10:51:03 | INFO |       18.901 ¦     1897           1              0.010 
2025-05-23 10:51:03 | INFO |       18.911 ¦     1898           1              0.010 
2025-05-23 10:51:03 | INFO |       18.921 ¦     1899           1              0.010 
2025-05-23 10:51:03 | INFO |       18.931 ¦     1900           1              0.010 
2025-05-23 10:51:03 | INFO |       18.941 ¦     1901           1              0.010 
2025-05-23 10:51:03 | INFO |       18.951 ¦     1902           1              0.010 
2025-05-23 10:51:03 | INFO |       18.961 ¦     1903           1              0.010 
2025-05-23 10:51:03 | INFO |       18.971 ¦     1904           1              0.010 
2025-05-23 10:51:03 | INFO |       18.981 ¦     1905           1              0.010 
2025-05-23 10:51:03 | INFO |       18.991 ¦     1906           1              0.010 
2025-05-23 10:51:03 | INFO |       19.001 ¦     1907           1              0.010 
2025-05-23 10:51:03 | INFO |       19.011 ¦     1908           1              0.010 
2025-05-23 10:51:03 | INFO |       19.021 ¦     1909           1              0.010 
2025-05-23 10:51:03 | INFO |       19.031 ¦     1910           1              0.010 
2025-05-23 10:51:03 | INFO |       19.041 ¦     1911           1              0.010 
2025-05-23 10:51:03 | INFO |       19.051 ¦     1912           1              0.010 
2025-05-23 10:51:03 | INFO |       19.061 ¦     1913           1              0.010 
2025-05-23 10:51:03 | INFO |       19.071 ¦     1914           1              0.010 
2025-05-23 10:51:03 | INFO |       19.081 ¦     1915           1              0.010 
2025-05-23 10:51:03 | INFO |       19.091 ¦     1916           1              0.010 
2025-05-23 10:51:03 | INFO |       19.101 ¦     1917           1              0.010 
2025-05-23 10:51:03 | INFO |       19.111 ¦     1918           1              0.010 
2025-05-23 10:51:03 | INFO |       19.121 ¦     1919           1              0.010 
2025-05-23 10:51:03 | INFO |       19.131 ¦     1920           1              0.010 
2025-05-23 10:51:03 | INFO |       19.141 ¦     1921           1              0.010 
2025-05-23 10:51:03 | INFO |       19.151 ¦     1922           1              0.010 
2025-05-23 10:51:03 | INFO |       19.161 ¦     1923           1              0.010 
2025-05-23 10:51:03 | INFO |       19.171 ¦     1924           1              0.010 
2025-05-23 10:51:03 | INFO |       19.181 ¦     1925           1              0.010 
2025-05-23 10:51:03 | INFO |       19.191 ¦     1926           1              0.010 
2025-05-23 10:51:03 | INFO |       19.201 ¦     1927           1              0.010 
2025-05-23 10:51:03 | INFO |       19.211 ¦     1928           1              0.010 
2025-05-23 10:51:03 | INFO |       19.221 ¦     1929           1              0.010 
2025-05-23 10:51:03 | INFO |       19.231 ¦     1930           1              0.010 
2025-05-23 10:51:03 | INFO |       19.241 ¦     1931           1              0.010 
2025-05-23 10:51:03 | INFO |       19.251 ¦     1932           1              0.010 
2025-05-23 10:51:03 | INFO |       19.261 ¦     1933           1              0.010 
2025-05-23 10:51:03 | INFO |       19.271 ¦     1934           1              0.010 
2025-05-23 10:51:03 | INFO |       19.281 ¦     1935           1              0.010 
2025-05-23 10:51:03 | INFO |       19.291 ¦     1936           1              0.010 
2025-05-23 10:51:03 | INFO |       19.301 ¦     1937           1              0.010 
2025-05-23 10:51:03 | INFO |       19.311 ¦     1938           1              0.010 
2025-05-23 10:51:03 | INFO |       19.321 ¦     1939           1              0.010 
2025-05-23 10:51:03 | INFO |       19.331 ¦     1940           1              0.010 
2025-05-23 10:51:03 | INFO |       19.341 ¦     1941           1              0.010 
2025-05-23 10:51:03 | INFO |       19.351 ¦     1942           1              0.010 
2025-05-23 10:51:03 | INFO |       19.361 ¦     1943           1              0.010 
2025-05-23 10:51:03 | INFO |       19.371 ¦     1944           1              0.010 
2025-05-23 10:51:03 | INFO |       19.381 ¦     1945           1              0.010 
2025-05-23 10:51:03 | INFO |       19.391 ¦     1946           1              0.010 
2025-05-23 10:51:03 | INFO |       19.401 ¦     1947           1              0.010 
2025-05-23 10:51:03 | INFO |       19.411 ¦     1948           1              0.010 
2025-05-23 10:51:03 | INFO |       19.421 ¦     1949           1              0.010 
2025-05-23 10:51:03 | INFO |       19.431 ¦     1950           1              0.010 
2025-05-23 10:51:03 | INFO |       19.441 ¦     1951           1              0.010 
2025-05-23 10:51:03 | INFO |       19.451 ¦     1952           1              0.010 
2025-05-23 10:51:03 | INFO |       19.461 ¦     1953           1              0.010 
2025-05-23 10:51:03 | INFO |       19.471 ¦     1954           1              0.010 
2025-05-23 10:51:03 | INFO |       19.481 ¦     1955           1              0.010 
2025-05-23 10:51:03 | INFO |       19.491 ¦     1956           1              0.010 
2025-05-23 10:51:03 | INFO |       19.501 ¦     1957           1              0.010 
2025-05-23 10:51:03 | INFO |       19.511 ¦     1958           1              0.010 
2025-05-23 10:51:03 | INFO |       19.521 ¦     1959           1              0.010 
2025-05-23 10:51:03 | INFO |       19.531 ¦     1960           1              0.010 
2025-05-23 10:51:03 | INFO |       19.541 ¦     1961           1              0.010 
2025-05-23 10:51:03 | INFO |       19.551 ¦     1962           1              0.010 
2025-05-23 10:51:03 | INFO |       19.561 ¦     1963           1              0.010 
2025-05-23 10:51:03 | INFO |       19.571 ¦     1964           1              0.010 
2025-05-23 10:51:03 | INFO |       19.581 ¦     1965           1              0.010 
2025-05-23 10:51:03 | INFO |       19.591 ¦     1966           1              0.010 
2025-05-23 10:51:03 | INFO |       19.601 ¦     1967           1              0.010 
2025-05-23 10:51:03 | INFO |       19.611 ¦     1968           1              0.010 
2025-05-23 10:51:03 | INFO |       19.621 ¦     1969           1              0.010 
2025-05-23 10:51:03 | INFO |       19.631 ¦     1970           1              0.010 
2025-05-23 10:51:03 | INFO |       19.641 ¦     1971           1              0.010 
2025-05-23 10:51:03 | INFO |       19.651 ¦     1972           1              0.010 
2025-05-23 10:51:03 | INFO |       19.661 ¦     1973           1              0.010 
2025-05-23 10:51:03 | INFO |       19.671 ¦     1974           1              0.010 
2025-05-23 10:51:03 | INFO |       19.681 ¦     1975           1              0.010 
2025-05-23 10:51:03 | INFO |       19.691 ¦     1976           1              0.010 
2025-05-23 10:51:03 | INFO |       19.701 ¦     1977           1              0.010 
2025-05-23 10:51:03 | INFO |       19.711 ¦     1978           1              0.010 
2025-05-23 10:51:03 | INFO |       19.721 ¦     1979           1              0.010 
2025-05-23 10:51:03 | INFO |       19.731 ¦     1980           1              0.010 
2025-05-23 10:51:03 | INFO |       19.741 ¦     1981           1              0.010 
2025-05-23 10:51:03 | INFO |       19.751 ¦     1982           1              0.010 
2025-05-23 10:51:03 | INFO |       19.761 ¦     1983           1              0.010 
2025-05-23 10:51:03 | INFO |       19.771 ¦     1984           1              0.010 
2025-05-23 10:51:03 | INFO |       19.781 ¦     1985           1              0.010 
2025-05-23 10:51:03 | INFO |       19.791 ¦     1986           1              0.010 
2025-05-23 10:51:03 | INFO |       19.801 ¦     1987           1              0.010 
2025-05-23 10:51:03 | INFO |       19.811 ¦     1988           1              0.010 
2025-05-23 10:51:03 | INFO |       19.821 ¦     1989           1              0.010 
2025-05-23 10:51:03 | INFO |       19.831 ¦     1990           1              0.010 
2025-05-23 10:51:03 | INFO |       19.841 ¦     1991           1              0.010 
2025-05-23 10:51:03 | INFO |       19.851 ¦     1992           1              0.010 
2025-05-23 10:51:03 | INFO |       19.861 ¦     1993           1              0.010 
2025-05-23 10:51:03 | INFO |       19.871 ¦     1994           1              0.010 
2025-05-23 10:51:03 | INFO |       19.881 ¦     1995           1              0.010 
2025-05-23 10:51:03 | INFO |       19.891 ¦     1996           1              0.010 
2025-05-23 10:51:03 | INFO |       19.901 ¦     1997           1              0.010 
2025-05-23 10:51:03 | INFO |       19.911 ¦     1998           1              0.010 
2025-05-23 10:51:03 | INFO |       19.921 ¦     1999           1              0.010 
2025-05-23 10:51:03 | INFO |       19.931 ¦     2000           1              0.010 
2025-05-23 10:51:03 | INFO |       19.941 ¦     2001           1              0.010 
2025-05-23 10:51:03 | INFO |       19.951 ¦     2002           1              0.010 
2025-05-23 10:51:03 | INFO |       19.961 ¦     2003           1              0.010 
2025-05-23 10:51:03 | INFO |       19.971 ¦     2004           1              0.010 
2025-05-23 10:51:03 | INFO |       19.981 ¦     2005           1              0.010 
2025-05-23 10:51:03 | INFO |       19.991 ¦     2006           1              0.010 
2025-05-23 10:51:03 | INFO | Algebraic mode change at t = 20
2025-05-23 10:51:03 | INFO |       20.000 ¦     2007           1              0.010 
2025-05-23 10:51:03 | INFO | calculation of the new starting point of the simulation.
2025-05-23 10:51:03 | INFO |       20.000 ¦        0           0              0.000 
2025-05-23 10:51:03 | INFO |       20.000 ¦        1           1              0.000 
2025-05-23 10:51:03 | INFO |       20.000 ¦        2           1              0.000 
2025-05-23 10:51:03 | INFO |       20.000 ¦        3           2              0.000 
2025-05-23 10:51:03 | INFO |       20.000 ¦        4           2              0.000 
2025-05-23 10:51:03 | INFO |       20.000 ¦        5           2              0.000 
2025-05-23 10:51:03 | INFO |       20.000 ¦        6           2              0.000 
2025-05-23 10:51:03 | INFO |       20.000 ¦        7           2              0.000 
2025-05-23 10:51:03 | INFO |       20.000 ¦        8           2              0.000 
2025-05-23 10:51:03 | INFO |       20.000 ¦        9           2              0.000 
2025-05-23 10:51:03 | INFO |       20.001 ¦       10           2              0.000 
2025-05-23 10:51:03 | INFO |       20.001 ¦       11           2              0.000 
2025-05-23 10:51:03 | INFO |       20.001 ¦       12           2              0.001 
2025-05-23 10:51:03 | INFO |       20.002 ¦       13           2              0.001 
2025-05-23 10:51:03 | INFO |       20.002 ¦       14           2              0.001 
2025-05-23 10:51:03 | INFO |       20.003 ¦       15           2              0.001 
2025-05-23 10:51:03 | INFO |       20.003 ¦       16           2              0.001 
2025-05-23 10:51:03 | INFO |       20.004 ¦       17           2              0.001 
2025-05-23 10:51:03 | INFO |       20.004 ¦       18           2              0.001 
2025-05-23 10:51:03 | INFO |       20.005 ¦       19           2              0.001 
2025-05-23 10:51:03 | INFO |       20.005 ¦       20           2              0.001 
2025-05-23 10:51:03 | INFO |       20.006 ¦       21           2              0.001 
2025-05-23 10:51:03 | INFO |       20.006 ¦       22           2              0.001 
2025-05-23 10:51:03 | INFO |       20.007 ¦       23           2              0.001 
2025-05-23 10:51:03 | INFO |       20.007 ¦       24           2              0.001 
2025-05-23 10:51:03 | INFO |       20.008 ¦       25           2              0.001 
2025-05-23 10:51:03 | INFO |       20.008 ¦       26           2              0.001 
2025-05-23 10:51:03 | INFO |       20.009 ¦       27           2              0.001 
2025-05-23 10:51:03 | INFO |       20.009 ¦       28           2              0.001 
2025-05-23 10:51:03 | INFO |       20.010 ¦       29           2              0.001 
2025-05-23 10:51:03 | INFO |       20.010 ¦       30           2              0.001 
2025-05-23 10:51:03 | INFO |       20.012 ¦       31           2              0.001 
2025-05-23 10:51:03 | INFO |       20.012 ¦       32           2              0.001 
2025-05-23 10:51:03 | INFO |       20.013 ¦       33           2              0.001 
2025-05-23 10:51:03 | INFO |       20.014 ¦       34           2              0.001 
2025-05-23 10:51:03 | INFO |       20.015 ¦       35           2              0.001 
2025-05-23 10:51:03 | INFO |       20.016 ¦       36           2              0.001 
2025-05-23 10:51:03 | INFO |       20.017 ¦       37           2              0.001 
2025-05-23 10:51:03 | INFO |       20.018 ¦       38           2              0.001 
2025-05-23 10:51:03 | INFO |       20.019 ¦       39           2              0.001 
2025-05-23 10:51:03 | INFO |       20.020 ¦       40           2              0.001 
2025-05-23 10:51:03 | INFO |       20.021 ¦       41           2              0.001 
2025-05-23 10:51:03 | INFO |       20.023 ¦       42           2              0.002 
2025-05-23 10:51:03 | INFO |       20.024 ¦       43           2              0.002 
2025-05-23 10:51:03 | INFO |       20.026 ¦       44           2              0.002 
2025-05-23 10:51:03 | INFO |       20.028 ¦       45           2              0.002 
2025-05-23 10:51:03 | INFO |       20.029 ¦       46           2              0.002 
2025-05-23 10:51:03 | INFO |       20.031 ¦       47           2              0.002 
2025-05-23 10:51:03 | INFO |       20.033 ¦       48           2              0.002 
2025-05-23 10:51:03 | INFO |       20.034 ¦       49           2              0.002 
2025-05-23 10:51:03 | INFO |       20.036 ¦       50           2              0.002 
2025-05-23 10:51:03 | INFO |       20.038 ¦       51           2              0.002 
2025-05-23 10:51:03 | INFO |       20.041 ¦       52           2              0.003 
2025-05-23 10:51:03 | INFO |       20.044 ¦       53           2              0.003 
2025-05-23 10:51:03 | INFO |       20.047 ¦       54           2              0.003 
2025-05-23 10:51:03 | INFO |       20.051 ¦       55           2              0.003 
2025-05-23 10:51:03 | INFO |       20.054 ¦       56           2              0.003 
2025-05-23 10:51:03 | INFO |       20.057 ¦       57           2              0.003 
2025-05-23 10:51:03 | INFO |       20.061 ¦       58           2              0.003 
2025-05-23 10:51:03 | INFO |       20.067 ¦       59           2              0.007 
2025-05-23 10:51:03 | INFO |       20.074 ¦       60           2              0.007 
2025-05-23 10:51:03 | INFO |       20.081 ¦       61           2              0.007 
2025-05-23 10:51:03 | INFO |       20.091 ¦       62           2              0.010 
2025-05-23 10:51:03 | INFO |       20.101 ¦       63           2              0.010 
2025-05-23 10:51:03 | INFO |       20.111 ¦       64           2              0.010 
2025-05-23 10:51:03 | INFO |       20.121 ¦       65           2              0.010 
2025-05-23 10:51:03 | INFO |       20.131 ¦       66           2              0.010 
2025-05-23 10:51:03 | INFO |       20.141 ¦       67           2              0.010 
2025-05-23 10:51:03 | INFO |       20.151 ¦       68           2              0.010 
2025-05-23 10:51:03 | INFO |       20.161 ¦       69           2              0.010 
2025-05-23 10:51:03 | INFO |       20.171 ¦       70           2              0.010 
2025-05-23 10:51:03 | INFO |       20.181 ¦       71           2              0.010 
2025-05-23 10:51:03 | INFO |       20.191 ¦       72           2              0.010 
2025-05-23 10:51:03 | INFO |       20.201 ¦       73           2              0.010 
2025-05-23 10:51:03 | INFO |       20.211 ¦       74           2              0.010 
2025-05-23 10:51:03 | INFO |       20.221 ¦       75           2              0.010 
2025-05-23 10:51:03 | INFO |       20.231 ¦       76           2              0.010 
2025-05-23 10:51:03 | INFO |       20.241 ¦       77           2              0.010 
2025-05-23 10:51:03 | INFO |       20.251 ¦       78           2              0.010 
2025-05-23 10:51:03 | INFO |       20.261 ¦       79           2              0.010 
2025-05-23 10:51:03 | INFO |       20.271 ¦       80           2              0.010 
2025-05-23 10:51:03 | INFO |       20.281 ¦       81           2              0.010 
2025-05-23 10:51:03 | INFO |       20.291 ¦       82           2              0.010 
2025-05-23 10:51:03 | INFO |       20.301 ¦       83           2              0.010 
2025-05-23 10:51:03 | INFO |       20.311 ¦       84           2              0.010 
2025-05-23 10:51:03 | INFO |       20.321 ¦       85           2              0.010 
2025-05-23 10:51:03 | INFO |       20.331 ¦       86           2              0.010 
2025-05-23 10:51:03 | INFO |       20.341 ¦       87           2              0.010 
2025-05-23 10:51:03 | INFO |       20.351 ¦       88           2              0.010 
2025-05-23 10:51:03 | INFO |       20.361 ¦       89           2              0.010 
2025-05-23 10:51:03 | INFO |       20.371 ¦       90           2              0.010 
2025-05-23 10:51:03 | INFO |       20.381 ¦       91           2              0.010 
2025-05-23 10:51:03 | INFO |       20.391 ¦       92           2              0.010 
2025-05-23 10:51:03 | INFO |       20.401 ¦       93           2              0.010 
2025-05-23 10:51:03 | INFO |       20.411 ¦       94           2              0.010 
2025-05-23 10:51:03 | INFO |       20.421 ¦       95           2              0.010 
2025-05-23 10:51:03 | INFO |       20.431 ¦       96           2              0.010 
2025-05-23 10:51:03 | INFO |       20.441 ¦       97           2              0.010 
2025-05-23 10:51:03 | INFO |       20.451 ¦       98           2              0.010 
2025-05-23 10:51:03 | INFO |       20.461 ¦       99           2              0.010 
2025-05-23 10:51:03 | INFO |       20.471 ¦      100           2              0.010 
2025-05-23 10:51:03 | INFO |       20.481 ¦      101           2              0.010 
2025-05-23 10:51:03 | INFO |       20.491 ¦      102           2              0.010 
2025-05-23 10:51:03 | INFO |       20.501 ¦      103           2              0.010 
2025-05-23 10:51:03 | INFO |       20.511 ¦      104           2              0.010 
2025-05-23 10:51:03 | INFO |       20.521 ¦      105           2              0.010 
2025-05-23 10:51:03 | INFO |       20.531 ¦      106           2              0.010 
2025-05-23 10:51:03 | INFO |       20.541 ¦      107           2              0.010 
2025-05-23 10:51:03 | INFO |       20.551 ¦      108           2              0.010 
2025-05-23 10:51:03 | INFO |       20.561 ¦      109           2              0.010 
2025-05-23 10:51:03 | INFO |       20.571 ¦      110           2              0.010 
2025-05-23 10:51:03 | INFO |       20.581 ¦      111           2              0.010 
2025-05-23 10:51:03 | INFO |       20.591 ¦      112           2              0.010 
2025-05-23 10:51:03 | INFO |       20.601 ¦      113           2              0.010 
2025-05-23 10:51:03 | INFO |       20.611 ¦      114           2              0.010 
2025-05-23 10:51:03 | INFO |       20.621 ¦      115           2              0.010 
2025-05-23 10:51:03 | INFO |       20.631 ¦      116           2              0.010 
2025-05-23 10:51:03 | INFO |       20.641 ¦      117           2              0.010 
2025-05-23 10:51:03 | INFO |       20.651 ¦      118           2              0.010 
2025-05-23 10:51:03 | INFO |       20.661 ¦      119           2              0.010 
2025-05-23 10:51:03 | INFO |       20.671 ¦      120           2              0.010 
2025-05-23 10:51:03 | INFO |       20.681 ¦      121           2              0.010 
2025-05-23 10:51:03 | INFO |       20.691 ¦      122           2              0.010 
2025-05-23 10:51:03 | INFO |       20.701 ¦      123           2              0.010 
2025-05-23 10:51:03 | INFO |       20.711 ¦      124           2              0.010 
2025-05-23 10:51:03 | INFO |       20.721 ¦      125           2              0.010 
2025-05-23 10:51:03 | INFO |       20.731 ¦      126           2              0.010 
2025-05-23 10:51:03 | INFO |       20.741 ¦      127           2              0.010 
2025-05-23 10:51:03 | INFO |       20.751 ¦      128           2              0.010 
2025-05-23 10:51:03 | INFO |       20.761 ¦      129           2              0.010 
2025-05-23 10:51:03 | INFO |       20.771 ¦      130           2              0.010 
2025-05-23 10:51:03 | INFO |       20.781 ¦      131           2              0.010 
2025-05-23 10:51:03 | INFO |       20.791 ¦      132           2              0.010 
2025-05-23 10:51:03 | INFO |       20.801 ¦      133           2              0.010 
2025-05-23 10:51:03 | INFO |       20.811 ¦      134           2              0.010 
2025-05-23 10:51:03 | INFO |       20.821 ¦      135           2              0.010 
2025-05-23 10:51:03 | INFO |       20.831 ¦      136           2              0.010 
2025-05-23 10:51:03 | INFO |       20.841 ¦      137           2              0.010 
2025-05-23 10:51:03 | INFO |       20.851 ¦      138           2              0.010 
2025-05-23 10:51:03 | INFO |       20.861 ¦      139           2              0.010 
2025-05-23 10:51:03 | INFO |       20.871 ¦      140           2              0.010 
2025-05-23 10:51:03 | INFO |       20.881 ¦      141           2              0.010 
2025-05-23 10:51:03 | INFO |       20.891 ¦      142           2              0.010 
2025-05-23 10:51:03 | INFO |       20.901 ¦      143           2              0.010 
2025-05-23 10:51:03 | INFO |       20.911 ¦      144           2              0.010 
2025-05-23 10:51:03 | INFO |       20.921 ¦      145           2              0.010 
2025-05-23 10:51:03 | INFO |       20.931 ¦      146           2              0.010 
2025-05-23 10:51:03 | INFO |       20.941 ¦      147           2              0.010 
2025-05-23 10:51:03 | INFO |       20.951 ¦      148           2              0.010 
2025-05-23 10:51:03 | INFO |       20.961 ¦      149           2              0.010 
2025-05-23 10:51:03 | INFO |       20.971 ¦      150           2              0.010 
2025-05-23 10:51:03 | INFO |       20.981 ¦      151           2              0.010 
2025-05-23 10:51:03 | INFO |       20.991 ¦      152           2              0.010 
2025-05-23 10:51:03 | INFO |       21.001 ¦      153           2              0.010 
2025-05-23 10:51:03 | INFO |       21.011 ¦      154           2              0.010 
2025-05-23 10:51:03 | INFO |       21.021 ¦      155           2              0.010 
2025-05-23 10:51:03 | INFO |       21.031 ¦      156           2              0.010 
2025-05-23 10:51:03 | INFO |       21.041 ¦      157           2              0.010 
2025-05-23 10:51:03 | INFO |       21.051 ¦      158           2              0.010 
2025-05-23 10:51:03 | INFO |       21.061 ¦      159           2              0.010 
2025-05-23 10:51:03 | INFO |       21.071 ¦      160           2              0.010 
2025-05-23 10:51:03 | INFO |       21.081 ¦      161           2              0.010 
2025-05-23 10:51:03 | INFO |       21.091 ¦      162           2              0.010 
2025-05-23 10:51:03 | INFO |       21.101 ¦      163           2              0.010 
2025-05-23 10:51:03 | INFO |       21.111 ¦      164           2              0.010 
2025-05-23 10:51:03 | INFO |       21.121 ¦      165           2              0.010 
2025-05-23 10:51:03 | INFO |       21.131 ¦      166           2              0.010 
2025-05-23 10:51:03 | INFO |       21.141 ¦      167           2              0.010 
2025-05-23 10:51:03 | INFO |       21.151 ¦      168           2              0.010 
2025-05-23 10:51:03 | INFO |       21.161 ¦      169           2              0.010 
2025-05-23 10:51:03 | INFO |       21.171 ¦      170           2              0.010 
2025-05-23 10:51:03 | INFO |       21.181 ¦      171           2              0.010 
2025-05-23 10:51:03 | INFO |       21.191 ¦      172           2              0.010 
2025-05-23 10:51:03 | INFO |       21.201 ¦      173           2              0.010 
2025-05-23 10:51:03 | INFO |       21.211 ¦      174           2              0.010 
2025-05-23 10:51:03 | INFO |       21.221 ¦      175           2              0.010 
2025-05-23 10:51:03 | INFO |       21.231 ¦      176           2              0.010 
2025-05-23 10:51:03 | INFO |       21.241 ¦      177           2              0.010 
2025-05-23 10:51:03 | INFO |       21.251 ¦      178           2              0.010 
2025-05-23 10:51:03 | INFO |       21.261 ¦      179           2              0.010 
2025-05-23 10:51:03 | INFO |       21.271 ¦      180           2              0.010 
2025-05-23 10:51:03 | INFO |       21.281 ¦      181           2              0.010 
2025-05-23 10:51:03 | INFO |       21.291 ¦      182           2              0.010 
2025-05-23 10:51:03 | INFO |       21.301 ¦      183           2              0.010 
2025-05-23 10:51:03 | INFO |       21.311 ¦      184           2              0.010 
2025-05-23 10:51:03 | INFO |       21.321 ¦      185           2              0.010 
2025-05-23 10:51:03 | INFO |       21.331 ¦      186           2              0.010 
2025-05-23 10:51:03 | INFO |       21.341 ¦      187           2              0.010 
2025-05-23 10:51:03 | INFO |       21.351 ¦      188           2              0.010 
2025-05-23 10:51:03 | INFO |       21.361 ¦      189           2              0.010 
2025-05-23 10:51:03 | INFO |       21.371 ¦      190           2              0.010 
2025-05-23 10:51:03 | INFO |       21.381 ¦      191           2              0.010 
2025-05-23 10:51:03 | INFO |       21.391 ¦      192           2              0.010 
2025-05-23 10:51:03 | INFO |       21.401 ¦      193           2              0.010 
2025-05-23 10:51:03 | INFO |       21.411 ¦      194           2              0.010 
2025-05-23 10:51:03 | INFO |       21.421 ¦      195           2              0.010 
2025-05-23 10:51:03 | INFO |       21.431 ¦      196           2              0.010 
2025-05-23 10:51:03 | INFO |       21.441 ¦      197           2              0.010 
2025-05-23 10:51:03 | INFO |       21.451 ¦      198           2              0.010 
2025-05-23 10:51:03 | INFO |       21.461 ¦      199           2              0.010 
2025-05-23 10:51:03 | INFO |       21.471 ¦      200           2              0.010 
2025-05-23 10:51:03 | INFO |       21.481 ¦      201           2              0.010 
2025-05-23 10:51:03 | INFO |       21.491 ¦      202           2              0.010 
2025-05-23 10:51:03 | INFO |       21.501 ¦      203           2              0.010 
2025-05-23 10:51:03 | INFO |       21.511 ¦      204           2              0.010 
2025-05-23 10:51:03 | INFO |       21.521 ¦      205           2              0.010 
2025-05-23 10:51:03 | INFO |       21.531 ¦      206           2              0.010 
2025-05-23 10:51:03 | INFO |       21.541 ¦      207           2              0.010 
2025-05-23 10:51:03 | INFO |       21.551 ¦      208           2              0.010 
2025-05-23 10:51:03 | INFO |       21.561 ¦      209           2              0.010 
2025-05-23 10:51:03 | INFO |       21.571 ¦      210           2              0.010 
2025-05-23 10:51:03 | INFO |       21.581 ¦      211           2              0.010 
2025-05-23 10:51:03 | INFO |       21.591 ¦      212           2              0.010 
2025-05-23 10:51:03 | INFO |       21.601 ¦      213           2              0.010 
2025-05-23 10:51:03 | INFO |       21.611 ¦      214           2              0.010 
2025-05-23 10:51:03 | INFO |       21.621 ¦      215           2              0.010 
2025-05-23 10:51:03 | INFO |       21.631 ¦      216           2              0.010 
2025-05-23 10:51:03 | INFO |       21.641 ¦      217           2              0.010 
2025-05-23 10:51:03 | INFO |       21.651 ¦      218           2              0.010 
2025-05-23 10:51:03 | INFO |       21.661 ¦      219           2              0.010 
2025-05-23 10:51:03 | INFO |       21.671 ¦      220           2              0.010 
2025-05-23 10:51:03 | INFO |       21.681 ¦      221           2              0.010 
2025-05-23 10:51:03 | INFO |       21.691 ¦      222           2              0.010 
2025-05-23 10:51:03 | INFO |       21.701 ¦      223           2              0.010 
2025-05-23 10:51:03 | INFO |       21.711 ¦      224           2              0.010 
2025-05-23 10:51:03 | INFO |       21.721 ¦      225           2              0.010 
2025-05-23 10:51:03 | INFO |       21.731 ¦      226           2              0.010 
2025-05-23 10:51:03 | INFO |       21.741 ¦      227           2              0.010 
2025-05-23 10:51:03 | INFO |       21.751 ¦      228           2              0.010 
2025-05-23 10:51:03 | INFO |       21.761 ¦      229           2              0.010 
2025-05-23 10:51:03 | INFO |       21.771 ¦      230           2              0.010 
2025-05-23 10:51:03 | INFO |       21.781 ¦      231           2              0.010 
2025-05-23 10:51:03 | INFO |       21.791 ¦      232           2              0.010 
2025-05-23 10:51:03 | INFO |       21.801 ¦      233           2              0.010 
2025-05-23 10:51:03 | INFO |       21.811 ¦      234           2              0.010 
2025-05-23 10:51:03 | INFO |       21.821 ¦      235           2              0.010 
2025-05-23 10:51:03 | INFO |       21.831 ¦      236           2              0.010 
2025-05-23 10:51:03 | INFO |       21.841 ¦      237           2              0.010 
2025-05-23 10:51:03 | INFO |       21.851 ¦      238           2              0.010 
2025-05-23 10:51:03 | INFO |       21.861 ¦      239           2              0.010 
2025-05-23 10:51:03 | INFO |       21.871 ¦      240           2              0.010 
2025-05-23 10:51:03 | INFO |       21.881 ¦      241           2              0.010 
2025-05-23 10:51:03 | INFO |       21.891 ¦      242           2              0.010 
2025-05-23 10:51:03 | INFO |       21.901 ¦      243           2              0.010 
2025-05-23 10:51:03 | INFO |       21.911 ¦      244           2              0.010 
2025-05-23 10:51:03 | INFO |       21.921 ¦      245           2              0.010 
2025-05-23 10:51:03 | INFO |       21.931 ¦      246           2              0.010 
2025-05-23 10:51:03 | INFO |       21.941 ¦      247           2              0.010 
2025-05-23 10:51:03 | INFO |       21.951 ¦      248           2              0.010 
2025-05-23 10:51:03 | INFO |       21.961 ¦      249           2              0.010 
2025-05-23 10:51:03 | INFO |       21.971 ¦      250           2              0.010 
2025-05-23 10:51:03 | INFO |       21.981 ¦      251           2              0.010 
2025-05-23 10:51:03 | INFO |       21.991 ¦      252           2              0.010 
2025-05-23 10:51:03 | INFO |       22.001 ¦      253           2              0.010 
2025-05-23 10:51:03 | INFO |       22.011 ¦      254           2              0.010 
2025-05-23 10:51:03 | INFO |       22.021 ¦      255           2              0.010 
2025-05-23 10:51:03 | INFO |       22.031 ¦      256           2              0.010 
2025-05-23 10:51:03 | INFO |       22.041 ¦      257           2              0.010 
2025-05-23 10:51:03 | INFO |       22.051 ¦      258           2              0.010 
2025-05-23 10:51:03 | INFO |       22.061 ¦      259           2              0.010 
2025-05-23 10:51:03 | INFO |       22.071 ¦      260           2              0.010 
2025-05-23 10:51:03 | INFO |       22.081 ¦      261           2              0.010 
2025-05-23 10:51:03 | INFO |       22.091 ¦      262           2              0.010 
2025-05-23 10:51:03 | INFO |       22.101 ¦      263           2              0.010 
2025-05-23 10:51:03 | INFO |       22.111 ¦      264           2              0.010 
2025-05-23 10:51:03 | INFO |       22.121 ¦      265           2              0.010 
2025-05-23 10:51:03 | INFO |       22.131 ¦      266           2              0.010 
2025-05-23 10:51:03 | INFO |       22.141 ¦      267           2              0.010 
2025-05-23 10:51:03 | INFO |       22.151 ¦      268           2              0.010 
2025-05-23 10:51:03 | INFO |       22.161 ¦      269           2              0.010 
2025-05-23 10:51:03 | INFO |       22.171 ¦      270           2              0.010 
2025-05-23 10:51:03 | INFO |       22.181 ¦      271           2              0.010 
2025-05-23 10:51:03 | INFO |       22.191 ¦      272           2              0.010 
2025-05-23 10:51:03 | INFO |       22.201 ¦      273           2              0.010 
2025-05-23 10:51:03 | INFO |       22.211 ¦      274           2              0.010 
2025-05-23 10:51:03 | INFO |       22.221 ¦      275           2              0.010 
2025-05-23 10:51:03 | INFO |       22.231 ¦      276           2              0.010 
2025-05-23 10:51:03 | INFO |       22.241 ¦      277           2              0.010 
2025-05-23 10:51:03 | INFO |       22.251 ¦      278           2              0.010 
2025-05-23 10:51:03 | INFO |       22.261 ¦      279           2              0.010 
2025-05-23 10:51:03 | INFO |       22.271 ¦      280           2              0.010 
2025-05-23 10:51:03 | INFO |       22.281 ¦      281           2              0.010 
2025-05-23 10:51:03 | INFO |       22.291 ¦      282           2              0.010 
2025-05-23 10:51:03 | INFO |       22.301 ¦      283           2              0.010 
2025-05-23 10:51:03 | INFO |       22.311 ¦      284           2              0.010 
2025-05-23 10:51:03 | INFO |       22.321 ¦      285           2              0.010 
2025-05-23 10:51:03 | INFO |       22.331 ¦      286           2              0.010 
2025-05-23 10:51:03 | INFO |       22.341 ¦      287           2              0.010 
2025-05-23 10:51:03 | INFO |       22.351 ¦      288           2              0.010 
2025-05-23 10:51:03 | INFO |       22.361 ¦      289           2              0.010 
2025-05-23 10:51:03 | INFO |       22.371 ¦      290           2              0.010 
2025-05-23 10:51:03 | INFO |       22.381 ¦      291           2              0.010 
2025-05-23 10:51:03 | INFO |       22.391 ¦      292           2              0.010 
2025-05-23 10:51:03 | INFO |       22.401 ¦      293           2              0.010 
2025-05-23 10:51:03 | INFO |       22.411 ¦      294           2              0.010 
2025-05-23 10:51:03 | INFO |       22.421 ¦      295           2              0.010 
2025-05-23 10:51:03 | INFO |       22.431 ¦      296           2              0.010 
2025-05-23 10:51:03 | INFO |       22.441 ¦      297           2              0.010 
2025-05-23 10:51:03 | INFO |       22.451 ¦      298           2              0.010 
2025-05-23 10:51:03 | INFO |       22.461 ¦      299           2              0.010 
2025-05-23 10:51:03 | INFO |       22.471 ¦      300           2              0.010 
2025-05-23 10:51:03 | INFO |       22.481 ¦      301           2              0.010 
2025-05-23 10:51:03 | INFO |       22.491 ¦      302           2              0.010 
2025-05-23 10:51:03 | INFO |       22.501 ¦      303           2              0.010 
2025-05-23 10:51:03 | INFO |       22.511 ¦      304           2              0.010 
2025-05-23 10:51:03 | INFO |       22.521 ¦      305           2              0.010 
2025-05-23 10:51:03 | INFO |       22.531 ¦      306           2              0.010 
2025-05-23 10:51:03 | INFO |       22.541 ¦      307           2              0.010 
2025-05-23 10:51:03 | INFO |       22.551 ¦      308           2              0.010 
2025-05-23 10:51:03 | INFO |       22.561 ¦      309           2              0.010 
2025-05-23 10:51:03 | INFO |       22.571 ¦      310           2              0.010 
2025-05-23 10:51:03 | INFO |       22.581 ¦      311           2              0.010 
2025-05-23 10:51:03 | INFO |       22.591 ¦      312           2              0.010 
2025-05-23 10:51:03 | INFO |       22.601 ¦      313           2              0.010 
2025-05-23 10:51:03 | INFO |       22.611 ¦      314           2              0.010 
2025-05-23 10:51:03 | INFO |       22.621 ¦      315           2              0.010 
2025-05-23 10:51:03 | INFO |       22.631 ¦      316           2              0.010 
2025-05-23 10:51:03 | INFO |       22.641 ¦      317           2              0.010 
2025-05-23 10:51:03 | INFO |       22.651 ¦      318           2              0.010 
2025-05-23 10:51:03 | INFO |       22.661 ¦      319           2              0.010 
2025-05-23 10:51:03 | INFO |       22.671 ¦      320           2              0.010 
2025-05-23 10:51:03 | INFO |       22.681 ¦      321           2              0.010 
2025-05-23 10:51:03 | INFO |       22.691 ¦      322           2              0.010 
2025-05-23 10:51:03 | INFO |       22.701 ¦      323           2              0.010 
2025-05-23 10:51:03 | INFO |       22.711 ¦      324           2              0.010 
2025-05-23 10:51:03 | INFO |       22.721 ¦      325           2              0.010 
2025-05-23 10:51:03 | INFO |       22.731 ¦      326           2              0.010 
2025-05-23 10:51:03 | INFO |       22.741 ¦      327           2              0.010 
2025-05-23 10:51:03 | INFO |       22.751 ¦      328           2              0.010 
2025-05-23 10:51:03 | INFO |       22.761 ¦      329           2              0.010 
2025-05-23 10:51:03 | INFO |       22.771 ¦      330           2              0.010 
2025-05-23 10:51:03 | INFO |       22.781 ¦      331           2              0.010 
2025-05-23 10:51:03 | INFO |       22.791 ¦      332           2              0.010 
2025-05-23 10:51:03 | INFO |       22.801 ¦      333           2              0.010 
2025-05-23 10:51:03 | INFO |       22.811 ¦      334           2              0.010 
2025-05-23 10:51:03 | INFO |       22.821 ¦      335           2              0.010 
2025-05-23 10:51:03 | INFO |       22.831 ¦      336           2              0.010 
2025-05-23 10:51:03 | INFO |       22.841 ¦      337           2              0.010 
2025-05-23 10:51:03 | INFO |       22.851 ¦      338           2              0.010 
2025-05-23 10:51:03 | INFO |       22.861 ¦      339           2              0.010 
2025-05-23 10:51:03 | INFO |       22.871 ¦      340           2              0.010 
2025-05-23 10:51:03 | INFO |       22.881 ¦      341           2              0.010 
2025-05-23 10:51:03 | INFO |       22.891 ¦      342           2              0.010 
2025-05-23 10:51:03 | INFO |       22.901 ¦      343           2              0.010 
2025-05-23 10:51:03 | INFO |       22.911 ¦      344           2              0.010 
2025-05-23 10:51:03 | INFO |       22.921 ¦      345           2              0.010 
2025-05-23 10:51:03 | INFO |       22.931 ¦      346           2              0.010 
2025-05-23 10:51:03 | INFO |       22.941 ¦      347           2              0.010 
2025-05-23 10:51:03 | INFO |       22.951 ¦      348           2              0.010 
2025-05-23 10:51:03 | INFO |       22.961 ¦      349           2              0.010 
2025-05-23 10:51:03 | INFO |       22.971 ¦      350           2              0.010 
2025-05-23 10:51:03 | INFO |       22.981 ¦      351           2              0.010 
2025-05-23 10:51:03 | INFO |       22.991 ¦      352           2              0.010 
2025-05-23 10:51:03 | INFO |       23.001 ¦      353           2              0.010 
2025-05-23 10:51:03 | INFO |       23.011 ¦      354           2              0.010 
2025-05-23 10:51:03 | INFO |       23.021 ¦      355           2              0.010 
2025-05-23 10:51:03 | INFO |       23.031 ¦      356           2              0.010 
2025-05-23 10:51:03 | INFO |       23.041 ¦      357           2              0.010 
2025-05-23 10:51:03 | INFO |       23.051 ¦      358           2              0.010 
2025-05-23 10:51:03 | INFO |       23.061 ¦      359           2              0.010 
2025-05-23 10:51:03 | INFO |       23.071 ¦      360           2              0.010 
2025-05-23 10:51:03 | INFO |       23.081 ¦      361           2              0.010 
2025-05-23 10:51:03 | INFO |       23.091 ¦      362           2              0.010 
2025-05-23 10:51:03 | INFO |       23.101 ¦      363           2              0.010 
2025-05-23 10:51:03 | INFO |       23.111 ¦      364           2              0.010 
2025-05-23 10:51:03 | INFO |       23.121 ¦      365           2              0.010 
2025-05-23 10:51:03 | INFO |       23.131 ¦      366           2              0.010 
2025-05-23 10:51:03 | INFO |       23.141 ¦      367           2              0.010 
2025-05-23 10:51:03 | INFO |       23.151 ¦      368           2              0.010 
2025-05-23 10:51:03 | INFO |       23.161 ¦      369           2              0.010 
2025-05-23 10:51:03 | INFO |       23.171 ¦      370           2              0.010 
2025-05-23 10:51:03 | INFO |       23.181 ¦      371           2              0.010 
2025-05-23 10:51:03 | INFO |       23.191 ¦      372           2              0.010 
2025-05-23 10:51:03 | INFO |       23.201 ¦      373           2              0.010 
2025-05-23 10:51:03 | INFO |       23.211 ¦      374           2              0.010 
2025-05-23 10:51:03 | INFO |       23.221 ¦      375           2              0.010 
2025-05-23 10:51:03 | INFO |       23.231 ¦      376           2              0.010 
2025-05-23 10:51:03 | INFO |       23.241 ¦      377           2              0.010 
2025-05-23 10:51:03 | INFO |       23.251 ¦      378           2              0.010 
2025-05-23 10:51:03 | INFO |       23.261 ¦      379           2              0.010 
2025-05-23 10:51:03 | INFO |       23.271 ¦      380           2              0.010 
2025-05-23 10:51:03 | INFO |       23.281 ¦      381           2              0.010 
2025-05-23 10:51:03 | INFO |       23.291 ¦      382           2              0.010 
2025-05-23 10:51:03 | INFO |       23.301 ¦      383           2              0.010 
2025-05-23 10:51:03 | INFO |       23.311 ¦      384           2              0.010 
2025-05-23 10:51:03 | INFO |       23.321 ¦      385           2              0.010 
2025-05-23 10:51:03 | INFO |       23.331 ¦      386           2              0.010 
2025-05-23 10:51:03 | INFO |       23.341 ¦      387           2              0.010 
2025-05-23 10:51:03 | INFO |       23.351 ¦      388           2              0.010 
2025-05-23 10:51:03 | INFO |       23.361 ¦      389           2              0.010 
2025-05-23 10:51:03 | INFO |       23.371 ¦      390           2              0.010 
2025-05-23 10:51:03 | INFO |       23.381 ¦      391           2              0.010 
2025-05-23 10:51:03 | INFO |       23.391 ¦      392           2              0.010 
2025-05-23 10:51:03 | INFO |       23.401 ¦      393           2              0.010 
2025-05-23 10:51:03 | INFO |       23.411 ¦      394           2              0.010 
2025-05-23 10:51:03 | INFO |       23.421 ¦      395           2              0.010 
2025-05-23 10:51:03 | INFO |       23.431 ¦      396           2              0.010 
2025-05-23 10:51:03 | INFO |       23.441 ¦      397           2              0.010 
2025-05-23 10:51:03 | INFO |       23.451 ¦      398           2              0.010 
2025-05-23 10:51:03 | INFO |       23.461 ¦      399           2              0.010 
2025-05-23 10:51:03 | INFO |       23.471 ¦      400           2              0.010 
2025-05-23 10:51:03 | INFO |       23.481 ¦      401           2              0.010 
2025-05-23 10:51:03 | INFO |       23.491 ¦      402           2              0.010 
2025-05-23 10:51:03 | INFO |       23.501 ¦      403           2              0.010 
2025-05-23 10:51:03 | INFO |       23.511 ¦      404           2              0.010 
2025-05-23 10:51:03 | INFO |       23.521 ¦      405           2              0.010 
2025-05-23 10:51:03 | INFO |       23.531 ¦      406           2              0.010 
2025-05-23 10:51:03 | INFO |       23.541 ¦      407           2              0.010 
2025-05-23 10:51:03 | INFO |       23.551 ¦      408           2              0.010 
2025-05-23 10:51:03 | INFO |       23.561 ¦      409           2              0.010 
2025-05-23 10:51:03 | INFO |       23.571 ¦      410           2              0.010 
2025-05-23 10:51:03 | INFO |       23.581 ¦      411           2              0.010 
2025-05-23 10:51:03 | INFO |       23.591 ¦      412           2              0.010 
2025-05-23 10:51:03 | INFO |       23.601 ¦      413           2              0.010 
2025-05-23 10:51:03 | INFO |       23.611 ¦      414           2              0.010 
2025-05-23 10:51:03 | INFO |       23.621 ¦      415           2              0.010 
2025-05-23 10:51:03 | INFO |       23.631 ¦      416           2              0.010 
2025-05-23 10:51:03 | INFO |       23.641 ¦      417           2              0.010 
2025-05-23 10:51:03 | INFO |       23.651 ¦      418           2              0.010 
2025-05-23 10:51:03 | INFO |       23.661 ¦      419           2              0.010 
2025-05-23 10:51:03 | INFO |       23.671 ¦      420           2              0.010 
2025-05-23 10:51:03 | INFO |       23.681 ¦      421           2              0.010 
2025-05-23 10:51:03 | INFO |       23.691 ¦      422           2              0.010 
2025-05-23 10:51:03 | INFO |       23.701 ¦      423           2              0.010 
2025-05-23 10:51:03 | INFO |       23.711 ¦      424           2              0.010 
2025-05-23 10:51:03 | INFO |       23.721 ¦      425           2              0.010 
2025-05-23 10:51:03 | INFO |       23.731 ¦      426           2              0.010 
2025-05-23 10:51:03 | INFO |       23.741 ¦      427           2              0.010 
2025-05-23 10:51:03 | INFO |       23.751 ¦      428           2              0.010 
2025-05-23 10:51:03 | INFO |       23.761 ¦      429           2              0.010 
2025-05-23 10:51:03 | INFO |       23.771 ¦      430           2              0.010 
2025-05-23 10:51:03 | INFO |       23.781 ¦      431           2              0.010 
2025-05-23 10:51:03 | INFO |       23.791 ¦      432           2              0.010 
2025-05-23 10:51:03 | INFO |       23.801 ¦      433           2              0.010 
2025-05-23 10:51:03 | INFO |       23.811 ¦      434           2              0.010 
2025-05-23 10:51:03 | INFO |       23.821 ¦      435           2              0.010 
2025-05-23 10:51:03 | INFO |       23.831 ¦      436           2              0.010 
2025-05-23 10:51:03 | INFO |       23.841 ¦      437           2              0.010 
2025-05-23 10:51:03 | INFO |       23.851 ¦      438           2              0.010 
2025-05-23 10:51:03 | INFO |       23.861 ¦      439           2              0.010 
2025-05-23 10:51:03 | INFO |       23.871 ¦      440           2              0.010 
2025-05-23 10:51:03 | INFO |       23.881 ¦      441           2              0.010 
2025-05-23 10:51:03 | INFO |       23.891 ¦      442           2              0.010 
2025-05-23 10:51:03 | INFO |       23.901 ¦      443           2              0.010 
2025-05-23 10:51:03 | INFO |       23.911 ¦      444           2              0.010 
2025-05-23 10:51:03 | INFO |       23.921 ¦      445           2              0.010 
2025-05-23 10:51:03 | INFO |       23.931 ¦      446           2              0.010 
2025-05-23 10:51:03 | INFO |       23.941 ¦      447           2              0.010 
2025-05-23 10:51:03 | INFO |       23.951 ¦      448           2              0.010 
2025-05-23 10:51:03 | INFO |       23.961 ¦      449           2              0.010 
2025-05-23 10:51:03 | INFO |       23.971 ¦      450           2              0.010 
2025-05-23 10:51:03 | INFO |       23.981 ¦      451           2              0.010 
2025-05-23 10:51:03 | INFO |       23.991 ¦      452           2              0.010 
2025-05-23 10:51:03 | INFO |       24.001 ¦      453           2              0.010 
2025-05-23 10:51:03 | INFO |       24.011 ¦      454           2              0.010 
2025-05-23 10:51:03 | INFO |       24.021 ¦      455           2              0.010 
2025-05-23 10:51:03 | INFO |       24.031 ¦      456           2              0.010 
2025-05-23 10:51:03 | INFO |       24.041 ¦      457           2              0.010 
2025-05-23 10:51:03 | INFO |       24.051 ¦      458           2              0.010 
2025-05-23 10:51:03 | INFO |       24.061 ¦      459           2              0.010 
2025-05-23 10:51:03 | INFO |       24.071 ¦      460           2              0.010 
2025-05-23 10:51:03 | INFO |       24.081 ¦      461           2              0.010 
2025-05-23 10:51:03 | INFO |       24.091 ¦      462           2              0.010 
2025-05-23 10:51:03 | INFO |       24.101 ¦      463           2              0.010 
2025-05-23 10:51:03 | INFO |       24.111 ¦      464           2              0.010 
2025-05-23 10:51:03 | INFO |       24.121 ¦      465           2              0.010 
2025-05-23 10:51:03 | INFO |       24.131 ¦      466           2              0.010 
2025-05-23 10:51:03 | INFO |       24.141 ¦      467           2              0.010 
2025-05-23 10:51:03 | INFO |       24.151 ¦      468           2              0.010 
2025-05-23 10:51:03 | INFO |       24.161 ¦      469           2              0.010 
2025-05-23 10:51:03 | INFO |       24.171 ¦      470           2              0.010 
2025-05-23 10:51:03 | INFO |       24.181 ¦      471           2              0.010 
2025-05-23 10:51:03 | INFO |       24.191 ¦      472           2              0.010 
2025-05-23 10:51:03 | INFO |       24.201 ¦      473           2              0.010 
2025-05-23 10:51:03 | INFO |       24.211 ¦      474           2              0.010 
2025-05-23 10:51:03 | INFO |       24.221 ¦      475           2              0.010 
2025-05-23 10:51:03 | INFO |       24.231 ¦      476           2              0.010 
2025-05-23 10:51:03 | INFO |       24.241 ¦      477           2              0.010 
2025-05-23 10:51:03 | INFO |       24.251 ¦      478           2              0.010 
2025-05-23 10:51:03 | INFO |       24.261 ¦      479           2              0.010 
2025-05-23 10:51:03 | INFO |       24.271 ¦      480           2              0.010 
2025-05-23 10:51:03 | INFO |       24.281 ¦      481           2              0.010 
2025-05-23 10:51:03 | INFO |       24.291 ¦      482           2              0.010 
2025-05-23 10:51:03 | INFO |       24.301 ¦      483           2              0.010 
2025-05-23 10:51:03 | INFO |       24.311 ¦      484           2              0.010 
2025-05-23 10:51:03 | INFO |       24.321 ¦      485           2              0.010 
2025-05-23 10:51:03 | INFO |       24.331 ¦      486           2              0.010 
2025-05-23 10:51:03 | INFO |       24.341 ¦      487           2              0.010 
2025-05-23 10:51:03 | INFO |       24.351 ¦      488           2              0.010 
2025-05-23 10:51:03 | INFO |       24.361 ¦      489           2              0.010 
2025-05-23 10:51:03 | INFO |       24.371 ¦      490           2              0.010 
2025-05-23 10:51:03 | INFO |       24.381 ¦      491           2              0.010 
2025-05-23 10:51:03 | INFO |       24.391 ¦      492           2              0.010 
2025-05-23 10:51:03 | INFO |       24.401 ¦      493           2              0.010 
2025-05-23 10:51:03 | INFO |       24.411 ¦      494           2              0.010 
2025-05-23 10:51:03 | INFO |       24.421 ¦      495           2              0.010 
2025-05-23 10:51:03 | INFO |       24.431 ¦      496           2              0.010 
2025-05-23 10:51:03 | INFO |       24.441 ¦      497           2              0.010 
2025-05-23 10:51:03 | INFO |       24.451 ¦      498           2              0.010 
2025-05-23 10:51:03 | INFO |       24.461 ¦      499           2              0.010 
2025-05-23 10:51:03 | INFO |       24.471 ¦      500           2              0.010 
2025-05-23 10:51:03 | INFO |       24.481 ¦      501           2              0.010 
2025-05-23 10:51:03 | INFO |       24.491 ¦      502           2              0.010 
2025-05-23 10:51:03 | INFO |       24.501 ¦      503           2              0.010 
2025-05-23 10:51:03 | INFO |       24.511 ¦      504           2              0.010 
2025-05-23 10:51:03 | INFO |       24.521 ¦      505           2              0.010 
2025-05-23 10:51:03 | INFO |       24.531 ¦      506           2              0.010 
2025-05-23 10:51:03 | INFO |       24.541 ¦      507           2              0.010 
2025-05-23 10:51:03 | INFO |       24.551 ¦      508           2              0.010 
2025-05-23 10:51:03 | INFO |       24.561 ¦      509           2              0.010 
2025-05-23 10:51:03 | INFO |       24.571 ¦      510           2              0.010 
2025-05-23 10:51:03 | INFO |       24.581 ¦      511           2              0.010 
2025-05-23 10:51:03 | INFO |       24.591 ¦      512           2              0.010 
2025-05-23 10:51:03 | INFO |       24.601 ¦      513           2              0.010 
2025-05-23 10:51:03 | INFO |       24.611 ¦      514           2              0.010 
2025-05-23 10:51:03 | INFO |       24.621 ¦      515           2              0.010 
2025-05-23 10:51:03 | INFO |       24.631 ¦      516           2              0.010 
2025-05-23 10:51:03 | INFO |       24.641 ¦      517           2              0.010 
2025-05-23 10:51:03 | INFO |       24.651 ¦      518           2              0.010 
2025-05-23 10:51:03 | INFO |       24.661 ¦      519           2              0.010 
2025-05-23 10:51:03 | INFO |       24.671 ¦      520           2              0.010 
2025-05-23 10:51:03 | INFO |       24.681 ¦      521           2              0.010 
2025-05-23 10:51:03 | INFO |       24.691 ¦      522           2              0.010 
2025-05-23 10:51:03 | INFO |       24.701 ¦      523           2              0.010 
2025-05-23 10:51:03 | INFO |       24.711 ¦      524           2              0.010 
2025-05-23 10:51:03 | INFO |       24.721 ¦      525           2              0.010 
2025-05-23 10:51:03 | INFO |       24.731 ¦      526           2              0.010 
2025-05-23 10:51:03 | INFO |       24.741 ¦      527           2              0.010 
2025-05-23 10:51:03 | INFO |       24.751 ¦      528           2              0.010 
2025-05-23 10:51:03 | INFO |       24.761 ¦      529           2              0.010 
2025-05-23 10:51:03 | INFO |       24.771 ¦      530           2              0.010 
2025-05-23 10:51:03 | INFO |       24.781 ¦      531           2              0.010 
2025-05-23 10:51:03 | INFO |       24.791 ¦      532           2              0.010 
2025-05-23 10:51:03 | INFO |       24.801 ¦      533           2              0.010 
2025-05-23 10:51:03 | INFO |       24.811 ¦      534           2              0.010 
2025-05-23 10:51:03 | INFO |       24.821 ¦      535           2              0.010 
2025-05-23 10:51:03 | INFO |       24.831 ¦      536           2              0.010 
2025-05-23 10:51:03 | INFO |       24.841 ¦      537           2              0.010 
2025-05-23 10:51:03 | INFO |       24.851 ¦      538           2              0.010 
2025-05-23 10:51:03 | INFO |       24.861 ¦      539           2              0.010 
2025-05-23 10:51:03 | INFO |       24.871 ¦      540           2              0.010 
2025-05-23 10:51:03 | INFO |       24.881 ¦      541           2              0.010 
2025-05-23 10:51:03 | INFO |       24.891 ¦      542           2              0.010 
2025-05-23 10:51:03 | INFO |       24.901 ¦      543           2              0.010 
2025-05-23 10:51:03 | INFO |       24.911 ¦      544           2              0.010 
2025-05-23 10:51:03 | INFO |       24.921 ¦      545           2              0.010 
2025-05-23 10:51:03 | INFO |       24.931 ¦      546           2              0.010 
2025-05-23 10:51:03 | INFO |       24.941 ¦      547           2              0.010 
2025-05-23 10:51:03 | INFO |       24.951 ¦      548           2              0.010 
2025-05-23 10:51:03 | INFO |       24.961 ¦      549           2              0.010 
2025-05-23 10:51:03 | INFO |       24.971 ¦      550           2              0.010 
2025-05-23 10:51:03 | INFO |       24.981 ¦      551           2              0.010 
2025-05-23 10:51:03 | INFO |       24.991 ¦      552           2              0.010 
2025-05-23 10:51:03 | INFO |       25.001 ¦      553           2              0.010 
2025-05-23 10:51:03 | INFO |       25.011 ¦      554           2              0.010 
2025-05-23 10:51:03 | INFO |       25.021 ¦      555           2              0.010 
2025-05-23 10:51:03 | INFO |       25.031 ¦      556           2              0.010 
2025-05-23 10:51:03 | INFO |       25.041 ¦      557           2              0.010 
2025-05-23 10:51:03 | INFO |       25.051 ¦      558           2              0.010 
2025-05-23 10:51:03 | INFO |       25.061 ¦      559           2              0.010 
2025-05-23 10:51:03 | INFO |       25.071 ¦      560           2              0.010 
2025-05-23 10:51:03 | INFO |       25.081 ¦      561           2              0.010 
2025-05-23 10:51:03 | INFO |       25.091 ¦      562           2              0.010 
2025-05-23 10:51:03 | INFO |       25.101 ¦      563           2              0.010 
2025-05-23 10:51:03 | INFO |       25.111 ¦      564           2              0.010 
2025-05-23 10:51:03 | INFO |       25.121 ¦      565           2              0.010 
2025-05-23 10:51:03 | INFO |       25.131 ¦      566           2              0.010 
2025-05-23 10:51:03 | INFO |       25.141 ¦      567           2              0.010 
2025-05-23 10:51:03 | INFO |       25.151 ¦      568           2              0.010 
2025-05-23 10:51:03 | INFO |       25.161 ¦      569           2              0.010 
2025-05-23 10:51:03 | INFO |       25.171 ¦      570           2              0.010 
2025-05-23 10:51:03 | INFO |       25.181 ¦      571           2              0.010 
2025-05-23 10:51:03 | INFO |       25.191 ¦      572           2              0.010 
2025-05-23 10:51:03 | INFO |       25.201 ¦      573           2              0.010 
2025-05-23 10:51:03 | INFO |       25.211 ¦      574           2              0.010 
2025-05-23 10:51:03 | INFO |       25.221 ¦      575           2              0.010 
2025-05-23 10:51:03 | INFO |       25.231 ¦      576           2              0.010 
2025-05-23 10:51:03 | INFO |       25.241 ¦      577           2              0.010 
2025-05-23 10:51:03 | INFO |       25.251 ¦      578           2              0.010 
2025-05-23 10:51:03 | INFO |       25.261 ¦      579           2              0.010 
2025-05-23 10:51:03 | INFO |       25.271 ¦      580           2              0.010 
2025-05-23 10:51:03 | INFO |       25.281 ¦      581           2              0.010 
2025-05-23 10:51:03 | INFO |       25.291 ¦      582           2              0.010 
2025-05-23 10:51:03 | INFO |       25.301 ¦      583           2              0.010 
2025-05-23 10:51:03 | INFO |       25.311 ¦      584           2              0.010 
2025-05-23 10:51:03 | INFO |       25.321 ¦      585           2              0.010 
2025-05-23 10:51:03 | INFO |       25.331 ¦      586           2              0.010 
2025-05-23 10:51:03 | INFO |       25.341 ¦      587           2              0.010 
2025-05-23 10:51:03 | INFO |       25.351 ¦      588           2              0.010 
2025-05-23 10:51:03 | INFO |       25.361 ¦      589           2              0.010 
2025-05-23 10:51:03 | INFO |       25.371 ¦      590           2              0.010 
2025-05-23 10:51:03 | INFO |       25.381 ¦      591           2              0.010 
2025-05-23 10:51:03 | INFO |       25.391 ¦      592           2              0.010 
2025-05-23 10:51:03 | INFO |       25.401 ¦      593           2              0.010 
2025-05-23 10:51:03 | INFO |       25.411 ¦      594           2              0.010 
2025-05-23 10:51:03 | INFO |       25.421 ¦      595           2              0.010 
2025-05-23 10:51:03 | INFO |       25.431 ¦      596           2              0.010 
2025-05-23 10:51:03 | INFO |       25.441 ¦      597           2              0.010 
2025-05-23 10:51:03 | INFO |       25.451 ¦      598           2              0.010 
2025-05-23 10:51:03 | INFO |       25.461 ¦      599           2              0.010 
2025-05-23 10:51:03 | INFO |       25.471 ¦      600           2              0.010 
2025-05-23 10:51:03 | INFO |       25.481 ¦      601           2              0.010 
2025-05-23 10:51:03 | INFO |       25.491 ¦      602           2              0.010 
2025-05-23 10:51:03 | INFO |       25.501 ¦      603           2              0.010 
2025-05-23 10:51:03 | INFO |       25.511 ¦      604           2              0.010 
2025-05-23 10:51:03 | INFO |       25.521 ¦      605           2              0.010 
2025-05-23 10:51:03 | INFO |       25.531 ¦      606           2              0.010 
2025-05-23 10:51:03 | INFO |       25.541 ¦      607           2              0.010 
2025-05-23 10:51:03 | INFO |       25.551 ¦      608           2              0.010 
2025-05-23 10:51:03 | INFO |       25.561 ¦      609           2              0.010 
2025-05-23 10:51:03 | INFO |       25.571 ¦      610           2              0.010 
2025-05-23 10:51:03 | INFO |       25.581 ¦      611           2              0.010 
2025-05-23 10:51:03 | INFO |       25.591 ¦      612           2              0.010 
2025-05-23 10:51:03 | INFO |       25.601 ¦      613           2              0.010 
2025-05-23 10:51:03 | INFO |       25.611 ¦      614           2              0.010 
2025-05-23 10:51:03 | INFO |       25.621 ¦      615           2              0.010 
2025-05-23 10:51:03 | INFO |       25.631 ¦      616           2              0.010 
2025-05-23 10:51:03 | INFO |       25.641 ¦      617           2              0.010 
2025-05-23 10:51:03 | INFO |       25.651 ¦      618           2              0.010 
2025-05-23 10:51:03 | INFO |       25.661 ¦      619           2              0.010 
2025-05-23 10:51:03 | INFO |       25.671 ¦      620           2              0.010 
2025-05-23 10:51:03 | INFO |       25.681 ¦      621           2              0.010 
2025-05-23 10:51:03 | INFO |       25.691 ¦      622           2              0.010 
2025-05-23 10:51:03 | INFO |       25.701 ¦      623           2              0.010 
2025-05-23 10:51:03 | INFO |       25.711 ¦      624           2              0.010 
2025-05-23 10:51:03 | INFO |       25.721 ¦      625           2              0.010 
2025-05-23 10:51:03 | INFO |       25.731 ¦      626           2              0.010 
2025-05-23 10:51:03 | INFO |       25.741 ¦      627           2              0.010 
2025-05-23 10:51:03 | INFO |       25.751 ¦      628           2              0.010 
2025-05-23 10:51:03 | INFO |       25.761 ¦      629           2              0.010 
2025-05-23 10:51:03 | INFO |       25.771 ¦      630           2              0.010 
2025-05-23 10:51:03 | INFO |       25.781 ¦      631           2              0.010 
2025-05-23 10:51:03 | INFO |       25.791 ¦      632           2              0.010 
2025-05-23 10:51:03 | INFO |       25.801 ¦      633           2              0.010 
2025-05-23 10:51:03 | INFO |       25.811 ¦      634           2              0.010 
2025-05-23 10:51:03 | INFO |       25.821 ¦      635           2              0.010 
2025-05-23 10:51:03 | INFO |       25.831 ¦      636           2              0.010 
2025-05-23 10:51:03 | INFO |       25.841 ¦      637           2              0.010 
2025-05-23 10:51:03 | INFO |       25.851 ¦      638           2              0.010 
2025-05-23 10:51:03 | INFO |       25.861 ¦      639           2              0.010 
2025-05-23 10:51:03 | INFO |       25.871 ¦      640           2              0.010 
2025-05-23 10:51:03 | INFO |       25.881 ¦      641           2              0.010 
2025-05-23 10:51:03 | INFO |       25.891 ¦      642           2              0.010 
2025-05-23 10:51:03 | INFO |       25.901 ¦      643           2              0.010 
2025-05-23 10:51:03 | INFO |       25.911 ¦      644           2              0.010 
2025-05-23 10:51:03 | INFO |       25.921 ¦      645           2              0.010 
2025-05-23 10:51:03 | INFO |       25.931 ¦      646           2              0.010 
2025-05-23 10:51:03 | INFO |       25.941 ¦      647           2              0.010 
2025-05-23 10:51:03 | INFO |       25.951 ¦      648           2              0.010 
2025-05-23 10:51:03 | INFO |       25.961 ¦      649           2              0.010 
2025-05-23 10:51:03 | INFO |       25.971 ¦      650           2              0.010 
2025-05-23 10:51:03 | INFO |       25.981 ¦      651           2              0.010 
2025-05-23 10:51:03 | INFO |       25.991 ¦      652           2              0.010 
2025-05-23 10:51:03 | INFO |       26.001 ¦      653           2              0.010 
2025-05-23 10:51:03 | INFO |       26.011 ¦      654           2              0.010 
2025-05-23 10:51:03 | INFO |       26.021 ¦      655           2              0.010 
2025-05-23 10:51:03 | INFO |       26.031 ¦      656           2              0.010 
2025-05-23 10:51:03 | INFO |       26.041 ¦      657           2              0.010 
2025-05-23 10:51:03 | INFO |       26.051 ¦      658           2              0.010 
2025-05-23 10:51:03 | INFO |       26.061 ¦      659           2              0.010 
2025-05-23 10:51:03 | INFO |       26.071 ¦      660           2              0.010 
2025-05-23 10:51:03 | INFO |       26.081 ¦      661           2              0.010 
2025-05-23 10:51:03 | INFO |       26.091 ¦      662           2              0.010 
2025-05-23 10:51:03 | INFO |       26.101 ¦      663           2              0.010 
2025-05-23 10:51:03 | INFO |       26.111 ¦      664           2              0.010 
2025-05-23 10:51:03 | INFO |       26.121 ¦      665           2              0.010 
2025-05-23 10:51:03 | INFO |       26.131 ¦      666           2              0.010 
2025-05-23 10:51:03 | INFO |       26.141 ¦      667           2              0.010 
2025-05-23 10:51:03 | INFO |       26.151 ¦      668           2              0.010 
2025-05-23 10:51:03 | INFO |       26.161 ¦      669           2              0.010 
2025-05-23 10:51:03 | INFO |       26.171 ¦      670           2              0.010 
2025-05-23 10:51:03 | INFO |       26.181 ¦      671           2              0.010 
2025-05-23 10:51:03 | INFO |       26.191 ¦      672           2              0.010 
2025-05-23 10:51:03 | INFO |       26.201 ¦      673           2              0.010 
2025-05-23 10:51:03 | INFO |       26.211 ¦      674           2              0.010 
2025-05-23 10:51:03 | INFO |       26.221 ¦      675           2              0.010 
2025-05-23 10:51:03 | INFO |       26.231 ¦      676           2              0.010 
2025-05-23 10:51:03 | INFO |       26.241 ¦      677           2              0.010 
2025-05-23 10:51:03 | INFO |       26.251 ¦      678           2              0.010 
2025-05-23 10:51:03 | INFO |       26.261 ¦      679           2              0.010 
2025-05-23 10:51:03 | INFO |       26.271 ¦      680           2              0.010 
2025-05-23 10:51:03 | INFO |       26.281 ¦      681           2              0.010 
2025-05-23 10:51:03 | INFO |       26.291 ¦      682           2              0.010 
2025-05-23 10:51:03 | INFO |       26.301 ¦      683           2              0.010 
2025-05-23 10:51:03 | INFO |       26.311 ¦      684           2              0.010 
2025-05-23 10:51:03 | INFO |       26.321 ¦      685           2              0.010 
2025-05-23 10:51:03 | INFO |       26.331 ¦      686           2              0.010 
2025-05-23 10:51:03 | INFO |       26.341 ¦      687           2              0.010 
2025-05-23 10:51:03 | INFO |       26.351 ¦      688           2              0.010 
2025-05-23 10:51:03 | INFO |       26.361 ¦      689           2              0.010 
2025-05-23 10:51:03 | INFO |       26.371 ¦      690           2              0.010 
2025-05-23 10:51:03 | INFO |       26.381 ¦      691           2              0.010 
2025-05-23 10:51:03 | INFO |       26.391 ¦      692           2              0.010 
2025-05-23 10:51:03 | INFO |       26.401 ¦      693           2              0.010 
2025-05-23 10:51:03 | INFO |       26.411 ¦      694           2              0.010 
2025-05-23 10:51:03 | INFO |       26.421 ¦      695           2              0.010 
2025-05-23 10:51:03 | INFO |       26.431 ¦      696           2              0.010 
2025-05-23 10:51:03 | INFO |       26.441 ¦      697           2              0.010 
2025-05-23 10:51:03 | INFO |       26.451 ¦      698           2              0.010 
2025-05-23 10:51:03 | INFO |       26.461 ¦      699           2              0.010 
2025-05-23 10:51:03 | INFO |       26.471 ¦      700           2              0.010 
2025-05-23 10:51:03 | INFO |       26.481 ¦      701           2              0.010 
2025-05-23 10:51:03 | INFO |       26.491 ¦      702           2              0.010 
2025-05-23 10:51:03 | INFO |       26.501 ¦      703           2              0.010 
2025-05-23 10:51:03 | INFO |       26.511 ¦      704           2              0.010 
2025-05-23 10:51:03 | INFO |       26.521 ¦      705           2              0.010 
2025-05-23 10:51:03 | INFO |       26.531 ¦      706           2              0.010 
2025-05-23 10:51:03 | INFO |       26.541 ¦      707           2              0.010 
2025-05-23 10:51:03 | INFO |       26.551 ¦      708           2              0.010 
2025-05-23 10:51:03 | INFO |       26.561 ¦      709           2              0.010 
2025-05-23 10:51:03 | INFO |       26.571 ¦      710           2              0.010 
2025-05-23 10:51:03 | INFO |       26.581 ¦      711           2              0.010 
2025-05-23 10:51:03 | INFO |       26.591 ¦      712           2              0.010 
2025-05-23 10:51:03 | INFO |       26.601 ¦      713           2              0.010 
2025-05-23 10:51:03 | INFO |       26.611 ¦      714           2              0.010 
2025-05-23 10:51:03 | INFO |       26.621 ¦      715           2              0.010 
2025-05-23 10:51:03 | INFO |       26.631 ¦      716           2              0.010 
2025-05-23 10:51:03 | INFO |       26.641 ¦      717           2              0.010 
2025-05-23 10:51:03 | INFO |       26.651 ¦      718           2              0.010 
2025-05-23 10:51:03 | INFO |       26.661 ¦      719           2              0.010 
2025-05-23 10:51:03 | INFO |       26.671 ¦      720           2              0.010 
2025-05-23 10:51:03 | INFO |       26.681 ¦      721           2              0.010 
2025-05-23 10:51:03 | INFO |       26.691 ¦      722           2              0.010 
2025-05-23 10:51:03 | INFO |       26.701 ¦      723           2              0.010 
2025-05-23 10:51:03 | INFO |       26.711 ¦      724           2              0.010 
2025-05-23 10:51:03 | INFO |       26.721 ¦      725           2              0.010 
2025-05-23 10:51:03 | INFO |       26.731 ¦      726           2              0.010 
2025-05-23 10:51:03 | INFO |       26.741 ¦      727           2              0.010 
2025-05-23 10:51:03 | INFO |       26.751 ¦      728           2              0.010 
2025-05-23 10:51:03 | INFO |       26.761 ¦      729           2              0.010 
2025-05-23 10:51:03 | INFO |       26.771 ¦      730           2              0.010 
2025-05-23 10:51:03 | INFO |       26.781 ¦      731           2              0.010 
2025-05-23 10:51:03 | INFO |       26.791 ¦      732           2              0.010 
2025-05-23 10:51:03 | INFO |       26.801 ¦      733           2              0.010 
2025-05-23 10:51:03 | INFO |       26.811 ¦      734           2              0.010 
2025-05-23 10:51:03 | INFO |       26.821 ¦      735           2              0.010 
2025-05-23 10:51:03 | INFO |       26.831 ¦      736           2              0.010 
2025-05-23 10:51:03 | INFO |       26.841 ¦      737           2              0.010 
2025-05-23 10:51:03 | INFO |       26.851 ¦      738           2              0.010 
2025-05-23 10:51:03 | INFO |       26.861 ¦      739           2              0.010 
2025-05-23 10:51:03 | INFO |       26.871 ¦      740           2              0.010 
2025-05-23 10:51:03 | INFO |       26.881 ¦      741           2              0.010 
2025-05-23 10:51:03 | INFO |       26.891 ¦      742           2              0.010 
2025-05-23 10:51:03 | INFO |       26.901 ¦      743           2              0.010 
2025-05-23 10:51:03 | INFO |       26.911 ¦      744           2              0.010 
2025-05-23 10:51:03 | INFO |       26.921 ¦      745           2              0.010 
2025-05-23 10:51:03 | INFO |       26.931 ¦      746           2              0.010 
2025-05-23 10:51:03 | INFO |       26.941 ¦      747           2              0.010 
2025-05-23 10:51:03 | INFO |       26.951 ¦      748           2              0.010 
2025-05-23 10:51:03 | INFO |       26.961 ¦      749           2              0.010 
2025-05-23 10:51:03 | INFO |       26.971 ¦      750           2              0.010 
2025-05-23 10:51:03 | INFO |       26.981 ¦      751           2              0.010 
2025-05-23 10:51:03 | INFO |       26.991 ¦      752           2              0.010 
2025-05-23 10:51:03 | INFO |       27.001 ¦      753           2              0.010 
2025-05-23 10:51:03 | INFO |       27.011 ¦      754           2              0.010 
2025-05-23 10:51:03 | INFO |       27.021 ¦      755           2              0.010 
2025-05-23 10:51:03 | INFO |       27.031 ¦      756           2              0.010 
2025-05-23 10:51:03 | INFO |       27.041 ¦      757           2              0.010 
2025-05-23 10:51:03 | INFO |       27.051 ¦      758           2              0.010 
2025-05-23 10:51:03 | INFO |       27.061 ¦      759           2              0.010 
2025-05-23 10:51:03 | INFO |       27.071 ¦      760           2              0.010 
2025-05-23 10:51:03 | INFO |       27.081 ¦      761           2              0.010 
2025-05-23 10:51:03 | INFO |       27.091 ¦      762           2              0.010 
2025-05-23 10:51:03 | INFO |       27.101 ¦      763           2              0.010 
2025-05-23 10:51:03 | INFO |       27.111 ¦      764           2              0.010 
2025-05-23 10:51:03 | INFO |       27.121 ¦      765           2              0.010 
2025-05-23 10:51:03 | INFO |       27.131 ¦      766           2              0.010 
2025-05-23 10:51:03 | INFO |       27.141 ¦      767           2              0.010 
2025-05-23 10:51:03 | INFO |       27.151 ¦      768           2              0.010 
2025-05-23 10:51:03 | INFO |       27.161 ¦      769           2              0.010 
2025-05-23 10:51:03 | INFO |       27.171 ¦      770           2              0.010 
2025-05-23 10:51:03 | INFO |       27.181 ¦      771           2              0.010 
2025-05-23 10:51:03 | INFO |       27.191 ¦      772           2              0.010 
2025-05-23 10:51:03 | INFO |       27.201 ¦      773           2              0.010 
2025-05-23 10:51:03 | INFO |       27.211 ¦      774           2              0.010 
2025-05-23 10:51:03 | INFO |       27.221 ¦      775           2              0.010 
2025-05-23 10:51:03 | INFO |       27.231 ¦      776           2              0.010 
2025-05-23 10:51:03 | INFO |       27.241 ¦      777           2              0.010 
2025-05-23 10:51:03 | INFO |       27.251 ¦      778           2              0.010 
2025-05-23 10:51:03 | INFO |       27.261 ¦      779           2              0.010 
2025-05-23 10:51:03 | INFO |       27.271 ¦      780           2              0.010 
2025-05-23 10:51:03 | INFO |       27.281 ¦      781           2              0.010 
2025-05-23 10:51:03 | INFO |       27.291 ¦      782           2              0.010 
2025-05-23 10:51:03 | INFO |       27.301 ¦      783           2              0.010 
2025-05-23 10:51:03 | INFO |       27.311 ¦      784           2              0.010 
2025-05-23 10:51:03 | INFO |       27.321 ¦      785           2              0.010 
2025-05-23 10:51:03 | INFO |       27.331 ¦      786           2              0.010 
2025-05-23 10:51:03 | INFO |       27.341 ¦      787           2              0.010 
2025-05-23 10:51:03 | INFO |       27.351 ¦      788           2              0.010 
2025-05-23 10:51:03 | INFO |       27.361 ¦      789           2              0.010 
2025-05-23 10:51:03 | INFO |       27.371 ¦      790           2              0.010 
2025-05-23 10:51:03 | INFO |       27.381 ¦      791           2              0.010 
2025-05-23 10:51:03 | INFO |       27.391 ¦      792           2              0.010 
2025-05-23 10:51:03 | INFO |       27.401 ¦      793           2              0.010 
2025-05-23 10:51:03 | INFO |       27.411 ¦      794           2              0.010 
2025-05-23 10:51:03 | INFO |       27.421 ¦      795           2              0.010 
2025-05-23 10:51:03 | INFO |       27.431 ¦      796           2              0.010 
2025-05-23 10:51:03 | INFO |       27.441 ¦      797           2              0.010 
2025-05-23 10:51:03 | INFO |       27.451 ¦      798           2              0.010 
2025-05-23 10:51:03 | INFO |       27.461 ¦      799           2              0.010 
2025-05-23 10:51:03 | INFO |       27.471 ¦      800           2              0.010 
2025-05-23 10:51:03 | INFO |       27.481 ¦      801           2              0.010 
2025-05-23 10:51:03 | INFO |       27.491 ¦      802           2              0.010 
2025-05-23 10:51:03 | INFO |       27.501 ¦      803           2              0.010 
2025-05-23 10:51:03 | INFO |       27.511 ¦      804           2              0.010 
2025-05-23 10:51:03 | INFO |       27.521 ¦      805           2              0.010 
2025-05-23 10:51:03 | INFO |       27.531 ¦      806           2              0.010 
2025-05-23 10:51:03 | INFO |       27.541 ¦      807           2              0.010 
2025-05-23 10:51:03 | INFO |       27.551 ¦      808           2              0.010 
2025-05-23 10:51:03 | INFO |       27.561 ¦      809           2              0.010 
2025-05-23 10:51:03 | INFO |       27.571 ¦      810           2              0.010 
2025-05-23 10:51:03 | INFO |       27.581 ¦      811           2              0.010 
2025-05-23 10:51:03 | INFO |       27.591 ¦      812           2              0.010 
2025-05-23 10:51:03 | INFO |       27.601 ¦      813           2              0.010 
2025-05-23 10:51:03 | INFO |       27.611 ¦      814           2              0.010 
2025-05-23 10:51:03 | INFO |       27.621 ¦      815           2              0.010 
2025-05-23 10:51:03 | INFO |       27.631 ¦      816           2              0.010 
2025-05-23 10:51:03 | INFO |       27.641 ¦      817           2              0.010 
2025-05-23 10:51:03 | INFO |       27.651 ¦      818           2              0.010 
2025-05-23 10:51:03 | INFO |       27.661 ¦      819           2              0.010 
2025-05-23 10:51:03 | INFO |       27.671 ¦      820           2              0.010 
2025-05-23 10:51:03 | INFO |       27.681 ¦      821           2              0.010 
2025-05-23 10:51:03 | INFO |       27.691 ¦      822           2              0.010 
2025-05-23 10:51:03 | INFO |       27.701 ¦      823           2              0.010 
2025-05-23 10:51:03 | INFO |       27.711 ¦      824           2              0.010 
2025-05-23 10:51:03 | INFO |       27.721 ¦      825           2              0.010 
2025-05-23 10:51:03 | INFO |       27.731 ¦      826           2              0.010 
2025-05-23 10:51:03 | INFO |       27.741 ¦      827           2              0.010 
2025-05-23 10:51:03 | INFO |       27.751 ¦      828           2              0.010 
2025-05-23 10:51:03 | INFO |       27.761 ¦      829           2              0.010 
2025-05-23 10:51:03 | INFO |       27.771 ¦      830           2              0.010 
2025-05-23 10:51:03 | INFO |       27.781 ¦      831           2              0.010 
2025-05-23 10:51:03 | INFO |       27.791 ¦      832           2              0.010 
2025-05-23 10:51:03 | INFO |       27.801 ¦      833           2              0.010 
2025-05-23 10:51:03 | INFO |       27.811 ¦      834           2              0.010 
2025-05-23 10:51:03 | INFO |       27.821 ¦      835           2              0.010 
2025-05-23 10:51:03 | INFO |       27.831 ¦      836           2              0.010 
2025-05-23 10:51:03 | INFO |       27.841 ¦      837           2              0.010 
2025-05-23 10:51:03 | INFO |       27.851 ¦      838           2              0.010 
2025-05-23 10:51:03 | INFO |       27.861 ¦      839           2              0.010 
2025-05-23 10:51:03 | INFO |       27.871 ¦      840           2              0.010 
2025-05-23 10:51:03 | INFO |       27.881 ¦      841           2              0.010 
2025-05-23 10:51:03 | INFO |       27.891 ¦      842           2              0.010 
2025-05-23 10:51:03 | INFO |       27.901 ¦      843           2              0.010 
2025-05-23 10:51:03 | INFO |       27.911 ¦      844           2              0.010 
2025-05-23 10:51:03 | INFO |       27.921 ¦      845           2              0.010 
2025-05-23 10:51:03 | INFO |       27.931 ¦      846           2              0.010 
2025-05-23 10:51:03 | INFO |       27.941 ¦      847           2              0.010 
2025-05-23 10:51:03 | INFO |       27.951 ¦      848           2              0.010 
2025-05-23 10:51:03 | INFO |       27.961 ¦      849           2              0.010 
2025-05-23 10:51:03 | INFO |       27.971 ¦      850           2              0.010 
2025-05-23 10:51:03 | INFO |       27.981 ¦      851           2              0.010 
2025-05-23 10:51:03 | INFO |       27.991 ¦      852           2              0.010 
2025-05-23 10:51:03 | INFO |       28.001 ¦      853           2              0.010 
2025-05-23 10:51:03 | INFO |       28.011 ¦      854           2              0.010 
2025-05-23 10:51:03 | INFO |       28.021 ¦      855           2              0.010 
2025-05-23 10:51:03 | INFO |       28.031 ¦      856           2              0.010 
2025-05-23 10:51:03 | INFO |       28.041 ¦      857           2              0.010 
2025-05-23 10:51:03 | INFO |       28.051 ¦      858           2              0.010 
2025-05-23 10:51:03 | INFO |       28.061 ¦      859           2              0.010 
2025-05-23 10:51:03 | INFO |       28.071 ¦      860           2              0.010 
2025-05-23 10:51:03 | INFO |       28.081 ¦      861           2              0.010 
2025-05-23 10:51:03 | INFO |       28.091 ¦      862           2              0.010 
2025-05-23 10:51:03 | INFO |       28.101 ¦      863           2              0.010 
2025-05-23 10:51:03 | INFO |       28.111 ¦      864           2              0.010 
2025-05-23 10:51:03 | INFO |       28.121 ¦      865           2              0.010 
2025-05-23 10:51:03 | INFO |       28.131 ¦      866           2              0.010 
2025-05-23 10:51:03 | INFO |       28.141 ¦      867           2              0.010 
2025-05-23 10:51:03 | INFO |       28.151 ¦      868           2              0.010 
2025-05-23 10:51:03 | INFO |       28.161 ¦      869           2              0.010 
2025-05-23 10:51:03 | INFO |       28.171 ¦      870           2              0.010 
2025-05-23 10:51:03 | INFO |       28.181 ¦      871           2              0.010 
2025-05-23 10:51:03 | INFO |       28.191 ¦      872           2              0.010 
2025-05-23 10:51:03 | INFO |       28.201 ¦      873           2              0.010 
2025-05-23 10:51:03 | INFO |       28.211 ¦      874           2              0.010 
2025-05-23 10:51:03 | INFO |       28.221 ¦      875           2              0.010 
2025-05-23 10:51:03 | INFO |       28.231 ¦      876           2              0.010 
2025-05-23 10:51:03 | INFO |       28.241 ¦      877           2              0.010 
2025-05-23 10:51:03 | INFO |       28.251 ¦      878           2              0.010 
2025-05-23 10:51:03 | INFO |       28.261 ¦      879           2              0.010 
2025-05-23 10:51:03 | INFO |       28.271 ¦      880           2              0.010 
2025-05-23 10:51:03 | INFO |       28.281 ¦      881           2              0.010 
2025-05-23 10:51:03 | INFO |       28.291 ¦      882           2              0.010 
2025-05-23 10:51:03 | INFO |       28.301 ¦      883           2              0.010 
2025-05-23 10:51:03 | INFO |       28.311 ¦      884           2              0.010 
2025-05-23 10:51:03 | INFO |       28.321 ¦      885           2              0.010 
2025-05-23 10:51:03 | INFO |       28.331 ¦      886           2              0.010 
2025-05-23 10:51:03 | INFO |       28.341 ¦      887           2              0.010 
2025-05-23 10:51:03 | INFO |       28.351 ¦      888           2              0.010 
2025-05-23 10:51:03 | INFO |       28.361 ¦      889           2              0.010 
2025-05-23 10:51:03 | INFO |       28.371 ¦      890           2              0.010 
2025-05-23 10:51:03 | INFO |       28.381 ¦      891           2              0.010 
2025-05-23 10:51:03 | INFO |       28.391 ¦      892           2              0.010 
2025-05-23 10:51:03 | INFO |       28.401 ¦      893           2              0.010 
2025-05-23 10:51:03 | INFO |       28.411 ¦      894           2              0.010 
2025-05-23 10:51:03 | INFO |       28.421 ¦      895           2              0.010 
2025-05-23 10:51:03 | INFO |       28.431 ¦      896           2              0.010 
2025-05-23 10:51:03 | INFO |       28.441 ¦      897           2              0.010 
2025-05-23 10:51:03 | INFO |       28.451 ¦      898           2              0.010 
2025-05-23 10:51:03 | INFO |       28.461 ¦      899           2              0.010 
2025-05-23 10:51:03 | INFO |       28.471 ¦      900           2              0.010 
2025-05-23 10:51:03 | INFO |       28.481 ¦      901           2              0.010 
2025-05-23 10:51:03 | INFO |       28.491 ¦      902           2              0.010 
2025-05-23 10:51:03 | INFO |       28.501 ¦      903           2              0.010 
2025-05-23 10:51:03 | INFO |       28.511 ¦      904           2              0.010 
2025-05-23 10:51:03 | INFO |       28.521 ¦      905           2              0.010 
2025-05-23 10:51:03 | INFO |       28.531 ¦      906           2              0.010 
2025-05-23 10:51:03 | INFO |       28.541 ¦      907           2              0.010 
2025-05-23 10:51:03 | INFO |       28.551 ¦      908           2              0.010 
2025-05-23 10:51:03 | INFO |       28.561 ¦      909           2              0.010 
2025-05-23 10:51:03 | INFO |       28.571 ¦      910           2              0.010 
2025-05-23 10:51:03 | INFO |       28.581 ¦      911           2              0.010 
2025-05-23 10:51:03 | INFO |       28.591 ¦      912           2              0.010 
2025-05-23 10:51:03 | INFO |       28.601 ¦      913           2              0.010 
2025-05-23 10:51:03 | INFO |       28.611 ¦      914           2              0.010 
2025-05-23 10:51:03 | INFO |       28.621 ¦      915           2              0.010 
2025-05-23 10:51:03 | INFO |       28.631 ¦      916           2              0.010 
2025-05-23 10:51:03 | INFO |       28.641 ¦      917           2              0.010 
2025-05-23 10:51:03 | INFO |       28.651 ¦      918           2              0.010 
2025-05-23 10:51:03 | INFO |       28.661 ¦      919           2              0.010 
2025-05-23 10:51:03 | INFO |       28.671 ¦      920           2              0.010 
2025-05-23 10:51:03 | INFO |       28.681 ¦      921           2              0.010 
2025-05-23 10:51:03 | INFO |       28.691 ¦      922           2              0.010 
2025-05-23 10:51:03 | INFO |       28.701 ¦      923           2              0.010 
2025-05-23 10:51:03 | INFO |       28.711 ¦      924           2              0.010 
2025-05-23 10:51:03 | INFO |       28.721 ¦      925           2              0.010 
2025-05-23 10:51:03 | INFO |       28.731 ¦      926           2              0.010 
2025-05-23 10:51:03 | INFO |       28.741 ¦      927           2              0.010 
2025-05-23 10:51:03 | INFO |       28.751 ¦      928           2              0.010 
2025-05-23 10:51:03 | INFO |       28.761 ¦      929           2              0.010 
2025-05-23 10:51:03 | INFO |       28.771 ¦      930           2              0.010 
2025-05-23 10:51:03 | INFO |       28.781 ¦      931           2              0.010 
2025-05-23 10:51:03 | INFO |       28.791 ¦      932           2              0.010 
2025-05-23 10:51:03 | INFO |       28.801 ¦      933           2              0.010 
2025-05-23 10:51:03 | INFO |       28.811 ¦      934           2              0.010 
2025-05-23 10:51:03 | INFO |       28.821 ¦      935           2              0.010 
2025-05-23 10:51:03 | INFO |       28.831 ¦      936           2              0.010 
2025-05-23 10:51:03 | INFO |       28.841 ¦      937           2              0.010 
2025-05-23 10:51:03 | INFO |       28.851 ¦      938           2              0.010 
2025-05-23 10:51:03 | INFO |       28.861 ¦      939           2              0.010 
2025-05-23 10:51:03 | INFO |       28.871 ¦      940           2              0.010 
2025-05-23 10:51:03 | INFO |       28.881 ¦      941           2              0.010 
2025-05-23 10:51:03 | INFO |       28.891 ¦      942           2              0.010 
2025-05-23 10:51:03 | INFO |       28.901 ¦      943           2              0.010 
2025-05-23 10:51:03 | INFO |       28.911 ¦      944           2              0.010 
2025-05-23 10:51:03 | INFO |       28.921 ¦      945           2              0.010 
2025-05-23 10:51:03 | INFO |       28.931 ¦      946           2              0.010 
2025-05-23 10:51:03 | INFO |       28.941 ¦      947           2              0.010 
2025-05-23 10:51:03 | INFO |       28.951 ¦      948           2              0.010 
2025-05-23 10:51:03 | INFO |       28.961 ¦      949           2              0.010 
2025-05-23 10:51:03 | INFO |       28.971 ¦      950           2              0.010 
2025-05-23 10:51:03 | INFO |       28.981 ¦      951           2              0.010 
2025-05-23 10:51:03 | INFO |       28.991 ¦      952           2              0.010 
2025-05-23 10:51:03 | INFO |       29.001 ¦      953           2              0.010 
2025-05-23 10:51:03 | INFO |       29.011 ¦      954           2              0.010 
2025-05-23 10:51:03 | INFO |       29.021 ¦      955           2              0.010 
2025-05-23 10:51:03 | INFO |       29.031 ¦      956           2              0.010 
2025-05-23 10:51:03 | INFO |       29.041 ¦      957           2              0.010 
2025-05-23 10:51:03 | INFO |       29.051 ¦      958           2              0.010 
2025-05-23 10:51:03 | INFO |       29.061 ¦      959           2              0.010 
2025-05-23 10:51:03 | INFO |       29.071 ¦      960           2              0.010 
2025-05-23 10:51:03 | INFO |       29.081 ¦      961           2              0.010 
2025-05-23 10:51:03 | INFO |       29.091 ¦      962           2              0.010 
2025-05-23 10:51:03 | INFO |       29.101 ¦      963           2              0.010 
2025-05-23 10:51:03 | INFO |       29.111 ¦      964           2              0.010 
2025-05-23 10:51:03 | INFO |       29.121 ¦      965           2              0.010 
2025-05-23 10:51:03 | INFO |       29.131 ¦      966           2              0.010 
2025-05-23 10:51:03 | INFO |       29.141 ¦      967           2              0.010 
2025-05-23 10:51:03 | INFO |       29.151 ¦      968           2              0.010 
2025-05-23 10:51:03 | INFO |       29.161 ¦      969           2              0.010 
2025-05-23 10:51:03 | INFO |       29.171 ¦      970           2              0.010 
2025-05-23 10:51:03 | INFO |       29.181 ¦      971           2              0.010 
2025-05-23 10:51:03 | INFO |       29.191 ¦      972           2              0.010 
2025-05-23 10:51:03 | INFO |       29.201 ¦      973           2              0.010 
2025-05-23 10:51:03 | INFO |       29.211 ¦      974           2              0.010 
2025-05-23 10:51:03 | INFO |       29.221 ¦      975           2              0.010 
2025-05-23 10:51:03 | INFO |       29.231 ¦      976           2              0.010 
2025-05-23 10:51:03 | INFO |       29.241 ¦      977           2              0.010 
2025-05-23 10:51:03 | INFO |       29.251 ¦      978           2              0.010 
2025-05-23 10:51:03 | INFO |       29.261 ¦      979           2              0.010 
2025-05-23 10:51:03 | INFO |       29.271 ¦      980           2              0.010 
2025-05-23 10:51:03 | INFO |       29.281 ¦      981           2              0.010 
2025-05-23 10:51:03 | INFO |       29.291 ¦      982           2              0.010 
2025-05-23 10:51:03 | INFO |       29.301 ¦      983           2              0.010 
2025-05-23 10:51:03 | INFO |       29.311 ¦      984           2              0.010 
2025-05-23 10:51:03 | INFO |       29.321 ¦      985           2              0.010 
2025-05-23 10:51:03 | INFO |       29.331 ¦      986           2              0.010 
2025-05-23 10:51:03 | INFO |       29.341 ¦      987           2              0.010 
2025-05-23 10:51:03 | INFO |       29.351 ¦      988           2              0.010 
2025-05-23 10:51:03 | INFO |       29.361 ¦      989           2              0.010 
2025-05-23 10:51:03 | INFO |       29.371 ¦      990           2              0.010 
2025-05-23 10:51:03 | INFO |       29.381 ¦      991           2              0.010 
2025-05-23 10:51:03 | INFO |       29.391 ¦      992           2              0.010 
2025-05-23 10:51:03 | INFO |       29.401 ¦      993           2              0.010 
2025-05-23 10:51:03 | INFO |       29.411 ¦      994           2              0.010 
2025-05-23 10:51:03 | INFO |       29.421 ¦      995           2              0.010 
2025-05-23 10:51:03 | INFO |       29.431 ¦      996           2              0.010 
2025-05-23 10:51:03 | INFO |       29.441 ¦      997           2              0.010 
2025-05-23 10:51:03 | INFO |       29.451 ¦      998           2              0.010 
2025-05-23 10:51:03 | INFO |       29.461 ¦      999           2              0.010 
2025-05-23 10:51:03 | INFO |       29.471 ¦     1000           2              0.010 
2025-05-23 10:51:03 | INFO |       29.481 ¦     1001           2              0.010 
2025-05-23 10:51:03 | INFO |       29.491 ¦     1002           2              0.010 
2025-05-23 10:51:03 | INFO |       29.501 ¦     1003           2              0.010 
2025-05-23 10:51:03 | INFO |       29.511 ¦     1004           2              0.010 
2025-05-23 10:51:03 | INFO |       29.521 ¦     1005           2              0.010 
2025-05-23 10:51:03 | INFO |       29.531 ¦     1006           2              0.010 
2025-05-23 10:51:03 | INFO |       29.541 ¦     1007           2              0.010 
2025-05-23 10:51:03 | INFO |       29.551 ¦     1008           2              0.010 
2025-05-23 10:51:03 | INFO |       29.561 ¦     1009           2              0.010 
2025-05-23 10:51:03 | INFO |       29.571 ¦     1010           2              0.010 
2025-05-23 10:51:03 | INFO |       29.581 ¦     1011           2              0.010 
2025-05-23 10:51:03 | INFO |       29.591 ¦     1012           2              0.010 
2025-05-23 10:51:03 | INFO |       29.601 ¦     1013           2              0.010 
2025-05-23 10:51:03 | INFO |       29.611 ¦     1014           2              0.010 
2025-05-23 10:51:03 | INFO |       29.621 ¦     1015           2              0.010 
2025-05-23 10:51:03 | INFO |       29.631 ¦     1016           2              0.010 
2025-05-23 10:51:03 | INFO |       29.641 ¦     1017           2              0.010 
2025-05-23 10:51:03 | INFO |       29.651 ¦     1018           2              0.010 
2025-05-23 10:51:03 | INFO |       29.661 ¦     1019           2              0.010 
2025-05-23 10:51:03 | INFO |       29.671 ¦     1020           2              0.010 
2025-05-23 10:51:03 | INFO |       29.681 ¦     1021           2              0.010 
2025-05-23 10:51:03 | INFO |       29.691 ¦     1022           2              0.010 
2025-05-23 10:51:03 | INFO |       29.701 ¦     1023           2              0.010 
2025-05-23 10:51:03 | INFO |       29.711 ¦     1024           2              0.010 
2025-05-23 10:51:03 | INFO |       29.721 ¦     1025           2              0.010 
2025-05-23 10:51:03 | INFO |       29.731 ¦     1026           2              0.010 
2025-05-23 10:51:03 | INFO |       29.741 ¦     1027           2              0.010 
2025-05-23 10:51:03 | INFO |       29.751 ¦     1028           2              0.010 
2025-05-23 10:51:03 | INFO |       29.761 ¦     1029           2              0.010 
2025-05-23 10:51:03 | INFO |       29.771 ¦     1030           2              0.010 
2025-05-23 10:51:03 | INFO |       29.781 ¦     1031           2              0.010 
2025-05-23 10:51:03 | INFO |       29.791 ¦     1032           2              0.010 
2025-05-23 10:51:03 | INFO |       29.801 ¦     1033           2              0.010 
2025-05-23 10:51:03 | INFO |       29.811 ¦     1034           2              0.010 
2025-05-23 10:51:03 | INFO |       29.821 ¦     1035           2              0.010 
2025-05-23 10:51:03 | INFO |       29.831 ¦     1036           2              0.010 
2025-05-23 10:51:03 | INFO |       29.841 ¦     1037           2              0.010 
2025-05-23 10:51:03 | INFO |       29.851 ¦     1038           2              0.010 
2025-05-23 10:51:03 | INFO |       29.861 ¦     1039           2              0.010 
2025-05-23 10:51:03 | INFO |       29.871 ¦     1040           2              0.010 
2025-05-23 10:51:03 | INFO |       29.881 ¦     1041           2              0.010 
2025-05-23 10:51:03 | INFO |       29.891 ¦     1042           2              0.010 
2025-05-23 10:51:03 | INFO |       29.901 ¦     1043           2              0.010 
2025-05-23 10:51:03 | INFO |       29.911 ¦     1044           2              0.010 
2025-05-23 10:51:03 | INFO |       29.921 ¦     1045           2              0.010 
2025-05-23 10:51:03 | INFO |       29.931 ¦     1046           2              0.010 
2025-05-23 10:51:03 | INFO |       29.941 ¦     1047           2              0.010 
2025-05-23 10:51:03 | INFO |       29.951 ¦     1048           2              0.010 
2025-05-23 10:51:03 | INFO |       29.961 ¦     1049           2              0.010 
2025-05-23 10:51:03 | INFO |       29.971 ¦     1050           2              0.010 
2025-05-23 10:51:03 | INFO |       29.981 ¦     1051           2              0.010 
2025-05-23 10:51:03 | INFO |       29.991 ¦     1052           2              0.010 
2025-05-23 10:51:03 | INFO |       30.001 ¦     1053           2              0.010 
2025-05-23 10:51:03 | INFO |       30.011 ¦     1054           2              0.010 
2025-05-23 10:51:03 | INFO |       30.021 ¦     1055           2              0.010 
2025-05-23 10:51:03 | INFO |       30.031 ¦     1056           2              0.010 
2025-05-23 10:51:03 | INFO |       30.041 ¦     1057           2              0.010 
2025-05-23 10:51:03 | INFO |       30.051 ¦     1058           2              0.010 
2025-05-23 10:51:03 | INFO |       30.061 ¦     1059           2              0.010 
2025-05-23 10:51:03 | INFO |       30.071 ¦     1060           2              0.010 
2025-05-23 10:51:03 | INFO |       30.081 ¦     1061           2              0.010 
2025-05-23 10:51:03 | INFO |       30.091 ¦     1062           2              0.010 
2025-05-23 10:51:03 | INFO |       30.101 ¦     1063           2              0.010 
2025-05-23 10:51:03 | INFO |       30.111 ¦     1064           2              0.010 
2025-05-23 10:51:03 | INFO |       30.121 ¦     1065           2              0.010 
2025-05-23 10:51:03 | INFO |       30.131 ¦     1066           2              0.010 
2025-05-23 10:51:03 | INFO |       30.141 ¦     1067           2              0.010 
2025-05-23 10:51:03 | INFO |       30.151 ¦     1068           2              0.010 
2025-05-23 10:51:03 | INFO |       30.161 ¦     1069           2              0.010 
2025-05-23 10:51:03 | INFO |       30.171 ¦     1070           2              0.010 
2025-05-23 10:51:03 | INFO |       30.181 ¦     1071           2              0.010 
2025-05-23 10:51:03 | INFO |       30.191 ¦     1072           2              0.010 
2025-05-23 10:51:03 | INFO |       30.201 ¦     1073           2              0.010 
2025-05-23 10:51:03 | INFO |       30.211 ¦     1074           2              0.010 
2025-05-23 10:51:03 | INFO |       30.221 ¦     1075           2              0.010 
2025-05-23 10:51:03 | INFO |       30.231 ¦     1076           2              0.010 
2025-05-23 10:51:03 | INFO |       30.241 ¦     1077           2              0.010 
2025-05-23 10:51:03 | INFO |       30.251 ¦     1078           2              0.010 
2025-05-23 10:51:03 | INFO |       30.261 ¦     1079           2              0.010 
2025-05-23 10:51:03 | INFO |       30.271 ¦     1080           2              0.010 
2025-05-23 10:51:03 | INFO |       30.281 ¦     1081           2              0.010 
2025-05-23 10:51:03 | INFO |       30.291 ¦     1082           2              0.010 
2025-05-23 10:51:03 | INFO |       30.301 ¦     1083           2              0.010 
2025-05-23 10:51:03 | INFO |       30.311 ¦     1084           2              0.010 
2025-05-23 10:51:03 | INFO |       30.321 ¦     1085           2              0.010 
2025-05-23 10:51:03 | INFO |       30.331 ¦     1086           2              0.010 
2025-05-23 10:51:03 | INFO |       30.341 ¦     1087           2              0.010 
2025-05-23 10:51:03 | INFO |       30.351 ¦     1088           2              0.010 
2025-05-23 10:51:03 | INFO |       30.361 ¦     1089           2              0.010 
2025-05-23 10:51:03 | INFO |       30.371 ¦     1090           2              0.010 
2025-05-23 10:51:03 | INFO |       30.381 ¦     1091           2              0.010 
2025-05-23 10:51:03 | INFO |       30.391 ¦     1092           2              0.010 
2025-05-23 10:51:03 | INFO |       30.401 ¦     1093           2              0.010 
2025-05-23 10:51:03 | INFO |       30.411 ¦     1094           2              0.010 
2025-05-23 10:51:03 | INFO |       30.421 ¦     1095           2              0.010 
2025-05-23 10:51:03 | INFO |       30.431 ¦     1096           2              0.010 
2025-05-23 10:51:03 | INFO |       30.441 ¦     1097           2              0.010 
2025-05-23 10:51:03 | INFO |       30.451 ¦     1098           2              0.010 
2025-05-23 10:51:03 | INFO |       30.461 ¦     1099           2              0.010 
2025-05-23 10:51:03 | INFO |       30.471 ¦     1100           2              0.010 
2025-05-23 10:51:03 | INFO |       30.481 ¦     1101           2              0.010 
2025-05-23 10:51:03 | INFO |       30.491 ¦     1102           2              0.010 
2025-05-23 10:51:03 | INFO |       30.501 ¦     1103           2              0.010 
2025-05-23 10:51:03 | INFO |       30.511 ¦     1104           2              0.010 
2025-05-23 10:51:03 | INFO |       30.521 ¦     1105           2              0.010 
2025-05-23 10:51:03 | INFO |       30.531 ¦     1106           2              0.010 
2025-05-23 10:51:03 | INFO |       30.541 ¦     1107           2              0.010 
2025-05-23 10:51:03 | INFO |       30.551 ¦     1108           2              0.010 
2025-05-23 10:51:03 | INFO |       30.561 ¦     1109           2              0.010 
2025-05-23 10:51:03 | INFO |       30.571 ¦     1110           2              0.010 
2025-05-23 10:51:03 | INFO |       30.581 ¦     1111           2              0.010 
2025-05-23 10:51:03 | INFO |       30.591 ¦     1112           2              0.010 
2025-05-23 10:51:03 | INFO |       30.601 ¦     1113           2              0.010 
2025-05-23 10:51:03 | INFO |       30.611 ¦     1114           2              0.010 
2025-05-23 10:51:03 | INFO |       30.621 ¦     1115           2              0.010 
2025-05-23 10:51:03 | INFO |       30.631 ¦     1116           2              0.010 
2025-05-23 10:51:03 | INFO |       30.641 ¦     1117           2              0.010 
2025-05-23 10:51:03 | INFO |       30.651 ¦     1118           2              0.010 
2025-05-23 10:51:03 | INFO |       30.661 ¦     1119           2              0.010 
2025-05-23 10:51:03 | INFO |       30.671 ¦     1120           2              0.010 
2025-05-23 10:51:03 | INFO |       30.681 ¦     1121           2              0.010 
2025-05-23 10:51:03 | INFO |       30.691 ¦     1122           2              0.010 
2025-05-23 10:51:03 | INFO |       30.701 ¦     1123           2              0.010 
2025-05-23 10:51:03 | INFO |       30.711 ¦     1124           2              0.010 
2025-05-23 10:51:03 | INFO |       30.721 ¦     1125           2              0.010 
2025-05-23 10:51:03 | INFO |       30.731 ¦     1126           2              0.010 
2025-05-23 10:51:03 | INFO |       30.741 ¦     1127           2              0.010 
2025-05-23 10:51:03 | INFO |       30.751 ¦     1128           2              0.010 
2025-05-23 10:51:03 | INFO |       30.761 ¦     1129           2              0.010 
2025-05-23 10:51:03 | INFO |       30.771 ¦     1130           2              0.010 
2025-05-23 10:51:03 | INFO |       30.781 ¦     1131           2              0.010 
2025-05-23 10:51:03 | INFO |       30.791 ¦     1132           2              0.010 
2025-05-23 10:51:03 | INFO |       30.801 ¦     1133           2              0.010 
2025-05-23 10:51:03 | INFO |       30.811 ¦     1134           2              0.010 
2025-05-23 10:51:03 | INFO |       30.821 ¦     1135           2              0.010 
2025-05-23 10:51:03 | INFO |       30.831 ¦     1136           2              0.010 
2025-05-23 10:51:03 | INFO |       30.841 ¦     1137           2              0.010 
2025-05-23 10:51:03 | INFO |       30.851 ¦     1138           2              0.010 
2025-05-23 10:51:03 | INFO |       30.861 ¦     1139           2              0.010 
2025-05-23 10:51:03 | INFO |       30.871 ¦     1140           2              0.010 
2025-05-23 10:51:03 | INFO |       30.881 ¦     1141           2              0.010 
2025-05-23 10:51:03 | INFO |       30.891 ¦     1142           2              0.010 
2025-05-23 10:51:03 | INFO |       30.901 ¦     1143           2              0.010 
2025-05-23 10:51:03 | INFO |       30.911 ¦     1144           2              0.010 
2025-05-23 10:51:03 | INFO |       30.921 ¦     1145           2              0.010 
2025-05-23 10:51:03 | INFO |       30.931 ¦     1146           2              0.010 
2025-05-23 10:51:03 | INFO |       30.941 ¦     1147           2              0.010 
2025-05-23 10:51:03 | INFO |       30.951 ¦     1148           2              0.010 
2025-05-23 10:51:03 | INFO |       30.961 ¦     1149           2              0.010 
2025-05-23 10:51:03 | INFO |       30.971 ¦     1150           2              0.010 
2025-05-23 10:51:03 | INFO |       30.981 ¦     1151           2              0.010 
2025-05-23 10:51:03 | INFO |       30.991 ¦     1152           2              0.010 
2025-05-23 10:51:03 | INFO |       31.001 ¦     1153           2              0.010 
2025-05-23 10:51:03 | INFO |       31.011 ¦     1154           2              0.010 
2025-05-23 10:51:03 | INFO |       31.021 ¦     1155           2              0.010 
2025-05-23 10:51:03 | INFO |       31.031 ¦     1156           2              0.010 
2025-05-23 10:51:03 | INFO |       31.041 ¦     1157           2              0.010 
2025-05-23 10:51:03 | INFO |       31.051 ¦     1158           2              0.010 
2025-05-23 10:51:03 | INFO |       31.061 ¦     1159           2              0.010 
2025-05-23 10:51:03 | INFO |       31.071 ¦     1160           2              0.010 
2025-05-23 10:51:03 | INFO |       31.081 ¦     1161           2              0.010 
2025-05-23 10:51:03 | INFO |       31.091 ¦     1162           2              0.010 
2025-05-23 10:51:03 | INFO |       31.101 ¦     1163           2              0.010 
2025-05-23 10:51:03 | INFO |       31.111 ¦     1164           2              0.010 
2025-05-23 10:51:03 | INFO |       31.121 ¦     1165           2              0.010 
2025-05-23 10:51:03 | INFO |       31.131 ¦     1166           2              0.010 
2025-05-23 10:51:03 | INFO |       31.141 ¦     1167           2              0.010 
2025-05-23 10:51:03 | INFO |       31.151 ¦     1168           2              0.010 
2025-05-23 10:51:03 | INFO |       31.161 ¦     1169           2              0.010 
2025-05-23 10:51:03 | INFO |       31.171 ¦     1170           2              0.010 
2025-05-23 10:51:03 | INFO |       31.181 ¦     1171           2              0.010 
2025-05-23 10:51:03 | INFO |       31.191 ¦     1172           2              0.010 
2025-05-23 10:51:03 | INFO |       31.201 ¦     1173           2              0.010 
2025-05-23 10:51:03 | INFO |       31.211 ¦     1174           2              0.010 
2025-05-23 10:51:03 | INFO |       31.221 ¦     1175           2              0.010 
2025-05-23 10:51:03 | INFO |       31.231 ¦     1176           2              0.010 
2025-05-23 10:51:03 | INFO |       31.241 ¦     1177           2              0.010 
2025-05-23 10:51:03 | INFO |       31.251 ¦     1178           2              0.010 
2025-05-23 10:51:03 | INFO |       31.261 ¦     1179           2              0.010 
2025-05-23 10:51:03 | INFO |       31.271 ¦     1180           2              0.010 
2025-05-23 10:51:03 | INFO |       31.281 ¦     1181           2              0.010 
2025-05-23 10:51:03 | INFO |       31.291 ¦     1182           2              0.010 
2025-05-23 10:51:03 | INFO |       31.301 ¦     1183           2              0.010 
2025-05-23 10:51:03 | INFO |       31.311 ¦     1184           2              0.010 
2025-05-23 10:51:03 | INFO |       31.321 ¦     1185           2              0.010 
2025-05-23 10:51:03 | INFO |       31.331 ¦     1186           2              0.010 
2025-05-23 10:51:03 | INFO |       31.341 ¦     1187           2              0.010 
2025-05-23 10:51:03 | INFO |       31.351 ¦     1188           2              0.010 
2025-05-23 10:51:03 | INFO |       31.361 ¦     1189           2              0.010 
2025-05-23 10:51:03 | INFO |       31.371 ¦     1190           2              0.010 
2025-05-23 10:51:03 | INFO |       31.381 ¦     1191           2              0.010 
2025-05-23 10:51:03 | INFO |       31.391 ¦     1192           2              0.010 
2025-05-23 10:51:03 | INFO |       31.401 ¦     1193           2              0.010 
2025-05-23 10:51:03 | INFO |       31.411 ¦     1194           2              0.010 
2025-05-23 10:51:03 | INFO |       31.421 ¦     1195           2              0.010 
2025-05-23 10:51:03 | INFO |       31.431 ¦     1196           2              0.010 
2025-05-23 10:51:03 | INFO |       31.441 ¦     1197           2              0.010 
2025-05-23 10:51:03 | INFO |       31.451 ¦     1198           2              0.010 
2025-05-23 10:51:03 | INFO |       31.461 ¦     1199           2              0.010 
2025-05-23 10:51:03 | INFO |       31.471 ¦     1200           2              0.010 
2025-05-23 10:51:03 | INFO |       31.481 ¦     1201           2              0.010 
2025-05-23 10:51:03 | INFO |       31.491 ¦     1202           2              0.010 
2025-05-23 10:51:03 | INFO |       31.501 ¦     1203           2              0.010 
2025-05-23 10:51:03 | INFO |       31.511 ¦     1204           2              0.010 
2025-05-23 10:51:03 | INFO |       31.521 ¦     1205           2              0.010 
2025-05-23 10:51:03 | INFO |       31.531 ¦     1206           2              0.010 
2025-05-23 10:51:03 | INFO |       31.541 ¦     1207           2              0.010 
2025-05-23 10:51:03 | INFO |       31.551 ¦     1208           2              0.010 
2025-05-23 10:51:03 | INFO |       31.561 ¦     1209           2              0.010 
2025-05-23 10:51:03 | INFO |       31.571 ¦     1210           2              0.010 
2025-05-23 10:51:03 | INFO |       31.581 ¦     1211           2              0.010 
2025-05-23 10:51:03 | INFO |       31.591 ¦     1212           2              0.010 
2025-05-23 10:51:03 | INFO |       31.601 ¦     1213           2              0.010 
2025-05-23 10:51:03 | INFO |       31.611 ¦     1214           2              0.010 
2025-05-23 10:51:03 | INFO |       31.621 ¦     1215           2              0.010 
2025-05-23 10:51:03 | INFO |       31.631 ¦     1216           2              0.010 
2025-05-23 10:51:03 | INFO |       31.641 ¦     1217           2              0.010 
2025-05-23 10:51:03 | INFO |       31.651 ¦     1218           2              0.010 
2025-05-23 10:51:03 | INFO |       31.661 ¦     1219           2              0.010 
2025-05-23 10:51:03 | INFO |       31.671 ¦     1220           2              0.010 
2025-05-23 10:51:03 | INFO |       31.681 ¦     1221           2              0.010 
2025-05-23 10:51:03 | INFO |       31.691 ¦     1222           2              0.010 
2025-05-23 10:51:03 | INFO |       31.701 ¦     1223           2              0.010 
2025-05-23 10:51:03 | INFO |       31.711 ¦     1224           2              0.010 
2025-05-23 10:51:03 | INFO |       31.721 ¦     1225           2              0.010 
2025-05-23 10:51:03 | INFO |       31.731 ¦     1226           2              0.010 
2025-05-23 10:51:03 | INFO |       31.741 ¦     1227           2              0.010 
2025-05-23 10:51:03 | INFO |       31.751 ¦     1228           2              0.010 
2025-05-23 10:51:03 | INFO |       31.761 ¦     1229           2              0.010 
2025-05-23 10:51:03 | INFO |       31.771 ¦     1230           2              0.010 
2025-05-23 10:51:03 | INFO |       31.781 ¦     1231           2              0.010 
2025-05-23 10:51:03 | INFO |       31.791 ¦     1232           2              0.010 
2025-05-23 10:51:03 | INFO |       31.801 ¦     1233           2              0.010 
2025-05-23 10:51:03 | INFO |       31.811 ¦     1234           2              0.010 
2025-05-23 10:51:03 | INFO |       31.821 ¦     1235           2              0.010 
2025-05-23 10:51:03 | INFO |       31.831 ¦     1236           2              0.010 
2025-05-23 10:51:03 | INFO |       31.841 ¦     1237           2              0.010 
2025-05-23 10:51:03 | INFO |       31.851 ¦     1238           2              0.010 
2025-05-23 10:51:03 | INFO |       31.861 ¦     1239           2              0.010 
2025-05-23 10:51:03 | INFO |       31.871 ¦     1240           2              0.010 
2025-05-23 10:51:03 | INFO |       31.881 ¦     1241           2              0.010 
2025-05-23 10:51:03 | INFO |       31.891 ¦     1242           2              0.010 
2025-05-23 10:51:03 | INFO |       31.901 ¦     1243           2              0.010 
2025-05-23 10:51:03 | INFO |       31.911 ¦     1244           2              0.010 
2025-05-23 10:51:03 | INFO |       31.921 ¦     1245           2              0.010 
2025-05-23 10:51:03 | INFO |       31.931 ¦     1246           2              0.010 
2025-05-23 10:51:03 | INFO |       31.941 ¦     1247           2              0.010 
2025-05-23 10:51:03 | INFO |       31.951 ¦     1248           2              0.010 
2025-05-23 10:51:03 | INFO |       31.961 ¦     1249           2              0.010 
2025-05-23 10:51:03 | INFO |       31.971 ¦     1250           2              0.010 
2025-05-23 10:51:03 | INFO |       31.981 ¦     1251           2              0.010 
2025-05-23 10:51:03 | INFO |       31.991 ¦     1252           2              0.010 
2025-05-23 10:51:03 | INFO |       32.001 ¦     1253           2              0.010 
2025-05-23 10:51:03 | INFO |       32.011 ¦     1254           2              0.010 
2025-05-23 10:51:03 | INFO |       32.021 ¦     1255           2              0.010 
2025-05-23 10:51:03 | INFO |       32.031 ¦     1256           2              0.010 
2025-05-23 10:51:03 | INFO |       32.041 ¦     1257           2              0.010 
2025-05-23 10:51:03 | INFO |       32.051 ¦     1258           2              0.010 
2025-05-23 10:51:03 | INFO |       32.061 ¦     1259           2              0.010 
2025-05-23 10:51:03 | INFO |       32.071 ¦     1260           2              0.010 
2025-05-23 10:51:03 | INFO |       32.081 ¦     1261           2              0.010 
2025-05-23 10:51:03 | INFO |       32.091 ¦     1262           2              0.010 
2025-05-23 10:51:03 | INFO |       32.101 ¦     1263           2              0.010 
2025-05-23 10:51:03 | INFO |       32.111 ¦     1264           2              0.010 
2025-05-23 10:51:03 | INFO |       32.121 ¦     1265           2              0.010 
2025-05-23 10:51:03 | INFO |       32.131 ¦     1266           2              0.010 
2025-05-23 10:51:03 | INFO |       32.141 ¦     1267           2              0.010 
2025-05-23 10:51:03 | INFO |       32.151 ¦     1268           2              0.010 
2025-05-23 10:51:03 | INFO |       32.161 ¦     1269           2              0.010 
2025-05-23 10:51:03 | INFO |       32.171 ¦     1270           2              0.010 
2025-05-23 10:51:03 | INFO |       32.181 ¦     1271           2              0.010 
2025-05-23 10:51:03 | INFO |       32.191 ¦     1272           2              0.010 
2025-05-23 10:51:03 | INFO |       32.201 ¦     1273           2              0.010 
2025-05-23 10:51:03 | INFO |       32.211 ¦     1274           2              0.010 
2025-05-23 10:51:03 | INFO |       32.221 ¦     1275           2              0.010 
2025-05-23 10:51:03 | INFO |       32.231 ¦     1276           2              0.010 
2025-05-23 10:51:03 | INFO |       32.241 ¦     1277           2              0.010 
2025-05-23 10:51:03 | INFO |       32.251 ¦     1278           2              0.010 
2025-05-23 10:51:03 | INFO |       32.261 ¦     1279           2              0.010 
2025-05-23 10:51:03 | INFO |       32.271 ¦     1280           2              0.010 
2025-05-23 10:51:03 | INFO |       32.281 ¦     1281           2              0.010 
2025-05-23 10:51:03 | INFO |       32.291 ¦     1282           2              0.010 
2025-05-23 10:51:03 | INFO |       32.301 ¦     1283           2              0.010 
2025-05-23 10:51:03 | INFO |       32.311 ¦     1284           2              0.010 
2025-05-23 10:51:03 | INFO |       32.321 ¦     1285           2              0.010 
2025-05-23 10:51:03 | INFO |       32.331 ¦     1286           2              0.010 
2025-05-23 10:51:03 | INFO |       32.341 ¦     1287           2              0.010 
2025-05-23 10:51:03 | INFO |       32.351 ¦     1288           2              0.010 
2025-05-23 10:51:03 | INFO |       32.361 ¦     1289           2              0.010 
2025-05-23 10:51:03 | INFO |       32.371 ¦     1290           2              0.010 
2025-05-23 10:51:03 | INFO |       32.381 ¦     1291           2              0.010 
2025-05-23 10:51:03 | INFO |       32.391 ¦     1292           2              0.010 
2025-05-23 10:51:03 | INFO |       32.401 ¦     1293           2              0.010 
2025-05-23 10:51:03 | INFO |       32.411 ¦     1294           2              0.010 
2025-05-23 10:51:03 | INFO |       32.421 ¦     1295           2              0.010 
2025-05-23 10:51:03 | INFO |       32.431 ¦     1296           2              0.010 
2025-05-23 10:51:03 | INFO |       32.441 ¦     1297           2              0.010 
2025-05-23 10:51:03 | INFO |       32.451 ¦     1298           2              0.010 
2025-05-23 10:51:03 | INFO |       32.461 ¦     1299           2              0.010 
2025-05-23 10:51:03 | INFO |       32.471 ¦     1300           2              0.010 
2025-05-23 10:51:03 | INFO |       32.481 ¦     1301           2              0.010 
2025-05-23 10:51:03 | INFO |       32.491 ¦     1302           2              0.010 
2025-05-23 10:51:03 | INFO |       32.501 ¦     1303           2              0.010 
2025-05-23 10:51:03 | INFO |       32.511 ¦     1304           2              0.010 
2025-05-23 10:51:03 | INFO |       32.521 ¦     1305           2              0.010 
2025-05-23 10:51:03 | INFO |       32.531 ¦     1306           2              0.010 
2025-05-23 10:51:03 | INFO |       32.541 ¦     1307           2              0.010 
2025-05-23 10:51:03 | INFO |       32.551 ¦     1308           2              0.010 
2025-05-23 10:51:03 | INFO |       32.561 ¦     1309           2              0.010 
2025-05-23 10:51:03 | INFO |       32.571 ¦     1310           2              0.010 
2025-05-23 10:51:03 | INFO |       32.581 ¦     1311           2              0.010 
2025-05-23 10:51:03 | INFO |       32.591 ¦     1312           2              0.010 
2025-05-23 10:51:03 | INFO |       32.601 ¦     1313           2              0.010 
2025-05-23 10:51:03 | INFO |       32.611 ¦     1314           2              0.010 
2025-05-23 10:51:03 | INFO |       32.621 ¦     1315           2              0.010 
2025-05-23 10:51:03 | INFO |       32.631 ¦     1316           2              0.010 
2025-05-23 10:51:03 | INFO |       32.641 ¦     1317           2              0.010 
2025-05-23 10:51:03 | INFO |       32.651 ¦     1318           2              0.010 
2025-05-23 10:51:03 | INFO |       32.661 ¦     1319           2              0.010 
2025-05-23 10:51:03 | INFO |       32.671 ¦     1320           2              0.010 
2025-05-23 10:51:03 | INFO |       32.681 ¦     1321           2              0.010 
2025-05-23 10:51:03 | INFO |       32.691 ¦     1322           2              0.010 
2025-05-23 10:51:03 | INFO |       32.701 ¦     1323           2              0.010 
2025-05-23 10:51:03 | INFO |       32.711 ¦     1324           2              0.010 
2025-05-23 10:51:03 | INFO |       32.721 ¦     1325           2              0.010 
2025-05-23 10:51:03 | INFO |       32.731 ¦     1326           2              0.010 
2025-05-23 10:51:03 | INFO |       32.741 ¦     1327           2              0.010 
2025-05-23 10:51:03 | INFO |       32.751 ¦     1328           2              0.010 
2025-05-23 10:51:03 | INFO |       32.761 ¦     1329           2              0.010 
2025-05-23 10:51:03 | INFO |       32.771 ¦     1330           2              0.010 
2025-05-23 10:51:03 | INFO |       32.781 ¦     1331           2              0.010 
2025-05-23 10:51:03 | INFO |       32.791 ¦     1332           2              0.010 
2025-05-23 10:51:03 | INFO |       32.801 ¦     1333           2              0.010 
2025-05-23 10:51:03 | INFO |       32.811 ¦     1334           2              0.010 
2025-05-23 10:51:03 | INFO |       32.821 ¦     1335           2              0.010 
2025-05-23 10:51:03 | INFO |       32.831 ¦     1336           2              0.010 
2025-05-23 10:51:03 | INFO |       32.841 ¦     1337           2              0.010 
2025-05-23 10:51:03 | INFO |       32.851 ¦     1338           2              0.010 
2025-05-23 10:51:03 | INFO |       32.861 ¦     1339           2              0.010 
2025-05-23 10:51:03 | INFO |       32.871 ¦     1340           2              0.010 
2025-05-23 10:51:03 | INFO |       32.881 ¦     1341           2              0.010 
2025-05-23 10:51:03 | INFO |       32.891 ¦     1342           2              0.010 
2025-05-23 10:51:03 | INFO |       32.901 ¦     1343           2              0.010 
2025-05-23 10:51:03 | INFO |       32.911 ¦     1344           2              0.010 
2025-05-23 10:51:03 | INFO |       32.921 ¦     1345           2              0.010 
2025-05-23 10:51:03 | INFO |       32.931 ¦     1346           2              0.010 
2025-05-23 10:51:03 | INFO |       32.941 ¦     1347           2              0.010 
2025-05-23 10:51:03 | INFO |       32.951 ¦     1348           2              0.010 
2025-05-23 10:51:03 | INFO |       32.961 ¦     1349           2              0.010 
2025-05-23 10:51:03 | INFO |       32.971 ¦     1350           2              0.010 
2025-05-23 10:51:03 | INFO |       32.981 ¦     1351           2              0.010 
2025-05-23 10:51:03 | INFO |       32.991 ¦     1352           2              0.010 
2025-05-23 10:51:03 | INFO |       33.001 ¦     1353           2              0.010 
2025-05-23 10:51:03 | INFO |       33.011 ¦     1354           2              0.010 
2025-05-23 10:51:03 | INFO |       33.021 ¦     1355           2              0.010 
2025-05-23 10:51:03 | INFO |       33.031 ¦     1356           2              0.010 
2025-05-23 10:51:03 | INFO |       33.041 ¦     1357           2              0.010 
2025-05-23 10:51:03 | INFO |       33.051 ¦     1358           2              0.010 
2025-05-23 10:51:03 | INFO |       33.061 ¦     1359           2              0.010 
2025-05-23 10:51:03 | INFO |       33.071 ¦     1360           2              0.010 
2025-05-23 10:51:03 | INFO |       33.081 ¦     1361           2              0.010 
2025-05-23 10:51:03 | INFO |       33.091 ¦     1362           2              0.010 
2025-05-23 10:51:03 | INFO |       33.101 ¦     1363           2              0.010 
2025-05-23 10:51:03 | INFO |       33.111 ¦     1364           2              0.010 
2025-05-23 10:51:03 | INFO |       33.121 ¦     1365           2              0.010 
2025-05-23 10:51:03 | INFO |       33.131 ¦     1366           2              0.010 
2025-05-23 10:51:03 | INFO |       33.141 ¦     1367           2              0.010 
2025-05-23 10:51:03 | INFO |       33.151 ¦     1368           2              0.010 
2025-05-23 10:51:03 | INFO |       33.161 ¦     1369           2              0.010 
2025-05-23 10:51:03 | INFO |       33.171 ¦     1370           2              0.010 
2025-05-23 10:51:03 | INFO |       33.181 ¦     1371           2              0.010 
2025-05-23 10:51:03 | INFO |       33.191 ¦     1372           2              0.010 
2025-05-23 10:51:03 | INFO |       33.201 ¦     1373           2              0.010 
2025-05-23 10:51:03 | INFO |       33.211 ¦     1374           2              0.010 
2025-05-23 10:51:03 | INFO |       33.221 ¦     1375           2              0.010 
2025-05-23 10:51:03 | INFO |       33.231 ¦     1376           2              0.010 
2025-05-23 10:51:03 | INFO |       33.241 ¦     1377           2              0.010 
2025-05-23 10:51:03 | INFO |       33.251 ¦     1378           2              0.010 
2025-05-23 10:51:03 | INFO |       33.261 ¦     1379           2              0.010 
2025-05-23 10:51:03 | INFO |       33.271 ¦     1380           2              0.010 
2025-05-23 10:51:03 | INFO |       33.281 ¦     1381           2              0.010 
2025-05-23 10:51:03 | INFO |       33.291 ¦     1382           2              0.010 
2025-05-23 10:51:03 | INFO |       33.301 ¦     1383           2              0.010 
2025-05-23 10:51:03 | INFO |       33.311 ¦     1384           2              0.010 
2025-05-23 10:51:03 | INFO |       33.321 ¦     1385           2              0.010 
2025-05-23 10:51:03 | INFO |       33.331 ¦     1386           2              0.010 
2025-05-23 10:51:03 | INFO |       33.341 ¦     1387           2              0.010 
2025-05-23 10:51:03 | INFO |       33.351 ¦     1388           2              0.010 
2025-05-23 10:51:03 | INFO |       33.361 ¦     1389           2              0.010 
2025-05-23 10:51:03 | INFO |       33.371 ¦     1390           2              0.010 
2025-05-23 10:51:03 | INFO |       33.381 ¦     1391           2              0.010 
2025-05-23 10:51:03 | INFO |       33.391 ¦     1392           2              0.010 
2025-05-23 10:51:03 | INFO |       33.401 ¦     1393           2              0.010 
2025-05-23 10:51:03 | INFO |       33.411 ¦     1394           2              0.010 
2025-05-23 10:51:03 | INFO |       33.421 ¦     1395           2              0.010 
2025-05-23 10:51:03 | INFO |       33.431 ¦     1396           2              0.010 
2025-05-23 10:51:03 | INFO |       33.441 ¦     1397           2              0.010 
2025-05-23 10:51:03 | INFO |       33.451 ¦     1398           2              0.010 
2025-05-23 10:51:03 | INFO |       33.461 ¦     1399           2              0.010 
2025-05-23 10:51:03 | INFO |       33.471 ¦     1400           2              0.010 
2025-05-23 10:51:03 | INFO |       33.481 ¦     1401           2              0.010 
2025-05-23 10:51:03 | INFO |       33.491 ¦     1402           2              0.010 
2025-05-23 10:51:03 | INFO |       33.501 ¦     1403           2              0.010 
2025-05-23 10:51:03 | INFO |       33.511 ¦     1404           2              0.010 
2025-05-23 10:51:03 | INFO |       33.521 ¦     1405           2              0.010 
2025-05-23 10:51:03 | INFO |       33.531 ¦     1406           2              0.010 
2025-05-23 10:51:03 | INFO |       33.541 ¦     1407           2              0.010 
2025-05-23 10:51:03 | INFO |       33.551 ¦     1408           2              0.010 
2025-05-23 10:51:03 | INFO |       33.561 ¦     1409           2              0.010 
2025-05-23 10:51:03 | INFO |       33.571 ¦     1410           2              0.010 
2025-05-23 10:51:03 | INFO |       33.581 ¦     1411           2              0.010 
2025-05-23 10:51:03 | INFO |       33.591 ¦     1412           2              0.010 
2025-05-23 10:51:03 | INFO |       33.601 ¦     1413           2              0.010 
2025-05-23 10:51:03 | INFO |       33.611 ¦     1414           2              0.010 
2025-05-23 10:51:03 | INFO |       33.621 ¦     1415           2              0.010 
2025-05-23 10:51:03 | INFO |       33.631 ¦     1416           2              0.010 
2025-05-23 10:51:03 | INFO |       33.641 ¦     1417           2              0.010 
2025-05-23 10:51:03 | INFO |       33.651 ¦     1418           2              0.010 
2025-05-23 10:51:03 | INFO |       33.661 ¦     1419           2              0.010 
2025-05-23 10:51:03 | INFO |       33.671 ¦     1420           2              0.010 
2025-05-23 10:51:03 | INFO |       33.681 ¦     1421           2              0.010 
2025-05-23 10:51:03 | INFO |       33.691 ¦     1422           2              0.010 
2025-05-23 10:51:03 | INFO |       33.701 ¦     1423           2              0.010 
2025-05-23 10:51:03 | INFO |       33.711 ¦     1424           2              0.010 
2025-05-23 10:51:03 | INFO |       33.721 ¦     1425           2              0.010 
2025-05-23 10:51:03 | INFO |       33.731 ¦     1426           2              0.010 
2025-05-23 10:51:03 | INFO |       33.741 ¦     1427           2              0.010 
2025-05-23 10:51:03 | INFO |       33.751 ¦     1428           2              0.010 
2025-05-23 10:51:03 | INFO |       33.761 ¦     1429           2              0.010 
2025-05-23 10:51:03 | INFO |       33.771 ¦     1430           2              0.010 
2025-05-23 10:51:03 | INFO |       33.781 ¦     1431           2              0.010 
2025-05-23 10:51:03 | INFO |       33.791 ¦     1432           2              0.010 
2025-05-23 10:51:03 | INFO |       33.801 ¦     1433           2              0.010 
2025-05-23 10:51:03 | INFO |       33.811 ¦     1434           2              0.010 
2025-05-23 10:51:03 | INFO |       33.821 ¦     1435           2              0.010 
2025-05-23 10:51:03 | INFO |       33.831 ¦     1436           2              0.010 
2025-05-23 10:51:03 | INFO |       33.841 ¦     1437           2              0.010 
2025-05-23 10:51:03 | INFO |       33.851 ¦     1438           2              0.010 
2025-05-23 10:51:03 | INFO |       33.861 ¦     1439           2              0.010 
2025-05-23 10:51:03 | INFO |       33.871 ¦     1440           2              0.010 
2025-05-23 10:51:03 | INFO |       33.881 ¦     1441           2              0.010 
2025-05-23 10:51:03 | INFO |       33.891 ¦     1442           2              0.010 
2025-05-23 10:51:03 | INFO |       33.901 ¦     1443           2              0.010 
2025-05-23 10:51:03 | INFO |       33.911 ¦     1444           2              0.010 
2025-05-23 10:51:03 | INFO |       33.921 ¦     1445           2              0.010 
2025-05-23 10:51:03 | INFO |       33.931 ¦     1446           2              0.010 
2025-05-23 10:51:03 | INFO |       33.941 ¦     1447           2              0.010 
2025-05-23 10:51:03 | INFO |       33.951 ¦     1448           2              0.010 
2025-05-23 10:51:03 | INFO |       33.961 ¦     1449           2              0.010 
2025-05-23 10:51:03 | INFO |       33.971 ¦     1450           2              0.010 
2025-05-23 10:51:03 | INFO |       33.981 ¦     1451           2              0.010 
2025-05-23 10:51:03 | INFO |       33.991 ¦     1452           2              0.010 
2025-05-23 10:51:03 | INFO |       34.001 ¦     1453           2              0.010 
2025-05-23 10:51:03 | INFO |       34.011 ¦     1454           2              0.010 
2025-05-23 10:51:03 | INFO |       34.021 ¦     1455           2              0.010 
2025-05-23 10:51:03 | INFO |       34.031 ¦     1456           2              0.010 
2025-05-23 10:51:03 | INFO |       34.041 ¦     1457           2              0.010 
2025-05-23 10:51:03 | INFO |       34.051 ¦     1458           2              0.010 
2025-05-23 10:51:03 | INFO |       34.061 ¦     1459           2              0.010 
2025-05-23 10:51:03 | INFO |       34.071 ¦     1460           2              0.010 
2025-05-23 10:51:03 | INFO |       34.081 ¦     1461           2              0.010 
2025-05-23 10:51:03 | INFO |       34.091 ¦     1462           2              0.010 
2025-05-23 10:51:03 | INFO |       34.101 ¦     1463           2              0.010 
2025-05-23 10:51:03 | INFO |       34.111 ¦     1464           2              0.010 
2025-05-23 10:51:03 | INFO |       34.121 ¦     1465           2              0.010 
2025-05-23 10:51:03 | INFO |       34.131 ¦     1466           2              0.010 
2025-05-23 10:51:03 | INFO |       34.141 ¦     1467           2              0.010 
2025-05-23 10:51:03 | INFO |       34.151 ¦     1468           2              0.010 
2025-05-23 10:51:03 | INFO |       34.161 ¦     1469           2              0.010 
2025-05-23 10:51:03 | INFO |       34.171 ¦     1470           2              0.010 
2025-05-23 10:51:03 | INFO |       34.181 ¦     1471           2              0.010 
2025-05-23 10:51:03 | INFO |       34.191 ¦     1472           2              0.010 
2025-05-23 10:51:03 | INFO |       34.201 ¦     1473           2              0.010 
2025-05-23 10:51:03 | INFO |       34.211 ¦     1474           2              0.010 
2025-05-23 10:51:03 | INFO |       34.221 ¦     1475           2              0.010 
2025-05-23 10:51:03 | INFO |       34.231 ¦     1476           2              0.010 
2025-05-23 10:51:03 | INFO |       34.241 ¦     1477           2              0.010 
2025-05-23 10:51:03 | INFO |       34.251 ¦     1478           2              0.010 
2025-05-23 10:51:03 | INFO |       34.261 ¦     1479           2              0.010 
2025-05-23 10:51:03 | INFO |       34.271 ¦     1480           2              0.010 
2025-05-23 10:51:03 | INFO |       34.281 ¦     1481           2              0.010 
2025-05-23 10:51:03 | INFO |       34.291 ¦     1482           2              0.010 
2025-05-23 10:51:03 | INFO |       34.301 ¦     1483           2              0.010 
2025-05-23 10:51:03 | INFO |       34.311 ¦     1484           2              0.010 
2025-05-23 10:51:03 | INFO |       34.321 ¦     1485           2              0.010 
2025-05-23 10:51:03 | INFO |       34.331 ¦     1486           2              0.010 
2025-05-23 10:51:03 | INFO |       34.341 ¦     1487           2              0.010 
2025-05-23 10:51:03 | INFO |       34.351 ¦     1488           2              0.010 
2025-05-23 10:51:03 | INFO |       34.361 ¦     1489           2              0.010 
2025-05-23 10:51:03 | INFO |       34.371 ¦     1490           2              0.010 
2025-05-23 10:51:03 | INFO |       34.381 ¦     1491           2              0.010 
2025-05-23 10:51:03 | INFO |       34.391 ¦     1492           2              0.010 
2025-05-23 10:51:03 | INFO |       34.401 ¦     1493           2              0.010 
2025-05-23 10:51:03 | INFO |       34.411 ¦     1494           2              0.010 
2025-05-23 10:51:03 | INFO |       34.421 ¦     1495           2              0.010 
2025-05-23 10:51:03 | INFO |       34.431 ¦     1496           2              0.010 
2025-05-23 10:51:03 | INFO |       34.441 ¦     1497           2              0.010 
2025-05-23 10:51:03 | INFO |       34.451 ¦     1498           2              0.010 
2025-05-23 10:51:03 | INFO |       34.461 ¦     1499           2              0.010 
2025-05-23 10:51:03 | INFO |       34.471 ¦     1500           2              0.010 
2025-05-23 10:51:03 | INFO |       34.481 ¦     1501           2              0.010 
2025-05-23 10:51:03 | INFO |       34.491 ¦     1502           2              0.010 
2025-05-23 10:51:03 | INFO |       34.501 ¦     1503           2              0.010 
2025-05-23 10:51:03 | INFO |       34.511 ¦     1504           2              0.010 
2025-05-23 10:51:03 | INFO |       34.521 ¦     1505           2              0.010 
2025-05-23 10:51:03 | INFO |       34.531 ¦     1506           2              0.010 
2025-05-23 10:51:03 | INFO |       34.541 ¦     1507           2              0.010 
2025-05-23 10:51:03 | INFO |       34.551 ¦     1508           2              0.010 
2025-05-23 10:51:03 | INFO |       34.561 ¦     1509           2              0.010 
2025-05-23 10:51:03 | INFO |       34.571 ¦     1510           2              0.010 
2025-05-23 10:51:03 | INFO |       34.581 ¦     1511           2              0.010 
2025-05-23 10:51:03 | INFO |       34.591 ¦     1512           2              0.010 
2025-05-23 10:51:03 | INFO |       34.601 ¦     1513           2              0.010 
2025-05-23 10:51:03 | INFO |       34.611 ¦     1514           2              0.010 
2025-05-23 10:51:03 | INFO |       34.621 ¦     1515           2              0.010 
2025-05-23 10:51:03 | INFO |       34.631 ¦     1516           2              0.010 
2025-05-23 10:51:03 | INFO |       34.641 ¦     1517           2              0.010 
2025-05-23 10:51:03 | INFO |       34.651 ¦     1518           2              0.010 
2025-05-23 10:51:03 | INFO |       34.661 ¦     1519           2              0.010 
2025-05-23 10:51:03 | INFO |       34.671 ¦     1520           2              0.010 
2025-05-23 10:51:03 | INFO |       34.681 ¦     1521           2              0.010 
2025-05-23 10:51:03 | INFO |       34.691 ¦     1522           2              0.010 
2025-05-23 10:51:03 | INFO |       34.701 ¦     1523           2              0.010 
2025-05-23 10:51:03 | INFO |       34.711 ¦     1524           2              0.010 
2025-05-23 10:51:03 | INFO |       34.721 ¦     1525           2              0.010 
2025-05-23 10:51:03 | INFO |       34.731 ¦     1526           2              0.010 
2025-05-23 10:51:03 | INFO |       34.741 ¦     1527           2              0.010 
2025-05-23 10:51:03 | INFO |       34.751 ¦     1528           2              0.010 
2025-05-23 10:51:03 | INFO |       34.761 ¦     1529           2              0.010 
2025-05-23 10:51:03 | INFO |       34.771 ¦     1530           2              0.010 
2025-05-23 10:51:03 | INFO |       34.781 ¦     1531           2              0.010 
2025-05-23 10:51:03 | INFO |       34.791 ¦     1532           2              0.010 
2025-05-23 10:51:03 | INFO |       34.801 ¦     1533           2              0.010 
2025-05-23 10:51:03 | INFO |       34.811 ¦     1534           2              0.010 
2025-05-23 10:51:03 | INFO |       34.821 ¦     1535           2              0.010 
2025-05-23 10:51:03 | INFO |       34.831 ¦     1536           2              0.010 
2025-05-23 10:51:03 | INFO |       34.841 ¦     1537           2              0.010 
2025-05-23 10:51:03 | INFO |       34.851 ¦     1538           2              0.010 
2025-05-23 10:51:03 | INFO |       34.861 ¦     1539           2              0.010 
2025-05-23 10:51:03 | INFO |       34.871 ¦     1540           2              0.010 
2025-05-23 10:51:03 | INFO |       34.881 ¦     1541           2              0.010 
2025-05-23 10:51:03 | INFO |       34.891 ¦     1542           2              0.010 
2025-05-23 10:51:03 | INFO |       34.901 ¦     1543           2              0.010 
2025-05-23 10:51:03 | INFO |       34.911 ¦     1544           2              0.010 
2025-05-23 10:51:03 | INFO |       34.921 ¦     1545           2              0.010 
2025-05-23 10:51:03 | INFO |       34.931 ¦     1546           2              0.010 
2025-05-23 10:51:03 | INFO |       34.941 ¦     1547           2              0.010 
2025-05-23 10:51:03 | INFO |       34.951 ¦     1548           2              0.010 
2025-05-23 10:51:03 | INFO |       34.961 ¦     1549           2              0.010 
2025-05-23 10:51:03 | INFO |       34.971 ¦     1550           2              0.010 
2025-05-23 10:51:03 | INFO |       34.981 ¦     1551           2              0.010 
2025-05-23 10:51:03 | INFO |       34.991 ¦     1552           2              0.010 
2025-05-23 10:51:03 | INFO |       35.001 ¦     1553           2              0.010 
2025-05-23 10:51:03 | INFO |       35.011 ¦     1554           2              0.010 
2025-05-23 10:51:03 | INFO |       35.021 ¦     1555           2              0.010 
2025-05-23 10:51:03 | INFO |       35.031 ¦     1556           2              0.010 
2025-05-23 10:51:03 | INFO |       35.041 ¦     1557           2              0.010 
2025-05-23 10:51:03 | INFO |       35.051 ¦     1558           2              0.010 
2025-05-23 10:51:03 | INFO |       35.061 ¦     1559           2              0.010 
2025-05-23 10:51:03 | INFO |       35.071 ¦     1560           2              0.010 
2025-05-23 10:51:03 | INFO |       35.081 ¦     1561           2              0.010 
2025-05-23 10:51:03 | INFO |       35.091 ¦     1562           2              0.010 
2025-05-23 10:51:03 | INFO |       35.101 ¦     1563           2              0.010 
2025-05-23 10:51:03 | INFO |       35.111 ¦     1564           2              0.010 
2025-05-23 10:51:03 | INFO |       35.121 ¦     1565           2              0.010 
2025-05-23 10:51:03 | INFO |       35.131 ¦     1566           2              0.010 
2025-05-23 10:51:03 | INFO |       35.141 ¦     1567           2              0.010 
2025-05-23 10:51:03 | INFO |       35.151 ¦     1568           2              0.010 
2025-05-23 10:51:03 | INFO |       35.161 ¦     1569           2              0.010 
2025-05-23 10:51:03 | INFO |       35.171 ¦     1570           2              0.010 
2025-05-23 10:51:03 | INFO |       35.181 ¦     1571           2              0.010 
2025-05-23 10:51:03 | INFO |       35.191 ¦     1572           2              0.010 
2025-05-23 10:51:03 | INFO |       35.201 ¦     1573           2              0.010 
2025-05-23 10:51:03 | INFO |       35.211 ¦     1574           2              0.010 
2025-05-23 10:51:03 | INFO |       35.221 ¦     1575           2              0.010 
2025-05-23 10:51:03 | INFO |       35.231 ¦     1576           2              0.010 
2025-05-23 10:51:03 | INFO |       35.241 ¦     1577           2              0.010 
2025-05-23 10:51:03 | INFO |       35.251 ¦     1578           2              0.010 
2025-05-23 10:51:03 | INFO |       35.261 ¦     1579           2              0.010 
2025-05-23 10:51:03 | INFO |       35.271 ¦     1580           2              0.010 
2025-05-23 10:51:03 | INFO |       35.281 ¦     1581           2              0.010 
2025-05-23 10:51:03 | INFO |       35.291 ¦     1582           2              0.010 
2025-05-23 10:51:03 | INFO |       35.301 ¦     1583           2              0.010 
2025-05-23 10:51:03 | INFO |       35.311 ¦     1584           2              0.010 
2025-05-23 10:51:03 | INFO |       35.321 ¦     1585           2              0.010 
2025-05-23 10:51:03 | INFO |       35.331 ¦     1586           2              0.010 
2025-05-23 10:51:03 | INFO |       35.341 ¦     1587           2              0.010 
2025-05-23 10:51:03 | INFO |       35.351 ¦     1588           2              0.010 
2025-05-23 10:51:03 | INFO |       35.361 ¦     1589           2              0.010 
2025-05-23 10:51:03 | INFO |       35.371 ¦     1590           2              0.010 
2025-05-23 10:51:03 | INFO |       35.381 ¦     1591           2              0.010 
2025-05-23 10:51:03 | INFO |       35.391 ¦     1592           2              0.010 
2025-05-23 10:51:03 | INFO |       35.401 ¦     1593           2              0.010 
2025-05-23 10:51:03 | INFO |       35.411 ¦     1594           2              0.010 
2025-05-23 10:51:03 | INFO |       35.421 ¦     1595           2              0.010 
2025-05-23 10:51:03 | INFO |       35.431 ¦     1596           2              0.010 
2025-05-23 10:51:03 | INFO |       35.441 ¦     1597           2              0.010 
2025-05-23 10:51:03 | INFO |       35.451 ¦     1598           2              0.010 
2025-05-23 10:51:03 | INFO |       35.461 ¦     1599           2              0.010 
2025-05-23 10:51:03 | INFO |       35.471 ¦     1600           2              0.010 
2025-05-23 10:51:03 | INFO |       35.481 ¦     1601           2              0.010 
2025-05-23 10:51:03 | INFO |       35.491 ¦     1602           2              0.010 
2025-05-23 10:51:03 | INFO |       35.501 ¦     1603           2              0.010 
2025-05-23 10:51:03 | INFO |       35.511 ¦     1604           2              0.010 
2025-05-23 10:51:03 | INFO |       35.521 ¦     1605           2              0.010 
2025-05-23 10:51:03 | INFO |       35.531 ¦     1606           2              0.010 
2025-05-23 10:51:03 | INFO |       35.541 ¦     1607           2              0.010 
2025-05-23 10:51:03 | INFO |       35.551 ¦     1608           2              0.010 
2025-05-23 10:51:03 | INFO |       35.561 ¦     1609           2              0.010 
2025-05-23 10:51:03 | INFO |       35.571 ¦     1610           2              0.010 
2025-05-23 10:51:03 | INFO |       35.581 ¦     1611           2              0.010 
2025-05-23 10:51:03 | INFO |       35.591 ¦     1612           2              0.010 
2025-05-23 10:51:03 | INFO |       35.601 ¦     1613           2              0.010 
2025-05-23 10:51:03 | INFO |       35.611 ¦     1614           2              0.010 
2025-05-23 10:51:03 | INFO |       35.621 ¦     1615           2              0.010 
2025-05-23 10:51:03 | INFO |       35.631 ¦     1616           2              0.010 
2025-05-23 10:51:03 | INFO |       35.641 ¦     1617           2              0.010 
2025-05-23 10:51:03 | INFO |       35.651 ¦     1618           2              0.010 
2025-05-23 10:51:03 | INFO |       35.661 ¦     1619           2              0.010 
2025-05-23 10:51:03 | INFO |       35.671 ¦     1620           2              0.010 
2025-05-23 10:51:03 | INFO |       35.681 ¦     1621           2              0.010 
2025-05-23 10:51:03 | INFO |       35.691 ¦     1622           2              0.010 
2025-05-23 10:51:03 | INFO |       35.701 ¦     1623           2              0.010 
2025-05-23 10:51:03 | INFO |       35.711 ¦     1624           2              0.010 
2025-05-23 10:51:03 | INFO |       35.721 ¦     1625           2              0.010 
2025-05-23 10:51:03 | INFO |       35.731 ¦     1626           2              0.010 
2025-05-23 10:51:03 | INFO |       35.741 ¦     1627           2              0.010 
2025-05-23 10:51:03 | INFO |       35.751 ¦     1628           2              0.010 
2025-05-23 10:51:03 | INFO |       35.761 ¦     1629           2              0.010 
2025-05-23 10:51:03 | INFO |       35.771 ¦     1630           2              0.010 
2025-05-23 10:51:03 | INFO |       35.781 ¦     1631           2              0.010 
2025-05-23 10:51:03 | INFO |       35.791 ¦     1632           2              0.010 
2025-05-23 10:51:03 | INFO |       35.801 ¦     1633           2              0.010 
2025-05-23 10:51:03 | INFO |       35.811 ¦     1634           2              0.010 
2025-05-23 10:51:03 | INFO |       35.821 ¦     1635           2              0.010 
2025-05-23 10:51:03 | INFO |       35.831 ¦     1636           2              0.010 
2025-05-23 10:51:03 | INFO |       35.841 ¦     1637           2              0.010 
2025-05-23 10:51:03 | INFO |       35.851 ¦     1638           2              0.010 
2025-05-23 10:51:03 | INFO |       35.861 ¦     1639           2              0.010 
2025-05-23 10:51:03 | INFO |       35.871 ¦     1640           2              0.010 
2025-05-23 10:51:03 | INFO |       35.881 ¦     1641           2              0.010 
2025-05-23 10:51:03 | INFO |       35.891 ¦     1642           2              0.010 
2025-05-23 10:51:03 | INFO |       35.901 ¦     1643           2              0.010 
2025-05-23 10:51:03 | INFO |       35.911 ¦     1644           2              0.010 
2025-05-23 10:51:03 | INFO |       35.921 ¦     1645           2              0.010 
2025-05-23 10:51:03 | INFO |       35.931 ¦     1646           2              0.010 
2025-05-23 10:51:03 | INFO |       35.941 ¦     1647           2              0.010 
2025-05-23 10:51:03 | INFO |       35.951 ¦     1648           2              0.010 
2025-05-23 10:51:03 | INFO |       35.961 ¦     1649           2              0.010 
2025-05-23 10:51:03 | INFO |       35.971 ¦     1650           2              0.010 
2025-05-23 10:51:03 | INFO |       35.981 ¦     1651           2              0.010 
2025-05-23 10:51:03 | INFO |       35.991 ¦     1652           2              0.010 
2025-05-23 10:51:03 | INFO |       36.001 ¦     1653           2              0.010 
2025-05-23 10:51:03 | INFO |       36.011 ¦     1654           2              0.010 
2025-05-23 10:51:03 | INFO |       36.021 ¦     1655           2              0.010 
2025-05-23 10:51:03 | INFO |       36.031 ¦     1656           2              0.010 
2025-05-23 10:51:03 | INFO |       36.041 ¦     1657           2              0.010 
2025-05-23 10:51:03 | INFO |       36.051 ¦     1658           2              0.010 
2025-05-23 10:51:03 | INFO |       36.061 ¦     1659           2              0.010 
2025-05-23 10:51:03 | INFO |       36.071 ¦     1660           2              0.010 
2025-05-23 10:51:03 | INFO |       36.081 ¦     1661           2              0.010 
2025-05-23 10:51:03 | INFO |       36.091 ¦     1662           2              0.010 
2025-05-23 10:51:03 | INFO |       36.101 ¦     1663           2              0.010 
2025-05-23 10:51:03 | INFO |       36.111 ¦     1664           2              0.010 
2025-05-23 10:51:03 | INFO |       36.121 ¦     1665           2              0.010 
2025-05-23 10:51:03 | INFO |       36.131 ¦     1666           2              0.010 
2025-05-23 10:51:03 | INFO |       36.141 ¦     1667           2              0.010 
2025-05-23 10:51:03 | INFO |       36.151 ¦     1668           1              0.010 
2025-05-23 10:51:03 | INFO |       36.161 ¦     1669           1              0.010 
2025-05-23 10:51:03 | INFO |       36.171 ¦     1670           1              0.010 
2025-05-23 10:51:03 | INFO |       36.181 ¦     1671           1              0.010 
2025-05-23 10:51:03 | INFO |       36.191 ¦     1672           2              0.010 
2025-05-23 10:51:03 | INFO |       36.201 ¦     1673           2              0.010 
2025-05-23 10:51:03 | INFO |       36.211 ¦     1674           2              0.010 
2025-05-23 10:51:03 | INFO |       36.221 ¦     1675           2              0.010 
2025-05-23 10:51:03 | INFO |       36.231 ¦     1676           2              0.010 
2025-05-23 10:51:03 | INFO |       36.241 ¦     1677           2              0.010 
2025-05-23 10:51:03 | INFO |       36.251 ¦     1678           2              0.010 
2025-05-23 10:51:03 | INFO |       36.261 ¦     1679           2              0.010 
2025-05-23 10:51:03 | INFO |       36.271 ¦     1680           2              0.010 
2025-05-23 10:51:03 | INFO |       36.281 ¦     1681           2              0.010 
2025-05-23 10:51:03 | INFO |       36.291 ¦     1682           2              0.010 
2025-05-23 10:51:03 | INFO |       36.301 ¦     1683           2              0.010 
2025-05-23 10:51:03 | INFO |       36.311 ¦     1684           2              0.010 
2025-05-23 10:51:03 | INFO |       36.321 ¦     1685           2              0.010 
2025-05-23 10:51:03 | INFO |       36.331 ¦     1686           2              0.010 
2025-05-23 10:51:03 | INFO |       36.341 ¦     1687           2              0.010 
2025-05-23 10:51:03 | INFO |       36.351 ¦     1688           2              0.010 
2025-05-23 10:51:03 | INFO |       36.361 ¦     1689           2              0.010 
2025-05-23 10:51:03 | INFO |       36.371 ¦     1690           2              0.010 
2025-05-23 10:51:03 | INFO |       36.381 ¦     1691           2              0.010 
2025-05-23 10:51:03 | INFO |       36.391 ¦     1692           2              0.010 
2025-05-23 10:51:03 | INFO |       36.401 ¦     1693           2              0.010 
2025-05-23 10:51:03 | INFO |       36.411 ¦     1694           2              0.010 
2025-05-23 10:51:03 | INFO |       36.421 ¦     1695           2              0.010 
2025-05-23 10:51:03 | INFO |       36.431 ¦     1696           2              0.010 
2025-05-23 10:51:03 | INFO |       36.441 ¦     1697           2              0.010 
2025-05-23 10:51:03 | INFO |       36.451 ¦     1698           2              0.010 
2025-05-23 10:51:03 | INFO |       36.461 ¦     1699           2              0.010 
2025-05-23 10:51:03 | INFO |       36.471 ¦     1700           2              0.010 
2025-05-23 10:51:03 | INFO |       36.481 ¦     1701           2              0.010 
2025-05-23 10:51:03 | INFO |       36.491 ¦     1702           2              0.010 
2025-05-23 10:51:03 | INFO |       36.501 ¦     1703           2              0.010 
2025-05-23 10:51:03 | INFO |       36.511 ¦     1704           2              0.010 
2025-05-23 10:51:03 | INFO |       36.521 ¦     1705           2              0.010 
2025-05-23 10:51:03 | INFO |       36.531 ¦     1706           2              0.010 
2025-05-23 10:51:03 | INFO |       36.541 ¦     1707           2              0.010 
2025-05-23 10:51:03 | INFO |       36.551 ¦     1708           2              0.010 
2025-05-23 10:51:03 | INFO |       36.561 ¦     1709           2              0.010 
2025-05-23 10:51:03 | INFO |       36.571 ¦     1710           2              0.010 
2025-05-23 10:51:03 | INFO |       36.581 ¦     1711           2              0.010 
2025-05-23 10:51:03 | INFO |       36.591 ¦     1712           2              0.010 
2025-05-23 10:51:03 | INFO |       36.601 ¦     1713           2              0.010 
2025-05-23 10:51:03 | INFO |       36.611 ¦     1714           2              0.010 
2025-05-23 10:51:03 | INFO |       36.621 ¦     1715           2              0.010 
2025-05-23 10:51:03 | INFO |       36.631 ¦     1716           2              0.010 
2025-05-23 10:51:03 | INFO |       36.641 ¦     1717           2              0.010 
2025-05-23 10:51:03 | INFO |       36.651 ¦     1718           2              0.010 
2025-05-23 10:51:03 | INFO |       36.661 ¦     1719           2              0.010 
2025-05-23 10:51:03 | INFO |       36.671 ¦     1720           2              0.010 
2025-05-23 10:51:03 | INFO |       36.681 ¦     1721           2              0.010 
2025-05-23 10:51:03 | INFO |       36.691 ¦     1722           2              0.010 
2025-05-23 10:51:03 | INFO |       36.701 ¦     1723           2              0.010 
2025-05-23 10:51:03 | INFO |       36.711 ¦     1724           2              0.010 
2025-05-23 10:51:03 | INFO |       36.721 ¦     1725           2              0.010 
2025-05-23 10:51:03 | INFO |       36.731 ¦     1726           2              0.010 
2025-05-23 10:51:03 | INFO |       36.741 ¦     1727           2              0.010 
2025-05-23 10:51:03 | INFO |       36.751 ¦     1728           2              0.010 
2025-05-23 10:51:03 | INFO |       36.761 ¦     1729           2              0.010 
2025-05-23 10:51:03 | INFO |       36.771 ¦     1730           2              0.010 
2025-05-23 10:51:03 | INFO |       36.781 ¦     1731           2              0.010 
2025-05-23 10:51:03 | INFO |       36.791 ¦     1732           2              0.010 
2025-05-23 10:51:03 | INFO |       36.801 ¦     1733           2              0.010 
2025-05-23 10:51:03 | INFO |       36.811 ¦     1734           2              0.010 
2025-05-23 10:51:03 | INFO |       36.821 ¦     1735           2              0.010 
2025-05-23 10:51:03 | INFO |       36.831 ¦     1736           2              0.010 
2025-05-23 10:51:03 | INFO |       36.841 ¦     1737           2              0.010 
2025-05-23 10:51:03 | INFO |       36.851 ¦     1738           2              0.010 
2025-05-23 10:51:03 | INFO |       36.861 ¦     1739           2              0.010 
2025-05-23 10:51:03 | INFO |       36.871 ¦     1740           2              0.010 
2025-05-23 10:51:03 | INFO |       36.881 ¦     1741           2              0.010 
2025-05-23 10:51:03 | INFO |       36.891 ¦     1742           2              0.010 
2025-05-23 10:51:03 | INFO |       36.901 ¦     1743           2              0.010 
2025-05-23 10:51:03 | INFO |       36.911 ¦     1744           2              0.010 
2025-05-23 10:51:03 | INFO |       36.921 ¦     1745           2              0.010 
2025-05-23 10:51:03 | INFO |       36.931 ¦     1746           2              0.010 
2025-05-23 10:51:03 | INFO |       36.941 ¦     1747           2              0.010 
2025-05-23 10:51:03 | INFO |       36.951 ¦     1748           2              0.010 
2025-05-23 10:51:03 | INFO |       36.961 ¦     1749           2              0.010 
2025-05-23 10:51:03 | INFO |       36.971 ¦     1750           2              0.010 
2025-05-23 10:51:03 | INFO |       36.981 ¦     1751           2              0.010 
2025-05-23 10:51:03 | INFO |       36.991 ¦     1752           2              0.010 
2025-05-23 10:51:03 | INFO |       37.001 ¦     1753           2              0.010 
2025-05-23 10:51:03 | INFO |       37.011 ¦     1754           2              0.010 
2025-05-23 10:51:03 | INFO |       37.021 ¦     1755           2              0.010 
2025-05-23 10:51:03 | INFO |       37.031 ¦     1756           2              0.010 
2025-05-23 10:51:03 | INFO |       37.041 ¦     1757           2              0.010 
2025-05-23 10:51:03 | INFO |       37.051 ¦     1758           2              0.010 
2025-05-23 10:51:03 | INFO |       37.061 ¦     1759           2              0.010 
2025-05-23 10:51:03 | INFO |       37.071 ¦     1760           2              0.010 
2025-05-23 10:51:03 | INFO |       37.081 ¦     1761           2              0.010 
2025-05-23 10:51:03 | INFO |       37.091 ¦     1762           2              0.010 
2025-05-23 10:51:03 | INFO |       37.101 ¦     1763           2              0.010 
2025-05-23 10:51:03 | INFO |       37.111 ¦     1764           2              0.010 
2025-05-23 10:51:03 | INFO |       37.121 ¦     1765           2              0.010 
2025-05-23 10:51:03 | INFO |       37.131 ¦     1766           2              0.010 
2025-05-23 10:51:03 | INFO |       37.141 ¦     1767           2              0.010 
2025-05-23 10:51:03 | INFO |       37.151 ¦     1768           2              0.010 
2025-05-23 10:51:03 | INFO |       37.161 ¦     1769           2              0.010 
2025-05-23 10:51:03 | INFO |       37.171 ¦     1770           2              0.010 
2025-05-23 10:51:03 | INFO |       37.181 ¦     1771           2              0.010 
2025-05-23 10:51:03 | INFO |       37.191 ¦     1772           2              0.010 
2025-05-23 10:51:03 | INFO |       37.201 ¦     1773           2              0.010 
2025-05-23 10:51:03 | INFO |       37.211 ¦     1774           2              0.010 
2025-05-23 10:51:03 | INFO |       37.221 ¦     1775           2              0.010 
2025-05-23 10:51:03 | INFO |       37.231 ¦     1776           2              0.010 
2025-05-23 10:51:03 | INFO |       37.241 ¦     1777           2              0.010 
2025-05-23 10:51:03 | INFO |       37.251 ¦     1778           2              0.010 
2025-05-23 10:51:03 | INFO |       37.261 ¦     1779           2              0.010 
2025-05-23 10:51:03 | INFO |       37.271 ¦     1780           2              0.010 
2025-05-23 10:51:03 | INFO |       37.281 ¦     1781           2              0.010 
2025-05-23 10:51:03 | INFO |       37.291 ¦     1782           2              0.010 
2025-05-23 10:51:03 | INFO |       37.301 ¦     1783           2              0.010 
2025-05-23 10:51:03 | INFO |       37.311 ¦     1784           2              0.010 
2025-05-23 10:51:03 | INFO |       37.321 ¦     1785           2              0.010 
2025-05-23 10:51:03 | INFO |       37.331 ¦     1786           2              0.010 
2025-05-23 10:51:03 | INFO |       37.341 ¦     1787           2              0.010 
2025-05-23 10:51:03 | INFO |       37.351 ¦     1788           2              0.010 
2025-05-23 10:51:03 | INFO |       37.361 ¦     1789           2              0.010 
2025-05-23 10:51:03 | INFO |       37.371 ¦     1790           2              0.010 
2025-05-23 10:51:03 | INFO |       37.381 ¦     1791           2              0.010 
2025-05-23 10:51:03 | INFO |       37.391 ¦     1792           2              0.010 
2025-05-23 10:51:03 | INFO |       37.401 ¦     1793           2              0.010 
2025-05-23 10:51:03 | INFO |       37.411 ¦     1794           2              0.010 
2025-05-23 10:51:03 | INFO |       37.421 ¦     1795           2              0.010 
2025-05-23 10:51:03 | INFO |       37.431 ¦     1796           2              0.010 
2025-05-23 10:51:03 | INFO |       37.441 ¦     1797           2              0.010 
2025-05-23 10:51:03 | INFO |       37.451 ¦     1798           2              0.010 
2025-05-23 10:51:03 | INFO |       37.461 ¦     1799           2              0.010 
2025-05-23 10:51:03 | INFO |       37.471 ¦     1800           2              0.010 
2025-05-23 10:51:03 | INFO |       37.481 ¦     1801           2              0.010 
2025-05-23 10:51:03 | INFO |       37.491 ¦     1802           2              0.010 
2025-05-23 10:51:03 | INFO |       37.501 ¦     1803           2              0.010 
2025-05-23 10:51:03 | INFO |       37.511 ¦     1804           2              0.010 
2025-05-23 10:51:03 | INFO |       37.521 ¦     1805           2              0.010 
2025-05-23 10:51:03 | INFO |       37.531 ¦     1806           2              0.010 
2025-05-23 10:51:03 | INFO |       37.541 ¦     1807           2              0.010 
2025-05-23 10:51:03 | INFO |       37.551 ¦     1808           2              0.010 
2025-05-23 10:51:03 | INFO |       37.561 ¦     1809           2              0.010 
2025-05-23 10:51:03 | INFO |       37.571 ¦     1810           2              0.010 
2025-05-23 10:51:03 | INFO |       37.581 ¦     1811           2              0.010 
2025-05-23 10:51:03 | INFO |       37.591 ¦     1812           2              0.010 
2025-05-23 10:51:03 | INFO |       37.601 ¦     1813           2              0.010 
2025-05-23 10:51:03 | INFO |       37.611 ¦     1814           2              0.010 
2025-05-23 10:51:03 | INFO |       37.621 ¦     1815           2              0.010 
2025-05-23 10:51:03 | INFO |       37.631 ¦     1816           2              0.010 
2025-05-23 10:51:03 | INFO |       37.641 ¦     1817           2              0.010 
2025-05-23 10:51:03 | INFO |       37.651 ¦     1818           2              0.010 
2025-05-23 10:51:03 | INFO |       37.661 ¦     1819           2              0.010 
2025-05-23 10:51:03 | INFO |       37.671 ¦     1820           2              0.010 
2025-05-23 10:51:03 | INFO |       37.681 ¦     1821           2              0.010 
2025-05-23 10:51:03 | INFO |       37.691 ¦     1822           2              0.010 
2025-05-23 10:51:03 | INFO |       37.701 ¦     1823           2              0.010 
2025-05-23 10:51:03 | INFO |       37.711 ¦     1824           2              0.010 
2025-05-23 10:51:03 | INFO |       37.721 ¦     1825           2              0.010 
2025-05-23 10:51:03 | INFO |       37.731 ¦     1826           2              0.010 
2025-05-23 10:51:03 | INFO |       37.741 ¦     1827           2              0.010 
2025-05-23 10:51:03 | INFO |       37.751 ¦     1828           2              0.010 
2025-05-23 10:51:03 | INFO |       37.761 ¦     1829           2              0.010 
2025-05-23 10:51:03 | INFO |       37.771 ¦     1830           2              0.010 
2025-05-23 10:51:03 | INFO |       37.781 ¦     1831           2              0.010 
2025-05-23 10:51:03 | INFO |       37.791 ¦     1832           2              0.010 
2025-05-23 10:51:03 | INFO |       37.801 ¦     1833           2              0.010 
2025-05-23 10:51:03 | INFO |       37.811 ¦     1834           2              0.010 
2025-05-23 10:51:03 | INFO |       37.821 ¦     1835           2              0.010 
2025-05-23 10:51:03 | INFO |       37.831 ¦     1836           2              0.010 
2025-05-23 10:51:03 | INFO |       37.841 ¦     1837           2              0.010 
2025-05-23 10:51:03 | INFO |       37.851 ¦     1838           2              0.010 
2025-05-23 10:51:03 | INFO |       37.861 ¦     1839           2              0.010 
2025-05-23 10:51:03 | INFO |       37.871 ¦     1840           2              0.010 
2025-05-23 10:51:03 | INFO |       37.881 ¦     1841           2              0.010 
2025-05-23 10:51:03 | INFO |       37.891 ¦     1842           2              0.010 
2025-05-23 10:51:03 | INFO |       37.901 ¦     1843           2              0.010 
2025-05-23 10:51:03 | INFO |       37.911 ¦     1844           2              0.010 
2025-05-23 10:51:03 | INFO |       37.921 ¦     1845           2              0.010 
2025-05-23 10:51:03 | INFO |       37.931 ¦     1846           2              0.010 
2025-05-23 10:51:03 | INFO |       37.941 ¦     1847           2              0.010 
2025-05-23 10:51:03 | INFO |       37.951 ¦     1848           2              0.010 
2025-05-23 10:51:03 | INFO |       37.961 ¦     1849           2              0.010 
2025-05-23 10:51:03 | INFO |       37.971 ¦     1850           2              0.010 
2025-05-23 10:51:03 | INFO |       37.981 ¦     1851           2              0.010 
2025-05-23 10:51:03 | INFO |       37.991 ¦     1852           2              0.010 
2025-05-23 10:51:03 | INFO |       38.001 ¦     1853           2              0.010 
2025-05-23 10:51:03 | INFO |       38.011 ¦     1854           2              0.010 
2025-05-23 10:51:03 | INFO |       38.021 ¦     1855           2              0.010 
2025-05-23 10:51:03 | INFO |       38.031 ¦     1856           2              0.010 
2025-05-23 10:51:03 | INFO |       38.041 ¦     1857           2              0.010 
2025-05-23 10:51:03 | INFO |       38.051 ¦     1858           2              0.010 
2025-05-23 10:51:03 | INFO |       38.061 ¦     1859           2              0.010 
2025-05-23 10:51:03 | INFO |       38.071 ¦     1860           2              0.010 
2025-05-23 10:51:03 | INFO |       38.081 ¦     1861           2              0.010 
2025-05-23 10:51:03 | INFO |       38.091 ¦     1862           2              0.010 
2025-05-23 10:51:03 | INFO |       38.101 ¦     1863           2              0.010 
2025-05-23 10:51:03 | INFO |       38.111 ¦     1864           2              0.010 
2025-05-23 10:51:03 | INFO |       38.121 ¦     1865           2              0.010 
2025-05-23 10:51:03 | INFO |       38.131 ¦     1866           2              0.010 
2025-05-23 10:51:03 | INFO |       38.141 ¦     1867           2              0.010 
2025-05-23 10:51:03 | INFO |       38.151 ¦     1868           2              0.010 
2025-05-23 10:51:03 | INFO |       38.161 ¦     1869           2              0.010 
2025-05-23 10:51:03 | INFO |       38.171 ¦     1870           2              0.010 
2025-05-23 10:51:03 | INFO |       38.181 ¦     1871           2              0.010 
2025-05-23 10:51:03 | INFO |       38.191 ¦     1872           2              0.010 
2025-05-23 10:51:03 | INFO |       38.201 ¦     1873           2              0.010 
2025-05-23 10:51:03 | INFO |       38.211 ¦     1874           2              0.010 
2025-05-23 10:51:03 | INFO |       38.221 ¦     1875           2              0.010 
2025-05-23 10:51:03 | INFO |       38.231 ¦     1876           2              0.010 
2025-05-23 10:51:03 | INFO |       38.241 ¦     1877           2              0.010 
2025-05-23 10:51:03 | INFO |       38.251 ¦     1878           2              0.010 
2025-05-23 10:51:03 | INFO |       38.261 ¦     1879           2              0.010 
2025-05-23 10:51:03 | INFO |       38.271 ¦     1880           2              0.010 
2025-05-23 10:51:03 | INFO |       38.281 ¦     1881           2              0.010 
2025-05-23 10:51:03 | INFO |       38.291 ¦     1882           2              0.010 
2025-05-23 10:51:03 | INFO |       38.301 ¦     1883           2              0.010 
2025-05-23 10:51:03 | INFO |       38.311 ¦     1884           2              0.010 
2025-05-23 10:51:03 | INFO |       38.321 ¦     1885           2              0.010 
2025-05-23 10:51:03 | INFO |       38.331 ¦     1886           2              0.010 
2025-05-23 10:51:03 | INFO |       38.341 ¦     1887           2              0.010 
2025-05-23 10:51:03 | INFO |       38.351 ¦     1888           2              0.010 
2025-05-23 10:51:03 | INFO |       38.361 ¦     1889           2              0.010 
2025-05-23 10:51:03 | INFO |       38.371 ¦     1890           2              0.010 
2025-05-23 10:51:03 | INFO |       38.381 ¦     1891           2              0.010 
2025-05-23 10:51:03 | INFO |       38.391 ¦     1892           2              0.010 
2025-05-23 10:51:03 | INFO |       38.401 ¦     1893           2              0.010 
2025-05-23 10:51:03 | INFO |       38.411 ¦     1894           2              0.010 
2025-05-23 10:51:03 | INFO |       38.421 ¦     1895           2              0.010 
2025-05-23 10:51:03 | INFO |       38.431 ¦     1896           2              0.010 
2025-05-23 10:51:03 | INFO |       38.441 ¦     1897           2              0.010 
2025-05-23 10:51:03 | INFO |       38.451 ¦     1898           2              0.010 
2025-05-23 10:51:03 | INFO |       38.461 ¦     1899           2              0.010 
2025-05-23 10:51:03 | INFO |       38.471 ¦     1900           2              0.010 
2025-05-23 10:51:03 | INFO |       38.481 ¦     1901           2              0.010 
2025-05-23 10:51:03 | INFO |       38.491 ¦     1902           2              0.010 
2025-05-23 10:51:03 | INFO |       38.501 ¦     1903           2              0.010 
2025-05-23 10:51:03 | INFO |       38.511 ¦     1904           2              0.010 
2025-05-23 10:51:03 | INFO |       38.521 ¦     1905           2              0.010 
2025-05-23 10:51:03 | INFO |       38.531 ¦     1906           2              0.010 
2025-05-23 10:51:03 | INFO |       38.541 ¦     1907           2              0.010 
2025-05-23 10:51:03 | INFO |       38.551 ¦     1908           2              0.010 
2025-05-23 10:51:03 | INFO |       38.561 ¦     1909           2              0.010 
2025-05-23 10:51:03 | INFO |       38.571 ¦     1910           2              0.010 
2025-05-23 10:51:03 | INFO |       38.581 ¦     1911           2              0.010 
2025-05-23 10:51:03 | INFO |       38.591 ¦     1912           2              0.010 
2025-05-23 10:51:03 | INFO |       38.601 ¦     1913           2              0.010 
2025-05-23 10:51:03 | INFO |       38.611 ¦     1914           2              0.010 
2025-05-23 10:51:03 | INFO |       38.621 ¦     1915           2              0.010 
2025-05-23 10:51:03 | INFO |       38.631 ¦     1916           2              0.010 
2025-05-23 10:51:03 | INFO |       38.641 ¦     1917           2              0.010 
2025-05-23 10:51:03 | INFO |       38.651 ¦     1918           2              0.010 
2025-05-23 10:51:03 | INFO |       38.661 ¦     1919           2              0.010 
2025-05-23 10:51:03 | INFO |       38.671 ¦     1920           2              0.010 
2025-05-23 10:51:03 | INFO |       38.681 ¦     1921           2              0.010 
2025-05-23 10:51:03 | INFO |       38.691 ¦     1922           2              0.010 
2025-05-23 10:51:03 | INFO |       38.701 ¦     1923           2              0.010 
2025-05-23 10:51:03 | INFO |       38.711 ¦     1924           2              0.010 
2025-05-23 10:51:03 | INFO |       38.721 ¦     1925           2              0.010 
2025-05-23 10:51:03 | INFO |       38.731 ¦     1926           2              0.010 
2025-05-23 10:51:03 | INFO |       38.741 ¦     1927           2              0.010 
2025-05-23 10:51:03 | INFO |       38.751 ¦     1928           2              0.010 
2025-05-23 10:51:03 | INFO |       38.761 ¦     1929           2              0.010 
2025-05-23 10:51:03 | INFO |       38.771 ¦     1930           2              0.010 
2025-05-23 10:51:03 | INFO |       38.781 ¦     1931           2              0.010 
2025-05-23 10:51:03 | INFO |       38.791 ¦     1932           2              0.010 
2025-05-23 10:51:03 | INFO |       38.801 ¦     1933           2              0.010 
2025-05-23 10:51:03 | INFO |       38.811 ¦     1934           2              0.010 
2025-05-23 10:51:03 | INFO |       38.821 ¦     1935           2              0.010 
2025-05-23 10:51:03 | INFO |       38.831 ¦     1936           2              0.010 
2025-05-23 10:51:03 | INFO |       38.841 ¦     1937           2              0.010 
2025-05-23 10:51:03 | INFO |       38.851 ¦     1938           2              0.010 
2025-05-23 10:51:03 | INFO |       38.861 ¦     1939           2              0.010 
2025-05-23 10:51:03 | INFO |       38.871 ¦     1940           2              0.010 
2025-05-23 10:51:03 | INFO |       38.881 ¦     1941           2              0.010 
2025-05-23 10:51:03 | INFO |       38.891 ¦     1942           2              0.010 
2025-05-23 10:51:03 | INFO |       38.901 ¦     1943           2              0.010 
2025-05-23 10:51:03 | INFO |       38.911 ¦     1944           2              0.010 
2025-05-23 10:51:03 | INFO |       38.921 ¦     1945           2              0.010 
2025-05-23 10:51:03 | INFO |       38.931 ¦     1946           2              0.010 
2025-05-23 10:51:03 | INFO |       38.941 ¦     1947           2              0.010 
2025-05-23 10:51:03 | INFO |       38.951 ¦     1948           2              0.010 
2025-05-23 10:51:03 | INFO |       38.961 ¦     1949           2              0.010 
2025-05-23 10:51:03 | INFO |       38.971 ¦     1950           2              0.010 
2025-05-23 10:51:03 | INFO |       38.981 ¦     1951           2              0.010 
2025-05-23 10:51:03 | INFO |       38.991 ¦     1952           2              0.010 
2025-05-23 10:51:03 | INFO |       39.001 ¦     1953           2              0.010 
2025-05-23 10:51:03 | INFO |       39.011 ¦     1954           2              0.010 
2025-05-23 10:51:03 | INFO |       39.021 ¦     1955           2              0.010 
2025-05-23 10:51:03 | INFO |       39.031 ¦     1956           2              0.010 
2025-05-23 10:51:03 | INFO |       39.041 ¦     1957           2              0.010 
2025-05-23 10:51:03 | INFO |       39.051 ¦     1958           2              0.010 
2025-05-23 10:51:03 | INFO |       39.061 ¦     1959           2              0.010 
2025-05-23 10:51:03 | INFO |       39.071 ¦     1960           2              0.010 
2025-05-23 10:51:03 | INFO |       39.081 ¦     1961           2              0.010 
2025-05-23 10:51:03 | INFO |       39.091 ¦     1962           2              0.010 
2025-05-23 10:51:03 | INFO |       39.101 ¦     1963           2              0.010 
2025-05-23 10:51:03 | INFO |       39.111 ¦     1964           2              0.010 
2025-05-23 10:51:03 | INFO |       39.121 ¦     1965           2              0.010 
2025-05-23 10:51:03 | INFO |       39.131 ¦     1966           2              0.010 
2025-05-23 10:51:03 | INFO |       39.141 ¦     1967           2              0.010 
2025-05-23 10:51:03 | INFO |       39.151 ¦     1968           2              0.010 
2025-05-23 10:51:03 | INFO |       39.161 ¦     1969           2              0.010 
2025-05-23 10:51:03 | INFO |       39.171 ¦     1970           2              0.010 
2025-05-23 10:51:03 | INFO |       39.181 ¦     1971           2              0.010 
2025-05-23 10:51:03 | INFO |       39.191 ¦     1972           2              0.010 
2025-05-23 10:51:03 | INFO |       39.201 ¦     1973           2              0.010 
2025-05-23 10:51:03 | INFO |       39.211 ¦     1974           2              0.010 
2025-05-23 10:51:03 | INFO |       39.221 ¦     1975           2              0.010 
2025-05-23 10:51:03 | INFO |       39.231 ¦     1976           2              0.010 
2025-05-23 10:51:03 | INFO |       39.241 ¦     1977           2              0.010 
2025-05-23 10:51:03 | INFO |       39.251 ¦     1978           2              0.010 
2025-05-23 10:51:03 | INFO |       39.261 ¦     1979           2              0.010 
2025-05-23 10:51:03 | INFO |       39.271 ¦     1980           2              0.010 
2025-05-23 10:51:03 | INFO |       39.281 ¦     1981           2              0.010 
2025-05-23 10:51:03 | INFO |       39.291 ¦     1982           2              0.010 
2025-05-23 10:51:03 | INFO |       39.301 ¦     1983           2              0.010 
2025-05-23 10:51:03 | INFO |       39.311 ¦     1984           2              0.010 
2025-05-23 10:51:03 | INFO |       39.321 ¦     1985           2              0.010 
2025-05-23 10:51:03 | INFO |       39.331 ¦     1986           2              0.010 
2025-05-23 10:51:03 | INFO |       39.341 ¦     1987           2              0.010 
2025-05-23 10:51:03 | INFO |       39.351 ¦     1988           2              0.010 
2025-05-23 10:51:03 | INFO |       39.361 ¦     1989           2              0.010 
2025-05-23 10:51:03 | INFO |       39.371 ¦     1990           2              0.010 
2025-05-23 10:51:03 | INFO |       39.381 ¦     1991           2              0.010 
2025-05-23 10:51:03 | INFO |       39.391 ¦     1992           2              0.010 
2025-05-23 10:51:03 | INFO |       39.401 ¦     1993           2              0.010 
2025-05-23 10:51:03 | INFO |       39.411 ¦     1994           2              0.010 
2025-05-23 10:51:03 | INFO |       39.421 ¦     1995           2              0.010 
2025-05-23 10:51:03 | INFO |       39.431 ¦     1996           2              0.010 
2025-05-23 10:51:03 | INFO |       39.441 ¦     1997           2              0.010 
2025-05-23 10:51:03 | INFO |       39.451 ¦     1998           2              0.010 
2025-05-23 10:51:03 | INFO |       39.461 ¦     1999           2              0.010 
2025-05-23 10:51:03 | INFO |       39.471 ¦     2000           2              0.010 
2025-05-23 10:51:03 | INFO |       39.481 ¦     2001           2              0.010 
2025-05-23 10:51:03 | INFO |       39.491 ¦     2002           2              0.010 
2025-05-23 10:51:03 | INFO |       39.501 ¦     2003           2              0.010 
2025-05-23 10:51:03 | INFO |       39.511 ¦     2004           2              0.010 
2025-05-23 10:51:03 | INFO |       39.521 ¦     2005           2              0.010 
2025-05-23 10:51:03 | INFO |       39.531 ¦     2006           2              0.010 
2025-05-23 10:51:03 | INFO |       39.541 ¦     2007           2              0.010 
2025-05-23 10:51:03 | INFO |       39.551 ¦     2008           2              0.010 
2025-05-23 10:51:03 | INFO |       39.561 ¦     2009           2              0.010 
2025-05-23 10:51:03 | INFO |       39.571 ¦     2010           2              0.010 
2025-05-23 10:51:03 | INFO |       39.581 ¦     2011           2              0.010 
2025-05-23 10:51:03 | INFO |       39.591 ¦     2012           2              0.010 
2025-05-23 10:51:03 | INFO |       39.601 ¦     2013           2              0.010 
2025-05-23 10:51:03 | INFO |       39.611 ¦     2014           2              0.010 
2025-05-23 10:51:03 | INFO |       39.621 ¦     2015           2              0.010 
2025-05-23 10:51:03 | INFO |       39.631 ¦     2016           2              0.010 
2025-05-23 10:51:03 | INFO |       39.641 ¦     2017           2              0.010 
2025-05-23 10:51:03 | INFO |       39.651 ¦     2018           2              0.010 
2025-05-23 10:51:03 | INFO |       39.661 ¦     2019           2              0.010 
2025-05-23 10:51:03 | INFO |       39.671 ¦     2020           2              0.010 
2025-05-23 10:51:03 | INFO |       39.681 ¦     2021           2              0.010 
2025-05-23 10:51:03 | INFO |       39.691 ¦     2022           2              0.010 
2025-05-23 10:51:03 | INFO |       39.701 ¦     2023           2              0.010 
2025-05-23 10:51:03 | INFO |       39.711 ¦     2024           2              0.010 
2025-05-23 10:51:03 | INFO |       39.721 ¦     2025           2              0.010 
2025-05-23 10:51:03 | INFO |       39.731 ¦     2026           2              0.010 
2025-05-23 10:51:03 | INFO |       39.741 ¦     2027           2              0.010 
2025-05-23 10:51:03 | INFO |       39.751 ¦     2028           2              0.010 
2025-05-23 10:51:03 | INFO |       39.761 ¦     2029           2              0.010 
2025-05-23 10:51:03 | INFO |       39.771 ¦     2030           2              0.010 
2025-05-23 10:51:03 | INFO |       39.781 ¦     2031           2              0.010 
2025-05-23 10:51:03 | INFO |       39.791 ¦     2032           2              0.010 
2025-05-23 10:51:03 | INFO |       39.801 ¦     2033           2              0.010 
2025-05-23 10:51:03 | INFO |       39.811 ¦     2034           2              0.010 
2025-05-23 10:51:03 | INFO |       39.821 ¦     2035           2              0.010 
2025-05-23 10:51:03 | INFO |       39.831 ¦     2036           2              0.010 
2025-05-23 10:51:03 | INFO |       39.841 ¦     2037           2              0.010 
2025-05-23 10:51:03 | INFO |       39.851 ¦     2038           2              0.010 
2025-05-23 10:51:03 | INFO |       39.861 ¦     2039           2              0.010 
2025-05-23 10:51:03 | INFO |       39.871 ¦     2040           2              0.010 
2025-05-23 10:51:03 | INFO |       39.881 ¦     2041           2              0.010 
2025-05-23 10:51:03 | INFO |       39.891 ¦     2042           2              0.010 
2025-05-23 10:51:03 | INFO |       39.901 ¦     2043           2              0.010 
2025-05-23 10:51:03 | INFO |       39.911 ¦     2044           2              0.010 
2025-05-23 10:51:03 | INFO |       39.921 ¦     2045           2              0.010 
2025-05-23 10:51:03 | INFO |       39.931 ¦     2046           2              0.010 
2025-05-23 10:51:03 | INFO |       39.941 ¦     2047           2              0.010 
2025-05-23 10:51:03 | INFO |       39.951 ¦     2048           2              0.010 
2025-05-23 10:51:03 | INFO |       39.961 ¦     2049           2              0.010 
2025-05-23 10:51:03 | INFO |       39.971 ¦     2050           2              0.010 
2025-05-23 10:51:03 | INFO |       39.981 ¦     2051           2              0.010 
2025-05-23 10:51:03 | INFO |       39.991 ¦     2052           2              0.010 
2025-05-23 10:51:03 | INFO |       40.001 ¦     2053           2              0.010 
2025-05-23 10:51:03 | INFO |       40.011 ¦     2054           2              0.010 
2025-05-23 10:51:03 | INFO |       40.021 ¦     2055           2              0.010 
2025-05-23 10:51:03 | INFO |       40.031 ¦     2056           2              0.010 
2025-05-23 10:51:03 | INFO |       40.041 ¦     2057           2              0.010 
2025-05-23 10:51:03 | INFO |       40.051 ¦     2058           2              0.010 
2025-05-23 10:51:03 | INFO |       40.061 ¦     2059           2              0.010 
2025-05-23 10:51:03 | INFO |       40.071 ¦     2060           2              0.010 
2025-05-23 10:51:03 | INFO |       40.081 ¦     2061           2              0.010 
2025-05-23 10:51:03 | INFO |       40.091 ¦     2062           2              0.010 
2025-05-23 10:51:03 | INFO |       40.101 ¦     2063           2              0.010 
2025-05-23 10:51:03 | INFO |       40.111 ¦     2064           2              0.010 
2025-05-23 10:51:03 | INFO |       40.121 ¦     2065           2              0.010 
2025-05-23 10:51:03 | INFO |       40.131 ¦     2066           2              0.010 
2025-05-23 10:51:03 | INFO |       40.141 ¦     2067           2              0.010 
2025-05-23 10:51:03 | INFO |       40.151 ¦     2068           2              0.010 
2025-05-23 10:51:03 | INFO |       40.161 ¦     2069           2              0.010 
2025-05-23 10:51:03 | INFO |       40.171 ¦     2070           2              0.010 
2025-05-23 10:51:03 | INFO |       40.181 ¦     2071           2              0.010 
2025-05-23 10:51:03 | INFO |       40.191 ¦     2072           2              0.010 
2025-05-23 10:51:03 | INFO |       40.201 ¦     2073           2              0.010 
2025-05-23 10:51:03 | INFO |       40.211 ¦     2074           2              0.010 
2025-05-23 10:51:03 | INFO |       40.221 ¦     2075           2              0.010 
2025-05-23 10:51:03 | INFO |       40.231 ¦     2076           2              0.010 
2025-05-23 10:51:03 | INFO |       40.241 ¦     2077           2              0.010 
2025-05-23 10:51:03 | INFO |       40.251 ¦     2078           2              0.010 
2025-05-23 10:51:03 | INFO |       40.261 ¦     2079           2              0.010 
2025-05-23 10:51:03 | INFO |       40.271 ¦     2080           2              0.010 
2025-05-23 10:51:03 | INFO |       40.281 ¦     2081           2              0.010 
2025-05-23 10:51:03 | INFO |       40.291 ¦     2082           2              0.010 
2025-05-23 10:51:03 | INFO |       40.301 ¦     2083           2              0.010 
2025-05-23 10:51:03 | INFO |       40.311 ¦     2084           2              0.010 
2025-05-23 10:51:03 | INFO |       40.321 ¦     2085           2              0.010 
2025-05-23 10:51:03 | INFO |       40.331 ¦     2086           2              0.010 
2025-05-23 10:51:03 | INFO |       40.341 ¦     2087           2              0.010 
2025-05-23 10:51:03 | INFO |       40.351 ¦     2088           2              0.010 
2025-05-23 10:51:03 | INFO |       40.361 ¦     2089           2              0.010 
2025-05-23 10:51:03 | INFO |       40.371 ¦     2090           2              0.010 
2025-05-23 10:51:03 | INFO |       40.381 ¦     2091           2              0.010 
2025-05-23 10:51:03 | INFO |       40.391 ¦     2092           2              0.010 
2025-05-23 10:51:03 | INFO |       40.401 ¦     2093           2              0.010 
2025-05-23 10:51:03 | INFO |       40.411 ¦     2094           2              0.010 
2025-05-23 10:51:03 | INFO |       40.421 ¦     2095           2              0.010 
2025-05-23 10:51:03 | INFO |       40.431 ¦     2096           2              0.010 
2025-05-23 10:51:03 | INFO |       40.441 ¦     2097           2              0.010 
2025-05-23 10:51:03 | INFO |       40.451 ¦     2098           2              0.010 
2025-05-23 10:51:03 | INFO |       40.461 ¦     2099           2              0.010 
2025-05-23 10:51:03 | INFO |       40.471 ¦     2100           2              0.010 
2025-05-23 10:51:03 | INFO |       40.481 ¦     2101           2              0.010 
2025-05-23 10:51:03 | INFO |       40.491 ¦     2102           2              0.010 
2025-05-23 10:51:03 | INFO |       40.501 ¦     2103           2              0.010 
2025-05-23 10:51:03 | INFO |       40.511 ¦     2104           2              0.010 
2025-05-23 10:51:03 | INFO |       40.521 ¦     2105           2              0.010 
2025-05-23 10:51:03 | INFO |       40.531 ¦     2106           2              0.010 
2025-05-23 10:51:03 | INFO |       40.541 ¦     2107           2              0.010 
2025-05-23 10:51:03 | INFO |       40.551 ¦     2108           2              0.010 
2025-05-23 10:51:03 | INFO |       40.561 ¦     2109           2              0.010 
2025-05-23 10:51:03 | INFO |       40.571 ¦     2110           2              0.010 
2025-05-23 10:51:03 | INFO |       40.581 ¦     2111           2              0.010 
2025-05-23 10:51:03 | INFO |       40.591 ¦     2112           2              0.010 
2025-05-23 10:51:03 | INFO |       40.601 ¦     2113           2              0.010 
2025-05-23 10:51:03 | INFO |       40.611 ¦     2114           2              0.010 
2025-05-23 10:51:03 | INFO |       40.621 ¦     2115           2              0.010 
2025-05-23 10:51:03 | INFO |       40.631 ¦     2116           2              0.010 
2025-05-23 10:51:03 | INFO |       40.641 ¦     2117           2              0.010 
2025-05-23 10:51:03 | INFO |       40.651 ¦     2118           2              0.010 
2025-05-23 10:51:03 | INFO |       40.661 ¦     2119           2              0.010 
2025-05-23 10:51:03 | INFO |       40.671 ¦     2120           2              0.010 
2025-05-23 10:51:03 | INFO |       40.681 ¦     2121           2              0.010 
2025-05-23 10:51:03 | INFO |       40.691 ¦     2122           2              0.010 
2025-05-23 10:51:03 | INFO |       40.701 ¦     2123           2              0.010 
2025-05-23 10:51:03 | INFO |       40.711 ¦     2124           2              0.010 
2025-05-23 10:51:03 | INFO |       40.721 ¦     2125           2              0.010 
2025-05-23 10:51:03 | INFO |       40.731 ¦     2126           2              0.010 
2025-05-23 10:51:03 | INFO |       40.741 ¦     2127           2              0.010 
2025-05-23 10:51:03 | INFO |       40.751 ¦     2128           2              0.010 
2025-05-23 10:51:03 | INFO |       40.761 ¦     2129           2              0.010 
2025-05-23 10:51:03 | INFO |       40.771 ¦     2130           2              0.010 
2025-05-23 10:51:03 | INFO |       40.781 ¦     2131           2              0.010 
2025-05-23 10:51:03 | INFO |       40.791 ¦     2132           2              0.010 
2025-05-23 10:51:03 | INFO |       40.801 ¦     2133           2              0.010 
2025-05-23 10:51:03 | INFO |       40.811 ¦     2134           2              0.010 
2025-05-23 10:51:03 | INFO |       40.821 ¦     2135           2              0.010 
2025-05-23 10:51:03 | INFO |       40.831 ¦     2136           2              0.010 
2025-05-23 10:51:03 | INFO |       40.841 ¦     2137           2              0.010 
2025-05-23 10:51:03 | INFO |       40.851 ¦     2138           2              0.010 
2025-05-23 10:51:03 | INFO |       40.861 ¦     2139           2              0.010 
2025-05-23 10:51:03 | INFO |       40.871 ¦     2140           2              0.010 
2025-05-23 10:51:03 | INFO |       40.881 ¦     2141           2              0.010 
2025-05-23 10:51:03 | INFO |       40.891 ¦     2142           2              0.010 
2025-05-23 10:51:03 | INFO |       40.901 ¦     2143           2              0.010 
2025-05-23 10:51:03 | INFO |       40.911 ¦     2144           2              0.010 
2025-05-23 10:51:03 | INFO |       40.921 ¦     2145           2              0.010 
2025-05-23 10:51:03 | INFO |       40.931 ¦     2146           2              0.010 
2025-05-23 10:51:03 | INFO |       40.941 ¦     2147           2              0.010 
2025-05-23 10:51:03 | INFO |       40.951 ¦     2148           2              0.010 
2025-05-23 10:51:03 | INFO |       40.961 ¦     2149           2              0.010 
2025-05-23 10:51:03 | INFO |       40.971 ¦     2150           2              0.010 
2025-05-23 10:51:03 | INFO |       40.981 ¦     2151           2              0.010 
2025-05-23 10:51:03 | INFO |       40.991 ¦     2152           2              0.010 
2025-05-23 10:51:03 | INFO |       41.001 ¦     2153           2              0.010 
2025-05-23 10:51:03 | INFO |       41.011 ¦     2154           2              0.010 
2025-05-23 10:51:03 | INFO |       41.021 ¦     2155           2              0.010 
2025-05-23 10:51:03 | INFO |       41.031 ¦     2156           2              0.010 
2025-05-23 10:51:03 | INFO |       41.041 ¦     2157           2              0.010 
2025-05-23 10:51:03 | INFO |       41.051 ¦     2158           2              0.010 
2025-05-23 10:51:03 | INFO |       41.061 ¦     2159           2              0.010 
2025-05-23 10:51:03 | INFO |       41.071 ¦     2160           2              0.010 
2025-05-23 10:51:03 | INFO |       41.081 ¦     2161           2              0.010 
2025-05-23 10:51:03 | INFO |       41.091 ¦     2162           2              0.010 
2025-05-23 10:51:03 | INFO |       41.101 ¦     2163           2              0.010 
2025-05-23 10:51:03 | INFO |       41.111 ¦     2164           2              0.010 
2025-05-23 10:51:03 | INFO |       41.121 ¦     2165           2              0.010 
2025-05-23 10:51:03 | INFO |       41.131 ¦     2166           2              0.010 
2025-05-23 10:51:03 | INFO |       41.141 ¦     2167           2              0.010 
2025-05-23 10:51:03 | INFO |       41.151 ¦     2168           2              0.010 
2025-05-23 10:51:03 | INFO |       41.161 ¦     2169           2              0.010 
2025-05-23 10:51:03 | INFO |       41.171 ¦     2170           2              0.010 
2025-05-23 10:51:03 | INFO |       41.181 ¦     2171           2              0.010 
2025-05-23 10:51:03 | INFO |       41.191 ¦     2172           2              0.010 
2025-05-23 10:51:03 | INFO |       41.201 ¦     2173           2              0.010 
2025-05-23 10:51:03 | INFO |       41.211 ¦     2174           2              0.010 
2025-05-23 10:51:03 | INFO |       41.221 ¦     2175           2              0.010 
2025-05-23 10:51:03 | INFO |       41.231 ¦     2176           2              0.010 
2025-05-23 10:51:03 | INFO |       41.241 ¦     2177           2              0.010 
2025-05-23 10:51:03 | INFO |       41.251 ¦     2178           2              0.010 
2025-05-23 10:51:03 | INFO |       41.261 ¦     2179           2              0.010 
2025-05-23 10:51:03 | INFO |       41.271 ¦     2180           2              0.010 
2025-05-23 10:51:03 | INFO |       41.281 ¦     2181           2              0.010 
2025-05-23 10:51:03 | INFO |       41.291 ¦     2182           2              0.010 
2025-05-23 10:51:03 | INFO |       41.301 ¦     2183           2              0.010 
2025-05-23 10:51:03 | INFO |       41.311 ¦     2184           2              0.010 
2025-05-23 10:51:03 | INFO |       41.321 ¦     2185           2              0.010 
2025-05-23 10:51:03 | INFO |       41.331 ¦     2186           2              0.010 
2025-05-23 10:51:03 | INFO |       41.341 ¦     2187           2              0.010 
2025-05-23 10:51:03 | INFO |       41.351 ¦     2188           2              0.010 
2025-05-23 10:51:03 | INFO |       41.361 ¦     2189           2              0.010 
2025-05-23 10:51:03 | INFO |       41.371 ¦     2190           2              0.010 
2025-05-23 10:51:03 | INFO |       41.381 ¦     2191           2              0.010 
2025-05-23 10:51:03 | INFO |       41.391 ¦     2192           2              0.010 
2025-05-23 10:51:03 | INFO |       41.401 ¦     2193           2              0.010 
2025-05-23 10:51:03 | INFO |       41.411 ¦     2194           2              0.010 
2025-05-23 10:51:03 | INFO |       41.421 ¦     2195           2              0.010 
2025-05-23 10:51:03 | INFO |       41.431 ¦     2196           2              0.010 
2025-05-23 10:51:03 | INFO |       41.441 ¦     2197           2              0.010 
2025-05-23 10:51:03 | INFO |       41.451 ¦     2198           2              0.010 
2025-05-23 10:51:03 | INFO |       41.461 ¦     2199           2              0.010 
2025-05-23 10:51:03 | INFO |       41.471 ¦     2200           2              0.010 
2025-05-23 10:51:03 | INFO |       41.481 ¦     2201           2              0.010 
2025-05-23 10:51:03 | INFO |       41.491 ¦     2202           2              0.010 
2025-05-23 10:51:03 | INFO |       41.501 ¦     2203           2              0.010 
2025-05-23 10:51:03 | INFO |       41.511 ¦     2204           2              0.010 
2025-05-23 10:51:03 | INFO |       41.521 ¦     2205           2              0.010 
2025-05-23 10:51:03 | INFO |       41.531 ¦     2206           2              0.010 
2025-05-23 10:51:03 | INFO |       41.541 ¦     2207           2              0.010 
2025-05-23 10:51:03 | INFO |       41.551 ¦     2208           2              0.010 
2025-05-23 10:51:03 | INFO |       41.561 ¦     2209           2              0.010 
2025-05-23 10:51:03 | INFO |       41.571 ¦     2210           2              0.010 
2025-05-23 10:51:03 | INFO |       41.581 ¦     2211           2              0.010 
2025-05-23 10:51:03 | INFO |       41.591 ¦     2212           2              0.010 
2025-05-23 10:51:03 | INFO |       41.601 ¦     2213           2              0.010 
2025-05-23 10:51:03 | INFO |       41.611 ¦     2214           2              0.010 
2025-05-23 10:51:03 | INFO |       41.621 ¦     2215           2              0.010 
2025-05-23 10:51:03 | INFO |       41.631 ¦     2216           2              0.010 
2025-05-23 10:51:03 | INFO |       41.641 ¦     2217           2              0.010 
2025-05-23 10:51:03 | INFO |       41.651 ¦     2218           2              0.010 
2025-05-23 10:51:03 | INFO |       41.661 ¦     2219           2              0.010 
2025-05-23 10:51:03 | INFO |       41.671 ¦     2220           2              0.010 
2025-05-23 10:51:03 | INFO |       41.681 ¦     2221           2              0.010 
2025-05-23 10:51:03 | INFO |       41.691 ¦     2222           2              0.010 
2025-05-23 10:51:03 | INFO |       41.701 ¦     2223           2              0.010 
2025-05-23 10:51:03 | INFO |       41.711 ¦     2224           2              0.010 
2025-05-23 10:51:03 | INFO |       41.721 ¦     2225           2              0.010 
2025-05-23 10:51:03 | INFO |       41.731 ¦     2226           2              0.010 
2025-05-23 10:51:03 | INFO |       41.741 ¦     2227           2              0.010 
2025-05-23 10:51:03 | INFO |       41.751 ¦     2228           2              0.010 
2025-05-23 10:51:03 | INFO |       41.761 ¦     2229           2              0.010 
2025-05-23 10:51:03 | INFO |       41.771 ¦     2230           2              0.010 
2025-05-23 10:51:03 | INFO |       41.781 ¦     2231           2              0.010 
2025-05-23 10:51:03 | INFO |       41.791 ¦     2232           2              0.010 
2025-05-23 10:51:03 | INFO |       41.801 ¦     2233           2              0.010 
2025-05-23 10:51:03 | INFO |       41.811 ¦     2234           2              0.010 
2025-05-23 10:51:03 | INFO |       41.821 ¦     2235           2              0.010 
2025-05-23 10:51:03 | INFO |       41.831 ¦     2236           2              0.010 
2025-05-23 10:51:03 | INFO |       41.841 ¦     2237           2              0.010 
2025-05-23 10:51:03 | INFO |       41.851 ¦     2238           2              0.010 
2025-05-23 10:51:03 | INFO |       41.861 ¦     2239           2              0.010 
2025-05-23 10:51:03 | INFO |       41.871 ¦     2240           2              0.010 
2025-05-23 10:51:03 | INFO |       41.881 ¦     2241           2              0.010 
2025-05-23 10:51:03 | INFO |       41.891 ¦     2242           2              0.010 
2025-05-23 10:51:03 | INFO |       41.901 ¦     2243           2              0.010 
2025-05-23 10:51:03 | INFO |       41.911 ¦     2244           2              0.010 
2025-05-23 10:51:03 | INFO |       41.921 ¦     2245           2              0.010 
2025-05-23 10:51:03 | INFO |       41.931 ¦     2246           2              0.010 
2025-05-23 10:51:03 | INFO |       41.941 ¦     2247           2              0.010 
2025-05-23 10:51:03 | INFO |       41.951 ¦     2248           2              0.010 
2025-05-23 10:51:03 | INFO |       41.961 ¦     2249           2              0.010 
2025-05-23 10:51:03 | INFO |       41.971 ¦     2250           2              0.010 
2025-05-23 10:51:03 | INFO |       41.981 ¦     2251           2              0.010 
2025-05-23 10:51:03 | INFO |       41.991 ¦     2252           2              0.010 
2025-05-23 10:51:03 | INFO |       42.001 ¦     2253           2              0.010 
2025-05-23 10:51:03 | INFO |       42.011 ¦     2254           2              0.010 
2025-05-23 10:51:03 | INFO |       42.021 ¦     2255           2              0.010 
2025-05-23 10:51:03 | INFO |       42.031 ¦     2256           2              0.010 
2025-05-23 10:51:03 | INFO |       42.041 ¦     2257           2              0.010 
2025-05-23 10:51:03 | INFO |       42.051 ¦     2258           2              0.010 
2025-05-23 10:51:03 | INFO |       42.061 ¦     2259           2              0.010 
2025-05-23 10:51:03 | INFO |       42.071 ¦     2260           2              0.010 
2025-05-23 10:51:03 | INFO |       42.081 ¦     2261           2              0.010 
2025-05-23 10:51:03 | INFO |       42.091 ¦     2262           2              0.010 
2025-05-23 10:51:03 | INFO |       42.101 ¦     2263           2              0.010 
2025-05-23 10:51:03 | INFO |       42.111 ¦     2264           2              0.010 
2025-05-23 10:51:03 | INFO |       42.121 ¦     2265           2              0.010 
2025-05-23 10:51:03 | INFO |       42.131 ¦     2266           2              0.010 
2025-05-23 10:51:03 | INFO |       42.141 ¦     2267           2              0.010 
2025-05-23 10:51:03 | INFO |       42.151 ¦     2268           2              0.010 
2025-05-23 10:51:03 | INFO |       42.161 ¦     2269           2              0.010 
2025-05-23 10:51:03 | INFO |       42.171 ¦     2270           2              0.010 
2025-05-23 10:51:03 | INFO |       42.181 ¦     2271           2              0.010 
2025-05-23 10:51:03 | INFO |       42.191 ¦     2272           2              0.010 
2025-05-23 10:51:03 | INFO |       42.201 ¦     2273           2              0.010 
2025-05-23 10:51:03 | INFO |       42.211 ¦     2274           2              0.010 
2025-05-23 10:51:03 | INFO |       42.221 ¦     2275           2              0.010 
2025-05-23 10:51:03 | INFO |       42.231 ¦     2276           2              0.010 
2025-05-23 10:51:03 | INFO |       42.241 ¦     2277           2              0.010 
2025-05-23 10:51:03 | INFO |       42.251 ¦     2278           2              0.010 
2025-05-23 10:51:03 | INFO |       42.261 ¦     2279           2              0.010 
2025-05-23 10:51:03 | INFO |       42.271 ¦     2280           2              0.010 
2025-05-23 10:51:03 | INFO |       42.281 ¦     2281           2              0.010 
2025-05-23 10:51:03 | INFO |       42.291 ¦     2282           2              0.010 
2025-05-23 10:51:03 | INFO |       42.301 ¦     2283           2              0.010 
2025-05-23 10:51:03 | INFO |       42.311 ¦     2284           2              0.010 
2025-05-23 10:51:03 | INFO |       42.321 ¦     2285           2              0.010 
2025-05-23 10:51:03 | INFO |       42.331 ¦     2286           2              0.010 
2025-05-23 10:51:03 | INFO |       42.341 ¦     2287           2              0.010 
2025-05-23 10:51:03 | INFO |       42.351 ¦     2288           2              0.010 
2025-05-23 10:51:03 | INFO |       42.361 ¦     2289           2              0.010 
2025-05-23 10:51:03 | INFO |       42.371 ¦     2290           2              0.010 
2025-05-23 10:51:03 | INFO |       42.381 ¦     2291           2              0.010 
2025-05-23 10:51:03 | INFO |       42.391 ¦     2292           2              0.010 
2025-05-23 10:51:03 | INFO |       42.401 ¦     2293           2              0.010 
2025-05-23 10:51:03 | INFO |       42.411 ¦     2294           2              0.010 
2025-05-23 10:51:03 | INFO |       42.421 ¦     2295           2              0.010 
2025-05-23 10:51:03 | INFO |       42.431 ¦     2296           2              0.010 
2025-05-23 10:51:03 | INFO |       42.441 ¦     2297           2              0.010 
2025-05-23 10:51:03 | INFO |       42.451 ¦     2298           2              0.010 
2025-05-23 10:51:03 | INFO |       42.461 ¦     2299           2              0.010 
2025-05-23 10:51:03 | INFO |       42.471 ¦     2300           2              0.010 
2025-05-23 10:51:03 | INFO |       42.481 ¦     2301           2              0.010 
2025-05-23 10:51:03 | INFO |       42.491 ¦     2302           2              0.010 
2025-05-23 10:51:03 | INFO |       42.501 ¦     2303           2              0.010 
2025-05-23 10:51:03 | INFO |       42.511 ¦     2304           2              0.010 
2025-05-23 10:51:03 | INFO |       42.521 ¦     2305           2              0.010 
2025-05-23 10:51:03 | INFO |       42.531 ¦     2306           2              0.010 
2025-05-23 10:51:03 | INFO |       42.541 ¦     2307           2              0.010 
2025-05-23 10:51:03 | INFO |       42.551 ¦     2308           2              0.010 
2025-05-23 10:51:03 | INFO |       42.561 ¦     2309           2              0.010 
2025-05-23 10:51:03 | INFO |       42.571 ¦     2310           2              0.010 
2025-05-23 10:51:03 | INFO |       42.581 ¦     2311           2              0.010 
2025-05-23 10:51:03 | INFO |       42.591 ¦     2312           2              0.010 
2025-05-23 10:51:03 | INFO |       42.601 ¦     2313           2              0.010 
2025-05-23 10:51:03 | INFO |       42.611 ¦     2314           2              0.010 
2025-05-23 10:51:03 | INFO |       42.621 ¦     2315           2              0.010 
2025-05-23 10:51:03 | INFO |       42.631 ¦     2316           2              0.010 
2025-05-23 10:51:03 | INFO |       42.641 ¦     2317           2              0.010 
2025-05-23 10:51:03 | INFO |       42.651 ¦     2318           2              0.010 
2025-05-23 10:51:03 | INFO |       42.661 ¦     2319           2              0.010 
2025-05-23 10:51:03 | INFO |       42.671 ¦     2320           2              0.010 
2025-05-23 10:51:03 | INFO |       42.681 ¦     2321           2              0.010 
2025-05-23 10:51:03 | INFO |       42.691 ¦     2322           2              0.010 
2025-05-23 10:51:03 | INFO |       42.701 ¦     2323           2              0.010 
2025-05-23 10:51:03 | INFO |       42.711 ¦     2324           2              0.010 
2025-05-23 10:51:03 | INFO |       42.721 ¦     2325           2              0.010 
2025-05-23 10:51:03 | INFO |       42.731 ¦     2326           2              0.010 
2025-05-23 10:51:03 | INFO |       42.741 ¦     2327           2              0.010 
2025-05-23 10:51:03 | INFO |       42.751 ¦     2328           2              0.010 
2025-05-23 10:51:03 | INFO |       42.761 ¦     2329           2              0.010 
2025-05-23 10:51:03 | INFO |       42.771 ¦     2330           2              0.010 
2025-05-23 10:51:03 | INFO |       42.781 ¦     2331           2              0.010 
2025-05-23 10:51:03 | INFO |       42.791 ¦     2332           2              0.010 
2025-05-23 10:51:03 | INFO |       42.801 ¦     2333           2              0.010 
2025-05-23 10:51:03 | INFO |       42.811 ¦     2334           2              0.010 
2025-05-23 10:51:03 | INFO |       42.821 ¦     2335           2              0.010 
2025-05-23 10:51:03 | INFO |       42.831 ¦     2336           2              0.010 
2025-05-23 10:51:03 | INFO |       42.841 ¦     2337           2              0.010 
2025-05-23 10:51:03 | INFO |       42.851 ¦     2338           2              0.010 
2025-05-23 10:51:03 | INFO |       42.861 ¦     2339           2              0.010 
2025-05-23 10:51:03 | INFO |       42.871 ¦     2340           2              0.010 
2025-05-23 10:51:03 | INFO |       42.881 ¦     2341           2              0.010 
2025-05-23 10:51:03 | INFO |       42.891 ¦     2342           2              0.010 
2025-05-23 10:51:03 | INFO |       42.901 ¦     2343           2              0.010 
2025-05-23 10:51:03 | INFO |       42.911 ¦     2344           2              0.010 
2025-05-23 10:51:03 | INFO |       42.921 ¦     2345           2              0.010 
2025-05-23 10:51:03 | INFO |       42.931 ¦     2346           2              0.010 
2025-05-23 10:51:03 | INFO |       42.941 ¦     2347           2              0.010 
2025-05-23 10:51:03 | INFO |       42.951 ¦     2348           2              0.010 
2025-05-23 10:51:03 | INFO |       42.961 ¦     2349           2              0.010 
2025-05-23 10:51:03 | INFO |       42.971 ¦     2350           2              0.010 
2025-05-23 10:51:03 | INFO |       42.981 ¦     2351           2              0.010 
2025-05-23 10:51:03 | INFO |       42.991 ¦     2352           2              0.010 
2025-05-23 10:51:03 | INFO |       43.001 ¦     2353           2              0.010 
2025-05-23 10:51:03 | INFO |       43.011 ¦     2354           2              0.010 
2025-05-23 10:51:03 | INFO |       43.021 ¦     2355           2              0.010 
2025-05-23 10:51:03 | INFO |       43.031 ¦     2356           2              0.010 
2025-05-23 10:51:03 | INFO |       43.041 ¦     2357           2              0.010 
2025-05-23 10:51:03 | INFO |       43.051 ¦     2358           2              0.010 
2025-05-23 10:51:03 | INFO |       43.061 ¦     2359           2              0.010 
2025-05-23 10:51:03 | INFO |       43.071 ¦     2360           2              0.010 
2025-05-23 10:51:03 | INFO |       43.081 ¦     2361           2              0.010 
2025-05-23 10:51:03 | INFO |       43.091 ¦     2362           2              0.010 
2025-05-23 10:51:03 | INFO |       43.101 ¦     2363           2              0.010 
2025-05-23 10:51:03 | INFO |       43.111 ¦     2364           2              0.010 
2025-05-23 10:51:03 | INFO |       43.121 ¦     2365           2              0.010 
2025-05-23 10:51:03 | INFO |       43.131 ¦     2366           2              0.010 
2025-05-23 10:51:03 | INFO |       43.141 ¦     2367           2              0.010 
2025-05-23 10:51:03 | INFO |       43.151 ¦     2368           2              0.010 
2025-05-23 10:51:03 | INFO |       43.161 ¦     2369           2              0.010 
2025-05-23 10:51:03 | INFO |       43.171 ¦     2370           2              0.010 
2025-05-23 10:51:03 | INFO |       43.181 ¦     2371           2              0.010 
2025-05-23 10:51:03 | INFO |       43.191 ¦     2372           2              0.010 
2025-05-23 10:51:03 | INFO |       43.201 ¦     2373           2              0.010 
2025-05-23 10:51:03 | INFO |       43.211 ¦     2374           2              0.010 
2025-05-23 10:51:03 | INFO |       43.221 ¦     2375           2              0.010 
2025-05-23 10:51:03 | INFO |       43.231 ¦     2376           2              0.010 
2025-05-23 10:51:03 | INFO |       43.241 ¦     2377           2              0.010 
2025-05-23 10:51:03 | INFO |       43.251 ¦     2378           2              0.010 
2025-05-23 10:51:03 | INFO |       43.261 ¦     2379           2              0.010 
2025-05-23 10:51:03 | INFO |       43.271 ¦     2380           2              0.010 
2025-05-23 10:51:03 | INFO |       43.281 ¦     2381           2              0.010 
2025-05-23 10:51:03 | INFO |       43.291 ¦     2382           2              0.010 
2025-05-23 10:51:03 | INFO |       43.301 ¦     2383           2              0.010 
2025-05-23 10:51:03 | INFO |       43.311 ¦     2384           2              0.010 
2025-05-23 10:51:03 | INFO |       43.321 ¦     2385           2              0.010 
2025-05-23 10:51:03 | INFO |       43.331 ¦     2386           2              0.010 
2025-05-23 10:51:03 | INFO |       43.341 ¦     2387           2              0.010 
2025-05-23 10:51:03 | INFO |       43.351 ¦     2388           2              0.010 
2025-05-23 10:51:03 | INFO |       43.361 ¦     2389           2              0.010 
2025-05-23 10:51:03 | INFO |       43.371 ¦     2390           2              0.010 
2025-05-23 10:51:03 | INFO |       43.381 ¦     2391           2              0.010 
2025-05-23 10:51:03 | INFO |       43.391 ¦     2392           2              0.010 
2025-05-23 10:51:03 | INFO |       43.401 ¦     2393           2              0.010 
2025-05-23 10:51:03 | INFO |       43.411 ¦     2394           2              0.010 
2025-05-23 10:51:03 | INFO |       43.421 ¦     2395           2              0.010 
2025-05-23 10:51:03 | INFO |       43.431 ¦     2396           2              0.010 
2025-05-23 10:51:03 | INFO |       43.441 ¦     2397           2              0.010 
2025-05-23 10:51:03 | INFO |       43.451 ¦     2398           2              0.010 
2025-05-23 10:51:03 | INFO |       43.461 ¦     2399           2              0.010 
2025-05-23 10:51:03 | INFO |       43.471 ¦     2400           2              0.010 
2025-05-23 10:51:03 | INFO |       43.481 ¦     2401           2              0.010 
2025-05-23 10:51:03 | INFO |       43.491 ¦     2402           2              0.010 
2025-05-23 10:51:03 | INFO |       43.501 ¦     2403           2              0.010 
2025-05-23 10:51:03 | INFO |       43.511 ¦     2404           2              0.010 
2025-05-23 10:51:03 | INFO |       43.521 ¦     2405           2              0.010 
2025-05-23 10:51:03 | INFO |       43.531 ¦     2406           2              0.010 
2025-05-23 10:51:03 | INFO |       43.541 ¦     2407           2              0.010 
2025-05-23 10:51:03 | INFO |       43.551 ¦     2408           2              0.010 
2025-05-23 10:51:03 | INFO |       43.561 ¦     2409           2              0.010 
2025-05-23 10:51:03 | INFO |       43.571 ¦     2410           2              0.010 
2025-05-23 10:51:03 | INFO |       43.581 ¦     2411           2              0.010 
2025-05-23 10:51:03 | INFO |       43.591 ¦     2412           2              0.010 
2025-05-23 10:51:03 | INFO |       43.601 ¦     2413           2              0.010 
2025-05-23 10:51:03 | INFO |       43.611 ¦     2414           2              0.010 
2025-05-23 10:51:03 | INFO |       43.621 ¦     2415           2              0.010 
2025-05-23 10:51:03 | INFO |       43.631 ¦     2416           2              0.010 
2025-05-23 10:51:03 | INFO |       43.641 ¦     2417           2              0.010 
2025-05-23 10:51:03 | INFO |       43.651 ¦     2418           2              0.010 
2025-05-23 10:51:03 | INFO |       43.661 ¦     2419           2              0.010 
2025-05-23 10:51:03 | INFO |       43.671 ¦     2420           2              0.010 
2025-05-23 10:51:03 | INFO |       43.681 ¦     2421           2              0.010 
2025-05-23 10:51:03 | INFO |       43.691 ¦     2422           2              0.010 
2025-05-23 10:51:03 | INFO |       43.701 ¦     2423           2              0.010 
2025-05-23 10:51:03 | INFO |       43.711 ¦     2424           2              0.010 
2025-05-23 10:51:03 | INFO |       43.721 ¦     2425           2              0.010 
2025-05-23 10:51:03 | INFO |       43.731 ¦     2426           2              0.010 
2025-05-23 10:51:03 | INFO |       43.741 ¦     2427           2              0.010 
2025-05-23 10:51:03 | INFO |       43.751 ¦     2428           2              0.010 
2025-05-23 10:51:03 | INFO |       43.761 ¦     2429           2              0.010 
2025-05-23 10:51:03 | INFO |       43.771 ¦     2430           2              0.010 
2025-05-23 10:51:03 | INFO |       43.781 ¦     2431           2              0.010 
2025-05-23 10:51:03 | INFO |       43.791 ¦     2432           2              0.010 
2025-05-23 10:51:03 | INFO |       43.801 ¦     2433           2              0.010 
2025-05-23 10:51:03 | INFO |       43.811 ¦     2434           2              0.010 
2025-05-23 10:51:03 | INFO |       43.821 ¦     2435           2              0.010 
2025-05-23 10:51:03 | INFO |       43.831 ¦     2436           2              0.010 
2025-05-23 10:51:03 | INFO |       43.841 ¦     2437           2              0.010 
2025-05-23 10:51:03 | INFO |       43.851 ¦     2438           2              0.010 
2025-05-23 10:51:03 | INFO |       43.861 ¦     2439           2              0.010 
2025-05-23 10:51:03 | INFO |       43.871 ¦     2440           2              0.010 
2025-05-23 10:51:03 | INFO |       43.881 ¦     2441           2              0.010 
2025-05-23 10:51:03 | INFO |       43.891 ¦     2442           2              0.010 
2025-05-23 10:51:03 | INFO |       43.901 ¦     2443           2              0.010 
2025-05-23 10:51:03 | INFO |       43.911 ¦     2444           2              0.010 
2025-05-23 10:51:03 | INFO |       43.921 ¦     2445           2              0.010 
2025-05-23 10:51:03 | INFO |       43.931 ¦     2446           2              0.010 
2025-05-23 10:51:03 | INFO |       43.941 ¦     2447           2              0.010 
2025-05-23 10:51:03 | INFO |       43.951 ¦     2448           2              0.010 
2025-05-23 10:51:03 | INFO |       43.961 ¦     2449           2              0.010 
2025-05-23 10:51:03 | INFO |       43.971 ¦     2450           2              0.010 
2025-05-23 10:51:03 | INFO |       43.981 ¦     2451           2              0.010 
2025-05-23 10:51:03 | INFO |       43.991 ¦     2452           2              0.010 
2025-05-23 10:51:03 | INFO |       44.001 ¦     2453           2              0.010 
2025-05-23 10:51:03 | INFO |       44.011 ¦     2454           2              0.010 
2025-05-23 10:51:03 | INFO |       44.021 ¦     2455           2              0.010 
2025-05-23 10:51:03 | INFO |       44.031 ¦     2456           2              0.010 
2025-05-23 10:51:03 | INFO |       44.041 ¦     2457           2              0.010 
2025-05-23 10:51:03 | INFO |       44.051 ¦     2458           2              0.010 
2025-05-23 10:51:03 | INFO |       44.061 ¦     2459           2              0.010 
2025-05-23 10:51:03 | INFO |       44.071 ¦     2460           2              0.010 
2025-05-23 10:51:03 | INFO |       44.081 ¦     2461           2              0.010 
2025-05-23 10:51:03 | INFO |       44.091 ¦     2462           2              0.010 
2025-05-23 10:51:03 | INFO |       44.101 ¦     2463           2              0.010 
2025-05-23 10:51:03 | INFO |       44.111 ¦     2464           2              0.010 
2025-05-23 10:51:03 | INFO |       44.121 ¦     2465           2              0.010 
2025-05-23 10:51:03 | INFO |       44.131 ¦     2466           2              0.010 
2025-05-23 10:51:03 | INFO |       44.141 ¦     2467           2              0.010 
2025-05-23 10:51:03 | INFO |       44.151 ¦     2468           2              0.010 
2025-05-23 10:51:03 | INFO |       44.161 ¦     2469           2              0.010 
2025-05-23 10:51:03 | INFO |       44.171 ¦     2470           2              0.010 
2025-05-23 10:51:03 | INFO |       44.181 ¦     2471           2              0.010 
2025-05-23 10:51:03 | INFO |       44.191 ¦     2472           2              0.010 
2025-05-23 10:51:03 | INFO |       44.201 ¦     2473           2              0.010 
2025-05-23 10:51:03 | INFO |       44.211 ¦     2474           2              0.010 
2025-05-23 10:51:03 | INFO |       44.221 ¦     2475           2              0.010 
2025-05-23 10:51:03 | INFO |       44.231 ¦     2476           2              0.010 
2025-05-23 10:51:03 | INFO |       44.241 ¦     2477           2              0.010 
2025-05-23 10:51:03 | INFO |       44.251 ¦     2478           2              0.010 
2025-05-23 10:51:03 | INFO |       44.261 ¦     2479           2              0.010 
2025-05-23 10:51:03 | INFO |       44.271 ¦     2480           2              0.010 
2025-05-23 10:51:03 | INFO |       44.281 ¦     2481           2              0.010 
2025-05-23 10:51:03 | INFO |       44.291 ¦     2482           2              0.010 
2025-05-23 10:51:03 | INFO |       44.301 ¦     2483           2              0.010 
2025-05-23 10:51:03 | INFO |       44.311 ¦     2484           2              0.010 
2025-05-23 10:51:03 | INFO |       44.321 ¦     2485           2              0.010 
2025-05-23 10:51:03 | INFO |       44.331 ¦     2486           2              0.010 
2025-05-23 10:51:03 | INFO |       44.341 ¦     2487           2              0.010 
2025-05-23 10:51:03 | INFO |       44.351 ¦     2488           2              0.010 
2025-05-23 10:51:03 | INFO |       44.361 ¦     2489           2              0.010 
2025-05-23 10:51:03 | INFO |       44.371 ¦     2490           2              0.010 
2025-05-23 10:51:03 | INFO |       44.381 ¦     2491           2              0.010 
2025-05-23 10:51:03 | INFO |       44.391 ¦     2492           2              0.010 
2025-05-23 10:51:03 | INFO |       44.401 ¦     2493           2              0.010 
2025-05-23 10:51:03 | INFO |       44.411 ¦     2494           2              0.010 
2025-05-23 10:51:03 | INFO |       44.421 ¦     2495           2              0.010 
2025-05-23 10:51:03 | INFO |       44.431 ¦     2496           2              0.010 
2025-05-23 10:51:03 | INFO |       44.441 ¦     2497           2              0.010 
2025-05-23 10:51:03 | INFO |       44.451 ¦     2498           2              0.010 
2025-05-23 10:51:03 | INFO |       44.461 ¦     2499           2              0.010 
2025-05-23 10:51:03 | INFO |       44.471 ¦     2500           2              0.010 
2025-05-23 10:51:03 | INFO |       44.481 ¦     2501           2              0.010 
2025-05-23 10:51:03 | INFO |       44.491 ¦     2502           2              0.010 
2025-05-23 10:51:03 | INFO |       44.501 ¦     2503           2              0.010 
2025-05-23 10:51:03 | INFO |       44.511 ¦     2504           2              0.010 
2025-05-23 10:51:03 | INFO |       44.521 ¦     2505           2              0.010 
2025-05-23 10:51:03 | INFO |       44.531 ¦     2506           2              0.010 
2025-05-23 10:51:03 | INFO |       44.541 ¦     2507           2              0.010 
2025-05-23 10:51:03 | INFO |       44.551 ¦     2508           2              0.010 
2025-05-23 10:51:03 | INFO |       44.561 ¦     2509           2              0.010 
2025-05-23 10:51:03 | INFO |       44.571 ¦     2510           2              0.010 
2025-05-23 10:51:03 | INFO |       44.581 ¦     2511           2              0.010 
2025-05-23 10:51:03 | INFO |       44.591 ¦     2512           2              0.010 
2025-05-23 10:51:03 | INFO |       44.601 ¦     2513           2              0.010 
2025-05-23 10:51:03 | INFO |       44.611 ¦     2514           2              0.010 
2025-05-23 10:51:03 | INFO |       44.621 ¦     2515           2              0.010 
2025-05-23 10:51:03 | INFO |       44.631 ¦     2516           2              0.010 
2025-05-23 10:51:03 | INFO |       44.641 ¦     2517           2              0.010 
2025-05-23 10:51:03 | INFO |       44.651 ¦     2518           2              0.010 
2025-05-23 10:51:03 | INFO |       44.661 ¦     2519           2              0.010 
2025-05-23 10:51:03 | INFO |       44.671 ¦     2520           2              0.010 
2025-05-23 10:51:03 | INFO |       44.681 ¦     2521           2              0.010 
2025-05-23 10:51:03 | INFO |       44.691 ¦     2522           2              0.010 
2025-05-23 10:51:03 | INFO |       44.701 ¦     2523           2              0.010 
2025-05-23 10:51:03 | INFO |       44.711 ¦     2524           2              0.010 
2025-05-23 10:51:03 | INFO |       44.721 ¦     2525           2              0.010 
2025-05-23 10:51:03 | INFO |       44.731 ¦     2526           2              0.010 
2025-05-23 10:51:03 | INFO |       44.741 ¦     2527           2              0.010 
2025-05-23 10:51:03 | INFO |       44.751 ¦     2528           2              0.010 
2025-05-23 10:51:03 | INFO |       44.761 ¦     2529           2              0.010 
2025-05-23 10:51:03 | INFO |       44.771 ¦     2530           2              0.010 
2025-05-23 10:51:03 | INFO |       44.781 ¦     2531           2              0.010 
2025-05-23 10:51:03 | INFO |       44.791 ¦     2532           2              0.010 
2025-05-23 10:51:03 | INFO |       44.801 ¦     2533           2              0.010 
2025-05-23 10:51:03 | INFO |       44.811 ¦     2534           2              0.010 
2025-05-23 10:51:03 | INFO |       44.821 ¦     2535           2              0.010 
2025-05-23 10:51:03 | INFO |       44.831 ¦     2536           2              0.010 
2025-05-23 10:51:03 | INFO |       44.841 ¦     2537           2              0.010 
2025-05-23 10:51:03 | INFO |       44.851 ¦     2538           2              0.010 
2025-05-23 10:51:03 | INFO |       44.861 ¦     2539           2              0.010 
2025-05-23 10:51:03 | INFO |       44.871 ¦     2540           2              0.010 
2025-05-23 10:51:03 | INFO |       44.881 ¦     2541           2              0.010 
2025-05-23 10:51:03 | INFO |       44.891 ¦     2542           2              0.010 
2025-05-23 10:51:03 | INFO |       44.901 ¦     2543           2              0.010 
2025-05-23 10:51:03 | INFO |       44.911 ¦     2544           2              0.010 
2025-05-23 10:51:03 | INFO |       44.921 ¦     2545           2              0.010 
2025-05-23 10:51:03 | INFO |       44.931 ¦     2546           2              0.010 
2025-05-23 10:51:03 | INFO |       44.941 ¦     2547           2              0.010 
2025-05-23 10:51:03 | INFO |       44.951 ¦     2548           2              0.010 
2025-05-23 10:51:03 | INFO |       44.961 ¦     2549           2              0.010 
2025-05-23 10:51:03 | INFO |       44.971 ¦     2550           2              0.010 
2025-05-23 10:51:03 | INFO |       44.981 ¦     2551           2              0.010 
2025-05-23 10:51:03 | INFO |       44.991 ¦     2552           2              0.010 
2025-05-23 10:51:03 | INFO |       45.001 ¦     2553           2              0.010 
2025-05-23 10:51:03 | INFO |       45.011 ¦     2554           2              0.010 
2025-05-23 10:51:03 | INFO |       45.021 ¦     2555           2              0.010 
2025-05-23 10:51:03 | INFO |       45.031 ¦     2556           2              0.010 
2025-05-23 10:51:03 | INFO |       45.041 ¦     2557           2              0.010 
2025-05-23 10:51:03 | INFO |       45.051 ¦     2558           2              0.010 
2025-05-23 10:51:03 | INFO |       45.061 ¦     2559           2              0.010 
2025-05-23 10:51:03 | INFO |       45.071 ¦     2560           2              0.010 
2025-05-23 10:51:03 | INFO |       45.081 ¦     2561           2              0.010 
2025-05-23 10:51:03 | INFO |       45.091 ¦     2562           2              0.010 
2025-05-23 10:51:03 | INFO |       45.101 ¦     2563           2              0.010 
2025-05-23 10:51:03 | INFO |       45.111 ¦     2564           2              0.010 
2025-05-23 10:51:03 | INFO |       45.121 ¦     2565           2              0.010 
2025-05-23 10:51:03 | INFO |       45.131 ¦     2566           2              0.010 
2025-05-23 10:51:03 | INFO |       45.141 ¦     2567           2              0.010 
2025-05-23 10:51:03 | INFO |       45.151 ¦     2568           2              0.010 
2025-05-23 10:51:03 | INFO |       45.161 ¦     2569           2              0.010 
2025-05-23 10:51:03 | INFO |       45.171 ¦     2570           2              0.010 
2025-05-23 10:51:03 | INFO |       45.181 ¦     2571           2              0.010 
2025-05-23 10:51:03 | INFO |       45.191 ¦     2572           2              0.010 
2025-05-23 10:51:03 | INFO |       45.201 ¦     2573           2              0.010 
2025-05-23 10:51:03 | INFO |       45.211 ¦     2574           2              0.010 
2025-05-23 10:51:03 | INFO |       45.221 ¦     2575           2              0.010 
2025-05-23 10:51:03 | INFO |       45.231 ¦     2576           2              0.010 
2025-05-23 10:51:03 | INFO |       45.241 ¦     2577           2              0.010 
2025-05-23 10:51:03 | INFO |       45.251 ¦     2578           2              0.010 
2025-05-23 10:51:03 | INFO |       45.261 ¦     2579           2              0.010 
2025-05-23 10:51:03 | INFO |       45.271 ¦     2580           2              0.010 
2025-05-23 10:51:03 | INFO |       45.281 ¦     2581           2              0.010 
2025-05-23 10:51:03 | INFO |       45.291 ¦     2582           2              0.010 
2025-05-23 10:51:03 | INFO |       45.301 ¦     2583           2              0.010 
2025-05-23 10:51:03 | INFO |       45.311 ¦     2584           2              0.010 
2025-05-23 10:51:03 | INFO |       45.321 ¦     2585           2              0.010 
2025-05-23 10:51:03 | INFO |       45.331 ¦     2586           2              0.010 
2025-05-23 10:51:03 | INFO |       45.341 ¦     2587           2              0.010 
2025-05-23 10:51:03 | INFO |       45.351 ¦     2588           2              0.010 
2025-05-23 10:51:03 | INFO |       45.361 ¦     2589           2              0.010 
2025-05-23 10:51:03 | INFO |       45.371 ¦     2590           2              0.010 
2025-05-23 10:51:03 | INFO |       45.381 ¦     2591           2              0.010 
2025-05-23 10:51:03 | INFO |       45.391 ¦     2592           2              0.010 
2025-05-23 10:51:03 | INFO |       45.401 ¦     2593           2              0.010 
2025-05-23 10:51:03 | INFO |       45.411 ¦     2594           2              0.010 
2025-05-23 10:51:03 | INFO |       45.421 ¦     2595           2              0.010 
2025-05-23 10:51:03 | INFO |       45.431 ¦     2596           2              0.010 
2025-05-23 10:51:03 | INFO |       45.441 ¦     2597           2              0.010 
2025-05-23 10:51:03 | INFO |       45.451 ¦     2598           2              0.010 
2025-05-23 10:51:03 | INFO |       45.461 ¦     2599           2              0.010 
2025-05-23 10:51:03 | INFO |       45.471 ¦     2600           2              0.010 
2025-05-23 10:51:03 | INFO |       45.481 ¦     2601           2              0.010 
2025-05-23 10:51:03 | INFO |       45.491 ¦     2602           2              0.010 
2025-05-23 10:51:03 | INFO |       45.501 ¦     2603           2              0.010 
2025-05-23 10:51:03 | INFO |       45.511 ¦     2604           2              0.010 
2025-05-23 10:51:03 | INFO |       45.521 ¦     2605           2              0.010 
2025-05-23 10:51:03 | INFO |       45.531 ¦     2606           2              0.010 
2025-05-23 10:51:03 | INFO |       45.541 ¦     2607           2              0.010 
2025-05-23 10:51:03 | INFO |       45.551 ¦     2608           2              0.010 
2025-05-23 10:51:03 | INFO |       45.561 ¦     2609           2              0.010 
2025-05-23 10:51:03 | INFO |       45.571 ¦     2610           2              0.010 
2025-05-23 10:51:03 | INFO |       45.581 ¦     2611           2              0.010 
2025-05-23 10:51:03 | INFO |       45.591 ¦     2612           2              0.010 
2025-05-23 10:51:03 | INFO |       45.601 ¦     2613           2              0.010 
2025-05-23 10:51:03 | INFO |       45.611 ¦     2614           2              0.010 
2025-05-23 10:51:03 | INFO |       45.621 ¦     2615           2              0.010 
2025-05-23 10:51:03 | INFO |       45.631 ¦     2616           2              0.010 
2025-05-23 10:51:03 | INFO |       45.641 ¦     2617           2              0.010 
2025-05-23 10:51:03 | INFO |       45.651 ¦     2618           2              0.010 
2025-05-23 10:51:03 | INFO |       45.661 ¦     2619           2              0.010 
2025-05-23 10:51:03 | INFO |       45.671 ¦     2620           2              0.010 
2025-05-23 10:51:03 | INFO |       45.681 ¦     2621           2              0.010 
2025-05-23 10:51:03 | INFO |       45.691 ¦     2622           2              0.010 
2025-05-23 10:51:03 | INFO |       45.701 ¦     2623           2              0.010 
2025-05-23 10:51:03 | INFO |       45.711 ¦     2624           2              0.010 
2025-05-23 10:51:03 | INFO |       45.721 ¦     2625           2              0.010 
2025-05-23 10:51:03 | INFO |       45.731 ¦     2626           2              0.010 
2025-05-23 10:51:03 | INFO |       45.741 ¦     2627           2              0.010 
2025-05-23 10:51:03 | INFO |       45.751 ¦     2628           2              0.010 
2025-05-23 10:51:03 | INFO |       45.761 ¦     2629           2              0.010 
2025-05-23 10:51:03 | INFO |       45.771 ¦     2630           2              0.010 
2025-05-23 10:51:03 | INFO |       45.781 ¦     2631           2              0.010 
2025-05-23 10:51:03 | INFO |       45.791 ¦     2632           2              0.010 
2025-05-23 10:51:03 | INFO |       45.801 ¦     2633           2              0.010 
2025-05-23 10:51:03 | INFO |       45.811 ¦     2634           2              0.010 
2025-05-23 10:51:03 | INFO |       45.821 ¦     2635           2              0.010 
2025-05-23 10:51:03 | INFO |       45.831 ¦     2636           2              0.010 
2025-05-23 10:51:03 | INFO |       45.841 ¦     2637           2              0.010 
2025-05-23 10:51:03 | INFO |       45.851 ¦     2638           2              0.010 
2025-05-23 10:51:03 | INFO |       45.861 ¦     2639           2              0.010 
2025-05-23 10:51:03 | INFO |       45.871 ¦     2640           2              0.010 
2025-05-23 10:51:03 | INFO |       45.881 ¦     2641           2              0.010 
2025-05-23 10:51:03 | INFO |       45.891 ¦     2642           2              0.010 
2025-05-23 10:51:03 | INFO |       45.901 ¦     2643           2              0.010 
2025-05-23 10:51:03 | INFO |       45.911 ¦     2644           2              0.010 
2025-05-23 10:51:03 | INFO |       45.921 ¦     2645           2              0.010 
2025-05-23 10:51:03 | INFO |       45.931 ¦     2646           2              0.010 
2025-05-23 10:51:03 | INFO |       45.941 ¦     2647           2              0.010 
2025-05-23 10:51:03 | INFO |       45.951 ¦     2648           2              0.010 
2025-05-23 10:51:03 | INFO |       45.961 ¦     2649           2              0.010 
2025-05-23 10:51:03 | INFO |       45.971 ¦     2650           2              0.010 
2025-05-23 10:51:03 | INFO |       45.981 ¦     2651           2              0.010 
2025-05-23 10:51:03 | INFO |       45.991 ¦     2652           2              0.010 
2025-05-23 10:51:03 | INFO |       46.001 ¦     2653           2              0.010 
2025-05-23 10:51:03 | INFO |       46.011 ¦     2654           2              0.010 
2025-05-23 10:51:03 | INFO |       46.021 ¦     2655           2              0.010 
2025-05-23 10:51:03 | INFO |       46.031 ¦     2656           2              0.010 
2025-05-23 10:51:03 | INFO |       46.041 ¦     2657           2              0.010 
2025-05-23 10:51:03 | INFO |       46.051 ¦     2658           2              0.010 
2025-05-23 10:51:03 | INFO |       46.061 ¦     2659           2              0.010 
2025-05-23 10:51:03 | INFO |       46.071 ¦     2660           2              0.010 
2025-05-23 10:51:03 | INFO |       46.081 ¦     2661           2              0.010 
2025-05-23 10:51:03 | INFO |       46.091 ¦     2662           2              0.010 
2025-05-23 10:51:03 | INFO |       46.101 ¦     2663           2              0.010 
2025-05-23 10:51:03 | INFO |       46.111 ¦     2664           2              0.010 
2025-05-23 10:51:03 | INFO |       46.121 ¦     2665           2              0.010 
2025-05-23 10:51:03 | INFO |       46.131 ¦     2666           2              0.010 
2025-05-23 10:51:03 | INFO |       46.141 ¦     2667           2              0.010 
2025-05-23 10:51:03 | INFO |       46.151 ¦     2668           2              0.010 
2025-05-23 10:51:03 | INFO |       46.161 ¦     2669           2              0.010 
2025-05-23 10:51:03 | INFO |       46.171 ¦     2670           2              0.010 
2025-05-23 10:51:03 | INFO |       46.181 ¦     2671           2              0.010 
2025-05-23 10:51:03 | INFO |       46.191 ¦     2672           2              0.010 
2025-05-23 10:51:03 | INFO |       46.201 ¦     2673           2              0.010 
2025-05-23 10:51:03 | INFO |       46.211 ¦     2674           2              0.010 
2025-05-23 10:51:03 | INFO |       46.221 ¦     2675           2              0.010 
2025-05-23 10:51:03 | INFO |       46.231 ¦     2676           2              0.010 
2025-05-23 10:51:03 | INFO |       46.241 ¦     2677           2              0.010 
2025-05-23 10:51:03 | INFO |       46.251 ¦     2678           2              0.010 
2025-05-23 10:51:03 | INFO |       46.261 ¦     2679           2              0.010 
2025-05-23 10:51:03 | INFO |       46.271 ¦     2680           2              0.010 
2025-05-23 10:51:03 | INFO |       46.281 ¦     2681           2              0.010 
2025-05-23 10:51:03 | INFO |       46.291 ¦     2682           2              0.010 
2025-05-23 10:51:03 | INFO |       46.301 ¦     2683           2              0.010 
2025-05-23 10:51:03 | INFO |       46.311 ¦     2684           2              0.010 
2025-05-23 10:51:03 | INFO |       46.321 ¦     2685           2              0.010 
2025-05-23 10:51:03 | INFO |       46.331 ¦     2686           2              0.010 
2025-05-23 10:51:03 | INFO |       46.341 ¦     2687           2              0.010 
2025-05-23 10:51:03 | INFO |       46.351 ¦     2688           2              0.010 
2025-05-23 10:51:03 | INFO |       46.361 ¦     2689           2              0.010 
2025-05-23 10:51:03 | INFO |       46.371 ¦     2690           2              0.010 
2025-05-23 10:51:03 | INFO |       46.381 ¦     2691           2              0.010 
2025-05-23 10:51:03 | INFO |       46.391 ¦     2692           2              0.010 
2025-05-23 10:51:03 | INFO |       46.401 ¦     2693           2              0.010 
2025-05-23 10:51:03 | INFO |       46.411 ¦     2694           2              0.010 
2025-05-23 10:51:03 | INFO |       46.421 ¦     2695           2              0.010 
2025-05-23 10:51:03 | INFO |       46.431 ¦     2696           2              0.010 
2025-05-23 10:51:03 | INFO |       46.441 ¦     2697           2              0.010 
2025-05-23 10:51:03 | INFO |       46.451 ¦     2698           2              0.010 
2025-05-23 10:51:03 | INFO |       46.461 ¦     2699           2              0.010 
2025-05-23 10:51:03 | INFO |       46.471 ¦     2700           2              0.010 
2025-05-23 10:51:03 | INFO |       46.481 ¦     2701           2              0.010 
2025-05-23 10:51:03 | INFO |       46.491 ¦     2702           2              0.010 
2025-05-23 10:51:03 | INFO |       46.501 ¦     2703           2              0.010 
2025-05-23 10:51:03 | INFO |       46.511 ¦     2704           2              0.010 
2025-05-23 10:51:03 | INFO |       46.521 ¦     2705           2              0.010 
2025-05-23 10:51:03 | INFO |       46.531 ¦     2706           2              0.010 
2025-05-23 10:51:03 | INFO |       46.541 ¦     2707           2              0.010 
2025-05-23 10:51:03 | INFO |       46.551 ¦     2708           2              0.010 
2025-05-23 10:51:03 | INFO |       46.561 ¦     2709           2              0.010 
2025-05-23 10:51:03 | INFO |       46.571 ¦     2710           2              0.010 
2025-05-23 10:51:03 | INFO |       46.581 ¦     2711           2              0.010 
2025-05-23 10:51:03 | INFO |       46.591 ¦     2712           2              0.010 
2025-05-23 10:51:03 | INFO |       46.601 ¦     2713           2              0.010 
2025-05-23 10:51:03 | INFO |       46.611 ¦     2714           2              0.010 
2025-05-23 10:51:03 | INFO |       46.621 ¦     2715           2              0.010 
2025-05-23 10:51:03 | INFO |       46.631 ¦     2716           2              0.010 
2025-05-23 10:51:03 | INFO |       46.641 ¦     2717           2              0.010 
2025-05-23 10:51:03 | INFO |       46.651 ¦     2718           2              0.010 
2025-05-23 10:51:03 | INFO |       46.661 ¦     2719           2              0.010 
2025-05-23 10:51:03 | INFO |       46.671 ¦     2720           2              0.010 
2025-05-23 10:51:03 | INFO |       46.681 ¦     2721           2              0.010 
2025-05-23 10:51:03 | INFO |       46.691 ¦     2722           2              0.010 
2025-05-23 10:51:03 | INFO |       46.701 ¦     2723           2              0.010 
2025-05-23 10:51:03 | INFO |       46.711 ¦     2724           2              0.010 
2025-05-23 10:51:03 | INFO |       46.721 ¦     2725           2              0.010 
2025-05-23 10:51:03 | INFO |       46.731 ¦     2726           2              0.010 
2025-05-23 10:51:03 | INFO |       46.741 ¦     2727           2              0.010 
2025-05-23 10:51:03 | INFO |       46.751 ¦     2728           2              0.010 
2025-05-23 10:51:03 | INFO |       46.761 ¦     2729           2              0.010 
2025-05-23 10:51:03 | INFO |       46.771 ¦     2730           2              0.010 
2025-05-23 10:51:03 | INFO |       46.781 ¦     2731           2              0.010 
2025-05-23 10:51:03 | INFO |       46.791 ¦     2732           2              0.010 
2025-05-23 10:51:03 | INFO |       46.801 ¦     2733           2              0.010 
2025-05-23 10:51:03 | INFO |       46.811 ¦     2734           2              0.010 
2025-05-23 10:51:03 | INFO |       46.821 ¦     2735           2              0.010 
2025-05-23 10:51:03 | INFO |       46.831 ¦     2736           2              0.010 
2025-05-23 10:51:03 | INFO |       46.841 ¦     2737           2              0.010 
2025-05-23 10:51:03 | INFO |       46.851 ¦     2738           2              0.010 
2025-05-23 10:51:03 | INFO |       46.861 ¦     2739           2              0.010 
2025-05-23 10:51:03 | INFO |       46.871 ¦     2740           2              0.010 
2025-05-23 10:51:03 | INFO |       46.881 ¦     2741           2              0.010 
2025-05-23 10:51:03 | INFO |       46.891 ¦     2742           2              0.010 
2025-05-23 10:51:03 | INFO |       46.901 ¦     2743           2              0.010 
2025-05-23 10:51:03 | INFO |       46.911 ¦     2744           2              0.010 
2025-05-23 10:51:03 | INFO |       46.921 ¦     2745           2              0.010 
2025-05-23 10:51:03 | INFO |       46.931 ¦     2746           2              0.010 
2025-05-23 10:51:03 | INFO |       46.941 ¦     2747           2              0.010 
2025-05-23 10:51:03 | INFO |       46.951 ¦     2748           2              0.010 
2025-05-23 10:51:03 | INFO |       46.961 ¦     2749           2              0.010 
2025-05-23 10:51:03 | INFO |       46.971 ¦     2750           2              0.010 
2025-05-23 10:51:03 | INFO |       46.981 ¦     2751           2              0.010 
2025-05-23 10:51:03 | INFO |       46.991 ¦     2752           2              0.010 
2025-05-23 10:51:03 | INFO |       47.001 ¦     2753           2              0.010 
2025-05-23 10:51:03 | INFO |       47.011 ¦     2754           2              0.010 
2025-05-23 10:51:03 | INFO |       47.021 ¦     2755           2              0.010 
2025-05-23 10:51:03 | INFO |       47.031 ¦     2756           2              0.010 
2025-05-23 10:51:03 | INFO |       47.041 ¦     2757           2              0.010 
2025-05-23 10:51:03 | INFO |       47.051 ¦     2758           2              0.010 
2025-05-23 10:51:03 | INFO |       47.061 ¦     2759           2              0.010 
2025-05-23 10:51:03 | INFO |       47.071 ¦     2760           2              0.010 
2025-05-23 10:51:03 | INFO |       47.081 ¦     2761           2              0.010 
2025-05-23 10:51:03 | INFO |       47.091 ¦     2762           2              0.010 
2025-05-23 10:51:03 | INFO |       47.101 ¦     2763           2              0.010 
2025-05-23 10:51:03 | INFO |       47.111 ¦     2764           2              0.010 
2025-05-23 10:51:03 | INFO |       47.121 ¦     2765           2              0.010 
2025-05-23 10:51:03 | INFO |       47.131 ¦     2766           2              0.010 
2025-05-23 10:51:03 | INFO |       47.141 ¦     2767           2              0.010 
2025-05-23 10:51:03 | INFO |       47.151 ¦     2768           2              0.010 
2025-05-23 10:51:03 | INFO |       47.161 ¦     2769           2              0.010 
2025-05-23 10:51:03 | INFO |       47.171 ¦     2770           2              0.010 
2025-05-23 10:51:03 | INFO |       47.181 ¦     2771           2              0.010 
2025-05-23 10:51:03 | INFO |       47.191 ¦     2772           2              0.010 
2025-05-23 10:51:03 | INFO |       47.201 ¦     2773           2              0.010 
2025-05-23 10:51:03 | INFO |       47.211 ¦     2774           2              0.010 
2025-05-23 10:51:03 | INFO |       47.221 ¦     2775           2              0.010 
2025-05-23 10:51:03 | INFO |       47.231 ¦     2776           2              0.010 
2025-05-23 10:51:03 | INFO |       47.241 ¦     2777           2              0.010 
2025-05-23 10:51:03 | INFO |       47.251 ¦     2778           2              0.010 
2025-05-23 10:51:03 | INFO |       47.261 ¦     2779           2              0.010 
2025-05-23 10:51:03 | INFO |       47.271 ¦     2780           2              0.010 
2025-05-23 10:51:03 | INFO |       47.281 ¦     2781           2              0.010 
2025-05-23 10:51:03 | INFO |       47.291 ¦     2782           2              0.010 
2025-05-23 10:51:03 | INFO |       47.301 ¦     2783           2              0.010 
2025-05-23 10:51:03 | INFO |       47.311 ¦     2784           2              0.010 
2025-05-23 10:51:03 | INFO |       47.321 ¦     2785           2              0.010 
2025-05-23 10:51:03 | INFO |       47.331 ¦     2786           2              0.010 
2025-05-23 10:51:03 | INFO |       47.341 ¦     2787           2              0.010 
2025-05-23 10:51:03 | INFO |       47.351 ¦     2788           2              0.010 
2025-05-23 10:51:03 | INFO |       47.361 ¦     2789           2              0.010 
2025-05-23 10:51:03 | INFO |       47.371 ¦     2790           2              0.010 
2025-05-23 10:51:03 | INFO |       47.381 ¦     2791           2              0.010 
2025-05-23 10:51:03 | INFO |       47.391 ¦     2792           2              0.010 
2025-05-23 10:51:03 | INFO |       47.401 ¦     2793           2              0.010 
2025-05-23 10:51:03 | INFO |       47.411 ¦     2794           2              0.010 
2025-05-23 10:51:03 | INFO |       47.421 ¦     2795           2              0.010 
2025-05-23 10:51:03 | INFO |       47.431 ¦     2796           2              0.010 
2025-05-23 10:51:03 | INFO |       47.441 ¦     2797           2              0.010 
2025-05-23 10:51:03 | INFO |       47.451 ¦     2798           2              0.010 
2025-05-23 10:51:03 | INFO |       47.461 ¦     2799           2              0.010 
2025-05-23 10:51:03 | INFO |       47.471 ¦     2800           2              0.010 
2025-05-23 10:51:03 | INFO |       47.481 ¦     2801           2              0.010 
2025-05-23 10:51:03 | INFO |       47.491 ¦     2802           2              0.010 
2025-05-23 10:51:03 | INFO |       47.501 ¦     2803           2              0.010 
2025-05-23 10:51:03 | INFO |       47.511 ¦     2804           2              0.010 
2025-05-23 10:51:03 | INFO |       47.521 ¦     2805           2              0.010 
2025-05-23 10:51:03 | INFO |       47.531 ¦     2806           2              0.010 
2025-05-23 10:51:03 | INFO |       47.541 ¦     2807           2              0.010 
2025-05-23 10:51:03 | INFO |       47.551 ¦     2808           2              0.010 
2025-05-23 10:51:03 | INFO |       47.561 ¦     2809           2              0.010 
2025-05-23 10:51:03 | INFO |       47.571 ¦     2810           2              0.010 
2025-05-23 10:51:03 | INFO |       47.581 ¦     2811           2              0.010 
2025-05-23 10:51:03 | INFO |       47.591 ¦     2812           2              0.010 
2025-05-23 10:51:03 | INFO |       47.601 ¦     2813           2              0.010 
2025-05-23 10:51:03 | INFO |       47.611 ¦     2814           2              0.010 
2025-05-23 10:51:03 | INFO |       47.621 ¦     2815           2              0.010 
2025-05-23 10:51:03 | INFO |       47.631 ¦     2816           2              0.010 
2025-05-23 10:51:03 | INFO |       47.641 ¦     2817           2              0.010 
2025-05-23 10:51:03 | INFO |       47.651 ¦     2818           2              0.010 
2025-05-23 10:51:03 | INFO |       47.661 ¦     2819           2              0.010 
2025-05-23 10:51:03 | INFO |       47.671 ¦     2820           2              0.010 
2025-05-23 10:51:03 | INFO |       47.681 ¦     2821           2              0.010 
2025-05-23 10:51:03 | INFO |       47.691 ¦     2822           2              0.010 
2025-05-23 10:51:03 | INFO |       47.701 ¦     2823           2              0.010 
2025-05-23 10:51:03 | INFO |       47.711 ¦     2824           2              0.010 
2025-05-23 10:51:03 | INFO |       47.721 ¦     2825           2              0.010 
2025-05-23 10:51:03 | INFO |       47.731 ¦     2826           2              0.010 
2025-05-23 10:51:03 | INFO |       47.741 ¦     2827           2              0.010 
2025-05-23 10:51:03 | INFO |       47.751 ¦     2828           2              0.010 
2025-05-23 10:51:03 | INFO |       47.761 ¦     2829           2              0.010 
2025-05-23 10:51:03 | INFO |       47.771 ¦     2830           2              0.010 
2025-05-23 10:51:03 | INFO |       47.781 ¦     2831           2              0.010 
2025-05-23 10:51:03 | INFO |       47.791 ¦     2832           2              0.010 
2025-05-23 10:51:03 | INFO |       47.801 ¦     2833           2              0.010 
2025-05-23 10:51:03 | INFO |       47.811 ¦     2834           2              0.010 
2025-05-23 10:51:03 | INFO |       47.821 ¦     2835           2              0.010 
2025-05-23 10:51:03 | INFO |       47.831 ¦     2836           2              0.010 
2025-05-23 10:51:03 | INFO |       47.841 ¦     2837           2              0.010 
2025-05-23 10:51:03 | INFO |       47.851 ¦     2838           2              0.010 
2025-05-23 10:51:03 | INFO |       47.861 ¦     2839           2              0.010 
2025-05-23 10:51:03 | INFO |       47.871 ¦     2840           2              0.010 
2025-05-23 10:51:03 | INFO |       47.881 ¦     2841           2              0.010 
2025-05-23 10:51:03 | INFO |       47.891 ¦     2842           2              0.010 
2025-05-23 10:51:03 | INFO |       47.901 ¦     2843           2              0.010 
2025-05-23 10:51:03 | INFO |       47.911 ¦     2844           2              0.010 
2025-05-23 10:51:03 | INFO |       47.921 ¦     2845           2              0.010 
2025-05-23 10:51:03 | INFO |       47.931 ¦     2846           2              0.010 
2025-05-23 10:51:03 | INFO |       47.941 ¦     2847           2              0.010 
2025-05-23 10:51:03 | INFO |       47.951 ¦     2848           2              0.010 
2025-05-23 10:51:03 | INFO |       47.961 ¦     2849           2              0.010 
2025-05-23 10:51:03 | INFO |       47.971 ¦     2850           2              0.010 
2025-05-23 10:51:03 | INFO |       47.981 ¦     2851           2              0.010 
2025-05-23 10:51:03 | INFO |       47.991 ¦     2852           2              0.010 
2025-05-23 10:51:03 | INFO |       48.001 ¦     2853           2              0.010 
2025-05-23 10:51:03 | INFO |       48.011 ¦     2854           2              0.010 
2025-05-23 10:51:03 | INFO |       48.021 ¦     2855           2              0.010 
2025-05-23 10:51:03 | INFO |       48.031 ¦     2856           2              0.010 
2025-05-23 10:51:03 | INFO |       48.041 ¦     2857           2              0.010 
2025-05-23 10:51:03 | INFO |       48.051 ¦     2858           2              0.010 
2025-05-23 10:51:03 | INFO |       48.061 ¦     2859           2              0.010 
2025-05-23 10:51:03 | INFO |       48.071 ¦     2860           2              0.010 
2025-05-23 10:51:03 | INFO |       48.081 ¦     2861           2              0.010 
2025-05-23 10:51:03 | INFO |       48.091 ¦     2862           2              0.010 
2025-05-23 10:51:03 | INFO |       48.101 ¦     2863           2              0.010 
2025-05-23 10:51:03 | INFO |       48.111 ¦     2864           2              0.010 
2025-05-23 10:51:03 | INFO |       48.121 ¦     2865           2              0.010 
2025-05-23 10:51:03 | INFO |       48.131 ¦     2866           2              0.010 
2025-05-23 10:51:03 | INFO |       48.141 ¦     2867           2              0.010 
2025-05-23 10:51:03 | INFO |       48.151 ¦     2868           2              0.010 
2025-05-23 10:51:03 | INFO |       48.161 ¦     2869           2              0.010 
2025-05-23 10:51:03 | INFO |       48.171 ¦     2870           2              0.010 
2025-05-23 10:51:03 | INFO |       48.181 ¦     2871           2              0.010 
2025-05-23 10:51:03 | INFO |       48.191 ¦     2872           2              0.010 
2025-05-23 10:51:03 | INFO |       48.201 ¦     2873           2              0.010 
2025-05-23 10:51:03 | INFO |       48.211 ¦     2874           2              0.010 
2025-05-23 10:51:03 | INFO |       48.221 ¦     2875           2              0.010 
2025-05-23 10:51:03 | INFO |       48.231 ¦     2876           2              0.010 
2025-05-23 10:51:03 | INFO |       48.241 ¦     2877           2              0.010 
2025-05-23 10:51:03 | INFO |       48.251 ¦     2878           2              0.010 
2025-05-23 10:51:03 | INFO |       48.261 ¦     2879           2              0.010 
2025-05-23 10:51:03 | INFO |       48.271 ¦     2880           2              0.010 
2025-05-23 10:51:03 | INFO |       48.281 ¦     2881           2              0.010 
2025-05-23 10:51:03 | INFO |       48.291 ¦     2882           2              0.010 
2025-05-23 10:51:03 | INFO |       48.301 ¦     2883           2              0.010 
2025-05-23 10:51:03 | INFO |       48.311 ¦     2884           2              0.010 
2025-05-23 10:51:03 | INFO |       48.321 ¦     2885           2              0.010 
2025-05-23 10:51:03 | INFO |       48.331 ¦     2886           2              0.010 
2025-05-23 10:51:03 | INFO |       48.341 ¦     2887           2              0.010 
2025-05-23 10:51:03 | INFO |       48.351 ¦     2888           2              0.010 
2025-05-23 10:51:03 | INFO |       48.361 ¦     2889           2              0.010 
2025-05-23 10:51:03 | INFO |       48.371 ¦     2890           2              0.010 
2025-05-23 10:51:03 | INFO |       48.381 ¦     2891           2              0.010 
2025-05-23 10:51:03 | INFO |       48.391 ¦     2892           2              0.010 
2025-05-23 10:51:03 | INFO |       48.401 ¦     2893           2              0.010 
2025-05-23 10:51:03 | INFO |       48.411 ¦     2894           2              0.010 
2025-05-23 10:51:03 | INFO |       48.421 ¦     2895           2              0.010 
2025-05-23 10:51:03 | INFO |       48.431 ¦     2896           2              0.010 
2025-05-23 10:51:03 | INFO |       48.441 ¦     2897           2              0.010 
2025-05-23 10:51:03 | INFO |       48.451 ¦     2898           2              0.010 
2025-05-23 10:51:03 | INFO |       48.461 ¦     2899           2              0.010 
2025-05-23 10:51:03 | INFO |       48.471 ¦     2900           2              0.010 
2025-05-23 10:51:03 | INFO |       48.481 ¦     2901           2              0.010 
2025-05-23 10:51:03 | INFO |       48.491 ¦     2902           2              0.010 
2025-05-23 10:51:03 | INFO |       48.501 ¦     2903           2              0.010 
2025-05-23 10:51:03 | INFO |       48.511 ¦     2904           2              0.010 
2025-05-23 10:51:03 | INFO |       48.521 ¦     2905           2              0.010 
2025-05-23 10:51:03 | INFO |       48.531 ¦     2906           2              0.010 
2025-05-23 10:51:03 | INFO |       48.541 ¦     2907           2              0.010 
2025-05-23 10:51:03 | INFO |       48.551 ¦     2908           2              0.010 
2025-05-23 10:51:03 | INFO |       48.561 ¦     2909           2              0.010 
2025-05-23 10:51:03 | INFO |       48.571 ¦     2910           2              0.010 
2025-05-23 10:51:03 | INFO |       48.581 ¦     2911           2              0.010 
2025-05-23 10:51:03 | INFO |       48.591 ¦     2912           2              0.010 
2025-05-23 10:51:03 | INFO |       48.601 ¦     2913           2              0.010 
2025-05-23 10:51:03 | INFO |       48.611 ¦     2914           2              0.010 
2025-05-23 10:51:03 | INFO |       48.621 ¦     2915           2              0.010 
2025-05-23 10:51:03 | INFO |       48.631 ¦     2916           2              0.010 
2025-05-23 10:51:03 | INFO |       48.641 ¦     2917           2              0.010 
2025-05-23 10:51:03 | INFO |       48.651 ¦     2918           2              0.010 
2025-05-23 10:51:03 | INFO |       48.661 ¦     2919           2              0.010 
2025-05-23 10:51:03 | INFO |       48.671 ¦     2920           2              0.010 
2025-05-23 10:51:03 | INFO |       48.681 ¦     2921           2              0.010 
2025-05-23 10:51:03 | INFO |       48.691 ¦     2922           2              0.010 
2025-05-23 10:51:03 | INFO |       48.701 ¦     2923           2              0.010 
2025-05-23 10:51:03 | INFO |       48.711 ¦     2924           2              0.010 
2025-05-23 10:51:03 | INFO |       48.721 ¦     2925           2              0.010 
2025-05-23 10:51:03 | INFO |       48.731 ¦     2926           2              0.010 
2025-05-23 10:51:03 | INFO |       48.741 ¦     2927           2              0.010 
2025-05-23 10:51:03 | INFO |       48.751 ¦     2928           2              0.010 
2025-05-23 10:51:03 | INFO |       48.761 ¦     2929           2              0.010 
2025-05-23 10:51:03 | INFO |       48.771 ¦     2930           2              0.010 
2025-05-23 10:51:03 | INFO |       48.781 ¦     2931           2              0.010 
2025-05-23 10:51:03 | INFO |       48.791 ¦     2932           2              0.010 
2025-05-23 10:51:03 | INFO |       48.801 ¦     2933           2              0.010 
2025-05-23 10:51:03 | INFO |       48.811 ¦     2934           2              0.010 
2025-05-23 10:51:03 | INFO |       48.821 ¦     2935           2              0.010 
2025-05-23 10:51:03 | INFO |       48.831 ¦     2936           2              0.010 
2025-05-23 10:51:03 | INFO |       48.841 ¦     2937           2              0.010 
2025-05-23 10:51:03 | INFO |       48.851 ¦     2938           2              0.010 
2025-05-23 10:51:03 | INFO |       48.861 ¦     2939           2              0.010 
2025-05-23 10:51:03 | INFO |       48.871 ¦     2940           2              0.010 
2025-05-23 10:51:03 | INFO |       48.881 ¦     2941           2              0.010 
2025-05-23 10:51:03 | INFO |       48.891 ¦     2942           2              0.010 
2025-05-23 10:51:03 | INFO |       48.901 ¦     2943           2              0.010 
2025-05-23 10:51:03 | INFO |       48.911 ¦     2944           2              0.010 
2025-05-23 10:51:03 | INFO |       48.921 ¦     2945           2              0.010 
2025-05-23 10:51:03 | INFO |       48.931 ¦     2946           2              0.010 
2025-05-23 10:51:03 | INFO |       48.941 ¦     2947           2              0.010 
2025-05-23 10:51:03 | INFO |       48.951 ¦     2948           2              0.010 
2025-05-23 10:51:03 | INFO |       48.961 ¦     2949           2              0.010 
2025-05-23 10:51:03 | INFO |       48.971 ¦     2950           2              0.010 
2025-05-23 10:51:03 | INFO |       48.981 ¦     2951           2              0.010 
2025-05-23 10:51:03 | INFO |       48.991 ¦     2952           2              0.010 
2025-05-23 10:51:03 | INFO |       49.001 ¦     2953           2              0.010 
2025-05-23 10:51:03 | INFO |       49.011 ¦     2954           2              0.010 
2025-05-23 10:51:03 | INFO |       49.021 ¦     2955           2              0.010 
2025-05-23 10:51:03 | INFO |       49.031 ¦     2956           2              0.010 
2025-05-23 10:51:03 | INFO |       49.041 ¦     2957           2              0.010 
2025-05-23 10:51:03 | INFO |       49.051 ¦     2958           2              0.010 
2025-05-23 10:51:03 | INFO |       49.061 ¦     2959           2              0.010 
2025-05-23 10:51:03 | INFO |       49.071 ¦     2960           2              0.010 
2025-05-23 10:51:03 | INFO |       49.081 ¦     2961           2              0.010 
2025-05-23 10:51:03 | INFO |       49.091 ¦     2962           2              0.010 
2025-05-23 10:51:03 | INFO |       49.101 ¦     2963           2              0.010 
2025-05-23 10:51:03 | INFO |       49.111 ¦     2964           2              0.010 
2025-05-23 10:51:03 | INFO |       49.121 ¦     2965           2              0.010 
2025-05-23 10:51:03 | INFO |       49.131 ¦     2966           2              0.010 
2025-05-23 10:51:03 | INFO |       49.141 ¦     2967           2              0.010 
2025-05-23 10:51:03 | INFO |       49.151 ¦     2968           2              0.010 
2025-05-23 10:51:03 | INFO |       49.161 ¦     2969           2              0.010 
2025-05-23 10:51:03 | INFO |       49.171 ¦     2970           2              0.010 
2025-05-23 10:51:03 | INFO |       49.181 ¦     2971           2              0.010 
2025-05-23 10:51:03 | INFO |       49.191 ¦     2972           2              0.010 
2025-05-23 10:51:03 | INFO |       49.201 ¦     2973           2              0.010 
2025-05-23 10:51:03 | INFO |       49.211 ¦     2974           2              0.010 
2025-05-23 10:51:03 | INFO |       49.221 ¦     2975           2              0.010 
2025-05-23 10:51:03 | INFO |       49.231 ¦     2976           2              0.010 
2025-05-23 10:51:03 | INFO |       49.241 ¦     2977           2              0.010 
2025-05-23 10:51:03 | INFO |       49.251 ¦     2978           2              0.010 
2025-05-23 10:51:03 | INFO |       49.261 ¦     2979           2              0.010 
2025-05-23 10:51:03 | INFO |       49.271 ¦     2980           2              0.010 
2025-05-23 10:51:03 | INFO |       49.281 ¦     2981           2              0.010 
2025-05-23 10:51:03 | INFO |       49.291 ¦     2982           2              0.010 
2025-05-23 10:51:03 | INFO |       49.301 ¦     2983           2              0.010 
2025-05-23 10:51:03 | INFO |       49.311 ¦     2984           2              0.010 
2025-05-23 10:51:03 | INFO |       49.321 ¦     2985           2              0.010 
2025-05-23 10:51:03 | INFO |       49.331 ¦     2986           2              0.010 
2025-05-23 10:51:03 | INFO |       49.341 ¦     2987           2              0.010 
2025-05-23 10:51:03 | INFO |       49.351 ¦     2988           2              0.010 
2025-05-23 10:51:03 | INFO |       49.361 ¦     2989           2              0.010 
2025-05-23 10:51:03 | INFO |       49.371 ¦     2990           2              0.010 
2025-05-23 10:51:03 | INFO |       49.381 ¦     2991           2              0.010 
2025-05-23 10:51:03 | INFO |       49.391 ¦     2992           2              0.010 
2025-05-23 10:51:03 | INFO |       49.401 ¦     2993           2              0.010 
2025-05-23 10:51:03 | INFO |       49.411 ¦     2994           2              0.010 
2025-05-23 10:51:03 | INFO |       49.421 ¦     2995           2              0.010 
2025-05-23 10:51:03 | INFO |       49.431 ¦     2996           2              0.010 
2025-05-23 10:51:03 | INFO |       49.441 ¦     2997           2              0.010 
2025-05-23 10:51:03 | INFO |       49.451 ¦     2998           2              0.010 
2025-05-23 10:51:03 | INFO |       49.461 ¦     2999           2              0.010 
2025-05-23 10:51:03 | INFO |       49.471 ¦     3000           2              0.010 
2025-05-23 10:51:03 | INFO |       49.481 ¦     3001           2              0.010 
2025-05-23 10:51:03 | INFO |       49.491 ¦     3002           2              0.010 
2025-05-23 10:51:03 | INFO |       49.501 ¦     3003           2              0.010 
2025-05-23 10:51:03 | INFO |       49.511 ¦     3004           2              0.010 
2025-05-23 10:51:03 | INFO |       49.521 ¦     3005           2              0.010 
2025-05-23 10:51:03 | INFO |       49.531 ¦     3006           2              0.010 
2025-05-23 10:51:03 | INFO |       49.541 ¦     3007           2              0.010 
2025-05-23 10:51:03 | INFO |       49.551 ¦     3008           2              0.010 
2025-05-23 10:51:03 | INFO |       49.561 ¦     3009           2              0.010 
2025-05-23 10:51:03 | INFO |       49.571 ¦     3010           2              0.010 
2025-05-23 10:51:03 | INFO |       49.581 ¦     3011           2              0.010 
2025-05-23 10:51:03 | INFO |       49.591 ¦     3012           2              0.010 
2025-05-23 10:51:03 | INFO |       49.601 ¦     3013           2              0.010 
2025-05-23 10:51:03 | INFO |       49.611 ¦     3014           2              0.010 
2025-05-23 10:51:03 | INFO |       49.621 ¦     3015           2              0.010 
2025-05-23 10:51:03 | INFO |       49.631 ¦     3016           2              0.010 
2025-05-23 10:51:03 | INFO |       49.641 ¦     3017           2              0.010 
2025-05-23 10:51:03 | INFO |       49.651 ¦     3018           2              0.010 
2025-05-23 10:51:03 | INFO |       49.661 ¦     3019           2              0.010 
2025-05-23 10:51:03 | INFO |       49.671 ¦     3020           2              0.010 
2025-05-23 10:51:03 | INFO |       49.681 ¦     3021           2              0.010 
2025-05-23 10:51:03 | INFO |       49.691 ¦     3022           2              0.010 
2025-05-23 10:51:03 | INFO |       49.701 ¦     3023           2              0.010 
2025-05-23 10:51:03 | INFO |       49.711 ¦     3024           2              0.010 
2025-05-23 10:51:03 | INFO |       49.721 ¦     3025           2              0.010 
2025-05-23 10:51:03 | INFO |       49.731 ¦     3026           2              0.010 
2025-05-23 10:51:03 | INFO |       49.741 ¦     3027           2              0.010 
2025-05-23 10:51:03 | INFO |       49.751 ¦     3028           2              0.010 
2025-05-23 10:51:03 | INFO |       49.761 ¦     3029           2              0.010 
2025-05-23 10:51:03 | INFO |       49.771 ¦     3030           2              0.010 
2025-05-23 10:51:03 | INFO |       49.781 ¦     3031           2              0.010 
2025-05-23 10:51:03 | INFO |       49.791 ¦     3032           2              0.010 
2025-05-23 10:51:03 | INFO |       49.801 ¦     3033           2              0.010 
2025-05-23 10:51:03 | INFO |       49.811 ¦     3034           2              0.010 
2025-05-23 10:51:03 | INFO |       49.821 ¦     3035           2              0.010 
2025-05-23 10:51:03 | INFO |       49.831 ¦     3036           2              0.010 
2025-05-23 10:51:03 | INFO |       49.841 ¦     3037           2              0.010 
2025-05-23 10:51:03 | INFO |       49.851 ¦     3038           2              0.010 
2025-05-23 10:51:03 | INFO |       49.861 ¦     3039           2              0.010 
2025-05-23 10:51:03 | INFO |       49.871 ¦     3040           2              0.010 
2025-05-23 10:51:03 | INFO |       49.881 ¦     3041           2              0.010 
2025-05-23 10:51:03 | INFO |       49.891 ¦     3042           2              0.010 
2025-05-23 10:51:03 | INFO |       49.901 ¦     3043           2              0.010 
2025-05-23 10:51:03 | INFO |       49.911 ¦     3044           2              0.010 
2025-05-23 10:51:03 | INFO |       49.921 ¦     3045           2              0.010 
2025-05-23 10:51:03 | INFO |       49.931 ¦     3046           2              0.010 
2025-05-23 10:51:03 | INFO |       49.941 ¦     3047           2              0.010 
2025-05-23 10:51:03 | INFO |       49.951 ¦     3048           2              0.010 
2025-05-23 10:51:03 | INFO |       49.961 ¦     3049           2              0.010 
2025-05-23 10:51:03 | INFO |       49.971 ¦     3050           2              0.010 
2025-05-23 10:51:03 | INFO |       49.981 ¦     3051           2              0.010 
2025-05-23 10:51:03 | INFO |       49.991 ¦     3052           2              0.010 
2025-05-23 10:51:03 | INFO |       50.001 ¦     3053           2              0.010 
2025-05-23 10:51:03 | INFO |       50.011 ¦     3054           2              0.010 
2025-05-23 10:51:03 | INFO |       50.021 ¦     3055           2              0.010 
2025-05-23 10:51:03 | INFO |       50.031 ¦     3056           2              0.010 
2025-05-23 10:51:03 | INFO |       50.041 ¦     3057           2              0.010 
2025-05-23 10:51:03 | INFO |       50.051 ¦     3058           2              0.010 
2025-05-23 10:51:03 | INFO |       50.061 ¦     3059           2              0.010 
2025-05-23 10:51:03 | INFO |       50.071 ¦     3060           2              0.010 
2025-05-23 10:51:03 | INFO |       50.081 ¦     3061           2              0.010 
2025-05-23 10:51:03 | INFO |       50.091 ¦     3062           2              0.010 
2025-05-23 10:51:03 | INFO |       50.101 ¦     3063           2              0.010 
2025-05-23 10:51:03 | INFO |       50.111 ¦     3064           2              0.010 
2025-05-23 10:51:03 | INFO |       50.121 ¦     3065           2              0.010 
2025-05-23 10:51:03 | INFO |       50.131 ¦     3066           2              0.010 
2025-05-23 10:51:03 | INFO |       50.141 ¦     3067           2              0.010 
2025-05-23 10:51:03 | INFO |       50.151 ¦     3068           2              0.010 
2025-05-23 10:51:03 | INFO |       50.161 ¦     3069           2              0.010 
2025-05-23 10:51:03 | INFO |       50.171 ¦     3070           2              0.010 
2025-05-23 10:51:03 | INFO |       50.181 ¦     3071           2              0.010 
2025-05-23 10:51:03 | INFO |       50.191 ¦     3072           2              0.010 
2025-05-23 10:51:03 | INFO |       50.201 ¦     3073           2              0.010 
2025-05-23 10:51:03 | INFO |       50.211 ¦     3074           2              0.010 
2025-05-23 10:51:03 | INFO |       50.221 ¦     3075           2              0.010 
2025-05-23 10:51:03 | INFO |       50.231 ¦     3076           2              0.010 
2025-05-23 10:51:03 | INFO |       50.241 ¦     3077           2              0.010 
2025-05-23 10:51:03 | INFO |       50.251 ¦     3078           2              0.010 
2025-05-23 10:51:03 | INFO |       50.261 ¦     3079           2              0.010 
2025-05-23 10:51:03 | INFO |       50.271 ¦     3080           2              0.010 
2025-05-23 10:51:03 | INFO |       50.281 ¦     3081           2              0.010 
2025-05-23 10:51:03 | INFO |       50.291 ¦     3082           2              0.010 
2025-05-23 10:51:03 | INFO |       50.301 ¦     3083           2              0.010 
2025-05-23 10:51:03 | INFO |       50.311 ¦     3084           2              0.010 
2025-05-23 10:51:03 | INFO |       50.321 ¦     3085           2              0.010 
2025-05-23 10:51:03 | INFO |       50.331 ¦     3086           2              0.010 
2025-05-23 10:51:03 | INFO |       50.341 ¦     3087           2              0.010 
2025-05-23 10:51:03 | INFO |       50.351 ¦     3088           2              0.010 
2025-05-23 10:51:03 | INFO |       50.361 ¦     3089           2              0.010 
2025-05-23 10:51:03 | INFO |       50.371 ¦     3090           2              0.010 
2025-05-23 10:51:03 | INFO |       50.381 ¦     3091           2              0.010 
2025-05-23 10:51:03 | INFO |       50.391 ¦     3092           2              0.010 
2025-05-23 10:51:03 | INFO |       50.401 ¦     3093           2              0.010 
2025-05-23 10:51:03 | INFO |       50.411 ¦     3094           2              0.010 
2025-05-23 10:51:03 | INFO |       50.421 ¦     3095           2              0.010 
2025-05-23 10:51:03 | INFO |       50.431 ¦     3096           2              0.010 
2025-05-23 10:51:03 | INFO |       50.441 ¦     3097           2              0.010 
2025-05-23 10:51:03 | INFO |       50.451 ¦     3098           2              0.010 
2025-05-23 10:51:03 | INFO |       50.461 ¦     3099           2              0.010 
2025-05-23 10:51:03 | INFO |       50.471 ¦     3100           2              0.010 
2025-05-23 10:51:03 | INFO |       50.481 ¦     3101           2              0.010 
2025-05-23 10:51:03 | INFO |       50.491 ¦     3102           2              0.010 
2025-05-23 10:51:03 | INFO |       50.501 ¦     3103           2              0.010 
2025-05-23 10:51:03 | INFO |       50.511 ¦     3104           2              0.010 
2025-05-23 10:51:03 | INFO |       50.521 ¦     3105           2              0.010 
2025-05-23 10:51:03 | INFO |       50.531 ¦     3106           2              0.010 
2025-05-23 10:51:03 | INFO |       50.541 ¦     3107           2              0.010 
2025-05-23 10:51:03 | INFO |       50.551 ¦     3108           2              0.010 
2025-05-23 10:51:03 | INFO |       50.561 ¦     3109           2              0.010 
2025-05-23 10:51:03 | INFO |       50.571 ¦     3110           2              0.010 
2025-05-23 10:51:03 | INFO |       50.581 ¦     3111           2              0.010 
2025-05-23 10:51:03 | INFO |       50.591 ¦     3112           2              0.010 
2025-05-23 10:51:03 | INFO |       50.601 ¦     3113           2              0.010 
2025-05-23 10:51:03 | INFO |       50.611 ¦     3114           2              0.010 
2025-05-23 10:51:03 | INFO |       50.621 ¦     3115           2              0.010 
2025-05-23 10:51:03 | INFO |       50.631 ¦     3116           2              0.010 
2025-05-23 10:51:03 | INFO |       50.641 ¦     3117           2              0.010 
2025-05-23 10:51:03 | INFO |       50.651 ¦     3118           2              0.010 
2025-05-23 10:51:03 | INFO |       50.661 ¦     3119           2              0.010 
2025-05-23 10:51:03 | INFO |       50.671 ¦     3120           2              0.010 
2025-05-23 10:51:03 | INFO |       50.681 ¦     3121           2              0.010 
2025-05-23 10:51:03 | INFO |       50.691 ¦     3122           2              0.010 
2025-05-23 10:51:03 | INFO |       50.701 ¦     3123           2              0.010 
2025-05-23 10:51:03 | INFO |       50.711 ¦     3124           2              0.010 
2025-05-23 10:51:03 | INFO |       50.721 ¦     3125           2              0.010 
2025-05-23 10:51:03 | INFO |       50.731 ¦     3126           2              0.010 
2025-05-23 10:51:03 | INFO |       50.741 ¦     3127           2              0.010 
2025-05-23 10:51:03 | INFO |       50.751 ¦     3128           2              0.010 
2025-05-23 10:51:03 | INFO |       50.761 ¦     3129           2              0.010 
2025-05-23 10:51:03 | INFO |       50.771 ¦     3130           2              0.010 
2025-05-23 10:51:03 | INFO |       50.781 ¦     3131           2              0.010 
2025-05-23 10:51:03 | INFO |       50.791 ¦     3132           2              0.010 
2025-05-23 10:51:03 | INFO |       50.801 ¦     3133           2              0.010 
2025-05-23 10:51:03 | INFO |       50.811 ¦     3134           2              0.010 
2025-05-23 10:51:03 | INFO |       50.821 ¦     3135           2              0.010 
2025-05-23 10:51:03 | INFO |       50.831 ¦     3136           2              0.010 
2025-05-23 10:51:03 | INFO |       50.841 ¦     3137           2              0.010 
2025-05-23 10:51:03 | INFO |       50.851 ¦     3138           2              0.010 
2025-05-23 10:51:03 | INFO |       50.861 ¦     3139           2              0.010 
2025-05-23 10:51:03 | INFO |       50.871 ¦     3140           2              0.010 
2025-05-23 10:51:03 | INFO |       50.881 ¦     3141           2              0.010 
2025-05-23 10:51:03 | INFO |       50.891 ¦     3142           2              0.010 
2025-05-23 10:51:03 | INFO |       50.901 ¦     3143           2              0.010 
2025-05-23 10:51:03 | INFO |       50.911 ¦     3144           2              0.010 
2025-05-23 10:51:03 | INFO |       50.921 ¦     3145           2              0.010 
2025-05-23 10:51:03 | INFO |       50.931 ¦     3146           2              0.010 
2025-05-23 10:51:03 | INFO |       50.941 ¦     3147           2              0.010 
2025-05-23 10:51:03 | INFO |       50.951 ¦     3148           2              0.010 
2025-05-23 10:51:03 | INFO |       50.961 ¦     3149           2              0.010 
2025-05-23 10:51:03 | INFO |       50.971 ¦     3150           2              0.010 
2025-05-23 10:51:03 | INFO |       50.981 ¦     3151           2              0.010 
2025-05-23 10:51:03 | INFO |       50.991 ¦     3152           2              0.010 
2025-05-23 10:51:03 | INFO |       51.001 ¦     3153           2              0.010 
2025-05-23 10:51:03 | INFO |       51.011 ¦     3154           2              0.010 
2025-05-23 10:51:03 | INFO |       51.021 ¦     3155           2              0.010 
2025-05-23 10:51:03 | INFO |       51.031 ¦     3156           2              0.010 
2025-05-23 10:51:03 | INFO |       51.041 ¦     3157           2              0.010 
2025-05-23 10:51:03 | INFO |       51.051 ¦     3158           2              0.010 
2025-05-23 10:51:03 | INFO |       51.061 ¦     3159           2              0.010 
2025-05-23 10:51:03 | INFO |       51.071 ¦     3160           2              0.010 
2025-05-23 10:51:03 | INFO |       51.081 ¦     3161           2              0.010 
2025-05-23 10:51:03 | INFO |       51.091 ¦     3162           2              0.010 
2025-05-23 10:51:03 | INFO |       51.101 ¦     3163           2              0.010 
2025-05-23 10:51:03 | INFO |       51.111 ¦     3164           2              0.010 
2025-05-23 10:51:03 | INFO |       51.121 ¦     3165           2              0.010 
2025-05-23 10:51:03 | INFO |       51.131 ¦     3166           2              0.010 
2025-05-23 10:51:03 | INFO |       51.141 ¦     3167           2              0.010 
2025-05-23 10:51:03 | INFO |       51.151 ¦     3168           2              0.010 
2025-05-23 10:51:03 | INFO |       51.161 ¦     3169           2              0.010 
2025-05-23 10:51:03 | INFO |       51.171 ¦     3170           2              0.010 
2025-05-23 10:51:03 | INFO |       51.181 ¦     3171           2              0.010 
2025-05-23 10:51:03 | INFO |       51.191 ¦     3172           2              0.010 
2025-05-23 10:51:03 | INFO |       51.201 ¦     3173           2              0.010 
2025-05-23 10:51:03 | INFO |       51.211 ¦     3174           2              0.010 
2025-05-23 10:51:03 | INFO |       51.221 ¦     3175           2              0.010 
2025-05-23 10:51:03 | INFO |       51.231 ¦     3176           2              0.010 
2025-05-23 10:51:03 | INFO |       51.241 ¦     3177           2              0.010 
2025-05-23 10:51:03 | INFO |       51.251 ¦     3178           2              0.010 
2025-05-23 10:51:03 | INFO |       51.261 ¦     3179           2              0.010 
2025-05-23 10:51:03 | INFO |       51.271 ¦     3180           2              0.010 
2025-05-23 10:51:03 | INFO |       51.281 ¦     3181           2              0.010 
2025-05-23 10:51:03 | INFO |       51.291 ¦     3182           2              0.010 
2025-05-23 10:51:03 | INFO |       51.301 ¦     3183           2              0.010 
2025-05-23 10:51:03 | INFO |       51.311 ¦     3184           2              0.010 
2025-05-23 10:51:03 | INFO |       51.321 ¦     3185           2              0.010 
2025-05-23 10:51:03 | INFO |       51.331 ¦     3186           2              0.010 
2025-05-23 10:51:03 | INFO |       51.341 ¦     3187           2              0.010 
2025-05-23 10:51:03 | INFO |       51.351 ¦     3188           2              0.010 
2025-05-23 10:51:03 | INFO |       51.361 ¦     3189           2              0.010 
2025-05-23 10:51:03 | INFO |       51.371 ¦     3190           2              0.010 
2025-05-23 10:51:03 | INFO |       51.381 ¦     3191           2              0.010 
2025-05-23 10:51:03 | INFO |       51.391 ¦     3192           2              0.010 
2025-05-23 10:51:03 | INFO |       51.401 ¦     3193           2              0.010 
2025-05-23 10:51:03 | INFO |       51.411 ¦     3194           2              0.010 
2025-05-23 10:51:03 | INFO |       51.421 ¦     3195           2              0.010 
2025-05-23 10:51:03 | INFO |       51.431 ¦     3196           2              0.010 
2025-05-23 10:51:03 | INFO |       51.441 ¦     3197           2              0.010 
2025-05-23 10:51:03 | INFO |       51.451 ¦     3198           2              0.010 
2025-05-23 10:51:03 | INFO |       51.461 ¦     3199           2              0.010 
2025-05-23 10:51:03 | INFO |       51.471 ¦     3200           2              0.010 
2025-05-23 10:51:03 | INFO |       51.481 ¦     3201           2              0.010 
2025-05-23 10:51:03 | INFO |       51.491 ¦     3202           2              0.010 
2025-05-23 10:51:03 | INFO |       51.501 ¦     3203           2              0.010 
2025-05-23 10:51:03 | INFO |       51.511 ¦     3204           2              0.010 
2025-05-23 10:51:03 | INFO |       51.521 ¦     3205           2              0.010 
2025-05-23 10:51:03 | INFO |       51.531 ¦     3206           2              0.010 
2025-05-23 10:51:03 | INFO |       51.541 ¦     3207           2              0.010 
2025-05-23 10:51:03 | INFO |       51.551 ¦     3208           2              0.010 
2025-05-23 10:51:03 | INFO |       51.561 ¦     3209           2              0.010 
2025-05-23 10:51:03 | INFO |       51.571 ¦     3210           2              0.010 
2025-05-23 10:51:03 | INFO |       51.581 ¦     3211           2              0.010 
2025-05-23 10:51:03 | INFO |       51.591 ¦     3212           2              0.010 
2025-05-23 10:51:03 | INFO |       51.601 ¦     3213           2              0.010 
2025-05-23 10:51:03 | INFO |       51.611 ¦     3214           2              0.010 
2025-05-23 10:51:03 | INFO |       51.621 ¦     3215           2              0.010 
2025-05-23 10:51:03 | INFO |       51.631 ¦     3216           2              0.010 
2025-05-23 10:51:03 | INFO |       51.641 ¦     3217           2              0.010 
2025-05-23 10:51:03 | INFO |       51.651 ¦     3218           2              0.010 
2025-05-23 10:51:03 | INFO |       51.661 ¦     3219           2              0.010 
2025-05-23 10:51:03 | INFO |       51.671 ¦     3220           2              0.010 
2025-05-23 10:51:03 | INFO |       51.681 ¦     3221           2              0.010 
2025-05-23 10:51:03 | INFO |       51.691 ¦     3222           2              0.010 
2025-05-23 10:51:03 | INFO |       51.701 ¦     3223           2              0.010 
2025-05-23 10:51:03 | INFO |       51.711 ¦     3224           2              0.010 
2025-05-23 10:51:03 | INFO |       51.721 ¦     3225           2              0.010 
2025-05-23 10:51:03 | INFO |       51.731 ¦     3226           2              0.010 
2025-05-23 10:51:03 | INFO |       51.741 ¦     3227           2              0.010 
2025-05-23 10:51:03 | INFO |       51.751 ¦     3228           2              0.010 
2025-05-23 10:51:03 | INFO |       51.761 ¦     3229           2              0.010 
2025-05-23 10:51:03 | INFO |       51.771 ¦     3230           2              0.010 
2025-05-23 10:51:03 | INFO |       51.781 ¦     3231           2              0.010 
2025-05-23 10:51:03 | INFO |       51.791 ¦     3232           2              0.010 
2025-05-23 10:51:03 | INFO |       51.801 ¦     3233           2              0.010 
2025-05-23 10:51:03 | INFO |       51.811 ¦     3234           2              0.010 
2025-05-23 10:51:03 | INFO |       51.821 ¦     3235           2              0.010 
2025-05-23 10:51:03 | INFO |       51.831 ¦     3236           2              0.010 
2025-05-23 10:51:03 | INFO |       51.841 ¦     3237           2              0.010 
2025-05-23 10:51:03 | INFO |       51.851 ¦     3238           2              0.010 
2025-05-23 10:51:03 | INFO |       51.861 ¦     3239           2              0.010 
2025-05-23 10:51:03 | INFO |       51.871 ¦     3240           2              0.010 
2025-05-23 10:51:03 | INFO |       51.881 ¦     3241           2              0.010 
2025-05-23 10:51:03 | INFO |       51.891 ¦     3242           2              0.010 
2025-05-23 10:51:03 | INFO |       51.901 ¦     3243           2              0.010 
2025-05-23 10:51:03 | INFO |       51.911 ¦     3244           2              0.010 
2025-05-23 10:51:03 | INFO |       51.921 ¦     3245           2              0.010 
2025-05-23 10:51:03 | INFO |       51.931 ¦     3246           2              0.010 
2025-05-23 10:51:03 | INFO |       51.941 ¦     3247           2              0.010 
2025-05-23 10:51:03 | INFO |       51.951 ¦     3248           2              0.010 
2025-05-23 10:51:03 | INFO |       51.961 ¦     3249           2              0.010 
2025-05-23 10:51:03 | INFO |       51.971 ¦     3250           2              0.010 
2025-05-23 10:51:03 | INFO |       51.981 ¦     3251           2              0.010 
2025-05-23 10:51:03 | INFO |       51.991 ¦     3252           2              0.010 
2025-05-23 10:51:03 | INFO |       52.001 ¦     3253           2              0.010 
2025-05-23 10:51:03 | INFO |       52.011 ¦     3254           2              0.010 
2025-05-23 10:51:03 | INFO |       52.021 ¦     3255           2              0.010 
2025-05-23 10:51:03 | INFO |       52.031 ¦     3256           2              0.010 
2025-05-23 10:51:03 | INFO |       52.041 ¦     3257           2              0.010 
2025-05-23 10:51:03 | INFO |       52.051 ¦     3258           2              0.010 
2025-05-23 10:51:03 | INFO |       52.061 ¦     3259           2              0.010 
2025-05-23 10:51:03 | INFO |       52.071 ¦     3260           2              0.010 
2025-05-23 10:51:03 | INFO |       52.081 ¦     3261           2              0.010 
2025-05-23 10:51:03 | INFO |       52.091 ¦     3262           2              0.010 
2025-05-23 10:51:03 | INFO |       52.101 ¦     3263           2              0.010 
2025-05-23 10:51:03 | INFO |       52.111 ¦     3264           2              0.010 
2025-05-23 10:51:03 | INFO |       52.121 ¦     3265           2              0.010 
2025-05-23 10:51:03 | INFO |       52.131 ¦     3266           2              0.010 
2025-05-23 10:51:03 | INFO |       52.141 ¦     3267           2              0.010 
2025-05-23 10:51:03 | INFO |       52.151 ¦     3268           2              0.010 
2025-05-23 10:51:03 | INFO |       52.161 ¦     3269           2              0.010 
2025-05-23 10:51:03 | INFO |       52.171 ¦     3270           2              0.010 
2025-05-23 10:51:03 | INFO |       52.181 ¦     3271           2              0.010 
2025-05-23 10:51:03 | INFO |       52.191 ¦     3272           2              0.010 
2025-05-23 10:51:03 | INFO |       52.201 ¦     3273           2              0.010 
2025-05-23 10:51:03 | INFO |       52.211 ¦     3274           2              0.010 
2025-05-23 10:51:03 | INFO |       52.221 ¦     3275           2              0.010 
2025-05-23 10:51:03 | INFO |       52.231 ¦     3276           2              0.010 
2025-05-23 10:51:03 | INFO |       52.241 ¦     3277           2              0.010 
2025-05-23 10:51:03 | INFO |       52.251 ¦     3278           2              0.010 
2025-05-23 10:51:03 | INFO |       52.261 ¦     3279           2              0.010 
2025-05-23 10:51:03 | INFO |       52.271 ¦     3280           2              0.010 
2025-05-23 10:51:03 | INFO |       52.281 ¦     3281           2              0.010 
2025-05-23 10:51:03 | INFO |       52.291 ¦     3282           2              0.010 
2025-05-23 10:51:03 | INFO |       52.301 ¦     3283           2              0.010 
2025-05-23 10:51:03 | INFO |       52.311 ¦     3284           2              0.010 
2025-05-23 10:51:03 | INFO |       52.321 ¦     3285           2              0.010 
2025-05-23 10:51:03 | INFO |       52.331 ¦     3286           2              0.010 
2025-05-23 10:51:03 | INFO |       52.341 ¦     3287           2              0.010 
2025-05-23 10:51:03 | INFO |       52.351 ¦     3288           2              0.010 
2025-05-23 10:51:03 | INFO |       52.361 ¦     3289           2              0.010 
2025-05-23 10:51:03 | INFO |       52.371 ¦     3290           2              0.010 
2025-05-23 10:51:03 | INFO |       52.381 ¦     3291           2              0.010 
2025-05-23 10:51:03 | INFO |       52.391 ¦     3292           2              0.010 
2025-05-23 10:51:03 | INFO |       52.401 ¦     3293           2              0.010 
2025-05-23 10:51:03 | INFO |       52.411 ¦     3294           2              0.010 
2025-05-23 10:51:03 | INFO |       52.421 ¦     3295           2              0.010 
2025-05-23 10:51:03 | INFO |       52.431 ¦     3296           2              0.010 
2025-05-23 10:51:03 | INFO |       52.441 ¦     3297           2              0.010 
2025-05-23 10:51:03 | INFO |       52.451 ¦     3298           2              0.010 
2025-05-23 10:51:03 | INFO |       52.461 ¦     3299           2              0.010 
2025-05-23 10:51:03 | INFO |       52.471 ¦     3300           2              0.010 
2025-05-23 10:51:03 | INFO |       52.481 ¦     3301           2              0.010 
2025-05-23 10:51:03 | INFO |       52.491 ¦     3302           2              0.010 
2025-05-23 10:51:03 | INFO |       52.501 ¦     3303           2              0.010 
2025-05-23 10:51:03 | INFO |       52.511 ¦     3304           2              0.010 
2025-05-23 10:51:03 | INFO |       52.521 ¦     3305           2              0.010 
2025-05-23 10:51:03 | INFO |       52.531 ¦     3306           2              0.010 
2025-05-23 10:51:03 | INFO |       52.541 ¦     3307           2              0.010 
2025-05-23 10:51:03 | INFO |       52.551 ¦     3308           2              0.010 
2025-05-23 10:51:03 | INFO |       52.561 ¦     3309           2              0.010 
2025-05-23 10:51:03 | INFO |       52.571 ¦     3310           2              0.010 
2025-05-23 10:51:03 | INFO |       52.581 ¦     3311           2              0.010 
2025-05-23 10:51:03 | INFO |       52.591 ¦     3312           2              0.010 
2025-05-23 10:51:03 | INFO |       52.601 ¦     3313           2              0.010 
2025-05-23 10:51:03 | INFO |       52.611 ¦     3314           2              0.010 
2025-05-23 10:51:03 | INFO |       52.621 ¦     3315           2              0.010 
2025-05-23 10:51:03 | INFO |       52.631 ¦     3316           2              0.010 
2025-05-23 10:51:03 | INFO |       52.641 ¦     3317           2              0.010 
2025-05-23 10:51:03 | INFO |       52.651 ¦     3318           2              0.010 
2025-05-23 10:51:03 | INFO |       52.661 ¦     3319           2              0.010 
2025-05-23 10:51:03 | INFO |       52.671 ¦     3320           2              0.010 
2025-05-23 10:51:03 | INFO |       52.681 ¦     3321           2              0.010 
2025-05-23 10:51:03 | INFO |       52.691 ¦     3322           2              0.010 
2025-05-23 10:51:03 | INFO |       52.701 ¦     3323           2              0.010 
2025-05-23 10:51:03 | INFO |       52.711 ¦     3324           2              0.010 
2025-05-23 10:51:03 | INFO |       52.721 ¦     3325           2              0.010 
2025-05-23 10:51:03 | INFO |       52.731 ¦     3326           2              0.010 
2025-05-23 10:51:03 | INFO |       52.741 ¦     3327           2              0.010 
2025-05-23 10:51:03 | INFO |       52.751 ¦     3328           2              0.010 
2025-05-23 10:51:03 | INFO |       52.761 ¦     3329           2              0.010 
2025-05-23 10:51:03 | INFO |       52.771 ¦     3330           2              0.010 
2025-05-23 10:51:03 | INFO |       52.781 ¦     3331           2              0.010 
2025-05-23 10:51:03 | INFO |       52.791 ¦     3332           2              0.010 
2025-05-23 10:51:03 | INFO |       52.801 ¦     3333           2              0.010 
2025-05-23 10:51:03 | INFO |       52.811 ¦     3334           2              0.010 
2025-05-23 10:51:03 | INFO |       52.821 ¦     3335           2              0.010 
2025-05-23 10:51:03 | INFO |       52.831 ¦     3336           2              0.010 
2025-05-23 10:51:03 | INFO |       52.841 ¦     3337           2              0.010 
2025-05-23 10:51:03 | INFO |       52.851 ¦     3338           2              0.010 
2025-05-23 10:51:03 | INFO |       52.861 ¦     3339           2              0.010 
2025-05-23 10:51:03 | INFO |       52.871 ¦     3340           2              0.010 
2025-05-23 10:51:03 | INFO |       52.881 ¦     3341           2              0.010 
2025-05-23 10:51:03 | INFO |       52.891 ¦     3342           2              0.010 
2025-05-23 10:51:03 | INFO |       52.901 ¦     3343           2              0.010 
2025-05-23 10:51:03 | INFO |       52.911 ¦     3344           2              0.010 
2025-05-23 10:51:03 | INFO |       52.921 ¦     3345           2              0.010 
2025-05-23 10:51:03 | INFO |       52.931 ¦     3346           2              0.010 
2025-05-23 10:51:03 | INFO |       52.941 ¦     3347           2              0.010 
2025-05-23 10:51:03 | INFO |       52.951 ¦     3348           2              0.010 
2025-05-23 10:51:03 | INFO |       52.961 ¦     3349           2              0.010 
2025-05-23 10:51:03 | INFO |       52.971 ¦     3350           2              0.010 
2025-05-23 10:51:03 | INFO |       52.981 ¦     3351           2              0.010 
2025-05-23 10:51:03 | INFO |       52.991 ¦     3352           2              0.010 
2025-05-23 10:51:03 | INFO |       53.001 ¦     3353           2              0.010 
2025-05-23 10:51:03 | INFO |       53.011 ¦     3354           2              0.010 
2025-05-23 10:51:03 | INFO |       53.021 ¦     3355           2              0.010 
2025-05-23 10:51:03 | INFO |       53.031 ¦     3356           2              0.010 
2025-05-23 10:51:03 | INFO |       53.041 ¦     3357           2              0.010 
2025-05-23 10:51:03 | INFO |       53.051 ¦     3358           2              0.010 
2025-05-23 10:51:03 | INFO |       53.061 ¦     3359           2              0.010 
2025-05-23 10:51:03 | INFO |       53.071 ¦     3360           2              0.010 
2025-05-23 10:51:03 | INFO |       53.081 ¦     3361           2              0.010 
2025-05-23 10:51:03 | INFO |       53.091 ¦     3362           2              0.010 
2025-05-23 10:51:03 | INFO |       53.101 ¦     3363           2              0.010 
2025-05-23 10:51:03 | INFO |       53.111 ¦     3364           2              0.010 
2025-05-23 10:51:03 | INFO |       53.121 ¦     3365           2              0.010 
2025-05-23 10:51:03 | INFO |       53.131 ¦     3366           2              0.010 
2025-05-23 10:51:03 | INFO |       53.141 ¦     3367           2              0.010 
2025-05-23 10:51:03 | INFO |       53.151 ¦     3368           2              0.010 
2025-05-23 10:51:03 | INFO |       53.161 ¦     3369           2              0.010 
2025-05-23 10:51:03 | INFO |       53.171 ¦     3370           2              0.010 
2025-05-23 10:51:03 | INFO |       53.181 ¦     3371           2              0.010 
2025-05-23 10:51:03 | INFO |       53.191 ¦     3372           2              0.010 
2025-05-23 10:51:03 | INFO |       53.201 ¦     3373           2              0.010 
2025-05-23 10:51:03 | INFO |       53.211 ¦     3374           2              0.010 
2025-05-23 10:51:03 | INFO |       53.221 ¦     3375           2              0.010 
2025-05-23 10:51:03 | INFO |       53.231 ¦     3376           2              0.010 
2025-05-23 10:51:03 | INFO |       53.241 ¦     3377           2              0.010 
2025-05-23 10:51:03 | INFO |       53.251 ¦     3378           2              0.010 
2025-05-23 10:51:03 | INFO |       53.261 ¦     3379           2              0.010 
2025-05-23 10:51:03 | INFO |       53.271 ¦     3380           2              0.010 
2025-05-23 10:51:03 | INFO |       53.281 ¦     3381           2              0.010 
2025-05-23 10:51:03 | INFO |       53.291 ¦     3382           2              0.010 
2025-05-23 10:51:03 | INFO |       53.301 ¦     3383           2              0.010 
2025-05-23 10:51:03 | INFO |       53.311 ¦     3384           2              0.010 
2025-05-23 10:51:03 | INFO |       53.321 ¦     3385           2              0.010 
2025-05-23 10:51:03 | INFO |       53.331 ¦     3386           2              0.010 
2025-05-23 10:51:03 | INFO |       53.341 ¦     3387           2              0.010 
2025-05-23 10:51:03 | INFO |       53.351 ¦     3388           2              0.010 
2025-05-23 10:51:03 | INFO |       53.361 ¦     3389           2              0.010 
2025-05-23 10:51:03 | INFO |       53.371 ¦     3390           2              0.010 
2025-05-23 10:51:03 | INFO |       53.381 ¦     3391           2              0.010 
2025-05-23 10:51:03 | INFO |       53.391 ¦     3392           2              0.010 
2025-05-23 10:51:03 | INFO |       53.401 ¦     3393           2              0.010 
2025-05-23 10:51:03 | INFO |       53.411 ¦     3394           2              0.010 
2025-05-23 10:51:03 | INFO |       53.421 ¦     3395           2              0.010 
2025-05-23 10:51:03 | INFO |       53.431 ¦     3396           2              0.010 
2025-05-23 10:51:03 | INFO |       53.441 ¦     3397           2              0.010 
2025-05-23 10:51:03 | INFO |       53.451 ¦     3398           2              0.010 
2025-05-23 10:51:03 | INFO |       53.461 ¦     3399           2              0.010 
2025-05-23 10:51:03 | INFO |       53.471 ¦     3400           2              0.010 
2025-05-23 10:51:03 | INFO |       53.481 ¦     3401           2              0.010 
2025-05-23 10:51:03 | INFO |       53.491 ¦     3402           2              0.010 
2025-05-23 10:51:03 | INFO |       53.501 ¦     3403           2              0.010 
2025-05-23 10:51:03 | INFO |       53.511 ¦     3404           2              0.010 
2025-05-23 10:51:03 | INFO |       53.521 ¦     3405           2              0.010 
2025-05-23 10:51:03 | INFO |       53.531 ¦     3406           2              0.010 
2025-05-23 10:51:03 | INFO |       53.541 ¦     3407           2              0.010 
2025-05-23 10:51:03 | INFO |       53.551 ¦     3408           2              0.010 
2025-05-23 10:51:03 | INFO |       53.561 ¦     3409           2              0.010 
2025-05-23 10:51:03 | INFO |       53.571 ¦     3410           2              0.010 
2025-05-23 10:51:03 | INFO |       53.581 ¦     3411           2              0.010 
2025-05-23 10:51:03 | INFO |       53.591 ¦     3412           2              0.010 
2025-05-23 10:51:03 | INFO |       53.601 ¦     3413           2              0.010 
2025-05-23 10:51:03 | INFO |       53.611 ¦     3414           2              0.010 
2025-05-23 10:51:03 | INFO |       53.621 ¦     3415           2              0.010 
2025-05-23 10:51:03 | INFO |       53.631 ¦     3416           2              0.010 
2025-05-23 10:51:03 | INFO |       53.641 ¦     3417           2              0.010 
2025-05-23 10:51:03 | INFO |       53.651 ¦     3418           2              0.010 
2025-05-23 10:51:03 | INFO |       53.661 ¦     3419           2              0.010 
2025-05-23 10:51:03 | INFO |       53.671 ¦     3420           2              0.010 
2025-05-23 10:51:03 | INFO |       53.681 ¦     3421           2              0.010 
2025-05-23 10:51:03 | INFO |       53.691 ¦     3422           2              0.010 
2025-05-23 10:51:03 | INFO |       53.701 ¦     3423           2              0.010 
2025-05-23 10:51:03 | INFO |       53.711 ¦     3424           2              0.010 
2025-05-23 10:51:03 | INFO |       53.721 ¦     3425           2              0.010 
2025-05-23 10:51:03 | INFO |       53.731 ¦     3426           2              0.010 
2025-05-23 10:51:03 | INFO |       53.741 ¦     3427           2              0.010 
2025-05-23 10:51:03 | INFO |       53.751 ¦     3428           2              0.010 
2025-05-23 10:51:03 | INFO |       53.761 ¦     3429           2              0.010 
2025-05-23 10:51:03 | INFO |       53.771 ¦     3430           2              0.010 
2025-05-23 10:51:03 | INFO |       53.781 ¦     3431           2              0.010 
2025-05-23 10:51:03 | INFO |       53.791 ¦     3432           2              0.010 
2025-05-23 10:51:03 | INFO |       53.801 ¦     3433           2              0.010 
2025-05-23 10:51:03 | INFO |       53.811 ¦     3434           2              0.010 
2025-05-23 10:51:03 | INFO |       53.821 ¦     3435           2              0.010 
2025-05-23 10:51:03 | INFO |       53.831 ¦     3436           2              0.010 
2025-05-23 10:51:03 | INFO |       53.841 ¦     3437           2              0.010 
2025-05-23 10:51:03 | INFO |       53.851 ¦     3438           2              0.010 
2025-05-23 10:51:03 | INFO |       53.861 ¦     3439           2              0.010 
2025-05-23 10:51:03 | INFO |       53.871 ¦     3440           2              0.010 
2025-05-23 10:51:03 | INFO |       53.881 ¦     3441           2              0.010 
2025-05-23 10:51:03 | INFO |       53.891 ¦     3442           2              0.010 
2025-05-23 10:51:03 | INFO |       53.901 ¦     3443           2              0.010 
2025-05-23 10:51:03 | INFO |       53.911 ¦     3444           2              0.010 
2025-05-23 10:51:03 | INFO |       53.921 ¦     3445           2              0.010 
2025-05-23 10:51:03 | INFO |       53.931 ¦     3446           2              0.010 
2025-05-23 10:51:03 | INFO |       53.941 ¦     3447           2              0.010 
2025-05-23 10:51:03 | INFO |       53.951 ¦     3448           2              0.010 
2025-05-23 10:51:03 | INFO |       53.961 ¦     3449           2              0.010 
2025-05-23 10:51:03 | INFO |       53.971 ¦     3450           2              0.010 
2025-05-23 10:51:03 | INFO |       53.981 ¦     3451           2              0.010 
2025-05-23 10:51:03 | INFO |       53.991 ¦     3452           2              0.010 
2025-05-23 10:51:03 | INFO |       54.001 ¦     3453           2              0.010 
2025-05-23 10:51:03 | INFO |       54.011 ¦     3454           2              0.010 
2025-05-23 10:51:03 | INFO |       54.021 ¦     3455           2              0.010 
2025-05-23 10:51:03 | INFO |       54.031 ¦     3456           2              0.010 
2025-05-23 10:51:03 | INFO |       54.041 ¦     3457           2              0.010 
2025-05-23 10:51:03 | INFO |       54.051 ¦     3458           2              0.010 
2025-05-23 10:51:03 | INFO |       54.061 ¦     3459           2              0.010 
2025-05-23 10:51:03 | INFO |       54.071 ¦     3460           2              0.010 
2025-05-23 10:51:03 | INFO |       54.081 ¦     3461           2              0.010 
2025-05-23 10:51:03 | INFO |       54.091 ¦     3462           2              0.010 
2025-05-23 10:51:03 | INFO |       54.101 ¦     3463           2              0.010 
2025-05-23 10:51:03 | INFO |       54.111 ¦     3464           2              0.010 
2025-05-23 10:51:03 | INFO |       54.121 ¦     3465           2              0.010 
2025-05-23 10:51:03 | INFO |       54.131 ¦     3466           2              0.010 
2025-05-23 10:51:03 | INFO |       54.141 ¦     3467           2              0.010 
2025-05-23 10:51:03 | INFO |       54.151 ¦     3468           2              0.010 
2025-05-23 10:51:03 | INFO |       54.161 ¦     3469           2              0.010 
2025-05-23 10:51:03 | INFO |       54.171 ¦     3470           2              0.010 
2025-05-23 10:51:03 | INFO |       54.181 ¦     3471           2              0.010 
2025-05-23 10:51:03 | INFO |       54.191 ¦     3472           2              0.010 
2025-05-23 10:51:03 | INFO |       54.201 ¦     3473           2              0.010 
2025-05-23 10:51:03 | INFO |       54.211 ¦     3474           2              0.010 
2025-05-23 10:51:03 | INFO |       54.221 ¦     3475           2              0.010 
2025-05-23 10:51:03 | INFO |       54.231 ¦     3476           2              0.010 
2025-05-23 10:51:03 | INFO |       54.241 ¦     3477           2              0.010 
2025-05-23 10:51:03 | INFO |       54.251 ¦     3478           2              0.010 
2025-05-23 10:51:03 | INFO |       54.261 ¦     3479           2              0.010 
2025-05-23 10:51:03 | INFO |       54.271 ¦     3480           2              0.010 
2025-05-23 10:51:03 | INFO |       54.281 ¦     3481           2              0.010 
2025-05-23 10:51:03 | INFO |       54.291 ¦     3482           2              0.010 
2025-05-23 10:51:03 | INFO |       54.301 ¦     3483           2              0.010 
2025-05-23 10:51:03 | INFO |       54.311 ¦     3484           2              0.010 
2025-05-23 10:51:03 | INFO |       54.321 ¦     3485           2              0.010 
2025-05-23 10:51:03 | INFO |       54.331 ¦     3486           2              0.010 
2025-05-23 10:51:03 | INFO |       54.341 ¦     3487           2              0.010 
2025-05-23 10:51:03 | INFO |       54.351 ¦     3488           2              0.010 
2025-05-23 10:51:03 | INFO |       54.361 ¦     3489           2              0.010 
2025-05-23 10:51:03 | INFO |       54.371 ¦     3490           2              0.010 
2025-05-23 10:51:03 | INFO |       54.381 ¦     3491           2              0.010 
2025-05-23 10:51:03 | INFO |       54.391 ¦     3492           2              0.010 
2025-05-23 10:51:03 | INFO |       54.401 ¦     3493           2              0.010 
2025-05-23 10:51:03 | INFO |       54.411 ¦     3494           2              0.010 
2025-05-23 10:51:03 | INFO |       54.421 ¦     3495           2              0.010 
2025-05-23 10:51:03 | INFO |       54.431 ¦     3496           2              0.010 
2025-05-23 10:51:03 | INFO |       54.441 ¦     3497           2              0.010 
2025-05-23 10:51:03 | INFO |       54.451 ¦     3498           2              0.010 
2025-05-23 10:51:03 | INFO |       54.461 ¦     3499           2              0.010 
2025-05-23 10:51:03 | INFO |       54.471 ¦     3500           2              0.010 
2025-05-23 10:51:03 | INFO |       54.481 ¦     3501           2              0.010 
2025-05-23 10:51:03 | INFO |       54.491 ¦     3502           2              0.010 
2025-05-23 10:51:03 | INFO |       54.501 ¦     3503           2              0.010 
2025-05-23 10:51:03 | INFO |       54.511 ¦     3504           2              0.010 
2025-05-23 10:51:03 | INFO |       54.521 ¦     3505           2              0.010 
2025-05-23 10:51:03 | INFO |       54.531 ¦     3506           2              0.010 
2025-05-23 10:51:03 | INFO |       54.541 ¦     3507           2              0.010 
2025-05-23 10:51:03 | INFO |       54.551 ¦     3508           2              0.010 
2025-05-23 10:51:03 | INFO |       54.561 ¦     3509           2              0.010 
2025-05-23 10:51:03 | INFO |       54.571 ¦     3510           2              0.010 
2025-05-23 10:51:03 | INFO |       54.581 ¦     3511           2              0.010 
2025-05-23 10:51:03 | INFO |       54.591 ¦     3512           2              0.010 
2025-05-23 10:51:03 | INFO |       54.601 ¦     3513           2              0.010 
2025-05-23 10:51:03 | INFO |       54.611 ¦     3514           2              0.010 
2025-05-23 10:51:03 | INFO |       54.621 ¦     3515           2              0.010 
2025-05-23 10:51:03 | INFO |       54.631 ¦     3516           2              0.010 
2025-05-23 10:51:03 | INFO |       54.641 ¦     3517           2              0.010 
2025-05-23 10:51:03 | INFO |       54.651 ¦     3518           2              0.010 
2025-05-23 10:51:03 | INFO |       54.661 ¦     3519           2              0.010 
2025-05-23 10:51:03 | INFO |       54.671 ¦     3520           2              0.010 
2025-05-23 10:51:03 | INFO |       54.681 ¦     3521           2              0.010 
2025-05-23 10:51:03 | INFO |       54.691 ¦     3522           2              0.010 
2025-05-23 10:51:03 | INFO |       54.701 ¦     3523           2              0.010 
2025-05-23 10:51:03 | INFO |       54.711 ¦     3524           2              0.010 
2025-05-23 10:51:03 | INFO |       54.721 ¦     3525           2              0.010 
2025-05-23 10:51:03 | INFO |       54.731 ¦     3526           2              0.010 
2025-05-23 10:51:03 | INFO |       54.741 ¦     3527           2              0.010 
2025-05-23 10:51:03 | INFO |       54.751 ¦     3528           2              0.010 
2025-05-23 10:51:03 | INFO |       54.761 ¦     3529           2              0.010 
2025-05-23 10:51:03 | INFO |       54.771 ¦     3530           2              0.010 
2025-05-23 10:51:03 | INFO |       54.781 ¦     3531           2              0.010 
2025-05-23 10:51:03 | INFO |       54.791 ¦     3532           2              0.010 
2025-05-23 10:51:03 | INFO |       54.801 ¦     3533           2              0.010 
2025-05-23 10:51:03 | INFO |       54.811 ¦     3534           2              0.010 
2025-05-23 10:51:03 | INFO |       54.821 ¦     3535           2              0.010 
2025-05-23 10:51:03 | INFO |       54.831 ¦     3536           2              0.010 
2025-05-23 10:51:03 | INFO |       54.841 ¦     3537           2              0.010 
2025-05-23 10:51:03 | INFO |       54.851 ¦     3538           2              0.010 
2025-05-23 10:51:03 | INFO |       54.861 ¦     3539           2              0.010 
2025-05-23 10:51:03 | INFO |       54.871 ¦     3540           2              0.010 
2025-05-23 10:51:03 | INFO |       54.881 ¦     3541           2              0.010 
2025-05-23 10:51:03 | INFO |       54.891 ¦     3542           2              0.010 
2025-05-23 10:51:03 | INFO |       54.901 ¦     3543           2              0.010 
2025-05-23 10:51:03 | INFO |       54.911 ¦     3544           2              0.010 
2025-05-23 10:51:03 | INFO |       54.921 ¦     3545           2              0.010 
2025-05-23 10:51:03 | INFO |       54.931 ¦     3546           2              0.010 
2025-05-23 10:51:03 | INFO |       54.941 ¦     3547           2              0.010 
2025-05-23 10:51:03 | INFO |       54.951 ¦     3548           2              0.010 
2025-05-23 10:51:03 | INFO |       54.961 ¦     3549           2              0.010 
2025-05-23 10:51:03 | INFO |       54.971 ¦     3550           2              0.010 
2025-05-23 10:51:03 | INFO |       54.981 ¦     3551           2              0.010 
2025-05-23 10:51:03 | INFO |       54.991 ¦     3552           2              0.010 
2025-05-23 10:51:03 | INFO |       55.001 ¦     3553           2              0.010 
2025-05-23 10:51:03 | INFO |       55.011 ¦     3554           2              0.010 
2025-05-23 10:51:03 | INFO |       55.021 ¦     3555           2              0.010 
2025-05-23 10:51:03 | INFO |       55.031 ¦     3556           2              0.010 
2025-05-23 10:51:03 | INFO |       55.041 ¦     3557           2              0.010 
2025-05-23 10:51:03 | INFO |       55.051 ¦     3558           2              0.010 
2025-05-23 10:51:03 | INFO |       55.061 ¦     3559           2              0.010 
2025-05-23 10:51:03 | INFO |       55.071 ¦     3560           2              0.010 
2025-05-23 10:51:03 | INFO |       55.081 ¦     3561           2              0.010 
2025-05-23 10:51:03 | INFO |       55.091 ¦     3562           2              0.010 
2025-05-23 10:51:03 | INFO |       55.101 ¦     3563           2              0.010 
2025-05-23 10:51:03 | INFO |       55.111 ¦     3564           2              0.010 
2025-05-23 10:51:03 | INFO |       55.121 ¦     3565           2              0.010 
2025-05-23 10:51:03 | INFO |       55.131 ¦     3566           2              0.010 
2025-05-23 10:51:03 | INFO |       55.141 ¦     3567           2              0.010 
2025-05-23 10:51:03 | INFO |       55.151 ¦     3568           2              0.010 
2025-05-23 10:51:03 | INFO |       55.161 ¦     3569           2              0.010 
2025-05-23 10:51:03 | INFO |       55.171 ¦     3570           2              0.010 
2025-05-23 10:51:03 | INFO |       55.181 ¦     3571           2              0.010 
2025-05-23 10:51:03 | INFO |       55.191 ¦     3572           2              0.010 
2025-05-23 10:51:03 | INFO |       55.201 ¦     3573           2              0.010 
2025-05-23 10:51:03 | INFO |       55.211 ¦     3574           2              0.010 
2025-05-23 10:51:03 | INFO |       55.221 ¦     3575           2              0.010 
2025-05-23 10:51:03 | INFO |       55.231 ¦     3576           2              0.010 
2025-05-23 10:51:03 | INFO |       55.241 ¦     3577           2              0.010 
2025-05-23 10:51:03 | INFO |       55.251 ¦     3578           2              0.010 
2025-05-23 10:51:03 | INFO |       55.261 ¦     3579           2              0.010 
2025-05-23 10:51:03 | INFO |       55.271 ¦     3580           2              0.010 
2025-05-23 10:51:03 | INFO |       55.281 ¦     3581           2              0.010 
2025-05-23 10:51:03 | INFO |       55.291 ¦     3582           2              0.010 
2025-05-23 10:51:03 | INFO |       55.301 ¦     3583           2              0.010 
2025-05-23 10:51:03 | INFO |       55.311 ¦     3584           2              0.010 
2025-05-23 10:51:03 | INFO |       55.321 ¦     3585           2              0.010 
2025-05-23 10:51:03 | INFO |       55.331 ¦     3586           2              0.010 
2025-05-23 10:51:03 | INFO |       55.341 ¦     3587           2              0.010 
2025-05-23 10:51:03 | INFO |       55.351 ¦     3588           2              0.010 
2025-05-23 10:51:03 | INFO |       55.361 ¦     3589           2              0.010 
2025-05-23 10:51:03 | INFO |       55.371 ¦     3590           2              0.010 
2025-05-23 10:51:03 | INFO |       55.381 ¦     3591           2              0.010 
2025-05-23 10:51:03 | INFO |       55.391 ¦     3592           2              0.010 
2025-05-23 10:51:03 | INFO |       55.401 ¦     3593           2              0.010 
2025-05-23 10:51:03 | INFO |       55.411 ¦     3594           2              0.010 
2025-05-23 10:51:03 | INFO |       55.421 ¦     3595           2              0.010 
2025-05-23 10:51:03 | INFO |       55.431 ¦     3596           2              0.010 
2025-05-23 10:51:03 | INFO |       55.441 ¦     3597           2              0.010 
2025-05-23 10:51:03 | INFO |       55.451 ¦     3598           2              0.010 
2025-05-23 10:51:03 | INFO |       55.461 ¦     3599           2              0.010 
2025-05-23 10:51:03 | INFO |       55.471 ¦     3600           2              0.010 
2025-05-23 10:51:03 | INFO |       55.481 ¦     3601           2              0.010 
2025-05-23 10:51:03 | INFO |       55.491 ¦     3602           2              0.010 
2025-05-23 10:51:03 | INFO |       55.501 ¦     3603           2              0.010 
2025-05-23 10:51:03 | INFO |       55.511 ¦     3604           2              0.010 
2025-05-23 10:51:03 | INFO |       55.521 ¦     3605           2              0.010 
2025-05-23 10:51:03 | INFO |       55.531 ¦     3606           2              0.010 
2025-05-23 10:51:03 | INFO |       55.541 ¦     3607           2              0.010 
2025-05-23 10:51:03 | INFO |       55.551 ¦     3608           2              0.010 
2025-05-23 10:51:03 | INFO |       55.561 ¦     3609           2              0.010 
2025-05-23 10:51:03 | INFO |       55.571 ¦     3610           2              0.010 
2025-05-23 10:51:03 | INFO |       55.581 ¦     3611           2              0.010 
2025-05-23 10:51:03 | INFO |       55.591 ¦     3612           2              0.010 
2025-05-23 10:51:03 | INFO |       55.601 ¦     3613           2              0.010 
2025-05-23 10:51:03 | INFO |       55.611 ¦     3614           2              0.010 
2025-05-23 10:51:03 | INFO |       55.621 ¦     3615           2              0.010 
2025-05-23 10:51:03 | INFO |       55.631 ¦     3616           2              0.010 
2025-05-23 10:51:03 | INFO |       55.641 ¦     3617           2              0.010 
2025-05-23 10:51:03 | INFO |       55.651 ¦     3618           2              0.010 
2025-05-23 10:51:03 | INFO |       55.661 ¦     3619           2              0.010 
2025-05-23 10:51:03 | INFO |       55.671 ¦     3620           2              0.010 
2025-05-23 10:51:03 | INFO |       55.681 ¦     3621           2              0.010 
2025-05-23 10:51:03 | INFO |       55.691 ¦     3622           2              0.010 
2025-05-23 10:51:03 | INFO |       55.701 ¦     3623           2              0.010 
2025-05-23 10:51:03 | INFO |       55.711 ¦     3624           2              0.010 
2025-05-23 10:51:03 | INFO |       55.721 ¦     3625           2              0.010 
2025-05-23 10:51:03 | INFO |       55.731 ¦     3626           2              0.010 
2025-05-23 10:51:03 | INFO |       55.741 ¦     3627           2              0.010 
2025-05-23 10:51:03 | INFO |       55.751 ¦     3628           2              0.010 
2025-05-23 10:51:03 | INFO |       55.761 ¦     3629           2              0.010 
2025-05-23 10:51:03 | INFO |       55.771 ¦     3630           2              0.010 
2025-05-23 10:51:03 | INFO |       55.781 ¦     3631           2              0.010 
2025-05-23 10:51:03 | INFO |       55.791 ¦     3632           2              0.010 
2025-05-23 10:51:03 | INFO |       55.801 ¦     3633           2              0.010 
2025-05-23 10:51:03 | INFO |       55.811 ¦     3634           2              0.010 
2025-05-23 10:51:03 | INFO |       55.821 ¦     3635           2              0.010 
2025-05-23 10:51:03 | INFO |       55.831 ¦     3636           2              0.010 
2025-05-23 10:51:03 | INFO |       55.841 ¦     3637           2              0.010 
2025-05-23 10:51:03 | INFO |       55.851 ¦     3638           2              0.010 
2025-05-23 10:51:03 | INFO |       55.861 ¦     3639           2              0.010 
2025-05-23 10:51:03 | INFO |       55.871 ¦     3640           2              0.010 
2025-05-23 10:51:03 | INFO |       55.881 ¦     3641           2              0.010 
2025-05-23 10:51:03 | INFO |       55.891 ¦     3642           2              0.010 
2025-05-23 10:51:03 | INFO |       55.901 ¦     3643           2              0.010 
2025-05-23 10:51:03 | INFO |       55.911 ¦     3644           2              0.010 
2025-05-23 10:51:03 | INFO |       55.921 ¦     3645           2              0.010 
2025-05-23 10:51:03 | INFO |       55.931 ¦     3646           2              0.010 
2025-05-23 10:51:03 | INFO |       55.941 ¦     3647           2              0.010 
2025-05-23 10:51:03 | INFO |       55.951 ¦     3648           2              0.010 
2025-05-23 10:51:03 | INFO |       55.961 ¦     3649           2              0.010 
2025-05-23 10:51:03 | INFO |       55.971 ¦     3650           2              0.010 
2025-05-23 10:51:03 | INFO |       55.981 ¦     3651           2              0.010 
2025-05-23 10:51:03 | INFO |       55.991 ¦     3652           2              0.010 
2025-05-23 10:51:03 | INFO |       56.001 ¦     3653           2              0.010 
2025-05-23 10:51:03 | INFO |       56.011 ¦     3654           2              0.010 
2025-05-23 10:51:03 | INFO |       56.021 ¦     3655           2              0.010 
2025-05-23 10:51:03 | INFO |       56.031 ¦     3656           2              0.010 
2025-05-23 10:51:03 | INFO |       56.041 ¦     3657           2              0.010 
2025-05-23 10:51:03 | INFO |       56.051 ¦     3658           2              0.010 
2025-05-23 10:51:03 | INFO |       56.061 ¦     3659           2              0.010 
2025-05-23 10:51:03 | INFO |       56.071 ¦     3660           2              0.010 
2025-05-23 10:51:03 | INFO |       56.081 ¦     3661           2              0.010 
2025-05-23 10:51:03 | INFO |       56.091 ¦     3662           2              0.010 
2025-05-23 10:51:03 | INFO |       56.101 ¦     3663           2              0.010 
2025-05-23 10:51:03 | INFO |       56.111 ¦     3664           2              0.010 
2025-05-23 10:51:03 | INFO |       56.121 ¦     3665           2              0.010 
2025-05-23 10:51:03 | INFO |       56.131 ¦     3666           2              0.010 
2025-05-23 10:51:03 | INFO |       56.141 ¦     3667           2              0.010 
2025-05-23 10:51:03 | INFO |       56.151 ¦     3668           2              0.010 
2025-05-23 10:51:03 | INFO |       56.161 ¦     3669           2              0.010 
2025-05-23 10:51:03 | INFO |       56.171 ¦     3670           2              0.010 
2025-05-23 10:51:03 | INFO |       56.181 ¦     3671           2              0.010 
2025-05-23 10:51:03 | INFO |       56.191 ¦     3672           2              0.010 
2025-05-23 10:51:03 | INFO |       56.201 ¦     3673           2              0.010 
2025-05-23 10:51:03 | INFO |       56.211 ¦     3674           2              0.010 
2025-05-23 10:51:03 | INFO |       56.221 ¦     3675           2              0.010 
2025-05-23 10:51:03 | INFO |       56.231 ¦     3676           2              0.010 
2025-05-23 10:51:03 | INFO |       56.241 ¦     3677           2              0.010 
2025-05-23 10:51:03 | INFO |       56.251 ¦     3678           2              0.010 
2025-05-23 10:51:03 | INFO |       56.261 ¦     3679           2              0.010 
2025-05-23 10:51:03 | INFO |       56.271 ¦     3680           2              0.010 
2025-05-23 10:51:03 | INFO |       56.281 ¦     3681           2              0.010 
2025-05-23 10:51:03 | INFO |       56.291 ¦     3682           2              0.010 
2025-05-23 10:51:03 | INFO |       56.301 ¦     3683           2              0.010 
2025-05-23 10:51:03 | INFO |       56.311 ¦     3684           2              0.010 
2025-05-23 10:51:03 | INFO |       56.321 ¦     3685           2              0.010 
2025-05-23 10:51:03 | INFO |       56.331 ¦     3686           2              0.010 
2025-05-23 10:51:03 | INFO |       56.341 ¦     3687           2              0.010 
2025-05-23 10:51:03 | INFO |       56.351 ¦     3688           2              0.010 
2025-05-23 10:51:03 | INFO |       56.361 ¦     3689           2              0.010 
2025-05-23 10:51:03 | INFO |       56.371 ¦     3690           2              0.010 
2025-05-23 10:51:03 | INFO |       56.381 ¦     3691           2              0.010 
2025-05-23 10:51:03 | INFO |       56.391 ¦     3692           2              0.010 
2025-05-23 10:51:03 | INFO |       56.401 ¦     3693           2              0.010 
2025-05-23 10:51:03 | INFO |       56.411 ¦     3694           2              0.010 
2025-05-23 10:51:03 | INFO |       56.421 ¦     3695           2              0.010 
2025-05-23 10:51:03 | INFO |       56.431 ¦     3696           2              0.010 
2025-05-23 10:51:03 | INFO |       56.441 ¦     3697           2              0.010 
2025-05-23 10:51:03 | INFO |       56.451 ¦     3698           2              0.010 
2025-05-23 10:51:03 | INFO |       56.461 ¦     3699           2              0.010 
2025-05-23 10:51:03 | INFO |       56.471 ¦     3700           2              0.010 
2025-05-23 10:51:03 | INFO |       56.481 ¦     3701           2              0.010 
2025-05-23 10:51:03 | INFO |       56.491 ¦     3702           2              0.010 
2025-05-23 10:51:03 | INFO |       56.501 ¦     3703           2              0.010 
2025-05-23 10:51:03 | INFO |       56.511 ¦     3704           2              0.010 
2025-05-23 10:51:03 | INFO |       56.521 ¦     3705           2              0.010 
2025-05-23 10:51:03 | INFO |       56.531 ¦     3706           2              0.010 
2025-05-23 10:51:03 | INFO |       56.541 ¦     3707           2              0.010 
2025-05-23 10:51:03 | INFO |       56.551 ¦     3708           2              0.010 
2025-05-23 10:51:03 | INFO |       56.561 ¦     3709           2              0.010 
2025-05-23 10:51:03 | INFO |       56.571 ¦     3710           2              0.010 
2025-05-23 10:51:03 | INFO |       56.581 ¦     3711           2              0.010 
2025-05-23 10:51:03 | INFO |       56.591 ¦     3712           2              0.010 
2025-05-23 10:51:03 | INFO |       56.601 ¦     3713           2              0.010 
2025-05-23 10:51:03 | INFO |       56.611 ¦     3714           2              0.010 
2025-05-23 10:51:03 | INFO |       56.621 ¦     3715           2              0.010 
2025-05-23 10:51:03 | INFO |       56.631 ¦     3716           2              0.010 
2025-05-23 10:51:03 | INFO |       56.641 ¦     3717           2              0.010 
2025-05-23 10:51:03 | INFO |       56.651 ¦     3718           2              0.010 
2025-05-23 10:51:03 | INFO |       56.661 ¦     3719           2              0.010 
2025-05-23 10:51:03 | INFO |       56.671 ¦     3720           2              0.010 
2025-05-23 10:51:03 | INFO |       56.681 ¦     3721           2              0.010 
2025-05-23 10:51:03 | INFO |       56.691 ¦     3722           2              0.010 
2025-05-23 10:51:03 | INFO |       56.701 ¦     3723           2              0.010 
2025-05-23 10:51:03 | INFO |       56.711 ¦     3724           2              0.010 
2025-05-23 10:51:03 | INFO |       56.721 ¦     3725           2              0.010 
2025-05-23 10:51:03 | INFO |       56.731 ¦     3726           2              0.010 
2025-05-23 10:51:03 | INFO |       56.741 ¦     3727           2              0.010 
2025-05-23 10:51:03 | INFO |       56.751 ¦     3728           2              0.010 
2025-05-23 10:51:03 | INFO |       56.761 ¦     3729           2              0.010 
2025-05-23 10:51:03 | INFO |       56.771 ¦     3730           2              0.010 
2025-05-23 10:51:03 | INFO |       56.781 ¦     3731           2              0.010 
2025-05-23 10:51:03 | INFO |       56.791 ¦     3732           2              0.010 
2025-05-23 10:51:03 | INFO |       56.801 ¦     3733           2              0.010 
2025-05-23 10:51:03 | INFO |       56.811 ¦     3734           2              0.010 
2025-05-23 10:51:03 | INFO |       56.821 ¦     3735           2              0.010 
2025-05-23 10:51:03 | INFO |       56.831 ¦     3736           2              0.010 
2025-05-23 10:51:03 | INFO |       56.841 ¦     3737           2              0.010 
2025-05-23 10:51:03 | INFO |       56.851 ¦     3738           2              0.010 
2025-05-23 10:51:03 | INFO |       56.861 ¦     3739           2              0.010 
2025-05-23 10:51:03 | INFO |       56.871 ¦     3740           2              0.010 
2025-05-23 10:51:03 | INFO |       56.881 ¦     3741           2              0.010 
2025-05-23 10:51:03 | INFO |       56.891 ¦     3742           2              0.010 
2025-05-23 10:51:03 | INFO |       56.901 ¦     3743           2              0.010 
2025-05-23 10:51:03 | INFO |       56.911 ¦     3744           2              0.010 
2025-05-23 10:51:03 | INFO |       56.921 ¦     3745           2              0.010 
2025-05-23 10:51:03 | INFO |       56.931 ¦     3746           2              0.010 
2025-05-23 10:51:03 | INFO |       56.941 ¦     3747           2              0.010 
2025-05-23 10:51:03 | INFO |       56.951 ¦     3748           2              0.010 
2025-05-23 10:51:03 | INFO |       56.961 ¦     3749           2              0.010 
2025-05-23 10:51:03 | INFO |       56.971 ¦     3750           2              0.010 
2025-05-23 10:51:03 | INFO |       56.981 ¦     3751           2              0.010 
2025-05-23 10:51:03 | INFO |       56.991 ¦     3752           2              0.010 
2025-05-23 10:51:03 | INFO |       57.001 ¦     3753           2              0.010 
2025-05-23 10:51:03 | INFO |       57.011 ¦     3754           2              0.010 
2025-05-23 10:51:03 | INFO |       57.021 ¦     3755           2              0.010 
2025-05-23 10:51:03 | INFO |       57.031 ¦     3756           2              0.010 
2025-05-23 10:51:03 | INFO |       57.041 ¦     3757           2              0.010 
2025-05-23 10:51:03 | INFO |       57.051 ¦     3758           2              0.010 
2025-05-23 10:51:03 | INFO |       57.061 ¦     3759           2              0.010 
2025-05-23 10:51:03 | INFO |       57.071 ¦     3760           2              0.010 
2025-05-23 10:51:03 | INFO |       57.081 ¦     3761           2              0.010 
2025-05-23 10:51:03 | INFO |       57.091 ¦     3762           2              0.010 
2025-05-23 10:51:03 | INFO |       57.101 ¦     3763           2              0.010 
2025-05-23 10:51:03 | INFO |       57.111 ¦     3764           2              0.010 
2025-05-23 10:51:03 | INFO |       57.121 ¦     3765           2              0.010 
2025-05-23 10:51:03 | INFO |       57.131 ¦     3766           2              0.010 
2025-05-23 10:51:03 | INFO |       57.141 ¦     3767           2              0.010 
2025-05-23 10:51:03 | INFO |       57.151 ¦     3768           2              0.010 
2025-05-23 10:51:03 | INFO |       57.161 ¦     3769           2              0.010 
2025-05-23 10:51:03 | INFO |       57.171 ¦     3770           2              0.010 
2025-05-23 10:51:03 | INFO |       57.181 ¦     3771           2              0.010 
2025-05-23 10:51:03 | INFO |       57.191 ¦     3772           2              0.010 
2025-05-23 10:51:03 | INFO |       57.201 ¦     3773           2              0.010 
2025-05-23 10:51:03 | INFO |       57.211 ¦     3774           2              0.010 
2025-05-23 10:51:03 | INFO |       57.221 ¦     3775           2              0.010 
2025-05-23 10:51:03 | INFO |       57.231 ¦     3776           2              0.010 
2025-05-23 10:51:03 | INFO |       57.241 ¦     3777           2              0.010 
2025-05-23 10:51:03 | INFO |       57.251 ¦     3778           2              0.010 
2025-05-23 10:51:03 | INFO |       57.261 ¦     3779           2              0.010 
2025-05-23 10:51:03 | INFO |       57.271 ¦     3780           2              0.010 
2025-05-23 10:51:03 | INFO |       57.281 ¦     3781           2              0.010 
2025-05-23 10:51:03 | INFO |       57.291 ¦     3782           2              0.010 
2025-05-23 10:51:03 | INFO |       57.301 ¦     3783           2              0.010 
2025-05-23 10:51:03 | INFO |       57.311 ¦     3784           2              0.010 
2025-05-23 10:51:03 | INFO |       57.321 ¦     3785           2              0.010 
2025-05-23 10:51:03 | INFO |       57.331 ¦     3786           2              0.010 
2025-05-23 10:51:03 | INFO |       57.341 ¦     3787           2              0.010 
2025-05-23 10:51:03 | INFO |       57.351 ¦     3788           2              0.010 
2025-05-23 10:51:03 | INFO |       57.361 ¦     3789           2              0.010 
2025-05-23 10:51:03 | INFO |       57.371 ¦     3790           2              0.010 
2025-05-23 10:51:03 | INFO |       57.381 ¦     3791           2              0.010 
2025-05-23 10:51:03 | INFO |       57.391 ¦     3792           2              0.010 
2025-05-23 10:51:03 | INFO |       57.401 ¦     3793           2              0.010 
2025-05-23 10:51:03 | INFO |       57.411 ¦     3794           2              0.010 
2025-05-23 10:51:03 | INFO |       57.421 ¦     3795           2              0.010 
2025-05-23 10:51:03 | INFO |       57.431 ¦     3796           2              0.010 
2025-05-23 10:51:03 | INFO |       57.441 ¦     3797           2              0.010 
2025-05-23 10:51:03 | INFO |       57.451 ¦     3798           2              0.010 
2025-05-23 10:51:03 | INFO |       57.461 ¦     3799           2              0.010 
2025-05-23 10:51:03 | INFO |       57.471 ¦     3800           2              0.010 
2025-05-23 10:51:03 | INFO |       57.481 ¦     3801           2              0.010 
2025-05-23 10:51:03 | INFO |       57.491 ¦     3802           2              0.010 
2025-05-23 10:51:03 | INFO |       57.501 ¦     3803           2              0.010 
2025-05-23 10:51:03 | INFO |       57.511 ¦     3804           2              0.010 
2025-05-23 10:51:03 | INFO |       57.521 ¦     3805           2              0.010 
2025-05-23 10:51:03 | INFO |       57.531 ¦     3806           2              0.010 
2025-05-23 10:51:03 | INFO |       57.541 ¦     3807           2              0.010 
2025-05-23 10:51:03 | INFO |       57.551 ¦     3808           2              0.010 
2025-05-23 10:51:03 | INFO |       57.561 ¦     3809           2              0.010 
2025-05-23 10:51:03 | INFO |       57.571 ¦     3810           2              0.010 
2025-05-23 10:51:03 | INFO |       57.581 ¦     3811           2              0.010 
2025-05-23 10:51:03 | INFO |       57.591 ¦     3812           2              0.010 
2025-05-23 10:51:03 | INFO |       57.601 ¦     3813           2              0.010 
2025-05-23 10:51:03 | INFO |       57.611 ¦     3814           2              0.010 
2025-05-23 10:51:03 | INFO |       57.621 ¦     3815           2              0.010 
2025-05-23 10:51:03 | INFO |       57.631 ¦     3816           2              0.010 
2025-05-23 10:51:03 | INFO |       57.641 ¦     3817           2              0.010 
2025-05-23 10:51:03 | INFO |       57.651 ¦     3818           2              0.010 
2025-05-23 10:51:03 | INFO |       57.661 ¦     3819           2              0.010 
2025-05-23 10:51:03 | INFO |       57.671 ¦     3820           2              0.010 
2025-05-23 10:51:03 | INFO |       57.681 ¦     3821           2              0.010 
2025-05-23 10:51:03 | INFO |       57.691 ¦     3822           2              0.010 
2025-05-23 10:51:03 | INFO |       57.701 ¦     3823           2              0.010 
2025-05-23 10:51:03 | INFO |       57.711 ¦     3824           2              0.010 
2025-05-23 10:51:03 | INFO |       57.721 ¦     3825           2              0.010 
2025-05-23 10:51:03 | INFO |       57.731 ¦     3826           2              0.010 
2025-05-23 10:51:03 | INFO |       57.741 ¦     3827           2              0.010 
2025-05-23 10:51:03 | INFO |       57.751 ¦     3828           2              0.010 
2025-05-23 10:51:03 | INFO |       57.761 ¦     3829           2              0.010 
2025-05-23 10:51:03 | INFO |       57.771 ¦     3830           2              0.010 
2025-05-23 10:51:03 | INFO |       57.781 ¦     3831           2              0.010 
2025-05-23 10:51:03 | INFO |       57.791 ¦     3832           2              0.010 
2025-05-23 10:51:03 | INFO |       57.801 ¦     3833           2              0.010 
2025-05-23 10:51:03 | INFO |       57.811 ¦     3834           2              0.010 
2025-05-23 10:51:03 | INFO |       57.821 ¦     3835           2              0.010 
2025-05-23 10:51:03 | INFO |       57.831 ¦     3836           2              0.010 
2025-05-23 10:51:03 | INFO |       57.841 ¦     3837           2              0.010 
2025-05-23 10:51:03 | INFO |       57.851 ¦     3838           2              0.010 
2025-05-23 10:51:03 | INFO |       57.861 ¦     3839           2              0.010 
2025-05-23 10:51:03 | INFO |       57.871 ¦     3840           2              0.010 
2025-05-23 10:51:03 | INFO |       57.881 ¦     3841           2              0.010 
2025-05-23 10:51:03 | INFO |       57.891 ¦     3842           2              0.010 
2025-05-23 10:51:03 | INFO |       57.901 ¦     3843           2              0.010 
2025-05-23 10:51:03 | INFO |       57.911 ¦     3844           2              0.010 
2025-05-23 10:51:03 | INFO |       57.921 ¦     3845           2              0.010 
2025-05-23 10:51:03 | INFO |       57.931 ¦     3846           2              0.010 
2025-05-23 10:51:03 | INFO |       57.941 ¦     3847           2              0.010 
2025-05-23 10:51:03 | INFO |       57.951 ¦     3848           2              0.010 
2025-05-23 10:51:03 | INFO |       57.961 ¦     3849           2              0.010 
2025-05-23 10:51:03 | INFO |       57.971 ¦     3850           2              0.010 
2025-05-23 10:51:03 | INFO |       57.981 ¦     3851           2              0.010 
2025-05-23 10:51:03 | INFO |       57.991 ¦     3852           2              0.010 
2025-05-23 10:51:03 | INFO |       58.001 ¦     3853           2              0.010 
2025-05-23 10:51:03 | INFO |       58.011 ¦     3854           2              0.010 
2025-05-23 10:51:03 | INFO |       58.021 ¦     3855           2              0.010 
2025-05-23 10:51:03 | INFO |       58.031 ¦     3856           2              0.010 
2025-05-23 10:51:03 | INFO |       58.041 ¦     3857           2              0.010 
2025-05-23 10:51:03 | INFO |       58.051 ¦     3858           2              0.010 
2025-05-23 10:51:03 | INFO |       58.061 ¦     3859           2              0.010 
2025-05-23 10:51:03 | INFO |       58.071 ¦     3860           2              0.010 
2025-05-23 10:51:03 | INFO |       58.081 ¦     3861           2              0.010 
2025-05-23 10:51:03 | INFO |       58.091 ¦     3862           2              0.010 
2025-05-23 10:51:03 | INFO |       58.101 ¦     3863           2              0.010 
2025-05-23 10:51:03 | INFO |       58.111 ¦     3864           2              0.010 
2025-05-23 10:51:03 | INFO |       58.121 ¦     3865           2              0.010 
2025-05-23 10:51:03 | INFO |       58.131 ¦     3866           2              0.010 
2025-05-23 10:51:03 | INFO |       58.141 ¦     3867           2              0.010 
2025-05-23 10:51:03 | INFO |       58.151 ¦     3868           2              0.010 
2025-05-23 10:51:03 | INFO |       58.161 ¦     3869           2              0.010 
2025-05-23 10:51:03 | INFO |       58.171 ¦     3870           2              0.010 
2025-05-23 10:51:03 | INFO |       58.181 ¦     3871           2              0.010 
2025-05-23 10:51:03 | INFO |       58.191 ¦     3872           2              0.010 
2025-05-23 10:51:03 | INFO |       58.201 ¦     3873           2              0.010 
2025-05-23 10:51:03 | INFO |       58.211 ¦     3874           2              0.010 
2025-05-23 10:51:03 | INFO |       58.221 ¦     3875           2              0.010 
2025-05-23 10:51:03 | INFO |       58.231 ¦     3876           2              0.010 
2025-05-23 10:51:03 | INFO |       58.241 ¦     3877           2              0.010 
2025-05-23 10:51:03 | INFO |       58.251 ¦     3878           2              0.010 
2025-05-23 10:51:03 | INFO |       58.261 ¦     3879           2              0.010 
2025-05-23 10:51:03 | INFO |       58.271 ¦     3880           2              0.010 
2025-05-23 10:51:03 | INFO |       58.281 ¦     3881           2              0.010 
2025-05-23 10:51:03 | INFO |       58.291 ¦     3882           2              0.010 
2025-05-23 10:51:03 | INFO |       58.301 ¦     3883           2              0.010 
2025-05-23 10:51:03 | INFO |       58.311 ¦     3884           2              0.010 
2025-05-23 10:51:03 | INFO |       58.321 ¦     3885           2              0.010 
2025-05-23 10:51:03 | INFO |       58.331 ¦     3886           2              0.010 
2025-05-23 10:51:03 | INFO |       58.341 ¦     3887           2              0.010 
2025-05-23 10:51:03 | INFO |       58.351 ¦     3888           2              0.010 
2025-05-23 10:51:03 | INFO |       58.361 ¦     3889           2              0.010 
2025-05-23 10:51:03 | INFO |       58.371 ¦     3890           2              0.010 
2025-05-23 10:51:03 | INFO |       58.381 ¦     3891           2              0.010 
2025-05-23 10:51:03 | INFO |       58.391 ¦     3892           2              0.010 
2025-05-23 10:51:03 | INFO |       58.401 ¦     3893           2              0.010 
2025-05-23 10:51:03 | INFO |       58.411 ¦     3894           2              0.010 
2025-05-23 10:51:03 | INFO |       58.421 ¦     3895           2              0.010 
2025-05-23 10:51:03 | INFO |       58.431 ¦     3896           2              0.010 
2025-05-23 10:51:03 | INFO |       58.441 ¦     3897           2              0.010 
2025-05-23 10:51:03 | INFO |       58.451 ¦     3898           2              0.010 
2025-05-23 10:51:03 | INFO |       58.461 ¦     3899           2              0.010 
2025-05-23 10:51:03 | INFO |       58.471 ¦     3900           2              0.010 
2025-05-23 10:51:03 | INFO |       58.481 ¦     3901           2              0.010 
2025-05-23 10:51:03 | INFO |       58.491 ¦     3902           2              0.010 
2025-05-23 10:51:03 | INFO |       58.501 ¦     3903           2              0.010 
2025-05-23 10:51:03 | INFO |       58.511 ¦     3904           2              0.010 
2025-05-23 10:51:03 | INFO |       58.521 ¦     3905           2              0.010 
2025-05-23 10:51:03 | INFO |       58.531 ¦     3906           2              0.010 
2025-05-23 10:51:03 | INFO |       58.541 ¦     3907           2              0.010 
2025-05-23 10:51:03 | INFO |       58.551 ¦     3908           2              0.010 
2025-05-23 10:51:03 | INFO |       58.561 ¦     3909           2              0.010 
2025-05-23 10:51:03 | INFO |       58.571 ¦     3910           2              0.010 
2025-05-23 10:51:03 | INFO |       58.581 ¦     3911           2              0.010 
2025-05-23 10:51:03 | INFO |       58.591 ¦     3912           2              0.010 
2025-05-23 10:51:03 | INFO |       58.601 ¦     3913           2              0.010 
2025-05-23 10:51:03 | INFO |       58.611 ¦     3914           2              0.010 
2025-05-23 10:51:03 | INFO |       58.621 ¦     3915           2              0.010 
2025-05-23 10:51:03 | INFO |       58.631 ¦     3916           2              0.010 
2025-05-23 10:51:03 | INFO |       58.641 ¦     3917           2              0.010 
2025-05-23 10:51:03 | INFO |       58.651 ¦     3918           2              0.010 
2025-05-23 10:51:03 | INFO |       58.661 ¦     3919           2              0.010 
2025-05-23 10:51:03 | INFO |       58.671 ¦     3920           2              0.010 
2025-05-23 10:51:03 | INFO |       58.681 ¦     3921           2              0.010 
2025-05-23 10:51:03 | INFO |       58.691 ¦     3922           2              0.010 
2025-05-23 10:51:03 | INFO |       58.701 ¦     3923           2              0.010 
2025-05-23 10:51:03 | INFO |       58.711 ¦     3924           2              0.010 
2025-05-23 10:51:03 | INFO |       58.721 ¦     3925           2              0.010 
2025-05-23 10:51:03 | INFO |       58.731 ¦     3926           2              0.010 
2025-05-23 10:51:03 | INFO |       58.741 ¦     3927           2              0.010 
2025-05-23 10:51:03 | INFO |       58.751 ¦     3928           2              0.010 
2025-05-23 10:51:03 | INFO |       58.761 ¦     3929           2              0.010 
2025-05-23 10:51:03 | INFO |       58.771 ¦     3930           2              0.010 
2025-05-23 10:51:03 | INFO |       58.781 ¦     3931           2              0.010 
2025-05-23 10:51:03 | INFO |       58.791 ¦     3932           2              0.010 
2025-05-23 10:51:03 | INFO |       58.801 ¦     3933           2              0.010 
2025-05-23 10:51:03 | INFO |       58.811 ¦     3934           2              0.010 
2025-05-23 10:51:03 | INFO |       58.821 ¦     3935           2              0.010 
2025-05-23 10:51:03 | INFO |       58.831 ¦     3936           2              0.010 
2025-05-23 10:51:03 | INFO |       58.841 ¦     3937           2              0.010 
2025-05-23 10:51:03 | INFO |       58.851 ¦     3938           2              0.010 
2025-05-23 10:51:03 | INFO |       58.861 ¦     3939           2              0.010 
2025-05-23 10:51:03 | INFO |       58.871 ¦     3940           2              0.010 
2025-05-23 10:51:03 | INFO |       58.881 ¦     3941           2              0.010 
2025-05-23 10:51:03 | INFO |       58.891 ¦     3942           2              0.010 
2025-05-23 10:51:03 | INFO |       58.901 ¦     3943           2              0.010 
2025-05-23 10:51:03 | INFO |       58.911 ¦     3944           2              0.010 
2025-05-23 10:51:03 | INFO |       58.921 ¦     3945           2              0.010 
2025-05-23 10:51:03 | INFO |       58.931 ¦     3946           2              0.010 
2025-05-23 10:51:03 | INFO |       58.941 ¦     3947           2              0.010 
2025-05-23 10:51:03 | INFO |       58.951 ¦     3948           2              0.010 
2025-05-23 10:51:03 | INFO |       58.961 ¦     3949           2              0.010 
2025-05-23 10:51:03 | INFO |       58.971 ¦     3950           2              0.010 
2025-05-23 10:51:03 | INFO |       58.981 ¦     3951           2              0.010 
2025-05-23 10:51:03 | INFO |       58.991 ¦     3952           2              0.010 
2025-05-23 10:51:03 | INFO |       59.001 ¦     3953           2              0.010 
2025-05-23 10:51:03 | INFO |       59.011 ¦     3954           2              0.010 
2025-05-23 10:51:03 | INFO |       59.021 ¦     3955           2              0.010 
2025-05-23 10:51:03 | INFO |       59.031 ¦     3956           2              0.010 
2025-05-23 10:51:03 | INFO |       59.041 ¦     3957           2              0.010 
2025-05-23 10:51:03 | INFO |       59.051 ¦     3958           2              0.010 
2025-05-23 10:51:03 | INFO |       59.061 ¦     3959           2              0.010 
2025-05-23 10:51:03 | INFO |       59.071 ¦     3960           2              0.010 
2025-05-23 10:51:03 | INFO |       59.081 ¦     3961           2              0.010 
2025-05-23 10:51:03 | INFO |       59.091 ¦     3962           2              0.010 
2025-05-23 10:51:03 | INFO |       59.101 ¦     3963           2              0.010 
2025-05-23 10:51:03 | INFO |       59.111 ¦     3964           2              0.010 
2025-05-23 10:51:03 | INFO |       59.121 ¦     3965           2              0.010 
2025-05-23 10:51:03 | INFO |       59.131 ¦     3966           2              0.010 
2025-05-23 10:51:03 | INFO |       59.141 ¦     3967           2              0.010 
2025-05-23 10:51:03 | INFO |       59.151 ¦     3968           2              0.010 
2025-05-23 10:51:03 | INFO |       59.161 ¦     3969           2              0.010 
2025-05-23 10:51:03 | INFO |       59.171 ¦     3970           2              0.010 
2025-05-23 10:51:03 | INFO |       59.181 ¦     3971           2              0.010 
2025-05-23 10:51:03 | INFO |       59.191 ¦     3972           2              0.010 
2025-05-23 10:51:03 | INFO |       59.201 ¦     3973           2              0.010 
2025-05-23 10:51:03 | INFO |       59.211 ¦     3974           2              0.010 
2025-05-23 10:51:03 | INFO |       59.221 ¦     3975           2              0.010 
2025-05-23 10:51:03 | INFO |       59.231 ¦     3976           2              0.010 
2025-05-23 10:51:03 | INFO |       59.241 ¦     3977           2              0.010 
2025-05-23 10:51:03 | INFO |       59.251 ¦     3978           2              0.010 
2025-05-23 10:51:03 | INFO |       59.261 ¦     3979           2              0.010 
2025-05-23 10:51:03 | INFO |       59.271 ¦     3980           2              0.010 
2025-05-23 10:51:03 | INFO |       59.281 ¦     3981           2              0.010 
2025-05-23 10:51:03 | INFO |       59.291 ¦     3982           2              0.010 
2025-05-23 10:51:03 | INFO |       59.301 ¦     3983           2              0.010 
2025-05-23 10:51:03 | INFO |       59.311 ¦     3984           2              0.010 
2025-05-23 10:51:03 | INFO |       59.321 ¦     3985           2              0.010 
2025-05-23 10:51:03 | INFO |       59.331 ¦     3986           2              0.010 
2025-05-23 10:51:03 | INFO |       59.341 ¦     3987           2              0.010 
2025-05-23 10:51:03 | INFO |       59.351 ¦     3988           2              0.010 
2025-05-23 10:51:03 | INFO |       59.361 ¦     3989           2              0.010 
2025-05-23 10:51:03 | INFO |       59.371 ¦     3990           2              0.010 
2025-05-23 10:51:03 | INFO |       59.381 ¦     3991           2              0.010 
2025-05-23 10:51:03 | INFO |       59.391 ¦     3992           2              0.010 
2025-05-23 10:51:03 | INFO |       59.401 ¦     3993           2              0.010 
2025-05-23 10:51:03 | INFO |       59.411 ¦     3994           2              0.010 
2025-05-23 10:51:03 | INFO |       59.421 ¦     3995           2              0.010 
2025-05-23 10:51:03 | INFO |       59.431 ¦     3996           2              0.010 
2025-05-23 10:51:03 | INFO |       59.441 ¦     3997           2              0.010 
2025-05-23 10:51:03 | INFO |       59.451 ¦     3998           2              0.010 
2025-05-23 10:51:03 | INFO |       59.461 ¦     3999           2              0.010 
2025-05-23 10:51:03 | INFO |       59.471 ¦     4000           2              0.010 
2025-05-23 10:51:03 | INFO |       59.481 ¦     4001           2              0.010 
2025-05-23 10:51:03 | INFO |       59.491 ¦     4002           2              0.010 
2025-05-23 10:51:03 | INFO |       59.501 ¦     4003           2              0.010 
2025-05-23 10:51:03 | INFO |       59.511 ¦     4004           2              0.010 
2025-05-23 10:51:03 | INFO |       59.521 ¦     4005           2              0.010 
2025-05-23 10:51:03 | INFO |       59.531 ¦     4006           2              0.010 
2025-05-23 10:51:03 | INFO |       59.541 ¦     4007           2              0.010 
2025-05-23 10:51:03 | INFO |       59.551 ¦     4008           2              0.010 
2025-05-23 10:51:03 | INFO |       59.561 ¦     4009           2              0.010 
2025-05-23 10:51:03 | INFO |       59.571 ¦     4010           2              0.010 
2025-05-23 10:51:03 | INFO |       59.581 ¦     4011           2              0.010 
2025-05-23 10:51:03 | INFO |       59.591 ¦     4012           2              0.010 
2025-05-23 10:51:03 | INFO |       59.601 ¦     4013           2              0.010 
2025-05-23 10:51:03 | INFO |       59.611 ¦     4014           2              0.010 
2025-05-23 10:51:03 | INFO |       59.621 ¦     4015           2              0.010 
2025-05-23 10:51:03 | INFO |       59.631 ¦     4016           2              0.010 
2025-05-23 10:51:03 | INFO |       59.641 ¦     4017           2              0.010 
2025-05-23 10:51:03 | INFO |       59.651 ¦     4018           2              0.010 
2025-05-23 10:51:03 | INFO |       59.661 ¦     4019           2              0.010 
2025-05-23 10:51:03 | INFO |       59.671 ¦     4020           2              0.010 
2025-05-23 10:51:03 | INFO |       59.681 ¦     4021           2              0.010 
2025-05-23 10:51:03 | INFO |       59.691 ¦     4022           2              0.010 
2025-05-23 10:51:03 | INFO |       59.701 ¦     4023           2              0.010 
2025-05-23 10:51:03 | INFO |       59.711 ¦     4024           2              0.010 
2025-05-23 10:51:03 | INFO |       59.721 ¦     4025           2              0.010 
2025-05-23 10:51:03 | INFO |       59.731 ¦     4026           2              0.010 
2025-05-23 10:51:03 | INFO |       59.741 ¦     4027           2              0.010 
2025-05-23 10:51:03 | INFO |       59.751 ¦     4028           2              0.010 
2025-05-23 10:51:03 | INFO |       59.761 ¦     4029           2              0.010 
2025-05-23 10:51:03 | INFO |       59.771 ¦     4030           2              0.010 
2025-05-23 10:51:03 | INFO |       59.781 ¦     4031           2              0.010 
2025-05-23 10:51:03 | INFO |       59.791 ¦     4032           2              0.010 
2025-05-23 10:51:03 | INFO |       59.801 ¦     4033           2              0.010 
2025-05-23 10:51:03 | INFO |       59.811 ¦     4034           2              0.010 
2025-05-23 10:51:03 | INFO |       59.821 ¦     4035           2              0.010 
2025-05-23 10:51:03 | INFO |       59.831 ¦     4036           2              0.010 
2025-05-23 10:51:03 | INFO |       59.841 ¦     4037           2              0.010 
2025-05-23 10:51:03 | INFO |       59.851 ¦     4038           2              0.010 
2025-05-23 10:51:03 | INFO |       59.861 ¦     4039           2              0.010 
2025-05-23 10:51:03 | INFO |       59.871 ¦     4040           2              0.010 
2025-05-23 10:51:03 | INFO |       59.881 ¦     4041           2              0.010 
2025-05-23 10:51:03 | INFO |       59.891 ¦     4042           2              0.010 
2025-05-23 10:51:03 | INFO |       59.901 ¦     4043           2              0.010 
2025-05-23 10:51:03 | INFO |       59.911 ¦     4044           2              0.010 
2025-05-23 10:51:03 | INFO |       59.921 ¦     4045           2              0.010 
2025-05-23 10:51:03 | INFO |       59.931 ¦     4046           2              0.010 
2025-05-23 10:51:03 | INFO |       59.941 ¦     4047           2              0.010 
2025-05-23 10:51:03 | INFO |       59.951 ¦     4048           2              0.010 
2025-05-23 10:51:03 | INFO |       59.961 ¦     4049           2              0.010 
2025-05-23 10:51:03 | INFO |       59.971 ¦     4050           2              0.010 
2025-05-23 10:51:03 | INFO |       59.981 ¦     4051           2              0.010 
2025-05-23 10:51:03 | INFO |       59.991 ¦     4052           2              0.010 
2025-05-23 10:51:03 | INFO |       60.001 ¦     4053           2              0.010 
2025-05-23 10:51:03 | INFO |       60.011 ¦     4054           2              0.010 
2025-05-23 10:51:03 | INFO |       60.021 ¦     4055           2              0.010 
2025-05-23 10:51:03 | INFO |       60.031 ¦     4056           2              0.010 
2025-05-23 10:51:03 | INFO |       60.041 ¦     4057           2              0.010 
2025-05-23 10:51:03 | INFO |       60.051 ¦     4058           2              0.010 
2025-05-23 10:51:03 | INFO |       60.061 ¦     4059           2              0.010 
2025-05-23 10:51:03 | INFO |       60.071 ¦     4060           2              0.010 
2025-05-23 10:51:03 | INFO |       60.081 ¦     4061           2              0.010 
2025-05-23 10:51:03 | INFO |       60.091 ¦     4062           2              0.010 
2025-05-23 10:51:03 | INFO |       60.101 ¦     4063           2              0.010 
2025-05-23 10:51:03 | INFO |       60.111 ¦     4064           2              0.010 
2025-05-23 10:51:03 | INFO |       60.121 ¦     4065           2              0.010 
2025-05-23 10:51:03 | INFO |       60.131 ¦     4066           2              0.010 
2025-05-23 10:51:03 | INFO |       60.141 ¦     4067           2              0.010 
2025-05-23 10:51:03 | INFO |       60.151 ¦     4068           2              0.010 
2025-05-23 10:51:03 | INFO |       60.161 ¦     4069           2              0.010 
2025-05-23 10:51:03 | INFO |       60.171 ¦     4070           2              0.010 
2025-05-23 10:51:03 | INFO |       60.181 ¦     4071           2              0.010 
2025-05-23 10:51:03 | INFO |       60.191 ¦     4072           2              0.010 
2025-05-23 10:51:03 | INFO |       60.201 ¦     4073           2              0.010 
2025-05-23 10:51:03 | INFO |       60.211 ¦     4074           2              0.010 
2025-05-23 10:51:03 | INFO |       60.221 ¦     4075           2              0.010 
2025-05-23 10:51:03 | INFO |       60.231 ¦     4076           2              0.010 
2025-05-23 10:51:03 | INFO |       60.241 ¦     4077           2              0.010 
2025-05-23 10:51:03 | INFO |       60.251 ¦     4078           2              0.010 
2025-05-23 10:51:03 | INFO |       60.261 ¦     4079           2              0.010 
2025-05-23 10:51:03 | INFO |       60.271 ¦     4080           2              0.010 
2025-05-23 10:51:03 | INFO |       60.281 ¦     4081           2              0.010 
2025-05-23 10:51:03 | INFO |       60.291 ¦     4082           2              0.010 
2025-05-23 10:51:03 | INFO |       60.301 ¦     4083           2              0.010 
2025-05-23 10:51:03 | INFO |       60.311 ¦     4084           2              0.010 
2025-05-23 10:51:03 | INFO |       60.321 ¦     4085           2              0.010 
2025-05-23 10:51:03 | INFO |       60.331 ¦     4086           2              0.010 
2025-05-23 10:51:03 | INFO |       60.341 ¦     4087           2              0.010 
2025-05-23 10:51:03 | INFO |       60.351 ¦     4088           2              0.010 
2025-05-23 10:51:03 | INFO |       60.361 ¦     4089           2              0.010 
2025-05-23 10:51:03 | INFO |       60.371 ¦     4090           2              0.010 
2025-05-23 10:51:03 | INFO |       60.381 ¦     4091           2              0.010 
2025-05-23 10:51:03 | INFO |       60.391 ¦     4092           2              0.010 
2025-05-23 10:51:03 | INFO |       60.401 ¦     4093           2              0.010 
2025-05-23 10:51:03 | INFO |       60.411 ¦     4094           2              0.010 
2025-05-23 10:51:03 | INFO |       60.421 ¦     4095           2              0.010 
2025-05-23 10:51:03 | INFO |       60.431 ¦     4096           2              0.010 
2025-05-23 10:51:03 | INFO |       60.441 ¦     4097           2              0.010 
2025-05-23 10:51:03 | INFO |       60.451 ¦     4098           2              0.010 
2025-05-23 10:51:03 | INFO |       60.461 ¦     4099           2              0.010 
2025-05-23 10:51:03 | INFO |       60.471 ¦     4100           2              0.010 
2025-05-23 10:51:03 | INFO |       60.481 ¦     4101           2              0.010 
2025-05-23 10:51:03 | INFO |       60.491 ¦     4102           2              0.010 
2025-05-23 10:51:03 | INFO |       60.501 ¦     4103           2              0.010 
2025-05-23 10:51:03 | INFO |       60.511 ¦     4104           2              0.010 
2025-05-23 10:51:03 | INFO |       60.521 ¦     4105           2              0.010 
2025-05-23 10:51:03 | INFO |       60.531 ¦     4106           2              0.010 
2025-05-23 10:51:03 | INFO |       60.541 ¦     4107           2              0.010 
2025-05-23 10:51:03 | INFO |       60.551 ¦     4108           2              0.010 
2025-05-23 10:51:03 | INFO |       60.561 ¦     4109           2              0.010 
2025-05-23 10:51:03 | INFO |       60.571 ¦     4110           2              0.010 
2025-05-23 10:51:03 | INFO |       60.581 ¦     4111           2              0.010 
2025-05-23 10:51:03 | INFO |       60.591 ¦     4112           2              0.010 
2025-05-23 10:51:03 | INFO |       60.601 ¦     4113           2              0.010 
2025-05-23 10:51:03 | INFO |       60.611 ¦     4114           2              0.010 
2025-05-23 10:51:03 | INFO |       60.621 ¦     4115           2              0.010 
2025-05-23 10:51:03 | INFO |       60.631 ¦     4116           2              0.010 
2025-05-23 10:51:03 | INFO |       60.641 ¦     4117           2              0.010 
2025-05-23 10:51:03 | INFO |       60.651 ¦     4118           2              0.010 
2025-05-23 10:51:03 | INFO |       60.661 ¦     4119           2              0.010 
2025-05-23 10:51:03 | INFO |       60.671 ¦     4120           2              0.010 
2025-05-23 10:51:03 | INFO |       60.681 ¦     4121           2              0.010 
2025-05-23 10:51:03 | INFO |       60.691 ¦     4122           2              0.010 
2025-05-23 10:51:03 | INFO |       60.701 ¦     4123           2              0.010 
2025-05-23 10:51:03 | INFO |       60.711 ¦     4124           2              0.010 
2025-05-23 10:51:03 | INFO |       60.721 ¦     4125           2              0.010 
2025-05-23 10:51:03 | INFO |       60.731 ¦     4126           2              0.010 
2025-05-23 10:51:03 | INFO |       60.741 ¦     4127           2              0.010 
2025-05-23 10:51:03 | INFO |       60.751 ¦     4128           2              0.010 
2025-05-23 10:51:03 | INFO |       60.761 ¦     4129           2              0.010 
2025-05-23 10:51:03 | INFO |       60.771 ¦     4130           2              0.010 
2025-05-23 10:51:03 | INFO |       60.781 ¦     4131           2              0.010 
2025-05-23 10:51:03 | INFO |       60.791 ¦     4132           2              0.010 
2025-05-23 10:51:03 | INFO |       60.801 ¦     4133           2              0.010 
2025-05-23 10:51:03 | INFO |       60.811 ¦     4134           2              0.010 
2025-05-23 10:51:03 | INFO |       60.821 ¦     4135           2              0.010 
2025-05-23 10:51:03 | INFO |       60.831 ¦     4136           2              0.010 
2025-05-23 10:51:03 | INFO |       60.841 ¦     4137           2              0.010 
2025-05-23 10:51:03 | INFO |       60.851 ¦     4138           2              0.010 
2025-05-23 10:51:03 | INFO |       60.861 ¦     4139           2              0.010 
2025-05-23 10:51:03 | INFO |       60.871 ¦     4140           2              0.010 
2025-05-23 10:51:03 | INFO |       60.881 ¦     4141           2              0.010 
2025-05-23 10:51:03 | INFO |       60.891 ¦     4142           2              0.010 
2025-05-23 10:51:03 | INFO |       60.901 ¦     4143           2              0.010 
2025-05-23 10:51:03 | INFO |       60.911 ¦     4144           2              0.010 
2025-05-23 10:51:03 | INFO |       60.921 ¦     4145           2              0.010 
2025-05-23 10:51:03 | INFO |       60.931 ¦     4146           2              0.010 
2025-05-23 10:51:03 | INFO |       60.941 ¦     4147           2              0.010 
2025-05-23 10:51:03 | INFO |       60.951 ¦     4148           2              0.010 
2025-05-23 10:51:03 | INFO |       60.961 ¦     4149           2              0.010 
2025-05-23 10:51:03 | INFO |       60.971 ¦     4150           2              0.010 
2025-05-23 10:51:03 | INFO |       60.981 ¦     4151           2              0.010 
2025-05-23 10:51:03 | INFO |       60.991 ¦     4152           2              0.010 
2025-05-23 10:51:03 | INFO |       61.001 ¦     4153           2              0.010 
2025-05-23 10:51:03 | INFO |       61.011 ¦     4154           2              0.010 
2025-05-23 10:51:03 | INFO |       61.021 ¦     4155           2              0.010 
2025-05-23 10:51:03 | INFO |       61.031 ¦     4156           2              0.010 
2025-05-23 10:51:03 | INFO |       61.041 ¦     4157           2              0.010 
2025-05-23 10:51:03 | INFO |       61.051 ¦     4158           2              0.010 
2025-05-23 10:51:03 | INFO |       61.061 ¦     4159           2              0.010 
2025-05-23 10:51:03 | INFO |       61.071 ¦     4160           2              0.010 
2025-05-23 10:51:03 | INFO |       61.081 ¦     4161           2              0.010 
2025-05-23 10:51:03 | INFO |       61.091 ¦     4162           2              0.010 
2025-05-23 10:51:03 | INFO |       61.101 ¦     4163           2              0.010 
2025-05-23 10:51:03 | INFO |       61.111 ¦     4164           2              0.010 
2025-05-23 10:51:03 | INFO |       61.121 ¦     4165           2              0.010 
2025-05-23 10:51:03 | INFO |       61.131 ¦     4166           2              0.010 
2025-05-23 10:51:03 | INFO |       61.141 ¦     4167           2              0.010 
2025-05-23 10:51:03 | INFO |       61.151 ¦     4168           2              0.010 
2025-05-23 10:51:03 | INFO |       61.161 ¦     4169           2              0.010 
2025-05-23 10:51:03 | INFO |       61.171 ¦     4170           2              0.010 
2025-05-23 10:51:03 | INFO |       61.181 ¦     4171           2              0.010 
2025-05-23 10:51:03 | INFO |       61.191 ¦     4172           2              0.010 
2025-05-23 10:51:03 | INFO |       61.201 ¦     4173           2              0.010 
2025-05-23 10:51:03 | INFO |       61.211 ¦     4174           2              0.010 
2025-05-23 10:51:03 | INFO |       61.221 ¦     4175           2              0.010 
2025-05-23 10:51:03 | INFO |       61.231 ¦     4176           2              0.010 
2025-05-23 10:51:03 | INFO |       61.241 ¦     4177           2              0.010 
2025-05-23 10:51:03 | INFO |       61.251 ¦     4178           2              0.010 
2025-05-23 10:51:03 | INFO |       61.261 ¦     4179           2              0.010 
2025-05-23 10:51:03 | INFO |       61.271 ¦     4180           2              0.010 
2025-05-23 10:51:03 | INFO |       61.281 ¦     4181           2              0.010 
2025-05-23 10:51:03 | INFO |       61.291 ¦     4182           2              0.010 
2025-05-23 10:51:03 | INFO |       61.301 ¦     4183           2              0.010 
2025-05-23 10:51:03 | INFO |       61.311 ¦     4184           2              0.010 
2025-05-23 10:51:03 | INFO |       61.321 ¦     4185           2              0.010 
2025-05-23 10:51:03 | INFO |       61.331 ¦     4186           2              0.010 
2025-05-23 10:51:03 | INFO |       61.341 ¦     4187           2              0.010 
2025-05-23 10:51:03 | INFO |       61.351 ¦     4188           2              0.010 
2025-05-23 10:51:03 | INFO |       61.361 ¦     4189           2              0.010 
2025-05-23 10:51:03 | INFO |       61.371 ¦     4190           2              0.010 
2025-05-23 10:51:03 | INFO |       61.381 ¦     4191           2              0.010 
2025-05-23 10:51:03 | INFO |       61.391 ¦     4192           2              0.010 
2025-05-23 10:51:03 | INFO |       61.401 ¦     4193           2              0.010 
2025-05-23 10:51:03 | INFO |       61.411 ¦     4194           2              0.010 
2025-05-23 10:51:03 | INFO |       61.421 ¦     4195           2              0.010 
2025-05-23 10:51:03 | INFO |       61.431 ¦     4196           2              0.010 
2025-05-23 10:51:03 | INFO |       61.441 ¦     4197           2              0.010 
2025-05-23 10:51:03 | INFO |       61.451 ¦     4198           2              0.010 
2025-05-23 10:51:03 | INFO |       61.461 ¦     4199           2              0.010 
2025-05-23 10:51:03 | INFO |       61.471 ¦     4200           2              0.010 
2025-05-23 10:51:03 | INFO |       61.481 ¦     4201           2              0.010 
2025-05-23 10:51:03 | INFO |       61.491 ¦     4202           2              0.010 
2025-05-23 10:51:03 | INFO |       61.501 ¦     4203           2              0.010 
2025-05-23 10:51:03 | INFO |       61.511 ¦     4204           2              0.010 
2025-05-23 10:51:03 | INFO |       61.521 ¦     4205           2              0.010 
2025-05-23 10:51:03 | INFO |       61.531 ¦     4206           2              0.010 
2025-05-23 10:51:03 | INFO |       61.541 ¦     4207           2              0.010 
2025-05-23 10:51:03 | INFO |       61.551 ¦     4208           2              0.010 
2025-05-23 10:51:03 | INFO |       61.561 ¦     4209           2              0.010 
2025-05-23 10:51:03 | INFO |       61.571 ¦     4210           2              0.010 
2025-05-23 10:51:03 | INFO |       61.581 ¦     4211           2              0.010 
2025-05-23 10:51:03 | INFO |       61.591 ¦     4212           2              0.010 
2025-05-23 10:51:03 | INFO |       61.601 ¦     4213           2              0.010 
2025-05-23 10:51:03 | INFO |       61.611 ¦     4214           2              0.010 
2025-05-23 10:51:03 | INFO |       61.621 ¦     4215           2              0.010 
2025-05-23 10:51:03 | INFO |       61.631 ¦     4216           2              0.010 
2025-05-23 10:51:03 | INFO |       61.641 ¦     4217           2              0.010 
2025-05-23 10:51:03 | INFO |       61.651 ¦     4218           2              0.010 
2025-05-23 10:51:03 | INFO |       61.661 ¦     4219           2              0.010 
2025-05-23 10:51:03 | INFO |       61.671 ¦     4220           2              0.010 
2025-05-23 10:51:03 | INFO |       61.681 ¦     4221           2              0.010 
2025-05-23 10:51:03 | INFO |       61.691 ¦     4222           2              0.010 
2025-05-23 10:51:03 | INFO |       61.701 ¦     4223           2              0.010 
2025-05-23 10:51:03 | INFO |       61.711 ¦     4224           2              0.010 
2025-05-23 10:51:03 | INFO |       61.721 ¦     4225           2              0.010 
2025-05-23 10:51:03 | INFO |       61.731 ¦     4226           2              0.010 
2025-05-23 10:51:03 | INFO |       61.741 ¦     4227           2              0.010 
2025-05-23 10:51:03 | INFO |       61.751 ¦     4228           2              0.010 
2025-05-23 10:51:03 | INFO |       61.761 ¦     4229           2              0.010 
2025-05-23 10:51:03 | INFO |       61.771 ¦     4230           2              0.010 
2025-05-23 10:51:03 | INFO |       61.781 ¦     4231           2              0.010 
2025-05-23 10:51:03 | INFO |       61.791 ¦     4232           2              0.010 
2025-05-23 10:51:03 | INFO |       61.801 ¦     4233           2              0.010 
2025-05-23 10:51:03 | INFO |       61.811 ¦     4234           2              0.010 
2025-05-23 10:51:03 | INFO |       61.821 ¦     4235           2              0.010 
2025-05-23 10:51:03 | INFO |       61.831 ¦     4236           2              0.010 
2025-05-23 10:51:03 | INFO |       61.841 ¦     4237           2              0.010 
2025-05-23 10:51:03 | INFO |       61.851 ¦     4238           2              0.010 
2025-05-23 10:51:03 | INFO |       61.861 ¦     4239           2              0.010 
2025-05-23 10:51:03 | INFO |       61.871 ¦     4240           2              0.010 
2025-05-23 10:51:03 | INFO |       61.881 ¦     4241           2              0.010 
2025-05-23 10:51:03 | INFO |       61.891 ¦     4242           2              0.010 
2025-05-23 10:51:03 | INFO |       61.901 ¦     4243           2              0.010 
2025-05-23 10:51:03 | INFO |       61.911 ¦     4244           2              0.010 
2025-05-23 10:51:03 | INFO |       61.921 ¦     4245           2              0.010 
2025-05-23 10:51:03 | INFO |       61.931 ¦     4246           2              0.010 
2025-05-23 10:51:03 | INFO |       61.941 ¦     4247           2              0.010 
2025-05-23 10:51:03 | INFO |       61.951 ¦     4248           2              0.010 
2025-05-23 10:51:03 | INFO |       61.961 ¦     4249           2              0.010 
2025-05-23 10:51:03 | INFO |       61.971 ¦     4250           2              0.010 
2025-05-23 10:51:03 | INFO |       61.981 ¦     4251           2              0.010 
2025-05-23 10:51:03 | INFO |       61.991 ¦     4252           2              0.010 
2025-05-23 10:51:03 | INFO |       62.001 ¦     4253           2              0.010 
2025-05-23 10:51:03 | INFO |       62.011 ¦     4254           2              0.010 
2025-05-23 10:51:03 | INFO |       62.021 ¦     4255           2              0.010 
2025-05-23 10:51:03 | INFO |       62.031 ¦     4256           2              0.010 
2025-05-23 10:51:03 | INFO |       62.041 ¦     4257           2              0.010 
2025-05-23 10:51:03 | INFO |       62.051 ¦     4258           2              0.010 
2025-05-23 10:51:03 | INFO |       62.061 ¦     4259           2              0.010 
2025-05-23 10:51:03 | INFO |       62.071 ¦     4260           2              0.010 
2025-05-23 10:51:03 | INFO |       62.081 ¦     4261           2              0.010 
2025-05-23 10:51:03 | INFO |       62.091 ¦     4262           2              0.010 
2025-05-23 10:51:03 | INFO |       62.101 ¦     4263           2              0.010 
2025-05-23 10:51:03 | INFO |       62.111 ¦     4264           2              0.010 
2025-05-23 10:51:03 | INFO |       62.121 ¦     4265           2              0.010 
2025-05-23 10:51:03 | INFO |       62.131 ¦     4266           2              0.010 
2025-05-23 10:51:03 | INFO |       62.141 ¦     4267           2              0.010 
2025-05-23 10:51:03 | INFO |       62.151 ¦     4268           2              0.010 
2025-05-23 10:51:03 | INFO |       62.161 ¦     4269           2              0.010 
2025-05-23 10:51:03 | INFO |       62.171 ¦     4270           2              0.010 
2025-05-23 10:51:03 | INFO |       62.181 ¦     4271           2              0.010 
2025-05-23 10:51:03 | INFO |       62.191 ¦     4272           2              0.010 
2025-05-23 10:51:03 | INFO |       62.201 ¦     4273           2              0.010 
2025-05-23 10:51:03 | INFO |       62.211 ¦     4274           2              0.010 
2025-05-23 10:51:03 | INFO |       62.221 ¦     4275           2              0.010 
2025-05-23 10:51:03 | INFO |       62.231 ¦     4276           2              0.010 
2025-05-23 10:51:03 | INFO |       62.241 ¦     4277           2              0.010 
2025-05-23 10:51:03 | INFO |       62.251 ¦     4278           2              0.010 
2025-05-23 10:51:03 | INFO |       62.261 ¦     4279           2              0.010 
2025-05-23 10:51:03 | INFO |       62.271 ¦     4280           2              0.010 
2025-05-23 10:51:03 | INFO |       62.281 ¦     4281           2              0.010 
2025-05-23 10:51:03 | INFO |       62.291 ¦     4282           2              0.010 
2025-05-23 10:51:03 | INFO |       62.301 ¦     4283           2              0.010 
2025-05-23 10:51:03 | INFO |       62.311 ¦     4284           2              0.010 
2025-05-23 10:51:03 | INFO |       62.321 ¦     4285           2              0.010 
2025-05-23 10:51:03 | INFO |       62.331 ¦     4286           2              0.010 
2025-05-23 10:51:03 | INFO |       62.341 ¦     4287           2              0.010 
2025-05-23 10:51:03 | INFO |       62.351 ¦     4288           2              0.010 
2025-05-23 10:51:03 | INFO |       62.361 ¦     4289           2              0.010 
2025-05-23 10:51:03 | INFO |       62.371 ¦     4290           2              0.010 
2025-05-23 10:51:03 | INFO |       62.381 ¦     4291           2              0.010 
2025-05-23 10:51:03 | INFO |       62.391 ¦     4292           2              0.010 
2025-05-23 10:51:03 | INFO |       62.401 ¦     4293           2              0.010 
2025-05-23 10:51:03 | INFO |       62.411 ¦     4294           2              0.010 
2025-05-23 10:51:03 | INFO |       62.421 ¦     4295           2              0.010 
2025-05-23 10:51:03 | INFO |       62.431 ¦     4296           2              0.010 
2025-05-23 10:51:03 | INFO |       62.441 ¦     4297           2              0.010 
2025-05-23 10:51:03 | INFO |       62.451 ¦     4298           2              0.010 
2025-05-23 10:51:03 | INFO |       62.461 ¦     4299           2              0.010 
2025-05-23 10:51:03 | INFO |       62.471 ¦     4300           2              0.010 
2025-05-23 10:51:03 | INFO |       62.481 ¦     4301           2              0.010 
2025-05-23 10:51:03 | INFO |       62.491 ¦     4302           2              0.010 
2025-05-23 10:51:03 | INFO |       62.501 ¦     4303           2              0.010 
2025-05-23 10:51:03 | INFO |       62.511 ¦     4304           2              0.010 
2025-05-23 10:51:03 | INFO |       62.521 ¦     4305           2              0.010 
2025-05-23 10:51:03 | INFO |       62.531 ¦     4306           2              0.010 
2025-05-23 10:51:03 | INFO |       62.541 ¦     4307           2              0.010 
2025-05-23 10:51:03 | INFO |       62.551 ¦     4308           2              0.010 
2025-05-23 10:51:03 | INFO |       62.561 ¦     4309           2              0.010 
2025-05-23 10:51:03 | INFO |       62.571 ¦     4310           2              0.010 
2025-05-23 10:51:03 | INFO |       62.581 ¦     4311           2              0.010 
2025-05-23 10:51:03 | INFO |       62.591 ¦     4312           2              0.010 
2025-05-23 10:51:03 | INFO |       62.601 ¦     4313           2              0.010 
2025-05-23 10:51:03 | INFO |       62.611 ¦     4314           2              0.010 
2025-05-23 10:51:03 | INFO |       62.621 ¦     4315           2              0.010 
2025-05-23 10:51:03 | INFO |       62.631 ¦     4316           2              0.010 
2025-05-23 10:51:03 | INFO |       62.641 ¦     4317           2              0.010 
2025-05-23 10:51:03 | INFO |       62.651 ¦     4318           2              0.010 
2025-05-23 10:51:03 | INFO |       62.661 ¦     4319           2              0.010 
2025-05-23 10:51:03 | INFO |       62.671 ¦     4320           2              0.010 
2025-05-23 10:51:03 | INFO |       62.681 ¦     4321           2              0.010 
2025-05-23 10:51:03 | INFO |       62.691 ¦     4322           2              0.010 
2025-05-23 10:51:03 | INFO |       62.701 ¦     4323           2              0.010 
2025-05-23 10:51:03 | INFO |       62.711 ¦     4324           2              0.010 
2025-05-23 10:51:03 | INFO |       62.721 ¦     4325           2              0.010 
2025-05-23 10:51:03 | INFO |       62.731 ¦     4326           2              0.010 
2025-05-23 10:51:03 | INFO |       62.741 ¦     4327           2              0.010 
2025-05-23 10:51:03 | INFO |       62.751 ¦     4328           2              0.010 
2025-05-23 10:51:03 | INFO |       62.761 ¦     4329           2              0.010 
2025-05-23 10:51:03 | INFO |       62.771 ¦     4330           2              0.010 
2025-05-23 10:51:03 | INFO |       62.781 ¦     4331           2              0.010 
2025-05-23 10:51:03 | INFO |       62.791 ¦     4332           2              0.010 
2025-05-23 10:51:03 | INFO |       62.801 ¦     4333           2              0.010 
2025-05-23 10:51:03 | INFO |       62.811 ¦     4334           2              0.010 
2025-05-23 10:51:03 | INFO |       62.821 ¦     4335           2              0.010 
2025-05-23 10:51:03 | INFO |       62.831 ¦     4336           2              0.010 
2025-05-23 10:51:03 | INFO |       62.841 ¦     4337           2              0.010 
2025-05-23 10:51:03 | INFO |       62.851 ¦     4338           2              0.010 
2025-05-23 10:51:03 | INFO |       62.861 ¦     4339           2              0.010 
2025-05-23 10:51:03 | INFO |       62.871 ¦     4340           2              0.010 
2025-05-23 10:51:03 | INFO |       62.881 ¦     4341           2              0.010 
2025-05-23 10:51:03 | INFO |       62.891 ¦     4342           2              0.010 
2025-05-23 10:51:03 | INFO |       62.901 ¦     4343           2              0.010 
2025-05-23 10:51:03 | INFO |       62.911 ¦     4344           2              0.010 
2025-05-23 10:51:03 | INFO |       62.921 ¦     4345           2              0.010 
2025-05-23 10:51:03 | INFO |       62.931 ¦     4346           2              0.010 
2025-05-23 10:51:03 | INFO |       62.941 ¦     4347           2              0.010 
2025-05-23 10:51:03 | INFO |       62.951 ¦     4348           2              0.010 
2025-05-23 10:51:03 | INFO |       62.961 ¦     4349           2              0.010 
2025-05-23 10:51:03 | INFO |       62.971 ¦     4350           2              0.010 
2025-05-23 10:51:03 | INFO |       62.981 ¦     4351           2              0.010 
2025-05-23 10:51:03 | INFO |       62.991 ¦     4352           2              0.010 
2025-05-23 10:51:03 | INFO |       63.001 ¦     4353           2              0.010 
2025-05-23 10:51:03 | INFO |       63.011 ¦     4354           2              0.010 
2025-05-23 10:51:03 | INFO |       63.021 ¦     4355           2              0.010 
2025-05-23 10:51:03 | INFO |       63.031 ¦     4356           2              0.010 
2025-05-23 10:51:03 | INFO |       63.041 ¦     4357           2              0.010 
2025-05-23 10:51:03 | INFO |       63.051 ¦     4358           2              0.010 
2025-05-23 10:51:03 | INFO |       63.061 ¦     4359           2              0.010 
2025-05-23 10:51:03 | INFO |       63.071 ¦     4360           2              0.010 
2025-05-23 10:51:03 | INFO |       63.081 ¦     4361           2              0.010 
2025-05-23 10:51:03 | INFO |       63.091 ¦     4362           2              0.010 
2025-05-23 10:51:03 | INFO |       63.101 ¦     4363           2              0.010 
2025-05-23 10:51:03 | INFO |       63.111 ¦     4364           2              0.010 
2025-05-23 10:51:03 | INFO |       63.121 ¦     4365           2              0.010 
2025-05-23 10:51:03 | INFO |       63.131 ¦     4366           2              0.010 
2025-05-23 10:51:03 | INFO |       63.141 ¦     4367           2              0.010 
2025-05-23 10:51:03 | INFO |       63.151 ¦     4368           2              0.010 
2025-05-23 10:51:03 | INFO |       63.161 ¦     4369           2              0.010 
2025-05-23 10:51:03 | INFO |       63.171 ¦     4370           2              0.010 
2025-05-23 10:51:03 | INFO |       63.181 ¦     4371           2              0.010 
2025-05-23 10:51:03 | INFO |       63.191 ¦     4372           2              0.010 
2025-05-23 10:51:03 | INFO |       63.201 ¦     4373           2              0.010 
2025-05-23 10:51:03 | INFO |       63.211 ¦     4374           2              0.010 
2025-05-23 10:51:03 | INFO |       63.221 ¦     4375           2              0.010 
2025-05-23 10:51:03 | INFO |       63.231 ¦     4376           2              0.010 
2025-05-23 10:51:03 | INFO |       63.241 ¦     4377           2              0.010 
2025-05-23 10:51:03 | INFO |       63.251 ¦     4378           2              0.010 
2025-05-23 10:51:03 | INFO |       63.261 ¦     4379           2              0.010 
2025-05-23 10:51:03 | INFO |       63.271 ¦     4380           2              0.010 
2025-05-23 10:51:03 | INFO |       63.281 ¦     4381           2              0.010 
2025-05-23 10:51:03 | INFO |       63.291 ¦     4382           2              0.010 
2025-05-23 10:51:03 | INFO |       63.301 ¦     4383           2              0.010 
2025-05-23 10:51:03 | INFO |       63.311 ¦     4384           2              0.010 
2025-05-23 10:51:03 | INFO |       63.321 ¦     4385           2              0.010 
2025-05-23 10:51:03 | INFO |       63.331 ¦     4386           2              0.010 
2025-05-23 10:51:03 | INFO |       63.341 ¦     4387           2              0.010 
2025-05-23 10:51:03 | INFO |       63.351 ¦     4388           2              0.010 
2025-05-23 10:51:03 | INFO |       63.361 ¦     4389           2              0.010 
2025-05-23 10:51:03 | INFO |       63.371 ¦     4390           2              0.010 
2025-05-23 10:51:03 | INFO |       63.381 ¦     4391           2              0.010 
2025-05-23 10:51:03 | INFO |       63.391 ¦     4392           2              0.010 
2025-05-23 10:51:03 | INFO |       63.401 ¦     4393           2              0.010 
2025-05-23 10:51:03 | INFO |       63.411 ¦     4394           2              0.010 
2025-05-23 10:51:03 | INFO |       63.421 ¦     4395           2              0.010 
2025-05-23 10:51:03 | INFO |       63.431 ¦     4396           2              0.010 
2025-05-23 10:51:03 | INFO |       63.441 ¦     4397           2              0.010 
2025-05-23 10:51:03 | INFO |       63.451 ¦     4398           2              0.010 
2025-05-23 10:51:03 | INFO |       63.461 ¦     4399           2              0.010 
2025-05-23 10:51:03 | INFO |       63.471 ¦     4400           2              0.010 
2025-05-23 10:51:03 | INFO |       63.481 ¦     4401           2              0.010 
2025-05-23 10:51:03 | INFO |       63.491 ¦     4402           2              0.010 
2025-05-23 10:51:03 | INFO |       63.501 ¦     4403           2              0.010 
2025-05-23 10:51:03 | INFO |       63.511 ¦     4404           2              0.010 
2025-05-23 10:51:03 | INFO |       63.521 ¦     4405           2              0.010 
2025-05-23 10:51:03 | INFO |       63.531 ¦     4406           2              0.010 
2025-05-23 10:51:03 | INFO |       63.541 ¦     4407           2              0.010 
2025-05-23 10:51:03 | INFO |       63.551 ¦     4408           2              0.010 
2025-05-23 10:51:03 | INFO |       63.561 ¦     4409           2              0.010 
2025-05-23 10:51:03 | INFO |       63.571 ¦     4410           2              0.010 
2025-05-23 10:51:03 | INFO |       63.581 ¦     4411           2              0.010 
2025-05-23 10:51:03 | INFO |       63.591 ¦     4412           2              0.010 
2025-05-23 10:51:03 | INFO |       63.601 ¦     4413           2              0.010 
2025-05-23 10:51:03 | INFO |       63.611 ¦     4414           2              0.010 
2025-05-23 10:51:03 | INFO |       63.621 ¦     4415           2              0.010 
2025-05-23 10:51:03 | INFO |       63.631 ¦     4416           2              0.010 
2025-05-23 10:51:03 | INFO |       63.641 ¦     4417           2              0.010 
2025-05-23 10:51:03 | INFO |       63.651 ¦     4418           2              0.010 
2025-05-23 10:51:03 | INFO |       63.661 ¦     4419           2              0.010 
2025-05-23 10:51:03 | INFO |       63.671 ¦     4420           2              0.010 
2025-05-23 10:51:03 | INFO |       63.681 ¦     4421           2              0.010 
2025-05-23 10:51:03 | INFO |       63.691 ¦     4422           2              0.010 
2025-05-23 10:51:03 | INFO |       63.701 ¦     4423           2              0.010 
2025-05-23 10:51:03 | INFO |       63.711 ¦     4424           2              0.010 
2025-05-23 10:51:03 | INFO |       63.721 ¦     4425           2              0.010 
2025-05-23 10:51:03 | INFO |       63.731 ¦     4426           2              0.010 
2025-05-23 10:51:03 | INFO |       63.741 ¦     4427           2              0.010 
2025-05-23 10:51:03 | INFO |       63.751 ¦     4428           2              0.010 
2025-05-23 10:51:03 | INFO |       63.761 ¦     4429           2              0.010 
2025-05-23 10:51:03 | INFO |       63.771 ¦     4430           2              0.010 
2025-05-23 10:51:03 | INFO |       63.781 ¦     4431           2              0.010 
2025-05-23 10:51:03 | INFO |       63.791 ¦     4432           2              0.010 
2025-05-23 10:51:03 | INFO |       63.801 ¦     4433           2              0.010 
2025-05-23 10:51:03 | INFO |       63.811 ¦     4434           2              0.010 
2025-05-23 10:51:03 | INFO |       63.821 ¦     4435           2              0.010 
2025-05-23 10:51:03 | INFO |       63.831 ¦     4436           2              0.010 
2025-05-23 10:51:03 | INFO |       63.841 ¦     4437           2              0.010 
2025-05-23 10:51:03 | INFO |       63.851 ¦     4438           2              0.010 
2025-05-23 10:51:03 | INFO |       63.861 ¦     4439           2              0.010 
2025-05-23 10:51:03 | INFO |       63.871 ¦     4440           2              0.010 
2025-05-23 10:51:03 | INFO |       63.881 ¦     4441           2              0.010 
2025-05-23 10:51:03 | INFO |       63.891 ¦     4442           2              0.010 
2025-05-23 10:51:03 | INFO |       63.901 ¦     4443           2              0.010 
2025-05-23 10:51:03 | INFO |       63.911 ¦     4444           2              0.010 
2025-05-23 10:51:03 | INFO |       63.921 ¦     4445           2              0.010 
2025-05-23 10:51:03 | INFO |       63.931 ¦     4446           2              0.010 
2025-05-23 10:51:03 | INFO |       63.941 ¦     4447           2              0.010 
2025-05-23 10:51:03 | INFO |       63.951 ¦     4448           2              0.010 
2025-05-23 10:51:03 | INFO |       63.961 ¦     4449           2              0.010 
2025-05-23 10:51:03 | INFO |       63.971 ¦     4450           2              0.010 
2025-05-23 10:51:03 | INFO |       63.981 ¦     4451           2              0.010 
2025-05-23 10:51:03 | INFO |       63.991 ¦     4452           2              0.010 
2025-05-23 10:51:03 | INFO |       64.001 ¦     4453           2              0.010 
2025-05-23 10:51:03 | INFO |       64.011 ¦     4454           2              0.010 
2025-05-23 10:51:03 | INFO |       64.021 ¦     4455           2              0.010 
2025-05-23 10:51:03 | INFO |       64.031 ¦     4456           2              0.010 
2025-05-23 10:51:03 | INFO |       64.041 ¦     4457           2              0.010 
2025-05-23 10:51:03 | INFO |       64.051 ¦     4458           2              0.010 
2025-05-23 10:51:03 | INFO |       64.061 ¦     4459           2              0.010 
2025-05-23 10:51:03 | INFO |       64.071 ¦     4460           2              0.010 
2025-05-23 10:51:03 | INFO |       64.081 ¦     4461           2              0.010 
2025-05-23 10:51:03 | INFO |       64.091 ¦     4462           2              0.010 
2025-05-23 10:51:03 | INFO |       64.101 ¦     4463           2              0.010 
2025-05-23 10:51:03 | INFO |       64.111 ¦     4464           2              0.010 
2025-05-23 10:51:03 | INFO |       64.121 ¦     4465           2              0.010 
2025-05-23 10:51:03 | INFO |       64.131 ¦     4466           2              0.010 
2025-05-23 10:51:03 | INFO |       64.141 ¦     4467           2              0.010 
2025-05-23 10:51:03 | INFO |       64.151 ¦     4468           2              0.010 
2025-05-23 10:51:03 | INFO |       64.161 ¦     4469           2              0.010 
2025-05-23 10:51:03 | INFO |       64.171 ¦     4470           2              0.010 
2025-05-23 10:51:03 | INFO |       64.181 ¦     4471           2              0.010 
2025-05-23 10:51:03 | INFO |       64.191 ¦     4472           2              0.010 
2025-05-23 10:51:03 | INFO |       64.201 ¦     4473           2              0.010 
2025-05-23 10:51:03 | INFO |       64.211 ¦     4474           2              0.010 
2025-05-23 10:51:03 | INFO |       64.221 ¦     4475           2              0.010 
2025-05-23 10:51:03 | INFO |       64.231 ¦     4476           2              0.010 
2025-05-23 10:51:03 | INFO |       64.241 ¦     4477           2              0.010 
2025-05-23 10:51:03 | INFO |       64.251 ¦     4478           2              0.010 
2025-05-23 10:51:03 | INFO |       64.261 ¦     4479           2              0.010 
2025-05-23 10:51:03 | INFO |       64.271 ¦     4480           2              0.010 
2025-05-23 10:51:03 | INFO |       64.281 ¦     4481           2              0.010 
2025-05-23 10:51:03 | INFO |       64.291 ¦     4482           2              0.010 
2025-05-23 10:51:03 | INFO |       64.301 ¦     4483           2              0.010 
2025-05-23 10:51:03 | INFO |       64.311 ¦     4484           2              0.010 
2025-05-23 10:51:03 | INFO |       64.321 ¦     4485           2              0.010 
2025-05-23 10:51:03 | INFO |       64.331 ¦     4486           2              0.010 
2025-05-23 10:51:03 | INFO |       64.341 ¦     4487           2              0.010 
2025-05-23 10:51:03 | INFO |       64.351 ¦     4488           2              0.010 
2025-05-23 10:51:03 | INFO |       64.361 ¦     4489           2              0.010 
2025-05-23 10:51:03 | INFO |       64.371 ¦     4490           2              0.010 
2025-05-23 10:51:03 | INFO |       64.381 ¦     4491           2              0.010 
2025-05-23 10:51:03 | INFO |       64.391 ¦     4492           2              0.010 
2025-05-23 10:51:03 | INFO |       64.401 ¦     4493           2              0.010 
2025-05-23 10:51:03 | INFO |       64.411 ¦     4494           2              0.010 
2025-05-23 10:51:03 | INFO |       64.421 ¦     4495           2              0.010 
2025-05-23 10:51:03 | INFO |       64.431 ¦     4496           2              0.010 
2025-05-23 10:51:03 | INFO |       64.441 ¦     4497           2              0.010 
2025-05-23 10:51:03 | INFO |       64.451 ¦     4498           2              0.010 
2025-05-23 10:51:03 | INFO |       64.461 ¦     4499           2              0.010 
2025-05-23 10:51:03 | INFO |       64.471 ¦     4500           2              0.010 
2025-05-23 10:51:03 | INFO |       64.481 ¦     4501           2              0.010 
2025-05-23 10:51:03 | INFO |       64.491 ¦     4502           2              0.010 
2025-05-23 10:51:03 | INFO |       64.501 ¦     4503           2              0.010 
2025-05-23 10:51:03 | INFO |       64.511 ¦     4504           2              0.010 
2025-05-23 10:51:03 | INFO |       64.521 ¦     4505           2              0.010 
2025-05-23 10:51:03 | INFO |       64.531 ¦     4506           2              0.010 
2025-05-23 10:51:03 | INFO |       64.541 ¦     4507           2              0.010 
2025-05-23 10:51:03 | INFO |       64.551 ¦     4508           2              0.010 
2025-05-23 10:51:03 | INFO |       64.561 ¦     4509           2              0.010 
2025-05-23 10:51:03 | INFO |       64.571 ¦     4510           2              0.010 
2025-05-23 10:51:03 | INFO |       64.581 ¦     4511           2              0.010 
2025-05-23 10:51:03 | INFO |       64.591 ¦     4512           2              0.010 
2025-05-23 10:51:03 | INFO |       64.601 ¦     4513           2              0.010 
2025-05-23 10:51:03 | INFO |       64.611 ¦     4514           2              0.010 
2025-05-23 10:51:03 | INFO |       64.621 ¦     4515           2              0.010 
2025-05-23 10:51:03 | INFO |       64.631 ¦     4516           2              0.010 
2025-05-23 10:51:03 | INFO |       64.641 ¦     4517           2              0.010 
2025-05-23 10:51:03 | INFO |       64.651 ¦     4518           2              0.010 
2025-05-23 10:51:03 | INFO |       64.661 ¦     4519           2              0.010 
2025-05-23 10:51:03 | INFO |       64.671 ¦     4520           2              0.010 
2025-05-23 10:51:03 | INFO |       64.681 ¦     4521           2              0.010 
2025-05-23 10:51:03 | INFO |       64.691 ¦     4522           2              0.010 
2025-05-23 10:51:03 | INFO |       64.701 ¦     4523           2              0.010 
2025-05-23 10:51:03 | INFO |       64.711 ¦     4524           2              0.010 
2025-05-23 10:51:03 | INFO |       64.721 ¦     4525           2              0.010 
2025-05-23 10:51:03 | INFO |       64.731 ¦     4526           2              0.010 
2025-05-23 10:51:03 | INFO |       64.741 ¦     4527           2              0.010 
2025-05-23 10:51:03 | INFO |       64.751 ¦     4528           2              0.010 
2025-05-23 10:51:03 | INFO |       64.761 ¦     4529           2              0.010 
2025-05-23 10:51:03 | INFO |       64.771 ¦     4530           2              0.010 
2025-05-23 10:51:03 | INFO |       64.781 ¦     4531           2              0.010 
2025-05-23 10:51:03 | INFO |       64.791 ¦     4532           2              0.010 
2025-05-23 10:51:03 | INFO |       64.801 ¦     4533           2              0.010 
2025-05-23 10:51:03 | INFO |       64.811 ¦     4534           2              0.010 
2025-05-23 10:51:03 | INFO |       64.821 ¦     4535           2              0.010 
2025-05-23 10:51:03 | INFO |       64.831 ¦     4536           2              0.010 
2025-05-23 10:51:03 | INFO |       64.841 ¦     4537           2              0.010 
2025-05-23 10:51:03 | INFO |       64.851 ¦     4538           2              0.010 
2025-05-23 10:51:03 | INFO |       64.861 ¦     4539           2              0.010 
2025-05-23 10:51:03 | INFO |       64.871 ¦     4540           2              0.010 
2025-05-23 10:51:03 | INFO |       64.881 ¦     4541           2              0.010 
2025-05-23 10:51:03 | INFO |       64.891 ¦     4542           2              0.010 
2025-05-23 10:51:03 | INFO |       64.901 ¦     4543           2              0.010 
2025-05-23 10:51:03 | INFO |       64.911 ¦     4544           2              0.010 
2025-05-23 10:51:03 | INFO |       64.921 ¦     4545           2              0.010 
2025-05-23 10:51:03 | INFO |       64.931 ¦     4546           2              0.010 
2025-05-23 10:51:03 | INFO |       64.941 ¦     4547           2              0.010 
2025-05-23 10:51:03 | INFO |       64.951 ¦     4548           2              0.010 
2025-05-23 10:51:03 | INFO |       64.961 ¦     4549           2              0.010 
2025-05-23 10:51:03 | INFO |       64.971 ¦     4550           2              0.010 
2025-05-23 10:51:03 | INFO |       64.981 ¦     4551           2              0.010 
2025-05-23 10:51:03 | INFO |       64.991 ¦     4552           2              0.010 
2025-05-23 10:51:03 | INFO |       65.001 ¦     4553           2              0.010 
2025-05-23 10:51:03 | INFO |       65.011 ¦     4554           2              0.010 
2025-05-23 10:51:03 | INFO |       65.021 ¦     4555           2              0.010 
2025-05-23 10:51:03 | INFO |       65.031 ¦     4556           2              0.010 
2025-05-23 10:51:03 | INFO |       65.041 ¦     4557           2              0.010 
2025-05-23 10:51:03 | INFO |       65.051 ¦     4558           2              0.010 
2025-05-23 10:51:03 | INFO |       65.061 ¦     4559           2              0.010 
2025-05-23 10:51:03 | INFO |       65.071 ¦     4560           2              0.010 
2025-05-23 10:51:03 | INFO |       65.081 ¦     4561           2              0.010 
2025-05-23 10:51:03 | INFO |       65.091 ¦     4562           2              0.010 
2025-05-23 10:51:03 | INFO |       65.101 ¦     4563           2              0.010 
2025-05-23 10:51:03 | INFO |       65.111 ¦     4564           2              0.010 
2025-05-23 10:51:03 | INFO |       65.121 ¦     4565           2              0.010 
2025-05-23 10:51:03 | INFO |       65.131 ¦     4566           2              0.010 
2025-05-23 10:51:03 | INFO |       65.141 ¦     4567           2              0.010 
2025-05-23 10:51:03 | INFO |       65.151 ¦     4568           2              0.010 
2025-05-23 10:51:03 | INFO |       65.161 ¦     4569           2              0.010 
2025-05-23 10:51:03 | INFO |       65.171 ¦     4570           2              0.010 
2025-05-23 10:51:03 | INFO |       65.181 ¦     4571           2              0.010 
2025-05-23 10:51:03 | INFO |       65.191 ¦     4572           2              0.010 
2025-05-23 10:51:03 | INFO |       65.201 ¦     4573           2              0.010 
2025-05-23 10:51:03 | INFO |       65.211 ¦     4574           2              0.010 
2025-05-23 10:51:03 | INFO |       65.221 ¦     4575           2              0.010 
2025-05-23 10:51:03 | INFO |       65.231 ¦     4576           2              0.010 
2025-05-23 10:51:03 | INFO |       65.241 ¦     4577           2              0.010 
2025-05-23 10:51:03 | INFO |       65.251 ¦     4578           2              0.010 
2025-05-23 10:51:03 | INFO |       65.261 ¦     4579           2              0.010 
2025-05-23 10:51:03 | INFO |       65.271 ¦     4580           2              0.010 
2025-05-23 10:51:03 | INFO |       65.281 ¦     4581           2              0.010 
2025-05-23 10:51:03 | INFO |       65.291 ¦     4582           2              0.010 
2025-05-23 10:51:03 | INFO |       65.301 ¦     4583           2              0.010 
2025-05-23 10:51:03 | INFO |       65.311 ¦     4584           2              0.010 
2025-05-23 10:51:03 | INFO |       65.321 ¦     4585           2              0.010 
2025-05-23 10:51:03 | INFO |       65.331 ¦     4586           2              0.010 
2025-05-23 10:51:03 | INFO |       65.341 ¦     4587           2              0.010 
2025-05-23 10:51:03 | INFO |       65.351 ¦     4588           2              0.010 
2025-05-23 10:51:03 | INFO |       65.361 ¦     4589           2              0.010 
2025-05-23 10:51:03 | INFO |       65.371 ¦     4590           2              0.010 
2025-05-23 10:51:03 | INFO |       65.381 ¦     4591           2              0.010 
2025-05-23 10:51:03 | INFO |       65.391 ¦     4592           2              0.010 
2025-05-23 10:51:03 | INFO |       65.401 ¦     4593           2              0.010 
2025-05-23 10:51:03 | INFO |       65.411 ¦     4594           2              0.010 
2025-05-23 10:51:03 | INFO |       65.421 ¦     4595           2              0.010 
2025-05-23 10:51:03 | INFO |       65.431 ¦     4596           2              0.010 
2025-05-23 10:51:03 | INFO |       65.441 ¦     4597           2              0.010 
2025-05-23 10:51:03 | INFO |       65.451 ¦     4598           2              0.010 
2025-05-23 10:51:03 | INFO |       65.461 ¦     4599           2              0.010 
2025-05-23 10:51:03 | INFO |       65.471 ¦     4600           2              0.010 
2025-05-23 10:51:03 | INFO |       65.481 ¦     4601           2              0.010 
2025-05-23 10:51:03 | INFO |       65.491 ¦     4602           2              0.010 
2025-05-23 10:51:03 | INFO |       65.501 ¦     4603           2              0.010 
2025-05-23 10:51:03 | INFO |       65.511 ¦     4604           2              0.010 
2025-05-23 10:51:03 | INFO |       65.521 ¦     4605           2              0.010 
2025-05-23 10:51:03 | INFO |       65.531 ¦     4606           2              0.010 
2025-05-23 10:51:03 | INFO |       65.541 ¦     4607           2              0.010 
2025-05-23 10:51:03 | INFO |       65.551 ¦     4608           2              0.010 
2025-05-23 10:51:03 | INFO |       65.561 ¦     4609           2              0.010 
2025-05-23 10:51:03 | INFO |       65.571 ¦     4610           2              0.010 
2025-05-23 10:51:03 | INFO |       65.581 ¦     4611           2              0.010 
2025-05-23 10:51:03 | INFO |       65.591 ¦     4612           2              0.010 
2025-05-23 10:51:03 | INFO |       65.601 ¦     4613           2              0.010 
2025-05-23 10:51:03 | INFO |       65.611 ¦     4614           2              0.010 
2025-05-23 10:51:03 | INFO |       65.621 ¦     4615           2              0.010 
2025-05-23 10:51:03 | INFO |       65.631 ¦     4616           2              0.010 
2025-05-23 10:51:03 | INFO |       65.641 ¦     4617           2              0.010 
2025-05-23 10:51:03 | INFO |       65.651 ¦     4618           2              0.010 
2025-05-23 10:51:03 | INFO |       65.661 ¦     4619           2              0.010 
2025-05-23 10:51:03 | INFO |       65.671 ¦     4620           2              0.010 
2025-05-23 10:51:03 | INFO |       65.681 ¦     4621           2              0.010 
2025-05-23 10:51:03 | INFO |       65.691 ¦     4622           2              0.010 
2025-05-23 10:51:03 | INFO |       65.701 ¦     4623           2              0.010 
2025-05-23 10:51:03 | INFO |       65.711 ¦     4624           2              0.010 
2025-05-23 10:51:03 | INFO |       65.721 ¦     4625           2              0.010 
2025-05-23 10:51:03 | INFO |       65.731 ¦     4626           2              0.010 
2025-05-23 10:51:03 | INFO |       65.741 ¦     4627           2              0.010 
2025-05-23 10:51:03 | INFO |       65.751 ¦     4628           2              0.010 
2025-05-23 10:51:03 | INFO |       65.761 ¦     4629           2              0.010 
2025-05-23 10:51:03 | INFO |       65.771 ¦     4630           2              0.010 
2025-05-23 10:51:03 | INFO |       65.781 ¦     4631           2              0.010 
2025-05-23 10:51:03 | INFO |       65.791 ¦     4632           2              0.010 
2025-05-23 10:51:03 | INFO |       65.801 ¦     4633           2              0.010 
2025-05-23 10:51:03 | INFO |       65.811 ¦     4634           2              0.010 
2025-05-23 10:51:03 | INFO |       65.821 ¦     4635           2              0.010 
2025-05-23 10:51:03 | INFO |       65.831 ¦     4636           2              0.010 
2025-05-23 10:51:03 | INFO |       65.841 ¦     4637           2              0.010 
2025-05-23 10:51:03 | INFO |       65.851 ¦     4638           2              0.010 
2025-05-23 10:51:03 | INFO |       65.861 ¦     4639           2              0.010 
2025-05-23 10:51:03 | INFO |       65.871 ¦     4640           2              0.010 
2025-05-23 10:51:03 | INFO |       65.881 ¦     4641           2              0.010 
2025-05-23 10:51:03 | INFO |       65.891 ¦     4642           2              0.010 
2025-05-23 10:51:03 | INFO |       65.901 ¦     4643           2              0.010 
2025-05-23 10:51:03 | INFO |       65.911 ¦     4644           2              0.010 
2025-05-23 10:51:03 | INFO |       65.921 ¦     4645           2              0.010 
2025-05-23 10:51:03 | INFO |       65.931 ¦     4646           2              0.010 
2025-05-23 10:51:03 | INFO |       65.941 ¦     4647           2              0.010 
2025-05-23 10:51:03 | INFO |       65.951 ¦     4648           2              0.010 
2025-05-23 10:51:03 | INFO |       65.961 ¦     4649           2              0.010 
2025-05-23 10:51:03 | INFO |       65.971 ¦     4650           2              0.010 
2025-05-23 10:51:03 | INFO |       65.981 ¦     4651           2              0.010 
2025-05-23 10:51:03 | INFO |       65.991 ¦     4652           2              0.010 
2025-05-23 10:51:03 | INFO |       66.001 ¦     4653           2              0.010 
2025-05-23 10:51:03 | INFO |       66.011 ¦     4654           2              0.010 
2025-05-23 10:51:03 | INFO |       66.021 ¦     4655           2              0.010 
2025-05-23 10:51:03 | INFO |       66.031 ¦     4656           2              0.010 
2025-05-23 10:51:03 | INFO |       66.041 ¦     4657           2              0.010 
2025-05-23 10:51:03 | INFO |       66.051 ¦     4658           2              0.010 
2025-05-23 10:51:03 | INFO |       66.061 ¦     4659           2              0.010 
2025-05-23 10:51:03 | INFO |       66.071 ¦     4660           2              0.010 
2025-05-23 10:51:03 | INFO |       66.081 ¦     4661           2              0.010 
2025-05-23 10:51:03 | INFO |       66.091 ¦     4662           2              0.010 
2025-05-23 10:51:03 | INFO |       66.101 ¦     4663           2              0.010 
2025-05-23 10:51:03 | INFO |       66.111 ¦     4664           2              0.010 
2025-05-23 10:51:03 | INFO |       66.121 ¦     4665           2              0.010 
2025-05-23 10:51:03 | INFO |       66.131 ¦     4666           2              0.010 
2025-05-23 10:51:03 | INFO |       66.141 ¦     4667           2              0.010 
2025-05-23 10:51:03 | INFO |       66.151 ¦     4668           2              0.010 
2025-05-23 10:51:03 | INFO |       66.161 ¦     4669           2              0.010 
2025-05-23 10:51:03 | INFO |       66.171 ¦     4670           2              0.010 
2025-05-23 10:51:03 | INFO |       66.181 ¦     4671           2              0.010 
2025-05-23 10:51:03 | INFO |       66.191 ¦     4672           2              0.010 
2025-05-23 10:51:03 | INFO |       66.201 ¦     4673           2              0.010 
2025-05-23 10:51:03 | INFO |       66.211 ¦     4674           2              0.010 
2025-05-23 10:51:03 | INFO |       66.221 ¦     4675           2              0.010 
2025-05-23 10:51:03 | INFO |       66.231 ¦     4676           2              0.010 
2025-05-23 10:51:03 | INFO |       66.241 ¦     4677           2              0.010 
2025-05-23 10:51:03 | INFO |       66.251 ¦     4678           2              0.010 
2025-05-23 10:51:03 | INFO |       66.261 ¦     4679           2              0.010 
2025-05-23 10:51:03 | INFO |       66.271 ¦     4680           2              0.010 
2025-05-23 10:51:03 | INFO |       66.281 ¦     4681           2              0.010 
2025-05-23 10:51:03 | INFO |       66.291 ¦     4682           2              0.010 
2025-05-23 10:51:03 | INFO |       66.301 ¦     4683           2              0.010 
2025-05-23 10:51:03 | INFO |       66.311 ¦     4684           2              0.010 
2025-05-23 10:51:03 | INFO |       66.321 ¦     4685           2              0.010 
2025-05-23 10:51:03 | INFO |       66.331 ¦     4686           2              0.010 
2025-05-23 10:51:03 | INFO |       66.341 ¦     4687           2              0.010 
2025-05-23 10:51:03 | INFO |       66.351 ¦     4688           2              0.010 
2025-05-23 10:51:03 | INFO |       66.361 ¦     4689           2              0.010 
2025-05-23 10:51:03 | INFO |       66.371 ¦     4690           2              0.010 
2025-05-23 10:51:03 | INFO |       66.381 ¦     4691           2              0.010 
2025-05-23 10:51:03 | INFO |       66.391 ¦     4692           2              0.010 
2025-05-23 10:51:03 | INFO |       66.401 ¦     4693           2              0.010 
2025-05-23 10:51:03 | INFO |       66.411 ¦     4694           2              0.010 
2025-05-23 10:51:03 | INFO |       66.421 ¦     4695           2              0.010 
2025-05-23 10:51:03 | INFO |       66.431 ¦     4696           2              0.010 
2025-05-23 10:51:03 | INFO |       66.441 ¦     4697           2              0.010 
2025-05-23 10:51:03 | INFO |       66.451 ¦     4698           2              0.010 
2025-05-23 10:51:03 | INFO |       66.461 ¦     4699           2              0.010 
2025-05-23 10:51:03 | INFO |       66.471 ¦     4700           2              0.010 
2025-05-23 10:51:03 | INFO |       66.481 ¦     4701           2              0.010 
2025-05-23 10:51:03 | INFO |       66.491 ¦     4702           2              0.010 
2025-05-23 10:51:03 | INFO |       66.501 ¦     4703           2              0.010 
2025-05-23 10:51:03 | INFO |       66.511 ¦     4704           2              0.010 
2025-05-23 10:51:03 | INFO |       66.521 ¦     4705           2              0.010 
2025-05-23 10:51:03 | INFO |       66.531 ¦     4706           2              0.010 
2025-05-23 10:51:03 | INFO |       66.541 ¦     4707           2              0.010 
2025-05-23 10:51:03 | INFO |       66.551 ¦     4708           2              0.010 
2025-05-23 10:51:03 | INFO |       66.561 ¦     4709           2              0.010 
2025-05-23 10:51:03 | INFO |       66.571 ¦     4710           2              0.010 
2025-05-23 10:51:03 | INFO |       66.581 ¦     4711           2              0.010 
2025-05-23 10:51:03 | INFO |       66.591 ¦     4712           2              0.010 
2025-05-23 10:51:03 | INFO |       66.601 ¦     4713           2              0.010 
2025-05-23 10:51:03 | INFO |       66.611 ¦     4714           2              0.010 
2025-05-23 10:51:03 | INFO |       66.621 ¦     4715           2              0.010 
2025-05-23 10:51:03 | INFO |       66.631 ¦     4716           2              0.010 
2025-05-23 10:51:03 | INFO |       66.641 ¦     4717           2              0.010 
2025-05-23 10:51:03 | INFO |       66.651 ¦     4718           2              0.010 
2025-05-23 10:51:03 | INFO |       66.661 ¦     4719           2              0.010 
2025-05-23 10:51:03 | INFO |       66.671 ¦     4720           2              0.010 
2025-05-23 10:51:03 | INFO |       66.681 ¦     4721           2              0.010 
2025-05-23 10:51:03 | INFO |       66.691 ¦     4722           2              0.010 
2025-05-23 10:51:03 | INFO |       66.701 ¦     4723           2              0.010 
2025-05-23 10:51:03 | INFO |       66.711 ¦     4724           2              0.010 
2025-05-23 10:51:03 | INFO |       66.721 ¦     4725           2              0.010 
2025-05-23 10:51:03 | INFO |       66.731 ¦     4726           2              0.010 
2025-05-23 10:51:03 | INFO |       66.741 ¦     4727           2              0.010 
2025-05-23 10:51:03 | INFO |       66.751 ¦     4728           2              0.010 
2025-05-23 10:51:03 | INFO |       66.761 ¦     4729           2              0.010 
2025-05-23 10:51:03 | INFO |       66.771 ¦     4730           2              0.010 
2025-05-23 10:51:03 | INFO |       66.781 ¦     4731           2              0.010 
2025-05-23 10:51:03 | INFO |       66.791 ¦     4732           2              0.010 
2025-05-23 10:51:03 | INFO |       66.801 ¦     4733           2              0.010 
2025-05-23 10:51:03 | INFO |       66.811 ¦     4734           2              0.010 
2025-05-23 10:51:03 | INFO |       66.821 ¦     4735           2              0.010 
2025-05-23 10:51:03 | INFO |       66.831 ¦     4736           2              0.010 
2025-05-23 10:51:03 | INFO |       66.841 ¦     4737           2              0.010 
2025-05-23 10:51:03 | INFO |       66.851 ¦     4738           2              0.010 
2025-05-23 10:51:03 | INFO |       66.861 ¦     4739           2              0.010 
2025-05-23 10:51:03 | INFO |       66.871 ¦     4740           2              0.010 
2025-05-23 10:51:03 | INFO |       66.881 ¦     4741           2              0.010 
2025-05-23 10:51:03 | INFO |       66.891 ¦     4742           2              0.010 
2025-05-23 10:51:03 | INFO |       66.901 ¦     4743           2              0.010 
2025-05-23 10:51:03 | INFO |       66.911 ¦     4744           2              0.010 
2025-05-23 10:51:03 | INFO |       66.921 ¦     4745           2              0.010 
2025-05-23 10:51:03 | INFO |       66.931 ¦     4746           2              0.010 
2025-05-23 10:51:03 | INFO |       66.941 ¦     4747           2              0.010 
2025-05-23 10:51:03 | INFO |       66.951 ¦     4748           2              0.010 
2025-05-23 10:51:03 | INFO |       66.961 ¦     4749           2              0.010 
2025-05-23 10:51:03 | INFO |       66.971 ¦     4750           2              0.010 
2025-05-23 10:51:03 | INFO |       66.981 ¦     4751           2              0.010 
2025-05-23 10:51:03 | INFO |       66.991 ¦     4752           2              0.010 
2025-05-23 10:51:03 | INFO |       67.001 ¦     4753           2              0.010 
2025-05-23 10:51:03 | INFO |       67.011 ¦     4754           2              0.010 
2025-05-23 10:51:03 | INFO |       67.021 ¦     4755           2              0.010 
2025-05-23 10:51:03 | INFO |       67.031 ¦     4756           2              0.010 
2025-05-23 10:51:03 | INFO |       67.041 ¦     4757           2              0.010 
2025-05-23 10:51:03 | INFO |       67.051 ¦     4758           2              0.010 
2025-05-23 10:51:03 | INFO |       67.061 ¦     4759           2              0.010 
2025-05-23 10:51:03 | INFO |       67.071 ¦     4760           2              0.010 
2025-05-23 10:51:03 | INFO |       67.081 ¦     4761           2              0.010 
2025-05-23 10:51:03 | INFO |       67.091 ¦     4762           2              0.010 
2025-05-23 10:51:03 | INFO |       67.101 ¦     4763           2              0.010 
2025-05-23 10:51:03 | INFO |       67.111 ¦     4764           2              0.010 
2025-05-23 10:51:03 | INFO |       67.121 ¦     4765           2              0.010 
2025-05-23 10:51:03 | INFO |       67.131 ¦     4766           2              0.010 
2025-05-23 10:51:03 | INFO |       67.141 ¦     4767           2              0.010 
2025-05-23 10:51:03 | INFO |       67.151 ¦     4768           2              0.010 
2025-05-23 10:51:03 | INFO |       67.161 ¦     4769           2              0.010 
2025-05-23 10:51:03 | INFO |       67.171 ¦     4770           2              0.010 
2025-05-23 10:51:03 | INFO |       67.181 ¦     4771           2              0.010 
2025-05-23 10:51:03 | INFO |       67.191 ¦     4772           2              0.010 
2025-05-23 10:51:03 | INFO |       67.201 ¦     4773           2              0.010 
2025-05-23 10:51:03 | INFO |       67.211 ¦     4774           2              0.010 
2025-05-23 10:51:03 | INFO |       67.221 ¦     4775           2              0.010 
2025-05-23 10:51:03 | INFO |       67.231 ¦     4776           2              0.010 
2025-05-23 10:51:03 | INFO |       67.241 ¦     4777           2              0.010 
2025-05-23 10:51:03 | INFO |       67.251 ¦     4778           2              0.010 
2025-05-23 10:51:03 | INFO |       67.261 ¦     4779           2              0.010 
2025-05-23 10:51:03 | INFO |       67.271 ¦     4780           2              0.010 
2025-05-23 10:51:03 | INFO |       67.281 ¦     4781           2              0.010 
2025-05-23 10:51:03 | INFO |       67.291 ¦     4782           2              0.010 
2025-05-23 10:51:03 | INFO |       67.301 ¦     4783           2              0.010 
2025-05-23 10:51:03 | INFO |       67.311 ¦     4784           2              0.010 
2025-05-23 10:51:03 | INFO |       67.321 ¦     4785           2              0.010 
2025-05-23 10:51:03 | INFO |       67.331 ¦     4786           2              0.010 
2025-05-23 10:51:03 | INFO |       67.341 ¦     4787           2              0.010 
2025-05-23 10:51:03 | INFO |       67.351 ¦     4788           2              0.010 
2025-05-23 10:51:03 | INFO |       67.361 ¦     4789           2              0.010 
2025-05-23 10:51:03 | INFO |       67.371 ¦     4790           2              0.010 
2025-05-23 10:51:03 | INFO |       67.381 ¦     4791           2              0.010 
2025-05-23 10:51:03 | INFO |       67.391 ¦     4792           2              0.010 
2025-05-23 10:51:03 | INFO |       67.401 ¦     4793           2              0.010 
2025-05-23 10:51:03 | INFO |       67.411 ¦     4794           2              0.010 
2025-05-23 10:51:03 | INFO |       67.421 ¦     4795           2              0.010 
2025-05-23 10:51:03 | INFO |       67.431 ¦     4796           2              0.010 
2025-05-23 10:51:03 | INFO |       67.441 ¦     4797           2              0.010 
2025-05-23 10:51:03 | INFO |       67.451 ¦     4798           2              0.010 
2025-05-23 10:51:03 | INFO |       67.461 ¦     4799           2              0.010 
2025-05-23 10:51:03 | INFO |       67.471 ¦     4800           2              0.010 
2025-05-23 10:51:03 | INFO |       67.481 ¦     4801           2              0.010 
2025-05-23 10:51:03 | INFO |       67.491 ¦     4802           2              0.010 
2025-05-23 10:51:03 | INFO |       67.501 ¦     4803           2              0.010 
2025-05-23 10:51:03 | INFO |       67.511 ¦     4804           2              0.010 
2025-05-23 10:51:03 | INFO |       67.521 ¦     4805           2              0.010 
2025-05-23 10:51:03 | INFO |       67.531 ¦     4806           2              0.010 
2025-05-23 10:51:03 | INFO |       67.541 ¦     4807           2              0.010 
2025-05-23 10:51:03 | INFO |       67.551 ¦     4808           2              0.010 
2025-05-23 10:51:03 | INFO |       67.561 ¦     4809           2              0.010 
2025-05-23 10:51:03 | INFO |       67.571 ¦     4810           2              0.010 
2025-05-23 10:51:03 | INFO |       67.581 ¦     4811           2              0.010 
2025-05-23 10:51:03 | INFO |       67.591 ¦     4812           2              0.010 
2025-05-23 10:51:03 | INFO |       67.601 ¦     4813           2              0.010 
2025-05-23 10:51:03 | INFO |       67.611 ¦     4814           2              0.010 
2025-05-23 10:51:03 | INFO |       67.621 ¦     4815           2              0.010 
2025-05-23 10:51:03 | INFO |       67.631 ¦     4816           2              0.010 
2025-05-23 10:51:03 | INFO |       67.641 ¦     4817           2              0.010 
2025-05-23 10:51:03 | INFO |       67.651 ¦     4818           2              0.010 
2025-05-23 10:51:03 | INFO |       67.661 ¦     4819           2              0.010 
2025-05-23 10:51:03 | INFO |       67.671 ¦     4820           2              0.010 
2025-05-23 10:51:03 | INFO |       67.681 ¦     4821           2              0.010 
2025-05-23 10:51:03 | INFO |       67.691 ¦     4822           2              0.010 
2025-05-23 10:51:03 | INFO |       67.701 ¦     4823           2              0.010 
2025-05-23 10:51:03 | INFO |       67.711 ¦     4824           2              0.010 
2025-05-23 10:51:03 | INFO |       67.721 ¦     4825           2              0.010 
2025-05-23 10:51:03 | INFO |       67.731 ¦     4826           2              0.010 
2025-05-23 10:51:03 | INFO |       67.741 ¦     4827           2              0.010 
2025-05-23 10:51:03 | INFO |       67.751 ¦     4828           2              0.010 
2025-05-23 10:51:03 | INFO |       67.761 ¦     4829           2              0.010 
2025-05-23 10:51:03 | INFO |       67.771 ¦     4830           2              0.010 
2025-05-23 10:51:03 | INFO |       67.781 ¦     4831           2              0.010 
2025-05-23 10:51:03 | INFO |       67.791 ¦     4832           2              0.010 
2025-05-23 10:51:03 | INFO |       67.801 ¦     4833           2              0.010 
2025-05-23 10:51:03 | INFO |       67.811 ¦     4834           2              0.010 
2025-05-23 10:51:03 | INFO |       67.821 ¦     4835           2              0.010 
2025-05-23 10:51:03 | INFO |       67.831 ¦     4836           2              0.010 
2025-05-23 10:51:03 | INFO |       67.841 ¦     4837           2              0.010 
2025-05-23 10:51:03 | INFO |       67.851 ¦     4838           2              0.010 
2025-05-23 10:51:03 | INFO |       67.861 ¦     4839           2              0.010 
2025-05-23 10:51:03 | INFO |       67.871 ¦     4840           2              0.010 
2025-05-23 10:51:03 | INFO |       67.881 ¦     4841           2              0.010 
2025-05-23 10:51:03 | INFO |       67.891 ¦     4842           2              0.010 
2025-05-23 10:51:03 | INFO |       67.901 ¦     4843           2              0.010 
2025-05-23 10:51:03 | INFO |       67.911 ¦     4844           2              0.010 
2025-05-23 10:51:03 | INFO |       67.921 ¦     4845           2              0.010 
2025-05-23 10:51:03 | INFO |       67.931 ¦     4846           2              0.010 
2025-05-23 10:51:03 | INFO |       67.941 ¦     4847           2              0.010 
2025-05-23 10:51:03 | INFO |       67.951 ¦     4848           2              0.010 
2025-05-23 10:51:03 | INFO |       67.961 ¦     4849           2              0.010 
2025-05-23 10:51:03 | INFO |       67.971 ¦     4850           2              0.010 
2025-05-23 10:51:03 | INFO |       67.981 ¦     4851           2              0.010 
2025-05-23 10:51:03 | INFO |       67.991 ¦     4852           2              0.010 
2025-05-23 10:51:03 | INFO |       68.001 ¦     4853           2              0.010 
2025-05-23 10:51:03 | INFO |       68.011 ¦     4854           2              0.010 
2025-05-23 10:51:03 | INFO |       68.021 ¦     4855           2              0.010 
2025-05-23 10:51:03 | INFO |       68.031 ¦     4856           2              0.010 
2025-05-23 10:51:03 | INFO |       68.041 ¦     4857           2              0.010 
2025-05-23 10:51:03 | INFO |       68.051 ¦     4858           2              0.010 
2025-05-23 10:51:03 | INFO |       68.061 ¦     4859           2              0.010 
2025-05-23 10:51:03 | INFO |       68.071 ¦     4860           2              0.010 
2025-05-23 10:51:03 | INFO |       68.081 ¦     4861           2              0.010 
2025-05-23 10:51:03 | INFO |       68.091 ¦     4862           2              0.010 
2025-05-23 10:51:03 | INFO |       68.101 ¦     4863           2              0.010 
2025-05-23 10:51:03 | INFO |       68.111 ¦     4864           2              0.010 
2025-05-23 10:51:03 | INFO |       68.121 ¦     4865           2              0.010 
2025-05-23 10:51:03 | INFO |       68.131 ¦     4866           2              0.010 
2025-05-23 10:51:03 | INFO |       68.141 ¦     4867           2              0.010 
2025-05-23 10:51:03 | INFO |       68.151 ¦     4868           2              0.010 
2025-05-23 10:51:03 | INFO |       68.161 ¦     4869           2              0.010 
2025-05-23 10:51:03 | INFO |       68.171 ¦     4870           2              0.010 
2025-05-23 10:51:03 | INFO |       68.181 ¦     4871           2              0.010 
2025-05-23 10:51:03 | INFO |       68.191 ¦     4872           2              0.010 
2025-05-23 10:51:03 | INFO |       68.201 ¦     4873           2              0.010 
2025-05-23 10:51:03 | INFO |       68.211 ¦     4874           2              0.010 
2025-05-23 10:51:03 | INFO |       68.221 ¦     4875           2              0.010 
2025-05-23 10:51:03 | INFO |       68.231 ¦     4876           2              0.010 
2025-05-23 10:51:03 | INFO |       68.241 ¦     4877           2              0.010 
2025-05-23 10:51:03 | INFO |       68.251 ¦     4878           2              0.010 
2025-05-23 10:51:03 | INFO |       68.261 ¦     4879           2              0.010 
2025-05-23 10:51:03 | INFO |       68.271 ¦     4880           2              0.010 
2025-05-23 10:51:03 | INFO |       68.281 ¦     4881           2              0.010 
2025-05-23 10:51:03 | INFO |       68.291 ¦     4882           2              0.010 
2025-05-23 10:51:03 | INFO |       68.301 ¦     4883           2              0.010 
2025-05-23 10:51:03 | INFO |       68.311 ¦     4884           2              0.010 
2025-05-23 10:51:03 | INFO |       68.321 ¦     4885           2              0.010 
2025-05-23 10:51:03 | INFO |       68.331 ¦     4886           2              0.010 
2025-05-23 10:51:03 | INFO |       68.341 ¦     4887           2              0.010 
2025-05-23 10:51:03 | INFO |       68.351 ¦     4888           2              0.010 
2025-05-23 10:51:03 | INFO |       68.361 ¦     4889           2              0.010 
2025-05-23 10:51:03 | INFO |       68.371 ¦     4890           2              0.010 
2025-05-23 10:51:03 | INFO |       68.381 ¦     4891           2              0.010 
2025-05-23 10:51:03 | INFO |       68.391 ¦     4892           2              0.010 
2025-05-23 10:51:03 | INFO |       68.401 ¦     4893           2              0.010 
2025-05-23 10:51:03 | INFO |       68.411 ¦     4894           2              0.010 
2025-05-23 10:51:03 | INFO |       68.421 ¦     4895           2              0.010 
2025-05-23 10:51:03 | INFO |       68.431 ¦     4896           2              0.010 
2025-05-23 10:51:03 | INFO |       68.441 ¦     4897           2              0.010 
2025-05-23 10:51:03 | INFO |       68.451 ¦     4898           2              0.010 
2025-05-23 10:51:03 | INFO |       68.461 ¦     4899           2              0.010 
2025-05-23 10:51:03 | INFO |       68.471 ¦     4900           2              0.010 
2025-05-23 10:51:03 | INFO |       68.481 ¦     4901           2              0.010 
2025-05-23 10:51:03 | INFO |       68.491 ¦     4902           2              0.010 
2025-05-23 10:51:03 | INFO |       68.501 ¦     4903           2              0.010 
2025-05-23 10:51:03 | INFO |       68.511 ¦     4904           2              0.010 
2025-05-23 10:51:03 | INFO |       68.521 ¦     4905           2              0.010 
2025-05-23 10:51:03 | INFO |       68.531 ¦     4906           2              0.010 
2025-05-23 10:51:03 | INFO |       68.541 ¦     4907           2              0.010 
2025-05-23 10:51:03 | INFO |       68.551 ¦     4908           2              0.010 
2025-05-23 10:51:03 | INFO |       68.561 ¦     4909           2              0.010 
2025-05-23 10:51:03 | INFO |       68.571 ¦     4910           2              0.010 
2025-05-23 10:51:03 | INFO |       68.581 ¦     4911           2              0.010 
2025-05-23 10:51:03 | INFO |       68.591 ¦     4912           2              0.010 
2025-05-23 10:51:03 | INFO |       68.601 ¦     4913           2              0.010 
2025-05-23 10:51:03 | INFO |       68.611 ¦     4914           2              0.010 
2025-05-23 10:51:03 | INFO |       68.621 ¦     4915           2              0.010 
2025-05-23 10:51:03 | INFO |       68.631 ¦     4916           2              0.010 
2025-05-23 10:51:03 | INFO |       68.641 ¦     4917           2              0.010 
2025-05-23 10:51:03 | INFO |       68.651 ¦     4918           2              0.010 
2025-05-23 10:51:03 | INFO |       68.661 ¦     4919           2              0.010 
2025-05-23 10:51:03 | INFO |       68.671 ¦     4920           2              0.010 
2025-05-23 10:51:03 | INFO |       68.681 ¦     4921           2              0.010 
2025-05-23 10:51:03 | INFO |       68.691 ¦     4922           2              0.010 
2025-05-23 10:51:03 | INFO |       68.701 ¦     4923           2              0.010 
2025-05-23 10:51:03 | INFO |       68.711 ¦     4924           2              0.010 
2025-05-23 10:51:03 | INFO |       68.721 ¦     4925           2              0.010 
2025-05-23 10:51:03 | INFO |       68.731 ¦     4926           2              0.010 
2025-05-23 10:51:03 | INFO |       68.741 ¦     4927           2              0.010 
2025-05-23 10:51:03 | INFO |       68.751 ¦     4928           2              0.010 
2025-05-23 10:51:03 | INFO |       68.761 ¦     4929           2              0.010 
2025-05-23 10:51:03 | INFO |       68.771 ¦     4930           2              0.010 
2025-05-23 10:51:03 | INFO |       68.781 ¦     4931           2              0.010 
2025-05-23 10:51:03 | INFO |       68.791 ¦     4932           2              0.010 
2025-05-23 10:51:03 | INFO |       68.801 ¦     4933           2              0.010 
2025-05-23 10:51:03 | INFO |       68.811 ¦     4934           2              0.010 
2025-05-23 10:51:03 | INFO |       68.821 ¦     4935           2              0.010 
2025-05-23 10:51:03 | INFO |       68.831 ¦     4936           2              0.010 
2025-05-23 10:51:03 | INFO |       68.841 ¦     4937           2              0.010 
2025-05-23 10:51:03 | INFO |       68.851 ¦     4938           2              0.010 
2025-05-23 10:51:03 | INFO |       68.861 ¦     4939           2              0.010 
2025-05-23 10:51:03 | INFO |       68.871 ¦     4940           2              0.010 
2025-05-23 10:51:03 | INFO |       68.881 ¦     4941           2              0.010 
2025-05-23 10:51:03 | INFO |       68.891 ¦     4942           2              0.010 
2025-05-23 10:51:03 | INFO |       68.901 ¦     4943           2              0.010 
2025-05-23 10:51:03 | INFO |       68.911 ¦     4944           2              0.010 
2025-05-23 10:51:03 | INFO |       68.921 ¦     4945           2              0.010 
2025-05-23 10:51:03 | INFO |       68.931 ¦     4946           2              0.010 
2025-05-23 10:51:03 | INFO |       68.941 ¦     4947           2              0.010 
2025-05-23 10:51:03 | INFO |       68.951 ¦     4948           2              0.010 
2025-05-23 10:51:03 | INFO |       68.961 ¦     4949           2              0.010 
2025-05-23 10:51:03 | INFO |       68.971 ¦     4950           2              0.010 
2025-05-23 10:51:03 | INFO |       68.981 ¦     4951           2              0.010 
2025-05-23 10:51:03 | INFO |       68.991 ¦     4952           2              0.010 
2025-05-23 10:51:03 | INFO |       69.001 ¦     4953           2              0.010 
2025-05-23 10:51:03 | INFO |       69.011 ¦     4954           2              0.010 
2025-05-23 10:51:03 | INFO |       69.021 ¦     4955           2              0.010 
2025-05-23 10:51:03 | INFO |       69.031 ¦     4956           2              0.010 
2025-05-23 10:51:03 | INFO |       69.041 ¦     4957           2              0.010 
2025-05-23 10:51:03 | INFO |       69.051 ¦     4958           2              0.010 
2025-05-23 10:51:03 | INFO |       69.061 ¦     4959           2              0.010 
2025-05-23 10:51:03 | INFO |       69.071 ¦     4960           2              0.010 
2025-05-23 10:51:03 | INFO |       69.081 ¦     4961           2              0.010 
2025-05-23 10:51:03 | INFO |       69.091 ¦     4962           2              0.010 
2025-05-23 10:51:03 | INFO |       69.101 ¦     4963           2              0.010 
2025-05-23 10:51:03 | INFO |       69.111 ¦     4964           2              0.010 
2025-05-23 10:51:03 | INFO |       69.121 ¦     4965           2              0.010 
2025-05-23 10:51:03 | INFO |       69.131 ¦     4966           2              0.010 
2025-05-23 10:51:03 | INFO |       69.141 ¦     4967           2              0.010 
2025-05-23 10:51:03 | INFO |       69.151 ¦     4968           2              0.010 
2025-05-23 10:51:03 | INFO |       69.161 ¦     4969           2              0.010 
2025-05-23 10:51:03 | INFO |       69.171 ¦     4970           2              0.010 
2025-05-23 10:51:03 | INFO |       69.181 ¦     4971           2              0.010 
2025-05-23 10:51:03 | INFO |       69.191 ¦     4972           2              0.010 
2025-05-23 10:51:03 | INFO |       69.201 ¦     4973           2              0.010 
2025-05-23 10:51:03 | INFO |       69.211 ¦     4974           2              0.010 
2025-05-23 10:51:03 | INFO |       69.221 ¦     4975           2              0.010 
2025-05-23 10:51:03 | INFO |       69.231 ¦     4976           2              0.010 
2025-05-23 10:51:03 | INFO |       69.241 ¦     4977           2              0.010 
2025-05-23 10:51:03 | INFO |       69.251 ¦     4978           2              0.010 
2025-05-23 10:51:03 | INFO |       69.261 ¦     4979           2              0.010 
2025-05-23 10:51:03 | INFO |       69.271 ¦     4980           2              0.010 
2025-05-23 10:51:03 | INFO |       69.281 ¦     4981           2              0.010 
2025-05-23 10:51:03 | INFO |       69.291 ¦     4982           2              0.010 
2025-05-23 10:51:03 | INFO |       69.301 ¦     4983           2              0.010 
2025-05-23 10:51:03 | INFO |       69.311 ¦     4984           2              0.010 
2025-05-23 10:51:03 | INFO |       69.321 ¦     4985           2              0.010 
2025-05-23 10:51:03 | INFO |       69.331 ¦     4986           2              0.010 
2025-05-23 10:51:03 | INFO |       69.341 ¦     4987           2              0.010 
2025-05-23 10:51:03 | INFO |       69.351 ¦     4988           2              0.010 
2025-05-23 10:51:03 | INFO |       69.361 ¦     4989           2              0.010 
2025-05-23 10:51:03 | INFO |       69.371 ¦     4990           2              0.010 
2025-05-23 10:51:03 | INFO |       69.381 ¦     4991           2              0.010 
2025-05-23 10:51:03 | INFO |       69.391 ¦     4992           2              0.010 
2025-05-23 10:51:03 | INFO |       69.401 ¦     4993           2              0.010 
2025-05-23 10:51:03 | INFO |       69.411 ¦     4994           2              0.010 
2025-05-23 10:51:03 | INFO |       69.421 ¦     4995           2              0.010 
2025-05-23 10:51:03 | INFO |       69.431 ¦     4996           2              0.010 
2025-05-23 10:51:03 | INFO |       69.441 ¦     4997           2              0.010 
2025-05-23 10:51:03 | INFO |       69.451 ¦     4998           2              0.010 
2025-05-23 10:51:03 | INFO |       69.461 ¦     4999           2              0.010 
2025-05-23 10:51:03 | INFO |       69.471 ¦     5000           2              0.010 
2025-05-23 10:51:03 | INFO |       69.481 ¦     5001           2              0.010 
2025-05-23 10:51:03 | INFO |       69.491 ¦     5002           2              0.010 
2025-05-23 10:51:03 | INFO |       69.501 ¦     5003           2              0.010 
2025-05-23 10:51:03 | INFO |       69.511 ¦     5004           2              0.010 
2025-05-23 10:51:03 | INFO |       69.521 ¦     5005           2              0.010 
2025-05-23 10:51:03 | INFO |       69.531 ¦     5006           2              0.010 
2025-05-23 10:51:03 | INFO |       69.541 ¦     5007           2              0.010 
2025-05-23 10:51:03 | INFO |       69.551 ¦     5008           2              0.010 
2025-05-23 10:51:03 | INFO |       69.561 ¦     5009           2              0.010 
2025-05-23 10:51:03 | INFO |       69.571 ¦     5010           2              0.010 
2025-05-23 10:51:03 | INFO |       69.581 ¦     5011           2              0.010 
2025-05-23 10:51:03 | INFO |       69.591 ¦     5012           2              0.010 
2025-05-23 10:51:03 | INFO |       69.601 ¦     5013           2              0.010 
2025-05-23 10:51:03 | INFO |       69.611 ¦     5014           2              0.010 
2025-05-23 10:51:03 | INFO |       69.621 ¦     5015           2              0.010 
2025-05-23 10:51:03 | INFO |       69.631 ¦     5016           2              0.010 
2025-05-23 10:51:03 | INFO |       69.641 ¦     5017           2              0.010 
2025-05-23 10:51:03 | INFO |       69.651 ¦     5018           2              0.010 
2025-05-23 10:51:03 | INFO |       69.661 ¦     5019           2              0.010 
2025-05-23 10:51:03 | INFO |       69.671 ¦     5020           2              0.010 
2025-05-23 10:51:03 | INFO |       69.681 ¦     5021           2              0.010 
2025-05-23 10:51:03 | INFO |       69.691 ¦     5022           2              0.010 
2025-05-23 10:51:03 | INFO |       69.701 ¦     5023           2              0.010 
2025-05-23 10:51:03 | INFO |       69.711 ¦     5024           2              0.010 
2025-05-23 10:51:03 | INFO |       69.721 ¦     5025           2              0.010 
2025-05-23 10:51:03 | INFO |       69.731 ¦     5026           2              0.010 
2025-05-23 10:51:03 | INFO |       69.741 ¦     5027           2              0.010 
2025-05-23 10:51:03 | INFO |       69.751 ¦     5028           2              0.010 
2025-05-23 10:51:03 | INFO |       69.761 ¦     5029           2              0.010 
2025-05-23 10:51:03 | INFO |       69.771 ¦     5030           2              0.010 
2025-05-23 10:51:03 | INFO |       69.781 ¦     5031           2              0.010 
2025-05-23 10:51:03 | INFO |       69.791 ¦     5032           2              0.010 
2025-05-23 10:51:03 | INFO |       69.801 ¦     5033           2              0.010 
2025-05-23 10:51:03 | INFO |       69.811 ¦     5034           2              0.010 
2025-05-23 10:51:03 | INFO |       69.821 ¦     5035           2              0.010 
2025-05-23 10:51:03 | INFO |       69.831 ¦     5036           2              0.010 
2025-05-23 10:51:03 | INFO |       69.841 ¦     5037           2              0.010 
2025-05-23 10:51:03 | INFO |       69.851 ¦     5038           2              0.010 
2025-05-23 10:51:03 | INFO |       69.861 ¦     5039           2              0.010 
2025-05-23 10:51:03 | INFO |       69.871 ¦     5040           2              0.010 
2025-05-23 10:51:03 | INFO |       69.881 ¦     5041           2              0.010 
2025-05-23 10:51:03 | INFO |       69.891 ¦     5042           2              0.010 
2025-05-23 10:51:03 | INFO |       69.901 ¦     5043           2              0.010 
2025-05-23 10:51:03 | INFO |       69.911 ¦     5044           2              0.010 
2025-05-23 10:51:03 | INFO |       69.921 ¦     5045           2              0.010 
2025-05-23 10:51:03 | INFO |       69.931 ¦     5046           2              0.010 
2025-05-23 10:51:03 | INFO |       69.941 ¦     5047           2              0.010 
2025-05-23 10:51:03 | INFO |       69.951 ¦     5048           2              0.010 
2025-05-23 10:51:03 | INFO |       69.961 ¦     5049           2              0.010 
2025-05-23 10:51:03 | INFO |       69.971 ¦     5050           2              0.010 
2025-05-23 10:51:03 | INFO |       69.981 ¦     5051           2              0.010 
2025-05-23 10:51:03 | INFO |       69.991 ¦     5052           2              0.010 
2025-05-23 10:51:03 | INFO |       70.001 ¦     5053           2              0.010 
2025-05-23 10:51:03 | INFO |       70.011 ¦     5054           2              0.010 
2025-05-23 10:51:03 | INFO |       70.021 ¦     5055           2              0.010 
2025-05-23 10:51:03 | INFO |       70.031 ¦     5056           2              0.010 
2025-05-23 10:51:03 | INFO |       70.041 ¦     5057           2              0.010 
2025-05-23 10:51:03 | INFO |       70.051 ¦     5058           2              0.010 
2025-05-23 10:51:03 | INFO |       70.061 ¦     5059           2              0.010 
2025-05-23 10:51:03 | INFO |       70.071 ¦     5060           2              0.010 
2025-05-23 10:51:03 | INFO |       70.081 ¦     5061           2              0.010 
2025-05-23 10:51:03 | INFO |       70.091 ¦     5062           2              0.010 
2025-05-23 10:51:03 | INFO |       70.101 ¦     5063           2              0.010 
2025-05-23 10:51:03 | INFO |       70.111 ¦     5064           2              0.010 
2025-05-23 10:51:03 | INFO |       70.121 ¦     5065           2              0.010 
2025-05-23 10:51:03 | INFO |       70.131 ¦     5066           2              0.010 
2025-05-23 10:51:03 | INFO |       70.141 ¦     5067           2              0.010 
2025-05-23 10:51:03 | INFO |       70.151 ¦     5068           2              0.010 
2025-05-23 10:51:03 | INFO |       70.161 ¦     5069           2              0.010 
2025-05-23 10:51:03 | INFO |       70.171 ¦     5070           2              0.010 
2025-05-23 10:51:03 | INFO |       70.181 ¦     5071           2              0.010 
2025-05-23 10:51:03 | INFO |       70.191 ¦     5072           2              0.010 
2025-05-23 10:51:03 | INFO |       70.201 ¦     5073           2              0.010 
2025-05-23 10:51:03 | INFO |       70.211 ¦     5074           2              0.010 
2025-05-23 10:51:03 | INFO |       70.221 ¦     5075           2              0.010 
2025-05-23 10:51:03 | INFO |       70.231 ¦     5076           2              0.010 
2025-05-23 10:51:03 | INFO |       70.241 ¦     5077           2              0.010 
2025-05-23 10:51:03 | INFO |       70.251 ¦     5078           2              0.010 
2025-05-23 10:51:03 | INFO |       70.261 ¦     5079           2              0.010 
2025-05-23 10:51:03 | INFO |       70.271 ¦     5080           2              0.010 
2025-05-23 10:51:03 | INFO |       70.281 ¦     5081           2              0.010 
2025-05-23 10:51:03 | INFO |       70.291 ¦     5082           2              0.010 
2025-05-23 10:51:03 | INFO |       70.301 ¦     5083           2              0.010 
2025-05-23 10:51:03 | INFO |       70.311 ¦     5084           2              0.010 
2025-05-23 10:51:03 | INFO |       70.321 ¦     5085           2              0.010 
2025-05-23 10:51:03 | INFO |       70.331 ¦     5086           2              0.010 
2025-05-23 10:51:03 | INFO |       70.341 ¦     5087           2              0.010 
2025-05-23 10:51:03 | INFO |       70.351 ¦     5088           2              0.010 
2025-05-23 10:51:03 | INFO |       70.361 ¦     5089           2              0.010 
2025-05-23 10:51:03 | INFO |       70.371 ¦     5090           2              0.010 
2025-05-23 10:51:03 | INFO |       70.381 ¦     5091           2              0.010 
2025-05-23 10:51:03 | INFO |       70.391 ¦     5092           2              0.010 
2025-05-23 10:51:03 | INFO |       70.401 ¦     5093           2              0.010 
2025-05-23 10:51:03 | INFO |       70.411 ¦     5094           2              0.010 
2025-05-23 10:51:03 | INFO |       70.421 ¦     5095           2              0.010 
2025-05-23 10:51:03 | INFO |       70.431 ¦     5096           2              0.010 
2025-05-23 10:51:03 | INFO |       70.441 ¦     5097           2              0.010 
2025-05-23 10:51:03 | INFO |       70.451 ¦     5098           2              0.010 
2025-05-23 10:51:03 | INFO |       70.461 ¦     5099           2              0.010 
2025-05-23 10:51:03 | INFO |       70.471 ¦     5100           2              0.010 
2025-05-23 10:51:03 | INFO |       70.481 ¦     5101           2              0.010 
2025-05-23 10:51:03 | INFO |       70.491 ¦     5102           2              0.010 
2025-05-23 10:51:03 | INFO |       70.501 ¦     5103           2              0.010 
2025-05-23 10:51:03 | INFO |       70.511 ¦     5104           2              0.010 
2025-05-23 10:51:03 | INFO |       70.521 ¦     5105           2              0.010 
2025-05-23 10:51:03 | INFO |       70.531 ¦     5106           2              0.010 
2025-05-23 10:51:03 | INFO |       70.541 ¦     5107           2              0.010 
2025-05-23 10:51:03 | INFO |       70.551 ¦     5108           2              0.010 
2025-05-23 10:51:03 | INFO |       70.561 ¦     5109           2              0.010 
2025-05-23 10:51:03 | INFO |       70.571 ¦     5110           2              0.010 
2025-05-23 10:51:03 | INFO |       70.581 ¦     5111           2              0.010 
2025-05-23 10:51:03 | INFO |       70.591 ¦     5112           2              0.010 
2025-05-23 10:51:03 | INFO |       70.601 ¦     5113           2              0.010 
2025-05-23 10:51:03 | INFO |       70.611 ¦     5114           2              0.010 
2025-05-23 10:51:03 | INFO |       70.621 ¦     5115           2              0.010 
2025-05-23 10:51:03 | INFO |       70.631 ¦     5116           2              0.010 
2025-05-23 10:51:03 | INFO |       70.641 ¦     5117           2              0.010 
2025-05-23 10:51:03 | INFO |       70.651 ¦     5118           2              0.010 
2025-05-23 10:51:03 | INFO |       70.661 ¦     5119           2              0.010 
2025-05-23 10:51:03 | INFO |       70.671 ¦     5120           2              0.010 
2025-05-23 10:51:03 | INFO |       70.681 ¦     5121           2              0.010 
2025-05-23 10:51:03 | INFO |       70.691 ¦     5122           2              0.010 
2025-05-23 10:51:03 | INFO |       70.701 ¦     5123           2              0.010 
2025-05-23 10:51:03 | INFO |       70.711 ¦     5124           2              0.010 
2025-05-23 10:51:03 | INFO |       70.721 ¦     5125           2              0.010 
2025-05-23 10:51:03 | INFO |       70.731 ¦     5126           2              0.010 
2025-05-23 10:51:03 | INFO |       70.741 ¦     5127           2              0.010 
2025-05-23 10:51:03 | INFO |       70.751 ¦     5128           2              0.010 
2025-05-23 10:51:03 | INFO |       70.761 ¦     5129           2              0.010 
2025-05-23 10:51:03 | INFO |       70.771 ¦     5130           2              0.010 
2025-05-23 10:51:03 | INFO |       70.781 ¦     5131           2              0.010 
2025-05-23 10:51:03 | INFO |       70.791 ¦     5132           2              0.010 
2025-05-23 10:51:03 | INFO |       70.801 ¦     5133           2              0.010 
2025-05-23 10:51:03 | INFO |       70.811 ¦     5134           2              0.010 
2025-05-23 10:51:03 | INFO |       70.821 ¦     5135           2              0.010 
2025-05-23 10:51:03 | INFO |       70.831 ¦     5136           2              0.010 
2025-05-23 10:51:03 | INFO |       70.841 ¦     5137           2              0.010 
2025-05-23 10:51:03 | INFO |       70.851 ¦     5138           2              0.010 
2025-05-23 10:51:03 | INFO |       70.861 ¦     5139           2              0.010 
2025-05-23 10:51:03 | INFO |       70.871 ¦     5140           2              0.010 
2025-05-23 10:51:03 | INFO |       70.881 ¦     5141           2              0.010 
2025-05-23 10:51:03 | INFO |       70.891 ¦     5142           2              0.010 
2025-05-23 10:51:03 | INFO |       70.901 ¦     5143           2              0.010 
2025-05-23 10:51:03 | INFO |       70.911 ¦     5144           2              0.010 
2025-05-23 10:51:03 | INFO |       70.921 ¦     5145           2              0.010 
2025-05-23 10:51:03 | INFO |       70.931 ¦     5146           2              0.010 
2025-05-23 10:51:03 | INFO |       70.941 ¦     5147           2              0.010 
2025-05-23 10:51:03 | INFO |       70.951 ¦     5148           2              0.010 
2025-05-23 10:51:03 | INFO |       70.961 ¦     5149           2              0.010 
2025-05-23 10:51:03 | INFO |       70.971 ¦     5150           2              0.010 
2025-05-23 10:51:03 | INFO |       70.981 ¦     5151           2              0.010 
2025-05-23 10:51:03 | INFO |       70.991 ¦     5152           2              0.010 
2025-05-23 10:51:03 | INFO |       71.001 ¦     5153           2              0.010 
2025-05-23 10:51:03 | INFO |       71.011 ¦     5154           2              0.010 
2025-05-23 10:51:03 | INFO |       71.021 ¦     5155           2              0.010 
2025-05-23 10:51:03 | INFO |       71.031 ¦     5156           2              0.010 
2025-05-23 10:51:03 | INFO |       71.041 ¦     5157           2              0.010 
2025-05-23 10:51:03 | INFO |       71.051 ¦     5158           2              0.010 
2025-05-23 10:51:03 | INFO |       71.061 ¦     5159           2              0.010 
2025-05-23 10:51:03 | INFO |       71.071 ¦     5160           2              0.010 
2025-05-23 10:51:03 | INFO |       71.081 ¦     5161           2              0.010 
2025-05-23 10:51:03 | INFO |       71.091 ¦     5162           2              0.010 
2025-05-23 10:51:03 | INFO |       71.101 ¦     5163           2              0.010 
2025-05-23 10:51:03 | INFO |       71.111 ¦     5164           2              0.010 
2025-05-23 10:51:03 | INFO |       71.121 ¦     5165           2              0.010 
2025-05-23 10:51:03 | INFO |       71.131 ¦     5166           2              0.010 
2025-05-23 10:51:03 | INFO |       71.141 ¦     5167           2              0.010 
2025-05-23 10:51:03 | INFO |       71.151 ¦     5168           2              0.010 
2025-05-23 10:51:03 | INFO |       71.161 ¦     5169           2              0.010 
2025-05-23 10:51:03 | INFO |       71.171 ¦     5170           2              0.010 
2025-05-23 10:51:03 | INFO |       71.181 ¦     5171           2              0.010 
2025-05-23 10:51:03 | INFO |       71.191 ¦     5172           2              0.010 
2025-05-23 10:51:03 | INFO |       71.201 ¦     5173           2              0.010 
2025-05-23 10:51:03 | INFO |       71.211 ¦     5174           2              0.010 
2025-05-23 10:51:03 | INFO |       71.221 ¦     5175           2              0.010 
2025-05-23 10:51:03 | INFO |       71.231 ¦     5176           2              0.010 
2025-05-23 10:51:03 | INFO |       71.241 ¦     5177           2              0.010 
2025-05-23 10:51:03 | INFO |       71.251 ¦     5178           2              0.010 
2025-05-23 10:51:03 | INFO |       71.261 ¦     5179           2              0.010 
2025-05-23 10:51:03 | INFO |       71.271 ¦     5180           2              0.010 
2025-05-23 10:51:03 | INFO |       71.281 ¦     5181           2              0.010 
2025-05-23 10:51:03 | INFO |       71.291 ¦     5182           2              0.010 
2025-05-23 10:51:03 | INFO |       71.301 ¦     5183           2              0.010 
2025-05-23 10:51:03 | INFO |       71.311 ¦     5184           2              0.010 
2025-05-23 10:51:03 | INFO |       71.321 ¦     5185           2              0.010 
2025-05-23 10:51:03 | INFO |       71.331 ¦     5186           2              0.010 
2025-05-23 10:51:03 | INFO |       71.341 ¦     5187           2              0.010 
2025-05-23 10:51:03 | INFO |       71.351 ¦     5188           2              0.010 
2025-05-23 10:51:03 | INFO |       71.361 ¦     5189           2              0.010 
2025-05-23 10:51:03 | INFO |       71.371 ¦     5190           2              0.010 
2025-05-23 10:51:03 | INFO |       71.381 ¦     5191           2              0.010 
2025-05-23 10:51:03 | INFO |       71.391 ¦     5192           2              0.010 
2025-05-23 10:51:03 | INFO |       71.401 ¦     5193           2              0.010 
2025-05-23 10:51:03 | INFO |       71.411 ¦     5194           2              0.010 
2025-05-23 10:51:03 | INFO |       71.421 ¦     5195           2              0.010 
2025-05-23 10:51:03 | INFO |       71.431 ¦     5196           2              0.010 
2025-05-23 10:51:03 | INFO |       71.441 ¦     5197           2              0.010 
2025-05-23 10:51:03 | INFO |       71.451 ¦     5198           2              0.010 
2025-05-23 10:51:03 | INFO |       71.461 ¦     5199           2              0.010 
2025-05-23 10:51:03 | INFO |       71.471 ¦     5200           2              0.010 
2025-05-23 10:51:03 | INFO |       71.481 ¦     5201           2              0.010 
2025-05-23 10:51:03 | INFO |       71.491 ¦     5202           2              0.010 
2025-05-23 10:51:03 | INFO |       71.501 ¦     5203           2              0.010 
2025-05-23 10:51:03 | INFO |       71.511 ¦     5204           2              0.010 
2025-05-23 10:51:03 | INFO |       71.521 ¦     5205           2              0.010 
2025-05-23 10:51:03 | INFO |       71.531 ¦     5206           2              0.010 
2025-05-23 10:51:03 | INFO |       71.541 ¦     5207           2              0.010 
2025-05-23 10:51:03 | INFO |       71.551 ¦     5208           2              0.010 
2025-05-23 10:51:03 | INFO |       71.561 ¦     5209           2              0.010 
2025-05-23 10:51:03 | INFO |       71.571 ¦     5210           2              0.010 
2025-05-23 10:51:03 | INFO |       71.581 ¦     5211           2              0.010 
2025-05-23 10:51:03 | INFO |       71.591 ¦     5212           2              0.010 
2025-05-23 10:51:03 | INFO |       71.601 ¦     5213           2              0.010 
2025-05-23 10:51:03 | INFO |       71.611 ¦     5214           2              0.010 
2025-05-23 10:51:03 | INFO |       71.621 ¦     5215           2              0.010 
2025-05-23 10:51:03 | INFO |       71.631 ¦     5216           2              0.010 
2025-05-23 10:51:03 | INFO |       71.641 ¦     5217           2              0.010 
2025-05-23 10:51:03 | INFO |       71.651 ¦     5218           2              0.010 
2025-05-23 10:51:03 | INFO |       71.661 ¦     5219           2              0.010 
2025-05-23 10:51:03 | INFO |       71.671 ¦     5220           2              0.010 
2025-05-23 10:51:03 | INFO |       71.681 ¦     5221           2              0.010 
2025-05-23 10:51:03 | INFO |       71.691 ¦     5222           2              0.010 
2025-05-23 10:51:03 | INFO |       71.701 ¦     5223           2              0.010 
2025-05-23 10:51:03 | INFO |       71.711 ¦     5224           2              0.010 
2025-05-23 10:51:03 | INFO |       71.721 ¦     5225           2              0.010 
2025-05-23 10:51:03 | INFO |       71.731 ¦     5226           2              0.010 
2025-05-23 10:51:03 | INFO |       71.741 ¦     5227           2              0.010 
2025-05-23 10:51:03 | INFO |       71.751 ¦     5228           2              0.010 
2025-05-23 10:51:03 | INFO |       71.761 ¦     5229           2              0.010 
2025-05-23 10:51:03 | INFO |       71.771 ¦     5230           2              0.010 
2025-05-23 10:51:03 | INFO |       71.781 ¦     5231           2              0.010 
2025-05-23 10:51:03 | INFO |       71.791 ¦     5232           2              0.010 
2025-05-23 10:51:03 | INFO |       71.801 ¦     5233           2              0.010 
2025-05-23 10:51:03 | INFO |       71.811 ¦     5234           2              0.010 
2025-05-23 10:51:03 | INFO |       71.821 ¦     5235           2              0.010 
2025-05-23 10:51:03 | INFO |       71.831 ¦     5236           2              0.010 
2025-05-23 10:51:03 | INFO |       71.841 ¦     5237           2              0.010 
2025-05-23 10:51:03 | INFO |       71.851 ¦     5238           2              0.010 
2025-05-23 10:51:03 | INFO |       71.861 ¦     5239           2              0.010 
2025-05-23 10:51:03 | INFO |       71.871 ¦     5240           2              0.010 
2025-05-23 10:51:03 | INFO |       71.881 ¦     5241           2              0.010 
2025-05-23 10:51:03 | INFO |       71.891 ¦     5242           2              0.010 
2025-05-23 10:51:03 | INFO |       71.901 ¦     5243           2              0.010 
2025-05-23 10:51:03 | INFO |       71.911 ¦     5244           2              0.010 
2025-05-23 10:51:03 | INFO |       71.921 ¦     5245           2              0.010 
2025-05-23 10:51:03 | INFO |       71.931 ¦     5246           2              0.010 
2025-05-23 10:51:03 | INFO |       71.941 ¦     5247           2              0.010 
2025-05-23 10:51:03 | INFO |       71.951 ¦     5248           2              0.010 
2025-05-23 10:51:03 | INFO |       71.961 ¦     5249           2              0.010 
2025-05-23 10:51:03 | INFO |       71.971 ¦     5250           2              0.010 
2025-05-23 10:51:03 | INFO |       71.981 ¦     5251           2              0.010 
2025-05-23 10:51:03 | INFO |       71.991 ¦     5252           2              0.010 
2025-05-23 10:51:03 | INFO |       72.001 ¦     5253           2              0.010 
2025-05-23 10:51:03 | INFO |       72.011 ¦     5254           2              0.010 
2025-05-23 10:51:03 | INFO |       72.021 ¦     5255           2              0.010 
2025-05-23 10:51:03 | INFO |       72.031 ¦     5256           2              0.010 
2025-05-23 10:51:03 | INFO |       72.041 ¦     5257           2              0.010 
2025-05-23 10:51:03 | INFO |       72.051 ¦     5258           2              0.010 
2025-05-23 10:51:03 | INFO |       72.061 ¦     5259           2              0.010 
2025-05-23 10:51:03 | INFO |       72.071 ¦     5260           2              0.010 
2025-05-23 10:51:03 | INFO |       72.081 ¦     5261           2              0.010 
2025-05-23 10:51:03 | INFO |       72.091 ¦     5262           2              0.010 
2025-05-23 10:51:03 | INFO |       72.101 ¦     5263           2              0.010 
2025-05-23 10:51:03 | INFO |       72.111 ¦     5264           2              0.010 
2025-05-23 10:51:03 | INFO |       72.121 ¦     5265           2              0.010 
2025-05-23 10:51:03 | INFO |       72.131 ¦     5266           2              0.010 
2025-05-23 10:51:03 | INFO |       72.141 ¦     5267           2              0.010 
2025-05-23 10:51:03 | INFO |       72.151 ¦     5268           2              0.010 
2025-05-23 10:51:03 | INFO |       72.161 ¦     5269           2              0.010 
2025-05-23 10:51:03 | INFO |       72.171 ¦     5270           2              0.010 
2025-05-23 10:51:03 | INFO |       72.181 ¦     5271           2              0.010 
2025-05-23 10:51:03 | INFO |       72.191 ¦     5272           2              0.010 
2025-05-23 10:51:03 | INFO |       72.201 ¦     5273           2              0.010 
2025-05-23 10:51:03 | INFO |       72.211 ¦     5274           2              0.010 
2025-05-23 10:51:03 | INFO |       72.221 ¦     5275           2              0.010 
2025-05-23 10:51:03 | INFO |       72.231 ¦     5276           2              0.010 
2025-05-23 10:51:03 | INFO |       72.241 ¦     5277           2              0.010 
2025-05-23 10:51:03 | INFO |       72.251 ¦     5278           2              0.010 
2025-05-23 10:51:03 | INFO |       72.261 ¦     5279           2              0.010 
2025-05-23 10:51:03 | INFO |       72.271 ¦     5280           2              0.010 
2025-05-23 10:51:03 | INFO |       72.281 ¦     5281           2              0.010 
2025-05-23 10:51:03 | INFO |       72.291 ¦     5282           2              0.010 
2025-05-23 10:51:03 | INFO |       72.301 ¦     5283           2              0.010 
2025-05-23 10:51:03 | INFO |       72.311 ¦     5284           2              0.010 
2025-05-23 10:51:03 | INFO |       72.321 ¦     5285           2              0.010 
2025-05-23 10:51:03 | INFO |       72.331 ¦     5286           2              0.010 
2025-05-23 10:51:03 | INFO |       72.341 ¦     5287           2              0.010 
2025-05-23 10:51:03 | INFO |       72.351 ¦     5288           2              0.010 
2025-05-23 10:51:03 | INFO |       72.361 ¦     5289           2              0.010 
2025-05-23 10:51:03 | INFO |       72.371 ¦     5290           2              0.010 
2025-05-23 10:51:03 | INFO |       72.381 ¦     5291           2              0.010 
2025-05-23 10:51:03 | INFO |       72.391 ¦     5292           2              0.010 
2025-05-23 10:51:03 | INFO |       72.401 ¦     5293           2              0.010 
2025-05-23 10:51:03 | INFO |       72.411 ¦     5294           2              0.010 
2025-05-23 10:51:03 | INFO |       72.421 ¦     5295           2              0.010 
2025-05-23 10:51:03 | INFO |       72.431 ¦     5296           2              0.010 
2025-05-23 10:51:03 | INFO |       72.441 ¦     5297           2              0.010 
2025-05-23 10:51:03 | INFO |       72.451 ¦     5298           2              0.010 
2025-05-23 10:51:03 | INFO |       72.461 ¦     5299           2              0.010 
2025-05-23 10:51:03 | INFO |       72.471 ¦     5300           2              0.010 
2025-05-23 10:51:03 | INFO |       72.481 ¦     5301           2              0.010 
2025-05-23 10:51:03 | INFO |       72.491 ¦     5302           2              0.010 
2025-05-23 10:51:03 | INFO |       72.501 ¦     5303           2              0.010 
2025-05-23 10:51:03 | INFO |       72.511 ¦     5304           2              0.010 
2025-05-23 10:51:03 | INFO |       72.521 ¦     5305           2              0.010 
2025-05-23 10:51:03 | INFO |       72.531 ¦     5306           2              0.010 
2025-05-23 10:51:03 | INFO |       72.541 ¦     5307           2              0.010 
2025-05-23 10:51:03 | INFO |       72.551 ¦     5308           2              0.010 
2025-05-23 10:51:03 | INFO |       72.561 ¦     5309           2              0.010 
2025-05-23 10:51:03 | INFO |       72.571 ¦     5310           2              0.010 
2025-05-23 10:51:03 | INFO |       72.581 ¦     5311           2              0.010 
2025-05-23 10:51:03 | INFO |       72.591 ¦     5312           2              0.010 
2025-05-23 10:51:03 | INFO |       72.601 ¦     5313           2              0.010 
2025-05-23 10:51:03 | INFO |       72.611 ¦     5314           2              0.010 
2025-05-23 10:51:03 | INFO |       72.621 ¦     5315           2              0.010 
2025-05-23 10:51:03 | INFO |       72.631 ¦     5316           2              0.010 
2025-05-23 10:51:03 | INFO |       72.641 ¦     5317           2              0.010 
2025-05-23 10:51:03 | INFO |       72.651 ¦     5318           2              0.010 
2025-05-23 10:51:03 | INFO |       72.661 ¦     5319           2              0.010 
2025-05-23 10:51:03 | INFO |       72.671 ¦     5320           2              0.010 
2025-05-23 10:51:03 | INFO |       72.681 ¦     5321           2              0.010 
2025-05-23 10:51:03 | INFO |       72.691 ¦     5322           2              0.010 
2025-05-23 10:51:03 | INFO |       72.701 ¦     5323           2              0.010 
2025-05-23 10:51:03 | INFO |       72.711 ¦     5324           2              0.010 
2025-05-23 10:51:03 | INFO |       72.721 ¦     5325           2              0.010 
2025-05-23 10:51:03 | INFO |       72.731 ¦     5326           2              0.010 
2025-05-23 10:51:03 | INFO |       72.741 ¦     5327           2              0.010 
2025-05-23 10:51:03 | INFO |       72.751 ¦     5328           2              0.010 
2025-05-23 10:51:03 | INFO |       72.761 ¦     5329           2              0.010 
2025-05-23 10:51:03 | INFO |       72.771 ¦     5330           2              0.010 
2025-05-23 10:51:03 | INFO |       72.781 ¦     5331           2              0.010 
2025-05-23 10:51:03 | INFO |       72.791 ¦     5332           2              0.010 
2025-05-23 10:51:03 | INFO |       72.801 ¦     5333           2              0.010 
2025-05-23 10:51:03 | INFO |       72.811 ¦     5334           2              0.010 
2025-05-23 10:51:03 | INFO |       72.821 ¦     5335           2              0.010 
2025-05-23 10:51:03 | INFO |       72.831 ¦     5336           2              0.010 
2025-05-23 10:51:03 | INFO |       72.841 ¦     5337           2              0.010 
2025-05-23 10:51:03 | INFO |       72.851 ¦     5338           2              0.010 
2025-05-23 10:51:03 | INFO |       72.861 ¦     5339           2              0.010 
2025-05-23 10:51:03 | INFO |       72.871 ¦     5340           2              0.010 
2025-05-23 10:51:03 | INFO |       72.881 ¦     5341           2              0.010 
2025-05-23 10:51:03 | INFO |       72.891 ¦     5342           2              0.010 
2025-05-23 10:51:03 | INFO |       72.901 ¦     5343           2              0.010 
2025-05-23 10:51:03 | INFO |       72.911 ¦     5344           2              0.010 
2025-05-23 10:51:03 | INFO |       72.921 ¦     5345           2              0.010 
2025-05-23 10:51:03 | INFO |       72.931 ¦     5346           2              0.010 
2025-05-23 10:51:03 | INFO |       72.941 ¦     5347           2              0.010 
2025-05-23 10:51:03 | INFO |       72.951 ¦     5348           2              0.010 
2025-05-23 10:51:03 | INFO |       72.961 ¦     5349           2              0.010 
2025-05-23 10:51:03 | INFO |       72.971 ¦     5350           2              0.010 
2025-05-23 10:51:03 | INFO |       72.981 ¦     5351           2              0.010 
2025-05-23 10:51:03 | INFO |       72.991 ¦     5352           2              0.010 
2025-05-23 10:51:03 | INFO |       73.001 ¦     5353           2              0.010 
2025-05-23 10:51:03 | INFO |       73.011 ¦     5354           2              0.010 
2025-05-23 10:51:03 | INFO |       73.021 ¦     5355           2              0.010 
2025-05-23 10:51:03 | INFO |       73.031 ¦     5356           2              0.010 
2025-05-23 10:51:03 | INFO |       73.041 ¦     5357           2              0.010 
2025-05-23 10:51:03 | INFO |       73.051 ¦     5358           2              0.010 
2025-05-23 10:51:03 | INFO |       73.061 ¦     5359           2              0.010 
2025-05-23 10:51:03 | INFO |       73.071 ¦     5360           2              0.010 
2025-05-23 10:51:03 | INFO |       73.081 ¦     5361           2              0.010 
2025-05-23 10:51:03 | INFO |       73.091 ¦     5362           2              0.010 
2025-05-23 10:51:03 | INFO |       73.101 ¦     5363           2              0.010 
2025-05-23 10:51:03 | INFO |       73.111 ¦     5364           2              0.010 
2025-05-23 10:51:03 | INFO |       73.121 ¦     5365           2              0.010 
2025-05-23 10:51:03 | INFO |       73.131 ¦     5366           2              0.010 
2025-05-23 10:51:03 | INFO |       73.141 ¦     5367           2              0.010 
2025-05-23 10:51:03 | INFO |       73.151 ¦     5368           2              0.010 
2025-05-23 10:51:03 | INFO |       73.161 ¦     5369           2              0.010 
2025-05-23 10:51:03 | INFO |       73.171 ¦     5370           2              0.010 
2025-05-23 10:51:03 | INFO |       73.181 ¦     5371           2              0.010 
2025-05-23 10:51:03 | INFO |       73.191 ¦     5372           2              0.010 
2025-05-23 10:51:03 | INFO |       73.201 ¦     5373           2              0.010 
2025-05-23 10:51:03 | INFO |       73.211 ¦     5374           2              0.010 
2025-05-23 10:51:03 | INFO |       73.221 ¦     5375           2              0.010 
2025-05-23 10:51:03 | INFO |       73.231 ¦     5376           2              0.010 
2025-05-23 10:51:03 | INFO |       73.241 ¦     5377           2              0.010 
2025-05-23 10:51:03 | INFO |       73.251 ¦     5378           2              0.010 
2025-05-23 10:51:03 | INFO |       73.261 ¦     5379           2              0.010 
2025-05-23 10:51:03 | INFO |       73.271 ¦     5380           2              0.010 
2025-05-23 10:51:03 | INFO |       73.281 ¦     5381           2              0.010 
2025-05-23 10:51:03 | INFO |       73.291 ¦     5382           2              0.010 
2025-05-23 10:51:03 | INFO |       73.301 ¦     5383           2              0.010 
2025-05-23 10:51:03 | INFO |       73.311 ¦     5384           2              0.010 
2025-05-23 10:51:03 | INFO |       73.321 ¦     5385           2              0.010 
2025-05-23 10:51:03 | INFO |       73.331 ¦     5386           2              0.010 
2025-05-23 10:51:03 | INFO |       73.341 ¦     5387           2              0.010 
2025-05-23 10:51:03 | INFO |       73.351 ¦     5388           2              0.010 
2025-05-23 10:51:03 | INFO |       73.361 ¦     5389           2              0.010 
2025-05-23 10:51:03 | INFO |       73.371 ¦     5390           2              0.010 
2025-05-23 10:51:03 | INFO |       73.381 ¦     5391           2              0.010 
2025-05-23 10:51:03 | INFO |       73.391 ¦     5392           2              0.010 
2025-05-23 10:51:03 | INFO |       73.401 ¦     5393           2              0.010 
2025-05-23 10:51:03 | INFO |       73.411 ¦     5394           2              0.010 
2025-05-23 10:51:03 | INFO |       73.421 ¦     5395           2              0.010 
2025-05-23 10:51:03 | INFO |       73.431 ¦     5396           2              0.010 
2025-05-23 10:51:03 | INFO |       73.441 ¦     5397           2              0.010 
2025-05-23 10:51:03 | INFO |       73.451 ¦     5398           2              0.010 
2025-05-23 10:51:03 | INFO |       73.461 ¦     5399           2              0.010 
2025-05-23 10:51:03 | INFO |       73.471 ¦     5400           2              0.010 
2025-05-23 10:51:03 | INFO |       73.481 ¦     5401           2              0.010 
2025-05-23 10:51:03 | INFO |       73.491 ¦     5402           2              0.010 
2025-05-23 10:51:03 | INFO |       73.501 ¦     5403           2              0.010 
2025-05-23 10:51:03 | INFO |       73.511 ¦     5404           2              0.010 
2025-05-23 10:51:03 | INFO |       73.521 ¦     5405           2              0.010 
2025-05-23 10:51:03 | INFO |       73.531 ¦     5406           2              0.010 
2025-05-23 10:51:03 | INFO |       73.541 ¦     5407           2              0.010 
2025-05-23 10:51:03 | INFO |       73.551 ¦     5408           2              0.010 
2025-05-23 10:51:03 | INFO |       73.561 ¦     5409           2              0.010 
2025-05-23 10:51:03 | INFO |       73.571 ¦     5410           2              0.010 
2025-05-23 10:51:03 | INFO |       73.581 ¦     5411           2              0.010 
2025-05-23 10:51:03 | INFO |       73.591 ¦     5412           2              0.010 
2025-05-23 10:51:03 | INFO |       73.601 ¦     5413           2              0.010 
2025-05-23 10:51:03 | INFO |       73.611 ¦     5414           2              0.010 
2025-05-23 10:51:03 | INFO |       73.621 ¦     5415           2              0.010 
2025-05-23 10:51:03 | INFO |       73.631 ¦     5416           2              0.010 
2025-05-23 10:51:03 | INFO |       73.641 ¦     5417           2              0.010 
2025-05-23 10:51:03 | INFO |       73.651 ¦     5418           2              0.010 
2025-05-23 10:51:03 | INFO |       73.661 ¦     5419           2              0.010 
2025-05-23 10:51:03 | INFO |       73.671 ¦     5420           2              0.010 
2025-05-23 10:51:03 | INFO |       73.681 ¦     5421           2              0.010 
2025-05-23 10:51:03 | INFO |       73.691 ¦     5422           2              0.010 
2025-05-23 10:51:03 | INFO |       73.701 ¦     5423           2              0.010 
2025-05-23 10:51:03 | INFO |       73.711 ¦     5424           2              0.010 
2025-05-23 10:51:03 | INFO |       73.721 ¦     5425           2              0.010 
2025-05-23 10:51:03 | INFO |       73.731 ¦     5426           2              0.010 
2025-05-23 10:51:03 | INFO |       73.741 ¦     5427           2              0.010 
2025-05-23 10:51:03 | INFO |       73.751 ¦     5428           2              0.010 
2025-05-23 10:51:03 | INFO |       73.761 ¦     5429           2              0.010 
2025-05-23 10:51:03 | INFO |       73.771 ¦     5430           2              0.010 
2025-05-23 10:51:03 | INFO |       73.781 ¦     5431           2              0.010 
2025-05-23 10:51:03 | INFO |       73.791 ¦     5432           2              0.010 
2025-05-23 10:51:03 | INFO |       73.801 ¦     5433           2              0.010 
2025-05-23 10:51:03 | INFO |       73.811 ¦     5434           2              0.010 
2025-05-23 10:51:03 | INFO |       73.821 ¦     5435           2              0.010 
2025-05-23 10:51:03 | INFO |       73.831 ¦     5436           2              0.010 
2025-05-23 10:51:03 | INFO |       73.841 ¦     5437           2              0.010 
2025-05-23 10:51:03 | INFO |       73.851 ¦     5438           2              0.010 
2025-05-23 10:51:03 | INFO |       73.861 ¦     5439           2              0.010 
2025-05-23 10:51:03 | INFO |       73.871 ¦     5440           2              0.010 
2025-05-23 10:51:03 | INFO |       73.881 ¦     5441           2              0.010 
2025-05-23 10:51:03 | INFO |       73.891 ¦     5442           2              0.010 
2025-05-23 10:51:03 | INFO |       73.901 ¦     5443           2              0.010 
2025-05-23 10:51:03 | INFO |       73.911 ¦     5444           2              0.010 
2025-05-23 10:51:03 | INFO |       73.921 ¦     5445           2              0.010 
2025-05-23 10:51:03 | INFO |       73.931 ¦     5446           2              0.010 
2025-05-23 10:51:03 | INFO |       73.941 ¦     5447           2              0.010 
2025-05-23 10:51:03 | INFO |       73.951 ¦     5448           2              0.010 
2025-05-23 10:51:03 | INFO |       73.961 ¦     5449           2              0.010 
2025-05-23 10:51:03 | INFO |       73.971 ¦     5450           2              0.010 
2025-05-23 10:51:03 | INFO |       73.981 ¦     5451           2              0.010 
2025-05-23 10:51:03 | INFO |       73.991 ¦     5452           2              0.010 
2025-05-23 10:51:03 | INFO |       74.001 ¦     5453           2              0.010 
2025-05-23 10:51:03 | INFO |       74.011 ¦     5454           2              0.010 
2025-05-23 10:51:03 | INFO |       74.021 ¦     5455           2              0.010 
2025-05-23 10:51:03 | INFO |       74.031 ¦     5456           2              0.010 
2025-05-23 10:51:03 | INFO |       74.041 ¦     5457           2              0.010 
2025-05-23 10:51:03 | INFO |       74.051 ¦     5458           2              0.010 
2025-05-23 10:51:03 | INFO |       74.061 ¦     5459           2              0.010 
2025-05-23 10:51:03 | INFO |       74.071 ¦     5460           2              0.010 
2025-05-23 10:51:03 | INFO |       74.081 ¦     5461           2              0.010 
2025-05-23 10:51:03 | INFO |       74.091 ¦     5462           2              0.010 
2025-05-23 10:51:03 | INFO |       74.101 ¦     5463           2              0.010 
2025-05-23 10:51:03 | INFO |       74.111 ¦     5464           2              0.010 
2025-05-23 10:51:03 | INFO |       74.121 ¦     5465           2              0.010 
2025-05-23 10:51:03 | INFO |       74.131 ¦     5466           2              0.010 
2025-05-23 10:51:03 | INFO |       74.141 ¦     5467           2              0.010 
2025-05-23 10:51:03 | INFO |       74.151 ¦     5468           2              0.010 
2025-05-23 10:51:03 | INFO |       74.161 ¦     5469           2              0.010 
2025-05-23 10:51:03 | INFO |       74.171 ¦     5470           2              0.010 
2025-05-23 10:51:03 | INFO |       74.181 ¦     5471           2              0.010 
2025-05-23 10:51:03 | INFO |       74.191 ¦     5472           2              0.010 
2025-05-23 10:51:03 | INFO |       74.201 ¦     5473           2              0.010 
2025-05-23 10:51:03 | INFO |       74.211 ¦     5474           2              0.010 
2025-05-23 10:51:03 | INFO |       74.221 ¦     5475           2              0.010 
2025-05-23 10:51:03 | INFO |       74.231 ¦     5476           2              0.010 
2025-05-23 10:51:03 | INFO |       74.241 ¦     5477           2              0.010 
2025-05-23 10:51:03 | INFO |       74.251 ¦     5478           2              0.010 
2025-05-23 10:51:03 | INFO |       74.261 ¦     5479           2              0.010 
2025-05-23 10:51:03 | INFO |       74.271 ¦     5480           2              0.010 
2025-05-23 10:51:03 | INFO |       74.281 ¦     5481           2              0.010 
2025-05-23 10:51:03 | INFO |       74.291 ¦     5482           2              0.010 
2025-05-23 10:51:03 | INFO |       74.301 ¦     5483           2              0.010 
2025-05-23 10:51:03 | INFO |       74.311 ¦     5484           2              0.010 
2025-05-23 10:51:03 | INFO |       74.321 ¦     5485           2              0.010 
2025-05-23 10:51:03 | INFO |       74.331 ¦     5486           2              0.010 
2025-05-23 10:51:03 | INFO |       74.341 ¦     5487           2              0.010 
2025-05-23 10:51:03 | INFO |       74.351 ¦     5488           2              0.010 
2025-05-23 10:51:03 | INFO |       74.361 ¦     5489           2              0.010 
2025-05-23 10:51:03 | INFO |       74.371 ¦     5490           2              0.010 
2025-05-23 10:51:03 | INFO |       74.381 ¦     5491           2              0.010 
2025-05-23 10:51:03 | INFO |       74.391 ¦     5492           2              0.010 
2025-05-23 10:51:03 | INFO |       74.401 ¦     5493           2              0.010 
2025-05-23 10:51:03 | INFO |       74.411 ¦     5494           2              0.010 
2025-05-23 10:51:03 | INFO |       74.421 ¦     5495           2              0.010 
2025-05-23 10:51:03 | INFO |       74.431 ¦     5496           2              0.010 
2025-05-23 10:51:03 | INFO |       74.441 ¦     5497           2              0.010 
2025-05-23 10:51:03 | INFO |       74.451 ¦     5498           2              0.010 
2025-05-23 10:51:03 | INFO |       74.461 ¦     5499           2              0.010 
2025-05-23 10:51:03 | INFO |       74.471 ¦     5500           2              0.010 
2025-05-23 10:51:03 | INFO |       74.481 ¦     5501           2              0.010 
2025-05-23 10:51:03 | INFO |       74.491 ¦     5502           2              0.010 
2025-05-23 10:51:03 | INFO |       74.501 ¦     5503           2              0.010 
2025-05-23 10:51:03 | INFO |       74.511 ¦     5504           2              0.010 
2025-05-23 10:51:03 | INFO |       74.521 ¦     5505           2              0.010 
2025-05-23 10:51:03 | INFO |       74.531 ¦     5506           2              0.010 
2025-05-23 10:51:03 | INFO |       74.541 ¦     5507           2              0.010 
2025-05-23 10:51:03 | INFO |       74.551 ¦     5508           2              0.010 
2025-05-23 10:51:03 | INFO |       74.561 ¦     5509           2              0.010 
2025-05-23 10:51:03 | INFO |       74.571 ¦     5510           2              0.010 
2025-05-23 10:51:03 | INFO |       74.581 ¦     5511           2              0.010 
2025-05-23 10:51:03 | INFO |       74.591 ¦     5512           2              0.010 
2025-05-23 10:51:03 | INFO |       74.601 ¦     5513           2              0.010 
2025-05-23 10:51:03 | INFO |       74.611 ¦     5514           2              0.010 
2025-05-23 10:51:03 | INFO |       74.621 ¦     5515           2              0.010 
2025-05-23 10:51:03 | INFO |       74.631 ¦     5516           2              0.010 
2025-05-23 10:51:03 | INFO |       74.641 ¦     5517           2              0.010 
2025-05-23 10:51:03 | INFO |       74.651 ¦     5518           2              0.010 
2025-05-23 10:51:03 | INFO |       74.661 ¦     5519           2              0.010 
2025-05-23 10:51:03 | INFO |       74.671 ¦     5520           2              0.010 
2025-05-23 10:51:03 | INFO |       74.681 ¦     5521           2              0.010 
2025-05-23 10:51:03 | INFO |       74.691 ¦     5522           2              0.010 
2025-05-23 10:51:03 | INFO |       74.701 ¦     5523           2              0.010 
2025-05-23 10:51:03 | INFO |       74.711 ¦     5524           2              0.010 
2025-05-23 10:51:03 | INFO |       74.721 ¦     5525           2              0.010 
2025-05-23 10:51:03 | INFO |       74.731 ¦     5526           2              0.010 
2025-05-23 10:51:03 | INFO |       74.741 ¦     5527           2              0.010 
2025-05-23 10:51:03 | INFO |       74.751 ¦     5528           2              0.010 
2025-05-23 10:51:03 | INFO |       74.761 ¦     5529           2              0.010 
2025-05-23 10:51:03 | INFO |       74.771 ¦     5530           2              0.010 
2025-05-23 10:51:03 | INFO |       74.781 ¦     5531           2              0.010 
2025-05-23 10:51:03 | INFO |       74.791 ¦     5532           2              0.010 
2025-05-23 10:51:03 | INFO |       74.801 ¦     5533           2              0.010 
2025-05-23 10:51:03 | INFO |       74.811 ¦     5534           2              0.010 
2025-05-23 10:51:03 | INFO |       74.821 ¦     5535           2              0.010 
2025-05-23 10:51:03 | INFO |       74.831 ¦     5536           2              0.010 
2025-05-23 10:51:03 | INFO |       74.841 ¦     5537           2              0.010 
2025-05-23 10:51:03 | INFO |       74.851 ¦     5538           2              0.010 
2025-05-23 10:51:03 | INFO |       74.861 ¦     5539           2              0.010 
2025-05-23 10:51:03 | INFO |       74.871 ¦     5540           2              0.010 
2025-05-23 10:51:03 | INFO |       74.881 ¦     5541           2              0.010 
2025-05-23 10:51:03 | INFO |       74.891 ¦     5542           2              0.010 
2025-05-23 10:51:03 | INFO |       74.901 ¦     5543           2              0.010 
2025-05-23 10:51:03 | INFO |       74.911 ¦     5544           2              0.010 
2025-05-23 10:51:03 | INFO |       74.921 ¦     5545           2              0.010 
2025-05-23 10:51:03 | INFO |       74.931 ¦     5546           2              0.010 
2025-05-23 10:51:03 | INFO |       74.941 ¦     5547           2              0.010 
2025-05-23 10:51:03 | INFO |       74.951 ¦     5548           2              0.010 
2025-05-23 10:51:03 | INFO |       74.961 ¦     5549           2              0.010 
2025-05-23 10:51:03 | INFO |       74.971 ¦     5550           2              0.010 
2025-05-23 10:51:03 | INFO |       74.981 ¦     5551           2              0.010 
2025-05-23 10:51:03 | INFO |       74.991 ¦     5552           2              0.010 
2025-05-23 10:51:03 | INFO |       75.001 ¦     5553           2              0.010 
2025-05-23 10:51:03 | INFO |       75.011 ¦     5554           2              0.010 
2025-05-23 10:51:03 | INFO |       75.021 ¦     5555           2              0.010 
2025-05-23 10:51:03 | INFO |       75.031 ¦     5556           2              0.010 
2025-05-23 10:51:03 | INFO |       75.041 ¦     5557           2              0.010 
2025-05-23 10:51:03 | INFO |       75.051 ¦     5558           2              0.010 
2025-05-23 10:51:03 | INFO |       75.061 ¦     5559           2              0.010 
2025-05-23 10:51:03 | INFO |       75.071 ¦     5560           2              0.010 
2025-05-23 10:51:03 | INFO |       75.081 ¦     5561           2              0.010 
2025-05-23 10:51:03 | INFO |       75.091 ¦     5562           2              0.010 
2025-05-23 10:51:03 | INFO |       75.101 ¦     5563           2              0.010 
2025-05-23 10:51:03 | INFO |       75.111 ¦     5564           2              0.010 
2025-05-23 10:51:03 | INFO |       75.121 ¦     5565           2              0.010 
2025-05-23 10:51:03 | INFO |       75.131 ¦     5566           2              0.010 
2025-05-23 10:51:03 | INFO |       75.141 ¦     5567           2              0.010 
2025-05-23 10:51:03 | INFO |       75.151 ¦     5568           2              0.010 
2025-05-23 10:51:03 | INFO |       75.161 ¦     5569           2              0.010 
2025-05-23 10:51:03 | INFO |       75.171 ¦     5570           2              0.010 
2025-05-23 10:51:03 | INFO |       75.181 ¦     5571           2              0.010 
2025-05-23 10:51:03 | INFO |       75.191 ¦     5572           2              0.010 
2025-05-23 10:51:03 | INFO |       75.201 ¦     5573           2              0.010 
2025-05-23 10:51:03 | INFO |       75.211 ¦     5574           2              0.010 
2025-05-23 10:51:03 | INFO |       75.221 ¦     5575           2              0.010 
2025-05-23 10:51:03 | INFO |       75.231 ¦     5576           2              0.010 
2025-05-23 10:51:03 | INFO |       75.241 ¦     5577           2              0.010 
2025-05-23 10:51:03 | INFO |       75.251 ¦     5578           2              0.010 
2025-05-23 10:51:03 | INFO |       75.261 ¦     5579           2              0.010 
2025-05-23 10:51:03 | INFO |       75.271 ¦     5580           2              0.010 
2025-05-23 10:51:03 | INFO |       75.281 ¦     5581           2              0.010 
2025-05-23 10:51:03 | INFO |       75.291 ¦     5582           2              0.010 
2025-05-23 10:51:03 | INFO |       75.301 ¦     5583           2              0.010 
2025-05-23 10:51:03 | INFO |       75.311 ¦     5584           2              0.010 
2025-05-23 10:51:03 | INFO |       75.321 ¦     5585           2              0.010 
2025-05-23 10:51:03 | INFO |       75.331 ¦     5586           2              0.010 
2025-05-23 10:51:03 | INFO |       75.341 ¦     5587           2              0.010 
2025-05-23 10:51:03 | INFO |       75.351 ¦     5588           2              0.010 
2025-05-23 10:51:03 | INFO |       75.361 ¦     5589           2              0.010 
2025-05-23 10:51:03 | INFO |       75.371 ¦     5590           2              0.010 
2025-05-23 10:51:03 | INFO |       75.381 ¦     5591           2              0.010 
2025-05-23 10:51:03 | INFO |       75.391 ¦     5592           2              0.010 
2025-05-23 10:51:03 | INFO |       75.401 ¦     5593           2              0.010 
2025-05-23 10:51:03 | INFO |       75.411 ¦     5594           2              0.010 
2025-05-23 10:51:03 | INFO |       75.421 ¦     5595           2              0.010 
2025-05-23 10:51:03 | INFO |       75.431 ¦     5596           2              0.010 
2025-05-23 10:51:03 | INFO |       75.441 ¦     5597           2              0.010 
2025-05-23 10:51:03 | INFO |       75.451 ¦     5598           2              0.010 
2025-05-23 10:51:03 | INFO |       75.461 ¦     5599           2              0.010 
2025-05-23 10:51:03 | INFO |       75.471 ¦     5600           2              0.010 
2025-05-23 10:51:03 | INFO |       75.481 ¦     5601           2              0.010 
2025-05-23 10:51:03 | INFO |       75.491 ¦     5602           2              0.010 
2025-05-23 10:51:03 | INFO |       75.501 ¦     5603           2              0.010 
2025-05-23 10:51:03 | INFO |       75.511 ¦     5604           2              0.010 
2025-05-23 10:51:03 | INFO |       75.521 ¦     5605           2              0.010 
2025-05-23 10:51:03 | INFO |       75.531 ¦     5606           2              0.010 
2025-05-23 10:51:03 | INFO |       75.541 ¦     5607           2              0.010 
2025-05-23 10:51:03 | INFO |       75.551 ¦     5608           2              0.010 
2025-05-23 10:51:03 | INFO |       75.561 ¦     5609           2              0.010 
2025-05-23 10:51:03 | INFO |       75.571 ¦     5610           2              0.010 
2025-05-23 10:51:03 | INFO |       75.581 ¦     5611           2              0.010 
2025-05-23 10:51:03 | INFO |       75.591 ¦     5612           2              0.010 
2025-05-23 10:51:03 | INFO |       75.601 ¦     5613           2              0.010 
2025-05-23 10:51:03 | INFO |       75.611 ¦     5614           2              0.010 
2025-05-23 10:51:03 | INFO |       75.621 ¦     5615           2              0.010 
2025-05-23 10:51:03 | INFO |       75.631 ¦     5616           2              0.010 
2025-05-23 10:51:03 | INFO |       75.641 ¦     5617           2              0.010 
2025-05-23 10:51:03 | INFO |       75.651 ¦     5618           2              0.010 
2025-05-23 10:51:03 | INFO |       75.661 ¦     5619           2              0.010 
2025-05-23 10:51:03 | INFO |       75.671 ¦     5620           2              0.010 
2025-05-23 10:51:03 | INFO |       75.681 ¦     5621           2              0.010 
2025-05-23 10:51:03 | INFO |       75.691 ¦     5622           2              0.010 
2025-05-23 10:51:03 | INFO |       75.701 ¦     5623           2              0.010 
2025-05-23 10:51:03 | INFO |       75.711 ¦     5624           2              0.010 
2025-05-23 10:51:03 | INFO |       75.721 ¦     5625           2              0.010 
2025-05-23 10:51:03 | INFO |       75.731 ¦     5626           2              0.010 
2025-05-23 10:51:03 | INFO |       75.741 ¦     5627           2              0.010 
2025-05-23 10:51:03 | INFO |       75.751 ¦     5628           2              0.010 
2025-05-23 10:51:03 | INFO |       75.761 ¦     5629           2              0.010 
2025-05-23 10:51:03 | INFO |       75.771 ¦     5630           2              0.010 
2025-05-23 10:51:03 | INFO |       75.781 ¦     5631           2              0.010 
2025-05-23 10:51:03 | INFO |       75.791 ¦     5632           2              0.010 
2025-05-23 10:51:03 | INFO |       75.801 ¦     5633           2              0.010 
2025-05-23 10:51:03 | INFO |       75.811 ¦     5634           2              0.010 
2025-05-23 10:51:03 | INFO |       75.821 ¦     5635           2              0.010 
2025-05-23 10:51:03 | INFO |       75.831 ¦     5636           2              0.010 
2025-05-23 10:51:03 | INFO |       75.841 ¦     5637           2              0.010 
2025-05-23 10:51:03 | INFO |       75.851 ¦     5638           2              0.010 
2025-05-23 10:51:03 | INFO |       75.861 ¦     5639           2              0.010 
2025-05-23 10:51:03 | INFO |       75.871 ¦     5640           2              0.010 
2025-05-23 10:51:03 | INFO |       75.881 ¦     5641           2              0.010 
2025-05-23 10:51:03 | INFO |       75.891 ¦     5642           2              0.010 
2025-05-23 10:51:03 | INFO |       75.901 ¦     5643           2              0.010 
2025-05-23 10:51:03 | INFO |       75.911 ¦     5644           2              0.010 
2025-05-23 10:51:03 | INFO |       75.921 ¦     5645           2              0.010 
2025-05-23 10:51:03 | INFO |       75.931 ¦     5646           2              0.010 
2025-05-23 10:51:03 | INFO |       75.941 ¦     5647           2              0.010 
2025-05-23 10:51:03 | INFO |       75.951 ¦     5648           2              0.010 
2025-05-23 10:51:03 | INFO |       75.961 ¦     5649           2              0.010 
2025-05-23 10:51:03 | INFO |       75.971 ¦     5650           2              0.010 
2025-05-23 10:51:03 | INFO |       75.981 ¦     5651           2              0.010 
2025-05-23 10:51:03 | INFO |       75.991 ¦     5652           2              0.010 
2025-05-23 10:51:03 | INFO |       76.001 ¦     5653           2              0.010 
2025-05-23 10:51:03 | INFO |       76.011 ¦     5654           2              0.010 
2025-05-23 10:51:03 | INFO |       76.021 ¦     5655           2              0.010 
2025-05-23 10:51:03 | INFO |       76.031 ¦     5656           2              0.010 
2025-05-23 10:51:03 | INFO |       76.041 ¦     5657           2              0.010 
2025-05-23 10:51:03 | INFO |       76.051 ¦     5658           2              0.010 
2025-05-23 10:51:03 | INFO |       76.061 ¦     5659           2              0.010 
2025-05-23 10:51:03 | INFO |       76.071 ¦     5660           2              0.010 
2025-05-23 10:51:03 | INFO |       76.081 ¦     5661           2              0.010 
2025-05-23 10:51:03 | INFO |       76.091 ¦     5662           2              0.010 
2025-05-23 10:51:03 | INFO |       76.101 ¦     5663           2              0.010 
2025-05-23 10:51:03 | INFO |       76.111 ¦     5664           2              0.010 
2025-05-23 10:51:03 | INFO |       76.121 ¦     5665           2              0.010 
2025-05-23 10:51:03 | INFO |       76.131 ¦     5666           2              0.010 
2025-05-23 10:51:03 | INFO |       76.141 ¦     5667           2              0.010 
2025-05-23 10:51:03 | INFO |       76.151 ¦     5668           2              0.010 
2025-05-23 10:51:03 | INFO |       76.161 ¦     5669           2              0.010 
2025-05-23 10:51:03 | INFO |       76.171 ¦     5670           2              0.010 
2025-05-23 10:51:03 | INFO |       76.181 ¦     5671           2              0.010 
2025-05-23 10:51:03 | INFO |       76.191 ¦     5672           2              0.010 
2025-05-23 10:51:03 | INFO |       76.201 ¦     5673           2              0.010 
2025-05-23 10:51:03 | INFO |       76.211 ¦     5674           2              0.010 
2025-05-23 10:51:03 | INFO |       76.221 ¦     5675           2              0.010 
2025-05-23 10:51:03 | INFO |       76.231 ¦     5676           2              0.010 
2025-05-23 10:51:03 | INFO |       76.241 ¦     5677           2              0.010 
2025-05-23 10:51:03 | INFO |       76.251 ¦     5678           2              0.010 
2025-05-23 10:51:03 | INFO |       76.261 ¦     5679           2              0.010 
2025-05-23 10:51:03 | INFO |       76.271 ¦     5680           2              0.010 
2025-05-23 10:51:03 | INFO |       76.281 ¦     5681           2              0.010 
2025-05-23 10:51:03 | INFO |       76.291 ¦     5682           2              0.010 
2025-05-23 10:51:03 | INFO |       76.301 ¦     5683           2              0.010 
2025-05-23 10:51:03 | INFO |       76.311 ¦     5684           2              0.010 
2025-05-23 10:51:03 | INFO |       76.321 ¦     5685           2              0.010 
2025-05-23 10:51:03 | INFO |       76.331 ¦     5686           2              0.010 
2025-05-23 10:51:03 | INFO |       76.341 ¦     5687           2              0.010 
2025-05-23 10:51:03 | INFO |       76.351 ¦     5688           2              0.010 
2025-05-23 10:51:03 | INFO |       76.361 ¦     5689           2              0.010 
2025-05-23 10:51:03 | INFO |       76.371 ¦     5690           2              0.010 
2025-05-23 10:51:03 | INFO |       76.381 ¦     5691           2              0.010 
2025-05-23 10:51:03 | INFO |       76.391 ¦     5692           2              0.010 
2025-05-23 10:51:03 | INFO |       76.401 ¦     5693           2              0.010 
2025-05-23 10:51:03 | INFO |       76.411 ¦     5694           2              0.010 
2025-05-23 10:51:03 | INFO |       76.421 ¦     5695           2              0.010 
2025-05-23 10:51:03 | INFO |       76.431 ¦     5696           2              0.010 
2025-05-23 10:51:03 | INFO |       76.441 ¦     5697           2              0.010 
2025-05-23 10:51:03 | INFO |       76.451 ¦     5698           2              0.010 
2025-05-23 10:51:03 | INFO |       76.461 ¦     5699           2              0.010 
2025-05-23 10:51:03 | INFO |       76.471 ¦     5700           2              0.010 
2025-05-23 10:51:03 | INFO |       76.481 ¦     5701           2              0.010 
2025-05-23 10:51:03 | INFO |       76.491 ¦     5702           2              0.010 
2025-05-23 10:51:03 | INFO |       76.501 ¦     5703           2              0.010 
2025-05-23 10:51:03 | INFO |       76.511 ¦     5704           2              0.010 
2025-05-23 10:51:03 | INFO |       76.521 ¦     5705           2              0.010 
2025-05-23 10:51:03 | INFO |       76.531 ¦     5706           2              0.010 
2025-05-23 10:51:03 | INFO |       76.541 ¦     5707           2              0.010 
2025-05-23 10:51:03 | INFO |       76.551 ¦     5708           2              0.010 
2025-05-23 10:51:03 | INFO |       76.561 ¦     5709           2              0.010 
2025-05-23 10:51:03 | INFO |       76.571 ¦     5710           2              0.010 
2025-05-23 10:51:03 | INFO |       76.581 ¦     5711           2              0.010 
2025-05-23 10:51:03 | INFO |       76.591 ¦     5712           2              0.010 
2025-05-23 10:51:03 | INFO |       76.601 ¦     5713           2              0.010 
2025-05-23 10:51:03 | INFO |       76.611 ¦     5714           2              0.010 
2025-05-23 10:51:03 | INFO |       76.621 ¦     5715           2              0.010 
2025-05-23 10:51:03 | INFO |       76.631 ¦     5716           2              0.010 
2025-05-23 10:51:03 | INFO |       76.641 ¦     5717           2              0.010 
2025-05-23 10:51:03 | INFO |       76.651 ¦     5718           2              0.010 
2025-05-23 10:51:03 | INFO |       76.661 ¦     5719           2              0.010 
2025-05-23 10:51:03 | INFO |       76.671 ¦     5720           2              0.010 
2025-05-23 10:51:03 | INFO |       76.681 ¦     5721           2              0.010 
2025-05-23 10:51:03 | INFO |       76.691 ¦     5722           2              0.010 
2025-05-23 10:51:03 | INFO |       76.701 ¦     5723           2              0.010 
2025-05-23 10:51:03 | INFO |       76.711 ¦     5724           2              0.010 
2025-05-23 10:51:03 | INFO |       76.721 ¦     5725           2              0.010 
2025-05-23 10:51:03 | INFO |       76.731 ¦     5726           2              0.010 
2025-05-23 10:51:03 | INFO |       76.741 ¦     5727           2              0.010 
2025-05-23 10:51:03 | INFO |       76.751 ¦     5728           2              0.010 
2025-05-23 10:51:03 | INFO |       76.761 ¦     5729           2              0.010 
2025-05-23 10:51:03 | INFO |       76.771 ¦     5730           2              0.010 
2025-05-23 10:51:03 | INFO |       76.781 ¦     5731           2              0.010 
2025-05-23 10:51:03 | INFO |       76.791 ¦     5732           2              0.010 
2025-05-23 10:51:03 | INFO |       76.801 ¦     5733           2              0.010 
2025-05-23 10:51:03 | INFO |       76.811 ¦     5734           2              0.010 
2025-05-23 10:51:03 | INFO |       76.821 ¦     5735           2              0.010 
2025-05-23 10:51:03 | INFO |       76.831 ¦     5736           2              0.010 
2025-05-23 10:51:03 | INFO |       76.841 ¦     5737           2              0.010 
2025-05-23 10:51:03 | INFO |       76.851 ¦     5738           2              0.010 
2025-05-23 10:51:03 | INFO |       76.861 ¦     5739           2              0.010 
2025-05-23 10:51:03 | INFO |       76.871 ¦     5740           2              0.010 
2025-05-23 10:51:03 | INFO |       76.881 ¦     5741           2              0.010 
2025-05-23 10:51:03 | INFO |       76.891 ¦     5742           2              0.010 
2025-05-23 10:51:03 | INFO |       76.901 ¦     5743           2              0.010 
2025-05-23 10:51:03 | INFO |       76.911 ¦     5744           2              0.010 
2025-05-23 10:51:03 | INFO |       76.921 ¦     5745           2              0.010 
2025-05-23 10:51:03 | INFO |       76.931 ¦     5746           2              0.010 
2025-05-23 10:51:03 | INFO |       76.941 ¦     5747           2              0.010 
2025-05-23 10:51:03 | INFO |       76.951 ¦     5748           2              0.010 
2025-05-23 10:51:03 | INFO |       76.961 ¦     5749           2              0.010 
2025-05-23 10:51:03 | INFO |       76.971 ¦     5750           2              0.010 
2025-05-23 10:51:03 | INFO |       76.981 ¦     5751           2              0.010 
2025-05-23 10:51:03 | INFO |       76.991 ¦     5752           2              0.010 
2025-05-23 10:51:03 | INFO |       77.001 ¦     5753           2              0.010 
2025-05-23 10:51:03 | INFO |       77.011 ¦     5754           2              0.010 
2025-05-23 10:51:03 | INFO |       77.021 ¦     5755           2              0.010 
2025-05-23 10:51:03 | INFO |       77.031 ¦     5756           2              0.010 
2025-05-23 10:51:03 | INFO |       77.041 ¦     5757           2              0.010 
2025-05-23 10:51:03 | INFO |       77.051 ¦     5758           2              0.010 
2025-05-23 10:51:03 | INFO |       77.061 ¦     5759           2              0.010 
2025-05-23 10:51:03 | INFO |       77.071 ¦     5760           2              0.010 
2025-05-23 10:51:03 | INFO |       77.081 ¦     5761           2              0.010 
2025-05-23 10:51:03 | INFO |       77.091 ¦     5762           2              0.010 
2025-05-23 10:51:03 | INFO |       77.101 ¦     5763           2              0.010 
2025-05-23 10:51:03 | INFO |       77.111 ¦     5764           2              0.010 
2025-05-23 10:51:03 | INFO |       77.121 ¦     5765           2              0.010 
2025-05-23 10:51:03 | INFO |       77.131 ¦     5766           2              0.010 
2025-05-23 10:51:03 | INFO |       77.141 ¦     5767           2              0.010 
2025-05-23 10:51:03 | INFO |       77.151 ¦     5768           2              0.010 
2025-05-23 10:51:03 | INFO |       77.161 ¦     5769           2              0.010 
2025-05-23 10:51:03 | INFO |       77.171 ¦     5770           2              0.010 
2025-05-23 10:51:03 | INFO |       77.181 ¦     5771           2              0.010 
2025-05-23 10:51:03 | INFO |       77.191 ¦     5772           2              0.010 
2025-05-23 10:51:03 | INFO |       77.201 ¦     5773           2              0.010 
2025-05-23 10:51:03 | INFO |       77.211 ¦     5774           2              0.010 
2025-05-23 10:51:03 | INFO |       77.221 ¦     5775           2              0.010 
2025-05-23 10:51:03 | INFO |       77.231 ¦     5776           2              0.010 
2025-05-23 10:51:03 | INFO |       77.241 ¦     5777           2              0.010 
2025-05-23 10:51:03 | INFO |       77.251 ¦     5778           2              0.010 
2025-05-23 10:51:03 | INFO |       77.261 ¦     5779           2              0.010 
2025-05-23 10:51:03 | INFO |       77.271 ¦     5780           2              0.010 
2025-05-23 10:51:03 | INFO |       77.281 ¦     5781           2              0.010 
2025-05-23 10:51:03 | INFO |       77.291 ¦     5782           2              0.010 
2025-05-23 10:51:03 | INFO |       77.301 ¦     5783           2              0.010 
2025-05-23 10:51:03 | INFO |       77.311 ¦     5784           2              0.010 
2025-05-23 10:51:03 | INFO |       77.321 ¦     5785           2              0.010 
2025-05-23 10:51:03 | INFO |       77.331 ¦     5786           2              0.010 
2025-05-23 10:51:03 | INFO |       77.341 ¦     5787           2              0.010 
2025-05-23 10:51:03 | INFO |       77.351 ¦     5788           2              0.010 
2025-05-23 10:51:03 | INFO |       77.361 ¦     5789           2              0.010 
2025-05-23 10:51:03 | INFO |       77.371 ¦     5790           2              0.010 
2025-05-23 10:51:03 | INFO |       77.381 ¦     5791           2              0.010 
2025-05-23 10:51:03 | INFO |       77.391 ¦     5792           2              0.010 
2025-05-23 10:51:03 | INFO |       77.401 ¦     5793           2              0.010 
2025-05-23 10:51:03 | INFO |       77.411 ¦     5794           2              0.010 
2025-05-23 10:51:03 | INFO |       77.421 ¦     5795           2              0.010 
2025-05-23 10:51:03 | INFO |       77.431 ¦     5796           2              0.010 
2025-05-23 10:51:03 | INFO |       77.441 ¦     5797           2              0.010 
2025-05-23 10:51:03 | INFO |       77.451 ¦     5798           2              0.010 
2025-05-23 10:51:03 | INFO |       77.461 ¦     5799           2              0.010 
2025-05-23 10:51:03 | INFO |       77.471 ¦     5800           2              0.010 
2025-05-23 10:51:03 | INFO |       77.481 ¦     5801           2              0.010 
2025-05-23 10:51:03 | INFO |       77.491 ¦     5802           2              0.010 
2025-05-23 10:51:03 | INFO |       77.501 ¦     5803           2              0.010 
2025-05-23 10:51:03 | INFO |       77.511 ¦     5804           2              0.010 
2025-05-23 10:51:03 | INFO |       77.521 ¦     5805           2              0.010 
2025-05-23 10:51:03 | INFO |       77.531 ¦     5806           2              0.010 
2025-05-23 10:51:03 | INFO |       77.541 ¦     5807           2              0.010 
2025-05-23 10:51:03 | INFO |       77.551 ¦     5808           2              0.010 
2025-05-23 10:51:03 | INFO |       77.561 ¦     5809           2              0.010 
2025-05-23 10:51:03 | INFO |       77.571 ¦     5810           2              0.010 
2025-05-23 10:51:03 | INFO |       77.581 ¦     5811           2              0.010 
2025-05-23 10:51:03 | INFO |       77.591 ¦     5812           2              0.010 
2025-05-23 10:51:03 | INFO |       77.601 ¦     5813           2              0.010 
2025-05-23 10:51:03 | INFO |       77.611 ¦     5814           2              0.010 
2025-05-23 10:51:03 | INFO |       77.621 ¦     5815           2              0.010 
2025-05-23 10:51:03 | INFO |       77.631 ¦     5816           2              0.010 
2025-05-23 10:51:03 | INFO |       77.641 ¦     5817           2              0.010 
2025-05-23 10:51:03 | INFO |       77.651 ¦     5818           2              0.010 
2025-05-23 10:51:03 | INFO |       77.661 ¦     5819           2              0.010 
2025-05-23 10:51:03 | INFO |       77.671 ¦     5820           2              0.010 
2025-05-23 10:51:03 | INFO |       77.681 ¦     5821           2              0.010 
2025-05-23 10:51:03 | INFO |       77.691 ¦     5822           2              0.010 
2025-05-23 10:51:03 | INFO |       77.701 ¦     5823           2              0.010 
2025-05-23 10:51:03 | INFO |       77.711 ¦     5824           2              0.010 
2025-05-23 10:51:03 | INFO |       77.721 ¦     5825           2              0.010 
2025-05-23 10:51:03 | INFO |       77.731 ¦     5826           2              0.010 
2025-05-23 10:51:03 | INFO |       77.741 ¦     5827           2              0.010 
2025-05-23 10:51:03 | INFO |       77.751 ¦     5828           2              0.010 
2025-05-23 10:51:03 | INFO |       77.761 ¦     5829           2              0.010 
2025-05-23 10:51:03 | INFO |       77.771 ¦     5830           2              0.010 
2025-05-23 10:51:03 | INFO |       77.781 ¦     5831           2              0.010 
2025-05-23 10:51:03 | INFO |       77.791 ¦     5832           2              0.010 
2025-05-23 10:51:03 | INFO |       77.801 ¦     5833           2              0.010 
2025-05-23 10:51:03 | INFO |       77.811 ¦     5834           2              0.010 
2025-05-23 10:51:03 | INFO |       77.821 ¦     5835           2              0.010 
2025-05-23 10:51:03 | INFO |       77.831 ¦     5836           2              0.010 
2025-05-23 10:51:03 | INFO |       77.841 ¦     5837           2              0.010 
2025-05-23 10:51:03 | INFO |       77.851 ¦     5838           2              0.010 
2025-05-23 10:51:03 | INFO |       77.861 ¦     5839           2              0.010 
2025-05-23 10:51:03 | INFO |       77.871 ¦     5840           2              0.010 
2025-05-23 10:51:03 | INFO |       77.881 ¦     5841           2              0.010 
2025-05-23 10:51:03 | INFO |       77.891 ¦     5842           2              0.010 
2025-05-23 10:51:03 | INFO |       77.901 ¦     5843           2              0.010 
2025-05-23 10:51:03 | INFO |       77.911 ¦     5844           2              0.010 
2025-05-23 10:51:03 | INFO |       77.921 ¦     5845           2              0.010 
2025-05-23 10:51:03 | INFO |       77.931 ¦     5846           2              0.010 
2025-05-23 10:51:03 | INFO |       77.941 ¦     5847           2              0.010 
2025-05-23 10:51:03 | INFO |       77.951 ¦     5848           2              0.010 
2025-05-23 10:51:03 | INFO |       77.961 ¦     5849           2              0.010 
2025-05-23 10:51:03 | INFO |       77.971 ¦     5850           2              0.010 
2025-05-23 10:51:03 | INFO |       77.981 ¦     5851           2              0.010 
2025-05-23 10:51:03 | INFO |       77.991 ¦     5852           2              0.010 
2025-05-23 10:51:03 | INFO |       78.001 ¦     5853           2              0.010 
2025-05-23 10:51:03 | INFO |       78.011 ¦     5854           2              0.010 
2025-05-23 10:51:03 | INFO |       78.021 ¦     5855           2              0.010 
2025-05-23 10:51:03 | INFO |       78.031 ¦     5856           2              0.010 
2025-05-23 10:51:03 | INFO |       78.041 ¦     5857           2              0.010 
2025-05-23 10:51:03 | INFO |       78.051 ¦     5858           2              0.010 
2025-05-23 10:51:03 | INFO |       78.061 ¦     5859           2              0.010 
2025-05-23 10:51:03 | INFO |       78.071 ¦     5860           2              0.010 
2025-05-23 10:51:03 | INFO |       78.081 ¦     5861           2              0.010 
2025-05-23 10:51:03 | INFO |       78.091 ¦     5862           2              0.010 
2025-05-23 10:51:03 | INFO |       78.101 ¦     5863           2              0.010 
2025-05-23 10:51:03 | INFO |       78.111 ¦     5864           2              0.010 
2025-05-23 10:51:03 | INFO |       78.121 ¦     5865           2              0.010 
2025-05-23 10:51:03 | INFO |       78.131 ¦     5866           2              0.010 
2025-05-23 10:51:03 | INFO |       78.141 ¦     5867           2              0.010 
2025-05-23 10:51:03 | INFO |       78.151 ¦     5868           2              0.010 
2025-05-23 10:51:03 | INFO |       78.161 ¦     5869           2              0.010 
2025-05-23 10:51:03 | INFO |       78.171 ¦     5870           2              0.010 
2025-05-23 10:51:03 | INFO |       78.181 ¦     5871           2              0.010 
2025-05-23 10:51:03 | INFO |       78.191 ¦     5872           2              0.010 
2025-05-23 10:51:03 | INFO |       78.201 ¦     5873           2              0.010 
2025-05-23 10:51:03 | INFO |       78.211 ¦     5874           2              0.010 
2025-05-23 10:51:03 | INFO |       78.221 ¦     5875           2              0.010 
2025-05-23 10:51:03 | INFO |       78.231 ¦     5876           2              0.010 
2025-05-23 10:51:03 | INFO |       78.241 ¦     5877           2              0.010 
2025-05-23 10:51:03 | INFO |       78.251 ¦     5878           2              0.010 
2025-05-23 10:51:03 | INFO |       78.261 ¦     5879           2              0.010 
2025-05-23 10:51:03 | INFO |       78.271 ¦     5880           2              0.010 
2025-05-23 10:51:03 | INFO |       78.281 ¦     5881           2              0.010 
2025-05-23 10:51:03 | INFO |       78.291 ¦     5882           2              0.010 
2025-05-23 10:51:03 | INFO |       78.301 ¦     5883           2              0.010 
2025-05-23 10:51:03 | INFO |       78.311 ¦     5884           2              0.010 
2025-05-23 10:51:03 | INFO |       78.321 ¦     5885           2              0.010 
2025-05-23 10:51:03 | INFO |       78.331 ¦     5886           2              0.010 
2025-05-23 10:51:03 | INFO |       78.341 ¦     5887           2              0.010 
2025-05-23 10:51:03 | INFO |       78.351 ¦     5888           2              0.010 
2025-05-23 10:51:03 | INFO |       78.361 ¦     5889           2              0.010 
2025-05-23 10:51:03 | INFO |       78.371 ¦     5890           2              0.010 
2025-05-23 10:51:03 | INFO |       78.381 ¦     5891           2              0.010 
2025-05-23 10:51:03 | INFO |       78.391 ¦     5892           2              0.010 
2025-05-23 10:51:03 | INFO |       78.401 ¦     5893           2              0.010 
2025-05-23 10:51:03 | INFO |       78.411 ¦     5894           2              0.010 
2025-05-23 10:51:03 | INFO |       78.421 ¦     5895           2              0.010 
2025-05-23 10:51:03 | INFO |       78.431 ¦     5896           2              0.010 
2025-05-23 10:51:03 | INFO |       78.441 ¦     5897           2              0.010 
2025-05-23 10:51:03 | INFO |       78.451 ¦     5898           2              0.010 
2025-05-23 10:51:03 | INFO |       78.461 ¦     5899           2              0.010 
2025-05-23 10:51:03 | INFO |       78.471 ¦     5900           2              0.010 
2025-05-23 10:51:03 | INFO |       78.481 ¦     5901           2              0.010 
2025-05-23 10:51:03 | INFO |       78.491 ¦     5902           2              0.010 
2025-05-23 10:51:03 | INFO |       78.501 ¦     5903           2              0.010 
2025-05-23 10:51:03 | INFO |       78.511 ¦     5904           2              0.010 
2025-05-23 10:51:03 | INFO |       78.521 ¦     5905           2              0.010 
2025-05-23 10:51:03 | INFO |       78.531 ¦     5906           2              0.010 
2025-05-23 10:51:03 | INFO |       78.541 ¦     5907           2              0.010 
2025-05-23 10:51:03 | INFO |       78.551 ¦     5908           2              0.010 
2025-05-23 10:51:03 | INFO |       78.561 ¦     5909           2              0.010 
2025-05-23 10:51:03 | INFO |       78.571 ¦     5910           2              0.010 
2025-05-23 10:51:03 | INFO |       78.581 ¦     5911           2              0.010 
2025-05-23 10:51:03 | INFO |       78.591 ¦     5912           2              0.010 
2025-05-23 10:51:03 | INFO |       78.601 ¦     5913           2              0.010 
2025-05-23 10:51:03 | INFO |       78.611 ¦     5914           2              0.010 
2025-05-23 10:51:03 | INFO |       78.621 ¦     5915           2              0.010 
2025-05-23 10:51:03 | INFO |       78.631 ¦     5916           2              0.010 
2025-05-23 10:51:03 | INFO |       78.641 ¦     5917           2              0.010 
2025-05-23 10:51:03 | INFO |       78.651 ¦     5918           2              0.010 
2025-05-23 10:51:03 | INFO |       78.661 ¦     5919           2              0.010 
2025-05-23 10:51:03 | INFO |       78.671 ¦     5920           2              0.010 
2025-05-23 10:51:03 | INFO |       78.681 ¦     5921           2              0.010 
2025-05-23 10:51:03 | INFO |       78.691 ¦     5922           2              0.010 
2025-05-23 10:51:03 | INFO |       78.701 ¦     5923           2              0.010 
2025-05-23 10:51:03 | INFO |       78.711 ¦     5924           2              0.010 
2025-05-23 10:51:03 | INFO |       78.721 ¦     5925           2              0.010 
2025-05-23 10:51:03 | INFO |       78.731 ¦     5926           2              0.010 
2025-05-23 10:51:03 | INFO |       78.741 ¦     5927           2              0.010 
2025-05-23 10:51:03 | INFO |       78.751 ¦     5928           2              0.010 
2025-05-23 10:51:03 | INFO |       78.761 ¦     5929           2              0.010 
2025-05-23 10:51:03 | INFO |       78.771 ¦     5930           2              0.010 
2025-05-23 10:51:03 | INFO |       78.781 ¦     5931           2              0.010 
2025-05-23 10:51:03 | INFO |       78.791 ¦     5932           2              0.010 
2025-05-23 10:51:03 | INFO |       78.801 ¦     5933           2              0.010 
2025-05-23 10:51:03 | INFO |       78.811 ¦     5934           2              0.010 
2025-05-23 10:51:03 | INFO |       78.821 ¦     5935           2              0.010 
2025-05-23 10:51:03 | INFO |       78.831 ¦     5936           2              0.010 
2025-05-23 10:51:03 | INFO |       78.841 ¦     5937           2              0.010 
2025-05-23 10:51:03 | INFO |       78.851 ¦     5938           2              0.010 
2025-05-23 10:51:03 | INFO |       78.861 ¦     5939           2              0.010 
2025-05-23 10:51:03 | INFO |       78.871 ¦     5940           2              0.010 
2025-05-23 10:51:03 | INFO |       78.881 ¦     5941           2              0.010 
2025-05-23 10:51:03 | INFO |       78.891 ¦     5942           2              0.010 
2025-05-23 10:51:03 | INFO |       78.901 ¦     5943           2              0.010 
2025-05-23 10:51:03 | INFO |       78.911 ¦     5944           2              0.010 
2025-05-23 10:51:03 | INFO |       78.921 ¦     5945           2              0.010 
2025-05-23 10:51:03 | INFO |       78.931 ¦     5946           2              0.010 
2025-05-23 10:51:03 | INFO |       78.941 ¦     5947           2              0.010 
2025-05-23 10:51:03 | INFO |       78.951 ¦     5948           2              0.010 
2025-05-23 10:51:03 | INFO |       78.961 ¦     5949           2              0.010 
2025-05-23 10:51:03 | INFO |       78.971 ¦     5950           2              0.010 
2025-05-23 10:51:03 | INFO |       78.981 ¦     5951           2              0.010 
2025-05-23 10:51:03 | INFO |       78.991 ¦     5952           2              0.010 
2025-05-23 10:51:03 | INFO |       79.001 ¦     5953           2              0.010 
2025-05-23 10:51:03 | INFO |       79.011 ¦     5954           2              0.010 
2025-05-23 10:51:03 | INFO |       79.021 ¦     5955           2              0.010 
2025-05-23 10:51:03 | INFO |       79.031 ¦     5956           2              0.010 
2025-05-23 10:51:03 | INFO |       79.041 ¦     5957           2              0.010 
2025-05-23 10:51:03 | INFO |       79.051 ¦     5958           2              0.010 
2025-05-23 10:51:03 | INFO |       79.061 ¦     5959           2              0.010 
2025-05-23 10:51:03 | INFO |       79.071 ¦     5960           2              0.010 
2025-05-23 10:51:03 | INFO |       79.081 ¦     5961           2              0.010 
2025-05-23 10:51:03 | INFO |       79.091 ¦     5962           2              0.010 
2025-05-23 10:51:03 | INFO |       79.101 ¦     5963           2              0.010 
2025-05-23 10:51:03 | INFO |       79.111 ¦     5964           2              0.010 
2025-05-23 10:51:03 | INFO |       79.121 ¦     5965           2              0.010 
2025-05-23 10:51:03 | INFO |       79.131 ¦     5966           2              0.010 
2025-05-23 10:51:03 | INFO |       79.141 ¦     5967           2              0.010 
2025-05-23 10:51:03 | INFO |       79.151 ¦     5968           2              0.010 
2025-05-23 10:51:03 | INFO |       79.161 ¦     5969           2              0.010 
2025-05-23 10:51:03 | INFO |       79.171 ¦     5970           2              0.010 
2025-05-23 10:51:03 | INFO |       79.181 ¦     5971           2              0.010 
2025-05-23 10:51:03 | INFO |       79.191 ¦     5972           2              0.010 
2025-05-23 10:51:03 | INFO |       79.201 ¦     5973           2              0.010 
2025-05-23 10:51:03 | INFO |       79.211 ¦     5974           2              0.010 
2025-05-23 10:51:03 | INFO |       79.221 ¦     5975           2              0.010 
2025-05-23 10:51:03 | INFO |       79.231 ¦     5976           2              0.010 
2025-05-23 10:51:03 | INFO |       79.241 ¦     5977           2              0.010 
2025-05-23 10:51:03 | INFO |       79.251 ¦     5978           2              0.010 
2025-05-23 10:51:03 | INFO |       79.261 ¦     5979           2              0.010 
2025-05-23 10:51:03 | INFO |       79.271 ¦     5980           2              0.010 
2025-05-23 10:51:03 | INFO |       79.281 ¦     5981           2              0.010 
2025-05-23 10:51:03 | INFO |       79.291 ¦     5982           2              0.010 
2025-05-23 10:51:03 | INFO |       79.301 ¦     5983           2              0.010 
2025-05-23 10:51:03 | INFO |       79.311 ¦     5984           2              0.010 
2025-05-23 10:51:03 | INFO |       79.321 ¦     5985           2              0.010 
2025-05-23 10:51:03 | INFO |       79.331 ¦     5986           2              0.010 
2025-05-23 10:51:03 | INFO |       79.341 ¦     5987           2              0.010 
2025-05-23 10:51:03 | INFO |       79.351 ¦     5988           2              0.010 
2025-05-23 10:51:03 | INFO |       79.361 ¦     5989           2              0.010 
2025-05-23 10:51:03 | INFO |       79.371 ¦     5990           2              0.010 
2025-05-23 10:51:03 | INFO |       79.381 ¦     5991           2              0.010 
2025-05-23 10:51:03 | INFO |       79.391 ¦     5992           2              0.010 
2025-05-23 10:51:03 | INFO |       79.401 ¦     5993           2              0.010 
2025-05-23 10:51:03 | INFO |       79.411 ¦     5994           2              0.010 
2025-05-23 10:51:03 | INFO |       79.421 ¦     5995           2              0.010 
2025-05-23 10:51:03 | INFO |       79.431 ¦     5996           2              0.010 
2025-05-23 10:51:03 | INFO |       79.441 ¦     5997           2              0.010 
2025-05-23 10:51:03 | INFO |       79.451 ¦     5998           2              0.010 
2025-05-23 10:51:03 | INFO |       79.461 ¦     5999           2              0.010 
2025-05-23 10:51:03 | INFO |       79.471 ¦     6000           2              0.010 
2025-05-23 10:51:03 | INFO |       79.481 ¦     6001           2              0.010 
2025-05-23 10:51:03 | INFO |       79.491 ¦     6002           2              0.010 
2025-05-23 10:51:03 | INFO |       79.501 ¦     6003           2              0.010 
2025-05-23 10:51:03 | INFO |       79.511 ¦     6004           2              0.010 
2025-05-23 10:51:03 | INFO |       79.521 ¦     6005           2              0.010 
2025-05-23 10:51:03 | INFO |       79.531 ¦     6006           2              0.010 
2025-05-23 10:51:03 | INFO |       79.541 ¦     6007           2              0.010 
2025-05-23 10:51:03 | INFO |       79.551 ¦     6008           2              0.010 
2025-05-23 10:51:03 | INFO |       79.561 ¦     6009           2              0.010 
2025-05-23 10:51:03 | INFO |       79.571 ¦     6010           2              0.010 
2025-05-23 10:51:03 | INFO |       79.581 ¦     6011           2              0.010 
2025-05-23 10:51:03 | INFO |       79.591 ¦     6012           2              0.010 
2025-05-23 10:51:03 | INFO |       79.601 ¦     6013           2              0.010 
2025-05-23 10:51:03 | INFO |       79.611 ¦     6014           2              0.010 
2025-05-23 10:51:03 | INFO |       79.621 ¦     6015           2              0.010 
2025-05-23 10:51:03 | INFO |       79.631 ¦     6016           2              0.010 
2025-05-23 10:51:03 | INFO |       79.641 ¦     6017           2              0.010 
2025-05-23 10:51:03 | INFO |       79.651 ¦     6018           2              0.010 
2025-05-23 10:51:03 | INFO |       79.661 ¦     6019           2              0.010 
2025-05-23 10:51:03 | INFO |       79.671 ¦     6020           2              0.010 
2025-05-23 10:51:03 | INFO |       79.681 ¦     6021           2              0.010 
2025-05-23 10:51:03 | INFO |       79.691 ¦     6022           2              0.010 
2025-05-23 10:51:03 | INFO |       79.701 ¦     6023           2              0.010 
2025-05-23 10:51:03 | INFO |       79.711 ¦     6024           2              0.010 
2025-05-23 10:51:03 | INFO |       79.721 ¦     6025           2              0.010 
2025-05-23 10:51:03 | INFO |       79.731 ¦     6026           2              0.010 
2025-05-23 10:51:03 | INFO |       79.741 ¦     6027           2              0.010 
2025-05-23 10:51:03 | INFO |       79.751 ¦     6028           2              0.010 
2025-05-23 10:51:03 | INFO |       79.761 ¦     6029           2              0.010 
2025-05-23 10:51:03 | INFO |       79.771 ¦     6030           2              0.010 
2025-05-23 10:51:03 | INFO |       79.781 ¦     6031           2              0.010 
2025-05-23 10:51:03 | INFO |       79.791 ¦     6032           2              0.010 
2025-05-23 10:51:03 | INFO |       79.801 ¦     6033           2              0.010 
2025-05-23 10:51:03 | INFO |       79.811 ¦     6034           2              0.010 
2025-05-23 10:51:03 | INFO |       79.821 ¦     6035           2              0.010 
2025-05-23 10:51:03 | INFO |       79.831 ¦     6036           2              0.010 
2025-05-23 10:51:03 | INFO |       79.841 ¦     6037           2              0.010 
2025-05-23 10:51:03 | INFO |       79.851 ¦     6038           2              0.010 
2025-05-23 10:51:03 | INFO |       79.861 ¦     6039           2              0.010 
2025-05-23 10:51:03 | INFO |       79.871 ¦     6040           2              0.010 
2025-05-23 10:51:03 | INFO |       79.881 ¦     6041           2              0.010 
2025-05-23 10:51:03 | INFO |       79.891 ¦     6042           2              0.010 
2025-05-23 10:51:03 | INFO |       79.901 ¦     6043           2              0.010 
2025-05-23 10:51:03 | INFO |       79.911 ¦     6044           2              0.010 
2025-05-23 10:51:03 | INFO |       79.921 ¦     6045           2              0.010 
2025-05-23 10:51:03 | INFO |       79.931 ¦     6046           2              0.010 
2025-05-23 10:51:03 | INFO |       79.941 ¦     6047           2              0.010 
2025-05-23 10:51:03 | INFO |       79.951 ¦     6048           2              0.010 
2025-05-23 10:51:03 | INFO |       79.961 ¦     6049           2              0.010 
2025-05-23 10:51:03 | INFO |       79.971 ¦     6050           2              0.010 
2025-05-23 10:51:03 | INFO |       79.981 ¦     6051           2              0.010 
2025-05-23 10:51:03 | INFO |       79.991 ¦     6052           2              0.010 
2025-05-23 10:51:03 | INFO |       80.001 ¦     6053           2              0.010 
2025-05-23 10:51:03 | INFO |       80.011 ¦     6054           2              0.010 
2025-05-23 10:51:03 | INFO |       80.021 ¦     6055           2              0.010 
2025-05-23 10:51:03 | INFO |       80.031 ¦     6056           2              0.010 
2025-05-23 10:51:03 | INFO |       80.041 ¦     6057           2              0.010 
2025-05-23 10:51:03 | INFO |       80.051 ¦     6058           2              0.010 
2025-05-23 10:51:03 | INFO |       80.061 ¦     6059           2              0.010 
2025-05-23 10:51:03 | INFO |       80.071 ¦     6060           2              0.010 
2025-05-23 10:51:03 | INFO |       80.081 ¦     6061           2              0.010 
2025-05-23 10:51:03 | INFO |       80.091 ¦     6062           2              0.010 
2025-05-23 10:51:03 | INFO |       80.101 ¦     6063           2              0.010 
2025-05-23 10:51:03 | INFO |       80.111 ¦     6064           2              0.010 
2025-05-23 10:51:03 | INFO |       80.121 ¦     6065           2              0.010 
2025-05-23 10:51:03 | INFO |       80.131 ¦     6066           2              0.010 
2025-05-23 10:51:03 | INFO |       80.141 ¦     6067           2              0.010 
2025-05-23 10:51:03 | INFO |       80.151 ¦     6068           2              0.010 
2025-05-23 10:51:03 | INFO |       80.161 ¦     6069           2              0.010 
2025-05-23 10:51:03 | INFO |       80.171 ¦     6070           2              0.010 
2025-05-23 10:51:03 | INFO |       80.181 ¦     6071           2              0.010 
2025-05-23 10:51:03 | INFO |       80.191 ¦     6072           2              0.010 
2025-05-23 10:51:03 | INFO |       80.201 ¦     6073           2              0.010 
2025-05-23 10:51:03 | INFO |       80.211 ¦     6074           2              0.010 
2025-05-23 10:51:03 | INFO |       80.221 ¦     6075           2              0.010 
2025-05-23 10:51:03 | INFO |       80.231 ¦     6076           2              0.010 
2025-05-23 10:51:03 | INFO |       80.241 ¦     6077           2              0.010 
2025-05-23 10:51:03 | INFO |       80.251 ¦     6078           2              0.010 
2025-05-23 10:51:03 | INFO |       80.261 ¦     6079           2              0.010 
2025-05-23 10:51:03 | INFO |       80.271 ¦     6080           2              0.010 
2025-05-23 10:51:03 | INFO |       80.281 ¦     6081           2              0.010 
2025-05-23 10:51:03 | INFO |       80.291 ¦     6082           2              0.010 
2025-05-23 10:51:03 | INFO |       80.301 ¦     6083           2              0.010 
2025-05-23 10:51:03 | INFO |       80.311 ¦     6084           2              0.010 
2025-05-23 10:51:03 | INFO |       80.321 ¦     6085           2              0.010 
2025-05-23 10:51:03 | INFO |       80.331 ¦     6086           2              0.010 
2025-05-23 10:51:03 | INFO |       80.341 ¦     6087           2              0.010 
2025-05-23 10:51:03 | INFO |       80.351 ¦     6088           2              0.010 
2025-05-23 10:51:03 | INFO |       80.361 ¦     6089           2              0.010 
2025-05-23 10:51:03 | INFO |       80.371 ¦     6090           2              0.010 
2025-05-23 10:51:03 | INFO |       80.381 ¦     6091           2              0.010 
2025-05-23 10:51:03 | INFO |       80.391 ¦     6092           2              0.010 
2025-05-23 10:51:03 | INFO |       80.401 ¦     6093           2              0.010 
2025-05-23 10:51:03 | INFO |       80.411 ¦     6094           2              0.010 
2025-05-23 10:51:03 | INFO |       80.421 ¦     6095           2              0.010 
2025-05-23 10:51:03 | INFO |       80.431 ¦     6096           2              0.010 
2025-05-23 10:51:03 | INFO |       80.441 ¦     6097           2              0.010 
2025-05-23 10:51:03 | INFO |       80.451 ¦     6098           2              0.010 
2025-05-23 10:51:03 | INFO |       80.461 ¦     6099           2              0.010 
2025-05-23 10:51:03 | INFO |       80.471 ¦     6100           2              0.010 
2025-05-23 10:51:03 | INFO |       80.481 ¦     6101           2              0.010 
2025-05-23 10:51:03 | INFO |       80.491 ¦     6102           2              0.010 
2025-05-23 10:51:03 | INFO |       80.501 ¦     6103           2              0.010 
2025-05-23 10:51:03 | INFO |       80.511 ¦     6104           2              0.010 
2025-05-23 10:51:03 | INFO |       80.521 ¦     6105           2              0.010 
2025-05-23 10:51:03 | INFO |       80.531 ¦     6106           2              0.010 
2025-05-23 10:51:03 | INFO |       80.541 ¦     6107           2              0.010 
2025-05-23 10:51:03 | INFO |       80.551 ¦     6108           2              0.010 
2025-05-23 10:51:03 | INFO |       80.561 ¦     6109           2              0.010 
2025-05-23 10:51:03 | INFO |       80.571 ¦     6110           2              0.010 
2025-05-23 10:51:03 | INFO |       80.581 ¦     6111           2              0.010 
2025-05-23 10:51:03 | INFO |       80.591 ¦     6112           2              0.010 
2025-05-23 10:51:03 | INFO |       80.601 ¦     6113           2              0.010 
2025-05-23 10:51:03 | INFO |       80.611 ¦     6114           2              0.010 
2025-05-23 10:51:03 | INFO |       80.621 ¦     6115           2              0.010 
2025-05-23 10:51:03 | INFO |       80.631 ¦     6116           2              0.010 
2025-05-23 10:51:03 | INFO |       80.641 ¦     6117           2              0.010 
2025-05-23 10:51:03 | INFO |       80.651 ¦     6118           2              0.010 
2025-05-23 10:51:03 | INFO |       80.661 ¦     6119           2              0.010 
2025-05-23 10:51:03 | INFO |       80.671 ¦     6120           2              0.010 
2025-05-23 10:51:03 | INFO |       80.681 ¦     6121           2              0.010 
2025-05-23 10:51:03 | INFO |       80.691 ¦     6122           2              0.010 
2025-05-23 10:51:03 | INFO |       80.701 ¦     6123           2              0.010 
2025-05-23 10:51:03 | INFO |       80.711 ¦     6124           2              0.010 
2025-05-23 10:51:03 | INFO |       80.721 ¦     6125           2              0.010 
2025-05-23 10:51:03 | INFO |       80.731 ¦     6126           2              0.010 
2025-05-23 10:51:03 | INFO |       80.741 ¦     6127           2              0.010 
2025-05-23 10:51:03 | INFO |       80.751 ¦     6128           2              0.010 
2025-05-23 10:51:03 | INFO |       80.761 ¦     6129           2              0.010 
2025-05-23 10:51:03 | INFO |       80.771 ¦     6130           2              0.010 
2025-05-23 10:51:03 | INFO |       80.781 ¦     6131           2              0.010 
2025-05-23 10:51:03 | INFO |       80.791 ¦     6132           2              0.010 
2025-05-23 10:51:03 | INFO |       80.801 ¦     6133           2              0.010 
2025-05-23 10:51:03 | INFO |       80.811 ¦     6134           2              0.010 
2025-05-23 10:51:03 | INFO |       80.821 ¦     6135           2              0.010 
2025-05-23 10:51:03 | INFO |       80.831 ¦     6136           2              0.010 
2025-05-23 10:51:03 | INFO |       80.841 ¦     6137           2              0.010 
2025-05-23 10:51:03 | INFO |       80.851 ¦     6138           2              0.010 
2025-05-23 10:51:03 | INFO |       80.861 ¦     6139           2              0.010 
2025-05-23 10:51:03 | INFO |       80.871 ¦     6140           2              0.010 
2025-05-23 10:51:03 | INFO |       80.881 ¦     6141           2              0.010 
2025-05-23 10:51:03 | INFO |       80.891 ¦     6142           2              0.010 
2025-05-23 10:51:03 | INFO |       80.901 ¦     6143           2              0.010 
2025-05-23 10:51:03 | INFO |       80.911 ¦     6144           2              0.010 
2025-05-23 10:51:03 | INFO |       80.921 ¦     6145           2              0.010 
2025-05-23 10:51:03 | INFO |       80.931 ¦     6146           2              0.010 
2025-05-23 10:51:03 | INFO |       80.941 ¦     6147           2              0.010 
2025-05-23 10:51:03 | INFO |       80.951 ¦     6148           2              0.010 
2025-05-23 10:51:03 | INFO |       80.961 ¦     6149           2              0.010 
2025-05-23 10:51:03 | INFO |       80.971 ¦     6150           2              0.010 
2025-05-23 10:51:03 | INFO |       80.981 ¦     6151           2              0.010 
2025-05-23 10:51:03 | INFO |       80.991 ¦     6152           2              0.010 
2025-05-23 10:51:03 | INFO |       81.001 ¦     6153           2              0.010 
2025-05-23 10:51:03 | INFO |       81.011 ¦     6154           2              0.010 
2025-05-23 10:51:03 | INFO |       81.021 ¦     6155           2              0.010 
2025-05-23 10:51:03 | INFO |       81.031 ¦     6156           2              0.010 
2025-05-23 10:51:03 | INFO |       81.041 ¦     6157           2              0.010 
2025-05-23 10:51:03 | INFO |       81.051 ¦     6158           2              0.010 
2025-05-23 10:51:03 | INFO |       81.061 ¦     6159           2              0.010 
2025-05-23 10:51:03 | INFO |       81.071 ¦     6160           2              0.010 
2025-05-23 10:51:03 | INFO |       81.081 ¦     6161           2              0.010 
2025-05-23 10:51:03 | INFO |       81.091 ¦     6162           2              0.010 
2025-05-23 10:51:03 | INFO |       81.101 ¦     6163           2              0.010 
2025-05-23 10:51:03 | INFO |       81.111 ¦     6164           2              0.010 
2025-05-23 10:51:03 | INFO |       81.121 ¦     6165           2              0.010 
2025-05-23 10:51:03 | INFO |       81.131 ¦     6166           2              0.010 
2025-05-23 10:51:03 | INFO |       81.141 ¦     6167           2              0.010 
2025-05-23 10:51:03 | INFO |       81.151 ¦     6168           2              0.010 
2025-05-23 10:51:03 | INFO |       81.161 ¦     6169           2              0.010 
2025-05-23 10:51:03 | INFO |       81.171 ¦     6170           2              0.010 
2025-05-23 10:51:03 | INFO |       81.181 ¦     6171           2              0.010 
2025-05-23 10:51:03 | INFO |       81.191 ¦     6172           2              0.010 
2025-05-23 10:51:03 | INFO |       81.201 ¦     6173           2              0.010 
2025-05-23 10:51:03 | INFO |       81.211 ¦     6174           2              0.010 
2025-05-23 10:51:03 | INFO |       81.221 ¦     6175           2              0.010 
2025-05-23 10:51:03 | INFO |       81.231 ¦     6176           2              0.010 
2025-05-23 10:51:03 | INFO |       81.241 ¦     6177           2              0.010 
2025-05-23 10:51:03 | INFO |       81.251 ¦     6178           2              0.010 
2025-05-23 10:51:03 | INFO |       81.261 ¦     6179           2              0.010 
2025-05-23 10:51:03 | INFO |       81.271 ¦     6180           2              0.010 
2025-05-23 10:51:03 | INFO |       81.281 ¦     6181           2              0.010 
2025-05-23 10:51:03 | INFO |       81.291 ¦     6182           2              0.010 
2025-05-23 10:51:03 | INFO |       81.301 ¦     6183           2              0.010 
2025-05-23 10:51:03 | INFO |       81.311 ¦     6184           2              0.010 
2025-05-23 10:51:03 | INFO |       81.321 ¦     6185           2              0.010 
2025-05-23 10:51:03 | INFO |       81.331 ¦     6186           2              0.010 
2025-05-23 10:51:03 | INFO |       81.341 ¦     6187           2              0.010 
2025-05-23 10:51:03 | INFO |       81.351 ¦     6188           2              0.010 
2025-05-23 10:51:03 | INFO |       81.361 ¦     6189           2              0.010 
2025-05-23 10:51:03 | INFO |       81.371 ¦     6190           2              0.010 
2025-05-23 10:51:03 | INFO |       81.381 ¦     6191           2              0.010 
2025-05-23 10:51:03 | INFO |       81.391 ¦     6192           2              0.010 
2025-05-23 10:51:03 | INFO |       81.401 ¦     6193           2              0.010 
2025-05-23 10:51:03 | INFO |       81.411 ¦     6194           2              0.010 
2025-05-23 10:51:03 | INFO |       81.421 ¦     6195           2              0.010 
2025-05-23 10:51:03 | INFO |       81.431 ¦     6196           2              0.010 
2025-05-23 10:51:03 | INFO |       81.441 ¦     6197           2              0.010 
2025-05-23 10:51:03 | INFO |       81.451 ¦     6198           2              0.010 
2025-05-23 10:51:03 | INFO |       81.461 ¦     6199           2              0.010 
2025-05-23 10:51:03 | INFO |       81.471 ¦     6200           2              0.010 
2025-05-23 10:51:03 | INFO |       81.481 ¦     6201           2              0.010 
2025-05-23 10:51:03 | INFO |       81.491 ¦     6202           2              0.010 
2025-05-23 10:51:03 | INFO |       81.501 ¦     6203           2              0.010 
2025-05-23 10:51:03 | INFO |       81.511 ¦     6204           2              0.010 
2025-05-23 10:51:03 | INFO |       81.521 ¦     6205           2              0.010 
2025-05-23 10:51:03 | INFO |       81.531 ¦     6206           2              0.010 
2025-05-23 10:51:03 | INFO |       81.541 ¦     6207           2              0.010 
2025-05-23 10:51:03 | INFO |       81.551 ¦     6208           2              0.010 
2025-05-23 10:51:03 | INFO |       81.561 ¦     6209           2              0.010 
2025-05-23 10:51:03 | INFO |       81.571 ¦     6210           2              0.010 
2025-05-23 10:51:03 | INFO |       81.581 ¦     6211           2              0.010 
2025-05-23 10:51:03 | INFO |       81.591 ¦     6212           2              0.010 
2025-05-23 10:51:03 | INFO |       81.601 ¦     6213           2              0.010 
2025-05-23 10:51:03 | INFO |       81.611 ¦     6214           2              0.010 
2025-05-23 10:51:03 | INFO |       81.621 ¦     6215           2              0.010 
2025-05-23 10:51:03 | INFO |       81.631 ¦     6216           2              0.010 
2025-05-23 10:51:03 | INFO |       81.641 ¦     6217           2              0.010 
2025-05-23 10:51:03 | INFO |       81.651 ¦     6218           2              0.010 
2025-05-23 10:51:03 | INFO |       81.661 ¦     6219           2              0.010 
2025-05-23 10:51:03 | INFO |       81.671 ¦     6220           2              0.010 
2025-05-23 10:51:03 | INFO |       81.681 ¦     6221           2              0.010 
2025-05-23 10:51:03 | INFO |       81.691 ¦     6222           2              0.010 
2025-05-23 10:51:03 | INFO |       81.701 ¦     6223           2              0.010 
2025-05-23 10:51:03 | INFO |       81.711 ¦     6224           2              0.010 
2025-05-23 10:51:03 | INFO |       81.721 ¦     6225           2              0.010 
2025-05-23 10:51:03 | INFO |       81.731 ¦     6226           2              0.010 
2025-05-23 10:51:03 | INFO |       81.741 ¦     6227           2              0.010 
2025-05-23 10:51:03 | INFO |       81.751 ¦     6228           2              0.010 
2025-05-23 10:51:03 | INFO |       81.761 ¦     6229           2              0.010 
2025-05-23 10:51:03 | INFO |       81.771 ¦     6230           2              0.010 
2025-05-23 10:51:03 | INFO |       81.781 ¦     6231           2              0.010 
2025-05-23 10:51:03 | INFO |       81.791 ¦     6232           2              0.010 
2025-05-23 10:51:03 | INFO |       81.801 ¦     6233           2              0.010 
2025-05-23 10:51:03 | INFO |       81.811 ¦     6234           2              0.010 
2025-05-23 10:51:03 | INFO |       81.821 ¦     6235           2              0.010 
2025-05-23 10:51:03 | INFO |       81.831 ¦     6236           2              0.010 
2025-05-23 10:51:03 | INFO |       81.841 ¦     6237           2              0.010 
2025-05-23 10:51:03 | INFO |       81.851 ¦     6238           2              0.010 
2025-05-23 10:51:03 | INFO |       81.861 ¦     6239           2              0.010 
2025-05-23 10:51:03 | INFO |       81.871 ¦     6240           2              0.010 
2025-05-23 10:51:03 | INFO |       81.881 ¦     6241           2              0.010 
2025-05-23 10:51:03 | INFO |       81.891 ¦     6242           2              0.010 
2025-05-23 10:51:03 | INFO |       81.901 ¦     6243           2              0.010 
2025-05-23 10:51:03 | INFO |       81.911 ¦     6244           2              0.010 
2025-05-23 10:51:03 | INFO |       81.921 ¦     6245           2              0.010 
2025-05-23 10:51:03 | INFO |       81.931 ¦     6246           2              0.010 
2025-05-23 10:51:03 | INFO |       81.941 ¦     6247           2              0.010 
2025-05-23 10:51:03 | INFO |       81.951 ¦     6248           2              0.010 
2025-05-23 10:51:03 | INFO |       81.961 ¦     6249           2              0.010 
2025-05-23 10:51:03 | INFO |       81.971 ¦     6250           2              0.010 
2025-05-23 10:51:03 | INFO |       81.981 ¦     6251           2              0.010 
2025-05-23 10:51:03 | INFO |       81.991 ¦     6252           2              0.010 
2025-05-23 10:51:03 | INFO |       82.001 ¦     6253           2              0.010 
2025-05-23 10:51:03 | INFO |       82.011 ¦     6254           2              0.010 
2025-05-23 10:51:03 | INFO |       82.021 ¦     6255           2              0.010 
2025-05-23 10:51:03 | INFO |       82.031 ¦     6256           2              0.010 
2025-05-23 10:51:03 | INFO |       82.041 ¦     6257           2              0.010 
2025-05-23 10:51:03 | INFO |       82.051 ¦     6258           2              0.010 
2025-05-23 10:51:03 | INFO |       82.061 ¦     6259           2              0.010 
2025-05-23 10:51:03 | INFO |       82.071 ¦     6260           2              0.010 
2025-05-23 10:51:03 | INFO |       82.081 ¦     6261           2              0.010 
2025-05-23 10:51:03 | INFO |       82.091 ¦     6262           2              0.010 
2025-05-23 10:51:03 | INFO |       82.101 ¦     6263           2              0.010 
2025-05-23 10:51:03 | INFO |       82.111 ¦     6264           2              0.010 
2025-05-23 10:51:03 | INFO |       82.121 ¦     6265           2              0.010 
2025-05-23 10:51:03 | INFO |       82.131 ¦     6266           2              0.010 
2025-05-23 10:51:03 | INFO |       82.141 ¦     6267           2              0.010 
2025-05-23 10:51:03 | INFO |       82.151 ¦     6268           2              0.010 
2025-05-23 10:51:03 | INFO |       82.161 ¦     6269           2              0.010 
2025-05-23 10:51:03 | INFO |       82.171 ¦     6270           2              0.010 
2025-05-23 10:51:03 | INFO |       82.181 ¦     6271           2              0.010 
2025-05-23 10:51:03 | INFO |       82.191 ¦     6272           2              0.010 
2025-05-23 10:51:03 | INFO |       82.201 ¦     6273           2              0.010 
2025-05-23 10:51:03 | INFO |       82.211 ¦     6274           2              0.010 
2025-05-23 10:51:03 | INFO |       82.221 ¦     6275           2              0.010 
2025-05-23 10:51:03 | INFO |       82.231 ¦     6276           2              0.010 
2025-05-23 10:51:03 | INFO |       82.241 ¦     6277           2              0.010 
2025-05-23 10:51:03 | INFO |       82.251 ¦     6278           2              0.010 
2025-05-23 10:51:03 | INFO |       82.261 ¦     6279           2              0.010 
2025-05-23 10:51:03 | INFO |       82.271 ¦     6280           2              0.010 
2025-05-23 10:51:03 | INFO |       82.281 ¦     6281           2              0.010 
2025-05-23 10:51:03 | INFO |       82.291 ¦     6282           2              0.010 
2025-05-23 10:51:03 | INFO |       82.301 ¦     6283           2              0.010 
2025-05-23 10:51:03 | INFO |       82.311 ¦     6284           2              0.010 
2025-05-23 10:51:03 | INFO |       82.321 ¦     6285           2              0.010 
2025-05-23 10:51:03 | INFO |       82.331 ¦     6286           2              0.010 
2025-05-23 10:51:03 | INFO |       82.341 ¦     6287           2              0.010 
2025-05-23 10:51:03 | INFO |       82.351 ¦     6288           2              0.010 
2025-05-23 10:51:03 | INFO |       82.361 ¦     6289           2              0.010 
2025-05-23 10:51:03 | INFO |       82.371 ¦     6290           2              0.010 
2025-05-23 10:51:03 | INFO |       82.381 ¦     6291           2              0.010 
2025-05-23 10:51:03 | INFO |       82.391 ¦     6292           2              0.010 
2025-05-23 10:51:03 | INFO |       82.401 ¦     6293           2              0.010 
2025-05-23 10:51:03 | INFO |       82.411 ¦     6294           2              0.010 
2025-05-23 10:51:03 | INFO |       82.421 ¦     6295           2              0.010 
2025-05-23 10:51:03 | INFO |       82.431 ¦     6296           2              0.010 
2025-05-23 10:51:03 | INFO |       82.441 ¦     6297           2              0.010 
2025-05-23 10:51:03 | INFO |       82.451 ¦     6298           2              0.010 
2025-05-23 10:51:03 | INFO |       82.461 ¦     6299           2              0.010 
2025-05-23 10:51:03 | INFO |       82.471 ¦     6300           2              0.010 
2025-05-23 10:51:03 | INFO |       82.481 ¦     6301           2              0.010 
2025-05-23 10:51:03 | INFO |       82.491 ¦     6302           2              0.010 
2025-05-23 10:51:03 | INFO |       82.501 ¦     6303           2              0.010 
2025-05-23 10:51:03 | INFO |       82.511 ¦     6304           2              0.010 
2025-05-23 10:51:03 | INFO |       82.521 ¦     6305           2              0.010 
2025-05-23 10:51:03 | INFO |       82.531 ¦     6306           2              0.010 
2025-05-23 10:51:03 | INFO |       82.541 ¦     6307           2              0.010 
2025-05-23 10:51:03 | INFO |       82.551 ¦     6308           2              0.010 
2025-05-23 10:51:03 | INFO |       82.561 ¦     6309           2              0.010 
2025-05-23 10:51:03 | INFO |       82.571 ¦     6310           2              0.010 
2025-05-23 10:51:03 | INFO |       82.581 ¦     6311           2              0.010 
2025-05-23 10:51:03 | INFO |       82.591 ¦     6312           2              0.010 
2025-05-23 10:51:03 | INFO |       82.601 ¦     6313           2              0.010 
2025-05-23 10:51:03 | INFO |       82.611 ¦     6314           2              0.010 
2025-05-23 10:51:03 | INFO |       82.621 ¦     6315           2              0.010 
2025-05-23 10:51:03 | INFO |       82.631 ¦     6316           2              0.010 
2025-05-23 10:51:03 | INFO |       82.641 ¦     6317           2              0.010 
2025-05-23 10:51:03 | INFO |       82.651 ¦     6318           2              0.010 
2025-05-23 10:51:03 | INFO |       82.661 ¦     6319           2              0.010 
2025-05-23 10:51:03 | INFO |       82.671 ¦     6320           2              0.010 
2025-05-23 10:51:03 | INFO |       82.681 ¦     6321           2              0.010 
2025-05-23 10:51:03 | INFO |       82.691 ¦     6322           2              0.010 
2025-05-23 10:51:03 | INFO |       82.701 ¦     6323           2              0.010 
2025-05-23 10:51:03 | INFO |       82.711 ¦     6324           2              0.010 
2025-05-23 10:51:03 | INFO |       82.721 ¦     6325           2              0.010 
2025-05-23 10:51:03 | INFO |       82.731 ¦     6326           2              0.010 
2025-05-23 10:51:03 | INFO |       82.741 ¦     6327           2              0.010 
2025-05-23 10:51:03 | INFO |       82.751 ¦     6328           2              0.010 
2025-05-23 10:51:03 | INFO |       82.761 ¦     6329           2              0.010 
2025-05-23 10:51:03 | INFO |       82.771 ¦     6330           2              0.010 
2025-05-23 10:51:03 | INFO |       82.781 ¦     6331           2              0.010 
2025-05-23 10:51:03 | INFO |       82.791 ¦     6332           2              0.010 
2025-05-23 10:51:03 | INFO |       82.801 ¦     6333           2              0.010 
2025-05-23 10:51:03 | INFO |       82.811 ¦     6334           2              0.010 
2025-05-23 10:51:03 | INFO |       82.821 ¦     6335           2              0.010 
2025-05-23 10:51:03 | INFO |       82.831 ¦     6336           2              0.010 
2025-05-23 10:51:03 | INFO |       82.841 ¦     6337           2              0.010 
2025-05-23 10:51:03 | INFO |       82.851 ¦     6338           2              0.010 
2025-05-23 10:51:03 | INFO |       82.861 ¦     6339           2              0.010 
2025-05-23 10:51:03 | INFO |       82.871 ¦     6340           2              0.010 
2025-05-23 10:51:03 | INFO |       82.881 ¦     6341           2              0.010 
2025-05-23 10:51:03 | INFO |       82.891 ¦     6342           2              0.010 
2025-05-23 10:51:03 | INFO |       82.901 ¦     6343           2              0.010 
2025-05-23 10:51:03 | INFO |       82.911 ¦     6344           2              0.010 
2025-05-23 10:51:03 | INFO |       82.921 ¦     6345           2              0.010 
2025-05-23 10:51:03 | INFO |       82.931 ¦     6346           2              0.010 
2025-05-23 10:51:03 | INFO |       82.941 ¦     6347           2              0.010 
2025-05-23 10:51:03 | INFO |       82.951 ¦     6348           2              0.010 
2025-05-23 10:51:03 | INFO |       82.961 ¦     6349           2              0.010 
2025-05-23 10:51:03 | INFO |       82.971 ¦     6350           2              0.010 
2025-05-23 10:51:03 | INFO |       82.981 ¦     6351           2              0.010 
2025-05-23 10:51:03 | INFO |       82.991 ¦     6352           2              0.010 
2025-05-23 10:51:03 | INFO |       83.001 ¦     6353           2              0.010 
2025-05-23 10:51:03 | INFO |       83.011 ¦     6354           2              0.010 
2025-05-23 10:51:03 | INFO |       83.021 ¦     6355           2              0.010 
2025-05-23 10:51:03 | INFO |       83.031 ¦     6356           2              0.010 
2025-05-23 10:51:03 | INFO |       83.041 ¦     6357           2              0.010 
2025-05-23 10:51:03 | INFO |       83.051 ¦     6358           2              0.010 
2025-05-23 10:51:03 | INFO |       83.061 ¦     6359           2              0.010 
2025-05-23 10:51:03 | INFO |       83.071 ¦     6360           2              0.010 
2025-05-23 10:51:03 | INFO |       83.081 ¦     6361           2              0.010 
2025-05-23 10:51:03 | INFO |       83.091 ¦     6362           2              0.010 
2025-05-23 10:51:03 | INFO |       83.101 ¦     6363           2              0.010 
2025-05-23 10:51:03 | INFO |       83.111 ¦     6364           2              0.010 
2025-05-23 10:51:03 | INFO |       83.121 ¦     6365           2              0.010 
2025-05-23 10:51:03 | INFO |       83.131 ¦     6366           2              0.010 
2025-05-23 10:51:03 | INFO |       83.141 ¦     6367           2              0.010 
2025-05-23 10:51:03 | INFO |       83.151 ¦     6368           2              0.010 
2025-05-23 10:51:03 | INFO |       83.161 ¦     6369           2              0.010 
2025-05-23 10:51:03 | INFO |       83.171 ¦     6370           2              0.010 
2025-05-23 10:51:03 | INFO |       83.181 ¦     6371           2              0.010 
2025-05-23 10:51:03 | INFO |       83.191 ¦     6372           2              0.010 
2025-05-23 10:51:03 | INFO |       83.201 ¦     6373           2              0.010 
2025-05-23 10:51:03 | INFO |       83.211 ¦     6374           2              0.010 
2025-05-23 10:51:03 | INFO |       83.221 ¦     6375           2              0.010 
2025-05-23 10:51:03 | INFO |       83.231 ¦     6376           2              0.010 
2025-05-23 10:51:03 | INFO |       83.241 ¦     6377           2              0.010 
2025-05-23 10:51:03 | INFO |       83.251 ¦     6378           2              0.010 
2025-05-23 10:51:03 | INFO |       83.261 ¦     6379           2              0.010 
2025-05-23 10:51:03 | INFO |       83.271 ¦     6380           2              0.010 
2025-05-23 10:51:03 | INFO |       83.281 ¦     6381           2              0.010 
2025-05-23 10:51:03 | INFO |       83.291 ¦     6382           2              0.010 
2025-05-23 10:51:03 | INFO |       83.301 ¦     6383           2              0.010 
2025-05-23 10:51:03 | INFO |       83.311 ¦     6384           2              0.010 
2025-05-23 10:51:03 | INFO |       83.321 ¦     6385           2              0.010 
2025-05-23 10:51:03 | INFO |       83.331 ¦     6386           2              0.010 
2025-05-23 10:51:03 | INFO |       83.341 ¦     6387           2              0.010 
2025-05-23 10:51:03 | INFO |       83.351 ¦     6388           2              0.010 
2025-05-23 10:51:03 | INFO |       83.361 ¦     6389           2              0.010 
2025-05-23 10:51:03 | INFO |       83.371 ¦     6390           2              0.010 
2025-05-23 10:51:03 | INFO |       83.381 ¦     6391           2              0.010 
2025-05-23 10:51:03 | INFO |       83.391 ¦     6392           2              0.010 
2025-05-23 10:51:03 | INFO |       83.401 ¦     6393           2              0.010 
2025-05-23 10:51:03 | INFO |       83.411 ¦     6394           2              0.010 
2025-05-23 10:51:03 | INFO |       83.421 ¦     6395           2              0.010 
2025-05-23 10:51:03 | INFO |       83.431 ¦     6396           2              0.010 
2025-05-23 10:51:03 | INFO |       83.441 ¦     6397           2              0.010 
2025-05-23 10:51:03 | INFO |       83.451 ¦     6398           2              0.010 
2025-05-23 10:51:03 | INFO |       83.461 ¦     6399           2              0.010 
2025-05-23 10:51:03 | INFO |       83.471 ¦     6400           2              0.010 
2025-05-23 10:51:03 | INFO |       83.481 ¦     6401           2              0.010 
2025-05-23 10:51:03 | INFO |       83.491 ¦     6402           2              0.010 
2025-05-23 10:51:03 | INFO |       83.501 ¦     6403           2              0.010 
2025-05-23 10:51:03 | INFO |       83.511 ¦     6404           2              0.010 
2025-05-23 10:51:03 | INFO |       83.521 ¦     6405           2              0.010 
2025-05-23 10:51:03 | INFO |       83.531 ¦     6406           2              0.010 
2025-05-23 10:51:03 | INFO |       83.541 ¦     6407           2              0.010 
2025-05-23 10:51:03 | INFO |       83.551 ¦     6408           2              0.010 
2025-05-23 10:51:03 | INFO |       83.561 ¦     6409           2              0.010 
2025-05-23 10:51:03 | INFO |       83.571 ¦     6410           2              0.010 
2025-05-23 10:51:03 | INFO |       83.581 ¦     6411           2              0.010 
2025-05-23 10:51:03 | INFO |       83.591 ¦     6412           2              0.010 
2025-05-23 10:51:03 | INFO |       83.601 ¦     6413           2              0.010 
2025-05-23 10:51:03 | INFO |       83.611 ¦     6414           2              0.010 
2025-05-23 10:51:03 | INFO |       83.621 ¦     6415           2              0.010 
2025-05-23 10:51:03 | INFO |       83.631 ¦     6416           2              0.010 
2025-05-23 10:51:03 | INFO |       83.641 ¦     6417           2              0.010 
2025-05-23 10:51:03 | INFO |       83.651 ¦     6418           2              0.010 
2025-05-23 10:51:03 | INFO |       83.661 ¦     6419           2              0.010 
2025-05-23 10:51:03 | INFO |       83.671 ¦     6420           2              0.010 
2025-05-23 10:51:03 | INFO |       83.681 ¦     6421           2              0.010 
2025-05-23 10:51:03 | INFO |       83.691 ¦     6422           2              0.010 
2025-05-23 10:51:03 | INFO |       83.701 ¦     6423           2              0.010 
2025-05-23 10:51:03 | INFO |       83.711 ¦     6424           2              0.010 
2025-05-23 10:51:03 | INFO |       83.721 ¦     6425           2              0.010 
2025-05-23 10:51:03 | INFO |       83.731 ¦     6426           2              0.010 
2025-05-23 10:51:03 | INFO |       83.741 ¦     6427           2              0.010 
2025-05-23 10:51:03 | INFO |       83.751 ¦     6428           2              0.010 
2025-05-23 10:51:03 | INFO |       83.761 ¦     6429           2              0.010 
2025-05-23 10:51:03 | INFO |       83.771 ¦     6430           2              0.010 
2025-05-23 10:51:03 | INFO |       83.781 ¦     6431           2              0.010 
2025-05-23 10:51:03 | INFO |       83.791 ¦     6432           2              0.010 
2025-05-23 10:51:03 | INFO |       83.801 ¦     6433           2              0.010 
2025-05-23 10:51:03 | INFO |       83.811 ¦     6434           2              0.010 
2025-05-23 10:51:03 | INFO |       83.821 ¦     6435           2              0.010 
2025-05-23 10:51:03 | INFO |       83.831 ¦     6436           2              0.010 
2025-05-23 10:51:03 | INFO |       83.841 ¦     6437           2              0.010 
2025-05-23 10:51:03 | INFO |       83.851 ¦     6438           2              0.010 
2025-05-23 10:51:03 | INFO |       83.861 ¦     6439           2              0.010 
2025-05-23 10:51:03 | INFO |       83.871 ¦     6440           2              0.010 
2025-05-23 10:51:03 | INFO |       83.881 ¦     6441           2              0.010 
2025-05-23 10:51:03 | INFO |       83.891 ¦     6442           2              0.010 
2025-05-23 10:51:03 | INFO |       83.901 ¦     6443           2              0.010 
2025-05-23 10:51:03 | INFO |       83.911 ¦     6444           2              0.010 
2025-05-23 10:51:03 | INFO |       83.921 ¦     6445           2              0.010 
2025-05-23 10:51:03 | INFO |       83.931 ¦     6446           2              0.010 
2025-05-23 10:51:03 | INFO |       83.941 ¦     6447           2              0.010 
2025-05-23 10:51:03 | INFO |       83.951 ¦     6448           2              0.010 
2025-05-23 10:51:03 | INFO |       83.961 ¦     6449           2              0.010 
2025-05-23 10:51:03 | INFO |       83.971 ¦     6450           2              0.010 
2025-05-23 10:51:03 | INFO |       83.981 ¦     6451           2              0.010 
2025-05-23 10:51:03 | INFO |       83.991 ¦     6452           2              0.010 
2025-05-23 10:51:03 | INFO |       84.001 ¦     6453           2              0.010 
2025-05-23 10:51:03 | INFO |       84.011 ¦     6454           2              0.010 
2025-05-23 10:51:03 | INFO |       84.021 ¦     6455           2              0.010 
2025-05-23 10:51:03 | INFO |       84.031 ¦     6456           2              0.010 
2025-05-23 10:51:03 | INFO |       84.041 ¦     6457           2              0.010 
2025-05-23 10:51:03 | INFO |       84.051 ¦     6458           2              0.010 
2025-05-23 10:51:03 | INFO |       84.061 ¦     6459           2              0.010 
2025-05-23 10:51:03 | INFO |       84.071 ¦     6460           2              0.010 
2025-05-23 10:51:03 | INFO |       84.081 ¦     6461           2              0.010 
2025-05-23 10:51:03 | INFO |       84.091 ¦     6462           2              0.010 
2025-05-23 10:51:03 | INFO |       84.101 ¦     6463           2              0.010 
2025-05-23 10:51:03 | INFO |       84.111 ¦     6464           2              0.010 
2025-05-23 10:51:03 | INFO |       84.121 ¦     6465           2              0.010 
2025-05-23 10:51:03 | INFO |       84.131 ¦     6466           2              0.010 
2025-05-23 10:51:03 | INFO |       84.141 ¦     6467           2              0.010 
2025-05-23 10:51:03 | INFO |       84.151 ¦     6468           2              0.010 
2025-05-23 10:51:03 | INFO |       84.161 ¦     6469           2              0.010 
2025-05-23 10:51:03 | INFO |       84.171 ¦     6470           2              0.010 
2025-05-23 10:51:03 | INFO |       84.181 ¦     6471           2              0.010 
2025-05-23 10:51:03 | INFO |       84.191 ¦     6472           2              0.010 
2025-05-23 10:51:03 | INFO |       84.201 ¦     6473           2              0.010 
2025-05-23 10:51:03 | INFO |       84.211 ¦     6474           2              0.010 
2025-05-23 10:51:03 | INFO |       84.221 ¦     6475           2              0.010 
2025-05-23 10:51:03 | INFO |       84.231 ¦     6476           2              0.010 
2025-05-23 10:51:03 | INFO |       84.241 ¦     6477           2              0.010 
2025-05-23 10:51:03 | INFO |       84.251 ¦     6478           2              0.010 
2025-05-23 10:51:03 | INFO |       84.261 ¦     6479           2              0.010 
2025-05-23 10:51:03 | INFO |       84.271 ¦     6480           2              0.010 
2025-05-23 10:51:03 | INFO |       84.281 ¦     6481           2              0.010 
2025-05-23 10:51:03 | INFO |       84.291 ¦     6482           2              0.010 
2025-05-23 10:51:03 | INFO |       84.301 ¦     6483           2              0.010 
2025-05-23 10:51:03 | INFO |       84.311 ¦     6484           2              0.010 
2025-05-23 10:51:03 | INFO |       84.321 ¦     6485           2              0.010 
2025-05-23 10:51:03 | INFO |       84.331 ¦     6486           2              0.010 
2025-05-23 10:51:03 | INFO |       84.341 ¦     6487           2              0.010 
2025-05-23 10:51:03 | INFO |       84.351 ¦     6488           2              0.010 
2025-05-23 10:51:03 | INFO |       84.361 ¦     6489           2              0.010 
2025-05-23 10:51:03 | INFO |       84.371 ¦     6490           2              0.010 
2025-05-23 10:51:03 | INFO |       84.381 ¦     6491           2              0.010 
2025-05-23 10:51:03 | INFO |       84.391 ¦     6492           2              0.010 
2025-05-23 10:51:03 | INFO |       84.401 ¦     6493           2              0.010 
2025-05-23 10:51:03 | INFO |       84.411 ¦     6494           2              0.010 
2025-05-23 10:51:03 | INFO |       84.421 ¦     6495           2              0.010 
2025-05-23 10:51:03 | INFO |       84.431 ¦     6496           2              0.010 
2025-05-23 10:51:03 | INFO |       84.441 ¦     6497           2              0.010 
2025-05-23 10:51:03 | INFO |       84.451 ¦     6498           2              0.010 
2025-05-23 10:51:03 | INFO |       84.461 ¦     6499           2              0.010 
2025-05-23 10:51:03 | INFO |       84.471 ¦     6500           2              0.010 
2025-05-23 10:51:03 | INFO |       84.481 ¦     6501           2              0.010 
2025-05-23 10:51:03 | INFO |       84.491 ¦     6502           2              0.010 
2025-05-23 10:51:03 | INFO |       84.501 ¦     6503           2              0.010 
2025-05-23 10:51:03 | INFO |       84.511 ¦     6504           2              0.010 
2025-05-23 10:51:03 | INFO |       84.521 ¦     6505           2              0.010 
2025-05-23 10:51:03 | INFO |       84.531 ¦     6506           2              0.010 
2025-05-23 10:51:03 | INFO |       84.541 ¦     6507           2              0.010 
2025-05-23 10:51:03 | INFO |       84.551 ¦     6508           2              0.010 
2025-05-23 10:51:03 | INFO |       84.561 ¦     6509           2              0.010 
2025-05-23 10:51:03 | INFO |       84.571 ¦     6510           2              0.010 
2025-05-23 10:51:03 | INFO |       84.581 ¦     6511           2              0.010 
2025-05-23 10:51:03 | INFO |       84.591 ¦     6512           2              0.010 
2025-05-23 10:51:03 | INFO |       84.601 ¦     6513           2              0.010 
2025-05-23 10:51:03 | INFO |       84.611 ¦     6514           2              0.010 
2025-05-23 10:51:03 | INFO |       84.621 ¦     6515           2              0.010 
2025-05-23 10:51:03 | INFO |       84.631 ¦     6516           2              0.010 
2025-05-23 10:51:03 | INFO |       84.641 ¦     6517           2              0.010 
2025-05-23 10:51:03 | INFO |       84.651 ¦     6518           2              0.010 
2025-05-23 10:51:03 | INFO |       84.661 ¦     6519           2              0.010 
2025-05-23 10:51:03 | INFO |       84.671 ¦     6520           2              0.010 
2025-05-23 10:51:03 | INFO |       84.681 ¦     6521           2              0.010 
2025-05-23 10:51:03 | INFO |       84.691 ¦     6522           2              0.010 
2025-05-23 10:51:03 | INFO |       84.701 ¦     6523           2              0.010 
2025-05-23 10:51:03 | INFO |       84.711 ¦     6524           2              0.010 
2025-05-23 10:51:03 | INFO |       84.721 ¦     6525           2              0.010 
2025-05-23 10:51:03 | INFO |       84.731 ¦     6526           2              0.010 
2025-05-23 10:51:03 | INFO |       84.741 ¦     6527           2              0.010 
2025-05-23 10:51:03 | INFO |       84.751 ¦     6528           2              0.010 
2025-05-23 10:51:03 | INFO |       84.761 ¦     6529           2              0.010 
2025-05-23 10:51:03 | INFO |       84.771 ¦     6530           2              0.010 
2025-05-23 10:51:03 | INFO |       84.781 ¦     6531           2              0.010 
2025-05-23 10:51:03 | INFO |       84.791 ¦     6532           2              0.010 
2025-05-23 10:51:03 | INFO |       84.801 ¦     6533           2              0.010 
2025-05-23 10:51:03 | INFO |       84.811 ¦     6534           2              0.010 
2025-05-23 10:51:03 | INFO |       84.821 ¦     6535           2              0.010 
2025-05-23 10:51:03 | INFO |       84.831 ¦     6536           2              0.010 
2025-05-23 10:51:03 | INFO |       84.841 ¦     6537           2              0.010 
2025-05-23 10:51:03 | INFO |       84.851 ¦     6538           2              0.010 
2025-05-23 10:51:03 | INFO |       84.861 ¦     6539           2              0.010 
2025-05-23 10:51:03 | INFO |       84.871 ¦     6540           2              0.010 
2025-05-23 10:51:03 | INFO |       84.881 ¦     6541           2              0.010 
2025-05-23 10:51:03 | INFO |       84.891 ¦     6542           2              0.010 
2025-05-23 10:51:03 | INFO |       84.901 ¦     6543           2              0.010 
2025-05-23 10:51:03 | INFO |       84.911 ¦     6544           2              0.010 
2025-05-23 10:51:03 | INFO |       84.921 ¦     6545           2              0.010 
2025-05-23 10:51:03 | INFO |       84.931 ¦     6546           2              0.010 
2025-05-23 10:51:03 | INFO |       84.941 ¦     6547           2              0.010 
2025-05-23 10:51:03 | INFO |       84.951 ¦     6548           2              0.010 
2025-05-23 10:51:03 | INFO |       84.961 ¦     6549           2              0.010 
2025-05-23 10:51:03 | INFO |       84.971 ¦     6550           2              0.010 
2025-05-23 10:51:03 | INFO |       84.981 ¦     6551           2              0.010 
2025-05-23 10:51:03 | INFO |       84.991 ¦     6552           2              0.010 
2025-05-23 10:51:03 | INFO |       85.001 ¦     6553           2              0.010 
2025-05-23 10:51:03 | INFO |       85.011 ¦     6554           2              0.010 
2025-05-23 10:51:03 | INFO |       85.021 ¦     6555           2              0.010 
2025-05-23 10:51:03 | INFO |       85.031 ¦     6556           2              0.010 
2025-05-23 10:51:03 | INFO |       85.041 ¦     6557           2              0.010 
2025-05-23 10:51:03 | INFO |       85.051 ¦     6558           2              0.010 
2025-05-23 10:51:03 | INFO |       85.061 ¦     6559           2              0.010 
2025-05-23 10:51:03 | INFO |       85.071 ¦     6560           2              0.010 
2025-05-23 10:51:03 | INFO |       85.081 ¦     6561           2              0.010 
2025-05-23 10:51:03 | INFO |       85.091 ¦     6562           2              0.010 
2025-05-23 10:51:03 | INFO |       85.101 ¦     6563           2              0.010 
2025-05-23 10:51:03 | INFO |       85.111 ¦     6564           2              0.010 
2025-05-23 10:51:03 | INFO |       85.121 ¦     6565           2              0.010 
2025-05-23 10:51:03 | INFO |       85.131 ¦     6566           2              0.010 
2025-05-23 10:51:03 | INFO |       85.141 ¦     6567           2              0.010 
2025-05-23 10:51:03 | INFO |       85.151 ¦     6568           2              0.010 
2025-05-23 10:51:03 | INFO |       85.161 ¦     6569           2              0.010 
2025-05-23 10:51:03 | INFO |       85.171 ¦     6570           2              0.010 
2025-05-23 10:51:03 | INFO |       85.181 ¦     6571           2              0.010 
2025-05-23 10:51:03 | INFO |       85.191 ¦     6572           2              0.010 
2025-05-23 10:51:03 | INFO |       85.201 ¦     6573           2              0.010 
2025-05-23 10:51:03 | INFO |       85.211 ¦     6574           2              0.010 
2025-05-23 10:51:03 | INFO |       85.221 ¦     6575           2              0.010 
2025-05-23 10:51:03 | INFO |       85.231 ¦     6576           2              0.010 
2025-05-23 10:51:03 | INFO |       85.241 ¦     6577           2              0.010 
2025-05-23 10:51:03 | INFO |       85.251 ¦     6578           2              0.010 
2025-05-23 10:51:03 | INFO |       85.261 ¦     6579           2              0.010 
2025-05-23 10:51:03 | INFO |       85.271 ¦     6580           2              0.010 
2025-05-23 10:51:03 | INFO |       85.281 ¦     6581           2              0.010 
2025-05-23 10:51:03 | INFO |       85.291 ¦     6582           2              0.010 
2025-05-23 10:51:03 | INFO |       85.301 ¦     6583           2              0.010 
2025-05-23 10:51:03 | INFO |       85.311 ¦     6584           2              0.010 
2025-05-23 10:51:03 | INFO |       85.321 ¦     6585           2              0.010 
2025-05-23 10:51:03 | INFO |       85.331 ¦     6586           2              0.010 
2025-05-23 10:51:03 | INFO |       85.341 ¦     6587           2              0.010 
2025-05-23 10:51:03 | INFO |       85.351 ¦     6588           2              0.010 
2025-05-23 10:51:03 | INFO |       85.361 ¦     6589           2              0.010 
2025-05-23 10:51:03 | INFO |       85.371 ¦     6590           2              0.010 
2025-05-23 10:51:03 | INFO |       85.381 ¦     6591           2              0.010 
2025-05-23 10:51:03 | INFO |       85.391 ¦     6592           2              0.010 
2025-05-23 10:51:03 | INFO |       85.401 ¦     6593           2              0.010 
2025-05-23 10:51:03 | INFO |       85.411 ¦     6594           2              0.010 
2025-05-23 10:51:03 | INFO |       85.421 ¦     6595           2              0.010 
2025-05-23 10:51:03 | INFO |       85.431 ¦     6596           2              0.010 
2025-05-23 10:51:03 | INFO |       85.441 ¦     6597           2              0.010 
2025-05-23 10:51:03 | INFO |       85.451 ¦     6598           2              0.010 
2025-05-23 10:51:03 | INFO |       85.461 ¦     6599           2              0.010 
2025-05-23 10:51:03 | INFO |       85.471 ¦     6600           2              0.010 
2025-05-23 10:51:03 | INFO |       85.481 ¦     6601           2              0.010 
2025-05-23 10:51:03 | INFO |       85.491 ¦     6602           2              0.010 
2025-05-23 10:51:03 | INFO |       85.501 ¦     6603           2              0.010 
2025-05-23 10:51:03 | INFO |       85.511 ¦     6604           2              0.010 
2025-05-23 10:51:03 | INFO |       85.521 ¦     6605           2              0.010 
2025-05-23 10:51:03 | INFO |       85.531 ¦     6606           2              0.010 
2025-05-23 10:51:03 | INFO |       85.541 ¦     6607           2              0.010 
2025-05-23 10:51:03 | INFO |       85.551 ¦     6608           2              0.010 
2025-05-23 10:51:03 | INFO |       85.561 ¦     6609           2              0.010 
2025-05-23 10:51:03 | INFO |       85.571 ¦     6610           2              0.010 
2025-05-23 10:51:03 | INFO |       85.581 ¦     6611           2              0.010 
2025-05-23 10:51:03 | INFO |       85.591 ¦     6612           2              0.010 
2025-05-23 10:51:03 | INFO |       85.601 ¦     6613           2              0.010 
2025-05-23 10:51:03 | INFO |       85.611 ¦     6614           2              0.010 
2025-05-23 10:51:03 | INFO |       85.621 ¦     6615           2              0.010 
2025-05-23 10:51:03 | INFO |       85.631 ¦     6616           2              0.010 
2025-05-23 10:51:03 | INFO |       85.641 ¦     6617           2              0.010 
2025-05-23 10:51:03 | INFO |       85.651 ¦     6618           2              0.010 
2025-05-23 10:51:03 | INFO |       85.661 ¦     6619           2              0.010 
2025-05-23 10:51:03 | INFO |       85.671 ¦     6620           2              0.010 
2025-05-23 10:51:03 | INFO |       85.681 ¦     6621           2              0.010 
2025-05-23 10:51:03 | INFO |       85.691 ¦     6622           2              0.010 
2025-05-23 10:51:03 | INFO |       85.701 ¦     6623           2              0.010 
2025-05-23 10:51:03 | INFO |       85.711 ¦     6624           2              0.010 
2025-05-23 10:51:03 | INFO |       85.721 ¦     6625           2              0.010 
2025-05-23 10:51:03 | INFO |       85.731 ¦     6626           2              0.010 
2025-05-23 10:51:03 | INFO |       85.741 ¦     6627           2              0.010 
2025-05-23 10:51:03 | INFO |       85.751 ¦     6628           2              0.010 
2025-05-23 10:51:03 | INFO |       85.761 ¦     6629           2              0.010 
2025-05-23 10:51:03 | INFO |       85.771 ¦     6630           2              0.010 
2025-05-23 10:51:03 | INFO |       85.781 ¦     6631           2              0.010 
2025-05-23 10:51:03 | INFO |       85.791 ¦     6632           2              0.010 
2025-05-23 10:51:03 | INFO |       85.801 ¦     6633           2              0.010 
2025-05-23 10:51:03 | INFO |       85.811 ¦     6634           2              0.010 
2025-05-23 10:51:03 | INFO |       85.821 ¦     6635           2              0.010 
2025-05-23 10:51:03 | INFO |       85.831 ¦     6636           2              0.010 
2025-05-23 10:51:03 | INFO |       85.841 ¦     6637           2              0.010 
2025-05-23 10:51:03 | INFO |       85.851 ¦     6638           2              0.010 
2025-05-23 10:51:03 | INFO |       85.861 ¦     6639           2              0.010 
2025-05-23 10:51:03 | INFO |       85.871 ¦     6640           2              0.010 
2025-05-23 10:51:03 | INFO |       85.881 ¦     6641           2              0.010 
2025-05-23 10:51:03 | INFO |       85.891 ¦     6642           2              0.010 
2025-05-23 10:51:03 | INFO |       85.901 ¦     6643           2              0.010 
2025-05-23 10:51:03 | INFO |       85.911 ¦     6644           2              0.010 
2025-05-23 10:51:03 | INFO |       85.921 ¦     6645           2              0.010 
2025-05-23 10:51:03 | INFO |       85.931 ¦     6646           2              0.010 
2025-05-23 10:51:03 | INFO |       85.941 ¦     6647           2              0.010 
2025-05-23 10:51:03 | INFO |       85.951 ¦     6648           2              0.010 
2025-05-23 10:51:03 | INFO |       85.961 ¦     6649           2              0.010 
2025-05-23 10:51:03 | INFO |       85.971 ¦     6650           2              0.010 
2025-05-23 10:51:03 | INFO |       85.981 ¦     6651           2              0.010 
2025-05-23 10:51:03 | INFO |       85.991 ¦     6652           2              0.010 
2025-05-23 10:51:03 | INFO |       86.001 ¦     6653           2              0.010 
2025-05-23 10:51:03 | INFO |       86.011 ¦     6654           2              0.010 
2025-05-23 10:51:03 | INFO |       86.021 ¦     6655           2              0.010 
2025-05-23 10:51:03 | INFO |       86.031 ¦     6656           2              0.010 
2025-05-23 10:51:03 | INFO |       86.041 ¦     6657           2              0.010 
2025-05-23 10:51:03 | INFO |       86.051 ¦     6658           2              0.010 
2025-05-23 10:51:03 | INFO |       86.061 ¦     6659           2              0.010 
2025-05-23 10:51:03 | INFO |       86.071 ¦     6660           2              0.010 
2025-05-23 10:51:03 | INFO |       86.081 ¦     6661           2              0.010 
2025-05-23 10:51:03 | INFO |       86.091 ¦     6662           2              0.010 
2025-05-23 10:51:03 | INFO |       86.101 ¦     6663           2              0.010 
2025-05-23 10:51:03 | INFO |       86.111 ¦     6664           2              0.010 
2025-05-23 10:51:03 | INFO |       86.121 ¦     6665           2              0.010 
2025-05-23 10:51:03 | INFO |       86.131 ¦     6666           2              0.010 
2025-05-23 10:51:03 | INFO |       86.141 ¦     6667           2              0.010 
2025-05-23 10:51:03 | INFO |       86.151 ¦     6668           2              0.010 
2025-05-23 10:51:03 | INFO |       86.161 ¦     6669           2              0.010 
2025-05-23 10:51:03 | INFO |       86.171 ¦     6670           2              0.010 
2025-05-23 10:51:03 | INFO |       86.181 ¦     6671           2              0.010 
2025-05-23 10:51:03 | INFO |       86.191 ¦     6672           2              0.010 
2025-05-23 10:51:03 | INFO |       86.201 ¦     6673           2              0.010 
2025-05-23 10:51:03 | INFO |       86.211 ¦     6674           2              0.010 
2025-05-23 10:51:03 | INFO |       86.221 ¦     6675           2              0.010 
2025-05-23 10:51:03 | INFO |       86.231 ¦     6676           2              0.010 
2025-05-23 10:51:03 | INFO |       86.241 ¦     6677           2              0.010 
2025-05-23 10:51:03 | INFO |       86.251 ¦     6678           2              0.010 
2025-05-23 10:51:03 | INFO |       86.261 ¦     6679           2              0.010 
2025-05-23 10:51:03 | INFO |       86.271 ¦     6680           2              0.010 
2025-05-23 10:51:03 | INFO |       86.281 ¦     6681           2              0.010 
2025-05-23 10:51:03 | INFO |       86.291 ¦     6682           2              0.010 
2025-05-23 10:51:03 | INFO |       86.301 ¦     6683           2              0.010 
2025-05-23 10:51:03 | INFO |       86.311 ¦     6684           2              0.010 
2025-05-23 10:51:03 | INFO |       86.321 ¦     6685           2              0.010 
2025-05-23 10:51:03 | INFO |       86.331 ¦     6686           2              0.010 
2025-05-23 10:51:03 | INFO |       86.341 ¦     6687           2              0.010 
2025-05-23 10:51:03 | INFO |       86.351 ¦     6688           2              0.010 
2025-05-23 10:51:03 | INFO |       86.361 ¦     6689           2              0.010 
2025-05-23 10:51:03 | INFO |       86.371 ¦     6690           2              0.010 
2025-05-23 10:51:03 | INFO |       86.381 ¦     6691           2              0.010 
2025-05-23 10:51:03 | INFO |       86.391 ¦     6692           2              0.010 
2025-05-23 10:51:03 | INFO |       86.401 ¦     6693           2              0.010 
2025-05-23 10:51:03 | INFO |       86.411 ¦     6694           2              0.010 
2025-05-23 10:51:03 | INFO |       86.421 ¦     6695           2              0.010 
2025-05-23 10:51:03 | INFO |       86.431 ¦     6696           2              0.010 
2025-05-23 10:51:03 | INFO |       86.441 ¦     6697           2              0.010 
2025-05-23 10:51:03 | INFO |       86.451 ¦     6698           2              0.010 
2025-05-23 10:51:03 | INFO |       86.461 ¦     6699           2              0.010 
2025-05-23 10:51:03 | INFO |       86.471 ¦     6700           2              0.010 
2025-05-23 10:51:03 | INFO |       86.481 ¦     6701           2              0.010 
2025-05-23 10:51:03 | INFO |       86.491 ¦     6702           2              0.010 
2025-05-23 10:51:03 | INFO |       86.501 ¦     6703           2              0.010 
2025-05-23 10:51:03 | INFO |       86.511 ¦     6704           2              0.010 
2025-05-23 10:51:03 | INFO |       86.521 ¦     6705           2              0.010 
2025-05-23 10:51:03 | INFO |       86.531 ¦     6706           2              0.010 
2025-05-23 10:51:03 | INFO |       86.541 ¦     6707           2              0.010 
2025-05-23 10:51:03 | INFO |       86.551 ¦     6708           2              0.010 
2025-05-23 10:51:03 | INFO |       86.561 ¦     6709           2              0.010 
2025-05-23 10:51:03 | INFO |       86.571 ¦     6710           2              0.010 
2025-05-23 10:51:03 | INFO |       86.581 ¦     6711           2              0.010 
2025-05-23 10:51:03 | INFO |       86.591 ¦     6712           2              0.010 
2025-05-23 10:51:03 | INFO |       86.601 ¦     6713           2              0.010 
2025-05-23 10:51:03 | INFO |       86.611 ¦     6714           2              0.010 
2025-05-23 10:51:03 | INFO |       86.621 ¦     6715           2              0.010 
2025-05-23 10:51:03 | INFO |       86.631 ¦     6716           2              0.010 
2025-05-23 10:51:03 | INFO |       86.641 ¦     6717           2              0.010 
2025-05-23 10:51:03 | INFO |       86.651 ¦     6718           2              0.010 
2025-05-23 10:51:03 | INFO |       86.661 ¦     6719           2              0.010 
2025-05-23 10:51:03 | INFO |       86.671 ¦     6720           2              0.010 
2025-05-23 10:51:03 | INFO |       86.681 ¦     6721           2              0.010 
2025-05-23 10:51:03 | INFO |       86.691 ¦     6722           2              0.010 
2025-05-23 10:51:03 | INFO |       86.701 ¦     6723           2              0.010 
2025-05-23 10:51:03 | INFO |       86.711 ¦     6724           2              0.010 
2025-05-23 10:51:03 | INFO |       86.721 ¦     6725           2              0.010 
2025-05-23 10:51:03 | INFO |       86.731 ¦     6726           2              0.010 
2025-05-23 10:51:03 | INFO |       86.741 ¦     6727           2              0.010 
2025-05-23 10:51:03 | INFO |       86.751 ¦     6728           2              0.010 
2025-05-23 10:51:03 | INFO |       86.761 ¦     6729           2              0.010 
2025-05-23 10:51:03 | INFO |       86.771 ¦     6730           2              0.010 
2025-05-23 10:51:03 | INFO |       86.781 ¦     6731           2              0.010 
2025-05-23 10:51:03 | INFO |       86.791 ¦     6732           2              0.010 
2025-05-23 10:51:03 | INFO |       86.801 ¦     6733           2              0.010 
2025-05-23 10:51:03 | INFO |       86.811 ¦     6734           2              0.010 
2025-05-23 10:51:03 | INFO |       86.821 ¦     6735           2              0.010 
2025-05-23 10:51:03 | INFO |       86.831 ¦     6736           2              0.010 
2025-05-23 10:51:03 | INFO |       86.841 ¦     6737           2              0.010 
2025-05-23 10:51:03 | INFO |       86.851 ¦     6738           2              0.010 
2025-05-23 10:51:03 | INFO |       86.861 ¦     6739           2              0.010 
2025-05-23 10:51:03 | INFO |       86.871 ¦     6740           2              0.010 
2025-05-23 10:51:03 | INFO |       86.881 ¦     6741           2              0.010 
2025-05-23 10:51:03 | INFO |       86.891 ¦     6742           2              0.010 
2025-05-23 10:51:03 | INFO |       86.901 ¦     6743           2              0.010 
2025-05-23 10:51:03 | INFO |       86.911 ¦     6744           2              0.010 
2025-05-23 10:51:03 | INFO |       86.921 ¦     6745           2              0.010 
2025-05-23 10:51:03 | INFO |       86.931 ¦     6746           2              0.010 
2025-05-23 10:51:03 | INFO |       86.941 ¦     6747           2              0.010 
2025-05-23 10:51:03 | INFO |       86.951 ¦     6748           2              0.010 
2025-05-23 10:51:03 | INFO |       86.961 ¦     6749           2              0.010 
2025-05-23 10:51:03 | INFO |       86.971 ¦     6750           2              0.010 
2025-05-23 10:51:03 | INFO |       86.981 ¦     6751           2              0.010 
2025-05-23 10:51:03 | INFO |       86.991 ¦     6752           2              0.010 
2025-05-23 10:51:03 | INFO |       87.001 ¦     6753           2              0.010 
2025-05-23 10:51:03 | INFO |       87.011 ¦     6754           2              0.010 
2025-05-23 10:51:03 | INFO |       87.021 ¦     6755           2              0.010 
2025-05-23 10:51:03 | INFO |       87.031 ¦     6756           2              0.010 
2025-05-23 10:51:03 | INFO |       87.041 ¦     6757           2              0.010 
2025-05-23 10:51:03 | INFO |       87.051 ¦     6758           2              0.010 
2025-05-23 10:51:03 | INFO |       87.061 ¦     6759           2              0.010 
2025-05-23 10:51:03 | INFO |       87.071 ¦     6760           2              0.010 
2025-05-23 10:51:03 | INFO |       87.081 ¦     6761           2              0.010 
2025-05-23 10:51:03 | INFO |       87.091 ¦     6762           2              0.010 
2025-05-23 10:51:03 | INFO |       87.101 ¦     6763           2              0.010 
2025-05-23 10:51:03 | INFO |       87.111 ¦     6764           2              0.010 
2025-05-23 10:51:03 | INFO |       87.121 ¦     6765           2              0.010 
2025-05-23 10:51:03 | INFO |       87.131 ¦     6766           2              0.010 
2025-05-23 10:51:03 | INFO |       87.141 ¦     6767           2              0.010 
2025-05-23 10:51:03 | INFO |       87.151 ¦     6768           2              0.010 
2025-05-23 10:51:03 | INFO |       87.161 ¦     6769           2              0.010 
2025-05-23 10:51:03 | INFO |       87.171 ¦     6770           2              0.010 
2025-05-23 10:51:03 | INFO |       87.181 ¦     6771           2              0.010 
2025-05-23 10:51:03 | INFO |       87.191 ¦     6772           2              0.010 
2025-05-23 10:51:03 | INFO |       87.201 ¦     6773           2              0.010 
2025-05-23 10:51:03 | INFO |       87.211 ¦     6774           2              0.010 
2025-05-23 10:51:03 | INFO |       87.221 ¦     6775           2              0.010 
2025-05-23 10:51:03 | INFO |       87.231 ¦     6776           2              0.010 
2025-05-23 10:51:03 | INFO |       87.241 ¦     6777           2              0.010 
2025-05-23 10:51:03 | INFO |       87.251 ¦     6778           2              0.010 
2025-05-23 10:51:03 | INFO |       87.261 ¦     6779           2              0.010 
2025-05-23 10:51:03 | INFO |       87.271 ¦     6780           2              0.010 
2025-05-23 10:51:03 | INFO |       87.281 ¦     6781           2              0.010 
2025-05-23 10:51:03 | INFO |       87.291 ¦     6782           2              0.010 
2025-05-23 10:51:03 | INFO |       87.301 ¦     6783           2              0.010 
2025-05-23 10:51:03 | INFO |       87.311 ¦     6784           2              0.010 
2025-05-23 10:51:03 | INFO |       87.321 ¦     6785           2              0.010 
2025-05-23 10:51:03 | INFO |       87.331 ¦     6786           2              0.010 
2025-05-23 10:51:03 | INFO |       87.341 ¦     6787           2              0.010 
2025-05-23 10:51:03 | INFO |       87.351 ¦     6788           2              0.010 
2025-05-23 10:51:03 | INFO |       87.361 ¦     6789           2              0.010 
2025-05-23 10:51:03 | INFO |       87.371 ¦     6790           2              0.010 
2025-05-23 10:51:03 | INFO |       87.381 ¦     6791           2              0.010 
2025-05-23 10:51:03 | INFO |       87.391 ¦     6792           2              0.010 
2025-05-23 10:51:03 | INFO |       87.401 ¦     6793           2              0.010 
2025-05-23 10:51:03 | INFO |       87.411 ¦     6794           2              0.010 
2025-05-23 10:51:03 | INFO |       87.421 ¦     6795           2              0.010 
2025-05-23 10:51:03 | INFO |       87.431 ¦     6796           2              0.010 
2025-05-23 10:51:03 | INFO |       87.441 ¦     6797           2              0.010 
2025-05-23 10:51:03 | INFO |       87.451 ¦     6798           2              0.010 
2025-05-23 10:51:03 | INFO |       87.461 ¦     6799           2              0.010 
2025-05-23 10:51:03 | INFO |       87.471 ¦     6800           2              0.010 
2025-05-23 10:51:03 | INFO |       87.481 ¦     6801           2              0.010 
2025-05-23 10:51:03 | INFO |       87.491 ¦     6802           2              0.010 
2025-05-23 10:51:03 | INFO |       87.501 ¦     6803           2              0.010 
2025-05-23 10:51:03 | INFO |       87.511 ¦     6804           2              0.010 
2025-05-23 10:51:03 | INFO |       87.521 ¦     6805           2              0.010 
2025-05-23 10:51:03 | INFO |       87.531 ¦     6806           2              0.010 
2025-05-23 10:51:03 | INFO |       87.541 ¦     6807           2              0.010 
2025-05-23 10:51:03 | INFO |       87.551 ¦     6808           2              0.010 
2025-05-23 10:51:03 | INFO |       87.561 ¦     6809           2              0.010 
2025-05-23 10:51:03 | INFO |       87.571 ¦     6810           2              0.010 
2025-05-23 10:51:03 | INFO |       87.581 ¦     6811           2              0.010 
2025-05-23 10:51:03 | INFO |       87.591 ¦     6812           2              0.010 
2025-05-23 10:51:03 | INFO |       87.601 ¦     6813           2              0.010 
2025-05-23 10:51:03 | INFO |       87.611 ¦     6814           2              0.010 
2025-05-23 10:51:03 | INFO |       87.621 ¦     6815           2              0.010 
2025-05-23 10:51:03 | INFO |       87.631 ¦     6816           2              0.010 
2025-05-23 10:51:03 | INFO |       87.641 ¦     6817           2              0.010 
2025-05-23 10:51:03 | INFO |       87.651 ¦     6818           2              0.010 
2025-05-23 10:51:03 | INFO |       87.661 ¦     6819           2              0.010 
2025-05-23 10:51:03 | INFO |       87.671 ¦     6820           2              0.010 
2025-05-23 10:51:03 | INFO |       87.681 ¦     6821           2              0.010 
2025-05-23 10:51:03 | INFO |       87.691 ¦     6822           2              0.010 
2025-05-23 10:51:03 | INFO |       87.701 ¦     6823           2              0.010 
2025-05-23 10:51:03 | INFO |       87.711 ¦     6824           2              0.010 
2025-05-23 10:51:03 | INFO |       87.721 ¦     6825           2              0.010 
2025-05-23 10:51:03 | INFO |       87.731 ¦     6826           2              0.010 
2025-05-23 10:51:03 | INFO |       87.741 ¦     6827           2              0.010 
2025-05-23 10:51:03 | INFO |       87.751 ¦     6828           2              0.010 
2025-05-23 10:51:03 | INFO |       87.761 ¦     6829           2              0.010 
2025-05-23 10:51:03 | INFO |       87.771 ¦     6830           2              0.010 
2025-05-23 10:51:03 | INFO |       87.781 ¦     6831           2              0.010 
2025-05-23 10:51:03 | INFO |       87.791 ¦     6832           2              0.010 
2025-05-23 10:51:03 | INFO |       87.801 ¦     6833           2              0.010 
2025-05-23 10:51:03 | INFO |       87.811 ¦     6834           2              0.010 
2025-05-23 10:51:03 | INFO |       87.821 ¦     6835           2              0.010 
2025-05-23 10:51:03 | INFO |       87.831 ¦     6836           2              0.010 
2025-05-23 10:51:03 | INFO |       87.841 ¦     6837           2              0.010 
2025-05-23 10:51:03 | INFO |       87.851 ¦     6838           2              0.010 
2025-05-23 10:51:03 | INFO |       87.861 ¦     6839           2              0.010 
2025-05-23 10:51:03 | INFO |       87.871 ¦     6840           2              0.010 
2025-05-23 10:51:03 | INFO |       87.881 ¦     6841           2              0.010 
2025-05-23 10:51:03 | INFO |       87.891 ¦     6842           2              0.010 
2025-05-23 10:51:03 | INFO |       87.901 ¦     6843           2              0.010 
2025-05-23 10:51:03 | INFO |       87.911 ¦     6844           2              0.010 
2025-05-23 10:51:03 | INFO |       87.921 ¦     6845           2              0.010 
2025-05-23 10:51:03 | INFO |       87.931 ¦     6846           2              0.010 
2025-05-23 10:51:03 | INFO |       87.941 ¦     6847           2              0.010 
2025-05-23 10:51:03 | INFO |       87.951 ¦     6848           2              0.010 
2025-05-23 10:51:03 | INFO |       87.961 ¦     6849           2              0.010 
2025-05-23 10:51:03 | INFO |       87.971 ¦     6850           2              0.010 
2025-05-23 10:51:03 | INFO |       87.981 ¦     6851           2              0.010 
2025-05-23 10:51:03 | INFO |       87.991 ¦     6852           2              0.010 
2025-05-23 10:51:03 | INFO |       88.001 ¦     6853           2              0.010 
2025-05-23 10:51:03 | INFO |       88.011 ¦     6854           2              0.010 
2025-05-23 10:51:03 | INFO |       88.021 ¦     6855           2              0.010 
2025-05-23 10:51:03 | INFO |       88.031 ¦     6856           2              0.010 
2025-05-23 10:51:03 | INFO |       88.041 ¦     6857           2              0.010 
2025-05-23 10:51:03 | INFO |       88.051 ¦     6858           2              0.010 
2025-05-23 10:51:03 | INFO |       88.061 ¦     6859           2              0.010 
2025-05-23 10:51:03 | INFO |       88.071 ¦     6860           2              0.010 
2025-05-23 10:51:03 | INFO |       88.081 ¦     6861           2              0.010 
2025-05-23 10:51:03 | INFO |       88.091 ¦     6862           2              0.010 
2025-05-23 10:51:03 | INFO |       88.101 ¦     6863           2              0.010 
2025-05-23 10:51:03 | INFO |       88.111 ¦     6864           2              0.010 
2025-05-23 10:51:03 | INFO |       88.121 ¦     6865           2              0.010 
2025-05-23 10:51:03 | INFO |       88.131 ¦     6866           2              0.010 
2025-05-23 10:51:03 | INFO |       88.141 ¦     6867           2              0.010 
2025-05-23 10:51:03 | INFO |       88.151 ¦     6868           2              0.010 
2025-05-23 10:51:03 | INFO |       88.161 ¦     6869           2              0.010 
2025-05-23 10:51:03 | INFO |       88.171 ¦     6870           2              0.010 
2025-05-23 10:51:03 | INFO |       88.181 ¦     6871           2              0.010 
2025-05-23 10:51:03 | INFO |       88.191 ¦     6872           2              0.010 
2025-05-23 10:51:03 | INFO |       88.201 ¦     6873           2              0.010 
2025-05-23 10:51:03 | INFO |       88.211 ¦     6874           2              0.010 
2025-05-23 10:51:03 | INFO |       88.221 ¦     6875           2              0.010 
2025-05-23 10:51:03 | INFO |       88.231 ¦     6876           2              0.010 
2025-05-23 10:51:03 | INFO |       88.241 ¦     6877           2              0.010 
2025-05-23 10:51:03 | INFO |       88.251 ¦     6878           2              0.010 
2025-05-23 10:51:03 | INFO |       88.261 ¦     6879           2              0.010 
2025-05-23 10:51:03 | INFO |       88.271 ¦     6880           2              0.010 
2025-05-23 10:51:03 | INFO |       88.281 ¦     6881           2              0.010 
2025-05-23 10:51:03 | INFO |       88.291 ¦     6882           2              0.010 
2025-05-23 10:51:03 | INFO |       88.301 ¦     6883           2              0.010 
2025-05-23 10:51:03 | INFO |       88.311 ¦     6884           2              0.010 
2025-05-23 10:51:03 | INFO |       88.321 ¦     6885           2              0.010 
2025-05-23 10:51:03 | INFO |       88.331 ¦     6886           2              0.010 
2025-05-23 10:51:03 | INFO |       88.341 ¦     6887           2              0.010 
2025-05-23 10:51:03 | INFO |       88.351 ¦     6888           2              0.010 
2025-05-23 10:51:03 | INFO |       88.361 ¦     6889           2              0.010 
2025-05-23 10:51:03 | INFO |       88.371 ¦     6890           2              0.010 
2025-05-23 10:51:03 | INFO |       88.381 ¦     6891           2              0.010 
2025-05-23 10:51:03 | INFO |       88.391 ¦     6892           2              0.010 
2025-05-23 10:51:03 | INFO |       88.401 ¦     6893           2              0.010 
2025-05-23 10:51:03 | INFO |       88.411 ¦     6894           2              0.010 
2025-05-23 10:51:03 | INFO |       88.421 ¦     6895           2              0.010 
2025-05-23 10:51:03 | INFO |       88.431 ¦     6896           2              0.010 
2025-05-23 10:51:03 | INFO |       88.441 ¦     6897           2              0.010 
2025-05-23 10:51:03 | INFO |       88.451 ¦     6898           2              0.010 
2025-05-23 10:51:03 | INFO |       88.461 ¦     6899           2              0.010 
2025-05-23 10:51:03 | INFO |       88.471 ¦     6900           2              0.010 
2025-05-23 10:51:03 | INFO |       88.481 ¦     6901           2              0.010 
2025-05-23 10:51:03 | INFO |       88.491 ¦     6902           2              0.010 
2025-05-23 10:51:03 | INFO |       88.501 ¦     6903           2              0.010 
2025-05-23 10:51:03 | INFO |       88.511 ¦     6904           2              0.010 
2025-05-23 10:51:03 | INFO |       88.521 ¦     6905           2              0.010 
2025-05-23 10:51:03 | INFO |       88.531 ¦     6906           2              0.010 
2025-05-23 10:51:03 | INFO |       88.541 ¦     6907           2              0.010 
2025-05-23 10:51:03 | INFO |       88.551 ¦     6908           2              0.010 
2025-05-23 10:51:03 | INFO |       88.561 ¦     6909           2              0.010 
2025-05-23 10:51:03 | INFO |       88.571 ¦     6910           2              0.010 
2025-05-23 10:51:03 | INFO |       88.581 ¦     6911           2              0.010 
2025-05-23 10:51:03 | INFO |       88.591 ¦     6912           2              0.010 
2025-05-23 10:51:03 | INFO |       88.601 ¦     6913           2              0.010 
2025-05-23 10:51:03 | INFO |       88.611 ¦     6914           2              0.010 
2025-05-23 10:51:03 | INFO |       88.621 ¦     6915           2              0.010 
2025-05-23 10:51:03 | INFO |       88.631 ¦     6916           2              0.010 
2025-05-23 10:51:03 | INFO |       88.641 ¦     6917           2              0.010 
2025-05-23 10:51:03 | INFO |       88.651 ¦     6918           2              0.010 
2025-05-23 10:51:03 | INFO |       88.661 ¦     6919           2              0.010 
2025-05-23 10:51:03 | INFO |       88.671 ¦     6920           2              0.010 
2025-05-23 10:51:03 | INFO |       88.681 ¦     6921           2              0.010 
2025-05-23 10:51:03 | INFO |       88.691 ¦     6922           2              0.010 
2025-05-23 10:51:03 | INFO |       88.701 ¦     6923           2              0.010 
2025-05-23 10:51:03 | INFO |       88.711 ¦     6924           2              0.010 
2025-05-23 10:51:03 | INFO |       88.721 ¦     6925           2              0.010 
2025-05-23 10:51:03 | INFO |       88.731 ¦     6926           2              0.010 
2025-05-23 10:51:03 | INFO |       88.741 ¦     6927           2              0.010 
2025-05-23 10:51:03 | INFO |       88.751 ¦     6928           2              0.010 
2025-05-23 10:51:03 | INFO |       88.761 ¦     6929           2              0.010 
2025-05-23 10:51:03 | INFO |       88.771 ¦     6930           2              0.010 
2025-05-23 10:51:03 | INFO |       88.781 ¦     6931           2              0.010 
2025-05-23 10:51:03 | INFO |       88.791 ¦     6932           2              0.010 
2025-05-23 10:51:03 | INFO |       88.801 ¦     6933           2              0.010 
2025-05-23 10:51:03 | INFO |       88.811 ¦     6934           2              0.010 
2025-05-23 10:51:03 | INFO |       88.821 ¦     6935           2              0.010 
2025-05-23 10:51:03 | INFO |       88.831 ¦     6936           2              0.010 
2025-05-23 10:51:03 | INFO |       88.841 ¦     6937           2              0.010 
2025-05-23 10:51:03 | INFO |       88.851 ¦     6938           2              0.010 
2025-05-23 10:51:03 | INFO |       88.861 ¦     6939           2              0.010 
2025-05-23 10:51:03 | INFO |       88.871 ¦     6940           2              0.010 
2025-05-23 10:51:03 | INFO |       88.881 ¦     6941           2              0.010 
2025-05-23 10:51:03 | INFO |       88.891 ¦     6942           2              0.010 
2025-05-23 10:51:03 | INFO |       88.901 ¦     6943           2              0.010 
2025-05-23 10:51:03 | INFO |       88.911 ¦     6944           2              0.010 
2025-05-23 10:51:03 | INFO |       88.921 ¦     6945           2              0.010 
2025-05-23 10:51:03 | INFO |       88.931 ¦     6946           2              0.010 
2025-05-23 10:51:03 | INFO |       88.941 ¦     6947           2              0.010 
2025-05-23 10:51:03 | INFO |       88.951 ¦     6948           2              0.010 
2025-05-23 10:51:03 | INFO |       88.961 ¦     6949           2              0.010 
2025-05-23 10:51:03 | INFO |       88.971 ¦     6950           2              0.010 
2025-05-23 10:51:03 | INFO |       88.981 ¦     6951           2              0.010 
2025-05-23 10:51:03 | INFO |       88.991 ¦     6952           2              0.010 
2025-05-23 10:51:03 | INFO |       89.001 ¦     6953           2              0.010 
2025-05-23 10:51:03 | INFO |       89.011 ¦     6954           2              0.010 
2025-05-23 10:51:03 | INFO |       89.021 ¦     6955           2              0.010 
2025-05-23 10:51:03 | INFO |       89.031 ¦     6956           2              0.010 
2025-05-23 10:51:03 | INFO |       89.041 ¦     6957           2              0.010 
2025-05-23 10:51:03 | INFO |       89.051 ¦     6958           2              0.010 
2025-05-23 10:51:03 | INFO |       89.061 ¦     6959           2              0.010 
2025-05-23 10:51:03 | INFO |       89.071 ¦     6960           2              0.010 
2025-05-23 10:51:03 | INFO |       89.081 ¦     6961           2              0.010 
2025-05-23 10:51:03 | INFO |       89.091 ¦     6962           2              0.010 
2025-05-23 10:51:03 | INFO |       89.101 ¦     6963           2              0.010 
2025-05-23 10:51:03 | INFO |       89.111 ¦     6964           2              0.010 
2025-05-23 10:51:03 | INFO |       89.121 ¦     6965           2              0.010 
2025-05-23 10:51:03 | INFO |       89.131 ¦     6966           2              0.010 
2025-05-23 10:51:03 | INFO |       89.141 ¦     6967           2              0.010 
2025-05-23 10:51:03 | INFO |       89.151 ¦     6968           2              0.010 
2025-05-23 10:51:03 | INFO |       89.161 ¦     6969           2              0.010 
2025-05-23 10:51:03 | INFO |       89.171 ¦     6970           2              0.010 
2025-05-23 10:51:03 | INFO |       89.181 ¦     6971           2              0.010 
2025-05-23 10:51:03 | INFO |       89.191 ¦     6972           2              0.010 
2025-05-23 10:51:03 | INFO |       89.201 ¦     6973           2              0.010 
2025-05-23 10:51:03 | INFO |       89.211 ¦     6974           2              0.010 
2025-05-23 10:51:03 | INFO |       89.221 ¦     6975           2              0.010 
2025-05-23 10:51:03 | INFO |       89.231 ¦     6976           2              0.010 
2025-05-23 10:51:03 | INFO |       89.241 ¦     6977           2              0.010 
2025-05-23 10:51:03 | INFO |       89.251 ¦     6978           2              0.010 
2025-05-23 10:51:03 | INFO |       89.261 ¦     6979           2              0.010 
2025-05-23 10:51:03 | INFO |       89.271 ¦     6980           2              0.010 
2025-05-23 10:51:03 | INFO |       89.281 ¦     6981           2              0.010 
2025-05-23 10:51:03 | INFO |       89.291 ¦     6982           2              0.010 
2025-05-23 10:51:03 | INFO |       89.301 ¦     6983           2              0.010 
2025-05-23 10:51:03 | INFO |       89.311 ¦     6984           2              0.010 
2025-05-23 10:51:03 | INFO |       89.321 ¦     6985           2              0.010 
2025-05-23 10:51:03 | INFO |       89.331 ¦     6986           2              0.010 
2025-05-23 10:51:03 | INFO |       89.341 ¦     6987           2              0.010 
2025-05-23 10:51:03 | INFO |       89.351 ¦     6988           2              0.010 
2025-05-23 10:51:03 | INFO |       89.361 ¦     6989           2              0.010 
2025-05-23 10:51:03 | INFO |       89.371 ¦     6990           2              0.010 
2025-05-23 10:51:03 | INFO |       89.381 ¦     6991           2              0.010 
2025-05-23 10:51:03 | INFO |       89.391 ¦     6992           2              0.010 
2025-05-23 10:51:03 | INFO |       89.401 ¦     6993           2              0.010 
2025-05-23 10:51:03 | INFO |       89.411 ¦     6994           2              0.010 
2025-05-23 10:51:03 | INFO |       89.421 ¦     6995           2              0.010 
2025-05-23 10:51:03 | INFO |       89.431 ¦     6996           2              0.010 
2025-05-23 10:51:03 | INFO |       89.441 ¦     6997           2              0.010 
2025-05-23 10:51:03 | INFO |       89.451 ¦     6998           2              0.010 
2025-05-23 10:51:03 | INFO |       89.461 ¦     6999           2              0.010 
2025-05-23 10:51:03 | INFO |       89.471 ¦     7000           2              0.010 
2025-05-23 10:51:03 | INFO |       89.481 ¦     7001           2              0.010 
2025-05-23 10:51:03 | INFO |       89.491 ¦     7002           2              0.010 
2025-05-23 10:51:03 | INFO |       89.501 ¦     7003           2              0.010 
2025-05-23 10:51:03 | INFO |       89.511 ¦     7004           2              0.010 
2025-05-23 10:51:03 | INFO |       89.521 ¦     7005           2              0.010 
2025-05-23 10:51:03 | INFO |       89.531 ¦     7006           2              0.010 
2025-05-23 10:51:03 | INFO |       89.541 ¦     7007           2              0.010 
2025-05-23 10:51:03 | INFO |       89.551 ¦     7008           2              0.010 
2025-05-23 10:51:03 | INFO |       89.561 ¦     7009           2              0.010 
2025-05-23 10:51:03 | INFO |       89.571 ¦     7010           2              0.010 
2025-05-23 10:51:03 | INFO |       89.581 ¦     7011           2              0.010 
2025-05-23 10:51:03 | INFO |       89.591 ¦     7012           2              0.010 
2025-05-23 10:51:03 | INFO |       89.601 ¦     7013           2              0.010 
2025-05-23 10:51:03 | INFO |       89.611 ¦     7014           2              0.010 
2025-05-23 10:51:03 | INFO |       89.621 ¦     7015           2              0.010 
2025-05-23 10:51:03 | INFO |       89.631 ¦     7016           2              0.010 
2025-05-23 10:51:03 | INFO |       89.641 ¦     7017           2              0.010 
2025-05-23 10:51:03 | INFO |       89.651 ¦     7018           2              0.010 
2025-05-23 10:51:03 | INFO |       89.661 ¦     7019           2              0.010 
2025-05-23 10:51:03 | INFO |       89.671 ¦     7020           2              0.010 
2025-05-23 10:51:03 | INFO |       89.681 ¦     7021           2              0.010 
2025-05-23 10:51:03 | INFO |       89.691 ¦     7022           2              0.010 
2025-05-23 10:51:03 | INFO |       89.701 ¦     7023           2              0.010 
2025-05-23 10:51:03 | INFO |       89.711 ¦     7024           2              0.010 
2025-05-23 10:51:03 | INFO |       89.721 ¦     7025           2              0.010 
2025-05-23 10:51:03 | INFO |       89.731 ¦     7026           2              0.010 
2025-05-23 10:51:03 | INFO |       89.741 ¦     7027           2              0.010 
2025-05-23 10:51:03 | INFO |       89.751 ¦     7028           2              0.010 
2025-05-23 10:51:03 | INFO |       89.761 ¦     7029           2              0.010 
2025-05-23 10:51:03 | INFO |       89.771 ¦     7030           2              0.010 
2025-05-23 10:51:03 | INFO |       89.781 ¦     7031           2              0.010 
2025-05-23 10:51:03 | INFO |       89.791 ¦     7032           2              0.010 
2025-05-23 10:51:03 | INFO |       89.801 ¦     7033           2              0.010 
2025-05-23 10:51:03 | INFO |       89.811 ¦     7034           2              0.010 
2025-05-23 10:51:03 | INFO |       89.821 ¦     7035           2              0.010 
2025-05-23 10:51:03 | INFO |       89.831 ¦     7036           2              0.010 
2025-05-23 10:51:03 | INFO |       89.841 ¦     7037           2              0.010 
2025-05-23 10:51:03 | INFO |       89.851 ¦     7038           2              0.010 
2025-05-23 10:51:03 | INFO |       89.861 ¦     7039           2              0.010 
2025-05-23 10:51:03 | INFO |       89.871 ¦     7040           2              0.010 
2025-05-23 10:51:03 | INFO |       89.881 ¦     7041           2              0.010 
2025-05-23 10:51:03 | INFO |       89.891 ¦     7042           2              0.010 
2025-05-23 10:51:03 | INFO |       89.901 ¦     7043           2              0.010 
2025-05-23 10:51:03 | INFO |       89.911 ¦     7044           2              0.010 
2025-05-23 10:51:03 | INFO |       89.921 ¦     7045           2              0.010 
2025-05-23 10:51:03 | INFO |       89.931 ¦     7046           2              0.010 
2025-05-23 10:51:03 | INFO |       89.941 ¦     7047           2              0.010 
2025-05-23 10:51:03 | INFO |       89.951 ¦     7048           2              0.010 
2025-05-23 10:51:03 | INFO |       89.961 ¦     7049           2              0.010 
2025-05-23 10:51:03 | INFO |       89.971 ¦     7050           2              0.010 
2025-05-23 10:51:03 | INFO |       89.981 ¦     7051           2              0.010 
2025-05-23 10:51:03 | INFO |       89.991 ¦     7052           2              0.010 
2025-05-23 10:51:03 | INFO |       90.001 ¦     7053           2              0.010 
2025-05-23 10:51:03 | INFO |       90.011 ¦     7054           2              0.010 
2025-05-23 10:51:03 | INFO |       90.021 ¦     7055           2              0.010 
2025-05-23 10:51:03 | INFO |       90.031 ¦     7056           2              0.010 
2025-05-23 10:51:03 | INFO |       90.041 ¦     7057           2              0.010 
2025-05-23 10:51:03 | INFO |       90.051 ¦     7058           2              0.010 
2025-05-23 10:51:03 | INFO |       90.061 ¦     7059           2              0.010 
2025-05-23 10:51:03 | INFO |       90.071 ¦     7060           2              0.010 
2025-05-23 10:51:03 | INFO |       90.081 ¦     7061           2              0.010 
2025-05-23 10:51:03 | INFO |       90.091 ¦     7062           2              0.010 
2025-05-23 10:51:03 | INFO |       90.101 ¦     7063           2              0.010 
2025-05-23 10:51:03 | INFO |       90.111 ¦     7064           2              0.010 
2025-05-23 10:51:03 | INFO |       90.121 ¦     7065           2              0.010 
2025-05-23 10:51:03 | INFO |       90.131 ¦     7066           2              0.010 
2025-05-23 10:51:03 | INFO |       90.141 ¦     7067           2              0.010 
2025-05-23 10:51:03 | INFO |       90.151 ¦     7068           2              0.010 
2025-05-23 10:51:03 | INFO |       90.161 ¦     7069           2              0.010 
2025-05-23 10:51:03 | INFO |       90.171 ¦     7070           2              0.010 
2025-05-23 10:51:03 | INFO |       90.181 ¦     7071           2              0.010 
2025-05-23 10:51:03 | INFO |       90.191 ¦     7072           2              0.010 
2025-05-23 10:51:03 | INFO |       90.201 ¦     7073           2              0.010 
2025-05-23 10:51:03 | INFO |       90.211 ¦     7074           2              0.010 
2025-05-23 10:51:03 | INFO |       90.221 ¦     7075           2              0.010 
2025-05-23 10:51:03 | INFO |       90.231 ¦     7076           2              0.010 
2025-05-23 10:51:03 | INFO |       90.241 ¦     7077           2              0.010 
2025-05-23 10:51:03 | INFO |       90.251 ¦     7078           2              0.010 
2025-05-23 10:51:03 | INFO |       90.261 ¦     7079           2              0.010 
2025-05-23 10:51:03 | INFO |       90.271 ¦     7080           2              0.010 
2025-05-23 10:51:03 | INFO |       90.281 ¦     7081           2              0.010 
2025-05-23 10:51:03 | INFO |       90.291 ¦     7082           2              0.010 
2025-05-23 10:51:03 | INFO |       90.301 ¦     7083           2              0.010 
2025-05-23 10:51:03 | INFO |       90.311 ¦     7084           2              0.010 
2025-05-23 10:51:03 | INFO |       90.321 ¦     7085           2              0.010 
2025-05-23 10:51:03 | INFO |       90.331 ¦     7086           2              0.010 
2025-05-23 10:51:03 | INFO |       90.341 ¦     7087           2              0.010 
2025-05-23 10:51:03 | INFO |       90.351 ¦     7088           2              0.010 
2025-05-23 10:51:03 | INFO |       90.361 ¦     7089           2              0.010 
2025-05-23 10:51:03 | INFO |       90.371 ¦     7090           2              0.010 
2025-05-23 10:51:03 | INFO |       90.381 ¦     7091           2              0.010 
2025-05-23 10:51:03 | INFO |       90.391 ¦     7092           2              0.010 
2025-05-23 10:51:03 | INFO |       90.401 ¦     7093           2              0.010 
2025-05-23 10:51:03 | INFO |       90.411 ¦     7094           2              0.010 
2025-05-23 10:51:03 | INFO |       90.421 ¦     7095           2              0.010 
2025-05-23 10:51:03 | INFO |       90.431 ¦     7096           2              0.010 
2025-05-23 10:51:03 | INFO |       90.441 ¦     7097           2              0.010 
2025-05-23 10:51:03 | INFO |       90.451 ¦     7098           2              0.010 
2025-05-23 10:51:03 | INFO |       90.461 ¦     7099           2              0.010 
2025-05-23 10:51:03 | INFO |       90.471 ¦     7100           2              0.010 
2025-05-23 10:51:03 | INFO |       90.481 ¦     7101           2              0.010 
2025-05-23 10:51:03 | INFO |       90.491 ¦     7102           2              0.010 
2025-05-23 10:51:03 | INFO |       90.501 ¦     7103           2              0.010 
2025-05-23 10:51:03 | INFO |       90.511 ¦     7104           2              0.010 
2025-05-23 10:51:03 | INFO |       90.521 ¦     7105           2              0.010 
2025-05-23 10:51:03 | INFO |       90.531 ¦     7106           2              0.010 
2025-05-23 10:51:03 | INFO |       90.541 ¦     7107           2              0.010 
2025-05-23 10:51:03 | INFO |       90.551 ¦     7108           2              0.010 
2025-05-23 10:51:03 | INFO |       90.561 ¦     7109           2              0.010 
2025-05-23 10:51:03 | INFO |       90.571 ¦     7110           2              0.010 
2025-05-23 10:51:03 | INFO |       90.581 ¦     7111           2              0.010 
2025-05-23 10:51:03 | INFO |       90.591 ¦     7112           2              0.010 
2025-05-23 10:51:03 | INFO |       90.601 ¦     7113           2              0.010 
2025-05-23 10:51:03 | INFO |       90.611 ¦     7114           2              0.010 
2025-05-23 10:51:03 | INFO |       90.621 ¦     7115           2              0.010 
2025-05-23 10:51:03 | INFO |       90.631 ¦     7116           2              0.010 
2025-05-23 10:51:03 | INFO |       90.641 ¦     7117           2              0.010 
2025-05-23 10:51:03 | INFO |       90.651 ¦     7118           2              0.010 
2025-05-23 10:51:03 | INFO |       90.661 ¦     7119           2              0.010 
2025-05-23 10:51:03 | INFO |       90.671 ¦     7120           2              0.010 
2025-05-23 10:51:03 | INFO |       90.681 ¦     7121           2              0.010 
2025-05-23 10:51:03 | INFO |       90.691 ¦     7122           2              0.010 
2025-05-23 10:51:03 | INFO |       90.701 ¦     7123           2              0.010 
2025-05-23 10:51:03 | INFO |       90.711 ¦     7124           2              0.010 
2025-05-23 10:51:03 | INFO |       90.721 ¦     7125           2              0.010 
2025-05-23 10:51:03 | INFO |       90.731 ¦     7126           2              0.010 
2025-05-23 10:51:03 | INFO |       90.741 ¦     7127           2              0.010 
2025-05-23 10:51:03 | INFO |       90.751 ¦     7128           2              0.010 
2025-05-23 10:51:03 | INFO |       90.761 ¦     7129           2              0.010 
2025-05-23 10:51:03 | INFO |       90.771 ¦     7130           2              0.010 
2025-05-23 10:51:03 | INFO |       90.781 ¦     7131           2              0.010 
2025-05-23 10:51:03 | INFO |       90.791 ¦     7132           2              0.010 
2025-05-23 10:51:03 | INFO |       90.801 ¦     7133           2              0.010 
2025-05-23 10:51:03 | INFO |       90.811 ¦     7134           2              0.010 
2025-05-23 10:51:03 | INFO |       90.821 ¦     7135           2              0.010 
2025-05-23 10:51:03 | INFO |       90.831 ¦     7136           2              0.010 
2025-05-23 10:51:03 | INFO |       90.841 ¦     7137           2              0.010 
2025-05-23 10:51:03 | INFO |       90.851 ¦     7138           2              0.010 
2025-05-23 10:51:03 | INFO |       90.861 ¦     7139           2              0.010 
2025-05-23 10:51:03 | INFO |       90.871 ¦     7140           2              0.010 
2025-05-23 10:51:03 | INFO |       90.881 ¦     7141           2              0.010 
2025-05-23 10:51:03 | INFO |       90.891 ¦     7142           2              0.010 
2025-05-23 10:51:03 | INFO |       90.901 ¦     7143           2              0.010 
2025-05-23 10:51:03 | INFO |       90.911 ¦     7144           2              0.010 
2025-05-23 10:51:03 | INFO |       90.921 ¦     7145           2              0.010 
2025-05-23 10:51:03 | INFO |       90.931 ¦     7146           2              0.010 
2025-05-23 10:51:03 | INFO |       90.941 ¦     7147           2              0.010 
2025-05-23 10:51:03 | INFO |       90.951 ¦     7148           2              0.010 
2025-05-23 10:51:03 | INFO |       90.961 ¦     7149           2              0.010 
2025-05-23 10:51:03 | INFO |       90.971 ¦     7150           2              0.010 
2025-05-23 10:51:03 | INFO |       90.981 ¦     7151           2              0.010 
2025-05-23 10:51:03 | INFO |       90.991 ¦     7152           2              0.010 
2025-05-23 10:51:03 | INFO |       91.001 ¦     7153           2              0.010 
2025-05-23 10:51:03 | INFO |       91.011 ¦     7154           2              0.010 
2025-05-23 10:51:03 | INFO |       91.021 ¦     7155           2              0.010 
2025-05-23 10:51:03 | INFO |       91.031 ¦     7156           2              0.010 
2025-05-23 10:51:03 | INFO |       91.041 ¦     7157           2              0.010 
2025-05-23 10:51:03 | INFO |       91.051 ¦     7158           2              0.010 
2025-05-23 10:51:03 | INFO |       91.061 ¦     7159           2              0.010 
2025-05-23 10:51:03 | INFO |       91.071 ¦     7160           2              0.010 
2025-05-23 10:51:03 | INFO |       91.081 ¦     7161           2              0.010 
2025-05-23 10:51:03 | INFO |       91.091 ¦     7162           2              0.010 
2025-05-23 10:51:03 | INFO |       91.101 ¦     7163           2              0.010 
2025-05-23 10:51:03 | INFO |       91.111 ¦     7164           2              0.010 
2025-05-23 10:51:03 | INFO |       91.121 ¦     7165           2              0.010 
2025-05-23 10:51:03 | INFO |       91.131 ¦     7166           2              0.010 
2025-05-23 10:51:03 | INFO |       91.141 ¦     7167           2              0.010 
2025-05-23 10:51:03 | INFO |       91.151 ¦     7168           2              0.010 
2025-05-23 10:51:03 | INFO |       91.161 ¦     7169           2              0.010 
2025-05-23 10:51:03 | INFO |       91.171 ¦     7170           2              0.010 
2025-05-23 10:51:03 | INFO |       91.181 ¦     7171           2              0.010 
2025-05-23 10:51:03 | INFO |       91.191 ¦     7172           2              0.010 
2025-05-23 10:51:03 | INFO |       91.201 ¦     7173           2              0.010 
2025-05-23 10:51:03 | INFO |       91.211 ¦     7174           2              0.010 
2025-05-23 10:51:03 | INFO |       91.221 ¦     7175           2              0.010 
2025-05-23 10:51:03 | INFO |       91.231 ¦     7176           2              0.010 
2025-05-23 10:51:03 | INFO |       91.241 ¦     7177           2              0.010 
2025-05-23 10:51:03 | INFO |       91.251 ¦     7178           2              0.010 
2025-05-23 10:51:03 | INFO |       91.261 ¦     7179           2              0.010 
2025-05-23 10:51:03 | INFO |       91.271 ¦     7180           2              0.010 
2025-05-23 10:51:03 | INFO |       91.281 ¦     7181           2              0.010 
2025-05-23 10:51:03 | INFO |       91.291 ¦     7182           2              0.010 
2025-05-23 10:51:03 | INFO |       91.301 ¦     7183           2              0.010 
2025-05-23 10:51:03 | INFO |       91.311 ¦     7184           2              0.010 
2025-05-23 10:51:03 | INFO |       91.321 ¦     7185           2              0.010 
2025-05-23 10:51:03 | INFO |       91.331 ¦     7186           2              0.010 
2025-05-23 10:51:03 | INFO |       91.341 ¦     7187           2              0.010 
2025-05-23 10:51:03 | INFO |       91.351 ¦     7188           2              0.010 
2025-05-23 10:51:03 | INFO |       91.361 ¦     7189           2              0.010 
2025-05-23 10:51:03 | INFO |       91.371 ¦     7190           2              0.010 
2025-05-23 10:51:03 | INFO |       91.381 ¦     7191           2              0.010 
2025-05-23 10:51:03 | INFO |       91.391 ¦     7192           2              0.010 
2025-05-23 10:51:03 | INFO |       91.401 ¦     7193           2              0.010 
2025-05-23 10:51:03 | INFO |       91.411 ¦     7194           2              0.010 
2025-05-23 10:51:03 | INFO |       91.421 ¦     7195           2              0.010 
2025-05-23 10:51:03 | INFO |       91.431 ¦     7196           2              0.010 
2025-05-23 10:51:03 | INFO |       91.441 ¦     7197           2              0.010 
2025-05-23 10:51:03 | INFO |       91.451 ¦     7198           2              0.010 
2025-05-23 10:51:03 | INFO |       91.461 ¦     7199           2              0.010 
2025-05-23 10:51:03 | INFO |       91.471 ¦     7200           2              0.010 
2025-05-23 10:51:03 | INFO |       91.481 ¦     7201           2              0.010 
2025-05-23 10:51:03 | INFO |       91.491 ¦     7202           2              0.010 
2025-05-23 10:51:03 | INFO |       91.501 ¦     7203           2              0.010 
2025-05-23 10:51:03 | INFO |       91.511 ¦     7204           2              0.010 
2025-05-23 10:51:03 | INFO |       91.521 ¦     7205           2              0.010 
2025-05-23 10:51:03 | INFO |       91.531 ¦     7206           2              0.010 
2025-05-23 10:51:03 | INFO |       91.541 ¦     7207           2              0.010 
2025-05-23 10:51:03 | INFO |       91.551 ¦     7208           2              0.010 
2025-05-23 10:51:03 | INFO |       91.561 ¦     7209           2              0.010 
2025-05-23 10:51:03 | INFO |       91.571 ¦     7210           2              0.010 
2025-05-23 10:51:03 | INFO |       91.581 ¦     7211           2              0.010 
2025-05-23 10:51:03 | INFO |       91.591 ¦     7212           2              0.010 
2025-05-23 10:51:03 | INFO |       91.601 ¦     7213           2              0.010 
2025-05-23 10:51:03 | INFO |       91.611 ¦     7214           2              0.010 
2025-05-23 10:51:03 | INFO |       91.621 ¦     7215           2              0.010 
2025-05-23 10:51:03 | INFO |       91.631 ¦     7216           2              0.010 
2025-05-23 10:51:03 | INFO |       91.641 ¦     7217           2              0.010 
2025-05-23 10:51:03 | INFO |       91.651 ¦     7218           2              0.010 
2025-05-23 10:51:03 | INFO |       91.661 ¦     7219           2              0.010 
2025-05-23 10:51:03 | INFO |       91.671 ¦     7220           2              0.010 
2025-05-23 10:51:03 | INFO |       91.681 ¦     7221           2              0.010 
2025-05-23 10:51:03 | INFO |       91.691 ¦     7222           2              0.010 
2025-05-23 10:51:03 | INFO |       91.701 ¦     7223           2              0.010 
2025-05-23 10:51:03 | INFO |       91.711 ¦     7224           2              0.010 
2025-05-23 10:51:03 | INFO |       91.721 ¦     7225           2              0.010 
2025-05-23 10:51:03 | INFO |       91.731 ¦     7226           2              0.010 
2025-05-23 10:51:03 | INFO |       91.741 ¦     7227           2              0.010 
2025-05-23 10:51:03 | INFO |       91.751 ¦     7228           2              0.010 
2025-05-23 10:51:03 | INFO |       91.761 ¦     7229           2              0.010 
2025-05-23 10:51:03 | INFO |       91.771 ¦     7230           2              0.010 
2025-05-23 10:51:03 | INFO |       91.781 ¦     7231           2              0.010 
2025-05-23 10:51:03 | INFO |       91.791 ¦     7232           2              0.010 
2025-05-23 10:51:03 | INFO |       91.801 ¦     7233           2              0.010 
2025-05-23 10:51:03 | INFO |       91.811 ¦     7234           2              0.010 
2025-05-23 10:51:03 | INFO |       91.821 ¦     7235           2              0.010 
2025-05-23 10:51:03 | INFO |       91.831 ¦     7236           2              0.010 
2025-05-23 10:51:03 | INFO |       91.841 ¦     7237           2              0.010 
2025-05-23 10:51:03 | INFO |       91.851 ¦     7238           2              0.010 
2025-05-23 10:51:03 | INFO |       91.861 ¦     7239           2              0.010 
2025-05-23 10:51:03 | INFO |       91.871 ¦     7240           2              0.010 
2025-05-23 10:51:03 | INFO |       91.881 ¦     7241           2              0.010 
2025-05-23 10:51:03 | INFO |       91.891 ¦     7242           2              0.010 
2025-05-23 10:51:03 | INFO |       91.901 ¦     7243           2              0.010 
2025-05-23 10:51:03 | INFO |       91.911 ¦     7244           2              0.010 
2025-05-23 10:51:03 | INFO |       91.921 ¦     7245           2              0.010 
2025-05-23 10:51:03 | INFO |       91.931 ¦     7246           2              0.010 
2025-05-23 10:51:03 | INFO |       91.941 ¦     7247           2              0.010 
2025-05-23 10:51:03 | INFO |       91.951 ¦     7248           2              0.010 
2025-05-23 10:51:03 | INFO |       91.961 ¦     7249           2              0.010 
2025-05-23 10:51:03 | INFO |       91.971 ¦     7250           2              0.010 
2025-05-23 10:51:03 | INFO |       91.981 ¦     7251           2              0.010 
2025-05-23 10:51:03 | INFO |       91.991 ¦     7252           2              0.010 
2025-05-23 10:51:03 | INFO |       92.001 ¦     7253           2              0.010 
2025-05-23 10:51:03 | INFO |       92.011 ¦     7254           2              0.010 
2025-05-23 10:51:03 | INFO |       92.021 ¦     7255           2              0.010 
2025-05-23 10:51:03 | INFO |       92.031 ¦     7256           2              0.010 
2025-05-23 10:51:03 | INFO |       92.041 ¦     7257           2              0.010 
2025-05-23 10:51:03 | INFO |       92.051 ¦     7258           2              0.010 
2025-05-23 10:51:03 | INFO |       92.061 ¦     7259           2              0.010 
2025-05-23 10:51:03 | INFO |       92.071 ¦     7260           2              0.010 
2025-05-23 10:51:03 | INFO |       92.081 ¦     7261           2              0.010 
2025-05-23 10:51:03 | INFO |       92.091 ¦     7262           2              0.010 
2025-05-23 10:51:03 | INFO |       92.101 ¦     7263           2              0.010 
2025-05-23 10:51:03 | INFO |       92.111 ¦     7264           2              0.010 
2025-05-23 10:51:03 | INFO |       92.121 ¦     7265           2              0.010 
2025-05-23 10:51:03 | INFO |       92.131 ¦     7266           2              0.010 
2025-05-23 10:51:03 | INFO |       92.141 ¦     7267           2              0.010 
2025-05-23 10:51:03 | INFO |       92.151 ¦     7268           2              0.010 
2025-05-23 10:51:03 | INFO |       92.161 ¦     7269           2              0.010 
2025-05-23 10:51:03 | INFO |       92.171 ¦     7270           2              0.010 
2025-05-23 10:51:03 | INFO |       92.181 ¦     7271           2              0.010 
2025-05-23 10:51:03 | INFO |       92.191 ¦     7272           2              0.010 
2025-05-23 10:51:03 | INFO |       92.201 ¦     7273           2              0.010 
2025-05-23 10:51:03 | INFO |       92.211 ¦     7274           2              0.010 
2025-05-23 10:51:03 | INFO |       92.221 ¦     7275           2              0.010 
2025-05-23 10:51:03 | INFO |       92.231 ¦     7276           2              0.010 
2025-05-23 10:51:03 | INFO |       92.241 ¦     7277           2              0.010 
2025-05-23 10:51:03 | INFO |       92.251 ¦     7278           2              0.010 
2025-05-23 10:51:03 | INFO |       92.261 ¦     7279           2              0.010 
2025-05-23 10:51:03 | INFO |       92.271 ¦     7280           2              0.010 
2025-05-23 10:51:03 | INFO |       92.281 ¦     7281           2              0.010 
2025-05-23 10:51:03 | INFO |       92.291 ¦     7282           2              0.010 
2025-05-23 10:51:03 | INFO |       92.301 ¦     7283           2              0.010 
2025-05-23 10:51:03 | INFO |       92.311 ¦     7284           2              0.010 
2025-05-23 10:51:03 | INFO |       92.321 ¦     7285           2              0.010 
2025-05-23 10:51:03 | INFO |       92.331 ¦     7286           2              0.010 
2025-05-23 10:51:03 | INFO |       92.341 ¦     7287           2              0.010 
2025-05-23 10:51:03 | INFO |       92.351 ¦     7288           2              0.010 
2025-05-23 10:51:03 | INFO |       92.361 ¦     7289           2              0.010 
2025-05-23 10:51:03 | INFO |       92.371 ¦     7290           2              0.010 
2025-05-23 10:51:03 | INFO |       92.381 ¦     7291           2              0.010 
2025-05-23 10:51:03 | INFO |       92.391 ¦     7292           2              0.010 
2025-05-23 10:51:03 | INFO |       92.401 ¦     7293           2              0.010 
2025-05-23 10:51:03 | INFO |       92.411 ¦     7294           2              0.010 
2025-05-23 10:51:03 | INFO |       92.421 ¦     7295           2              0.010 
2025-05-23 10:51:03 | INFO |       92.431 ¦     7296           2              0.010 
2025-05-23 10:51:03 | INFO |       92.441 ¦     7297           2              0.010 
2025-05-23 10:51:03 | INFO |       92.451 ¦     7298           2              0.010 
2025-05-23 10:51:03 | INFO |       92.461 ¦     7299           2              0.010 
2025-05-23 10:51:03 | INFO |       92.471 ¦     7300           2              0.010 
2025-05-23 10:51:03 | INFO |       92.481 ¦     7301           2              0.010 
2025-05-23 10:51:03 | INFO |       92.491 ¦     7302           2              0.010 
2025-05-23 10:51:03 | INFO |       92.501 ¦     7303           2              0.010 
2025-05-23 10:51:03 | INFO |       92.511 ¦     7304           2              0.010 
2025-05-23 10:51:03 | INFO |       92.521 ¦     7305           2              0.010 
2025-05-23 10:51:03 | INFO |       92.531 ¦     7306           2              0.010 
2025-05-23 10:51:03 | INFO |       92.541 ¦     7307           2              0.010 
2025-05-23 10:51:03 | INFO |       92.551 ¦     7308           2              0.010 
2025-05-23 10:51:03 | INFO |       92.561 ¦     7309           2              0.010 
2025-05-23 10:51:03 | INFO |       92.571 ¦     7310           2              0.010 
2025-05-23 10:51:03 | INFO |       92.581 ¦     7311           2              0.010 
2025-05-23 10:51:03 | INFO |       92.591 ¦     7312           2              0.010 
2025-05-23 10:51:03 | INFO |       92.601 ¦     7313           2              0.010 
2025-05-23 10:51:03 | INFO |       92.611 ¦     7314           2              0.010 
2025-05-23 10:51:03 | INFO |       92.621 ¦     7315           2              0.010 
2025-05-23 10:51:03 | INFO |       92.631 ¦     7316           2              0.010 
2025-05-23 10:51:03 | INFO |       92.641 ¦     7317           2              0.010 
2025-05-23 10:51:03 | INFO |       92.651 ¦     7318           2              0.010 
2025-05-23 10:51:03 | INFO |       92.661 ¦     7319           2              0.010 
2025-05-23 10:51:03 | INFO |       92.671 ¦     7320           2              0.010 
2025-05-23 10:51:03 | INFO |       92.681 ¦     7321           2              0.010 
2025-05-23 10:51:03 | INFO |       92.691 ¦     7322           2              0.010 
2025-05-23 10:51:03 | INFO |       92.701 ¦     7323           2              0.010 
2025-05-23 10:51:03 | INFO |       92.711 ¦     7324           2              0.010 
2025-05-23 10:51:03 | INFO |       92.721 ¦     7325           2              0.010 
2025-05-23 10:51:03 | INFO |       92.731 ¦     7326           2              0.010 
2025-05-23 10:51:03 | INFO |       92.741 ¦     7327           2              0.010 
2025-05-23 10:51:03 | INFO |       92.751 ¦     7328           2              0.010 
2025-05-23 10:51:03 | INFO |       92.761 ¦     7329           2              0.010 
2025-05-23 10:51:03 | INFO |       92.771 ¦     7330           2              0.010 
2025-05-23 10:51:03 | INFO |       92.781 ¦     7331           2              0.010 
2025-05-23 10:51:03 | INFO |       92.791 ¦     7332           2              0.010 
2025-05-23 10:51:03 | INFO |       92.801 ¦     7333           2              0.010 
2025-05-23 10:51:03 | INFO |       92.811 ¦     7334           2              0.010 
2025-05-23 10:51:03 | INFO |       92.821 ¦     7335           2              0.010 
2025-05-23 10:51:03 | INFO |       92.831 ¦     7336           2              0.010 
2025-05-23 10:51:03 | INFO |       92.841 ¦     7337           2              0.010 
2025-05-23 10:51:03 | INFO |       92.851 ¦     7338           2              0.010 
2025-05-23 10:51:03 | INFO |       92.861 ¦     7339           2              0.010 
2025-05-23 10:51:03 | INFO |       92.871 ¦     7340           2              0.010 
2025-05-23 10:51:03 | INFO |       92.881 ¦     7341           2              0.010 
2025-05-23 10:51:03 | INFO |       92.891 ¦     7342           2              0.010 
2025-05-23 10:51:03 | INFO |       92.901 ¦     7343           2              0.010 
2025-05-23 10:51:03 | INFO |       92.911 ¦     7344           2              0.010 
2025-05-23 10:51:03 | INFO |       92.921 ¦     7345           2              0.010 
2025-05-23 10:51:03 | INFO |       92.931 ¦     7346           2              0.010 
2025-05-23 10:51:03 | INFO |       92.941 ¦     7347           2              0.010 
2025-05-23 10:51:03 | INFO |       92.951 ¦     7348           2              0.010 
2025-05-23 10:51:03 | INFO |       92.961 ¦     7349           2              0.010 
2025-05-23 10:51:03 | INFO |       92.971 ¦     7350           2              0.010 
2025-05-23 10:51:03 | INFO |       92.981 ¦     7351           2              0.010 
2025-05-23 10:51:03 | INFO |       92.991 ¦     7352           2              0.010 
2025-05-23 10:51:03 | INFO |       93.001 ¦     7353           2              0.010 
2025-05-23 10:51:03 | INFO |       93.011 ¦     7354           2              0.010 
2025-05-23 10:51:03 | INFO |       93.021 ¦     7355           2              0.010 
2025-05-23 10:51:03 | INFO |       93.031 ¦     7356           2              0.010 
2025-05-23 10:51:03 | INFO |       93.041 ¦     7357           2              0.010 
2025-05-23 10:51:03 | INFO |       93.051 ¦     7358           2              0.010 
2025-05-23 10:51:03 | INFO |       93.061 ¦     7359           2              0.010 
2025-05-23 10:51:03 | INFO |       93.071 ¦     7360           2              0.010 
2025-05-23 10:51:03 | INFO |       93.081 ¦     7361           2              0.010 
2025-05-23 10:51:03 | INFO |       93.091 ¦     7362           2              0.010 
2025-05-23 10:51:03 | INFO |       93.101 ¦     7363           2              0.010 
2025-05-23 10:51:03 | INFO |       93.111 ¦     7364           2              0.010 
2025-05-23 10:51:03 | INFO |       93.121 ¦     7365           2              0.010 
2025-05-23 10:51:03 | INFO |       93.131 ¦     7366           2              0.010 
2025-05-23 10:51:03 | INFO |       93.141 ¦     7367           2              0.010 
2025-05-23 10:51:03 | INFO |       93.151 ¦     7368           2              0.010 
2025-05-23 10:51:03 | INFO |       93.161 ¦     7369           2              0.010 
2025-05-23 10:51:03 | INFO |       93.171 ¦     7370           2              0.010 
2025-05-23 10:51:03 | INFO |       93.181 ¦     7371           2              0.010 
2025-05-23 10:51:03 | INFO |       93.191 ¦     7372           2              0.010 
2025-05-23 10:51:03 | INFO |       93.201 ¦     7373           2              0.010 
2025-05-23 10:51:03 | INFO |       93.211 ¦     7374           2              0.010 
2025-05-23 10:51:03 | INFO |       93.221 ¦     7375           2              0.010 
2025-05-23 10:51:03 | INFO |       93.231 ¦     7376           2              0.010 
2025-05-23 10:51:03 | INFO |       93.241 ¦     7377           2              0.010 
2025-05-23 10:51:03 | INFO |       93.251 ¦     7378           2              0.010 
2025-05-23 10:51:03 | INFO |       93.261 ¦     7379           2              0.010 
2025-05-23 10:51:03 | INFO |       93.271 ¦     7380           2              0.010 
2025-05-23 10:51:03 | INFO |       93.281 ¦     7381           2              0.010 
2025-05-23 10:51:03 | INFO |       93.291 ¦     7382           2              0.010 
2025-05-23 10:51:03 | INFO |       93.301 ¦     7383           2              0.010 
2025-05-23 10:51:03 | INFO |       93.311 ¦     7384           2              0.010 
2025-05-23 10:51:03 | INFO |       93.321 ¦     7385           2              0.010 
2025-05-23 10:51:03 | INFO |       93.331 ¦     7386           2              0.010 
2025-05-23 10:51:03 | INFO |       93.341 ¦     7387           2              0.010 
2025-05-23 10:51:03 | INFO |       93.351 ¦     7388           2              0.010 
2025-05-23 10:51:03 | INFO |       93.361 ¦     7389           2              0.010 
2025-05-23 10:51:03 | INFO |       93.371 ¦     7390           2              0.010 
2025-05-23 10:51:03 | INFO |       93.381 ¦     7391           2              0.010 
2025-05-23 10:51:03 | INFO |       93.391 ¦     7392           2              0.010 
2025-05-23 10:51:03 | INFO |       93.401 ¦     7393           2              0.010 
2025-05-23 10:51:03 | INFO |       93.411 ¦     7394           2              0.010 
2025-05-23 10:51:03 | INFO |       93.421 ¦     7395           2              0.010 
2025-05-23 10:51:03 | INFO |       93.431 ¦     7396           2              0.010 
2025-05-23 10:51:03 | INFO |       93.441 ¦     7397           2              0.010 
2025-05-23 10:51:03 | INFO |       93.451 ¦     7398           2              0.010 
2025-05-23 10:51:03 | INFO |       93.461 ¦     7399           2              0.010 
2025-05-23 10:51:03 | INFO |       93.471 ¦     7400           2              0.010 
2025-05-23 10:51:03 | INFO |       93.481 ¦     7401           2              0.010 
2025-05-23 10:51:03 | INFO |       93.491 ¦     7402           2              0.010 
2025-05-23 10:51:03 | INFO |       93.501 ¦     7403           2              0.010 
2025-05-23 10:51:03 | INFO |       93.511 ¦     7404           2              0.010 
2025-05-23 10:51:03 | INFO |       93.521 ¦     7405           2              0.010 
2025-05-23 10:51:03 | INFO |       93.531 ¦     7406           2              0.010 
2025-05-23 10:51:03 | INFO |       93.541 ¦     7407           2              0.010 
2025-05-23 10:51:03 | INFO |       93.551 ¦     7408           2              0.010 
2025-05-23 10:51:03 | INFO |       93.561 ¦     7409           2              0.010 
2025-05-23 10:51:03 | INFO |       93.571 ¦     7410           2              0.010 
2025-05-23 10:51:03 | INFO |       93.581 ¦     7411           2              0.010 
2025-05-23 10:51:03 | INFO |       93.591 ¦     7412           2              0.010 
2025-05-23 10:51:03 | INFO |       93.601 ¦     7413           2              0.010 
2025-05-23 10:51:03 | INFO |       93.611 ¦     7414           2              0.010 
2025-05-23 10:51:03 | INFO |       93.621 ¦     7415           2              0.010 
2025-05-23 10:51:03 | INFO |       93.631 ¦     7416           2              0.010 
2025-05-23 10:51:03 | INFO |       93.641 ¦     7417           2              0.010 
2025-05-23 10:51:03 | INFO |       93.651 ¦     7418           2              0.010 
2025-05-23 10:51:03 | INFO |       93.661 ¦     7419           2              0.010 
2025-05-23 10:51:03 | INFO |       93.671 ¦     7420           2              0.010 
2025-05-23 10:51:03 | INFO |       93.681 ¦     7421           2              0.010 
2025-05-23 10:51:03 | INFO |       93.691 ¦     7422           2              0.010 
2025-05-23 10:51:03 | INFO |       93.701 ¦     7423           2              0.010 
2025-05-23 10:51:03 | INFO |       93.711 ¦     7424           2              0.010 
2025-05-23 10:51:03 | INFO |       93.721 ¦     7425           2              0.010 
2025-05-23 10:51:03 | INFO |       93.731 ¦     7426           2              0.010 
2025-05-23 10:51:03 | INFO |       93.741 ¦     7427           2              0.010 
2025-05-23 10:51:03 | INFO |       93.751 ¦     7428           2              0.010 
2025-05-23 10:51:03 | INFO |       93.761 ¦     7429           2              0.010 
2025-05-23 10:51:03 | INFO |       93.771 ¦     7430           2              0.010 
2025-05-23 10:51:03 | INFO |       93.781 ¦     7431           2              0.010 
2025-05-23 10:51:03 | INFO |       93.791 ¦     7432           2              0.010 
2025-05-23 10:51:03 | INFO |       93.801 ¦     7433           2              0.010 
2025-05-23 10:51:03 | INFO |       93.811 ¦     7434           2              0.010 
2025-05-23 10:51:03 | INFO |       93.821 ¦     7435           2              0.010 
2025-05-23 10:51:03 | INFO |       93.831 ¦     7436           2              0.010 
2025-05-23 10:51:03 | INFO |       93.841 ¦     7437           2              0.010 
2025-05-23 10:51:03 | INFO |       93.851 ¦     7438           2              0.010 
2025-05-23 10:51:03 | INFO |       93.861 ¦     7439           2              0.010 
2025-05-23 10:51:03 | INFO |       93.871 ¦     7440           2              0.010 
2025-05-23 10:51:03 | INFO |       93.881 ¦     7441           2              0.010 
2025-05-23 10:51:03 | INFO |       93.891 ¦     7442           2              0.010 
2025-05-23 10:51:03 | INFO |       93.901 ¦     7443           2              0.010 
2025-05-23 10:51:03 | INFO |       93.911 ¦     7444           2              0.010 
2025-05-23 10:51:03 | INFO |       93.921 ¦     7445           2              0.010 
2025-05-23 10:51:03 | INFO |       93.931 ¦     7446           2              0.010 
2025-05-23 10:51:03 | INFO |       93.941 ¦     7447           2              0.010 
2025-05-23 10:51:03 | INFO |       93.951 ¦     7448           2              0.010 
2025-05-23 10:51:03 | INFO |       93.961 ¦     7449           2              0.010 
2025-05-23 10:51:03 | INFO |       93.971 ¦     7450           2              0.010 
2025-05-23 10:51:03 | INFO |       93.981 ¦     7451           2              0.010 
2025-05-23 10:51:03 | INFO |       93.991 ¦     7452           2              0.010 
2025-05-23 10:51:03 | INFO |       94.001 ¦     7453           2              0.010 
2025-05-23 10:51:03 | INFO |       94.011 ¦     7454           2              0.010 
2025-05-23 10:51:03 | INFO |       94.021 ¦     7455           2              0.010 
2025-05-23 10:51:03 | INFO |       94.031 ¦     7456           2              0.010 
2025-05-23 10:51:03 | INFO |       94.041 ¦     7457           2              0.010 
2025-05-23 10:51:03 | INFO |       94.051 ¦     7458           2              0.010 
2025-05-23 10:51:03 | INFO |       94.061 ¦     7459           2              0.010 
2025-05-23 10:51:03 | INFO |       94.071 ¦     7460           2              0.010 
2025-05-23 10:51:03 | INFO |       94.081 ¦     7461           2              0.010 
2025-05-23 10:51:03 | INFO |       94.091 ¦     7462           2              0.010 
2025-05-23 10:51:03 | INFO |       94.101 ¦     7463           2              0.010 
2025-05-23 10:51:03 | INFO |       94.111 ¦     7464           2              0.010 
2025-05-23 10:51:03 | INFO |       94.121 ¦     7465           2              0.010 
2025-05-23 10:51:03 | INFO |       94.131 ¦     7466           2              0.010 
2025-05-23 10:51:03 | INFO |       94.141 ¦     7467           2              0.010 
2025-05-23 10:51:03 | INFO |       94.151 ¦     7468           2              0.010 
2025-05-23 10:51:03 | INFO |       94.161 ¦     7469           2              0.010 
2025-05-23 10:51:03 | INFO |       94.171 ¦     7470           2              0.010 
2025-05-23 10:51:03 | INFO |       94.181 ¦     7471           2              0.010 
2025-05-23 10:51:03 | INFO |       94.191 ¦     7472           2              0.010 
2025-05-23 10:51:03 | INFO |       94.201 ¦     7473           2              0.010 
2025-05-23 10:51:03 | INFO |       94.211 ¦     7474           2              0.010 
2025-05-23 10:51:03 | INFO |       94.221 ¦     7475           2              0.010 
2025-05-23 10:51:03 | INFO |       94.231 ¦     7476           2              0.010 
2025-05-23 10:51:03 | INFO |       94.241 ¦     7477           2              0.010 
2025-05-23 10:51:03 | INFO |       94.251 ¦     7478           2              0.010 
2025-05-23 10:51:03 | INFO |       94.261 ¦     7479           2              0.010 
2025-05-23 10:51:03 | INFO |       94.271 ¦     7480           2              0.010 
2025-05-23 10:51:03 | INFO |       94.281 ¦     7481           2              0.010 
2025-05-23 10:51:03 | INFO |       94.291 ¦     7482           2              0.010 
2025-05-23 10:51:03 | INFO |       94.301 ¦     7483           2              0.010 
2025-05-23 10:51:03 | INFO |       94.311 ¦     7484           2              0.010 
2025-05-23 10:51:03 | INFO |       94.321 ¦     7485           2              0.010 
2025-05-23 10:51:03 | INFO |       94.331 ¦     7486           2              0.010 
2025-05-23 10:51:03 | INFO |       94.341 ¦     7487           2              0.010 
2025-05-23 10:51:03 | INFO |       94.351 ¦     7488           2              0.010 
2025-05-23 10:51:03 | INFO |       94.361 ¦     7489           2              0.010 
2025-05-23 10:51:03 | INFO |       94.371 ¦     7490           2              0.010 
2025-05-23 10:51:03 | INFO |       94.381 ¦     7491           2              0.010 
2025-05-23 10:51:03 | INFO |       94.391 ¦     7492           2              0.010 
2025-05-23 10:51:03 | INFO |       94.401 ¦     7493           2              0.010 
2025-05-23 10:51:03 | INFO |       94.411 ¦     7494           2              0.010 
2025-05-23 10:51:03 | INFO |       94.421 ¦     7495           2              0.010 
2025-05-23 10:51:03 | INFO |       94.431 ¦     7496           2              0.010 
2025-05-23 10:51:03 | INFO |       94.441 ¦     7497           2              0.010 
2025-05-23 10:51:03 | INFO |       94.451 ¦     7498           2              0.010 
2025-05-23 10:51:03 | INFO |       94.461 ¦     7499           2              0.010 
2025-05-23 10:51:03 | INFO |       94.471 ¦     7500           2              0.010 
2025-05-23 10:51:03 | INFO |       94.481 ¦     7501           2              0.010 
2025-05-23 10:51:03 | INFO |       94.491 ¦     7502           2              0.010 
2025-05-23 10:51:03 | INFO |       94.501 ¦     7503           2              0.010 
2025-05-23 10:51:03 | INFO |       94.511 ¦     7504           2              0.010 
2025-05-23 10:51:03 | INFO |       94.521 ¦     7505           2              0.010 
2025-05-23 10:51:03 | INFO |       94.531 ¦     7506           2              0.010 
2025-05-23 10:51:03 | INFO |       94.541 ¦     7507           2              0.010 
2025-05-23 10:51:03 | INFO |       94.551 ¦     7508           2              0.010 
2025-05-23 10:51:03 | INFO |       94.561 ¦     7509           2              0.010 
2025-05-23 10:51:03 | INFO |       94.571 ¦     7510           2              0.010 
2025-05-23 10:51:03 | INFO |       94.581 ¦     7511           2              0.010 
2025-05-23 10:51:03 | INFO |       94.591 ¦     7512           2              0.010 
2025-05-23 10:51:03 | INFO |       94.601 ¦     7513           2              0.010 
2025-05-23 10:51:03 | INFO |       94.611 ¦     7514           2              0.010 
2025-05-23 10:51:03 | INFO |       94.621 ¦     7515           2              0.010 
2025-05-23 10:51:03 | INFO |       94.631 ¦     7516           2              0.010 
2025-05-23 10:51:03 | INFO |       94.641 ¦     7517           2              0.010 
2025-05-23 10:51:03 | INFO |       94.651 ¦     7518           2              0.010 
2025-05-23 10:51:03 | INFO |       94.661 ¦     7519           2              0.010 
2025-05-23 10:51:03 | INFO |       94.671 ¦     7520           2              0.010 
2025-05-23 10:51:03 | INFO |       94.681 ¦     7521           2              0.010 
2025-05-23 10:51:03 | INFO |       94.691 ¦     7522           2              0.010 
2025-05-23 10:51:03 | INFO |       94.701 ¦     7523           2              0.010 
2025-05-23 10:51:03 | INFO |       94.711 ¦     7524           2              0.010 
2025-05-23 10:51:03 | INFO |       94.721 ¦     7525           2              0.010 
2025-05-23 10:51:03 | INFO |       94.731 ¦     7526           2              0.010 
2025-05-23 10:51:03 | INFO |       94.741 ¦     7527           2              0.010 
2025-05-23 10:51:03 | INFO |       94.751 ¦     7528           2              0.010 
2025-05-23 10:51:03 | INFO |       94.761 ¦     7529           2              0.010 
2025-05-23 10:51:03 | INFO |       94.771 ¦     7530           2              0.010 
2025-05-23 10:51:03 | INFO |       94.781 ¦     7531           2              0.010 
2025-05-23 10:51:03 | INFO |       94.791 ¦     7532           2              0.010 
2025-05-23 10:51:03 | INFO |       94.801 ¦     7533           2              0.010 
2025-05-23 10:51:03 | INFO |       94.811 ¦     7534           2              0.010 
2025-05-23 10:51:03 | INFO |       94.821 ¦     7535           2              0.010 
2025-05-23 10:51:03 | INFO |       94.831 ¦     7536           2              0.010 
2025-05-23 10:51:03 | INFO |       94.841 ¦     7537           2              0.010 
2025-05-23 10:51:03 | INFO |       94.851 ¦     7538           2              0.010 
2025-05-23 10:51:03 | INFO |       94.861 ¦     7539           2              0.010 
2025-05-23 10:51:03 | INFO |       94.871 ¦     7540           2              0.010 
2025-05-23 10:51:03 | INFO |       94.881 ¦     7541           2              0.010 
2025-05-23 10:51:03 | INFO |       94.891 ¦     7542           2              0.010 
2025-05-23 10:51:03 | INFO |       94.901 ¦     7543           2              0.010 
2025-05-23 10:51:03 | INFO |       94.911 ¦     7544           2              0.010 
2025-05-23 10:51:03 | INFO |       94.921 ¦     7545           2              0.010 
2025-05-23 10:51:03 | INFO |       94.931 ¦     7546           2              0.010 
2025-05-23 10:51:03 | INFO |       94.941 ¦     7547           2              0.010 
2025-05-23 10:51:03 | INFO |       94.951 ¦     7548           2              0.010 
2025-05-23 10:51:03 | INFO |       94.961 ¦     7549           2              0.010 
2025-05-23 10:51:03 | INFO |       94.971 ¦     7550           2              0.010 
2025-05-23 10:51:03 | INFO |       94.981 ¦     7551           2              0.010 
2025-05-23 10:51:03 | INFO |       94.991 ¦     7552           2              0.010 
2025-05-23 10:51:03 | INFO |       95.001 ¦     7553           2              0.010 
2025-05-23 10:51:03 | INFO |       95.011 ¦     7554           2              0.010 
2025-05-23 10:51:03 | INFO |       95.021 ¦     7555           2              0.010 
2025-05-23 10:51:03 | INFO |       95.031 ¦     7556           2              0.010 
2025-05-23 10:51:03 | INFO |       95.041 ¦     7557           2              0.010 
2025-05-23 10:51:03 | INFO |       95.051 ¦     7558           2              0.010 
2025-05-23 10:51:03 | INFO |       95.061 ¦     7559           2              0.010 
2025-05-23 10:51:03 | INFO |       95.071 ¦     7560           2              0.010 
2025-05-23 10:51:03 | INFO |       95.081 ¦     7561           2              0.010 
2025-05-23 10:51:03 | INFO |       95.091 ¦     7562           2              0.010 
2025-05-23 10:51:03 | INFO |       95.101 ¦     7563           2              0.010 
2025-05-23 10:51:03 | INFO |       95.111 ¦     7564           2              0.010 
2025-05-23 10:51:03 | INFO |       95.121 ¦     7565           2              0.010 
2025-05-23 10:51:03 | INFO |       95.131 ¦     7566           2              0.010 
2025-05-23 10:51:03 | INFO |       95.141 ¦     7567           2              0.010 
2025-05-23 10:51:03 | INFO |       95.151 ¦     7568           2              0.010 
2025-05-23 10:51:03 | INFO |       95.161 ¦     7569           2              0.010 
2025-05-23 10:51:03 | INFO |       95.171 ¦     7570           2              0.010 
2025-05-23 10:51:03 | INFO |       95.181 ¦     7571           2              0.010 
2025-05-23 10:51:03 | INFO |       95.191 ¦     7572           2              0.010 
2025-05-23 10:51:03 | INFO |       95.201 ¦     7573           2              0.010 
2025-05-23 10:51:03 | INFO |       95.211 ¦     7574           2              0.010 
2025-05-23 10:51:03 | INFO |       95.221 ¦     7575           2              0.010 
2025-05-23 10:51:03 | INFO |       95.231 ¦     7576           2              0.010 
2025-05-23 10:51:03 | INFO |       95.241 ¦     7577           2              0.010 
2025-05-23 10:51:03 | INFO |       95.251 ¦     7578           2              0.010 
2025-05-23 10:51:03 | INFO |       95.261 ¦     7579           2              0.010 
2025-05-23 10:51:03 | INFO |       95.271 ¦     7580           2              0.010 
2025-05-23 10:51:03 | INFO |       95.281 ¦     7581           2              0.010 
2025-05-23 10:51:03 | INFO |       95.291 ¦     7582           2              0.010 
2025-05-23 10:51:03 | INFO |       95.301 ¦     7583           2              0.010 
2025-05-23 10:51:03 | INFO |       95.311 ¦     7584           2              0.010 
2025-05-23 10:51:03 | INFO |       95.321 ¦     7585           2              0.010 
2025-05-23 10:51:03 | INFO |       95.331 ¦     7586           2              0.010 
2025-05-23 10:51:03 | INFO |       95.341 ¦     7587           2              0.010 
2025-05-23 10:51:03 | INFO |       95.351 ¦     7588           2              0.010 
2025-05-23 10:51:03 | INFO |       95.361 ¦     7589           2              0.010 
2025-05-23 10:51:03 | INFO |       95.371 ¦     7590           2              0.010 
2025-05-23 10:51:03 | INFO |       95.381 ¦     7591           2              0.010 
2025-05-23 10:51:03 | INFO |       95.391 ¦     7592           2              0.010 
2025-05-23 10:51:03 | INFO |       95.401 ¦     7593           2              0.010 
2025-05-23 10:51:03 | INFO |       95.411 ¦     7594           2              0.010 
2025-05-23 10:51:03 | INFO |       95.421 ¦     7595           2              0.010 
2025-05-23 10:51:03 | INFO |       95.431 ¦     7596           2              0.010 
2025-05-23 10:51:03 | INFO |       95.441 ¦     7597           2              0.010 
2025-05-23 10:51:03 | INFO |       95.451 ¦     7598           2              0.010 
2025-05-23 10:51:03 | INFO |       95.461 ¦     7599           2              0.010 
2025-05-23 10:51:03 | INFO |       95.471 ¦     7600           2              0.010 
2025-05-23 10:51:03 | INFO |       95.481 ¦     7601           2              0.010 
2025-05-23 10:51:03 | INFO |       95.491 ¦     7602           2              0.010 
2025-05-23 10:51:03 | INFO |       95.501 ¦     7603           2              0.010 
2025-05-23 10:51:03 | INFO |       95.511 ¦     7604           2              0.010 
2025-05-23 10:51:03 | INFO |       95.521 ¦     7605           2              0.010 
2025-05-23 10:51:03 | INFO |       95.531 ¦     7606           2              0.010 
2025-05-23 10:51:03 | INFO |       95.541 ¦     7607           2              0.010 
2025-05-23 10:51:03 | INFO |       95.551 ¦     7608           2              0.010 
2025-05-23 10:51:03 | INFO |       95.561 ¦     7609           2              0.010 
2025-05-23 10:51:03 | INFO |       95.571 ¦     7610           2              0.010 
2025-05-23 10:51:03 | INFO |       95.581 ¦     7611           2              0.010 
2025-05-23 10:51:03 | INFO |       95.591 ¦     7612           2              0.010 
2025-05-23 10:51:03 | INFO |       95.601 ¦     7613           2              0.010 
2025-05-23 10:51:03 | INFO |       95.611 ¦     7614           2              0.010 
2025-05-23 10:51:03 | INFO |       95.621 ¦     7615           2              0.010 
2025-05-23 10:51:03 | INFO |       95.631 ¦     7616           2              0.010 
2025-05-23 10:51:03 | INFO |       95.641 ¦     7617           2              0.010 
2025-05-23 10:51:03 | INFO |       95.651 ¦     7618           2              0.010 
2025-05-23 10:51:03 | INFO |       95.661 ¦     7619           2              0.010 
2025-05-23 10:51:03 | INFO |       95.671 ¦     7620           2              0.010 
2025-05-23 10:51:03 | INFO |       95.681 ¦     7621           2              0.010 
2025-05-23 10:51:03 | INFO |       95.691 ¦     7622           2              0.010 
2025-05-23 10:51:03 | INFO |       95.701 ¦     7623           2              0.010 
2025-05-23 10:51:03 | INFO |       95.711 ¦     7624           2              0.010 
2025-05-23 10:51:03 | INFO |       95.721 ¦     7625           2              0.010 
2025-05-23 10:51:03 | INFO |       95.731 ¦     7626           2              0.010 
2025-05-23 10:51:03 | INFO |       95.741 ¦     7627           2              0.010 
2025-05-23 10:51:03 | INFO |       95.751 ¦     7628           2              0.010 
2025-05-23 10:51:03 | INFO |       95.761 ¦     7629           2              0.010 
2025-05-23 10:51:03 | INFO |       95.771 ¦     7630           2              0.010 
2025-05-23 10:51:03 | INFO |       95.781 ¦     7631           2              0.010 
2025-05-23 10:51:03 | INFO |       95.791 ¦     7632           2              0.010 
2025-05-23 10:51:03 | INFO |       95.801 ¦     7633           2              0.010 
2025-05-23 10:51:03 | INFO |       95.811 ¦     7634           2              0.010 
2025-05-23 10:51:03 | INFO |       95.821 ¦     7635           2              0.010 
2025-05-23 10:51:03 | INFO |       95.831 ¦     7636           2              0.010 
2025-05-23 10:51:03 | INFO |       95.841 ¦     7637           2              0.010 
2025-05-23 10:51:03 | INFO |       95.851 ¦     7638           2              0.010 
2025-05-23 10:51:03 | INFO |       95.861 ¦     7639           2              0.010 
2025-05-23 10:51:03 | INFO |       95.871 ¦     7640           2              0.010 
2025-05-23 10:51:03 | INFO |       95.881 ¦     7641           2              0.010 
2025-05-23 10:51:03 | INFO |       95.891 ¦     7642           2              0.010 
2025-05-23 10:51:03 | INFO |       95.901 ¦     7643           2              0.010 
2025-05-23 10:51:03 | INFO |       95.911 ¦     7644           2              0.010 
2025-05-23 10:51:03 | INFO |       95.921 ¦     7645           2              0.010 
2025-05-23 10:51:03 | INFO |       95.931 ¦     7646           2              0.010 
2025-05-23 10:51:03 | INFO |       95.941 ¦     7647           2              0.010 
2025-05-23 10:51:03 | INFO |       95.951 ¦     7648           2              0.010 
2025-05-23 10:51:03 | INFO |       95.961 ¦     7649           2              0.010 
2025-05-23 10:51:03 | INFO |       95.971 ¦     7650           2              0.010 
2025-05-23 10:51:03 | INFO |       95.981 ¦     7651           2              0.010 
2025-05-23 10:51:03 | INFO |       95.991 ¦     7652           2              0.010 
2025-05-23 10:51:03 | INFO |       96.001 ¦     7653           2              0.010 
2025-05-23 10:51:03 | INFO |       96.011 ¦     7654           2              0.010 
2025-05-23 10:51:03 | INFO |       96.021 ¦     7655           2              0.010 
2025-05-23 10:51:03 | INFO |       96.031 ¦     7656           2              0.010 
2025-05-23 10:51:03 | INFO |       96.041 ¦     7657           2              0.010 
2025-05-23 10:51:03 | INFO |       96.051 ¦     7658           2              0.010 
2025-05-23 10:51:03 | INFO |       96.061 ¦     7659           2              0.010 
2025-05-23 10:51:03 | INFO |       96.071 ¦     7660           2              0.010 
2025-05-23 10:51:03 | INFO |       96.081 ¦     7661           2              0.010 
2025-05-23 10:51:03 | INFO |       96.091 ¦     7662           2              0.010 
2025-05-23 10:51:03 | INFO |       96.101 ¦     7663           2              0.010 
2025-05-23 10:51:03 | INFO |       96.111 ¦     7664           2              0.010 
2025-05-23 10:51:03 | INFO |       96.121 ¦     7665           2              0.010 
2025-05-23 10:51:03 | INFO |       96.131 ¦     7666           2              0.010 
2025-05-23 10:51:03 | INFO |       96.141 ¦     7667           2              0.010 
2025-05-23 10:51:03 | INFO |       96.151 ¦     7668           2              0.010 
2025-05-23 10:51:03 | INFO |       96.161 ¦     7669           2              0.010 
2025-05-23 10:51:03 | INFO |       96.171 ¦     7670           2              0.010 
2025-05-23 10:51:03 | INFO |       96.181 ¦     7671           2              0.010 
2025-05-23 10:51:03 | INFO |       96.191 ¦     7672           2              0.010 
2025-05-23 10:51:03 | INFO |       96.201 ¦     7673           2              0.010 
2025-05-23 10:51:03 | INFO |       96.211 ¦     7674           2              0.010 
2025-05-23 10:51:03 | INFO |       96.221 ¦     7675           2              0.010 
2025-05-23 10:51:03 | INFO |       96.231 ¦     7676           2              0.010 
2025-05-23 10:51:03 | INFO |       96.241 ¦     7677           2              0.010 
2025-05-23 10:51:03 | INFO |       96.251 ¦     7678           2              0.010 
2025-05-23 10:51:03 | INFO |       96.261 ¦     7679           2              0.010 
2025-05-23 10:51:03 | INFO |       96.271 ¦     7680           2              0.010 
2025-05-23 10:51:03 | INFO |       96.281 ¦     7681           2              0.010 
2025-05-23 10:51:03 | INFO |       96.291 ¦     7682           2              0.010 
2025-05-23 10:51:03 | INFO |       96.301 ¦     7683           2              0.010 
2025-05-23 10:51:03 | INFO |       96.311 ¦     7684           2              0.010 
2025-05-23 10:51:03 | INFO |       96.321 ¦     7685           2              0.010 
2025-05-23 10:51:03 | INFO |       96.331 ¦     7686           2              0.010 
2025-05-23 10:51:03 | INFO |       96.341 ¦     7687           2              0.010 
2025-05-23 10:51:03 | INFO |       96.351 ¦     7688           2              0.010 
2025-05-23 10:51:03 | INFO |       96.361 ¦     7689           2              0.010 
2025-05-23 10:51:03 | INFO |       96.371 ¦     7690           2              0.010 
2025-05-23 10:51:03 | INFO |       96.381 ¦     7691           2              0.010 
2025-05-23 10:51:03 | INFO |       96.391 ¦     7692           2              0.010 
2025-05-23 10:51:03 | INFO |       96.401 ¦     7693           2              0.010 
2025-05-23 10:51:03 | INFO |       96.411 ¦     7694           2              0.010 
2025-05-23 10:51:03 | INFO |       96.421 ¦     7695           2              0.010 
2025-05-23 10:51:03 | INFO |       96.431 ¦     7696           2              0.010 
2025-05-23 10:51:03 | INFO |       96.441 ¦     7697           2              0.010 
2025-05-23 10:51:03 | INFO |       96.451 ¦     7698           2              0.010 
2025-05-23 10:51:03 | INFO |       96.461 ¦     7699           2              0.010 
2025-05-23 10:51:03 | INFO |       96.471 ¦     7700           2              0.010 
2025-05-23 10:51:03 | INFO |       96.481 ¦     7701           2              0.010 
2025-05-23 10:51:03 | INFO |       96.491 ¦     7702           2              0.010 
2025-05-23 10:51:03 | INFO |       96.501 ¦     7703           2              0.010 
2025-05-23 10:51:03 | INFO |       96.511 ¦     7704           2              0.010 
2025-05-23 10:51:03 | INFO |       96.521 ¦     7705           2              0.010 
2025-05-23 10:51:03 | INFO |       96.531 ¦     7706           2              0.010 
2025-05-23 10:51:03 | INFO |       96.541 ¦     7707           2              0.010 
2025-05-23 10:51:03 | INFO |       96.551 ¦     7708           2              0.010 
2025-05-23 10:51:03 | INFO |       96.561 ¦     7709           2              0.010 
2025-05-23 10:51:03 | INFO |       96.571 ¦     7710           2              0.010 
2025-05-23 10:51:03 | INFO |       96.581 ¦     7711           2              0.010 
2025-05-23 10:51:03 | INFO |       96.591 ¦     7712           2              0.010 
2025-05-23 10:51:03 | INFO |       96.601 ¦     7713           2              0.010 
2025-05-23 10:51:03 | INFO |       96.611 ¦     7714           2              0.010 
2025-05-23 10:51:03 | INFO |       96.621 ¦     7715           2              0.010 
2025-05-23 10:51:03 | INFO |       96.631 ¦     7716           2              0.010 
2025-05-23 10:51:03 | INFO |       96.641 ¦     7717           2              0.010 
2025-05-23 10:51:03 | INFO |       96.651 ¦     7718           2              0.010 
2025-05-23 10:51:03 | INFO |       96.661 ¦     7719           2              0.010 
2025-05-23 10:51:03 | INFO |       96.671 ¦     7720           2              0.010 
2025-05-23 10:51:03 | INFO |       96.681 ¦     7721           2              0.010 
2025-05-23 10:51:03 | INFO |       96.691 ¦     7722           2              0.010 
2025-05-23 10:51:03 | INFO |       96.701 ¦     7723           2              0.010 
2025-05-23 10:51:03 | INFO |       96.711 ¦     7724           2              0.010 
2025-05-23 10:51:03 | INFO |       96.721 ¦     7725           2              0.010 
2025-05-23 10:51:03 | INFO |       96.731 ¦     7726           2              0.010 
2025-05-23 10:51:03 | INFO |       96.741 ¦     7727           2              0.010 
2025-05-23 10:51:03 | INFO |       96.751 ¦     7728           2              0.010 
2025-05-23 10:51:03 | INFO |       96.761 ¦     7729           2              0.010 
2025-05-23 10:51:03 | INFO |       96.771 ¦     7730           2              0.010 
2025-05-23 10:51:03 | INFO |       96.781 ¦     7731           2              0.010 
2025-05-23 10:51:03 | INFO |       96.791 ¦     7732           2              0.010 
2025-05-23 10:51:03 | INFO |       96.801 ¦     7733           2              0.010 
2025-05-23 10:51:03 | INFO |       96.811 ¦     7734           2              0.010 
2025-05-23 10:51:03 | INFO |       96.821 ¦     7735           2              0.010 
2025-05-23 10:51:03 | INFO |       96.831 ¦     7736           2              0.010 
2025-05-23 10:51:03 | INFO |       96.841 ¦     7737           2              0.010 
2025-05-23 10:51:03 | INFO |       96.851 ¦     7738           2              0.010 
2025-05-23 10:51:03 | INFO |       96.861 ¦     7739           2              0.010 
2025-05-23 10:51:03 | INFO |       96.871 ¦     7740           2              0.010 
2025-05-23 10:51:03 | INFO |       96.881 ¦     7741           2              0.010 
2025-05-23 10:51:03 | INFO |       96.891 ¦     7742           2              0.010 
2025-05-23 10:51:03 | INFO |       96.901 ¦     7743           2              0.010 
2025-05-23 10:51:03 | INFO |       96.911 ¦     7744           2              0.010 
2025-05-23 10:51:03 | INFO |       96.921 ¦     7745           2              0.010 
2025-05-23 10:51:03 | INFO |       96.931 ¦     7746           2              0.010 
2025-05-23 10:51:03 | INFO |       96.941 ¦     7747           2              0.010 
2025-05-23 10:51:03 | INFO |       96.951 ¦     7748           2              0.010 
2025-05-23 10:51:03 | INFO |       96.961 ¦     7749           2              0.010 
2025-05-23 10:51:03 | INFO |       96.971 ¦     7750           2              0.010 
2025-05-23 10:51:03 | INFO |       96.981 ¦     7751           2              0.010 
2025-05-23 10:51:03 | INFO |       96.991 ¦     7752           2              0.010 
2025-05-23 10:51:03 | INFO |       97.001 ¦     7753           2              0.010 
2025-05-23 10:51:03 | INFO |       97.011 ¦     7754           2              0.010 
2025-05-23 10:51:03 | INFO |       97.021 ¦     7755           2              0.010 
2025-05-23 10:51:03 | INFO |       97.031 ¦     7756           2              0.010 
2025-05-23 10:51:03 | INFO |       97.041 ¦     7757           2              0.010 
2025-05-23 10:51:03 | INFO |       97.051 ¦     7758           2              0.010 
2025-05-23 10:51:03 | INFO |       97.061 ¦     7759           2              0.010 
2025-05-23 10:51:03 | INFO |       97.071 ¦     7760           2              0.010 
2025-05-23 10:51:03 | INFO |       97.081 ¦     7761           2              0.010 
2025-05-23 10:51:03 | INFO |       97.091 ¦     7762           2              0.010 
2025-05-23 10:51:03 | INFO |       97.101 ¦     7763           2              0.010 
2025-05-23 10:51:03 | INFO |       97.111 ¦     7764           2              0.010 
2025-05-23 10:51:03 | INFO |       97.121 ¦     7765           2              0.010 
2025-05-23 10:51:03 | INFO |       97.131 ¦     7766           2              0.010 
2025-05-23 10:51:03 | INFO |       97.141 ¦     7767           2              0.010 
2025-05-23 10:51:03 | INFO |       97.151 ¦     7768           2              0.010 
2025-05-23 10:51:03 | INFO |       97.161 ¦     7769           2              0.010 
2025-05-23 10:51:03 | INFO |       97.171 ¦     7770           2              0.010 
2025-05-23 10:51:03 | INFO |       97.181 ¦     7771           2              0.010 
2025-05-23 10:51:03 | INFO |       97.191 ¦     7772           2              0.010 
2025-05-23 10:51:03 | INFO |       97.201 ¦     7773           2              0.010 
2025-05-23 10:51:03 | INFO |       97.211 ¦     7774           2              0.010 
2025-05-23 10:51:03 | INFO |       97.221 ¦     7775           2              0.010 
2025-05-23 10:51:03 | INFO |       97.231 ¦     7776           2              0.010 
2025-05-23 10:51:03 | INFO |       97.241 ¦     7777           2              0.010 
2025-05-23 10:51:03 | INFO |       97.251 ¦     7778           2              0.010 
2025-05-23 10:51:03 | INFO |       97.261 ¦     7779           2              0.010 
2025-05-23 10:51:03 | INFO |       97.271 ¦     7780           2              0.010 
2025-05-23 10:51:03 | INFO |       97.281 ¦     7781           2              0.010 
2025-05-23 10:51:03 | INFO |       97.291 ¦     7782           2              0.010 
2025-05-23 10:51:03 | INFO |       97.301 ¦     7783           2              0.010 
2025-05-23 10:51:03 | INFO |       97.311 ¦     7784           2              0.010 
2025-05-23 10:51:03 | INFO |       97.321 ¦     7785           2              0.010 
2025-05-23 10:51:03 | INFO |       97.331 ¦     7786           2              0.010 
2025-05-23 10:51:03 | INFO |       97.341 ¦     7787           2              0.010 
2025-05-23 10:51:03 | INFO |       97.351 ¦     7788           2              0.010 
2025-05-23 10:51:03 | INFO |       97.361 ¦     7789           2              0.010 
2025-05-23 10:51:03 | INFO |       97.371 ¦     7790           2              0.010 
2025-05-23 10:51:03 | INFO |       97.381 ¦     7791           2              0.010 
2025-05-23 10:51:03 | INFO |       97.391 ¦     7792           2              0.010 
2025-05-23 10:51:03 | INFO |       97.401 ¦     7793           2              0.010 
2025-05-23 10:51:03 | INFO |       97.411 ¦     7794           2              0.010 
2025-05-23 10:51:03 | INFO |       97.421 ¦     7795           2              0.010 
2025-05-23 10:51:03 | INFO |       97.431 ¦     7796           2              0.010 
2025-05-23 10:51:03 | INFO |       97.441 ¦     7797           2              0.010 
2025-05-23 10:51:03 | INFO |       97.451 ¦     7798           2              0.010 
2025-05-23 10:51:03 | INFO |       97.461 ¦     7799           2              0.010 
2025-05-23 10:51:03 | INFO |       97.471 ¦     7800           2              0.010 
2025-05-23 10:51:03 | INFO |       97.481 ¦     7801           2              0.010 
2025-05-23 10:51:03 | INFO |       97.491 ¦     7802           2              0.010 
2025-05-23 10:51:03 | INFO |       97.501 ¦     7803           2              0.010 
2025-05-23 10:51:03 | INFO |       97.511 ¦     7804           2              0.010 
2025-05-23 10:51:03 | INFO |       97.521 ¦     7805           2              0.010 
2025-05-23 10:51:03 | INFO |       97.531 ¦     7806           2              0.010 
2025-05-23 10:51:03 | INFO |       97.541 ¦     7807           2              0.010 
2025-05-23 10:51:03 | INFO |       97.551 ¦     7808           2              0.010 
2025-05-23 10:51:03 | INFO |       97.561 ¦     7809           2              0.010 
2025-05-23 10:51:03 | INFO |       97.571 ¦     7810           2              0.010 
2025-05-23 10:51:03 | INFO |       97.581 ¦     7811           2              0.010 
2025-05-23 10:51:03 | INFO |       97.591 ¦     7812           2              0.010 
2025-05-23 10:51:03 | INFO |       97.601 ¦     7813           2              0.010 
2025-05-23 10:51:03 | INFO |       97.611 ¦     7814           2              0.010 
2025-05-23 10:51:03 | INFO |       97.621 ¦     7815           2              0.010 
2025-05-23 10:51:03 | INFO |       97.631 ¦     7816           2              0.010 
2025-05-23 10:51:03 | INFO |       97.641 ¦     7817           2              0.010 
2025-05-23 10:51:03 | INFO |       97.651 ¦     7818           2              0.010 
2025-05-23 10:51:03 | INFO |       97.661 ¦     7819           2              0.010 
2025-05-23 10:51:03 | INFO |       97.671 ¦     7820           2              0.010 
2025-05-23 10:51:03 | INFO |       97.681 ¦     7821           2              0.010 
2025-05-23 10:51:03 | INFO |       97.691 ¦     7822           2              0.010 
2025-05-23 10:51:03 | INFO |       97.701 ¦     7823           2              0.010 
2025-05-23 10:51:03 | INFO |       97.711 ¦     7824           2              0.010 
2025-05-23 10:51:03 | INFO |       97.721 ¦     7825           2              0.010 
2025-05-23 10:51:03 | INFO |       97.731 ¦     7826           2              0.010 
2025-05-23 10:51:03 | INFO |       97.741 ¦     7827           2              0.010 
2025-05-23 10:51:03 | INFO |       97.751 ¦     7828           2              0.010 
2025-05-23 10:51:03 | INFO |       97.761 ¦     7829           2              0.010 
2025-05-23 10:51:03 | INFO |       97.771 ¦     7830           2              0.010 
2025-05-23 10:51:03 | INFO |       97.781 ¦     7831           2              0.010 
2025-05-23 10:51:03 | INFO |       97.791 ¦     7832           2              0.010 
2025-05-23 10:51:03 | INFO |       97.801 ¦     7833           2              0.010 
2025-05-23 10:51:03 | INFO |       97.811 ¦     7834           2              0.010 
2025-05-23 10:51:03 | INFO |       97.821 ¦     7835           2              0.010 
2025-05-23 10:51:03 | INFO |       97.831 ¦     7836           2              0.010 
2025-05-23 10:51:03 | INFO |       97.841 ¦     7837           2              0.010 
2025-05-23 10:51:03 | INFO |       97.851 ¦     7838           2              0.010 
2025-05-23 10:51:03 | INFO |       97.861 ¦     7839           2              0.010 
2025-05-23 10:51:03 | INFO |       97.871 ¦     7840           2              0.010 
2025-05-23 10:51:03 | INFO |       97.881 ¦     7841           2              0.010 
2025-05-23 10:51:03 | INFO |       97.891 ¦     7842           2              0.010 
2025-05-23 10:51:03 | INFO |       97.901 ¦     7843           2              0.010 
2025-05-23 10:51:03 | INFO |       97.911 ¦     7844           2              0.010 
2025-05-23 10:51:03 | INFO |       97.921 ¦     7845           2              0.010 
2025-05-23 10:51:03 | INFO |       97.931 ¦     7846           2              0.010 
2025-05-23 10:51:03 | INFO |       97.941 ¦     7847           2              0.010 
2025-05-23 10:51:03 | INFO |       97.951 ¦     7848           2              0.010 
2025-05-23 10:51:03 | INFO |       97.961 ¦     7849           2              0.010 
2025-05-23 10:51:03 | INFO |       97.971 ¦     7850           2              0.010 
2025-05-23 10:51:03 | INFO |       97.981 ¦     7851           2              0.010 
2025-05-23 10:51:03 | INFO |       97.991 ¦     7852           2              0.010 
2025-05-23 10:51:03 | INFO |       98.001 ¦     7853           2              0.010 
2025-05-23 10:51:03 | INFO |       98.011 ¦     7854           2              0.010 
2025-05-23 10:51:03 | INFO |       98.021 ¦     7855           2              0.010 
2025-05-23 10:51:03 | INFO |       98.031 ¦     7856           2              0.010 
2025-05-23 10:51:03 | INFO |       98.041 ¦     7857           2              0.010 
2025-05-23 10:51:03 | INFO |       98.051 ¦     7858           2              0.010 
2025-05-23 10:51:03 | INFO |       98.061 ¦     7859           2              0.010 
2025-05-23 10:51:03 | INFO |       98.071 ¦     7860           2              0.010 
2025-05-23 10:51:03 | INFO |       98.081 ¦     7861           2              0.010 
2025-05-23 10:51:03 | INFO |       98.091 ¦     7862           2              0.010 
2025-05-23 10:51:03 | INFO |       98.101 ¦     7863           2              0.010 
2025-05-23 10:51:03 | INFO |       98.111 ¦     7864           2              0.010 
2025-05-23 10:51:03 | INFO |       98.121 ¦     7865           2              0.010 
2025-05-23 10:51:03 | INFO |       98.131 ¦     7866           2              0.010 
2025-05-23 10:51:03 | INFO |       98.141 ¦     7867           2              0.010 
2025-05-23 10:51:03 | INFO |       98.151 ¦     7868           2              0.010 
2025-05-23 10:51:03 | INFO |       98.161 ¦     7869           2              0.010 
2025-05-23 10:51:03 | INFO |       98.171 ¦     7870           2              0.010 
2025-05-23 10:51:03 | INFO |       98.181 ¦     7871           2              0.010 
2025-05-23 10:51:03 | INFO |       98.191 ¦     7872           2              0.010 
2025-05-23 10:51:03 | INFO |       98.201 ¦     7873           2              0.010 
2025-05-23 10:51:03 | INFO |       98.211 ¦     7874           2              0.010 
2025-05-23 10:51:03 | INFO |       98.221 ¦     7875           2              0.010 
2025-05-23 10:51:03 | INFO |       98.231 ¦     7876           2              0.010 
2025-05-23 10:51:03 | INFO |       98.241 ¦     7877           2              0.010 
2025-05-23 10:51:03 | INFO |       98.251 ¦     7878           2              0.010 
2025-05-23 10:51:03 | INFO |       98.261 ¦     7879           2              0.010 
2025-05-23 10:51:03 | INFO |       98.271 ¦     7880           2              0.010 
2025-05-23 10:51:03 | INFO |       98.281 ¦     7881           2              0.010 
2025-05-23 10:51:03 | INFO |       98.291 ¦     7882           2              0.010 
2025-05-23 10:51:03 | INFO |       98.301 ¦     7883           2              0.010 
2025-05-23 10:51:03 | INFO |       98.311 ¦     7884           2              0.010 
2025-05-23 10:51:03 | INFO |       98.321 ¦     7885           2              0.010 
2025-05-23 10:51:03 | INFO |       98.331 ¦     7886           2              0.010 
2025-05-23 10:51:03 | INFO |       98.341 ¦     7887           2              0.010 
2025-05-23 10:51:03 | INFO |       98.351 ¦     7888           2              0.010 
2025-05-23 10:51:03 | INFO |       98.361 ¦     7889           2              0.010 
2025-05-23 10:51:03 | INFO |       98.371 ¦     7890           2              0.010 
2025-05-23 10:51:03 | INFO |       98.381 ¦     7891           2              0.010 
2025-05-23 10:51:03 | INFO |       98.391 ¦     7892           2              0.010 
2025-05-23 10:51:03 | INFO |       98.401 ¦     7893           2              0.010 
2025-05-23 10:51:03 | INFO |       98.411 ¦     7894           2              0.010 
2025-05-23 10:51:03 | INFO |       98.421 ¦     7895           2              0.010 
2025-05-23 10:51:03 | INFO |       98.431 ¦     7896           2              0.010 
2025-05-23 10:51:03 | INFO |       98.441 ¦     7897           2              0.010 
2025-05-23 10:51:03 | INFO |       98.451 ¦     7898           2              0.010 
2025-05-23 10:51:03 | INFO |       98.461 ¦     7899           2              0.010 
2025-05-23 10:51:03 | INFO |       98.471 ¦     7900           2              0.010 
2025-05-23 10:51:03 | INFO |       98.481 ¦     7901           2              0.010 
2025-05-23 10:51:03 | INFO |       98.491 ¦     7902           2              0.010 
2025-05-23 10:51:03 | INFO |       98.501 ¦     7903           2              0.010 
2025-05-23 10:51:03 | INFO |       98.511 ¦     7904           2              0.010 
2025-05-23 10:51:03 | INFO |       98.521 ¦     7905           2              0.010 
2025-05-23 10:51:03 | INFO |       98.531 ¦     7906           2              0.010 
2025-05-23 10:51:03 | INFO |       98.541 ¦     7907           2              0.010 
2025-05-23 10:51:03 | INFO |       98.551 ¦     7908           2              0.010 
2025-05-23 10:51:03 | INFO |       98.561 ¦     7909           2              0.010 
2025-05-23 10:51:03 | INFO |       98.571 ¦     7910           2              0.010 
2025-05-23 10:51:03 | INFO |       98.581 ¦     7911           2              0.010 
2025-05-23 10:51:03 | INFO |       98.591 ¦     7912           2              0.010 
2025-05-23 10:51:03 | INFO |       98.601 ¦     7913           2              0.010 
2025-05-23 10:51:03 | INFO |       98.611 ¦     7914           2              0.010 
2025-05-23 10:51:03 | INFO |       98.621 ¦     7915           2              0.010 
2025-05-23 10:51:03 | INFO |       98.631 ¦     7916           2              0.010 
2025-05-23 10:51:03 | INFO |       98.641 ¦     7917           2              0.010 
2025-05-23 10:51:03 | INFO |       98.651 ¦     7918           2              0.010 
2025-05-23 10:51:03 | INFO |       98.661 ¦     7919           2              0.010 
2025-05-23 10:51:03 | INFO |       98.671 ¦     7920           2              0.010 
2025-05-23 10:51:03 | INFO |       98.681 ¦     7921           2              0.010 
2025-05-23 10:51:03 | INFO |       98.691 ¦     7922           2              0.010 
2025-05-23 10:51:03 | INFO |       98.701 ¦     7923           2              0.010 
2025-05-23 10:51:03 | INFO |       98.711 ¦     7924           2              0.010 
2025-05-23 10:51:03 | INFO |       98.721 ¦     7925           2              0.010 
2025-05-23 10:51:03 | INFO |       98.731 ¦     7926           2              0.010 
2025-05-23 10:51:03 | INFO |       98.741 ¦     7927           2              0.010 
2025-05-23 10:51:03 | INFO |       98.751 ¦     7928           2              0.010 
2025-05-23 10:51:03 | INFO |       98.761 ¦     7929           2              0.010 
2025-05-23 10:51:03 | INFO |       98.771 ¦     7930           2              0.010 
2025-05-23 10:51:03 | INFO |       98.781 ¦     7931           2              0.010 
2025-05-23 10:51:03 | INFO |       98.791 ¦     7932           2              0.010 
2025-05-23 10:51:03 | INFO |       98.801 ¦     7933           2              0.010 
2025-05-23 10:51:03 | INFO |       98.811 ¦     7934           2              0.010 
2025-05-23 10:51:03 | INFO |       98.821 ¦     7935           2              0.010 
2025-05-23 10:51:03 | INFO |       98.831 ¦     7936           2              0.010 
2025-05-23 10:51:03 | INFO |       98.841 ¦     7937           2              0.010 
2025-05-23 10:51:03 | INFO |       98.851 ¦     7938           2              0.010 
2025-05-23 10:51:03 | INFO |       98.861 ¦     7939           2              0.010 
2025-05-23 10:51:03 | INFO |       98.871 ¦     7940           2              0.010 
2025-05-23 10:51:03 | INFO |       98.881 ¦     7941           2              0.010 
2025-05-23 10:51:03 | INFO |       98.891 ¦     7942           2              0.010 
2025-05-23 10:51:03 | INFO |       98.901 ¦     7943           2              0.010 
2025-05-23 10:51:03 | INFO |       98.911 ¦     7944           2              0.010 
2025-05-23 10:51:03 | INFO |       98.921 ¦     7945           2              0.010 
2025-05-23 10:51:03 | INFO |       98.931 ¦     7946           2              0.010 
2025-05-23 10:51:03 | INFO |       98.941 ¦     7947           2              0.010 
2025-05-23 10:51:03 | INFO |       98.951 ¦     7948           2              0.010 
2025-05-23 10:51:03 | INFO |       98.961 ¦     7949           2              0.010 
2025-05-23 10:51:03 | INFO |       98.971 ¦     7950           2              0.010 
2025-05-23 10:51:03 | INFO |       98.981 ¦     7951           2              0.010 
2025-05-23 10:51:03 | INFO |       98.991 ¦     7952           2              0.010 
2025-05-23 10:51:03 | INFO |       99.001 ¦     7953           2              0.010 
2025-05-23 10:51:03 | INFO |       99.011 ¦     7954           2              0.010 
2025-05-23 10:51:03 | INFO |       99.021 ¦     7955           2              0.010 
2025-05-23 10:51:03 | INFO |       99.031 ¦     7956           2              0.010 
2025-05-23 10:51:03 | INFO |       99.041 ¦     7957           2              0.010 
2025-05-23 10:51:03 | INFO |       99.051 ¦     7958           2              0.010 
2025-05-23 10:51:03 | INFO |       99.061 ¦     7959           2              0.010 
2025-05-23 10:51:03 | INFO |       99.071 ¦     7960           2              0.010 
2025-05-23 10:51:03 | INFO |       99.081 ¦     7961           2              0.010 
2025-05-23 10:51:03 | INFO |       99.091 ¦     7962           2              0.010 
2025-05-23 10:51:03 | INFO |       99.101 ¦     7963           2              0.010 
2025-05-23 10:51:03 | INFO |       99.111 ¦     7964           2              0.010 
2025-05-23 10:51:03 | INFO |       99.121 ¦     7965           2              0.010 
2025-05-23 10:51:03 | INFO |       99.131 ¦     7966           2              0.010 
2025-05-23 10:51:03 | INFO |       99.141 ¦     7967           2              0.010 
2025-05-23 10:51:03 | INFO |       99.151 ¦     7968           2              0.010 
2025-05-23 10:51:03 | INFO |       99.161 ¦     7969           2              0.010 
2025-05-23 10:51:03 | INFO |       99.171 ¦     7970           2              0.010 
2025-05-23 10:51:03 | INFO |       99.181 ¦     7971           2              0.010 
2025-05-23 10:51:03 | INFO |       99.191 ¦     7972           2              0.010 
2025-05-23 10:51:03 | INFO |       99.201 ¦     7973           2              0.010 
2025-05-23 10:51:03 | INFO |       99.211 ¦     7974           2              0.010 
2025-05-23 10:51:03 | INFO |       99.221 ¦     7975           2              0.010 
2025-05-23 10:51:03 | INFO |       99.231 ¦     7976           2              0.010 
2025-05-23 10:51:03 | INFO |       99.241 ¦     7977           2              0.010 
2025-05-23 10:51:03 | INFO |       99.251 ¦     7978           2              0.010 
2025-05-23 10:51:03 | INFO |       99.261 ¦     7979           2              0.010 
2025-05-23 10:51:03 | INFO |       99.271 ¦     7980           2              0.010 
2025-05-23 10:51:03 | INFO |       99.281 ¦     7981           2              0.010 
2025-05-23 10:51:03 | INFO |       99.291 ¦     7982           2              0.010 
2025-05-23 10:51:03 | INFO |       99.301 ¦     7983           2              0.010 
2025-05-23 10:51:03 | INFO |       99.311 ¦     7984           2              0.010 
2025-05-23 10:51:03 | INFO |       99.321 ¦     7985           2              0.010 
2025-05-23 10:51:03 | INFO |       99.331 ¦     7986           2              0.010 
2025-05-23 10:51:03 | INFO |       99.341 ¦     7987           2              0.010 
2025-05-23 10:51:03 | INFO |       99.351 ¦     7988           2              0.010 
2025-05-23 10:51:03 | INFO |       99.361 ¦     7989           2              0.010 
2025-05-23 10:51:03 | INFO |       99.371 ¦     7990           2              0.010 
2025-05-23 10:51:03 | INFO |       99.381 ¦     7991           2              0.010 
2025-05-23 10:51:03 | INFO |       99.391 ¦     7992           2              0.010 
2025-05-23 10:51:03 | INFO |       99.401 ¦     7993           2              0.010 
2025-05-23 10:51:03 | INFO |       99.411 ¦     7994           2              0.010 
2025-05-23 10:51:03 | INFO |       99.421 ¦     7995           2              0.010 
2025-05-23 10:51:03 | INFO |       99.431 ¦     7996           2              0.010 
2025-05-23 10:51:03 | INFO |       99.441 ¦     7997           2              0.010 
2025-05-23 10:51:03 | INFO |       99.451 ¦     7998           2              0.010 
2025-05-23 10:51:03 | INFO |       99.461 ¦     7999           2              0.010 
2025-05-23 10:51:03 | INFO |       99.471 ¦     8000           2              0.010 
2025-05-23 10:51:03 | INFO |       99.481 ¦     8001           2              0.010 
2025-05-23 10:51:03 | INFO |       99.491 ¦     8002           2              0.010 
2025-05-23 10:51:03 | INFO |       99.501 ¦     8003           2              0.010 
2025-05-23 10:51:03 | INFO |       99.511 ¦     8004           2              0.010 
2025-05-23 10:51:03 | INFO |       99.521 ¦     8005           2              0.010 
2025-05-23 10:51:03 | INFO |       99.531 ¦     8006           2              0.010 
2025-05-23 10:51:03 | INFO |       99.541 ¦     8007           2              0.010 
2025-05-23 10:51:03 | INFO |       99.551 ¦     8008           2              0.010 
2025-05-23 10:51:03 | INFO |       99.561 ¦     8009           2              0.010 
2025-05-23 10:51:03 | INFO |       99.571 ¦     8010           2              0.010 
2025-05-23 10:51:03 | INFO |       99.581 ¦     8011           2              0.010 
2025-05-23 10:51:03 | INFO |       99.591 ¦     8012           2              0.010 
2025-05-23 10:51:03 | INFO |       99.601 ¦     8013           2              0.010 
2025-05-23 10:51:03 | INFO |       99.611 ¦     8014           2              0.010 
2025-05-23 10:51:03 | INFO |       99.621 ¦     8015           2              0.010 
2025-05-23 10:51:03 | INFO |       99.631 ¦     8016           2              0.010 
2025-05-23 10:51:03 | INFO |       99.641 ¦     8017           2              0.010 
2025-05-23 10:51:03 | INFO |       99.651 ¦     8018           2              0.010 
2025-05-23 10:51:03 | INFO |       99.661 ¦     8019           2              0.010 
2025-05-23 10:51:03 | INFO |       99.671 ¦     8020           2              0.010 
2025-05-23 10:51:03 | INFO |       99.681 ¦     8021           2              0.010 
2025-05-23 10:51:03 | INFO |       99.691 ¦     8022           2              0.010 
2025-05-23 10:51:03 | INFO |       99.701 ¦     8023           2              0.010 
2025-05-23 10:51:03 | INFO |       99.711 ¦     8024           2              0.010 
2025-05-23 10:51:03 | INFO |       99.721 ¦     8025           2              0.010 
2025-05-23 10:51:03 | INFO |       99.731 ¦     8026           2              0.010 
2025-05-23 10:51:03 | INFO |       99.741 ¦     8027           2              0.010 
2025-05-23 10:51:03 | INFO |       99.751 ¦     8028           2              0.010 
2025-05-23 10:51:03 | INFO |       99.761 ¦     8029           2              0.010 
2025-05-23 10:51:03 | INFO |       99.771 ¦     8030           2              0.010 
2025-05-23 10:51:03 | INFO |       99.781 ¦     8031           2              0.010 
2025-05-23 10:51:03 | INFO |       99.791 ¦     8032           2              0.010 
2025-05-23 10:51:03 | INFO |       99.801 ¦     8033           2              0.010 
2025-05-23 10:51:03 | INFO |       99.811 ¦     8034           2              0.010 
2025-05-23 10:51:03 | INFO |       99.821 ¦     8035           2              0.010 
2025-05-23 10:51:03 | INFO |       99.831 ¦     8036           2              0.010 
2025-05-23 10:51:03 | INFO |       99.841 ¦     8037           2              0.010 
2025-05-23 10:51:03 | INFO |       99.851 ¦     8038           2              0.010 
2025-05-23 10:51:03 | INFO |       99.861 ¦     8039           2              0.010 
2025-05-23 10:51:03 | INFO |       99.871 ¦     8040           2              0.010 
2025-05-23 10:51:03 | INFO |       99.881 ¦     8041           2              0.010 
2025-05-23 10:51:03 | INFO |       99.891 ¦     8042           2              0.010 
2025-05-23 10:51:03 | INFO |       99.901 ¦     8043           2              0.010 
2025-05-23 10:51:03 | INFO |       99.911 ¦     8044           2              0.010 
2025-05-23 10:51:03 | INFO |       99.921 ¦     8045           2              0.010 
2025-05-23 10:51:03 | INFO |       99.931 ¦     8046           2              0.010 
2025-05-23 10:51:03 | INFO |       99.941 ¦     8047           2              0.010 
2025-05-23 10:51:03 | INFO |       99.951 ¦     8048           2              0.010 
2025-05-23 10:51:03 | INFO |       99.961 ¦     8049           2              0.010 
2025-05-23 10:51:03 | INFO |       99.971 ¦     8050           2              0.010 
2025-05-23 10:51:03 | INFO |       99.981 ¦     8051           2              0.010 
2025-05-23 10:51:03 | INFO |       99.991 ¦     8052           2              0.010 
2025-05-23 10:51:03 | INFO |      100.000 ¦     8053           2              0.009 
2025-05-23 10:51:03 | INFO | 
2025-05-23 10:51:03 | INFO | execution statistics :
2025-05-23 10:51:03 | INFO | 
2025-05-23 10:51:03 | INFO | number of time iterations                  = 10134
2025-05-23 10:51:03 | INFO | number of residual evaluations             = 10588
2025-05-23 10:51:03 | INFO | number of Jacobian evaluations             = 54
2025-05-23 10:51:03 | INFO | number of nonlinear iterations             = 10539
2025-05-23 10:51:03 | INFO | number of error test failures              = 0
2025-05-23 10:51:03 | INFO | number of nonlinear convergence failures   = 0
2025-05-23 10:51:03 | INFO | number of root functions evaluations       = 10249
2025-05-23 10:51:03 | INFO | number of discrete variables evaluations   = 9
2025-05-23 10:51:03 | INFO | number of mode evaluations                 = 9
2025-05-23 10:51:03 | INFO | end of job 'PCS I2 (Power Park Modules) - Voltage Setpoint Step'
