time;BusPDR_BUS_Voltage;BusPDR_BUS_ActivePower;BusPDR_BUS_ReactivePower;BusPDR_BUS_ActiveCurrent;BusPDR_BUS_ReactiveCurrent;Wind_Turbine_GEN_UPuInjTerminal;Wind_Turbine_GEN_IpInjTerminal;Wind_Turbine_GEN_IqInjTerminal;Measurements_BUS_Voltage;Measurements_BUS_ActivePower;Measurements_BUS_ReactivePower;StepUp_Xfmr_XFMR_Tap;Wind_Turbine_GEN_ActivePowerSetpointPu;Wind_Turbine_GEN_ReactivePowerSetpointPu
0.000000000;1.044e+00;8.332e-01;0.000e+00;7.978e-01;0.000e+00;1.044e+00;7.978e-01;6.702e-04;1.044e+00;3.333e-02;0.000e+00;1.000e+01;8.333e-01;6.920e-04
29.999994000;1.044e+00;8.332e-01;0.000e+00;7.978e-01;0.000e+00;1.044e+00;7.978e-01;6.702e-04;1.044e+00;3.333e-02;0.000e+00;1.000e+01;8.333e-01;6.920e-04
29.999994000;1.002e-06;2.497e-09;-0.000e+00;-2.333e-09;0.000e+00;8.668e-04;-9.521e-11;8.075e-01;9.988e-07;9.526e-10;-0.000e+00;1.000e+01;8.333e-01;6.920e-04
30.000016000;1.004e-06;2.271e-09;-0.000e+00;-1.032e-09;0.000e+00;8.648e-04;-9.945e-10;8.094e-01;9.987e-07;1.206e-10;-0.000e+00;1.000e+01;8.333e-01;6.920e-04
30.002029000;1.000e-06;1.646e-09;-0.000e+00;5.999e-09;0.000e+00;7.095e-04;3.661e-09;6.694e-01;9.924e-07;-9.017e-10;-0.000e+00;1.000e+01;8.333e-01;6.920e-04
30.002062000;1.000e-06;1.364e-09;-0.000e+00;6.480e-09;0.000e+00;1.006e-06;3.170e-09;3.637e-09;9.930e-07;-1.316e-09;-0.000e+00;1.000e+01;8.333e-01;6.920e-04
30.149994000;9.986e-07;6.780e-09;-0.000e+00;-2.365e-09;0.000e+00;9.961e-07;-1.474e-09;2.976e-09;9.980e-07;3.248e-09;-0.000e+00;1.000e+01;8.333e-01;6.920e-04
30.149994000;1.062e+00;6.768e-09;0.000e+00;-2.500e-09;0.000e+00;1.062e+00;-1.467e-09;3.100e-09;1.062e+00;3.650e-09;0.000e+00;1.000e+01;8.333e-01;6.920e-04
100.000000000;1.062e+00;-1.128e-08;0.000e+00;-6.672e-09;0.000e+00;1.062e+00;-2.346e-09;-4.472e-09;1.062e+00;-4.188e-10;0.000e+00;1.000e+01;8.333e-01;6.920e-04
