time;BusPDR_BUS_Voltage;BusPDR_BUS_ActivePower;BusPDR_BUS_ReactivePower;BusPDR_BUS_ActiveCurrent;BusPDR_BUS_ReactiveCurrent;Wind_Turbine_GEN_UPuInjTerminal;Wind_Turbine_GEN_IpInjTerminal;Wind_Turbine_GEN_IqInjTerminal;Measurements_BUS_Voltage;Measurements_BUS_ActivePower;Measurements_BUS_ReactivePower;StepUp_Xfmr_XFMR_Tap;Wind_Turbine_GEN_ActivePowerSetpointPu;Wind_Turbine_GEN_ReactivePowerSetpointPu
0.000000000;1.000e+00;8.332e-01;0.000e+00;8.332e-01;0.000e+00;1.000e+00;8.332e-01;7.500e-04;1.000e+00;3.333e-02;0.000e+00;1.000e+01;8.333e-01;7.540e-04
29.999994000;1.000e+00;8.332e-01;0.000e+00;8.332e-01;0.000e+00;1.000e+00;8.332e-01;7.500e-04;1.000e+00;3.333e-02;0.000e+00;1.000e+01;8.333e-01;7.540e-04
29.999994000;3.997e-06;-5.789e-10;-5.000e-05;-3.306e-09;0.000e+00;9.051e-04;-7.451e-09;8.287e-01;3.999e-06;-2.067e-09;-2.000e-06;1.000e+01;8.333e-01;7.540e-04
30.000103000;3.998e-06;7.606e-10;-5.000e-05;-5.081e-09;0.000e+00;8.952e-04;-6.866e-09;8.378e-01;4.000e-06;4.289e-09;-2.000e-06;1.000e+01;8.333e-01;7.540e-04
30.006470000;4.001e-06;2.805e-10;-5.000e-05;-5.768e-10;0.000e+00;6.285e-04;-1.564e-09;5.569e-01;4.003e-06;5.605e-09;-2.000e-06;1.000e+01;8.333e-01;7.540e-04
30.018849000;3.999e-06;5.590e-09;-5.000e-05;-2.073e-09;0.000e+00;9.435e-04;-2.926e-09;8.744e-01;4.004e-06;4.578e-09;-2.000e-06;1.000e+01;8.333e-01;7.540e-04
30.022349000;3.995e-06;3.823e-10;-5.000e-05;-3.733e-09;0.000e+00;1.952e-04;1.014e-09;4.273e-09;3.991e-06;4.258e-09;-2.000e-06;1.000e+01;8.333e-01;7.540e-04
30.023080000;3.997e-06;2.199e-09;-5.000e-05;-3.524e-09;0.000e+00;3.996e-06;-4.811e-10;-6.931e-09;4.001e-06;2.339e-09;-2.000e-06;1.000e+01;8.333e-01;7.540e-04
100.000000000;3.999e-06;8.005e-09;-5.000e-05;4.737e-09;0.000e+00;4.002e-06;2.841e-09;6.244e-09;4.002e-06;1.439e-09;-2.000e-06;1.000e+01;8.333e-01;7.540e-04
