time;BusPDR_BUS_Voltage;BusPDR_BUS_ActivePower;BusPDR_BUS_ReactivePower;BusPDR_BUS_ActiveCurrent;BusPDR_BUS_ReactiveCurrent;Measurements_BUS_Voltage;Measurements_BUS_ActivePower;Measurements_BUS_ReactivePower;StepUp_Xfmr_XFMR_Tap;Wind_Turbine_GEN_ActivePowerSetpointPu;Wind_Turbine_GEN_ReactivePowerSetpointPu
0.000000000;1.044e+00;8.332e-01;0.000e+00;7.978e-01;0.000e+00;1.044e+00;3.333e-02;0.000e+00;1.000e+01;8.333e-01;6.920e-04
29.999994000;1.044e+00;8.332e-01;0.000e+00;7.978e-01;0.000e+00;1.044e+00;3.333e-02;0.000e+00;1.000e+01;8.333e-01;6.920e-04
29.999994000;9.949e-07;2.667e-09;-0.000e+00;-5.587e-09;0.000e+00;1.012e-06;-2.539e-09;-0.000e+00;1.000e+01;8.333e-01;6.920e-04
30.149994000;9.943e-07;-2.367e-09;-0.000e+00;-1.490e-09;0.000e+00;1.004e-06;-5.395e-09;-0.000e+00;1.000e+01;8.333e-01;6.920e-04
30.149994000;1.062e+00;-2.092e-09;0.000e+00;-1.578e-09;0.000e+00;1.062e+00;-5.206e-09;0.000e+00;1.000e+01;8.333e-01;6.920e-04
100.000000000;1.062e+00;2.822e-09;0.000e+00;-1.526e-09;0.000e+00;1.062e+00;-1.024e-09;0.000e+00;1.000e+01;8.333e-01;6.920e-04
