time;BusPDR_BUS_Voltage;BusPDR_BUS_ActivePower;BusPDR_BUS_ReactivePower;BusPDR_BUS_ActiveCurrent;BusPDR_BUS_ReactiveCurrent;Wind_Turbine_GEN_UPuInjTerminal;Wind_Turbine_GEN_IpInjTerminal;Wind_Turbine_GEN_IqInjTerminal;Measurements_BUS_Voltage;Measurements_BUS_ActivePower;Measurements_BUS_ReactivePower;StepUp_Xfmr_XFMR_Tap;Wind_Turbine_GEN_ActivePowerSetpointPu;Wind_Turbine_GEN_ReactivePowerSetpointPu
0.000000000;1.000e+00;8.332e-01;0.000e+00;8.332e-01;0.000e+00;1.000e+00;8.332e-01;7.500e-04;1.000e+00;3.333e-02;0.000e+00;1.000e+01;8.333e-01;7.540e-04
29.999994000;1.000e+00;8.332e-01;0.000e+00;8.332e-01;0.000e+00;1.000e+00;8.332e-01;7.499e-04;1.000e+00;3.333e-02;0.000e+00;1.000e+01;8.333e-01;7.540e-04
29.999994000;3.997e-06;-4.621e-09;-5.000e-05;-1.850e-10;0.000e+00;9.051e-04;3.771e-09;8.287e-01;4.001e-06;-1.046e-09;-2.000e-06;1.000e+01;8.333e-01;7.540e-04
30.000103000;3.999e-06;-3.780e-09;-5.000e-05;4.350e-09;0.000e+00;8.952e-04;5.104e-09;8.378e-01;4.004e-06;2.267e-09;-2.000e-06;1.000e+01;8.333e-01;7.540e-04
30.006470000;3.996e-06;7.216e-10;-5.000e-05;1.758e-09;0.000e+00;6.285e-04;-1.890e-09;5.569e-01;3.997e-06;2.068e-09;-2.000e-06;1.000e+01;8.333e-01;7.540e-04
30.018849000;3.997e-06;-1.367e-11;-5.000e-05;1.399e-09;0.000e+00;9.435e-04;-4.277e-09;8.744e-01;4.004e-06;2.804e-09;-2.000e-06;1.000e+01;8.333e-01;7.540e-04
30.022349000;3.999e-06;-7.446e-09;-5.000e-05;-4.591e-09;0.000e+00;1.952e-04;2.078e-09;-9.997e-08;3.997e-06;-4.255e-09;-2.000e-06;1.000e+01;8.333e-01;7.540e-04
30.023080000;4.002e-06;5.259e-10;-5.000e-05;-2.291e-09;0.000e+00;4.003e-06;6.177e-10;-3.165e-09;4.000e-06;-1.723e-09;-2.000e-06;1.000e+01;8.333e-01;7.540e-04
100.000000000;4.000e-06;1.230e-09;-5.000e-05;-3.560e-09;0.000e+00;3.995e-06;-7.319e-09;3.097e-09;4.006e-06;1.855e-09;-2.000e-06;1.000e+01;8.333e-01;7.540e-04
