time;BusPDR_BUS_Voltage;BusPDR_BUS_ActivePower;BusPDR_BUS_ReactivePower;BusPDR_BUS_ActiveCurrent;BusPDR_BUS_ReactiveCurrent;Measurements_BUS_Voltage;Measurements_BUS_ActivePower;Measurements_BUS_ReactivePower;StepUp_Xfmr_XFMR_Tap;Bess_GEN_ActivePowerSetpointPu;Bess_GEN_ReactivePowerSetpointPu
0.000000000;1.044e+00;-6.660e-01;-0.000e+00;-6.377e-01;-0.000e+00;1.044e+00;-3.330e-03;-0.000e+00;1.000e+01;-6.660e-01;8.300e-05
29.999994000;1.044e+00;-6.660e-01;-0.000e+00;-6.377e-01;-0.000e+00;1.044e+00;-3.330e-03;-0.000e+00;1.000e+01;-6.660e-01;8.300e-05
29.999994000;3.428e-09;1.039e-09;-0.000e+00;3.865e-09;0.000e+00;-1.282e-09;-1.880e-09;-0.000e+00;1.000e+01;-6.660e-01;8.300e-05
30.000002000;3.693e-09;9.417e-10;-0.000e+00;3.943e-09;0.000e+00;-8.017e-10;-1.390e-09;-0.000e+00;1.000e+01;-6.660e-01;8.300e-05
100.000000000;-1.982e-09;6.263e-09;-0.000e+00;1.430e-08;0.000e+00;3.626e-09;-1.348e-10;-0.000e+00;1.000e+01;-6.660e-01;8.300e-05
