time;BusPDR_BUS_Voltage;BusPDR_BUS_ActivePower;BusPDR_BUS_ReactivePower;BusPDR_BUS_ActiveCurrent;BusPDR_BUS_ReactiveCurrent;Bess_GEN_UPuInjTerminal;Bess_GEN_IpInjTerminal;Bess_GEN_IqInjTerminal;Measurements_BUS_Voltage;Measurements_BUS_ActivePower;Measurements_BUS_ReactivePower;StepUp_Xfmr_XFMR_Tap;Bess_GEN_ActivePowerSetpointPu;Bess_GEN_ReactivePowerSetpointPu
0.000000000;1.000e+00;-6.660e-01;0.000e+00;-6.660e-01;0.000e+00;1.000e+00;-6.660e-01;-1.867e-09;1.000e+00;-3.330e-03;0.000e+00;1.000e+01;-6.660e-01;9.000e-05
29.999994000;1.000e+00;-6.660e-01;0.000e+00;-6.660e-01;0.000e+00;1.000e+00;-6.660e-01;9.051e-10;1.000e+00;-3.330e-03;0.000e+00;1.000e+01;-6.660e-01;9.000e-05
29.999994000;1.007e-06;-2.303e-09;-0.000e+00;8.678e-10;0.000e+00;1.430e-04;-1.551e-09;8.036e-10;1.000e-06;-2.370e-09;-0.000e+00;1.000e+01;-6.660e-01;9.000e-05
30.019142000;9.941e-07;3.695e-10;-0.000e+00;9.324e-09;0.000e+00;2.000e-04;2.959e-09;-2.501e-08;9.981e-07;5.600e-09;-0.000e+00;1.000e+01;-6.660e-01;9.000e-05
30.043718000;1.004e-06;4.424e-09;-0.000e+00;-2.749e-09;0.000e+00;2.540e-04;6.524e-09;1.575e+00;1.001e-06;7.082e-09;-0.000e+00;1.000e+01;-6.660e-01;9.000e-05
30.095329000;1.005e-06;-3.427e-09;-0.000e+00;1.108e-09;0.000e+00;2.773e-04;2.360e-09;1.442e+00;9.942e-07;-1.092e-09;-0.000e+00;1.000e+01;-6.660e-01;9.000e-05
30.293729000;9.930e-07;-3.367e-09;-0.000e+00;5.973e-11;0.000e+00;2.794e-04;1.918e-09;1.432e+00;1.005e-06;-4.919e-09;-0.000e+00;1.000e+01;-6.660e-01;9.000e-05
100.000000000;8.944e-10;2.667e-10;-0.000e+00;5.374e-10;0.000e+00;2.779e-04;5.472e-09;1.439e+00;-1.690e-09;-5.767e-09;-0.000e+00;1.000e+01;-6.660e-01;9.000e-05
