time;BusPDR_BUS_Voltage;BusPDR_BUS_ActivePower;BusPDR_BUS_ReactivePower;BusPDR_BUS_ActiveCurrent;BusPDR_BUS_ReactiveCurrent;Bess_GEN_UPuInjTerminal;Bess_GEN_IpInjTerminal;Bess_GEN_IqInjTerminal;Measurements_BUS_Voltage;Measurements_BUS_ActivePower;Measurements_BUS_ReactivePower;StepUp_Xfmr_XFMR_Tap;Bess_GEN_ActivePowerSetpointPu;Bess_GEN_ReactivePowerSetpointPu
0.000000000;1.000e+00;6.660e-01;0.000e+00;6.660e-01;0.000e+00;1.000e+00;6.660e-01;-1.004e-08;1.000e+00;3.330e-03;0.000e+00;1.000e+01;6.660e-01;9.000e-05
29.999994000;1.000e+00;6.660e-01;0.000e+00;6.660e-01;0.000e+00;1.000e+00;6.660e-01;8.397e-09;1.000e+00;3.330e-03;0.000e+00;1.000e+01;6.660e-01;9.000e-05
29.999994000;9.982e-07;6.911e-09;-0.000e+00;-2.021e-09;0.000e+00;1.430e-04;-4.050e-09;8.268e-09;1.002e-06;-5.364e-09;-0.000e+00;1.000e+01;6.660e-01;9.000e-05
30.019142000;9.995e-07;-1.684e-09;-0.000e+00;-5.769e-09;0.000e+00;1.999e-04;2.377e-09;3.908e-09;1.007e-06;3.253e-09;-0.000e+00;1.000e+01;6.660e-01;9.000e-05
30.043718000;9.978e-07;-5.390e-09;-0.000e+00;6.326e-09;0.000e+00;2.544e-04;-7.119e-09;1.572e+00;1.004e-06;1.119e-09;-0.000e+00;1.000e+01;6.660e-01;9.000e-05
30.079449000;9.971e-07;-4.063e-09;-0.000e+00;3.907e-09;0.000e+00;2.751e-04;-6.660e-09;1.454e+00;9.970e-07;5.293e-09;-0.000e+00;1.000e+01;6.660e-01;9.000e-05
30.183729000;9.993e-07;3.727e-09;-0.000e+00;4.504e-09;0.000e+00;2.794e-04;2.117e-09;1.432e+00;1.005e-06;-4.089e-09;-0.000e+00;1.000e+01;6.660e-01;9.000e-05
100.000000000;1.001e-06;-1.963e-09;-0.000e+00;5.805e-09;0.000e+00;2.784e-04;-5.108e-10;1.437e+00;9.956e-07;1.229e-09;-0.000e+00;1.000e+01;6.660e-01;9.000e-05
