time;BusPDR_BUS_Voltage;BusPDR_BUS_ActivePower;BusPDR_BUS_ReactivePower;BusPDR_BUS_ActiveCurrent;BusPDR_BUS_ReactiveCurrent;Wind_Turbine_GEN_UPuInjTerminal;Wind_Turbine_GEN_IpInjTerminal;Wind_Turbine_GEN_IqInjTerminal;Measurements_BUS_Voltage;Measurements_BUS_ActivePower;Measurements_BUS_ReactivePower;StepUp_Xfmr_XFMR_Tap;Wind_Turbine_GEN_ActivePowerSetpointPu;Wind_Turbine_GEN_ReactivePowerSetpointPu
0.000000000;1.000e+00;8.332e-01;0.000e+00;8.332e-01;0.000e+00;1.000e+00;8.332e-01;7.500e-04;1.000e+00;3.333e-02;0.000e+00;1.000e+01;8.333e-01;7.540e-04
29.999994000;1.000e+00;8.332e-01;0.000e+00;8.332e-01;0.000e+00;1.000e+00;8.332e-01;7.500e-04;1.000e+00;3.333e-02;0.000e+00;1.000e+01;8.333e-01;7.540e-04
29.999994000;4.005e-06;-1.073e-09;-5.000e-05;-2.566e-09;0.000e+00;9.051e-04;3.137e-09;8.287e-01;4.002e-06;-6.194e-09;-2.000e-06;1.000e+01;8.333e-01;7.540e-04
30.000103000;4.006e-06;-6.611e-10;-5.000e-05;1.064e-10;0.000e+00;8.952e-04;4.194e-09;8.378e-01;3.996e-06;-6.962e-09;-2.000e-06;1.000e+01;8.333e-01;7.540e-04
30.006470000;3.998e-06;3.570e-09;-5.000e-05;-2.137e-09;0.000e+00;6.285e-04;1.338e-09;5.569e-01;4.001e-06;5.038e-10;-2.000e-06;1.000e+01;8.333e-01;7.540e-04
30.018849000;4.000e-06;2.470e-09;-5.000e-05;-1.268e-10;0.000e+00;9.435e-04;3.982e-10;8.744e-01;4.000e-06;4.386e-09;-2.000e-06;1.000e+01;8.333e-01;7.540e-04
30.022349000;3.997e-06;2.199e-09;-5.000e-05;-8.841e-10;0.000e+00;1.952e-04;-3.554e-09;-7.022e-08;4.002e-06;-6.575e-09;-2.000e-06;1.000e+01;8.333e-01;7.540e-04
30.023080000;4.001e-06;6.727e-09;-5.000e-05;9.145e-10;0.000e+00;3.995e-06;-2.759e-10;3.311e-10;4.000e-06;3.206e-09;-2.000e-06;1.000e+01;8.333e-01;7.540e-04
100.000000000;4.011e-06;-1.521e-11;-5.000e-05;-7.164e-09;0.000e+00;3.990e-06;3.853e-09;2.009e-09;4.007e-06;1.726e-09;-2.000e-06;1.000e+01;8.333e-01;7.540e-04
