time;BusPDR_BUS_Voltage;BusPDR_BUS_ActivePower;BusPDR_BUS_ReactivePower;BusPDR_BUS_ActiveCurrent;BusPDR_BUS_ReactiveCurrent;Wind_Turbine_GEN_UPuInjTerminal;Wind_Turbine_GEN_IpInjTerminal;Wind_Turbine_GEN_IqInjTerminal;Measurements_BUS_Voltage;Measurements_BUS_ActivePower;Measurements_BUS_ReactivePower;StepUp_Xfmr_XFMR_Tap;Wind_Turbine_GEN_ActivePowerSetpointPu;Wind_Turbine_GEN_ReactivePowerSetpointPu
0.000000000;1.000e+00;8.332e-01;0.000e+00;8.332e-01;0.000e+00;1.000e+00;8.332e-01;7.500e-04;1.000e+00;3.333e-02;0.000e+00;1.000e+01;8.333e-01;7.540e-04
29.999994000;1.000e+00;8.332e-01;0.000e+00;8.332e-01;0.000e+00;1.000e+00;8.332e-01;7.499e-04;1.000e+00;3.333e-02;0.000e+00;1.000e+01;8.333e-01;7.540e-04
29.999994000;3.999e-06;3.880e-09;-5.000e-05;-1.339e-09;0.000e+00;9.051e-04;-1.244e-09;8.287e-01;4.004e-06;-1.981e-09;-2.000e-06;1.000e+01;8.333e-01;7.540e-04
30.000103000;3.996e-06;4.451e-09;-5.000e-05;-3.003e-09;0.000e+00;8.952e-04;-2.973e-09;8.378e-01;4.006e-06;-1.941e-09;-2.000e-06;1.000e+01;8.333e-01;7.540e-04
30.006470000;4.000e-06;-1.788e-09;-5.000e-05;7.738e-10;0.000e+00;6.285e-04;-5.769e-10;5.569e-01;4.001e-06;-8.434e-10;-2.000e-06;1.000e+01;8.333e-01;7.540e-04
30.018849000;4.001e-06;-2.120e-09;-5.000e-05;-6.363e-09;0.000e+00;9.435e-04;-3.299e-09;8.744e-01;3.999e-06;8.492e-10;-2.000e-06;1.000e+01;8.333e-01;7.540e-04
30.022349000;4.002e-06;-2.582e-09;-5.000e-05;-4.001e-09;0.000e+00;1.952e-04;2.688e-09;-6.647e-08;4.002e-06;-9.947e-10;-2.000e-06;1.000e+01;8.333e-01;7.540e-04
30.023080000;4.008e-06;8.846e-09;-5.000e-05;-3.207e-09;0.000e+00;4.003e-06;2.828e-10;-1.304e-09;4.001e-06;6.371e-09;-2.000e-06;1.000e+01;8.333e-01;7.540e-04
100.000000000;4.008e-06;-7.795e-09;-5.000e-05;-2.178e-09;0.000e+00;4.008e-06;-6.090e-09;-1.100e-09;3.998e-06;4.262e-09;-2.000e-06;1.000e+01;8.333e-01;7.540e-04
