2025-05-23 10:51:04 | INFO |  ============================================================ 
2025-05-23 10:51:04 | INFO | DYNAWO VERSION  :     1.8.0
2025-05-23 10:51:04 | INFO | DYNAWO REVISION :    master-42ec24e
2025-05-23 10:51:04 | INFO |  ============================================================ 
2025-05-23 10:51:04 | INFO | 
2025-05-23 10:51:04 | INFO | -----------------------------------------------------------------------
2025-05-23 10:51:04 | INFO | building model from input files
2025-05-23 10:51:04 | INFO | -----------------------------------------------------------------------
2025-05-23 10:51:04 | INFO | model was built successfully
2025-05-23 10:51:04 | INFO | -----------------------------------------------------------------------
2025-05-23 10:51:04 | INFO | 
2025-05-23 10:51:04 | INFO | -----------------------------------------------------------------------
2025-05-23 10:51:04 | INFO | starting local initialization
2025-05-23 10:51:04 | INFO | -----------------------------------------------------------------------
2025-05-23 10:51:04 | INFO | end of local initialization
2025-05-23 10:51:04 | INFO | -----------------------------------------------------------------------
2025-05-23 10:51:04 | INFO | 
2025-05-23 10:51:04 | INFO | -----------------------------------------------------------------------
2025-05-23 10:51:04 | INFO | starting global initialization
2025-05-23 10:51:04 | INFO | -----------------------------------------------------------------------
2025-05-23 10:51:04 | INFO | Algebraic mode (with J recalculation) change at t = 0
2025-05-23 10:51:04 | INFO | Algebraic mode change at t = 0
2025-05-23 10:51:04 | INFO | Algebraic mode change at t = 0
2025-05-23 10:51:04 | INFO | end of global initialization
2025-05-23 10:51:04 | INFO | -----------------------------------------------------------------------
2025-05-23 10:51:04 | INFO | 
2025-05-23 10:51:04 | INFO | -----------------------------------------------------------------------
2025-05-23 10:51:04 | INFO | starting curve initialization
2025-05-23 10:51:04 | INFO | -----------------------------------------------------------------------
2025-05-23 10:51:04 | INFO | end of curve initialization, added 17 curves
2025-05-23 10:51:04 | INFO | -----------------------------------------------------------------------
2025-05-23 10:51:04 | INFO | 
2025-05-23 10:51:04 | INFO | -----------------------------------------------------------------------
2025-05-23 10:51:04 | INFO | starting simulation with solver IDASolver
2025-05-23 10:51:04 | INFO | -----------------------------------------------------------------------
2025-05-23 10:51:04 | INFO | -----------------------------------------------------------------------
2025-05-23 10:51:04 | INFO | number of continuous variables : 420
2025-05-23 10:51:04 | INFO | number of discrete variables : 138
2025-05-23 10:51:04 | INFO | number of root functions : 182
2025-05-23 10:51:04 | INFO | -----------------------------------------------------------------------
2025-05-23 10:51:04 | INFO |         time ¦ iter num   order (k)      time step (h)
2025-05-23 10:51:04 | INFO | -----------------------------------------------------------------------
2025-05-23 10:51:04 | INFO |        0.000 ¦        0           0              0.000 
2025-05-23 10:51:04 | INFO |        0.000 ¦        1           1              0.000 
2025-05-23 10:51:04 | INFO |        0.000 ¦        2           1              0.000 
2025-05-23 10:51:04 | INFO |        0.000 ¦        3           2              0.000 
2025-05-23 10:51:04 | INFO |        0.000 ¦        4           2              0.000 
2025-05-23 10:51:04 | INFO |        0.000 ¦        5           2              0.000 
2025-05-23 10:51:04 | INFO |        0.000 ¦        6           2              0.000 
2025-05-23 10:51:04 | INFO |        0.000 ¦        7           2              0.000 
2025-05-23 10:51:04 | INFO |        0.000 ¦        8           2              0.000 
2025-05-23 10:51:04 | INFO |        0.000 ¦        9           2              0.000 
2025-05-23 10:51:04 | INFO |        0.001 ¦       10           2              0.000 
2025-05-23 10:51:04 | INFO | Algebraic mode (with J recalculation) change at t = 0.0010002
2025-05-23 10:51:04 | INFO |        0.001 ¦       11           2              0.001 
2025-05-23 10:51:04 | INFO | calculation of the new starting point of the simulation.
2025-05-23 10:51:04 | INFO |        0.001 ¦        0           0              0.000 
2025-05-23 10:51:04 | INFO |        0.001 ¦        1           1              0.000 
2025-05-23 10:51:04 | INFO |        0.001 ¦        2           1              0.000 
2025-05-23 10:51:04 | INFO |        0.001 ¦        3           2              0.000 
2025-05-23 10:51:04 | INFO |        0.001 ¦        4           2              0.000 
2025-05-23 10:51:04 | INFO |        0.001 ¦        5           2              0.000 
2025-05-23 10:51:04 | INFO |        0.001 ¦        6           2              0.000 
2025-05-23 10:51:04 | INFO |        0.001 ¦        7           2              0.000 
2025-05-23 10:51:04 | INFO |        0.001 ¦        8           2              0.000 
2025-05-23 10:51:04 | INFO |        0.001 ¦        9           2              0.000 
2025-05-23 10:51:04 | INFO |        0.002 ¦       10           2              0.000 
2025-05-23 10:51:04 | INFO |        0.002 ¦       11           2              0.001 
2025-05-23 10:51:04 | INFO |        0.003 ¦       12           2              0.001 
2025-05-23 10:51:04 | INFO |        0.003 ¦       13           2              0.001 
2025-05-23 10:51:04 | INFO |        0.004 ¦       14           2              0.001 
2025-05-23 10:51:04 | INFO |        0.004 ¦       15           2              0.001 
2025-05-23 10:51:04 | INFO |        0.005 ¦       16           2              0.001 
2025-05-23 10:51:04 | INFO |        0.006 ¦       17           2              0.001 
2025-05-23 10:51:04 | INFO |        0.007 ¦       18           2              0.001 
2025-05-23 10:51:04 | INFO |        0.008 ¦       19           2              0.001 
2025-05-23 10:51:04 | INFO |        0.009 ¦       20           2              0.001 
2025-05-23 10:51:04 | INFO |        0.010 ¦       21           2              0.001 
2025-05-23 10:51:04 | INFO |        0.011 ¦       22           2              0.001 
2025-05-23 10:51:04 | INFO |        0.012 ¦       23           2              0.001 
2025-05-23 10:51:04 | INFO |        0.012 ¦       24           2              0.001 
2025-05-23 10:51:04 | INFO |        0.013 ¦       25           2              0.001 
2025-05-23 10:51:04 | INFO |        0.015 ¦       26           2              0.002 
2025-05-23 10:51:04 | INFO |        0.017 ¦       27           2              0.002 
2025-05-23 10:51:04 | INFO |        0.019 ¦       28           2              0.002 
2025-05-23 10:51:04 | INFO |        0.021 ¦       29           2              0.002 
2025-05-23 10:51:04 | INFO |        0.023 ¦       30           2              0.002 
2025-05-23 10:51:04 | INFO |        0.024 ¦       31           2              0.002 
2025-05-23 10:51:04 | INFO |        0.026 ¦       32           2              0.002 
2025-05-23 10:51:04 | INFO |        0.028 ¦       33           2              0.002 
2025-05-23 10:51:04 | INFO |        0.030 ¦       34           2              0.002 
2025-05-23 10:51:04 | INFO |        0.032 ¦       35           2              0.002 
2025-05-23 10:51:04 | INFO |        0.034 ¦       36           2              0.002 
2025-05-23 10:51:04 | INFO |        0.037 ¦       37           2              0.004 
2025-05-23 10:51:04 | INFO |        0.041 ¦       38           2              0.004 
2025-05-23 10:51:04 | INFO |        0.045 ¦       39           2              0.004 
2025-05-23 10:51:04 | INFO |        0.048 ¦       40           2              0.004 
2025-05-23 10:51:04 | INFO |        0.052 ¦       41           2              0.004 
2025-05-23 10:51:04 | INFO |        0.056 ¦       42           2              0.004 
2025-05-23 10:51:04 | INFO |        0.063 ¦       43           2              0.007 
2025-05-23 10:51:04 | INFO |        0.071 ¦       44           2              0.007 
2025-05-23 10:51:04 | INFO |        0.078 ¦       45           2              0.007 
2025-05-23 10:51:04 | INFO |        0.085 ¦       46           2              0.007 
2025-05-23 10:51:04 | INFO |        0.095 ¦       47           2              0.010 
2025-05-23 10:51:04 | INFO |        0.105 ¦       48           1              0.010 
2025-05-23 10:51:04 | INFO |        0.115 ¦       49           1              0.010 
2025-05-23 10:51:04 | INFO |        0.125 ¦       50           1              0.010 
2025-05-23 10:51:04 | INFO |        0.135 ¦       51           1              0.010 
2025-05-23 10:51:04 | INFO |        0.145 ¦       52           1              0.010 
2025-05-23 10:51:04 | INFO |        0.155 ¦       53           1              0.010 
2025-05-23 10:51:04 | INFO |        0.165 ¦       54           1              0.010 
2025-05-23 10:51:04 | INFO |        0.175 ¦       55           1              0.010 
2025-05-23 10:51:04 | INFO |        0.185 ¦       56           1              0.010 
2025-05-23 10:51:04 | INFO |        0.195 ¦       57           1              0.010 
2025-05-23 10:51:04 | INFO |        0.205 ¦       58           1              0.010 
2025-05-23 10:51:04 | INFO |        0.215 ¦       59           1              0.010 
2025-05-23 10:51:04 | INFO |        0.225 ¦       60           1              0.010 
2025-05-23 10:51:04 | INFO |        0.235 ¦       61           1              0.010 
2025-05-23 10:51:04 | INFO |        0.245 ¦       62           1              0.010 
2025-05-23 10:51:04 | INFO |        0.255 ¦       63           1              0.010 
2025-05-23 10:51:04 | INFO |        0.265 ¦       64           1              0.010 
2025-05-23 10:51:04 | INFO |        0.275 ¦       65           1              0.010 
2025-05-23 10:51:04 | INFO |        0.285 ¦       66           1              0.010 
2025-05-23 10:51:04 | INFO |        0.295 ¦       67           1              0.010 
2025-05-23 10:51:04 | INFO |        0.305 ¦       68           1              0.010 
2025-05-23 10:51:04 | INFO |        0.315 ¦       69           1              0.010 
2025-05-23 10:51:04 | INFO |        0.325 ¦       70           1              0.010 
2025-05-23 10:51:04 | INFO |        0.335 ¦       71           1              0.010 
2025-05-23 10:51:04 | INFO |        0.345 ¦       72           1              0.010 
2025-05-23 10:51:04 | INFO |        0.355 ¦       73           1              0.010 
2025-05-23 10:51:04 | INFO |        0.365 ¦       74           1              0.010 
2025-05-23 10:51:04 | INFO |        0.375 ¦       75           1              0.010 
2025-05-23 10:51:04 | INFO |        0.385 ¦       76           1              0.010 
2025-05-23 10:51:04 | INFO |        0.395 ¦       77           1              0.010 
2025-05-23 10:51:04 | INFO |        0.405 ¦       78           1              0.010 
2025-05-23 10:51:04 | INFO |        0.415 ¦       79           1              0.010 
2025-05-23 10:51:04 | INFO |        0.425 ¦       80           1              0.010 
2025-05-23 10:51:04 | INFO |        0.435 ¦       81           1              0.010 
2025-05-23 10:51:04 | INFO |        0.445 ¦       82           1              0.010 
2025-05-23 10:51:04 | INFO |        0.455 ¦       83           1              0.010 
2025-05-23 10:51:04 | INFO |        0.465 ¦       84           1              0.010 
2025-05-23 10:51:04 | INFO |        0.475 ¦       85           1              0.010 
2025-05-23 10:51:04 | INFO |        0.485 ¦       86           1              0.010 
2025-05-23 10:51:04 | INFO |        0.495 ¦       87           1              0.010 
2025-05-23 10:51:04 | INFO |        0.505 ¦       88           1              0.010 
2025-05-23 10:51:04 | INFO |        0.515 ¦       89           1              0.010 
2025-05-23 10:51:04 | INFO |        0.525 ¦       90           1              0.010 
2025-05-23 10:51:04 | INFO |        0.535 ¦       91           1              0.010 
2025-05-23 10:51:04 | INFO |        0.545 ¦       92           1              0.010 
2025-05-23 10:51:04 | INFO |        0.555 ¦       93           1              0.010 
2025-05-23 10:51:04 | INFO |        0.565 ¦       94           1              0.010 
2025-05-23 10:51:04 | INFO |        0.575 ¦       95           1              0.010 
2025-05-23 10:51:04 | INFO |        0.585 ¦       96           1              0.010 
2025-05-23 10:51:04 | INFO |        0.595 ¦       97           1              0.010 
2025-05-23 10:51:04 | INFO |        0.605 ¦       98           1              0.010 
2025-05-23 10:51:04 | INFO |        0.615 ¦       99           1              0.010 
2025-05-23 10:51:04 | INFO |        0.625 ¦      100           1              0.010 
2025-05-23 10:51:04 | INFO |        0.635 ¦      101           1              0.010 
2025-05-23 10:51:04 | INFO |        0.645 ¦      102           1              0.010 
2025-05-23 10:51:04 | INFO |        0.655 ¦      103           1              0.010 
2025-05-23 10:51:04 | INFO |        0.665 ¦      104           1              0.010 
2025-05-23 10:51:04 | INFO |        0.675 ¦      105           1              0.010 
2025-05-23 10:51:04 | INFO |        0.685 ¦      106           1              0.010 
2025-05-23 10:51:04 | INFO |        0.695 ¦      107           1              0.010 
2025-05-23 10:51:04 | INFO |        0.705 ¦      108           1              0.010 
2025-05-23 10:51:04 | INFO |        0.715 ¦      109           1              0.010 
2025-05-23 10:51:04 | INFO |        0.725 ¦      110           1              0.010 
2025-05-23 10:51:04 | INFO |        0.735 ¦      111           1              0.010 
2025-05-23 10:51:04 | INFO | Algebraic mode change at t = 0.738444
2025-05-23 10:51:04 | INFO |        0.738 ¦      112           1              0.010 
2025-05-23 10:51:04 | INFO | calculation of the new starting point of the simulation.
2025-05-23 10:51:04 | INFO |        0.738 ¦        0           0              0.000 
2025-05-23 10:51:04 | INFO |        0.738 ¦        1           1              0.000 
2025-05-23 10:51:04 | INFO |        0.738 ¦        2           1              0.000 
2025-05-23 10:51:04 | INFO |        0.738 ¦        3           2              0.000 
2025-05-23 10:51:04 | INFO |        0.738 ¦        4           2              0.000 
2025-05-23 10:51:04 | INFO |        0.738 ¦        5           1              0.000 
2025-05-23 10:51:04 | INFO |        0.738 ¦        6           1              0.000 
2025-05-23 10:51:04 | INFO |        0.739 ¦        7           1              0.000 
2025-05-23 10:51:04 | INFO |        0.739 ¦        8           1              0.000 
2025-05-23 10:51:04 | INFO |        0.739 ¦        9           1              0.000 
2025-05-23 10:51:04 | INFO |        0.739 ¦       10           1              0.000 
2025-05-23 10:51:04 | INFO |        0.739 ¦       11           1              0.001 
2025-05-23 10:51:04 | INFO |        0.740 ¦       12           1              0.001 
2025-05-23 10:51:04 | INFO |        0.743 ¦       13           1              0.002 
2025-05-23 10:51:04 | INFO |        0.747 ¦       14           1              0.004 
2025-05-23 10:51:04 | INFO |        0.755 ¦       15           1              0.008 
2025-05-23 10:51:04 | INFO |        0.765 ¦       16           1              0.010 
2025-05-23 10:51:04 | INFO |        0.775 ¦       17           1              0.010 
2025-05-23 10:51:04 | INFO |        0.785 ¦       18           1              0.010 
2025-05-23 10:51:04 | INFO |        0.795 ¦       19           1              0.010 
2025-05-23 10:51:04 | INFO |        0.805 ¦       20           1              0.010 
2025-05-23 10:51:04 | INFO |        0.815 ¦       21           1              0.010 
2025-05-23 10:51:04 | INFO |        0.825 ¦       22           1              0.010 
2025-05-23 10:51:04 | INFO |        0.835 ¦       23           1              0.010 
2025-05-23 10:51:04 | INFO |        0.845 ¦       24           1              0.010 
2025-05-23 10:51:04 | INFO |        0.855 ¦       25           1              0.010 
2025-05-23 10:51:04 | INFO |        0.865 ¦       26           1              0.010 
2025-05-23 10:51:04 | INFO |        0.875 ¦       27           1              0.010 
2025-05-23 10:51:04 | INFO |        0.885 ¦       28           1              0.010 
2025-05-23 10:51:04 | INFO |        0.895 ¦       29           1              0.010 
2025-05-23 10:51:04 | INFO |        0.905 ¦       30           1              0.010 
2025-05-23 10:51:04 | INFO |        0.915 ¦       31           1              0.010 
2025-05-23 10:51:04 | INFO |        0.925 ¦       32           1              0.010 
2025-05-23 10:51:04 | INFO |        0.935 ¦       33           1              0.010 
2025-05-23 10:51:04 | INFO |        0.945 ¦       34           1              0.010 
2025-05-23 10:51:04 | INFO |        0.955 ¦       35           1              0.010 
2025-05-23 10:51:04 | INFO |        0.965 ¦       36           1              0.010 
2025-05-23 10:51:04 | INFO |        0.975 ¦       37           1              0.010 
2025-05-23 10:51:04 | INFO |        0.985 ¦       38           1              0.010 
2025-05-23 10:51:04 | INFO |        0.995 ¦       39           1              0.010 
2025-05-23 10:51:04 | INFO |        1.005 ¦       40           1              0.010 
2025-05-23 10:51:04 | INFO |        1.015 ¦       41           1              0.010 
2025-05-23 10:51:04 | INFO |        1.025 ¦       42           1              0.010 
2025-05-23 10:51:04 | INFO |        1.035 ¦       43           1              0.010 
2025-05-23 10:51:04 | INFO |        1.045 ¦       44           1              0.010 
2025-05-23 10:51:04 | INFO |        1.055 ¦       45           1              0.010 
2025-05-23 10:51:04 | INFO |        1.065 ¦       46           1              0.010 
2025-05-23 10:51:04 | INFO |        1.075 ¦       47           1              0.010 
2025-05-23 10:51:04 | INFO |        1.085 ¦       48           1              0.010 
2025-05-23 10:51:04 | INFO |        1.095 ¦       49           1              0.010 
2025-05-23 10:51:04 | INFO |        1.105 ¦       50           1              0.010 
2025-05-23 10:51:04 | INFO |        1.115 ¦       51           1              0.010 
2025-05-23 10:51:04 | INFO |        1.125 ¦       52           1              0.010 
2025-05-23 10:51:04 | INFO |        1.135 ¦       53           1              0.010 
2025-05-23 10:51:04 | INFO |        1.145 ¦       54           1              0.010 
2025-05-23 10:51:04 | INFO |        1.155 ¦       55           1              0.010 
2025-05-23 10:51:04 | INFO |        1.165 ¦       56           1              0.010 
2025-05-23 10:51:04 | INFO |        1.175 ¦       57           1              0.010 
2025-05-23 10:51:04 | INFO |        1.185 ¦       58           1              0.010 
2025-05-23 10:51:04 | INFO |        1.195 ¦       59           1              0.010 
2025-05-23 10:51:04 | INFO |        1.205 ¦       60           1              0.010 
2025-05-23 10:51:04 | INFO |        1.215 ¦       61           1              0.010 
2025-05-23 10:51:04 | INFO |        1.225 ¦       62           1              0.010 
2025-05-23 10:51:04 | INFO |        1.235 ¦       63           1              0.010 
2025-05-23 10:51:04 | INFO |        1.245 ¦       64           1              0.010 
2025-05-23 10:51:04 | INFO |        1.255 ¦       65           1              0.010 
2025-05-23 10:51:04 | INFO |        1.265 ¦       66           1              0.010 
2025-05-23 10:51:04 | INFO |        1.275 ¦       67           1              0.010 
2025-05-23 10:51:04 | INFO |        1.285 ¦       68           1              0.010 
2025-05-23 10:51:04 | INFO |        1.295 ¦       69           1              0.010 
2025-05-23 10:51:04 | INFO |        1.305 ¦       70           1              0.010 
2025-05-23 10:51:04 | INFO |        1.315 ¦       71           1              0.010 
2025-05-23 10:51:04 | INFO |        1.325 ¦       72           1              0.010 
2025-05-23 10:51:04 | INFO |        1.335 ¦       73           1              0.010 
2025-05-23 10:51:04 | INFO |        1.345 ¦       74           1              0.010 
2025-05-23 10:51:04 | INFO |        1.355 ¦       75           1              0.010 
2025-05-23 10:51:04 | INFO |        1.365 ¦       76           1              0.010 
2025-05-23 10:51:04 | INFO |        1.375 ¦       77           1              0.010 
2025-05-23 10:51:04 | INFO |        1.385 ¦       78           1              0.010 
2025-05-23 10:51:04 | INFO |        1.395 ¦       79           1              0.010 
2025-05-23 10:51:04 | INFO |        1.405 ¦       80           1              0.010 
2025-05-23 10:51:04 | INFO |        1.415 ¦       81           1              0.010 
2025-05-23 10:51:04 | INFO |        1.425 ¦       82           1              0.010 
2025-05-23 10:51:04 | INFO |        1.435 ¦       83           1              0.010 
2025-05-23 10:51:04 | INFO |        1.445 ¦       84           1              0.010 
2025-05-23 10:51:04 | INFO |        1.455 ¦       85           1              0.010 
2025-05-23 10:51:04 | INFO |        1.465 ¦       86           1              0.010 
2025-05-23 10:51:04 | INFO |        1.475 ¦       87           1              0.010 
2025-05-23 10:51:04 | INFO |        1.485 ¦       88           1              0.010 
2025-05-23 10:51:04 | INFO |        1.495 ¦       89           1              0.010 
2025-05-23 10:51:04 | INFO |        1.505 ¦       90           1              0.010 
2025-05-23 10:51:04 | INFO |        1.515 ¦       91           1              0.010 
2025-05-23 10:51:04 | INFO |        1.525 ¦       92           1              0.010 
2025-05-23 10:51:04 | INFO |        1.535 ¦       93           1              0.010 
2025-05-23 10:51:04 | INFO |        1.545 ¦       94           1              0.010 
2025-05-23 10:51:04 | INFO |        1.555 ¦       95           1              0.010 
2025-05-23 10:51:04 | INFO |        1.565 ¦       96           1              0.010 
2025-05-23 10:51:04 | INFO |        1.575 ¦       97           1              0.010 
2025-05-23 10:51:04 | INFO |        1.585 ¦       98           1              0.010 
2025-05-23 10:51:04 | INFO |        1.595 ¦       99           1              0.010 
2025-05-23 10:51:04 | INFO |        1.605 ¦      100           1              0.010 
2025-05-23 10:51:04 | INFO |        1.615 ¦      101           1              0.010 
2025-05-23 10:51:04 | INFO |        1.625 ¦      102           1              0.010 
2025-05-23 10:51:04 | INFO |        1.635 ¦      103           1              0.010 
2025-05-23 10:51:04 | INFO |        1.645 ¦      104           1              0.010 
2025-05-23 10:51:04 | INFO |        1.655 ¦      105           1              0.010 
2025-05-23 10:51:04 | INFO |        1.665 ¦      106           1              0.010 
2025-05-23 10:51:04 | INFO |        1.675 ¦      107           1              0.010 
2025-05-23 10:51:04 | INFO |        1.685 ¦      108           1              0.010 
2025-05-23 10:51:04 | INFO |        1.695 ¦      109           1              0.010 
2025-05-23 10:51:04 | INFO |        1.705 ¦      110           1              0.010 
2025-05-23 10:51:04 | INFO |        1.715 ¦      111           1              0.010 
2025-05-23 10:51:04 | INFO |        1.725 ¦      112           1              0.010 
2025-05-23 10:51:04 | INFO |        1.735 ¦      113           1              0.010 
2025-05-23 10:51:04 | INFO |        1.745 ¦      114           1              0.010 
2025-05-23 10:51:04 | INFO |        1.755 ¦      115           1              0.010 
2025-05-23 10:51:04 | INFO |        1.765 ¦      116           1              0.010 
2025-05-23 10:51:04 | INFO |        1.775 ¦      117           1              0.010 
2025-05-23 10:51:04 | INFO |        1.785 ¦      118           1              0.010 
2025-05-23 10:51:04 | INFO |        1.795 ¦      119           1              0.010 
2025-05-23 10:51:04 | INFO |        1.805 ¦      120           1              0.010 
2025-05-23 10:51:04 | INFO |        1.815 ¦      121           1              0.010 
2025-05-23 10:51:04 | INFO |        1.825 ¦      122           1              0.010 
2025-05-23 10:51:04 | INFO |        1.835 ¦      123           1              0.010 
2025-05-23 10:51:04 | INFO |        1.845 ¦      124           1              0.010 
2025-05-23 10:51:04 | INFO |        1.855 ¦      125           1              0.010 
2025-05-23 10:51:04 | INFO |        1.865 ¦      126           1              0.010 
2025-05-23 10:51:04 | INFO |        1.875 ¦      127           1              0.010 
2025-05-23 10:51:04 | INFO |        1.885 ¦      128           1              0.010 
2025-05-23 10:51:04 | INFO |        1.895 ¦      129           1              0.010 
2025-05-23 10:51:04 | INFO |        1.905 ¦      130           1              0.010 
2025-05-23 10:51:04 | INFO |        1.915 ¦      131           1              0.010 
2025-05-23 10:51:04 | INFO |        1.925 ¦      132           1              0.010 
2025-05-23 10:51:04 | INFO |        1.935 ¦      133           1              0.010 
2025-05-23 10:51:04 | INFO |        1.945 ¦      134           1              0.010 
2025-05-23 10:51:04 | INFO |        1.955 ¦      135           1              0.010 
2025-05-23 10:51:04 | INFO |        1.965 ¦      136           1              0.010 
2025-05-23 10:51:04 | INFO |        1.975 ¦      137           1              0.010 
2025-05-23 10:51:04 | INFO |        1.985 ¦      138           1              0.010 
2025-05-23 10:51:04 | INFO |        1.995 ¦      139           1              0.010 
2025-05-23 10:51:04 | INFO |        2.005 ¦      140           1              0.010 
2025-05-23 10:51:04 | INFO |        2.015 ¦      141           1              0.010 
2025-05-23 10:51:04 | INFO |        2.025 ¦      142           1              0.010 
2025-05-23 10:51:04 | INFO |        2.035 ¦      143           1              0.010 
2025-05-23 10:51:04 | INFO |        2.045 ¦      144           1              0.010 
2025-05-23 10:51:04 | INFO |        2.055 ¦      145           1              0.010 
2025-05-23 10:51:04 | INFO |        2.065 ¦      146           1              0.010 
2025-05-23 10:51:04 | INFO |        2.075 ¦      147           1              0.010 
2025-05-23 10:51:04 | INFO |        2.085 ¦      148           1              0.010 
2025-05-23 10:51:04 | INFO |        2.095 ¦      149           1              0.010 
2025-05-23 10:51:04 | INFO |        2.105 ¦      150           1              0.010 
2025-05-23 10:51:04 | INFO |        2.115 ¦      151           1              0.010 
2025-05-23 10:51:04 | INFO |        2.125 ¦      152           1              0.010 
2025-05-23 10:51:04 | INFO |        2.135 ¦      153           1              0.010 
2025-05-23 10:51:04 | INFO |        2.145 ¦      154           1              0.010 
2025-05-23 10:51:04 | INFO |        2.155 ¦      155           1              0.010 
2025-05-23 10:51:04 | INFO |        2.165 ¦      156           1              0.010 
2025-05-23 10:51:04 | INFO |        2.175 ¦      157           1              0.010 
2025-05-23 10:51:04 | INFO |        2.185 ¦      158           1              0.010 
2025-05-23 10:51:04 | INFO |        2.195 ¦      159           1              0.010 
2025-05-23 10:51:04 | INFO |        2.205 ¦      160           1              0.010 
2025-05-23 10:51:04 | INFO |        2.215 ¦      161           1              0.010 
2025-05-23 10:51:04 | INFO |        2.225 ¦      162           1              0.010 
2025-05-23 10:51:04 | INFO |        2.235 ¦      163           1              0.010 
2025-05-23 10:51:04 | INFO |        2.245 ¦      164           1              0.010 
2025-05-23 10:51:04 | INFO |        2.255 ¦      165           1              0.010 
2025-05-23 10:51:04 | INFO |        2.265 ¦      166           1              0.010 
2025-05-23 10:51:04 | INFO |        2.275 ¦      167           1              0.010 
2025-05-23 10:51:04 | INFO |        2.285 ¦      168           1              0.010 
2025-05-23 10:51:04 | INFO |        2.295 ¦      169           1              0.010 
2025-05-23 10:51:04 | INFO |        2.305 ¦      170           1              0.010 
2025-05-23 10:51:04 | INFO |        2.315 ¦      171           1              0.010 
2025-05-23 10:51:04 | INFO |        2.325 ¦      172           1              0.010 
2025-05-23 10:51:04 | INFO |        2.335 ¦      173           1              0.010 
2025-05-23 10:51:04 | INFO |        2.345 ¦      174           1              0.010 
2025-05-23 10:51:04 | INFO |        2.355 ¦      175           1              0.010 
2025-05-23 10:51:04 | INFO |        2.365 ¦      176           1              0.010 
2025-05-23 10:51:04 | INFO |        2.375 ¦      177           1              0.010 
2025-05-23 10:51:04 | INFO |        2.385 ¦      178           1              0.010 
2025-05-23 10:51:04 | INFO |        2.395 ¦      179           1              0.010 
2025-05-23 10:51:04 | INFO |        2.405 ¦      180           1              0.010 
2025-05-23 10:51:04 | INFO |        2.415 ¦      181           1              0.010 
2025-05-23 10:51:04 | INFO |        2.425 ¦      182           1              0.010 
2025-05-23 10:51:04 | INFO |        2.435 ¦      183           1              0.010 
2025-05-23 10:51:04 | INFO |        2.445 ¦      184           1              0.010 
2025-05-23 10:51:04 | INFO |        2.455 ¦      185           1              0.010 
2025-05-23 10:51:04 | INFO |        2.465 ¦      186           1              0.010 
2025-05-23 10:51:04 | INFO |        2.475 ¦      187           1              0.010 
2025-05-23 10:51:04 | INFO |        2.485 ¦      188           1              0.010 
2025-05-23 10:51:04 | INFO |        2.495 ¦      189           1              0.010 
2025-05-23 10:51:04 | INFO |        2.505 ¦      190           1              0.010 
2025-05-23 10:51:04 | INFO |        2.515 ¦      191           1              0.010 
2025-05-23 10:51:04 | INFO |        2.525 ¦      192           1              0.010 
2025-05-23 10:51:04 | INFO |        2.535 ¦      193           1              0.010 
2025-05-23 10:51:04 | INFO |        2.545 ¦      194           1              0.010 
2025-05-23 10:51:04 | INFO |        2.555 ¦      195           1              0.010 
2025-05-23 10:51:04 | INFO |        2.565 ¦      196           1              0.010 
2025-05-23 10:51:04 | INFO |        2.575 ¦      197           1              0.010 
2025-05-23 10:51:04 | INFO |        2.585 ¦      198           1              0.010 
2025-05-23 10:51:04 | INFO |        2.595 ¦      199           1              0.010 
2025-05-23 10:51:04 | INFO |        2.605 ¦      200           1              0.010 
2025-05-23 10:51:04 | INFO |        2.615 ¦      201           1              0.010 
2025-05-23 10:51:04 | INFO |        2.625 ¦      202           1              0.010 
2025-05-23 10:51:04 | INFO |        2.635 ¦      203           1              0.010 
2025-05-23 10:51:04 | INFO |        2.645 ¦      204           1              0.010 
2025-05-23 10:51:04 | INFO |        2.655 ¦      205           1              0.010 
2025-05-23 10:51:04 | INFO |        2.665 ¦      206           1              0.010 
2025-05-23 10:51:04 | INFO |        2.675 ¦      207           1              0.010 
2025-05-23 10:51:04 | INFO |        2.685 ¦      208           1              0.010 
2025-05-23 10:51:04 | INFO |        2.695 ¦      209           1              0.010 
2025-05-23 10:51:04 | INFO |        2.705 ¦      210           1              0.010 
2025-05-23 10:51:04 | INFO |        2.715 ¦      211           1              0.010 
2025-05-23 10:51:04 | INFO |        2.725 ¦      212           1              0.010 
2025-05-23 10:51:04 | INFO |        2.735 ¦      213           1              0.010 
2025-05-23 10:51:04 | INFO |        2.745 ¦      214           1              0.010 
2025-05-23 10:51:04 | INFO |        2.755 ¦      215           1              0.010 
2025-05-23 10:51:04 | INFO |        2.765 ¦      216           1              0.010 
2025-05-23 10:51:04 | INFO |        2.775 ¦      217           1              0.010 
2025-05-23 10:51:04 | INFO |        2.785 ¦      218           1              0.010 
2025-05-23 10:51:04 | INFO |        2.795 ¦      219           1              0.010 
2025-05-23 10:51:04 | INFO |        2.805 ¦      220           1              0.010 
2025-05-23 10:51:04 | INFO |        2.815 ¦      221           1              0.010 
2025-05-23 10:51:04 | INFO |        2.825 ¦      222           1              0.010 
2025-05-23 10:51:04 | INFO |        2.835 ¦      223           1              0.010 
2025-05-23 10:51:04 | INFO |        2.845 ¦      224           1              0.010 
2025-05-23 10:51:04 | INFO |        2.855 ¦      225           1              0.010 
2025-05-23 10:51:04 | INFO |        2.865 ¦      226           1              0.010 
2025-05-23 10:51:04 | INFO |        2.875 ¦      227           1              0.010 
2025-05-23 10:51:04 | INFO |        2.885 ¦      228           1              0.010 
2025-05-23 10:51:04 | INFO |        2.895 ¦      229           1              0.010 
2025-05-23 10:51:04 | INFO |        2.905 ¦      230           1              0.010 
2025-05-23 10:51:04 | INFO |        2.915 ¦      231           1              0.010 
2025-05-23 10:51:04 | INFO |        2.925 ¦      232           1              0.010 
2025-05-23 10:51:04 | INFO |        2.935 ¦      233           1              0.010 
2025-05-23 10:51:04 | INFO |        2.945 ¦      234           1              0.010 
2025-05-23 10:51:04 | INFO |        2.955 ¦      235           1              0.010 
2025-05-23 10:51:04 | INFO |        2.965 ¦      236           1              0.010 
2025-05-23 10:51:04 | INFO |        2.975 ¦      237           1              0.010 
2025-05-23 10:51:04 | INFO |        2.985 ¦      238           1              0.010 
2025-05-23 10:51:04 | INFO |        2.995 ¦      239           1              0.010 
2025-05-23 10:51:04 | INFO |        3.005 ¦      240           1              0.010 
2025-05-23 10:51:04 | INFO |        3.015 ¦      241           1              0.010 
2025-05-23 10:51:04 | INFO |        3.025 ¦      242           1              0.010 
2025-05-23 10:51:04 | INFO |        3.035 ¦      243           1              0.010 
2025-05-23 10:51:04 | INFO |        3.045 ¦      244           1              0.010 
2025-05-23 10:51:04 | INFO |        3.055 ¦      245           1              0.010 
2025-05-23 10:51:04 | INFO |        3.065 ¦      246           1              0.010 
2025-05-23 10:51:04 | INFO |        3.075 ¦      247           1              0.010 
2025-05-23 10:51:04 | INFO |        3.085 ¦      248           1              0.010 
2025-05-23 10:51:04 | INFO |        3.095 ¦      249           1              0.010 
2025-05-23 10:51:04 | INFO |        3.105 ¦      250           1              0.010 
2025-05-23 10:51:04 | INFO |        3.115 ¦      251           1              0.010 
2025-05-23 10:51:04 | INFO |        3.125 ¦      252           1              0.010 
2025-05-23 10:51:04 | INFO |        3.135 ¦      253           1              0.010 
2025-05-23 10:51:04 | INFO |        3.145 ¦      254           1              0.010 
2025-05-23 10:51:04 | INFO |        3.155 ¦      255           1              0.010 
2025-05-23 10:51:04 | INFO |        3.165 ¦      256           1              0.010 
2025-05-23 10:51:04 | INFO |        3.175 ¦      257           1              0.010 
2025-05-23 10:51:04 | INFO |        3.185 ¦      258           1              0.010 
2025-05-23 10:51:04 | INFO |        3.195 ¦      259           1              0.010 
2025-05-23 10:51:04 | INFO |        3.205 ¦      260           1              0.010 
2025-05-23 10:51:04 | INFO |        3.215 ¦      261           1              0.010 
2025-05-23 10:51:04 | INFO |        3.225 ¦      262           1              0.010 
2025-05-23 10:51:04 | INFO |        3.235 ¦      263           1              0.010 
2025-05-23 10:51:04 | INFO |        3.245 ¦      264           1              0.010 
2025-05-23 10:51:04 | INFO |        3.255 ¦      265           1              0.010 
2025-05-23 10:51:04 | INFO |        3.265 ¦      266           1              0.010 
2025-05-23 10:51:04 | INFO |        3.275 ¦      267           1              0.010 
2025-05-23 10:51:04 | INFO |        3.285 ¦      268           1              0.010 
2025-05-23 10:51:04 | INFO |        3.295 ¦      269           1              0.010 
2025-05-23 10:51:04 | INFO |        3.305 ¦      270           1              0.010 
2025-05-23 10:51:04 | INFO |        3.315 ¦      271           1              0.010 
2025-05-23 10:51:04 | INFO |        3.325 ¦      272           1              0.010 
2025-05-23 10:51:04 | INFO |        3.335 ¦      273           1              0.010 
2025-05-23 10:51:04 | INFO |        3.345 ¦      274           1              0.010 
2025-05-23 10:51:04 | INFO |        3.355 ¦      275           1              0.010 
2025-05-23 10:51:04 | INFO |        3.365 ¦      276           1              0.010 
2025-05-23 10:51:04 | INFO |        3.375 ¦      277           1              0.010 
2025-05-23 10:51:04 | INFO |        3.385 ¦      278           1              0.010 
2025-05-23 10:51:04 | INFO |        3.395 ¦      279           1              0.010 
2025-05-23 10:51:04 | INFO |        3.405 ¦      280           1              0.010 
2025-05-23 10:51:04 | INFO |        3.415 ¦      281           1              0.010 
2025-05-23 10:51:04 | INFO |        3.425 ¦      282           1              0.010 
2025-05-23 10:51:04 | INFO |        3.435 ¦      283           1              0.010 
2025-05-23 10:51:04 | INFO |        3.445 ¦      284           1              0.010 
2025-05-23 10:51:04 | INFO |        3.455 ¦      285           1              0.010 
2025-05-23 10:51:04 | INFO |        3.465 ¦      286           1              0.010 
2025-05-23 10:51:04 | INFO |        3.475 ¦      287           1              0.010 
2025-05-23 10:51:04 | INFO |        3.485 ¦      288           1              0.010 
2025-05-23 10:51:04 | INFO |        3.495 ¦      289           1              0.010 
2025-05-23 10:51:04 | INFO |        3.505 ¦      290           1              0.010 
2025-05-23 10:51:04 | INFO |        3.515 ¦      291           1              0.010 
2025-05-23 10:51:04 | INFO |        3.525 ¦      292           1              0.010 
2025-05-23 10:51:04 | INFO |        3.535 ¦      293           1              0.010 
2025-05-23 10:51:04 | INFO |        3.545 ¦      294           1              0.010 
2025-05-23 10:51:04 | INFO |        3.555 ¦      295           1              0.010 
2025-05-23 10:51:04 | INFO |        3.565 ¦      296           1              0.010 
2025-05-23 10:51:04 | INFO |        3.575 ¦      297           1              0.010 
2025-05-23 10:51:04 | INFO |        3.585 ¦      298           1              0.010 
2025-05-23 10:51:04 | INFO |        3.595 ¦      299           1              0.010 
2025-05-23 10:51:04 | INFO |        3.605 ¦      300           1              0.010 
2025-05-23 10:51:04 | INFO |        3.615 ¦      301           1              0.010 
2025-05-23 10:51:04 | INFO |        3.625 ¦      302           1              0.010 
2025-05-23 10:51:04 | INFO |        3.635 ¦      303           1              0.010 
2025-05-23 10:51:04 | INFO |        3.645 ¦      304           1              0.010 
2025-05-23 10:51:04 | INFO |        3.655 ¦      305           1              0.010 
2025-05-23 10:51:04 | INFO |        3.665 ¦      306           1              0.010 
2025-05-23 10:51:04 | INFO |        3.675 ¦      307           1              0.010 
2025-05-23 10:51:04 | INFO |        3.685 ¦      308           1              0.010 
2025-05-23 10:51:04 | INFO |        3.695 ¦      309           1              0.010 
2025-05-23 10:51:04 | INFO |        3.705 ¦      310           1              0.010 
2025-05-23 10:51:04 | INFO |        3.715 ¦      311           1              0.010 
2025-05-23 10:51:04 | INFO |        3.725 ¦      312           1              0.010 
2025-05-23 10:51:04 | INFO |        3.735 ¦      313           1              0.010 
2025-05-23 10:51:04 | INFO |        3.745 ¦      314           1              0.010 
2025-05-23 10:51:04 | INFO |        3.755 ¦      315           1              0.010 
2025-05-23 10:51:04 | INFO |        3.765 ¦      316           1              0.010 
2025-05-23 10:51:04 | INFO |        3.775 ¦      317           1              0.010 
2025-05-23 10:51:04 | INFO |        3.785 ¦      318           1              0.010 
2025-05-23 10:51:04 | INFO |        3.795 ¦      319           1              0.010 
2025-05-23 10:51:04 | INFO |        3.805 ¦      320           1              0.010 
2025-05-23 10:51:04 | INFO |        3.815 ¦      321           1              0.010 
2025-05-23 10:51:04 | INFO |        3.825 ¦      322           1              0.010 
2025-05-23 10:51:04 | INFO |        3.835 ¦      323           1              0.010 
2025-05-23 10:51:04 | INFO |        3.845 ¦      324           1              0.010 
2025-05-23 10:51:04 | INFO |        3.855 ¦      325           1              0.010 
2025-05-23 10:51:04 | INFO |        3.865 ¦      326           1              0.010 
2025-05-23 10:51:04 | INFO |        3.875 ¦      327           1              0.010 
2025-05-23 10:51:04 | INFO |        3.885 ¦      328           1              0.010 
2025-05-23 10:51:04 | INFO |        3.895 ¦      329           1              0.010 
2025-05-23 10:51:04 | INFO |        3.905 ¦      330           1              0.010 
2025-05-23 10:51:04 | INFO |        3.915 ¦      331           1              0.010 
2025-05-23 10:51:04 | INFO |        3.925 ¦      332           1              0.010 
2025-05-23 10:51:04 | INFO |        3.935 ¦      333           1              0.010 
2025-05-23 10:51:04 | INFO |        3.945 ¦      334           1              0.010 
2025-05-23 10:51:04 | INFO |        3.955 ¦      335           1              0.010 
2025-05-23 10:51:04 | INFO |        3.965 ¦      336           1              0.010 
2025-05-23 10:51:04 | INFO |        3.975 ¦      337           1              0.010 
2025-05-23 10:51:04 | INFO |        3.985 ¦      338           1              0.010 
2025-05-23 10:51:04 | INFO |        3.995 ¦      339           1              0.010 
2025-05-23 10:51:04 | INFO |        4.005 ¦      340           1              0.010 
2025-05-23 10:51:04 | INFO |        4.015 ¦      341           1              0.010 
2025-05-23 10:51:04 | INFO |        4.025 ¦      342           1              0.010 
2025-05-23 10:51:04 | INFO |        4.035 ¦      343           1              0.010 
2025-05-23 10:51:04 | INFO |        4.045 ¦      344           1              0.010 
2025-05-23 10:51:04 | INFO |        4.055 ¦      345           1              0.010 
2025-05-23 10:51:04 | INFO |        4.065 ¦      346           1              0.010 
2025-05-23 10:51:04 | INFO |        4.075 ¦      347           1              0.010 
2025-05-23 10:51:04 | INFO |        4.085 ¦      348           1              0.010 
2025-05-23 10:51:04 | INFO |        4.095 ¦      349           1              0.010 
2025-05-23 10:51:04 | INFO |        4.105 ¦      350           1              0.010 
2025-05-23 10:51:04 | INFO |        4.115 ¦      351           1              0.010 
2025-05-23 10:51:04 | INFO |        4.125 ¦      352           1              0.010 
2025-05-23 10:51:04 | INFO |        4.135 ¦      353           1              0.010 
2025-05-23 10:51:04 | INFO |        4.145 ¦      354           1              0.010 
2025-05-23 10:51:04 | INFO |        4.155 ¦      355           1              0.010 
2025-05-23 10:51:04 | INFO |        4.165 ¦      356           1              0.010 
2025-05-23 10:51:04 | INFO |        4.175 ¦      357           1              0.010 
2025-05-23 10:51:04 | INFO |        4.185 ¦      358           1              0.010 
2025-05-23 10:51:04 | INFO |        4.195 ¦      359           1              0.010 
2025-05-23 10:51:04 | INFO |        4.205 ¦      360           1              0.010 
2025-05-23 10:51:04 | INFO |        4.215 ¦      361           1              0.010 
2025-05-23 10:51:04 | INFO |        4.225 ¦      362           1              0.010 
2025-05-23 10:51:04 | INFO |        4.235 ¦      363           1              0.010 
2025-05-23 10:51:04 | INFO |        4.245 ¦      364           1              0.010 
2025-05-23 10:51:04 | INFO |        4.255 ¦      365           1              0.010 
2025-05-23 10:51:04 | INFO |        4.265 ¦      366           1              0.010 
2025-05-23 10:51:04 | INFO |        4.275 ¦      367           1              0.010 
2025-05-23 10:51:04 | INFO |        4.285 ¦      368           1              0.010 
2025-05-23 10:51:04 | INFO |        4.295 ¦      369           1              0.010 
2025-05-23 10:51:04 | INFO |        4.305 ¦      370           1              0.010 
2025-05-23 10:51:04 | INFO |        4.315 ¦      371           1              0.010 
2025-05-23 10:51:04 | INFO |        4.325 ¦      372           1              0.010 
2025-05-23 10:51:04 | INFO |        4.335 ¦      373           1              0.010 
2025-05-23 10:51:04 | INFO |        4.345 ¦      374           1              0.010 
2025-05-23 10:51:04 | INFO |        4.355 ¦      375           1              0.010 
2025-05-23 10:51:04 | INFO |        4.365 ¦      376           1              0.010 
2025-05-23 10:51:04 | INFO |        4.375 ¦      377           1              0.010 
2025-05-23 10:51:04 | INFO |        4.385 ¦      378           1              0.010 
2025-05-23 10:51:04 | INFO |        4.395 ¦      379           1              0.010 
2025-05-23 10:51:04 | INFO |        4.405 ¦      380           1              0.010 
2025-05-23 10:51:04 | INFO |        4.415 ¦      381           1              0.010 
2025-05-23 10:51:04 | INFO |        4.425 ¦      382           1              0.010 
2025-05-23 10:51:04 | INFO |        4.435 ¦      383           1              0.010 
2025-05-23 10:51:04 | INFO |        4.445 ¦      384           1              0.010 
2025-05-23 10:51:04 | INFO |        4.455 ¦      385           1              0.010 
2025-05-23 10:51:04 | INFO |        4.465 ¦      386           1              0.010 
2025-05-23 10:51:04 | INFO |        4.475 ¦      387           1              0.010 
2025-05-23 10:51:04 | INFO |        4.485 ¦      388           1              0.010 
2025-05-23 10:51:04 | INFO |        4.495 ¦      389           1              0.010 
2025-05-23 10:51:04 | INFO |        4.505 ¦      390           1              0.010 
2025-05-23 10:51:04 | INFO |        4.515 ¦      391           1              0.010 
2025-05-23 10:51:04 | INFO |        4.525 ¦      392           1              0.010 
2025-05-23 10:51:04 | INFO |        4.535 ¦      393           1              0.010 
2025-05-23 10:51:04 | INFO |        4.545 ¦      394           1              0.010 
2025-05-23 10:51:04 | INFO |        4.555 ¦      395           1              0.010 
2025-05-23 10:51:04 | INFO |        4.565 ¦      396           1              0.010 
2025-05-23 10:51:04 | INFO |        4.575 ¦      397           1              0.010 
2025-05-23 10:51:04 | INFO |        4.585 ¦      398           1              0.010 
2025-05-23 10:51:04 | INFO |        4.595 ¦      399           1              0.010 
2025-05-23 10:51:04 | INFO |        4.605 ¦      400           1              0.010 
2025-05-23 10:51:04 | INFO |        4.615 ¦      401           1              0.010 
2025-05-23 10:51:04 | INFO |        4.625 ¦      402           1              0.010 
2025-05-23 10:51:04 | INFO |        4.635 ¦      403           1              0.010 
2025-05-23 10:51:04 | INFO |        4.645 ¦      404           1              0.010 
2025-05-23 10:51:04 | INFO |        4.655 ¦      405           1              0.010 
2025-05-23 10:51:04 | INFO |        4.665 ¦      406           1              0.010 
2025-05-23 10:51:04 | INFO |        4.675 ¦      407           1              0.010 
2025-05-23 10:51:04 | INFO |        4.685 ¦      408           1              0.010 
2025-05-23 10:51:04 | INFO |        4.695 ¦      409           1              0.010 
2025-05-23 10:51:04 | INFO |        4.705 ¦      410           1              0.010 
2025-05-23 10:51:04 | INFO |        4.715 ¦      411           1              0.010 
2025-05-23 10:51:04 | INFO |        4.725 ¦      412           1              0.010 
2025-05-23 10:51:04 | INFO |        4.735 ¦      413           1              0.010 
2025-05-23 10:51:04 | INFO |        4.745 ¦      414           1              0.010 
2025-05-23 10:51:04 | INFO |        4.755 ¦      415           1              0.010 
2025-05-23 10:51:04 | INFO |        4.765 ¦      416           1              0.010 
2025-05-23 10:51:04 | INFO |        4.775 ¦      417           1              0.010 
2025-05-23 10:51:04 | INFO |        4.785 ¦      418           1              0.010 
2025-05-23 10:51:04 | INFO |        4.795 ¦      419           1              0.010 
2025-05-23 10:51:04 | INFO |        4.805 ¦      420           1              0.010 
2025-05-23 10:51:04 | INFO |        4.815 ¦      421           1              0.010 
2025-05-23 10:51:04 | INFO |        4.825 ¦      422           1              0.010 
2025-05-23 10:51:04 | INFO |        4.835 ¦      423           1              0.010 
2025-05-23 10:51:04 | INFO |        4.845 ¦      424           1              0.010 
2025-05-23 10:51:04 | INFO |        4.855 ¦      425           1              0.010 
2025-05-23 10:51:04 | INFO |        4.865 ¦      426           1              0.010 
2025-05-23 10:51:04 | INFO |        4.875 ¦      427           1              0.010 
2025-05-23 10:51:04 | INFO |        4.885 ¦      428           1              0.010 
2025-05-23 10:51:04 | INFO |        4.895 ¦      429           1              0.010 
2025-05-23 10:51:04 | INFO |        4.905 ¦      430           1              0.010 
2025-05-23 10:51:04 | INFO |        4.915 ¦      431           1              0.010 
2025-05-23 10:51:04 | INFO |        4.925 ¦      432           1              0.010 
2025-05-23 10:51:04 | INFO |        4.935 ¦      433           1              0.010 
2025-05-23 10:51:04 | INFO |        4.945 ¦      434           1              0.010 
2025-05-23 10:51:04 | INFO |        4.955 ¦      435           1              0.010 
2025-05-23 10:51:04 | INFO |        4.965 ¦      436           1              0.010 
2025-05-23 10:51:04 | INFO |        4.975 ¦      437           1              0.010 
2025-05-23 10:51:04 | INFO |        4.985 ¦      438           1              0.010 
2025-05-23 10:51:04 | INFO |        4.995 ¦      439           1              0.010 
2025-05-23 10:51:04 | INFO |        5.005 ¦      440           1              0.010 
2025-05-23 10:51:04 | INFO |        5.015 ¦      441           1              0.010 
2025-05-23 10:51:04 | INFO |        5.025 ¦      442           1              0.010 
2025-05-23 10:51:04 | INFO |        5.035 ¦      443           1              0.010 
2025-05-23 10:51:04 | INFO |        5.045 ¦      444           1              0.010 
2025-05-23 10:51:04 | INFO |        5.055 ¦      445           1              0.010 
2025-05-23 10:51:04 | INFO |        5.065 ¦      446           1              0.010 
2025-05-23 10:51:04 | INFO |        5.075 ¦      447           1              0.010 
2025-05-23 10:51:04 | INFO |        5.085 ¦      448           1              0.010 
2025-05-23 10:51:04 | INFO |        5.095 ¦      449           1              0.010 
2025-05-23 10:51:04 | INFO |        5.105 ¦      450           1              0.010 
2025-05-23 10:51:04 | INFO |        5.115 ¦      451           1              0.010 
2025-05-23 10:51:04 | INFO |        5.125 ¦      452           1              0.010 
2025-05-23 10:51:04 | INFO |        5.135 ¦      453           1              0.010 
2025-05-23 10:51:04 | INFO |        5.145 ¦      454           1              0.010 
2025-05-23 10:51:04 | INFO |        5.155 ¦      455           1              0.010 
2025-05-23 10:51:04 | INFO |        5.165 ¦      456           1              0.010 
2025-05-23 10:51:04 | INFO |        5.175 ¦      457           1              0.010 
2025-05-23 10:51:04 | INFO |        5.185 ¦      458           1              0.010 
2025-05-23 10:51:04 | INFO |        5.195 ¦      459           1              0.010 
2025-05-23 10:51:04 | INFO |        5.205 ¦      460           1              0.010 
2025-05-23 10:51:04 | INFO |        5.215 ¦      461           1              0.010 
2025-05-23 10:51:04 | INFO |        5.225 ¦      462           1              0.010 
2025-05-23 10:51:04 | INFO |        5.235 ¦      463           1              0.010 
2025-05-23 10:51:04 | INFO |        5.245 ¦      464           1              0.010 
2025-05-23 10:51:04 | INFO |        5.255 ¦      465           1              0.010 
2025-05-23 10:51:04 | INFO |        5.265 ¦      466           1              0.010 
2025-05-23 10:51:04 | INFO |        5.275 ¦      467           1              0.010 
2025-05-23 10:51:04 | INFO |        5.285 ¦      468           1              0.010 
2025-05-23 10:51:04 | INFO |        5.295 ¦      469           1              0.010 
2025-05-23 10:51:04 | INFO |        5.305 ¦      470           1              0.010 
2025-05-23 10:51:04 | INFO |        5.315 ¦      471           1              0.010 
2025-05-23 10:51:04 | INFO |        5.325 ¦      472           1              0.010 
2025-05-23 10:51:04 | INFO |        5.335 ¦      473           1              0.010 
2025-05-23 10:51:04 | INFO |        5.345 ¦      474           1              0.010 
2025-05-23 10:51:04 | INFO |        5.355 ¦      475           1              0.010 
2025-05-23 10:51:04 | INFO |        5.365 ¦      476           1              0.010 
2025-05-23 10:51:04 | INFO |        5.375 ¦      477           1              0.010 
2025-05-23 10:51:04 | INFO |        5.385 ¦      478           1              0.010 
2025-05-23 10:51:04 | INFO |        5.395 ¦      479           1              0.010 
2025-05-23 10:51:04 | INFO |        5.405 ¦      480           1              0.010 
2025-05-23 10:51:04 | INFO |        5.415 ¦      481           1              0.010 
2025-05-23 10:51:04 | INFO |        5.425 ¦      482           1              0.010 
2025-05-23 10:51:04 | INFO |        5.435 ¦      483           1              0.010 
2025-05-23 10:51:04 | INFO |        5.445 ¦      484           1              0.010 
2025-05-23 10:51:04 | INFO |        5.455 ¦      485           1              0.010 
2025-05-23 10:51:04 | INFO |        5.465 ¦      486           1              0.010 
2025-05-23 10:51:04 | INFO |        5.475 ¦      487           1              0.010 
2025-05-23 10:51:04 | INFO |        5.485 ¦      488           1              0.010 
2025-05-23 10:51:04 | INFO |        5.495 ¦      489           1              0.010 
2025-05-23 10:51:04 | INFO |        5.505 ¦      490           1              0.010 
2025-05-23 10:51:04 | INFO |        5.515 ¦      491           1              0.010 
2025-05-23 10:51:04 | INFO |        5.525 ¦      492           1              0.010 
2025-05-23 10:51:04 | INFO |        5.535 ¦      493           1              0.010 
2025-05-23 10:51:04 | INFO |        5.545 ¦      494           1              0.010 
2025-05-23 10:51:04 | INFO |        5.555 ¦      495           1              0.010 
2025-05-23 10:51:04 | INFO |        5.565 ¦      496           1              0.010 
2025-05-23 10:51:04 | INFO |        5.575 ¦      497           1              0.010 
2025-05-23 10:51:04 | INFO |        5.585 ¦      498           1              0.010 
2025-05-23 10:51:04 | INFO |        5.595 ¦      499           1              0.010 
2025-05-23 10:51:04 | INFO |        5.605 ¦      500           1              0.010 
2025-05-23 10:51:04 | INFO |        5.615 ¦      501           1              0.010 
2025-05-23 10:51:04 | INFO |        5.625 ¦      502           1              0.010 
2025-05-23 10:51:04 | INFO |        5.635 ¦      503           1              0.010 
2025-05-23 10:51:04 | INFO |        5.645 ¦      504           1              0.010 
2025-05-23 10:51:04 | INFO |        5.655 ¦      505           1              0.010 
2025-05-23 10:51:04 | INFO |        5.665 ¦      506           1              0.010 
2025-05-23 10:51:04 | INFO |        5.675 ¦      507           1              0.010 
2025-05-23 10:51:04 | INFO |        5.685 ¦      508           1              0.010 
2025-05-23 10:51:04 | INFO |        5.695 ¦      509           1              0.010 
2025-05-23 10:51:04 | INFO |        5.705 ¦      510           1              0.010 
2025-05-23 10:51:04 | INFO |        5.715 ¦      511           1              0.010 
2025-05-23 10:51:04 | INFO |        5.725 ¦      512           1              0.010 
2025-05-23 10:51:04 | INFO |        5.735 ¦      513           1              0.010 
2025-05-23 10:51:04 | INFO |        5.745 ¦      514           1              0.010 
2025-05-23 10:51:04 | INFO |        5.755 ¦      515           1              0.010 
2025-05-23 10:51:04 | INFO |        5.765 ¦      516           1              0.010 
2025-05-23 10:51:04 | INFO |        5.775 ¦      517           1              0.010 
2025-05-23 10:51:04 | INFO |        5.785 ¦      518           1              0.010 
2025-05-23 10:51:04 | INFO |        5.795 ¦      519           1              0.010 
2025-05-23 10:51:04 | INFO |        5.805 ¦      520           1              0.010 
2025-05-23 10:51:04 | INFO |        5.815 ¦      521           1              0.010 
2025-05-23 10:51:04 | INFO |        5.825 ¦      522           1              0.010 
2025-05-23 10:51:04 | INFO |        5.835 ¦      523           1              0.010 
2025-05-23 10:51:04 | INFO |        5.845 ¦      524           1              0.010 
2025-05-23 10:51:04 | INFO |        5.855 ¦      525           1              0.010 
2025-05-23 10:51:04 | INFO |        5.865 ¦      526           1              0.010 
2025-05-23 10:51:04 | INFO |        5.875 ¦      527           1              0.010 
2025-05-23 10:51:04 | INFO |        5.885 ¦      528           1              0.010 
2025-05-23 10:51:04 | INFO |        5.895 ¦      529           1              0.010 
2025-05-23 10:51:04 | INFO |        5.905 ¦      530           1              0.010 
2025-05-23 10:51:04 | INFO |        5.915 ¦      531           1              0.010 
2025-05-23 10:51:04 | INFO |        5.925 ¦      532           1              0.010 
2025-05-23 10:51:04 | INFO |        5.935 ¦      533           1              0.010 
2025-05-23 10:51:04 | INFO |        5.945 ¦      534           1              0.010 
2025-05-23 10:51:04 | INFO |        5.955 ¦      535           1              0.010 
2025-05-23 10:51:04 | INFO |        5.965 ¦      536           1              0.010 
2025-05-23 10:51:04 | INFO |        5.975 ¦      537           1              0.010 
2025-05-23 10:51:04 | INFO |        5.985 ¦      538           1              0.010 
2025-05-23 10:51:04 | INFO |        5.995 ¦      539           1              0.010 
2025-05-23 10:51:04 | INFO |        6.005 ¦      540           1              0.010 
2025-05-23 10:51:04 | INFO |        6.015 ¦      541           1              0.010 
2025-05-23 10:51:04 | INFO |        6.025 ¦      542           1              0.010 
2025-05-23 10:51:04 | INFO |        6.035 ¦      543           1              0.010 
2025-05-23 10:51:04 | INFO |        6.045 ¦      544           1              0.010 
2025-05-23 10:51:04 | INFO |        6.055 ¦      545           1              0.010 
2025-05-23 10:51:04 | INFO |        6.065 ¦      546           1              0.010 
2025-05-23 10:51:04 | INFO |        6.075 ¦      547           1              0.010 
2025-05-23 10:51:04 | INFO |        6.085 ¦      548           1              0.010 
2025-05-23 10:51:04 | INFO |        6.095 ¦      549           1              0.010 
2025-05-23 10:51:04 | INFO |        6.105 ¦      550           1              0.010 
2025-05-23 10:51:04 | INFO |        6.115 ¦      551           1              0.010 
2025-05-23 10:51:04 | INFO |        6.125 ¦      552           1              0.010 
2025-05-23 10:51:04 | INFO |        6.135 ¦      553           1              0.010 
2025-05-23 10:51:04 | INFO |        6.145 ¦      554           1              0.010 
2025-05-23 10:51:04 | INFO |        6.155 ¦      555           1              0.010 
2025-05-23 10:51:04 | INFO |        6.165 ¦      556           1              0.010 
2025-05-23 10:51:04 | INFO |        6.175 ¦      557           1              0.010 
2025-05-23 10:51:04 | INFO |        6.185 ¦      558           1              0.010 
2025-05-23 10:51:04 | INFO |        6.195 ¦      559           1              0.010 
2025-05-23 10:51:04 | INFO |        6.205 ¦      560           1              0.010 
2025-05-23 10:51:04 | INFO |        6.215 ¦      561           1              0.010 
2025-05-23 10:51:04 | INFO |        6.225 ¦      562           1              0.010 
2025-05-23 10:51:04 | INFO |        6.235 ¦      563           1              0.010 
2025-05-23 10:51:04 | INFO |        6.245 ¦      564           1              0.010 
2025-05-23 10:51:04 | INFO |        6.255 ¦      565           1              0.010 
2025-05-23 10:51:04 | INFO |        6.265 ¦      566           1              0.010 
2025-05-23 10:51:04 | INFO |        6.275 ¦      567           1              0.010 
2025-05-23 10:51:04 | INFO |        6.285 ¦      568           1              0.010 
2025-05-23 10:51:04 | INFO |        6.295 ¦      569           1              0.010 
2025-05-23 10:51:04 | INFO |        6.305 ¦      570           1              0.010 
2025-05-23 10:51:04 | INFO |        6.315 ¦      571           1              0.010 
2025-05-23 10:51:04 | INFO |        6.325 ¦      572           1              0.010 
2025-05-23 10:51:04 | INFO |        6.335 ¦      573           1              0.010 
2025-05-23 10:51:04 | INFO |        6.345 ¦      574           1              0.010 
2025-05-23 10:51:04 | INFO |        6.355 ¦      575           1              0.010 
2025-05-23 10:51:04 | INFO |        6.365 ¦      576           1              0.010 
2025-05-23 10:51:04 | INFO |        6.375 ¦      577           1              0.010 
2025-05-23 10:51:04 | INFO |        6.385 ¦      578           1              0.010 
2025-05-23 10:51:04 | INFO |        6.395 ¦      579           1              0.010 
2025-05-23 10:51:04 | INFO |        6.405 ¦      580           1              0.010 
2025-05-23 10:51:04 | INFO |        6.415 ¦      581           1              0.010 
2025-05-23 10:51:04 | INFO |        6.425 ¦      582           1              0.010 
2025-05-23 10:51:04 | INFO |        6.435 ¦      583           1              0.010 
2025-05-23 10:51:04 | INFO |        6.445 ¦      584           1              0.010 
2025-05-23 10:51:04 | INFO |        6.455 ¦      585           1              0.010 
2025-05-23 10:51:04 | INFO |        6.465 ¦      586           1              0.010 
2025-05-23 10:51:04 | INFO |        6.475 ¦      587           1              0.010 
2025-05-23 10:51:04 | INFO |        6.485 ¦      588           1              0.010 
2025-05-23 10:51:04 | INFO |        6.495 ¦      589           1              0.010 
2025-05-23 10:51:04 | INFO |        6.505 ¦      590           1              0.010 
2025-05-23 10:51:04 | INFO |        6.515 ¦      591           1              0.010 
2025-05-23 10:51:04 | INFO |        6.525 ¦      592           1              0.010 
2025-05-23 10:51:04 | INFO |        6.535 ¦      593           1              0.010 
2025-05-23 10:51:04 | INFO |        6.545 ¦      594           1              0.010 
2025-05-23 10:51:04 | INFO |        6.555 ¦      595           1              0.010 
2025-05-23 10:51:04 | INFO |        6.565 ¦      596           1              0.010 
2025-05-23 10:51:04 | INFO |        6.575 ¦      597           1              0.010 
2025-05-23 10:51:04 | INFO |        6.585 ¦      598           1              0.010 
2025-05-23 10:51:04 | INFO |        6.595 ¦      599           1              0.010 
2025-05-23 10:51:04 | INFO |        6.605 ¦      600           1              0.010 
2025-05-23 10:51:04 | INFO |        6.615 ¦      601           1              0.010 
2025-05-23 10:51:04 | INFO |        6.625 ¦      602           1              0.010 
2025-05-23 10:51:04 | INFO |        6.635 ¦      603           1              0.010 
2025-05-23 10:51:04 | INFO |        6.645 ¦      604           1              0.010 
2025-05-23 10:51:04 | INFO |        6.655 ¦      605           1              0.010 
2025-05-23 10:51:04 | INFO |        6.665 ¦      606           1              0.010 
2025-05-23 10:51:04 | INFO |        6.675 ¦      607           1              0.010 
2025-05-23 10:51:04 | INFO |        6.685 ¦      608           1              0.010 
2025-05-23 10:51:04 | INFO |        6.695 ¦      609           1              0.010 
2025-05-23 10:51:04 | INFO |        6.705 ¦      610           1              0.010 
2025-05-23 10:51:04 | INFO |        6.715 ¦      611           1              0.010 
2025-05-23 10:51:04 | INFO |        6.725 ¦      612           1              0.010 
2025-05-23 10:51:04 | INFO |        6.735 ¦      613           1              0.010 
2025-05-23 10:51:04 | INFO |        6.745 ¦      614           1              0.010 
2025-05-23 10:51:04 | INFO |        6.755 ¦      615           1              0.010 
2025-05-23 10:51:04 | INFO |        6.765 ¦      616           1              0.010 
2025-05-23 10:51:04 | INFO |        6.775 ¦      617           1              0.010 
2025-05-23 10:51:04 | INFO |        6.785 ¦      618           1              0.010 
2025-05-23 10:51:04 | INFO |        6.795 ¦      619           1              0.010 
2025-05-23 10:51:04 | INFO |        6.805 ¦      620           1              0.010 
2025-05-23 10:51:04 | INFO |        6.815 ¦      621           1              0.010 
2025-05-23 10:51:04 | INFO |        6.825 ¦      622           1              0.010 
2025-05-23 10:51:04 | INFO |        6.835 ¦      623           1              0.010 
2025-05-23 10:51:04 | INFO |        6.845 ¦      624           1              0.010 
2025-05-23 10:51:04 | INFO |        6.855 ¦      625           1              0.010 
2025-05-23 10:51:04 | INFO |        6.865 ¦      626           1              0.010 
2025-05-23 10:51:04 | INFO |        6.875 ¦      627           1              0.010 
2025-05-23 10:51:04 | INFO |        6.885 ¦      628           1              0.010 
2025-05-23 10:51:04 | INFO |        6.895 ¦      629           1              0.010 
2025-05-23 10:51:04 | INFO |        6.905 ¦      630           1              0.010 
2025-05-23 10:51:04 | INFO |        6.915 ¦      631           1              0.010 
2025-05-23 10:51:04 | INFO |        6.925 ¦      632           1              0.010 
2025-05-23 10:51:04 | INFO |        6.935 ¦      633           1              0.010 
2025-05-23 10:51:04 | INFO |        6.945 ¦      634           1              0.010 
2025-05-23 10:51:04 | INFO |        6.955 ¦      635           1              0.010 
2025-05-23 10:51:04 | INFO |        6.965 ¦      636           1              0.010 
2025-05-23 10:51:04 | INFO |        6.975 ¦      637           1              0.010 
2025-05-23 10:51:04 | INFO |        6.985 ¦      638           1              0.010 
2025-05-23 10:51:04 | INFO |        6.995 ¦      639           1              0.010 
2025-05-23 10:51:04 | INFO |        7.005 ¦      640           1              0.010 
2025-05-23 10:51:04 | INFO |        7.015 ¦      641           1              0.010 
2025-05-23 10:51:04 | INFO |        7.025 ¦      642           1              0.010 
2025-05-23 10:51:04 | INFO |        7.035 ¦      643           1              0.010 
2025-05-23 10:51:04 | INFO |        7.045 ¦      644           1              0.010 
2025-05-23 10:51:04 | INFO |        7.055 ¦      645           1              0.010 
2025-05-23 10:51:04 | INFO |        7.065 ¦      646           1              0.010 
2025-05-23 10:51:04 | INFO |        7.075 ¦      647           1              0.010 
2025-05-23 10:51:04 | INFO |        7.085 ¦      648           1              0.010 
2025-05-23 10:51:04 | INFO |        7.095 ¦      649           1              0.010 
2025-05-23 10:51:04 | INFO |        7.105 ¦      650           1              0.010 
2025-05-23 10:51:04 | INFO |        7.115 ¦      651           1              0.010 
2025-05-23 10:51:04 | INFO |        7.125 ¦      652           1              0.010 
2025-05-23 10:51:04 | INFO |        7.135 ¦      653           1              0.010 
2025-05-23 10:51:04 | INFO |        7.145 ¦      654           1              0.010 
2025-05-23 10:51:04 | INFO |        7.155 ¦      655           1              0.010 
2025-05-23 10:51:04 | INFO |        7.165 ¦      656           1              0.010 
2025-05-23 10:51:04 | INFO |        7.175 ¦      657           1              0.010 
2025-05-23 10:51:04 | INFO |        7.185 ¦      658           1              0.010 
2025-05-23 10:51:04 | INFO |        7.195 ¦      659           1              0.010 
2025-05-23 10:51:04 | INFO |        7.205 ¦      660           1              0.010 
2025-05-23 10:51:04 | INFO |        7.215 ¦      661           1              0.010 
2025-05-23 10:51:04 | INFO |        7.225 ¦      662           1              0.010 
2025-05-23 10:51:04 | INFO |        7.235 ¦      663           1              0.010 
2025-05-23 10:51:04 | INFO |        7.245 ¦      664           1              0.010 
2025-05-23 10:51:04 | INFO |        7.255 ¦      665           1              0.010 
2025-05-23 10:51:04 | INFO |        7.265 ¦      666           1              0.010 
2025-05-23 10:51:04 | INFO |        7.275 ¦      667           1              0.010 
2025-05-23 10:51:04 | INFO |        7.285 ¦      668           1              0.010 
2025-05-23 10:51:04 | INFO |        7.295 ¦      669           1              0.010 
2025-05-23 10:51:04 | INFO |        7.305 ¦      670           1              0.010 
2025-05-23 10:51:04 | INFO |        7.315 ¦      671           1              0.010 
2025-05-23 10:51:04 | INFO |        7.325 ¦      672           1              0.010 
2025-05-23 10:51:04 | INFO |        7.335 ¦      673           1              0.010 
2025-05-23 10:51:04 | INFO |        7.345 ¦      674           1              0.010 
2025-05-23 10:51:04 | INFO |        7.355 ¦      675           1              0.010 
2025-05-23 10:51:04 | INFO |        7.365 ¦      676           1              0.010 
2025-05-23 10:51:04 | INFO |        7.375 ¦      677           1              0.010 
2025-05-23 10:51:04 | INFO |        7.385 ¦      678           1              0.010 
2025-05-23 10:51:04 | INFO |        7.395 ¦      679           1              0.010 
2025-05-23 10:51:04 | INFO |        7.405 ¦      680           1              0.010 
2025-05-23 10:51:04 | INFO |        7.415 ¦      681           1              0.010 
2025-05-23 10:51:04 | INFO |        7.425 ¦      682           1              0.010 
2025-05-23 10:51:04 | INFO |        7.435 ¦      683           1              0.010 
2025-05-23 10:51:04 | INFO |        7.445 ¦      684           1              0.010 
2025-05-23 10:51:04 | INFO |        7.455 ¦      685           1              0.010 
2025-05-23 10:51:04 | INFO |        7.465 ¦      686           1              0.010 
2025-05-23 10:51:04 | INFO |        7.475 ¦      687           1              0.010 
2025-05-23 10:51:04 | INFO |        7.485 ¦      688           1              0.010 
2025-05-23 10:51:04 | INFO |        7.495 ¦      689           1              0.010 
2025-05-23 10:51:04 | INFO |        7.505 ¦      690           1              0.010 
2025-05-23 10:51:04 | INFO |        7.515 ¦      691           1              0.010 
2025-05-23 10:51:04 | INFO |        7.525 ¦      692           1              0.010 
2025-05-23 10:51:04 | INFO |        7.535 ¦      693           1              0.010 
2025-05-23 10:51:04 | INFO |        7.545 ¦      694           1              0.010 
2025-05-23 10:51:04 | INFO |        7.555 ¦      695           1              0.010 
2025-05-23 10:51:04 | INFO |        7.565 ¦      696           1              0.010 
2025-05-23 10:51:04 | INFO |        7.575 ¦      697           1              0.010 
2025-05-23 10:51:04 | INFO |        7.585 ¦      698           1              0.010 
2025-05-23 10:51:04 | INFO |        7.595 ¦      699           1              0.010 
2025-05-23 10:51:04 | INFO |        7.605 ¦      700           1              0.010 
2025-05-23 10:51:04 | INFO |        7.615 ¦      701           1              0.010 
2025-05-23 10:51:04 | INFO |        7.625 ¦      702           1              0.010 
2025-05-23 10:51:04 | INFO |        7.635 ¦      703           1              0.010 
2025-05-23 10:51:04 | INFO |        7.645 ¦      704           1              0.010 
2025-05-23 10:51:04 | INFO |        7.655 ¦      705           1              0.010 
2025-05-23 10:51:04 | INFO |        7.665 ¦      706           1              0.010 
2025-05-23 10:51:04 | INFO |        7.675 ¦      707           1              0.010 
2025-05-23 10:51:04 | INFO |        7.685 ¦      708           1              0.010 
2025-05-23 10:51:04 | INFO |        7.695 ¦      709           1              0.010 
2025-05-23 10:51:04 | INFO |        7.705 ¦      710           1              0.010 
2025-05-23 10:51:04 | INFO |        7.715 ¦      711           1              0.010 
2025-05-23 10:51:04 | INFO |        7.725 ¦      712           1              0.010 
2025-05-23 10:51:04 | INFO |        7.735 ¦      713           1              0.010 
2025-05-23 10:51:04 | INFO |        7.745 ¦      714           1              0.010 
2025-05-23 10:51:04 | INFO |        7.755 ¦      715           1              0.010 
2025-05-23 10:51:04 | INFO |        7.765 ¦      716           1              0.010 
2025-05-23 10:51:04 | INFO |        7.775 ¦      717           1              0.010 
2025-05-23 10:51:04 | INFO |        7.785 ¦      718           1              0.010 
2025-05-23 10:51:04 | INFO |        7.795 ¦      719           1              0.010 
2025-05-23 10:51:04 | INFO |        7.805 ¦      720           1              0.010 
2025-05-23 10:51:04 | INFO |        7.815 ¦      721           1              0.010 
2025-05-23 10:51:04 | INFO |        7.825 ¦      722           1              0.010 
2025-05-23 10:51:04 | INFO |        7.835 ¦      723           1              0.010 
2025-05-23 10:51:04 | INFO |        7.845 ¦      724           1              0.010 
2025-05-23 10:51:04 | INFO |        7.855 ¦      725           1              0.010 
2025-05-23 10:51:04 | INFO |        7.865 ¦      726           1              0.010 
2025-05-23 10:51:04 | INFO |        7.875 ¦      727           1              0.010 
2025-05-23 10:51:04 | INFO |        7.885 ¦      728           1              0.010 
2025-05-23 10:51:04 | INFO |        7.895 ¦      729           1              0.010 
2025-05-23 10:51:04 | INFO |        7.905 ¦      730           1              0.010 
2025-05-23 10:51:04 | INFO |        7.915 ¦      731           1              0.010 
2025-05-23 10:51:04 | INFO |        7.925 ¦      732           1              0.010 
2025-05-23 10:51:04 | INFO |        7.935 ¦      733           1              0.010 
2025-05-23 10:51:04 | INFO |        7.945 ¦      734           1              0.010 
2025-05-23 10:51:04 | INFO |        7.955 ¦      735           1              0.010 
2025-05-23 10:51:04 | INFO |        7.965 ¦      736           1              0.010 
2025-05-23 10:51:04 | INFO |        7.975 ¦      737           1              0.010 
2025-05-23 10:51:04 | INFO |        7.985 ¦      738           1              0.010 
2025-05-23 10:51:04 | INFO |        7.995 ¦      739           1              0.010 
2025-05-23 10:51:04 | INFO |        8.005 ¦      740           1              0.010 
2025-05-23 10:51:04 | INFO |        8.015 ¦      741           1              0.010 
2025-05-23 10:51:04 | INFO |        8.025 ¦      742           1              0.010 
2025-05-23 10:51:04 | INFO |        8.035 ¦      743           1              0.010 
2025-05-23 10:51:04 | INFO |        8.045 ¦      744           1              0.010 
2025-05-23 10:51:04 | INFO |        8.055 ¦      745           1              0.010 
2025-05-23 10:51:04 | INFO |        8.065 ¦      746           1              0.010 
2025-05-23 10:51:04 | INFO |        8.075 ¦      747           1              0.010 
2025-05-23 10:51:04 | INFO |        8.085 ¦      748           1              0.010 
2025-05-23 10:51:04 | INFO |        8.095 ¦      749           1              0.010 
2025-05-23 10:51:04 | INFO |        8.105 ¦      750           1              0.010 
2025-05-23 10:51:04 | INFO |        8.115 ¦      751           1              0.010 
2025-05-23 10:51:04 | INFO |        8.125 ¦      752           1              0.010 
2025-05-23 10:51:04 | INFO |        8.135 ¦      753           1              0.010 
2025-05-23 10:51:04 | INFO |        8.145 ¦      754           1              0.010 
2025-05-23 10:51:04 | INFO |        8.155 ¦      755           1              0.010 
2025-05-23 10:51:04 | INFO |        8.165 ¦      756           1              0.010 
2025-05-23 10:51:04 | INFO |        8.175 ¦      757           1              0.010 
2025-05-23 10:51:04 | INFO |        8.185 ¦      758           1              0.010 
2025-05-23 10:51:04 | INFO |        8.195 ¦      759           1              0.010 
2025-05-23 10:51:04 | INFO |        8.205 ¦      760           1              0.010 
2025-05-23 10:51:04 | INFO |        8.215 ¦      761           1              0.010 
2025-05-23 10:51:04 | INFO |        8.225 ¦      762           1              0.010 
2025-05-23 10:51:04 | INFO |        8.235 ¦      763           1              0.010 
2025-05-23 10:51:04 | INFO |        8.245 ¦      764           1              0.010 
2025-05-23 10:51:04 | INFO |        8.255 ¦      765           1              0.010 
2025-05-23 10:51:04 | INFO |        8.265 ¦      766           1              0.010 
2025-05-23 10:51:04 | INFO |        8.275 ¦      767           1              0.010 
2025-05-23 10:51:04 | INFO |        8.285 ¦      768           1              0.010 
2025-05-23 10:51:04 | INFO |        8.295 ¦      769           1              0.010 
2025-05-23 10:51:04 | INFO |        8.305 ¦      770           1              0.010 
2025-05-23 10:51:04 | INFO |        8.315 ¦      771           1              0.010 
2025-05-23 10:51:04 | INFO |        8.325 ¦      772           1              0.010 
2025-05-23 10:51:04 | INFO |        8.335 ¦      773           1              0.010 
2025-05-23 10:51:04 | INFO |        8.345 ¦      774           1              0.010 
2025-05-23 10:51:04 | INFO |        8.355 ¦      775           1              0.010 
2025-05-23 10:51:04 | INFO |        8.365 ¦      776           1              0.010 
2025-05-23 10:51:04 | INFO |        8.375 ¦      777           1              0.010 
2025-05-23 10:51:04 | INFO |        8.385 ¦      778           1              0.010 
2025-05-23 10:51:04 | INFO |        8.395 ¦      779           1              0.010 
2025-05-23 10:51:04 | INFO |        8.405 ¦      780           1              0.010 
2025-05-23 10:51:04 | INFO |        8.415 ¦      781           1              0.010 
2025-05-23 10:51:04 | INFO |        8.425 ¦      782           1              0.010 
2025-05-23 10:51:04 | INFO |        8.435 ¦      783           1              0.010 
2025-05-23 10:51:04 | INFO |        8.445 ¦      784           1              0.010 
2025-05-23 10:51:04 | INFO |        8.455 ¦      785           1              0.010 
2025-05-23 10:51:04 | INFO |        8.465 ¦      786           1              0.010 
2025-05-23 10:51:04 | INFO |        8.475 ¦      787           1              0.010 
2025-05-23 10:51:04 | INFO |        8.485 ¦      788           1              0.010 
2025-05-23 10:51:04 | INFO |        8.495 ¦      789           1              0.010 
2025-05-23 10:51:04 | INFO |        8.505 ¦      790           1              0.010 
2025-05-23 10:51:04 | INFO |        8.515 ¦      791           1              0.010 
2025-05-23 10:51:04 | INFO |        8.525 ¦      792           1              0.010 
2025-05-23 10:51:04 | INFO |        8.535 ¦      793           1              0.010 
2025-05-23 10:51:04 | INFO |        8.545 ¦      794           1              0.010 
2025-05-23 10:51:04 | INFO |        8.555 ¦      795           1              0.010 
2025-05-23 10:51:04 | INFO |        8.565 ¦      796           1              0.010 
2025-05-23 10:51:04 | INFO |        8.575 ¦      797           1              0.010 
2025-05-23 10:51:04 | INFO |        8.585 ¦      798           1              0.010 
2025-05-23 10:51:04 | INFO |        8.595 ¦      799           1              0.010 
2025-05-23 10:51:04 | INFO |        8.605 ¦      800           1              0.010 
2025-05-23 10:51:04 | INFO |        8.615 ¦      801           1              0.010 
2025-05-23 10:51:04 | INFO |        8.625 ¦      802           1              0.010 
2025-05-23 10:51:04 | INFO |        8.635 ¦      803           1              0.010 
2025-05-23 10:51:04 | INFO |        8.645 ¦      804           1              0.010 
2025-05-23 10:51:04 | INFO |        8.655 ¦      805           1              0.010 
2025-05-23 10:51:04 | INFO |        8.665 ¦      806           1              0.010 
2025-05-23 10:51:04 | INFO |        8.675 ¦      807           1              0.010 
2025-05-23 10:51:04 | INFO |        8.685 ¦      808           1              0.010 
2025-05-23 10:51:04 | INFO |        8.695 ¦      809           1              0.010 
2025-05-23 10:51:04 | INFO |        8.705 ¦      810           1              0.010 
2025-05-23 10:51:04 | INFO |        8.715 ¦      811           1              0.010 
2025-05-23 10:51:04 | INFO |        8.725 ¦      812           1              0.010 
2025-05-23 10:51:04 | INFO |        8.735 ¦      813           1              0.010 
2025-05-23 10:51:04 | INFO |        8.745 ¦      814           1              0.010 
2025-05-23 10:51:04 | INFO |        8.755 ¦      815           1              0.010 
2025-05-23 10:51:04 | INFO |        8.765 ¦      816           1              0.010 
2025-05-23 10:51:04 | INFO |        8.775 ¦      817           1              0.010 
2025-05-23 10:51:04 | INFO |        8.785 ¦      818           1              0.010 
2025-05-23 10:51:04 | INFO |        8.795 ¦      819           1              0.010 
2025-05-23 10:51:04 | INFO |        8.805 ¦      820           1              0.010 
2025-05-23 10:51:04 | INFO |        8.815 ¦      821           1              0.010 
2025-05-23 10:51:04 | INFO |        8.825 ¦      822           1              0.010 
2025-05-23 10:51:04 | INFO |        8.835 ¦      823           1              0.010 
2025-05-23 10:51:04 | INFO |        8.845 ¦      824           1              0.010 
2025-05-23 10:51:04 | INFO |        8.855 ¦      825           1              0.010 
2025-05-23 10:51:04 | INFO |        8.865 ¦      826           1              0.010 
2025-05-23 10:51:04 | INFO |        8.875 ¦      827           1              0.010 
2025-05-23 10:51:04 | INFO |        8.885 ¦      828           1              0.010 
2025-05-23 10:51:04 | INFO |        8.895 ¦      829           1              0.010 
2025-05-23 10:51:04 | INFO |        8.905 ¦      830           1              0.010 
2025-05-23 10:51:04 | INFO |        8.915 ¦      831           1              0.010 
2025-05-23 10:51:04 | INFO |        8.925 ¦      832           1              0.010 
2025-05-23 10:51:04 | INFO |        8.935 ¦      833           1              0.010 
2025-05-23 10:51:04 | INFO |        8.945 ¦      834           1              0.010 
2025-05-23 10:51:04 | INFO |        8.955 ¦      835           1              0.010 
2025-05-23 10:51:04 | INFO |        8.965 ¦      836           1              0.010 
2025-05-23 10:51:04 | INFO |        8.975 ¦      837           1              0.010 
2025-05-23 10:51:04 | INFO |        8.985 ¦      838           1              0.010 
2025-05-23 10:51:04 | INFO |        8.995 ¦      839           1              0.010 
2025-05-23 10:51:04 | INFO |        9.005 ¦      840           1              0.010 
2025-05-23 10:51:04 | INFO |        9.015 ¦      841           1              0.010 
2025-05-23 10:51:04 | INFO |        9.025 ¦      842           1              0.010 
2025-05-23 10:51:04 | INFO |        9.035 ¦      843           1              0.010 
2025-05-23 10:51:04 | INFO |        9.045 ¦      844           1              0.010 
2025-05-23 10:51:04 | INFO |        9.055 ¦      845           1              0.010 
2025-05-23 10:51:04 | INFO |        9.065 ¦      846           1              0.010 
2025-05-23 10:51:04 | INFO |        9.075 ¦      847           1              0.010 
2025-05-23 10:51:04 | INFO |        9.085 ¦      848           1              0.010 
2025-05-23 10:51:04 | INFO |        9.095 ¦      849           1              0.010 
2025-05-23 10:51:04 | INFO |        9.105 ¦      850           1              0.010 
2025-05-23 10:51:04 | INFO |        9.115 ¦      851           1              0.010 
2025-05-23 10:51:04 | INFO |        9.125 ¦      852           1              0.010 
2025-05-23 10:51:04 | INFO |        9.135 ¦      853           1              0.010 
2025-05-23 10:51:04 | INFO |        9.145 ¦      854           1              0.010 
2025-05-23 10:51:04 | INFO |        9.155 ¦      855           1              0.010 
2025-05-23 10:51:04 | INFO |        9.165 ¦      856           1              0.010 
2025-05-23 10:51:04 | INFO |        9.175 ¦      857           1              0.010 
2025-05-23 10:51:04 | INFO |        9.185 ¦      858           1              0.010 
2025-05-23 10:51:04 | INFO |        9.195 ¦      859           1              0.010 
2025-05-23 10:51:04 | INFO |        9.205 ¦      860           1              0.010 
2025-05-23 10:51:04 | INFO |        9.215 ¦      861           1              0.010 
2025-05-23 10:51:04 | INFO |        9.225 ¦      862           1              0.010 
2025-05-23 10:51:04 | INFO |        9.235 ¦      863           1              0.010 
2025-05-23 10:51:04 | INFO |        9.245 ¦      864           1              0.010 
2025-05-23 10:51:04 | INFO |        9.255 ¦      865           1              0.010 
2025-05-23 10:51:04 | INFO |        9.265 ¦      866           1              0.010 
2025-05-23 10:51:04 | INFO |        9.275 ¦      867           1              0.010 
2025-05-23 10:51:04 | INFO |        9.285 ¦      868           1              0.010 
2025-05-23 10:51:04 | INFO |        9.295 ¦      869           1              0.010 
2025-05-23 10:51:04 | INFO |        9.305 ¦      870           1              0.010 
2025-05-23 10:51:04 | INFO |        9.315 ¦      871           1              0.010 
2025-05-23 10:51:04 | INFO |        9.325 ¦      872           1              0.010 
2025-05-23 10:51:04 | INFO |        9.335 ¦      873           1              0.010 
2025-05-23 10:51:04 | INFO |        9.345 ¦      874           1              0.010 
2025-05-23 10:51:04 | INFO |        9.355 ¦      875           1              0.010 
2025-05-23 10:51:04 | INFO |        9.365 ¦      876           1              0.010 
2025-05-23 10:51:04 | INFO |        9.375 ¦      877           1              0.010 
2025-05-23 10:51:04 | INFO |        9.385 ¦      878           1              0.010 
2025-05-23 10:51:04 | INFO |        9.395 ¦      879           1              0.010 
2025-05-23 10:51:04 | INFO |        9.405 ¦      880           1              0.010 
2025-05-23 10:51:04 | INFO |        9.415 ¦      881           1              0.010 
2025-05-23 10:51:04 | INFO |        9.425 ¦      882           1              0.010 
2025-05-23 10:51:04 | INFO |        9.435 ¦      883           1              0.010 
2025-05-23 10:51:04 | INFO |        9.445 ¦      884           1              0.010 
2025-05-23 10:51:04 | INFO |        9.455 ¦      885           1              0.010 
2025-05-23 10:51:04 | INFO |        9.465 ¦      886           1              0.010 
2025-05-23 10:51:04 | INFO |        9.475 ¦      887           1              0.010 
2025-05-23 10:51:04 | INFO |        9.485 ¦      888           1              0.010 
2025-05-23 10:51:04 | INFO |        9.495 ¦      889           1              0.010 
2025-05-23 10:51:04 | INFO |        9.505 ¦      890           1              0.010 
2025-05-23 10:51:04 | INFO |        9.515 ¦      891           1              0.010 
2025-05-23 10:51:04 | INFO |        9.525 ¦      892           1              0.010 
2025-05-23 10:51:04 | INFO |        9.535 ¦      893           1              0.010 
2025-05-23 10:51:04 | INFO |        9.545 ¦      894           1              0.010 
2025-05-23 10:51:04 | INFO |        9.555 ¦      895           1              0.010 
2025-05-23 10:51:04 | INFO |        9.565 ¦      896           1              0.010 
2025-05-23 10:51:04 | INFO |        9.575 ¦      897           1              0.010 
2025-05-23 10:51:04 | INFO |        9.585 ¦      898           1              0.010 
2025-05-23 10:51:04 | INFO |        9.595 ¦      899           1              0.010 
2025-05-23 10:51:04 | INFO |        9.605 ¦      900           1              0.010 
2025-05-23 10:51:04 | INFO |        9.615 ¦      901           1              0.010 
2025-05-23 10:51:04 | INFO |        9.625 ¦      902           1              0.010 
2025-05-23 10:51:04 | INFO |        9.635 ¦      903           1              0.010 
2025-05-23 10:51:04 | INFO |        9.645 ¦      904           1              0.010 
2025-05-23 10:51:04 | INFO |        9.655 ¦      905           1              0.010 
2025-05-23 10:51:04 | INFO |        9.665 ¦      906           1              0.010 
2025-05-23 10:51:04 | INFO |        9.675 ¦      907           1              0.010 
2025-05-23 10:51:04 | INFO |        9.685 ¦      908           1              0.010 
2025-05-23 10:51:04 | INFO |        9.695 ¦      909           1              0.010 
2025-05-23 10:51:04 | INFO |        9.705 ¦      910           1              0.010 
2025-05-23 10:51:04 | INFO |        9.715 ¦      911           1              0.010 
2025-05-23 10:51:04 | INFO |        9.725 ¦      912           1              0.010 
2025-05-23 10:51:04 | INFO |        9.735 ¦      913           1              0.010 
2025-05-23 10:51:04 | INFO |        9.745 ¦      914           1              0.010 
2025-05-23 10:51:04 | INFO |        9.755 ¦      915           1              0.010 
2025-05-23 10:51:04 | INFO |        9.765 ¦      916           1              0.010 
2025-05-23 10:51:04 | INFO |        9.775 ¦      917           1              0.010 
2025-05-23 10:51:04 | INFO |        9.785 ¦      918           1              0.010 
2025-05-23 10:51:04 | INFO |        9.795 ¦      919           1              0.010 
2025-05-23 10:51:04 | INFO |        9.805 ¦      920           1              0.010 
2025-05-23 10:51:04 | INFO |        9.815 ¦      921           1              0.010 
2025-05-23 10:51:04 | INFO |        9.825 ¦      922           1              0.010 
2025-05-23 10:51:04 | INFO |        9.835 ¦      923           1              0.010 
2025-05-23 10:51:04 | INFO |        9.845 ¦      924           1              0.010 
2025-05-23 10:51:04 | INFO |        9.855 ¦      925           1              0.010 
2025-05-23 10:51:04 | INFO |        9.865 ¦      926           1              0.010 
2025-05-23 10:51:04 | INFO |        9.875 ¦      927           1              0.010 
2025-05-23 10:51:04 | INFO |        9.885 ¦      928           1              0.010 
2025-05-23 10:51:04 | INFO |        9.895 ¦      929           1              0.010 
2025-05-23 10:51:04 | INFO |        9.905 ¦      930           1              0.010 
2025-05-23 10:51:04 | INFO |        9.915 ¦      931           1              0.010 
2025-05-23 10:51:04 | INFO |        9.925 ¦      932           1              0.010 
2025-05-23 10:51:04 | INFO |        9.935 ¦      933           1              0.010 
2025-05-23 10:51:04 | INFO |        9.945 ¦      934           1              0.010 
2025-05-23 10:51:04 | INFO |        9.955 ¦      935           1              0.010 
2025-05-23 10:51:04 | INFO |        9.965 ¦      936           1              0.010 
2025-05-23 10:51:04 | INFO |        9.975 ¦      937           1              0.010 
2025-05-23 10:51:04 | INFO |        9.985 ¦      938           1              0.010 
2025-05-23 10:51:04 | INFO |        9.995 ¦      939           1              0.010 
2025-05-23 10:51:04 | INFO |       10.005 ¦      940           1              0.010 
2025-05-23 10:51:04 | INFO |       10.015 ¦      941           1              0.010 
2025-05-23 10:51:04 | INFO |       10.025 ¦      942           1              0.010 
2025-05-23 10:51:04 | INFO |       10.035 ¦      943           1              0.010 
2025-05-23 10:51:04 | INFO |       10.045 ¦      944           1              0.010 
2025-05-23 10:51:04 | INFO |       10.055 ¦      945           1              0.010 
2025-05-23 10:51:04 | INFO |       10.065 ¦      946           1              0.010 
2025-05-23 10:51:04 | INFO |       10.075 ¦      947           1              0.010 
2025-05-23 10:51:04 | INFO |       10.085 ¦      948           1              0.010 
2025-05-23 10:51:04 | INFO |       10.095 ¦      949           1              0.010 
2025-05-23 10:51:04 | INFO |       10.105 ¦      950           1              0.010 
2025-05-23 10:51:04 | INFO |       10.115 ¦      951           1              0.010 
2025-05-23 10:51:04 | INFO |       10.125 ¦      952           1              0.010 
2025-05-23 10:51:04 | INFO |       10.135 ¦      953           1              0.010 
2025-05-23 10:51:04 | INFO |       10.145 ¦      954           1              0.010 
2025-05-23 10:51:04 | INFO |       10.155 ¦      955           1              0.010 
2025-05-23 10:51:04 | INFO |       10.165 ¦      956           1              0.010 
2025-05-23 10:51:04 | INFO |       10.175 ¦      957           1              0.010 
2025-05-23 10:51:04 | INFO |       10.185 ¦      958           1              0.010 
2025-05-23 10:51:04 | INFO |       10.195 ¦      959           1              0.010 
2025-05-23 10:51:04 | INFO |       10.205 ¦      960           1              0.010 
2025-05-23 10:51:04 | INFO |       10.215 ¦      961           1              0.010 
2025-05-23 10:51:04 | INFO |       10.225 ¦      962           1              0.010 
2025-05-23 10:51:04 | INFO |       10.235 ¦      963           1              0.010 
2025-05-23 10:51:04 | INFO |       10.245 ¦      964           1              0.010 
2025-05-23 10:51:04 | INFO |       10.255 ¦      965           1              0.010 
2025-05-23 10:51:04 | INFO |       10.265 ¦      966           1              0.010 
2025-05-23 10:51:04 | INFO |       10.275 ¦      967           1              0.010 
2025-05-23 10:51:04 | INFO |       10.285 ¦      968           1              0.010 
2025-05-23 10:51:04 | INFO |       10.295 ¦      969           1              0.010 
2025-05-23 10:51:04 | INFO |       10.305 ¦      970           1              0.010 
2025-05-23 10:51:04 | INFO |       10.315 ¦      971           1              0.010 
2025-05-23 10:51:04 | INFO |       10.325 ¦      972           1              0.010 
2025-05-23 10:51:04 | INFO |       10.335 ¦      973           1              0.010 
2025-05-23 10:51:04 | INFO |       10.345 ¦      974           1              0.010 
2025-05-23 10:51:04 | INFO |       10.355 ¦      975           1              0.010 
2025-05-23 10:51:04 | INFO |       10.365 ¦      976           1              0.010 
2025-05-23 10:51:04 | INFO |       10.375 ¦      977           1              0.010 
2025-05-23 10:51:04 | INFO |       10.385 ¦      978           1              0.010 
2025-05-23 10:51:04 | INFO |       10.395 ¦      979           1              0.010 
2025-05-23 10:51:04 | INFO |       10.405 ¦      980           1              0.010 
2025-05-23 10:51:04 | INFO |       10.415 ¦      981           1              0.010 
2025-05-23 10:51:04 | INFO |       10.425 ¦      982           1              0.010 
2025-05-23 10:51:04 | INFO |       10.435 ¦      983           1              0.010 
2025-05-23 10:51:04 | INFO |       10.445 ¦      984           1              0.010 
2025-05-23 10:51:04 | INFO |       10.455 ¦      985           1              0.010 
2025-05-23 10:51:04 | INFO |       10.465 ¦      986           1              0.010 
2025-05-23 10:51:04 | INFO |       10.475 ¦      987           1              0.010 
2025-05-23 10:51:04 | INFO |       10.485 ¦      988           1              0.010 
2025-05-23 10:51:04 | INFO |       10.495 ¦      989           1              0.010 
2025-05-23 10:51:04 | INFO |       10.505 ¦      990           1              0.010 
2025-05-23 10:51:04 | INFO |       10.515 ¦      991           1              0.010 
2025-05-23 10:51:04 | INFO |       10.525 ¦      992           1              0.010 
2025-05-23 10:51:04 | INFO |       10.535 ¦      993           1              0.010 
2025-05-23 10:51:04 | INFO |       10.545 ¦      994           1              0.010 
2025-05-23 10:51:04 | INFO |       10.555 ¦      995           1              0.010 
2025-05-23 10:51:04 | INFO |       10.565 ¦      996           1              0.010 
2025-05-23 10:51:04 | INFO |       10.575 ¦      997           1              0.010 
2025-05-23 10:51:04 | INFO |       10.585 ¦      998           1              0.010 
2025-05-23 10:51:04 | INFO |       10.595 ¦      999           1              0.010 
2025-05-23 10:51:04 | INFO |       10.605 ¦     1000           1              0.010 
2025-05-23 10:51:04 | INFO |       10.615 ¦     1001           1              0.010 
2025-05-23 10:51:04 | INFO |       10.625 ¦     1002           1              0.010 
2025-05-23 10:51:04 | INFO |       10.635 ¦     1003           1              0.010 
2025-05-23 10:51:04 | INFO |       10.645 ¦     1004           1              0.010 
2025-05-23 10:51:04 | INFO |       10.655 ¦     1005           1              0.010 
2025-05-23 10:51:04 | INFO |       10.665 ¦     1006           1              0.010 
2025-05-23 10:51:04 | INFO |       10.675 ¦     1007           1              0.010 
2025-05-23 10:51:04 | INFO |       10.685 ¦     1008           1              0.010 
2025-05-23 10:51:04 | INFO |       10.695 ¦     1009           1              0.010 
2025-05-23 10:51:04 | INFO |       10.705 ¦     1010           1              0.010 
2025-05-23 10:51:04 | INFO |       10.715 ¦     1011           1              0.010 
2025-05-23 10:51:04 | INFO |       10.725 ¦     1012           1              0.010 
2025-05-23 10:51:04 | INFO |       10.735 ¦     1013           1              0.010 
2025-05-23 10:51:04 | INFO |       10.745 ¦     1014           1              0.010 
2025-05-23 10:51:04 | INFO |       10.755 ¦     1015           1              0.010 
2025-05-23 10:51:04 | INFO |       10.765 ¦     1016           1              0.010 
2025-05-23 10:51:04 | INFO |       10.775 ¦     1017           1              0.010 
2025-05-23 10:51:04 | INFO |       10.785 ¦     1018           1              0.010 
2025-05-23 10:51:04 | INFO |       10.795 ¦     1019           1              0.010 
2025-05-23 10:51:04 | INFO |       10.805 ¦     1020           1              0.010 
2025-05-23 10:51:04 | INFO |       10.815 ¦     1021           1              0.010 
2025-05-23 10:51:04 | INFO |       10.825 ¦     1022           1              0.010 
2025-05-23 10:51:04 | INFO |       10.835 ¦     1023           1              0.010 
2025-05-23 10:51:04 | INFO |       10.845 ¦     1024           1              0.010 
2025-05-23 10:51:04 | INFO |       10.855 ¦     1025           1              0.010 
2025-05-23 10:51:04 | INFO |       10.865 ¦     1026           1              0.010 
2025-05-23 10:51:04 | INFO |       10.875 ¦     1027           1              0.010 
2025-05-23 10:51:04 | INFO |       10.885 ¦     1028           1              0.010 
2025-05-23 10:51:04 | INFO |       10.895 ¦     1029           1              0.010 
2025-05-23 10:51:04 | INFO |       10.905 ¦     1030           1              0.010 
2025-05-23 10:51:04 | INFO |       10.915 ¦     1031           1              0.010 
2025-05-23 10:51:04 | INFO |       10.925 ¦     1032           1              0.010 
2025-05-23 10:51:04 | INFO |       10.935 ¦     1033           1              0.010 
2025-05-23 10:51:04 | INFO |       10.945 ¦     1034           1              0.010 
2025-05-23 10:51:04 | INFO |       10.955 ¦     1035           1              0.010 
2025-05-23 10:51:04 | INFO |       10.965 ¦     1036           1              0.010 
2025-05-23 10:51:04 | INFO |       10.975 ¦     1037           1              0.010 
2025-05-23 10:51:04 | INFO |       10.985 ¦     1038           1              0.010 
2025-05-23 10:51:04 | INFO |       10.995 ¦     1039           1              0.010 
2025-05-23 10:51:04 | INFO |       11.005 ¦     1040           1              0.010 
2025-05-23 10:51:04 | INFO |       11.015 ¦     1041           1              0.010 
2025-05-23 10:51:04 | INFO |       11.025 ¦     1042           1              0.010 
2025-05-23 10:51:04 | INFO |       11.035 ¦     1043           1              0.010 
2025-05-23 10:51:04 | INFO |       11.045 ¦     1044           1              0.010 
2025-05-23 10:51:04 | INFO |       11.055 ¦     1045           1              0.010 
2025-05-23 10:51:04 | INFO |       11.065 ¦     1046           1              0.010 
2025-05-23 10:51:04 | INFO |       11.075 ¦     1047           1              0.010 
2025-05-23 10:51:04 | INFO |       11.085 ¦     1048           1              0.010 
2025-05-23 10:51:04 | INFO |       11.095 ¦     1049           1              0.010 
2025-05-23 10:51:04 | INFO |       11.105 ¦     1050           1              0.010 
2025-05-23 10:51:04 | INFO |       11.115 ¦     1051           1              0.010 
2025-05-23 10:51:04 | INFO |       11.125 ¦     1052           1              0.010 
2025-05-23 10:51:04 | INFO |       11.135 ¦     1053           1              0.010 
2025-05-23 10:51:04 | INFO |       11.145 ¦     1054           1              0.010 
2025-05-23 10:51:04 | INFO |       11.155 ¦     1055           1              0.010 
2025-05-23 10:51:04 | INFO |       11.165 ¦     1056           1              0.010 
2025-05-23 10:51:04 | INFO |       11.175 ¦     1057           1              0.010 
2025-05-23 10:51:04 | INFO |       11.185 ¦     1058           1              0.010 
2025-05-23 10:51:04 | INFO |       11.195 ¦     1059           1              0.010 
2025-05-23 10:51:04 | INFO |       11.205 ¦     1060           1              0.010 
2025-05-23 10:51:04 | INFO |       11.215 ¦     1061           1              0.010 
2025-05-23 10:51:04 | INFO |       11.225 ¦     1062           1              0.010 
2025-05-23 10:51:04 | INFO |       11.235 ¦     1063           1              0.010 
2025-05-23 10:51:04 | INFO |       11.245 ¦     1064           1              0.010 
2025-05-23 10:51:04 | INFO |       11.255 ¦     1065           1              0.010 
2025-05-23 10:51:04 | INFO |       11.265 ¦     1066           1              0.010 
2025-05-23 10:51:04 | INFO |       11.275 ¦     1067           1              0.010 
2025-05-23 10:51:04 | INFO |       11.285 ¦     1068           1              0.010 
2025-05-23 10:51:04 | INFO |       11.295 ¦     1069           1              0.010 
2025-05-23 10:51:04 | INFO |       11.305 ¦     1070           1              0.010 
2025-05-23 10:51:04 | INFO |       11.315 ¦     1071           1              0.010 
2025-05-23 10:51:04 | INFO |       11.325 ¦     1072           1              0.010 
2025-05-23 10:51:04 | INFO |       11.335 ¦     1073           1              0.010 
2025-05-23 10:51:04 | INFO |       11.345 ¦     1074           1              0.010 
2025-05-23 10:51:04 | INFO |       11.355 ¦     1075           1              0.010 
2025-05-23 10:51:04 | INFO |       11.365 ¦     1076           1              0.010 
2025-05-23 10:51:04 | INFO |       11.375 ¦     1077           1              0.010 
2025-05-23 10:51:04 | INFO |       11.385 ¦     1078           1              0.010 
2025-05-23 10:51:04 | INFO |       11.395 ¦     1079           1              0.010 
2025-05-23 10:51:04 | INFO |       11.405 ¦     1080           1              0.010 
2025-05-23 10:51:04 | INFO |       11.415 ¦     1081           1              0.010 
2025-05-23 10:51:04 | INFO |       11.425 ¦     1082           1              0.010 
2025-05-23 10:51:04 | INFO |       11.435 ¦     1083           1              0.010 
2025-05-23 10:51:04 | INFO |       11.445 ¦     1084           1              0.010 
2025-05-23 10:51:04 | INFO |       11.455 ¦     1085           1              0.010 
2025-05-23 10:51:04 | INFO |       11.465 ¦     1086           1              0.010 
2025-05-23 10:51:04 | INFO |       11.475 ¦     1087           1              0.010 
2025-05-23 10:51:04 | INFO |       11.485 ¦     1088           1              0.010 
2025-05-23 10:51:04 | INFO |       11.495 ¦     1089           1              0.010 
2025-05-23 10:51:04 | INFO |       11.505 ¦     1090           1              0.010 
2025-05-23 10:51:04 | INFO |       11.515 ¦     1091           1              0.010 
2025-05-23 10:51:04 | INFO |       11.525 ¦     1092           1              0.010 
2025-05-23 10:51:04 | INFO |       11.535 ¦     1093           1              0.010 
2025-05-23 10:51:04 | INFO |       11.545 ¦     1094           1              0.010 
2025-05-23 10:51:04 | INFO |       11.555 ¦     1095           1              0.010 
2025-05-23 10:51:04 | INFO |       11.565 ¦     1096           1              0.010 
2025-05-23 10:51:04 | INFO |       11.575 ¦     1097           1              0.010 
2025-05-23 10:51:04 | INFO |       11.585 ¦     1098           1              0.010 
2025-05-23 10:51:04 | INFO |       11.595 ¦     1099           1              0.010 
2025-05-23 10:51:04 | INFO |       11.605 ¦     1100           1              0.010 
2025-05-23 10:51:04 | INFO |       11.615 ¦     1101           1              0.010 
2025-05-23 10:51:04 | INFO |       11.625 ¦     1102           1              0.010 
2025-05-23 10:51:04 | INFO |       11.635 ¦     1103           1              0.010 
2025-05-23 10:51:04 | INFO |       11.645 ¦     1104           1              0.010 
2025-05-23 10:51:04 | INFO |       11.655 ¦     1105           1              0.010 
2025-05-23 10:51:04 | INFO |       11.665 ¦     1106           1              0.010 
2025-05-23 10:51:04 | INFO |       11.675 ¦     1107           1              0.010 
2025-05-23 10:51:04 | INFO |       11.685 ¦     1108           1              0.010 
2025-05-23 10:51:04 | INFO |       11.695 ¦     1109           1              0.010 
2025-05-23 10:51:04 | INFO |       11.705 ¦     1110           1              0.010 
2025-05-23 10:51:04 | INFO |       11.715 ¦     1111           1              0.010 
2025-05-23 10:51:04 | INFO |       11.725 ¦     1112           1              0.010 
2025-05-23 10:51:04 | INFO |       11.735 ¦     1113           1              0.010 
2025-05-23 10:51:04 | INFO |       11.745 ¦     1114           1              0.010 
2025-05-23 10:51:04 | INFO |       11.755 ¦     1115           1              0.010 
2025-05-23 10:51:04 | INFO |       11.765 ¦     1116           1              0.010 
2025-05-23 10:51:04 | INFO |       11.775 ¦     1117           1              0.010 
2025-05-23 10:51:04 | INFO |       11.785 ¦     1118           1              0.010 
2025-05-23 10:51:04 | INFO |       11.795 ¦     1119           1              0.010 
2025-05-23 10:51:04 | INFO |       11.805 ¦     1120           1              0.010 
2025-05-23 10:51:04 | INFO |       11.815 ¦     1121           1              0.010 
2025-05-23 10:51:04 | INFO |       11.825 ¦     1122           1              0.010 
2025-05-23 10:51:04 | INFO |       11.835 ¦     1123           1              0.010 
2025-05-23 10:51:04 | INFO |       11.845 ¦     1124           1              0.010 
2025-05-23 10:51:04 | INFO |       11.855 ¦     1125           1              0.010 
2025-05-23 10:51:04 | INFO |       11.865 ¦     1126           1              0.010 
2025-05-23 10:51:04 | INFO |       11.875 ¦     1127           1              0.010 
2025-05-23 10:51:04 | INFO |       11.885 ¦     1128           1              0.010 
2025-05-23 10:51:04 | INFO |       11.895 ¦     1129           1              0.010 
2025-05-23 10:51:04 | INFO |       11.905 ¦     1130           1              0.010 
2025-05-23 10:51:04 | INFO |       11.915 ¦     1131           1              0.010 
2025-05-23 10:51:04 | INFO |       11.925 ¦     1132           1              0.010 
2025-05-23 10:51:04 | INFO |       11.935 ¦     1133           1              0.010 
2025-05-23 10:51:04 | INFO |       11.945 ¦     1134           1              0.010 
2025-05-23 10:51:04 | INFO |       11.955 ¦     1135           1              0.010 
2025-05-23 10:51:04 | INFO |       11.965 ¦     1136           1              0.010 
2025-05-23 10:51:04 | INFO |       11.975 ¦     1137           1              0.010 
2025-05-23 10:51:04 | INFO |       11.985 ¦     1138           1              0.010 
2025-05-23 10:51:04 | INFO |       11.995 ¦     1139           1              0.010 
2025-05-23 10:51:04 | INFO |       12.005 ¦     1140           1              0.010 
2025-05-23 10:51:04 | INFO |       12.015 ¦     1141           1              0.010 
2025-05-23 10:51:04 | INFO |       12.025 ¦     1142           1              0.010 
2025-05-23 10:51:04 | INFO |       12.035 ¦     1143           1              0.010 
2025-05-23 10:51:04 | INFO |       12.045 ¦     1144           1              0.010 
2025-05-23 10:51:04 | INFO |       12.055 ¦     1145           1              0.010 
2025-05-23 10:51:04 | INFO |       12.065 ¦     1146           1              0.010 
2025-05-23 10:51:04 | INFO |       12.075 ¦     1147           1              0.010 
2025-05-23 10:51:04 | INFO |       12.085 ¦     1148           1              0.010 
2025-05-23 10:51:04 | INFO |       12.095 ¦     1149           1              0.010 
2025-05-23 10:51:04 | INFO |       12.105 ¦     1150           1              0.010 
2025-05-23 10:51:04 | INFO |       12.115 ¦     1151           1              0.010 
2025-05-23 10:51:04 | INFO |       12.125 ¦     1152           1              0.010 
2025-05-23 10:51:04 | INFO |       12.135 ¦     1153           1              0.010 
2025-05-23 10:51:04 | INFO |       12.145 ¦     1154           1              0.010 
2025-05-23 10:51:04 | INFO |       12.155 ¦     1155           1              0.010 
2025-05-23 10:51:04 | INFO |       12.165 ¦     1156           1              0.010 
2025-05-23 10:51:04 | INFO |       12.175 ¦     1157           1              0.010 
2025-05-23 10:51:04 | INFO |       12.185 ¦     1158           1              0.010 
2025-05-23 10:51:04 | INFO |       12.195 ¦     1159           1              0.010 
2025-05-23 10:51:04 | INFO |       12.205 ¦     1160           1              0.010 
2025-05-23 10:51:04 | INFO |       12.215 ¦     1161           1              0.010 
2025-05-23 10:51:04 | INFO |       12.225 ¦     1162           1              0.010 
2025-05-23 10:51:04 | INFO |       12.235 ¦     1163           1              0.010 
2025-05-23 10:51:04 | INFO |       12.245 ¦     1164           1              0.010 
2025-05-23 10:51:04 | INFO |       12.255 ¦     1165           1              0.010 
2025-05-23 10:51:04 | INFO |       12.265 ¦     1166           1              0.010 
2025-05-23 10:51:04 | INFO |       12.275 ¦     1167           1              0.010 
2025-05-23 10:51:04 | INFO |       12.285 ¦     1168           1              0.010 
2025-05-23 10:51:04 | INFO |       12.295 ¦     1169           1              0.010 
2025-05-23 10:51:04 | INFO |       12.305 ¦     1170           1              0.010 
2025-05-23 10:51:04 | INFO |       12.315 ¦     1171           1              0.010 
2025-05-23 10:51:04 | INFO |       12.325 ¦     1172           1              0.010 
2025-05-23 10:51:04 | INFO |       12.335 ¦     1173           1              0.010 
2025-05-23 10:51:04 | INFO |       12.345 ¦     1174           1              0.010 
2025-05-23 10:51:04 | INFO |       12.355 ¦     1175           1              0.010 
2025-05-23 10:51:04 | INFO |       12.365 ¦     1176           1              0.010 
2025-05-23 10:51:04 | INFO |       12.375 ¦     1177           1              0.010 
2025-05-23 10:51:04 | INFO |       12.385 ¦     1178           1              0.010 
2025-05-23 10:51:04 | INFO |       12.395 ¦     1179           1              0.010 
2025-05-23 10:51:04 | INFO |       12.405 ¦     1180           1              0.010 
2025-05-23 10:51:04 | INFO |       12.415 ¦     1181           1              0.010 
2025-05-23 10:51:04 | INFO |       12.425 ¦     1182           1              0.010 
2025-05-23 10:51:04 | INFO |       12.435 ¦     1183           1              0.010 
2025-05-23 10:51:04 | INFO |       12.445 ¦     1184           1              0.010 
2025-05-23 10:51:04 | INFO |       12.455 ¦     1185           1              0.010 
2025-05-23 10:51:04 | INFO |       12.465 ¦     1186           1              0.010 
2025-05-23 10:51:04 | INFO |       12.475 ¦     1187           1              0.010 
2025-05-23 10:51:04 | INFO |       12.485 ¦     1188           1              0.010 
2025-05-23 10:51:04 | INFO |       12.495 ¦     1189           1              0.010 
2025-05-23 10:51:04 | INFO |       12.505 ¦     1190           1              0.010 
2025-05-23 10:51:04 | INFO |       12.515 ¦     1191           1              0.010 
2025-05-23 10:51:04 | INFO |       12.525 ¦     1192           1              0.010 
2025-05-23 10:51:04 | INFO |       12.535 ¦     1193           1              0.010 
2025-05-23 10:51:04 | INFO |       12.545 ¦     1194           1              0.010 
2025-05-23 10:51:04 | INFO |       12.555 ¦     1195           1              0.010 
2025-05-23 10:51:04 | INFO |       12.565 ¦     1196           1              0.010 
2025-05-23 10:51:04 | INFO |       12.575 ¦     1197           1              0.010 
2025-05-23 10:51:04 | INFO |       12.585 ¦     1198           1              0.010 
2025-05-23 10:51:04 | INFO |       12.595 ¦     1199           1              0.010 
2025-05-23 10:51:04 | INFO |       12.605 ¦     1200           1              0.010 
2025-05-23 10:51:04 | INFO |       12.615 ¦     1201           1              0.010 
2025-05-23 10:51:04 | INFO |       12.625 ¦     1202           1              0.010 
2025-05-23 10:51:04 | INFO |       12.635 ¦     1203           1              0.010 
2025-05-23 10:51:04 | INFO |       12.645 ¦     1204           1              0.010 
2025-05-23 10:51:04 | INFO |       12.655 ¦     1205           1              0.010 
2025-05-23 10:51:04 | INFO |       12.665 ¦     1206           1              0.010 
2025-05-23 10:51:04 | INFO |       12.675 ¦     1207           1              0.010 
2025-05-23 10:51:04 | INFO |       12.685 ¦     1208           1              0.010 
2025-05-23 10:51:04 | INFO |       12.695 ¦     1209           1              0.010 
2025-05-23 10:51:04 | INFO |       12.705 ¦     1210           1              0.010 
2025-05-23 10:51:04 | INFO |       12.715 ¦     1211           1              0.010 
2025-05-23 10:51:04 | INFO |       12.725 ¦     1212           1              0.010 
2025-05-23 10:51:04 | INFO |       12.735 ¦     1213           1              0.010 
2025-05-23 10:51:04 | INFO |       12.745 ¦     1214           1              0.010 
2025-05-23 10:51:04 | INFO |       12.755 ¦     1215           1              0.010 
2025-05-23 10:51:04 | INFO |       12.765 ¦     1216           1              0.010 
2025-05-23 10:51:04 | INFO |       12.775 ¦     1217           1              0.010 
2025-05-23 10:51:04 | INFO |       12.785 ¦     1218           1              0.010 
2025-05-23 10:51:04 | INFO |       12.795 ¦     1219           1              0.010 
2025-05-23 10:51:04 | INFO |       12.805 ¦     1220           1              0.010 
2025-05-23 10:51:04 | INFO |       12.815 ¦     1221           1              0.010 
2025-05-23 10:51:04 | INFO |       12.825 ¦     1222           1              0.010 
2025-05-23 10:51:04 | INFO |       12.835 ¦     1223           1              0.010 
2025-05-23 10:51:04 | INFO |       12.845 ¦     1224           1              0.010 
2025-05-23 10:51:04 | INFO |       12.855 ¦     1225           1              0.010 
2025-05-23 10:51:04 | INFO |       12.865 ¦     1226           1              0.010 
2025-05-23 10:51:04 | INFO |       12.875 ¦     1227           1              0.010 
2025-05-23 10:51:04 | INFO |       12.885 ¦     1228           1              0.010 
2025-05-23 10:51:04 | INFO |       12.895 ¦     1229           1              0.010 
2025-05-23 10:51:04 | INFO |       12.905 ¦     1230           1              0.010 
2025-05-23 10:51:04 | INFO |       12.915 ¦     1231           1              0.010 
2025-05-23 10:51:04 | INFO |       12.925 ¦     1232           2              0.010 
2025-05-23 10:51:04 | INFO |       12.935 ¦     1233           2              0.010 
2025-05-23 10:51:04 | INFO |       12.945 ¦     1234           2              0.010 
2025-05-23 10:51:04 | INFO |       12.955 ¦     1235           1              0.010 
2025-05-23 10:51:04 | INFO |       12.965 ¦     1236           1              0.010 
2025-05-23 10:51:04 | INFO |       12.975 ¦     1237           1              0.010 
2025-05-23 10:51:04 | INFO |       12.985 ¦     1238           1              0.010 
2025-05-23 10:51:04 | INFO |       12.995 ¦     1239           1              0.010 
2025-05-23 10:51:04 | INFO |       13.005 ¦     1240           1              0.010 
2025-05-23 10:51:04 | INFO |       13.015 ¦     1241           1              0.010 
2025-05-23 10:51:04 | INFO |       13.025 ¦     1242           1              0.010 
2025-05-23 10:51:04 | INFO |       13.035 ¦     1243           1              0.010 
2025-05-23 10:51:04 | INFO |       13.045 ¦     1244           1              0.010 
2025-05-23 10:51:04 | INFO |       13.055 ¦     1245           1              0.010 
2025-05-23 10:51:04 | INFO |       13.065 ¦     1246           1              0.010 
2025-05-23 10:51:04 | INFO |       13.075 ¦     1247           1              0.010 
2025-05-23 10:51:04 | INFO |       13.085 ¦     1248           1              0.010 
2025-05-23 10:51:04 | INFO |       13.095 ¦     1249           1              0.010 
2025-05-23 10:51:04 | INFO |       13.105 ¦     1250           1              0.010 
2025-05-23 10:51:04 | INFO |       13.115 ¦     1251           1              0.010 
2025-05-23 10:51:04 | INFO |       13.125 ¦     1252           1              0.010 
2025-05-23 10:51:04 | INFO |       13.135 ¦     1253           1              0.010 
2025-05-23 10:51:04 | INFO |       13.145 ¦     1254           1              0.010 
2025-05-23 10:51:04 | INFO |       13.155 ¦     1255           1              0.010 
2025-05-23 10:51:04 | INFO |       13.165 ¦     1256           1              0.010 
2025-05-23 10:51:04 | INFO |       13.175 ¦     1257           1              0.010 
2025-05-23 10:51:04 | INFO |       13.185 ¦     1258           1              0.010 
2025-05-23 10:51:04 | INFO |       13.195 ¦     1259           1              0.010 
2025-05-23 10:51:04 | INFO |       13.205 ¦     1260           1              0.010 
2025-05-23 10:51:04 | INFO |       13.215 ¦     1261           1              0.010 
2025-05-23 10:51:04 | INFO |       13.225 ¦     1262           1              0.010 
2025-05-23 10:51:04 | INFO |       13.235 ¦     1263           1              0.010 
2025-05-23 10:51:04 | INFO |       13.245 ¦     1264           1              0.010 
2025-05-23 10:51:04 | INFO |       13.255 ¦     1265           1              0.010 
2025-05-23 10:51:04 | INFO |       13.265 ¦     1266           1              0.010 
2025-05-23 10:51:04 | INFO |       13.275 ¦     1267           1              0.010 
2025-05-23 10:51:04 | INFO |       13.285 ¦     1268           1              0.010 
2025-05-23 10:51:04 | INFO |       13.295 ¦     1269           1              0.010 
2025-05-23 10:51:04 | INFO |       13.305 ¦     1270           1              0.010 
2025-05-23 10:51:04 | INFO |       13.315 ¦     1271           1              0.010 
2025-05-23 10:51:04 | INFO |       13.325 ¦     1272           1              0.010 
2025-05-23 10:51:04 | INFO |       13.335 ¦     1273           1              0.010 
2025-05-23 10:51:04 | INFO |       13.345 ¦     1274           1              0.010 
2025-05-23 10:51:04 | INFO |       13.355 ¦     1275           1              0.010 
2025-05-23 10:51:04 | INFO |       13.365 ¦     1276           1              0.010 
2025-05-23 10:51:04 | INFO |       13.375 ¦     1277           1              0.010 
2025-05-23 10:51:04 | INFO |       13.385 ¦     1278           1              0.010 
2025-05-23 10:51:04 | INFO |       13.395 ¦     1279           1              0.010 
2025-05-23 10:51:04 | INFO |       13.405 ¦     1280           1              0.010 
2025-05-23 10:51:04 | INFO |       13.415 ¦     1281           1              0.010 
2025-05-23 10:51:04 | INFO |       13.425 ¦     1282           1              0.010 
2025-05-23 10:51:04 | INFO |       13.435 ¦     1283           1              0.010 
2025-05-23 10:51:04 | INFO |       13.445 ¦     1284           1              0.010 
2025-05-23 10:51:04 | INFO |       13.455 ¦     1285           1              0.010 
2025-05-23 10:51:04 | INFO |       13.465 ¦     1286           1              0.010 
2025-05-23 10:51:04 | INFO |       13.475 ¦     1287           1              0.010 
2025-05-23 10:51:04 | INFO |       13.485 ¦     1288           1              0.010 
2025-05-23 10:51:04 | INFO |       13.495 ¦     1289           1              0.010 
2025-05-23 10:51:04 | INFO |       13.505 ¦     1290           1              0.010 
2025-05-23 10:51:04 | INFO |       13.515 ¦     1291           1              0.010 
2025-05-23 10:51:04 | INFO |       13.525 ¦     1292           1              0.010 
2025-05-23 10:51:04 | INFO |       13.535 ¦     1293           1              0.010 
2025-05-23 10:51:04 | INFO |       13.545 ¦     1294           1              0.010 
2025-05-23 10:51:04 | INFO |       13.555 ¦     1295           1              0.010 
2025-05-23 10:51:04 | INFO |       13.565 ¦     1296           1              0.010 
2025-05-23 10:51:04 | INFO |       13.575 ¦     1297           1              0.010 
2025-05-23 10:51:04 | INFO |       13.585 ¦     1298           1              0.010 
2025-05-23 10:51:04 | INFO |       13.595 ¦     1299           1              0.010 
2025-05-23 10:51:04 | INFO |       13.605 ¦     1300           1              0.010 
2025-05-23 10:51:04 | INFO |       13.615 ¦     1301           1              0.010 
2025-05-23 10:51:04 | INFO |       13.625 ¦     1302           1              0.010 
2025-05-23 10:51:04 | INFO |       13.635 ¦     1303           1              0.010 
2025-05-23 10:51:04 | INFO |       13.645 ¦     1304           1              0.010 
2025-05-23 10:51:04 | INFO |       13.655 ¦     1305           1              0.010 
2025-05-23 10:51:04 | INFO |       13.665 ¦     1306           1              0.010 
2025-05-23 10:51:04 | INFO |       13.675 ¦     1307           1              0.010 
2025-05-23 10:51:04 | INFO |       13.685 ¦     1308           1              0.010 
2025-05-23 10:51:04 | INFO |       13.695 ¦     1309           1              0.010 
2025-05-23 10:51:04 | INFO |       13.705 ¦     1310           1              0.010 
2025-05-23 10:51:04 | INFO |       13.715 ¦     1311           1              0.010 
2025-05-23 10:51:04 | INFO |       13.725 ¦     1312           1              0.010 
2025-05-23 10:51:04 | INFO |       13.735 ¦     1313           1              0.010 
2025-05-23 10:51:04 | INFO |       13.745 ¦     1314           1              0.010 
2025-05-23 10:51:04 | INFO |       13.755 ¦     1315           1              0.010 
2025-05-23 10:51:04 | INFO |       13.765 ¦     1316           1              0.010 
2025-05-23 10:51:04 | INFO |       13.775 ¦     1317           1              0.010 
2025-05-23 10:51:04 | INFO |       13.785 ¦     1318           1              0.010 
2025-05-23 10:51:04 | INFO |       13.795 ¦     1319           1              0.010 
2025-05-23 10:51:04 | INFO |       13.805 ¦     1320           1              0.010 
2025-05-23 10:51:04 | INFO |       13.815 ¦     1321           1              0.010 
2025-05-23 10:51:04 | INFO |       13.825 ¦     1322           1              0.010 
2025-05-23 10:51:04 | INFO |       13.835 ¦     1323           1              0.010 
2025-05-23 10:51:04 | INFO |       13.845 ¦     1324           1              0.010 
2025-05-23 10:51:04 | INFO |       13.855 ¦     1325           1              0.010 
2025-05-23 10:51:04 | INFO |       13.865 ¦     1326           1              0.010 
2025-05-23 10:51:04 | INFO |       13.875 ¦     1327           1              0.010 
2025-05-23 10:51:04 | INFO |       13.885 ¦     1328           1              0.010 
2025-05-23 10:51:04 | INFO |       13.895 ¦     1329           1              0.010 
2025-05-23 10:51:04 | INFO |       13.905 ¦     1330           1              0.010 
2025-05-23 10:51:04 | INFO |       13.915 ¦     1331           1              0.010 
2025-05-23 10:51:04 | INFO |       13.925 ¦     1332           1              0.010 
2025-05-23 10:51:04 | INFO |       13.935 ¦     1333           1              0.010 
2025-05-23 10:51:04 | INFO |       13.945 ¦     1334           1              0.010 
2025-05-23 10:51:04 | INFO |       13.955 ¦     1335           1              0.010 
2025-05-23 10:51:04 | INFO |       13.965 ¦     1336           1              0.010 
2025-05-23 10:51:04 | INFO |       13.975 ¦     1337           1              0.010 
2025-05-23 10:51:04 | INFO |       13.985 ¦     1338           1              0.010 
2025-05-23 10:51:04 | INFO |       13.995 ¦     1339           1              0.010 
2025-05-23 10:51:04 | INFO |       14.005 ¦     1340           1              0.010 
2025-05-23 10:51:04 | INFO |       14.015 ¦     1341           1              0.010 
2025-05-23 10:51:04 | INFO |       14.025 ¦     1342           1              0.010 
2025-05-23 10:51:04 | INFO |       14.035 ¦     1343           1              0.010 
2025-05-23 10:51:04 | INFO |       14.045 ¦     1344           1              0.010 
2025-05-23 10:51:04 | INFO |       14.055 ¦     1345           1              0.010 
2025-05-23 10:51:04 | INFO |       14.065 ¦     1346           1              0.010 
2025-05-23 10:51:04 | INFO |       14.075 ¦     1347           1              0.010 
2025-05-23 10:51:04 | INFO |       14.085 ¦     1348           1              0.010 
2025-05-23 10:51:04 | INFO |       14.095 ¦     1349           1              0.010 
2025-05-23 10:51:04 | INFO |       14.105 ¦     1350           1              0.010 
2025-05-23 10:51:04 | INFO |       14.115 ¦     1351           1              0.010 
2025-05-23 10:51:04 | INFO |       14.125 ¦     1352           1              0.010 
2025-05-23 10:51:04 | INFO |       14.135 ¦     1353           1              0.010 
2025-05-23 10:51:04 | INFO |       14.145 ¦     1354           1              0.010 
2025-05-23 10:51:04 | INFO |       14.155 ¦     1355           1              0.010 
2025-05-23 10:51:04 | INFO |       14.165 ¦     1356           1              0.010 
2025-05-23 10:51:04 | INFO |       14.175 ¦     1357           1              0.010 
2025-05-23 10:51:04 | INFO |       14.185 ¦     1358           1              0.010 
2025-05-23 10:51:04 | INFO |       14.195 ¦     1359           1              0.010 
2025-05-23 10:51:04 | INFO |       14.205 ¦     1360           1              0.010 
2025-05-23 10:51:04 | INFO |       14.215 ¦     1361           1              0.010 
2025-05-23 10:51:04 | INFO |       14.225 ¦     1362           1              0.010 
2025-05-23 10:51:04 | INFO |       14.235 ¦     1363           1              0.010 
2025-05-23 10:51:04 | INFO |       14.245 ¦     1364           1              0.010 
2025-05-23 10:51:04 | INFO |       14.255 ¦     1365           1              0.010 
2025-05-23 10:51:04 | INFO |       14.265 ¦     1366           1              0.010 
2025-05-23 10:51:04 | INFO |       14.275 ¦     1367           1              0.010 
2025-05-23 10:51:04 | INFO |       14.285 ¦     1368           1              0.010 
2025-05-23 10:51:04 | INFO |       14.295 ¦     1369           1              0.010 
2025-05-23 10:51:04 | INFO |       14.305 ¦     1370           1              0.010 
2025-05-23 10:51:04 | INFO |       14.315 ¦     1371           1              0.010 
2025-05-23 10:51:04 | INFO |       14.325 ¦     1372           1              0.010 
2025-05-23 10:51:04 | INFO |       14.335 ¦     1373           1              0.010 
2025-05-23 10:51:04 | INFO |       14.345 ¦     1374           1              0.010 
2025-05-23 10:51:04 | INFO |       14.355 ¦     1375           1              0.010 
2025-05-23 10:51:04 | INFO |       14.365 ¦     1376           1              0.010 
2025-05-23 10:51:04 | INFO |       14.375 ¦     1377           1              0.010 
2025-05-23 10:51:04 | INFO |       14.385 ¦     1378           1              0.010 
2025-05-23 10:51:04 | INFO |       14.395 ¦     1379           1              0.010 
2025-05-23 10:51:04 | INFO |       14.405 ¦     1380           1              0.010 
2025-05-23 10:51:04 | INFO |       14.415 ¦     1381           1              0.010 
2025-05-23 10:51:04 | INFO |       14.425 ¦     1382           1              0.010 
2025-05-23 10:51:04 | INFO |       14.435 ¦     1383           1              0.010 
2025-05-23 10:51:04 | INFO |       14.445 ¦     1384           1              0.010 
2025-05-23 10:51:04 | INFO |       14.455 ¦     1385           1              0.010 
2025-05-23 10:51:04 | INFO |       14.465 ¦     1386           1              0.010 
2025-05-23 10:51:04 | INFO |       14.475 ¦     1387           1              0.010 
2025-05-23 10:51:04 | INFO |       14.485 ¦     1388           1              0.010 
2025-05-23 10:51:04 | INFO |       14.495 ¦     1389           1              0.010 
2025-05-23 10:51:04 | INFO |       14.505 ¦     1390           1              0.010 
2025-05-23 10:51:04 | INFO |       14.515 ¦     1391           1              0.010 
2025-05-23 10:51:04 | INFO |       14.525 ¦     1392           1              0.010 
2025-05-23 10:51:04 | INFO |       14.535 ¦     1393           1              0.010 
2025-05-23 10:51:04 | INFO |       14.545 ¦     1394           1              0.010 
2025-05-23 10:51:04 | INFO |       14.555 ¦     1395           1              0.010 
2025-05-23 10:51:04 | INFO |       14.565 ¦     1396           1              0.010 
2025-05-23 10:51:04 | INFO |       14.575 ¦     1397           1              0.010 
2025-05-23 10:51:04 | INFO |       14.585 ¦     1398           1              0.010 
2025-05-23 10:51:04 | INFO |       14.595 ¦     1399           1              0.010 
2025-05-23 10:51:04 | INFO |       14.605 ¦     1400           1              0.010 
2025-05-23 10:51:04 | INFO |       14.615 ¦     1401           1              0.010 
2025-05-23 10:51:04 | INFO |       14.625 ¦     1402           1              0.010 
2025-05-23 10:51:04 | INFO |       14.635 ¦     1403           1              0.010 
2025-05-23 10:51:04 | INFO |       14.645 ¦     1404           1              0.010 
2025-05-23 10:51:04 | INFO |       14.655 ¦     1405           1              0.010 
2025-05-23 10:51:04 | INFO |       14.665 ¦     1406           1              0.010 
2025-05-23 10:51:04 | INFO |       14.675 ¦     1407           1              0.010 
2025-05-23 10:51:04 | INFO |       14.685 ¦     1408           1              0.010 
2025-05-23 10:51:04 | INFO |       14.695 ¦     1409           1              0.010 
2025-05-23 10:51:04 | INFO |       14.705 ¦     1410           1              0.010 
2025-05-23 10:51:04 | INFO |       14.715 ¦     1411           1              0.010 
2025-05-23 10:51:04 | INFO |       14.725 ¦     1412           1              0.010 
2025-05-23 10:51:04 | INFO |       14.735 ¦     1413           1              0.010 
2025-05-23 10:51:04 | INFO |       14.745 ¦     1414           1              0.010 
2025-05-23 10:51:04 | INFO |       14.755 ¦     1415           1              0.010 
2025-05-23 10:51:04 | INFO |       14.765 ¦     1416           1              0.010 
2025-05-23 10:51:04 | INFO |       14.775 ¦     1417           1              0.010 
2025-05-23 10:51:04 | INFO |       14.785 ¦     1418           1              0.010 
2025-05-23 10:51:04 | INFO |       14.795 ¦     1419           1              0.010 
2025-05-23 10:51:04 | INFO |       14.805 ¦     1420           1              0.010 
2025-05-23 10:51:04 | INFO |       14.815 ¦     1421           1              0.010 
2025-05-23 10:51:04 | INFO |       14.825 ¦     1422           1              0.010 
2025-05-23 10:51:04 | INFO |       14.835 ¦     1423           1              0.010 
2025-05-23 10:51:04 | INFO |       14.845 ¦     1424           1              0.010 
2025-05-23 10:51:04 | INFO |       14.855 ¦     1425           1              0.010 
2025-05-23 10:51:04 | INFO |       14.865 ¦     1426           1              0.010 
2025-05-23 10:51:04 | INFO |       14.875 ¦     1427           1              0.010 
2025-05-23 10:51:04 | INFO |       14.885 ¦     1428           1              0.010 
2025-05-23 10:51:04 | INFO |       14.895 ¦     1429           1              0.010 
2025-05-23 10:51:04 | INFO |       14.905 ¦     1430           1              0.010 
2025-05-23 10:51:04 | INFO |       14.915 ¦     1431           1              0.010 
2025-05-23 10:51:04 | INFO |       14.925 ¦     1432           1              0.010 
2025-05-23 10:51:04 | INFO |       14.935 ¦     1433           1              0.010 
2025-05-23 10:51:04 | INFO |       14.945 ¦     1434           1              0.010 
2025-05-23 10:51:04 | INFO |       14.955 ¦     1435           1              0.010 
2025-05-23 10:51:04 | INFO |       14.965 ¦     1436           1              0.010 
2025-05-23 10:51:04 | INFO |       14.975 ¦     1437           1              0.010 
2025-05-23 10:51:04 | INFO |       14.985 ¦     1438           1              0.010 
2025-05-23 10:51:04 | INFO |       14.995 ¦     1439           1              0.010 
2025-05-23 10:51:04 | INFO |       15.005 ¦     1440           1              0.010 
2025-05-23 10:51:04 | INFO |       15.015 ¦     1441           1              0.010 
2025-05-23 10:51:04 | INFO |       15.025 ¦     1442           1              0.010 
2025-05-23 10:51:04 | INFO |       15.035 ¦     1443           1              0.010 
2025-05-23 10:51:04 | INFO |       15.045 ¦     1444           1              0.010 
2025-05-23 10:51:04 | INFO |       15.055 ¦     1445           1              0.010 
2025-05-23 10:51:04 | INFO |       15.065 ¦     1446           1              0.010 
2025-05-23 10:51:04 | INFO |       15.075 ¦     1447           1              0.010 
2025-05-23 10:51:04 | INFO |       15.085 ¦     1448           1              0.010 
2025-05-23 10:51:04 | INFO |       15.095 ¦     1449           1              0.010 
2025-05-23 10:51:04 | INFO |       15.105 ¦     1450           1              0.010 
2025-05-23 10:51:04 | INFO |       15.115 ¦     1451           1              0.010 
2025-05-23 10:51:04 | INFO |       15.125 ¦     1452           1              0.010 
2025-05-23 10:51:04 | INFO |       15.135 ¦     1453           1              0.010 
2025-05-23 10:51:04 | INFO |       15.145 ¦     1454           1              0.010 
2025-05-23 10:51:04 | INFO |       15.155 ¦     1455           1              0.010 
2025-05-23 10:51:04 | INFO |       15.165 ¦     1456           1              0.010 
2025-05-23 10:51:04 | INFO |       15.175 ¦     1457           1              0.010 
2025-05-23 10:51:04 | INFO |       15.185 ¦     1458           1              0.010 
2025-05-23 10:51:04 | INFO |       15.195 ¦     1459           1              0.010 
2025-05-23 10:51:04 | INFO |       15.205 ¦     1460           1              0.010 
2025-05-23 10:51:04 | INFO |       15.215 ¦     1461           1              0.010 
2025-05-23 10:51:04 | INFO |       15.225 ¦     1462           1              0.010 
2025-05-23 10:51:04 | INFO |       15.235 ¦     1463           1              0.010 
2025-05-23 10:51:04 | INFO |       15.245 ¦     1464           1              0.010 
2025-05-23 10:51:04 | INFO |       15.255 ¦     1465           1              0.010 
2025-05-23 10:51:04 | INFO |       15.265 ¦     1466           1              0.010 
2025-05-23 10:51:04 | INFO |       15.275 ¦     1467           1              0.010 
2025-05-23 10:51:04 | INFO |       15.285 ¦     1468           1              0.010 
2025-05-23 10:51:04 | INFO |       15.295 ¦     1469           1              0.010 
2025-05-23 10:51:04 | INFO |       15.305 ¦     1470           1              0.010 
2025-05-23 10:51:04 | INFO |       15.315 ¦     1471           1              0.010 
2025-05-23 10:51:04 | INFO |       15.325 ¦     1472           1              0.010 
2025-05-23 10:51:04 | INFO |       15.335 ¦     1473           1              0.010 
2025-05-23 10:51:04 | INFO |       15.345 ¦     1474           1              0.010 
2025-05-23 10:51:04 | INFO |       15.355 ¦     1475           1              0.010 
2025-05-23 10:51:04 | INFO |       15.365 ¦     1476           1              0.010 
2025-05-23 10:51:04 | INFO |       15.375 ¦     1477           1              0.010 
2025-05-23 10:51:04 | INFO |       15.385 ¦     1478           1              0.010 
2025-05-23 10:51:04 | INFO |       15.395 ¦     1479           1              0.010 
2025-05-23 10:51:04 | INFO |       15.405 ¦     1480           1              0.010 
2025-05-23 10:51:04 | INFO |       15.415 ¦     1481           1              0.010 
2025-05-23 10:51:04 | INFO |       15.425 ¦     1482           1              0.010 
2025-05-23 10:51:04 | INFO |       15.435 ¦     1483           1              0.010 
2025-05-23 10:51:04 | INFO |       15.445 ¦     1484           1              0.010 
2025-05-23 10:51:04 | INFO |       15.455 ¦     1485           1              0.010 
2025-05-23 10:51:04 | INFO |       15.465 ¦     1486           1              0.010 
2025-05-23 10:51:04 | INFO |       15.475 ¦     1487           1              0.010 
2025-05-23 10:51:04 | INFO |       15.485 ¦     1488           1              0.010 
2025-05-23 10:51:04 | INFO |       15.495 ¦     1489           1              0.010 
2025-05-23 10:51:04 | INFO |       15.505 ¦     1490           1              0.010 
2025-05-23 10:51:04 | INFO |       15.515 ¦     1491           1              0.010 
2025-05-23 10:51:04 | INFO |       15.525 ¦     1492           1              0.010 
2025-05-23 10:51:04 | INFO |       15.535 ¦     1493           1              0.010 
2025-05-23 10:51:04 | INFO |       15.545 ¦     1494           1              0.010 
2025-05-23 10:51:04 | INFO |       15.555 ¦     1495           1              0.010 
2025-05-23 10:51:04 | INFO |       15.565 ¦     1496           1              0.010 
2025-05-23 10:51:04 | INFO |       15.575 ¦     1497           1              0.010 
2025-05-23 10:51:04 | INFO |       15.585 ¦     1498           1              0.010 
2025-05-23 10:51:04 | INFO |       15.595 ¦     1499           1              0.010 
2025-05-23 10:51:04 | INFO |       15.605 ¦     1500           1              0.010 
2025-05-23 10:51:04 | INFO |       15.615 ¦     1501           1              0.010 
2025-05-23 10:51:04 | INFO |       15.625 ¦     1502           1              0.010 
2025-05-23 10:51:04 | INFO |       15.635 ¦     1503           1              0.010 
2025-05-23 10:51:04 | INFO |       15.645 ¦     1504           1              0.010 
2025-05-23 10:51:04 | INFO |       15.655 ¦     1505           1              0.010 
2025-05-23 10:51:04 | INFO |       15.665 ¦     1506           1              0.010 
2025-05-23 10:51:04 | INFO |       15.675 ¦     1507           1              0.010 
2025-05-23 10:51:04 | INFO |       15.685 ¦     1508           1              0.010 
2025-05-23 10:51:04 | INFO |       15.695 ¦     1509           1              0.010 
2025-05-23 10:51:04 | INFO |       15.705 ¦     1510           1              0.010 
2025-05-23 10:51:04 | INFO |       15.715 ¦     1511           1              0.010 
2025-05-23 10:51:04 | INFO |       15.725 ¦     1512           1              0.010 
2025-05-23 10:51:04 | INFO |       15.735 ¦     1513           1              0.010 
2025-05-23 10:51:04 | INFO |       15.745 ¦     1514           1              0.010 
2025-05-23 10:51:04 | INFO |       15.755 ¦     1515           1              0.010 
2025-05-23 10:51:04 | INFO |       15.765 ¦     1516           1              0.010 
2025-05-23 10:51:04 | INFO |       15.775 ¦     1517           1              0.010 
2025-05-23 10:51:04 | INFO |       15.785 ¦     1518           1              0.010 
2025-05-23 10:51:04 | INFO |       15.795 ¦     1519           1              0.010 
2025-05-23 10:51:04 | INFO |       15.805 ¦     1520           1              0.010 
2025-05-23 10:51:04 | INFO |       15.815 ¦     1521           1              0.010 
2025-05-23 10:51:04 | INFO |       15.825 ¦     1522           1              0.010 
2025-05-23 10:51:04 | INFO |       15.835 ¦     1523           1              0.010 
2025-05-23 10:51:04 | INFO |       15.845 ¦     1524           1              0.010 
2025-05-23 10:51:04 | INFO |       15.855 ¦     1525           1              0.010 
2025-05-23 10:51:04 | INFO |       15.865 ¦     1526           1              0.010 
2025-05-23 10:51:04 | INFO |       15.875 ¦     1527           1              0.010 
2025-05-23 10:51:04 | INFO |       15.885 ¦     1528           1              0.010 
2025-05-23 10:51:04 | INFO |       15.895 ¦     1529           1              0.010 
2025-05-23 10:51:04 | INFO |       15.905 ¦     1530           1              0.010 
2025-05-23 10:51:04 | INFO |       15.915 ¦     1531           1              0.010 
2025-05-23 10:51:04 | INFO |       15.925 ¦     1532           1              0.010 
2025-05-23 10:51:04 | INFO |       15.935 ¦     1533           1              0.010 
2025-05-23 10:51:04 | INFO |       15.945 ¦     1534           1              0.010 
2025-05-23 10:51:04 | INFO |       15.955 ¦     1535           1              0.010 
2025-05-23 10:51:04 | INFO |       15.965 ¦     1536           1              0.010 
2025-05-23 10:51:04 | INFO |       15.975 ¦     1537           1              0.010 
2025-05-23 10:51:04 | INFO |       15.985 ¦     1538           1              0.010 
2025-05-23 10:51:04 | INFO |       15.995 ¦     1539           1              0.010 
2025-05-23 10:51:04 | INFO |       16.005 ¦     1540           1              0.010 
2025-05-23 10:51:04 | INFO |       16.015 ¦     1541           1              0.010 
2025-05-23 10:51:04 | INFO |       16.025 ¦     1542           1              0.010 
2025-05-23 10:51:04 | INFO |       16.035 ¦     1543           1              0.010 
2025-05-23 10:51:04 | INFO |       16.045 ¦     1544           1              0.010 
2025-05-23 10:51:04 | INFO |       16.055 ¦     1545           1              0.010 
2025-05-23 10:51:04 | INFO |       16.065 ¦     1546           1              0.010 
2025-05-23 10:51:04 | INFO |       16.075 ¦     1547           1              0.010 
2025-05-23 10:51:04 | INFO |       16.085 ¦     1548           1              0.010 
2025-05-23 10:51:04 | INFO |       16.095 ¦     1549           1              0.010 
2025-05-23 10:51:04 | INFO |       16.105 ¦     1550           1              0.010 
2025-05-23 10:51:04 | INFO |       16.115 ¦     1551           1              0.010 
2025-05-23 10:51:04 | INFO |       16.125 ¦     1552           1              0.010 
2025-05-23 10:51:04 | INFO |       16.135 ¦     1553           1              0.010 
2025-05-23 10:51:04 | INFO |       16.145 ¦     1554           1              0.010 
2025-05-23 10:51:04 | INFO |       16.155 ¦     1555           1              0.010 
2025-05-23 10:51:04 | INFO |       16.165 ¦     1556           1              0.010 
2025-05-23 10:51:04 | INFO |       16.175 ¦     1557           1              0.010 
2025-05-23 10:51:04 | INFO |       16.185 ¦     1558           1              0.010 
2025-05-23 10:51:04 | INFO |       16.195 ¦     1559           1              0.010 
2025-05-23 10:51:04 | INFO |       16.205 ¦     1560           1              0.010 
2025-05-23 10:51:04 | INFO |       16.215 ¦     1561           1              0.010 
2025-05-23 10:51:04 | INFO |       16.225 ¦     1562           1              0.010 
2025-05-23 10:51:04 | INFO |       16.235 ¦     1563           1              0.010 
2025-05-23 10:51:04 | INFO |       16.245 ¦     1564           1              0.010 
2025-05-23 10:51:04 | INFO |       16.255 ¦     1565           1              0.010 
2025-05-23 10:51:04 | INFO |       16.265 ¦     1566           1              0.010 
2025-05-23 10:51:04 | INFO |       16.275 ¦     1567           1              0.010 
2025-05-23 10:51:04 | INFO |       16.285 ¦     1568           1              0.010 
2025-05-23 10:51:04 | INFO |       16.295 ¦     1569           1              0.010 
2025-05-23 10:51:04 | INFO |       16.305 ¦     1570           1              0.010 
2025-05-23 10:51:04 | INFO |       16.315 ¦     1571           1              0.010 
2025-05-23 10:51:04 | INFO |       16.325 ¦     1572           1              0.010 
2025-05-23 10:51:04 | INFO |       16.335 ¦     1573           1              0.010 
2025-05-23 10:51:04 | INFO |       16.345 ¦     1574           1              0.010 
2025-05-23 10:51:04 | INFO |       16.355 ¦     1575           1              0.010 
2025-05-23 10:51:04 | INFO |       16.365 ¦     1576           1              0.010 
2025-05-23 10:51:04 | INFO |       16.375 ¦     1577           1              0.010 
2025-05-23 10:51:04 | INFO |       16.385 ¦     1578           1              0.010 
2025-05-23 10:51:04 | INFO |       16.395 ¦     1579           1              0.010 
2025-05-23 10:51:04 | INFO |       16.405 ¦     1580           1              0.010 
2025-05-23 10:51:04 | INFO |       16.415 ¦     1581           1              0.010 
2025-05-23 10:51:04 | INFO |       16.425 ¦     1582           1              0.010 
2025-05-23 10:51:04 | INFO |       16.435 ¦     1583           1              0.010 
2025-05-23 10:51:04 | INFO |       16.445 ¦     1584           1              0.010 
2025-05-23 10:51:04 | INFO |       16.455 ¦     1585           1              0.010 
2025-05-23 10:51:04 | INFO |       16.465 ¦     1586           1              0.010 
2025-05-23 10:51:04 | INFO |       16.475 ¦     1587           1              0.010 
2025-05-23 10:51:04 | INFO |       16.485 ¦     1588           1              0.010 
2025-05-23 10:51:04 | INFO |       16.495 ¦     1589           1              0.010 
2025-05-23 10:51:04 | INFO |       16.505 ¦     1590           1              0.010 
2025-05-23 10:51:04 | INFO |       16.515 ¦     1591           1              0.010 
2025-05-23 10:51:04 | INFO |       16.525 ¦     1592           1              0.010 
2025-05-23 10:51:04 | INFO |       16.535 ¦     1593           1              0.010 
2025-05-23 10:51:04 | INFO |       16.545 ¦     1594           1              0.010 
2025-05-23 10:51:04 | INFO |       16.555 ¦     1595           1              0.010 
2025-05-23 10:51:04 | INFO |       16.565 ¦     1596           1              0.010 
2025-05-23 10:51:04 | INFO |       16.575 ¦     1597           1              0.010 
2025-05-23 10:51:04 | INFO |       16.585 ¦     1598           1              0.010 
2025-05-23 10:51:04 | INFO |       16.595 ¦     1599           1              0.010 
2025-05-23 10:51:04 | INFO |       16.605 ¦     1600           1              0.010 
2025-05-23 10:51:04 | INFO |       16.615 ¦     1601           1              0.010 
2025-05-23 10:51:04 | INFO |       16.625 ¦     1602           1              0.010 
2025-05-23 10:51:04 | INFO |       16.635 ¦     1603           1              0.010 
2025-05-23 10:51:04 | INFO |       16.645 ¦     1604           1              0.010 
2025-05-23 10:51:04 | INFO |       16.655 ¦     1605           1              0.010 
2025-05-23 10:51:04 | INFO |       16.665 ¦     1606           1              0.010 
2025-05-23 10:51:04 | INFO |       16.675 ¦     1607           1              0.010 
2025-05-23 10:51:04 | INFO |       16.685 ¦     1608           1              0.010 
2025-05-23 10:51:04 | INFO |       16.695 ¦     1609           1              0.010 
2025-05-23 10:51:04 | INFO |       16.705 ¦     1610           1              0.010 
2025-05-23 10:51:04 | INFO |       16.715 ¦     1611           1              0.010 
2025-05-23 10:51:04 | INFO |       16.725 ¦     1612           1              0.010 
2025-05-23 10:51:04 | INFO |       16.735 ¦     1613           1              0.010 
2025-05-23 10:51:04 | INFO |       16.745 ¦     1614           1              0.010 
2025-05-23 10:51:04 | INFO |       16.755 ¦     1615           1              0.010 
2025-05-23 10:51:04 | INFO |       16.765 ¦     1616           1              0.010 
2025-05-23 10:51:04 | INFO |       16.775 ¦     1617           1              0.010 
2025-05-23 10:51:04 | INFO |       16.785 ¦     1618           1              0.010 
2025-05-23 10:51:04 | INFO |       16.795 ¦     1619           1              0.010 
2025-05-23 10:51:04 | INFO |       16.805 ¦     1620           1              0.010 
2025-05-23 10:51:04 | INFO |       16.815 ¦     1621           1              0.010 
2025-05-23 10:51:04 | INFO |       16.825 ¦     1622           1              0.010 
2025-05-23 10:51:04 | INFO |       16.835 ¦     1623           1              0.010 
2025-05-23 10:51:04 | INFO |       16.845 ¦     1624           1              0.010 
2025-05-23 10:51:04 | INFO |       16.855 ¦     1625           1              0.010 
2025-05-23 10:51:04 | INFO |       16.865 ¦     1626           1              0.010 
2025-05-23 10:51:04 | INFO |       16.875 ¦     1627           1              0.010 
2025-05-23 10:51:04 | INFO |       16.885 ¦     1628           1              0.010 
2025-05-23 10:51:04 | INFO |       16.895 ¦     1629           1              0.010 
2025-05-23 10:51:04 | INFO |       16.905 ¦     1630           1              0.010 
2025-05-23 10:51:04 | INFO |       16.915 ¦     1631           1              0.010 
2025-05-23 10:51:04 | INFO |       16.925 ¦     1632           1              0.010 
2025-05-23 10:51:04 | INFO |       16.935 ¦     1633           1              0.010 
2025-05-23 10:51:04 | INFO |       16.945 ¦     1634           1              0.010 
2025-05-23 10:51:04 | INFO |       16.955 ¦     1635           1              0.010 
2025-05-23 10:51:04 | INFO |       16.965 ¦     1636           1              0.010 
2025-05-23 10:51:04 | INFO |       16.975 ¦     1637           1              0.010 
2025-05-23 10:51:04 | INFO |       16.985 ¦     1638           1              0.010 
2025-05-23 10:51:04 | INFO |       16.995 ¦     1639           1              0.010 
2025-05-23 10:51:04 | INFO |       17.005 ¦     1640           1              0.010 
2025-05-23 10:51:04 | INFO |       17.015 ¦     1641           1              0.010 
2025-05-23 10:51:04 | INFO |       17.025 ¦     1642           1              0.010 
2025-05-23 10:51:04 | INFO |       17.035 ¦     1643           1              0.010 
2025-05-23 10:51:04 | INFO |       17.045 ¦     1644           1              0.010 
2025-05-23 10:51:04 | INFO |       17.055 ¦     1645           1              0.010 
2025-05-23 10:51:04 | INFO |       17.065 ¦     1646           1              0.010 
2025-05-23 10:51:04 | INFO |       17.075 ¦     1647           1              0.010 
2025-05-23 10:51:04 | INFO |       17.085 ¦     1648           1              0.010 
2025-05-23 10:51:04 | INFO |       17.095 ¦     1649           1              0.010 
2025-05-23 10:51:04 | INFO |       17.105 ¦     1650           1              0.010 
2025-05-23 10:51:04 | INFO |       17.115 ¦     1651           1              0.010 
2025-05-23 10:51:04 | INFO |       17.125 ¦     1652           1              0.010 
2025-05-23 10:51:04 | INFO |       17.135 ¦     1653           1              0.010 
2025-05-23 10:51:04 | INFO |       17.145 ¦     1654           1              0.010 
2025-05-23 10:51:04 | INFO |       17.155 ¦     1655           1              0.010 
2025-05-23 10:51:04 | INFO |       17.165 ¦     1656           1              0.010 
2025-05-23 10:51:04 | INFO |       17.175 ¦     1657           1              0.010 
2025-05-23 10:51:04 | INFO |       17.185 ¦     1658           1              0.010 
2025-05-23 10:51:04 | INFO |       17.195 ¦     1659           1              0.010 
2025-05-23 10:51:04 | INFO |       17.205 ¦     1660           1              0.010 
2025-05-23 10:51:04 | INFO |       17.215 ¦     1661           1              0.010 
2025-05-23 10:51:04 | INFO |       17.225 ¦     1662           1              0.010 
2025-05-23 10:51:04 | INFO |       17.235 ¦     1663           1              0.010 
2025-05-23 10:51:04 | INFO |       17.245 ¦     1664           1              0.010 
2025-05-23 10:51:04 | INFO |       17.255 ¦     1665           1              0.010 
2025-05-23 10:51:04 | INFO |       17.265 ¦     1666           1              0.010 
2025-05-23 10:51:04 | INFO |       17.275 ¦     1667           1              0.010 
2025-05-23 10:51:04 | INFO |       17.285 ¦     1668           1              0.010 
2025-05-23 10:51:04 | INFO |       17.295 ¦     1669           1              0.010 
2025-05-23 10:51:04 | INFO |       17.305 ¦     1670           1              0.010 
2025-05-23 10:51:04 | INFO |       17.315 ¦     1671           1              0.010 
2025-05-23 10:51:04 | INFO |       17.325 ¦     1672           1              0.010 
2025-05-23 10:51:04 | INFO |       17.335 ¦     1673           1              0.010 
2025-05-23 10:51:04 | INFO |       17.345 ¦     1674           1              0.010 
2025-05-23 10:51:04 | INFO |       17.355 ¦     1675           1              0.010 
2025-05-23 10:51:04 | INFO |       17.365 ¦     1676           1              0.010 
2025-05-23 10:51:04 | INFO |       17.375 ¦     1677           1              0.010 
2025-05-23 10:51:04 | INFO |       17.385 ¦     1678           1              0.010 
2025-05-23 10:51:04 | INFO |       17.395 ¦     1679           1              0.010 
2025-05-23 10:51:04 | INFO |       17.405 ¦     1680           1              0.010 
2025-05-23 10:51:04 | INFO |       17.415 ¦     1681           1              0.010 
2025-05-23 10:51:04 | INFO |       17.425 ¦     1682           1              0.010 
2025-05-23 10:51:04 | INFO |       17.435 ¦     1683           1              0.010 
2025-05-23 10:51:04 | INFO |       17.445 ¦     1684           1              0.010 
2025-05-23 10:51:04 | INFO |       17.455 ¦     1685           1              0.010 
2025-05-23 10:51:04 | INFO |       17.465 ¦     1686           1              0.010 
2025-05-23 10:51:04 | INFO |       17.475 ¦     1687           1              0.010 
2025-05-23 10:51:04 | INFO |       17.485 ¦     1688           1              0.010 
2025-05-23 10:51:04 | INFO |       17.495 ¦     1689           1              0.010 
2025-05-23 10:51:04 | INFO |       17.505 ¦     1690           1              0.010 
2025-05-23 10:51:04 | INFO |       17.515 ¦     1691           1              0.010 
2025-05-23 10:51:04 | INFO |       17.525 ¦     1692           1              0.010 
2025-05-23 10:51:04 | INFO |       17.535 ¦     1693           1              0.010 
2025-05-23 10:51:04 | INFO |       17.545 ¦     1694           1              0.010 
2025-05-23 10:51:04 | INFO |       17.555 ¦     1695           1              0.010 
2025-05-23 10:51:04 | INFO |       17.565 ¦     1696           1              0.010 
2025-05-23 10:51:04 | INFO |       17.575 ¦     1697           1              0.010 
2025-05-23 10:51:04 | INFO |       17.585 ¦     1698           1              0.010 
2025-05-23 10:51:04 | INFO |       17.595 ¦     1699           1              0.010 
2025-05-23 10:51:04 | INFO |       17.605 ¦     1700           1              0.010 
2025-05-23 10:51:04 | INFO |       17.615 ¦     1701           1              0.010 
2025-05-23 10:51:04 | INFO |       17.625 ¦     1702           1              0.010 
2025-05-23 10:51:04 | INFO |       17.635 ¦     1703           1              0.010 
2025-05-23 10:51:04 | INFO |       17.645 ¦     1704           1              0.010 
2025-05-23 10:51:04 | INFO |       17.655 ¦     1705           1              0.010 
2025-05-23 10:51:04 | INFO |       17.665 ¦     1706           1              0.010 
2025-05-23 10:51:04 | INFO |       17.675 ¦     1707           1              0.010 
2025-05-23 10:51:04 | INFO |       17.685 ¦     1708           1              0.010 
2025-05-23 10:51:04 | INFO |       17.695 ¦     1709           1              0.010 
2025-05-23 10:51:04 | INFO |       17.705 ¦     1710           1              0.010 
2025-05-23 10:51:04 | INFO |       17.715 ¦     1711           1              0.010 
2025-05-23 10:51:04 | INFO |       17.725 ¦     1712           1              0.010 
2025-05-23 10:51:04 | INFO |       17.735 ¦     1713           1              0.010 
2025-05-23 10:51:04 | INFO |       17.745 ¦     1714           1              0.010 
2025-05-23 10:51:04 | INFO |       17.755 ¦     1715           1              0.010 
2025-05-23 10:51:04 | INFO |       17.765 ¦     1716           1              0.010 
2025-05-23 10:51:04 | INFO |       17.775 ¦     1717           1              0.010 
2025-05-23 10:51:04 | INFO |       17.785 ¦     1718           1              0.010 
2025-05-23 10:51:04 | INFO |       17.795 ¦     1719           1              0.010 
2025-05-23 10:51:04 | INFO |       17.805 ¦     1720           1              0.010 
2025-05-23 10:51:04 | INFO |       17.815 ¦     1721           1              0.010 
2025-05-23 10:51:04 | INFO |       17.825 ¦     1722           1              0.010 
2025-05-23 10:51:04 | INFO |       17.835 ¦     1723           1              0.010 
2025-05-23 10:51:04 | INFO |       17.845 ¦     1724           1              0.010 
2025-05-23 10:51:04 | INFO |       17.855 ¦     1725           1              0.010 
2025-05-23 10:51:04 | INFO |       17.865 ¦     1726           1              0.010 
2025-05-23 10:51:04 | INFO |       17.875 ¦     1727           1              0.010 
2025-05-23 10:51:04 | INFO |       17.885 ¦     1728           1              0.010 
2025-05-23 10:51:04 | INFO |       17.895 ¦     1729           1              0.010 
2025-05-23 10:51:04 | INFO |       17.905 ¦     1730           1              0.010 
2025-05-23 10:51:04 | INFO |       17.915 ¦     1731           1              0.010 
2025-05-23 10:51:04 | INFO |       17.925 ¦     1732           1              0.010 
2025-05-23 10:51:04 | INFO |       17.935 ¦     1733           1              0.010 
2025-05-23 10:51:04 | INFO |       17.945 ¦     1734           1              0.010 
2025-05-23 10:51:04 | INFO |       17.955 ¦     1735           1              0.010 
2025-05-23 10:51:04 | INFO |       17.965 ¦     1736           1              0.010 
2025-05-23 10:51:04 | INFO |       17.975 ¦     1737           1              0.010 
2025-05-23 10:51:04 | INFO |       17.985 ¦     1738           1              0.010 
2025-05-23 10:51:04 | INFO |       17.995 ¦     1739           1              0.010 
2025-05-23 10:51:04 | INFO |       18.005 ¦     1740           1              0.010 
2025-05-23 10:51:04 | INFO |       18.015 ¦     1741           1              0.010 
2025-05-23 10:51:04 | INFO |       18.025 ¦     1742           1              0.010 
2025-05-23 10:51:04 | INFO |       18.035 ¦     1743           1              0.010 
2025-05-23 10:51:04 | INFO |       18.045 ¦     1744           1              0.010 
2025-05-23 10:51:04 | INFO |       18.055 ¦     1745           1              0.010 
2025-05-23 10:51:04 | INFO |       18.065 ¦     1746           1              0.010 
2025-05-23 10:51:04 | INFO |       18.075 ¦     1747           1              0.010 
2025-05-23 10:51:04 | INFO |       18.085 ¦     1748           1              0.010 
2025-05-23 10:51:04 | INFO |       18.095 ¦     1749           1              0.010 
2025-05-23 10:51:04 | INFO |       18.105 ¦     1750           1              0.010 
2025-05-23 10:51:04 | INFO |       18.115 ¦     1751           1              0.010 
2025-05-23 10:51:04 | INFO |       18.125 ¦     1752           1              0.010 
2025-05-23 10:51:04 | INFO |       18.135 ¦     1753           1              0.010 
2025-05-23 10:51:04 | INFO |       18.145 ¦     1754           1              0.010 
2025-05-23 10:51:04 | INFO |       18.155 ¦     1755           1              0.010 
2025-05-23 10:51:04 | INFO |       18.165 ¦     1756           1              0.010 
2025-05-23 10:51:04 | INFO |       18.175 ¦     1757           1              0.010 
2025-05-23 10:51:04 | INFO |       18.185 ¦     1758           1              0.010 
2025-05-23 10:51:04 | INFO |       18.195 ¦     1759           1              0.010 
2025-05-23 10:51:04 | INFO |       18.205 ¦     1760           1              0.010 
2025-05-23 10:51:04 | INFO |       18.215 ¦     1761           1              0.010 
2025-05-23 10:51:04 | INFO |       18.225 ¦     1762           1              0.010 
2025-05-23 10:51:04 | INFO |       18.235 ¦     1763           1              0.010 
2025-05-23 10:51:04 | INFO |       18.245 ¦     1764           1              0.010 
2025-05-23 10:51:04 | INFO |       18.255 ¦     1765           1              0.010 
2025-05-23 10:51:04 | INFO |       18.265 ¦     1766           1              0.010 
2025-05-23 10:51:04 | INFO |       18.275 ¦     1767           1              0.010 
2025-05-23 10:51:04 | INFO |       18.285 ¦     1768           1              0.010 
2025-05-23 10:51:04 | INFO |       18.295 ¦     1769           1              0.010 
2025-05-23 10:51:04 | INFO |       18.305 ¦     1770           1              0.010 
2025-05-23 10:51:04 | INFO |       18.315 ¦     1771           1              0.010 
2025-05-23 10:51:04 | INFO |       18.325 ¦     1772           1              0.010 
2025-05-23 10:51:04 | INFO |       18.335 ¦     1773           1              0.010 
2025-05-23 10:51:04 | INFO |       18.345 ¦     1774           1              0.010 
2025-05-23 10:51:04 | INFO |       18.355 ¦     1775           1              0.010 
2025-05-23 10:51:04 | INFO |       18.365 ¦     1776           1              0.010 
2025-05-23 10:51:04 | INFO |       18.375 ¦     1777           1              0.010 
2025-05-23 10:51:04 | INFO |       18.385 ¦     1778           1              0.010 
2025-05-23 10:51:04 | INFO |       18.395 ¦     1779           1              0.010 
2025-05-23 10:51:04 | INFO |       18.405 ¦     1780           1              0.010 
2025-05-23 10:51:04 | INFO |       18.415 ¦     1781           1              0.010 
2025-05-23 10:51:04 | INFO |       18.425 ¦     1782           1              0.010 
2025-05-23 10:51:04 | INFO |       18.435 ¦     1783           1              0.010 
2025-05-23 10:51:04 | INFO |       18.445 ¦     1784           1              0.010 
2025-05-23 10:51:04 | INFO |       18.455 ¦     1785           1              0.010 
2025-05-23 10:51:04 | INFO |       18.465 ¦     1786           1              0.010 
2025-05-23 10:51:04 | INFO |       18.475 ¦     1787           1              0.010 
2025-05-23 10:51:04 | INFO |       18.485 ¦     1788           1              0.010 
2025-05-23 10:51:04 | INFO |       18.495 ¦     1789           1              0.010 
2025-05-23 10:51:04 | INFO |       18.505 ¦     1790           1              0.010 
2025-05-23 10:51:04 | INFO |       18.515 ¦     1791           1              0.010 
2025-05-23 10:51:04 | INFO |       18.525 ¦     1792           1              0.010 
2025-05-23 10:51:04 | INFO |       18.535 ¦     1793           1              0.010 
2025-05-23 10:51:04 | INFO |       18.545 ¦     1794           1              0.010 
2025-05-23 10:51:04 | INFO |       18.555 ¦     1795           1              0.010 
2025-05-23 10:51:04 | INFO |       18.565 ¦     1796           1              0.010 
2025-05-23 10:51:04 | INFO |       18.575 ¦     1797           1              0.010 
2025-05-23 10:51:04 | INFO |       18.585 ¦     1798           1              0.010 
2025-05-23 10:51:04 | INFO |       18.595 ¦     1799           1              0.010 
2025-05-23 10:51:04 | INFO |       18.605 ¦     1800           1              0.010 
2025-05-23 10:51:04 | INFO |       18.615 ¦     1801           1              0.010 
2025-05-23 10:51:04 | INFO |       18.625 ¦     1802           1              0.010 
2025-05-23 10:51:04 | INFO |       18.635 ¦     1803           1              0.010 
2025-05-23 10:51:04 | INFO |       18.645 ¦     1804           1              0.010 
2025-05-23 10:51:04 | INFO |       18.655 ¦     1805           1              0.010 
2025-05-23 10:51:04 | INFO |       18.665 ¦     1806           1              0.010 
2025-05-23 10:51:04 | INFO |       18.675 ¦     1807           1              0.010 
2025-05-23 10:51:04 | INFO |       18.685 ¦     1808           1              0.010 
2025-05-23 10:51:04 | INFO |       18.695 ¦     1809           1              0.010 
2025-05-23 10:51:04 | INFO |       18.705 ¦     1810           1              0.010 
2025-05-23 10:51:04 | INFO |       18.715 ¦     1811           1              0.010 
2025-05-23 10:51:04 | INFO |       18.725 ¦     1812           1              0.010 
2025-05-23 10:51:04 | INFO |       18.735 ¦     1813           1              0.010 
2025-05-23 10:51:04 | INFO |       18.745 ¦     1814           1              0.010 
2025-05-23 10:51:04 | INFO |       18.755 ¦     1815           1              0.010 
2025-05-23 10:51:04 | INFO |       18.765 ¦     1816           1              0.010 
2025-05-23 10:51:04 | INFO |       18.775 ¦     1817           1              0.010 
2025-05-23 10:51:04 | INFO |       18.785 ¦     1818           1              0.010 
2025-05-23 10:51:04 | INFO |       18.795 ¦     1819           1              0.010 
2025-05-23 10:51:04 | INFO |       18.805 ¦     1820           1              0.010 
2025-05-23 10:51:04 | INFO |       18.815 ¦     1821           1              0.010 
2025-05-23 10:51:04 | INFO |       18.825 ¦     1822           1              0.010 
2025-05-23 10:51:04 | INFO |       18.835 ¦     1823           1              0.010 
2025-05-23 10:51:04 | INFO |       18.845 ¦     1824           1              0.010 
2025-05-23 10:51:04 | INFO |       18.855 ¦     1825           1              0.010 
2025-05-23 10:51:04 | INFO |       18.865 ¦     1826           1              0.010 
2025-05-23 10:51:04 | INFO |       18.875 ¦     1827           1              0.010 
2025-05-23 10:51:04 | INFO |       18.885 ¦     1828           1              0.010 
2025-05-23 10:51:04 | INFO |       18.895 ¦     1829           1              0.010 
2025-05-23 10:51:04 | INFO |       18.905 ¦     1830           1              0.010 
2025-05-23 10:51:04 | INFO |       18.915 ¦     1831           1              0.010 
2025-05-23 10:51:04 | INFO |       18.925 ¦     1832           1              0.010 
2025-05-23 10:51:04 | INFO |       18.935 ¦     1833           1              0.010 
2025-05-23 10:51:04 | INFO |       18.945 ¦     1834           1              0.010 
2025-05-23 10:51:04 | INFO |       18.955 ¦     1835           1              0.010 
2025-05-23 10:51:04 | INFO |       18.965 ¦     1836           1              0.010 
2025-05-23 10:51:04 | INFO |       18.975 ¦     1837           1              0.010 
2025-05-23 10:51:04 | INFO |       18.985 ¦     1838           1              0.010 
2025-05-23 10:51:04 | INFO |       18.995 ¦     1839           1              0.010 
2025-05-23 10:51:04 | INFO |       19.005 ¦     1840           1              0.010 
2025-05-23 10:51:04 | INFO |       19.015 ¦     1841           1              0.010 
2025-05-23 10:51:04 | INFO |       19.025 ¦     1842           1              0.010 
2025-05-23 10:51:04 | INFO |       19.035 ¦     1843           1              0.010 
2025-05-23 10:51:04 | INFO |       19.045 ¦     1844           1              0.010 
2025-05-23 10:51:04 | INFO |       19.055 ¦     1845           1              0.010 
2025-05-23 10:51:04 | INFO |       19.065 ¦     1846           1              0.010 
2025-05-23 10:51:04 | INFO |       19.075 ¦     1847           1              0.010 
2025-05-23 10:51:04 | INFO |       19.085 ¦     1848           1              0.010 
2025-05-23 10:51:04 | INFO |       19.095 ¦     1849           1              0.010 
2025-05-23 10:51:04 | INFO |       19.105 ¦     1850           1              0.010 
2025-05-23 10:51:04 | INFO |       19.115 ¦     1851           1              0.010 
2025-05-23 10:51:04 | INFO |       19.125 ¦     1852           1              0.010 
2025-05-23 10:51:04 | INFO |       19.135 ¦     1853           1              0.010 
2025-05-23 10:51:04 | INFO |       19.145 ¦     1854           1              0.010 
2025-05-23 10:51:04 | INFO |       19.155 ¦     1855           1              0.010 
2025-05-23 10:51:04 | INFO |       19.165 ¦     1856           1              0.010 
2025-05-23 10:51:04 | INFO |       19.175 ¦     1857           1              0.010 
2025-05-23 10:51:04 | INFO |       19.185 ¦     1858           1              0.010 
2025-05-23 10:51:04 | INFO |       19.195 ¦     1859           1              0.010 
2025-05-23 10:51:04 | INFO |       19.205 ¦     1860           1              0.010 
2025-05-23 10:51:04 | INFO |       19.215 ¦     1861           1              0.010 
2025-05-23 10:51:04 | INFO |       19.225 ¦     1862           1              0.010 
2025-05-23 10:51:04 | INFO |       19.235 ¦     1863           1              0.010 
2025-05-23 10:51:04 | INFO |       19.245 ¦     1864           1              0.010 
2025-05-23 10:51:04 | INFO |       19.255 ¦     1865           1              0.010 
2025-05-23 10:51:04 | INFO |       19.265 ¦     1866           1              0.010 
2025-05-23 10:51:04 | INFO |       19.275 ¦     1867           1              0.010 
2025-05-23 10:51:04 | INFO |       19.285 ¦     1868           1              0.010 
2025-05-23 10:51:04 | INFO |       19.295 ¦     1869           1              0.010 
2025-05-23 10:51:04 | INFO |       19.305 ¦     1870           1              0.010 
2025-05-23 10:51:04 | INFO |       19.315 ¦     1871           1              0.010 
2025-05-23 10:51:04 | INFO |       19.325 ¦     1872           1              0.010 
2025-05-23 10:51:04 | INFO |       19.335 ¦     1873           1              0.010 
2025-05-23 10:51:04 | INFO |       19.345 ¦     1874           1              0.010 
2025-05-23 10:51:04 | INFO |       19.355 ¦     1875           1              0.010 
2025-05-23 10:51:04 | INFO |       19.365 ¦     1876           1              0.010 
2025-05-23 10:51:04 | INFO |       19.375 ¦     1877           1              0.010 
2025-05-23 10:51:04 | INFO |       19.385 ¦     1878           1              0.010 
2025-05-23 10:51:04 | INFO |       19.395 ¦     1879           1              0.010 
2025-05-23 10:51:04 | INFO |       19.405 ¦     1880           1              0.010 
2025-05-23 10:51:04 | INFO |       19.415 ¦     1881           1              0.010 
2025-05-23 10:51:04 | INFO |       19.425 ¦     1882           1              0.010 
2025-05-23 10:51:04 | INFO |       19.435 ¦     1883           1              0.010 
2025-05-23 10:51:04 | INFO |       19.445 ¦     1884           1              0.010 
2025-05-23 10:51:04 | INFO |       19.455 ¦     1885           1              0.010 
2025-05-23 10:51:04 | INFO |       19.465 ¦     1886           1              0.010 
2025-05-23 10:51:04 | INFO |       19.475 ¦     1887           1              0.010 
2025-05-23 10:51:04 | INFO |       19.485 ¦     1888           1              0.010 
2025-05-23 10:51:04 | INFO |       19.495 ¦     1889           1              0.010 
2025-05-23 10:51:04 | INFO |       19.505 ¦     1890           1              0.010 
2025-05-23 10:51:04 | INFO |       19.515 ¦     1891           1              0.010 
2025-05-23 10:51:04 | INFO |       19.525 ¦     1892           1              0.010 
2025-05-23 10:51:04 | INFO |       19.535 ¦     1893           1              0.010 
2025-05-23 10:51:04 | INFO |       19.545 ¦     1894           1              0.010 
2025-05-23 10:51:04 | INFO |       19.555 ¦     1895           1              0.010 
2025-05-23 10:51:04 | INFO |       19.565 ¦     1896           1              0.010 
2025-05-23 10:51:04 | INFO |       19.575 ¦     1897           1              0.010 
2025-05-23 10:51:04 | INFO |       19.585 ¦     1898           1              0.010 
2025-05-23 10:51:04 | INFO |       19.595 ¦     1899           1              0.010 
2025-05-23 10:51:04 | INFO |       19.605 ¦     1900           1              0.010 
2025-05-23 10:51:04 | INFO |       19.615 ¦     1901           1              0.010 
2025-05-23 10:51:04 | INFO |       19.625 ¦     1902           1              0.010 
2025-05-23 10:51:04 | INFO |       19.635 ¦     1903           1              0.010 
2025-05-23 10:51:04 | INFO |       19.645 ¦     1904           1              0.010 
2025-05-23 10:51:04 | INFO |       19.655 ¦     1905           1              0.010 
2025-05-23 10:51:04 | INFO |       19.665 ¦     1906           1              0.010 
2025-05-23 10:51:04 | INFO |       19.675 ¦     1907           1              0.010 
2025-05-23 10:51:04 | INFO |       19.685 ¦     1908           1              0.010 
2025-05-23 10:51:04 | INFO |       19.695 ¦     1909           1              0.010 
2025-05-23 10:51:04 | INFO |       19.705 ¦     1910           1              0.010 
2025-05-23 10:51:04 | INFO |       19.715 ¦     1911           1              0.010 
2025-05-23 10:51:04 | INFO |       19.725 ¦     1912           1              0.010 
2025-05-23 10:51:04 | INFO |       19.735 ¦     1913           1              0.010 
2025-05-23 10:51:04 | INFO |       19.745 ¦     1914           1              0.010 
2025-05-23 10:51:04 | INFO |       19.755 ¦     1915           1              0.010 
2025-05-23 10:51:04 | INFO |       19.765 ¦     1916           1              0.010 
2025-05-23 10:51:04 | INFO |       19.775 ¦     1917           1              0.010 
2025-05-23 10:51:04 | INFO |       19.785 ¦     1918           1              0.010 
2025-05-23 10:51:04 | INFO |       19.795 ¦     1919           1              0.010 
2025-05-23 10:51:04 | INFO |       19.805 ¦     1920           1              0.010 
2025-05-23 10:51:04 | INFO |       19.815 ¦     1921           1              0.010 
2025-05-23 10:51:04 | INFO |       19.825 ¦     1922           1              0.010 
2025-05-23 10:51:04 | INFO |       19.835 ¦     1923           1              0.010 
2025-05-23 10:51:04 | INFO |       19.845 ¦     1924           1              0.010 
2025-05-23 10:51:04 | INFO |       19.855 ¦     1925           1              0.010 
2025-05-23 10:51:04 | INFO |       19.865 ¦     1926           1              0.010 
2025-05-23 10:51:04 | INFO |       19.875 ¦     1927           1              0.010 
2025-05-23 10:51:04 | INFO |       19.885 ¦     1928           1              0.010 
2025-05-23 10:51:04 | INFO |       19.895 ¦     1929           1              0.010 
2025-05-23 10:51:04 | INFO |       19.905 ¦     1930           1              0.010 
2025-05-23 10:51:04 | INFO |       19.915 ¦     1931           1              0.010 
2025-05-23 10:51:04 | INFO |       19.925 ¦     1932           1              0.010 
2025-05-23 10:51:04 | INFO |       19.935 ¦     1933           1              0.010 
2025-05-23 10:51:04 | INFO |       19.945 ¦     1934           1              0.010 
2025-05-23 10:51:04 | INFO |       19.955 ¦     1935           1              0.010 
2025-05-23 10:51:04 | INFO |       19.965 ¦     1936           1              0.010 
2025-05-23 10:51:04 | INFO |       19.975 ¦     1937           1              0.010 
2025-05-23 10:51:04 | INFO |       19.985 ¦     1938           1              0.010 
2025-05-23 10:51:04 | INFO |       19.995 ¦     1939           1              0.010 
2025-05-23 10:51:04 | INFO |       20.005 ¦     1940           1              0.010 
2025-05-23 10:51:04 | INFO |       20.015 ¦     1941           1              0.010 
2025-05-23 10:51:04 | INFO |       20.025 ¦     1942           1              0.010 
2025-05-23 10:51:04 | INFO |       20.035 ¦     1943           1              0.010 
2025-05-23 10:51:04 | INFO |       20.045 ¦     1944           1              0.010 
2025-05-23 10:51:04 | INFO |       20.055 ¦     1945           1              0.010 
2025-05-23 10:51:04 | INFO |       20.065 ¦     1946           1              0.010 
2025-05-23 10:51:04 | INFO |       20.075 ¦     1947           1              0.010 
2025-05-23 10:51:04 | INFO |       20.085 ¦     1948           1              0.010 
2025-05-23 10:51:04 | INFO |       20.095 ¦     1949           1              0.010 
2025-05-23 10:51:04 | INFO |       20.105 ¦     1950           1              0.010 
2025-05-23 10:51:04 | INFO |       20.115 ¦     1951           1              0.010 
2025-05-23 10:51:04 | INFO |       20.125 ¦     1952           1              0.010 
2025-05-23 10:51:04 | INFO |       20.135 ¦     1953           1              0.010 
2025-05-23 10:51:04 | INFO |       20.145 ¦     1954           1              0.010 
2025-05-23 10:51:04 | INFO |       20.155 ¦     1955           1              0.010 
2025-05-23 10:51:04 | INFO |       20.165 ¦     1956           1              0.010 
2025-05-23 10:51:04 | INFO |       20.175 ¦     1957           1              0.010 
2025-05-23 10:51:04 | INFO |       20.185 ¦     1958           1              0.010 
2025-05-23 10:51:04 | INFO |       20.195 ¦     1959           1              0.010 
2025-05-23 10:51:04 | INFO |       20.205 ¦     1960           1              0.010 
2025-05-23 10:51:04 | INFO |       20.215 ¦     1961           1              0.010 
2025-05-23 10:51:04 | INFO |       20.225 ¦     1962           1              0.010 
2025-05-23 10:51:04 | INFO |       20.235 ¦     1963           1              0.010 
2025-05-23 10:51:04 | INFO |       20.245 ¦     1964           1              0.010 
2025-05-23 10:51:04 | INFO |       20.255 ¦     1965           1              0.010 
2025-05-23 10:51:04 | INFO |       20.265 ¦     1966           1              0.010 
2025-05-23 10:51:04 | INFO |       20.275 ¦     1967           1              0.010 
2025-05-23 10:51:04 | INFO |       20.285 ¦     1968           1              0.010 
2025-05-23 10:51:04 | INFO |       20.295 ¦     1969           1              0.010 
2025-05-23 10:51:04 | INFO |       20.305 ¦     1970           1              0.010 
2025-05-23 10:51:04 | INFO |       20.315 ¦     1971           1              0.010 
2025-05-23 10:51:04 | INFO |       20.325 ¦     1972           1              0.010 
2025-05-23 10:51:04 | INFO |       20.335 ¦     1973           1              0.010 
2025-05-23 10:51:04 | INFO |       20.345 ¦     1974           1              0.010 
2025-05-23 10:51:04 | INFO |       20.355 ¦     1975           1              0.010 
2025-05-23 10:51:04 | INFO |       20.365 ¦     1976           1              0.010 
2025-05-23 10:51:04 | INFO |       20.375 ¦     1977           1              0.010 
2025-05-23 10:51:04 | INFO |       20.385 ¦     1978           1              0.010 
2025-05-23 10:51:04 | INFO |       20.395 ¦     1979           1              0.010 
2025-05-23 10:51:04 | INFO |       20.405 ¦     1980           1              0.010 
2025-05-23 10:51:04 | INFO |       20.415 ¦     1981           1              0.010 
2025-05-23 10:51:04 | INFO |       20.425 ¦     1982           1              0.010 
2025-05-23 10:51:04 | INFO |       20.435 ¦     1983           1              0.010 
2025-05-23 10:51:04 | INFO |       20.445 ¦     1984           1              0.010 
2025-05-23 10:51:04 | INFO |       20.455 ¦     1985           1              0.010 
2025-05-23 10:51:04 | INFO |       20.465 ¦     1986           1              0.010 
2025-05-23 10:51:04 | INFO |       20.475 ¦     1987           1              0.010 
2025-05-23 10:51:04 | INFO |       20.485 ¦     1988           1              0.010 
2025-05-23 10:51:04 | INFO |       20.495 ¦     1989           1              0.010 
2025-05-23 10:51:04 | INFO |       20.505 ¦     1990           1              0.010 
2025-05-23 10:51:04 | INFO |       20.515 ¦     1991           1              0.010 
2025-05-23 10:51:04 | INFO |       20.525 ¦     1992           1              0.010 
2025-05-23 10:51:04 | INFO |       20.535 ¦     1993           1              0.010 
2025-05-23 10:51:04 | INFO |       20.545 ¦     1994           1              0.010 
2025-05-23 10:51:04 | INFO |       20.555 ¦     1995           1              0.010 
2025-05-23 10:51:04 | INFO |       20.565 ¦     1996           1              0.010 
2025-05-23 10:51:04 | INFO |       20.575 ¦     1997           1              0.010 
2025-05-23 10:51:04 | INFO |       20.585 ¦     1998           1              0.010 
2025-05-23 10:51:04 | INFO |       20.595 ¦     1999           1              0.010 
2025-05-23 10:51:04 | INFO |       20.605 ¦     2000           1              0.010 
2025-05-23 10:51:04 | INFO |       20.615 ¦     2001           1              0.010 
2025-05-23 10:51:04 | INFO |       20.625 ¦     2002           1              0.010 
2025-05-23 10:51:04 | INFO |       20.635 ¦     2003           1              0.010 
2025-05-23 10:51:04 | INFO |       20.645 ¦     2004           1              0.010 
2025-05-23 10:51:04 | INFO |       20.655 ¦     2005           1              0.010 
2025-05-23 10:51:04 | INFO |       20.665 ¦     2006           1              0.010 
2025-05-23 10:51:04 | INFO |       20.675 ¦     2007           1              0.010 
2025-05-23 10:51:04 | INFO |       20.685 ¦     2008           1              0.010 
2025-05-23 10:51:04 | INFO |       20.695 ¦     2009           1              0.010 
2025-05-23 10:51:04 | INFO |       20.705 ¦     2010           1              0.010 
2025-05-23 10:51:04 | INFO |       20.715 ¦     2011           1              0.010 
2025-05-23 10:51:04 | INFO |       20.725 ¦     2012           1              0.010 
2025-05-23 10:51:04 | INFO |       20.735 ¦     2013           1              0.010 
2025-05-23 10:51:04 | INFO |       20.745 ¦     2014           1              0.010 
2025-05-23 10:51:04 | INFO |       20.755 ¦     2015           1              0.010 
2025-05-23 10:51:04 | INFO |       20.765 ¦     2016           1              0.010 
2025-05-23 10:51:04 | INFO |       20.775 ¦     2017           1              0.010 
2025-05-23 10:51:04 | INFO |       20.785 ¦     2018           1              0.010 
2025-05-23 10:51:04 | INFO |       20.795 ¦     2019           1              0.010 
2025-05-23 10:51:04 | INFO |       20.805 ¦     2020           1              0.010 
2025-05-23 10:51:04 | INFO |       20.815 ¦     2021           1              0.010 
2025-05-23 10:51:04 | INFO |       20.825 ¦     2022           1              0.010 
2025-05-23 10:51:04 | INFO |       20.835 ¦     2023           1              0.010 
2025-05-23 10:51:04 | INFO |       20.845 ¦     2024           1              0.010 
2025-05-23 10:51:04 | INFO |       20.855 ¦     2025           1              0.010 
2025-05-23 10:51:04 | INFO |       20.865 ¦     2026           1              0.010 
2025-05-23 10:51:04 | INFO |       20.875 ¦     2027           1              0.010 
2025-05-23 10:51:04 | INFO |       20.885 ¦     2028           1              0.010 
2025-05-23 10:51:04 | INFO |       20.895 ¦     2029           1              0.010 
2025-05-23 10:51:04 | INFO |       20.905 ¦     2030           1              0.010 
2025-05-23 10:51:04 | INFO |       20.915 ¦     2031           1              0.010 
2025-05-23 10:51:04 | INFO |       20.925 ¦     2032           1              0.010 
2025-05-23 10:51:04 | INFO |       20.935 ¦     2033           1              0.010 
2025-05-23 10:51:04 | INFO |       20.945 ¦     2034           1              0.010 
2025-05-23 10:51:04 | INFO |       20.955 ¦     2035           1              0.010 
2025-05-23 10:51:04 | INFO |       20.965 ¦     2036           1              0.010 
2025-05-23 10:51:04 | INFO |       20.975 ¦     2037           1              0.010 
2025-05-23 10:51:04 | INFO |       20.985 ¦     2038           1              0.010 
2025-05-23 10:51:04 | INFO |       20.995 ¦     2039           1              0.010 
2025-05-23 10:51:04 | INFO |       21.005 ¦     2040           1              0.010 
2025-05-23 10:51:04 | INFO |       21.015 ¦     2041           1              0.010 
2025-05-23 10:51:04 | INFO |       21.025 ¦     2042           1              0.010 
2025-05-23 10:51:04 | INFO |       21.035 ¦     2043           1              0.010 
2025-05-23 10:51:04 | INFO |       21.045 ¦     2044           1              0.010 
2025-05-23 10:51:04 | INFO |       21.055 ¦     2045           1              0.010 
2025-05-23 10:51:04 | INFO |       21.065 ¦     2046           1              0.010 
2025-05-23 10:51:04 | INFO |       21.075 ¦     2047           1              0.010 
2025-05-23 10:51:04 | INFO |       21.085 ¦     2048           1              0.010 
2025-05-23 10:51:04 | INFO |       21.095 ¦     2049           1              0.010 
2025-05-23 10:51:04 | INFO |       21.105 ¦     2050           1              0.010 
2025-05-23 10:51:04 | INFO |       21.115 ¦     2051           1              0.010 
2025-05-23 10:51:04 | INFO |       21.125 ¦     2052           1              0.010 
2025-05-23 10:51:04 | INFO |       21.135 ¦     2053           1              0.010 
2025-05-23 10:51:04 | INFO |       21.145 ¦     2054           1              0.010 
2025-05-23 10:51:04 | INFO |       21.155 ¦     2055           1              0.010 
2025-05-23 10:51:04 | INFO |       21.165 ¦     2056           1              0.010 
2025-05-23 10:51:04 | INFO |       21.175 ¦     2057           1              0.010 
2025-05-23 10:51:04 | INFO |       21.185 ¦     2058           1              0.010 
2025-05-23 10:51:04 | INFO |       21.195 ¦     2059           1              0.010 
2025-05-23 10:51:04 | INFO |       21.205 ¦     2060           1              0.010 
2025-05-23 10:51:04 | INFO |       21.215 ¦     2061           1              0.010 
2025-05-23 10:51:04 | INFO |       21.225 ¦     2062           1              0.010 
2025-05-23 10:51:04 | INFO |       21.235 ¦     2063           1              0.010 
2025-05-23 10:51:04 | INFO |       21.245 ¦     2064           1              0.010 
2025-05-23 10:51:04 | INFO |       21.255 ¦     2065           1              0.010 
2025-05-23 10:51:04 | INFO |       21.265 ¦     2066           1              0.010 
2025-05-23 10:51:04 | INFO |       21.275 ¦     2067           1              0.010 
2025-05-23 10:51:04 | INFO |       21.285 ¦     2068           1              0.010 
2025-05-23 10:51:04 | INFO |       21.295 ¦     2069           1              0.010 
2025-05-23 10:51:04 | INFO |       21.305 ¦     2070           1              0.010 
2025-05-23 10:51:04 | INFO |       21.315 ¦     2071           1              0.010 
2025-05-23 10:51:04 | INFO |       21.325 ¦     2072           1              0.010 
2025-05-23 10:51:04 | INFO |       21.335 ¦     2073           1              0.010 
2025-05-23 10:51:04 | INFO |       21.345 ¦     2074           1              0.010 
2025-05-23 10:51:04 | INFO |       21.355 ¦     2075           1              0.010 
2025-05-23 10:51:04 | INFO |       21.365 ¦     2076           1              0.010 
2025-05-23 10:51:04 | INFO |       21.375 ¦     2077           1              0.010 
2025-05-23 10:51:04 | INFO |       21.385 ¦     2078           1              0.010 
2025-05-23 10:51:04 | INFO |       21.395 ¦     2079           1              0.010 
2025-05-23 10:51:04 | INFO |       21.405 ¦     2080           1              0.010 
2025-05-23 10:51:04 | INFO |       21.415 ¦     2081           1              0.010 
2025-05-23 10:51:04 | INFO |       21.425 ¦     2082           1              0.010 
2025-05-23 10:51:04 | INFO |       21.435 ¦     2083           1              0.010 
2025-05-23 10:51:04 | INFO |       21.445 ¦     2084           1              0.010 
2025-05-23 10:51:04 | INFO |       21.455 ¦     2085           1              0.010 
2025-05-23 10:51:04 | INFO |       21.465 ¦     2086           1              0.010 
2025-05-23 10:51:04 | INFO |       21.475 ¦     2087           1              0.010 
2025-05-23 10:51:04 | INFO |       21.485 ¦     2088           1              0.010 
2025-05-23 10:51:04 | INFO |       21.495 ¦     2089           1              0.010 
2025-05-23 10:51:04 | INFO |       21.505 ¦     2090           1              0.010 
2025-05-23 10:51:04 | INFO |       21.515 ¦     2091           1              0.010 
2025-05-23 10:51:04 | INFO |       21.525 ¦     2092           1              0.010 
2025-05-23 10:51:04 | INFO |       21.535 ¦     2093           1              0.010 
2025-05-23 10:51:04 | INFO |       21.545 ¦     2094           1              0.010 
2025-05-23 10:51:04 | INFO |       21.555 ¦     2095           1              0.010 
2025-05-23 10:51:04 | INFO |       21.565 ¦     2096           1              0.010 
2025-05-23 10:51:04 | INFO |       21.575 ¦     2097           1              0.010 
2025-05-23 10:51:04 | INFO |       21.585 ¦     2098           1              0.010 
2025-05-23 10:51:04 | INFO |       21.595 ¦     2099           1              0.010 
2025-05-23 10:51:04 | INFO |       21.605 ¦     2100           1              0.010 
2025-05-23 10:51:04 | INFO |       21.615 ¦     2101           1              0.010 
2025-05-23 10:51:04 | INFO |       21.625 ¦     2102           1              0.010 
2025-05-23 10:51:04 | INFO |       21.635 ¦     2103           1              0.010 
2025-05-23 10:51:04 | INFO |       21.645 ¦     2104           1              0.010 
2025-05-23 10:51:04 | INFO |       21.655 ¦     2105           1              0.010 
2025-05-23 10:51:04 | INFO |       21.665 ¦     2106           1              0.010 
2025-05-23 10:51:04 | INFO |       21.675 ¦     2107           1              0.010 
2025-05-23 10:51:04 | INFO |       21.685 ¦     2108           1              0.010 
2025-05-23 10:51:04 | INFO |       21.695 ¦     2109           1              0.010 
2025-05-23 10:51:04 | INFO |       21.705 ¦     2110           1              0.010 
2025-05-23 10:51:04 | INFO |       21.715 ¦     2111           1              0.010 
2025-05-23 10:51:04 | INFO |       21.725 ¦     2112           1              0.010 
2025-05-23 10:51:04 | INFO |       21.735 ¦     2113           1              0.010 
2025-05-23 10:51:04 | INFO |       21.745 ¦     2114           1              0.010 
2025-05-23 10:51:04 | INFO |       21.755 ¦     2115           1              0.010 
2025-05-23 10:51:04 | INFO |       21.765 ¦     2116           1              0.010 
2025-05-23 10:51:04 | INFO |       21.775 ¦     2117           1              0.010 
2025-05-23 10:51:04 | INFO |       21.785 ¦     2118           1              0.010 
2025-05-23 10:51:04 | INFO |       21.795 ¦     2119           1              0.010 
2025-05-23 10:51:04 | INFO |       21.805 ¦     2120           1              0.010 
2025-05-23 10:51:04 | INFO |       21.815 ¦     2121           1              0.010 
2025-05-23 10:51:04 | INFO |       21.825 ¦     2122           1              0.010 
2025-05-23 10:51:04 | INFO |       21.835 ¦     2123           1              0.010 
2025-05-23 10:51:04 | INFO |       21.845 ¦     2124           1              0.010 
2025-05-23 10:51:04 | INFO |       21.855 ¦     2125           1              0.010 
2025-05-23 10:51:04 | INFO |       21.865 ¦     2126           1              0.010 
2025-05-23 10:51:04 | INFO |       21.875 ¦     2127           1              0.010 
2025-05-23 10:51:04 | INFO |       21.885 ¦     2128           1              0.010 
2025-05-23 10:51:04 | INFO |       21.895 ¦     2129           1              0.010 
2025-05-23 10:51:04 | INFO |       21.905 ¦     2130           1              0.010 
2025-05-23 10:51:04 | INFO |       21.915 ¦     2131           1              0.010 
2025-05-23 10:51:04 | INFO |       21.925 ¦     2132           1              0.010 
2025-05-23 10:51:04 | INFO |       21.935 ¦     2133           1              0.010 
2025-05-23 10:51:04 | INFO |       21.945 ¦     2134           1              0.010 
2025-05-23 10:51:04 | INFO |       21.955 ¦     2135           1              0.010 
2025-05-23 10:51:04 | INFO |       21.965 ¦     2136           1              0.010 
2025-05-23 10:51:04 | INFO |       21.975 ¦     2137           1              0.010 
2025-05-23 10:51:04 | INFO |       21.985 ¦     2138           1              0.010 
2025-05-23 10:51:04 | INFO |       21.995 ¦     2139           1              0.010 
2025-05-23 10:51:04 | INFO |       22.005 ¦     2140           1              0.010 
2025-05-23 10:51:04 | INFO |       22.015 ¦     2141           1              0.010 
2025-05-23 10:51:04 | INFO |       22.025 ¦     2142           1              0.010 
2025-05-23 10:51:04 | INFO |       22.035 ¦     2143           1              0.010 
2025-05-23 10:51:04 | INFO |       22.045 ¦     2144           1              0.010 
2025-05-23 10:51:04 | INFO |       22.055 ¦     2145           1              0.010 
2025-05-23 10:51:04 | INFO |       22.065 ¦     2146           1              0.010 
2025-05-23 10:51:04 | INFO |       22.075 ¦     2147           1              0.010 
2025-05-23 10:51:04 | INFO |       22.085 ¦     2148           1              0.010 
2025-05-23 10:51:04 | INFO |       22.095 ¦     2149           1              0.010 
2025-05-23 10:51:04 | INFO |       22.105 ¦     2150           1              0.010 
2025-05-23 10:51:04 | INFO |       22.115 ¦     2151           1              0.010 
2025-05-23 10:51:04 | INFO |       22.125 ¦     2152           1              0.010 
2025-05-23 10:51:04 | INFO |       22.135 ¦     2153           1              0.010 
2025-05-23 10:51:04 | INFO |       22.145 ¦     2154           1              0.010 
2025-05-23 10:51:04 | INFO |       22.155 ¦     2155           1              0.010 
2025-05-23 10:51:04 | INFO |       22.165 ¦     2156           1              0.010 
2025-05-23 10:51:04 | INFO |       22.175 ¦     2157           1              0.010 
2025-05-23 10:51:04 | INFO |       22.185 ¦     2158           1              0.010 
2025-05-23 10:51:04 | INFO |       22.195 ¦     2159           1              0.010 
2025-05-23 10:51:04 | INFO |       22.205 ¦     2160           1              0.010 
2025-05-23 10:51:04 | INFO |       22.215 ¦     2161           1              0.010 
2025-05-23 10:51:04 | INFO |       22.225 ¦     2162           1              0.010 
2025-05-23 10:51:04 | INFO |       22.235 ¦     2163           1              0.010 
2025-05-23 10:51:04 | INFO |       22.245 ¦     2164           1              0.010 
2025-05-23 10:51:04 | INFO |       22.255 ¦     2165           1              0.010 
2025-05-23 10:51:04 | INFO |       22.265 ¦     2166           1              0.010 
2025-05-23 10:51:04 | INFO |       22.275 ¦     2167           1              0.010 
2025-05-23 10:51:04 | INFO |       22.285 ¦     2168           1              0.010 
2025-05-23 10:51:04 | INFO |       22.295 ¦     2169           1              0.010 
2025-05-23 10:51:04 | INFO |       22.305 ¦     2170           1              0.010 
2025-05-23 10:51:04 | INFO |       22.315 ¦     2171           1              0.010 
2025-05-23 10:51:04 | INFO |       22.325 ¦     2172           1              0.010 
2025-05-23 10:51:04 | INFO |       22.335 ¦     2173           1              0.010 
2025-05-23 10:51:04 | INFO |       22.345 ¦     2174           1              0.010 
2025-05-23 10:51:04 | INFO |       22.355 ¦     2175           1              0.010 
2025-05-23 10:51:04 | INFO |       22.365 ¦     2176           1              0.010 
2025-05-23 10:51:04 | INFO |       22.375 ¦     2177           1              0.010 
2025-05-23 10:51:04 | INFO |       22.385 ¦     2178           1              0.010 
2025-05-23 10:51:04 | INFO |       22.395 ¦     2179           1              0.010 
2025-05-23 10:51:04 | INFO |       22.405 ¦     2180           1              0.010 
2025-05-23 10:51:04 | INFO |       22.415 ¦     2181           1              0.010 
2025-05-23 10:51:04 | INFO |       22.425 ¦     2182           1              0.010 
2025-05-23 10:51:04 | INFO |       22.435 ¦     2183           1              0.010 
2025-05-23 10:51:04 | INFO |       22.445 ¦     2184           1              0.010 
2025-05-23 10:51:04 | INFO |       22.455 ¦     2185           1              0.010 
2025-05-23 10:51:04 | INFO |       22.465 ¦     2186           1              0.010 
2025-05-23 10:51:04 | INFO |       22.475 ¦     2187           1              0.010 
2025-05-23 10:51:04 | INFO |       22.485 ¦     2188           1              0.010 
2025-05-23 10:51:04 | INFO |       22.495 ¦     2189           1              0.010 
2025-05-23 10:51:04 | INFO |       22.505 ¦     2190           1              0.010 
2025-05-23 10:51:04 | INFO |       22.515 ¦     2191           1              0.010 
2025-05-23 10:51:04 | INFO |       22.525 ¦     2192           1              0.010 
2025-05-23 10:51:04 | INFO |       22.535 ¦     2193           1              0.010 
2025-05-23 10:51:04 | INFO |       22.545 ¦     2194           1              0.010 
2025-05-23 10:51:04 | INFO |       22.555 ¦     2195           1              0.010 
2025-05-23 10:51:04 | INFO |       22.565 ¦     2196           1              0.010 
2025-05-23 10:51:04 | INFO |       22.575 ¦     2197           1              0.010 
2025-05-23 10:51:04 | INFO |       22.585 ¦     2198           1              0.010 
2025-05-23 10:51:04 | INFO |       22.595 ¦     2199           1              0.010 
2025-05-23 10:51:04 | INFO |       22.605 ¦     2200           1              0.010 
2025-05-23 10:51:04 | INFO |       22.615 ¦     2201           1              0.010 
2025-05-23 10:51:04 | INFO |       22.625 ¦     2202           1              0.010 
2025-05-23 10:51:04 | INFO |       22.635 ¦     2203           1              0.010 
2025-05-23 10:51:04 | INFO |       22.645 ¦     2204           1              0.010 
2025-05-23 10:51:04 | INFO |       22.655 ¦     2205           1              0.010 
2025-05-23 10:51:04 | INFO |       22.665 ¦     2206           1              0.010 
2025-05-23 10:51:04 | INFO |       22.675 ¦     2207           1              0.010 
2025-05-23 10:51:04 | INFO |       22.685 ¦     2208           1              0.010 
2025-05-23 10:51:04 | INFO |       22.695 ¦     2209           1              0.010 
2025-05-23 10:51:04 | INFO |       22.705 ¦     2210           1              0.010 
2025-05-23 10:51:04 | INFO |       22.715 ¦     2211           1              0.010 
2025-05-23 10:51:04 | INFO |       22.725 ¦     2212           1              0.010 
2025-05-23 10:51:04 | INFO |       22.735 ¦     2213           1              0.010 
2025-05-23 10:51:04 | INFO |       22.745 ¦     2214           1              0.010 
2025-05-23 10:51:04 | INFO |       22.755 ¦     2215           1              0.010 
2025-05-23 10:51:04 | INFO |       22.765 ¦     2216           1              0.010 
2025-05-23 10:51:04 | INFO |       22.775 ¦     2217           1              0.010 
2025-05-23 10:51:04 | INFO |       22.785 ¦     2218           1              0.010 
2025-05-23 10:51:04 | INFO |       22.795 ¦     2219           1              0.010 
2025-05-23 10:51:04 | INFO |       22.805 ¦     2220           1              0.010 
2025-05-23 10:51:04 | INFO |       22.815 ¦     2221           1              0.010 
2025-05-23 10:51:04 | INFO |       22.825 ¦     2222           1              0.010 
2025-05-23 10:51:04 | INFO |       22.835 ¦     2223           1              0.010 
2025-05-23 10:51:04 | INFO |       22.845 ¦     2224           1              0.010 
2025-05-23 10:51:04 | INFO |       22.855 ¦     2225           1              0.010 
2025-05-23 10:51:04 | INFO |       22.865 ¦     2226           1              0.010 
2025-05-23 10:51:04 | INFO |       22.875 ¦     2227           1              0.010 
2025-05-23 10:51:04 | INFO |       22.885 ¦     2228           1              0.010 
2025-05-23 10:51:04 | INFO |       22.895 ¦     2229           1              0.010 
2025-05-23 10:51:04 | INFO |       22.905 ¦     2230           1              0.010 
2025-05-23 10:51:04 | INFO |       22.915 ¦     2231           1              0.010 
2025-05-23 10:51:04 | INFO |       22.925 ¦     2232           1              0.010 
2025-05-23 10:51:04 | INFO |       22.935 ¦     2233           1              0.010 
2025-05-23 10:51:04 | INFO |       22.945 ¦     2234           1              0.010 
2025-05-23 10:51:04 | INFO |       22.955 ¦     2235           1              0.010 
2025-05-23 10:51:04 | INFO |       22.965 ¦     2236           1              0.010 
2025-05-23 10:51:04 | INFO |       22.975 ¦     2237           1              0.010 
2025-05-23 10:51:04 | INFO |       22.985 ¦     2238           1              0.010 
2025-05-23 10:51:04 | INFO |       22.995 ¦     2239           1              0.010 
2025-05-23 10:51:04 | INFO |       23.005 ¦     2240           1              0.010 
2025-05-23 10:51:04 | INFO |       23.015 ¦     2241           1              0.010 
2025-05-23 10:51:04 | INFO |       23.025 ¦     2242           1              0.010 
2025-05-23 10:51:04 | INFO |       23.035 ¦     2243           1              0.010 
2025-05-23 10:51:04 | INFO |       23.045 ¦     2244           1              0.010 
2025-05-23 10:51:04 | INFO |       23.055 ¦     2245           1              0.010 
2025-05-23 10:51:04 | INFO |       23.065 ¦     2246           1              0.010 
2025-05-23 10:51:04 | INFO |       23.075 ¦     2247           1              0.010 
2025-05-23 10:51:04 | INFO |       23.085 ¦     2248           1              0.010 
2025-05-23 10:51:04 | INFO |       23.095 ¦     2249           1              0.010 
2025-05-23 10:51:04 | INFO |       23.105 ¦     2250           1              0.010 
2025-05-23 10:51:04 | INFO |       23.115 ¦     2251           1              0.010 
2025-05-23 10:51:04 | INFO |       23.125 ¦     2252           1              0.010 
2025-05-23 10:51:04 | INFO |       23.135 ¦     2253           1              0.010 
2025-05-23 10:51:04 | INFO |       23.145 ¦     2254           1              0.010 
2025-05-23 10:51:04 | INFO |       23.155 ¦     2255           1              0.010 
2025-05-23 10:51:04 | INFO |       23.165 ¦     2256           1              0.010 
2025-05-23 10:51:04 | INFO |       23.175 ¦     2257           1              0.010 
2025-05-23 10:51:04 | INFO |       23.185 ¦     2258           1              0.010 
2025-05-23 10:51:04 | INFO |       23.195 ¦     2259           1              0.010 
2025-05-23 10:51:04 | INFO |       23.205 ¦     2260           1              0.010 
2025-05-23 10:51:04 | INFO |       23.215 ¦     2261           1              0.010 
2025-05-23 10:51:04 | INFO |       23.225 ¦     2262           1              0.010 
2025-05-23 10:51:04 | INFO |       23.235 ¦     2263           1              0.010 
2025-05-23 10:51:04 | INFO |       23.245 ¦     2264           1              0.010 
2025-05-23 10:51:04 | INFO |       23.255 ¦     2265           1              0.010 
2025-05-23 10:51:04 | INFO |       23.265 ¦     2266           1              0.010 
2025-05-23 10:51:04 | INFO |       23.275 ¦     2267           1              0.010 
2025-05-23 10:51:04 | INFO |       23.285 ¦     2268           1              0.010 
2025-05-23 10:51:04 | INFO |       23.295 ¦     2269           1              0.010 
2025-05-23 10:51:04 | INFO |       23.305 ¦     2270           1              0.010 
2025-05-23 10:51:04 | INFO |       23.315 ¦     2271           1              0.010 
2025-05-23 10:51:04 | INFO |       23.325 ¦     2272           1              0.010 
2025-05-23 10:51:04 | INFO |       23.335 ¦     2273           1              0.010 
2025-05-23 10:51:04 | INFO |       23.345 ¦     2274           1              0.010 
2025-05-23 10:51:04 | INFO |       23.355 ¦     2275           1              0.010 
2025-05-23 10:51:04 | INFO |       23.365 ¦     2276           1              0.010 
2025-05-23 10:51:04 | INFO |       23.375 ¦     2277           1              0.010 
2025-05-23 10:51:04 | INFO |       23.385 ¦     2278           1              0.010 
2025-05-23 10:51:04 | INFO |       23.395 ¦     2279           1              0.010 
2025-05-23 10:51:04 | INFO |       23.405 ¦     2280           1              0.010 
2025-05-23 10:51:04 | INFO |       23.415 ¦     2281           1              0.010 
2025-05-23 10:51:04 | INFO |       23.425 ¦     2282           1              0.010 
2025-05-23 10:51:04 | INFO |       23.435 ¦     2283           1              0.010 
2025-05-23 10:51:04 | INFO |       23.445 ¦     2284           1              0.010 
2025-05-23 10:51:04 | INFO |       23.455 ¦     2285           1              0.010 
2025-05-23 10:51:04 | INFO |       23.465 ¦     2286           1              0.010 
2025-05-23 10:51:04 | INFO |       23.475 ¦     2287           1              0.010 
2025-05-23 10:51:04 | INFO |       23.485 ¦     2288           1              0.010 
2025-05-23 10:51:04 | INFO |       23.495 ¦     2289           1              0.010 
2025-05-23 10:51:04 | INFO |       23.505 ¦     2290           1              0.010 
2025-05-23 10:51:04 | INFO |       23.515 ¦     2291           1              0.010 
2025-05-23 10:51:04 | INFO |       23.525 ¦     2292           1              0.010 
2025-05-23 10:51:04 | INFO |       23.535 ¦     2293           1              0.010 
2025-05-23 10:51:04 | INFO |       23.545 ¦     2294           1              0.010 
2025-05-23 10:51:04 | INFO |       23.555 ¦     2295           1              0.010 
2025-05-23 10:51:04 | INFO |       23.565 ¦     2296           1              0.010 
2025-05-23 10:51:04 | INFO |       23.575 ¦     2297           1              0.010 
2025-05-23 10:51:04 | INFO |       23.585 ¦     2298           1              0.010 
2025-05-23 10:51:04 | INFO |       23.595 ¦     2299           1              0.010 
2025-05-23 10:51:04 | INFO |       23.605 ¦     2300           1              0.010 
2025-05-23 10:51:04 | INFO |       23.615 ¦     2301           1              0.010 
2025-05-23 10:51:04 | INFO |       23.625 ¦     2302           1              0.010 
2025-05-23 10:51:04 | INFO |       23.635 ¦     2303           1              0.010 
2025-05-23 10:51:04 | INFO |       23.645 ¦     2304           1              0.010 
2025-05-23 10:51:04 | INFO |       23.655 ¦     2305           1              0.010 
2025-05-23 10:51:04 | INFO |       23.665 ¦     2306           1              0.010 
2025-05-23 10:51:04 | INFO |       23.675 ¦     2307           1              0.010 
2025-05-23 10:51:04 | INFO |       23.685 ¦     2308           1              0.010 
2025-05-23 10:51:04 | INFO |       23.695 ¦     2309           1              0.010 
2025-05-23 10:51:04 | INFO |       23.705 ¦     2310           1              0.010 
2025-05-23 10:51:04 | INFO |       23.715 ¦     2311           1              0.010 
2025-05-23 10:51:04 | INFO |       23.725 ¦     2312           1              0.010 
2025-05-23 10:51:04 | INFO |       23.735 ¦     2313           1              0.010 
2025-05-23 10:51:04 | INFO |       23.745 ¦     2314           1              0.010 
2025-05-23 10:51:04 | INFO |       23.755 ¦     2315           1              0.010 
2025-05-23 10:51:04 | INFO |       23.765 ¦     2316           1              0.010 
2025-05-23 10:51:04 | INFO |       23.775 ¦     2317           1              0.010 
2025-05-23 10:51:04 | INFO |       23.785 ¦     2318           1              0.010 
2025-05-23 10:51:04 | INFO |       23.795 ¦     2319           1              0.010 
2025-05-23 10:51:04 | INFO |       23.805 ¦     2320           1              0.010 
2025-05-23 10:51:04 | INFO |       23.815 ¦     2321           1              0.010 
2025-05-23 10:51:04 | INFO |       23.825 ¦     2322           1              0.010 
2025-05-23 10:51:04 | INFO |       23.835 ¦     2323           1              0.010 
2025-05-23 10:51:04 | INFO |       23.845 ¦     2324           1              0.010 
2025-05-23 10:51:04 | INFO |       23.855 ¦     2325           1              0.010 
2025-05-23 10:51:04 | INFO |       23.865 ¦     2326           1              0.010 
2025-05-23 10:51:04 | INFO |       23.875 ¦     2327           1              0.010 
2025-05-23 10:51:04 | INFO |       23.885 ¦     2328           1              0.010 
2025-05-23 10:51:04 | INFO |       23.895 ¦     2329           1              0.010 
2025-05-23 10:51:04 | INFO |       23.905 ¦     2330           1              0.010 
2025-05-23 10:51:04 | INFO |       23.915 ¦     2331           1              0.010 
2025-05-23 10:51:04 | INFO |       23.925 ¦     2332           1              0.010 
2025-05-23 10:51:04 | INFO |       23.935 ¦     2333           1              0.010 
2025-05-23 10:51:04 | INFO |       23.945 ¦     2334           1              0.010 
2025-05-23 10:51:04 | INFO |       23.955 ¦     2335           1              0.010 
2025-05-23 10:51:04 | INFO |       23.965 ¦     2336           1              0.010 
2025-05-23 10:51:04 | INFO |       23.975 ¦     2337           1              0.010 
2025-05-23 10:51:04 | INFO |       23.985 ¦     2338           1              0.010 
2025-05-23 10:51:04 | INFO |       23.995 ¦     2339           1              0.010 
2025-05-23 10:51:04 | INFO |       24.005 ¦     2340           1              0.010 
2025-05-23 10:51:04 | INFO |       24.015 ¦     2341           1              0.010 
2025-05-23 10:51:04 | INFO |       24.025 ¦     2342           1              0.010 
2025-05-23 10:51:04 | INFO |       24.035 ¦     2343           1              0.010 
2025-05-23 10:51:04 | INFO |       24.045 ¦     2344           1              0.010 
2025-05-23 10:51:04 | INFO |       24.055 ¦     2345           1              0.010 
2025-05-23 10:51:04 | INFO |       24.065 ¦     2346           1              0.010 
2025-05-23 10:51:04 | INFO |       24.075 ¦     2347           1              0.010 
2025-05-23 10:51:04 | INFO |       24.085 ¦     2348           1              0.010 
2025-05-23 10:51:04 | INFO |       24.095 ¦     2349           1              0.010 
2025-05-23 10:51:04 | INFO |       24.105 ¦     2350           1              0.010 
2025-05-23 10:51:04 | INFO |       24.115 ¦     2351           1              0.010 
2025-05-23 10:51:04 | INFO |       24.125 ¦     2352           1              0.010 
2025-05-23 10:51:04 | INFO |       24.135 ¦     2353           1              0.010 
2025-05-23 10:51:04 | INFO |       24.145 ¦     2354           1              0.010 
2025-05-23 10:51:04 | INFO |       24.155 ¦     2355           1              0.010 
2025-05-23 10:51:04 | INFO |       24.165 ¦     2356           1              0.010 
2025-05-23 10:51:04 | INFO |       24.175 ¦     2357           1              0.010 
2025-05-23 10:51:04 | INFO |       24.185 ¦     2358           1              0.010 
2025-05-23 10:51:04 | INFO |       24.195 ¦     2359           1              0.010 
2025-05-23 10:51:04 | INFO |       24.205 ¦     2360           1              0.010 
2025-05-23 10:51:04 | INFO |       24.215 ¦     2361           1              0.010 
2025-05-23 10:51:04 | INFO |       24.225 ¦     2362           1              0.010 
2025-05-23 10:51:04 | INFO |       24.235 ¦     2363           1              0.010 
2025-05-23 10:51:04 | INFO |       24.245 ¦     2364           1              0.010 
2025-05-23 10:51:04 | INFO |       24.255 ¦     2365           1              0.010 
2025-05-23 10:51:04 | INFO |       24.265 ¦     2366           1              0.010 
2025-05-23 10:51:04 | INFO |       24.275 ¦     2367           1              0.010 
2025-05-23 10:51:04 | INFO |       24.285 ¦     2368           1              0.010 
2025-05-23 10:51:04 | INFO |       24.295 ¦     2369           1              0.010 
2025-05-23 10:51:04 | INFO |       24.305 ¦     2370           1              0.010 
2025-05-23 10:51:04 | INFO |       24.315 ¦     2371           1              0.010 
2025-05-23 10:51:04 | INFO |       24.325 ¦     2372           1              0.010 
2025-05-23 10:51:04 | INFO |       24.335 ¦     2373           1              0.010 
2025-05-23 10:51:04 | INFO |       24.345 ¦     2374           1              0.010 
2025-05-23 10:51:04 | INFO |       24.355 ¦     2375           1              0.010 
2025-05-23 10:51:04 | INFO |       24.365 ¦     2376           1              0.010 
2025-05-23 10:51:04 | INFO |       24.375 ¦     2377           1              0.010 
2025-05-23 10:51:04 | INFO |       24.385 ¦     2378           1              0.010 
2025-05-23 10:51:04 | INFO |       24.395 ¦     2379           1              0.010 
2025-05-23 10:51:04 | INFO |       24.405 ¦     2380           1              0.010 
2025-05-23 10:51:04 | INFO |       24.415 ¦     2381           1              0.010 
2025-05-23 10:51:04 | INFO |       24.425 ¦     2382           1              0.010 
2025-05-23 10:51:04 | INFO |       24.435 ¦     2383           1              0.010 
2025-05-23 10:51:04 | INFO |       24.445 ¦     2384           1              0.010 
2025-05-23 10:51:04 | INFO |       24.455 ¦     2385           1              0.010 
2025-05-23 10:51:04 | INFO |       24.465 ¦     2386           1              0.010 
2025-05-23 10:51:04 | INFO |       24.475 ¦     2387           1              0.010 
2025-05-23 10:51:04 | INFO |       24.485 ¦     2388           1              0.010 
2025-05-23 10:51:04 | INFO |       24.495 ¦     2389           1              0.010 
2025-05-23 10:51:04 | INFO |       24.505 ¦     2390           1              0.010 
2025-05-23 10:51:04 | INFO |       24.515 ¦     2391           1              0.010 
2025-05-23 10:51:04 | INFO |       24.525 ¦     2392           1              0.010 
2025-05-23 10:51:04 | INFO |       24.535 ¦     2393           1              0.010 
2025-05-23 10:51:04 | INFO |       24.545 ¦     2394           1              0.010 
2025-05-23 10:51:04 | INFO |       24.555 ¦     2395           1              0.010 
2025-05-23 10:51:04 | INFO |       24.565 ¦     2396           1              0.010 
2025-05-23 10:51:04 | INFO |       24.575 ¦     2397           1              0.010 
2025-05-23 10:51:04 | INFO |       24.585 ¦     2398           1              0.010 
2025-05-23 10:51:04 | INFO |       24.595 ¦     2399           1              0.010 
2025-05-23 10:51:04 | INFO |       24.605 ¦     2400           1              0.010 
2025-05-23 10:51:04 | INFO |       24.615 ¦     2401           1              0.010 
2025-05-23 10:51:04 | INFO |       24.625 ¦     2402           1              0.010 
2025-05-23 10:51:04 | INFO |       24.635 ¦     2403           1              0.010 
2025-05-23 10:51:04 | INFO |       24.645 ¦     2404           1              0.010 
2025-05-23 10:51:04 | INFO |       24.655 ¦     2405           1              0.010 
2025-05-23 10:51:04 | INFO |       24.665 ¦     2406           1              0.010 
2025-05-23 10:51:04 | INFO |       24.675 ¦     2407           1              0.010 
2025-05-23 10:51:04 | INFO |       24.685 ¦     2408           1              0.010 
2025-05-23 10:51:04 | INFO |       24.695 ¦     2409           1              0.010 
2025-05-23 10:51:04 | INFO |       24.705 ¦     2410           1              0.010 
2025-05-23 10:51:04 | INFO |       24.715 ¦     2411           1              0.010 
2025-05-23 10:51:04 | INFO |       24.725 ¦     2412           1              0.010 
2025-05-23 10:51:04 | INFO |       24.735 ¦     2413           1              0.010 
2025-05-23 10:51:04 | INFO |       24.745 ¦     2414           1              0.010 
2025-05-23 10:51:04 | INFO |       24.755 ¦     2415           1              0.010 
2025-05-23 10:51:04 | INFO |       24.765 ¦     2416           1              0.010 
2025-05-23 10:51:04 | INFO |       24.775 ¦     2417           1              0.010 
2025-05-23 10:51:04 | INFO |       24.785 ¦     2418           1              0.010 
2025-05-23 10:51:04 | INFO |       24.795 ¦     2419           1              0.010 
2025-05-23 10:51:04 | INFO |       24.805 ¦     2420           1              0.010 
2025-05-23 10:51:04 | INFO |       24.815 ¦     2421           1              0.010 
2025-05-23 10:51:04 | INFO |       24.825 ¦     2422           1              0.010 
2025-05-23 10:51:04 | INFO |       24.835 ¦     2423           1              0.010 
2025-05-23 10:51:04 | INFO |       24.845 ¦     2424           1              0.010 
2025-05-23 10:51:04 | INFO |       24.855 ¦     2425           1              0.010 
2025-05-23 10:51:04 | INFO |       24.865 ¦     2426           1              0.010 
2025-05-23 10:51:04 | INFO |       24.875 ¦     2427           1              0.010 
2025-05-23 10:51:04 | INFO |       24.885 ¦     2428           1              0.010 
2025-05-23 10:51:04 | INFO |       24.895 ¦     2429           1              0.010 
2025-05-23 10:51:04 | INFO |       24.905 ¦     2430           1              0.010 
2025-05-23 10:51:04 | INFO |       24.915 ¦     2431           1              0.010 
2025-05-23 10:51:04 | INFO |       24.925 ¦     2432           1              0.010 
2025-05-23 10:51:04 | INFO |       24.935 ¦     2433           1              0.010 
2025-05-23 10:51:04 | INFO |       24.945 ¦     2434           1              0.010 
2025-05-23 10:51:04 | INFO |       24.955 ¦     2435           1              0.010 
2025-05-23 10:51:04 | INFO |       24.965 ¦     2436           1              0.010 
2025-05-23 10:51:04 | INFO |       24.975 ¦     2437           1              0.010 
2025-05-23 10:51:04 | INFO |       24.985 ¦     2438           1              0.010 
2025-05-23 10:51:04 | INFO |       24.995 ¦     2439           1              0.010 
2025-05-23 10:51:04 | INFO |       25.005 ¦     2440           1              0.010 
2025-05-23 10:51:04 | INFO |       25.015 ¦     2441           1              0.010 
2025-05-23 10:51:04 | INFO |       25.025 ¦     2442           1              0.010 
2025-05-23 10:51:04 | INFO |       25.035 ¦     2443           1              0.010 
2025-05-23 10:51:04 | INFO |       25.045 ¦     2444           1              0.010 
2025-05-23 10:51:04 | INFO |       25.055 ¦     2445           1              0.010 
2025-05-23 10:51:04 | INFO |       25.065 ¦     2446           1              0.010 
2025-05-23 10:51:04 | INFO |       25.075 ¦     2447           1              0.010 
2025-05-23 10:51:04 | INFO |       25.085 ¦     2448           1              0.010 
2025-05-23 10:51:04 | INFO |       25.095 ¦     2449           1              0.010 
2025-05-23 10:51:04 | INFO |       25.105 ¦     2450           1              0.010 
2025-05-23 10:51:04 | INFO |       25.115 ¦     2451           1              0.010 
2025-05-23 10:51:04 | INFO |       25.125 ¦     2452           1              0.010 
2025-05-23 10:51:04 | INFO |       25.135 ¦     2453           1              0.010 
2025-05-23 10:51:04 | INFO |       25.145 ¦     2454           1              0.010 
2025-05-23 10:51:04 | INFO |       25.155 ¦     2455           1              0.010 
2025-05-23 10:51:04 | INFO |       25.165 ¦     2456           1              0.010 
2025-05-23 10:51:04 | INFO |       25.175 ¦     2457           1              0.010 
2025-05-23 10:51:04 | INFO |       25.185 ¦     2458           1              0.010 
2025-05-23 10:51:04 | INFO |       25.195 ¦     2459           1              0.010 
2025-05-23 10:51:04 | INFO |       25.205 ¦     2460           1              0.010 
2025-05-23 10:51:04 | INFO |       25.215 ¦     2461           1              0.010 
2025-05-23 10:51:04 | INFO |       25.225 ¦     2462           1              0.010 
2025-05-23 10:51:04 | INFO |       25.235 ¦     2463           1              0.010 
2025-05-23 10:51:04 | INFO |       25.245 ¦     2464           1              0.010 
2025-05-23 10:51:04 | INFO |       25.255 ¦     2465           1              0.010 
2025-05-23 10:51:04 | INFO |       25.265 ¦     2466           1              0.010 
2025-05-23 10:51:04 | INFO |       25.275 ¦     2467           1              0.010 
2025-05-23 10:51:04 | INFO |       25.285 ¦     2468           1              0.010 
2025-05-23 10:51:04 | INFO |       25.295 ¦     2469           1              0.010 
2025-05-23 10:51:04 | INFO |       25.305 ¦     2470           1              0.010 
2025-05-23 10:51:04 | INFO |       25.315 ¦     2471           1              0.010 
2025-05-23 10:51:04 | INFO |       25.325 ¦     2472           1              0.010 
2025-05-23 10:51:04 | INFO |       25.335 ¦     2473           1              0.010 
2025-05-23 10:51:04 | INFO |       25.345 ¦     2474           1              0.010 
2025-05-23 10:51:04 | INFO |       25.355 ¦     2475           1              0.010 
2025-05-23 10:51:04 | INFO |       25.365 ¦     2476           1              0.010 
2025-05-23 10:51:04 | INFO |       25.375 ¦     2477           1              0.010 
2025-05-23 10:51:04 | INFO |       25.385 ¦     2478           1              0.010 
2025-05-23 10:51:04 | INFO |       25.395 ¦     2479           1              0.010 
2025-05-23 10:51:04 | INFO |       25.405 ¦     2480           1              0.010 
2025-05-23 10:51:04 | INFO |       25.415 ¦     2481           1              0.010 
2025-05-23 10:51:04 | INFO |       25.425 ¦     2482           1              0.010 
2025-05-23 10:51:04 | INFO |       25.435 ¦     2483           1              0.010 
2025-05-23 10:51:04 | INFO |       25.445 ¦     2484           1              0.010 
2025-05-23 10:51:04 | INFO |       25.455 ¦     2485           1              0.010 
2025-05-23 10:51:04 | INFO |       25.465 ¦     2486           1              0.010 
2025-05-23 10:51:04 | INFO |       25.475 ¦     2487           1              0.010 
2025-05-23 10:51:04 | INFO |       25.485 ¦     2488           1              0.010 
2025-05-23 10:51:04 | INFO |       25.495 ¦     2489           1              0.010 
2025-05-23 10:51:04 | INFO |       25.505 ¦     2490           1              0.010 
2025-05-23 10:51:04 | INFO |       25.515 ¦     2491           1              0.010 
2025-05-23 10:51:04 | INFO |       25.525 ¦     2492           1              0.010 
2025-05-23 10:51:04 | INFO |       25.535 ¦     2493           1              0.010 
2025-05-23 10:51:04 | INFO |       25.545 ¦     2494           1              0.010 
2025-05-23 10:51:04 | INFO |       25.555 ¦     2495           1              0.010 
2025-05-23 10:51:04 | INFO |       25.565 ¦     2496           1              0.010 
2025-05-23 10:51:04 | INFO |       25.575 ¦     2497           1              0.010 
2025-05-23 10:51:04 | INFO |       25.585 ¦     2498           1              0.010 
2025-05-23 10:51:04 | INFO |       25.595 ¦     2499           1              0.010 
2025-05-23 10:51:04 | INFO |       25.605 ¦     2500           1              0.010 
2025-05-23 10:51:04 | INFO |       25.615 ¦     2501           1              0.010 
2025-05-23 10:51:04 | INFO |       25.625 ¦     2502           1              0.010 
2025-05-23 10:51:04 | INFO |       25.635 ¦     2503           1              0.010 
2025-05-23 10:51:04 | INFO |       25.645 ¦     2504           1              0.010 
2025-05-23 10:51:04 | INFO |       25.655 ¦     2505           1              0.010 
2025-05-23 10:51:04 | INFO |       25.665 ¦     2506           1              0.010 
2025-05-23 10:51:04 | INFO |       25.675 ¦     2507           1              0.010 
2025-05-23 10:51:04 | INFO |       25.685 ¦     2508           1              0.010 
2025-05-23 10:51:04 | INFO |       25.695 ¦     2509           1              0.010 
2025-05-23 10:51:04 | INFO |       25.705 ¦     2510           1              0.010 
2025-05-23 10:51:04 | INFO |       25.715 ¦     2511           1              0.010 
2025-05-23 10:51:04 | INFO |       25.725 ¦     2512           1              0.010 
2025-05-23 10:51:04 | INFO |       25.735 ¦     2513           1              0.010 
2025-05-23 10:51:04 | INFO |       25.745 ¦     2514           1              0.010 
2025-05-23 10:51:04 | INFO |       25.755 ¦     2515           1              0.010 
2025-05-23 10:51:04 | INFO |       25.765 ¦     2516           1              0.010 
2025-05-23 10:51:04 | INFO |       25.775 ¦     2517           1              0.010 
2025-05-23 10:51:04 | INFO |       25.785 ¦     2518           1              0.010 
2025-05-23 10:51:04 | INFO |       25.795 ¦     2519           1              0.010 
2025-05-23 10:51:04 | INFO |       25.805 ¦     2520           1              0.010 
2025-05-23 10:51:04 | INFO |       25.815 ¦     2521           1              0.010 
2025-05-23 10:51:04 | INFO |       25.825 ¦     2522           1              0.010 
2025-05-23 10:51:04 | INFO |       25.835 ¦     2523           1              0.010 
2025-05-23 10:51:04 | INFO |       25.845 ¦     2524           1              0.010 
2025-05-23 10:51:04 | INFO |       25.855 ¦     2525           1              0.010 
2025-05-23 10:51:04 | INFO |       25.865 ¦     2526           1              0.010 
2025-05-23 10:51:04 | INFO |       25.875 ¦     2527           1              0.010 
2025-05-23 10:51:04 | INFO |       25.885 ¦     2528           1              0.010 
2025-05-23 10:51:04 | INFO |       25.895 ¦     2529           1              0.010 
2025-05-23 10:51:04 | INFO |       25.905 ¦     2530           1              0.010 
2025-05-23 10:51:04 | INFO |       25.915 ¦     2531           1              0.010 
2025-05-23 10:51:04 | INFO |       25.925 ¦     2532           1              0.010 
2025-05-23 10:51:04 | INFO |       25.935 ¦     2533           1              0.010 
2025-05-23 10:51:04 | INFO |       25.945 ¦     2534           1              0.010 
2025-05-23 10:51:04 | INFO |       25.955 ¦     2535           1              0.010 
2025-05-23 10:51:04 | INFO |       25.965 ¦     2536           1              0.010 
2025-05-23 10:51:04 | INFO |       25.975 ¦     2537           1              0.010 
2025-05-23 10:51:04 | INFO |       25.985 ¦     2538           1              0.010 
2025-05-23 10:51:04 | INFO |       25.995 ¦     2539           1              0.010 
2025-05-23 10:51:04 | INFO |       26.005 ¦     2540           1              0.010 
2025-05-23 10:51:04 | INFO |       26.015 ¦     2541           1              0.010 
2025-05-23 10:51:04 | INFO |       26.025 ¦     2542           1              0.010 
2025-05-23 10:51:04 | INFO |       26.035 ¦     2543           1              0.010 
2025-05-23 10:51:04 | INFO |       26.045 ¦     2544           1              0.010 
2025-05-23 10:51:04 | INFO |       26.055 ¦     2545           1              0.010 
2025-05-23 10:51:04 | INFO |       26.065 ¦     2546           1              0.010 
2025-05-23 10:51:04 | INFO |       26.075 ¦     2547           1              0.010 
2025-05-23 10:51:04 | INFO |       26.085 ¦     2548           1              0.010 
2025-05-23 10:51:04 | INFO |       26.095 ¦     2549           1              0.010 
2025-05-23 10:51:04 | INFO |       26.105 ¦     2550           1              0.010 
2025-05-23 10:51:04 | INFO |       26.115 ¦     2551           1              0.010 
2025-05-23 10:51:04 | INFO |       26.125 ¦     2552           1              0.010 
2025-05-23 10:51:04 | INFO |       26.135 ¦     2553           1              0.010 
2025-05-23 10:51:04 | INFO |       26.145 ¦     2554           1              0.010 
2025-05-23 10:51:04 | INFO |       26.155 ¦     2555           1              0.010 
2025-05-23 10:51:04 | INFO |       26.165 ¦     2556           1              0.010 
2025-05-23 10:51:04 | INFO |       26.175 ¦     2557           1              0.010 
2025-05-23 10:51:04 | INFO |       26.185 ¦     2558           1              0.010 
2025-05-23 10:51:04 | INFO |       26.195 ¦     2559           1              0.010 
2025-05-23 10:51:04 | INFO |       26.205 ¦     2560           1              0.010 
2025-05-23 10:51:04 | INFO |       26.215 ¦     2561           1              0.010 
2025-05-23 10:51:04 | INFO |       26.225 ¦     2562           1              0.010 
2025-05-23 10:51:04 | INFO |       26.235 ¦     2563           1              0.010 
2025-05-23 10:51:04 | INFO |       26.245 ¦     2564           1              0.010 
2025-05-23 10:51:04 | INFO |       26.255 ¦     2565           1              0.010 
2025-05-23 10:51:04 | INFO |       26.265 ¦     2566           1              0.010 
2025-05-23 10:51:04 | INFO |       26.275 ¦     2567           1              0.010 
2025-05-23 10:51:04 | INFO |       26.285 ¦     2568           1              0.010 
2025-05-23 10:51:04 | INFO |       26.295 ¦     2569           1              0.010 
2025-05-23 10:51:04 | INFO |       26.305 ¦     2570           1              0.010 
2025-05-23 10:51:04 | INFO |       26.315 ¦     2571           1              0.010 
2025-05-23 10:51:04 | INFO |       26.325 ¦     2572           1              0.010 
2025-05-23 10:51:04 | INFO |       26.335 ¦     2573           1              0.010 
2025-05-23 10:51:04 | INFO |       26.345 ¦     2574           1              0.010 
2025-05-23 10:51:04 | INFO |       26.355 ¦     2575           1              0.010 
2025-05-23 10:51:04 | INFO |       26.365 ¦     2576           1              0.010 
2025-05-23 10:51:04 | INFO |       26.375 ¦     2577           1              0.010 
2025-05-23 10:51:04 | INFO |       26.385 ¦     2578           1              0.010 
2025-05-23 10:51:04 | INFO |       26.395 ¦     2579           1              0.010 
2025-05-23 10:51:04 | INFO |       26.405 ¦     2580           1              0.010 
2025-05-23 10:51:04 | INFO |       26.415 ¦     2581           1              0.010 
2025-05-23 10:51:04 | INFO |       26.425 ¦     2582           1              0.010 
2025-05-23 10:51:04 | INFO |       26.435 ¦     2583           1              0.010 
2025-05-23 10:51:04 | INFO |       26.445 ¦     2584           1              0.010 
2025-05-23 10:51:04 | INFO |       26.455 ¦     2585           1              0.010 
2025-05-23 10:51:04 | INFO |       26.465 ¦     2586           1              0.010 
2025-05-23 10:51:04 | INFO |       26.475 ¦     2587           1              0.010 
2025-05-23 10:51:04 | INFO |       26.485 ¦     2588           1              0.010 
2025-05-23 10:51:04 | INFO |       26.495 ¦     2589           1              0.010 
2025-05-23 10:51:04 | INFO |       26.505 ¦     2590           1              0.010 
2025-05-23 10:51:04 | INFO |       26.515 ¦     2591           1              0.010 
2025-05-23 10:51:04 | INFO |       26.525 ¦     2592           1              0.010 
2025-05-23 10:51:04 | INFO |       26.535 ¦     2593           1              0.010 
2025-05-23 10:51:04 | INFO |       26.545 ¦     2594           1              0.010 
2025-05-23 10:51:04 | INFO |       26.555 ¦     2595           1              0.010 
2025-05-23 10:51:04 | INFO |       26.565 ¦     2596           1              0.010 
2025-05-23 10:51:04 | INFO |       26.575 ¦     2597           1              0.010 
2025-05-23 10:51:04 | INFO |       26.585 ¦     2598           1              0.010 
2025-05-23 10:51:04 | INFO |       26.595 ¦     2599           1              0.010 
2025-05-23 10:51:04 | INFO |       26.605 ¦     2600           1              0.010 
2025-05-23 10:51:04 | INFO |       26.615 ¦     2601           1              0.010 
2025-05-23 10:51:04 | INFO |       26.625 ¦     2602           1              0.010 
2025-05-23 10:51:04 | INFO |       26.635 ¦     2603           1              0.010 
2025-05-23 10:51:04 | INFO |       26.645 ¦     2604           1              0.010 
2025-05-23 10:51:04 | INFO |       26.655 ¦     2605           1              0.010 
2025-05-23 10:51:04 | INFO |       26.665 ¦     2606           1              0.010 
2025-05-23 10:51:04 | INFO |       26.675 ¦     2607           1              0.010 
2025-05-23 10:51:04 | INFO |       26.685 ¦     2608           1              0.010 
2025-05-23 10:51:04 | INFO |       26.695 ¦     2609           1              0.010 
2025-05-23 10:51:04 | INFO |       26.705 ¦     2610           1              0.010 
2025-05-23 10:51:04 | INFO |       26.715 ¦     2611           1              0.010 
2025-05-23 10:51:04 | INFO |       26.725 ¦     2612           1              0.010 
2025-05-23 10:51:04 | INFO |       26.735 ¦     2613           1              0.010 
2025-05-23 10:51:04 | INFO |       26.745 ¦     2614           1              0.010 
2025-05-23 10:51:04 | INFO |       26.755 ¦     2615           1              0.010 
2025-05-23 10:51:04 | INFO |       26.765 ¦     2616           1              0.010 
2025-05-23 10:51:04 | INFO |       26.775 ¦     2617           1              0.010 
2025-05-23 10:51:04 | INFO |       26.785 ¦     2618           1              0.010 
2025-05-23 10:51:04 | INFO |       26.795 ¦     2619           1              0.010 
2025-05-23 10:51:04 | INFO |       26.805 ¦     2620           1              0.010 
2025-05-23 10:51:04 | INFO |       26.815 ¦     2621           1              0.010 
2025-05-23 10:51:04 | INFO |       26.825 ¦     2622           1              0.010 
2025-05-23 10:51:04 | INFO |       26.835 ¦     2623           1              0.010 
2025-05-23 10:51:04 | INFO |       26.845 ¦     2624           1              0.010 
2025-05-23 10:51:04 | INFO |       26.855 ¦     2625           1              0.010 
2025-05-23 10:51:04 | INFO |       26.865 ¦     2626           1              0.010 
2025-05-23 10:51:04 | INFO |       26.875 ¦     2627           1              0.010 
2025-05-23 10:51:04 | INFO |       26.885 ¦     2628           1              0.010 
2025-05-23 10:51:04 | INFO |       26.895 ¦     2629           1              0.010 
2025-05-23 10:51:04 | INFO |       26.905 ¦     2630           1              0.010 
2025-05-23 10:51:04 | INFO |       26.915 ¦     2631           1              0.010 
2025-05-23 10:51:04 | INFO |       26.925 ¦     2632           1              0.010 
2025-05-23 10:51:04 | INFO |       26.935 ¦     2633           1              0.010 
2025-05-23 10:51:04 | INFO |       26.945 ¦     2634           1              0.010 
2025-05-23 10:51:04 | INFO |       26.955 ¦     2635           1              0.010 
2025-05-23 10:51:04 | INFO |       26.965 ¦     2636           1              0.010 
2025-05-23 10:51:04 | INFO |       26.975 ¦     2637           1              0.010 
2025-05-23 10:51:04 | INFO |       26.985 ¦     2638           1              0.010 
2025-05-23 10:51:04 | INFO |       26.995 ¦     2639           1              0.010 
2025-05-23 10:51:04 | INFO |       27.005 ¦     2640           1              0.010 
2025-05-23 10:51:04 | INFO |       27.015 ¦     2641           1              0.010 
2025-05-23 10:51:04 | INFO |       27.025 ¦     2642           1              0.010 
2025-05-23 10:51:04 | INFO |       27.035 ¦     2643           1              0.010 
2025-05-23 10:51:04 | INFO |       27.045 ¦     2644           1              0.010 
2025-05-23 10:51:04 | INFO |       27.055 ¦     2645           1              0.010 
2025-05-23 10:51:04 | INFO |       27.065 ¦     2646           1              0.010 
2025-05-23 10:51:04 | INFO |       27.075 ¦     2647           1              0.010 
2025-05-23 10:51:04 | INFO |       27.085 ¦     2648           1              0.010 
2025-05-23 10:51:04 | INFO |       27.095 ¦     2649           1              0.010 
2025-05-23 10:51:04 | INFO |       27.105 ¦     2650           1              0.010 
2025-05-23 10:51:04 | INFO |       27.115 ¦     2651           1              0.010 
2025-05-23 10:51:04 | INFO |       27.125 ¦     2652           1              0.010 
2025-05-23 10:51:04 | INFO |       27.135 ¦     2653           1              0.010 
2025-05-23 10:51:04 | INFO |       27.145 ¦     2654           1              0.010 
2025-05-23 10:51:04 | INFO |       27.155 ¦     2655           1              0.010 
2025-05-23 10:51:04 | INFO |       27.165 ¦     2656           1              0.010 
2025-05-23 10:51:04 | INFO |       27.175 ¦     2657           1              0.010 
2025-05-23 10:51:04 | INFO |       27.185 ¦     2658           1              0.010 
2025-05-23 10:51:04 | INFO |       27.195 ¦     2659           1              0.010 
2025-05-23 10:51:04 | INFO |       27.205 ¦     2660           1              0.010 
2025-05-23 10:51:04 | INFO |       27.215 ¦     2661           1              0.010 
2025-05-23 10:51:04 | INFO |       27.225 ¦     2662           1              0.010 
2025-05-23 10:51:04 | INFO |       27.235 ¦     2663           1              0.010 
2025-05-23 10:51:04 | INFO |       27.245 ¦     2664           1              0.010 
2025-05-23 10:51:04 | INFO |       27.255 ¦     2665           1              0.010 
2025-05-23 10:51:04 | INFO |       27.265 ¦     2666           1              0.010 
2025-05-23 10:51:04 | INFO |       27.275 ¦     2667           1              0.010 
2025-05-23 10:51:04 | INFO |       27.285 ¦     2668           1              0.010 
2025-05-23 10:51:04 | INFO |       27.295 ¦     2669           1              0.010 
2025-05-23 10:51:04 | INFO |       27.305 ¦     2670           1              0.010 
2025-05-23 10:51:04 | INFO |       27.315 ¦     2671           1              0.010 
2025-05-23 10:51:04 | INFO |       27.325 ¦     2672           1              0.010 
2025-05-23 10:51:04 | INFO |       27.335 ¦     2673           1              0.010 
2025-05-23 10:51:04 | INFO |       27.345 ¦     2674           1              0.010 
2025-05-23 10:51:04 | INFO |       27.355 ¦     2675           1              0.010 
2025-05-23 10:51:04 | INFO |       27.365 ¦     2676           1              0.010 
2025-05-23 10:51:04 | INFO |       27.375 ¦     2677           1              0.010 
2025-05-23 10:51:04 | INFO |       27.385 ¦     2678           1              0.010 
2025-05-23 10:51:04 | INFO |       27.395 ¦     2679           1              0.010 
2025-05-23 10:51:04 | INFO |       27.405 ¦     2680           1              0.010 
2025-05-23 10:51:04 | INFO |       27.415 ¦     2681           1              0.010 
2025-05-23 10:51:04 | INFO |       27.425 ¦     2682           1              0.010 
2025-05-23 10:51:04 | INFO |       27.435 ¦     2683           1              0.010 
2025-05-23 10:51:04 | INFO |       27.445 ¦     2684           1              0.010 
2025-05-23 10:51:04 | INFO |       27.455 ¦     2685           1              0.010 
2025-05-23 10:51:04 | INFO |       27.465 ¦     2686           1              0.010 
2025-05-23 10:51:04 | INFO |       27.475 ¦     2687           1              0.010 
2025-05-23 10:51:04 | INFO |       27.485 ¦     2688           1              0.010 
2025-05-23 10:51:04 | INFO |       27.495 ¦     2689           1              0.010 
2025-05-23 10:51:04 | INFO |       27.505 ¦     2690           1              0.010 
2025-05-23 10:51:04 | INFO |       27.515 ¦     2691           1              0.010 
2025-05-23 10:51:04 | INFO |       27.525 ¦     2692           1              0.010 
2025-05-23 10:51:04 | INFO |       27.535 ¦     2693           1              0.010 
2025-05-23 10:51:04 | INFO |       27.545 ¦     2694           1              0.010 
2025-05-23 10:51:04 | INFO |       27.555 ¦     2695           1              0.010 
2025-05-23 10:51:04 | INFO |       27.565 ¦     2696           1              0.010 
2025-05-23 10:51:04 | INFO |       27.575 ¦     2697           1              0.010 
2025-05-23 10:51:04 | INFO |       27.585 ¦     2698           1              0.010 
2025-05-23 10:51:04 | INFO |       27.595 ¦     2699           1              0.010 
2025-05-23 10:51:04 | INFO |       27.605 ¦     2700           1              0.010 
2025-05-23 10:51:04 | INFO |       27.615 ¦     2701           1              0.010 
2025-05-23 10:51:04 | INFO |       27.625 ¦     2702           1              0.010 
2025-05-23 10:51:04 | INFO |       27.635 ¦     2703           1              0.010 
2025-05-23 10:51:04 | INFO |       27.645 ¦     2704           1              0.010 
2025-05-23 10:51:04 | INFO |       27.655 ¦     2705           1              0.010 
2025-05-23 10:51:04 | INFO |       27.665 ¦     2706           1              0.010 
2025-05-23 10:51:04 | INFO |       27.675 ¦     2707           1              0.010 
2025-05-23 10:51:04 | INFO |       27.685 ¦     2708           1              0.010 
2025-05-23 10:51:04 | INFO |       27.695 ¦     2709           1              0.010 
2025-05-23 10:51:04 | INFO |       27.705 ¦     2710           1              0.010 
2025-05-23 10:51:04 | INFO |       27.715 ¦     2711           1              0.010 
2025-05-23 10:51:04 | INFO |       27.725 ¦     2712           1              0.010 
2025-05-23 10:51:04 | INFO |       27.735 ¦     2713           1              0.010 
2025-05-23 10:51:04 | INFO |       27.745 ¦     2714           1              0.010 
2025-05-23 10:51:04 | INFO |       27.755 ¦     2715           1              0.010 
2025-05-23 10:51:04 | INFO |       27.765 ¦     2716           1              0.010 
2025-05-23 10:51:04 | INFO |       27.775 ¦     2717           1              0.010 
2025-05-23 10:51:04 | INFO |       27.785 ¦     2718           1              0.010 
2025-05-23 10:51:04 | INFO |       27.795 ¦     2719           1              0.010 
2025-05-23 10:51:04 | INFO |       27.805 ¦     2720           1              0.010 
2025-05-23 10:51:04 | INFO |       27.815 ¦     2721           1              0.010 
2025-05-23 10:51:04 | INFO |       27.825 ¦     2722           1              0.010 
2025-05-23 10:51:04 | INFO |       27.835 ¦     2723           1              0.010 
2025-05-23 10:51:04 | INFO |       27.845 ¦     2724           1              0.010 
2025-05-23 10:51:04 | INFO |       27.855 ¦     2725           1              0.010 
2025-05-23 10:51:04 | INFO |       27.865 ¦     2726           1              0.010 
2025-05-23 10:51:04 | INFO |       27.875 ¦     2727           1              0.010 
2025-05-23 10:51:04 | INFO |       27.885 ¦     2728           1              0.010 
2025-05-23 10:51:04 | INFO |       27.895 ¦     2729           1              0.010 
2025-05-23 10:51:04 | INFO |       27.905 ¦     2730           1              0.010 
2025-05-23 10:51:04 | INFO |       27.915 ¦     2731           1              0.010 
2025-05-23 10:51:04 | INFO |       27.925 ¦     2732           1              0.010 
2025-05-23 10:51:04 | INFO |       27.935 ¦     2733           1              0.010 
2025-05-23 10:51:04 | INFO |       27.945 ¦     2734           1              0.010 
2025-05-23 10:51:04 | INFO |       27.955 ¦     2735           1              0.010 
2025-05-23 10:51:04 | INFO |       27.965 ¦     2736           1              0.010 
2025-05-23 10:51:04 | INFO |       27.975 ¦     2737           1              0.010 
2025-05-23 10:51:04 | INFO |       27.985 ¦     2738           1              0.010 
2025-05-23 10:51:04 | INFO |       27.995 ¦     2739           1              0.010 
2025-05-23 10:51:04 | INFO |       28.005 ¦     2740           1              0.010 
2025-05-23 10:51:04 | INFO |       28.015 ¦     2741           1              0.010 
2025-05-23 10:51:04 | INFO |       28.025 ¦     2742           1              0.010 
2025-05-23 10:51:04 | INFO |       28.035 ¦     2743           1              0.010 
2025-05-23 10:51:04 | INFO |       28.045 ¦     2744           1              0.010 
2025-05-23 10:51:04 | INFO |       28.055 ¦     2745           1              0.010 
2025-05-23 10:51:04 | INFO |       28.065 ¦     2746           1              0.010 
2025-05-23 10:51:04 | INFO |       28.075 ¦     2747           1              0.010 
2025-05-23 10:51:04 | INFO |       28.085 ¦     2748           1              0.010 
2025-05-23 10:51:04 | INFO |       28.095 ¦     2749           1              0.010 
2025-05-23 10:51:04 | INFO |       28.105 ¦     2750           1              0.010 
2025-05-23 10:51:04 | INFO |       28.115 ¦     2751           1              0.010 
2025-05-23 10:51:04 | INFO |       28.125 ¦     2752           1              0.010 
2025-05-23 10:51:04 | INFO |       28.135 ¦     2753           1              0.010 
2025-05-23 10:51:04 | INFO |       28.145 ¦     2754           1              0.010 
2025-05-23 10:51:04 | INFO |       28.155 ¦     2755           1              0.010 
2025-05-23 10:51:04 | INFO |       28.165 ¦     2756           1              0.010 
2025-05-23 10:51:04 | INFO |       28.175 ¦     2757           1              0.010 
2025-05-23 10:51:04 | INFO |       28.185 ¦     2758           1              0.010 
2025-05-23 10:51:04 | INFO |       28.195 ¦     2759           1              0.010 
2025-05-23 10:51:04 | INFO |       28.205 ¦     2760           1              0.010 
2025-05-23 10:51:04 | INFO |       28.215 ¦     2761           1              0.010 
2025-05-23 10:51:04 | INFO |       28.225 ¦     2762           1              0.010 
2025-05-23 10:51:04 | INFO |       28.235 ¦     2763           1              0.010 
2025-05-23 10:51:04 | INFO |       28.245 ¦     2764           1              0.010 
2025-05-23 10:51:04 | INFO |       28.255 ¦     2765           1              0.010 
2025-05-23 10:51:04 | INFO |       28.265 ¦     2766           1              0.010 
2025-05-23 10:51:04 | INFO |       28.275 ¦     2767           1              0.010 
2025-05-23 10:51:04 | INFO |       28.285 ¦     2768           1              0.010 
2025-05-23 10:51:04 | INFO |       28.295 ¦     2769           1              0.010 
2025-05-23 10:51:04 | INFO |       28.305 ¦     2770           1              0.010 
2025-05-23 10:51:04 | INFO |       28.315 ¦     2771           1              0.010 
2025-05-23 10:51:04 | INFO |       28.325 ¦     2772           1              0.010 
2025-05-23 10:51:04 | INFO |       28.335 ¦     2773           1              0.010 
2025-05-23 10:51:04 | INFO |       28.345 ¦     2774           1              0.010 
2025-05-23 10:51:04 | INFO |       28.355 ¦     2775           1              0.010 
2025-05-23 10:51:04 | INFO |       28.365 ¦     2776           1              0.010 
2025-05-23 10:51:04 | INFO |       28.375 ¦     2777           1              0.010 
2025-05-23 10:51:04 | INFO |       28.385 ¦     2778           1              0.010 
2025-05-23 10:51:04 | INFO |       28.395 ¦     2779           1              0.010 
2025-05-23 10:51:04 | INFO |       28.405 ¦     2780           1              0.010 
2025-05-23 10:51:04 | INFO |       28.415 ¦     2781           1              0.010 
2025-05-23 10:51:04 | INFO |       28.425 ¦     2782           1              0.010 
2025-05-23 10:51:04 | INFO |       28.435 ¦     2783           1              0.010 
2025-05-23 10:51:04 | INFO |       28.445 ¦     2784           1              0.010 
2025-05-23 10:51:04 | INFO |       28.455 ¦     2785           1              0.010 
2025-05-23 10:51:04 | INFO |       28.465 ¦     2786           1              0.010 
2025-05-23 10:51:04 | INFO |       28.475 ¦     2787           1              0.010 
2025-05-23 10:51:04 | INFO |       28.485 ¦     2788           1              0.010 
2025-05-23 10:51:04 | INFO |       28.495 ¦     2789           1              0.010 
2025-05-23 10:51:04 | INFO |       28.505 ¦     2790           1              0.010 
2025-05-23 10:51:04 | INFO |       28.515 ¦     2791           1              0.010 
2025-05-23 10:51:04 | INFO |       28.525 ¦     2792           1              0.010 
2025-05-23 10:51:04 | INFO |       28.535 ¦     2793           1              0.010 
2025-05-23 10:51:04 | INFO |       28.545 ¦     2794           1              0.010 
2025-05-23 10:51:04 | INFO |       28.555 ¦     2795           1              0.010 
2025-05-23 10:51:04 | INFO |       28.565 ¦     2796           1              0.010 
2025-05-23 10:51:04 | INFO |       28.575 ¦     2797           1              0.010 
2025-05-23 10:51:04 | INFO |       28.585 ¦     2798           1              0.010 
2025-05-23 10:51:04 | INFO |       28.595 ¦     2799           1              0.010 
2025-05-23 10:51:04 | INFO |       28.605 ¦     2800           1              0.010 
2025-05-23 10:51:04 | INFO |       28.615 ¦     2801           1              0.010 
2025-05-23 10:51:04 | INFO |       28.625 ¦     2802           1              0.010 
2025-05-23 10:51:04 | INFO |       28.635 ¦     2803           1              0.010 
2025-05-23 10:51:04 | INFO |       28.645 ¦     2804           1              0.010 
2025-05-23 10:51:04 | INFO |       28.655 ¦     2805           1              0.010 
2025-05-23 10:51:04 | INFO |       28.665 ¦     2806           1              0.010 
2025-05-23 10:51:04 | INFO |       28.675 ¦     2807           1              0.010 
2025-05-23 10:51:04 | INFO |       28.685 ¦     2808           1              0.010 
2025-05-23 10:51:04 | INFO |       28.695 ¦     2809           1              0.010 
2025-05-23 10:51:04 | INFO |       28.705 ¦     2810           1              0.010 
2025-05-23 10:51:04 | INFO |       28.715 ¦     2811           1              0.010 
2025-05-23 10:51:04 | INFO |       28.725 ¦     2812           1              0.010 
2025-05-23 10:51:04 | INFO |       28.735 ¦     2813           1              0.010 
2025-05-23 10:51:04 | INFO |       28.745 ¦     2814           1              0.010 
2025-05-23 10:51:04 | INFO |       28.755 ¦     2815           1              0.010 
2025-05-23 10:51:04 | INFO |       28.765 ¦     2816           1              0.010 
2025-05-23 10:51:04 | INFO |       28.775 ¦     2817           1              0.010 
2025-05-23 10:51:04 | INFO |       28.785 ¦     2818           1              0.010 
2025-05-23 10:51:04 | INFO |       28.795 ¦     2819           1              0.010 
2025-05-23 10:51:04 | INFO |       28.805 ¦     2820           1              0.010 
2025-05-23 10:51:04 | INFO |       28.815 ¦     2821           1              0.010 
2025-05-23 10:51:04 | INFO |       28.825 ¦     2822           1              0.010 
2025-05-23 10:51:04 | INFO |       28.835 ¦     2823           1              0.010 
2025-05-23 10:51:04 | INFO |       28.845 ¦     2824           1              0.010 
2025-05-23 10:51:04 | INFO |       28.855 ¦     2825           1              0.010 
2025-05-23 10:51:04 | INFO |       28.865 ¦     2826           1              0.010 
2025-05-23 10:51:04 | INFO |       28.875 ¦     2827           1              0.010 
2025-05-23 10:51:04 | INFO |       28.885 ¦     2828           1              0.010 
2025-05-23 10:51:04 | INFO |       28.895 ¦     2829           1              0.010 
2025-05-23 10:51:04 | INFO |       28.905 ¦     2830           1              0.010 
2025-05-23 10:51:04 | INFO |       28.915 ¦     2831           1              0.010 
2025-05-23 10:51:04 | INFO |       28.925 ¦     2832           1              0.010 
2025-05-23 10:51:04 | INFO |       28.935 ¦     2833           1              0.010 
2025-05-23 10:51:04 | INFO |       28.945 ¦     2834           1              0.010 
2025-05-23 10:51:04 | INFO |       28.955 ¦     2835           1              0.010 
2025-05-23 10:51:04 | INFO |       28.965 ¦     2836           1              0.010 
2025-05-23 10:51:04 | INFO |       28.975 ¦     2837           1              0.010 
2025-05-23 10:51:04 | INFO |       28.985 ¦     2838           1              0.010 
2025-05-23 10:51:04 | INFO |       28.995 ¦     2839           1              0.010 
2025-05-23 10:51:04 | INFO |       29.005 ¦     2840           1              0.010 
2025-05-23 10:51:04 | INFO |       29.015 ¦     2841           1              0.010 
2025-05-23 10:51:04 | INFO |       29.025 ¦     2842           1              0.010 
2025-05-23 10:51:04 | INFO |       29.035 ¦     2843           1              0.010 
2025-05-23 10:51:04 | INFO |       29.045 ¦     2844           1              0.010 
2025-05-23 10:51:04 | INFO |       29.055 ¦     2845           1              0.010 
2025-05-23 10:51:04 | INFO |       29.065 ¦     2846           1              0.010 
2025-05-23 10:51:04 | INFO |       29.075 ¦     2847           1              0.010 
2025-05-23 10:51:04 | INFO |       29.085 ¦     2848           1              0.010 
2025-05-23 10:51:04 | INFO |       29.095 ¦     2849           1              0.010 
2025-05-23 10:51:04 | INFO |       29.105 ¦     2850           1              0.010 
2025-05-23 10:51:04 | INFO |       29.115 ¦     2851           1              0.010 
2025-05-23 10:51:04 | INFO |       29.125 ¦     2852           1              0.010 
2025-05-23 10:51:04 | INFO |       29.135 ¦     2853           1              0.010 
2025-05-23 10:51:04 | INFO |       29.145 ¦     2854           1              0.010 
2025-05-23 10:51:04 | INFO |       29.155 ¦     2855           1              0.010 
2025-05-23 10:51:04 | INFO |       29.165 ¦     2856           1              0.010 
2025-05-23 10:51:04 | INFO |       29.175 ¦     2857           1              0.010 
2025-05-23 10:51:04 | INFO |       29.185 ¦     2858           1              0.010 
2025-05-23 10:51:04 | INFO |       29.195 ¦     2859           1              0.010 
2025-05-23 10:51:04 | INFO |       29.205 ¦     2860           1              0.010 
2025-05-23 10:51:04 | INFO |       29.215 ¦     2861           1              0.010 
2025-05-23 10:51:04 | INFO |       29.225 ¦     2862           1              0.010 
2025-05-23 10:51:04 | INFO |       29.235 ¦     2863           1              0.010 
2025-05-23 10:51:04 | INFO |       29.245 ¦     2864           1              0.010 
2025-05-23 10:51:04 | INFO |       29.255 ¦     2865           1              0.010 
2025-05-23 10:51:04 | INFO |       29.265 ¦     2866           1              0.010 
2025-05-23 10:51:04 | INFO |       29.275 ¦     2867           1              0.010 
2025-05-23 10:51:04 | INFO |       29.285 ¦     2868           1              0.010 
2025-05-23 10:51:04 | INFO |       29.295 ¦     2869           1              0.010 
2025-05-23 10:51:04 | INFO |       29.305 ¦     2870           1              0.010 
2025-05-23 10:51:04 | INFO |       29.315 ¦     2871           1              0.010 
2025-05-23 10:51:04 | INFO |       29.325 ¦     2872           1              0.010 
2025-05-23 10:51:04 | INFO |       29.335 ¦     2873           1              0.010 
2025-05-23 10:51:04 | INFO |       29.345 ¦     2874           1              0.010 
2025-05-23 10:51:04 | INFO |       29.355 ¦     2875           1              0.010 
2025-05-23 10:51:04 | INFO |       29.365 ¦     2876           1              0.010 
2025-05-23 10:51:04 | INFO |       29.375 ¦     2877           1              0.010 
2025-05-23 10:51:04 | INFO |       29.385 ¦     2878           1              0.010 
2025-05-23 10:51:04 | INFO |       29.395 ¦     2879           1              0.010 
2025-05-23 10:51:04 | INFO |       29.405 ¦     2880           1              0.010 
2025-05-23 10:51:04 | INFO |       29.415 ¦     2881           1              0.010 
2025-05-23 10:51:04 | INFO |       29.425 ¦     2882           1              0.010 
2025-05-23 10:51:04 | INFO |       29.435 ¦     2883           1              0.010 
2025-05-23 10:51:04 | INFO |       29.445 ¦     2884           1              0.010 
2025-05-23 10:51:04 | INFO |       29.455 ¦     2885           1              0.010 
2025-05-23 10:51:04 | INFO |       29.465 ¦     2886           1              0.010 
2025-05-23 10:51:04 | INFO |       29.475 ¦     2887           1              0.010 
2025-05-23 10:51:04 | INFO |       29.485 ¦     2888           1              0.010 
2025-05-23 10:51:04 | INFO |       29.495 ¦     2889           1              0.010 
2025-05-23 10:51:04 | INFO |       29.505 ¦     2890           1              0.010 
2025-05-23 10:51:04 | INFO |       29.515 ¦     2891           1              0.010 
2025-05-23 10:51:04 | INFO |       29.525 ¦     2892           1              0.010 
2025-05-23 10:51:04 | INFO |       29.535 ¦     2893           1              0.010 
2025-05-23 10:51:04 | INFO |       29.545 ¦     2894           1              0.010 
2025-05-23 10:51:04 | INFO |       29.555 ¦     2895           1              0.010 
2025-05-23 10:51:04 | INFO |       29.565 ¦     2896           1              0.010 
2025-05-23 10:51:04 | INFO |       29.575 ¦     2897           1              0.010 
2025-05-23 10:51:04 | INFO |       29.585 ¦     2898           1              0.010 
2025-05-23 10:51:04 | INFO |       29.595 ¦     2899           1              0.010 
2025-05-23 10:51:04 | INFO |       29.605 ¦     2900           1              0.010 
2025-05-23 10:51:04 | INFO |       29.615 ¦     2901           1              0.010 
2025-05-23 10:51:04 | INFO |       29.625 ¦     2902           1              0.010 
2025-05-23 10:51:04 | INFO |       29.635 ¦     2903           1              0.010 
2025-05-23 10:51:04 | INFO |       29.645 ¦     2904           1              0.010 
2025-05-23 10:51:04 | INFO |       29.655 ¦     2905           1              0.010 
2025-05-23 10:51:04 | INFO |       29.665 ¦     2906           1              0.010 
2025-05-23 10:51:04 | INFO |       29.675 ¦     2907           1              0.010 
2025-05-23 10:51:04 | INFO |       29.685 ¦     2908           1              0.010 
2025-05-23 10:51:04 | INFO |       29.695 ¦     2909           1              0.010 
2025-05-23 10:51:04 | INFO |       29.705 ¦     2910           1              0.010 
2025-05-23 10:51:04 | INFO |       29.715 ¦     2911           1              0.010 
2025-05-23 10:51:04 | INFO |       29.725 ¦     2912           1              0.010 
2025-05-23 10:51:04 | INFO |       29.735 ¦     2913           1              0.010 
2025-05-23 10:51:04 | INFO |       29.745 ¦     2914           1              0.010 
2025-05-23 10:51:04 | INFO |       29.755 ¦     2915           1              0.010 
2025-05-23 10:51:04 | INFO |       29.765 ¦     2916           1              0.010 
2025-05-23 10:51:04 | INFO |       29.775 ¦     2917           1              0.010 
2025-05-23 10:51:04 | INFO |       29.785 ¦     2918           1              0.010 
2025-05-23 10:51:04 | INFO |       29.795 ¦     2919           1              0.010 
2025-05-23 10:51:04 | INFO |       29.805 ¦     2920           1              0.010 
2025-05-23 10:51:04 | INFO |       29.815 ¦     2921           1              0.010 
2025-05-23 10:51:04 | INFO |       29.825 ¦     2922           1              0.010 
2025-05-23 10:51:04 | INFO |       29.835 ¦     2923           1              0.010 
2025-05-23 10:51:04 | INFO |       29.845 ¦     2924           1              0.010 
2025-05-23 10:51:04 | INFO |       29.855 ¦     2925           1              0.010 
2025-05-23 10:51:04 | INFO |       29.865 ¦     2926           1              0.010 
2025-05-23 10:51:04 | INFO |       29.875 ¦     2927           1              0.010 
2025-05-23 10:51:04 | INFO |       29.885 ¦     2928           1              0.010 
2025-05-23 10:51:04 | INFO |       29.895 ¦     2929           1              0.010 
2025-05-23 10:51:04 | INFO |       29.905 ¦     2930           1              0.010 
2025-05-23 10:51:04 | INFO |       29.915 ¦     2931           1              0.010 
2025-05-23 10:51:04 | INFO |       29.925 ¦     2932           1              0.010 
2025-05-23 10:51:04 | INFO |       29.935 ¦     2933           1              0.010 
2025-05-23 10:51:04 | INFO |       29.945 ¦     2934           1              0.010 
2025-05-23 10:51:04 | INFO |       29.955 ¦     2935           1              0.010 
2025-05-23 10:51:04 | INFO |       29.965 ¦     2936           1              0.010 
2025-05-23 10:51:04 | INFO |       29.975 ¦     2937           1              0.010 
2025-05-23 10:51:04 | INFO |       29.985 ¦     2938           1              0.010 
2025-05-23 10:51:04 | INFO |       29.995 ¦     2939           1              0.010 
2025-05-23 10:51:04 | INFO | Algebraic mode (with J recalculation) change at t = 30
2025-05-23 10:51:04 | INFO |       30.000 ¦     2940           1              0.010 
2025-05-23 10:51:04 | INFO | calculation of the new starting point of the simulation.
2025-05-23 10:51:04 | INFO | Algebraic mode (with J recalculation) change at t = 30
2025-05-23 10:51:04 | INFO | Algebraic mode change at t = 30
2025-05-23 10:51:04 | INFO |       30.000 ¦        0           0              0.000 
2025-05-23 10:51:04 | INFO |       30.000 ¦        1           1              0.000 
2025-05-23 10:51:04 | INFO |       30.000 ¦        2           1              0.000 
2025-05-23 10:51:04 | INFO |       30.000 ¦        3           2              0.000 
2025-05-23 10:51:04 | INFO |       30.000 ¦        4           2              0.000 
2025-05-23 10:51:04 | INFO |       30.000 ¦        5           2              0.000 
2025-05-23 10:51:04 | INFO |       30.000 ¦        6           2              0.000 
2025-05-23 10:51:04 | INFO |       30.000 ¦        7           2              0.000 
2025-05-23 10:51:04 | INFO |       30.000 ¦        8           2              0.000 
2025-05-23 10:51:04 | INFO | Algebraic mode change at t = 30.0001
2025-05-23 10:51:04 | INFO |       30.000 ¦        9           2              0.000 
2025-05-23 10:51:04 | INFO | calculation of the new starting point of the simulation.
2025-05-23 10:51:04 | INFO |       30.000 ¦        0           0              0.000 
2025-05-23 10:51:04 | INFO |       30.000 ¦        1           1              0.000 
2025-05-23 10:51:04 | INFO |       30.000 ¦        2           1              0.000 
2025-05-23 10:51:04 | INFO |       30.000 ¦        3           2              0.000 
2025-05-23 10:51:04 | INFO |       30.000 ¦        4           2              0.000 
2025-05-23 10:51:04 | INFO |       30.000 ¦        5           2              0.000 
2025-05-23 10:51:04 | INFO |       30.000 ¦        6           2              0.000 
2025-05-23 10:51:04 | INFO |       30.000 ¦        7           2              0.000 
2025-05-23 10:51:04 | INFO |       30.000 ¦        8           2              0.000 
2025-05-23 10:51:04 | INFO |       30.000 ¦        9           2              0.000 
2025-05-23 10:51:04 | INFO |       30.000 ¦       10           2              0.000 
2025-05-23 10:51:04 | INFO |       30.000 ¦       11           2              0.000 
2025-05-23 10:51:04 | INFO |       30.000 ¦       12           2              0.000 
2025-05-23 10:51:04 | INFO |       30.001 ¦       13           2              0.000 
2025-05-23 10:51:04 | INFO |       30.001 ¦       14           2              0.000 
2025-05-23 10:51:04 | INFO |       30.001 ¦       15           2              0.000 
2025-05-23 10:51:04 | INFO |       30.001 ¦       16           2              0.000 
2025-05-23 10:51:04 | INFO |       30.001 ¦       17           2              0.000 
2025-05-23 10:51:04 | INFO |       30.001 ¦       18           2              0.000 
2025-05-23 10:51:04 | INFO | Algebraic mode (with J recalculation) change at t = 30.0009
2025-05-23 10:51:04 | INFO |       30.001 ¦       19           2              0.000 
2025-05-23 10:51:04 | INFO | calculation of the new starting point of the simulation.
2025-05-23 10:51:04 | INFO |       30.001 ¦        0           0              0.000 
2025-05-23 10:51:04 | INFO |       30.001 ¦        1           1              0.000 
2025-05-23 10:51:04 | INFO |       30.001 ¦        2           1              0.000 
2025-05-23 10:51:04 | INFO |       30.001 ¦        3           2              0.000 
2025-05-23 10:51:04 | INFO |       30.001 ¦        4           2              0.000 
2025-05-23 10:51:04 | INFO |       30.001 ¦        5           2              0.000 
2025-05-23 10:51:04 | INFO |       30.001 ¦        6           2              0.000 
2025-05-23 10:51:04 | INFO |       30.001 ¦        7           2              0.000 
2025-05-23 10:51:04 | INFO |       30.001 ¦        8           2              0.000 
2025-05-23 10:51:04 | INFO | Algebraic mode (with J recalculation) change at t = 30.001
2025-05-23 10:51:04 | INFO |       30.001 ¦        8           2              0.000 
2025-05-23 10:51:04 | INFO | calculation of the new starting point of the simulation.
2025-05-23 10:51:04 | INFO | Algebraic mode (with J recalculation) change at t = 30.001
2025-05-23 10:51:04 | INFO |       30.001 ¦        0           0              0.000 
2025-05-23 10:51:04 | INFO |       30.001 ¦        1           1              0.000 
2025-05-23 10:51:04 | INFO |       30.001 ¦        2           1              0.000 
2025-05-23 10:51:04 | INFO |       30.001 ¦        3           2              0.000 
2025-05-23 10:51:04 | INFO |       30.001 ¦        4           2              0.000 
2025-05-23 10:51:04 | INFO |       30.001 ¦        5           2              0.000 
2025-05-23 10:51:04 | INFO |       30.001 ¦        6           2              0.000 
2025-05-23 10:51:04 | INFO | Algebraic mode (with J recalculation) change at t = 30.001
2025-05-23 10:51:04 | INFO |       30.001 ¦        6           2              0.000 
2025-05-23 10:51:04 | INFO | calculation of the new starting point of the simulation.
2025-05-23 10:51:04 | INFO |       30.001 ¦        0           0              0.000 
2025-05-23 10:51:04 | INFO |       30.001 ¦        1           1              0.000 
2025-05-23 10:51:04 | INFO |       30.001 ¦        2           1              0.000 
2025-05-23 10:51:04 | INFO |       30.001 ¦        3           2              0.000 
2025-05-23 10:51:04 | INFO |       30.001 ¦        4           2              0.000 
2025-05-23 10:51:04 | INFO |       30.001 ¦        5           2              0.000 
2025-05-23 10:51:04 | INFO |       30.001 ¦        6           2              0.000 
2025-05-23 10:51:04 | INFO |       30.001 ¦        7           2              0.000 
2025-05-23 10:51:04 | INFO |       30.001 ¦        8           2              0.000 
2025-05-23 10:51:04 | INFO |       30.001 ¦        9           2              0.000 
2025-05-23 10:51:04 | INFO |       30.001 ¦       10           2              0.000 
2025-05-23 10:51:04 | INFO |       30.002 ¦       11           2              0.000 
2025-05-23 10:51:04 | INFO | Algebraic mode (with J recalculation) change at t = 30.0015
2025-05-23 10:51:04 | INFO |       30.002 ¦       12           2              0.000 
2025-05-23 10:51:04 | INFO | calculation of the new starting point of the simulation.
2025-05-23 10:51:04 | INFO | Algebraic mode (with J recalculation) change at t = 30.0015
2025-05-23 10:51:04 | INFO |       30.002 ¦        0           0              0.000 
2025-05-23 10:51:04 | INFO |       30.002 ¦        1           1              0.000 
2025-05-23 10:51:04 | INFO |       30.002 ¦        2           1              0.000 
2025-05-23 10:51:04 | INFO |       30.002 ¦        3           2              0.000 
2025-05-23 10:51:04 | INFO |       30.002 ¦        4           2              0.000 
2025-05-23 10:51:04 | INFO | Algebraic mode change at t = 30.0016
2025-05-23 10:51:04 | INFO |       30.002 ¦        5           2              0.000 
2025-05-23 10:51:04 | INFO | calculation of the new starting point of the simulation.
2025-05-23 10:51:04 | INFO |       30.002 ¦        0           0              0.000 
2025-05-23 10:51:04 | INFO |       30.002 ¦        1           1              0.000 
2025-05-23 10:51:04 | INFO |       30.002 ¦        2           1              0.000 
2025-05-23 10:51:04 | INFO |       30.002 ¦        3           2              0.000 
2025-05-23 10:51:04 | INFO | Algebraic mode change at t = 30.0016
2025-05-23 10:51:04 | INFO |       30.002 ¦        4           2              0.000 
2025-05-23 10:51:04 | INFO | calculation of the new starting point of the simulation.
2025-05-23 10:51:04 | INFO |       30.002 ¦        0           0              0.000 
2025-05-23 10:51:04 | INFO |       30.002 ¦        1           1              0.000 
2025-05-23 10:51:04 | INFO |       30.002 ¦        2           1              0.000 
2025-05-23 10:51:04 | INFO |       30.002 ¦        3           2              0.000 
2025-05-23 10:51:04 | INFO |       30.002 ¦        4           2              0.000 
2025-05-23 10:51:04 | INFO |       30.002 ¦        5           2              0.000 
2025-05-23 10:51:04 | INFO |       30.002 ¦        6           2              0.000 
2025-05-23 10:51:04 | INFO |       30.002 ¦        7           2              0.000 
2025-05-23 10:51:04 | INFO |       30.002 ¦        8           2              0.000 
2025-05-23 10:51:04 | INFO |       30.002 ¦        9           2              0.000 
2025-05-23 10:51:04 | INFO |       30.002 ¦       10           2              0.000 
2025-05-23 10:51:04 | INFO | Algebraic mode (with J recalculation) change at t = 30.0019
2025-05-23 10:51:04 | INFO |       30.002 ¦       10           2              0.000 
2025-05-23 10:51:04 | INFO | calculation of the new starting point of the simulation.
2025-05-23 10:51:04 | INFO |       30.002 ¦        0           0              0.000 
2025-05-23 10:51:04 | INFO |       30.002 ¦        1           1              0.000 
2025-05-23 10:51:04 | INFO |       30.002 ¦        2           1              0.000 
2025-05-23 10:51:04 | INFO |       30.002 ¦        3           2              0.000 
2025-05-23 10:51:04 | INFO |       30.002 ¦        4           2              0.000 
2025-05-23 10:51:04 | INFO |       30.002 ¦        5           2              0.000 
2025-05-23 10:51:04 | INFO |       30.002 ¦        6           2              0.000 
2025-05-23 10:51:04 | INFO |       30.002 ¦        7           2              0.000 
2025-05-23 10:51:04 | INFO |       30.002 ¦        8           2              0.000 
2025-05-23 10:51:04 | INFO |       30.002 ¦        9           2              0.000 
2025-05-23 10:51:04 | INFO |       30.002 ¦       10           2              0.000 
2025-05-23 10:51:04 | INFO |       30.002 ¦       11           2              0.000 
2025-05-23 10:51:04 | INFO |       30.003 ¦       12           2              0.000 
2025-05-23 10:51:04 | INFO |       30.003 ¦       13           2              0.000 
2025-05-23 10:51:04 | INFO | Algebraic mode (with J recalculation) change at t = 30.0028
2025-05-23 10:51:04 | INFO |       30.003 ¦       14           2              0.000 
2025-05-23 10:51:04 | INFO | calculation of the new starting point of the simulation.
2025-05-23 10:51:04 | INFO |       30.003 ¦        0           0              0.000 
2025-05-23 10:51:04 | INFO |       30.003 ¦        1           1              0.000 
2025-05-23 10:51:04 | INFO |       30.003 ¦        2           1              0.000 
2025-05-23 10:51:04 | INFO |       30.003 ¦        3           2              0.000 
2025-05-23 10:51:04 | INFO | Algebraic mode change at t = 30.0028
2025-05-23 10:51:04 | INFO |       30.003 ¦        4           2              0.000 
2025-05-23 10:51:04 | INFO | calculation of the new starting point of the simulation.
2025-05-23 10:51:04 | INFO |       30.003 ¦        0           0              0.000 
2025-05-23 10:51:04 | INFO |       30.003 ¦        1           1              0.000 
2025-05-23 10:51:04 | INFO |       30.003 ¦        2           1              0.000 
2025-05-23 10:51:04 | INFO |       30.003 ¦        3           2              0.000 
2025-05-23 10:51:04 | INFO |       30.003 ¦        4           2              0.000 
2025-05-23 10:51:04 | INFO |       30.003 ¦        5           2              0.000 
2025-05-23 10:51:04 | INFO |       30.003 ¦        6           2              0.000 
2025-05-23 10:51:04 | INFO |       30.003 ¦        7           2              0.000 
2025-05-23 10:51:04 | INFO |       30.003 ¦        8           2              0.000 
2025-05-23 10:51:04 | INFO |       30.003 ¦        9           2              0.000 
2025-05-23 10:51:04 | INFO |       30.003 ¦       10           2              0.000 
2025-05-23 10:51:04 | INFO |       30.003 ¦       11           2              0.000 
2025-05-23 10:51:04 | INFO |       30.003 ¦       12           2              0.000 
2025-05-23 10:51:04 | INFO |       30.004 ¦       13           2              0.000 
2025-05-23 10:51:04 | INFO |       30.004 ¦       14           2              0.000 
2025-05-23 10:51:04 | INFO |       30.004 ¦       15           2              0.000 
2025-05-23 10:51:04 | INFO |       30.004 ¦       16           2              0.000 
2025-05-23 10:51:04 | INFO |       30.004 ¦       17           2              0.000 
2025-05-23 10:51:04 | INFO |       30.004 ¦       18           2              0.000 
2025-05-23 10:51:04 | INFO |       30.004 ¦       19           2              0.000 
2025-05-23 10:51:04 | INFO |       30.004 ¦       20           2              0.000 
2025-05-23 10:51:04 | INFO |       30.005 ¦       21           2              0.000 
2025-05-23 10:51:04 | INFO |       30.005 ¦       22           2              0.000 
2025-05-23 10:51:04 | INFO |       30.005 ¦       23           2              0.000 
2025-05-23 10:51:04 | INFO |       30.005 ¦       24           2              0.000 
2025-05-23 10:51:04 | INFO |       30.005 ¦       25           2              0.000 
2025-05-23 10:51:04 | INFO |       30.006 ¦       26           2              0.000 
2025-05-23 10:51:04 | INFO |       30.006 ¦       27           2              0.000 
2025-05-23 10:51:04 | INFO |       30.006 ¦       28           2              0.000 
2025-05-23 10:51:04 | INFO |       30.006 ¦       29           2              0.000 
2025-05-23 10:51:04 | INFO |       30.007 ¦       30           2              0.000 
2025-05-23 10:51:04 | INFO |       30.007 ¦       31           2              0.000 
2025-05-23 10:51:04 | INFO |       30.007 ¦       32           2              0.000 
2025-05-23 10:51:04 | INFO | Algebraic mode change at t = 30.0074
2025-05-23 10:51:04 | INFO |       30.007 ¦       33           2              0.000 
2025-05-23 10:51:04 | INFO | calculation of the new starting point of the simulation.
2025-05-23 10:51:04 | INFO |       30.007 ¦        0           0              0.000 
2025-05-23 10:51:04 | INFO |       30.007 ¦        1           1              0.000 
2025-05-23 10:51:04 | INFO |       30.007 ¦        2           1              0.000 
2025-05-23 10:51:04 | INFO |       30.007 ¦        3           2              0.000 
2025-05-23 10:51:04 | INFO |       30.007 ¦        4           2              0.000 
2025-05-23 10:51:04 | INFO |       30.007 ¦        5           2              0.000 
2025-05-23 10:51:04 | INFO |       30.007 ¦        6           2              0.000 
2025-05-23 10:51:04 | INFO |       30.007 ¦        7           2              0.000 
2025-05-23 10:51:04 | INFO |       30.008 ¦        8           2              0.000 
2025-05-23 10:51:04 | INFO |       30.008 ¦        9           2              0.000 
2025-05-23 10:51:04 | INFO |       30.008 ¦       10           2              0.000 
2025-05-23 10:51:04 | INFO | Algebraic mode change at t = 30.0081
2025-05-23 10:51:04 | INFO |       30.008 ¦       11           2              0.001 
2025-05-23 10:51:04 | INFO | calculation of the new starting point of the simulation.
2025-05-23 10:51:04 | INFO |       30.008 ¦        0           0              0.000 
2025-05-23 10:51:04 | INFO |       30.008 ¦        1           1              0.000 
2025-05-23 10:51:04 | INFO |       30.008 ¦        2           1              0.000 
2025-05-23 10:51:04 | INFO |       30.008 ¦        3           2              0.000 
2025-05-23 10:51:04 | INFO |       30.008 ¦        4           2              0.000 
2025-05-23 10:51:04 | INFO |       30.008 ¦        5           2              0.000 
2025-05-23 10:51:04 | INFO |       30.008 ¦        6           2              0.000 
2025-05-23 10:51:04 | INFO |       30.008 ¦        7           2              0.000 
2025-05-23 10:51:04 | INFO |       30.008 ¦        8           2              0.000 
2025-05-23 10:51:04 | INFO |       30.008 ¦        9           2              0.000 
2025-05-23 10:51:04 | INFO |       30.009 ¦       10           2              0.000 
2025-05-23 10:51:04 | INFO |       30.009 ¦       11           2              0.000 
2025-05-23 10:51:04 | INFO |       30.009 ¦       12           2              0.001 
2025-05-23 10:51:04 | INFO |       30.010 ¦       13           2              0.001 
2025-05-23 10:51:04 | INFO |       30.010 ¦       14           2              0.000 
2025-05-23 10:51:04 | INFO |       30.011 ¦       15           2              0.000 
2025-05-23 10:51:04 | INFO | Algebraic mode change at t = 30.0106
2025-05-23 10:51:04 | INFO |       30.011 ¦       16           2              0.000 
2025-05-23 10:51:04 | INFO | calculation of the new starting point of the simulation.
2025-05-23 10:51:04 | INFO |       30.011 ¦        0           0              0.000 
2025-05-23 10:51:04 | INFO | Algebraic mode change at t = 30.0106
2025-05-23 10:51:04 | INFO |       30.011 ¦        1           1              0.000 
2025-05-23 10:51:04 | INFO | calculation of the new starting point of the simulation.
2025-05-23 10:51:04 | INFO |       30.011 ¦        0           0              0.000 
2025-05-23 10:51:04 | INFO |       30.011 ¦        1           1              0.000 
2025-05-23 10:51:04 | INFO |       30.011 ¦        2           1              0.000 
2025-05-23 10:51:04 | INFO |       30.011 ¦        3           2              0.000 
2025-05-23 10:51:04 | INFO |       30.011 ¦        4           2              0.000 
2025-05-23 10:51:04 | INFO |       30.011 ¦        5           2              0.000 
2025-05-23 10:51:04 | INFO |       30.011 ¦        6           2              0.000 
2025-05-23 10:51:04 | INFO |       30.011 ¦        7           2              0.000 
2025-05-23 10:51:04 | INFO |       30.011 ¦        8           2              0.000 
2025-05-23 10:51:04 | INFO |       30.011 ¦        9           2              0.000 
2025-05-23 10:51:04 | INFO |       30.011 ¦       10           2              0.000 
2025-05-23 10:51:04 | INFO |       30.011 ¦       11           2              0.000 
2025-05-23 10:51:04 | INFO | Algebraic mode change at t = 30.0114
2025-05-23 10:51:04 | INFO |       30.011 ¦       12           2              0.001 
2025-05-23 10:51:04 | INFO | calculation of the new starting point of the simulation.
2025-05-23 10:51:04 | INFO |       30.011 ¦        0           0              0.000 
2025-05-23 10:51:04 | INFO | Algebraic mode change at t = 30.0114
2025-05-23 10:51:04 | INFO |       30.011 ¦        1           1              0.000 
2025-05-23 10:51:04 | INFO | calculation of the new starting point of the simulation.
2025-05-23 10:51:04 | INFO |       30.011 ¦        0           0              0.000 
2025-05-23 10:51:04 | INFO |       30.011 ¦        1           1              0.000 
2025-05-23 10:51:04 | INFO |       30.011 ¦        2           1              0.000 
2025-05-23 10:51:04 | INFO |       30.011 ¦        3           2              0.000 
2025-05-23 10:51:04 | INFO |       30.011 ¦        4           2              0.000 
2025-05-23 10:51:04 | INFO |       30.011 ¦        5           2              0.000 
2025-05-23 10:51:04 | INFO |       30.011 ¦        6           2              0.000 
2025-05-23 10:51:04 | INFO |       30.012 ¦        7           2              0.000 
2025-05-23 10:51:04 | INFO |       30.012 ¦        8           2              0.000 
2025-05-23 10:51:04 | INFO |       30.012 ¦        9           2              0.000 
2025-05-23 10:51:04 | INFO |       30.012 ¦       10           2              0.000 
2025-05-23 10:51:04 | INFO |       30.012 ¦       11           2              0.001 
2025-05-23 10:51:04 | INFO |       30.013 ¦       12           2              0.001 
2025-05-23 10:51:04 | INFO |       30.013 ¦       13           2              0.001 
2025-05-23 10:51:04 | INFO |       30.014 ¦       14           2              0.001 
2025-05-23 10:51:04 | INFO |       30.015 ¦       15           2              0.001 
2025-05-23 10:51:04 | INFO |       30.015 ¦       16           2              0.001 
2025-05-23 10:51:04 | INFO |       30.016 ¦       17           2              0.001 
2025-05-23 10:51:04 | INFO |       30.016 ¦       18           2              0.001 
2025-05-23 10:51:04 | INFO |       30.017 ¦       19           2              0.001 
2025-05-23 10:51:04 | INFO | Algebraic mode change at t = 30.0166
2025-05-23 10:51:04 | INFO |       30.017 ¦       20           2              0.001 
2025-05-23 10:51:04 | INFO | calculation of the new starting point of the simulation.
2025-05-23 10:51:04 | INFO |       30.017 ¦        0           0              0.000 
2025-05-23 10:51:04 | INFO |       30.017 ¦        1           1              0.000 
2025-05-23 10:51:04 | INFO |       30.017 ¦        2           1              0.000 
2025-05-23 10:51:04 | INFO |       30.017 ¦        3           2              0.000 
2025-05-23 10:51:04 | INFO |       30.017 ¦        4           2              0.000 
2025-05-23 10:51:04 | INFO |       30.017 ¦        5           2              0.000 
2025-05-23 10:51:04 | INFO |       30.017 ¦        6           2              0.000 
2025-05-23 10:51:04 | INFO |       30.017 ¦        7           2              0.000 
2025-05-23 10:51:04 | INFO |       30.017 ¦        8           2              0.000 
2025-05-23 10:51:04 | INFO |       30.017 ¦        9           2              0.000 
2025-05-23 10:51:04 | INFO | Algebraic mode change at t = 30.017
2025-05-23 10:51:04 | INFO |       30.017 ¦       10           2              0.000 
2025-05-23 10:51:04 | INFO | calculation of the new starting point of the simulation.
2025-05-23 10:51:04 | INFO |       30.017 ¦        0           0              0.000 
2025-05-23 10:51:04 | INFO |       30.017 ¦        1           1              0.000 
2025-05-23 10:51:04 | INFO |       30.017 ¦        2           1              0.000 
2025-05-23 10:51:04 | INFO |       30.017 ¦        3           2              0.000 
2025-05-23 10:51:04 | INFO |       30.017 ¦        4           2              0.000 
2025-05-23 10:51:04 | INFO |       30.017 ¦        5           2              0.000 
2025-05-23 10:51:04 | INFO |       30.017 ¦        6           2              0.000 
2025-05-23 10:51:04 | INFO |       30.017 ¦        7           2              0.000 
2025-05-23 10:51:04 | INFO |       30.017 ¦        8           2              0.000 
2025-05-23 10:51:04 | INFO |       30.017 ¦        9           2              0.000 
2025-05-23 10:51:04 | INFO |       30.017 ¦       10           2              0.000 
2025-05-23 10:51:04 | INFO |       30.018 ¦       11           2              0.001 
2025-05-23 10:51:04 | INFO |       30.019 ¦       12           2              0.001 
2025-05-23 10:51:04 | INFO | Algebraic mode change at t = 30.0195
2025-05-23 10:51:04 | INFO |       30.020 ¦       13           2              0.001 
2025-05-23 10:51:04 | INFO | calculation of the new starting point of the simulation.
2025-05-23 10:51:04 | INFO |       30.020 ¦        0           0              0.000 
2025-05-23 10:51:04 | INFO |       30.020 ¦        1           1              0.000 
2025-05-23 10:51:04 | INFO |       30.020 ¦        2           1              0.000 
2025-05-23 10:51:04 | INFO |       30.020 ¦        3           2              0.000 
2025-05-23 10:51:04 | INFO |       30.020 ¦        4           2              0.000 
2025-05-23 10:51:04 | INFO |       30.020 ¦        5           2              0.000 
2025-05-23 10:51:04 | INFO |       30.020 ¦        6           2              0.000 
2025-05-23 10:51:04 | INFO |       30.020 ¦        7           2              0.000 
2025-05-23 10:51:04 | INFO |       30.020 ¦        8           2              0.000 
2025-05-23 10:51:04 | INFO |       30.020 ¦        9           2              0.000 
2025-05-23 10:51:04 | INFO |       30.020 ¦       10           2              0.000 
2025-05-23 10:51:04 | INFO |       30.021 ¦       11           2              0.001 
2025-05-23 10:51:04 | INFO |       30.021 ¦       12           2              0.001 
2025-05-23 10:51:04 | INFO |       30.022 ¦       13           2              0.001 
2025-05-23 10:51:04 | INFO | Algebraic mode change at t = 30.0222
2025-05-23 10:51:04 | INFO |       30.022 ¦       14           2              0.001 
2025-05-23 10:51:04 | INFO | calculation of the new starting point of the simulation.
2025-05-23 10:51:04 | INFO |       30.022 ¦        0           0              0.000 
2025-05-23 10:51:04 | INFO |       30.022 ¦        1           1              0.000 
2025-05-23 10:51:04 | INFO |       30.022 ¦        2           1              0.000 
2025-05-23 10:51:04 | INFO |       30.022 ¦        3           2              0.000 
2025-05-23 10:51:04 | INFO |       30.022 ¦        4           2              0.000 
2025-05-23 10:51:04 | INFO |       30.022 ¦        5           2              0.000 
2025-05-23 10:51:04 | INFO |       30.022 ¦        6           2              0.000 
2025-05-23 10:51:04 | INFO |       30.022 ¦        7           2              0.000 
2025-05-23 10:51:04 | INFO |       30.022 ¦        8           2              0.000 
2025-05-23 10:51:04 | INFO |       30.022 ¦        9           2              0.000 
2025-05-23 10:51:04 | INFO |       30.023 ¦       10           2              0.000 
2025-05-23 10:51:04 | INFO |       30.023 ¦       11           2              0.000 
2025-05-23 10:51:04 | INFO | Algebraic mode change at t = 30.023
2025-05-23 10:51:04 | INFO |       30.023 ¦       12           2              0.000 
2025-05-23 10:51:04 | INFO | calculation of the new starting point of the simulation.
2025-05-23 10:51:04 | INFO |       30.023 ¦        0           0              0.000 
2025-05-23 10:51:04 | INFO |       30.023 ¦        1           1              0.000 
2025-05-23 10:51:04 | INFO |       30.023 ¦        2           1              0.000 
2025-05-23 10:51:04 | INFO |       30.023 ¦        3           2              0.000 
2025-05-23 10:51:04 | INFO |       30.023 ¦        4           2              0.000 
2025-05-23 10:51:04 | INFO |       30.023 ¦        5           2              0.000 
2025-05-23 10:51:04 | INFO |       30.023 ¦        6           2              0.000 
2025-05-23 10:51:04 | INFO | Algebraic mode change at t = 30.0231
2025-05-23 10:51:04 | INFO |       30.023 ¦        7           2              0.000 
2025-05-23 10:51:04 | INFO | calculation of the new starting point of the simulation.
2025-05-23 10:51:04 | INFO |       30.023 ¦        0           0              0.000 
2025-05-23 10:51:04 | INFO |       30.023 ¦        1           1              0.000 
2025-05-23 10:51:04 | INFO |       30.023 ¦        2           1              0.000 
2025-05-23 10:51:04 | INFO |       30.023 ¦        3           2              0.000 
2025-05-23 10:51:04 | INFO |       30.023 ¦        4           2              0.000 
2025-05-23 10:51:04 | INFO |       30.023 ¦        5           2              0.000 
2025-05-23 10:51:04 | INFO |       30.023 ¦        6           2              0.000 
2025-05-23 10:51:04 | INFO |       30.023 ¦        7           2              0.000 
2025-05-23 10:51:04 | INFO |       30.023 ¦        8           2              0.000 
2025-05-23 10:51:04 | INFO |       30.023 ¦        9           2              0.000 
2025-05-23 10:51:04 | INFO |       30.024 ¦       10           2              0.000 
2025-05-23 10:51:04 | INFO | Algebraic mode change at t = 30.0238
2025-05-23 10:51:04 | INFO |       30.024 ¦       11           2              0.001 
2025-05-23 10:51:04 | INFO | calculation of the new starting point of the simulation.
2025-05-23 10:51:04 | INFO |       30.024 ¦        0           0              0.000 
2025-05-23 10:51:04 | INFO |       30.024 ¦        1           1              0.000 
2025-05-23 10:51:04 | INFO |       30.024 ¦        2           1              0.000 
2025-05-23 10:51:04 | INFO |       30.024 ¦        3           2              0.000 
2025-05-23 10:51:04 | INFO |       30.024 ¦        4           2              0.000 
2025-05-23 10:51:04 | INFO |       30.024 ¦        5           2              0.000 
2025-05-23 10:51:04 | INFO |       30.024 ¦        6           2              0.000 
2025-05-23 10:51:04 | INFO |       30.024 ¦        7           2              0.000 
2025-05-23 10:51:04 | INFO |       30.024 ¦        8           2              0.000 
2025-05-23 10:51:04 | INFO | Algebraic mode change at t = 30.0239
2025-05-23 10:51:04 | INFO |       30.024 ¦        9           2              0.000 
2025-05-23 10:51:04 | INFO | calculation of the new starting point of the simulation.
2025-05-23 10:51:04 | INFO |       30.024 ¦        0           0              0.000 
2025-05-23 10:51:04 | INFO |       30.024 ¦        1           1              0.000 
2025-05-23 10:51:04 | INFO |       30.024 ¦        2           1              0.000 
2025-05-23 10:51:04 | INFO |       30.024 ¦        3           2              0.000 
2025-05-23 10:51:04 | INFO |       30.024 ¦        4           2              0.000 
2025-05-23 10:51:04 | INFO |       30.024 ¦        5           2              0.000 
2025-05-23 10:51:04 | INFO |       30.024 ¦        6           2              0.000 
2025-05-23 10:51:04 | INFO |       30.024 ¦        7           2              0.000 
2025-05-23 10:51:04 | INFO |       30.024 ¦        8           2              0.000 
2025-05-23 10:51:04 | INFO |       30.024 ¦        9           2              0.000 
2025-05-23 10:51:04 | INFO |       30.024 ¦       10           2              0.000 
2025-05-23 10:51:04 | INFO |       30.024 ¦       11           2              0.000 
2025-05-23 10:51:04 | INFO |       30.025 ¦       12           2              0.000 
2025-05-23 10:51:04 | INFO |       30.025 ¦       13           2              0.000 
2025-05-23 10:51:04 | INFO |       30.025 ¦       14           2              0.000 
2025-05-23 10:51:04 | INFO |       30.025 ¦       15           2              0.000 
2025-05-23 10:51:04 | INFO | Algebraic mode change at t = 30.0252
2025-05-23 10:51:04 | INFO |       30.025 ¦       16           2              0.000 
2025-05-23 10:51:04 | INFO | calculation of the new starting point of the simulation.
2025-05-23 10:51:04 | INFO |       30.025 ¦        0           0              0.000 
2025-05-23 10:51:04 | INFO |       30.025 ¦        1           1              0.000 
2025-05-23 10:51:04 | INFO |       30.025 ¦        2           1              0.000 
2025-05-23 10:51:04 | INFO |       30.025 ¦        3           2              0.000 
2025-05-23 10:51:04 | INFO |       30.025 ¦        4           2              0.000 
2025-05-23 10:51:04 | INFO |       30.025 ¦        5           2              0.000 
2025-05-23 10:51:04 | INFO |       30.025 ¦        6           2              0.000 
2025-05-23 10:51:04 | INFO |       30.025 ¦        7           2              0.000 
2025-05-23 10:51:04 | INFO |       30.025 ¦        8           2              0.000 
2025-05-23 10:51:04 | INFO |       30.025 ¦        9           2              0.000 
2025-05-23 10:51:04 | INFO |       30.026 ¦       10           2              0.000 
2025-05-23 10:51:04 | INFO |       30.026 ¦       11           2              0.000 
2025-05-23 10:51:04 | INFO | Algebraic mode change at t = 30.0261
2025-05-23 10:51:04 | INFO |       30.026 ¦       12           2              0.000 
2025-05-23 10:51:04 | INFO | calculation of the new starting point of the simulation.
2025-05-23 10:51:04 | INFO |       30.026 ¦        0           0              0.000 
2025-05-23 10:51:04 | INFO | Algebraic mode change at t = 30.0261
2025-05-23 10:51:04 | INFO |       30.026 ¦        1           1              0.000 
2025-05-23 10:51:04 | INFO | calculation of the new starting point of the simulation.
2025-05-23 10:51:04 | INFO |       30.026 ¦        0           0              0.000 
2025-05-23 10:51:04 | INFO |       30.026 ¦        1           1              0.000 
2025-05-23 10:51:04 | INFO | Algebraic mode change at t = 30.0261
2025-05-23 10:51:04 | INFO |       30.026 ¦        2           1              0.000 
2025-05-23 10:51:04 | INFO | calculation of the new starting point of the simulation.
2025-05-23 10:51:04 | INFO |       30.026 ¦        0           0              0.000 
2025-05-23 10:51:04 | INFO |       30.026 ¦        1           1              0.000 
2025-05-23 10:51:04 | INFO |       30.026 ¦        2           1              0.000 
2025-05-23 10:51:04 | INFO |       30.026 ¦        3           2              0.000 
2025-05-23 10:51:04 | INFO |       30.026 ¦        4           2              0.000 
2025-05-23 10:51:04 | INFO |       30.026 ¦        5           2              0.000 
2025-05-23 10:51:04 | INFO |       30.026 ¦        6           2              0.000 
2025-05-23 10:51:04 | INFO |       30.026 ¦        7           2              0.000 
2025-05-23 10:51:04 | INFO |       30.026 ¦        8           2              0.000 
2025-05-23 10:51:04 | INFO | Algebraic mode change at t = 30.0263
2025-05-23 10:51:04 | INFO |       30.026 ¦        9           2              0.000 
2025-05-23 10:51:04 | INFO | calculation of the new starting point of the simulation.
2025-05-23 10:51:04 | INFO |       30.026 ¦        0           0              0.000 
2025-05-23 10:51:04 | INFO | Algebraic mode change at t = 30.0263
2025-05-23 10:51:04 | INFO |       30.026 ¦        1           1              0.000 
2025-05-23 10:51:04 | INFO | calculation of the new starting point of the simulation.
2025-05-23 10:51:04 | INFO |       30.026 ¦        0           0              0.000 
2025-05-23 10:51:04 | INFO | Algebraic mode change at t = 30.0263
2025-05-23 10:51:04 | INFO |       30.026 ¦        1           1              0.000 
2025-05-23 10:51:04 | INFO | calculation of the new starting point of the simulation.
2025-05-23 10:51:04 | INFO |       30.026 ¦        0           0              0.000 
2025-05-23 10:51:04 | INFO |       30.026 ¦        1           1              0.000 
2025-05-23 10:51:04 | INFO |       30.026 ¦        2           1              0.000 
2025-05-23 10:51:04 | INFO |       30.026 ¦        3           2              0.000 
2025-05-23 10:51:04 | INFO |       30.026 ¦        4           2              0.000 
2025-05-23 10:51:04 | INFO |       30.026 ¦        5           2              0.000 
2025-05-23 10:51:04 | INFO |       30.026 ¦        6           2              0.000 
2025-05-23 10:51:04 | INFO |       30.026 ¦        7           2              0.000 
2025-05-23 10:51:04 | INFO |       30.026 ¦        8           2              0.000 
2025-05-23 10:51:04 | INFO |       30.027 ¦        9           2              0.000 
2025-05-23 10:51:04 | INFO |       30.027 ¦       10           2              0.000 
2025-05-23 10:51:04 | INFO |       30.027 ¦       11           2              0.000 
2025-05-23 10:51:04 | INFO |       30.028 ¦       12           2              0.001 
2025-05-23 10:51:04 | INFO | Algebraic mode change at t = 30.0279
2025-05-23 10:51:04 | INFO |       30.028 ¦       13           2              0.000 
2025-05-23 10:51:04 | INFO | calculation of the new starting point of the simulation.
2025-05-23 10:51:04 | INFO |       30.028 ¦        0           0              0.000 
2025-05-23 10:51:04 | INFO |       30.028 ¦        1           1              0.000 
2025-05-23 10:51:04 | INFO |       30.028 ¦        2           1              0.000 
2025-05-23 10:51:04 | INFO |       30.028 ¦        3           2              0.000 
2025-05-23 10:51:04 | INFO |       30.028 ¦        4           2              0.000 
2025-05-23 10:51:04 | INFO |       30.028 ¦        5           2              0.000 
2025-05-23 10:51:04 | INFO |       30.028 ¦        6           2              0.000 
2025-05-23 10:51:04 | INFO |       30.028 ¦        7           2              0.000 
2025-05-23 10:51:04 | INFO |       30.028 ¦        8           2              0.000 
2025-05-23 10:51:04 | INFO |       30.028 ¦        9           2              0.000 
2025-05-23 10:51:04 | INFO |       30.028 ¦       10           2              0.000 
2025-05-23 10:51:04 | INFO |       30.028 ¦       11           2              0.000 
2025-05-23 10:51:04 | INFO |       30.029 ¦       12           2              0.000 
2025-05-23 10:51:04 | INFO |       30.029 ¦       13           2              0.000 
2025-05-23 10:51:04 | INFO |       30.029 ¦       14           2              0.000 
2025-05-23 10:51:04 | INFO |       30.029 ¦       15           2              0.000 
2025-05-23 10:51:04 | INFO |       30.029 ¦       16           2              0.000 
2025-05-23 10:51:04 | INFO | Algebraic mode change at t = 30.0291
2025-05-23 10:51:04 | INFO |       30.029 ¦       17           2              0.000 
2025-05-23 10:51:04 | INFO | calculation of the new starting point of the simulation.
2025-05-23 10:51:04 | INFO |       30.029 ¦        0           0              0.000 
2025-05-23 10:51:04 | INFO |       30.029 ¦        1           1              0.000 
2025-05-23 10:51:04 | INFO |       30.029 ¦        2           1              0.000 
2025-05-23 10:51:04 | INFO |       30.029 ¦        3           2              0.000 
2025-05-23 10:51:04 | INFO |       30.029 ¦        4           2              0.000 
2025-05-23 10:51:04 | INFO |       30.029 ¦        5           2              0.000 
2025-05-23 10:51:04 | INFO |       30.029 ¦        6           2              0.000 
2025-05-23 10:51:04 | INFO |       30.029 ¦        7           2              0.000 
2025-05-23 10:51:04 | INFO |       30.029 ¦        8           2              0.000 
2025-05-23 10:51:04 | INFO |       30.029 ¦        9           2              0.000 
2025-05-23 10:51:04 | INFO |       30.029 ¦       10           1              0.000 
2025-05-23 10:51:04 | INFO |       30.029 ¦       11           1              0.000 
2025-05-23 10:51:04 | INFO | Algebraic mode (with J recalculation) change at t = 30.0295
2025-05-23 10:51:04 | INFO |       30.029 ¦       12           1              0.000 
2025-05-23 10:51:04 | INFO | calculation of the new starting point of the simulation.
2025-05-23 10:51:04 | INFO |       30.029 ¦        0           0              0.000 
2025-05-23 10:51:04 | INFO |       30.029 ¦        1           1              0.000 
2025-05-23 10:51:04 | INFO |       30.029 ¦        2           1              0.000 
2025-05-23 10:51:04 | INFO |       30.029 ¦        3           2              0.000 
2025-05-23 10:51:04 | INFO |       30.029 ¦        4           2              0.000 
2025-05-23 10:51:04 | INFO |       30.030 ¦        5           2              0.000 
2025-05-23 10:51:04 | INFO |       30.030 ¦        6           2              0.000 
2025-05-23 10:51:04 | INFO |       30.030 ¦        7           2              0.000 
2025-05-23 10:51:04 | INFO |       30.030 ¦        8           2              0.000 
2025-05-23 10:51:04 | INFO |       30.030 ¦        9           2              0.000 
2025-05-23 10:51:04 | INFO |       30.030 ¦       10           2              0.000 
2025-05-23 10:51:04 | INFO |       30.030 ¦       11           2              0.000 
2025-05-23 10:51:04 | INFO |       30.030 ¦       12           2              0.000 
2025-05-23 10:51:04 | INFO |       30.030 ¦       13           2              0.000 
2025-05-23 10:51:04 | INFO |       30.030 ¦       14           2              0.000 
2025-05-23 10:51:04 | INFO |       30.030 ¦       15           2              0.000 
2025-05-23 10:51:04 | INFO |       30.030 ¦       16           2              0.000 
2025-05-23 10:51:04 | INFO |       30.030 ¦       17           2              0.000 
2025-05-23 10:51:04 | INFO |       30.030 ¦       18           2              0.000 
2025-05-23 10:51:04 | INFO |       30.030 ¦       19           2              0.000 
2025-05-23 10:51:04 | INFO |       30.030 ¦       20           2              0.000 
2025-05-23 10:51:04 | INFO |       30.030 ¦       21           2              0.000 
2025-05-23 10:51:04 | INFO |       30.031 ¦       22           2              0.000 
2025-05-23 10:51:04 | INFO |       30.031 ¦       23           2              0.000 
2025-05-23 10:51:04 | INFO |       30.031 ¦       24           2              0.000 
2025-05-23 10:51:04 | INFO |       30.031 ¦       25           2              0.000 
2025-05-23 10:51:04 | INFO |       30.031 ¦       26           2              0.000 
2025-05-23 10:51:04 | INFO |       30.031 ¦       27           2              0.000 
2025-05-23 10:51:04 | INFO |       30.031 ¦       28           2              0.000 
2025-05-23 10:51:04 | INFO |       30.031 ¦       29           2              0.000 
2025-05-23 10:51:04 | INFO |       30.031 ¦       30           2              0.000 
2025-05-23 10:51:04 | INFO |       30.031 ¦       31           2              0.000 
2025-05-23 10:51:04 | INFO |       30.031 ¦       32           2              0.000 
2025-05-23 10:51:04 | INFO |       30.031 ¦       33           2              0.000 
2025-05-23 10:51:04 | INFO |       30.031 ¦       34           2              0.000 
2025-05-23 10:51:04 | INFO |       30.031 ¦       35           2              0.000 
2025-05-23 10:51:04 | INFO |       30.031 ¦       36           2              0.000 
2025-05-23 10:51:04 | INFO | Algebraic mode change at t = 30.0314
2025-05-23 10:51:04 | INFO |       30.031 ¦       37           2              0.000 
2025-05-23 10:51:04 | INFO | calculation of the new starting point of the simulation.
2025-05-23 10:51:04 | INFO |       30.031 ¦        0           0              0.000 
2025-05-23 10:51:04 | INFO |       30.031 ¦        1           1              0.000 
2025-05-23 10:51:04 | INFO |       30.031 ¦        2           1              0.000 
2025-05-23 10:51:04 | INFO |       30.031 ¦        3           2              0.000 
2025-05-23 10:51:04 | INFO |       30.031 ¦        4           2              0.000 
2025-05-23 10:51:04 | INFO |       30.031 ¦        5           2              0.000 
2025-05-23 10:51:04 | INFO |       30.031 ¦        6           2              0.000 
2025-05-23 10:51:04 | INFO |       30.031 ¦        7           2              0.000 
2025-05-23 10:51:04 | INFO | Algebraic mode change at t = 30.0315
2025-05-23 10:51:04 | INFO |       30.032 ¦        8           2              0.000 
2025-05-23 10:51:04 | INFO | calculation of the new starting point of the simulation.
2025-05-23 10:51:04 | INFO |       30.032 ¦        0           0              0.000 
2025-05-23 10:51:04 | INFO |       30.032 ¦        1           1              0.000 
2025-05-23 10:51:04 | INFO |       30.032 ¦        2           1              0.000 
2025-05-23 10:51:04 | INFO |       30.032 ¦        3           2              0.000 
2025-05-23 10:51:04 | INFO |       30.032 ¦        4           2              0.000 
2025-05-23 10:51:04 | INFO |       30.032 ¦        5           2              0.000 
2025-05-23 10:51:04 | INFO |       30.032 ¦        6           2              0.000 
2025-05-23 10:51:04 | INFO |       30.032 ¦        7           2              0.000 
2025-05-23 10:51:04 | INFO |       30.032 ¦        8           2              0.000 
2025-05-23 10:51:04 | INFO |       30.032 ¦        9           2              0.000 
2025-05-23 10:51:04 | INFO |       30.032 ¦       10           2              0.000 
2025-05-23 10:51:04 | INFO |       30.032 ¦       11           2              0.000 
2025-05-23 10:51:04 | INFO |       30.032 ¦       12           2              0.000 
2025-05-23 10:51:04 | INFO |       30.032 ¦       13           2              0.000 
2025-05-23 10:51:04 | INFO |       30.032 ¦       14           2              0.000 
2025-05-23 10:51:04 | INFO |       30.033 ¦       15           2              0.000 
2025-05-23 10:51:04 | INFO |       30.033 ¦       16           2              0.000 
2025-05-23 10:51:04 | INFO |       30.033 ¦       17           2              0.000 
2025-05-23 10:51:04 | INFO |       30.033 ¦       18           2              0.000 
2025-05-23 10:51:04 | INFO |       30.034 ¦       19           2              0.000 
2025-05-23 10:51:04 | INFO |       30.034 ¦       20           2              0.000 
2025-05-23 10:51:04 | INFO |       30.034 ¦       21           2              0.001 
2025-05-23 10:51:04 | INFO |       30.035 ¦       22           2              0.001 
2025-05-23 10:51:04 | INFO |       30.035 ¦       23           2              0.001 
2025-05-23 10:51:04 | INFO |       30.036 ¦       24           2              0.001 
2025-05-23 10:51:04 | INFO |       30.036 ¦       25           2              0.001 
2025-05-23 10:51:04 | INFO |       30.037 ¦       26           2              0.001 
2025-05-23 10:51:04 | INFO |       30.038 ¦       27           2              0.001 
2025-05-23 10:51:04 | INFO |       30.039 ¦       28           2              0.001 
2025-05-23 10:51:04 | INFO | Algebraic mode change at t = 30.04
2025-05-23 10:51:04 | INFO |       30.040 ¦       29           2              0.001 
2025-05-23 10:51:04 | INFO | calculation of the new starting point of the simulation.
2025-05-23 10:51:04 | INFO |       30.040 ¦        0           0              0.000 
2025-05-23 10:51:04 | INFO |       30.040 ¦        1           1              0.000 
2025-05-23 10:51:04 | INFO |       30.040 ¦        2           1              0.000 
2025-05-23 10:51:04 | INFO |       30.040 ¦        3           2              0.000 
2025-05-23 10:51:04 | INFO |       30.040 ¦        4           2              0.000 
2025-05-23 10:51:04 | INFO |       30.040 ¦        5           2              0.000 
2025-05-23 10:51:04 | INFO |       30.040 ¦        6           2              0.000 
2025-05-23 10:51:04 | INFO |       30.040 ¦        7           2              0.000 
2025-05-23 10:51:04 | INFO |       30.040 ¦        8           2              0.000 
2025-05-23 10:51:04 | INFO |       30.040 ¦        9           2              0.000 
2025-05-23 10:51:04 | INFO |       30.040 ¦       10           2              0.000 
2025-05-23 10:51:04 | INFO |       30.041 ¦       11           2              0.000 
2025-05-23 10:51:04 | INFO |       30.041 ¦       12           2              0.000 
2025-05-23 10:51:04 | INFO |       30.041 ¦       13           2              0.000 
2025-05-23 10:51:04 | INFO |       30.041 ¦       14           2              0.000 
2025-05-23 10:51:04 | INFO |       30.042 ¦       15           2              0.000 
2025-05-23 10:51:04 | INFO |       30.042 ¦       16           2              0.000 
2025-05-23 10:51:04 | INFO |       30.043 ¦       17           2              0.001 
2025-05-23 10:51:04 | INFO |       30.043 ¦       18           2              0.001 
2025-05-23 10:51:04 | INFO |       30.044 ¦       19           2              0.001 
2025-05-23 10:51:04 | INFO |       30.044 ¦       20           2              0.001 
2025-05-23 10:51:04 | INFO |       30.045 ¦       21           2              0.001 
2025-05-23 10:51:04 | INFO |       30.045 ¦       22           2              0.001 
2025-05-23 10:51:04 | INFO |       30.046 ¦       23           2              0.001 
2025-05-23 10:51:04 | INFO |       30.047 ¦       24           2              0.001 
2025-05-23 10:51:04 | INFO |       30.048 ¦       25           2              0.001 
2025-05-23 10:51:04 | INFO |       30.049 ¦       26           2              0.001 
2025-05-23 10:51:04 | INFO |       30.050 ¦       27           2              0.001 
2025-05-23 10:51:04 | INFO |       30.051 ¦       28           2              0.001 
2025-05-23 10:51:04 | INFO |       30.052 ¦       29           2              0.001 
2025-05-23 10:51:04 | INFO |       30.053 ¦       30           2              0.001 
2025-05-23 10:51:04 | INFO |       30.054 ¦       31           2              0.001 
2025-05-23 10:51:04 | INFO |       30.055 ¦       32           2              0.001 
2025-05-23 10:51:04 | INFO |       30.056 ¦       33           2              0.001 
2025-05-23 10:51:04 | INFO |       30.057 ¦       34           2              0.001 
2025-05-23 10:51:04 | INFO |       30.058 ¦       35           2              0.001 
2025-05-23 10:51:04 | INFO |       30.059 ¦       36           2              0.001 
2025-05-23 10:51:04 | INFO |       30.060 ¦       37           2              0.001 
2025-05-23 10:51:04 | INFO |       30.061 ¦       38           2              0.001 
2025-05-23 10:51:04 | INFO |       30.062 ¦       39           2              0.001 
2025-05-23 10:51:04 | INFO |       30.064 ¦       40           2              0.001 
2025-05-23 10:51:04 | INFO |       30.065 ¦       41           2              0.001 
2025-05-23 10:51:04 | INFO |       30.066 ¦       42           2              0.001 
2025-05-23 10:51:04 | INFO |       30.067 ¦       43           2              0.001 
2025-05-23 10:51:04 | INFO |       30.068 ¦       44           2              0.001 
2025-05-23 10:51:04 | INFO |       30.069 ¦       45           2              0.001 
2025-05-23 10:51:04 | INFO |       30.070 ¦       46           2              0.001 
2025-05-23 10:51:04 | INFO |       30.071 ¦       47           2              0.001 
2025-05-23 10:51:04 | INFO |       30.073 ¦       48           2              0.002 
2025-05-23 10:51:04 | INFO |       30.075 ¦       49           2              0.002 
2025-05-23 10:51:04 | INFO |       30.076 ¦       50           2              0.002 
2025-05-23 10:51:04 | INFO |       30.078 ¦       51           2              0.002 
2025-05-23 10:51:04 | INFO |       30.080 ¦       52           2              0.002 
2025-05-23 10:51:04 | INFO |       30.082 ¦       53           2              0.002 
2025-05-23 10:51:04 | INFO |       30.084 ¦       54           2              0.002 
2025-05-23 10:51:04 | INFO | Algebraic mode (with J recalculation) change at t = 30.085
2025-05-23 10:51:04 | INFO |       30.085 ¦       55           2              0.002 
2025-05-23 10:51:04 | INFO | calculation of the new starting point of the simulation.
2025-05-23 10:51:04 | INFO | Algebraic mode (with J recalculation) change at t = 30.085
2025-05-23 10:51:04 | INFO |       30.085 ¦        0           0              0.000 
2025-05-23 10:51:04 | INFO |       30.085 ¦        1           1              0.000 
2025-05-23 10:51:04 | INFO |       30.085 ¦        2           1              0.000 
2025-05-23 10:51:04 | INFO |       30.085 ¦        3           2              0.000 
2025-05-23 10:51:04 | INFO |       30.085 ¦        4           2              0.000 
2025-05-23 10:51:04 | INFO |       30.085 ¦        5           2              0.000 
2025-05-23 10:51:04 | INFO |       30.085 ¦        6           2              0.000 
2025-05-23 10:51:04 | INFO |       30.085 ¦        7           2              0.000 
2025-05-23 10:51:04 | INFO |       30.085 ¦        8           2              0.000 
2025-05-23 10:51:04 | INFO |       30.085 ¦        9           2              0.000 
2025-05-23 10:51:04 | INFO |       30.085 ¦       10           2              0.000 
2025-05-23 10:51:04 | INFO |       30.085 ¦       11           2              0.000 
2025-05-23 10:51:04 | INFO |       30.085 ¦       12           2              0.000 
2025-05-23 10:51:04 | INFO |       30.085 ¦       13           2              0.000 
2025-05-23 10:51:04 | INFO |       30.085 ¦       14           2              0.000 
2025-05-23 10:51:04 | INFO |       30.085 ¦       15           2              0.000 
2025-05-23 10:51:04 | INFO |       30.086 ¦       16           2              0.000 
2025-05-23 10:51:04 | INFO |       30.086 ¦       17           2              0.000 
2025-05-23 10:51:04 | INFO |       30.086 ¦       18           2              0.000 
2025-05-23 10:51:04 | INFO |       30.086 ¦       19           2              0.000 
2025-05-23 10:51:04 | INFO |       30.086 ¦       20           2              0.000 
2025-05-23 10:51:04 | INFO | Algebraic mode (with J recalculation) change at t = 30.0857
2025-05-23 10:51:04 | INFO |       30.086 ¦       21           2              0.000 
2025-05-23 10:51:04 | INFO | calculation of the new starting point of the simulation.
2025-05-23 10:51:04 | INFO |       30.086 ¦        0           0              0.000 
2025-05-23 10:51:04 | INFO | Algebraic mode (with J recalculation) change at t = 30.0857
2025-05-23 10:51:04 | INFO |       30.086 ¦        1           1              0.000 
2025-05-23 10:51:04 | INFO | calculation of the new starting point of the simulation.
2025-05-23 10:51:04 | INFO |       30.086 ¦        0           0              0.000 
2025-05-23 10:51:04 | INFO |       30.086 ¦        1           1              0.000 
2025-05-23 10:51:04 | INFO |       30.086 ¦        2           1              0.000 
2025-05-23 10:51:04 | INFO | Algebraic mode (with J recalculation) change at t = 30.0857
2025-05-23 10:51:04 | INFO |       30.086 ¦        3           2              0.000 
2025-05-23 10:51:04 | INFO | calculation of the new starting point of the simulation.
2025-05-23 10:51:04 | INFO |       30.086 ¦        0           0              0.000 
2025-05-23 10:51:04 | INFO | Algebraic mode (with J recalculation) change at t = 30.0857
2025-05-23 10:51:04 | INFO |       30.086 ¦        1           1              0.000 
2025-05-23 10:51:04 | INFO | calculation of the new starting point of the simulation.
2025-05-23 10:51:04 | INFO |       30.086 ¦        0           0              0.000 
2025-05-23 10:51:04 | INFO |       30.086 ¦        1           1              0.000 
2025-05-23 10:51:04 | INFO | Algebraic mode (with J recalculation) change at t = 30.0857
2025-05-23 10:51:04 | INFO |       30.086 ¦        2           1              0.000 
2025-05-23 10:51:04 | INFO | calculation of the new starting point of the simulation.
2025-05-23 10:51:04 | INFO |       30.086 ¦        0           0              0.000 
2025-05-23 10:51:04 | INFO |       30.086 ¦        1           1              0.000 
2025-05-23 10:51:04 | INFO | Algebraic mode change at t = 30.0857
2025-05-23 10:51:04 | INFO |       30.086 ¦        2           1              0.000 
2025-05-23 10:51:04 | INFO | calculation of the new starting point of the simulation.
2025-05-23 10:51:04 | INFO |       30.086 ¦        0           0              0.000 
2025-05-23 10:51:04 | INFO | Algebraic mode change at t = 30.0857
2025-05-23 10:51:04 | INFO |       30.086 ¦        1           1              0.000 
2025-05-23 10:51:04 | INFO | calculation of the new starting point of the simulation.
2025-05-23 10:51:04 | INFO |       30.086 ¦        0           0              0.000 
2025-05-23 10:51:04 | INFO | Algebraic mode change at t = 30.0857
2025-05-23 10:51:04 | INFO |       30.086 ¦        1           1              0.000 
2025-05-23 10:51:04 | INFO | calculation of the new starting point of the simulation.
2025-05-23 10:51:04 | INFO |       30.086 ¦        0           0              0.000 
2025-05-23 10:51:04 | INFO |       30.086 ¦        1           1              0.000 
2025-05-23 10:51:04 | INFO |       30.086 ¦        2           1              0.000 
2025-05-23 10:51:04 | INFO |       30.086 ¦        3           2              0.000 
2025-05-23 10:51:04 | INFO |       30.086 ¦        4           2              0.000 
2025-05-23 10:51:04 | INFO |       30.086 ¦        5           2              0.000 
2025-05-23 10:51:04 | INFO | Algebraic mode change at t = 30.0857
2025-05-23 10:51:04 | INFO |       30.086 ¦        6           2              0.000 
2025-05-23 10:51:04 | INFO | calculation of the new starting point of the simulation.
2025-05-23 10:51:04 | INFO |       30.086 ¦        0           0              0.000 
2025-05-23 10:51:04 | INFO |       30.086 ¦        1           1              0.000 
2025-05-23 10:51:04 | INFO |       30.086 ¦        2           1              0.000 
2025-05-23 10:51:04 | INFO |       30.086 ¦        3           2              0.000 
2025-05-23 10:51:04 | INFO |       30.086 ¦        4           2              0.000 
2025-05-23 10:51:04 | INFO |       30.086 ¦        5           2              0.000 
2025-05-23 10:51:04 | INFO |       30.086 ¦        6           2              0.000 
2025-05-23 10:51:04 | INFO |       30.086 ¦        7           2              0.000 
2025-05-23 10:51:04 | INFO |       30.086 ¦        8           2              0.000 
2025-05-23 10:51:04 | INFO |       30.086 ¦        9           2              0.000 
2025-05-23 10:51:04 | INFO |       30.086 ¦       10           2              0.000 
2025-05-23 10:51:04 | INFO |       30.086 ¦       11           2              0.000 
2025-05-23 10:51:04 | INFO |       30.086 ¦       12           2              0.000 
2025-05-23 10:51:04 | INFO |       30.086 ¦       13           2              0.000 
2025-05-23 10:51:04 | INFO |       30.086 ¦       14           2              0.000 
2025-05-23 10:51:04 | INFO | Algebraic mode (with J recalculation) change at t = 30.086
2025-05-23 10:51:04 | INFO |       30.086 ¦       14           2              0.000 
2025-05-23 10:51:04 | INFO | calculation of the new starting point of the simulation.
2025-05-23 10:51:04 | INFO | Algebraic mode (with J recalculation) change at t = 30.086
2025-05-23 10:51:04 | INFO |       30.086 ¦        0           0              0.000 
2025-05-23 10:51:04 | INFO |       30.086 ¦        1           1              0.000 
2025-05-23 10:51:04 | INFO |       30.086 ¦        2           1              0.000 
2025-05-23 10:51:04 | INFO |       30.086 ¦        3           2              0.000 
2025-05-23 10:51:04 | INFO |       30.086 ¦        4           2              0.000 
2025-05-23 10:51:04 | INFO |       30.086 ¦        5           2              0.000 
2025-05-23 10:51:04 | INFO | Algebraic mode (with J recalculation) change at t = 30.086
2025-05-23 10:51:04 | INFO |       30.086 ¦        5           2              0.000 
2025-05-23 10:51:04 | INFO | calculation of the new starting point of the simulation.
2025-05-23 10:51:04 | INFO |       30.086 ¦        0           0              0.000 
2025-05-23 10:51:04 | INFO |       30.086 ¦        1           1              0.000 
2025-05-23 10:51:04 | INFO |       30.086 ¦        2           1              0.000 
2025-05-23 10:51:04 | INFO |       30.086 ¦        3           2              0.000 
2025-05-23 10:51:04 | INFO |       30.086 ¦        4           2              0.000 
2025-05-23 10:51:04 | INFO |       30.086 ¦        5           2              0.000 
2025-05-23 10:51:04 | INFO |       30.086 ¦        6           2              0.000 
2025-05-23 10:51:04 | INFO |       30.086 ¦        7           2              0.000 
2025-05-23 10:51:04 | INFO |       30.086 ¦        8           2              0.000 
2025-05-23 10:51:04 | INFO |       30.086 ¦        9           2              0.000 
2025-05-23 10:51:04 | INFO |       30.086 ¦       10           2              0.000 
2025-05-23 10:51:04 | INFO |       30.086 ¦       11           2              0.000 
2025-05-23 10:51:04 | INFO |       30.086 ¦       12           2              0.000 
2025-05-23 10:51:04 | INFO |       30.086 ¦       13           2              0.000 
2025-05-23 10:51:04 | INFO |       30.086 ¦       14           2              0.000 
2025-05-23 10:51:04 | INFO |       30.086 ¦       15           2              0.000 
2025-05-23 10:51:04 | INFO |       30.086 ¦       16           2              0.000 
2025-05-23 10:51:04 | INFO |       30.086 ¦       17           2              0.000 
2025-05-23 10:51:04 | INFO |       30.087 ¦       18           2              0.000 
2025-05-23 10:51:04 | INFO |       30.087 ¦       19           2              0.000 
2025-05-23 10:51:04 | INFO |       30.087 ¦       20           2              0.000 
2025-05-23 10:51:04 | INFO |       30.087 ¦       21           2              0.000 
2025-05-23 10:51:04 | INFO |       30.087 ¦       22           2              0.000 
2025-05-23 10:51:04 | INFO |       30.087 ¦       23           2              0.000 
2025-05-23 10:51:04 | INFO |       30.087 ¦       24           2              0.000 
2025-05-23 10:51:04 | INFO |       30.087 ¦       25           2              0.000 
2025-05-23 10:51:04 | INFO |       30.087 ¦       26           2              0.000 
2025-05-23 10:51:04 | INFO |       30.087 ¦       27           2              0.000 
2025-05-23 10:51:04 | INFO |       30.087 ¦       28           2              0.000 
2025-05-23 10:51:04 | INFO |       30.087 ¦       29           2              0.000 
2025-05-23 10:51:04 | INFO |       30.087 ¦       30           2              0.000 
2025-05-23 10:51:04 | INFO |       30.087 ¦       31           2              0.000 
2025-05-23 10:51:04 | INFO |       30.088 ¦       32           2              0.000 
2025-05-23 10:51:04 | INFO | Algebraic mode change at t = 30.0875
2025-05-23 10:51:04 | INFO |       30.088 ¦       33           2              0.000 
2025-05-23 10:51:04 | INFO | calculation of the new starting point of the simulation.
2025-05-23 10:51:04 | INFO |       30.088 ¦        0           0              0.000 
2025-05-23 10:51:04 | INFO |       30.088 ¦        1           1              0.000 
2025-05-23 10:51:04 | INFO |       30.088 ¦        2           1              0.000 
2025-05-23 10:51:04 | INFO |       30.088 ¦        3           2              0.000 
2025-05-23 10:51:04 | INFO |       30.088 ¦        4           2              0.000 
2025-05-23 10:51:04 | INFO |       30.088 ¦        5           2              0.000 
2025-05-23 10:51:04 | INFO |       30.088 ¦        6           2              0.000 
2025-05-23 10:51:04 | INFO |       30.088 ¦        7           2              0.000 
2025-05-23 10:51:04 | INFO | Algebraic mode change at t = 30.0876
2025-05-23 10:51:04 | INFO |       30.088 ¦        8           2              0.000 
2025-05-23 10:51:04 | INFO | calculation of the new starting point of the simulation.
2025-05-23 10:51:04 | INFO |       30.088 ¦        0           0              0.000 
2025-05-23 10:51:04 | INFO |       30.088 ¦        1           1              0.000 
2025-05-23 10:51:04 | INFO |       30.088 ¦        2           1              0.000 
2025-05-23 10:51:04 | INFO |       30.088 ¦        3           2              0.000 
2025-05-23 10:51:04 | INFO |       30.088 ¦        4           2              0.000 
2025-05-23 10:51:04 | INFO |       30.088 ¦        5           2              0.000 
2025-05-23 10:51:04 | INFO |       30.088 ¦        6           2              0.000 
2025-05-23 10:51:04 | INFO |       30.088 ¦        7           2              0.000 
2025-05-23 10:51:04 | INFO |       30.088 ¦        8           2              0.000 
2025-05-23 10:51:04 | INFO |       30.088 ¦        9           2              0.000 
2025-05-23 10:51:04 | INFO |       30.088 ¦       10           2              0.000 
2025-05-23 10:51:04 | INFO |       30.088 ¦       11           2              0.000 
2025-05-23 10:51:04 | INFO | Algebraic mode change at t = 30.0882
2025-05-23 10:51:04 | INFO |       30.088 ¦       12           2              0.000 
2025-05-23 10:51:04 | INFO | calculation of the new starting point of the simulation.
2025-05-23 10:51:04 | INFO |       30.088 ¦        0           0              0.000 
2025-05-23 10:51:04 | INFO |       30.088 ¦        1           1              0.000 
2025-05-23 10:51:04 | INFO |       30.088 ¦        2           1              0.000 
2025-05-23 10:51:04 | INFO |       30.088 ¦        3           2              0.000 
2025-05-23 10:51:04 | INFO |       30.088 ¦        4           2              0.000 
2025-05-23 10:51:04 | INFO |       30.088 ¦        5           2              0.000 
2025-05-23 10:51:04 | INFO |       30.088 ¦        6           2              0.000 
2025-05-23 10:51:04 | INFO |       30.088 ¦        7           2              0.000 
2025-05-23 10:51:04 | INFO |       30.088 ¦        8           2              0.000 
2025-05-23 10:51:04 | INFO |       30.088 ¦        9           2              0.000 
2025-05-23 10:51:04 | INFO |       30.089 ¦       10           2              0.000 
2025-05-23 10:51:04 | INFO |       30.089 ¦       11           2              0.000 
2025-05-23 10:51:04 | INFO |       30.089 ¦       12           2              0.000 
2025-05-23 10:51:04 | INFO |       30.089 ¦       13           2              0.000 
2025-05-23 10:51:04 | INFO |       30.089 ¦       14           2              0.000 
2025-05-23 10:51:04 | INFO |       30.089 ¦       15           2              0.000 
2025-05-23 10:51:04 | INFO |       30.089 ¦       16           2              0.000 
2025-05-23 10:51:04 | INFO |       30.090 ¦       17           2              0.000 
2025-05-23 10:51:04 | INFO | Algebraic mode change at t = 30.0895
2025-05-23 10:51:04 | INFO |       30.090 ¦       18           2              0.000 
2025-05-23 10:51:04 | INFO | calculation of the new starting point of the simulation.
2025-05-23 10:51:04 | INFO |       30.090 ¦        0           0              0.000 
2025-05-23 10:51:04 | INFO |       30.090 ¦        1           1              0.000 
2025-05-23 10:51:04 | INFO |       30.090 ¦        2           1              0.000 
2025-05-23 10:51:04 | INFO |       30.090 ¦        3           2              0.000 
2025-05-23 10:51:04 | INFO |       30.090 ¦        4           2              0.000 
2025-05-23 10:51:04 | INFO |       30.090 ¦        5           2              0.000 
2025-05-23 10:51:04 | INFO |       30.090 ¦        6           2              0.000 
2025-05-23 10:51:04 | INFO |       30.090 ¦        7           2              0.000 
2025-05-23 10:51:04 | INFO |       30.090 ¦        8           2              0.000 
2025-05-23 10:51:04 | INFO |       30.090 ¦        9           2              0.000 
2025-05-23 10:51:04 | INFO |       30.090 ¦       10           2              0.000 
2025-05-23 10:51:04 | INFO |       30.090 ¦       11           2              0.000 
2025-05-23 10:51:04 | INFO |       30.090 ¦       12           2              0.000 
2025-05-23 10:51:04 | INFO |       30.091 ¦       13           2              0.000 
2025-05-23 10:51:04 | INFO |       30.091 ¦       14           2              0.000 
2025-05-23 10:51:04 | INFO |       30.091 ¦       15           2              0.000 
2025-05-23 10:51:04 | INFO |       30.091 ¦       16           2              0.000 
2025-05-23 10:51:04 | INFO |       30.092 ¦       17           2              0.000 
2025-05-23 10:51:04 | INFO |       30.092 ¦       18           2              0.000 
2025-05-23 10:51:04 | INFO |       30.092 ¦       19           2              0.000 
2025-05-23 10:51:04 | INFO |       30.092 ¦       20           2              0.000 
2025-05-23 10:51:04 | INFO |       30.093 ¦       21           2              0.000 
2025-05-23 10:51:04 | INFO |       30.093 ¦       22           2              0.000 
2025-05-23 10:51:04 | INFO |       30.093 ¦       23           2              0.000 
2025-05-23 10:51:04 | INFO | Algebraic mode (with J recalculation) change at t = 30.0936
2025-05-23 10:51:04 | INFO |       30.094 ¦       24           2              0.001 
2025-05-23 10:51:04 | INFO | calculation of the new starting point of the simulation.
2025-05-23 10:51:04 | INFO |       30.094 ¦        0           0              0.000 
2025-05-23 10:51:04 | INFO |       30.094 ¦        1           1              0.000 
2025-05-23 10:51:04 | INFO |       30.094 ¦        2           1              0.000 
2025-05-23 10:51:04 | INFO |       30.094 ¦        3           2              0.000 
2025-05-23 10:51:04 | INFO |       30.094 ¦        4           2              0.000 
2025-05-23 10:51:04 | INFO |       30.094 ¦        5           2              0.000 
2025-05-23 10:51:04 | INFO |       30.094 ¦        6           2              0.000 
2025-05-23 10:51:04 | INFO |       30.094 ¦        7           2              0.000 
2025-05-23 10:51:04 | INFO |       30.094 ¦        8           2              0.000 
2025-05-23 10:51:04 | INFO |       30.094 ¦        9           2              0.000 
2025-05-23 10:51:04 | INFO |       30.094 ¦       10           2              0.000 
2025-05-23 10:51:04 | INFO |       30.094 ¦       11           2              0.000 
2025-05-23 10:51:04 | INFO |       30.095 ¦       12           2              0.001 
2025-05-23 10:51:04 | INFO |       30.095 ¦       13           2              0.001 
2025-05-23 10:51:04 | INFO | Algebraic mode (with J recalculation) change at t = 30.0957
2025-05-23 10:51:04 | INFO |       30.096 ¦       14           2              0.001 
2025-05-23 10:51:04 | INFO | calculation of the new starting point of the simulation.
2025-05-23 10:51:04 | INFO | Algebraic mode (with J recalculation) change at t = 30.0957
2025-05-23 10:51:04 | INFO |       30.096 ¦        0           0              0.000 
2025-05-23 10:51:04 | INFO |       30.096 ¦        1           1              0.000 
2025-05-23 10:51:04 | INFO |       30.096 ¦        2           1              0.000 
2025-05-23 10:51:04 | INFO |       30.096 ¦        3           2              0.000 
2025-05-23 10:51:04 | INFO |       30.096 ¦        4           2              0.000 
2025-05-23 10:51:04 | INFO |       30.096 ¦        5           2              0.000 
2025-05-23 10:51:04 | INFO |       30.096 ¦        6           2              0.000 
2025-05-23 10:51:04 | INFO |       30.096 ¦        7           2              0.000 
2025-05-23 10:51:04 | INFO |       30.096 ¦        8           2              0.000 
2025-05-23 10:51:04 | INFO |       30.096 ¦        9           2              0.000 
2025-05-23 10:51:04 | INFO | Algebraic mode change at t = 30.096
2025-05-23 10:51:04 | INFO |       30.096 ¦       10           2              0.000 
2025-05-23 10:51:04 | INFO | calculation of the new starting point of the simulation.
2025-05-23 10:51:04 | INFO |       30.096 ¦        0           0              0.000 
2025-05-23 10:51:04 | INFO |       30.096 ¦        1           1              0.000 
2025-05-23 10:51:04 | INFO |       30.096 ¦        2           1              0.000 
2025-05-23 10:51:04 | INFO |       30.096 ¦        3           2              0.000 
2025-05-23 10:51:04 | INFO |       30.096 ¦        4           2              0.000 
2025-05-23 10:51:04 | INFO |       30.096 ¦        5           2              0.000 
2025-05-23 10:51:04 | INFO |       30.096 ¦        6           2              0.000 
2025-05-23 10:51:04 | INFO |       30.096 ¦        7           2              0.000 
2025-05-23 10:51:04 | INFO |       30.096 ¦        8           2              0.000 
2025-05-23 10:51:04 | INFO |       30.096 ¦        9           2              0.000 
2025-05-23 10:51:04 | INFO |       30.096 ¦       10           2              0.000 
2025-05-23 10:51:04 | INFO |       30.096 ¦       11           2              0.000 
2025-05-23 10:51:04 | INFO |       30.096 ¦       12           2              0.000 
2025-05-23 10:51:04 | INFO |       30.096 ¦       13           2              0.000 
2025-05-23 10:51:04 | INFO |       30.097 ¦       14           2              0.000 
2025-05-23 10:51:04 | INFO |       30.097 ¦       15           2              0.000 
2025-05-23 10:51:04 | INFO |       30.097 ¦       16           2              0.000 
2025-05-23 10:51:04 | INFO |       30.097 ¦       17           2              0.000 
2025-05-23 10:51:04 | INFO |       30.097 ¦       18           2              0.000 
2025-05-23 10:51:04 | INFO |       30.097 ¦       19           2              0.000 
2025-05-23 10:51:04 | INFO |       30.097 ¦       20           2              0.000 
2025-05-23 10:51:04 | INFO |       30.097 ¦       21           2              0.000 
2025-05-23 10:51:04 | INFO |       30.097 ¦       22           2              0.000 
2025-05-23 10:51:04 | INFO | Algebraic mode change at t = 30.0974
2025-05-23 10:51:04 | INFO |       30.097 ¦       23           2              0.000 
2025-05-23 10:51:04 | INFO | calculation of the new starting point of the simulation.
2025-05-23 10:51:04 | INFO |       30.097 ¦        0           0              0.000 
2025-05-23 10:51:04 | INFO | Algebraic mode change at t = 30.0974
2025-05-23 10:51:04 | INFO |       30.097 ¦        1           1              0.000 
2025-05-23 10:51:04 | INFO | calculation of the new starting point of the simulation.
2025-05-23 10:51:04 | INFO |       30.097 ¦        0           0              0.000 
2025-05-23 10:51:04 | INFO |       30.097 ¦        1           1              0.000 
2025-05-23 10:51:04 | INFO |       30.097 ¦        2           1              0.000 
2025-05-23 10:51:04 | INFO |       30.097 ¦        3           2              0.000 
2025-05-23 10:51:04 | INFO |       30.097 ¦        4           2              0.000 
2025-05-23 10:51:04 | INFO |       30.097 ¦        5           2              0.000 
2025-05-23 10:51:04 | INFO |       30.097 ¦        6           2              0.000 
2025-05-23 10:51:04 | INFO |       30.097 ¦        7           2              0.000 
2025-05-23 10:51:04 | INFO |       30.098 ¦        8           2              0.000 
2025-05-23 10:51:04 | INFO | Algebraic mode change at t = 30.0976
2025-05-23 10:51:04 | INFO |       30.098 ¦        9           2              0.000 
2025-05-23 10:51:04 | INFO | calculation of the new starting point of the simulation.
2025-05-23 10:51:04 | INFO |       30.098 ¦        0           0              0.000 
2025-05-23 10:51:04 | INFO |       30.098 ¦        1           1              0.000 
2025-05-23 10:51:04 | INFO |       30.098 ¦        2           1              0.000 
2025-05-23 10:51:04 | INFO |       30.098 ¦        3           2              0.000 
2025-05-23 10:51:04 | INFO |       30.098 ¦        4           2              0.000 
2025-05-23 10:51:04 | INFO |       30.098 ¦        5           2              0.000 
2025-05-23 10:51:04 | INFO |       30.098 ¦        6           2              0.000 
2025-05-23 10:51:04 | INFO |       30.098 ¦        7           2              0.000 
2025-05-23 10:51:04 | INFO |       30.098 ¦        8           2              0.000 
2025-05-23 10:51:04 | INFO |       30.098 ¦        9           2              0.000 
2025-05-23 10:51:04 | INFO |       30.098 ¦       10           2              0.000 
2025-05-23 10:51:04 | INFO |       30.098 ¦       11           2              0.000 
2025-05-23 10:51:04 | INFO |       30.098 ¦       12           2              0.000 
2025-05-23 10:51:04 | INFO |       30.098 ¦       13           2              0.000 
2025-05-23 10:51:04 | INFO |       30.099 ¦       14           2              0.000 
2025-05-23 10:51:04 | INFO |       30.099 ¦       15           2              0.000 
2025-05-23 10:51:04 | INFO |       30.099 ¦       16           2              0.000 
2025-05-23 10:51:04 | INFO |       30.099 ¦       17           2              0.000 
2025-05-23 10:51:04 | INFO |       30.100 ¦       18           2              0.000 
2025-05-23 10:51:04 | INFO |       30.100 ¦       19           2              0.000 
2025-05-23 10:51:04 | INFO |       30.100 ¦       20           2              0.000 
2025-05-23 10:51:04 | INFO |       30.100 ¦       21           2              0.000 
2025-05-23 10:51:04 | INFO |       30.101 ¦       22           2              0.000 
2025-05-23 10:51:04 | INFO |       30.101 ¦       23           2              0.000 
2025-05-23 10:51:04 | INFO |       30.102 ¦       24           2              0.000 
2025-05-23 10:51:04 | INFO | Algebraic mode change at t = 30.1022
2025-05-23 10:51:04 | INFO |       30.102 ¦       25           2              0.000 
2025-05-23 10:51:04 | INFO | calculation of the new starting point of the simulation.
2025-05-23 10:51:04 | INFO |       30.102 ¦        0           0              0.000 
2025-05-23 10:51:04 | INFO |       30.102 ¦        1           1              0.000 
2025-05-23 10:51:04 | INFO |       30.102 ¦        2           1              0.000 
2025-05-23 10:51:04 | INFO |       30.102 ¦        3           2              0.000 
2025-05-23 10:51:04 | INFO |       30.102 ¦        4           2              0.000 
2025-05-23 10:51:04 | INFO |       30.102 ¦        5           2              0.000 
2025-05-23 10:51:04 | INFO |       30.102 ¦        6           2              0.000 
2025-05-23 10:51:04 | INFO |       30.102 ¦        7           2              0.000 
2025-05-23 10:51:04 | INFO |       30.102 ¦        8           2              0.000 
2025-05-23 10:51:04 | INFO | Algebraic mode change at t = 30.1024
2025-05-23 10:51:04 | INFO |       30.102 ¦        9           2              0.000 
2025-05-23 10:51:04 | INFO | calculation of the new starting point of the simulation.
2025-05-23 10:51:04 | INFO |       30.102 ¦        0           0              0.000 
2025-05-23 10:51:04 | INFO |       30.102 ¦        1           1              0.000 
2025-05-23 10:51:04 | INFO |       30.102 ¦        2           1              0.000 
2025-05-23 10:51:04 | INFO |       30.102 ¦        3           2              0.000 
2025-05-23 10:51:04 | INFO |       30.102 ¦        4           2              0.000 
2025-05-23 10:51:04 | INFO |       30.102 ¦        5           2              0.000 
2025-05-23 10:51:04 | INFO |       30.102 ¦        6           2              0.000 
2025-05-23 10:51:04 | INFO |       30.102 ¦        7           2              0.000 
2025-05-23 10:51:04 | INFO |       30.103 ¦        8           2              0.000 
2025-05-23 10:51:04 | INFO |       30.103 ¦        9           2              0.000 
2025-05-23 10:51:04 | INFO |       30.103 ¦       10           2              0.000 
2025-05-23 10:51:04 | INFO |       30.103 ¦       11           2              0.000 
2025-05-23 10:51:04 | INFO |       30.103 ¦       12           2              0.000 
2025-05-23 10:51:04 | INFO |       30.103 ¦       13           2              0.000 
2025-05-23 10:51:04 | INFO |       30.103 ¦       14           2              0.000 
2025-05-23 10:51:04 | INFO |       30.104 ¦       15           2              0.000 
2025-05-23 10:51:04 | INFO |       30.104 ¦       16           2              0.000 
2025-05-23 10:51:04 | INFO |       30.104 ¦       17           2              0.000 
2025-05-23 10:51:04 | INFO |       30.104 ¦       18           2              0.000 
2025-05-23 10:51:04 | INFO |       30.105 ¦       19           2              0.000 
2025-05-23 10:51:04 | INFO |       30.105 ¦       20           2              0.000 
2025-05-23 10:51:04 | INFO |       30.105 ¦       21           2              0.000 
2025-05-23 10:51:04 | INFO |       30.105 ¦       22           2              0.000 
2025-05-23 10:51:04 | INFO |       30.106 ¦       23           2              0.000 
2025-05-23 10:51:04 | INFO |       30.106 ¦       24           2              0.000 
2025-05-23 10:51:04 | INFO |       30.106 ¦       25           2              0.000 
2025-05-23 10:51:04 | INFO |       30.106 ¦       26           2              0.000 
2025-05-23 10:51:04 | INFO |       30.107 ¦       27           2              0.000 
2025-05-23 10:51:04 | INFO |       30.107 ¦       28           2              0.000 
2025-05-23 10:51:04 | INFO |       30.107 ¦       29           2              0.000 
2025-05-23 10:51:04 | INFO |       30.107 ¦       30           2              0.000 
2025-05-23 10:51:04 | INFO |       30.108 ¦       31           2              0.000 
2025-05-23 10:51:04 | INFO |       30.108 ¦       32           2              0.000 
2025-05-23 10:51:04 | INFO |       30.108 ¦       33           2              0.000 
2025-05-23 10:51:04 | INFO |       30.108 ¦       34           2              0.000 
2025-05-23 10:51:04 | INFO |       30.109 ¦       35           2              0.000 
2025-05-23 10:51:04 | INFO |       30.109 ¦       36           2              0.001 
2025-05-23 10:51:04 | INFO |       30.110 ¦       37           2              0.001 
2025-05-23 10:51:04 | INFO |       30.110 ¦       38           2              0.001 
2025-05-23 10:51:04 | INFO |       30.111 ¦       39           2              0.001 
2025-05-23 10:51:04 | INFO |       30.111 ¦       40           2              0.001 
2025-05-23 10:51:04 | INFO |       30.112 ¦       41           2              0.001 
2025-05-23 10:51:04 | INFO |       30.112 ¦       42           2              0.001 
2025-05-23 10:51:04 | INFO |       30.113 ¦       43           2              0.001 
2025-05-23 10:51:04 | INFO |       30.113 ¦       44           2              0.001 
2025-05-23 10:51:04 | INFO |       30.114 ¦       45           2              0.001 
2025-05-23 10:51:04 | INFO |       30.114 ¦       46           2              0.001 
2025-05-23 10:51:04 | INFO |       30.115 ¦       47           2              0.001 
2025-05-23 10:51:04 | INFO |       30.115 ¦       48           2              0.001 
2025-05-23 10:51:04 | INFO |       30.116 ¦       49           2              0.001 
2025-05-23 10:51:04 | INFO |       30.117 ¦       50           2              0.001 
2025-05-23 10:51:04 | INFO |       30.118 ¦       51           2              0.001 
2025-05-23 10:51:04 | INFO |       30.119 ¦       52           2              0.001 
2025-05-23 10:51:04 | INFO |       30.120 ¦       53           2              0.001 
2025-05-23 10:51:04 | INFO |       30.121 ¦       54           2              0.001 
2025-05-23 10:51:04 | INFO |       30.121 ¦       55           2              0.001 
2025-05-23 10:51:04 | INFO |       30.122 ¦       56           2              0.001 
2025-05-23 10:51:04 | INFO |       30.123 ¦       57           2              0.001 
2025-05-23 10:51:04 | INFO |       30.124 ¦       58           2              0.001 
2025-05-23 10:51:04 | INFO |       30.125 ¦       59           2              0.001 
2025-05-23 10:51:04 | INFO |       30.126 ¦       60           2              0.001 
2025-05-23 10:51:04 | INFO |       30.127 ¦       61           2              0.001 
2025-05-23 10:51:04 | INFO |       30.128 ¦       62           2              0.001 
2025-05-23 10:51:04 | INFO |       30.129 ¦       63           2              0.001 
2025-05-23 10:51:04 | INFO |       30.130 ¦       64           2              0.001 
2025-05-23 10:51:04 | INFO |       30.131 ¦       65           2              0.001 
2025-05-23 10:51:04 | INFO |       30.131 ¦       66           2              0.001 
2025-05-23 10:51:04 | INFO |       30.132 ¦       67           2              0.001 
2025-05-23 10:51:04 | INFO |       30.133 ¦       68           2              0.001 
2025-05-23 10:51:04 | INFO |       30.134 ¦       69           2              0.001 
2025-05-23 10:51:04 | INFO |       30.135 ¦       70           2              0.001 
2025-05-23 10:51:04 | INFO |       30.135 ¦       71           2              0.001 
2025-05-23 10:51:04 | INFO |       30.136 ¦       72           2              0.001 
2025-05-23 10:51:04 | INFO |       30.137 ¦       73           2              0.001 
2025-05-23 10:51:04 | INFO |       30.138 ¦       74           2              0.001 
2025-05-23 10:51:04 | INFO |       30.139 ¦       75           2              0.001 
2025-05-23 10:51:04 | INFO |       30.140 ¦       76           2              0.001 
2025-05-23 10:51:04 | INFO |       30.140 ¦       77           2              0.001 
2025-05-23 10:51:04 | INFO |       30.141 ¦       78           2              0.001 
2025-05-23 10:51:04 | INFO |       30.142 ¦       79           2              0.001 
2025-05-23 10:51:04 | INFO |       30.143 ¦       80           2              0.001 
2025-05-23 10:51:04 | INFO |       30.144 ¦       81           2              0.001 
2025-05-23 10:51:04 | INFO |       30.145 ¦       82           2              0.001 
2025-05-23 10:51:04 | INFO |       30.145 ¦       83           2              0.001 
2025-05-23 10:51:04 | INFO |       30.146 ¦       84           2              0.001 
2025-05-23 10:51:04 | INFO |       30.147 ¦       85           2              0.001 
2025-05-23 10:51:04 | INFO |       30.148 ¦       86           2              0.001 
2025-05-23 10:51:04 | INFO |       30.149 ¦       87           2              0.001 
2025-05-23 10:51:04 | INFO |       30.150 ¦       88           2              0.001 
2025-05-23 10:51:04 | INFO |       30.150 ¦       89           2              0.001 
2025-05-23 10:51:04 | INFO |       30.151 ¦       90           2              0.001 
2025-05-23 10:51:04 | INFO |       30.152 ¦       91           2              0.001 
2025-05-23 10:51:04 | INFO |       30.153 ¦       92           2              0.001 
2025-05-23 10:51:04 | INFO |       30.154 ¦       93           2              0.001 
2025-05-23 10:51:04 | INFO | Algebraic mode change at t = 30.1544
2025-05-23 10:51:04 | INFO |       30.154 ¦       94           2              0.001 
2025-05-23 10:51:04 | INFO | calculation of the new starting point of the simulation.
2025-05-23 10:51:04 | INFO |       30.154 ¦        0           0              0.000 
2025-05-23 10:51:04 | INFO |       30.154 ¦        1           1              0.000 
2025-05-23 10:51:04 | INFO |       30.154 ¦        2           1              0.000 
2025-05-23 10:51:04 | INFO |       30.154 ¦        3           2              0.000 
2025-05-23 10:51:04 | INFO |       30.154 ¦        4           2              0.000 
2025-05-23 10:51:04 | INFO |       30.154 ¦        5           2              0.000 
2025-05-23 10:51:04 | INFO |       30.154 ¦        6           2              0.000 
2025-05-23 10:51:04 | INFO |       30.155 ¦        7           2              0.000 
2025-05-23 10:51:04 | INFO |       30.155 ¦        8           2              0.000 
2025-05-23 10:51:04 | INFO |       30.155 ¦        9           2              0.000 
2025-05-23 10:51:04 | INFO |       30.155 ¦       10           2              0.000 
2025-05-23 10:51:04 | INFO |       30.155 ¦       11           2              0.001 
2025-05-23 10:51:04 | INFO |       30.156 ¦       12           2              0.001 
2025-05-23 10:51:04 | INFO |       30.158 ¦       13           2              0.001 
2025-05-23 10:51:04 | INFO |       30.159 ¦       14           2              0.001 
2025-05-23 10:51:04 | INFO |       30.160 ¦       15           2              0.001 
2025-05-23 10:51:04 | INFO |       30.161 ¦       16           2              0.001 
2025-05-23 10:51:04 | INFO |       30.162 ¦       17           2              0.001 
2025-05-23 10:51:04 | INFO |       30.163 ¦       18           2              0.001 
2025-05-23 10:51:04 | INFO |       30.164 ¦       19           2              0.001 
2025-05-23 10:51:04 | INFO |       30.165 ¦       20           2              0.001 
2025-05-23 10:51:04 | INFO |       30.166 ¦       21           2              0.001 
2025-05-23 10:51:04 | INFO |       30.167 ¦       22           2              0.001 
2025-05-23 10:51:04 | INFO |       30.168 ¦       23           2              0.001 
2025-05-23 10:51:04 | INFO |       30.169 ¦       24           2              0.001 
2025-05-23 10:51:04 | INFO |       30.170 ¦       25           2              0.001 
2025-05-23 10:51:04 | INFO |       30.171 ¦       26           2              0.001 
2025-05-23 10:51:04 | INFO |       30.172 ¦       27           2              0.001 
2025-05-23 10:51:04 | INFO |       30.173 ¦       28           2              0.001 
2025-05-23 10:51:04 | INFO |       30.174 ¦       29           2              0.001 
2025-05-23 10:51:04 | INFO |       30.175 ¦       30           2              0.001 
2025-05-23 10:51:04 | INFO |       30.176 ¦       31           2              0.001 
2025-05-23 10:51:04 | INFO |       30.177 ¦       32           2              0.001 
2025-05-23 10:51:04 | INFO |       30.178 ¦       33           2              0.001 
2025-05-23 10:51:04 | INFO |       30.179 ¦       34           2              0.001 
2025-05-23 10:51:04 | INFO |       30.180 ¦       35           2              0.001 
2025-05-23 10:51:04 | INFO |       30.181 ¦       36           2              0.001 
2025-05-23 10:51:04 | INFO |       30.182 ¦       37           2              0.001 
2025-05-23 10:51:04 | INFO |       30.183 ¦       38           2              0.001 
2025-05-23 10:51:04 | INFO |       30.185 ¦       39           2              0.002 
2025-05-23 10:51:04 | INFO |       30.187 ¦       40           2              0.002 
2025-05-23 10:51:04 | INFO |       30.189 ¦       41           2              0.002 
2025-05-23 10:51:04 | INFO |       30.191 ¦       42           2              0.002 
2025-05-23 10:51:04 | INFO |       30.193 ¦       43           2              0.002 
2025-05-23 10:51:04 | INFO |       30.194 ¦       44           2              0.002 
2025-05-23 10:51:04 | INFO |       30.196 ¦       45           2              0.002 
2025-05-23 10:51:04 | INFO |       30.198 ¦       46           2              0.002 
2025-05-23 10:51:04 | INFO |       30.200 ¦       47           2              0.002 
2025-05-23 10:51:04 | INFO |       30.202 ¦       48           2              0.002 
2025-05-23 10:51:04 | INFO |       30.204 ¦       49           2              0.002 
2025-05-23 10:51:04 | INFO |       30.205 ¦       50           2              0.002 
2025-05-23 10:51:04 | INFO |       30.207 ¦       51           2              0.002 
2025-05-23 10:51:04 | INFO |       30.209 ¦       52           2              0.002 
2025-05-23 10:51:04 | INFO |       30.211 ¦       53           2              0.002 
2025-05-23 10:51:04 | INFO |       30.213 ¦       54           2              0.002 
2025-05-23 10:51:04 | INFO |       30.215 ¦       55           2              0.002 
2025-05-23 10:51:04 | INFO |       30.216 ¦       56           2              0.002 
2025-05-23 10:51:04 | INFO |       30.218 ¦       57           2              0.002 
2025-05-23 10:51:04 | INFO |       30.220 ¦       58           2              0.002 
2025-05-23 10:51:04 | INFO |       30.224 ¦       59           2              0.004 
2025-05-23 10:51:04 | INFO |       30.227 ¦       60           2              0.003 
2025-05-23 10:51:04 | INFO |       30.231 ¦       61           2              0.003 
2025-05-23 10:51:04 | INFO |       30.234 ¦       62           2              0.003 
2025-05-23 10:51:04 | INFO |       30.237 ¦       63           2              0.003 
2025-05-23 10:51:04 | INFO |       30.240 ¦       64           2              0.003 
2025-05-23 10:51:04 | INFO |       30.244 ¦       65           2              0.003 
2025-05-23 10:51:04 | INFO |       30.247 ¦       66           2              0.003 
2025-05-23 10:51:04 | INFO |       30.250 ¦       67           2              0.003 
2025-05-23 10:51:04 | INFO |       30.254 ¦       68           2              0.003 
2025-05-23 10:51:04 | INFO |       30.257 ¦       69           2              0.003 
2025-05-23 10:51:04 | INFO |       30.264 ¦       70           2              0.007 
2025-05-23 10:51:04 | INFO |       30.270 ¦       71           2              0.007 
2025-05-23 10:51:04 | INFO |       30.277 ¦       72           2              0.007 
2025-05-23 10:51:04 | INFO |       30.284 ¦       73           2              0.007 
2025-05-23 10:51:04 | INFO |       30.290 ¦       74           2              0.007 
2025-05-23 10:51:04 | INFO |       30.297 ¦       75           2              0.007 
2025-05-23 10:51:04 | INFO |       30.303 ¦       76           2              0.007 
2025-05-23 10:51:04 | INFO |       30.310 ¦       77           2              0.007 
2025-05-23 10:51:04 | INFO |       30.320 ¦       78           2              0.010 
2025-05-23 10:51:04 | INFO |       30.330 ¦       79           2              0.010 
2025-05-23 10:51:04 | INFO |       30.340 ¦       80           2              0.010 
2025-05-23 10:51:04 | INFO |       30.350 ¦       81           2              0.010 
2025-05-23 10:51:04 | INFO |       30.360 ¦       82           2              0.010 
2025-05-23 10:51:04 | INFO |       30.370 ¦       83           2              0.010 
2025-05-23 10:51:04 | INFO |       30.380 ¦       84           2              0.010 
2025-05-23 10:51:04 | INFO |       30.390 ¦       85           2              0.010 
2025-05-23 10:51:04 | INFO |       30.400 ¦       86           2              0.010 
2025-05-23 10:51:04 | INFO |       30.410 ¦       87           2              0.010 
2025-05-23 10:51:04 | INFO |       30.420 ¦       88           2              0.010 
2025-05-23 10:51:04 | INFO |       30.430 ¦       89           2              0.010 
2025-05-23 10:51:04 | INFO |       30.440 ¦       90           2              0.010 
2025-05-23 10:51:04 | INFO |       30.450 ¦       91           2              0.010 
2025-05-23 10:51:04 | INFO |       30.460 ¦       92           2              0.010 
2025-05-23 10:51:04 | INFO |       30.470 ¦       93           2              0.010 
2025-05-23 10:51:04 | INFO |       30.480 ¦       94           2              0.010 
2025-05-23 10:51:04 | INFO |       30.490 ¦       95           2              0.010 
2025-05-23 10:51:04 | INFO |       30.500 ¦       96           2              0.010 
2025-05-23 10:51:04 | INFO |       30.510 ¦       97           2              0.010 
2025-05-23 10:51:04 | INFO |       30.520 ¦       98           2              0.010 
2025-05-23 10:51:04 | INFO |       30.530 ¦       99           2              0.010 
2025-05-23 10:51:04 | INFO |       30.540 ¦      100           2              0.010 
2025-05-23 10:51:04 | INFO |       30.550 ¦      101           2              0.010 
2025-05-23 10:51:04 | INFO |       30.560 ¦      102           2              0.010 
2025-05-23 10:51:04 | INFO |       30.570 ¦      103           2              0.010 
2025-05-23 10:51:04 | INFO |       30.580 ¦      104           2              0.010 
2025-05-23 10:51:04 | INFO |       30.590 ¦      105           2              0.010 
2025-05-23 10:51:04 | INFO |       30.600 ¦      106           2              0.010 
2025-05-23 10:51:04 | INFO |       30.610 ¦      107           2              0.010 
2025-05-23 10:51:04 | INFO |       30.620 ¦      108           2              0.010 
2025-05-23 10:51:04 | INFO |       30.630 ¦      109           2              0.010 
2025-05-23 10:51:04 | INFO |       30.640 ¦      110           2              0.010 
2025-05-23 10:51:04 | INFO |       30.650 ¦      111           2              0.010 
2025-05-23 10:51:04 | INFO |       30.660 ¦      112           2              0.010 
2025-05-23 10:51:04 | INFO |       30.670 ¦      113           2              0.010 
2025-05-23 10:51:04 | INFO |       30.680 ¦      114           2              0.010 
2025-05-23 10:51:04 | INFO |       30.690 ¦      115           2              0.010 
2025-05-23 10:51:04 | INFO |       30.700 ¦      116           2              0.010 
2025-05-23 10:51:04 | INFO |       30.710 ¦      117           2              0.010 
2025-05-23 10:51:04 | INFO |       30.720 ¦      118           2              0.010 
2025-05-23 10:51:04 | INFO |       30.730 ¦      119           2              0.010 
2025-05-23 10:51:04 | INFO |       30.740 ¦      120           2              0.010 
2025-05-23 10:51:04 | INFO |       30.750 ¦      121           2              0.010 
2025-05-23 10:51:04 | INFO | Algebraic mode change at t = 30.7502
2025-05-23 10:51:04 | INFO |       30.750 ¦      122           2              0.010 
2025-05-23 10:51:04 | INFO | calculation of the new starting point of the simulation.
2025-05-23 10:51:04 | INFO |       30.750 ¦        0           0              0.000 
2025-05-23 10:51:04 | INFO |       30.750 ¦        1           1              0.000 
2025-05-23 10:51:04 | INFO |       30.750 ¦        2           1              0.000 
2025-05-23 10:51:04 | INFO |       30.750 ¦        3           2              0.000 
2025-05-23 10:51:04 | INFO |       30.750 ¦        4           1              0.000 
2025-05-23 10:51:04 | INFO |       30.750 ¦        5           1              0.000 
2025-05-23 10:51:04 | INFO |       30.750 ¦        6           1              0.000 
2025-05-23 10:51:04 | INFO |       30.750 ¦        7           1              0.000 
2025-05-23 10:51:04 | INFO |       30.750 ¦        8           1              0.000 
2025-05-23 10:51:04 | INFO |       30.750 ¦        9           1              0.000 
2025-05-23 10:51:04 | INFO |       30.751 ¦       10           1              0.000 
2025-05-23 10:51:04 | INFO |       30.751 ¦       11           1              0.001 
2025-05-23 10:51:04 | INFO |       30.752 ¦       12           1              0.001 
2025-05-23 10:51:04 | INFO |       30.754 ¦       13           1              0.002 
2025-05-23 10:51:04 | INFO |       30.758 ¦       14           1              0.004 
2025-05-23 10:51:04 | INFO |       30.767 ¦       15           1              0.008 
2025-05-23 10:51:04 | INFO | Algebraic mode change at t = 30.7696
2025-05-23 10:51:04 | INFO |       30.770 ¦       16           1              0.008 
2025-05-23 10:51:04 | INFO | calculation of the new starting point of the simulation.
2025-05-23 10:51:04 | INFO |       30.770 ¦        0           0              0.000 
2025-05-23 10:51:04 | INFO |       30.770 ¦        1           1              0.000 
2025-05-23 10:51:04 | INFO |       30.770 ¦        2           1              0.000 
2025-05-23 10:51:04 | INFO |       30.770 ¦        3           2              0.000 
2025-05-23 10:51:04 | INFO |       30.770 ¦        4           2              0.000 
2025-05-23 10:51:04 | INFO |       30.770 ¦        5           2              0.000 
2025-05-23 10:51:04 | INFO |       30.770 ¦        6           2              0.000 
2025-05-23 10:51:04 | INFO |       30.770 ¦        7           2              0.000 
2025-05-23 10:51:04 | INFO |       30.770 ¦        8           2              0.000 
2025-05-23 10:51:04 | INFO |       30.770 ¦        9           2              0.000 
2025-05-23 10:51:04 | INFO | Algebraic mode change at t = 30.77
2025-05-23 10:51:04 | INFO |       30.770 ¦       10           2              0.000 
2025-05-23 10:51:04 | INFO | calculation of the new starting point of the simulation.
2025-05-23 10:51:04 | INFO |       30.770 ¦        0           0              0.000 
2025-05-23 10:51:04 | INFO |       30.770 ¦        1           1              0.000 
2025-05-23 10:51:04 | INFO |       30.770 ¦        2           1              0.000 
2025-05-23 10:51:04 | INFO |       30.770 ¦        3           2              0.000 
2025-05-23 10:51:04 | INFO |       30.770 ¦        4           2              0.000 
2025-05-23 10:51:04 | INFO |       30.770 ¦        5           2              0.000 
2025-05-23 10:51:04 | INFO |       30.770 ¦        6           2              0.000 
2025-05-23 10:51:04 | INFO |       30.770 ¦        7           2              0.000 
2025-05-23 10:51:04 | INFO |       30.770 ¦        8           2              0.000 
2025-05-23 10:51:04 | INFO |       30.770 ¦        9           2              0.000 
2025-05-23 10:51:04 | INFO |       30.771 ¦       10           2              0.000 
2025-05-23 10:51:04 | INFO |       30.771 ¦       11           2              0.001 
2025-05-23 10:51:04 | INFO |       30.772 ¦       12           1              0.001 
2025-05-23 10:51:04 | INFO |       30.774 ¦       13           1              0.002 
2025-05-23 10:51:04 | INFO |       30.778 ¦       14           1              0.004 
2025-05-23 10:51:04 | INFO |       30.786 ¦       15           1              0.008 
2025-05-23 10:51:04 | INFO |       30.788 ¦       16           1              0.002 
2025-05-23 10:51:04 | INFO |       30.793 ¦       17           1              0.004 
2025-05-23 10:51:04 | INFO |       30.801 ¦       18           1              0.008 
2025-05-23 10:51:04 | INFO |       30.803 ¦       19           1              0.002 
2025-05-23 10:51:04 | INFO |       30.807 ¦       20           1              0.004 
2025-05-23 10:51:04 | INFO |       30.815 ¦       21           1              0.008 
2025-05-23 10:51:04 | INFO |       30.817 ¦       22           1              0.002 
2025-05-23 10:51:04 | INFO |       30.821 ¦       23           1              0.004 
2025-05-23 10:51:04 | INFO |       30.829 ¦       24           1              0.008 
2025-05-23 10:51:04 | INFO |       30.831 ¦       25           1              0.002 
2025-05-23 10:51:04 | INFO |       30.836 ¦       26           1              0.004 
2025-05-23 10:51:04 | INFO |       30.840 ¦       27           1              0.004 
2025-05-23 10:51:05 | INFO |       30.842 ¦       28           1              0.002 
2025-05-23 10:51:05 | INFO |       30.846 ¦       29           1              0.004 
2025-05-23 10:51:05 | INFO |       30.850 ¦       30           1              0.004 
2025-05-23 10:51:05 | INFO |       30.852 ¦       31           1              0.002 
2025-05-23 10:51:05 | INFO |       30.856 ¦       32           1              0.004 
2025-05-23 10:51:05 | INFO |       30.860 ¦       33           1              0.004 
2025-05-23 10:51:05 | INFO |       30.864 ¦       34           1              0.004 
2025-05-23 10:51:05 | INFO |       30.872 ¦       35           2              0.008 
2025-05-23 10:51:05 | INFO |       30.881 ¦       36           2              0.008 
2025-05-23 10:51:05 | INFO | Algebraic mode (with J recalculation) change at t = 30.8832
2025-05-23 10:51:05 | INFO |       30.883 ¦       37           2              0.008 
2025-05-23 10:51:05 | INFO | calculation of the new starting point of the simulation.
2025-05-23 10:51:05 | INFO |       30.883 ¦        0           0              0.000 
2025-05-23 10:51:05 | INFO |       30.883 ¦        1           1              0.000 
2025-05-23 10:51:05 | INFO |       30.883 ¦        2           1              0.000 
2025-05-23 10:51:05 | INFO |       30.883 ¦        3           2              0.000 
2025-05-23 10:51:05 | INFO |       30.883 ¦        4           2              0.000 
2025-05-23 10:51:05 | INFO |       30.883 ¦        5           2              0.000 
2025-05-23 10:51:05 | INFO |       30.883 ¦        6           2              0.000 
2025-05-23 10:51:05 | INFO |       30.883 ¦        7           2              0.000 
2025-05-23 10:51:05 | INFO |       30.883 ¦        8           2              0.000 
2025-05-23 10:51:05 | INFO |       30.883 ¦        9           2              0.000 
2025-05-23 10:51:05 | INFO |       30.884 ¦       10           2              0.000 
2025-05-23 10:51:05 | INFO |       30.884 ¦       11           2              0.001 
2025-05-23 10:51:05 | INFO | Algebraic mode (with J recalculation) change at t = 30.884
2025-05-23 10:51:05 | INFO |       30.884 ¦       11           2              0.001 
2025-05-23 10:51:05 | INFO | calculation of the new starting point of the simulation.
2025-05-23 10:51:05 | INFO | Algebraic mode (with J recalculation) change at t = 30.884
2025-05-23 10:51:05 | INFO |       30.884 ¦        0           0              0.000 
2025-05-23 10:51:05 | INFO |       30.884 ¦        1           1              0.000 
2025-05-23 10:51:05 | INFO |       30.884 ¦        2           1              0.000 
2025-05-23 10:51:05 | INFO |       30.884 ¦        3           2              0.000 
2025-05-23 10:51:05 | INFO |       30.884 ¦        4           2              0.000 
2025-05-23 10:51:05 | INFO |       30.884 ¦        5           2              0.000 
2025-05-23 10:51:05 | INFO |       30.884 ¦        6           2              0.000 
2025-05-23 10:51:05 | INFO |       30.884 ¦        7           2              0.000 
2025-05-23 10:51:05 | INFO |       30.884 ¦        8           2              0.000 
2025-05-23 10:51:05 | INFO |       30.884 ¦        9           2              0.000 
2025-05-23 10:51:05 | INFO | Algebraic mode (with J recalculation) change at t = 30.8843
2025-05-23 10:51:05 | INFO |       30.884 ¦        9           2              0.000 
2025-05-23 10:51:05 | INFO | calculation of the new starting point of the simulation.
2025-05-23 10:51:05 | INFO |       30.884 ¦        0           0              0.000 
2025-05-23 10:51:05 | INFO |       30.884 ¦        1           1              0.000 
2025-05-23 10:51:05 | INFO |       30.884 ¦        2           1              0.000 
2025-05-23 10:51:05 | INFO |       30.884 ¦        3           2              0.000 
2025-05-23 10:51:05 | INFO |       30.884 ¦        4           2              0.000 
2025-05-23 10:51:05 | INFO |       30.884 ¦        5           2              0.000 
2025-05-23 10:51:05 | INFO |       30.884 ¦        6           2              0.000 
2025-05-23 10:51:05 | INFO |       30.884 ¦        7           2              0.000 
2025-05-23 10:51:05 | INFO |       30.884 ¦        8           2              0.000 
2025-05-23 10:51:05 | INFO |       30.885 ¦        9           2              0.000 
2025-05-23 10:51:05 | INFO |       30.885 ¦       10           2              0.000 
2025-05-23 10:51:05 | INFO | Algebraic mode change at t = 30.8848
2025-05-23 10:51:05 | INFO |       30.885 ¦       11           2              0.001 
2025-05-23 10:51:05 | INFO | calculation of the new starting point of the simulation.
2025-05-23 10:51:05 | INFO |       30.885 ¦        0           0              0.000 
2025-05-23 10:51:05 | INFO |       30.885 ¦        1           1              0.000 
2025-05-23 10:51:05 | INFO |       30.885 ¦        2           1              0.000 
2025-05-23 10:51:05 | INFO |       30.885 ¦        3           2              0.000 
2025-05-23 10:51:05 | INFO |       30.885 ¦        4           2              0.000 
2025-05-23 10:51:05 | INFO |       30.885 ¦        5           2              0.000 
2025-05-23 10:51:05 | INFO |       30.885 ¦        6           2              0.000 
2025-05-23 10:51:05 | INFO |       30.885 ¦        7           2              0.000 
2025-05-23 10:51:05 | INFO |       30.885 ¦        8           2              0.000 
2025-05-23 10:51:05 | INFO |       30.885 ¦        9           2              0.000 
2025-05-23 10:51:05 | INFO |       30.885 ¦       10           2              0.000 
2025-05-23 10:51:05 | INFO |       30.886 ¦       11           2              0.001 
2025-05-23 10:51:05 | INFO |       30.887 ¦       12           2              0.001 
2025-05-23 10:51:05 | INFO |       30.889 ¦       13           2              0.002 
2025-05-23 10:51:05 | INFO |       30.893 ¦       14           2              0.004 
2025-05-23 10:51:05 | INFO |       30.897 ¦       15           2              0.004 
2025-05-23 10:51:05 | INFO |       30.901 ¦       16           2              0.004 
2025-05-23 10:51:05 | INFO |       30.905 ¦       17           2              0.004 
2025-05-23 10:51:05 | INFO |       30.913 ¦       18           2              0.008 
2025-05-23 10:51:05 | INFO |       30.922 ¦       19           2              0.008 
2025-05-23 10:51:05 | INFO |       30.930 ¦       20           2              0.008 
2025-05-23 10:51:05 | INFO |       30.938 ¦       21           2              0.008 
2025-05-23 10:51:05 | INFO |       30.948 ¦       22           2              0.010 
2025-05-23 10:51:05 | INFO | Algebraic mode change at t = 30.9548
2025-05-23 10:51:05 | INFO |       30.955 ¦       23           2              0.010 
2025-05-23 10:51:05 | INFO | calculation of the new starting point of the simulation.
2025-05-23 10:51:05 | INFO |       30.955 ¦        0           0              0.000 
2025-05-23 10:51:05 | INFO |       30.955 ¦        1           1              0.000 
2025-05-23 10:51:05 | INFO |       30.955 ¦        2           1              0.000 
2025-05-23 10:51:05 | INFO |       30.955 ¦        3           2              0.000 
2025-05-23 10:51:05 | INFO |       30.955 ¦        4           2              0.000 
2025-05-23 10:51:05 | INFO |       30.955 ¦        5           2              0.000 
2025-05-23 10:51:05 | INFO |       30.955 ¦        6           2              0.000 
2025-05-23 10:51:05 | INFO |       30.955 ¦        7           2              0.000 
2025-05-23 10:51:05 | INFO |       30.955 ¦        8           2              0.000 
2025-05-23 10:51:05 | INFO |       30.955 ¦        9           2              0.000 
2025-05-23 10:51:05 | INFO |       30.955 ¦       10           2              0.000 
2025-05-23 10:51:05 | INFO |       30.956 ¦       11           2              0.001 
2025-05-23 10:51:05 | INFO |       30.957 ¦       12           2              0.001 
2025-05-23 10:51:05 | INFO |       30.959 ¦       13           2              0.002 
2025-05-23 10:51:05 | INFO |       30.963 ¦       14           2              0.004 
2025-05-23 10:51:05 | INFO |       30.971 ¦       15           2              0.008 
2025-05-23 10:51:05 | INFO | Algebraic mode change at t = 30.9808
2025-05-23 10:51:05 | INFO |       30.981 ¦       16           2              0.010 
2025-05-23 10:51:05 | INFO | calculation of the new starting point of the simulation.
2025-05-23 10:51:05 | INFO |       30.981 ¦        0           0              0.000 
2025-05-23 10:51:05 | INFO |       30.981 ¦        1           1              0.000 
2025-05-23 10:51:05 | INFO |       30.981 ¦        2           1              0.000 
2025-05-23 10:51:05 | INFO |       30.981 ¦        3           2              0.000 
2025-05-23 10:51:05 | INFO |       30.981 ¦        4           2              0.000 
2025-05-23 10:51:05 | INFO |       30.981 ¦        5           2              0.000 
2025-05-23 10:51:05 | INFO |       30.981 ¦        6           2              0.000 
2025-05-23 10:51:05 | INFO |       30.981 ¦        7           2              0.000 
2025-05-23 10:51:05 | INFO |       30.981 ¦        8           2              0.000 
2025-05-23 10:51:05 | INFO |       30.981 ¦        9           2              0.000 
2025-05-23 10:51:05 | INFO |       30.981 ¦       10           2              0.000 
2025-05-23 10:51:05 | INFO |       30.982 ¦       11           2              0.001 
2025-05-23 10:51:05 | INFO |       30.983 ¦       12           2              0.001 
2025-05-23 10:51:05 | INFO |       30.984 ¦       13           2              0.001 
2025-05-23 10:51:05 | INFO |       30.985 ¦       14           2              0.001 
2025-05-23 10:51:05 | INFO |       30.986 ¦       15           2              0.001 
2025-05-23 10:51:05 | INFO |       30.988 ¦       16           2              0.002 
2025-05-23 10:51:05 | INFO |       30.990 ¦       17           2              0.002 
2025-05-23 10:51:05 | INFO |       30.994 ¦       18           2              0.004 
2025-05-23 10:51:05 | INFO |       30.998 ¦       19           2              0.004 
2025-05-23 10:51:05 | INFO |       31.002 ¦       20           2              0.004 
2025-05-23 10:51:05 | INFO |       31.006 ¦       21           2              0.004 
2025-05-23 10:51:05 | INFO |       31.011 ¦       22           2              0.004 
2025-05-23 10:51:05 | INFO |       31.015 ¦       23           2              0.004 
2025-05-23 10:51:05 | INFO |       31.019 ¦       24           2              0.004 
2025-05-23 10:51:05 | INFO |       31.023 ¦       25           2              0.004 
2025-05-23 10:51:05 | INFO |       31.031 ¦       26           2              0.008 
2025-05-23 10:51:05 | INFO |       31.039 ¦       27           2              0.008 
2025-05-23 10:51:05 | INFO |       31.047 ¦       28           2              0.008 
2025-05-23 10:51:05 | INFO |       31.056 ¦       29           2              0.008 
2025-05-23 10:51:05 | INFO |       31.064 ¦       30           2              0.008 
2025-05-23 10:51:05 | INFO |       31.072 ¦       31           2              0.008 
2025-05-23 10:51:05 | INFO |       31.072 ¦       32           2              0.001 
2025-05-23 10:51:05 | INFO |       31.073 ¦       33           2              0.001 
2025-05-23 10:51:05 | INFO |       31.076 ¦       34           2              0.002 
2025-05-23 10:51:05 | INFO |       31.080 ¦       35           2              0.004 
2025-05-23 10:51:05 | INFO |       31.082 ¦       36           2              0.002 
2025-05-23 10:51:05 | INFO |       31.083 ¦       37           2              0.001 
2025-05-23 10:51:05 | INFO |       31.085 ¦       38           2              0.002 
2025-05-23 10:51:05 | INFO |       31.089 ¦       39           2              0.004 
2025-05-23 10:51:05 | INFO |       31.091 ¦       40           2              0.002 
2025-05-23 10:51:05 | INFO |       31.092 ¦       41           2              0.001 
2025-05-23 10:51:05 | INFO |       31.094 ¦       42           2              0.002 
2025-05-23 10:51:05 | INFO |       31.098 ¦       43           2              0.004 
2025-05-23 10:51:05 | INFO |       31.100 ¦       44           2              0.002 
2025-05-23 10:51:05 | INFO |       31.104 ¦       45           2              0.004 
2025-05-23 10:51:05 | INFO |       31.106 ¦       46           2              0.002 
2025-05-23 10:51:05 | INFO |       31.110 ¦       47           2              0.004 
2025-05-23 10:51:05 | INFO |       31.112 ¦       48           2              0.002 
2025-05-23 10:51:05 | INFO |       31.116 ¦       49           2              0.004 
2025-05-23 10:51:05 | INFO |       31.119 ¦       50           2              0.002 
2025-05-23 10:51:05 | INFO |       31.120 ¦       51           2              0.001 
2025-05-23 10:51:05 | INFO |       31.120 ¦       52           2              0.001 
2025-05-23 10:51:05 | INFO |       31.120 ¦       53           2              0.000 
2025-05-23 10:51:05 | INFO |       31.121 ¦       54           2              0.001 
2025-05-23 10:51:05 | INFO |       31.122 ¦       55           2              0.001 
2025-05-23 10:51:05 | INFO |       31.122 ¦       56           2              0.001 
2025-05-23 10:51:05 | INFO |       31.123 ¦       57           2              0.001 
2025-05-23 10:51:05 | INFO | Algebraic mode change at t = 31.1252
2025-05-23 10:51:05 | INFO |       31.125 ¦       58           2              0.002 
2025-05-23 10:51:05 | INFO | calculation of the new starting point of the simulation.
2025-05-23 10:51:05 | INFO |       31.125 ¦        0           0              0.000 
2025-05-23 10:51:05 | INFO |       31.125 ¦        1           1              0.000 
2025-05-23 10:51:05 | INFO |       31.125 ¦        2           1              0.000 
2025-05-23 10:51:05 | INFO |       31.125 ¦        3           2              0.000 
2025-05-23 10:51:05 | INFO |       31.125 ¦        4           2              0.000 
2025-05-23 10:51:05 | INFO |       31.125 ¦        5           2              0.000 
2025-05-23 10:51:05 | INFO |       31.125 ¦        6           2              0.000 
2025-05-23 10:51:05 | INFO |       31.125 ¦        7           2              0.000 
2025-05-23 10:51:05 | INFO |       31.125 ¦        8           2              0.000 
2025-05-23 10:51:05 | INFO |       31.125 ¦        9           2              0.000 
2025-05-23 10:51:05 | INFO |       31.126 ¦       10           2              0.000 
2025-05-23 10:51:05 | INFO |       31.126 ¦       11           2              0.001 
2025-05-23 10:51:05 | INFO |       31.127 ¦       12           2              0.001 
2025-05-23 10:51:05 | INFO | Algebraic mode change at t = 31.1273
2025-05-23 10:51:05 | INFO |       31.127 ¦       13           2              0.001 
2025-05-23 10:51:05 | INFO | calculation of the new starting point of the simulation.
2025-05-23 10:51:05 | INFO |       31.127 ¦        0           0              0.000 
2025-05-23 10:51:05 | INFO |       31.127 ¦        1           1              0.000 
2025-05-23 10:51:05 | INFO |       31.127 ¦        2           1              0.000 
2025-05-23 10:51:05 | INFO |       31.127 ¦        3           2              0.000 
2025-05-23 10:51:05 | INFO |       31.127 ¦        4           2              0.000 
2025-05-23 10:51:05 | INFO |       31.127 ¦        5           2              0.000 
2025-05-23 10:51:05 | INFO |       31.127 ¦        6           2              0.000 
2025-05-23 10:51:05 | INFO |       31.127 ¦        7           2              0.000 
2025-05-23 10:51:05 | INFO |       31.127 ¦        8           2              0.000 
2025-05-23 10:51:05 | INFO |       31.128 ¦        9           2              0.000 
2025-05-23 10:51:05 | INFO |       31.128 ¦       10           2              0.000 
2025-05-23 10:51:05 | INFO |       31.128 ¦       11           2              0.001 
2025-05-23 10:51:05 | INFO |       31.129 ¦       12           2              0.001 
2025-05-23 10:51:05 | INFO |       31.131 ¦       13           2              0.002 
2025-05-23 10:51:05 | INFO |       31.136 ¦       14           2              0.004 
2025-05-23 10:51:05 | INFO |       31.140 ¦       15           2              0.004 
2025-05-23 10:51:05 | INFO |       31.144 ¦       16           2              0.004 
2025-05-23 10:51:05 | INFO |       31.148 ¦       17           2              0.004 
2025-05-23 10:51:05 | INFO |       31.152 ¦       18           2              0.004 
2025-05-23 10:51:05 | INFO |       31.156 ¦       19           2              0.004 
2025-05-23 10:51:05 | INFO |       31.160 ¦       20           2              0.004 
2025-05-23 10:51:05 | INFO |       31.164 ¦       21           2              0.004 
2025-05-23 10:51:05 | INFO |       31.168 ¦       22           2              0.004 
2025-05-23 10:51:05 | INFO |       31.172 ¦       23           2              0.004 
2025-05-23 10:51:05 | INFO | Algebraic mode change at t = 31.1765
2025-05-23 10:51:05 | INFO |       31.176 ¦       24           2              0.004 
2025-05-23 10:51:05 | INFO | calculation of the new starting point of the simulation.
2025-05-23 10:51:05 | INFO |       31.176 ¦        0           0              0.000 
2025-05-23 10:51:05 | INFO |       31.176 ¦        1           1              0.000 
2025-05-23 10:51:05 | INFO |       31.176 ¦        2           1              0.000 
2025-05-23 10:51:05 | INFO |       31.176 ¦        3           2              0.000 
2025-05-23 10:51:05 | INFO |       31.176 ¦        4           2              0.000 
2025-05-23 10:51:05 | INFO |       31.176 ¦        5           2              0.000 
2025-05-23 10:51:05 | INFO |       31.176 ¦        6           2              0.000 
2025-05-23 10:51:05 | INFO |       31.177 ¦        7           2              0.000 
2025-05-23 10:51:05 | INFO |       31.177 ¦        8           2              0.000 
2025-05-23 10:51:05 | INFO |       31.177 ¦        9           2              0.000 
2025-05-23 10:51:05 | INFO |       31.177 ¦       10           2              0.000 
2025-05-23 10:51:05 | INFO |       31.177 ¦       11           2              0.001 
2025-05-23 10:51:05 | INFO |       31.179 ¦       12           2              0.001 
2025-05-23 10:51:05 | INFO |       31.181 ¦       13           2              0.002 
2025-05-23 10:51:05 | INFO |       31.183 ¦       14           2              0.002 
2025-05-23 10:51:05 | INFO |       31.187 ¦       15           2              0.004 
2025-05-23 10:51:05 | INFO |       31.191 ¦       16           2              0.004 
2025-05-23 10:51:05 | INFO |       31.199 ¦       17           2              0.008 
2025-05-23 10:51:05 | INFO |       31.207 ¦       18           2              0.008 
2025-05-23 10:51:05 | INFO |       31.215 ¦       19           2              0.008 
2025-05-23 10:51:05 | INFO |       31.224 ¦       20           2              0.008 
2025-05-23 10:51:05 | INFO |       31.232 ¦       21           2              0.008 
2025-05-23 10:51:05 | INFO |       31.240 ¦       22           2              0.008 
2025-05-23 10:51:05 | INFO |       31.248 ¦       23           2              0.008 
2025-05-23 10:51:05 | INFO |       31.256 ¦       24           2              0.008 
2025-05-23 10:51:05 | INFO |       31.265 ¦       25           2              0.008 
2025-05-23 10:51:05 | INFO |       31.273 ¦       26           2              0.008 
2025-05-23 10:51:05 | INFO |       31.281 ¦       27           2              0.008 
2025-05-23 10:51:05 | INFO |       31.291 ¦       28           2              0.010 
2025-05-23 10:51:05 | INFO |       31.301 ¦       29           2              0.010 
2025-05-23 10:51:05 | INFO |       31.311 ¦       30           2              0.010 
2025-05-23 10:51:05 | INFO |       31.321 ¦       31           2              0.010 
2025-05-23 10:51:05 | INFO |       31.331 ¦       32           2              0.010 
2025-05-23 10:51:05 | INFO |       31.341 ¦       33           2              0.010 
2025-05-23 10:51:05 | INFO |       31.351 ¦       34           2              0.010 
2025-05-23 10:51:05 | INFO |       31.361 ¦       35           2              0.010 
2025-05-23 10:51:05 | INFO |       31.371 ¦       36           2              0.010 
2025-05-23 10:51:05 | INFO |       31.381 ¦       37           2              0.010 
2025-05-23 10:51:05 | INFO |       31.391 ¦       38           2              0.010 
2025-05-23 10:51:05 | INFO |       31.401 ¦       39           2              0.010 
2025-05-23 10:51:05 | INFO |       31.411 ¦       40           2              0.010 
2025-05-23 10:51:05 | INFO |       31.421 ¦       41           2              0.010 
2025-05-23 10:51:05 | INFO |       31.431 ¦       42           2              0.010 
2025-05-23 10:51:05 | INFO |       31.441 ¦       43           2              0.010 
2025-05-23 10:51:05 | INFO |       31.451 ¦       44           2              0.010 
2025-05-23 10:51:05 | INFO |       31.461 ¦       45           2              0.010 
2025-05-23 10:51:05 | INFO |       31.471 ¦       46           2              0.010 
2025-05-23 10:51:05 | INFO |       31.481 ¦       47           2              0.010 
2025-05-23 10:51:05 | INFO |       31.491 ¦       48           2              0.010 
2025-05-23 10:51:05 | INFO |       31.501 ¦       49           2              0.010 
2025-05-23 10:51:05 | INFO |       31.511 ¦       50           2              0.010 
2025-05-23 10:51:05 | INFO |       31.521 ¦       51           2              0.010 
2025-05-23 10:51:05 | INFO |       31.531 ¦       52           2              0.010 
2025-05-23 10:51:05 | INFO |       31.541 ¦       53           2              0.010 
2025-05-23 10:51:05 | INFO |       31.551 ¦       54           2              0.010 
2025-05-23 10:51:05 | INFO |       31.561 ¦       55           2              0.010 
2025-05-23 10:51:05 | INFO |       31.571 ¦       56           2              0.010 
2025-05-23 10:51:05 | INFO |       31.581 ¦       57           2              0.010 
2025-05-23 10:51:05 | INFO |       31.591 ¦       58           2              0.010 
2025-05-23 10:51:05 | INFO |       31.601 ¦       59           2              0.010 
2025-05-23 10:51:05 | INFO |       31.611 ¦       60           2              0.010 
2025-05-23 10:51:05 | INFO |       31.621 ¦       61           2              0.010 
2025-05-23 10:51:05 | INFO |       31.631 ¦       62           2              0.010 
2025-05-23 10:51:05 | INFO |       31.641 ¦       63           2              0.010 
2025-05-23 10:51:05 | INFO |       31.651 ¦       64           2              0.010 
2025-05-23 10:51:05 | INFO |       31.661 ¦       65           2              0.010 
2025-05-23 10:51:05 | INFO |       31.671 ¦       66           2              0.010 
2025-05-23 10:51:05 | INFO |       31.681 ¦       67           2              0.010 
2025-05-23 10:51:05 | INFO |       31.691 ¦       68           2              0.010 
2025-05-23 10:51:05 | INFO |       31.701 ¦       69           2              0.010 
2025-05-23 10:51:05 | INFO |       31.711 ¦       70           2              0.010 
2025-05-23 10:51:05 | INFO |       31.721 ¦       71           2              0.010 
2025-05-23 10:51:05 | INFO |       31.731 ¦       72           2              0.010 
2025-05-23 10:51:05 | INFO |       31.741 ¦       73           2              0.010 
2025-05-23 10:51:05 | INFO |       31.751 ¦       74           2              0.010 
2025-05-23 10:51:05 | INFO |       31.761 ¦       75           2              0.010 
2025-05-23 10:51:05 | INFO |       31.771 ¦       76           2              0.010 
2025-05-23 10:51:05 | INFO |       31.781 ¦       77           2              0.010 
2025-05-23 10:51:05 | INFO |       31.791 ¦       78           2              0.010 
2025-05-23 10:51:05 | INFO |       31.801 ¦       79           2              0.010 
2025-05-23 10:51:05 | INFO |       31.811 ¦       80           2              0.010 
2025-05-23 10:51:05 | INFO |       31.821 ¦       81           2              0.010 
2025-05-23 10:51:05 | INFO |       31.831 ¦       82           2              0.010 
2025-05-23 10:51:05 | INFO |       31.841 ¦       83           2              0.010 
2025-05-23 10:51:05 | INFO |       31.851 ¦       84           2              0.010 
2025-05-23 10:51:05 | INFO |       31.861 ¦       85           2              0.010 
2025-05-23 10:51:05 | INFO |       31.871 ¦       86           2              0.010 
2025-05-23 10:51:05 | INFO |       31.881 ¦       87           2              0.010 
2025-05-23 10:51:05 | INFO |       31.891 ¦       88           2              0.010 
2025-05-23 10:51:05 | INFO |       31.901 ¦       89           2              0.010 
2025-05-23 10:51:05 | INFO |       31.911 ¦       90           2              0.010 
2025-05-23 10:51:05 | INFO |       31.921 ¦       91           2              0.010 
2025-05-23 10:51:05 | INFO |       31.931 ¦       92           2              0.010 
2025-05-23 10:51:05 | INFO |       31.941 ¦       93           2              0.010 
2025-05-23 10:51:05 | INFO |       31.951 ¦       94           2              0.010 
2025-05-23 10:51:05 | INFO |       31.961 ¦       95           2              0.010 
2025-05-23 10:51:05 | INFO |       31.971 ¦       96           2              0.010 
2025-05-23 10:51:05 | INFO |       31.981 ¦       97           2              0.010 
2025-05-23 10:51:05 | INFO |       31.991 ¦       98           2              0.010 
2025-05-23 10:51:05 | INFO |       32.001 ¦       99           2              0.010 
2025-05-23 10:51:05 | INFO |       32.011 ¦      100           2              0.010 
2025-05-23 10:51:05 | INFO |       32.021 ¦      101           2              0.010 
2025-05-23 10:51:05 | INFO |       32.031 ¦      102           2              0.010 
2025-05-23 10:51:05 | INFO |       32.041 ¦      103           2              0.010 
2025-05-23 10:51:05 | INFO |       32.051 ¦      104           2              0.010 
2025-05-23 10:51:05 | INFO |       32.061 ¦      105           2              0.010 
2025-05-23 10:51:05 | INFO |       32.071 ¦      106           2              0.010 
2025-05-23 10:51:05 | INFO |       32.081 ¦      107           2              0.010 
2025-05-23 10:51:05 | INFO |       32.091 ¦      108           2              0.010 
2025-05-23 10:51:05 | INFO |       32.101 ¦      109           2              0.010 
2025-05-23 10:51:05 | INFO |       32.111 ¦      110           2              0.010 
2025-05-23 10:51:05 | INFO |       32.121 ¦      111           2              0.010 
2025-05-23 10:51:05 | INFO |       32.131 ¦      112           2              0.010 
2025-05-23 10:51:05 | INFO |       32.141 ¦      113           2              0.010 
2025-05-23 10:51:05 | INFO |       32.151 ¦      114           2              0.010 
2025-05-23 10:51:05 | INFO |       32.161 ¦      115           2              0.010 
2025-05-23 10:51:05 | INFO |       32.171 ¦      116           2              0.010 
2025-05-23 10:51:05 | INFO |       32.181 ¦      117           2              0.010 
2025-05-23 10:51:05 | INFO |       32.191 ¦      118           2              0.010 
2025-05-23 10:51:05 | INFO |       32.201 ¦      119           2              0.010 
2025-05-23 10:51:05 | INFO |       32.211 ¦      120           2              0.010 
2025-05-23 10:51:05 | INFO |       32.221 ¦      121           2              0.010 
2025-05-23 10:51:05 | INFO |       32.231 ¦      122           2              0.010 
2025-05-23 10:51:05 | INFO |       32.241 ¦      123           2              0.010 
2025-05-23 10:51:05 | INFO |       32.251 ¦      124           2              0.010 
2025-05-23 10:51:05 | INFO |       32.261 ¦      125           2              0.010 
2025-05-23 10:51:05 | INFO |       32.271 ¦      126           2              0.010 
2025-05-23 10:51:05 | INFO |       32.281 ¦      127           2              0.010 
2025-05-23 10:51:05 | INFO |       32.291 ¦      128           2              0.010 
2025-05-23 10:51:05 | INFO |       32.301 ¦      129           2              0.010 
2025-05-23 10:51:05 | INFO |       32.311 ¦      130           2              0.010 
2025-05-23 10:51:05 | INFO |       32.321 ¦      131           2              0.010 
2025-05-23 10:51:05 | INFO |       32.331 ¦      132           2              0.010 
2025-05-23 10:51:05 | INFO |       32.341 ¦      133           2              0.010 
2025-05-23 10:51:05 | INFO |       32.351 ¦      134           2              0.010 
2025-05-23 10:51:05 | INFO |       32.361 ¦      135           2              0.010 
2025-05-23 10:51:05 | INFO |       32.371 ¦      136           2              0.010 
2025-05-23 10:51:05 | INFO |       32.381 ¦      137           2              0.010 
2025-05-23 10:51:05 | INFO |       32.391 ¦      138           2              0.010 
2025-05-23 10:51:05 | INFO |       32.401 ¦      139           2              0.010 
2025-05-23 10:51:05 | INFO |       32.411 ¦      140           2              0.010 
2025-05-23 10:51:05 | INFO |       32.421 ¦      141           2              0.010 
2025-05-23 10:51:05 | INFO |       32.431 ¦      142           2              0.010 
2025-05-23 10:51:05 | INFO |       32.441 ¦      143           2              0.010 
2025-05-23 10:51:05 | INFO |       32.451 ¦      144           2              0.010 
2025-05-23 10:51:05 | INFO |       32.461 ¦      145           2              0.010 
2025-05-23 10:51:05 | INFO |       32.471 ¦      146           2              0.010 
2025-05-23 10:51:05 | INFO |       32.481 ¦      147           2              0.010 
2025-05-23 10:51:05 | INFO |       32.491 ¦      148           2              0.010 
2025-05-23 10:51:05 | INFO |       32.501 ¦      149           2              0.010 
2025-05-23 10:51:05 | INFO |       32.511 ¦      150           2              0.010 
2025-05-23 10:51:05 | INFO |       32.521 ¦      151           2              0.010 
2025-05-23 10:51:05 | INFO |       32.531 ¦      152           2              0.010 
2025-05-23 10:51:05 | INFO |       32.541 ¦      153           2              0.010 
2025-05-23 10:51:05 | INFO |       32.551 ¦      154           2              0.010 
2025-05-23 10:51:05 | INFO |       32.561 ¦      155           2              0.010 
2025-05-23 10:51:05 | INFO |       32.571 ¦      156           2              0.010 
2025-05-23 10:51:05 | INFO |       32.581 ¦      157           2              0.010 
2025-05-23 10:51:05 | INFO |       32.591 ¦      158           2              0.010 
2025-05-23 10:51:05 | INFO |       32.601 ¦      159           2              0.010 
2025-05-23 10:51:05 | INFO |       32.611 ¦      160           2              0.010 
2025-05-23 10:51:05 | INFO |       32.621 ¦      161           2              0.010 
2025-05-23 10:51:05 | INFO |       32.631 ¦      162           2              0.010 
2025-05-23 10:51:05 | INFO |       32.641 ¦      163           2              0.010 
2025-05-23 10:51:05 | INFO |       32.651 ¦      164           2              0.010 
2025-05-23 10:51:05 | INFO |       32.661 ¦      165           2              0.010 
2025-05-23 10:51:05 | INFO |       32.671 ¦      166           2              0.010 
2025-05-23 10:51:05 | INFO |       32.681 ¦      167           2              0.010 
2025-05-23 10:51:05 | INFO |       32.691 ¦      168           2              0.010 
2025-05-23 10:51:05 | INFO |       32.701 ¦      169           2              0.010 
2025-05-23 10:51:05 | INFO |       32.711 ¦      170           2              0.010 
2025-05-23 10:51:05 | INFO |       32.721 ¦      171           2              0.010 
2025-05-23 10:51:05 | INFO |       32.731 ¦      172           2              0.010 
2025-05-23 10:51:05 | INFO |       32.741 ¦      173           2              0.010 
2025-05-23 10:51:05 | INFO |       32.751 ¦      174           2              0.010 
2025-05-23 10:51:05 | INFO |       32.761 ¦      175           2              0.010 
2025-05-23 10:51:05 | INFO |       32.771 ¦      176           2              0.010 
2025-05-23 10:51:05 | INFO |       32.781 ¦      177           2              0.010 
2025-05-23 10:51:05 | INFO |       32.791 ¦      178           2              0.010 
2025-05-23 10:51:05 | INFO |       32.801 ¦      179           2              0.010 
2025-05-23 10:51:05 | INFO |       32.811 ¦      180           2              0.010 
2025-05-23 10:51:05 | INFO |       32.821 ¦      181           2              0.010 
2025-05-23 10:51:05 | INFO |       32.831 ¦      182           2              0.010 
2025-05-23 10:51:05 | INFO |       32.841 ¦      183           2              0.010 
2025-05-23 10:51:05 | INFO |       32.851 ¦      184           2              0.010 
2025-05-23 10:51:05 | INFO |       32.861 ¦      185           2              0.010 
2025-05-23 10:51:05 | INFO |       32.871 ¦      186           2              0.010 
2025-05-23 10:51:05 | INFO |       32.881 ¦      187           2              0.010 
2025-05-23 10:51:05 | INFO |       32.891 ¦      188           2              0.010 
2025-05-23 10:51:05 | INFO |       32.901 ¦      189           2              0.010 
2025-05-23 10:51:05 | INFO |       32.911 ¦      190           2              0.010 
2025-05-23 10:51:05 | INFO |       32.921 ¦      191           2              0.010 
2025-05-23 10:51:05 | INFO |       32.931 ¦      192           2              0.010 
2025-05-23 10:51:05 | INFO |       32.941 ¦      193           2              0.010 
2025-05-23 10:51:05 | INFO |       32.951 ¦      194           2              0.010 
2025-05-23 10:51:05 | INFO |       32.961 ¦      195           2              0.010 
2025-05-23 10:51:05 | INFO |       32.971 ¦      196           2              0.010 
2025-05-23 10:51:05 | INFO |       32.981 ¦      197           2              0.010 
2025-05-23 10:51:05 | INFO |       32.991 ¦      198           2              0.010 
2025-05-23 10:51:05 | INFO |       33.001 ¦      199           2              0.010 
2025-05-23 10:51:05 | INFO |       33.011 ¦      200           2              0.010 
2025-05-23 10:51:05 | INFO |       33.021 ¦      201           2              0.010 
2025-05-23 10:51:05 | INFO |       33.031 ¦      202           2              0.010 
2025-05-23 10:51:05 | INFO |       33.041 ¦      203           2              0.010 
2025-05-23 10:51:05 | INFO |       33.051 ¦      204           2              0.010 
2025-05-23 10:51:05 | INFO |       33.061 ¦      205           2              0.010 
2025-05-23 10:51:05 | INFO |       33.071 ¦      206           2              0.010 
2025-05-23 10:51:05 | INFO |       33.081 ¦      207           2              0.010 
2025-05-23 10:51:05 | INFO |       33.091 ¦      208           2              0.010 
2025-05-23 10:51:05 | INFO |       33.101 ¦      209           2              0.010 
2025-05-23 10:51:05 | INFO |       33.111 ¦      210           2              0.010 
2025-05-23 10:51:05 | INFO |       33.121 ¦      211           2              0.010 
2025-05-23 10:51:05 | INFO |       33.131 ¦      212           2              0.010 
2025-05-23 10:51:05 | INFO |       33.141 ¦      213           2              0.010 
2025-05-23 10:51:05 | INFO |       33.151 ¦      214           2              0.010 
2025-05-23 10:51:05 | INFO |       33.161 ¦      215           2              0.010 
2025-05-23 10:51:05 | INFO |       33.171 ¦      216           2              0.010 
2025-05-23 10:51:05 | INFO |       33.181 ¦      217           2              0.010 
2025-05-23 10:51:05 | INFO |       33.191 ¦      218           2              0.010 
2025-05-23 10:51:05 | INFO |       33.201 ¦      219           2              0.010 
2025-05-23 10:51:05 | INFO |       33.211 ¦      220           2              0.010 
2025-05-23 10:51:05 | INFO |       33.221 ¦      221           2              0.010 
2025-05-23 10:51:05 | INFO |       33.231 ¦      222           2              0.010 
2025-05-23 10:51:05 | INFO |       33.241 ¦      223           2              0.010 
2025-05-23 10:51:05 | INFO |       33.251 ¦      224           2              0.010 
2025-05-23 10:51:05 | INFO |       33.261 ¦      225           2              0.010 
2025-05-23 10:51:05 | INFO |       33.271 ¦      226           2              0.010 
2025-05-23 10:51:05 | INFO |       33.281 ¦      227           2              0.010 
2025-05-23 10:51:05 | INFO |       33.291 ¦      228           2              0.010 
2025-05-23 10:51:05 | INFO |       33.301 ¦      229           2              0.010 
2025-05-23 10:51:05 | INFO |       33.311 ¦      230           2              0.010 
2025-05-23 10:51:05 | INFO |       33.321 ¦      231           2              0.010 
2025-05-23 10:51:05 | INFO |       33.331 ¦      232           2              0.010 
2025-05-23 10:51:05 | INFO |       33.341 ¦      233           2              0.010 
2025-05-23 10:51:05 | INFO |       33.351 ¦      234           2              0.010 
2025-05-23 10:51:05 | INFO |       33.361 ¦      235           2              0.010 
2025-05-23 10:51:05 | INFO |       33.371 ¦      236           2              0.010 
2025-05-23 10:51:05 | INFO |       33.381 ¦      237           2              0.010 
2025-05-23 10:51:05 | INFO |       33.391 ¦      238           2              0.010 
2025-05-23 10:51:05 | INFO |       33.401 ¦      239           2              0.010 
2025-05-23 10:51:05 | INFO |       33.411 ¦      240           2              0.010 
2025-05-23 10:51:05 | INFO |       33.421 ¦      241           2              0.010 
2025-05-23 10:51:05 | INFO |       33.431 ¦      242           2              0.010 
2025-05-23 10:51:05 | INFO |       33.441 ¦      243           2              0.010 
2025-05-23 10:51:05 | INFO |       33.451 ¦      244           2              0.010 
2025-05-23 10:51:05 | INFO |       33.461 ¦      245           2              0.010 
2025-05-23 10:51:05 | INFO |       33.471 ¦      246           2              0.010 
2025-05-23 10:51:05 | INFO |       33.481 ¦      247           2              0.010 
2025-05-23 10:51:05 | INFO |       33.491 ¦      248           2              0.010 
2025-05-23 10:51:05 | INFO |       33.501 ¦      249           2              0.010 
2025-05-23 10:51:05 | INFO |       33.511 ¦      250           2              0.010 
2025-05-23 10:51:05 | INFO |       33.521 ¦      251           2              0.010 
2025-05-23 10:51:05 | INFO |       33.531 ¦      252           2              0.010 
2025-05-23 10:51:05 | INFO |       33.541 ¦      253           2              0.010 
2025-05-23 10:51:05 | INFO |       33.551 ¦      254           2              0.010 
2025-05-23 10:51:05 | INFO |       33.561 ¦      255           2              0.010 
2025-05-23 10:51:05 | INFO |       33.571 ¦      256           2              0.010 
2025-05-23 10:51:05 | INFO |       33.581 ¦      257           2              0.010 
2025-05-23 10:51:05 | INFO |       33.591 ¦      258           2              0.010 
2025-05-23 10:51:05 | INFO |       33.601 ¦      259           2              0.010 
2025-05-23 10:51:05 | INFO |       33.611 ¦      260           2              0.010 
2025-05-23 10:51:05 | INFO |       33.621 ¦      261           2              0.010 
2025-05-23 10:51:05 | INFO |       33.631 ¦      262           2              0.010 
2025-05-23 10:51:05 | INFO |       33.641 ¦      263           2              0.010 
2025-05-23 10:51:05 | INFO |       33.651 ¦      264           2              0.010 
2025-05-23 10:51:05 | INFO |       33.661 ¦      265           2              0.010 
2025-05-23 10:51:05 | INFO |       33.671 ¦      266           2              0.010 
2025-05-23 10:51:05 | INFO |       33.681 ¦      267           2              0.010 
2025-05-23 10:51:05 | INFO |       33.691 ¦      268           2              0.010 
2025-05-23 10:51:05 | INFO |       33.701 ¦      269           2              0.010 
2025-05-23 10:51:05 | INFO |       33.711 ¦      270           2              0.010 
2025-05-23 10:51:05 | INFO |       33.721 ¦      271           2              0.010 
2025-05-23 10:51:05 | INFO |       33.731 ¦      272           2              0.010 
2025-05-23 10:51:05 | INFO |       33.741 ¦      273           2              0.010 
2025-05-23 10:51:05 | INFO |       33.751 ¦      274           2              0.010 
2025-05-23 10:51:05 | INFO |       33.761 ¦      275           2              0.010 
2025-05-23 10:51:05 | INFO |       33.771 ¦      276           2              0.010 
2025-05-23 10:51:05 | INFO |       33.781 ¦      277           2              0.010 
2025-05-23 10:51:05 | INFO |       33.791 ¦      278           2              0.010 
2025-05-23 10:51:05 | INFO |       33.801 ¦      279           2              0.010 
2025-05-23 10:51:05 | INFO |       33.811 ¦      280           2              0.010 
2025-05-23 10:51:05 | INFO |       33.821 ¦      281           2              0.010 
2025-05-23 10:51:05 | INFO |       33.831 ¦      282           2              0.010 
2025-05-23 10:51:05 | INFO |       33.841 ¦      283           2              0.010 
2025-05-23 10:51:05 | INFO |       33.851 ¦      284           2              0.010 
2025-05-23 10:51:05 | INFO |       33.861 ¦      285           2              0.010 
2025-05-23 10:51:05 | INFO |       33.871 ¦      286           2              0.010 
2025-05-23 10:51:05 | INFO |       33.881 ¦      287           2              0.010 
2025-05-23 10:51:05 | INFO |       33.891 ¦      288           2              0.010 
2025-05-23 10:51:05 | INFO |       33.901 ¦      289           2              0.010 
2025-05-23 10:51:05 | INFO |       33.911 ¦      290           2              0.010 
2025-05-23 10:51:05 | INFO |       33.921 ¦      291           2              0.010 
2025-05-23 10:51:05 | INFO |       33.931 ¦      292           2              0.010 
2025-05-23 10:51:05 | INFO |       33.941 ¦      293           2              0.010 
2025-05-23 10:51:05 | INFO |       33.951 ¦      294           2              0.010 
2025-05-23 10:51:05 | INFO |       33.961 ¦      295           2              0.010 
2025-05-23 10:51:05 | INFO |       33.971 ¦      296           2              0.010 
2025-05-23 10:51:05 | INFO |       33.981 ¦      297           2              0.010 
2025-05-23 10:51:05 | INFO |       33.991 ¦      298           2              0.010 
2025-05-23 10:51:05 | INFO |       34.001 ¦      299           2              0.010 
2025-05-23 10:51:05 | INFO |       34.011 ¦      300           2              0.010 
2025-05-23 10:51:05 | INFO |       34.021 ¦      301           2              0.010 
2025-05-23 10:51:05 | INFO |       34.031 ¦      302           2              0.010 
2025-05-23 10:51:05 | INFO |       34.041 ¦      303           2              0.010 
2025-05-23 10:51:05 | INFO |       34.051 ¦      304           2              0.010 
2025-05-23 10:51:05 | INFO |       34.061 ¦      305           2              0.010 
2025-05-23 10:51:05 | INFO |       34.071 ¦      306           2              0.010 
2025-05-23 10:51:05 | INFO |       34.081 ¦      307           2              0.010 
2025-05-23 10:51:05 | INFO |       34.091 ¦      308           2              0.010 
2025-05-23 10:51:05 | INFO |       34.101 ¦      309           2              0.010 
2025-05-23 10:51:05 | INFO |       34.111 ¦      310           2              0.010 
2025-05-23 10:51:05 | INFO |       34.121 ¦      311           2              0.010 
2025-05-23 10:51:05 | INFO |       34.131 ¦      312           2              0.010 
2025-05-23 10:51:05 | INFO |       34.141 ¦      313           2              0.010 
2025-05-23 10:51:05 | INFO |       34.151 ¦      314           2              0.010 
2025-05-23 10:51:05 | INFO |       34.161 ¦      315           2              0.010 
2025-05-23 10:51:05 | INFO |       34.171 ¦      316           2              0.010 
2025-05-23 10:51:05 | INFO |       34.181 ¦      317           2              0.010 
2025-05-23 10:51:05 | INFO |       34.191 ¦      318           2              0.010 
2025-05-23 10:51:05 | INFO |       34.201 ¦      319           2              0.010 
2025-05-23 10:51:05 | INFO |       34.211 ¦      320           2              0.010 
2025-05-23 10:51:05 | INFO |       34.221 ¦      321           2              0.010 
2025-05-23 10:51:05 | INFO |       34.231 ¦      322           2              0.010 
2025-05-23 10:51:05 | INFO |       34.241 ¦      323           2              0.010 
2025-05-23 10:51:05 | INFO |       34.251 ¦      324           2              0.010 
2025-05-23 10:51:05 | INFO |       34.261 ¦      325           2              0.010 
2025-05-23 10:51:05 | INFO |       34.271 ¦      326           2              0.010 
2025-05-23 10:51:05 | INFO |       34.281 ¦      327           2              0.010 
2025-05-23 10:51:05 | INFO |       34.291 ¦      328           2              0.010 
2025-05-23 10:51:05 | INFO |       34.301 ¦      329           2              0.010 
2025-05-23 10:51:05 | INFO |       34.311 ¦      330           2              0.010 
2025-05-23 10:51:05 | INFO |       34.321 ¦      331           2              0.010 
2025-05-23 10:51:05 | INFO |       34.331 ¦      332           2              0.010 
2025-05-23 10:51:05 | INFO |       34.341 ¦      333           2              0.010 
2025-05-23 10:51:05 | INFO |       34.351 ¦      334           2              0.010 
2025-05-23 10:51:05 | INFO |       34.361 ¦      335           2              0.010 
2025-05-23 10:51:05 | INFO |       34.371 ¦      336           2              0.010 
2025-05-23 10:51:05 | INFO |       34.381 ¦      337           2              0.010 
2025-05-23 10:51:05 | INFO |       34.391 ¦      338           2              0.010 
2025-05-23 10:51:05 | INFO |       34.401 ¦      339           2              0.010 
2025-05-23 10:51:05 | INFO |       34.411 ¦      340           2              0.010 
2025-05-23 10:51:05 | INFO |       34.421 ¦      341           2              0.010 
2025-05-23 10:51:05 | INFO |       34.431 ¦      342           2              0.010 
2025-05-23 10:51:05 | INFO |       34.441 ¦      343           2              0.010 
2025-05-23 10:51:05 | INFO |       34.451 ¦      344           2              0.010 
2025-05-23 10:51:05 | INFO |       34.461 ¦      345           2              0.010 
2025-05-23 10:51:05 | INFO |       34.471 ¦      346           2              0.010 
2025-05-23 10:51:05 | INFO |       34.481 ¦      347           2              0.010 
2025-05-23 10:51:05 | INFO |       34.491 ¦      348           2              0.010 
2025-05-23 10:51:05 | INFO |       34.501 ¦      349           2              0.010 
2025-05-23 10:51:05 | INFO |       34.511 ¦      350           2              0.010 
2025-05-23 10:51:05 | INFO |       34.521 ¦      351           2              0.010 
2025-05-23 10:51:05 | INFO |       34.531 ¦      352           2              0.010 
2025-05-23 10:51:05 | INFO |       34.541 ¦      353           2              0.010 
2025-05-23 10:51:05 | INFO |       34.551 ¦      354           2              0.010 
2025-05-23 10:51:05 | INFO |       34.561 ¦      355           2              0.010 
2025-05-23 10:51:05 | INFO |       34.571 ¦      356           2              0.010 
2025-05-23 10:51:05 | INFO |       34.581 ¦      357           2              0.010 
2025-05-23 10:51:05 | INFO |       34.591 ¦      358           2              0.010 
2025-05-23 10:51:05 | INFO |       34.601 ¦      359           2              0.010 
2025-05-23 10:51:05 | INFO |       34.611 ¦      360           2              0.010 
2025-05-23 10:51:05 | INFO |       34.621 ¦      361           2              0.010 
2025-05-23 10:51:05 | INFO |       34.631 ¦      362           2              0.010 
2025-05-23 10:51:05 | INFO |       34.641 ¦      363           2              0.010 
2025-05-23 10:51:05 | INFO |       34.651 ¦      364           2              0.010 
2025-05-23 10:51:05 | INFO |       34.661 ¦      365           2              0.010 
2025-05-23 10:51:05 | INFO |       34.671 ¦      366           2              0.010 
2025-05-23 10:51:05 | INFO |       34.681 ¦      367           2              0.010 
2025-05-23 10:51:05 | INFO |       34.691 ¦      368           2              0.010 
2025-05-23 10:51:05 | INFO |       34.701 ¦      369           2              0.010 
2025-05-23 10:51:05 | INFO |       34.711 ¦      370           2              0.010 
2025-05-23 10:51:05 | INFO |       34.721 ¦      371           2              0.010 
2025-05-23 10:51:05 | INFO |       34.731 ¦      372           2              0.010 
2025-05-23 10:51:05 | INFO |       34.741 ¦      373           2              0.010 
2025-05-23 10:51:05 | INFO |       34.751 ¦      374           2              0.010 
2025-05-23 10:51:05 | INFO |       34.761 ¦      375           2              0.010 
2025-05-23 10:51:05 | INFO |       34.771 ¦      376           2              0.010 
2025-05-23 10:51:05 | INFO |       34.781 ¦      377           2              0.010 
2025-05-23 10:51:05 | INFO |       34.791 ¦      378           2              0.010 
2025-05-23 10:51:05 | INFO |       34.801 ¦      379           2              0.010 
2025-05-23 10:51:05 | INFO |       34.811 ¦      380           2              0.010 
2025-05-23 10:51:05 | INFO |       34.821 ¦      381           2              0.010 
2025-05-23 10:51:05 | INFO |       34.831 ¦      382           2              0.010 
2025-05-23 10:51:05 | INFO |       34.841 ¦      383           2              0.010 
2025-05-23 10:51:05 | INFO |       34.851 ¦      384           2              0.010 
2025-05-23 10:51:05 | INFO |       34.861 ¦      385           2              0.010 
2025-05-23 10:51:05 | INFO |       34.871 ¦      386           2              0.010 
2025-05-23 10:51:05 | INFO |       34.881 ¦      387           2              0.010 
2025-05-23 10:51:05 | INFO |       34.891 ¦      388           2              0.010 
2025-05-23 10:51:05 | INFO |       34.901 ¦      389           2              0.010 
2025-05-23 10:51:05 | INFO |       34.911 ¦      390           2              0.010 
2025-05-23 10:51:05 | INFO |       34.921 ¦      391           2              0.010 
2025-05-23 10:51:05 | INFO |       34.931 ¦      392           2              0.010 
2025-05-23 10:51:05 | INFO |       34.941 ¦      393           2              0.010 
2025-05-23 10:51:05 | INFO |       34.951 ¦      394           2              0.010 
2025-05-23 10:51:05 | INFO |       34.961 ¦      395           2              0.010 
2025-05-23 10:51:05 | INFO |       34.971 ¦      396           2              0.010 
2025-05-23 10:51:05 | INFO |       34.981 ¦      397           2              0.010 
2025-05-23 10:51:05 | INFO |       34.991 ¦      398           2              0.010 
2025-05-23 10:51:05 | INFO |       35.001 ¦      399           2              0.010 
2025-05-23 10:51:05 | INFO |       35.011 ¦      400           2              0.010 
2025-05-23 10:51:05 | INFO |       35.021 ¦      401           2              0.010 
2025-05-23 10:51:05 | INFO |       35.031 ¦      402           2              0.010 
2025-05-23 10:51:05 | INFO |       35.041 ¦      403           2              0.010 
2025-05-23 10:51:05 | INFO |       35.051 ¦      404           2              0.010 
2025-05-23 10:51:05 | INFO |       35.061 ¦      405           2              0.010 
2025-05-23 10:51:05 | INFO |       35.071 ¦      406           2              0.010 
2025-05-23 10:51:05 | INFO |       35.081 ¦      407           2              0.010 
2025-05-23 10:51:05 | INFO |       35.091 ¦      408           2              0.010 
2025-05-23 10:51:05 | INFO |       35.101 ¦      409           2              0.010 
2025-05-23 10:51:05 | INFO |       35.111 ¦      410           2              0.010 
2025-05-23 10:51:05 | INFO |       35.121 ¦      411           2              0.010 
2025-05-23 10:51:05 | INFO |       35.131 ¦      412           2              0.010 
2025-05-23 10:51:05 | INFO |       35.141 ¦      413           2              0.010 
2025-05-23 10:51:05 | INFO |       35.151 ¦      414           2              0.010 
2025-05-23 10:51:05 | INFO |       35.161 ¦      415           2              0.010 
2025-05-23 10:51:05 | INFO |       35.171 ¦      416           2              0.010 
2025-05-23 10:51:05 | INFO |       35.181 ¦      417           2              0.010 
2025-05-23 10:51:05 | INFO |       35.191 ¦      418           2              0.010 
2025-05-23 10:51:05 | INFO |       35.201 ¦      419           2              0.010 
2025-05-23 10:51:05 | INFO |       35.211 ¦      420           2              0.010 
2025-05-23 10:51:05 | INFO |       35.221 ¦      421           2              0.010 
2025-05-23 10:51:05 | INFO |       35.231 ¦      422           2              0.010 
2025-05-23 10:51:05 | INFO |       35.241 ¦      423           2              0.010 
2025-05-23 10:51:05 | INFO |       35.251 ¦      424           2              0.010 
2025-05-23 10:51:05 | INFO |       35.261 ¦      425           2              0.010 
2025-05-23 10:51:05 | INFO |       35.271 ¦      426           2              0.010 
2025-05-23 10:51:05 | INFO |       35.281 ¦      427           2              0.010 
2025-05-23 10:51:05 | INFO |       35.291 ¦      428           2              0.010 
2025-05-23 10:51:05 | INFO |       35.301 ¦      429           2              0.010 
2025-05-23 10:51:05 | INFO |       35.311 ¦      430           2              0.010 
2025-05-23 10:51:05 | INFO |       35.321 ¦      431           2              0.010 
2025-05-23 10:51:05 | INFO |       35.331 ¦      432           2              0.010 
2025-05-23 10:51:05 | INFO |       35.341 ¦      433           2              0.010 
2025-05-23 10:51:05 | INFO |       35.351 ¦      434           2              0.010 
2025-05-23 10:51:05 | INFO |       35.361 ¦      435           2              0.010 
2025-05-23 10:51:05 | INFO |       35.371 ¦      436           2              0.010 
2025-05-23 10:51:05 | INFO |       35.381 ¦      437           2              0.010 
2025-05-23 10:51:05 | INFO |       35.391 ¦      438           2              0.010 
2025-05-23 10:51:05 | INFO |       35.401 ¦      439           2              0.010 
2025-05-23 10:51:05 | INFO |       35.411 ¦      440           2              0.010 
2025-05-23 10:51:05 | INFO |       35.421 ¦      441           2              0.010 
2025-05-23 10:51:05 | INFO |       35.431 ¦      442           2              0.010 
2025-05-23 10:51:05 | INFO |       35.441 ¦      443           2              0.010 
2025-05-23 10:51:05 | INFO |       35.451 ¦      444           2              0.010 
2025-05-23 10:51:05 | INFO |       35.461 ¦      445           2              0.010 
2025-05-23 10:51:05 | INFO |       35.471 ¦      446           2              0.010 
2025-05-23 10:51:05 | INFO |       35.481 ¦      447           2              0.010 
2025-05-23 10:51:05 | INFO |       35.491 ¦      448           2              0.010 
2025-05-23 10:51:05 | INFO |       35.501 ¦      449           2              0.010 
2025-05-23 10:51:05 | INFO |       35.511 ¦      450           2              0.010 
2025-05-23 10:51:05 | INFO |       35.521 ¦      451           2              0.010 
2025-05-23 10:51:05 | INFO |       35.531 ¦      452           2              0.010 
2025-05-23 10:51:05 | INFO |       35.541 ¦      453           2              0.010 
2025-05-23 10:51:05 | INFO |       35.551 ¦      454           2              0.010 
2025-05-23 10:51:05 | INFO |       35.561 ¦      455           2              0.010 
2025-05-23 10:51:05 | INFO |       35.571 ¦      456           2              0.010 
2025-05-23 10:51:05 | INFO |       35.581 ¦      457           2              0.010 
2025-05-23 10:51:05 | INFO |       35.591 ¦      458           2              0.010 
2025-05-23 10:51:05 | INFO |       35.601 ¦      459           2              0.010 
2025-05-23 10:51:05 | INFO |       35.611 ¦      460           2              0.010 
2025-05-23 10:51:05 | INFO |       35.621 ¦      461           2              0.010 
2025-05-23 10:51:05 | INFO |       35.631 ¦      462           2              0.010 
2025-05-23 10:51:05 | INFO |       35.641 ¦      463           2              0.010 
2025-05-23 10:51:05 | INFO |       35.651 ¦      464           2              0.010 
2025-05-23 10:51:05 | INFO |       35.661 ¦      465           2              0.010 
2025-05-23 10:51:05 | INFO |       35.671 ¦      466           2              0.010 
2025-05-23 10:51:05 | INFO |       35.681 ¦      467           2              0.010 
2025-05-23 10:51:05 | INFO |       35.691 ¦      468           2              0.010 
2025-05-23 10:51:05 | INFO |       35.701 ¦      469           2              0.010 
2025-05-23 10:51:05 | INFO |       35.711 ¦      470           2              0.010 
2025-05-23 10:51:05 | INFO |       35.721 ¦      471           2              0.010 
2025-05-23 10:51:05 | INFO |       35.731 ¦      472           2              0.010 
2025-05-23 10:51:05 | INFO |       35.741 ¦      473           2              0.010 
2025-05-23 10:51:05 | INFO |       35.751 ¦      474           2              0.010 
2025-05-23 10:51:05 | INFO |       35.761 ¦      475           2              0.010 
2025-05-23 10:51:05 | INFO |       35.771 ¦      476           2              0.010 
2025-05-23 10:51:05 | INFO |       35.781 ¦      477           2              0.010 
2025-05-23 10:51:05 | INFO |       35.791 ¦      478           2              0.010 
2025-05-23 10:51:05 | INFO |       35.801 ¦      479           2              0.010 
2025-05-23 10:51:05 | INFO |       35.811 ¦      480           2              0.010 
2025-05-23 10:51:05 | INFO |       35.821 ¦      481           2              0.010 
2025-05-23 10:51:05 | INFO |       35.831 ¦      482           2              0.010 
2025-05-23 10:51:05 | INFO |       35.841 ¦      483           2              0.010 
2025-05-23 10:51:05 | INFO |       35.851 ¦      484           2              0.010 
2025-05-23 10:51:05 | INFO |       35.861 ¦      485           2              0.010 
2025-05-23 10:51:05 | INFO |       35.871 ¦      486           2              0.010 
2025-05-23 10:51:05 | INFO |       35.881 ¦      487           2              0.010 
2025-05-23 10:51:05 | INFO |       35.891 ¦      488           2              0.010 
2025-05-23 10:51:05 | INFO |       35.901 ¦      489           2              0.010 
2025-05-23 10:51:05 | INFO |       35.911 ¦      490           2              0.010 
2025-05-23 10:51:05 | INFO |       35.921 ¦      491           2              0.010 
2025-05-23 10:51:05 | INFO |       35.931 ¦      492           2              0.010 
2025-05-23 10:51:05 | INFO |       35.941 ¦      493           2              0.010 
2025-05-23 10:51:05 | INFO |       35.951 ¦      494           2              0.010 
2025-05-23 10:51:05 | INFO |       35.961 ¦      495           2              0.010 
2025-05-23 10:51:05 | INFO |       35.971 ¦      496           2              0.010 
2025-05-23 10:51:05 | INFO |       35.981 ¦      497           2              0.010 
2025-05-23 10:51:05 | INFO |       35.991 ¦      498           2              0.010 
2025-05-23 10:51:05 | INFO |       36.001 ¦      499           2              0.010 
2025-05-23 10:51:05 | INFO |       36.011 ¦      500           2              0.010 
2025-05-23 10:51:05 | INFO |       36.021 ¦      501           2              0.010 
2025-05-23 10:51:05 | INFO |       36.031 ¦      502           2              0.010 
2025-05-23 10:51:05 | INFO |       36.041 ¦      503           2              0.010 
2025-05-23 10:51:05 | INFO |       36.051 ¦      504           2              0.010 
2025-05-23 10:51:05 | INFO |       36.061 ¦      505           2              0.010 
2025-05-23 10:51:05 | INFO |       36.071 ¦      506           2              0.010 
2025-05-23 10:51:05 | INFO |       36.081 ¦      507           2              0.010 
2025-05-23 10:51:05 | INFO |       36.091 ¦      508           2              0.010 
2025-05-23 10:51:05 | INFO |       36.101 ¦      509           2              0.010 
2025-05-23 10:51:05 | INFO |       36.111 ¦      510           2              0.010 
2025-05-23 10:51:05 | INFO |       36.121 ¦      511           2              0.010 
2025-05-23 10:51:05 | INFO |       36.131 ¦      512           2              0.010 
2025-05-23 10:51:05 | INFO |       36.141 ¦      513           2              0.010 
2025-05-23 10:51:05 | INFO |       36.151 ¦      514           2              0.010 
2025-05-23 10:51:05 | INFO |       36.161 ¦      515           2              0.010 
2025-05-23 10:51:05 | INFO |       36.171 ¦      516           2              0.010 
2025-05-23 10:51:05 | INFO |       36.181 ¦      517           2              0.010 
2025-05-23 10:51:05 | INFO |       36.191 ¦      518           2              0.010 
2025-05-23 10:51:05 | INFO |       36.201 ¦      519           2              0.010 
2025-05-23 10:51:05 | INFO |       36.211 ¦      520           2              0.010 
2025-05-23 10:51:05 | INFO |       36.221 ¦      521           2              0.010 
2025-05-23 10:51:05 | INFO |       36.231 ¦      522           2              0.010 
2025-05-23 10:51:05 | INFO |       36.241 ¦      523           2              0.010 
2025-05-23 10:51:05 | INFO |       36.251 ¦      524           2              0.010 
2025-05-23 10:51:05 | INFO |       36.261 ¦      525           2              0.010 
2025-05-23 10:51:05 | INFO |       36.271 ¦      526           2              0.010 
2025-05-23 10:51:05 | INFO |       36.281 ¦      527           2              0.010 
2025-05-23 10:51:05 | INFO |       36.291 ¦      528           2              0.010 
2025-05-23 10:51:05 | INFO |       36.301 ¦      529           2              0.010 
2025-05-23 10:51:05 | INFO |       36.311 ¦      530           2              0.010 
2025-05-23 10:51:05 | INFO |       36.321 ¦      531           2              0.010 
2025-05-23 10:51:05 | INFO |       36.331 ¦      532           2              0.010 
2025-05-23 10:51:05 | INFO |       36.341 ¦      533           2              0.010 
2025-05-23 10:51:05 | INFO |       36.351 ¦      534           2              0.010 
2025-05-23 10:51:05 | INFO |       36.361 ¦      535           2              0.010 
2025-05-23 10:51:05 | INFO |       36.371 ¦      536           2              0.010 
2025-05-23 10:51:05 | INFO |       36.381 ¦      537           2              0.010 
2025-05-23 10:51:05 | INFO |       36.391 ¦      538           2              0.010 
2025-05-23 10:51:05 | INFO |       36.401 ¦      539           2              0.010 
2025-05-23 10:51:05 | INFO |       36.411 ¦      540           2              0.010 
2025-05-23 10:51:05 | INFO |       36.421 ¦      541           2              0.010 
2025-05-23 10:51:05 | INFO |       36.431 ¦      542           2              0.010 
2025-05-23 10:51:05 | INFO |       36.441 ¦      543           2              0.010 
2025-05-23 10:51:05 | INFO |       36.451 ¦      544           2              0.010 
2025-05-23 10:51:05 | INFO |       36.461 ¦      545           2              0.010 
2025-05-23 10:51:05 | INFO |       36.471 ¦      546           2              0.010 
2025-05-23 10:51:05 | INFO |       36.481 ¦      547           2              0.010 
2025-05-23 10:51:05 | INFO |       36.491 ¦      548           2              0.010 
2025-05-23 10:51:05 | INFO |       36.501 ¦      549           2              0.010 
2025-05-23 10:51:05 | INFO |       36.511 ¦      550           2              0.010 
2025-05-23 10:51:05 | INFO |       36.521 ¦      551           2              0.010 
2025-05-23 10:51:05 | INFO |       36.531 ¦      552           2              0.010 
2025-05-23 10:51:05 | INFO |       36.541 ¦      553           2              0.010 
2025-05-23 10:51:05 | INFO |       36.551 ¦      554           2              0.010 
2025-05-23 10:51:05 | INFO |       36.561 ¦      555           2              0.010 
2025-05-23 10:51:05 | INFO |       36.571 ¦      556           2              0.010 
2025-05-23 10:51:05 | INFO |       36.581 ¦      557           2              0.010 
2025-05-23 10:51:05 | INFO |       36.591 ¦      558           2              0.010 
2025-05-23 10:51:05 | INFO |       36.601 ¦      559           2              0.010 
2025-05-23 10:51:05 | INFO |       36.611 ¦      560           2              0.010 
2025-05-23 10:51:05 | INFO |       36.621 ¦      561           2              0.010 
2025-05-23 10:51:05 | INFO |       36.631 ¦      562           2              0.010 
2025-05-23 10:51:05 | INFO |       36.641 ¦      563           2              0.010 
2025-05-23 10:51:05 | INFO |       36.651 ¦      564           2              0.010 
2025-05-23 10:51:05 | INFO |       36.661 ¦      565           2              0.010 
2025-05-23 10:51:05 | INFO |       36.671 ¦      566           2              0.010 
2025-05-23 10:51:05 | INFO |       36.681 ¦      567           2              0.010 
2025-05-23 10:51:05 | INFO |       36.691 ¦      568           2              0.010 
2025-05-23 10:51:05 | INFO |       36.701 ¦      569           2              0.010 
2025-05-23 10:51:05 | INFO |       36.711 ¦      570           2              0.010 
2025-05-23 10:51:05 | INFO |       36.721 ¦      571           2              0.010 
2025-05-23 10:51:05 | INFO |       36.731 ¦      572           2              0.010 
2025-05-23 10:51:05 | INFO |       36.741 ¦      573           2              0.010 
2025-05-23 10:51:05 | INFO |       36.751 ¦      574           2              0.010 
2025-05-23 10:51:05 | INFO |       36.761 ¦      575           2              0.010 
2025-05-23 10:51:05 | INFO |       36.771 ¦      576           2              0.010 
2025-05-23 10:51:05 | INFO |       36.781 ¦      577           2              0.010 
2025-05-23 10:51:05 | INFO |       36.791 ¦      578           2              0.010 
2025-05-23 10:51:05 | INFO |       36.801 ¦      579           2              0.010 
2025-05-23 10:51:05 | INFO |       36.811 ¦      580           2              0.010 
2025-05-23 10:51:05 | INFO |       36.821 ¦      581           2              0.010 
2025-05-23 10:51:05 | INFO |       36.831 ¦      582           2              0.010 
2025-05-23 10:51:05 | INFO |       36.841 ¦      583           2              0.010 
2025-05-23 10:51:05 | INFO |       36.851 ¦      584           2              0.010 
2025-05-23 10:51:05 | INFO |       36.861 ¦      585           2              0.010 
2025-05-23 10:51:05 | INFO |       36.871 ¦      586           2              0.010 
2025-05-23 10:51:05 | INFO |       36.881 ¦      587           2              0.010 
2025-05-23 10:51:05 | INFO |       36.891 ¦      588           2              0.010 
2025-05-23 10:51:05 | INFO |       36.901 ¦      589           2              0.010 
2025-05-23 10:51:05 | INFO |       36.911 ¦      590           2              0.010 
2025-05-23 10:51:05 | INFO |       36.921 ¦      591           2              0.010 
2025-05-23 10:51:05 | INFO |       36.931 ¦      592           2              0.010 
2025-05-23 10:51:05 | INFO |       36.941 ¦      593           2              0.010 
2025-05-23 10:51:05 | INFO |       36.951 ¦      594           2              0.010 
2025-05-23 10:51:05 | INFO |       36.961 ¦      595           2              0.010 
2025-05-23 10:51:05 | INFO |       36.971 ¦      596           2              0.010 
2025-05-23 10:51:05 | INFO |       36.981 ¦      597           2              0.010 
2025-05-23 10:51:05 | INFO |       36.991 ¦      598           2              0.010 
2025-05-23 10:51:05 | INFO |       37.001 ¦      599           2              0.010 
2025-05-23 10:51:05 | INFO |       37.011 ¦      600           2              0.010 
2025-05-23 10:51:05 | INFO |       37.021 ¦      601           2              0.010 
2025-05-23 10:51:05 | INFO |       37.031 ¦      602           2              0.010 
2025-05-23 10:51:05 | INFO |       37.041 ¦      603           2              0.010 
2025-05-23 10:51:05 | INFO |       37.051 ¦      604           2              0.010 
2025-05-23 10:51:05 | INFO |       37.061 ¦      605           2              0.010 
2025-05-23 10:51:05 | INFO |       37.071 ¦      606           2              0.010 
2025-05-23 10:51:05 | INFO |       37.081 ¦      607           2              0.010 
2025-05-23 10:51:05 | INFO |       37.091 ¦      608           2              0.010 
2025-05-23 10:51:05 | INFO |       37.101 ¦      609           2              0.010 
2025-05-23 10:51:05 | INFO |       37.111 ¦      610           2              0.010 
2025-05-23 10:51:05 | INFO |       37.121 ¦      611           2              0.010 
2025-05-23 10:51:05 | INFO |       37.131 ¦      612           2              0.010 
2025-05-23 10:51:05 | INFO |       37.141 ¦      613           2              0.010 
2025-05-23 10:51:05 | INFO |       37.151 ¦      614           2              0.010 
2025-05-23 10:51:05 | INFO |       37.161 ¦      615           2              0.010 
2025-05-23 10:51:05 | INFO |       37.171 ¦      616           2              0.010 
2025-05-23 10:51:05 | INFO |       37.181 ¦      617           2              0.010 
2025-05-23 10:51:05 | INFO |       37.191 ¦      618           2              0.010 
2025-05-23 10:51:05 | INFO |       37.201 ¦      619           2              0.010 
2025-05-23 10:51:05 | INFO |       37.211 ¦      620           2              0.010 
2025-05-23 10:51:05 | INFO |       37.221 ¦      621           2              0.010 
2025-05-23 10:51:05 | INFO |       37.231 ¦      622           2              0.010 
2025-05-23 10:51:05 | INFO |       37.241 ¦      623           2              0.010 
2025-05-23 10:51:05 | INFO |       37.251 ¦      624           2              0.010 
2025-05-23 10:51:05 | INFO |       37.261 ¦      625           2              0.010 
2025-05-23 10:51:05 | INFO |       37.271 ¦      626           2              0.010 
2025-05-23 10:51:05 | INFO |       37.281 ¦      627           2              0.010 
2025-05-23 10:51:05 | INFO |       37.291 ¦      628           2              0.010 
2025-05-23 10:51:05 | INFO |       37.301 ¦      629           2              0.010 
2025-05-23 10:51:05 | INFO |       37.311 ¦      630           2              0.010 
2025-05-23 10:51:05 | INFO |       37.321 ¦      631           2              0.010 
2025-05-23 10:51:05 | INFO |       37.331 ¦      632           2              0.010 
2025-05-23 10:51:05 | INFO |       37.341 ¦      633           2              0.010 
2025-05-23 10:51:05 | INFO |       37.351 ¦      634           2              0.010 
2025-05-23 10:51:05 | INFO |       37.361 ¦      635           2              0.010 
2025-05-23 10:51:05 | INFO |       37.371 ¦      636           2              0.010 
2025-05-23 10:51:05 | INFO |       37.381 ¦      637           2              0.010 
2025-05-23 10:51:05 | INFO |       37.391 ¦      638           2              0.010 
2025-05-23 10:51:05 | INFO |       37.401 ¦      639           2              0.010 
2025-05-23 10:51:05 | INFO |       37.411 ¦      640           2              0.010 
2025-05-23 10:51:05 | INFO |       37.421 ¦      641           2              0.010 
2025-05-23 10:51:05 | INFO |       37.431 ¦      642           2              0.010 
2025-05-23 10:51:05 | INFO |       37.441 ¦      643           2              0.010 
2025-05-23 10:51:05 | INFO |       37.451 ¦      644           2              0.010 
2025-05-23 10:51:05 | INFO |       37.461 ¦      645           2              0.010 
2025-05-23 10:51:05 | INFO |       37.471 ¦      646           2              0.010 
2025-05-23 10:51:05 | INFO |       37.481 ¦      647           2              0.010 
2025-05-23 10:51:05 | INFO |       37.491 ¦      648           2              0.010 
2025-05-23 10:51:05 | INFO |       37.501 ¦      649           2              0.010 
2025-05-23 10:51:05 | INFO |       37.511 ¦      650           2              0.010 
2025-05-23 10:51:05 | INFO |       37.521 ¦      651           2              0.010 
2025-05-23 10:51:05 | INFO |       37.531 ¦      652           2              0.010 
2025-05-23 10:51:05 | INFO |       37.541 ¦      653           2              0.010 
2025-05-23 10:51:05 | INFO |       37.551 ¦      654           2              0.010 
2025-05-23 10:51:05 | INFO |       37.561 ¦      655           2              0.010 
2025-05-23 10:51:05 | INFO |       37.571 ¦      656           2              0.010 
2025-05-23 10:51:05 | INFO |       37.581 ¦      657           2              0.010 
2025-05-23 10:51:05 | INFO |       37.591 ¦      658           2              0.010 
2025-05-23 10:51:05 | INFO |       37.601 ¦      659           2              0.010 
2025-05-23 10:51:05 | INFO |       37.611 ¦      660           2              0.010 
2025-05-23 10:51:05 | INFO |       37.621 ¦      661           2              0.010 
2025-05-23 10:51:05 | INFO |       37.631 ¦      662           2              0.010 
2025-05-23 10:51:05 | INFO |       37.641 ¦      663           2              0.010 
2025-05-23 10:51:05 | INFO |       37.651 ¦      664           2              0.010 
2025-05-23 10:51:05 | INFO |       37.661 ¦      665           2              0.010 
2025-05-23 10:51:05 | INFO |       37.671 ¦      666           2              0.010 
2025-05-23 10:51:05 | INFO |       37.681 ¦      667           2              0.010 
2025-05-23 10:51:05 | INFO |       37.691 ¦      668           2              0.010 
2025-05-23 10:51:05 | INFO |       37.701 ¦      669           2              0.010 
2025-05-23 10:51:05 | INFO |       37.711 ¦      670           2              0.010 
2025-05-23 10:51:05 | INFO |       37.721 ¦      671           2              0.010 
2025-05-23 10:51:05 | INFO |       37.731 ¦      672           2              0.010 
2025-05-23 10:51:05 | INFO |       37.741 ¦      673           2              0.010 
2025-05-23 10:51:05 | INFO |       37.751 ¦      674           2              0.010 
2025-05-23 10:51:05 | INFO |       37.761 ¦      675           2              0.010 
2025-05-23 10:51:05 | INFO |       37.771 ¦      676           2              0.010 
2025-05-23 10:51:05 | INFO |       37.781 ¦      677           2              0.010 
2025-05-23 10:51:05 | INFO |       37.791 ¦      678           2              0.010 
2025-05-23 10:51:05 | INFO |       37.801 ¦      679           2              0.010 
2025-05-23 10:51:05 | INFO |       37.811 ¦      680           2              0.010 
2025-05-23 10:51:05 | INFO |       37.821 ¦      681           2              0.010 
2025-05-23 10:51:05 | INFO |       37.831 ¦      682           2              0.010 
2025-05-23 10:51:05 | INFO |       37.841 ¦      683           2              0.010 
2025-05-23 10:51:05 | INFO |       37.851 ¦      684           2              0.010 
2025-05-23 10:51:05 | INFO |       37.861 ¦      685           2              0.010 
2025-05-23 10:51:05 | INFO |       37.871 ¦      686           2              0.010 
2025-05-23 10:51:05 | INFO |       37.881 ¦      687           2              0.010 
2025-05-23 10:51:05 | INFO |       37.891 ¦      688           2              0.010 
2025-05-23 10:51:05 | INFO |       37.901 ¦      689           2              0.010 
2025-05-23 10:51:05 | INFO |       37.911 ¦      690           2              0.010 
2025-05-23 10:51:05 | INFO |       37.921 ¦      691           2              0.010 
2025-05-23 10:51:05 | INFO |       37.931 ¦      692           2              0.010 
2025-05-23 10:51:05 | INFO |       37.941 ¦      693           2              0.010 
2025-05-23 10:51:05 | INFO |       37.951 ¦      694           2              0.010 
2025-05-23 10:51:05 | INFO |       37.961 ¦      695           2              0.010 
2025-05-23 10:51:05 | INFO |       37.971 ¦      696           2              0.010 
2025-05-23 10:51:05 | INFO |       37.981 ¦      697           2              0.010 
2025-05-23 10:51:05 | INFO |       37.991 ¦      698           2              0.010 
2025-05-23 10:51:05 | INFO |       38.001 ¦      699           2              0.010 
2025-05-23 10:51:05 | INFO |       38.011 ¦      700           2              0.010 
2025-05-23 10:51:05 | INFO |       38.021 ¦      701           2              0.010 
2025-05-23 10:51:05 | INFO |       38.031 ¦      702           2              0.010 
2025-05-23 10:51:05 | INFO |       38.041 ¦      703           2              0.010 
2025-05-23 10:51:05 | INFO |       38.051 ¦      704           2              0.010 
2025-05-23 10:51:05 | INFO |       38.061 ¦      705           2              0.010 
2025-05-23 10:51:05 | INFO |       38.071 ¦      706           2              0.010 
2025-05-23 10:51:05 | INFO |       38.081 ¦      707           2              0.010 
2025-05-23 10:51:05 | INFO |       38.091 ¦      708           2              0.010 
2025-05-23 10:51:05 | INFO |       38.101 ¦      709           2              0.010 
2025-05-23 10:51:05 | INFO |       38.111 ¦      710           2              0.010 
2025-05-23 10:51:05 | INFO |       38.121 ¦      711           2              0.010 
2025-05-23 10:51:05 | INFO |       38.131 ¦      712           2              0.010 
2025-05-23 10:51:05 | INFO |       38.141 ¦      713           2              0.010 
2025-05-23 10:51:05 | INFO |       38.151 ¦      714           2              0.010 
2025-05-23 10:51:05 | INFO |       38.161 ¦      715           2              0.010 
2025-05-23 10:51:05 | INFO |       38.171 ¦      716           2              0.010 
2025-05-23 10:51:05 | INFO |       38.181 ¦      717           2              0.010 
2025-05-23 10:51:05 | INFO |       38.191 ¦      718           2              0.010 
2025-05-23 10:51:05 | INFO |       38.201 ¦      719           2              0.010 
2025-05-23 10:51:05 | INFO |       38.211 ¦      720           2              0.010 
2025-05-23 10:51:05 | INFO |       38.221 ¦      721           2              0.010 
2025-05-23 10:51:05 | INFO |       38.231 ¦      722           2              0.010 
2025-05-23 10:51:05 | INFO |       38.241 ¦      723           2              0.010 
2025-05-23 10:51:05 | INFO |       38.251 ¦      724           2              0.010 
2025-05-23 10:51:05 | INFO |       38.261 ¦      725           2              0.010 
2025-05-23 10:51:05 | INFO |       38.271 ¦      726           2              0.010 
2025-05-23 10:51:05 | INFO |       38.281 ¦      727           2              0.010 
2025-05-23 10:51:05 | INFO |       38.291 ¦      728           2              0.010 
2025-05-23 10:51:05 | INFO |       38.301 ¦      729           2              0.010 
2025-05-23 10:51:05 | INFO |       38.311 ¦      730           2              0.010 
2025-05-23 10:51:05 | INFO |       38.321 ¦      731           2              0.010 
2025-05-23 10:51:05 | INFO |       38.331 ¦      732           2              0.010 
2025-05-23 10:51:05 | INFO |       38.341 ¦      733           2              0.010 
2025-05-23 10:51:05 | INFO |       38.351 ¦      734           2              0.010 
2025-05-23 10:51:05 | INFO |       38.361 ¦      735           2              0.010 
2025-05-23 10:51:05 | INFO |       38.371 ¦      736           2              0.010 
2025-05-23 10:51:05 | INFO |       38.381 ¦      737           2              0.010 
2025-05-23 10:51:05 | INFO |       38.391 ¦      738           2              0.010 
2025-05-23 10:51:05 | INFO |       38.401 ¦      739           2              0.010 
2025-05-23 10:51:05 | INFO |       38.411 ¦      740           2              0.010 
2025-05-23 10:51:05 | INFO |       38.421 ¦      741           2              0.010 
2025-05-23 10:51:05 | INFO |       38.431 ¦      742           2              0.010 
2025-05-23 10:51:05 | INFO |       38.441 ¦      743           2              0.010 
2025-05-23 10:51:05 | INFO |       38.451 ¦      744           2              0.010 
2025-05-23 10:51:05 | INFO |       38.461 ¦      745           2              0.010 
2025-05-23 10:51:05 | INFO |       38.471 ¦      746           2              0.010 
2025-05-23 10:51:05 | INFO |       38.481 ¦      747           2              0.010 
2025-05-23 10:51:05 | INFO |       38.491 ¦      748           2              0.010 
2025-05-23 10:51:05 | INFO |       38.501 ¦      749           2              0.010 
2025-05-23 10:51:05 | INFO |       38.511 ¦      750           2              0.010 
2025-05-23 10:51:05 | INFO |       38.521 ¦      751           2              0.010 
2025-05-23 10:51:05 | INFO |       38.531 ¦      752           2              0.010 
2025-05-23 10:51:05 | INFO |       38.541 ¦      753           2              0.010 
2025-05-23 10:51:05 | INFO |       38.551 ¦      754           2              0.010 
2025-05-23 10:51:05 | INFO |       38.561 ¦      755           2              0.010 
2025-05-23 10:51:05 | INFO |       38.571 ¦      756           2              0.010 
2025-05-23 10:51:05 | INFO |       38.581 ¦      757           2              0.010 
2025-05-23 10:51:05 | INFO |       38.591 ¦      758           2              0.010 
2025-05-23 10:51:05 | INFO |       38.601 ¦      759           2              0.010 
2025-05-23 10:51:05 | INFO |       38.611 ¦      760           2              0.010 
2025-05-23 10:51:05 | INFO |       38.621 ¦      761           2              0.010 
2025-05-23 10:51:05 | INFO |       38.631 ¦      762           2              0.010 
2025-05-23 10:51:05 | INFO |       38.641 ¦      763           2              0.010 
2025-05-23 10:51:05 | INFO |       38.651 ¦      764           2              0.010 
2025-05-23 10:51:05 | INFO |       38.661 ¦      765           2              0.010 
2025-05-23 10:51:05 | INFO |       38.671 ¦      766           2              0.010 
2025-05-23 10:51:05 | INFO |       38.681 ¦      767           2              0.010 
2025-05-23 10:51:05 | INFO |       38.691 ¦      768           2              0.010 
2025-05-23 10:51:05 | INFO |       38.701 ¦      769           2              0.010 
2025-05-23 10:51:05 | INFO |       38.711 ¦      770           2              0.010 
2025-05-23 10:51:05 | INFO |       38.721 ¦      771           2              0.010 
2025-05-23 10:51:05 | INFO |       38.731 ¦      772           2              0.010 
2025-05-23 10:51:05 | INFO |       38.741 ¦      773           2              0.010 
2025-05-23 10:51:05 | INFO |       38.751 ¦      774           2              0.010 
2025-05-23 10:51:05 | INFO |       38.761 ¦      775           2              0.010 
2025-05-23 10:51:05 | INFO |       38.771 ¦      776           2              0.010 
2025-05-23 10:51:05 | INFO |       38.781 ¦      777           2              0.010 
2025-05-23 10:51:05 | INFO |       38.791 ¦      778           2              0.010 
2025-05-23 10:51:05 | INFO |       38.801 ¦      779           2              0.010 
2025-05-23 10:51:05 | INFO |       38.811 ¦      780           2              0.010 
2025-05-23 10:51:05 | INFO |       38.821 ¦      781           2              0.010 
2025-05-23 10:51:05 | INFO |       38.831 ¦      782           2              0.010 
2025-05-23 10:51:05 | INFO |       38.841 ¦      783           2              0.010 
2025-05-23 10:51:05 | INFO |       38.851 ¦      784           2              0.010 
2025-05-23 10:51:05 | INFO |       38.861 ¦      785           2              0.010 
2025-05-23 10:51:05 | INFO |       38.871 ¦      786           2              0.010 
2025-05-23 10:51:05 | INFO |       38.881 ¦      787           2              0.010 
2025-05-23 10:51:05 | INFO |       38.891 ¦      788           2              0.010 
2025-05-23 10:51:05 | INFO |       38.901 ¦      789           2              0.010 
2025-05-23 10:51:05 | INFO |       38.911 ¦      790           2              0.010 
2025-05-23 10:51:05 | INFO |       38.921 ¦      791           2              0.010 
2025-05-23 10:51:05 | INFO |       38.931 ¦      792           2              0.010 
2025-05-23 10:51:05 | INFO |       38.941 ¦      793           2              0.010 
2025-05-23 10:51:05 | INFO |       38.951 ¦      794           2              0.010 
2025-05-23 10:51:05 | INFO |       38.961 ¦      795           2              0.010 
2025-05-23 10:51:05 | INFO |       38.971 ¦      796           2              0.010 
2025-05-23 10:51:05 | INFO |       38.981 ¦      797           2              0.010 
2025-05-23 10:51:05 | INFO |       38.991 ¦      798           2              0.010 
2025-05-23 10:51:05 | INFO |       39.001 ¦      799           2              0.010 
2025-05-23 10:51:05 | INFO |       39.011 ¦      800           2              0.010 
2025-05-23 10:51:05 | INFO |       39.021 ¦      801           2              0.010 
2025-05-23 10:51:05 | INFO |       39.031 ¦      802           2              0.010 
2025-05-23 10:51:05 | INFO |       39.041 ¦      803           2              0.010 
2025-05-23 10:51:05 | INFO |       39.051 ¦      804           2              0.010 
2025-05-23 10:51:05 | INFO |       39.061 ¦      805           2              0.010 
2025-05-23 10:51:05 | INFO |       39.071 ¦      806           2              0.010 
2025-05-23 10:51:05 | INFO |       39.081 ¦      807           2              0.010 
2025-05-23 10:51:05 | INFO |       39.091 ¦      808           2              0.010 
2025-05-23 10:51:05 | INFO |       39.101 ¦      809           2              0.010 
2025-05-23 10:51:05 | INFO |       39.111 ¦      810           2              0.010 
2025-05-23 10:51:05 | INFO |       39.121 ¦      811           2              0.010 
2025-05-23 10:51:05 | INFO |       39.131 ¦      812           2              0.010 
2025-05-23 10:51:05 | INFO |       39.141 ¦      813           2              0.010 
2025-05-23 10:51:05 | INFO |       39.151 ¦      814           2              0.010 
2025-05-23 10:51:05 | INFO |       39.161 ¦      815           2              0.010 
2025-05-23 10:51:05 | INFO |       39.171 ¦      816           2              0.010 
2025-05-23 10:51:05 | INFO |       39.181 ¦      817           2              0.010 
2025-05-23 10:51:05 | INFO |       39.191 ¦      818           2              0.010 
2025-05-23 10:51:05 | INFO |       39.201 ¦      819           2              0.010 
2025-05-23 10:51:05 | INFO |       39.211 ¦      820           2              0.010 
2025-05-23 10:51:05 | INFO |       39.221 ¦      821           2              0.010 
2025-05-23 10:51:05 | INFO |       39.231 ¦      822           2              0.010 
2025-05-23 10:51:05 | INFO |       39.241 ¦      823           2              0.010 
2025-05-23 10:51:05 | INFO |       39.251 ¦      824           2              0.010 
2025-05-23 10:51:05 | INFO |       39.261 ¦      825           2              0.010 
2025-05-23 10:51:05 | INFO |       39.271 ¦      826           2              0.010 
2025-05-23 10:51:05 | INFO |       39.281 ¦      827           2              0.010 
2025-05-23 10:51:05 | INFO |       39.291 ¦      828           2              0.010 
2025-05-23 10:51:05 | INFO |       39.301 ¦      829           2              0.010 
2025-05-23 10:51:05 | INFO |       39.311 ¦      830           2              0.010 
2025-05-23 10:51:05 | INFO |       39.321 ¦      831           2              0.010 
2025-05-23 10:51:05 | INFO |       39.331 ¦      832           2              0.010 
2025-05-23 10:51:05 | INFO |       39.341 ¦      833           2              0.010 
2025-05-23 10:51:05 | INFO |       39.351 ¦      834           2              0.010 
2025-05-23 10:51:05 | INFO |       39.361 ¦      835           2              0.010 
2025-05-23 10:51:05 | INFO |       39.371 ¦      836           2              0.010 
2025-05-23 10:51:05 | INFO |       39.381 ¦      837           2              0.010 
2025-05-23 10:51:05 | INFO |       39.391 ¦      838           2              0.010 
2025-05-23 10:51:05 | INFO |       39.401 ¦      839           2              0.010 
2025-05-23 10:51:05 | INFO |       39.411 ¦      840           2              0.010 
2025-05-23 10:51:05 | INFO |       39.421 ¦      841           2              0.010 
2025-05-23 10:51:05 | INFO |       39.431 ¦      842           2              0.010 
2025-05-23 10:51:05 | INFO |       39.441 ¦      843           2              0.010 
2025-05-23 10:51:05 | INFO |       39.451 ¦      844           2              0.010 
2025-05-23 10:51:05 | INFO |       39.461 ¦      845           2              0.010 
2025-05-23 10:51:05 | INFO |       39.471 ¦      846           2              0.010 
2025-05-23 10:51:05 | INFO |       39.481 ¦      847           2              0.010 
2025-05-23 10:51:05 | INFO |       39.491 ¦      848           2              0.010 
2025-05-23 10:51:05 | INFO |       39.501 ¦      849           2              0.010 
2025-05-23 10:51:05 | INFO |       39.511 ¦      850           2              0.010 
2025-05-23 10:51:05 | INFO |       39.521 ¦      851           2              0.010 
2025-05-23 10:51:05 | INFO |       39.531 ¦      852           2              0.010 
2025-05-23 10:51:05 | INFO |       39.541 ¦      853           2              0.010 
2025-05-23 10:51:05 | INFO |       39.551 ¦      854           2              0.010 
2025-05-23 10:51:05 | INFO |       39.561 ¦      855           2              0.010 
2025-05-23 10:51:05 | INFO |       39.571 ¦      856           2              0.010 
2025-05-23 10:51:05 | INFO |       39.581 ¦      857           2              0.010 
2025-05-23 10:51:05 | INFO |       39.591 ¦      858           2              0.010 
2025-05-23 10:51:05 | INFO |       39.601 ¦      859           2              0.010 
2025-05-23 10:51:05 | INFO |       39.611 ¦      860           2              0.010 
2025-05-23 10:51:05 | INFO |       39.621 ¦      861           2              0.010 
2025-05-23 10:51:05 | INFO |       39.631 ¦      862           2              0.010 
2025-05-23 10:51:05 | INFO |       39.641 ¦      863           2              0.010 
2025-05-23 10:51:05 | INFO |       39.651 ¦      864           2              0.010 
2025-05-23 10:51:05 | INFO |       39.661 ¦      865           2              0.010 
2025-05-23 10:51:05 | INFO |       39.671 ¦      866           2              0.010 
2025-05-23 10:51:05 | INFO |       39.681 ¦      867           2              0.010 
2025-05-23 10:51:05 | INFO |       39.691 ¦      868           2              0.010 
2025-05-23 10:51:05 | INFO |       39.701 ¦      869           2              0.010 
2025-05-23 10:51:05 | INFO |       39.711 ¦      870           2              0.010 
2025-05-23 10:51:05 | INFO |       39.721 ¦      871           2              0.010 
2025-05-23 10:51:05 | INFO |       39.731 ¦      872           2              0.010 
2025-05-23 10:51:05 | INFO |       39.741 ¦      873           2              0.010 
2025-05-23 10:51:05 | INFO |       39.751 ¦      874           2              0.010 
2025-05-23 10:51:05 | INFO |       39.761 ¦      875           2              0.010 
2025-05-23 10:51:05 | INFO |       39.771 ¦      876           2              0.010 
2025-05-23 10:51:05 | INFO |       39.781 ¦      877           2              0.010 
2025-05-23 10:51:05 | INFO |       39.791 ¦      878           2              0.010 
2025-05-23 10:51:05 | INFO |       39.801 ¦      879           2              0.010 
2025-05-23 10:51:05 | INFO |       39.811 ¦      880           2              0.010 
2025-05-23 10:51:05 | INFO |       39.821 ¦      881           2              0.010 
2025-05-23 10:51:05 | INFO |       39.831 ¦      882           2              0.010 
2025-05-23 10:51:05 | INFO |       39.841 ¦      883           2              0.010 
2025-05-23 10:51:05 | INFO |       39.851 ¦      884           2              0.010 
2025-05-23 10:51:05 | INFO |       39.861 ¦      885           2              0.010 
2025-05-23 10:51:05 | INFO |       39.871 ¦      886           2              0.010 
2025-05-23 10:51:05 | INFO |       39.881 ¦      887           2              0.010 
2025-05-23 10:51:05 | INFO |       39.891 ¦      888           2              0.010 
2025-05-23 10:51:05 | INFO |       39.901 ¦      889           2              0.010 
2025-05-23 10:51:05 | INFO |       39.911 ¦      890           2              0.010 
2025-05-23 10:51:05 | INFO |       39.921 ¦      891           2              0.010 
2025-05-23 10:51:05 | INFO |       39.931 ¦      892           2              0.010 
2025-05-23 10:51:05 | INFO |       39.941 ¦      893           2              0.010 
2025-05-23 10:51:05 | INFO |       39.951 ¦      894           2              0.010 
2025-05-23 10:51:05 | INFO |       39.961 ¦      895           2              0.010 
2025-05-23 10:51:05 | INFO |       39.971 ¦      896           2              0.010 
2025-05-23 10:51:05 | INFO |       39.981 ¦      897           2              0.010 
2025-05-23 10:51:05 | INFO |       39.991 ¦      898           2              0.010 
2025-05-23 10:51:05 | INFO |       40.001 ¦      899           2              0.010 
2025-05-23 10:51:05 | INFO |       40.011 ¦      900           2              0.010 
2025-05-23 10:51:05 | INFO |       40.021 ¦      901           2              0.010 
2025-05-23 10:51:05 | INFO |       40.031 ¦      902           2              0.010 
2025-05-23 10:51:05 | INFO |       40.041 ¦      903           2              0.010 
2025-05-23 10:51:05 | INFO |       40.051 ¦      904           2              0.010 
2025-05-23 10:51:05 | INFO |       40.061 ¦      905           2              0.010 
2025-05-23 10:51:05 | INFO |       40.071 ¦      906           2              0.010 
2025-05-23 10:51:05 | INFO |       40.081 ¦      907           2              0.010 
2025-05-23 10:51:05 | INFO |       40.091 ¦      908           2              0.010 
2025-05-23 10:51:05 | INFO |       40.101 ¦      909           2              0.010 
2025-05-23 10:51:05 | INFO |       40.111 ¦      910           2              0.010 
2025-05-23 10:51:05 | INFO |       40.121 ¦      911           2              0.010 
2025-05-23 10:51:05 | INFO |       40.131 ¦      912           2              0.010 
2025-05-23 10:51:05 | INFO |       40.141 ¦      913           2              0.010 
2025-05-23 10:51:05 | INFO |       40.151 ¦      914           2              0.010 
2025-05-23 10:51:05 | INFO |       40.161 ¦      915           2              0.010 
2025-05-23 10:51:05 | INFO |       40.171 ¦      916           2              0.010 
2025-05-23 10:51:05 | INFO |       40.181 ¦      917           2              0.010 
2025-05-23 10:51:05 | INFO |       40.191 ¦      918           2              0.010 
2025-05-23 10:51:05 | INFO |       40.201 ¦      919           2              0.010 
2025-05-23 10:51:05 | INFO |       40.211 ¦      920           2              0.010 
2025-05-23 10:51:05 | INFO |       40.221 ¦      921           2              0.010 
2025-05-23 10:51:05 | INFO |       40.231 ¦      922           2              0.010 
2025-05-23 10:51:05 | INFO |       40.241 ¦      923           2              0.010 
2025-05-23 10:51:05 | INFO |       40.251 ¦      924           2              0.010 
2025-05-23 10:51:05 | INFO |       40.261 ¦      925           2              0.010 
2025-05-23 10:51:05 | INFO |       40.271 ¦      926           2              0.010 
2025-05-23 10:51:05 | INFO |       40.281 ¦      927           2              0.010 
2025-05-23 10:51:05 | INFO |       40.291 ¦      928           2              0.010 
2025-05-23 10:51:05 | INFO |       40.301 ¦      929           2              0.010 
2025-05-23 10:51:05 | INFO |       40.311 ¦      930           2              0.010 
2025-05-23 10:51:05 | INFO |       40.321 ¦      931           2              0.010 
2025-05-23 10:51:05 | INFO |       40.331 ¦      932           2              0.010 
2025-05-23 10:51:05 | INFO |       40.341 ¦      933           2              0.010 
2025-05-23 10:51:05 | INFO |       40.351 ¦      934           2              0.010 
2025-05-23 10:51:05 | INFO |       40.361 ¦      935           2              0.010 
2025-05-23 10:51:05 | INFO |       40.371 ¦      936           2              0.010 
2025-05-23 10:51:05 | INFO |       40.381 ¦      937           2              0.010 
2025-05-23 10:51:05 | INFO |       40.391 ¦      938           2              0.010 
2025-05-23 10:51:05 | INFO |       40.401 ¦      939           2              0.010 
2025-05-23 10:51:05 | INFO |       40.411 ¦      940           2              0.010 
2025-05-23 10:51:05 | INFO |       40.421 ¦      941           2              0.010 
2025-05-23 10:51:05 | INFO |       40.431 ¦      942           2              0.010 
2025-05-23 10:51:05 | INFO |       40.441 ¦      943           2              0.010 
2025-05-23 10:51:05 | INFO |       40.451 ¦      944           2              0.010 
2025-05-23 10:51:05 | INFO |       40.461 ¦      945           2              0.010 
2025-05-23 10:51:05 | INFO |       40.471 ¦      946           2              0.010 
2025-05-23 10:51:05 | INFO |       40.481 ¦      947           2              0.010 
2025-05-23 10:51:05 | INFO |       40.491 ¦      948           2              0.010 
2025-05-23 10:51:05 | INFO |       40.501 ¦      949           2              0.010 
2025-05-23 10:51:05 | INFO |       40.511 ¦      950           2              0.010 
2025-05-23 10:51:05 | INFO |       40.521 ¦      951           2              0.010 
2025-05-23 10:51:05 | INFO |       40.531 ¦      952           2              0.010 
2025-05-23 10:51:05 | INFO |       40.541 ¦      953           2              0.010 
2025-05-23 10:51:05 | INFO |       40.551 ¦      954           2              0.010 
2025-05-23 10:51:05 | INFO |       40.561 ¦      955           2              0.010 
2025-05-23 10:51:05 | INFO |       40.571 ¦      956           2              0.010 
2025-05-23 10:51:05 | INFO |       40.581 ¦      957           2              0.010 
2025-05-23 10:51:05 | INFO |       40.591 ¦      958           2              0.010 
2025-05-23 10:51:05 | INFO |       40.601 ¦      959           2              0.010 
2025-05-23 10:51:05 | INFO |       40.611 ¦      960           2              0.010 
2025-05-23 10:51:05 | INFO |       40.621 ¦      961           2              0.010 
2025-05-23 10:51:05 | INFO |       40.631 ¦      962           2              0.010 
2025-05-23 10:51:05 | INFO |       40.641 ¦      963           2              0.010 
2025-05-23 10:51:05 | INFO |       40.651 ¦      964           2              0.010 
2025-05-23 10:51:05 | INFO |       40.661 ¦      965           2              0.010 
2025-05-23 10:51:05 | INFO |       40.671 ¦      966           2              0.010 
2025-05-23 10:51:05 | INFO |       40.681 ¦      967           2              0.010 
2025-05-23 10:51:05 | INFO |       40.691 ¦      968           2              0.010 
2025-05-23 10:51:05 | INFO |       40.701 ¦      969           2              0.010 
2025-05-23 10:51:05 | INFO |       40.711 ¦      970           2              0.010 
2025-05-23 10:51:05 | INFO |       40.721 ¦      971           2              0.010 
2025-05-23 10:51:05 | INFO |       40.731 ¦      972           2              0.010 
2025-05-23 10:51:05 | INFO |       40.741 ¦      973           2              0.010 
2025-05-23 10:51:05 | INFO |       40.751 ¦      974           2              0.010 
2025-05-23 10:51:05 | INFO |       40.761 ¦      975           2              0.010 
2025-05-23 10:51:05 | INFO |       40.771 ¦      976           2              0.010 
2025-05-23 10:51:05 | INFO |       40.781 ¦      977           2              0.010 
2025-05-23 10:51:05 | INFO |       40.791 ¦      978           2              0.010 
2025-05-23 10:51:05 | INFO |       40.801 ¦      979           2              0.010 
2025-05-23 10:51:05 | INFO |       40.811 ¦      980           2              0.010 
2025-05-23 10:51:05 | INFO |       40.821 ¦      981           2              0.010 
2025-05-23 10:51:05 | INFO |       40.831 ¦      982           2              0.010 
2025-05-23 10:51:05 | INFO |       40.841 ¦      983           2              0.010 
2025-05-23 10:51:05 | INFO |       40.851 ¦      984           2              0.010 
2025-05-23 10:51:05 | INFO |       40.861 ¦      985           2              0.010 
2025-05-23 10:51:05 | INFO |       40.871 ¦      986           2              0.010 
2025-05-23 10:51:05 | INFO |       40.881 ¦      987           2              0.010 
2025-05-23 10:51:05 | INFO |       40.891 ¦      988           2              0.010 
2025-05-23 10:51:05 | INFO |       40.901 ¦      989           2              0.010 
2025-05-23 10:51:05 | INFO |       40.911 ¦      990           2              0.010 
2025-05-23 10:51:05 | INFO |       40.921 ¦      991           2              0.010 
2025-05-23 10:51:05 | INFO |       40.931 ¦      992           2              0.010 
2025-05-23 10:51:05 | INFO |       40.941 ¦      993           2              0.010 
2025-05-23 10:51:05 | INFO |       40.951 ¦      994           2              0.010 
2025-05-23 10:51:05 | INFO |       40.961 ¦      995           2              0.010 
2025-05-23 10:51:05 | INFO |       40.971 ¦      996           2              0.010 
2025-05-23 10:51:05 | INFO |       40.981 ¦      997           2              0.010 
2025-05-23 10:51:05 | INFO |       40.991 ¦      998           2              0.010 
2025-05-23 10:51:05 | INFO |       41.001 ¦      999           2              0.010 
2025-05-23 10:51:05 | INFO |       41.011 ¦     1000           2              0.010 
2025-05-23 10:51:05 | INFO |       41.021 ¦     1001           2              0.010 
2025-05-23 10:51:05 | INFO |       41.031 ¦     1002           2              0.010 
2025-05-23 10:51:05 | INFO |       41.041 ¦     1003           2              0.010 
2025-05-23 10:51:05 | INFO |       41.051 ¦     1004           2              0.010 
2025-05-23 10:51:05 | INFO |       41.061 ¦     1005           2              0.010 
2025-05-23 10:51:05 | INFO |       41.071 ¦     1006           2              0.010 
2025-05-23 10:51:05 | INFO |       41.081 ¦     1007           2              0.010 
2025-05-23 10:51:05 | INFO |       41.091 ¦     1008           2              0.010 
2025-05-23 10:51:05 | INFO |       41.101 ¦     1009           2              0.010 
2025-05-23 10:51:05 | INFO |       41.111 ¦     1010           2              0.010 
2025-05-23 10:51:05 | INFO |       41.121 ¦     1011           2              0.010 
2025-05-23 10:51:05 | INFO |       41.131 ¦     1012           2              0.010 
2025-05-23 10:51:05 | INFO |       41.141 ¦     1013           2              0.010 
2025-05-23 10:51:05 | INFO |       41.151 ¦     1014           2              0.010 
2025-05-23 10:51:05 | INFO |       41.161 ¦     1015           2              0.010 
2025-05-23 10:51:05 | INFO |       41.171 ¦     1016           2              0.010 
2025-05-23 10:51:05 | INFO |       41.181 ¦     1017           2              0.010 
2025-05-23 10:51:05 | INFO |       41.191 ¦     1018           2              0.010 
2025-05-23 10:51:05 | INFO |       41.201 ¦     1019           2              0.010 
2025-05-23 10:51:05 | INFO |       41.211 ¦     1020           2              0.010 
2025-05-23 10:51:05 | INFO |       41.221 ¦     1021           2              0.010 
2025-05-23 10:51:05 | INFO |       41.231 ¦     1022           2              0.010 
2025-05-23 10:51:05 | INFO |       41.241 ¦     1023           2              0.010 
2025-05-23 10:51:05 | INFO |       41.251 ¦     1024           2              0.010 
2025-05-23 10:51:05 | INFO |       41.261 ¦     1025           2              0.010 
2025-05-23 10:51:05 | INFO |       41.271 ¦     1026           2              0.010 
2025-05-23 10:51:05 | INFO |       41.281 ¦     1027           2              0.010 
2025-05-23 10:51:05 | INFO |       41.291 ¦     1028           2              0.010 
2025-05-23 10:51:05 | INFO |       41.301 ¦     1029           2              0.010 
2025-05-23 10:51:05 | INFO |       41.311 ¦     1030           2              0.010 
2025-05-23 10:51:05 | INFO |       41.321 ¦     1031           2              0.010 
2025-05-23 10:51:05 | INFO |       41.331 ¦     1032           2              0.010 
2025-05-23 10:51:05 | INFO |       41.341 ¦     1033           2              0.010 
2025-05-23 10:51:05 | INFO |       41.351 ¦     1034           2              0.010 
2025-05-23 10:51:05 | INFO |       41.361 ¦     1035           2              0.010 
2025-05-23 10:51:05 | INFO |       41.371 ¦     1036           2              0.010 
2025-05-23 10:51:05 | INFO |       41.381 ¦     1037           2              0.010 
2025-05-23 10:51:05 | INFO |       41.391 ¦     1038           2              0.010 
2025-05-23 10:51:05 | INFO |       41.401 ¦     1039           2              0.010 
2025-05-23 10:51:05 | INFO |       41.411 ¦     1040           2              0.010 
2025-05-23 10:51:05 | INFO |       41.421 ¦     1041           2              0.010 
2025-05-23 10:51:05 | INFO |       41.431 ¦     1042           2              0.010 
2025-05-23 10:51:05 | INFO |       41.441 ¦     1043           2              0.010 
2025-05-23 10:51:05 | INFO |       41.451 ¦     1044           2              0.010 
2025-05-23 10:51:05 | INFO |       41.461 ¦     1045           2              0.010 
2025-05-23 10:51:05 | INFO |       41.471 ¦     1046           2              0.010 
2025-05-23 10:51:05 | INFO |       41.481 ¦     1047           2              0.010 
2025-05-23 10:51:05 | INFO |       41.491 ¦     1048           2              0.010 
2025-05-23 10:51:05 | INFO |       41.501 ¦     1049           2              0.010 
2025-05-23 10:51:05 | INFO |       41.511 ¦     1050           2              0.010 
2025-05-23 10:51:05 | INFO |       41.521 ¦     1051           2              0.010 
2025-05-23 10:51:05 | INFO |       41.531 ¦     1052           2              0.010 
2025-05-23 10:51:05 | INFO |       41.541 ¦     1053           2              0.010 
2025-05-23 10:51:05 | INFO |       41.551 ¦     1054           2              0.010 
2025-05-23 10:51:05 | INFO |       41.561 ¦     1055           2              0.010 
2025-05-23 10:51:05 | INFO |       41.571 ¦     1056           2              0.010 
2025-05-23 10:51:05 | INFO |       41.581 ¦     1057           2              0.010 
2025-05-23 10:51:05 | INFO |       41.591 ¦     1058           2              0.010 
2025-05-23 10:51:05 | INFO |       41.601 ¦     1059           2              0.010 
2025-05-23 10:51:05 | INFO |       41.611 ¦     1060           2              0.010 
2025-05-23 10:51:05 | INFO |       41.621 ¦     1061           2              0.010 
2025-05-23 10:51:05 | INFO |       41.631 ¦     1062           2              0.010 
2025-05-23 10:51:05 | INFO |       41.641 ¦     1063           2              0.010 
2025-05-23 10:51:05 | INFO |       41.651 ¦     1064           2              0.010 
2025-05-23 10:51:05 | INFO |       41.661 ¦     1065           2              0.010 
2025-05-23 10:51:05 | INFO |       41.671 ¦     1066           2              0.010 
2025-05-23 10:51:05 | INFO |       41.681 ¦     1067           2              0.010 
2025-05-23 10:51:05 | INFO |       41.691 ¦     1068           2              0.010 
2025-05-23 10:51:05 | INFO |       41.701 ¦     1069           2              0.010 
2025-05-23 10:51:05 | INFO |       41.711 ¦     1070           2              0.010 
2025-05-23 10:51:05 | INFO |       41.721 ¦     1071           2              0.010 
2025-05-23 10:51:05 | INFO |       41.731 ¦     1072           2              0.010 
2025-05-23 10:51:05 | INFO |       41.741 ¦     1073           2              0.010 
2025-05-23 10:51:05 | INFO |       41.751 ¦     1074           2              0.010 
2025-05-23 10:51:05 | INFO |       41.761 ¦     1075           2              0.010 
2025-05-23 10:51:05 | INFO |       41.771 ¦     1076           2              0.010 
2025-05-23 10:51:05 | INFO |       41.781 ¦     1077           2              0.010 
2025-05-23 10:51:05 | INFO |       41.791 ¦     1078           2              0.010 
2025-05-23 10:51:05 | INFO |       41.801 ¦     1079           2              0.010 
2025-05-23 10:51:05 | INFO |       41.811 ¦     1080           2              0.010 
2025-05-23 10:51:05 | INFO |       41.821 ¦     1081           2              0.010 
2025-05-23 10:51:05 | INFO |       41.831 ¦     1082           2              0.010 
2025-05-23 10:51:05 | INFO |       41.841 ¦     1083           2              0.010 
2025-05-23 10:51:05 | INFO |       41.851 ¦     1084           2              0.010 
2025-05-23 10:51:05 | INFO |       41.861 ¦     1085           2              0.010 
2025-05-23 10:51:05 | INFO |       41.871 ¦     1086           2              0.010 
2025-05-23 10:51:05 | INFO |       41.881 ¦     1087           2              0.010 
2025-05-23 10:51:05 | INFO |       41.891 ¦     1088           2              0.010 
2025-05-23 10:51:05 | INFO |       41.901 ¦     1089           2              0.010 
2025-05-23 10:51:05 | INFO |       41.911 ¦     1090           2              0.010 
2025-05-23 10:51:05 | INFO |       41.921 ¦     1091           2              0.010 
2025-05-23 10:51:05 | INFO |       41.931 ¦     1092           2              0.010 
2025-05-23 10:51:05 | INFO |       41.941 ¦     1093           2              0.010 
2025-05-23 10:51:05 | INFO |       41.951 ¦     1094           2              0.010 
2025-05-23 10:51:05 | INFO |       41.961 ¦     1095           2              0.010 
2025-05-23 10:51:05 | INFO |       41.971 ¦     1096           2              0.010 
2025-05-23 10:51:05 | INFO |       41.981 ¦     1097           2              0.010 
2025-05-23 10:51:05 | INFO |       41.991 ¦     1098           2              0.010 
2025-05-23 10:51:05 | INFO |       42.001 ¦     1099           2              0.010 
2025-05-23 10:51:05 | INFO |       42.011 ¦     1100           2              0.010 
2025-05-23 10:51:05 | INFO |       42.021 ¦     1101           2              0.010 
2025-05-23 10:51:05 | INFO |       42.031 ¦     1102           2              0.010 
2025-05-23 10:51:05 | INFO |       42.041 ¦     1103           2              0.010 
2025-05-23 10:51:05 | INFO |       42.051 ¦     1104           2              0.010 
2025-05-23 10:51:05 | INFO |       42.061 ¦     1105           2              0.010 
2025-05-23 10:51:05 | INFO |       42.071 ¦     1106           2              0.010 
2025-05-23 10:51:05 | INFO |       42.081 ¦     1107           2              0.010 
2025-05-23 10:51:05 | INFO |       42.091 ¦     1108           2              0.010 
2025-05-23 10:51:05 | INFO |       42.101 ¦     1109           2              0.010 
2025-05-23 10:51:05 | INFO |       42.111 ¦     1110           2              0.010 
2025-05-23 10:51:05 | INFO |       42.121 ¦     1111           2              0.010 
2025-05-23 10:51:05 | INFO |       42.131 ¦     1112           2              0.010 
2025-05-23 10:51:05 | INFO |       42.141 ¦     1113           2              0.010 
2025-05-23 10:51:05 | INFO |       42.151 ¦     1114           2              0.010 
2025-05-23 10:51:05 | INFO |       42.161 ¦     1115           2              0.010 
2025-05-23 10:51:05 | INFO |       42.171 ¦     1116           2              0.010 
2025-05-23 10:51:05 | INFO |       42.181 ¦     1117           2              0.010 
2025-05-23 10:51:05 | INFO |       42.191 ¦     1118           2              0.010 
2025-05-23 10:51:05 | INFO |       42.201 ¦     1119           2              0.010 
2025-05-23 10:51:05 | INFO |       42.211 ¦     1120           2              0.010 
2025-05-23 10:51:05 | INFO |       42.221 ¦     1121           2              0.010 
2025-05-23 10:51:05 | INFO |       42.231 ¦     1122           2              0.010 
2025-05-23 10:51:05 | INFO |       42.241 ¦     1123           2              0.010 
2025-05-23 10:51:05 | INFO |       42.251 ¦     1124           2              0.010 
2025-05-23 10:51:05 | INFO |       42.261 ¦     1125           2              0.010 
2025-05-23 10:51:05 | INFO |       42.271 ¦     1126           2              0.010 
2025-05-23 10:51:05 | INFO |       42.281 ¦     1127           2              0.010 
2025-05-23 10:51:05 | INFO |       42.291 ¦     1128           2              0.010 
2025-05-23 10:51:05 | INFO |       42.301 ¦     1129           2              0.010 
2025-05-23 10:51:05 | INFO |       42.311 ¦     1130           2              0.010 
2025-05-23 10:51:05 | INFO |       42.321 ¦     1131           2              0.010 
2025-05-23 10:51:05 | INFO |       42.331 ¦     1132           2              0.010 
2025-05-23 10:51:05 | INFO |       42.341 ¦     1133           2              0.010 
2025-05-23 10:51:05 | INFO |       42.351 ¦     1134           2              0.010 
2025-05-23 10:51:05 | INFO |       42.361 ¦     1135           2              0.010 
2025-05-23 10:51:05 | INFO |       42.371 ¦     1136           2              0.010 
2025-05-23 10:51:05 | INFO |       42.381 ¦     1137           2              0.010 
2025-05-23 10:51:05 | INFO |       42.391 ¦     1138           2              0.010 
2025-05-23 10:51:05 | INFO |       42.401 ¦     1139           2              0.010 
2025-05-23 10:51:05 | INFO |       42.411 ¦     1140           2              0.010 
2025-05-23 10:51:05 | INFO |       42.421 ¦     1141           2              0.010 
2025-05-23 10:51:05 | INFO |       42.431 ¦     1142           2              0.010 
2025-05-23 10:51:05 | INFO |       42.441 ¦     1143           2              0.010 
2025-05-23 10:51:05 | INFO |       42.451 ¦     1144           2              0.010 
2025-05-23 10:51:05 | INFO |       42.461 ¦     1145           2              0.010 
2025-05-23 10:51:05 | INFO |       42.471 ¦     1146           2              0.010 
2025-05-23 10:51:05 | INFO |       42.481 ¦     1147           2              0.010 
2025-05-23 10:51:05 | INFO |       42.491 ¦     1148           2              0.010 
2025-05-23 10:51:05 | INFO |       42.501 ¦     1149           2              0.010 
2025-05-23 10:51:05 | INFO |       42.511 ¦     1150           2              0.010 
2025-05-23 10:51:05 | INFO |       42.521 ¦     1151           2              0.010 
2025-05-23 10:51:05 | INFO |       42.531 ¦     1152           2              0.010 
2025-05-23 10:51:05 | INFO |       42.541 ¦     1153           2              0.010 
2025-05-23 10:51:05 | INFO |       42.551 ¦     1154           2              0.010 
2025-05-23 10:51:05 | INFO |       42.561 ¦     1155           2              0.010 
2025-05-23 10:51:05 | INFO |       42.571 ¦     1156           2              0.010 
2025-05-23 10:51:05 | INFO |       42.581 ¦     1157           2              0.010 
2025-05-23 10:51:05 | INFO |       42.591 ¦     1158           2              0.010 
2025-05-23 10:51:05 | INFO |       42.601 ¦     1159           2              0.010 
2025-05-23 10:51:05 | INFO |       42.611 ¦     1160           2              0.010 
2025-05-23 10:51:05 | INFO |       42.621 ¦     1161           2              0.010 
2025-05-23 10:51:05 | INFO |       42.631 ¦     1162           2              0.010 
2025-05-23 10:51:05 | INFO |       42.641 ¦     1163           2              0.010 
2025-05-23 10:51:05 | INFO |       42.651 ¦     1164           2              0.010 
2025-05-23 10:51:05 | INFO |       42.661 ¦     1165           2              0.010 
2025-05-23 10:51:05 | INFO |       42.671 ¦     1166           2              0.010 
2025-05-23 10:51:05 | INFO |       42.681 ¦     1167           2              0.010 
2025-05-23 10:51:05 | INFO |       42.691 ¦     1168           2              0.010 
2025-05-23 10:51:05 | INFO |       42.701 ¦     1169           2              0.010 
2025-05-23 10:51:05 | INFO |       42.711 ¦     1170           2              0.010 
2025-05-23 10:51:05 | INFO |       42.721 ¦     1171           2              0.010 
2025-05-23 10:51:05 | INFO |       42.731 ¦     1172           2              0.010 
2025-05-23 10:51:05 | INFO |       42.741 ¦     1173           2              0.010 
2025-05-23 10:51:05 | INFO |       42.751 ¦     1174           2              0.010 
2025-05-23 10:51:05 | INFO |       42.761 ¦     1175           2              0.010 
2025-05-23 10:51:05 | INFO |       42.771 ¦     1176           2              0.010 
2025-05-23 10:51:05 | INFO |       42.781 ¦     1177           2              0.010 
2025-05-23 10:51:05 | INFO |       42.791 ¦     1178           2              0.010 
2025-05-23 10:51:05 | INFO |       42.801 ¦     1179           2              0.010 
2025-05-23 10:51:05 | INFO |       42.811 ¦     1180           2              0.010 
2025-05-23 10:51:05 | INFO |       42.821 ¦     1181           2              0.010 
2025-05-23 10:51:05 | INFO |       42.831 ¦     1182           2              0.010 
2025-05-23 10:51:05 | INFO |       42.841 ¦     1183           2              0.010 
2025-05-23 10:51:05 | INFO |       42.851 ¦     1184           2              0.010 
2025-05-23 10:51:05 | INFO |       42.861 ¦     1185           2              0.010 
2025-05-23 10:51:05 | INFO |       42.871 ¦     1186           2              0.010 
2025-05-23 10:51:05 | INFO |       42.881 ¦     1187           2              0.010 
2025-05-23 10:51:05 | INFO |       42.891 ¦     1188           2              0.010 
2025-05-23 10:51:05 | INFO |       42.901 ¦     1189           2              0.010 
2025-05-23 10:51:05 | INFO |       42.911 ¦     1190           2              0.010 
2025-05-23 10:51:05 | INFO |       42.921 ¦     1191           2              0.010 
2025-05-23 10:51:05 | INFO |       42.931 ¦     1192           2              0.010 
2025-05-23 10:51:05 | INFO |       42.941 ¦     1193           2              0.010 
2025-05-23 10:51:05 | INFO |       42.951 ¦     1194           2              0.010 
2025-05-23 10:51:05 | INFO |       42.961 ¦     1195           2              0.010 
2025-05-23 10:51:05 | INFO |       42.971 ¦     1196           2              0.010 
2025-05-23 10:51:05 | INFO |       42.981 ¦     1197           2              0.010 
2025-05-23 10:51:05 | INFO |       42.991 ¦     1198           2              0.010 
2025-05-23 10:51:05 | INFO |       43.001 ¦     1199           2              0.010 
2025-05-23 10:51:05 | INFO |       43.011 ¦     1200           2              0.010 
2025-05-23 10:51:05 | INFO |       43.021 ¦     1201           2              0.010 
2025-05-23 10:51:05 | INFO |       43.031 ¦     1202           2              0.010 
2025-05-23 10:51:05 | INFO |       43.041 ¦     1203           2              0.010 
2025-05-23 10:51:05 | INFO |       43.051 ¦     1204           2              0.010 
2025-05-23 10:51:05 | INFO |       43.061 ¦     1205           2              0.010 
2025-05-23 10:51:05 | INFO |       43.071 ¦     1206           2              0.010 
2025-05-23 10:51:05 | INFO |       43.081 ¦     1207           2              0.010 
2025-05-23 10:51:05 | INFO |       43.091 ¦     1208           2              0.010 
2025-05-23 10:51:05 | INFO |       43.101 ¦     1209           2              0.010 
2025-05-23 10:51:05 | INFO |       43.111 ¦     1210           2              0.010 
2025-05-23 10:51:05 | INFO |       43.121 ¦     1211           2              0.010 
2025-05-23 10:51:05 | INFO |       43.131 ¦     1212           2              0.010 
2025-05-23 10:51:05 | INFO |       43.141 ¦     1213           2              0.010 
2025-05-23 10:51:05 | INFO |       43.151 ¦     1214           2              0.010 
2025-05-23 10:51:05 | INFO |       43.161 ¦     1215           2              0.010 
2025-05-23 10:51:05 | INFO |       43.171 ¦     1216           2              0.010 
2025-05-23 10:51:05 | INFO |       43.181 ¦     1217           2              0.010 
2025-05-23 10:51:05 | INFO |       43.191 ¦     1218           2              0.010 
2025-05-23 10:51:05 | INFO |       43.201 ¦     1219           2              0.010 
2025-05-23 10:51:05 | INFO |       43.211 ¦     1220           2              0.010 
2025-05-23 10:51:05 | INFO |       43.221 ¦     1221           2              0.010 
2025-05-23 10:51:05 | INFO |       43.231 ¦     1222           2              0.010 
2025-05-23 10:51:05 | INFO |       43.241 ¦     1223           2              0.010 
2025-05-23 10:51:05 | INFO |       43.251 ¦     1224           2              0.010 
2025-05-23 10:51:05 | INFO |       43.261 ¦     1225           2              0.010 
2025-05-23 10:51:05 | INFO |       43.271 ¦     1226           2              0.010 
2025-05-23 10:51:05 | INFO |       43.281 ¦     1227           2              0.010 
2025-05-23 10:51:05 | INFO |       43.291 ¦     1228           2              0.010 
2025-05-23 10:51:05 | INFO |       43.301 ¦     1229           2              0.010 
2025-05-23 10:51:05 | INFO |       43.311 ¦     1230           2              0.010 
2025-05-23 10:51:05 | INFO |       43.321 ¦     1231           2              0.010 
2025-05-23 10:51:05 | INFO |       43.331 ¦     1232           2              0.010 
2025-05-23 10:51:05 | INFO |       43.341 ¦     1233           2              0.010 
2025-05-23 10:51:05 | INFO |       43.351 ¦     1234           2              0.010 
2025-05-23 10:51:05 | INFO |       43.361 ¦     1235           2              0.010 
2025-05-23 10:51:05 | INFO |       43.371 ¦     1236           2              0.010 
2025-05-23 10:51:05 | INFO |       43.381 ¦     1237           2              0.010 
2025-05-23 10:51:05 | INFO |       43.391 ¦     1238           2              0.010 
2025-05-23 10:51:05 | INFO |       43.401 ¦     1239           2              0.010 
2025-05-23 10:51:05 | INFO |       43.411 ¦     1240           2              0.010 
2025-05-23 10:51:05 | INFO |       43.421 ¦     1241           2              0.010 
2025-05-23 10:51:05 | INFO |       43.431 ¦     1242           2              0.010 
2025-05-23 10:51:05 | INFO |       43.441 ¦     1243           2              0.010 
2025-05-23 10:51:05 | INFO |       43.451 ¦     1244           2              0.010 
2025-05-23 10:51:05 | INFO |       43.461 ¦     1245           2              0.010 
2025-05-23 10:51:05 | INFO |       43.471 ¦     1246           2              0.010 
2025-05-23 10:51:05 | INFO |       43.481 ¦     1247           2              0.010 
2025-05-23 10:51:05 | INFO |       43.491 ¦     1248           2              0.010 
2025-05-23 10:51:05 | INFO |       43.501 ¦     1249           2              0.010 
2025-05-23 10:51:05 | INFO |       43.511 ¦     1250           2              0.010 
2025-05-23 10:51:05 | INFO |       43.521 ¦     1251           2              0.010 
2025-05-23 10:51:05 | INFO |       43.531 ¦     1252           2              0.010 
2025-05-23 10:51:05 | INFO |       43.541 ¦     1253           2              0.010 
2025-05-23 10:51:05 | INFO |       43.551 ¦     1254           2              0.010 
2025-05-23 10:51:05 | INFO |       43.561 ¦     1255           2              0.010 
2025-05-23 10:51:05 | INFO |       43.571 ¦     1256           2              0.010 
2025-05-23 10:51:05 | INFO |       43.581 ¦     1257           2              0.010 
2025-05-23 10:51:05 | INFO |       43.591 ¦     1258           2              0.010 
2025-05-23 10:51:05 | INFO |       43.601 ¦     1259           2              0.010 
2025-05-23 10:51:05 | INFO |       43.611 ¦     1260           2              0.010 
2025-05-23 10:51:05 | INFO |       43.621 ¦     1261           2              0.010 
2025-05-23 10:51:05 | INFO |       43.631 ¦     1262           2              0.010 
2025-05-23 10:51:05 | INFO |       43.641 ¦     1263           2              0.010 
2025-05-23 10:51:05 | INFO |       43.651 ¦     1264           2              0.010 
2025-05-23 10:51:05 | INFO |       43.661 ¦     1265           2              0.010 
2025-05-23 10:51:05 | INFO |       43.671 ¦     1266           2              0.010 
2025-05-23 10:51:05 | INFO |       43.681 ¦     1267           2              0.010 
2025-05-23 10:51:05 | INFO |       43.691 ¦     1268           2              0.010 
2025-05-23 10:51:05 | INFO |       43.701 ¦     1269           2              0.010 
2025-05-23 10:51:05 | INFO |       43.711 ¦     1270           2              0.010 
2025-05-23 10:51:05 | INFO |       43.721 ¦     1271           2              0.010 
2025-05-23 10:51:05 | INFO |       43.731 ¦     1272           2              0.010 
2025-05-23 10:51:05 | INFO |       43.741 ¦     1273           2              0.010 
2025-05-23 10:51:05 | INFO |       43.751 ¦     1274           2              0.010 
2025-05-23 10:51:05 | INFO |       43.761 ¦     1275           2              0.010 
2025-05-23 10:51:05 | INFO |       43.771 ¦     1276           2              0.010 
2025-05-23 10:51:05 | INFO |       43.781 ¦     1277           2              0.010 
2025-05-23 10:51:05 | INFO |       43.791 ¦     1278           2              0.010 
2025-05-23 10:51:05 | INFO |       43.801 ¦     1279           2              0.010 
2025-05-23 10:51:05 | INFO |       43.811 ¦     1280           2              0.010 
2025-05-23 10:51:05 | INFO |       43.821 ¦     1281           2              0.010 
2025-05-23 10:51:05 | INFO |       43.831 ¦     1282           2              0.010 
2025-05-23 10:51:05 | INFO |       43.841 ¦     1283           2              0.010 
2025-05-23 10:51:05 | INFO |       43.851 ¦     1284           2              0.010 
2025-05-23 10:51:05 | INFO |       43.861 ¦     1285           2              0.010 
2025-05-23 10:51:05 | INFO |       43.871 ¦     1286           2              0.010 
2025-05-23 10:51:05 | INFO |       43.881 ¦     1287           2              0.010 
2025-05-23 10:51:05 | INFO |       43.891 ¦     1288           2              0.010 
2025-05-23 10:51:05 | INFO |       43.901 ¦     1289           2              0.010 
2025-05-23 10:51:05 | INFO |       43.911 ¦     1290           2              0.010 
2025-05-23 10:51:05 | INFO |       43.921 ¦     1291           2              0.010 
2025-05-23 10:51:05 | INFO |       43.931 ¦     1292           2              0.010 
2025-05-23 10:51:05 | INFO |       43.941 ¦     1293           2              0.010 
2025-05-23 10:51:05 | INFO |       43.951 ¦     1294           2              0.010 
2025-05-23 10:51:05 | INFO |       43.961 ¦     1295           2              0.010 
2025-05-23 10:51:05 | INFO |       43.971 ¦     1296           2              0.010 
2025-05-23 10:51:05 | INFO |       43.981 ¦     1297           2              0.010 
2025-05-23 10:51:05 | INFO |       43.991 ¦     1298           2              0.010 
2025-05-23 10:51:05 | INFO |       44.001 ¦     1299           2              0.010 
2025-05-23 10:51:05 | INFO |       44.011 ¦     1300           2              0.010 
2025-05-23 10:51:05 | INFO |       44.021 ¦     1301           2              0.010 
2025-05-23 10:51:05 | INFO |       44.031 ¦     1302           2              0.010 
2025-05-23 10:51:05 | INFO |       44.041 ¦     1303           2              0.010 
2025-05-23 10:51:05 | INFO |       44.051 ¦     1304           2              0.010 
2025-05-23 10:51:05 | INFO |       44.061 ¦     1305           2              0.010 
2025-05-23 10:51:05 | INFO |       44.071 ¦     1306           2              0.010 
2025-05-23 10:51:05 | INFO |       44.081 ¦     1307           2              0.010 
2025-05-23 10:51:05 | INFO |       44.091 ¦     1308           2              0.010 
2025-05-23 10:51:05 | INFO |       44.101 ¦     1309           2              0.010 
2025-05-23 10:51:05 | INFO |       44.111 ¦     1310           2              0.010 
2025-05-23 10:51:05 | INFO |       44.121 ¦     1311           2              0.010 
2025-05-23 10:51:05 | INFO |       44.131 ¦     1312           2              0.010 
2025-05-23 10:51:05 | INFO |       44.141 ¦     1313           2              0.010 
2025-05-23 10:51:05 | INFO |       44.151 ¦     1314           2              0.010 
2025-05-23 10:51:05 | INFO |       44.161 ¦     1315           2              0.010 
2025-05-23 10:51:05 | INFO |       44.171 ¦     1316           2              0.010 
2025-05-23 10:51:05 | INFO |       44.181 ¦     1317           2              0.010 
2025-05-23 10:51:05 | INFO |       44.191 ¦     1318           2              0.010 
2025-05-23 10:51:05 | INFO |       44.201 ¦     1319           2              0.010 
2025-05-23 10:51:05 | INFO |       44.211 ¦     1320           2              0.010 
2025-05-23 10:51:05 | INFO |       44.221 ¦     1321           2              0.010 
2025-05-23 10:51:05 | INFO |       44.231 ¦     1322           2              0.010 
2025-05-23 10:51:05 | INFO |       44.241 ¦     1323           2              0.010 
2025-05-23 10:51:05 | INFO |       44.251 ¦     1324           2              0.010 
2025-05-23 10:51:05 | INFO |       44.261 ¦     1325           2              0.010 
2025-05-23 10:51:05 | INFO |       44.271 ¦     1326           2              0.010 
2025-05-23 10:51:05 | INFO |       44.281 ¦     1327           2              0.010 
2025-05-23 10:51:05 | INFO |       44.291 ¦     1328           2              0.010 
2025-05-23 10:51:05 | INFO |       44.301 ¦     1329           2              0.010 
2025-05-23 10:51:05 | INFO |       44.311 ¦     1330           2              0.010 
2025-05-23 10:51:05 | INFO |       44.321 ¦     1331           2              0.010 
2025-05-23 10:51:05 | INFO |       44.331 ¦     1332           2              0.010 
2025-05-23 10:51:05 | INFO |       44.341 ¦     1333           2              0.010 
2025-05-23 10:51:05 | INFO |       44.351 ¦     1334           2              0.010 
2025-05-23 10:51:05 | INFO |       44.361 ¦     1335           2              0.010 
2025-05-23 10:51:05 | INFO |       44.371 ¦     1336           2              0.010 
2025-05-23 10:51:05 | INFO |       44.381 ¦     1337           2              0.010 
2025-05-23 10:51:05 | INFO |       44.391 ¦     1338           2              0.010 
2025-05-23 10:51:05 | INFO |       44.401 ¦     1339           2              0.010 
2025-05-23 10:51:05 | INFO |       44.411 ¦     1340           2              0.010 
2025-05-23 10:51:05 | INFO |       44.421 ¦     1341           2              0.010 
2025-05-23 10:51:05 | INFO |       44.431 ¦     1342           2              0.010 
2025-05-23 10:51:05 | INFO |       44.441 ¦     1343           2              0.010 
2025-05-23 10:51:05 | INFO |       44.451 ¦     1344           2              0.010 
2025-05-23 10:51:05 | INFO |       44.461 ¦     1345           2              0.010 
2025-05-23 10:51:05 | INFO |       44.471 ¦     1346           2              0.010 
2025-05-23 10:51:05 | INFO |       44.481 ¦     1347           2              0.010 
2025-05-23 10:51:05 | INFO |       44.491 ¦     1348           2              0.010 
2025-05-23 10:51:05 | INFO |       44.501 ¦     1349           2              0.010 
2025-05-23 10:51:05 | INFO |       44.511 ¦     1350           2              0.010 
2025-05-23 10:51:05 | INFO |       44.521 ¦     1351           2              0.010 
2025-05-23 10:51:05 | INFO |       44.531 ¦     1352           2              0.010 
2025-05-23 10:51:05 | INFO |       44.541 ¦     1353           2              0.010 
2025-05-23 10:51:05 | INFO |       44.551 ¦     1354           2              0.010 
2025-05-23 10:51:05 | INFO |       44.561 ¦     1355           2              0.010 
2025-05-23 10:51:05 | INFO |       44.571 ¦     1356           2              0.010 
2025-05-23 10:51:05 | INFO |       44.581 ¦     1357           2              0.010 
2025-05-23 10:51:05 | INFO |       44.591 ¦     1358           2              0.010 
2025-05-23 10:51:05 | INFO |       44.601 ¦     1359           2              0.010 
2025-05-23 10:51:05 | INFO |       44.611 ¦     1360           2              0.010 
2025-05-23 10:51:05 | INFO |       44.621 ¦     1361           2              0.010 
2025-05-23 10:51:05 | INFO |       44.631 ¦     1362           2              0.010 
2025-05-23 10:51:05 | INFO |       44.641 ¦     1363           2              0.010 
2025-05-23 10:51:05 | INFO |       44.651 ¦     1364           2              0.010 
2025-05-23 10:51:05 | INFO |       44.661 ¦     1365           2              0.010 
2025-05-23 10:51:05 | INFO |       44.671 ¦     1366           2              0.010 
2025-05-23 10:51:05 | INFO |       44.681 ¦     1367           2              0.010 
2025-05-23 10:51:05 | INFO |       44.691 ¦     1368           2              0.010 
2025-05-23 10:51:05 | INFO |       44.701 ¦     1369           2              0.010 
2025-05-23 10:51:05 | INFO |       44.711 ¦     1370           2              0.010 
2025-05-23 10:51:05 | INFO |       44.721 ¦     1371           2              0.010 
2025-05-23 10:51:05 | INFO |       44.731 ¦     1372           2              0.010 
2025-05-23 10:51:05 | INFO |       44.741 ¦     1373           2              0.010 
2025-05-23 10:51:05 | INFO |       44.751 ¦     1374           2              0.010 
2025-05-23 10:51:05 | INFO |       44.761 ¦     1375           2              0.010 
2025-05-23 10:51:05 | INFO |       44.771 ¦     1376           2              0.010 
2025-05-23 10:51:05 | INFO |       44.781 ¦     1377           2              0.010 
2025-05-23 10:51:05 | INFO |       44.791 ¦     1378           2              0.010 
2025-05-23 10:51:05 | INFO |       44.801 ¦     1379           2              0.010 
2025-05-23 10:51:05 | INFO |       44.811 ¦     1380           2              0.010 
2025-05-23 10:51:05 | INFO |       44.821 ¦     1381           2              0.010 
2025-05-23 10:51:05 | INFO |       44.831 ¦     1382           2              0.010 
2025-05-23 10:51:05 | INFO |       44.841 ¦     1383           2              0.010 
2025-05-23 10:51:05 | INFO |       44.851 ¦     1384           2              0.010 
2025-05-23 10:51:05 | INFO |       44.861 ¦     1385           2              0.010 
2025-05-23 10:51:05 | INFO |       44.871 ¦     1386           2              0.010 
2025-05-23 10:51:05 | INFO |       44.881 ¦     1387           2              0.010 
2025-05-23 10:51:05 | INFO |       44.891 ¦     1388           2              0.010 
2025-05-23 10:51:05 | INFO |       44.901 ¦     1389           2              0.010 
2025-05-23 10:51:05 | INFO |       44.911 ¦     1390           2              0.010 
2025-05-23 10:51:05 | INFO |       44.921 ¦     1391           2              0.010 
2025-05-23 10:51:05 | INFO |       44.931 ¦     1392           2              0.010 
2025-05-23 10:51:05 | INFO |       44.941 ¦     1393           2              0.010 
2025-05-23 10:51:05 | INFO |       44.951 ¦     1394           2              0.010 
2025-05-23 10:51:05 | INFO |       44.961 ¦     1395           2              0.010 
2025-05-23 10:51:05 | INFO |       44.971 ¦     1396           2              0.010 
2025-05-23 10:51:05 | INFO |       44.981 ¦     1397           2              0.010 
2025-05-23 10:51:05 | INFO |       44.991 ¦     1398           2              0.010 
2025-05-23 10:51:05 | INFO |       45.001 ¦     1399           2              0.010 
2025-05-23 10:51:05 | INFO |       45.011 ¦     1400           2              0.010 
2025-05-23 10:51:05 | INFO |       45.021 ¦     1401           2              0.010 
2025-05-23 10:51:05 | INFO |       45.031 ¦     1402           2              0.010 
2025-05-23 10:51:05 | INFO |       45.041 ¦     1403           2              0.010 
2025-05-23 10:51:05 | INFO |       45.051 ¦     1404           2              0.010 
2025-05-23 10:51:05 | INFO |       45.061 ¦     1405           2              0.010 
2025-05-23 10:51:05 | INFO |       45.071 ¦     1406           2              0.010 
2025-05-23 10:51:05 | INFO |       45.081 ¦     1407           2              0.010 
2025-05-23 10:51:05 | INFO |       45.091 ¦     1408           2              0.010 
2025-05-23 10:51:05 | INFO |       45.101 ¦     1409           2              0.010 
2025-05-23 10:51:05 | INFO |       45.111 ¦     1410           2              0.010 
2025-05-23 10:51:05 | INFO |       45.121 ¦     1411           2              0.010 
2025-05-23 10:51:05 | INFO |       45.131 ¦     1412           2              0.010 
2025-05-23 10:51:05 | INFO |       45.141 ¦     1413           2              0.010 
2025-05-23 10:51:05 | INFO |       45.151 ¦     1414           2              0.010 
2025-05-23 10:51:05 | INFO |       45.161 ¦     1415           2              0.010 
2025-05-23 10:51:05 | INFO |       45.171 ¦     1416           2              0.010 
2025-05-23 10:51:05 | INFO |       45.181 ¦     1417           2              0.010 
2025-05-23 10:51:05 | INFO |       45.191 ¦     1418           2              0.010 
2025-05-23 10:51:05 | INFO |       45.201 ¦     1419           2              0.010 
2025-05-23 10:51:05 | INFO |       45.211 ¦     1420           2              0.010 
2025-05-23 10:51:05 | INFO |       45.221 ¦     1421           2              0.010 
2025-05-23 10:51:05 | INFO |       45.231 ¦     1422           2              0.010 
2025-05-23 10:51:05 | INFO |       45.241 ¦     1423           2              0.010 
2025-05-23 10:51:05 | INFO |       45.251 ¦     1424           2              0.010 
2025-05-23 10:51:05 | INFO |       45.261 ¦     1425           2              0.010 
2025-05-23 10:51:05 | INFO |       45.271 ¦     1426           2              0.010 
2025-05-23 10:51:05 | INFO |       45.281 ¦     1427           2              0.010 
2025-05-23 10:51:05 | INFO |       45.291 ¦     1428           2              0.010 
2025-05-23 10:51:05 | INFO |       45.301 ¦     1429           2              0.010 
2025-05-23 10:51:05 | INFO |       45.311 ¦     1430           2              0.010 
2025-05-23 10:51:05 | INFO |       45.321 ¦     1431           2              0.010 
2025-05-23 10:51:05 | INFO |       45.331 ¦     1432           2              0.010 
2025-05-23 10:51:05 | INFO |       45.341 ¦     1433           2              0.010 
2025-05-23 10:51:05 | INFO |       45.351 ¦     1434           2              0.010 
2025-05-23 10:51:05 | INFO |       45.361 ¦     1435           2              0.010 
2025-05-23 10:51:05 | INFO |       45.371 ¦     1436           2              0.010 
2025-05-23 10:51:05 | INFO |       45.381 ¦     1437           2              0.010 
2025-05-23 10:51:05 | INFO |       45.391 ¦     1438           2              0.010 
2025-05-23 10:51:05 | INFO |       45.401 ¦     1439           2              0.010 
2025-05-23 10:51:05 | INFO |       45.411 ¦     1440           2              0.010 
2025-05-23 10:51:05 | INFO |       45.421 ¦     1441           2              0.010 
2025-05-23 10:51:05 | INFO |       45.431 ¦     1442           2              0.010 
2025-05-23 10:51:05 | INFO |       45.441 ¦     1443           2              0.010 
2025-05-23 10:51:05 | INFO |       45.451 ¦     1444           2              0.010 
2025-05-23 10:51:05 | INFO |       45.461 ¦     1445           2              0.010 
2025-05-23 10:51:05 | INFO |       45.471 ¦     1446           2              0.010 
2025-05-23 10:51:05 | INFO |       45.481 ¦     1447           2              0.010 
2025-05-23 10:51:05 | INFO |       45.491 ¦     1448           2              0.010 
2025-05-23 10:51:05 | INFO |       45.501 ¦     1449           2              0.010 
2025-05-23 10:51:05 | INFO |       45.511 ¦     1450           2              0.010 
2025-05-23 10:51:05 | INFO |       45.521 ¦     1451           2              0.010 
2025-05-23 10:51:05 | INFO |       45.531 ¦     1452           2              0.010 
2025-05-23 10:51:05 | INFO |       45.541 ¦     1453           2              0.010 
2025-05-23 10:51:05 | INFO |       45.551 ¦     1454           2              0.010 
2025-05-23 10:51:05 | INFO |       45.561 ¦     1455           2              0.010 
2025-05-23 10:51:05 | INFO |       45.571 ¦     1456           2              0.010 
2025-05-23 10:51:05 | INFO |       45.581 ¦     1457           2              0.010 
2025-05-23 10:51:05 | INFO |       45.591 ¦     1458           2              0.010 
2025-05-23 10:51:05 | INFO |       45.601 ¦     1459           2              0.010 
2025-05-23 10:51:05 | INFO |       45.611 ¦     1460           2              0.010 
2025-05-23 10:51:05 | INFO |       45.621 ¦     1461           2              0.010 
2025-05-23 10:51:05 | INFO |       45.631 ¦     1462           2              0.010 
2025-05-23 10:51:05 | INFO |       45.641 ¦     1463           2              0.010 
2025-05-23 10:51:05 | INFO |       45.651 ¦     1464           2              0.010 
2025-05-23 10:51:05 | INFO |       45.661 ¦     1465           2              0.010 
2025-05-23 10:51:05 | INFO |       45.671 ¦     1466           2              0.010 
2025-05-23 10:51:05 | INFO |       45.681 ¦     1467           2              0.010 
2025-05-23 10:51:05 | INFO |       45.691 ¦     1468           2              0.010 
2025-05-23 10:51:05 | INFO |       45.701 ¦     1469           2              0.010 
2025-05-23 10:51:05 | INFO |       45.711 ¦     1470           2              0.010 
2025-05-23 10:51:05 | INFO |       45.721 ¦     1471           2              0.010 
2025-05-23 10:51:05 | INFO |       45.731 ¦     1472           2              0.010 
2025-05-23 10:51:05 | INFO |       45.741 ¦     1473           2              0.010 
2025-05-23 10:51:05 | INFO |       45.751 ¦     1474           2              0.010 
2025-05-23 10:51:05 | INFO |       45.761 ¦     1475           2              0.010 
2025-05-23 10:51:05 | INFO |       45.771 ¦     1476           2              0.010 
2025-05-23 10:51:05 | INFO |       45.781 ¦     1477           2              0.010 
2025-05-23 10:51:05 | INFO |       45.791 ¦     1478           2              0.010 
2025-05-23 10:51:05 | INFO |       45.801 ¦     1479           2              0.010 
2025-05-23 10:51:05 | INFO |       45.811 ¦     1480           2              0.010 
2025-05-23 10:51:05 | INFO |       45.821 ¦     1481           2              0.010 
2025-05-23 10:51:05 | INFO |       45.831 ¦     1482           2              0.010 
2025-05-23 10:51:05 | INFO |       45.841 ¦     1483           2              0.010 
2025-05-23 10:51:05 | INFO |       45.851 ¦     1484           2              0.010 
2025-05-23 10:51:05 | INFO |       45.861 ¦     1485           2              0.010 
2025-05-23 10:51:05 | INFO |       45.871 ¦     1486           2              0.010 
2025-05-23 10:51:05 | INFO |       45.881 ¦     1487           2              0.010 
2025-05-23 10:51:05 | INFO |       45.891 ¦     1488           2              0.010 
2025-05-23 10:51:05 | INFO |       45.901 ¦     1489           2              0.010 
2025-05-23 10:51:05 | INFO |       45.911 ¦     1490           2              0.010 
2025-05-23 10:51:05 | INFO |       45.921 ¦     1491           2              0.010 
2025-05-23 10:51:05 | INFO |       45.931 ¦     1492           2              0.010 
2025-05-23 10:51:05 | INFO |       45.941 ¦     1493           2              0.010 
2025-05-23 10:51:05 | INFO |       45.951 ¦     1494           2              0.010 
2025-05-23 10:51:05 | INFO |       45.961 ¦     1495           2              0.010 
2025-05-23 10:51:05 | INFO |       45.971 ¦     1496           2              0.010 
2025-05-23 10:51:05 | INFO |       45.981 ¦     1497           2              0.010 
2025-05-23 10:51:05 | INFO |       45.991 ¦     1498           2              0.010 
2025-05-23 10:51:05 | INFO |       46.001 ¦     1499           2              0.010 
2025-05-23 10:51:05 | INFO |       46.011 ¦     1500           2              0.010 
2025-05-23 10:51:05 | INFO |       46.021 ¦     1501           2              0.010 
2025-05-23 10:51:05 | INFO |       46.031 ¦     1502           2              0.010 
2025-05-23 10:51:05 | INFO |       46.041 ¦     1503           2              0.010 
2025-05-23 10:51:05 | INFO |       46.051 ¦     1504           2              0.010 
2025-05-23 10:51:05 | INFO |       46.061 ¦     1505           2              0.010 
2025-05-23 10:51:05 | INFO |       46.071 ¦     1506           2              0.010 
2025-05-23 10:51:05 | INFO |       46.081 ¦     1507           2              0.010 
2025-05-23 10:51:05 | INFO |       46.091 ¦     1508           2              0.010 
2025-05-23 10:51:05 | INFO |       46.101 ¦     1509           2              0.010 
2025-05-23 10:51:05 | INFO |       46.111 ¦     1510           2              0.010 
2025-05-23 10:51:05 | INFO |       46.121 ¦     1511           2              0.010 
2025-05-23 10:51:05 | INFO |       46.131 ¦     1512           2              0.010 
2025-05-23 10:51:05 | INFO |       46.141 ¦     1513           2              0.010 
2025-05-23 10:51:05 | INFO |       46.151 ¦     1514           2              0.010 
2025-05-23 10:51:05 | INFO |       46.161 ¦     1515           2              0.010 
2025-05-23 10:51:05 | INFO |       46.171 ¦     1516           2              0.010 
2025-05-23 10:51:05 | INFO |       46.181 ¦     1517           2              0.010 
2025-05-23 10:51:05 | INFO |       46.191 ¦     1518           2              0.010 
2025-05-23 10:51:05 | INFO |       46.201 ¦     1519           2              0.010 
2025-05-23 10:51:05 | INFO |       46.211 ¦     1520           2              0.010 
2025-05-23 10:51:05 | INFO |       46.221 ¦     1521           2              0.010 
2025-05-23 10:51:05 | INFO |       46.231 ¦     1522           2              0.010 
2025-05-23 10:51:05 | INFO |       46.241 ¦     1523           2              0.010 
2025-05-23 10:51:05 | INFO |       46.251 ¦     1524           2              0.010 
2025-05-23 10:51:05 | INFO |       46.261 ¦     1525           2              0.010 
2025-05-23 10:51:05 | INFO |       46.271 ¦     1526           2              0.010 
2025-05-23 10:51:05 | INFO |       46.281 ¦     1527           2              0.010 
2025-05-23 10:51:05 | INFO |       46.291 ¦     1528           2              0.010 
2025-05-23 10:51:05 | INFO |       46.301 ¦     1529           2              0.010 
2025-05-23 10:51:05 | INFO |       46.311 ¦     1530           2              0.010 
2025-05-23 10:51:05 | INFO |       46.321 ¦     1531           2              0.010 
2025-05-23 10:51:05 | INFO |       46.331 ¦     1532           2              0.010 
2025-05-23 10:51:05 | INFO |       46.341 ¦     1533           2              0.010 
2025-05-23 10:51:05 | INFO |       46.351 ¦     1534           2              0.010 
2025-05-23 10:51:05 | INFO |       46.361 ¦     1535           2              0.010 
2025-05-23 10:51:05 | INFO |       46.371 ¦     1536           2              0.010 
2025-05-23 10:51:05 | INFO |       46.381 ¦     1537           2              0.010 
2025-05-23 10:51:05 | INFO |       46.391 ¦     1538           2              0.010 
2025-05-23 10:51:05 | INFO |       46.401 ¦     1539           2              0.010 
2025-05-23 10:51:05 | INFO |       46.411 ¦     1540           2              0.010 
2025-05-23 10:51:05 | INFO |       46.421 ¦     1541           2              0.010 
2025-05-23 10:51:05 | INFO |       46.431 ¦     1542           2              0.010 
2025-05-23 10:51:05 | INFO |       46.441 ¦     1543           2              0.010 
2025-05-23 10:51:05 | INFO |       46.451 ¦     1544           2              0.010 
2025-05-23 10:51:05 | INFO |       46.461 ¦     1545           2              0.010 
2025-05-23 10:51:05 | INFO |       46.471 ¦     1546           2              0.010 
2025-05-23 10:51:05 | INFO |       46.481 ¦     1547           2              0.010 
2025-05-23 10:51:05 | INFO |       46.491 ¦     1548           2              0.010 
2025-05-23 10:51:05 | INFO |       46.501 ¦     1549           2              0.010 
2025-05-23 10:51:05 | INFO |       46.511 ¦     1550           2              0.010 
2025-05-23 10:51:05 | INFO |       46.521 ¦     1551           2              0.010 
2025-05-23 10:51:05 | INFO |       46.531 ¦     1552           2              0.010 
2025-05-23 10:51:05 | INFO |       46.541 ¦     1553           2              0.010 
2025-05-23 10:51:05 | INFO |       46.551 ¦     1554           2              0.010 
2025-05-23 10:51:05 | INFO |       46.561 ¦     1555           2              0.010 
2025-05-23 10:51:05 | INFO |       46.571 ¦     1556           2              0.010 
2025-05-23 10:51:05 | INFO |       46.581 ¦     1557           2              0.010 
2025-05-23 10:51:05 | INFO |       46.591 ¦     1558           2              0.010 
2025-05-23 10:51:05 | INFO |       46.601 ¦     1559           2              0.010 
2025-05-23 10:51:05 | INFO |       46.611 ¦     1560           2              0.010 
2025-05-23 10:51:05 | INFO |       46.621 ¦     1561           2              0.010 
2025-05-23 10:51:05 | INFO |       46.631 ¦     1562           2              0.010 
2025-05-23 10:51:05 | INFO |       46.641 ¦     1563           2              0.010 
2025-05-23 10:51:05 | INFO |       46.651 ¦     1564           2              0.010 
2025-05-23 10:51:05 | INFO |       46.661 ¦     1565           2              0.010 
2025-05-23 10:51:05 | INFO |       46.671 ¦     1566           2              0.010 
2025-05-23 10:51:05 | INFO |       46.681 ¦     1567           2              0.010 
2025-05-23 10:51:05 | INFO |       46.691 ¦     1568           2              0.010 
2025-05-23 10:51:05 | INFO |       46.701 ¦     1569           2              0.010 
2025-05-23 10:51:05 | INFO |       46.711 ¦     1570           2              0.010 
2025-05-23 10:51:05 | INFO |       46.721 ¦     1571           2              0.010 
2025-05-23 10:51:05 | INFO |       46.731 ¦     1572           2              0.010 
2025-05-23 10:51:05 | INFO |       46.741 ¦     1573           2              0.010 
2025-05-23 10:51:05 | INFO |       46.751 ¦     1574           2              0.010 
2025-05-23 10:51:05 | INFO |       46.761 ¦     1575           2              0.010 
2025-05-23 10:51:05 | INFO |       46.771 ¦     1576           2              0.010 
2025-05-23 10:51:05 | INFO |       46.781 ¦     1577           2              0.010 
2025-05-23 10:51:05 | INFO |       46.791 ¦     1578           2              0.010 
2025-05-23 10:51:05 | INFO |       46.801 ¦     1579           2              0.010 
2025-05-23 10:51:05 | INFO |       46.811 ¦     1580           2              0.010 
2025-05-23 10:51:05 | INFO |       46.821 ¦     1581           2              0.010 
2025-05-23 10:51:05 | INFO |       46.831 ¦     1582           2              0.010 
2025-05-23 10:51:05 | INFO |       46.841 ¦     1583           2              0.010 
2025-05-23 10:51:05 | INFO |       46.851 ¦     1584           2              0.010 
2025-05-23 10:51:05 | INFO |       46.861 ¦     1585           2              0.010 
2025-05-23 10:51:05 | INFO |       46.871 ¦     1586           2              0.010 
2025-05-23 10:51:05 | INFO |       46.881 ¦     1587           2              0.010 
2025-05-23 10:51:05 | INFO |       46.891 ¦     1588           2              0.010 
2025-05-23 10:51:05 | INFO |       46.901 ¦     1589           2              0.010 
2025-05-23 10:51:05 | INFO |       46.911 ¦     1590           2              0.010 
2025-05-23 10:51:05 | INFO |       46.921 ¦     1591           2              0.010 
2025-05-23 10:51:05 | INFO |       46.931 ¦     1592           2              0.010 
2025-05-23 10:51:05 | INFO |       46.941 ¦     1593           2              0.010 
2025-05-23 10:51:05 | INFO |       46.951 ¦     1594           2              0.010 
2025-05-23 10:51:05 | INFO |       46.961 ¦     1595           2              0.010 
2025-05-23 10:51:05 | INFO |       46.971 ¦     1596           2              0.010 
2025-05-23 10:51:05 | INFO |       46.981 ¦     1597           2              0.010 
2025-05-23 10:51:05 | INFO |       46.991 ¦     1598           2              0.010 
2025-05-23 10:51:05 | INFO |       47.001 ¦     1599           2              0.010 
2025-05-23 10:51:05 | INFO |       47.011 ¦     1600           2              0.010 
2025-05-23 10:51:05 | INFO |       47.021 ¦     1601           2              0.010 
2025-05-23 10:51:05 | INFO |       47.031 ¦     1602           2              0.010 
2025-05-23 10:51:05 | INFO |       47.041 ¦     1603           2              0.010 
2025-05-23 10:51:05 | INFO |       47.051 ¦     1604           2              0.010 
2025-05-23 10:51:05 | INFO |       47.061 ¦     1605           2              0.010 
2025-05-23 10:51:05 | INFO |       47.071 ¦     1606           2              0.010 
2025-05-23 10:51:05 | INFO |       47.081 ¦     1607           2              0.010 
2025-05-23 10:51:05 | INFO |       47.091 ¦     1608           2              0.010 
2025-05-23 10:51:05 | INFO |       47.101 ¦     1609           2              0.010 
2025-05-23 10:51:05 | INFO |       47.111 ¦     1610           2              0.010 
2025-05-23 10:51:05 | INFO |       47.121 ¦     1611           2              0.010 
2025-05-23 10:51:05 | INFO |       47.131 ¦     1612           2              0.010 
2025-05-23 10:51:05 | INFO |       47.141 ¦     1613           2              0.010 
2025-05-23 10:51:05 | INFO |       47.151 ¦     1614           2              0.010 
2025-05-23 10:51:05 | INFO |       47.161 ¦     1615           2              0.010 
2025-05-23 10:51:05 | INFO |       47.171 ¦     1616           2              0.010 
2025-05-23 10:51:05 | INFO |       47.181 ¦     1617           2              0.010 
2025-05-23 10:51:05 | INFO |       47.191 ¦     1618           2              0.010 
2025-05-23 10:51:05 | INFO |       47.201 ¦     1619           2              0.010 
2025-05-23 10:51:05 | INFO |       47.211 ¦     1620           2              0.010 
2025-05-23 10:51:05 | INFO |       47.221 ¦     1621           2              0.010 
2025-05-23 10:51:05 | INFO |       47.231 ¦     1622           2              0.010 
2025-05-23 10:51:05 | INFO |       47.241 ¦     1623           2              0.010 
2025-05-23 10:51:05 | INFO |       47.251 ¦     1624           2              0.010 
2025-05-23 10:51:05 | INFO |       47.261 ¦     1625           2              0.010 
2025-05-23 10:51:05 | INFO |       47.271 ¦     1626           2              0.010 
2025-05-23 10:51:05 | INFO |       47.281 ¦     1627           2              0.010 
2025-05-23 10:51:05 | INFO |       47.291 ¦     1628           2              0.010 
2025-05-23 10:51:05 | INFO |       47.301 ¦     1629           2              0.010 
2025-05-23 10:51:05 | INFO |       47.311 ¦     1630           2              0.010 
2025-05-23 10:51:05 | INFO |       47.321 ¦     1631           2              0.010 
2025-05-23 10:51:05 | INFO |       47.331 ¦     1632           2              0.010 
2025-05-23 10:51:05 | INFO |       47.341 ¦     1633           2              0.010 
2025-05-23 10:51:05 | INFO |       47.351 ¦     1634           2              0.010 
2025-05-23 10:51:05 | INFO |       47.361 ¦     1635           2              0.010 
2025-05-23 10:51:05 | INFO |       47.371 ¦     1636           2              0.010 
2025-05-23 10:51:05 | INFO |       47.381 ¦     1637           2              0.010 
2025-05-23 10:51:05 | INFO |       47.391 ¦     1638           2              0.010 
2025-05-23 10:51:05 | INFO |       47.401 ¦     1639           2              0.010 
2025-05-23 10:51:05 | INFO |       47.411 ¦     1640           2              0.010 
2025-05-23 10:51:05 | INFO |       47.421 ¦     1641           2              0.010 
2025-05-23 10:51:05 | INFO |       47.431 ¦     1642           2              0.010 
2025-05-23 10:51:05 | INFO |       47.441 ¦     1643           2              0.010 
2025-05-23 10:51:05 | INFO |       47.451 ¦     1644           2              0.010 
2025-05-23 10:51:05 | INFO |       47.461 ¦     1645           2              0.010 
2025-05-23 10:51:05 | INFO |       47.471 ¦     1646           2              0.010 
2025-05-23 10:51:05 | INFO |       47.481 ¦     1647           2              0.010 
2025-05-23 10:51:05 | INFO |       47.491 ¦     1648           2              0.010 
2025-05-23 10:51:05 | INFO |       47.501 ¦     1649           2              0.010 
2025-05-23 10:51:05 | INFO |       47.511 ¦     1650           2              0.010 
2025-05-23 10:51:05 | INFO |       47.521 ¦     1651           2              0.010 
2025-05-23 10:51:05 | INFO |       47.531 ¦     1652           2              0.010 
2025-05-23 10:51:05 | INFO |       47.541 ¦     1653           2              0.010 
2025-05-23 10:51:05 | INFO |       47.551 ¦     1654           2              0.010 
2025-05-23 10:51:05 | INFO |       47.561 ¦     1655           2              0.010 
2025-05-23 10:51:05 | INFO |       47.571 ¦     1656           2              0.010 
2025-05-23 10:51:05 | INFO |       47.581 ¦     1657           2              0.010 
2025-05-23 10:51:05 | INFO |       47.591 ¦     1658           2              0.010 
2025-05-23 10:51:05 | INFO |       47.601 ¦     1659           2              0.010 
2025-05-23 10:51:05 | INFO |       47.611 ¦     1660           2              0.010 
2025-05-23 10:51:05 | INFO |       47.621 ¦     1661           2              0.010 
2025-05-23 10:51:05 | INFO |       47.631 ¦     1662           2              0.010 
2025-05-23 10:51:05 | INFO |       47.641 ¦     1663           2              0.010 
2025-05-23 10:51:05 | INFO |       47.651 ¦     1664           2              0.010 
2025-05-23 10:51:05 | INFO |       47.661 ¦     1665           2              0.010 
2025-05-23 10:51:05 | INFO |       47.671 ¦     1666           2              0.010 
2025-05-23 10:51:05 | INFO |       47.681 ¦     1667           2              0.010 
2025-05-23 10:51:05 | INFO |       47.691 ¦     1668           2              0.010 
2025-05-23 10:51:05 | INFO |       47.701 ¦     1669           2              0.010 
2025-05-23 10:51:05 | INFO |       47.711 ¦     1670           2              0.010 
2025-05-23 10:51:05 | INFO |       47.721 ¦     1671           2              0.010 
2025-05-23 10:51:05 | INFO |       47.731 ¦     1672           2              0.010 
2025-05-23 10:51:05 | INFO |       47.741 ¦     1673           2              0.010 
2025-05-23 10:51:05 | INFO |       47.751 ¦     1674           2              0.010 
2025-05-23 10:51:05 | INFO |       47.761 ¦     1675           2              0.010 
2025-05-23 10:51:05 | INFO |       47.771 ¦     1676           2              0.010 
2025-05-23 10:51:05 | INFO |       47.781 ¦     1677           2              0.010 
2025-05-23 10:51:05 | INFO |       47.791 ¦     1678           2              0.010 
2025-05-23 10:51:05 | INFO |       47.801 ¦     1679           2              0.010 
2025-05-23 10:51:05 | INFO |       47.811 ¦     1680           2              0.010 
2025-05-23 10:51:05 | INFO |       47.821 ¦     1681           2              0.010 
2025-05-23 10:51:05 | INFO |       47.831 ¦     1682           2              0.010 
2025-05-23 10:51:05 | INFO |       47.841 ¦     1683           2              0.010 
2025-05-23 10:51:05 | INFO |       47.851 ¦     1684           2              0.010 
2025-05-23 10:51:05 | INFO |       47.861 ¦     1685           2              0.010 
2025-05-23 10:51:05 | INFO |       47.871 ¦     1686           2              0.010 
2025-05-23 10:51:05 | INFO |       47.881 ¦     1687           2              0.010 
2025-05-23 10:51:05 | INFO |       47.891 ¦     1688           2              0.010 
2025-05-23 10:51:05 | INFO |       47.901 ¦     1689           2              0.010 
2025-05-23 10:51:05 | INFO |       47.911 ¦     1690           2              0.010 
2025-05-23 10:51:05 | INFO |       47.921 ¦     1691           2              0.010 
2025-05-23 10:51:05 | INFO |       47.931 ¦     1692           2              0.010 
2025-05-23 10:51:05 | INFO |       47.941 ¦     1693           2              0.010 
2025-05-23 10:51:05 | INFO |       47.951 ¦     1694           2              0.010 
2025-05-23 10:51:05 | INFO |       47.961 ¦     1695           2              0.010 
2025-05-23 10:51:05 | INFO |       47.971 ¦     1696           2              0.010 
2025-05-23 10:51:05 | INFO |       47.981 ¦     1697           2              0.010 
2025-05-23 10:51:05 | INFO |       47.991 ¦     1698           2              0.010 
2025-05-23 10:51:05 | INFO |       48.001 ¦     1699           2              0.010 
2025-05-23 10:51:05 | INFO |       48.011 ¦     1700           2              0.010 
2025-05-23 10:51:05 | INFO |       48.021 ¦     1701           2              0.010 
2025-05-23 10:51:05 | INFO |       48.031 ¦     1702           2              0.010 
2025-05-23 10:51:05 | INFO |       48.041 ¦     1703           2              0.010 
2025-05-23 10:51:05 | INFO |       48.051 ¦     1704           2              0.010 
2025-05-23 10:51:05 | INFO |       48.061 ¦     1705           2              0.010 
2025-05-23 10:51:05 | INFO |       48.071 ¦     1706           2              0.010 
2025-05-23 10:51:05 | INFO |       48.081 ¦     1707           2              0.010 
2025-05-23 10:51:05 | INFO |       48.091 ¦     1708           2              0.010 
2025-05-23 10:51:05 | INFO |       48.101 ¦     1709           2              0.010 
2025-05-23 10:51:05 | INFO |       48.111 ¦     1710           2              0.010 
2025-05-23 10:51:05 | INFO |       48.121 ¦     1711           2              0.010 
2025-05-23 10:51:05 | INFO |       48.131 ¦     1712           2              0.010 
2025-05-23 10:51:05 | INFO |       48.141 ¦     1713           2              0.010 
2025-05-23 10:51:05 | INFO |       48.151 ¦     1714           2              0.010 
2025-05-23 10:51:05 | INFO |       48.161 ¦     1715           2              0.010 
2025-05-23 10:51:05 | INFO |       48.171 ¦     1716           2              0.010 
2025-05-23 10:51:05 | INFO |       48.181 ¦     1717           2              0.010 
2025-05-23 10:51:05 | INFO |       48.191 ¦     1718           2              0.010 
2025-05-23 10:51:05 | INFO |       48.201 ¦     1719           2              0.010 
2025-05-23 10:51:05 | INFO |       48.211 ¦     1720           2              0.010 
2025-05-23 10:51:05 | INFO |       48.221 ¦     1721           2              0.010 
2025-05-23 10:51:05 | INFO |       48.231 ¦     1722           2              0.010 
2025-05-23 10:51:05 | INFO |       48.241 ¦     1723           2              0.010 
2025-05-23 10:51:05 | INFO |       48.251 ¦     1724           2              0.010 
2025-05-23 10:51:05 | INFO |       48.261 ¦     1725           2              0.010 
2025-05-23 10:51:05 | INFO |       48.271 ¦     1726           2              0.010 
2025-05-23 10:51:05 | INFO |       48.281 ¦     1727           2              0.010 
2025-05-23 10:51:05 | INFO |       48.291 ¦     1728           2              0.010 
2025-05-23 10:51:05 | INFO |       48.301 ¦     1729           2              0.010 
2025-05-23 10:51:05 | INFO |       48.311 ¦     1730           2              0.010 
2025-05-23 10:51:05 | INFO |       48.321 ¦     1731           2              0.010 
2025-05-23 10:51:05 | INFO |       48.331 ¦     1732           2              0.010 
2025-05-23 10:51:05 | INFO |       48.341 ¦     1733           2              0.010 
2025-05-23 10:51:05 | INFO |       48.351 ¦     1734           2              0.010 
2025-05-23 10:51:05 | INFO |       48.361 ¦     1735           2              0.010 
2025-05-23 10:51:05 | INFO |       48.371 ¦     1736           2              0.010 
2025-05-23 10:51:05 | INFO |       48.381 ¦     1737           2              0.010 
2025-05-23 10:51:05 | INFO |       48.391 ¦     1738           2              0.010 
2025-05-23 10:51:05 | INFO |       48.401 ¦     1739           2              0.010 
2025-05-23 10:51:05 | INFO |       48.411 ¦     1740           2              0.010 
2025-05-23 10:51:05 | INFO |       48.421 ¦     1741           2              0.010 
2025-05-23 10:51:05 | INFO |       48.431 ¦     1742           2              0.010 
2025-05-23 10:51:05 | INFO |       48.441 ¦     1743           2              0.010 
2025-05-23 10:51:05 | INFO |       48.451 ¦     1744           2              0.010 
2025-05-23 10:51:05 | INFO |       48.461 ¦     1745           2              0.010 
2025-05-23 10:51:05 | INFO |       48.471 ¦     1746           2              0.010 
2025-05-23 10:51:05 | INFO |       48.481 ¦     1747           2              0.010 
2025-05-23 10:51:05 | INFO |       48.491 ¦     1748           2              0.010 
2025-05-23 10:51:05 | INFO |       48.501 ¦     1749           2              0.010 
2025-05-23 10:51:05 | INFO |       48.511 ¦     1750           2              0.010 
2025-05-23 10:51:05 | INFO |       48.521 ¦     1751           2              0.010 
2025-05-23 10:51:05 | INFO |       48.531 ¦     1752           2              0.010 
2025-05-23 10:51:05 | INFO |       48.541 ¦     1753           2              0.010 
2025-05-23 10:51:05 | INFO |       48.551 ¦     1754           2              0.010 
2025-05-23 10:51:05 | INFO |       48.561 ¦     1755           2              0.010 
2025-05-23 10:51:05 | INFO |       48.571 ¦     1756           2              0.010 
2025-05-23 10:51:05 | INFO |       48.581 ¦     1757           2              0.010 
2025-05-23 10:51:05 | INFO |       48.591 ¦     1758           2              0.010 
2025-05-23 10:51:05 | INFO |       48.601 ¦     1759           2              0.010 
2025-05-23 10:51:05 | INFO |       48.611 ¦     1760           2              0.010 
2025-05-23 10:51:05 | INFO |       48.621 ¦     1761           2              0.010 
2025-05-23 10:51:05 | INFO |       48.631 ¦     1762           2              0.010 
2025-05-23 10:51:05 | INFO |       48.641 ¦     1763           2              0.010 
2025-05-23 10:51:05 | INFO |       48.651 ¦     1764           2              0.010 
2025-05-23 10:51:05 | INFO |       48.661 ¦     1765           2              0.010 
2025-05-23 10:51:05 | INFO |       48.671 ¦     1766           2              0.010 
2025-05-23 10:51:05 | INFO |       48.681 ¦     1767           2              0.010 
2025-05-23 10:51:05 | INFO |       48.691 ¦     1768           2              0.010 
2025-05-23 10:51:05 | INFO |       48.701 ¦     1769           2              0.010 
2025-05-23 10:51:05 | INFO |       48.711 ¦     1770           2              0.010 
2025-05-23 10:51:05 | INFO |       48.721 ¦     1771           2              0.010 
2025-05-23 10:51:05 | INFO |       48.731 ¦     1772           2              0.010 
2025-05-23 10:51:05 | INFO |       48.741 ¦     1773           2              0.010 
2025-05-23 10:51:05 | INFO |       48.751 ¦     1774           2              0.010 
2025-05-23 10:51:05 | INFO |       48.761 ¦     1775           2              0.010 
2025-05-23 10:51:05 | INFO |       48.771 ¦     1776           2              0.010 
2025-05-23 10:51:05 | INFO |       48.781 ¦     1777           2              0.010 
2025-05-23 10:51:05 | INFO |       48.791 ¦     1778           2              0.010 
2025-05-23 10:51:05 | INFO |       48.801 ¦     1779           2              0.010 
2025-05-23 10:51:05 | INFO |       48.811 ¦     1780           2              0.010 
2025-05-23 10:51:05 | INFO |       48.821 ¦     1781           2              0.010 
2025-05-23 10:51:05 | INFO |       48.831 ¦     1782           2              0.010 
2025-05-23 10:51:05 | INFO |       48.841 ¦     1783           2              0.010 
2025-05-23 10:51:05 | INFO |       48.851 ¦     1784           2              0.010 
2025-05-23 10:51:05 | INFO |       48.861 ¦     1785           2              0.010 
2025-05-23 10:51:05 | INFO |       48.871 ¦     1786           2              0.010 
2025-05-23 10:51:05 | INFO |       48.881 ¦     1787           2              0.010 
2025-05-23 10:51:05 | INFO |       48.891 ¦     1788           2              0.010 
2025-05-23 10:51:05 | INFO |       48.901 ¦     1789           2              0.010 
2025-05-23 10:51:05 | INFO |       48.911 ¦     1790           2              0.010 
2025-05-23 10:51:05 | INFO |       48.921 ¦     1791           2              0.010 
2025-05-23 10:51:05 | INFO |       48.931 ¦     1792           2              0.010 
2025-05-23 10:51:05 | INFO |       48.941 ¦     1793           2              0.010 
2025-05-23 10:51:05 | INFO |       48.951 ¦     1794           2              0.010 
2025-05-23 10:51:05 | INFO |       48.961 ¦     1795           2              0.010 
2025-05-23 10:51:05 | INFO |       48.971 ¦     1796           2              0.010 
2025-05-23 10:51:05 | INFO |       48.981 ¦     1797           2              0.010 
2025-05-23 10:51:05 | INFO |       48.991 ¦     1798           2              0.010 
2025-05-23 10:51:05 | INFO |       49.001 ¦     1799           2              0.010 
2025-05-23 10:51:05 | INFO |       49.011 ¦     1800           2              0.010 
2025-05-23 10:51:05 | INFO |       49.021 ¦     1801           2              0.010 
2025-05-23 10:51:05 | INFO |       49.031 ¦     1802           2              0.010 
2025-05-23 10:51:05 | INFO |       49.041 ¦     1803           2              0.010 
2025-05-23 10:51:05 | INFO |       49.051 ¦     1804           2              0.010 
2025-05-23 10:51:05 | INFO |       49.061 ¦     1805           2              0.010 
2025-05-23 10:51:05 | INFO |       49.071 ¦     1806           2              0.010 
2025-05-23 10:51:05 | INFO |       49.081 ¦     1807           2              0.010 
2025-05-23 10:51:05 | INFO |       49.091 ¦     1808           2              0.010 
2025-05-23 10:51:05 | INFO |       49.101 ¦     1809           2              0.010 
2025-05-23 10:51:05 | INFO |       49.111 ¦     1810           2              0.010 
2025-05-23 10:51:05 | INFO |       49.121 ¦     1811           2              0.010 
2025-05-23 10:51:05 | INFO |       49.131 ¦     1812           2              0.010 
2025-05-23 10:51:05 | INFO |       49.141 ¦     1813           2              0.010 
2025-05-23 10:51:05 | INFO |       49.151 ¦     1814           2              0.010 
2025-05-23 10:51:05 | INFO |       49.161 ¦     1815           2              0.010 
2025-05-23 10:51:05 | INFO |       49.171 ¦     1816           2              0.010 
2025-05-23 10:51:05 | INFO |       49.181 ¦     1817           2              0.010 
2025-05-23 10:51:05 | INFO |       49.191 ¦     1818           2              0.010 
2025-05-23 10:51:05 | INFO |       49.201 ¦     1819           2              0.010 
2025-05-23 10:51:05 | INFO |       49.211 ¦     1820           2              0.010 
2025-05-23 10:51:05 | INFO |       49.221 ¦     1821           2              0.010 
2025-05-23 10:51:05 | INFO |       49.231 ¦     1822           2              0.010 
2025-05-23 10:51:05 | INFO |       49.241 ¦     1823           2              0.010 
2025-05-23 10:51:05 | INFO |       49.251 ¦     1824           2              0.010 
2025-05-23 10:51:05 | INFO |       49.261 ¦     1825           2              0.010 
2025-05-23 10:51:05 | INFO |       49.271 ¦     1826           2              0.010 
2025-05-23 10:51:05 | INFO |       49.281 ¦     1827           2              0.010 
2025-05-23 10:51:05 | INFO |       49.291 ¦     1828           2              0.010 
2025-05-23 10:51:05 | INFO |       49.301 ¦     1829           2              0.010 
2025-05-23 10:51:05 | INFO |       49.311 ¦     1830           2              0.010 
2025-05-23 10:51:05 | INFO |       49.321 ¦     1831           2              0.010 
2025-05-23 10:51:05 | INFO |       49.331 ¦     1832           2              0.010 
2025-05-23 10:51:05 | INFO |       49.341 ¦     1833           2              0.010 
2025-05-23 10:51:05 | INFO |       49.351 ¦     1834           2              0.010 
2025-05-23 10:51:05 | INFO |       49.361 ¦     1835           2              0.010 
2025-05-23 10:51:05 | INFO |       49.371 ¦     1836           2              0.010 
2025-05-23 10:51:05 | INFO |       49.381 ¦     1837           2              0.010 
2025-05-23 10:51:05 | INFO |       49.391 ¦     1838           2              0.010 
2025-05-23 10:51:05 | INFO |       49.401 ¦     1839           2              0.010 
2025-05-23 10:51:05 | INFO |       49.411 ¦     1840           2              0.010 
2025-05-23 10:51:05 | INFO |       49.421 ¦     1841           2              0.010 
2025-05-23 10:51:05 | INFO |       49.431 ¦     1842           2              0.010 
2025-05-23 10:51:05 | INFO |       49.441 ¦     1843           2              0.010 
2025-05-23 10:51:05 | INFO |       49.451 ¦     1844           2              0.010 
2025-05-23 10:51:05 | INFO |       49.461 ¦     1845           2              0.010 
2025-05-23 10:51:05 | INFO |       49.471 ¦     1846           2              0.010 
2025-05-23 10:51:05 | INFO |       49.481 ¦     1847           2              0.010 
2025-05-23 10:51:05 | INFO |       49.491 ¦     1848           2              0.010 
2025-05-23 10:51:05 | INFO |       49.501 ¦     1849           2              0.010 
2025-05-23 10:51:05 | INFO |       49.511 ¦     1850           2              0.010 
2025-05-23 10:51:05 | INFO |       49.521 ¦     1851           2              0.010 
2025-05-23 10:51:05 | INFO |       49.531 ¦     1852           2              0.010 
2025-05-23 10:51:05 | INFO |       49.541 ¦     1853           2              0.010 
2025-05-23 10:51:05 | INFO |       49.551 ¦     1854           2              0.010 
2025-05-23 10:51:05 | INFO |       49.561 ¦     1855           2              0.010 
2025-05-23 10:51:05 | INFO |       49.571 ¦     1856           2              0.010 
2025-05-23 10:51:05 | INFO |       49.581 ¦     1857           2              0.010 
2025-05-23 10:51:05 | INFO |       49.591 ¦     1858           2              0.010 
2025-05-23 10:51:05 | INFO |       49.601 ¦     1859           2              0.010 
2025-05-23 10:51:05 | INFO |       49.611 ¦     1860           2              0.010 
2025-05-23 10:51:05 | INFO |       49.621 ¦     1861           2              0.010 
2025-05-23 10:51:05 | INFO |       49.631 ¦     1862           2              0.010 
2025-05-23 10:51:05 | INFO |       49.641 ¦     1863           2              0.010 
2025-05-23 10:51:05 | INFO |       49.651 ¦     1864           2              0.010 
2025-05-23 10:51:05 | INFO |       49.661 ¦     1865           2              0.010 
2025-05-23 10:51:05 | INFO |       49.671 ¦     1866           2              0.010 
2025-05-23 10:51:05 | INFO |       49.681 ¦     1867           2              0.010 
2025-05-23 10:51:05 | INFO |       49.691 ¦     1868           2              0.010 
2025-05-23 10:51:05 | INFO |       49.701 ¦     1869           2              0.010 
2025-05-23 10:51:05 | INFO |       49.711 ¦     1870           2              0.010 
2025-05-23 10:51:05 | INFO |       49.721 ¦     1871           2              0.010 
2025-05-23 10:51:05 | INFO |       49.731 ¦     1872           2              0.010 
2025-05-23 10:51:05 | INFO |       49.741 ¦     1873           2              0.010 
2025-05-23 10:51:05 | INFO |       49.751 ¦     1874           2              0.010 
2025-05-23 10:51:05 | INFO |       49.761 ¦     1875           2              0.010 
2025-05-23 10:51:05 | INFO |       49.771 ¦     1876           2              0.010 
2025-05-23 10:51:05 | INFO |       49.781 ¦     1877           2              0.010 
2025-05-23 10:51:05 | INFO |       49.791 ¦     1878           2              0.010 
2025-05-23 10:51:05 | INFO |       49.801 ¦     1879           2              0.010 
2025-05-23 10:51:05 | INFO |       49.811 ¦     1880           2              0.010 
2025-05-23 10:51:05 | INFO |       49.821 ¦     1881           2              0.010 
2025-05-23 10:51:05 | INFO |       49.831 ¦     1882           2              0.010 
2025-05-23 10:51:05 | INFO |       49.841 ¦     1883           2              0.010 
2025-05-23 10:51:05 | INFO |       49.851 ¦     1884           2              0.010 
2025-05-23 10:51:05 | INFO |       49.861 ¦     1885           2              0.010 
2025-05-23 10:51:05 | INFO |       49.871 ¦     1886           2              0.010 
2025-05-23 10:51:05 | INFO |       49.881 ¦     1887           2              0.010 
2025-05-23 10:51:05 | INFO |       49.891 ¦     1888           2              0.010 
2025-05-23 10:51:05 | INFO |       49.901 ¦     1889           2              0.010 
2025-05-23 10:51:05 | INFO |       49.911 ¦     1890           2              0.010 
2025-05-23 10:51:05 | INFO |       49.921 ¦     1891           2              0.010 
2025-05-23 10:51:05 | INFO |       49.931 ¦     1892           2              0.010 
2025-05-23 10:51:05 | INFO |       49.941 ¦     1893           2              0.010 
2025-05-23 10:51:05 | INFO |       49.951 ¦     1894           2              0.010 
2025-05-23 10:51:05 | INFO |       49.961 ¦     1895           2              0.010 
2025-05-23 10:51:05 | INFO |       49.971 ¦     1896           2              0.010 
2025-05-23 10:51:05 | INFO |       49.981 ¦     1897           2              0.010 
2025-05-23 10:51:05 | INFO |       49.991 ¦     1898           2              0.010 
2025-05-23 10:51:05 | INFO |       50.001 ¦     1899           2              0.010 
2025-05-23 10:51:05 | INFO |       50.011 ¦     1900           2              0.010 
2025-05-23 10:51:05 | INFO |       50.021 ¦     1901           2              0.010 
2025-05-23 10:51:05 | INFO |       50.031 ¦     1902           2              0.010 
2025-05-23 10:51:05 | INFO |       50.041 ¦     1903           2              0.010 
2025-05-23 10:51:05 | INFO |       50.051 ¦     1904           2              0.010 
2025-05-23 10:51:05 | INFO |       50.061 ¦     1905           2              0.010 
2025-05-23 10:51:05 | INFO |       50.071 ¦     1906           2              0.010 
2025-05-23 10:51:05 | INFO |       50.081 ¦     1907           2              0.010 
2025-05-23 10:51:05 | INFO |       50.091 ¦     1908           2              0.010 
2025-05-23 10:51:05 | INFO |       50.101 ¦     1909           2              0.010 
2025-05-23 10:51:05 | INFO |       50.111 ¦     1910           2              0.010 
2025-05-23 10:51:05 | INFO |       50.121 ¦     1911           2              0.010 
2025-05-23 10:51:05 | INFO |       50.131 ¦     1912           2              0.010 
2025-05-23 10:51:05 | INFO |       50.141 ¦     1913           2              0.010 
2025-05-23 10:51:05 | INFO |       50.151 ¦     1914           2              0.010 
2025-05-23 10:51:05 | INFO |       50.161 ¦     1915           2              0.010 
2025-05-23 10:51:05 | INFO |       50.171 ¦     1916           2              0.010 
2025-05-23 10:51:05 | INFO |       50.181 ¦     1917           2              0.010 
2025-05-23 10:51:05 | INFO |       50.191 ¦     1918           2              0.010 
2025-05-23 10:51:05 | INFO |       50.201 ¦     1919           2              0.010 
2025-05-23 10:51:05 | INFO |       50.211 ¦     1920           2              0.010 
2025-05-23 10:51:05 | INFO |       50.221 ¦     1921           2              0.010 
2025-05-23 10:51:05 | INFO |       50.231 ¦     1922           2              0.010 
2025-05-23 10:51:05 | INFO |       50.241 ¦     1923           2              0.010 
2025-05-23 10:51:05 | INFO |       50.251 ¦     1924           2              0.010 
2025-05-23 10:51:05 | INFO |       50.261 ¦     1925           2              0.010 
2025-05-23 10:51:05 | INFO |       50.271 ¦     1926           2              0.010 
2025-05-23 10:51:05 | INFO |       50.281 ¦     1927           2              0.010 
2025-05-23 10:51:05 | INFO |       50.291 ¦     1928           2              0.010 
2025-05-23 10:51:05 | INFO |       50.301 ¦     1929           2              0.010 
2025-05-23 10:51:05 | INFO |       50.311 ¦     1930           2              0.010 
2025-05-23 10:51:05 | INFO |       50.321 ¦     1931           2              0.010 
2025-05-23 10:51:05 | INFO |       50.331 ¦     1932           2              0.010 
2025-05-23 10:51:05 | INFO |       50.341 ¦     1933           2              0.010 
2025-05-23 10:51:05 | INFO |       50.351 ¦     1934           2              0.010 
2025-05-23 10:51:05 | INFO |       50.361 ¦     1935           2              0.010 
2025-05-23 10:51:05 | INFO |       50.371 ¦     1936           2              0.010 
2025-05-23 10:51:05 | INFO |       50.381 ¦     1937           2              0.010 
2025-05-23 10:51:05 | INFO |       50.391 ¦     1938           2              0.010 
2025-05-23 10:51:05 | INFO |       50.401 ¦     1939           2              0.010 
2025-05-23 10:51:05 | INFO |       50.411 ¦     1940           2              0.010 
2025-05-23 10:51:05 | INFO |       50.421 ¦     1941           2              0.010 
2025-05-23 10:51:05 | INFO |       50.431 ¦     1942           2              0.010 
2025-05-23 10:51:05 | INFO |       50.441 ¦     1943           2              0.010 
2025-05-23 10:51:05 | INFO |       50.451 ¦     1944           2              0.010 
2025-05-23 10:51:05 | INFO |       50.461 ¦     1945           2              0.010 
2025-05-23 10:51:05 | INFO |       50.471 ¦     1946           2              0.010 
2025-05-23 10:51:05 | INFO |       50.481 ¦     1947           2              0.010 
2025-05-23 10:51:05 | INFO |       50.491 ¦     1948           2              0.010 
2025-05-23 10:51:05 | INFO |       50.501 ¦     1949           2              0.010 
2025-05-23 10:51:05 | INFO |       50.511 ¦     1950           2              0.010 
2025-05-23 10:51:05 | INFO |       50.521 ¦     1951           2              0.010 
2025-05-23 10:51:05 | INFO |       50.531 ¦     1952           2              0.010 
2025-05-23 10:51:05 | INFO |       50.541 ¦     1953           2              0.010 
2025-05-23 10:51:05 | INFO |       50.551 ¦     1954           2              0.010 
2025-05-23 10:51:05 | INFO |       50.561 ¦     1955           2              0.010 
2025-05-23 10:51:05 | INFO |       50.571 ¦     1956           2              0.010 
2025-05-23 10:51:05 | INFO |       50.581 ¦     1957           2              0.010 
2025-05-23 10:51:05 | INFO |       50.591 ¦     1958           2              0.010 
2025-05-23 10:51:05 | INFO |       50.601 ¦     1959           2              0.010 
2025-05-23 10:51:05 | INFO |       50.611 ¦     1960           2              0.010 
2025-05-23 10:51:05 | INFO |       50.621 ¦     1961           2              0.010 
2025-05-23 10:51:05 | INFO |       50.631 ¦     1962           2              0.010 
2025-05-23 10:51:05 | INFO |       50.641 ¦     1963           2              0.010 
2025-05-23 10:51:05 | INFO |       50.651 ¦     1964           2              0.010 
2025-05-23 10:51:05 | INFO |       50.661 ¦     1965           2              0.010 
2025-05-23 10:51:05 | INFO |       50.671 ¦     1966           2              0.010 
2025-05-23 10:51:05 | INFO |       50.681 ¦     1967           2              0.010 
2025-05-23 10:51:05 | INFO |       50.691 ¦     1968           2              0.010 
2025-05-23 10:51:05 | INFO |       50.701 ¦     1969           2              0.010 
2025-05-23 10:51:05 | INFO |       50.711 ¦     1970           2              0.010 
2025-05-23 10:51:05 | INFO |       50.721 ¦     1971           2              0.010 
2025-05-23 10:51:05 | INFO |       50.731 ¦     1972           2              0.010 
2025-05-23 10:51:05 | INFO |       50.741 ¦     1973           2              0.010 
2025-05-23 10:51:05 | INFO |       50.751 ¦     1974           2              0.010 
2025-05-23 10:51:05 | INFO |       50.761 ¦     1975           2              0.010 
2025-05-23 10:51:05 | INFO |       50.771 ¦     1976           2              0.010 
2025-05-23 10:51:05 | INFO |       50.781 ¦     1977           2              0.010 
2025-05-23 10:51:05 | INFO |       50.791 ¦     1978           2              0.010 
2025-05-23 10:51:05 | INFO |       50.801 ¦     1979           2              0.010 
2025-05-23 10:51:05 | INFO |       50.811 ¦     1980           2              0.010 
2025-05-23 10:51:05 | INFO |       50.821 ¦     1981           2              0.010 
2025-05-23 10:51:05 | INFO |       50.831 ¦     1982           2              0.010 
2025-05-23 10:51:05 | INFO |       50.841 ¦     1983           2              0.010 
2025-05-23 10:51:05 | INFO |       50.851 ¦     1984           2              0.010 
2025-05-23 10:51:05 | INFO |       50.861 ¦     1985           2              0.010 
2025-05-23 10:51:05 | INFO |       50.871 ¦     1986           2              0.010 
2025-05-23 10:51:05 | INFO |       50.881 ¦     1987           2              0.010 
2025-05-23 10:51:05 | INFO |       50.891 ¦     1988           2              0.010 
2025-05-23 10:51:05 | INFO |       50.901 ¦     1989           2              0.010 
2025-05-23 10:51:05 | INFO |       50.911 ¦     1990           2              0.010 
2025-05-23 10:51:05 | INFO |       50.921 ¦     1991           2              0.010 
2025-05-23 10:51:05 | INFO |       50.931 ¦     1992           2              0.010 
2025-05-23 10:51:05 | INFO |       50.941 ¦     1993           2              0.010 
2025-05-23 10:51:05 | INFO |       50.951 ¦     1994           2              0.010 
2025-05-23 10:51:05 | INFO |       50.961 ¦     1995           2              0.010 
2025-05-23 10:51:05 | INFO |       50.971 ¦     1996           2              0.010 
2025-05-23 10:51:05 | INFO |       50.981 ¦     1997           2              0.010 
2025-05-23 10:51:05 | INFO |       50.991 ¦     1998           2              0.010 
2025-05-23 10:51:05 | INFO |       51.001 ¦     1999           2              0.010 
2025-05-23 10:51:05 | INFO |       51.011 ¦     2000           2              0.010 
2025-05-23 10:51:05 | INFO |       51.021 ¦     2001           2              0.010 
2025-05-23 10:51:05 | INFO |       51.031 ¦     2002           2              0.010 
2025-05-23 10:51:05 | INFO |       51.041 ¦     2003           2              0.010 
2025-05-23 10:51:05 | INFO |       51.051 ¦     2004           2              0.010 
2025-05-23 10:51:05 | INFO |       51.061 ¦     2005           2              0.010 
2025-05-23 10:51:05 | INFO |       51.071 ¦     2006           2              0.010 
2025-05-23 10:51:05 | INFO |       51.081 ¦     2007           2              0.010 
2025-05-23 10:51:05 | INFO |       51.091 ¦     2008           2              0.010 
2025-05-23 10:51:05 | INFO |       51.101 ¦     2009           2              0.010 
2025-05-23 10:51:05 | INFO |       51.111 ¦     2010           2              0.010 
2025-05-23 10:51:05 | INFO |       51.121 ¦     2011           2              0.010 
2025-05-23 10:51:05 | INFO |       51.131 ¦     2012           2              0.010 
2025-05-23 10:51:05 | INFO |       51.141 ¦     2013           2              0.010 
2025-05-23 10:51:05 | INFO |       51.151 ¦     2014           2              0.010 
2025-05-23 10:51:05 | INFO |       51.161 ¦     2015           2              0.010 
2025-05-23 10:51:05 | INFO |       51.171 ¦     2016           2              0.010 
2025-05-23 10:51:05 | INFO |       51.181 ¦     2017           2              0.010 
2025-05-23 10:51:05 | INFO |       51.191 ¦     2018           2              0.010 
2025-05-23 10:51:05 | INFO |       51.201 ¦     2019           2              0.010 
2025-05-23 10:51:05 | INFO |       51.211 ¦     2020           2              0.010 
2025-05-23 10:51:05 | INFO |       51.221 ¦     2021           2              0.010 
2025-05-23 10:51:05 | INFO |       51.231 ¦     2022           2              0.010 
2025-05-23 10:51:05 | INFO |       51.241 ¦     2023           2              0.010 
2025-05-23 10:51:05 | INFO |       51.251 ¦     2024           2              0.010 
2025-05-23 10:51:05 | INFO |       51.261 ¦     2025           2              0.010 
2025-05-23 10:51:05 | INFO |       51.271 ¦     2026           2              0.010 
2025-05-23 10:51:05 | INFO |       51.281 ¦     2027           2              0.010 
2025-05-23 10:51:05 | INFO |       51.291 ¦     2028           2              0.010 
2025-05-23 10:51:05 | INFO |       51.301 ¦     2029           2              0.010 
2025-05-23 10:51:05 | INFO |       51.311 ¦     2030           2              0.010 
2025-05-23 10:51:05 | INFO |       51.321 ¦     2031           2              0.010 
2025-05-23 10:51:05 | INFO |       51.331 ¦     2032           2              0.010 
2025-05-23 10:51:05 | INFO |       51.341 ¦     2033           2              0.010 
2025-05-23 10:51:05 | INFO |       51.351 ¦     2034           2              0.010 
2025-05-23 10:51:05 | INFO |       51.361 ¦     2035           2              0.010 
2025-05-23 10:51:05 | INFO |       51.371 ¦     2036           2              0.010 
2025-05-23 10:51:05 | INFO |       51.381 ¦     2037           2              0.010 
2025-05-23 10:51:05 | INFO |       51.391 ¦     2038           2              0.010 
2025-05-23 10:51:05 | INFO |       51.401 ¦     2039           2              0.010 
2025-05-23 10:51:05 | INFO |       51.411 ¦     2040           2              0.010 
2025-05-23 10:51:05 | INFO |       51.421 ¦     2041           2              0.010 
2025-05-23 10:51:05 | INFO |       51.431 ¦     2042           2              0.010 
2025-05-23 10:51:05 | INFO |       51.441 ¦     2043           2              0.010 
2025-05-23 10:51:05 | INFO |       51.451 ¦     2044           2              0.010 
2025-05-23 10:51:05 | INFO |       51.461 ¦     2045           2              0.010 
2025-05-23 10:51:05 | INFO |       51.471 ¦     2046           2              0.010 
2025-05-23 10:51:05 | INFO |       51.481 ¦     2047           2              0.010 
2025-05-23 10:51:05 | INFO |       51.491 ¦     2048           2              0.010 
2025-05-23 10:51:05 | INFO |       51.501 ¦     2049           2              0.010 
2025-05-23 10:51:05 | INFO |       51.511 ¦     2050           2              0.010 
2025-05-23 10:51:05 | INFO |       51.521 ¦     2051           2              0.010 
2025-05-23 10:51:05 | INFO |       51.531 ¦     2052           2              0.010 
2025-05-23 10:51:05 | INFO |       51.541 ¦     2053           2              0.010 
2025-05-23 10:51:05 | INFO |       51.551 ¦     2054           2              0.010 
2025-05-23 10:51:05 | INFO |       51.561 ¦     2055           2              0.010 
2025-05-23 10:51:05 | INFO |       51.571 ¦     2056           2              0.010 
2025-05-23 10:51:05 | INFO |       51.581 ¦     2057           2              0.010 
2025-05-23 10:51:05 | INFO |       51.591 ¦     2058           2              0.010 
2025-05-23 10:51:05 | INFO |       51.601 ¦     2059           2              0.010 
2025-05-23 10:51:05 | INFO |       51.611 ¦     2060           2              0.010 
2025-05-23 10:51:05 | INFO |       51.621 ¦     2061           2              0.010 
2025-05-23 10:51:05 | INFO |       51.631 ¦     2062           2              0.010 
2025-05-23 10:51:05 | INFO |       51.641 ¦     2063           2              0.010 
2025-05-23 10:51:05 | INFO |       51.651 ¦     2064           2              0.010 
2025-05-23 10:51:05 | INFO |       51.661 ¦     2065           2              0.010 
2025-05-23 10:51:05 | INFO |       51.671 ¦     2066           2              0.010 
2025-05-23 10:51:05 | INFO |       51.681 ¦     2067           2              0.010 
2025-05-23 10:51:05 | INFO |       51.691 ¦     2068           2              0.010 
2025-05-23 10:51:05 | INFO |       51.701 ¦     2069           2              0.010 
2025-05-23 10:51:05 | INFO |       51.711 ¦     2070           2              0.010 
2025-05-23 10:51:05 | INFO |       51.721 ¦     2071           2              0.010 
2025-05-23 10:51:05 | INFO |       51.731 ¦     2072           2              0.010 
2025-05-23 10:51:05 | INFO |       51.741 ¦     2073           2              0.010 
2025-05-23 10:51:05 | INFO |       51.751 ¦     2074           2              0.010 
2025-05-23 10:51:05 | INFO |       51.761 ¦     2075           2              0.010 
2025-05-23 10:51:05 | INFO |       51.771 ¦     2076           2              0.010 
2025-05-23 10:51:05 | INFO |       51.781 ¦     2077           2              0.010 
2025-05-23 10:51:05 | INFO |       51.791 ¦     2078           2              0.010 
2025-05-23 10:51:05 | INFO |       51.801 ¦     2079           2              0.010 
2025-05-23 10:51:05 | INFO |       51.811 ¦     2080           2              0.010 
2025-05-23 10:51:05 | INFO |       51.821 ¦     2081           2              0.010 
2025-05-23 10:51:05 | INFO |       51.831 ¦     2082           2              0.010 
2025-05-23 10:51:05 | INFO |       51.841 ¦     2083           2              0.010 
2025-05-23 10:51:05 | INFO |       51.851 ¦     2084           2              0.010 
2025-05-23 10:51:05 | INFO |       51.861 ¦     2085           2              0.010 
2025-05-23 10:51:05 | INFO |       51.871 ¦     2086           2              0.010 
2025-05-23 10:51:05 | INFO |       51.881 ¦     2087           2              0.010 
2025-05-23 10:51:05 | INFO |       51.891 ¦     2088           2              0.010 
2025-05-23 10:51:05 | INFO |       51.901 ¦     2089           2              0.010 
2025-05-23 10:51:05 | INFO |       51.911 ¦     2090           2              0.010 
2025-05-23 10:51:05 | INFO |       51.921 ¦     2091           2              0.010 
2025-05-23 10:51:05 | INFO |       51.931 ¦     2092           2              0.010 
2025-05-23 10:51:05 | INFO |       51.941 ¦     2093           2              0.010 
2025-05-23 10:51:05 | INFO |       51.951 ¦     2094           2              0.010 
2025-05-23 10:51:05 | INFO |       51.961 ¦     2095           2              0.010 
2025-05-23 10:51:05 | INFO |       51.971 ¦     2096           2              0.010 
2025-05-23 10:51:05 | INFO |       51.981 ¦     2097           2              0.010 
2025-05-23 10:51:05 | INFO |       51.991 ¦     2098           2              0.010 
2025-05-23 10:51:05 | INFO |       52.001 ¦     2099           2              0.010 
2025-05-23 10:51:05 | INFO |       52.011 ¦     2100           2              0.010 
2025-05-23 10:51:05 | INFO |       52.021 ¦     2101           2              0.010 
2025-05-23 10:51:05 | INFO |       52.031 ¦     2102           2              0.010 
2025-05-23 10:51:05 | INFO |       52.041 ¦     2103           2              0.010 
2025-05-23 10:51:05 | INFO |       52.051 ¦     2104           2              0.010 
2025-05-23 10:51:05 | INFO |       52.061 ¦     2105           2              0.010 
2025-05-23 10:51:05 | INFO |       52.071 ¦     2106           2              0.010 
2025-05-23 10:51:05 | INFO |       52.081 ¦     2107           2              0.010 
2025-05-23 10:51:05 | INFO |       52.091 ¦     2108           2              0.010 
2025-05-23 10:51:05 | INFO |       52.101 ¦     2109           2              0.010 
2025-05-23 10:51:05 | INFO |       52.111 ¦     2110           2              0.010 
2025-05-23 10:51:05 | INFO |       52.121 ¦     2111           2              0.010 
2025-05-23 10:51:05 | INFO |       52.131 ¦     2112           2              0.010 
2025-05-23 10:51:05 | INFO |       52.141 ¦     2113           2              0.010 
2025-05-23 10:51:05 | INFO |       52.151 ¦     2114           2              0.010 
2025-05-23 10:51:05 | INFO |       52.161 ¦     2115           2              0.010 
2025-05-23 10:51:05 | INFO |       52.171 ¦     2116           2              0.010 
2025-05-23 10:51:05 | INFO |       52.181 ¦     2117           2              0.010 
2025-05-23 10:51:05 | INFO |       52.191 ¦     2118           2              0.010 
2025-05-23 10:51:05 | INFO |       52.201 ¦     2119           2              0.010 
2025-05-23 10:51:05 | INFO |       52.211 ¦     2120           2              0.010 
2025-05-23 10:51:05 | INFO |       52.221 ¦     2121           2              0.010 
2025-05-23 10:51:05 | INFO |       52.231 ¦     2122           2              0.010 
2025-05-23 10:51:05 | INFO |       52.241 ¦     2123           2              0.010 
2025-05-23 10:51:05 | INFO |       52.251 ¦     2124           2              0.010 
2025-05-23 10:51:05 | INFO |       52.261 ¦     2125           2              0.010 
2025-05-23 10:51:05 | INFO |       52.271 ¦     2126           2              0.010 
2025-05-23 10:51:05 | INFO |       52.281 ¦     2127           2              0.010 
2025-05-23 10:51:05 | INFO |       52.291 ¦     2128           2              0.010 
2025-05-23 10:51:05 | INFO |       52.301 ¦     2129           2              0.010 
2025-05-23 10:51:05 | INFO |       52.311 ¦     2130           2              0.010 
2025-05-23 10:51:05 | INFO |       52.321 ¦     2131           2              0.010 
2025-05-23 10:51:05 | INFO |       52.331 ¦     2132           2              0.010 
2025-05-23 10:51:05 | INFO |       52.341 ¦     2133           2              0.010 
2025-05-23 10:51:05 | INFO |       52.351 ¦     2134           2              0.010 
2025-05-23 10:51:05 | INFO |       52.361 ¦     2135           2              0.010 
2025-05-23 10:51:05 | INFO |       52.371 ¦     2136           2              0.010 
2025-05-23 10:51:05 | INFO |       52.381 ¦     2137           2              0.010 
2025-05-23 10:51:05 | INFO |       52.391 ¦     2138           2              0.010 
2025-05-23 10:51:05 | INFO |       52.401 ¦     2139           2              0.010 
2025-05-23 10:51:05 | INFO |       52.411 ¦     2140           2              0.010 
2025-05-23 10:51:05 | INFO |       52.421 ¦     2141           2              0.010 
2025-05-23 10:51:05 | INFO |       52.431 ¦     2142           2              0.010 
2025-05-23 10:51:05 | INFO |       52.441 ¦     2143           2              0.010 
2025-05-23 10:51:05 | INFO |       52.451 ¦     2144           2              0.010 
2025-05-23 10:51:05 | INFO |       52.461 ¦     2145           2              0.010 
2025-05-23 10:51:05 | INFO |       52.471 ¦     2146           2              0.010 
2025-05-23 10:51:05 | INFO |       52.481 ¦     2147           2              0.010 
2025-05-23 10:51:05 | INFO |       52.491 ¦     2148           2              0.010 
2025-05-23 10:51:05 | INFO |       52.501 ¦     2149           2              0.010 
2025-05-23 10:51:05 | INFO |       52.511 ¦     2150           2              0.010 
2025-05-23 10:51:05 | INFO |       52.521 ¦     2151           2              0.010 
2025-05-23 10:51:05 | INFO |       52.531 ¦     2152           2              0.010 
2025-05-23 10:51:05 | INFO |       52.541 ¦     2153           2              0.010 
2025-05-23 10:51:05 | INFO |       52.551 ¦     2154           2              0.010 
2025-05-23 10:51:05 | INFO |       52.561 ¦     2155           2              0.010 
2025-05-23 10:51:05 | INFO |       52.571 ¦     2156           2              0.010 
2025-05-23 10:51:05 | INFO |       52.581 ¦     2157           2              0.010 
2025-05-23 10:51:05 | INFO |       52.591 ¦     2158           2              0.010 
2025-05-23 10:51:05 | INFO |       52.601 ¦     2159           2              0.010 
2025-05-23 10:51:05 | INFO |       52.611 ¦     2160           2              0.010 
2025-05-23 10:51:05 | INFO |       52.621 ¦     2161           2              0.010 
2025-05-23 10:51:05 | INFO |       52.631 ¦     2162           2              0.010 
2025-05-23 10:51:05 | INFO |       52.641 ¦     2163           2              0.010 
2025-05-23 10:51:05 | INFO |       52.651 ¦     2164           2              0.010 
2025-05-23 10:51:05 | INFO |       52.661 ¦     2165           2              0.010 
2025-05-23 10:51:05 | INFO |       52.671 ¦     2166           2              0.010 
2025-05-23 10:51:05 | INFO |       52.681 ¦     2167           2              0.010 
2025-05-23 10:51:05 | INFO |       52.691 ¦     2168           2              0.010 
2025-05-23 10:51:05 | INFO |       52.701 ¦     2169           2              0.010 
2025-05-23 10:51:05 | INFO |       52.711 ¦     2170           2              0.010 
2025-05-23 10:51:05 | INFO |       52.721 ¦     2171           2              0.010 
2025-05-23 10:51:05 | INFO |       52.731 ¦     2172           2              0.010 
2025-05-23 10:51:05 | INFO |       52.741 ¦     2173           2              0.010 
2025-05-23 10:51:05 | INFO |       52.751 ¦     2174           2              0.010 
2025-05-23 10:51:05 | INFO |       52.761 ¦     2175           2              0.010 
2025-05-23 10:51:05 | INFO |       52.771 ¦     2176           2              0.010 
2025-05-23 10:51:05 | INFO |       52.781 ¦     2177           2              0.010 
2025-05-23 10:51:05 | INFO |       52.791 ¦     2178           2              0.010 
2025-05-23 10:51:05 | INFO |       52.801 ¦     2179           2              0.010 
2025-05-23 10:51:05 | INFO |       52.811 ¦     2180           2              0.010 
2025-05-23 10:51:05 | INFO |       52.821 ¦     2181           2              0.010 
2025-05-23 10:51:05 | INFO |       52.831 ¦     2182           2              0.010 
2025-05-23 10:51:05 | INFO |       52.841 ¦     2183           2              0.010 
2025-05-23 10:51:05 | INFO |       52.851 ¦     2184           2              0.010 
2025-05-23 10:51:05 | INFO |       52.861 ¦     2185           2              0.010 
2025-05-23 10:51:05 | INFO |       52.871 ¦     2186           2              0.010 
2025-05-23 10:51:05 | INFO |       52.881 ¦     2187           2              0.010 
2025-05-23 10:51:05 | INFO |       52.891 ¦     2188           2              0.010 
2025-05-23 10:51:05 | INFO |       52.901 ¦     2189           2              0.010 
2025-05-23 10:51:05 | INFO |       52.911 ¦     2190           2              0.010 
2025-05-23 10:51:05 | INFO |       52.921 ¦     2191           2              0.010 
2025-05-23 10:51:05 | INFO |       52.931 ¦     2192           2              0.010 
2025-05-23 10:51:05 | INFO |       52.941 ¦     2193           2              0.010 
2025-05-23 10:51:05 | INFO |       52.951 ¦     2194           2              0.010 
2025-05-23 10:51:05 | INFO |       52.961 ¦     2195           2              0.010 
2025-05-23 10:51:05 | INFO |       52.971 ¦     2196           2              0.010 
2025-05-23 10:51:05 | INFO |       52.981 ¦     2197           2              0.010 
2025-05-23 10:51:05 | INFO |       52.991 ¦     2198           2              0.010 
2025-05-23 10:51:05 | INFO |       53.001 ¦     2199           2              0.010 
2025-05-23 10:51:05 | INFO |       53.011 ¦     2200           2              0.010 
2025-05-23 10:51:05 | INFO |       53.021 ¦     2201           2              0.010 
2025-05-23 10:51:05 | INFO |       53.031 ¦     2202           2              0.010 
2025-05-23 10:51:05 | INFO |       53.041 ¦     2203           2              0.010 
2025-05-23 10:51:05 | INFO |       53.051 ¦     2204           2              0.010 
2025-05-23 10:51:05 | INFO |       53.061 ¦     2205           2              0.010 
2025-05-23 10:51:05 | INFO |       53.071 ¦     2206           2              0.010 
2025-05-23 10:51:05 | INFO |       53.081 ¦     2207           2              0.010 
2025-05-23 10:51:05 | INFO |       53.091 ¦     2208           2              0.010 
2025-05-23 10:51:05 | INFO |       53.101 ¦     2209           2              0.010 
2025-05-23 10:51:05 | INFO |       53.111 ¦     2210           2              0.010 
2025-05-23 10:51:05 | INFO |       53.121 ¦     2211           2              0.010 
2025-05-23 10:51:05 | INFO |       53.131 ¦     2212           2              0.010 
2025-05-23 10:51:05 | INFO |       53.141 ¦     2213           2              0.010 
2025-05-23 10:51:05 | INFO |       53.151 ¦     2214           2              0.010 
2025-05-23 10:51:05 | INFO |       53.161 ¦     2215           2              0.010 
2025-05-23 10:51:05 | INFO |       53.171 ¦     2216           2              0.010 
2025-05-23 10:51:05 | INFO |       53.181 ¦     2217           2              0.010 
2025-05-23 10:51:05 | INFO |       53.191 ¦     2218           2              0.010 
2025-05-23 10:51:05 | INFO |       53.201 ¦     2219           2              0.010 
2025-05-23 10:51:05 | INFO |       53.211 ¦     2220           2              0.010 
2025-05-23 10:51:05 | INFO |       53.221 ¦     2221           2              0.010 
2025-05-23 10:51:05 | INFO |       53.231 ¦     2222           2              0.010 
2025-05-23 10:51:05 | INFO |       53.241 ¦     2223           2              0.010 
2025-05-23 10:51:05 | INFO |       53.251 ¦     2224           2              0.010 
2025-05-23 10:51:05 | INFO |       53.261 ¦     2225           2              0.010 
2025-05-23 10:51:05 | INFO |       53.271 ¦     2226           2              0.010 
2025-05-23 10:51:05 | INFO |       53.281 ¦     2227           2              0.010 
2025-05-23 10:51:05 | INFO |       53.291 ¦     2228           2              0.010 
2025-05-23 10:51:05 | INFO |       53.301 ¦     2229           2              0.010 
2025-05-23 10:51:05 | INFO |       53.311 ¦     2230           2              0.010 
2025-05-23 10:51:05 | INFO |       53.321 ¦     2231           2              0.010 
2025-05-23 10:51:05 | INFO |       53.331 ¦     2232           2              0.010 
2025-05-23 10:51:05 | INFO |       53.341 ¦     2233           2              0.010 
2025-05-23 10:51:05 | INFO |       53.351 ¦     2234           2              0.010 
2025-05-23 10:51:05 | INFO |       53.361 ¦     2235           2              0.010 
2025-05-23 10:51:05 | INFO |       53.371 ¦     2236           2              0.010 
2025-05-23 10:51:05 | INFO |       53.381 ¦     2237           2              0.010 
2025-05-23 10:51:05 | INFO |       53.391 ¦     2238           2              0.010 
2025-05-23 10:51:05 | INFO |       53.401 ¦     2239           2              0.010 
2025-05-23 10:51:05 | INFO |       53.411 ¦     2240           2              0.010 
2025-05-23 10:51:05 | INFO |       53.421 ¦     2241           2              0.010 
2025-05-23 10:51:05 | INFO |       53.431 ¦     2242           2              0.010 
2025-05-23 10:51:05 | INFO |       53.441 ¦     2243           2              0.010 
2025-05-23 10:51:05 | INFO |       53.451 ¦     2244           2              0.010 
2025-05-23 10:51:05 | INFO |       53.461 ¦     2245           2              0.010 
2025-05-23 10:51:05 | INFO |       53.471 ¦     2246           2              0.010 
2025-05-23 10:51:05 | INFO |       53.481 ¦     2247           2              0.010 
2025-05-23 10:51:05 | INFO |       53.491 ¦     2248           2              0.010 
2025-05-23 10:51:05 | INFO |       53.501 ¦     2249           2              0.010 
2025-05-23 10:51:05 | INFO |       53.511 ¦     2250           2              0.010 
2025-05-23 10:51:05 | INFO |       53.521 ¦     2251           2              0.010 
2025-05-23 10:51:05 | INFO |       53.531 ¦     2252           2              0.010 
2025-05-23 10:51:05 | INFO |       53.541 ¦     2253           2              0.010 
2025-05-23 10:51:05 | INFO |       53.551 ¦     2254           2              0.010 
2025-05-23 10:51:05 | INFO |       53.561 ¦     2255           2              0.010 
2025-05-23 10:51:05 | INFO |       53.571 ¦     2256           2              0.010 
2025-05-23 10:51:05 | INFO |       53.581 ¦     2257           2              0.010 
2025-05-23 10:51:05 | INFO |       53.591 ¦     2258           2              0.010 
2025-05-23 10:51:05 | INFO |       53.601 ¦     2259           2              0.010 
2025-05-23 10:51:05 | INFO |       53.611 ¦     2260           2              0.010 
2025-05-23 10:51:05 | INFO |       53.621 ¦     2261           2              0.010 
2025-05-23 10:51:05 | INFO |       53.631 ¦     2262           2              0.010 
2025-05-23 10:51:05 | INFO |       53.641 ¦     2263           2              0.010 
2025-05-23 10:51:05 | INFO |       53.651 ¦     2264           2              0.010 
2025-05-23 10:51:05 | INFO |       53.661 ¦     2265           2              0.010 
2025-05-23 10:51:05 | INFO |       53.671 ¦     2266           2              0.010 
2025-05-23 10:51:05 | INFO |       53.681 ¦     2267           2              0.010 
2025-05-23 10:51:05 | INFO |       53.691 ¦     2268           2              0.010 
2025-05-23 10:51:05 | INFO |       53.701 ¦     2269           2              0.010 
2025-05-23 10:51:05 | INFO |       53.711 ¦     2270           2              0.010 
2025-05-23 10:51:05 | INFO |       53.721 ¦     2271           2              0.010 
2025-05-23 10:51:05 | INFO |       53.731 ¦     2272           2              0.010 
2025-05-23 10:51:05 | INFO |       53.741 ¦     2273           2              0.010 
2025-05-23 10:51:05 | INFO |       53.751 ¦     2274           2              0.010 
2025-05-23 10:51:05 | INFO |       53.761 ¦     2275           2              0.010 
2025-05-23 10:51:05 | INFO |       53.771 ¦     2276           2              0.010 
2025-05-23 10:51:05 | INFO |       53.781 ¦     2277           2              0.010 
2025-05-23 10:51:05 | INFO |       53.791 ¦     2278           2              0.010 
2025-05-23 10:51:05 | INFO |       53.801 ¦     2279           2              0.010 
2025-05-23 10:51:05 | INFO |       53.811 ¦     2280           2              0.010 
2025-05-23 10:51:05 | INFO |       53.821 ¦     2281           2              0.010 
2025-05-23 10:51:05 | INFO |       53.831 ¦     2282           2              0.010 
2025-05-23 10:51:05 | INFO |       53.841 ¦     2283           2              0.010 
2025-05-23 10:51:05 | INFO |       53.851 ¦     2284           2              0.010 
2025-05-23 10:51:05 | INFO |       53.861 ¦     2285           2              0.010 
2025-05-23 10:51:05 | INFO |       53.871 ¦     2286           2              0.010 
2025-05-23 10:51:05 | INFO |       53.881 ¦     2287           2              0.010 
2025-05-23 10:51:05 | INFO |       53.891 ¦     2288           2              0.010 
2025-05-23 10:51:05 | INFO |       53.901 ¦     2289           2              0.010 
2025-05-23 10:51:05 | INFO |       53.911 ¦     2290           2              0.010 
2025-05-23 10:51:05 | INFO |       53.921 ¦     2291           2              0.010 
2025-05-23 10:51:05 | INFO |       53.931 ¦     2292           2              0.010 
2025-05-23 10:51:05 | INFO |       53.941 ¦     2293           2              0.010 
2025-05-23 10:51:05 | INFO |       53.951 ¦     2294           2              0.010 
2025-05-23 10:51:05 | INFO |       53.961 ¦     2295           2              0.010 
2025-05-23 10:51:05 | INFO |       53.971 ¦     2296           2              0.010 
2025-05-23 10:51:05 | INFO |       53.981 ¦     2297           2              0.010 
2025-05-23 10:51:05 | INFO |       53.991 ¦     2298           2              0.010 
2025-05-23 10:51:05 | INFO |       54.001 ¦     2299           2              0.010 
2025-05-23 10:51:05 | INFO |       54.011 ¦     2300           2              0.010 
2025-05-23 10:51:05 | INFO |       54.021 ¦     2301           2              0.010 
2025-05-23 10:51:05 | INFO |       54.031 ¦     2302           2              0.010 
2025-05-23 10:51:05 | INFO |       54.041 ¦     2303           2              0.010 
2025-05-23 10:51:05 | INFO |       54.051 ¦     2304           2              0.010 
2025-05-23 10:51:05 | INFO |       54.061 ¦     2305           2              0.010 
2025-05-23 10:51:05 | INFO |       54.071 ¦     2306           2              0.010 
2025-05-23 10:51:05 | INFO |       54.081 ¦     2307           2              0.010 
2025-05-23 10:51:05 | INFO |       54.091 ¦     2308           2              0.010 
2025-05-23 10:51:05 | INFO |       54.101 ¦     2309           2              0.010 
2025-05-23 10:51:05 | INFO |       54.111 ¦     2310           2              0.010 
2025-05-23 10:51:05 | INFO |       54.121 ¦     2311           2              0.010 
2025-05-23 10:51:05 | INFO |       54.131 ¦     2312           2              0.010 
2025-05-23 10:51:05 | INFO |       54.141 ¦     2313           2              0.010 
2025-05-23 10:51:05 | INFO |       54.151 ¦     2314           2              0.010 
2025-05-23 10:51:05 | INFO |       54.161 ¦     2315           2              0.010 
2025-05-23 10:51:05 | INFO |       54.171 ¦     2316           2              0.010 
2025-05-23 10:51:05 | INFO |       54.181 ¦     2317           2              0.010 
2025-05-23 10:51:05 | INFO |       54.191 ¦     2318           2              0.010 
2025-05-23 10:51:05 | INFO |       54.201 ¦     2319           2              0.010 
2025-05-23 10:51:05 | INFO |       54.211 ¦     2320           2              0.010 
2025-05-23 10:51:05 | INFO |       54.221 ¦     2321           2              0.010 
2025-05-23 10:51:05 | INFO |       54.231 ¦     2322           2              0.010 
2025-05-23 10:51:05 | INFO |       54.241 ¦     2323           2              0.010 
2025-05-23 10:51:05 | INFO |       54.251 ¦     2324           2              0.010 
2025-05-23 10:51:05 | INFO |       54.261 ¦     2325           2              0.010 
2025-05-23 10:51:05 | INFO |       54.271 ¦     2326           2              0.010 
2025-05-23 10:51:05 | INFO |       54.281 ¦     2327           2              0.010 
2025-05-23 10:51:05 | INFO |       54.291 ¦     2328           2              0.010 
2025-05-23 10:51:05 | INFO |       54.301 ¦     2329           2              0.010 
2025-05-23 10:51:05 | INFO |       54.311 ¦     2330           2              0.010 
2025-05-23 10:51:05 | INFO |       54.321 ¦     2331           2              0.010 
2025-05-23 10:51:05 | INFO |       54.331 ¦     2332           2              0.010 
2025-05-23 10:51:05 | INFO |       54.341 ¦     2333           2              0.010 
2025-05-23 10:51:05 | INFO |       54.351 ¦     2334           2              0.010 
2025-05-23 10:51:05 | INFO |       54.361 ¦     2335           2              0.010 
2025-05-23 10:51:05 | INFO |       54.371 ¦     2336           2              0.010 
2025-05-23 10:51:05 | INFO |       54.381 ¦     2337           2              0.010 
2025-05-23 10:51:05 | INFO |       54.391 ¦     2338           2              0.010 
2025-05-23 10:51:05 | INFO |       54.401 ¦     2339           2              0.010 
2025-05-23 10:51:05 | INFO |       54.411 ¦     2340           2              0.010 
2025-05-23 10:51:05 | INFO |       54.421 ¦     2341           2              0.010 
2025-05-23 10:51:05 | INFO |       54.431 ¦     2342           2              0.010 
2025-05-23 10:51:05 | INFO |       54.441 ¦     2343           2              0.010 
2025-05-23 10:51:05 | INFO |       54.451 ¦     2344           2              0.010 
2025-05-23 10:51:05 | INFO |       54.461 ¦     2345           2              0.010 
2025-05-23 10:51:05 | INFO |       54.471 ¦     2346           2              0.010 
2025-05-23 10:51:05 | INFO |       54.481 ¦     2347           2              0.010 
2025-05-23 10:51:05 | INFO |       54.491 ¦     2348           2              0.010 
2025-05-23 10:51:05 | INFO |       54.501 ¦     2349           2              0.010 
2025-05-23 10:51:05 | INFO |       54.511 ¦     2350           2              0.010 
2025-05-23 10:51:05 | INFO |       54.521 ¦     2351           2              0.010 
2025-05-23 10:51:05 | INFO |       54.531 ¦     2352           2              0.010 
2025-05-23 10:51:05 | INFO |       54.541 ¦     2353           2              0.010 
2025-05-23 10:51:05 | INFO |       54.551 ¦     2354           2              0.010 
2025-05-23 10:51:05 | INFO |       54.561 ¦     2355           2              0.010 
2025-05-23 10:51:05 | INFO |       54.571 ¦     2356           2              0.010 
2025-05-23 10:51:05 | INFO |       54.581 ¦     2357           2              0.010 
2025-05-23 10:51:05 | INFO |       54.591 ¦     2358           2              0.010 
2025-05-23 10:51:05 | INFO |       54.601 ¦     2359           2              0.010 
2025-05-23 10:51:05 | INFO |       54.611 ¦     2360           2              0.010 
2025-05-23 10:51:05 | INFO |       54.621 ¦     2361           2              0.010 
2025-05-23 10:51:05 | INFO |       54.631 ¦     2362           2              0.010 
2025-05-23 10:51:05 | INFO |       54.641 ¦     2363           2              0.010 
2025-05-23 10:51:05 | INFO |       54.651 ¦     2364           2              0.010 
2025-05-23 10:51:05 | INFO |       54.661 ¦     2365           2              0.010 
2025-05-23 10:51:05 | INFO |       54.671 ¦     2366           2              0.010 
2025-05-23 10:51:05 | INFO |       54.681 ¦     2367           2              0.010 
2025-05-23 10:51:05 | INFO |       54.691 ¦     2368           2              0.010 
2025-05-23 10:51:05 | INFO |       54.701 ¦     2369           2              0.010 
2025-05-23 10:51:05 | INFO |       54.711 ¦     2370           2              0.010 
2025-05-23 10:51:05 | INFO |       54.721 ¦     2371           2              0.010 
2025-05-23 10:51:05 | INFO |       54.731 ¦     2372           2              0.010 
2025-05-23 10:51:05 | INFO |       54.741 ¦     2373           2              0.010 
2025-05-23 10:51:05 | INFO |       54.751 ¦     2374           2              0.010 
2025-05-23 10:51:05 | INFO |       54.761 ¦     2375           2              0.010 
2025-05-23 10:51:05 | INFO |       54.771 ¦     2376           2              0.010 
2025-05-23 10:51:05 | INFO |       54.781 ¦     2377           2              0.010 
2025-05-23 10:51:05 | INFO |       54.791 ¦     2378           2              0.010 
2025-05-23 10:51:05 | INFO |       54.801 ¦     2379           2              0.010 
2025-05-23 10:51:05 | INFO |       54.811 ¦     2380           2              0.010 
2025-05-23 10:51:05 | INFO |       54.821 ¦     2381           2              0.010 
2025-05-23 10:51:05 | INFO |       54.831 ¦     2382           2              0.010 
2025-05-23 10:51:05 | INFO |       54.841 ¦     2383           2              0.010 
2025-05-23 10:51:05 | INFO |       54.851 ¦     2384           2              0.010 
2025-05-23 10:51:05 | INFO |       54.861 ¦     2385           2              0.010 
2025-05-23 10:51:05 | INFO |       54.871 ¦     2386           2              0.010 
2025-05-23 10:51:05 | INFO |       54.881 ¦     2387           2              0.010 
2025-05-23 10:51:05 | INFO |       54.891 ¦     2388           2              0.010 
2025-05-23 10:51:05 | INFO |       54.901 ¦     2389           2              0.010 
2025-05-23 10:51:05 | INFO |       54.911 ¦     2390           2              0.010 
2025-05-23 10:51:05 | INFO |       54.921 ¦     2391           2              0.010 
2025-05-23 10:51:05 | INFO |       54.931 ¦     2392           2              0.010 
2025-05-23 10:51:05 | INFO |       54.941 ¦     2393           2              0.010 
2025-05-23 10:51:05 | INFO |       54.951 ¦     2394           2              0.010 
2025-05-23 10:51:05 | INFO |       54.961 ¦     2395           2              0.010 
2025-05-23 10:51:05 | INFO |       54.971 ¦     2396           2              0.010 
2025-05-23 10:51:05 | INFO |       54.981 ¦     2397           2              0.010 
2025-05-23 10:51:05 | INFO |       54.991 ¦     2398           2              0.010 
2025-05-23 10:51:05 | INFO |       55.001 ¦     2399           2              0.010 
2025-05-23 10:51:05 | INFO |       55.011 ¦     2400           2              0.010 
2025-05-23 10:51:05 | INFO |       55.021 ¦     2401           2              0.010 
2025-05-23 10:51:05 | INFO |       55.031 ¦     2402           2              0.010 
2025-05-23 10:51:05 | INFO |       55.041 ¦     2403           2              0.010 
2025-05-23 10:51:05 | INFO |       55.051 ¦     2404           2              0.010 
2025-05-23 10:51:05 | INFO |       55.061 ¦     2405           2              0.010 
2025-05-23 10:51:05 | INFO |       55.071 ¦     2406           2              0.010 
2025-05-23 10:51:05 | INFO |       55.081 ¦     2407           2              0.010 
2025-05-23 10:51:05 | INFO |       55.091 ¦     2408           2              0.010 
2025-05-23 10:51:05 | INFO |       55.101 ¦     2409           2              0.010 
2025-05-23 10:51:05 | INFO |       55.111 ¦     2410           2              0.010 
2025-05-23 10:51:05 | INFO |       55.121 ¦     2411           2              0.010 
2025-05-23 10:51:05 | INFO |       55.131 ¦     2412           2              0.010 
2025-05-23 10:51:05 | INFO |       55.141 ¦     2413           2              0.010 
2025-05-23 10:51:05 | INFO |       55.151 ¦     2414           2              0.010 
2025-05-23 10:51:05 | INFO |       55.161 ¦     2415           2              0.010 
2025-05-23 10:51:05 | INFO |       55.171 ¦     2416           2              0.010 
2025-05-23 10:51:05 | INFO |       55.181 ¦     2417           2              0.010 
2025-05-23 10:51:05 | INFO |       55.191 ¦     2418           2              0.010 
2025-05-23 10:51:05 | INFO |       55.201 ¦     2419           2              0.010 
2025-05-23 10:51:05 | INFO |       55.211 ¦     2420           2              0.010 
2025-05-23 10:51:05 | INFO |       55.221 ¦     2421           2              0.010 
2025-05-23 10:51:05 | INFO |       55.231 ¦     2422           2              0.010 
2025-05-23 10:51:05 | INFO |       55.241 ¦     2423           2              0.010 
2025-05-23 10:51:05 | INFO |       55.251 ¦     2424           2              0.010 
2025-05-23 10:51:05 | INFO |       55.261 ¦     2425           2              0.010 
2025-05-23 10:51:05 | INFO |       55.271 ¦     2426           2              0.010 
2025-05-23 10:51:05 | INFO |       55.281 ¦     2427           2              0.010 
2025-05-23 10:51:05 | INFO |       55.291 ¦     2428           2              0.010 
2025-05-23 10:51:05 | INFO |       55.301 ¦     2429           2              0.010 
2025-05-23 10:51:05 | INFO |       55.311 ¦     2430           2              0.010 
2025-05-23 10:51:05 | INFO |       55.321 ¦     2431           2              0.010 
2025-05-23 10:51:05 | INFO |       55.331 ¦     2432           2              0.010 
2025-05-23 10:51:05 | INFO |       55.341 ¦     2433           2              0.010 
2025-05-23 10:51:05 | INFO |       55.351 ¦     2434           2              0.010 
2025-05-23 10:51:05 | INFO |       55.361 ¦     2435           2              0.010 
2025-05-23 10:51:05 | INFO |       55.371 ¦     2436           2              0.010 
2025-05-23 10:51:05 | INFO |       55.381 ¦     2437           2              0.010 
2025-05-23 10:51:05 | INFO |       55.391 ¦     2438           2              0.010 
2025-05-23 10:51:05 | INFO |       55.401 ¦     2439           2              0.010 
2025-05-23 10:51:05 | INFO |       55.411 ¦     2440           2              0.010 
2025-05-23 10:51:05 | INFO |       55.421 ¦     2441           2              0.010 
2025-05-23 10:51:05 | INFO |       55.431 ¦     2442           2              0.010 
2025-05-23 10:51:05 | INFO |       55.441 ¦     2443           2              0.010 
2025-05-23 10:51:05 | INFO |       55.451 ¦     2444           2              0.010 
2025-05-23 10:51:05 | INFO |       55.461 ¦     2445           2              0.010 
2025-05-23 10:51:05 | INFO |       55.471 ¦     2446           2              0.010 
2025-05-23 10:51:05 | INFO |       55.481 ¦     2447           2              0.010 
2025-05-23 10:51:05 | INFO |       55.491 ¦     2448           2              0.010 
2025-05-23 10:51:05 | INFO |       55.501 ¦     2449           2              0.010 
2025-05-23 10:51:05 | INFO |       55.511 ¦     2450           2              0.010 
2025-05-23 10:51:05 | INFO |       55.521 ¦     2451           2              0.010 
2025-05-23 10:51:05 | INFO |       55.531 ¦     2452           2              0.010 
2025-05-23 10:51:05 | INFO |       55.541 ¦     2453           2              0.010 
2025-05-23 10:51:05 | INFO |       55.551 ¦     2454           2              0.010 
2025-05-23 10:51:05 | INFO |       55.561 ¦     2455           2              0.010 
2025-05-23 10:51:05 | INFO |       55.571 ¦     2456           2              0.010 
2025-05-23 10:51:05 | INFO |       55.581 ¦     2457           2              0.010 
2025-05-23 10:51:05 | INFO |       55.591 ¦     2458           2              0.010 
2025-05-23 10:51:05 | INFO |       55.601 ¦     2459           2              0.010 
2025-05-23 10:51:05 | INFO |       55.611 ¦     2460           2              0.010 
2025-05-23 10:51:05 | INFO |       55.621 ¦     2461           2              0.010 
2025-05-23 10:51:05 | INFO |       55.631 ¦     2462           2              0.010 
2025-05-23 10:51:05 | INFO |       55.641 ¦     2463           2              0.010 
2025-05-23 10:51:05 | INFO |       55.651 ¦     2464           2              0.010 
2025-05-23 10:51:05 | INFO |       55.661 ¦     2465           2              0.010 
2025-05-23 10:51:05 | INFO |       55.671 ¦     2466           2              0.010 
2025-05-23 10:51:05 | INFO |       55.681 ¦     2467           2              0.010 
2025-05-23 10:51:05 | INFO |       55.691 ¦     2468           2              0.010 
2025-05-23 10:51:05 | INFO |       55.701 ¦     2469           2              0.010 
2025-05-23 10:51:05 | INFO |       55.711 ¦     2470           2              0.010 
2025-05-23 10:51:05 | INFO |       55.721 ¦     2471           2              0.010 
2025-05-23 10:51:05 | INFO |       55.731 ¦     2472           2              0.010 
2025-05-23 10:51:05 | INFO |       55.741 ¦     2473           2              0.010 
2025-05-23 10:51:05 | INFO |       55.751 ¦     2474           2              0.010 
2025-05-23 10:51:05 | INFO |       55.761 ¦     2475           2              0.010 
2025-05-23 10:51:05 | INFO |       55.771 ¦     2476           2              0.010 
2025-05-23 10:51:05 | INFO |       55.781 ¦     2477           2              0.010 
2025-05-23 10:51:05 | INFO |       55.791 ¦     2478           2              0.010 
2025-05-23 10:51:05 | INFO |       55.801 ¦     2479           2              0.010 
2025-05-23 10:51:05 | INFO |       55.811 ¦     2480           2              0.010 
2025-05-23 10:51:05 | INFO |       55.821 ¦     2481           2              0.010 
2025-05-23 10:51:05 | INFO |       55.831 ¦     2482           2              0.010 
2025-05-23 10:51:05 | INFO |       55.841 ¦     2483           2              0.010 
2025-05-23 10:51:05 | INFO |       55.851 ¦     2484           2              0.010 
2025-05-23 10:51:05 | INFO |       55.861 ¦     2485           2              0.010 
2025-05-23 10:51:05 | INFO |       55.871 ¦     2486           2              0.010 
2025-05-23 10:51:05 | INFO |       55.881 ¦     2487           2              0.010 
2025-05-23 10:51:05 | INFO |       55.891 ¦     2488           2              0.010 
2025-05-23 10:51:05 | INFO |       55.901 ¦     2489           2              0.010 
2025-05-23 10:51:05 | INFO |       55.911 ¦     2490           2              0.010 
2025-05-23 10:51:05 | INFO |       55.921 ¦     2491           2              0.010 
2025-05-23 10:51:05 | INFO |       55.931 ¦     2492           2              0.010 
2025-05-23 10:51:05 | INFO |       55.941 ¦     2493           2              0.010 
2025-05-23 10:51:05 | INFO |       55.951 ¦     2494           2              0.010 
2025-05-23 10:51:05 | INFO |       55.961 ¦     2495           2              0.010 
2025-05-23 10:51:05 | INFO |       55.971 ¦     2496           2              0.010 
2025-05-23 10:51:05 | INFO |       55.981 ¦     2497           2              0.010 
2025-05-23 10:51:05 | INFO |       55.991 ¦     2498           2              0.010 
2025-05-23 10:51:05 | INFO |       56.001 ¦     2499           2              0.010 
2025-05-23 10:51:05 | INFO |       56.011 ¦     2500           2              0.010 
2025-05-23 10:51:05 | INFO |       56.021 ¦     2501           2              0.010 
2025-05-23 10:51:05 | INFO |       56.031 ¦     2502           2              0.010 
2025-05-23 10:51:05 | INFO |       56.041 ¦     2503           2              0.010 
2025-05-23 10:51:05 | INFO |       56.051 ¦     2504           2              0.010 
2025-05-23 10:51:05 | INFO |       56.061 ¦     2505           2              0.010 
2025-05-23 10:51:05 | INFO |       56.071 ¦     2506           2              0.010 
2025-05-23 10:51:05 | INFO |       56.081 ¦     2507           2              0.010 
2025-05-23 10:51:05 | INFO |       56.091 ¦     2508           2              0.010 
2025-05-23 10:51:05 | INFO |       56.101 ¦     2509           2              0.010 
2025-05-23 10:51:05 | INFO |       56.111 ¦     2510           2              0.010 
2025-05-23 10:51:05 | INFO |       56.121 ¦     2511           2              0.010 
2025-05-23 10:51:05 | INFO |       56.131 ¦     2512           2              0.010 
2025-05-23 10:51:05 | INFO |       56.141 ¦     2513           2              0.010 
2025-05-23 10:51:05 | INFO |       56.151 ¦     2514           2              0.010 
2025-05-23 10:51:05 | INFO |       56.161 ¦     2515           2              0.010 
2025-05-23 10:51:05 | INFO |       56.171 ¦     2516           2              0.010 
2025-05-23 10:51:05 | INFO |       56.181 ¦     2517           2              0.010 
2025-05-23 10:51:05 | INFO |       56.191 ¦     2518           2              0.010 
2025-05-23 10:51:05 | INFO |       56.201 ¦     2519           2              0.010 
2025-05-23 10:51:05 | INFO |       56.211 ¦     2520           2              0.010 
2025-05-23 10:51:05 | INFO |       56.221 ¦     2521           2              0.010 
2025-05-23 10:51:05 | INFO |       56.231 ¦     2522           2              0.010 
2025-05-23 10:51:05 | INFO |       56.241 ¦     2523           2              0.010 
2025-05-23 10:51:05 | INFO |       56.251 ¦     2524           2              0.010 
2025-05-23 10:51:05 | INFO |       56.261 ¦     2525           2              0.010 
2025-05-23 10:51:05 | INFO |       56.271 ¦     2526           2              0.010 
2025-05-23 10:51:05 | INFO |       56.281 ¦     2527           2              0.010 
2025-05-23 10:51:05 | INFO |       56.291 ¦     2528           2              0.010 
2025-05-23 10:51:05 | INFO |       56.301 ¦     2529           2              0.010 
2025-05-23 10:51:05 | INFO |       56.311 ¦     2530           2              0.010 
2025-05-23 10:51:05 | INFO |       56.321 ¦     2531           2              0.010 
2025-05-23 10:51:05 | INFO |       56.331 ¦     2532           2              0.010 
2025-05-23 10:51:05 | INFO |       56.341 ¦     2533           2              0.010 
2025-05-23 10:51:05 | INFO |       56.351 ¦     2534           2              0.010 
2025-05-23 10:51:05 | INFO |       56.361 ¦     2535           2              0.010 
2025-05-23 10:51:05 | INFO |       56.371 ¦     2536           2              0.010 
2025-05-23 10:51:05 | INFO |       56.381 ¦     2537           2              0.010 
2025-05-23 10:51:05 | INFO |       56.391 ¦     2538           2              0.010 
2025-05-23 10:51:05 | INFO |       56.401 ¦     2539           2              0.010 
2025-05-23 10:51:05 | INFO |       56.411 ¦     2540           2              0.010 
2025-05-23 10:51:05 | INFO |       56.421 ¦     2541           2              0.010 
2025-05-23 10:51:05 | INFO |       56.431 ¦     2542           2              0.010 
2025-05-23 10:51:05 | INFO |       56.441 ¦     2543           2              0.010 
2025-05-23 10:51:05 | INFO |       56.451 ¦     2544           2              0.010 
2025-05-23 10:51:05 | INFO |       56.461 ¦     2545           2              0.010 
2025-05-23 10:51:05 | INFO |       56.471 ¦     2546           2              0.010 
2025-05-23 10:51:05 | INFO |       56.481 ¦     2547           2              0.010 
2025-05-23 10:51:05 | INFO |       56.491 ¦     2548           2              0.010 
2025-05-23 10:51:05 | INFO |       56.501 ¦     2549           2              0.010 
2025-05-23 10:51:05 | INFO |       56.511 ¦     2550           2              0.010 
2025-05-23 10:51:05 | INFO |       56.521 ¦     2551           2              0.010 
2025-05-23 10:51:05 | INFO |       56.531 ¦     2552           2              0.010 
2025-05-23 10:51:05 | INFO |       56.541 ¦     2553           2              0.010 
2025-05-23 10:51:05 | INFO |       56.551 ¦     2554           2              0.010 
2025-05-23 10:51:05 | INFO |       56.561 ¦     2555           2              0.010 
2025-05-23 10:51:05 | INFO |       56.571 ¦     2556           2              0.010 
2025-05-23 10:51:05 | INFO |       56.581 ¦     2557           2              0.010 
2025-05-23 10:51:05 | INFO |       56.591 ¦     2558           2              0.010 
2025-05-23 10:51:05 | INFO |       56.601 ¦     2559           2              0.010 
2025-05-23 10:51:05 | INFO |       56.611 ¦     2560           2              0.010 
2025-05-23 10:51:05 | INFO |       56.621 ¦     2561           2              0.010 
2025-05-23 10:51:05 | INFO |       56.631 ¦     2562           2              0.010 
2025-05-23 10:51:05 | INFO |       56.641 ¦     2563           2              0.010 
2025-05-23 10:51:05 | INFO |       56.651 ¦     2564           2              0.010 
2025-05-23 10:51:05 | INFO |       56.661 ¦     2565           2              0.010 
2025-05-23 10:51:05 | INFO |       56.671 ¦     2566           2              0.010 
2025-05-23 10:51:05 | INFO |       56.681 ¦     2567           2              0.010 
2025-05-23 10:51:05 | INFO |       56.691 ¦     2568           2              0.010 
2025-05-23 10:51:05 | INFO |       56.701 ¦     2569           2              0.010 
2025-05-23 10:51:05 | INFO |       56.711 ¦     2570           2              0.010 
2025-05-23 10:51:05 | INFO |       56.721 ¦     2571           2              0.010 
2025-05-23 10:51:05 | INFO |       56.731 ¦     2572           2              0.010 
2025-05-23 10:51:05 | INFO |       56.741 ¦     2573           2              0.010 
2025-05-23 10:51:05 | INFO |       56.751 ¦     2574           2              0.010 
2025-05-23 10:51:05 | INFO |       56.761 ¦     2575           2              0.010 
2025-05-23 10:51:05 | INFO |       56.771 ¦     2576           2              0.010 
2025-05-23 10:51:05 | INFO |       56.781 ¦     2577           2              0.010 
2025-05-23 10:51:05 | INFO |       56.791 ¦     2578           2              0.010 
2025-05-23 10:51:05 | INFO |       56.801 ¦     2579           2              0.010 
2025-05-23 10:51:05 | INFO |       56.811 ¦     2580           2              0.010 
2025-05-23 10:51:05 | INFO |       56.821 ¦     2581           2              0.010 
2025-05-23 10:51:05 | INFO |       56.831 ¦     2582           2              0.010 
2025-05-23 10:51:05 | INFO |       56.841 ¦     2583           2              0.010 
2025-05-23 10:51:05 | INFO |       56.851 ¦     2584           2              0.010 
2025-05-23 10:51:05 | INFO |       56.861 ¦     2585           2              0.010 
2025-05-23 10:51:05 | INFO |       56.871 ¦     2586           2              0.010 
2025-05-23 10:51:05 | INFO |       56.881 ¦     2587           2              0.010 
2025-05-23 10:51:05 | INFO |       56.891 ¦     2588           2              0.010 
2025-05-23 10:51:05 | INFO |       56.901 ¦     2589           2              0.010 
2025-05-23 10:51:05 | INFO |       56.911 ¦     2590           2              0.010 
2025-05-23 10:51:05 | INFO |       56.921 ¦     2591           2              0.010 
2025-05-23 10:51:05 | INFO |       56.931 ¦     2592           2              0.010 
2025-05-23 10:51:05 | INFO |       56.941 ¦     2593           2              0.010 
2025-05-23 10:51:05 | INFO |       56.951 ¦     2594           2              0.010 
2025-05-23 10:51:05 | INFO |       56.961 ¦     2595           2              0.010 
2025-05-23 10:51:05 | INFO |       56.971 ¦     2596           2              0.010 
2025-05-23 10:51:05 | INFO |       56.981 ¦     2597           2              0.010 
2025-05-23 10:51:05 | INFO |       56.991 ¦     2598           2              0.010 
2025-05-23 10:51:05 | INFO |       57.001 ¦     2599           2              0.010 
2025-05-23 10:51:05 | INFO |       57.011 ¦     2600           2              0.010 
2025-05-23 10:51:05 | INFO |       57.021 ¦     2601           2              0.010 
2025-05-23 10:51:05 | INFO |       57.031 ¦     2602           2              0.010 
2025-05-23 10:51:05 | INFO |       57.041 ¦     2603           2              0.010 
2025-05-23 10:51:05 | INFO |       57.051 ¦     2604           2              0.010 
2025-05-23 10:51:05 | INFO |       57.061 ¦     2605           2              0.010 
2025-05-23 10:51:05 | INFO |       57.071 ¦     2606           2              0.010 
2025-05-23 10:51:05 | INFO |       57.081 ¦     2607           2              0.010 
2025-05-23 10:51:05 | INFO |       57.091 ¦     2608           2              0.010 
2025-05-23 10:51:05 | INFO |       57.101 ¦     2609           2              0.010 
2025-05-23 10:51:05 | INFO |       57.111 ¦     2610           2              0.010 
2025-05-23 10:51:05 | INFO |       57.121 ¦     2611           2              0.010 
2025-05-23 10:51:05 | INFO |       57.131 ¦     2612           2              0.010 
2025-05-23 10:51:05 | INFO |       57.141 ¦     2613           2              0.010 
2025-05-23 10:51:05 | INFO |       57.151 ¦     2614           2              0.010 
2025-05-23 10:51:05 | INFO |       57.161 ¦     2615           2              0.010 
2025-05-23 10:51:05 | INFO |       57.171 ¦     2616           2              0.010 
2025-05-23 10:51:05 | INFO |       57.181 ¦     2617           2              0.010 
2025-05-23 10:51:05 | INFO |       57.191 ¦     2618           2              0.010 
2025-05-23 10:51:05 | INFO |       57.201 ¦     2619           2              0.010 
2025-05-23 10:51:05 | INFO |       57.211 ¦     2620           2              0.010 
2025-05-23 10:51:05 | INFO |       57.221 ¦     2621           2              0.010 
2025-05-23 10:51:05 | INFO |       57.231 ¦     2622           2              0.010 
2025-05-23 10:51:05 | INFO |       57.241 ¦     2623           2              0.010 
2025-05-23 10:51:05 | INFO |       57.251 ¦     2624           2              0.010 
2025-05-23 10:51:05 | INFO |       57.261 ¦     2625           2              0.010 
2025-05-23 10:51:05 | INFO |       57.271 ¦     2626           2              0.010 
2025-05-23 10:51:05 | INFO |       57.281 ¦     2627           2              0.010 
2025-05-23 10:51:05 | INFO |       57.291 ¦     2628           2              0.010 
2025-05-23 10:51:05 | INFO |       57.301 ¦     2629           2              0.010 
2025-05-23 10:51:05 | INFO |       57.311 ¦     2630           2              0.010 
2025-05-23 10:51:05 | INFO |       57.321 ¦     2631           2              0.010 
2025-05-23 10:51:05 | INFO |       57.331 ¦     2632           2              0.010 
2025-05-23 10:51:05 | INFO |       57.341 ¦     2633           2              0.010 
2025-05-23 10:51:05 | INFO |       57.351 ¦     2634           2              0.010 
2025-05-23 10:51:05 | INFO |       57.361 ¦     2635           2              0.010 
2025-05-23 10:51:05 | INFO |       57.371 ¦     2636           2              0.010 
2025-05-23 10:51:05 | INFO |       57.381 ¦     2637           2              0.010 
2025-05-23 10:51:05 | INFO |       57.391 ¦     2638           2              0.010 
2025-05-23 10:51:05 | INFO |       57.401 ¦     2639           2              0.010 
2025-05-23 10:51:05 | INFO |       57.411 ¦     2640           2              0.010 
2025-05-23 10:51:05 | INFO |       57.421 ¦     2641           2              0.010 
2025-05-23 10:51:05 | INFO |       57.431 ¦     2642           2              0.010 
2025-05-23 10:51:05 | INFO |       57.441 ¦     2643           2              0.010 
2025-05-23 10:51:05 | INFO |       57.451 ¦     2644           2              0.010 
2025-05-23 10:51:05 | INFO |       57.461 ¦     2645           2              0.010 
2025-05-23 10:51:05 | INFO |       57.471 ¦     2646           2              0.010 
2025-05-23 10:51:05 | INFO |       57.481 ¦     2647           2              0.010 
2025-05-23 10:51:05 | INFO |       57.491 ¦     2648           2              0.010 
2025-05-23 10:51:05 | INFO |       57.501 ¦     2649           2              0.010 
2025-05-23 10:51:05 | INFO |       57.511 ¦     2650           2              0.010 
2025-05-23 10:51:05 | INFO |       57.521 ¦     2651           2              0.010 
2025-05-23 10:51:05 | INFO |       57.531 ¦     2652           2              0.010 
2025-05-23 10:51:05 | INFO |       57.541 ¦     2653           2              0.010 
2025-05-23 10:51:05 | INFO |       57.551 ¦     2654           2              0.010 
2025-05-23 10:51:05 | INFO |       57.561 ¦     2655           2              0.010 
2025-05-23 10:51:05 | INFO |       57.571 ¦     2656           2              0.010 
2025-05-23 10:51:05 | INFO |       57.581 ¦     2657           2              0.010 
2025-05-23 10:51:05 | INFO |       57.591 ¦     2658           2              0.010 
2025-05-23 10:51:05 | INFO |       57.601 ¦     2659           2              0.010 
2025-05-23 10:51:05 | INFO |       57.611 ¦     2660           2              0.010 
2025-05-23 10:51:05 | INFO |       57.621 ¦     2661           2              0.010 
2025-05-23 10:51:05 | INFO |       57.631 ¦     2662           2              0.010 
2025-05-23 10:51:05 | INFO |       57.641 ¦     2663           2              0.010 
2025-05-23 10:51:05 | INFO |       57.651 ¦     2664           2              0.010 
2025-05-23 10:51:05 | INFO |       57.661 ¦     2665           2              0.010 
2025-05-23 10:51:05 | INFO |       57.671 ¦     2666           2              0.010 
2025-05-23 10:51:05 | INFO |       57.681 ¦     2667           2              0.010 
2025-05-23 10:51:05 | INFO |       57.691 ¦     2668           2              0.010 
2025-05-23 10:51:05 | INFO |       57.701 ¦     2669           2              0.010 
2025-05-23 10:51:05 | INFO |       57.711 ¦     2670           2              0.010 
2025-05-23 10:51:05 | INFO |       57.721 ¦     2671           2              0.010 
2025-05-23 10:51:05 | INFO |       57.731 ¦     2672           2              0.010 
2025-05-23 10:51:05 | INFO |       57.741 ¦     2673           2              0.010 
2025-05-23 10:51:05 | INFO |       57.751 ¦     2674           2              0.010 
2025-05-23 10:51:05 | INFO |       57.761 ¦     2675           2              0.010 
2025-05-23 10:51:05 | INFO |       57.771 ¦     2676           2              0.010 
2025-05-23 10:51:05 | INFO |       57.781 ¦     2677           2              0.010 
2025-05-23 10:51:05 | INFO |       57.791 ¦     2678           2              0.010 
2025-05-23 10:51:05 | INFO |       57.801 ¦     2679           2              0.010 
2025-05-23 10:51:05 | INFO |       57.811 ¦     2680           2              0.010 
2025-05-23 10:51:05 | INFO |       57.821 ¦     2681           2              0.010 
2025-05-23 10:51:05 | INFO |       57.831 ¦     2682           2              0.010 
2025-05-23 10:51:05 | INFO |       57.841 ¦     2683           2              0.010 
2025-05-23 10:51:05 | INFO |       57.851 ¦     2684           2              0.010 
2025-05-23 10:51:05 | INFO |       57.861 ¦     2685           2              0.010 
2025-05-23 10:51:05 | INFO |       57.871 ¦     2686           2              0.010 
2025-05-23 10:51:05 | INFO |       57.881 ¦     2687           2              0.010 
2025-05-23 10:51:05 | INFO |       57.891 ¦     2688           2              0.010 
2025-05-23 10:51:05 | INFO |       57.901 ¦     2689           2              0.010 
2025-05-23 10:51:05 | INFO |       57.911 ¦     2690           2              0.010 
2025-05-23 10:51:05 | INFO |       57.921 ¦     2691           2              0.010 
2025-05-23 10:51:05 | INFO |       57.931 ¦     2692           2              0.010 
2025-05-23 10:51:05 | INFO |       57.941 ¦     2693           2              0.010 
2025-05-23 10:51:05 | INFO |       57.951 ¦     2694           2              0.010 
2025-05-23 10:51:05 | INFO |       57.961 ¦     2695           2              0.010 
2025-05-23 10:51:05 | INFO |       57.971 ¦     2696           2              0.010 
2025-05-23 10:51:05 | INFO |       57.981 ¦     2697           2              0.010 
2025-05-23 10:51:05 | INFO |       57.991 ¦     2698           2              0.010 
2025-05-23 10:51:05 | INFO |       58.001 ¦     2699           2              0.010 
2025-05-23 10:51:05 | INFO |       58.011 ¦     2700           2              0.010 
2025-05-23 10:51:05 | INFO |       58.021 ¦     2701           2              0.010 
2025-05-23 10:51:05 | INFO |       58.031 ¦     2702           2              0.010 
2025-05-23 10:51:05 | INFO |       58.041 ¦     2703           2              0.010 
2025-05-23 10:51:05 | INFO |       58.051 ¦     2704           2              0.010 
2025-05-23 10:51:05 | INFO |       58.061 ¦     2705           2              0.010 
2025-05-23 10:51:05 | INFO |       58.071 ¦     2706           2              0.010 
2025-05-23 10:51:05 | INFO |       58.081 ¦     2707           2              0.010 
2025-05-23 10:51:05 | INFO |       58.091 ¦     2708           2              0.010 
2025-05-23 10:51:05 | INFO |       58.101 ¦     2709           2              0.010 
2025-05-23 10:51:05 | INFO |       58.111 ¦     2710           2              0.010 
2025-05-23 10:51:05 | INFO |       58.121 ¦     2711           2              0.010 
2025-05-23 10:51:05 | INFO |       58.131 ¦     2712           2              0.010 
2025-05-23 10:51:05 | INFO |       58.141 ¦     2713           2              0.010 
2025-05-23 10:51:05 | INFO |       58.151 ¦     2714           2              0.010 
2025-05-23 10:51:05 | INFO |       58.161 ¦     2715           2              0.010 
2025-05-23 10:51:05 | INFO |       58.171 ¦     2716           2              0.010 
2025-05-23 10:51:05 | INFO |       58.181 ¦     2717           2              0.010 
2025-05-23 10:51:05 | INFO |       58.191 ¦     2718           2              0.010 
2025-05-23 10:51:05 | INFO |       58.201 ¦     2719           2              0.010 
2025-05-23 10:51:05 | INFO |       58.211 ¦     2720           2              0.010 
2025-05-23 10:51:05 | INFO |       58.221 ¦     2721           2              0.010 
2025-05-23 10:51:05 | INFO |       58.231 ¦     2722           2              0.010 
2025-05-23 10:51:05 | INFO |       58.241 ¦     2723           2              0.010 
2025-05-23 10:51:05 | INFO |       58.251 ¦     2724           2              0.010 
2025-05-23 10:51:05 | INFO |       58.261 ¦     2725           2              0.010 
2025-05-23 10:51:05 | INFO |       58.271 ¦     2726           2              0.010 
2025-05-23 10:51:05 | INFO |       58.281 ¦     2727           2              0.010 
2025-05-23 10:51:05 | INFO |       58.291 ¦     2728           2              0.010 
2025-05-23 10:51:05 | INFO |       58.301 ¦     2729           2              0.010 
2025-05-23 10:51:05 | INFO |       58.311 ¦     2730           2              0.010 
2025-05-23 10:51:05 | INFO |       58.321 ¦     2731           2              0.010 
2025-05-23 10:51:05 | INFO |       58.331 ¦     2732           2              0.010 
2025-05-23 10:51:05 | INFO |       58.341 ¦     2733           2              0.010 
2025-05-23 10:51:05 | INFO |       58.351 ¦     2734           2              0.010 
2025-05-23 10:51:05 | INFO |       58.361 ¦     2735           2              0.010 
2025-05-23 10:51:05 | INFO |       58.371 ¦     2736           2              0.010 
2025-05-23 10:51:05 | INFO |       58.381 ¦     2737           2              0.010 
2025-05-23 10:51:05 | INFO |       58.391 ¦     2738           2              0.010 
2025-05-23 10:51:05 | INFO |       58.401 ¦     2739           2              0.010 
2025-05-23 10:51:05 | INFO |       58.411 ¦     2740           2              0.010 
2025-05-23 10:51:05 | INFO |       58.421 ¦     2741           2              0.010 
2025-05-23 10:51:05 | INFO |       58.431 ¦     2742           2              0.010 
2025-05-23 10:51:05 | INFO |       58.441 ¦     2743           2              0.010 
2025-05-23 10:51:05 | INFO |       58.451 ¦     2744           2              0.010 
2025-05-23 10:51:05 | INFO |       58.461 ¦     2745           2              0.010 
2025-05-23 10:51:05 | INFO |       58.471 ¦     2746           2              0.010 
2025-05-23 10:51:05 | INFO |       58.481 ¦     2747           2              0.010 
2025-05-23 10:51:05 | INFO |       58.491 ¦     2748           2              0.010 
2025-05-23 10:51:05 | INFO |       58.501 ¦     2749           2              0.010 
2025-05-23 10:51:05 | INFO |       58.511 ¦     2750           2              0.010 
2025-05-23 10:51:05 | INFO |       58.521 ¦     2751           2              0.010 
2025-05-23 10:51:05 | INFO |       58.531 ¦     2752           2              0.010 
2025-05-23 10:51:05 | INFO |       58.541 ¦     2753           2              0.010 
2025-05-23 10:51:05 | INFO |       58.551 ¦     2754           2              0.010 
2025-05-23 10:51:05 | INFO |       58.561 ¦     2755           2              0.010 
2025-05-23 10:51:05 | INFO |       58.571 ¦     2756           2              0.010 
2025-05-23 10:51:05 | INFO |       58.581 ¦     2757           2              0.010 
2025-05-23 10:51:05 | INFO |       58.591 ¦     2758           2              0.010 
2025-05-23 10:51:05 | INFO |       58.601 ¦     2759           2              0.010 
2025-05-23 10:51:05 | INFO |       58.611 ¦     2760           2              0.010 
2025-05-23 10:51:05 | INFO |       58.621 ¦     2761           2              0.010 
2025-05-23 10:51:05 | INFO |       58.631 ¦     2762           2              0.010 
2025-05-23 10:51:05 | INFO |       58.641 ¦     2763           2              0.010 
2025-05-23 10:51:05 | INFO |       58.651 ¦     2764           2              0.010 
2025-05-23 10:51:05 | INFO |       58.661 ¦     2765           2              0.010 
2025-05-23 10:51:05 | INFO |       58.671 ¦     2766           2              0.010 
2025-05-23 10:51:05 | INFO |       58.681 ¦     2767           2              0.010 
2025-05-23 10:51:05 | INFO |       58.691 ¦     2768           2              0.010 
2025-05-23 10:51:05 | INFO |       58.701 ¦     2769           2              0.010 
2025-05-23 10:51:05 | INFO |       58.711 ¦     2770           2              0.010 
2025-05-23 10:51:05 | INFO |       58.721 ¦     2771           2              0.010 
2025-05-23 10:51:05 | INFO |       58.731 ¦     2772           2              0.010 
2025-05-23 10:51:05 | INFO |       58.741 ¦     2773           2              0.010 
2025-05-23 10:51:05 | INFO |       58.751 ¦     2774           2              0.010 
2025-05-23 10:51:05 | INFO |       58.761 ¦     2775           2              0.010 
2025-05-23 10:51:05 | INFO |       58.771 ¦     2776           2              0.010 
2025-05-23 10:51:05 | INFO |       58.781 ¦     2777           2              0.010 
2025-05-23 10:51:05 | INFO |       58.791 ¦     2778           2              0.010 
2025-05-23 10:51:05 | INFO |       58.801 ¦     2779           2              0.010 
2025-05-23 10:51:05 | INFO |       58.811 ¦     2780           2              0.010 
2025-05-23 10:51:05 | INFO |       58.821 ¦     2781           2              0.010 
2025-05-23 10:51:05 | INFO |       58.831 ¦     2782           2              0.010 
2025-05-23 10:51:05 | INFO |       58.841 ¦     2783           2              0.010 
2025-05-23 10:51:05 | INFO |       58.851 ¦     2784           2              0.010 
2025-05-23 10:51:05 | INFO |       58.861 ¦     2785           2              0.010 
2025-05-23 10:51:05 | INFO |       58.871 ¦     2786           2              0.010 
2025-05-23 10:51:05 | INFO |       58.881 ¦     2787           2              0.010 
2025-05-23 10:51:05 | INFO |       58.891 ¦     2788           2              0.010 
2025-05-23 10:51:05 | INFO |       58.901 ¦     2789           2              0.010 
2025-05-23 10:51:05 | INFO |       58.911 ¦     2790           2              0.010 
2025-05-23 10:51:05 | INFO |       58.921 ¦     2791           2              0.010 
2025-05-23 10:51:05 | INFO |       58.931 ¦     2792           2              0.010 
2025-05-23 10:51:05 | INFO |       58.941 ¦     2793           2              0.010 
2025-05-23 10:51:05 | INFO |       58.951 ¦     2794           2              0.010 
2025-05-23 10:51:05 | INFO |       58.961 ¦     2795           2              0.010 
2025-05-23 10:51:05 | INFO |       58.971 ¦     2796           2              0.010 
2025-05-23 10:51:05 | INFO |       58.981 ¦     2797           2              0.010 
2025-05-23 10:51:05 | INFO |       58.991 ¦     2798           2              0.010 
2025-05-23 10:51:05 | INFO |       59.001 ¦     2799           2              0.010 
2025-05-23 10:51:05 | INFO |       59.011 ¦     2800           2              0.010 
2025-05-23 10:51:05 | INFO |       59.021 ¦     2801           2              0.010 
2025-05-23 10:51:05 | INFO |       59.031 ¦     2802           2              0.010 
2025-05-23 10:51:05 | INFO |       59.041 ¦     2803           2              0.010 
2025-05-23 10:51:05 | INFO |       59.051 ¦     2804           2              0.010 
2025-05-23 10:51:05 | INFO |       59.061 ¦     2805           2              0.010 
2025-05-23 10:51:05 | INFO |       59.071 ¦     2806           2              0.010 
2025-05-23 10:51:05 | INFO |       59.081 ¦     2807           2              0.010 
2025-05-23 10:51:05 | INFO |       59.091 ¦     2808           2              0.010 
2025-05-23 10:51:05 | INFO |       59.101 ¦     2809           2              0.010 
2025-05-23 10:51:05 | INFO |       59.111 ¦     2810           2              0.010 
2025-05-23 10:51:05 | INFO |       59.121 ¦     2811           2              0.010 
2025-05-23 10:51:05 | INFO |       59.131 ¦     2812           2              0.010 
2025-05-23 10:51:05 | INFO |       59.141 ¦     2813           2              0.010 
2025-05-23 10:51:05 | INFO |       59.151 ¦     2814           2              0.010 
2025-05-23 10:51:05 | INFO |       59.161 ¦     2815           2              0.010 
2025-05-23 10:51:05 | INFO |       59.171 ¦     2816           2              0.010 
2025-05-23 10:51:05 | INFO |       59.181 ¦     2817           2              0.010 
2025-05-23 10:51:05 | INFO |       59.191 ¦     2818           2              0.010 
2025-05-23 10:51:05 | INFO |       59.201 ¦     2819           2              0.010 
2025-05-23 10:51:05 | INFO |       59.211 ¦     2820           2              0.010 
2025-05-23 10:51:05 | INFO |       59.221 ¦     2821           2              0.010 
2025-05-23 10:51:05 | INFO |       59.231 ¦     2822           2              0.010 
2025-05-23 10:51:05 | INFO |       59.241 ¦     2823           2              0.010 
2025-05-23 10:51:05 | INFO |       59.251 ¦     2824           2              0.010 
2025-05-23 10:51:05 | INFO |       59.261 ¦     2825           2              0.010 
2025-05-23 10:51:05 | INFO |       59.271 ¦     2826           2              0.010 
2025-05-23 10:51:05 | INFO |       59.281 ¦     2827           2              0.010 
2025-05-23 10:51:05 | INFO |       59.291 ¦     2828           2              0.010 
2025-05-23 10:51:05 | INFO |       59.301 ¦     2829           2              0.010 
2025-05-23 10:51:05 | INFO |       59.311 ¦     2830           2              0.010 
2025-05-23 10:51:05 | INFO |       59.321 ¦     2831           2              0.010 
2025-05-23 10:51:05 | INFO |       59.331 ¦     2832           2              0.010 
2025-05-23 10:51:05 | INFO |       59.341 ¦     2833           2              0.010 
2025-05-23 10:51:05 | INFO |       59.351 ¦     2834           2              0.010 
2025-05-23 10:51:05 | INFO |       59.361 ¦     2835           2              0.010 
2025-05-23 10:51:05 | INFO |       59.371 ¦     2836           2              0.010 
2025-05-23 10:51:05 | INFO |       59.381 ¦     2837           2              0.010 
2025-05-23 10:51:05 | INFO |       59.391 ¦     2838           2              0.010 
2025-05-23 10:51:05 | INFO |       59.401 ¦     2839           2              0.010 
2025-05-23 10:51:05 | INFO |       59.411 ¦     2840           2              0.010 
2025-05-23 10:51:05 | INFO |       59.421 ¦     2841           2              0.010 
2025-05-23 10:51:05 | INFO |       59.431 ¦     2842           2              0.010 
2025-05-23 10:51:05 | INFO |       59.441 ¦     2843           2              0.010 
2025-05-23 10:51:05 | INFO |       59.451 ¦     2844           2              0.010 
2025-05-23 10:51:05 | INFO |       59.461 ¦     2845           2              0.010 
2025-05-23 10:51:05 | INFO |       59.471 ¦     2846           2              0.010 
2025-05-23 10:51:05 | INFO |       59.481 ¦     2847           2              0.010 
2025-05-23 10:51:05 | INFO |       59.491 ¦     2848           2              0.010 
2025-05-23 10:51:05 | INFO |       59.501 ¦     2849           2              0.010 
2025-05-23 10:51:05 | INFO |       59.511 ¦     2850           2              0.010 
2025-05-23 10:51:05 | INFO |       59.521 ¦     2851           2              0.010 
2025-05-23 10:51:05 | INFO |       59.531 ¦     2852           2              0.010 
2025-05-23 10:51:05 | INFO |       59.541 ¦     2853           2              0.010 
2025-05-23 10:51:05 | INFO |       59.551 ¦     2854           2              0.010 
2025-05-23 10:51:05 | INFO |       59.561 ¦     2855           2              0.010 
2025-05-23 10:51:05 | INFO |       59.571 ¦     2856           2              0.010 
2025-05-23 10:51:05 | INFO |       59.581 ¦     2857           2              0.010 
2025-05-23 10:51:05 | INFO |       59.591 ¦     2858           2              0.010 
2025-05-23 10:51:05 | INFO |       59.601 ¦     2859           2              0.010 
2025-05-23 10:51:05 | INFO |       59.611 ¦     2860           2              0.010 
2025-05-23 10:51:05 | INFO |       59.621 ¦     2861           2              0.010 
2025-05-23 10:51:05 | INFO |       59.631 ¦     2862           2              0.010 
2025-05-23 10:51:05 | INFO |       59.641 ¦     2863           2              0.010 
2025-05-23 10:51:05 | INFO |       59.651 ¦     2864           2              0.010 
2025-05-23 10:51:05 | INFO |       59.661 ¦     2865           2              0.010 
2025-05-23 10:51:05 | INFO |       59.671 ¦     2866           2              0.010 
2025-05-23 10:51:05 | INFO |       59.681 ¦     2867           2              0.010 
2025-05-23 10:51:05 | INFO |       59.691 ¦     2868           2              0.010 
2025-05-23 10:51:05 | INFO |       59.701 ¦     2869           2              0.010 
2025-05-23 10:51:05 | INFO |       59.711 ¦     2870           2              0.010 
2025-05-23 10:51:05 | INFO |       59.721 ¦     2871           2              0.010 
2025-05-23 10:51:05 | INFO |       59.731 ¦     2872           2              0.010 
2025-05-23 10:51:05 | INFO |       59.741 ¦     2873           2              0.010 
2025-05-23 10:51:05 | INFO |       59.751 ¦     2874           2              0.010 
2025-05-23 10:51:05 | INFO |       59.761 ¦     2875           2              0.010 
2025-05-23 10:51:05 | INFO |       59.771 ¦     2876           2              0.010 
2025-05-23 10:51:05 | INFO |       59.781 ¦     2877           2              0.010 
2025-05-23 10:51:05 | INFO |       59.791 ¦     2878           2              0.010 
2025-05-23 10:51:05 | INFO |       59.801 ¦     2879           2              0.010 
2025-05-23 10:51:05 | INFO |       59.811 ¦     2880           2              0.010 
2025-05-23 10:51:05 | INFO |       59.821 ¦     2881           2              0.010 
2025-05-23 10:51:05 | INFO |       59.831 ¦     2882           2              0.010 
2025-05-23 10:51:05 | INFO |       59.841 ¦     2883           2              0.010 
2025-05-23 10:51:05 | INFO |       59.851 ¦     2884           2              0.010 
2025-05-23 10:51:05 | INFO |       59.861 ¦     2885           2              0.010 
2025-05-23 10:51:05 | INFO |       59.871 ¦     2886           2              0.010 
2025-05-23 10:51:05 | INFO |       59.881 ¦     2887           2              0.010 
2025-05-23 10:51:05 | INFO |       59.891 ¦     2888           2              0.010 
2025-05-23 10:51:05 | INFO |       59.901 ¦     2889           2              0.010 
2025-05-23 10:51:05 | INFO |       59.911 ¦     2890           2              0.010 
2025-05-23 10:51:05 | INFO |       59.921 ¦     2891           2              0.010 
2025-05-23 10:51:05 | INFO |       59.931 ¦     2892           2              0.010 
2025-05-23 10:51:05 | INFO |       59.941 ¦     2893           2              0.010 
2025-05-23 10:51:05 | INFO |       59.951 ¦     2894           2              0.010 
2025-05-23 10:51:05 | INFO |       59.961 ¦     2895           2              0.010 
2025-05-23 10:51:05 | INFO |       59.971 ¦     2896           2              0.010 
2025-05-23 10:51:05 | INFO |       59.981 ¦     2897           2              0.010 
2025-05-23 10:51:05 | INFO |       59.991 ¦     2898           2              0.010 
2025-05-23 10:51:05 | INFO |       60.001 ¦     2899           2              0.010 
2025-05-23 10:51:05 | INFO |       60.011 ¦     2900           2              0.010 
2025-05-23 10:51:05 | INFO |       60.021 ¦     2901           2              0.010 
2025-05-23 10:51:05 | INFO |       60.031 ¦     2902           2              0.010 
2025-05-23 10:51:05 | INFO |       60.041 ¦     2903           2              0.010 
2025-05-23 10:51:05 | INFO |       60.051 ¦     2904           2              0.010 
2025-05-23 10:51:05 | INFO |       60.061 ¦     2905           2              0.010 
2025-05-23 10:51:05 | INFO |       60.071 ¦     2906           2              0.010 
2025-05-23 10:51:05 | INFO |       60.081 ¦     2907           2              0.010 
2025-05-23 10:51:05 | INFO |       60.091 ¦     2908           2              0.010 
2025-05-23 10:51:05 | INFO |       60.101 ¦     2909           2              0.010 
2025-05-23 10:51:05 | INFO |       60.111 ¦     2910           2              0.010 
2025-05-23 10:51:05 | INFO |       60.121 ¦     2911           2              0.010 
2025-05-23 10:51:05 | INFO |       60.131 ¦     2912           2              0.010 
2025-05-23 10:51:05 | INFO |       60.141 ¦     2913           2              0.010 
2025-05-23 10:51:05 | INFO |       60.151 ¦     2914           2              0.010 
2025-05-23 10:51:05 | INFO |       60.161 ¦     2915           2              0.010 
2025-05-23 10:51:05 | INFO |       60.171 ¦     2916           2              0.010 
2025-05-23 10:51:05 | INFO |       60.181 ¦     2917           2              0.010 
2025-05-23 10:51:05 | INFO |       60.191 ¦     2918           2              0.010 
2025-05-23 10:51:05 | INFO |       60.201 ¦     2919           2              0.010 
2025-05-23 10:51:05 | INFO |       60.211 ¦     2920           2              0.010 
2025-05-23 10:51:05 | INFO |       60.221 ¦     2921           2              0.010 
2025-05-23 10:51:05 | INFO |       60.231 ¦     2922           2              0.010 
2025-05-23 10:51:05 | INFO |       60.241 ¦     2923           2              0.010 
2025-05-23 10:51:05 | INFO |       60.251 ¦     2924           2              0.010 
2025-05-23 10:51:05 | INFO |       60.261 ¦     2925           2              0.010 
2025-05-23 10:51:05 | INFO |       60.271 ¦     2926           2              0.010 
2025-05-23 10:51:05 | INFO |       60.281 ¦     2927           2              0.010 
2025-05-23 10:51:05 | INFO |       60.291 ¦     2928           2              0.010 
2025-05-23 10:51:05 | INFO |       60.301 ¦     2929           2              0.010 
2025-05-23 10:51:05 | INFO |       60.311 ¦     2930           2              0.010 
2025-05-23 10:51:05 | INFO |       60.321 ¦     2931           2              0.010 
2025-05-23 10:51:05 | INFO |       60.331 ¦     2932           2              0.010 
2025-05-23 10:51:05 | INFO |       60.341 ¦     2933           2              0.010 
2025-05-23 10:51:05 | INFO |       60.351 ¦     2934           2              0.010 
2025-05-23 10:51:05 | INFO |       60.361 ¦     2935           2              0.010 
2025-05-23 10:51:05 | INFO |       60.371 ¦     2936           2              0.010 
2025-05-23 10:51:05 | INFO |       60.381 ¦     2937           2              0.010 
2025-05-23 10:51:05 | INFO |       60.391 ¦     2938           2              0.010 
2025-05-23 10:51:05 | INFO |       60.401 ¦     2939           2              0.010 
2025-05-23 10:51:05 | INFO |       60.411 ¦     2940           2              0.010 
2025-05-23 10:51:05 | INFO |       60.421 ¦     2941           2              0.010 
2025-05-23 10:51:05 | INFO |       60.431 ¦     2942           2              0.010 
2025-05-23 10:51:05 | INFO |       60.441 ¦     2943           2              0.010 
2025-05-23 10:51:05 | INFO |       60.451 ¦     2944           2              0.010 
2025-05-23 10:51:05 | INFO |       60.461 ¦     2945           2              0.010 
2025-05-23 10:51:05 | INFO |       60.471 ¦     2946           2              0.010 
2025-05-23 10:51:05 | INFO |       60.481 ¦     2947           2              0.010 
2025-05-23 10:51:05 | INFO |       60.491 ¦     2948           2              0.010 
2025-05-23 10:51:05 | INFO |       60.501 ¦     2949           2              0.010 
2025-05-23 10:51:05 | INFO |       60.511 ¦     2950           2              0.010 
2025-05-23 10:51:05 | INFO |       60.521 ¦     2951           2              0.010 
2025-05-23 10:51:05 | INFO |       60.531 ¦     2952           2              0.010 
2025-05-23 10:51:05 | INFO |       60.541 ¦     2953           2              0.010 
2025-05-23 10:51:05 | INFO |       60.551 ¦     2954           2              0.010 
2025-05-23 10:51:05 | INFO |       60.561 ¦     2955           2              0.010 
2025-05-23 10:51:05 | INFO |       60.571 ¦     2956           2              0.010 
2025-05-23 10:51:05 | INFO |       60.581 ¦     2957           2              0.010 
2025-05-23 10:51:05 | INFO |       60.591 ¦     2958           2              0.010 
2025-05-23 10:51:05 | INFO |       60.601 ¦     2959           2              0.010 
2025-05-23 10:51:05 | INFO |       60.611 ¦     2960           2              0.010 
2025-05-23 10:51:05 | INFO |       60.621 ¦     2961           2              0.010 
2025-05-23 10:51:05 | INFO |       60.631 ¦     2962           2              0.010 
2025-05-23 10:51:05 | INFO |       60.641 ¦     2963           2              0.010 
2025-05-23 10:51:05 | INFO |       60.651 ¦     2964           2              0.010 
2025-05-23 10:51:05 | INFO |       60.661 ¦     2965           2              0.010 
2025-05-23 10:51:05 | INFO |       60.671 ¦     2966           2              0.010 
2025-05-23 10:51:05 | INFO |       60.681 ¦     2967           2              0.010 
2025-05-23 10:51:05 | INFO |       60.691 ¦     2968           2              0.010 
2025-05-23 10:51:05 | INFO |       60.701 ¦     2969           2              0.010 
2025-05-23 10:51:05 | INFO |       60.711 ¦     2970           2              0.010 
2025-05-23 10:51:05 | INFO |       60.721 ¦     2971           2              0.010 
2025-05-23 10:51:05 | INFO |       60.731 ¦     2972           2              0.010 
2025-05-23 10:51:05 | INFO |       60.741 ¦     2973           2              0.010 
2025-05-23 10:51:05 | INFO |       60.751 ¦     2974           2              0.010 
2025-05-23 10:51:05 | INFO |       60.761 ¦     2975           2              0.010 
2025-05-23 10:51:05 | INFO |       60.771 ¦     2976           2              0.010 
2025-05-23 10:51:05 | INFO |       60.781 ¦     2977           2              0.010 
2025-05-23 10:51:05 | INFO |       60.791 ¦     2978           2              0.010 
2025-05-23 10:51:05 | INFO |       60.801 ¦     2979           2              0.010 
2025-05-23 10:51:05 | INFO |       60.811 ¦     2980           2              0.010 
2025-05-23 10:51:05 | INFO |       60.821 ¦     2981           2              0.010 
2025-05-23 10:51:05 | INFO |       60.831 ¦     2982           2              0.010 
2025-05-23 10:51:05 | INFO |       60.841 ¦     2983           2              0.010 
2025-05-23 10:51:05 | INFO |       60.851 ¦     2984           2              0.010 
2025-05-23 10:51:05 | INFO |       60.861 ¦     2985           2              0.010 
2025-05-23 10:51:05 | INFO |       60.871 ¦     2986           2              0.010 
2025-05-23 10:51:05 | INFO |       60.881 ¦     2987           2              0.010 
2025-05-23 10:51:05 | INFO |       60.891 ¦     2988           2              0.010 
2025-05-23 10:51:05 | INFO |       60.901 ¦     2989           2              0.010 
2025-05-23 10:51:05 | INFO |       60.911 ¦     2990           2              0.010 
2025-05-23 10:51:05 | INFO |       60.921 ¦     2991           2              0.010 
2025-05-23 10:51:05 | INFO |       60.931 ¦     2992           2              0.010 
2025-05-23 10:51:05 | INFO |       60.941 ¦     2993           2              0.010 
2025-05-23 10:51:05 | INFO |       60.951 ¦     2994           2              0.010 
2025-05-23 10:51:05 | INFO |       60.961 ¦     2995           2              0.010 
2025-05-23 10:51:05 | INFO |       60.971 ¦     2996           2              0.010 
2025-05-23 10:51:05 | INFO |       60.981 ¦     2997           2              0.010 
2025-05-23 10:51:05 | INFO |       60.991 ¦     2998           2              0.010 
2025-05-23 10:51:05 | INFO |       61.001 ¦     2999           2              0.010 
2025-05-23 10:51:05 | INFO |       61.011 ¦     3000           2              0.010 
2025-05-23 10:51:05 | INFO |       61.021 ¦     3001           2              0.010 
2025-05-23 10:51:05 | INFO |       61.031 ¦     3002           2              0.010 
2025-05-23 10:51:05 | INFO |       61.041 ¦     3003           2              0.010 
2025-05-23 10:51:05 | INFO |       61.051 ¦     3004           2              0.010 
2025-05-23 10:51:05 | INFO |       61.061 ¦     3005           2              0.010 
2025-05-23 10:51:05 | INFO |       61.071 ¦     3006           2              0.010 
2025-05-23 10:51:05 | INFO |       61.081 ¦     3007           2              0.010 
2025-05-23 10:51:05 | INFO |       61.091 ¦     3008           2              0.010 
2025-05-23 10:51:05 | INFO |       61.101 ¦     3009           2              0.010 
2025-05-23 10:51:05 | INFO |       61.111 ¦     3010           2              0.010 
2025-05-23 10:51:05 | INFO |       61.121 ¦     3011           2              0.010 
2025-05-23 10:51:05 | INFO |       61.131 ¦     3012           2              0.010 
2025-05-23 10:51:05 | INFO |       61.141 ¦     3013           2              0.010 
2025-05-23 10:51:05 | INFO |       61.151 ¦     3014           2              0.010 
2025-05-23 10:51:05 | INFO |       61.161 ¦     3015           2              0.010 
2025-05-23 10:51:05 | INFO |       61.171 ¦     3016           2              0.010 
2025-05-23 10:51:05 | INFO |       61.181 ¦     3017           2              0.010 
2025-05-23 10:51:05 | INFO |       61.191 ¦     3018           2              0.010 
2025-05-23 10:51:05 | INFO |       61.201 ¦     3019           2              0.010 
2025-05-23 10:51:05 | INFO |       61.211 ¦     3020           2              0.010 
2025-05-23 10:51:05 | INFO |       61.221 ¦     3021           2              0.010 
2025-05-23 10:51:05 | INFO |       61.231 ¦     3022           2              0.010 
2025-05-23 10:51:05 | INFO |       61.241 ¦     3023           2              0.010 
2025-05-23 10:51:05 | INFO |       61.251 ¦     3024           2              0.010 
2025-05-23 10:51:05 | INFO |       61.261 ¦     3025           2              0.010 
2025-05-23 10:51:05 | INFO |       61.271 ¦     3026           2              0.010 
2025-05-23 10:51:05 | INFO |       61.281 ¦     3027           2              0.010 
2025-05-23 10:51:05 | INFO |       61.291 ¦     3028           2              0.010 
2025-05-23 10:51:05 | INFO |       61.301 ¦     3029           2              0.010 
2025-05-23 10:51:05 | INFO |       61.311 ¦     3030           2              0.010 
2025-05-23 10:51:05 | INFO |       61.321 ¦     3031           2              0.010 
2025-05-23 10:51:05 | INFO |       61.331 ¦     3032           2              0.010 
2025-05-23 10:51:05 | INFO |       61.341 ¦     3033           2              0.010 
2025-05-23 10:51:05 | INFO |       61.351 ¦     3034           2              0.010 
2025-05-23 10:51:05 | INFO |       61.361 ¦     3035           2              0.010 
2025-05-23 10:51:05 | INFO |       61.371 ¦     3036           2              0.010 
2025-05-23 10:51:05 | INFO |       61.381 ¦     3037           2              0.010 
2025-05-23 10:51:05 | INFO |       61.391 ¦     3038           2              0.010 
2025-05-23 10:51:05 | INFO |       61.401 ¦     3039           2              0.010 
2025-05-23 10:51:05 | INFO |       61.411 ¦     3040           2              0.010 
2025-05-23 10:51:05 | INFO |       61.421 ¦     3041           2              0.010 
2025-05-23 10:51:05 | INFO |       61.431 ¦     3042           2              0.010 
2025-05-23 10:51:05 | INFO |       61.441 ¦     3043           2              0.010 
2025-05-23 10:51:05 | INFO |       61.451 ¦     3044           2              0.010 
2025-05-23 10:51:05 | INFO |       61.461 ¦     3045           2              0.010 
2025-05-23 10:51:05 | INFO |       61.471 ¦     3046           2              0.010 
2025-05-23 10:51:05 | INFO |       61.481 ¦     3047           2              0.010 
2025-05-23 10:51:05 | INFO |       61.491 ¦     3048           2              0.010 
2025-05-23 10:51:05 | INFO |       61.501 ¦     3049           2              0.010 
2025-05-23 10:51:05 | INFO |       61.511 ¦     3050           2              0.010 
2025-05-23 10:51:05 | INFO |       61.521 ¦     3051           2              0.010 
2025-05-23 10:51:05 | INFO |       61.531 ¦     3052           2              0.010 
2025-05-23 10:51:05 | INFO |       61.541 ¦     3053           2              0.010 
2025-05-23 10:51:05 | INFO |       61.551 ¦     3054           2              0.010 
2025-05-23 10:51:05 | INFO |       61.561 ¦     3055           2              0.010 
2025-05-23 10:51:05 | INFO |       61.571 ¦     3056           2              0.010 
2025-05-23 10:51:05 | INFO |       61.581 ¦     3057           2              0.010 
2025-05-23 10:51:05 | INFO |       61.591 ¦     3058           2              0.010 
2025-05-23 10:51:05 | INFO |       61.601 ¦     3059           2              0.010 
2025-05-23 10:51:05 | INFO |       61.611 ¦     3060           2              0.010 
2025-05-23 10:51:05 | INFO |       61.621 ¦     3061           2              0.010 
2025-05-23 10:51:05 | INFO |       61.631 ¦     3062           2              0.010 
2025-05-23 10:51:05 | INFO |       61.641 ¦     3063           2              0.010 
2025-05-23 10:51:05 | INFO |       61.651 ¦     3064           2              0.010 
2025-05-23 10:51:05 | INFO |       61.661 ¦     3065           2              0.010 
2025-05-23 10:51:05 | INFO |       61.671 ¦     3066           2              0.010 
2025-05-23 10:51:05 | INFO |       61.681 ¦     3067           2              0.010 
2025-05-23 10:51:05 | INFO |       61.691 ¦     3068           2              0.010 
2025-05-23 10:51:05 | INFO |       61.701 ¦     3069           2              0.010 
2025-05-23 10:51:05 | INFO |       61.711 ¦     3070           2              0.010 
2025-05-23 10:51:05 | INFO |       61.721 ¦     3071           2              0.010 
2025-05-23 10:51:05 | INFO |       61.731 ¦     3072           2              0.010 
2025-05-23 10:51:05 | INFO |       61.741 ¦     3073           2              0.010 
2025-05-23 10:51:05 | INFO |       61.751 ¦     3074           2              0.010 
2025-05-23 10:51:05 | INFO |       61.761 ¦     3075           2              0.010 
2025-05-23 10:51:05 | INFO |       61.771 ¦     3076           2              0.010 
2025-05-23 10:51:05 | INFO |       61.781 ¦     3077           2              0.010 
2025-05-23 10:51:05 | INFO |       61.791 ¦     3078           2              0.010 
2025-05-23 10:51:05 | INFO |       61.801 ¦     3079           2              0.010 
2025-05-23 10:51:05 | INFO |       61.811 ¦     3080           2              0.010 
2025-05-23 10:51:05 | INFO |       61.821 ¦     3081           2              0.010 
2025-05-23 10:51:05 | INFO |       61.831 ¦     3082           2              0.010 
2025-05-23 10:51:05 | INFO |       61.841 ¦     3083           2              0.010 
2025-05-23 10:51:05 | INFO |       61.851 ¦     3084           2              0.010 
2025-05-23 10:51:05 | INFO |       61.861 ¦     3085           2              0.010 
2025-05-23 10:51:05 | INFO |       61.871 ¦     3086           2              0.010 
2025-05-23 10:51:05 | INFO |       61.881 ¦     3087           2              0.010 
2025-05-23 10:51:05 | INFO |       61.891 ¦     3088           2              0.010 
2025-05-23 10:51:05 | INFO |       61.901 ¦     3089           2              0.010 
2025-05-23 10:51:05 | INFO |       61.911 ¦     3090           2              0.010 
2025-05-23 10:51:05 | INFO |       61.921 ¦     3091           2              0.010 
2025-05-23 10:51:05 | INFO |       61.931 ¦     3092           2              0.010 
2025-05-23 10:51:05 | INFO |       61.941 ¦     3093           2              0.010 
2025-05-23 10:51:05 | INFO |       61.951 ¦     3094           2              0.010 
2025-05-23 10:51:05 | INFO |       61.961 ¦     3095           2              0.010 
2025-05-23 10:51:05 | INFO |       61.971 ¦     3096           2              0.010 
2025-05-23 10:51:05 | INFO |       61.981 ¦     3097           2              0.010 
2025-05-23 10:51:05 | INFO |       61.991 ¦     3098           2              0.010 
2025-05-23 10:51:05 | INFO |       62.001 ¦     3099           2              0.010 
2025-05-23 10:51:05 | INFO |       62.011 ¦     3100           2              0.010 
2025-05-23 10:51:05 | INFO |       62.021 ¦     3101           2              0.010 
2025-05-23 10:51:05 | INFO |       62.031 ¦     3102           2              0.010 
2025-05-23 10:51:05 | INFO |       62.041 ¦     3103           2              0.010 
2025-05-23 10:51:05 | INFO |       62.051 ¦     3104           2              0.010 
2025-05-23 10:51:05 | INFO |       62.061 ¦     3105           2              0.010 
2025-05-23 10:51:05 | INFO |       62.071 ¦     3106           2              0.010 
2025-05-23 10:51:05 | INFO |       62.081 ¦     3107           2              0.010 
2025-05-23 10:51:05 | INFO |       62.091 ¦     3108           2              0.010 
2025-05-23 10:51:05 | INFO |       62.101 ¦     3109           2              0.010 
2025-05-23 10:51:05 | INFO |       62.111 ¦     3110           2              0.010 
2025-05-23 10:51:05 | INFO |       62.121 ¦     3111           2              0.010 
2025-05-23 10:51:05 | INFO |       62.131 ¦     3112           2              0.010 
2025-05-23 10:51:05 | INFO |       62.141 ¦     3113           2              0.010 
2025-05-23 10:51:05 | INFO |       62.151 ¦     3114           2              0.010 
2025-05-23 10:51:05 | INFO |       62.161 ¦     3115           2              0.010 
2025-05-23 10:51:05 | INFO |       62.171 ¦     3116           2              0.010 
2025-05-23 10:51:05 | INFO |       62.181 ¦     3117           2              0.010 
2025-05-23 10:51:05 | INFO |       62.191 ¦     3118           2              0.010 
2025-05-23 10:51:05 | INFO |       62.201 ¦     3119           2              0.010 
2025-05-23 10:51:05 | INFO |       62.211 ¦     3120           2              0.010 
2025-05-23 10:51:05 | INFO |       62.221 ¦     3121           2              0.010 
2025-05-23 10:51:05 | INFO |       62.231 ¦     3122           2              0.010 
2025-05-23 10:51:05 | INFO |       62.241 ¦     3123           2              0.010 
2025-05-23 10:51:05 | INFO |       62.251 ¦     3124           2              0.010 
2025-05-23 10:51:05 | INFO |       62.261 ¦     3125           2              0.010 
2025-05-23 10:51:05 | INFO |       62.271 ¦     3126           2              0.010 
2025-05-23 10:51:05 | INFO |       62.281 ¦     3127           2              0.010 
2025-05-23 10:51:05 | INFO |       62.291 ¦     3128           2              0.010 
2025-05-23 10:51:05 | INFO |       62.301 ¦     3129           2              0.010 
2025-05-23 10:51:05 | INFO |       62.311 ¦     3130           2              0.010 
2025-05-23 10:51:05 | INFO |       62.321 ¦     3131           2              0.010 
2025-05-23 10:51:05 | INFO |       62.331 ¦     3132           2              0.010 
2025-05-23 10:51:05 | INFO |       62.341 ¦     3133           2              0.010 
2025-05-23 10:51:05 | INFO |       62.351 ¦     3134           2              0.010 
2025-05-23 10:51:05 | INFO |       62.361 ¦     3135           2              0.010 
2025-05-23 10:51:05 | INFO |       62.371 ¦     3136           2              0.010 
2025-05-23 10:51:05 | INFO |       62.381 ¦     3137           2              0.010 
2025-05-23 10:51:05 | INFO |       62.391 ¦     3138           2              0.010 
2025-05-23 10:51:05 | INFO |       62.401 ¦     3139           2              0.010 
2025-05-23 10:51:05 | INFO |       62.411 ¦     3140           2              0.010 
2025-05-23 10:51:05 | INFO |       62.421 ¦     3141           2              0.010 
2025-05-23 10:51:05 | INFO |       62.431 ¦     3142           2              0.010 
2025-05-23 10:51:05 | INFO |       62.441 ¦     3143           2              0.010 
2025-05-23 10:51:05 | INFO |       62.451 ¦     3144           2              0.010 
2025-05-23 10:51:05 | INFO |       62.461 ¦     3145           2              0.010 
2025-05-23 10:51:05 | INFO |       62.471 ¦     3146           2              0.010 
2025-05-23 10:51:05 | INFO |       62.481 ¦     3147           2              0.010 
2025-05-23 10:51:05 | INFO |       62.491 ¦     3148           2              0.010 
2025-05-23 10:51:05 | INFO |       62.501 ¦     3149           2              0.010 
2025-05-23 10:51:05 | INFO |       62.511 ¦     3150           2              0.010 
2025-05-23 10:51:05 | INFO |       62.521 ¦     3151           2              0.010 
2025-05-23 10:51:05 | INFO |       62.531 ¦     3152           2              0.010 
2025-05-23 10:51:05 | INFO |       62.541 ¦     3153           2              0.010 
2025-05-23 10:51:05 | INFO |       62.551 ¦     3154           2              0.010 
2025-05-23 10:51:05 | INFO |       62.561 ¦     3155           2              0.010 
2025-05-23 10:51:05 | INFO |       62.571 ¦     3156           2              0.010 
2025-05-23 10:51:05 | INFO |       62.581 ¦     3157           2              0.010 
2025-05-23 10:51:05 | INFO |       62.591 ¦     3158           2              0.010 
2025-05-23 10:51:05 | INFO |       62.601 ¦     3159           2              0.010 
2025-05-23 10:51:05 | INFO |       62.611 ¦     3160           2              0.010 
2025-05-23 10:51:05 | INFO |       62.621 ¦     3161           2              0.010 
2025-05-23 10:51:05 | INFO |       62.631 ¦     3162           2              0.010 
2025-05-23 10:51:05 | INFO |       62.641 ¦     3163           2              0.010 
2025-05-23 10:51:05 | INFO |       62.651 ¦     3164           2              0.010 
2025-05-23 10:51:05 | INFO |       62.661 ¦     3165           2              0.010 
2025-05-23 10:51:05 | INFO |       62.671 ¦     3166           2              0.010 
2025-05-23 10:51:05 | INFO |       62.681 ¦     3167           2              0.010 
2025-05-23 10:51:05 | INFO |       62.691 ¦     3168           2              0.010 
2025-05-23 10:51:05 | INFO |       62.701 ¦     3169           2              0.010 
2025-05-23 10:51:05 | INFO |       62.711 ¦     3170           2              0.010 
2025-05-23 10:51:05 | INFO |       62.721 ¦     3171           2              0.010 
2025-05-23 10:51:05 | INFO |       62.731 ¦     3172           2              0.010 
2025-05-23 10:51:05 | INFO |       62.741 ¦     3173           2              0.010 
2025-05-23 10:51:05 | INFO |       62.751 ¦     3174           2              0.010 
2025-05-23 10:51:05 | INFO |       62.761 ¦     3175           2              0.010 
2025-05-23 10:51:05 | INFO |       62.771 ¦     3176           2              0.010 
2025-05-23 10:51:05 | INFO |       62.781 ¦     3177           2              0.010 
2025-05-23 10:51:05 | INFO |       62.791 ¦     3178           2              0.010 
2025-05-23 10:51:05 | INFO |       62.801 ¦     3179           2              0.010 
2025-05-23 10:51:05 | INFO |       62.811 ¦     3180           2              0.010 
2025-05-23 10:51:05 | INFO |       62.821 ¦     3181           2              0.010 
2025-05-23 10:51:05 | INFO |       62.831 ¦     3182           2              0.010 
2025-05-23 10:51:05 | INFO |       62.841 ¦     3183           2              0.010 
2025-05-23 10:51:05 | INFO |       62.851 ¦     3184           2              0.010 
2025-05-23 10:51:05 | INFO |       62.861 ¦     3185           2              0.010 
2025-05-23 10:51:05 | INFO |       62.871 ¦     3186           2              0.010 
2025-05-23 10:51:05 | INFO |       62.881 ¦     3187           2              0.010 
2025-05-23 10:51:05 | INFO |       62.891 ¦     3188           2              0.010 
2025-05-23 10:51:05 | INFO |       62.901 ¦     3189           2              0.010 
2025-05-23 10:51:05 | INFO |       62.911 ¦     3190           2              0.010 
2025-05-23 10:51:05 | INFO |       62.921 ¦     3191           2              0.010 
2025-05-23 10:51:05 | INFO |       62.931 ¦     3192           2              0.010 
2025-05-23 10:51:05 | INFO |       62.941 ¦     3193           2              0.010 
2025-05-23 10:51:05 | INFO |       62.951 ¦     3194           2              0.010 
2025-05-23 10:51:05 | INFO |       62.961 ¦     3195           2              0.010 
2025-05-23 10:51:05 | INFO |       62.971 ¦     3196           2              0.010 
2025-05-23 10:51:05 | INFO |       62.981 ¦     3197           2              0.010 
2025-05-23 10:51:05 | INFO |       62.991 ¦     3198           2              0.010 
2025-05-23 10:51:05 | INFO |       63.001 ¦     3199           2              0.010 
2025-05-23 10:51:05 | INFO |       63.011 ¦     3200           2              0.010 
2025-05-23 10:51:05 | INFO |       63.021 ¦     3201           2              0.010 
2025-05-23 10:51:05 | INFO |       63.031 ¦     3202           2              0.010 
2025-05-23 10:51:05 | INFO |       63.041 ¦     3203           2              0.010 
2025-05-23 10:51:05 | INFO |       63.051 ¦     3204           2              0.010 
2025-05-23 10:51:05 | INFO |       63.061 ¦     3205           2              0.010 
2025-05-23 10:51:05 | INFO |       63.071 ¦     3206           2              0.010 
2025-05-23 10:51:05 | INFO |       63.081 ¦     3207           2              0.010 
2025-05-23 10:51:05 | INFO |       63.091 ¦     3208           2              0.010 
2025-05-23 10:51:05 | INFO |       63.101 ¦     3209           2              0.010 
2025-05-23 10:51:05 | INFO |       63.111 ¦     3210           2              0.010 
2025-05-23 10:51:05 | INFO |       63.121 ¦     3211           2              0.010 
2025-05-23 10:51:05 | INFO |       63.131 ¦     3212           2              0.010 
2025-05-23 10:51:05 | INFO |       63.141 ¦     3213           2              0.010 
2025-05-23 10:51:05 | INFO |       63.151 ¦     3214           2              0.010 
2025-05-23 10:51:05 | INFO |       63.161 ¦     3215           2              0.010 
2025-05-23 10:51:05 | INFO |       63.171 ¦     3216           2              0.010 
2025-05-23 10:51:05 | INFO |       63.181 ¦     3217           2              0.010 
2025-05-23 10:51:05 | INFO |       63.191 ¦     3218           2              0.010 
2025-05-23 10:51:05 | INFO |       63.201 ¦     3219           2              0.010 
2025-05-23 10:51:05 | INFO |       63.211 ¦     3220           2              0.010 
2025-05-23 10:51:05 | INFO |       63.221 ¦     3221           2              0.010 
2025-05-23 10:51:05 | INFO |       63.231 ¦     3222           2              0.010 
2025-05-23 10:51:05 | INFO |       63.241 ¦     3223           2              0.010 
2025-05-23 10:51:05 | INFO |       63.251 ¦     3224           2              0.010 
2025-05-23 10:51:05 | INFO |       63.261 ¦     3225           2              0.010 
2025-05-23 10:51:05 | INFO |       63.271 ¦     3226           2              0.010 
2025-05-23 10:51:05 | INFO |       63.281 ¦     3227           2              0.010 
2025-05-23 10:51:05 | INFO |       63.291 ¦     3228           2              0.010 
2025-05-23 10:51:05 | INFO |       63.301 ¦     3229           2              0.010 
2025-05-23 10:51:05 | INFO |       63.311 ¦     3230           2              0.010 
2025-05-23 10:51:05 | INFO |       63.321 ¦     3231           2              0.010 
2025-05-23 10:51:05 | INFO |       63.331 ¦     3232           2              0.010 
2025-05-23 10:51:05 | INFO |       63.341 ¦     3233           2              0.010 
2025-05-23 10:51:05 | INFO |       63.351 ¦     3234           2              0.010 
2025-05-23 10:51:05 | INFO |       63.361 ¦     3235           2              0.010 
2025-05-23 10:51:05 | INFO |       63.371 ¦     3236           2              0.010 
2025-05-23 10:51:05 | INFO |       63.381 ¦     3237           2              0.010 
2025-05-23 10:51:05 | INFO |       63.391 ¦     3238           2              0.010 
2025-05-23 10:51:05 | INFO |       63.401 ¦     3239           2              0.010 
2025-05-23 10:51:05 | INFO |       63.411 ¦     3240           2              0.010 
2025-05-23 10:51:05 | INFO |       63.421 ¦     3241           2              0.010 
2025-05-23 10:51:05 | INFO |       63.431 ¦     3242           2              0.010 
2025-05-23 10:51:05 | INFO |       63.441 ¦     3243           2              0.010 
2025-05-23 10:51:05 | INFO |       63.451 ¦     3244           2              0.010 
2025-05-23 10:51:05 | INFO |       63.461 ¦     3245           2              0.010 
2025-05-23 10:51:05 | INFO |       63.471 ¦     3246           2              0.010 
2025-05-23 10:51:05 | INFO |       63.481 ¦     3247           2              0.010 
2025-05-23 10:51:05 | INFO |       63.491 ¦     3248           2              0.010 
2025-05-23 10:51:05 | INFO |       63.501 ¦     3249           2              0.010 
2025-05-23 10:51:05 | INFO |       63.511 ¦     3250           2              0.010 
2025-05-23 10:51:05 | INFO |       63.521 ¦     3251           2              0.010 
2025-05-23 10:51:05 | INFO |       63.531 ¦     3252           2              0.010 
2025-05-23 10:51:05 | INFO |       63.541 ¦     3253           2              0.010 
2025-05-23 10:51:05 | INFO |       63.551 ¦     3254           2              0.010 
2025-05-23 10:51:05 | INFO |       63.561 ¦     3255           2              0.010 
2025-05-23 10:51:05 | INFO |       63.571 ¦     3256           2              0.010 
2025-05-23 10:51:05 | INFO |       63.581 ¦     3257           2              0.010 
2025-05-23 10:51:05 | INFO |       63.591 ¦     3258           2              0.010 
2025-05-23 10:51:05 | INFO |       63.601 ¦     3259           2              0.010 
2025-05-23 10:51:05 | INFO |       63.611 ¦     3260           2              0.010 
2025-05-23 10:51:05 | INFO |       63.621 ¦     3261           2              0.010 
2025-05-23 10:51:05 | INFO |       63.631 ¦     3262           2              0.010 
2025-05-23 10:51:05 | INFO |       63.641 ¦     3263           2              0.010 
2025-05-23 10:51:05 | INFO |       63.651 ¦     3264           2              0.010 
2025-05-23 10:51:05 | INFO |       63.661 ¦     3265           2              0.010 
2025-05-23 10:51:05 | INFO |       63.671 ¦     3266           2              0.010 
2025-05-23 10:51:05 | INFO |       63.681 ¦     3267           2              0.010 
2025-05-23 10:51:05 | INFO |       63.691 ¦     3268           2              0.010 
2025-05-23 10:51:05 | INFO |       63.701 ¦     3269           2              0.010 
2025-05-23 10:51:05 | INFO |       63.711 ¦     3270           2              0.010 
2025-05-23 10:51:05 | INFO |       63.721 ¦     3271           2              0.010 
2025-05-23 10:51:05 | INFO |       63.731 ¦     3272           2              0.010 
2025-05-23 10:51:05 | INFO |       63.741 ¦     3273           2              0.010 
2025-05-23 10:51:05 | INFO |       63.751 ¦     3274           2              0.010 
2025-05-23 10:51:05 | INFO |       63.761 ¦     3275           2              0.010 
2025-05-23 10:51:05 | INFO |       63.771 ¦     3276           2              0.010 
2025-05-23 10:51:05 | INFO |       63.781 ¦     3277           2              0.010 
2025-05-23 10:51:05 | INFO |       63.791 ¦     3278           2              0.010 
2025-05-23 10:51:05 | INFO |       63.801 ¦     3279           2              0.010 
2025-05-23 10:51:05 | INFO |       63.811 ¦     3280           2              0.010 
2025-05-23 10:51:05 | INFO |       63.821 ¦     3281           2              0.010 
2025-05-23 10:51:05 | INFO |       63.831 ¦     3282           2              0.010 
2025-05-23 10:51:05 | INFO |       63.841 ¦     3283           2              0.010 
2025-05-23 10:51:05 | INFO |       63.851 ¦     3284           2              0.010 
2025-05-23 10:51:05 | INFO |       63.861 ¦     3285           2              0.010 
2025-05-23 10:51:05 | INFO |       63.871 ¦     3286           2              0.010 
2025-05-23 10:51:05 | INFO |       63.881 ¦     3287           2              0.010 
2025-05-23 10:51:05 | INFO |       63.891 ¦     3288           2              0.010 
2025-05-23 10:51:05 | INFO |       63.901 ¦     3289           2              0.010 
2025-05-23 10:51:05 | INFO |       63.911 ¦     3290           2              0.010 
2025-05-23 10:51:05 | INFO |       63.921 ¦     3291           2              0.010 
2025-05-23 10:51:05 | INFO |       63.931 ¦     3292           2              0.010 
2025-05-23 10:51:05 | INFO |       63.941 ¦     3293           2              0.010 
2025-05-23 10:51:05 | INFO |       63.951 ¦     3294           2              0.010 
2025-05-23 10:51:05 | INFO |       63.961 ¦     3295           2              0.010 
2025-05-23 10:51:05 | INFO |       63.971 ¦     3296           2              0.010 
2025-05-23 10:51:05 | INFO |       63.981 ¦     3297           2              0.010 
2025-05-23 10:51:05 | INFO |       63.991 ¦     3298           2              0.010 
2025-05-23 10:51:05 | INFO |       64.001 ¦     3299           2              0.010 
2025-05-23 10:51:05 | INFO |       64.011 ¦     3300           2              0.010 
2025-05-23 10:51:05 | INFO |       64.021 ¦     3301           2              0.010 
2025-05-23 10:51:05 | INFO |       64.031 ¦     3302           2              0.010 
2025-05-23 10:51:05 | INFO |       64.041 ¦     3303           2              0.010 
2025-05-23 10:51:05 | INFO |       64.051 ¦     3304           2              0.010 
2025-05-23 10:51:05 | INFO |       64.061 ¦     3305           2              0.010 
2025-05-23 10:51:05 | INFO |       64.071 ¦     3306           2              0.010 
2025-05-23 10:51:05 | INFO |       64.081 ¦     3307           2              0.010 
2025-05-23 10:51:05 | INFO |       64.091 ¦     3308           2              0.010 
2025-05-23 10:51:05 | INFO |       64.101 ¦     3309           2              0.010 
2025-05-23 10:51:05 | INFO |       64.111 ¦     3310           2              0.010 
2025-05-23 10:51:05 | INFO |       64.121 ¦     3311           2              0.010 
2025-05-23 10:51:05 | INFO |       64.131 ¦     3312           2              0.010 
2025-05-23 10:51:05 | INFO |       64.141 ¦     3313           2              0.010 
2025-05-23 10:51:05 | INFO |       64.151 ¦     3314           2              0.010 
2025-05-23 10:51:05 | INFO |       64.161 ¦     3315           2              0.010 
2025-05-23 10:51:05 | INFO |       64.171 ¦     3316           2              0.010 
2025-05-23 10:51:05 | INFO |       64.181 ¦     3317           2              0.010 
2025-05-23 10:51:05 | INFO |       64.191 ¦     3318           2              0.010 
2025-05-23 10:51:05 | INFO |       64.201 ¦     3319           2              0.010 
2025-05-23 10:51:05 | INFO |       64.211 ¦     3320           2              0.010 
2025-05-23 10:51:05 | INFO |       64.221 ¦     3321           2              0.010 
2025-05-23 10:51:05 | INFO |       64.231 ¦     3322           2              0.010 
2025-05-23 10:51:05 | INFO |       64.241 ¦     3323           2              0.010 
2025-05-23 10:51:05 | INFO |       64.251 ¦     3324           2              0.010 
2025-05-23 10:51:05 | INFO |       64.261 ¦     3325           2              0.010 
2025-05-23 10:51:05 | INFO |       64.271 ¦     3326           2              0.010 
2025-05-23 10:51:05 | INFO |       64.281 ¦     3327           2              0.010 
2025-05-23 10:51:05 | INFO |       64.291 ¦     3328           2              0.010 
2025-05-23 10:51:05 | INFO |       64.301 ¦     3329           2              0.010 
2025-05-23 10:51:05 | INFO |       64.311 ¦     3330           2              0.010 
2025-05-23 10:51:05 | INFO |       64.321 ¦     3331           2              0.010 
2025-05-23 10:51:05 | INFO |       64.331 ¦     3332           2              0.010 
2025-05-23 10:51:05 | INFO |       64.341 ¦     3333           2              0.010 
2025-05-23 10:51:05 | INFO |       64.351 ¦     3334           2              0.010 
2025-05-23 10:51:05 | INFO |       64.361 ¦     3335           2              0.010 
2025-05-23 10:51:05 | INFO |       64.371 ¦     3336           2              0.010 
2025-05-23 10:51:05 | INFO |       64.381 ¦     3337           2              0.010 
2025-05-23 10:51:05 | INFO |       64.391 ¦     3338           2              0.010 
2025-05-23 10:51:05 | INFO |       64.401 ¦     3339           2              0.010 
2025-05-23 10:51:05 | INFO |       64.411 ¦     3340           2              0.010 
2025-05-23 10:51:05 | INFO |       64.421 ¦     3341           2              0.010 
2025-05-23 10:51:05 | INFO |       64.431 ¦     3342           2              0.010 
2025-05-23 10:51:05 | INFO |       64.441 ¦     3343           2              0.010 
2025-05-23 10:51:05 | INFO |       64.451 ¦     3344           2              0.010 
2025-05-23 10:51:05 | INFO |       64.461 ¦     3345           2              0.010 
2025-05-23 10:51:05 | INFO |       64.471 ¦     3346           2              0.010 
2025-05-23 10:51:05 | INFO |       64.481 ¦     3347           2              0.010 
2025-05-23 10:51:05 | INFO |       64.491 ¦     3348           2              0.010 
2025-05-23 10:51:05 | INFO |       64.501 ¦     3349           2              0.010 
2025-05-23 10:51:05 | INFO |       64.511 ¦     3350           2              0.010 
2025-05-23 10:51:05 | INFO |       64.521 ¦     3351           2              0.010 
2025-05-23 10:51:05 | INFO |       64.531 ¦     3352           2              0.010 
2025-05-23 10:51:05 | INFO |       64.541 ¦     3353           2              0.010 
2025-05-23 10:51:05 | INFO |       64.551 ¦     3354           2              0.010 
2025-05-23 10:51:05 | INFO |       64.561 ¦     3355           2              0.010 
2025-05-23 10:51:05 | INFO |       64.571 ¦     3356           2              0.010 
2025-05-23 10:51:05 | INFO |       64.581 ¦     3357           2              0.010 
2025-05-23 10:51:05 | INFO |       64.591 ¦     3358           2              0.010 
2025-05-23 10:51:05 | INFO |       64.601 ¦     3359           2              0.010 
2025-05-23 10:51:05 | INFO |       64.611 ¦     3360           2              0.010 
2025-05-23 10:51:05 | INFO |       64.621 ¦     3361           2              0.010 
2025-05-23 10:51:05 | INFO |       64.631 ¦     3362           2              0.010 
2025-05-23 10:51:05 | INFO |       64.641 ¦     3363           2              0.010 
2025-05-23 10:51:05 | INFO |       64.651 ¦     3364           2              0.010 
2025-05-23 10:51:05 | INFO |       64.661 ¦     3365           2              0.010 
2025-05-23 10:51:05 | INFO |       64.671 ¦     3366           2              0.010 
2025-05-23 10:51:05 | INFO |       64.681 ¦     3367           2              0.010 
2025-05-23 10:51:05 | INFO |       64.691 ¦     3368           2              0.010 
2025-05-23 10:51:05 | INFO |       64.701 ¦     3369           2              0.010 
2025-05-23 10:51:05 | INFO |       64.711 ¦     3370           2              0.010 
2025-05-23 10:51:05 | INFO |       64.721 ¦     3371           2              0.010 
2025-05-23 10:51:05 | INFO |       64.731 ¦     3372           2              0.010 
2025-05-23 10:51:05 | INFO |       64.741 ¦     3373           2              0.010 
2025-05-23 10:51:05 | INFO |       64.751 ¦     3374           2              0.010 
2025-05-23 10:51:05 | INFO |       64.761 ¦     3375           2              0.010 
2025-05-23 10:51:05 | INFO |       64.771 ¦     3376           2              0.010 
2025-05-23 10:51:05 | INFO |       64.781 ¦     3377           2              0.010 
2025-05-23 10:51:05 | INFO |       64.791 ¦     3378           2              0.010 
2025-05-23 10:51:05 | INFO |       64.801 ¦     3379           2              0.010 
2025-05-23 10:51:05 | INFO |       64.811 ¦     3380           2              0.010 
2025-05-23 10:51:05 | INFO |       64.821 ¦     3381           2              0.010 
2025-05-23 10:51:05 | INFO |       64.831 ¦     3382           2              0.010 
2025-05-23 10:51:05 | INFO |       64.841 ¦     3383           2              0.010 
2025-05-23 10:51:05 | INFO |       64.851 ¦     3384           2              0.010 
2025-05-23 10:51:05 | INFO |       64.861 ¦     3385           2              0.010 
2025-05-23 10:51:05 | INFO |       64.871 ¦     3386           2              0.010 
2025-05-23 10:51:05 | INFO |       64.881 ¦     3387           2              0.010 
2025-05-23 10:51:05 | INFO |       64.891 ¦     3388           2              0.010 
2025-05-23 10:51:05 | INFO |       64.901 ¦     3389           2              0.010 
2025-05-23 10:51:05 | INFO |       64.911 ¦     3390           2              0.010 
2025-05-23 10:51:05 | INFO |       64.921 ¦     3391           2              0.010 
2025-05-23 10:51:05 | INFO |       64.931 ¦     3392           2              0.010 
2025-05-23 10:51:05 | INFO |       64.941 ¦     3393           2              0.010 
2025-05-23 10:51:05 | INFO |       64.951 ¦     3394           2              0.010 
2025-05-23 10:51:05 | INFO |       64.961 ¦     3395           2              0.010 
2025-05-23 10:51:05 | INFO |       64.971 ¦     3396           2              0.010 
2025-05-23 10:51:05 | INFO |       64.981 ¦     3397           2              0.010 
2025-05-23 10:51:05 | INFO |       64.991 ¦     3398           2              0.010 
2025-05-23 10:51:05 | INFO |       65.001 ¦     3399           2              0.010 
2025-05-23 10:51:05 | INFO |       65.011 ¦     3400           2              0.010 
2025-05-23 10:51:05 | INFO |       65.021 ¦     3401           2              0.010 
2025-05-23 10:51:05 | INFO |       65.031 ¦     3402           2              0.010 
2025-05-23 10:51:05 | INFO |       65.041 ¦     3403           2              0.010 
2025-05-23 10:51:05 | INFO |       65.051 ¦     3404           2              0.010 
2025-05-23 10:51:05 | INFO |       65.061 ¦     3405           2              0.010 
2025-05-23 10:51:05 | INFO |       65.071 ¦     3406           2              0.010 
2025-05-23 10:51:05 | INFO |       65.081 ¦     3407           2              0.010 
2025-05-23 10:51:05 | INFO |       65.091 ¦     3408           2              0.010 
2025-05-23 10:51:05 | INFO |       65.101 ¦     3409           2              0.010 
2025-05-23 10:51:05 | INFO |       65.111 ¦     3410           2              0.010 
2025-05-23 10:51:05 | INFO |       65.121 ¦     3411           2              0.010 
2025-05-23 10:51:05 | INFO |       65.131 ¦     3412           2              0.010 
2025-05-23 10:51:05 | INFO |       65.141 ¦     3413           2              0.010 
2025-05-23 10:51:05 | INFO |       65.151 ¦     3414           2              0.010 
2025-05-23 10:51:05 | INFO |       65.161 ¦     3415           2              0.010 
2025-05-23 10:51:05 | INFO |       65.171 ¦     3416           2              0.010 
2025-05-23 10:51:05 | INFO |       65.181 ¦     3417           2              0.010 
2025-05-23 10:51:05 | INFO |       65.191 ¦     3418           2              0.010 
2025-05-23 10:51:05 | INFO |       65.201 ¦     3419           2              0.010 
2025-05-23 10:51:05 | INFO |       65.211 ¦     3420           2              0.010 
2025-05-23 10:51:05 | INFO |       65.221 ¦     3421           2              0.010 
2025-05-23 10:51:05 | INFO |       65.231 ¦     3422           2              0.010 
2025-05-23 10:51:05 | INFO |       65.241 ¦     3423           2              0.010 
2025-05-23 10:51:05 | INFO |       65.251 ¦     3424           2              0.010 
2025-05-23 10:51:05 | INFO |       65.261 ¦     3425           2              0.010 
2025-05-23 10:51:05 | INFO |       65.271 ¦     3426           2              0.010 
2025-05-23 10:51:05 | INFO |       65.281 ¦     3427           2              0.010 
2025-05-23 10:51:05 | INFO |       65.291 ¦     3428           2              0.010 
2025-05-23 10:51:05 | INFO |       65.301 ¦     3429           2              0.010 
2025-05-23 10:51:05 | INFO |       65.311 ¦     3430           2              0.010 
2025-05-23 10:51:05 | INFO |       65.321 ¦     3431           2              0.010 
2025-05-23 10:51:05 | INFO |       65.331 ¦     3432           2              0.010 
2025-05-23 10:51:05 | INFO |       65.341 ¦     3433           2              0.010 
2025-05-23 10:51:05 | INFO |       65.351 ¦     3434           2              0.010 
2025-05-23 10:51:05 | INFO |       65.361 ¦     3435           2              0.010 
2025-05-23 10:51:05 | INFO |       65.371 ¦     3436           2              0.010 
2025-05-23 10:51:05 | INFO |       65.381 ¦     3437           2              0.010 
2025-05-23 10:51:05 | INFO |       65.391 ¦     3438           2              0.010 
2025-05-23 10:51:05 | INFO |       65.401 ¦     3439           2              0.010 
2025-05-23 10:51:05 | INFO |       65.411 ¦     3440           2              0.010 
2025-05-23 10:51:05 | INFO |       65.421 ¦     3441           2              0.010 
2025-05-23 10:51:05 | INFO |       65.431 ¦     3442           2              0.010 
2025-05-23 10:51:05 | INFO |       65.441 ¦     3443           2              0.010 
2025-05-23 10:51:05 | INFO |       65.451 ¦     3444           2              0.010 
2025-05-23 10:51:05 | INFO |       65.461 ¦     3445           2              0.010 
2025-05-23 10:51:05 | INFO |       65.471 ¦     3446           2              0.010 
2025-05-23 10:51:05 | INFO |       65.481 ¦     3447           2              0.010 
2025-05-23 10:51:05 | INFO |       65.491 ¦     3448           2              0.010 
2025-05-23 10:51:05 | INFO |       65.501 ¦     3449           2              0.010 
2025-05-23 10:51:05 | INFO |       65.511 ¦     3450           2              0.010 
2025-05-23 10:51:05 | INFO |       65.521 ¦     3451           2              0.010 
2025-05-23 10:51:05 | INFO |       65.531 ¦     3452           2              0.010 
2025-05-23 10:51:05 | INFO |       65.541 ¦     3453           2              0.010 
2025-05-23 10:51:05 | INFO |       65.551 ¦     3454           2              0.010 
2025-05-23 10:51:05 | INFO |       65.561 ¦     3455           2              0.010 
2025-05-23 10:51:05 | INFO |       65.571 ¦     3456           2              0.010 
2025-05-23 10:51:05 | INFO |       65.581 ¦     3457           2              0.010 
2025-05-23 10:51:05 | INFO |       65.591 ¦     3458           2              0.010 
2025-05-23 10:51:05 | INFO |       65.601 ¦     3459           2              0.010 
2025-05-23 10:51:05 | INFO |       65.611 ¦     3460           2              0.010 
2025-05-23 10:51:05 | INFO |       65.621 ¦     3461           2              0.010 
2025-05-23 10:51:05 | INFO |       65.631 ¦     3462           2              0.010 
2025-05-23 10:51:05 | INFO |       65.641 ¦     3463           2              0.010 
2025-05-23 10:51:05 | INFO |       65.651 ¦     3464           2              0.010 
2025-05-23 10:51:05 | INFO |       65.661 ¦     3465           2              0.010 
2025-05-23 10:51:05 | INFO |       65.671 ¦     3466           2              0.010 
2025-05-23 10:51:05 | INFO |       65.681 ¦     3467           2              0.010 
2025-05-23 10:51:05 | INFO |       65.691 ¦     3468           2              0.010 
2025-05-23 10:51:05 | INFO |       65.701 ¦     3469           2              0.010 
2025-05-23 10:51:05 | INFO |       65.711 ¦     3470           2              0.010 
2025-05-23 10:51:05 | INFO |       65.721 ¦     3471           2              0.010 
2025-05-23 10:51:05 | INFO |       65.731 ¦     3472           2              0.010 
2025-05-23 10:51:05 | INFO |       65.741 ¦     3473           2              0.010 
2025-05-23 10:51:05 | INFO |       65.751 ¦     3474           2              0.010 
2025-05-23 10:51:05 | INFO |       65.761 ¦     3475           2              0.010 
2025-05-23 10:51:05 | INFO |       65.771 ¦     3476           2              0.010 
2025-05-23 10:51:05 | INFO |       65.781 ¦     3477           2              0.010 
2025-05-23 10:51:05 | INFO |       65.791 ¦     3478           2              0.010 
2025-05-23 10:51:05 | INFO |       65.801 ¦     3479           2              0.010 
2025-05-23 10:51:05 | INFO |       65.811 ¦     3480           2              0.010 
2025-05-23 10:51:05 | INFO |       65.821 ¦     3481           2              0.010 
2025-05-23 10:51:05 | INFO |       65.831 ¦     3482           2              0.010 
2025-05-23 10:51:05 | INFO |       65.841 ¦     3483           2              0.010 
2025-05-23 10:51:05 | INFO |       65.851 ¦     3484           2              0.010 
2025-05-23 10:51:05 | INFO |       65.861 ¦     3485           2              0.010 
2025-05-23 10:51:05 | INFO |       65.871 ¦     3486           2              0.010 
2025-05-23 10:51:05 | INFO |       65.881 ¦     3487           2              0.010 
2025-05-23 10:51:05 | INFO |       65.891 ¦     3488           2              0.010 
2025-05-23 10:51:05 | INFO |       65.901 ¦     3489           2              0.010 
2025-05-23 10:51:05 | INFO |       65.911 ¦     3490           2              0.010 
2025-05-23 10:51:05 | INFO |       65.921 ¦     3491           2              0.010 
2025-05-23 10:51:05 | INFO |       65.931 ¦     3492           2              0.010 
2025-05-23 10:51:05 | INFO |       65.941 ¦     3493           2              0.010 
2025-05-23 10:51:05 | INFO |       65.951 ¦     3494           2              0.010 
2025-05-23 10:51:05 | INFO |       65.961 ¦     3495           2              0.010 
2025-05-23 10:51:05 | INFO |       65.971 ¦     3496           2              0.010 
2025-05-23 10:51:05 | INFO |       65.981 ¦     3497           2              0.010 
2025-05-23 10:51:05 | INFO |       65.991 ¦     3498           2              0.010 
2025-05-23 10:51:05 | INFO |       66.001 ¦     3499           2              0.010 
2025-05-23 10:51:05 | INFO |       66.011 ¦     3500           2              0.010 
2025-05-23 10:51:05 | INFO |       66.021 ¦     3501           2              0.010 
2025-05-23 10:51:05 | INFO |       66.031 ¦     3502           2              0.010 
2025-05-23 10:51:05 | INFO |       66.041 ¦     3503           2              0.010 
2025-05-23 10:51:05 | INFO |       66.051 ¦     3504           2              0.010 
2025-05-23 10:51:05 | INFO |       66.061 ¦     3505           2              0.010 
2025-05-23 10:51:05 | INFO |       66.071 ¦     3506           2              0.010 
2025-05-23 10:51:05 | INFO |       66.081 ¦     3507           2              0.010 
2025-05-23 10:51:05 | INFO |       66.091 ¦     3508           2              0.010 
2025-05-23 10:51:05 | INFO |       66.101 ¦     3509           2              0.010 
2025-05-23 10:51:05 | INFO |       66.111 ¦     3510           2              0.010 
2025-05-23 10:51:05 | INFO |       66.121 ¦     3511           2              0.010 
2025-05-23 10:51:05 | INFO |       66.131 ¦     3512           2              0.010 
2025-05-23 10:51:05 | INFO |       66.141 ¦     3513           2              0.010 
2025-05-23 10:51:05 | INFO |       66.151 ¦     3514           2              0.010 
2025-05-23 10:51:05 | INFO |       66.161 ¦     3515           2              0.010 
2025-05-23 10:51:05 | INFO |       66.171 ¦     3516           2              0.010 
2025-05-23 10:51:05 | INFO |       66.181 ¦     3517           2              0.010 
2025-05-23 10:51:05 | INFO |       66.191 ¦     3518           2              0.010 
2025-05-23 10:51:05 | INFO |       66.201 ¦     3519           2              0.010 
2025-05-23 10:51:05 | INFO |       66.211 ¦     3520           2              0.010 
2025-05-23 10:51:05 | INFO |       66.221 ¦     3521           2              0.010 
2025-05-23 10:51:05 | INFO |       66.231 ¦     3522           2              0.010 
2025-05-23 10:51:05 | INFO |       66.241 ¦     3523           2              0.010 
2025-05-23 10:51:05 | INFO |       66.251 ¦     3524           2              0.010 
2025-05-23 10:51:05 | INFO |       66.261 ¦     3525           2              0.010 
2025-05-23 10:51:05 | INFO |       66.271 ¦     3526           2              0.010 
2025-05-23 10:51:05 | INFO |       66.281 ¦     3527           2              0.010 
2025-05-23 10:51:05 | INFO |       66.291 ¦     3528           2              0.010 
2025-05-23 10:51:05 | INFO |       66.301 ¦     3529           2              0.010 
2025-05-23 10:51:05 | INFO |       66.311 ¦     3530           2              0.010 
2025-05-23 10:51:05 | INFO |       66.321 ¦     3531           2              0.010 
2025-05-23 10:51:05 | INFO |       66.331 ¦     3532           2              0.010 
2025-05-23 10:51:05 | INFO |       66.341 ¦     3533           2              0.010 
2025-05-23 10:51:05 | INFO |       66.351 ¦     3534           2              0.010 
2025-05-23 10:51:05 | INFO |       66.361 ¦     3535           2              0.010 
2025-05-23 10:51:05 | INFO |       66.371 ¦     3536           2              0.010 
2025-05-23 10:51:05 | INFO |       66.381 ¦     3537           2              0.010 
2025-05-23 10:51:05 | INFO |       66.391 ¦     3538           2              0.010 
2025-05-23 10:51:05 | INFO |       66.401 ¦     3539           2              0.010 
2025-05-23 10:51:05 | INFO |       66.411 ¦     3540           2              0.010 
2025-05-23 10:51:05 | INFO |       66.421 ¦     3541           2              0.010 
2025-05-23 10:51:05 | INFO |       66.431 ¦     3542           2              0.010 
2025-05-23 10:51:05 | INFO |       66.441 ¦     3543           2              0.010 
2025-05-23 10:51:05 | INFO |       66.451 ¦     3544           2              0.010 
2025-05-23 10:51:05 | INFO |       66.461 ¦     3545           2              0.010 
2025-05-23 10:51:05 | INFO |       66.471 ¦     3546           2              0.010 
2025-05-23 10:51:05 | INFO |       66.481 ¦     3547           2              0.010 
2025-05-23 10:51:05 | INFO |       66.491 ¦     3548           2              0.010 
2025-05-23 10:51:05 | INFO |       66.501 ¦     3549           2              0.010 
2025-05-23 10:51:05 | INFO |       66.511 ¦     3550           2              0.010 
2025-05-23 10:51:05 | INFO |       66.521 ¦     3551           2              0.010 
2025-05-23 10:51:05 | INFO |       66.531 ¦     3552           2              0.010 
2025-05-23 10:51:05 | INFO |       66.541 ¦     3553           2              0.010 
2025-05-23 10:51:05 | INFO |       66.551 ¦     3554           2              0.010 
2025-05-23 10:51:05 | INFO |       66.561 ¦     3555           2              0.010 
2025-05-23 10:51:05 | INFO |       66.571 ¦     3556           2              0.010 
2025-05-23 10:51:05 | INFO |       66.581 ¦     3557           2              0.010 
2025-05-23 10:51:05 | INFO |       66.591 ¦     3558           2              0.010 
2025-05-23 10:51:05 | INFO |       66.601 ¦     3559           2              0.010 
2025-05-23 10:51:05 | INFO |       66.611 ¦     3560           2              0.010 
2025-05-23 10:51:05 | INFO |       66.621 ¦     3561           2              0.010 
2025-05-23 10:51:05 | INFO |       66.631 ¦     3562           2              0.010 
2025-05-23 10:51:05 | INFO |       66.641 ¦     3563           2              0.010 
2025-05-23 10:51:05 | INFO |       66.651 ¦     3564           2              0.010 
2025-05-23 10:51:05 | INFO |       66.661 ¦     3565           2              0.010 
2025-05-23 10:51:05 | INFO |       66.671 ¦     3566           2              0.010 
2025-05-23 10:51:05 | INFO |       66.681 ¦     3567           2              0.010 
2025-05-23 10:51:05 | INFO |       66.691 ¦     3568           2              0.010 
2025-05-23 10:51:05 | INFO |       66.701 ¦     3569           2              0.010 
2025-05-23 10:51:05 | INFO |       66.711 ¦     3570           2              0.010 
2025-05-23 10:51:05 | INFO |       66.721 ¦     3571           2              0.010 
2025-05-23 10:51:05 | INFO |       66.731 ¦     3572           2              0.010 
2025-05-23 10:51:05 | INFO |       66.741 ¦     3573           2              0.010 
2025-05-23 10:51:05 | INFO |       66.751 ¦     3574           2              0.010 
2025-05-23 10:51:05 | INFO |       66.761 ¦     3575           2              0.010 
2025-05-23 10:51:05 | INFO |       66.771 ¦     3576           2              0.010 
2025-05-23 10:51:05 | INFO |       66.781 ¦     3577           2              0.010 
2025-05-23 10:51:05 | INFO |       66.791 ¦     3578           2              0.010 
2025-05-23 10:51:05 | INFO |       66.801 ¦     3579           2              0.010 
2025-05-23 10:51:05 | INFO |       66.811 ¦     3580           2              0.010 
2025-05-23 10:51:05 | INFO |       66.821 ¦     3581           2              0.010 
2025-05-23 10:51:05 | INFO |       66.831 ¦     3582           2              0.010 
2025-05-23 10:51:05 | INFO |       66.841 ¦     3583           2              0.010 
2025-05-23 10:51:05 | INFO |       66.851 ¦     3584           2              0.010 
2025-05-23 10:51:05 | INFO |       66.861 ¦     3585           2              0.010 
2025-05-23 10:51:05 | INFO |       66.871 ¦     3586           2              0.010 
2025-05-23 10:51:05 | INFO |       66.881 ¦     3587           2              0.010 
2025-05-23 10:51:05 | INFO |       66.891 ¦     3588           2              0.010 
2025-05-23 10:51:05 | INFO |       66.901 ¦     3589           2              0.010 
2025-05-23 10:51:05 | INFO |       66.911 ¦     3590           2              0.010 
2025-05-23 10:51:05 | INFO |       66.921 ¦     3591           2              0.010 
2025-05-23 10:51:05 | INFO |       66.931 ¦     3592           2              0.010 
2025-05-23 10:51:05 | INFO |       66.941 ¦     3593           2              0.010 
2025-05-23 10:51:05 | INFO |       66.951 ¦     3594           2              0.010 
2025-05-23 10:51:05 | INFO |       66.961 ¦     3595           2              0.010 
2025-05-23 10:51:05 | INFO |       66.971 ¦     3596           2              0.010 
2025-05-23 10:51:05 | INFO |       66.981 ¦     3597           2              0.010 
2025-05-23 10:51:05 | INFO |       66.991 ¦     3598           2              0.010 
2025-05-23 10:51:05 | INFO |       67.001 ¦     3599           2              0.010 
2025-05-23 10:51:05 | INFO |       67.011 ¦     3600           2              0.010 
2025-05-23 10:51:05 | INFO |       67.021 ¦     3601           2              0.010 
2025-05-23 10:51:05 | INFO |       67.031 ¦     3602           2              0.010 
2025-05-23 10:51:05 | INFO |       67.041 ¦     3603           2              0.010 
2025-05-23 10:51:05 | INFO |       67.051 ¦     3604           2              0.010 
2025-05-23 10:51:05 | INFO |       67.061 ¦     3605           2              0.010 
2025-05-23 10:51:05 | INFO |       67.071 ¦     3606           2              0.010 
2025-05-23 10:51:05 | INFO |       67.081 ¦     3607           2              0.010 
2025-05-23 10:51:05 | INFO |       67.091 ¦     3608           2              0.010 
2025-05-23 10:51:05 | INFO |       67.101 ¦     3609           2              0.010 
2025-05-23 10:51:05 | INFO |       67.111 ¦     3610           2              0.010 
2025-05-23 10:51:05 | INFO |       67.121 ¦     3611           2              0.010 
2025-05-23 10:51:05 | INFO |       67.131 ¦     3612           2              0.010 
2025-05-23 10:51:05 | INFO |       67.141 ¦     3613           2              0.010 
2025-05-23 10:51:05 | INFO |       67.151 ¦     3614           2              0.010 
2025-05-23 10:51:05 | INFO |       67.161 ¦     3615           2              0.010 
2025-05-23 10:51:05 | INFO |       67.171 ¦     3616           2              0.010 
2025-05-23 10:51:05 | INFO |       67.181 ¦     3617           2              0.010 
2025-05-23 10:51:05 | INFO |       67.191 ¦     3618           2              0.010 
2025-05-23 10:51:05 | INFO |       67.201 ¦     3619           2              0.010 
2025-05-23 10:51:05 | INFO |       67.211 ¦     3620           2              0.010 
2025-05-23 10:51:05 | INFO |       67.221 ¦     3621           2              0.010 
2025-05-23 10:51:05 | INFO |       67.231 ¦     3622           2              0.010 
2025-05-23 10:51:05 | INFO |       67.241 ¦     3623           2              0.010 
2025-05-23 10:51:05 | INFO |       67.251 ¦     3624           2              0.010 
2025-05-23 10:51:05 | INFO |       67.261 ¦     3625           2              0.010 
2025-05-23 10:51:05 | INFO |       67.271 ¦     3626           2              0.010 
2025-05-23 10:51:05 | INFO |       67.281 ¦     3627           2              0.010 
2025-05-23 10:51:05 | INFO |       67.291 ¦     3628           2              0.010 
2025-05-23 10:51:05 | INFO |       67.301 ¦     3629           2              0.010 
2025-05-23 10:51:05 | INFO |       67.311 ¦     3630           2              0.010 
2025-05-23 10:51:05 | INFO |       67.321 ¦     3631           2              0.010 
2025-05-23 10:51:05 | INFO |       67.331 ¦     3632           2              0.010 
2025-05-23 10:51:05 | INFO |       67.341 ¦     3633           2              0.010 
2025-05-23 10:51:05 | INFO |       67.351 ¦     3634           2              0.010 
2025-05-23 10:51:05 | INFO |       67.361 ¦     3635           2              0.010 
2025-05-23 10:51:05 | INFO |       67.371 ¦     3636           2              0.010 
2025-05-23 10:51:05 | INFO |       67.381 ¦     3637           2              0.010 
2025-05-23 10:51:05 | INFO |       67.391 ¦     3638           2              0.010 
2025-05-23 10:51:05 | INFO |       67.401 ¦     3639           2              0.010 
2025-05-23 10:51:05 | INFO |       67.411 ¦     3640           2              0.010 
2025-05-23 10:51:05 | INFO |       67.421 ¦     3641           2              0.010 
2025-05-23 10:51:05 | INFO |       67.431 ¦     3642           2              0.010 
2025-05-23 10:51:05 | INFO |       67.441 ¦     3643           2              0.010 
2025-05-23 10:51:05 | INFO |       67.451 ¦     3644           2              0.010 
2025-05-23 10:51:05 | INFO |       67.461 ¦     3645           2              0.010 
2025-05-23 10:51:05 | INFO |       67.471 ¦     3646           2              0.010 
2025-05-23 10:51:05 | INFO |       67.481 ¦     3647           2              0.010 
2025-05-23 10:51:05 | INFO |       67.491 ¦     3648           2              0.010 
2025-05-23 10:51:05 | INFO |       67.501 ¦     3649           2              0.010 
2025-05-23 10:51:05 | INFO |       67.511 ¦     3650           2              0.010 
2025-05-23 10:51:05 | INFO |       67.521 ¦     3651           2              0.010 
2025-05-23 10:51:05 | INFO |       67.531 ¦     3652           2              0.010 
2025-05-23 10:51:05 | INFO |       67.541 ¦     3653           2              0.010 
2025-05-23 10:51:05 | INFO |       67.551 ¦     3654           2              0.010 
2025-05-23 10:51:05 | INFO |       67.561 ¦     3655           2              0.010 
2025-05-23 10:51:05 | INFO |       67.571 ¦     3656           2              0.010 
2025-05-23 10:51:05 | INFO |       67.581 ¦     3657           2              0.010 
2025-05-23 10:51:05 | INFO |       67.591 ¦     3658           2              0.010 
2025-05-23 10:51:05 | INFO |       67.601 ¦     3659           2              0.010 
2025-05-23 10:51:05 | INFO |       67.611 ¦     3660           2              0.010 
2025-05-23 10:51:05 | INFO |       67.621 ¦     3661           2              0.010 
2025-05-23 10:51:05 | INFO |       67.631 ¦     3662           2              0.010 
2025-05-23 10:51:05 | INFO |       67.641 ¦     3663           2              0.010 
2025-05-23 10:51:05 | INFO |       67.651 ¦     3664           2              0.010 
2025-05-23 10:51:05 | INFO |       67.661 ¦     3665           2              0.010 
2025-05-23 10:51:05 | INFO |       67.671 ¦     3666           2              0.010 
2025-05-23 10:51:05 | INFO |       67.681 ¦     3667           2              0.010 
2025-05-23 10:51:05 | INFO |       67.691 ¦     3668           2              0.010 
2025-05-23 10:51:05 | INFO |       67.701 ¦     3669           2              0.010 
2025-05-23 10:51:05 | INFO |       67.711 ¦     3670           2              0.010 
2025-05-23 10:51:05 | INFO |       67.721 ¦     3671           2              0.010 
2025-05-23 10:51:05 | INFO |       67.731 ¦     3672           2              0.010 
2025-05-23 10:51:05 | INFO |       67.741 ¦     3673           2              0.010 
2025-05-23 10:51:05 | INFO |       67.751 ¦     3674           2              0.010 
2025-05-23 10:51:05 | INFO |       67.761 ¦     3675           2              0.010 
2025-05-23 10:51:05 | INFO |       67.771 ¦     3676           2              0.010 
2025-05-23 10:51:05 | INFO |       67.781 ¦     3677           2              0.010 
2025-05-23 10:51:05 | INFO |       67.791 ¦     3678           2              0.010 
2025-05-23 10:51:05 | INFO |       67.801 ¦     3679           2              0.010 
2025-05-23 10:51:05 | INFO |       67.811 ¦     3680           2              0.010 
2025-05-23 10:51:05 | INFO |       67.821 ¦     3681           2              0.010 
2025-05-23 10:51:05 | INFO |       67.831 ¦     3682           2              0.010 
2025-05-23 10:51:05 | INFO |       67.841 ¦     3683           2              0.010 
2025-05-23 10:51:05 | INFO |       67.851 ¦     3684           2              0.010 
2025-05-23 10:51:05 | INFO |       67.861 ¦     3685           2              0.010 
2025-05-23 10:51:05 | INFO |       67.871 ¦     3686           2              0.010 
2025-05-23 10:51:05 | INFO |       67.881 ¦     3687           2              0.010 
2025-05-23 10:51:05 | INFO |       67.891 ¦     3688           2              0.010 
2025-05-23 10:51:05 | INFO |       67.901 ¦     3689           2              0.010 
2025-05-23 10:51:05 | INFO |       67.911 ¦     3690           2              0.010 
2025-05-23 10:51:05 | INFO |       67.921 ¦     3691           2              0.010 
2025-05-23 10:51:05 | INFO |       67.931 ¦     3692           2              0.010 
2025-05-23 10:51:05 | INFO |       67.941 ¦     3693           2              0.010 
2025-05-23 10:51:05 | INFO |       67.951 ¦     3694           2              0.010 
2025-05-23 10:51:05 | INFO |       67.961 ¦     3695           2              0.010 
2025-05-23 10:51:05 | INFO |       67.971 ¦     3696           2              0.010 
2025-05-23 10:51:05 | INFO |       67.981 ¦     3697           2              0.010 
2025-05-23 10:51:05 | INFO |       67.991 ¦     3698           2              0.010 
2025-05-23 10:51:05 | INFO |       68.001 ¦     3699           2              0.010 
2025-05-23 10:51:05 | INFO |       68.011 ¦     3700           2              0.010 
2025-05-23 10:51:05 | INFO |       68.021 ¦     3701           2              0.010 
2025-05-23 10:51:05 | INFO |       68.031 ¦     3702           2              0.010 
2025-05-23 10:51:05 | INFO |       68.041 ¦     3703           2              0.010 
2025-05-23 10:51:05 | INFO |       68.051 ¦     3704           2              0.010 
2025-05-23 10:51:05 | INFO |       68.061 ¦     3705           2              0.010 
2025-05-23 10:51:05 | INFO |       68.071 ¦     3706           2              0.010 
2025-05-23 10:51:05 | INFO |       68.081 ¦     3707           2              0.010 
2025-05-23 10:51:05 | INFO |       68.091 ¦     3708           2              0.010 
2025-05-23 10:51:05 | INFO |       68.101 ¦     3709           2              0.010 
2025-05-23 10:51:05 | INFO |       68.111 ¦     3710           2              0.010 
2025-05-23 10:51:05 | INFO |       68.121 ¦     3711           2              0.010 
2025-05-23 10:51:05 | INFO |       68.131 ¦     3712           2              0.010 
2025-05-23 10:51:05 | INFO |       68.141 ¦     3713           2              0.010 
2025-05-23 10:51:05 | INFO |       68.151 ¦     3714           2              0.010 
2025-05-23 10:51:05 | INFO |       68.161 ¦     3715           2              0.010 
2025-05-23 10:51:05 | INFO |       68.171 ¦     3716           2              0.010 
2025-05-23 10:51:05 | INFO |       68.181 ¦     3717           2              0.010 
2025-05-23 10:51:05 | INFO |       68.191 ¦     3718           2              0.010 
2025-05-23 10:51:05 | INFO |       68.201 ¦     3719           2              0.010 
2025-05-23 10:51:05 | INFO |       68.211 ¦     3720           2              0.010 
2025-05-23 10:51:05 | INFO |       68.221 ¦     3721           2              0.010 
2025-05-23 10:51:05 | INFO |       68.231 ¦     3722           2              0.010 
2025-05-23 10:51:05 | INFO |       68.241 ¦     3723           2              0.010 
2025-05-23 10:51:05 | INFO |       68.251 ¦     3724           2              0.010 
2025-05-23 10:51:05 | INFO |       68.261 ¦     3725           2              0.010 
2025-05-23 10:51:05 | INFO |       68.271 ¦     3726           2              0.010 
2025-05-23 10:51:05 | INFO |       68.281 ¦     3727           2              0.010 
2025-05-23 10:51:05 | INFO |       68.291 ¦     3728           2              0.010 
2025-05-23 10:51:05 | INFO |       68.301 ¦     3729           2              0.010 
2025-05-23 10:51:05 | INFO |       68.311 ¦     3730           2              0.010 
2025-05-23 10:51:05 | INFO |       68.321 ¦     3731           2              0.010 
2025-05-23 10:51:05 | INFO |       68.331 ¦     3732           2              0.010 
2025-05-23 10:51:05 | INFO |       68.341 ¦     3733           2              0.010 
2025-05-23 10:51:05 | INFO |       68.351 ¦     3734           2              0.010 
2025-05-23 10:51:05 | INFO |       68.361 ¦     3735           2              0.010 
2025-05-23 10:51:05 | INFO |       68.371 ¦     3736           2              0.010 
2025-05-23 10:51:05 | INFO |       68.381 ¦     3737           2              0.010 
2025-05-23 10:51:05 | INFO |       68.391 ¦     3738           2              0.010 
2025-05-23 10:51:05 | INFO |       68.401 ¦     3739           2              0.010 
2025-05-23 10:51:05 | INFO |       68.411 ¦     3740           2              0.010 
2025-05-23 10:51:05 | INFO |       68.421 ¦     3741           2              0.010 
2025-05-23 10:51:05 | INFO |       68.431 ¦     3742           2              0.010 
2025-05-23 10:51:05 | INFO |       68.441 ¦     3743           2              0.010 
2025-05-23 10:51:05 | INFO |       68.451 ¦     3744           2              0.010 
2025-05-23 10:51:05 | INFO |       68.461 ¦     3745           2              0.010 
2025-05-23 10:51:05 | INFO |       68.471 ¦     3746           2              0.010 
2025-05-23 10:51:05 | INFO |       68.481 ¦     3747           2              0.010 
2025-05-23 10:51:05 | INFO |       68.491 ¦     3748           2              0.010 
2025-05-23 10:51:05 | INFO |       68.501 ¦     3749           2              0.010 
2025-05-23 10:51:05 | INFO |       68.511 ¦     3750           2              0.010 
2025-05-23 10:51:05 | INFO |       68.521 ¦     3751           2              0.010 
2025-05-23 10:51:05 | INFO |       68.531 ¦     3752           2              0.010 
2025-05-23 10:51:05 | INFO |       68.541 ¦     3753           2              0.010 
2025-05-23 10:51:05 | INFO |       68.551 ¦     3754           2              0.010 
2025-05-23 10:51:05 | INFO |       68.561 ¦     3755           2              0.010 
2025-05-23 10:51:05 | INFO |       68.571 ¦     3756           2              0.010 
2025-05-23 10:51:05 | INFO |       68.581 ¦     3757           2              0.010 
2025-05-23 10:51:05 | INFO |       68.591 ¦     3758           2              0.010 
2025-05-23 10:51:05 | INFO |       68.601 ¦     3759           2              0.010 
2025-05-23 10:51:05 | INFO |       68.611 ¦     3760           2              0.010 
2025-05-23 10:51:05 | INFO |       68.621 ¦     3761           2              0.010 
2025-05-23 10:51:05 | INFO |       68.631 ¦     3762           2              0.010 
2025-05-23 10:51:05 | INFO |       68.641 ¦     3763           2              0.010 
2025-05-23 10:51:05 | INFO |       68.651 ¦     3764           2              0.010 
2025-05-23 10:51:05 | INFO |       68.661 ¦     3765           2              0.010 
2025-05-23 10:51:05 | INFO |       68.671 ¦     3766           2              0.010 
2025-05-23 10:51:05 | INFO |       68.681 ¦     3767           2              0.010 
2025-05-23 10:51:05 | INFO |       68.691 ¦     3768           2              0.010 
2025-05-23 10:51:05 | INFO |       68.701 ¦     3769           2              0.010 
2025-05-23 10:51:05 | INFO |       68.711 ¦     3770           2              0.010 
2025-05-23 10:51:05 | INFO |       68.721 ¦     3771           2              0.010 
2025-05-23 10:51:05 | INFO |       68.731 ¦     3772           2              0.010 
2025-05-23 10:51:05 | INFO |       68.741 ¦     3773           2              0.010 
2025-05-23 10:51:05 | INFO |       68.751 ¦     3774           2              0.010 
2025-05-23 10:51:05 | INFO |       68.761 ¦     3775           2              0.010 
2025-05-23 10:51:05 | INFO |       68.771 ¦     3776           2              0.010 
2025-05-23 10:51:05 | INFO |       68.781 ¦     3777           2              0.010 
2025-05-23 10:51:05 | INFO |       68.791 ¦     3778           2              0.010 
2025-05-23 10:51:05 | INFO |       68.801 ¦     3779           2              0.010 
2025-05-23 10:51:05 | INFO |       68.811 ¦     3780           2              0.010 
2025-05-23 10:51:05 | INFO |       68.821 ¦     3781           2              0.010 
2025-05-23 10:51:05 | INFO |       68.831 ¦     3782           2              0.010 
2025-05-23 10:51:05 | INFO |       68.841 ¦     3783           2              0.010 
2025-05-23 10:51:05 | INFO |       68.851 ¦     3784           2              0.010 
2025-05-23 10:51:05 | INFO |       68.861 ¦     3785           2              0.010 
2025-05-23 10:51:05 | INFO |       68.871 ¦     3786           2              0.010 
2025-05-23 10:51:05 | INFO |       68.881 ¦     3787           2              0.010 
2025-05-23 10:51:05 | INFO |       68.891 ¦     3788           2              0.010 
2025-05-23 10:51:05 | INFO |       68.901 ¦     3789           2              0.010 
2025-05-23 10:51:05 | INFO |       68.911 ¦     3790           2              0.010 
2025-05-23 10:51:05 | INFO |       68.921 ¦     3791           2              0.010 
2025-05-23 10:51:05 | INFO |       68.931 ¦     3792           2              0.010 
2025-05-23 10:51:05 | INFO |       68.941 ¦     3793           2              0.010 
2025-05-23 10:51:05 | INFO |       68.951 ¦     3794           2              0.010 
2025-05-23 10:51:05 | INFO |       68.961 ¦     3795           2              0.010 
2025-05-23 10:51:05 | INFO |       68.971 ¦     3796           2              0.010 
2025-05-23 10:51:05 | INFO |       68.981 ¦     3797           2              0.010 
2025-05-23 10:51:05 | INFO |       68.991 ¦     3798           2              0.010 
2025-05-23 10:51:05 | INFO |       69.001 ¦     3799           2              0.010 
2025-05-23 10:51:05 | INFO |       69.011 ¦     3800           2              0.010 
2025-05-23 10:51:05 | INFO |       69.021 ¦     3801           2              0.010 
2025-05-23 10:51:05 | INFO |       69.031 ¦     3802           2              0.010 
2025-05-23 10:51:05 | INFO |       69.041 ¦     3803           2              0.010 
2025-05-23 10:51:05 | INFO |       69.051 ¦     3804           2              0.010 
2025-05-23 10:51:05 | INFO |       69.061 ¦     3805           2              0.010 
2025-05-23 10:51:05 | INFO |       69.071 ¦     3806           2              0.010 
2025-05-23 10:51:05 | INFO |       69.081 ¦     3807           2              0.010 
2025-05-23 10:51:05 | INFO |       69.091 ¦     3808           2              0.010 
2025-05-23 10:51:05 | INFO |       69.101 ¦     3809           2              0.010 
2025-05-23 10:51:05 | INFO |       69.111 ¦     3810           2              0.010 
2025-05-23 10:51:05 | INFO |       69.121 ¦     3811           2              0.010 
2025-05-23 10:51:05 | INFO |       69.131 ¦     3812           2              0.010 
2025-05-23 10:51:05 | INFO |       69.141 ¦     3813           2              0.010 
2025-05-23 10:51:05 | INFO |       69.151 ¦     3814           2              0.010 
2025-05-23 10:51:05 | INFO |       69.161 ¦     3815           2              0.010 
2025-05-23 10:51:05 | INFO |       69.171 ¦     3816           2              0.010 
2025-05-23 10:51:05 | INFO |       69.181 ¦     3817           2              0.010 
2025-05-23 10:51:05 | INFO |       69.191 ¦     3818           2              0.010 
2025-05-23 10:51:05 | INFO |       69.201 ¦     3819           2              0.010 
2025-05-23 10:51:05 | INFO |       69.211 ¦     3820           2              0.010 
2025-05-23 10:51:05 | INFO |       69.221 ¦     3821           2              0.010 
2025-05-23 10:51:05 | INFO |       69.231 ¦     3822           2              0.010 
2025-05-23 10:51:05 | INFO |       69.241 ¦     3823           2              0.010 
2025-05-23 10:51:05 | INFO |       69.251 ¦     3824           2              0.010 
2025-05-23 10:51:05 | INFO |       69.261 ¦     3825           2              0.010 
2025-05-23 10:51:05 | INFO |       69.271 ¦     3826           2              0.010 
2025-05-23 10:51:05 | INFO |       69.281 ¦     3827           2              0.010 
2025-05-23 10:51:05 | INFO |       69.291 ¦     3828           2              0.010 
2025-05-23 10:51:05 | INFO |       69.301 ¦     3829           2              0.010 
2025-05-23 10:51:05 | INFO |       69.311 ¦     3830           2              0.010 
2025-05-23 10:51:05 | INFO |       69.321 ¦     3831           2              0.010 
2025-05-23 10:51:05 | INFO |       69.331 ¦     3832           2              0.010 
2025-05-23 10:51:05 | INFO |       69.341 ¦     3833           2              0.010 
2025-05-23 10:51:05 | INFO |       69.351 ¦     3834           2              0.010 
2025-05-23 10:51:05 | INFO |       69.361 ¦     3835           2              0.010 
2025-05-23 10:51:05 | INFO |       69.371 ¦     3836           2              0.010 
2025-05-23 10:51:05 | INFO |       69.381 ¦     3837           2              0.010 
2025-05-23 10:51:05 | INFO |       69.391 ¦     3838           2              0.010 
2025-05-23 10:51:05 | INFO |       69.401 ¦     3839           2              0.010 
2025-05-23 10:51:05 | INFO |       69.411 ¦     3840           2              0.010 
2025-05-23 10:51:05 | INFO |       69.421 ¦     3841           2              0.010 
2025-05-23 10:51:05 | INFO |       69.431 ¦     3842           2              0.010 
2025-05-23 10:51:05 | INFO |       69.441 ¦     3843           2              0.010 
2025-05-23 10:51:05 | INFO |       69.451 ¦     3844           2              0.010 
2025-05-23 10:51:05 | INFO |       69.461 ¦     3845           2              0.010 
2025-05-23 10:51:05 | INFO |       69.471 ¦     3846           2              0.010 
2025-05-23 10:51:05 | INFO |       69.481 ¦     3847           2              0.010 
2025-05-23 10:51:05 | INFO |       69.491 ¦     3848           2              0.010 
2025-05-23 10:51:05 | INFO |       69.501 ¦     3849           2              0.010 
2025-05-23 10:51:05 | INFO |       69.511 ¦     3850           2              0.010 
2025-05-23 10:51:05 | INFO |       69.521 ¦     3851           2              0.010 
2025-05-23 10:51:05 | INFO |       69.531 ¦     3852           2              0.010 
2025-05-23 10:51:05 | INFO |       69.541 ¦     3853           2              0.010 
2025-05-23 10:51:05 | INFO |       69.551 ¦     3854           2              0.010 
2025-05-23 10:51:05 | INFO |       69.561 ¦     3855           2              0.010 
2025-05-23 10:51:05 | INFO |       69.571 ¦     3856           2              0.010 
2025-05-23 10:51:05 | INFO |       69.581 ¦     3857           2              0.010 
2025-05-23 10:51:05 | INFO |       69.591 ¦     3858           2              0.010 
2025-05-23 10:51:05 | INFO |       69.601 ¦     3859           2              0.010 
2025-05-23 10:51:05 | INFO |       69.611 ¦     3860           2              0.010 
2025-05-23 10:51:05 | INFO |       69.621 ¦     3861           2              0.010 
2025-05-23 10:51:05 | INFO |       69.631 ¦     3862           2              0.010 
2025-05-23 10:51:05 | INFO |       69.641 ¦     3863           2              0.010 
2025-05-23 10:51:05 | INFO |       69.651 ¦     3864           2              0.010 
2025-05-23 10:51:05 | INFO |       69.661 ¦     3865           2              0.010 
2025-05-23 10:51:05 | INFO |       69.671 ¦     3866           2              0.010 
2025-05-23 10:51:05 | INFO |       69.681 ¦     3867           2              0.010 
2025-05-23 10:51:05 | INFO |       69.691 ¦     3868           2              0.010 
2025-05-23 10:51:05 | INFO |       69.701 ¦     3869           2              0.010 
2025-05-23 10:51:05 | INFO |       69.711 ¦     3870           2              0.010 
2025-05-23 10:51:05 | INFO |       69.721 ¦     3871           2              0.010 
2025-05-23 10:51:05 | INFO |       69.731 ¦     3872           2              0.010 
2025-05-23 10:51:05 | INFO |       69.741 ¦     3873           2              0.010 
2025-05-23 10:51:05 | INFO |       69.751 ¦     3874           2              0.010 
2025-05-23 10:51:05 | INFO |       69.761 ¦     3875           2              0.010 
2025-05-23 10:51:05 | INFO |       69.771 ¦     3876           2              0.010 
2025-05-23 10:51:05 | INFO |       69.781 ¦     3877           2              0.010 
2025-05-23 10:51:05 | INFO |       69.791 ¦     3878           2              0.010 
2025-05-23 10:51:05 | INFO |       69.801 ¦     3879           2              0.010 
2025-05-23 10:51:05 | INFO |       69.811 ¦     3880           2              0.010 
2025-05-23 10:51:05 | INFO |       69.821 ¦     3881           2              0.010 
2025-05-23 10:51:05 | INFO |       69.831 ¦     3882           2              0.010 
2025-05-23 10:51:05 | INFO |       69.841 ¦     3883           2              0.010 
2025-05-23 10:51:05 | INFO |       69.851 ¦     3884           2              0.010 
2025-05-23 10:51:05 | INFO |       69.861 ¦     3885           2              0.010 
2025-05-23 10:51:05 | INFO |       69.871 ¦     3886           2              0.010 
2025-05-23 10:51:05 | INFO |       69.881 ¦     3887           2              0.010 
2025-05-23 10:51:05 | INFO |       69.891 ¦     3888           2              0.010 
2025-05-23 10:51:05 | INFO |       69.901 ¦     3889           2              0.010 
2025-05-23 10:51:05 | INFO |       69.911 ¦     3890           2              0.010 
2025-05-23 10:51:05 | INFO |       69.921 ¦     3891           2              0.010 
2025-05-23 10:51:05 | INFO |       69.931 ¦     3892           2              0.010 
2025-05-23 10:51:05 | INFO |       69.941 ¦     3893           2              0.010 
2025-05-23 10:51:05 | INFO |       69.951 ¦     3894           2              0.010 
2025-05-23 10:51:05 | INFO |       69.961 ¦     3895           2              0.010 
2025-05-23 10:51:05 | INFO |       69.971 ¦     3896           2              0.010 
2025-05-23 10:51:05 | INFO |       69.981 ¦     3897           2              0.010 
2025-05-23 10:51:05 | INFO |       69.991 ¦     3898           2              0.010 
2025-05-23 10:51:05 | INFO |       70.001 ¦     3899           2              0.010 
2025-05-23 10:51:05 | INFO |       70.011 ¦     3900           2              0.010 
2025-05-23 10:51:05 | INFO |       70.021 ¦     3901           2              0.010 
2025-05-23 10:51:05 | INFO |       70.031 ¦     3902           2              0.010 
2025-05-23 10:51:05 | INFO |       70.041 ¦     3903           2              0.010 
2025-05-23 10:51:05 | INFO |       70.051 ¦     3904           2              0.010 
2025-05-23 10:51:05 | INFO |       70.061 ¦     3905           2              0.010 
2025-05-23 10:51:05 | INFO |       70.071 ¦     3906           2              0.010 
2025-05-23 10:51:05 | INFO |       70.081 ¦     3907           2              0.010 
2025-05-23 10:51:05 | INFO |       70.091 ¦     3908           2              0.010 
2025-05-23 10:51:05 | INFO |       70.101 ¦     3909           2              0.010 
2025-05-23 10:51:05 | INFO |       70.111 ¦     3910           2              0.010 
2025-05-23 10:51:05 | INFO |       70.121 ¦     3911           2              0.010 
2025-05-23 10:51:05 | INFO |       70.131 ¦     3912           2              0.010 
2025-05-23 10:51:05 | INFO |       70.141 ¦     3913           2              0.010 
2025-05-23 10:51:05 | INFO |       70.151 ¦     3914           2              0.010 
2025-05-23 10:51:05 | INFO |       70.161 ¦     3915           2              0.010 
2025-05-23 10:51:05 | INFO |       70.171 ¦     3916           2              0.010 
2025-05-23 10:51:05 | INFO |       70.181 ¦     3917           2              0.010 
2025-05-23 10:51:05 | INFO |       70.191 ¦     3918           2              0.010 
2025-05-23 10:51:05 | INFO |       70.201 ¦     3919           2              0.010 
2025-05-23 10:51:05 | INFO |       70.211 ¦     3920           2              0.010 
2025-05-23 10:51:05 | INFO |       70.221 ¦     3921           2              0.010 
2025-05-23 10:51:05 | INFO |       70.231 ¦     3922           2              0.010 
2025-05-23 10:51:05 | INFO |       70.241 ¦     3923           2              0.010 
2025-05-23 10:51:05 | INFO |       70.251 ¦     3924           2              0.010 
2025-05-23 10:51:05 | INFO |       70.261 ¦     3925           2              0.010 
2025-05-23 10:51:05 | INFO |       70.271 ¦     3926           2              0.010 
2025-05-23 10:51:05 | INFO |       70.281 ¦     3927           2              0.010 
2025-05-23 10:51:05 | INFO |       70.291 ¦     3928           2              0.010 
2025-05-23 10:51:05 | INFO |       70.301 ¦     3929           2              0.010 
2025-05-23 10:51:05 | INFO |       70.311 ¦     3930           2              0.010 
2025-05-23 10:51:05 | INFO |       70.321 ¦     3931           2              0.010 
2025-05-23 10:51:05 | INFO |       70.331 ¦     3932           2              0.010 
2025-05-23 10:51:05 | INFO |       70.341 ¦     3933           2              0.010 
2025-05-23 10:51:05 | INFO |       70.351 ¦     3934           2              0.010 
2025-05-23 10:51:05 | INFO |       70.361 ¦     3935           2              0.010 
2025-05-23 10:51:05 | INFO |       70.371 ¦     3936           2              0.010 
2025-05-23 10:51:05 | INFO |       70.381 ¦     3937           2              0.010 
2025-05-23 10:51:05 | INFO |       70.391 ¦     3938           2              0.010 
2025-05-23 10:51:05 | INFO |       70.401 ¦     3939           2              0.010 
2025-05-23 10:51:05 | INFO |       70.411 ¦     3940           2              0.010 
2025-05-23 10:51:05 | INFO |       70.421 ¦     3941           2              0.010 
2025-05-23 10:51:05 | INFO |       70.431 ¦     3942           2              0.010 
2025-05-23 10:51:05 | INFO |       70.441 ¦     3943           2              0.010 
2025-05-23 10:51:05 | INFO |       70.451 ¦     3944           2              0.010 
2025-05-23 10:51:05 | INFO |       70.461 ¦     3945           2              0.010 
2025-05-23 10:51:05 | INFO |       70.471 ¦     3946           2              0.010 
2025-05-23 10:51:05 | INFO |       70.481 ¦     3947           2              0.010 
2025-05-23 10:51:05 | INFO |       70.491 ¦     3948           2              0.010 
2025-05-23 10:51:05 | INFO |       70.501 ¦     3949           2              0.010 
2025-05-23 10:51:05 | INFO |       70.511 ¦     3950           2              0.010 
2025-05-23 10:51:05 | INFO |       70.521 ¦     3951           2              0.010 
2025-05-23 10:51:05 | INFO |       70.531 ¦     3952           2              0.010 
2025-05-23 10:51:05 | INFO |       70.541 ¦     3953           2              0.010 
2025-05-23 10:51:05 | INFO |       70.551 ¦     3954           2              0.010 
2025-05-23 10:51:05 | INFO |       70.561 ¦     3955           2              0.010 
2025-05-23 10:51:05 | INFO |       70.571 ¦     3956           2              0.010 
2025-05-23 10:51:05 | INFO |       70.581 ¦     3957           2              0.010 
2025-05-23 10:51:05 | INFO |       70.591 ¦     3958           2              0.010 
2025-05-23 10:51:05 | INFO |       70.601 ¦     3959           2              0.010 
2025-05-23 10:51:05 | INFO |       70.611 ¦     3960           2              0.010 
2025-05-23 10:51:05 | INFO |       70.621 ¦     3961           2              0.010 
2025-05-23 10:51:05 | INFO |       70.631 ¦     3962           2              0.010 
2025-05-23 10:51:05 | INFO |       70.641 ¦     3963           2              0.010 
2025-05-23 10:51:05 | INFO |       70.651 ¦     3964           2              0.010 
2025-05-23 10:51:05 | INFO |       70.661 ¦     3965           2              0.010 
2025-05-23 10:51:05 | INFO |       70.671 ¦     3966           2              0.010 
2025-05-23 10:51:05 | INFO |       70.681 ¦     3967           2              0.010 
2025-05-23 10:51:05 | INFO |       70.691 ¦     3968           2              0.010 
2025-05-23 10:51:05 | INFO |       70.701 ¦     3969           2              0.010 
2025-05-23 10:51:05 | INFO |       70.711 ¦     3970           2              0.010 
2025-05-23 10:51:05 | INFO |       70.721 ¦     3971           2              0.010 
2025-05-23 10:51:05 | INFO |       70.731 ¦     3972           2              0.010 
2025-05-23 10:51:05 | INFO |       70.741 ¦     3973           2              0.010 
2025-05-23 10:51:05 | INFO |       70.751 ¦     3974           2              0.010 
2025-05-23 10:51:05 | INFO |       70.761 ¦     3975           2              0.010 
2025-05-23 10:51:05 | INFO |       70.771 ¦     3976           2              0.010 
2025-05-23 10:51:05 | INFO |       70.781 ¦     3977           2              0.010 
2025-05-23 10:51:05 | INFO |       70.791 ¦     3978           2              0.010 
2025-05-23 10:51:05 | INFO |       70.801 ¦     3979           2              0.010 
2025-05-23 10:51:05 | INFO |       70.811 ¦     3980           2              0.010 
2025-05-23 10:51:05 | INFO |       70.821 ¦     3981           2              0.010 
2025-05-23 10:51:05 | INFO |       70.831 ¦     3982           2              0.010 
2025-05-23 10:51:05 | INFO |       70.841 ¦     3983           2              0.010 
2025-05-23 10:51:05 | INFO |       70.851 ¦     3984           2              0.010 
2025-05-23 10:51:05 | INFO |       70.861 ¦     3985           2              0.010 
2025-05-23 10:51:05 | INFO |       70.871 ¦     3986           2              0.010 
2025-05-23 10:51:05 | INFO |       70.881 ¦     3987           2              0.010 
2025-05-23 10:51:05 | INFO |       70.891 ¦     3988           2              0.010 
2025-05-23 10:51:05 | INFO |       70.901 ¦     3989           2              0.010 
2025-05-23 10:51:05 | INFO |       70.911 ¦     3990           2              0.010 
2025-05-23 10:51:05 | INFO |       70.921 ¦     3991           2              0.010 
2025-05-23 10:51:05 | INFO |       70.931 ¦     3992           2              0.010 
2025-05-23 10:51:05 | INFO |       70.941 ¦     3993           2              0.010 
2025-05-23 10:51:05 | INFO |       70.951 ¦     3994           2              0.010 
2025-05-23 10:51:05 | INFO |       70.961 ¦     3995           2              0.010 
2025-05-23 10:51:05 | INFO |       70.971 ¦     3996           2              0.010 
2025-05-23 10:51:05 | INFO |       70.981 ¦     3997           2              0.010 
2025-05-23 10:51:05 | INFO |       70.991 ¦     3998           2              0.010 
2025-05-23 10:51:05 | INFO |       71.001 ¦     3999           2              0.010 
2025-05-23 10:51:05 | INFO |       71.011 ¦     4000           2              0.010 
2025-05-23 10:51:05 | INFO |       71.021 ¦     4001           2              0.010 
2025-05-23 10:51:05 | INFO |       71.031 ¦     4002           2              0.010 
2025-05-23 10:51:05 | INFO |       71.041 ¦     4003           2              0.010 
2025-05-23 10:51:05 | INFO |       71.051 ¦     4004           2              0.010 
2025-05-23 10:51:05 | INFO |       71.061 ¦     4005           2              0.010 
2025-05-23 10:51:05 | INFO |       71.071 ¦     4006           2              0.010 
2025-05-23 10:51:05 | INFO |       71.081 ¦     4007           2              0.010 
2025-05-23 10:51:05 | INFO |       71.091 ¦     4008           2              0.010 
2025-05-23 10:51:05 | INFO |       71.101 ¦     4009           2              0.010 
2025-05-23 10:51:05 | INFO |       71.111 ¦     4010           2              0.010 
2025-05-23 10:51:05 | INFO |       71.121 ¦     4011           2              0.010 
2025-05-23 10:51:05 | INFO |       71.131 ¦     4012           2              0.010 
2025-05-23 10:51:05 | INFO |       71.141 ¦     4013           2              0.010 
2025-05-23 10:51:05 | INFO |       71.151 ¦     4014           2              0.010 
2025-05-23 10:51:05 | INFO |       71.161 ¦     4015           2              0.010 
2025-05-23 10:51:05 | INFO |       71.171 ¦     4016           2              0.010 
2025-05-23 10:51:05 | INFO |       71.181 ¦     4017           2              0.010 
2025-05-23 10:51:05 | INFO |       71.191 ¦     4018           2              0.010 
2025-05-23 10:51:05 | INFO |       71.201 ¦     4019           2              0.010 
2025-05-23 10:51:05 | INFO |       71.211 ¦     4020           2              0.010 
2025-05-23 10:51:05 | INFO |       71.221 ¦     4021           2              0.010 
2025-05-23 10:51:05 | INFO |       71.231 ¦     4022           2              0.010 
2025-05-23 10:51:05 | INFO |       71.241 ¦     4023           2              0.010 
2025-05-23 10:51:05 | INFO |       71.251 ¦     4024           2              0.010 
2025-05-23 10:51:05 | INFO |       71.261 ¦     4025           2              0.010 
2025-05-23 10:51:05 | INFO |       71.271 ¦     4026           2              0.010 
2025-05-23 10:51:05 | INFO |       71.281 ¦     4027           2              0.010 
2025-05-23 10:51:05 | INFO |       71.291 ¦     4028           2              0.010 
2025-05-23 10:51:05 | INFO |       71.301 ¦     4029           2              0.010 
2025-05-23 10:51:05 | INFO |       71.311 ¦     4030           2              0.010 
2025-05-23 10:51:05 | INFO |       71.321 ¦     4031           2              0.010 
2025-05-23 10:51:05 | INFO |       71.331 ¦     4032           2              0.010 
2025-05-23 10:51:05 | INFO |       71.341 ¦     4033           2              0.010 
2025-05-23 10:51:05 | INFO |       71.351 ¦     4034           2              0.010 
2025-05-23 10:51:05 | INFO |       71.361 ¦     4035           2              0.010 
2025-05-23 10:51:05 | INFO |       71.371 ¦     4036           2              0.010 
2025-05-23 10:51:05 | INFO |       71.381 ¦     4037           2              0.010 
2025-05-23 10:51:05 | INFO |       71.391 ¦     4038           2              0.010 
2025-05-23 10:51:05 | INFO |       71.401 ¦     4039           2              0.010 
2025-05-23 10:51:05 | INFO |       71.411 ¦     4040           2              0.010 
2025-05-23 10:51:05 | INFO |       71.421 ¦     4041           2              0.010 
2025-05-23 10:51:05 | INFO |       71.431 ¦     4042           2              0.010 
2025-05-23 10:51:05 | INFO |       71.441 ¦     4043           2              0.010 
2025-05-23 10:51:05 | INFO |       71.451 ¦     4044           2              0.010 
2025-05-23 10:51:05 | INFO |       71.461 ¦     4045           2              0.010 
2025-05-23 10:51:05 | INFO |       71.471 ¦     4046           2              0.010 
2025-05-23 10:51:05 | INFO |       71.481 ¦     4047           2              0.010 
2025-05-23 10:51:05 | INFO |       71.491 ¦     4048           2              0.010 
2025-05-23 10:51:05 | INFO |       71.501 ¦     4049           2              0.010 
2025-05-23 10:51:05 | INFO |       71.511 ¦     4050           2              0.010 
2025-05-23 10:51:05 | INFO |       71.521 ¦     4051           2              0.010 
2025-05-23 10:51:05 | INFO |       71.531 ¦     4052           2              0.010 
2025-05-23 10:51:05 | INFO |       71.541 ¦     4053           2              0.010 
2025-05-23 10:51:05 | INFO |       71.551 ¦     4054           2              0.010 
2025-05-23 10:51:05 | INFO |       71.561 ¦     4055           2              0.010 
2025-05-23 10:51:05 | INFO |       71.571 ¦     4056           2              0.010 
2025-05-23 10:51:05 | INFO |       71.581 ¦     4057           2              0.010 
2025-05-23 10:51:05 | INFO |       71.591 ¦     4058           2              0.010 
2025-05-23 10:51:05 | INFO |       71.601 ¦     4059           2              0.010 
2025-05-23 10:51:05 | INFO |       71.611 ¦     4060           2              0.010 
2025-05-23 10:51:05 | INFO |       71.621 ¦     4061           2              0.010 
2025-05-23 10:51:05 | INFO |       71.631 ¦     4062           2              0.010 
2025-05-23 10:51:05 | INFO |       71.641 ¦     4063           2              0.010 
2025-05-23 10:51:05 | INFO |       71.651 ¦     4064           2              0.010 
2025-05-23 10:51:05 | INFO |       71.661 ¦     4065           2              0.010 
2025-05-23 10:51:05 | INFO |       71.671 ¦     4066           2              0.010 
2025-05-23 10:51:05 | INFO |       71.681 ¦     4067           2              0.010 
2025-05-23 10:51:05 | INFO |       71.691 ¦     4068           2              0.010 
2025-05-23 10:51:05 | INFO |       71.701 ¦     4069           2              0.010 
2025-05-23 10:51:05 | INFO |       71.711 ¦     4070           2              0.010 
2025-05-23 10:51:05 | INFO |       71.721 ¦     4071           2              0.010 
2025-05-23 10:51:05 | INFO |       71.731 ¦     4072           2              0.010 
2025-05-23 10:51:05 | INFO |       71.741 ¦     4073           2              0.010 
2025-05-23 10:51:05 | INFO |       71.751 ¦     4074           2              0.010 
2025-05-23 10:51:05 | INFO |       71.761 ¦     4075           2              0.010 
2025-05-23 10:51:05 | INFO |       71.771 ¦     4076           2              0.010 
2025-05-23 10:51:05 | INFO |       71.781 ¦     4077           2              0.010 
2025-05-23 10:51:05 | INFO |       71.791 ¦     4078           2              0.010 
2025-05-23 10:51:05 | INFO |       71.801 ¦     4079           2              0.010 
2025-05-23 10:51:05 | INFO |       71.811 ¦     4080           2              0.010 
2025-05-23 10:51:05 | INFO |       71.821 ¦     4081           2              0.010 
2025-05-23 10:51:05 | INFO |       71.831 ¦     4082           2              0.010 
2025-05-23 10:51:05 | INFO |       71.841 ¦     4083           2              0.010 
2025-05-23 10:51:05 | INFO |       71.851 ¦     4084           2              0.010 
2025-05-23 10:51:05 | INFO |       71.861 ¦     4085           2              0.010 
2025-05-23 10:51:05 | INFO |       71.871 ¦     4086           2              0.010 
2025-05-23 10:51:05 | INFO |       71.881 ¦     4087           2              0.010 
2025-05-23 10:51:05 | INFO |       71.891 ¦     4088           2              0.010 
2025-05-23 10:51:05 | INFO |       71.901 ¦     4089           2              0.010 
2025-05-23 10:51:05 | INFO |       71.911 ¦     4090           2              0.010 
2025-05-23 10:51:05 | INFO |       71.921 ¦     4091           2              0.010 
2025-05-23 10:51:05 | INFO |       71.931 ¦     4092           2              0.010 
2025-05-23 10:51:05 | INFO |       71.941 ¦     4093           2              0.010 
2025-05-23 10:51:05 | INFO |       71.951 ¦     4094           2              0.010 
2025-05-23 10:51:05 | INFO |       71.961 ¦     4095           2              0.010 
2025-05-23 10:51:05 | INFO |       71.971 ¦     4096           2              0.010 
2025-05-23 10:51:05 | INFO |       71.981 ¦     4097           2              0.010 
2025-05-23 10:51:05 | INFO |       71.991 ¦     4098           2              0.010 
2025-05-23 10:51:05 | INFO |       72.001 ¦     4099           2              0.010 
2025-05-23 10:51:05 | INFO |       72.011 ¦     4100           2              0.010 
2025-05-23 10:51:05 | INFO |       72.021 ¦     4101           2              0.010 
2025-05-23 10:51:05 | INFO |       72.031 ¦     4102           2              0.010 
2025-05-23 10:51:05 | INFO |       72.041 ¦     4103           2              0.010 
2025-05-23 10:51:05 | INFO |       72.051 ¦     4104           2              0.010 
2025-05-23 10:51:05 | INFO |       72.061 ¦     4105           2              0.010 
2025-05-23 10:51:05 | INFO |       72.071 ¦     4106           2              0.010 
2025-05-23 10:51:05 | INFO |       72.081 ¦     4107           2              0.010 
2025-05-23 10:51:05 | INFO |       72.091 ¦     4108           2              0.010 
2025-05-23 10:51:05 | INFO |       72.101 ¦     4109           2              0.010 
2025-05-23 10:51:05 | INFO |       72.111 ¦     4110           2              0.010 
2025-05-23 10:51:05 | INFO |       72.121 ¦     4111           2              0.010 
2025-05-23 10:51:05 | INFO |       72.131 ¦     4112           2              0.010 
2025-05-23 10:51:05 | INFO |       72.141 ¦     4113           2              0.010 
2025-05-23 10:51:05 | INFO |       72.151 ¦     4114           2              0.010 
2025-05-23 10:51:05 | INFO |       72.161 ¦     4115           2              0.010 
2025-05-23 10:51:05 | INFO |       72.171 ¦     4116           2              0.010 
2025-05-23 10:51:05 | INFO |       72.181 ¦     4117           2              0.010 
2025-05-23 10:51:05 | INFO |       72.191 ¦     4118           2              0.010 
2025-05-23 10:51:05 | INFO |       72.201 ¦     4119           2              0.010 
2025-05-23 10:51:05 | INFO |       72.211 ¦     4120           2              0.010 
2025-05-23 10:51:05 | INFO |       72.221 ¦     4121           2              0.010 
2025-05-23 10:51:05 | INFO |       72.231 ¦     4122           2              0.010 
2025-05-23 10:51:05 | INFO |       72.241 ¦     4123           2              0.010 
2025-05-23 10:51:05 | INFO |       72.251 ¦     4124           2              0.010 
2025-05-23 10:51:05 | INFO |       72.261 ¦     4125           2              0.010 
2025-05-23 10:51:05 | INFO |       72.271 ¦     4126           2              0.010 
2025-05-23 10:51:05 | INFO |       72.281 ¦     4127           2              0.010 
2025-05-23 10:51:05 | INFO |       72.291 ¦     4128           2              0.010 
2025-05-23 10:51:05 | INFO |       72.301 ¦     4129           2              0.010 
2025-05-23 10:51:05 | INFO |       72.311 ¦     4130           2              0.010 
2025-05-23 10:51:05 | INFO |       72.321 ¦     4131           2              0.010 
2025-05-23 10:51:05 | INFO |       72.331 ¦     4132           2              0.010 
2025-05-23 10:51:05 | INFO |       72.341 ¦     4133           2              0.010 
2025-05-23 10:51:05 | INFO |       72.351 ¦     4134           2              0.010 
2025-05-23 10:51:05 | INFO |       72.361 ¦     4135           2              0.010 
2025-05-23 10:51:05 | INFO |       72.371 ¦     4136           2              0.010 
2025-05-23 10:51:05 | INFO |       72.381 ¦     4137           2              0.010 
2025-05-23 10:51:05 | INFO |       72.391 ¦     4138           2              0.010 
2025-05-23 10:51:05 | INFO |       72.401 ¦     4139           2              0.010 
2025-05-23 10:51:05 | INFO |       72.411 ¦     4140           2              0.010 
2025-05-23 10:51:05 | INFO |       72.421 ¦     4141           2              0.010 
2025-05-23 10:51:05 | INFO |       72.431 ¦     4142           2              0.010 
2025-05-23 10:51:05 | INFO |       72.441 ¦     4143           2              0.010 
2025-05-23 10:51:05 | INFO |       72.451 ¦     4144           2              0.010 
2025-05-23 10:51:05 | INFO |       72.461 ¦     4145           2              0.010 
2025-05-23 10:51:05 | INFO |       72.471 ¦     4146           2              0.010 
2025-05-23 10:51:05 | INFO |       72.481 ¦     4147           2              0.010 
2025-05-23 10:51:05 | INFO |       72.491 ¦     4148           2              0.010 
2025-05-23 10:51:05 | INFO |       72.501 ¦     4149           2              0.010 
2025-05-23 10:51:05 | INFO |       72.511 ¦     4150           2              0.010 
2025-05-23 10:51:05 | INFO |       72.521 ¦     4151           2              0.010 
2025-05-23 10:51:05 | INFO |       72.531 ¦     4152           2              0.010 
2025-05-23 10:51:05 | INFO |       72.541 ¦     4153           2              0.010 
2025-05-23 10:51:05 | INFO |       72.551 ¦     4154           2              0.010 
2025-05-23 10:51:05 | INFO |       72.561 ¦     4155           2              0.010 
2025-05-23 10:51:05 | INFO |       72.571 ¦     4156           2              0.010 
2025-05-23 10:51:05 | INFO |       72.581 ¦     4157           2              0.010 
2025-05-23 10:51:05 | INFO |       72.591 ¦     4158           2              0.010 
2025-05-23 10:51:05 | INFO |       72.601 ¦     4159           2              0.010 
2025-05-23 10:51:05 | INFO |       72.611 ¦     4160           2              0.010 
2025-05-23 10:51:05 | INFO |       72.621 ¦     4161           2              0.010 
2025-05-23 10:51:05 | INFO |       72.631 ¦     4162           2              0.010 
2025-05-23 10:51:05 | INFO |       72.641 ¦     4163           2              0.010 
2025-05-23 10:51:05 | INFO |       72.651 ¦     4164           2              0.010 
2025-05-23 10:51:05 | INFO |       72.661 ¦     4165           2              0.010 
2025-05-23 10:51:05 | INFO |       72.671 ¦     4166           2              0.010 
2025-05-23 10:51:05 | INFO |       72.681 ¦     4167           2              0.010 
2025-05-23 10:51:05 | INFO |       72.691 ¦     4168           2              0.010 
2025-05-23 10:51:05 | INFO |       72.701 ¦     4169           2              0.010 
2025-05-23 10:51:05 | INFO |       72.711 ¦     4170           2              0.010 
2025-05-23 10:51:05 | INFO |       72.721 ¦     4171           2              0.010 
2025-05-23 10:51:05 | INFO |       72.731 ¦     4172           2              0.010 
2025-05-23 10:51:05 | INFO |       72.741 ¦     4173           2              0.010 
2025-05-23 10:51:05 | INFO |       72.751 ¦     4174           2              0.010 
2025-05-23 10:51:05 | INFO |       72.761 ¦     4175           2              0.010 
2025-05-23 10:51:05 | INFO |       72.771 ¦     4176           2              0.010 
2025-05-23 10:51:05 | INFO |       72.781 ¦     4177           2              0.010 
2025-05-23 10:51:05 | INFO |       72.791 ¦     4178           2              0.010 
2025-05-23 10:51:05 | INFO |       72.801 ¦     4179           2              0.010 
2025-05-23 10:51:05 | INFO |       72.811 ¦     4180           2              0.010 
2025-05-23 10:51:05 | INFO |       72.821 ¦     4181           2              0.010 
2025-05-23 10:51:05 | INFO |       72.831 ¦     4182           2              0.010 
2025-05-23 10:51:05 | INFO |       72.841 ¦     4183           2              0.010 
2025-05-23 10:51:05 | INFO |       72.851 ¦     4184           2              0.010 
2025-05-23 10:51:05 | INFO |       72.861 ¦     4185           2              0.010 
2025-05-23 10:51:05 | INFO |       72.871 ¦     4186           2              0.010 
2025-05-23 10:51:05 | INFO |       72.881 ¦     4187           2              0.010 
2025-05-23 10:51:05 | INFO |       72.891 ¦     4188           2              0.010 
2025-05-23 10:51:05 | INFO |       72.901 ¦     4189           2              0.010 
2025-05-23 10:51:05 | INFO |       72.911 ¦     4190           2              0.010 
2025-05-23 10:51:05 | INFO |       72.921 ¦     4191           2              0.010 
2025-05-23 10:51:05 | INFO |       72.931 ¦     4192           2              0.010 
2025-05-23 10:51:05 | INFO |       72.941 ¦     4193           2              0.010 
2025-05-23 10:51:05 | INFO |       72.951 ¦     4194           2              0.010 
2025-05-23 10:51:05 | INFO |       72.961 ¦     4195           2              0.010 
2025-05-23 10:51:05 | INFO |       72.971 ¦     4196           2              0.010 
2025-05-23 10:51:05 | INFO |       72.981 ¦     4197           2              0.010 
2025-05-23 10:51:05 | INFO |       72.991 ¦     4198           2              0.010 
2025-05-23 10:51:05 | INFO |       73.001 ¦     4199           2              0.010 
2025-05-23 10:51:05 | INFO |       73.011 ¦     4200           2              0.010 
2025-05-23 10:51:05 | INFO |       73.021 ¦     4201           2              0.010 
2025-05-23 10:51:05 | INFO |       73.031 ¦     4202           2              0.010 
2025-05-23 10:51:05 | INFO |       73.041 ¦     4203           2              0.010 
2025-05-23 10:51:05 | INFO |       73.051 ¦     4204           2              0.010 
2025-05-23 10:51:05 | INFO |       73.061 ¦     4205           2              0.010 
2025-05-23 10:51:05 | INFO |       73.071 ¦     4206           2              0.010 
2025-05-23 10:51:05 | INFO |       73.081 ¦     4207           2              0.010 
2025-05-23 10:51:05 | INFO |       73.091 ¦     4208           2              0.010 
2025-05-23 10:51:05 | INFO |       73.101 ¦     4209           2              0.010 
2025-05-23 10:51:05 | INFO |       73.111 ¦     4210           2              0.010 
2025-05-23 10:51:05 | INFO |       73.121 ¦     4211           2              0.010 
2025-05-23 10:51:05 | INFO |       73.131 ¦     4212           2              0.010 
2025-05-23 10:51:05 | INFO |       73.141 ¦     4213           2              0.010 
2025-05-23 10:51:05 | INFO |       73.151 ¦     4214           2              0.010 
2025-05-23 10:51:05 | INFO |       73.161 ¦     4215           2              0.010 
2025-05-23 10:51:05 | INFO |       73.171 ¦     4216           2              0.010 
2025-05-23 10:51:05 | INFO |       73.181 ¦     4217           2              0.010 
2025-05-23 10:51:05 | INFO |       73.191 ¦     4218           2              0.010 
2025-05-23 10:51:05 | INFO |       73.201 ¦     4219           2              0.010 
2025-05-23 10:51:05 | INFO |       73.211 ¦     4220           2              0.010 
2025-05-23 10:51:05 | INFO |       73.221 ¦     4221           2              0.010 
2025-05-23 10:51:05 | INFO |       73.231 ¦     4222           2              0.010 
2025-05-23 10:51:05 | INFO |       73.241 ¦     4223           2              0.010 
2025-05-23 10:51:05 | INFO |       73.251 ¦     4224           2              0.010 
2025-05-23 10:51:05 | INFO |       73.261 ¦     4225           2              0.010 
2025-05-23 10:51:05 | INFO |       73.271 ¦     4226           2              0.010 
2025-05-23 10:51:05 | INFO |       73.281 ¦     4227           2              0.010 
2025-05-23 10:51:05 | INFO |       73.291 ¦     4228           2              0.010 
2025-05-23 10:51:05 | INFO |       73.301 ¦     4229           2              0.010 
2025-05-23 10:51:05 | INFO |       73.311 ¦     4230           2              0.010 
2025-05-23 10:51:05 | INFO |       73.321 ¦     4231           2              0.010 
2025-05-23 10:51:05 | INFO |       73.331 ¦     4232           2              0.010 
2025-05-23 10:51:05 | INFO |       73.341 ¦     4233           2              0.010 
2025-05-23 10:51:05 | INFO |       73.351 ¦     4234           2              0.010 
2025-05-23 10:51:05 | INFO |       73.361 ¦     4235           2              0.010 
2025-05-23 10:51:05 | INFO |       73.371 ¦     4236           2              0.010 
2025-05-23 10:51:05 | INFO |       73.381 ¦     4237           2              0.010 
2025-05-23 10:51:05 | INFO |       73.391 ¦     4238           2              0.010 
2025-05-23 10:51:05 | INFO |       73.401 ¦     4239           2              0.010 
2025-05-23 10:51:05 | INFO |       73.411 ¦     4240           2              0.010 
2025-05-23 10:51:05 | INFO |       73.421 ¦     4241           2              0.010 
2025-05-23 10:51:05 | INFO |       73.431 ¦     4242           2              0.010 
2025-05-23 10:51:05 | INFO |       73.441 ¦     4243           2              0.010 
2025-05-23 10:51:05 | INFO |       73.451 ¦     4244           2              0.010 
2025-05-23 10:51:05 | INFO |       73.461 ¦     4245           2              0.010 
2025-05-23 10:51:05 | INFO |       73.471 ¦     4246           2              0.010 
2025-05-23 10:51:05 | INFO |       73.481 ¦     4247           2              0.010 
2025-05-23 10:51:05 | INFO |       73.491 ¦     4248           2              0.010 
2025-05-23 10:51:05 | INFO |       73.501 ¦     4249           2              0.010 
2025-05-23 10:51:05 | INFO |       73.511 ¦     4250           2              0.010 
2025-05-23 10:51:05 | INFO |       73.521 ¦     4251           2              0.010 
2025-05-23 10:51:05 | INFO |       73.531 ¦     4252           2              0.010 
2025-05-23 10:51:05 | INFO |       73.541 ¦     4253           2              0.010 
2025-05-23 10:51:05 | INFO |       73.551 ¦     4254           2              0.010 
2025-05-23 10:51:05 | INFO |       73.561 ¦     4255           2              0.010 
2025-05-23 10:51:05 | INFO |       73.571 ¦     4256           2              0.010 
2025-05-23 10:51:05 | INFO |       73.581 ¦     4257           2              0.010 
2025-05-23 10:51:05 | INFO |       73.591 ¦     4258           2              0.010 
2025-05-23 10:51:05 | INFO |       73.601 ¦     4259           2              0.010 
2025-05-23 10:51:05 | INFO |       73.611 ¦     4260           2              0.010 
2025-05-23 10:51:05 | INFO |       73.621 ¦     4261           2              0.010 
2025-05-23 10:51:05 | INFO |       73.631 ¦     4262           2              0.010 
2025-05-23 10:51:05 | INFO |       73.641 ¦     4263           2              0.010 
2025-05-23 10:51:05 | INFO |       73.651 ¦     4264           2              0.010 
2025-05-23 10:51:05 | INFO |       73.661 ¦     4265           2              0.010 
2025-05-23 10:51:05 | INFO |       73.671 ¦     4266           2              0.010 
2025-05-23 10:51:05 | INFO |       73.681 ¦     4267           2              0.010 
2025-05-23 10:51:05 | INFO |       73.691 ¦     4268           2              0.010 
2025-05-23 10:51:05 | INFO |       73.701 ¦     4269           2              0.010 
2025-05-23 10:51:05 | INFO |       73.711 ¦     4270           2              0.010 
2025-05-23 10:51:05 | INFO |       73.721 ¦     4271           2              0.010 
2025-05-23 10:51:05 | INFO |       73.731 ¦     4272           2              0.010 
2025-05-23 10:51:05 | INFO |       73.741 ¦     4273           2              0.010 
2025-05-23 10:51:05 | INFO |       73.751 ¦     4274           2              0.010 
2025-05-23 10:51:05 | INFO |       73.761 ¦     4275           2              0.010 
2025-05-23 10:51:05 | INFO |       73.771 ¦     4276           2              0.010 
2025-05-23 10:51:05 | INFO |       73.781 ¦     4277           2              0.010 
2025-05-23 10:51:05 | INFO |       73.791 ¦     4278           2              0.010 
2025-05-23 10:51:05 | INFO |       73.801 ¦     4279           2              0.010 
2025-05-23 10:51:05 | INFO |       73.811 ¦     4280           2              0.010 
2025-05-23 10:51:05 | INFO |       73.821 ¦     4281           2              0.010 
2025-05-23 10:51:05 | INFO |       73.831 ¦     4282           2              0.010 
2025-05-23 10:51:05 | INFO |       73.841 ¦     4283           2              0.010 
2025-05-23 10:51:05 | INFO |       73.851 ¦     4284           2              0.010 
2025-05-23 10:51:05 | INFO |       73.861 ¦     4285           2              0.010 
2025-05-23 10:51:05 | INFO |       73.871 ¦     4286           2              0.010 
2025-05-23 10:51:05 | INFO |       73.881 ¦     4287           2              0.010 
2025-05-23 10:51:05 | INFO |       73.891 ¦     4288           2              0.010 
2025-05-23 10:51:05 | INFO |       73.901 ¦     4289           2              0.010 
2025-05-23 10:51:05 | INFO |       73.911 ¦     4290           2              0.010 
2025-05-23 10:51:05 | INFO |       73.921 ¦     4291           2              0.010 
2025-05-23 10:51:05 | INFO |       73.931 ¦     4292           2              0.010 
2025-05-23 10:51:05 | INFO |       73.941 ¦     4293           2              0.010 
2025-05-23 10:51:05 | INFO |       73.951 ¦     4294           2              0.010 
2025-05-23 10:51:05 | INFO |       73.961 ¦     4295           2              0.010 
2025-05-23 10:51:05 | INFO |       73.971 ¦     4296           2              0.010 
2025-05-23 10:51:05 | INFO |       73.981 ¦     4297           2              0.010 
2025-05-23 10:51:05 | INFO |       73.991 ¦     4298           2              0.010 
2025-05-23 10:51:05 | INFO |       74.001 ¦     4299           2              0.010 
2025-05-23 10:51:05 | INFO |       74.011 ¦     4300           2              0.010 
2025-05-23 10:51:05 | INFO |       74.021 ¦     4301           2              0.010 
2025-05-23 10:51:05 | INFO |       74.031 ¦     4302           2              0.010 
2025-05-23 10:51:05 | INFO |       74.041 ¦     4303           2              0.010 
2025-05-23 10:51:05 | INFO |       74.051 ¦     4304           2              0.010 
2025-05-23 10:51:05 | INFO |       74.061 ¦     4305           2              0.010 
2025-05-23 10:51:05 | INFO |       74.071 ¦     4306           2              0.010 
2025-05-23 10:51:05 | INFO |       74.081 ¦     4307           2              0.010 
2025-05-23 10:51:05 | INFO |       74.091 ¦     4308           2              0.010 
2025-05-23 10:51:05 | INFO |       74.101 ¦     4309           2              0.010 
2025-05-23 10:51:05 | INFO |       74.111 ¦     4310           2              0.010 
2025-05-23 10:51:05 | INFO |       74.121 ¦     4311           2              0.010 
2025-05-23 10:51:05 | INFO |       74.131 ¦     4312           2              0.010 
2025-05-23 10:51:05 | INFO |       74.141 ¦     4313           2              0.010 
2025-05-23 10:51:05 | INFO |       74.151 ¦     4314           2              0.010 
2025-05-23 10:51:05 | INFO |       74.161 ¦     4315           2              0.010 
2025-05-23 10:51:05 | INFO |       74.171 ¦     4316           2              0.010 
2025-05-23 10:51:05 | INFO |       74.181 ¦     4317           2              0.010 
2025-05-23 10:51:05 | INFO |       74.191 ¦     4318           2              0.010 
2025-05-23 10:51:05 | INFO |       74.201 ¦     4319           2              0.010 
2025-05-23 10:51:05 | INFO |       74.211 ¦     4320           2              0.010 
2025-05-23 10:51:05 | INFO |       74.221 ¦     4321           2              0.010 
2025-05-23 10:51:05 | INFO |       74.231 ¦     4322           2              0.010 
2025-05-23 10:51:05 | INFO |       74.241 ¦     4323           2              0.010 
2025-05-23 10:51:05 | INFO |       74.251 ¦     4324           2              0.010 
2025-05-23 10:51:05 | INFO |       74.261 ¦     4325           2              0.010 
2025-05-23 10:51:05 | INFO |       74.271 ¦     4326           2              0.010 
2025-05-23 10:51:05 | INFO |       74.281 ¦     4327           2              0.010 
2025-05-23 10:51:05 | INFO |       74.291 ¦     4328           2              0.010 
2025-05-23 10:51:05 | INFO |       74.301 ¦     4329           2              0.010 
2025-05-23 10:51:05 | INFO |       74.311 ¦     4330           2              0.010 
2025-05-23 10:51:05 | INFO |       74.321 ¦     4331           2              0.010 
2025-05-23 10:51:05 | INFO |       74.331 ¦     4332           2              0.010 
2025-05-23 10:51:05 | INFO |       74.341 ¦     4333           2              0.010 
2025-05-23 10:51:05 | INFO |       74.351 ¦     4334           2              0.010 
2025-05-23 10:51:05 | INFO |       74.361 ¦     4335           2              0.010 
2025-05-23 10:51:05 | INFO |       74.371 ¦     4336           2              0.010 
2025-05-23 10:51:05 | INFO |       74.381 ¦     4337           2              0.010 
2025-05-23 10:51:05 | INFO |       74.391 ¦     4338           2              0.010 
2025-05-23 10:51:05 | INFO |       74.401 ¦     4339           2              0.010 
2025-05-23 10:51:05 | INFO |       74.411 ¦     4340           2              0.010 
2025-05-23 10:51:05 | INFO |       74.421 ¦     4341           2              0.010 
2025-05-23 10:51:05 | INFO |       74.431 ¦     4342           2              0.010 
2025-05-23 10:51:05 | INFO |       74.441 ¦     4343           2              0.010 
2025-05-23 10:51:05 | INFO |       74.451 ¦     4344           2              0.010 
2025-05-23 10:51:05 | INFO |       74.461 ¦     4345           2              0.010 
2025-05-23 10:51:05 | INFO |       74.471 ¦     4346           2              0.010 
2025-05-23 10:51:05 | INFO |       74.481 ¦     4347           2              0.010 
2025-05-23 10:51:05 | INFO |       74.491 ¦     4348           2              0.010 
2025-05-23 10:51:05 | INFO |       74.501 ¦     4349           2              0.010 
2025-05-23 10:51:05 | INFO |       74.511 ¦     4350           2              0.010 
2025-05-23 10:51:05 | INFO |       74.521 ¦     4351           2              0.010 
2025-05-23 10:51:05 | INFO |       74.531 ¦     4352           2              0.010 
2025-05-23 10:51:05 | INFO |       74.541 ¦     4353           2              0.010 
2025-05-23 10:51:05 | INFO |       74.551 ¦     4354           2              0.010 
2025-05-23 10:51:05 | INFO |       74.561 ¦     4355           2              0.010 
2025-05-23 10:51:05 | INFO |       74.571 ¦     4356           2              0.010 
2025-05-23 10:51:05 | INFO |       74.581 ¦     4357           2              0.010 
2025-05-23 10:51:05 | INFO |       74.591 ¦     4358           2              0.010 
2025-05-23 10:51:05 | INFO |       74.601 ¦     4359           2              0.010 
2025-05-23 10:51:05 | INFO |       74.611 ¦     4360           2              0.010 
2025-05-23 10:51:05 | INFO |       74.621 ¦     4361           2              0.010 
2025-05-23 10:51:05 | INFO |       74.631 ¦     4362           2              0.010 
2025-05-23 10:51:05 | INFO |       74.641 ¦     4363           2              0.010 
2025-05-23 10:51:05 | INFO |       74.651 ¦     4364           2              0.010 
2025-05-23 10:51:05 | INFO |       74.661 ¦     4365           2              0.010 
2025-05-23 10:51:05 | INFO |       74.671 ¦     4366           2              0.010 
2025-05-23 10:51:05 | INFO |       74.681 ¦     4367           2              0.010 
2025-05-23 10:51:05 | INFO |       74.691 ¦     4368           2              0.010 
2025-05-23 10:51:05 | INFO |       74.701 ¦     4369           2              0.010 
2025-05-23 10:51:05 | INFO |       74.711 ¦     4370           2              0.010 
2025-05-23 10:51:05 | INFO |       74.721 ¦     4371           2              0.010 
2025-05-23 10:51:05 | INFO |       74.731 ¦     4372           2              0.010 
2025-05-23 10:51:05 | INFO |       74.741 ¦     4373           2              0.010 
2025-05-23 10:51:05 | INFO |       74.751 ¦     4374           2              0.010 
2025-05-23 10:51:05 | INFO |       74.761 ¦     4375           2              0.010 
2025-05-23 10:51:05 | INFO |       74.771 ¦     4376           2              0.010 
2025-05-23 10:51:05 | INFO |       74.781 ¦     4377           2              0.010 
2025-05-23 10:51:05 | INFO |       74.791 ¦     4378           2              0.010 
2025-05-23 10:51:05 | INFO |       74.801 ¦     4379           2              0.010 
2025-05-23 10:51:05 | INFO |       74.811 ¦     4380           2              0.010 
2025-05-23 10:51:05 | INFO |       74.821 ¦     4381           2              0.010 
2025-05-23 10:51:05 | INFO |       74.831 ¦     4382           2              0.010 
2025-05-23 10:51:05 | INFO |       74.841 ¦     4383           2              0.010 
2025-05-23 10:51:05 | INFO |       74.851 ¦     4384           2              0.010 
2025-05-23 10:51:05 | INFO |       74.861 ¦     4385           2              0.010 
2025-05-23 10:51:05 | INFO |       74.871 ¦     4386           2              0.010 
2025-05-23 10:51:05 | INFO |       74.881 ¦     4387           2              0.010 
2025-05-23 10:51:05 | INFO |       74.891 ¦     4388           2              0.010 
2025-05-23 10:51:05 | INFO |       74.901 ¦     4389           2              0.010 
2025-05-23 10:51:05 | INFO |       74.911 ¦     4390           2              0.010 
2025-05-23 10:51:05 | INFO |       74.921 ¦     4391           2              0.010 
2025-05-23 10:51:05 | INFO |       74.931 ¦     4392           2              0.010 
2025-05-23 10:51:05 | INFO |       74.941 ¦     4393           2              0.010 
2025-05-23 10:51:05 | INFO |       74.951 ¦     4394           2              0.010 
2025-05-23 10:51:05 | INFO |       74.961 ¦     4395           2              0.010 
2025-05-23 10:51:05 | INFO |       74.971 ¦     4396           2              0.010 
2025-05-23 10:51:05 | INFO |       74.981 ¦     4397           2              0.010 
2025-05-23 10:51:05 | INFO |       74.991 ¦     4398           2              0.010 
2025-05-23 10:51:05 | INFO |       75.001 ¦     4399           2              0.010 
2025-05-23 10:51:05 | INFO |       75.011 ¦     4400           2              0.010 
2025-05-23 10:51:05 | INFO |       75.021 ¦     4401           2              0.010 
2025-05-23 10:51:05 | INFO |       75.031 ¦     4402           2              0.010 
2025-05-23 10:51:05 | INFO |       75.041 ¦     4403           2              0.010 
2025-05-23 10:51:05 | INFO |       75.051 ¦     4404           2              0.010 
2025-05-23 10:51:05 | INFO |       75.061 ¦     4405           2              0.010 
2025-05-23 10:51:05 | INFO |       75.071 ¦     4406           2              0.010 
2025-05-23 10:51:05 | INFO |       75.081 ¦     4407           2              0.010 
2025-05-23 10:51:05 | INFO |       75.091 ¦     4408           2              0.010 
2025-05-23 10:51:05 | INFO |       75.101 ¦     4409           2              0.010 
2025-05-23 10:51:05 | INFO |       75.111 ¦     4410           2              0.010 
2025-05-23 10:51:05 | INFO |       75.121 ¦     4411           2              0.010 
2025-05-23 10:51:05 | INFO |       75.131 ¦     4412           2              0.010 
2025-05-23 10:51:05 | INFO |       75.141 ¦     4413           2              0.010 
2025-05-23 10:51:05 | INFO |       75.151 ¦     4414           2              0.010 
2025-05-23 10:51:05 | INFO |       75.161 ¦     4415           2              0.010 
2025-05-23 10:51:05 | INFO |       75.171 ¦     4416           2              0.010 
2025-05-23 10:51:05 | INFO |       75.181 ¦     4417           2              0.010 
2025-05-23 10:51:05 | INFO |       75.191 ¦     4418           2              0.010 
2025-05-23 10:51:05 | INFO |       75.201 ¦     4419           2              0.010 
2025-05-23 10:51:05 | INFO |       75.211 ¦     4420           2              0.010 
2025-05-23 10:51:05 | INFO |       75.221 ¦     4421           2              0.010 
2025-05-23 10:51:05 | INFO |       75.231 ¦     4422           2              0.010 
2025-05-23 10:51:05 | INFO |       75.241 ¦     4423           2              0.010 
2025-05-23 10:51:05 | INFO |       75.251 ¦     4424           2              0.010 
2025-05-23 10:51:05 | INFO |       75.261 ¦     4425           2              0.010 
2025-05-23 10:51:05 | INFO |       75.271 ¦     4426           2              0.010 
2025-05-23 10:51:05 | INFO |       75.281 ¦     4427           2              0.010 
2025-05-23 10:51:05 | INFO |       75.291 ¦     4428           2              0.010 
2025-05-23 10:51:05 | INFO |       75.301 ¦     4429           2              0.010 
2025-05-23 10:51:05 | INFO |       75.311 ¦     4430           2              0.010 
2025-05-23 10:51:05 | INFO |       75.321 ¦     4431           2              0.010 
2025-05-23 10:51:05 | INFO |       75.331 ¦     4432           2              0.010 
2025-05-23 10:51:05 | INFO |       75.341 ¦     4433           2              0.010 
2025-05-23 10:51:05 | INFO |       75.351 ¦     4434           2              0.010 
2025-05-23 10:51:05 | INFO |       75.361 ¦     4435           2              0.010 
2025-05-23 10:51:05 | INFO |       75.371 ¦     4436           2              0.010 
2025-05-23 10:51:05 | INFO |       75.381 ¦     4437           2              0.010 
2025-05-23 10:51:05 | INFO |       75.391 ¦     4438           2              0.010 
2025-05-23 10:51:05 | INFO |       75.401 ¦     4439           2              0.010 
2025-05-23 10:51:05 | INFO |       75.411 ¦     4440           2              0.010 
2025-05-23 10:51:05 | INFO |       75.421 ¦     4441           2              0.010 
2025-05-23 10:51:05 | INFO |       75.431 ¦     4442           2              0.010 
2025-05-23 10:51:05 | INFO |       75.441 ¦     4443           2              0.010 
2025-05-23 10:51:05 | INFO |       75.451 ¦     4444           2              0.010 
2025-05-23 10:51:05 | INFO |       75.461 ¦     4445           2              0.010 
2025-05-23 10:51:05 | INFO |       75.471 ¦     4446           2              0.010 
2025-05-23 10:51:05 | INFO |       75.481 ¦     4447           2              0.010 
2025-05-23 10:51:05 | INFO |       75.491 ¦     4448           2              0.010 
2025-05-23 10:51:05 | INFO |       75.501 ¦     4449           2              0.010 
2025-05-23 10:51:05 | INFO |       75.511 ¦     4450           2              0.010 
2025-05-23 10:51:05 | INFO |       75.521 ¦     4451           2              0.010 
2025-05-23 10:51:05 | INFO |       75.531 ¦     4452           2              0.010 
2025-05-23 10:51:05 | INFO |       75.541 ¦     4453           2              0.010 
2025-05-23 10:51:05 | INFO |       75.551 ¦     4454           2              0.010 
2025-05-23 10:51:05 | INFO |       75.561 ¦     4455           2              0.010 
2025-05-23 10:51:05 | INFO |       75.571 ¦     4456           2              0.010 
2025-05-23 10:51:05 | INFO |       75.581 ¦     4457           2              0.010 
2025-05-23 10:51:05 | INFO |       75.591 ¦     4458           2              0.010 
2025-05-23 10:51:05 | INFO |       75.601 ¦     4459           2              0.010 
2025-05-23 10:51:05 | INFO |       75.611 ¦     4460           2              0.010 
2025-05-23 10:51:05 | INFO |       75.621 ¦     4461           2              0.010 
2025-05-23 10:51:05 | INFO |       75.631 ¦     4462           2              0.010 
2025-05-23 10:51:05 | INFO |       75.641 ¦     4463           2              0.010 
2025-05-23 10:51:05 | INFO |       75.651 ¦     4464           2              0.010 
2025-05-23 10:51:05 | INFO |       75.661 ¦     4465           2              0.010 
2025-05-23 10:51:05 | INFO |       75.671 ¦     4466           2              0.010 
2025-05-23 10:51:05 | INFO |       75.681 ¦     4467           2              0.010 
2025-05-23 10:51:05 | INFO |       75.691 ¦     4468           2              0.010 
2025-05-23 10:51:05 | INFO |       75.701 ¦     4469           2              0.010 
2025-05-23 10:51:05 | INFO |       75.711 ¦     4470           2              0.010 
2025-05-23 10:51:05 | INFO |       75.721 ¦     4471           2              0.010 
2025-05-23 10:51:05 | INFO |       75.731 ¦     4472           2              0.010 
2025-05-23 10:51:05 | INFO |       75.741 ¦     4473           2              0.010 
2025-05-23 10:51:05 | INFO |       75.751 ¦     4474           2              0.010 
2025-05-23 10:51:05 | INFO |       75.761 ¦     4475           2              0.010 
2025-05-23 10:51:05 | INFO |       75.771 ¦     4476           2              0.010 
2025-05-23 10:51:05 | INFO |       75.781 ¦     4477           2              0.010 
2025-05-23 10:51:05 | INFO |       75.791 ¦     4478           2              0.010 
2025-05-23 10:51:05 | INFO |       75.801 ¦     4479           2              0.010 
2025-05-23 10:51:05 | INFO |       75.811 ¦     4480           2              0.010 
2025-05-23 10:51:05 | INFO |       75.821 ¦     4481           2              0.010 
2025-05-23 10:51:05 | INFO |       75.831 ¦     4482           2              0.010 
2025-05-23 10:51:05 | INFO |       75.841 ¦     4483           2              0.010 
2025-05-23 10:51:05 | INFO |       75.851 ¦     4484           2              0.010 
2025-05-23 10:51:05 | INFO |       75.861 ¦     4485           2              0.010 
2025-05-23 10:51:05 | INFO |       75.871 ¦     4486           2              0.010 
2025-05-23 10:51:05 | INFO |       75.881 ¦     4487           2              0.010 
2025-05-23 10:51:05 | INFO |       75.891 ¦     4488           2              0.010 
2025-05-23 10:51:05 | INFO |       75.901 ¦     4489           2              0.010 
2025-05-23 10:51:05 | INFO |       75.911 ¦     4490           2              0.010 
2025-05-23 10:51:05 | INFO |       75.921 ¦     4491           2              0.010 
2025-05-23 10:51:05 | INFO |       75.931 ¦     4492           2              0.010 
2025-05-23 10:51:05 | INFO |       75.941 ¦     4493           2              0.010 
2025-05-23 10:51:05 | INFO |       75.951 ¦     4494           2              0.010 
2025-05-23 10:51:05 | INFO |       75.961 ¦     4495           2              0.010 
2025-05-23 10:51:05 | INFO |       75.971 ¦     4496           2              0.010 
2025-05-23 10:51:05 | INFO |       75.981 ¦     4497           2              0.010 
2025-05-23 10:51:05 | INFO |       75.991 ¦     4498           2              0.010 
2025-05-23 10:51:05 | INFO |       76.001 ¦     4499           2              0.010 
2025-05-23 10:51:05 | INFO |       76.011 ¦     4500           2              0.010 
2025-05-23 10:51:05 | INFO |       76.021 ¦     4501           2              0.010 
2025-05-23 10:51:05 | INFO |       76.031 ¦     4502           2              0.010 
2025-05-23 10:51:05 | INFO |       76.041 ¦     4503           2              0.010 
2025-05-23 10:51:05 | INFO |       76.051 ¦     4504           2              0.010 
2025-05-23 10:51:05 | INFO |       76.061 ¦     4505           2              0.010 
2025-05-23 10:51:05 | INFO |       76.071 ¦     4506           2              0.010 
2025-05-23 10:51:05 | INFO |       76.081 ¦     4507           2              0.010 
2025-05-23 10:51:05 | INFO |       76.091 ¦     4508           2              0.010 
2025-05-23 10:51:05 | INFO |       76.101 ¦     4509           2              0.010 
2025-05-23 10:51:05 | INFO |       76.111 ¦     4510           2              0.010 
2025-05-23 10:51:05 | INFO |       76.121 ¦     4511           2              0.010 
2025-05-23 10:51:05 | INFO |       76.131 ¦     4512           2              0.010 
2025-05-23 10:51:05 | INFO |       76.141 ¦     4513           2              0.010 
2025-05-23 10:51:05 | INFO |       76.151 ¦     4514           2              0.010 
2025-05-23 10:51:05 | INFO |       76.161 ¦     4515           2              0.010 
2025-05-23 10:51:05 | INFO |       76.171 ¦     4516           2              0.010 
2025-05-23 10:51:05 | INFO |       76.181 ¦     4517           2              0.010 
2025-05-23 10:51:05 | INFO |       76.191 ¦     4518           2              0.010 
2025-05-23 10:51:05 | INFO |       76.201 ¦     4519           2              0.010 
2025-05-23 10:51:05 | INFO |       76.211 ¦     4520           2              0.010 
2025-05-23 10:51:05 | INFO |       76.221 ¦     4521           2              0.010 
2025-05-23 10:51:05 | INFO |       76.231 ¦     4522           2              0.010 
2025-05-23 10:51:05 | INFO |       76.241 ¦     4523           2              0.010 
2025-05-23 10:51:05 | INFO |       76.251 ¦     4524           2              0.010 
2025-05-23 10:51:05 | INFO |       76.261 ¦     4525           2              0.010 
2025-05-23 10:51:05 | INFO |       76.271 ¦     4526           2              0.010 
2025-05-23 10:51:05 | INFO |       76.281 ¦     4527           2              0.010 
2025-05-23 10:51:05 | INFO |       76.291 ¦     4528           2              0.010 
2025-05-23 10:51:05 | INFO |       76.301 ¦     4529           2              0.010 
2025-05-23 10:51:05 | INFO |       76.311 ¦     4530           2              0.010 
2025-05-23 10:51:05 | INFO |       76.321 ¦     4531           2              0.010 
2025-05-23 10:51:05 | INFO |       76.331 ¦     4532           2              0.010 
2025-05-23 10:51:05 | INFO |       76.341 ¦     4533           2              0.010 
2025-05-23 10:51:05 | INFO |       76.351 ¦     4534           2              0.010 
2025-05-23 10:51:05 | INFO |       76.361 ¦     4535           2              0.010 
2025-05-23 10:51:05 | INFO |       76.371 ¦     4536           2              0.010 
2025-05-23 10:51:05 | INFO |       76.381 ¦     4537           2              0.010 
2025-05-23 10:51:05 | INFO |       76.391 ¦     4538           2              0.010 
2025-05-23 10:51:05 | INFO |       76.401 ¦     4539           2              0.010 
2025-05-23 10:51:05 | INFO |       76.411 ¦     4540           2              0.010 
2025-05-23 10:51:05 | INFO |       76.421 ¦     4541           2              0.010 
2025-05-23 10:51:05 | INFO |       76.431 ¦     4542           2              0.010 
2025-05-23 10:51:05 | INFO |       76.441 ¦     4543           2              0.010 
2025-05-23 10:51:05 | INFO |       76.451 ¦     4544           2              0.010 
2025-05-23 10:51:05 | INFO |       76.461 ¦     4545           2              0.010 
2025-05-23 10:51:05 | INFO |       76.471 ¦     4546           2              0.010 
2025-05-23 10:51:05 | INFO |       76.481 ¦     4547           2              0.010 
2025-05-23 10:51:05 | INFO |       76.491 ¦     4548           2              0.010 
2025-05-23 10:51:05 | INFO |       76.501 ¦     4549           2              0.010 
2025-05-23 10:51:05 | INFO |       76.511 ¦     4550           2              0.010 
2025-05-23 10:51:05 | INFO |       76.521 ¦     4551           2              0.010 
2025-05-23 10:51:05 | INFO |       76.531 ¦     4552           2              0.010 
2025-05-23 10:51:05 | INFO |       76.541 ¦     4553           2              0.010 
2025-05-23 10:51:05 | INFO |       76.551 ¦     4554           2              0.010 
2025-05-23 10:51:05 | INFO |       76.561 ¦     4555           2              0.010 
2025-05-23 10:51:05 | INFO |       76.571 ¦     4556           2              0.010 
2025-05-23 10:51:05 | INFO |       76.581 ¦     4557           2              0.010 
2025-05-23 10:51:05 | INFO |       76.591 ¦     4558           2              0.010 
2025-05-23 10:51:05 | INFO |       76.601 ¦     4559           2              0.010 
2025-05-23 10:51:05 | INFO |       76.611 ¦     4560           2              0.010 
2025-05-23 10:51:05 | INFO |       76.621 ¦     4561           2              0.010 
2025-05-23 10:51:05 | INFO |       76.631 ¦     4562           2              0.010 
2025-05-23 10:51:05 | INFO |       76.641 ¦     4563           2              0.010 
2025-05-23 10:51:05 | INFO |       76.651 ¦     4564           2              0.010 
2025-05-23 10:51:05 | INFO |       76.661 ¦     4565           2              0.010 
2025-05-23 10:51:05 | INFO |       76.671 ¦     4566           2              0.010 
2025-05-23 10:51:05 | INFO |       76.681 ¦     4567           2              0.010 
2025-05-23 10:51:05 | INFO |       76.691 ¦     4568           2              0.010 
2025-05-23 10:51:05 | INFO |       76.701 ¦     4569           2              0.010 
2025-05-23 10:51:05 | INFO |       76.711 ¦     4570           2              0.010 
2025-05-23 10:51:05 | INFO |       76.721 ¦     4571           2              0.010 
2025-05-23 10:51:05 | INFO |       76.731 ¦     4572           2              0.010 
2025-05-23 10:51:05 | INFO |       76.741 ¦     4573           2              0.010 
2025-05-23 10:51:05 | INFO |       76.751 ¦     4574           2              0.010 
2025-05-23 10:51:05 | INFO |       76.761 ¦     4575           2              0.010 
2025-05-23 10:51:05 | INFO |       76.771 ¦     4576           2              0.010 
2025-05-23 10:51:05 | INFO |       76.781 ¦     4577           2              0.010 
2025-05-23 10:51:05 | INFO |       76.791 ¦     4578           2              0.010 
2025-05-23 10:51:05 | INFO |       76.801 ¦     4579           2              0.010 
2025-05-23 10:51:05 | INFO |       76.811 ¦     4580           2              0.010 
2025-05-23 10:51:05 | INFO |       76.821 ¦     4581           2              0.010 
2025-05-23 10:51:05 | INFO |       76.831 ¦     4582           2              0.010 
2025-05-23 10:51:05 | INFO |       76.841 ¦     4583           2              0.010 
2025-05-23 10:51:05 | INFO |       76.851 ¦     4584           2              0.010 
2025-05-23 10:51:05 | INFO |       76.861 ¦     4585           2              0.010 
2025-05-23 10:51:05 | INFO |       76.871 ¦     4586           2              0.010 
2025-05-23 10:51:05 | INFO |       76.881 ¦     4587           2              0.010 
2025-05-23 10:51:05 | INFO |       76.891 ¦     4588           2              0.010 
2025-05-23 10:51:05 | INFO |       76.901 ¦     4589           2              0.010 
2025-05-23 10:51:05 | INFO |       76.911 ¦     4590           2              0.010 
2025-05-23 10:51:05 | INFO |       76.921 ¦     4591           2              0.010 
2025-05-23 10:51:05 | INFO |       76.931 ¦     4592           2              0.010 
2025-05-23 10:51:05 | INFO |       76.941 ¦     4593           2              0.010 
2025-05-23 10:51:05 | INFO |       76.951 ¦     4594           2              0.010 
2025-05-23 10:51:05 | INFO |       76.961 ¦     4595           2              0.010 
2025-05-23 10:51:05 | INFO |       76.971 ¦     4596           2              0.010 
2025-05-23 10:51:05 | INFO |       76.981 ¦     4597           2              0.010 
2025-05-23 10:51:05 | INFO |       76.991 ¦     4598           2              0.010 
2025-05-23 10:51:05 | INFO |       77.001 ¦     4599           2              0.010 
2025-05-23 10:51:05 | INFO |       77.011 ¦     4600           2              0.010 
2025-05-23 10:51:05 | INFO |       77.021 ¦     4601           2              0.010 
2025-05-23 10:51:05 | INFO |       77.031 ¦     4602           2              0.010 
2025-05-23 10:51:05 | INFO |       77.041 ¦     4603           2              0.010 
2025-05-23 10:51:05 | INFO |       77.051 ¦     4604           2              0.010 
2025-05-23 10:51:05 | INFO |       77.061 ¦     4605           2              0.010 
2025-05-23 10:51:05 | INFO |       77.071 ¦     4606           2              0.010 
2025-05-23 10:51:05 | INFO |       77.081 ¦     4607           2              0.010 
2025-05-23 10:51:05 | INFO |       77.091 ¦     4608           2              0.010 
2025-05-23 10:51:05 | INFO |       77.101 ¦     4609           2              0.010 
2025-05-23 10:51:05 | INFO |       77.111 ¦     4610           2              0.010 
2025-05-23 10:51:05 | INFO |       77.121 ¦     4611           2              0.010 
2025-05-23 10:51:05 | INFO |       77.131 ¦     4612           2              0.010 
2025-05-23 10:51:05 | INFO |       77.141 ¦     4613           2              0.010 
2025-05-23 10:51:05 | INFO |       77.151 ¦     4614           2              0.010 
2025-05-23 10:51:05 | INFO |       77.161 ¦     4615           2              0.010 
2025-05-23 10:51:05 | INFO |       77.171 ¦     4616           2              0.010 
2025-05-23 10:51:05 | INFO |       77.181 ¦     4617           2              0.010 
2025-05-23 10:51:05 | INFO |       77.191 ¦     4618           2              0.010 
2025-05-23 10:51:05 | INFO |       77.201 ¦     4619           2              0.010 
2025-05-23 10:51:05 | INFO |       77.211 ¦     4620           2              0.010 
2025-05-23 10:51:05 | INFO |       77.221 ¦     4621           2              0.010 
2025-05-23 10:51:05 | INFO |       77.231 ¦     4622           2              0.010 
2025-05-23 10:51:05 | INFO |       77.241 ¦     4623           2              0.010 
2025-05-23 10:51:05 | INFO |       77.251 ¦     4624           2              0.010 
2025-05-23 10:51:05 | INFO |       77.261 ¦     4625           2              0.010 
2025-05-23 10:51:05 | INFO |       77.271 ¦     4626           2              0.010 
2025-05-23 10:51:05 | INFO |       77.281 ¦     4627           2              0.010 
2025-05-23 10:51:05 | INFO |       77.291 ¦     4628           2              0.010 
2025-05-23 10:51:05 | INFO |       77.301 ¦     4629           2              0.010 
2025-05-23 10:51:05 | INFO |       77.311 ¦     4630           2              0.010 
2025-05-23 10:51:05 | INFO |       77.321 ¦     4631           2              0.010 
2025-05-23 10:51:05 | INFO |       77.331 ¦     4632           2              0.010 
2025-05-23 10:51:05 | INFO |       77.341 ¦     4633           2              0.010 
2025-05-23 10:51:05 | INFO |       77.351 ¦     4634           2              0.010 
2025-05-23 10:51:05 | INFO |       77.361 ¦     4635           2              0.010 
2025-05-23 10:51:05 | INFO |       77.371 ¦     4636           2              0.010 
2025-05-23 10:51:05 | INFO |       77.381 ¦     4637           2              0.010 
2025-05-23 10:51:05 | INFO |       77.391 ¦     4638           2              0.010 
2025-05-23 10:51:05 | INFO |       77.401 ¦     4639           2              0.010 
2025-05-23 10:51:05 | INFO |       77.411 ¦     4640           2              0.010 
2025-05-23 10:51:05 | INFO |       77.421 ¦     4641           2              0.010 
2025-05-23 10:51:05 | INFO |       77.431 ¦     4642           2              0.010 
2025-05-23 10:51:05 | INFO |       77.441 ¦     4643           2              0.010 
2025-05-23 10:51:05 | INFO |       77.451 ¦     4644           2              0.010 
2025-05-23 10:51:05 | INFO |       77.461 ¦     4645           2              0.010 
2025-05-23 10:51:05 | INFO |       77.471 ¦     4646           2              0.010 
2025-05-23 10:51:05 | INFO |       77.481 ¦     4647           2              0.010 
2025-05-23 10:51:05 | INFO |       77.491 ¦     4648           2              0.010 
2025-05-23 10:51:05 | INFO |       77.501 ¦     4649           2              0.010 
2025-05-23 10:51:05 | INFO |       77.511 ¦     4650           2              0.010 
2025-05-23 10:51:05 | INFO |       77.521 ¦     4651           2              0.010 
2025-05-23 10:51:05 | INFO |       77.531 ¦     4652           2              0.010 
2025-05-23 10:51:05 | INFO |       77.541 ¦     4653           2              0.010 
2025-05-23 10:51:05 | INFO |       77.551 ¦     4654           2              0.010 
2025-05-23 10:51:05 | INFO |       77.561 ¦     4655           2              0.010 
2025-05-23 10:51:05 | INFO |       77.571 ¦     4656           2              0.010 
2025-05-23 10:51:05 | INFO |       77.581 ¦     4657           2              0.010 
2025-05-23 10:51:05 | INFO |       77.591 ¦     4658           2              0.010 
2025-05-23 10:51:05 | INFO |       77.601 ¦     4659           2              0.010 
2025-05-23 10:51:05 | INFO |       77.611 ¦     4660           2              0.010 
2025-05-23 10:51:05 | INFO |       77.621 ¦     4661           2              0.010 
2025-05-23 10:51:05 | INFO |       77.631 ¦     4662           2              0.010 
2025-05-23 10:51:05 | INFO |       77.641 ¦     4663           2              0.010 
2025-05-23 10:51:05 | INFO |       77.651 ¦     4664           2              0.010 
2025-05-23 10:51:05 | INFO |       77.661 ¦     4665           2              0.010 
2025-05-23 10:51:05 | INFO |       77.671 ¦     4666           2              0.010 
2025-05-23 10:51:05 | INFO |       77.681 ¦     4667           2              0.010 
2025-05-23 10:51:05 | INFO |       77.691 ¦     4668           2              0.010 
2025-05-23 10:51:05 | INFO |       77.701 ¦     4669           2              0.010 
2025-05-23 10:51:05 | INFO |       77.711 ¦     4670           2              0.010 
2025-05-23 10:51:05 | INFO |       77.721 ¦     4671           2              0.010 
2025-05-23 10:51:05 | INFO |       77.731 ¦     4672           2              0.010 
2025-05-23 10:51:05 | INFO |       77.741 ¦     4673           2              0.010 
2025-05-23 10:51:05 | INFO |       77.751 ¦     4674           2              0.010 
2025-05-23 10:51:05 | INFO |       77.761 ¦     4675           2              0.010 
2025-05-23 10:51:05 | INFO |       77.771 ¦     4676           2              0.010 
2025-05-23 10:51:05 | INFO |       77.781 ¦     4677           2              0.010 
2025-05-23 10:51:05 | INFO |       77.791 ¦     4678           2              0.010 
2025-05-23 10:51:05 | INFO |       77.801 ¦     4679           2              0.010 
2025-05-23 10:51:05 | INFO |       77.811 ¦     4680           2              0.010 
2025-05-23 10:51:05 | INFO |       77.821 ¦     4681           2              0.010 
2025-05-23 10:51:05 | INFO |       77.831 ¦     4682           2              0.010 
2025-05-23 10:51:05 | INFO |       77.841 ¦     4683           2              0.010 
2025-05-23 10:51:05 | INFO |       77.851 ¦     4684           2              0.010 
2025-05-23 10:51:05 | INFO |       77.861 ¦     4685           2              0.010 
2025-05-23 10:51:05 | INFO |       77.871 ¦     4686           2              0.010 
2025-05-23 10:51:05 | INFO |       77.881 ¦     4687           2              0.010 
2025-05-23 10:51:05 | INFO |       77.891 ¦     4688           2              0.010 
2025-05-23 10:51:05 | INFO |       77.901 ¦     4689           2              0.010 
2025-05-23 10:51:05 | INFO |       77.911 ¦     4690           2              0.010 
2025-05-23 10:51:05 | INFO |       77.921 ¦     4691           2              0.010 
2025-05-23 10:51:05 | INFO |       77.931 ¦     4692           2              0.010 
2025-05-23 10:51:05 | INFO |       77.941 ¦     4693           2              0.010 
2025-05-23 10:51:05 | INFO |       77.951 ¦     4694           2              0.010 
2025-05-23 10:51:05 | INFO |       77.961 ¦     4695           2              0.010 
2025-05-23 10:51:05 | INFO |       77.971 ¦     4696           2              0.010 
2025-05-23 10:51:05 | INFO |       77.981 ¦     4697           2              0.010 
2025-05-23 10:51:05 | INFO |       77.991 ¦     4698           2              0.010 
2025-05-23 10:51:05 | INFO |       78.001 ¦     4699           2              0.010 
2025-05-23 10:51:05 | INFO |       78.011 ¦     4700           2              0.010 
2025-05-23 10:51:05 | INFO |       78.021 ¦     4701           2              0.010 
2025-05-23 10:51:05 | INFO |       78.031 ¦     4702           2              0.010 
2025-05-23 10:51:05 | INFO |       78.041 ¦     4703           2              0.010 
2025-05-23 10:51:05 | INFO |       78.051 ¦     4704           2              0.010 
2025-05-23 10:51:05 | INFO |       78.061 ¦     4705           2              0.010 
2025-05-23 10:51:05 | INFO |       78.071 ¦     4706           2              0.010 
2025-05-23 10:51:05 | INFO |       78.081 ¦     4707           2              0.010 
2025-05-23 10:51:05 | INFO |       78.091 ¦     4708           2              0.010 
2025-05-23 10:51:05 | INFO |       78.101 ¦     4709           2              0.010 
2025-05-23 10:51:05 | INFO |       78.111 ¦     4710           2              0.010 
2025-05-23 10:51:05 | INFO |       78.121 ¦     4711           2              0.010 
2025-05-23 10:51:05 | INFO |       78.131 ¦     4712           2              0.010 
2025-05-23 10:51:05 | INFO |       78.141 ¦     4713           2              0.010 
2025-05-23 10:51:05 | INFO |       78.151 ¦     4714           2              0.010 
2025-05-23 10:51:05 | INFO |       78.161 ¦     4715           2              0.010 
2025-05-23 10:51:05 | INFO |       78.171 ¦     4716           2              0.010 
2025-05-23 10:51:05 | INFO |       78.181 ¦     4717           2              0.010 
2025-05-23 10:51:05 | INFO |       78.191 ¦     4718           2              0.010 
2025-05-23 10:51:05 | INFO |       78.201 ¦     4719           2              0.010 
2025-05-23 10:51:05 | INFO |       78.211 ¦     4720           2              0.010 
2025-05-23 10:51:05 | INFO |       78.221 ¦     4721           2              0.010 
2025-05-23 10:51:05 | INFO |       78.231 ¦     4722           2              0.010 
2025-05-23 10:51:05 | INFO |       78.241 ¦     4723           2              0.010 
2025-05-23 10:51:05 | INFO |       78.251 ¦     4724           2              0.010 
2025-05-23 10:51:05 | INFO |       78.261 ¦     4725           2              0.010 
2025-05-23 10:51:05 | INFO |       78.271 ¦     4726           2              0.010 
2025-05-23 10:51:05 | INFO |       78.281 ¦     4727           2              0.010 
2025-05-23 10:51:05 | INFO |       78.291 ¦     4728           2              0.010 
2025-05-23 10:51:05 | INFO |       78.301 ¦     4729           2              0.010 
2025-05-23 10:51:05 | INFO |       78.311 ¦     4730           2              0.010 
2025-05-23 10:51:05 | INFO |       78.321 ¦     4731           2              0.010 
2025-05-23 10:51:05 | INFO |       78.331 ¦     4732           2              0.010 
2025-05-23 10:51:05 | INFO |       78.341 ¦     4733           2              0.010 
2025-05-23 10:51:05 | INFO |       78.351 ¦     4734           2              0.010 
2025-05-23 10:51:05 | INFO |       78.361 ¦     4735           2              0.010 
2025-05-23 10:51:05 | INFO |       78.371 ¦     4736           2              0.010 
2025-05-23 10:51:05 | INFO |       78.381 ¦     4737           2              0.010 
2025-05-23 10:51:05 | INFO |       78.391 ¦     4738           2              0.010 
2025-05-23 10:51:05 | INFO |       78.401 ¦     4739           2              0.010 
2025-05-23 10:51:05 | INFO |       78.411 ¦     4740           2              0.010 
2025-05-23 10:51:05 | INFO |       78.421 ¦     4741           2              0.010 
2025-05-23 10:51:05 | INFO |       78.431 ¦     4742           2              0.010 
2025-05-23 10:51:05 | INFO |       78.441 ¦     4743           2              0.010 
2025-05-23 10:51:05 | INFO |       78.451 ¦     4744           2              0.010 
2025-05-23 10:51:05 | INFO |       78.461 ¦     4745           2              0.010 
2025-05-23 10:51:05 | INFO |       78.471 ¦     4746           2              0.010 
2025-05-23 10:51:05 | INFO |       78.481 ¦     4747           2              0.010 
2025-05-23 10:51:05 | INFO |       78.491 ¦     4748           2              0.010 
2025-05-23 10:51:05 | INFO |       78.501 ¦     4749           2              0.010 
2025-05-23 10:51:05 | INFO |       78.511 ¦     4750           2              0.010 
2025-05-23 10:51:05 | INFO |       78.521 ¦     4751           2              0.010 
2025-05-23 10:51:05 | INFO |       78.531 ¦     4752           2              0.010 
2025-05-23 10:51:05 | INFO |       78.541 ¦     4753           2              0.010 
2025-05-23 10:51:05 | INFO |       78.551 ¦     4754           2              0.010 
2025-05-23 10:51:05 | INFO |       78.561 ¦     4755           2              0.010 
2025-05-23 10:51:05 | INFO |       78.571 ¦     4756           2              0.010 
2025-05-23 10:51:05 | INFO |       78.581 ¦     4757           2              0.010 
2025-05-23 10:51:05 | INFO |       78.591 ¦     4758           2              0.010 
2025-05-23 10:51:05 | INFO |       78.601 ¦     4759           2              0.010 
2025-05-23 10:51:05 | INFO |       78.611 ¦     4760           2              0.010 
2025-05-23 10:51:05 | INFO |       78.621 ¦     4761           2              0.010 
2025-05-23 10:51:05 | INFO |       78.631 ¦     4762           2              0.010 
2025-05-23 10:51:05 | INFO |       78.641 ¦     4763           2              0.010 
2025-05-23 10:51:05 | INFO |       78.651 ¦     4764           2              0.010 
2025-05-23 10:51:05 | INFO |       78.661 ¦     4765           2              0.010 
2025-05-23 10:51:05 | INFO |       78.671 ¦     4766           2              0.010 
2025-05-23 10:51:05 | INFO |       78.681 ¦     4767           2              0.010 
2025-05-23 10:51:05 | INFO |       78.691 ¦     4768           2              0.010 
2025-05-23 10:51:05 | INFO |       78.701 ¦     4769           2              0.010 
2025-05-23 10:51:05 | INFO |       78.711 ¦     4770           2              0.010 
2025-05-23 10:51:05 | INFO |       78.721 ¦     4771           2              0.010 
2025-05-23 10:51:05 | INFO |       78.731 ¦     4772           2              0.010 
2025-05-23 10:51:05 | INFO |       78.741 ¦     4773           2              0.010 
2025-05-23 10:51:05 | INFO |       78.751 ¦     4774           2              0.010 
2025-05-23 10:51:05 | INFO |       78.761 ¦     4775           2              0.010 
2025-05-23 10:51:05 | INFO |       78.771 ¦     4776           2              0.010 
2025-05-23 10:51:05 | INFO |       78.781 ¦     4777           2              0.010 
2025-05-23 10:51:05 | INFO |       78.791 ¦     4778           2              0.010 
2025-05-23 10:51:05 | INFO |       78.801 ¦     4779           2              0.010 
2025-05-23 10:51:05 | INFO |       78.811 ¦     4780           2              0.010 
2025-05-23 10:51:05 | INFO |       78.821 ¦     4781           2              0.010 
2025-05-23 10:51:05 | INFO |       78.831 ¦     4782           2              0.010 
2025-05-23 10:51:05 | INFO |       78.841 ¦     4783           2              0.010 
2025-05-23 10:51:05 | INFO |       78.851 ¦     4784           2              0.010 
2025-05-23 10:51:05 | INFO |       78.861 ¦     4785           2              0.010 
2025-05-23 10:51:05 | INFO |       78.871 ¦     4786           2              0.010 
2025-05-23 10:51:05 | INFO |       78.881 ¦     4787           2              0.010 
2025-05-23 10:51:05 | INFO |       78.891 ¦     4788           2              0.010 
2025-05-23 10:51:05 | INFO |       78.901 ¦     4789           2              0.010 
2025-05-23 10:51:05 | INFO |       78.911 ¦     4790           2              0.010 
2025-05-23 10:51:05 | INFO |       78.921 ¦     4791           2              0.010 
2025-05-23 10:51:05 | INFO |       78.931 ¦     4792           2              0.010 
2025-05-23 10:51:05 | INFO |       78.941 ¦     4793           2              0.010 
2025-05-23 10:51:05 | INFO |       78.951 ¦     4794           2              0.010 
2025-05-23 10:51:05 | INFO |       78.961 ¦     4795           2              0.010 
2025-05-23 10:51:05 | INFO |       78.971 ¦     4796           2              0.010 
2025-05-23 10:51:05 | INFO |       78.981 ¦     4797           2              0.010 
2025-05-23 10:51:05 | INFO |       78.991 ¦     4798           2              0.010 
2025-05-23 10:51:05 | INFO |       79.001 ¦     4799           2              0.010 
2025-05-23 10:51:05 | INFO |       79.011 ¦     4800           2              0.010 
2025-05-23 10:51:05 | INFO |       79.021 ¦     4801           2              0.010 
2025-05-23 10:51:05 | INFO |       79.031 ¦     4802           2              0.010 
2025-05-23 10:51:05 | INFO |       79.041 ¦     4803           2              0.010 
2025-05-23 10:51:05 | INFO |       79.051 ¦     4804           2              0.010 
2025-05-23 10:51:05 | INFO |       79.061 ¦     4805           2              0.010 
2025-05-23 10:51:05 | INFO |       79.071 ¦     4806           2              0.010 
2025-05-23 10:51:05 | INFO |       79.081 ¦     4807           2              0.010 
2025-05-23 10:51:05 | INFO |       79.091 ¦     4808           2              0.010 
2025-05-23 10:51:05 | INFO |       79.101 ¦     4809           2              0.010 
2025-05-23 10:51:05 | INFO |       79.111 ¦     4810           2              0.010 
2025-05-23 10:51:05 | INFO |       79.121 ¦     4811           2              0.010 
2025-05-23 10:51:05 | INFO |       79.131 ¦     4812           2              0.010 
2025-05-23 10:51:05 | INFO |       79.141 ¦     4813           2              0.010 
2025-05-23 10:51:05 | INFO |       79.151 ¦     4814           2              0.010 
2025-05-23 10:51:05 | INFO |       79.161 ¦     4815           2              0.010 
2025-05-23 10:51:05 | INFO |       79.171 ¦     4816           2              0.010 
2025-05-23 10:51:05 | INFO |       79.181 ¦     4817           2              0.010 
2025-05-23 10:51:05 | INFO |       79.191 ¦     4818           2              0.010 
2025-05-23 10:51:05 | INFO |       79.201 ¦     4819           2              0.010 
2025-05-23 10:51:05 | INFO |       79.211 ¦     4820           2              0.010 
2025-05-23 10:51:05 | INFO |       79.221 ¦     4821           2              0.010 
2025-05-23 10:51:05 | INFO |       79.231 ¦     4822           2              0.010 
2025-05-23 10:51:05 | INFO |       79.241 ¦     4823           2              0.010 
2025-05-23 10:51:05 | INFO |       79.251 ¦     4824           2              0.010 
2025-05-23 10:51:05 | INFO |       79.261 ¦     4825           2              0.010 
2025-05-23 10:51:05 | INFO |       79.271 ¦     4826           2              0.010 
2025-05-23 10:51:05 | INFO |       79.281 ¦     4827           2              0.010 
2025-05-23 10:51:05 | INFO |       79.291 ¦     4828           2              0.010 
2025-05-23 10:51:05 | INFO |       79.301 ¦     4829           2              0.010 
2025-05-23 10:51:05 | INFO |       79.311 ¦     4830           2              0.010 
2025-05-23 10:51:05 | INFO |       79.321 ¦     4831           2              0.010 
2025-05-23 10:51:05 | INFO |       79.331 ¦     4832           2              0.010 
2025-05-23 10:51:05 | INFO |       79.341 ¦     4833           2              0.010 
2025-05-23 10:51:05 | INFO |       79.351 ¦     4834           2              0.010 
2025-05-23 10:51:05 | INFO |       79.361 ¦     4835           2              0.010 
2025-05-23 10:51:05 | INFO |       79.371 ¦     4836           2              0.010 
2025-05-23 10:51:05 | INFO |       79.381 ¦     4837           2              0.010 
2025-05-23 10:51:05 | INFO |       79.391 ¦     4838           2              0.010 
2025-05-23 10:51:05 | INFO |       79.401 ¦     4839           2              0.010 
2025-05-23 10:51:05 | INFO |       79.411 ¦     4840           2              0.010 
2025-05-23 10:51:05 | INFO |       79.421 ¦     4841           2              0.010 
2025-05-23 10:51:05 | INFO |       79.431 ¦     4842           2              0.010 
2025-05-23 10:51:05 | INFO |       79.441 ¦     4843           2              0.010 
2025-05-23 10:51:05 | INFO |       79.451 ¦     4844           2              0.010 
2025-05-23 10:51:05 | INFO |       79.461 ¦     4845           2              0.010 
2025-05-23 10:51:05 | INFO |       79.471 ¦     4846           2              0.010 
2025-05-23 10:51:05 | INFO |       79.481 ¦     4847           2              0.010 
2025-05-23 10:51:05 | INFO |       79.491 ¦     4848           2              0.010 
2025-05-23 10:51:05 | INFO |       79.501 ¦     4849           2              0.010 
2025-05-23 10:51:05 | INFO |       79.511 ¦     4850           2              0.010 
2025-05-23 10:51:05 | INFO |       79.521 ¦     4851           2              0.010 
2025-05-23 10:51:05 | INFO |       79.531 ¦     4852           2              0.010 
2025-05-23 10:51:05 | INFO |       79.541 ¦     4853           2              0.010 
2025-05-23 10:51:05 | INFO |       79.551 ¦     4854           2              0.010 
2025-05-23 10:51:05 | INFO |       79.561 ¦     4855           2              0.010 
2025-05-23 10:51:05 | INFO |       79.571 ¦     4856           2              0.010 
2025-05-23 10:51:05 | INFO |       79.581 ¦     4857           2              0.010 
2025-05-23 10:51:05 | INFO |       79.591 ¦     4858           2              0.010 
2025-05-23 10:51:05 | INFO |       79.601 ¦     4859           2              0.010 
2025-05-23 10:51:05 | INFO |       79.611 ¦     4860           2              0.010 
2025-05-23 10:51:05 | INFO |       79.621 ¦     4861           2              0.010 
2025-05-23 10:51:05 | INFO |       79.631 ¦     4862           2              0.010 
2025-05-23 10:51:05 | INFO |       79.641 ¦     4863           2              0.010 
2025-05-23 10:51:05 | INFO |       79.651 ¦     4864           2              0.010 
2025-05-23 10:51:05 | INFO |       79.661 ¦     4865           2              0.010 
2025-05-23 10:51:05 | INFO |       79.671 ¦     4866           2              0.010 
2025-05-23 10:51:05 | INFO |       79.681 ¦     4867           2              0.010 
2025-05-23 10:51:05 | INFO |       79.691 ¦     4868           2              0.010 
2025-05-23 10:51:05 | INFO |       79.701 ¦     4869           2              0.010 
2025-05-23 10:51:05 | INFO |       79.711 ¦     4870           2              0.010 
2025-05-23 10:51:05 | INFO |       79.721 ¦     4871           2              0.010 
2025-05-23 10:51:05 | INFO |       79.731 ¦     4872           2              0.010 
2025-05-23 10:51:05 | INFO |       79.741 ¦     4873           2              0.010 
2025-05-23 10:51:05 | INFO |       79.751 ¦     4874           2              0.010 
2025-05-23 10:51:05 | INFO |       79.761 ¦     4875           2              0.010 
2025-05-23 10:51:05 | INFO |       79.771 ¦     4876           2              0.010 
2025-05-23 10:51:05 | INFO |       79.781 ¦     4877           2              0.010 
2025-05-23 10:51:05 | INFO |       79.791 ¦     4878           2              0.010 
2025-05-23 10:51:05 | INFO |       79.801 ¦     4879           2              0.010 
2025-05-23 10:51:05 | INFO |       79.811 ¦     4880           2              0.010 
2025-05-23 10:51:05 | INFO |       79.821 ¦     4881           2              0.010 
2025-05-23 10:51:05 | INFO |       79.831 ¦     4882           2              0.010 
2025-05-23 10:51:05 | INFO |       79.841 ¦     4883           2              0.010 
2025-05-23 10:51:05 | INFO |       79.851 ¦     4884           2              0.010 
2025-05-23 10:51:05 | INFO |       79.861 ¦     4885           2              0.010 
2025-05-23 10:51:05 | INFO |       79.871 ¦     4886           2              0.010 
2025-05-23 10:51:05 | INFO |       79.881 ¦     4887           2              0.010 
2025-05-23 10:51:05 | INFO |       79.891 ¦     4888           2              0.010 
2025-05-23 10:51:05 | INFO |       79.901 ¦     4889           2              0.010 
2025-05-23 10:51:05 | INFO |       79.911 ¦     4890           2              0.010 
2025-05-23 10:51:05 | INFO |       79.921 ¦     4891           2              0.010 
2025-05-23 10:51:05 | INFO |       79.931 ¦     4892           2              0.010 
2025-05-23 10:51:05 | INFO |       79.941 ¦     4893           2              0.010 
2025-05-23 10:51:05 | INFO |       79.951 ¦     4894           2              0.010 
2025-05-23 10:51:05 | INFO |       79.961 ¦     4895           2              0.010 
2025-05-23 10:51:05 | INFO |       79.971 ¦     4896           2              0.010 
2025-05-23 10:51:05 | INFO |       79.981 ¦     4897           2              0.010 
2025-05-23 10:51:05 | INFO |       79.991 ¦     4898           2              0.010 
2025-05-23 10:51:05 | INFO |       80.001 ¦     4899           2              0.010 
2025-05-23 10:51:05 | INFO |       80.011 ¦     4900           2              0.010 
2025-05-23 10:51:05 | INFO |       80.021 ¦     4901           2              0.010 
2025-05-23 10:51:05 | INFO |       80.031 ¦     4902           2              0.010 
2025-05-23 10:51:05 | INFO |       80.041 ¦     4903           2              0.010 
2025-05-23 10:51:05 | INFO |       80.051 ¦     4904           2              0.010 
2025-05-23 10:51:05 | INFO |       80.061 ¦     4905           2              0.010 
2025-05-23 10:51:05 | INFO |       80.071 ¦     4906           2              0.010 
2025-05-23 10:51:05 | INFO |       80.081 ¦     4907           2              0.010 
2025-05-23 10:51:05 | INFO |       80.091 ¦     4908           2              0.010 
2025-05-23 10:51:05 | INFO |       80.101 ¦     4909           2              0.010 
2025-05-23 10:51:05 | INFO |       80.111 ¦     4910           2              0.010 
2025-05-23 10:51:05 | INFO |       80.121 ¦     4911           2              0.010 
2025-05-23 10:51:05 | INFO |       80.131 ¦     4912           2              0.010 
2025-05-23 10:51:05 | INFO |       80.141 ¦     4913           2              0.010 
2025-05-23 10:51:05 | INFO |       80.151 ¦     4914           2              0.010 
2025-05-23 10:51:05 | INFO |       80.161 ¦     4915           2              0.010 
2025-05-23 10:51:05 | INFO |       80.171 ¦     4916           2              0.010 
2025-05-23 10:51:05 | INFO |       80.181 ¦     4917           2              0.010 
2025-05-23 10:51:05 | INFO |       80.191 ¦     4918           2              0.010 
2025-05-23 10:51:05 | INFO |       80.201 ¦     4919           2              0.010 
2025-05-23 10:51:05 | INFO |       80.211 ¦     4920           2              0.010 
2025-05-23 10:51:05 | INFO |       80.221 ¦     4921           2              0.010 
2025-05-23 10:51:05 | INFO |       80.231 ¦     4922           2              0.010 
2025-05-23 10:51:05 | INFO |       80.241 ¦     4923           2              0.010 
2025-05-23 10:51:05 | INFO |       80.251 ¦     4924           2              0.010 
2025-05-23 10:51:05 | INFO |       80.261 ¦     4925           2              0.010 
2025-05-23 10:51:05 | INFO |       80.271 ¦     4926           2              0.010 
2025-05-23 10:51:05 | INFO |       80.281 ¦     4927           2              0.010 
2025-05-23 10:51:05 | INFO |       80.291 ¦     4928           2              0.010 
2025-05-23 10:51:05 | INFO |       80.301 ¦     4929           2              0.010 
2025-05-23 10:51:05 | INFO |       80.311 ¦     4930           2              0.010 
2025-05-23 10:51:05 | INFO |       80.321 ¦     4931           2              0.010 
2025-05-23 10:51:05 | INFO |       80.331 ¦     4932           2              0.010 
2025-05-23 10:51:05 | INFO |       80.341 ¦     4933           2              0.010 
2025-05-23 10:51:05 | INFO |       80.351 ¦     4934           2              0.010 
2025-05-23 10:51:05 | INFO |       80.361 ¦     4935           2              0.010 
2025-05-23 10:51:05 | INFO |       80.371 ¦     4936           2              0.010 
2025-05-23 10:51:05 | INFO |       80.381 ¦     4937           2              0.010 
2025-05-23 10:51:05 | INFO |       80.391 ¦     4938           2              0.010 
2025-05-23 10:51:05 | INFO |       80.401 ¦     4939           2              0.010 
2025-05-23 10:51:05 | INFO |       80.411 ¦     4940           2              0.010 
2025-05-23 10:51:05 | INFO |       80.421 ¦     4941           2              0.010 
2025-05-23 10:51:05 | INFO |       80.431 ¦     4942           2              0.010 
2025-05-23 10:51:05 | INFO |       80.441 ¦     4943           2              0.010 
2025-05-23 10:51:05 | INFO |       80.451 ¦     4944           2              0.010 
2025-05-23 10:51:05 | INFO |       80.461 ¦     4945           2              0.010 
2025-05-23 10:51:05 | INFO |       80.471 ¦     4946           2              0.010 
2025-05-23 10:51:05 | INFO |       80.481 ¦     4947           2              0.010 
2025-05-23 10:51:05 | INFO |       80.491 ¦     4948           2              0.010 
2025-05-23 10:51:05 | INFO |       80.501 ¦     4949           2              0.010 
2025-05-23 10:51:05 | INFO |       80.511 ¦     4950           2              0.010 
2025-05-23 10:51:05 | INFO |       80.521 ¦     4951           2              0.010 
2025-05-23 10:51:05 | INFO |       80.531 ¦     4952           2              0.010 
2025-05-23 10:51:05 | INFO |       80.541 ¦     4953           2              0.010 
2025-05-23 10:51:05 | INFO |       80.551 ¦     4954           2              0.010 
2025-05-23 10:51:05 | INFO |       80.561 ¦     4955           2              0.010 
2025-05-23 10:51:05 | INFO |       80.571 ¦     4956           2              0.010 
2025-05-23 10:51:05 | INFO |       80.581 ¦     4957           2              0.010 
2025-05-23 10:51:05 | INFO |       80.591 ¦     4958           2              0.010 
2025-05-23 10:51:05 | INFO |       80.601 ¦     4959           2              0.010 
2025-05-23 10:51:05 | INFO |       80.611 ¦     4960           2              0.010 
2025-05-23 10:51:05 | INFO |       80.621 ¦     4961           2              0.010 
2025-05-23 10:51:05 | INFO |       80.631 ¦     4962           2              0.010 
2025-05-23 10:51:05 | INFO |       80.641 ¦     4963           2              0.010 
2025-05-23 10:51:05 | INFO |       80.651 ¦     4964           2              0.010 
2025-05-23 10:51:05 | INFO |       80.661 ¦     4965           2              0.010 
2025-05-23 10:51:05 | INFO |       80.671 ¦     4966           2              0.010 
2025-05-23 10:51:05 | INFO |       80.681 ¦     4967           2              0.010 
2025-05-23 10:51:05 | INFO |       80.691 ¦     4968           2              0.010 
2025-05-23 10:51:05 | INFO |       80.701 ¦     4969           2              0.010 
2025-05-23 10:51:05 | INFO |       80.711 ¦     4970           2              0.010 
2025-05-23 10:51:05 | INFO |       80.721 ¦     4971           2              0.010 
2025-05-23 10:51:05 | INFO |       80.731 ¦     4972           2              0.010 
2025-05-23 10:51:05 | INFO |       80.741 ¦     4973           2              0.010 
2025-05-23 10:51:05 | INFO |       80.751 ¦     4974           2              0.010 
2025-05-23 10:51:05 | INFO |       80.761 ¦     4975           2              0.010 
2025-05-23 10:51:05 | INFO |       80.771 ¦     4976           2              0.010 
2025-05-23 10:51:05 | INFO |       80.781 ¦     4977           2              0.010 
2025-05-23 10:51:05 | INFO |       80.791 ¦     4978           2              0.010 
2025-05-23 10:51:05 | INFO |       80.801 ¦     4979           2              0.010 
2025-05-23 10:51:05 | INFO |       80.811 ¦     4980           2              0.010 
2025-05-23 10:51:05 | INFO |       80.821 ¦     4981           2              0.010 
2025-05-23 10:51:05 | INFO |       80.831 ¦     4982           2              0.010 
2025-05-23 10:51:05 | INFO |       80.841 ¦     4983           2              0.010 
2025-05-23 10:51:05 | INFO |       80.851 ¦     4984           2              0.010 
2025-05-23 10:51:05 | INFO |       80.861 ¦     4985           2              0.010 
2025-05-23 10:51:05 | INFO |       80.871 ¦     4986           2              0.010 
2025-05-23 10:51:05 | INFO |       80.881 ¦     4987           2              0.010 
2025-05-23 10:51:05 | INFO |       80.891 ¦     4988           2              0.010 
2025-05-23 10:51:05 | INFO |       80.901 ¦     4989           2              0.010 
2025-05-23 10:51:05 | INFO |       80.911 ¦     4990           2              0.010 
2025-05-23 10:51:05 | INFO |       80.921 ¦     4991           2              0.010 
2025-05-23 10:51:05 | INFO |       80.931 ¦     4992           2              0.010 
2025-05-23 10:51:05 | INFO |       80.941 ¦     4993           2              0.010 
2025-05-23 10:51:05 | INFO |       80.951 ¦     4994           2              0.010 
2025-05-23 10:51:05 | INFO |       80.961 ¦     4995           2              0.010 
2025-05-23 10:51:05 | INFO |       80.971 ¦     4996           2              0.010 
2025-05-23 10:51:05 | INFO |       80.981 ¦     4997           2              0.010 
2025-05-23 10:51:05 | INFO |       80.991 ¦     4998           2              0.010 
2025-05-23 10:51:05 | INFO |       81.001 ¦     4999           2              0.010 
2025-05-23 10:51:05 | INFO |       81.011 ¦     5000           2              0.010 
2025-05-23 10:51:05 | INFO |       81.021 ¦     5001           2              0.010 
2025-05-23 10:51:05 | INFO |       81.031 ¦     5002           2              0.010 
2025-05-23 10:51:05 | INFO |       81.041 ¦     5003           2              0.010 
2025-05-23 10:51:05 | INFO |       81.051 ¦     5004           2              0.010 
2025-05-23 10:51:05 | INFO |       81.061 ¦     5005           2              0.010 
2025-05-23 10:51:05 | INFO |       81.071 ¦     5006           2              0.010 
2025-05-23 10:51:05 | INFO |       81.081 ¦     5007           2              0.010 
2025-05-23 10:51:05 | INFO |       81.091 ¦     5008           2              0.010 
2025-05-23 10:51:05 | INFO |       81.101 ¦     5009           2              0.010 
2025-05-23 10:51:05 | INFO |       81.111 ¦     5010           2              0.010 
2025-05-23 10:51:05 | INFO |       81.121 ¦     5011           2              0.010 
2025-05-23 10:51:05 | INFO |       81.131 ¦     5012           2              0.010 
2025-05-23 10:51:05 | INFO |       81.141 ¦     5013           2              0.010 
2025-05-23 10:51:05 | INFO |       81.151 ¦     5014           2              0.010 
2025-05-23 10:51:05 | INFO |       81.161 ¦     5015           2              0.010 
2025-05-23 10:51:05 | INFO |       81.171 ¦     5016           2              0.010 
2025-05-23 10:51:05 | INFO |       81.181 ¦     5017           2              0.010 
2025-05-23 10:51:05 | INFO |       81.191 ¦     5018           2              0.010 
2025-05-23 10:51:05 | INFO |       81.201 ¦     5019           2              0.010 
2025-05-23 10:51:05 | INFO |       81.211 ¦     5020           2              0.010 
2025-05-23 10:51:05 | INFO |       81.221 ¦     5021           2              0.010 
2025-05-23 10:51:05 | INFO |       81.231 ¦     5022           2              0.010 
2025-05-23 10:51:05 | INFO |       81.241 ¦     5023           2              0.010 
2025-05-23 10:51:05 | INFO |       81.251 ¦     5024           2              0.010 
2025-05-23 10:51:05 | INFO |       81.261 ¦     5025           2              0.010 
2025-05-23 10:51:05 | INFO |       81.271 ¦     5026           2              0.010 
2025-05-23 10:51:05 | INFO |       81.281 ¦     5027           2              0.010 
2025-05-23 10:51:05 | INFO |       81.291 ¦     5028           2              0.010 
2025-05-23 10:51:05 | INFO |       81.301 ¦     5029           2              0.010 
2025-05-23 10:51:05 | INFO |       81.311 ¦     5030           2              0.010 
2025-05-23 10:51:05 | INFO |       81.321 ¦     5031           2              0.010 
2025-05-23 10:51:05 | INFO |       81.331 ¦     5032           2              0.010 
2025-05-23 10:51:05 | INFO |       81.341 ¦     5033           2              0.010 
2025-05-23 10:51:05 | INFO |       81.351 ¦     5034           2              0.010 
2025-05-23 10:51:05 | INFO |       81.361 ¦     5035           2              0.010 
2025-05-23 10:51:05 | INFO |       81.371 ¦     5036           2              0.010 
2025-05-23 10:51:05 | INFO |       81.381 ¦     5037           2              0.010 
2025-05-23 10:51:05 | INFO |       81.391 ¦     5038           2              0.010 
2025-05-23 10:51:05 | INFO |       81.401 ¦     5039           2              0.010 
2025-05-23 10:51:05 | INFO |       81.411 ¦     5040           2              0.010 
2025-05-23 10:51:05 | INFO |       81.421 ¦     5041           2              0.010 
2025-05-23 10:51:05 | INFO |       81.431 ¦     5042           2              0.010 
2025-05-23 10:51:05 | INFO |       81.441 ¦     5043           2              0.010 
2025-05-23 10:51:05 | INFO |       81.451 ¦     5044           2              0.010 
2025-05-23 10:51:05 | INFO |       81.461 ¦     5045           2              0.010 
2025-05-23 10:51:05 | INFO |       81.471 ¦     5046           2              0.010 
2025-05-23 10:51:05 | INFO |       81.481 ¦     5047           2              0.010 
2025-05-23 10:51:05 | INFO |       81.491 ¦     5048           2              0.010 
2025-05-23 10:51:05 | INFO |       81.501 ¦     5049           2              0.010 
2025-05-23 10:51:05 | INFO |       81.511 ¦     5050           2              0.010 
2025-05-23 10:51:05 | INFO |       81.521 ¦     5051           2              0.010 
2025-05-23 10:51:05 | INFO |       81.531 ¦     5052           2              0.010 
2025-05-23 10:51:05 | INFO |       81.541 ¦     5053           2              0.010 
2025-05-23 10:51:05 | INFO |       81.551 ¦     5054           2              0.010 
2025-05-23 10:51:05 | INFO |       81.561 ¦     5055           2              0.010 
2025-05-23 10:51:05 | INFO |       81.571 ¦     5056           2              0.010 
2025-05-23 10:51:05 | INFO |       81.581 ¦     5057           2              0.010 
2025-05-23 10:51:05 | INFO |       81.591 ¦     5058           2              0.010 
2025-05-23 10:51:05 | INFO |       81.601 ¦     5059           2              0.010 
2025-05-23 10:51:05 | INFO |       81.611 ¦     5060           2              0.010 
2025-05-23 10:51:05 | INFO |       81.621 ¦     5061           2              0.010 
2025-05-23 10:51:05 | INFO |       81.631 ¦     5062           2              0.010 
2025-05-23 10:51:05 | INFO |       81.641 ¦     5063           2              0.010 
2025-05-23 10:51:05 | INFO |       81.651 ¦     5064           2              0.010 
2025-05-23 10:51:05 | INFO |       81.661 ¦     5065           2              0.010 
2025-05-23 10:51:05 | INFO |       81.671 ¦     5066           2              0.010 
2025-05-23 10:51:05 | INFO |       81.681 ¦     5067           2              0.010 
2025-05-23 10:51:05 | INFO |       81.691 ¦     5068           2              0.010 
2025-05-23 10:51:05 | INFO |       81.701 ¦     5069           2              0.010 
2025-05-23 10:51:05 | INFO |       81.711 ¦     5070           2              0.010 
2025-05-23 10:51:05 | INFO |       81.721 ¦     5071           2              0.010 
2025-05-23 10:51:05 | INFO |       81.731 ¦     5072           2              0.010 
2025-05-23 10:51:05 | INFO |       81.741 ¦     5073           2              0.010 
2025-05-23 10:51:05 | INFO |       81.751 ¦     5074           2              0.010 
2025-05-23 10:51:05 | INFO |       81.761 ¦     5075           2              0.010 
2025-05-23 10:51:05 | INFO |       81.771 ¦     5076           2              0.010 
2025-05-23 10:51:05 | INFO |       81.781 ¦     5077           2              0.010 
2025-05-23 10:51:05 | INFO |       81.791 ¦     5078           2              0.010 
2025-05-23 10:51:05 | INFO |       81.801 ¦     5079           2              0.010 
2025-05-23 10:51:05 | INFO |       81.811 ¦     5080           2              0.010 
2025-05-23 10:51:05 | INFO |       81.821 ¦     5081           2              0.010 
2025-05-23 10:51:05 | INFO |       81.831 ¦     5082           2              0.010 
2025-05-23 10:51:05 | INFO |       81.841 ¦     5083           2              0.010 
2025-05-23 10:51:05 | INFO |       81.851 ¦     5084           2              0.010 
2025-05-23 10:51:05 | INFO |       81.861 ¦     5085           2              0.010 
2025-05-23 10:51:05 | INFO |       81.871 ¦     5086           2              0.010 
2025-05-23 10:51:05 | INFO |       81.881 ¦     5087           2              0.010 
2025-05-23 10:51:05 | INFO |       81.891 ¦     5088           2              0.010 
2025-05-23 10:51:05 | INFO |       81.901 ¦     5089           2              0.010 
2025-05-23 10:51:05 | INFO |       81.911 ¦     5090           2              0.010 
2025-05-23 10:51:05 | INFO |       81.921 ¦     5091           2              0.010 
2025-05-23 10:51:05 | INFO |       81.931 ¦     5092           2              0.010 
2025-05-23 10:51:05 | INFO |       81.941 ¦     5093           2              0.010 
2025-05-23 10:51:05 | INFO |       81.951 ¦     5094           2              0.010 
2025-05-23 10:51:05 | INFO |       81.961 ¦     5095           2              0.010 
2025-05-23 10:51:05 | INFO |       81.971 ¦     5096           2              0.010 
2025-05-23 10:51:05 | INFO |       81.981 ¦     5097           2              0.010 
2025-05-23 10:51:05 | INFO |       81.991 ¦     5098           2              0.010 
2025-05-23 10:51:05 | INFO |       82.001 ¦     5099           2              0.010 
2025-05-23 10:51:05 | INFO |       82.011 ¦     5100           2              0.010 
2025-05-23 10:51:05 | INFO |       82.021 ¦     5101           2              0.010 
2025-05-23 10:51:05 | INFO |       82.031 ¦     5102           2              0.010 
2025-05-23 10:51:05 | INFO |       82.041 ¦     5103           2              0.010 
2025-05-23 10:51:05 | INFO |       82.051 ¦     5104           2              0.010 
2025-05-23 10:51:05 | INFO |       82.061 ¦     5105           2              0.010 
2025-05-23 10:51:05 | INFO |       82.071 ¦     5106           2              0.010 
2025-05-23 10:51:05 | INFO |       82.081 ¦     5107           2              0.010 
2025-05-23 10:51:05 | INFO |       82.091 ¦     5108           2              0.010 
2025-05-23 10:51:05 | INFO |       82.101 ¦     5109           2              0.010 
2025-05-23 10:51:05 | INFO |       82.111 ¦     5110           2              0.010 
2025-05-23 10:51:05 | INFO |       82.121 ¦     5111           2              0.010 
2025-05-23 10:51:05 | INFO |       82.131 ¦     5112           2              0.010 
2025-05-23 10:51:05 | INFO |       82.141 ¦     5113           2              0.010 
2025-05-23 10:51:05 | INFO |       82.151 ¦     5114           2              0.010 
2025-05-23 10:51:05 | INFO |       82.161 ¦     5115           2              0.010 
2025-05-23 10:51:05 | INFO |       82.171 ¦     5116           2              0.010 
2025-05-23 10:51:05 | INFO |       82.181 ¦     5117           2              0.010 
2025-05-23 10:51:05 | INFO |       82.191 ¦     5118           2              0.010 
2025-05-23 10:51:05 | INFO |       82.201 ¦     5119           2              0.010 
2025-05-23 10:51:05 | INFO |       82.211 ¦     5120           2              0.010 
2025-05-23 10:51:05 | INFO |       82.221 ¦     5121           2              0.010 
2025-05-23 10:51:05 | INFO |       82.231 ¦     5122           2              0.010 
2025-05-23 10:51:05 | INFO |       82.241 ¦     5123           2              0.010 
2025-05-23 10:51:05 | INFO |       82.251 ¦     5124           2              0.010 
2025-05-23 10:51:05 | INFO |       82.261 ¦     5125           2              0.010 
2025-05-23 10:51:05 | INFO |       82.271 ¦     5126           2              0.010 
2025-05-23 10:51:05 | INFO |       82.281 ¦     5127           2              0.010 
2025-05-23 10:51:05 | INFO |       82.291 ¦     5128           2              0.010 
2025-05-23 10:51:05 | INFO |       82.301 ¦     5129           2              0.010 
2025-05-23 10:51:05 | INFO |       82.311 ¦     5130           2              0.010 
2025-05-23 10:51:05 | INFO |       82.321 ¦     5131           2              0.010 
2025-05-23 10:51:05 | INFO |       82.331 ¦     5132           2              0.010 
2025-05-23 10:51:05 | INFO |       82.341 ¦     5133           2              0.010 
2025-05-23 10:51:05 | INFO |       82.351 ¦     5134           2              0.010 
2025-05-23 10:51:05 | INFO |       82.361 ¦     5135           2              0.010 
2025-05-23 10:51:05 | INFO |       82.371 ¦     5136           2              0.010 
2025-05-23 10:51:05 | INFO |       82.381 ¦     5137           2              0.010 
2025-05-23 10:51:05 | INFO |       82.391 ¦     5138           2              0.010 
2025-05-23 10:51:05 | INFO |       82.401 ¦     5139           2              0.010 
2025-05-23 10:51:05 | INFO |       82.411 ¦     5140           2              0.010 
2025-05-23 10:51:05 | INFO |       82.421 ¦     5141           2              0.010 
2025-05-23 10:51:05 | INFO |       82.431 ¦     5142           2              0.010 
2025-05-23 10:51:05 | INFO |       82.441 ¦     5143           2              0.010 
2025-05-23 10:51:05 | INFO |       82.451 ¦     5144           2              0.010 
2025-05-23 10:51:05 | INFO |       82.461 ¦     5145           2              0.010 
2025-05-23 10:51:05 | INFO |       82.471 ¦     5146           2              0.010 
2025-05-23 10:51:05 | INFO |       82.481 ¦     5147           2              0.010 
2025-05-23 10:51:05 | INFO |       82.491 ¦     5148           2              0.010 
2025-05-23 10:51:05 | INFO |       82.501 ¦     5149           2              0.010 
2025-05-23 10:51:05 | INFO |       82.511 ¦     5150           2              0.010 
2025-05-23 10:51:05 | INFO |       82.521 ¦     5151           2              0.010 
2025-05-23 10:51:05 | INFO |       82.531 ¦     5152           2              0.010 
2025-05-23 10:51:05 | INFO |       82.541 ¦     5153           2              0.010 
2025-05-23 10:51:05 | INFO |       82.551 ¦     5154           2              0.010 
2025-05-23 10:51:05 | INFO |       82.561 ¦     5155           2              0.010 
2025-05-23 10:51:05 | INFO |       82.571 ¦     5156           2              0.010 
2025-05-23 10:51:05 | INFO |       82.581 ¦     5157           2              0.010 
2025-05-23 10:51:05 | INFO |       82.591 ¦     5158           2              0.010 
2025-05-23 10:51:05 | INFO |       82.601 ¦     5159           2              0.010 
2025-05-23 10:51:05 | INFO |       82.611 ¦     5160           2              0.010 
2025-05-23 10:51:05 | INFO |       82.621 ¦     5161           2              0.010 
2025-05-23 10:51:05 | INFO |       82.631 ¦     5162           2              0.010 
2025-05-23 10:51:05 | INFO |       82.641 ¦     5163           2              0.010 
2025-05-23 10:51:05 | INFO |       82.651 ¦     5164           2              0.010 
2025-05-23 10:51:05 | INFO |       82.661 ¦     5165           2              0.010 
2025-05-23 10:51:05 | INFO |       82.671 ¦     5166           2              0.010 
2025-05-23 10:51:05 | INFO |       82.681 ¦     5167           2              0.010 
2025-05-23 10:51:05 | INFO |       82.691 ¦     5168           2              0.010 
2025-05-23 10:51:05 | INFO |       82.701 ¦     5169           2              0.010 
2025-05-23 10:51:05 | INFO |       82.711 ¦     5170           2              0.010 
2025-05-23 10:51:05 | INFO |       82.721 ¦     5171           2              0.010 
2025-05-23 10:51:05 | INFO |       82.731 ¦     5172           2              0.010 
2025-05-23 10:51:05 | INFO |       82.741 ¦     5173           2              0.010 
2025-05-23 10:51:05 | INFO |       82.751 ¦     5174           2              0.010 
2025-05-23 10:51:05 | INFO |       82.761 ¦     5175           2              0.010 
2025-05-23 10:51:05 | INFO |       82.771 ¦     5176           2              0.010 
2025-05-23 10:51:05 | INFO |       82.781 ¦     5177           2              0.010 
2025-05-23 10:51:05 | INFO |       82.791 ¦     5178           2              0.010 
2025-05-23 10:51:05 | INFO |       82.801 ¦     5179           2              0.010 
2025-05-23 10:51:05 | INFO |       82.811 ¦     5180           2              0.010 
2025-05-23 10:51:05 | INFO |       82.821 ¦     5181           2              0.010 
2025-05-23 10:51:05 | INFO |       82.831 ¦     5182           2              0.010 
2025-05-23 10:51:05 | INFO |       82.841 ¦     5183           2              0.010 
2025-05-23 10:51:05 | INFO |       82.851 ¦     5184           2              0.010 
2025-05-23 10:51:05 | INFO |       82.861 ¦     5185           2              0.010 
2025-05-23 10:51:05 | INFO |       82.871 ¦     5186           2              0.010 
2025-05-23 10:51:05 | INFO |       82.881 ¦     5187           2              0.010 
2025-05-23 10:51:05 | INFO |       82.891 ¦     5188           2              0.010 
2025-05-23 10:51:05 | INFO |       82.901 ¦     5189           2              0.010 
2025-05-23 10:51:05 | INFO |       82.911 ¦     5190           2              0.010 
2025-05-23 10:51:05 | INFO |       82.921 ¦     5191           2              0.010 
2025-05-23 10:51:05 | INFO |       82.931 ¦     5192           2              0.010 
2025-05-23 10:51:05 | INFO |       82.941 ¦     5193           2              0.010 
2025-05-23 10:51:05 | INFO |       82.951 ¦     5194           2              0.010 
2025-05-23 10:51:05 | INFO |       82.961 ¦     5195           2              0.010 
2025-05-23 10:51:05 | INFO |       82.971 ¦     5196           2              0.010 
2025-05-23 10:51:05 | INFO |       82.981 ¦     5197           2              0.010 
2025-05-23 10:51:05 | INFO |       82.991 ¦     5198           2              0.010 
2025-05-23 10:51:05 | INFO |       83.001 ¦     5199           2              0.010 
2025-05-23 10:51:05 | INFO |       83.011 ¦     5200           2              0.010 
2025-05-23 10:51:05 | INFO |       83.021 ¦     5201           2              0.010 
2025-05-23 10:51:05 | INFO |       83.031 ¦     5202           2              0.010 
2025-05-23 10:51:05 | INFO |       83.041 ¦     5203           2              0.010 
2025-05-23 10:51:05 | INFO |       83.051 ¦     5204           2              0.010 
2025-05-23 10:51:05 | INFO |       83.061 ¦     5205           2              0.010 
2025-05-23 10:51:05 | INFO |       83.071 ¦     5206           2              0.010 
2025-05-23 10:51:05 | INFO |       83.081 ¦     5207           2              0.010 
2025-05-23 10:51:05 | INFO |       83.091 ¦     5208           2              0.010 
2025-05-23 10:51:05 | INFO |       83.101 ¦     5209           2              0.010 
2025-05-23 10:51:05 | INFO |       83.111 ¦     5210           2              0.010 
2025-05-23 10:51:05 | INFO |       83.121 ¦     5211           2              0.010 
2025-05-23 10:51:05 | INFO |       83.131 ¦     5212           2              0.010 
2025-05-23 10:51:05 | INFO |       83.141 ¦     5213           2              0.010 
2025-05-23 10:51:05 | INFO |       83.151 ¦     5214           2              0.010 
2025-05-23 10:51:05 | INFO |       83.161 ¦     5215           2              0.010 
2025-05-23 10:51:05 | INFO |       83.171 ¦     5216           2              0.010 
2025-05-23 10:51:05 | INFO |       83.181 ¦     5217           2              0.010 
2025-05-23 10:51:05 | INFO |       83.191 ¦     5218           2              0.010 
2025-05-23 10:51:05 | INFO |       83.201 ¦     5219           2              0.010 
2025-05-23 10:51:05 | INFO |       83.211 ¦     5220           2              0.010 
2025-05-23 10:51:05 | INFO |       83.221 ¦     5221           2              0.010 
2025-05-23 10:51:05 | INFO |       83.231 ¦     5222           2              0.010 
2025-05-23 10:51:05 | INFO |       83.241 ¦     5223           2              0.010 
2025-05-23 10:51:05 | INFO |       83.251 ¦     5224           2              0.010 
2025-05-23 10:51:05 | INFO |       83.261 ¦     5225           2              0.010 
2025-05-23 10:51:05 | INFO |       83.271 ¦     5226           2              0.010 
2025-05-23 10:51:05 | INFO |       83.281 ¦     5227           2              0.010 
2025-05-23 10:51:05 | INFO |       83.291 ¦     5228           2              0.010 
2025-05-23 10:51:05 | INFO |       83.301 ¦     5229           2              0.010 
2025-05-23 10:51:05 | INFO |       83.311 ¦     5230           2              0.010 
2025-05-23 10:51:05 | INFO |       83.321 ¦     5231           2              0.010 
2025-05-23 10:51:05 | INFO |       83.331 ¦     5232           2              0.010 
2025-05-23 10:51:05 | INFO |       83.341 ¦     5233           2              0.010 
2025-05-23 10:51:05 | INFO |       83.351 ¦     5234           2              0.010 
2025-05-23 10:51:05 | INFO |       83.361 ¦     5235           2              0.010 
2025-05-23 10:51:05 | INFO |       83.371 ¦     5236           2              0.010 
2025-05-23 10:51:05 | INFO |       83.381 ¦     5237           2              0.010 
2025-05-23 10:51:05 | INFO |       83.391 ¦     5238           2              0.010 
2025-05-23 10:51:05 | INFO |       83.401 ¦     5239           2              0.010 
2025-05-23 10:51:05 | INFO |       83.411 ¦     5240           2              0.010 
2025-05-23 10:51:05 | INFO |       83.421 ¦     5241           2              0.010 
2025-05-23 10:51:05 | INFO |       83.431 ¦     5242           2              0.010 
2025-05-23 10:51:05 | INFO |       83.441 ¦     5243           2              0.010 
2025-05-23 10:51:05 | INFO |       83.451 ¦     5244           2              0.010 
2025-05-23 10:51:05 | INFO |       83.461 ¦     5245           2              0.010 
2025-05-23 10:51:05 | INFO |       83.471 ¦     5246           2              0.010 
2025-05-23 10:51:05 | INFO |       83.481 ¦     5247           2              0.010 
2025-05-23 10:51:05 | INFO |       83.491 ¦     5248           2              0.010 
2025-05-23 10:51:05 | INFO |       83.501 ¦     5249           2              0.010 
2025-05-23 10:51:05 | INFO |       83.511 ¦     5250           2              0.010 
2025-05-23 10:51:05 | INFO |       83.521 ¦     5251           2              0.010 
2025-05-23 10:51:05 | INFO |       83.531 ¦     5252           2              0.010 
2025-05-23 10:51:05 | INFO |       83.541 ¦     5253           2              0.010 
2025-05-23 10:51:05 | INFO |       83.551 ¦     5254           2              0.010 
2025-05-23 10:51:05 | INFO |       83.561 ¦     5255           2              0.010 
2025-05-23 10:51:05 | INFO |       83.571 ¦     5256           2              0.010 
2025-05-23 10:51:05 | INFO |       83.581 ¦     5257           2              0.010 
2025-05-23 10:51:05 | INFO |       83.591 ¦     5258           2              0.010 
2025-05-23 10:51:05 | INFO |       83.601 ¦     5259           2              0.010 
2025-05-23 10:51:05 | INFO |       83.611 ¦     5260           2              0.010 
2025-05-23 10:51:05 | INFO |       83.621 ¦     5261           2              0.010 
2025-05-23 10:51:05 | INFO |       83.631 ¦     5262           2              0.010 
2025-05-23 10:51:05 | INFO |       83.641 ¦     5263           2              0.010 
2025-05-23 10:51:05 | INFO |       83.651 ¦     5264           2              0.010 
2025-05-23 10:51:05 | INFO |       83.661 ¦     5265           2              0.010 
2025-05-23 10:51:05 | INFO |       83.671 ¦     5266           2              0.010 
2025-05-23 10:51:05 | INFO |       83.681 ¦     5267           2              0.010 
2025-05-23 10:51:05 | INFO |       83.691 ¦     5268           2              0.010 
2025-05-23 10:51:05 | INFO |       83.701 ¦     5269           2              0.010 
2025-05-23 10:51:05 | INFO |       83.711 ¦     5270           2              0.010 
2025-05-23 10:51:05 | INFO |       83.721 ¦     5271           2              0.010 
2025-05-23 10:51:05 | INFO |       83.731 ¦     5272           2              0.010 
2025-05-23 10:51:05 | INFO |       83.741 ¦     5273           2              0.010 
2025-05-23 10:51:05 | INFO |       83.751 ¦     5274           2              0.010 
2025-05-23 10:51:05 | INFO |       83.761 ¦     5275           2              0.010 
2025-05-23 10:51:05 | INFO |       83.771 ¦     5276           2              0.010 
2025-05-23 10:51:05 | INFO |       83.781 ¦     5277           2              0.010 
2025-05-23 10:51:05 | INFO |       83.791 ¦     5278           2              0.010 
2025-05-23 10:51:05 | INFO |       83.801 ¦     5279           2              0.010 
2025-05-23 10:51:05 | INFO |       83.811 ¦     5280           2              0.010 
2025-05-23 10:51:05 | INFO |       83.821 ¦     5281           2              0.010 
2025-05-23 10:51:05 | INFO |       83.831 ¦     5282           2              0.010 
2025-05-23 10:51:05 | INFO |       83.841 ¦     5283           2              0.010 
2025-05-23 10:51:05 | INFO |       83.851 ¦     5284           2              0.010 
2025-05-23 10:51:05 | INFO |       83.861 ¦     5285           2              0.010 
2025-05-23 10:51:05 | INFO |       83.871 ¦     5286           2              0.010 
2025-05-23 10:51:05 | INFO |       83.881 ¦     5287           2              0.010 
2025-05-23 10:51:05 | INFO |       83.891 ¦     5288           2              0.010 
2025-05-23 10:51:05 | INFO |       83.901 ¦     5289           2              0.010 
2025-05-23 10:51:05 | INFO |       83.911 ¦     5290           2              0.010 
2025-05-23 10:51:05 | INFO |       83.921 ¦     5291           2              0.010 
2025-05-23 10:51:05 | INFO |       83.931 ¦     5292           2              0.010 
2025-05-23 10:51:05 | INFO |       83.941 ¦     5293           2              0.010 
2025-05-23 10:51:05 | INFO |       83.951 ¦     5294           2              0.010 
2025-05-23 10:51:05 | INFO |       83.961 ¦     5295           2              0.010 
2025-05-23 10:51:05 | INFO |       83.971 ¦     5296           2              0.010 
2025-05-23 10:51:05 | INFO |       83.981 ¦     5297           2              0.010 
2025-05-23 10:51:05 | INFO |       83.991 ¦     5298           2              0.010 
2025-05-23 10:51:05 | INFO |       84.001 ¦     5299           2              0.010 
2025-05-23 10:51:05 | INFO |       84.011 ¦     5300           2              0.010 
2025-05-23 10:51:05 | INFO |       84.021 ¦     5301           2              0.010 
2025-05-23 10:51:05 | INFO |       84.031 ¦     5302           2              0.010 
2025-05-23 10:51:05 | INFO |       84.041 ¦     5303           2              0.010 
2025-05-23 10:51:05 | INFO |       84.051 ¦     5304           2              0.010 
2025-05-23 10:51:05 | INFO |       84.061 ¦     5305           2              0.010 
2025-05-23 10:51:05 | INFO |       84.071 ¦     5306           2              0.010 
2025-05-23 10:51:05 | INFO |       84.081 ¦     5307           2              0.010 
2025-05-23 10:51:05 | INFO |       84.091 ¦     5308           2              0.010 
2025-05-23 10:51:05 | INFO |       84.101 ¦     5309           2              0.010 
2025-05-23 10:51:05 | INFO |       84.111 ¦     5310           2              0.010 
2025-05-23 10:51:05 | INFO |       84.121 ¦     5311           2              0.010 
2025-05-23 10:51:05 | INFO |       84.131 ¦     5312           2              0.010 
2025-05-23 10:51:05 | INFO |       84.141 ¦     5313           2              0.010 
2025-05-23 10:51:05 | INFO |       84.151 ¦     5314           2              0.010 
2025-05-23 10:51:05 | INFO |       84.161 ¦     5315           2              0.010 
2025-05-23 10:51:05 | INFO |       84.171 ¦     5316           2              0.010 
2025-05-23 10:51:05 | INFO |       84.181 ¦     5317           2              0.010 
2025-05-23 10:51:05 | INFO |       84.191 ¦     5318           2              0.010 
2025-05-23 10:51:05 | INFO |       84.201 ¦     5319           2              0.010 
2025-05-23 10:51:05 | INFO |       84.211 ¦     5320           2              0.010 
2025-05-23 10:51:05 | INFO |       84.221 ¦     5321           2              0.010 
2025-05-23 10:51:05 | INFO |       84.231 ¦     5322           2              0.010 
2025-05-23 10:51:05 | INFO |       84.241 ¦     5323           2              0.010 
2025-05-23 10:51:05 | INFO |       84.251 ¦     5324           2              0.010 
2025-05-23 10:51:05 | INFO |       84.261 ¦     5325           2              0.010 
2025-05-23 10:51:05 | INFO |       84.271 ¦     5326           2              0.010 
2025-05-23 10:51:05 | INFO |       84.281 ¦     5327           2              0.010 
2025-05-23 10:51:05 | INFO |       84.291 ¦     5328           2              0.010 
2025-05-23 10:51:05 | INFO |       84.301 ¦     5329           2              0.010 
2025-05-23 10:51:05 | INFO |       84.311 ¦     5330           2              0.010 
2025-05-23 10:51:05 | INFO |       84.321 ¦     5331           2              0.010 
2025-05-23 10:51:05 | INFO |       84.331 ¦     5332           2              0.010 
2025-05-23 10:51:05 | INFO |       84.341 ¦     5333           2              0.010 
2025-05-23 10:51:05 | INFO |       84.351 ¦     5334           2              0.010 
2025-05-23 10:51:05 | INFO |       84.361 ¦     5335           2              0.010 
2025-05-23 10:51:05 | INFO |       84.371 ¦     5336           2              0.010 
2025-05-23 10:51:05 | INFO |       84.381 ¦     5337           2              0.010 
2025-05-23 10:51:05 | INFO |       84.391 ¦     5338           2              0.010 
2025-05-23 10:51:05 | INFO |       84.401 ¦     5339           2              0.010 
2025-05-23 10:51:05 | INFO |       84.411 ¦     5340           2              0.010 
2025-05-23 10:51:05 | INFO |       84.421 ¦     5341           2              0.010 
2025-05-23 10:51:05 | INFO |       84.431 ¦     5342           2              0.010 
2025-05-23 10:51:05 | INFO |       84.441 ¦     5343           2              0.010 
2025-05-23 10:51:05 | INFO |       84.451 ¦     5344           2              0.010 
2025-05-23 10:51:05 | INFO |       84.461 ¦     5345           2              0.010 
2025-05-23 10:51:05 | INFO |       84.471 ¦     5346           2              0.010 
2025-05-23 10:51:05 | INFO |       84.481 ¦     5347           2              0.010 
2025-05-23 10:51:05 | INFO |       84.491 ¦     5348           2              0.010 
2025-05-23 10:51:05 | INFO |       84.501 ¦     5349           2              0.010 
2025-05-23 10:51:05 | INFO |       84.511 ¦     5350           2              0.010 
2025-05-23 10:51:05 | INFO |       84.521 ¦     5351           2              0.010 
2025-05-23 10:51:05 | INFO |       84.531 ¦     5352           2              0.010 
2025-05-23 10:51:05 | INFO |       84.541 ¦     5353           2              0.010 
2025-05-23 10:51:05 | INFO |       84.551 ¦     5354           2              0.010 
2025-05-23 10:51:05 | INFO |       84.561 ¦     5355           2              0.010 
2025-05-23 10:51:05 | INFO |       84.571 ¦     5356           2              0.010 
2025-05-23 10:51:05 | INFO |       84.581 ¦     5357           2              0.010 
2025-05-23 10:51:05 | INFO |       84.591 ¦     5358           2              0.010 
2025-05-23 10:51:05 | INFO |       84.601 ¦     5359           2              0.010 
2025-05-23 10:51:05 | INFO |       84.611 ¦     5360           2              0.010 
2025-05-23 10:51:05 | INFO |       84.621 ¦     5361           2              0.010 
2025-05-23 10:51:05 | INFO |       84.631 ¦     5362           2              0.010 
2025-05-23 10:51:05 | INFO |       84.641 ¦     5363           2              0.010 
2025-05-23 10:51:05 | INFO |       84.651 ¦     5364           2              0.010 
2025-05-23 10:51:05 | INFO |       84.661 ¦     5365           2              0.010 
2025-05-23 10:51:05 | INFO |       84.671 ¦     5366           2              0.010 
2025-05-23 10:51:05 | INFO |       84.681 ¦     5367           2              0.010 
2025-05-23 10:51:05 | INFO |       84.691 ¦     5368           2              0.010 
2025-05-23 10:51:05 | INFO |       84.701 ¦     5369           2              0.010 
2025-05-23 10:51:05 | INFO |       84.711 ¦     5370           2              0.010 
2025-05-23 10:51:05 | INFO |       84.721 ¦     5371           2              0.010 
2025-05-23 10:51:05 | INFO |       84.731 ¦     5372           2              0.010 
2025-05-23 10:51:05 | INFO |       84.741 ¦     5373           2              0.010 
2025-05-23 10:51:05 | INFO |       84.751 ¦     5374           2              0.010 
2025-05-23 10:51:05 | INFO |       84.761 ¦     5375           2              0.010 
2025-05-23 10:51:05 | INFO |       84.771 ¦     5376           2              0.010 
2025-05-23 10:51:05 | INFO |       84.781 ¦     5377           2              0.010 
2025-05-23 10:51:05 | INFO |       84.791 ¦     5378           2              0.010 
2025-05-23 10:51:05 | INFO |       84.801 ¦     5379           2              0.010 
2025-05-23 10:51:05 | INFO |       84.811 ¦     5380           2              0.010 
2025-05-23 10:51:05 | INFO |       84.821 ¦     5381           2              0.010 
2025-05-23 10:51:05 | INFO |       84.831 ¦     5382           2              0.010 
2025-05-23 10:51:05 | INFO |       84.841 ¦     5383           2              0.010 
2025-05-23 10:51:05 | INFO |       84.851 ¦     5384           2              0.010 
2025-05-23 10:51:05 | INFO |       84.861 ¦     5385           2              0.010 
2025-05-23 10:51:05 | INFO |       84.871 ¦     5386           2              0.010 
2025-05-23 10:51:05 | INFO |       84.881 ¦     5387           2              0.010 
2025-05-23 10:51:05 | INFO |       84.891 ¦     5388           2              0.010 
2025-05-23 10:51:05 | INFO |       84.901 ¦     5389           2              0.010 
2025-05-23 10:51:05 | INFO |       84.911 ¦     5390           2              0.010 
2025-05-23 10:51:05 | INFO |       84.921 ¦     5391           2              0.010 
2025-05-23 10:51:05 | INFO |       84.931 ¦     5392           2              0.010 
2025-05-23 10:51:05 | INFO |       84.941 ¦     5393           2              0.010 
2025-05-23 10:51:05 | INFO |       84.951 ¦     5394           2              0.010 
2025-05-23 10:51:05 | INFO |       84.961 ¦     5395           2              0.010 
2025-05-23 10:51:05 | INFO |       84.971 ¦     5396           2              0.010 
2025-05-23 10:51:05 | INFO |       84.981 ¦     5397           2              0.010 
2025-05-23 10:51:05 | INFO |       84.991 ¦     5398           2              0.010 
2025-05-23 10:51:05 | INFO |       85.001 ¦     5399           2              0.010 
2025-05-23 10:51:05 | INFO |       85.011 ¦     5400           2              0.010 
2025-05-23 10:51:05 | INFO |       85.021 ¦     5401           2              0.010 
2025-05-23 10:51:05 | INFO |       85.031 ¦     5402           2              0.010 
2025-05-23 10:51:05 | INFO |       85.041 ¦     5403           2              0.010 
2025-05-23 10:51:05 | INFO |       85.051 ¦     5404           2              0.010 
2025-05-23 10:51:05 | INFO |       85.061 ¦     5405           2              0.010 
2025-05-23 10:51:05 | INFO |       85.071 ¦     5406           2              0.010 
2025-05-23 10:51:05 | INFO |       85.081 ¦     5407           2              0.010 
2025-05-23 10:51:05 | INFO |       85.091 ¦     5408           2              0.010 
2025-05-23 10:51:05 | INFO |       85.101 ¦     5409           2              0.010 
2025-05-23 10:51:05 | INFO |       85.111 ¦     5410           2              0.010 
2025-05-23 10:51:05 | INFO |       85.121 ¦     5411           2              0.010 
2025-05-23 10:51:05 | INFO |       85.131 ¦     5412           2              0.010 
2025-05-23 10:51:05 | INFO |       85.141 ¦     5413           2              0.010 
2025-05-23 10:51:05 | INFO |       85.151 ¦     5414           2              0.010 
2025-05-23 10:51:05 | INFO |       85.161 ¦     5415           2              0.010 
2025-05-23 10:51:05 | INFO |       85.171 ¦     5416           2              0.010 
2025-05-23 10:51:05 | INFO |       85.181 ¦     5417           2              0.010 
2025-05-23 10:51:05 | INFO |       85.191 ¦     5418           2              0.010 
2025-05-23 10:51:05 | INFO |       85.201 ¦     5419           2              0.010 
2025-05-23 10:51:05 | INFO |       85.211 ¦     5420           2              0.010 
2025-05-23 10:51:05 | INFO |       85.221 ¦     5421           2              0.010 
2025-05-23 10:51:05 | INFO |       85.231 ¦     5422           2              0.010 
2025-05-23 10:51:05 | INFO |       85.241 ¦     5423           2              0.010 
2025-05-23 10:51:05 | INFO |       85.251 ¦     5424           2              0.010 
2025-05-23 10:51:05 | INFO |       85.261 ¦     5425           2              0.010 
2025-05-23 10:51:05 | INFO |       85.271 ¦     5426           2              0.010 
2025-05-23 10:51:05 | INFO |       85.281 ¦     5427           2              0.010 
2025-05-23 10:51:05 | INFO |       85.291 ¦     5428           2              0.010 
2025-05-23 10:51:05 | INFO |       85.301 ¦     5429           2              0.010 
2025-05-23 10:51:05 | INFO |       85.311 ¦     5430           2              0.010 
2025-05-23 10:51:05 | INFO |       85.321 ¦     5431           2              0.010 
2025-05-23 10:51:05 | INFO |       85.331 ¦     5432           2              0.010 
2025-05-23 10:51:05 | INFO |       85.341 ¦     5433           2              0.010 
2025-05-23 10:51:05 | INFO |       85.351 ¦     5434           2              0.010 
2025-05-23 10:51:05 | INFO |       85.361 ¦     5435           2              0.010 
2025-05-23 10:51:05 | INFO |       85.371 ¦     5436           2              0.010 
2025-05-23 10:51:05 | INFO |       85.381 ¦     5437           2              0.010 
2025-05-23 10:51:05 | INFO |       85.391 ¦     5438           2              0.010 
2025-05-23 10:51:05 | INFO |       85.401 ¦     5439           2              0.010 
2025-05-23 10:51:05 | INFO |       85.411 ¦     5440           2              0.010 
2025-05-23 10:51:05 | INFO |       85.421 ¦     5441           2              0.010 
2025-05-23 10:51:05 | INFO |       85.431 ¦     5442           2              0.010 
2025-05-23 10:51:05 | INFO |       85.441 ¦     5443           2              0.010 
2025-05-23 10:51:05 | INFO |       85.451 ¦     5444           2              0.010 
2025-05-23 10:51:05 | INFO |       85.461 ¦     5445           2              0.010 
2025-05-23 10:51:05 | INFO |       85.471 ¦     5446           2              0.010 
2025-05-23 10:51:05 | INFO |       85.481 ¦     5447           2              0.010 
2025-05-23 10:51:05 | INFO |       85.491 ¦     5448           2              0.010 
2025-05-23 10:51:05 | INFO |       85.501 ¦     5449           2              0.010 
2025-05-23 10:51:05 | INFO |       85.511 ¦     5450           2              0.010 
2025-05-23 10:51:05 | INFO |       85.521 ¦     5451           2              0.010 
2025-05-23 10:51:05 | INFO |       85.531 ¦     5452           2              0.010 
2025-05-23 10:51:05 | INFO |       85.541 ¦     5453           2              0.010 
2025-05-23 10:51:05 | INFO |       85.551 ¦     5454           2              0.010 
2025-05-23 10:51:05 | INFO |       85.561 ¦     5455           2              0.010 
2025-05-23 10:51:05 | INFO |       85.571 ¦     5456           2              0.010 
2025-05-23 10:51:05 | INFO |       85.581 ¦     5457           2              0.010 
2025-05-23 10:51:05 | INFO |       85.591 ¦     5458           2              0.010 
2025-05-23 10:51:05 | INFO |       85.601 ¦     5459           2              0.010 
2025-05-23 10:51:05 | INFO |       85.611 ¦     5460           2              0.010 
2025-05-23 10:51:05 | INFO |       85.621 ¦     5461           2              0.010 
2025-05-23 10:51:05 | INFO |       85.631 ¦     5462           2              0.010 
2025-05-23 10:51:05 | INFO |       85.641 ¦     5463           2              0.010 
2025-05-23 10:51:05 | INFO |       85.651 ¦     5464           2              0.010 
2025-05-23 10:51:05 | INFO |       85.661 ¦     5465           2              0.010 
2025-05-23 10:51:05 | INFO |       85.671 ¦     5466           2              0.010 
2025-05-23 10:51:05 | INFO |       85.681 ¦     5467           2              0.010 
2025-05-23 10:51:05 | INFO |       85.691 ¦     5468           2              0.010 
2025-05-23 10:51:05 | INFO |       85.701 ¦     5469           2              0.010 
2025-05-23 10:51:05 | INFO |       85.711 ¦     5470           2              0.010 
2025-05-23 10:51:05 | INFO |       85.721 ¦     5471           2              0.010 
2025-05-23 10:51:05 | INFO |       85.731 ¦     5472           2              0.010 
2025-05-23 10:51:05 | INFO |       85.741 ¦     5473           2              0.010 
2025-05-23 10:51:05 | INFO |       85.751 ¦     5474           2              0.010 
2025-05-23 10:51:05 | INFO |       85.761 ¦     5475           2              0.010 
2025-05-23 10:51:05 | INFO |       85.771 ¦     5476           2              0.010 
2025-05-23 10:51:05 | INFO |       85.781 ¦     5477           2              0.010 
2025-05-23 10:51:05 | INFO |       85.791 ¦     5478           2              0.010 
2025-05-23 10:51:05 | INFO |       85.801 ¦     5479           2              0.010 
2025-05-23 10:51:05 | INFO |       85.811 ¦     5480           2              0.010 
2025-05-23 10:51:05 | INFO |       85.821 ¦     5481           2              0.010 
2025-05-23 10:51:05 | INFO |       85.831 ¦     5482           2              0.010 
2025-05-23 10:51:05 | INFO |       85.841 ¦     5483           2              0.010 
2025-05-23 10:51:05 | INFO |       85.851 ¦     5484           2              0.010 
2025-05-23 10:51:05 | INFO |       85.861 ¦     5485           2              0.010 
2025-05-23 10:51:05 | INFO |       85.871 ¦     5486           2              0.010 
2025-05-23 10:51:05 | INFO |       85.881 ¦     5487           2              0.010 
2025-05-23 10:51:05 | INFO |       85.891 ¦     5488           2              0.010 
2025-05-23 10:51:05 | INFO |       85.901 ¦     5489           2              0.010 
2025-05-23 10:51:05 | INFO |       85.911 ¦     5490           2              0.010 
2025-05-23 10:51:05 | INFO |       85.921 ¦     5491           2              0.010 
2025-05-23 10:51:05 | INFO |       85.931 ¦     5492           2              0.010 
2025-05-23 10:51:05 | INFO |       85.941 ¦     5493           2              0.010 
2025-05-23 10:51:05 | INFO |       85.951 ¦     5494           2              0.010 
2025-05-23 10:51:05 | INFO |       85.961 ¦     5495           2              0.010 
2025-05-23 10:51:05 | INFO |       85.971 ¦     5496           2              0.010 
2025-05-23 10:51:05 | INFO |       85.981 ¦     5497           2              0.010 
2025-05-23 10:51:05 | INFO |       85.991 ¦     5498           2              0.010 
2025-05-23 10:51:05 | INFO |       86.001 ¦     5499           2              0.010 
2025-05-23 10:51:05 | INFO |       86.011 ¦     5500           2              0.010 
2025-05-23 10:51:05 | INFO |       86.021 ¦     5501           2              0.010 
2025-05-23 10:51:05 | INFO |       86.031 ¦     5502           2              0.010 
2025-05-23 10:51:05 | INFO |       86.041 ¦     5503           2              0.010 
2025-05-23 10:51:05 | INFO |       86.051 ¦     5504           2              0.010 
2025-05-23 10:51:05 | INFO |       86.061 ¦     5505           2              0.010 
2025-05-23 10:51:05 | INFO |       86.071 ¦     5506           2              0.010 
2025-05-23 10:51:05 | INFO |       86.081 ¦     5507           2              0.010 
2025-05-23 10:51:05 | INFO |       86.091 ¦     5508           2              0.010 
2025-05-23 10:51:05 | INFO |       86.101 ¦     5509           2              0.010 
2025-05-23 10:51:05 | INFO |       86.111 ¦     5510           2              0.010 
2025-05-23 10:51:05 | INFO |       86.121 ¦     5511           2              0.010 
2025-05-23 10:51:05 | INFO |       86.131 ¦     5512           2              0.010 
2025-05-23 10:51:05 | INFO |       86.141 ¦     5513           2              0.010 
2025-05-23 10:51:05 | INFO |       86.151 ¦     5514           2              0.010 
2025-05-23 10:51:05 | INFO |       86.161 ¦     5515           2              0.010 
2025-05-23 10:51:05 | INFO |       86.171 ¦     5516           2              0.010 
2025-05-23 10:51:05 | INFO |       86.181 ¦     5517           2              0.010 
2025-05-23 10:51:05 | INFO |       86.191 ¦     5518           2              0.010 
2025-05-23 10:51:05 | INFO |       86.201 ¦     5519           2              0.010 
2025-05-23 10:51:05 | INFO |       86.211 ¦     5520           2              0.010 
2025-05-23 10:51:05 | INFO |       86.221 ¦     5521           2              0.010 
2025-05-23 10:51:05 | INFO |       86.231 ¦     5522           2              0.010 
2025-05-23 10:51:05 | INFO |       86.241 ¦     5523           2              0.010 
2025-05-23 10:51:05 | INFO |       86.251 ¦     5524           2              0.010 
2025-05-23 10:51:05 | INFO |       86.261 ¦     5525           2              0.010 
2025-05-23 10:51:05 | INFO |       86.271 ¦     5526           2              0.010 
2025-05-23 10:51:05 | INFO |       86.281 ¦     5527           2              0.010 
2025-05-23 10:51:05 | INFO |       86.291 ¦     5528           2              0.010 
2025-05-23 10:51:05 | INFO |       86.301 ¦     5529           2              0.010 
2025-05-23 10:51:05 | INFO |       86.311 ¦     5530           2              0.010 
2025-05-23 10:51:05 | INFO |       86.321 ¦     5531           2              0.010 
2025-05-23 10:51:05 | INFO |       86.331 ¦     5532           2              0.010 
2025-05-23 10:51:05 | INFO |       86.341 ¦     5533           2              0.010 
2025-05-23 10:51:05 | INFO |       86.351 ¦     5534           2              0.010 
2025-05-23 10:51:05 | INFO |       86.361 ¦     5535           2              0.010 
2025-05-23 10:51:05 | INFO |       86.371 ¦     5536           2              0.010 
2025-05-23 10:51:05 | INFO |       86.381 ¦     5537           2              0.010 
2025-05-23 10:51:05 | INFO |       86.391 ¦     5538           2              0.010 
2025-05-23 10:51:05 | INFO |       86.401 ¦     5539           2              0.010 
2025-05-23 10:51:05 | INFO |       86.411 ¦     5540           2              0.010 
2025-05-23 10:51:05 | INFO |       86.421 ¦     5541           2              0.010 
2025-05-23 10:51:05 | INFO |       86.431 ¦     5542           2              0.010 
2025-05-23 10:51:05 | INFO |       86.441 ¦     5543           2              0.010 
2025-05-23 10:51:05 | INFO |       86.451 ¦     5544           2              0.010 
2025-05-23 10:51:05 | INFO |       86.461 ¦     5545           2              0.010 
2025-05-23 10:51:05 | INFO |       86.471 ¦     5546           2              0.010 
2025-05-23 10:51:05 | INFO |       86.481 ¦     5547           2              0.010 
2025-05-23 10:51:05 | INFO |       86.491 ¦     5548           2              0.010 
2025-05-23 10:51:05 | INFO |       86.501 ¦     5549           2              0.010 
2025-05-23 10:51:05 | INFO |       86.511 ¦     5550           2              0.010 
2025-05-23 10:51:05 | INFO |       86.521 ¦     5551           2              0.010 
2025-05-23 10:51:05 | INFO |       86.531 ¦     5552           2              0.010 
2025-05-23 10:51:05 | INFO |       86.541 ¦     5553           2              0.010 
2025-05-23 10:51:05 | INFO |       86.551 ¦     5554           2              0.010 
2025-05-23 10:51:05 | INFO |       86.561 ¦     5555           2              0.010 
2025-05-23 10:51:05 | INFO |       86.571 ¦     5556           2              0.010 
2025-05-23 10:51:05 | INFO |       86.581 ¦     5557           2              0.010 
2025-05-23 10:51:05 | INFO |       86.591 ¦     5558           2              0.010 
2025-05-23 10:51:05 | INFO |       86.601 ¦     5559           2              0.010 
2025-05-23 10:51:05 | INFO |       86.611 ¦     5560           2              0.010 
2025-05-23 10:51:05 | INFO |       86.621 ¦     5561           2              0.010 
2025-05-23 10:51:05 | INFO |       86.631 ¦     5562           2              0.010 
2025-05-23 10:51:05 | INFO |       86.641 ¦     5563           2              0.010 
2025-05-23 10:51:05 | INFO |       86.651 ¦     5564           2              0.010 
2025-05-23 10:51:05 | INFO |       86.661 ¦     5565           2              0.010 
2025-05-23 10:51:05 | INFO |       86.671 ¦     5566           2              0.010 
2025-05-23 10:51:05 | INFO |       86.681 ¦     5567           2              0.010 
2025-05-23 10:51:05 | INFO |       86.691 ¦     5568           2              0.010 
2025-05-23 10:51:05 | INFO |       86.701 ¦     5569           2              0.010 
2025-05-23 10:51:05 | INFO |       86.711 ¦     5570           2              0.010 
2025-05-23 10:51:05 | INFO |       86.721 ¦     5571           2              0.010 
2025-05-23 10:51:05 | INFO |       86.731 ¦     5572           2              0.010 
2025-05-23 10:51:05 | INFO |       86.741 ¦     5573           2              0.010 
2025-05-23 10:51:05 | INFO |       86.751 ¦     5574           2              0.010 
2025-05-23 10:51:05 | INFO |       86.761 ¦     5575           2              0.010 
2025-05-23 10:51:05 | INFO |       86.771 ¦     5576           2              0.010 
2025-05-23 10:51:05 | INFO |       86.781 ¦     5577           2              0.010 
2025-05-23 10:51:05 | INFO |       86.791 ¦     5578           2              0.010 
2025-05-23 10:51:05 | INFO |       86.801 ¦     5579           2              0.010 
2025-05-23 10:51:05 | INFO |       86.811 ¦     5580           2              0.010 
2025-05-23 10:51:05 | INFO |       86.821 ¦     5581           2              0.010 
2025-05-23 10:51:05 | INFO |       86.831 ¦     5582           2              0.010 
2025-05-23 10:51:05 | INFO |       86.841 ¦     5583           2              0.010 
2025-05-23 10:51:05 | INFO |       86.851 ¦     5584           2              0.010 
2025-05-23 10:51:05 | INFO |       86.861 ¦     5585           2              0.010 
2025-05-23 10:51:05 | INFO |       86.871 ¦     5586           2              0.010 
2025-05-23 10:51:05 | INFO |       86.881 ¦     5587           2              0.010 
2025-05-23 10:51:05 | INFO |       86.891 ¦     5588           2              0.010 
2025-05-23 10:51:05 | INFO |       86.901 ¦     5589           2              0.010 
2025-05-23 10:51:05 | INFO |       86.911 ¦     5590           2              0.010 
2025-05-23 10:51:05 | INFO |       86.921 ¦     5591           2              0.010 
2025-05-23 10:51:05 | INFO |       86.931 ¦     5592           2              0.010 
2025-05-23 10:51:05 | INFO |       86.941 ¦     5593           2              0.010 
2025-05-23 10:51:05 | INFO |       86.951 ¦     5594           2              0.010 
2025-05-23 10:51:05 | INFO |       86.961 ¦     5595           2              0.010 
2025-05-23 10:51:05 | INFO |       86.971 ¦     5596           2              0.010 
2025-05-23 10:51:05 | INFO |       86.981 ¦     5597           2              0.010 
2025-05-23 10:51:05 | INFO |       86.991 ¦     5598           2              0.010 
2025-05-23 10:51:05 | INFO |       87.001 ¦     5599           2              0.010 
2025-05-23 10:51:05 | INFO |       87.011 ¦     5600           2              0.010 
2025-05-23 10:51:05 | INFO |       87.021 ¦     5601           2              0.010 
2025-05-23 10:51:05 | INFO |       87.031 ¦     5602           2              0.010 
2025-05-23 10:51:05 | INFO |       87.041 ¦     5603           2              0.010 
2025-05-23 10:51:05 | INFO |       87.051 ¦     5604           2              0.010 
2025-05-23 10:51:05 | INFO |       87.061 ¦     5605           2              0.010 
2025-05-23 10:51:05 | INFO |       87.071 ¦     5606           2              0.010 
2025-05-23 10:51:05 | INFO |       87.081 ¦     5607           2              0.010 
2025-05-23 10:51:05 | INFO |       87.091 ¦     5608           2              0.010 
2025-05-23 10:51:05 | INFO |       87.101 ¦     5609           2              0.010 
2025-05-23 10:51:05 | INFO |       87.111 ¦     5610           2              0.010 
2025-05-23 10:51:05 | INFO |       87.121 ¦     5611           2              0.010 
2025-05-23 10:51:05 | INFO |       87.131 ¦     5612           2              0.010 
2025-05-23 10:51:05 | INFO |       87.141 ¦     5613           2              0.010 
2025-05-23 10:51:05 | INFO |       87.151 ¦     5614           2              0.010 
2025-05-23 10:51:05 | INFO |       87.161 ¦     5615           2              0.010 
2025-05-23 10:51:05 | INFO |       87.171 ¦     5616           2              0.010 
2025-05-23 10:51:05 | INFO |       87.181 ¦     5617           2              0.010 
2025-05-23 10:51:05 | INFO |       87.191 ¦     5618           2              0.010 
2025-05-23 10:51:05 | INFO |       87.201 ¦     5619           2              0.010 
2025-05-23 10:51:05 | INFO |       87.211 ¦     5620           2              0.010 
2025-05-23 10:51:05 | INFO |       87.221 ¦     5621           2              0.010 
2025-05-23 10:51:05 | INFO |       87.231 ¦     5622           2              0.010 
2025-05-23 10:51:05 | INFO |       87.241 ¦     5623           2              0.010 
2025-05-23 10:51:05 | INFO |       87.251 ¦     5624           2              0.010 
2025-05-23 10:51:05 | INFO |       87.261 ¦     5625           2              0.010 
2025-05-23 10:51:05 | INFO |       87.271 ¦     5626           2              0.010 
2025-05-23 10:51:05 | INFO |       87.281 ¦     5627           2              0.010 
2025-05-23 10:51:05 | INFO |       87.291 ¦     5628           2              0.010 
2025-05-23 10:51:05 | INFO |       87.301 ¦     5629           2              0.010 
2025-05-23 10:51:05 | INFO |       87.311 ¦     5630           2              0.010 
2025-05-23 10:51:05 | INFO |       87.321 ¦     5631           2              0.010 
2025-05-23 10:51:05 | INFO |       87.331 ¦     5632           2              0.010 
2025-05-23 10:51:05 | INFO |       87.341 ¦     5633           2              0.010 
2025-05-23 10:51:05 | INFO |       87.351 ¦     5634           2              0.010 
2025-05-23 10:51:05 | INFO |       87.361 ¦     5635           2              0.010 
2025-05-23 10:51:05 | INFO |       87.371 ¦     5636           2              0.010 
2025-05-23 10:51:05 | INFO |       87.381 ¦     5637           2              0.010 
2025-05-23 10:51:05 | INFO |       87.391 ¦     5638           2              0.010 
2025-05-23 10:51:05 | INFO |       87.401 ¦     5639           2              0.010 
2025-05-23 10:51:05 | INFO |       87.411 ¦     5640           2              0.010 
2025-05-23 10:51:05 | INFO |       87.421 ¦     5641           2              0.010 
2025-05-23 10:51:05 | INFO |       87.431 ¦     5642           2              0.010 
2025-05-23 10:51:05 | INFO |       87.441 ¦     5643           2              0.010 
2025-05-23 10:51:05 | INFO |       87.451 ¦     5644           2              0.010 
2025-05-23 10:51:05 | INFO |       87.461 ¦     5645           2              0.010 
2025-05-23 10:51:05 | INFO |       87.471 ¦     5646           2              0.010 
2025-05-23 10:51:05 | INFO |       87.481 ¦     5647           2              0.010 
2025-05-23 10:51:05 | INFO |       87.491 ¦     5648           2              0.010 
2025-05-23 10:51:05 | INFO |       87.501 ¦     5649           2              0.010 
2025-05-23 10:51:05 | INFO |       87.511 ¦     5650           2              0.010 
2025-05-23 10:51:05 | INFO |       87.521 ¦     5651           2              0.010 
2025-05-23 10:51:05 | INFO |       87.531 ¦     5652           2              0.010 
2025-05-23 10:51:05 | INFO |       87.541 ¦     5653           2              0.010 
2025-05-23 10:51:05 | INFO |       87.551 ¦     5654           2              0.010 
2025-05-23 10:51:05 | INFO |       87.561 ¦     5655           2              0.010 
2025-05-23 10:51:05 | INFO |       87.571 ¦     5656           2              0.010 
2025-05-23 10:51:05 | INFO |       87.581 ¦     5657           2              0.010 
2025-05-23 10:51:05 | INFO |       87.591 ¦     5658           2              0.010 
2025-05-23 10:51:05 | INFO |       87.601 ¦     5659           2              0.010 
2025-05-23 10:51:05 | INFO |       87.611 ¦     5660           2              0.010 
2025-05-23 10:51:05 | INFO |       87.621 ¦     5661           2              0.010 
2025-05-23 10:51:05 | INFO |       87.631 ¦     5662           2              0.010 
2025-05-23 10:51:05 | INFO |       87.641 ¦     5663           2              0.010 
2025-05-23 10:51:05 | INFO |       87.651 ¦     5664           2              0.010 
2025-05-23 10:51:05 | INFO |       87.661 ¦     5665           2              0.010 
2025-05-23 10:51:05 | INFO |       87.671 ¦     5666           2              0.010 
2025-05-23 10:51:05 | INFO |       87.681 ¦     5667           2              0.010 
2025-05-23 10:51:05 | INFO |       87.691 ¦     5668           2              0.010 
2025-05-23 10:51:05 | INFO |       87.701 ¦     5669           2              0.010 
2025-05-23 10:51:05 | INFO |       87.711 ¦     5670           2              0.010 
2025-05-23 10:51:05 | INFO |       87.721 ¦     5671           2              0.010 
2025-05-23 10:51:05 | INFO |       87.731 ¦     5672           2              0.010 
2025-05-23 10:51:05 | INFO |       87.741 ¦     5673           2              0.010 
2025-05-23 10:51:05 | INFO |       87.751 ¦     5674           2              0.010 
2025-05-23 10:51:05 | INFO |       87.761 ¦     5675           2              0.010 
2025-05-23 10:51:05 | INFO |       87.771 ¦     5676           2              0.010 
2025-05-23 10:51:05 | INFO |       87.781 ¦     5677           2              0.010 
2025-05-23 10:51:05 | INFO |       87.791 ¦     5678           2              0.010 
2025-05-23 10:51:05 | INFO |       87.801 ¦     5679           2              0.010 
2025-05-23 10:51:05 | INFO |       87.811 ¦     5680           2              0.010 
2025-05-23 10:51:05 | INFO |       87.821 ¦     5681           2              0.010 
2025-05-23 10:51:05 | INFO |       87.831 ¦     5682           2              0.010 
2025-05-23 10:51:05 | INFO |       87.841 ¦     5683           2              0.010 
2025-05-23 10:51:05 | INFO |       87.851 ¦     5684           2              0.010 
2025-05-23 10:51:05 | INFO |       87.861 ¦     5685           2              0.010 
2025-05-23 10:51:05 | INFO |       87.871 ¦     5686           2              0.010 
2025-05-23 10:51:05 | INFO |       87.881 ¦     5687           2              0.010 
2025-05-23 10:51:05 | INFO |       87.891 ¦     5688           2              0.010 
2025-05-23 10:51:05 | INFO |       87.901 ¦     5689           2              0.010 
2025-05-23 10:51:05 | INFO |       87.911 ¦     5690           2              0.010 
2025-05-23 10:51:05 | INFO |       87.921 ¦     5691           2              0.010 
2025-05-23 10:51:05 | INFO |       87.931 ¦     5692           2              0.010 
2025-05-23 10:51:05 | INFO |       87.941 ¦     5693           2              0.010 
2025-05-23 10:51:05 | INFO |       87.951 ¦     5694           2              0.010 
2025-05-23 10:51:05 | INFO |       87.961 ¦     5695           2              0.010 
2025-05-23 10:51:05 | INFO |       87.971 ¦     5696           2              0.010 
2025-05-23 10:51:05 | INFO |       87.981 ¦     5697           2              0.010 
2025-05-23 10:51:05 | INFO |       87.991 ¦     5698           2              0.010 
2025-05-23 10:51:05 | INFO |       88.001 ¦     5699           2              0.010 
2025-05-23 10:51:05 | INFO |       88.011 ¦     5700           2              0.010 
2025-05-23 10:51:05 | INFO |       88.021 ¦     5701           2              0.010 
2025-05-23 10:51:05 | INFO |       88.031 ¦     5702           2              0.010 
2025-05-23 10:51:05 | INFO |       88.041 ¦     5703           2              0.010 
2025-05-23 10:51:05 | INFO |       88.051 ¦     5704           2              0.010 
2025-05-23 10:51:05 | INFO |       88.061 ¦     5705           2              0.010 
2025-05-23 10:51:05 | INFO |       88.071 ¦     5706           2              0.010 
2025-05-23 10:51:05 | INFO |       88.081 ¦     5707           2              0.010 
2025-05-23 10:51:05 | INFO |       88.091 ¦     5708           2              0.010 
2025-05-23 10:51:05 | INFO |       88.101 ¦     5709           2              0.010 
2025-05-23 10:51:05 | INFO |       88.111 ¦     5710           2              0.010 
2025-05-23 10:51:05 | INFO |       88.121 ¦     5711           2              0.010 
2025-05-23 10:51:05 | INFO |       88.131 ¦     5712           2              0.010 
2025-05-23 10:51:05 | INFO |       88.141 ¦     5713           2              0.010 
2025-05-23 10:51:05 | INFO |       88.151 ¦     5714           2              0.010 
2025-05-23 10:51:05 | INFO |       88.161 ¦     5715           2              0.010 
2025-05-23 10:51:05 | INFO |       88.171 ¦     5716           2              0.010 
2025-05-23 10:51:05 | INFO |       88.181 ¦     5717           2              0.010 
2025-05-23 10:51:05 | INFO |       88.191 ¦     5718           2              0.010 
2025-05-23 10:51:05 | INFO |       88.201 ¦     5719           2              0.010 
2025-05-23 10:51:05 | INFO |       88.211 ¦     5720           2              0.010 
2025-05-23 10:51:05 | INFO |       88.221 ¦     5721           2              0.010 
2025-05-23 10:51:05 | INFO |       88.231 ¦     5722           2              0.010 
2025-05-23 10:51:05 | INFO |       88.241 ¦     5723           2              0.010 
2025-05-23 10:51:05 | INFO |       88.251 ¦     5724           2              0.010 
2025-05-23 10:51:05 | INFO |       88.261 ¦     5725           2              0.010 
2025-05-23 10:51:05 | INFO |       88.271 ¦     5726           2              0.010 
2025-05-23 10:51:05 | INFO |       88.281 ¦     5727           2              0.010 
2025-05-23 10:51:05 | INFO |       88.291 ¦     5728           2              0.010 
2025-05-23 10:51:05 | INFO |       88.301 ¦     5729           2              0.010 
2025-05-23 10:51:05 | INFO |       88.311 ¦     5730           2              0.010 
2025-05-23 10:51:05 | INFO |       88.321 ¦     5731           2              0.010 
2025-05-23 10:51:05 | INFO |       88.331 ¦     5732           2              0.010 
2025-05-23 10:51:05 | INFO |       88.341 ¦     5733           2              0.010 
2025-05-23 10:51:05 | INFO |       88.351 ¦     5734           2              0.010 
2025-05-23 10:51:05 | INFO |       88.361 ¦     5735           2              0.010 
2025-05-23 10:51:05 | INFO |       88.371 ¦     5736           2              0.010 
2025-05-23 10:51:05 | INFO |       88.381 ¦     5737           2              0.010 
2025-05-23 10:51:05 | INFO |       88.391 ¦     5738           2              0.010 
2025-05-23 10:51:05 | INFO |       88.401 ¦     5739           2              0.010 
2025-05-23 10:51:05 | INFO |       88.411 ¦     5740           2              0.010 
2025-05-23 10:51:05 | INFO |       88.421 ¦     5741           2              0.010 
2025-05-23 10:51:05 | INFO |       88.431 ¦     5742           2              0.010 
2025-05-23 10:51:05 | INFO |       88.441 ¦     5743           2              0.010 
2025-05-23 10:51:05 | INFO |       88.451 ¦     5744           2              0.010 
2025-05-23 10:51:05 | INFO |       88.461 ¦     5745           2              0.010 
2025-05-23 10:51:05 | INFO |       88.471 ¦     5746           2              0.010 
2025-05-23 10:51:05 | INFO |       88.481 ¦     5747           2              0.010 
2025-05-23 10:51:05 | INFO |       88.491 ¦     5748           2              0.010 
2025-05-23 10:51:05 | INFO |       88.501 ¦     5749           2              0.010 
2025-05-23 10:51:05 | INFO |       88.511 ¦     5750           2              0.010 
2025-05-23 10:51:05 | INFO |       88.521 ¦     5751           2              0.010 
2025-05-23 10:51:05 | INFO |       88.531 ¦     5752           2              0.010 
2025-05-23 10:51:05 | INFO |       88.541 ¦     5753           2              0.010 
2025-05-23 10:51:05 | INFO |       88.551 ¦     5754           2              0.010 
2025-05-23 10:51:05 | INFO |       88.561 ¦     5755           2              0.010 
2025-05-23 10:51:05 | INFO |       88.571 ¦     5756           2              0.010 
2025-05-23 10:51:05 | INFO |       88.581 ¦     5757           2              0.010 
2025-05-23 10:51:05 | INFO |       88.591 ¦     5758           2              0.010 
2025-05-23 10:51:05 | INFO |       88.601 ¦     5759           2              0.010 
2025-05-23 10:51:05 | INFO |       88.611 ¦     5760           2              0.010 
2025-05-23 10:51:05 | INFO |       88.621 ¦     5761           2              0.010 
2025-05-23 10:51:05 | INFO |       88.631 ¦     5762           2              0.010 
2025-05-23 10:51:05 | INFO |       88.641 ¦     5763           2              0.010 
2025-05-23 10:51:05 | INFO |       88.651 ¦     5764           2              0.010 
2025-05-23 10:51:05 | INFO |       88.661 ¦     5765           2              0.010 
2025-05-23 10:51:05 | INFO |       88.671 ¦     5766           2              0.010 
2025-05-23 10:51:05 | INFO |       88.681 ¦     5767           2              0.010 
2025-05-23 10:51:05 | INFO |       88.691 ¦     5768           2              0.010 
2025-05-23 10:51:05 | INFO |       88.701 ¦     5769           2              0.010 
2025-05-23 10:51:05 | INFO |       88.711 ¦     5770           2              0.010 
2025-05-23 10:51:05 | INFO |       88.721 ¦     5771           2              0.010 
2025-05-23 10:51:05 | INFO |       88.731 ¦     5772           2              0.010 
2025-05-23 10:51:05 | INFO |       88.741 ¦     5773           2              0.010 
2025-05-23 10:51:05 | INFO |       88.751 ¦     5774           2              0.010 
2025-05-23 10:51:05 | INFO |       88.761 ¦     5775           2              0.010 
2025-05-23 10:51:05 | INFO |       88.771 ¦     5776           2              0.010 
2025-05-23 10:51:05 | INFO |       88.781 ¦     5777           2              0.010 
2025-05-23 10:51:05 | INFO |       88.791 ¦     5778           2              0.010 
2025-05-23 10:51:05 | INFO |       88.801 ¦     5779           2              0.010 
2025-05-23 10:51:05 | INFO |       88.811 ¦     5780           2              0.010 
2025-05-23 10:51:05 | INFO |       88.821 ¦     5781           2              0.010 
2025-05-23 10:51:05 | INFO |       88.831 ¦     5782           2              0.010 
2025-05-23 10:51:05 | INFO |       88.841 ¦     5783           2              0.010 
2025-05-23 10:51:05 | INFO |       88.851 ¦     5784           2              0.010 
2025-05-23 10:51:05 | INFO |       88.861 ¦     5785           2              0.010 
2025-05-23 10:51:05 | INFO |       88.871 ¦     5786           2              0.010 
2025-05-23 10:51:05 | INFO |       88.881 ¦     5787           2              0.010 
2025-05-23 10:51:05 | INFO |       88.891 ¦     5788           2              0.010 
2025-05-23 10:51:05 | INFO |       88.901 ¦     5789           2              0.010 
2025-05-23 10:51:05 | INFO |       88.911 ¦     5790           2              0.010 
2025-05-23 10:51:05 | INFO |       88.921 ¦     5791           2              0.010 
2025-05-23 10:51:05 | INFO |       88.931 ¦     5792           2              0.010 
2025-05-23 10:51:05 | INFO |       88.941 ¦     5793           2              0.010 
2025-05-23 10:51:05 | INFO |       88.951 ¦     5794           2              0.010 
2025-05-23 10:51:05 | INFO |       88.961 ¦     5795           2              0.010 
2025-05-23 10:51:05 | INFO |       88.971 ¦     5796           2              0.010 
2025-05-23 10:51:05 | INFO |       88.981 ¦     5797           2              0.010 
2025-05-23 10:51:05 | INFO |       88.991 ¦     5798           2              0.010 
2025-05-23 10:51:05 | INFO |       89.001 ¦     5799           2              0.010 
2025-05-23 10:51:05 | INFO |       89.011 ¦     5800           2              0.010 
2025-05-23 10:51:05 | INFO |       89.021 ¦     5801           2              0.010 
2025-05-23 10:51:05 | INFO |       89.031 ¦     5802           2              0.010 
2025-05-23 10:51:05 | INFO |       89.041 ¦     5803           2              0.010 
2025-05-23 10:51:05 | INFO |       89.051 ¦     5804           2              0.010 
2025-05-23 10:51:05 | INFO |       89.061 ¦     5805           2              0.010 
2025-05-23 10:51:05 | INFO |       89.071 ¦     5806           2              0.010 
2025-05-23 10:51:05 | INFO |       89.081 ¦     5807           2              0.010 
2025-05-23 10:51:05 | INFO |       89.091 ¦     5808           2              0.010 
2025-05-23 10:51:05 | INFO |       89.101 ¦     5809           2              0.010 
2025-05-23 10:51:05 | INFO |       89.111 ¦     5810           2              0.010 
2025-05-23 10:51:05 | INFO |       89.121 ¦     5811           2              0.010 
2025-05-23 10:51:05 | INFO |       89.131 ¦     5812           2              0.010 
2025-05-23 10:51:05 | INFO |       89.141 ¦     5813           2              0.010 
2025-05-23 10:51:05 | INFO |       89.151 ¦     5814           2              0.010 
2025-05-23 10:51:05 | INFO |       89.161 ¦     5815           2              0.010 
2025-05-23 10:51:05 | INFO |       89.171 ¦     5816           2              0.010 
2025-05-23 10:51:05 | INFO |       89.181 ¦     5817           2              0.010 
2025-05-23 10:51:05 | INFO |       89.191 ¦     5818           2              0.010 
2025-05-23 10:51:05 | INFO |       89.201 ¦     5819           2              0.010 
2025-05-23 10:51:05 | INFO |       89.211 ¦     5820           2              0.010 
2025-05-23 10:51:05 | INFO |       89.221 ¦     5821           2              0.010 
2025-05-23 10:51:05 | INFO |       89.231 ¦     5822           2              0.010 
2025-05-23 10:51:05 | INFO |       89.241 ¦     5823           2              0.010 
2025-05-23 10:51:05 | INFO |       89.251 ¦     5824           2              0.010 
2025-05-23 10:51:05 | INFO |       89.261 ¦     5825           2              0.010 
2025-05-23 10:51:05 | INFO |       89.271 ¦     5826           2              0.010 
2025-05-23 10:51:05 | INFO |       89.281 ¦     5827           2              0.010 
2025-05-23 10:51:05 | INFO |       89.291 ¦     5828           2              0.010 
2025-05-23 10:51:05 | INFO |       89.301 ¦     5829           2              0.010 
2025-05-23 10:51:05 | INFO |       89.311 ¦     5830           2              0.010 
2025-05-23 10:51:05 | INFO |       89.321 ¦     5831           2              0.010 
2025-05-23 10:51:05 | INFO |       89.331 ¦     5832           2              0.010 
2025-05-23 10:51:05 | INFO |       89.341 ¦     5833           2              0.010 
2025-05-23 10:51:05 | INFO |       89.351 ¦     5834           2              0.010 
2025-05-23 10:51:05 | INFO |       89.361 ¦     5835           2              0.010 
2025-05-23 10:51:05 | INFO |       89.371 ¦     5836           2              0.010 
2025-05-23 10:51:05 | INFO |       89.381 ¦     5837           2              0.010 
2025-05-23 10:51:05 | INFO |       89.391 ¦     5838           2              0.010 
2025-05-23 10:51:05 | INFO |       89.401 ¦     5839           2              0.010 
2025-05-23 10:51:05 | INFO |       89.411 ¦     5840           2              0.010 
2025-05-23 10:51:05 | INFO |       89.421 ¦     5841           2              0.010 
2025-05-23 10:51:05 | INFO |       89.431 ¦     5842           2              0.010 
2025-05-23 10:51:05 | INFO |       89.441 ¦     5843           2              0.010 
2025-05-23 10:51:05 | INFO |       89.451 ¦     5844           2              0.010 
2025-05-23 10:51:05 | INFO |       89.461 ¦     5845           2              0.010 
2025-05-23 10:51:05 | INFO |       89.471 ¦     5846           2              0.010 
2025-05-23 10:51:05 | INFO |       89.481 ¦     5847           2              0.010 
2025-05-23 10:51:05 | INFO |       89.491 ¦     5848           2              0.010 
2025-05-23 10:51:05 | INFO |       89.501 ¦     5849           2              0.010 
2025-05-23 10:51:05 | INFO |       89.511 ¦     5850           2              0.010 
2025-05-23 10:51:05 | INFO |       89.521 ¦     5851           2              0.010 
2025-05-23 10:51:05 | INFO |       89.531 ¦     5852           2              0.010 
2025-05-23 10:51:05 | INFO |       89.541 ¦     5853           2              0.010 
2025-05-23 10:51:05 | INFO |       89.551 ¦     5854           2              0.010 
2025-05-23 10:51:05 | INFO |       89.561 ¦     5855           2              0.010 
2025-05-23 10:51:05 | INFO |       89.571 ¦     5856           2              0.010 
2025-05-23 10:51:05 | INFO |       89.581 ¦     5857           2              0.010 
2025-05-23 10:51:05 | INFO |       89.591 ¦     5858           2              0.010 
2025-05-23 10:51:05 | INFO |       89.601 ¦     5859           2              0.010 
2025-05-23 10:51:05 | INFO |       89.611 ¦     5860           2              0.010 
2025-05-23 10:51:05 | INFO |       89.621 ¦     5861           2              0.010 
2025-05-23 10:51:05 | INFO |       89.631 ¦     5862           2              0.010 
2025-05-23 10:51:05 | INFO |       89.641 ¦     5863           2              0.010 
2025-05-23 10:51:05 | INFO |       89.651 ¦     5864           2              0.010 
2025-05-23 10:51:05 | INFO |       89.661 ¦     5865           2              0.010 
2025-05-23 10:51:05 | INFO |       89.671 ¦     5866           2              0.010 
2025-05-23 10:51:05 | INFO |       89.681 ¦     5867           2              0.010 
2025-05-23 10:51:05 | INFO |       89.691 ¦     5868           2              0.010 
2025-05-23 10:51:05 | INFO |       89.701 ¦     5869           2              0.010 
2025-05-23 10:51:05 | INFO |       89.711 ¦     5870           2              0.010 
2025-05-23 10:51:05 | INFO |       89.721 ¦     5871           2              0.010 
2025-05-23 10:51:05 | INFO |       89.731 ¦     5872           2              0.010 
2025-05-23 10:51:05 | INFO |       89.741 ¦     5873           2              0.010 
2025-05-23 10:51:05 | INFO |       89.751 ¦     5874           2              0.010 
2025-05-23 10:51:05 | INFO |       89.761 ¦     5875           2              0.010 
2025-05-23 10:51:05 | INFO |       89.771 ¦     5876           2              0.010 
2025-05-23 10:51:05 | INFO |       89.781 ¦     5877           2              0.010 
2025-05-23 10:51:05 | INFO |       89.791 ¦     5878           2              0.010 
2025-05-23 10:51:05 | INFO |       89.801 ¦     5879           2              0.010 
2025-05-23 10:51:05 | INFO |       89.811 ¦     5880           2              0.010 
2025-05-23 10:51:05 | INFO |       89.821 ¦     5881           2              0.010 
2025-05-23 10:51:05 | INFO |       89.831 ¦     5882           2              0.010 
2025-05-23 10:51:05 | INFO |       89.841 ¦     5883           2              0.010 
2025-05-23 10:51:05 | INFO |       89.851 ¦     5884           2              0.010 
2025-05-23 10:51:05 | INFO |       89.861 ¦     5885           2              0.010 
2025-05-23 10:51:05 | INFO |       89.871 ¦     5886           2              0.010 
2025-05-23 10:51:05 | INFO |       89.881 ¦     5887           2              0.010 
2025-05-23 10:51:05 | INFO |       89.891 ¦     5888           2              0.010 
2025-05-23 10:51:05 | INFO |       89.901 ¦     5889           2              0.010 
2025-05-23 10:51:05 | INFO |       89.911 ¦     5890           2              0.010 
2025-05-23 10:51:05 | INFO |       89.921 ¦     5891           2              0.010 
2025-05-23 10:51:05 | INFO |       89.931 ¦     5892           2              0.010 
2025-05-23 10:51:05 | INFO |       89.941 ¦     5893           2              0.010 
2025-05-23 10:51:05 | INFO |       89.951 ¦     5894           2              0.010 
2025-05-23 10:51:05 | INFO |       89.961 ¦     5895           2              0.010 
2025-05-23 10:51:05 | INFO |       89.971 ¦     5896           2              0.010 
2025-05-23 10:51:05 | INFO |       89.981 ¦     5897           2              0.010 
2025-05-23 10:51:05 | INFO |       89.991 ¦     5898           2              0.010 
2025-05-23 10:51:05 | INFO |       90.001 ¦     5899           2              0.010 
2025-05-23 10:51:05 | INFO |       90.011 ¦     5900           2              0.010 
2025-05-23 10:51:05 | INFO |       90.021 ¦     5901           2              0.010 
2025-05-23 10:51:05 | INFO |       90.031 ¦     5902           2              0.010 
2025-05-23 10:51:05 | INFO |       90.041 ¦     5903           2              0.010 
2025-05-23 10:51:05 | INFO |       90.051 ¦     5904           2              0.010 
2025-05-23 10:51:05 | INFO |       90.061 ¦     5905           2              0.010 
2025-05-23 10:51:05 | INFO |       90.071 ¦     5906           2              0.010 
2025-05-23 10:51:05 | INFO |       90.081 ¦     5907           2              0.010 
2025-05-23 10:51:05 | INFO |       90.091 ¦     5908           2              0.010 
2025-05-23 10:51:05 | INFO |       90.101 ¦     5909           2              0.010 
2025-05-23 10:51:05 | INFO |       90.111 ¦     5910           2              0.010 
2025-05-23 10:51:05 | INFO |       90.121 ¦     5911           2              0.010 
2025-05-23 10:51:05 | INFO |       90.131 ¦     5912           2              0.010 
2025-05-23 10:51:05 | INFO |       90.141 ¦     5913           2              0.010 
2025-05-23 10:51:05 | INFO |       90.151 ¦     5914           2              0.010 
2025-05-23 10:51:05 | INFO |       90.161 ¦     5915           2              0.010 
2025-05-23 10:51:05 | INFO |       90.171 ¦     5916           2              0.010 
2025-05-23 10:51:05 | INFO |       90.181 ¦     5917           2              0.010 
2025-05-23 10:51:05 | INFO |       90.191 ¦     5918           2              0.010 
2025-05-23 10:51:05 | INFO |       90.201 ¦     5919           2              0.010 
2025-05-23 10:51:05 | INFO |       90.211 ¦     5920           2              0.010 
2025-05-23 10:51:05 | INFO |       90.221 ¦     5921           2              0.010 
2025-05-23 10:51:05 | INFO |       90.231 ¦     5922           2              0.010 
2025-05-23 10:51:05 | INFO |       90.241 ¦     5923           2              0.010 
2025-05-23 10:51:05 | INFO |       90.251 ¦     5924           2              0.010 
2025-05-23 10:51:05 | INFO |       90.261 ¦     5925           2              0.010 
2025-05-23 10:51:05 | INFO |       90.271 ¦     5926           2              0.010 
2025-05-23 10:51:05 | INFO |       90.281 ¦     5927           2              0.010 
2025-05-23 10:51:05 | INFO |       90.291 ¦     5928           2              0.010 
2025-05-23 10:51:05 | INFO |       90.301 ¦     5929           2              0.010 
2025-05-23 10:51:05 | INFO |       90.311 ¦     5930           2              0.010 
2025-05-23 10:51:05 | INFO |       90.321 ¦     5931           2              0.010 
2025-05-23 10:51:05 | INFO |       90.331 ¦     5932           2              0.010 
2025-05-23 10:51:05 | INFO |       90.341 ¦     5933           2              0.010 
2025-05-23 10:51:05 | INFO |       90.351 ¦     5934           2              0.010 
2025-05-23 10:51:05 | INFO |       90.361 ¦     5935           2              0.010 
2025-05-23 10:51:05 | INFO |       90.371 ¦     5936           2              0.010 
2025-05-23 10:51:05 | INFO |       90.381 ¦     5937           2              0.010 
2025-05-23 10:51:05 | INFO |       90.391 ¦     5938           2              0.010 
2025-05-23 10:51:05 | INFO |       90.401 ¦     5939           2              0.010 
2025-05-23 10:51:05 | INFO |       90.411 ¦     5940           2              0.010 
2025-05-23 10:51:05 | INFO |       90.421 ¦     5941           2              0.010 
2025-05-23 10:51:05 | INFO |       90.431 ¦     5942           2              0.010 
2025-05-23 10:51:05 | INFO |       90.441 ¦     5943           2              0.010 
2025-05-23 10:51:05 | INFO |       90.451 ¦     5944           2              0.010 
2025-05-23 10:51:05 | INFO |       90.461 ¦     5945           2              0.010 
2025-05-23 10:51:05 | INFO |       90.471 ¦     5946           2              0.010 
2025-05-23 10:51:05 | INFO |       90.481 ¦     5947           2              0.010 
2025-05-23 10:51:05 | INFO |       90.491 ¦     5948           2              0.010 
2025-05-23 10:51:05 | INFO |       90.501 ¦     5949           2              0.010 
2025-05-23 10:51:05 | INFO |       90.511 ¦     5950           2              0.010 
2025-05-23 10:51:05 | INFO |       90.521 ¦     5951           2              0.010 
2025-05-23 10:51:05 | INFO |       90.531 ¦     5952           2              0.010 
2025-05-23 10:51:05 | INFO |       90.541 ¦     5953           2              0.010 
2025-05-23 10:51:05 | INFO |       90.551 ¦     5954           2              0.010 
2025-05-23 10:51:05 | INFO |       90.561 ¦     5955           2              0.010 
2025-05-23 10:51:05 | INFO |       90.571 ¦     5956           2              0.010 
2025-05-23 10:51:05 | INFO |       90.581 ¦     5957           2              0.010 
2025-05-23 10:51:05 | INFO |       90.591 ¦     5958           2              0.010 
2025-05-23 10:51:05 | INFO |       90.601 ¦     5959           2              0.010 
2025-05-23 10:51:05 | INFO |       90.611 ¦     5960           2              0.010 
2025-05-23 10:51:05 | INFO |       90.621 ¦     5961           2              0.010 
2025-05-23 10:51:05 | INFO |       90.631 ¦     5962           2              0.010 
2025-05-23 10:51:05 | INFO |       90.641 ¦     5963           2              0.010 
2025-05-23 10:51:05 | INFO |       90.651 ¦     5964           2              0.010 
2025-05-23 10:51:05 | INFO |       90.661 ¦     5965           2              0.010 
2025-05-23 10:51:05 | INFO |       90.671 ¦     5966           2              0.010 
2025-05-23 10:51:05 | INFO |       90.681 ¦     5967           2              0.010 
2025-05-23 10:51:05 | INFO |       90.691 ¦     5968           2              0.010 
2025-05-23 10:51:05 | INFO |       90.701 ¦     5969           2              0.010 
2025-05-23 10:51:05 | INFO |       90.711 ¦     5970           2              0.010 
2025-05-23 10:51:05 | INFO |       90.721 ¦     5971           2              0.010 
2025-05-23 10:51:05 | INFO |       90.731 ¦     5972           2              0.010 
2025-05-23 10:51:05 | INFO |       90.741 ¦     5973           2              0.010 
2025-05-23 10:51:05 | INFO |       90.751 ¦     5974           2              0.010 
2025-05-23 10:51:05 | INFO |       90.761 ¦     5975           2              0.010 
2025-05-23 10:51:05 | INFO |       90.771 ¦     5976           2              0.010 
2025-05-23 10:51:05 | INFO |       90.781 ¦     5977           2              0.010 
2025-05-23 10:51:05 | INFO |       90.791 ¦     5978           2              0.010 
2025-05-23 10:51:05 | INFO |       90.801 ¦     5979           2              0.010 
2025-05-23 10:51:05 | INFO |       90.811 ¦     5980           2              0.010 
2025-05-23 10:51:05 | INFO |       90.821 ¦     5981           2              0.010 
2025-05-23 10:51:05 | INFO |       90.831 ¦     5982           2              0.010 
2025-05-23 10:51:05 | INFO |       90.841 ¦     5983           2              0.010 
2025-05-23 10:51:05 | INFO |       90.851 ¦     5984           2              0.010 
2025-05-23 10:51:05 | INFO |       90.861 ¦     5985           2              0.010 
2025-05-23 10:51:05 | INFO |       90.871 ¦     5986           2              0.010 
2025-05-23 10:51:05 | INFO |       90.881 ¦     5987           2              0.010 
2025-05-23 10:51:05 | INFO |       90.891 ¦     5988           2              0.010 
2025-05-23 10:51:05 | INFO |       90.901 ¦     5989           2              0.010 
2025-05-23 10:51:05 | INFO |       90.911 ¦     5990           2              0.010 
2025-05-23 10:51:05 | INFO |       90.921 ¦     5991           2              0.010 
2025-05-23 10:51:05 | INFO |       90.931 ¦     5992           2              0.010 
2025-05-23 10:51:05 | INFO |       90.941 ¦     5993           2              0.010 
2025-05-23 10:51:05 | INFO |       90.951 ¦     5994           2              0.010 
2025-05-23 10:51:05 | INFO |       90.961 ¦     5995           2              0.010 
2025-05-23 10:51:05 | INFO |       90.971 ¦     5996           2              0.010 
2025-05-23 10:51:05 | INFO |       90.981 ¦     5997           2              0.010 
2025-05-23 10:51:05 | INFO |       90.991 ¦     5998           2              0.010 
2025-05-23 10:51:05 | INFO |       91.001 ¦     5999           2              0.010 
2025-05-23 10:51:05 | INFO |       91.011 ¦     6000           2              0.010 
2025-05-23 10:51:05 | INFO |       91.021 ¦     6001           2              0.010 
2025-05-23 10:51:05 | INFO |       91.031 ¦     6002           2              0.010 
2025-05-23 10:51:05 | INFO |       91.041 ¦     6003           2              0.010 
2025-05-23 10:51:05 | INFO |       91.051 ¦     6004           2              0.010 
2025-05-23 10:51:05 | INFO |       91.061 ¦     6005           2              0.010 
2025-05-23 10:51:05 | INFO |       91.071 ¦     6006           2              0.010 
2025-05-23 10:51:05 | INFO |       91.081 ¦     6007           2              0.010 
2025-05-23 10:51:05 | INFO |       91.091 ¦     6008           2              0.010 
2025-05-23 10:51:05 | INFO |       91.101 ¦     6009           2              0.010 
2025-05-23 10:51:05 | INFO |       91.111 ¦     6010           2              0.010 
2025-05-23 10:51:05 | INFO |       91.121 ¦     6011           2              0.010 
2025-05-23 10:51:05 | INFO |       91.131 ¦     6012           2              0.010 
2025-05-23 10:51:05 | INFO |       91.141 ¦     6013           2              0.010 
2025-05-23 10:51:05 | INFO |       91.151 ¦     6014           2              0.010 
2025-05-23 10:51:05 | INFO |       91.161 ¦     6015           2              0.010 
2025-05-23 10:51:05 | INFO |       91.171 ¦     6016           2              0.010 
2025-05-23 10:51:05 | INFO |       91.181 ¦     6017           2              0.010 
2025-05-23 10:51:05 | INFO |       91.191 ¦     6018           2              0.010 
2025-05-23 10:51:05 | INFO |       91.201 ¦     6019           2              0.010 
2025-05-23 10:51:05 | INFO |       91.211 ¦     6020           2              0.010 
2025-05-23 10:51:05 | INFO |       91.221 ¦     6021           2              0.010 
2025-05-23 10:51:05 | INFO |       91.231 ¦     6022           2              0.010 
2025-05-23 10:51:05 | INFO |       91.241 ¦     6023           2              0.010 
2025-05-23 10:51:05 | INFO |       91.251 ¦     6024           2              0.010 
2025-05-23 10:51:05 | INFO |       91.261 ¦     6025           2              0.010 
2025-05-23 10:51:05 | INFO |       91.271 ¦     6026           2              0.010 
2025-05-23 10:51:05 | INFO |       91.281 ¦     6027           2              0.010 
2025-05-23 10:51:05 | INFO |       91.291 ¦     6028           2              0.010 
2025-05-23 10:51:05 | INFO |       91.301 ¦     6029           2              0.010 
2025-05-23 10:51:05 | INFO |       91.311 ¦     6030           2              0.010 
2025-05-23 10:51:05 | INFO |       91.321 ¦     6031           2              0.010 
2025-05-23 10:51:05 | INFO |       91.331 ¦     6032           2              0.010 
2025-05-23 10:51:05 | INFO |       91.341 ¦     6033           2              0.010 
2025-05-23 10:51:05 | INFO |       91.351 ¦     6034           2              0.010 
2025-05-23 10:51:05 | INFO |       91.361 ¦     6035           2              0.010 
2025-05-23 10:51:05 | INFO |       91.371 ¦     6036           2              0.010 
2025-05-23 10:51:05 | INFO |       91.381 ¦     6037           2              0.010 
2025-05-23 10:51:05 | INFO |       91.391 ¦     6038           2              0.010 
2025-05-23 10:51:05 | INFO |       91.401 ¦     6039           2              0.010 
2025-05-23 10:51:05 | INFO |       91.411 ¦     6040           2              0.010 
2025-05-23 10:51:05 | INFO |       91.421 ¦     6041           2              0.010 
2025-05-23 10:51:05 | INFO |       91.431 ¦     6042           2              0.010 
2025-05-23 10:51:05 | INFO |       91.441 ¦     6043           2              0.010 
2025-05-23 10:51:05 | INFO |       91.451 ¦     6044           2              0.010 
2025-05-23 10:51:05 | INFO |       91.461 ¦     6045           2              0.010 
2025-05-23 10:51:05 | INFO |       91.471 ¦     6046           2              0.010 
2025-05-23 10:51:05 | INFO |       91.481 ¦     6047           2              0.010 
2025-05-23 10:51:05 | INFO |       91.491 ¦     6048           2              0.010 
2025-05-23 10:51:05 | INFO |       91.501 ¦     6049           2              0.010 
2025-05-23 10:51:05 | INFO |       91.511 ¦     6050           2              0.010 
2025-05-23 10:51:05 | INFO |       91.521 ¦     6051           2              0.010 
2025-05-23 10:51:05 | INFO |       91.531 ¦     6052           2              0.010 
2025-05-23 10:51:05 | INFO |       91.541 ¦     6053           2              0.010 
2025-05-23 10:51:05 | INFO |       91.551 ¦     6054           2              0.010 
2025-05-23 10:51:05 | INFO |       91.561 ¦     6055           2              0.010 
2025-05-23 10:51:05 | INFO |       91.571 ¦     6056           2              0.010 
2025-05-23 10:51:05 | INFO |       91.581 ¦     6057           2              0.010 
2025-05-23 10:51:05 | INFO |       91.591 ¦     6058           2              0.010 
2025-05-23 10:51:05 | INFO |       91.601 ¦     6059           2              0.010 
2025-05-23 10:51:05 | INFO |       91.611 ¦     6060           2              0.010 
2025-05-23 10:51:05 | INFO |       91.621 ¦     6061           2              0.010 
2025-05-23 10:51:05 | INFO |       91.631 ¦     6062           2              0.010 
2025-05-23 10:51:05 | INFO |       91.641 ¦     6063           2              0.010 
2025-05-23 10:51:05 | INFO |       91.651 ¦     6064           2              0.010 
2025-05-23 10:51:05 | INFO |       91.661 ¦     6065           2              0.010 
2025-05-23 10:51:05 | INFO |       91.671 ¦     6066           2              0.010 
2025-05-23 10:51:05 | INFO |       91.681 ¦     6067           2              0.010 
2025-05-23 10:51:05 | INFO |       91.691 ¦     6068           2              0.010 
2025-05-23 10:51:05 | INFO |       91.701 ¦     6069           2              0.010 
2025-05-23 10:51:05 | INFO |       91.711 ¦     6070           2              0.010 
2025-05-23 10:51:05 | INFO |       91.721 ¦     6071           2              0.010 
2025-05-23 10:51:05 | INFO |       91.731 ¦     6072           2              0.010 
2025-05-23 10:51:05 | INFO |       91.741 ¦     6073           2              0.010 
2025-05-23 10:51:05 | INFO |       91.751 ¦     6074           2              0.010 
2025-05-23 10:51:05 | INFO |       91.761 ¦     6075           2              0.010 
2025-05-23 10:51:05 | INFO |       91.771 ¦     6076           2              0.010 
2025-05-23 10:51:05 | INFO |       91.781 ¦     6077           2              0.010 
2025-05-23 10:51:05 | INFO |       91.791 ¦     6078           2              0.010 
2025-05-23 10:51:05 | INFO |       91.801 ¦     6079           2              0.010 
2025-05-23 10:51:05 | INFO |       91.811 ¦     6080           2              0.010 
2025-05-23 10:51:05 | INFO |       91.821 ¦     6081           2              0.010 
2025-05-23 10:51:05 | INFO |       91.831 ¦     6082           2              0.010 
2025-05-23 10:51:05 | INFO |       91.841 ¦     6083           2              0.010 
2025-05-23 10:51:05 | INFO |       91.851 ¦     6084           2              0.010 
2025-05-23 10:51:05 | INFO |       91.861 ¦     6085           2              0.010 
2025-05-23 10:51:05 | INFO |       91.871 ¦     6086           2              0.010 
2025-05-23 10:51:05 | INFO |       91.881 ¦     6087           2              0.010 
2025-05-23 10:51:05 | INFO |       91.891 ¦     6088           2              0.010 
2025-05-23 10:51:05 | INFO |       91.901 ¦     6089           2              0.010 
2025-05-23 10:51:05 | INFO |       91.911 ¦     6090           2              0.010 
2025-05-23 10:51:05 | INFO |       91.921 ¦     6091           2              0.010 
2025-05-23 10:51:05 | INFO |       91.931 ¦     6092           2              0.010 
2025-05-23 10:51:05 | INFO |       91.941 ¦     6093           2              0.010 
2025-05-23 10:51:05 | INFO |       91.951 ¦     6094           2              0.010 
2025-05-23 10:51:05 | INFO |       91.961 ¦     6095           2              0.010 
2025-05-23 10:51:05 | INFO |       91.971 ¦     6096           2              0.010 
2025-05-23 10:51:05 | INFO |       91.981 ¦     6097           2              0.010 
2025-05-23 10:51:05 | INFO |       91.991 ¦     6098           2              0.010 
2025-05-23 10:51:05 | INFO |       92.001 ¦     6099           2              0.010 
2025-05-23 10:51:05 | INFO |       92.011 ¦     6100           2              0.010 
2025-05-23 10:51:05 | INFO |       92.021 ¦     6101           2              0.010 
2025-05-23 10:51:05 | INFO |       92.031 ¦     6102           2              0.010 
2025-05-23 10:51:05 | INFO |       92.041 ¦     6103           2              0.010 
2025-05-23 10:51:05 | INFO |       92.051 ¦     6104           2              0.010 
2025-05-23 10:51:05 | INFO |       92.061 ¦     6105           2              0.010 
2025-05-23 10:51:05 | INFO |       92.071 ¦     6106           2              0.010 
2025-05-23 10:51:05 | INFO |       92.081 ¦     6107           2              0.010 
2025-05-23 10:51:05 | INFO |       92.091 ¦     6108           2              0.010 
2025-05-23 10:51:05 | INFO |       92.101 ¦     6109           2              0.010 
2025-05-23 10:51:05 | INFO |       92.111 ¦     6110           2              0.010 
2025-05-23 10:51:05 | INFO |       92.121 ¦     6111           2              0.010 
2025-05-23 10:51:05 | INFO |       92.131 ¦     6112           2              0.010 
2025-05-23 10:51:05 | INFO |       92.141 ¦     6113           2              0.010 
2025-05-23 10:51:05 | INFO |       92.151 ¦     6114           2              0.010 
2025-05-23 10:51:05 | INFO |       92.161 ¦     6115           2              0.010 
2025-05-23 10:51:05 | INFO |       92.171 ¦     6116           2              0.010 
2025-05-23 10:51:05 | INFO |       92.181 ¦     6117           2              0.010 
2025-05-23 10:51:05 | INFO |       92.191 ¦     6118           2              0.010 
2025-05-23 10:51:05 | INFO |       92.201 ¦     6119           2              0.010 
2025-05-23 10:51:05 | INFO |       92.211 ¦     6120           2              0.010 
2025-05-23 10:51:05 | INFO |       92.221 ¦     6121           2              0.010 
2025-05-23 10:51:05 | INFO |       92.231 ¦     6122           2              0.010 
2025-05-23 10:51:05 | INFO |       92.241 ¦     6123           2              0.010 
2025-05-23 10:51:05 | INFO |       92.251 ¦     6124           2              0.010 
2025-05-23 10:51:05 | INFO |       92.261 ¦     6125           2              0.010 
2025-05-23 10:51:05 | INFO |       92.271 ¦     6126           2              0.010 
2025-05-23 10:51:05 | INFO |       92.281 ¦     6127           2              0.010 
2025-05-23 10:51:05 | INFO |       92.291 ¦     6128           2              0.010 
2025-05-23 10:51:05 | INFO |       92.301 ¦     6129           2              0.010 
2025-05-23 10:51:05 | INFO |       92.311 ¦     6130           2              0.010 
2025-05-23 10:51:05 | INFO |       92.321 ¦     6131           2              0.010 
2025-05-23 10:51:05 | INFO |       92.331 ¦     6132           2              0.010 
2025-05-23 10:51:05 | INFO |       92.341 ¦     6133           2              0.010 
2025-05-23 10:51:05 | INFO |       92.351 ¦     6134           2              0.010 
2025-05-23 10:51:05 | INFO |       92.361 ¦     6135           2              0.010 
2025-05-23 10:51:05 | INFO |       92.371 ¦     6136           2              0.010 
2025-05-23 10:51:05 | INFO |       92.381 ¦     6137           2              0.010 
2025-05-23 10:51:05 | INFO |       92.391 ¦     6138           2              0.010 
2025-05-23 10:51:05 | INFO |       92.401 ¦     6139           2              0.010 
2025-05-23 10:51:05 | INFO |       92.411 ¦     6140           2              0.010 
2025-05-23 10:51:05 | INFO |       92.421 ¦     6141           2              0.010 
2025-05-23 10:51:05 | INFO |       92.431 ¦     6142           2              0.010 
2025-05-23 10:51:05 | INFO |       92.441 ¦     6143           2              0.010 
2025-05-23 10:51:05 | INFO |       92.451 ¦     6144           2              0.010 
2025-05-23 10:51:05 | INFO |       92.461 ¦     6145           2              0.010 
2025-05-23 10:51:05 | INFO |       92.471 ¦     6146           2              0.010 
2025-05-23 10:51:05 | INFO |       92.481 ¦     6147           2              0.010 
2025-05-23 10:51:05 | INFO |       92.491 ¦     6148           2              0.010 
2025-05-23 10:51:05 | INFO |       92.501 ¦     6149           2              0.010 
2025-05-23 10:51:05 | INFO |       92.511 ¦     6150           2              0.010 
2025-05-23 10:51:05 | INFO |       92.521 ¦     6151           2              0.010 
2025-05-23 10:51:05 | INFO |       92.531 ¦     6152           2              0.010 
2025-05-23 10:51:05 | INFO |       92.541 ¦     6153           2              0.010 
2025-05-23 10:51:05 | INFO |       92.551 ¦     6154           2              0.010 
2025-05-23 10:51:05 | INFO |       92.561 ¦     6155           2              0.010 
2025-05-23 10:51:05 | INFO |       92.571 ¦     6156           2              0.010 
2025-05-23 10:51:05 | INFO |       92.581 ¦     6157           2              0.010 
2025-05-23 10:51:05 | INFO |       92.591 ¦     6158           2              0.010 
2025-05-23 10:51:05 | INFO |       92.601 ¦     6159           2              0.010 
2025-05-23 10:51:05 | INFO |       92.611 ¦     6160           2              0.010 
2025-05-23 10:51:05 | INFO |       92.621 ¦     6161           2              0.010 
2025-05-23 10:51:05 | INFO |       92.631 ¦     6162           2              0.010 
2025-05-23 10:51:05 | INFO |       92.641 ¦     6163           2              0.010 
2025-05-23 10:51:05 | INFO |       92.651 ¦     6164           2              0.010 
2025-05-23 10:51:05 | INFO |       92.661 ¦     6165           2              0.010 
2025-05-23 10:51:05 | INFO |       92.671 ¦     6166           2              0.010 
2025-05-23 10:51:05 | INFO |       92.681 ¦     6167           2              0.010 
2025-05-23 10:51:05 | INFO |       92.691 ¦     6168           2              0.010 
2025-05-23 10:51:05 | INFO |       92.701 ¦     6169           2              0.010 
2025-05-23 10:51:05 | INFO |       92.711 ¦     6170           2              0.010 
2025-05-23 10:51:05 | INFO |       92.721 ¦     6171           2              0.010 
2025-05-23 10:51:05 | INFO |       92.731 ¦     6172           2              0.010 
2025-05-23 10:51:05 | INFO |       92.741 ¦     6173           2              0.010 
2025-05-23 10:51:05 | INFO |       92.751 ¦     6174           2              0.010 
2025-05-23 10:51:05 | INFO |       92.761 ¦     6175           2              0.010 
2025-05-23 10:51:05 | INFO |       92.771 ¦     6176           2              0.010 
2025-05-23 10:51:05 | INFO |       92.781 ¦     6177           2              0.010 
2025-05-23 10:51:05 | INFO |       92.791 ¦     6178           2              0.010 
2025-05-23 10:51:05 | INFO |       92.801 ¦     6179           2              0.010 
2025-05-23 10:51:05 | INFO |       92.811 ¦     6180           2              0.010 
2025-05-23 10:51:05 | INFO |       92.821 ¦     6181           2              0.010 
2025-05-23 10:51:05 | INFO |       92.831 ¦     6182           2              0.010 
2025-05-23 10:51:05 | INFO |       92.841 ¦     6183           2              0.010 
2025-05-23 10:51:05 | INFO |       92.851 ¦     6184           2              0.010 
2025-05-23 10:51:05 | INFO |       92.861 ¦     6185           2              0.010 
2025-05-23 10:51:05 | INFO |       92.871 ¦     6186           2              0.010 
2025-05-23 10:51:05 | INFO |       92.881 ¦     6187           2              0.010 
2025-05-23 10:51:05 | INFO |       92.891 ¦     6188           2              0.010 
2025-05-23 10:51:05 | INFO |       92.901 ¦     6189           2              0.010 
2025-05-23 10:51:05 | INFO |       92.911 ¦     6190           2              0.010 
2025-05-23 10:51:05 | INFO |       92.921 ¦     6191           2              0.010 
2025-05-23 10:51:05 | INFO |       92.931 ¦     6192           2              0.010 
2025-05-23 10:51:05 | INFO |       92.941 ¦     6193           2              0.010 
2025-05-23 10:51:05 | INFO |       92.951 ¦     6194           2              0.010 
2025-05-23 10:51:05 | INFO |       92.961 ¦     6195           2              0.010 
2025-05-23 10:51:05 | INFO |       92.971 ¦     6196           2              0.010 
2025-05-23 10:51:05 | INFO |       92.981 ¦     6197           2              0.010 
2025-05-23 10:51:05 | INFO |       92.991 ¦     6198           2              0.010 
2025-05-23 10:51:05 | INFO |       93.001 ¦     6199           2              0.010 
2025-05-23 10:51:05 | INFO |       93.011 ¦     6200           2              0.010 
2025-05-23 10:51:05 | INFO |       93.021 ¦     6201           2              0.010 
2025-05-23 10:51:05 | INFO |       93.031 ¦     6202           2              0.010 
2025-05-23 10:51:05 | INFO |       93.041 ¦     6203           2              0.010 
2025-05-23 10:51:05 | INFO |       93.051 ¦     6204           2              0.010 
2025-05-23 10:51:05 | INFO |       93.061 ¦     6205           2              0.010 
2025-05-23 10:51:05 | INFO |       93.071 ¦     6206           2              0.010 
2025-05-23 10:51:05 | INFO |       93.081 ¦     6207           2              0.010 
2025-05-23 10:51:05 | INFO |       93.091 ¦     6208           2              0.010 
2025-05-23 10:51:05 | INFO |       93.101 ¦     6209           2              0.010 
2025-05-23 10:51:05 | INFO |       93.111 ¦     6210           2              0.010 
2025-05-23 10:51:05 | INFO |       93.121 ¦     6211           2              0.010 
2025-05-23 10:51:05 | INFO |       93.131 ¦     6212           2              0.010 
2025-05-23 10:51:05 | INFO |       93.141 ¦     6213           2              0.010 
2025-05-23 10:51:05 | INFO |       93.151 ¦     6214           2              0.010 
2025-05-23 10:51:05 | INFO |       93.161 ¦     6215           2              0.010 
2025-05-23 10:51:05 | INFO |       93.171 ¦     6216           2              0.010 
2025-05-23 10:51:05 | INFO |       93.181 ¦     6217           2              0.010 
2025-05-23 10:51:05 | INFO |       93.191 ¦     6218           2              0.010 
2025-05-23 10:51:05 | INFO |       93.201 ¦     6219           2              0.010 
2025-05-23 10:51:05 | INFO |       93.211 ¦     6220           2              0.010 
2025-05-23 10:51:05 | INFO |       93.221 ¦     6221           2              0.010 
2025-05-23 10:51:05 | INFO |       93.231 ¦     6222           2              0.010 
2025-05-23 10:51:05 | INFO |       93.241 ¦     6223           2              0.010 
2025-05-23 10:51:05 | INFO |       93.251 ¦     6224           2              0.010 
2025-05-23 10:51:05 | INFO |       93.261 ¦     6225           2              0.010 
2025-05-23 10:51:05 | INFO |       93.271 ¦     6226           2              0.010 
2025-05-23 10:51:05 | INFO |       93.281 ¦     6227           2              0.010 
2025-05-23 10:51:05 | INFO |       93.291 ¦     6228           2              0.010 
2025-05-23 10:51:05 | INFO |       93.301 ¦     6229           2              0.010 
2025-05-23 10:51:05 | INFO |       93.311 ¦     6230           2              0.010 
2025-05-23 10:51:05 | INFO |       93.321 ¦     6231           2              0.010 
2025-05-23 10:51:05 | INFO |       93.331 ¦     6232           2              0.010 
2025-05-23 10:51:05 | INFO |       93.341 ¦     6233           2              0.010 
2025-05-23 10:51:05 | INFO |       93.351 ¦     6234           2              0.010 
2025-05-23 10:51:05 | INFO |       93.361 ¦     6235           2              0.010 
2025-05-23 10:51:05 | INFO |       93.371 ¦     6236           2              0.010 
2025-05-23 10:51:05 | INFO |       93.381 ¦     6237           2              0.010 
2025-05-23 10:51:05 | INFO |       93.391 ¦     6238           2              0.010 
2025-05-23 10:51:05 | INFO |       93.401 ¦     6239           2              0.010 
2025-05-23 10:51:05 | INFO |       93.411 ¦     6240           2              0.010 
2025-05-23 10:51:05 | INFO |       93.421 ¦     6241           2              0.010 
2025-05-23 10:51:05 | INFO |       93.431 ¦     6242           2              0.010 
2025-05-23 10:51:05 | INFO |       93.441 ¦     6243           2              0.010 
2025-05-23 10:51:05 | INFO |       93.451 ¦     6244           2              0.010 
2025-05-23 10:51:05 | INFO |       93.461 ¦     6245           2              0.010 
2025-05-23 10:51:05 | INFO |       93.471 ¦     6246           2              0.010 
2025-05-23 10:51:05 | INFO |       93.481 ¦     6247           2              0.010 
2025-05-23 10:51:05 | INFO |       93.491 ¦     6248           2              0.010 
2025-05-23 10:51:05 | INFO |       93.501 ¦     6249           2              0.010 
2025-05-23 10:51:05 | INFO |       93.511 ¦     6250           2              0.010 
2025-05-23 10:51:05 | INFO |       93.521 ¦     6251           2              0.010 
2025-05-23 10:51:05 | INFO |       93.531 ¦     6252           2              0.010 
2025-05-23 10:51:05 | INFO |       93.541 ¦     6253           2              0.010 
2025-05-23 10:51:05 | INFO |       93.551 ¦     6254           2              0.010 
2025-05-23 10:51:05 | INFO |       93.561 ¦     6255           2              0.010 
2025-05-23 10:51:05 | INFO |       93.571 ¦     6256           2              0.010 
2025-05-23 10:51:05 | INFO |       93.581 ¦     6257           2              0.010 
2025-05-23 10:51:05 | INFO |       93.591 ¦     6258           2              0.010 
2025-05-23 10:51:05 | INFO |       93.601 ¦     6259           2              0.010 
2025-05-23 10:51:05 | INFO |       93.611 ¦     6260           2              0.010 
2025-05-23 10:51:05 | INFO |       93.621 ¦     6261           2              0.010 
2025-05-23 10:51:05 | INFO |       93.631 ¦     6262           2              0.010 
2025-05-23 10:51:05 | INFO |       93.641 ¦     6263           2              0.010 
2025-05-23 10:51:05 | INFO |       93.651 ¦     6264           2              0.010 
2025-05-23 10:51:05 | INFO |       93.661 ¦     6265           2              0.010 
2025-05-23 10:51:05 | INFO |       93.671 ¦     6266           2              0.010 
2025-05-23 10:51:05 | INFO |       93.681 ¦     6267           2              0.010 
2025-05-23 10:51:05 | INFO |       93.691 ¦     6268           2              0.010 
2025-05-23 10:51:05 | INFO |       93.701 ¦     6269           2              0.010 
2025-05-23 10:51:05 | INFO |       93.711 ¦     6270           2              0.010 
2025-05-23 10:51:05 | INFO |       93.721 ¦     6271           2              0.010 
2025-05-23 10:51:05 | INFO |       93.731 ¦     6272           2              0.010 
2025-05-23 10:51:05 | INFO |       93.741 ¦     6273           2              0.010 
2025-05-23 10:51:05 | INFO |       93.751 ¦     6274           2              0.010 
2025-05-23 10:51:05 | INFO |       93.761 ¦     6275           2              0.010 
2025-05-23 10:51:05 | INFO |       93.771 ¦     6276           2              0.010 
2025-05-23 10:51:05 | INFO |       93.781 ¦     6277           2              0.010 
2025-05-23 10:51:05 | INFO |       93.791 ¦     6278           2              0.010 
2025-05-23 10:51:05 | INFO |       93.801 ¦     6279           2              0.010 
2025-05-23 10:51:05 | INFO |       93.811 ¦     6280           2              0.010 
2025-05-23 10:51:05 | INFO |       93.821 ¦     6281           2              0.010 
2025-05-23 10:51:05 | INFO |       93.831 ¦     6282           2              0.010 
2025-05-23 10:51:05 | INFO |       93.841 ¦     6283           2              0.010 
2025-05-23 10:51:05 | INFO |       93.851 ¦     6284           2              0.010 
2025-05-23 10:51:05 | INFO |       93.861 ¦     6285           2              0.010 
2025-05-23 10:51:05 | INFO |       93.871 ¦     6286           2              0.010 
2025-05-23 10:51:05 | INFO |       93.881 ¦     6287           2              0.010 
2025-05-23 10:51:05 | INFO |       93.891 ¦     6288           2              0.010 
2025-05-23 10:51:05 | INFO |       93.901 ¦     6289           2              0.010 
2025-05-23 10:51:05 | INFO |       93.911 ¦     6290           2              0.010 
2025-05-23 10:51:05 | INFO |       93.921 ¦     6291           2              0.010 
2025-05-23 10:51:05 | INFO |       93.931 ¦     6292           2              0.010 
2025-05-23 10:51:05 | INFO |       93.941 ¦     6293           2              0.010 
2025-05-23 10:51:05 | INFO |       93.951 ¦     6294           2              0.010 
2025-05-23 10:51:05 | INFO |       93.961 ¦     6295           2              0.010 
2025-05-23 10:51:05 | INFO |       93.971 ¦     6296           2              0.010 
2025-05-23 10:51:05 | INFO |       93.981 ¦     6297           2              0.010 
2025-05-23 10:51:05 | INFO |       93.991 ¦     6298           2              0.010 
2025-05-23 10:51:05 | INFO |       94.001 ¦     6299           2              0.010 
2025-05-23 10:51:05 | INFO |       94.011 ¦     6300           2              0.010 
2025-05-23 10:51:05 | INFO |       94.021 ¦     6301           2              0.010 
2025-05-23 10:51:05 | INFO |       94.031 ¦     6302           2              0.010 
2025-05-23 10:51:05 | INFO |       94.041 ¦     6303           2              0.010 
2025-05-23 10:51:05 | INFO |       94.051 ¦     6304           2              0.010 
2025-05-23 10:51:05 | INFO |       94.061 ¦     6305           2              0.010 
2025-05-23 10:51:05 | INFO |       94.071 ¦     6306           2              0.010 
2025-05-23 10:51:05 | INFO |       94.081 ¦     6307           2              0.010 
2025-05-23 10:51:05 | INFO |       94.091 ¦     6308           2              0.010 
2025-05-23 10:51:05 | INFO |       94.101 ¦     6309           2              0.010 
2025-05-23 10:51:05 | INFO |       94.111 ¦     6310           2              0.010 
2025-05-23 10:51:05 | INFO |       94.121 ¦     6311           2              0.010 
2025-05-23 10:51:05 | INFO |       94.131 ¦     6312           2              0.010 
2025-05-23 10:51:05 | INFO |       94.141 ¦     6313           2              0.010 
2025-05-23 10:51:05 | INFO |       94.151 ¦     6314           2              0.010 
2025-05-23 10:51:05 | INFO |       94.161 ¦     6315           2              0.010 
2025-05-23 10:51:05 | INFO |       94.171 ¦     6316           2              0.010 
2025-05-23 10:51:05 | INFO |       94.181 ¦     6317           2              0.010 
2025-05-23 10:51:05 | INFO |       94.191 ¦     6318           2              0.010 
2025-05-23 10:51:05 | INFO |       94.201 ¦     6319           2              0.010 
2025-05-23 10:51:05 | INFO |       94.211 ¦     6320           2              0.010 
2025-05-23 10:51:05 | INFO |       94.221 ¦     6321           2              0.010 
2025-05-23 10:51:05 | INFO |       94.231 ¦     6322           2              0.010 
2025-05-23 10:51:05 | INFO |       94.241 ¦     6323           2              0.010 
2025-05-23 10:51:05 | INFO |       94.251 ¦     6324           2              0.010 
2025-05-23 10:51:05 | INFO |       94.261 ¦     6325           2              0.010 
2025-05-23 10:51:05 | INFO |       94.271 ¦     6326           2              0.010 
2025-05-23 10:51:05 | INFO |       94.281 ¦     6327           2              0.010 
2025-05-23 10:51:05 | INFO |       94.291 ¦     6328           2              0.010 
2025-05-23 10:51:05 | INFO |       94.301 ¦     6329           2              0.010 
2025-05-23 10:51:05 | INFO |       94.311 ¦     6330           2              0.010 
2025-05-23 10:51:05 | INFO |       94.321 ¦     6331           2              0.010 
2025-05-23 10:51:05 | INFO |       94.331 ¦     6332           2              0.010 
2025-05-23 10:51:05 | INFO |       94.341 ¦     6333           2              0.010 
2025-05-23 10:51:05 | INFO |       94.351 ¦     6334           2              0.010 
2025-05-23 10:51:05 | INFO |       94.361 ¦     6335           2              0.010 
2025-05-23 10:51:05 | INFO |       94.371 ¦     6336           2              0.010 
2025-05-23 10:51:05 | INFO |       94.381 ¦     6337           2              0.010 
2025-05-23 10:51:05 | INFO |       94.391 ¦     6338           2              0.010 
2025-05-23 10:51:05 | INFO |       94.401 ¦     6339           2              0.010 
2025-05-23 10:51:05 | INFO |       94.411 ¦     6340           2              0.010 
2025-05-23 10:51:05 | INFO |       94.421 ¦     6341           2              0.010 
2025-05-23 10:51:05 | INFO |       94.431 ¦     6342           2              0.010 
2025-05-23 10:51:05 | INFO |       94.441 ¦     6343           2              0.010 
2025-05-23 10:51:05 | INFO |       94.451 ¦     6344           2              0.010 
2025-05-23 10:51:05 | INFO |       94.461 ¦     6345           2              0.010 
2025-05-23 10:51:05 | INFO |       94.471 ¦     6346           2              0.010 
2025-05-23 10:51:05 | INFO |       94.481 ¦     6347           2              0.010 
2025-05-23 10:51:05 | INFO |       94.491 ¦     6348           2              0.010 
2025-05-23 10:51:05 | INFO |       94.501 ¦     6349           2              0.010 
2025-05-23 10:51:05 | INFO |       94.511 ¦     6350           2              0.010 
2025-05-23 10:51:05 | INFO |       94.521 ¦     6351           2              0.010 
2025-05-23 10:51:05 | INFO |       94.531 ¦     6352           2              0.010 
2025-05-23 10:51:05 | INFO |       94.541 ¦     6353           2              0.010 
2025-05-23 10:51:05 | INFO |       94.551 ¦     6354           2              0.010 
2025-05-23 10:51:05 | INFO |       94.561 ¦     6355           2              0.010 
2025-05-23 10:51:05 | INFO |       94.571 ¦     6356           2              0.010 
2025-05-23 10:51:05 | INFO |       94.581 ¦     6357           2              0.010 
2025-05-23 10:51:05 | INFO |       94.591 ¦     6358           2              0.010 
2025-05-23 10:51:05 | INFO |       94.601 ¦     6359           2              0.010 
2025-05-23 10:51:05 | INFO |       94.611 ¦     6360           2              0.010 
2025-05-23 10:51:05 | INFO |       94.621 ¦     6361           2              0.010 
2025-05-23 10:51:05 | INFO |       94.631 ¦     6362           2              0.010 
2025-05-23 10:51:05 | INFO |       94.641 ¦     6363           2              0.010 
2025-05-23 10:51:05 | INFO |       94.651 ¦     6364           2              0.010 
2025-05-23 10:51:05 | INFO |       94.661 ¦     6365           2              0.010 
2025-05-23 10:51:05 | INFO |       94.671 ¦     6366           2              0.010 
2025-05-23 10:51:05 | INFO |       94.681 ¦     6367           2              0.010 
2025-05-23 10:51:05 | INFO |       94.691 ¦     6368           2              0.010 
2025-05-23 10:51:05 | INFO |       94.701 ¦     6369           2              0.010 
2025-05-23 10:51:05 | INFO |       94.711 ¦     6370           2              0.010 
2025-05-23 10:51:05 | INFO |       94.721 ¦     6371           2              0.010 
2025-05-23 10:51:05 | INFO |       94.731 ¦     6372           2              0.010 
2025-05-23 10:51:05 | INFO |       94.741 ¦     6373           2              0.010 
2025-05-23 10:51:05 | INFO |       94.751 ¦     6374           2              0.010 
2025-05-23 10:51:05 | INFO |       94.761 ¦     6375           2              0.010 
2025-05-23 10:51:05 | INFO |       94.771 ¦     6376           2              0.010 
2025-05-23 10:51:05 | INFO |       94.781 ¦     6377           2              0.010 
2025-05-23 10:51:05 | INFO |       94.791 ¦     6378           2              0.010 
2025-05-23 10:51:05 | INFO |       94.801 ¦     6379           2              0.010 
2025-05-23 10:51:05 | INFO |       94.811 ¦     6380           2              0.010 
2025-05-23 10:51:05 | INFO |       94.821 ¦     6381           2              0.010 
2025-05-23 10:51:05 | INFO |       94.831 ¦     6382           2              0.010 
2025-05-23 10:51:05 | INFO |       94.841 ¦     6383           2              0.010 
2025-05-23 10:51:05 | INFO |       94.851 ¦     6384           2              0.010 
2025-05-23 10:51:05 | INFO |       94.861 ¦     6385           2              0.010 
2025-05-23 10:51:05 | INFO |       94.871 ¦     6386           2              0.010 
2025-05-23 10:51:05 | INFO |       94.881 ¦     6387           2              0.010 
2025-05-23 10:51:05 | INFO |       94.891 ¦     6388           2              0.010 
2025-05-23 10:51:05 | INFO |       94.901 ¦     6389           2              0.010 
2025-05-23 10:51:05 | INFO |       94.911 ¦     6390           2              0.010 
2025-05-23 10:51:05 | INFO |       94.921 ¦     6391           2              0.010 
2025-05-23 10:51:05 | INFO |       94.931 ¦     6392           2              0.010 
2025-05-23 10:51:05 | INFO |       94.941 ¦     6393           2              0.010 
2025-05-23 10:51:05 | INFO |       94.951 ¦     6394           2              0.010 
2025-05-23 10:51:05 | INFO |       94.961 ¦     6395           2              0.010 
2025-05-23 10:51:05 | INFO |       94.971 ¦     6396           2              0.010 
2025-05-23 10:51:05 | INFO |       94.981 ¦     6397           2              0.010 
2025-05-23 10:51:05 | INFO |       94.991 ¦     6398           2              0.010 
2025-05-23 10:51:05 | INFO |       95.001 ¦     6399           2              0.010 
2025-05-23 10:51:05 | INFO |       95.011 ¦     6400           2              0.010 
2025-05-23 10:51:05 | INFO |       95.021 ¦     6401           2              0.010 
2025-05-23 10:51:05 | INFO |       95.031 ¦     6402           2              0.010 
2025-05-23 10:51:05 | INFO |       95.041 ¦     6403           2              0.010 
2025-05-23 10:51:05 | INFO |       95.051 ¦     6404           2              0.010 
2025-05-23 10:51:05 | INFO |       95.061 ¦     6405           2              0.010 
2025-05-23 10:51:05 | INFO |       95.071 ¦     6406           2              0.010 
2025-05-23 10:51:05 | INFO |       95.081 ¦     6407           2              0.010 
2025-05-23 10:51:05 | INFO |       95.091 ¦     6408           2              0.010 
2025-05-23 10:51:05 | INFO |       95.101 ¦     6409           2              0.010 
2025-05-23 10:51:05 | INFO |       95.111 ¦     6410           2              0.010 
2025-05-23 10:51:05 | INFO |       95.121 ¦     6411           2              0.010 
2025-05-23 10:51:05 | INFO |       95.131 ¦     6412           2              0.010 
2025-05-23 10:51:05 | INFO |       95.141 ¦     6413           2              0.010 
2025-05-23 10:51:05 | INFO |       95.151 ¦     6414           2              0.010 
2025-05-23 10:51:05 | INFO |       95.161 ¦     6415           2              0.010 
2025-05-23 10:51:05 | INFO |       95.171 ¦     6416           2              0.010 
2025-05-23 10:51:05 | INFO |       95.181 ¦     6417           2              0.010 
2025-05-23 10:51:05 | INFO |       95.191 ¦     6418           2              0.010 
2025-05-23 10:51:05 | INFO |       95.201 ¦     6419           2              0.010 
2025-05-23 10:51:05 | INFO |       95.211 ¦     6420           2              0.010 
2025-05-23 10:51:05 | INFO |       95.221 ¦     6421           2              0.010 
2025-05-23 10:51:05 | INFO |       95.231 ¦     6422           2              0.010 
2025-05-23 10:51:05 | INFO |       95.241 ¦     6423           2              0.010 
2025-05-23 10:51:05 | INFO |       95.251 ¦     6424           2              0.010 
2025-05-23 10:51:05 | INFO |       95.261 ¦     6425           2              0.010 
2025-05-23 10:51:05 | INFO |       95.271 ¦     6426           2              0.010 
2025-05-23 10:51:05 | INFO |       95.281 ¦     6427           2              0.010 
2025-05-23 10:51:05 | INFO |       95.291 ¦     6428           2              0.010 
2025-05-23 10:51:05 | INFO |       95.301 ¦     6429           2              0.010 
2025-05-23 10:51:05 | INFO |       95.311 ¦     6430           2              0.010 
2025-05-23 10:51:05 | INFO |       95.321 ¦     6431           2              0.010 
2025-05-23 10:51:05 | INFO |       95.331 ¦     6432           2              0.010 
2025-05-23 10:51:05 | INFO |       95.341 ¦     6433           2              0.010 
2025-05-23 10:51:05 | INFO |       95.351 ¦     6434           2              0.010 
2025-05-23 10:51:05 | INFO |       95.361 ¦     6435           2              0.010 
2025-05-23 10:51:05 | INFO |       95.371 ¦     6436           2              0.010 
2025-05-23 10:51:05 | INFO |       95.381 ¦     6437           2              0.010 
2025-05-23 10:51:05 | INFO |       95.391 ¦     6438           2              0.010 
2025-05-23 10:51:05 | INFO |       95.401 ¦     6439           2              0.010 
2025-05-23 10:51:05 | INFO |       95.411 ¦     6440           2              0.010 
2025-05-23 10:51:05 | INFO |       95.421 ¦     6441           2              0.010 
2025-05-23 10:51:05 | INFO |       95.431 ¦     6442           2              0.010 
2025-05-23 10:51:05 | INFO |       95.441 ¦     6443           2              0.010 
2025-05-23 10:51:05 | INFO |       95.451 ¦     6444           2              0.010 
2025-05-23 10:51:05 | INFO |       95.461 ¦     6445           2              0.010 
2025-05-23 10:51:05 | INFO |       95.471 ¦     6446           2              0.010 
2025-05-23 10:51:05 | INFO |       95.481 ¦     6447           2              0.010 
2025-05-23 10:51:05 | INFO |       95.491 ¦     6448           2              0.010 
2025-05-23 10:51:05 | INFO |       95.501 ¦     6449           2              0.010 
2025-05-23 10:51:05 | INFO |       95.511 ¦     6450           2              0.010 
2025-05-23 10:51:05 | INFO |       95.521 ¦     6451           2              0.010 
2025-05-23 10:51:05 | INFO |       95.531 ¦     6452           2              0.010 
2025-05-23 10:51:05 | INFO |       95.541 ¦     6453           2              0.010 
2025-05-23 10:51:05 | INFO |       95.551 ¦     6454           2              0.010 
2025-05-23 10:51:05 | INFO |       95.561 ¦     6455           2              0.010 
2025-05-23 10:51:05 | INFO |       95.571 ¦     6456           2              0.010 
2025-05-23 10:51:05 | INFO |       95.581 ¦     6457           2              0.010 
2025-05-23 10:51:05 | INFO |       95.591 ¦     6458           2              0.010 
2025-05-23 10:51:05 | INFO |       95.601 ¦     6459           2              0.010 
2025-05-23 10:51:05 | INFO |       95.611 ¦     6460           2              0.010 
2025-05-23 10:51:05 | INFO |       95.621 ¦     6461           2              0.010 
2025-05-23 10:51:05 | INFO |       95.631 ¦     6462           2              0.010 
2025-05-23 10:51:05 | INFO |       95.641 ¦     6463           2              0.010 
2025-05-23 10:51:05 | INFO |       95.651 ¦     6464           2              0.010 
2025-05-23 10:51:05 | INFO |       95.661 ¦     6465           2              0.010 
2025-05-23 10:51:05 | INFO |       95.671 ¦     6466           2              0.010 
2025-05-23 10:51:05 | INFO |       95.681 ¦     6467           2              0.010 
2025-05-23 10:51:05 | INFO |       95.691 ¦     6468           2              0.010 
2025-05-23 10:51:05 | INFO |       95.701 ¦     6469           2              0.010 
2025-05-23 10:51:05 | INFO |       95.711 ¦     6470           2              0.010 
2025-05-23 10:51:05 | INFO |       95.721 ¦     6471           2              0.010 
2025-05-23 10:51:05 | INFO |       95.731 ¦     6472           2              0.010 
2025-05-23 10:51:05 | INFO |       95.741 ¦     6473           2              0.010 
2025-05-23 10:51:05 | INFO |       95.751 ¦     6474           2              0.010 
2025-05-23 10:51:05 | INFO |       95.761 ¦     6475           2              0.010 
2025-05-23 10:51:05 | INFO |       95.771 ¦     6476           2              0.010 
2025-05-23 10:51:05 | INFO |       95.781 ¦     6477           2              0.010 
2025-05-23 10:51:05 | INFO |       95.791 ¦     6478           2              0.010 
2025-05-23 10:51:05 | INFO |       95.801 ¦     6479           2              0.010 
2025-05-23 10:51:05 | INFO |       95.811 ¦     6480           2              0.010 
2025-05-23 10:51:05 | INFO |       95.821 ¦     6481           2              0.010 
2025-05-23 10:51:05 | INFO |       95.831 ¦     6482           2              0.010 
2025-05-23 10:51:05 | INFO |       95.841 ¦     6483           2              0.010 
2025-05-23 10:51:05 | INFO |       95.851 ¦     6484           2              0.010 
2025-05-23 10:51:05 | INFO |       95.861 ¦     6485           2              0.010 
2025-05-23 10:51:05 | INFO |       95.871 ¦     6486           2              0.010 
2025-05-23 10:51:05 | INFO |       95.881 ¦     6487           2              0.010 
2025-05-23 10:51:05 | INFO |       95.891 ¦     6488           2              0.010 
2025-05-23 10:51:05 | INFO |       95.901 ¦     6489           2              0.010 
2025-05-23 10:51:05 | INFO |       95.911 ¦     6490           2              0.010 
2025-05-23 10:51:05 | INFO |       95.921 ¦     6491           2              0.010 
2025-05-23 10:51:05 | INFO |       95.931 ¦     6492           2              0.010 
2025-05-23 10:51:05 | INFO |       95.941 ¦     6493           2              0.010 
2025-05-23 10:51:05 | INFO |       95.951 ¦     6494           2              0.010 
2025-05-23 10:51:05 | INFO |       95.961 ¦     6495           2              0.010 
2025-05-23 10:51:05 | INFO |       95.971 ¦     6496           2              0.010 
2025-05-23 10:51:05 | INFO |       95.981 ¦     6497           2              0.010 
2025-05-23 10:51:05 | INFO |       95.991 ¦     6498           2              0.010 
2025-05-23 10:51:05 | INFO |       96.001 ¦     6499           2              0.010 
2025-05-23 10:51:05 | INFO |       96.011 ¦     6500           2              0.010 
2025-05-23 10:51:05 | INFO |       96.021 ¦     6501           2              0.010 
2025-05-23 10:51:05 | INFO |       96.031 ¦     6502           2              0.010 
2025-05-23 10:51:05 | INFO |       96.041 ¦     6503           2              0.010 
2025-05-23 10:51:05 | INFO |       96.051 ¦     6504           2              0.010 
2025-05-23 10:51:05 | INFO |       96.061 ¦     6505           2              0.010 
2025-05-23 10:51:05 | INFO |       96.071 ¦     6506           2              0.010 
2025-05-23 10:51:05 | INFO |       96.081 ¦     6507           2              0.010 
2025-05-23 10:51:05 | INFO |       96.091 ¦     6508           2              0.010 
2025-05-23 10:51:05 | INFO |       96.101 ¦     6509           2              0.010 
2025-05-23 10:51:05 | INFO |       96.111 ¦     6510           2              0.010 
2025-05-23 10:51:05 | INFO |       96.121 ¦     6511           2              0.010 
2025-05-23 10:51:05 | INFO |       96.131 ¦     6512           2              0.010 
2025-05-23 10:51:05 | INFO |       96.141 ¦     6513           2              0.010 
2025-05-23 10:51:05 | INFO |       96.151 ¦     6514           2              0.010 
2025-05-23 10:51:05 | INFO |       96.161 ¦     6515           2              0.010 
2025-05-23 10:51:05 | INFO |       96.171 ¦     6516           2              0.010 
2025-05-23 10:51:05 | INFO |       96.181 ¦     6517           2              0.010 
2025-05-23 10:51:05 | INFO |       96.191 ¦     6518           2              0.010 
2025-05-23 10:51:05 | INFO |       96.201 ¦     6519           2              0.010 
2025-05-23 10:51:05 | INFO |       96.211 ¦     6520           2              0.010 
2025-05-23 10:51:05 | INFO |       96.221 ¦     6521           2              0.010 
2025-05-23 10:51:05 | INFO |       96.231 ¦     6522           2              0.010 
2025-05-23 10:51:05 | INFO |       96.241 ¦     6523           2              0.010 
2025-05-23 10:51:05 | INFO |       96.251 ¦     6524           2              0.010 
2025-05-23 10:51:05 | INFO |       96.261 ¦     6525           2              0.010 
2025-05-23 10:51:05 | INFO |       96.271 ¦     6526           2              0.010 
2025-05-23 10:51:05 | INFO |       96.281 ¦     6527           2              0.010 
2025-05-23 10:51:05 | INFO |       96.291 ¦     6528           2              0.010 
2025-05-23 10:51:05 | INFO |       96.301 ¦     6529           2              0.010 
2025-05-23 10:51:05 | INFO |       96.311 ¦     6530           2              0.010 
2025-05-23 10:51:05 | INFO |       96.321 ¦     6531           2              0.010 
2025-05-23 10:51:05 | INFO |       96.331 ¦     6532           2              0.010 
2025-05-23 10:51:05 | INFO |       96.341 ¦     6533           2              0.010 
2025-05-23 10:51:05 | INFO |       96.351 ¦     6534           2              0.010 
2025-05-23 10:51:05 | INFO |       96.361 ¦     6535           2              0.010 
2025-05-23 10:51:05 | INFO |       96.371 ¦     6536           2              0.010 
2025-05-23 10:51:05 | INFO |       96.381 ¦     6537           2              0.010 
2025-05-23 10:51:05 | INFO |       96.391 ¦     6538           2              0.010 
2025-05-23 10:51:05 | INFO |       96.401 ¦     6539           2              0.010 
2025-05-23 10:51:05 | INFO |       96.411 ¦     6540           2              0.010 
2025-05-23 10:51:05 | INFO |       96.421 ¦     6541           2              0.010 
2025-05-23 10:51:05 | INFO |       96.431 ¦     6542           2              0.010 
2025-05-23 10:51:05 | INFO |       96.441 ¦     6543           2              0.010 
2025-05-23 10:51:05 | INFO |       96.451 ¦     6544           2              0.010 
2025-05-23 10:51:05 | INFO |       96.461 ¦     6545           2              0.010 
2025-05-23 10:51:05 | INFO |       96.471 ¦     6546           2              0.010 
2025-05-23 10:51:05 | INFO |       96.481 ¦     6547           2              0.010 
2025-05-23 10:51:05 | INFO |       96.491 ¦     6548           2              0.010 
2025-05-23 10:51:05 | INFO |       96.501 ¦     6549           2              0.010 
2025-05-23 10:51:05 | INFO |       96.511 ¦     6550           2              0.010 
2025-05-23 10:51:05 | INFO |       96.521 ¦     6551           2              0.010 
2025-05-23 10:51:05 | INFO |       96.531 ¦     6552           2              0.010 
2025-05-23 10:51:05 | INFO |       96.541 ¦     6553           2              0.010 
2025-05-23 10:51:05 | INFO |       96.551 ¦     6554           2              0.010 
2025-05-23 10:51:05 | INFO |       96.561 ¦     6555           2              0.010 
2025-05-23 10:51:05 | INFO |       96.571 ¦     6556           2              0.010 
2025-05-23 10:51:05 | INFO |       96.581 ¦     6557           2              0.010 
2025-05-23 10:51:05 | INFO |       96.591 ¦     6558           2              0.010 
2025-05-23 10:51:05 | INFO |       96.601 ¦     6559           2              0.010 
2025-05-23 10:51:05 | INFO |       96.611 ¦     6560           2              0.010 
2025-05-23 10:51:05 | INFO |       96.621 ¦     6561           2              0.010 
2025-05-23 10:51:05 | INFO |       96.631 ¦     6562           2              0.010 
2025-05-23 10:51:05 | INFO |       96.641 ¦     6563           2              0.010 
2025-05-23 10:51:05 | INFO |       96.651 ¦     6564           2              0.010 
2025-05-23 10:51:05 | INFO |       96.661 ¦     6565           2              0.010 
2025-05-23 10:51:05 | INFO |       96.671 ¦     6566           2              0.010 
2025-05-23 10:51:05 | INFO |       96.681 ¦     6567           2              0.010 
2025-05-23 10:51:05 | INFO |       96.691 ¦     6568           2              0.010 
2025-05-23 10:51:05 | INFO |       96.701 ¦     6569           2              0.010 
2025-05-23 10:51:05 | INFO |       96.711 ¦     6570           2              0.010 
2025-05-23 10:51:05 | INFO |       96.721 ¦     6571           2              0.010 
2025-05-23 10:51:05 | INFO |       96.731 ¦     6572           2              0.010 
2025-05-23 10:51:05 | INFO |       96.741 ¦     6573           2              0.010 
2025-05-23 10:51:05 | INFO |       96.751 ¦     6574           2              0.010 
2025-05-23 10:51:05 | INFO |       96.761 ¦     6575           2              0.010 
2025-05-23 10:51:05 | INFO |       96.771 ¦     6576           2              0.010 
2025-05-23 10:51:05 | INFO |       96.781 ¦     6577           2              0.010 
2025-05-23 10:51:05 | INFO |       96.791 ¦     6578           2              0.010 
2025-05-23 10:51:05 | INFO |       96.801 ¦     6579           2              0.010 
2025-05-23 10:51:05 | INFO |       96.811 ¦     6580           2              0.010 
2025-05-23 10:51:05 | INFO |       96.821 ¦     6581           2              0.010 
2025-05-23 10:51:05 | INFO |       96.831 ¦     6582           2              0.010 
2025-05-23 10:51:05 | INFO |       96.841 ¦     6583           2              0.010 
2025-05-23 10:51:05 | INFO |       96.851 ¦     6584           2              0.010 
2025-05-23 10:51:05 | INFO |       96.861 ¦     6585           2              0.010 
2025-05-23 10:51:05 | INFO |       96.871 ¦     6586           2              0.010 
2025-05-23 10:51:05 | INFO |       96.881 ¦     6587           2              0.010 
2025-05-23 10:51:05 | INFO |       96.891 ¦     6588           2              0.010 
2025-05-23 10:51:05 | INFO |       96.901 ¦     6589           2              0.010 
2025-05-23 10:51:05 | INFO |       96.911 ¦     6590           2              0.010 
2025-05-23 10:51:05 | INFO |       96.921 ¦     6591           2              0.010 
2025-05-23 10:51:05 | INFO |       96.931 ¦     6592           2              0.010 
2025-05-23 10:51:05 | INFO |       96.941 ¦     6593           2              0.010 
2025-05-23 10:51:05 | INFO |       96.951 ¦     6594           2              0.010 
2025-05-23 10:51:05 | INFO |       96.961 ¦     6595           2              0.010 
2025-05-23 10:51:05 | INFO |       96.971 ¦     6596           2              0.010 
2025-05-23 10:51:05 | INFO |       96.981 ¦     6597           2              0.010 
2025-05-23 10:51:05 | INFO |       96.991 ¦     6598           2              0.010 
2025-05-23 10:51:05 | INFO |       97.001 ¦     6599           2              0.010 
2025-05-23 10:51:05 | INFO |       97.011 ¦     6600           2              0.010 
2025-05-23 10:51:05 | INFO |       97.021 ¦     6601           2              0.010 
2025-05-23 10:51:05 | INFO |       97.031 ¦     6602           2              0.010 
2025-05-23 10:51:05 | INFO |       97.041 ¦     6603           2              0.010 
2025-05-23 10:51:05 | INFO |       97.051 ¦     6604           2              0.010 
2025-05-23 10:51:05 | INFO |       97.061 ¦     6605           2              0.010 
2025-05-23 10:51:05 | INFO |       97.071 ¦     6606           2              0.010 
2025-05-23 10:51:05 | INFO |       97.081 ¦     6607           2              0.010 
2025-05-23 10:51:05 | INFO |       97.091 ¦     6608           2              0.010 
2025-05-23 10:51:05 | INFO |       97.101 ¦     6609           2              0.010 
2025-05-23 10:51:05 | INFO |       97.111 ¦     6610           2              0.010 
2025-05-23 10:51:05 | INFO |       97.121 ¦     6611           2              0.010 
2025-05-23 10:51:05 | INFO |       97.131 ¦     6612           2              0.010 
2025-05-23 10:51:05 | INFO |       97.141 ¦     6613           2              0.010 
2025-05-23 10:51:05 | INFO |       97.151 ¦     6614           2              0.010 
2025-05-23 10:51:05 | INFO |       97.161 ¦     6615           2              0.010 
2025-05-23 10:51:05 | INFO |       97.171 ¦     6616           2              0.010 
2025-05-23 10:51:05 | INFO |       97.181 ¦     6617           2              0.010 
2025-05-23 10:51:05 | INFO |       97.191 ¦     6618           2              0.010 
2025-05-23 10:51:05 | INFO |       97.201 ¦     6619           2              0.010 
2025-05-23 10:51:05 | INFO |       97.211 ¦     6620           2              0.010 
2025-05-23 10:51:05 | INFO |       97.221 ¦     6621           2              0.010 
2025-05-23 10:51:05 | INFO |       97.231 ¦     6622           2              0.010 
2025-05-23 10:51:05 | INFO |       97.241 ¦     6623           2              0.010 
2025-05-23 10:51:05 | INFO |       97.251 ¦     6624           2              0.010 
2025-05-23 10:51:05 | INFO |       97.261 ¦     6625           2              0.010 
2025-05-23 10:51:05 | INFO |       97.271 ¦     6626           2              0.010 
2025-05-23 10:51:05 | INFO |       97.281 ¦     6627           2              0.010 
2025-05-23 10:51:05 | INFO |       97.291 ¦     6628           2              0.010 
2025-05-23 10:51:05 | INFO |       97.301 ¦     6629           2              0.010 
2025-05-23 10:51:05 | INFO |       97.311 ¦     6630           2              0.010 
2025-05-23 10:51:05 | INFO |       97.321 ¦     6631           2              0.010 
2025-05-23 10:51:05 | INFO |       97.331 ¦     6632           2              0.010 
2025-05-23 10:51:05 | INFO |       97.341 ¦     6633           2              0.010 
2025-05-23 10:51:05 | INFO |       97.351 ¦     6634           2              0.010 
2025-05-23 10:51:05 | INFO |       97.361 ¦     6635           2              0.010 
2025-05-23 10:51:05 | INFO |       97.371 ¦     6636           2              0.010 
2025-05-23 10:51:05 | INFO |       97.381 ¦     6637           2              0.010 
2025-05-23 10:51:05 | INFO |       97.391 ¦     6638           2              0.010 
2025-05-23 10:51:05 | INFO |       97.401 ¦     6639           2              0.010 
2025-05-23 10:51:05 | INFO |       97.411 ¦     6640           2              0.010 
2025-05-23 10:51:05 | INFO |       97.421 ¦     6641           2              0.010 
2025-05-23 10:51:05 | INFO |       97.431 ¦     6642           2              0.010 
2025-05-23 10:51:05 | INFO |       97.441 ¦     6643           2              0.010 
2025-05-23 10:51:05 | INFO |       97.451 ¦     6644           2              0.010 
2025-05-23 10:51:05 | INFO |       97.461 ¦     6645           2              0.010 
2025-05-23 10:51:05 | INFO |       97.471 ¦     6646           2              0.010 
2025-05-23 10:51:05 | INFO |       97.481 ¦     6647           2              0.010 
2025-05-23 10:51:05 | INFO |       97.491 ¦     6648           2              0.010 
2025-05-23 10:51:05 | INFO |       97.501 ¦     6649           2              0.010 
2025-05-23 10:51:05 | INFO |       97.511 ¦     6650           2              0.010 
2025-05-23 10:51:05 | INFO |       97.521 ¦     6651           2              0.010 
2025-05-23 10:51:05 | INFO |       97.531 ¦     6652           2              0.010 
2025-05-23 10:51:05 | INFO |       97.541 ¦     6653           2              0.010 
2025-05-23 10:51:05 | INFO |       97.551 ¦     6654           2              0.010 
2025-05-23 10:51:05 | INFO |       97.561 ¦     6655           2              0.010 
2025-05-23 10:51:05 | INFO |       97.571 ¦     6656           2              0.010 
2025-05-23 10:51:05 | INFO |       97.581 ¦     6657           2              0.010 
2025-05-23 10:51:05 | INFO |       97.591 ¦     6658           2              0.010 
2025-05-23 10:51:05 | INFO |       97.601 ¦     6659           2              0.010 
2025-05-23 10:51:05 | INFO |       97.611 ¦     6660           2              0.010 
2025-05-23 10:51:05 | INFO |       97.621 ¦     6661           2              0.010 
2025-05-23 10:51:05 | INFO |       97.631 ¦     6662           2              0.010 
2025-05-23 10:51:05 | INFO |       97.641 ¦     6663           2              0.010 
2025-05-23 10:51:05 | INFO |       97.651 ¦     6664           2              0.010 
2025-05-23 10:51:05 | INFO |       97.661 ¦     6665           2              0.010 
2025-05-23 10:51:05 | INFO |       97.671 ¦     6666           2              0.010 
2025-05-23 10:51:05 | INFO |       97.681 ¦     6667           2              0.010 
2025-05-23 10:51:05 | INFO |       97.691 ¦     6668           2              0.010 
2025-05-23 10:51:05 | INFO |       97.701 ¦     6669           2              0.010 
2025-05-23 10:51:05 | INFO |       97.711 ¦     6670           2              0.010 
2025-05-23 10:51:05 | INFO |       97.721 ¦     6671           2              0.010 
2025-05-23 10:51:05 | INFO |       97.731 ¦     6672           2              0.010 
2025-05-23 10:51:05 | INFO |       97.741 ¦     6673           2              0.010 
2025-05-23 10:51:05 | INFO |       97.751 ¦     6674           2              0.010 
2025-05-23 10:51:05 | INFO |       97.761 ¦     6675           2              0.010 
2025-05-23 10:51:05 | INFO |       97.771 ¦     6676           2              0.010 
2025-05-23 10:51:05 | INFO |       97.781 ¦     6677           2              0.010 
2025-05-23 10:51:05 | INFO |       97.791 ¦     6678           2              0.010 
2025-05-23 10:51:05 | INFO |       97.801 ¦     6679           2              0.010 
2025-05-23 10:51:05 | INFO |       97.811 ¦     6680           2              0.010 
2025-05-23 10:51:05 | INFO |       97.821 ¦     6681           2              0.010 
2025-05-23 10:51:05 | INFO |       97.831 ¦     6682           2              0.010 
2025-05-23 10:51:05 | INFO |       97.841 ¦     6683           2              0.010 
2025-05-23 10:51:05 | INFO |       97.851 ¦     6684           2              0.010 
2025-05-23 10:51:05 | INFO |       97.861 ¦     6685           2              0.010 
2025-05-23 10:51:05 | INFO |       97.871 ¦     6686           2              0.010 
2025-05-23 10:51:05 | INFO |       97.881 ¦     6687           2              0.010 
2025-05-23 10:51:05 | INFO |       97.891 ¦     6688           2              0.010 
2025-05-23 10:51:05 | INFO |       97.901 ¦     6689           2              0.010 
2025-05-23 10:51:05 | INFO |       97.911 ¦     6690           2              0.010 
2025-05-23 10:51:05 | INFO |       97.921 ¦     6691           2              0.010 
2025-05-23 10:51:05 | INFO |       97.931 ¦     6692           2              0.010 
2025-05-23 10:51:05 | INFO |       97.941 ¦     6693           2              0.010 
2025-05-23 10:51:05 | INFO |       97.951 ¦     6694           2              0.010 
2025-05-23 10:51:05 | INFO |       97.961 ¦     6695           2              0.010 
2025-05-23 10:51:05 | INFO |       97.971 ¦     6696           2              0.010 
2025-05-23 10:51:05 | INFO |       97.981 ¦     6697           2              0.010 
2025-05-23 10:51:05 | INFO |       97.991 ¦     6698           2              0.010 
2025-05-23 10:51:05 | INFO |       98.001 ¦     6699           2              0.010 
2025-05-23 10:51:05 | INFO |       98.011 ¦     6700           2              0.010 
2025-05-23 10:51:05 | INFO |       98.021 ¦     6701           2              0.010 
2025-05-23 10:51:05 | INFO |       98.031 ¦     6702           2              0.010 
2025-05-23 10:51:05 | INFO |       98.041 ¦     6703           2              0.010 
2025-05-23 10:51:05 | INFO |       98.051 ¦     6704           2              0.010 
2025-05-23 10:51:05 | INFO |       98.061 ¦     6705           2              0.010 
2025-05-23 10:51:05 | INFO |       98.071 ¦     6706           2              0.010 
2025-05-23 10:51:05 | INFO |       98.081 ¦     6707           2              0.010 
2025-05-23 10:51:05 | INFO |       98.091 ¦     6708           2              0.010 
2025-05-23 10:51:05 | INFO |       98.101 ¦     6709           2              0.010 
2025-05-23 10:51:05 | INFO |       98.111 ¦     6710           2              0.010 
2025-05-23 10:51:05 | INFO |       98.121 ¦     6711           2              0.010 
2025-05-23 10:51:05 | INFO |       98.131 ¦     6712           2              0.010 
2025-05-23 10:51:05 | INFO |       98.141 ¦     6713           2              0.010 
2025-05-23 10:51:05 | INFO |       98.151 ¦     6714           2              0.010 
2025-05-23 10:51:05 | INFO |       98.161 ¦     6715           2              0.010 
2025-05-23 10:51:05 | INFO |       98.171 ¦     6716           2              0.010 
2025-05-23 10:51:05 | INFO |       98.181 ¦     6717           2              0.010 
2025-05-23 10:51:05 | INFO |       98.191 ¦     6718           2              0.010 
2025-05-23 10:51:05 | INFO |       98.201 ¦     6719           2              0.010 
2025-05-23 10:51:05 | INFO |       98.211 ¦     6720           2              0.010 
2025-05-23 10:51:05 | INFO |       98.221 ¦     6721           2              0.010 
2025-05-23 10:51:05 | INFO |       98.231 ¦     6722           2              0.010 
2025-05-23 10:51:05 | INFO |       98.241 ¦     6723           2              0.010 
2025-05-23 10:51:05 | INFO |       98.251 ¦     6724           2              0.010 
2025-05-23 10:51:05 | INFO |       98.261 ¦     6725           2              0.010 
2025-05-23 10:51:05 | INFO |       98.271 ¦     6726           2              0.010 
2025-05-23 10:51:05 | INFO |       98.281 ¦     6727           2              0.010 
2025-05-23 10:51:05 | INFO |       98.291 ¦     6728           2              0.010 
2025-05-23 10:51:05 | INFO |       98.301 ¦     6729           2              0.010 
2025-05-23 10:51:05 | INFO |       98.311 ¦     6730           2              0.010 
2025-05-23 10:51:05 | INFO |       98.321 ¦     6731           2              0.010 
2025-05-23 10:51:05 | INFO |       98.331 ¦     6732           2              0.010 
2025-05-23 10:51:05 | INFO |       98.341 ¦     6733           2              0.010 
2025-05-23 10:51:05 | INFO |       98.351 ¦     6734           2              0.010 
2025-05-23 10:51:05 | INFO |       98.361 ¦     6735           2              0.010 
2025-05-23 10:51:05 | INFO |       98.371 ¦     6736           2              0.010 
2025-05-23 10:51:05 | INFO |       98.381 ¦     6737           2              0.010 
2025-05-23 10:51:05 | INFO |       98.391 ¦     6738           2              0.010 
2025-05-23 10:51:05 | INFO |       98.401 ¦     6739           2              0.010 
2025-05-23 10:51:05 | INFO |       98.411 ¦     6740           2              0.010 
2025-05-23 10:51:05 | INFO |       98.421 ¦     6741           2              0.010 
2025-05-23 10:51:05 | INFO |       98.431 ¦     6742           2              0.010 
2025-05-23 10:51:05 | INFO |       98.441 ¦     6743           2              0.010 
2025-05-23 10:51:05 | INFO |       98.451 ¦     6744           2              0.010 
2025-05-23 10:51:05 | INFO |       98.461 ¦     6745           2              0.010 
2025-05-23 10:51:05 | INFO |       98.471 ¦     6746           2              0.010 
2025-05-23 10:51:05 | INFO |       98.481 ¦     6747           2              0.010 
2025-05-23 10:51:05 | INFO |       98.491 ¦     6748           2              0.010 
2025-05-23 10:51:05 | INFO |       98.501 ¦     6749           2              0.010 
2025-05-23 10:51:05 | INFO |       98.511 ¦     6750           2              0.010 
2025-05-23 10:51:05 | INFO |       98.521 ¦     6751           2              0.010 
2025-05-23 10:51:05 | INFO |       98.531 ¦     6752           2              0.010 
2025-05-23 10:51:05 | INFO |       98.541 ¦     6753           2              0.010 
2025-05-23 10:51:05 | INFO |       98.551 ¦     6754           2              0.010 
2025-05-23 10:51:05 | INFO |       98.561 ¦     6755           2              0.010 
2025-05-23 10:51:05 | INFO |       98.571 ¦     6756           2              0.010 
2025-05-23 10:51:05 | INFO |       98.581 ¦     6757           2              0.010 
2025-05-23 10:51:05 | INFO |       98.591 ¦     6758           2              0.010 
2025-05-23 10:51:05 | INFO |       98.601 ¦     6759           2              0.010 
2025-05-23 10:51:05 | INFO |       98.611 ¦     6760           2              0.010 
2025-05-23 10:51:05 | INFO |       98.621 ¦     6761           2              0.010 
2025-05-23 10:51:05 | INFO |       98.631 ¦     6762           2              0.010 
2025-05-23 10:51:05 | INFO |       98.641 ¦     6763           2              0.010 
2025-05-23 10:51:05 | INFO |       98.651 ¦     6764           2              0.010 
2025-05-23 10:51:05 | INFO |       98.661 ¦     6765           2              0.010 
2025-05-23 10:51:05 | INFO |       98.671 ¦     6766           2              0.010 
2025-05-23 10:51:05 | INFO |       98.681 ¦     6767           2              0.010 
2025-05-23 10:51:05 | INFO |       98.691 ¦     6768           2              0.010 
2025-05-23 10:51:05 | INFO |       98.701 ¦     6769           2              0.010 
2025-05-23 10:51:05 | INFO |       98.711 ¦     6770           2              0.010 
2025-05-23 10:51:05 | INFO |       98.721 ¦     6771           2              0.010 
2025-05-23 10:51:05 | INFO |       98.731 ¦     6772           2              0.010 
2025-05-23 10:51:05 | INFO |       98.741 ¦     6773           2              0.010 
2025-05-23 10:51:05 | INFO |       98.751 ¦     6774           2              0.010 
2025-05-23 10:51:05 | INFO |       98.761 ¦     6775           2              0.010 
2025-05-23 10:51:05 | INFO |       98.771 ¦     6776           2              0.010 
2025-05-23 10:51:05 | INFO |       98.781 ¦     6777           2              0.010 
2025-05-23 10:51:05 | INFO |       98.791 ¦     6778           2              0.010 
2025-05-23 10:51:05 | INFO |       98.801 ¦     6779           2              0.010 
2025-05-23 10:51:05 | INFO |       98.811 ¦     6780           2              0.010 
2025-05-23 10:51:05 | INFO |       98.821 ¦     6781           2              0.010 
2025-05-23 10:51:05 | INFO |       98.831 ¦     6782           2              0.010 
2025-05-23 10:51:05 | INFO |       98.841 ¦     6783           2              0.010 
2025-05-23 10:51:05 | INFO |       98.851 ¦     6784           2              0.010 
2025-05-23 10:51:05 | INFO |       98.861 ¦     6785           2              0.010 
2025-05-23 10:51:05 | INFO |       98.871 ¦     6786           2              0.010 
2025-05-23 10:51:05 | INFO |       98.881 ¦     6787           2              0.010 
2025-05-23 10:51:05 | INFO |       98.891 ¦     6788           2              0.010 
2025-05-23 10:51:05 | INFO |       98.901 ¦     6789           2              0.010 
2025-05-23 10:51:05 | INFO |       98.911 ¦     6790           2              0.010 
2025-05-23 10:51:05 | INFO |       98.921 ¦     6791           2              0.010 
2025-05-23 10:51:05 | INFO |       98.931 ¦     6792           2              0.010 
2025-05-23 10:51:05 | INFO |       98.941 ¦     6793           2              0.010 
2025-05-23 10:51:05 | INFO |       98.951 ¦     6794           2              0.010 
2025-05-23 10:51:05 | INFO |       98.961 ¦     6795           2              0.010 
2025-05-23 10:51:05 | INFO |       98.971 ¦     6796           2              0.010 
2025-05-23 10:51:05 | INFO |       98.981 ¦     6797           2              0.010 
2025-05-23 10:51:05 | INFO |       98.991 ¦     6798           2              0.010 
2025-05-23 10:51:05 | INFO |       99.001 ¦     6799           2              0.010 
2025-05-23 10:51:05 | INFO |       99.011 ¦     6800           2              0.010 
2025-05-23 10:51:05 | INFO |       99.021 ¦     6801           2              0.010 
2025-05-23 10:51:05 | INFO |       99.031 ¦     6802           2              0.010 
2025-05-23 10:51:05 | INFO |       99.041 ¦     6803           2              0.010 
2025-05-23 10:51:05 | INFO |       99.051 ¦     6804           2              0.010 
2025-05-23 10:51:05 | INFO |       99.061 ¦     6805           2              0.010 
2025-05-23 10:51:05 | INFO |       99.071 ¦     6806           2              0.010 
2025-05-23 10:51:05 | INFO |       99.081 ¦     6807           2              0.010 
2025-05-23 10:51:05 | INFO |       99.091 ¦     6808           2              0.010 
2025-05-23 10:51:05 | INFO |       99.101 ¦     6809           2              0.010 
2025-05-23 10:51:05 | INFO |       99.111 ¦     6810           2              0.010 
2025-05-23 10:51:05 | INFO |       99.121 ¦     6811           2              0.010 
2025-05-23 10:51:05 | INFO |       99.131 ¦     6812           2              0.010 
2025-05-23 10:51:05 | INFO |       99.141 ¦     6813           2              0.010 
2025-05-23 10:51:05 | INFO |       99.151 ¦     6814           2              0.010 
2025-05-23 10:51:05 | INFO |       99.161 ¦     6815           2              0.010 
2025-05-23 10:51:05 | INFO |       99.171 ¦     6816           2              0.010 
2025-05-23 10:51:05 | INFO |       99.181 ¦     6817           2              0.010 
2025-05-23 10:51:05 | INFO |       99.191 ¦     6818           2              0.010 
2025-05-23 10:51:05 | INFO |       99.201 ¦     6819           2              0.010 
2025-05-23 10:51:05 | INFO |       99.211 ¦     6820           2              0.010 
2025-05-23 10:51:05 | INFO |       99.221 ¦     6821           2              0.010 
2025-05-23 10:51:05 | INFO |       99.231 ¦     6822           2              0.010 
2025-05-23 10:51:05 | INFO |       99.241 ¦     6823           2              0.010 
2025-05-23 10:51:05 | INFO |       99.251 ¦     6824           2              0.010 
2025-05-23 10:51:05 | INFO |       99.261 ¦     6825           2              0.010 
2025-05-23 10:51:05 | INFO |       99.271 ¦     6826           2              0.010 
2025-05-23 10:51:05 | INFO |       99.281 ¦     6827           2              0.010 
2025-05-23 10:51:05 | INFO |       99.291 ¦     6828           2              0.010 
2025-05-23 10:51:05 | INFO |       99.301 ¦     6829           2              0.010 
2025-05-23 10:51:05 | INFO |       99.311 ¦     6830           2              0.010 
2025-05-23 10:51:05 | INFO |       99.321 ¦     6831           2              0.010 
2025-05-23 10:51:05 | INFO |       99.331 ¦     6832           2              0.010 
2025-05-23 10:51:05 | INFO |       99.341 ¦     6833           2              0.010 
2025-05-23 10:51:05 | INFO |       99.351 ¦     6834           2              0.010 
2025-05-23 10:51:05 | INFO |       99.361 ¦     6835           2              0.010 
2025-05-23 10:51:05 | INFO |       99.371 ¦     6836           2              0.010 
2025-05-23 10:51:05 | INFO |       99.381 ¦     6837           2              0.010 
2025-05-23 10:51:05 | INFO |       99.391 ¦     6838           2              0.010 
2025-05-23 10:51:05 | INFO |       99.401 ¦     6839           2              0.010 
2025-05-23 10:51:05 | INFO |       99.411 ¦     6840           2              0.010 
2025-05-23 10:51:05 | INFO |       99.421 ¦     6841           2              0.010 
2025-05-23 10:51:05 | INFO |       99.431 ¦     6842           2              0.010 
2025-05-23 10:51:05 | INFO |       99.441 ¦     6843           2              0.010 
2025-05-23 10:51:05 | INFO |       99.451 ¦     6844           2              0.010 
2025-05-23 10:51:05 | INFO |       99.461 ¦     6845           2              0.010 
2025-05-23 10:51:05 | INFO |       99.471 ¦     6846           2              0.010 
2025-05-23 10:51:05 | INFO |       99.481 ¦     6847           2              0.010 
2025-05-23 10:51:05 | INFO |       99.491 ¦     6848           2              0.010 
2025-05-23 10:51:05 | INFO |       99.501 ¦     6849           2              0.010 
2025-05-23 10:51:05 | INFO |       99.511 ¦     6850           2              0.010 
2025-05-23 10:51:05 | INFO |       99.521 ¦     6851           2              0.010 
2025-05-23 10:51:05 | INFO |       99.531 ¦     6852           2              0.010 
2025-05-23 10:51:05 | INFO |       99.541 ¦     6853           2              0.010 
2025-05-23 10:51:05 | INFO |       99.551 ¦     6854           2              0.010 
2025-05-23 10:51:05 | INFO |       99.561 ¦     6855           2              0.010 
2025-05-23 10:51:05 | INFO |       99.571 ¦     6856           2              0.010 
2025-05-23 10:51:05 | INFO |       99.581 ¦     6857           2              0.010 
2025-05-23 10:51:05 | INFO |       99.591 ¦     6858           2              0.010 
2025-05-23 10:51:05 | INFO |       99.601 ¦     6859           2              0.010 
2025-05-23 10:51:05 | INFO |       99.611 ¦     6860           2              0.010 
2025-05-23 10:51:05 | INFO |       99.621 ¦     6861           2              0.010 
2025-05-23 10:51:05 | INFO |       99.631 ¦     6862           2              0.010 
2025-05-23 10:51:05 | INFO |       99.641 ¦     6863           2              0.010 
2025-05-23 10:51:05 | INFO |       99.651 ¦     6864           2              0.010 
2025-05-23 10:51:05 | INFO |       99.661 ¦     6865           2              0.010 
2025-05-23 10:51:05 | INFO |       99.671 ¦     6866           2              0.010 
2025-05-23 10:51:05 | INFO |       99.681 ¦     6867           2              0.010 
2025-05-23 10:51:05 | INFO |       99.691 ¦     6868           2              0.010 
2025-05-23 10:51:05 | INFO |       99.701 ¦     6869           2              0.010 
2025-05-23 10:51:05 | INFO |       99.711 ¦     6870           2              0.010 
2025-05-23 10:51:05 | INFO |       99.721 ¦     6871           2              0.010 
2025-05-23 10:51:05 | INFO |       99.731 ¦     6872           2              0.010 
2025-05-23 10:51:05 | INFO |       99.741 ¦     6873           2              0.010 
2025-05-23 10:51:05 | INFO |       99.751 ¦     6874           2              0.010 
2025-05-23 10:51:05 | INFO |       99.761 ¦     6875           2              0.010 
2025-05-23 10:51:05 | INFO |       99.771 ¦     6876           2              0.010 
2025-05-23 10:51:05 | INFO |       99.781 ¦     6877           2              0.010 
2025-05-23 10:51:05 | INFO |       99.791 ¦     6878           2              0.010 
2025-05-23 10:51:05 | INFO |       99.801 ¦     6879           2              0.010 
2025-05-23 10:51:05 | INFO |       99.811 ¦     6880           2              0.010 
2025-05-23 10:51:05 | INFO |       99.821 ¦     6881           2              0.010 
2025-05-23 10:51:05 | INFO |       99.831 ¦     6882           2              0.010 
2025-05-23 10:51:05 | INFO |       99.841 ¦     6883           2              0.010 
2025-05-23 10:51:05 | INFO |       99.851 ¦     6884           2              0.010 
2025-05-23 10:51:05 | INFO |       99.861 ¦     6885           2              0.010 
2025-05-23 10:51:05 | INFO |       99.871 ¦     6886           2              0.010 
2025-05-23 10:51:05 | INFO |       99.881 ¦     6887           2              0.010 
2025-05-23 10:51:05 | INFO |       99.891 ¦     6888           2              0.010 
2025-05-23 10:51:05 | INFO |       99.901 ¦     6889           2              0.010 
2025-05-23 10:51:05 | INFO |       99.911 ¦     6890           2              0.010 
2025-05-23 10:51:05 | INFO |       99.921 ¦     6891           2              0.010 
2025-05-23 10:51:05 | INFO |       99.931 ¦     6892           2              0.010 
2025-05-23 10:51:05 | INFO |       99.941 ¦     6893           2              0.010 
2025-05-23 10:51:05 | INFO |       99.951 ¦     6894           2              0.010 
2025-05-23 10:51:05 | INFO |       99.961 ¦     6895           2              0.010 
2025-05-23 10:51:05 | INFO |       99.971 ¦     6896           2              0.010 
2025-05-23 10:51:05 | INFO |       99.981 ¦     6897           2              0.010 
2025-05-23 10:51:05 | INFO |       99.991 ¦     6898           2              0.010 
2025-05-23 10:51:05 | INFO |      100.000 ¦     6899           2              0.009 
2025-05-23 10:51:05 | INFO | 
2025-05-23 10:51:05 | INFO | execution statistics :
2025-05-23 10:51:05 | INFO | 
2025-05-23 10:51:05 | INFO | number of time iterations                  = 11123
2025-05-23 10:51:05 | INFO | number of residual evaluations             = 12443
2025-05-23 10:51:05 | INFO | number of Jacobian evaluations             = 697
2025-05-23 10:51:05 | INFO | number of nonlinear iterations             = 12271
2025-05-23 10:51:05 | INFO | number of error test failures              = 9
2025-05-23 10:51:05 | INFO | number of nonlinear convergence failures   = 36
2025-05-23 10:51:05 | INFO | number of root functions evaluations       = 13711
2025-05-23 10:51:05 | INFO | number of discrete variables evaluations   = 160
2025-05-23 10:51:05 | INFO | number of mode evaluations                 = 148
2025-05-23 10:51:05 | INFO | end of job 'PCS I5 (Power Park Modules) - Three Phase Fault'
