time;BusPDR_BUS_Voltage;BusPDR_BUS_ActivePower;BusPDR_BUS_ReactivePower;BusPDR_BUS_ActiveCurrent;BusPDR_BUS_ReactiveCurrent;Measurements_BUS_Voltage;Measurements_BUS_ActivePower;Measurements_BUS_ReactivePower;StepUp_Xfmr_XFMR_Tap;Wind_Turbine_GEN_ActivePowerSetpointPu;Wind_Turbine_GEN_ReactivePowerSetpointPu
0.000000000;1.044e+00;8.320e-01;-0.000e+00;7.966e-01;-0.000e+00;1.044e+00;2.080e-03;-0.000e+00;1.000e+01;8.320e-01;4.300e-05
29.999994000;1.044e+00;8.320e-01;-0.000e+00;7.966e-01;-0.000e+00;1.044e+00;2.080e-03;-0.000e+00;1.000e+01;8.320e-01;4.300e-05
29.999994000;-2.813e-09;1.726e-09;-0.000e+00;2.150e-09;0.000e+00;4.861e-09;3.081e-09;-0.000e+00;1.000e+01;8.320e-01;4.300e-05
30.000004000;-3.024e-09;1.457e-09;-0.000e+00;1.985e-09;0.000e+00;4.552e-09;2.846e-09;-0.000e+00;1.000e+01;8.320e-01;4.300e-05
100.000000000;-4.148e-09;2.611e-09;-0.000e+00;-2.554e-09;0.000e+00;1.274e-09;1.008e-09;-0.000e+00;1.000e+01;8.320e-01;4.300e-05
