2025-05-23 10:51:08 | INFO |  ============================================================ 
2025-05-23 10:51:08 | INFO | DYNAWO VERSION  :     1.8.0
2025-05-23 10:51:08 | INFO | DYNAWO REVISION :    master-42ec24e
2025-05-23 10:51:08 | INFO |  ============================================================ 
2025-05-23 10:51:08 | INFO | 
2025-05-23 10:51:08 | INFO | -----------------------------------------------------------------------
2025-05-23 10:51:08 | INFO | building model from input files
2025-05-23 10:51:08 | INFO | -----------------------------------------------------------------------
2025-05-23 10:51:08 | INFO | model was built successfully
2025-05-23 10:51:08 | INFO | -----------------------------------------------------------------------
2025-05-23 10:51:08 | INFO | 
2025-05-23 10:51:08 | INFO | -----------------------------------------------------------------------
2025-05-23 10:51:08 | INFO | starting local initialization
2025-05-23 10:51:08 | INFO | -----------------------------------------------------------------------
2025-05-23 10:51:08 | INFO | ... loading "TableOmegaRefPu" from "TableInfiniteBus.txt"

2025-05-23 10:51:08 | INFO | ... loading "TableUPu" from "TableInfiniteBus.txt"

2025-05-23 10:51:08 | INFO | ... loading "TableUPhase" from "TableInfiniteBus.txt"

2025-05-23 10:51:08 | INFO | ... loading "TableOmegaRefPu" from "TableInfiniteBus.txt"

2025-05-23 10:51:08 | INFO | ... loading "TableUPhase" from "TableInfiniteBus.txt"

2025-05-23 10:51:08 | INFO | ... loading "TableUPu" from "TableInfiniteBus.txt"

2025-05-23 10:51:08 | INFO | end of local initialization
2025-05-23 10:51:08 | INFO | -----------------------------------------------------------------------
2025-05-23 10:51:08 | INFO | 
2025-05-23 10:51:08 | INFO | -----------------------------------------------------------------------
2025-05-23 10:51:08 | INFO | starting global initialization
2025-05-23 10:51:08 | INFO | -----------------------------------------------------------------------
2025-05-23 10:51:08 | INFO | Algebraic mode (with J recalculation) change at t = 0
2025-05-23 10:51:08 | INFO | Algebraic mode change at t = 0
2025-05-23 10:51:08 | INFO | Algebraic mode change at t = 0
2025-05-23 10:51:08 | INFO | end of global initialization
2025-05-23 10:51:08 | INFO | -----------------------------------------------------------------------
2025-05-23 10:51:08 | INFO | 
2025-05-23 10:51:08 | INFO | -----------------------------------------------------------------------
2025-05-23 10:51:08 | INFO | starting curve initialization
2025-05-23 10:51:08 | INFO | -----------------------------------------------------------------------
2025-05-23 10:51:08 | INFO | end of curve initialization, added 17 curves
2025-05-23 10:51:08 | INFO | -----------------------------------------------------------------------
2025-05-23 10:51:08 | INFO | 
2025-05-23 10:51:08 | INFO | -----------------------------------------------------------------------
2025-05-23 10:51:08 | INFO | starting simulation with solver IDASolver
2025-05-23 10:51:08 | INFO | -----------------------------------------------------------------------
2025-05-23 10:51:08 | INFO | -----------------------------------------------------------------------
2025-05-23 10:51:08 | INFO | number of continuous variables : 377
2025-05-23 10:51:08 | INFO | number of discrete variables : 122
2025-05-23 10:51:08 | INFO | number of root functions : 162
2025-05-23 10:51:08 | INFO | -----------------------------------------------------------------------
2025-05-23 10:51:08 | INFO |         time ¦ iter num   order (k)      time step (h)
2025-05-23 10:51:08 | INFO | -----------------------------------------------------------------------
2025-05-23 10:51:08 | INFO |        0.000 ¦        0           0              0.000 
2025-05-23 10:51:08 | INFO |        0.000 ¦        1           1              0.000 
2025-05-23 10:51:08 | INFO |        0.000 ¦        2           1              0.000 
2025-05-23 10:51:08 | INFO |        0.000 ¦        3           2              0.000 
2025-05-23 10:51:08 | INFO |        0.000 ¦        4           2              0.000 
2025-05-23 10:51:08 | INFO |        0.000 ¦        5           2              0.000 
2025-05-23 10:51:08 | INFO |        0.000 ¦        6           2              0.000 
2025-05-23 10:51:08 | INFO |        0.000 ¦        7           2              0.000 
2025-05-23 10:51:08 | INFO |        0.000 ¦        8           2              0.000 
2025-05-23 10:51:08 | INFO |        0.000 ¦        9           2              0.000 
2025-05-23 10:51:08 | INFO |        0.000 ¦       10           2              0.000 
2025-05-23 10:51:08 | INFO | Algebraic mode change at t = 0.000592726
2025-05-23 10:51:08 | INFO |        0.001 ¦       11           2              0.000 
2025-05-23 10:51:08 | INFO | calculation of the new starting point of the simulation.
2025-05-23 10:51:08 | INFO |        0.001 ¦        0           0              0.000 
2025-05-23 10:51:08 | INFO |        0.001 ¦        1           1              0.000 
2025-05-23 10:51:08 | INFO |        0.001 ¦        2           1              0.000 
2025-05-23 10:51:08 | INFO |        0.001 ¦        3           2              0.000 
2025-05-23 10:51:08 | INFO |        0.001 ¦        4           2              0.000 
2025-05-23 10:51:08 | INFO | Algebraic mode change at t = 0.000604769
2025-05-23 10:51:08 | INFO |        0.001 ¦        5           2              0.000 
2025-05-23 10:51:08 | INFO | calculation of the new starting point of the simulation.
2025-05-23 10:51:08 | INFO |        0.001 ¦        0           0              0.000 
2025-05-23 10:51:08 | INFO |        0.001 ¦        1           1              0.000 
2025-05-23 10:51:08 | INFO |        0.001 ¦        2           1              0.000 
2025-05-23 10:51:08 | INFO |        0.001 ¦        3           2              0.000 
2025-05-23 10:51:08 | INFO |        0.001 ¦        4           2              0.000 
2025-05-23 10:51:08 | INFO |        0.001 ¦        5           2              0.000 
2025-05-23 10:51:08 | INFO |        0.001 ¦        6           2              0.000 
2025-05-23 10:51:08 | INFO |        0.001 ¦        7           2              0.000 
2025-05-23 10:51:08 | INFO |        0.001 ¦        8           2              0.000 
2025-05-23 10:51:08 | INFO |        0.001 ¦        9           2              0.000 
2025-05-23 10:51:08 | INFO |        0.001 ¦       10           2              0.000 
2025-05-23 10:51:08 | INFO | Algebraic mode (with J recalculation) change at t = 0.0010002
2025-05-23 10:51:08 | INFO |        0.001 ¦       11           2              0.000 
2025-05-23 10:51:08 | INFO | calculation of the new starting point of the simulation.
2025-05-23 10:51:08 | INFO |        0.001 ¦        0           0              0.000 
2025-05-23 10:51:08 | INFO |        0.001 ¦        1           1              0.000 
2025-05-23 10:51:08 | INFO |        0.001 ¦        2           1              0.000 
2025-05-23 10:51:08 | INFO |        0.001 ¦        3           2              0.000 
2025-05-23 10:51:08 | INFO |        0.001 ¦        4           2              0.000 
2025-05-23 10:51:08 | INFO |        0.001 ¦        5           2              0.000 
2025-05-23 10:51:08 | INFO |        0.001 ¦        6           2              0.000 
2025-05-23 10:51:08 | INFO |        0.001 ¦        7           2              0.000 
2025-05-23 10:51:08 | INFO |        0.001 ¦        8           2              0.000 
2025-05-23 10:51:08 | INFO |        0.001 ¦        9           2              0.000 
2025-05-23 10:51:08 | INFO |        0.001 ¦       10           2              0.000 
2025-05-23 10:51:08 | INFO |        0.002 ¦       11           2              0.000 
2025-05-23 10:51:08 | INFO |        0.002 ¦       12           2              0.000 
2025-05-23 10:51:08 | INFO |        0.002 ¦       13           2              0.000 
2025-05-23 10:51:08 | INFO |        0.002 ¦       14           2              0.000 
2025-05-23 10:51:08 | INFO |        0.003 ¦       15           2              0.000 
2025-05-23 10:51:08 | INFO |        0.003 ¦       16           2              0.000 
2025-05-23 10:51:08 | INFO |        0.003 ¦       17           2              0.001 
2025-05-23 10:51:08 | INFO |        0.004 ¦       18           2              0.001 
2025-05-23 10:51:08 | INFO | Algebraic mode change at t = 0.0041118
2025-05-23 10:51:08 | INFO |        0.004 ¦       19           2              0.001 
2025-05-23 10:51:08 | INFO | calculation of the new starting point of the simulation.
2025-05-23 10:51:08 | INFO |        0.004 ¦        0           0              0.000 
2025-05-23 10:51:08 | INFO |        0.004 ¦        1           1              0.000 
2025-05-23 10:51:08 | INFO |        0.004 ¦        2           1              0.000 
2025-05-23 10:51:08 | INFO |        0.004 ¦        3           2              0.000 
2025-05-23 10:51:08 | INFO |        0.004 ¦        4           2              0.000 
2025-05-23 10:51:08 | INFO |        0.004 ¦        5           2              0.000 
2025-05-23 10:51:08 | INFO |        0.004 ¦        6           2              0.000 
2025-05-23 10:51:08 | INFO |        0.004 ¦        7           2              0.000 
2025-05-23 10:51:08 | INFO |        0.004 ¦        8           2              0.000 
2025-05-23 10:51:08 | INFO |        0.004 ¦        9           2              0.000 
2025-05-23 10:51:08 | INFO |        0.005 ¦       10           2              0.000 
2025-05-23 10:51:08 | INFO |        0.005 ¦       11           2              0.001 
2025-05-23 10:51:08 | INFO |        0.006 ¦       12           2              0.001 
2025-05-23 10:51:08 | INFO |        0.006 ¦       13           2              0.001 
2025-05-23 10:51:08 | INFO |        0.007 ¦       14           2              0.001 
2025-05-23 10:51:08 | INFO |        0.007 ¦       15           2              0.001 
2025-05-23 10:51:08 | INFO |        0.008 ¦       16           2              0.001 
2025-05-23 10:51:08 | INFO |        0.008 ¦       17           2              0.001 
2025-05-23 10:51:08 | INFO |        0.009 ¦       18           2              0.001 
2025-05-23 10:51:08 | INFO |        0.009 ¦       19           2              0.001 
2025-05-23 10:51:08 | INFO |        0.010 ¦       20           2              0.001 
2025-05-23 10:51:08 | INFO |        0.011 ¦       21           2              0.001 
2025-05-23 10:51:08 | INFO |        0.012 ¦       22           2              0.001 
2025-05-23 10:51:08 | INFO |        0.013 ¦       23           2              0.001 
2025-05-23 10:51:08 | INFO |        0.014 ¦       24           2              0.001 
2025-05-23 10:51:08 | INFO |        0.014 ¦       25           2              0.001 
2025-05-23 10:51:08 | INFO |        0.015 ¦       26           2              0.001 
2025-05-23 10:51:08 | INFO |        0.016 ¦       27           2              0.001 
2025-05-23 10:51:08 | INFO |        0.017 ¦       28           2              0.001 
2025-05-23 10:51:08 | INFO |        0.018 ¦       29           2              0.001 
2025-05-23 10:51:08 | INFO |        0.019 ¦       30           2              0.001 
2025-05-23 10:51:08 | INFO |        0.021 ¦       31           2              0.002 
2025-05-23 10:51:08 | INFO |        0.023 ¦       32           2              0.002 
2025-05-23 10:51:08 | INFO |        0.025 ¦       33           2              0.002 
2025-05-23 10:51:08 | INFO |        0.026 ¦       34           2              0.002 
2025-05-23 10:51:08 | INFO |        0.028 ¦       35           2              0.002 
2025-05-23 10:51:08 | INFO |        0.032 ¦       36           2              0.004 
2025-05-23 10:51:08 | INFO | Algebraic mode change at t = 0.032489
2025-05-23 10:51:08 | INFO |        0.032 ¦       37           2              0.004 
2025-05-23 10:51:08 | INFO | calculation of the new starting point of the simulation.
2025-05-23 10:51:08 | INFO |        0.032 ¦        0           0              0.000 
2025-05-23 10:51:08 | INFO | Algebraic mode change at t = 0.0324891
2025-05-23 10:51:08 | INFO |        0.032 ¦        1           1              0.000 
2025-05-23 10:51:08 | INFO | calculation of the new starting point of the simulation.
2025-05-23 10:51:08 | INFO |        0.032 ¦        0           0              0.000 
2025-05-23 10:51:08 | INFO |        0.032 ¦        1           1              0.000 
2025-05-23 10:51:08 | INFO |        0.032 ¦        2           1              0.000 
2025-05-23 10:51:08 | INFO |        0.032 ¦        3           2              0.000 
2025-05-23 10:51:08 | INFO |        0.032 ¦        4           2              0.000 
2025-05-23 10:51:08 | INFO |        0.033 ¦        5           2              0.000 
2025-05-23 10:51:08 | INFO |        0.033 ¦        6           2              0.000 
2025-05-23 10:51:08 | INFO |        0.033 ¦        7           2              0.000 
2025-05-23 10:51:08 | INFO |        0.033 ¦        8           2              0.000 
2025-05-23 10:51:08 | INFO |        0.033 ¦        9           2              0.000 
2025-05-23 10:51:08 | INFO |        0.033 ¦       10           2              0.000 
2025-05-23 10:51:08 | INFO |        0.034 ¦       11           2              0.001 
2025-05-23 10:51:08 | INFO |        0.035 ¦       12           2              0.001 
2025-05-23 10:51:08 | INFO | Algebraic mode change at t = 0.0345789
2025-05-23 10:51:08 | INFO |        0.035 ¦       13           2              0.002 
2025-05-23 10:51:08 | INFO | calculation of the new starting point of the simulation.
2025-05-23 10:51:08 | INFO |        0.035 ¦        0           0              0.000 
2025-05-23 10:51:08 | INFO |        0.035 ¦        1           1              0.000 
2025-05-23 10:51:08 | INFO |        0.035 ¦        2           1              0.000 
2025-05-23 10:51:08 | INFO |        0.035 ¦        3           2              0.000 
2025-05-23 10:51:08 | INFO |        0.035 ¦        4           2              0.000 
2025-05-23 10:51:08 | INFO |        0.035 ¦        5           2              0.000 
2025-05-23 10:51:08 | INFO |        0.035 ¦        6           2              0.000 
2025-05-23 10:51:08 | INFO |        0.035 ¦        7           2              0.000 
2025-05-23 10:51:08 | INFO |        0.035 ¦        8           2              0.000 
2025-05-23 10:51:08 | INFO |        0.035 ¦        9           2              0.000 
2025-05-23 10:51:08 | INFO |        0.035 ¦       10           2              0.000 
2025-05-23 10:51:08 | INFO |        0.036 ¦       11           2              0.001 
2025-05-23 10:51:08 | INFO | Algebraic mode change at t = 0.0357397
2025-05-23 10:51:08 | INFO |        0.036 ¦       12           2              0.001 
2025-05-23 10:51:08 | INFO | calculation of the new starting point of the simulation.
2025-05-23 10:51:08 | INFO |        0.036 ¦        0           0              0.000 
2025-05-23 10:51:08 | INFO |        0.036 ¦        1           1              0.000 
2025-05-23 10:51:08 | INFO |        0.036 ¦        2           1              0.000 
2025-05-23 10:51:08 | INFO |        0.036 ¦        3           2              0.000 
2025-05-23 10:51:08 | INFO |        0.036 ¦        4           2              0.000 
2025-05-23 10:51:08 | INFO |        0.036 ¦        5           2              0.000 
2025-05-23 10:51:08 | INFO |        0.036 ¦        6           2              0.000 
2025-05-23 10:51:08 | INFO |        0.036 ¦        7           2              0.000 
2025-05-23 10:51:08 | INFO |        0.036 ¦        8           2              0.000 
2025-05-23 10:51:08 | INFO |        0.036 ¦        9           2              0.000 
2025-05-23 10:51:08 | INFO |        0.036 ¦       10           2              0.000 
2025-05-23 10:51:08 | INFO |        0.037 ¦       11           2              0.001 
2025-05-23 10:51:08 | INFO |        0.038 ¦       12           2              0.001 
2025-05-23 10:51:08 | INFO |        0.040 ¦       13           2              0.002 
2025-05-23 10:51:08 | INFO |        0.042 ¦       14           2              0.002 
2025-05-23 10:51:08 | INFO |        0.046 ¦       15           2              0.004 
2025-05-23 10:51:08 | INFO |        0.050 ¦       16           2              0.004 
2025-05-23 10:51:08 | INFO |        0.053 ¦       17           2              0.004 
2025-05-23 10:51:08 | INFO |        0.057 ¦       18           2              0.004 
2025-05-23 10:51:08 | INFO |        0.061 ¦       19           2              0.004 
2025-05-23 10:51:08 | INFO |        0.064 ¦       20           2              0.004 
2025-05-23 10:51:08 | INFO |        0.068 ¦       21           2              0.004 
2025-05-23 10:51:08 | INFO |        0.072 ¦       22           2              0.004 
2025-05-23 10:51:08 | INFO |        0.075 ¦       23           2              0.004 
2025-05-23 10:51:08 | INFO |        0.083 ¦       24           2              0.007 
2025-05-23 10:51:08 | INFO | Algebraic mode change at t = 0.0830016
2025-05-23 10:51:08 | INFO |        0.083 ¦       25           2              0.007 
2025-05-23 10:51:08 | INFO | calculation of the new starting point of the simulation.
2025-05-23 10:51:08 | INFO |        0.083 ¦        0           0              0.000 
2025-05-23 10:51:08 | INFO |        0.083 ¦        1           1              0.000 
2025-05-23 10:51:08 | INFO |        0.083 ¦        2           1              0.000 
2025-05-23 10:51:08 | INFO |        0.083 ¦        3           2              0.000 
2025-05-23 10:51:08 | INFO |        0.083 ¦        4           2              0.000 
2025-05-23 10:51:08 | INFO |        0.083 ¦        5           2              0.000 
2025-05-23 10:51:08 | INFO |        0.083 ¦        6           2              0.000 
2025-05-23 10:51:08 | INFO |        0.083 ¦        7           2              0.000 
2025-05-23 10:51:08 | INFO |        0.083 ¦        8           2              0.000 
2025-05-23 10:51:08 | INFO |        0.083 ¦        9           2              0.000 
2025-05-23 10:51:08 | INFO |        0.084 ¦       10           2              0.000 
2025-05-23 10:51:08 | INFO |        0.084 ¦       11           2              0.001 
2025-05-23 10:51:08 | INFO |        0.085 ¦       12           2              0.001 
2025-05-23 10:51:08 | INFO |        0.086 ¦       13           2              0.001 
2025-05-23 10:51:08 | INFO |        0.088 ¦       14           2              0.002 
2025-05-23 10:51:08 | INFO |        0.092 ¦       15           1              0.004 
2025-05-23 10:51:08 | INFO |        0.096 ¦       16           1              0.004 
2025-05-23 10:51:08 | INFO |        0.100 ¦       17           1              0.004 
2025-05-23 10:51:08 | INFO |        0.109 ¦       18           2              0.008 
2025-05-23 10:51:08 | INFO |        0.117 ¦       19           2              0.008 
2025-05-23 10:51:08 | INFO |        0.125 ¦       20           2              0.008 
2025-05-23 10:51:08 | INFO |        0.133 ¦       21           2              0.008 
2025-05-23 10:51:08 | INFO |        0.141 ¦       22           2              0.008 
2025-05-23 10:51:08 | INFO |        0.150 ¦       23           2              0.008 
2025-05-23 10:51:08 | INFO |        0.160 ¦       24           2              0.010 
2025-05-23 10:51:08 | INFO |        0.170 ¦       25           2              0.010 
2025-05-23 10:51:08 | INFO |        0.180 ¦       26           2              0.010 
2025-05-23 10:51:08 | INFO |        0.190 ¦       27           2              0.010 
2025-05-23 10:51:08 | INFO |        0.200 ¦       28           2              0.010 
2025-05-23 10:51:08 | INFO |        0.210 ¦       29           2              0.010 
2025-05-23 10:51:08 | INFO |        0.220 ¦       30           2              0.010 
2025-05-23 10:51:08 | INFO |        0.230 ¦       31           2              0.010 
2025-05-23 10:51:08 | INFO |        0.240 ¦       32           2              0.010 
2025-05-23 10:51:08 | INFO |        0.250 ¦       33           2              0.010 
2025-05-23 10:51:08 | INFO |        0.260 ¦       34           2              0.010 
2025-05-23 10:51:08 | INFO |        0.270 ¦       35           2              0.010 
2025-05-23 10:51:08 | INFO |        0.280 ¦       36           2              0.010 
2025-05-23 10:51:08 | INFO |        0.290 ¦       37           2              0.010 
2025-05-23 10:51:08 | INFO | Algebraic mode change at t = 0.294752
2025-05-23 10:51:08 | INFO |        0.295 ¦       38           2              0.010 
2025-05-23 10:51:08 | INFO | calculation of the new starting point of the simulation.
2025-05-23 10:51:08 | INFO |        0.295 ¦        0           0              0.000 
2025-05-23 10:51:08 | INFO |        0.295 ¦        1           1              0.000 
2025-05-23 10:51:08 | INFO |        0.295 ¦        2           1              0.000 
2025-05-23 10:51:08 | INFO |        0.295 ¦        3           2              0.000 
2025-05-23 10:51:08 | INFO |        0.295 ¦        4           2              0.000 
2025-05-23 10:51:08 | INFO |        0.295 ¦        5           2              0.000 
2025-05-23 10:51:08 | INFO |        0.295 ¦        6           2              0.000 
2025-05-23 10:51:08 | INFO |        0.295 ¦        7           2              0.000 
2025-05-23 10:51:08 | INFO |        0.295 ¦        8           2              0.000 
2025-05-23 10:51:08 | INFO |        0.295 ¦        9           2              0.000 
2025-05-23 10:51:08 | INFO |        0.295 ¦       10           2              0.000 
2025-05-23 10:51:08 | INFO |        0.296 ¦       11           2              0.001 
2025-05-23 10:51:08 | INFO |        0.297 ¦       12           2              0.001 
2025-05-23 10:51:08 | INFO |        0.299 ¦       13           2              0.002 
2025-05-23 10:51:08 | INFO |        0.303 ¦       14           2              0.004 
2025-05-23 10:51:08 | INFO |        0.311 ¦       15           2              0.008 
2025-05-23 10:51:08 | INFO |        0.321 ¦       16           2              0.010 
2025-05-23 10:51:08 | INFO |        0.331 ¦       17           2              0.010 
2025-05-23 10:51:08 | INFO |        0.341 ¦       18           2              0.010 
2025-05-23 10:51:08 | INFO |        0.351 ¦       19           2              0.010 
2025-05-23 10:51:08 | INFO |        0.361 ¦       20           2              0.010 
2025-05-23 10:51:08 | INFO |        0.371 ¦       21           2              0.010 
2025-05-23 10:51:08 | INFO |        0.381 ¦       22           2              0.010 
2025-05-23 10:51:08 | INFO |        0.391 ¦       23           2              0.010 
2025-05-23 10:51:08 | INFO |        0.401 ¦       24           2              0.010 
2025-05-23 10:51:08 | INFO |        0.411 ¦       25           2              0.010 
2025-05-23 10:51:08 | INFO |        0.421 ¦       26           2              0.010 
2025-05-23 10:51:08 | INFO |        0.431 ¦       27           2              0.010 
2025-05-23 10:51:08 | INFO |        0.441 ¦       28           2              0.010 
2025-05-23 10:51:08 | INFO |        0.451 ¦       29           2              0.010 
2025-05-23 10:51:08 | INFO |        0.461 ¦       30           2              0.010 
2025-05-23 10:51:08 | INFO |        0.471 ¦       31           2              0.010 
2025-05-23 10:51:08 | INFO |        0.481 ¦       32           2              0.010 
2025-05-23 10:51:08 | INFO |        0.491 ¦       33           2              0.010 
2025-05-23 10:51:08 | INFO |        0.501 ¦       34           2              0.010 
2025-05-23 10:51:08 | INFO |        0.511 ¦       35           2              0.010 
2025-05-23 10:51:08 | INFO |        0.521 ¦       36           2              0.010 
2025-05-23 10:51:08 | INFO |        0.531 ¦       37           2              0.010 
2025-05-23 10:51:08 | INFO |        0.541 ¦       38           2              0.010 
2025-05-23 10:51:08 | INFO |        0.551 ¦       39           2              0.010 
2025-05-23 10:51:08 | INFO |        0.561 ¦       40           2              0.010 
2025-05-23 10:51:08 | INFO |        0.571 ¦       41           2              0.010 
2025-05-23 10:51:08 | INFO |        0.581 ¦       42           2              0.010 
2025-05-23 10:51:08 | INFO |        0.591 ¦       43           2              0.010 
2025-05-23 10:51:08 | INFO |        0.601 ¦       44           2              0.010 
2025-05-23 10:51:08 | INFO |        0.611 ¦       45           2              0.010 
2025-05-23 10:51:08 | INFO |        0.621 ¦       46           2              0.010 
2025-05-23 10:51:08 | INFO |        0.631 ¦       47           2              0.010 
2025-05-23 10:51:08 | INFO |        0.641 ¦       48           2              0.010 
2025-05-23 10:51:08 | INFO |        0.651 ¦       49           2              0.010 
2025-05-23 10:51:08 | INFO |        0.661 ¦       50           2              0.010 
2025-05-23 10:51:08 | INFO |        0.671 ¦       51           2              0.010 
2025-05-23 10:51:08 | INFO |        0.681 ¦       52           2              0.010 
2025-05-23 10:51:08 | INFO |        0.691 ¦       53           2              0.010 
2025-05-23 10:51:08 | INFO |        0.701 ¦       54           2              0.010 
2025-05-23 10:51:08 | INFO |        0.711 ¦       55           2              0.010 
2025-05-23 10:51:08 | INFO |        0.721 ¦       56           2              0.010 
2025-05-23 10:51:08 | INFO |        0.731 ¦       57           2              0.010 
2025-05-23 10:51:08 | INFO |        0.741 ¦       58           2              0.010 
2025-05-23 10:51:08 | INFO |        0.751 ¦       59           2              0.010 
2025-05-23 10:51:08 | INFO |        0.761 ¦       60           2              0.010 
2025-05-23 10:51:08 | INFO |        0.771 ¦       61           2              0.010 
2025-05-23 10:51:08 | INFO |        0.781 ¦       62           2              0.010 
2025-05-23 10:51:08 | INFO |        0.791 ¦       63           2              0.010 
2025-05-23 10:51:08 | INFO |        0.801 ¦       64           2              0.010 
2025-05-23 10:51:08 | INFO |        0.811 ¦       65           2              0.010 
2025-05-23 10:51:08 | INFO |        0.821 ¦       66           2              0.010 
2025-05-23 10:51:08 | INFO |        0.831 ¦       67           2              0.010 
2025-05-23 10:51:08 | INFO |        0.841 ¦       68           2              0.010 
2025-05-23 10:51:08 | INFO |        0.851 ¦       69           2              0.010 
2025-05-23 10:51:08 | INFO |        0.861 ¦       70           2              0.010 
2025-05-23 10:51:08 | INFO |        0.871 ¦       71           2              0.010 
2025-05-23 10:51:08 | INFO |        0.881 ¦       72           2              0.010 
2025-05-23 10:51:08 | INFO |        0.891 ¦       73           2              0.010 
2025-05-23 10:51:08 | INFO |        0.901 ¦       74           2              0.010 
2025-05-23 10:51:08 | INFO |        0.911 ¦       75           2              0.010 
2025-05-23 10:51:08 | INFO |        0.921 ¦       76           2              0.010 
2025-05-23 10:51:08 | INFO |        0.931 ¦       77           2              0.010 
2025-05-23 10:51:08 | INFO |        0.941 ¦       78           2              0.010 
2025-05-23 10:51:08 | INFO |        0.951 ¦       79           2              0.010 
2025-05-23 10:51:08 | INFO |        0.961 ¦       80           2              0.010 
2025-05-23 10:51:08 | INFO |        0.971 ¦       81           2              0.010 
2025-05-23 10:51:08 | INFO |        0.981 ¦       82           2              0.010 
2025-05-23 10:51:08 | INFO |        0.991 ¦       83           2              0.010 
2025-05-23 10:51:08 | INFO |        1.001 ¦       84           2              0.010 
2025-05-23 10:51:08 | INFO |        1.011 ¦       85           2              0.010 
2025-05-23 10:51:08 | INFO |        1.021 ¦       86           2              0.010 
2025-05-23 10:51:08 | INFO |        1.031 ¦       87           2              0.010 
2025-05-23 10:51:08 | INFO |        1.041 ¦       88           2              0.010 
2025-05-23 10:51:08 | INFO |        1.051 ¦       89           2              0.010 
2025-05-23 10:51:08 | INFO |        1.061 ¦       90           2              0.010 
2025-05-23 10:51:08 | INFO |        1.071 ¦       91           2              0.010 
2025-05-23 10:51:08 | INFO |        1.081 ¦       92           2              0.010 
2025-05-23 10:51:08 | INFO |        1.091 ¦       93           2              0.010 
2025-05-23 10:51:08 | INFO |        1.101 ¦       94           2              0.010 
2025-05-23 10:51:08 | INFO |        1.111 ¦       95           2              0.010 
2025-05-23 10:51:08 | INFO |        1.121 ¦       96           2              0.010 
2025-05-23 10:51:08 | INFO |        1.131 ¦       97           2              0.010 
2025-05-23 10:51:08 | INFO |        1.141 ¦       98           2              0.010 
2025-05-23 10:51:08 | INFO |        1.151 ¦       99           2              0.010 
2025-05-23 10:51:08 | INFO |        1.161 ¦      100           2              0.010 
2025-05-23 10:51:08 | INFO |        1.171 ¦      101           2              0.010 
2025-05-23 10:51:08 | INFO |        1.181 ¦      102           2              0.010 
2025-05-23 10:51:08 | INFO |        1.191 ¦      103           2              0.010 
2025-05-23 10:51:08 | INFO |        1.201 ¦      104           2              0.010 
2025-05-23 10:51:08 | INFO |        1.211 ¦      105           2              0.010 
2025-05-23 10:51:08 | INFO |        1.221 ¦      106           2              0.010 
2025-05-23 10:51:08 | INFO |        1.231 ¦      107           2              0.010 
2025-05-23 10:51:08 | INFO |        1.241 ¦      108           2              0.010 
2025-05-23 10:51:08 | INFO |        1.251 ¦      109           2              0.010 
2025-05-23 10:51:08 | INFO |        1.261 ¦      110           2              0.010 
2025-05-23 10:51:08 | INFO |        1.271 ¦      111           2              0.010 
2025-05-23 10:51:08 | INFO |        1.281 ¦      112           2              0.010 
2025-05-23 10:51:08 | INFO |        1.291 ¦      113           2              0.010 
2025-05-23 10:51:08 | INFO |        1.301 ¦      114           2              0.010 
2025-05-23 10:51:08 | INFO |        1.311 ¦      115           2              0.010 
2025-05-23 10:51:08 | INFO |        1.321 ¦      116           2              0.010 
2025-05-23 10:51:08 | INFO |        1.331 ¦      117           2              0.010 
2025-05-23 10:51:08 | INFO |        1.341 ¦      118           2              0.010 
2025-05-23 10:51:08 | INFO |        1.351 ¦      119           2              0.010 
2025-05-23 10:51:08 | INFO |        1.361 ¦      120           2              0.010 
2025-05-23 10:51:08 | INFO |        1.371 ¦      121           2              0.010 
2025-05-23 10:51:08 | INFO | Algebraic mode change at t = 1.37952
2025-05-23 10:51:08 | INFO |        1.380 ¦      122           2              0.010 
2025-05-23 10:51:08 | INFO | calculation of the new starting point of the simulation.
2025-05-23 10:51:08 | INFO |        1.380 ¦        0           0              0.000 
2025-05-23 10:51:08 | INFO |        1.380 ¦        1           1              0.000 
2025-05-23 10:51:08 | INFO |        1.380 ¦        2           1              0.000 
2025-05-23 10:51:08 | INFO |        1.380 ¦        3           2              0.000 
2025-05-23 10:51:08 | INFO |        1.380 ¦        4           2              0.000 
2025-05-23 10:51:08 | INFO |        1.380 ¦        5           2              0.000 
2025-05-23 10:51:08 | INFO |        1.380 ¦        6           2              0.000 
2025-05-23 10:51:08 | INFO |        1.380 ¦        7           2              0.000 
2025-05-23 10:51:08 | INFO |        1.380 ¦        8           2              0.000 
2025-05-23 10:51:08 | INFO |        1.380 ¦        9           2              0.000 
2025-05-23 10:51:08 | INFO |        1.380 ¦       10           2              0.000 
2025-05-23 10:51:08 | INFO |        1.381 ¦       11           2              0.001 
2025-05-23 10:51:08 | INFO |        1.382 ¦       12           2              0.001 
2025-05-23 10:51:08 | INFO |        1.384 ¦       13           2              0.002 
2025-05-23 10:51:08 | INFO |        1.388 ¦       14           2              0.004 
2025-05-23 10:51:08 | INFO |        1.396 ¦       15           2              0.008 
2025-05-23 10:51:08 | INFO |        1.406 ¦       16           2              0.010 
2025-05-23 10:51:08 | INFO |        1.416 ¦       17           2              0.010 
2025-05-23 10:51:08 | INFO |        1.426 ¦       18           2              0.010 
2025-05-23 10:51:08 | INFO |        1.436 ¦       19           2              0.010 
2025-05-23 10:51:08 | INFO |        1.446 ¦       20           2              0.010 
2025-05-23 10:51:08 | INFO |        1.456 ¦       21           2              0.010 
2025-05-23 10:51:08 | INFO |        1.466 ¦       22           2              0.010 
2025-05-23 10:51:08 | INFO |        1.476 ¦       23           2              0.010 
2025-05-23 10:51:08 | INFO |        1.486 ¦       24           2              0.010 
2025-05-23 10:51:08 | INFO |        1.496 ¦       25           2              0.010 
2025-05-23 10:51:08 | INFO |        1.506 ¦       26           2              0.010 
2025-05-23 10:51:08 | INFO |        1.516 ¦       27           2              0.010 
2025-05-23 10:51:08 | INFO |        1.526 ¦       28           2              0.010 
2025-05-23 10:51:08 | INFO |        1.536 ¦       29           2              0.010 
2025-05-23 10:51:08 | INFO |        1.546 ¦       30           2              0.010 
2025-05-23 10:51:08 | INFO |        1.556 ¦       31           2              0.010 
2025-05-23 10:51:08 | INFO |        1.566 ¦       32           2              0.010 
2025-05-23 10:51:08 | INFO |        1.576 ¦       33           2              0.010 
2025-05-23 10:51:08 | INFO |        1.586 ¦       34           2              0.010 
2025-05-23 10:51:08 | INFO |        1.596 ¦       35           2              0.010 
2025-05-23 10:51:08 | INFO |        1.606 ¦       36           2              0.010 
2025-05-23 10:51:08 | INFO |        1.616 ¦       37           2              0.010 
2025-05-23 10:51:08 | INFO |        1.626 ¦       38           2              0.010 
2025-05-23 10:51:08 | INFO |        1.636 ¦       39           2              0.010 
2025-05-23 10:51:08 | INFO |        1.646 ¦       40           2              0.010 
2025-05-23 10:51:08 | INFO |        1.656 ¦       41           2              0.010 
2025-05-23 10:51:08 | INFO |        1.666 ¦       42           2              0.010 
2025-05-23 10:51:08 | INFO |        1.676 ¦       43           2              0.010 
2025-05-23 10:51:08 | INFO |        1.686 ¦       44           2              0.010 
2025-05-23 10:51:08 | INFO |        1.696 ¦       45           2              0.010 
2025-05-23 10:51:08 | INFO |        1.706 ¦       46           2              0.010 
2025-05-23 10:51:08 | INFO |        1.716 ¦       47           2              0.010 
2025-05-23 10:51:08 | INFO |        1.726 ¦       48           2              0.010 
2025-05-23 10:51:08 | INFO |        1.736 ¦       49           2              0.010 
2025-05-23 10:51:08 | INFO |        1.746 ¦       50           2              0.010 
2025-05-23 10:51:08 | INFO |        1.756 ¦       51           2              0.010 
2025-05-23 10:51:08 | INFO |        1.766 ¦       52           2              0.010 
2025-05-23 10:51:08 | INFO |        1.776 ¦       53           2              0.010 
2025-05-23 10:51:08 | INFO |        1.786 ¦       54           2              0.010 
2025-05-23 10:51:08 | INFO |        1.796 ¦       55           2              0.010 
2025-05-23 10:51:08 | INFO |        1.806 ¦       56           2              0.010 
2025-05-23 10:51:08 | INFO |        1.816 ¦       57           2              0.010 
2025-05-23 10:51:08 | INFO |        1.826 ¦       58           2              0.010 
2025-05-23 10:51:08 | INFO |        1.836 ¦       59           2              0.010 
2025-05-23 10:51:08 | INFO |        1.846 ¦       60           2              0.010 
2025-05-23 10:51:08 | INFO |        1.856 ¦       61           2              0.010 
2025-05-23 10:51:08 | INFO |        1.866 ¦       62           2              0.010 
2025-05-23 10:51:08 | INFO |        1.876 ¦       63           2              0.010 
2025-05-23 10:51:08 | INFO |        1.886 ¦       64           2              0.010 
2025-05-23 10:51:08 | INFO |        1.896 ¦       65           2              0.010 
2025-05-23 10:51:08 | INFO |        1.906 ¦       66           2              0.010 
2025-05-23 10:51:08 | INFO |        1.916 ¦       67           2              0.010 
2025-05-23 10:51:08 | INFO |        1.926 ¦       68           2              0.010 
2025-05-23 10:51:08 | INFO |        1.936 ¦       69           2              0.010 
2025-05-23 10:51:08 | INFO |        1.946 ¦       70           2              0.010 
2025-05-23 10:51:08 | INFO |        1.956 ¦       71           2              0.010 
2025-05-23 10:51:08 | INFO |        1.966 ¦       72           2              0.010 
2025-05-23 10:51:08 | INFO |        1.976 ¦       73           2              0.010 
2025-05-23 10:51:08 | INFO |        1.986 ¦       74           2              0.010 
2025-05-23 10:51:08 | INFO |        1.996 ¦       75           2              0.010 
2025-05-23 10:51:08 | INFO |        2.006 ¦       76           2              0.010 
2025-05-23 10:51:08 | INFO |        2.016 ¦       77           2              0.010 
2025-05-23 10:51:08 | INFO |        2.026 ¦       78           2              0.010 
2025-05-23 10:51:08 | INFO |        2.036 ¦       79           2              0.010 
2025-05-23 10:51:08 | INFO |        2.046 ¦       80           2              0.010 
2025-05-23 10:51:08 | INFO |        2.056 ¦       81           2              0.010 
2025-05-23 10:51:08 | INFO |        2.066 ¦       82           2              0.010 
2025-05-23 10:51:08 | INFO |        2.076 ¦       83           2              0.010 
2025-05-23 10:51:08 | INFO |        2.086 ¦       84           2              0.010 
2025-05-23 10:51:08 | INFO |        2.096 ¦       85           2              0.010 
2025-05-23 10:51:08 | INFO |        2.106 ¦       86           2              0.010 
2025-05-23 10:51:08 | INFO |        2.116 ¦       87           2              0.010 
2025-05-23 10:51:08 | INFO |        2.126 ¦       88           2              0.010 
2025-05-23 10:51:08 | INFO |        2.136 ¦       89           2              0.010 
2025-05-23 10:51:08 | INFO |        2.146 ¦       90           2              0.010 
2025-05-23 10:51:08 | INFO |        2.156 ¦       91           2              0.010 
2025-05-23 10:51:08 | INFO |        2.166 ¦       92           2              0.010 
2025-05-23 10:51:08 | INFO |        2.176 ¦       93           2              0.010 
2025-05-23 10:51:08 | INFO |        2.186 ¦       94           2              0.010 
2025-05-23 10:51:08 | INFO |        2.196 ¦       95           2              0.010 
2025-05-23 10:51:08 | INFO |        2.206 ¦       96           2              0.010 
2025-05-23 10:51:08 | INFO |        2.216 ¦       97           2              0.010 
2025-05-23 10:51:08 | INFO |        2.226 ¦       98           2              0.010 
2025-05-23 10:51:08 | INFO |        2.236 ¦       99           2              0.010 
2025-05-23 10:51:08 | INFO |        2.246 ¦      100           2              0.010 
2025-05-23 10:51:08 | INFO |        2.256 ¦      101           2              0.010 
2025-05-23 10:51:08 | INFO |        2.266 ¦      102           2              0.010 
2025-05-23 10:51:08 | INFO |        2.276 ¦      103           2              0.010 
2025-05-23 10:51:08 | INFO |        2.286 ¦      104           2              0.010 
2025-05-23 10:51:08 | INFO |        2.296 ¦      105           2              0.010 
2025-05-23 10:51:08 | INFO |        2.306 ¦      106           2              0.010 
2025-05-23 10:51:08 | INFO |        2.316 ¦      107           2              0.010 
2025-05-23 10:51:08 | INFO |        2.326 ¦      108           2              0.010 
2025-05-23 10:51:08 | INFO |        2.336 ¦      109           2              0.010 
2025-05-23 10:51:08 | INFO |        2.346 ¦      110           2              0.010 
2025-05-23 10:51:08 | INFO |        2.356 ¦      111           2              0.010 
2025-05-23 10:51:08 | INFO |        2.366 ¦      112           2              0.010 
2025-05-23 10:51:08 | INFO |        2.376 ¦      113           2              0.010 
2025-05-23 10:51:08 | INFO |        2.386 ¦      114           2              0.010 
2025-05-23 10:51:08 | INFO |        2.396 ¦      115           2              0.010 
2025-05-23 10:51:08 | INFO |        2.406 ¦      116           2              0.010 
2025-05-23 10:51:08 | INFO |        2.416 ¦      117           2              0.010 
2025-05-23 10:51:08 | INFO |        2.426 ¦      118           2              0.010 
2025-05-23 10:51:08 | INFO |        2.436 ¦      119           2              0.010 
2025-05-23 10:51:08 | INFO |        2.446 ¦      120           2              0.010 
2025-05-23 10:51:08 | INFO |        2.456 ¦      121           2              0.010 
2025-05-23 10:51:08 | INFO |        2.466 ¦      122           2              0.010 
2025-05-23 10:51:08 | INFO |        2.476 ¦      123           2              0.010 
2025-05-23 10:51:08 | INFO |        2.486 ¦      124           2              0.010 
2025-05-23 10:51:08 | INFO |        2.496 ¦      125           2              0.010 
2025-05-23 10:51:08 | INFO |        2.506 ¦      126           2              0.010 
2025-05-23 10:51:08 | INFO |        2.516 ¦      127           2              0.010 
2025-05-23 10:51:08 | INFO |        2.526 ¦      128           2              0.010 
2025-05-23 10:51:08 | INFO |        2.536 ¦      129           2              0.010 
2025-05-23 10:51:08 | INFO |        2.546 ¦      130           2              0.010 
2025-05-23 10:51:08 | INFO |        2.556 ¦      131           2              0.010 
2025-05-23 10:51:08 | INFO |        2.566 ¦      132           2              0.010 
2025-05-23 10:51:08 | INFO |        2.576 ¦      133           2              0.010 
2025-05-23 10:51:08 | INFO |        2.586 ¦      134           2              0.010 
2025-05-23 10:51:08 | INFO |        2.596 ¦      135           2              0.010 
2025-05-23 10:51:08 | INFO |        2.606 ¦      136           2              0.010 
2025-05-23 10:51:08 | INFO |        2.616 ¦      137           2              0.010 
2025-05-23 10:51:08 | INFO |        2.626 ¦      138           2              0.010 
2025-05-23 10:51:08 | INFO |        2.636 ¦      139           2              0.010 
2025-05-23 10:51:08 | INFO |        2.646 ¦      140           2              0.010 
2025-05-23 10:51:08 | INFO |        2.656 ¦      141           2              0.010 
2025-05-23 10:51:08 | INFO |        2.666 ¦      142           2              0.010 
2025-05-23 10:51:08 | INFO |        2.676 ¦      143           2              0.010 
2025-05-23 10:51:08 | INFO |        2.686 ¦      144           2              0.010 
2025-05-23 10:51:08 | INFO |        2.696 ¦      145           2              0.010 
2025-05-23 10:51:08 | INFO |        2.706 ¦      146           2              0.010 
2025-05-23 10:51:08 | INFO |        2.716 ¦      147           2              0.010 
2025-05-23 10:51:08 | INFO |        2.726 ¦      148           2              0.010 
2025-05-23 10:51:08 | INFO |        2.736 ¦      149           2              0.010 
2025-05-23 10:51:08 | INFO |        2.746 ¦      150           2              0.010 
2025-05-23 10:51:08 | INFO |        2.756 ¦      151           2              0.010 
2025-05-23 10:51:08 | INFO |        2.766 ¦      152           2              0.010 
2025-05-23 10:51:08 | INFO |        2.776 ¦      153           2              0.010 
2025-05-23 10:51:08 | INFO |        2.786 ¦      154           2              0.010 
2025-05-23 10:51:08 | INFO |        2.796 ¦      155           2              0.010 
2025-05-23 10:51:08 | INFO |        2.806 ¦      156           2              0.010 
2025-05-23 10:51:08 | INFO |        2.816 ¦      157           2              0.010 
2025-05-23 10:51:08 | INFO |        2.826 ¦      158           2              0.010 
2025-05-23 10:51:08 | INFO |        2.836 ¦      159           2              0.010 
2025-05-23 10:51:08 | INFO |        2.846 ¦      160           2              0.010 
2025-05-23 10:51:08 | INFO |        2.856 ¦      161           2              0.010 
2025-05-23 10:51:08 | INFO |        2.866 ¦      162           2              0.010 
2025-05-23 10:51:08 | INFO |        2.876 ¦      163           2              0.010 
2025-05-23 10:51:08 | INFO |        2.886 ¦      164           2              0.010 
2025-05-23 10:51:08 | INFO |        2.896 ¦      165           2              0.010 
2025-05-23 10:51:08 | INFO |        2.906 ¦      166           2              0.010 
2025-05-23 10:51:08 | INFO |        2.916 ¦      167           2              0.010 
2025-05-23 10:51:08 | INFO |        2.926 ¦      168           2              0.010 
2025-05-23 10:51:08 | INFO |        2.936 ¦      169           2              0.010 
2025-05-23 10:51:08 | INFO |        2.946 ¦      170           2              0.010 
2025-05-23 10:51:08 | INFO |        2.956 ¦      171           2              0.010 
2025-05-23 10:51:08 | INFO |        2.966 ¦      172           2              0.010 
2025-05-23 10:51:08 | INFO |        2.976 ¦      173           2              0.010 
2025-05-23 10:51:08 | INFO |        2.986 ¦      174           2              0.010 
2025-05-23 10:51:08 | INFO |        2.996 ¦      175           2              0.010 
2025-05-23 10:51:08 | INFO |        3.006 ¦      176           2              0.010 
2025-05-23 10:51:08 | INFO |        3.016 ¦      177           2              0.010 
2025-05-23 10:51:08 | INFO |        3.026 ¦      178           2              0.010 
2025-05-23 10:51:08 | INFO |        3.036 ¦      179           2              0.010 
2025-05-23 10:51:08 | INFO |        3.046 ¦      180           2              0.010 
2025-05-23 10:51:08 | INFO |        3.056 ¦      181           2              0.010 
2025-05-23 10:51:08 | INFO |        3.066 ¦      182           2              0.010 
2025-05-23 10:51:08 | INFO |        3.076 ¦      183           2              0.010 
2025-05-23 10:51:08 | INFO |        3.086 ¦      184           2              0.010 
2025-05-23 10:51:08 | INFO |        3.096 ¦      185           2              0.010 
2025-05-23 10:51:08 | INFO |        3.106 ¦      186           2              0.010 
2025-05-23 10:51:08 | INFO |        3.116 ¦      187           2              0.010 
2025-05-23 10:51:08 | INFO |        3.126 ¦      188           2              0.010 
2025-05-23 10:51:08 | INFO |        3.136 ¦      189           2              0.010 
2025-05-23 10:51:08 | INFO |        3.146 ¦      190           2              0.010 
2025-05-23 10:51:08 | INFO |        3.156 ¦      191           2              0.010 
2025-05-23 10:51:08 | INFO |        3.166 ¦      192           2              0.010 
2025-05-23 10:51:08 | INFO |        3.176 ¦      193           2              0.010 
2025-05-23 10:51:08 | INFO |        3.186 ¦      194           2              0.010 
2025-05-23 10:51:08 | INFO |        3.196 ¦      195           2              0.010 
2025-05-23 10:51:08 | INFO |        3.206 ¦      196           2              0.010 
2025-05-23 10:51:08 | INFO |        3.216 ¦      197           2              0.010 
2025-05-23 10:51:08 | INFO |        3.226 ¦      198           2              0.010 
2025-05-23 10:51:08 | INFO |        3.236 ¦      199           2              0.010 
2025-05-23 10:51:08 | INFO |        3.246 ¦      200           2              0.010 
2025-05-23 10:51:08 | INFO |        3.256 ¦      201           2              0.010 
2025-05-23 10:51:08 | INFO |        3.266 ¦      202           2              0.010 
2025-05-23 10:51:08 | INFO |        3.276 ¦      203           2              0.010 
2025-05-23 10:51:08 | INFO |        3.286 ¦      204           2              0.010 
2025-05-23 10:51:08 | INFO |        3.296 ¦      205           2              0.010 
2025-05-23 10:51:08 | INFO |        3.306 ¦      206           2              0.010 
2025-05-23 10:51:08 | INFO |        3.316 ¦      207           2              0.010 
2025-05-23 10:51:08 | INFO |        3.326 ¦      208           2              0.010 
2025-05-23 10:51:08 | INFO |        3.336 ¦      209           2              0.010 
2025-05-23 10:51:08 | INFO |        3.346 ¦      210           2              0.010 
2025-05-23 10:51:08 | INFO |        3.356 ¦      211           2              0.010 
2025-05-23 10:51:08 | INFO |        3.366 ¦      212           2              0.010 
2025-05-23 10:51:08 | INFO |        3.376 ¦      213           2              0.010 
2025-05-23 10:51:08 | INFO |        3.386 ¦      214           2              0.010 
2025-05-23 10:51:08 | INFO |        3.396 ¦      215           2              0.010 
2025-05-23 10:51:08 | INFO |        3.406 ¦      216           2              0.010 
2025-05-23 10:51:08 | INFO |        3.416 ¦      217           2              0.010 
2025-05-23 10:51:08 | INFO |        3.426 ¦      218           2              0.010 
2025-05-23 10:51:08 | INFO |        3.436 ¦      219           2              0.010 
2025-05-23 10:51:08 | INFO |        3.446 ¦      220           2              0.010 
2025-05-23 10:51:08 | INFO |        3.456 ¦      221           2              0.010 
2025-05-23 10:51:08 | INFO |        3.466 ¦      222           2              0.010 
2025-05-23 10:51:08 | INFO |        3.476 ¦      223           2              0.010 
2025-05-23 10:51:08 | INFO |        3.486 ¦      224           2              0.010 
2025-05-23 10:51:08 | INFO |        3.496 ¦      225           2              0.010 
2025-05-23 10:51:08 | INFO |        3.506 ¦      226           2              0.010 
2025-05-23 10:51:08 | INFO |        3.516 ¦      227           2              0.010 
2025-05-23 10:51:08 | INFO |        3.526 ¦      228           2              0.010 
2025-05-23 10:51:08 | INFO |        3.536 ¦      229           2              0.010 
2025-05-23 10:51:08 | INFO |        3.546 ¦      230           2              0.010 
2025-05-23 10:51:08 | INFO |        3.556 ¦      231           2              0.010 
2025-05-23 10:51:08 | INFO |        3.566 ¦      232           2              0.010 
2025-05-23 10:51:08 | INFO |        3.576 ¦      233           2              0.010 
2025-05-23 10:51:08 | INFO |        3.586 ¦      234           2              0.010 
2025-05-23 10:51:08 | INFO |        3.596 ¦      235           2              0.010 
2025-05-23 10:51:08 | INFO |        3.606 ¦      236           2              0.010 
2025-05-23 10:51:08 | INFO |        3.616 ¦      237           2              0.010 
2025-05-23 10:51:08 | INFO |        3.626 ¦      238           2              0.010 
2025-05-23 10:51:08 | INFO |        3.636 ¦      239           2              0.010 
2025-05-23 10:51:08 | INFO |        3.646 ¦      240           2              0.010 
2025-05-23 10:51:08 | INFO |        3.656 ¦      241           2              0.010 
2025-05-23 10:51:08 | INFO |        3.666 ¦      242           2              0.010 
2025-05-23 10:51:08 | INFO |        3.676 ¦      243           2              0.010 
2025-05-23 10:51:08 | INFO |        3.686 ¦      244           2              0.010 
2025-05-23 10:51:08 | INFO |        3.696 ¦      245           2              0.010 
2025-05-23 10:51:08 | INFO |        3.706 ¦      246           2              0.010 
2025-05-23 10:51:08 | INFO |        3.716 ¦      247           2              0.010 
2025-05-23 10:51:08 | INFO |        3.726 ¦      248           2              0.010 
2025-05-23 10:51:08 | INFO |        3.736 ¦      249           2              0.010 
2025-05-23 10:51:08 | INFO |        3.746 ¦      250           2              0.010 
2025-05-23 10:51:08 | INFO |        3.756 ¦      251           2              0.010 
2025-05-23 10:51:08 | INFO |        3.766 ¦      252           2              0.010 
2025-05-23 10:51:08 | INFO |        3.776 ¦      253           2              0.010 
2025-05-23 10:51:08 | INFO |        3.786 ¦      254           2              0.010 
2025-05-23 10:51:08 | INFO |        3.796 ¦      255           2              0.010 
2025-05-23 10:51:08 | INFO |        3.806 ¦      256           2              0.010 
2025-05-23 10:51:08 | INFO |        3.816 ¦      257           2              0.010 
2025-05-23 10:51:08 | INFO |        3.826 ¦      258           2              0.010 
2025-05-23 10:51:08 | INFO |        3.836 ¦      259           2              0.010 
2025-05-23 10:51:08 | INFO |        3.846 ¦      260           2              0.010 
2025-05-23 10:51:08 | INFO |        3.856 ¦      261           2              0.010 
2025-05-23 10:51:08 | INFO |        3.866 ¦      262           2              0.010 
2025-05-23 10:51:08 | INFO |        3.876 ¦      263           2              0.010 
2025-05-23 10:51:08 | INFO |        3.886 ¦      264           2              0.010 
2025-05-23 10:51:08 | INFO |        3.896 ¦      265           2              0.010 
2025-05-23 10:51:08 | INFO |        3.906 ¦      266           2              0.010 
2025-05-23 10:51:08 | INFO |        3.916 ¦      267           2              0.010 
2025-05-23 10:51:08 | INFO |        3.926 ¦      268           2              0.010 
2025-05-23 10:51:08 | INFO |        3.936 ¦      269           2              0.010 
2025-05-23 10:51:08 | INFO |        3.946 ¦      270           2              0.010 
2025-05-23 10:51:08 | INFO |        3.956 ¦      271           2              0.010 
2025-05-23 10:51:08 | INFO |        3.966 ¦      272           2              0.010 
2025-05-23 10:51:08 | INFO |        3.976 ¦      273           2              0.010 
2025-05-23 10:51:08 | INFO |        3.986 ¦      274           2              0.010 
2025-05-23 10:51:08 | INFO |        3.996 ¦      275           2              0.010 
2025-05-23 10:51:08 | INFO |        4.006 ¦      276           2              0.010 
2025-05-23 10:51:08 | INFO |        4.016 ¦      277           2              0.010 
2025-05-23 10:51:08 | INFO |        4.026 ¦      278           2              0.010 
2025-05-23 10:51:08 | INFO |        4.036 ¦      279           2              0.010 
2025-05-23 10:51:08 | INFO |        4.046 ¦      280           2              0.010 
2025-05-23 10:51:08 | INFO |        4.056 ¦      281           2              0.010 
2025-05-23 10:51:08 | INFO |        4.066 ¦      282           2              0.010 
2025-05-23 10:51:08 | INFO |        4.076 ¦      283           2              0.010 
2025-05-23 10:51:08 | INFO |        4.086 ¦      284           2              0.010 
2025-05-23 10:51:08 | INFO |        4.096 ¦      285           2              0.010 
2025-05-23 10:51:08 | INFO |        4.106 ¦      286           2              0.010 
2025-05-23 10:51:08 | INFO |        4.116 ¦      287           2              0.010 
2025-05-23 10:51:08 | INFO |        4.126 ¦      288           2              0.010 
2025-05-23 10:51:08 | INFO |        4.136 ¦      289           2              0.010 
2025-05-23 10:51:08 | INFO |        4.146 ¦      290           2              0.010 
2025-05-23 10:51:08 | INFO |        4.156 ¦      291           2              0.010 
2025-05-23 10:51:08 | INFO |        4.166 ¦      292           2              0.010 
2025-05-23 10:51:08 | INFO |        4.176 ¦      293           2              0.010 
2025-05-23 10:51:08 | INFO |        4.186 ¦      294           2              0.010 
2025-05-23 10:51:08 | INFO |        4.196 ¦      295           2              0.010 
2025-05-23 10:51:08 | INFO |        4.206 ¦      296           2              0.010 
2025-05-23 10:51:08 | INFO |        4.216 ¦      297           2              0.010 
2025-05-23 10:51:08 | INFO |        4.226 ¦      298           2              0.010 
2025-05-23 10:51:08 | INFO |        4.236 ¦      299           2              0.010 
2025-05-23 10:51:08 | INFO |        4.246 ¦      300           2              0.010 
2025-05-23 10:51:08 | INFO |        4.256 ¦      301           2              0.010 
2025-05-23 10:51:08 | INFO |        4.266 ¦      302           2              0.010 
2025-05-23 10:51:08 | INFO |        4.276 ¦      303           2              0.010 
2025-05-23 10:51:08 | INFO |        4.286 ¦      304           2              0.010 
2025-05-23 10:51:08 | INFO |        4.296 ¦      305           2              0.010 
2025-05-23 10:51:08 | INFO |        4.306 ¦      306           2              0.010 
2025-05-23 10:51:08 | INFO |        4.316 ¦      307           2              0.010 
2025-05-23 10:51:08 | INFO |        4.326 ¦      308           2              0.010 
2025-05-23 10:51:08 | INFO |        4.336 ¦      309           2              0.010 
2025-05-23 10:51:08 | INFO |        4.346 ¦      310           2              0.010 
2025-05-23 10:51:08 | INFO |        4.356 ¦      311           2              0.010 
2025-05-23 10:51:08 | INFO |        4.366 ¦      312           2              0.010 
2025-05-23 10:51:08 | INFO |        4.376 ¦      313           2              0.010 
2025-05-23 10:51:08 | INFO |        4.386 ¦      314           2              0.010 
2025-05-23 10:51:08 | INFO |        4.396 ¦      315           2              0.010 
2025-05-23 10:51:08 | INFO |        4.406 ¦      316           2              0.010 
2025-05-23 10:51:08 | INFO |        4.416 ¦      317           2              0.010 
2025-05-23 10:51:08 | INFO |        4.426 ¦      318           2              0.010 
2025-05-23 10:51:08 | INFO |        4.436 ¦      319           2              0.010 
2025-05-23 10:51:08 | INFO |        4.446 ¦      320           2              0.010 
2025-05-23 10:51:08 | INFO |        4.456 ¦      321           2              0.010 
2025-05-23 10:51:08 | INFO |        4.466 ¦      322           2              0.010 
2025-05-23 10:51:08 | INFO |        4.476 ¦      323           2              0.010 
2025-05-23 10:51:08 | INFO |        4.486 ¦      324           2              0.010 
2025-05-23 10:51:08 | INFO |        4.496 ¦      325           2              0.010 
2025-05-23 10:51:08 | INFO |        4.506 ¦      326           2              0.010 
2025-05-23 10:51:08 | INFO |        4.516 ¦      327           2              0.010 
2025-05-23 10:51:08 | INFO |        4.526 ¦      328           2              0.010 
2025-05-23 10:51:08 | INFO |        4.536 ¦      329           2              0.010 
2025-05-23 10:51:08 | INFO |        4.546 ¦      330           2              0.010 
2025-05-23 10:51:08 | INFO |        4.556 ¦      331           2              0.010 
2025-05-23 10:51:08 | INFO |        4.566 ¦      332           2              0.010 
2025-05-23 10:51:08 | INFO |        4.576 ¦      333           2              0.010 
2025-05-23 10:51:08 | INFO |        4.586 ¦      334           2              0.010 
2025-05-23 10:51:08 | INFO |        4.596 ¦      335           2              0.010 
2025-05-23 10:51:08 | INFO |        4.606 ¦      336           2              0.010 
2025-05-23 10:51:08 | INFO |        4.616 ¦      337           2              0.010 
2025-05-23 10:51:08 | INFO |        4.626 ¦      338           2              0.010 
2025-05-23 10:51:08 | INFO |        4.636 ¦      339           2              0.010 
2025-05-23 10:51:08 | INFO |        4.646 ¦      340           2              0.010 
2025-05-23 10:51:08 | INFO |        4.656 ¦      341           2              0.010 
2025-05-23 10:51:08 | INFO |        4.666 ¦      342           2              0.010 
2025-05-23 10:51:08 | INFO |        4.676 ¦      343           2              0.010 
2025-05-23 10:51:08 | INFO |        4.686 ¦      344           2              0.010 
2025-05-23 10:51:08 | INFO |        4.696 ¦      345           2              0.010 
2025-05-23 10:51:08 | INFO |        4.706 ¦      346           2              0.010 
2025-05-23 10:51:08 | INFO |        4.716 ¦      347           2              0.010 
2025-05-23 10:51:08 | INFO |        4.726 ¦      348           2              0.010 
2025-05-23 10:51:08 | INFO |        4.736 ¦      349           2              0.010 
2025-05-23 10:51:08 | INFO |        4.746 ¦      350           2              0.010 
2025-05-23 10:51:08 | INFO |        4.756 ¦      351           2              0.010 
2025-05-23 10:51:08 | INFO |        4.766 ¦      352           2              0.010 
2025-05-23 10:51:08 | INFO |        4.776 ¦      353           2              0.010 
2025-05-23 10:51:08 | INFO |        4.786 ¦      354           2              0.010 
2025-05-23 10:51:08 | INFO |        4.796 ¦      355           2              0.010 
2025-05-23 10:51:08 | INFO |        4.806 ¦      356           2              0.010 
2025-05-23 10:51:08 | INFO |        4.816 ¦      357           2              0.010 
2025-05-23 10:51:08 | INFO |        4.826 ¦      358           2              0.010 
2025-05-23 10:51:08 | INFO |        4.836 ¦      359           2              0.010 
2025-05-23 10:51:08 | INFO |        4.846 ¦      360           2              0.010 
2025-05-23 10:51:08 | INFO |        4.856 ¦      361           2              0.010 
2025-05-23 10:51:08 | INFO |        4.866 ¦      362           2              0.010 
2025-05-23 10:51:08 | INFO |        4.876 ¦      363           2              0.010 
2025-05-23 10:51:08 | INFO |        4.886 ¦      364           2              0.010 
2025-05-23 10:51:08 | INFO |        4.896 ¦      365           2              0.010 
2025-05-23 10:51:08 | INFO |        4.906 ¦      366           2              0.010 
2025-05-23 10:51:08 | INFO |        4.916 ¦      367           2              0.010 
2025-05-23 10:51:08 | INFO |        4.926 ¦      368           2              0.010 
2025-05-23 10:51:08 | INFO |        4.936 ¦      369           2              0.010 
2025-05-23 10:51:08 | INFO |        4.946 ¦      370           2              0.010 
2025-05-23 10:51:08 | INFO |        4.956 ¦      371           2              0.010 
2025-05-23 10:51:08 | INFO |        4.966 ¦      372           2              0.010 
2025-05-23 10:51:08 | INFO |        4.976 ¦      373           2              0.010 
2025-05-23 10:51:08 | INFO |        4.986 ¦      374           2              0.010 
2025-05-23 10:51:08 | INFO |        4.996 ¦      375           2              0.010 
2025-05-23 10:51:08 | INFO |        5.006 ¦      376           2              0.010 
2025-05-23 10:51:08 | INFO |        5.016 ¦      377           2              0.010 
2025-05-23 10:51:08 | INFO |        5.026 ¦      378           2              0.010 
2025-05-23 10:51:08 | INFO |        5.036 ¦      379           2              0.010 
2025-05-23 10:51:08 | INFO |        5.046 ¦      380           2              0.010 
2025-05-23 10:51:08 | INFO |        5.056 ¦      381           2              0.010 
2025-05-23 10:51:08 | INFO |        5.066 ¦      382           2              0.010 
2025-05-23 10:51:08 | INFO |        5.076 ¦      383           2              0.010 
2025-05-23 10:51:08 | INFO |        5.086 ¦      384           2              0.010 
2025-05-23 10:51:08 | INFO |        5.096 ¦      385           2              0.010 
2025-05-23 10:51:08 | INFO |        5.106 ¦      386           2              0.010 
2025-05-23 10:51:08 | INFO |        5.116 ¦      387           2              0.010 
2025-05-23 10:51:08 | INFO |        5.126 ¦      388           2              0.010 
2025-05-23 10:51:08 | INFO |        5.136 ¦      389           2              0.010 
2025-05-23 10:51:08 | INFO |        5.146 ¦      390           2              0.010 
2025-05-23 10:51:08 | INFO |        5.156 ¦      391           2              0.010 
2025-05-23 10:51:08 | INFO |        5.166 ¦      392           2              0.010 
2025-05-23 10:51:08 | INFO |        5.176 ¦      393           2              0.010 
2025-05-23 10:51:08 | INFO |        5.186 ¦      394           2              0.010 
2025-05-23 10:51:08 | INFO |        5.196 ¦      395           2              0.010 
2025-05-23 10:51:08 | INFO |        5.206 ¦      396           2              0.010 
2025-05-23 10:51:08 | INFO |        5.216 ¦      397           2              0.010 
2025-05-23 10:51:08 | INFO |        5.226 ¦      398           2              0.010 
2025-05-23 10:51:08 | INFO |        5.236 ¦      399           2              0.010 
2025-05-23 10:51:08 | INFO |        5.246 ¦      400           2              0.010 
2025-05-23 10:51:08 | INFO |        5.256 ¦      401           2              0.010 
2025-05-23 10:51:08 | INFO |        5.266 ¦      402           2              0.010 
2025-05-23 10:51:08 | INFO |        5.276 ¦      403           2              0.010 
2025-05-23 10:51:08 | INFO |        5.286 ¦      404           2              0.010 
2025-05-23 10:51:08 | INFO |        5.296 ¦      405           2              0.010 
2025-05-23 10:51:08 | INFO |        5.306 ¦      406           2              0.010 
2025-05-23 10:51:08 | INFO |        5.316 ¦      407           2              0.010 
2025-05-23 10:51:08 | INFO |        5.326 ¦      408           2              0.010 
2025-05-23 10:51:08 | INFO |        5.336 ¦      409           2              0.010 
2025-05-23 10:51:08 | INFO |        5.346 ¦      410           2              0.010 
2025-05-23 10:51:08 | INFO |        5.356 ¦      411           2              0.010 
2025-05-23 10:51:08 | INFO |        5.366 ¦      412           2              0.010 
2025-05-23 10:51:08 | INFO |        5.376 ¦      413           2              0.010 
2025-05-23 10:51:08 | INFO |        5.386 ¦      414           2              0.010 
2025-05-23 10:51:08 | INFO |        5.396 ¦      415           2              0.010 
2025-05-23 10:51:08 | INFO |        5.406 ¦      416           2              0.010 
2025-05-23 10:51:08 | INFO |        5.416 ¦      417           2              0.010 
2025-05-23 10:51:08 | INFO |        5.426 ¦      418           2              0.010 
2025-05-23 10:51:08 | INFO |        5.436 ¦      419           2              0.010 
2025-05-23 10:51:08 | INFO |        5.446 ¦      420           2              0.010 
2025-05-23 10:51:08 | INFO |        5.456 ¦      421           2              0.010 
2025-05-23 10:51:08 | INFO |        5.466 ¦      422           2              0.010 
2025-05-23 10:51:08 | INFO |        5.476 ¦      423           2              0.010 
2025-05-23 10:51:08 | INFO |        5.486 ¦      424           2              0.010 
2025-05-23 10:51:08 | INFO |        5.496 ¦      425           2              0.010 
2025-05-23 10:51:08 | INFO |        5.506 ¦      426           2              0.010 
2025-05-23 10:51:08 | INFO |        5.516 ¦      427           2              0.010 
2025-05-23 10:51:08 | INFO |        5.526 ¦      428           2              0.010 
2025-05-23 10:51:08 | INFO |        5.536 ¦      429           2              0.010 
2025-05-23 10:51:08 | INFO |        5.546 ¦      430           2              0.010 
2025-05-23 10:51:08 | INFO |        5.556 ¦      431           2              0.010 
2025-05-23 10:51:08 | INFO |        5.566 ¦      432           2              0.010 
2025-05-23 10:51:08 | INFO |        5.576 ¦      433           2              0.010 
2025-05-23 10:51:08 | INFO |        5.586 ¦      434           2              0.010 
2025-05-23 10:51:08 | INFO |        5.596 ¦      435           2              0.010 
2025-05-23 10:51:08 | INFO |        5.606 ¦      436           2              0.010 
2025-05-23 10:51:08 | INFO |        5.616 ¦      437           2              0.010 
2025-05-23 10:51:08 | INFO |        5.626 ¦      438           2              0.010 
2025-05-23 10:51:08 | INFO |        5.636 ¦      439           2              0.010 
2025-05-23 10:51:08 | INFO |        5.646 ¦      440           2              0.010 
2025-05-23 10:51:08 | INFO |        5.656 ¦      441           2              0.010 
2025-05-23 10:51:08 | INFO |        5.666 ¦      442           2              0.010 
2025-05-23 10:51:08 | INFO |        5.676 ¦      443           2              0.010 
2025-05-23 10:51:08 | INFO |        5.686 ¦      444           2              0.010 
2025-05-23 10:51:08 | INFO |        5.696 ¦      445           2              0.010 
2025-05-23 10:51:08 | INFO |        5.706 ¦      446           2              0.010 
2025-05-23 10:51:08 | INFO |        5.716 ¦      447           2              0.010 
2025-05-23 10:51:08 | INFO |        5.726 ¦      448           2              0.010 
2025-05-23 10:51:08 | INFO |        5.736 ¦      449           2              0.010 
2025-05-23 10:51:08 | INFO |        5.746 ¦      450           2              0.010 
2025-05-23 10:51:08 | INFO |        5.756 ¦      451           2              0.010 
2025-05-23 10:51:08 | INFO |        5.766 ¦      452           2              0.010 
2025-05-23 10:51:08 | INFO |        5.776 ¦      453           2              0.010 
2025-05-23 10:51:08 | INFO |        5.786 ¦      454           2              0.010 
2025-05-23 10:51:08 | INFO |        5.796 ¦      455           2              0.010 
2025-05-23 10:51:08 | INFO |        5.806 ¦      456           2              0.010 
2025-05-23 10:51:08 | INFO |        5.816 ¦      457           2              0.010 
2025-05-23 10:51:08 | INFO |        5.826 ¦      458           2              0.010 
2025-05-23 10:51:08 | INFO |        5.836 ¦      459           2              0.010 
2025-05-23 10:51:08 | INFO |        5.846 ¦      460           2              0.010 
2025-05-23 10:51:08 | INFO |        5.856 ¦      461           2              0.010 
2025-05-23 10:51:08 | INFO |        5.866 ¦      462           2              0.010 
2025-05-23 10:51:08 | INFO |        5.876 ¦      463           2              0.010 
2025-05-23 10:51:08 | INFO |        5.886 ¦      464           2              0.010 
2025-05-23 10:51:08 | INFO |        5.896 ¦      465           2              0.010 
2025-05-23 10:51:08 | INFO |        5.906 ¦      466           2              0.010 
2025-05-23 10:51:08 | INFO |        5.916 ¦      467           2              0.010 
2025-05-23 10:51:08 | INFO |        5.926 ¦      468           2              0.010 
2025-05-23 10:51:08 | INFO |        5.936 ¦      469           2              0.010 
2025-05-23 10:51:08 | INFO |        5.946 ¦      470           2              0.010 
2025-05-23 10:51:08 | INFO |        5.956 ¦      471           2              0.010 
2025-05-23 10:51:08 | INFO |        5.966 ¦      472           2              0.010 
2025-05-23 10:51:08 | INFO |        5.976 ¦      473           2              0.010 
2025-05-23 10:51:08 | INFO |        5.986 ¦      474           2              0.010 
2025-05-23 10:51:08 | INFO |        5.996 ¦      475           2              0.010 
2025-05-23 10:51:08 | INFO |        6.006 ¦      476           2              0.010 
2025-05-23 10:51:08 | INFO |        6.016 ¦      477           2              0.010 
2025-05-23 10:51:08 | INFO |        6.026 ¦      478           2              0.010 
2025-05-23 10:51:08 | INFO |        6.036 ¦      479           2              0.010 
2025-05-23 10:51:08 | INFO |        6.046 ¦      480           2              0.010 
2025-05-23 10:51:08 | INFO |        6.056 ¦      481           2              0.010 
2025-05-23 10:51:08 | INFO |        6.066 ¦      482           2              0.010 
2025-05-23 10:51:08 | INFO |        6.076 ¦      483           2              0.010 
2025-05-23 10:51:08 | INFO |        6.086 ¦      484           2              0.010 
2025-05-23 10:51:08 | INFO |        6.096 ¦      485           2              0.010 
2025-05-23 10:51:08 | INFO |        6.106 ¦      486           2              0.010 
2025-05-23 10:51:08 | INFO |        6.116 ¦      487           2              0.010 
2025-05-23 10:51:08 | INFO |        6.126 ¦      488           2              0.010 
2025-05-23 10:51:08 | INFO |        6.136 ¦      489           2              0.010 
2025-05-23 10:51:08 | INFO |        6.146 ¦      490           2              0.010 
2025-05-23 10:51:08 | INFO |        6.156 ¦      491           2              0.010 
2025-05-23 10:51:08 | INFO |        6.166 ¦      492           2              0.010 
2025-05-23 10:51:08 | INFO |        6.176 ¦      493           2              0.010 
2025-05-23 10:51:08 | INFO |        6.186 ¦      494           2              0.010 
2025-05-23 10:51:08 | INFO |        6.196 ¦      495           2              0.010 
2025-05-23 10:51:08 | INFO |        6.206 ¦      496           2              0.010 
2025-05-23 10:51:08 | INFO |        6.216 ¦      497           2              0.010 
2025-05-23 10:51:08 | INFO |        6.226 ¦      498           2              0.010 
2025-05-23 10:51:08 | INFO |        6.236 ¦      499           2              0.010 
2025-05-23 10:51:08 | INFO |        6.246 ¦      500           2              0.010 
2025-05-23 10:51:08 | INFO |        6.256 ¦      501           2              0.010 
2025-05-23 10:51:08 | INFO |        6.266 ¦      502           2              0.010 
2025-05-23 10:51:08 | INFO |        6.276 ¦      503           2              0.010 
2025-05-23 10:51:08 | INFO |        6.286 ¦      504           2              0.010 
2025-05-23 10:51:08 | INFO |        6.296 ¦      505           2              0.010 
2025-05-23 10:51:08 | INFO |        6.306 ¦      506           2              0.010 
2025-05-23 10:51:08 | INFO |        6.316 ¦      507           2              0.010 
2025-05-23 10:51:08 | INFO |        6.326 ¦      508           2              0.010 
2025-05-23 10:51:08 | INFO |        6.336 ¦      509           2              0.010 
2025-05-23 10:51:08 | INFO |        6.346 ¦      510           2              0.010 
2025-05-23 10:51:08 | INFO |        6.356 ¦      511           2              0.010 
2025-05-23 10:51:08 | INFO |        6.366 ¦      512           2              0.010 
2025-05-23 10:51:08 | INFO |        6.376 ¦      513           2              0.010 
2025-05-23 10:51:08 | INFO |        6.386 ¦      514           2              0.010 
2025-05-23 10:51:08 | INFO |        6.396 ¦      515           2              0.010 
2025-05-23 10:51:08 | INFO |        6.406 ¦      516           2              0.010 
2025-05-23 10:51:08 | INFO |        6.416 ¦      517           2              0.010 
2025-05-23 10:51:08 | INFO |        6.426 ¦      518           2              0.010 
2025-05-23 10:51:08 | INFO |        6.436 ¦      519           2              0.010 
2025-05-23 10:51:08 | INFO |        6.446 ¦      520           2              0.010 
2025-05-23 10:51:08 | INFO |        6.456 ¦      521           2              0.010 
2025-05-23 10:51:08 | INFO |        6.466 ¦      522           2              0.010 
2025-05-23 10:51:08 | INFO |        6.476 ¦      523           2              0.010 
2025-05-23 10:51:08 | INFO |        6.486 ¦      524           2              0.010 
2025-05-23 10:51:08 | INFO |        6.496 ¦      525           2              0.010 
2025-05-23 10:51:08 | INFO |        6.506 ¦      526           2              0.010 
2025-05-23 10:51:08 | INFO |        6.516 ¦      527           2              0.010 
2025-05-23 10:51:08 | INFO |        6.526 ¦      528           2              0.010 
2025-05-23 10:51:08 | INFO |        6.536 ¦      529           2              0.010 
2025-05-23 10:51:08 | INFO |        6.546 ¦      530           2              0.010 
2025-05-23 10:51:08 | INFO |        6.556 ¦      531           2              0.010 
2025-05-23 10:51:08 | INFO |        6.566 ¦      532           2              0.010 
2025-05-23 10:51:08 | INFO |        6.576 ¦      533           2              0.010 
2025-05-23 10:51:08 | INFO |        6.586 ¦      534           2              0.010 
2025-05-23 10:51:08 | INFO |        6.596 ¦      535           2              0.010 
2025-05-23 10:51:08 | INFO |        6.606 ¦      536           2              0.010 
2025-05-23 10:51:08 | INFO |        6.616 ¦      537           2              0.010 
2025-05-23 10:51:08 | INFO |        6.626 ¦      538           2              0.010 
2025-05-23 10:51:08 | INFO |        6.636 ¦      539           2              0.010 
2025-05-23 10:51:08 | INFO |        6.646 ¦      540           2              0.010 
2025-05-23 10:51:08 | INFO |        6.656 ¦      541           2              0.010 
2025-05-23 10:51:08 | INFO |        6.666 ¦      542           2              0.010 
2025-05-23 10:51:08 | INFO |        6.676 ¦      543           2              0.010 
2025-05-23 10:51:08 | INFO |        6.686 ¦      544           2              0.010 
2025-05-23 10:51:08 | INFO |        6.696 ¦      545           2              0.010 
2025-05-23 10:51:08 | INFO |        6.706 ¦      546           2              0.010 
2025-05-23 10:51:08 | INFO |        6.716 ¦      547           2              0.010 
2025-05-23 10:51:08 | INFO |        6.726 ¦      548           2              0.010 
2025-05-23 10:51:08 | INFO |        6.736 ¦      549           2              0.010 
2025-05-23 10:51:08 | INFO |        6.746 ¦      550           2              0.010 
2025-05-23 10:51:08 | INFO |        6.756 ¦      551           2              0.010 
2025-05-23 10:51:08 | INFO |        6.766 ¦      552           2              0.010 
2025-05-23 10:51:08 | INFO |        6.776 ¦      553           2              0.010 
2025-05-23 10:51:08 | INFO |        6.786 ¦      554           2              0.010 
2025-05-23 10:51:08 | INFO |        6.796 ¦      555           2              0.010 
2025-05-23 10:51:08 | INFO |        6.806 ¦      556           2              0.010 
2025-05-23 10:51:08 | INFO |        6.816 ¦      557           2              0.010 
2025-05-23 10:51:08 | INFO |        6.826 ¦      558           2              0.010 
2025-05-23 10:51:08 | INFO |        6.836 ¦      559           2              0.010 
2025-05-23 10:51:08 | INFO |        6.846 ¦      560           2              0.010 
2025-05-23 10:51:08 | INFO |        6.856 ¦      561           2              0.010 
2025-05-23 10:51:08 | INFO |        6.866 ¦      562           2              0.010 
2025-05-23 10:51:08 | INFO |        6.876 ¦      563           2              0.010 
2025-05-23 10:51:08 | INFO |        6.886 ¦      564           2              0.010 
2025-05-23 10:51:08 | INFO |        6.896 ¦      565           2              0.010 
2025-05-23 10:51:08 | INFO |        6.906 ¦      566           2              0.010 
2025-05-23 10:51:08 | INFO |        6.916 ¦      567           2              0.010 
2025-05-23 10:51:08 | INFO |        6.926 ¦      568           2              0.010 
2025-05-23 10:51:08 | INFO |        6.936 ¦      569           2              0.010 
2025-05-23 10:51:08 | INFO |        6.946 ¦      570           2              0.010 
2025-05-23 10:51:08 | INFO |        6.956 ¦      571           2              0.010 
2025-05-23 10:51:08 | INFO |        6.966 ¦      572           2              0.010 
2025-05-23 10:51:08 | INFO |        6.976 ¦      573           2              0.010 
2025-05-23 10:51:08 | INFO |        6.986 ¦      574           2              0.010 
2025-05-23 10:51:08 | INFO |        6.996 ¦      575           2              0.010 
2025-05-23 10:51:08 | INFO |        7.006 ¦      576           2              0.010 
2025-05-23 10:51:08 | INFO |        7.016 ¦      577           2              0.010 
2025-05-23 10:51:08 | INFO |        7.026 ¦      578           2              0.010 
2025-05-23 10:51:08 | INFO |        7.036 ¦      579           2              0.010 
2025-05-23 10:51:08 | INFO |        7.046 ¦      580           2              0.010 
2025-05-23 10:51:08 | INFO |        7.056 ¦      581           2              0.010 
2025-05-23 10:51:08 | INFO |        7.066 ¦      582           2              0.010 
2025-05-23 10:51:08 | INFO |        7.076 ¦      583           2              0.010 
2025-05-23 10:51:08 | INFO |        7.086 ¦      584           2              0.010 
2025-05-23 10:51:08 | INFO |        7.096 ¦      585           2              0.010 
2025-05-23 10:51:08 | INFO |        7.106 ¦      586           2              0.010 
2025-05-23 10:51:08 | INFO |        7.116 ¦      587           2              0.010 
2025-05-23 10:51:08 | INFO |        7.126 ¦      588           2              0.010 
2025-05-23 10:51:08 | INFO |        7.136 ¦      589           2              0.010 
2025-05-23 10:51:08 | INFO |        7.146 ¦      590           2              0.010 
2025-05-23 10:51:08 | INFO |        7.156 ¦      591           2              0.010 
2025-05-23 10:51:08 | INFO |        7.166 ¦      592           2              0.010 
2025-05-23 10:51:08 | INFO |        7.176 ¦      593           2              0.010 
2025-05-23 10:51:08 | INFO |        7.186 ¦      594           2              0.010 
2025-05-23 10:51:08 | INFO |        7.196 ¦      595           2              0.010 
2025-05-23 10:51:08 | INFO |        7.206 ¦      596           2              0.010 
2025-05-23 10:51:08 | INFO |        7.216 ¦      597           2              0.010 
2025-05-23 10:51:08 | INFO |        7.226 ¦      598           2              0.010 
2025-05-23 10:51:08 | INFO |        7.236 ¦      599           2              0.010 
2025-05-23 10:51:08 | INFO |        7.246 ¦      600           2              0.010 
2025-05-23 10:51:08 | INFO |        7.256 ¦      601           2              0.010 
2025-05-23 10:51:08 | INFO |        7.266 ¦      602           2              0.010 
2025-05-23 10:51:08 | INFO |        7.276 ¦      603           2              0.010 
2025-05-23 10:51:08 | INFO |        7.286 ¦      604           2              0.010 
2025-05-23 10:51:08 | INFO |        7.296 ¦      605           2              0.010 
2025-05-23 10:51:08 | INFO |        7.306 ¦      606           2              0.010 
2025-05-23 10:51:08 | INFO |        7.316 ¦      607           2              0.010 
2025-05-23 10:51:08 | INFO |        7.326 ¦      608           2              0.010 
2025-05-23 10:51:08 | INFO |        7.336 ¦      609           2              0.010 
2025-05-23 10:51:08 | INFO |        7.346 ¦      610           2              0.010 
2025-05-23 10:51:08 | INFO |        7.356 ¦      611           2              0.010 
2025-05-23 10:51:08 | INFO |        7.366 ¦      612           2              0.010 
2025-05-23 10:51:08 | INFO |        7.376 ¦      613           2              0.010 
2025-05-23 10:51:08 | INFO |        7.386 ¦      614           2              0.010 
2025-05-23 10:51:08 | INFO |        7.396 ¦      615           2              0.010 
2025-05-23 10:51:08 | INFO |        7.406 ¦      616           2              0.010 
2025-05-23 10:51:08 | INFO |        7.416 ¦      617           2              0.010 
2025-05-23 10:51:08 | INFO |        7.426 ¦      618           2              0.010 
2025-05-23 10:51:08 | INFO |        7.436 ¦      619           2              0.010 
2025-05-23 10:51:08 | INFO |        7.446 ¦      620           2              0.010 
2025-05-23 10:51:08 | INFO |        7.456 ¦      621           2              0.010 
2025-05-23 10:51:08 | INFO |        7.466 ¦      622           2              0.010 
2025-05-23 10:51:08 | INFO |        7.476 ¦      623           2              0.010 
2025-05-23 10:51:08 | INFO |        7.486 ¦      624           2              0.010 
2025-05-23 10:51:08 | INFO |        7.496 ¦      625           2              0.010 
2025-05-23 10:51:08 | INFO |        7.506 ¦      626           2              0.010 
2025-05-23 10:51:08 | INFO |        7.516 ¦      627           2              0.010 
2025-05-23 10:51:08 | INFO |        7.526 ¦      628           2              0.010 
2025-05-23 10:51:08 | INFO |        7.536 ¦      629           2              0.010 
2025-05-23 10:51:08 | INFO |        7.546 ¦      630           2              0.010 
2025-05-23 10:51:08 | INFO |        7.556 ¦      631           2              0.010 
2025-05-23 10:51:08 | INFO |        7.566 ¦      632           2              0.010 
2025-05-23 10:51:08 | INFO |        7.576 ¦      633           2              0.010 
2025-05-23 10:51:08 | INFO |        7.586 ¦      634           2              0.010 
2025-05-23 10:51:08 | INFO |        7.596 ¦      635           2              0.010 
2025-05-23 10:51:08 | INFO |        7.606 ¦      636           2              0.010 
2025-05-23 10:51:08 | INFO |        7.616 ¦      637           2              0.010 
2025-05-23 10:51:08 | INFO |        7.626 ¦      638           2              0.010 
2025-05-23 10:51:08 | INFO |        7.636 ¦      639           2              0.010 
2025-05-23 10:51:08 | INFO |        7.646 ¦      640           2              0.010 
2025-05-23 10:51:08 | INFO |        7.656 ¦      641           2              0.010 
2025-05-23 10:51:08 | INFO |        7.666 ¦      642           2              0.010 
2025-05-23 10:51:08 | INFO |        7.676 ¦      643           2              0.010 
2025-05-23 10:51:08 | INFO |        7.686 ¦      644           2              0.010 
2025-05-23 10:51:08 | INFO |        7.696 ¦      645           2              0.010 
2025-05-23 10:51:08 | INFO |        7.706 ¦      646           2              0.010 
2025-05-23 10:51:08 | INFO |        7.716 ¦      647           2              0.010 
2025-05-23 10:51:08 | INFO |        7.726 ¦      648           2              0.010 
2025-05-23 10:51:08 | INFO |        7.736 ¦      649           2              0.010 
2025-05-23 10:51:08 | INFO |        7.746 ¦      650           2              0.010 
2025-05-23 10:51:08 | INFO |        7.756 ¦      651           2              0.010 
2025-05-23 10:51:08 | INFO |        7.766 ¦      652           2              0.010 
2025-05-23 10:51:08 | INFO |        7.776 ¦      653           2              0.010 
2025-05-23 10:51:08 | INFO |        7.786 ¦      654           2              0.010 
2025-05-23 10:51:08 | INFO |        7.796 ¦      655           2              0.010 
2025-05-23 10:51:08 | INFO |        7.806 ¦      656           2              0.010 
2025-05-23 10:51:08 | INFO |        7.816 ¦      657           2              0.010 
2025-05-23 10:51:08 | INFO |        7.826 ¦      658           2              0.010 
2025-05-23 10:51:08 | INFO |        7.836 ¦      659           2              0.010 
2025-05-23 10:51:08 | INFO |        7.846 ¦      660           2              0.010 
2025-05-23 10:51:08 | INFO |        7.856 ¦      661           2              0.010 
2025-05-23 10:51:08 | INFO |        7.866 ¦      662           2              0.010 
2025-05-23 10:51:08 | INFO |        7.876 ¦      663           2              0.010 
2025-05-23 10:51:08 | INFO |        7.886 ¦      664           2              0.010 
2025-05-23 10:51:08 | INFO |        7.896 ¦      665           2              0.010 
2025-05-23 10:51:08 | INFO |        7.906 ¦      666           2              0.010 
2025-05-23 10:51:08 | INFO |        7.916 ¦      667           2              0.010 
2025-05-23 10:51:08 | INFO |        7.926 ¦      668           2              0.010 
2025-05-23 10:51:08 | INFO |        7.936 ¦      669           2              0.010 
2025-05-23 10:51:08 | INFO |        7.946 ¦      670           2              0.010 
2025-05-23 10:51:08 | INFO |        7.956 ¦      671           2              0.010 
2025-05-23 10:51:08 | INFO |        7.966 ¦      672           2              0.010 
2025-05-23 10:51:08 | INFO |        7.976 ¦      673           2              0.010 
2025-05-23 10:51:08 | INFO |        7.986 ¦      674           2              0.010 
2025-05-23 10:51:08 | INFO |        7.996 ¦      675           2              0.010 
2025-05-23 10:51:08 | INFO |        8.006 ¦      676           2              0.010 
2025-05-23 10:51:08 | INFO |        8.016 ¦      677           2              0.010 
2025-05-23 10:51:08 | INFO |        8.026 ¦      678           2              0.010 
2025-05-23 10:51:08 | INFO |        8.036 ¦      679           2              0.010 
2025-05-23 10:51:08 | INFO |        8.046 ¦      680           2              0.010 
2025-05-23 10:51:08 | INFO |        8.056 ¦      681           2              0.010 
2025-05-23 10:51:08 | INFO |        8.066 ¦      682           2              0.010 
2025-05-23 10:51:08 | INFO |        8.076 ¦      683           2              0.010 
2025-05-23 10:51:08 | INFO |        8.086 ¦      684           2              0.010 
2025-05-23 10:51:08 | INFO |        8.096 ¦      685           2              0.010 
2025-05-23 10:51:08 | INFO |        8.106 ¦      686           2              0.010 
2025-05-23 10:51:08 | INFO |        8.116 ¦      687           2              0.010 
2025-05-23 10:51:08 | INFO |        8.126 ¦      688           2              0.010 
2025-05-23 10:51:08 | INFO |        8.136 ¦      689           2              0.010 
2025-05-23 10:51:08 | INFO |        8.146 ¦      690           2              0.010 
2025-05-23 10:51:08 | INFO |        8.156 ¦      691           2              0.010 
2025-05-23 10:51:08 | INFO |        8.166 ¦      692           2              0.010 
2025-05-23 10:51:08 | INFO |        8.176 ¦      693           2              0.010 
2025-05-23 10:51:08 | INFO |        8.186 ¦      694           2              0.010 
2025-05-23 10:51:08 | INFO |        8.196 ¦      695           2              0.010 
2025-05-23 10:51:08 | INFO |        8.206 ¦      696           2              0.010 
2025-05-23 10:51:08 | INFO |        8.216 ¦      697           2              0.010 
2025-05-23 10:51:08 | INFO |        8.226 ¦      698           2              0.010 
2025-05-23 10:51:08 | INFO |        8.236 ¦      699           2              0.010 
2025-05-23 10:51:08 | INFO |        8.246 ¦      700           2              0.010 
2025-05-23 10:51:08 | INFO |        8.256 ¦      701           2              0.010 
2025-05-23 10:51:08 | INFO |        8.266 ¦      702           2              0.010 
2025-05-23 10:51:08 | INFO |        8.276 ¦      703           2              0.010 
2025-05-23 10:51:08 | INFO |        8.286 ¦      704           2              0.010 
2025-05-23 10:51:08 | INFO |        8.296 ¦      705           2              0.010 
2025-05-23 10:51:08 | INFO |        8.306 ¦      706           2              0.010 
2025-05-23 10:51:08 | INFO |        8.316 ¦      707           2              0.010 
2025-05-23 10:51:08 | INFO |        8.326 ¦      708           2              0.010 
2025-05-23 10:51:08 | INFO |        8.336 ¦      709           2              0.010 
2025-05-23 10:51:08 | INFO |        8.346 ¦      710           2              0.010 
2025-05-23 10:51:08 | INFO |        8.356 ¦      711           2              0.010 
2025-05-23 10:51:08 | INFO |        8.366 ¦      712           2              0.010 
2025-05-23 10:51:08 | INFO |        8.376 ¦      713           2              0.010 
2025-05-23 10:51:08 | INFO |        8.386 ¦      714           2              0.010 
2025-05-23 10:51:08 | INFO |        8.396 ¦      715           2              0.010 
2025-05-23 10:51:08 | INFO |        8.406 ¦      716           2              0.010 
2025-05-23 10:51:08 | INFO |        8.416 ¦      717           2              0.010 
2025-05-23 10:51:08 | INFO |        8.426 ¦      718           2              0.010 
2025-05-23 10:51:08 | INFO |        8.436 ¦      719           2              0.010 
2025-05-23 10:51:08 | INFO |        8.446 ¦      720           2              0.010 
2025-05-23 10:51:08 | INFO |        8.456 ¦      721           2              0.010 
2025-05-23 10:51:08 | INFO |        8.466 ¦      722           2              0.010 
2025-05-23 10:51:08 | INFO |        8.476 ¦      723           2              0.010 
2025-05-23 10:51:08 | INFO |        8.486 ¦      724           2              0.010 
2025-05-23 10:51:08 | INFO |        8.496 ¦      725           2              0.010 
2025-05-23 10:51:08 | INFO |        8.506 ¦      726           2              0.010 
2025-05-23 10:51:08 | INFO |        8.516 ¦      727           2              0.010 
2025-05-23 10:51:08 | INFO |        8.526 ¦      728           2              0.010 
2025-05-23 10:51:08 | INFO |        8.536 ¦      729           2              0.010 
2025-05-23 10:51:08 | INFO |        8.546 ¦      730           2              0.010 
2025-05-23 10:51:08 | INFO |        8.556 ¦      731           2              0.010 
2025-05-23 10:51:08 | INFO |        8.566 ¦      732           2              0.010 
2025-05-23 10:51:08 | INFO |        8.576 ¦      733           2              0.010 
2025-05-23 10:51:08 | INFO |        8.586 ¦      734           2              0.010 
2025-05-23 10:51:08 | INFO |        8.596 ¦      735           2              0.010 
2025-05-23 10:51:08 | INFO |        8.606 ¦      736           2              0.010 
2025-05-23 10:51:08 | INFO |        8.616 ¦      737           2              0.010 
2025-05-23 10:51:08 | INFO |        8.626 ¦      738           2              0.010 
2025-05-23 10:51:08 | INFO |        8.636 ¦      739           2              0.010 
2025-05-23 10:51:08 | INFO |        8.646 ¦      740           2              0.010 
2025-05-23 10:51:08 | INFO |        8.656 ¦      741           2              0.010 
2025-05-23 10:51:08 | INFO |        8.666 ¦      742           2              0.010 
2025-05-23 10:51:08 | INFO |        8.676 ¦      743           2              0.010 
2025-05-23 10:51:08 | INFO |        8.686 ¦      744           2              0.010 
2025-05-23 10:51:08 | INFO |        8.696 ¦      745           2              0.010 
2025-05-23 10:51:08 | INFO |        8.706 ¦      746           2              0.010 
2025-05-23 10:51:08 | INFO |        8.716 ¦      747           2              0.010 
2025-05-23 10:51:08 | INFO |        8.726 ¦      748           2              0.010 
2025-05-23 10:51:08 | INFO |        8.736 ¦      749           2              0.010 
2025-05-23 10:51:08 | INFO |        8.746 ¦      750           2              0.010 
2025-05-23 10:51:08 | INFO |        8.756 ¦      751           2              0.010 
2025-05-23 10:51:08 | INFO |        8.766 ¦      752           2              0.010 
2025-05-23 10:51:08 | INFO |        8.776 ¦      753           2              0.010 
2025-05-23 10:51:08 | INFO |        8.786 ¦      754           2              0.010 
2025-05-23 10:51:08 | INFO |        8.796 ¦      755           2              0.010 
2025-05-23 10:51:08 | INFO |        8.806 ¦      756           2              0.010 
2025-05-23 10:51:08 | INFO |        8.816 ¦      757           2              0.010 
2025-05-23 10:51:08 | INFO |        8.826 ¦      758           2              0.010 
2025-05-23 10:51:08 | INFO |        8.836 ¦      759           2              0.010 
2025-05-23 10:51:08 | INFO |        8.846 ¦      760           2              0.010 
2025-05-23 10:51:08 | INFO |        8.856 ¦      761           2              0.010 
2025-05-23 10:51:08 | INFO |        8.866 ¦      762           2              0.010 
2025-05-23 10:51:08 | INFO |        8.876 ¦      763           2              0.010 
2025-05-23 10:51:08 | INFO |        8.886 ¦      764           2              0.010 
2025-05-23 10:51:08 | INFO |        8.896 ¦      765           2              0.010 
2025-05-23 10:51:08 | INFO |        8.906 ¦      766           2              0.010 
2025-05-23 10:51:08 | INFO |        8.916 ¦      767           2              0.010 
2025-05-23 10:51:08 | INFO |        8.926 ¦      768           2              0.010 
2025-05-23 10:51:08 | INFO |        8.936 ¦      769           2              0.010 
2025-05-23 10:51:08 | INFO |        8.946 ¦      770           2              0.010 
2025-05-23 10:51:08 | INFO |        8.956 ¦      771           2              0.010 
2025-05-23 10:51:08 | INFO |        8.966 ¦      772           2              0.010 
2025-05-23 10:51:08 | INFO |        8.976 ¦      773           2              0.010 
2025-05-23 10:51:08 | INFO |        8.986 ¦      774           2              0.010 
2025-05-23 10:51:08 | INFO |        8.996 ¦      775           2              0.010 
2025-05-23 10:51:08 | INFO |        9.006 ¦      776           2              0.010 
2025-05-23 10:51:08 | INFO |        9.016 ¦      777           2              0.010 
2025-05-23 10:51:08 | INFO |        9.026 ¦      778           2              0.010 
2025-05-23 10:51:08 | INFO |        9.036 ¦      779           2              0.010 
2025-05-23 10:51:08 | INFO |        9.046 ¦      780           2              0.010 
2025-05-23 10:51:08 | INFO |        9.056 ¦      781           2              0.010 
2025-05-23 10:51:08 | INFO |        9.066 ¦      782           2              0.010 
2025-05-23 10:51:08 | INFO |        9.076 ¦      783           2              0.010 
2025-05-23 10:51:08 | INFO |        9.086 ¦      784           2              0.010 
2025-05-23 10:51:08 | INFO |        9.096 ¦      785           2              0.010 
2025-05-23 10:51:08 | INFO |        9.106 ¦      786           2              0.010 
2025-05-23 10:51:08 | INFO |        9.116 ¦      787           2              0.010 
2025-05-23 10:51:08 | INFO |        9.126 ¦      788           2              0.010 
2025-05-23 10:51:08 | INFO |        9.136 ¦      789           2              0.010 
2025-05-23 10:51:08 | INFO |        9.146 ¦      790           2              0.010 
2025-05-23 10:51:08 | INFO |        9.156 ¦      791           2              0.010 
2025-05-23 10:51:08 | INFO |        9.166 ¦      792           2              0.010 
2025-05-23 10:51:08 | INFO |        9.176 ¦      793           2              0.010 
2025-05-23 10:51:08 | INFO |        9.186 ¦      794           2              0.010 
2025-05-23 10:51:08 | INFO |        9.196 ¦      795           2              0.010 
2025-05-23 10:51:08 | INFO |        9.206 ¦      796           2              0.010 
2025-05-23 10:51:08 | INFO |        9.216 ¦      797           2              0.010 
2025-05-23 10:51:08 | INFO |        9.226 ¦      798           2              0.010 
2025-05-23 10:51:08 | INFO |        9.236 ¦      799           2              0.010 
2025-05-23 10:51:08 | INFO |        9.246 ¦      800           2              0.010 
2025-05-23 10:51:08 | INFO |        9.256 ¦      801           2              0.010 
2025-05-23 10:51:08 | INFO |        9.266 ¦      802           2              0.010 
2025-05-23 10:51:08 | INFO |        9.276 ¦      803           2              0.010 
2025-05-23 10:51:08 | INFO |        9.286 ¦      804           2              0.010 
2025-05-23 10:51:08 | INFO |        9.296 ¦      805           2              0.010 
2025-05-23 10:51:08 | INFO |        9.306 ¦      806           2              0.010 
2025-05-23 10:51:08 | INFO |        9.316 ¦      807           2              0.010 
2025-05-23 10:51:08 | INFO |        9.326 ¦      808           2              0.010 
2025-05-23 10:51:08 | INFO |        9.336 ¦      809           2              0.010 
2025-05-23 10:51:08 | INFO |        9.346 ¦      810           2              0.010 
2025-05-23 10:51:08 | INFO |        9.356 ¦      811           2              0.010 
2025-05-23 10:51:08 | INFO |        9.366 ¦      812           2              0.010 
2025-05-23 10:51:08 | INFO |        9.376 ¦      813           2              0.010 
2025-05-23 10:51:08 | INFO |        9.386 ¦      814           2              0.010 
2025-05-23 10:51:08 | INFO |        9.396 ¦      815           2              0.010 
2025-05-23 10:51:08 | INFO |        9.406 ¦      816           2              0.010 
2025-05-23 10:51:08 | INFO |        9.416 ¦      817           2              0.010 
2025-05-23 10:51:08 | INFO |        9.426 ¦      818           2              0.010 
2025-05-23 10:51:08 | INFO |        9.436 ¦      819           2              0.010 
2025-05-23 10:51:08 | INFO |        9.446 ¦      820           2              0.010 
2025-05-23 10:51:08 | INFO |        9.456 ¦      821           2              0.010 
2025-05-23 10:51:08 | INFO |        9.466 ¦      822           2              0.010 
2025-05-23 10:51:08 | INFO |        9.476 ¦      823           2              0.010 
2025-05-23 10:51:08 | INFO |        9.486 ¦      824           2              0.010 
2025-05-23 10:51:08 | INFO |        9.496 ¦      825           2              0.010 
2025-05-23 10:51:08 | INFO |        9.506 ¦      826           2              0.010 
2025-05-23 10:51:08 | INFO |        9.516 ¦      827           2              0.010 
2025-05-23 10:51:08 | INFO |        9.526 ¦      828           2              0.010 
2025-05-23 10:51:08 | INFO |        9.536 ¦      829           2              0.010 
2025-05-23 10:51:08 | INFO |        9.546 ¦      830           2              0.010 
2025-05-23 10:51:08 | INFO |        9.556 ¦      831           2              0.010 
2025-05-23 10:51:08 | INFO |        9.566 ¦      832           2              0.010 
2025-05-23 10:51:08 | INFO |        9.576 ¦      833           2              0.010 
2025-05-23 10:51:08 | INFO |        9.586 ¦      834           2              0.010 
2025-05-23 10:51:08 | INFO |        9.596 ¦      835           2              0.010 
2025-05-23 10:51:08 | INFO |        9.606 ¦      836           2              0.010 
2025-05-23 10:51:08 | INFO |        9.616 ¦      837           2              0.010 
2025-05-23 10:51:08 | INFO |        9.626 ¦      838           2              0.010 
2025-05-23 10:51:08 | INFO |        9.636 ¦      839           2              0.010 
2025-05-23 10:51:08 | INFO |        9.646 ¦      840           2              0.010 
2025-05-23 10:51:08 | INFO |        9.656 ¦      841           2              0.010 
2025-05-23 10:51:08 | INFO |        9.666 ¦      842           2              0.010 
2025-05-23 10:51:08 | INFO |        9.676 ¦      843           2              0.010 
2025-05-23 10:51:08 | INFO |        9.686 ¦      844           2              0.010 
2025-05-23 10:51:08 | INFO |        9.696 ¦      845           2              0.010 
2025-05-23 10:51:08 | INFO |        9.706 ¦      846           2              0.010 
2025-05-23 10:51:08 | INFO |        9.716 ¦      847           2              0.010 
2025-05-23 10:51:08 | INFO |        9.726 ¦      848           2              0.010 
2025-05-23 10:51:08 | INFO |        9.736 ¦      849           2              0.010 
2025-05-23 10:51:08 | INFO |        9.746 ¦      850           2              0.010 
2025-05-23 10:51:08 | INFO |        9.756 ¦      851           2              0.010 
2025-05-23 10:51:08 | INFO |        9.766 ¦      852           2              0.010 
2025-05-23 10:51:08 | INFO |        9.776 ¦      853           2              0.010 
2025-05-23 10:51:08 | INFO |        9.786 ¦      854           2              0.010 
2025-05-23 10:51:08 | INFO |        9.796 ¦      855           2              0.010 
2025-05-23 10:51:08 | INFO |        9.806 ¦      856           2              0.010 
2025-05-23 10:51:08 | INFO |        9.816 ¦      857           2              0.010 
2025-05-23 10:51:08 | INFO |        9.826 ¦      858           2              0.010 
2025-05-23 10:51:08 | INFO |        9.836 ¦      859           2              0.010 
2025-05-23 10:51:08 | INFO |        9.846 ¦      860           2              0.010 
2025-05-23 10:51:08 | INFO |        9.856 ¦      861           2              0.010 
2025-05-23 10:51:08 | INFO |        9.866 ¦      862           2              0.010 
2025-05-23 10:51:08 | INFO |        9.876 ¦      863           2              0.010 
2025-05-23 10:51:08 | INFO |        9.886 ¦      864           2              0.010 
2025-05-23 10:51:08 | INFO |        9.896 ¦      865           2              0.010 
2025-05-23 10:51:08 | INFO |        9.906 ¦      866           2              0.010 
2025-05-23 10:51:08 | INFO |        9.916 ¦      867           2              0.010 
2025-05-23 10:51:08 | INFO |        9.926 ¦      868           2              0.010 
2025-05-23 10:51:08 | INFO |        9.936 ¦      869           2              0.010 
2025-05-23 10:51:08 | INFO |        9.946 ¦      870           2              0.010 
2025-05-23 10:51:08 | INFO |        9.956 ¦      871           2              0.010 
2025-05-23 10:51:08 | INFO |        9.966 ¦      872           2              0.010 
2025-05-23 10:51:08 | INFO |        9.976 ¦      873           2              0.010 
2025-05-23 10:51:08 | INFO |        9.986 ¦      874           2              0.010 
2025-05-23 10:51:08 | INFO |        9.996 ¦      875           2              0.010 
2025-05-23 10:51:08 | INFO |       10.006 ¦      876           2              0.010 
2025-05-23 10:51:08 | INFO |       10.016 ¦      877           2              0.010 
2025-05-23 10:51:08 | INFO |       10.026 ¦      878           2              0.010 
2025-05-23 10:51:08 | INFO |       10.036 ¦      879           2              0.010 
2025-05-23 10:51:08 | INFO |       10.046 ¦      880           2              0.010 
2025-05-23 10:51:08 | INFO |       10.056 ¦      881           2              0.010 
2025-05-23 10:51:08 | INFO |       10.066 ¦      882           2              0.010 
2025-05-23 10:51:08 | INFO |       10.076 ¦      883           2              0.010 
2025-05-23 10:51:08 | INFO |       10.086 ¦      884           2              0.010 
2025-05-23 10:51:08 | INFO |       10.096 ¦      885           2              0.010 
2025-05-23 10:51:08 | INFO |       10.106 ¦      886           2              0.010 
2025-05-23 10:51:08 | INFO |       10.116 ¦      887           2              0.010 
2025-05-23 10:51:08 | INFO |       10.126 ¦      888           2              0.010 
2025-05-23 10:51:08 | INFO |       10.136 ¦      889           2              0.010 
2025-05-23 10:51:08 | INFO |       10.146 ¦      890           2              0.010 
2025-05-23 10:51:08 | INFO |       10.156 ¦      891           2              0.010 
2025-05-23 10:51:08 | INFO |       10.166 ¦      892           2              0.010 
2025-05-23 10:51:08 | INFO |       10.176 ¦      893           2              0.010 
2025-05-23 10:51:08 | INFO |       10.186 ¦      894           2              0.010 
2025-05-23 10:51:08 | INFO |       10.196 ¦      895           2              0.010 
2025-05-23 10:51:08 | INFO |       10.206 ¦      896           2              0.010 
2025-05-23 10:51:08 | INFO |       10.216 ¦      897           2              0.010 
2025-05-23 10:51:08 | INFO |       10.226 ¦      898           2              0.010 
2025-05-23 10:51:08 | INFO |       10.236 ¦      899           2              0.010 
2025-05-23 10:51:08 | INFO |       10.246 ¦      900           2              0.010 
2025-05-23 10:51:08 | INFO |       10.256 ¦      901           2              0.010 
2025-05-23 10:51:08 | INFO |       10.266 ¦      902           2              0.010 
2025-05-23 10:51:08 | INFO |       10.276 ¦      903           2              0.010 
2025-05-23 10:51:08 | INFO |       10.286 ¦      904           2              0.010 
2025-05-23 10:51:08 | INFO |       10.296 ¦      905           2              0.010 
2025-05-23 10:51:08 | INFO |       10.306 ¦      906           2              0.010 
2025-05-23 10:51:08 | INFO |       10.316 ¦      907           2              0.010 
2025-05-23 10:51:08 | INFO |       10.326 ¦      908           2              0.010 
2025-05-23 10:51:08 | INFO |       10.336 ¦      909           2              0.010 
2025-05-23 10:51:08 | INFO |       10.346 ¦      910           2              0.010 
2025-05-23 10:51:08 | INFO |       10.356 ¦      911           2              0.010 
2025-05-23 10:51:08 | INFO |       10.366 ¦      912           2              0.010 
2025-05-23 10:51:08 | INFO |       10.376 ¦      913           2              0.010 
2025-05-23 10:51:08 | INFO |       10.386 ¦      914           2              0.010 
2025-05-23 10:51:08 | INFO |       10.396 ¦      915           2              0.010 
2025-05-23 10:51:08 | INFO |       10.406 ¦      916           2              0.010 
2025-05-23 10:51:08 | INFO |       10.416 ¦      917           2              0.010 
2025-05-23 10:51:08 | INFO |       10.426 ¦      918           2              0.010 
2025-05-23 10:51:08 | INFO |       10.436 ¦      919           2              0.010 
2025-05-23 10:51:08 | INFO |       10.446 ¦      920           2              0.010 
2025-05-23 10:51:08 | INFO |       10.456 ¦      921           2              0.010 
2025-05-23 10:51:08 | INFO |       10.466 ¦      922           2              0.010 
2025-05-23 10:51:08 | INFO |       10.476 ¦      923           2              0.010 
2025-05-23 10:51:08 | INFO |       10.486 ¦      924           2              0.010 
2025-05-23 10:51:08 | INFO |       10.496 ¦      925           2              0.010 
2025-05-23 10:51:08 | INFO |       10.506 ¦      926           2              0.010 
2025-05-23 10:51:08 | INFO |       10.516 ¦      927           2              0.010 
2025-05-23 10:51:08 | INFO |       10.526 ¦      928           2              0.010 
2025-05-23 10:51:08 | INFO |       10.536 ¦      929           2              0.010 
2025-05-23 10:51:08 | INFO |       10.546 ¦      930           2              0.010 
2025-05-23 10:51:08 | INFO |       10.556 ¦      931           2              0.010 
2025-05-23 10:51:08 | INFO |       10.566 ¦      932           2              0.010 
2025-05-23 10:51:08 | INFO |       10.576 ¦      933           2              0.010 
2025-05-23 10:51:08 | INFO |       10.586 ¦      934           2              0.010 
2025-05-23 10:51:08 | INFO |       10.596 ¦      935           2              0.010 
2025-05-23 10:51:08 | INFO |       10.606 ¦      936           2              0.010 
2025-05-23 10:51:08 | INFO |       10.616 ¦      937           2              0.010 
2025-05-23 10:51:08 | INFO |       10.626 ¦      938           2              0.010 
2025-05-23 10:51:08 | INFO |       10.636 ¦      939           2              0.010 
2025-05-23 10:51:08 | INFO |       10.646 ¦      940           2              0.010 
2025-05-23 10:51:08 | INFO |       10.656 ¦      941           2              0.010 
2025-05-23 10:51:08 | INFO |       10.666 ¦      942           2              0.010 
2025-05-23 10:51:08 | INFO |       10.676 ¦      943           2              0.010 
2025-05-23 10:51:08 | INFO |       10.686 ¦      944           2              0.010 
2025-05-23 10:51:08 | INFO |       10.696 ¦      945           2              0.010 
2025-05-23 10:51:08 | INFO |       10.706 ¦      946           2              0.010 
2025-05-23 10:51:08 | INFO |       10.716 ¦      947           2              0.010 
2025-05-23 10:51:08 | INFO |       10.726 ¦      948           2              0.010 
2025-05-23 10:51:08 | INFO |       10.736 ¦      949           2              0.010 
2025-05-23 10:51:08 | INFO |       10.746 ¦      950           2              0.010 
2025-05-23 10:51:08 | INFO |       10.756 ¦      951           2              0.010 
2025-05-23 10:51:08 | INFO |       10.766 ¦      952           2              0.010 
2025-05-23 10:51:08 | INFO |       10.776 ¦      953           2              0.010 
2025-05-23 10:51:08 | INFO |       10.786 ¦      954           2              0.010 
2025-05-23 10:51:08 | INFO |       10.796 ¦      955           2              0.010 
2025-05-23 10:51:08 | INFO |       10.806 ¦      956           2              0.010 
2025-05-23 10:51:08 | INFO |       10.816 ¦      957           2              0.010 
2025-05-23 10:51:08 | INFO |       10.826 ¦      958           2              0.010 
2025-05-23 10:51:08 | INFO |       10.836 ¦      959           2              0.010 
2025-05-23 10:51:08 | INFO |       10.846 ¦      960           2              0.010 
2025-05-23 10:51:08 | INFO |       10.856 ¦      961           2              0.010 
2025-05-23 10:51:08 | INFO |       10.866 ¦      962           2              0.010 
2025-05-23 10:51:08 | INFO |       10.876 ¦      963           2              0.010 
2025-05-23 10:51:08 | INFO |       10.886 ¦      964           2              0.010 
2025-05-23 10:51:08 | INFO |       10.896 ¦      965           2              0.010 
2025-05-23 10:51:08 | INFO |       10.906 ¦      966           2              0.010 
2025-05-23 10:51:08 | INFO |       10.916 ¦      967           2              0.010 
2025-05-23 10:51:08 | INFO |       10.926 ¦      968           2              0.010 
2025-05-23 10:51:08 | INFO |       10.936 ¦      969           2              0.010 
2025-05-23 10:51:08 | INFO |       10.946 ¦      970           2              0.010 
2025-05-23 10:51:08 | INFO |       10.956 ¦      971           2              0.010 
2025-05-23 10:51:08 | INFO |       10.966 ¦      972           2              0.010 
2025-05-23 10:51:08 | INFO |       10.976 ¦      973           2              0.010 
2025-05-23 10:51:08 | INFO |       10.986 ¦      974           2              0.010 
2025-05-23 10:51:08 | INFO |       10.996 ¦      975           2              0.010 
2025-05-23 10:51:08 | INFO |       11.006 ¦      976           2              0.010 
2025-05-23 10:51:08 | INFO |       11.016 ¦      977           2              0.010 
2025-05-23 10:51:08 | INFO |       11.026 ¦      978           2              0.010 
2025-05-23 10:51:08 | INFO |       11.036 ¦      979           2              0.010 
2025-05-23 10:51:08 | INFO |       11.046 ¦      980           2              0.010 
2025-05-23 10:51:08 | INFO |       11.056 ¦      981           2              0.010 
2025-05-23 10:51:08 | INFO |       11.066 ¦      982           2              0.010 
2025-05-23 10:51:08 | INFO |       11.076 ¦      983           2              0.010 
2025-05-23 10:51:08 | INFO |       11.086 ¦      984           2              0.010 
2025-05-23 10:51:08 | INFO |       11.096 ¦      985           2              0.010 
2025-05-23 10:51:08 | INFO |       11.106 ¦      986           2              0.010 
2025-05-23 10:51:08 | INFO |       11.116 ¦      987           2              0.010 
2025-05-23 10:51:08 | INFO |       11.126 ¦      988           2              0.010 
2025-05-23 10:51:08 | INFO |       11.136 ¦      989           2              0.010 
2025-05-23 10:51:08 | INFO |       11.146 ¦      990           2              0.010 
2025-05-23 10:51:08 | INFO |       11.156 ¦      991           2              0.010 
2025-05-23 10:51:08 | INFO |       11.166 ¦      992           2              0.010 
2025-05-23 10:51:08 | INFO |       11.176 ¦      993           2              0.010 
2025-05-23 10:51:08 | INFO |       11.186 ¦      994           2              0.010 
2025-05-23 10:51:08 | INFO |       11.196 ¦      995           2              0.010 
2025-05-23 10:51:08 | INFO |       11.206 ¦      996           2              0.010 
2025-05-23 10:51:08 | INFO |       11.216 ¦      997           2              0.010 
2025-05-23 10:51:08 | INFO |       11.226 ¦      998           2              0.010 
2025-05-23 10:51:08 | INFO |       11.236 ¦      999           2              0.010 
2025-05-23 10:51:08 | INFO |       11.246 ¦     1000           2              0.010 
2025-05-23 10:51:08 | INFO |       11.256 ¦     1001           2              0.010 
2025-05-23 10:51:08 | INFO |       11.266 ¦     1002           2              0.010 
2025-05-23 10:51:08 | INFO |       11.276 ¦     1003           2              0.010 
2025-05-23 10:51:08 | INFO |       11.286 ¦     1004           2              0.010 
2025-05-23 10:51:08 | INFO |       11.296 ¦     1005           2              0.010 
2025-05-23 10:51:08 | INFO |       11.306 ¦     1006           2              0.010 
2025-05-23 10:51:08 | INFO |       11.316 ¦     1007           2              0.010 
2025-05-23 10:51:08 | INFO |       11.326 ¦     1008           2              0.010 
2025-05-23 10:51:08 | INFO |       11.336 ¦     1009           2              0.010 
2025-05-23 10:51:08 | INFO |       11.346 ¦     1010           2              0.010 
2025-05-23 10:51:08 | INFO |       11.356 ¦     1011           2              0.010 
2025-05-23 10:51:08 | INFO |       11.366 ¦     1012           2              0.010 
2025-05-23 10:51:08 | INFO |       11.376 ¦     1013           2              0.010 
2025-05-23 10:51:08 | INFO |       11.386 ¦     1014           2              0.010 
2025-05-23 10:51:08 | INFO |       11.396 ¦     1015           2              0.010 
2025-05-23 10:51:08 | INFO |       11.406 ¦     1016           2              0.010 
2025-05-23 10:51:08 | INFO |       11.416 ¦     1017           2              0.010 
2025-05-23 10:51:08 | INFO |       11.426 ¦     1018           2              0.010 
2025-05-23 10:51:08 | INFO |       11.436 ¦     1019           2              0.010 
2025-05-23 10:51:08 | INFO |       11.446 ¦     1020           2              0.010 
2025-05-23 10:51:08 | INFO |       11.456 ¦     1021           2              0.010 
2025-05-23 10:51:08 | INFO |       11.466 ¦     1022           2              0.010 
2025-05-23 10:51:08 | INFO |       11.476 ¦     1023           2              0.010 
2025-05-23 10:51:08 | INFO |       11.486 ¦     1024           2              0.010 
2025-05-23 10:51:08 | INFO |       11.496 ¦     1025           2              0.010 
2025-05-23 10:51:08 | INFO |       11.506 ¦     1026           2              0.010 
2025-05-23 10:51:08 | INFO |       11.516 ¦     1027           2              0.010 
2025-05-23 10:51:08 | INFO |       11.526 ¦     1028           2              0.010 
2025-05-23 10:51:08 | INFO |       11.536 ¦     1029           2              0.010 
2025-05-23 10:51:08 | INFO |       11.546 ¦     1030           2              0.010 
2025-05-23 10:51:08 | INFO |       11.556 ¦     1031           2              0.010 
2025-05-23 10:51:08 | INFO |       11.566 ¦     1032           2              0.010 
2025-05-23 10:51:08 | INFO |       11.576 ¦     1033           2              0.010 
2025-05-23 10:51:08 | INFO |       11.586 ¦     1034           2              0.010 
2025-05-23 10:51:08 | INFO |       11.596 ¦     1035           2              0.010 
2025-05-23 10:51:08 | INFO |       11.606 ¦     1036           2              0.010 
2025-05-23 10:51:08 | INFO |       11.616 ¦     1037           2              0.010 
2025-05-23 10:51:08 | INFO |       11.626 ¦     1038           2              0.010 
2025-05-23 10:51:08 | INFO |       11.636 ¦     1039           2              0.010 
2025-05-23 10:51:08 | INFO |       11.646 ¦     1040           2              0.010 
2025-05-23 10:51:08 | INFO |       11.656 ¦     1041           2              0.010 
2025-05-23 10:51:08 | INFO |       11.666 ¦     1042           2              0.010 
2025-05-23 10:51:08 | INFO |       11.676 ¦     1043           2              0.010 
2025-05-23 10:51:08 | INFO |       11.686 ¦     1044           2              0.010 
2025-05-23 10:51:08 | INFO |       11.696 ¦     1045           2              0.010 
2025-05-23 10:51:08 | INFO |       11.706 ¦     1046           2              0.010 
2025-05-23 10:51:08 | INFO |       11.716 ¦     1047           2              0.010 
2025-05-23 10:51:08 | INFO |       11.726 ¦     1048           2              0.010 
2025-05-23 10:51:08 | INFO |       11.736 ¦     1049           2              0.010 
2025-05-23 10:51:08 | INFO |       11.746 ¦     1050           2              0.010 
2025-05-23 10:51:08 | INFO |       11.756 ¦     1051           2              0.010 
2025-05-23 10:51:08 | INFO |       11.766 ¦     1052           2              0.010 
2025-05-23 10:51:08 | INFO |       11.776 ¦     1053           2              0.010 
2025-05-23 10:51:08 | INFO |       11.786 ¦     1054           2              0.010 
2025-05-23 10:51:08 | INFO |       11.796 ¦     1055           2              0.010 
2025-05-23 10:51:08 | INFO |       11.806 ¦     1056           2              0.010 
2025-05-23 10:51:08 | INFO |       11.816 ¦     1057           2              0.010 
2025-05-23 10:51:08 | INFO |       11.826 ¦     1058           2              0.010 
2025-05-23 10:51:08 | INFO |       11.836 ¦     1059           2              0.010 
2025-05-23 10:51:08 | INFO |       11.846 ¦     1060           2              0.010 
2025-05-23 10:51:08 | INFO |       11.856 ¦     1061           2              0.010 
2025-05-23 10:51:08 | INFO |       11.866 ¦     1062           2              0.010 
2025-05-23 10:51:08 | INFO |       11.876 ¦     1063           2              0.010 
2025-05-23 10:51:08 | INFO |       11.886 ¦     1064           2              0.010 
2025-05-23 10:51:08 | INFO |       11.896 ¦     1065           2              0.010 
2025-05-23 10:51:08 | INFO |       11.906 ¦     1066           2              0.010 
2025-05-23 10:51:08 | INFO |       11.916 ¦     1067           2              0.010 
2025-05-23 10:51:08 | INFO |       11.926 ¦     1068           2              0.010 
2025-05-23 10:51:08 | INFO |       11.936 ¦     1069           2              0.010 
2025-05-23 10:51:08 | INFO |       11.946 ¦     1070           2              0.010 
2025-05-23 10:51:08 | INFO |       11.956 ¦     1071           2              0.010 
2025-05-23 10:51:08 | INFO |       11.966 ¦     1072           2              0.010 
2025-05-23 10:51:08 | INFO |       11.976 ¦     1073           2              0.010 
2025-05-23 10:51:08 | INFO |       11.986 ¦     1074           2              0.010 
2025-05-23 10:51:08 | INFO |       11.996 ¦     1075           2              0.010 
2025-05-23 10:51:08 | INFO |       12.006 ¦     1076           2              0.010 
2025-05-23 10:51:08 | INFO |       12.016 ¦     1077           2              0.010 
2025-05-23 10:51:08 | INFO |       12.026 ¦     1078           2              0.010 
2025-05-23 10:51:08 | INFO |       12.036 ¦     1079           2              0.010 
2025-05-23 10:51:08 | INFO |       12.046 ¦     1080           2              0.010 
2025-05-23 10:51:08 | INFO |       12.056 ¦     1081           2              0.010 
2025-05-23 10:51:08 | INFO |       12.066 ¦     1082           2              0.010 
2025-05-23 10:51:08 | INFO |       12.076 ¦     1083           2              0.010 
2025-05-23 10:51:08 | INFO |       12.086 ¦     1084           2              0.010 
2025-05-23 10:51:08 | INFO |       12.096 ¦     1085           2              0.010 
2025-05-23 10:51:08 | INFO |       12.106 ¦     1086           2              0.010 
2025-05-23 10:51:08 | INFO |       12.116 ¦     1087           2              0.010 
2025-05-23 10:51:08 | INFO |       12.126 ¦     1088           2              0.010 
2025-05-23 10:51:08 | INFO |       12.136 ¦     1089           2              0.010 
2025-05-23 10:51:08 | INFO |       12.146 ¦     1090           2              0.010 
2025-05-23 10:51:08 | INFO |       12.156 ¦     1091           2              0.010 
2025-05-23 10:51:08 | INFO |       12.166 ¦     1092           2              0.010 
2025-05-23 10:51:08 | INFO |       12.176 ¦     1093           2              0.010 
2025-05-23 10:51:08 | INFO |       12.186 ¦     1094           2              0.010 
2025-05-23 10:51:08 | INFO |       12.196 ¦     1095           2              0.010 
2025-05-23 10:51:08 | INFO |       12.206 ¦     1096           2              0.010 
2025-05-23 10:51:08 | INFO |       12.216 ¦     1097           2              0.010 
2025-05-23 10:51:08 | INFO |       12.226 ¦     1098           2              0.010 
2025-05-23 10:51:08 | INFO |       12.236 ¦     1099           2              0.010 
2025-05-23 10:51:08 | INFO |       12.246 ¦     1100           2              0.010 
2025-05-23 10:51:08 | INFO |       12.256 ¦     1101           2              0.010 
2025-05-23 10:51:08 | INFO |       12.266 ¦     1102           2              0.010 
2025-05-23 10:51:08 | INFO |       12.276 ¦     1103           2              0.010 
2025-05-23 10:51:08 | INFO |       12.286 ¦     1104           2              0.010 
2025-05-23 10:51:08 | INFO |       12.296 ¦     1105           2              0.010 
2025-05-23 10:51:08 | INFO |       12.306 ¦     1106           2              0.010 
2025-05-23 10:51:08 | INFO |       12.316 ¦     1107           2              0.010 
2025-05-23 10:51:08 | INFO |       12.326 ¦     1108           2              0.010 
2025-05-23 10:51:08 | INFO |       12.336 ¦     1109           2              0.010 
2025-05-23 10:51:08 | INFO |       12.346 ¦     1110           2              0.010 
2025-05-23 10:51:08 | INFO |       12.356 ¦     1111           2              0.010 
2025-05-23 10:51:08 | INFO |       12.366 ¦     1112           2              0.010 
2025-05-23 10:51:08 | INFO |       12.376 ¦     1113           2              0.010 
2025-05-23 10:51:08 | INFO |       12.386 ¦     1114           2              0.010 
2025-05-23 10:51:08 | INFO |       12.396 ¦     1115           2              0.010 
2025-05-23 10:51:08 | INFO |       12.406 ¦     1116           2              0.010 
2025-05-23 10:51:08 | INFO |       12.416 ¦     1117           2              0.010 
2025-05-23 10:51:08 | INFO |       12.426 ¦     1118           2              0.010 
2025-05-23 10:51:08 | INFO |       12.436 ¦     1119           2              0.010 
2025-05-23 10:51:08 | INFO |       12.446 ¦     1120           2              0.010 
2025-05-23 10:51:08 | INFO |       12.456 ¦     1121           2              0.010 
2025-05-23 10:51:08 | INFO |       12.466 ¦     1122           2              0.010 
2025-05-23 10:51:08 | INFO |       12.476 ¦     1123           2              0.010 
2025-05-23 10:51:08 | INFO |       12.486 ¦     1124           2              0.010 
2025-05-23 10:51:08 | INFO |       12.496 ¦     1125           2              0.010 
2025-05-23 10:51:08 | INFO |       12.506 ¦     1126           2              0.010 
2025-05-23 10:51:08 | INFO |       12.516 ¦     1127           2              0.010 
2025-05-23 10:51:08 | INFO |       12.526 ¦     1128           2              0.010 
2025-05-23 10:51:08 | INFO |       12.536 ¦     1129           2              0.010 
2025-05-23 10:51:08 | INFO |       12.546 ¦     1130           2              0.010 
2025-05-23 10:51:08 | INFO |       12.556 ¦     1131           2              0.010 
2025-05-23 10:51:08 | INFO |       12.566 ¦     1132           2              0.010 
2025-05-23 10:51:08 | INFO |       12.576 ¦     1133           2              0.010 
2025-05-23 10:51:08 | INFO |       12.586 ¦     1134           2              0.010 
2025-05-23 10:51:08 | INFO |       12.596 ¦     1135           2              0.010 
2025-05-23 10:51:08 | INFO |       12.606 ¦     1136           2              0.010 
2025-05-23 10:51:08 | INFO |       12.616 ¦     1137           2              0.010 
2025-05-23 10:51:08 | INFO |       12.626 ¦     1138           2              0.010 
2025-05-23 10:51:08 | INFO |       12.636 ¦     1139           2              0.010 
2025-05-23 10:51:08 | INFO |       12.646 ¦     1140           2              0.010 
2025-05-23 10:51:08 | INFO |       12.656 ¦     1141           2              0.010 
2025-05-23 10:51:08 | INFO |       12.666 ¦     1142           2              0.010 
2025-05-23 10:51:08 | INFO |       12.676 ¦     1143           2              0.010 
2025-05-23 10:51:08 | INFO |       12.686 ¦     1144           2              0.010 
2025-05-23 10:51:08 | INFO |       12.696 ¦     1145           2              0.010 
2025-05-23 10:51:08 | INFO |       12.706 ¦     1146           2              0.010 
2025-05-23 10:51:08 | INFO |       12.716 ¦     1147           2              0.010 
2025-05-23 10:51:08 | INFO |       12.726 ¦     1148           2              0.010 
2025-05-23 10:51:08 | INFO |       12.736 ¦     1149           2              0.010 
2025-05-23 10:51:08 | INFO |       12.746 ¦     1150           2              0.010 
2025-05-23 10:51:08 | INFO |       12.756 ¦     1151           2              0.010 
2025-05-23 10:51:08 | INFO |       12.766 ¦     1152           2              0.010 
2025-05-23 10:51:08 | INFO |       12.776 ¦     1153           2              0.010 
2025-05-23 10:51:08 | INFO |       12.786 ¦     1154           2              0.010 
2025-05-23 10:51:08 | INFO |       12.796 ¦     1155           2              0.010 
2025-05-23 10:51:08 | INFO |       12.806 ¦     1156           2              0.010 
2025-05-23 10:51:08 | INFO |       12.816 ¦     1157           2              0.010 
2025-05-23 10:51:08 | INFO |       12.826 ¦     1158           2              0.010 
2025-05-23 10:51:08 | INFO |       12.836 ¦     1159           2              0.010 
2025-05-23 10:51:08 | INFO |       12.846 ¦     1160           2              0.010 
2025-05-23 10:51:08 | INFO |       12.856 ¦     1161           2              0.010 
2025-05-23 10:51:08 | INFO |       12.866 ¦     1162           2              0.010 
2025-05-23 10:51:08 | INFO |       12.876 ¦     1163           2              0.010 
2025-05-23 10:51:08 | INFO |       12.886 ¦     1164           2              0.010 
2025-05-23 10:51:08 | INFO |       12.896 ¦     1165           2              0.010 
2025-05-23 10:51:08 | INFO |       12.906 ¦     1166           2              0.010 
2025-05-23 10:51:08 | INFO |       12.916 ¦     1167           2              0.010 
2025-05-23 10:51:08 | INFO |       12.926 ¦     1168           2              0.010 
2025-05-23 10:51:08 | INFO |       12.936 ¦     1169           2              0.010 
2025-05-23 10:51:08 | INFO |       12.946 ¦     1170           2              0.010 
2025-05-23 10:51:08 | INFO |       12.956 ¦     1171           2              0.010 
2025-05-23 10:51:08 | INFO |       12.966 ¦     1172           2              0.010 
2025-05-23 10:51:08 | INFO |       12.976 ¦     1173           2              0.010 
2025-05-23 10:51:08 | INFO |       12.986 ¦     1174           2              0.010 
2025-05-23 10:51:08 | INFO |       12.996 ¦     1175           2              0.010 
2025-05-23 10:51:08 | INFO |       13.006 ¦     1176           2              0.010 
2025-05-23 10:51:08 | INFO |       13.016 ¦     1177           2              0.010 
2025-05-23 10:51:08 | INFO |       13.026 ¦     1178           2              0.010 
2025-05-23 10:51:08 | INFO |       13.036 ¦     1179           2              0.010 
2025-05-23 10:51:08 | INFO |       13.046 ¦     1180           2              0.010 
2025-05-23 10:51:08 | INFO |       13.056 ¦     1181           2              0.010 
2025-05-23 10:51:08 | INFO |       13.066 ¦     1182           2              0.010 
2025-05-23 10:51:08 | INFO |       13.076 ¦     1183           2              0.010 
2025-05-23 10:51:08 | INFO |       13.086 ¦     1184           2              0.010 
2025-05-23 10:51:08 | INFO |       13.096 ¦     1185           2              0.010 
2025-05-23 10:51:08 | INFO |       13.106 ¦     1186           2              0.010 
2025-05-23 10:51:08 | INFO |       13.116 ¦     1187           2              0.010 
2025-05-23 10:51:08 | INFO |       13.126 ¦     1188           2              0.010 
2025-05-23 10:51:08 | INFO |       13.136 ¦     1189           2              0.010 
2025-05-23 10:51:08 | INFO |       13.146 ¦     1190           2              0.010 
2025-05-23 10:51:08 | INFO |       13.156 ¦     1191           2              0.010 
2025-05-23 10:51:08 | INFO |       13.166 ¦     1192           2              0.010 
2025-05-23 10:51:08 | INFO |       13.176 ¦     1193           2              0.010 
2025-05-23 10:51:08 | INFO |       13.186 ¦     1194           2              0.010 
2025-05-23 10:51:08 | INFO |       13.196 ¦     1195           2              0.010 
2025-05-23 10:51:08 | INFO |       13.206 ¦     1196           2              0.010 
2025-05-23 10:51:08 | INFO |       13.216 ¦     1197           2              0.010 
2025-05-23 10:51:08 | INFO |       13.226 ¦     1198           2              0.010 
2025-05-23 10:51:08 | INFO |       13.236 ¦     1199           2              0.010 
2025-05-23 10:51:08 | INFO |       13.246 ¦     1200           2              0.010 
2025-05-23 10:51:08 | INFO |       13.256 ¦     1201           2              0.010 
2025-05-23 10:51:08 | INFO |       13.266 ¦     1202           2              0.010 
2025-05-23 10:51:08 | INFO |       13.276 ¦     1203           2              0.010 
2025-05-23 10:51:08 | INFO |       13.286 ¦     1204           2              0.010 
2025-05-23 10:51:08 | INFO |       13.296 ¦     1205           2              0.010 
2025-05-23 10:51:08 | INFO |       13.306 ¦     1206           2              0.010 
2025-05-23 10:51:08 | INFO |       13.316 ¦     1207           2              0.010 
2025-05-23 10:51:08 | INFO |       13.326 ¦     1208           2              0.010 
2025-05-23 10:51:08 | INFO |       13.336 ¦     1209           2              0.010 
2025-05-23 10:51:08 | INFO |       13.346 ¦     1210           2              0.010 
2025-05-23 10:51:08 | INFO |       13.356 ¦     1211           2              0.010 
2025-05-23 10:51:08 | INFO |       13.366 ¦     1212           2              0.010 
2025-05-23 10:51:08 | INFO |       13.376 ¦     1213           2              0.010 
2025-05-23 10:51:08 | INFO |       13.386 ¦     1214           2              0.010 
2025-05-23 10:51:08 | INFO |       13.396 ¦     1215           2              0.010 
2025-05-23 10:51:08 | INFO |       13.406 ¦     1216           2              0.010 
2025-05-23 10:51:08 | INFO |       13.416 ¦     1217           2              0.010 
2025-05-23 10:51:08 | INFO |       13.426 ¦     1218           2              0.010 
2025-05-23 10:51:08 | INFO |       13.436 ¦     1219           2              0.010 
2025-05-23 10:51:08 | INFO |       13.446 ¦     1220           2              0.010 
2025-05-23 10:51:08 | INFO |       13.456 ¦     1221           2              0.010 
2025-05-23 10:51:08 | INFO |       13.466 ¦     1222           2              0.010 
2025-05-23 10:51:08 | INFO |       13.476 ¦     1223           2              0.010 
2025-05-23 10:51:08 | INFO |       13.486 ¦     1224           2              0.010 
2025-05-23 10:51:08 | INFO |       13.496 ¦     1225           2              0.010 
2025-05-23 10:51:08 | INFO |       13.506 ¦     1226           2              0.010 
2025-05-23 10:51:08 | INFO |       13.516 ¦     1227           2              0.010 
2025-05-23 10:51:08 | INFO |       13.526 ¦     1228           2              0.010 
2025-05-23 10:51:08 | INFO |       13.536 ¦     1229           2              0.010 
2025-05-23 10:51:08 | INFO |       13.546 ¦     1230           2              0.010 
2025-05-23 10:51:08 | INFO |       13.556 ¦     1231           2              0.010 
2025-05-23 10:51:08 | INFO |       13.566 ¦     1232           2              0.010 
2025-05-23 10:51:08 | INFO |       13.576 ¦     1233           2              0.010 
2025-05-23 10:51:08 | INFO |       13.586 ¦     1234           2              0.010 
2025-05-23 10:51:08 | INFO |       13.596 ¦     1235           2              0.010 
2025-05-23 10:51:08 | INFO |       13.606 ¦     1236           2              0.010 
2025-05-23 10:51:08 | INFO |       13.616 ¦     1237           2              0.010 
2025-05-23 10:51:08 | INFO |       13.626 ¦     1238           2              0.010 
2025-05-23 10:51:08 | INFO |       13.636 ¦     1239           2              0.010 
2025-05-23 10:51:08 | INFO |       13.646 ¦     1240           2              0.010 
2025-05-23 10:51:08 | INFO |       13.656 ¦     1241           2              0.010 
2025-05-23 10:51:08 | INFO |       13.666 ¦     1242           2              0.010 
2025-05-23 10:51:08 | INFO |       13.676 ¦     1243           2              0.010 
2025-05-23 10:51:08 | INFO |       13.686 ¦     1244           2              0.010 
2025-05-23 10:51:08 | INFO |       13.696 ¦     1245           2              0.010 
2025-05-23 10:51:08 | INFO |       13.706 ¦     1246           2              0.010 
2025-05-23 10:51:08 | INFO |       13.716 ¦     1247           2              0.010 
2025-05-23 10:51:08 | INFO |       13.726 ¦     1248           2              0.010 
2025-05-23 10:51:08 | INFO |       13.736 ¦     1249           2              0.010 
2025-05-23 10:51:08 | INFO |       13.746 ¦     1250           2              0.010 
2025-05-23 10:51:08 | INFO |       13.756 ¦     1251           2              0.010 
2025-05-23 10:51:08 | INFO |       13.766 ¦     1252           2              0.010 
2025-05-23 10:51:08 | INFO |       13.776 ¦     1253           2              0.010 
2025-05-23 10:51:08 | INFO |       13.786 ¦     1254           2              0.010 
2025-05-23 10:51:08 | INFO |       13.796 ¦     1255           2              0.010 
2025-05-23 10:51:08 | INFO |       13.806 ¦     1256           2              0.010 
2025-05-23 10:51:08 | INFO |       13.816 ¦     1257           2              0.010 
2025-05-23 10:51:08 | INFO |       13.826 ¦     1258           2              0.010 
2025-05-23 10:51:08 | INFO |       13.836 ¦     1259           2              0.010 
2025-05-23 10:51:08 | INFO |       13.846 ¦     1260           2              0.010 
2025-05-23 10:51:08 | INFO |       13.856 ¦     1261           2              0.010 
2025-05-23 10:51:08 | INFO |       13.866 ¦     1262           2              0.010 
2025-05-23 10:51:08 | INFO |       13.876 ¦     1263           2              0.010 
2025-05-23 10:51:08 | INFO |       13.886 ¦     1264           2              0.010 
2025-05-23 10:51:08 | INFO |       13.896 ¦     1265           2              0.010 
2025-05-23 10:51:08 | INFO |       13.906 ¦     1266           2              0.010 
2025-05-23 10:51:08 | INFO |       13.916 ¦     1267           2              0.010 
2025-05-23 10:51:08 | INFO |       13.926 ¦     1268           2              0.010 
2025-05-23 10:51:08 | INFO |       13.936 ¦     1269           2              0.010 
2025-05-23 10:51:08 | INFO |       13.946 ¦     1270           2              0.010 
2025-05-23 10:51:08 | INFO |       13.956 ¦     1271           2              0.010 
2025-05-23 10:51:08 | INFO |       13.966 ¦     1272           2              0.010 
2025-05-23 10:51:08 | INFO |       13.976 ¦     1273           2              0.010 
2025-05-23 10:51:08 | INFO |       13.986 ¦     1274           2              0.010 
2025-05-23 10:51:08 | INFO |       13.996 ¦     1275           2              0.010 
2025-05-23 10:51:08 | INFO |       14.006 ¦     1276           2              0.010 
2025-05-23 10:51:08 | INFO |       14.016 ¦     1277           2              0.010 
2025-05-23 10:51:08 | INFO |       14.026 ¦     1278           2              0.010 
2025-05-23 10:51:08 | INFO |       14.036 ¦     1279           2              0.010 
2025-05-23 10:51:08 | INFO |       14.046 ¦     1280           2              0.010 
2025-05-23 10:51:08 | INFO |       14.056 ¦     1281           2              0.010 
2025-05-23 10:51:08 | INFO |       14.066 ¦     1282           2              0.010 
2025-05-23 10:51:08 | INFO |       14.076 ¦     1283           2              0.010 
2025-05-23 10:51:08 | INFO |       14.086 ¦     1284           2              0.010 
2025-05-23 10:51:08 | INFO |       14.096 ¦     1285           2              0.010 
2025-05-23 10:51:08 | INFO |       14.106 ¦     1286           2              0.010 
2025-05-23 10:51:08 | INFO |       14.116 ¦     1287           2              0.010 
2025-05-23 10:51:08 | INFO |       14.126 ¦     1288           2              0.010 
2025-05-23 10:51:08 | INFO |       14.136 ¦     1289           2              0.010 
2025-05-23 10:51:08 | INFO |       14.146 ¦     1290           2              0.010 
2025-05-23 10:51:08 | INFO |       14.156 ¦     1291           2              0.010 
2025-05-23 10:51:08 | INFO |       14.166 ¦     1292           2              0.010 
2025-05-23 10:51:08 | INFO |       14.176 ¦     1293           2              0.010 
2025-05-23 10:51:08 | INFO |       14.186 ¦     1294           2              0.010 
2025-05-23 10:51:08 | INFO |       14.196 ¦     1295           2              0.010 
2025-05-23 10:51:08 | INFO |       14.206 ¦     1296           2              0.010 
2025-05-23 10:51:08 | INFO |       14.216 ¦     1297           2              0.010 
2025-05-23 10:51:08 | INFO |       14.226 ¦     1298           2              0.010 
2025-05-23 10:51:08 | INFO |       14.236 ¦     1299           2              0.010 
2025-05-23 10:51:08 | INFO |       14.246 ¦     1300           2              0.010 
2025-05-23 10:51:08 | INFO |       14.256 ¦     1301           2              0.010 
2025-05-23 10:51:08 | INFO |       14.266 ¦     1302           2              0.010 
2025-05-23 10:51:08 | INFO |       14.276 ¦     1303           2              0.010 
2025-05-23 10:51:08 | INFO |       14.286 ¦     1304           2              0.010 
2025-05-23 10:51:08 | INFO |       14.296 ¦     1305           2              0.010 
2025-05-23 10:51:08 | INFO |       14.306 ¦     1306           2              0.010 
2025-05-23 10:51:08 | INFO |       14.316 ¦     1307           2              0.010 
2025-05-23 10:51:08 | INFO |       14.326 ¦     1308           2              0.010 
2025-05-23 10:51:08 | INFO |       14.336 ¦     1309           2              0.010 
2025-05-23 10:51:08 | INFO |       14.346 ¦     1310           2              0.010 
2025-05-23 10:51:08 | INFO |       14.356 ¦     1311           2              0.010 
2025-05-23 10:51:08 | INFO |       14.366 ¦     1312           2              0.010 
2025-05-23 10:51:08 | INFO |       14.376 ¦     1313           2              0.010 
2025-05-23 10:51:08 | INFO |       14.386 ¦     1314           2              0.010 
2025-05-23 10:51:08 | INFO |       14.396 ¦     1315           2              0.010 
2025-05-23 10:51:08 | INFO |       14.406 ¦     1316           2              0.010 
2025-05-23 10:51:08 | INFO |       14.416 ¦     1317           2              0.010 
2025-05-23 10:51:08 | INFO |       14.426 ¦     1318           2              0.010 
2025-05-23 10:51:08 | INFO |       14.436 ¦     1319           2              0.010 
2025-05-23 10:51:08 | INFO |       14.446 ¦     1320           2              0.010 
2025-05-23 10:51:08 | INFO |       14.456 ¦     1321           2              0.010 
2025-05-23 10:51:08 | INFO |       14.466 ¦     1322           2              0.010 
2025-05-23 10:51:08 | INFO |       14.476 ¦     1323           2              0.010 
2025-05-23 10:51:08 | INFO |       14.486 ¦     1324           2              0.010 
2025-05-23 10:51:08 | INFO |       14.496 ¦     1325           2              0.010 
2025-05-23 10:51:08 | INFO |       14.506 ¦     1326           2              0.010 
2025-05-23 10:51:08 | INFO |       14.516 ¦     1327           2              0.010 
2025-05-23 10:51:08 | INFO |       14.526 ¦     1328           2              0.010 
2025-05-23 10:51:08 | INFO |       14.536 ¦     1329           2              0.010 
2025-05-23 10:51:08 | INFO |       14.546 ¦     1330           2              0.010 
2025-05-23 10:51:08 | INFO |       14.556 ¦     1331           2              0.010 
2025-05-23 10:51:08 | INFO |       14.566 ¦     1332           2              0.010 
2025-05-23 10:51:08 | INFO |       14.576 ¦     1333           2              0.010 
2025-05-23 10:51:08 | INFO |       14.586 ¦     1334           2              0.010 
2025-05-23 10:51:08 | INFO |       14.596 ¦     1335           2              0.010 
2025-05-23 10:51:08 | INFO |       14.606 ¦     1336           2              0.010 
2025-05-23 10:51:08 | INFO |       14.616 ¦     1337           2              0.010 
2025-05-23 10:51:08 | INFO |       14.626 ¦     1338           2              0.010 
2025-05-23 10:51:08 | INFO |       14.636 ¦     1339           2              0.010 
2025-05-23 10:51:08 | INFO |       14.646 ¦     1340           2              0.010 
2025-05-23 10:51:08 | INFO |       14.656 ¦     1341           2              0.010 
2025-05-23 10:51:08 | INFO |       14.666 ¦     1342           2              0.010 
2025-05-23 10:51:08 | INFO |       14.676 ¦     1343           2              0.010 
2025-05-23 10:51:08 | INFO |       14.686 ¦     1344           2              0.010 
2025-05-23 10:51:08 | INFO |       14.696 ¦     1345           2              0.010 
2025-05-23 10:51:08 | INFO |       14.706 ¦     1346           2              0.010 
2025-05-23 10:51:08 | INFO |       14.716 ¦     1347           2              0.010 
2025-05-23 10:51:08 | INFO |       14.726 ¦     1348           2              0.010 
2025-05-23 10:51:08 | INFO |       14.736 ¦     1349           2              0.010 
2025-05-23 10:51:08 | INFO |       14.746 ¦     1350           2              0.010 
2025-05-23 10:51:08 | INFO |       14.756 ¦     1351           2              0.010 
2025-05-23 10:51:08 | INFO |       14.766 ¦     1352           2              0.010 
2025-05-23 10:51:08 | INFO |       14.776 ¦     1353           2              0.010 
2025-05-23 10:51:08 | INFO |       14.786 ¦     1354           2              0.010 
2025-05-23 10:51:08 | INFO |       14.796 ¦     1355           2              0.010 
2025-05-23 10:51:08 | INFO |       14.806 ¦     1356           2              0.010 
2025-05-23 10:51:08 | INFO |       14.816 ¦     1357           2              0.010 
2025-05-23 10:51:08 | INFO |       14.826 ¦     1358           2              0.010 
2025-05-23 10:51:08 | INFO |       14.836 ¦     1359           2              0.010 
2025-05-23 10:51:08 | INFO |       14.846 ¦     1360           2              0.010 
2025-05-23 10:51:08 | INFO |       14.856 ¦     1361           2              0.010 
2025-05-23 10:51:08 | INFO |       14.866 ¦     1362           2              0.010 
2025-05-23 10:51:08 | INFO |       14.876 ¦     1363           2              0.010 
2025-05-23 10:51:08 | INFO |       14.886 ¦     1364           2              0.010 
2025-05-23 10:51:08 | INFO |       14.896 ¦     1365           2              0.010 
2025-05-23 10:51:08 | INFO |       14.906 ¦     1366           2              0.010 
2025-05-23 10:51:08 | INFO |       14.916 ¦     1367           2              0.010 
2025-05-23 10:51:08 | INFO |       14.926 ¦     1368           2              0.010 
2025-05-23 10:51:08 | INFO |       14.936 ¦     1369           2              0.010 
2025-05-23 10:51:08 | INFO |       14.946 ¦     1370           2              0.010 
2025-05-23 10:51:08 | INFO |       14.956 ¦     1371           2              0.010 
2025-05-23 10:51:08 | INFO |       14.966 ¦     1372           2              0.010 
2025-05-23 10:51:08 | INFO |       14.976 ¦     1373           2              0.010 
2025-05-23 10:51:08 | INFO |       14.986 ¦     1374           2              0.010 
2025-05-23 10:51:08 | INFO |       14.996 ¦     1375           2              0.010 
2025-05-23 10:51:08 | INFO |       15.006 ¦     1376           2              0.010 
2025-05-23 10:51:08 | INFO |       15.016 ¦     1377           2              0.010 
2025-05-23 10:51:08 | INFO |       15.026 ¦     1378           2              0.010 
2025-05-23 10:51:08 | INFO |       15.036 ¦     1379           2              0.010 
2025-05-23 10:51:08 | INFO |       15.046 ¦     1380           2              0.010 
2025-05-23 10:51:08 | INFO |       15.056 ¦     1381           2              0.010 
2025-05-23 10:51:08 | INFO |       15.066 ¦     1382           2              0.010 
2025-05-23 10:51:08 | INFO |       15.076 ¦     1383           2              0.010 
2025-05-23 10:51:08 | INFO |       15.086 ¦     1384           2              0.010 
2025-05-23 10:51:08 | INFO |       15.096 ¦     1385           2              0.010 
2025-05-23 10:51:08 | INFO |       15.106 ¦     1386           2              0.010 
2025-05-23 10:51:08 | INFO |       15.116 ¦     1387           2              0.010 
2025-05-23 10:51:08 | INFO |       15.126 ¦     1388           2              0.010 
2025-05-23 10:51:08 | INFO |       15.136 ¦     1389           2              0.010 
2025-05-23 10:51:08 | INFO |       15.146 ¦     1390           2              0.010 
2025-05-23 10:51:08 | INFO |       15.156 ¦     1391           2              0.010 
2025-05-23 10:51:08 | INFO |       15.166 ¦     1392           2              0.010 
2025-05-23 10:51:08 | INFO |       15.176 ¦     1393           2              0.010 
2025-05-23 10:51:08 | INFO |       15.186 ¦     1394           2              0.010 
2025-05-23 10:51:08 | INFO |       15.196 ¦     1395           2              0.010 
2025-05-23 10:51:08 | INFO |       15.206 ¦     1396           2              0.010 
2025-05-23 10:51:08 | INFO |       15.216 ¦     1397           2              0.010 
2025-05-23 10:51:08 | INFO |       15.226 ¦     1398           2              0.010 
2025-05-23 10:51:08 | INFO |       15.236 ¦     1399           2              0.010 
2025-05-23 10:51:08 | INFO |       15.246 ¦     1400           2              0.010 
2025-05-23 10:51:08 | INFO |       15.256 ¦     1401           2              0.010 
2025-05-23 10:51:08 | INFO |       15.266 ¦     1402           2              0.010 
2025-05-23 10:51:08 | INFO |       15.276 ¦     1403           2              0.010 
2025-05-23 10:51:08 | INFO |       15.286 ¦     1404           2              0.010 
2025-05-23 10:51:08 | INFO |       15.296 ¦     1405           2              0.010 
2025-05-23 10:51:08 | INFO |       15.306 ¦     1406           2              0.010 
2025-05-23 10:51:08 | INFO |       15.316 ¦     1407           2              0.010 
2025-05-23 10:51:08 | INFO |       15.326 ¦     1408           2              0.010 
2025-05-23 10:51:08 | INFO |       15.336 ¦     1409           2              0.010 
2025-05-23 10:51:08 | INFO |       15.346 ¦     1410           2              0.010 
2025-05-23 10:51:08 | INFO |       15.356 ¦     1411           2              0.010 
2025-05-23 10:51:08 | INFO |       15.366 ¦     1412           2              0.010 
2025-05-23 10:51:08 | INFO |       15.376 ¦     1413           2              0.010 
2025-05-23 10:51:08 | INFO |       15.386 ¦     1414           2              0.010 
2025-05-23 10:51:08 | INFO |       15.396 ¦     1415           2              0.010 
2025-05-23 10:51:08 | INFO |       15.406 ¦     1416           2              0.010 
2025-05-23 10:51:08 | INFO |       15.416 ¦     1417           2              0.010 
2025-05-23 10:51:08 | INFO |       15.426 ¦     1418           2              0.010 
2025-05-23 10:51:08 | INFO |       15.436 ¦     1419           2              0.010 
2025-05-23 10:51:08 | INFO |       15.446 ¦     1420           2              0.010 
2025-05-23 10:51:08 | INFO |       15.456 ¦     1421           2              0.010 
2025-05-23 10:51:08 | INFO |       15.466 ¦     1422           2              0.010 
2025-05-23 10:51:08 | INFO |       15.476 ¦     1423           2              0.010 
2025-05-23 10:51:08 | INFO |       15.486 ¦     1424           2              0.010 
2025-05-23 10:51:08 | INFO |       15.496 ¦     1425           2              0.010 
2025-05-23 10:51:08 | INFO |       15.506 ¦     1426           2              0.010 
2025-05-23 10:51:08 | INFO |       15.516 ¦     1427           2              0.010 
2025-05-23 10:51:08 | INFO |       15.526 ¦     1428           2              0.010 
2025-05-23 10:51:08 | INFO |       15.536 ¦     1429           2              0.010 
2025-05-23 10:51:08 | INFO |       15.546 ¦     1430           2              0.010 
2025-05-23 10:51:08 | INFO |       15.556 ¦     1431           2              0.010 
2025-05-23 10:51:08 | INFO |       15.566 ¦     1432           2              0.010 
2025-05-23 10:51:08 | INFO |       15.576 ¦     1433           2              0.010 
2025-05-23 10:51:08 | INFO |       15.586 ¦     1434           2              0.010 
2025-05-23 10:51:08 | INFO |       15.596 ¦     1435           2              0.010 
2025-05-23 10:51:08 | INFO |       15.606 ¦     1436           2              0.010 
2025-05-23 10:51:08 | INFO |       15.616 ¦     1437           2              0.010 
2025-05-23 10:51:08 | INFO |       15.626 ¦     1438           2              0.010 
2025-05-23 10:51:08 | INFO |       15.636 ¦     1439           2              0.010 
2025-05-23 10:51:08 | INFO |       15.646 ¦     1440           2              0.010 
2025-05-23 10:51:08 | INFO |       15.656 ¦     1441           2              0.010 
2025-05-23 10:51:08 | INFO |       15.666 ¦     1442           2              0.010 
2025-05-23 10:51:08 | INFO |       15.676 ¦     1443           2              0.010 
2025-05-23 10:51:08 | INFO |       15.686 ¦     1444           2              0.010 
2025-05-23 10:51:08 | INFO |       15.696 ¦     1445           2              0.010 
2025-05-23 10:51:08 | INFO |       15.706 ¦     1446           2              0.010 
2025-05-23 10:51:08 | INFO |       15.716 ¦     1447           2              0.010 
2025-05-23 10:51:08 | INFO |       15.726 ¦     1448           2              0.010 
2025-05-23 10:51:08 | INFO |       15.736 ¦     1449           2              0.010 
2025-05-23 10:51:08 | INFO |       15.746 ¦     1450           2              0.010 
2025-05-23 10:51:08 | INFO |       15.756 ¦     1451           2              0.010 
2025-05-23 10:51:08 | INFO |       15.766 ¦     1452           2              0.010 
2025-05-23 10:51:08 | INFO |       15.776 ¦     1453           2              0.010 
2025-05-23 10:51:08 | INFO |       15.786 ¦     1454           2              0.010 
2025-05-23 10:51:08 | INFO |       15.796 ¦     1455           2              0.010 
2025-05-23 10:51:08 | INFO |       15.806 ¦     1456           2              0.010 
2025-05-23 10:51:08 | INFO |       15.816 ¦     1457           2              0.010 
2025-05-23 10:51:08 | INFO |       15.826 ¦     1458           2              0.010 
2025-05-23 10:51:08 | INFO |       15.836 ¦     1459           2              0.010 
2025-05-23 10:51:08 | INFO |       15.846 ¦     1460           2              0.010 
2025-05-23 10:51:08 | INFO |       15.856 ¦     1461           2              0.010 
2025-05-23 10:51:08 | INFO |       15.866 ¦     1462           2              0.010 
2025-05-23 10:51:08 | INFO |       15.876 ¦     1463           2              0.010 
2025-05-23 10:51:08 | INFO |       15.886 ¦     1464           2              0.010 
2025-05-23 10:51:08 | INFO |       15.896 ¦     1465           2              0.010 
2025-05-23 10:51:08 | INFO |       15.906 ¦     1466           2              0.010 
2025-05-23 10:51:08 | INFO |       15.916 ¦     1467           2              0.010 
2025-05-23 10:51:08 | INFO |       15.926 ¦     1468           2              0.010 
2025-05-23 10:51:08 | INFO |       15.936 ¦     1469           2              0.010 
2025-05-23 10:51:08 | INFO |       15.946 ¦     1470           2              0.010 
2025-05-23 10:51:08 | INFO |       15.956 ¦     1471           2              0.010 
2025-05-23 10:51:08 | INFO |       15.966 ¦     1472           2              0.010 
2025-05-23 10:51:08 | INFO |       15.976 ¦     1473           2              0.010 
2025-05-23 10:51:08 | INFO |       15.986 ¦     1474           2              0.010 
2025-05-23 10:51:08 | INFO |       15.996 ¦     1475           2              0.010 
2025-05-23 10:51:08 | INFO |       16.006 ¦     1476           2              0.010 
2025-05-23 10:51:08 | INFO |       16.016 ¦     1477           2              0.010 
2025-05-23 10:51:08 | INFO |       16.026 ¦     1478           2              0.010 
2025-05-23 10:51:08 | INFO |       16.036 ¦     1479           2              0.010 
2025-05-23 10:51:08 | INFO |       16.046 ¦     1480           2              0.010 
2025-05-23 10:51:08 | INFO |       16.056 ¦     1481           2              0.010 
2025-05-23 10:51:08 | INFO |       16.066 ¦     1482           2              0.010 
2025-05-23 10:51:08 | INFO |       16.076 ¦     1483           2              0.010 
2025-05-23 10:51:08 | INFO |       16.086 ¦     1484           2              0.010 
2025-05-23 10:51:08 | INFO |       16.096 ¦     1485           2              0.010 
2025-05-23 10:51:08 | INFO |       16.106 ¦     1486           2              0.010 
2025-05-23 10:51:08 | INFO |       16.116 ¦     1487           2              0.010 
2025-05-23 10:51:08 | INFO |       16.126 ¦     1488           2              0.010 
2025-05-23 10:51:08 | INFO |       16.136 ¦     1489           2              0.010 
2025-05-23 10:51:08 | INFO |       16.146 ¦     1490           2              0.010 
2025-05-23 10:51:08 | INFO |       16.156 ¦     1491           2              0.010 
2025-05-23 10:51:08 | INFO |       16.166 ¦     1492           2              0.010 
2025-05-23 10:51:08 | INFO |       16.176 ¦     1493           2              0.010 
2025-05-23 10:51:08 | INFO |       16.186 ¦     1494           2              0.010 
2025-05-23 10:51:08 | INFO |       16.196 ¦     1495           2              0.010 
2025-05-23 10:51:08 | INFO |       16.206 ¦     1496           2              0.010 
2025-05-23 10:51:08 | INFO |       16.216 ¦     1497           2              0.010 
2025-05-23 10:51:08 | INFO |       16.226 ¦     1498           2              0.010 
2025-05-23 10:51:08 | INFO |       16.236 ¦     1499           2              0.010 
2025-05-23 10:51:08 | INFO |       16.246 ¦     1500           2              0.010 
2025-05-23 10:51:08 | INFO |       16.256 ¦     1501           2              0.010 
2025-05-23 10:51:08 | INFO |       16.266 ¦     1502           2              0.010 
2025-05-23 10:51:08 | INFO |       16.276 ¦     1503           2              0.010 
2025-05-23 10:51:08 | INFO |       16.286 ¦     1504           2              0.010 
2025-05-23 10:51:08 | INFO |       16.296 ¦     1505           2              0.010 
2025-05-23 10:51:08 | INFO |       16.306 ¦     1506           2              0.010 
2025-05-23 10:51:08 | INFO |       16.316 ¦     1507           2              0.010 
2025-05-23 10:51:08 | INFO |       16.326 ¦     1508           2              0.010 
2025-05-23 10:51:08 | INFO |       16.336 ¦     1509           2              0.010 
2025-05-23 10:51:08 | INFO |       16.346 ¦     1510           2              0.010 
2025-05-23 10:51:08 | INFO |       16.356 ¦     1511           2              0.010 
2025-05-23 10:51:08 | INFO |       16.366 ¦     1512           2              0.010 
2025-05-23 10:51:08 | INFO |       16.376 ¦     1513           2              0.010 
2025-05-23 10:51:08 | INFO |       16.386 ¦     1514           2              0.010 
2025-05-23 10:51:08 | INFO |       16.396 ¦     1515           2              0.010 
2025-05-23 10:51:08 | INFO |       16.406 ¦     1516           2              0.010 
2025-05-23 10:51:08 | INFO |       16.416 ¦     1517           2              0.010 
2025-05-23 10:51:08 | INFO |       16.426 ¦     1518           2              0.010 
2025-05-23 10:51:08 | INFO |       16.436 ¦     1519           2              0.010 
2025-05-23 10:51:08 | INFO |       16.446 ¦     1520           2              0.010 
2025-05-23 10:51:08 | INFO |       16.456 ¦     1521           2              0.010 
2025-05-23 10:51:08 | INFO |       16.466 ¦     1522           2              0.010 
2025-05-23 10:51:08 | INFO |       16.476 ¦     1523           2              0.010 
2025-05-23 10:51:08 | INFO |       16.486 ¦     1524           2              0.010 
2025-05-23 10:51:08 | INFO |       16.496 ¦     1525           2              0.010 
2025-05-23 10:51:08 | INFO |       16.506 ¦     1526           2              0.010 
2025-05-23 10:51:08 | INFO |       16.516 ¦     1527           2              0.010 
2025-05-23 10:51:08 | INFO |       16.526 ¦     1528           2              0.010 
2025-05-23 10:51:08 | INFO |       16.536 ¦     1529           2              0.010 
2025-05-23 10:51:08 | INFO |       16.546 ¦     1530           2              0.010 
2025-05-23 10:51:08 | INFO |       16.556 ¦     1531           2              0.010 
2025-05-23 10:51:08 | INFO |       16.566 ¦     1532           2              0.010 
2025-05-23 10:51:08 | INFO |       16.576 ¦     1533           2              0.010 
2025-05-23 10:51:08 | INFO |       16.586 ¦     1534           2              0.010 
2025-05-23 10:51:08 | INFO |       16.596 ¦     1535           2              0.010 
2025-05-23 10:51:08 | INFO |       16.606 ¦     1536           2              0.010 
2025-05-23 10:51:08 | INFO |       16.616 ¦     1537           2              0.010 
2025-05-23 10:51:08 | INFO |       16.626 ¦     1538           2              0.010 
2025-05-23 10:51:08 | INFO |       16.636 ¦     1539           2              0.010 
2025-05-23 10:51:08 | INFO |       16.646 ¦     1540           2              0.010 
2025-05-23 10:51:08 | INFO |       16.656 ¦     1541           2              0.010 
2025-05-23 10:51:08 | INFO |       16.666 ¦     1542           2              0.010 
2025-05-23 10:51:08 | INFO |       16.676 ¦     1543           2              0.010 
2025-05-23 10:51:08 | INFO |       16.686 ¦     1544           2              0.010 
2025-05-23 10:51:08 | INFO |       16.696 ¦     1545           2              0.010 
2025-05-23 10:51:08 | INFO |       16.706 ¦     1546           2              0.010 
2025-05-23 10:51:08 | INFO |       16.716 ¦     1547           2              0.010 
2025-05-23 10:51:08 | INFO |       16.726 ¦     1548           2              0.010 
2025-05-23 10:51:08 | INFO |       16.736 ¦     1549           2              0.010 
2025-05-23 10:51:08 | INFO |       16.746 ¦     1550           2              0.010 
2025-05-23 10:51:08 | INFO |       16.756 ¦     1551           2              0.010 
2025-05-23 10:51:08 | INFO |       16.766 ¦     1552           2              0.010 
2025-05-23 10:51:08 | INFO |       16.776 ¦     1553           2              0.010 
2025-05-23 10:51:08 | INFO |       16.786 ¦     1554           2              0.010 
2025-05-23 10:51:08 | INFO |       16.796 ¦     1555           2              0.010 
2025-05-23 10:51:08 | INFO |       16.806 ¦     1556           2              0.010 
2025-05-23 10:51:08 | INFO |       16.816 ¦     1557           2              0.010 
2025-05-23 10:51:08 | INFO |       16.826 ¦     1558           2              0.010 
2025-05-23 10:51:08 | INFO |       16.836 ¦     1559           2              0.010 
2025-05-23 10:51:08 | INFO |       16.846 ¦     1560           2              0.010 
2025-05-23 10:51:08 | INFO |       16.856 ¦     1561           2              0.010 
2025-05-23 10:51:08 | INFO |       16.866 ¦     1562           2              0.010 
2025-05-23 10:51:08 | INFO |       16.876 ¦     1563           2              0.010 
2025-05-23 10:51:08 | INFO |       16.886 ¦     1564           2              0.010 
2025-05-23 10:51:08 | INFO |       16.896 ¦     1565           2              0.010 
2025-05-23 10:51:08 | INFO |       16.906 ¦     1566           2              0.010 
2025-05-23 10:51:08 | INFO |       16.916 ¦     1567           2              0.010 
2025-05-23 10:51:08 | INFO |       16.926 ¦     1568           2              0.010 
2025-05-23 10:51:08 | INFO |       16.936 ¦     1569           2              0.010 
2025-05-23 10:51:08 | INFO |       16.946 ¦     1570           2              0.010 
2025-05-23 10:51:08 | INFO |       16.956 ¦     1571           2              0.010 
2025-05-23 10:51:08 | INFO |       16.966 ¦     1572           2              0.010 
2025-05-23 10:51:08 | INFO |       16.976 ¦     1573           2              0.010 
2025-05-23 10:51:08 | INFO |       16.986 ¦     1574           2              0.010 
2025-05-23 10:51:08 | INFO |       16.996 ¦     1575           2              0.010 
2025-05-23 10:51:08 | INFO |       17.006 ¦     1576           2              0.010 
2025-05-23 10:51:08 | INFO |       17.016 ¦     1577           2              0.010 
2025-05-23 10:51:08 | INFO |       17.026 ¦     1578           2              0.010 
2025-05-23 10:51:08 | INFO |       17.036 ¦     1579           2              0.010 
2025-05-23 10:51:08 | INFO |       17.046 ¦     1580           2              0.010 
2025-05-23 10:51:08 | INFO |       17.056 ¦     1581           2              0.010 
2025-05-23 10:51:08 | INFO |       17.066 ¦     1582           2              0.010 
2025-05-23 10:51:08 | INFO |       17.076 ¦     1583           2              0.010 
2025-05-23 10:51:08 | INFO |       17.086 ¦     1584           2              0.010 
2025-05-23 10:51:08 | INFO |       17.096 ¦     1585           2              0.010 
2025-05-23 10:51:08 | INFO |       17.106 ¦     1586           2              0.010 
2025-05-23 10:51:08 | INFO |       17.116 ¦     1587           2              0.010 
2025-05-23 10:51:08 | INFO |       17.126 ¦     1588           2              0.010 
2025-05-23 10:51:08 | INFO |       17.136 ¦     1589           2              0.010 
2025-05-23 10:51:08 | INFO |       17.146 ¦     1590           2              0.010 
2025-05-23 10:51:08 | INFO |       17.156 ¦     1591           2              0.010 
2025-05-23 10:51:08 | INFO |       17.166 ¦     1592           2              0.010 
2025-05-23 10:51:08 | INFO |       17.176 ¦     1593           2              0.010 
2025-05-23 10:51:08 | INFO |       17.186 ¦     1594           2              0.010 
2025-05-23 10:51:08 | INFO |       17.196 ¦     1595           2              0.010 
2025-05-23 10:51:08 | INFO |       17.206 ¦     1596           2              0.010 
2025-05-23 10:51:08 | INFO |       17.216 ¦     1597           2              0.010 
2025-05-23 10:51:08 | INFO |       17.226 ¦     1598           2              0.010 
2025-05-23 10:51:08 | INFO |       17.236 ¦     1599           2              0.010 
2025-05-23 10:51:08 | INFO |       17.246 ¦     1600           2              0.010 
2025-05-23 10:51:08 | INFO |       17.256 ¦     1601           2              0.010 
2025-05-23 10:51:08 | INFO |       17.266 ¦     1602           2              0.010 
2025-05-23 10:51:08 | INFO |       17.276 ¦     1603           2              0.010 
2025-05-23 10:51:08 | INFO |       17.286 ¦     1604           2              0.010 
2025-05-23 10:51:08 | INFO |       17.296 ¦     1605           2              0.010 
2025-05-23 10:51:08 | INFO |       17.306 ¦     1606           2              0.010 
2025-05-23 10:51:08 | INFO |       17.316 ¦     1607           2              0.010 
2025-05-23 10:51:08 | INFO |       17.326 ¦     1608           2              0.010 
2025-05-23 10:51:08 | INFO |       17.336 ¦     1609           2              0.010 
2025-05-23 10:51:08 | INFO |       17.346 ¦     1610           2              0.010 
2025-05-23 10:51:08 | INFO |       17.356 ¦     1611           2              0.010 
2025-05-23 10:51:08 | INFO |       17.366 ¦     1612           2              0.010 
2025-05-23 10:51:08 | INFO |       17.376 ¦     1613           2              0.010 
2025-05-23 10:51:08 | INFO |       17.386 ¦     1614           2              0.010 
2025-05-23 10:51:08 | INFO |       17.396 ¦     1615           2              0.010 
2025-05-23 10:51:08 | INFO |       17.406 ¦     1616           2              0.010 
2025-05-23 10:51:08 | INFO |       17.416 ¦     1617           2              0.010 
2025-05-23 10:51:08 | INFO |       17.426 ¦     1618           2              0.010 
2025-05-23 10:51:08 | INFO |       17.436 ¦     1619           2              0.010 
2025-05-23 10:51:08 | INFO |       17.446 ¦     1620           2              0.010 
2025-05-23 10:51:08 | INFO |       17.456 ¦     1621           2              0.010 
2025-05-23 10:51:08 | INFO |       17.466 ¦     1622           2              0.010 
2025-05-23 10:51:08 | INFO |       17.476 ¦     1623           2              0.010 
2025-05-23 10:51:08 | INFO |       17.486 ¦     1624           2              0.010 
2025-05-23 10:51:08 | INFO |       17.496 ¦     1625           2              0.010 
2025-05-23 10:51:08 | INFO |       17.506 ¦     1626           2              0.010 
2025-05-23 10:51:08 | INFO |       17.516 ¦     1627           2              0.010 
2025-05-23 10:51:08 | INFO |       17.526 ¦     1628           2              0.010 
2025-05-23 10:51:08 | INFO |       17.536 ¦     1629           2              0.010 
2025-05-23 10:51:08 | INFO |       17.546 ¦     1630           2              0.010 
2025-05-23 10:51:08 | INFO |       17.556 ¦     1631           2              0.010 
2025-05-23 10:51:08 | INFO |       17.566 ¦     1632           2              0.010 
2025-05-23 10:51:08 | INFO |       17.576 ¦     1633           2              0.010 
2025-05-23 10:51:08 | INFO |       17.586 ¦     1634           2              0.010 
2025-05-23 10:51:08 | INFO |       17.596 ¦     1635           2              0.010 
2025-05-23 10:51:08 | INFO |       17.606 ¦     1636           2              0.010 
2025-05-23 10:51:08 | INFO |       17.616 ¦     1637           2              0.010 
2025-05-23 10:51:08 | INFO |       17.626 ¦     1638           2              0.010 
2025-05-23 10:51:08 | INFO |       17.636 ¦     1639           2              0.010 
2025-05-23 10:51:08 | INFO |       17.646 ¦     1640           2              0.010 
2025-05-23 10:51:08 | INFO |       17.656 ¦     1641           2              0.010 
2025-05-23 10:51:08 | INFO |       17.666 ¦     1642           2              0.010 
2025-05-23 10:51:08 | INFO |       17.676 ¦     1643           2              0.010 
2025-05-23 10:51:08 | INFO |       17.686 ¦     1644           2              0.010 
2025-05-23 10:51:08 | INFO |       17.696 ¦     1645           2              0.010 
2025-05-23 10:51:08 | INFO |       17.706 ¦     1646           2              0.010 
2025-05-23 10:51:08 | INFO |       17.716 ¦     1647           2              0.010 
2025-05-23 10:51:08 | INFO |       17.726 ¦     1648           2              0.010 
2025-05-23 10:51:08 | INFO |       17.736 ¦     1649           2              0.010 
2025-05-23 10:51:08 | INFO |       17.746 ¦     1650           2              0.010 
2025-05-23 10:51:08 | INFO |       17.756 ¦     1651           2              0.010 
2025-05-23 10:51:08 | INFO |       17.766 ¦     1652           2              0.010 
2025-05-23 10:51:08 | INFO |       17.776 ¦     1653           2              0.010 
2025-05-23 10:51:08 | INFO |       17.786 ¦     1654           2              0.010 
2025-05-23 10:51:08 | INFO |       17.796 ¦     1655           2              0.010 
2025-05-23 10:51:08 | INFO |       17.806 ¦     1656           2              0.010 
2025-05-23 10:51:08 | INFO |       17.816 ¦     1657           2              0.010 
2025-05-23 10:51:08 | INFO |       17.826 ¦     1658           2              0.010 
2025-05-23 10:51:08 | INFO |       17.836 ¦     1659           2              0.010 
2025-05-23 10:51:08 | INFO |       17.846 ¦     1660           2              0.010 
2025-05-23 10:51:08 | INFO |       17.856 ¦     1661           2              0.010 
2025-05-23 10:51:08 | INFO |       17.866 ¦     1662           2              0.010 
2025-05-23 10:51:08 | INFO |       17.876 ¦     1663           2              0.010 
2025-05-23 10:51:08 | INFO |       17.886 ¦     1664           2              0.010 
2025-05-23 10:51:08 | INFO |       17.896 ¦     1665           2              0.010 
2025-05-23 10:51:08 | INFO |       17.906 ¦     1666           2              0.010 
2025-05-23 10:51:08 | INFO |       17.916 ¦     1667           2              0.010 
2025-05-23 10:51:08 | INFO |       17.926 ¦     1668           2              0.010 
2025-05-23 10:51:08 | INFO |       17.936 ¦     1669           2              0.010 
2025-05-23 10:51:08 | INFO |       17.946 ¦     1670           2              0.010 
2025-05-23 10:51:08 | INFO |       17.956 ¦     1671           2              0.010 
2025-05-23 10:51:08 | INFO |       17.966 ¦     1672           2              0.010 
2025-05-23 10:51:08 | INFO |       17.976 ¦     1673           2              0.010 
2025-05-23 10:51:08 | INFO |       17.986 ¦     1674           2              0.010 
2025-05-23 10:51:08 | INFO |       17.996 ¦     1675           2              0.010 
2025-05-23 10:51:08 | INFO |       18.006 ¦     1676           2              0.010 
2025-05-23 10:51:08 | INFO |       18.016 ¦     1677           2              0.010 
2025-05-23 10:51:08 | INFO |       18.026 ¦     1678           2              0.010 
2025-05-23 10:51:08 | INFO |       18.036 ¦     1679           2              0.010 
2025-05-23 10:51:08 | INFO |       18.046 ¦     1680           2              0.010 
2025-05-23 10:51:08 | INFO |       18.056 ¦     1681           2              0.010 
2025-05-23 10:51:08 | INFO |       18.066 ¦     1682           2              0.010 
2025-05-23 10:51:08 | INFO |       18.076 ¦     1683           2              0.010 
2025-05-23 10:51:08 | INFO |       18.086 ¦     1684           2              0.010 
2025-05-23 10:51:08 | INFO |       18.096 ¦     1685           2              0.010 
2025-05-23 10:51:08 | INFO |       18.106 ¦     1686           2              0.010 
2025-05-23 10:51:08 | INFO |       18.116 ¦     1687           2              0.010 
2025-05-23 10:51:08 | INFO |       18.126 ¦     1688           2              0.010 
2025-05-23 10:51:08 | INFO |       18.136 ¦     1689           2              0.010 
2025-05-23 10:51:08 | INFO |       18.146 ¦     1690           2              0.010 
2025-05-23 10:51:08 | INFO |       18.156 ¦     1691           2              0.010 
2025-05-23 10:51:08 | INFO |       18.166 ¦     1692           2              0.010 
2025-05-23 10:51:08 | INFO |       18.176 ¦     1693           2              0.010 
2025-05-23 10:51:08 | INFO |       18.186 ¦     1694           2              0.010 
2025-05-23 10:51:08 | INFO |       18.196 ¦     1695           2              0.010 
2025-05-23 10:51:08 | INFO |       18.206 ¦     1696           2              0.010 
2025-05-23 10:51:08 | INFO |       18.216 ¦     1697           2              0.010 
2025-05-23 10:51:08 | INFO |       18.226 ¦     1698           2              0.010 
2025-05-23 10:51:08 | INFO |       18.236 ¦     1699           2              0.010 
2025-05-23 10:51:08 | INFO |       18.246 ¦     1700           2              0.010 
2025-05-23 10:51:08 | INFO |       18.256 ¦     1701           2              0.010 
2025-05-23 10:51:08 | INFO |       18.266 ¦     1702           2              0.010 
2025-05-23 10:51:08 | INFO |       18.276 ¦     1703           2              0.010 
2025-05-23 10:51:08 | INFO |       18.286 ¦     1704           2              0.010 
2025-05-23 10:51:08 | INFO |       18.296 ¦     1705           2              0.010 
2025-05-23 10:51:08 | INFO |       18.306 ¦     1706           2              0.010 
2025-05-23 10:51:08 | INFO |       18.316 ¦     1707           2              0.010 
2025-05-23 10:51:08 | INFO |       18.326 ¦     1708           2              0.010 
2025-05-23 10:51:08 | INFO |       18.336 ¦     1709           2              0.010 
2025-05-23 10:51:08 | INFO |       18.346 ¦     1710           2              0.010 
2025-05-23 10:51:08 | INFO |       18.356 ¦     1711           2              0.010 
2025-05-23 10:51:08 | INFO |       18.366 ¦     1712           2              0.010 
2025-05-23 10:51:08 | INFO |       18.376 ¦     1713           2              0.010 
2025-05-23 10:51:08 | INFO |       18.386 ¦     1714           2              0.010 
2025-05-23 10:51:08 | INFO |       18.396 ¦     1715           2              0.010 
2025-05-23 10:51:08 | INFO |       18.406 ¦     1716           2              0.010 
2025-05-23 10:51:08 | INFO |       18.416 ¦     1717           2              0.010 
2025-05-23 10:51:08 | INFO |       18.426 ¦     1718           2              0.010 
2025-05-23 10:51:08 | INFO |       18.436 ¦     1719           2              0.010 
2025-05-23 10:51:08 | INFO |       18.446 ¦     1720           2              0.010 
2025-05-23 10:51:08 | INFO |       18.456 ¦     1721           2              0.010 
2025-05-23 10:51:08 | INFO |       18.466 ¦     1722           2              0.010 
2025-05-23 10:51:08 | INFO |       18.476 ¦     1723           2              0.010 
2025-05-23 10:51:08 | INFO |       18.486 ¦     1724           2              0.010 
2025-05-23 10:51:08 | INFO |       18.496 ¦     1725           2              0.010 
2025-05-23 10:51:08 | INFO |       18.506 ¦     1726           2              0.010 
2025-05-23 10:51:08 | INFO |       18.516 ¦     1727           2              0.010 
2025-05-23 10:51:08 | INFO |       18.526 ¦     1728           2              0.010 
2025-05-23 10:51:08 | INFO |       18.536 ¦     1729           2              0.010 
2025-05-23 10:51:08 | INFO |       18.546 ¦     1730           2              0.010 
2025-05-23 10:51:08 | INFO |       18.556 ¦     1731           2              0.010 
2025-05-23 10:51:08 | INFO |       18.566 ¦     1732           2              0.010 
2025-05-23 10:51:08 | INFO |       18.576 ¦     1733           2              0.010 
2025-05-23 10:51:08 | INFO |       18.586 ¦     1734           2              0.010 
2025-05-23 10:51:08 | INFO |       18.596 ¦     1735           2              0.010 
2025-05-23 10:51:08 | INFO |       18.606 ¦     1736           2              0.010 
2025-05-23 10:51:08 | INFO |       18.616 ¦     1737           2              0.010 
2025-05-23 10:51:08 | INFO |       18.626 ¦     1738           2              0.010 
2025-05-23 10:51:08 | INFO |       18.636 ¦     1739           2              0.010 
2025-05-23 10:51:08 | INFO |       18.646 ¦     1740           2              0.010 
2025-05-23 10:51:08 | INFO |       18.656 ¦     1741           2              0.010 
2025-05-23 10:51:08 | INFO |       18.666 ¦     1742           2              0.010 
2025-05-23 10:51:08 | INFO |       18.676 ¦     1743           2              0.010 
2025-05-23 10:51:08 | INFO |       18.686 ¦     1744           2              0.010 
2025-05-23 10:51:08 | INFO |       18.696 ¦     1745           2              0.010 
2025-05-23 10:51:08 | INFO |       18.706 ¦     1746           2              0.010 
2025-05-23 10:51:08 | INFO |       18.716 ¦     1747           2              0.010 
2025-05-23 10:51:08 | INFO |       18.726 ¦     1748           2              0.010 
2025-05-23 10:51:08 | INFO |       18.736 ¦     1749           2              0.010 
2025-05-23 10:51:08 | INFO |       18.746 ¦     1750           2              0.010 
2025-05-23 10:51:08 | INFO |       18.756 ¦     1751           2              0.010 
2025-05-23 10:51:08 | INFO |       18.766 ¦     1752           2              0.010 
2025-05-23 10:51:08 | INFO |       18.776 ¦     1753           2              0.010 
2025-05-23 10:51:08 | INFO |       18.786 ¦     1754           2              0.010 
2025-05-23 10:51:08 | INFO |       18.796 ¦     1755           2              0.010 
2025-05-23 10:51:08 | INFO |       18.806 ¦     1756           2              0.010 
2025-05-23 10:51:08 | INFO |       18.816 ¦     1757           2              0.010 
2025-05-23 10:51:08 | INFO |       18.826 ¦     1758           2              0.010 
2025-05-23 10:51:08 | INFO |       18.836 ¦     1759           2              0.010 
2025-05-23 10:51:08 | INFO |       18.846 ¦     1760           2              0.010 
2025-05-23 10:51:08 | INFO |       18.856 ¦     1761           2              0.010 
2025-05-23 10:51:08 | INFO |       18.866 ¦     1762           2              0.010 
2025-05-23 10:51:08 | INFO |       18.876 ¦     1763           2              0.010 
2025-05-23 10:51:08 | INFO |       18.886 ¦     1764           2              0.010 
2025-05-23 10:51:08 | INFO |       18.896 ¦     1765           2              0.010 
2025-05-23 10:51:08 | INFO |       18.906 ¦     1766           2              0.010 
2025-05-23 10:51:08 | INFO |       18.916 ¦     1767           2              0.010 
2025-05-23 10:51:08 | INFO |       18.926 ¦     1768           2              0.010 
2025-05-23 10:51:08 | INFO |       18.936 ¦     1769           2              0.010 
2025-05-23 10:51:08 | INFO |       18.946 ¦     1770           2              0.010 
2025-05-23 10:51:08 | INFO |       18.956 ¦     1771           2              0.010 
2025-05-23 10:51:08 | INFO |       18.966 ¦     1772           2              0.010 
2025-05-23 10:51:08 | INFO |       18.976 ¦     1773           2              0.010 
2025-05-23 10:51:08 | INFO |       18.986 ¦     1774           2              0.010 
2025-05-23 10:51:08 | INFO |       18.996 ¦     1775           2              0.010 
2025-05-23 10:51:08 | INFO |       19.006 ¦     1776           2              0.010 
2025-05-23 10:51:08 | INFO |       19.016 ¦     1777           2              0.010 
2025-05-23 10:51:08 | INFO |       19.026 ¦     1778           2              0.010 
2025-05-23 10:51:08 | INFO |       19.036 ¦     1779           2              0.010 
2025-05-23 10:51:08 | INFO |       19.046 ¦     1780           2              0.010 
2025-05-23 10:51:08 | INFO |       19.056 ¦     1781           2              0.010 
2025-05-23 10:51:08 | INFO |       19.066 ¦     1782           2              0.010 
2025-05-23 10:51:08 | INFO |       19.076 ¦     1783           2              0.010 
2025-05-23 10:51:08 | INFO |       19.086 ¦     1784           2              0.010 
2025-05-23 10:51:08 | INFO |       19.096 ¦     1785           2              0.010 
2025-05-23 10:51:08 | INFO |       19.106 ¦     1786           2              0.010 
2025-05-23 10:51:08 | INFO |       19.116 ¦     1787           2              0.010 
2025-05-23 10:51:08 | INFO |       19.126 ¦     1788           2              0.010 
2025-05-23 10:51:08 | INFO |       19.136 ¦     1789           2              0.010 
2025-05-23 10:51:08 | INFO |       19.146 ¦     1790           2              0.010 
2025-05-23 10:51:08 | INFO |       19.156 ¦     1791           2              0.010 
2025-05-23 10:51:08 | INFO |       19.166 ¦     1792           2              0.010 
2025-05-23 10:51:08 | INFO |       19.176 ¦     1793           2              0.010 
2025-05-23 10:51:08 | INFO |       19.186 ¦     1794           2              0.010 
2025-05-23 10:51:08 | INFO |       19.196 ¦     1795           2              0.010 
2025-05-23 10:51:08 | INFO |       19.206 ¦     1796           2              0.010 
2025-05-23 10:51:08 | INFO |       19.216 ¦     1797           2              0.010 
2025-05-23 10:51:08 | INFO |       19.226 ¦     1798           2              0.010 
2025-05-23 10:51:08 | INFO |       19.236 ¦     1799           2              0.010 
2025-05-23 10:51:08 | INFO |       19.246 ¦     1800           2              0.010 
2025-05-23 10:51:08 | INFO |       19.256 ¦     1801           2              0.010 
2025-05-23 10:51:08 | INFO |       19.266 ¦     1802           2              0.010 
2025-05-23 10:51:08 | INFO |       19.276 ¦     1803           2              0.010 
2025-05-23 10:51:08 | INFO |       19.286 ¦     1804           2              0.010 
2025-05-23 10:51:08 | INFO |       19.296 ¦     1805           2              0.010 
2025-05-23 10:51:08 | INFO |       19.306 ¦     1806           2              0.010 
2025-05-23 10:51:08 | INFO |       19.316 ¦     1807           2              0.010 
2025-05-23 10:51:08 | INFO |       19.326 ¦     1808           2              0.010 
2025-05-23 10:51:08 | INFO |       19.336 ¦     1809           2              0.010 
2025-05-23 10:51:08 | INFO |       19.346 ¦     1810           2              0.010 
2025-05-23 10:51:08 | INFO |       19.356 ¦     1811           2              0.010 
2025-05-23 10:51:08 | INFO |       19.366 ¦     1812           2              0.010 
2025-05-23 10:51:08 | INFO |       19.376 ¦     1813           2              0.010 
2025-05-23 10:51:08 | INFO |       19.386 ¦     1814           2              0.010 
2025-05-23 10:51:08 | INFO |       19.396 ¦     1815           2              0.010 
2025-05-23 10:51:08 | INFO |       19.406 ¦     1816           2              0.010 
2025-05-23 10:51:08 | INFO |       19.416 ¦     1817           2              0.010 
2025-05-23 10:51:08 | INFO |       19.426 ¦     1818           2              0.010 
2025-05-23 10:51:08 | INFO |       19.436 ¦     1819           2              0.010 
2025-05-23 10:51:08 | INFO |       19.446 ¦     1820           2              0.010 
2025-05-23 10:51:08 | INFO |       19.456 ¦     1821           2              0.010 
2025-05-23 10:51:08 | INFO |       19.466 ¦     1822           2              0.010 
2025-05-23 10:51:08 | INFO |       19.476 ¦     1823           2              0.010 
2025-05-23 10:51:08 | INFO |       19.486 ¦     1824           2              0.010 
2025-05-23 10:51:08 | INFO |       19.496 ¦     1825           2              0.010 
2025-05-23 10:51:08 | INFO |       19.506 ¦     1826           2              0.010 
2025-05-23 10:51:08 | INFO |       19.516 ¦     1827           2              0.010 
2025-05-23 10:51:08 | INFO |       19.526 ¦     1828           2              0.010 
2025-05-23 10:51:08 | INFO |       19.536 ¦     1829           2              0.010 
2025-05-23 10:51:08 | INFO |       19.546 ¦     1830           2              0.010 
2025-05-23 10:51:08 | INFO |       19.556 ¦     1831           2              0.010 
2025-05-23 10:51:08 | INFO |       19.566 ¦     1832           2              0.010 
2025-05-23 10:51:08 | INFO |       19.576 ¦     1833           2              0.010 
2025-05-23 10:51:08 | INFO |       19.586 ¦     1834           2              0.010 
2025-05-23 10:51:08 | INFO |       19.596 ¦     1835           2              0.010 
2025-05-23 10:51:08 | INFO |       19.606 ¦     1836           2              0.010 
2025-05-23 10:51:08 | INFO |       19.616 ¦     1837           2              0.010 
2025-05-23 10:51:08 | INFO |       19.626 ¦     1838           2              0.010 
2025-05-23 10:51:08 | INFO |       19.636 ¦     1839           2              0.010 
2025-05-23 10:51:08 | INFO |       19.646 ¦     1840           2              0.010 
2025-05-23 10:51:08 | INFO |       19.656 ¦     1841           2              0.010 
2025-05-23 10:51:08 | INFO |       19.666 ¦     1842           2              0.010 
2025-05-23 10:51:08 | INFO |       19.676 ¦     1843           2              0.010 
2025-05-23 10:51:08 | INFO |       19.686 ¦     1844           2              0.010 
2025-05-23 10:51:08 | INFO |       19.696 ¦     1845           2              0.010 
2025-05-23 10:51:08 | INFO |       19.706 ¦     1846           2              0.010 
2025-05-23 10:51:08 | INFO |       19.716 ¦     1847           2              0.010 
2025-05-23 10:51:08 | INFO |       19.726 ¦     1848           2              0.010 
2025-05-23 10:51:08 | INFO |       19.736 ¦     1849           2              0.010 
2025-05-23 10:51:08 | INFO |       19.746 ¦     1850           2              0.010 
2025-05-23 10:51:08 | INFO |       19.756 ¦     1851           2              0.010 
2025-05-23 10:51:08 | INFO |       19.766 ¦     1852           2              0.010 
2025-05-23 10:51:08 | INFO |       19.776 ¦     1853           2              0.010 
2025-05-23 10:51:08 | INFO |       19.786 ¦     1854           2              0.010 
2025-05-23 10:51:08 | INFO |       19.796 ¦     1855           2              0.010 
2025-05-23 10:51:08 | INFO |       19.806 ¦     1856           2              0.010 
2025-05-23 10:51:08 | INFO |       19.816 ¦     1857           2              0.010 
2025-05-23 10:51:08 | INFO |       19.826 ¦     1858           2              0.010 
2025-05-23 10:51:08 | INFO |       19.836 ¦     1859           2              0.010 
2025-05-23 10:51:08 | INFO |       19.846 ¦     1860           2              0.010 
2025-05-23 10:51:08 | INFO |       19.856 ¦     1861           2              0.010 
2025-05-23 10:51:08 | INFO |       19.866 ¦     1862           2              0.010 
2025-05-23 10:51:08 | INFO |       19.876 ¦     1863           2              0.010 
2025-05-23 10:51:08 | INFO |       19.886 ¦     1864           2              0.010 
2025-05-23 10:51:08 | INFO |       19.896 ¦     1865           2              0.010 
2025-05-23 10:51:08 | INFO |       19.906 ¦     1866           2              0.010 
2025-05-23 10:51:08 | INFO |       19.916 ¦     1867           2              0.010 
2025-05-23 10:51:08 | INFO |       19.926 ¦     1868           2              0.010 
2025-05-23 10:51:08 | INFO |       19.936 ¦     1869           2              0.010 
2025-05-23 10:51:08 | INFO |       19.946 ¦     1870           2              0.010 
2025-05-23 10:51:08 | INFO |       19.956 ¦     1871           2              0.010 
2025-05-23 10:51:08 | INFO |       19.966 ¦     1872           2              0.010 
2025-05-23 10:51:08 | INFO |       19.976 ¦     1873           2              0.010 
2025-05-23 10:51:08 | INFO |       19.986 ¦     1874           2              0.010 
2025-05-23 10:51:08 | INFO |       19.996 ¦     1875           2              0.010 
2025-05-23 10:51:08 | INFO | Algebraic mode change at t = 20
2025-05-23 10:51:08 | INFO |       20.000 ¦     1876           2              0.010 
2025-05-23 10:51:08 | INFO | calculation of the new starting point of the simulation.
2025-05-23 10:51:08 | INFO | Algebraic mode change at t = 20
2025-05-23 10:51:08 | INFO |       20.000 ¦        0           0              0.000 
2025-05-23 10:51:08 | INFO |       20.000 ¦        1           1              0.000 
2025-05-23 10:51:08 | INFO |       20.000 ¦        2           1              0.000 
2025-05-23 10:51:08 | INFO |       20.000 ¦        3           2              0.000 
2025-05-23 10:51:08 | INFO |       20.000 ¦        4           2              0.000 
2025-05-23 10:51:08 | INFO |       20.000 ¦        5           2              0.000 
2025-05-23 10:51:08 | INFO |       20.000 ¦        6           2              0.000 
2025-05-23 10:51:08 | INFO |       20.000 ¦        7           2              0.000 
2025-05-23 10:51:08 | INFO |       20.000 ¦        8           2              0.000 
2025-05-23 10:51:08 | INFO | Algebraic mode change at t = 20.0002
2025-05-23 10:51:08 | INFO |       20.000 ¦        9           2              0.000 
2025-05-23 10:51:08 | INFO | calculation of the new starting point of the simulation.
2025-05-23 10:51:08 | INFO |       20.000 ¦        0           0              0.000 
2025-05-23 10:51:08 | INFO |       20.000 ¦        1           1              0.000 
2025-05-23 10:51:08 | INFO |       20.000 ¦        2           1              0.000 
2025-05-23 10:51:08 | INFO |       20.000 ¦        3           2              0.000 
2025-05-23 10:51:08 | INFO |       20.000 ¦        4           2              0.000 
2025-05-23 10:51:08 | INFO |       20.000 ¦        5           2              0.000 
2025-05-23 10:51:08 | INFO |       20.000 ¦        6           2              0.000 
2025-05-23 10:51:08 | INFO |       20.000 ¦        7           2              0.000 
2025-05-23 10:51:08 | INFO |       20.000 ¦        8           2              0.000 
2025-05-23 10:51:08 | INFO |       20.000 ¦        9           2              0.000 
2025-05-23 10:51:08 | INFO |       20.001 ¦       10           2              0.000 
2025-05-23 10:51:08 | INFO |       20.001 ¦       11           2              0.000 
2025-05-23 10:51:08 | INFO |       20.001 ¦       12           2              0.000 
2025-05-23 10:51:08 | INFO |       20.001 ¦       13           2              0.000 
2025-05-23 10:51:08 | INFO |       20.001 ¦       14           2              0.000 
2025-05-23 10:51:08 | INFO |       20.001 ¦       15           2              0.000 
2025-05-23 10:51:08 | INFO | Algebraic mode change at t = 20.0013
2025-05-23 10:51:08 | INFO |       20.001 ¦       16           2              0.000 
2025-05-23 10:51:08 | INFO | calculation of the new starting point of the simulation.
2025-05-23 10:51:08 | INFO |       20.001 ¦        0           0              0.000 
2025-05-23 10:51:08 | INFO | Algebraic mode change at t = 20.0013
2025-05-23 10:51:08 | INFO |       20.001 ¦        1           1              0.000 
2025-05-23 10:51:08 | INFO | calculation of the new starting point of the simulation.
2025-05-23 10:51:08 | INFO |       20.001 ¦        0           0              0.000 
2025-05-23 10:51:08 | INFO |       20.001 ¦        1           1              0.000 
2025-05-23 10:51:08 | INFO |       20.001 ¦        2           1              0.000 
2025-05-23 10:51:08 | INFO |       20.001 ¦        3           2              0.000 
2025-05-23 10:51:08 | INFO |       20.001 ¦        4           2              0.000 
2025-05-23 10:51:08 | INFO |       20.001 ¦        5           2              0.000 
2025-05-23 10:51:08 | INFO |       20.001 ¦        6           2              0.000 
2025-05-23 10:51:08 | INFO |       20.001 ¦        7           2              0.000 
2025-05-23 10:51:08 | INFO |       20.001 ¦        8           2              0.000 
2025-05-23 10:51:08 | INFO |       20.002 ¦        9           2              0.000 
2025-05-23 10:51:08 | INFO |       20.002 ¦       10           2              0.000 
2025-05-23 10:51:08 | INFO |       20.002 ¦       11           2              0.000 
2025-05-23 10:51:08 | INFO |       20.002 ¦       12           2              0.000 
2025-05-23 10:51:08 | INFO |       20.002 ¦       13           2              0.000 
2025-05-23 10:51:08 | INFO |       20.002 ¦       14           2              0.000 
2025-05-23 10:51:08 | INFO |       20.002 ¦       15           2              0.000 
2025-05-23 10:51:08 | INFO |       20.002 ¦       16           2              0.000 
2025-05-23 10:51:08 | INFO |       20.003 ¦       17           2              0.000 
2025-05-23 10:51:08 | INFO | Algebraic mode change at t = 20.0027
2025-05-23 10:51:08 | INFO |       20.003 ¦       18           2              0.000 
2025-05-23 10:51:08 | INFO | calculation of the new starting point of the simulation.
2025-05-23 10:51:08 | INFO |       20.003 ¦        0           0              0.000 
2025-05-23 10:51:08 | INFO |       20.003 ¦        1           1              0.000 
2025-05-23 10:51:08 | INFO |       20.003 ¦        2           1              0.000 
2025-05-23 10:51:08 | INFO |       20.003 ¦        3           2              0.000 
2025-05-23 10:51:08 | INFO |       20.003 ¦        4           2              0.000 
2025-05-23 10:51:08 | INFO |       20.003 ¦        5           2              0.000 
2025-05-23 10:51:08 | INFO |       20.003 ¦        6           2              0.000 
2025-05-23 10:51:08 | INFO | Algebraic mode change at t = 20.0027
2025-05-23 10:51:08 | INFO |       20.003 ¦        7           2              0.000 
2025-05-23 10:51:08 | INFO | calculation of the new starting point of the simulation.
2025-05-23 10:51:08 | INFO |       20.003 ¦        0           0              0.000 
2025-05-23 10:51:08 | INFO |       20.003 ¦        1           1              0.000 
2025-05-23 10:51:08 | INFO |       20.003 ¦        2           1              0.000 
2025-05-23 10:51:08 | INFO |       20.003 ¦        3           2              0.000 
2025-05-23 10:51:08 | INFO |       20.003 ¦        4           2              0.000 
2025-05-23 10:51:08 | INFO |       20.003 ¦        5           2              0.000 
2025-05-23 10:51:08 | INFO |       20.003 ¦        6           2              0.000 
2025-05-23 10:51:08 | INFO |       20.003 ¦        7           2              0.000 
2025-05-23 10:51:08 | INFO |       20.003 ¦        8           2              0.000 
2025-05-23 10:51:08 | INFO |       20.003 ¦        9           2              0.000 
2025-05-23 10:51:08 | INFO |       20.003 ¦       10           2              0.000 
2025-05-23 10:51:08 | INFO |       20.004 ¦       11           2              0.000 
2025-05-23 10:51:08 | INFO | Algebraic mode (with J recalculation) change at t = 20.0037
2025-05-23 10:51:08 | INFO |       20.004 ¦       12           2              0.000 
2025-05-23 10:51:08 | INFO | calculation of the new starting point of the simulation.
2025-05-23 10:51:08 | INFO |       20.004 ¦        0           0              0.000 
2025-05-23 10:51:08 | INFO | Algebraic mode change at t = 20.0037
2025-05-23 10:51:08 | INFO |       20.004 ¦        1           1              0.000 
2025-05-23 10:51:08 | INFO | calculation of the new starting point of the simulation.
2025-05-23 10:51:08 | INFO |       20.004 ¦        0           0              0.000 
2025-05-23 10:51:08 | INFO |       20.004 ¦        1           1              0.000 
2025-05-23 10:51:08 | INFO |       20.004 ¦        2           1              0.000 
2025-05-23 10:51:08 | INFO |       20.004 ¦        3           2              0.000 
2025-05-23 10:51:08 | INFO |       20.004 ¦        4           2              0.000 
2025-05-23 10:51:08 | INFO |       20.004 ¦        5           2              0.000 
2025-05-23 10:51:08 | INFO |       20.004 ¦        6           2              0.000 
2025-05-23 10:51:08 | INFO |       20.004 ¦        7           2              0.000 
2025-05-23 10:51:08 | INFO |       20.004 ¦        8           2              0.000 
2025-05-23 10:51:08 | INFO |       20.004 ¦        9           2              0.000 
2025-05-23 10:51:08 | INFO |       20.004 ¦       10           2              0.000 
2025-05-23 10:51:08 | INFO |       20.004 ¦       11           2              0.000 
2025-05-23 10:51:08 | INFO |       20.004 ¦       12           2              0.000 
2025-05-23 10:51:08 | INFO |       20.005 ¦       13           2              0.000 
2025-05-23 10:51:08 | INFO |       20.005 ¦       14           2              0.000 
2025-05-23 10:51:08 | INFO |       20.005 ¦       15           2              0.000 
2025-05-23 10:51:08 | INFO | Algebraic mode change at t = 20.0055
2025-05-23 10:51:08 | INFO |       20.005 ¦       16           2              0.000 
2025-05-23 10:51:08 | INFO | calculation of the new starting point of the simulation.
2025-05-23 10:51:08 | INFO |       20.005 ¦        0           0              0.000 
2025-05-23 10:51:08 | INFO |       20.005 ¦        1           1              0.000 
2025-05-23 10:51:08 | INFO |       20.005 ¦        2           1              0.000 
2025-05-23 10:51:08 | INFO |       20.006 ¦        3           2              0.000 
2025-05-23 10:51:08 | INFO |       20.006 ¦        4           2              0.000 
2025-05-23 10:51:08 | INFO |       20.006 ¦        5           2              0.000 
2025-05-23 10:51:08 | INFO |       20.006 ¦        6           2              0.000 
2025-05-23 10:51:08 | INFO |       20.006 ¦        7           2              0.000 
2025-05-23 10:51:08 | INFO |       20.006 ¦        8           2              0.000 
2025-05-23 10:51:08 | INFO |       20.006 ¦        9           2              0.000 
2025-05-23 10:51:08 | INFO |       20.006 ¦       10           2              0.000 
2025-05-23 10:51:08 | INFO |       20.006 ¦       11           2              0.000 
2025-05-23 10:51:08 | INFO |       20.007 ¦       12           2              0.000 
2025-05-23 10:51:08 | INFO |       20.007 ¦       13           2              0.000 
2025-05-23 10:51:08 | INFO | Algebraic mode (with J recalculation) change at t = 20.0068
2025-05-23 10:51:08 | INFO |       20.007 ¦       14           2              0.000 
2025-05-23 10:51:08 | INFO | calculation of the new starting point of the simulation.
2025-05-23 10:51:08 | INFO |       20.007 ¦        0           0              0.000 
2025-05-23 10:51:08 | INFO |       20.007 ¦        1           1              0.000 
2025-05-23 10:51:08 | INFO |       20.007 ¦        2           1              0.000 
2025-05-23 10:51:08 | INFO |       20.007 ¦        3           2              0.000 
2025-05-23 10:51:08 | INFO |       20.007 ¦        4           2              0.000 
2025-05-23 10:51:08 | INFO |       20.007 ¦        5           2              0.000 
2025-05-23 10:51:08 | INFO |       20.007 ¦        6           2              0.000 
2025-05-23 10:51:08 | INFO |       20.007 ¦        7           2              0.000 
2025-05-23 10:51:08 | INFO |       20.007 ¦        8           2              0.000 
2025-05-23 10:51:08 | INFO |       20.007 ¦        9           2              0.000 
2025-05-23 10:51:08 | INFO |       20.007 ¦       10           2              0.000 
2025-05-23 10:51:08 | INFO |       20.008 ¦       11           2              0.000 
2025-05-23 10:51:08 | INFO |       20.008 ¦       12           2              0.000 
2025-05-23 10:51:08 | INFO |       20.008 ¦       13           2              0.000 
2025-05-23 10:51:08 | INFO |       20.009 ¦       14           2              0.001 
2025-05-23 10:51:08 | INFO |       20.009 ¦       15           2              0.001 
2025-05-23 10:51:08 | INFO |       20.010 ¦       16           2              0.001 
2025-05-23 10:51:08 | INFO |       20.010 ¦       17           2              0.001 
2025-05-23 10:51:08 | INFO |       20.011 ¦       18           2              0.001 
2025-05-23 10:51:08 | INFO |       20.011 ¦       19           2              0.001 
2025-05-23 10:51:08 | INFO |       20.012 ¦       20           2              0.001 
2025-05-23 10:51:08 | INFO |       20.012 ¦       21           2              0.001 
2025-05-23 10:51:08 | INFO |       20.013 ¦       22           2              0.001 
2025-05-23 10:51:08 | INFO |       20.014 ¦       23           2              0.001 
2025-05-23 10:51:08 | INFO |       20.015 ¦       24           2              0.001 
2025-05-23 10:51:08 | INFO |       20.016 ¦       25           2              0.001 
2025-05-23 10:51:08 | INFO |       20.017 ¦       26           2              0.001 
2025-05-23 10:51:08 | INFO |       20.018 ¦       27           2              0.001 
2025-05-23 10:51:08 | INFO |       20.019 ¦       28           2              0.001 
2025-05-23 10:51:08 | INFO |       20.020 ¦       29           2              0.001 
2025-05-23 10:51:08 | INFO |       20.021 ¦       30           2              0.001 
2025-05-23 10:51:08 | INFO |       20.021 ¦       31           2              0.001 
2025-05-23 10:51:08 | INFO |       20.022 ¦       32           2              0.001 
2025-05-23 10:51:08 | INFO |       20.023 ¦       33           2              0.001 
2025-05-23 10:51:08 | INFO |       20.024 ¦       34           2              0.001 
2025-05-23 10:51:08 | INFO |       20.025 ¦       35           2              0.001 
2025-05-23 10:51:08 | INFO |       20.026 ¦       36           2              0.001 
2025-05-23 10:51:08 | INFO |       20.027 ¦       37           2              0.001 
2025-05-23 10:51:08 | INFO |       20.028 ¦       38           2              0.001 
2025-05-23 10:51:08 | INFO |       20.029 ¦       39           2              0.001 
2025-05-23 10:51:08 | INFO |       20.030 ¦       40           2              0.001 
2025-05-23 10:51:08 | INFO |       20.031 ¦       41           2              0.001 
2025-05-23 10:51:08 | INFO |       20.032 ¦       42           2              0.001 
2025-05-23 10:51:08 | INFO |       20.033 ¦       43           2              0.001 
2025-05-23 10:51:08 | INFO |       20.033 ¦       44           2              0.001 
2025-05-23 10:51:08 | INFO |       20.034 ¦       45           2              0.001 
2025-05-23 10:51:08 | INFO |       20.035 ¦       46           2              0.001 
2025-05-23 10:51:08 | INFO |       20.036 ¦       47           2              0.001 
2025-05-23 10:51:08 | INFO |       20.037 ¦       48           2              0.001 
2025-05-23 10:51:08 | INFO |       20.038 ¦       49           2              0.001 
2025-05-23 10:51:08 | INFO |       20.039 ¦       50           2              0.001 
2025-05-23 10:51:08 | INFO |       20.040 ¦       51           2              0.001 
2025-05-23 10:51:08 | INFO |       20.041 ¦       52           2              0.001 
2025-05-23 10:51:08 | INFO |       20.042 ¦       53           2              0.001 
2025-05-23 10:51:08 | INFO |       20.043 ¦       54           2              0.001 
2025-05-23 10:51:08 | INFO |       20.044 ¦       55           2              0.001 
2025-05-23 10:51:08 | INFO |       20.045 ¦       56           2              0.001 
2025-05-23 10:51:08 | INFO |       20.045 ¦       57           2              0.001 
2025-05-23 10:51:08 | INFO |       20.046 ¦       58           2              0.001 
2025-05-23 10:51:08 | INFO |       20.048 ¦       59           2              0.002 
2025-05-23 10:51:08 | INFO |       20.050 ¦       60           2              0.002 
2025-05-23 10:51:08 | INFO |       20.052 ¦       61           2              0.002 
2025-05-23 10:51:08 | INFO | Algebraic mode change at t = 20.052
2025-05-23 10:51:08 | INFO |       20.052 ¦       62           2              0.002 
2025-05-23 10:51:08 | INFO | calculation of the new starting point of the simulation.
2025-05-23 10:51:08 | INFO |       20.052 ¦        0           0              0.000 
2025-05-23 10:51:08 | INFO |       20.052 ¦        1           1              0.000 
2025-05-23 10:51:08 | INFO |       20.052 ¦        2           1              0.000 
2025-05-23 10:51:08 | INFO |       20.052 ¦        3           2              0.000 
2025-05-23 10:51:08 | INFO |       20.052 ¦        4           2              0.000 
2025-05-23 10:51:08 | INFO |       20.052 ¦        5           2              0.000 
2025-05-23 10:51:08 | INFO |       20.052 ¦        6           2              0.000 
2025-05-23 10:51:08 | INFO |       20.052 ¦        7           2              0.000 
2025-05-23 10:51:08 | INFO |       20.052 ¦        8           2              0.000 
2025-05-23 10:51:08 | INFO |       20.052 ¦        9           2              0.000 
2025-05-23 10:51:08 | INFO |       20.053 ¦       10           2              0.000 
2025-05-23 10:51:08 | INFO | Algebraic mode change at t = 20.0526
2025-05-23 10:51:08 | INFO |       20.053 ¦       11           2              0.001 
2025-05-23 10:51:08 | INFO | calculation of the new starting point of the simulation.
2025-05-23 10:51:08 | INFO |       20.053 ¦        0           0              0.000 
2025-05-23 10:51:08 | INFO |       20.053 ¦        1           1              0.000 
2025-05-23 10:51:08 | INFO |       20.053 ¦        2           1              0.000 
2025-05-23 10:51:08 | INFO |       20.053 ¦        3           2              0.000 
2025-05-23 10:51:08 | INFO |       20.053 ¦        4           2              0.000 
2025-05-23 10:51:08 | INFO |       20.053 ¦        5           2              0.000 
2025-05-23 10:51:08 | INFO |       20.053 ¦        6           2              0.000 
2025-05-23 10:51:08 | INFO |       20.053 ¦        7           2              0.000 
2025-05-23 10:51:08 | INFO |       20.053 ¦        8           2              0.000 
2025-05-23 10:51:08 | INFO |       20.053 ¦        9           2              0.000 
2025-05-23 10:51:08 | INFO |       20.053 ¦       10           2              0.000 
2025-05-23 10:51:08 | INFO |       20.054 ¦       11           2              0.001 
2025-05-23 10:51:08 | INFO |       20.055 ¦       12           2              0.001 
2025-05-23 10:51:08 | INFO |       20.057 ¦       13           2              0.002 
2025-05-23 10:51:08 | INFO |       20.059 ¦       14           2              0.002 
2025-05-23 10:51:08 | INFO |       20.061 ¦       15           2              0.002 
2025-05-23 10:51:08 | INFO |       20.063 ¦       16           2              0.002 
2025-05-23 10:51:08 | INFO |       20.065 ¦       17           2              0.002 
2025-05-23 10:51:08 | INFO |       20.067 ¦       18           2              0.002 
2025-05-23 10:51:08 | INFO |       20.069 ¦       19           2              0.002 
2025-05-23 10:51:08 | INFO |       20.071 ¦       20           2              0.002 
2025-05-23 10:51:08 | INFO |       20.073 ¦       21           2              0.002 
2025-05-23 10:51:08 | INFO |       20.075 ¦       22           2              0.002 
2025-05-23 10:51:08 | INFO |       20.077 ¦       23           2              0.002 
2025-05-23 10:51:08 | INFO |       20.079 ¦       24           2              0.002 
2025-05-23 10:51:08 | INFO |       20.083 ¦       25           2              0.004 
2025-05-23 10:51:08 | INFO |       20.087 ¦       26           2              0.004 
2025-05-23 10:51:08 | INFO |       20.091 ¦       27           2              0.004 
2025-05-23 10:51:08 | INFO |       20.096 ¦       28           2              0.004 
2025-05-23 10:51:08 | INFO |       20.100 ¦       29           2              0.004 
2025-05-23 10:51:08 | INFO | Algebraic mode change at t = 20.1
2025-05-23 10:51:08 | INFO |       20.100 ¦       30           2              0.004 
2025-05-23 10:51:08 | INFO | calculation of the new starting point of the simulation.
2025-05-23 10:51:08 | INFO | Algebraic mode change at t = 20.1
2025-05-23 10:51:08 | INFO |       20.100 ¦        0           0              0.000 
2025-05-23 10:51:08 | INFO |       20.100 ¦        1           1              0.000 
2025-05-23 10:51:08 | INFO |       20.100 ¦        2           1              0.000 
2025-05-23 10:51:08 | INFO |       20.100 ¦        3           2              0.000 
2025-05-23 10:51:08 | INFO |       20.100 ¦        4           2              0.000 
2025-05-23 10:51:08 | INFO |       20.100 ¦        5           2              0.000 
2025-05-23 10:51:08 | INFO |       20.100 ¦        6           2              0.000 
2025-05-23 10:51:08 | INFO |       20.100 ¦        7           2              0.000 
2025-05-23 10:51:08 | INFO |       20.100 ¦        8           2              0.000 
2025-05-23 10:51:08 | INFO |       20.100 ¦        9           2              0.000 
2025-05-23 10:51:08 | INFO | Algebraic mode change at t = 20.1004
2025-05-23 10:51:08 | INFO |       20.100 ¦       10           2              0.000 
2025-05-23 10:51:08 | INFO | calculation of the new starting point of the simulation.
2025-05-23 10:51:08 | INFO |       20.100 ¦        0           0              0.000 
2025-05-23 10:51:08 | INFO |       20.100 ¦        1           1              0.000 
2025-05-23 10:51:08 | INFO |       20.100 ¦        2           1              0.000 
2025-05-23 10:51:08 | INFO |       20.100 ¦        3           2              0.000 
2025-05-23 10:51:08 | INFO |       20.100 ¦        4           2              0.000 
2025-05-23 10:51:08 | INFO |       20.100 ¦        5           2              0.000 
2025-05-23 10:51:08 | INFO |       20.100 ¦        6           2              0.000 
2025-05-23 10:51:08 | INFO |       20.100 ¦        7           2              0.000 
2025-05-23 10:51:08 | INFO |       20.101 ¦        8           2              0.000 
2025-05-23 10:51:08 | INFO |       20.101 ¦        9           2              0.000 
2025-05-23 10:51:08 | INFO |       20.101 ¦       10           2              0.000 
2025-05-23 10:51:08 | INFO |       20.101 ¦       11           2              0.000 
2025-05-23 10:51:08 | INFO |       20.101 ¦       12           2              0.000 
2025-05-23 10:51:08 | INFO |       20.101 ¦       13           2              0.000 
2025-05-23 10:51:08 | INFO |       20.101 ¦       14           2              0.000 
2025-05-23 10:51:08 | INFO |       20.101 ¦       15           2              0.000 
2025-05-23 10:51:08 | INFO |       20.102 ¦       16           2              0.000 
2025-05-23 10:51:08 | INFO |       20.102 ¦       17           1              0.000 
2025-05-23 10:51:08 | INFO |       20.102 ¦       18           1              0.000 
2025-05-23 10:51:08 | INFO |       20.103 ¦       19           1              0.000 
2025-05-23 10:51:08 | INFO |       20.103 ¦       20           2              0.001 
2025-05-23 10:51:08 | INFO |       20.104 ¦       21           2              0.001 
2025-05-23 10:51:08 | INFO |       20.105 ¦       22           2              0.001 
2025-05-23 10:51:08 | INFO |       20.105 ¦       23           2              0.001 
2025-05-23 10:51:08 | INFO |       20.106 ¦       24           2              0.001 
2025-05-23 10:51:08 | INFO |       20.107 ¦       25           2              0.001 
2025-05-23 10:51:08 | INFO | Algebraic mode change at t = 20.1074
2025-05-23 10:51:08 | INFO |       20.107 ¦       26           2              0.001 
2025-05-23 10:51:08 | INFO | calculation of the new starting point of the simulation.
2025-05-23 10:51:08 | INFO |       20.107 ¦        0           0              0.000 
2025-05-23 10:51:08 | INFO |       20.107 ¦        1           1              0.000 
2025-05-23 10:51:08 | INFO |       20.107 ¦        2           1              0.000 
2025-05-23 10:51:08 | INFO |       20.107 ¦        3           2              0.000 
2025-05-23 10:51:08 | INFO |       20.107 ¦        4           2              0.000 
2025-05-23 10:51:08 | INFO |       20.107 ¦        5           2              0.000 
2025-05-23 10:51:08 | INFO |       20.107 ¦        6           2              0.000 
2025-05-23 10:51:08 | INFO |       20.107 ¦        7           2              0.000 
2025-05-23 10:51:08 | INFO |       20.108 ¦        8           2              0.000 
2025-05-23 10:51:08 | INFO |       20.108 ¦        9           2              0.000 
2025-05-23 10:51:08 | INFO |       20.108 ¦       10           2              0.000 
2025-05-23 10:51:08 | INFO |       20.108 ¦       11           2              0.001 
2025-05-23 10:51:08 | INFO |       20.109 ¦       12           2              0.001 
2025-05-23 10:51:08 | INFO |       20.112 ¦       13           2              0.002 
2025-05-23 10:51:08 | INFO |       20.114 ¦       14           2              0.002 
2025-05-23 10:51:08 | INFO |       20.116 ¦       15           2              0.002 
2025-05-23 10:51:08 | INFO | Algebraic mode change at t = 20.1176
2025-05-23 10:51:08 | INFO |       20.118 ¦       16           2              0.002 
2025-05-23 10:51:08 | INFO | calculation of the new starting point of the simulation.
2025-05-23 10:51:08 | INFO |       20.118 ¦        0           0              0.000 
2025-05-23 10:51:08 | INFO | Algebraic mode change at t = 20.1176
2025-05-23 10:51:08 | INFO |       20.118 ¦        1           1              0.000 
2025-05-23 10:51:08 | INFO | calculation of the new starting point of the simulation.
2025-05-23 10:51:08 | INFO |       20.118 ¦        0           0              0.000 
2025-05-23 10:51:08 | INFO |       20.118 ¦        1           1              0.000 
2025-05-23 10:51:08 | INFO |       20.118 ¦        2           1              0.000 
2025-05-23 10:51:08 | INFO | Algebraic mode change at t = 20.1176
2025-05-23 10:51:08 | INFO |       20.118 ¦        3           2              0.000 
2025-05-23 10:51:08 | INFO | calculation of the new starting point of the simulation.
2025-05-23 10:51:08 | INFO |       20.118 ¦        0           0              0.000 
2025-05-23 10:51:08 | INFO |       20.118 ¦        1           1              0.000 
2025-05-23 10:51:08 | INFO |       20.118 ¦        2           1              0.000 
2025-05-23 10:51:08 | INFO |       20.118 ¦        3           2              0.000 
2025-05-23 10:51:08 | INFO |       20.118 ¦        4           2              0.000 
2025-05-23 10:51:08 | INFO |       20.118 ¦        5           2              0.000 
2025-05-23 10:51:08 | INFO |       20.118 ¦        6           2              0.000 
2025-05-23 10:51:08 | INFO |       20.118 ¦        7           2              0.000 
2025-05-23 10:51:08 | INFO |       20.118 ¦        8           2              0.000 
2025-05-23 10:51:08 | INFO |       20.118 ¦        9           2              0.000 
2025-05-23 10:51:08 | INFO |       20.118 ¦       10           2              0.000 
2025-05-23 10:51:08 | INFO |       20.119 ¦       11           2              0.001 
2025-05-23 10:51:08 | INFO |       20.120 ¦       12           2              0.001 
2025-05-23 10:51:08 | INFO |       20.122 ¦       13           2              0.002 
2025-05-23 10:51:08 | INFO |       20.124 ¦       14           2              0.002 
2025-05-23 10:51:08 | INFO |       20.128 ¦       15           2              0.004 
2025-05-23 10:51:08 | INFO |       20.132 ¦       16           2              0.004 
2025-05-23 10:51:08 | INFO |       20.136 ¦       17           2              0.004 
2025-05-23 10:51:08 | INFO | Algebraic mode change at t = 20.1392
2025-05-23 10:51:08 | INFO |       20.139 ¦       18           2              0.004 
2025-05-23 10:51:08 | INFO | calculation of the new starting point of the simulation.
2025-05-23 10:51:08 | INFO |       20.139 ¦        0           0              0.000 
2025-05-23 10:51:08 | INFO |       20.139 ¦        1           1              0.000 
2025-05-23 10:51:08 | INFO |       20.139 ¦        2           1              0.000 
2025-05-23 10:51:08 | INFO |       20.139 ¦        3           2              0.000 
2025-05-23 10:51:08 | INFO |       20.139 ¦        4           2              0.000 
2025-05-23 10:51:08 | INFO |       20.139 ¦        5           2              0.000 
2025-05-23 10:51:08 | INFO |       20.139 ¦        6           2              0.000 
2025-05-23 10:51:08 | INFO |       20.139 ¦        7           2              0.000 
2025-05-23 10:51:08 | INFO |       20.139 ¦        8           2              0.000 
2025-05-23 10:51:08 | INFO |       20.139 ¦        9           2              0.000 
2025-05-23 10:51:08 | INFO |       20.140 ¦       10           2              0.000 
2025-05-23 10:51:08 | INFO |       20.140 ¦       11           2              0.001 
2025-05-23 10:51:08 | INFO | Algebraic mode change at t = 20.1405
2025-05-23 10:51:08 | INFO |       20.141 ¦       12           2              0.001 
2025-05-23 10:51:08 | INFO | calculation of the new starting point of the simulation.
2025-05-23 10:51:08 | INFO |       20.141 ¦        0           0              0.000 
2025-05-23 10:51:08 | INFO |       20.141 ¦        1           1              0.000 
2025-05-23 10:51:08 | INFO |       20.141 ¦        2           1              0.000 
2025-05-23 10:51:08 | INFO |       20.141 ¦        3           2              0.000 
2025-05-23 10:51:08 | INFO |       20.141 ¦        4           2              0.000 
2025-05-23 10:51:08 | INFO |       20.141 ¦        5           2              0.000 
2025-05-23 10:51:08 | INFO |       20.141 ¦        6           2              0.000 
2025-05-23 10:51:08 | INFO |       20.141 ¦        7           2              0.000 
2025-05-23 10:51:08 | INFO |       20.141 ¦        8           2              0.000 
2025-05-23 10:51:08 | INFO |       20.141 ¦        9           2              0.000 
2025-05-23 10:51:08 | INFO |       20.141 ¦       10           2              0.000 
2025-05-23 10:51:08 | INFO |       20.142 ¦       11           2              0.001 
2025-05-23 10:51:08 | INFO |       20.143 ¦       12           2              0.001 
2025-05-23 10:51:08 | INFO |       20.145 ¦       13           2              0.002 
2025-05-23 10:51:08 | INFO |       20.149 ¦       14           2              0.004 
2025-05-23 10:51:08 | INFO |       20.157 ¦       15           2              0.008 
2025-05-23 10:51:08 | INFO |       20.165 ¦       16           2              0.008 
2025-05-23 10:51:08 | INFO |       20.173 ¦       17           2              0.008 
2025-05-23 10:51:08 | INFO | Algebraic mode change at t = 20.1796
2025-05-23 10:51:08 | INFO |       20.180 ¦       18           2              0.008 
2025-05-23 10:51:08 | INFO | calculation of the new starting point of the simulation.
2025-05-23 10:51:08 | INFO |       20.180 ¦        0           0              0.000 
2025-05-23 10:51:08 | INFO |       20.180 ¦        1           1              0.000 
2025-05-23 10:51:08 | INFO |       20.180 ¦        2           1              0.000 
2025-05-23 10:51:08 | INFO |       20.180 ¦        3           2              0.000 
2025-05-23 10:51:08 | INFO |       20.180 ¦        4           2              0.000 
2025-05-23 10:51:08 | INFO |       20.180 ¦        5           2              0.000 
2025-05-23 10:51:08 | INFO |       20.180 ¦        6           2              0.000 
2025-05-23 10:51:08 | INFO |       20.180 ¦        7           2              0.000 
2025-05-23 10:51:08 | INFO |       20.180 ¦        8           2              0.000 
2025-05-23 10:51:08 | INFO |       20.180 ¦        9           2              0.000 
2025-05-23 10:51:08 | INFO |       20.180 ¦       10           2              0.000 
2025-05-23 10:51:08 | INFO |       20.181 ¦       11           2              0.001 
2025-05-23 10:51:08 | INFO |       20.182 ¦       12           2              0.001 
2025-05-23 10:51:08 | INFO |       20.184 ¦       13           2              0.002 
2025-05-23 10:51:08 | INFO |       20.186 ¦       14           2              0.002 
2025-05-23 10:51:08 | INFO |       20.190 ¦       15           2              0.004 
2025-05-23 10:51:08 | INFO |       20.194 ¦       16           2              0.004 
2025-05-23 10:51:08 | INFO |       20.202 ¦       17           2              0.008 
2025-05-23 10:51:08 | INFO |       20.210 ¦       18           2              0.008 
2025-05-23 10:51:08 | INFO |       20.218 ¦       19           2              0.008 
2025-05-23 10:51:08 | INFO |       20.227 ¦       20           2              0.008 
2025-05-23 10:51:08 | INFO |       20.235 ¦       21           2              0.008 
2025-05-23 10:51:08 | INFO |       20.243 ¦       22           2              0.008 
2025-05-23 10:51:08 | INFO |       20.253 ¦       23           2              0.010 
2025-05-23 10:51:08 | INFO |       20.263 ¦       24           2              0.010 
2025-05-23 10:51:08 | INFO |       20.273 ¦       25           2              0.010 
2025-05-23 10:51:08 | INFO |       20.283 ¦       26           2              0.010 
2025-05-23 10:51:08 | INFO |       20.293 ¦       27           2              0.010 
2025-05-23 10:51:08 | INFO |       20.303 ¦       28           2              0.010 
2025-05-23 10:51:08 | INFO |       20.313 ¦       29           2              0.010 
2025-05-23 10:51:08 | INFO |       20.323 ¦       30           2              0.010 
2025-05-23 10:51:08 | INFO |       20.333 ¦       31           2              0.010 
2025-05-23 10:51:08 | INFO | Algebraic mode (with J recalculation) change at t = 20.3337
2025-05-23 10:51:08 | INFO |       20.334 ¦       32           2              0.010 
2025-05-23 10:51:08 | INFO | calculation of the new starting point of the simulation.
2025-05-23 10:51:08 | INFO | Algebraic mode change at t = 20.3337
2025-05-23 10:51:08 | INFO |       20.334 ¦        0           0              0.000 
2025-05-23 10:51:08 | INFO |       20.334 ¦        1           1              0.000 
2025-05-23 10:51:08 | INFO |       20.334 ¦        2           1              0.000 
2025-05-23 10:51:08 | INFO |       20.334 ¦        3           2              0.000 
2025-05-23 10:51:08 | INFO |       20.334 ¦        4           2              0.000 
2025-05-23 10:51:08 | INFO |       20.334 ¦        5           2              0.000 
2025-05-23 10:51:08 | INFO |       20.334 ¦        6           2              0.000 
2025-05-23 10:51:08 | INFO |       20.334 ¦        7           2              0.000 
2025-05-23 10:51:08 | INFO | Algebraic mode change at t = 20.3338
2025-05-23 10:51:08 | INFO |       20.334 ¦        8           2              0.000 
2025-05-23 10:51:08 | INFO | calculation of the new starting point of the simulation.
2025-05-23 10:51:08 | INFO |       20.334 ¦        0           0              0.000 
2025-05-23 10:51:08 | INFO |       20.334 ¦        1           1              0.000 
2025-05-23 10:51:08 | INFO |       20.334 ¦        2           1              0.000 
2025-05-23 10:51:08 | INFO |       20.334 ¦        3           2              0.000 
2025-05-23 10:51:08 | INFO |       20.334 ¦        4           2              0.000 
2025-05-23 10:51:08 | INFO |       20.334 ¦        5           2              0.000 
2025-05-23 10:51:08 | INFO |       20.334 ¦        6           2              0.000 
2025-05-23 10:51:08 | INFO |       20.334 ¦        7           2              0.000 
2025-05-23 10:51:08 | INFO |       20.334 ¦        8           2              0.000 
2025-05-23 10:51:08 | INFO |       20.334 ¦        9           2              0.000 
2025-05-23 10:51:08 | INFO |       20.334 ¦       10           2              0.000 
2025-05-23 10:51:08 | INFO |       20.334 ¦       11           2              0.000 
2025-05-23 10:51:08 | INFO |       20.334 ¦       12           2              0.000 
2025-05-23 10:51:08 | INFO |       20.334 ¦       13           2              0.000 
2025-05-23 10:51:08 | INFO |       20.334 ¦       14           2              0.000 
2025-05-23 10:51:08 | INFO |       20.334 ¦       15           2              0.000 
2025-05-23 10:51:08 | INFO |       20.334 ¦       16           2              0.000 
2025-05-23 10:51:08 | INFO |       20.334 ¦       17           2              0.000 
2025-05-23 10:51:08 | INFO | Algebraic mode (with J recalculation) change at t = 20.3345
2025-05-23 10:51:08 | INFO |       20.335 ¦       18           2              0.000 
2025-05-23 10:51:08 | INFO | calculation of the new starting point of the simulation.
2025-05-23 10:51:08 | INFO |       20.335 ¦        0           0              0.000 
2025-05-23 10:51:08 | INFO |       20.335 ¦        1           1              0.000 
2025-05-23 10:51:08 | INFO |       20.335 ¦        2           1              0.000 
2025-05-23 10:51:08 | INFO |       20.335 ¦        3           2              0.000 
2025-05-23 10:51:08 | INFO |       20.335 ¦        4           2              0.000 
2025-05-23 10:51:08 | INFO |       20.335 ¦        5           2              0.000 
2025-05-23 10:51:08 | INFO |       20.335 ¦        6           2              0.000 
2025-05-23 10:51:08 | INFO |       20.335 ¦        7           2              0.000 
2025-05-23 10:51:08 | INFO |       20.335 ¦        8           2              0.000 
2025-05-23 10:51:08 | INFO |       20.335 ¦        9           2              0.000 
2025-05-23 10:51:08 | INFO |       20.335 ¦       10           2              0.000 
2025-05-23 10:51:08 | INFO |       20.335 ¦       11           2              0.000 
2025-05-23 10:51:08 | INFO |       20.335 ¦       12           2              0.000 
2025-05-23 10:51:08 | INFO |       20.335 ¦       13           2              0.000 
2025-05-23 10:51:08 | INFO |       20.335 ¦       14           2              0.000 
2025-05-23 10:51:08 | INFO | Algebraic mode change at t = 20.3354
2025-05-23 10:51:08 | INFO |       20.335 ¦       15           2              0.000 
2025-05-23 10:51:08 | INFO | calculation of the new starting point of the simulation.
2025-05-23 10:51:08 | INFO |       20.335 ¦        0           0              0.000 
2025-05-23 10:51:08 | INFO |       20.335 ¦        1           1              0.000 
2025-05-23 10:51:08 | INFO |       20.335 ¦        2           1              0.000 
2025-05-23 10:51:08 | INFO |       20.335 ¦        3           2              0.000 
2025-05-23 10:51:08 | INFO |       20.335 ¦        4           2              0.000 
2025-05-23 10:51:08 | INFO |       20.335 ¦        5           2              0.000 
2025-05-23 10:51:08 | INFO |       20.335 ¦        6           2              0.000 
2025-05-23 10:51:08 | INFO |       20.335 ¦        7           2              0.000 
2025-05-23 10:51:08 | INFO |       20.336 ¦        8           2              0.000 
2025-05-23 10:51:08 | INFO |       20.336 ¦        9           2              0.000 
2025-05-23 10:51:08 | INFO | Algebraic mode (with J recalculation) change at t = 20.3355
2025-05-23 10:51:08 | INFO |       20.336 ¦        9           2              0.000 
2025-05-23 10:51:08 | INFO | calculation of the new starting point of the simulation.
2025-05-23 10:51:08 | INFO |       20.336 ¦        0           0              0.000 
2025-05-23 10:51:08 | INFO |       20.336 ¦        1           1              0.000 
2025-05-23 10:51:08 | INFO |       20.336 ¦        2           1              0.000 
2025-05-23 10:51:08 | INFO |       20.336 ¦        3           2              0.000 
2025-05-23 10:51:08 | INFO |       20.336 ¦        4           2              0.000 
2025-05-23 10:51:08 | INFO |       20.336 ¦        5           2              0.000 
2025-05-23 10:51:08 | INFO |       20.336 ¦        6           2              0.000 
2025-05-23 10:51:08 | INFO |       20.336 ¦        7           2              0.000 
2025-05-23 10:51:08 | INFO |       20.336 ¦        8           2              0.000 
2025-05-23 10:51:08 | INFO |       20.336 ¦        9           2              0.000 
2025-05-23 10:51:08 | INFO |       20.336 ¦       10           2              0.000 
2025-05-23 10:51:08 | INFO |       20.336 ¦       11           2              0.000 
2025-05-23 10:51:08 | INFO |       20.336 ¦       12           2              0.000 
2025-05-23 10:51:08 | INFO |       20.336 ¦       13           2              0.000 
2025-05-23 10:51:08 | INFO | Algebraic mode change at t = 20.3363
2025-05-23 10:51:08 | INFO |       20.336 ¦       14           2              0.000 
2025-05-23 10:51:08 | INFO | calculation of the new starting point of the simulation.
2025-05-23 10:51:08 | INFO |       20.336 ¦        0           0              0.000 
2025-05-23 10:51:08 | INFO |       20.336 ¦        1           1              0.000 
2025-05-23 10:51:08 | INFO |       20.336 ¦        2           1              0.000 
2025-05-23 10:51:08 | INFO |       20.336 ¦        3           2              0.000 
2025-05-23 10:51:08 | INFO |       20.336 ¦        4           2              0.000 
2025-05-23 10:51:08 | INFO |       20.336 ¦        5           2              0.000 
2025-05-23 10:51:08 | INFO |       20.336 ¦        6           2              0.000 
2025-05-23 10:51:08 | INFO |       20.336 ¦        7           2              0.000 
2025-05-23 10:51:08 | INFO |       20.336 ¦        8           2              0.000 
2025-05-23 10:51:08 | INFO |       20.337 ¦        9           2              0.000 
2025-05-23 10:51:08 | INFO |       20.337 ¦       10           2              0.000 
2025-05-23 10:51:08 | INFO |       20.337 ¦       11           2              0.000 
2025-05-23 10:51:08 | INFO |       20.337 ¦       12           2              0.000 
2025-05-23 10:51:08 | INFO |       20.338 ¦       13           2              0.001 
2025-05-23 10:51:08 | INFO |       20.338 ¦       14           2              0.000 
2025-05-23 10:51:08 | INFO |       20.339 ¦       15           2              0.000 
2025-05-23 10:51:08 | INFO |       20.339 ¦       16           2              0.000 
2025-05-23 10:51:08 | INFO |       20.340 ¦       17           2              0.000 
2025-05-23 10:51:08 | INFO |       20.340 ¦       18           2              0.000 
2025-05-23 10:51:08 | INFO |       20.341 ¦       19           2              0.000 
2025-05-23 10:51:08 | INFO |       20.341 ¦       20           2              0.000 
2025-05-23 10:51:08 | INFO |       20.342 ¦       21           2              0.000 
2025-05-23 10:51:08 | INFO |       20.342 ¦       22           2              0.001 
2025-05-23 10:51:08 | INFO | Algebraic mode change at t = 20.3431
2025-05-23 10:51:08 | INFO |       20.343 ¦       23           2              0.001 
2025-05-23 10:51:08 | INFO | calculation of the new starting point of the simulation.
2025-05-23 10:51:08 | INFO |       20.343 ¦        0           0              0.000 
2025-05-23 10:51:08 | INFO |       20.343 ¦        1           1              0.000 
2025-05-23 10:51:08 | INFO |       20.343 ¦        2           1              0.000 
2025-05-23 10:51:08 | INFO |       20.343 ¦        3           2              0.000 
2025-05-23 10:51:08 | INFO |       20.343 ¦        4           2              0.000 
2025-05-23 10:51:08 | INFO |       20.343 ¦        5           2              0.000 
2025-05-23 10:51:08 | INFO |       20.343 ¦        6           2              0.000 
2025-05-23 10:51:08 | INFO |       20.343 ¦        7           2              0.000 
2025-05-23 10:51:08 | INFO |       20.343 ¦        8           2              0.000 
2025-05-23 10:51:08 | INFO |       20.343 ¦        9           2              0.000 
2025-05-23 10:51:08 | INFO |       20.344 ¦       10           2              0.000 
2025-05-23 10:51:08 | INFO |       20.344 ¦       11           2              0.001 
2025-05-23 10:51:08 | INFO |       20.345 ¦       12           2              0.001 
2025-05-23 10:51:08 | INFO |       20.346 ¦       13           2              0.001 
2025-05-23 10:51:08 | INFO |       20.347 ¦       14           2              0.001 
2025-05-23 10:51:08 | INFO |       20.348 ¦       15           2              0.001 
2025-05-23 10:51:08 | INFO |       20.349 ¦       16           2              0.001 
2025-05-23 10:51:08 | INFO |       20.350 ¦       17           2              0.001 
2025-05-23 10:51:08 | INFO |       20.351 ¦       18           2              0.001 
2025-05-23 10:51:08 | INFO |       20.352 ¦       19           2              0.001 
2025-05-23 10:51:08 | INFO |       20.353 ¦       20           2              0.001 
2025-05-23 10:51:08 | INFO |       20.354 ¦       21           2              0.001 
2025-05-23 10:51:08 | INFO |       20.355 ¦       22           2              0.001 
2025-05-23 10:51:08 | INFO |       20.356 ¦       23           2              0.001 
2025-05-23 10:51:08 | INFO |       20.357 ¦       24           2              0.001 
2025-05-23 10:51:08 | INFO |       20.358 ¦       25           2              0.001 
2025-05-23 10:51:08 | INFO |       20.359 ¦       26           2              0.001 
2025-05-23 10:51:08 | INFO |       20.361 ¦       27           2              0.001 
2025-05-23 10:51:08 | INFO |       20.362 ¦       28           2              0.001 
2025-05-23 10:51:08 | INFO |       20.363 ¦       29           2              0.001 
2025-05-23 10:51:08 | INFO |       20.364 ¦       30           2              0.001 
2025-05-23 10:51:08 | INFO |       20.365 ¦       31           2              0.001 
2025-05-23 10:51:08 | INFO |       20.366 ¦       32           2              0.001 
2025-05-23 10:51:08 | INFO |       20.367 ¦       33           2              0.001 
2025-05-23 10:51:08 | INFO |       20.368 ¦       34           2              0.001 
2025-05-23 10:51:08 | INFO |       20.369 ¦       35           2              0.001 
2025-05-23 10:51:08 | INFO |       20.370 ¦       36           2              0.001 
2025-05-23 10:51:08 | INFO |       20.371 ¦       37           2              0.001 
2025-05-23 10:51:08 | INFO |       20.372 ¦       38           2              0.001 
2025-05-23 10:51:08 | INFO |       20.373 ¦       39           2              0.001 
2025-05-23 10:51:08 | INFO |       20.374 ¦       40           2              0.001 
2025-05-23 10:51:08 | INFO |       20.375 ¦       41           2              0.001 
2025-05-23 10:51:08 | INFO |       20.376 ¦       42           2              0.001 
2025-05-23 10:51:08 | INFO |       20.377 ¦       43           2              0.001 
2025-05-23 10:51:08 | INFO |       20.378 ¦       44           2              0.001 
2025-05-23 10:51:08 | INFO |       20.379 ¦       45           2              0.001 
2025-05-23 10:51:08 | INFO |       20.380 ¦       46           2              0.001 
2025-05-23 10:51:08 | INFO |       20.381 ¦       47           2              0.001 
2025-05-23 10:51:08 | INFO |       20.382 ¦       48           2              0.001 
2025-05-23 10:51:08 | INFO |       20.383 ¦       49           2              0.001 
2025-05-23 10:51:08 | INFO |       20.384 ¦       50           2              0.001 
2025-05-23 10:51:08 | INFO |       20.385 ¦       51           2              0.001 
2025-05-23 10:51:08 | INFO |       20.386 ¦       52           2              0.001 
2025-05-23 10:51:08 | INFO |       20.387 ¦       53           2              0.001 
2025-05-23 10:51:08 | INFO |       20.388 ¦       54           2              0.001 
2025-05-23 10:51:08 | INFO |       20.389 ¦       55           2              0.001 
2025-05-23 10:51:08 | INFO |       20.390 ¦       56           2              0.001 
2025-05-23 10:51:08 | INFO |       20.391 ¦       57           2              0.001 
2025-05-23 10:51:08 | INFO |       20.392 ¦       58           2              0.001 
2025-05-23 10:51:08 | INFO |       20.393 ¦       59           2              0.001 
2025-05-23 10:51:08 | INFO |       20.394 ¦       60           2              0.001 
2025-05-23 10:51:08 | INFO |       20.395 ¦       61           2              0.001 
2025-05-23 10:51:08 | INFO |       20.396 ¦       62           2              0.001 
2025-05-23 10:51:08 | INFO |       20.397 ¦       63           2              0.001 
2025-05-23 10:51:08 | INFO |       20.398 ¦       64           2              0.001 
2025-05-23 10:51:08 | INFO |       20.400 ¦       65           2              0.002 
2025-05-23 10:51:08 | INFO |       20.402 ¦       66           2              0.002 
2025-05-23 10:51:08 | INFO |       20.404 ¦       67           2              0.002 
2025-05-23 10:51:08 | INFO |       20.406 ¦       68           2              0.002 
2025-05-23 10:51:08 | INFO |       20.408 ¦       69           2              0.002 
2025-05-23 10:51:08 | INFO |       20.410 ¦       70           2              0.002 
2025-05-23 10:51:08 | INFO |       20.412 ¦       71           2              0.002 
2025-05-23 10:51:08 | INFO |       20.413 ¦       72           2              0.002 
2025-05-23 10:51:08 | INFO |       20.415 ¦       73           2              0.002 
2025-05-23 10:51:08 | INFO |       20.417 ¦       74           2              0.002 
2025-05-23 10:51:08 | INFO |       20.419 ¦       75           2              0.002 
2025-05-23 10:51:08 | INFO |       20.423 ¦       76           2              0.004 
2025-05-23 10:51:08 | INFO |       20.426 ¦       77           2              0.004 
2025-05-23 10:51:08 | INFO |       20.430 ¦       78           2              0.004 
2025-05-23 10:51:08 | INFO |       20.434 ¦       79           2              0.004 
2025-05-23 10:51:08 | INFO |       20.437 ¦       80           2              0.004 
2025-05-23 10:51:08 | INFO |       20.441 ¦       81           2              0.004 
2025-05-23 10:51:08 | INFO |       20.445 ¦       82           2              0.004 
2025-05-23 10:51:08 | INFO |       20.452 ¦       83           2              0.007 
2025-05-23 10:51:08 | INFO |       20.459 ¦       84           2              0.007 
2025-05-23 10:51:08 | INFO |       20.467 ¦       85           2              0.007 
2025-05-23 10:51:08 | INFO |       20.474 ¦       86           2              0.007 
2025-05-23 10:51:08 | INFO |       20.484 ¦       87           2              0.010 
2025-05-23 10:51:08 | INFO | Algebraic mode change at t = 20.4896
2025-05-23 10:51:08 | INFO |       20.490 ¦       88           2              0.010 
2025-05-23 10:51:08 | INFO | calculation of the new starting point of the simulation.
2025-05-23 10:51:08 | INFO |       20.490 ¦        0           0              0.000 
2025-05-23 10:51:08 | INFO |       20.490 ¦        1           1              0.000 
2025-05-23 10:51:08 | INFO |       20.490 ¦        2           1              0.000 
2025-05-23 10:51:08 | INFO |       20.490 ¦        3           2              0.000 
2025-05-23 10:51:08 | INFO |       20.490 ¦        4           2              0.000 
2025-05-23 10:51:08 | INFO |       20.490 ¦        5           2              0.000 
2025-05-23 10:51:08 | INFO |       20.490 ¦        6           2              0.000 
2025-05-23 10:51:08 | INFO |       20.490 ¦        7           2              0.000 
2025-05-23 10:51:08 | INFO |       20.490 ¦        8           2              0.000 
2025-05-23 10:51:08 | INFO |       20.490 ¦        9           2              0.000 
2025-05-23 10:51:08 | INFO |       20.490 ¦       10           2              0.000 
2025-05-23 10:51:08 | INFO |       20.491 ¦       11           2              0.001 
2025-05-23 10:51:08 | INFO |       20.492 ¦       12           2              0.001 
2025-05-23 10:51:08 | INFO |       20.493 ¦       13           2              0.001 
2025-05-23 10:51:08 | INFO |       20.495 ¦       14           2              0.002 
2025-05-23 10:51:08 | INFO |       20.499 ¦       15           1              0.004 
2025-05-23 10:51:08 | INFO |       20.503 ¦       16           1              0.004 
2025-05-23 10:51:08 | INFO |       20.511 ¦       17           1              0.008 
2025-05-23 10:51:08 | INFO |       20.518 ¦       18           1              0.007 
2025-05-23 10:51:08 | INFO |       20.526 ¦       19           1              0.007 
2025-05-23 10:51:08 | INFO |       20.533 ¦       20           1              0.007 
2025-05-23 10:51:08 | INFO |       20.543 ¦       21           2              0.010 
2025-05-23 10:51:08 | INFO |       20.553 ¦       22           2              0.010 
2025-05-23 10:51:08 | INFO |       20.563 ¦       23           2              0.010 
2025-05-23 10:51:08 | INFO |       20.573 ¦       24           2              0.010 
2025-05-23 10:51:08 | INFO |       20.583 ¦       25           2              0.010 
2025-05-23 10:51:08 | INFO |       20.593 ¦       26           2              0.010 
2025-05-23 10:51:08 | INFO |       20.603 ¦       27           2              0.010 
2025-05-23 10:51:08 | INFO |       20.613 ¦       28           2              0.010 
2025-05-23 10:51:08 | INFO |       20.623 ¦       29           2              0.010 
2025-05-23 10:51:08 | INFO |       20.633 ¦       30           2              0.010 
2025-05-23 10:51:08 | INFO |       20.643 ¦       31           2              0.010 
2025-05-23 10:51:08 | INFO |       20.653 ¦       32           2              0.010 
2025-05-23 10:51:08 | INFO |       20.663 ¦       33           2              0.010 
2025-05-23 10:51:08 | INFO |       20.673 ¦       34           2              0.010 
2025-05-23 10:51:08 | INFO |       20.683 ¦       35           2              0.010 
2025-05-23 10:51:08 | INFO |       20.693 ¦       36           2              0.010 
2025-05-23 10:51:08 | INFO |       20.703 ¦       37           2              0.010 
2025-05-23 10:51:08 | INFO |       20.713 ¦       38           2              0.010 
2025-05-23 10:51:08 | INFO |       20.723 ¦       39           2              0.010 
2025-05-23 10:51:08 | INFO |       20.733 ¦       40           2              0.010 
2025-05-23 10:51:08 | INFO |       20.743 ¦       41           2              0.010 
2025-05-23 10:51:08 | INFO |       20.753 ¦       42           2              0.010 
2025-05-23 10:51:08 | INFO |       20.763 ¦       43           2              0.010 
2025-05-23 10:51:08 | INFO |       20.773 ¦       44           2              0.010 
2025-05-23 10:51:08 | INFO |       20.783 ¦       45           2              0.010 
2025-05-23 10:51:08 | INFO |       20.793 ¦       46           2              0.010 
2025-05-23 10:51:08 | INFO |       20.803 ¦       47           2              0.010 
2025-05-23 10:51:08 | INFO |       20.813 ¦       48           2              0.010 
2025-05-23 10:51:08 | INFO |       20.823 ¦       49           2              0.010 
2025-05-23 10:51:08 | INFO |       20.833 ¦       50           2              0.010 
2025-05-23 10:51:08 | INFO |       20.843 ¦       51           2              0.010 
2025-05-23 10:51:08 | INFO |       20.853 ¦       52           2              0.010 
2025-05-23 10:51:08 | INFO |       20.863 ¦       53           2              0.010 
2025-05-23 10:51:08 | INFO |       20.873 ¦       54           2              0.010 
2025-05-23 10:51:08 | INFO |       20.883 ¦       55           2              0.010 
2025-05-23 10:51:08 | INFO |       20.893 ¦       56           2              0.010 
2025-05-23 10:51:08 | INFO |       20.903 ¦       57           2              0.010 
2025-05-23 10:51:08 | INFO |       20.913 ¦       58           2              0.010 
2025-05-23 10:51:08 | INFO |       20.923 ¦       59           2              0.010 
2025-05-23 10:51:08 | INFO |       20.933 ¦       60           2              0.010 
2025-05-23 10:51:08 | INFO |       20.939 ¦       61           2              0.006 
2025-05-23 10:51:08 | INFO |       20.945 ¦       62           2              0.006 
2025-05-23 10:51:08 | INFO |       20.949 ¦       63           2              0.005 
2025-05-23 10:51:08 | INFO |       20.955 ¦       64           2              0.005 
2025-05-23 10:51:08 | INFO |       20.960 ¦       65           2              0.005 
2025-05-23 10:51:08 | INFO |       20.965 ¦       66           2              0.005 
2025-05-23 10:51:08 | INFO |       20.971 ¦       67           2              0.005 
2025-05-23 10:51:08 | INFO |       20.976 ¦       68           2              0.005 
2025-05-23 10:51:08 | INFO |       20.982 ¦       69           2              0.005 
2025-05-23 10:51:08 | INFO |       20.992 ¦       70           2              0.010 
2025-05-23 10:51:08 | INFO |       21.002 ¦       71           2              0.010 
2025-05-23 10:51:08 | INFO |       21.012 ¦       72           2              0.010 
2025-05-23 10:51:08 | INFO |       21.022 ¦       73           2              0.010 
2025-05-23 10:51:08 | INFO |       21.032 ¦       74           2              0.010 
2025-05-23 10:51:08 | INFO |       21.042 ¦       75           2              0.010 
2025-05-23 10:51:08 | INFO |       21.052 ¦       76           2              0.010 
2025-05-23 10:51:08 | INFO |       21.062 ¦       77           2              0.010 
2025-05-23 10:51:08 | INFO |       21.072 ¦       78           2              0.010 
2025-05-23 10:51:08 | INFO |       21.082 ¦       79           2              0.010 
2025-05-23 10:51:08 | INFO |       21.092 ¦       80           2              0.010 
2025-05-23 10:51:08 | INFO |       21.102 ¦       81           2              0.010 
2025-05-23 10:51:08 | INFO |       21.112 ¦       82           2              0.010 
2025-05-23 10:51:08 | INFO |       21.122 ¦       83           2              0.010 
2025-05-23 10:51:08 | INFO |       21.132 ¦       84           2              0.010 
2025-05-23 10:51:08 | INFO |       21.142 ¦       85           2              0.010 
2025-05-23 10:51:08 | INFO |       21.152 ¦       86           2              0.010 
2025-05-23 10:51:08 | INFO |       21.162 ¦       87           2              0.010 
2025-05-23 10:51:08 | INFO |       21.172 ¦       88           2              0.010 
2025-05-23 10:51:08 | INFO |       21.182 ¦       89           2              0.010 
2025-05-23 10:51:08 | INFO |       21.192 ¦       90           2              0.010 
2025-05-23 10:51:08 | INFO |       21.202 ¦       91           2              0.010 
2025-05-23 10:51:08 | INFO |       21.212 ¦       92           2              0.010 
2025-05-23 10:51:08 | INFO |       21.222 ¦       93           2              0.010 
2025-05-23 10:51:08 | INFO |       21.232 ¦       94           2              0.010 
2025-05-23 10:51:08 | INFO |       21.242 ¦       95           2              0.010 
2025-05-23 10:51:08 | INFO |       21.252 ¦       96           2              0.010 
2025-05-23 10:51:08 | INFO |       21.262 ¦       97           2              0.010 
2025-05-23 10:51:08 | INFO |       21.272 ¦       98           2              0.010 
2025-05-23 10:51:08 | INFO |       21.282 ¦       99           2              0.010 
2025-05-23 10:51:08 | INFO |       21.292 ¦      100           2              0.010 
2025-05-23 10:51:08 | INFO |       21.302 ¦      101           2              0.010 
2025-05-23 10:51:08 | INFO |       21.312 ¦      102           2              0.010 
2025-05-23 10:51:08 | INFO |       21.322 ¦      103           2              0.010 
2025-05-23 10:51:08 | INFO |       21.332 ¦      104           2              0.010 
2025-05-23 10:51:08 | INFO |       21.342 ¦      105           2              0.010 
2025-05-23 10:51:08 | INFO |       21.352 ¦      106           2              0.010 
2025-05-23 10:51:08 | INFO |       21.362 ¦      107           2              0.010 
2025-05-23 10:51:08 | INFO |       21.372 ¦      108           2              0.010 
2025-05-23 10:51:08 | INFO |       21.382 ¦      109           2              0.010 
2025-05-23 10:51:08 | INFO |       21.392 ¦      110           2              0.010 
2025-05-23 10:51:08 | INFO |       21.402 ¦      111           2              0.010 
2025-05-23 10:51:08 | INFO |       21.412 ¦      112           2              0.010 
2025-05-23 10:51:08 | INFO |       21.422 ¦      113           2              0.010 
2025-05-23 10:51:08 | INFO |       21.432 ¦      114           2              0.010 
2025-05-23 10:51:08 | INFO |       21.442 ¦      115           2              0.010 
2025-05-23 10:51:08 | INFO |       21.452 ¦      116           2              0.010 
2025-05-23 10:51:08 | INFO |       21.462 ¦      117           2              0.010 
2025-05-23 10:51:08 | INFO |       21.472 ¦      118           2              0.010 
2025-05-23 10:51:08 | INFO |       21.482 ¦      119           2              0.010 
2025-05-23 10:51:08 | INFO |       21.492 ¦      120           2              0.010 
2025-05-23 10:51:08 | INFO |       21.502 ¦      121           2              0.010 
2025-05-23 10:51:08 | INFO |       21.512 ¦      122           2              0.010 
2025-05-23 10:51:08 | INFO |       21.522 ¦      123           2              0.010 
2025-05-23 10:51:08 | INFO |       21.532 ¦      124           2              0.010 
2025-05-23 10:51:08 | INFO |       21.542 ¦      125           2              0.010 
2025-05-23 10:51:08 | INFO |       21.552 ¦      126           2              0.010 
2025-05-23 10:51:08 | INFO |       21.562 ¦      127           2              0.010 
2025-05-23 10:51:08 | INFO |       21.572 ¦      128           2              0.010 
2025-05-23 10:51:08 | INFO |       21.582 ¦      129           2              0.010 
2025-05-23 10:51:08 | INFO |       21.592 ¦      130           2              0.010 
2025-05-23 10:51:08 | INFO |       21.602 ¦      131           2              0.010 
2025-05-23 10:51:08 | INFO |       21.612 ¦      132           2              0.010 
2025-05-23 10:51:08 | INFO |       21.622 ¦      133           2              0.010 
2025-05-23 10:51:08 | INFO |       21.632 ¦      134           2              0.010 
2025-05-23 10:51:08 | INFO |       21.642 ¦      135           2              0.010 
2025-05-23 10:51:08 | INFO |       21.652 ¦      136           2              0.010 
2025-05-23 10:51:08 | INFO |       21.662 ¦      137           2              0.010 
2025-05-23 10:51:08 | INFO |       21.672 ¦      138           2              0.010 
2025-05-23 10:51:08 | INFO |       21.682 ¦      139           2              0.010 
2025-05-23 10:51:08 | INFO |       21.692 ¦      140           2              0.010 
2025-05-23 10:51:08 | INFO |       21.702 ¦      141           2              0.010 
2025-05-23 10:51:08 | INFO |       21.712 ¦      142           2              0.010 
2025-05-23 10:51:08 | INFO |       21.722 ¦      143           2              0.010 
2025-05-23 10:51:08 | INFO |       21.732 ¦      144           2              0.010 
2025-05-23 10:51:08 | INFO |       21.742 ¦      145           2              0.010 
2025-05-23 10:51:08 | INFO |       21.752 ¦      146           2              0.010 
2025-05-23 10:51:08 | INFO |       21.762 ¦      147           2              0.010 
2025-05-23 10:51:08 | INFO |       21.772 ¦      148           2              0.010 
2025-05-23 10:51:08 | INFO |       21.782 ¦      149           2              0.010 
2025-05-23 10:51:08 | INFO |       21.792 ¦      150           2              0.010 
2025-05-23 10:51:08 | INFO |       21.802 ¦      151           2              0.010 
2025-05-23 10:51:08 | INFO |       21.812 ¦      152           2              0.010 
2025-05-23 10:51:08 | INFO |       21.822 ¦      153           2              0.010 
2025-05-23 10:51:08 | INFO |       21.832 ¦      154           2              0.010 
2025-05-23 10:51:08 | INFO |       21.842 ¦      155           2              0.010 
2025-05-23 10:51:08 | INFO |       21.852 ¦      156           2              0.010 
2025-05-23 10:51:08 | INFO |       21.862 ¦      157           2              0.010 
2025-05-23 10:51:08 | INFO |       21.872 ¦      158           2              0.010 
2025-05-23 10:51:08 | INFO |       21.882 ¦      159           2              0.010 
2025-05-23 10:51:08 | INFO |       21.892 ¦      160           2              0.010 
2025-05-23 10:51:08 | INFO |       21.902 ¦      161           2              0.010 
2025-05-23 10:51:08 | INFO |       21.912 ¦      162           2              0.010 
2025-05-23 10:51:08 | INFO |       21.922 ¦      163           2              0.010 
2025-05-23 10:51:08 | INFO |       21.932 ¦      164           2              0.010 
2025-05-23 10:51:08 | INFO |       21.942 ¦      165           2              0.010 
2025-05-23 10:51:08 | INFO |       21.952 ¦      166           2              0.010 
2025-05-23 10:51:08 | INFO |       21.962 ¦      167           2              0.010 
2025-05-23 10:51:08 | INFO |       21.972 ¦      168           2              0.010 
2025-05-23 10:51:08 | INFO |       21.982 ¦      169           2              0.010 
2025-05-23 10:51:08 | INFO |       21.992 ¦      170           2              0.010 
2025-05-23 10:51:08 | INFO |       22.002 ¦      171           2              0.010 
2025-05-23 10:51:08 | INFO |       22.012 ¦      172           2              0.010 
2025-05-23 10:51:08 | INFO |       22.022 ¦      173           2              0.010 
2025-05-23 10:51:08 | INFO |       22.032 ¦      174           2              0.010 
2025-05-23 10:51:08 | INFO |       22.042 ¦      175           2              0.010 
2025-05-23 10:51:08 | INFO |       22.052 ¦      176           2              0.010 
2025-05-23 10:51:08 | INFO |       22.062 ¦      177           2              0.010 
2025-05-23 10:51:08 | INFO |       22.072 ¦      178           2              0.010 
2025-05-23 10:51:08 | INFO |       22.082 ¦      179           2              0.010 
2025-05-23 10:51:08 | INFO |       22.092 ¦      180           2              0.010 
2025-05-23 10:51:08 | INFO |       22.102 ¦      181           2              0.010 
2025-05-23 10:51:08 | INFO |       22.112 ¦      182           2              0.010 
2025-05-23 10:51:08 | INFO |       22.122 ¦      183           2              0.010 
2025-05-23 10:51:08 | INFO |       22.132 ¦      184           2              0.010 
2025-05-23 10:51:08 | INFO |       22.142 ¦      185           2              0.010 
2025-05-23 10:51:08 | INFO |       22.152 ¦      186           2              0.010 
2025-05-23 10:51:08 | INFO |       22.162 ¦      187           2              0.010 
2025-05-23 10:51:08 | INFO |       22.172 ¦      188           2              0.010 
2025-05-23 10:51:08 | INFO |       22.182 ¦      189           2              0.010 
2025-05-23 10:51:08 | INFO |       22.192 ¦      190           2              0.010 
2025-05-23 10:51:08 | INFO |       22.202 ¦      191           2              0.010 
2025-05-23 10:51:08 | INFO |       22.212 ¦      192           2              0.010 
2025-05-23 10:51:08 | INFO |       22.222 ¦      193           2              0.010 
2025-05-23 10:51:08 | INFO |       22.232 ¦      194           2              0.010 
2025-05-23 10:51:08 | INFO |       22.242 ¦      195           2              0.010 
2025-05-23 10:51:08 | INFO |       22.252 ¦      196           2              0.010 
2025-05-23 10:51:08 | INFO |       22.262 ¦      197           2              0.010 
2025-05-23 10:51:08 | INFO |       22.272 ¦      198           2              0.010 
2025-05-23 10:51:08 | INFO |       22.282 ¦      199           2              0.010 
2025-05-23 10:51:08 | INFO |       22.292 ¦      200           2              0.010 
2025-05-23 10:51:08 | INFO |       22.302 ¦      201           2              0.010 
2025-05-23 10:51:08 | INFO |       22.312 ¦      202           2              0.010 
2025-05-23 10:51:08 | INFO |       22.322 ¦      203           2              0.010 
2025-05-23 10:51:08 | INFO |       22.332 ¦      204           2              0.010 
2025-05-23 10:51:08 | INFO |       22.342 ¦      205           2              0.010 
2025-05-23 10:51:08 | INFO |       22.352 ¦      206           2              0.010 
2025-05-23 10:51:08 | INFO |       22.362 ¦      207           2              0.010 
2025-05-23 10:51:08 | INFO |       22.372 ¦      208           2              0.010 
2025-05-23 10:51:08 | INFO |       22.382 ¦      209           2              0.010 
2025-05-23 10:51:08 | INFO |       22.392 ¦      210           2              0.010 
2025-05-23 10:51:08 | INFO |       22.402 ¦      211           2              0.010 
2025-05-23 10:51:08 | INFO |       22.412 ¦      212           2              0.010 
2025-05-23 10:51:08 | INFO |       22.422 ¦      213           2              0.010 
2025-05-23 10:51:08 | INFO |       22.432 ¦      214           2              0.010 
2025-05-23 10:51:08 | INFO |       22.442 ¦      215           2              0.010 
2025-05-23 10:51:08 | INFO |       22.452 ¦      216           2              0.010 
2025-05-23 10:51:08 | INFO |       22.462 ¦      217           2              0.010 
2025-05-23 10:51:08 | INFO |       22.472 ¦      218           2              0.010 
2025-05-23 10:51:08 | INFO |       22.482 ¦      219           2              0.010 
2025-05-23 10:51:08 | INFO |       22.492 ¦      220           2              0.010 
2025-05-23 10:51:08 | INFO | Algebraic mode change at t = 22.5
2025-05-23 10:51:08 | INFO |       22.500 ¦      221           2              0.010 
2025-05-23 10:51:08 | INFO | calculation of the new starting point of the simulation.
2025-05-23 10:51:08 | INFO | Algebraic mode change at t = 22.5
2025-05-23 10:51:08 | INFO |       22.500 ¦        0           0              0.000 
2025-05-23 10:51:08 | INFO |       22.500 ¦        1           1              0.000 
2025-05-23 10:51:08 | INFO |       22.500 ¦        2           1              0.000 
2025-05-23 10:51:08 | INFO |       22.500 ¦        3           2              0.000 
2025-05-23 10:51:08 | INFO |       22.500 ¦        4           2              0.000 
2025-05-23 10:51:08 | INFO |       22.500 ¦        5           2              0.000 
2025-05-23 10:51:08 | INFO |       22.500 ¦        6           2              0.000 
2025-05-23 10:51:08 | INFO |       22.500 ¦        7           2              0.000 
2025-05-23 10:51:08 | INFO |       22.500 ¦        8           2              0.000 
2025-05-23 10:51:08 | INFO |       22.500 ¦        9           2              0.000 
2025-05-23 10:51:08 | INFO |       22.501 ¦       10           2              0.000 
2025-05-23 10:51:08 | INFO |       22.501 ¦       11           2              0.001 
2025-05-23 10:51:08 | INFO |       22.502 ¦       12           2              0.001 
2025-05-23 10:51:08 | INFO |       22.502 ¦       13           2              0.001 
2025-05-23 10:51:08 | INFO | Algebraic mode change at t = 22.5024
2025-05-23 10:51:08 | INFO |       22.502 ¦       14           2              0.001 
2025-05-23 10:51:08 | INFO | calculation of the new starting point of the simulation.
2025-05-23 10:51:08 | INFO |       22.502 ¦        0           0              0.000 
2025-05-23 10:51:08 | INFO |       22.502 ¦        1           1              0.000 
2025-05-23 10:51:08 | INFO |       22.502 ¦        2           1              0.000 
2025-05-23 10:51:08 | INFO |       22.502 ¦        3           2              0.000 
2025-05-23 10:51:08 | INFO |       22.502 ¦        4           2              0.000 
2025-05-23 10:51:08 | INFO |       22.502 ¦        5           2              0.000 
2025-05-23 10:51:08 | INFO |       22.502 ¦        6           2              0.000 
2025-05-23 10:51:08 | INFO |       22.502 ¦        7           2              0.000 
2025-05-23 10:51:08 | INFO |       22.502 ¦        8           2              0.000 
2025-05-23 10:51:08 | INFO |       22.503 ¦        9           2              0.000 
2025-05-23 10:51:08 | INFO |       22.503 ¦       10           2              0.000 
2025-05-23 10:51:08 | INFO |       22.503 ¦       11           2              0.001 
2025-05-23 10:51:08 | INFO |       22.504 ¦       12           2              0.001 
2025-05-23 10:51:08 | INFO |       22.505 ¦       13           2              0.001 
2025-05-23 10:51:08 | INFO |       22.506 ¦       14           2              0.001 
2025-05-23 10:51:08 | INFO |       22.507 ¦       15           2              0.001 
2025-05-23 10:51:08 | INFO |       22.509 ¦       16           2              0.001 
2025-05-23 10:51:08 | INFO |       22.510 ¦       17           2              0.001 
2025-05-23 10:51:08 | INFO |       22.511 ¦       18           2              0.001 
2025-05-23 10:51:08 | INFO |       22.512 ¦       19           2              0.001 
2025-05-23 10:51:08 | INFO |       22.514 ¦       20           2              0.002 
2025-05-23 10:51:08 | INFO |       22.516 ¦       21           2              0.002 
2025-05-23 10:51:08 | INFO |       22.518 ¦       22           2              0.002 
2025-05-23 10:51:08 | INFO |       22.520 ¦       23           2              0.002 
2025-05-23 10:51:08 | INFO |       22.522 ¦       24           2              0.002 
2025-05-23 10:51:08 | INFO |       22.524 ¦       25           2              0.002 
2025-05-23 10:51:08 | INFO |       22.528 ¦       26           2              0.004 
2025-05-23 10:51:08 | INFO |       22.532 ¦       27           2              0.004 
2025-05-23 10:51:08 | INFO |       22.536 ¦       28           2              0.004 
2025-05-23 10:51:08 | INFO |       22.540 ¦       29           2              0.004 
2025-05-23 10:51:08 | INFO |       22.544 ¦       30           2              0.004 
2025-05-23 10:51:08 | INFO |       22.548 ¦       31           2              0.004 
2025-05-23 10:51:08 | INFO |       22.553 ¦       32           2              0.004 
2025-05-23 10:51:08 | INFO |       22.557 ¦       33           2              0.004 
2025-05-23 10:51:08 | INFO |       22.561 ¦       34           2              0.004 
2025-05-23 10:51:08 | INFO |       22.565 ¦       35           2              0.004 
2025-05-23 10:51:08 | INFO | Algebraic mode change at t = 22.5665
2025-05-23 10:51:08 | INFO |       22.566 ¦       36           2              0.004 
2025-05-23 10:51:08 | INFO | calculation of the new starting point of the simulation.
2025-05-23 10:51:08 | INFO |       22.566 ¦        0           0              0.000 
2025-05-23 10:51:08 | INFO |       22.566 ¦        1           1              0.000 
2025-05-23 10:51:08 | INFO |       22.566 ¦        2           1              0.000 
2025-05-23 10:51:08 | INFO |       22.566 ¦        3           2              0.000 
2025-05-23 10:51:08 | INFO |       22.567 ¦        4           2              0.000 
2025-05-23 10:51:08 | INFO |       22.567 ¦        5           2              0.000 
2025-05-23 10:51:08 | INFO |       22.567 ¦        6           2              0.000 
2025-05-23 10:51:08 | INFO |       22.567 ¦        7           2              0.000 
2025-05-23 10:51:08 | INFO |       22.567 ¦        8           2              0.000 
2025-05-23 10:51:08 | INFO |       22.567 ¦        9           2              0.000 
2025-05-23 10:51:08 | INFO |       22.567 ¦       10           2              0.000 
2025-05-23 10:51:08 | INFO |       22.568 ¦       11           2              0.001 
2025-05-23 10:51:08 | INFO |       22.569 ¦       12           2              0.001 
2025-05-23 10:51:08 | INFO |       22.571 ¦       13           2              0.002 
2025-05-23 10:51:08 | INFO |       22.575 ¦       14           2              0.004 
2025-05-23 10:51:08 | INFO |       22.579 ¦       15           2              0.004 
2025-05-23 10:51:08 | INFO |       22.587 ¦       16           2              0.008 
2025-05-23 10:51:08 | INFO |       22.595 ¦       17           2              0.008 
2025-05-23 10:51:08 | INFO |       22.603 ¦       18           2              0.008 
2025-05-23 10:51:08 | INFO | Algebraic mode change at t = 22.6037
2025-05-23 10:51:08 | INFO |       22.604 ¦       19           2              0.008 
2025-05-23 10:51:08 | INFO | calculation of the new starting point of the simulation.
2025-05-23 10:51:08 | INFO |       22.604 ¦        0           0              0.000 
2025-05-23 10:51:08 | INFO | Algebraic mode change at t = 22.6037
2025-05-23 10:51:08 | INFO |       22.604 ¦        1           1              0.000 
2025-05-23 10:51:08 | INFO | calculation of the new starting point of the simulation.
2025-05-23 10:51:08 | INFO |       22.604 ¦        0           0              0.000 
2025-05-23 10:51:08 | INFO |       22.604 ¦        1           1              0.000 
2025-05-23 10:51:08 | INFO |       22.604 ¦        2           1              0.000 
2025-05-23 10:51:08 | INFO |       22.604 ¦        3           2              0.000 
2025-05-23 10:51:08 | INFO |       22.604 ¦        4           2              0.000 
2025-05-23 10:51:08 | INFO |       22.604 ¦        5           2              0.000 
2025-05-23 10:51:08 | INFO |       22.604 ¦        6           2              0.000 
2025-05-23 10:51:08 | INFO |       22.604 ¦        7           2              0.000 
2025-05-23 10:51:08 | INFO |       22.604 ¦        8           2              0.000 
2025-05-23 10:51:08 | INFO |       22.604 ¦        9           2              0.000 
2025-05-23 10:51:08 | INFO |       22.604 ¦       10           2              0.000 
2025-05-23 10:51:08 | INFO |       22.605 ¦       11           2              0.001 
2025-05-23 10:51:08 | INFO |       22.606 ¦       12           2              0.001 
2025-05-23 10:51:08 | INFO |       22.608 ¦       13           2              0.002 
2025-05-23 10:51:08 | INFO |       22.612 ¦       14           2              0.004 
2025-05-23 10:51:08 | INFO |       22.620 ¦       15           2              0.008 
2025-05-23 10:51:08 | INFO |       22.630 ¦       16           2              0.010 
2025-05-23 10:51:08 | INFO |       22.640 ¦       17           2              0.010 
2025-05-23 10:51:08 | INFO |       22.650 ¦       18           2              0.010 
2025-05-23 10:51:08 | INFO |       22.660 ¦       19           2              0.010 
2025-05-23 10:51:08 | INFO |       22.670 ¦       20           2              0.010 
2025-05-23 10:51:08 | INFO |       22.680 ¦       21           2              0.010 
2025-05-23 10:51:08 | INFO |       22.690 ¦       22           2              0.010 
2025-05-23 10:51:08 | INFO |       22.700 ¦       23           2              0.010 
2025-05-23 10:51:08 | INFO |       22.710 ¦       24           2              0.010 
2025-05-23 10:51:08 | INFO |       22.720 ¦       25           2              0.010 
2025-05-23 10:51:08 | INFO |       22.730 ¦       26           2              0.010 
2025-05-23 10:51:08 | INFO |       22.740 ¦       27           2              0.010 
2025-05-23 10:51:08 | INFO |       22.750 ¦       28           2              0.010 
2025-05-23 10:51:08 | INFO |       22.760 ¦       29           2              0.010 
2025-05-23 10:51:08 | INFO |       22.770 ¦       30           2              0.010 
2025-05-23 10:51:08 | INFO |       22.780 ¦       31           2              0.010 
2025-05-23 10:51:08 | INFO |       22.790 ¦       32           2              0.010 
2025-05-23 10:51:08 | INFO |       22.800 ¦       33           2              0.010 
2025-05-23 10:51:08 | INFO |       22.810 ¦       34           2              0.010 
2025-05-23 10:51:08 | INFO |       22.820 ¦       35           2              0.010 
2025-05-23 10:51:08 | INFO |       22.830 ¦       36           2              0.010 
2025-05-23 10:51:08 | INFO |       22.840 ¦       37           2              0.010 
2025-05-23 10:51:08 | INFO |       22.850 ¦       38           2              0.010 
2025-05-23 10:51:08 | INFO |       22.860 ¦       39           2              0.010 
2025-05-23 10:51:08 | INFO |       22.870 ¦       40           2              0.010 
2025-05-23 10:51:08 | INFO |       22.880 ¦       41           2              0.010 
2025-05-23 10:51:08 | INFO |       22.890 ¦       42           2              0.010 
2025-05-23 10:51:08 | INFO |       22.900 ¦       43           2              0.010 
2025-05-23 10:51:08 | INFO |       22.910 ¦       44           2              0.010 
2025-05-23 10:51:08 | INFO |       22.920 ¦       45           2              0.010 
2025-05-23 10:51:08 | INFO |       22.930 ¦       46           2              0.010 
2025-05-23 10:51:08 | INFO |       22.940 ¦       47           2              0.010 
2025-05-23 10:51:08 | INFO |       22.950 ¦       48           2              0.010 
2025-05-23 10:51:08 | INFO |       22.960 ¦       49           2              0.010 
2025-05-23 10:51:08 | INFO |       22.970 ¦       50           2              0.010 
2025-05-23 10:51:08 | INFO |       22.980 ¦       51           2              0.010 
2025-05-23 10:51:08 | INFO |       22.990 ¦       52           2              0.010 
2025-05-23 10:51:08 | INFO |       23.000 ¦       53           2              0.010 
2025-05-23 10:51:08 | INFO |       23.010 ¦       54           2              0.010 
2025-05-23 10:51:08 | INFO |       23.020 ¦       55           2              0.010 
2025-05-23 10:51:08 | INFO |       23.030 ¦       56           2              0.010 
2025-05-23 10:51:08 | INFO |       23.040 ¦       57           2              0.010 
2025-05-23 10:51:08 | INFO |       23.050 ¦       58           2              0.010 
2025-05-23 10:51:08 | INFO |       23.060 ¦       59           2              0.010 
2025-05-23 10:51:08 | INFO |       23.070 ¦       60           2              0.010 
2025-05-23 10:51:08 | INFO |       23.080 ¦       61           2              0.010 
2025-05-23 10:51:08 | INFO |       23.090 ¦       62           2              0.010 
2025-05-23 10:51:08 | INFO | Algebraic mode change at t = 23.0905
2025-05-23 10:51:08 | INFO |       23.091 ¦       63           2              0.010 
2025-05-23 10:51:08 | INFO | calculation of the new starting point of the simulation.
2025-05-23 10:51:08 | INFO |       23.091 ¦        0           0              0.000 
2025-05-23 10:51:08 | INFO |       23.091 ¦        1           1              0.000 
2025-05-23 10:51:08 | INFO |       23.091 ¦        2           1              0.000 
2025-05-23 10:51:08 | INFO |       23.091 ¦        3           2              0.000 
2025-05-23 10:51:08 | INFO |       23.091 ¦        4           2              0.000 
2025-05-23 10:51:08 | INFO |       23.091 ¦        5           2              0.000 
2025-05-23 10:51:08 | INFO |       23.091 ¦        6           2              0.000 
2025-05-23 10:51:08 | INFO |       23.091 ¦        7           2              0.000 
2025-05-23 10:51:08 | INFO |       23.091 ¦        8           2              0.000 
2025-05-23 10:51:08 | INFO |       23.091 ¦        9           2              0.000 
2025-05-23 10:51:08 | INFO |       23.091 ¦       10           2              0.000 
2025-05-23 10:51:08 | INFO |       23.092 ¦       11           2              0.001 
2025-05-23 10:51:08 | INFO |       23.093 ¦       12           2              0.001 
2025-05-23 10:51:08 | INFO |       23.095 ¦       13           2              0.002 
2025-05-23 10:51:08 | INFO |       23.099 ¦       14           2              0.004 
2025-05-23 10:51:08 | INFO |       23.107 ¦       15           2              0.008 
2025-05-23 10:51:08 | INFO |       23.117 ¦       16           2              0.010 
2025-05-23 10:51:08 | INFO |       23.127 ¦       17           2              0.010 
2025-05-23 10:51:08 | INFO |       23.137 ¦       18           2              0.010 
2025-05-23 10:51:08 | INFO |       23.147 ¦       19           2              0.010 
2025-05-23 10:51:08 | INFO |       23.157 ¦       20           2              0.010 
2025-05-23 10:51:08 | INFO |       23.167 ¦       21           2              0.010 
2025-05-23 10:51:08 | INFO |       23.177 ¦       22           2              0.010 
2025-05-23 10:51:08 | INFO |       23.187 ¦       23           2              0.010 
2025-05-23 10:51:08 | INFO |       23.197 ¦       24           2              0.010 
2025-05-23 10:51:08 | INFO |       23.207 ¦       25           2              0.010 
2025-05-23 10:51:08 | INFO |       23.217 ¦       26           2              0.010 
2025-05-23 10:51:08 | INFO |       23.227 ¦       27           2              0.010 
2025-05-23 10:51:08 | INFO |       23.237 ¦       28           2              0.010 
2025-05-23 10:51:08 | INFO |       23.247 ¦       29           2              0.010 
2025-05-23 10:51:08 | INFO |       23.257 ¦       30           2              0.010 
2025-05-23 10:51:08 | INFO |       23.267 ¦       31           2              0.010 
2025-05-23 10:51:08 | INFO |       23.277 ¦       32           2              0.010 
2025-05-23 10:51:08 | INFO |       23.287 ¦       33           2              0.010 
2025-05-23 10:51:08 | INFO |       23.297 ¦       34           2              0.010 
2025-05-23 10:51:08 | INFO |       23.307 ¦       35           2              0.010 
2025-05-23 10:51:08 | INFO |       23.317 ¦       36           2              0.010 
2025-05-23 10:51:08 | INFO |       23.327 ¦       37           2              0.010 
2025-05-23 10:51:08 | INFO |       23.337 ¦       38           2              0.010 
2025-05-23 10:51:08 | INFO |       23.347 ¦       39           2              0.010 
2025-05-23 10:51:08 | INFO |       23.357 ¦       40           2              0.010 
2025-05-23 10:51:08 | INFO |       23.367 ¦       41           2              0.010 
2025-05-23 10:51:08 | INFO |       23.377 ¦       42           2              0.010 
2025-05-23 10:51:08 | INFO |       23.387 ¦       43           2              0.010 
2025-05-23 10:51:08 | INFO |       23.397 ¦       44           2              0.010 
2025-05-23 10:51:08 | INFO |       23.407 ¦       45           2              0.010 
2025-05-23 10:51:08 | INFO |       23.417 ¦       46           2              0.010 
2025-05-23 10:51:08 | INFO |       23.427 ¦       47           2              0.010 
2025-05-23 10:51:08 | INFO |       23.437 ¦       48           2              0.010 
2025-05-23 10:51:08 | INFO |       23.447 ¦       49           2              0.010 
2025-05-23 10:51:08 | INFO |       23.457 ¦       50           2              0.010 
2025-05-23 10:51:08 | INFO |       23.467 ¦       51           2              0.010 
2025-05-23 10:51:08 | INFO |       23.477 ¦       52           2              0.010 
2025-05-23 10:51:08 | INFO |       23.487 ¦       53           2              0.010 
2025-05-23 10:51:08 | INFO |       23.497 ¦       54           2              0.010 
2025-05-23 10:51:08 | INFO |       23.507 ¦       55           2              0.010 
2025-05-23 10:51:08 | INFO |       23.517 ¦       56           2              0.010 
2025-05-23 10:51:08 | INFO |       23.527 ¦       57           2              0.010 
2025-05-23 10:51:08 | INFO |       23.537 ¦       58           2              0.010 
2025-05-23 10:51:08 | INFO |       23.547 ¦       59           2              0.010 
2025-05-23 10:51:08 | INFO |       23.557 ¦       60           2              0.010 
2025-05-23 10:51:08 | INFO |       23.567 ¦       61           2              0.010 
2025-05-23 10:51:08 | INFO |       23.577 ¦       62           2              0.010 
2025-05-23 10:51:08 | INFO |       23.587 ¦       63           2              0.010 
2025-05-23 10:51:08 | INFO |       23.597 ¦       64           2              0.010 
2025-05-23 10:51:08 | INFO |       23.607 ¦       65           2              0.010 
2025-05-23 10:51:08 | INFO |       23.617 ¦       66           2              0.010 
2025-05-23 10:51:08 | INFO |       23.627 ¦       67           2              0.010 
2025-05-23 10:51:08 | INFO |       23.637 ¦       68           2              0.010 
2025-05-23 10:51:08 | INFO |       23.647 ¦       69           2              0.010 
2025-05-23 10:51:08 | INFO |       23.657 ¦       70           2              0.010 
2025-05-23 10:51:08 | INFO |       23.667 ¦       71           2              0.010 
2025-05-23 10:51:08 | INFO |       23.677 ¦       72           2              0.010 
2025-05-23 10:51:08 | INFO |       23.687 ¦       73           2              0.010 
2025-05-23 10:51:08 | INFO |       23.697 ¦       74           2              0.010 
2025-05-23 10:51:08 | INFO |       23.707 ¦       75           2              0.010 
2025-05-23 10:51:08 | INFO |       23.717 ¦       76           2              0.010 
2025-05-23 10:51:08 | INFO |       23.727 ¦       77           2              0.010 
2025-05-23 10:51:08 | INFO |       23.737 ¦       78           2              0.010 
2025-05-23 10:51:08 | INFO | Algebraic mode change at t = 23.7414
2025-05-23 10:51:08 | INFO |       23.741 ¦       79           2              0.010 
2025-05-23 10:51:08 | INFO | calculation of the new starting point of the simulation.
2025-05-23 10:51:08 | INFO |       23.741 ¦        0           0              0.000 
2025-05-23 10:51:08 | INFO |       23.741 ¦        1           1              0.000 
2025-05-23 10:51:08 | INFO |       23.741 ¦        2           1              0.000 
2025-05-23 10:51:08 | INFO |       23.741 ¦        3           2              0.000 
2025-05-23 10:51:08 | INFO |       23.741 ¦        4           2              0.000 
2025-05-23 10:51:08 | INFO |       23.741 ¦        5           2              0.000 
2025-05-23 10:51:08 | INFO |       23.741 ¦        6           2              0.000 
2025-05-23 10:51:08 | INFO |       23.741 ¦        7           2              0.000 
2025-05-23 10:51:08 | INFO |       23.742 ¦        8           2              0.000 
2025-05-23 10:51:08 | INFO |       23.742 ¦        9           2              0.000 
2025-05-23 10:51:08 | INFO |       23.742 ¦       10           2              0.000 
2025-05-23 10:51:08 | INFO |       23.742 ¦       11           2              0.001 
2025-05-23 10:51:08 | INFO |       23.743 ¦       12           2              0.001 
2025-05-23 10:51:08 | INFO |       23.745 ¦       13           2              0.002 
2025-05-23 10:51:08 | INFO |       23.750 ¦       14           1              0.004 
2025-05-23 10:51:08 | INFO |       23.758 ¦       15           1              0.008 
2025-05-23 10:51:08 | INFO |       23.768 ¦       16           1              0.010 
2025-05-23 10:51:08 | INFO |       23.778 ¦       17           1              0.010 
2025-05-23 10:51:08 | INFO |       23.788 ¦       18           1              0.010 
2025-05-23 10:51:08 | INFO |       23.798 ¦       19           2              0.010 
2025-05-23 10:51:08 | INFO |       23.808 ¦       20           2              0.010 
2025-05-23 10:51:08 | INFO |       23.818 ¦       21           2              0.010 
2025-05-23 10:51:08 | INFO |       23.828 ¦       22           2              0.010 
2025-05-23 10:51:08 | INFO |       23.838 ¦       23           2              0.010 
2025-05-23 10:51:08 | INFO |       23.848 ¦       24           2              0.010 
2025-05-23 10:51:08 | INFO |       23.858 ¦       25           2              0.010 
2025-05-23 10:51:08 | INFO |       23.868 ¦       26           2              0.010 
2025-05-23 10:51:08 | INFO |       23.878 ¦       27           2              0.010 
2025-05-23 10:51:08 | INFO |       23.888 ¦       28           2              0.010 
2025-05-23 10:51:08 | INFO |       23.898 ¦       29           2              0.010 
2025-05-23 10:51:08 | INFO |       23.908 ¦       30           2              0.010 
2025-05-23 10:51:08 | INFO |       23.918 ¦       31           2              0.010 
2025-05-23 10:51:08 | INFO |       23.928 ¦       32           2              0.010 
2025-05-23 10:51:08 | INFO |       23.938 ¦       33           2              0.010 
2025-05-23 10:51:08 | INFO |       23.948 ¦       34           2              0.010 
2025-05-23 10:51:08 | INFO |       23.958 ¦       35           2              0.010 
2025-05-23 10:51:08 | INFO |       23.968 ¦       36           2              0.010 
2025-05-23 10:51:08 | INFO |       23.978 ¦       37           2              0.010 
2025-05-23 10:51:08 | INFO |       23.988 ¦       38           2              0.010 
2025-05-23 10:51:08 | INFO |       23.998 ¦       39           2              0.010 
2025-05-23 10:51:08 | INFO |       24.008 ¦       40           2              0.010 
2025-05-23 10:51:08 | INFO |       24.018 ¦       41           2              0.010 
2025-05-23 10:51:08 | INFO |       24.028 ¦       42           2              0.010 
2025-05-23 10:51:08 | INFO |       24.038 ¦       43           2              0.010 
2025-05-23 10:51:08 | INFO |       24.048 ¦       44           2              0.010 
2025-05-23 10:51:08 | INFO |       24.058 ¦       45           2              0.010 
2025-05-23 10:51:08 | INFO |       24.068 ¦       46           2              0.010 
2025-05-23 10:51:08 | INFO |       24.078 ¦       47           2              0.010 
2025-05-23 10:51:08 | INFO |       24.088 ¦       48           2              0.010 
2025-05-23 10:51:08 | INFO |       24.098 ¦       49           2              0.010 
2025-05-23 10:51:08 | INFO |       24.108 ¦       50           2              0.010 
2025-05-23 10:51:08 | INFO |       24.118 ¦       51           2              0.010 
2025-05-23 10:51:08 | INFO |       24.128 ¦       52           2              0.010 
2025-05-23 10:51:08 | INFO |       24.138 ¦       53           2              0.010 
2025-05-23 10:51:08 | INFO |       24.148 ¦       54           2              0.010 
2025-05-23 10:51:08 | INFO |       24.158 ¦       55           2              0.010 
2025-05-23 10:51:08 | INFO |       24.168 ¦       56           2              0.010 
2025-05-23 10:51:08 | INFO |       24.178 ¦       57           2              0.010 
2025-05-23 10:51:08 | INFO |       24.188 ¦       58           2              0.010 
2025-05-23 10:51:08 | INFO |       24.198 ¦       59           2              0.010 
2025-05-23 10:51:08 | INFO |       24.208 ¦       60           2              0.010 
2025-05-23 10:51:08 | INFO |       24.218 ¦       61           2              0.010 
2025-05-23 10:51:08 | INFO |       24.228 ¦       62           2              0.010 
2025-05-23 10:51:08 | INFO |       24.238 ¦       63           2              0.010 
2025-05-23 10:51:08 | INFO |       24.248 ¦       64           2              0.010 
2025-05-23 10:51:08 | INFO |       24.258 ¦       65           2              0.010 
2025-05-23 10:51:08 | INFO |       24.268 ¦       66           2              0.010 
2025-05-23 10:51:08 | INFO |       24.278 ¦       67           2              0.010 
2025-05-23 10:51:08 | INFO |       24.288 ¦       68           2              0.010 
2025-05-23 10:51:08 | INFO |       24.298 ¦       69           2              0.010 
2025-05-23 10:51:08 | INFO |       24.308 ¦       70           2              0.010 
2025-05-23 10:51:08 | INFO |       24.318 ¦       71           2              0.010 
2025-05-23 10:51:08 | INFO |       24.328 ¦       72           2              0.010 
2025-05-23 10:51:08 | INFO |       24.338 ¦       73           2              0.010 
2025-05-23 10:51:08 | INFO |       24.348 ¦       74           2              0.010 
2025-05-23 10:51:08 | INFO |       24.358 ¦       75           2              0.010 
2025-05-23 10:51:08 | INFO |       24.368 ¦       76           2              0.010 
2025-05-23 10:51:08 | INFO |       24.378 ¦       77           2              0.010 
2025-05-23 10:51:08 | INFO |       24.388 ¦       78           2              0.010 
2025-05-23 10:51:08 | INFO |       24.398 ¦       79           2              0.010 
2025-05-23 10:51:08 | INFO |       24.408 ¦       80           2              0.010 
2025-05-23 10:51:08 | INFO |       24.418 ¦       81           2              0.010 
2025-05-23 10:51:08 | INFO |       24.428 ¦       82           2              0.010 
2025-05-23 10:51:08 | INFO |       24.438 ¦       83           2              0.010 
2025-05-23 10:51:08 | INFO |       24.448 ¦       84           2              0.010 
2025-05-23 10:51:08 | INFO |       24.458 ¦       85           2              0.010 
2025-05-23 10:51:08 | INFO |       24.468 ¦       86           2              0.010 
2025-05-23 10:51:08 | INFO |       24.478 ¦       87           2              0.010 
2025-05-23 10:51:08 | INFO |       24.488 ¦       88           2              0.010 
2025-05-23 10:51:08 | INFO |       24.498 ¦       89           2              0.010 
2025-05-23 10:51:08 | INFO |       24.508 ¦       90           2              0.010 
2025-05-23 10:51:08 | INFO |       24.518 ¦       91           2              0.010 
2025-05-23 10:51:08 | INFO |       24.528 ¦       92           2              0.010 
2025-05-23 10:51:08 | INFO |       24.538 ¦       93           2              0.010 
2025-05-23 10:51:08 | INFO |       24.548 ¦       94           2              0.010 
2025-05-23 10:51:08 | INFO |       24.558 ¦       95           2              0.010 
2025-05-23 10:51:08 | INFO |       24.568 ¦       96           2              0.010 
2025-05-23 10:51:08 | INFO |       24.578 ¦       97           2              0.010 
2025-05-23 10:51:08 | INFO |       24.588 ¦       98           2              0.010 
2025-05-23 10:51:08 | INFO |       24.598 ¦       99           2              0.010 
2025-05-23 10:51:08 | INFO |       24.608 ¦      100           2              0.010 
2025-05-23 10:51:08 | INFO |       24.618 ¦      101           2              0.010 
2025-05-23 10:51:08 | INFO |       24.628 ¦      102           2              0.010 
2025-05-23 10:51:08 | INFO |       24.638 ¦      103           2              0.010 
2025-05-23 10:51:08 | INFO |       24.648 ¦      104           2              0.010 
2025-05-23 10:51:08 | INFO |       24.658 ¦      105           2              0.010 
2025-05-23 10:51:08 | INFO |       24.668 ¦      106           2              0.010 
2025-05-23 10:51:08 | INFO |       24.678 ¦      107           2              0.010 
2025-05-23 10:51:08 | INFO |       24.688 ¦      108           2              0.010 
2025-05-23 10:51:08 | INFO |       24.698 ¦      109           2              0.010 
2025-05-23 10:51:08 | INFO |       24.708 ¦      110           2              0.010 
2025-05-23 10:51:08 | INFO |       24.718 ¦      111           2              0.010 
2025-05-23 10:51:08 | INFO |       24.728 ¦      112           2              0.010 
2025-05-23 10:51:08 | INFO |       24.738 ¦      113           2              0.010 
2025-05-23 10:51:08 | INFO |       24.748 ¦      114           2              0.010 
2025-05-23 10:51:08 | INFO |       24.758 ¦      115           2              0.010 
2025-05-23 10:51:08 | INFO |       24.768 ¦      116           2              0.010 
2025-05-23 10:51:08 | INFO |       24.778 ¦      117           2              0.010 
2025-05-23 10:51:08 | INFO |       24.788 ¦      118           2              0.010 
2025-05-23 10:51:08 | INFO |       24.798 ¦      119           2              0.010 
2025-05-23 10:51:08 | INFO |       24.808 ¦      120           2              0.010 
2025-05-23 10:51:08 | INFO |       24.818 ¦      121           2              0.010 
2025-05-23 10:51:08 | INFO |       24.828 ¦      122           2              0.010 
2025-05-23 10:51:08 | INFO |       24.838 ¦      123           2              0.010 
2025-05-23 10:51:08 | INFO |       24.848 ¦      124           2              0.010 
2025-05-23 10:51:08 | INFO |       24.858 ¦      125           2              0.010 
2025-05-23 10:51:08 | INFO |       24.868 ¦      126           2              0.010 
2025-05-23 10:51:08 | INFO |       24.878 ¦      127           2              0.010 
2025-05-23 10:51:08 | INFO |       24.888 ¦      128           2              0.010 
2025-05-23 10:51:08 | INFO |       24.898 ¦      129           2              0.010 
2025-05-23 10:51:08 | INFO |       24.908 ¦      130           2              0.010 
2025-05-23 10:51:08 | INFO |       24.918 ¦      131           2              0.010 
2025-05-23 10:51:08 | INFO |       24.928 ¦      132           2              0.010 
2025-05-23 10:51:08 | INFO |       24.938 ¦      133           2              0.010 
2025-05-23 10:51:08 | INFO |       24.948 ¦      134           2              0.010 
2025-05-23 10:51:08 | INFO |       24.958 ¦      135           2              0.010 
2025-05-23 10:51:08 | INFO |       24.968 ¦      136           2              0.010 
2025-05-23 10:51:08 | INFO |       24.978 ¦      137           2              0.010 
2025-05-23 10:51:08 | INFO |       24.988 ¦      138           2              0.010 
2025-05-23 10:51:08 | INFO |       24.998 ¦      139           2              0.010 
2025-05-23 10:51:08 | INFO |       25.008 ¦      140           2              0.010 
2025-05-23 10:51:08 | INFO |       25.018 ¦      141           2              0.010 
2025-05-23 10:51:08 | INFO |       25.028 ¦      142           2              0.010 
2025-05-23 10:51:08 | INFO |       25.038 ¦      143           2              0.010 
2025-05-23 10:51:08 | INFO |       25.048 ¦      144           2              0.010 
2025-05-23 10:51:08 | INFO |       25.058 ¦      145           2              0.010 
2025-05-23 10:51:08 | INFO |       25.068 ¦      146           2              0.010 
2025-05-23 10:51:08 | INFO |       25.078 ¦      147           2              0.010 
2025-05-23 10:51:08 | INFO |       25.088 ¦      148           2              0.010 
2025-05-23 10:51:08 | INFO |       25.098 ¦      149           2              0.010 
2025-05-23 10:51:08 | INFO |       25.108 ¦      150           2              0.010 
2025-05-23 10:51:08 | INFO |       25.118 ¦      151           2              0.010 
2025-05-23 10:51:08 | INFO |       25.128 ¦      152           2              0.010 
2025-05-23 10:51:08 | INFO |       25.138 ¦      153           2              0.010 
2025-05-23 10:51:08 | INFO |       25.148 ¦      154           2              0.010 
2025-05-23 10:51:08 | INFO |       25.158 ¦      155           2              0.010 
2025-05-23 10:51:08 | INFO |       25.168 ¦      156           2              0.010 
2025-05-23 10:51:08 | INFO |       25.178 ¦      157           2              0.010 
2025-05-23 10:51:08 | INFO |       25.188 ¦      158           2              0.010 
2025-05-23 10:51:08 | INFO |       25.198 ¦      159           2              0.010 
2025-05-23 10:51:08 | INFO |       25.208 ¦      160           2              0.010 
2025-05-23 10:51:08 | INFO |       25.218 ¦      161           2              0.010 
2025-05-23 10:51:08 | INFO |       25.228 ¦      162           2              0.010 
2025-05-23 10:51:08 | INFO |       25.238 ¦      163           2              0.010 
2025-05-23 10:51:08 | INFO |       25.248 ¦      164           2              0.010 
2025-05-23 10:51:08 | INFO |       25.258 ¦      165           2              0.010 
2025-05-23 10:51:08 | INFO |       25.268 ¦      166           2              0.010 
2025-05-23 10:51:08 | INFO |       25.278 ¦      167           2              0.010 
2025-05-23 10:51:08 | INFO |       25.288 ¦      168           2              0.010 
2025-05-23 10:51:08 | INFO |       25.298 ¦      169           2              0.010 
2025-05-23 10:51:08 | INFO |       25.308 ¦      170           2              0.010 
2025-05-23 10:51:08 | INFO |       25.318 ¦      171           2              0.010 
2025-05-23 10:51:08 | INFO |       25.328 ¦      172           2              0.010 
2025-05-23 10:51:08 | INFO |       25.338 ¦      173           2              0.010 
2025-05-23 10:51:08 | INFO |       25.348 ¦      174           2              0.010 
2025-05-23 10:51:08 | INFO |       25.358 ¦      175           2              0.010 
2025-05-23 10:51:08 | INFO |       25.368 ¦      176           2              0.010 
2025-05-23 10:51:08 | INFO |       25.378 ¦      177           2              0.010 
2025-05-23 10:51:08 | INFO |       25.388 ¦      178           2              0.010 
2025-05-23 10:51:08 | INFO |       25.398 ¦      179           2              0.010 
2025-05-23 10:51:08 | INFO |       25.408 ¦      180           2              0.010 
2025-05-23 10:51:08 | INFO |       25.418 ¦      181           2              0.010 
2025-05-23 10:51:08 | INFO |       25.428 ¦      182           2              0.010 
2025-05-23 10:51:08 | INFO |       25.438 ¦      183           2              0.010 
2025-05-23 10:51:08 | INFO |       25.448 ¦      184           2              0.010 
2025-05-23 10:51:08 | INFO |       25.458 ¦      185           2              0.010 
2025-05-23 10:51:08 | INFO |       25.468 ¦      186           2              0.010 
2025-05-23 10:51:08 | INFO |       25.478 ¦      187           2              0.010 
2025-05-23 10:51:08 | INFO |       25.488 ¦      188           2              0.010 
2025-05-23 10:51:08 | INFO |       25.498 ¦      189           2              0.010 
2025-05-23 10:51:08 | INFO |       25.508 ¦      190           2              0.010 
2025-05-23 10:51:08 | INFO |       25.518 ¦      191           2              0.010 
2025-05-23 10:51:08 | INFO |       25.528 ¦      192           2              0.010 
2025-05-23 10:51:08 | INFO |       25.538 ¦      193           2              0.010 
2025-05-23 10:51:08 | INFO |       25.548 ¦      194           2              0.010 
2025-05-23 10:51:08 | INFO |       25.558 ¦      195           2              0.010 
2025-05-23 10:51:08 | INFO |       25.568 ¦      196           2              0.010 
2025-05-23 10:51:08 | INFO |       25.578 ¦      197           2              0.010 
2025-05-23 10:51:08 | INFO |       25.588 ¦      198           2              0.010 
2025-05-23 10:51:08 | INFO |       25.598 ¦      199           2              0.010 
2025-05-23 10:51:08 | INFO |       25.608 ¦      200           2              0.010 
2025-05-23 10:51:08 | INFO |       25.618 ¦      201           2              0.010 
2025-05-23 10:51:08 | INFO |       25.628 ¦      202           2              0.010 
2025-05-23 10:51:08 | INFO |       25.638 ¦      203           2              0.010 
2025-05-23 10:51:08 | INFO |       25.648 ¦      204           2              0.010 
2025-05-23 10:51:08 | INFO |       25.658 ¦      205           2              0.010 
2025-05-23 10:51:08 | INFO |       25.668 ¦      206           2              0.010 
2025-05-23 10:51:08 | INFO |       25.678 ¦      207           2              0.010 
2025-05-23 10:51:08 | INFO |       25.688 ¦      208           2              0.010 
2025-05-23 10:51:08 | INFO |       25.698 ¦      209           2              0.010 
2025-05-23 10:51:08 | INFO |       25.708 ¦      210           2              0.010 
2025-05-23 10:51:08 | INFO |       25.718 ¦      211           2              0.010 
2025-05-23 10:51:08 | INFO |       25.728 ¦      212           2              0.010 
2025-05-23 10:51:08 | INFO |       25.738 ¦      213           2              0.010 
2025-05-23 10:51:08 | INFO |       25.748 ¦      214           2              0.010 
2025-05-23 10:51:08 | INFO |       25.758 ¦      215           2              0.010 
2025-05-23 10:51:08 | INFO |       25.768 ¦      216           2              0.010 
2025-05-23 10:51:08 | INFO |       25.778 ¦      217           2              0.010 
2025-05-23 10:51:08 | INFO |       25.788 ¦      218           2              0.010 
2025-05-23 10:51:08 | INFO |       25.798 ¦      219           2              0.010 
2025-05-23 10:51:08 | INFO |       25.808 ¦      220           2              0.010 
2025-05-23 10:51:08 | INFO |       25.818 ¦      221           2              0.010 
2025-05-23 10:51:08 | INFO |       25.828 ¦      222           2              0.010 
2025-05-23 10:51:08 | INFO |       25.838 ¦      223           2              0.010 
2025-05-23 10:51:08 | INFO |       25.848 ¦      224           2              0.010 
2025-05-23 10:51:08 | INFO |       25.858 ¦      225           2              0.010 
2025-05-23 10:51:08 | INFO |       25.868 ¦      226           2              0.010 
2025-05-23 10:51:08 | INFO |       25.878 ¦      227           2              0.010 
2025-05-23 10:51:08 | INFO |       25.888 ¦      228           2              0.010 
2025-05-23 10:51:08 | INFO |       25.898 ¦      229           2              0.010 
2025-05-23 10:51:08 | INFO |       25.908 ¦      230           2              0.010 
2025-05-23 10:51:08 | INFO |       25.918 ¦      231           2              0.010 
2025-05-23 10:51:08 | INFO |       25.928 ¦      232           2              0.010 
2025-05-23 10:51:08 | INFO |       25.938 ¦      233           2              0.010 
2025-05-23 10:51:08 | INFO |       25.948 ¦      234           2              0.010 
2025-05-23 10:51:08 | INFO |       25.958 ¦      235           2              0.010 
2025-05-23 10:51:08 | INFO |       25.968 ¦      236           2              0.010 
2025-05-23 10:51:08 | INFO |       25.978 ¦      237           2              0.010 
2025-05-23 10:51:08 | INFO |       25.988 ¦      238           2              0.010 
2025-05-23 10:51:08 | INFO |       25.998 ¦      239           2              0.010 
2025-05-23 10:51:08 | INFO |       26.008 ¦      240           2              0.010 
2025-05-23 10:51:08 | INFO |       26.018 ¦      241           2              0.010 
2025-05-23 10:51:08 | INFO |       26.028 ¦      242           2              0.010 
2025-05-23 10:51:08 | INFO |       26.038 ¦      243           2              0.010 
2025-05-23 10:51:08 | INFO |       26.048 ¦      244           2              0.010 
2025-05-23 10:51:08 | INFO |       26.058 ¦      245           2              0.010 
2025-05-23 10:51:08 | INFO |       26.068 ¦      246           2              0.010 
2025-05-23 10:51:08 | INFO |       26.078 ¦      247           2              0.010 
2025-05-23 10:51:08 | INFO |       26.088 ¦      248           2              0.010 
2025-05-23 10:51:08 | INFO |       26.098 ¦      249           2              0.010 
2025-05-23 10:51:08 | INFO |       26.108 ¦      250           2              0.010 
2025-05-23 10:51:08 | INFO |       26.118 ¦      251           2              0.010 
2025-05-23 10:51:08 | INFO |       26.128 ¦      252           2              0.010 
2025-05-23 10:51:08 | INFO |       26.138 ¦      253           2              0.010 
2025-05-23 10:51:08 | INFO |       26.148 ¦      254           2              0.010 
2025-05-23 10:51:08 | INFO |       26.158 ¦      255           2              0.010 
2025-05-23 10:51:08 | INFO |       26.168 ¦      256           2              0.010 
2025-05-23 10:51:08 | INFO |       26.178 ¦      257           2              0.010 
2025-05-23 10:51:08 | INFO |       26.188 ¦      258           2              0.010 
2025-05-23 10:51:08 | INFO |       26.198 ¦      259           2              0.010 
2025-05-23 10:51:08 | INFO |       26.208 ¦      260           2              0.010 
2025-05-23 10:51:08 | INFO |       26.218 ¦      261           2              0.010 
2025-05-23 10:51:08 | INFO |       26.228 ¦      262           2              0.010 
2025-05-23 10:51:08 | INFO |       26.238 ¦      263           2              0.010 
2025-05-23 10:51:08 | INFO |       26.248 ¦      264           2              0.010 
2025-05-23 10:51:08 | INFO |       26.258 ¦      265           2              0.010 
2025-05-23 10:51:08 | INFO |       26.268 ¦      266           2              0.010 
2025-05-23 10:51:08 | INFO |       26.278 ¦      267           2              0.010 
2025-05-23 10:51:08 | INFO |       26.288 ¦      268           2              0.010 
2025-05-23 10:51:08 | INFO |       26.298 ¦      269           2              0.010 
2025-05-23 10:51:08 | INFO |       26.308 ¦      270           2              0.010 
2025-05-23 10:51:08 | INFO |       26.318 ¦      271           2              0.010 
2025-05-23 10:51:08 | INFO |       26.328 ¦      272           2              0.010 
2025-05-23 10:51:08 | INFO |       26.338 ¦      273           2              0.010 
2025-05-23 10:51:08 | INFO |       26.348 ¦      274           2              0.010 
2025-05-23 10:51:08 | INFO |       26.358 ¦      275           2              0.010 
2025-05-23 10:51:08 | INFO |       26.368 ¦      276           2              0.010 
2025-05-23 10:51:08 | INFO |       26.378 ¦      277           2              0.010 
2025-05-23 10:51:08 | INFO |       26.388 ¦      278           2              0.010 
2025-05-23 10:51:08 | INFO |       26.398 ¦      279           2              0.010 
2025-05-23 10:51:08 | INFO |       26.408 ¦      280           2              0.010 
2025-05-23 10:51:08 | INFO |       26.418 ¦      281           2              0.010 
2025-05-23 10:51:08 | INFO |       26.428 ¦      282           2              0.010 
2025-05-23 10:51:08 | INFO |       26.438 ¦      283           2              0.010 
2025-05-23 10:51:08 | INFO |       26.448 ¦      284           2              0.010 
2025-05-23 10:51:08 | INFO |       26.458 ¦      285           2              0.010 
2025-05-23 10:51:08 | INFO |       26.468 ¦      286           2              0.010 
2025-05-23 10:51:08 | INFO |       26.478 ¦      287           2              0.010 
2025-05-23 10:51:08 | INFO |       26.488 ¦      288           2              0.010 
2025-05-23 10:51:08 | INFO |       26.498 ¦      289           2              0.010 
2025-05-23 10:51:08 | INFO |       26.508 ¦      290           2              0.010 
2025-05-23 10:51:08 | INFO |       26.518 ¦      291           2              0.010 
2025-05-23 10:51:08 | INFO |       26.528 ¦      292           2              0.010 
2025-05-23 10:51:08 | INFO |       26.538 ¦      293           2              0.010 
2025-05-23 10:51:08 | INFO |       26.548 ¦      294           2              0.010 
2025-05-23 10:51:08 | INFO |       26.558 ¦      295           2              0.010 
2025-05-23 10:51:08 | INFO |       26.568 ¦      296           2              0.010 
2025-05-23 10:51:08 | INFO |       26.578 ¦      297           2              0.010 
2025-05-23 10:51:08 | INFO |       26.588 ¦      298           2              0.010 
2025-05-23 10:51:08 | INFO |       26.598 ¦      299           2              0.010 
2025-05-23 10:51:08 | INFO |       26.608 ¦      300           2              0.010 
2025-05-23 10:51:08 | INFO |       26.618 ¦      301           2              0.010 
2025-05-23 10:51:08 | INFO |       26.628 ¦      302           2              0.010 
2025-05-23 10:51:08 | INFO |       26.638 ¦      303           2              0.010 
2025-05-23 10:51:08 | INFO |       26.648 ¦      304           2              0.010 
2025-05-23 10:51:08 | INFO |       26.658 ¦      305           2              0.010 
2025-05-23 10:51:08 | INFO |       26.668 ¦      306           2              0.010 
2025-05-23 10:51:08 | INFO |       26.678 ¦      307           2              0.010 
2025-05-23 10:51:08 | INFO |       26.688 ¦      308           2              0.010 
2025-05-23 10:51:08 | INFO |       26.698 ¦      309           2              0.010 
2025-05-23 10:51:08 | INFO |       26.708 ¦      310           2              0.010 
2025-05-23 10:51:08 | INFO |       26.718 ¦      311           2              0.010 
2025-05-23 10:51:08 | INFO |       26.728 ¦      312           2              0.010 
2025-05-23 10:51:08 | INFO |       26.738 ¦      313           2              0.010 
2025-05-23 10:51:08 | INFO |       26.748 ¦      314           2              0.010 
2025-05-23 10:51:08 | INFO |       26.758 ¦      315           2              0.010 
2025-05-23 10:51:08 | INFO |       26.768 ¦      316           2              0.010 
2025-05-23 10:51:08 | INFO |       26.778 ¦      317           2              0.010 
2025-05-23 10:51:08 | INFO |       26.788 ¦      318           2              0.010 
2025-05-23 10:51:08 | INFO |       26.798 ¦      319           2              0.010 
2025-05-23 10:51:08 | INFO |       26.808 ¦      320           2              0.010 
2025-05-23 10:51:08 | INFO |       26.818 ¦      321           2              0.010 
2025-05-23 10:51:08 | INFO |       26.828 ¦      322           2              0.010 
2025-05-23 10:51:08 | INFO |       26.838 ¦      323           2              0.010 
2025-05-23 10:51:08 | INFO |       26.848 ¦      324           2              0.010 
2025-05-23 10:51:08 | INFO |       26.858 ¦      325           2              0.010 
2025-05-23 10:51:08 | INFO |       26.868 ¦      326           2              0.010 
2025-05-23 10:51:08 | INFO |       26.878 ¦      327           2              0.010 
2025-05-23 10:51:08 | INFO |       26.888 ¦      328           2              0.010 
2025-05-23 10:51:08 | INFO |       26.898 ¦      329           2              0.010 
2025-05-23 10:51:08 | INFO |       26.908 ¦      330           2              0.010 
2025-05-23 10:51:08 | INFO |       26.918 ¦      331           2              0.010 
2025-05-23 10:51:08 | INFO |       26.928 ¦      332           2              0.010 
2025-05-23 10:51:08 | INFO |       26.938 ¦      333           2              0.010 
2025-05-23 10:51:08 | INFO |       26.948 ¦      334           2              0.010 
2025-05-23 10:51:08 | INFO |       26.958 ¦      335           2              0.010 
2025-05-23 10:51:08 | INFO |       26.968 ¦      336           2              0.010 
2025-05-23 10:51:08 | INFO |       26.978 ¦      337           2              0.010 
2025-05-23 10:51:08 | INFO |       26.988 ¦      338           2              0.010 
2025-05-23 10:51:08 | INFO |       26.998 ¦      339           2              0.010 
2025-05-23 10:51:08 | INFO |       27.008 ¦      340           2              0.010 
2025-05-23 10:51:08 | INFO |       27.018 ¦      341           2              0.010 
2025-05-23 10:51:08 | INFO |       27.028 ¦      342           2              0.010 
2025-05-23 10:51:08 | INFO |       27.038 ¦      343           2              0.010 
2025-05-23 10:51:08 | INFO |       27.048 ¦      344           2              0.010 
2025-05-23 10:51:08 | INFO |       27.058 ¦      345           2              0.010 
2025-05-23 10:51:08 | INFO |       27.068 ¦      346           2              0.010 
2025-05-23 10:51:08 | INFO |       27.078 ¦      347           2              0.010 
2025-05-23 10:51:08 | INFO |       27.088 ¦      348           2              0.010 
2025-05-23 10:51:08 | INFO |       27.098 ¦      349           2              0.010 
2025-05-23 10:51:08 | INFO |       27.108 ¦      350           2              0.010 
2025-05-23 10:51:08 | INFO |       27.118 ¦      351           2              0.010 
2025-05-23 10:51:08 | INFO |       27.128 ¦      352           2              0.010 
2025-05-23 10:51:08 | INFO |       27.138 ¦      353           2              0.010 
2025-05-23 10:51:08 | INFO |       27.148 ¦      354           2              0.010 
2025-05-23 10:51:08 | INFO |       27.158 ¦      355           2              0.010 
2025-05-23 10:51:08 | INFO |       27.168 ¦      356           2              0.010 
2025-05-23 10:51:08 | INFO |       27.178 ¦      357           2              0.010 
2025-05-23 10:51:08 | INFO |       27.188 ¦      358           2              0.010 
2025-05-23 10:51:08 | INFO |       27.198 ¦      359           2              0.010 
2025-05-23 10:51:08 | INFO |       27.208 ¦      360           2              0.010 
2025-05-23 10:51:08 | INFO |       27.218 ¦      361           2              0.010 
2025-05-23 10:51:08 | INFO |       27.228 ¦      362           2              0.010 
2025-05-23 10:51:08 | INFO |       27.238 ¦      363           2              0.010 
2025-05-23 10:51:08 | INFO |       27.248 ¦      364           2              0.010 
2025-05-23 10:51:08 | INFO |       27.258 ¦      365           2              0.010 
2025-05-23 10:51:08 | INFO |       27.268 ¦      366           2              0.010 
2025-05-23 10:51:08 | INFO |       27.278 ¦      367           2              0.010 
2025-05-23 10:51:08 | INFO |       27.288 ¦      368           2              0.010 
2025-05-23 10:51:08 | INFO |       27.298 ¦      369           2              0.010 
2025-05-23 10:51:08 | INFO |       27.308 ¦      370           2              0.010 
2025-05-23 10:51:08 | INFO |       27.318 ¦      371           2              0.010 
2025-05-23 10:51:08 | INFO |       27.328 ¦      372           2              0.010 
2025-05-23 10:51:08 | INFO |       27.338 ¦      373           2              0.010 
2025-05-23 10:51:08 | INFO |       27.348 ¦      374           2              0.010 
2025-05-23 10:51:08 | INFO |       27.358 ¦      375           2              0.010 
2025-05-23 10:51:08 | INFO |       27.368 ¦      376           2              0.010 
2025-05-23 10:51:08 | INFO |       27.378 ¦      377           2              0.010 
2025-05-23 10:51:08 | INFO |       27.388 ¦      378           2              0.010 
2025-05-23 10:51:08 | INFO |       27.398 ¦      379           2              0.010 
2025-05-23 10:51:08 | INFO |       27.408 ¦      380           2              0.010 
2025-05-23 10:51:08 | INFO |       27.418 ¦      381           2              0.010 
2025-05-23 10:51:08 | INFO |       27.428 ¦      382           2              0.010 
2025-05-23 10:51:08 | INFO |       27.438 ¦      383           2              0.010 
2025-05-23 10:51:08 | INFO |       27.448 ¦      384           2              0.010 
2025-05-23 10:51:08 | INFO |       27.458 ¦      385           2              0.010 
2025-05-23 10:51:08 | INFO |       27.468 ¦      386           2              0.010 
2025-05-23 10:51:08 | INFO |       27.478 ¦      387           2              0.010 
2025-05-23 10:51:08 | INFO |       27.488 ¦      388           2              0.010 
2025-05-23 10:51:08 | INFO |       27.498 ¦      389           2              0.010 
2025-05-23 10:51:08 | INFO |       27.508 ¦      390           2              0.010 
2025-05-23 10:51:08 | INFO |       27.518 ¦      391           2              0.010 
2025-05-23 10:51:08 | INFO |       27.528 ¦      392           2              0.010 
2025-05-23 10:51:08 | INFO |       27.538 ¦      393           2              0.010 
2025-05-23 10:51:08 | INFO |       27.548 ¦      394           2              0.010 
2025-05-23 10:51:08 | INFO |       27.558 ¦      395           2              0.010 
2025-05-23 10:51:08 | INFO |       27.568 ¦      396           2              0.010 
2025-05-23 10:51:08 | INFO |       27.578 ¦      397           2              0.010 
2025-05-23 10:51:08 | INFO |       27.588 ¦      398           2              0.010 
2025-05-23 10:51:08 | INFO |       27.598 ¦      399           2              0.010 
2025-05-23 10:51:08 | INFO |       27.608 ¦      400           2              0.010 
2025-05-23 10:51:08 | INFO |       27.618 ¦      401           2              0.010 
2025-05-23 10:51:08 | INFO |       27.628 ¦      402           2              0.010 
2025-05-23 10:51:08 | INFO |       27.638 ¦      403           2              0.010 
2025-05-23 10:51:08 | INFO |       27.648 ¦      404           2              0.010 
2025-05-23 10:51:08 | INFO |       27.658 ¦      405           2              0.010 
2025-05-23 10:51:08 | INFO |       27.668 ¦      406           2              0.010 
2025-05-23 10:51:08 | INFO |       27.678 ¦      407           2              0.010 
2025-05-23 10:51:08 | INFO |       27.688 ¦      408           2              0.010 
2025-05-23 10:51:08 | INFO |       27.698 ¦      409           2              0.010 
2025-05-23 10:51:08 | INFO |       27.708 ¦      410           2              0.010 
2025-05-23 10:51:08 | INFO |       27.718 ¦      411           2              0.010 
2025-05-23 10:51:08 | INFO |       27.728 ¦      412           2              0.010 
2025-05-23 10:51:08 | INFO |       27.738 ¦      413           2              0.010 
2025-05-23 10:51:08 | INFO |       27.748 ¦      414           2              0.010 
2025-05-23 10:51:08 | INFO |       27.758 ¦      415           2              0.010 
2025-05-23 10:51:08 | INFO |       27.768 ¦      416           2              0.010 
2025-05-23 10:51:08 | INFO |       27.778 ¦      417           2              0.010 
2025-05-23 10:51:08 | INFO |       27.788 ¦      418           2              0.010 
2025-05-23 10:51:08 | INFO |       27.798 ¦      419           2              0.010 
2025-05-23 10:51:08 | INFO |       27.808 ¦      420           2              0.010 
2025-05-23 10:51:08 | INFO |       27.818 ¦      421           2              0.010 
2025-05-23 10:51:08 | INFO |       27.828 ¦      422           2              0.010 
2025-05-23 10:51:08 | INFO |       27.838 ¦      423           2              0.010 
2025-05-23 10:51:08 | INFO |       27.848 ¦      424           2              0.010 
2025-05-23 10:51:08 | INFO |       27.858 ¦      425           2              0.010 
2025-05-23 10:51:08 | INFO |       27.868 ¦      426           2              0.010 
2025-05-23 10:51:08 | INFO |       27.878 ¦      427           2              0.010 
2025-05-23 10:51:08 | INFO |       27.888 ¦      428           2              0.010 
2025-05-23 10:51:08 | INFO |       27.898 ¦      429           2              0.010 
2025-05-23 10:51:08 | INFO |       27.908 ¦      430           2              0.010 
2025-05-23 10:51:08 | INFO |       27.918 ¦      431           2              0.010 
2025-05-23 10:51:08 | INFO |       27.928 ¦      432           2              0.010 
2025-05-23 10:51:08 | INFO |       27.938 ¦      433           2              0.010 
2025-05-23 10:51:08 | INFO |       27.948 ¦      434           2              0.010 
2025-05-23 10:51:08 | INFO |       27.958 ¦      435           2              0.010 
2025-05-23 10:51:08 | INFO |       27.968 ¦      436           2              0.010 
2025-05-23 10:51:08 | INFO |       27.978 ¦      437           2              0.010 
2025-05-23 10:51:08 | INFO |       27.988 ¦      438           2              0.010 
2025-05-23 10:51:08 | INFO |       27.998 ¦      439           2              0.010 
2025-05-23 10:51:08 | INFO |       28.008 ¦      440           2              0.010 
2025-05-23 10:51:08 | INFO |       28.018 ¦      441           2              0.010 
2025-05-23 10:51:08 | INFO |       28.028 ¦      442           2              0.010 
2025-05-23 10:51:08 | INFO |       28.038 ¦      443           2              0.010 
2025-05-23 10:51:08 | INFO |       28.048 ¦      444           2              0.010 
2025-05-23 10:51:08 | INFO |       28.058 ¦      445           2              0.010 
2025-05-23 10:51:08 | INFO |       28.068 ¦      446           2              0.010 
2025-05-23 10:51:08 | INFO |       28.078 ¦      447           2              0.010 
2025-05-23 10:51:08 | INFO |       28.088 ¦      448           2              0.010 
2025-05-23 10:51:08 | INFO |       28.098 ¦      449           2              0.010 
2025-05-23 10:51:08 | INFO |       28.108 ¦      450           2              0.010 
2025-05-23 10:51:08 | INFO |       28.118 ¦      451           2              0.010 
2025-05-23 10:51:08 | INFO |       28.128 ¦      452           2              0.010 
2025-05-23 10:51:08 | INFO |       28.138 ¦      453           2              0.010 
2025-05-23 10:51:08 | INFO |       28.148 ¦      454           2              0.010 
2025-05-23 10:51:08 | INFO |       28.158 ¦      455           2              0.010 
2025-05-23 10:51:08 | INFO |       28.168 ¦      456           2              0.010 
2025-05-23 10:51:08 | INFO |       28.178 ¦      457           2              0.010 
2025-05-23 10:51:08 | INFO |       28.188 ¦      458           2              0.010 
2025-05-23 10:51:08 | INFO |       28.198 ¦      459           2              0.010 
2025-05-23 10:51:08 | INFO |       28.208 ¦      460           2              0.010 
2025-05-23 10:51:08 | INFO |       28.218 ¦      461           2              0.010 
2025-05-23 10:51:08 | INFO |       28.228 ¦      462           2              0.010 
2025-05-23 10:51:08 | INFO |       28.238 ¦      463           2              0.010 
2025-05-23 10:51:08 | INFO |       28.248 ¦      464           2              0.010 
2025-05-23 10:51:08 | INFO |       28.258 ¦      465           2              0.010 
2025-05-23 10:51:08 | INFO |       28.268 ¦      466           2              0.010 
2025-05-23 10:51:08 | INFO |       28.278 ¦      467           2              0.010 
2025-05-23 10:51:08 | INFO |       28.288 ¦      468           2              0.010 
2025-05-23 10:51:08 | INFO |       28.298 ¦      469           2              0.010 
2025-05-23 10:51:08 | INFO |       28.308 ¦      470           2              0.010 
2025-05-23 10:51:08 | INFO |       28.318 ¦      471           2              0.010 
2025-05-23 10:51:08 | INFO |       28.328 ¦      472           2              0.010 
2025-05-23 10:51:08 | INFO |       28.338 ¦      473           2              0.010 
2025-05-23 10:51:08 | INFO |       28.348 ¦      474           2              0.010 
2025-05-23 10:51:08 | INFO |       28.358 ¦      475           2              0.010 
2025-05-23 10:51:08 | INFO |       28.368 ¦      476           2              0.010 
2025-05-23 10:51:08 | INFO |       28.378 ¦      477           2              0.010 
2025-05-23 10:51:08 | INFO |       28.388 ¦      478           2              0.010 
2025-05-23 10:51:08 | INFO |       28.398 ¦      479           2              0.010 
2025-05-23 10:51:08 | INFO |       28.408 ¦      480           2              0.010 
2025-05-23 10:51:08 | INFO |       28.418 ¦      481           2              0.010 
2025-05-23 10:51:08 | INFO |       28.428 ¦      482           2              0.010 
2025-05-23 10:51:08 | INFO |       28.438 ¦      483           2              0.010 
2025-05-23 10:51:08 | INFO |       28.448 ¦      484           2              0.010 
2025-05-23 10:51:08 | INFO |       28.458 ¦      485           2              0.010 
2025-05-23 10:51:08 | INFO |       28.468 ¦      486           2              0.010 
2025-05-23 10:51:08 | INFO |       28.478 ¦      487           2              0.010 
2025-05-23 10:51:08 | INFO |       28.488 ¦      488           2              0.010 
2025-05-23 10:51:08 | INFO |       28.498 ¦      489           2              0.010 
2025-05-23 10:51:08 | INFO |       28.508 ¦      490           2              0.010 
2025-05-23 10:51:08 | INFO |       28.518 ¦      491           2              0.010 
2025-05-23 10:51:08 | INFO |       28.528 ¦      492           2              0.010 
2025-05-23 10:51:08 | INFO |       28.538 ¦      493           2              0.010 
2025-05-23 10:51:08 | INFO |       28.548 ¦      494           2              0.010 
2025-05-23 10:51:08 | INFO |       28.558 ¦      495           2              0.010 
2025-05-23 10:51:08 | INFO |       28.568 ¦      496           2              0.010 
2025-05-23 10:51:08 | INFO |       28.578 ¦      497           2              0.010 
2025-05-23 10:51:08 | INFO |       28.588 ¦      498           2              0.010 
2025-05-23 10:51:08 | INFO |       28.598 ¦      499           2              0.010 
2025-05-23 10:51:08 | INFO |       28.608 ¦      500           2              0.010 
2025-05-23 10:51:08 | INFO |       28.618 ¦      501           2              0.010 
2025-05-23 10:51:08 | INFO |       28.628 ¦      502           2              0.010 
2025-05-23 10:51:08 | INFO |       28.638 ¦      503           2              0.010 
2025-05-23 10:51:08 | INFO |       28.648 ¦      504           2              0.010 
2025-05-23 10:51:08 | INFO |       28.658 ¦      505           2              0.010 
2025-05-23 10:51:08 | INFO |       28.668 ¦      506           2              0.010 
2025-05-23 10:51:08 | INFO |       28.678 ¦      507           2              0.010 
2025-05-23 10:51:08 | INFO |       28.688 ¦      508           2              0.010 
2025-05-23 10:51:08 | INFO |       28.698 ¦      509           2              0.010 
2025-05-23 10:51:08 | INFO |       28.708 ¦      510           2              0.010 
2025-05-23 10:51:08 | INFO |       28.718 ¦      511           2              0.010 
2025-05-23 10:51:08 | INFO |       28.728 ¦      512           2              0.010 
2025-05-23 10:51:08 | INFO |       28.738 ¦      513           2              0.010 
2025-05-23 10:51:08 | INFO |       28.748 ¦      514           2              0.010 
2025-05-23 10:51:08 | INFO |       28.758 ¦      515           2              0.010 
2025-05-23 10:51:08 | INFO |       28.768 ¦      516           2              0.010 
2025-05-23 10:51:08 | INFO |       28.778 ¦      517           2              0.010 
2025-05-23 10:51:08 | INFO |       28.788 ¦      518           2              0.010 
2025-05-23 10:51:08 | INFO |       28.798 ¦      519           2              0.010 
2025-05-23 10:51:08 | INFO |       28.808 ¦      520           2              0.010 
2025-05-23 10:51:08 | INFO |       28.818 ¦      521           2              0.010 
2025-05-23 10:51:08 | INFO |       28.828 ¦      522           2              0.010 
2025-05-23 10:51:08 | INFO |       28.838 ¦      523           2              0.010 
2025-05-23 10:51:08 | INFO |       28.848 ¦      524           2              0.010 
2025-05-23 10:51:08 | INFO |       28.858 ¦      525           2              0.010 
2025-05-23 10:51:08 | INFO |       28.868 ¦      526           2              0.010 
2025-05-23 10:51:08 | INFO |       28.878 ¦      527           2              0.010 
2025-05-23 10:51:08 | INFO |       28.888 ¦      528           2              0.010 
2025-05-23 10:51:08 | INFO |       28.898 ¦      529           2              0.010 
2025-05-23 10:51:08 | INFO |       28.908 ¦      530           2              0.010 
2025-05-23 10:51:08 | INFO |       28.918 ¦      531           2              0.010 
2025-05-23 10:51:08 | INFO |       28.928 ¦      532           2              0.010 
2025-05-23 10:51:08 | INFO |       28.938 ¦      533           2              0.010 
2025-05-23 10:51:08 | INFO |       28.948 ¦      534           2              0.010 
2025-05-23 10:51:08 | INFO |       28.958 ¦      535           2              0.010 
2025-05-23 10:51:08 | INFO |       28.968 ¦      536           2              0.010 
2025-05-23 10:51:08 | INFO |       28.978 ¦      537           2              0.010 
2025-05-23 10:51:08 | INFO |       28.988 ¦      538           2              0.010 
2025-05-23 10:51:08 | INFO |       28.998 ¦      539           2              0.010 
2025-05-23 10:51:08 | INFO |       29.008 ¦      540           2              0.010 
2025-05-23 10:51:08 | INFO |       29.018 ¦      541           2              0.010 
2025-05-23 10:51:08 | INFO |       29.028 ¦      542           2              0.010 
2025-05-23 10:51:08 | INFO |       29.038 ¦      543           2              0.010 
2025-05-23 10:51:08 | INFO |       29.048 ¦      544           2              0.010 
2025-05-23 10:51:08 | INFO |       29.058 ¦      545           2              0.010 
2025-05-23 10:51:08 | INFO |       29.068 ¦      546           2              0.010 
2025-05-23 10:51:08 | INFO |       29.078 ¦      547           2              0.010 
2025-05-23 10:51:08 | INFO |       29.088 ¦      548           2              0.010 
2025-05-23 10:51:08 | INFO |       29.098 ¦      549           2              0.010 
2025-05-23 10:51:08 | INFO |       29.108 ¦      550           2              0.010 
2025-05-23 10:51:08 | INFO |       29.118 ¦      551           2              0.010 
2025-05-23 10:51:08 | INFO |       29.128 ¦      552           2              0.010 
2025-05-23 10:51:08 | INFO |       29.138 ¦      553           2              0.010 
2025-05-23 10:51:08 | INFO |       29.148 ¦      554           2              0.010 
2025-05-23 10:51:08 | INFO |       29.158 ¦      555           2              0.010 
2025-05-23 10:51:08 | INFO |       29.168 ¦      556           2              0.010 
2025-05-23 10:51:08 | INFO |       29.178 ¦      557           2              0.010 
2025-05-23 10:51:08 | INFO |       29.188 ¦      558           2              0.010 
2025-05-23 10:51:08 | INFO |       29.198 ¦      559           2              0.010 
2025-05-23 10:51:08 | INFO |       29.208 ¦      560           2              0.010 
2025-05-23 10:51:08 | INFO |       29.218 ¦      561           2              0.010 
2025-05-23 10:51:08 | INFO |       29.228 ¦      562           2              0.010 
2025-05-23 10:51:08 | INFO |       29.238 ¦      563           2              0.010 
2025-05-23 10:51:08 | INFO |       29.248 ¦      564           2              0.010 
2025-05-23 10:51:08 | INFO |       29.258 ¦      565           2              0.010 
2025-05-23 10:51:08 | INFO |       29.268 ¦      566           2              0.010 
2025-05-23 10:51:08 | INFO |       29.278 ¦      567           2              0.010 
2025-05-23 10:51:08 | INFO |       29.288 ¦      568           2              0.010 
2025-05-23 10:51:08 | INFO |       29.298 ¦      569           2              0.010 
2025-05-23 10:51:08 | INFO |       29.308 ¦      570           2              0.010 
2025-05-23 10:51:08 | INFO |       29.318 ¦      571           2              0.010 
2025-05-23 10:51:08 | INFO |       29.328 ¦      572           2              0.010 
2025-05-23 10:51:08 | INFO |       29.338 ¦      573           2              0.010 
2025-05-23 10:51:08 | INFO |       29.348 ¦      574           2              0.010 
2025-05-23 10:51:08 | INFO |       29.358 ¦      575           2              0.010 
2025-05-23 10:51:08 | INFO |       29.368 ¦      576           2              0.010 
2025-05-23 10:51:08 | INFO |       29.378 ¦      577           2              0.010 
2025-05-23 10:51:08 | INFO |       29.388 ¦      578           2              0.010 
2025-05-23 10:51:08 | INFO |       29.398 ¦      579           2              0.010 
2025-05-23 10:51:08 | INFO |       29.408 ¦      580           2              0.010 
2025-05-23 10:51:08 | INFO |       29.418 ¦      581           2              0.010 
2025-05-23 10:51:08 | INFO |       29.428 ¦      582           2              0.010 
2025-05-23 10:51:08 | INFO |       29.438 ¦      583           2              0.010 
2025-05-23 10:51:08 | INFO |       29.448 ¦      584           2              0.010 
2025-05-23 10:51:08 | INFO |       29.458 ¦      585           2              0.010 
2025-05-23 10:51:08 | INFO |       29.468 ¦      586           2              0.010 
2025-05-23 10:51:08 | INFO |       29.478 ¦      587           2              0.010 
2025-05-23 10:51:08 | INFO |       29.488 ¦      588           2              0.010 
2025-05-23 10:51:08 | INFO |       29.498 ¦      589           2              0.010 
2025-05-23 10:51:08 | INFO |       29.508 ¦      590           2              0.010 
2025-05-23 10:51:08 | INFO |       29.518 ¦      591           2              0.010 
2025-05-23 10:51:08 | INFO |       29.528 ¦      592           2              0.010 
2025-05-23 10:51:08 | INFO |       29.538 ¦      593           2              0.010 
2025-05-23 10:51:08 | INFO |       29.548 ¦      594           2              0.010 
2025-05-23 10:51:08 | INFO |       29.558 ¦      595           2              0.010 
2025-05-23 10:51:08 | INFO |       29.568 ¦      596           2              0.010 
2025-05-23 10:51:08 | INFO |       29.578 ¦      597           2              0.010 
2025-05-23 10:51:08 | INFO |       29.588 ¦      598           2              0.010 
2025-05-23 10:51:08 | INFO |       29.598 ¦      599           2              0.010 
2025-05-23 10:51:08 | INFO |       29.608 ¦      600           2              0.010 
2025-05-23 10:51:08 | INFO |       29.618 ¦      601           2              0.010 
2025-05-23 10:51:08 | INFO |       29.628 ¦      602           2              0.010 
2025-05-23 10:51:08 | INFO |       29.638 ¦      603           2              0.010 
2025-05-23 10:51:08 | INFO |       29.648 ¦      604           2              0.010 
2025-05-23 10:51:08 | INFO |       29.658 ¦      605           2              0.010 
2025-05-23 10:51:08 | INFO |       29.668 ¦      606           2              0.010 
2025-05-23 10:51:08 | INFO |       29.678 ¦      607           2              0.010 
2025-05-23 10:51:08 | INFO |       29.688 ¦      608           2              0.010 
2025-05-23 10:51:08 | INFO |       29.698 ¦      609           2              0.010 
2025-05-23 10:51:08 | INFO |       29.708 ¦      610           2              0.010 
2025-05-23 10:51:08 | INFO |       29.718 ¦      611           2              0.010 
2025-05-23 10:51:08 | INFO |       29.728 ¦      612           2              0.010 
2025-05-23 10:51:08 | INFO |       29.738 ¦      613           2              0.010 
2025-05-23 10:51:08 | INFO |       29.748 ¦      614           2              0.010 
2025-05-23 10:51:08 | INFO |       29.758 ¦      615           2              0.010 
2025-05-23 10:51:08 | INFO |       29.768 ¦      616           2              0.010 
2025-05-23 10:51:08 | INFO |       29.778 ¦      617           2              0.010 
2025-05-23 10:51:08 | INFO |       29.788 ¦      618           2              0.010 
2025-05-23 10:51:08 | INFO |       29.798 ¦      619           2              0.010 
2025-05-23 10:51:08 | INFO |       29.808 ¦      620           2              0.010 
2025-05-23 10:51:08 | INFO |       29.818 ¦      621           2              0.010 
2025-05-23 10:51:08 | INFO |       29.828 ¦      622           2              0.010 
2025-05-23 10:51:08 | INFO |       29.838 ¦      623           2              0.010 
2025-05-23 10:51:08 | INFO |       29.848 ¦      624           2              0.010 
2025-05-23 10:51:08 | INFO |       29.858 ¦      625           2              0.010 
2025-05-23 10:51:08 | INFO |       29.868 ¦      626           2              0.010 
2025-05-23 10:51:08 | INFO |       29.878 ¦      627           2              0.010 
2025-05-23 10:51:08 | INFO |       29.888 ¦      628           2              0.010 
2025-05-23 10:51:08 | INFO |       29.898 ¦      629           2              0.010 
2025-05-23 10:51:08 | INFO |       29.908 ¦      630           2              0.010 
2025-05-23 10:51:08 | INFO |       29.918 ¦      631           2              0.010 
2025-05-23 10:51:08 | INFO |       29.928 ¦      632           2              0.010 
2025-05-23 10:51:08 | INFO |       29.938 ¦      633           2              0.010 
2025-05-23 10:51:08 | INFO |       29.948 ¦      634           2              0.010 
2025-05-23 10:51:08 | INFO |       29.958 ¦      635           2              0.010 
2025-05-23 10:51:08 | INFO |       29.968 ¦      636           2              0.010 
2025-05-23 10:51:08 | INFO |       29.978 ¦      637           2              0.010 
2025-05-23 10:51:08 | INFO |       29.988 ¦      638           2              0.010 
2025-05-23 10:51:08 | INFO |       29.998 ¦      639           2              0.010 
2025-05-23 10:51:08 | INFO |       30.008 ¦      640           2              0.010 
2025-05-23 10:51:08 | INFO |       30.018 ¦      641           2              0.010 
2025-05-23 10:51:08 | INFO |       30.028 ¦      642           2              0.010 
2025-05-23 10:51:08 | INFO |       30.038 ¦      643           2              0.010 
2025-05-23 10:51:08 | INFO |       30.048 ¦      644           2              0.010 
2025-05-23 10:51:08 | INFO |       30.058 ¦      645           2              0.010 
2025-05-23 10:51:08 | INFO |       30.068 ¦      646           2              0.010 
2025-05-23 10:51:08 | INFO |       30.078 ¦      647           2              0.010 
2025-05-23 10:51:08 | INFO |       30.088 ¦      648           2              0.010 
2025-05-23 10:51:08 | INFO |       30.098 ¦      649           2              0.010 
2025-05-23 10:51:08 | INFO |       30.108 ¦      650           2              0.010 
2025-05-23 10:51:08 | INFO |       30.118 ¦      651           2              0.010 
2025-05-23 10:51:08 | INFO |       30.128 ¦      652           2              0.010 
2025-05-23 10:51:08 | INFO |       30.138 ¦      653           2              0.010 
2025-05-23 10:51:08 | INFO |       30.148 ¦      654           2              0.010 
2025-05-23 10:51:08 | INFO |       30.158 ¦      655           2              0.010 
2025-05-23 10:51:08 | INFO |       30.168 ¦      656           2              0.010 
2025-05-23 10:51:08 | INFO |       30.178 ¦      657           2              0.010 
2025-05-23 10:51:08 | INFO |       30.188 ¦      658           2              0.010 
2025-05-23 10:51:08 | INFO |       30.198 ¦      659           2              0.010 
2025-05-23 10:51:08 | INFO |       30.208 ¦      660           2              0.010 
2025-05-23 10:51:08 | INFO |       30.218 ¦      661           2              0.010 
2025-05-23 10:51:08 | INFO |       30.228 ¦      662           2              0.010 
2025-05-23 10:51:08 | INFO |       30.238 ¦      663           2              0.010 
2025-05-23 10:51:08 | INFO |       30.248 ¦      664           2              0.010 
2025-05-23 10:51:08 | INFO |       30.258 ¦      665           2              0.010 
2025-05-23 10:51:08 | INFO |       30.268 ¦      666           2              0.010 
2025-05-23 10:51:08 | INFO |       30.278 ¦      667           2              0.010 
2025-05-23 10:51:08 | INFO |       30.288 ¦      668           2              0.010 
2025-05-23 10:51:08 | INFO |       30.298 ¦      669           2              0.010 
2025-05-23 10:51:08 | INFO |       30.308 ¦      670           2              0.010 
2025-05-23 10:51:08 | INFO |       30.318 ¦      671           2              0.010 
2025-05-23 10:51:08 | INFO |       30.328 ¦      672           2              0.010 
2025-05-23 10:51:08 | INFO |       30.338 ¦      673           2              0.010 
2025-05-23 10:51:08 | INFO |       30.348 ¦      674           2              0.010 
2025-05-23 10:51:08 | INFO |       30.358 ¦      675           2              0.010 
2025-05-23 10:51:08 | INFO |       30.368 ¦      676           2              0.010 
2025-05-23 10:51:08 | INFO |       30.378 ¦      677           2              0.010 
2025-05-23 10:51:08 | INFO |       30.388 ¦      678           2              0.010 
2025-05-23 10:51:08 | INFO |       30.398 ¦      679           2              0.010 
2025-05-23 10:51:08 | INFO |       30.408 ¦      680           2              0.010 
2025-05-23 10:51:08 | INFO |       30.418 ¦      681           2              0.010 
2025-05-23 10:51:08 | INFO |       30.428 ¦      682           2              0.010 
2025-05-23 10:51:08 | INFO |       30.438 ¦      683           2              0.010 
2025-05-23 10:51:08 | INFO |       30.448 ¦      684           2              0.010 
2025-05-23 10:51:08 | INFO |       30.458 ¦      685           2              0.010 
2025-05-23 10:51:08 | INFO |       30.468 ¦      686           2              0.010 
2025-05-23 10:51:08 | INFO |       30.478 ¦      687           2              0.010 
2025-05-23 10:51:08 | INFO |       30.488 ¦      688           2              0.010 
2025-05-23 10:51:08 | INFO |       30.498 ¦      689           2              0.010 
2025-05-23 10:51:08 | INFO |       30.508 ¦      690           2              0.010 
2025-05-23 10:51:08 | INFO |       30.518 ¦      691           2              0.010 
2025-05-23 10:51:08 | INFO |       30.528 ¦      692           2              0.010 
2025-05-23 10:51:08 | INFO |       30.538 ¦      693           2              0.010 
2025-05-23 10:51:08 | INFO |       30.548 ¦      694           2              0.010 
2025-05-23 10:51:08 | INFO |       30.558 ¦      695           2              0.010 
2025-05-23 10:51:08 | INFO |       30.568 ¦      696           2              0.010 
2025-05-23 10:51:08 | INFO |       30.578 ¦      697           2              0.010 
2025-05-23 10:51:08 | INFO |       30.588 ¦      698           2              0.010 
2025-05-23 10:51:08 | INFO |       30.598 ¦      699           2              0.010 
2025-05-23 10:51:08 | INFO |       30.608 ¦      700           2              0.010 
2025-05-23 10:51:08 | INFO |       30.618 ¦      701           2              0.010 
2025-05-23 10:51:08 | INFO |       30.628 ¦      702           2              0.010 
2025-05-23 10:51:08 | INFO |       30.638 ¦      703           2              0.010 
2025-05-23 10:51:08 | INFO |       30.648 ¦      704           2              0.010 
2025-05-23 10:51:08 | INFO |       30.658 ¦      705           2              0.010 
2025-05-23 10:51:08 | INFO |       30.668 ¦      706           2              0.010 
2025-05-23 10:51:08 | INFO |       30.678 ¦      707           2              0.010 
2025-05-23 10:51:08 | INFO |       30.688 ¦      708           2              0.010 
2025-05-23 10:51:08 | INFO |       30.698 ¦      709           2              0.010 
2025-05-23 10:51:08 | INFO |       30.708 ¦      710           2              0.010 
2025-05-23 10:51:08 | INFO |       30.718 ¦      711           2              0.010 
2025-05-23 10:51:08 | INFO |       30.728 ¦      712           2              0.010 
2025-05-23 10:51:08 | INFO |       30.738 ¦      713           2              0.010 
2025-05-23 10:51:08 | INFO |       30.748 ¦      714           2              0.010 
2025-05-23 10:51:08 | INFO |       30.758 ¦      715           2              0.010 
2025-05-23 10:51:08 | INFO |       30.768 ¦      716           2              0.010 
2025-05-23 10:51:08 | INFO |       30.778 ¦      717           2              0.010 
2025-05-23 10:51:08 | INFO |       30.788 ¦      718           2              0.010 
2025-05-23 10:51:08 | INFO |       30.798 ¦      719           2              0.010 
2025-05-23 10:51:08 | INFO |       30.808 ¦      720           2              0.010 
2025-05-23 10:51:08 | INFO |       30.818 ¦      721           2              0.010 
2025-05-23 10:51:08 | INFO |       30.828 ¦      722           2              0.010 
2025-05-23 10:51:08 | INFO |       30.838 ¦      723           2              0.010 
2025-05-23 10:51:08 | INFO |       30.848 ¦      724           2              0.010 
2025-05-23 10:51:08 | INFO |       30.858 ¦      725           2              0.010 
2025-05-23 10:51:08 | INFO |       30.868 ¦      726           2              0.010 
2025-05-23 10:51:08 | INFO |       30.878 ¦      727           2              0.010 
2025-05-23 10:51:08 | INFO |       30.888 ¦      728           2              0.010 
2025-05-23 10:51:08 | INFO |       30.898 ¦      729           2              0.010 
2025-05-23 10:51:08 | INFO |       30.908 ¦      730           2              0.010 
2025-05-23 10:51:08 | INFO |       30.918 ¦      731           2              0.010 
2025-05-23 10:51:08 | INFO |       30.928 ¦      732           2              0.010 
2025-05-23 10:51:08 | INFO |       30.938 ¦      733           2              0.010 
2025-05-23 10:51:08 | INFO |       30.948 ¦      734           2              0.010 
2025-05-23 10:51:08 | INFO |       30.958 ¦      735           2              0.010 
2025-05-23 10:51:08 | INFO |       30.968 ¦      736           2              0.010 
2025-05-23 10:51:08 | INFO |       30.978 ¦      737           2              0.010 
2025-05-23 10:51:08 | INFO |       30.988 ¦      738           2              0.010 
2025-05-23 10:51:08 | INFO |       30.998 ¦      739           2              0.010 
2025-05-23 10:51:08 | INFO |       31.008 ¦      740           2              0.010 
2025-05-23 10:51:08 | INFO |       31.018 ¦      741           2              0.010 
2025-05-23 10:51:08 | INFO |       31.028 ¦      742           2              0.010 
2025-05-23 10:51:08 | INFO |       31.038 ¦      743           2              0.010 
2025-05-23 10:51:08 | INFO |       31.048 ¦      744           2              0.010 
2025-05-23 10:51:08 | INFO |       31.058 ¦      745           2              0.010 
2025-05-23 10:51:08 | INFO |       31.068 ¦      746           2              0.010 
2025-05-23 10:51:08 | INFO |       31.078 ¦      747           2              0.010 
2025-05-23 10:51:08 | INFO |       31.088 ¦      748           2              0.010 
2025-05-23 10:51:08 | INFO |       31.098 ¦      749           2              0.010 
2025-05-23 10:51:08 | INFO |       31.108 ¦      750           2              0.010 
2025-05-23 10:51:08 | INFO |       31.118 ¦      751           2              0.010 
2025-05-23 10:51:08 | INFO |       31.128 ¦      752           2              0.010 
2025-05-23 10:51:08 | INFO |       31.138 ¦      753           2              0.010 
2025-05-23 10:51:08 | INFO |       31.148 ¦      754           2              0.010 
2025-05-23 10:51:08 | INFO |       31.158 ¦      755           2              0.010 
2025-05-23 10:51:08 | INFO |       31.168 ¦      756           2              0.010 
2025-05-23 10:51:08 | INFO |       31.178 ¦      757           2              0.010 
2025-05-23 10:51:08 | INFO |       31.188 ¦      758           2              0.010 
2025-05-23 10:51:08 | INFO |       31.198 ¦      759           2              0.010 
2025-05-23 10:51:08 | INFO |       31.208 ¦      760           2              0.010 
2025-05-23 10:51:08 | INFO |       31.218 ¦      761           2              0.010 
2025-05-23 10:51:08 | INFO |       31.228 ¦      762           2              0.010 
2025-05-23 10:51:08 | INFO |       31.238 ¦      763           2              0.010 
2025-05-23 10:51:08 | INFO |       31.248 ¦      764           2              0.010 
2025-05-23 10:51:08 | INFO |       31.258 ¦      765           2              0.010 
2025-05-23 10:51:08 | INFO |       31.268 ¦      766           2              0.010 
2025-05-23 10:51:08 | INFO |       31.278 ¦      767           2              0.010 
2025-05-23 10:51:08 | INFO |       31.288 ¦      768           2              0.010 
2025-05-23 10:51:08 | INFO |       31.298 ¦      769           2              0.010 
2025-05-23 10:51:08 | INFO |       31.308 ¦      770           2              0.010 
2025-05-23 10:51:08 | INFO |       31.318 ¦      771           2              0.010 
2025-05-23 10:51:08 | INFO |       31.328 ¦      772           2              0.010 
2025-05-23 10:51:08 | INFO |       31.338 ¦      773           2              0.010 
2025-05-23 10:51:08 | INFO |       31.348 ¦      774           2              0.010 
2025-05-23 10:51:08 | INFO |       31.358 ¦      775           2              0.010 
2025-05-23 10:51:08 | INFO |       31.368 ¦      776           2              0.010 
2025-05-23 10:51:08 | INFO |       31.378 ¦      777           2              0.010 
2025-05-23 10:51:08 | INFO |       31.388 ¦      778           2              0.010 
2025-05-23 10:51:08 | INFO |       31.398 ¦      779           2              0.010 
2025-05-23 10:51:08 | INFO |       31.408 ¦      780           2              0.010 
2025-05-23 10:51:08 | INFO |       31.418 ¦      781           2              0.010 
2025-05-23 10:51:08 | INFO |       31.428 ¦      782           2              0.010 
2025-05-23 10:51:08 | INFO |       31.438 ¦      783           2              0.010 
2025-05-23 10:51:08 | INFO |       31.448 ¦      784           2              0.010 
2025-05-23 10:51:08 | INFO |       31.458 ¦      785           2              0.010 
2025-05-23 10:51:08 | INFO |       31.468 ¦      786           2              0.010 
2025-05-23 10:51:08 | INFO |       31.478 ¦      787           2              0.010 
2025-05-23 10:51:08 | INFO |       31.488 ¦      788           2              0.010 
2025-05-23 10:51:08 | INFO |       31.498 ¦      789           2              0.010 
2025-05-23 10:51:08 | INFO |       31.508 ¦      790           2              0.010 
2025-05-23 10:51:08 | INFO |       31.518 ¦      791           2              0.010 
2025-05-23 10:51:08 | INFO |       31.528 ¦      792           2              0.010 
2025-05-23 10:51:08 | INFO |       31.538 ¦      793           2              0.010 
2025-05-23 10:51:08 | INFO |       31.548 ¦      794           2              0.010 
2025-05-23 10:51:08 | INFO |       31.558 ¦      795           2              0.010 
2025-05-23 10:51:08 | INFO |       31.568 ¦      796           2              0.010 
2025-05-23 10:51:08 | INFO |       31.578 ¦      797           2              0.010 
2025-05-23 10:51:08 | INFO |       31.588 ¦      798           2              0.010 
2025-05-23 10:51:08 | INFO |       31.598 ¦      799           2              0.010 
2025-05-23 10:51:08 | INFO |       31.608 ¦      800           2              0.010 
2025-05-23 10:51:08 | INFO |       31.618 ¦      801           2              0.010 
2025-05-23 10:51:08 | INFO |       31.628 ¦      802           2              0.010 
2025-05-23 10:51:08 | INFO |       31.638 ¦      803           2              0.010 
2025-05-23 10:51:08 | INFO |       31.648 ¦      804           2              0.010 
2025-05-23 10:51:08 | INFO |       31.658 ¦      805           2              0.010 
2025-05-23 10:51:08 | INFO |       31.668 ¦      806           2              0.010 
2025-05-23 10:51:08 | INFO |       31.678 ¦      807           2              0.010 
2025-05-23 10:51:08 | INFO |       31.688 ¦      808           2              0.010 
2025-05-23 10:51:08 | INFO |       31.698 ¦      809           2              0.010 
2025-05-23 10:51:08 | INFO |       31.708 ¦      810           2              0.010 
2025-05-23 10:51:08 | INFO |       31.718 ¦      811           2              0.010 
2025-05-23 10:51:08 | INFO |       31.728 ¦      812           2              0.010 
2025-05-23 10:51:08 | INFO |       31.738 ¦      813           2              0.010 
2025-05-23 10:51:08 | INFO |       31.748 ¦      814           2              0.010 
2025-05-23 10:51:08 | INFO |       31.758 ¦      815           2              0.010 
2025-05-23 10:51:08 | INFO |       31.768 ¦      816           2              0.010 
2025-05-23 10:51:08 | INFO |       31.778 ¦      817           2              0.010 
2025-05-23 10:51:08 | INFO |       31.788 ¦      818           2              0.010 
2025-05-23 10:51:08 | INFO |       31.798 ¦      819           2              0.010 
2025-05-23 10:51:08 | INFO |       31.808 ¦      820           2              0.010 
2025-05-23 10:51:08 | INFO |       31.818 ¦      821           2              0.010 
2025-05-23 10:51:08 | INFO |       31.828 ¦      822           2              0.010 
2025-05-23 10:51:08 | INFO |       31.838 ¦      823           2              0.010 
2025-05-23 10:51:08 | INFO |       31.848 ¦      824           2              0.010 
2025-05-23 10:51:08 | INFO |       31.858 ¦      825           2              0.010 
2025-05-23 10:51:08 | INFO |       31.868 ¦      826           2              0.010 
2025-05-23 10:51:08 | INFO |       31.878 ¦      827           2              0.010 
2025-05-23 10:51:08 | INFO |       31.888 ¦      828           2              0.010 
2025-05-23 10:51:08 | INFO |       31.898 ¦      829           2              0.010 
2025-05-23 10:51:08 | INFO |       31.908 ¦      830           2              0.010 
2025-05-23 10:51:08 | INFO |       31.918 ¦      831           2              0.010 
2025-05-23 10:51:08 | INFO |       31.928 ¦      832           2              0.010 
2025-05-23 10:51:08 | INFO |       31.938 ¦      833           2              0.010 
2025-05-23 10:51:08 | INFO |       31.948 ¦      834           2              0.010 
2025-05-23 10:51:08 | INFO |       31.958 ¦      835           2              0.010 
2025-05-23 10:51:08 | INFO |       31.968 ¦      836           2              0.010 
2025-05-23 10:51:08 | INFO |       31.978 ¦      837           2              0.010 
2025-05-23 10:51:08 | INFO |       31.988 ¦      838           2              0.010 
2025-05-23 10:51:08 | INFO |       31.998 ¦      839           2              0.010 
2025-05-23 10:51:08 | INFO |       32.008 ¦      840           2              0.010 
2025-05-23 10:51:08 | INFO |       32.018 ¦      841           2              0.010 
2025-05-23 10:51:08 | INFO |       32.028 ¦      842           2              0.010 
2025-05-23 10:51:08 | INFO |       32.038 ¦      843           2              0.010 
2025-05-23 10:51:08 | INFO |       32.048 ¦      844           2              0.010 
2025-05-23 10:51:08 | INFO |       32.058 ¦      845           2              0.010 
2025-05-23 10:51:08 | INFO |       32.068 ¦      846           2              0.010 
2025-05-23 10:51:08 | INFO |       32.078 ¦      847           2              0.010 
2025-05-23 10:51:08 | INFO |       32.088 ¦      848           2              0.010 
2025-05-23 10:51:08 | INFO |       32.098 ¦      849           2              0.010 
2025-05-23 10:51:08 | INFO |       32.108 ¦      850           2              0.010 
2025-05-23 10:51:08 | INFO |       32.118 ¦      851           2              0.010 
2025-05-23 10:51:08 | INFO |       32.128 ¦      852           2              0.010 
2025-05-23 10:51:08 | INFO |       32.138 ¦      853           2              0.010 
2025-05-23 10:51:08 | INFO |       32.148 ¦      854           2              0.010 
2025-05-23 10:51:08 | INFO |       32.158 ¦      855           2              0.010 
2025-05-23 10:51:08 | INFO |       32.168 ¦      856           2              0.010 
2025-05-23 10:51:08 | INFO |       32.178 ¦      857           2              0.010 
2025-05-23 10:51:08 | INFO |       32.188 ¦      858           2              0.010 
2025-05-23 10:51:08 | INFO |       32.198 ¦      859           2              0.010 
2025-05-23 10:51:08 | INFO |       32.208 ¦      860           2              0.010 
2025-05-23 10:51:08 | INFO |       32.218 ¦      861           2              0.010 
2025-05-23 10:51:08 | INFO |       32.228 ¦      862           2              0.010 
2025-05-23 10:51:08 | INFO |       32.238 ¦      863           2              0.010 
2025-05-23 10:51:08 | INFO |       32.248 ¦      864           2              0.010 
2025-05-23 10:51:08 | INFO |       32.258 ¦      865           2              0.010 
2025-05-23 10:51:08 | INFO |       32.268 ¦      866           2              0.010 
2025-05-23 10:51:08 | INFO |       32.278 ¦      867           2              0.010 
2025-05-23 10:51:08 | INFO |       32.288 ¦      868           2              0.010 
2025-05-23 10:51:08 | INFO |       32.298 ¦      869           2              0.010 
2025-05-23 10:51:08 | INFO |       32.308 ¦      870           2              0.010 
2025-05-23 10:51:08 | INFO |       32.318 ¦      871           2              0.010 
2025-05-23 10:51:08 | INFO |       32.328 ¦      872           2              0.010 
2025-05-23 10:51:08 | INFO |       32.338 ¦      873           2              0.010 
2025-05-23 10:51:08 | INFO |       32.348 ¦      874           2              0.010 
2025-05-23 10:51:08 | INFO |       32.358 ¦      875           2              0.010 
2025-05-23 10:51:08 | INFO |       32.368 ¦      876           2              0.010 
2025-05-23 10:51:08 | INFO |       32.378 ¦      877           2              0.010 
2025-05-23 10:51:08 | INFO |       32.388 ¦      878           2              0.010 
2025-05-23 10:51:08 | INFO |       32.398 ¦      879           2              0.010 
2025-05-23 10:51:08 | INFO |       32.408 ¦      880           2              0.010 
2025-05-23 10:51:08 | INFO |       32.418 ¦      881           2              0.010 
2025-05-23 10:51:08 | INFO |       32.428 ¦      882           2              0.010 
2025-05-23 10:51:08 | INFO |       32.438 ¦      883           2              0.010 
2025-05-23 10:51:08 | INFO |       32.448 ¦      884           2              0.010 
2025-05-23 10:51:08 | INFO |       32.458 ¦      885           2              0.010 
2025-05-23 10:51:08 | INFO |       32.468 ¦      886           2              0.010 
2025-05-23 10:51:08 | INFO |       32.478 ¦      887           2              0.010 
2025-05-23 10:51:08 | INFO |       32.488 ¦      888           2              0.010 
2025-05-23 10:51:08 | INFO |       32.498 ¦      889           2              0.010 
2025-05-23 10:51:08 | INFO |       32.508 ¦      890           2              0.010 
2025-05-23 10:51:08 | INFO |       32.518 ¦      891           2              0.010 
2025-05-23 10:51:08 | INFO |       32.528 ¦      892           2              0.010 
2025-05-23 10:51:08 | INFO |       32.538 ¦      893           2              0.010 
2025-05-23 10:51:08 | INFO |       32.548 ¦      894           2              0.010 
2025-05-23 10:51:08 | INFO |       32.558 ¦      895           2              0.010 
2025-05-23 10:51:08 | INFO |       32.568 ¦      896           2              0.010 
2025-05-23 10:51:08 | INFO |       32.578 ¦      897           2              0.010 
2025-05-23 10:51:08 | INFO |       32.588 ¦      898           2              0.010 
2025-05-23 10:51:08 | INFO |       32.598 ¦      899           2              0.010 
2025-05-23 10:51:08 | INFO |       32.608 ¦      900           2              0.010 
2025-05-23 10:51:08 | INFO |       32.618 ¦      901           2              0.010 
2025-05-23 10:51:08 | INFO |       32.628 ¦      902           2              0.010 
2025-05-23 10:51:08 | INFO |       32.638 ¦      903           2              0.010 
2025-05-23 10:51:08 | INFO |       32.648 ¦      904           2              0.010 
2025-05-23 10:51:08 | INFO |       32.658 ¦      905           2              0.010 
2025-05-23 10:51:08 | INFO |       32.668 ¦      906           2              0.010 
2025-05-23 10:51:08 | INFO |       32.678 ¦      907           2              0.010 
2025-05-23 10:51:08 | INFO |       32.688 ¦      908           2              0.010 
2025-05-23 10:51:08 | INFO |       32.698 ¦      909           2              0.010 
2025-05-23 10:51:08 | INFO |       32.708 ¦      910           2              0.010 
2025-05-23 10:51:08 | INFO |       32.718 ¦      911           2              0.010 
2025-05-23 10:51:08 | INFO |       32.728 ¦      912           2              0.010 
2025-05-23 10:51:08 | INFO |       32.738 ¦      913           2              0.010 
2025-05-23 10:51:08 | INFO |       32.748 ¦      914           2              0.010 
2025-05-23 10:51:08 | INFO |       32.758 ¦      915           2              0.010 
2025-05-23 10:51:08 | INFO |       32.768 ¦      916           2              0.010 
2025-05-23 10:51:08 | INFO |       32.778 ¦      917           2              0.010 
2025-05-23 10:51:08 | INFO |       32.788 ¦      918           2              0.010 
2025-05-23 10:51:08 | INFO |       32.798 ¦      919           2              0.010 
2025-05-23 10:51:08 | INFO |       32.808 ¦      920           2              0.010 
2025-05-23 10:51:08 | INFO |       32.818 ¦      921           2              0.010 
2025-05-23 10:51:08 | INFO |       32.828 ¦      922           2              0.010 
2025-05-23 10:51:08 | INFO |       32.838 ¦      923           2              0.010 
2025-05-23 10:51:08 | INFO |       32.848 ¦      924           2              0.010 
2025-05-23 10:51:08 | INFO |       32.858 ¦      925           2              0.010 
2025-05-23 10:51:08 | INFO |       32.868 ¦      926           2              0.010 
2025-05-23 10:51:08 | INFO |       32.878 ¦      927           2              0.010 
2025-05-23 10:51:08 | INFO |       32.888 ¦      928           2              0.010 
2025-05-23 10:51:08 | INFO |       32.898 ¦      929           2              0.010 
2025-05-23 10:51:08 | INFO |       32.908 ¦      930           2              0.010 
2025-05-23 10:51:08 | INFO |       32.918 ¦      931           2              0.010 
2025-05-23 10:51:08 | INFO |       32.928 ¦      932           2              0.010 
2025-05-23 10:51:08 | INFO |       32.938 ¦      933           2              0.010 
2025-05-23 10:51:08 | INFO |       32.948 ¦      934           2              0.010 
2025-05-23 10:51:08 | INFO |       32.958 ¦      935           2              0.010 
2025-05-23 10:51:08 | INFO |       32.968 ¦      936           2              0.010 
2025-05-23 10:51:08 | INFO |       32.978 ¦      937           2              0.010 
2025-05-23 10:51:08 | INFO |       32.988 ¦      938           2              0.010 
2025-05-23 10:51:08 | INFO |       32.998 ¦      939           2              0.010 
2025-05-23 10:51:08 | INFO |       33.008 ¦      940           2              0.010 
2025-05-23 10:51:08 | INFO |       33.018 ¦      941           2              0.010 
2025-05-23 10:51:08 | INFO |       33.028 ¦      942           2              0.010 
2025-05-23 10:51:08 | INFO |       33.038 ¦      943           2              0.010 
2025-05-23 10:51:08 | INFO |       33.048 ¦      944           2              0.010 
2025-05-23 10:51:08 | INFO |       33.058 ¦      945           2              0.010 
2025-05-23 10:51:08 | INFO |       33.068 ¦      946           2              0.010 
2025-05-23 10:51:08 | INFO |       33.078 ¦      947           2              0.010 
2025-05-23 10:51:08 | INFO |       33.088 ¦      948           2              0.010 
2025-05-23 10:51:08 | INFO |       33.098 ¦      949           2              0.010 
2025-05-23 10:51:08 | INFO |       33.108 ¦      950           2              0.010 
2025-05-23 10:51:08 | INFO |       33.118 ¦      951           2              0.010 
2025-05-23 10:51:08 | INFO |       33.128 ¦      952           2              0.010 
2025-05-23 10:51:08 | INFO |       33.138 ¦      953           2              0.010 
2025-05-23 10:51:08 | INFO |       33.148 ¦      954           2              0.010 
2025-05-23 10:51:08 | INFO |       33.158 ¦      955           2              0.010 
2025-05-23 10:51:08 | INFO |       33.168 ¦      956           2              0.010 
2025-05-23 10:51:08 | INFO |       33.178 ¦      957           2              0.010 
2025-05-23 10:51:08 | INFO |       33.188 ¦      958           2              0.010 
2025-05-23 10:51:08 | INFO |       33.198 ¦      959           2              0.010 
2025-05-23 10:51:08 | INFO |       33.208 ¦      960           2              0.010 
2025-05-23 10:51:08 | INFO |       33.218 ¦      961           2              0.010 
2025-05-23 10:51:08 | INFO |       33.228 ¦      962           2              0.010 
2025-05-23 10:51:08 | INFO |       33.238 ¦      963           2              0.010 
2025-05-23 10:51:08 | INFO |       33.248 ¦      964           2              0.010 
2025-05-23 10:51:08 | INFO |       33.258 ¦      965           2              0.010 
2025-05-23 10:51:08 | INFO |       33.268 ¦      966           2              0.010 
2025-05-23 10:51:08 | INFO |       33.278 ¦      967           2              0.010 
2025-05-23 10:51:08 | INFO |       33.288 ¦      968           2              0.010 
2025-05-23 10:51:08 | INFO |       33.298 ¦      969           2              0.010 
2025-05-23 10:51:08 | INFO |       33.308 ¦      970           2              0.010 
2025-05-23 10:51:08 | INFO |       33.318 ¦      971           2              0.010 
2025-05-23 10:51:08 | INFO |       33.328 ¦      972           2              0.010 
2025-05-23 10:51:08 | INFO |       33.338 ¦      973           2              0.010 
2025-05-23 10:51:08 | INFO |       33.348 ¦      974           2              0.010 
2025-05-23 10:51:08 | INFO |       33.358 ¦      975           2              0.010 
2025-05-23 10:51:08 | INFO |       33.368 ¦      976           2              0.010 
2025-05-23 10:51:08 | INFO |       33.378 ¦      977           2              0.010 
2025-05-23 10:51:08 | INFO |       33.388 ¦      978           2              0.010 
2025-05-23 10:51:08 | INFO |       33.398 ¦      979           2              0.010 
2025-05-23 10:51:08 | INFO |       33.408 ¦      980           2              0.010 
2025-05-23 10:51:08 | INFO |       33.418 ¦      981           2              0.010 
2025-05-23 10:51:08 | INFO |       33.428 ¦      982           2              0.010 
2025-05-23 10:51:08 | INFO |       33.438 ¦      983           2              0.010 
2025-05-23 10:51:08 | INFO |       33.448 ¦      984           2              0.010 
2025-05-23 10:51:08 | INFO |       33.458 ¦      985           2              0.010 
2025-05-23 10:51:08 | INFO |       33.468 ¦      986           2              0.010 
2025-05-23 10:51:08 | INFO |       33.478 ¦      987           2              0.010 
2025-05-23 10:51:08 | INFO |       33.488 ¦      988           2              0.010 
2025-05-23 10:51:08 | INFO |       33.498 ¦      989           2              0.010 
2025-05-23 10:51:08 | INFO |       33.508 ¦      990           2              0.010 
2025-05-23 10:51:08 | INFO |       33.518 ¦      991           2              0.010 
2025-05-23 10:51:08 | INFO |       33.528 ¦      992           2              0.010 
2025-05-23 10:51:08 | INFO |       33.538 ¦      993           2              0.010 
2025-05-23 10:51:08 | INFO |       33.548 ¦      994           2              0.010 
2025-05-23 10:51:08 | INFO |       33.558 ¦      995           2              0.010 
2025-05-23 10:51:08 | INFO |       33.568 ¦      996           2              0.010 
2025-05-23 10:51:08 | INFO |       33.578 ¦      997           2              0.010 
2025-05-23 10:51:08 | INFO |       33.588 ¦      998           2              0.010 
2025-05-23 10:51:08 | INFO |       33.598 ¦      999           2              0.010 
2025-05-23 10:51:08 | INFO |       33.608 ¦     1000           2              0.010 
2025-05-23 10:51:08 | INFO |       33.618 ¦     1001           2              0.010 
2025-05-23 10:51:08 | INFO |       33.628 ¦     1002           2              0.010 
2025-05-23 10:51:08 | INFO |       33.638 ¦     1003           2              0.010 
2025-05-23 10:51:08 | INFO |       33.648 ¦     1004           2              0.010 
2025-05-23 10:51:08 | INFO |       33.658 ¦     1005           2              0.010 
2025-05-23 10:51:08 | INFO |       33.668 ¦     1006           2              0.010 
2025-05-23 10:51:08 | INFO |       33.678 ¦     1007           2              0.010 
2025-05-23 10:51:08 | INFO |       33.688 ¦     1008           2              0.010 
2025-05-23 10:51:08 | INFO |       33.698 ¦     1009           2              0.010 
2025-05-23 10:51:08 | INFO |       33.708 ¦     1010           2              0.010 
2025-05-23 10:51:08 | INFO |       33.718 ¦     1011           2              0.010 
2025-05-23 10:51:08 | INFO |       33.728 ¦     1012           2              0.010 
2025-05-23 10:51:08 | INFO |       33.738 ¦     1013           2              0.010 
2025-05-23 10:51:08 | INFO |       33.748 ¦     1014           2              0.010 
2025-05-23 10:51:08 | INFO |       33.758 ¦     1015           2              0.010 
2025-05-23 10:51:08 | INFO |       33.768 ¦     1016           2              0.010 
2025-05-23 10:51:08 | INFO |       33.778 ¦     1017           2              0.010 
2025-05-23 10:51:08 | INFO |       33.788 ¦     1018           2              0.010 
2025-05-23 10:51:08 | INFO |       33.798 ¦     1019           2              0.010 
2025-05-23 10:51:08 | INFO |       33.808 ¦     1020           2              0.010 
2025-05-23 10:51:08 | INFO |       33.818 ¦     1021           2              0.010 
2025-05-23 10:51:08 | INFO |       33.828 ¦     1022           2              0.010 
2025-05-23 10:51:08 | INFO |       33.838 ¦     1023           2              0.010 
2025-05-23 10:51:08 | INFO |       33.848 ¦     1024           2              0.010 
2025-05-23 10:51:08 | INFO |       33.858 ¦     1025           2              0.010 
2025-05-23 10:51:08 | INFO |       33.868 ¦     1026           2              0.010 
2025-05-23 10:51:08 | INFO |       33.878 ¦     1027           2              0.010 
2025-05-23 10:51:08 | INFO |       33.888 ¦     1028           2              0.010 
2025-05-23 10:51:08 | INFO |       33.898 ¦     1029           2              0.010 
2025-05-23 10:51:08 | INFO |       33.908 ¦     1030           2              0.010 
2025-05-23 10:51:08 | INFO |       33.918 ¦     1031           2              0.010 
2025-05-23 10:51:08 | INFO |       33.928 ¦     1032           2              0.010 
2025-05-23 10:51:08 | INFO |       33.938 ¦     1033           2              0.010 
2025-05-23 10:51:08 | INFO |       33.948 ¦     1034           2              0.010 
2025-05-23 10:51:08 | INFO |       33.958 ¦     1035           2              0.010 
2025-05-23 10:51:08 | INFO |       33.968 ¦     1036           2              0.010 
2025-05-23 10:51:08 | INFO |       33.978 ¦     1037           2              0.010 
2025-05-23 10:51:08 | INFO |       33.988 ¦     1038           2              0.010 
2025-05-23 10:51:08 | INFO |       33.998 ¦     1039           2              0.010 
2025-05-23 10:51:08 | INFO |       34.008 ¦     1040           2              0.010 
2025-05-23 10:51:08 | INFO |       34.018 ¦     1041           2              0.010 
2025-05-23 10:51:08 | INFO |       34.028 ¦     1042           2              0.010 
2025-05-23 10:51:08 | INFO |       34.038 ¦     1043           2              0.010 
2025-05-23 10:51:08 | INFO |       34.048 ¦     1044           2              0.010 
2025-05-23 10:51:08 | INFO |       34.058 ¦     1045           2              0.010 
2025-05-23 10:51:08 | INFO |       34.068 ¦     1046           2              0.010 
2025-05-23 10:51:08 | INFO |       34.078 ¦     1047           2              0.010 
2025-05-23 10:51:08 | INFO |       34.088 ¦     1048           2              0.010 
2025-05-23 10:51:08 | INFO |       34.098 ¦     1049           2              0.010 
2025-05-23 10:51:08 | INFO |       34.108 ¦     1050           2              0.010 
2025-05-23 10:51:08 | INFO |       34.118 ¦     1051           2              0.010 
2025-05-23 10:51:08 | INFO |       34.128 ¦     1052           2              0.010 
2025-05-23 10:51:08 | INFO |       34.138 ¦     1053           2              0.010 
2025-05-23 10:51:08 | INFO |       34.148 ¦     1054           2              0.010 
2025-05-23 10:51:08 | INFO |       34.158 ¦     1055           2              0.010 
2025-05-23 10:51:08 | INFO |       34.168 ¦     1056           2              0.010 
2025-05-23 10:51:08 | INFO |       34.178 ¦     1057           2              0.010 
2025-05-23 10:51:08 | INFO |       34.188 ¦     1058           2              0.010 
2025-05-23 10:51:08 | INFO |       34.198 ¦     1059           2              0.010 
2025-05-23 10:51:08 | INFO |       34.208 ¦     1060           2              0.010 
2025-05-23 10:51:08 | INFO |       34.218 ¦     1061           2              0.010 
2025-05-23 10:51:08 | INFO |       34.228 ¦     1062           2              0.010 
2025-05-23 10:51:08 | INFO |       34.238 ¦     1063           2              0.010 
2025-05-23 10:51:08 | INFO |       34.248 ¦     1064           2              0.010 
2025-05-23 10:51:08 | INFO |       34.258 ¦     1065           2              0.010 
2025-05-23 10:51:08 | INFO |       34.268 ¦     1066           2              0.010 
2025-05-23 10:51:08 | INFO |       34.278 ¦     1067           2              0.010 
2025-05-23 10:51:08 | INFO |       34.288 ¦     1068           2              0.010 
2025-05-23 10:51:08 | INFO |       34.298 ¦     1069           2              0.010 
2025-05-23 10:51:08 | INFO |       34.308 ¦     1070           2              0.010 
2025-05-23 10:51:08 | INFO |       34.318 ¦     1071           2              0.010 
2025-05-23 10:51:08 | INFO |       34.328 ¦     1072           2              0.010 
2025-05-23 10:51:08 | INFO |       34.338 ¦     1073           2              0.010 
2025-05-23 10:51:08 | INFO |       34.348 ¦     1074           2              0.010 
2025-05-23 10:51:08 | INFO |       34.358 ¦     1075           2              0.010 
2025-05-23 10:51:08 | INFO |       34.368 ¦     1076           2              0.010 
2025-05-23 10:51:08 | INFO |       34.378 ¦     1077           2              0.010 
2025-05-23 10:51:08 | INFO |       34.388 ¦     1078           2              0.010 
2025-05-23 10:51:08 | INFO |       34.398 ¦     1079           2              0.010 
2025-05-23 10:51:08 | INFO |       34.408 ¦     1080           2              0.010 
2025-05-23 10:51:08 | INFO |       34.418 ¦     1081           2              0.010 
2025-05-23 10:51:08 | INFO |       34.428 ¦     1082           2              0.010 
2025-05-23 10:51:08 | INFO |       34.438 ¦     1083           2              0.010 
2025-05-23 10:51:08 | INFO |       34.448 ¦     1084           2              0.010 
2025-05-23 10:51:08 | INFO |       34.458 ¦     1085           2              0.010 
2025-05-23 10:51:08 | INFO |       34.468 ¦     1086           2              0.010 
2025-05-23 10:51:08 | INFO |       34.478 ¦     1087           2              0.010 
2025-05-23 10:51:08 | INFO |       34.488 ¦     1088           2              0.010 
2025-05-23 10:51:08 | INFO |       34.498 ¦     1089           2              0.010 
2025-05-23 10:51:08 | INFO |       34.508 ¦     1090           2              0.010 
2025-05-23 10:51:08 | INFO |       34.518 ¦     1091           2              0.010 
2025-05-23 10:51:08 | INFO |       34.528 ¦     1092           2              0.010 
2025-05-23 10:51:08 | INFO |       34.538 ¦     1093           2              0.010 
2025-05-23 10:51:08 | INFO |       34.548 ¦     1094           2              0.010 
2025-05-23 10:51:08 | INFO |       34.558 ¦     1095           2              0.010 
2025-05-23 10:51:08 | INFO |       34.568 ¦     1096           2              0.010 
2025-05-23 10:51:08 | INFO |       34.578 ¦     1097           2              0.010 
2025-05-23 10:51:08 | INFO |       34.588 ¦     1098           2              0.010 
2025-05-23 10:51:08 | INFO |       34.598 ¦     1099           2              0.010 
2025-05-23 10:51:08 | INFO |       34.608 ¦     1100           2              0.010 
2025-05-23 10:51:08 | INFO |       34.618 ¦     1101           2              0.010 
2025-05-23 10:51:08 | INFO |       34.628 ¦     1102           2              0.010 
2025-05-23 10:51:08 | INFO |       34.638 ¦     1103           2              0.010 
2025-05-23 10:51:08 | INFO |       34.648 ¦     1104           2              0.010 
2025-05-23 10:51:08 | INFO |       34.658 ¦     1105           2              0.010 
2025-05-23 10:51:08 | INFO |       34.668 ¦     1106           2              0.010 
2025-05-23 10:51:08 | INFO |       34.678 ¦     1107           2              0.010 
2025-05-23 10:51:08 | INFO |       34.688 ¦     1108           2              0.010 
2025-05-23 10:51:08 | INFO |       34.698 ¦     1109           2              0.010 
2025-05-23 10:51:08 | INFO |       34.708 ¦     1110           2              0.010 
2025-05-23 10:51:08 | INFO |       34.718 ¦     1111           2              0.010 
2025-05-23 10:51:08 | INFO |       34.728 ¦     1112           2              0.010 
2025-05-23 10:51:08 | INFO |       34.738 ¦     1113           2              0.010 
2025-05-23 10:51:08 | INFO |       34.748 ¦     1114           2              0.010 
2025-05-23 10:51:08 | INFO |       34.758 ¦     1115           2              0.010 
2025-05-23 10:51:08 | INFO |       34.768 ¦     1116           2              0.010 
2025-05-23 10:51:08 | INFO |       34.778 ¦     1117           2              0.010 
2025-05-23 10:51:08 | INFO |       34.788 ¦     1118           2              0.010 
2025-05-23 10:51:08 | INFO |       34.798 ¦     1119           2              0.010 
2025-05-23 10:51:08 | INFO |       34.808 ¦     1120           2              0.010 
2025-05-23 10:51:08 | INFO |       34.818 ¦     1121           2              0.010 
2025-05-23 10:51:08 | INFO |       34.828 ¦     1122           2              0.010 
2025-05-23 10:51:08 | INFO |       34.838 ¦     1123           2              0.010 
2025-05-23 10:51:08 | INFO |       34.848 ¦     1124           2              0.010 
2025-05-23 10:51:08 | INFO |       34.858 ¦     1125           2              0.010 
2025-05-23 10:51:08 | INFO |       34.868 ¦     1126           2              0.010 
2025-05-23 10:51:08 | INFO |       34.878 ¦     1127           2              0.010 
2025-05-23 10:51:08 | INFO |       34.888 ¦     1128           2              0.010 
2025-05-23 10:51:08 | INFO |       34.898 ¦     1129           2              0.010 
2025-05-23 10:51:08 | INFO |       34.908 ¦     1130           2              0.010 
2025-05-23 10:51:08 | INFO |       34.918 ¦     1131           2              0.010 
2025-05-23 10:51:08 | INFO |       34.928 ¦     1132           2              0.010 
2025-05-23 10:51:08 | INFO |       34.938 ¦     1133           2              0.010 
2025-05-23 10:51:08 | INFO |       34.948 ¦     1134           2              0.010 
2025-05-23 10:51:08 | INFO |       34.958 ¦     1135           2              0.010 
2025-05-23 10:51:08 | INFO |       34.968 ¦     1136           2              0.010 
2025-05-23 10:51:08 | INFO |       34.978 ¦     1137           2              0.010 
2025-05-23 10:51:08 | INFO |       34.988 ¦     1138           2              0.010 
2025-05-23 10:51:08 | INFO |       34.998 ¦     1139           2              0.010 
2025-05-23 10:51:08 | INFO |       35.008 ¦     1140           2              0.010 
2025-05-23 10:51:08 | INFO |       35.018 ¦     1141           2              0.010 
2025-05-23 10:51:08 | INFO |       35.028 ¦     1142           2              0.010 
2025-05-23 10:51:08 | INFO |       35.038 ¦     1143           2              0.010 
2025-05-23 10:51:08 | INFO |       35.048 ¦     1144           2              0.010 
2025-05-23 10:51:08 | INFO |       35.058 ¦     1145           2              0.010 
2025-05-23 10:51:08 | INFO |       35.068 ¦     1146           2              0.010 
2025-05-23 10:51:08 | INFO |       35.078 ¦     1147           2              0.010 
2025-05-23 10:51:08 | INFO |       35.088 ¦     1148           2              0.010 
2025-05-23 10:51:08 | INFO |       35.098 ¦     1149           2              0.010 
2025-05-23 10:51:08 | INFO |       35.108 ¦     1150           2              0.010 
2025-05-23 10:51:08 | INFO |       35.118 ¦     1151           2              0.010 
2025-05-23 10:51:08 | INFO |       35.128 ¦     1152           2              0.010 
2025-05-23 10:51:08 | INFO |       35.138 ¦     1153           2              0.010 
2025-05-23 10:51:08 | INFO |       35.148 ¦     1154           2              0.010 
2025-05-23 10:51:08 | INFO |       35.158 ¦     1155           2              0.010 
2025-05-23 10:51:08 | INFO |       35.168 ¦     1156           2              0.010 
2025-05-23 10:51:08 | INFO |       35.178 ¦     1157           2              0.010 
2025-05-23 10:51:08 | INFO |       35.188 ¦     1158           2              0.010 
2025-05-23 10:51:08 | INFO |       35.198 ¦     1159           2              0.010 
2025-05-23 10:51:08 | INFO |       35.208 ¦     1160           2              0.010 
2025-05-23 10:51:08 | INFO |       35.218 ¦     1161           2              0.010 
2025-05-23 10:51:08 | INFO |       35.228 ¦     1162           2              0.010 
2025-05-23 10:51:08 | INFO |       35.238 ¦     1163           2              0.010 
2025-05-23 10:51:08 | INFO |       35.248 ¦     1164           2              0.010 
2025-05-23 10:51:08 | INFO |       35.258 ¦     1165           2              0.010 
2025-05-23 10:51:08 | INFO |       35.268 ¦     1166           2              0.010 
2025-05-23 10:51:08 | INFO |       35.278 ¦     1167           2              0.010 
2025-05-23 10:51:08 | INFO |       35.288 ¦     1168           2              0.010 
2025-05-23 10:51:08 | INFO |       35.298 ¦     1169           2              0.010 
2025-05-23 10:51:08 | INFO |       35.308 ¦     1170           2              0.010 
2025-05-23 10:51:08 | INFO |       35.318 ¦     1171           2              0.010 
2025-05-23 10:51:08 | INFO |       35.328 ¦     1172           2              0.010 
2025-05-23 10:51:08 | INFO |       35.338 ¦     1173           2              0.010 
2025-05-23 10:51:08 | INFO |       35.348 ¦     1174           2              0.010 
2025-05-23 10:51:08 | INFO |       35.358 ¦     1175           2              0.010 
2025-05-23 10:51:08 | INFO |       35.368 ¦     1176           2              0.010 
2025-05-23 10:51:08 | INFO |       35.378 ¦     1177           2              0.010 
2025-05-23 10:51:08 | INFO |       35.388 ¦     1178           2              0.010 
2025-05-23 10:51:08 | INFO |       35.398 ¦     1179           2              0.010 
2025-05-23 10:51:08 | INFO |       35.408 ¦     1180           2              0.010 
2025-05-23 10:51:08 | INFO |       35.418 ¦     1181           2              0.010 
2025-05-23 10:51:08 | INFO |       35.428 ¦     1182           2              0.010 
2025-05-23 10:51:08 | INFO |       35.438 ¦     1183           2              0.010 
2025-05-23 10:51:08 | INFO |       35.448 ¦     1184           2              0.010 
2025-05-23 10:51:08 | INFO |       35.458 ¦     1185           2              0.010 
2025-05-23 10:51:08 | INFO |       35.468 ¦     1186           2              0.010 
2025-05-23 10:51:08 | INFO |       35.478 ¦     1187           2              0.010 
2025-05-23 10:51:08 | INFO |       35.488 ¦     1188           2              0.010 
2025-05-23 10:51:08 | INFO |       35.498 ¦     1189           2              0.010 
2025-05-23 10:51:08 | INFO |       35.508 ¦     1190           2              0.010 
2025-05-23 10:51:08 | INFO |       35.518 ¦     1191           2              0.010 
2025-05-23 10:51:08 | INFO |       35.528 ¦     1192           2              0.010 
2025-05-23 10:51:08 | INFO |       35.538 ¦     1193           2              0.010 
2025-05-23 10:51:08 | INFO |       35.548 ¦     1194           2              0.010 
2025-05-23 10:51:08 | INFO |       35.558 ¦     1195           2              0.010 
2025-05-23 10:51:08 | INFO |       35.568 ¦     1196           2              0.010 
2025-05-23 10:51:08 | INFO |       35.578 ¦     1197           2              0.010 
2025-05-23 10:51:08 | INFO |       35.588 ¦     1198           2              0.010 
2025-05-23 10:51:08 | INFO |       35.598 ¦     1199           2              0.010 
2025-05-23 10:51:08 | INFO |       35.608 ¦     1200           2              0.010 
2025-05-23 10:51:08 | INFO |       35.618 ¦     1201           2              0.010 
2025-05-23 10:51:08 | INFO |       35.628 ¦     1202           2              0.010 
2025-05-23 10:51:08 | INFO |       35.638 ¦     1203           2              0.010 
2025-05-23 10:51:08 | INFO |       35.648 ¦     1204           2              0.010 
2025-05-23 10:51:08 | INFO |       35.658 ¦     1205           2              0.010 
2025-05-23 10:51:08 | INFO |       35.668 ¦     1206           2              0.010 
2025-05-23 10:51:08 | INFO |       35.678 ¦     1207           2              0.010 
2025-05-23 10:51:08 | INFO |       35.688 ¦     1208           2              0.010 
2025-05-23 10:51:08 | INFO |       35.698 ¦     1209           2              0.010 
2025-05-23 10:51:08 | INFO |       35.708 ¦     1210           2              0.010 
2025-05-23 10:51:08 | INFO |       35.718 ¦     1211           2              0.010 
2025-05-23 10:51:08 | INFO |       35.728 ¦     1212           2              0.010 
2025-05-23 10:51:08 | INFO |       35.738 ¦     1213           2              0.010 
2025-05-23 10:51:08 | INFO |       35.748 ¦     1214           2              0.010 
2025-05-23 10:51:08 | INFO |       35.758 ¦     1215           2              0.010 
2025-05-23 10:51:08 | INFO |       35.768 ¦     1216           2              0.010 
2025-05-23 10:51:08 | INFO |       35.778 ¦     1217           2              0.010 
2025-05-23 10:51:08 | INFO |       35.788 ¦     1218           2              0.010 
2025-05-23 10:51:08 | INFO |       35.798 ¦     1219           2              0.010 
2025-05-23 10:51:08 | INFO |       35.808 ¦     1220           2              0.010 
2025-05-23 10:51:08 | INFO |       35.818 ¦     1221           2              0.010 
2025-05-23 10:51:08 | INFO |       35.828 ¦     1222           2              0.010 
2025-05-23 10:51:08 | INFO |       35.838 ¦     1223           2              0.010 
2025-05-23 10:51:08 | INFO |       35.848 ¦     1224           2              0.010 
2025-05-23 10:51:08 | INFO |       35.858 ¦     1225           2              0.010 
2025-05-23 10:51:08 | INFO |       35.868 ¦     1226           2              0.010 
2025-05-23 10:51:08 | INFO |       35.878 ¦     1227           2              0.010 
2025-05-23 10:51:08 | INFO |       35.888 ¦     1228           2              0.010 
2025-05-23 10:51:08 | INFO |       35.898 ¦     1229           2              0.010 
2025-05-23 10:51:08 | INFO |       35.908 ¦     1230           2              0.010 
2025-05-23 10:51:08 | INFO |       35.918 ¦     1231           2              0.010 
2025-05-23 10:51:08 | INFO |       35.928 ¦     1232           2              0.010 
2025-05-23 10:51:08 | INFO |       35.938 ¦     1233           2              0.010 
2025-05-23 10:51:08 | INFO |       35.948 ¦     1234           2              0.010 
2025-05-23 10:51:08 | INFO |       35.958 ¦     1235           2              0.010 
2025-05-23 10:51:08 | INFO |       35.968 ¦     1236           2              0.010 
2025-05-23 10:51:08 | INFO |       35.978 ¦     1237           2              0.010 
2025-05-23 10:51:08 | INFO |       35.988 ¦     1238           2              0.010 
2025-05-23 10:51:08 | INFO |       35.998 ¦     1239           2              0.010 
2025-05-23 10:51:08 | INFO |       36.008 ¦     1240           2              0.010 
2025-05-23 10:51:08 | INFO |       36.018 ¦     1241           2              0.010 
2025-05-23 10:51:08 | INFO |       36.028 ¦     1242           2              0.010 
2025-05-23 10:51:08 | INFO |       36.038 ¦     1243           2              0.010 
2025-05-23 10:51:08 | INFO |       36.048 ¦     1244           2              0.010 
2025-05-23 10:51:08 | INFO |       36.058 ¦     1245           2              0.010 
2025-05-23 10:51:08 | INFO |       36.068 ¦     1246           2              0.010 
2025-05-23 10:51:08 | INFO |       36.078 ¦     1247           2              0.010 
2025-05-23 10:51:08 | INFO |       36.088 ¦     1248           2              0.010 
2025-05-23 10:51:08 | INFO |       36.098 ¦     1249           2              0.010 
2025-05-23 10:51:08 | INFO |       36.108 ¦     1250           2              0.010 
2025-05-23 10:51:08 | INFO |       36.118 ¦     1251           2              0.010 
2025-05-23 10:51:08 | INFO |       36.128 ¦     1252           2              0.010 
2025-05-23 10:51:08 | INFO |       36.138 ¦     1253           2              0.010 
2025-05-23 10:51:08 | INFO |       36.148 ¦     1254           2              0.010 
2025-05-23 10:51:08 | INFO |       36.158 ¦     1255           2              0.010 
2025-05-23 10:51:08 | INFO |       36.168 ¦     1256           2              0.010 
2025-05-23 10:51:08 | INFO |       36.178 ¦     1257           2              0.010 
2025-05-23 10:51:08 | INFO |       36.188 ¦     1258           2              0.010 
2025-05-23 10:51:08 | INFO |       36.198 ¦     1259           2              0.010 
2025-05-23 10:51:08 | INFO |       36.208 ¦     1260           2              0.010 
2025-05-23 10:51:08 | INFO |       36.218 ¦     1261           2              0.010 
2025-05-23 10:51:08 | INFO |       36.228 ¦     1262           2              0.010 
2025-05-23 10:51:08 | INFO |       36.238 ¦     1263           2              0.010 
2025-05-23 10:51:08 | INFO |       36.248 ¦     1264           2              0.010 
2025-05-23 10:51:08 | INFO |       36.258 ¦     1265           2              0.010 
2025-05-23 10:51:08 | INFO |       36.268 ¦     1266           2              0.010 
2025-05-23 10:51:08 | INFO |       36.278 ¦     1267           2              0.010 
2025-05-23 10:51:08 | INFO |       36.288 ¦     1268           2              0.010 
2025-05-23 10:51:08 | INFO |       36.298 ¦     1269           2              0.010 
2025-05-23 10:51:08 | INFO |       36.308 ¦     1270           2              0.010 
2025-05-23 10:51:08 | INFO |       36.318 ¦     1271           2              0.010 
2025-05-23 10:51:08 | INFO |       36.328 ¦     1272           2              0.010 
2025-05-23 10:51:08 | INFO |       36.338 ¦     1273           2              0.010 
2025-05-23 10:51:08 | INFO |       36.348 ¦     1274           2              0.010 
2025-05-23 10:51:08 | INFO |       36.358 ¦     1275           2              0.010 
2025-05-23 10:51:08 | INFO |       36.368 ¦     1276           2              0.010 
2025-05-23 10:51:08 | INFO |       36.378 ¦     1277           2              0.010 
2025-05-23 10:51:08 | INFO |       36.388 ¦     1278           2              0.010 
2025-05-23 10:51:08 | INFO |       36.398 ¦     1279           2              0.010 
2025-05-23 10:51:08 | INFO |       36.408 ¦     1280           2              0.010 
2025-05-23 10:51:08 | INFO |       36.418 ¦     1281           2              0.010 
2025-05-23 10:51:08 | INFO |       36.428 ¦     1282           2              0.010 
2025-05-23 10:51:08 | INFO |       36.438 ¦     1283           2              0.010 
2025-05-23 10:51:08 | INFO |       36.448 ¦     1284           2              0.010 
2025-05-23 10:51:08 | INFO |       36.458 ¦     1285           2              0.010 
2025-05-23 10:51:08 | INFO |       36.468 ¦     1286           2              0.010 
2025-05-23 10:51:08 | INFO |       36.478 ¦     1287           2              0.010 
2025-05-23 10:51:08 | INFO |       36.488 ¦     1288           2              0.010 
2025-05-23 10:51:08 | INFO |       36.498 ¦     1289           2              0.010 
2025-05-23 10:51:08 | INFO |       36.508 ¦     1290           2              0.010 
2025-05-23 10:51:08 | INFO |       36.518 ¦     1291           2              0.010 
2025-05-23 10:51:08 | INFO |       36.528 ¦     1292           2              0.010 
2025-05-23 10:51:08 | INFO |       36.538 ¦     1293           2              0.010 
2025-05-23 10:51:08 | INFO |       36.548 ¦     1294           2              0.010 
2025-05-23 10:51:08 | INFO |       36.558 ¦     1295           2              0.010 
2025-05-23 10:51:08 | INFO |       36.568 ¦     1296           2              0.010 
2025-05-23 10:51:08 | INFO |       36.578 ¦     1297           2              0.010 
2025-05-23 10:51:08 | INFO |       36.588 ¦     1298           2              0.010 
2025-05-23 10:51:08 | INFO |       36.598 ¦     1299           2              0.010 
2025-05-23 10:51:08 | INFO |       36.608 ¦     1300           2              0.010 
2025-05-23 10:51:08 | INFO |       36.618 ¦     1301           2              0.010 
2025-05-23 10:51:08 | INFO |       36.628 ¦     1302           2              0.010 
2025-05-23 10:51:08 | INFO |       36.638 ¦     1303           2              0.010 
2025-05-23 10:51:08 | INFO |       36.648 ¦     1304           2              0.010 
2025-05-23 10:51:08 | INFO |       36.658 ¦     1305           2              0.010 
2025-05-23 10:51:08 | INFO |       36.668 ¦     1306           2              0.010 
2025-05-23 10:51:08 | INFO |       36.678 ¦     1307           2              0.010 
2025-05-23 10:51:08 | INFO |       36.688 ¦     1308           2              0.010 
2025-05-23 10:51:08 | INFO |       36.698 ¦     1309           2              0.010 
2025-05-23 10:51:08 | INFO |       36.708 ¦     1310           2              0.010 
2025-05-23 10:51:08 | INFO |       36.718 ¦     1311           2              0.010 
2025-05-23 10:51:08 | INFO |       36.728 ¦     1312           2              0.010 
2025-05-23 10:51:08 | INFO |       36.738 ¦     1313           2              0.010 
2025-05-23 10:51:08 | INFO |       36.748 ¦     1314           2              0.010 
2025-05-23 10:51:08 | INFO |       36.758 ¦     1315           2              0.010 
2025-05-23 10:51:08 | INFO |       36.768 ¦     1316           2              0.010 
2025-05-23 10:51:08 | INFO |       36.778 ¦     1317           2              0.010 
2025-05-23 10:51:08 | INFO |       36.788 ¦     1318           2              0.010 
2025-05-23 10:51:08 | INFO |       36.798 ¦     1319           2              0.010 
2025-05-23 10:51:08 | INFO |       36.808 ¦     1320           2              0.010 
2025-05-23 10:51:08 | INFO |       36.818 ¦     1321           2              0.010 
2025-05-23 10:51:08 | INFO |       36.828 ¦     1322           2              0.010 
2025-05-23 10:51:08 | INFO |       36.838 ¦     1323           2              0.010 
2025-05-23 10:51:08 | INFO |       36.848 ¦     1324           2              0.010 
2025-05-23 10:51:08 | INFO |       36.858 ¦     1325           2              0.010 
2025-05-23 10:51:08 | INFO |       36.868 ¦     1326           2              0.010 
2025-05-23 10:51:08 | INFO |       36.878 ¦     1327           2              0.010 
2025-05-23 10:51:08 | INFO |       36.888 ¦     1328           2              0.010 
2025-05-23 10:51:08 | INFO |       36.898 ¦     1329           2              0.010 
2025-05-23 10:51:08 | INFO |       36.908 ¦     1330           2              0.010 
2025-05-23 10:51:08 | INFO |       36.918 ¦     1331           2              0.010 
2025-05-23 10:51:08 | INFO |       36.928 ¦     1332           2              0.010 
2025-05-23 10:51:08 | INFO |       36.938 ¦     1333           2              0.010 
2025-05-23 10:51:08 | INFO |       36.948 ¦     1334           2              0.010 
2025-05-23 10:51:08 | INFO |       36.958 ¦     1335           2              0.010 
2025-05-23 10:51:08 | INFO |       36.968 ¦     1336           2              0.010 
2025-05-23 10:51:08 | INFO |       36.978 ¦     1337           2              0.010 
2025-05-23 10:51:08 | INFO |       36.988 ¦     1338           2              0.010 
2025-05-23 10:51:08 | INFO |       36.998 ¦     1339           2              0.010 
2025-05-23 10:51:08 | INFO |       37.008 ¦     1340           2              0.010 
2025-05-23 10:51:08 | INFO |       37.018 ¦     1341           2              0.010 
2025-05-23 10:51:08 | INFO |       37.028 ¦     1342           2              0.010 
2025-05-23 10:51:08 | INFO |       37.038 ¦     1343           2              0.010 
2025-05-23 10:51:08 | INFO |       37.048 ¦     1344           2              0.010 
2025-05-23 10:51:08 | INFO |       37.058 ¦     1345           2              0.010 
2025-05-23 10:51:08 | INFO |       37.068 ¦     1346           2              0.010 
2025-05-23 10:51:08 | INFO |       37.078 ¦     1347           2              0.010 
2025-05-23 10:51:08 | INFO |       37.088 ¦     1348           2              0.010 
2025-05-23 10:51:08 | INFO |       37.098 ¦     1349           2              0.010 
2025-05-23 10:51:08 | INFO |       37.108 ¦     1350           2              0.010 
2025-05-23 10:51:08 | INFO |       37.118 ¦     1351           2              0.010 
2025-05-23 10:51:08 | INFO |       37.128 ¦     1352           2              0.010 
2025-05-23 10:51:08 | INFO |       37.138 ¦     1353           2              0.010 
2025-05-23 10:51:08 | INFO |       37.148 ¦     1354           2              0.010 
2025-05-23 10:51:08 | INFO |       37.158 ¦     1355           2              0.010 
2025-05-23 10:51:08 | INFO |       37.168 ¦     1356           2              0.010 
2025-05-23 10:51:08 | INFO |       37.178 ¦     1357           2              0.010 
2025-05-23 10:51:08 | INFO |       37.188 ¦     1358           2              0.010 
2025-05-23 10:51:08 | INFO |       37.198 ¦     1359           2              0.010 
2025-05-23 10:51:08 | INFO |       37.208 ¦     1360           2              0.010 
2025-05-23 10:51:08 | INFO |       37.218 ¦     1361           2              0.010 
2025-05-23 10:51:08 | INFO |       37.228 ¦     1362           2              0.010 
2025-05-23 10:51:08 | INFO |       37.238 ¦     1363           2              0.010 
2025-05-23 10:51:08 | INFO |       37.248 ¦     1364           2              0.010 
2025-05-23 10:51:08 | INFO |       37.258 ¦     1365           2              0.010 
2025-05-23 10:51:08 | INFO |       37.268 ¦     1366           2              0.010 
2025-05-23 10:51:08 | INFO |       37.278 ¦     1367           2              0.010 
2025-05-23 10:51:08 | INFO |       37.288 ¦     1368           2              0.010 
2025-05-23 10:51:08 | INFO |       37.298 ¦     1369           2              0.010 
2025-05-23 10:51:08 | INFO |       37.308 ¦     1370           2              0.010 
2025-05-23 10:51:08 | INFO |       37.318 ¦     1371           2              0.010 
2025-05-23 10:51:08 | INFO |       37.328 ¦     1372           2              0.010 
2025-05-23 10:51:08 | INFO |       37.338 ¦     1373           2              0.010 
2025-05-23 10:51:08 | INFO |       37.348 ¦     1374           2              0.010 
2025-05-23 10:51:08 | INFO |       37.358 ¦     1375           2              0.010 
2025-05-23 10:51:08 | INFO |       37.368 ¦     1376           2              0.010 
2025-05-23 10:51:08 | INFO |       37.378 ¦     1377           2              0.010 
2025-05-23 10:51:08 | INFO |       37.388 ¦     1378           2              0.010 
2025-05-23 10:51:08 | INFO |       37.398 ¦     1379           2              0.010 
2025-05-23 10:51:08 | INFO |       37.408 ¦     1380           2              0.010 
2025-05-23 10:51:08 | INFO |       37.418 ¦     1381           2              0.010 
2025-05-23 10:51:08 | INFO |       37.428 ¦     1382           2              0.010 
2025-05-23 10:51:08 | INFO |       37.438 ¦     1383           2              0.010 
2025-05-23 10:51:08 | INFO |       37.448 ¦     1384           2              0.010 
2025-05-23 10:51:08 | INFO |       37.458 ¦     1385           2              0.010 
2025-05-23 10:51:08 | INFO |       37.468 ¦     1386           2              0.010 
2025-05-23 10:51:08 | INFO |       37.478 ¦     1387           2              0.010 
2025-05-23 10:51:08 | INFO |       37.488 ¦     1388           2              0.010 
2025-05-23 10:51:08 | INFO |       37.498 ¦     1389           2              0.010 
2025-05-23 10:51:08 | INFO |       37.508 ¦     1390           2              0.010 
2025-05-23 10:51:08 | INFO |       37.518 ¦     1391           2              0.010 
2025-05-23 10:51:08 | INFO |       37.528 ¦     1392           2              0.010 
2025-05-23 10:51:08 | INFO |       37.538 ¦     1393           2              0.010 
2025-05-23 10:51:08 | INFO |       37.548 ¦     1394           2              0.010 
2025-05-23 10:51:08 | INFO |       37.558 ¦     1395           2              0.010 
2025-05-23 10:51:08 | INFO |       37.568 ¦     1396           2              0.010 
2025-05-23 10:51:08 | INFO |       37.578 ¦     1397           2              0.010 
2025-05-23 10:51:08 | INFO |       37.588 ¦     1398           2              0.010 
2025-05-23 10:51:08 | INFO |       37.598 ¦     1399           2              0.010 
2025-05-23 10:51:08 | INFO |       37.608 ¦     1400           2              0.010 
2025-05-23 10:51:08 | INFO |       37.618 ¦     1401           2              0.010 
2025-05-23 10:51:08 | INFO |       37.628 ¦     1402           2              0.010 
2025-05-23 10:51:08 | INFO |       37.638 ¦     1403           2              0.010 
2025-05-23 10:51:08 | INFO |       37.648 ¦     1404           2              0.010 
2025-05-23 10:51:08 | INFO |       37.658 ¦     1405           2              0.010 
2025-05-23 10:51:08 | INFO |       37.668 ¦     1406           2              0.010 
2025-05-23 10:51:08 | INFO |       37.678 ¦     1407           2              0.010 
2025-05-23 10:51:08 | INFO |       37.688 ¦     1408           2              0.010 
2025-05-23 10:51:08 | INFO |       37.698 ¦     1409           2              0.010 
2025-05-23 10:51:08 | INFO |       37.708 ¦     1410           2              0.010 
2025-05-23 10:51:08 | INFO |       37.718 ¦     1411           2              0.010 
2025-05-23 10:51:08 | INFO |       37.728 ¦     1412           2              0.010 
2025-05-23 10:51:08 | INFO |       37.738 ¦     1413           2              0.010 
2025-05-23 10:51:08 | INFO |       37.748 ¦     1414           2              0.010 
2025-05-23 10:51:08 | INFO |       37.758 ¦     1415           2              0.010 
2025-05-23 10:51:08 | INFO |       37.768 ¦     1416           2              0.010 
2025-05-23 10:51:08 | INFO |       37.778 ¦     1417           2              0.010 
2025-05-23 10:51:08 | INFO |       37.788 ¦     1418           2              0.010 
2025-05-23 10:51:08 | INFO |       37.798 ¦     1419           2              0.010 
2025-05-23 10:51:08 | INFO |       37.808 ¦     1420           2              0.010 
2025-05-23 10:51:08 | INFO |       37.818 ¦     1421           2              0.010 
2025-05-23 10:51:08 | INFO |       37.828 ¦     1422           2              0.010 
2025-05-23 10:51:08 | INFO |       37.838 ¦     1423           2              0.010 
2025-05-23 10:51:08 | INFO |       37.848 ¦     1424           2              0.010 
2025-05-23 10:51:08 | INFO |       37.858 ¦     1425           2              0.010 
2025-05-23 10:51:08 | INFO |       37.868 ¦     1426           2              0.010 
2025-05-23 10:51:08 | INFO |       37.878 ¦     1427           2              0.010 
2025-05-23 10:51:08 | INFO |       37.888 ¦     1428           2              0.010 
2025-05-23 10:51:08 | INFO |       37.898 ¦     1429           2              0.010 
2025-05-23 10:51:08 | INFO |       37.908 ¦     1430           2              0.010 
2025-05-23 10:51:08 | INFO |       37.918 ¦     1431           2              0.010 
2025-05-23 10:51:08 | INFO |       37.928 ¦     1432           2              0.010 
2025-05-23 10:51:08 | INFO |       37.938 ¦     1433           2              0.010 
2025-05-23 10:51:08 | INFO |       37.948 ¦     1434           2              0.010 
2025-05-23 10:51:08 | INFO |       37.958 ¦     1435           2              0.010 
2025-05-23 10:51:08 | INFO |       37.968 ¦     1436           2              0.010 
2025-05-23 10:51:08 | INFO |       37.978 ¦     1437           2              0.010 
2025-05-23 10:51:08 | INFO |       37.988 ¦     1438           2              0.010 
2025-05-23 10:51:08 | INFO |       37.998 ¦     1439           2              0.010 
2025-05-23 10:51:08 | INFO |       38.008 ¦     1440           2              0.010 
2025-05-23 10:51:08 | INFO |       38.018 ¦     1441           2              0.010 
2025-05-23 10:51:08 | INFO |       38.028 ¦     1442           2              0.010 
2025-05-23 10:51:08 | INFO |       38.038 ¦     1443           2              0.010 
2025-05-23 10:51:08 | INFO |       38.048 ¦     1444           2              0.010 
2025-05-23 10:51:08 | INFO |       38.058 ¦     1445           2              0.010 
2025-05-23 10:51:08 | INFO |       38.068 ¦     1446           2              0.010 
2025-05-23 10:51:08 | INFO |       38.078 ¦     1447           2              0.010 
2025-05-23 10:51:08 | INFO |       38.088 ¦     1448           2              0.010 
2025-05-23 10:51:08 | INFO |       38.098 ¦     1449           2              0.010 
2025-05-23 10:51:08 | INFO |       38.108 ¦     1450           2              0.010 
2025-05-23 10:51:08 | INFO |       38.118 ¦     1451           2              0.010 
2025-05-23 10:51:08 | INFO |       38.128 ¦     1452           2              0.010 
2025-05-23 10:51:08 | INFO |       38.138 ¦     1453           2              0.010 
2025-05-23 10:51:08 | INFO |       38.148 ¦     1454           2              0.010 
2025-05-23 10:51:08 | INFO |       38.158 ¦     1455           2              0.010 
2025-05-23 10:51:08 | INFO |       38.168 ¦     1456           2              0.010 
2025-05-23 10:51:08 | INFO |       38.178 ¦     1457           2              0.010 
2025-05-23 10:51:08 | INFO |       38.188 ¦     1458           2              0.010 
2025-05-23 10:51:08 | INFO |       38.198 ¦     1459           2              0.010 
2025-05-23 10:51:08 | INFO |       38.208 ¦     1460           2              0.010 
2025-05-23 10:51:08 | INFO |       38.218 ¦     1461           2              0.010 
2025-05-23 10:51:08 | INFO |       38.228 ¦     1462           2              0.010 
2025-05-23 10:51:08 | INFO |       38.238 ¦     1463           2              0.010 
2025-05-23 10:51:08 | INFO |       38.248 ¦     1464           2              0.010 
2025-05-23 10:51:08 | INFO |       38.258 ¦     1465           2              0.010 
2025-05-23 10:51:08 | INFO |       38.268 ¦     1466           2              0.010 
2025-05-23 10:51:08 | INFO |       38.278 ¦     1467           2              0.010 
2025-05-23 10:51:08 | INFO |       38.288 ¦     1468           2              0.010 
2025-05-23 10:51:08 | INFO |       38.298 ¦     1469           2              0.010 
2025-05-23 10:51:08 | INFO |       38.308 ¦     1470           2              0.010 
2025-05-23 10:51:08 | INFO |       38.318 ¦     1471           2              0.010 
2025-05-23 10:51:08 | INFO |       38.328 ¦     1472           2              0.010 
2025-05-23 10:51:08 | INFO |       38.338 ¦     1473           2              0.010 
2025-05-23 10:51:08 | INFO |       38.348 ¦     1474           2              0.010 
2025-05-23 10:51:08 | INFO |       38.358 ¦     1475           2              0.010 
2025-05-23 10:51:08 | INFO |       38.368 ¦     1476           2              0.010 
2025-05-23 10:51:08 | INFO |       38.378 ¦     1477           2              0.010 
2025-05-23 10:51:08 | INFO |       38.388 ¦     1478           2              0.010 
2025-05-23 10:51:08 | INFO |       38.398 ¦     1479           2              0.010 
2025-05-23 10:51:08 | INFO |       38.408 ¦     1480           2              0.010 
2025-05-23 10:51:08 | INFO |       38.418 ¦     1481           2              0.010 
2025-05-23 10:51:08 | INFO |       38.428 ¦     1482           2              0.010 
2025-05-23 10:51:08 | INFO |       38.438 ¦     1483           2              0.010 
2025-05-23 10:51:08 | INFO |       38.448 ¦     1484           2              0.010 
2025-05-23 10:51:08 | INFO |       38.458 ¦     1485           2              0.010 
2025-05-23 10:51:08 | INFO |       38.468 ¦     1486           2              0.010 
2025-05-23 10:51:08 | INFO |       38.478 ¦     1487           2              0.010 
2025-05-23 10:51:08 | INFO |       38.488 ¦     1488           2              0.010 
2025-05-23 10:51:08 | INFO |       38.498 ¦     1489           2              0.010 
2025-05-23 10:51:08 | INFO |       38.508 ¦     1490           2              0.010 
2025-05-23 10:51:08 | INFO |       38.518 ¦     1491           2              0.010 
2025-05-23 10:51:08 | INFO |       38.528 ¦     1492           2              0.010 
2025-05-23 10:51:08 | INFO |       38.538 ¦     1493           2              0.010 
2025-05-23 10:51:08 | INFO |       38.548 ¦     1494           2              0.010 
2025-05-23 10:51:08 | INFO |       38.558 ¦     1495           2              0.010 
2025-05-23 10:51:08 | INFO |       38.568 ¦     1496           2              0.010 
2025-05-23 10:51:08 | INFO |       38.578 ¦     1497           2              0.010 
2025-05-23 10:51:08 | INFO |       38.588 ¦     1498           2              0.010 
2025-05-23 10:51:08 | INFO |       38.598 ¦     1499           2              0.010 
2025-05-23 10:51:08 | INFO |       38.608 ¦     1500           2              0.010 
2025-05-23 10:51:08 | INFO |       38.618 ¦     1501           2              0.010 
2025-05-23 10:51:08 | INFO |       38.628 ¦     1502           2              0.010 
2025-05-23 10:51:08 | INFO |       38.638 ¦     1503           2              0.010 
2025-05-23 10:51:08 | INFO |       38.648 ¦     1504           2              0.010 
2025-05-23 10:51:08 | INFO |       38.658 ¦     1505           2              0.010 
2025-05-23 10:51:08 | INFO |       38.668 ¦     1506           2              0.010 
2025-05-23 10:51:08 | INFO |       38.678 ¦     1507           2              0.010 
2025-05-23 10:51:08 | INFO |       38.688 ¦     1508           2              0.010 
2025-05-23 10:51:08 | INFO |       38.698 ¦     1509           2              0.010 
2025-05-23 10:51:08 | INFO |       38.708 ¦     1510           2              0.010 
2025-05-23 10:51:08 | INFO |       38.718 ¦     1511           2              0.010 
2025-05-23 10:51:08 | INFO |       38.728 ¦     1512           2              0.010 
2025-05-23 10:51:08 | INFO |       38.738 ¦     1513           2              0.010 
2025-05-23 10:51:08 | INFO |       38.748 ¦     1514           2              0.010 
2025-05-23 10:51:08 | INFO |       38.758 ¦     1515           2              0.010 
2025-05-23 10:51:08 | INFO |       38.768 ¦     1516           2              0.010 
2025-05-23 10:51:08 | INFO |       38.778 ¦     1517           2              0.010 
2025-05-23 10:51:08 | INFO |       38.788 ¦     1518           2              0.010 
2025-05-23 10:51:08 | INFO |       38.798 ¦     1519           2              0.010 
2025-05-23 10:51:08 | INFO |       38.808 ¦     1520           2              0.010 
2025-05-23 10:51:08 | INFO |       38.818 ¦     1521           2              0.010 
2025-05-23 10:51:08 | INFO |       38.828 ¦     1522           2              0.010 
2025-05-23 10:51:08 | INFO |       38.838 ¦     1523           2              0.010 
2025-05-23 10:51:08 | INFO |       38.848 ¦     1524           2              0.010 
2025-05-23 10:51:08 | INFO |       38.858 ¦     1525           2              0.010 
2025-05-23 10:51:08 | INFO |       38.868 ¦     1526           2              0.010 
2025-05-23 10:51:08 | INFO |       38.878 ¦     1527           2              0.010 
2025-05-23 10:51:08 | INFO |       38.888 ¦     1528           2              0.010 
2025-05-23 10:51:08 | INFO |       38.898 ¦     1529           2              0.010 
2025-05-23 10:51:08 | INFO |       38.908 ¦     1530           2              0.010 
2025-05-23 10:51:08 | INFO |       38.918 ¦     1531           2              0.010 
2025-05-23 10:51:08 | INFO |       38.928 ¦     1532           2              0.010 
2025-05-23 10:51:08 | INFO |       38.938 ¦     1533           2              0.010 
2025-05-23 10:51:08 | INFO |       38.948 ¦     1534           2              0.010 
2025-05-23 10:51:08 | INFO |       38.958 ¦     1535           2              0.010 
2025-05-23 10:51:08 | INFO |       38.968 ¦     1536           2              0.010 
2025-05-23 10:51:08 | INFO |       38.978 ¦     1537           2              0.010 
2025-05-23 10:51:08 | INFO |       38.988 ¦     1538           2              0.010 
2025-05-23 10:51:08 | INFO |       38.998 ¦     1539           2              0.010 
2025-05-23 10:51:08 | INFO |       39.008 ¦     1540           2              0.010 
2025-05-23 10:51:08 | INFO |       39.018 ¦     1541           2              0.010 
2025-05-23 10:51:08 | INFO |       39.028 ¦     1542           2              0.010 
2025-05-23 10:51:08 | INFO |       39.038 ¦     1543           2              0.010 
2025-05-23 10:51:08 | INFO |       39.048 ¦     1544           2              0.010 
2025-05-23 10:51:08 | INFO |       39.058 ¦     1545           2              0.010 
2025-05-23 10:51:08 | INFO |       39.068 ¦     1546           2              0.010 
2025-05-23 10:51:08 | INFO |       39.078 ¦     1547           2              0.010 
2025-05-23 10:51:08 | INFO |       39.088 ¦     1548           2              0.010 
2025-05-23 10:51:08 | INFO |       39.098 ¦     1549           2              0.010 
2025-05-23 10:51:08 | INFO |       39.108 ¦     1550           2              0.010 
2025-05-23 10:51:08 | INFO |       39.118 ¦     1551           2              0.010 
2025-05-23 10:51:08 | INFO |       39.128 ¦     1552           2              0.010 
2025-05-23 10:51:08 | INFO |       39.138 ¦     1553           2              0.010 
2025-05-23 10:51:08 | INFO |       39.148 ¦     1554           2              0.010 
2025-05-23 10:51:08 | INFO |       39.158 ¦     1555           2              0.010 
2025-05-23 10:51:08 | INFO |       39.168 ¦     1556           2              0.010 
2025-05-23 10:51:08 | INFO |       39.178 ¦     1557           2              0.010 
2025-05-23 10:51:08 | INFO |       39.188 ¦     1558           2              0.010 
2025-05-23 10:51:08 | INFO |       39.198 ¦     1559           2              0.010 
2025-05-23 10:51:08 | INFO |       39.208 ¦     1560           2              0.010 
2025-05-23 10:51:08 | INFO |       39.218 ¦     1561           2              0.010 
2025-05-23 10:51:08 | INFO |       39.228 ¦     1562           2              0.010 
2025-05-23 10:51:08 | INFO |       39.238 ¦     1563           2              0.010 
2025-05-23 10:51:08 | INFO |       39.248 ¦     1564           2              0.010 
2025-05-23 10:51:08 | INFO |       39.258 ¦     1565           2              0.010 
2025-05-23 10:51:08 | INFO |       39.268 ¦     1566           2              0.010 
2025-05-23 10:51:08 | INFO |       39.278 ¦     1567           2              0.010 
2025-05-23 10:51:08 | INFO |       39.288 ¦     1568           2              0.010 
2025-05-23 10:51:08 | INFO |       39.298 ¦     1569           2              0.010 
2025-05-23 10:51:08 | INFO |       39.308 ¦     1570           2              0.010 
2025-05-23 10:51:08 | INFO |       39.318 ¦     1571           2              0.010 
2025-05-23 10:51:08 | INFO |       39.328 ¦     1572           2              0.010 
2025-05-23 10:51:08 | INFO |       39.338 ¦     1573           2              0.010 
2025-05-23 10:51:08 | INFO |       39.348 ¦     1574           2              0.010 
2025-05-23 10:51:08 | INFO |       39.358 ¦     1575           2              0.010 
2025-05-23 10:51:08 | INFO |       39.368 ¦     1576           2              0.010 
2025-05-23 10:51:08 | INFO |       39.378 ¦     1577           2              0.010 
2025-05-23 10:51:08 | INFO |       39.388 ¦     1578           2              0.010 
2025-05-23 10:51:08 | INFO |       39.398 ¦     1579           2              0.010 
2025-05-23 10:51:08 | INFO |       39.408 ¦     1580           2              0.010 
2025-05-23 10:51:08 | INFO |       39.418 ¦     1581           2              0.010 
2025-05-23 10:51:08 | INFO |       39.428 ¦     1582           2              0.010 
2025-05-23 10:51:08 | INFO |       39.438 ¦     1583           2              0.010 
2025-05-23 10:51:08 | INFO |       39.448 ¦     1584           2              0.010 
2025-05-23 10:51:08 | INFO |       39.458 ¦     1585           2              0.010 
2025-05-23 10:51:08 | INFO |       39.468 ¦     1586           2              0.010 
2025-05-23 10:51:08 | INFO |       39.478 ¦     1587           2              0.010 
2025-05-23 10:51:08 | INFO |       39.488 ¦     1588           2              0.010 
2025-05-23 10:51:08 | INFO |       39.498 ¦     1589           2              0.010 
2025-05-23 10:51:08 | INFO |       39.508 ¦     1590           2              0.010 
2025-05-23 10:51:08 | INFO |       39.518 ¦     1591           2              0.010 
2025-05-23 10:51:08 | INFO |       39.528 ¦     1592           2              0.010 
2025-05-23 10:51:08 | INFO |       39.538 ¦     1593           2              0.010 
2025-05-23 10:51:08 | INFO |       39.548 ¦     1594           2              0.010 
2025-05-23 10:51:08 | INFO |       39.558 ¦     1595           2              0.010 
2025-05-23 10:51:08 | INFO |       39.568 ¦     1596           2              0.010 
2025-05-23 10:51:08 | INFO |       39.578 ¦     1597           2              0.010 
2025-05-23 10:51:08 | INFO |       39.588 ¦     1598           2              0.010 
2025-05-23 10:51:08 | INFO |       39.598 ¦     1599           2              0.010 
2025-05-23 10:51:08 | INFO |       39.608 ¦     1600           2              0.010 
2025-05-23 10:51:08 | INFO |       39.618 ¦     1601           2              0.010 
2025-05-23 10:51:08 | INFO |       39.628 ¦     1602           2              0.010 
2025-05-23 10:51:08 | INFO |       39.638 ¦     1603           2              0.010 
2025-05-23 10:51:08 | INFO |       39.648 ¦     1604           2              0.010 
2025-05-23 10:51:08 | INFO |       39.658 ¦     1605           2              0.010 
2025-05-23 10:51:08 | INFO |       39.668 ¦     1606           2              0.010 
2025-05-23 10:51:08 | INFO |       39.678 ¦     1607           2              0.010 
2025-05-23 10:51:08 | INFO |       39.688 ¦     1608           2              0.010 
2025-05-23 10:51:08 | INFO |       39.698 ¦     1609           2              0.010 
2025-05-23 10:51:08 | INFO |       39.708 ¦     1610           2              0.010 
2025-05-23 10:51:08 | INFO |       39.718 ¦     1611           2              0.010 
2025-05-23 10:51:08 | INFO |       39.728 ¦     1612           2              0.010 
2025-05-23 10:51:08 | INFO |       39.738 ¦     1613           2              0.010 
2025-05-23 10:51:08 | INFO |       39.748 ¦     1614           2              0.010 
2025-05-23 10:51:08 | INFO |       39.758 ¦     1615           2              0.010 
2025-05-23 10:51:08 | INFO |       39.768 ¦     1616           2              0.010 
2025-05-23 10:51:08 | INFO |       39.778 ¦     1617           2              0.010 
2025-05-23 10:51:08 | INFO |       39.788 ¦     1618           2              0.010 
2025-05-23 10:51:08 | INFO |       39.798 ¦     1619           2              0.010 
2025-05-23 10:51:08 | INFO |       39.808 ¦     1620           2              0.010 
2025-05-23 10:51:08 | INFO |       39.818 ¦     1621           2              0.010 
2025-05-23 10:51:08 | INFO |       39.828 ¦     1622           2              0.010 
2025-05-23 10:51:08 | INFO |       39.838 ¦     1623           2              0.010 
2025-05-23 10:51:08 | INFO |       39.848 ¦     1624           2              0.010 
2025-05-23 10:51:08 | INFO |       39.858 ¦     1625           2              0.010 
2025-05-23 10:51:08 | INFO |       39.868 ¦     1626           2              0.010 
2025-05-23 10:51:08 | INFO |       39.878 ¦     1627           2              0.010 
2025-05-23 10:51:08 | INFO |       39.888 ¦     1628           2              0.010 
2025-05-23 10:51:08 | INFO |       39.898 ¦     1629           2              0.010 
2025-05-23 10:51:08 | INFO |       39.908 ¦     1630           2              0.010 
2025-05-23 10:51:08 | INFO |       39.918 ¦     1631           2              0.010 
2025-05-23 10:51:08 | INFO |       39.928 ¦     1632           2              0.010 
2025-05-23 10:51:08 | INFO |       39.938 ¦     1633           2              0.010 
2025-05-23 10:51:08 | INFO |       39.948 ¦     1634           2              0.010 
2025-05-23 10:51:08 | INFO |       39.958 ¦     1635           2              0.010 
2025-05-23 10:51:08 | INFO |       39.968 ¦     1636           2              0.010 
2025-05-23 10:51:08 | INFO |       39.978 ¦     1637           2              0.010 
2025-05-23 10:51:08 | INFO |       39.988 ¦     1638           2              0.010 
2025-05-23 10:51:08 | INFO |       39.998 ¦     1639           2              0.010 
2025-05-23 10:51:08 | INFO |       40.008 ¦     1640           2              0.010 
2025-05-23 10:51:08 | INFO |       40.018 ¦     1641           2              0.010 
2025-05-23 10:51:08 | INFO |       40.028 ¦     1642           2              0.010 
2025-05-23 10:51:08 | INFO |       40.038 ¦     1643           2              0.010 
2025-05-23 10:51:08 | INFO |       40.048 ¦     1644           2              0.010 
2025-05-23 10:51:08 | INFO |       40.058 ¦     1645           2              0.010 
2025-05-23 10:51:08 | INFO |       40.068 ¦     1646           2              0.010 
2025-05-23 10:51:08 | INFO |       40.078 ¦     1647           2              0.010 
2025-05-23 10:51:08 | INFO |       40.088 ¦     1648           2              0.010 
2025-05-23 10:51:08 | INFO |       40.098 ¦     1649           2              0.010 
2025-05-23 10:51:08 | INFO |       40.108 ¦     1650           2              0.010 
2025-05-23 10:51:08 | INFO |       40.118 ¦     1651           2              0.010 
2025-05-23 10:51:08 | INFO |       40.128 ¦     1652           2              0.010 
2025-05-23 10:51:08 | INFO |       40.138 ¦     1653           2              0.010 
2025-05-23 10:51:08 | INFO |       40.148 ¦     1654           2              0.010 
2025-05-23 10:51:08 | INFO |       40.158 ¦     1655           2              0.010 
2025-05-23 10:51:08 | INFO |       40.168 ¦     1656           2              0.010 
2025-05-23 10:51:08 | INFO |       40.178 ¦     1657           2              0.010 
2025-05-23 10:51:08 | INFO |       40.188 ¦     1658           2              0.010 
2025-05-23 10:51:08 | INFO |       40.198 ¦     1659           2              0.010 
2025-05-23 10:51:08 | INFO |       40.208 ¦     1660           2              0.010 
2025-05-23 10:51:08 | INFO |       40.218 ¦     1661           2              0.010 
2025-05-23 10:51:08 | INFO |       40.228 ¦     1662           2              0.010 
2025-05-23 10:51:08 | INFO |       40.238 ¦     1663           2              0.010 
2025-05-23 10:51:08 | INFO |       40.248 ¦     1664           2              0.010 
2025-05-23 10:51:08 | INFO |       40.258 ¦     1665           2              0.010 
2025-05-23 10:51:08 | INFO |       40.268 ¦     1666           2              0.010 
2025-05-23 10:51:08 | INFO |       40.278 ¦     1667           2              0.010 
2025-05-23 10:51:08 | INFO |       40.288 ¦     1668           2              0.010 
2025-05-23 10:51:08 | INFO |       40.298 ¦     1669           2              0.010 
2025-05-23 10:51:08 | INFO |       40.308 ¦     1670           2              0.010 
2025-05-23 10:51:08 | INFO |       40.318 ¦     1671           2              0.010 
2025-05-23 10:51:08 | INFO |       40.328 ¦     1672           2              0.010 
2025-05-23 10:51:08 | INFO |       40.338 ¦     1673           2              0.010 
2025-05-23 10:51:08 | INFO |       40.348 ¦     1674           2              0.010 
2025-05-23 10:51:08 | INFO |       40.358 ¦     1675           2              0.010 
2025-05-23 10:51:08 | INFO |       40.368 ¦     1676           2              0.010 
2025-05-23 10:51:08 | INFO |       40.378 ¦     1677           2              0.010 
2025-05-23 10:51:08 | INFO |       40.388 ¦     1678           2              0.010 
2025-05-23 10:51:08 | INFO |       40.398 ¦     1679           2              0.010 
2025-05-23 10:51:08 | INFO |       40.408 ¦     1680           2              0.010 
2025-05-23 10:51:08 | INFO |       40.418 ¦     1681           2              0.010 
2025-05-23 10:51:08 | INFO |       40.428 ¦     1682           2              0.010 
2025-05-23 10:51:08 | INFO |       40.438 ¦     1683           2              0.010 
2025-05-23 10:51:08 | INFO |       40.448 ¦     1684           2              0.010 
2025-05-23 10:51:08 | INFO |       40.458 ¦     1685           2              0.010 
2025-05-23 10:51:08 | INFO |       40.468 ¦     1686           2              0.010 
2025-05-23 10:51:08 | INFO |       40.478 ¦     1687           2              0.010 
2025-05-23 10:51:08 | INFO |       40.488 ¦     1688           2              0.010 
2025-05-23 10:51:08 | INFO |       40.498 ¦     1689           2              0.010 
2025-05-23 10:51:08 | INFO |       40.508 ¦     1690           2              0.010 
2025-05-23 10:51:08 | INFO |       40.518 ¦     1691           2              0.010 
2025-05-23 10:51:08 | INFO |       40.528 ¦     1692           2              0.010 
2025-05-23 10:51:08 | INFO |       40.538 ¦     1693           2              0.010 
2025-05-23 10:51:08 | INFO |       40.548 ¦     1694           2              0.010 
2025-05-23 10:51:08 | INFO |       40.558 ¦     1695           2              0.010 
2025-05-23 10:51:08 | INFO |       40.568 ¦     1696           2              0.010 
2025-05-23 10:51:08 | INFO |       40.578 ¦     1697           2              0.010 
2025-05-23 10:51:08 | INFO |       40.588 ¦     1698           2              0.010 
2025-05-23 10:51:08 | INFO |       40.598 ¦     1699           2              0.010 
2025-05-23 10:51:08 | INFO |       40.608 ¦     1700           2              0.010 
2025-05-23 10:51:08 | INFO |       40.618 ¦     1701           2              0.010 
2025-05-23 10:51:08 | INFO |       40.628 ¦     1702           2              0.010 
2025-05-23 10:51:08 | INFO |       40.638 ¦     1703           2              0.010 
2025-05-23 10:51:08 | INFO |       40.648 ¦     1704           2              0.010 
2025-05-23 10:51:08 | INFO |       40.658 ¦     1705           2              0.010 
2025-05-23 10:51:08 | INFO |       40.668 ¦     1706           2              0.010 
2025-05-23 10:51:08 | INFO |       40.678 ¦     1707           2              0.010 
2025-05-23 10:51:08 | INFO |       40.688 ¦     1708           2              0.010 
2025-05-23 10:51:08 | INFO |       40.698 ¦     1709           2              0.010 
2025-05-23 10:51:08 | INFO |       40.708 ¦     1710           2              0.010 
2025-05-23 10:51:08 | INFO |       40.718 ¦     1711           2              0.010 
2025-05-23 10:51:08 | INFO |       40.728 ¦     1712           2              0.010 
2025-05-23 10:51:08 | INFO |       40.738 ¦     1713           2              0.010 
2025-05-23 10:51:08 | INFO |       40.748 ¦     1714           2              0.010 
2025-05-23 10:51:08 | INFO |       40.758 ¦     1715           2              0.010 
2025-05-23 10:51:08 | INFO |       40.768 ¦     1716           2              0.010 
2025-05-23 10:51:08 | INFO |       40.778 ¦     1717           2              0.010 
2025-05-23 10:51:08 | INFO |       40.788 ¦     1718           2              0.010 
2025-05-23 10:51:08 | INFO |       40.798 ¦     1719           2              0.010 
2025-05-23 10:51:08 | INFO |       40.808 ¦     1720           2              0.010 
2025-05-23 10:51:08 | INFO |       40.818 ¦     1721           2              0.010 
2025-05-23 10:51:08 | INFO |       40.828 ¦     1722           2              0.010 
2025-05-23 10:51:08 | INFO |       40.838 ¦     1723           2              0.010 
2025-05-23 10:51:08 | INFO |       40.848 ¦     1724           2              0.010 
2025-05-23 10:51:08 | INFO |       40.858 ¦     1725           2              0.010 
2025-05-23 10:51:08 | INFO |       40.868 ¦     1726           2              0.010 
2025-05-23 10:51:08 | INFO |       40.878 ¦     1727           2              0.010 
2025-05-23 10:51:08 | INFO |       40.888 ¦     1728           2              0.010 
2025-05-23 10:51:08 | INFO |       40.898 ¦     1729           2              0.010 
2025-05-23 10:51:08 | INFO |       40.908 ¦     1730           2              0.010 
2025-05-23 10:51:08 | INFO |       40.918 ¦     1731           2              0.010 
2025-05-23 10:51:08 | INFO |       40.928 ¦     1732           2              0.010 
2025-05-23 10:51:08 | INFO |       40.938 ¦     1733           2              0.010 
2025-05-23 10:51:08 | INFO |       40.948 ¦     1734           2              0.010 
2025-05-23 10:51:08 | INFO |       40.958 ¦     1735           2              0.010 
2025-05-23 10:51:08 | INFO |       40.968 ¦     1736           2              0.010 
2025-05-23 10:51:08 | INFO |       40.978 ¦     1737           2              0.010 
2025-05-23 10:51:08 | INFO |       40.988 ¦     1738           2              0.010 
2025-05-23 10:51:08 | INFO |       40.998 ¦     1739           2              0.010 
2025-05-23 10:51:08 | INFO |       41.008 ¦     1740           2              0.010 
2025-05-23 10:51:08 | INFO |       41.018 ¦     1741           2              0.010 
2025-05-23 10:51:08 | INFO |       41.028 ¦     1742           2              0.010 
2025-05-23 10:51:08 | INFO |       41.038 ¦     1743           2              0.010 
2025-05-23 10:51:08 | INFO |       41.048 ¦     1744           2              0.010 
2025-05-23 10:51:08 | INFO |       41.058 ¦     1745           2              0.010 
2025-05-23 10:51:08 | INFO |       41.068 ¦     1746           2              0.010 
2025-05-23 10:51:08 | INFO |       41.078 ¦     1747           2              0.010 
2025-05-23 10:51:08 | INFO |       41.088 ¦     1748           2              0.010 
2025-05-23 10:51:08 | INFO |       41.098 ¦     1749           2              0.010 
2025-05-23 10:51:08 | INFO |       41.108 ¦     1750           2              0.010 
2025-05-23 10:51:08 | INFO |       41.118 ¦     1751           2              0.010 
2025-05-23 10:51:08 | INFO |       41.128 ¦     1752           2              0.010 
2025-05-23 10:51:08 | INFO |       41.138 ¦     1753           2              0.010 
2025-05-23 10:51:08 | INFO |       41.148 ¦     1754           2              0.010 
2025-05-23 10:51:08 | INFO |       41.158 ¦     1755           2              0.010 
2025-05-23 10:51:08 | INFO |       41.168 ¦     1756           2              0.010 
2025-05-23 10:51:08 | INFO |       41.178 ¦     1757           2              0.010 
2025-05-23 10:51:08 | INFO |       41.188 ¦     1758           2              0.010 
2025-05-23 10:51:08 | INFO |       41.198 ¦     1759           2              0.010 
2025-05-23 10:51:08 | INFO |       41.208 ¦     1760           2              0.010 
2025-05-23 10:51:08 | INFO |       41.218 ¦     1761           2              0.010 
2025-05-23 10:51:08 | INFO |       41.228 ¦     1762           2              0.010 
2025-05-23 10:51:08 | INFO |       41.238 ¦     1763           2              0.010 
2025-05-23 10:51:08 | INFO |       41.248 ¦     1764           2              0.010 
2025-05-23 10:51:08 | INFO |       41.258 ¦     1765           2              0.010 
2025-05-23 10:51:08 | INFO |       41.268 ¦     1766           2              0.010 
2025-05-23 10:51:08 | INFO |       41.278 ¦     1767           2              0.010 
2025-05-23 10:51:08 | INFO |       41.288 ¦     1768           2              0.010 
2025-05-23 10:51:08 | INFO |       41.298 ¦     1769           2              0.010 
2025-05-23 10:51:08 | INFO |       41.308 ¦     1770           2              0.010 
2025-05-23 10:51:08 | INFO |       41.318 ¦     1771           2              0.010 
2025-05-23 10:51:08 | INFO |       41.328 ¦     1772           2              0.010 
2025-05-23 10:51:08 | INFO |       41.338 ¦     1773           2              0.010 
2025-05-23 10:51:08 | INFO |       41.348 ¦     1774           2              0.010 
2025-05-23 10:51:08 | INFO |       41.358 ¦     1775           2              0.010 
2025-05-23 10:51:08 | INFO |       41.368 ¦     1776           2              0.010 
2025-05-23 10:51:08 | INFO |       41.378 ¦     1777           2              0.010 
2025-05-23 10:51:08 | INFO |       41.388 ¦     1778           2              0.010 
2025-05-23 10:51:08 | INFO |       41.398 ¦     1779           2              0.010 
2025-05-23 10:51:08 | INFO |       41.408 ¦     1780           2              0.010 
2025-05-23 10:51:08 | INFO |       41.418 ¦     1781           2              0.010 
2025-05-23 10:51:08 | INFO |       41.428 ¦     1782           2              0.010 
2025-05-23 10:51:08 | INFO |       41.438 ¦     1783           2              0.010 
2025-05-23 10:51:08 | INFO |       41.448 ¦     1784           2              0.010 
2025-05-23 10:51:08 | INFO |       41.458 ¦     1785           2              0.010 
2025-05-23 10:51:08 | INFO |       41.468 ¦     1786           2              0.010 
2025-05-23 10:51:08 | INFO |       41.478 ¦     1787           2              0.010 
2025-05-23 10:51:08 | INFO |       41.488 ¦     1788           2              0.010 
2025-05-23 10:51:08 | INFO |       41.498 ¦     1789           2              0.010 
2025-05-23 10:51:08 | INFO |       41.508 ¦     1790           2              0.010 
2025-05-23 10:51:08 | INFO |       41.518 ¦     1791           2              0.010 
2025-05-23 10:51:08 | INFO |       41.528 ¦     1792           2              0.010 
2025-05-23 10:51:08 | INFO |       41.538 ¦     1793           2              0.010 
2025-05-23 10:51:08 | INFO |       41.548 ¦     1794           2              0.010 
2025-05-23 10:51:08 | INFO |       41.558 ¦     1795           2              0.010 
2025-05-23 10:51:08 | INFO |       41.568 ¦     1796           2              0.010 
2025-05-23 10:51:08 | INFO |       41.578 ¦     1797           2              0.010 
2025-05-23 10:51:08 | INFO |       41.588 ¦     1798           2              0.010 
2025-05-23 10:51:08 | INFO |       41.598 ¦     1799           2              0.010 
2025-05-23 10:51:08 | INFO |       41.608 ¦     1800           2              0.010 
2025-05-23 10:51:08 | INFO |       41.618 ¦     1801           2              0.010 
2025-05-23 10:51:08 | INFO |       41.628 ¦     1802           2              0.010 
2025-05-23 10:51:08 | INFO |       41.638 ¦     1803           2              0.010 
2025-05-23 10:51:08 | INFO |       41.648 ¦     1804           2              0.010 
2025-05-23 10:51:08 | INFO |       41.658 ¦     1805           2              0.010 
2025-05-23 10:51:08 | INFO |       41.668 ¦     1806           2              0.010 
2025-05-23 10:51:08 | INFO |       41.678 ¦     1807           2              0.010 
2025-05-23 10:51:08 | INFO |       41.688 ¦     1808           2              0.010 
2025-05-23 10:51:08 | INFO |       41.698 ¦     1809           2              0.010 
2025-05-23 10:51:08 | INFO |       41.708 ¦     1810           2              0.010 
2025-05-23 10:51:08 | INFO |       41.718 ¦     1811           2              0.010 
2025-05-23 10:51:08 | INFO |       41.728 ¦     1812           2              0.010 
2025-05-23 10:51:08 | INFO |       41.738 ¦     1813           2              0.010 
2025-05-23 10:51:08 | INFO |       41.748 ¦     1814           2              0.010 
2025-05-23 10:51:08 | INFO |       41.758 ¦     1815           2              0.010 
2025-05-23 10:51:08 | INFO |       41.768 ¦     1816           2              0.010 
2025-05-23 10:51:08 | INFO |       41.778 ¦     1817           2              0.010 
2025-05-23 10:51:08 | INFO |       41.788 ¦     1818           2              0.010 
2025-05-23 10:51:08 | INFO |       41.798 ¦     1819           2              0.010 
2025-05-23 10:51:08 | INFO |       41.808 ¦     1820           2              0.010 
2025-05-23 10:51:08 | INFO |       41.818 ¦     1821           2              0.010 
2025-05-23 10:51:08 | INFO |       41.828 ¦     1822           2              0.010 
2025-05-23 10:51:08 | INFO |       41.838 ¦     1823           2              0.010 
2025-05-23 10:51:08 | INFO |       41.848 ¦     1824           2              0.010 
2025-05-23 10:51:08 | INFO |       41.858 ¦     1825           2              0.010 
2025-05-23 10:51:08 | INFO |       41.868 ¦     1826           2              0.010 
2025-05-23 10:51:08 | INFO |       41.878 ¦     1827           2              0.010 
2025-05-23 10:51:08 | INFO |       41.888 ¦     1828           2              0.010 
2025-05-23 10:51:08 | INFO |       41.898 ¦     1829           2              0.010 
2025-05-23 10:51:08 | INFO |       41.908 ¦     1830           2              0.010 
2025-05-23 10:51:08 | INFO |       41.918 ¦     1831           2              0.010 
2025-05-23 10:51:08 | INFO |       41.928 ¦     1832           2              0.010 
2025-05-23 10:51:08 | INFO |       41.938 ¦     1833           2              0.010 
2025-05-23 10:51:08 | INFO |       41.948 ¦     1834           2              0.010 
2025-05-23 10:51:08 | INFO |       41.958 ¦     1835           2              0.010 
2025-05-23 10:51:08 | INFO |       41.968 ¦     1836           2              0.010 
2025-05-23 10:51:08 | INFO |       41.978 ¦     1837           2              0.010 
2025-05-23 10:51:08 | INFO |       41.988 ¦     1838           2              0.010 
2025-05-23 10:51:08 | INFO |       41.998 ¦     1839           2              0.010 
2025-05-23 10:51:08 | INFO |       42.008 ¦     1840           2              0.010 
2025-05-23 10:51:08 | INFO |       42.018 ¦     1841           2              0.010 
2025-05-23 10:51:08 | INFO |       42.028 ¦     1842           2              0.010 
2025-05-23 10:51:08 | INFO |       42.038 ¦     1843           2              0.010 
2025-05-23 10:51:08 | INFO |       42.048 ¦     1844           2              0.010 
2025-05-23 10:51:08 | INFO |       42.058 ¦     1845           2              0.010 
2025-05-23 10:51:08 | INFO |       42.068 ¦     1846           2              0.010 
2025-05-23 10:51:08 | INFO |       42.078 ¦     1847           2              0.010 
2025-05-23 10:51:08 | INFO |       42.088 ¦     1848           2              0.010 
2025-05-23 10:51:08 | INFO |       42.098 ¦     1849           2              0.010 
2025-05-23 10:51:08 | INFO |       42.108 ¦     1850           2              0.010 
2025-05-23 10:51:08 | INFO |       42.118 ¦     1851           2              0.010 
2025-05-23 10:51:08 | INFO |       42.128 ¦     1852           2              0.010 
2025-05-23 10:51:08 | INFO |       42.138 ¦     1853           2              0.010 
2025-05-23 10:51:08 | INFO |       42.148 ¦     1854           2              0.010 
2025-05-23 10:51:08 | INFO |       42.158 ¦     1855           2              0.010 
2025-05-23 10:51:08 | INFO |       42.168 ¦     1856           2              0.010 
2025-05-23 10:51:08 | INFO |       42.178 ¦     1857           2              0.010 
2025-05-23 10:51:08 | INFO |       42.188 ¦     1858           2              0.010 
2025-05-23 10:51:08 | INFO |       42.198 ¦     1859           2              0.010 
2025-05-23 10:51:08 | INFO |       42.208 ¦     1860           2              0.010 
2025-05-23 10:51:08 | INFO |       42.218 ¦     1861           2              0.010 
2025-05-23 10:51:08 | INFO |       42.228 ¦     1862           2              0.010 
2025-05-23 10:51:08 | INFO |       42.238 ¦     1863           2              0.010 
2025-05-23 10:51:08 | INFO |       42.248 ¦     1864           2              0.010 
2025-05-23 10:51:08 | INFO |       42.258 ¦     1865           2              0.010 
2025-05-23 10:51:08 | INFO |       42.268 ¦     1866           2              0.010 
2025-05-23 10:51:08 | INFO |       42.278 ¦     1867           2              0.010 
2025-05-23 10:51:08 | INFO |       42.288 ¦     1868           2              0.010 
2025-05-23 10:51:08 | INFO |       42.298 ¦     1869           2              0.010 
2025-05-23 10:51:08 | INFO |       42.308 ¦     1870           2              0.010 
2025-05-23 10:51:08 | INFO |       42.318 ¦     1871           2              0.010 
2025-05-23 10:51:08 | INFO |       42.328 ¦     1872           2              0.010 
2025-05-23 10:51:08 | INFO |       42.338 ¦     1873           2              0.010 
2025-05-23 10:51:08 | INFO |       42.348 ¦     1874           2              0.010 
2025-05-23 10:51:08 | INFO |       42.358 ¦     1875           2              0.010 
2025-05-23 10:51:08 | INFO |       42.368 ¦     1876           2              0.010 
2025-05-23 10:51:08 | INFO |       42.378 ¦     1877           2              0.010 
2025-05-23 10:51:08 | INFO |       42.388 ¦     1878           2              0.010 
2025-05-23 10:51:08 | INFO |       42.398 ¦     1879           2              0.010 
2025-05-23 10:51:08 | INFO |       42.408 ¦     1880           2              0.010 
2025-05-23 10:51:08 | INFO |       42.418 ¦     1881           2              0.010 
2025-05-23 10:51:08 | INFO |       42.428 ¦     1882           2              0.010 
2025-05-23 10:51:08 | INFO |       42.438 ¦     1883           2              0.010 
2025-05-23 10:51:08 | INFO |       42.448 ¦     1884           2              0.010 
2025-05-23 10:51:08 | INFO |       42.458 ¦     1885           2              0.010 
2025-05-23 10:51:08 | INFO |       42.468 ¦     1886           2              0.010 
2025-05-23 10:51:08 | INFO |       42.478 ¦     1887           2              0.010 
2025-05-23 10:51:08 | INFO |       42.488 ¦     1888           2              0.010 
2025-05-23 10:51:08 | INFO |       42.498 ¦     1889           2              0.010 
2025-05-23 10:51:08 | INFO |       42.508 ¦     1890           2              0.010 
2025-05-23 10:51:08 | INFO |       42.518 ¦     1891           2              0.010 
2025-05-23 10:51:08 | INFO |       42.528 ¦     1892           2              0.010 
2025-05-23 10:51:08 | INFO |       42.538 ¦     1893           2              0.010 
2025-05-23 10:51:08 | INFO |       42.548 ¦     1894           2              0.010 
2025-05-23 10:51:08 | INFO |       42.558 ¦     1895           2              0.010 
2025-05-23 10:51:08 | INFO |       42.568 ¦     1896           2              0.010 
2025-05-23 10:51:08 | INFO |       42.578 ¦     1897           2              0.010 
2025-05-23 10:51:08 | INFO |       42.588 ¦     1898           2              0.010 
2025-05-23 10:51:08 | INFO |       42.598 ¦     1899           2              0.010 
2025-05-23 10:51:08 | INFO |       42.608 ¦     1900           2              0.010 
2025-05-23 10:51:08 | INFO |       42.618 ¦     1901           2              0.010 
2025-05-23 10:51:08 | INFO |       42.628 ¦     1902           2              0.010 
2025-05-23 10:51:08 | INFO |       42.638 ¦     1903           2              0.010 
2025-05-23 10:51:08 | INFO |       42.648 ¦     1904           2              0.010 
2025-05-23 10:51:08 | INFO |       42.658 ¦     1905           2              0.010 
2025-05-23 10:51:08 | INFO |       42.668 ¦     1906           2              0.010 
2025-05-23 10:51:08 | INFO |       42.678 ¦     1907           2              0.010 
2025-05-23 10:51:08 | INFO |       42.688 ¦     1908           2              0.010 
2025-05-23 10:51:08 | INFO |       42.698 ¦     1909           2              0.010 
2025-05-23 10:51:08 | INFO |       42.708 ¦     1910           2              0.010 
2025-05-23 10:51:08 | INFO |       42.718 ¦     1911           2              0.010 
2025-05-23 10:51:08 | INFO |       42.728 ¦     1912           2              0.010 
2025-05-23 10:51:08 | INFO |       42.738 ¦     1913           2              0.010 
2025-05-23 10:51:08 | INFO |       42.748 ¦     1914           2              0.010 
2025-05-23 10:51:08 | INFO |       42.758 ¦     1915           2              0.010 
2025-05-23 10:51:08 | INFO |       42.768 ¦     1916           2              0.010 
2025-05-23 10:51:08 | INFO |       42.778 ¦     1917           2              0.010 
2025-05-23 10:51:08 | INFO |       42.788 ¦     1918           2              0.010 
2025-05-23 10:51:08 | INFO |       42.798 ¦     1919           2              0.010 
2025-05-23 10:51:08 | INFO |       42.808 ¦     1920           2              0.010 
2025-05-23 10:51:08 | INFO |       42.818 ¦     1921           2              0.010 
2025-05-23 10:51:08 | INFO |       42.828 ¦     1922           2              0.010 
2025-05-23 10:51:08 | INFO |       42.838 ¦     1923           2              0.010 
2025-05-23 10:51:08 | INFO |       42.848 ¦     1924           2              0.010 
2025-05-23 10:51:08 | INFO |       42.858 ¦     1925           2              0.010 
2025-05-23 10:51:08 | INFO |       42.868 ¦     1926           2              0.010 
2025-05-23 10:51:08 | INFO |       42.878 ¦     1927           2              0.010 
2025-05-23 10:51:08 | INFO |       42.888 ¦     1928           2              0.010 
2025-05-23 10:51:08 | INFO |       42.898 ¦     1929           2              0.010 
2025-05-23 10:51:08 | INFO |       42.908 ¦     1930           2              0.010 
2025-05-23 10:51:08 | INFO |       42.918 ¦     1931           2              0.010 
2025-05-23 10:51:08 | INFO |       42.928 ¦     1932           2              0.010 
2025-05-23 10:51:08 | INFO |       42.938 ¦     1933           2              0.010 
2025-05-23 10:51:08 | INFO |       42.948 ¦     1934           2              0.010 
2025-05-23 10:51:08 | INFO |       42.958 ¦     1935           2              0.010 
2025-05-23 10:51:08 | INFO |       42.968 ¦     1936           2              0.010 
2025-05-23 10:51:08 | INFO |       42.978 ¦     1937           2              0.010 
2025-05-23 10:51:08 | INFO |       42.988 ¦     1938           2              0.010 
2025-05-23 10:51:08 | INFO |       42.998 ¦     1939           2              0.010 
2025-05-23 10:51:08 | INFO |       43.008 ¦     1940           2              0.010 
2025-05-23 10:51:08 | INFO |       43.018 ¦     1941           2              0.010 
2025-05-23 10:51:08 | INFO |       43.028 ¦     1942           2              0.010 
2025-05-23 10:51:08 | INFO |       43.038 ¦     1943           2              0.010 
2025-05-23 10:51:08 | INFO |       43.048 ¦     1944           2              0.010 
2025-05-23 10:51:08 | INFO |       43.058 ¦     1945           2              0.010 
2025-05-23 10:51:08 | INFO |       43.068 ¦     1946           2              0.010 
2025-05-23 10:51:08 | INFO |       43.078 ¦     1947           2              0.010 
2025-05-23 10:51:08 | INFO |       43.088 ¦     1948           2              0.010 
2025-05-23 10:51:08 | INFO |       43.098 ¦     1949           2              0.010 
2025-05-23 10:51:08 | INFO |       43.108 ¦     1950           2              0.010 
2025-05-23 10:51:08 | INFO |       43.118 ¦     1951           2              0.010 
2025-05-23 10:51:08 | INFO |       43.128 ¦     1952           2              0.010 
2025-05-23 10:51:08 | INFO |       43.138 ¦     1953           2              0.010 
2025-05-23 10:51:08 | INFO |       43.148 ¦     1954           2              0.010 
2025-05-23 10:51:08 | INFO |       43.158 ¦     1955           2              0.010 
2025-05-23 10:51:08 | INFO |       43.168 ¦     1956           2              0.010 
2025-05-23 10:51:08 | INFO |       43.178 ¦     1957           2              0.010 
2025-05-23 10:51:08 | INFO |       43.188 ¦     1958           2              0.010 
2025-05-23 10:51:08 | INFO |       43.198 ¦     1959           2              0.010 
2025-05-23 10:51:08 | INFO |       43.208 ¦     1960           2              0.010 
2025-05-23 10:51:08 | INFO |       43.218 ¦     1961           2              0.010 
2025-05-23 10:51:08 | INFO |       43.228 ¦     1962           2              0.010 
2025-05-23 10:51:08 | INFO |       43.238 ¦     1963           2              0.010 
2025-05-23 10:51:08 | INFO |       43.248 ¦     1964           2              0.010 
2025-05-23 10:51:08 | INFO |       43.258 ¦     1965           2              0.010 
2025-05-23 10:51:08 | INFO |       43.268 ¦     1966           2              0.010 
2025-05-23 10:51:08 | INFO |       43.278 ¦     1967           2              0.010 
2025-05-23 10:51:08 | INFO |       43.288 ¦     1968           2              0.010 
2025-05-23 10:51:08 | INFO |       43.298 ¦     1969           2              0.010 
2025-05-23 10:51:08 | INFO |       43.308 ¦     1970           2              0.010 
2025-05-23 10:51:08 | INFO |       43.318 ¦     1971           2              0.010 
2025-05-23 10:51:08 | INFO |       43.328 ¦     1972           2              0.010 
2025-05-23 10:51:08 | INFO |       43.338 ¦     1973           2              0.010 
2025-05-23 10:51:08 | INFO |       43.348 ¦     1974           2              0.010 
2025-05-23 10:51:08 | INFO |       43.358 ¦     1975           2              0.010 
2025-05-23 10:51:08 | INFO |       43.368 ¦     1976           2              0.010 
2025-05-23 10:51:08 | INFO |       43.378 ¦     1977           2              0.010 
2025-05-23 10:51:08 | INFO |       43.388 ¦     1978           2              0.010 
2025-05-23 10:51:08 | INFO |       43.398 ¦     1979           2              0.010 
2025-05-23 10:51:08 | INFO |       43.408 ¦     1980           2              0.010 
2025-05-23 10:51:08 | INFO |       43.418 ¦     1981           2              0.010 
2025-05-23 10:51:08 | INFO |       43.428 ¦     1982           2              0.010 
2025-05-23 10:51:08 | INFO |       43.438 ¦     1983           2              0.010 
2025-05-23 10:51:08 | INFO |       43.448 ¦     1984           2              0.010 
2025-05-23 10:51:08 | INFO |       43.458 ¦     1985           2              0.010 
2025-05-23 10:51:08 | INFO |       43.468 ¦     1986           2              0.010 
2025-05-23 10:51:08 | INFO |       43.478 ¦     1987           2              0.010 
2025-05-23 10:51:08 | INFO |       43.488 ¦     1988           2              0.010 
2025-05-23 10:51:08 | INFO |       43.498 ¦     1989           2              0.010 
2025-05-23 10:51:08 | INFO |       43.508 ¦     1990           2              0.010 
2025-05-23 10:51:08 | INFO |       43.518 ¦     1991           2              0.010 
2025-05-23 10:51:08 | INFO |       43.528 ¦     1992           2              0.010 
2025-05-23 10:51:08 | INFO |       43.538 ¦     1993           2              0.010 
2025-05-23 10:51:08 | INFO |       43.548 ¦     1994           2              0.010 
2025-05-23 10:51:08 | INFO |       43.558 ¦     1995           2              0.010 
2025-05-23 10:51:08 | INFO |       43.568 ¦     1996           2              0.010 
2025-05-23 10:51:08 | INFO |       43.578 ¦     1997           2              0.010 
2025-05-23 10:51:08 | INFO |       43.588 ¦     1998           2              0.010 
2025-05-23 10:51:08 | INFO |       43.598 ¦     1999           2              0.010 
2025-05-23 10:51:08 | INFO |       43.608 ¦     2000           2              0.010 
2025-05-23 10:51:08 | INFO |       43.618 ¦     2001           2              0.010 
2025-05-23 10:51:08 | INFO |       43.628 ¦     2002           2              0.010 
2025-05-23 10:51:08 | INFO |       43.638 ¦     2003           2              0.010 
2025-05-23 10:51:08 | INFO |       43.648 ¦     2004           2              0.010 
2025-05-23 10:51:08 | INFO |       43.658 ¦     2005           2              0.010 
2025-05-23 10:51:08 | INFO |       43.668 ¦     2006           2              0.010 
2025-05-23 10:51:08 | INFO |       43.678 ¦     2007           2              0.010 
2025-05-23 10:51:08 | INFO |       43.688 ¦     2008           2              0.010 
2025-05-23 10:51:08 | INFO |       43.698 ¦     2009           2              0.010 
2025-05-23 10:51:08 | INFO |       43.708 ¦     2010           2              0.010 
2025-05-23 10:51:08 | INFO |       43.718 ¦     2011           2              0.010 
2025-05-23 10:51:08 | INFO |       43.728 ¦     2012           2              0.010 
2025-05-23 10:51:08 | INFO |       43.738 ¦     2013           2              0.010 
2025-05-23 10:51:08 | INFO |       43.748 ¦     2014           2              0.010 
2025-05-23 10:51:08 | INFO |       43.758 ¦     2015           2              0.010 
2025-05-23 10:51:08 | INFO |       43.768 ¦     2016           2              0.010 
2025-05-23 10:51:08 | INFO |       43.778 ¦     2017           2              0.010 
2025-05-23 10:51:08 | INFO |       43.788 ¦     2018           2              0.010 
2025-05-23 10:51:08 | INFO |       43.798 ¦     2019           2              0.010 
2025-05-23 10:51:08 | INFO |       43.808 ¦     2020           2              0.010 
2025-05-23 10:51:08 | INFO |       43.818 ¦     2021           2              0.010 
2025-05-23 10:51:08 | INFO |       43.828 ¦     2022           2              0.010 
2025-05-23 10:51:08 | INFO |       43.838 ¦     2023           2              0.010 
2025-05-23 10:51:08 | INFO |       43.848 ¦     2024           2              0.010 
2025-05-23 10:51:08 | INFO |       43.858 ¦     2025           2              0.010 
2025-05-23 10:51:08 | INFO |       43.868 ¦     2026           2              0.010 
2025-05-23 10:51:08 | INFO |       43.878 ¦     2027           2              0.010 
2025-05-23 10:51:08 | INFO |       43.888 ¦     2028           2              0.010 
2025-05-23 10:51:08 | INFO |       43.898 ¦     2029           2              0.010 
2025-05-23 10:51:08 | INFO |       43.908 ¦     2030           2              0.010 
2025-05-23 10:51:08 | INFO |       43.918 ¦     2031           2              0.010 
2025-05-23 10:51:08 | INFO |       43.928 ¦     2032           2              0.010 
2025-05-23 10:51:08 | INFO |       43.938 ¦     2033           2              0.010 
2025-05-23 10:51:08 | INFO |       43.948 ¦     2034           2              0.010 
2025-05-23 10:51:08 | INFO |       43.958 ¦     2035           2              0.010 
2025-05-23 10:51:08 | INFO |       43.968 ¦     2036           2              0.010 
2025-05-23 10:51:08 | INFO |       43.978 ¦     2037           2              0.010 
2025-05-23 10:51:08 | INFO |       43.988 ¦     2038           2              0.010 
2025-05-23 10:51:08 | INFO |       43.998 ¦     2039           2              0.010 
2025-05-23 10:51:08 | INFO |       44.008 ¦     2040           2              0.010 
2025-05-23 10:51:08 | INFO |       44.018 ¦     2041           2              0.010 
2025-05-23 10:51:08 | INFO |       44.028 ¦     2042           2              0.010 
2025-05-23 10:51:08 | INFO |       44.038 ¦     2043           2              0.010 
2025-05-23 10:51:08 | INFO |       44.048 ¦     2044           2              0.010 
2025-05-23 10:51:08 | INFO |       44.058 ¦     2045           2              0.010 
2025-05-23 10:51:08 | INFO |       44.068 ¦     2046           2              0.010 
2025-05-23 10:51:08 | INFO |       44.078 ¦     2047           2              0.010 
2025-05-23 10:51:08 | INFO |       44.088 ¦     2048           2              0.010 
2025-05-23 10:51:08 | INFO |       44.098 ¦     2049           2              0.010 
2025-05-23 10:51:08 | INFO |       44.108 ¦     2050           2              0.010 
2025-05-23 10:51:08 | INFO |       44.118 ¦     2051           2              0.010 
2025-05-23 10:51:08 | INFO |       44.128 ¦     2052           2              0.010 
2025-05-23 10:51:08 | INFO |       44.138 ¦     2053           2              0.010 
2025-05-23 10:51:08 | INFO |       44.148 ¦     2054           2              0.010 
2025-05-23 10:51:08 | INFO |       44.158 ¦     2055           2              0.010 
2025-05-23 10:51:08 | INFO |       44.168 ¦     2056           2              0.010 
2025-05-23 10:51:08 | INFO |       44.178 ¦     2057           2              0.010 
2025-05-23 10:51:08 | INFO |       44.188 ¦     2058           2              0.010 
2025-05-23 10:51:08 | INFO |       44.198 ¦     2059           2              0.010 
2025-05-23 10:51:08 | INFO |       44.208 ¦     2060           2              0.010 
2025-05-23 10:51:08 | INFO |       44.218 ¦     2061           2              0.010 
2025-05-23 10:51:08 | INFO |       44.228 ¦     2062           2              0.010 
2025-05-23 10:51:08 | INFO |       44.238 ¦     2063           2              0.010 
2025-05-23 10:51:08 | INFO |       44.248 ¦     2064           2              0.010 
2025-05-23 10:51:08 | INFO |       44.258 ¦     2065           2              0.010 
2025-05-23 10:51:08 | INFO |       44.268 ¦     2066           2              0.010 
2025-05-23 10:51:08 | INFO |       44.278 ¦     2067           2              0.010 
2025-05-23 10:51:08 | INFO |       44.288 ¦     2068           2              0.010 
2025-05-23 10:51:08 | INFO |       44.298 ¦     2069           2              0.010 
2025-05-23 10:51:08 | INFO |       44.308 ¦     2070           2              0.010 
2025-05-23 10:51:08 | INFO |       44.318 ¦     2071           2              0.010 
2025-05-23 10:51:08 | INFO |       44.328 ¦     2072           2              0.010 
2025-05-23 10:51:08 | INFO |       44.338 ¦     2073           2              0.010 
2025-05-23 10:51:08 | INFO |       44.348 ¦     2074           2              0.010 
2025-05-23 10:51:08 | INFO |       44.358 ¦     2075           2              0.010 
2025-05-23 10:51:08 | INFO |       44.368 ¦     2076           2              0.010 
2025-05-23 10:51:08 | INFO |       44.378 ¦     2077           2              0.010 
2025-05-23 10:51:08 | INFO |       44.388 ¦     2078           2              0.010 
2025-05-23 10:51:08 | INFO |       44.398 ¦     2079           2              0.010 
2025-05-23 10:51:08 | INFO |       44.408 ¦     2080           2              0.010 
2025-05-23 10:51:08 | INFO |       44.418 ¦     2081           2              0.010 
2025-05-23 10:51:08 | INFO |       44.428 ¦     2082           2              0.010 
2025-05-23 10:51:08 | INFO |       44.438 ¦     2083           2              0.010 
2025-05-23 10:51:08 | INFO |       44.448 ¦     2084           2              0.010 
2025-05-23 10:51:08 | INFO |       44.458 ¦     2085           2              0.010 
2025-05-23 10:51:08 | INFO |       44.468 ¦     2086           2              0.010 
2025-05-23 10:51:08 | INFO |       44.478 ¦     2087           2              0.010 
2025-05-23 10:51:08 | INFO |       44.488 ¦     2088           2              0.010 
2025-05-23 10:51:08 | INFO |       44.498 ¦     2089           2              0.010 
2025-05-23 10:51:08 | INFO |       44.508 ¦     2090           2              0.010 
2025-05-23 10:51:08 | INFO |       44.518 ¦     2091           2              0.010 
2025-05-23 10:51:08 | INFO |       44.528 ¦     2092           2              0.010 
2025-05-23 10:51:08 | INFO |       44.538 ¦     2093           2              0.010 
2025-05-23 10:51:08 | INFO |       44.548 ¦     2094           2              0.010 
2025-05-23 10:51:08 | INFO |       44.558 ¦     2095           2              0.010 
2025-05-23 10:51:08 | INFO |       44.568 ¦     2096           2              0.010 
2025-05-23 10:51:08 | INFO |       44.578 ¦     2097           2              0.010 
2025-05-23 10:51:08 | INFO |       44.588 ¦     2098           2              0.010 
2025-05-23 10:51:08 | INFO |       44.598 ¦     2099           2              0.010 
2025-05-23 10:51:08 | INFO |       44.608 ¦     2100           2              0.010 
2025-05-23 10:51:08 | INFO |       44.618 ¦     2101           2              0.010 
2025-05-23 10:51:08 | INFO |       44.628 ¦     2102           2              0.010 
2025-05-23 10:51:08 | INFO |       44.638 ¦     2103           2              0.010 
2025-05-23 10:51:08 | INFO |       44.648 ¦     2104           2              0.010 
2025-05-23 10:51:08 | INFO |       44.658 ¦     2105           2              0.010 
2025-05-23 10:51:08 | INFO |       44.668 ¦     2106           2              0.010 
2025-05-23 10:51:08 | INFO |       44.678 ¦     2107           2              0.010 
2025-05-23 10:51:08 | INFO |       44.688 ¦     2108           2              0.010 
2025-05-23 10:51:08 | INFO |       44.698 ¦     2109           2              0.010 
2025-05-23 10:51:08 | INFO |       44.708 ¦     2110           2              0.010 
2025-05-23 10:51:08 | INFO |       44.718 ¦     2111           2              0.010 
2025-05-23 10:51:08 | INFO |       44.728 ¦     2112           2              0.010 
2025-05-23 10:51:08 | INFO |       44.738 ¦     2113           2              0.010 
2025-05-23 10:51:08 | INFO |       44.748 ¦     2114           2              0.010 
2025-05-23 10:51:08 | INFO |       44.758 ¦     2115           2              0.010 
2025-05-23 10:51:08 | INFO |       44.768 ¦     2116           2              0.010 
2025-05-23 10:51:08 | INFO |       44.778 ¦     2117           2              0.010 
2025-05-23 10:51:08 | INFO |       44.788 ¦     2118           2              0.010 
2025-05-23 10:51:08 | INFO |       44.798 ¦     2119           2              0.010 
2025-05-23 10:51:08 | INFO |       44.808 ¦     2120           2              0.010 
2025-05-23 10:51:08 | INFO |       44.818 ¦     2121           2              0.010 
2025-05-23 10:51:08 | INFO |       44.828 ¦     2122           2              0.010 
2025-05-23 10:51:08 | INFO |       44.838 ¦     2123           2              0.010 
2025-05-23 10:51:08 | INFO |       44.848 ¦     2124           2              0.010 
2025-05-23 10:51:08 | INFO |       44.858 ¦     2125           2              0.010 
2025-05-23 10:51:08 | INFO |       44.868 ¦     2126           2              0.010 
2025-05-23 10:51:08 | INFO |       44.878 ¦     2127           2              0.010 
2025-05-23 10:51:08 | INFO |       44.888 ¦     2128           2              0.010 
2025-05-23 10:51:08 | INFO |       44.898 ¦     2129           2              0.010 
2025-05-23 10:51:08 | INFO |       44.908 ¦     2130           2              0.010 
2025-05-23 10:51:08 | INFO |       44.918 ¦     2131           2              0.010 
2025-05-23 10:51:08 | INFO |       44.928 ¦     2132           2              0.010 
2025-05-23 10:51:08 | INFO |       44.938 ¦     2133           2              0.010 
2025-05-23 10:51:08 | INFO |       44.948 ¦     2134           2              0.010 
2025-05-23 10:51:08 | INFO |       44.958 ¦     2135           2              0.010 
2025-05-23 10:51:08 | INFO |       44.968 ¦     2136           2              0.010 
2025-05-23 10:51:08 | INFO |       44.978 ¦     2137           2              0.010 
2025-05-23 10:51:08 | INFO |       44.988 ¦     2138           2              0.010 
2025-05-23 10:51:08 | INFO |       44.998 ¦     2139           2              0.010 
2025-05-23 10:51:08 | INFO |       45.008 ¦     2140           2              0.010 
2025-05-23 10:51:08 | INFO |       45.018 ¦     2141           2              0.010 
2025-05-23 10:51:08 | INFO |       45.028 ¦     2142           2              0.010 
2025-05-23 10:51:08 | INFO |       45.038 ¦     2143           2              0.010 
2025-05-23 10:51:08 | INFO |       45.048 ¦     2144           2              0.010 
2025-05-23 10:51:08 | INFO |       45.058 ¦     2145           2              0.010 
2025-05-23 10:51:08 | INFO |       45.068 ¦     2146           2              0.010 
2025-05-23 10:51:08 | INFO |       45.078 ¦     2147           2              0.010 
2025-05-23 10:51:08 | INFO |       45.088 ¦     2148           2              0.010 
2025-05-23 10:51:08 | INFO |       45.098 ¦     2149           2              0.010 
2025-05-23 10:51:08 | INFO |       45.108 ¦     2150           2              0.010 
2025-05-23 10:51:08 | INFO |       45.118 ¦     2151           2              0.010 
2025-05-23 10:51:08 | INFO |       45.128 ¦     2152           2              0.010 
2025-05-23 10:51:08 | INFO |       45.138 ¦     2153           2              0.010 
2025-05-23 10:51:08 | INFO |       45.148 ¦     2154           2              0.010 
2025-05-23 10:51:08 | INFO |       45.158 ¦     2155           2              0.010 
2025-05-23 10:51:08 | INFO |       45.168 ¦     2156           2              0.010 
2025-05-23 10:51:08 | INFO |       45.178 ¦     2157           2              0.010 
2025-05-23 10:51:08 | INFO |       45.188 ¦     2158           2              0.010 
2025-05-23 10:51:08 | INFO |       45.198 ¦     2159           2              0.010 
2025-05-23 10:51:08 | INFO |       45.208 ¦     2160           2              0.010 
2025-05-23 10:51:08 | INFO |       45.218 ¦     2161           2              0.010 
2025-05-23 10:51:08 | INFO |       45.228 ¦     2162           2              0.010 
2025-05-23 10:51:08 | INFO |       45.238 ¦     2163           2              0.010 
2025-05-23 10:51:08 | INFO |       45.248 ¦     2164           2              0.010 
2025-05-23 10:51:08 | INFO |       45.258 ¦     2165           2              0.010 
2025-05-23 10:51:08 | INFO |       45.268 ¦     2166           2              0.010 
2025-05-23 10:51:08 | INFO |       45.278 ¦     2167           2              0.010 
2025-05-23 10:51:08 | INFO |       45.288 ¦     2168           2              0.010 
2025-05-23 10:51:08 | INFO |       45.298 ¦     2169           2              0.010 
2025-05-23 10:51:08 | INFO |       45.308 ¦     2170           2              0.010 
2025-05-23 10:51:08 | INFO |       45.318 ¦     2171           2              0.010 
2025-05-23 10:51:08 | INFO |       45.328 ¦     2172           2              0.010 
2025-05-23 10:51:08 | INFO |       45.338 ¦     2173           2              0.010 
2025-05-23 10:51:08 | INFO |       45.348 ¦     2174           2              0.010 
2025-05-23 10:51:08 | INFO |       45.358 ¦     2175           2              0.010 
2025-05-23 10:51:08 | INFO |       45.368 ¦     2176           2              0.010 
2025-05-23 10:51:08 | INFO |       45.378 ¦     2177           2              0.010 
2025-05-23 10:51:08 | INFO |       45.388 ¦     2178           2              0.010 
2025-05-23 10:51:08 | INFO |       45.398 ¦     2179           2              0.010 
2025-05-23 10:51:08 | INFO |       45.408 ¦     2180           2              0.010 
2025-05-23 10:51:08 | INFO |       45.418 ¦     2181           2              0.010 
2025-05-23 10:51:08 | INFO |       45.428 ¦     2182           2              0.010 
2025-05-23 10:51:08 | INFO |       45.438 ¦     2183           2              0.010 
2025-05-23 10:51:08 | INFO |       45.448 ¦     2184           2              0.010 
2025-05-23 10:51:08 | INFO |       45.458 ¦     2185           2              0.010 
2025-05-23 10:51:08 | INFO |       45.468 ¦     2186           2              0.010 
2025-05-23 10:51:08 | INFO |       45.478 ¦     2187           2              0.010 
2025-05-23 10:51:08 | INFO |       45.488 ¦     2188           2              0.010 
2025-05-23 10:51:08 | INFO |       45.498 ¦     2189           2              0.010 
2025-05-23 10:51:08 | INFO |       45.508 ¦     2190           2              0.010 
2025-05-23 10:51:08 | INFO |       45.518 ¦     2191           2              0.010 
2025-05-23 10:51:08 | INFO |       45.528 ¦     2192           2              0.010 
2025-05-23 10:51:08 | INFO |       45.538 ¦     2193           2              0.010 
2025-05-23 10:51:08 | INFO |       45.548 ¦     2194           2              0.010 
2025-05-23 10:51:08 | INFO |       45.558 ¦     2195           2              0.010 
2025-05-23 10:51:08 | INFO |       45.568 ¦     2196           2              0.010 
2025-05-23 10:51:08 | INFO |       45.578 ¦     2197           2              0.010 
2025-05-23 10:51:08 | INFO |       45.588 ¦     2198           2              0.010 
2025-05-23 10:51:08 | INFO |       45.598 ¦     2199           2              0.010 
2025-05-23 10:51:08 | INFO |       45.608 ¦     2200           2              0.010 
2025-05-23 10:51:08 | INFO |       45.618 ¦     2201           2              0.010 
2025-05-23 10:51:08 | INFO |       45.628 ¦     2202           2              0.010 
2025-05-23 10:51:08 | INFO |       45.638 ¦     2203           2              0.010 
2025-05-23 10:51:08 | INFO |       45.648 ¦     2204           2              0.010 
2025-05-23 10:51:08 | INFO |       45.658 ¦     2205           2              0.010 
2025-05-23 10:51:08 | INFO |       45.668 ¦     2206           2              0.010 
2025-05-23 10:51:08 | INFO |       45.678 ¦     2207           2              0.010 
2025-05-23 10:51:08 | INFO |       45.688 ¦     2208           2              0.010 
2025-05-23 10:51:08 | INFO |       45.698 ¦     2209           2              0.010 
2025-05-23 10:51:08 | INFO |       45.708 ¦     2210           2              0.010 
2025-05-23 10:51:08 | INFO |       45.718 ¦     2211           2              0.010 
2025-05-23 10:51:08 | INFO |       45.728 ¦     2212           2              0.010 
2025-05-23 10:51:08 | INFO |       45.738 ¦     2213           2              0.010 
2025-05-23 10:51:08 | INFO |       45.748 ¦     2214           2              0.010 
2025-05-23 10:51:08 | INFO |       45.758 ¦     2215           2              0.010 
2025-05-23 10:51:08 | INFO |       45.768 ¦     2216           2              0.010 
2025-05-23 10:51:08 | INFO |       45.778 ¦     2217           2              0.010 
2025-05-23 10:51:08 | INFO |       45.788 ¦     2218           2              0.010 
2025-05-23 10:51:08 | INFO |       45.798 ¦     2219           2              0.010 
2025-05-23 10:51:08 | INFO |       45.808 ¦     2220           2              0.010 
2025-05-23 10:51:08 | INFO |       45.818 ¦     2221           2              0.010 
2025-05-23 10:51:08 | INFO |       45.828 ¦     2222           2              0.010 
2025-05-23 10:51:08 | INFO |       45.838 ¦     2223           2              0.010 
2025-05-23 10:51:08 | INFO |       45.848 ¦     2224           2              0.010 
2025-05-23 10:51:08 | INFO |       45.858 ¦     2225           2              0.010 
2025-05-23 10:51:08 | INFO |       45.868 ¦     2226           2              0.010 
2025-05-23 10:51:08 | INFO |       45.878 ¦     2227           2              0.010 
2025-05-23 10:51:08 | INFO |       45.888 ¦     2228           2              0.010 
2025-05-23 10:51:08 | INFO |       45.898 ¦     2229           2              0.010 
2025-05-23 10:51:08 | INFO |       45.908 ¦     2230           2              0.010 
2025-05-23 10:51:08 | INFO |       45.918 ¦     2231           2              0.010 
2025-05-23 10:51:08 | INFO |       45.928 ¦     2232           2              0.010 
2025-05-23 10:51:08 | INFO |       45.938 ¦     2233           2              0.010 
2025-05-23 10:51:08 | INFO |       45.948 ¦     2234           2              0.010 
2025-05-23 10:51:08 | INFO |       45.958 ¦     2235           2              0.010 
2025-05-23 10:51:08 | INFO |       45.968 ¦     2236           2              0.010 
2025-05-23 10:51:08 | INFO |       45.978 ¦     2237           2              0.010 
2025-05-23 10:51:08 | INFO |       45.988 ¦     2238           2              0.010 
2025-05-23 10:51:08 | INFO |       45.998 ¦     2239           2              0.010 
2025-05-23 10:51:08 | INFO |       46.008 ¦     2240           2              0.010 
2025-05-23 10:51:08 | INFO |       46.018 ¦     2241           2              0.010 
2025-05-23 10:51:08 | INFO |       46.028 ¦     2242           2              0.010 
2025-05-23 10:51:08 | INFO |       46.038 ¦     2243           2              0.010 
2025-05-23 10:51:08 | INFO |       46.048 ¦     2244           2              0.010 
2025-05-23 10:51:08 | INFO |       46.058 ¦     2245           2              0.010 
2025-05-23 10:51:08 | INFO |       46.068 ¦     2246           2              0.010 
2025-05-23 10:51:08 | INFO |       46.078 ¦     2247           2              0.010 
2025-05-23 10:51:08 | INFO |       46.088 ¦     2248           2              0.010 
2025-05-23 10:51:08 | INFO |       46.098 ¦     2249           2              0.010 
2025-05-23 10:51:08 | INFO |       46.108 ¦     2250           2              0.010 
2025-05-23 10:51:08 | INFO |       46.118 ¦     2251           2              0.010 
2025-05-23 10:51:08 | INFO |       46.128 ¦     2252           2              0.010 
2025-05-23 10:51:08 | INFO |       46.138 ¦     2253           2              0.010 
2025-05-23 10:51:08 | INFO |       46.148 ¦     2254           2              0.010 
2025-05-23 10:51:08 | INFO |       46.158 ¦     2255           2              0.010 
2025-05-23 10:51:08 | INFO |       46.168 ¦     2256           2              0.010 
2025-05-23 10:51:08 | INFO |       46.178 ¦     2257           2              0.010 
2025-05-23 10:51:08 | INFO |       46.188 ¦     2258           2              0.010 
2025-05-23 10:51:08 | INFO |       46.198 ¦     2259           2              0.010 
2025-05-23 10:51:08 | INFO |       46.208 ¦     2260           2              0.010 
2025-05-23 10:51:08 | INFO |       46.218 ¦     2261           2              0.010 
2025-05-23 10:51:08 | INFO |       46.228 ¦     2262           2              0.010 
2025-05-23 10:51:08 | INFO |       46.238 ¦     2263           2              0.010 
2025-05-23 10:51:08 | INFO |       46.248 ¦     2264           2              0.010 
2025-05-23 10:51:08 | INFO |       46.258 ¦     2265           2              0.010 
2025-05-23 10:51:08 | INFO |       46.268 ¦     2266           2              0.010 
2025-05-23 10:51:08 | INFO |       46.278 ¦     2267           2              0.010 
2025-05-23 10:51:08 | INFO |       46.288 ¦     2268           2              0.010 
2025-05-23 10:51:08 | INFO |       46.298 ¦     2269           2              0.010 
2025-05-23 10:51:08 | INFO |       46.308 ¦     2270           2              0.010 
2025-05-23 10:51:08 | INFO |       46.318 ¦     2271           2              0.010 
2025-05-23 10:51:08 | INFO |       46.328 ¦     2272           2              0.010 
2025-05-23 10:51:08 | INFO |       46.338 ¦     2273           2              0.010 
2025-05-23 10:51:08 | INFO |       46.348 ¦     2274           2              0.010 
2025-05-23 10:51:08 | INFO |       46.358 ¦     2275           2              0.010 
2025-05-23 10:51:08 | INFO |       46.368 ¦     2276           2              0.010 
2025-05-23 10:51:08 | INFO |       46.378 ¦     2277           2              0.010 
2025-05-23 10:51:08 | INFO |       46.388 ¦     2278           2              0.010 
2025-05-23 10:51:08 | INFO |       46.398 ¦     2279           2              0.010 
2025-05-23 10:51:08 | INFO |       46.408 ¦     2280           2              0.010 
2025-05-23 10:51:08 | INFO |       46.418 ¦     2281           2              0.010 
2025-05-23 10:51:08 | INFO |       46.428 ¦     2282           2              0.010 
2025-05-23 10:51:08 | INFO |       46.438 ¦     2283           2              0.010 
2025-05-23 10:51:08 | INFO |       46.448 ¦     2284           2              0.010 
2025-05-23 10:51:08 | INFO |       46.458 ¦     2285           2              0.010 
2025-05-23 10:51:08 | INFO |       46.468 ¦     2286           2              0.010 
2025-05-23 10:51:08 | INFO |       46.478 ¦     2287           2              0.010 
2025-05-23 10:51:08 | INFO |       46.488 ¦     2288           2              0.010 
2025-05-23 10:51:08 | INFO |       46.498 ¦     2289           2              0.010 
2025-05-23 10:51:08 | INFO |       46.508 ¦     2290           2              0.010 
2025-05-23 10:51:08 | INFO |       46.518 ¦     2291           2              0.010 
2025-05-23 10:51:08 | INFO |       46.528 ¦     2292           2              0.010 
2025-05-23 10:51:08 | INFO |       46.538 ¦     2293           2              0.010 
2025-05-23 10:51:08 | INFO |       46.548 ¦     2294           2              0.010 
2025-05-23 10:51:08 | INFO |       46.558 ¦     2295           2              0.010 
2025-05-23 10:51:08 | INFO |       46.568 ¦     2296           2              0.010 
2025-05-23 10:51:08 | INFO |       46.578 ¦     2297           2              0.010 
2025-05-23 10:51:08 | INFO |       46.588 ¦     2298           2              0.010 
2025-05-23 10:51:08 | INFO |       46.598 ¦     2299           2              0.010 
2025-05-23 10:51:08 | INFO |       46.608 ¦     2300           2              0.010 
2025-05-23 10:51:08 | INFO |       46.618 ¦     2301           2              0.010 
2025-05-23 10:51:08 | INFO |       46.628 ¦     2302           2              0.010 
2025-05-23 10:51:08 | INFO |       46.638 ¦     2303           2              0.010 
2025-05-23 10:51:08 | INFO |       46.648 ¦     2304           2              0.010 
2025-05-23 10:51:08 | INFO |       46.658 ¦     2305           2              0.010 
2025-05-23 10:51:08 | INFO |       46.668 ¦     2306           2              0.010 
2025-05-23 10:51:08 | INFO |       46.678 ¦     2307           2              0.010 
2025-05-23 10:51:08 | INFO |       46.688 ¦     2308           2              0.010 
2025-05-23 10:51:08 | INFO |       46.698 ¦     2309           2              0.010 
2025-05-23 10:51:08 | INFO |       46.708 ¦     2310           2              0.010 
2025-05-23 10:51:08 | INFO |       46.718 ¦     2311           2              0.010 
2025-05-23 10:51:08 | INFO |       46.728 ¦     2312           2              0.010 
2025-05-23 10:51:08 | INFO |       46.738 ¦     2313           2              0.010 
2025-05-23 10:51:08 | INFO |       46.748 ¦     2314           2              0.010 
2025-05-23 10:51:08 | INFO |       46.758 ¦     2315           2              0.010 
2025-05-23 10:51:08 | INFO |       46.768 ¦     2316           2              0.010 
2025-05-23 10:51:08 | INFO |       46.778 ¦     2317           2              0.010 
2025-05-23 10:51:08 | INFO |       46.788 ¦     2318           2              0.010 
2025-05-23 10:51:08 | INFO |       46.798 ¦     2319           2              0.010 
2025-05-23 10:51:08 | INFO |       46.808 ¦     2320           2              0.010 
2025-05-23 10:51:08 | INFO |       46.818 ¦     2321           2              0.010 
2025-05-23 10:51:08 | INFO |       46.828 ¦     2322           2              0.010 
2025-05-23 10:51:08 | INFO |       46.838 ¦     2323           2              0.010 
2025-05-23 10:51:08 | INFO |       46.848 ¦     2324           2              0.010 
2025-05-23 10:51:08 | INFO |       46.858 ¦     2325           2              0.010 
2025-05-23 10:51:08 | INFO |       46.868 ¦     2326           2              0.010 
2025-05-23 10:51:08 | INFO |       46.878 ¦     2327           2              0.010 
2025-05-23 10:51:08 | INFO |       46.888 ¦     2328           2              0.010 
2025-05-23 10:51:08 | INFO |       46.898 ¦     2329           2              0.010 
2025-05-23 10:51:08 | INFO |       46.908 ¦     2330           2              0.010 
2025-05-23 10:51:08 | INFO |       46.918 ¦     2331           2              0.010 
2025-05-23 10:51:08 | INFO |       46.928 ¦     2332           2              0.010 
2025-05-23 10:51:08 | INFO |       46.938 ¦     2333           2              0.010 
2025-05-23 10:51:08 | INFO |       46.948 ¦     2334           2              0.010 
2025-05-23 10:51:08 | INFO |       46.958 ¦     2335           2              0.010 
2025-05-23 10:51:08 | INFO |       46.968 ¦     2336           2              0.010 
2025-05-23 10:51:08 | INFO |       46.978 ¦     2337           2              0.010 
2025-05-23 10:51:08 | INFO |       46.988 ¦     2338           2              0.010 
2025-05-23 10:51:08 | INFO |       46.998 ¦     2339           2              0.010 
2025-05-23 10:51:08 | INFO |       47.008 ¦     2340           2              0.010 
2025-05-23 10:51:08 | INFO |       47.018 ¦     2341           2              0.010 
2025-05-23 10:51:08 | INFO |       47.028 ¦     2342           2              0.010 
2025-05-23 10:51:08 | INFO |       47.038 ¦     2343           2              0.010 
2025-05-23 10:51:08 | INFO |       47.048 ¦     2344           2              0.010 
2025-05-23 10:51:08 | INFO |       47.058 ¦     2345           2              0.010 
2025-05-23 10:51:08 | INFO |       47.068 ¦     2346           2              0.010 
2025-05-23 10:51:08 | INFO |       47.078 ¦     2347           2              0.010 
2025-05-23 10:51:08 | INFO |       47.088 ¦     2348           2              0.010 
2025-05-23 10:51:08 | INFO |       47.098 ¦     2349           2              0.010 
2025-05-23 10:51:08 | INFO |       47.108 ¦     2350           2              0.010 
2025-05-23 10:51:08 | INFO |       47.118 ¦     2351           2              0.010 
2025-05-23 10:51:08 | INFO |       47.128 ¦     2352           2              0.010 
2025-05-23 10:51:08 | INFO |       47.138 ¦     2353           2              0.010 
2025-05-23 10:51:08 | INFO |       47.148 ¦     2354           2              0.010 
2025-05-23 10:51:08 | INFO |       47.158 ¦     2355           2              0.010 
2025-05-23 10:51:08 | INFO |       47.168 ¦     2356           2              0.010 
2025-05-23 10:51:08 | INFO |       47.178 ¦     2357           2              0.010 
2025-05-23 10:51:08 | INFO |       47.188 ¦     2358           2              0.010 
2025-05-23 10:51:08 | INFO |       47.198 ¦     2359           2              0.010 
2025-05-23 10:51:08 | INFO |       47.208 ¦     2360           2              0.010 
2025-05-23 10:51:08 | INFO |       47.218 ¦     2361           2              0.010 
2025-05-23 10:51:08 | INFO |       47.228 ¦     2362           2              0.010 
2025-05-23 10:51:08 | INFO |       47.238 ¦     2363           2              0.010 
2025-05-23 10:51:08 | INFO |       47.248 ¦     2364           2              0.010 
2025-05-23 10:51:08 | INFO |       47.258 ¦     2365           2              0.010 
2025-05-23 10:51:08 | INFO |       47.268 ¦     2366           2              0.010 
2025-05-23 10:51:08 | INFO |       47.278 ¦     2367           2              0.010 
2025-05-23 10:51:08 | INFO |       47.288 ¦     2368           2              0.010 
2025-05-23 10:51:08 | INFO |       47.298 ¦     2369           2              0.010 
2025-05-23 10:51:08 | INFO |       47.308 ¦     2370           2              0.010 
2025-05-23 10:51:08 | INFO |       47.318 ¦     2371           2              0.010 
2025-05-23 10:51:08 | INFO |       47.328 ¦     2372           2              0.010 
2025-05-23 10:51:08 | INFO |       47.338 ¦     2373           2              0.010 
2025-05-23 10:51:08 | INFO |       47.348 ¦     2374           2              0.010 
2025-05-23 10:51:08 | INFO |       47.358 ¦     2375           2              0.010 
2025-05-23 10:51:08 | INFO |       47.368 ¦     2376           2              0.010 
2025-05-23 10:51:08 | INFO |       47.378 ¦     2377           2              0.010 
2025-05-23 10:51:08 | INFO |       47.388 ¦     2378           2              0.010 
2025-05-23 10:51:08 | INFO |       47.398 ¦     2379           2              0.010 
2025-05-23 10:51:08 | INFO |       47.408 ¦     2380           2              0.010 
2025-05-23 10:51:08 | INFO |       47.418 ¦     2381           2              0.010 
2025-05-23 10:51:08 | INFO |       47.428 ¦     2382           2              0.010 
2025-05-23 10:51:08 | INFO |       47.438 ¦     2383           2              0.010 
2025-05-23 10:51:08 | INFO |       47.448 ¦     2384           2              0.010 
2025-05-23 10:51:08 | INFO |       47.458 ¦     2385           2              0.010 
2025-05-23 10:51:08 | INFO |       47.468 ¦     2386           2              0.010 
2025-05-23 10:51:08 | INFO |       47.478 ¦     2387           2              0.010 
2025-05-23 10:51:08 | INFO |       47.488 ¦     2388           2              0.010 
2025-05-23 10:51:08 | INFO |       47.498 ¦     2389           2              0.010 
2025-05-23 10:51:08 | INFO |       47.508 ¦     2390           2              0.010 
2025-05-23 10:51:08 | INFO |       47.518 ¦     2391           2              0.010 
2025-05-23 10:51:08 | INFO |       47.528 ¦     2392           2              0.010 
2025-05-23 10:51:08 | INFO |       47.538 ¦     2393           2              0.010 
2025-05-23 10:51:08 | INFO |       47.548 ¦     2394           2              0.010 
2025-05-23 10:51:08 | INFO |       47.558 ¦     2395           2              0.010 
2025-05-23 10:51:08 | INFO |       47.568 ¦     2396           2              0.010 
2025-05-23 10:51:08 | INFO |       47.578 ¦     2397           2              0.010 
2025-05-23 10:51:08 | INFO |       47.588 ¦     2398           2              0.010 
2025-05-23 10:51:08 | INFO |       47.598 ¦     2399           2              0.010 
2025-05-23 10:51:08 | INFO |       47.608 ¦     2400           2              0.010 
2025-05-23 10:51:08 | INFO |       47.618 ¦     2401           2              0.010 
2025-05-23 10:51:08 | INFO |       47.628 ¦     2402           2              0.010 
2025-05-23 10:51:08 | INFO |       47.638 ¦     2403           2              0.010 
2025-05-23 10:51:08 | INFO |       47.648 ¦     2404           2              0.010 
2025-05-23 10:51:08 | INFO |       47.658 ¦     2405           2              0.010 
2025-05-23 10:51:08 | INFO |       47.668 ¦     2406           2              0.010 
2025-05-23 10:51:08 | INFO |       47.678 ¦     2407           2              0.010 
2025-05-23 10:51:08 | INFO |       47.688 ¦     2408           2              0.010 
2025-05-23 10:51:08 | INFO |       47.698 ¦     2409           2              0.010 
2025-05-23 10:51:08 | INFO |       47.708 ¦     2410           2              0.010 
2025-05-23 10:51:08 | INFO |       47.718 ¦     2411           2              0.010 
2025-05-23 10:51:08 | INFO |       47.728 ¦     2412           2              0.010 
2025-05-23 10:51:08 | INFO |       47.738 ¦     2413           2              0.010 
2025-05-23 10:51:08 | INFO |       47.748 ¦     2414           2              0.010 
2025-05-23 10:51:08 | INFO |       47.758 ¦     2415           2              0.010 
2025-05-23 10:51:08 | INFO |       47.768 ¦     2416           2              0.010 
2025-05-23 10:51:08 | INFO |       47.778 ¦     2417           2              0.010 
2025-05-23 10:51:08 | INFO |       47.788 ¦     2418           2              0.010 
2025-05-23 10:51:08 | INFO |       47.798 ¦     2419           2              0.010 
2025-05-23 10:51:08 | INFO |       47.808 ¦     2420           2              0.010 
2025-05-23 10:51:08 | INFO |       47.818 ¦     2421           2              0.010 
2025-05-23 10:51:08 | INFO |       47.828 ¦     2422           2              0.010 
2025-05-23 10:51:08 | INFO |       47.838 ¦     2423           2              0.010 
2025-05-23 10:51:08 | INFO |       47.848 ¦     2424           2              0.010 
2025-05-23 10:51:08 | INFO |       47.858 ¦     2425           2              0.010 
2025-05-23 10:51:08 | INFO |       47.868 ¦     2426           2              0.010 
2025-05-23 10:51:08 | INFO |       47.878 ¦     2427           2              0.010 
2025-05-23 10:51:08 | INFO |       47.888 ¦     2428           2              0.010 
2025-05-23 10:51:08 | INFO |       47.898 ¦     2429           2              0.010 
2025-05-23 10:51:08 | INFO |       47.908 ¦     2430           2              0.010 
2025-05-23 10:51:08 | INFO |       47.918 ¦     2431           2              0.010 
2025-05-23 10:51:08 | INFO |       47.928 ¦     2432           2              0.010 
2025-05-23 10:51:08 | INFO |       47.938 ¦     2433           2              0.010 
2025-05-23 10:51:08 | INFO |       47.948 ¦     2434           2              0.010 
2025-05-23 10:51:08 | INFO |       47.958 ¦     2435           2              0.010 
2025-05-23 10:51:08 | INFO |       47.968 ¦     2436           2              0.010 
2025-05-23 10:51:08 | INFO |       47.978 ¦     2437           2              0.010 
2025-05-23 10:51:08 | INFO |       47.988 ¦     2438           2              0.010 
2025-05-23 10:51:08 | INFO |       47.998 ¦     2439           2              0.010 
2025-05-23 10:51:08 | INFO |       48.008 ¦     2440           2              0.010 
2025-05-23 10:51:08 | INFO |       48.018 ¦     2441           2              0.010 
2025-05-23 10:51:08 | INFO |       48.028 ¦     2442           2              0.010 
2025-05-23 10:51:08 | INFO |       48.038 ¦     2443           2              0.010 
2025-05-23 10:51:08 | INFO |       48.048 ¦     2444           2              0.010 
2025-05-23 10:51:08 | INFO |       48.058 ¦     2445           2              0.010 
2025-05-23 10:51:08 | INFO |       48.068 ¦     2446           2              0.010 
2025-05-23 10:51:08 | INFO |       48.078 ¦     2447           2              0.010 
2025-05-23 10:51:08 | INFO |       48.088 ¦     2448           2              0.010 
2025-05-23 10:51:08 | INFO |       48.098 ¦     2449           2              0.010 
2025-05-23 10:51:08 | INFO |       48.108 ¦     2450           2              0.010 
2025-05-23 10:51:08 | INFO |       48.118 ¦     2451           2              0.010 
2025-05-23 10:51:08 | INFO |       48.128 ¦     2452           2              0.010 
2025-05-23 10:51:08 | INFO |       48.138 ¦     2453           2              0.010 
2025-05-23 10:51:08 | INFO |       48.148 ¦     2454           2              0.010 
2025-05-23 10:51:08 | INFO |       48.158 ¦     2455           2              0.010 
2025-05-23 10:51:08 | INFO |       48.168 ¦     2456           2              0.010 
2025-05-23 10:51:08 | INFO |       48.178 ¦     2457           2              0.010 
2025-05-23 10:51:08 | INFO |       48.188 ¦     2458           2              0.010 
2025-05-23 10:51:08 | INFO |       48.198 ¦     2459           2              0.010 
2025-05-23 10:51:08 | INFO |       48.208 ¦     2460           2              0.010 
2025-05-23 10:51:08 | INFO |       48.218 ¦     2461           2              0.010 
2025-05-23 10:51:08 | INFO |       48.228 ¦     2462           2              0.010 
2025-05-23 10:51:08 | INFO |       48.238 ¦     2463           2              0.010 
2025-05-23 10:51:08 | INFO |       48.248 ¦     2464           2              0.010 
2025-05-23 10:51:08 | INFO |       48.258 ¦     2465           2              0.010 
2025-05-23 10:51:08 | INFO |       48.268 ¦     2466           2              0.010 
2025-05-23 10:51:08 | INFO |       48.278 ¦     2467           2              0.010 
2025-05-23 10:51:08 | INFO |       48.288 ¦     2468           2              0.010 
2025-05-23 10:51:08 | INFO |       48.298 ¦     2469           2              0.010 
2025-05-23 10:51:08 | INFO |       48.308 ¦     2470           2              0.010 
2025-05-23 10:51:08 | INFO |       48.318 ¦     2471           2              0.010 
2025-05-23 10:51:08 | INFO |       48.328 ¦     2472           2              0.010 
2025-05-23 10:51:08 | INFO |       48.338 ¦     2473           2              0.010 
2025-05-23 10:51:08 | INFO |       48.348 ¦     2474           2              0.010 
2025-05-23 10:51:08 | INFO |       48.358 ¦     2475           2              0.010 
2025-05-23 10:51:08 | INFO |       48.368 ¦     2476           2              0.010 
2025-05-23 10:51:08 | INFO |       48.378 ¦     2477           2              0.010 
2025-05-23 10:51:08 | INFO |       48.388 ¦     2478           2              0.010 
2025-05-23 10:51:08 | INFO |       48.398 ¦     2479           2              0.010 
2025-05-23 10:51:08 | INFO |       48.408 ¦     2480           2              0.010 
2025-05-23 10:51:08 | INFO |       48.418 ¦     2481           2              0.010 
2025-05-23 10:51:08 | INFO |       48.428 ¦     2482           2              0.010 
2025-05-23 10:51:08 | INFO |       48.438 ¦     2483           2              0.010 
2025-05-23 10:51:08 | INFO |       48.448 ¦     2484           2              0.010 
2025-05-23 10:51:08 | INFO |       48.458 ¦     2485           2              0.010 
2025-05-23 10:51:08 | INFO |       48.468 ¦     2486           2              0.010 
2025-05-23 10:51:08 | INFO |       48.478 ¦     2487           2              0.010 
2025-05-23 10:51:08 | INFO |       48.488 ¦     2488           2              0.010 
2025-05-23 10:51:08 | INFO |       48.498 ¦     2489           2              0.010 
2025-05-23 10:51:08 | INFO |       48.508 ¦     2490           2              0.010 
2025-05-23 10:51:08 | INFO |       48.518 ¦     2491           2              0.010 
2025-05-23 10:51:08 | INFO |       48.528 ¦     2492           2              0.010 
2025-05-23 10:51:08 | INFO |       48.538 ¦     2493           2              0.010 
2025-05-23 10:51:08 | INFO |       48.548 ¦     2494           2              0.010 
2025-05-23 10:51:08 | INFO |       48.558 ¦     2495           2              0.010 
2025-05-23 10:51:08 | INFO |       48.568 ¦     2496           2              0.010 
2025-05-23 10:51:08 | INFO |       48.578 ¦     2497           2              0.010 
2025-05-23 10:51:08 | INFO |       48.588 ¦     2498           2              0.010 
2025-05-23 10:51:08 | INFO |       48.598 ¦     2499           2              0.010 
2025-05-23 10:51:08 | INFO |       48.608 ¦     2500           2              0.010 
2025-05-23 10:51:08 | INFO |       48.618 ¦     2501           2              0.010 
2025-05-23 10:51:08 | INFO |       48.628 ¦     2502           2              0.010 
2025-05-23 10:51:08 | INFO |       48.638 ¦     2503           2              0.010 
2025-05-23 10:51:08 | INFO |       48.648 ¦     2504           2              0.010 
2025-05-23 10:51:08 | INFO |       48.658 ¦     2505           2              0.010 
2025-05-23 10:51:08 | INFO |       48.668 ¦     2506           2              0.010 
2025-05-23 10:51:08 | INFO |       48.678 ¦     2507           2              0.010 
2025-05-23 10:51:08 | INFO |       48.688 ¦     2508           2              0.010 
2025-05-23 10:51:08 | INFO |       48.698 ¦     2509           2              0.010 
2025-05-23 10:51:08 | INFO |       48.708 ¦     2510           2              0.010 
2025-05-23 10:51:08 | INFO |       48.718 ¦     2511           2              0.010 
2025-05-23 10:51:08 | INFO |       48.728 ¦     2512           2              0.010 
2025-05-23 10:51:08 | INFO |       48.738 ¦     2513           2              0.010 
2025-05-23 10:51:08 | INFO |       48.748 ¦     2514           2              0.010 
2025-05-23 10:51:08 | INFO |       48.758 ¦     2515           2              0.010 
2025-05-23 10:51:08 | INFO |       48.768 ¦     2516           2              0.010 
2025-05-23 10:51:08 | INFO |       48.778 ¦     2517           2              0.010 
2025-05-23 10:51:08 | INFO |       48.788 ¦     2518           2              0.010 
2025-05-23 10:51:08 | INFO |       48.798 ¦     2519           2              0.010 
2025-05-23 10:51:08 | INFO |       48.808 ¦     2520           2              0.010 
2025-05-23 10:51:08 | INFO |       48.818 ¦     2521           2              0.010 
2025-05-23 10:51:08 | INFO |       48.828 ¦     2522           2              0.010 
2025-05-23 10:51:08 | INFO |       48.838 ¦     2523           2              0.010 
2025-05-23 10:51:08 | INFO |       48.848 ¦     2524           2              0.010 
2025-05-23 10:51:08 | INFO |       48.858 ¦     2525           2              0.010 
2025-05-23 10:51:08 | INFO |       48.868 ¦     2526           2              0.010 
2025-05-23 10:51:08 | INFO |       48.878 ¦     2527           2              0.010 
2025-05-23 10:51:08 | INFO |       48.888 ¦     2528           2              0.010 
2025-05-23 10:51:08 | INFO |       48.898 ¦     2529           2              0.010 
2025-05-23 10:51:08 | INFO |       48.908 ¦     2530           2              0.010 
2025-05-23 10:51:08 | INFO |       48.918 ¦     2531           2              0.010 
2025-05-23 10:51:08 | INFO |       48.928 ¦     2532           2              0.010 
2025-05-23 10:51:08 | INFO |       48.938 ¦     2533           2              0.010 
2025-05-23 10:51:08 | INFO |       48.948 ¦     2534           2              0.010 
2025-05-23 10:51:08 | INFO |       48.958 ¦     2535           2              0.010 
2025-05-23 10:51:08 | INFO |       48.968 ¦     2536           2              0.010 
2025-05-23 10:51:08 | INFO |       48.978 ¦     2537           2              0.010 
2025-05-23 10:51:08 | INFO |       48.988 ¦     2538           2              0.010 
2025-05-23 10:51:08 | INFO |       48.998 ¦     2539           2              0.010 
2025-05-23 10:51:08 | INFO |       49.008 ¦     2540           2              0.010 
2025-05-23 10:51:08 | INFO |       49.018 ¦     2541           2              0.010 
2025-05-23 10:51:08 | INFO |       49.028 ¦     2542           2              0.010 
2025-05-23 10:51:08 | INFO |       49.038 ¦     2543           2              0.010 
2025-05-23 10:51:08 | INFO |       49.048 ¦     2544           2              0.010 
2025-05-23 10:51:08 | INFO |       49.058 ¦     2545           2              0.010 
2025-05-23 10:51:08 | INFO |       49.068 ¦     2546           2              0.010 
2025-05-23 10:51:08 | INFO |       49.078 ¦     2547           2              0.010 
2025-05-23 10:51:08 | INFO |       49.088 ¦     2548           2              0.010 
2025-05-23 10:51:08 | INFO |       49.098 ¦     2549           2              0.010 
2025-05-23 10:51:08 | INFO |       49.108 ¦     2550           2              0.010 
2025-05-23 10:51:08 | INFO |       49.118 ¦     2551           2              0.010 
2025-05-23 10:51:08 | INFO |       49.128 ¦     2552           2              0.010 
2025-05-23 10:51:08 | INFO |       49.138 ¦     2553           2              0.010 
2025-05-23 10:51:08 | INFO |       49.148 ¦     2554           2              0.010 
2025-05-23 10:51:08 | INFO |       49.158 ¦     2555           2              0.010 
2025-05-23 10:51:08 | INFO |       49.168 ¦     2556           2              0.010 
2025-05-23 10:51:08 | INFO |       49.178 ¦     2557           2              0.010 
2025-05-23 10:51:08 | INFO |       49.188 ¦     2558           2              0.010 
2025-05-23 10:51:08 | INFO |       49.198 ¦     2559           2              0.010 
2025-05-23 10:51:08 | INFO |       49.208 ¦     2560           2              0.010 
2025-05-23 10:51:08 | INFO |       49.218 ¦     2561           2              0.010 
2025-05-23 10:51:08 | INFO |       49.228 ¦     2562           2              0.010 
2025-05-23 10:51:08 | INFO |       49.238 ¦     2563           2              0.010 
2025-05-23 10:51:08 | INFO |       49.248 ¦     2564           2              0.010 
2025-05-23 10:51:08 | INFO |       49.258 ¦     2565           2              0.010 
2025-05-23 10:51:08 | INFO |       49.268 ¦     2566           2              0.010 
2025-05-23 10:51:08 | INFO |       49.278 ¦     2567           2              0.010 
2025-05-23 10:51:08 | INFO |       49.288 ¦     2568           2              0.010 
2025-05-23 10:51:08 | INFO |       49.298 ¦     2569           2              0.010 
2025-05-23 10:51:08 | INFO |       49.308 ¦     2570           2              0.010 
2025-05-23 10:51:08 | INFO |       49.318 ¦     2571           2              0.010 
2025-05-23 10:51:08 | INFO |       49.328 ¦     2572           2              0.010 
2025-05-23 10:51:08 | INFO |       49.338 ¦     2573           2              0.010 
2025-05-23 10:51:08 | INFO |       49.348 ¦     2574           2              0.010 
2025-05-23 10:51:08 | INFO |       49.358 ¦     2575           2              0.010 
2025-05-23 10:51:08 | INFO |       49.368 ¦     2576           2              0.010 
2025-05-23 10:51:08 | INFO |       49.378 ¦     2577           2              0.010 
2025-05-23 10:51:08 | INFO |       49.388 ¦     2578           2              0.010 
2025-05-23 10:51:08 | INFO |       49.398 ¦     2579           2              0.010 
2025-05-23 10:51:08 | INFO |       49.408 ¦     2580           2              0.010 
2025-05-23 10:51:08 | INFO |       49.418 ¦     2581           2              0.010 
2025-05-23 10:51:08 | INFO |       49.428 ¦     2582           2              0.010 
2025-05-23 10:51:08 | INFO |       49.438 ¦     2583           2              0.010 
2025-05-23 10:51:08 | INFO |       49.448 ¦     2584           2              0.010 
2025-05-23 10:51:08 | INFO |       49.458 ¦     2585           2              0.010 
2025-05-23 10:51:08 | INFO |       49.468 ¦     2586           2              0.010 
2025-05-23 10:51:08 | INFO |       49.478 ¦     2587           2              0.010 
2025-05-23 10:51:08 | INFO |       49.488 ¦     2588           2              0.010 
2025-05-23 10:51:08 | INFO |       49.498 ¦     2589           2              0.010 
2025-05-23 10:51:08 | INFO |       49.508 ¦     2590           2              0.010 
2025-05-23 10:51:08 | INFO |       49.518 ¦     2591           2              0.010 
2025-05-23 10:51:08 | INFO |       49.528 ¦     2592           2              0.010 
2025-05-23 10:51:08 | INFO |       49.538 ¦     2593           2              0.010 
2025-05-23 10:51:08 | INFO |       49.548 ¦     2594           2              0.010 
2025-05-23 10:51:08 | INFO |       49.558 ¦     2595           2              0.010 
2025-05-23 10:51:08 | INFO |       49.568 ¦     2596           2              0.010 
2025-05-23 10:51:08 | INFO |       49.578 ¦     2597           2              0.010 
2025-05-23 10:51:08 | INFO |       49.588 ¦     2598           2              0.010 
2025-05-23 10:51:08 | INFO |       49.598 ¦     2599           2              0.010 
2025-05-23 10:51:08 | INFO |       49.608 ¦     2600           2              0.010 
2025-05-23 10:51:08 | INFO |       49.618 ¦     2601           2              0.010 
2025-05-23 10:51:08 | INFO |       49.628 ¦     2602           2              0.010 
2025-05-23 10:51:08 | INFO |       49.638 ¦     2603           2              0.010 
2025-05-23 10:51:08 | INFO |       49.648 ¦     2604           2              0.010 
2025-05-23 10:51:08 | INFO |       49.658 ¦     2605           2              0.010 
2025-05-23 10:51:08 | INFO |       49.668 ¦     2606           2              0.010 
2025-05-23 10:51:08 | INFO |       49.678 ¦     2607           2              0.010 
2025-05-23 10:51:08 | INFO |       49.688 ¦     2608           2              0.010 
2025-05-23 10:51:08 | INFO |       49.698 ¦     2609           2              0.010 
2025-05-23 10:51:08 | INFO |       49.708 ¦     2610           2              0.010 
2025-05-23 10:51:08 | INFO |       49.718 ¦     2611           2              0.010 
2025-05-23 10:51:08 | INFO |       49.728 ¦     2612           2              0.010 
2025-05-23 10:51:08 | INFO |       49.738 ¦     2613           2              0.010 
2025-05-23 10:51:08 | INFO |       49.748 ¦     2614           2              0.010 
2025-05-23 10:51:08 | INFO |       49.758 ¦     2615           2              0.010 
2025-05-23 10:51:08 | INFO |       49.768 ¦     2616           2              0.010 
2025-05-23 10:51:08 | INFO |       49.778 ¦     2617           2              0.010 
2025-05-23 10:51:08 | INFO |       49.788 ¦     2618           2              0.010 
2025-05-23 10:51:08 | INFO |       49.798 ¦     2619           2              0.010 
2025-05-23 10:51:08 | INFO |       49.808 ¦     2620           2              0.010 
2025-05-23 10:51:08 | INFO |       49.818 ¦     2621           2              0.010 
2025-05-23 10:51:08 | INFO |       49.828 ¦     2622           2              0.010 
2025-05-23 10:51:08 | INFO |       49.838 ¦     2623           2              0.010 
2025-05-23 10:51:08 | INFO |       49.848 ¦     2624           2              0.010 
2025-05-23 10:51:08 | INFO |       49.858 ¦     2625           2              0.010 
2025-05-23 10:51:08 | INFO |       49.868 ¦     2626           2              0.010 
2025-05-23 10:51:08 | INFO |       49.878 ¦     2627           2              0.010 
2025-05-23 10:51:08 | INFO |       49.888 ¦     2628           2              0.010 
2025-05-23 10:51:08 | INFO |       49.898 ¦     2629           2              0.010 
2025-05-23 10:51:08 | INFO |       49.908 ¦     2630           2              0.010 
2025-05-23 10:51:08 | INFO |       49.918 ¦     2631           2              0.010 
2025-05-23 10:51:08 | INFO |       49.928 ¦     2632           2              0.010 
2025-05-23 10:51:08 | INFO |       49.938 ¦     2633           2              0.010 
2025-05-23 10:51:08 | INFO |       49.948 ¦     2634           2              0.010 
2025-05-23 10:51:08 | INFO |       49.958 ¦     2635           2              0.010 
2025-05-23 10:51:08 | INFO |       49.968 ¦     2636           2              0.010 
2025-05-23 10:51:08 | INFO |       49.978 ¦     2637           2              0.010 
2025-05-23 10:51:08 | INFO |       49.988 ¦     2638           2              0.010 
2025-05-23 10:51:08 | INFO |       49.998 ¦     2639           2              0.010 
2025-05-23 10:51:08 | INFO | Algebraic mode change at t = 50
2025-05-23 10:51:08 | INFO |       50.000 ¦     2640           2              0.010 
2025-05-23 10:51:08 | INFO | calculation of the new starting point of the simulation.
2025-05-23 10:51:08 | INFO |       50.000 ¦        0           0              0.000 
2025-05-23 10:51:08 | INFO |       50.000 ¦        1           1              0.000 
2025-05-23 10:51:08 | INFO |       50.000 ¦        2           1              0.000 
2025-05-23 10:51:08 | INFO |       50.000 ¦        3           2              0.000 
2025-05-23 10:51:08 | INFO |       50.000 ¦        4           2              0.000 
2025-05-23 10:51:08 | INFO |       50.000 ¦        5           2              0.000 
2025-05-23 10:51:08 | INFO |       50.000 ¦        6           2              0.000 
2025-05-23 10:51:08 | INFO |       50.000 ¦        7           2              0.000 
2025-05-23 10:51:08 | INFO |       50.000 ¦        8           2              0.000 
2025-05-23 10:51:08 | INFO |       50.000 ¦        9           2              0.000 
2025-05-23 10:51:08 | INFO |       50.001 ¦       10           2              0.000 
2025-05-23 10:51:08 | INFO |       50.001 ¦       11           2              0.000 
2025-05-23 10:51:08 | INFO |       50.001 ¦       12           2              0.000 
2025-05-23 10:51:08 | INFO |       50.001 ¦       13           2              0.000 
2025-05-23 10:51:08 | INFO | Algebraic mode (with J recalculation) change at t = 50.0013
2025-05-23 10:51:08 | INFO |       50.001 ¦       14           2              0.001 
2025-05-23 10:51:08 | INFO | calculation of the new starting point of the simulation.
2025-05-23 10:51:08 | INFO |       50.001 ¦        0           0              0.000 
2025-05-23 10:51:08 | INFO |       50.001 ¦        1           1              0.000 
2025-05-23 10:51:08 | INFO |       50.001 ¦        2           1              0.000 
2025-05-23 10:51:08 | INFO |       50.001 ¦        3           2              0.000 
2025-05-23 10:51:08 | INFO |       50.001 ¦        4           2              0.000 
2025-05-23 10:51:08 | INFO |       50.001 ¦        5           2              0.000 
2025-05-23 10:51:08 | INFO |       50.001 ¦        6           2              0.000 
2025-05-23 10:51:08 | INFO |       50.001 ¦        7           2              0.000 
2025-05-23 10:51:08 | INFO |       50.001 ¦        8           2              0.000 
2025-05-23 10:51:08 | INFO |       50.002 ¦        9           2              0.000 
2025-05-23 10:51:08 | INFO |       50.002 ¦       10           2              0.000 
2025-05-23 10:51:08 | INFO |       50.002 ¦       11           2              0.001 
2025-05-23 10:51:08 | INFO |       50.003 ¦       12           2              0.001 
2025-05-23 10:51:08 | INFO |       50.003 ¦       13           2              0.001 
2025-05-23 10:51:08 | INFO |       50.004 ¦       14           2              0.001 
2025-05-23 10:51:08 | INFO | Algebraic mode change at t = 50.0043
2025-05-23 10:51:08 | INFO |       50.004 ¦       15           2              0.001 
2025-05-23 10:51:08 | INFO | calculation of the new starting point of the simulation.
2025-05-23 10:51:08 | INFO |       50.004 ¦        0           0              0.000 
2025-05-23 10:51:08 | INFO |       50.004 ¦        1           1              0.000 
2025-05-23 10:51:08 | INFO |       50.004 ¦        2           1              0.000 
2025-05-23 10:51:08 | INFO |       50.004 ¦        3           2              0.000 
2025-05-23 10:51:08 | INFO |       50.004 ¦        4           2              0.000 
2025-05-23 10:51:08 | INFO |       50.004 ¦        5           2              0.000 
2025-05-23 10:51:08 | INFO |       50.004 ¦        6           2              0.000 
2025-05-23 10:51:08 | INFO |       50.004 ¦        7           2              0.000 
2025-05-23 10:51:08 | INFO |       50.004 ¦        8           2              0.000 
2025-05-23 10:51:08 | INFO |       50.005 ¦        9           2              0.000 
2025-05-23 10:51:08 | INFO |       50.005 ¦       10           2              0.000 
2025-05-23 10:51:08 | INFO |       50.005 ¦       11           2              0.001 
2025-05-23 10:51:08 | INFO |       50.006 ¦       12           2              0.001 
2025-05-23 10:51:08 | INFO |       50.007 ¦       13           2              0.001 
2025-05-23 10:51:08 | INFO |       50.008 ¦       14           2              0.001 
2025-05-23 10:51:08 | INFO |       50.009 ¦       15           2              0.001 
2025-05-23 10:51:08 | INFO |       50.010 ¦       16           2              0.001 
2025-05-23 10:51:08 | INFO |       50.011 ¦       17           2              0.001 
2025-05-23 10:51:08 | INFO |       50.014 ¦       18           2              0.002 
2025-05-23 10:51:08 | INFO |       50.015 ¦       19           2              0.002 
2025-05-23 10:51:08 | INFO |       50.017 ¦       20           2              0.002 
2025-05-23 10:51:08 | INFO |       50.019 ¦       21           2              0.002 
2025-05-23 10:51:08 | INFO |       50.021 ¦       22           2              0.002 
2025-05-23 10:51:08 | INFO |       50.023 ¦       23           2              0.002 
2025-05-23 10:51:08 | INFO |       50.025 ¦       24           2              0.002 
2025-05-23 10:51:08 | INFO |       50.026 ¦       25           2              0.002 
2025-05-23 10:51:08 | INFO |       50.028 ¦       26           2              0.002 
2025-05-23 10:51:08 | INFO |       50.030 ¦       27           2              0.002 
2025-05-23 10:51:08 | INFO |       50.032 ¦       28           2              0.002 
2025-05-23 10:51:08 | INFO |       50.034 ¦       29           2              0.002 
2025-05-23 10:51:08 | INFO |       50.038 ¦       30           2              0.004 
2025-05-23 10:51:08 | INFO |       50.041 ¦       31           2              0.004 
2025-05-23 10:51:08 | INFO |       50.045 ¦       32           2              0.004 
2025-05-23 10:51:08 | INFO |       50.049 ¦       33           2              0.004 
2025-05-23 10:51:08 | INFO |       50.052 ¦       34           2              0.004 
2025-05-23 10:51:08 | INFO |       50.056 ¦       35           2              0.004 
2025-05-23 10:51:08 | INFO |       50.063 ¦       36           2              0.007 
2025-05-23 10:51:08 | INFO |       50.070 ¦       37           2              0.007 
2025-05-23 10:51:08 | INFO |       50.077 ¦       38           2              0.007 
2025-05-23 10:51:08 | INFO |       50.083 ¦       39           2              0.007 
2025-05-23 10:51:08 | INFO | Algebraic mode change at t = 50.0875
2025-05-23 10:51:08 | INFO |       50.088 ¦       40           2              0.007 
2025-05-23 10:51:08 | INFO | calculation of the new starting point of the simulation.
2025-05-23 10:51:08 | INFO |       50.088 ¦        0           0              0.000 
2025-05-23 10:51:08 | INFO |       50.088 ¦        1           1              0.000 
2025-05-23 10:51:08 | INFO |       50.088 ¦        2           1              0.000 
2025-05-23 10:51:08 | INFO |       50.088 ¦        3           2              0.000 
2025-05-23 10:51:08 | INFO |       50.088 ¦        4           2              0.000 
2025-05-23 10:51:08 | INFO |       50.088 ¦        5           2              0.000 
2025-05-23 10:51:08 | INFO |       50.088 ¦        6           2              0.000 
2025-05-23 10:51:08 | INFO |       50.088 ¦        7           2              0.000 
2025-05-23 10:51:08 | INFO |       50.088 ¦        8           2              0.000 
2025-05-23 10:51:08 | INFO |       50.088 ¦        9           2              0.000 
2025-05-23 10:51:08 | INFO |       50.088 ¦       10           2              0.000 
2025-05-23 10:51:08 | INFO |       50.089 ¦       11           2              0.001 
2025-05-23 10:51:08 | INFO |       50.090 ¦       12           2              0.001 
2025-05-23 10:51:08 | INFO |       50.092 ¦       13           2              0.002 
2025-05-23 10:51:08 | INFO |       50.096 ¦       14           2              0.004 
2025-05-23 10:51:08 | INFO |       50.104 ¦       15           2              0.008 
2025-05-23 10:51:08 | INFO |       50.114 ¦       16           2              0.010 
2025-05-23 10:51:08 | INFO | Algebraic mode change at t = 50.1191
2025-05-23 10:51:08 | INFO |       50.119 ¦       17           2              0.010 
2025-05-23 10:51:08 | INFO | calculation of the new starting point of the simulation.
2025-05-23 10:51:08 | INFO |       50.119 ¦        0           0              0.000 
2025-05-23 10:51:08 | INFO | Algebraic mode change at t = 50.1191
2025-05-23 10:51:08 | INFO |       50.119 ¦        1           1              0.000 
2025-05-23 10:51:08 | INFO | calculation of the new starting point of the simulation.
2025-05-23 10:51:08 | INFO |       50.119 ¦        0           0              0.000 
2025-05-23 10:51:08 | INFO |       50.119 ¦        1           1              0.000 
2025-05-23 10:51:08 | INFO |       50.119 ¦        2           1              0.000 
2025-05-23 10:51:08 | INFO |       50.119 ¦        3           2              0.000 
2025-05-23 10:51:08 | INFO |       50.119 ¦        4           2              0.000 
2025-05-23 10:51:08 | INFO |       50.119 ¦        5           2              0.000 
2025-05-23 10:51:08 | INFO |       50.119 ¦        6           2              0.000 
2025-05-23 10:51:08 | INFO |       50.119 ¦        7           2              0.000 
2025-05-23 10:51:08 | INFO |       50.119 ¦        8           2              0.000 
2025-05-23 10:51:08 | INFO |       50.119 ¦        9           2              0.000 
2025-05-23 10:51:08 | INFO |       50.120 ¦       10           2              0.000 
2025-05-23 10:51:08 | INFO |       50.120 ¦       11           2              0.001 
2025-05-23 10:51:08 | INFO |       50.121 ¦       12           2              0.001 
2025-05-23 10:51:08 | INFO |       50.123 ¦       13           2              0.002 
2025-05-23 10:51:08 | INFO |       50.127 ¦       14           2              0.004 
2025-05-23 10:51:08 | INFO |       50.135 ¦       15           2              0.008 
2025-05-23 10:51:08 | INFO |       50.145 ¦       16           2              0.010 
2025-05-23 10:51:08 | INFO |       50.155 ¦       17           2              0.010 
2025-05-23 10:51:08 | INFO |       50.165 ¦       18           2              0.010 
2025-05-23 10:51:08 | INFO |       50.175 ¦       19           1              0.010 
2025-05-23 10:51:08 | INFO |       50.185 ¦       20           1              0.010 
2025-05-23 10:51:08 | INFO |       50.195 ¦       21           1              0.010 
2025-05-23 10:51:08 | INFO |       50.205 ¦       22           2              0.010 
2025-05-23 10:51:08 | INFO |       50.215 ¦       23           2              0.010 
2025-05-23 10:51:08 | INFO |       50.225 ¦       24           2              0.010 
2025-05-23 10:51:08 | INFO |       50.235 ¦       25           2              0.010 
2025-05-23 10:51:08 | INFO |       50.245 ¦       26           2              0.010 
2025-05-23 10:51:08 | INFO |       50.255 ¦       27           2              0.010 
2025-05-23 10:51:08 | INFO |       50.265 ¦       28           2              0.010 
2025-05-23 10:51:08 | INFO |       50.275 ¦       29           2              0.010 
2025-05-23 10:51:08 | INFO |       50.285 ¦       30           2              0.010 
2025-05-23 10:51:08 | INFO |       50.295 ¦       31           2              0.010 
2025-05-23 10:51:08 | INFO |       50.305 ¦       32           2              0.010 
2025-05-23 10:51:08 | INFO |       50.315 ¦       33           2              0.010 
2025-05-23 10:51:08 | INFO |       50.325 ¦       34           2              0.010 
2025-05-23 10:51:08 | INFO |       50.335 ¦       35           2              0.010 
2025-05-23 10:51:08 | INFO |       50.345 ¦       36           2              0.010 
2025-05-23 10:51:08 | INFO |       50.355 ¦       37           2              0.010 
2025-05-23 10:51:08 | INFO |       50.365 ¦       38           2              0.010 
2025-05-23 10:51:08 | INFO |       50.375 ¦       39           2              0.010 
2025-05-23 10:51:08 | INFO |       50.385 ¦       40           2              0.010 
2025-05-23 10:51:08 | INFO |       50.395 ¦       41           2              0.010 
2025-05-23 10:51:08 | INFO |       50.405 ¦       42           2              0.010 
2025-05-23 10:51:08 | INFO |       50.415 ¦       43           2              0.010 
2025-05-23 10:51:08 | INFO |       50.425 ¦       44           2              0.010 
2025-05-23 10:51:08 | INFO |       50.435 ¦       45           2              0.010 
2025-05-23 10:51:08 | INFO |       50.445 ¦       46           2              0.010 
2025-05-23 10:51:08 | INFO |       50.455 ¦       47           2              0.010 
2025-05-23 10:51:08 | INFO |       50.465 ¦       48           2              0.010 
2025-05-23 10:51:08 | INFO |       50.475 ¦       49           2              0.010 
2025-05-23 10:51:08 | INFO |       50.485 ¦       50           2              0.010 
2025-05-23 10:51:08 | INFO |       50.495 ¦       51           2              0.010 
2025-05-23 10:51:08 | INFO |       50.505 ¦       52           2              0.010 
2025-05-23 10:51:08 | INFO |       50.515 ¦       53           2              0.010 
2025-05-23 10:51:08 | INFO |       50.525 ¦       54           2              0.010 
2025-05-23 10:51:08 | INFO |       50.535 ¦       55           2              0.010 
2025-05-23 10:51:08 | INFO |       50.545 ¦       56           2              0.010 
2025-05-23 10:51:08 | INFO |       50.555 ¦       57           2              0.010 
2025-05-23 10:51:08 | INFO |       50.565 ¦       58           2              0.010 
2025-05-23 10:51:08 | INFO |       50.575 ¦       59           2              0.010 
2025-05-23 10:51:08 | INFO |       50.585 ¦       60           2              0.010 
2025-05-23 10:51:08 | INFO |       50.595 ¦       61           2              0.010 
2025-05-23 10:51:08 | INFO |       50.605 ¦       62           2              0.010 
2025-05-23 10:51:08 | INFO |       50.615 ¦       63           2              0.010 
2025-05-23 10:51:08 | INFO |       50.625 ¦       64           2              0.010 
2025-05-23 10:51:08 | INFO |       50.635 ¦       65           2              0.010 
2025-05-23 10:51:08 | INFO |       50.645 ¦       66           2              0.010 
2025-05-23 10:51:08 | INFO |       50.655 ¦       67           2              0.010 
2025-05-23 10:51:08 | INFO |       50.665 ¦       68           2              0.010 
2025-05-23 10:51:08 | INFO |       50.675 ¦       69           2              0.010 
2025-05-23 10:51:08 | INFO |       50.685 ¦       70           2              0.010 
2025-05-23 10:51:08 | INFO |       50.695 ¦       71           2              0.010 
2025-05-23 10:51:08 | INFO |       50.705 ¦       72           2              0.010 
2025-05-23 10:51:08 | INFO |       50.715 ¦       73           2              0.010 
2025-05-23 10:51:08 | INFO |       50.725 ¦       74           2              0.010 
2025-05-23 10:51:08 | INFO |       50.735 ¦       75           2              0.010 
2025-05-23 10:51:08 | INFO |       50.745 ¦       76           2              0.010 
2025-05-23 10:51:08 | INFO |       50.755 ¦       77           2              0.010 
2025-05-23 10:51:08 | INFO |       50.765 ¦       78           2              0.010 
2025-05-23 10:51:08 | INFO |       50.775 ¦       79           2              0.010 
2025-05-23 10:51:08 | INFO |       50.785 ¦       80           2              0.010 
2025-05-23 10:51:08 | INFO |       50.795 ¦       81           2              0.010 
2025-05-23 10:51:08 | INFO |       50.805 ¦       82           2              0.010 
2025-05-23 10:51:08 | INFO |       50.815 ¦       83           2              0.010 
2025-05-23 10:51:08 | INFO |       50.825 ¦       84           2              0.010 
2025-05-23 10:51:08 | INFO |       50.835 ¦       85           2              0.010 
2025-05-23 10:51:08 | INFO |       50.845 ¦       86           2              0.010 
2025-05-23 10:51:08 | INFO |       50.855 ¦       87           2              0.010 
2025-05-23 10:51:08 | INFO |       50.865 ¦       88           2              0.010 
2025-05-23 10:51:08 | INFO |       50.875 ¦       89           2              0.010 
2025-05-23 10:51:08 | INFO |       50.885 ¦       90           2              0.010 
2025-05-23 10:51:08 | INFO |       50.895 ¦       91           2              0.010 
2025-05-23 10:51:08 | INFO |       50.905 ¦       92           2              0.010 
2025-05-23 10:51:08 | INFO |       50.915 ¦       93           2              0.010 
2025-05-23 10:51:08 | INFO |       50.925 ¦       94           2              0.010 
2025-05-23 10:51:08 | INFO |       50.935 ¦       95           2              0.010 
2025-05-23 10:51:08 | INFO |       50.945 ¦       96           2              0.010 
2025-05-23 10:51:08 | INFO |       50.955 ¦       97           2              0.010 
2025-05-23 10:51:08 | INFO |       50.965 ¦       98           2              0.010 
2025-05-23 10:51:08 | INFO |       50.975 ¦       99           2              0.010 
2025-05-23 10:51:08 | INFO |       50.985 ¦      100           2              0.010 
2025-05-23 10:51:08 | INFO |       50.995 ¦      101           2              0.010 
2025-05-23 10:51:08 | INFO |       51.005 ¦      102           2              0.010 
2025-05-23 10:51:08 | INFO |       51.015 ¦      103           2              0.010 
2025-05-23 10:51:08 | INFO |       51.025 ¦      104           2              0.010 
2025-05-23 10:51:08 | INFO |       51.035 ¦      105           2              0.010 
2025-05-23 10:51:08 | INFO |       51.045 ¦      106           2              0.010 
2025-05-23 10:51:08 | INFO |       51.055 ¦      107           2              0.010 
2025-05-23 10:51:08 | INFO |       51.065 ¦      108           2              0.010 
2025-05-23 10:51:08 | INFO |       51.075 ¦      109           2              0.010 
2025-05-23 10:51:08 | INFO |       51.085 ¦      110           2              0.010 
2025-05-23 10:51:08 | INFO |       51.095 ¦      111           2              0.010 
2025-05-23 10:51:08 | INFO |       51.105 ¦      112           2              0.010 
2025-05-23 10:51:08 | INFO |       51.115 ¦      113           2              0.010 
2025-05-23 10:51:08 | INFO |       51.125 ¦      114           2              0.010 
2025-05-23 10:51:08 | INFO |       51.135 ¦      115           2              0.010 
2025-05-23 10:51:08 | INFO |       51.145 ¦      116           2              0.010 
2025-05-23 10:51:08 | INFO |       51.155 ¦      117           2              0.010 
2025-05-23 10:51:08 | INFO |       51.165 ¦      118           2              0.010 
2025-05-23 10:51:08 | INFO |       51.175 ¦      119           2              0.010 
2025-05-23 10:51:08 | INFO |       51.185 ¦      120           2              0.010 
2025-05-23 10:51:08 | INFO |       51.195 ¦      121           2              0.010 
2025-05-23 10:51:08 | INFO |       51.205 ¦      122           2              0.010 
2025-05-23 10:51:08 | INFO |       51.215 ¦      123           2              0.010 
2025-05-23 10:51:08 | INFO |       51.225 ¦      124           2              0.010 
2025-05-23 10:51:08 | INFO |       51.235 ¦      125           2              0.010 
2025-05-23 10:51:08 | INFO |       51.245 ¦      126           2              0.010 
2025-05-23 10:51:08 | INFO |       51.255 ¦      127           2              0.010 
2025-05-23 10:51:08 | INFO |       51.265 ¦      128           2              0.010 
2025-05-23 10:51:08 | INFO |       51.275 ¦      129           2              0.010 
2025-05-23 10:51:08 | INFO |       51.285 ¦      130           2              0.010 
2025-05-23 10:51:08 | INFO |       51.295 ¦      131           2              0.010 
2025-05-23 10:51:08 | INFO |       51.305 ¦      132           2              0.010 
2025-05-23 10:51:08 | INFO |       51.315 ¦      133           2              0.010 
2025-05-23 10:51:08 | INFO |       51.325 ¦      134           2              0.010 
2025-05-23 10:51:08 | INFO |       51.335 ¦      135           2              0.010 
2025-05-23 10:51:08 | INFO |       51.345 ¦      136           2              0.010 
2025-05-23 10:51:08 | INFO |       51.355 ¦      137           2              0.010 
2025-05-23 10:51:08 | INFO |       51.365 ¦      138           2              0.010 
2025-05-23 10:51:08 | INFO |       51.375 ¦      139           2              0.010 
2025-05-23 10:51:08 | INFO |       51.385 ¦      140           2              0.010 
2025-05-23 10:51:08 | INFO |       51.395 ¦      141           2              0.010 
2025-05-23 10:51:08 | INFO |       51.405 ¦      142           2              0.010 
2025-05-23 10:51:08 | INFO |       51.415 ¦      143           2              0.010 
2025-05-23 10:51:08 | INFO |       51.425 ¦      144           2              0.010 
2025-05-23 10:51:08 | INFO |       51.435 ¦      145           2              0.010 
2025-05-23 10:51:08 | INFO |       51.445 ¦      146           2              0.010 
2025-05-23 10:51:08 | INFO |       51.455 ¦      147           2              0.010 
2025-05-23 10:51:08 | INFO |       51.465 ¦      148           2              0.010 
2025-05-23 10:51:08 | INFO |       51.475 ¦      149           2              0.010 
2025-05-23 10:51:08 | INFO |       51.485 ¦      150           2              0.010 
2025-05-23 10:51:08 | INFO |       51.495 ¦      151           2              0.010 
2025-05-23 10:51:08 | INFO |       51.505 ¦      152           2              0.010 
2025-05-23 10:51:08 | INFO |       51.515 ¦      153           2              0.010 
2025-05-23 10:51:08 | INFO |       51.525 ¦      154           2              0.010 
2025-05-23 10:51:08 | INFO |       51.535 ¦      155           2              0.010 
2025-05-23 10:51:08 | INFO |       51.545 ¦      156           2              0.010 
2025-05-23 10:51:08 | INFO |       51.555 ¦      157           2              0.010 
2025-05-23 10:51:08 | INFO |       51.565 ¦      158           2              0.010 
2025-05-23 10:51:08 | INFO |       51.575 ¦      159           2              0.010 
2025-05-23 10:51:08 | INFO |       51.585 ¦      160           2              0.010 
2025-05-23 10:51:08 | INFO |       51.595 ¦      161           2              0.010 
2025-05-23 10:51:08 | INFO |       51.605 ¦      162           2              0.010 
2025-05-23 10:51:08 | INFO |       51.615 ¦      163           2              0.010 
2025-05-23 10:51:08 | INFO |       51.625 ¦      164           2              0.010 
2025-05-23 10:51:08 | INFO |       51.635 ¦      165           2              0.010 
2025-05-23 10:51:08 | INFO |       51.645 ¦      166           2              0.010 
2025-05-23 10:51:08 | INFO |       51.655 ¦      167           2              0.010 
2025-05-23 10:51:08 | INFO |       51.665 ¦      168           2              0.010 
2025-05-23 10:51:08 | INFO |       51.675 ¦      169           2              0.010 
2025-05-23 10:51:08 | INFO |       51.685 ¦      170           2              0.010 
2025-05-23 10:51:08 | INFO |       51.695 ¦      171           2              0.010 
2025-05-23 10:51:08 | INFO |       51.705 ¦      172           2              0.010 
2025-05-23 10:51:08 | INFO |       51.715 ¦      173           2              0.010 
2025-05-23 10:51:08 | INFO |       51.725 ¦      174           2              0.010 
2025-05-23 10:51:08 | INFO |       51.735 ¦      175           2              0.010 
2025-05-23 10:51:08 | INFO |       51.745 ¦      176           2              0.010 
2025-05-23 10:51:08 | INFO |       51.755 ¦      177           2              0.010 
2025-05-23 10:51:08 | INFO |       51.765 ¦      178           2              0.010 
2025-05-23 10:51:08 | INFO |       51.775 ¦      179           2              0.010 
2025-05-23 10:51:08 | INFO |       51.785 ¦      180           2              0.010 
2025-05-23 10:51:08 | INFO |       51.795 ¦      181           2              0.010 
2025-05-23 10:51:08 | INFO |       51.805 ¦      182           2              0.010 
2025-05-23 10:51:08 | INFO |       51.815 ¦      183           2              0.010 
2025-05-23 10:51:08 | INFO |       51.825 ¦      184           2              0.010 
2025-05-23 10:51:08 | INFO |       51.835 ¦      185           2              0.010 
2025-05-23 10:51:08 | INFO |       51.845 ¦      186           2              0.010 
2025-05-23 10:51:08 | INFO |       51.855 ¦      187           2              0.010 
2025-05-23 10:51:08 | INFO |       51.865 ¦      188           2              0.010 
2025-05-23 10:51:08 | INFO |       51.875 ¦      189           2              0.010 
2025-05-23 10:51:08 | INFO |       51.885 ¦      190           2              0.010 
2025-05-23 10:51:08 | INFO |       51.895 ¦      191           2              0.010 
2025-05-23 10:51:08 | INFO |       51.905 ¦      192           2              0.010 
2025-05-23 10:51:08 | INFO |       51.915 ¦      193           2              0.010 
2025-05-23 10:51:08 | INFO |       51.925 ¦      194           2              0.010 
2025-05-23 10:51:08 | INFO |       51.935 ¦      195           2              0.010 
2025-05-23 10:51:08 | INFO |       51.945 ¦      196           2              0.010 
2025-05-23 10:51:08 | INFO |       51.955 ¦      197           2              0.010 
2025-05-23 10:51:08 | INFO |       51.965 ¦      198           2              0.010 
2025-05-23 10:51:08 | INFO |       51.975 ¦      199           2              0.010 
2025-05-23 10:51:08 | INFO |       51.985 ¦      200           2              0.010 
2025-05-23 10:51:08 | INFO |       51.995 ¦      201           2              0.010 
2025-05-23 10:51:08 | INFO |       52.005 ¦      202           2              0.010 
2025-05-23 10:51:08 | INFO |       52.015 ¦      203           2              0.010 
2025-05-23 10:51:08 | INFO |       52.025 ¦      204           2              0.010 
2025-05-23 10:51:08 | INFO |       52.035 ¦      205           2              0.010 
2025-05-23 10:51:08 | INFO |       52.045 ¦      206           2              0.010 
2025-05-23 10:51:08 | INFO |       52.055 ¦      207           2              0.010 
2025-05-23 10:51:08 | INFO |       52.065 ¦      208           2              0.010 
2025-05-23 10:51:08 | INFO |       52.075 ¦      209           2              0.010 
2025-05-23 10:51:08 | INFO |       52.085 ¦      210           2              0.010 
2025-05-23 10:51:08 | INFO |       52.095 ¦      211           2              0.010 
2025-05-23 10:51:08 | INFO |       52.105 ¦      212           2              0.010 
2025-05-23 10:51:08 | INFO |       52.115 ¦      213           2              0.010 
2025-05-23 10:51:08 | INFO |       52.125 ¦      214           2              0.010 
2025-05-23 10:51:08 | INFO |       52.135 ¦      215           2              0.010 
2025-05-23 10:51:08 | INFO |       52.145 ¦      216           2              0.010 
2025-05-23 10:51:08 | INFO |       52.155 ¦      217           2              0.010 
2025-05-23 10:51:08 | INFO |       52.165 ¦      218           2              0.010 
2025-05-23 10:51:08 | INFO |       52.175 ¦      219           2              0.010 
2025-05-23 10:51:08 | INFO |       52.185 ¦      220           2              0.010 
2025-05-23 10:51:08 | INFO |       52.195 ¦      221           2              0.010 
2025-05-23 10:51:08 | INFO |       52.205 ¦      222           2              0.010 
2025-05-23 10:51:08 | INFO |       52.215 ¦      223           2              0.010 
2025-05-23 10:51:08 | INFO |       52.225 ¦      224           2              0.010 
2025-05-23 10:51:08 | INFO |       52.235 ¦      225           2              0.010 
2025-05-23 10:51:08 | INFO |       52.245 ¦      226           2              0.010 
2025-05-23 10:51:08 | INFO |       52.255 ¦      227           2              0.010 
2025-05-23 10:51:08 | INFO |       52.265 ¦      228           2              0.010 
2025-05-23 10:51:08 | INFO |       52.275 ¦      229           2              0.010 
2025-05-23 10:51:08 | INFO |       52.285 ¦      230           2              0.010 
2025-05-23 10:51:08 | INFO |       52.295 ¦      231           2              0.010 
2025-05-23 10:51:08 | INFO |       52.305 ¦      232           2              0.010 
2025-05-23 10:51:08 | INFO |       52.315 ¦      233           2              0.010 
2025-05-23 10:51:08 | INFO |       52.325 ¦      234           2              0.010 
2025-05-23 10:51:08 | INFO |       52.335 ¦      235           2              0.010 
2025-05-23 10:51:08 | INFO |       52.345 ¦      236           2              0.010 
2025-05-23 10:51:08 | INFO |       52.355 ¦      237           2              0.010 
2025-05-23 10:51:08 | INFO |       52.365 ¦      238           2              0.010 
2025-05-23 10:51:08 | INFO |       52.375 ¦      239           2              0.010 
2025-05-23 10:51:08 | INFO |       52.385 ¦      240           2              0.010 
2025-05-23 10:51:08 | INFO |       52.395 ¦      241           2              0.010 
2025-05-23 10:51:08 | INFO |       52.405 ¦      242           2              0.010 
2025-05-23 10:51:08 | INFO |       52.415 ¦      243           2              0.010 
2025-05-23 10:51:08 | INFO |       52.425 ¦      244           2              0.010 
2025-05-23 10:51:08 | INFO |       52.435 ¦      245           2              0.010 
2025-05-23 10:51:08 | INFO |       52.445 ¦      246           2              0.010 
2025-05-23 10:51:08 | INFO |       52.455 ¦      247           2              0.010 
2025-05-23 10:51:08 | INFO |       52.465 ¦      248           2              0.010 
2025-05-23 10:51:08 | INFO |       52.475 ¦      249           2              0.010 
2025-05-23 10:51:08 | INFO |       52.485 ¦      250           2              0.010 
2025-05-23 10:51:08 | INFO |       52.495 ¦      251           2              0.010 
2025-05-23 10:51:08 | INFO |       52.505 ¦      252           2              0.010 
2025-05-23 10:51:08 | INFO |       52.515 ¦      253           2              0.010 
2025-05-23 10:51:08 | INFO |       52.525 ¦      254           2              0.010 
2025-05-23 10:51:08 | INFO |       52.535 ¦      255           2              0.010 
2025-05-23 10:51:08 | INFO |       52.545 ¦      256           2              0.010 
2025-05-23 10:51:08 | INFO |       52.555 ¦      257           2              0.010 
2025-05-23 10:51:08 | INFO |       52.565 ¦      258           2              0.010 
2025-05-23 10:51:08 | INFO |       52.575 ¦      259           2              0.010 
2025-05-23 10:51:08 | INFO |       52.585 ¦      260           2              0.010 
2025-05-23 10:51:08 | INFO |       52.595 ¦      261           2              0.010 
2025-05-23 10:51:08 | INFO |       52.605 ¦      262           2              0.010 
2025-05-23 10:51:08 | INFO |       52.615 ¦      263           2              0.010 
2025-05-23 10:51:08 | INFO |       52.625 ¦      264           2              0.010 
2025-05-23 10:51:08 | INFO |       52.635 ¦      265           2              0.010 
2025-05-23 10:51:08 | INFO |       52.645 ¦      266           2              0.010 
2025-05-23 10:51:08 | INFO |       52.655 ¦      267           2              0.010 
2025-05-23 10:51:08 | INFO |       52.665 ¦      268           2              0.010 
2025-05-23 10:51:08 | INFO |       52.675 ¦      269           2              0.010 
2025-05-23 10:51:08 | INFO |       52.685 ¦      270           2              0.010 
2025-05-23 10:51:08 | INFO |       52.695 ¦      271           2              0.010 
2025-05-23 10:51:08 | INFO |       52.705 ¦      272           2              0.010 
2025-05-23 10:51:08 | INFO |       52.715 ¦      273           2              0.010 
2025-05-23 10:51:08 | INFO |       52.725 ¦      274           2              0.010 
2025-05-23 10:51:08 | INFO |       52.735 ¦      275           2              0.010 
2025-05-23 10:51:08 | INFO |       52.745 ¦      276           2              0.010 
2025-05-23 10:51:08 | INFO |       52.755 ¦      277           2              0.010 
2025-05-23 10:51:08 | INFO |       52.765 ¦      278           2              0.010 
2025-05-23 10:51:08 | INFO |       52.775 ¦      279           2              0.010 
2025-05-23 10:51:08 | INFO |       52.785 ¦      280           2              0.010 
2025-05-23 10:51:08 | INFO |       52.795 ¦      281           2              0.010 
2025-05-23 10:51:08 | INFO |       52.805 ¦      282           2              0.010 
2025-05-23 10:51:08 | INFO |       52.815 ¦      283           2              0.010 
2025-05-23 10:51:08 | INFO |       52.825 ¦      284           2              0.010 
2025-05-23 10:51:08 | INFO |       52.835 ¦      285           2              0.010 
2025-05-23 10:51:08 | INFO |       52.845 ¦      286           2              0.010 
2025-05-23 10:51:08 | INFO |       52.855 ¦      287           2              0.010 
2025-05-23 10:51:08 | INFO |       52.865 ¦      288           2              0.010 
2025-05-23 10:51:08 | INFO |       52.875 ¦      289           2              0.010 
2025-05-23 10:51:08 | INFO |       52.885 ¦      290           2              0.010 
2025-05-23 10:51:08 | INFO |       52.895 ¦      291           2              0.010 
2025-05-23 10:51:08 | INFO |       52.905 ¦      292           2              0.010 
2025-05-23 10:51:08 | INFO |       52.915 ¦      293           2              0.010 
2025-05-23 10:51:08 | INFO |       52.925 ¦      294           2              0.010 
2025-05-23 10:51:08 | INFO |       52.935 ¦      295           2              0.010 
2025-05-23 10:51:08 | INFO |       52.945 ¦      296           2              0.010 
2025-05-23 10:51:08 | INFO |       52.955 ¦      297           2              0.010 
2025-05-23 10:51:08 | INFO |       52.965 ¦      298           2              0.010 
2025-05-23 10:51:08 | INFO |       52.975 ¦      299           2              0.010 
2025-05-23 10:51:08 | INFO |       52.985 ¦      300           2              0.010 
2025-05-23 10:51:08 | INFO |       52.995 ¦      301           2              0.010 
2025-05-23 10:51:08 | INFO |       53.005 ¦      302           2              0.010 
2025-05-23 10:51:08 | INFO |       53.015 ¦      303           2              0.010 
2025-05-23 10:51:08 | INFO |       53.025 ¦      304           2              0.010 
2025-05-23 10:51:08 | INFO |       53.035 ¦      305           2              0.010 
2025-05-23 10:51:08 | INFO |       53.045 ¦      306           2              0.010 
2025-05-23 10:51:08 | INFO |       53.055 ¦      307           2              0.010 
2025-05-23 10:51:08 | INFO |       53.065 ¦      308           2              0.010 
2025-05-23 10:51:08 | INFO |       53.075 ¦      309           2              0.010 
2025-05-23 10:51:08 | INFO |       53.085 ¦      310           2              0.010 
2025-05-23 10:51:08 | INFO |       53.095 ¦      311           2              0.010 
2025-05-23 10:51:08 | INFO |       53.105 ¦      312           2              0.010 
2025-05-23 10:51:08 | INFO |       53.115 ¦      313           2              0.010 
2025-05-23 10:51:08 | INFO |       53.125 ¦      314           2              0.010 
2025-05-23 10:51:08 | INFO |       53.135 ¦      315           2              0.010 
2025-05-23 10:51:08 | INFO |       53.145 ¦      316           2              0.010 
2025-05-23 10:51:08 | INFO |       53.155 ¦      317           2              0.010 
2025-05-23 10:51:08 | INFO |       53.165 ¦      318           2              0.010 
2025-05-23 10:51:08 | INFO |       53.175 ¦      319           2              0.010 
2025-05-23 10:51:08 | INFO |       53.185 ¦      320           2              0.010 
2025-05-23 10:51:08 | INFO |       53.195 ¦      321           2              0.010 
2025-05-23 10:51:08 | INFO |       53.205 ¦      322           2              0.010 
2025-05-23 10:51:08 | INFO |       53.215 ¦      323           2              0.010 
2025-05-23 10:51:08 | INFO |       53.225 ¦      324           2              0.010 
2025-05-23 10:51:08 | INFO |       53.235 ¦      325           2              0.010 
2025-05-23 10:51:08 | INFO |       53.245 ¦      326           2              0.010 
2025-05-23 10:51:08 | INFO |       53.255 ¦      327           2              0.010 
2025-05-23 10:51:08 | INFO |       53.265 ¦      328           2              0.010 
2025-05-23 10:51:08 | INFO |       53.275 ¦      329           2              0.010 
2025-05-23 10:51:08 | INFO |       53.285 ¦      330           2              0.010 
2025-05-23 10:51:08 | INFO |       53.295 ¦      331           2              0.010 
2025-05-23 10:51:08 | INFO |       53.305 ¦      332           2              0.010 
2025-05-23 10:51:08 | INFO |       53.315 ¦      333           2              0.010 
2025-05-23 10:51:08 | INFO |       53.325 ¦      334           2              0.010 
2025-05-23 10:51:08 | INFO |       53.335 ¦      335           2              0.010 
2025-05-23 10:51:08 | INFO |       53.345 ¦      336           2              0.010 
2025-05-23 10:51:08 | INFO |       53.355 ¦      337           2              0.010 
2025-05-23 10:51:08 | INFO |       53.365 ¦      338           2              0.010 
2025-05-23 10:51:08 | INFO |       53.375 ¦      339           2              0.010 
2025-05-23 10:51:08 | INFO |       53.385 ¦      340           2              0.010 
2025-05-23 10:51:08 | INFO |       53.395 ¦      341           2              0.010 
2025-05-23 10:51:08 | INFO |       53.405 ¦      342           2              0.010 
2025-05-23 10:51:08 | INFO |       53.415 ¦      343           2              0.010 
2025-05-23 10:51:08 | INFO |       53.425 ¦      344           2              0.010 
2025-05-23 10:51:08 | INFO |       53.435 ¦      345           2              0.010 
2025-05-23 10:51:08 | INFO |       53.445 ¦      346           2              0.010 
2025-05-23 10:51:08 | INFO |       53.455 ¦      347           2              0.010 
2025-05-23 10:51:08 | INFO |       53.465 ¦      348           2              0.010 
2025-05-23 10:51:08 | INFO |       53.475 ¦      349           2              0.010 
2025-05-23 10:51:08 | INFO |       53.485 ¦      350           2              0.010 
2025-05-23 10:51:08 | INFO |       53.495 ¦      351           2              0.010 
2025-05-23 10:51:08 | INFO |       53.505 ¦      352           2              0.010 
2025-05-23 10:51:08 | INFO |       53.515 ¦      353           2              0.010 
2025-05-23 10:51:08 | INFO |       53.525 ¦      354           2              0.010 
2025-05-23 10:51:08 | INFO |       53.535 ¦      355           2              0.010 
2025-05-23 10:51:08 | INFO |       53.545 ¦      356           2              0.010 
2025-05-23 10:51:08 | INFO |       53.555 ¦      357           2              0.010 
2025-05-23 10:51:08 | INFO |       53.565 ¦      358           2              0.010 
2025-05-23 10:51:08 | INFO |       53.575 ¦      359           2              0.010 
2025-05-23 10:51:08 | INFO |       53.585 ¦      360           2              0.010 
2025-05-23 10:51:08 | INFO |       53.595 ¦      361           2              0.010 
2025-05-23 10:51:08 | INFO |       53.605 ¦      362           2              0.010 
2025-05-23 10:51:08 | INFO |       53.615 ¦      363           2              0.010 
2025-05-23 10:51:08 | INFO |       53.625 ¦      364           2              0.010 
2025-05-23 10:51:08 | INFO |       53.635 ¦      365           2              0.010 
2025-05-23 10:51:08 | INFO |       53.645 ¦      366           2              0.010 
2025-05-23 10:51:08 | INFO |       53.655 ¦      367           2              0.010 
2025-05-23 10:51:08 | INFO |       53.665 ¦      368           2              0.010 
2025-05-23 10:51:08 | INFO |       53.675 ¦      369           2              0.010 
2025-05-23 10:51:08 | INFO |       53.685 ¦      370           2              0.010 
2025-05-23 10:51:08 | INFO |       53.695 ¦      371           2              0.010 
2025-05-23 10:51:08 | INFO |       53.705 ¦      372           2              0.010 
2025-05-23 10:51:08 | INFO |       53.715 ¦      373           2              0.010 
2025-05-23 10:51:08 | INFO |       53.725 ¦      374           2              0.010 
2025-05-23 10:51:08 | INFO |       53.735 ¦      375           2              0.010 
2025-05-23 10:51:08 | INFO |       53.745 ¦      376           2              0.010 
2025-05-23 10:51:08 | INFO |       53.755 ¦      377           2              0.010 
2025-05-23 10:51:08 | INFO |       53.765 ¦      378           2              0.010 
2025-05-23 10:51:08 | INFO |       53.775 ¦      379           2              0.010 
2025-05-23 10:51:08 | INFO |       53.785 ¦      380           2              0.010 
2025-05-23 10:51:08 | INFO |       53.795 ¦      381           2              0.010 
2025-05-23 10:51:08 | INFO |       53.805 ¦      382           2              0.010 
2025-05-23 10:51:08 | INFO |       53.815 ¦      383           2              0.010 
2025-05-23 10:51:08 | INFO |       53.825 ¦      384           2              0.010 
2025-05-23 10:51:08 | INFO |       53.835 ¦      385           2              0.010 
2025-05-23 10:51:08 | INFO |       53.845 ¦      386           2              0.010 
2025-05-23 10:51:08 | INFO |       53.855 ¦      387           2              0.010 
2025-05-23 10:51:08 | INFO |       53.865 ¦      388           2              0.010 
2025-05-23 10:51:08 | INFO |       53.875 ¦      389           2              0.010 
2025-05-23 10:51:08 | INFO |       53.885 ¦      390           2              0.010 
2025-05-23 10:51:08 | INFO |       53.895 ¦      391           2              0.010 
2025-05-23 10:51:08 | INFO |       53.905 ¦      392           2              0.010 
2025-05-23 10:51:08 | INFO |       53.915 ¦      393           2              0.010 
2025-05-23 10:51:08 | INFO |       53.925 ¦      394           2              0.010 
2025-05-23 10:51:08 | INFO |       53.935 ¦      395           2              0.010 
2025-05-23 10:51:08 | INFO |       53.945 ¦      396           2              0.010 
2025-05-23 10:51:08 | INFO |       53.955 ¦      397           2              0.010 
2025-05-23 10:51:08 | INFO |       53.965 ¦      398           2              0.010 
2025-05-23 10:51:08 | INFO |       53.975 ¦      399           2              0.010 
2025-05-23 10:51:08 | INFO |       53.985 ¦      400           2              0.010 
2025-05-23 10:51:08 | INFO |       53.995 ¦      401           2              0.010 
2025-05-23 10:51:08 | INFO |       54.005 ¦      402           2              0.010 
2025-05-23 10:51:08 | INFO |       54.015 ¦      403           2              0.010 
2025-05-23 10:51:08 | INFO |       54.025 ¦      404           2              0.010 
2025-05-23 10:51:08 | INFO |       54.035 ¦      405           2              0.010 
2025-05-23 10:51:08 | INFO |       54.045 ¦      406           2              0.010 
2025-05-23 10:51:08 | INFO |       54.055 ¦      407           2              0.010 
2025-05-23 10:51:08 | INFO |       54.065 ¦      408           2              0.010 
2025-05-23 10:51:08 | INFO |       54.075 ¦      409           2              0.010 
2025-05-23 10:51:08 | INFO |       54.085 ¦      410           2              0.010 
2025-05-23 10:51:08 | INFO |       54.095 ¦      411           2              0.010 
2025-05-23 10:51:08 | INFO |       54.105 ¦      412           2              0.010 
2025-05-23 10:51:08 | INFO |       54.115 ¦      413           2              0.010 
2025-05-23 10:51:08 | INFO |       54.125 ¦      414           2              0.010 
2025-05-23 10:51:08 | INFO |       54.135 ¦      415           2              0.010 
2025-05-23 10:51:08 | INFO |       54.145 ¦      416           2              0.010 
2025-05-23 10:51:08 | INFO |       54.155 ¦      417           2              0.010 
2025-05-23 10:51:08 | INFO |       54.165 ¦      418           2              0.010 
2025-05-23 10:51:08 | INFO |       54.175 ¦      419           2              0.010 
2025-05-23 10:51:08 | INFO |       54.185 ¦      420           2              0.010 
2025-05-23 10:51:08 | INFO |       54.195 ¦      421           2              0.010 
2025-05-23 10:51:08 | INFO |       54.205 ¦      422           2              0.010 
2025-05-23 10:51:08 | INFO |       54.215 ¦      423           2              0.010 
2025-05-23 10:51:08 | INFO |       54.225 ¦      424           2              0.010 
2025-05-23 10:51:08 | INFO |       54.235 ¦      425           2              0.010 
2025-05-23 10:51:08 | INFO |       54.245 ¦      426           2              0.010 
2025-05-23 10:51:08 | INFO |       54.255 ¦      427           2              0.010 
2025-05-23 10:51:08 | INFO |       54.265 ¦      428           2              0.010 
2025-05-23 10:51:08 | INFO |       54.275 ¦      429           2              0.010 
2025-05-23 10:51:08 | INFO |       54.285 ¦      430           2              0.010 
2025-05-23 10:51:08 | INFO |       54.295 ¦      431           2              0.010 
2025-05-23 10:51:08 | INFO |       54.305 ¦      432           2              0.010 
2025-05-23 10:51:08 | INFO |       54.315 ¦      433           2              0.010 
2025-05-23 10:51:08 | INFO |       54.325 ¦      434           2              0.010 
2025-05-23 10:51:08 | INFO |       54.335 ¦      435           2              0.010 
2025-05-23 10:51:08 | INFO |       54.345 ¦      436           2              0.010 
2025-05-23 10:51:08 | INFO |       54.355 ¦      437           2              0.010 
2025-05-23 10:51:08 | INFO |       54.365 ¦      438           2              0.010 
2025-05-23 10:51:08 | INFO |       54.375 ¦      439           2              0.010 
2025-05-23 10:51:08 | INFO |       54.385 ¦      440           2              0.010 
2025-05-23 10:51:08 | INFO |       54.395 ¦      441           2              0.010 
2025-05-23 10:51:08 | INFO |       54.405 ¦      442           2              0.010 
2025-05-23 10:51:08 | INFO |       54.415 ¦      443           2              0.010 
2025-05-23 10:51:08 | INFO |       54.425 ¦      444           2              0.010 
2025-05-23 10:51:08 | INFO |       54.435 ¦      445           2              0.010 
2025-05-23 10:51:08 | INFO |       54.445 ¦      446           2              0.010 
2025-05-23 10:51:08 | INFO |       54.455 ¦      447           2              0.010 
2025-05-23 10:51:08 | INFO |       54.465 ¦      448           2              0.010 
2025-05-23 10:51:08 | INFO |       54.475 ¦      449           2              0.010 
2025-05-23 10:51:08 | INFO |       54.485 ¦      450           2              0.010 
2025-05-23 10:51:08 | INFO |       54.495 ¦      451           2              0.010 
2025-05-23 10:51:08 | INFO |       54.505 ¦      452           2              0.010 
2025-05-23 10:51:08 | INFO |       54.515 ¦      453           2              0.010 
2025-05-23 10:51:08 | INFO |       54.525 ¦      454           2              0.010 
2025-05-23 10:51:08 | INFO |       54.535 ¦      455           2              0.010 
2025-05-23 10:51:08 | INFO |       54.545 ¦      456           2              0.010 
2025-05-23 10:51:08 | INFO |       54.555 ¦      457           2              0.010 
2025-05-23 10:51:08 | INFO |       54.565 ¦      458           2              0.010 
2025-05-23 10:51:08 | INFO |       54.575 ¦      459           2              0.010 
2025-05-23 10:51:08 | INFO |       54.585 ¦      460           2              0.010 
2025-05-23 10:51:08 | INFO |       54.595 ¦      461           2              0.010 
2025-05-23 10:51:08 | INFO |       54.605 ¦      462           2              0.010 
2025-05-23 10:51:08 | INFO |       54.615 ¦      463           2              0.010 
2025-05-23 10:51:08 | INFO |       54.625 ¦      464           2              0.010 
2025-05-23 10:51:08 | INFO |       54.635 ¦      465           2              0.010 
2025-05-23 10:51:08 | INFO |       54.645 ¦      466           2              0.010 
2025-05-23 10:51:08 | INFO |       54.655 ¦      467           2              0.010 
2025-05-23 10:51:08 | INFO |       54.665 ¦      468           2              0.010 
2025-05-23 10:51:08 | INFO |       54.675 ¦      469           2              0.010 
2025-05-23 10:51:08 | INFO |       54.685 ¦      470           2              0.010 
2025-05-23 10:51:08 | INFO |       54.695 ¦      471           2              0.010 
2025-05-23 10:51:08 | INFO |       54.705 ¦      472           2              0.010 
2025-05-23 10:51:08 | INFO |       54.715 ¦      473           2              0.010 
2025-05-23 10:51:08 | INFO |       54.725 ¦      474           2              0.010 
2025-05-23 10:51:08 | INFO |       54.735 ¦      475           2              0.010 
2025-05-23 10:51:08 | INFO |       54.745 ¦      476           2              0.010 
2025-05-23 10:51:08 | INFO |       54.755 ¦      477           2              0.010 
2025-05-23 10:51:08 | INFO |       54.765 ¦      478           2              0.010 
2025-05-23 10:51:08 | INFO |       54.775 ¦      479           2              0.010 
2025-05-23 10:51:08 | INFO |       54.785 ¦      480           2              0.010 
2025-05-23 10:51:08 | INFO |       54.795 ¦      481           2              0.010 
2025-05-23 10:51:08 | INFO |       54.805 ¦      482           2              0.010 
2025-05-23 10:51:08 | INFO |       54.815 ¦      483           2              0.010 
2025-05-23 10:51:08 | INFO |       54.825 ¦      484           2              0.010 
2025-05-23 10:51:08 | INFO |       54.835 ¦      485           2              0.010 
2025-05-23 10:51:08 | INFO |       54.845 ¦      486           2              0.010 
2025-05-23 10:51:08 | INFO |       54.855 ¦      487           2              0.010 
2025-05-23 10:51:08 | INFO |       54.865 ¦      488           2              0.010 
2025-05-23 10:51:08 | INFO |       54.875 ¦      489           2              0.010 
2025-05-23 10:51:08 | INFO |       54.885 ¦      490           2              0.010 
2025-05-23 10:51:08 | INFO |       54.895 ¦      491           2              0.010 
2025-05-23 10:51:08 | INFO |       54.905 ¦      492           2              0.010 
2025-05-23 10:51:08 | INFO |       54.915 ¦      493           2              0.010 
2025-05-23 10:51:08 | INFO |       54.925 ¦      494           2              0.010 
2025-05-23 10:51:08 | INFO |       54.935 ¦      495           2              0.010 
2025-05-23 10:51:08 | INFO |       54.945 ¦      496           2              0.010 
2025-05-23 10:51:08 | INFO |       54.955 ¦      497           2              0.010 
2025-05-23 10:51:08 | INFO |       54.965 ¦      498           2              0.010 
2025-05-23 10:51:08 | INFO |       54.975 ¦      499           2              0.010 
2025-05-23 10:51:08 | INFO |       54.985 ¦      500           2              0.010 
2025-05-23 10:51:08 | INFO |       54.995 ¦      501           2              0.010 
2025-05-23 10:51:08 | INFO |       55.005 ¦      502           2              0.010 
2025-05-23 10:51:08 | INFO |       55.015 ¦      503           2              0.010 
2025-05-23 10:51:08 | INFO |       55.025 ¦      504           2              0.010 
2025-05-23 10:51:08 | INFO |       55.035 ¦      505           2              0.010 
2025-05-23 10:51:08 | INFO |       55.045 ¦      506           2              0.010 
2025-05-23 10:51:08 | INFO |       55.055 ¦      507           2              0.010 
2025-05-23 10:51:08 | INFO |       55.065 ¦      508           2              0.010 
2025-05-23 10:51:08 | INFO |       55.075 ¦      509           2              0.010 
2025-05-23 10:51:08 | INFO |       55.085 ¦      510           2              0.010 
2025-05-23 10:51:08 | INFO |       55.095 ¦      511           2              0.010 
2025-05-23 10:51:08 | INFO |       55.105 ¦      512           2              0.010 
2025-05-23 10:51:08 | INFO |       55.115 ¦      513           2              0.010 
2025-05-23 10:51:08 | INFO |       55.125 ¦      514           2              0.010 
2025-05-23 10:51:08 | INFO |       55.135 ¦      515           2              0.010 
2025-05-23 10:51:08 | INFO |       55.145 ¦      516           2              0.010 
2025-05-23 10:51:08 | INFO |       55.155 ¦      517           2              0.010 
2025-05-23 10:51:08 | INFO |       55.165 ¦      518           2              0.010 
2025-05-23 10:51:08 | INFO |       55.175 ¦      519           2              0.010 
2025-05-23 10:51:08 | INFO |       55.185 ¦      520           2              0.010 
2025-05-23 10:51:08 | INFO |       55.195 ¦      521           2              0.010 
2025-05-23 10:51:08 | INFO |       55.205 ¦      522           2              0.010 
2025-05-23 10:51:08 | INFO |       55.215 ¦      523           2              0.010 
2025-05-23 10:51:08 | INFO |       55.225 ¦      524           2              0.010 
2025-05-23 10:51:08 | INFO |       55.235 ¦      525           2              0.010 
2025-05-23 10:51:08 | INFO |       55.245 ¦      526           2              0.010 
2025-05-23 10:51:08 | INFO |       55.255 ¦      527           2              0.010 
2025-05-23 10:51:08 | INFO |       55.265 ¦      528           2              0.010 
2025-05-23 10:51:08 | INFO |       55.275 ¦      529           2              0.010 
2025-05-23 10:51:08 | INFO |       55.285 ¦      530           2              0.010 
2025-05-23 10:51:08 | INFO |       55.295 ¦      531           2              0.010 
2025-05-23 10:51:08 | INFO |       55.305 ¦      532           2              0.010 
2025-05-23 10:51:08 | INFO |       55.315 ¦      533           2              0.010 
2025-05-23 10:51:08 | INFO |       55.325 ¦      534           2              0.010 
2025-05-23 10:51:08 | INFO |       55.335 ¦      535           2              0.010 
2025-05-23 10:51:08 | INFO |       55.345 ¦      536           2              0.010 
2025-05-23 10:51:08 | INFO |       55.355 ¦      537           2              0.010 
2025-05-23 10:51:08 | INFO |       55.365 ¦      538           2              0.010 
2025-05-23 10:51:08 | INFO |       55.375 ¦      539           2              0.010 
2025-05-23 10:51:08 | INFO |       55.385 ¦      540           2              0.010 
2025-05-23 10:51:08 | INFO |       55.395 ¦      541           2              0.010 
2025-05-23 10:51:08 | INFO |       55.405 ¦      542           2              0.010 
2025-05-23 10:51:08 | INFO |       55.415 ¦      543           2              0.010 
2025-05-23 10:51:08 | INFO |       55.425 ¦      544           2              0.010 
2025-05-23 10:51:08 | INFO |       55.435 ¦      545           2              0.010 
2025-05-23 10:51:08 | INFO |       55.445 ¦      546           2              0.010 
2025-05-23 10:51:08 | INFO |       55.455 ¦      547           2              0.010 
2025-05-23 10:51:08 | INFO |       55.465 ¦      548           2              0.010 
2025-05-23 10:51:08 | INFO |       55.475 ¦      549           2              0.010 
2025-05-23 10:51:08 | INFO |       55.485 ¦      550           2              0.010 
2025-05-23 10:51:08 | INFO |       55.495 ¦      551           2              0.010 
2025-05-23 10:51:08 | INFO |       55.505 ¦      552           2              0.010 
2025-05-23 10:51:08 | INFO |       55.515 ¦      553           2              0.010 
2025-05-23 10:51:08 | INFO |       55.525 ¦      554           2              0.010 
2025-05-23 10:51:08 | INFO |       55.535 ¦      555           2              0.010 
2025-05-23 10:51:08 | INFO |       55.545 ¦      556           2              0.010 
2025-05-23 10:51:08 | INFO |       55.555 ¦      557           2              0.010 
2025-05-23 10:51:08 | INFO |       55.565 ¦      558           2              0.010 
2025-05-23 10:51:08 | INFO |       55.575 ¦      559           2              0.010 
2025-05-23 10:51:08 | INFO |       55.585 ¦      560           2              0.010 
2025-05-23 10:51:08 | INFO |       55.595 ¦      561           2              0.010 
2025-05-23 10:51:08 | INFO |       55.605 ¦      562           2              0.010 
2025-05-23 10:51:08 | INFO |       55.615 ¦      563           2              0.010 
2025-05-23 10:51:08 | INFO |       55.625 ¦      564           2              0.010 
2025-05-23 10:51:08 | INFO |       55.635 ¦      565           2              0.010 
2025-05-23 10:51:08 | INFO |       55.645 ¦      566           2              0.010 
2025-05-23 10:51:08 | INFO |       55.655 ¦      567           2              0.010 
2025-05-23 10:51:08 | INFO |       55.665 ¦      568           2              0.010 
2025-05-23 10:51:08 | INFO |       55.675 ¦      569           2              0.010 
2025-05-23 10:51:08 | INFO |       55.685 ¦      570           2              0.010 
2025-05-23 10:51:08 | INFO |       55.695 ¦      571           2              0.010 
2025-05-23 10:51:08 | INFO |       55.705 ¦      572           2              0.010 
2025-05-23 10:51:08 | INFO |       55.715 ¦      573           2              0.010 
2025-05-23 10:51:08 | INFO |       55.725 ¦      574           2              0.010 
2025-05-23 10:51:08 | INFO |       55.735 ¦      575           2              0.010 
2025-05-23 10:51:08 | INFO |       55.745 ¦      576           2              0.010 
2025-05-23 10:51:08 | INFO |       55.755 ¦      577           2              0.010 
2025-05-23 10:51:08 | INFO |       55.765 ¦      578           2              0.010 
2025-05-23 10:51:08 | INFO |       55.775 ¦      579           2              0.010 
2025-05-23 10:51:08 | INFO |       55.785 ¦      580           2              0.010 
2025-05-23 10:51:08 | INFO |       55.795 ¦      581           2              0.010 
2025-05-23 10:51:08 | INFO |       55.805 ¦      582           2              0.010 
2025-05-23 10:51:08 | INFO |       55.815 ¦      583           2              0.010 
2025-05-23 10:51:08 | INFO |       55.825 ¦      584           2              0.010 
2025-05-23 10:51:08 | INFO |       55.835 ¦      585           2              0.010 
2025-05-23 10:51:08 | INFO |       55.845 ¦      586           2              0.010 
2025-05-23 10:51:08 | INFO |       55.855 ¦      587           2              0.010 
2025-05-23 10:51:08 | INFO |       55.865 ¦      588           2              0.010 
2025-05-23 10:51:08 | INFO |       55.875 ¦      589           2              0.010 
2025-05-23 10:51:08 | INFO |       55.885 ¦      590           2              0.010 
2025-05-23 10:51:08 | INFO |       55.895 ¦      591           2              0.010 
2025-05-23 10:51:08 | INFO |       55.905 ¦      592           2              0.010 
2025-05-23 10:51:08 | INFO |       55.915 ¦      593           2              0.010 
2025-05-23 10:51:08 | INFO |       55.925 ¦      594           2              0.010 
2025-05-23 10:51:08 | INFO |       55.935 ¦      595           2              0.010 
2025-05-23 10:51:08 | INFO |       55.945 ¦      596           2              0.010 
2025-05-23 10:51:08 | INFO |       55.955 ¦      597           2              0.010 
2025-05-23 10:51:08 | INFO |       55.965 ¦      598           2              0.010 
2025-05-23 10:51:08 | INFO |       55.975 ¦      599           2              0.010 
2025-05-23 10:51:08 | INFO |       55.985 ¦      600           2              0.010 
2025-05-23 10:51:08 | INFO |       55.995 ¦      601           2              0.010 
2025-05-23 10:51:08 | INFO |       56.005 ¦      602           2              0.010 
2025-05-23 10:51:08 | INFO |       56.015 ¦      603           2              0.010 
2025-05-23 10:51:08 | INFO |       56.025 ¦      604           2              0.010 
2025-05-23 10:51:08 | INFO |       56.035 ¦      605           2              0.010 
2025-05-23 10:51:08 | INFO |       56.045 ¦      606           2              0.010 
2025-05-23 10:51:08 | INFO |       56.055 ¦      607           2              0.010 
2025-05-23 10:51:08 | INFO |       56.065 ¦      608           2              0.010 
2025-05-23 10:51:08 | INFO |       56.075 ¦      609           2              0.010 
2025-05-23 10:51:08 | INFO |       56.085 ¦      610           2              0.010 
2025-05-23 10:51:08 | INFO |       56.095 ¦      611           2              0.010 
2025-05-23 10:51:08 | INFO |       56.105 ¦      612           2              0.010 
2025-05-23 10:51:08 | INFO |       56.115 ¦      613           2              0.010 
2025-05-23 10:51:08 | INFO |       56.125 ¦      614           2              0.010 
2025-05-23 10:51:08 | INFO |       56.135 ¦      615           2              0.010 
2025-05-23 10:51:08 | INFO |       56.145 ¦      616           2              0.010 
2025-05-23 10:51:08 | INFO |       56.155 ¦      617           2              0.010 
2025-05-23 10:51:08 | INFO |       56.165 ¦      618           2              0.010 
2025-05-23 10:51:08 | INFO |       56.175 ¦      619           2              0.010 
2025-05-23 10:51:08 | INFO |       56.185 ¦      620           2              0.010 
2025-05-23 10:51:08 | INFO |       56.195 ¦      621           2              0.010 
2025-05-23 10:51:08 | INFO |       56.205 ¦      622           2              0.010 
2025-05-23 10:51:08 | INFO |       56.215 ¦      623           2              0.010 
2025-05-23 10:51:08 | INFO |       56.225 ¦      624           2              0.010 
2025-05-23 10:51:08 | INFO |       56.235 ¦      625           2              0.010 
2025-05-23 10:51:08 | INFO |       56.245 ¦      626           2              0.010 
2025-05-23 10:51:08 | INFO |       56.255 ¦      627           2              0.010 
2025-05-23 10:51:08 | INFO |       56.265 ¦      628           2              0.010 
2025-05-23 10:51:08 | INFO |       56.275 ¦      629           2              0.010 
2025-05-23 10:51:08 | INFO |       56.285 ¦      630           2              0.010 
2025-05-23 10:51:08 | INFO |       56.295 ¦      631           2              0.010 
2025-05-23 10:51:08 | INFO |       56.305 ¦      632           2              0.010 
2025-05-23 10:51:08 | INFO |       56.315 ¦      633           2              0.010 
2025-05-23 10:51:08 | INFO |       56.325 ¦      634           2              0.010 
2025-05-23 10:51:08 | INFO |       56.335 ¦      635           2              0.010 
2025-05-23 10:51:08 | INFO |       56.345 ¦      636           2              0.010 
2025-05-23 10:51:08 | INFO |       56.355 ¦      637           2              0.010 
2025-05-23 10:51:08 | INFO |       56.365 ¦      638           2              0.010 
2025-05-23 10:51:08 | INFO |       56.375 ¦      639           2              0.010 
2025-05-23 10:51:08 | INFO |       56.385 ¦      640           2              0.010 
2025-05-23 10:51:08 | INFO |       56.395 ¦      641           2              0.010 
2025-05-23 10:51:08 | INFO |       56.405 ¦      642           2              0.010 
2025-05-23 10:51:08 | INFO |       56.415 ¦      643           2              0.010 
2025-05-23 10:51:08 | INFO |       56.425 ¦      644           2              0.010 
2025-05-23 10:51:08 | INFO |       56.435 ¦      645           2              0.010 
2025-05-23 10:51:08 | INFO |       56.445 ¦      646           2              0.010 
2025-05-23 10:51:08 | INFO |       56.455 ¦      647           2              0.010 
2025-05-23 10:51:08 | INFO |       56.465 ¦      648           2              0.010 
2025-05-23 10:51:08 | INFO |       56.475 ¦      649           2              0.010 
2025-05-23 10:51:08 | INFO |       56.485 ¦      650           2              0.010 
2025-05-23 10:51:08 | INFO |       56.495 ¦      651           2              0.010 
2025-05-23 10:51:08 | INFO |       56.505 ¦      652           2              0.010 
2025-05-23 10:51:08 | INFO |       56.515 ¦      653           2              0.010 
2025-05-23 10:51:08 | INFO |       56.525 ¦      654           2              0.010 
2025-05-23 10:51:08 | INFO |       56.535 ¦      655           2              0.010 
2025-05-23 10:51:08 | INFO |       56.545 ¦      656           2              0.010 
2025-05-23 10:51:08 | INFO |       56.555 ¦      657           2              0.010 
2025-05-23 10:51:08 | INFO |       56.565 ¦      658           2              0.010 
2025-05-23 10:51:08 | INFO |       56.575 ¦      659           2              0.010 
2025-05-23 10:51:08 | INFO |       56.585 ¦      660           2              0.010 
2025-05-23 10:51:08 | INFO |       56.595 ¦      661           2              0.010 
2025-05-23 10:51:08 | INFO |       56.605 ¦      662           2              0.010 
2025-05-23 10:51:08 | INFO |       56.615 ¦      663           2              0.010 
2025-05-23 10:51:08 | INFO |       56.625 ¦      664           2              0.010 
2025-05-23 10:51:08 | INFO |       56.635 ¦      665           2              0.010 
2025-05-23 10:51:08 | INFO |       56.645 ¦      666           2              0.010 
2025-05-23 10:51:08 | INFO |       56.655 ¦      667           2              0.010 
2025-05-23 10:51:08 | INFO |       56.665 ¦      668           2              0.010 
2025-05-23 10:51:08 | INFO |       56.675 ¦      669           2              0.010 
2025-05-23 10:51:08 | INFO |       56.685 ¦      670           2              0.010 
2025-05-23 10:51:08 | INFO |       56.695 ¦      671           2              0.010 
2025-05-23 10:51:08 | INFO |       56.705 ¦      672           2              0.010 
2025-05-23 10:51:08 | INFO |       56.715 ¦      673           2              0.010 
2025-05-23 10:51:08 | INFO |       56.725 ¦      674           2              0.010 
2025-05-23 10:51:08 | INFO |       56.735 ¦      675           2              0.010 
2025-05-23 10:51:08 | INFO |       56.745 ¦      676           2              0.010 
2025-05-23 10:51:08 | INFO |       56.755 ¦      677           2              0.010 
2025-05-23 10:51:08 | INFO |       56.765 ¦      678           2              0.010 
2025-05-23 10:51:08 | INFO |       56.775 ¦      679           2              0.010 
2025-05-23 10:51:08 | INFO |       56.785 ¦      680           2              0.010 
2025-05-23 10:51:08 | INFO |       56.795 ¦      681           2              0.010 
2025-05-23 10:51:08 | INFO |       56.805 ¦      682           2              0.010 
2025-05-23 10:51:08 | INFO |       56.815 ¦      683           2              0.010 
2025-05-23 10:51:08 | INFO |       56.825 ¦      684           2              0.010 
2025-05-23 10:51:08 | INFO |       56.835 ¦      685           2              0.010 
2025-05-23 10:51:08 | INFO |       56.845 ¦      686           2              0.010 
2025-05-23 10:51:08 | INFO |       56.855 ¦      687           2              0.010 
2025-05-23 10:51:08 | INFO |       56.865 ¦      688           2              0.010 
2025-05-23 10:51:08 | INFO |       56.875 ¦      689           2              0.010 
2025-05-23 10:51:08 | INFO |       56.885 ¦      690           2              0.010 
2025-05-23 10:51:08 | INFO |       56.895 ¦      691           2              0.010 
2025-05-23 10:51:08 | INFO |       56.905 ¦      692           2              0.010 
2025-05-23 10:51:08 | INFO |       56.915 ¦      693           2              0.010 
2025-05-23 10:51:08 | INFO |       56.925 ¦      694           2              0.010 
2025-05-23 10:51:08 | INFO |       56.935 ¦      695           2              0.010 
2025-05-23 10:51:08 | INFO |       56.945 ¦      696           2              0.010 
2025-05-23 10:51:08 | INFO |       56.955 ¦      697           2              0.010 
2025-05-23 10:51:08 | INFO |       56.965 ¦      698           2              0.010 
2025-05-23 10:51:08 | INFO |       56.975 ¦      699           2              0.010 
2025-05-23 10:51:08 | INFO |       56.985 ¦      700           2              0.010 
2025-05-23 10:51:08 | INFO |       56.995 ¦      701           2              0.010 
2025-05-23 10:51:08 | INFO |       57.005 ¦      702           2              0.010 
2025-05-23 10:51:08 | INFO |       57.015 ¦      703           2              0.010 
2025-05-23 10:51:08 | INFO |       57.025 ¦      704           2              0.010 
2025-05-23 10:51:08 | INFO |       57.035 ¦      705           2              0.010 
2025-05-23 10:51:08 | INFO |       57.045 ¦      706           2              0.010 
2025-05-23 10:51:08 | INFO |       57.055 ¦      707           2              0.010 
2025-05-23 10:51:08 | INFO |       57.065 ¦      708           2              0.010 
2025-05-23 10:51:08 | INFO |       57.075 ¦      709           2              0.010 
2025-05-23 10:51:08 | INFO |       57.085 ¦      710           2              0.010 
2025-05-23 10:51:08 | INFO |       57.095 ¦      711           2              0.010 
2025-05-23 10:51:08 | INFO |       57.105 ¦      712           2              0.010 
2025-05-23 10:51:08 | INFO |       57.115 ¦      713           2              0.010 
2025-05-23 10:51:08 | INFO |       57.125 ¦      714           2              0.010 
2025-05-23 10:51:08 | INFO |       57.135 ¦      715           2              0.010 
2025-05-23 10:51:08 | INFO |       57.145 ¦      716           2              0.010 
2025-05-23 10:51:08 | INFO |       57.155 ¦      717           2              0.010 
2025-05-23 10:51:08 | INFO |       57.165 ¦      718           2              0.010 
2025-05-23 10:51:08 | INFO |       57.175 ¦      719           2              0.010 
2025-05-23 10:51:08 | INFO |       57.185 ¦      720           2              0.010 
2025-05-23 10:51:08 | INFO |       57.195 ¦      721           2              0.010 
2025-05-23 10:51:08 | INFO |       57.205 ¦      722           2              0.010 
2025-05-23 10:51:08 | INFO |       57.215 ¦      723           2              0.010 
2025-05-23 10:51:08 | INFO |       57.225 ¦      724           2              0.010 
2025-05-23 10:51:08 | INFO |       57.235 ¦      725           2              0.010 
2025-05-23 10:51:08 | INFO |       57.245 ¦      726           2              0.010 
2025-05-23 10:51:08 | INFO |       57.255 ¦      727           2              0.010 
2025-05-23 10:51:08 | INFO |       57.265 ¦      728           2              0.010 
2025-05-23 10:51:08 | INFO |       57.275 ¦      729           2              0.010 
2025-05-23 10:51:08 | INFO |       57.285 ¦      730           2              0.010 
2025-05-23 10:51:08 | INFO |       57.295 ¦      731           2              0.010 
2025-05-23 10:51:08 | INFO |       57.305 ¦      732           2              0.010 
2025-05-23 10:51:08 | INFO |       57.315 ¦      733           2              0.010 
2025-05-23 10:51:08 | INFO |       57.325 ¦      734           2              0.010 
2025-05-23 10:51:08 | INFO |       57.335 ¦      735           2              0.010 
2025-05-23 10:51:08 | INFO |       57.345 ¦      736           2              0.010 
2025-05-23 10:51:08 | INFO |       57.355 ¦      737           2              0.010 
2025-05-23 10:51:08 | INFO |       57.365 ¦      738           2              0.010 
2025-05-23 10:51:08 | INFO |       57.375 ¦      739           2              0.010 
2025-05-23 10:51:08 | INFO |       57.385 ¦      740           2              0.010 
2025-05-23 10:51:08 | INFO |       57.395 ¦      741           2              0.010 
2025-05-23 10:51:08 | INFO |       57.405 ¦      742           2              0.010 
2025-05-23 10:51:08 | INFO |       57.415 ¦      743           2              0.010 
2025-05-23 10:51:08 | INFO |       57.425 ¦      744           2              0.010 
2025-05-23 10:51:08 | INFO |       57.435 ¦      745           2              0.010 
2025-05-23 10:51:08 | INFO |       57.445 ¦      746           2              0.010 
2025-05-23 10:51:08 | INFO |       57.455 ¦      747           2              0.010 
2025-05-23 10:51:08 | INFO |       57.465 ¦      748           2              0.010 
2025-05-23 10:51:08 | INFO |       57.475 ¦      749           2              0.010 
2025-05-23 10:51:08 | INFO |       57.485 ¦      750           2              0.010 
2025-05-23 10:51:08 | INFO |       57.495 ¦      751           2              0.010 
2025-05-23 10:51:08 | INFO |       57.505 ¦      752           2              0.010 
2025-05-23 10:51:08 | INFO |       57.515 ¦      753           2              0.010 
2025-05-23 10:51:08 | INFO |       57.525 ¦      754           2              0.010 
2025-05-23 10:51:08 | INFO |       57.535 ¦      755           2              0.010 
2025-05-23 10:51:08 | INFO |       57.545 ¦      756           2              0.010 
2025-05-23 10:51:08 | INFO |       57.555 ¦      757           2              0.010 
2025-05-23 10:51:08 | INFO |       57.565 ¦      758           2              0.010 
2025-05-23 10:51:08 | INFO |       57.575 ¦      759           2              0.010 
2025-05-23 10:51:08 | INFO |       57.585 ¦      760           2              0.010 
2025-05-23 10:51:08 | INFO |       57.595 ¦      761           2              0.010 
2025-05-23 10:51:08 | INFO |       57.605 ¦      762           2              0.010 
2025-05-23 10:51:08 | INFO |       57.615 ¦      763           2              0.010 
2025-05-23 10:51:08 | INFO |       57.625 ¦      764           2              0.010 
2025-05-23 10:51:08 | INFO |       57.635 ¦      765           2              0.010 
2025-05-23 10:51:08 | INFO |       57.645 ¦      766           2              0.010 
2025-05-23 10:51:08 | INFO |       57.655 ¦      767           2              0.010 
2025-05-23 10:51:08 | INFO |       57.665 ¦      768           2              0.010 
2025-05-23 10:51:08 | INFO |       57.675 ¦      769           2              0.010 
2025-05-23 10:51:08 | INFO |       57.685 ¦      770           2              0.010 
2025-05-23 10:51:08 | INFO |       57.695 ¦      771           2              0.010 
2025-05-23 10:51:08 | INFO |       57.705 ¦      772           2              0.010 
2025-05-23 10:51:08 | INFO |       57.715 ¦      773           2              0.010 
2025-05-23 10:51:08 | INFO |       57.725 ¦      774           2              0.010 
2025-05-23 10:51:08 | INFO |       57.735 ¦      775           2              0.010 
2025-05-23 10:51:08 | INFO |       57.745 ¦      776           2              0.010 
2025-05-23 10:51:08 | INFO |       57.755 ¦      777           2              0.010 
2025-05-23 10:51:08 | INFO |       57.765 ¦      778           2              0.010 
2025-05-23 10:51:08 | INFO |       57.775 ¦      779           2              0.010 
2025-05-23 10:51:08 | INFO |       57.785 ¦      780           2              0.010 
2025-05-23 10:51:08 | INFO |       57.795 ¦      781           2              0.010 
2025-05-23 10:51:08 | INFO |       57.805 ¦      782           2              0.010 
2025-05-23 10:51:08 | INFO |       57.815 ¦      783           2              0.010 
2025-05-23 10:51:08 | INFO |       57.825 ¦      784           2              0.010 
2025-05-23 10:51:08 | INFO |       57.835 ¦      785           2              0.010 
2025-05-23 10:51:08 | INFO |       57.845 ¦      786           2              0.010 
2025-05-23 10:51:08 | INFO |       57.855 ¦      787           2              0.010 
2025-05-23 10:51:08 | INFO |       57.865 ¦      788           2              0.010 
2025-05-23 10:51:08 | INFO |       57.875 ¦      789           2              0.010 
2025-05-23 10:51:08 | INFO |       57.885 ¦      790           2              0.010 
2025-05-23 10:51:08 | INFO |       57.895 ¦      791           2              0.010 
2025-05-23 10:51:08 | INFO |       57.905 ¦      792           2              0.010 
2025-05-23 10:51:08 | INFO |       57.915 ¦      793           2              0.010 
2025-05-23 10:51:08 | INFO |       57.925 ¦      794           2              0.010 
2025-05-23 10:51:08 | INFO |       57.935 ¦      795           2              0.010 
2025-05-23 10:51:08 | INFO |       57.945 ¦      796           2              0.010 
2025-05-23 10:51:08 | INFO |       57.955 ¦      797           2              0.010 
2025-05-23 10:51:08 | INFO |       57.965 ¦      798           2              0.010 
2025-05-23 10:51:08 | INFO |       57.975 ¦      799           2              0.010 
2025-05-23 10:51:08 | INFO |       57.985 ¦      800           2              0.010 
2025-05-23 10:51:08 | INFO |       57.995 ¦      801           2              0.010 
2025-05-23 10:51:08 | INFO |       58.005 ¦      802           2              0.010 
2025-05-23 10:51:08 | INFO |       58.015 ¦      803           2              0.010 
2025-05-23 10:51:08 | INFO |       58.025 ¦      804           2              0.010 
2025-05-23 10:51:08 | INFO |       58.035 ¦      805           2              0.010 
2025-05-23 10:51:08 | INFO |       58.045 ¦      806           2              0.010 
2025-05-23 10:51:08 | INFO |       58.055 ¦      807           2              0.010 
2025-05-23 10:51:08 | INFO |       58.065 ¦      808           2              0.010 
2025-05-23 10:51:08 | INFO |       58.075 ¦      809           2              0.010 
2025-05-23 10:51:08 | INFO |       58.085 ¦      810           2              0.010 
2025-05-23 10:51:08 | INFO |       58.095 ¦      811           2              0.010 
2025-05-23 10:51:08 | INFO |       58.105 ¦      812           2              0.010 
2025-05-23 10:51:08 | INFO |       58.115 ¦      813           2              0.010 
2025-05-23 10:51:08 | INFO |       58.125 ¦      814           2              0.010 
2025-05-23 10:51:08 | INFO |       58.135 ¦      815           2              0.010 
2025-05-23 10:51:08 | INFO |       58.145 ¦      816           2              0.010 
2025-05-23 10:51:08 | INFO |       58.155 ¦      817           2              0.010 
2025-05-23 10:51:08 | INFO |       58.165 ¦      818           2              0.010 
2025-05-23 10:51:08 | INFO |       58.175 ¦      819           2              0.010 
2025-05-23 10:51:08 | INFO |       58.185 ¦      820           2              0.010 
2025-05-23 10:51:08 | INFO |       58.195 ¦      821           2              0.010 
2025-05-23 10:51:08 | INFO |       58.205 ¦      822           2              0.010 
2025-05-23 10:51:08 | INFO |       58.215 ¦      823           2              0.010 
2025-05-23 10:51:08 | INFO |       58.225 ¦      824           2              0.010 
2025-05-23 10:51:08 | INFO |       58.235 ¦      825           2              0.010 
2025-05-23 10:51:08 | INFO |       58.245 ¦      826           2              0.010 
2025-05-23 10:51:08 | INFO |       58.255 ¦      827           2              0.010 
2025-05-23 10:51:08 | INFO |       58.265 ¦      828           2              0.010 
2025-05-23 10:51:08 | INFO |       58.275 ¦      829           2              0.010 
2025-05-23 10:51:08 | INFO |       58.285 ¦      830           2              0.010 
2025-05-23 10:51:08 | INFO |       58.295 ¦      831           2              0.010 
2025-05-23 10:51:08 | INFO |       58.305 ¦      832           2              0.010 
2025-05-23 10:51:08 | INFO |       58.315 ¦      833           2              0.010 
2025-05-23 10:51:08 | INFO |       58.325 ¦      834           2              0.010 
2025-05-23 10:51:08 | INFO |       58.335 ¦      835           2              0.010 
2025-05-23 10:51:08 | INFO |       58.345 ¦      836           2              0.010 
2025-05-23 10:51:08 | INFO |       58.355 ¦      837           2              0.010 
2025-05-23 10:51:08 | INFO |       58.365 ¦      838           2              0.010 
2025-05-23 10:51:08 | INFO |       58.375 ¦      839           2              0.010 
2025-05-23 10:51:08 | INFO |       58.385 ¦      840           2              0.010 
2025-05-23 10:51:08 | INFO |       58.395 ¦      841           2              0.010 
2025-05-23 10:51:08 | INFO |       58.405 ¦      842           2              0.010 
2025-05-23 10:51:08 | INFO |       58.415 ¦      843           2              0.010 
2025-05-23 10:51:08 | INFO |       58.425 ¦      844           2              0.010 
2025-05-23 10:51:08 | INFO |       58.435 ¦      845           2              0.010 
2025-05-23 10:51:08 | INFO |       58.445 ¦      846           2              0.010 
2025-05-23 10:51:08 | INFO |       58.455 ¦      847           2              0.010 
2025-05-23 10:51:08 | INFO |       58.465 ¦      848           2              0.010 
2025-05-23 10:51:08 | INFO |       58.475 ¦      849           2              0.010 
2025-05-23 10:51:08 | INFO |       58.485 ¦      850           2              0.010 
2025-05-23 10:51:08 | INFO |       58.495 ¦      851           2              0.010 
2025-05-23 10:51:08 | INFO |       58.505 ¦      852           2              0.010 
2025-05-23 10:51:08 | INFO |       58.515 ¦      853           2              0.010 
2025-05-23 10:51:08 | INFO |       58.525 ¦      854           2              0.010 
2025-05-23 10:51:08 | INFO |       58.535 ¦      855           2              0.010 
2025-05-23 10:51:08 | INFO |       58.545 ¦      856           2              0.010 
2025-05-23 10:51:08 | INFO |       58.555 ¦      857           2              0.010 
2025-05-23 10:51:08 | INFO |       58.565 ¦      858           2              0.010 
2025-05-23 10:51:08 | INFO |       58.575 ¦      859           2              0.010 
2025-05-23 10:51:08 | INFO |       58.585 ¦      860           2              0.010 
2025-05-23 10:51:08 | INFO |       58.595 ¦      861           2              0.010 
2025-05-23 10:51:08 | INFO |       58.605 ¦      862           2              0.010 
2025-05-23 10:51:08 | INFO |       58.615 ¦      863           2              0.010 
2025-05-23 10:51:08 | INFO |       58.625 ¦      864           2              0.010 
2025-05-23 10:51:08 | INFO |       58.635 ¦      865           2              0.010 
2025-05-23 10:51:08 | INFO |       58.645 ¦      866           2              0.010 
2025-05-23 10:51:08 | INFO |       58.655 ¦      867           2              0.010 
2025-05-23 10:51:08 | INFO |       58.665 ¦      868           2              0.010 
2025-05-23 10:51:08 | INFO |       58.675 ¦      869           2              0.010 
2025-05-23 10:51:08 | INFO |       58.685 ¦      870           2              0.010 
2025-05-23 10:51:08 | INFO |       58.695 ¦      871           2              0.010 
2025-05-23 10:51:08 | INFO |       58.705 ¦      872           2              0.010 
2025-05-23 10:51:08 | INFO |       58.715 ¦      873           2              0.010 
2025-05-23 10:51:08 | INFO |       58.725 ¦      874           2              0.010 
2025-05-23 10:51:08 | INFO |       58.735 ¦      875           2              0.010 
2025-05-23 10:51:08 | INFO |       58.745 ¦      876           2              0.010 
2025-05-23 10:51:08 | INFO |       58.755 ¦      877           2              0.010 
2025-05-23 10:51:08 | INFO |       58.765 ¦      878           2              0.010 
2025-05-23 10:51:08 | INFO |       58.775 ¦      879           2              0.010 
2025-05-23 10:51:08 | INFO |       58.785 ¦      880           2              0.010 
2025-05-23 10:51:08 | INFO |       58.795 ¦      881           2              0.010 
2025-05-23 10:51:08 | INFO |       58.805 ¦      882           2              0.010 
2025-05-23 10:51:08 | INFO |       58.815 ¦      883           2              0.010 
2025-05-23 10:51:08 | INFO |       58.825 ¦      884           2              0.010 
2025-05-23 10:51:08 | INFO |       58.835 ¦      885           2              0.010 
2025-05-23 10:51:08 | INFO |       58.845 ¦      886           2              0.010 
2025-05-23 10:51:08 | INFO |       58.855 ¦      887           2              0.010 
2025-05-23 10:51:08 | INFO |       58.865 ¦      888           2              0.010 
2025-05-23 10:51:08 | INFO |       58.875 ¦      889           2              0.010 
2025-05-23 10:51:08 | INFO |       58.885 ¦      890           2              0.010 
2025-05-23 10:51:08 | INFO |       58.895 ¦      891           2              0.010 
2025-05-23 10:51:08 | INFO |       58.905 ¦      892           2              0.010 
2025-05-23 10:51:08 | INFO |       58.915 ¦      893           2              0.010 
2025-05-23 10:51:08 | INFO |       58.925 ¦      894           2              0.010 
2025-05-23 10:51:08 | INFO |       58.935 ¦      895           2              0.010 
2025-05-23 10:51:08 | INFO |       58.945 ¦      896           2              0.010 
2025-05-23 10:51:08 | INFO |       58.955 ¦      897           2              0.010 
2025-05-23 10:51:08 | INFO |       58.965 ¦      898           2              0.010 
2025-05-23 10:51:08 | INFO |       58.975 ¦      899           2              0.010 
2025-05-23 10:51:08 | INFO |       58.985 ¦      900           2              0.010 
2025-05-23 10:51:08 | INFO |       58.995 ¦      901           2              0.010 
2025-05-23 10:51:08 | INFO |       59.005 ¦      902           2              0.010 
2025-05-23 10:51:08 | INFO |       59.015 ¦      903           2              0.010 
2025-05-23 10:51:08 | INFO |       59.025 ¦      904           2              0.010 
2025-05-23 10:51:08 | INFO |       59.035 ¦      905           2              0.010 
2025-05-23 10:51:08 | INFO |       59.045 ¦      906           2              0.010 
2025-05-23 10:51:08 | INFO |       59.055 ¦      907           2              0.010 
2025-05-23 10:51:08 | INFO |       59.065 ¦      908           2              0.010 
2025-05-23 10:51:08 | INFO |       59.075 ¦      909           2              0.010 
2025-05-23 10:51:08 | INFO |       59.085 ¦      910           2              0.010 
2025-05-23 10:51:08 | INFO |       59.095 ¦      911           2              0.010 
2025-05-23 10:51:08 | INFO |       59.105 ¦      912           2              0.010 
2025-05-23 10:51:08 | INFO |       59.115 ¦      913           2              0.010 
2025-05-23 10:51:08 | INFO |       59.125 ¦      914           2              0.010 
2025-05-23 10:51:08 | INFO |       59.135 ¦      915           2              0.010 
2025-05-23 10:51:08 | INFO |       59.145 ¦      916           2              0.010 
2025-05-23 10:51:08 | INFO |       59.155 ¦      917           2              0.010 
2025-05-23 10:51:08 | INFO |       59.165 ¦      918           2              0.010 
2025-05-23 10:51:08 | INFO |       59.175 ¦      919           2              0.010 
2025-05-23 10:51:08 | INFO |       59.185 ¦      920           2              0.010 
2025-05-23 10:51:08 | INFO |       59.195 ¦      921           2              0.010 
2025-05-23 10:51:08 | INFO |       59.205 ¦      922           2              0.010 
2025-05-23 10:51:08 | INFO |       59.215 ¦      923           2              0.010 
2025-05-23 10:51:08 | INFO |       59.225 ¦      924           2              0.010 
2025-05-23 10:51:08 | INFO |       59.235 ¦      925           2              0.010 
2025-05-23 10:51:08 | INFO |       59.245 ¦      926           2              0.010 
2025-05-23 10:51:08 | INFO |       59.255 ¦      927           2              0.010 
2025-05-23 10:51:08 | INFO |       59.265 ¦      928           2              0.010 
2025-05-23 10:51:08 | INFO |       59.275 ¦      929           2              0.010 
2025-05-23 10:51:08 | INFO |       59.285 ¦      930           2              0.010 
2025-05-23 10:51:08 | INFO |       59.295 ¦      931           2              0.010 
2025-05-23 10:51:08 | INFO |       59.305 ¦      932           2              0.010 
2025-05-23 10:51:08 | INFO |       59.315 ¦      933           2              0.010 
2025-05-23 10:51:08 | INFO |       59.325 ¦      934           2              0.010 
2025-05-23 10:51:08 | INFO |       59.335 ¦      935           2              0.010 
2025-05-23 10:51:08 | INFO |       59.345 ¦      936           2              0.010 
2025-05-23 10:51:08 | INFO |       59.355 ¦      937           2              0.010 
2025-05-23 10:51:08 | INFO |       59.365 ¦      938           2              0.010 
2025-05-23 10:51:08 | INFO |       59.375 ¦      939           2              0.010 
2025-05-23 10:51:08 | INFO |       59.385 ¦      940           2              0.010 
2025-05-23 10:51:08 | INFO |       59.395 ¦      941           2              0.010 
2025-05-23 10:51:08 | INFO |       59.405 ¦      942           2              0.010 
2025-05-23 10:51:08 | INFO |       59.415 ¦      943           2              0.010 
2025-05-23 10:51:08 | INFO |       59.425 ¦      944           2              0.010 
2025-05-23 10:51:08 | INFO |       59.435 ¦      945           2              0.010 
2025-05-23 10:51:08 | INFO |       59.445 ¦      946           2              0.010 
2025-05-23 10:51:08 | INFO |       59.455 ¦      947           2              0.010 
2025-05-23 10:51:08 | INFO |       59.465 ¦      948           2              0.010 
2025-05-23 10:51:08 | INFO |       59.475 ¦      949           2              0.010 
2025-05-23 10:51:08 | INFO |       59.485 ¦      950           2              0.010 
2025-05-23 10:51:08 | INFO |       59.495 ¦      951           2              0.010 
2025-05-23 10:51:08 | INFO |       59.505 ¦      952           2              0.010 
2025-05-23 10:51:08 | INFO |       59.515 ¦      953           2              0.010 
2025-05-23 10:51:08 | INFO |       59.525 ¦      954           2              0.010 
2025-05-23 10:51:08 | INFO |       59.535 ¦      955           2              0.010 
2025-05-23 10:51:08 | INFO |       59.545 ¦      956           2              0.010 
2025-05-23 10:51:08 | INFO |       59.555 ¦      957           2              0.010 
2025-05-23 10:51:08 | INFO |       59.565 ¦      958           2              0.010 
2025-05-23 10:51:08 | INFO |       59.575 ¦      959           2              0.010 
2025-05-23 10:51:08 | INFO |       59.585 ¦      960           2              0.010 
2025-05-23 10:51:08 | INFO |       59.595 ¦      961           2              0.010 
2025-05-23 10:51:08 | INFO |       59.605 ¦      962           2              0.010 
2025-05-23 10:51:08 | INFO |       59.615 ¦      963           2              0.010 
2025-05-23 10:51:08 | INFO |       59.625 ¦      964           2              0.010 
2025-05-23 10:51:08 | INFO |       59.635 ¦      965           2              0.010 
2025-05-23 10:51:08 | INFO |       59.645 ¦      966           2              0.010 
2025-05-23 10:51:08 | INFO |       59.655 ¦      967           2              0.010 
2025-05-23 10:51:08 | INFO |       59.665 ¦      968           2              0.010 
2025-05-23 10:51:08 | INFO |       59.675 ¦      969           2              0.010 
2025-05-23 10:51:08 | INFO |       59.685 ¦      970           2              0.010 
2025-05-23 10:51:08 | INFO |       59.695 ¦      971           2              0.010 
2025-05-23 10:51:08 | INFO |       59.705 ¦      972           2              0.010 
2025-05-23 10:51:08 | INFO |       59.715 ¦      973           2              0.010 
2025-05-23 10:51:08 | INFO |       59.725 ¦      974           2              0.010 
2025-05-23 10:51:08 | INFO |       59.735 ¦      975           2              0.010 
2025-05-23 10:51:08 | INFO |       59.745 ¦      976           2              0.010 
2025-05-23 10:51:08 | INFO |       59.755 ¦      977           2              0.010 
2025-05-23 10:51:08 | INFO |       59.765 ¦      978           2              0.010 
2025-05-23 10:51:08 | INFO |       59.775 ¦      979           2              0.010 
2025-05-23 10:51:08 | INFO |       59.785 ¦      980           2              0.010 
2025-05-23 10:51:08 | INFO |       59.795 ¦      981           2              0.010 
2025-05-23 10:51:08 | INFO |       59.805 ¦      982           2              0.010 
2025-05-23 10:51:08 | INFO |       59.815 ¦      983           2              0.010 
2025-05-23 10:51:08 | INFO |       59.825 ¦      984           2              0.010 
2025-05-23 10:51:08 | INFO |       59.835 ¦      985           2              0.010 
2025-05-23 10:51:08 | INFO |       59.845 ¦      986           2              0.010 
2025-05-23 10:51:08 | INFO |       59.855 ¦      987           2              0.010 
2025-05-23 10:51:08 | INFO |       59.865 ¦      988           2              0.010 
2025-05-23 10:51:08 | INFO |       59.875 ¦      989           2              0.010 
2025-05-23 10:51:08 | INFO |       59.885 ¦      990           2              0.010 
2025-05-23 10:51:08 | INFO |       59.895 ¦      991           2              0.010 
2025-05-23 10:51:08 | INFO |       59.905 ¦      992           2              0.010 
2025-05-23 10:51:08 | INFO |       59.915 ¦      993           2              0.010 
2025-05-23 10:51:08 | INFO |       59.925 ¦      994           2              0.010 
2025-05-23 10:51:08 | INFO |       59.935 ¦      995           2              0.010 
2025-05-23 10:51:08 | INFO |       59.945 ¦      996           2              0.010 
2025-05-23 10:51:08 | INFO |       59.955 ¦      997           2              0.010 
2025-05-23 10:51:08 | INFO |       59.965 ¦      998           2              0.010 
2025-05-23 10:51:08 | INFO |       59.975 ¦      999           2              0.010 
2025-05-23 10:51:08 | INFO |       59.985 ¦     1000           2              0.010 
2025-05-23 10:51:08 | INFO |       59.995 ¦     1001           2              0.010 
2025-05-23 10:51:08 | INFO |       60.005 ¦     1002           2              0.010 
2025-05-23 10:51:08 | INFO |       60.015 ¦     1003           2              0.010 
2025-05-23 10:51:08 | INFO |       60.025 ¦     1004           2              0.010 
2025-05-23 10:51:08 | INFO |       60.035 ¦     1005           2              0.010 
2025-05-23 10:51:08 | INFO |       60.045 ¦     1006           2              0.010 
2025-05-23 10:51:08 | INFO |       60.055 ¦     1007           2              0.010 
2025-05-23 10:51:08 | INFO |       60.065 ¦     1008           2              0.010 
2025-05-23 10:51:08 | INFO |       60.075 ¦     1009           2              0.010 
2025-05-23 10:51:08 | INFO |       60.085 ¦     1010           2              0.010 
2025-05-23 10:51:08 | INFO |       60.095 ¦     1011           2              0.010 
2025-05-23 10:51:08 | INFO |       60.105 ¦     1012           2              0.010 
2025-05-23 10:51:08 | INFO |       60.115 ¦     1013           2              0.010 
2025-05-23 10:51:08 | INFO |       60.125 ¦     1014           2              0.010 
2025-05-23 10:51:08 | INFO |       60.135 ¦     1015           2              0.010 
2025-05-23 10:51:08 | INFO |       60.145 ¦     1016           2              0.010 
2025-05-23 10:51:08 | INFO |       60.155 ¦     1017           2              0.010 
2025-05-23 10:51:08 | INFO |       60.165 ¦     1018           2              0.010 
2025-05-23 10:51:08 | INFO |       60.175 ¦     1019           2              0.010 
2025-05-23 10:51:08 | INFO |       60.185 ¦     1020           2              0.010 
2025-05-23 10:51:08 | INFO |       60.195 ¦     1021           2              0.010 
2025-05-23 10:51:08 | INFO |       60.205 ¦     1022           2              0.010 
2025-05-23 10:51:08 | INFO |       60.215 ¦     1023           2              0.010 
2025-05-23 10:51:08 | INFO |       60.225 ¦     1024           2              0.010 
2025-05-23 10:51:08 | INFO |       60.235 ¦     1025           2              0.010 
2025-05-23 10:51:08 | INFO |       60.245 ¦     1026           2              0.010 
2025-05-23 10:51:08 | INFO |       60.255 ¦     1027           2              0.010 
2025-05-23 10:51:08 | INFO |       60.265 ¦     1028           2              0.010 
2025-05-23 10:51:08 | INFO |       60.275 ¦     1029           2              0.010 
2025-05-23 10:51:08 | INFO |       60.285 ¦     1030           2              0.010 
2025-05-23 10:51:08 | INFO |       60.295 ¦     1031           2              0.010 
2025-05-23 10:51:08 | INFO |       60.305 ¦     1032           2              0.010 
2025-05-23 10:51:08 | INFO |       60.315 ¦     1033           2              0.010 
2025-05-23 10:51:08 | INFO |       60.325 ¦     1034           2              0.010 
2025-05-23 10:51:08 | INFO |       60.335 ¦     1035           2              0.010 
2025-05-23 10:51:08 | INFO |       60.345 ¦     1036           2              0.010 
2025-05-23 10:51:08 | INFO |       60.355 ¦     1037           2              0.010 
2025-05-23 10:51:08 | INFO |       60.365 ¦     1038           2              0.010 
2025-05-23 10:51:08 | INFO |       60.375 ¦     1039           2              0.010 
2025-05-23 10:51:08 | INFO |       60.385 ¦     1040           2              0.010 
2025-05-23 10:51:08 | INFO |       60.395 ¦     1041           2              0.010 
2025-05-23 10:51:08 | INFO |       60.405 ¦     1042           2              0.010 
2025-05-23 10:51:08 | INFO |       60.415 ¦     1043           2              0.010 
2025-05-23 10:51:08 | INFO |       60.425 ¦     1044           2              0.010 
2025-05-23 10:51:08 | INFO |       60.435 ¦     1045           2              0.010 
2025-05-23 10:51:08 | INFO |       60.445 ¦     1046           2              0.010 
2025-05-23 10:51:08 | INFO |       60.455 ¦     1047           2              0.010 
2025-05-23 10:51:08 | INFO |       60.465 ¦     1048           2              0.010 
2025-05-23 10:51:08 | INFO |       60.475 ¦     1049           2              0.010 
2025-05-23 10:51:08 | INFO |       60.485 ¦     1050           2              0.010 
2025-05-23 10:51:08 | INFO |       60.495 ¦     1051           2              0.010 
2025-05-23 10:51:08 | INFO |       60.505 ¦     1052           2              0.010 
2025-05-23 10:51:08 | INFO |       60.515 ¦     1053           2              0.010 
2025-05-23 10:51:08 | INFO |       60.525 ¦     1054           2              0.010 
2025-05-23 10:51:08 | INFO |       60.535 ¦     1055           2              0.010 
2025-05-23 10:51:08 | INFO |       60.545 ¦     1056           2              0.010 
2025-05-23 10:51:08 | INFO |       60.555 ¦     1057           2              0.010 
2025-05-23 10:51:08 | INFO |       60.565 ¦     1058           2              0.010 
2025-05-23 10:51:08 | INFO |       60.575 ¦     1059           2              0.010 
2025-05-23 10:51:08 | INFO |       60.585 ¦     1060           2              0.010 
2025-05-23 10:51:08 | INFO |       60.595 ¦     1061           2              0.010 
2025-05-23 10:51:08 | INFO |       60.605 ¦     1062           2              0.010 
2025-05-23 10:51:08 | INFO |       60.615 ¦     1063           2              0.010 
2025-05-23 10:51:08 | INFO |       60.625 ¦     1064           2              0.010 
2025-05-23 10:51:08 | INFO |       60.635 ¦     1065           2              0.010 
2025-05-23 10:51:08 | INFO |       60.645 ¦     1066           2              0.010 
2025-05-23 10:51:08 | INFO |       60.655 ¦     1067           2              0.010 
2025-05-23 10:51:08 | INFO |       60.665 ¦     1068           2              0.010 
2025-05-23 10:51:08 | INFO |       60.675 ¦     1069           2              0.010 
2025-05-23 10:51:08 | INFO |       60.685 ¦     1070           2              0.010 
2025-05-23 10:51:08 | INFO |       60.695 ¦     1071           2              0.010 
2025-05-23 10:51:08 | INFO |       60.705 ¦     1072           2              0.010 
2025-05-23 10:51:08 | INFO |       60.715 ¦     1073           2              0.010 
2025-05-23 10:51:08 | INFO |       60.725 ¦     1074           2              0.010 
2025-05-23 10:51:08 | INFO |       60.735 ¦     1075           2              0.010 
2025-05-23 10:51:08 | INFO |       60.745 ¦     1076           2              0.010 
2025-05-23 10:51:08 | INFO |       60.755 ¦     1077           2              0.010 
2025-05-23 10:51:08 | INFO |       60.765 ¦     1078           2              0.010 
2025-05-23 10:51:08 | INFO |       60.775 ¦     1079           2              0.010 
2025-05-23 10:51:08 | INFO |       60.785 ¦     1080           2              0.010 
2025-05-23 10:51:08 | INFO |       60.795 ¦     1081           2              0.010 
2025-05-23 10:51:08 | INFO |       60.805 ¦     1082           2              0.010 
2025-05-23 10:51:08 | INFO |       60.815 ¦     1083           2              0.010 
2025-05-23 10:51:08 | INFO |       60.825 ¦     1084           2              0.010 
2025-05-23 10:51:08 | INFO |       60.835 ¦     1085           2              0.010 
2025-05-23 10:51:08 | INFO |       60.845 ¦     1086           2              0.010 
2025-05-23 10:51:08 | INFO |       60.855 ¦     1087           2              0.010 
2025-05-23 10:51:08 | INFO |       60.865 ¦     1088           2              0.010 
2025-05-23 10:51:08 | INFO |       60.875 ¦     1089           2              0.010 
2025-05-23 10:51:08 | INFO |       60.885 ¦     1090           2              0.010 
2025-05-23 10:51:08 | INFO |       60.895 ¦     1091           2              0.010 
2025-05-23 10:51:08 | INFO |       60.905 ¦     1092           2              0.010 
2025-05-23 10:51:08 | INFO |       60.915 ¦     1093           2              0.010 
2025-05-23 10:51:08 | INFO |       60.925 ¦     1094           2              0.010 
2025-05-23 10:51:08 | INFO |       60.935 ¦     1095           2              0.010 
2025-05-23 10:51:08 | INFO |       60.945 ¦     1096           2              0.010 
2025-05-23 10:51:08 | INFO |       60.955 ¦     1097           2              0.010 
2025-05-23 10:51:08 | INFO |       60.965 ¦     1098           2              0.010 
2025-05-23 10:51:08 | INFO |       60.975 ¦     1099           2              0.010 
2025-05-23 10:51:08 | INFO |       60.985 ¦     1100           2              0.010 
2025-05-23 10:51:08 | INFO |       60.995 ¦     1101           2              0.010 
2025-05-23 10:51:08 | INFO |       61.005 ¦     1102           2              0.010 
2025-05-23 10:51:08 | INFO |       61.015 ¦     1103           2              0.010 
2025-05-23 10:51:08 | INFO |       61.025 ¦     1104           2              0.010 
2025-05-23 10:51:08 | INFO |       61.035 ¦     1105           2              0.010 
2025-05-23 10:51:08 | INFO |       61.045 ¦     1106           2              0.010 
2025-05-23 10:51:08 | INFO |       61.055 ¦     1107           2              0.010 
2025-05-23 10:51:08 | INFO |       61.065 ¦     1108           2              0.010 
2025-05-23 10:51:08 | INFO |       61.075 ¦     1109           2              0.010 
2025-05-23 10:51:08 | INFO |       61.085 ¦     1110           2              0.010 
2025-05-23 10:51:08 | INFO |       61.095 ¦     1111           2              0.010 
2025-05-23 10:51:08 | INFO |       61.105 ¦     1112           2              0.010 
2025-05-23 10:51:08 | INFO |       61.115 ¦     1113           2              0.010 
2025-05-23 10:51:08 | INFO |       61.125 ¦     1114           2              0.010 
2025-05-23 10:51:08 | INFO |       61.135 ¦     1115           2              0.010 
2025-05-23 10:51:08 | INFO |       61.145 ¦     1116           2              0.010 
2025-05-23 10:51:08 | INFO |       61.155 ¦     1117           2              0.010 
2025-05-23 10:51:08 | INFO |       61.165 ¦     1118           2              0.010 
2025-05-23 10:51:08 | INFO |       61.175 ¦     1119           2              0.010 
2025-05-23 10:51:08 | INFO |       61.185 ¦     1120           2              0.010 
2025-05-23 10:51:08 | INFO |       61.195 ¦     1121           2              0.010 
2025-05-23 10:51:08 | INFO |       61.205 ¦     1122           2              0.010 
2025-05-23 10:51:08 | INFO |       61.215 ¦     1123           2              0.010 
2025-05-23 10:51:08 | INFO |       61.225 ¦     1124           2              0.010 
2025-05-23 10:51:08 | INFO |       61.235 ¦     1125           2              0.010 
2025-05-23 10:51:08 | INFO |       61.245 ¦     1126           2              0.010 
2025-05-23 10:51:08 | INFO |       61.255 ¦     1127           2              0.010 
2025-05-23 10:51:08 | INFO |       61.265 ¦     1128           2              0.010 
2025-05-23 10:51:08 | INFO |       61.275 ¦     1129           2              0.010 
2025-05-23 10:51:08 | INFO |       61.285 ¦     1130           2              0.010 
2025-05-23 10:51:08 | INFO |       61.295 ¦     1131           2              0.010 
2025-05-23 10:51:08 | INFO |       61.305 ¦     1132           2              0.010 
2025-05-23 10:51:08 | INFO |       61.315 ¦     1133           2              0.010 
2025-05-23 10:51:08 | INFO |       61.325 ¦     1134           2              0.010 
2025-05-23 10:51:08 | INFO |       61.335 ¦     1135           2              0.010 
2025-05-23 10:51:08 | INFO |       61.345 ¦     1136           2              0.010 
2025-05-23 10:51:08 | INFO |       61.355 ¦     1137           2              0.010 
2025-05-23 10:51:08 | INFO |       61.365 ¦     1138           2              0.010 
2025-05-23 10:51:08 | INFO |       61.375 ¦     1139           2              0.010 
2025-05-23 10:51:08 | INFO |       61.385 ¦     1140           2              0.010 
2025-05-23 10:51:08 | INFO |       61.395 ¦     1141           2              0.010 
2025-05-23 10:51:08 | INFO |       61.405 ¦     1142           2              0.010 
2025-05-23 10:51:08 | INFO |       61.415 ¦     1143           2              0.010 
2025-05-23 10:51:08 | INFO |       61.425 ¦     1144           2              0.010 
2025-05-23 10:51:08 | INFO |       61.435 ¦     1145           2              0.010 
2025-05-23 10:51:08 | INFO |       61.445 ¦     1146           2              0.010 
2025-05-23 10:51:08 | INFO |       61.455 ¦     1147           2              0.010 
2025-05-23 10:51:08 | INFO |       61.465 ¦     1148           2              0.010 
2025-05-23 10:51:08 | INFO |       61.475 ¦     1149           2              0.010 
2025-05-23 10:51:08 | INFO |       61.485 ¦     1150           2              0.010 
2025-05-23 10:51:08 | INFO |       61.495 ¦     1151           2              0.010 
2025-05-23 10:51:08 | INFO |       61.505 ¦     1152           2              0.010 
2025-05-23 10:51:08 | INFO |       61.515 ¦     1153           2              0.010 
2025-05-23 10:51:08 | INFO |       61.525 ¦     1154           2              0.010 
2025-05-23 10:51:08 | INFO |       61.535 ¦     1155           2              0.010 
2025-05-23 10:51:08 | INFO |       61.545 ¦     1156           2              0.010 
2025-05-23 10:51:08 | INFO |       61.555 ¦     1157           2              0.010 
2025-05-23 10:51:08 | INFO |       61.565 ¦     1158           2              0.010 
2025-05-23 10:51:08 | INFO |       61.575 ¦     1159           2              0.010 
2025-05-23 10:51:08 | INFO |       61.585 ¦     1160           2              0.010 
2025-05-23 10:51:08 | INFO |       61.595 ¦     1161           2              0.010 
2025-05-23 10:51:08 | INFO |       61.605 ¦     1162           2              0.010 
2025-05-23 10:51:08 | INFO |       61.615 ¦     1163           2              0.010 
2025-05-23 10:51:08 | INFO |       61.625 ¦     1164           2              0.010 
2025-05-23 10:51:08 | INFO |       61.635 ¦     1165           2              0.010 
2025-05-23 10:51:08 | INFO |       61.645 ¦     1166           2              0.010 
2025-05-23 10:51:08 | INFO |       61.655 ¦     1167           2              0.010 
2025-05-23 10:51:08 | INFO |       61.665 ¦     1168           2              0.010 
2025-05-23 10:51:08 | INFO |       61.675 ¦     1169           2              0.010 
2025-05-23 10:51:08 | INFO |       61.685 ¦     1170           2              0.010 
2025-05-23 10:51:08 | INFO |       61.695 ¦     1171           2              0.010 
2025-05-23 10:51:08 | INFO |       61.705 ¦     1172           2              0.010 
2025-05-23 10:51:08 | INFO |       61.715 ¦     1173           2              0.010 
2025-05-23 10:51:08 | INFO |       61.725 ¦     1174           2              0.010 
2025-05-23 10:51:08 | INFO |       61.735 ¦     1175           2              0.010 
2025-05-23 10:51:08 | INFO |       61.745 ¦     1176           2              0.010 
2025-05-23 10:51:08 | INFO |       61.755 ¦     1177           2              0.010 
2025-05-23 10:51:08 | INFO |       61.765 ¦     1178           2              0.010 
2025-05-23 10:51:08 | INFO |       61.775 ¦     1179           2              0.010 
2025-05-23 10:51:08 | INFO |       61.785 ¦     1180           2              0.010 
2025-05-23 10:51:08 | INFO |       61.795 ¦     1181           2              0.010 
2025-05-23 10:51:08 | INFO |       61.805 ¦     1182           2              0.010 
2025-05-23 10:51:08 | INFO |       61.815 ¦     1183           2              0.010 
2025-05-23 10:51:08 | INFO |       61.825 ¦     1184           2              0.010 
2025-05-23 10:51:08 | INFO |       61.835 ¦     1185           2              0.010 
2025-05-23 10:51:08 | INFO |       61.845 ¦     1186           2              0.010 
2025-05-23 10:51:08 | INFO |       61.855 ¦     1187           2              0.010 
2025-05-23 10:51:08 | INFO |       61.865 ¦     1188           2              0.010 
2025-05-23 10:51:08 | INFO |       61.875 ¦     1189           2              0.010 
2025-05-23 10:51:08 | INFO |       61.885 ¦     1190           2              0.010 
2025-05-23 10:51:08 | INFO |       61.895 ¦     1191           2              0.010 
2025-05-23 10:51:08 | INFO |       61.905 ¦     1192           2              0.010 
2025-05-23 10:51:08 | INFO |       61.915 ¦     1193           2              0.010 
2025-05-23 10:51:08 | INFO |       61.925 ¦     1194           2              0.010 
2025-05-23 10:51:08 | INFO |       61.935 ¦     1195           2              0.010 
2025-05-23 10:51:08 | INFO |       61.945 ¦     1196           2              0.010 
2025-05-23 10:51:08 | INFO |       61.955 ¦     1197           2              0.010 
2025-05-23 10:51:08 | INFO |       61.965 ¦     1198           2              0.010 
2025-05-23 10:51:08 | INFO |       61.975 ¦     1199           2              0.010 
2025-05-23 10:51:08 | INFO |       61.985 ¦     1200           2              0.010 
2025-05-23 10:51:08 | INFO |       61.995 ¦     1201           2              0.010 
2025-05-23 10:51:08 | INFO |       62.005 ¦     1202           2              0.010 
2025-05-23 10:51:08 | INFO |       62.015 ¦     1203           2              0.010 
2025-05-23 10:51:08 | INFO |       62.025 ¦     1204           2              0.010 
2025-05-23 10:51:08 | INFO |       62.035 ¦     1205           2              0.010 
2025-05-23 10:51:08 | INFO |       62.045 ¦     1206           2              0.010 
2025-05-23 10:51:08 | INFO |       62.055 ¦     1207           2              0.010 
2025-05-23 10:51:08 | INFO |       62.065 ¦     1208           2              0.010 
2025-05-23 10:51:08 | INFO |       62.075 ¦     1209           2              0.010 
2025-05-23 10:51:08 | INFO |       62.085 ¦     1210           2              0.010 
2025-05-23 10:51:08 | INFO |       62.095 ¦     1211           2              0.010 
2025-05-23 10:51:08 | INFO |       62.105 ¦     1212           2              0.010 
2025-05-23 10:51:08 | INFO |       62.115 ¦     1213           2              0.010 
2025-05-23 10:51:08 | INFO |       62.125 ¦     1214           2              0.010 
2025-05-23 10:51:08 | INFO |       62.135 ¦     1215           2              0.010 
2025-05-23 10:51:08 | INFO |       62.145 ¦     1216           2              0.010 
2025-05-23 10:51:08 | INFO |       62.155 ¦     1217           2              0.010 
2025-05-23 10:51:08 | INFO |       62.165 ¦     1218           2              0.010 
2025-05-23 10:51:08 | INFO |       62.175 ¦     1219           2              0.010 
2025-05-23 10:51:08 | INFO |       62.185 ¦     1220           2              0.010 
2025-05-23 10:51:08 | INFO |       62.195 ¦     1221           2              0.010 
2025-05-23 10:51:08 | INFO |       62.205 ¦     1222           2              0.010 
2025-05-23 10:51:08 | INFO |       62.215 ¦     1223           2              0.010 
2025-05-23 10:51:08 | INFO |       62.225 ¦     1224           2              0.010 
2025-05-23 10:51:08 | INFO |       62.235 ¦     1225           2              0.010 
2025-05-23 10:51:08 | INFO |       62.245 ¦     1226           2              0.010 
2025-05-23 10:51:08 | INFO |       62.255 ¦     1227           2              0.010 
2025-05-23 10:51:08 | INFO |       62.265 ¦     1228           2              0.010 
2025-05-23 10:51:08 | INFO |       62.275 ¦     1229           2              0.010 
2025-05-23 10:51:08 | INFO |       62.285 ¦     1230           2              0.010 
2025-05-23 10:51:08 | INFO |       62.295 ¦     1231           2              0.010 
2025-05-23 10:51:08 | INFO |       62.305 ¦     1232           2              0.010 
2025-05-23 10:51:08 | INFO |       62.315 ¦     1233           2              0.010 
2025-05-23 10:51:08 | INFO |       62.325 ¦     1234           2              0.010 
2025-05-23 10:51:08 | INFO |       62.335 ¦     1235           2              0.010 
2025-05-23 10:51:08 | INFO |       62.345 ¦     1236           2              0.010 
2025-05-23 10:51:08 | INFO |       62.355 ¦     1237           2              0.010 
2025-05-23 10:51:08 | INFO |       62.365 ¦     1238           2              0.010 
2025-05-23 10:51:08 | INFO |       62.375 ¦     1239           2              0.010 
2025-05-23 10:51:08 | INFO |       62.385 ¦     1240           2              0.010 
2025-05-23 10:51:08 | INFO |       62.395 ¦     1241           2              0.010 
2025-05-23 10:51:08 | INFO |       62.405 ¦     1242           2              0.010 
2025-05-23 10:51:08 | INFO |       62.415 ¦     1243           2              0.010 
2025-05-23 10:51:08 | INFO |       62.425 ¦     1244           2              0.010 
2025-05-23 10:51:08 | INFO |       62.435 ¦     1245           2              0.010 
2025-05-23 10:51:08 | INFO |       62.445 ¦     1246           2              0.010 
2025-05-23 10:51:08 | INFO |       62.455 ¦     1247           2              0.010 
2025-05-23 10:51:08 | INFO |       62.465 ¦     1248           2              0.010 
2025-05-23 10:51:08 | INFO |       62.475 ¦     1249           2              0.010 
2025-05-23 10:51:08 | INFO |       62.485 ¦     1250           2              0.010 
2025-05-23 10:51:08 | INFO |       62.495 ¦     1251           2              0.010 
2025-05-23 10:51:08 | INFO |       62.505 ¦     1252           2              0.010 
2025-05-23 10:51:08 | INFO |       62.515 ¦     1253           2              0.010 
2025-05-23 10:51:08 | INFO |       62.525 ¦     1254           2              0.010 
2025-05-23 10:51:08 | INFO |       62.535 ¦     1255           2              0.010 
2025-05-23 10:51:08 | INFO |       62.545 ¦     1256           2              0.010 
2025-05-23 10:51:08 | INFO |       62.555 ¦     1257           2              0.010 
2025-05-23 10:51:08 | INFO |       62.565 ¦     1258           2              0.010 
2025-05-23 10:51:08 | INFO |       62.575 ¦     1259           2              0.010 
2025-05-23 10:51:08 | INFO |       62.585 ¦     1260           2              0.010 
2025-05-23 10:51:08 | INFO |       62.595 ¦     1261           2              0.010 
2025-05-23 10:51:08 | INFO |       62.605 ¦     1262           2              0.010 
2025-05-23 10:51:08 | INFO |       62.615 ¦     1263           2              0.010 
2025-05-23 10:51:08 | INFO |       62.625 ¦     1264           2              0.010 
2025-05-23 10:51:08 | INFO |       62.635 ¦     1265           2              0.010 
2025-05-23 10:51:08 | INFO |       62.645 ¦     1266           2              0.010 
2025-05-23 10:51:08 | INFO |       62.655 ¦     1267           2              0.010 
2025-05-23 10:51:08 | INFO |       62.665 ¦     1268           2              0.010 
2025-05-23 10:51:08 | INFO |       62.675 ¦     1269           2              0.010 
2025-05-23 10:51:08 | INFO |       62.685 ¦     1270           2              0.010 
2025-05-23 10:51:08 | INFO |       62.695 ¦     1271           2              0.010 
2025-05-23 10:51:08 | INFO |       62.705 ¦     1272           2              0.010 
2025-05-23 10:51:08 | INFO |       62.715 ¦     1273           2              0.010 
2025-05-23 10:51:08 | INFO |       62.725 ¦     1274           2              0.010 
2025-05-23 10:51:08 | INFO |       62.735 ¦     1275           2              0.010 
2025-05-23 10:51:08 | INFO |       62.745 ¦     1276           2              0.010 
2025-05-23 10:51:08 | INFO |       62.755 ¦     1277           2              0.010 
2025-05-23 10:51:08 | INFO |       62.765 ¦     1278           2              0.010 
2025-05-23 10:51:08 | INFO |       62.775 ¦     1279           2              0.010 
2025-05-23 10:51:08 | INFO |       62.785 ¦     1280           2              0.010 
2025-05-23 10:51:08 | INFO |       62.795 ¦     1281           2              0.010 
2025-05-23 10:51:08 | INFO |       62.805 ¦     1282           2              0.010 
2025-05-23 10:51:08 | INFO |       62.815 ¦     1283           2              0.010 
2025-05-23 10:51:08 | INFO |       62.825 ¦     1284           2              0.010 
2025-05-23 10:51:08 | INFO |       62.835 ¦     1285           2              0.010 
2025-05-23 10:51:08 | INFO |       62.845 ¦     1286           2              0.010 
2025-05-23 10:51:08 | INFO |       62.855 ¦     1287           2              0.010 
2025-05-23 10:51:08 | INFO |       62.865 ¦     1288           2              0.010 
2025-05-23 10:51:08 | INFO |       62.875 ¦     1289           2              0.010 
2025-05-23 10:51:08 | INFO |       62.885 ¦     1290           2              0.010 
2025-05-23 10:51:08 | INFO |       62.895 ¦     1291           2              0.010 
2025-05-23 10:51:08 | INFO |       62.905 ¦     1292           2              0.010 
2025-05-23 10:51:08 | INFO |       62.915 ¦     1293           2              0.010 
2025-05-23 10:51:08 | INFO |       62.925 ¦     1294           2              0.010 
2025-05-23 10:51:08 | INFO |       62.935 ¦     1295           2              0.010 
2025-05-23 10:51:08 | INFO |       62.945 ¦     1296           2              0.010 
2025-05-23 10:51:08 | INFO |       62.955 ¦     1297           2              0.010 
2025-05-23 10:51:08 | INFO |       62.965 ¦     1298           2              0.010 
2025-05-23 10:51:08 | INFO |       62.975 ¦     1299           2              0.010 
2025-05-23 10:51:08 | INFO |       62.985 ¦     1300           2              0.010 
2025-05-23 10:51:08 | INFO |       62.995 ¦     1301           2              0.010 
2025-05-23 10:51:08 | INFO |       63.005 ¦     1302           2              0.010 
2025-05-23 10:51:08 | INFO |       63.015 ¦     1303           2              0.010 
2025-05-23 10:51:08 | INFO |       63.025 ¦     1304           2              0.010 
2025-05-23 10:51:08 | INFO |       63.035 ¦     1305           2              0.010 
2025-05-23 10:51:08 | INFO |       63.045 ¦     1306           2              0.010 
2025-05-23 10:51:08 | INFO |       63.055 ¦     1307           2              0.010 
2025-05-23 10:51:08 | INFO |       63.065 ¦     1308           2              0.010 
2025-05-23 10:51:08 | INFO |       63.075 ¦     1309           2              0.010 
2025-05-23 10:51:08 | INFO |       63.085 ¦     1310           2              0.010 
2025-05-23 10:51:08 | INFO |       63.095 ¦     1311           2              0.010 
2025-05-23 10:51:08 | INFO |       63.105 ¦     1312           2              0.010 
2025-05-23 10:51:08 | INFO |       63.115 ¦     1313           2              0.010 
2025-05-23 10:51:08 | INFO |       63.125 ¦     1314           2              0.010 
2025-05-23 10:51:08 | INFO |       63.135 ¦     1315           2              0.010 
2025-05-23 10:51:08 | INFO |       63.145 ¦     1316           2              0.010 
2025-05-23 10:51:08 | INFO |       63.155 ¦     1317           2              0.010 
2025-05-23 10:51:08 | INFO |       63.165 ¦     1318           2              0.010 
2025-05-23 10:51:08 | INFO |       63.175 ¦     1319           2              0.010 
2025-05-23 10:51:08 | INFO |       63.185 ¦     1320           2              0.010 
2025-05-23 10:51:08 | INFO |       63.195 ¦     1321           2              0.010 
2025-05-23 10:51:08 | INFO |       63.205 ¦     1322           2              0.010 
2025-05-23 10:51:08 | INFO |       63.215 ¦     1323           2              0.010 
2025-05-23 10:51:08 | INFO |       63.225 ¦     1324           2              0.010 
2025-05-23 10:51:08 | INFO |       63.235 ¦     1325           2              0.010 
2025-05-23 10:51:08 | INFO |       63.245 ¦     1326           2              0.010 
2025-05-23 10:51:08 | INFO |       63.255 ¦     1327           2              0.010 
2025-05-23 10:51:08 | INFO |       63.265 ¦     1328           2              0.010 
2025-05-23 10:51:08 | INFO |       63.275 ¦     1329           2              0.010 
2025-05-23 10:51:08 | INFO |       63.285 ¦     1330           2              0.010 
2025-05-23 10:51:08 | INFO |       63.295 ¦     1331           2              0.010 
2025-05-23 10:51:08 | INFO |       63.305 ¦     1332           2              0.010 
2025-05-23 10:51:08 | INFO |       63.315 ¦     1333           2              0.010 
2025-05-23 10:51:08 | INFO |       63.325 ¦     1334           2              0.010 
2025-05-23 10:51:08 | INFO |       63.335 ¦     1335           2              0.010 
2025-05-23 10:51:08 | INFO |       63.345 ¦     1336           2              0.010 
2025-05-23 10:51:08 | INFO |       63.355 ¦     1337           2              0.010 
2025-05-23 10:51:08 | INFO |       63.365 ¦     1338           2              0.010 
2025-05-23 10:51:08 | INFO |       63.375 ¦     1339           2              0.010 
2025-05-23 10:51:08 | INFO |       63.385 ¦     1340           2              0.010 
2025-05-23 10:51:08 | INFO |       63.395 ¦     1341           2              0.010 
2025-05-23 10:51:08 | INFO |       63.405 ¦     1342           2              0.010 
2025-05-23 10:51:08 | INFO |       63.415 ¦     1343           2              0.010 
2025-05-23 10:51:08 | INFO |       63.425 ¦     1344           2              0.010 
2025-05-23 10:51:08 | INFO |       63.435 ¦     1345           2              0.010 
2025-05-23 10:51:08 | INFO |       63.445 ¦     1346           2              0.010 
2025-05-23 10:51:08 | INFO |       63.455 ¦     1347           2              0.010 
2025-05-23 10:51:08 | INFO |       63.465 ¦     1348           2              0.010 
2025-05-23 10:51:08 | INFO |       63.475 ¦     1349           2              0.010 
2025-05-23 10:51:08 | INFO |       63.485 ¦     1350           2              0.010 
2025-05-23 10:51:08 | INFO |       63.495 ¦     1351           2              0.010 
2025-05-23 10:51:08 | INFO |       63.505 ¦     1352           2              0.010 
2025-05-23 10:51:08 | INFO |       63.515 ¦     1353           2              0.010 
2025-05-23 10:51:08 | INFO |       63.525 ¦     1354           2              0.010 
2025-05-23 10:51:08 | INFO |       63.535 ¦     1355           2              0.010 
2025-05-23 10:51:08 | INFO |       63.545 ¦     1356           2              0.010 
2025-05-23 10:51:08 | INFO |       63.555 ¦     1357           2              0.010 
2025-05-23 10:51:08 | INFO |       63.565 ¦     1358           2              0.010 
2025-05-23 10:51:08 | INFO |       63.575 ¦     1359           2              0.010 
2025-05-23 10:51:08 | INFO |       63.585 ¦     1360           2              0.010 
2025-05-23 10:51:08 | INFO |       63.595 ¦     1361           2              0.010 
2025-05-23 10:51:08 | INFO |       63.605 ¦     1362           2              0.010 
2025-05-23 10:51:08 | INFO |       63.615 ¦     1363           2              0.010 
2025-05-23 10:51:08 | INFO |       63.625 ¦     1364           2              0.010 
2025-05-23 10:51:08 | INFO |       63.635 ¦     1365           2              0.010 
2025-05-23 10:51:08 | INFO |       63.645 ¦     1366           2              0.010 
2025-05-23 10:51:08 | INFO |       63.655 ¦     1367           2              0.010 
2025-05-23 10:51:08 | INFO |       63.665 ¦     1368           2              0.010 
2025-05-23 10:51:08 | INFO |       63.675 ¦     1369           2              0.010 
2025-05-23 10:51:08 | INFO |       63.685 ¦     1370           2              0.010 
2025-05-23 10:51:08 | INFO |       63.695 ¦     1371           2              0.010 
2025-05-23 10:51:08 | INFO |       63.705 ¦     1372           2              0.010 
2025-05-23 10:51:08 | INFO |       63.715 ¦     1373           2              0.010 
2025-05-23 10:51:08 | INFO |       63.725 ¦     1374           2              0.010 
2025-05-23 10:51:08 | INFO |       63.735 ¦     1375           2              0.010 
2025-05-23 10:51:08 | INFO |       63.745 ¦     1376           2              0.010 
2025-05-23 10:51:08 | INFO |       63.755 ¦     1377           2              0.010 
2025-05-23 10:51:08 | INFO |       63.765 ¦     1378           2              0.010 
2025-05-23 10:51:08 | INFO |       63.775 ¦     1379           2              0.010 
2025-05-23 10:51:08 | INFO |       63.785 ¦     1380           2              0.010 
2025-05-23 10:51:08 | INFO |       63.795 ¦     1381           2              0.010 
2025-05-23 10:51:08 | INFO |       63.805 ¦     1382           2              0.010 
2025-05-23 10:51:08 | INFO |       63.815 ¦     1383           2              0.010 
2025-05-23 10:51:08 | INFO |       63.825 ¦     1384           2              0.010 
2025-05-23 10:51:08 | INFO |       63.835 ¦     1385           2              0.010 
2025-05-23 10:51:08 | INFO |       63.845 ¦     1386           2              0.010 
2025-05-23 10:51:08 | INFO |       63.855 ¦     1387           2              0.010 
2025-05-23 10:51:08 | INFO |       63.865 ¦     1388           2              0.010 
2025-05-23 10:51:08 | INFO |       63.875 ¦     1389           2              0.010 
2025-05-23 10:51:08 | INFO |       63.885 ¦     1390           2              0.010 
2025-05-23 10:51:08 | INFO |       63.895 ¦     1391           2              0.010 
2025-05-23 10:51:08 | INFO |       63.905 ¦     1392           2              0.010 
2025-05-23 10:51:08 | INFO |       63.915 ¦     1393           2              0.010 
2025-05-23 10:51:08 | INFO |       63.925 ¦     1394           2              0.010 
2025-05-23 10:51:08 | INFO |       63.935 ¦     1395           2              0.010 
2025-05-23 10:51:08 | INFO |       63.945 ¦     1396           2              0.010 
2025-05-23 10:51:08 | INFO |       63.955 ¦     1397           2              0.010 
2025-05-23 10:51:08 | INFO |       63.965 ¦     1398           2              0.010 
2025-05-23 10:51:08 | INFO |       63.975 ¦     1399           2              0.010 
2025-05-23 10:51:08 | INFO |       63.985 ¦     1400           2              0.010 
2025-05-23 10:51:08 | INFO |       63.995 ¦     1401           2              0.010 
2025-05-23 10:51:08 | INFO |       64.005 ¦     1402           2              0.010 
2025-05-23 10:51:08 | INFO |       64.015 ¦     1403           2              0.010 
2025-05-23 10:51:08 | INFO |       64.025 ¦     1404           2              0.010 
2025-05-23 10:51:08 | INFO |       64.035 ¦     1405           2              0.010 
2025-05-23 10:51:08 | INFO |       64.045 ¦     1406           2              0.010 
2025-05-23 10:51:08 | INFO |       64.055 ¦     1407           2              0.010 
2025-05-23 10:51:08 | INFO |       64.065 ¦     1408           2              0.010 
2025-05-23 10:51:08 | INFO |       64.075 ¦     1409           2              0.010 
2025-05-23 10:51:08 | INFO |       64.085 ¦     1410           2              0.010 
2025-05-23 10:51:08 | INFO |       64.095 ¦     1411           2              0.010 
2025-05-23 10:51:08 | INFO |       64.105 ¦     1412           2              0.010 
2025-05-23 10:51:08 | INFO |       64.115 ¦     1413           2              0.010 
2025-05-23 10:51:08 | INFO |       64.125 ¦     1414           2              0.010 
2025-05-23 10:51:08 | INFO |       64.135 ¦     1415           2              0.010 
2025-05-23 10:51:08 | INFO |       64.145 ¦     1416           2              0.010 
2025-05-23 10:51:08 | INFO |       64.155 ¦     1417           2              0.010 
2025-05-23 10:51:08 | INFO |       64.165 ¦     1418           2              0.010 
2025-05-23 10:51:08 | INFO |       64.175 ¦     1419           2              0.010 
2025-05-23 10:51:08 | INFO |       64.185 ¦     1420           2              0.010 
2025-05-23 10:51:08 | INFO |       64.195 ¦     1421           2              0.010 
2025-05-23 10:51:08 | INFO |       64.205 ¦     1422           2              0.010 
2025-05-23 10:51:08 | INFO |       64.215 ¦     1423           2              0.010 
2025-05-23 10:51:08 | INFO |       64.225 ¦     1424           2              0.010 
2025-05-23 10:51:08 | INFO |       64.235 ¦     1425           2              0.010 
2025-05-23 10:51:08 | INFO |       64.245 ¦     1426           2              0.010 
2025-05-23 10:51:08 | INFO |       64.255 ¦     1427           2              0.010 
2025-05-23 10:51:08 | INFO |       64.265 ¦     1428           2              0.010 
2025-05-23 10:51:08 | INFO |       64.275 ¦     1429           2              0.010 
2025-05-23 10:51:08 | INFO |       64.285 ¦     1430           2              0.010 
2025-05-23 10:51:08 | INFO |       64.295 ¦     1431           2              0.010 
2025-05-23 10:51:08 | INFO |       64.305 ¦     1432           2              0.010 
2025-05-23 10:51:08 | INFO |       64.315 ¦     1433           2              0.010 
2025-05-23 10:51:08 | INFO |       64.325 ¦     1434           2              0.010 
2025-05-23 10:51:08 | INFO |       64.335 ¦     1435           2              0.010 
2025-05-23 10:51:08 | INFO |       64.345 ¦     1436           2              0.010 
2025-05-23 10:51:08 | INFO |       64.355 ¦     1437           2              0.010 
2025-05-23 10:51:08 | INFO |       64.365 ¦     1438           2              0.010 
2025-05-23 10:51:08 | INFO |       64.375 ¦     1439           2              0.010 
2025-05-23 10:51:08 | INFO |       64.385 ¦     1440           2              0.010 
2025-05-23 10:51:08 | INFO |       64.395 ¦     1441           2              0.010 
2025-05-23 10:51:08 | INFO |       64.405 ¦     1442           2              0.010 
2025-05-23 10:51:08 | INFO |       64.415 ¦     1443           2              0.010 
2025-05-23 10:51:08 | INFO |       64.425 ¦     1444           2              0.010 
2025-05-23 10:51:08 | INFO |       64.435 ¦     1445           2              0.010 
2025-05-23 10:51:08 | INFO |       64.445 ¦     1446           2              0.010 
2025-05-23 10:51:08 | INFO |       64.455 ¦     1447           2              0.010 
2025-05-23 10:51:08 | INFO |       64.465 ¦     1448           2              0.010 
2025-05-23 10:51:08 | INFO |       64.475 ¦     1449           2              0.010 
2025-05-23 10:51:08 | INFO |       64.485 ¦     1450           2              0.010 
2025-05-23 10:51:08 | INFO |       64.495 ¦     1451           2              0.010 
2025-05-23 10:51:08 | INFO |       64.505 ¦     1452           2              0.010 
2025-05-23 10:51:08 | INFO |       64.515 ¦     1453           2              0.010 
2025-05-23 10:51:08 | INFO |       64.525 ¦     1454           2              0.010 
2025-05-23 10:51:08 | INFO |       64.535 ¦     1455           2              0.010 
2025-05-23 10:51:08 | INFO |       64.545 ¦     1456           2              0.010 
2025-05-23 10:51:08 | INFO |       64.555 ¦     1457           2              0.010 
2025-05-23 10:51:08 | INFO |       64.565 ¦     1458           2              0.010 
2025-05-23 10:51:08 | INFO |       64.575 ¦     1459           2              0.010 
2025-05-23 10:51:08 | INFO |       64.585 ¦     1460           2              0.010 
2025-05-23 10:51:08 | INFO |       64.595 ¦     1461           2              0.010 
2025-05-23 10:51:08 | INFO |       64.605 ¦     1462           2              0.010 
2025-05-23 10:51:08 | INFO |       64.615 ¦     1463           2              0.010 
2025-05-23 10:51:08 | INFO |       64.625 ¦     1464           2              0.010 
2025-05-23 10:51:08 | INFO |       64.635 ¦     1465           2              0.010 
2025-05-23 10:51:08 | INFO |       64.645 ¦     1466           2              0.010 
2025-05-23 10:51:08 | INFO |       64.655 ¦     1467           2              0.010 
2025-05-23 10:51:08 | INFO |       64.665 ¦     1468           2              0.010 
2025-05-23 10:51:08 | INFO |       64.675 ¦     1469           2              0.010 
2025-05-23 10:51:08 | INFO |       64.685 ¦     1470           2              0.010 
2025-05-23 10:51:08 | INFO |       64.695 ¦     1471           2              0.010 
2025-05-23 10:51:08 | INFO |       64.705 ¦     1472           2              0.010 
2025-05-23 10:51:08 | INFO |       64.715 ¦     1473           2              0.010 
2025-05-23 10:51:08 | INFO |       64.725 ¦     1474           2              0.010 
2025-05-23 10:51:08 | INFO |       64.735 ¦     1475           2              0.010 
2025-05-23 10:51:08 | INFO |       64.745 ¦     1476           2              0.010 
2025-05-23 10:51:08 | INFO |       64.755 ¦     1477           2              0.010 
2025-05-23 10:51:08 | INFO |       64.765 ¦     1478           2              0.010 
2025-05-23 10:51:08 | INFO |       64.775 ¦     1479           2              0.010 
2025-05-23 10:51:08 | INFO |       64.785 ¦     1480           2              0.010 
2025-05-23 10:51:08 | INFO |       64.795 ¦     1481           2              0.010 
2025-05-23 10:51:08 | INFO |       64.805 ¦     1482           2              0.010 
2025-05-23 10:51:08 | INFO |       64.815 ¦     1483           2              0.010 
2025-05-23 10:51:08 | INFO |       64.825 ¦     1484           2              0.010 
2025-05-23 10:51:08 | INFO |       64.835 ¦     1485           2              0.010 
2025-05-23 10:51:08 | INFO |       64.845 ¦     1486           2              0.010 
2025-05-23 10:51:08 | INFO |       64.855 ¦     1487           2              0.010 
2025-05-23 10:51:08 | INFO |       64.865 ¦     1488           2              0.010 
2025-05-23 10:51:08 | INFO |       64.875 ¦     1489           2              0.010 
2025-05-23 10:51:08 | INFO |       64.885 ¦     1490           2              0.010 
2025-05-23 10:51:08 | INFO |       64.895 ¦     1491           2              0.010 
2025-05-23 10:51:08 | INFO |       64.905 ¦     1492           2              0.010 
2025-05-23 10:51:08 | INFO |       64.915 ¦     1493           2              0.010 
2025-05-23 10:51:08 | INFO |       64.925 ¦     1494           2              0.010 
2025-05-23 10:51:08 | INFO |       64.935 ¦     1495           2              0.010 
2025-05-23 10:51:08 | INFO |       64.945 ¦     1496           2              0.010 
2025-05-23 10:51:08 | INFO |       64.955 ¦     1497           2              0.010 
2025-05-23 10:51:08 | INFO |       64.965 ¦     1498           2              0.010 
2025-05-23 10:51:08 | INFO |       64.975 ¦     1499           2              0.010 
2025-05-23 10:51:08 | INFO |       64.985 ¦     1500           2              0.010 
2025-05-23 10:51:08 | INFO |       64.995 ¦     1501           2              0.010 
2025-05-23 10:51:08 | INFO |       65.005 ¦     1502           2              0.010 
2025-05-23 10:51:08 | INFO |       65.015 ¦     1503           2              0.010 
2025-05-23 10:51:08 | INFO |       65.025 ¦     1504           2              0.010 
2025-05-23 10:51:08 | INFO |       65.035 ¦     1505           2              0.010 
2025-05-23 10:51:08 | INFO |       65.045 ¦     1506           2              0.010 
2025-05-23 10:51:08 | INFO |       65.055 ¦     1507           2              0.010 
2025-05-23 10:51:08 | INFO |       65.065 ¦     1508           2              0.010 
2025-05-23 10:51:08 | INFO |       65.075 ¦     1509           2              0.010 
2025-05-23 10:51:08 | INFO |       65.085 ¦     1510           2              0.010 
2025-05-23 10:51:08 | INFO |       65.095 ¦     1511           2              0.010 
2025-05-23 10:51:08 | INFO |       65.105 ¦     1512           2              0.010 
2025-05-23 10:51:08 | INFO |       65.115 ¦     1513           2              0.010 
2025-05-23 10:51:08 | INFO |       65.125 ¦     1514           2              0.010 
2025-05-23 10:51:08 | INFO |       65.135 ¦     1515           2              0.010 
2025-05-23 10:51:08 | INFO |       65.145 ¦     1516           2              0.010 
2025-05-23 10:51:08 | INFO |       65.155 ¦     1517           2              0.010 
2025-05-23 10:51:08 | INFO |       65.165 ¦     1518           2              0.010 
2025-05-23 10:51:08 | INFO |       65.175 ¦     1519           2              0.010 
2025-05-23 10:51:08 | INFO |       65.185 ¦     1520           2              0.010 
2025-05-23 10:51:08 | INFO |       65.195 ¦     1521           2              0.010 
2025-05-23 10:51:08 | INFO |       65.205 ¦     1522           2              0.010 
2025-05-23 10:51:08 | INFO |       65.215 ¦     1523           2              0.010 
2025-05-23 10:51:08 | INFO |       65.225 ¦     1524           2              0.010 
2025-05-23 10:51:08 | INFO |       65.235 ¦     1525           2              0.010 
2025-05-23 10:51:08 | INFO |       65.245 ¦     1526           2              0.010 
2025-05-23 10:51:08 | INFO |       65.255 ¦     1527           2              0.010 
2025-05-23 10:51:08 | INFO |       65.265 ¦     1528           2              0.010 
2025-05-23 10:51:08 | INFO |       65.275 ¦     1529           2              0.010 
2025-05-23 10:51:08 | INFO |       65.285 ¦     1530           2              0.010 
2025-05-23 10:51:08 | INFO |       65.295 ¦     1531           2              0.010 
2025-05-23 10:51:08 | INFO |       65.305 ¦     1532           2              0.010 
2025-05-23 10:51:08 | INFO |       65.315 ¦     1533           2              0.010 
2025-05-23 10:51:08 | INFO |       65.325 ¦     1534           2              0.010 
2025-05-23 10:51:08 | INFO |       65.335 ¦     1535           2              0.010 
2025-05-23 10:51:08 | INFO |       65.345 ¦     1536           2              0.010 
2025-05-23 10:51:08 | INFO |       65.355 ¦     1537           2              0.010 
2025-05-23 10:51:08 | INFO |       65.365 ¦     1538           2              0.010 
2025-05-23 10:51:08 | INFO |       65.375 ¦     1539           2              0.010 
2025-05-23 10:51:08 | INFO |       65.385 ¦     1540           2              0.010 
2025-05-23 10:51:08 | INFO |       65.395 ¦     1541           2              0.010 
2025-05-23 10:51:08 | INFO |       65.405 ¦     1542           2              0.010 
2025-05-23 10:51:08 | INFO |       65.415 ¦     1543           2              0.010 
2025-05-23 10:51:08 | INFO |       65.425 ¦     1544           2              0.010 
2025-05-23 10:51:08 | INFO |       65.435 ¦     1545           2              0.010 
2025-05-23 10:51:08 | INFO |       65.445 ¦     1546           2              0.010 
2025-05-23 10:51:08 | INFO |       65.455 ¦     1547           2              0.010 
2025-05-23 10:51:08 | INFO |       65.465 ¦     1548           2              0.010 
2025-05-23 10:51:08 | INFO |       65.475 ¦     1549           2              0.010 
2025-05-23 10:51:08 | INFO |       65.485 ¦     1550           2              0.010 
2025-05-23 10:51:08 | INFO |       65.495 ¦     1551           2              0.010 
2025-05-23 10:51:08 | INFO |       65.505 ¦     1552           2              0.010 
2025-05-23 10:51:08 | INFO |       65.515 ¦     1553           2              0.010 
2025-05-23 10:51:08 | INFO |       65.525 ¦     1554           2              0.010 
2025-05-23 10:51:08 | INFO |       65.535 ¦     1555           2              0.010 
2025-05-23 10:51:08 | INFO |       65.545 ¦     1556           2              0.010 
2025-05-23 10:51:08 | INFO |       65.555 ¦     1557           2              0.010 
2025-05-23 10:51:08 | INFO |       65.565 ¦     1558           2              0.010 
2025-05-23 10:51:08 | INFO |       65.575 ¦     1559           2              0.010 
2025-05-23 10:51:08 | INFO |       65.585 ¦     1560           2              0.010 
2025-05-23 10:51:08 | INFO |       65.595 ¦     1561           2              0.010 
2025-05-23 10:51:08 | INFO |       65.605 ¦     1562           2              0.010 
2025-05-23 10:51:08 | INFO |       65.615 ¦     1563           2              0.010 
2025-05-23 10:51:08 | INFO |       65.625 ¦     1564           2              0.010 
2025-05-23 10:51:08 | INFO |       65.635 ¦     1565           2              0.010 
2025-05-23 10:51:08 | INFO |       65.645 ¦     1566           2              0.010 
2025-05-23 10:51:08 | INFO |       65.655 ¦     1567           2              0.010 
2025-05-23 10:51:08 | INFO |       65.665 ¦     1568           2              0.010 
2025-05-23 10:51:08 | INFO |       65.675 ¦     1569           2              0.010 
2025-05-23 10:51:08 | INFO |       65.685 ¦     1570           2              0.010 
2025-05-23 10:51:08 | INFO |       65.695 ¦     1571           2              0.010 
2025-05-23 10:51:08 | INFO |       65.705 ¦     1572           2              0.010 
2025-05-23 10:51:08 | INFO |       65.715 ¦     1573           2              0.010 
2025-05-23 10:51:08 | INFO |       65.725 ¦     1574           2              0.010 
2025-05-23 10:51:08 | INFO |       65.735 ¦     1575           2              0.010 
2025-05-23 10:51:08 | INFO |       65.745 ¦     1576           2              0.010 
2025-05-23 10:51:08 | INFO |       65.755 ¦     1577           2              0.010 
2025-05-23 10:51:08 | INFO |       65.765 ¦     1578           2              0.010 
2025-05-23 10:51:08 | INFO |       65.775 ¦     1579           2              0.010 
2025-05-23 10:51:08 | INFO |       65.785 ¦     1580           2              0.010 
2025-05-23 10:51:08 | INFO |       65.795 ¦     1581           2              0.010 
2025-05-23 10:51:08 | INFO |       65.805 ¦     1582           2              0.010 
2025-05-23 10:51:08 | INFO |       65.815 ¦     1583           2              0.010 
2025-05-23 10:51:08 | INFO |       65.825 ¦     1584           2              0.010 
2025-05-23 10:51:08 | INFO |       65.835 ¦     1585           2              0.010 
2025-05-23 10:51:08 | INFO |       65.845 ¦     1586           2              0.010 
2025-05-23 10:51:08 | INFO |       65.855 ¦     1587           2              0.010 
2025-05-23 10:51:08 | INFO |       65.865 ¦     1588           2              0.010 
2025-05-23 10:51:08 | INFO |       65.875 ¦     1589           2              0.010 
2025-05-23 10:51:08 | INFO |       65.885 ¦     1590           2              0.010 
2025-05-23 10:51:08 | INFO |       65.895 ¦     1591           2              0.010 
2025-05-23 10:51:08 | INFO |       65.905 ¦     1592           2              0.010 
2025-05-23 10:51:08 | INFO |       65.915 ¦     1593           2              0.010 
2025-05-23 10:51:08 | INFO |       65.925 ¦     1594           2              0.010 
2025-05-23 10:51:08 | INFO |       65.935 ¦     1595           2              0.010 
2025-05-23 10:51:08 | INFO |       65.945 ¦     1596           2              0.010 
2025-05-23 10:51:08 | INFO |       65.955 ¦     1597           2              0.010 
2025-05-23 10:51:08 | INFO |       65.965 ¦     1598           2              0.010 
2025-05-23 10:51:08 | INFO |       65.975 ¦     1599           2              0.010 
2025-05-23 10:51:08 | INFO |       65.985 ¦     1600           2              0.010 
2025-05-23 10:51:08 | INFO |       65.995 ¦     1601           2              0.010 
2025-05-23 10:51:08 | INFO |       66.005 ¦     1602           2              0.010 
2025-05-23 10:51:08 | INFO |       66.015 ¦     1603           2              0.010 
2025-05-23 10:51:08 | INFO |       66.025 ¦     1604           2              0.010 
2025-05-23 10:51:08 | INFO |       66.035 ¦     1605           2              0.010 
2025-05-23 10:51:08 | INFO |       66.045 ¦     1606           2              0.010 
2025-05-23 10:51:08 | INFO |       66.055 ¦     1607           2              0.010 
2025-05-23 10:51:08 | INFO |       66.065 ¦     1608           2              0.010 
2025-05-23 10:51:08 | INFO |       66.075 ¦     1609           2              0.010 
2025-05-23 10:51:08 | INFO |       66.085 ¦     1610           2              0.010 
2025-05-23 10:51:08 | INFO |       66.095 ¦     1611           2              0.010 
2025-05-23 10:51:08 | INFO |       66.105 ¦     1612           2              0.010 
2025-05-23 10:51:08 | INFO |       66.115 ¦     1613           2              0.010 
2025-05-23 10:51:08 | INFO |       66.125 ¦     1614           2              0.010 
2025-05-23 10:51:08 | INFO |       66.135 ¦     1615           2              0.010 
2025-05-23 10:51:08 | INFO |       66.145 ¦     1616           2              0.010 
2025-05-23 10:51:08 | INFO |       66.155 ¦     1617           2              0.010 
2025-05-23 10:51:08 | INFO |       66.165 ¦     1618           2              0.010 
2025-05-23 10:51:08 | INFO |       66.175 ¦     1619           2              0.010 
2025-05-23 10:51:08 | INFO |       66.185 ¦     1620           2              0.010 
2025-05-23 10:51:08 | INFO |       66.195 ¦     1621           2              0.010 
2025-05-23 10:51:08 | INFO |       66.205 ¦     1622           2              0.010 
2025-05-23 10:51:08 | INFO |       66.215 ¦     1623           2              0.010 
2025-05-23 10:51:08 | INFO |       66.225 ¦     1624           2              0.010 
2025-05-23 10:51:08 | INFO |       66.235 ¦     1625           2              0.010 
2025-05-23 10:51:08 | INFO |       66.245 ¦     1626           2              0.010 
2025-05-23 10:51:08 | INFO |       66.255 ¦     1627           2              0.010 
2025-05-23 10:51:08 | INFO |       66.265 ¦     1628           2              0.010 
2025-05-23 10:51:08 | INFO |       66.275 ¦     1629           2              0.010 
2025-05-23 10:51:08 | INFO |       66.285 ¦     1630           2              0.010 
2025-05-23 10:51:08 | INFO |       66.295 ¦     1631           2              0.010 
2025-05-23 10:51:08 | INFO |       66.305 ¦     1632           2              0.010 
2025-05-23 10:51:08 | INFO |       66.315 ¦     1633           2              0.010 
2025-05-23 10:51:08 | INFO |       66.325 ¦     1634           2              0.010 
2025-05-23 10:51:08 | INFO |       66.335 ¦     1635           2              0.010 
2025-05-23 10:51:08 | INFO |       66.345 ¦     1636           2              0.010 
2025-05-23 10:51:08 | INFO |       66.355 ¦     1637           2              0.010 
2025-05-23 10:51:08 | INFO |       66.365 ¦     1638           2              0.010 
2025-05-23 10:51:08 | INFO |       66.375 ¦     1639           2              0.010 
2025-05-23 10:51:08 | INFO |       66.385 ¦     1640           2              0.010 
2025-05-23 10:51:08 | INFO |       66.395 ¦     1641           2              0.010 
2025-05-23 10:51:08 | INFO |       66.405 ¦     1642           2              0.010 
2025-05-23 10:51:08 | INFO |       66.415 ¦     1643           2              0.010 
2025-05-23 10:51:08 | INFO |       66.425 ¦     1644           2              0.010 
2025-05-23 10:51:08 | INFO |       66.435 ¦     1645           2              0.010 
2025-05-23 10:51:08 | INFO |       66.445 ¦     1646           2              0.010 
2025-05-23 10:51:08 | INFO |       66.455 ¦     1647           2              0.010 
2025-05-23 10:51:08 | INFO |       66.465 ¦     1648           2              0.010 
2025-05-23 10:51:08 | INFO |       66.475 ¦     1649           2              0.010 
2025-05-23 10:51:08 | INFO |       66.485 ¦     1650           2              0.010 
2025-05-23 10:51:08 | INFO |       66.495 ¦     1651           2              0.010 
2025-05-23 10:51:08 | INFO |       66.505 ¦     1652           2              0.010 
2025-05-23 10:51:08 | INFO |       66.515 ¦     1653           2              0.010 
2025-05-23 10:51:08 | INFO |       66.525 ¦     1654           2              0.010 
2025-05-23 10:51:08 | INFO |       66.535 ¦     1655           2              0.010 
2025-05-23 10:51:08 | INFO |       66.545 ¦     1656           2              0.010 
2025-05-23 10:51:08 | INFO |       66.555 ¦     1657           2              0.010 
2025-05-23 10:51:08 | INFO |       66.565 ¦     1658           2              0.010 
2025-05-23 10:51:08 | INFO |       66.575 ¦     1659           2              0.010 
2025-05-23 10:51:08 | INFO |       66.585 ¦     1660           2              0.010 
2025-05-23 10:51:08 | INFO |       66.595 ¦     1661           2              0.010 
2025-05-23 10:51:08 | INFO |       66.605 ¦     1662           2              0.010 
2025-05-23 10:51:08 | INFO |       66.615 ¦     1663           2              0.010 
2025-05-23 10:51:08 | INFO |       66.625 ¦     1664           2              0.010 
2025-05-23 10:51:08 | INFO |       66.635 ¦     1665           2              0.010 
2025-05-23 10:51:08 | INFO |       66.645 ¦     1666           2              0.010 
2025-05-23 10:51:08 | INFO |       66.655 ¦     1667           2              0.010 
2025-05-23 10:51:08 | INFO |       66.665 ¦     1668           2              0.010 
2025-05-23 10:51:08 | INFO |       66.675 ¦     1669           2              0.010 
2025-05-23 10:51:08 | INFO |       66.685 ¦     1670           2              0.010 
2025-05-23 10:51:08 | INFO |       66.695 ¦     1671           2              0.010 
2025-05-23 10:51:08 | INFO |       66.705 ¦     1672           2              0.010 
2025-05-23 10:51:08 | INFO |       66.715 ¦     1673           2              0.010 
2025-05-23 10:51:08 | INFO |       66.725 ¦     1674           2              0.010 
2025-05-23 10:51:08 | INFO |       66.735 ¦     1675           2              0.010 
2025-05-23 10:51:08 | INFO |       66.745 ¦     1676           2              0.010 
2025-05-23 10:51:08 | INFO |       66.755 ¦     1677           2              0.010 
2025-05-23 10:51:08 | INFO |       66.765 ¦     1678           2              0.010 
2025-05-23 10:51:08 | INFO |       66.775 ¦     1679           2              0.010 
2025-05-23 10:51:08 | INFO |       66.785 ¦     1680           2              0.010 
2025-05-23 10:51:08 | INFO |       66.795 ¦     1681           2              0.010 
2025-05-23 10:51:08 | INFO |       66.805 ¦     1682           2              0.010 
2025-05-23 10:51:08 | INFO |       66.815 ¦     1683           2              0.010 
2025-05-23 10:51:08 | INFO |       66.825 ¦     1684           2              0.010 
2025-05-23 10:51:08 | INFO |       66.835 ¦     1685           2              0.010 
2025-05-23 10:51:08 | INFO |       66.845 ¦     1686           2              0.010 
2025-05-23 10:51:08 | INFO |       66.855 ¦     1687           2              0.010 
2025-05-23 10:51:08 | INFO |       66.865 ¦     1688           2              0.010 
2025-05-23 10:51:08 | INFO |       66.875 ¦     1689           2              0.010 
2025-05-23 10:51:08 | INFO |       66.885 ¦     1690           2              0.010 
2025-05-23 10:51:08 | INFO |       66.895 ¦     1691           2              0.010 
2025-05-23 10:51:08 | INFO |       66.905 ¦     1692           2              0.010 
2025-05-23 10:51:08 | INFO |       66.915 ¦     1693           2              0.010 
2025-05-23 10:51:08 | INFO |       66.925 ¦     1694           2              0.010 
2025-05-23 10:51:08 | INFO |       66.935 ¦     1695           2              0.010 
2025-05-23 10:51:08 | INFO |       66.945 ¦     1696           2              0.010 
2025-05-23 10:51:08 | INFO |       66.955 ¦     1697           2              0.010 
2025-05-23 10:51:08 | INFO |       66.965 ¦     1698           2              0.010 
2025-05-23 10:51:08 | INFO |       66.975 ¦     1699           2              0.010 
2025-05-23 10:51:08 | INFO |       66.985 ¦     1700           2              0.010 
2025-05-23 10:51:08 | INFO |       66.995 ¦     1701           2              0.010 
2025-05-23 10:51:08 | INFO |       67.005 ¦     1702           2              0.010 
2025-05-23 10:51:08 | INFO |       67.015 ¦     1703           2              0.010 
2025-05-23 10:51:08 | INFO |       67.025 ¦     1704           2              0.010 
2025-05-23 10:51:08 | INFO |       67.035 ¦     1705           2              0.010 
2025-05-23 10:51:08 | INFO |       67.045 ¦     1706           2              0.010 
2025-05-23 10:51:08 | INFO |       67.055 ¦     1707           2              0.010 
2025-05-23 10:51:08 | INFO |       67.065 ¦     1708           2              0.010 
2025-05-23 10:51:08 | INFO |       67.075 ¦     1709           2              0.010 
2025-05-23 10:51:08 | INFO |       67.085 ¦     1710           2              0.010 
2025-05-23 10:51:08 | INFO |       67.095 ¦     1711           2              0.010 
2025-05-23 10:51:08 | INFO |       67.105 ¦     1712           2              0.010 
2025-05-23 10:51:08 | INFO |       67.115 ¦     1713           2              0.010 
2025-05-23 10:51:08 | INFO |       67.125 ¦     1714           2              0.010 
2025-05-23 10:51:08 | INFO |       67.135 ¦     1715           2              0.010 
2025-05-23 10:51:08 | INFO |       67.145 ¦     1716           2              0.010 
2025-05-23 10:51:08 | INFO |       67.155 ¦     1717           2              0.010 
2025-05-23 10:51:08 | INFO |       67.165 ¦     1718           2              0.010 
2025-05-23 10:51:08 | INFO |       67.175 ¦     1719           2              0.010 
2025-05-23 10:51:08 | INFO |       67.185 ¦     1720           2              0.010 
2025-05-23 10:51:08 | INFO |       67.195 ¦     1721           2              0.010 
2025-05-23 10:51:08 | INFO |       67.205 ¦     1722           2              0.010 
2025-05-23 10:51:08 | INFO |       67.215 ¦     1723           2              0.010 
2025-05-23 10:51:08 | INFO |       67.225 ¦     1724           2              0.010 
2025-05-23 10:51:08 | INFO |       67.235 ¦     1725           2              0.010 
2025-05-23 10:51:08 | INFO |       67.245 ¦     1726           2              0.010 
2025-05-23 10:51:08 | INFO |       67.255 ¦     1727           2              0.010 
2025-05-23 10:51:08 | INFO |       67.265 ¦     1728           2              0.010 
2025-05-23 10:51:08 | INFO |       67.275 ¦     1729           2              0.010 
2025-05-23 10:51:08 | INFO |       67.285 ¦     1730           2              0.010 
2025-05-23 10:51:08 | INFO |       67.295 ¦     1731           2              0.010 
2025-05-23 10:51:08 | INFO |       67.305 ¦     1732           2              0.010 
2025-05-23 10:51:08 | INFO |       67.315 ¦     1733           2              0.010 
2025-05-23 10:51:08 | INFO |       67.325 ¦     1734           2              0.010 
2025-05-23 10:51:08 | INFO |       67.335 ¦     1735           2              0.010 
2025-05-23 10:51:08 | INFO |       67.345 ¦     1736           2              0.010 
2025-05-23 10:51:08 | INFO |       67.355 ¦     1737           2              0.010 
2025-05-23 10:51:08 | INFO |       67.365 ¦     1738           2              0.010 
2025-05-23 10:51:08 | INFO |       67.375 ¦     1739           2              0.010 
2025-05-23 10:51:08 | INFO |       67.385 ¦     1740           2              0.010 
2025-05-23 10:51:08 | INFO |       67.395 ¦     1741           2              0.010 
2025-05-23 10:51:08 | INFO |       67.405 ¦     1742           2              0.010 
2025-05-23 10:51:08 | INFO |       67.415 ¦     1743           2              0.010 
2025-05-23 10:51:08 | INFO |       67.425 ¦     1744           2              0.010 
2025-05-23 10:51:08 | INFO |       67.435 ¦     1745           2              0.010 
2025-05-23 10:51:08 | INFO |       67.445 ¦     1746           2              0.010 
2025-05-23 10:51:08 | INFO |       67.455 ¦     1747           2              0.010 
2025-05-23 10:51:08 | INFO |       67.465 ¦     1748           2              0.010 
2025-05-23 10:51:08 | INFO |       67.475 ¦     1749           2              0.010 
2025-05-23 10:51:08 | INFO |       67.485 ¦     1750           2              0.010 
2025-05-23 10:51:08 | INFO |       67.495 ¦     1751           2              0.010 
2025-05-23 10:51:08 | INFO |       67.505 ¦     1752           2              0.010 
2025-05-23 10:51:08 | INFO |       67.515 ¦     1753           2              0.010 
2025-05-23 10:51:08 | INFO |       67.525 ¦     1754           2              0.010 
2025-05-23 10:51:08 | INFO |       67.535 ¦     1755           2              0.010 
2025-05-23 10:51:08 | INFO |       67.545 ¦     1756           2              0.010 
2025-05-23 10:51:08 | INFO |       67.555 ¦     1757           2              0.010 
2025-05-23 10:51:08 | INFO |       67.565 ¦     1758           2              0.010 
2025-05-23 10:51:08 | INFO |       67.575 ¦     1759           2              0.010 
2025-05-23 10:51:08 | INFO |       67.585 ¦     1760           2              0.010 
2025-05-23 10:51:08 | INFO |       67.595 ¦     1761           2              0.010 
2025-05-23 10:51:08 | INFO |       67.605 ¦     1762           2              0.010 
2025-05-23 10:51:08 | INFO |       67.615 ¦     1763           2              0.010 
2025-05-23 10:51:08 | INFO |       67.625 ¦     1764           2              0.010 
2025-05-23 10:51:08 | INFO |       67.635 ¦     1765           2              0.010 
2025-05-23 10:51:08 | INFO |       67.645 ¦     1766           2              0.010 
2025-05-23 10:51:08 | INFO |       67.655 ¦     1767           2              0.010 
2025-05-23 10:51:08 | INFO |       67.665 ¦     1768           2              0.010 
2025-05-23 10:51:08 | INFO |       67.675 ¦     1769           2              0.010 
2025-05-23 10:51:08 | INFO |       67.685 ¦     1770           2              0.010 
2025-05-23 10:51:08 | INFO |       67.695 ¦     1771           2              0.010 
2025-05-23 10:51:08 | INFO |       67.705 ¦     1772           2              0.010 
2025-05-23 10:51:08 | INFO |       67.715 ¦     1773           2              0.010 
2025-05-23 10:51:08 | INFO |       67.725 ¦     1774           2              0.010 
2025-05-23 10:51:08 | INFO |       67.735 ¦     1775           2              0.010 
2025-05-23 10:51:08 | INFO |       67.745 ¦     1776           2              0.010 
2025-05-23 10:51:08 | INFO |       67.755 ¦     1777           2              0.010 
2025-05-23 10:51:08 | INFO |       67.765 ¦     1778           2              0.010 
2025-05-23 10:51:08 | INFO |       67.775 ¦     1779           2              0.010 
2025-05-23 10:51:08 | INFO |       67.785 ¦     1780           2              0.010 
2025-05-23 10:51:08 | INFO |       67.795 ¦     1781           2              0.010 
2025-05-23 10:51:08 | INFO |       67.805 ¦     1782           2              0.010 
2025-05-23 10:51:08 | INFO |       67.815 ¦     1783           2              0.010 
2025-05-23 10:51:08 | INFO |       67.825 ¦     1784           2              0.010 
2025-05-23 10:51:08 | INFO |       67.835 ¦     1785           2              0.010 
2025-05-23 10:51:08 | INFO |       67.845 ¦     1786           2              0.010 
2025-05-23 10:51:08 | INFO |       67.855 ¦     1787           2              0.010 
2025-05-23 10:51:08 | INFO |       67.865 ¦     1788           2              0.010 
2025-05-23 10:51:08 | INFO |       67.875 ¦     1789           2              0.010 
2025-05-23 10:51:08 | INFO |       67.885 ¦     1790           2              0.010 
2025-05-23 10:51:08 | INFO |       67.895 ¦     1791           2              0.010 
2025-05-23 10:51:08 | INFO |       67.905 ¦     1792           2              0.010 
2025-05-23 10:51:08 | INFO |       67.915 ¦     1793           2              0.010 
2025-05-23 10:51:08 | INFO |       67.925 ¦     1794           2              0.010 
2025-05-23 10:51:08 | INFO |       67.935 ¦     1795           2              0.010 
2025-05-23 10:51:08 | INFO |       67.945 ¦     1796           2              0.010 
2025-05-23 10:51:08 | INFO |       67.955 ¦     1797           2              0.010 
2025-05-23 10:51:08 | INFO |       67.965 ¦     1798           2              0.010 
2025-05-23 10:51:08 | INFO |       67.975 ¦     1799           2              0.010 
2025-05-23 10:51:08 | INFO |       67.985 ¦     1800           2              0.010 
2025-05-23 10:51:08 | INFO |       67.995 ¦     1801           2              0.010 
2025-05-23 10:51:08 | INFO |       68.005 ¦     1802           2              0.010 
2025-05-23 10:51:08 | INFO |       68.015 ¦     1803           2              0.010 
2025-05-23 10:51:08 | INFO |       68.025 ¦     1804           2              0.010 
2025-05-23 10:51:08 | INFO |       68.035 ¦     1805           2              0.010 
2025-05-23 10:51:08 | INFO |       68.045 ¦     1806           2              0.010 
2025-05-23 10:51:08 | INFO |       68.055 ¦     1807           2              0.010 
2025-05-23 10:51:08 | INFO |       68.065 ¦     1808           2              0.010 
2025-05-23 10:51:08 | INFO |       68.075 ¦     1809           2              0.010 
2025-05-23 10:51:08 | INFO |       68.085 ¦     1810           2              0.010 
2025-05-23 10:51:08 | INFO |       68.095 ¦     1811           2              0.010 
2025-05-23 10:51:08 | INFO |       68.105 ¦     1812           2              0.010 
2025-05-23 10:51:08 | INFO |       68.115 ¦     1813           2              0.010 
2025-05-23 10:51:08 | INFO |       68.125 ¦     1814           2              0.010 
2025-05-23 10:51:08 | INFO |       68.135 ¦     1815           2              0.010 
2025-05-23 10:51:08 | INFO |       68.145 ¦     1816           2              0.010 
2025-05-23 10:51:08 | INFO |       68.155 ¦     1817           2              0.010 
2025-05-23 10:51:08 | INFO |       68.165 ¦     1818           2              0.010 
2025-05-23 10:51:08 | INFO |       68.175 ¦     1819           2              0.010 
2025-05-23 10:51:08 | INFO |       68.185 ¦     1820           2              0.010 
2025-05-23 10:51:08 | INFO |       68.195 ¦     1821           2              0.010 
2025-05-23 10:51:08 | INFO |       68.205 ¦     1822           2              0.010 
2025-05-23 10:51:08 | INFO |       68.215 ¦     1823           2              0.010 
2025-05-23 10:51:08 | INFO |       68.225 ¦     1824           2              0.010 
2025-05-23 10:51:08 | INFO |       68.235 ¦     1825           2              0.010 
2025-05-23 10:51:08 | INFO |       68.245 ¦     1826           2              0.010 
2025-05-23 10:51:08 | INFO |       68.255 ¦     1827           2              0.010 
2025-05-23 10:51:08 | INFO |       68.265 ¦     1828           2              0.010 
2025-05-23 10:51:08 | INFO |       68.275 ¦     1829           2              0.010 
2025-05-23 10:51:08 | INFO |       68.285 ¦     1830           2              0.010 
2025-05-23 10:51:08 | INFO |       68.295 ¦     1831           2              0.010 
2025-05-23 10:51:08 | INFO |       68.305 ¦     1832           2              0.010 
2025-05-23 10:51:08 | INFO |       68.315 ¦     1833           2              0.010 
2025-05-23 10:51:08 | INFO |       68.325 ¦     1834           2              0.010 
2025-05-23 10:51:08 | INFO |       68.335 ¦     1835           2              0.010 
2025-05-23 10:51:08 | INFO |       68.345 ¦     1836           2              0.010 
2025-05-23 10:51:08 | INFO |       68.355 ¦     1837           2              0.010 
2025-05-23 10:51:08 | INFO |       68.365 ¦     1838           2              0.010 
2025-05-23 10:51:08 | INFO |       68.375 ¦     1839           2              0.010 
2025-05-23 10:51:08 | INFO |       68.385 ¦     1840           2              0.010 
2025-05-23 10:51:08 | INFO |       68.395 ¦     1841           2              0.010 
2025-05-23 10:51:08 | INFO |       68.405 ¦     1842           2              0.010 
2025-05-23 10:51:08 | INFO |       68.415 ¦     1843           2              0.010 
2025-05-23 10:51:08 | INFO |       68.425 ¦     1844           2              0.010 
2025-05-23 10:51:08 | INFO |       68.435 ¦     1845           2              0.010 
2025-05-23 10:51:08 | INFO |       68.445 ¦     1846           2              0.010 
2025-05-23 10:51:08 | INFO |       68.455 ¦     1847           2              0.010 
2025-05-23 10:51:08 | INFO |       68.465 ¦     1848           2              0.010 
2025-05-23 10:51:08 | INFO |       68.475 ¦     1849           2              0.010 
2025-05-23 10:51:08 | INFO |       68.485 ¦     1850           2              0.010 
2025-05-23 10:51:08 | INFO |       68.495 ¦     1851           2              0.010 
2025-05-23 10:51:08 | INFO |       68.505 ¦     1852           2              0.010 
2025-05-23 10:51:08 | INFO |       68.515 ¦     1853           2              0.010 
2025-05-23 10:51:08 | INFO |       68.525 ¦     1854           2              0.010 
2025-05-23 10:51:08 | INFO |       68.535 ¦     1855           2              0.010 
2025-05-23 10:51:08 | INFO |       68.545 ¦     1856           2              0.010 
2025-05-23 10:51:08 | INFO |       68.555 ¦     1857           2              0.010 
2025-05-23 10:51:08 | INFO |       68.565 ¦     1858           2              0.010 
2025-05-23 10:51:08 | INFO |       68.575 ¦     1859           2              0.010 
2025-05-23 10:51:08 | INFO |       68.585 ¦     1860           2              0.010 
2025-05-23 10:51:08 | INFO |       68.595 ¦     1861           2              0.010 
2025-05-23 10:51:08 | INFO |       68.605 ¦     1862           2              0.010 
2025-05-23 10:51:08 | INFO |       68.615 ¦     1863           2              0.010 
2025-05-23 10:51:08 | INFO |       68.625 ¦     1864           2              0.010 
2025-05-23 10:51:08 | INFO |       68.635 ¦     1865           2              0.010 
2025-05-23 10:51:08 | INFO |       68.645 ¦     1866           2              0.010 
2025-05-23 10:51:08 | INFO |       68.655 ¦     1867           2              0.010 
2025-05-23 10:51:08 | INFO |       68.665 ¦     1868           2              0.010 
2025-05-23 10:51:08 | INFO |       68.675 ¦     1869           2              0.010 
2025-05-23 10:51:08 | INFO |       68.685 ¦     1870           2              0.010 
2025-05-23 10:51:08 | INFO |       68.695 ¦     1871           2              0.010 
2025-05-23 10:51:08 | INFO |       68.705 ¦     1872           2              0.010 
2025-05-23 10:51:08 | INFO |       68.715 ¦     1873           2              0.010 
2025-05-23 10:51:08 | INFO |       68.725 ¦     1874           2              0.010 
2025-05-23 10:51:08 | INFO |       68.735 ¦     1875           2              0.010 
2025-05-23 10:51:08 | INFO |       68.745 ¦     1876           2              0.010 
2025-05-23 10:51:08 | INFO |       68.755 ¦     1877           2              0.010 
2025-05-23 10:51:08 | INFO |       68.765 ¦     1878           2              0.010 
2025-05-23 10:51:08 | INFO |       68.775 ¦     1879           2              0.010 
2025-05-23 10:51:08 | INFO |       68.785 ¦     1880           2              0.010 
2025-05-23 10:51:08 | INFO |       68.795 ¦     1881           2              0.010 
2025-05-23 10:51:08 | INFO |       68.805 ¦     1882           2              0.010 
2025-05-23 10:51:08 | INFO |       68.815 ¦     1883           2              0.010 
2025-05-23 10:51:08 | INFO |       68.825 ¦     1884           2              0.010 
2025-05-23 10:51:08 | INFO |       68.835 ¦     1885           2              0.010 
2025-05-23 10:51:08 | INFO |       68.845 ¦     1886           2              0.010 
2025-05-23 10:51:08 | INFO |       68.855 ¦     1887           2              0.010 
2025-05-23 10:51:08 | INFO |       68.865 ¦     1888           2              0.010 
2025-05-23 10:51:08 | INFO |       68.875 ¦     1889           2              0.010 
2025-05-23 10:51:08 | INFO |       68.885 ¦     1890           2              0.010 
2025-05-23 10:51:08 | INFO |       68.895 ¦     1891           2              0.010 
2025-05-23 10:51:08 | INFO |       68.905 ¦     1892           2              0.010 
2025-05-23 10:51:08 | INFO |       68.915 ¦     1893           2              0.010 
2025-05-23 10:51:08 | INFO |       68.925 ¦     1894           2              0.010 
2025-05-23 10:51:08 | INFO |       68.935 ¦     1895           2              0.010 
2025-05-23 10:51:08 | INFO |       68.945 ¦     1896           2              0.010 
2025-05-23 10:51:08 | INFO |       68.955 ¦     1897           2              0.010 
2025-05-23 10:51:08 | INFO |       68.965 ¦     1898           2              0.010 
2025-05-23 10:51:08 | INFO |       68.975 ¦     1899           2              0.010 
2025-05-23 10:51:08 | INFO |       68.985 ¦     1900           2              0.010 
2025-05-23 10:51:08 | INFO |       68.995 ¦     1901           2              0.010 
2025-05-23 10:51:08 | INFO |       69.005 ¦     1902           2              0.010 
2025-05-23 10:51:08 | INFO |       69.015 ¦     1903           2              0.010 
2025-05-23 10:51:08 | INFO |       69.025 ¦     1904           2              0.010 
2025-05-23 10:51:08 | INFO |       69.035 ¦     1905           2              0.010 
2025-05-23 10:51:08 | INFO |       69.045 ¦     1906           2              0.010 
2025-05-23 10:51:08 | INFO |       69.055 ¦     1907           2              0.010 
2025-05-23 10:51:08 | INFO |       69.065 ¦     1908           2              0.010 
2025-05-23 10:51:08 | INFO |       69.075 ¦     1909           2              0.010 
2025-05-23 10:51:08 | INFO |       69.085 ¦     1910           2              0.010 
2025-05-23 10:51:08 | INFO |       69.095 ¦     1911           2              0.010 
2025-05-23 10:51:08 | INFO |       69.105 ¦     1912           2              0.010 
2025-05-23 10:51:08 | INFO |       69.115 ¦     1913           2              0.010 
2025-05-23 10:51:08 | INFO |       69.125 ¦     1914           2              0.010 
2025-05-23 10:51:08 | INFO |       69.135 ¦     1915           2              0.010 
2025-05-23 10:51:08 | INFO |       69.145 ¦     1916           2              0.010 
2025-05-23 10:51:08 | INFO |       69.155 ¦     1917           2              0.010 
2025-05-23 10:51:08 | INFO |       69.165 ¦     1918           2              0.010 
2025-05-23 10:51:08 | INFO |       69.175 ¦     1919           2              0.010 
2025-05-23 10:51:08 | INFO |       69.185 ¦     1920           2              0.010 
2025-05-23 10:51:08 | INFO |       69.195 ¦     1921           2              0.010 
2025-05-23 10:51:08 | INFO |       69.205 ¦     1922           2              0.010 
2025-05-23 10:51:08 | INFO |       69.215 ¦     1923           2              0.010 
2025-05-23 10:51:08 | INFO |       69.225 ¦     1924           2              0.010 
2025-05-23 10:51:08 | INFO |       69.235 ¦     1925           2              0.010 
2025-05-23 10:51:08 | INFO |       69.245 ¦     1926           2              0.010 
2025-05-23 10:51:08 | INFO |       69.255 ¦     1927           2              0.010 
2025-05-23 10:51:08 | INFO |       69.265 ¦     1928           2              0.010 
2025-05-23 10:51:08 | INFO |       69.275 ¦     1929           2              0.010 
2025-05-23 10:51:08 | INFO |       69.285 ¦     1930           2              0.010 
2025-05-23 10:51:08 | INFO |       69.295 ¦     1931           2              0.010 
2025-05-23 10:51:08 | INFO |       69.305 ¦     1932           2              0.010 
2025-05-23 10:51:08 | INFO |       69.315 ¦     1933           2              0.010 
2025-05-23 10:51:08 | INFO |       69.325 ¦     1934           2              0.010 
2025-05-23 10:51:08 | INFO |       69.335 ¦     1935           2              0.010 
2025-05-23 10:51:08 | INFO |       69.345 ¦     1936           2              0.010 
2025-05-23 10:51:08 | INFO |       69.355 ¦     1937           2              0.010 
2025-05-23 10:51:08 | INFO |       69.365 ¦     1938           2              0.010 
2025-05-23 10:51:08 | INFO |       69.375 ¦     1939           2              0.010 
2025-05-23 10:51:08 | INFO |       69.385 ¦     1940           2              0.010 
2025-05-23 10:51:08 | INFO |       69.395 ¦     1941           2              0.010 
2025-05-23 10:51:08 | INFO |       69.405 ¦     1942           2              0.010 
2025-05-23 10:51:08 | INFO |       69.415 ¦     1943           2              0.010 
2025-05-23 10:51:08 | INFO |       69.425 ¦     1944           2              0.010 
2025-05-23 10:51:08 | INFO |       69.435 ¦     1945           2              0.010 
2025-05-23 10:51:08 | INFO |       69.445 ¦     1946           2              0.010 
2025-05-23 10:51:08 | INFO |       69.455 ¦     1947           2              0.010 
2025-05-23 10:51:08 | INFO |       69.465 ¦     1948           2              0.010 
2025-05-23 10:51:08 | INFO |       69.475 ¦     1949           2              0.010 
2025-05-23 10:51:08 | INFO |       69.485 ¦     1950           2              0.010 
2025-05-23 10:51:08 | INFO |       69.495 ¦     1951           2              0.010 
2025-05-23 10:51:08 | INFO |       69.505 ¦     1952           2              0.010 
2025-05-23 10:51:08 | INFO |       69.515 ¦     1953           2              0.010 
2025-05-23 10:51:08 | INFO |       69.525 ¦     1954           2              0.010 
2025-05-23 10:51:08 | INFO |       69.535 ¦     1955           2              0.010 
2025-05-23 10:51:08 | INFO |       69.545 ¦     1956           2              0.010 
2025-05-23 10:51:08 | INFO |       69.555 ¦     1957           2              0.010 
2025-05-23 10:51:08 | INFO |       69.565 ¦     1958           2              0.010 
2025-05-23 10:51:08 | INFO |       69.575 ¦     1959           2              0.010 
2025-05-23 10:51:08 | INFO |       69.585 ¦     1960           2              0.010 
2025-05-23 10:51:08 | INFO |       69.595 ¦     1961           2              0.010 
2025-05-23 10:51:08 | INFO |       69.605 ¦     1962           2              0.010 
2025-05-23 10:51:08 | INFO |       69.615 ¦     1963           2              0.010 
2025-05-23 10:51:08 | INFO |       69.625 ¦     1964           2              0.010 
2025-05-23 10:51:08 | INFO |       69.635 ¦     1965           2              0.010 
2025-05-23 10:51:08 | INFO |       69.645 ¦     1966           2              0.010 
2025-05-23 10:51:08 | INFO |       69.655 ¦     1967           2              0.010 
2025-05-23 10:51:08 | INFO |       69.665 ¦     1968           2              0.010 
2025-05-23 10:51:08 | INFO |       69.675 ¦     1969           2              0.010 
2025-05-23 10:51:08 | INFO |       69.685 ¦     1970           2              0.010 
2025-05-23 10:51:08 | INFO |       69.695 ¦     1971           2              0.010 
2025-05-23 10:51:08 | INFO |       69.705 ¦     1972           2              0.010 
2025-05-23 10:51:08 | INFO |       69.715 ¦     1973           2              0.010 
2025-05-23 10:51:08 | INFO |       69.725 ¦     1974           2              0.010 
2025-05-23 10:51:08 | INFO |       69.735 ¦     1975           2              0.010 
2025-05-23 10:51:08 | INFO |       69.745 ¦     1976           2              0.010 
2025-05-23 10:51:08 | INFO |       69.755 ¦     1977           2              0.010 
2025-05-23 10:51:08 | INFO |       69.765 ¦     1978           2              0.010 
2025-05-23 10:51:08 | INFO |       69.775 ¦     1979           2              0.010 
2025-05-23 10:51:08 | INFO |       69.785 ¦     1980           2              0.010 
2025-05-23 10:51:08 | INFO |       69.795 ¦     1981           2              0.010 
2025-05-23 10:51:08 | INFO |       69.805 ¦     1982           2              0.010 
2025-05-23 10:51:08 | INFO |       69.815 ¦     1983           2              0.010 
2025-05-23 10:51:08 | INFO |       69.825 ¦     1984           2              0.010 
2025-05-23 10:51:08 | INFO |       69.835 ¦     1985           2              0.010 
2025-05-23 10:51:08 | INFO |       69.845 ¦     1986           2              0.010 
2025-05-23 10:51:08 | INFO |       69.855 ¦     1987           2              0.010 
2025-05-23 10:51:08 | INFO |       69.865 ¦     1988           2              0.010 
2025-05-23 10:51:08 | INFO |       69.875 ¦     1989           2              0.010 
2025-05-23 10:51:08 | INFO |       69.885 ¦     1990           2              0.010 
2025-05-23 10:51:08 | INFO |       69.895 ¦     1991           2              0.010 
2025-05-23 10:51:08 | INFO |       69.905 ¦     1992           2              0.010 
2025-05-23 10:51:08 | INFO |       69.915 ¦     1993           2              0.010 
2025-05-23 10:51:08 | INFO |       69.925 ¦     1994           2              0.010 
2025-05-23 10:51:08 | INFO |       69.935 ¦     1995           2              0.010 
2025-05-23 10:51:08 | INFO |       69.945 ¦     1996           2              0.010 
2025-05-23 10:51:08 | INFO |       69.955 ¦     1997           2              0.010 
2025-05-23 10:51:08 | INFO |       69.965 ¦     1998           2              0.010 
2025-05-23 10:51:08 | INFO |       69.975 ¦     1999           2              0.010 
2025-05-23 10:51:08 | INFO |       69.985 ¦     2000           2              0.010 
2025-05-23 10:51:08 | INFO |       69.995 ¦     2001           2              0.010 
2025-05-23 10:51:08 | INFO |       70.005 ¦     2002           2              0.010 
2025-05-23 10:51:08 | INFO |       70.015 ¦     2003           2              0.010 
2025-05-23 10:51:08 | INFO |       70.025 ¦     2004           2              0.010 
2025-05-23 10:51:08 | INFO |       70.035 ¦     2005           2              0.010 
2025-05-23 10:51:08 | INFO |       70.045 ¦     2006           2              0.010 
2025-05-23 10:51:08 | INFO |       70.055 ¦     2007           2              0.010 
2025-05-23 10:51:08 | INFO |       70.065 ¦     2008           2              0.010 
2025-05-23 10:51:08 | INFO |       70.075 ¦     2009           2              0.010 
2025-05-23 10:51:08 | INFO |       70.085 ¦     2010           2              0.010 
2025-05-23 10:51:08 | INFO |       70.095 ¦     2011           2              0.010 
2025-05-23 10:51:08 | INFO |       70.105 ¦     2012           2              0.010 
2025-05-23 10:51:08 | INFO |       70.115 ¦     2013           2              0.010 
2025-05-23 10:51:08 | INFO |       70.125 ¦     2014           2              0.010 
2025-05-23 10:51:08 | INFO |       70.135 ¦     2015           2              0.010 
2025-05-23 10:51:08 | INFO |       70.145 ¦     2016           2              0.010 
2025-05-23 10:51:08 | INFO |       70.155 ¦     2017           2              0.010 
2025-05-23 10:51:08 | INFO |       70.165 ¦     2018           2              0.010 
2025-05-23 10:51:08 | INFO |       70.175 ¦     2019           2              0.010 
2025-05-23 10:51:08 | INFO |       70.185 ¦     2020           2              0.010 
2025-05-23 10:51:08 | INFO |       70.195 ¦     2021           2              0.010 
2025-05-23 10:51:08 | INFO |       70.205 ¦     2022           2              0.010 
2025-05-23 10:51:08 | INFO |       70.215 ¦     2023           2              0.010 
2025-05-23 10:51:08 | INFO |       70.225 ¦     2024           2              0.010 
2025-05-23 10:51:08 | INFO |       70.235 ¦     2025           2              0.010 
2025-05-23 10:51:08 | INFO |       70.245 ¦     2026           2              0.010 
2025-05-23 10:51:08 | INFO |       70.255 ¦     2027           2              0.010 
2025-05-23 10:51:08 | INFO |       70.265 ¦     2028           2              0.010 
2025-05-23 10:51:08 | INFO |       70.275 ¦     2029           2              0.010 
2025-05-23 10:51:08 | INFO |       70.285 ¦     2030           2              0.010 
2025-05-23 10:51:08 | INFO |       70.295 ¦     2031           2              0.010 
2025-05-23 10:51:08 | INFO |       70.305 ¦     2032           2              0.010 
2025-05-23 10:51:08 | INFO |       70.315 ¦     2033           2              0.010 
2025-05-23 10:51:08 | INFO |       70.325 ¦     2034           2              0.010 
2025-05-23 10:51:08 | INFO |       70.335 ¦     2035           2              0.010 
2025-05-23 10:51:08 | INFO |       70.345 ¦     2036           2              0.010 
2025-05-23 10:51:08 | INFO |       70.355 ¦     2037           2              0.010 
2025-05-23 10:51:08 | INFO |       70.365 ¦     2038           2              0.010 
2025-05-23 10:51:08 | INFO |       70.375 ¦     2039           2              0.010 
2025-05-23 10:51:08 | INFO |       70.385 ¦     2040           2              0.010 
2025-05-23 10:51:08 | INFO |       70.395 ¦     2041           2              0.010 
2025-05-23 10:51:08 | INFO |       70.405 ¦     2042           2              0.010 
2025-05-23 10:51:08 | INFO |       70.415 ¦     2043           2              0.010 
2025-05-23 10:51:08 | INFO |       70.425 ¦     2044           2              0.010 
2025-05-23 10:51:08 | INFO |       70.435 ¦     2045           2              0.010 
2025-05-23 10:51:08 | INFO |       70.445 ¦     2046           2              0.010 
2025-05-23 10:51:08 | INFO |       70.455 ¦     2047           2              0.010 
2025-05-23 10:51:08 | INFO |       70.465 ¦     2048           2              0.010 
2025-05-23 10:51:08 | INFO |       70.475 ¦     2049           2              0.010 
2025-05-23 10:51:08 | INFO |       70.485 ¦     2050           2              0.010 
2025-05-23 10:51:08 | INFO |       70.495 ¦     2051           2              0.010 
2025-05-23 10:51:08 | INFO |       70.505 ¦     2052           2              0.010 
2025-05-23 10:51:08 | INFO |       70.515 ¦     2053           2              0.010 
2025-05-23 10:51:08 | INFO |       70.525 ¦     2054           2              0.010 
2025-05-23 10:51:08 | INFO |       70.535 ¦     2055           2              0.010 
2025-05-23 10:51:08 | INFO |       70.545 ¦     2056           2              0.010 
2025-05-23 10:51:08 | INFO |       70.555 ¦     2057           2              0.010 
2025-05-23 10:51:08 | INFO |       70.565 ¦     2058           2              0.010 
2025-05-23 10:51:08 | INFO |       70.575 ¦     2059           2              0.010 
2025-05-23 10:51:08 | INFO |       70.585 ¦     2060           2              0.010 
2025-05-23 10:51:08 | INFO |       70.595 ¦     2061           2              0.010 
2025-05-23 10:51:08 | INFO |       70.605 ¦     2062           2              0.010 
2025-05-23 10:51:08 | INFO |       70.615 ¦     2063           2              0.010 
2025-05-23 10:51:08 | INFO |       70.625 ¦     2064           2              0.010 
2025-05-23 10:51:08 | INFO |       70.635 ¦     2065           2              0.010 
2025-05-23 10:51:08 | INFO |       70.645 ¦     2066           2              0.010 
2025-05-23 10:51:08 | INFO |       70.655 ¦     2067           2              0.010 
2025-05-23 10:51:08 | INFO |       70.665 ¦     2068           2              0.010 
2025-05-23 10:51:08 | INFO |       70.675 ¦     2069           2              0.010 
2025-05-23 10:51:08 | INFO |       70.685 ¦     2070           2              0.010 
2025-05-23 10:51:08 | INFO |       70.695 ¦     2071           2              0.010 
2025-05-23 10:51:08 | INFO |       70.705 ¦     2072           2              0.010 
2025-05-23 10:51:08 | INFO |       70.715 ¦     2073           2              0.010 
2025-05-23 10:51:08 | INFO |       70.725 ¦     2074           2              0.010 
2025-05-23 10:51:08 | INFO |       70.735 ¦     2075           2              0.010 
2025-05-23 10:51:08 | INFO |       70.745 ¦     2076           2              0.010 
2025-05-23 10:51:08 | INFO |       70.755 ¦     2077           2              0.010 
2025-05-23 10:51:08 | INFO |       70.765 ¦     2078           2              0.010 
2025-05-23 10:51:08 | INFO |       70.775 ¦     2079           2              0.010 
2025-05-23 10:51:08 | INFO |       70.785 ¦     2080           2              0.010 
2025-05-23 10:51:08 | INFO |       70.795 ¦     2081           2              0.010 
2025-05-23 10:51:08 | INFO |       70.805 ¦     2082           2              0.010 
2025-05-23 10:51:08 | INFO |       70.815 ¦     2083           2              0.010 
2025-05-23 10:51:08 | INFO |       70.825 ¦     2084           2              0.010 
2025-05-23 10:51:08 | INFO |       70.835 ¦     2085           2              0.010 
2025-05-23 10:51:08 | INFO |       70.845 ¦     2086           2              0.010 
2025-05-23 10:51:08 | INFO |       70.855 ¦     2087           2              0.010 
2025-05-23 10:51:08 | INFO |       70.865 ¦     2088           2              0.010 
2025-05-23 10:51:08 | INFO |       70.875 ¦     2089           2              0.010 
2025-05-23 10:51:08 | INFO |       70.885 ¦     2090           2              0.010 
2025-05-23 10:51:08 | INFO |       70.895 ¦     2091           2              0.010 
2025-05-23 10:51:08 | INFO |       70.905 ¦     2092           2              0.010 
2025-05-23 10:51:08 | INFO |       70.915 ¦     2093           2              0.010 
2025-05-23 10:51:08 | INFO |       70.925 ¦     2094           2              0.010 
2025-05-23 10:51:08 | INFO |       70.935 ¦     2095           2              0.010 
2025-05-23 10:51:08 | INFO |       70.945 ¦     2096           2              0.010 
2025-05-23 10:51:08 | INFO |       70.955 ¦     2097           2              0.010 
2025-05-23 10:51:08 | INFO |       70.965 ¦     2098           2              0.010 
2025-05-23 10:51:08 | INFO |       70.975 ¦     2099           2              0.010 
2025-05-23 10:51:08 | INFO |       70.985 ¦     2100           2              0.010 
2025-05-23 10:51:08 | INFO |       70.995 ¦     2101           2              0.010 
2025-05-23 10:51:08 | INFO |       71.005 ¦     2102           2              0.010 
2025-05-23 10:51:08 | INFO |       71.015 ¦     2103           2              0.010 
2025-05-23 10:51:08 | INFO |       71.025 ¦     2104           2              0.010 
2025-05-23 10:51:08 | INFO |       71.035 ¦     2105           2              0.010 
2025-05-23 10:51:08 | INFO |       71.045 ¦     2106           2              0.010 
2025-05-23 10:51:08 | INFO |       71.055 ¦     2107           2              0.010 
2025-05-23 10:51:08 | INFO |       71.065 ¦     2108           2              0.010 
2025-05-23 10:51:08 | INFO |       71.075 ¦     2109           2              0.010 
2025-05-23 10:51:08 | INFO |       71.085 ¦     2110           2              0.010 
2025-05-23 10:51:08 | INFO |       71.095 ¦     2111           2              0.010 
2025-05-23 10:51:08 | INFO |       71.105 ¦     2112           2              0.010 
2025-05-23 10:51:08 | INFO |       71.115 ¦     2113           2              0.010 
2025-05-23 10:51:08 | INFO |       71.125 ¦     2114           2              0.010 
2025-05-23 10:51:08 | INFO |       71.135 ¦     2115           2              0.010 
2025-05-23 10:51:08 | INFO |       71.145 ¦     2116           2              0.010 
2025-05-23 10:51:08 | INFO |       71.155 ¦     2117           2              0.010 
2025-05-23 10:51:08 | INFO |       71.165 ¦     2118           2              0.010 
2025-05-23 10:51:08 | INFO |       71.175 ¦     2119           2              0.010 
2025-05-23 10:51:08 | INFO |       71.185 ¦     2120           2              0.010 
2025-05-23 10:51:08 | INFO |       71.195 ¦     2121           2              0.010 
2025-05-23 10:51:08 | INFO |       71.205 ¦     2122           2              0.010 
2025-05-23 10:51:08 | INFO |       71.215 ¦     2123           2              0.010 
2025-05-23 10:51:08 | INFO |       71.225 ¦     2124           2              0.010 
2025-05-23 10:51:08 | INFO |       71.235 ¦     2125           2              0.010 
2025-05-23 10:51:08 | INFO |       71.245 ¦     2126           2              0.010 
2025-05-23 10:51:08 | INFO |       71.255 ¦     2127           2              0.010 
2025-05-23 10:51:08 | INFO |       71.265 ¦     2128           2              0.010 
2025-05-23 10:51:08 | INFO |       71.275 ¦     2129           2              0.010 
2025-05-23 10:51:08 | INFO |       71.285 ¦     2130           2              0.010 
2025-05-23 10:51:08 | INFO |       71.295 ¦     2131           2              0.010 
2025-05-23 10:51:08 | INFO |       71.305 ¦     2132           2              0.010 
2025-05-23 10:51:08 | INFO |       71.315 ¦     2133           2              0.010 
2025-05-23 10:51:08 | INFO |       71.325 ¦     2134           2              0.010 
2025-05-23 10:51:08 | INFO |       71.335 ¦     2135           2              0.010 
2025-05-23 10:51:08 | INFO |       71.345 ¦     2136           2              0.010 
2025-05-23 10:51:08 | INFO |       71.355 ¦     2137           2              0.010 
2025-05-23 10:51:08 | INFO |       71.365 ¦     2138           2              0.010 
2025-05-23 10:51:08 | INFO |       71.375 ¦     2139           2              0.010 
2025-05-23 10:51:08 | INFO |       71.385 ¦     2140           2              0.010 
2025-05-23 10:51:08 | INFO |       71.395 ¦     2141           2              0.010 
2025-05-23 10:51:08 | INFO |       71.405 ¦     2142           2              0.010 
2025-05-23 10:51:08 | INFO |       71.415 ¦     2143           2              0.010 
2025-05-23 10:51:08 | INFO |       71.425 ¦     2144           2              0.010 
2025-05-23 10:51:08 | INFO |       71.435 ¦     2145           2              0.010 
2025-05-23 10:51:08 | INFO |       71.445 ¦     2146           2              0.010 
2025-05-23 10:51:08 | INFO |       71.455 ¦     2147           2              0.010 
2025-05-23 10:51:08 | INFO |       71.465 ¦     2148           2              0.010 
2025-05-23 10:51:08 | INFO |       71.475 ¦     2149           2              0.010 
2025-05-23 10:51:08 | INFO |       71.485 ¦     2150           2              0.010 
2025-05-23 10:51:08 | INFO |       71.495 ¦     2151           2              0.010 
2025-05-23 10:51:08 | INFO |       71.505 ¦     2152           2              0.010 
2025-05-23 10:51:08 | INFO |       71.515 ¦     2153           2              0.010 
2025-05-23 10:51:08 | INFO |       71.525 ¦     2154           2              0.010 
2025-05-23 10:51:08 | INFO |       71.535 ¦     2155           2              0.010 
2025-05-23 10:51:08 | INFO |       71.545 ¦     2156           2              0.010 
2025-05-23 10:51:08 | INFO |       71.555 ¦     2157           2              0.010 
2025-05-23 10:51:08 | INFO |       71.565 ¦     2158           2              0.010 
2025-05-23 10:51:08 | INFO |       71.575 ¦     2159           2              0.010 
2025-05-23 10:51:08 | INFO |       71.585 ¦     2160           2              0.010 
2025-05-23 10:51:08 | INFO |       71.595 ¦     2161           2              0.010 
2025-05-23 10:51:08 | INFO |       71.605 ¦     2162           2              0.010 
2025-05-23 10:51:08 | INFO |       71.615 ¦     2163           2              0.010 
2025-05-23 10:51:08 | INFO |       71.625 ¦     2164           2              0.010 
2025-05-23 10:51:08 | INFO |       71.635 ¦     2165           2              0.010 
2025-05-23 10:51:08 | INFO |       71.645 ¦     2166           2              0.010 
2025-05-23 10:51:08 | INFO |       71.655 ¦     2167           2              0.010 
2025-05-23 10:51:08 | INFO |       71.665 ¦     2168           2              0.010 
2025-05-23 10:51:08 | INFO |       71.675 ¦     2169           2              0.010 
2025-05-23 10:51:08 | INFO |       71.685 ¦     2170           2              0.010 
2025-05-23 10:51:08 | INFO |       71.695 ¦     2171           2              0.010 
2025-05-23 10:51:08 | INFO |       71.705 ¦     2172           2              0.010 
2025-05-23 10:51:08 | INFO |       71.715 ¦     2173           2              0.010 
2025-05-23 10:51:08 | INFO |       71.725 ¦     2174           2              0.010 
2025-05-23 10:51:08 | INFO |       71.735 ¦     2175           2              0.010 
2025-05-23 10:51:08 | INFO |       71.745 ¦     2176           2              0.010 
2025-05-23 10:51:08 | INFO |       71.755 ¦     2177           2              0.010 
2025-05-23 10:51:08 | INFO |       71.765 ¦     2178           2              0.010 
2025-05-23 10:51:08 | INFO |       71.775 ¦     2179           2              0.010 
2025-05-23 10:51:08 | INFO |       71.785 ¦     2180           2              0.010 
2025-05-23 10:51:08 | INFO |       71.795 ¦     2181           2              0.010 
2025-05-23 10:51:08 | INFO |       71.805 ¦     2182           2              0.010 
2025-05-23 10:51:08 | INFO |       71.815 ¦     2183           2              0.010 
2025-05-23 10:51:08 | INFO |       71.825 ¦     2184           2              0.010 
2025-05-23 10:51:08 | INFO |       71.835 ¦     2185           2              0.010 
2025-05-23 10:51:08 | INFO |       71.845 ¦     2186           2              0.010 
2025-05-23 10:51:08 | INFO |       71.855 ¦     2187           2              0.010 
2025-05-23 10:51:08 | INFO |       71.865 ¦     2188           2              0.010 
2025-05-23 10:51:08 | INFO |       71.875 ¦     2189           2              0.010 
2025-05-23 10:51:08 | INFO |       71.885 ¦     2190           2              0.010 
2025-05-23 10:51:08 | INFO |       71.895 ¦     2191           2              0.010 
2025-05-23 10:51:08 | INFO |       71.905 ¦     2192           2              0.010 
2025-05-23 10:51:08 | INFO |       71.915 ¦     2193           2              0.010 
2025-05-23 10:51:08 | INFO |       71.925 ¦     2194           2              0.010 
2025-05-23 10:51:08 | INFO |       71.935 ¦     2195           2              0.010 
2025-05-23 10:51:08 | INFO |       71.945 ¦     2196           2              0.010 
2025-05-23 10:51:08 | INFO |       71.955 ¦     2197           2              0.010 
2025-05-23 10:51:08 | INFO |       71.965 ¦     2198           2              0.010 
2025-05-23 10:51:08 | INFO |       71.975 ¦     2199           2              0.010 
2025-05-23 10:51:08 | INFO |       71.985 ¦     2200           2              0.010 
2025-05-23 10:51:08 | INFO |       71.995 ¦     2201           2              0.010 
2025-05-23 10:51:08 | INFO |       72.005 ¦     2202           2              0.010 
2025-05-23 10:51:08 | INFO |       72.015 ¦     2203           2              0.010 
2025-05-23 10:51:08 | INFO |       72.025 ¦     2204           2              0.010 
2025-05-23 10:51:08 | INFO |       72.035 ¦     2205           2              0.010 
2025-05-23 10:51:08 | INFO |       72.045 ¦     2206           2              0.010 
2025-05-23 10:51:08 | INFO |       72.055 ¦     2207           2              0.010 
2025-05-23 10:51:08 | INFO |       72.065 ¦     2208           2              0.010 
2025-05-23 10:51:08 | INFO |       72.075 ¦     2209           2              0.010 
2025-05-23 10:51:08 | INFO |       72.085 ¦     2210           2              0.010 
2025-05-23 10:51:08 | INFO |       72.095 ¦     2211           2              0.010 
2025-05-23 10:51:08 | INFO |       72.105 ¦     2212           2              0.010 
2025-05-23 10:51:08 | INFO |       72.115 ¦     2213           2              0.010 
2025-05-23 10:51:08 | INFO |       72.125 ¦     2214           2              0.010 
2025-05-23 10:51:08 | INFO |       72.135 ¦     2215           2              0.010 
2025-05-23 10:51:08 | INFO |       72.145 ¦     2216           2              0.010 
2025-05-23 10:51:08 | INFO |       72.155 ¦     2217           2              0.010 
2025-05-23 10:51:08 | INFO |       72.165 ¦     2218           2              0.010 
2025-05-23 10:51:08 | INFO |       72.175 ¦     2219           2              0.010 
2025-05-23 10:51:08 | INFO |       72.185 ¦     2220           2              0.010 
2025-05-23 10:51:08 | INFO |       72.195 ¦     2221           2              0.010 
2025-05-23 10:51:08 | INFO |       72.205 ¦     2222           2              0.010 
2025-05-23 10:51:08 | INFO |       72.215 ¦     2223           2              0.010 
2025-05-23 10:51:08 | INFO |       72.225 ¦     2224           2              0.010 
2025-05-23 10:51:08 | INFO |       72.235 ¦     2225           2              0.010 
2025-05-23 10:51:08 | INFO |       72.245 ¦     2226           2              0.010 
2025-05-23 10:51:08 | INFO |       72.255 ¦     2227           2              0.010 
2025-05-23 10:51:08 | INFO |       72.265 ¦     2228           2              0.010 
2025-05-23 10:51:08 | INFO |       72.275 ¦     2229           2              0.010 
2025-05-23 10:51:08 | INFO |       72.285 ¦     2230           2              0.010 
2025-05-23 10:51:08 | INFO |       72.295 ¦     2231           2              0.010 
2025-05-23 10:51:08 | INFO |       72.305 ¦     2232           2              0.010 
2025-05-23 10:51:08 | INFO |       72.315 ¦     2233           2              0.010 
2025-05-23 10:51:08 | INFO |       72.325 ¦     2234           2              0.010 
2025-05-23 10:51:08 | INFO |       72.335 ¦     2235           2              0.010 
2025-05-23 10:51:08 | INFO |       72.345 ¦     2236           2              0.010 
2025-05-23 10:51:08 | INFO |       72.355 ¦     2237           2              0.010 
2025-05-23 10:51:08 | INFO |       72.365 ¦     2238           2              0.010 
2025-05-23 10:51:08 | INFO |       72.375 ¦     2239           2              0.010 
2025-05-23 10:51:08 | INFO |       72.385 ¦     2240           2              0.010 
2025-05-23 10:51:08 | INFO |       72.395 ¦     2241           2              0.010 
2025-05-23 10:51:08 | INFO |       72.405 ¦     2242           2              0.010 
2025-05-23 10:51:08 | INFO |       72.415 ¦     2243           2              0.010 
2025-05-23 10:51:08 | INFO |       72.425 ¦     2244           2              0.010 
2025-05-23 10:51:08 | INFO |       72.435 ¦     2245           2              0.010 
2025-05-23 10:51:08 | INFO |       72.445 ¦     2246           2              0.010 
2025-05-23 10:51:08 | INFO |       72.455 ¦     2247           2              0.010 
2025-05-23 10:51:08 | INFO |       72.465 ¦     2248           2              0.010 
2025-05-23 10:51:08 | INFO |       72.475 ¦     2249           2              0.010 
2025-05-23 10:51:08 | INFO |       72.485 ¦     2250           2              0.010 
2025-05-23 10:51:08 | INFO |       72.495 ¦     2251           2              0.010 
2025-05-23 10:51:08 | INFO |       72.505 ¦     2252           2              0.010 
2025-05-23 10:51:08 | INFO |       72.515 ¦     2253           2              0.010 
2025-05-23 10:51:08 | INFO |       72.525 ¦     2254           2              0.010 
2025-05-23 10:51:08 | INFO |       72.535 ¦     2255           2              0.010 
2025-05-23 10:51:08 | INFO |       72.545 ¦     2256           2              0.010 
2025-05-23 10:51:08 | INFO |       72.555 ¦     2257           2              0.010 
2025-05-23 10:51:08 | INFO |       72.565 ¦     2258           2              0.010 
2025-05-23 10:51:08 | INFO |       72.575 ¦     2259           2              0.010 
2025-05-23 10:51:08 | INFO |       72.585 ¦     2260           2              0.010 
2025-05-23 10:51:08 | INFO |       72.595 ¦     2261           2              0.010 
2025-05-23 10:51:08 | INFO |       72.605 ¦     2262           2              0.010 
2025-05-23 10:51:08 | INFO |       72.615 ¦     2263           2              0.010 
2025-05-23 10:51:08 | INFO |       72.625 ¦     2264           2              0.010 
2025-05-23 10:51:08 | INFO |       72.635 ¦     2265           2              0.010 
2025-05-23 10:51:08 | INFO |       72.645 ¦     2266           2              0.010 
2025-05-23 10:51:08 | INFO |       72.655 ¦     2267           2              0.010 
2025-05-23 10:51:08 | INFO |       72.665 ¦     2268           2              0.010 
2025-05-23 10:51:08 | INFO |       72.675 ¦     2269           2              0.010 
2025-05-23 10:51:08 | INFO |       72.685 ¦     2270           2              0.010 
2025-05-23 10:51:08 | INFO |       72.695 ¦     2271           2              0.010 
2025-05-23 10:51:08 | INFO |       72.705 ¦     2272           2              0.010 
2025-05-23 10:51:08 | INFO |       72.715 ¦     2273           2              0.010 
2025-05-23 10:51:08 | INFO |       72.725 ¦     2274           2              0.010 
2025-05-23 10:51:08 | INFO |       72.735 ¦     2275           2              0.010 
2025-05-23 10:51:08 | INFO |       72.745 ¦     2276           2              0.010 
2025-05-23 10:51:08 | INFO |       72.755 ¦     2277           2              0.010 
2025-05-23 10:51:08 | INFO |       72.765 ¦     2278           2              0.010 
2025-05-23 10:51:08 | INFO |       72.775 ¦     2279           2              0.010 
2025-05-23 10:51:08 | INFO |       72.785 ¦     2280           2              0.010 
2025-05-23 10:51:08 | INFO |       72.795 ¦     2281           2              0.010 
2025-05-23 10:51:08 | INFO |       72.805 ¦     2282           2              0.010 
2025-05-23 10:51:08 | INFO |       72.815 ¦     2283           2              0.010 
2025-05-23 10:51:08 | INFO |       72.825 ¦     2284           2              0.010 
2025-05-23 10:51:08 | INFO |       72.835 ¦     2285           2              0.010 
2025-05-23 10:51:08 | INFO |       72.845 ¦     2286           2              0.010 
2025-05-23 10:51:08 | INFO |       72.855 ¦     2287           2              0.010 
2025-05-23 10:51:08 | INFO |       72.865 ¦     2288           2              0.010 
2025-05-23 10:51:08 | INFO |       72.875 ¦     2289           2              0.010 
2025-05-23 10:51:08 | INFO |       72.885 ¦     2290           2              0.010 
2025-05-23 10:51:08 | INFO |       72.895 ¦     2291           2              0.010 
2025-05-23 10:51:08 | INFO |       72.905 ¦     2292           2              0.010 
2025-05-23 10:51:08 | INFO |       72.915 ¦     2293           2              0.010 
2025-05-23 10:51:08 | INFO |       72.925 ¦     2294           2              0.010 
2025-05-23 10:51:08 | INFO |       72.935 ¦     2295           2              0.010 
2025-05-23 10:51:08 | INFO |       72.945 ¦     2296           2              0.010 
2025-05-23 10:51:08 | INFO |       72.955 ¦     2297           2              0.010 
2025-05-23 10:51:08 | INFO |       72.965 ¦     2298           2              0.010 
2025-05-23 10:51:08 | INFO |       72.975 ¦     2299           2              0.010 
2025-05-23 10:51:08 | INFO |       72.985 ¦     2300           2              0.010 
2025-05-23 10:51:08 | INFO |       72.995 ¦     2301           2              0.010 
2025-05-23 10:51:08 | INFO |       73.005 ¦     2302           2              0.010 
2025-05-23 10:51:08 | INFO |       73.015 ¦     2303           2              0.010 
2025-05-23 10:51:08 | INFO |       73.025 ¦     2304           2              0.010 
2025-05-23 10:51:08 | INFO |       73.035 ¦     2305           2              0.010 
2025-05-23 10:51:08 | INFO |       73.045 ¦     2306           2              0.010 
2025-05-23 10:51:08 | INFO |       73.055 ¦     2307           2              0.010 
2025-05-23 10:51:08 | INFO |       73.065 ¦     2308           2              0.010 
2025-05-23 10:51:08 | INFO |       73.075 ¦     2309           2              0.010 
2025-05-23 10:51:08 | INFO |       73.085 ¦     2310           2              0.010 
2025-05-23 10:51:08 | INFO |       73.095 ¦     2311           2              0.010 
2025-05-23 10:51:08 | INFO |       73.105 ¦     2312           2              0.010 
2025-05-23 10:51:08 | INFO |       73.115 ¦     2313           2              0.010 
2025-05-23 10:51:08 | INFO |       73.125 ¦     2314           2              0.010 
2025-05-23 10:51:08 | INFO |       73.135 ¦     2315           2              0.010 
2025-05-23 10:51:08 | INFO |       73.145 ¦     2316           2              0.010 
2025-05-23 10:51:08 | INFO |       73.155 ¦     2317           2              0.010 
2025-05-23 10:51:08 | INFO |       73.165 ¦     2318           2              0.010 
2025-05-23 10:51:08 | INFO |       73.175 ¦     2319           2              0.010 
2025-05-23 10:51:08 | INFO |       73.185 ¦     2320           2              0.010 
2025-05-23 10:51:08 | INFO |       73.195 ¦     2321           2              0.010 
2025-05-23 10:51:08 | INFO |       73.205 ¦     2322           2              0.010 
2025-05-23 10:51:08 | INFO |       73.215 ¦     2323           2              0.010 
2025-05-23 10:51:08 | INFO |       73.225 ¦     2324           2              0.010 
2025-05-23 10:51:08 | INFO |       73.235 ¦     2325           2              0.010 
2025-05-23 10:51:08 | INFO |       73.245 ¦     2326           2              0.010 
2025-05-23 10:51:08 | INFO |       73.255 ¦     2327           2              0.010 
2025-05-23 10:51:08 | INFO |       73.265 ¦     2328           2              0.010 
2025-05-23 10:51:08 | INFO |       73.275 ¦     2329           2              0.010 
2025-05-23 10:51:08 | INFO |       73.285 ¦     2330           2              0.010 
2025-05-23 10:51:08 | INFO |       73.295 ¦     2331           2              0.010 
2025-05-23 10:51:08 | INFO |       73.305 ¦     2332           2              0.010 
2025-05-23 10:51:08 | INFO |       73.315 ¦     2333           2              0.010 
2025-05-23 10:51:08 | INFO |       73.325 ¦     2334           2              0.010 
2025-05-23 10:51:08 | INFO |       73.335 ¦     2335           2              0.010 
2025-05-23 10:51:08 | INFO |       73.345 ¦     2336           2              0.010 
2025-05-23 10:51:08 | INFO |       73.355 ¦     2337           2              0.010 
2025-05-23 10:51:08 | INFO |       73.365 ¦     2338           2              0.010 
2025-05-23 10:51:08 | INFO |       73.375 ¦     2339           2              0.010 
2025-05-23 10:51:08 | INFO |       73.385 ¦     2340           2              0.010 
2025-05-23 10:51:08 | INFO |       73.395 ¦     2341           2              0.010 
2025-05-23 10:51:08 | INFO |       73.405 ¦     2342           2              0.010 
2025-05-23 10:51:08 | INFO |       73.415 ¦     2343           2              0.010 
2025-05-23 10:51:08 | INFO |       73.425 ¦     2344           2              0.010 
2025-05-23 10:51:08 | INFO |       73.435 ¦     2345           2              0.010 
2025-05-23 10:51:08 | INFO |       73.445 ¦     2346           2              0.010 
2025-05-23 10:51:08 | INFO |       73.455 ¦     2347           2              0.010 
2025-05-23 10:51:08 | INFO |       73.465 ¦     2348           2              0.010 
2025-05-23 10:51:08 | INFO |       73.475 ¦     2349           2              0.010 
2025-05-23 10:51:08 | INFO |       73.485 ¦     2350           2              0.010 
2025-05-23 10:51:08 | INFO |       73.495 ¦     2351           2              0.010 
2025-05-23 10:51:08 | INFO |       73.505 ¦     2352           2              0.010 
2025-05-23 10:51:08 | INFO |       73.515 ¦     2353           2              0.010 
2025-05-23 10:51:08 | INFO |       73.525 ¦     2354           2              0.010 
2025-05-23 10:51:08 | INFO |       73.535 ¦     2355           2              0.010 
2025-05-23 10:51:08 | INFO |       73.545 ¦     2356           2              0.010 
2025-05-23 10:51:08 | INFO |       73.555 ¦     2357           2              0.010 
2025-05-23 10:51:08 | INFO |       73.565 ¦     2358           2              0.010 
2025-05-23 10:51:08 | INFO |       73.575 ¦     2359           2              0.010 
2025-05-23 10:51:08 | INFO |       73.585 ¦     2360           2              0.010 
2025-05-23 10:51:08 | INFO |       73.595 ¦     2361           2              0.010 
2025-05-23 10:51:08 | INFO |       73.605 ¦     2362           2              0.010 
2025-05-23 10:51:08 | INFO |       73.615 ¦     2363           2              0.010 
2025-05-23 10:51:08 | INFO |       73.625 ¦     2364           2              0.010 
2025-05-23 10:51:08 | INFO |       73.635 ¦     2365           2              0.010 
2025-05-23 10:51:08 | INFO |       73.645 ¦     2366           2              0.010 
2025-05-23 10:51:08 | INFO |       73.655 ¦     2367           2              0.010 
2025-05-23 10:51:08 | INFO |       73.665 ¦     2368           2              0.010 
2025-05-23 10:51:08 | INFO |       73.675 ¦     2369           2              0.010 
2025-05-23 10:51:08 | INFO |       73.685 ¦     2370           2              0.010 
2025-05-23 10:51:08 | INFO |       73.695 ¦     2371           2              0.010 
2025-05-23 10:51:08 | INFO |       73.705 ¦     2372           2              0.010 
2025-05-23 10:51:08 | INFO |       73.715 ¦     2373           2              0.010 
2025-05-23 10:51:08 | INFO |       73.725 ¦     2374           2              0.010 
2025-05-23 10:51:08 | INFO |       73.735 ¦     2375           2              0.010 
2025-05-23 10:51:08 | INFO |       73.745 ¦     2376           2              0.010 
2025-05-23 10:51:08 | INFO |       73.755 ¦     2377           2              0.010 
2025-05-23 10:51:08 | INFO |       73.765 ¦     2378           2              0.010 
2025-05-23 10:51:08 | INFO |       73.775 ¦     2379           2              0.010 
2025-05-23 10:51:08 | INFO |       73.785 ¦     2380           2              0.010 
2025-05-23 10:51:08 | INFO |       73.795 ¦     2381           2              0.010 
2025-05-23 10:51:08 | INFO |       73.805 ¦     2382           2              0.010 
2025-05-23 10:51:08 | INFO |       73.815 ¦     2383           2              0.010 
2025-05-23 10:51:08 | INFO |       73.825 ¦     2384           2              0.010 
2025-05-23 10:51:08 | INFO |       73.835 ¦     2385           2              0.010 
2025-05-23 10:51:08 | INFO |       73.845 ¦     2386           2              0.010 
2025-05-23 10:51:08 | INFO |       73.855 ¦     2387           2              0.010 
2025-05-23 10:51:08 | INFO |       73.865 ¦     2388           2              0.010 
2025-05-23 10:51:08 | INFO |       73.875 ¦     2389           2              0.010 
2025-05-23 10:51:08 | INFO |       73.885 ¦     2390           2              0.010 
2025-05-23 10:51:08 | INFO |       73.895 ¦     2391           2              0.010 
2025-05-23 10:51:08 | INFO |       73.905 ¦     2392           2              0.010 
2025-05-23 10:51:08 | INFO |       73.915 ¦     2393           2              0.010 
2025-05-23 10:51:08 | INFO |       73.925 ¦     2394           2              0.010 
2025-05-23 10:51:08 | INFO |       73.935 ¦     2395           2              0.010 
2025-05-23 10:51:08 | INFO |       73.945 ¦     2396           2              0.010 
2025-05-23 10:51:08 | INFO |       73.955 ¦     2397           2              0.010 
2025-05-23 10:51:08 | INFO |       73.965 ¦     2398           2              0.010 
2025-05-23 10:51:08 | INFO |       73.975 ¦     2399           2              0.010 
2025-05-23 10:51:08 | INFO |       73.985 ¦     2400           2              0.010 
2025-05-23 10:51:08 | INFO |       73.995 ¦     2401           2              0.010 
2025-05-23 10:51:08 | INFO |       74.005 ¦     2402           2              0.010 
2025-05-23 10:51:08 | INFO |       74.015 ¦     2403           2              0.010 
2025-05-23 10:51:08 | INFO |       74.025 ¦     2404           2              0.010 
2025-05-23 10:51:08 | INFO |       74.035 ¦     2405           2              0.010 
2025-05-23 10:51:08 | INFO |       74.045 ¦     2406           2              0.010 
2025-05-23 10:51:08 | INFO |       74.055 ¦     2407           2              0.010 
2025-05-23 10:51:08 | INFO |       74.065 ¦     2408           2              0.010 
2025-05-23 10:51:08 | INFO |       74.075 ¦     2409           2              0.010 
2025-05-23 10:51:08 | INFO |       74.085 ¦     2410           2              0.010 
2025-05-23 10:51:08 | INFO |       74.095 ¦     2411           2              0.010 
2025-05-23 10:51:08 | INFO |       74.105 ¦     2412           2              0.010 
2025-05-23 10:51:08 | INFO |       74.115 ¦     2413           2              0.010 
2025-05-23 10:51:08 | INFO |       74.125 ¦     2414           2              0.010 
2025-05-23 10:51:08 | INFO |       74.135 ¦     2415           2              0.010 
2025-05-23 10:51:08 | INFO |       74.145 ¦     2416           2              0.010 
2025-05-23 10:51:08 | INFO |       74.155 ¦     2417           2              0.010 
2025-05-23 10:51:08 | INFO |       74.165 ¦     2418           2              0.010 
2025-05-23 10:51:08 | INFO |       74.175 ¦     2419           2              0.010 
2025-05-23 10:51:08 | INFO |       74.185 ¦     2420           2              0.010 
2025-05-23 10:51:08 | INFO |       74.195 ¦     2421           2              0.010 
2025-05-23 10:51:08 | INFO |       74.205 ¦     2422           2              0.010 
2025-05-23 10:51:08 | INFO |       74.215 ¦     2423           2              0.010 
2025-05-23 10:51:08 | INFO |       74.225 ¦     2424           2              0.010 
2025-05-23 10:51:08 | INFO |       74.235 ¦     2425           2              0.010 
2025-05-23 10:51:08 | INFO |       74.245 ¦     2426           2              0.010 
2025-05-23 10:51:08 | INFO |       74.255 ¦     2427           2              0.010 
2025-05-23 10:51:08 | INFO |       74.265 ¦     2428           2              0.010 
2025-05-23 10:51:08 | INFO |       74.275 ¦     2429           2              0.010 
2025-05-23 10:51:08 | INFO |       74.285 ¦     2430           2              0.010 
2025-05-23 10:51:08 | INFO |       74.295 ¦     2431           2              0.010 
2025-05-23 10:51:08 | INFO |       74.305 ¦     2432           2              0.010 
2025-05-23 10:51:08 | INFO |       74.315 ¦     2433           2              0.010 
2025-05-23 10:51:08 | INFO |       74.325 ¦     2434           2              0.010 
2025-05-23 10:51:08 | INFO |       74.335 ¦     2435           2              0.010 
2025-05-23 10:51:08 | INFO |       74.345 ¦     2436           2              0.010 
2025-05-23 10:51:08 | INFO |       74.355 ¦     2437           2              0.010 
2025-05-23 10:51:08 | INFO |       74.365 ¦     2438           2              0.010 
2025-05-23 10:51:08 | INFO |       74.375 ¦     2439           2              0.010 
2025-05-23 10:51:08 | INFO |       74.385 ¦     2440           2              0.010 
2025-05-23 10:51:08 | INFO |       74.395 ¦     2441           2              0.010 
2025-05-23 10:51:08 | INFO |       74.405 ¦     2442           2              0.010 
2025-05-23 10:51:08 | INFO |       74.415 ¦     2443           2              0.010 
2025-05-23 10:51:08 | INFO |       74.425 ¦     2444           2              0.010 
2025-05-23 10:51:08 | INFO |       74.435 ¦     2445           2              0.010 
2025-05-23 10:51:08 | INFO |       74.445 ¦     2446           2              0.010 
2025-05-23 10:51:08 | INFO |       74.455 ¦     2447           2              0.010 
2025-05-23 10:51:08 | INFO |       74.465 ¦     2448           2              0.010 
2025-05-23 10:51:08 | INFO |       74.475 ¦     2449           2              0.010 
2025-05-23 10:51:08 | INFO |       74.485 ¦     2450           2              0.010 
2025-05-23 10:51:08 | INFO |       74.495 ¦     2451           2              0.010 
2025-05-23 10:51:08 | INFO |       74.505 ¦     2452           2              0.010 
2025-05-23 10:51:08 | INFO |       74.515 ¦     2453           2              0.010 
2025-05-23 10:51:08 | INFO |       74.525 ¦     2454           2              0.010 
2025-05-23 10:51:08 | INFO |       74.535 ¦     2455           2              0.010 
2025-05-23 10:51:08 | INFO |       74.545 ¦     2456           2              0.010 
2025-05-23 10:51:08 | INFO |       74.555 ¦     2457           2              0.010 
2025-05-23 10:51:08 | INFO |       74.565 ¦     2458           2              0.010 
2025-05-23 10:51:08 | INFO |       74.575 ¦     2459           2              0.010 
2025-05-23 10:51:08 | INFO |       74.585 ¦     2460           2              0.010 
2025-05-23 10:51:08 | INFO |       74.595 ¦     2461           2              0.010 
2025-05-23 10:51:08 | INFO |       74.605 ¦     2462           2              0.010 
2025-05-23 10:51:08 | INFO |       74.615 ¦     2463           2              0.010 
2025-05-23 10:51:08 | INFO |       74.625 ¦     2464           2              0.010 
2025-05-23 10:51:08 | INFO |       74.635 ¦     2465           2              0.010 
2025-05-23 10:51:08 | INFO |       74.645 ¦     2466           2              0.010 
2025-05-23 10:51:08 | INFO |       74.655 ¦     2467           2              0.010 
2025-05-23 10:51:08 | INFO |       74.665 ¦     2468           2              0.010 
2025-05-23 10:51:08 | INFO |       74.675 ¦     2469           2              0.010 
2025-05-23 10:51:08 | INFO |       74.685 ¦     2470           2              0.010 
2025-05-23 10:51:08 | INFO |       74.695 ¦     2471           2              0.010 
2025-05-23 10:51:08 | INFO |       74.705 ¦     2472           2              0.010 
2025-05-23 10:51:08 | INFO |       74.715 ¦     2473           2              0.010 
2025-05-23 10:51:08 | INFO |       74.725 ¦     2474           2              0.010 
2025-05-23 10:51:08 | INFO |       74.735 ¦     2475           2              0.010 
2025-05-23 10:51:08 | INFO |       74.745 ¦     2476           2              0.010 
2025-05-23 10:51:08 | INFO |       74.755 ¦     2477           2              0.010 
2025-05-23 10:51:08 | INFO |       74.765 ¦     2478           2              0.010 
2025-05-23 10:51:08 | INFO |       74.775 ¦     2479           2              0.010 
2025-05-23 10:51:08 | INFO |       74.785 ¦     2480           2              0.010 
2025-05-23 10:51:08 | INFO |       74.795 ¦     2481           2              0.010 
2025-05-23 10:51:08 | INFO |       74.805 ¦     2482           2              0.010 
2025-05-23 10:51:08 | INFO |       74.815 ¦     2483           2              0.010 
2025-05-23 10:51:08 | INFO |       74.825 ¦     2484           2              0.010 
2025-05-23 10:51:08 | INFO |       74.835 ¦     2485           2              0.010 
2025-05-23 10:51:08 | INFO |       74.845 ¦     2486           2              0.010 
2025-05-23 10:51:08 | INFO |       74.855 ¦     2487           2              0.010 
2025-05-23 10:51:08 | INFO |       74.865 ¦     2488           2              0.010 
2025-05-23 10:51:08 | INFO |       74.875 ¦     2489           2              0.010 
2025-05-23 10:51:08 | INFO |       74.885 ¦     2490           2              0.010 
2025-05-23 10:51:08 | INFO |       74.895 ¦     2491           2              0.010 
2025-05-23 10:51:08 | INFO |       74.905 ¦     2492           2              0.010 
2025-05-23 10:51:08 | INFO |       74.915 ¦     2493           2              0.010 
2025-05-23 10:51:08 | INFO |       74.925 ¦     2494           2              0.010 
2025-05-23 10:51:08 | INFO |       74.935 ¦     2495           2              0.010 
2025-05-23 10:51:08 | INFO |       74.945 ¦     2496           2              0.010 
2025-05-23 10:51:08 | INFO |       74.955 ¦     2497           2              0.010 
2025-05-23 10:51:08 | INFO |       74.965 ¦     2498           2              0.010 
2025-05-23 10:51:08 | INFO |       74.975 ¦     2499           2              0.010 
2025-05-23 10:51:08 | INFO |       74.985 ¦     2500           2              0.010 
2025-05-23 10:51:08 | INFO |       74.995 ¦     2501           2              0.010 
2025-05-23 10:51:08 | INFO |       75.005 ¦     2502           2              0.010 
2025-05-23 10:51:08 | INFO |       75.015 ¦     2503           2              0.010 
2025-05-23 10:51:08 | INFO |       75.025 ¦     2504           2              0.010 
2025-05-23 10:51:08 | INFO |       75.035 ¦     2505           2              0.010 
2025-05-23 10:51:08 | INFO |       75.045 ¦     2506           2              0.010 
2025-05-23 10:51:08 | INFO |       75.055 ¦     2507           2              0.010 
2025-05-23 10:51:08 | INFO |       75.065 ¦     2508           2              0.010 
2025-05-23 10:51:08 | INFO |       75.075 ¦     2509           2              0.010 
2025-05-23 10:51:08 | INFO |       75.085 ¦     2510           2              0.010 
2025-05-23 10:51:08 | INFO |       75.095 ¦     2511           2              0.010 
2025-05-23 10:51:08 | INFO |       75.105 ¦     2512           2              0.010 
2025-05-23 10:51:08 | INFO |       75.115 ¦     2513           2              0.010 
2025-05-23 10:51:08 | INFO |       75.125 ¦     2514           2              0.010 
2025-05-23 10:51:08 | INFO |       75.135 ¦     2515           2              0.010 
2025-05-23 10:51:08 | INFO |       75.145 ¦     2516           2              0.010 
2025-05-23 10:51:08 | INFO |       75.155 ¦     2517           2              0.010 
2025-05-23 10:51:08 | INFO |       75.165 ¦     2518           2              0.010 
2025-05-23 10:51:08 | INFO |       75.175 ¦     2519           2              0.010 
2025-05-23 10:51:08 | INFO |       75.185 ¦     2520           2              0.010 
2025-05-23 10:51:08 | INFO |       75.195 ¦     2521           2              0.010 
2025-05-23 10:51:08 | INFO |       75.205 ¦     2522           2              0.010 
2025-05-23 10:51:08 | INFO |       75.215 ¦     2523           2              0.010 
2025-05-23 10:51:08 | INFO |       75.225 ¦     2524           2              0.010 
2025-05-23 10:51:08 | INFO |       75.235 ¦     2525           2              0.010 
2025-05-23 10:51:08 | INFO |       75.245 ¦     2526           2              0.010 
2025-05-23 10:51:08 | INFO |       75.255 ¦     2527           2              0.010 
2025-05-23 10:51:08 | INFO |       75.265 ¦     2528           2              0.010 
2025-05-23 10:51:08 | INFO |       75.275 ¦     2529           2              0.010 
2025-05-23 10:51:08 | INFO |       75.285 ¦     2530           2              0.010 
2025-05-23 10:51:08 | INFO |       75.295 ¦     2531           2              0.010 
2025-05-23 10:51:08 | INFO |       75.305 ¦     2532           2              0.010 
2025-05-23 10:51:08 | INFO |       75.315 ¦     2533           2              0.010 
2025-05-23 10:51:08 | INFO |       75.325 ¦     2534           2              0.010 
2025-05-23 10:51:08 | INFO |       75.335 ¦     2535           2              0.010 
2025-05-23 10:51:08 | INFO |       75.345 ¦     2536           2              0.010 
2025-05-23 10:51:08 | INFO |       75.355 ¦     2537           2              0.010 
2025-05-23 10:51:08 | INFO |       75.365 ¦     2538           2              0.010 
2025-05-23 10:51:08 | INFO |       75.375 ¦     2539           2              0.010 
2025-05-23 10:51:08 | INFO |       75.385 ¦     2540           2              0.010 
2025-05-23 10:51:08 | INFO |       75.395 ¦     2541           2              0.010 
2025-05-23 10:51:08 | INFO |       75.405 ¦     2542           2              0.010 
2025-05-23 10:51:08 | INFO |       75.415 ¦     2543           2              0.010 
2025-05-23 10:51:08 | INFO |       75.425 ¦     2544           2              0.010 
2025-05-23 10:51:08 | INFO |       75.435 ¦     2545           2              0.010 
2025-05-23 10:51:08 | INFO |       75.445 ¦     2546           2              0.010 
2025-05-23 10:51:08 | INFO |       75.455 ¦     2547           2              0.010 
2025-05-23 10:51:08 | INFO |       75.465 ¦     2548           2              0.010 
2025-05-23 10:51:08 | INFO |       75.475 ¦     2549           2              0.010 
2025-05-23 10:51:08 | INFO |       75.485 ¦     2550           2              0.010 
2025-05-23 10:51:08 | INFO |       75.495 ¦     2551           2              0.010 
2025-05-23 10:51:08 | INFO |       75.505 ¦     2552           2              0.010 
2025-05-23 10:51:08 | INFO |       75.515 ¦     2553           2              0.010 
2025-05-23 10:51:08 | INFO |       75.525 ¦     2554           2              0.010 
2025-05-23 10:51:08 | INFO |       75.535 ¦     2555           2              0.010 
2025-05-23 10:51:08 | INFO |       75.545 ¦     2556           2              0.010 
2025-05-23 10:51:08 | INFO |       75.555 ¦     2557           2              0.010 
2025-05-23 10:51:08 | INFO |       75.565 ¦     2558           2              0.010 
2025-05-23 10:51:08 | INFO |       75.575 ¦     2559           2              0.010 
2025-05-23 10:51:08 | INFO |       75.585 ¦     2560           2              0.010 
2025-05-23 10:51:08 | INFO |       75.595 ¦     2561           2              0.010 
2025-05-23 10:51:08 | INFO |       75.605 ¦     2562           2              0.010 
2025-05-23 10:51:08 | INFO |       75.615 ¦     2563           2              0.010 
2025-05-23 10:51:08 | INFO |       75.625 ¦     2564           2              0.010 
2025-05-23 10:51:08 | INFO |       75.635 ¦     2565           2              0.010 
2025-05-23 10:51:08 | INFO |       75.645 ¦     2566           2              0.010 
2025-05-23 10:51:08 | INFO |       75.655 ¦     2567           2              0.010 
2025-05-23 10:51:08 | INFO |       75.665 ¦     2568           2              0.010 
2025-05-23 10:51:08 | INFO |       75.675 ¦     2569           2              0.010 
2025-05-23 10:51:08 | INFO |       75.685 ¦     2570           2              0.010 
2025-05-23 10:51:08 | INFO |       75.695 ¦     2571           2              0.010 
2025-05-23 10:51:08 | INFO |       75.705 ¦     2572           2              0.010 
2025-05-23 10:51:08 | INFO |       75.715 ¦     2573           2              0.010 
2025-05-23 10:51:08 | INFO |       75.725 ¦     2574           2              0.010 
2025-05-23 10:51:08 | INFO |       75.735 ¦     2575           2              0.010 
2025-05-23 10:51:08 | INFO |       75.745 ¦     2576           2              0.010 
2025-05-23 10:51:08 | INFO |       75.755 ¦     2577           2              0.010 
2025-05-23 10:51:08 | INFO |       75.765 ¦     2578           2              0.010 
2025-05-23 10:51:08 | INFO |       75.775 ¦     2579           2              0.010 
2025-05-23 10:51:08 | INFO |       75.785 ¦     2580           2              0.010 
2025-05-23 10:51:08 | INFO |       75.795 ¦     2581           2              0.010 
2025-05-23 10:51:08 | INFO |       75.805 ¦     2582           2              0.010 
2025-05-23 10:51:08 | INFO |       75.815 ¦     2583           2              0.010 
2025-05-23 10:51:08 | INFO |       75.825 ¦     2584           2              0.010 
2025-05-23 10:51:08 | INFO |       75.835 ¦     2585           2              0.010 
2025-05-23 10:51:08 | INFO |       75.845 ¦     2586           2              0.010 
2025-05-23 10:51:08 | INFO |       75.855 ¦     2587           2              0.010 
2025-05-23 10:51:08 | INFO |       75.865 ¦     2588           2              0.010 
2025-05-23 10:51:08 | INFO |       75.875 ¦     2589           2              0.010 
2025-05-23 10:51:08 | INFO |       75.885 ¦     2590           2              0.010 
2025-05-23 10:51:08 | INFO |       75.895 ¦     2591           2              0.010 
2025-05-23 10:51:08 | INFO |       75.905 ¦     2592           2              0.010 
2025-05-23 10:51:08 | INFO |       75.915 ¦     2593           2              0.010 
2025-05-23 10:51:08 | INFO |       75.925 ¦     2594           2              0.010 
2025-05-23 10:51:08 | INFO |       75.935 ¦     2595           2              0.010 
2025-05-23 10:51:08 | INFO |       75.945 ¦     2596           2              0.010 
2025-05-23 10:51:08 | INFO |       75.955 ¦     2597           2              0.010 
2025-05-23 10:51:08 | INFO |       75.965 ¦     2598           2              0.010 
2025-05-23 10:51:08 | INFO |       75.975 ¦     2599           2              0.010 
2025-05-23 10:51:08 | INFO |       75.985 ¦     2600           2              0.010 
2025-05-23 10:51:08 | INFO |       75.995 ¦     2601           2              0.010 
2025-05-23 10:51:08 | INFO |       76.005 ¦     2602           2              0.010 
2025-05-23 10:51:08 | INFO |       76.015 ¦     2603           2              0.010 
2025-05-23 10:51:08 | INFO |       76.025 ¦     2604           2              0.010 
2025-05-23 10:51:08 | INFO |       76.035 ¦     2605           2              0.010 
2025-05-23 10:51:08 | INFO |       76.045 ¦     2606           2              0.010 
2025-05-23 10:51:08 | INFO |       76.055 ¦     2607           2              0.010 
2025-05-23 10:51:08 | INFO |       76.065 ¦     2608           2              0.010 
2025-05-23 10:51:08 | INFO |       76.075 ¦     2609           2              0.010 
2025-05-23 10:51:08 | INFO |       76.085 ¦     2610           2              0.010 
2025-05-23 10:51:08 | INFO |       76.095 ¦     2611           2              0.010 
2025-05-23 10:51:08 | INFO |       76.105 ¦     2612           2              0.010 
2025-05-23 10:51:08 | INFO |       76.115 ¦     2613           2              0.010 
2025-05-23 10:51:08 | INFO |       76.125 ¦     2614           2              0.010 
2025-05-23 10:51:08 | INFO |       76.135 ¦     2615           2              0.010 
2025-05-23 10:51:08 | INFO |       76.145 ¦     2616           2              0.010 
2025-05-23 10:51:08 | INFO |       76.155 ¦     2617           2              0.010 
2025-05-23 10:51:08 | INFO |       76.165 ¦     2618           2              0.010 
2025-05-23 10:51:08 | INFO |       76.175 ¦     2619           2              0.010 
2025-05-23 10:51:08 | INFO |       76.185 ¦     2620           2              0.010 
2025-05-23 10:51:08 | INFO |       76.195 ¦     2621           2              0.010 
2025-05-23 10:51:08 | INFO |       76.205 ¦     2622           2              0.010 
2025-05-23 10:51:08 | INFO |       76.215 ¦     2623           2              0.010 
2025-05-23 10:51:08 | INFO |       76.225 ¦     2624           2              0.010 
2025-05-23 10:51:08 | INFO |       76.235 ¦     2625           2              0.010 
2025-05-23 10:51:08 | INFO |       76.245 ¦     2626           2              0.010 
2025-05-23 10:51:08 | INFO |       76.255 ¦     2627           2              0.010 
2025-05-23 10:51:08 | INFO |       76.265 ¦     2628           2              0.010 
2025-05-23 10:51:08 | INFO |       76.275 ¦     2629           2              0.010 
2025-05-23 10:51:08 | INFO |       76.285 ¦     2630           2              0.010 
2025-05-23 10:51:08 | INFO |       76.295 ¦     2631           2              0.010 
2025-05-23 10:51:08 | INFO |       76.305 ¦     2632           2              0.010 
2025-05-23 10:51:08 | INFO |       76.315 ¦     2633           2              0.010 
2025-05-23 10:51:08 | INFO |       76.325 ¦     2634           2              0.010 
2025-05-23 10:51:08 | INFO |       76.335 ¦     2635           2              0.010 
2025-05-23 10:51:08 | INFO |       76.345 ¦     2636           2              0.010 
2025-05-23 10:51:08 | INFO |       76.355 ¦     2637           2              0.010 
2025-05-23 10:51:08 | INFO |       76.365 ¦     2638           2              0.010 
2025-05-23 10:51:08 | INFO |       76.375 ¦     2639           2              0.010 
2025-05-23 10:51:08 | INFO |       76.385 ¦     2640           2              0.010 
2025-05-23 10:51:08 | INFO |       76.395 ¦     2641           2              0.010 
2025-05-23 10:51:08 | INFO |       76.405 ¦     2642           2              0.010 
2025-05-23 10:51:08 | INFO |       76.415 ¦     2643           2              0.010 
2025-05-23 10:51:08 | INFO |       76.425 ¦     2644           2              0.010 
2025-05-23 10:51:08 | INFO |       76.435 ¦     2645           2              0.010 
2025-05-23 10:51:08 | INFO |       76.445 ¦     2646           2              0.010 
2025-05-23 10:51:08 | INFO |       76.455 ¦     2647           2              0.010 
2025-05-23 10:51:08 | INFO |       76.465 ¦     2648           2              0.010 
2025-05-23 10:51:08 | INFO |       76.475 ¦     2649           2              0.010 
2025-05-23 10:51:08 | INFO |       76.485 ¦     2650           2              0.010 
2025-05-23 10:51:08 | INFO |       76.495 ¦     2651           2              0.010 
2025-05-23 10:51:08 | INFO |       76.505 ¦     2652           2              0.010 
2025-05-23 10:51:08 | INFO |       76.515 ¦     2653           2              0.010 
2025-05-23 10:51:08 | INFO |       76.525 ¦     2654           2              0.010 
2025-05-23 10:51:08 | INFO |       76.535 ¦     2655           2              0.010 
2025-05-23 10:51:08 | INFO |       76.545 ¦     2656           2              0.010 
2025-05-23 10:51:08 | INFO |       76.555 ¦     2657           2              0.010 
2025-05-23 10:51:08 | INFO |       76.565 ¦     2658           2              0.010 
2025-05-23 10:51:08 | INFO |       76.575 ¦     2659           2              0.010 
2025-05-23 10:51:08 | INFO |       76.585 ¦     2660           2              0.010 
2025-05-23 10:51:08 | INFO |       76.595 ¦     2661           2              0.010 
2025-05-23 10:51:08 | INFO |       76.605 ¦     2662           2              0.010 
2025-05-23 10:51:08 | INFO |       76.615 ¦     2663           2              0.010 
2025-05-23 10:51:08 | INFO |       76.625 ¦     2664           2              0.010 
2025-05-23 10:51:08 | INFO |       76.635 ¦     2665           2              0.010 
2025-05-23 10:51:08 | INFO |       76.645 ¦     2666           2              0.010 
2025-05-23 10:51:08 | INFO |       76.655 ¦     2667           2              0.010 
2025-05-23 10:51:08 | INFO |       76.665 ¦     2668           2              0.010 
2025-05-23 10:51:08 | INFO |       76.675 ¦     2669           2              0.010 
2025-05-23 10:51:08 | INFO |       76.685 ¦     2670           2              0.010 
2025-05-23 10:51:08 | INFO |       76.695 ¦     2671           2              0.010 
2025-05-23 10:51:08 | INFO |       76.705 ¦     2672           2              0.010 
2025-05-23 10:51:08 | INFO |       76.715 ¦     2673           2              0.010 
2025-05-23 10:51:08 | INFO |       76.725 ¦     2674           2              0.010 
2025-05-23 10:51:08 | INFO |       76.735 ¦     2675           2              0.010 
2025-05-23 10:51:08 | INFO |       76.745 ¦     2676           2              0.010 
2025-05-23 10:51:08 | INFO |       76.755 ¦     2677           2              0.010 
2025-05-23 10:51:08 | INFO |       76.765 ¦     2678           2              0.010 
2025-05-23 10:51:08 | INFO |       76.775 ¦     2679           2              0.010 
2025-05-23 10:51:08 | INFO |       76.785 ¦     2680           2              0.010 
2025-05-23 10:51:08 | INFO |       76.795 ¦     2681           2              0.010 
2025-05-23 10:51:08 | INFO |       76.805 ¦     2682           2              0.010 
2025-05-23 10:51:08 | INFO |       76.815 ¦     2683           2              0.010 
2025-05-23 10:51:08 | INFO |       76.825 ¦     2684           2              0.010 
2025-05-23 10:51:08 | INFO |       76.835 ¦     2685           2              0.010 
2025-05-23 10:51:08 | INFO |       76.845 ¦     2686           2              0.010 
2025-05-23 10:51:08 | INFO |       76.855 ¦     2687           2              0.010 
2025-05-23 10:51:08 | INFO |       76.865 ¦     2688           2              0.010 
2025-05-23 10:51:08 | INFO |       76.875 ¦     2689           2              0.010 
2025-05-23 10:51:08 | INFO |       76.885 ¦     2690           2              0.010 
2025-05-23 10:51:08 | INFO |       76.895 ¦     2691           2              0.010 
2025-05-23 10:51:08 | INFO |       76.905 ¦     2692           2              0.010 
2025-05-23 10:51:08 | INFO |       76.915 ¦     2693           2              0.010 
2025-05-23 10:51:08 | INFO |       76.925 ¦     2694           2              0.010 
2025-05-23 10:51:08 | INFO |       76.935 ¦     2695           2              0.010 
2025-05-23 10:51:08 | INFO |       76.945 ¦     2696           2              0.010 
2025-05-23 10:51:08 | INFO |       76.955 ¦     2697           2              0.010 
2025-05-23 10:51:08 | INFO |       76.965 ¦     2698           2              0.010 
2025-05-23 10:51:08 | INFO |       76.975 ¦     2699           2              0.010 
2025-05-23 10:51:08 | INFO |       76.985 ¦     2700           2              0.010 
2025-05-23 10:51:08 | INFO |       76.995 ¦     2701           2              0.010 
2025-05-23 10:51:08 | INFO |       77.005 ¦     2702           2              0.010 
2025-05-23 10:51:08 | INFO |       77.015 ¦     2703           2              0.010 
2025-05-23 10:51:08 | INFO |       77.025 ¦     2704           2              0.010 
2025-05-23 10:51:08 | INFO |       77.035 ¦     2705           2              0.010 
2025-05-23 10:51:08 | INFO |       77.045 ¦     2706           2              0.010 
2025-05-23 10:51:08 | INFO |       77.055 ¦     2707           2              0.010 
2025-05-23 10:51:08 | INFO |       77.065 ¦     2708           2              0.010 
2025-05-23 10:51:08 | INFO |       77.075 ¦     2709           2              0.010 
2025-05-23 10:51:08 | INFO |       77.085 ¦     2710           2              0.010 
2025-05-23 10:51:08 | INFO |       77.095 ¦     2711           2              0.010 
2025-05-23 10:51:08 | INFO |       77.105 ¦     2712           2              0.010 
2025-05-23 10:51:08 | INFO |       77.115 ¦     2713           2              0.010 
2025-05-23 10:51:08 | INFO |       77.125 ¦     2714           2              0.010 
2025-05-23 10:51:08 | INFO |       77.135 ¦     2715           2              0.010 
2025-05-23 10:51:08 | INFO |       77.145 ¦     2716           2              0.010 
2025-05-23 10:51:08 | INFO |       77.155 ¦     2717           2              0.010 
2025-05-23 10:51:08 | INFO |       77.165 ¦     2718           2              0.010 
2025-05-23 10:51:08 | INFO |       77.175 ¦     2719           2              0.010 
2025-05-23 10:51:08 | INFO |       77.185 ¦     2720           2              0.010 
2025-05-23 10:51:08 | INFO |       77.195 ¦     2721           2              0.010 
2025-05-23 10:51:08 | INFO |       77.205 ¦     2722           2              0.010 
2025-05-23 10:51:08 | INFO |       77.215 ¦     2723           2              0.010 
2025-05-23 10:51:08 | INFO |       77.225 ¦     2724           2              0.010 
2025-05-23 10:51:08 | INFO |       77.235 ¦     2725           2              0.010 
2025-05-23 10:51:08 | INFO |       77.245 ¦     2726           2              0.010 
2025-05-23 10:51:08 | INFO |       77.255 ¦     2727           2              0.010 
2025-05-23 10:51:08 | INFO |       77.265 ¦     2728           2              0.010 
2025-05-23 10:51:08 | INFO |       77.275 ¦     2729           2              0.010 
2025-05-23 10:51:08 | INFO |       77.285 ¦     2730           2              0.010 
2025-05-23 10:51:08 | INFO |       77.295 ¦     2731           2              0.010 
2025-05-23 10:51:08 | INFO |       77.305 ¦     2732           2              0.010 
2025-05-23 10:51:08 | INFO |       77.315 ¦     2733           2              0.010 
2025-05-23 10:51:08 | INFO |       77.325 ¦     2734           2              0.010 
2025-05-23 10:51:08 | INFO |       77.335 ¦     2735           2              0.010 
2025-05-23 10:51:08 | INFO |       77.345 ¦     2736           2              0.010 
2025-05-23 10:51:08 | INFO |       77.355 ¦     2737           2              0.010 
2025-05-23 10:51:08 | INFO |       77.365 ¦     2738           2              0.010 
2025-05-23 10:51:08 | INFO |       77.375 ¦     2739           2              0.010 
2025-05-23 10:51:08 | INFO |       77.385 ¦     2740           2              0.010 
2025-05-23 10:51:08 | INFO |       77.395 ¦     2741           2              0.010 
2025-05-23 10:51:08 | INFO |       77.405 ¦     2742           2              0.010 
2025-05-23 10:51:08 | INFO |       77.415 ¦     2743           2              0.010 
2025-05-23 10:51:08 | INFO |       77.425 ¦     2744           2              0.010 
2025-05-23 10:51:08 | INFO |       77.435 ¦     2745           2              0.010 
2025-05-23 10:51:08 | INFO |       77.445 ¦     2746           2              0.010 
2025-05-23 10:51:08 | INFO |       77.455 ¦     2747           2              0.010 
2025-05-23 10:51:08 | INFO |       77.465 ¦     2748           2              0.010 
2025-05-23 10:51:08 | INFO |       77.475 ¦     2749           2              0.010 
2025-05-23 10:51:08 | INFO |       77.485 ¦     2750           2              0.010 
2025-05-23 10:51:08 | INFO |       77.495 ¦     2751           2              0.010 
2025-05-23 10:51:08 | INFO |       77.505 ¦     2752           2              0.010 
2025-05-23 10:51:08 | INFO |       77.515 ¦     2753           2              0.010 
2025-05-23 10:51:08 | INFO |       77.525 ¦     2754           2              0.010 
2025-05-23 10:51:08 | INFO |       77.535 ¦     2755           2              0.010 
2025-05-23 10:51:08 | INFO |       77.545 ¦     2756           2              0.010 
2025-05-23 10:51:08 | INFO |       77.555 ¦     2757           2              0.010 
2025-05-23 10:51:08 | INFO |       77.565 ¦     2758           2              0.010 
2025-05-23 10:51:08 | INFO |       77.575 ¦     2759           2              0.010 
2025-05-23 10:51:08 | INFO |       77.585 ¦     2760           2              0.010 
2025-05-23 10:51:08 | INFO |       77.595 ¦     2761           2              0.010 
2025-05-23 10:51:08 | INFO |       77.605 ¦     2762           2              0.010 
2025-05-23 10:51:08 | INFO |       77.615 ¦     2763           2              0.010 
2025-05-23 10:51:08 | INFO |       77.625 ¦     2764           2              0.010 
2025-05-23 10:51:08 | INFO |       77.635 ¦     2765           2              0.010 
2025-05-23 10:51:08 | INFO |       77.645 ¦     2766           2              0.010 
2025-05-23 10:51:08 | INFO |       77.655 ¦     2767           2              0.010 
2025-05-23 10:51:08 | INFO |       77.665 ¦     2768           2              0.010 
2025-05-23 10:51:08 | INFO |       77.675 ¦     2769           2              0.010 
2025-05-23 10:51:08 | INFO |       77.685 ¦     2770           2              0.010 
2025-05-23 10:51:08 | INFO |       77.695 ¦     2771           2              0.010 
2025-05-23 10:51:08 | INFO |       77.705 ¦     2772           2              0.010 
2025-05-23 10:51:08 | INFO |       77.715 ¦     2773           2              0.010 
2025-05-23 10:51:08 | INFO |       77.725 ¦     2774           2              0.010 
2025-05-23 10:51:08 | INFO |       77.735 ¦     2775           2              0.010 
2025-05-23 10:51:08 | INFO |       77.745 ¦     2776           2              0.010 
2025-05-23 10:51:08 | INFO |       77.755 ¦     2777           2              0.010 
2025-05-23 10:51:08 | INFO |       77.765 ¦     2778           2              0.010 
2025-05-23 10:51:08 | INFO |       77.775 ¦     2779           2              0.010 
2025-05-23 10:51:08 | INFO |       77.785 ¦     2780           2              0.010 
2025-05-23 10:51:08 | INFO |       77.795 ¦     2781           2              0.010 
2025-05-23 10:51:08 | INFO |       77.805 ¦     2782           2              0.010 
2025-05-23 10:51:08 | INFO |       77.815 ¦     2783           2              0.010 
2025-05-23 10:51:08 | INFO |       77.825 ¦     2784           2              0.010 
2025-05-23 10:51:08 | INFO |       77.835 ¦     2785           2              0.010 
2025-05-23 10:51:08 | INFO |       77.845 ¦     2786           2              0.010 
2025-05-23 10:51:08 | INFO |       77.855 ¦     2787           2              0.010 
2025-05-23 10:51:08 | INFO |       77.865 ¦     2788           2              0.010 
2025-05-23 10:51:08 | INFO |       77.875 ¦     2789           2              0.010 
2025-05-23 10:51:08 | INFO |       77.885 ¦     2790           2              0.010 
2025-05-23 10:51:08 | INFO |       77.895 ¦     2791           2              0.010 
2025-05-23 10:51:08 | INFO |       77.905 ¦     2792           2              0.010 
2025-05-23 10:51:08 | INFO |       77.915 ¦     2793           2              0.010 
2025-05-23 10:51:08 | INFO |       77.925 ¦     2794           2              0.010 
2025-05-23 10:51:08 | INFO |       77.935 ¦     2795           2              0.010 
2025-05-23 10:51:08 | INFO |       77.945 ¦     2796           2              0.010 
2025-05-23 10:51:08 | INFO |       77.955 ¦     2797           2              0.010 
2025-05-23 10:51:08 | INFO |       77.965 ¦     2798           2              0.010 
2025-05-23 10:51:08 | INFO |       77.975 ¦     2799           2              0.010 
2025-05-23 10:51:08 | INFO |       77.985 ¦     2800           2              0.010 
2025-05-23 10:51:08 | INFO |       77.995 ¦     2801           2              0.010 
2025-05-23 10:51:08 | INFO |       78.005 ¦     2802           2              0.010 
2025-05-23 10:51:08 | INFO |       78.015 ¦     2803           2              0.010 
2025-05-23 10:51:08 | INFO |       78.025 ¦     2804           2              0.010 
2025-05-23 10:51:08 | INFO |       78.035 ¦     2805           2              0.010 
2025-05-23 10:51:08 | INFO |       78.045 ¦     2806           2              0.010 
2025-05-23 10:51:08 | INFO |       78.055 ¦     2807           2              0.010 
2025-05-23 10:51:08 | INFO |       78.065 ¦     2808           2              0.010 
2025-05-23 10:51:08 | INFO |       78.075 ¦     2809           2              0.010 
2025-05-23 10:51:08 | INFO |       78.085 ¦     2810           2              0.010 
2025-05-23 10:51:08 | INFO |       78.095 ¦     2811           2              0.010 
2025-05-23 10:51:08 | INFO |       78.105 ¦     2812           2              0.010 
2025-05-23 10:51:08 | INFO |       78.115 ¦     2813           2              0.010 
2025-05-23 10:51:08 | INFO |       78.125 ¦     2814           2              0.010 
2025-05-23 10:51:08 | INFO |       78.135 ¦     2815           2              0.010 
2025-05-23 10:51:08 | INFO |       78.145 ¦     2816           2              0.010 
2025-05-23 10:51:08 | INFO |       78.155 ¦     2817           2              0.010 
2025-05-23 10:51:08 | INFO |       78.165 ¦     2818           2              0.010 
2025-05-23 10:51:08 | INFO |       78.175 ¦     2819           2              0.010 
2025-05-23 10:51:08 | INFO |       78.185 ¦     2820           2              0.010 
2025-05-23 10:51:08 | INFO |       78.195 ¦     2821           2              0.010 
2025-05-23 10:51:08 | INFO |       78.205 ¦     2822           2              0.010 
2025-05-23 10:51:08 | INFO |       78.215 ¦     2823           2              0.010 
2025-05-23 10:51:08 | INFO |       78.225 ¦     2824           2              0.010 
2025-05-23 10:51:08 | INFO |       78.235 ¦     2825           2              0.010 
2025-05-23 10:51:08 | INFO |       78.245 ¦     2826           2              0.010 
2025-05-23 10:51:08 | INFO |       78.255 ¦     2827           2              0.010 
2025-05-23 10:51:08 | INFO |       78.265 ¦     2828           2              0.010 
2025-05-23 10:51:08 | INFO |       78.275 ¦     2829           2              0.010 
2025-05-23 10:51:08 | INFO |       78.285 ¦     2830           2              0.010 
2025-05-23 10:51:08 | INFO |       78.295 ¦     2831           2              0.010 
2025-05-23 10:51:08 | INFO |       78.305 ¦     2832           2              0.010 
2025-05-23 10:51:08 | INFO |       78.315 ¦     2833           2              0.010 
2025-05-23 10:51:08 | INFO |       78.325 ¦     2834           2              0.010 
2025-05-23 10:51:08 | INFO |       78.335 ¦     2835           2              0.010 
2025-05-23 10:51:08 | INFO |       78.345 ¦     2836           2              0.010 
2025-05-23 10:51:08 | INFO |       78.355 ¦     2837           2              0.010 
2025-05-23 10:51:08 | INFO |       78.365 ¦     2838           2              0.010 
2025-05-23 10:51:08 | INFO |       78.375 ¦     2839           2              0.010 
2025-05-23 10:51:08 | INFO |       78.385 ¦     2840           2              0.010 
2025-05-23 10:51:08 | INFO |       78.395 ¦     2841           2              0.010 
2025-05-23 10:51:08 | INFO |       78.405 ¦     2842           2              0.010 
2025-05-23 10:51:08 | INFO |       78.415 ¦     2843           2              0.010 
2025-05-23 10:51:08 | INFO |       78.425 ¦     2844           2              0.010 
2025-05-23 10:51:08 | INFO |       78.435 ¦     2845           2              0.010 
2025-05-23 10:51:08 | INFO |       78.445 ¦     2846           2              0.010 
2025-05-23 10:51:08 | INFO |       78.455 ¦     2847           2              0.010 
2025-05-23 10:51:08 | INFO |       78.465 ¦     2848           2              0.010 
2025-05-23 10:51:08 | INFO |       78.475 ¦     2849           2              0.010 
2025-05-23 10:51:08 | INFO |       78.485 ¦     2850           2              0.010 
2025-05-23 10:51:08 | INFO |       78.495 ¦     2851           2              0.010 
2025-05-23 10:51:08 | INFO |       78.505 ¦     2852           2              0.010 
2025-05-23 10:51:08 | INFO |       78.515 ¦     2853           2              0.010 
2025-05-23 10:51:08 | INFO |       78.525 ¦     2854           2              0.010 
2025-05-23 10:51:08 | INFO |       78.535 ¦     2855           2              0.010 
2025-05-23 10:51:08 | INFO |       78.545 ¦     2856           2              0.010 
2025-05-23 10:51:08 | INFO |       78.555 ¦     2857           2              0.010 
2025-05-23 10:51:08 | INFO |       78.565 ¦     2858           2              0.010 
2025-05-23 10:51:08 | INFO |       78.575 ¦     2859           2              0.010 
2025-05-23 10:51:08 | INFO |       78.585 ¦     2860           2              0.010 
2025-05-23 10:51:08 | INFO |       78.595 ¦     2861           2              0.010 
2025-05-23 10:51:08 | INFO |       78.605 ¦     2862           2              0.010 
2025-05-23 10:51:08 | INFO |       78.615 ¦     2863           2              0.010 
2025-05-23 10:51:08 | INFO |       78.625 ¦     2864           2              0.010 
2025-05-23 10:51:08 | INFO |       78.635 ¦     2865           2              0.010 
2025-05-23 10:51:08 | INFO |       78.645 ¦     2866           2              0.010 
2025-05-23 10:51:08 | INFO |       78.655 ¦     2867           2              0.010 
2025-05-23 10:51:08 | INFO |       78.665 ¦     2868           2              0.010 
2025-05-23 10:51:08 | INFO |       78.675 ¦     2869           2              0.010 
2025-05-23 10:51:08 | INFO |       78.685 ¦     2870           2              0.010 
2025-05-23 10:51:08 | INFO |       78.695 ¦     2871           2              0.010 
2025-05-23 10:51:08 | INFO |       78.705 ¦     2872           2              0.010 
2025-05-23 10:51:08 | INFO |       78.715 ¦     2873           2              0.010 
2025-05-23 10:51:08 | INFO |       78.725 ¦     2874           2              0.010 
2025-05-23 10:51:08 | INFO |       78.735 ¦     2875           2              0.010 
2025-05-23 10:51:08 | INFO |       78.745 ¦     2876           2              0.010 
2025-05-23 10:51:08 | INFO |       78.755 ¦     2877           2              0.010 
2025-05-23 10:51:08 | INFO |       78.765 ¦     2878           2              0.010 
2025-05-23 10:51:08 | INFO |       78.775 ¦     2879           2              0.010 
2025-05-23 10:51:08 | INFO |       78.785 ¦     2880           2              0.010 
2025-05-23 10:51:08 | INFO |       78.795 ¦     2881           2              0.010 
2025-05-23 10:51:08 | INFO |       78.805 ¦     2882           2              0.010 
2025-05-23 10:51:08 | INFO |       78.815 ¦     2883           2              0.010 
2025-05-23 10:51:08 | INFO |       78.825 ¦     2884           2              0.010 
2025-05-23 10:51:08 | INFO |       78.835 ¦     2885           2              0.010 
2025-05-23 10:51:08 | INFO |       78.845 ¦     2886           2              0.010 
2025-05-23 10:51:08 | INFO |       78.855 ¦     2887           2              0.010 
2025-05-23 10:51:08 | INFO |       78.865 ¦     2888           2              0.010 
2025-05-23 10:51:08 | INFO |       78.875 ¦     2889           2              0.010 
2025-05-23 10:51:08 | INFO |       78.885 ¦     2890           2              0.010 
2025-05-23 10:51:08 | INFO |       78.895 ¦     2891           2              0.010 
2025-05-23 10:51:08 | INFO |       78.905 ¦     2892           2              0.010 
2025-05-23 10:51:08 | INFO |       78.915 ¦     2893           2              0.010 
2025-05-23 10:51:08 | INFO |       78.925 ¦     2894           2              0.010 
2025-05-23 10:51:08 | INFO |       78.935 ¦     2895           2              0.010 
2025-05-23 10:51:08 | INFO |       78.945 ¦     2896           2              0.010 
2025-05-23 10:51:08 | INFO |       78.955 ¦     2897           2              0.010 
2025-05-23 10:51:08 | INFO |       78.965 ¦     2898           2              0.010 
2025-05-23 10:51:08 | INFO |       78.975 ¦     2899           2              0.010 
2025-05-23 10:51:08 | INFO |       78.985 ¦     2900           2              0.010 
2025-05-23 10:51:08 | INFO |       78.995 ¦     2901           2              0.010 
2025-05-23 10:51:08 | INFO |       79.005 ¦     2902           2              0.010 
2025-05-23 10:51:08 | INFO |       79.015 ¦     2903           2              0.010 
2025-05-23 10:51:08 | INFO |       79.025 ¦     2904           2              0.010 
2025-05-23 10:51:08 | INFO |       79.035 ¦     2905           2              0.010 
2025-05-23 10:51:08 | INFO |       79.045 ¦     2906           2              0.010 
2025-05-23 10:51:08 | INFO |       79.055 ¦     2907           2              0.010 
2025-05-23 10:51:08 | INFO |       79.065 ¦     2908           2              0.010 
2025-05-23 10:51:08 | INFO |       79.075 ¦     2909           2              0.010 
2025-05-23 10:51:08 | INFO |       79.085 ¦     2910           2              0.010 
2025-05-23 10:51:08 | INFO |       79.095 ¦     2911           2              0.010 
2025-05-23 10:51:08 | INFO |       79.105 ¦     2912           2              0.010 
2025-05-23 10:51:08 | INFO |       79.115 ¦     2913           2              0.010 
2025-05-23 10:51:08 | INFO |       79.125 ¦     2914           2              0.010 
2025-05-23 10:51:08 | INFO |       79.135 ¦     2915           2              0.010 
2025-05-23 10:51:08 | INFO |       79.145 ¦     2916           2              0.010 
2025-05-23 10:51:08 | INFO |       79.155 ¦     2917           2              0.010 
2025-05-23 10:51:08 | INFO |       79.165 ¦     2918           2              0.010 
2025-05-23 10:51:08 | INFO |       79.175 ¦     2919           2              0.010 
2025-05-23 10:51:08 | INFO |       79.185 ¦     2920           2              0.010 
2025-05-23 10:51:08 | INFO |       79.195 ¦     2921           2              0.010 
2025-05-23 10:51:08 | INFO |       79.205 ¦     2922           2              0.010 
2025-05-23 10:51:08 | INFO |       79.215 ¦     2923           2              0.010 
2025-05-23 10:51:08 | INFO |       79.225 ¦     2924           2              0.010 
2025-05-23 10:51:08 | INFO |       79.235 ¦     2925           2              0.010 
2025-05-23 10:51:08 | INFO |       79.245 ¦     2926           2              0.010 
2025-05-23 10:51:08 | INFO |       79.255 ¦     2927           2              0.010 
2025-05-23 10:51:08 | INFO |       79.265 ¦     2928           2              0.010 
2025-05-23 10:51:08 | INFO |       79.275 ¦     2929           2              0.010 
2025-05-23 10:51:08 | INFO |       79.285 ¦     2930           2              0.010 
2025-05-23 10:51:08 | INFO |       79.295 ¦     2931           2              0.010 
2025-05-23 10:51:08 | INFO |       79.305 ¦     2932           2              0.010 
2025-05-23 10:51:08 | INFO |       79.315 ¦     2933           2              0.010 
2025-05-23 10:51:08 | INFO |       79.325 ¦     2934           2              0.010 
2025-05-23 10:51:08 | INFO |       79.335 ¦     2935           2              0.010 
2025-05-23 10:51:08 | INFO |       79.345 ¦     2936           2              0.010 
2025-05-23 10:51:08 | INFO |       79.355 ¦     2937           2              0.010 
2025-05-23 10:51:08 | INFO |       79.365 ¦     2938           2              0.010 
2025-05-23 10:51:08 | INFO |       79.375 ¦     2939           2              0.010 
2025-05-23 10:51:08 | INFO |       79.385 ¦     2940           2              0.010 
2025-05-23 10:51:08 | INFO |       79.395 ¦     2941           2              0.010 
2025-05-23 10:51:08 | INFO |       79.405 ¦     2942           2              0.010 
2025-05-23 10:51:08 | INFO |       79.415 ¦     2943           2              0.010 
2025-05-23 10:51:08 | INFO |       79.425 ¦     2944           2              0.010 
2025-05-23 10:51:08 | INFO |       79.435 ¦     2945           2              0.010 
2025-05-23 10:51:08 | INFO |       79.445 ¦     2946           2              0.010 
2025-05-23 10:51:08 | INFO |       79.455 ¦     2947           2              0.010 
2025-05-23 10:51:08 | INFO |       79.465 ¦     2948           2              0.010 
2025-05-23 10:51:08 | INFO |       79.475 ¦     2949           2              0.010 
2025-05-23 10:51:08 | INFO |       79.485 ¦     2950           2              0.010 
2025-05-23 10:51:08 | INFO |       79.495 ¦     2951           2              0.010 
2025-05-23 10:51:08 | INFO |       79.505 ¦     2952           2              0.010 
2025-05-23 10:51:08 | INFO |       79.515 ¦     2953           2              0.010 
2025-05-23 10:51:08 | INFO |       79.525 ¦     2954           2              0.010 
2025-05-23 10:51:08 | INFO |       79.535 ¦     2955           2              0.010 
2025-05-23 10:51:08 | INFO |       79.545 ¦     2956           2              0.010 
2025-05-23 10:51:08 | INFO |       79.555 ¦     2957           2              0.010 
2025-05-23 10:51:08 | INFO |       79.565 ¦     2958           2              0.010 
2025-05-23 10:51:08 | INFO |       79.575 ¦     2959           2              0.010 
2025-05-23 10:51:08 | INFO |       79.585 ¦     2960           2              0.010 
2025-05-23 10:51:08 | INFO |       79.595 ¦     2961           2              0.010 
2025-05-23 10:51:08 | INFO |       79.605 ¦     2962           2              0.010 
2025-05-23 10:51:08 | INFO |       79.615 ¦     2963           2              0.010 
2025-05-23 10:51:08 | INFO |       79.625 ¦     2964           2              0.010 
2025-05-23 10:51:08 | INFO |       79.635 ¦     2965           2              0.010 
2025-05-23 10:51:08 | INFO |       79.645 ¦     2966           2              0.010 
2025-05-23 10:51:08 | INFO |       79.655 ¦     2967           2              0.010 
2025-05-23 10:51:08 | INFO |       79.665 ¦     2968           2              0.010 
2025-05-23 10:51:08 | INFO |       79.675 ¦     2969           2              0.010 
2025-05-23 10:51:08 | INFO |       79.685 ¦     2970           2              0.010 
2025-05-23 10:51:08 | INFO |       79.695 ¦     2971           2              0.010 
2025-05-23 10:51:08 | INFO |       79.705 ¦     2972           2              0.010 
2025-05-23 10:51:08 | INFO |       79.715 ¦     2973           2              0.010 
2025-05-23 10:51:08 | INFO |       79.725 ¦     2974           2              0.010 
2025-05-23 10:51:08 | INFO |       79.735 ¦     2975           2              0.010 
2025-05-23 10:51:08 | INFO |       79.745 ¦     2976           2              0.010 
2025-05-23 10:51:08 | INFO |       79.755 ¦     2977           2              0.010 
2025-05-23 10:51:08 | INFO |       79.765 ¦     2978           2              0.010 
2025-05-23 10:51:08 | INFO |       79.775 ¦     2979           2              0.010 
2025-05-23 10:51:08 | INFO |       79.785 ¦     2980           2              0.010 
2025-05-23 10:51:08 | INFO |       79.795 ¦     2981           2              0.010 
2025-05-23 10:51:08 | INFO |       79.805 ¦     2982           2              0.010 
2025-05-23 10:51:08 | INFO |       79.815 ¦     2983           2              0.010 
2025-05-23 10:51:08 | INFO |       79.825 ¦     2984           2              0.010 
2025-05-23 10:51:08 | INFO |       79.835 ¦     2985           2              0.010 
2025-05-23 10:51:08 | INFO |       79.845 ¦     2986           2              0.010 
2025-05-23 10:51:08 | INFO |       79.855 ¦     2987           2              0.010 
2025-05-23 10:51:08 | INFO |       79.865 ¦     2988           2              0.010 
2025-05-23 10:51:08 | INFO |       79.875 ¦     2989           2              0.010 
2025-05-23 10:51:08 | INFO |       79.885 ¦     2990           2              0.010 
2025-05-23 10:51:08 | INFO |       79.895 ¦     2991           2              0.010 
2025-05-23 10:51:08 | INFO |       79.905 ¦     2992           2              0.010 
2025-05-23 10:51:08 | INFO |       79.915 ¦     2993           2              0.010 
2025-05-23 10:51:08 | INFO |       79.925 ¦     2994           2              0.010 
2025-05-23 10:51:08 | INFO |       79.935 ¦     2995           2              0.010 
2025-05-23 10:51:08 | INFO |       79.945 ¦     2996           2              0.010 
2025-05-23 10:51:08 | INFO |       79.955 ¦     2997           2              0.010 
2025-05-23 10:51:08 | INFO |       79.965 ¦     2998           2              0.010 
2025-05-23 10:51:08 | INFO |       79.975 ¦     2999           2              0.010 
2025-05-23 10:51:08 | INFO |       79.985 ¦     3000           2              0.010 
2025-05-23 10:51:08 | INFO |       79.995 ¦     3001           2              0.010 
2025-05-23 10:51:08 | INFO |       80.005 ¦     3002           2              0.010 
2025-05-23 10:51:08 | INFO |       80.015 ¦     3003           2              0.010 
2025-05-23 10:51:08 | INFO |       80.025 ¦     3004           2              0.010 
2025-05-23 10:51:08 | INFO |       80.035 ¦     3005           2              0.010 
2025-05-23 10:51:08 | INFO |       80.045 ¦     3006           2              0.010 
2025-05-23 10:51:08 | INFO |       80.055 ¦     3007           2              0.010 
2025-05-23 10:51:08 | INFO |       80.065 ¦     3008           2              0.010 
2025-05-23 10:51:08 | INFO |       80.075 ¦     3009           2              0.010 
2025-05-23 10:51:08 | INFO |       80.085 ¦     3010           2              0.010 
2025-05-23 10:51:08 | INFO |       80.095 ¦     3011           2              0.010 
2025-05-23 10:51:08 | INFO |       80.105 ¦     3012           2              0.010 
2025-05-23 10:51:08 | INFO |       80.115 ¦     3013           2              0.010 
2025-05-23 10:51:08 | INFO |       80.125 ¦     3014           2              0.010 
2025-05-23 10:51:08 | INFO |       80.135 ¦     3015           2              0.010 
2025-05-23 10:51:08 | INFO |       80.145 ¦     3016           2              0.010 
2025-05-23 10:51:08 | INFO |       80.155 ¦     3017           2              0.010 
2025-05-23 10:51:08 | INFO |       80.165 ¦     3018           2              0.010 
2025-05-23 10:51:08 | INFO |       80.175 ¦     3019           2              0.010 
2025-05-23 10:51:08 | INFO |       80.185 ¦     3020           2              0.010 
2025-05-23 10:51:08 | INFO |       80.195 ¦     3021           2              0.010 
2025-05-23 10:51:08 | INFO |       80.205 ¦     3022           2              0.010 
2025-05-23 10:51:08 | INFO |       80.215 ¦     3023           2              0.010 
2025-05-23 10:51:08 | INFO |       80.225 ¦     3024           2              0.010 
2025-05-23 10:51:08 | INFO |       80.235 ¦     3025           2              0.010 
2025-05-23 10:51:08 | INFO |       80.245 ¦     3026           2              0.010 
2025-05-23 10:51:08 | INFO |       80.255 ¦     3027           2              0.010 
2025-05-23 10:51:08 | INFO |       80.265 ¦     3028           2              0.010 
2025-05-23 10:51:08 | INFO |       80.275 ¦     3029           2              0.010 
2025-05-23 10:51:08 | INFO |       80.285 ¦     3030           2              0.010 
2025-05-23 10:51:08 | INFO |       80.295 ¦     3031           2              0.010 
2025-05-23 10:51:08 | INFO |       80.305 ¦     3032           2              0.010 
2025-05-23 10:51:08 | INFO |       80.315 ¦     3033           2              0.010 
2025-05-23 10:51:08 | INFO |       80.325 ¦     3034           2              0.010 
2025-05-23 10:51:08 | INFO |       80.335 ¦     3035           2              0.010 
2025-05-23 10:51:08 | INFO |       80.345 ¦     3036           2              0.010 
2025-05-23 10:51:08 | INFO |       80.355 ¦     3037           2              0.010 
2025-05-23 10:51:08 | INFO |       80.365 ¦     3038           2              0.010 
2025-05-23 10:51:08 | INFO |       80.375 ¦     3039           2              0.010 
2025-05-23 10:51:08 | INFO |       80.385 ¦     3040           2              0.010 
2025-05-23 10:51:08 | INFO |       80.395 ¦     3041           2              0.010 
2025-05-23 10:51:08 | INFO |       80.405 ¦     3042           2              0.010 
2025-05-23 10:51:08 | INFO |       80.415 ¦     3043           2              0.010 
2025-05-23 10:51:08 | INFO |       80.425 ¦     3044           2              0.010 
2025-05-23 10:51:08 | INFO |       80.435 ¦     3045           2              0.010 
2025-05-23 10:51:08 | INFO |       80.445 ¦     3046           2              0.010 
2025-05-23 10:51:08 | INFO |       80.455 ¦     3047           2              0.010 
2025-05-23 10:51:08 | INFO |       80.465 ¦     3048           2              0.010 
2025-05-23 10:51:08 | INFO |       80.475 ¦     3049           2              0.010 
2025-05-23 10:51:08 | INFO |       80.485 ¦     3050           2              0.010 
2025-05-23 10:51:08 | INFO |       80.495 ¦     3051           2              0.010 
2025-05-23 10:51:08 | INFO |       80.505 ¦     3052           2              0.010 
2025-05-23 10:51:08 | INFO |       80.515 ¦     3053           2              0.010 
2025-05-23 10:51:08 | INFO |       80.525 ¦     3054           2              0.010 
2025-05-23 10:51:08 | INFO |       80.535 ¦     3055           2              0.010 
2025-05-23 10:51:08 | INFO |       80.545 ¦     3056           2              0.010 
2025-05-23 10:51:08 | INFO |       80.555 ¦     3057           2              0.010 
2025-05-23 10:51:08 | INFO |       80.565 ¦     3058           2              0.010 
2025-05-23 10:51:08 | INFO |       80.575 ¦     3059           2              0.010 
2025-05-23 10:51:08 | INFO |       80.585 ¦     3060           2              0.010 
2025-05-23 10:51:08 | INFO |       80.595 ¦     3061           2              0.010 
2025-05-23 10:51:08 | INFO |       80.605 ¦     3062           2              0.010 
2025-05-23 10:51:08 | INFO |       80.615 ¦     3063           2              0.010 
2025-05-23 10:51:08 | INFO |       80.625 ¦     3064           2              0.010 
2025-05-23 10:51:08 | INFO |       80.635 ¦     3065           2              0.010 
2025-05-23 10:51:08 | INFO |       80.645 ¦     3066           2              0.010 
2025-05-23 10:51:08 | INFO |       80.655 ¦     3067           2              0.010 
2025-05-23 10:51:08 | INFO |       80.665 ¦     3068           2              0.010 
2025-05-23 10:51:08 | INFO |       80.675 ¦     3069           2              0.010 
2025-05-23 10:51:08 | INFO |       80.685 ¦     3070           2              0.010 
2025-05-23 10:51:08 | INFO |       80.695 ¦     3071           2              0.010 
2025-05-23 10:51:08 | INFO |       80.705 ¦     3072           2              0.010 
2025-05-23 10:51:08 | INFO |       80.715 ¦     3073           2              0.010 
2025-05-23 10:51:08 | INFO |       80.725 ¦     3074           2              0.010 
2025-05-23 10:51:08 | INFO |       80.735 ¦     3075           2              0.010 
2025-05-23 10:51:08 | INFO |       80.745 ¦     3076           2              0.010 
2025-05-23 10:51:08 | INFO |       80.755 ¦     3077           2              0.010 
2025-05-23 10:51:08 | INFO |       80.765 ¦     3078           2              0.010 
2025-05-23 10:51:08 | INFO |       80.775 ¦     3079           2              0.010 
2025-05-23 10:51:08 | INFO |       80.785 ¦     3080           2              0.010 
2025-05-23 10:51:08 | INFO |       80.795 ¦     3081           2              0.010 
2025-05-23 10:51:08 | INFO |       80.805 ¦     3082           2              0.010 
2025-05-23 10:51:08 | INFO |       80.815 ¦     3083           2              0.010 
2025-05-23 10:51:08 | INFO |       80.825 ¦     3084           2              0.010 
2025-05-23 10:51:08 | INFO |       80.835 ¦     3085           2              0.010 
2025-05-23 10:51:08 | INFO |       80.845 ¦     3086           2              0.010 
2025-05-23 10:51:08 | INFO |       80.855 ¦     3087           2              0.010 
2025-05-23 10:51:08 | INFO |       80.865 ¦     3088           2              0.010 
2025-05-23 10:51:08 | INFO |       80.875 ¦     3089           2              0.010 
2025-05-23 10:51:08 | INFO |       80.885 ¦     3090           2              0.010 
2025-05-23 10:51:08 | INFO |       80.895 ¦     3091           2              0.010 
2025-05-23 10:51:08 | INFO |       80.905 ¦     3092           2              0.010 
2025-05-23 10:51:08 | INFO |       80.915 ¦     3093           2              0.010 
2025-05-23 10:51:08 | INFO |       80.925 ¦     3094           2              0.010 
2025-05-23 10:51:08 | INFO |       80.935 ¦     3095           2              0.010 
2025-05-23 10:51:08 | INFO |       80.945 ¦     3096           2              0.010 
2025-05-23 10:51:08 | INFO |       80.955 ¦     3097           2              0.010 
2025-05-23 10:51:08 | INFO |       80.965 ¦     3098           2              0.010 
2025-05-23 10:51:08 | INFO |       80.975 ¦     3099           2              0.010 
2025-05-23 10:51:08 | INFO |       80.985 ¦     3100           2              0.010 
2025-05-23 10:51:08 | INFO |       80.995 ¦     3101           2              0.010 
2025-05-23 10:51:08 | INFO |       81.005 ¦     3102           2              0.010 
2025-05-23 10:51:08 | INFO |       81.015 ¦     3103           2              0.010 
2025-05-23 10:51:08 | INFO |       81.025 ¦     3104           2              0.010 
2025-05-23 10:51:08 | INFO |       81.035 ¦     3105           2              0.010 
2025-05-23 10:51:08 | INFO |       81.045 ¦     3106           2              0.010 
2025-05-23 10:51:08 | INFO |       81.055 ¦     3107           2              0.010 
2025-05-23 10:51:08 | INFO |       81.065 ¦     3108           2              0.010 
2025-05-23 10:51:08 | INFO |       81.075 ¦     3109           2              0.010 
2025-05-23 10:51:08 | INFO |       81.085 ¦     3110           2              0.010 
2025-05-23 10:51:08 | INFO |       81.095 ¦     3111           2              0.010 
2025-05-23 10:51:08 | INFO |       81.105 ¦     3112           2              0.010 
2025-05-23 10:51:08 | INFO |       81.115 ¦     3113           2              0.010 
2025-05-23 10:51:08 | INFO |       81.125 ¦     3114           2              0.010 
2025-05-23 10:51:08 | INFO |       81.135 ¦     3115           2              0.010 
2025-05-23 10:51:08 | INFO |       81.145 ¦     3116           2              0.010 
2025-05-23 10:51:08 | INFO |       81.155 ¦     3117           2              0.010 
2025-05-23 10:51:08 | INFO |       81.165 ¦     3118           2              0.010 
2025-05-23 10:51:08 | INFO |       81.175 ¦     3119           2              0.010 
2025-05-23 10:51:08 | INFO |       81.185 ¦     3120           2              0.010 
2025-05-23 10:51:08 | INFO |       81.195 ¦     3121           2              0.010 
2025-05-23 10:51:08 | INFO |       81.205 ¦     3122           2              0.010 
2025-05-23 10:51:08 | INFO |       81.215 ¦     3123           2              0.010 
2025-05-23 10:51:08 | INFO |       81.225 ¦     3124           2              0.010 
2025-05-23 10:51:08 | INFO |       81.235 ¦     3125           2              0.010 
2025-05-23 10:51:08 | INFO |       81.245 ¦     3126           2              0.010 
2025-05-23 10:51:08 | INFO |       81.255 ¦     3127           2              0.010 
2025-05-23 10:51:08 | INFO |       81.265 ¦     3128           2              0.010 
2025-05-23 10:51:08 | INFO |       81.275 ¦     3129           2              0.010 
2025-05-23 10:51:08 | INFO |       81.285 ¦     3130           2              0.010 
2025-05-23 10:51:08 | INFO |       81.295 ¦     3131           2              0.010 
2025-05-23 10:51:08 | INFO |       81.305 ¦     3132           2              0.010 
2025-05-23 10:51:08 | INFO |       81.315 ¦     3133           2              0.010 
2025-05-23 10:51:08 | INFO |       81.325 ¦     3134           2              0.010 
2025-05-23 10:51:08 | INFO |       81.335 ¦     3135           2              0.010 
2025-05-23 10:51:08 | INFO |       81.345 ¦     3136           2              0.010 
2025-05-23 10:51:08 | INFO |       81.355 ¦     3137           2              0.010 
2025-05-23 10:51:08 | INFO |       81.365 ¦     3138           2              0.010 
2025-05-23 10:51:08 | INFO |       81.375 ¦     3139           2              0.010 
2025-05-23 10:51:08 | INFO |       81.385 ¦     3140           2              0.010 
2025-05-23 10:51:08 | INFO |       81.395 ¦     3141           2              0.010 
2025-05-23 10:51:08 | INFO |       81.405 ¦     3142           2              0.010 
2025-05-23 10:51:08 | INFO |       81.415 ¦     3143           2              0.010 
2025-05-23 10:51:08 | INFO |       81.425 ¦     3144           2              0.010 
2025-05-23 10:51:08 | INFO |       81.435 ¦     3145           2              0.010 
2025-05-23 10:51:08 | INFO |       81.445 ¦     3146           2              0.010 
2025-05-23 10:51:08 | INFO |       81.455 ¦     3147           2              0.010 
2025-05-23 10:51:08 | INFO |       81.465 ¦     3148           2              0.010 
2025-05-23 10:51:08 | INFO |       81.475 ¦     3149           2              0.010 
2025-05-23 10:51:08 | INFO |       81.485 ¦     3150           2              0.010 
2025-05-23 10:51:08 | INFO |       81.495 ¦     3151           2              0.010 
2025-05-23 10:51:08 | INFO |       81.505 ¦     3152           2              0.010 
2025-05-23 10:51:08 | INFO |       81.515 ¦     3153           2              0.010 
2025-05-23 10:51:08 | INFO |       81.525 ¦     3154           2              0.010 
2025-05-23 10:51:08 | INFO |       81.535 ¦     3155           2              0.010 
2025-05-23 10:51:08 | INFO |       81.545 ¦     3156           2              0.010 
2025-05-23 10:51:08 | INFO |       81.555 ¦     3157           2              0.010 
2025-05-23 10:51:08 | INFO |       81.565 ¦     3158           2              0.010 
2025-05-23 10:51:08 | INFO |       81.575 ¦     3159           2              0.010 
2025-05-23 10:51:08 | INFO |       81.585 ¦     3160           2              0.010 
2025-05-23 10:51:08 | INFO |       81.595 ¦     3161           2              0.010 
2025-05-23 10:51:08 | INFO |       81.605 ¦     3162           2              0.010 
2025-05-23 10:51:08 | INFO |       81.615 ¦     3163           2              0.010 
2025-05-23 10:51:08 | INFO |       81.625 ¦     3164           2              0.010 
2025-05-23 10:51:08 | INFO |       81.635 ¦     3165           2              0.010 
2025-05-23 10:51:08 | INFO |       81.645 ¦     3166           2              0.010 
2025-05-23 10:51:08 | INFO |       81.655 ¦     3167           2              0.010 
2025-05-23 10:51:08 | INFO |       81.665 ¦     3168           2              0.010 
2025-05-23 10:51:08 | INFO |       81.675 ¦     3169           2              0.010 
2025-05-23 10:51:08 | INFO |       81.685 ¦     3170           2              0.010 
2025-05-23 10:51:08 | INFO |       81.695 ¦     3171           2              0.010 
2025-05-23 10:51:08 | INFO |       81.705 ¦     3172           2              0.010 
2025-05-23 10:51:08 | INFO |       81.715 ¦     3173           2              0.010 
2025-05-23 10:51:08 | INFO |       81.725 ¦     3174           2              0.010 
2025-05-23 10:51:08 | INFO |       81.735 ¦     3175           2              0.010 
2025-05-23 10:51:08 | INFO |       81.745 ¦     3176           2              0.010 
2025-05-23 10:51:08 | INFO |       81.755 ¦     3177           2              0.010 
2025-05-23 10:51:08 | INFO |       81.765 ¦     3178           2              0.010 
2025-05-23 10:51:08 | INFO |       81.775 ¦     3179           2              0.010 
2025-05-23 10:51:08 | INFO |       81.785 ¦     3180           2              0.010 
2025-05-23 10:51:08 | INFO |       81.795 ¦     3181           2              0.010 
2025-05-23 10:51:08 | INFO |       81.805 ¦     3182           2              0.010 
2025-05-23 10:51:08 | INFO |       81.815 ¦     3183           2              0.010 
2025-05-23 10:51:08 | INFO |       81.825 ¦     3184           2              0.010 
2025-05-23 10:51:08 | INFO |       81.835 ¦     3185           2              0.010 
2025-05-23 10:51:08 | INFO |       81.845 ¦     3186           2              0.010 
2025-05-23 10:51:08 | INFO |       81.855 ¦     3187           2              0.010 
2025-05-23 10:51:08 | INFO |       81.865 ¦     3188           2              0.010 
2025-05-23 10:51:08 | INFO |       81.875 ¦     3189           2              0.010 
2025-05-23 10:51:08 | INFO |       81.885 ¦     3190           2              0.010 
2025-05-23 10:51:08 | INFO |       81.895 ¦     3191           2              0.010 
2025-05-23 10:51:08 | INFO |       81.905 ¦     3192           2              0.010 
2025-05-23 10:51:08 | INFO |       81.915 ¦     3193           2              0.010 
2025-05-23 10:51:08 | INFO |       81.925 ¦     3194           2              0.010 
2025-05-23 10:51:08 | INFO |       81.935 ¦     3195           2              0.010 
2025-05-23 10:51:08 | INFO |       81.945 ¦     3196           2              0.010 
2025-05-23 10:51:08 | INFO |       81.955 ¦     3197           2              0.010 
2025-05-23 10:51:08 | INFO |       81.965 ¦     3198           2              0.010 
2025-05-23 10:51:08 | INFO |       81.975 ¦     3199           2              0.010 
2025-05-23 10:51:08 | INFO |       81.985 ¦     3200           2              0.010 
2025-05-23 10:51:08 | INFO |       81.995 ¦     3201           2              0.010 
2025-05-23 10:51:08 | INFO |       82.005 ¦     3202           2              0.010 
2025-05-23 10:51:08 | INFO |       82.015 ¦     3203           2              0.010 
2025-05-23 10:51:08 | INFO |       82.025 ¦     3204           2              0.010 
2025-05-23 10:51:08 | INFO |       82.035 ¦     3205           2              0.010 
2025-05-23 10:51:08 | INFO |       82.045 ¦     3206           2              0.010 
2025-05-23 10:51:08 | INFO |       82.055 ¦     3207           2              0.010 
2025-05-23 10:51:08 | INFO |       82.065 ¦     3208           2              0.010 
2025-05-23 10:51:08 | INFO |       82.075 ¦     3209           2              0.010 
2025-05-23 10:51:08 | INFO |       82.085 ¦     3210           2              0.010 
2025-05-23 10:51:08 | INFO |       82.095 ¦     3211           2              0.010 
2025-05-23 10:51:08 | INFO |       82.105 ¦     3212           2              0.010 
2025-05-23 10:51:08 | INFO |       82.115 ¦     3213           2              0.010 
2025-05-23 10:51:08 | INFO |       82.125 ¦     3214           2              0.010 
2025-05-23 10:51:08 | INFO |       82.135 ¦     3215           2              0.010 
2025-05-23 10:51:08 | INFO |       82.145 ¦     3216           2              0.010 
2025-05-23 10:51:08 | INFO |       82.155 ¦     3217           2              0.010 
2025-05-23 10:51:08 | INFO |       82.165 ¦     3218           2              0.010 
2025-05-23 10:51:08 | INFO |       82.175 ¦     3219           2              0.010 
2025-05-23 10:51:08 | INFO |       82.185 ¦     3220           2              0.010 
2025-05-23 10:51:08 | INFO |       82.195 ¦     3221           2              0.010 
2025-05-23 10:51:08 | INFO |       82.205 ¦     3222           2              0.010 
2025-05-23 10:51:08 | INFO |       82.215 ¦     3223           2              0.010 
2025-05-23 10:51:08 | INFO |       82.225 ¦     3224           2              0.010 
2025-05-23 10:51:08 | INFO |       82.235 ¦     3225           2              0.010 
2025-05-23 10:51:08 | INFO |       82.245 ¦     3226           2              0.010 
2025-05-23 10:51:08 | INFO |       82.255 ¦     3227           2              0.010 
2025-05-23 10:51:08 | INFO |       82.265 ¦     3228           2              0.010 
2025-05-23 10:51:08 | INFO |       82.275 ¦     3229           2              0.010 
2025-05-23 10:51:08 | INFO |       82.285 ¦     3230           2              0.010 
2025-05-23 10:51:08 | INFO |       82.295 ¦     3231           2              0.010 
2025-05-23 10:51:08 | INFO |       82.305 ¦     3232           2              0.010 
2025-05-23 10:51:08 | INFO |       82.315 ¦     3233           2              0.010 
2025-05-23 10:51:08 | INFO |       82.325 ¦     3234           2              0.010 
2025-05-23 10:51:08 | INFO |       82.335 ¦     3235           2              0.010 
2025-05-23 10:51:08 | INFO |       82.345 ¦     3236           2              0.010 
2025-05-23 10:51:08 | INFO |       82.355 ¦     3237           2              0.010 
2025-05-23 10:51:08 | INFO |       82.365 ¦     3238           2              0.010 
2025-05-23 10:51:08 | INFO |       82.375 ¦     3239           2              0.010 
2025-05-23 10:51:08 | INFO |       82.385 ¦     3240           2              0.010 
2025-05-23 10:51:08 | INFO |       82.395 ¦     3241           2              0.010 
2025-05-23 10:51:08 | INFO |       82.405 ¦     3242           2              0.010 
2025-05-23 10:51:08 | INFO |       82.415 ¦     3243           2              0.010 
2025-05-23 10:51:08 | INFO |       82.425 ¦     3244           2              0.010 
2025-05-23 10:51:08 | INFO |       82.435 ¦     3245           2              0.010 
2025-05-23 10:51:08 | INFO |       82.445 ¦     3246           2              0.010 
2025-05-23 10:51:08 | INFO |       82.455 ¦     3247           2              0.010 
2025-05-23 10:51:08 | INFO |       82.465 ¦     3248           2              0.010 
2025-05-23 10:51:08 | INFO |       82.475 ¦     3249           2              0.010 
2025-05-23 10:51:08 | INFO |       82.485 ¦     3250           2              0.010 
2025-05-23 10:51:08 | INFO |       82.495 ¦     3251           2              0.010 
2025-05-23 10:51:08 | INFO |       82.505 ¦     3252           2              0.010 
2025-05-23 10:51:08 | INFO |       82.515 ¦     3253           2              0.010 
2025-05-23 10:51:08 | INFO |       82.525 ¦     3254           2              0.010 
2025-05-23 10:51:08 | INFO |       82.535 ¦     3255           2              0.010 
2025-05-23 10:51:08 | INFO |       82.545 ¦     3256           2              0.010 
2025-05-23 10:51:08 | INFO |       82.555 ¦     3257           2              0.010 
2025-05-23 10:51:08 | INFO |       82.565 ¦     3258           2              0.010 
2025-05-23 10:51:08 | INFO |       82.575 ¦     3259           2              0.010 
2025-05-23 10:51:08 | INFO |       82.585 ¦     3260           2              0.010 
2025-05-23 10:51:08 | INFO |       82.595 ¦     3261           2              0.010 
2025-05-23 10:51:08 | INFO |       82.605 ¦     3262           2              0.010 
2025-05-23 10:51:08 | INFO |       82.615 ¦     3263           2              0.010 
2025-05-23 10:51:08 | INFO |       82.625 ¦     3264           2              0.010 
2025-05-23 10:51:08 | INFO |       82.635 ¦     3265           2              0.010 
2025-05-23 10:51:08 | INFO |       82.645 ¦     3266           2              0.010 
2025-05-23 10:51:08 | INFO |       82.655 ¦     3267           2              0.010 
2025-05-23 10:51:08 | INFO |       82.665 ¦     3268           2              0.010 
2025-05-23 10:51:08 | INFO |       82.675 ¦     3269           2              0.010 
2025-05-23 10:51:08 | INFO |       82.685 ¦     3270           2              0.010 
2025-05-23 10:51:08 | INFO |       82.695 ¦     3271           2              0.010 
2025-05-23 10:51:08 | INFO |       82.705 ¦     3272           2              0.010 
2025-05-23 10:51:08 | INFO |       82.715 ¦     3273           2              0.010 
2025-05-23 10:51:08 | INFO |       82.725 ¦     3274           2              0.010 
2025-05-23 10:51:08 | INFO |       82.735 ¦     3275           2              0.010 
2025-05-23 10:51:08 | INFO |       82.745 ¦     3276           2              0.010 
2025-05-23 10:51:08 | INFO |       82.755 ¦     3277           2              0.010 
2025-05-23 10:51:08 | INFO |       82.765 ¦     3278           2              0.010 
2025-05-23 10:51:08 | INFO |       82.775 ¦     3279           2              0.010 
2025-05-23 10:51:08 | INFO |       82.785 ¦     3280           2              0.010 
2025-05-23 10:51:08 | INFO |       82.795 ¦     3281           2              0.010 
2025-05-23 10:51:08 | INFO |       82.805 ¦     3282           2              0.010 
2025-05-23 10:51:08 | INFO |       82.815 ¦     3283           2              0.010 
2025-05-23 10:51:08 | INFO |       82.825 ¦     3284           2              0.010 
2025-05-23 10:51:08 | INFO |       82.835 ¦     3285           2              0.010 
2025-05-23 10:51:08 | INFO |       82.845 ¦     3286           2              0.010 
2025-05-23 10:51:08 | INFO |       82.855 ¦     3287           2              0.010 
2025-05-23 10:51:08 | INFO |       82.865 ¦     3288           2              0.010 
2025-05-23 10:51:08 | INFO |       82.875 ¦     3289           2              0.010 
2025-05-23 10:51:08 | INFO |       82.885 ¦     3290           2              0.010 
2025-05-23 10:51:08 | INFO |       82.895 ¦     3291           2              0.010 
2025-05-23 10:51:08 | INFO |       82.905 ¦     3292           2              0.010 
2025-05-23 10:51:08 | INFO |       82.915 ¦     3293           2              0.010 
2025-05-23 10:51:08 | INFO |       82.925 ¦     3294           2              0.010 
2025-05-23 10:51:08 | INFO |       82.935 ¦     3295           2              0.010 
2025-05-23 10:51:08 | INFO |       82.945 ¦     3296           2              0.010 
2025-05-23 10:51:08 | INFO |       82.955 ¦     3297           2              0.010 
2025-05-23 10:51:08 | INFO |       82.965 ¦     3298           2              0.010 
2025-05-23 10:51:08 | INFO |       82.975 ¦     3299           2              0.010 
2025-05-23 10:51:08 | INFO |       82.985 ¦     3300           2              0.010 
2025-05-23 10:51:08 | INFO |       82.995 ¦     3301           2              0.010 
2025-05-23 10:51:08 | INFO |       83.005 ¦     3302           2              0.010 
2025-05-23 10:51:08 | INFO |       83.015 ¦     3303           2              0.010 
2025-05-23 10:51:08 | INFO |       83.025 ¦     3304           2              0.010 
2025-05-23 10:51:08 | INFO |       83.035 ¦     3305           2              0.010 
2025-05-23 10:51:08 | INFO |       83.045 ¦     3306           2              0.010 
2025-05-23 10:51:08 | INFO |       83.055 ¦     3307           2              0.010 
2025-05-23 10:51:08 | INFO |       83.065 ¦     3308           2              0.010 
2025-05-23 10:51:08 | INFO |       83.075 ¦     3309           2              0.010 
2025-05-23 10:51:08 | INFO |       83.085 ¦     3310           2              0.010 
2025-05-23 10:51:08 | INFO |       83.095 ¦     3311           2              0.010 
2025-05-23 10:51:08 | INFO |       83.105 ¦     3312           2              0.010 
2025-05-23 10:51:08 | INFO |       83.115 ¦     3313           2              0.010 
2025-05-23 10:51:08 | INFO |       83.125 ¦     3314           2              0.010 
2025-05-23 10:51:08 | INFO |       83.135 ¦     3315           2              0.010 
2025-05-23 10:51:08 | INFO |       83.145 ¦     3316           2              0.010 
2025-05-23 10:51:08 | INFO |       83.155 ¦     3317           2              0.010 
2025-05-23 10:51:08 | INFO |       83.165 ¦     3318           2              0.010 
2025-05-23 10:51:08 | INFO |       83.175 ¦     3319           2              0.010 
2025-05-23 10:51:08 | INFO |       83.185 ¦     3320           2              0.010 
2025-05-23 10:51:08 | INFO |       83.195 ¦     3321           2              0.010 
2025-05-23 10:51:08 | INFO |       83.205 ¦     3322           2              0.010 
2025-05-23 10:51:08 | INFO |       83.215 ¦     3323           2              0.010 
2025-05-23 10:51:08 | INFO |       83.225 ¦     3324           2              0.010 
2025-05-23 10:51:08 | INFO |       83.235 ¦     3325           2              0.010 
2025-05-23 10:51:08 | INFO |       83.245 ¦     3326           2              0.010 
2025-05-23 10:51:08 | INFO |       83.255 ¦     3327           2              0.010 
2025-05-23 10:51:08 | INFO |       83.265 ¦     3328           2              0.010 
2025-05-23 10:51:08 | INFO |       83.275 ¦     3329           2              0.010 
2025-05-23 10:51:08 | INFO |       83.285 ¦     3330           2              0.010 
2025-05-23 10:51:08 | INFO |       83.295 ¦     3331           2              0.010 
2025-05-23 10:51:08 | INFO |       83.305 ¦     3332           2              0.010 
2025-05-23 10:51:08 | INFO |       83.315 ¦     3333           2              0.010 
2025-05-23 10:51:08 | INFO |       83.325 ¦     3334           2              0.010 
2025-05-23 10:51:08 | INFO |       83.335 ¦     3335           2              0.010 
2025-05-23 10:51:08 | INFO |       83.345 ¦     3336           2              0.010 
2025-05-23 10:51:08 | INFO |       83.355 ¦     3337           2              0.010 
2025-05-23 10:51:08 | INFO |       83.365 ¦     3338           2              0.010 
2025-05-23 10:51:08 | INFO |       83.375 ¦     3339           2              0.010 
2025-05-23 10:51:08 | INFO |       83.385 ¦     3340           2              0.010 
2025-05-23 10:51:08 | INFO |       83.395 ¦     3341           2              0.010 
2025-05-23 10:51:08 | INFO |       83.405 ¦     3342           2              0.010 
2025-05-23 10:51:08 | INFO |       83.415 ¦     3343           2              0.010 
2025-05-23 10:51:08 | INFO |       83.425 ¦     3344           2              0.010 
2025-05-23 10:51:08 | INFO |       83.435 ¦     3345           2              0.010 
2025-05-23 10:51:08 | INFO |       83.445 ¦     3346           2              0.010 
2025-05-23 10:51:08 | INFO |       83.455 ¦     3347           2              0.010 
2025-05-23 10:51:08 | INFO |       83.465 ¦     3348           2              0.010 
2025-05-23 10:51:08 | INFO |       83.475 ¦     3349           2              0.010 
2025-05-23 10:51:08 | INFO |       83.485 ¦     3350           2              0.010 
2025-05-23 10:51:08 | INFO |       83.495 ¦     3351           2              0.010 
2025-05-23 10:51:08 | INFO |       83.505 ¦     3352           2              0.010 
2025-05-23 10:51:08 | INFO |       83.515 ¦     3353           2              0.010 
2025-05-23 10:51:08 | INFO |       83.525 ¦     3354           2              0.010 
2025-05-23 10:51:08 | INFO |       83.535 ¦     3355           2              0.010 
2025-05-23 10:51:08 | INFO |       83.545 ¦     3356           2              0.010 
2025-05-23 10:51:08 | INFO |       83.555 ¦     3357           2              0.010 
2025-05-23 10:51:08 | INFO |       83.565 ¦     3358           2              0.010 
2025-05-23 10:51:08 | INFO |       83.575 ¦     3359           2              0.010 
2025-05-23 10:51:08 | INFO |       83.585 ¦     3360           2              0.010 
2025-05-23 10:51:08 | INFO |       83.595 ¦     3361           2              0.010 
2025-05-23 10:51:08 | INFO |       83.605 ¦     3362           2              0.010 
2025-05-23 10:51:08 | INFO |       83.615 ¦     3363           2              0.010 
2025-05-23 10:51:08 | INFO |       83.625 ¦     3364           2              0.010 
2025-05-23 10:51:08 | INFO |       83.635 ¦     3365           2              0.010 
2025-05-23 10:51:08 | INFO |       83.645 ¦     3366           2              0.010 
2025-05-23 10:51:08 | INFO |       83.655 ¦     3367           2              0.010 
2025-05-23 10:51:08 | INFO |       83.665 ¦     3368           2              0.010 
2025-05-23 10:51:08 | INFO |       83.675 ¦     3369           2              0.010 
2025-05-23 10:51:08 | INFO |       83.685 ¦     3370           2              0.010 
2025-05-23 10:51:08 | INFO |       83.695 ¦     3371           2              0.010 
2025-05-23 10:51:08 | INFO |       83.705 ¦     3372           2              0.010 
2025-05-23 10:51:08 | INFO |       83.715 ¦     3373           2              0.010 
2025-05-23 10:51:08 | INFO |       83.725 ¦     3374           2              0.010 
2025-05-23 10:51:08 | INFO |       83.735 ¦     3375           2              0.010 
2025-05-23 10:51:08 | INFO |       83.745 ¦     3376           2              0.010 
2025-05-23 10:51:08 | INFO |       83.755 ¦     3377           2              0.010 
2025-05-23 10:51:08 | INFO |       83.765 ¦     3378           2              0.010 
2025-05-23 10:51:08 | INFO |       83.775 ¦     3379           2              0.010 
2025-05-23 10:51:08 | INFO |       83.785 ¦     3380           2              0.010 
2025-05-23 10:51:08 | INFO |       83.795 ¦     3381           2              0.010 
2025-05-23 10:51:08 | INFO |       83.805 ¦     3382           2              0.010 
2025-05-23 10:51:08 | INFO |       83.815 ¦     3383           2              0.010 
2025-05-23 10:51:08 | INFO |       83.825 ¦     3384           2              0.010 
2025-05-23 10:51:08 | INFO |       83.835 ¦     3385           2              0.010 
2025-05-23 10:51:08 | INFO |       83.845 ¦     3386           2              0.010 
2025-05-23 10:51:08 | INFO |       83.855 ¦     3387           2              0.010 
2025-05-23 10:51:08 | INFO |       83.865 ¦     3388           2              0.010 
2025-05-23 10:51:08 | INFO |       83.875 ¦     3389           2              0.010 
2025-05-23 10:51:08 | INFO |       83.885 ¦     3390           2              0.010 
2025-05-23 10:51:08 | INFO |       83.895 ¦     3391           2              0.010 
2025-05-23 10:51:08 | INFO |       83.905 ¦     3392           2              0.010 
2025-05-23 10:51:08 | INFO |       83.915 ¦     3393           2              0.010 
2025-05-23 10:51:08 | INFO |       83.925 ¦     3394           2              0.010 
2025-05-23 10:51:08 | INFO |       83.935 ¦     3395           2              0.010 
2025-05-23 10:51:08 | INFO |       83.945 ¦     3396           2              0.010 
2025-05-23 10:51:08 | INFO |       83.955 ¦     3397           2              0.010 
2025-05-23 10:51:08 | INFO |       83.965 ¦     3398           2              0.010 
2025-05-23 10:51:08 | INFO |       83.975 ¦     3399           2              0.010 
2025-05-23 10:51:08 | INFO |       83.985 ¦     3400           2              0.010 
2025-05-23 10:51:08 | INFO |       83.995 ¦     3401           2              0.010 
2025-05-23 10:51:08 | INFO |       84.005 ¦     3402           2              0.010 
2025-05-23 10:51:08 | INFO |       84.015 ¦     3403           2              0.010 
2025-05-23 10:51:08 | INFO |       84.025 ¦     3404           2              0.010 
2025-05-23 10:51:08 | INFO |       84.035 ¦     3405           2              0.010 
2025-05-23 10:51:08 | INFO |       84.045 ¦     3406           2              0.010 
2025-05-23 10:51:08 | INFO |       84.055 ¦     3407           2              0.010 
2025-05-23 10:51:08 | INFO |       84.065 ¦     3408           2              0.010 
2025-05-23 10:51:08 | INFO |       84.075 ¦     3409           2              0.010 
2025-05-23 10:51:08 | INFO |       84.085 ¦     3410           2              0.010 
2025-05-23 10:51:08 | INFO |       84.095 ¦     3411           2              0.010 
2025-05-23 10:51:08 | INFO |       84.105 ¦     3412           2              0.010 
2025-05-23 10:51:08 | INFO |       84.115 ¦     3413           2              0.010 
2025-05-23 10:51:08 | INFO |       84.125 ¦     3414           2              0.010 
2025-05-23 10:51:08 | INFO |       84.135 ¦     3415           2              0.010 
2025-05-23 10:51:08 | INFO |       84.145 ¦     3416           2              0.010 
2025-05-23 10:51:08 | INFO |       84.155 ¦     3417           2              0.010 
2025-05-23 10:51:08 | INFO |       84.165 ¦     3418           2              0.010 
2025-05-23 10:51:08 | INFO |       84.175 ¦     3419           2              0.010 
2025-05-23 10:51:08 | INFO |       84.185 ¦     3420           2              0.010 
2025-05-23 10:51:08 | INFO |       84.195 ¦     3421           2              0.010 
2025-05-23 10:51:08 | INFO |       84.205 ¦     3422           2              0.010 
2025-05-23 10:51:08 | INFO |       84.215 ¦     3423           2              0.010 
2025-05-23 10:51:08 | INFO |       84.225 ¦     3424           2              0.010 
2025-05-23 10:51:08 | INFO |       84.235 ¦     3425           2              0.010 
2025-05-23 10:51:08 | INFO |       84.245 ¦     3426           2              0.010 
2025-05-23 10:51:08 | INFO |       84.255 ¦     3427           2              0.010 
2025-05-23 10:51:08 | INFO |       84.265 ¦     3428           2              0.010 
2025-05-23 10:51:08 | INFO |       84.275 ¦     3429           2              0.010 
2025-05-23 10:51:08 | INFO |       84.285 ¦     3430           2              0.010 
2025-05-23 10:51:08 | INFO |       84.295 ¦     3431           2              0.010 
2025-05-23 10:51:08 | INFO |       84.305 ¦     3432           2              0.010 
2025-05-23 10:51:08 | INFO |       84.315 ¦     3433           2              0.010 
2025-05-23 10:51:08 | INFO |       84.325 ¦     3434           2              0.010 
2025-05-23 10:51:08 | INFO |       84.335 ¦     3435           2              0.010 
2025-05-23 10:51:08 | INFO |       84.345 ¦     3436           2              0.010 
2025-05-23 10:51:08 | INFO |       84.355 ¦     3437           2              0.010 
2025-05-23 10:51:08 | INFO |       84.365 ¦     3438           2              0.010 
2025-05-23 10:51:08 | INFO |       84.375 ¦     3439           2              0.010 
2025-05-23 10:51:08 | INFO |       84.385 ¦     3440           2              0.010 
2025-05-23 10:51:08 | INFO |       84.395 ¦     3441           2              0.010 
2025-05-23 10:51:08 | INFO |       84.405 ¦     3442           2              0.010 
2025-05-23 10:51:08 | INFO |       84.415 ¦     3443           2              0.010 
2025-05-23 10:51:08 | INFO |       84.425 ¦     3444           2              0.010 
2025-05-23 10:51:08 | INFO |       84.435 ¦     3445           2              0.010 
2025-05-23 10:51:08 | INFO |       84.445 ¦     3446           2              0.010 
2025-05-23 10:51:08 | INFO |       84.455 ¦     3447           2              0.010 
2025-05-23 10:51:08 | INFO |       84.465 ¦     3448           2              0.010 
2025-05-23 10:51:08 | INFO |       84.475 ¦     3449           2              0.010 
2025-05-23 10:51:08 | INFO |       84.485 ¦     3450           2              0.010 
2025-05-23 10:51:08 | INFO |       84.495 ¦     3451           2              0.010 
2025-05-23 10:51:08 | INFO |       84.505 ¦     3452           2              0.010 
2025-05-23 10:51:08 | INFO |       84.515 ¦     3453           2              0.010 
2025-05-23 10:51:08 | INFO |       84.525 ¦     3454           2              0.010 
2025-05-23 10:51:08 | INFO |       84.535 ¦     3455           2              0.010 
2025-05-23 10:51:08 | INFO |       84.545 ¦     3456           2              0.010 
2025-05-23 10:51:08 | INFO |       84.555 ¦     3457           2              0.010 
2025-05-23 10:51:08 | INFO |       84.565 ¦     3458           2              0.010 
2025-05-23 10:51:08 | INFO |       84.575 ¦     3459           2              0.010 
2025-05-23 10:51:08 | INFO |       84.585 ¦     3460           2              0.010 
2025-05-23 10:51:08 | INFO |       84.595 ¦     3461           2              0.010 
2025-05-23 10:51:08 | INFO |       84.605 ¦     3462           2              0.010 
2025-05-23 10:51:08 | INFO |       84.615 ¦     3463           2              0.010 
2025-05-23 10:51:08 | INFO |       84.625 ¦     3464           2              0.010 
2025-05-23 10:51:08 | INFO |       84.635 ¦     3465           2              0.010 
2025-05-23 10:51:08 | INFO |       84.645 ¦     3466           2              0.010 
2025-05-23 10:51:08 | INFO |       84.655 ¦     3467           2              0.010 
2025-05-23 10:51:08 | INFO |       84.665 ¦     3468           2              0.010 
2025-05-23 10:51:08 | INFO |       84.675 ¦     3469           2              0.010 
2025-05-23 10:51:08 | INFO |       84.685 ¦     3470           2              0.010 
2025-05-23 10:51:08 | INFO |       84.695 ¦     3471           2              0.010 
2025-05-23 10:51:08 | INFO |       84.705 ¦     3472           2              0.010 
2025-05-23 10:51:08 | INFO |       84.715 ¦     3473           2              0.010 
2025-05-23 10:51:08 | INFO |       84.725 ¦     3474           2              0.010 
2025-05-23 10:51:08 | INFO |       84.735 ¦     3475           2              0.010 
2025-05-23 10:51:08 | INFO |       84.745 ¦     3476           2              0.010 
2025-05-23 10:51:08 | INFO |       84.755 ¦     3477           2              0.010 
2025-05-23 10:51:08 | INFO |       84.765 ¦     3478           2              0.010 
2025-05-23 10:51:08 | INFO |       84.775 ¦     3479           2              0.010 
2025-05-23 10:51:08 | INFO |       84.785 ¦     3480           2              0.010 
2025-05-23 10:51:08 | INFO |       84.795 ¦     3481           2              0.010 
2025-05-23 10:51:08 | INFO |       84.805 ¦     3482           2              0.010 
2025-05-23 10:51:08 | INFO |       84.815 ¦     3483           2              0.010 
2025-05-23 10:51:08 | INFO |       84.825 ¦     3484           2              0.010 
2025-05-23 10:51:08 | INFO |       84.835 ¦     3485           2              0.010 
2025-05-23 10:51:08 | INFO |       84.845 ¦     3486           2              0.010 
2025-05-23 10:51:08 | INFO |       84.855 ¦     3487           2              0.010 
2025-05-23 10:51:08 | INFO |       84.865 ¦     3488           2              0.010 
2025-05-23 10:51:08 | INFO |       84.875 ¦     3489           2              0.010 
2025-05-23 10:51:08 | INFO |       84.885 ¦     3490           2              0.010 
2025-05-23 10:51:08 | INFO |       84.895 ¦     3491           2              0.010 
2025-05-23 10:51:08 | INFO |       84.905 ¦     3492           2              0.010 
2025-05-23 10:51:08 | INFO |       84.915 ¦     3493           2              0.010 
2025-05-23 10:51:08 | INFO |       84.925 ¦     3494           2              0.010 
2025-05-23 10:51:08 | INFO |       84.935 ¦     3495           2              0.010 
2025-05-23 10:51:08 | INFO |       84.945 ¦     3496           2              0.010 
2025-05-23 10:51:08 | INFO |       84.955 ¦     3497           2              0.010 
2025-05-23 10:51:08 | INFO |       84.965 ¦     3498           2              0.010 
2025-05-23 10:51:08 | INFO |       84.975 ¦     3499           2              0.010 
2025-05-23 10:51:08 | INFO |       84.985 ¦     3500           2              0.010 
2025-05-23 10:51:08 | INFO |       84.995 ¦     3501           2              0.010 
2025-05-23 10:51:08 | INFO |       85.005 ¦     3502           2              0.010 
2025-05-23 10:51:08 | INFO |       85.015 ¦     3503           2              0.010 
2025-05-23 10:51:08 | INFO |       85.025 ¦     3504           2              0.010 
2025-05-23 10:51:08 | INFO |       85.035 ¦     3505           2              0.010 
2025-05-23 10:51:08 | INFO |       85.045 ¦     3506           2              0.010 
2025-05-23 10:51:08 | INFO |       85.055 ¦     3507           2              0.010 
2025-05-23 10:51:08 | INFO |       85.065 ¦     3508           2              0.010 
2025-05-23 10:51:08 | INFO |       85.075 ¦     3509           2              0.010 
2025-05-23 10:51:08 | INFO |       85.085 ¦     3510           2              0.010 
2025-05-23 10:51:08 | INFO |       85.095 ¦     3511           2              0.010 
2025-05-23 10:51:08 | INFO |       85.105 ¦     3512           2              0.010 
2025-05-23 10:51:08 | INFO |       85.115 ¦     3513           2              0.010 
2025-05-23 10:51:08 | INFO |       85.125 ¦     3514           2              0.010 
2025-05-23 10:51:08 | INFO |       85.135 ¦     3515           2              0.010 
2025-05-23 10:51:08 | INFO |       85.145 ¦     3516           2              0.010 
2025-05-23 10:51:08 | INFO |       85.155 ¦     3517           2              0.010 
2025-05-23 10:51:08 | INFO |       85.165 ¦     3518           2              0.010 
2025-05-23 10:51:08 | INFO |       85.175 ¦     3519           2              0.010 
2025-05-23 10:51:08 | INFO |       85.185 ¦     3520           2              0.010 
2025-05-23 10:51:08 | INFO |       85.195 ¦     3521           2              0.010 
2025-05-23 10:51:08 | INFO |       85.205 ¦     3522           2              0.010 
2025-05-23 10:51:08 | INFO |       85.215 ¦     3523           2              0.010 
2025-05-23 10:51:08 | INFO |       85.225 ¦     3524           2              0.010 
2025-05-23 10:51:08 | INFO |       85.235 ¦     3525           2              0.010 
2025-05-23 10:51:08 | INFO |       85.245 ¦     3526           2              0.010 
2025-05-23 10:51:08 | INFO |       85.255 ¦     3527           2              0.010 
2025-05-23 10:51:08 | INFO |       85.265 ¦     3528           2              0.010 
2025-05-23 10:51:08 | INFO |       85.275 ¦     3529           2              0.010 
2025-05-23 10:51:08 | INFO |       85.285 ¦     3530           2              0.010 
2025-05-23 10:51:08 | INFO |       85.295 ¦     3531           2              0.010 
2025-05-23 10:51:08 | INFO |       85.305 ¦     3532           2              0.010 
2025-05-23 10:51:08 | INFO |       85.315 ¦     3533           2              0.010 
2025-05-23 10:51:08 | INFO |       85.325 ¦     3534           2              0.010 
2025-05-23 10:51:08 | INFO |       85.335 ¦     3535           2              0.010 
2025-05-23 10:51:08 | INFO |       85.345 ¦     3536           2              0.010 
2025-05-23 10:51:08 | INFO |       85.355 ¦     3537           2              0.010 
2025-05-23 10:51:08 | INFO |       85.365 ¦     3538           2              0.010 
2025-05-23 10:51:08 | INFO |       85.375 ¦     3539           2              0.010 
2025-05-23 10:51:08 | INFO |       85.385 ¦     3540           2              0.010 
2025-05-23 10:51:08 | INFO |       85.395 ¦     3541           2              0.010 
2025-05-23 10:51:08 | INFO |       85.405 ¦     3542           2              0.010 
2025-05-23 10:51:08 | INFO |       85.415 ¦     3543           2              0.010 
2025-05-23 10:51:08 | INFO |       85.425 ¦     3544           2              0.010 
2025-05-23 10:51:08 | INFO |       85.435 ¦     3545           2              0.010 
2025-05-23 10:51:08 | INFO |       85.445 ¦     3546           2              0.010 
2025-05-23 10:51:08 | INFO |       85.455 ¦     3547           2              0.010 
2025-05-23 10:51:08 | INFO |       85.465 ¦     3548           2              0.010 
2025-05-23 10:51:08 | INFO |       85.475 ¦     3549           2              0.010 
2025-05-23 10:51:08 | INFO |       85.485 ¦     3550           2              0.010 
2025-05-23 10:51:08 | INFO |       85.495 ¦     3551           2              0.010 
2025-05-23 10:51:08 | INFO |       85.505 ¦     3552           2              0.010 
2025-05-23 10:51:08 | INFO |       85.515 ¦     3553           2              0.010 
2025-05-23 10:51:08 | INFO |       85.525 ¦     3554           2              0.010 
2025-05-23 10:51:08 | INFO |       85.535 ¦     3555           2              0.010 
2025-05-23 10:51:08 | INFO |       85.545 ¦     3556           2              0.010 
2025-05-23 10:51:08 | INFO |       85.555 ¦     3557           2              0.010 
2025-05-23 10:51:08 | INFO |       85.565 ¦     3558           2              0.010 
2025-05-23 10:51:08 | INFO |       85.575 ¦     3559           2              0.010 
2025-05-23 10:51:08 | INFO |       85.585 ¦     3560           2              0.010 
2025-05-23 10:51:08 | INFO |       85.595 ¦     3561           2              0.010 
2025-05-23 10:51:08 | INFO |       85.605 ¦     3562           2              0.010 
2025-05-23 10:51:08 | INFO |       85.615 ¦     3563           2              0.010 
2025-05-23 10:51:08 | INFO |       85.625 ¦     3564           2              0.010 
2025-05-23 10:51:08 | INFO |       85.635 ¦     3565           2              0.010 
2025-05-23 10:51:08 | INFO |       85.645 ¦     3566           2              0.010 
2025-05-23 10:51:08 | INFO |       85.655 ¦     3567           2              0.010 
2025-05-23 10:51:08 | INFO |       85.665 ¦     3568           2              0.010 
2025-05-23 10:51:08 | INFO |       85.675 ¦     3569           2              0.010 
2025-05-23 10:51:08 | INFO |       85.685 ¦     3570           2              0.010 
2025-05-23 10:51:08 | INFO |       85.695 ¦     3571           2              0.010 
2025-05-23 10:51:08 | INFO |       85.705 ¦     3572           2              0.010 
2025-05-23 10:51:08 | INFO |       85.715 ¦     3573           2              0.010 
2025-05-23 10:51:08 | INFO |       85.725 ¦     3574           2              0.010 
2025-05-23 10:51:08 | INFO |       85.735 ¦     3575           2              0.010 
2025-05-23 10:51:08 | INFO |       85.745 ¦     3576           2              0.010 
2025-05-23 10:51:08 | INFO |       85.755 ¦     3577           2              0.010 
2025-05-23 10:51:08 | INFO |       85.765 ¦     3578           2              0.010 
2025-05-23 10:51:08 | INFO |       85.775 ¦     3579           2              0.010 
2025-05-23 10:51:08 | INFO |       85.785 ¦     3580           2              0.010 
2025-05-23 10:51:08 | INFO |       85.795 ¦     3581           2              0.010 
2025-05-23 10:51:08 | INFO |       85.805 ¦     3582           2              0.010 
2025-05-23 10:51:08 | INFO |       85.815 ¦     3583           2              0.010 
2025-05-23 10:51:08 | INFO |       85.825 ¦     3584           2              0.010 
2025-05-23 10:51:08 | INFO |       85.835 ¦     3585           2              0.010 
2025-05-23 10:51:08 | INFO |       85.845 ¦     3586           2              0.010 
2025-05-23 10:51:08 | INFO |       85.855 ¦     3587           2              0.010 
2025-05-23 10:51:08 | INFO |       85.865 ¦     3588           2              0.010 
2025-05-23 10:51:08 | INFO |       85.875 ¦     3589           2              0.010 
2025-05-23 10:51:08 | INFO |       85.885 ¦     3590           2              0.010 
2025-05-23 10:51:08 | INFO |       85.895 ¦     3591           2              0.010 
2025-05-23 10:51:08 | INFO |       85.905 ¦     3592           2              0.010 
2025-05-23 10:51:08 | INFO |       85.915 ¦     3593           2              0.010 
2025-05-23 10:51:08 | INFO |       85.925 ¦     3594           2              0.010 
2025-05-23 10:51:08 | INFO |       85.935 ¦     3595           2              0.010 
2025-05-23 10:51:08 | INFO |       85.945 ¦     3596           2              0.010 
2025-05-23 10:51:08 | INFO |       85.955 ¦     3597           2              0.010 
2025-05-23 10:51:08 | INFO |       85.965 ¦     3598           2              0.010 
2025-05-23 10:51:08 | INFO |       85.975 ¦     3599           2              0.010 
2025-05-23 10:51:08 | INFO |       85.985 ¦     3600           2              0.010 
2025-05-23 10:51:08 | INFO |       85.995 ¦     3601           2              0.010 
2025-05-23 10:51:08 | INFO |       86.005 ¦     3602           2              0.010 
2025-05-23 10:51:08 | INFO |       86.015 ¦     3603           2              0.010 
2025-05-23 10:51:08 | INFO |       86.025 ¦     3604           2              0.010 
2025-05-23 10:51:08 | INFO |       86.035 ¦     3605           2              0.010 
2025-05-23 10:51:08 | INFO |       86.045 ¦     3606           2              0.010 
2025-05-23 10:51:08 | INFO |       86.055 ¦     3607           2              0.010 
2025-05-23 10:51:08 | INFO |       86.065 ¦     3608           2              0.010 
2025-05-23 10:51:08 | INFO |       86.075 ¦     3609           2              0.010 
2025-05-23 10:51:08 | INFO |       86.085 ¦     3610           2              0.010 
2025-05-23 10:51:08 | INFO |       86.095 ¦     3611           2              0.010 
2025-05-23 10:51:08 | INFO |       86.105 ¦     3612           2              0.010 
2025-05-23 10:51:08 | INFO |       86.115 ¦     3613           2              0.010 
2025-05-23 10:51:08 | INFO |       86.125 ¦     3614           2              0.010 
2025-05-23 10:51:08 | INFO |       86.135 ¦     3615           2              0.010 
2025-05-23 10:51:08 | INFO |       86.145 ¦     3616           2              0.010 
2025-05-23 10:51:08 | INFO |       86.155 ¦     3617           2              0.010 
2025-05-23 10:51:08 | INFO |       86.165 ¦     3618           2              0.010 
2025-05-23 10:51:08 | INFO |       86.175 ¦     3619           2              0.010 
2025-05-23 10:51:08 | INFO |       86.185 ¦     3620           2              0.010 
2025-05-23 10:51:08 | INFO |       86.195 ¦     3621           2              0.010 
2025-05-23 10:51:08 | INFO |       86.205 ¦     3622           2              0.010 
2025-05-23 10:51:08 | INFO |       86.215 ¦     3623           2              0.010 
2025-05-23 10:51:08 | INFO |       86.225 ¦     3624           2              0.010 
2025-05-23 10:51:08 | INFO |       86.235 ¦     3625           2              0.010 
2025-05-23 10:51:08 | INFO |       86.245 ¦     3626           2              0.010 
2025-05-23 10:51:08 | INFO |       86.255 ¦     3627           2              0.010 
2025-05-23 10:51:08 | INFO |       86.265 ¦     3628           2              0.010 
2025-05-23 10:51:08 | INFO |       86.275 ¦     3629           2              0.010 
2025-05-23 10:51:08 | INFO |       86.285 ¦     3630           2              0.010 
2025-05-23 10:51:08 | INFO |       86.295 ¦     3631           2              0.010 
2025-05-23 10:51:08 | INFO |       86.305 ¦     3632           2              0.010 
2025-05-23 10:51:08 | INFO |       86.315 ¦     3633           2              0.010 
2025-05-23 10:51:08 | INFO |       86.325 ¦     3634           2              0.010 
2025-05-23 10:51:08 | INFO |       86.335 ¦     3635           2              0.010 
2025-05-23 10:51:08 | INFO |       86.345 ¦     3636           2              0.010 
2025-05-23 10:51:08 | INFO |       86.355 ¦     3637           2              0.010 
2025-05-23 10:51:08 | INFO |       86.365 ¦     3638           2              0.010 
2025-05-23 10:51:08 | INFO |       86.375 ¦     3639           2              0.010 
2025-05-23 10:51:08 | INFO |       86.385 ¦     3640           2              0.010 
2025-05-23 10:51:08 | INFO |       86.395 ¦     3641           2              0.010 
2025-05-23 10:51:08 | INFO |       86.405 ¦     3642           2              0.010 
2025-05-23 10:51:08 | INFO |       86.415 ¦     3643           2              0.010 
2025-05-23 10:51:08 | INFO |       86.425 ¦     3644           2              0.010 
2025-05-23 10:51:08 | INFO |       86.435 ¦     3645           2              0.010 
2025-05-23 10:51:08 | INFO |       86.445 ¦     3646           2              0.010 
2025-05-23 10:51:08 | INFO |       86.455 ¦     3647           2              0.010 
2025-05-23 10:51:08 | INFO |       86.465 ¦     3648           2              0.010 
2025-05-23 10:51:08 | INFO |       86.475 ¦     3649           2              0.010 
2025-05-23 10:51:08 | INFO |       86.485 ¦     3650           2              0.010 
2025-05-23 10:51:08 | INFO |       86.495 ¦     3651           2              0.010 
2025-05-23 10:51:08 | INFO |       86.505 ¦     3652           2              0.010 
2025-05-23 10:51:08 | INFO |       86.515 ¦     3653           2              0.010 
2025-05-23 10:51:08 | INFO |       86.525 ¦     3654           2              0.010 
2025-05-23 10:51:08 | INFO |       86.535 ¦     3655           2              0.010 
2025-05-23 10:51:08 | INFO |       86.545 ¦     3656           2              0.010 
2025-05-23 10:51:08 | INFO |       86.555 ¦     3657           2              0.010 
2025-05-23 10:51:08 | INFO |       86.565 ¦     3658           2              0.010 
2025-05-23 10:51:08 | INFO |       86.575 ¦     3659           2              0.010 
2025-05-23 10:51:08 | INFO |       86.585 ¦     3660           2              0.010 
2025-05-23 10:51:08 | INFO |       86.595 ¦     3661           2              0.010 
2025-05-23 10:51:08 | INFO |       86.605 ¦     3662           2              0.010 
2025-05-23 10:51:08 | INFO |       86.615 ¦     3663           2              0.010 
2025-05-23 10:51:08 | INFO |       86.625 ¦     3664           2              0.010 
2025-05-23 10:51:08 | INFO |       86.635 ¦     3665           2              0.010 
2025-05-23 10:51:08 | INFO |       86.645 ¦     3666           2              0.010 
2025-05-23 10:51:08 | INFO |       86.655 ¦     3667           2              0.010 
2025-05-23 10:51:08 | INFO |       86.665 ¦     3668           2              0.010 
2025-05-23 10:51:08 | INFO |       86.675 ¦     3669           2              0.010 
2025-05-23 10:51:08 | INFO |       86.685 ¦     3670           2              0.010 
2025-05-23 10:51:08 | INFO |       86.695 ¦     3671           2              0.010 
2025-05-23 10:51:08 | INFO |       86.705 ¦     3672           2              0.010 
2025-05-23 10:51:08 | INFO |       86.715 ¦     3673           2              0.010 
2025-05-23 10:51:08 | INFO |       86.725 ¦     3674           2              0.010 
2025-05-23 10:51:08 | INFO |       86.735 ¦     3675           2              0.010 
2025-05-23 10:51:08 | INFO |       86.745 ¦     3676           2              0.010 
2025-05-23 10:51:08 | INFO |       86.755 ¦     3677           2              0.010 
2025-05-23 10:51:08 | INFO |       86.765 ¦     3678           2              0.010 
2025-05-23 10:51:08 | INFO |       86.775 ¦     3679           2              0.010 
2025-05-23 10:51:08 | INFO |       86.785 ¦     3680           2              0.010 
2025-05-23 10:51:08 | INFO |       86.795 ¦     3681           2              0.010 
2025-05-23 10:51:08 | INFO |       86.805 ¦     3682           2              0.010 
2025-05-23 10:51:08 | INFO |       86.815 ¦     3683           2              0.010 
2025-05-23 10:51:08 | INFO |       86.825 ¦     3684           2              0.010 
2025-05-23 10:51:08 | INFO |       86.835 ¦     3685           2              0.010 
2025-05-23 10:51:08 | INFO |       86.845 ¦     3686           2              0.010 
2025-05-23 10:51:08 | INFO |       86.855 ¦     3687           2              0.010 
2025-05-23 10:51:08 | INFO |       86.865 ¦     3688           2              0.010 
2025-05-23 10:51:08 | INFO |       86.875 ¦     3689           2              0.010 
2025-05-23 10:51:08 | INFO |       86.885 ¦     3690           2              0.010 
2025-05-23 10:51:08 | INFO |       86.895 ¦     3691           2              0.010 
2025-05-23 10:51:08 | INFO |       86.905 ¦     3692           2              0.010 
2025-05-23 10:51:08 | INFO |       86.915 ¦     3693           2              0.010 
2025-05-23 10:51:08 | INFO |       86.925 ¦     3694           2              0.010 
2025-05-23 10:51:08 | INFO |       86.935 ¦     3695           2              0.010 
2025-05-23 10:51:08 | INFO |       86.945 ¦     3696           2              0.010 
2025-05-23 10:51:08 | INFO |       86.955 ¦     3697           2              0.010 
2025-05-23 10:51:08 | INFO |       86.965 ¦     3698           2              0.010 
2025-05-23 10:51:08 | INFO |       86.975 ¦     3699           2              0.010 
2025-05-23 10:51:08 | INFO |       86.985 ¦     3700           2              0.010 
2025-05-23 10:51:08 | INFO |       86.995 ¦     3701           2              0.010 
2025-05-23 10:51:08 | INFO |       87.005 ¦     3702           2              0.010 
2025-05-23 10:51:08 | INFO |       87.015 ¦     3703           2              0.010 
2025-05-23 10:51:08 | INFO |       87.025 ¦     3704           2              0.010 
2025-05-23 10:51:08 | INFO |       87.035 ¦     3705           2              0.010 
2025-05-23 10:51:08 | INFO |       87.045 ¦     3706           2              0.010 
2025-05-23 10:51:08 | INFO |       87.055 ¦     3707           2              0.010 
2025-05-23 10:51:08 | INFO |       87.065 ¦     3708           2              0.010 
2025-05-23 10:51:08 | INFO |       87.075 ¦     3709           2              0.010 
2025-05-23 10:51:08 | INFO |       87.085 ¦     3710           2              0.010 
2025-05-23 10:51:08 | INFO |       87.095 ¦     3711           2              0.010 
2025-05-23 10:51:08 | INFO |       87.105 ¦     3712           2              0.010 
2025-05-23 10:51:08 | INFO |       87.115 ¦     3713           2              0.010 
2025-05-23 10:51:08 | INFO |       87.125 ¦     3714           2              0.010 
2025-05-23 10:51:08 | INFO |       87.135 ¦     3715           2              0.010 
2025-05-23 10:51:08 | INFO |       87.145 ¦     3716           2              0.010 
2025-05-23 10:51:08 | INFO |       87.155 ¦     3717           2              0.010 
2025-05-23 10:51:08 | INFO |       87.165 ¦     3718           2              0.010 
2025-05-23 10:51:08 | INFO |       87.175 ¦     3719           2              0.010 
2025-05-23 10:51:08 | INFO |       87.185 ¦     3720           2              0.010 
2025-05-23 10:51:08 | INFO |       87.195 ¦     3721           2              0.010 
2025-05-23 10:51:08 | INFO |       87.205 ¦     3722           2              0.010 
2025-05-23 10:51:08 | INFO |       87.215 ¦     3723           2              0.010 
2025-05-23 10:51:08 | INFO |       87.225 ¦     3724           2              0.010 
2025-05-23 10:51:08 | INFO |       87.235 ¦     3725           2              0.010 
2025-05-23 10:51:08 | INFO |       87.245 ¦     3726           2              0.010 
2025-05-23 10:51:08 | INFO |       87.255 ¦     3727           2              0.010 
2025-05-23 10:51:08 | INFO |       87.265 ¦     3728           2              0.010 
2025-05-23 10:51:08 | INFO |       87.275 ¦     3729           2              0.010 
2025-05-23 10:51:08 | INFO |       87.285 ¦     3730           2              0.010 
2025-05-23 10:51:08 | INFO |       87.295 ¦     3731           2              0.010 
2025-05-23 10:51:08 | INFO |       87.305 ¦     3732           2              0.010 
2025-05-23 10:51:08 | INFO |       87.315 ¦     3733           2              0.010 
2025-05-23 10:51:08 | INFO |       87.325 ¦     3734           2              0.010 
2025-05-23 10:51:08 | INFO |       87.335 ¦     3735           2              0.010 
2025-05-23 10:51:08 | INFO |       87.345 ¦     3736           2              0.010 
2025-05-23 10:51:08 | INFO |       87.355 ¦     3737           2              0.010 
2025-05-23 10:51:08 | INFO |       87.365 ¦     3738           2              0.010 
2025-05-23 10:51:08 | INFO |       87.375 ¦     3739           2              0.010 
2025-05-23 10:51:08 | INFO |       87.385 ¦     3740           2              0.010 
2025-05-23 10:51:08 | INFO |       87.395 ¦     3741           2              0.010 
2025-05-23 10:51:08 | INFO |       87.405 ¦     3742           2              0.010 
2025-05-23 10:51:08 | INFO |       87.415 ¦     3743           2              0.010 
2025-05-23 10:51:08 | INFO |       87.425 ¦     3744           2              0.010 
2025-05-23 10:51:08 | INFO |       87.435 ¦     3745           2              0.010 
2025-05-23 10:51:08 | INFO |       87.445 ¦     3746           2              0.010 
2025-05-23 10:51:08 | INFO |       87.455 ¦     3747           2              0.010 
2025-05-23 10:51:08 | INFO |       87.465 ¦     3748           2              0.010 
2025-05-23 10:51:08 | INFO |       87.475 ¦     3749           2              0.010 
2025-05-23 10:51:08 | INFO |       87.485 ¦     3750           2              0.010 
2025-05-23 10:51:08 | INFO |       87.495 ¦     3751           2              0.010 
2025-05-23 10:51:08 | INFO |       87.505 ¦     3752           2              0.010 
2025-05-23 10:51:08 | INFO |       87.515 ¦     3753           2              0.010 
2025-05-23 10:51:08 | INFO |       87.525 ¦     3754           2              0.010 
2025-05-23 10:51:08 | INFO |       87.535 ¦     3755           2              0.010 
2025-05-23 10:51:08 | INFO |       87.545 ¦     3756           2              0.010 
2025-05-23 10:51:08 | INFO |       87.555 ¦     3757           2              0.010 
2025-05-23 10:51:08 | INFO |       87.565 ¦     3758           2              0.010 
2025-05-23 10:51:08 | INFO |       87.575 ¦     3759           2              0.010 
2025-05-23 10:51:08 | INFO |       87.585 ¦     3760           2              0.010 
2025-05-23 10:51:08 | INFO |       87.595 ¦     3761           2              0.010 
2025-05-23 10:51:08 | INFO |       87.605 ¦     3762           2              0.010 
2025-05-23 10:51:08 | INFO |       87.615 ¦     3763           2              0.010 
2025-05-23 10:51:08 | INFO |       87.625 ¦     3764           2              0.010 
2025-05-23 10:51:08 | INFO |       87.635 ¦     3765           2              0.010 
2025-05-23 10:51:08 | INFO |       87.645 ¦     3766           2              0.010 
2025-05-23 10:51:08 | INFO |       87.655 ¦     3767           2              0.010 
2025-05-23 10:51:08 | INFO |       87.665 ¦     3768           2              0.010 
2025-05-23 10:51:08 | INFO |       87.675 ¦     3769           2              0.010 
2025-05-23 10:51:08 | INFO |       87.685 ¦     3770           2              0.010 
2025-05-23 10:51:08 | INFO |       87.695 ¦     3771           2              0.010 
2025-05-23 10:51:08 | INFO |       87.705 ¦     3772           2              0.010 
2025-05-23 10:51:08 | INFO |       87.715 ¦     3773           2              0.010 
2025-05-23 10:51:08 | INFO |       87.725 ¦     3774           2              0.010 
2025-05-23 10:51:08 | INFO |       87.735 ¦     3775           2              0.010 
2025-05-23 10:51:08 | INFO |       87.745 ¦     3776           2              0.010 
2025-05-23 10:51:08 | INFO |       87.755 ¦     3777           2              0.010 
2025-05-23 10:51:08 | INFO |       87.765 ¦     3778           2              0.010 
2025-05-23 10:51:08 | INFO |       87.775 ¦     3779           2              0.010 
2025-05-23 10:51:08 | INFO |       87.785 ¦     3780           2              0.010 
2025-05-23 10:51:08 | INFO |       87.795 ¦     3781           2              0.010 
2025-05-23 10:51:08 | INFO |       87.805 ¦     3782           2              0.010 
2025-05-23 10:51:08 | INFO |       87.815 ¦     3783           2              0.010 
2025-05-23 10:51:08 | INFO |       87.825 ¦     3784           2              0.010 
2025-05-23 10:51:08 | INFO |       87.835 ¦     3785           2              0.010 
2025-05-23 10:51:08 | INFO |       87.845 ¦     3786           2              0.010 
2025-05-23 10:51:08 | INFO |       87.855 ¦     3787           2              0.010 
2025-05-23 10:51:08 | INFO |       87.865 ¦     3788           2              0.010 
2025-05-23 10:51:08 | INFO |       87.875 ¦     3789           2              0.010 
2025-05-23 10:51:08 | INFO |       87.885 ¦     3790           2              0.010 
2025-05-23 10:51:08 | INFO |       87.895 ¦     3791           2              0.010 
2025-05-23 10:51:08 | INFO |       87.905 ¦     3792           2              0.010 
2025-05-23 10:51:08 | INFO |       87.915 ¦     3793           2              0.010 
2025-05-23 10:51:08 | INFO |       87.925 ¦     3794           2              0.010 
2025-05-23 10:51:08 | INFO |       87.935 ¦     3795           2              0.010 
2025-05-23 10:51:08 | INFO |       87.945 ¦     3796           2              0.010 
2025-05-23 10:51:08 | INFO |       87.955 ¦     3797           2              0.010 
2025-05-23 10:51:08 | INFO |       87.965 ¦     3798           2              0.010 
2025-05-23 10:51:08 | INFO |       87.975 ¦     3799           2              0.010 
2025-05-23 10:51:08 | INFO |       87.985 ¦     3800           2              0.010 
2025-05-23 10:51:08 | INFO |       87.995 ¦     3801           2              0.010 
2025-05-23 10:51:08 | INFO |       88.005 ¦     3802           2              0.010 
2025-05-23 10:51:08 | INFO |       88.015 ¦     3803           2              0.010 
2025-05-23 10:51:08 | INFO |       88.025 ¦     3804           2              0.010 
2025-05-23 10:51:08 | INFO |       88.035 ¦     3805           2              0.010 
2025-05-23 10:51:08 | INFO |       88.045 ¦     3806           2              0.010 
2025-05-23 10:51:08 | INFO |       88.055 ¦     3807           2              0.010 
2025-05-23 10:51:08 | INFO |       88.065 ¦     3808           2              0.010 
2025-05-23 10:51:08 | INFO |       88.075 ¦     3809           2              0.010 
2025-05-23 10:51:08 | INFO |       88.085 ¦     3810           2              0.010 
2025-05-23 10:51:08 | INFO |       88.095 ¦     3811           2              0.010 
2025-05-23 10:51:08 | INFO |       88.105 ¦     3812           2              0.010 
2025-05-23 10:51:08 | INFO |       88.115 ¦     3813           2              0.010 
2025-05-23 10:51:08 | INFO |       88.125 ¦     3814           2              0.010 
2025-05-23 10:51:08 | INFO |       88.135 ¦     3815           2              0.010 
2025-05-23 10:51:08 | INFO |       88.145 ¦     3816           2              0.010 
2025-05-23 10:51:08 | INFO |       88.155 ¦     3817           2              0.010 
2025-05-23 10:51:08 | INFO |       88.165 ¦     3818           2              0.010 
2025-05-23 10:51:08 | INFO |       88.175 ¦     3819           2              0.010 
2025-05-23 10:51:08 | INFO |       88.185 ¦     3820           2              0.010 
2025-05-23 10:51:08 | INFO |       88.195 ¦     3821           2              0.010 
2025-05-23 10:51:08 | INFO |       88.205 ¦     3822           2              0.010 
2025-05-23 10:51:08 | INFO |       88.215 ¦     3823           2              0.010 
2025-05-23 10:51:08 | INFO |       88.225 ¦     3824           2              0.010 
2025-05-23 10:51:08 | INFO |       88.235 ¦     3825           2              0.010 
2025-05-23 10:51:08 | INFO |       88.245 ¦     3826           2              0.010 
2025-05-23 10:51:08 | INFO |       88.255 ¦     3827           2              0.010 
2025-05-23 10:51:08 | INFO |       88.265 ¦     3828           2              0.010 
2025-05-23 10:51:08 | INFO |       88.275 ¦     3829           2              0.010 
2025-05-23 10:51:08 | INFO |       88.285 ¦     3830           2              0.010 
2025-05-23 10:51:08 | INFO |       88.295 ¦     3831           2              0.010 
2025-05-23 10:51:08 | INFO |       88.305 ¦     3832           2              0.010 
2025-05-23 10:51:08 | INFO |       88.315 ¦     3833           2              0.010 
2025-05-23 10:51:08 | INFO |       88.325 ¦     3834           2              0.010 
2025-05-23 10:51:08 | INFO |       88.335 ¦     3835           2              0.010 
2025-05-23 10:51:08 | INFO |       88.345 ¦     3836           2              0.010 
2025-05-23 10:51:08 | INFO |       88.355 ¦     3837           2              0.010 
2025-05-23 10:51:08 | INFO |       88.365 ¦     3838           2              0.010 
2025-05-23 10:51:08 | INFO |       88.375 ¦     3839           2              0.010 
2025-05-23 10:51:08 | INFO |       88.385 ¦     3840           2              0.010 
2025-05-23 10:51:08 | INFO |       88.395 ¦     3841           2              0.010 
2025-05-23 10:51:08 | INFO |       88.405 ¦     3842           2              0.010 
2025-05-23 10:51:08 | INFO |       88.415 ¦     3843           2              0.010 
2025-05-23 10:51:08 | INFO |       88.425 ¦     3844           2              0.010 
2025-05-23 10:51:08 | INFO |       88.435 ¦     3845           2              0.010 
2025-05-23 10:51:08 | INFO |       88.445 ¦     3846           2              0.010 
2025-05-23 10:51:08 | INFO |       88.455 ¦     3847           2              0.010 
2025-05-23 10:51:08 | INFO |       88.465 ¦     3848           2              0.010 
2025-05-23 10:51:08 | INFO |       88.475 ¦     3849           2              0.010 
2025-05-23 10:51:08 | INFO |       88.485 ¦     3850           2              0.010 
2025-05-23 10:51:08 | INFO |       88.495 ¦     3851           2              0.010 
2025-05-23 10:51:08 | INFO |       88.505 ¦     3852           2              0.010 
2025-05-23 10:51:08 | INFO |       88.515 ¦     3853           2              0.010 
2025-05-23 10:51:08 | INFO |       88.525 ¦     3854           2              0.010 
2025-05-23 10:51:08 | INFO |       88.535 ¦     3855           2              0.010 
2025-05-23 10:51:08 | INFO |       88.545 ¦     3856           2              0.010 
2025-05-23 10:51:08 | INFO |       88.555 ¦     3857           2              0.010 
2025-05-23 10:51:08 | INFO |       88.565 ¦     3858           2              0.010 
2025-05-23 10:51:08 | INFO |       88.575 ¦     3859           2              0.010 
2025-05-23 10:51:08 | INFO |       88.585 ¦     3860           2              0.010 
2025-05-23 10:51:08 | INFO |       88.595 ¦     3861           2              0.010 
2025-05-23 10:51:08 | INFO |       88.605 ¦     3862           2              0.010 
2025-05-23 10:51:08 | INFO |       88.615 ¦     3863           2              0.010 
2025-05-23 10:51:08 | INFO |       88.625 ¦     3864           2              0.010 
2025-05-23 10:51:08 | INFO |       88.635 ¦     3865           2              0.010 
2025-05-23 10:51:08 | INFO |       88.645 ¦     3866           2              0.010 
2025-05-23 10:51:08 | INFO |       88.655 ¦     3867           2              0.010 
2025-05-23 10:51:08 | INFO |       88.665 ¦     3868           2              0.010 
2025-05-23 10:51:08 | INFO |       88.675 ¦     3869           2              0.010 
2025-05-23 10:51:08 | INFO |       88.685 ¦     3870           2              0.010 
2025-05-23 10:51:08 | INFO |       88.695 ¦     3871           2              0.010 
2025-05-23 10:51:08 | INFO |       88.705 ¦     3872           2              0.010 
2025-05-23 10:51:08 | INFO |       88.715 ¦     3873           2              0.010 
2025-05-23 10:51:08 | INFO |       88.725 ¦     3874           2              0.010 
2025-05-23 10:51:08 | INFO |       88.735 ¦     3875           2              0.010 
2025-05-23 10:51:08 | INFO |       88.745 ¦     3876           2              0.010 
2025-05-23 10:51:08 | INFO |       88.755 ¦     3877           2              0.010 
2025-05-23 10:51:08 | INFO |       88.765 ¦     3878           2              0.010 
2025-05-23 10:51:08 | INFO |       88.775 ¦     3879           2              0.010 
2025-05-23 10:51:08 | INFO |       88.785 ¦     3880           2              0.010 
2025-05-23 10:51:08 | INFO |       88.795 ¦     3881           2              0.010 
2025-05-23 10:51:08 | INFO |       88.805 ¦     3882           2              0.010 
2025-05-23 10:51:08 | INFO |       88.815 ¦     3883           2              0.010 
2025-05-23 10:51:08 | INFO |       88.825 ¦     3884           2              0.010 
2025-05-23 10:51:08 | INFO |       88.835 ¦     3885           2              0.010 
2025-05-23 10:51:08 | INFO |       88.845 ¦     3886           2              0.010 
2025-05-23 10:51:08 | INFO |       88.855 ¦     3887           2              0.010 
2025-05-23 10:51:08 | INFO |       88.865 ¦     3888           2              0.010 
2025-05-23 10:51:08 | INFO |       88.875 ¦     3889           2              0.010 
2025-05-23 10:51:08 | INFO |       88.885 ¦     3890           2              0.010 
2025-05-23 10:51:08 | INFO |       88.895 ¦     3891           2              0.010 
2025-05-23 10:51:08 | INFO |       88.905 ¦     3892           2              0.010 
2025-05-23 10:51:08 | INFO |       88.915 ¦     3893           2              0.010 
2025-05-23 10:51:08 | INFO |       88.925 ¦     3894           2              0.010 
2025-05-23 10:51:08 | INFO |       88.935 ¦     3895           2              0.010 
2025-05-23 10:51:08 | INFO |       88.945 ¦     3896           2              0.010 
2025-05-23 10:51:08 | INFO |       88.955 ¦     3897           2              0.010 
2025-05-23 10:51:08 | INFO |       88.965 ¦     3898           2              0.010 
2025-05-23 10:51:08 | INFO |       88.975 ¦     3899           2              0.010 
2025-05-23 10:51:08 | INFO |       88.985 ¦     3900           2              0.010 
2025-05-23 10:51:08 | INFO |       88.995 ¦     3901           2              0.010 
2025-05-23 10:51:08 | INFO |       89.005 ¦     3902           2              0.010 
2025-05-23 10:51:08 | INFO |       89.015 ¦     3903           2              0.010 
2025-05-23 10:51:08 | INFO |       89.025 ¦     3904           2              0.010 
2025-05-23 10:51:08 | INFO |       89.035 ¦     3905           2              0.010 
2025-05-23 10:51:08 | INFO |       89.045 ¦     3906           2              0.010 
2025-05-23 10:51:08 | INFO |       89.055 ¦     3907           2              0.010 
2025-05-23 10:51:08 | INFO |       89.065 ¦     3908           2              0.010 
2025-05-23 10:51:08 | INFO |       89.075 ¦     3909           2              0.010 
2025-05-23 10:51:08 | INFO |       89.085 ¦     3910           2              0.010 
2025-05-23 10:51:08 | INFO |       89.095 ¦     3911           2              0.010 
2025-05-23 10:51:08 | INFO |       89.105 ¦     3912           2              0.010 
2025-05-23 10:51:08 | INFO |       89.115 ¦     3913           2              0.010 
2025-05-23 10:51:08 | INFO |       89.125 ¦     3914           2              0.010 
2025-05-23 10:51:08 | INFO |       89.135 ¦     3915           2              0.010 
2025-05-23 10:51:08 | INFO |       89.145 ¦     3916           2              0.010 
2025-05-23 10:51:08 | INFO |       89.155 ¦     3917           2              0.010 
2025-05-23 10:51:08 | INFO |       89.165 ¦     3918           2              0.010 
2025-05-23 10:51:08 | INFO |       89.175 ¦     3919           2              0.010 
2025-05-23 10:51:08 | INFO |       89.185 ¦     3920           2              0.010 
2025-05-23 10:51:08 | INFO |       89.195 ¦     3921           2              0.010 
2025-05-23 10:51:08 | INFO |       89.205 ¦     3922           2              0.010 
2025-05-23 10:51:08 | INFO |       89.215 ¦     3923           2              0.010 
2025-05-23 10:51:08 | INFO |       89.225 ¦     3924           2              0.010 
2025-05-23 10:51:08 | INFO |       89.235 ¦     3925           2              0.010 
2025-05-23 10:51:08 | INFO |       89.245 ¦     3926           2              0.010 
2025-05-23 10:51:08 | INFO |       89.255 ¦     3927           2              0.010 
2025-05-23 10:51:08 | INFO |       89.265 ¦     3928           2              0.010 
2025-05-23 10:51:08 | INFO |       89.275 ¦     3929           2              0.010 
2025-05-23 10:51:08 | INFO |       89.285 ¦     3930           2              0.010 
2025-05-23 10:51:08 | INFO |       89.295 ¦     3931           2              0.010 
2025-05-23 10:51:08 | INFO |       89.305 ¦     3932           2              0.010 
2025-05-23 10:51:08 | INFO |       89.315 ¦     3933           2              0.010 
2025-05-23 10:51:08 | INFO |       89.325 ¦     3934           2              0.010 
2025-05-23 10:51:08 | INFO |       89.335 ¦     3935           2              0.010 
2025-05-23 10:51:08 | INFO |       89.345 ¦     3936           2              0.010 
2025-05-23 10:51:08 | INFO |       89.355 ¦     3937           2              0.010 
2025-05-23 10:51:08 | INFO |       89.365 ¦     3938           2              0.010 
2025-05-23 10:51:08 | INFO |       89.375 ¦     3939           2              0.010 
2025-05-23 10:51:08 | INFO |       89.385 ¦     3940           2              0.010 
2025-05-23 10:51:08 | INFO |       89.395 ¦     3941           2              0.010 
2025-05-23 10:51:08 | INFO |       89.405 ¦     3942           2              0.010 
2025-05-23 10:51:08 | INFO |       89.415 ¦     3943           2              0.010 
2025-05-23 10:51:08 | INFO |       89.425 ¦     3944           2              0.010 
2025-05-23 10:51:08 | INFO |       89.435 ¦     3945           2              0.010 
2025-05-23 10:51:08 | INFO |       89.445 ¦     3946           2              0.010 
2025-05-23 10:51:08 | INFO |       89.455 ¦     3947           2              0.010 
2025-05-23 10:51:08 | INFO |       89.465 ¦     3948           2              0.010 
2025-05-23 10:51:08 | INFO |       89.475 ¦     3949           2              0.010 
2025-05-23 10:51:08 | INFO |       89.485 ¦     3950           2              0.010 
2025-05-23 10:51:08 | INFO |       89.495 ¦     3951           2              0.010 
2025-05-23 10:51:08 | INFO |       89.505 ¦     3952           2              0.010 
2025-05-23 10:51:08 | INFO |       89.515 ¦     3953           2              0.010 
2025-05-23 10:51:08 | INFO |       89.525 ¦     3954           2              0.010 
2025-05-23 10:51:08 | INFO |       89.535 ¦     3955           2              0.010 
2025-05-23 10:51:08 | INFO |       89.545 ¦     3956           2              0.010 
2025-05-23 10:51:08 | INFO |       89.555 ¦     3957           2              0.010 
2025-05-23 10:51:08 | INFO |       89.565 ¦     3958           2              0.010 
2025-05-23 10:51:08 | INFO |       89.575 ¦     3959           2              0.010 
2025-05-23 10:51:08 | INFO |       89.585 ¦     3960           2              0.010 
2025-05-23 10:51:08 | INFO |       89.595 ¦     3961           2              0.010 
2025-05-23 10:51:08 | INFO |       89.605 ¦     3962           2              0.010 
2025-05-23 10:51:08 | INFO |       89.615 ¦     3963           2              0.010 
2025-05-23 10:51:08 | INFO |       89.625 ¦     3964           2              0.010 
2025-05-23 10:51:08 | INFO |       89.635 ¦     3965           2              0.010 
2025-05-23 10:51:08 | INFO |       89.645 ¦     3966           2              0.010 
2025-05-23 10:51:08 | INFO |       89.655 ¦     3967           2              0.010 
2025-05-23 10:51:08 | INFO |       89.665 ¦     3968           2              0.010 
2025-05-23 10:51:08 | INFO |       89.675 ¦     3969           2              0.010 
2025-05-23 10:51:08 | INFO |       89.685 ¦     3970           2              0.010 
2025-05-23 10:51:08 | INFO |       89.695 ¦     3971           2              0.010 
2025-05-23 10:51:08 | INFO |       89.705 ¦     3972           2              0.010 
2025-05-23 10:51:08 | INFO |       89.715 ¦     3973           2              0.010 
2025-05-23 10:51:08 | INFO |       89.725 ¦     3974           2              0.010 
2025-05-23 10:51:08 | INFO |       89.735 ¦     3975           2              0.010 
2025-05-23 10:51:08 | INFO |       89.745 ¦     3976           2              0.010 
2025-05-23 10:51:08 | INFO |       89.755 ¦     3977           2              0.010 
2025-05-23 10:51:08 | INFO |       89.765 ¦     3978           2              0.010 
2025-05-23 10:51:08 | INFO |       89.775 ¦     3979           2              0.010 
2025-05-23 10:51:08 | INFO |       89.785 ¦     3980           2              0.010 
2025-05-23 10:51:08 | INFO |       89.795 ¦     3981           2              0.010 
2025-05-23 10:51:08 | INFO |       89.805 ¦     3982           2              0.010 
2025-05-23 10:51:08 | INFO |       89.815 ¦     3983           2              0.010 
2025-05-23 10:51:08 | INFO |       89.825 ¦     3984           2              0.010 
2025-05-23 10:51:08 | INFO |       89.835 ¦     3985           2              0.010 
2025-05-23 10:51:08 | INFO |       89.845 ¦     3986           2              0.010 
2025-05-23 10:51:08 | INFO |       89.855 ¦     3987           2              0.010 
2025-05-23 10:51:08 | INFO |       89.865 ¦     3988           2              0.010 
2025-05-23 10:51:08 | INFO |       89.875 ¦     3989           2              0.010 
2025-05-23 10:51:08 | INFO |       89.885 ¦     3990           2              0.010 
2025-05-23 10:51:08 | INFO |       89.895 ¦     3991           2              0.010 
2025-05-23 10:51:08 | INFO |       89.905 ¦     3992           2              0.010 
2025-05-23 10:51:08 | INFO |       89.915 ¦     3993           2              0.010 
2025-05-23 10:51:08 | INFO |       89.925 ¦     3994           2              0.010 
2025-05-23 10:51:08 | INFO |       89.935 ¦     3995           2              0.010 
2025-05-23 10:51:08 | INFO |       89.945 ¦     3996           2              0.010 
2025-05-23 10:51:08 | INFO |       89.955 ¦     3997           2              0.010 
2025-05-23 10:51:08 | INFO |       89.965 ¦     3998           2              0.010 
2025-05-23 10:51:08 | INFO |       89.975 ¦     3999           2              0.010 
2025-05-23 10:51:08 | INFO |       89.985 ¦     4000           2              0.010 
2025-05-23 10:51:08 | INFO |       89.995 ¦     4001           2              0.010 
2025-05-23 10:51:08 | INFO |       90.005 ¦     4002           2              0.010 
2025-05-23 10:51:08 | INFO |       90.015 ¦     4003           2              0.010 
2025-05-23 10:51:08 | INFO |       90.025 ¦     4004           2              0.010 
2025-05-23 10:51:08 | INFO |       90.035 ¦     4005           2              0.010 
2025-05-23 10:51:08 | INFO |       90.045 ¦     4006           2              0.010 
2025-05-23 10:51:08 | INFO |       90.055 ¦     4007           2              0.010 
2025-05-23 10:51:08 | INFO |       90.065 ¦     4008           2              0.010 
2025-05-23 10:51:08 | INFO |       90.075 ¦     4009           2              0.010 
2025-05-23 10:51:08 | INFO |       90.085 ¦     4010           2              0.010 
2025-05-23 10:51:08 | INFO |       90.095 ¦     4011           2              0.010 
2025-05-23 10:51:08 | INFO |       90.105 ¦     4012           2              0.010 
2025-05-23 10:51:08 | INFO |       90.115 ¦     4013           2              0.010 
2025-05-23 10:51:08 | INFO |       90.125 ¦     4014           2              0.010 
2025-05-23 10:51:08 | INFO |       90.135 ¦     4015           2              0.010 
2025-05-23 10:51:08 | INFO |       90.145 ¦     4016           2              0.010 
2025-05-23 10:51:08 | INFO |       90.155 ¦     4017           2              0.010 
2025-05-23 10:51:08 | INFO |       90.165 ¦     4018           2              0.010 
2025-05-23 10:51:08 | INFO |       90.175 ¦     4019           2              0.010 
2025-05-23 10:51:08 | INFO |       90.185 ¦     4020           2              0.010 
2025-05-23 10:51:08 | INFO |       90.195 ¦     4021           2              0.010 
2025-05-23 10:51:08 | INFO |       90.205 ¦     4022           2              0.010 
2025-05-23 10:51:08 | INFO |       90.215 ¦     4023           2              0.010 
2025-05-23 10:51:08 | INFO |       90.225 ¦     4024           2              0.010 
2025-05-23 10:51:08 | INFO |       90.235 ¦     4025           2              0.010 
2025-05-23 10:51:08 | INFO |       90.245 ¦     4026           2              0.010 
2025-05-23 10:51:08 | INFO |       90.255 ¦     4027           2              0.010 
2025-05-23 10:51:08 | INFO |       90.265 ¦     4028           2              0.010 
2025-05-23 10:51:08 | INFO |       90.275 ¦     4029           2              0.010 
2025-05-23 10:51:08 | INFO |       90.285 ¦     4030           2              0.010 
2025-05-23 10:51:08 | INFO |       90.295 ¦     4031           2              0.010 
2025-05-23 10:51:08 | INFO |       90.305 ¦     4032           2              0.010 
2025-05-23 10:51:08 | INFO |       90.315 ¦     4033           2              0.010 
2025-05-23 10:51:08 | INFO |       90.325 ¦     4034           2              0.010 
2025-05-23 10:51:08 | INFO |       90.335 ¦     4035           2              0.010 
2025-05-23 10:51:08 | INFO |       90.345 ¦     4036           2              0.010 
2025-05-23 10:51:08 | INFO |       90.355 ¦     4037           2              0.010 
2025-05-23 10:51:08 | INFO |       90.365 ¦     4038           2              0.010 
2025-05-23 10:51:08 | INFO |       90.375 ¦     4039           2              0.010 
2025-05-23 10:51:08 | INFO |       90.385 ¦     4040           2              0.010 
2025-05-23 10:51:08 | INFO |       90.395 ¦     4041           2              0.010 
2025-05-23 10:51:08 | INFO |       90.405 ¦     4042           2              0.010 
2025-05-23 10:51:08 | INFO |       90.415 ¦     4043           2              0.010 
2025-05-23 10:51:08 | INFO |       90.425 ¦     4044           2              0.010 
2025-05-23 10:51:08 | INFO |       90.435 ¦     4045           2              0.010 
2025-05-23 10:51:08 | INFO |       90.445 ¦     4046           2              0.010 
2025-05-23 10:51:08 | INFO |       90.455 ¦     4047           2              0.010 
2025-05-23 10:51:08 | INFO |       90.465 ¦     4048           2              0.010 
2025-05-23 10:51:08 | INFO |       90.475 ¦     4049           2              0.010 
2025-05-23 10:51:08 | INFO |       90.485 ¦     4050           2              0.010 
2025-05-23 10:51:08 | INFO |       90.495 ¦     4051           2              0.010 
2025-05-23 10:51:08 | INFO |       90.505 ¦     4052           2              0.010 
2025-05-23 10:51:08 | INFO |       90.515 ¦     4053           2              0.010 
2025-05-23 10:51:08 | INFO |       90.525 ¦     4054           2              0.010 
2025-05-23 10:51:08 | INFO |       90.535 ¦     4055           2              0.010 
2025-05-23 10:51:08 | INFO |       90.545 ¦     4056           2              0.010 
2025-05-23 10:51:08 | INFO |       90.555 ¦     4057           2              0.010 
2025-05-23 10:51:08 | INFO |       90.565 ¦     4058           2              0.010 
2025-05-23 10:51:08 | INFO |       90.575 ¦     4059           2              0.010 
2025-05-23 10:51:08 | INFO |       90.585 ¦     4060           2              0.010 
2025-05-23 10:51:08 | INFO |       90.595 ¦     4061           2              0.010 
2025-05-23 10:51:08 | INFO |       90.605 ¦     4062           2              0.010 
2025-05-23 10:51:08 | INFO |       90.615 ¦     4063           2              0.010 
2025-05-23 10:51:08 | INFO |       90.625 ¦     4064           2              0.010 
2025-05-23 10:51:08 | INFO |       90.635 ¦     4065           2              0.010 
2025-05-23 10:51:08 | INFO |       90.645 ¦     4066           2              0.010 
2025-05-23 10:51:08 | INFO |       90.655 ¦     4067           2              0.010 
2025-05-23 10:51:08 | INFO |       90.665 ¦     4068           2              0.010 
2025-05-23 10:51:08 | INFO |       90.675 ¦     4069           2              0.010 
2025-05-23 10:51:08 | INFO |       90.685 ¦     4070           2              0.010 
2025-05-23 10:51:08 | INFO |       90.695 ¦     4071           2              0.010 
2025-05-23 10:51:08 | INFO |       90.705 ¦     4072           2              0.010 
2025-05-23 10:51:08 | INFO |       90.715 ¦     4073           2              0.010 
2025-05-23 10:51:08 | INFO |       90.725 ¦     4074           2              0.010 
2025-05-23 10:51:08 | INFO |       90.735 ¦     4075           2              0.010 
2025-05-23 10:51:08 | INFO |       90.745 ¦     4076           2              0.010 
2025-05-23 10:51:08 | INFO |       90.755 ¦     4077           2              0.010 
2025-05-23 10:51:08 | INFO |       90.765 ¦     4078           2              0.010 
2025-05-23 10:51:08 | INFO |       90.775 ¦     4079           2              0.010 
2025-05-23 10:51:08 | INFO |       90.785 ¦     4080           2              0.010 
2025-05-23 10:51:08 | INFO |       90.795 ¦     4081           2              0.010 
2025-05-23 10:51:08 | INFO |       90.805 ¦     4082           2              0.010 
2025-05-23 10:51:08 | INFO |       90.815 ¦     4083           2              0.010 
2025-05-23 10:51:08 | INFO |       90.825 ¦     4084           2              0.010 
2025-05-23 10:51:08 | INFO |       90.835 ¦     4085           2              0.010 
2025-05-23 10:51:08 | INFO |       90.845 ¦     4086           2              0.010 
2025-05-23 10:51:08 | INFO |       90.855 ¦     4087           2              0.010 
2025-05-23 10:51:08 | INFO |       90.865 ¦     4088           2              0.010 
2025-05-23 10:51:08 | INFO |       90.875 ¦     4089           2              0.010 
2025-05-23 10:51:08 | INFO |       90.885 ¦     4090           2              0.010 
2025-05-23 10:51:08 | INFO |       90.895 ¦     4091           2              0.010 
2025-05-23 10:51:08 | INFO |       90.905 ¦     4092           2              0.010 
2025-05-23 10:51:08 | INFO |       90.915 ¦     4093           2              0.010 
2025-05-23 10:51:08 | INFO |       90.925 ¦     4094           2              0.010 
2025-05-23 10:51:08 | INFO |       90.935 ¦     4095           2              0.010 
2025-05-23 10:51:08 | INFO |       90.945 ¦     4096           2              0.010 
2025-05-23 10:51:08 | INFO |       90.955 ¦     4097           2              0.010 
2025-05-23 10:51:08 | INFO |       90.965 ¦     4098           2              0.010 
2025-05-23 10:51:08 | INFO |       90.975 ¦     4099           2              0.010 
2025-05-23 10:51:08 | INFO |       90.985 ¦     4100           2              0.010 
2025-05-23 10:51:08 | INFO |       90.995 ¦     4101           2              0.010 
2025-05-23 10:51:08 | INFO |       91.005 ¦     4102           2              0.010 
2025-05-23 10:51:08 | INFO |       91.015 ¦     4103           2              0.010 
2025-05-23 10:51:08 | INFO |       91.025 ¦     4104           2              0.010 
2025-05-23 10:51:08 | INFO |       91.035 ¦     4105           2              0.010 
2025-05-23 10:51:08 | INFO |       91.045 ¦     4106           2              0.010 
2025-05-23 10:51:08 | INFO |       91.055 ¦     4107           2              0.010 
2025-05-23 10:51:08 | INFO |       91.065 ¦     4108           2              0.010 
2025-05-23 10:51:08 | INFO |       91.075 ¦     4109           2              0.010 
2025-05-23 10:51:08 | INFO |       91.085 ¦     4110           2              0.010 
2025-05-23 10:51:08 | INFO |       91.095 ¦     4111           2              0.010 
2025-05-23 10:51:08 | INFO |       91.105 ¦     4112           2              0.010 
2025-05-23 10:51:08 | INFO |       91.115 ¦     4113           2              0.010 
2025-05-23 10:51:08 | INFO |       91.125 ¦     4114           2              0.010 
2025-05-23 10:51:08 | INFO |       91.135 ¦     4115           2              0.010 
2025-05-23 10:51:08 | INFO |       91.145 ¦     4116           2              0.010 
2025-05-23 10:51:08 | INFO |       91.155 ¦     4117           2              0.010 
2025-05-23 10:51:08 | INFO |       91.165 ¦     4118           2              0.010 
2025-05-23 10:51:08 | INFO |       91.175 ¦     4119           2              0.010 
2025-05-23 10:51:08 | INFO |       91.185 ¦     4120           2              0.010 
2025-05-23 10:51:08 | INFO |       91.195 ¦     4121           2              0.010 
2025-05-23 10:51:08 | INFO |       91.205 ¦     4122           2              0.010 
2025-05-23 10:51:08 | INFO |       91.215 ¦     4123           2              0.010 
2025-05-23 10:51:08 | INFO |       91.225 ¦     4124           2              0.010 
2025-05-23 10:51:08 | INFO |       91.235 ¦     4125           2              0.010 
2025-05-23 10:51:08 | INFO |       91.245 ¦     4126           2              0.010 
2025-05-23 10:51:08 | INFO |       91.255 ¦     4127           2              0.010 
2025-05-23 10:51:08 | INFO |       91.265 ¦     4128           2              0.010 
2025-05-23 10:51:08 | INFO |       91.275 ¦     4129           2              0.010 
2025-05-23 10:51:08 | INFO |       91.285 ¦     4130           2              0.010 
2025-05-23 10:51:08 | INFO |       91.295 ¦     4131           2              0.010 
2025-05-23 10:51:08 | INFO |       91.305 ¦     4132           2              0.010 
2025-05-23 10:51:08 | INFO |       91.315 ¦     4133           2              0.010 
2025-05-23 10:51:08 | INFO |       91.325 ¦     4134           2              0.010 
2025-05-23 10:51:08 | INFO |       91.335 ¦     4135           2              0.010 
2025-05-23 10:51:08 | INFO |       91.345 ¦     4136           2              0.010 
2025-05-23 10:51:08 | INFO |       91.355 ¦     4137           2              0.010 
2025-05-23 10:51:08 | INFO |       91.365 ¦     4138           2              0.010 
2025-05-23 10:51:08 | INFO |       91.375 ¦     4139           2              0.010 
2025-05-23 10:51:08 | INFO |       91.385 ¦     4140           2              0.010 
2025-05-23 10:51:08 | INFO |       91.395 ¦     4141           2              0.010 
2025-05-23 10:51:08 | INFO |       91.405 ¦     4142           2              0.010 
2025-05-23 10:51:08 | INFO |       91.415 ¦     4143           2              0.010 
2025-05-23 10:51:08 | INFO |       91.425 ¦     4144           2              0.010 
2025-05-23 10:51:08 | INFO |       91.435 ¦     4145           2              0.010 
2025-05-23 10:51:08 | INFO |       91.445 ¦     4146           2              0.010 
2025-05-23 10:51:08 | INFO |       91.455 ¦     4147           2              0.010 
2025-05-23 10:51:08 | INFO |       91.465 ¦     4148           2              0.010 
2025-05-23 10:51:08 | INFO |       91.475 ¦     4149           2              0.010 
2025-05-23 10:51:08 | INFO |       91.485 ¦     4150           2              0.010 
2025-05-23 10:51:08 | INFO |       91.495 ¦     4151           2              0.010 
2025-05-23 10:51:08 | INFO |       91.505 ¦     4152           2              0.010 
2025-05-23 10:51:08 | INFO |       91.515 ¦     4153           2              0.010 
2025-05-23 10:51:08 | INFO |       91.525 ¦     4154           2              0.010 
2025-05-23 10:51:08 | INFO |       91.535 ¦     4155           2              0.010 
2025-05-23 10:51:08 | INFO |       91.545 ¦     4156           2              0.010 
2025-05-23 10:51:08 | INFO |       91.555 ¦     4157           2              0.010 
2025-05-23 10:51:08 | INFO |       91.565 ¦     4158           2              0.010 
2025-05-23 10:51:08 | INFO |       91.575 ¦     4159           2              0.010 
2025-05-23 10:51:08 | INFO |       91.585 ¦     4160           2              0.010 
2025-05-23 10:51:08 | INFO |       91.595 ¦     4161           2              0.010 
2025-05-23 10:51:08 | INFO |       91.605 ¦     4162           2              0.010 
2025-05-23 10:51:08 | INFO |       91.615 ¦     4163           2              0.010 
2025-05-23 10:51:08 | INFO |       91.625 ¦     4164           2              0.010 
2025-05-23 10:51:08 | INFO |       91.635 ¦     4165           2              0.010 
2025-05-23 10:51:08 | INFO |       91.645 ¦     4166           2              0.010 
2025-05-23 10:51:08 | INFO |       91.655 ¦     4167           2              0.010 
2025-05-23 10:51:08 | INFO |       91.665 ¦     4168           2              0.010 
2025-05-23 10:51:08 | INFO |       91.675 ¦     4169           2              0.010 
2025-05-23 10:51:08 | INFO |       91.685 ¦     4170           2              0.010 
2025-05-23 10:51:08 | INFO |       91.695 ¦     4171           2              0.010 
2025-05-23 10:51:08 | INFO |       91.705 ¦     4172           2              0.010 
2025-05-23 10:51:08 | INFO |       91.715 ¦     4173           2              0.010 
2025-05-23 10:51:08 | INFO |       91.725 ¦     4174           2              0.010 
2025-05-23 10:51:08 | INFO |       91.735 ¦     4175           2              0.010 
2025-05-23 10:51:08 | INFO |       91.745 ¦     4176           2              0.010 
2025-05-23 10:51:08 | INFO |       91.755 ¦     4177           2              0.010 
2025-05-23 10:51:08 | INFO |       91.765 ¦     4178           2              0.010 
2025-05-23 10:51:08 | INFO |       91.775 ¦     4179           2              0.010 
2025-05-23 10:51:08 | INFO |       91.785 ¦     4180           2              0.010 
2025-05-23 10:51:08 | INFO |       91.795 ¦     4181           2              0.010 
2025-05-23 10:51:08 | INFO |       91.805 ¦     4182           2              0.010 
2025-05-23 10:51:08 | INFO |       91.815 ¦     4183           2              0.010 
2025-05-23 10:51:08 | INFO |       91.825 ¦     4184           2              0.010 
2025-05-23 10:51:08 | INFO |       91.835 ¦     4185           2              0.010 
2025-05-23 10:51:08 | INFO |       91.845 ¦     4186           2              0.010 
2025-05-23 10:51:08 | INFO |       91.855 ¦     4187           2              0.010 
2025-05-23 10:51:08 | INFO |       91.865 ¦     4188           2              0.010 
2025-05-23 10:51:08 | INFO |       91.875 ¦     4189           2              0.010 
2025-05-23 10:51:08 | INFO |       91.885 ¦     4190           2              0.010 
2025-05-23 10:51:08 | INFO |       91.895 ¦     4191           2              0.010 
2025-05-23 10:51:08 | INFO |       91.905 ¦     4192           2              0.010 
2025-05-23 10:51:08 | INFO |       91.915 ¦     4193           2              0.010 
2025-05-23 10:51:08 | INFO |       91.925 ¦     4194           2              0.010 
2025-05-23 10:51:08 | INFO |       91.935 ¦     4195           2              0.010 
2025-05-23 10:51:08 | INFO |       91.945 ¦     4196           2              0.010 
2025-05-23 10:51:08 | INFO |       91.955 ¦     4197           2              0.010 
2025-05-23 10:51:08 | INFO |       91.965 ¦     4198           2              0.010 
2025-05-23 10:51:08 | INFO |       91.975 ¦     4199           2              0.010 
2025-05-23 10:51:08 | INFO |       91.985 ¦     4200           2              0.010 
2025-05-23 10:51:08 | INFO |       91.995 ¦     4201           2              0.010 
2025-05-23 10:51:08 | INFO |       92.005 ¦     4202           2              0.010 
2025-05-23 10:51:08 | INFO |       92.015 ¦     4203           2              0.010 
2025-05-23 10:51:08 | INFO |       92.025 ¦     4204           2              0.010 
2025-05-23 10:51:08 | INFO |       92.035 ¦     4205           2              0.010 
2025-05-23 10:51:08 | INFO |       92.045 ¦     4206           2              0.010 
2025-05-23 10:51:08 | INFO |       92.055 ¦     4207           2              0.010 
2025-05-23 10:51:08 | INFO |       92.065 ¦     4208           2              0.010 
2025-05-23 10:51:08 | INFO |       92.075 ¦     4209           2              0.010 
2025-05-23 10:51:08 | INFO |       92.085 ¦     4210           2              0.010 
2025-05-23 10:51:08 | INFO |       92.095 ¦     4211           2              0.010 
2025-05-23 10:51:08 | INFO |       92.105 ¦     4212           2              0.010 
2025-05-23 10:51:08 | INFO |       92.115 ¦     4213           2              0.010 
2025-05-23 10:51:08 | INFO |       92.125 ¦     4214           2              0.010 
2025-05-23 10:51:08 | INFO |       92.135 ¦     4215           2              0.010 
2025-05-23 10:51:08 | INFO |       92.145 ¦     4216           2              0.010 
2025-05-23 10:51:08 | INFO |       92.155 ¦     4217           2              0.010 
2025-05-23 10:51:08 | INFO |       92.165 ¦     4218           2              0.010 
2025-05-23 10:51:08 | INFO |       92.175 ¦     4219           2              0.010 
2025-05-23 10:51:08 | INFO |       92.185 ¦     4220           2              0.010 
2025-05-23 10:51:08 | INFO |       92.195 ¦     4221           2              0.010 
2025-05-23 10:51:08 | INFO |       92.205 ¦     4222           2              0.010 
2025-05-23 10:51:08 | INFO |       92.215 ¦     4223           2              0.010 
2025-05-23 10:51:08 | INFO |       92.225 ¦     4224           2              0.010 
2025-05-23 10:51:08 | INFO |       92.235 ¦     4225           2              0.010 
2025-05-23 10:51:08 | INFO |       92.245 ¦     4226           2              0.010 
2025-05-23 10:51:08 | INFO |       92.255 ¦     4227           2              0.010 
2025-05-23 10:51:08 | INFO |       92.265 ¦     4228           2              0.010 
2025-05-23 10:51:08 | INFO |       92.275 ¦     4229           2              0.010 
2025-05-23 10:51:08 | INFO |       92.285 ¦     4230           2              0.010 
2025-05-23 10:51:08 | INFO |       92.295 ¦     4231           2              0.010 
2025-05-23 10:51:08 | INFO |       92.305 ¦     4232           2              0.010 
2025-05-23 10:51:08 | INFO |       92.315 ¦     4233           2              0.010 
2025-05-23 10:51:08 | INFO |       92.325 ¦     4234           2              0.010 
2025-05-23 10:51:08 | INFO |       92.335 ¦     4235           2              0.010 
2025-05-23 10:51:08 | INFO |       92.345 ¦     4236           2              0.010 
2025-05-23 10:51:08 | INFO |       92.355 ¦     4237           2              0.010 
2025-05-23 10:51:08 | INFO |       92.365 ¦     4238           2              0.010 
2025-05-23 10:51:08 | INFO |       92.375 ¦     4239           2              0.010 
2025-05-23 10:51:08 | INFO |       92.385 ¦     4240           2              0.010 
2025-05-23 10:51:08 | INFO |       92.395 ¦     4241           2              0.010 
2025-05-23 10:51:08 | INFO |       92.405 ¦     4242           2              0.010 
2025-05-23 10:51:08 | INFO |       92.415 ¦     4243           2              0.010 
2025-05-23 10:51:08 | INFO |       92.425 ¦     4244           2              0.010 
2025-05-23 10:51:08 | INFO |       92.435 ¦     4245           2              0.010 
2025-05-23 10:51:08 | INFO |       92.445 ¦     4246           2              0.010 
2025-05-23 10:51:08 | INFO |       92.455 ¦     4247           2              0.010 
2025-05-23 10:51:08 | INFO |       92.465 ¦     4248           2              0.010 
2025-05-23 10:51:08 | INFO |       92.475 ¦     4249           2              0.010 
2025-05-23 10:51:08 | INFO |       92.485 ¦     4250           2              0.010 
2025-05-23 10:51:08 | INFO |       92.495 ¦     4251           2              0.010 
2025-05-23 10:51:08 | INFO |       92.505 ¦     4252           2              0.010 
2025-05-23 10:51:08 | INFO |       92.515 ¦     4253           2              0.010 
2025-05-23 10:51:08 | INFO |       92.525 ¦     4254           2              0.010 
2025-05-23 10:51:08 | INFO |       92.535 ¦     4255           2              0.010 
2025-05-23 10:51:08 | INFO |       92.545 ¦     4256           2              0.010 
2025-05-23 10:51:08 | INFO |       92.555 ¦     4257           2              0.010 
2025-05-23 10:51:08 | INFO |       92.565 ¦     4258           2              0.010 
2025-05-23 10:51:08 | INFO |       92.575 ¦     4259           2              0.010 
2025-05-23 10:51:08 | INFO |       92.585 ¦     4260           2              0.010 
2025-05-23 10:51:08 | INFO |       92.595 ¦     4261           2              0.010 
2025-05-23 10:51:08 | INFO |       92.605 ¦     4262           2              0.010 
2025-05-23 10:51:08 | INFO |       92.615 ¦     4263           2              0.010 
2025-05-23 10:51:08 | INFO |       92.625 ¦     4264           2              0.010 
2025-05-23 10:51:08 | INFO |       92.635 ¦     4265           2              0.010 
2025-05-23 10:51:08 | INFO |       92.645 ¦     4266           2              0.010 
2025-05-23 10:51:08 | INFO |       92.655 ¦     4267           2              0.010 
2025-05-23 10:51:08 | INFO |       92.665 ¦     4268           2              0.010 
2025-05-23 10:51:08 | INFO |       92.675 ¦     4269           2              0.010 
2025-05-23 10:51:08 | INFO |       92.685 ¦     4270           2              0.010 
2025-05-23 10:51:08 | INFO |       92.695 ¦     4271           2              0.010 
2025-05-23 10:51:08 | INFO |       92.705 ¦     4272           2              0.010 
2025-05-23 10:51:08 | INFO |       92.715 ¦     4273           2              0.010 
2025-05-23 10:51:08 | INFO |       92.725 ¦     4274           2              0.010 
2025-05-23 10:51:08 | INFO |       92.735 ¦     4275           2              0.010 
2025-05-23 10:51:08 | INFO |       92.745 ¦     4276           2              0.010 
2025-05-23 10:51:08 | INFO |       92.755 ¦     4277           2              0.010 
2025-05-23 10:51:08 | INFO |       92.765 ¦     4278           2              0.010 
2025-05-23 10:51:08 | INFO |       92.775 ¦     4279           2              0.010 
2025-05-23 10:51:08 | INFO |       92.785 ¦     4280           2              0.010 
2025-05-23 10:51:08 | INFO |       92.795 ¦     4281           2              0.010 
2025-05-23 10:51:08 | INFO |       92.805 ¦     4282           2              0.010 
2025-05-23 10:51:08 | INFO |       92.815 ¦     4283           2              0.010 
2025-05-23 10:51:08 | INFO |       92.825 ¦     4284           2              0.010 
2025-05-23 10:51:08 | INFO |       92.835 ¦     4285           2              0.010 
2025-05-23 10:51:08 | INFO |       92.845 ¦     4286           2              0.010 
2025-05-23 10:51:08 | INFO |       92.855 ¦     4287           2              0.010 
2025-05-23 10:51:08 | INFO |       92.865 ¦     4288           2              0.010 
2025-05-23 10:51:08 | INFO |       92.875 ¦     4289           2              0.010 
2025-05-23 10:51:08 | INFO |       92.885 ¦     4290           2              0.010 
2025-05-23 10:51:08 | INFO |       92.895 ¦     4291           2              0.010 
2025-05-23 10:51:08 | INFO |       92.905 ¦     4292           2              0.010 
2025-05-23 10:51:08 | INFO |       92.915 ¦     4293           2              0.010 
2025-05-23 10:51:08 | INFO |       92.925 ¦     4294           2              0.010 
2025-05-23 10:51:08 | INFO |       92.935 ¦     4295           2              0.010 
2025-05-23 10:51:08 | INFO |       92.945 ¦     4296           2              0.010 
2025-05-23 10:51:08 | INFO |       92.955 ¦     4297           2              0.010 
2025-05-23 10:51:08 | INFO |       92.965 ¦     4298           2              0.010 
2025-05-23 10:51:08 | INFO |       92.975 ¦     4299           2              0.010 
2025-05-23 10:51:08 | INFO |       92.985 ¦     4300           2              0.010 
2025-05-23 10:51:08 | INFO |       92.995 ¦     4301           2              0.010 
2025-05-23 10:51:08 | INFO |       93.005 ¦     4302           2              0.010 
2025-05-23 10:51:08 | INFO |       93.015 ¦     4303           2              0.010 
2025-05-23 10:51:08 | INFO |       93.025 ¦     4304           2              0.010 
2025-05-23 10:51:08 | INFO |       93.035 ¦     4305           2              0.010 
2025-05-23 10:51:08 | INFO |       93.045 ¦     4306           2              0.010 
2025-05-23 10:51:08 | INFO |       93.055 ¦     4307           2              0.010 
2025-05-23 10:51:08 | INFO |       93.065 ¦     4308           2              0.010 
2025-05-23 10:51:08 | INFO |       93.075 ¦     4309           2              0.010 
2025-05-23 10:51:08 | INFO |       93.085 ¦     4310           2              0.010 
2025-05-23 10:51:08 | INFO |       93.095 ¦     4311           2              0.010 
2025-05-23 10:51:08 | INFO |       93.105 ¦     4312           2              0.010 
2025-05-23 10:51:08 | INFO |       93.115 ¦     4313           2              0.010 
2025-05-23 10:51:08 | INFO |       93.125 ¦     4314           2              0.010 
2025-05-23 10:51:08 | INFO |       93.135 ¦     4315           2              0.010 
2025-05-23 10:51:08 | INFO |       93.145 ¦     4316           2              0.010 
2025-05-23 10:51:08 | INFO |       93.155 ¦     4317           2              0.010 
2025-05-23 10:51:08 | INFO |       93.165 ¦     4318           2              0.010 
2025-05-23 10:51:08 | INFO |       93.175 ¦     4319           2              0.010 
2025-05-23 10:51:08 | INFO |       93.185 ¦     4320           2              0.010 
2025-05-23 10:51:08 | INFO |       93.195 ¦     4321           2              0.010 
2025-05-23 10:51:08 | INFO |       93.205 ¦     4322           2              0.010 
2025-05-23 10:51:08 | INFO |       93.215 ¦     4323           2              0.010 
2025-05-23 10:51:08 | INFO |       93.225 ¦     4324           2              0.010 
2025-05-23 10:51:08 | INFO |       93.235 ¦     4325           2              0.010 
2025-05-23 10:51:08 | INFO |       93.245 ¦     4326           2              0.010 
2025-05-23 10:51:08 | INFO |       93.255 ¦     4327           2              0.010 
2025-05-23 10:51:08 | INFO |       93.265 ¦     4328           2              0.010 
2025-05-23 10:51:08 | INFO |       93.275 ¦     4329           2              0.010 
2025-05-23 10:51:08 | INFO |       93.285 ¦     4330           2              0.010 
2025-05-23 10:51:08 | INFO |       93.295 ¦     4331           2              0.010 
2025-05-23 10:51:08 | INFO |       93.305 ¦     4332           2              0.010 
2025-05-23 10:51:08 | INFO |       93.315 ¦     4333           2              0.010 
2025-05-23 10:51:08 | INFO |       93.325 ¦     4334           2              0.010 
2025-05-23 10:51:08 | INFO |       93.335 ¦     4335           2              0.010 
2025-05-23 10:51:08 | INFO |       93.345 ¦     4336           2              0.010 
2025-05-23 10:51:08 | INFO |       93.355 ¦     4337           2              0.010 
2025-05-23 10:51:08 | INFO |       93.365 ¦     4338           2              0.010 
2025-05-23 10:51:08 | INFO |       93.375 ¦     4339           2              0.010 
2025-05-23 10:51:08 | INFO |       93.385 ¦     4340           2              0.010 
2025-05-23 10:51:08 | INFO |       93.395 ¦     4341           2              0.010 
2025-05-23 10:51:08 | INFO |       93.405 ¦     4342           2              0.010 
2025-05-23 10:51:08 | INFO |       93.415 ¦     4343           2              0.010 
2025-05-23 10:51:08 | INFO |       93.425 ¦     4344           2              0.010 
2025-05-23 10:51:08 | INFO |       93.435 ¦     4345           2              0.010 
2025-05-23 10:51:08 | INFO |       93.445 ¦     4346           2              0.010 
2025-05-23 10:51:08 | INFO |       93.455 ¦     4347           2              0.010 
2025-05-23 10:51:08 | INFO |       93.465 ¦     4348           2              0.010 
2025-05-23 10:51:08 | INFO |       93.475 ¦     4349           2              0.010 
2025-05-23 10:51:08 | INFO |       93.485 ¦     4350           2              0.010 
2025-05-23 10:51:08 | INFO |       93.495 ¦     4351           2              0.010 
2025-05-23 10:51:08 | INFO |       93.505 ¦     4352           2              0.010 
2025-05-23 10:51:08 | INFO |       93.515 ¦     4353           2              0.010 
2025-05-23 10:51:08 | INFO |       93.525 ¦     4354           2              0.010 
2025-05-23 10:51:08 | INFO |       93.535 ¦     4355           2              0.010 
2025-05-23 10:51:08 | INFO |       93.545 ¦     4356           2              0.010 
2025-05-23 10:51:08 | INFO |       93.555 ¦     4357           2              0.010 
2025-05-23 10:51:08 | INFO |       93.565 ¦     4358           2              0.010 
2025-05-23 10:51:08 | INFO |       93.575 ¦     4359           2              0.010 
2025-05-23 10:51:08 | INFO |       93.585 ¦     4360           2              0.010 
2025-05-23 10:51:08 | INFO |       93.595 ¦     4361           2              0.010 
2025-05-23 10:51:08 | INFO |       93.605 ¦     4362           2              0.010 
2025-05-23 10:51:08 | INFO |       93.615 ¦     4363           2              0.010 
2025-05-23 10:51:08 | INFO |       93.625 ¦     4364           2              0.010 
2025-05-23 10:51:08 | INFO |       93.635 ¦     4365           2              0.010 
2025-05-23 10:51:08 | INFO |       93.645 ¦     4366           2              0.010 
2025-05-23 10:51:08 | INFO |       93.655 ¦     4367           2              0.010 
2025-05-23 10:51:08 | INFO |       93.665 ¦     4368           2              0.010 
2025-05-23 10:51:08 | INFO |       93.675 ¦     4369           2              0.010 
2025-05-23 10:51:08 | INFO |       93.685 ¦     4370           2              0.010 
2025-05-23 10:51:08 | INFO |       93.695 ¦     4371           2              0.010 
2025-05-23 10:51:08 | INFO |       93.705 ¦     4372           2              0.010 
2025-05-23 10:51:08 | INFO |       93.715 ¦     4373           2              0.010 
2025-05-23 10:51:08 | INFO |       93.725 ¦     4374           2              0.010 
2025-05-23 10:51:08 | INFO |       93.735 ¦     4375           2              0.010 
2025-05-23 10:51:08 | INFO |       93.745 ¦     4376           2              0.010 
2025-05-23 10:51:08 | INFO |       93.755 ¦     4377           2              0.010 
2025-05-23 10:51:08 | INFO |       93.765 ¦     4378           2              0.010 
2025-05-23 10:51:08 | INFO |       93.775 ¦     4379           2              0.010 
2025-05-23 10:51:08 | INFO |       93.785 ¦     4380           2              0.010 
2025-05-23 10:51:08 | INFO |       93.795 ¦     4381           2              0.010 
2025-05-23 10:51:08 | INFO |       93.805 ¦     4382           2              0.010 
2025-05-23 10:51:08 | INFO |       93.815 ¦     4383           2              0.010 
2025-05-23 10:51:08 | INFO |       93.825 ¦     4384           2              0.010 
2025-05-23 10:51:08 | INFO |       93.835 ¦     4385           2              0.010 
2025-05-23 10:51:08 | INFO |       93.845 ¦     4386           2              0.010 
2025-05-23 10:51:08 | INFO |       93.855 ¦     4387           2              0.010 
2025-05-23 10:51:08 | INFO |       93.865 ¦     4388           2              0.010 
2025-05-23 10:51:08 | INFO |       93.875 ¦     4389           2              0.010 
2025-05-23 10:51:08 | INFO |       93.885 ¦     4390           2              0.010 
2025-05-23 10:51:08 | INFO |       93.895 ¦     4391           2              0.010 
2025-05-23 10:51:08 | INFO |       93.905 ¦     4392           2              0.010 
2025-05-23 10:51:08 | INFO |       93.915 ¦     4393           2              0.010 
2025-05-23 10:51:08 | INFO |       93.925 ¦     4394           2              0.010 
2025-05-23 10:51:08 | INFO |       93.935 ¦     4395           2              0.010 
2025-05-23 10:51:08 | INFO |       93.945 ¦     4396           2              0.010 
2025-05-23 10:51:08 | INFO |       93.955 ¦     4397           2              0.010 
2025-05-23 10:51:08 | INFO |       93.965 ¦     4398           2              0.010 
2025-05-23 10:51:08 | INFO |       93.975 ¦     4399           2              0.010 
2025-05-23 10:51:08 | INFO |       93.985 ¦     4400           2              0.010 
2025-05-23 10:51:08 | INFO |       93.995 ¦     4401           2              0.010 
2025-05-23 10:51:08 | INFO |       94.005 ¦     4402           2              0.010 
2025-05-23 10:51:08 | INFO |       94.015 ¦     4403           2              0.010 
2025-05-23 10:51:08 | INFO |       94.025 ¦     4404           2              0.010 
2025-05-23 10:51:08 | INFO |       94.035 ¦     4405           2              0.010 
2025-05-23 10:51:08 | INFO |       94.045 ¦     4406           2              0.010 
2025-05-23 10:51:08 | INFO |       94.055 ¦     4407           2              0.010 
2025-05-23 10:51:08 | INFO |       94.065 ¦     4408           2              0.010 
2025-05-23 10:51:08 | INFO |       94.075 ¦     4409           2              0.010 
2025-05-23 10:51:08 | INFO |       94.085 ¦     4410           2              0.010 
2025-05-23 10:51:08 | INFO |       94.095 ¦     4411           2              0.010 
2025-05-23 10:51:08 | INFO |       94.105 ¦     4412           2              0.010 
2025-05-23 10:51:08 | INFO |       94.115 ¦     4413           2              0.010 
2025-05-23 10:51:08 | INFO |       94.125 ¦     4414           2              0.010 
2025-05-23 10:51:08 | INFO |       94.135 ¦     4415           2              0.010 
2025-05-23 10:51:08 | INFO |       94.145 ¦     4416           2              0.010 
2025-05-23 10:51:08 | INFO |       94.155 ¦     4417           2              0.010 
2025-05-23 10:51:08 | INFO |       94.165 ¦     4418           2              0.010 
2025-05-23 10:51:08 | INFO |       94.175 ¦     4419           2              0.010 
2025-05-23 10:51:08 | INFO |       94.185 ¦     4420           2              0.010 
2025-05-23 10:51:08 | INFO |       94.195 ¦     4421           2              0.010 
2025-05-23 10:51:08 | INFO |       94.205 ¦     4422           2              0.010 
2025-05-23 10:51:08 | INFO |       94.215 ¦     4423           2              0.010 
2025-05-23 10:51:08 | INFO |       94.225 ¦     4424           2              0.010 
2025-05-23 10:51:08 | INFO |       94.235 ¦     4425           2              0.010 
2025-05-23 10:51:08 | INFO |       94.245 ¦     4426           2              0.010 
2025-05-23 10:51:08 | INFO |       94.255 ¦     4427           2              0.010 
2025-05-23 10:51:08 | INFO |       94.265 ¦     4428           2              0.010 
2025-05-23 10:51:08 | INFO |       94.275 ¦     4429           2              0.010 
2025-05-23 10:51:08 | INFO |       94.285 ¦     4430           2              0.010 
2025-05-23 10:51:08 | INFO |       94.295 ¦     4431           2              0.010 
2025-05-23 10:51:08 | INFO |       94.305 ¦     4432           2              0.010 
2025-05-23 10:51:08 | INFO |       94.315 ¦     4433           2              0.010 
2025-05-23 10:51:08 | INFO |       94.325 ¦     4434           2              0.010 
2025-05-23 10:51:08 | INFO |       94.335 ¦     4435           2              0.010 
2025-05-23 10:51:08 | INFO |       94.345 ¦     4436           2              0.010 
2025-05-23 10:51:08 | INFO |       94.355 ¦     4437           2              0.010 
2025-05-23 10:51:08 | INFO |       94.365 ¦     4438           2              0.010 
2025-05-23 10:51:08 | INFO |       94.375 ¦     4439           2              0.010 
2025-05-23 10:51:08 | INFO |       94.385 ¦     4440           2              0.010 
2025-05-23 10:51:08 | INFO |       94.395 ¦     4441           2              0.010 
2025-05-23 10:51:08 | INFO |       94.405 ¦     4442           2              0.010 
2025-05-23 10:51:08 | INFO |       94.415 ¦     4443           2              0.010 
2025-05-23 10:51:08 | INFO |       94.425 ¦     4444           2              0.010 
2025-05-23 10:51:08 | INFO |       94.435 ¦     4445           2              0.010 
2025-05-23 10:51:08 | INFO |       94.445 ¦     4446           2              0.010 
2025-05-23 10:51:08 | INFO |       94.455 ¦     4447           2              0.010 
2025-05-23 10:51:08 | INFO |       94.465 ¦     4448           2              0.010 
2025-05-23 10:51:08 | INFO |       94.475 ¦     4449           2              0.010 
2025-05-23 10:51:08 | INFO |       94.485 ¦     4450           2              0.010 
2025-05-23 10:51:08 | INFO |       94.495 ¦     4451           2              0.010 
2025-05-23 10:51:08 | INFO |       94.505 ¦     4452           2              0.010 
2025-05-23 10:51:08 | INFO |       94.515 ¦     4453           2              0.010 
2025-05-23 10:51:08 | INFO |       94.525 ¦     4454           2              0.010 
2025-05-23 10:51:08 | INFO |       94.535 ¦     4455           2              0.010 
2025-05-23 10:51:08 | INFO |       94.545 ¦     4456           2              0.010 
2025-05-23 10:51:08 | INFO |       94.555 ¦     4457           2              0.010 
2025-05-23 10:51:08 | INFO |       94.565 ¦     4458           2              0.010 
2025-05-23 10:51:08 | INFO |       94.575 ¦     4459           2              0.010 
2025-05-23 10:51:08 | INFO |       94.585 ¦     4460           2              0.010 
2025-05-23 10:51:08 | INFO |       94.595 ¦     4461           2              0.010 
2025-05-23 10:51:08 | INFO |       94.605 ¦     4462           2              0.010 
2025-05-23 10:51:08 | INFO |       94.615 ¦     4463           2              0.010 
2025-05-23 10:51:08 | INFO |       94.625 ¦     4464           2              0.010 
2025-05-23 10:51:08 | INFO |       94.635 ¦     4465           2              0.010 
2025-05-23 10:51:08 | INFO |       94.645 ¦     4466           2              0.010 
2025-05-23 10:51:08 | INFO |       94.655 ¦     4467           2              0.010 
2025-05-23 10:51:08 | INFO |       94.665 ¦     4468           2              0.010 
2025-05-23 10:51:08 | INFO |       94.675 ¦     4469           2              0.010 
2025-05-23 10:51:08 | INFO |       94.685 ¦     4470           2              0.010 
2025-05-23 10:51:08 | INFO |       94.695 ¦     4471           2              0.010 
2025-05-23 10:51:08 | INFO |       94.705 ¦     4472           2              0.010 
2025-05-23 10:51:08 | INFO |       94.715 ¦     4473           2              0.010 
2025-05-23 10:51:08 | INFO |       94.725 ¦     4474           2              0.010 
2025-05-23 10:51:08 | INFO |       94.735 ¦     4475           2              0.010 
2025-05-23 10:51:08 | INFO |       94.745 ¦     4476           2              0.010 
2025-05-23 10:51:08 | INFO |       94.755 ¦     4477           2              0.010 
2025-05-23 10:51:08 | INFO |       94.765 ¦     4478           2              0.010 
2025-05-23 10:51:08 | INFO |       94.775 ¦     4479           2              0.010 
2025-05-23 10:51:08 | INFO |       94.785 ¦     4480           2              0.010 
2025-05-23 10:51:08 | INFO |       94.795 ¦     4481           2              0.010 
2025-05-23 10:51:08 | INFO |       94.805 ¦     4482           2              0.010 
2025-05-23 10:51:08 | INFO |       94.815 ¦     4483           2              0.010 
2025-05-23 10:51:08 | INFO |       94.825 ¦     4484           2              0.010 
2025-05-23 10:51:08 | INFO |       94.835 ¦     4485           2              0.010 
2025-05-23 10:51:08 | INFO |       94.845 ¦     4486           2              0.010 
2025-05-23 10:51:08 | INFO |       94.855 ¦     4487           2              0.010 
2025-05-23 10:51:08 | INFO |       94.865 ¦     4488           2              0.010 
2025-05-23 10:51:08 | INFO |       94.875 ¦     4489           2              0.010 
2025-05-23 10:51:08 | INFO |       94.885 ¦     4490           2              0.010 
2025-05-23 10:51:08 | INFO |       94.895 ¦     4491           2              0.010 
2025-05-23 10:51:08 | INFO |       94.905 ¦     4492           2              0.010 
2025-05-23 10:51:08 | INFO |       94.915 ¦     4493           2              0.010 
2025-05-23 10:51:08 | INFO |       94.925 ¦     4494           2              0.010 
2025-05-23 10:51:08 | INFO |       94.935 ¦     4495           2              0.010 
2025-05-23 10:51:08 | INFO |       94.945 ¦     4496           2              0.010 
2025-05-23 10:51:08 | INFO |       94.955 ¦     4497           2              0.010 
2025-05-23 10:51:08 | INFO |       94.965 ¦     4498           2              0.010 
2025-05-23 10:51:08 | INFO |       94.975 ¦     4499           2              0.010 
2025-05-23 10:51:08 | INFO |       94.985 ¦     4500           2              0.010 
2025-05-23 10:51:08 | INFO |       94.995 ¦     4501           2              0.010 
2025-05-23 10:51:08 | INFO |       95.005 ¦     4502           2              0.010 
2025-05-23 10:51:08 | INFO |       95.015 ¦     4503           2              0.010 
2025-05-23 10:51:08 | INFO |       95.025 ¦     4504           2              0.010 
2025-05-23 10:51:08 | INFO |       95.035 ¦     4505           2              0.010 
2025-05-23 10:51:08 | INFO |       95.045 ¦     4506           2              0.010 
2025-05-23 10:51:08 | INFO |       95.055 ¦     4507           2              0.010 
2025-05-23 10:51:08 | INFO |       95.065 ¦     4508           2              0.010 
2025-05-23 10:51:08 | INFO |       95.075 ¦     4509           2              0.010 
2025-05-23 10:51:08 | INFO |       95.085 ¦     4510           2              0.010 
2025-05-23 10:51:08 | INFO |       95.095 ¦     4511           2              0.010 
2025-05-23 10:51:08 | INFO |       95.105 ¦     4512           2              0.010 
2025-05-23 10:51:08 | INFO |       95.115 ¦     4513           2              0.010 
2025-05-23 10:51:08 | INFO |       95.125 ¦     4514           2              0.010 
2025-05-23 10:51:08 | INFO |       95.135 ¦     4515           2              0.010 
2025-05-23 10:51:08 | INFO |       95.145 ¦     4516           2              0.010 
2025-05-23 10:51:08 | INFO |       95.155 ¦     4517           2              0.010 
2025-05-23 10:51:08 | INFO |       95.165 ¦     4518           2              0.010 
2025-05-23 10:51:08 | INFO |       95.175 ¦     4519           2              0.010 
2025-05-23 10:51:08 | INFO |       95.185 ¦     4520           2              0.010 
2025-05-23 10:51:08 | INFO |       95.195 ¦     4521           2              0.010 
2025-05-23 10:51:08 | INFO |       95.205 ¦     4522           2              0.010 
2025-05-23 10:51:08 | INFO |       95.215 ¦     4523           2              0.010 
2025-05-23 10:51:08 | INFO |       95.225 ¦     4524           2              0.010 
2025-05-23 10:51:08 | INFO |       95.235 ¦     4525           2              0.010 
2025-05-23 10:51:08 | INFO |       95.245 ¦     4526           2              0.010 
2025-05-23 10:51:08 | INFO |       95.255 ¦     4527           2              0.010 
2025-05-23 10:51:08 | INFO |       95.265 ¦     4528           2              0.010 
2025-05-23 10:51:08 | INFO |       95.275 ¦     4529           2              0.010 
2025-05-23 10:51:08 | INFO |       95.285 ¦     4530           2              0.010 
2025-05-23 10:51:08 | INFO |       95.295 ¦     4531           2              0.010 
2025-05-23 10:51:08 | INFO |       95.305 ¦     4532           2              0.010 
2025-05-23 10:51:08 | INFO |       95.315 ¦     4533           2              0.010 
2025-05-23 10:51:08 | INFO |       95.325 ¦     4534           2              0.010 
2025-05-23 10:51:08 | INFO |       95.335 ¦     4535           2              0.010 
2025-05-23 10:51:08 | INFO |       95.345 ¦     4536           2              0.010 
2025-05-23 10:51:08 | INFO |       95.355 ¦     4537           2              0.010 
2025-05-23 10:51:08 | INFO |       95.365 ¦     4538           2              0.010 
2025-05-23 10:51:08 | INFO |       95.375 ¦     4539           2              0.010 
2025-05-23 10:51:08 | INFO |       95.385 ¦     4540           2              0.010 
2025-05-23 10:51:08 | INFO |       95.395 ¦     4541           2              0.010 
2025-05-23 10:51:08 | INFO |       95.405 ¦     4542           2              0.010 
2025-05-23 10:51:08 | INFO |       95.415 ¦     4543           2              0.010 
2025-05-23 10:51:08 | INFO |       95.425 ¦     4544           2              0.010 
2025-05-23 10:51:08 | INFO |       95.435 ¦     4545           2              0.010 
2025-05-23 10:51:08 | INFO |       95.445 ¦     4546           2              0.010 
2025-05-23 10:51:08 | INFO |       95.455 ¦     4547           2              0.010 
2025-05-23 10:51:08 | INFO |       95.465 ¦     4548           2              0.010 
2025-05-23 10:51:08 | INFO |       95.475 ¦     4549           2              0.010 
2025-05-23 10:51:08 | INFO |       95.485 ¦     4550           2              0.010 
2025-05-23 10:51:08 | INFO |       95.495 ¦     4551           2              0.010 
2025-05-23 10:51:08 | INFO |       95.505 ¦     4552           2              0.010 
2025-05-23 10:51:08 | INFO |       95.515 ¦     4553           2              0.010 
2025-05-23 10:51:08 | INFO |       95.525 ¦     4554           2              0.010 
2025-05-23 10:51:08 | INFO |       95.535 ¦     4555           2              0.010 
2025-05-23 10:51:08 | INFO |       95.545 ¦     4556           2              0.010 
2025-05-23 10:51:08 | INFO |       95.555 ¦     4557           2              0.010 
2025-05-23 10:51:08 | INFO |       95.565 ¦     4558           2              0.010 
2025-05-23 10:51:08 | INFO |       95.575 ¦     4559           2              0.010 
2025-05-23 10:51:08 | INFO |       95.585 ¦     4560           2              0.010 
2025-05-23 10:51:08 | INFO |       95.595 ¦     4561           2              0.010 
2025-05-23 10:51:08 | INFO |       95.605 ¦     4562           2              0.010 
2025-05-23 10:51:08 | INFO |       95.615 ¦     4563           2              0.010 
2025-05-23 10:51:08 | INFO |       95.625 ¦     4564           2              0.010 
2025-05-23 10:51:08 | INFO |       95.635 ¦     4565           2              0.010 
2025-05-23 10:51:08 | INFO |       95.645 ¦     4566           2              0.010 
2025-05-23 10:51:08 | INFO |       95.655 ¦     4567           2              0.010 
2025-05-23 10:51:08 | INFO |       95.665 ¦     4568           2              0.010 
2025-05-23 10:51:08 | INFO |       95.675 ¦     4569           2              0.010 
2025-05-23 10:51:08 | INFO |       95.685 ¦     4570           2              0.010 
2025-05-23 10:51:08 | INFO |       95.695 ¦     4571           2              0.010 
2025-05-23 10:51:08 | INFO |       95.705 ¦     4572           2              0.010 
2025-05-23 10:51:08 | INFO |       95.715 ¦     4573           2              0.010 
2025-05-23 10:51:08 | INFO |       95.725 ¦     4574           2              0.010 
2025-05-23 10:51:08 | INFO |       95.735 ¦     4575           2              0.010 
2025-05-23 10:51:08 | INFO |       95.745 ¦     4576           2              0.010 
2025-05-23 10:51:08 | INFO |       95.755 ¦     4577           2              0.010 
2025-05-23 10:51:08 | INFO |       95.765 ¦     4578           2              0.010 
2025-05-23 10:51:08 | INFO |       95.775 ¦     4579           2              0.010 
2025-05-23 10:51:08 | INFO |       95.785 ¦     4580           2              0.010 
2025-05-23 10:51:08 | INFO |       95.795 ¦     4581           2              0.010 
2025-05-23 10:51:08 | INFO |       95.805 ¦     4582           2              0.010 
2025-05-23 10:51:08 | INFO |       95.815 ¦     4583           2              0.010 
2025-05-23 10:51:08 | INFO |       95.825 ¦     4584           2              0.010 
2025-05-23 10:51:08 | INFO |       95.835 ¦     4585           2              0.010 
2025-05-23 10:51:08 | INFO |       95.845 ¦     4586           2              0.010 
2025-05-23 10:51:08 | INFO |       95.855 ¦     4587           2              0.010 
2025-05-23 10:51:08 | INFO |       95.865 ¦     4588           2              0.010 
2025-05-23 10:51:08 | INFO |       95.875 ¦     4589           2              0.010 
2025-05-23 10:51:08 | INFO |       95.885 ¦     4590           2              0.010 
2025-05-23 10:51:08 | INFO |       95.895 ¦     4591           2              0.010 
2025-05-23 10:51:08 | INFO |       95.905 ¦     4592           2              0.010 
2025-05-23 10:51:08 | INFO |       95.915 ¦     4593           2              0.010 
2025-05-23 10:51:08 | INFO |       95.925 ¦     4594           2              0.010 
2025-05-23 10:51:08 | INFO |       95.935 ¦     4595           2              0.010 
2025-05-23 10:51:08 | INFO |       95.945 ¦     4596           2              0.010 
2025-05-23 10:51:08 | INFO |       95.955 ¦     4597           2              0.010 
2025-05-23 10:51:08 | INFO |       95.965 ¦     4598           2              0.010 
2025-05-23 10:51:08 | INFO |       95.975 ¦     4599           2              0.010 
2025-05-23 10:51:08 | INFO |       95.985 ¦     4600           2              0.010 
2025-05-23 10:51:08 | INFO |       95.995 ¦     4601           2              0.010 
2025-05-23 10:51:08 | INFO |       96.005 ¦     4602           2              0.010 
2025-05-23 10:51:08 | INFO |       96.015 ¦     4603           2              0.010 
2025-05-23 10:51:08 | INFO |       96.025 ¦     4604           2              0.010 
2025-05-23 10:51:08 | INFO |       96.035 ¦     4605           2              0.010 
2025-05-23 10:51:08 | INFO |       96.045 ¦     4606           2              0.010 
2025-05-23 10:51:08 | INFO |       96.055 ¦     4607           2              0.010 
2025-05-23 10:51:08 | INFO |       96.065 ¦     4608           2              0.010 
2025-05-23 10:51:08 | INFO |       96.075 ¦     4609           2              0.010 
2025-05-23 10:51:08 | INFO |       96.085 ¦     4610           2              0.010 
2025-05-23 10:51:08 | INFO |       96.095 ¦     4611           2              0.010 
2025-05-23 10:51:08 | INFO |       96.105 ¦     4612           2              0.010 
2025-05-23 10:51:08 | INFO |       96.115 ¦     4613           2              0.010 
2025-05-23 10:51:08 | INFO |       96.125 ¦     4614           2              0.010 
2025-05-23 10:51:08 | INFO |       96.135 ¦     4615           2              0.010 
2025-05-23 10:51:08 | INFO |       96.145 ¦     4616           2              0.010 
2025-05-23 10:51:08 | INFO |       96.155 ¦     4617           2              0.010 
2025-05-23 10:51:08 | INFO |       96.165 ¦     4618           2              0.010 
2025-05-23 10:51:08 | INFO |       96.175 ¦     4619           2              0.010 
2025-05-23 10:51:08 | INFO |       96.185 ¦     4620           2              0.010 
2025-05-23 10:51:08 | INFO |       96.195 ¦     4621           2              0.010 
2025-05-23 10:51:08 | INFO |       96.205 ¦     4622           2              0.010 
2025-05-23 10:51:08 | INFO |       96.215 ¦     4623           2              0.010 
2025-05-23 10:51:08 | INFO |       96.225 ¦     4624           2              0.010 
2025-05-23 10:51:08 | INFO |       96.235 ¦     4625           2              0.010 
2025-05-23 10:51:08 | INFO |       96.245 ¦     4626           2              0.010 
2025-05-23 10:51:08 | INFO |       96.255 ¦     4627           2              0.010 
2025-05-23 10:51:08 | INFO |       96.265 ¦     4628           2              0.010 
2025-05-23 10:51:08 | INFO |       96.275 ¦     4629           2              0.010 
2025-05-23 10:51:08 | INFO |       96.285 ¦     4630           2              0.010 
2025-05-23 10:51:08 | INFO |       96.295 ¦     4631           2              0.010 
2025-05-23 10:51:08 | INFO |       96.305 ¦     4632           2              0.010 
2025-05-23 10:51:08 | INFO |       96.315 ¦     4633           2              0.010 
2025-05-23 10:51:08 | INFO |       96.325 ¦     4634           2              0.010 
2025-05-23 10:51:08 | INFO |       96.335 ¦     4635           2              0.010 
2025-05-23 10:51:08 | INFO |       96.345 ¦     4636           2              0.010 
2025-05-23 10:51:08 | INFO |       96.355 ¦     4637           2              0.010 
2025-05-23 10:51:08 | INFO |       96.365 ¦     4638           2              0.010 
2025-05-23 10:51:08 | INFO |       96.375 ¦     4639           2              0.010 
2025-05-23 10:51:08 | INFO |       96.385 ¦     4640           2              0.010 
2025-05-23 10:51:08 | INFO |       96.395 ¦     4641           2              0.010 
2025-05-23 10:51:08 | INFO |       96.405 ¦     4642           2              0.010 
2025-05-23 10:51:08 | INFO |       96.415 ¦     4643           2              0.010 
2025-05-23 10:51:08 | INFO |       96.425 ¦     4644           2              0.010 
2025-05-23 10:51:08 | INFO |       96.435 ¦     4645           2              0.010 
2025-05-23 10:51:08 | INFO |       96.445 ¦     4646           2              0.010 
2025-05-23 10:51:08 | INFO |       96.455 ¦     4647           2              0.010 
2025-05-23 10:51:08 | INFO |       96.465 ¦     4648           2              0.010 
2025-05-23 10:51:08 | INFO |       96.475 ¦     4649           2              0.010 
2025-05-23 10:51:08 | INFO |       96.485 ¦     4650           2              0.010 
2025-05-23 10:51:08 | INFO |       96.495 ¦     4651           2              0.010 
2025-05-23 10:51:08 | INFO |       96.505 ¦     4652           2              0.010 
2025-05-23 10:51:08 | INFO |       96.515 ¦     4653           2              0.010 
2025-05-23 10:51:08 | INFO |       96.525 ¦     4654           2              0.010 
2025-05-23 10:51:08 | INFO |       96.535 ¦     4655           2              0.010 
2025-05-23 10:51:08 | INFO |       96.545 ¦     4656           2              0.010 
2025-05-23 10:51:08 | INFO |       96.555 ¦     4657           2              0.010 
2025-05-23 10:51:08 | INFO |       96.565 ¦     4658           2              0.010 
2025-05-23 10:51:08 | INFO |       96.575 ¦     4659           2              0.010 
2025-05-23 10:51:08 | INFO |       96.585 ¦     4660           2              0.010 
2025-05-23 10:51:08 | INFO |       96.595 ¦     4661           2              0.010 
2025-05-23 10:51:08 | INFO |       96.605 ¦     4662           2              0.010 
2025-05-23 10:51:08 | INFO |       96.615 ¦     4663           2              0.010 
2025-05-23 10:51:08 | INFO |       96.625 ¦     4664           2              0.010 
2025-05-23 10:51:08 | INFO |       96.635 ¦     4665           2              0.010 
2025-05-23 10:51:08 | INFO |       96.645 ¦     4666           2              0.010 
2025-05-23 10:51:08 | INFO |       96.655 ¦     4667           2              0.010 
2025-05-23 10:51:08 | INFO |       96.665 ¦     4668           2              0.010 
2025-05-23 10:51:08 | INFO |       96.675 ¦     4669           2              0.010 
2025-05-23 10:51:08 | INFO |       96.685 ¦     4670           2              0.010 
2025-05-23 10:51:08 | INFO |       96.695 ¦     4671           2              0.010 
2025-05-23 10:51:08 | INFO |       96.705 ¦     4672           2              0.010 
2025-05-23 10:51:08 | INFO |       96.715 ¦     4673           2              0.010 
2025-05-23 10:51:08 | INFO |       96.725 ¦     4674           2              0.010 
2025-05-23 10:51:08 | INFO |       96.735 ¦     4675           2              0.010 
2025-05-23 10:51:08 | INFO |       96.745 ¦     4676           2              0.010 
2025-05-23 10:51:08 | INFO |       96.755 ¦     4677           2              0.010 
2025-05-23 10:51:08 | INFO |       96.765 ¦     4678           2              0.010 
2025-05-23 10:51:08 | INFO |       96.775 ¦     4679           2              0.010 
2025-05-23 10:51:08 | INFO |       96.785 ¦     4680           2              0.010 
2025-05-23 10:51:08 | INFO |       96.795 ¦     4681           2              0.010 
2025-05-23 10:51:08 | INFO |       96.805 ¦     4682           2              0.010 
2025-05-23 10:51:08 | INFO |       96.815 ¦     4683           2              0.010 
2025-05-23 10:51:08 | INFO |       96.825 ¦     4684           2              0.010 
2025-05-23 10:51:08 | INFO |       96.835 ¦     4685           2              0.010 
2025-05-23 10:51:08 | INFO |       96.845 ¦     4686           2              0.010 
2025-05-23 10:51:08 | INFO |       96.855 ¦     4687           2              0.010 
2025-05-23 10:51:08 | INFO |       96.865 ¦     4688           2              0.010 
2025-05-23 10:51:08 | INFO |       96.875 ¦     4689           2              0.010 
2025-05-23 10:51:08 | INFO |       96.885 ¦     4690           2              0.010 
2025-05-23 10:51:08 | INFO |       96.895 ¦     4691           2              0.010 
2025-05-23 10:51:08 | INFO |       96.905 ¦     4692           2              0.010 
2025-05-23 10:51:08 | INFO |       96.915 ¦     4693           2              0.010 
2025-05-23 10:51:08 | INFO |       96.925 ¦     4694           2              0.010 
2025-05-23 10:51:08 | INFO |       96.935 ¦     4695           2              0.010 
2025-05-23 10:51:08 | INFO |       96.945 ¦     4696           2              0.010 
2025-05-23 10:51:08 | INFO |       96.955 ¦     4697           2              0.010 
2025-05-23 10:51:08 | INFO |       96.965 ¦     4698           2              0.010 
2025-05-23 10:51:08 | INFO |       96.975 ¦     4699           2              0.010 
2025-05-23 10:51:08 | INFO |       96.985 ¦     4700           2              0.010 
2025-05-23 10:51:08 | INFO |       96.995 ¦     4701           2              0.010 
2025-05-23 10:51:08 | INFO |       97.005 ¦     4702           2              0.010 
2025-05-23 10:51:08 | INFO |       97.015 ¦     4703           2              0.010 
2025-05-23 10:51:08 | INFO |       97.025 ¦     4704           2              0.010 
2025-05-23 10:51:08 | INFO |       97.035 ¦     4705           2              0.010 
2025-05-23 10:51:08 | INFO |       97.045 ¦     4706           2              0.010 
2025-05-23 10:51:08 | INFO |       97.055 ¦     4707           2              0.010 
2025-05-23 10:51:08 | INFO |       97.065 ¦     4708           2              0.010 
2025-05-23 10:51:08 | INFO |       97.075 ¦     4709           2              0.010 
2025-05-23 10:51:08 | INFO |       97.085 ¦     4710           2              0.010 
2025-05-23 10:51:08 | INFO |       97.095 ¦     4711           2              0.010 
2025-05-23 10:51:08 | INFO |       97.105 ¦     4712           2              0.010 
2025-05-23 10:51:08 | INFO |       97.115 ¦     4713           2              0.010 
2025-05-23 10:51:08 | INFO |       97.125 ¦     4714           2              0.010 
2025-05-23 10:51:08 | INFO |       97.135 ¦     4715           2              0.010 
2025-05-23 10:51:08 | INFO |       97.145 ¦     4716           2              0.010 
2025-05-23 10:51:08 | INFO |       97.155 ¦     4717           2              0.010 
2025-05-23 10:51:08 | INFO |       97.165 ¦     4718           2              0.010 
2025-05-23 10:51:08 | INFO |       97.175 ¦     4719           2              0.010 
2025-05-23 10:51:08 | INFO |       97.185 ¦     4720           2              0.010 
2025-05-23 10:51:08 | INFO |       97.195 ¦     4721           2              0.010 
2025-05-23 10:51:08 | INFO |       97.205 ¦     4722           2              0.010 
2025-05-23 10:51:08 | INFO |       97.215 ¦     4723           2              0.010 
2025-05-23 10:51:08 | INFO |       97.225 ¦     4724           2              0.010 
2025-05-23 10:51:08 | INFO |       97.235 ¦     4725           2              0.010 
2025-05-23 10:51:08 | INFO |       97.245 ¦     4726           2              0.010 
2025-05-23 10:51:08 | INFO |       97.255 ¦     4727           2              0.010 
2025-05-23 10:51:08 | INFO |       97.265 ¦     4728           2              0.010 
2025-05-23 10:51:08 | INFO |       97.275 ¦     4729           2              0.010 
2025-05-23 10:51:08 | INFO |       97.285 ¦     4730           2              0.010 
2025-05-23 10:51:08 | INFO |       97.295 ¦     4731           2              0.010 
2025-05-23 10:51:08 | INFO |       97.305 ¦     4732           2              0.010 
2025-05-23 10:51:08 | INFO |       97.315 ¦     4733           2              0.010 
2025-05-23 10:51:08 | INFO |       97.325 ¦     4734           2              0.010 
2025-05-23 10:51:08 | INFO |       97.335 ¦     4735           2              0.010 
2025-05-23 10:51:08 | INFO |       97.345 ¦     4736           2              0.010 
2025-05-23 10:51:08 | INFO |       97.355 ¦     4737           2              0.010 
2025-05-23 10:51:08 | INFO |       97.365 ¦     4738           2              0.010 
2025-05-23 10:51:08 | INFO |       97.375 ¦     4739           2              0.010 
2025-05-23 10:51:08 | INFO |       97.385 ¦     4740           2              0.010 
2025-05-23 10:51:08 | INFO |       97.395 ¦     4741           2              0.010 
2025-05-23 10:51:08 | INFO |       97.405 ¦     4742           2              0.010 
2025-05-23 10:51:08 | INFO |       97.415 ¦     4743           2              0.010 
2025-05-23 10:51:08 | INFO |       97.425 ¦     4744           2              0.010 
2025-05-23 10:51:08 | INFO |       97.435 ¦     4745           2              0.010 
2025-05-23 10:51:08 | INFO |       97.445 ¦     4746           2              0.010 
2025-05-23 10:51:08 | INFO |       97.455 ¦     4747           2              0.010 
2025-05-23 10:51:08 | INFO |       97.465 ¦     4748           2              0.010 
2025-05-23 10:51:08 | INFO |       97.475 ¦     4749           2              0.010 
2025-05-23 10:51:08 | INFO |       97.485 ¦     4750           2              0.010 
2025-05-23 10:51:08 | INFO |       97.495 ¦     4751           2              0.010 
2025-05-23 10:51:08 | INFO |       97.505 ¦     4752           2              0.010 
2025-05-23 10:51:08 | INFO |       97.515 ¦     4753           2              0.010 
2025-05-23 10:51:08 | INFO |       97.525 ¦     4754           2              0.010 
2025-05-23 10:51:08 | INFO |       97.535 ¦     4755           2              0.010 
2025-05-23 10:51:08 | INFO |       97.545 ¦     4756           2              0.010 
2025-05-23 10:51:08 | INFO |       97.555 ¦     4757           2              0.010 
2025-05-23 10:51:08 | INFO |       97.565 ¦     4758           2              0.010 
2025-05-23 10:51:08 | INFO |       97.575 ¦     4759           2              0.010 
2025-05-23 10:51:08 | INFO |       97.585 ¦     4760           2              0.010 
2025-05-23 10:51:08 | INFO |       97.595 ¦     4761           2              0.010 
2025-05-23 10:51:08 | INFO |       97.605 ¦     4762           2              0.010 
2025-05-23 10:51:08 | INFO |       97.615 ¦     4763           2              0.010 
2025-05-23 10:51:08 | INFO |       97.625 ¦     4764           2              0.010 
2025-05-23 10:51:08 | INFO |       97.635 ¦     4765           2              0.010 
2025-05-23 10:51:08 | INFO |       97.645 ¦     4766           2              0.010 
2025-05-23 10:51:08 | INFO |       97.655 ¦     4767           2              0.010 
2025-05-23 10:51:08 | INFO |       97.665 ¦     4768           2              0.010 
2025-05-23 10:51:08 | INFO |       97.675 ¦     4769           2              0.010 
2025-05-23 10:51:08 | INFO |       97.685 ¦     4770           2              0.010 
2025-05-23 10:51:08 | INFO |       97.695 ¦     4771           2              0.010 
2025-05-23 10:51:08 | INFO |       97.705 ¦     4772           2              0.010 
2025-05-23 10:51:08 | INFO |       97.715 ¦     4773           2              0.010 
2025-05-23 10:51:08 | INFO |       97.725 ¦     4774           2              0.010 
2025-05-23 10:51:08 | INFO |       97.735 ¦     4775           2              0.010 
2025-05-23 10:51:08 | INFO |       97.745 ¦     4776           2              0.010 
2025-05-23 10:51:08 | INFO |       97.755 ¦     4777           2              0.010 
2025-05-23 10:51:08 | INFO |       97.765 ¦     4778           2              0.010 
2025-05-23 10:51:08 | INFO |       97.775 ¦     4779           2              0.010 
2025-05-23 10:51:08 | INFO |       97.785 ¦     4780           2              0.010 
2025-05-23 10:51:08 | INFO |       97.795 ¦     4781           2              0.010 
2025-05-23 10:51:08 | INFO |       97.805 ¦     4782           2              0.010 
2025-05-23 10:51:08 | INFO |       97.815 ¦     4783           2              0.010 
2025-05-23 10:51:08 | INFO |       97.825 ¦     4784           2              0.010 
2025-05-23 10:51:08 | INFO |       97.835 ¦     4785           2              0.010 
2025-05-23 10:51:08 | INFO |       97.845 ¦     4786           2              0.010 
2025-05-23 10:51:08 | INFO |       97.855 ¦     4787           2              0.010 
2025-05-23 10:51:08 | INFO |       97.865 ¦     4788           2              0.010 
2025-05-23 10:51:08 | INFO |       97.875 ¦     4789           2              0.010 
2025-05-23 10:51:08 | INFO |       97.885 ¦     4790           2              0.010 
2025-05-23 10:51:08 | INFO |       97.895 ¦     4791           2              0.010 
2025-05-23 10:51:08 | INFO |       97.905 ¦     4792           2              0.010 
2025-05-23 10:51:08 | INFO |       97.915 ¦     4793           2              0.010 
2025-05-23 10:51:08 | INFO |       97.925 ¦     4794           2              0.010 
2025-05-23 10:51:08 | INFO |       97.935 ¦     4795           2              0.010 
2025-05-23 10:51:08 | INFO |       97.945 ¦     4796           2              0.010 
2025-05-23 10:51:08 | INFO |       97.955 ¦     4797           2              0.010 
2025-05-23 10:51:08 | INFO |       97.965 ¦     4798           2              0.010 
2025-05-23 10:51:08 | INFO |       97.975 ¦     4799           2              0.010 
2025-05-23 10:51:08 | INFO |       97.985 ¦     4800           2              0.010 
2025-05-23 10:51:08 | INFO |       97.995 ¦     4801           2              0.010 
2025-05-23 10:51:08 | INFO |       98.005 ¦     4802           2              0.010 
2025-05-23 10:51:08 | INFO |       98.015 ¦     4803           2              0.010 
2025-05-23 10:51:08 | INFO |       98.025 ¦     4804           2              0.010 
2025-05-23 10:51:08 | INFO |       98.035 ¦     4805           2              0.010 
2025-05-23 10:51:08 | INFO |       98.045 ¦     4806           2              0.010 
2025-05-23 10:51:08 | INFO |       98.055 ¦     4807           2              0.010 
2025-05-23 10:51:08 | INFO |       98.065 ¦     4808           2              0.010 
2025-05-23 10:51:08 | INFO |       98.075 ¦     4809           2              0.010 
2025-05-23 10:51:08 | INFO |       98.085 ¦     4810           2              0.010 
2025-05-23 10:51:08 | INFO |       98.095 ¦     4811           2              0.010 
2025-05-23 10:51:08 | INFO |       98.105 ¦     4812           2              0.010 
2025-05-23 10:51:08 | INFO |       98.115 ¦     4813           2              0.010 
2025-05-23 10:51:08 | INFO |       98.125 ¦     4814           2              0.010 
2025-05-23 10:51:08 | INFO |       98.135 ¦     4815           2              0.010 
2025-05-23 10:51:08 | INFO |       98.145 ¦     4816           2              0.010 
2025-05-23 10:51:08 | INFO |       98.155 ¦     4817           2              0.010 
2025-05-23 10:51:08 | INFO |       98.165 ¦     4818           2              0.010 
2025-05-23 10:51:08 | INFO |       98.175 ¦     4819           2              0.010 
2025-05-23 10:51:08 | INFO |       98.185 ¦     4820           2              0.010 
2025-05-23 10:51:08 | INFO |       98.195 ¦     4821           2              0.010 
2025-05-23 10:51:08 | INFO |       98.205 ¦     4822           2              0.010 
2025-05-23 10:51:08 | INFO |       98.215 ¦     4823           2              0.010 
2025-05-23 10:51:08 | INFO |       98.225 ¦     4824           2              0.010 
2025-05-23 10:51:08 | INFO |       98.235 ¦     4825           2              0.010 
2025-05-23 10:51:08 | INFO |       98.245 ¦     4826           2              0.010 
2025-05-23 10:51:08 | INFO |       98.255 ¦     4827           2              0.010 
2025-05-23 10:51:08 | INFO |       98.265 ¦     4828           2              0.010 
2025-05-23 10:51:08 | INFO |       98.275 ¦     4829           2              0.010 
2025-05-23 10:51:08 | INFO |       98.285 ¦     4830           2              0.010 
2025-05-23 10:51:08 | INFO |       98.295 ¦     4831           2              0.010 
2025-05-23 10:51:08 | INFO |       98.305 ¦     4832           2              0.010 
2025-05-23 10:51:08 | INFO |       98.315 ¦     4833           2              0.010 
2025-05-23 10:51:08 | INFO |       98.325 ¦     4834           2              0.010 
2025-05-23 10:51:08 | INFO |       98.335 ¦     4835           2              0.010 
2025-05-23 10:51:08 | INFO |       98.345 ¦     4836           2              0.010 
2025-05-23 10:51:08 | INFO |       98.355 ¦     4837           2              0.010 
2025-05-23 10:51:08 | INFO |       98.365 ¦     4838           2              0.010 
2025-05-23 10:51:08 | INFO |       98.375 ¦     4839           2              0.010 
2025-05-23 10:51:08 | INFO |       98.385 ¦     4840           2              0.010 
2025-05-23 10:51:08 | INFO |       98.395 ¦     4841           2              0.010 
2025-05-23 10:51:08 | INFO |       98.405 ¦     4842           2              0.010 
2025-05-23 10:51:08 | INFO |       98.415 ¦     4843           2              0.010 
2025-05-23 10:51:08 | INFO |       98.425 ¦     4844           2              0.010 
2025-05-23 10:51:08 | INFO |       98.435 ¦     4845           2              0.010 
2025-05-23 10:51:08 | INFO |       98.445 ¦     4846           2              0.010 
2025-05-23 10:51:08 | INFO |       98.455 ¦     4847           2              0.010 
2025-05-23 10:51:08 | INFO |       98.465 ¦     4848           2              0.010 
2025-05-23 10:51:08 | INFO |       98.475 ¦     4849           2              0.010 
2025-05-23 10:51:08 | INFO |       98.485 ¦     4850           2              0.010 
2025-05-23 10:51:08 | INFO |       98.495 ¦     4851           2              0.010 
2025-05-23 10:51:08 | INFO |       98.505 ¦     4852           2              0.010 
2025-05-23 10:51:08 | INFO |       98.515 ¦     4853           2              0.010 
2025-05-23 10:51:08 | INFO |       98.525 ¦     4854           2              0.010 
2025-05-23 10:51:08 | INFO |       98.535 ¦     4855           2              0.010 
2025-05-23 10:51:08 | INFO |       98.545 ¦     4856           2              0.010 
2025-05-23 10:51:08 | INFO |       98.555 ¦     4857           2              0.010 
2025-05-23 10:51:08 | INFO |       98.565 ¦     4858           2              0.010 
2025-05-23 10:51:08 | INFO |       98.575 ¦     4859           2              0.010 
2025-05-23 10:51:08 | INFO |       98.585 ¦     4860           2              0.010 
2025-05-23 10:51:08 | INFO |       98.595 ¦     4861           2              0.010 
2025-05-23 10:51:08 | INFO |       98.605 ¦     4862           2              0.010 
2025-05-23 10:51:08 | INFO |       98.615 ¦     4863           2              0.010 
2025-05-23 10:51:08 | INFO |       98.625 ¦     4864           2              0.010 
2025-05-23 10:51:08 | INFO |       98.635 ¦     4865           2              0.010 
2025-05-23 10:51:08 | INFO |       98.645 ¦     4866           2              0.010 
2025-05-23 10:51:08 | INFO |       98.655 ¦     4867           2              0.010 
2025-05-23 10:51:08 | INFO |       98.665 ¦     4868           2              0.010 
2025-05-23 10:51:08 | INFO |       98.675 ¦     4869           2              0.010 
2025-05-23 10:51:08 | INFO |       98.685 ¦     4870           2              0.010 
2025-05-23 10:51:08 | INFO |       98.695 ¦     4871           2              0.010 
2025-05-23 10:51:08 | INFO |       98.705 ¦     4872           2              0.010 
2025-05-23 10:51:08 | INFO |       98.715 ¦     4873           2              0.010 
2025-05-23 10:51:08 | INFO |       98.725 ¦     4874           2              0.010 
2025-05-23 10:51:08 | INFO |       98.735 ¦     4875           2              0.010 
2025-05-23 10:51:08 | INFO |       98.745 ¦     4876           2              0.010 
2025-05-23 10:51:08 | INFO |       98.755 ¦     4877           2              0.010 
2025-05-23 10:51:08 | INFO |       98.765 ¦     4878           2              0.010 
2025-05-23 10:51:08 | INFO |       98.775 ¦     4879           2              0.010 
2025-05-23 10:51:08 | INFO |       98.785 ¦     4880           2              0.010 
2025-05-23 10:51:08 | INFO |       98.795 ¦     4881           2              0.010 
2025-05-23 10:51:08 | INFO |       98.805 ¦     4882           2              0.010 
2025-05-23 10:51:08 | INFO |       98.815 ¦     4883           2              0.010 
2025-05-23 10:51:08 | INFO |       98.825 ¦     4884           2              0.010 
2025-05-23 10:51:08 | INFO |       98.835 ¦     4885           2              0.010 
2025-05-23 10:51:08 | INFO |       98.845 ¦     4886           2              0.010 
2025-05-23 10:51:08 | INFO |       98.855 ¦     4887           2              0.010 
2025-05-23 10:51:08 | INFO |       98.865 ¦     4888           2              0.010 
2025-05-23 10:51:08 | INFO |       98.875 ¦     4889           2              0.010 
2025-05-23 10:51:08 | INFO |       98.885 ¦     4890           2              0.010 
2025-05-23 10:51:08 | INFO |       98.895 ¦     4891           2              0.010 
2025-05-23 10:51:08 | INFO |       98.905 ¦     4892           2              0.010 
2025-05-23 10:51:08 | INFO |       98.915 ¦     4893           2              0.010 
2025-05-23 10:51:08 | INFO |       98.925 ¦     4894           2              0.010 
2025-05-23 10:51:08 | INFO |       98.935 ¦     4895           2              0.010 
2025-05-23 10:51:08 | INFO |       98.945 ¦     4896           2              0.010 
2025-05-23 10:51:08 | INFO |       98.955 ¦     4897           2              0.010 
2025-05-23 10:51:08 | INFO |       98.965 ¦     4898           2              0.010 
2025-05-23 10:51:08 | INFO |       98.975 ¦     4899           2              0.010 
2025-05-23 10:51:08 | INFO |       98.985 ¦     4900           2              0.010 
2025-05-23 10:51:08 | INFO |       98.995 ¦     4901           2              0.010 
2025-05-23 10:51:08 | INFO |       99.005 ¦     4902           2              0.010 
2025-05-23 10:51:08 | INFO |       99.015 ¦     4903           2              0.010 
2025-05-23 10:51:08 | INFO |       99.025 ¦     4904           2              0.010 
2025-05-23 10:51:08 | INFO |       99.035 ¦     4905           2              0.010 
2025-05-23 10:51:08 | INFO |       99.045 ¦     4906           2              0.010 
2025-05-23 10:51:08 | INFO |       99.055 ¦     4907           2              0.010 
2025-05-23 10:51:08 | INFO |       99.065 ¦     4908           2              0.010 
2025-05-23 10:51:08 | INFO |       99.075 ¦     4909           2              0.010 
2025-05-23 10:51:08 | INFO |       99.085 ¦     4910           2              0.010 
2025-05-23 10:51:08 | INFO |       99.095 ¦     4911           2              0.010 
2025-05-23 10:51:08 | INFO |       99.105 ¦     4912           2              0.010 
2025-05-23 10:51:08 | INFO |       99.115 ¦     4913           2              0.010 
2025-05-23 10:51:08 | INFO |       99.125 ¦     4914           2              0.010 
2025-05-23 10:51:08 | INFO |       99.135 ¦     4915           2              0.010 
2025-05-23 10:51:08 | INFO |       99.145 ¦     4916           2              0.010 
2025-05-23 10:51:08 | INFO |       99.155 ¦     4917           2              0.010 
2025-05-23 10:51:08 | INFO |       99.165 ¦     4918           2              0.010 
2025-05-23 10:51:08 | INFO |       99.175 ¦     4919           2              0.010 
2025-05-23 10:51:08 | INFO |       99.185 ¦     4920           2              0.010 
2025-05-23 10:51:08 | INFO |       99.195 ¦     4921           2              0.010 
2025-05-23 10:51:08 | INFO |       99.205 ¦     4922           2              0.010 
2025-05-23 10:51:08 | INFO |       99.215 ¦     4923           2              0.010 
2025-05-23 10:51:08 | INFO |       99.225 ¦     4924           2              0.010 
2025-05-23 10:51:08 | INFO |       99.235 ¦     4925           2              0.010 
2025-05-23 10:51:08 | INFO |       99.245 ¦     4926           2              0.010 
2025-05-23 10:51:08 | INFO |       99.255 ¦     4927           2              0.010 
2025-05-23 10:51:08 | INFO |       99.265 ¦     4928           2              0.010 
2025-05-23 10:51:08 | INFO |       99.275 ¦     4929           2              0.010 
2025-05-23 10:51:08 | INFO |       99.285 ¦     4930           2              0.010 
2025-05-23 10:51:08 | INFO |       99.295 ¦     4931           2              0.010 
2025-05-23 10:51:08 | INFO |       99.305 ¦     4932           2              0.010 
2025-05-23 10:51:08 | INFO |       99.315 ¦     4933           2              0.010 
2025-05-23 10:51:08 | INFO |       99.325 ¦     4934           2              0.010 
2025-05-23 10:51:08 | INFO |       99.335 ¦     4935           2              0.010 
2025-05-23 10:51:08 | INFO |       99.345 ¦     4936           2              0.010 
2025-05-23 10:51:08 | INFO |       99.355 ¦     4937           2              0.010 
2025-05-23 10:51:08 | INFO |       99.365 ¦     4938           2              0.010 
2025-05-23 10:51:08 | INFO |       99.375 ¦     4939           2              0.010 
2025-05-23 10:51:08 | INFO |       99.385 ¦     4940           2              0.010 
2025-05-23 10:51:08 | INFO |       99.395 ¦     4941           2              0.010 
2025-05-23 10:51:08 | INFO |       99.405 ¦     4942           2              0.010 
2025-05-23 10:51:08 | INFO |       99.415 ¦     4943           2              0.010 
2025-05-23 10:51:08 | INFO |       99.425 ¦     4944           2              0.010 
2025-05-23 10:51:08 | INFO |       99.435 ¦     4945           2              0.010 
2025-05-23 10:51:08 | INFO |       99.445 ¦     4946           2              0.010 
2025-05-23 10:51:08 | INFO |       99.455 ¦     4947           2              0.010 
2025-05-23 10:51:08 | INFO |       99.465 ¦     4948           2              0.010 
2025-05-23 10:51:08 | INFO |       99.475 ¦     4949           2              0.010 
2025-05-23 10:51:08 | INFO |       99.485 ¦     4950           2              0.010 
2025-05-23 10:51:08 | INFO |       99.495 ¦     4951           2              0.010 
2025-05-23 10:51:08 | INFO |       99.505 ¦     4952           2              0.010 
2025-05-23 10:51:08 | INFO |       99.515 ¦     4953           2              0.010 
2025-05-23 10:51:08 | INFO |       99.525 ¦     4954           2              0.010 
2025-05-23 10:51:08 | INFO |       99.535 ¦     4955           2              0.010 
2025-05-23 10:51:08 | INFO |       99.545 ¦     4956           2              0.010 
2025-05-23 10:51:08 | INFO |       99.555 ¦     4957           2              0.010 
2025-05-23 10:51:08 | INFO |       99.565 ¦     4958           2              0.010 
2025-05-23 10:51:08 | INFO |       99.575 ¦     4959           2              0.010 
2025-05-23 10:51:08 | INFO |       99.585 ¦     4960           2              0.010 
2025-05-23 10:51:08 | INFO |       99.595 ¦     4961           2              0.010 
2025-05-23 10:51:08 | INFO |       99.605 ¦     4962           2              0.010 
2025-05-23 10:51:08 | INFO |       99.615 ¦     4963           2              0.010 
2025-05-23 10:51:08 | INFO |       99.625 ¦     4964           2              0.010 
2025-05-23 10:51:08 | INFO |       99.635 ¦     4965           2              0.010 
2025-05-23 10:51:08 | INFO |       99.645 ¦     4966           2              0.010 
2025-05-23 10:51:08 | INFO |       99.655 ¦     4967           2              0.010 
2025-05-23 10:51:08 | INFO |       99.665 ¦     4968           2              0.010 
2025-05-23 10:51:08 | INFO |       99.675 ¦     4969           2              0.010 
2025-05-23 10:51:08 | INFO |       99.685 ¦     4970           2              0.010 
2025-05-23 10:51:08 | INFO |       99.695 ¦     4971           2              0.010 
2025-05-23 10:51:08 | INFO |       99.705 ¦     4972           2              0.010 
2025-05-23 10:51:08 | INFO |       99.715 ¦     4973           2              0.010 
2025-05-23 10:51:08 | INFO |       99.725 ¦     4974           2              0.010 
2025-05-23 10:51:08 | INFO |       99.735 ¦     4975           2              0.010 
2025-05-23 10:51:08 | INFO |       99.745 ¦     4976           2              0.010 
2025-05-23 10:51:08 | INFO |       99.755 ¦     4977           2              0.010 
2025-05-23 10:51:08 | INFO |       99.765 ¦     4978           2              0.010 
2025-05-23 10:51:08 | INFO |       99.775 ¦     4979           2              0.010 
2025-05-23 10:51:08 | INFO |       99.785 ¦     4980           2              0.010 
2025-05-23 10:51:08 | INFO |       99.795 ¦     4981           2              0.010 
2025-05-23 10:51:08 | INFO |       99.805 ¦     4982           2              0.010 
2025-05-23 10:51:08 | INFO |       99.815 ¦     4983           2              0.010 
2025-05-23 10:51:08 | INFO |       99.825 ¦     4984           2              0.010 
2025-05-23 10:51:08 | INFO |       99.835 ¦     4985           2              0.010 
2025-05-23 10:51:08 | INFO |       99.845 ¦     4986           2              0.010 
2025-05-23 10:51:08 | INFO |       99.855 ¦     4987           2              0.010 
2025-05-23 10:51:08 | INFO |       99.865 ¦     4988           2              0.010 
2025-05-23 10:51:08 | INFO |       99.875 ¦     4989           2              0.010 
2025-05-23 10:51:08 | INFO |       99.885 ¦     4990           2              0.010 
2025-05-23 10:51:08 | INFO |       99.895 ¦     4991           2              0.010 
2025-05-23 10:51:08 | INFO |       99.905 ¦     4992           2              0.010 
2025-05-23 10:51:08 | INFO |       99.915 ¦     4993           2              0.010 
2025-05-23 10:51:08 | INFO |       99.925 ¦     4994           2              0.010 
2025-05-23 10:51:08 | INFO |       99.935 ¦     4995           2              0.010 
2025-05-23 10:51:08 | INFO |       99.945 ¦     4996           2              0.010 
2025-05-23 10:51:08 | INFO |       99.955 ¦     4997           2              0.010 
2025-05-23 10:51:08 | INFO |       99.965 ¦     4998           2              0.010 
2025-05-23 10:51:08 | INFO |       99.975 ¦     4999           2              0.010 
2025-05-23 10:51:08 | INFO |       99.985 ¦     5000           2              0.010 
2025-05-23 10:51:08 | INFO |       99.995 ¦     5001           2              0.010 
2025-05-23 10:51:08 | INFO | Algebraic mode change at t = 100
2025-05-23 10:51:08 | INFO |      100.000 ¦     5002           2              0.005 
2025-05-23 10:51:08 | INFO | calculation of the new starting point of the simulation.
2025-05-23 10:51:08 | INFO |      100.000 ¦        0           0              0.000 
2025-05-23 10:51:08 | INFO |      100.000 ¦        1           1              0.000 
2025-05-23 10:51:08 | INFO |      100.000 ¦        2           1              0.000 
2025-05-23 10:51:08 | INFO |      100.000 ¦        3           2              0.000 
2025-05-23 10:51:08 | INFO |      100.000 ¦        4           2              0.000 
2025-05-23 10:51:08 | INFO |      100.000 ¦        5           2              0.000 
2025-05-23 10:51:08 | INFO |      100.000 ¦        6           2              0.000 
2025-05-23 10:51:09 | INFO | 
2025-05-23 10:51:09 | INFO | execution statistics :
2025-05-23 10:51:09 | INFO | 
2025-05-23 10:51:09 | INFO | number of time iterations                  = 10846
2025-05-23 10:51:09 | INFO | number of residual evaluations             = 11616
2025-05-23 10:51:09 | INFO | number of Jacobian evaluations             = 511
2025-05-23 10:51:09 | INFO | number of nonlinear iterations             = 11498
2025-05-23 10:51:09 | INFO | number of error test failures              = 6
2025-05-23 10:51:09 | INFO | number of nonlinear convergence failures   = 3
2025-05-23 10:51:09 | INFO | number of root functions evaluations       = 12860
2025-05-23 10:51:09 | INFO | number of discrete variables evaluations   = 124
2025-05-23 10:51:09 | INFO | number of mode evaluations                 = 110
2025-05-23 10:51:09 | INFO | end of job 'PCS I7 (Power Park Modules) - Grid Voltage Swell'
