2025-05-23 10:51:21 | INFO |  ============================================================ 
2025-05-23 10:51:21 | INFO | DYNAWO VERSION  :     1.8.0
2025-05-23 10:51:21 | INFO | DYNAWO REVISION :    master-42ec24e
2025-05-23 10:51:21 | INFO |  ============================================================ 
2025-05-23 10:51:21 | INFO | 
2025-05-23 10:51:21 | INFO | -----------------------------------------------------------------------
2025-05-23 10:51:21 | INFO | building model from input files
2025-05-23 10:51:21 | INFO | -----------------------------------------------------------------------
2025-05-23 10:51:21 | INFO | model was built successfully
2025-05-23 10:51:21 | INFO | -----------------------------------------------------------------------
2025-05-23 10:51:21 | INFO | 
2025-05-23 10:51:21 | INFO | -----------------------------------------------------------------------
2025-05-23 10:51:21 | INFO | starting local initialization
2025-05-23 10:51:21 | INFO | -----------------------------------------------------------------------
2025-05-23 10:51:21 | INFO | end of local initialization
2025-05-23 10:51:21 | INFO | -----------------------------------------------------------------------
2025-05-23 10:51:21 | INFO | 
2025-05-23 10:51:21 | INFO | -----------------------------------------------------------------------
2025-05-23 10:51:21 | INFO | starting global initialization
2025-05-23 10:51:21 | INFO | -----------------------------------------------------------------------
2025-05-23 10:51:21 | INFO | Algebraic mode (with J recalculation) change at t = 0
2025-05-23 10:51:21 | INFO | Algebraic mode change at t = 0
2025-05-23 10:51:21 | INFO | Algebraic mode change at t = 0
2025-05-23 10:51:21 | INFO | end of global initialization
2025-05-23 10:51:21 | INFO | -----------------------------------------------------------------------
2025-05-23 10:51:21 | INFO | 
2025-05-23 10:51:21 | INFO | -----------------------------------------------------------------------
2025-05-23 10:51:21 | INFO | starting curve initialization
2025-05-23 10:51:21 | INFO | -----------------------------------------------------------------------
2025-05-23 10:51:21 | INFO | end of curve initialization, added 17 curves
2025-05-23 10:51:21 | INFO | -----------------------------------------------------------------------
2025-05-23 10:51:21 | INFO | 
2025-05-23 10:51:21 | INFO | -----------------------------------------------------------------------
2025-05-23 10:51:21 | INFO | starting simulation with solver SimplifiedSolver
2025-05-23 10:51:21 | INFO | -----------------------------------------------------------------------
2025-05-23 10:51:21 | INFO | -----------------------------------------------------------------------
2025-05-23 10:51:21 | INFO | number of continuous variables : 395
2025-05-23 10:51:21 | INFO | number of discrete variables : 131
2025-05-23 10:51:21 | INFO | number of root functions : 172
2025-05-23 10:51:21 | INFO | -----------------------------------------------------------------------
2025-05-23 10:51:21 | INFO |         time ¦ iter num   Nonlinear iter   jac eval      time step (h)
2025-05-23 10:51:21 | INFO | -----------------------------------------------------------------------
2025-05-23 10:51:21 | INFO |        0.000 ¦        0                0          0              0.010 
2025-05-23 10:51:21 | INFO | Algebraic mode (with J recalculation) change at t = 0.01
2025-05-23 10:51:21 | INFO |        0.010 ¦        1                1          1              0.010 
2025-05-23 10:51:21 | INFO | calculation of the new starting point of the simulation.
2025-05-23 10:51:21 | INFO |        0.010 ¦        1                1          1              0.010 
2025-05-23 10:51:21 | INFO |        0.020 ¦        2                2          2              0.010 
2025-05-23 10:51:21 | INFO |        0.030 ¦        3                3          2              0.010 
2025-05-23 10:51:21 | INFO |        0.040 ¦        4                5          2              0.010 
2025-05-23 10:51:21 | INFO |        0.050 ¦        5                7          2              0.010 
2025-05-23 10:51:21 | INFO |        0.060 ¦        6                9          2              0.010 
2025-05-23 10:51:21 | INFO |        0.070 ¦        7               11          2              0.010 
2025-05-23 10:51:21 | INFO |        0.080 ¦        8               13          2              0.010 
2025-05-23 10:51:21 | INFO |        0.090 ¦        9               15          2              0.010 
2025-05-23 10:51:21 | INFO |        0.100 ¦       10               17          2              0.010 
2025-05-23 10:51:21 | INFO |        0.110 ¦       11               19          2              0.010 
2025-05-23 10:51:21 | INFO |        0.120 ¦       12               21          2              0.010 
2025-05-23 10:51:21 | INFO |        0.130 ¦       13               23          2              0.010 
2025-05-23 10:51:21 | INFO |        0.140 ¦       14               25          2              0.010 
2025-05-23 10:51:21 | INFO |        0.150 ¦       15               27          2              0.010 
2025-05-23 10:51:21 | INFO |        0.160 ¦       16               29          2              0.010 
2025-05-23 10:51:21 | INFO |        0.170 ¦       17               31          2              0.010 
2025-05-23 10:51:21 | INFO |        0.180 ¦       18               33          2              0.010 
2025-05-23 10:51:21 | INFO |        0.190 ¦       19               35          2              0.010 
2025-05-23 10:51:21 | INFO |        0.200 ¦       20               37          2              0.010 
2025-05-23 10:51:21 | INFO |        0.210 ¦       21               39          2              0.010 
2025-05-23 10:51:21 | INFO |        0.220 ¦       22               41          2              0.010 
2025-05-23 10:51:21 | INFO |        0.230 ¦       23               43          2              0.010 
2025-05-23 10:51:21 | INFO |        0.240 ¦       24               45          2              0.010 
2025-05-23 10:51:21 | INFO |        0.250 ¦       25               47          2              0.010 
2025-05-23 10:51:21 | INFO |        0.260 ¦       26               49          2              0.010 
2025-05-23 10:51:21 | INFO |        0.270 ¦       27               51          2              0.010 
2025-05-23 10:51:21 | INFO |        0.280 ¦       28               53          2              0.010 
2025-05-23 10:51:21 | INFO |        0.290 ¦       29               55          2              0.010 
2025-05-23 10:51:21 | INFO |        0.300 ¦       30               57          2              0.010 
2025-05-23 10:51:21 | INFO |        0.310 ¦       31               59          2              0.010 
2025-05-23 10:51:21 | INFO |        0.320 ¦       32               61          2              0.010 
2025-05-23 10:51:21 | INFO |        0.330 ¦       33               63          2              0.010 
2025-05-23 10:51:21 | INFO |        0.340 ¦       34               65          2              0.010 
2025-05-23 10:51:21 | INFO |        0.350 ¦       35               67          2              0.010 
2025-05-23 10:51:21 | INFO |        0.360 ¦       36               69          2              0.010 
2025-05-23 10:51:21 | INFO |        0.370 ¦       37               71          2              0.010 
2025-05-23 10:51:21 | INFO |        0.380 ¦       38               73          2              0.010 
2025-05-23 10:51:21 | INFO |        0.390 ¦       39               75          2              0.010 
2025-05-23 10:51:21 | INFO |        0.400 ¦       40               77          2              0.010 
2025-05-23 10:51:21 | INFO |        0.410 ¦       41               79          2              0.010 
2025-05-23 10:51:21 | INFO |        0.420 ¦       42               81          2              0.010 
2025-05-23 10:51:21 | INFO |        0.430 ¦       43               83          2              0.010 
2025-05-23 10:51:21 | INFO |        0.440 ¦       44               85          2              0.010 
2025-05-23 10:51:21 | INFO |        0.450 ¦       45               87          2              0.010 
2025-05-23 10:51:21 | INFO |        0.460 ¦       46               89          2              0.010 
2025-05-23 10:51:21 | INFO |        0.470 ¦       47               91          2              0.010 
2025-05-23 10:51:21 | INFO |        0.480 ¦       48               93          2              0.010 
2025-05-23 10:51:21 | INFO |        0.490 ¦       49               95          2              0.010 
2025-05-23 10:51:21 | INFO |        0.500 ¦       50               97          2              0.010 
2025-05-23 10:51:21 | INFO |        0.510 ¦       51               99          2              0.010 
2025-05-23 10:51:21 | INFO |        0.520 ¦       52              101          2              0.010 
2025-05-23 10:51:21 | INFO |        0.530 ¦       53              103          2              0.010 
2025-05-23 10:51:21 | INFO |        0.540 ¦       54              105          2              0.010 
2025-05-23 10:51:21 | INFO |        0.550 ¦       55              107          2              0.010 
2025-05-23 10:51:21 | INFO |        0.560 ¦       56              109          2              0.010 
2025-05-23 10:51:21 | INFO |        0.570 ¦       57              111          2              0.010 
2025-05-23 10:51:21 | INFO |        0.580 ¦       58              113          2              0.010 
2025-05-23 10:51:21 | INFO |        0.590 ¦       59              115          2              0.010 
2025-05-23 10:51:21 | INFO |        0.600 ¦       60              117          2              0.010 
2025-05-23 10:51:21 | INFO |        0.610 ¦       61              119          2              0.010 
2025-05-23 10:51:21 | INFO |        0.620 ¦       62              121          2              0.010 
2025-05-23 10:51:21 | INFO |        0.630 ¦       63              123          2              0.010 
2025-05-23 10:51:21 | INFO |        0.640 ¦       64              125          2              0.010 
2025-05-23 10:51:21 | INFO |        0.650 ¦       65              127          2              0.010 
2025-05-23 10:51:21 | INFO |        0.660 ¦       66              129          2              0.010 
2025-05-23 10:51:21 | INFO |        0.670 ¦       67              131          2              0.010 
2025-05-23 10:51:21 | INFO |        0.680 ¦       68              133          2              0.010 
2025-05-23 10:51:21 | INFO |        0.690 ¦       69              135          2              0.010 
2025-05-23 10:51:21 | INFO |        0.700 ¦       70              137          2              0.010 
2025-05-23 10:51:21 | INFO |        0.710 ¦       71              139          2              0.010 
2025-05-23 10:51:21 | INFO |        0.720 ¦       72              141          2              0.010 
2025-05-23 10:51:21 | INFO |        0.730 ¦       73              143          2              0.010 
2025-05-23 10:51:21 | INFO | Algebraic mode change at t = 0.74
2025-05-23 10:51:21 | INFO |        0.740 ¦       74              145          2              0.010 
2025-05-23 10:51:21 | INFO | calculation of the new starting point of the simulation.
2025-05-23 10:51:21 | INFO |        0.740 ¦       74              146          2              0.010 
2025-05-23 10:51:21 | INFO |        0.750 ¦       75              148          2              0.010 
2025-05-23 10:51:21 | INFO |        0.760 ¦       76              150          2              0.010 
2025-05-23 10:51:21 | INFO |        0.770 ¦       77              152          2              0.010 
2025-05-23 10:51:21 | INFO |        0.780 ¦       78              154          2              0.010 
2025-05-23 10:51:21 | INFO |        0.790 ¦       79              156          2              0.010 
2025-05-23 10:51:21 | INFO |        0.800 ¦       80              158          2              0.010 
2025-05-23 10:51:21 | INFO |        0.810 ¦       81              160          2              0.010 
2025-05-23 10:51:21 | INFO |        0.820 ¦       82              162          2              0.010 
2025-05-23 10:51:21 | INFO |        0.830 ¦       83              164          2              0.010 
2025-05-23 10:51:21 | INFO |        0.840 ¦       84              166          2              0.010 
2025-05-23 10:51:21 | INFO |        0.850 ¦       85              168          2              0.010 
2025-05-23 10:51:21 | INFO |        0.860 ¦       86              170          2              0.010 
2025-05-23 10:51:21 | INFO |        0.870 ¦       87              172          2              0.010 
2025-05-23 10:51:21 | INFO |        0.880 ¦       88              174          2              0.010 
2025-05-23 10:51:21 | INFO |        0.890 ¦       89              176          2              0.010 
2025-05-23 10:51:21 | INFO |        0.900 ¦       90              178          2              0.010 
2025-05-23 10:51:21 | INFO |        0.910 ¦       91              180          2              0.010 
2025-05-23 10:51:21 | INFO |        0.920 ¦       92              182          2              0.010 
2025-05-23 10:51:21 | INFO |        0.930 ¦       93              184          2              0.010 
2025-05-23 10:51:21 | INFO |        0.940 ¦       94              186          2              0.010 
2025-05-23 10:51:21 | INFO |        0.950 ¦       95              188          2              0.010 
2025-05-23 10:51:21 | INFO |        0.960 ¦       96              190          2              0.010 
2025-05-23 10:51:21 | INFO |        0.970 ¦       97              192          2              0.010 
2025-05-23 10:51:21 | INFO |        0.980 ¦       98              194          2              0.010 
2025-05-23 10:51:21 | INFO |        0.990 ¦       99              196          2              0.010 
2025-05-23 10:51:21 | INFO |        1.000 ¦      100              198          2              0.010 
2025-05-23 10:51:21 | INFO |        1.010 ¦      101              200          2              0.010 
2025-05-23 10:51:21 | INFO |        1.020 ¦      102              202          2              0.010 
2025-05-23 10:51:21 | INFO |        1.030 ¦      103              204          2              0.010 
2025-05-23 10:51:21 | INFO |        1.040 ¦      104              206          2              0.010 
2025-05-23 10:51:21 | INFO |        1.050 ¦      105              208          2              0.010 
2025-05-23 10:51:21 | INFO |        1.060 ¦      106              210          2              0.010 
2025-05-23 10:51:21 | INFO |        1.070 ¦      107              212          2              0.010 
2025-05-23 10:51:21 | INFO |        1.080 ¦      108              214          2              0.010 
2025-05-23 10:51:21 | INFO |        1.090 ¦      109              216          2              0.010 
2025-05-23 10:51:21 | INFO |        1.100 ¦      110              218          2              0.010 
2025-05-23 10:51:21 | INFO |        1.110 ¦      111              220          2              0.010 
2025-05-23 10:51:21 | INFO |        1.120 ¦      112              222          2              0.010 
2025-05-23 10:51:21 | INFO |        1.130 ¦      113              224          2              0.010 
2025-05-23 10:51:21 | INFO |        1.140 ¦      114              226          2              0.010 
2025-05-23 10:51:21 | INFO |        1.150 ¦      115              228          2              0.010 
2025-05-23 10:51:21 | INFO |        1.160 ¦      116              230          2              0.010 
2025-05-23 10:51:21 | INFO |        1.170 ¦      117              232          2              0.010 
2025-05-23 10:51:21 | INFO |        1.180 ¦      118              234          2              0.010 
2025-05-23 10:51:21 | INFO |        1.190 ¦      119              236          2              0.010 
2025-05-23 10:51:21 | INFO |        1.200 ¦      120              238          2              0.010 
2025-05-23 10:51:21 | INFO |        1.210 ¦      121              240          2              0.010 
2025-05-23 10:51:21 | INFO |        1.220 ¦      122              242          2              0.010 
2025-05-23 10:51:21 | INFO |        1.230 ¦      123              244          2              0.010 
2025-05-23 10:51:21 | INFO |        1.240 ¦      124              246          2              0.010 
2025-05-23 10:51:21 | INFO |        1.250 ¦      125              248          2              0.010 
2025-05-23 10:51:21 | INFO |        1.260 ¦      126              250          2              0.010 
2025-05-23 10:51:21 | INFO |        1.270 ¦      127              252          2              0.010 
2025-05-23 10:51:21 | INFO |        1.280 ¦      128              254          2              0.010 
2025-05-23 10:51:21 | INFO |        1.290 ¦      129              256          2              0.010 
2025-05-23 10:51:21 | INFO |        1.300 ¦      130              258          2              0.010 
2025-05-23 10:51:21 | INFO |        1.310 ¦      131              260          2              0.010 
2025-05-23 10:51:21 | INFO |        1.320 ¦      132              262          2              0.010 
2025-05-23 10:51:21 | INFO |        1.330 ¦      133              264          2              0.010 
2025-05-23 10:51:21 | INFO |        1.340 ¦      134              266          2              0.010 
2025-05-23 10:51:21 | INFO |        1.350 ¦      135              268          2              0.010 
2025-05-23 10:51:21 | INFO |        1.360 ¦      136              270          2              0.010 
2025-05-23 10:51:21 | INFO |        1.370 ¦      137              272          2              0.010 
2025-05-23 10:51:21 | INFO |        1.380 ¦      138              274          2              0.010 
2025-05-23 10:51:21 | INFO |        1.390 ¦      139              276          2              0.010 
2025-05-23 10:51:21 | INFO |        1.400 ¦      140              278          2              0.010 
2025-05-23 10:51:21 | INFO |        1.410 ¦      141              280          2              0.010 
2025-05-23 10:51:21 | INFO |        1.420 ¦      142              282          2              0.010 
2025-05-23 10:51:21 | INFO |        1.430 ¦      143              284          2              0.010 
2025-05-23 10:51:21 | INFO |        1.440 ¦      144              286          2              0.010 
2025-05-23 10:51:21 | INFO |        1.450 ¦      145              288          2              0.010 
2025-05-23 10:51:21 | INFO |        1.460 ¦      146              290          2              0.010 
2025-05-23 10:51:21 | INFO |        1.470 ¦      147              292          2              0.010 
2025-05-23 10:51:21 | INFO |        1.480 ¦      148              294          2              0.010 
2025-05-23 10:51:21 | INFO |        1.490 ¦      149              296          2              0.010 
2025-05-23 10:51:21 | INFO |        1.500 ¦      150              298          2              0.010 
2025-05-23 10:51:21 | INFO |        1.510 ¦      151              300          2              0.010 
2025-05-23 10:51:21 | INFO |        1.520 ¦      152              302          2              0.010 
2025-05-23 10:51:21 | INFO |        1.530 ¦      153              304          2              0.010 
2025-05-23 10:51:21 | INFO |        1.540 ¦      154              306          2              0.010 
2025-05-23 10:51:21 | INFO |        1.550 ¦      155              308          2              0.010 
2025-05-23 10:51:21 | INFO |        1.560 ¦      156              310          2              0.010 
2025-05-23 10:51:21 | INFO |        1.570 ¦      157              312          2              0.010 
2025-05-23 10:51:21 | INFO |        1.580 ¦      158              314          2              0.010 
2025-05-23 10:51:21 | INFO |        1.590 ¦      159              316          2              0.010 
2025-05-23 10:51:21 | INFO |        1.600 ¦      160              318          2              0.010 
2025-05-23 10:51:21 | INFO |        1.610 ¦      161              320          2              0.010 
2025-05-23 10:51:21 | INFO |        1.620 ¦      162              322          2              0.010 
2025-05-23 10:51:21 | INFO |        1.630 ¦      163              324          2              0.010 
2025-05-23 10:51:21 | INFO |        1.640 ¦      164              326          2              0.010 
2025-05-23 10:51:21 | INFO |        1.650 ¦      165              328          2              0.010 
2025-05-23 10:51:21 | INFO |        1.660 ¦      166              330          2              0.010 
2025-05-23 10:51:21 | INFO |        1.670 ¦      167              332          2              0.010 
2025-05-23 10:51:21 | INFO |        1.680 ¦      168              334          2              0.010 
2025-05-23 10:51:21 | INFO |        1.690 ¦      169              336          2              0.010 
2025-05-23 10:51:21 | INFO |        1.700 ¦      170              338          2              0.010 
2025-05-23 10:51:21 | INFO |        1.710 ¦      171              340          2              0.010 
2025-05-23 10:51:21 | INFO |        1.720 ¦      172              342          2              0.010 
2025-05-23 10:51:21 | INFO |        1.730 ¦      173              344          2              0.010 
2025-05-23 10:51:21 | INFO |        1.740 ¦      174              346          2              0.010 
2025-05-23 10:51:21 | INFO |        1.750 ¦      175              348          2              0.010 
2025-05-23 10:51:21 | INFO |        1.760 ¦      176              350          2              0.010 
2025-05-23 10:51:21 | INFO |        1.770 ¦      177              352          2              0.010 
2025-05-23 10:51:21 | INFO |        1.780 ¦      178              354          2              0.010 
2025-05-23 10:51:21 | INFO |        1.790 ¦      179              356          2              0.010 
2025-05-23 10:51:21 | INFO |        1.800 ¦      180              358          2              0.010 
2025-05-23 10:51:21 | INFO |        1.810 ¦      181              360          2              0.010 
2025-05-23 10:51:21 | INFO |        1.820 ¦      182              362          2              0.010 
2025-05-23 10:51:21 | INFO |        1.830 ¦      183              364          2              0.010 
2025-05-23 10:51:21 | INFO |        1.840 ¦      184              366          2              0.010 
2025-05-23 10:51:21 | INFO |        1.850 ¦      185              368          2              0.010 
2025-05-23 10:51:21 | INFO |        1.860 ¦      186              370          2              0.010 
2025-05-23 10:51:21 | INFO |        1.870 ¦      187              372          2              0.010 
2025-05-23 10:51:21 | INFO |        1.880 ¦      188              374          2              0.010 
2025-05-23 10:51:21 | INFO |        1.890 ¦      189              376          2              0.010 
2025-05-23 10:51:21 | INFO |        1.900 ¦      190              378          2              0.010 
2025-05-23 10:51:21 | INFO |        1.910 ¦      191              380          2              0.010 
2025-05-23 10:51:21 | INFO |        1.920 ¦      192              382          2              0.010 
2025-05-23 10:51:21 | INFO |        1.930 ¦      193              384          2              0.010 
2025-05-23 10:51:21 | INFO |        1.940 ¦      194              386          2              0.010 
2025-05-23 10:51:21 | INFO |        1.950 ¦      195              388          2              0.010 
2025-05-23 10:51:21 | INFO |        1.960 ¦      196              390          2              0.010 
2025-05-23 10:51:21 | INFO |        1.970 ¦      197              392          2              0.010 
2025-05-23 10:51:21 | INFO |        1.980 ¦      198              394          2              0.010 
2025-05-23 10:51:21 | INFO |        1.990 ¦      199              396          2              0.010 
2025-05-23 10:51:21 | INFO |        2.000 ¦      200              398          2              0.010 
2025-05-23 10:51:21 | INFO |        2.010 ¦      201              400          2              0.010 
2025-05-23 10:51:21 | INFO |        2.020 ¦      202              402          2              0.010 
2025-05-23 10:51:21 | INFO |        2.030 ¦      203              404          2              0.010 
2025-05-23 10:51:21 | INFO |        2.040 ¦      204              406          2              0.010 
2025-05-23 10:51:21 | INFO |        2.050 ¦      205              408          2              0.010 
2025-05-23 10:51:21 | INFO |        2.060 ¦      206              410          2              0.010 
2025-05-23 10:51:21 | INFO |        2.070 ¦      207              412          2              0.010 
2025-05-23 10:51:21 | INFO |        2.080 ¦      208              414          2              0.010 
2025-05-23 10:51:21 | INFO |        2.090 ¦      209              416          2              0.010 
2025-05-23 10:51:21 | INFO |        2.100 ¦      210              418          2              0.010 
2025-05-23 10:51:21 | INFO |        2.110 ¦      211              420          2              0.010 
2025-05-23 10:51:21 | INFO |        2.120 ¦      212              422          2              0.010 
2025-05-23 10:51:21 | INFO |        2.130 ¦      213              424          2              0.010 
2025-05-23 10:51:21 | INFO |        2.140 ¦      214              426          2              0.010 
2025-05-23 10:51:21 | INFO |        2.150 ¦      215              428          2              0.010 
2025-05-23 10:51:21 | INFO |        2.160 ¦      216              430          2              0.010 
2025-05-23 10:51:21 | INFO |        2.170 ¦      217              432          2              0.010 
2025-05-23 10:51:21 | INFO |        2.180 ¦      218              434          2              0.010 
2025-05-23 10:51:21 | INFO |        2.190 ¦      219              436          2              0.010 
2025-05-23 10:51:21 | INFO |        2.200 ¦      220              438          2              0.010 
2025-05-23 10:51:21 | INFO |        2.210 ¦      221              440          2              0.010 
2025-05-23 10:51:21 | INFO |        2.220 ¦      222              442          2              0.010 
2025-05-23 10:51:21 | INFO |        2.230 ¦      223              444          2              0.010 
2025-05-23 10:51:21 | INFO |        2.240 ¦      224              446          2              0.010 
2025-05-23 10:51:21 | INFO |        2.250 ¦      225              448          2              0.010 
2025-05-23 10:51:21 | INFO |        2.260 ¦      226              450          2              0.010 
2025-05-23 10:51:21 | INFO |        2.270 ¦      227              452          2              0.010 
2025-05-23 10:51:21 | INFO |        2.280 ¦      228              454          2              0.010 
2025-05-23 10:51:21 | INFO |        2.290 ¦      229              456          2              0.010 
2025-05-23 10:51:21 | INFO |        2.300 ¦      230              458          2              0.010 
2025-05-23 10:51:21 | INFO |        2.310 ¦      231              460          2              0.010 
2025-05-23 10:51:21 | INFO |        2.320 ¦      232              462          2              0.010 
2025-05-23 10:51:21 | INFO |        2.330 ¦      233              464          2              0.010 
2025-05-23 10:51:21 | INFO |        2.340 ¦      234              466          2              0.010 
2025-05-23 10:51:21 | INFO |        2.350 ¦      235              468          2              0.010 
2025-05-23 10:51:21 | INFO |        2.360 ¦      236              470          2              0.010 
2025-05-23 10:51:21 | INFO |        2.370 ¦      237              472          2              0.010 
2025-05-23 10:51:21 | INFO |        2.380 ¦      238              474          2              0.010 
2025-05-23 10:51:21 | INFO |        2.390 ¦      239              476          2              0.010 
2025-05-23 10:51:21 | INFO |        2.400 ¦      240              478          2              0.010 
2025-05-23 10:51:21 | INFO |        2.410 ¦      241              480          2              0.010 
2025-05-23 10:51:21 | INFO |        2.420 ¦      242              482          2              0.010 
2025-05-23 10:51:21 | INFO |        2.430 ¦      243              484          2              0.010 
2025-05-23 10:51:21 | INFO |        2.440 ¦      244              486          2              0.010 
2025-05-23 10:51:21 | INFO |        2.450 ¦      245              488          2              0.010 
2025-05-23 10:51:21 | INFO |        2.460 ¦      246              490          2              0.010 
2025-05-23 10:51:21 | INFO |        2.470 ¦      247              492          2              0.010 
2025-05-23 10:51:21 | INFO |        2.480 ¦      248              494          2              0.010 
2025-05-23 10:51:21 | INFO |        2.490 ¦      249              496          2              0.010 
2025-05-23 10:51:21 | INFO |        2.500 ¦      250              498          2              0.010 
2025-05-23 10:51:21 | INFO |        2.510 ¦      251              500          2              0.010 
2025-05-23 10:51:21 | INFO |        2.520 ¦      252              502          2              0.010 
2025-05-23 10:51:21 | INFO |        2.530 ¦      253              504          2              0.010 
2025-05-23 10:51:21 | INFO |        2.540 ¦      254              506          2              0.010 
2025-05-23 10:51:21 | INFO |        2.550 ¦      255              508          2              0.010 
2025-05-23 10:51:21 | INFO |        2.560 ¦      256              510          2              0.010 
2025-05-23 10:51:21 | INFO |        2.570 ¦      257              512          2              0.010 
2025-05-23 10:51:21 | INFO |        2.580 ¦      258              514          2              0.010 
2025-05-23 10:51:21 | INFO |        2.590 ¦      259              516          2              0.010 
2025-05-23 10:51:21 | INFO |        2.600 ¦      260              518          2              0.010 
2025-05-23 10:51:21 | INFO |        2.610 ¦      261              520          2              0.010 
2025-05-23 10:51:21 | INFO |        2.620 ¦      262              522          2              0.010 
2025-05-23 10:51:21 | INFO |        2.630 ¦      263              524          2              0.010 
2025-05-23 10:51:21 | INFO |        2.640 ¦      264              526          2              0.010 
2025-05-23 10:51:21 | INFO |        2.650 ¦      265              528          2              0.010 
2025-05-23 10:51:21 | INFO |        2.660 ¦      266              530          2              0.010 
2025-05-23 10:51:21 | INFO |        2.670 ¦      267              532          2              0.010 
2025-05-23 10:51:21 | INFO |        2.680 ¦      268              534          2              0.010 
2025-05-23 10:51:21 | INFO |        2.690 ¦      269              536          2              0.010 
2025-05-23 10:51:21 | INFO |        2.700 ¦      270              538          2              0.010 
2025-05-23 10:51:21 | INFO |        2.710 ¦      271              540          2              0.010 
2025-05-23 10:51:21 | INFO |        2.720 ¦      272              542          2              0.010 
2025-05-23 10:51:21 | INFO |        2.730 ¦      273              544          2              0.010 
2025-05-23 10:51:21 | INFO |        2.740 ¦      274              546          2              0.010 
2025-05-23 10:51:21 | INFO |        2.750 ¦      275              548          2              0.010 
2025-05-23 10:51:21 | INFO |        2.760 ¦      276              550          2              0.010 
2025-05-23 10:51:21 | INFO |        2.770 ¦      277              552          2              0.010 
2025-05-23 10:51:21 | INFO |        2.780 ¦      278              554          2              0.010 
2025-05-23 10:51:21 | INFO |        2.790 ¦      279              556          2              0.010 
2025-05-23 10:51:21 | INFO |        2.800 ¦      280              558          2              0.010 
2025-05-23 10:51:21 | INFO |        2.810 ¦      281              560          2              0.010 
2025-05-23 10:51:21 | INFO |        2.820 ¦      282              562          2              0.010 
2025-05-23 10:51:21 | INFO |        2.830 ¦      283              564          2              0.010 
2025-05-23 10:51:21 | INFO |        2.840 ¦      284              566          2              0.010 
2025-05-23 10:51:21 | INFO |        2.850 ¦      285              568          2              0.010 
2025-05-23 10:51:21 | INFO |        2.860 ¦      286              570          2              0.010 
2025-05-23 10:51:21 | INFO |        2.870 ¦      287              572          2              0.010 
2025-05-23 10:51:21 | INFO |        2.880 ¦      288              574          2              0.010 
2025-05-23 10:51:21 | INFO |        2.890 ¦      289              576          2              0.010 
2025-05-23 10:51:21 | INFO |        2.900 ¦      290              578          2              0.010 
2025-05-23 10:51:21 | INFO |        2.910 ¦      291              580          2              0.010 
2025-05-23 10:51:21 | INFO |        2.920 ¦      292              582          2              0.010 
2025-05-23 10:51:21 | INFO |        2.930 ¦      293              584          2              0.010 
2025-05-23 10:51:21 | INFO |        2.940 ¦      294              586          2              0.010 
2025-05-23 10:51:21 | INFO |        2.950 ¦      295              588          2              0.010 
2025-05-23 10:51:21 | INFO |        2.960 ¦      296              590          2              0.010 
2025-05-23 10:51:21 | INFO |        2.970 ¦      297              592          2              0.010 
2025-05-23 10:51:21 | INFO |        2.980 ¦      298              594          2              0.010 
2025-05-23 10:51:21 | INFO |        2.990 ¦      299              596          2              0.010 
2025-05-23 10:51:21 | INFO |        3.000 ¦      300              598          2              0.010 
2025-05-23 10:51:21 | INFO |        3.010 ¦      301              600          2              0.010 
2025-05-23 10:51:21 | INFO |        3.020 ¦      302              602          2              0.010 
2025-05-23 10:51:21 | INFO |        3.030 ¦      303              604          2              0.010 
2025-05-23 10:51:21 | INFO |        3.040 ¦      304              606          2              0.010 
2025-05-23 10:51:21 | INFO |        3.050 ¦      305              608          2              0.010 
2025-05-23 10:51:21 | INFO |        3.060 ¦      306              610          2              0.010 
2025-05-23 10:51:21 | INFO |        3.070 ¦      307              612          2              0.010 
2025-05-23 10:51:21 | INFO |        3.080 ¦      308              614          2              0.010 
2025-05-23 10:51:21 | INFO |        3.090 ¦      309              616          2              0.010 
2025-05-23 10:51:21 | INFO |        3.100 ¦      310              618          2              0.010 
2025-05-23 10:51:21 | INFO |        3.110 ¦      311              620          2              0.010 
2025-05-23 10:51:21 | INFO |        3.120 ¦      312              622          2              0.010 
2025-05-23 10:51:21 | INFO |        3.130 ¦      313              624          2              0.010 
2025-05-23 10:51:21 | INFO |        3.140 ¦      314              626          2              0.010 
2025-05-23 10:51:21 | INFO |        3.150 ¦      315              628          2              0.010 
2025-05-23 10:51:21 | INFO |        3.160 ¦      316              630          2              0.010 
2025-05-23 10:51:21 | INFO |        3.170 ¦      317              632          2              0.010 
2025-05-23 10:51:21 | INFO |        3.180 ¦      318              634          2              0.010 
2025-05-23 10:51:21 | INFO |        3.190 ¦      319              636          2              0.010 
2025-05-23 10:51:21 | INFO |        3.200 ¦      320              638          2              0.010 
2025-05-23 10:51:21 | INFO |        3.210 ¦      321              640          2              0.010 
2025-05-23 10:51:21 | INFO |        3.220 ¦      322              642          2              0.010 
2025-05-23 10:51:21 | INFO |        3.230 ¦      323              644          2              0.010 
2025-05-23 10:51:21 | INFO |        3.240 ¦      324              646          2              0.010 
2025-05-23 10:51:21 | INFO |        3.250 ¦      325              648          2              0.010 
2025-05-23 10:51:21 | INFO |        3.260 ¦      326              650          2              0.010 
2025-05-23 10:51:21 | INFO |        3.270 ¦      327              652          2              0.010 
2025-05-23 10:51:21 | INFO |        3.280 ¦      328              654          2              0.010 
2025-05-23 10:51:21 | INFO |        3.290 ¦      329              656          2              0.010 
2025-05-23 10:51:21 | INFO |        3.300 ¦      330              658          2              0.010 
2025-05-23 10:51:21 | INFO |        3.310 ¦      331              660          2              0.010 
2025-05-23 10:51:21 | INFO |        3.320 ¦      332              662          2              0.010 
2025-05-23 10:51:21 | INFO |        3.330 ¦      333              664          2              0.010 
2025-05-23 10:51:21 | INFO |        3.340 ¦      334              666          2              0.010 
2025-05-23 10:51:21 | INFO |        3.350 ¦      335              668          2              0.010 
2025-05-23 10:51:21 | INFO |        3.360 ¦      336              670          2              0.010 
2025-05-23 10:51:21 | INFO |        3.370 ¦      337              672          2              0.010 
2025-05-23 10:51:21 | INFO |        3.380 ¦      338              674          2              0.010 
2025-05-23 10:51:21 | INFO |        3.390 ¦      339              676          2              0.010 
2025-05-23 10:51:21 | INFO |        3.400 ¦      340              678          2              0.010 
2025-05-23 10:51:21 | INFO |        3.410 ¦      341              680          2              0.010 
2025-05-23 10:51:21 | INFO |        3.420 ¦      342              682          2              0.010 
2025-05-23 10:51:21 | INFO |        3.430 ¦      343              684          2              0.010 
2025-05-23 10:51:21 | INFO |        3.440 ¦      344              686          2              0.010 
2025-05-23 10:51:21 | INFO |        3.450 ¦      345              688          2              0.010 
2025-05-23 10:51:21 | INFO |        3.460 ¦      346              690          2              0.010 
2025-05-23 10:51:21 | INFO |        3.470 ¦      347              692          2              0.010 
2025-05-23 10:51:21 | INFO |        3.480 ¦      348              694          2              0.010 
2025-05-23 10:51:21 | INFO |        3.490 ¦      349              696          2              0.010 
2025-05-23 10:51:21 | INFO |        3.500 ¦      350              698          2              0.010 
2025-05-23 10:51:21 | INFO |        3.510 ¦      351              700          2              0.010 
2025-05-23 10:51:21 | INFO |        3.520 ¦      352              702          2              0.010 
2025-05-23 10:51:21 | INFO |        3.530 ¦      353              704          2              0.010 
2025-05-23 10:51:21 | INFO |        3.540 ¦      354              706          2              0.010 
2025-05-23 10:51:21 | INFO |        3.550 ¦      355              708          2              0.010 
2025-05-23 10:51:21 | INFO |        3.560 ¦      356              710          2              0.010 
2025-05-23 10:51:21 | INFO |        3.570 ¦      357              712          2              0.010 
2025-05-23 10:51:21 | INFO |        3.580 ¦      358              714          2              0.010 
2025-05-23 10:51:21 | INFO |        3.590 ¦      359              716          2              0.010 
2025-05-23 10:51:21 | INFO |        3.600 ¦      360              718          2              0.010 
2025-05-23 10:51:21 | INFO |        3.610 ¦      361              720          2              0.010 
2025-05-23 10:51:21 | INFO |        3.620 ¦      362              722          2              0.010 
2025-05-23 10:51:21 | INFO |        3.630 ¦      363              724          2              0.010 
2025-05-23 10:51:21 | INFO |        3.640 ¦      364              726          2              0.010 
2025-05-23 10:51:21 | INFO |        3.650 ¦      365              728          2              0.010 
2025-05-23 10:51:21 | INFO |        3.660 ¦      366              730          2              0.010 
2025-05-23 10:51:21 | INFO |        3.670 ¦      367              732          2              0.010 
2025-05-23 10:51:21 | INFO |        3.680 ¦      368              734          2              0.010 
2025-05-23 10:51:21 | INFO |        3.690 ¦      369              736          2              0.010 
2025-05-23 10:51:21 | INFO |        3.700 ¦      370              738          2              0.010 
2025-05-23 10:51:21 | INFO |        3.710 ¦      371              740          2              0.010 
2025-05-23 10:51:21 | INFO |        3.720 ¦      372              742          2              0.010 
2025-05-23 10:51:21 | INFO |        3.730 ¦      373              744          2              0.010 
2025-05-23 10:51:21 | INFO |        3.740 ¦      374              746          2              0.010 
2025-05-23 10:51:21 | INFO |        3.750 ¦      375              748          2              0.010 
2025-05-23 10:51:21 | INFO |        3.760 ¦      376              750          2              0.010 
2025-05-23 10:51:21 | INFO |        3.770 ¦      377              752          2              0.010 
2025-05-23 10:51:21 | INFO |        3.780 ¦      378              754          2              0.010 
2025-05-23 10:51:21 | INFO |        3.790 ¦      379              756          2              0.010 
2025-05-23 10:51:21 | INFO |        3.800 ¦      380              758          2              0.010 
2025-05-23 10:51:21 | INFO |        3.810 ¦      381              760          2              0.010 
2025-05-23 10:51:21 | INFO |        3.820 ¦      382              762          2              0.010 
2025-05-23 10:51:21 | INFO |        3.830 ¦      383              764          2              0.010 
2025-05-23 10:51:21 | INFO |        3.840 ¦      384              766          2              0.010 
2025-05-23 10:51:21 | INFO |        3.850 ¦      385              768          2              0.010 
2025-05-23 10:51:21 | INFO |        3.860 ¦      386              770          2              0.010 
2025-05-23 10:51:21 | INFO |        3.870 ¦      387              772          2              0.010 
2025-05-23 10:51:21 | INFO |        3.880 ¦      388              774          2              0.010 
2025-05-23 10:51:21 | INFO |        3.890 ¦      389              776          2              0.010 
2025-05-23 10:51:21 | INFO |        3.900 ¦      390              778          2              0.010 
2025-05-23 10:51:21 | INFO |        3.910 ¦      391              780          2              0.010 
2025-05-23 10:51:21 | INFO |        3.920 ¦      392              782          2              0.010 
2025-05-23 10:51:21 | INFO |        3.930 ¦      393              784          2              0.010 
2025-05-23 10:51:21 | INFO |        3.940 ¦      394              786          2              0.010 
2025-05-23 10:51:21 | INFO |        3.950 ¦      395              788          2              0.010 
2025-05-23 10:51:21 | INFO |        3.960 ¦      396              790          2              0.010 
2025-05-23 10:51:21 | INFO |        3.970 ¦      397              792          2              0.010 
2025-05-23 10:51:21 | INFO |        3.980 ¦      398              794          2              0.010 
2025-05-23 10:51:21 | INFO |        3.990 ¦      399              796          2              0.010 
2025-05-23 10:51:21 | INFO |        4.000 ¦      400              798          2              0.010 
2025-05-23 10:51:21 | INFO |        4.010 ¦      401              800          2              0.010 
2025-05-23 10:51:21 | INFO |        4.020 ¦      402              802          2              0.010 
2025-05-23 10:51:21 | INFO |        4.030 ¦      403              804          2              0.010 
2025-05-23 10:51:21 | INFO |        4.040 ¦      404              806          2              0.010 
2025-05-23 10:51:21 | INFO |        4.050 ¦      405              808          2              0.010 
2025-05-23 10:51:21 | INFO |        4.060 ¦      406              810          2              0.010 
2025-05-23 10:51:21 | INFO |        4.070 ¦      407              812          2              0.010 
2025-05-23 10:51:21 | INFO |        4.080 ¦      408              814          2              0.010 
2025-05-23 10:51:21 | INFO |        4.090 ¦      409              816          2              0.010 
2025-05-23 10:51:21 | INFO |        4.100 ¦      410              818          2              0.010 
2025-05-23 10:51:21 | INFO |        4.110 ¦      411              820          2              0.010 
2025-05-23 10:51:21 | INFO |        4.120 ¦      412              822          2              0.010 
2025-05-23 10:51:21 | INFO |        4.130 ¦      413              824          2              0.010 
2025-05-23 10:51:21 | INFO |        4.140 ¦      414              826          2              0.010 
2025-05-23 10:51:21 | INFO |        4.150 ¦      415              828          2              0.010 
2025-05-23 10:51:21 | INFO |        4.160 ¦      416              830          2              0.010 
2025-05-23 10:51:21 | INFO |        4.170 ¦      417              832          2              0.010 
2025-05-23 10:51:21 | INFO |        4.180 ¦      418              834          2              0.010 
2025-05-23 10:51:21 | INFO |        4.190 ¦      419              836          2              0.010 
2025-05-23 10:51:21 | INFO |        4.200 ¦      420              838          2              0.010 
2025-05-23 10:51:21 | INFO |        4.210 ¦      421              840          2              0.010 
2025-05-23 10:51:21 | INFO |        4.220 ¦      422              842          2              0.010 
2025-05-23 10:51:21 | INFO |        4.230 ¦      423              844          2              0.010 
2025-05-23 10:51:21 | INFO |        4.240 ¦      424              846          2              0.010 
2025-05-23 10:51:21 | INFO |        4.250 ¦      425              848          2              0.010 
2025-05-23 10:51:21 | INFO |        4.260 ¦      426              850          2              0.010 
2025-05-23 10:51:21 | INFO |        4.270 ¦      427              852          2              0.010 
2025-05-23 10:51:21 | INFO |        4.280 ¦      428              854          2              0.010 
2025-05-23 10:51:21 | INFO |        4.290 ¦      429              856          2              0.010 
2025-05-23 10:51:21 | INFO |        4.300 ¦      430              858          2              0.010 
2025-05-23 10:51:21 | INFO |        4.310 ¦      431              860          2              0.010 
2025-05-23 10:51:21 | INFO |        4.320 ¦      432              862          2              0.010 
2025-05-23 10:51:21 | INFO |        4.330 ¦      433              864          2              0.010 
2025-05-23 10:51:21 | INFO |        4.340 ¦      434              866          2              0.010 
2025-05-23 10:51:21 | INFO |        4.350 ¦      435              868          2              0.010 
2025-05-23 10:51:21 | INFO |        4.360 ¦      436              870          2              0.010 
2025-05-23 10:51:21 | INFO |        4.370 ¦      437              872          2              0.010 
2025-05-23 10:51:21 | INFO |        4.380 ¦      438              874          2              0.010 
2025-05-23 10:51:21 | INFO |        4.390 ¦      439              876          2              0.010 
2025-05-23 10:51:21 | INFO |        4.400 ¦      440              878          2              0.010 
2025-05-23 10:51:21 | INFO |        4.410 ¦      441              880          2              0.010 
2025-05-23 10:51:21 | INFO |        4.420 ¦      442              882          2              0.010 
2025-05-23 10:51:21 | INFO |        4.430 ¦      443              884          2              0.010 
2025-05-23 10:51:21 | INFO |        4.440 ¦      444              886          2              0.010 
2025-05-23 10:51:21 | INFO |        4.450 ¦      445              888          2              0.010 
2025-05-23 10:51:21 | INFO |        4.460 ¦      446              890          2              0.010 
2025-05-23 10:51:21 | INFO |        4.470 ¦      447              892          2              0.010 
2025-05-23 10:51:21 | INFO |        4.480 ¦      448              894          2              0.010 
2025-05-23 10:51:21 | INFO |        4.490 ¦      449              896          2              0.010 
2025-05-23 10:51:21 | INFO |        4.500 ¦      450              898          2              0.010 
2025-05-23 10:51:21 | INFO |        4.510 ¦      451              900          2              0.010 
2025-05-23 10:51:21 | INFO |        4.520 ¦      452              902          2              0.010 
2025-05-23 10:51:21 | INFO |        4.530 ¦      453              904          2              0.010 
2025-05-23 10:51:21 | INFO |        4.540 ¦      454              906          2              0.010 
2025-05-23 10:51:21 | INFO |        4.550 ¦      455              908          2              0.010 
2025-05-23 10:51:21 | INFO |        4.560 ¦      456              910          2              0.010 
2025-05-23 10:51:21 | INFO |        4.570 ¦      457              912          2              0.010 
2025-05-23 10:51:21 | INFO |        4.580 ¦      458              914          2              0.010 
2025-05-23 10:51:21 | INFO |        4.590 ¦      459              916          2              0.010 
2025-05-23 10:51:21 | INFO |        4.600 ¦      460              918          2              0.010 
2025-05-23 10:51:21 | INFO |        4.610 ¦      461              920          2              0.010 
2025-05-23 10:51:21 | INFO |        4.620 ¦      462              922          2              0.010 
2025-05-23 10:51:21 | INFO |        4.630 ¦      463              924          2              0.010 
2025-05-23 10:51:21 | INFO |        4.640 ¦      464              926          2              0.010 
2025-05-23 10:51:21 | INFO |        4.650 ¦      465              928          2              0.010 
2025-05-23 10:51:21 | INFO |        4.660 ¦      466              930          2              0.010 
2025-05-23 10:51:21 | INFO |        4.670 ¦      467              932          2              0.010 
2025-05-23 10:51:21 | INFO |        4.680 ¦      468              934          2              0.010 
2025-05-23 10:51:21 | INFO |        4.690 ¦      469              936          2              0.010 
2025-05-23 10:51:21 | INFO |        4.700 ¦      470              938          2              0.010 
2025-05-23 10:51:21 | INFO |        4.710 ¦      471              940          2              0.010 
2025-05-23 10:51:21 | INFO |        4.720 ¦      472              942          2              0.010 
2025-05-23 10:51:21 | INFO |        4.730 ¦      473              944          2              0.010 
2025-05-23 10:51:21 | INFO |        4.740 ¦      474              946          2              0.010 
2025-05-23 10:51:21 | INFO |        4.750 ¦      475              948          2              0.010 
2025-05-23 10:51:21 | INFO |        4.760 ¦      476              950          2              0.010 
2025-05-23 10:51:21 | INFO |        4.770 ¦      477              952          2              0.010 
2025-05-23 10:51:21 | INFO |        4.780 ¦      478              954          2              0.010 
2025-05-23 10:51:21 | INFO |        4.790 ¦      479              956          2              0.010 
2025-05-23 10:51:21 | INFO |        4.800 ¦      480              958          2              0.010 
2025-05-23 10:51:21 | INFO |        4.810 ¦      481              960          2              0.010 
2025-05-23 10:51:21 | INFO |        4.820 ¦      482              962          2              0.010 
2025-05-23 10:51:21 | INFO |        4.830 ¦      483              964          2              0.010 
2025-05-23 10:51:21 | INFO |        4.840 ¦      484              966          2              0.010 
2025-05-23 10:51:21 | INFO |        4.850 ¦      485              968          2              0.010 
2025-05-23 10:51:21 | INFO |        4.860 ¦      486              970          2              0.010 
2025-05-23 10:51:21 | INFO |        4.870 ¦      487              972          2              0.010 
2025-05-23 10:51:21 | INFO |        4.880 ¦      488              974          2              0.010 
2025-05-23 10:51:21 | INFO |        4.890 ¦      489              976          2              0.010 
2025-05-23 10:51:21 | INFO |        4.900 ¦      490              978          2              0.010 
2025-05-23 10:51:21 | INFO |        4.910 ¦      491              980          2              0.010 
2025-05-23 10:51:21 | INFO |        4.920 ¦      492              982          2              0.010 
2025-05-23 10:51:21 | INFO |        4.930 ¦      493              984          2              0.010 
2025-05-23 10:51:21 | INFO |        4.940 ¦      494              986          2              0.010 
2025-05-23 10:51:21 | INFO |        4.950 ¦      495              988          2              0.010 
2025-05-23 10:51:21 | INFO |        4.960 ¦      496              990          2              0.010 
2025-05-23 10:51:21 | INFO |        4.970 ¦      497              992          2              0.010 
2025-05-23 10:51:21 | INFO |        4.980 ¦      498              994          2              0.010 
2025-05-23 10:51:21 | INFO |        4.990 ¦      499              996          2              0.010 
2025-05-23 10:51:21 | INFO |        5.000 ¦      500              998          2              0.010 
2025-05-23 10:51:21 | INFO |        5.010 ¦      501             1000          2              0.010 
2025-05-23 10:51:21 | INFO |        5.020 ¦      502             1002          2              0.010 
2025-05-23 10:51:21 | INFO |        5.030 ¦      503             1004          2              0.010 
2025-05-23 10:51:21 | INFO |        5.040 ¦      504             1006          2              0.010 
2025-05-23 10:51:21 | INFO |        5.050 ¦      505             1008          2              0.010 
2025-05-23 10:51:21 | INFO |        5.060 ¦      506             1010          2              0.010 
2025-05-23 10:51:21 | INFO |        5.070 ¦      507             1012          2              0.010 
2025-05-23 10:51:21 | INFO |        5.080 ¦      508             1014          2              0.010 
2025-05-23 10:51:21 | INFO |        5.090 ¦      509             1016          2              0.010 
2025-05-23 10:51:21 | INFO |        5.100 ¦      510             1018          2              0.010 
2025-05-23 10:51:21 | INFO |        5.110 ¦      511             1020          2              0.010 
2025-05-23 10:51:21 | INFO |        5.120 ¦      512             1022          2              0.010 
2025-05-23 10:51:21 | INFO |        5.130 ¦      513             1024          2              0.010 
2025-05-23 10:51:21 | INFO |        5.140 ¦      514             1026          2              0.010 
2025-05-23 10:51:21 | INFO |        5.150 ¦      515             1028          2              0.010 
2025-05-23 10:51:21 | INFO |        5.160 ¦      516             1030          2              0.010 
2025-05-23 10:51:21 | INFO |        5.170 ¦      517             1032          2              0.010 
2025-05-23 10:51:21 | INFO |        5.180 ¦      518             1034          2              0.010 
2025-05-23 10:51:21 | INFO |        5.190 ¦      519             1036          2              0.010 
2025-05-23 10:51:21 | INFO |        5.200 ¦      520             1038          2              0.010 
2025-05-23 10:51:21 | INFO |        5.210 ¦      521             1040          2              0.010 
2025-05-23 10:51:21 | INFO |        5.220 ¦      522             1042          2              0.010 
2025-05-23 10:51:21 | INFO |        5.230 ¦      523             1044          2              0.010 
2025-05-23 10:51:21 | INFO |        5.240 ¦      524             1046          2              0.010 
2025-05-23 10:51:21 | INFO |        5.250 ¦      525             1048          2              0.010 
2025-05-23 10:51:21 | INFO |        5.260 ¦      526             1050          2              0.010 
2025-05-23 10:51:21 | INFO |        5.270 ¦      527             1052          2              0.010 
2025-05-23 10:51:21 | INFO |        5.280 ¦      528             1054          2              0.010 
2025-05-23 10:51:21 | INFO |        5.290 ¦      529             1056          2              0.010 
2025-05-23 10:51:21 | INFO |        5.300 ¦      530             1058          2              0.010 
2025-05-23 10:51:21 | INFO |        5.310 ¦      531             1060          2              0.010 
2025-05-23 10:51:21 | INFO |        5.320 ¦      532             1062          2              0.010 
2025-05-23 10:51:21 | INFO |        5.330 ¦      533             1064          2              0.010 
2025-05-23 10:51:21 | INFO |        5.340 ¦      534             1066          2              0.010 
2025-05-23 10:51:21 | INFO |        5.350 ¦      535             1068          2              0.010 
2025-05-23 10:51:21 | INFO |        5.360 ¦      536             1070          2              0.010 
2025-05-23 10:51:21 | INFO |        5.370 ¦      537             1072          2              0.010 
2025-05-23 10:51:21 | INFO |        5.380 ¦      538             1074          2              0.010 
2025-05-23 10:51:21 | INFO |        5.390 ¦      539             1076          2              0.010 
2025-05-23 10:51:21 | INFO |        5.400 ¦      540             1078          2              0.010 
2025-05-23 10:51:21 | INFO |        5.410 ¦      541             1080          2              0.010 
2025-05-23 10:51:21 | INFO |        5.420 ¦      542             1082          2              0.010 
2025-05-23 10:51:21 | INFO |        5.430 ¦      543             1084          2              0.010 
2025-05-23 10:51:21 | INFO |        5.440 ¦      544             1086          2              0.010 
2025-05-23 10:51:21 | INFO |        5.450 ¦      545             1088          2              0.010 
2025-05-23 10:51:21 | INFO |        5.460 ¦      546             1090          2              0.010 
2025-05-23 10:51:21 | INFO |        5.470 ¦      547             1092          2              0.010 
2025-05-23 10:51:21 | INFO |        5.480 ¦      548             1094          2              0.010 
2025-05-23 10:51:21 | INFO |        5.490 ¦      549             1096          2              0.010 
2025-05-23 10:51:21 | INFO |        5.500 ¦      550             1098          2              0.010 
2025-05-23 10:51:21 | INFO |        5.510 ¦      551             1100          2              0.010 
2025-05-23 10:51:21 | INFO |        5.520 ¦      552             1102          2              0.010 
2025-05-23 10:51:21 | INFO |        5.530 ¦      553             1104          2              0.010 
2025-05-23 10:51:21 | INFO |        5.540 ¦      554             1106          2              0.010 
2025-05-23 10:51:21 | INFO |        5.550 ¦      555             1108          2              0.010 
2025-05-23 10:51:21 | INFO |        5.560 ¦      556             1110          2              0.010 
2025-05-23 10:51:21 | INFO |        5.570 ¦      557             1112          2              0.010 
2025-05-23 10:51:21 | INFO |        5.580 ¦      558             1114          2              0.010 
2025-05-23 10:51:21 | INFO |        5.590 ¦      559             1116          2              0.010 
2025-05-23 10:51:21 | INFO |        5.600 ¦      560             1118          2              0.010 
2025-05-23 10:51:21 | INFO |        5.610 ¦      561             1120          2              0.010 
2025-05-23 10:51:21 | INFO |        5.620 ¦      562             1122          2              0.010 
2025-05-23 10:51:21 | INFO |        5.630 ¦      563             1124          2              0.010 
2025-05-23 10:51:21 | INFO |        5.640 ¦      564             1126          2              0.010 
2025-05-23 10:51:21 | INFO |        5.650 ¦      565             1128          2              0.010 
2025-05-23 10:51:21 | INFO |        5.660 ¦      566             1130          2              0.010 
2025-05-23 10:51:21 | INFO |        5.670 ¦      567             1132          2              0.010 
2025-05-23 10:51:21 | INFO |        5.680 ¦      568             1134          2              0.010 
2025-05-23 10:51:21 | INFO |        5.690 ¦      569             1136          2              0.010 
2025-05-23 10:51:21 | INFO |        5.700 ¦      570             1138          2              0.010 
2025-05-23 10:51:21 | INFO |        5.710 ¦      571             1140          2              0.010 
2025-05-23 10:51:21 | INFO |        5.720 ¦      572             1142          2              0.010 
2025-05-23 10:51:21 | INFO |        5.730 ¦      573             1144          2              0.010 
2025-05-23 10:51:21 | INFO |        5.740 ¦      574             1146          2              0.010 
2025-05-23 10:51:21 | INFO |        5.750 ¦      575             1148          2              0.010 
2025-05-23 10:51:21 | INFO |        5.760 ¦      576             1150          2              0.010 
2025-05-23 10:51:21 | INFO |        5.770 ¦      577             1152          2              0.010 
2025-05-23 10:51:21 | INFO |        5.780 ¦      578             1154          2              0.010 
2025-05-23 10:51:21 | INFO |        5.790 ¦      579             1156          2              0.010 
2025-05-23 10:51:21 | INFO |        5.800 ¦      580             1158          2              0.010 
2025-05-23 10:51:21 | INFO |        5.810 ¦      581             1160          2              0.010 
2025-05-23 10:51:21 | INFO |        5.820 ¦      582             1162          2              0.010 
2025-05-23 10:51:21 | INFO |        5.830 ¦      583             1164          2              0.010 
2025-05-23 10:51:21 | INFO |        5.840 ¦      584             1166          2              0.010 
2025-05-23 10:51:21 | INFO |        5.850 ¦      585             1168          2              0.010 
2025-05-23 10:51:21 | INFO |        5.860 ¦      586             1170          2              0.010 
2025-05-23 10:51:21 | INFO |        5.870 ¦      587             1172          2              0.010 
2025-05-23 10:51:21 | INFO |        5.880 ¦      588             1174          2              0.010 
2025-05-23 10:51:21 | INFO |        5.890 ¦      589             1176          2              0.010 
2025-05-23 10:51:21 | INFO |        5.900 ¦      590             1178          2              0.010 
2025-05-23 10:51:21 | INFO |        5.910 ¦      591             1180          2              0.010 
2025-05-23 10:51:21 | INFO |        5.920 ¦      592             1182          2              0.010 
2025-05-23 10:51:21 | INFO |        5.930 ¦      593             1184          2              0.010 
2025-05-23 10:51:21 | INFO |        5.940 ¦      594             1186          2              0.010 
2025-05-23 10:51:21 | INFO |        5.950 ¦      595             1188          2              0.010 
2025-05-23 10:51:21 | INFO |        5.960 ¦      596             1190          2              0.010 
2025-05-23 10:51:21 | INFO |        5.970 ¦      597             1192          2              0.010 
2025-05-23 10:51:21 | INFO |        5.980 ¦      598             1194          2              0.010 
2025-05-23 10:51:21 | INFO |        5.990 ¦      599             1196          2              0.010 
2025-05-23 10:51:21 | INFO |        6.000 ¦      600             1198          2              0.010 
2025-05-23 10:51:21 | INFO |        6.010 ¦      601             1200          2              0.010 
2025-05-23 10:51:21 | INFO |        6.020 ¦      602             1202          2              0.010 
2025-05-23 10:51:21 | INFO |        6.030 ¦      603             1204          2              0.010 
2025-05-23 10:51:21 | INFO |        6.040 ¦      604             1206          2              0.010 
2025-05-23 10:51:21 | INFO |        6.050 ¦      605             1208          2              0.010 
2025-05-23 10:51:21 | INFO |        6.060 ¦      606             1210          2              0.010 
2025-05-23 10:51:21 | INFO |        6.070 ¦      607             1212          2              0.010 
2025-05-23 10:51:21 | INFO |        6.080 ¦      608             1214          2              0.010 
2025-05-23 10:51:21 | INFO |        6.090 ¦      609             1216          2              0.010 
2025-05-23 10:51:21 | INFO |        6.100 ¦      610             1218          2              0.010 
2025-05-23 10:51:21 | INFO |        6.110 ¦      611             1220          2              0.010 
2025-05-23 10:51:21 | INFO |        6.120 ¦      612             1222          2              0.010 
2025-05-23 10:51:21 | INFO |        6.130 ¦      613             1224          2              0.010 
2025-05-23 10:51:21 | INFO |        6.140 ¦      614             1226          2              0.010 
2025-05-23 10:51:21 | INFO |        6.150 ¦      615             1228          2              0.010 
2025-05-23 10:51:21 | INFO |        6.160 ¦      616             1230          2              0.010 
2025-05-23 10:51:21 | INFO |        6.170 ¦      617             1232          2              0.010 
2025-05-23 10:51:21 | INFO |        6.180 ¦      618             1234          2              0.010 
2025-05-23 10:51:21 | INFO |        6.190 ¦      619             1236          2              0.010 
2025-05-23 10:51:21 | INFO |        6.200 ¦      620             1238          2              0.010 
2025-05-23 10:51:21 | INFO |        6.210 ¦      621             1240          2              0.010 
2025-05-23 10:51:21 | INFO |        6.220 ¦      622             1242          2              0.010 
2025-05-23 10:51:21 | INFO |        6.230 ¦      623             1244          2              0.010 
2025-05-23 10:51:21 | INFO |        6.240 ¦      624             1246          2              0.010 
2025-05-23 10:51:21 | INFO |        6.250 ¦      625             1248          2              0.010 
2025-05-23 10:51:21 | INFO |        6.260 ¦      626             1250          2              0.010 
2025-05-23 10:51:21 | INFO |        6.270 ¦      627             1252          2              0.010 
2025-05-23 10:51:21 | INFO |        6.280 ¦      628             1254          2              0.010 
2025-05-23 10:51:21 | INFO |        6.290 ¦      629             1256          2              0.010 
2025-05-23 10:51:21 | INFO |        6.300 ¦      630             1258          2              0.010 
2025-05-23 10:51:21 | INFO |        6.310 ¦      631             1260          2              0.010 
2025-05-23 10:51:21 | INFO |        6.320 ¦      632             1262          2              0.010 
2025-05-23 10:51:21 | INFO |        6.330 ¦      633             1264          2              0.010 
2025-05-23 10:51:21 | INFO |        6.340 ¦      634             1266          2              0.010 
2025-05-23 10:51:21 | INFO |        6.350 ¦      635             1268          2              0.010 
2025-05-23 10:51:21 | INFO |        6.360 ¦      636             1270          2              0.010 
2025-05-23 10:51:21 | INFO |        6.370 ¦      637             1272          2              0.010 
2025-05-23 10:51:21 | INFO |        6.380 ¦      638             1274          2              0.010 
2025-05-23 10:51:21 | INFO |        6.390 ¦      639             1276          2              0.010 
2025-05-23 10:51:21 | INFO |        6.400 ¦      640             1278          2              0.010 
2025-05-23 10:51:21 | INFO |        6.410 ¦      641             1280          2              0.010 
2025-05-23 10:51:21 | INFO |        6.420 ¦      642             1282          2              0.010 
2025-05-23 10:51:21 | INFO |        6.430 ¦      643             1284          2              0.010 
2025-05-23 10:51:21 | INFO |        6.440 ¦      644             1286          2              0.010 
2025-05-23 10:51:21 | INFO |        6.450 ¦      645             1288          2              0.010 
2025-05-23 10:51:21 | INFO |        6.460 ¦      646             1290          2              0.010 
2025-05-23 10:51:21 | INFO |        6.470 ¦      647             1292          2              0.010 
2025-05-23 10:51:21 | INFO |        6.480 ¦      648             1294          2              0.010 
2025-05-23 10:51:21 | INFO |        6.490 ¦      649             1296          2              0.010 
2025-05-23 10:51:21 | INFO |        6.500 ¦      650             1298          2              0.010 
2025-05-23 10:51:21 | INFO |        6.510 ¦      651             1300          2              0.010 
2025-05-23 10:51:21 | INFO |        6.520 ¦      652             1302          2              0.010 
2025-05-23 10:51:21 | INFO |        6.530 ¦      653             1304          2              0.010 
2025-05-23 10:51:21 | INFO |        6.540 ¦      654             1306          2              0.010 
2025-05-23 10:51:21 | INFO |        6.550 ¦      655             1308          2              0.010 
2025-05-23 10:51:21 | INFO |        6.560 ¦      656             1310          2              0.010 
2025-05-23 10:51:21 | INFO |        6.570 ¦      657             1312          2              0.010 
2025-05-23 10:51:21 | INFO |        6.580 ¦      658             1314          2              0.010 
2025-05-23 10:51:21 | INFO |        6.590 ¦      659             1316          2              0.010 
2025-05-23 10:51:21 | INFO |        6.600 ¦      660             1318          2              0.010 
2025-05-23 10:51:21 | INFO |        6.610 ¦      661             1320          2              0.010 
2025-05-23 10:51:21 | INFO |        6.620 ¦      662             1322          2              0.010 
2025-05-23 10:51:21 | INFO |        6.630 ¦      663             1324          2              0.010 
2025-05-23 10:51:21 | INFO |        6.640 ¦      664             1326          2              0.010 
2025-05-23 10:51:21 | INFO |        6.650 ¦      665             1328          2              0.010 
2025-05-23 10:51:21 | INFO |        6.660 ¦      666             1330          2              0.010 
2025-05-23 10:51:21 | INFO |        6.670 ¦      667             1332          2              0.010 
2025-05-23 10:51:21 | INFO |        6.680 ¦      668             1334          2              0.010 
2025-05-23 10:51:21 | INFO |        6.690 ¦      669             1336          2              0.010 
2025-05-23 10:51:21 | INFO |        6.700 ¦      670             1338          2              0.010 
2025-05-23 10:51:21 | INFO |        6.710 ¦      671             1340          2              0.010 
2025-05-23 10:51:21 | INFO |        6.720 ¦      672             1342          2              0.010 
2025-05-23 10:51:21 | INFO |        6.730 ¦      673             1344          2              0.010 
2025-05-23 10:51:21 | INFO |        6.740 ¦      674             1346          2              0.010 
2025-05-23 10:51:21 | INFO |        6.750 ¦      675             1348          2              0.010 
2025-05-23 10:51:21 | INFO |        6.760 ¦      676             1350          2              0.010 
2025-05-23 10:51:21 | INFO |        6.770 ¦      677             1352          2              0.010 
2025-05-23 10:51:21 | INFO |        6.780 ¦      678             1354          2              0.010 
2025-05-23 10:51:21 | INFO |        6.790 ¦      679             1356          2              0.010 
2025-05-23 10:51:21 | INFO |        6.800 ¦      680             1358          2              0.010 
2025-05-23 10:51:21 | INFO |        6.810 ¦      681             1360          2              0.010 
2025-05-23 10:51:21 | INFO |        6.820 ¦      682             1362          2              0.010 
2025-05-23 10:51:21 | INFO |        6.830 ¦      683             1364          2              0.010 
2025-05-23 10:51:21 | INFO |        6.840 ¦      684             1366          2              0.010 
2025-05-23 10:51:21 | INFO |        6.850 ¦      685             1368          2              0.010 
2025-05-23 10:51:21 | INFO |        6.860 ¦      686             1370          2              0.010 
2025-05-23 10:51:21 | INFO |        6.870 ¦      687             1372          2              0.010 
2025-05-23 10:51:21 | INFO |        6.880 ¦      688             1374          2              0.010 
2025-05-23 10:51:21 | INFO |        6.890 ¦      689             1376          2              0.010 
2025-05-23 10:51:21 | INFO |        6.900 ¦      690             1378          2              0.010 
2025-05-23 10:51:21 | INFO |        6.910 ¦      691             1380          2              0.010 
2025-05-23 10:51:21 | INFO |        6.920 ¦      692             1382          2              0.010 
2025-05-23 10:51:21 | INFO |        6.930 ¦      693             1384          2              0.010 
2025-05-23 10:51:21 | INFO |        6.940 ¦      694             1386          2              0.010 
2025-05-23 10:51:21 | INFO |        6.950 ¦      695             1388          2              0.010 
2025-05-23 10:51:21 | INFO |        6.960 ¦      696             1390          2              0.010 
2025-05-23 10:51:21 | INFO |        6.970 ¦      697             1392          2              0.010 
2025-05-23 10:51:21 | INFO |        6.980 ¦      698             1394          2              0.010 
2025-05-23 10:51:21 | INFO |        6.990 ¦      699             1396          2              0.010 
2025-05-23 10:51:21 | INFO |        7.000 ¦      700             1398          2              0.010 
2025-05-23 10:51:21 | INFO |        7.010 ¦      701             1400          2              0.010 
2025-05-23 10:51:21 | INFO |        7.020 ¦      702             1402          2              0.010 
2025-05-23 10:51:21 | INFO |        7.030 ¦      703             1404          2              0.010 
2025-05-23 10:51:21 | INFO |        7.040 ¦      704             1406          2              0.010 
2025-05-23 10:51:21 | INFO |        7.050 ¦      705             1408          2              0.010 
2025-05-23 10:51:21 | INFO |        7.060 ¦      706             1410          2              0.010 
2025-05-23 10:51:21 | INFO |        7.070 ¦      707             1412          2              0.010 
2025-05-23 10:51:21 | INFO |        7.080 ¦      708             1414          2              0.010 
2025-05-23 10:51:21 | INFO |        7.090 ¦      709             1416          2              0.010 
2025-05-23 10:51:21 | INFO |        7.100 ¦      710             1418          2              0.010 
2025-05-23 10:51:21 | INFO |        7.110 ¦      711             1420          2              0.010 
2025-05-23 10:51:21 | INFO |        7.120 ¦      712             1422          2              0.010 
2025-05-23 10:51:21 | INFO |        7.130 ¦      713             1424          2              0.010 
2025-05-23 10:51:21 | INFO |        7.140 ¦      714             1426          2              0.010 
2025-05-23 10:51:21 | INFO |        7.150 ¦      715             1428          2              0.010 
2025-05-23 10:51:21 | INFO |        7.160 ¦      716             1430          2              0.010 
2025-05-23 10:51:21 | INFO |        7.170 ¦      717             1432          2              0.010 
2025-05-23 10:51:21 | INFO |        7.180 ¦      718             1434          2              0.010 
2025-05-23 10:51:21 | INFO |        7.190 ¦      719             1436          2              0.010 
2025-05-23 10:51:21 | INFO |        7.200 ¦      720             1438          2              0.010 
2025-05-23 10:51:21 | INFO |        7.210 ¦      721             1440          2              0.010 
2025-05-23 10:51:21 | INFO |        7.220 ¦      722             1442          2              0.010 
2025-05-23 10:51:21 | INFO |        7.230 ¦      723             1444          2              0.010 
2025-05-23 10:51:21 | INFO |        7.240 ¦      724             1446          2              0.010 
2025-05-23 10:51:21 | INFO |        7.250 ¦      725             1448          2              0.010 
2025-05-23 10:51:21 | INFO |        7.260 ¦      726             1450          2              0.010 
2025-05-23 10:51:21 | INFO |        7.270 ¦      727             1452          2              0.010 
2025-05-23 10:51:21 | INFO |        7.280 ¦      728             1454          2              0.010 
2025-05-23 10:51:21 | INFO |        7.290 ¦      729             1456          2              0.010 
2025-05-23 10:51:21 | INFO |        7.300 ¦      730             1458          2              0.010 
2025-05-23 10:51:21 | INFO |        7.310 ¦      731             1460          2              0.010 
2025-05-23 10:51:21 | INFO |        7.320 ¦      732             1462          2              0.010 
2025-05-23 10:51:21 | INFO |        7.330 ¦      733             1464          2              0.010 
2025-05-23 10:51:21 | INFO |        7.340 ¦      734             1466          2              0.010 
2025-05-23 10:51:21 | INFO |        7.350 ¦      735             1468          2              0.010 
2025-05-23 10:51:21 | INFO |        7.360 ¦      736             1470          2              0.010 
2025-05-23 10:51:21 | INFO |        7.370 ¦      737             1472          2              0.010 
2025-05-23 10:51:21 | INFO |        7.380 ¦      738             1474          2              0.010 
2025-05-23 10:51:21 | INFO |        7.390 ¦      739             1476          2              0.010 
2025-05-23 10:51:21 | INFO |        7.400 ¦      740             1478          2              0.010 
2025-05-23 10:51:21 | INFO |        7.410 ¦      741             1480          2              0.010 
2025-05-23 10:51:21 | INFO |        7.420 ¦      742             1482          2              0.010 
2025-05-23 10:51:21 | INFO |        7.430 ¦      743             1484          2              0.010 
2025-05-23 10:51:21 | INFO |        7.440 ¦      744             1486          2              0.010 
2025-05-23 10:51:21 | INFO |        7.450 ¦      745             1488          2              0.010 
2025-05-23 10:51:21 | INFO |        7.460 ¦      746             1490          2              0.010 
2025-05-23 10:51:21 | INFO |        7.470 ¦      747             1492          2              0.010 
2025-05-23 10:51:21 | INFO |        7.480 ¦      748             1494          2              0.010 
2025-05-23 10:51:21 | INFO |        7.490 ¦      749             1496          2              0.010 
2025-05-23 10:51:21 | INFO |        7.500 ¦      750             1498          2              0.010 
2025-05-23 10:51:21 | INFO |        7.510 ¦      751             1500          2              0.010 
2025-05-23 10:51:21 | INFO |        7.520 ¦      752             1502          2              0.010 
2025-05-23 10:51:21 | INFO |        7.530 ¦      753             1504          2              0.010 
2025-05-23 10:51:21 | INFO |        7.540 ¦      754             1506          2              0.010 
2025-05-23 10:51:21 | INFO |        7.550 ¦      755             1508          2              0.010 
2025-05-23 10:51:21 | INFO |        7.560 ¦      756             1510          2              0.010 
2025-05-23 10:51:21 | INFO |        7.570 ¦      757             1512          2              0.010 
2025-05-23 10:51:21 | INFO |        7.580 ¦      758             1514          2              0.010 
2025-05-23 10:51:21 | INFO |        7.590 ¦      759             1516          2              0.010 
2025-05-23 10:51:21 | INFO |        7.600 ¦      760             1518          2              0.010 
2025-05-23 10:51:21 | INFO |        7.610 ¦      761             1520          2              0.010 
2025-05-23 10:51:21 | INFO |        7.620 ¦      762             1522          2              0.010 
2025-05-23 10:51:21 | INFO |        7.630 ¦      763             1524          2              0.010 
2025-05-23 10:51:21 | INFO |        7.640 ¦      764             1526          2              0.010 
2025-05-23 10:51:21 | INFO |        7.650 ¦      765             1528          2              0.010 
2025-05-23 10:51:21 | INFO |        7.660 ¦      766             1530          2              0.010 
2025-05-23 10:51:21 | INFO |        7.670 ¦      767             1532          2              0.010 
2025-05-23 10:51:21 | INFO |        7.680 ¦      768             1534          2              0.010 
2025-05-23 10:51:21 | INFO |        7.690 ¦      769             1536          2              0.010 
2025-05-23 10:51:21 | INFO |        7.700 ¦      770             1538          2              0.010 
2025-05-23 10:51:21 | INFO |        7.710 ¦      771             1540          2              0.010 
2025-05-23 10:51:21 | INFO |        7.720 ¦      772             1542          2              0.010 
2025-05-23 10:51:21 | INFO |        7.730 ¦      773             1544          2              0.010 
2025-05-23 10:51:21 | INFO |        7.740 ¦      774             1546          2              0.010 
2025-05-23 10:51:21 | INFO |        7.750 ¦      775             1548          2              0.010 
2025-05-23 10:51:21 | INFO |        7.760 ¦      776             1550          2              0.010 
2025-05-23 10:51:21 | INFO |        7.770 ¦      777             1552          2              0.010 
2025-05-23 10:51:21 | INFO |        7.780 ¦      778             1554          2              0.010 
2025-05-23 10:51:21 | INFO |        7.790 ¦      779             1556          2              0.010 
2025-05-23 10:51:21 | INFO |        7.800 ¦      780             1558          2              0.010 
2025-05-23 10:51:21 | INFO |        7.810 ¦      781             1560          2              0.010 
2025-05-23 10:51:21 | INFO |        7.820 ¦      782             1562          2              0.010 
2025-05-23 10:51:21 | INFO |        7.830 ¦      783             1564          2              0.010 
2025-05-23 10:51:21 | INFO |        7.840 ¦      784             1566          2              0.010 
2025-05-23 10:51:21 | INFO |        7.850 ¦      785             1568          2              0.010 
2025-05-23 10:51:21 | INFO |        7.860 ¦      786             1570          2              0.010 
2025-05-23 10:51:21 | INFO |        7.870 ¦      787             1572          2              0.010 
2025-05-23 10:51:21 | INFO |        7.880 ¦      788             1574          2              0.010 
2025-05-23 10:51:21 | INFO |        7.890 ¦      789             1576          2              0.010 
2025-05-23 10:51:21 | INFO |        7.900 ¦      790             1578          2              0.010 
2025-05-23 10:51:21 | INFO |        7.910 ¦      791             1580          2              0.010 
2025-05-23 10:51:21 | INFO |        7.920 ¦      792             1582          2              0.010 
2025-05-23 10:51:21 | INFO |        7.930 ¦      793             1584          2              0.010 
2025-05-23 10:51:21 | INFO |        7.940 ¦      794             1586          2              0.010 
2025-05-23 10:51:21 | INFO |        7.950 ¦      795             1588          2              0.010 
2025-05-23 10:51:21 | INFO |        7.960 ¦      796             1590          2              0.010 
2025-05-23 10:51:21 | INFO |        7.970 ¦      797             1592          2              0.010 
2025-05-23 10:51:21 | INFO |        7.980 ¦      798             1594          2              0.010 
2025-05-23 10:51:21 | INFO |        7.990 ¦      799             1596          2              0.010 
2025-05-23 10:51:21 | INFO |        8.000 ¦      800             1598          2              0.010 
2025-05-23 10:51:21 | INFO |        8.010 ¦      801             1600          2              0.010 
2025-05-23 10:51:21 | INFO |        8.020 ¦      802             1602          2              0.010 
2025-05-23 10:51:21 | INFO |        8.030 ¦      803             1604          2              0.010 
2025-05-23 10:51:21 | INFO |        8.040 ¦      804             1606          2              0.010 
2025-05-23 10:51:21 | INFO |        8.050 ¦      805             1608          2              0.010 
2025-05-23 10:51:21 | INFO |        8.060 ¦      806             1610          2              0.010 
2025-05-23 10:51:21 | INFO |        8.070 ¦      807             1612          2              0.010 
2025-05-23 10:51:21 | INFO |        8.080 ¦      808             1614          2              0.010 
2025-05-23 10:51:21 | INFO |        8.090 ¦      809             1616          2              0.010 
2025-05-23 10:51:21 | INFO |        8.100 ¦      810             1618          2              0.010 
2025-05-23 10:51:21 | INFO |        8.110 ¦      811             1620          2              0.010 
2025-05-23 10:51:21 | INFO |        8.120 ¦      812             1622          2              0.010 
2025-05-23 10:51:21 | INFO |        8.130 ¦      813             1624          2              0.010 
2025-05-23 10:51:21 | INFO |        8.140 ¦      814             1626          2              0.010 
2025-05-23 10:51:21 | INFO |        8.150 ¦      815             1628          2              0.010 
2025-05-23 10:51:21 | INFO |        8.160 ¦      816             1630          2              0.010 
2025-05-23 10:51:21 | INFO |        8.170 ¦      817             1632          2              0.010 
2025-05-23 10:51:21 | INFO |        8.180 ¦      818             1634          2              0.010 
2025-05-23 10:51:21 | INFO |        8.190 ¦      819             1636          2              0.010 
2025-05-23 10:51:21 | INFO |        8.200 ¦      820             1638          2              0.010 
2025-05-23 10:51:21 | INFO |        8.210 ¦      821             1640          2              0.010 
2025-05-23 10:51:21 | INFO |        8.220 ¦      822             1642          2              0.010 
2025-05-23 10:51:21 | INFO |        8.230 ¦      823             1644          2              0.010 
2025-05-23 10:51:21 | INFO |        8.240 ¦      824             1646          2              0.010 
2025-05-23 10:51:21 | INFO |        8.250 ¦      825             1648          2              0.010 
2025-05-23 10:51:21 | INFO |        8.260 ¦      826             1650          2              0.010 
2025-05-23 10:51:21 | INFO |        8.270 ¦      827             1652          2              0.010 
2025-05-23 10:51:21 | INFO |        8.280 ¦      828             1654          2              0.010 
2025-05-23 10:51:21 | INFO |        8.290 ¦      829             1656          2              0.010 
2025-05-23 10:51:21 | INFO |        8.300 ¦      830             1658          2              0.010 
2025-05-23 10:51:21 | INFO |        8.310 ¦      831             1660          2              0.010 
2025-05-23 10:51:21 | INFO |        8.320 ¦      832             1662          2              0.010 
2025-05-23 10:51:21 | INFO |        8.330 ¦      833             1664          2              0.010 
2025-05-23 10:51:21 | INFO |        8.340 ¦      834             1666          2              0.010 
2025-05-23 10:51:21 | INFO |        8.350 ¦      835             1668          2              0.010 
2025-05-23 10:51:21 | INFO |        8.360 ¦      836             1670          2              0.010 
2025-05-23 10:51:21 | INFO |        8.370 ¦      837             1672          2              0.010 
2025-05-23 10:51:21 | INFO |        8.380 ¦      838             1674          2              0.010 
2025-05-23 10:51:21 | INFO |        8.390 ¦      839             1676          2              0.010 
2025-05-23 10:51:21 | INFO |        8.400 ¦      840             1678          2              0.010 
2025-05-23 10:51:21 | INFO |        8.410 ¦      841             1680          2              0.010 
2025-05-23 10:51:21 | INFO |        8.420 ¦      842             1682          2              0.010 
2025-05-23 10:51:21 | INFO |        8.430 ¦      843             1684          2              0.010 
2025-05-23 10:51:21 | INFO |        8.440 ¦      844             1686          2              0.010 
2025-05-23 10:51:21 | INFO |        8.450 ¦      845             1688          2              0.010 
2025-05-23 10:51:21 | INFO |        8.460 ¦      846             1690          2              0.010 
2025-05-23 10:51:21 | INFO |        8.470 ¦      847             1692          2              0.010 
2025-05-23 10:51:21 | INFO |        8.480 ¦      848             1694          2              0.010 
2025-05-23 10:51:21 | INFO |        8.490 ¦      849             1696          2              0.010 
2025-05-23 10:51:21 | INFO |        8.500 ¦      850             1698          2              0.010 
2025-05-23 10:51:21 | INFO |        8.510 ¦      851             1700          2              0.010 
2025-05-23 10:51:21 | INFO |        8.520 ¦      852             1702          2              0.010 
2025-05-23 10:51:21 | INFO |        8.530 ¦      853             1704          2              0.010 
2025-05-23 10:51:21 | INFO |        8.540 ¦      854             1706          2              0.010 
2025-05-23 10:51:21 | INFO |        8.550 ¦      855             1708          2              0.010 
2025-05-23 10:51:21 | INFO |        8.560 ¦      856             1710          2              0.010 
2025-05-23 10:51:21 | INFO |        8.570 ¦      857             1712          2              0.010 
2025-05-23 10:51:21 | INFO |        8.580 ¦      858             1714          2              0.010 
2025-05-23 10:51:21 | INFO |        8.590 ¦      859             1716          2              0.010 
2025-05-23 10:51:21 | INFO |        8.600 ¦      860             1718          2              0.010 
2025-05-23 10:51:21 | INFO |        8.610 ¦      861             1720          2              0.010 
2025-05-23 10:51:21 | INFO |        8.620 ¦      862             1722          2              0.010 
2025-05-23 10:51:21 | INFO |        8.630 ¦      863             1724          2              0.010 
2025-05-23 10:51:21 | INFO |        8.640 ¦      864             1726          2              0.010 
2025-05-23 10:51:21 | INFO |        8.650 ¦      865             1728          2              0.010 
2025-05-23 10:51:21 | INFO |        8.660 ¦      866             1730          2              0.010 
2025-05-23 10:51:21 | INFO |        8.670 ¦      867             1732          2              0.010 
2025-05-23 10:51:21 | INFO |        8.680 ¦      868             1734          2              0.010 
2025-05-23 10:51:21 | INFO |        8.690 ¦      869             1736          2              0.010 
2025-05-23 10:51:21 | INFO |        8.700 ¦      870             1738          2              0.010 
2025-05-23 10:51:21 | INFO |        8.710 ¦      871             1740          2              0.010 
2025-05-23 10:51:21 | INFO |        8.720 ¦      872             1742          2              0.010 
2025-05-23 10:51:21 | INFO |        8.730 ¦      873             1744          2              0.010 
2025-05-23 10:51:21 | INFO |        8.740 ¦      874             1746          2              0.010 
2025-05-23 10:51:21 | INFO |        8.750 ¦      875             1748          2              0.010 
2025-05-23 10:51:21 | INFO |        8.760 ¦      876             1750          2              0.010 
2025-05-23 10:51:21 | INFO |        8.770 ¦      877             1752          2              0.010 
2025-05-23 10:51:21 | INFO |        8.780 ¦      878             1754          2              0.010 
2025-05-23 10:51:21 | INFO |        8.790 ¦      879             1756          2              0.010 
2025-05-23 10:51:21 | INFO |        8.800 ¦      880             1758          2              0.010 
2025-05-23 10:51:21 | INFO |        8.810 ¦      881             1760          2              0.010 
2025-05-23 10:51:21 | INFO |        8.820 ¦      882             1762          2              0.010 
2025-05-23 10:51:21 | INFO |        8.830 ¦      883             1764          2              0.010 
2025-05-23 10:51:21 | INFO |        8.840 ¦      884             1766          2              0.010 
2025-05-23 10:51:21 | INFO |        8.850 ¦      885             1768          2              0.010 
2025-05-23 10:51:21 | INFO |        8.860 ¦      886             1770          2              0.010 
2025-05-23 10:51:21 | INFO |        8.870 ¦      887             1772          2              0.010 
2025-05-23 10:51:21 | INFO |        8.880 ¦      888             1774          2              0.010 
2025-05-23 10:51:21 | INFO |        8.890 ¦      889             1776          2              0.010 
2025-05-23 10:51:21 | INFO |        8.900 ¦      890             1778          2              0.010 
2025-05-23 10:51:21 | INFO |        8.910 ¦      891             1780          2              0.010 
2025-05-23 10:51:21 | INFO |        8.920 ¦      892             1782          2              0.010 
2025-05-23 10:51:21 | INFO |        8.930 ¦      893             1784          2              0.010 
2025-05-23 10:51:21 | INFO |        8.940 ¦      894             1786          2              0.010 
2025-05-23 10:51:21 | INFO |        8.950 ¦      895             1788          2              0.010 
2025-05-23 10:51:21 | INFO |        8.960 ¦      896             1790          2              0.010 
2025-05-23 10:51:21 | INFO |        8.970 ¦      897             1792          2              0.010 
2025-05-23 10:51:21 | INFO |        8.980 ¦      898             1794          2              0.010 
2025-05-23 10:51:21 | INFO |        8.990 ¦      899             1796          2              0.010 
2025-05-23 10:51:21 | INFO |        9.000 ¦      900             1798          2              0.010 
2025-05-23 10:51:21 | INFO |        9.010 ¦      901             1800          2              0.010 
2025-05-23 10:51:21 | INFO |        9.020 ¦      902             1802          2              0.010 
2025-05-23 10:51:21 | INFO |        9.030 ¦      903             1804          2              0.010 
2025-05-23 10:51:21 | INFO |        9.040 ¦      904             1806          2              0.010 
2025-05-23 10:51:21 | INFO |        9.050 ¦      905             1808          2              0.010 
2025-05-23 10:51:21 | INFO |        9.060 ¦      906             1810          2              0.010 
2025-05-23 10:51:21 | INFO |        9.070 ¦      907             1812          2              0.010 
2025-05-23 10:51:21 | INFO |        9.080 ¦      908             1814          2              0.010 
2025-05-23 10:51:21 | INFO |        9.090 ¦      909             1816          2              0.010 
2025-05-23 10:51:21 | INFO |        9.100 ¦      910             1818          2              0.010 
2025-05-23 10:51:21 | INFO |        9.110 ¦      911             1820          2              0.010 
2025-05-23 10:51:21 | INFO |        9.120 ¦      912             1822          2              0.010 
2025-05-23 10:51:21 | INFO |        9.130 ¦      913             1824          2              0.010 
2025-05-23 10:51:21 | INFO |        9.140 ¦      914             1826          2              0.010 
2025-05-23 10:51:21 | INFO |        9.150 ¦      915             1828          2              0.010 
2025-05-23 10:51:21 | INFO |        9.160 ¦      916             1830          2              0.010 
2025-05-23 10:51:21 | INFO |        9.170 ¦      917             1832          2              0.010 
2025-05-23 10:51:21 | INFO |        9.180 ¦      918             1834          2              0.010 
2025-05-23 10:51:21 | INFO |        9.190 ¦      919             1836          2              0.010 
2025-05-23 10:51:21 | INFO |        9.200 ¦      920             1838          2              0.010 
2025-05-23 10:51:21 | INFO |        9.210 ¦      921             1840          2              0.010 
2025-05-23 10:51:21 | INFO |        9.220 ¦      922             1842          2              0.010 
2025-05-23 10:51:21 | INFO |        9.230 ¦      923             1844          2              0.010 
2025-05-23 10:51:21 | INFO |        9.240 ¦      924             1846          2              0.010 
2025-05-23 10:51:21 | INFO |        9.250 ¦      925             1848          2              0.010 
2025-05-23 10:51:21 | INFO |        9.260 ¦      926             1850          2              0.010 
2025-05-23 10:51:21 | INFO |        9.270 ¦      927             1852          2              0.010 
2025-05-23 10:51:21 | INFO |        9.280 ¦      928             1854          2              0.010 
2025-05-23 10:51:21 | INFO |        9.290 ¦      929             1856          2              0.010 
2025-05-23 10:51:21 | INFO |        9.300 ¦      930             1858          2              0.010 
2025-05-23 10:51:21 | INFO |        9.310 ¦      931             1860          2              0.010 
2025-05-23 10:51:21 | INFO |        9.320 ¦      932             1862          2              0.010 
2025-05-23 10:51:21 | INFO |        9.330 ¦      933             1864          2              0.010 
2025-05-23 10:51:21 | INFO |        9.340 ¦      934             1866          2              0.010 
2025-05-23 10:51:21 | INFO |        9.350 ¦      935             1868          2              0.010 
2025-05-23 10:51:21 | INFO |        9.360 ¦      936             1870          2              0.010 
2025-05-23 10:51:21 | INFO |        9.370 ¦      937             1872          2              0.010 
2025-05-23 10:51:21 | INFO |        9.380 ¦      938             1874          2              0.010 
2025-05-23 10:51:21 | INFO |        9.390 ¦      939             1876          2              0.010 
2025-05-23 10:51:21 | INFO |        9.400 ¦      940             1878          2              0.010 
2025-05-23 10:51:21 | INFO |        9.410 ¦      941             1880          2              0.010 
2025-05-23 10:51:21 | INFO |        9.420 ¦      942             1882          2              0.010 
2025-05-23 10:51:21 | INFO |        9.430 ¦      943             1884          2              0.010 
2025-05-23 10:51:21 | INFO |        9.440 ¦      944             1886          2              0.010 
2025-05-23 10:51:21 | INFO |        9.450 ¦      945             1888          2              0.010 
2025-05-23 10:51:21 | INFO |        9.460 ¦      946             1890          2              0.010 
2025-05-23 10:51:21 | INFO |        9.470 ¦      947             1892          2              0.010 
2025-05-23 10:51:21 | INFO |        9.480 ¦      948             1894          2              0.010 
2025-05-23 10:51:21 | INFO |        9.490 ¦      949             1896          2              0.010 
2025-05-23 10:51:21 | INFO |        9.500 ¦      950             1898          2              0.010 
2025-05-23 10:51:21 | INFO |        9.510 ¦      951             1900          2              0.010 
2025-05-23 10:51:21 | INFO |        9.520 ¦      952             1902          2              0.010 
2025-05-23 10:51:21 | INFO |        9.530 ¦      953             1904          2              0.010 
2025-05-23 10:51:21 | INFO |        9.540 ¦      954             1906          2              0.010 
2025-05-23 10:51:21 | INFO |        9.550 ¦      955             1908          2              0.010 
2025-05-23 10:51:21 | INFO |        9.560 ¦      956             1910          2              0.010 
2025-05-23 10:51:21 | INFO |        9.570 ¦      957             1912          2              0.010 
2025-05-23 10:51:21 | INFO |        9.580 ¦      958             1914          2              0.010 
2025-05-23 10:51:21 | INFO |        9.590 ¦      959             1916          2              0.010 
2025-05-23 10:51:21 | INFO |        9.600 ¦      960             1918          2              0.010 
2025-05-23 10:51:21 | INFO |        9.610 ¦      961             1920          2              0.010 
2025-05-23 10:51:21 | INFO |        9.620 ¦      962             1922          2              0.010 
2025-05-23 10:51:21 | INFO |        9.630 ¦      963             1924          2              0.010 
2025-05-23 10:51:21 | INFO |        9.640 ¦      964             1926          2              0.010 
2025-05-23 10:51:21 | INFO |        9.650 ¦      965             1928          2              0.010 
2025-05-23 10:51:21 | INFO |        9.660 ¦      966             1930          2              0.010 
2025-05-23 10:51:21 | INFO |        9.670 ¦      967             1932          2              0.010 
2025-05-23 10:51:21 | INFO |        9.680 ¦      968             1934          2              0.010 
2025-05-23 10:51:21 | INFO |        9.690 ¦      969             1936          2              0.010 
2025-05-23 10:51:21 | INFO |        9.700 ¦      970             1938          2              0.010 
2025-05-23 10:51:21 | INFO |        9.710 ¦      971             1940          2              0.010 
2025-05-23 10:51:21 | INFO |        9.720 ¦      972             1942          2              0.010 
2025-05-23 10:51:21 | INFO |        9.730 ¦      973             1944          2              0.010 
2025-05-23 10:51:21 | INFO |        9.740 ¦      974             1946          2              0.010 
2025-05-23 10:51:21 | INFO |        9.750 ¦      975             1948          2              0.010 
2025-05-23 10:51:21 | INFO |        9.760 ¦      976             1950          2              0.010 
2025-05-23 10:51:21 | INFO |        9.770 ¦      977             1952          2              0.010 
2025-05-23 10:51:21 | INFO |        9.780 ¦      978             1954          2              0.010 
2025-05-23 10:51:21 | INFO |        9.790 ¦      979             1956          2              0.010 
2025-05-23 10:51:21 | INFO |        9.800 ¦      980             1958          2              0.010 
2025-05-23 10:51:21 | INFO |        9.810 ¦      981             1960          2              0.010 
2025-05-23 10:51:21 | INFO |        9.820 ¦      982             1962          2              0.010 
2025-05-23 10:51:21 | INFO |        9.830 ¦      983             1964          2              0.010 
2025-05-23 10:51:21 | INFO |        9.840 ¦      984             1966          2              0.010 
2025-05-23 10:51:21 | INFO |        9.850 ¦      985             1968          2              0.010 
2025-05-23 10:51:21 | INFO |        9.860 ¦      986             1970          2              0.010 
2025-05-23 10:51:21 | INFO |        9.870 ¦      987             1972          2              0.010 
2025-05-23 10:51:21 | INFO |        9.880 ¦      988             1974          2              0.010 
2025-05-23 10:51:21 | INFO |        9.890 ¦      989             1976          2              0.010 
2025-05-23 10:51:21 | INFO |        9.900 ¦      990             1978          2              0.010 
2025-05-23 10:51:21 | INFO |        9.910 ¦      991             1980          2              0.010 
2025-05-23 10:51:21 | INFO |        9.920 ¦      992             1982          2              0.010 
2025-05-23 10:51:21 | INFO |        9.930 ¦      993             1984          2              0.010 
2025-05-23 10:51:21 | INFO |        9.940 ¦      994             1986          2              0.010 
2025-05-23 10:51:21 | INFO |        9.950 ¦      995             1988          2              0.010 
2025-05-23 10:51:21 | INFO |        9.960 ¦      996             1990          2              0.010 
2025-05-23 10:51:21 | INFO |        9.970 ¦      997             1992          2              0.010 
2025-05-23 10:51:21 | INFO |        9.980 ¦      998             1994          2              0.010 
2025-05-23 10:51:21 | INFO |        9.990 ¦      999             1996          2              0.010 
2025-05-23 10:51:21 | INFO |       10.000 ¦     1000             1998          2              0.010 
2025-05-23 10:51:21 | INFO |       10.010 ¦     1001             2000          2              0.010 
2025-05-23 10:51:21 | INFO |       10.020 ¦     1002             2002          2              0.010 
2025-05-23 10:51:21 | INFO |       10.030 ¦     1003             2004          2              0.010 
2025-05-23 10:51:21 | INFO |       10.040 ¦     1004             2006          2              0.010 
2025-05-23 10:51:21 | INFO |       10.050 ¦     1005             2008          2              0.010 
2025-05-23 10:51:21 | INFO |       10.060 ¦     1006             2010          2              0.010 
2025-05-23 10:51:21 | INFO |       10.070 ¦     1007             2012          2              0.010 
2025-05-23 10:51:21 | INFO |       10.080 ¦     1008             2014          2              0.010 
2025-05-23 10:51:21 | INFO |       10.090 ¦     1009             2016          2              0.010 
2025-05-23 10:51:21 | INFO |       10.100 ¦     1010             2018          2              0.010 
2025-05-23 10:51:21 | INFO |       10.110 ¦     1011             2020          2              0.010 
2025-05-23 10:51:21 | INFO |       10.120 ¦     1012             2022          2              0.010 
2025-05-23 10:51:21 | INFO |       10.130 ¦     1013             2024          2              0.010 
2025-05-23 10:51:21 | INFO |       10.140 ¦     1014             2026          2              0.010 
2025-05-23 10:51:21 | INFO |       10.150 ¦     1015             2028          2              0.010 
2025-05-23 10:51:21 | INFO |       10.160 ¦     1016             2030          2              0.010 
2025-05-23 10:51:21 | INFO |       10.170 ¦     1017             2032          2              0.010 
2025-05-23 10:51:21 | INFO |       10.180 ¦     1018             2034          2              0.010 
2025-05-23 10:51:21 | INFO |       10.190 ¦     1019             2036          2              0.010 
2025-05-23 10:51:21 | INFO |       10.200 ¦     1020             2038          2              0.010 
2025-05-23 10:51:21 | INFO |       10.210 ¦     1021             2040          2              0.010 
2025-05-23 10:51:21 | INFO |       10.220 ¦     1022             2042          2              0.010 
2025-05-23 10:51:21 | INFO |       10.230 ¦     1023             2044          2              0.010 
2025-05-23 10:51:21 | INFO |       10.240 ¦     1024             2046          2              0.010 
2025-05-23 10:51:21 | INFO |       10.250 ¦     1025             2048          2              0.010 
2025-05-23 10:51:21 | INFO |       10.260 ¦     1026             2050          2              0.010 
2025-05-23 10:51:21 | INFO |       10.270 ¦     1027             2052          2              0.010 
2025-05-23 10:51:21 | INFO |       10.280 ¦     1028             2054          2              0.010 
2025-05-23 10:51:21 | INFO |       10.290 ¦     1029             2056          2              0.010 
2025-05-23 10:51:21 | INFO |       10.300 ¦     1030             2058          2              0.010 
2025-05-23 10:51:21 | INFO |       10.310 ¦     1031             2060          2              0.010 
2025-05-23 10:51:21 | INFO |       10.320 ¦     1032             2062          2              0.010 
2025-05-23 10:51:21 | INFO |       10.330 ¦     1033             2064          2              0.010 
2025-05-23 10:51:21 | INFO |       10.340 ¦     1034             2066          2              0.010 
2025-05-23 10:51:21 | INFO |       10.350 ¦     1035             2068          2              0.010 
2025-05-23 10:51:21 | INFO |       10.360 ¦     1036             2070          2              0.010 
2025-05-23 10:51:21 | INFO |       10.370 ¦     1037             2072          2              0.010 
2025-05-23 10:51:21 | INFO |       10.380 ¦     1038             2074          2              0.010 
2025-05-23 10:51:21 | INFO |       10.390 ¦     1039             2076          2              0.010 
2025-05-23 10:51:21 | INFO |       10.400 ¦     1040             2078          2              0.010 
2025-05-23 10:51:21 | INFO |       10.410 ¦     1041             2080          2              0.010 
2025-05-23 10:51:21 | INFO |       10.420 ¦     1042             2082          2              0.010 
2025-05-23 10:51:21 | INFO |       10.430 ¦     1043             2084          2              0.010 
2025-05-23 10:51:21 | INFO |       10.440 ¦     1044             2086          2              0.010 
2025-05-23 10:51:21 | INFO |       10.450 ¦     1045             2088          2              0.010 
2025-05-23 10:51:21 | INFO |       10.460 ¦     1046             2090          2              0.010 
2025-05-23 10:51:21 | INFO |       10.470 ¦     1047             2092          2              0.010 
2025-05-23 10:51:21 | INFO |       10.480 ¦     1048             2094          2              0.010 
2025-05-23 10:51:21 | INFO |       10.490 ¦     1049             2096          2              0.010 
2025-05-23 10:51:21 | INFO |       10.500 ¦     1050             2098          2              0.010 
2025-05-23 10:51:21 | INFO |       10.510 ¦     1051             2100          2              0.010 
2025-05-23 10:51:21 | INFO |       10.520 ¦     1052             2102          2              0.010 
2025-05-23 10:51:21 | INFO |       10.530 ¦     1053             2104          2              0.010 
2025-05-23 10:51:21 | INFO |       10.540 ¦     1054             2106          2              0.010 
2025-05-23 10:51:21 | INFO |       10.550 ¦     1055             2108          2              0.010 
2025-05-23 10:51:21 | INFO |       10.560 ¦     1056             2110          2              0.010 
2025-05-23 10:51:21 | INFO |       10.570 ¦     1057             2112          2              0.010 
2025-05-23 10:51:21 | INFO |       10.580 ¦     1058             2114          2              0.010 
2025-05-23 10:51:21 | INFO |       10.590 ¦     1059             2116          2              0.010 
2025-05-23 10:51:21 | INFO |       10.600 ¦     1060             2118          2              0.010 
2025-05-23 10:51:21 | INFO |       10.610 ¦     1061             2120          2              0.010 
2025-05-23 10:51:21 | INFO |       10.620 ¦     1062             2122          2              0.010 
2025-05-23 10:51:21 | INFO |       10.630 ¦     1063             2124          2              0.010 
2025-05-23 10:51:21 | INFO |       10.640 ¦     1064             2126          2              0.010 
2025-05-23 10:51:21 | INFO |       10.650 ¦     1065             2128          2              0.010 
2025-05-23 10:51:21 | INFO |       10.660 ¦     1066             2130          2              0.010 
2025-05-23 10:51:21 | INFO |       10.670 ¦     1067             2132          2              0.010 
2025-05-23 10:51:21 | INFO |       10.680 ¦     1068             2134          2              0.010 
2025-05-23 10:51:21 | INFO |       10.690 ¦     1069             2136          2              0.010 
2025-05-23 10:51:21 | INFO |       10.700 ¦     1070             2138          2              0.010 
2025-05-23 10:51:21 | INFO |       10.710 ¦     1071             2140          2              0.010 
2025-05-23 10:51:21 | INFO |       10.720 ¦     1072             2142          2              0.010 
2025-05-23 10:51:21 | INFO |       10.730 ¦     1073             2144          2              0.010 
2025-05-23 10:51:21 | INFO |       10.740 ¦     1074             2146          2              0.010 
2025-05-23 10:51:21 | INFO |       10.750 ¦     1075             2148          2              0.010 
2025-05-23 10:51:21 | INFO |       10.760 ¦     1076             2150          2              0.010 
2025-05-23 10:51:21 | INFO |       10.770 ¦     1077             2152          2              0.010 
2025-05-23 10:51:21 | INFO |       10.780 ¦     1078             2154          2              0.010 
2025-05-23 10:51:21 | INFO |       10.790 ¦     1079             2156          2              0.010 
2025-05-23 10:51:21 | INFO |       10.800 ¦     1080             2158          2              0.010 
2025-05-23 10:51:21 | INFO |       10.810 ¦     1081             2160          2              0.010 
2025-05-23 10:51:21 | INFO |       10.820 ¦     1082             2162          2              0.010 
2025-05-23 10:51:21 | INFO |       10.830 ¦     1083             2164          2              0.010 
2025-05-23 10:51:21 | INFO |       10.840 ¦     1084             2166          2              0.010 
2025-05-23 10:51:21 | INFO |       10.850 ¦     1085             2168          2              0.010 
2025-05-23 10:51:21 | INFO |       10.860 ¦     1086             2170          2              0.010 
2025-05-23 10:51:21 | INFO |       10.870 ¦     1087             2172          2              0.010 
2025-05-23 10:51:21 | INFO |       10.880 ¦     1088             2174          2              0.010 
2025-05-23 10:51:21 | INFO |       10.890 ¦     1089             2176          2              0.010 
2025-05-23 10:51:21 | INFO |       10.900 ¦     1090             2178          2              0.010 
2025-05-23 10:51:21 | INFO |       10.910 ¦     1091             2180          2              0.010 
2025-05-23 10:51:21 | INFO |       10.920 ¦     1092             2182          2              0.010 
2025-05-23 10:51:21 | INFO |       10.930 ¦     1093             2184          2              0.010 
2025-05-23 10:51:21 | INFO |       10.940 ¦     1094             2186          2              0.010 
2025-05-23 10:51:21 | INFO |       10.950 ¦     1095             2188          2              0.010 
2025-05-23 10:51:21 | INFO |       10.960 ¦     1096             2190          2              0.010 
2025-05-23 10:51:21 | INFO |       10.970 ¦     1097             2192          2              0.010 
2025-05-23 10:51:21 | INFO |       10.980 ¦     1098             2194          2              0.010 
2025-05-23 10:51:21 | INFO |       10.990 ¦     1099             2196          2              0.010 
2025-05-23 10:51:21 | INFO |       11.000 ¦     1100             2198          2              0.010 
2025-05-23 10:51:21 | INFO |       11.010 ¦     1101             2200          2              0.010 
2025-05-23 10:51:21 | INFO |       11.020 ¦     1102             2202          2              0.010 
2025-05-23 10:51:21 | INFO |       11.030 ¦     1103             2204          2              0.010 
2025-05-23 10:51:21 | INFO |       11.040 ¦     1104             2206          2              0.010 
2025-05-23 10:51:21 | INFO |       11.050 ¦     1105             2208          2              0.010 
2025-05-23 10:51:21 | INFO |       11.060 ¦     1106             2210          2              0.010 
2025-05-23 10:51:21 | INFO |       11.070 ¦     1107             2212          2              0.010 
2025-05-23 10:51:21 | INFO |       11.080 ¦     1108             2214          2              0.010 
2025-05-23 10:51:21 | INFO |       11.090 ¦     1109             2216          2              0.010 
2025-05-23 10:51:21 | INFO |       11.100 ¦     1110             2218          2              0.010 
2025-05-23 10:51:21 | INFO |       11.110 ¦     1111             2220          2              0.010 
2025-05-23 10:51:21 | INFO |       11.120 ¦     1112             2222          2              0.010 
2025-05-23 10:51:21 | INFO |       11.130 ¦     1113             2224          2              0.010 
2025-05-23 10:51:21 | INFO |       11.140 ¦     1114             2226          2              0.010 
2025-05-23 10:51:21 | INFO |       11.150 ¦     1115             2228          2              0.010 
2025-05-23 10:51:21 | INFO |       11.160 ¦     1116             2230          2              0.010 
2025-05-23 10:51:21 | INFO |       11.170 ¦     1117             2232          2              0.010 
2025-05-23 10:51:21 | INFO |       11.180 ¦     1118             2234          2              0.010 
2025-05-23 10:51:21 | INFO |       11.190 ¦     1119             2236          2              0.010 
2025-05-23 10:51:21 | INFO |       11.200 ¦     1120             2238          2              0.010 
2025-05-23 10:51:21 | INFO |       11.210 ¦     1121             2240          2              0.010 
2025-05-23 10:51:21 | INFO |       11.220 ¦     1122             2242          2              0.010 
2025-05-23 10:51:21 | INFO |       11.230 ¦     1123             2244          2              0.010 
2025-05-23 10:51:21 | INFO |       11.240 ¦     1124             2246          2              0.010 
2025-05-23 10:51:21 | INFO |       11.250 ¦     1125             2248          2              0.010 
2025-05-23 10:51:21 | INFO |       11.260 ¦     1126             2250          2              0.010 
2025-05-23 10:51:21 | INFO |       11.270 ¦     1127             2252          2              0.010 
2025-05-23 10:51:21 | INFO |       11.280 ¦     1128             2254          2              0.010 
2025-05-23 10:51:21 | INFO |       11.290 ¦     1129             2256          2              0.010 
2025-05-23 10:51:21 | INFO |       11.300 ¦     1130             2258          2              0.010 
2025-05-23 10:51:21 | INFO |       11.310 ¦     1131             2260          2              0.010 
2025-05-23 10:51:21 | INFO |       11.320 ¦     1132             2262          2              0.010 
2025-05-23 10:51:21 | INFO |       11.330 ¦     1133             2264          2              0.010 
2025-05-23 10:51:21 | INFO |       11.340 ¦     1134             2266          2              0.010 
2025-05-23 10:51:21 | INFO |       11.350 ¦     1135             2268          2              0.010 
2025-05-23 10:51:21 | INFO |       11.360 ¦     1136             2270          2              0.010 
2025-05-23 10:51:21 | INFO |       11.370 ¦     1137             2272          2              0.010 
2025-05-23 10:51:21 | INFO |       11.380 ¦     1138             2274          2              0.010 
2025-05-23 10:51:21 | INFO |       11.390 ¦     1139             2276          2              0.010 
2025-05-23 10:51:21 | INFO |       11.400 ¦     1140             2278          2              0.010 
2025-05-23 10:51:21 | INFO |       11.410 ¦     1141             2280          2              0.010 
2025-05-23 10:51:21 | INFO |       11.420 ¦     1142             2282          2              0.010 
2025-05-23 10:51:21 | INFO |       11.430 ¦     1143             2284          2              0.010 
2025-05-23 10:51:21 | INFO |       11.440 ¦     1144             2286          2              0.010 
2025-05-23 10:51:21 | INFO |       11.450 ¦     1145             2288          2              0.010 
2025-05-23 10:51:21 | INFO |       11.460 ¦     1146             2290          2              0.010 
2025-05-23 10:51:21 | INFO |       11.470 ¦     1147             2292          2              0.010 
2025-05-23 10:51:21 | INFO |       11.480 ¦     1148             2294          2              0.010 
2025-05-23 10:51:21 | INFO |       11.490 ¦     1149             2296          2              0.010 
2025-05-23 10:51:21 | INFO |       11.500 ¦     1150             2298          2              0.010 
2025-05-23 10:51:21 | INFO |       11.510 ¦     1151             2300          2              0.010 
2025-05-23 10:51:21 | INFO |       11.520 ¦     1152             2302          2              0.010 
2025-05-23 10:51:21 | INFO |       11.530 ¦     1153             2304          2              0.010 
2025-05-23 10:51:21 | INFO |       11.540 ¦     1154             2306          2              0.010 
2025-05-23 10:51:21 | INFO |       11.550 ¦     1155             2308          2              0.010 
2025-05-23 10:51:21 | INFO |       11.560 ¦     1156             2310          2              0.010 
2025-05-23 10:51:21 | INFO |       11.570 ¦     1157             2312          2              0.010 
2025-05-23 10:51:21 | INFO |       11.580 ¦     1158             2314          2              0.010 
2025-05-23 10:51:21 | INFO |       11.590 ¦     1159             2316          2              0.010 
2025-05-23 10:51:21 | INFO |       11.600 ¦     1160             2318          2              0.010 
2025-05-23 10:51:21 | INFO |       11.610 ¦     1161             2320          2              0.010 
2025-05-23 10:51:21 | INFO |       11.620 ¦     1162             2322          2              0.010 
2025-05-23 10:51:21 | INFO |       11.630 ¦     1163             2324          2              0.010 
2025-05-23 10:51:21 | INFO |       11.640 ¦     1164             2326          2              0.010 
2025-05-23 10:51:21 | INFO |       11.650 ¦     1165             2328          2              0.010 
2025-05-23 10:51:21 | INFO |       11.660 ¦     1166             2330          2              0.010 
2025-05-23 10:51:21 | INFO |       11.670 ¦     1167             2332          2              0.010 
2025-05-23 10:51:21 | INFO |       11.680 ¦     1168             2334          2              0.010 
2025-05-23 10:51:21 | INFO |       11.690 ¦     1169             2336          2              0.010 
2025-05-23 10:51:21 | INFO |       11.700 ¦     1170             2338          2              0.010 
2025-05-23 10:51:21 | INFO |       11.710 ¦     1171             2340          2              0.010 
2025-05-23 10:51:21 | INFO |       11.720 ¦     1172             2342          2              0.010 
2025-05-23 10:51:21 | INFO |       11.730 ¦     1173             2344          2              0.010 
2025-05-23 10:51:21 | INFO |       11.740 ¦     1174             2346          2              0.010 
2025-05-23 10:51:21 | INFO |       11.750 ¦     1175             2348          2              0.010 
2025-05-23 10:51:21 | INFO |       11.760 ¦     1176             2350          2              0.010 
2025-05-23 10:51:21 | INFO |       11.770 ¦     1177             2352          2              0.010 
2025-05-23 10:51:21 | INFO |       11.780 ¦     1178             2354          2              0.010 
2025-05-23 10:51:21 | INFO |       11.790 ¦     1179             2356          2              0.010 
2025-05-23 10:51:21 | INFO |       11.800 ¦     1180             2358          2              0.010 
2025-05-23 10:51:21 | INFO |       11.810 ¦     1181             2360          2              0.010 
2025-05-23 10:51:21 | INFO |       11.820 ¦     1182             2362          2              0.010 
2025-05-23 10:51:21 | INFO |       11.830 ¦     1183             2364          2              0.010 
2025-05-23 10:51:21 | INFO |       11.840 ¦     1184             2366          2              0.010 
2025-05-23 10:51:21 | INFO |       11.850 ¦     1185             2368          2              0.010 
2025-05-23 10:51:21 | INFO |       11.860 ¦     1186             2370          2              0.010 
2025-05-23 10:51:21 | INFO |       11.870 ¦     1187             2372          2              0.010 
2025-05-23 10:51:21 | INFO |       11.880 ¦     1188             2374          2              0.010 
2025-05-23 10:51:21 | INFO |       11.890 ¦     1189             2376          2              0.010 
2025-05-23 10:51:21 | INFO |       11.900 ¦     1190             2378          2              0.010 
2025-05-23 10:51:21 | INFO |       11.910 ¦     1191             2380          2              0.010 
2025-05-23 10:51:21 | INFO |       11.920 ¦     1192             2382          2              0.010 
2025-05-23 10:51:21 | INFO |       11.930 ¦     1193             2384          2              0.010 
2025-05-23 10:51:21 | INFO |       11.940 ¦     1194             2386          2              0.010 
2025-05-23 10:51:21 | INFO |       11.950 ¦     1195             2388          2              0.010 
2025-05-23 10:51:21 | INFO |       11.960 ¦     1196             2390          2              0.010 
2025-05-23 10:51:21 | INFO |       11.970 ¦     1197             2392          2              0.010 
2025-05-23 10:51:21 | INFO |       11.980 ¦     1198             2394          2              0.010 
2025-05-23 10:51:21 | INFO |       11.990 ¦     1199             2396          2              0.010 
2025-05-23 10:51:21 | INFO |       12.000 ¦     1200             2398          2              0.010 
2025-05-23 10:51:21 | INFO |       12.010 ¦     1201             2400          2              0.010 
2025-05-23 10:51:21 | INFO |       12.020 ¦     1202             2402          2              0.010 
2025-05-23 10:51:21 | INFO |       12.030 ¦     1203             2404          2              0.010 
2025-05-23 10:51:21 | INFO |       12.040 ¦     1204             2406          2              0.010 
2025-05-23 10:51:21 | INFO |       12.050 ¦     1205             2408          2              0.010 
2025-05-23 10:51:21 | INFO |       12.060 ¦     1206             2410          2              0.010 
2025-05-23 10:51:21 | INFO |       12.070 ¦     1207             2412          2              0.010 
2025-05-23 10:51:21 | INFO |       12.080 ¦     1208             2414          2              0.010 
2025-05-23 10:51:21 | INFO |       12.090 ¦     1209             2416          2              0.010 
2025-05-23 10:51:21 | INFO |       12.100 ¦     1210             2418          2              0.010 
2025-05-23 10:51:21 | INFO |       12.110 ¦     1211             2420          2              0.010 
2025-05-23 10:51:21 | INFO |       12.120 ¦     1212             2422          2              0.010 
2025-05-23 10:51:21 | INFO |       12.130 ¦     1213             2424          2              0.010 
2025-05-23 10:51:21 | INFO |       12.140 ¦     1214             2426          2              0.010 
2025-05-23 10:51:21 | INFO |       12.150 ¦     1215             2428          2              0.010 
2025-05-23 10:51:21 | INFO |       12.160 ¦     1216             2430          2              0.010 
2025-05-23 10:51:21 | INFO |       12.170 ¦     1217             2432          2              0.010 
2025-05-23 10:51:21 | INFO |       12.180 ¦     1218             2434          2              0.010 
2025-05-23 10:51:21 | INFO |       12.190 ¦     1219             2436          2              0.010 
2025-05-23 10:51:21 | INFO |       12.200 ¦     1220             2438          2              0.010 
2025-05-23 10:51:21 | INFO |       12.210 ¦     1221             2440          2              0.010 
2025-05-23 10:51:21 | INFO |       12.220 ¦     1222             2442          2              0.010 
2025-05-23 10:51:21 | INFO |       12.230 ¦     1223             2444          2              0.010 
2025-05-23 10:51:21 | INFO |       12.240 ¦     1224             2446          2              0.010 
2025-05-23 10:51:21 | INFO |       12.250 ¦     1225             2448          2              0.010 
2025-05-23 10:51:21 | INFO |       12.260 ¦     1226             2450          2              0.010 
2025-05-23 10:51:21 | INFO |       12.270 ¦     1227             2452          2              0.010 
2025-05-23 10:51:21 | INFO |       12.280 ¦     1228             2454          2              0.010 
2025-05-23 10:51:21 | INFO |       12.290 ¦     1229             2456          2              0.010 
2025-05-23 10:51:21 | INFO |       12.300 ¦     1230             2458          2              0.010 
2025-05-23 10:51:21 | INFO |       12.310 ¦     1231             2460          2              0.010 
2025-05-23 10:51:21 | INFO |       12.320 ¦     1232             2462          2              0.010 
2025-05-23 10:51:21 | INFO |       12.330 ¦     1233             2464          2              0.010 
2025-05-23 10:51:21 | INFO |       12.340 ¦     1234             2466          2              0.010 
2025-05-23 10:51:21 | INFO |       12.350 ¦     1235             2468          2              0.010 
2025-05-23 10:51:21 | INFO |       12.360 ¦     1236             2470          2              0.010 
2025-05-23 10:51:21 | INFO |       12.370 ¦     1237             2472          2              0.010 
2025-05-23 10:51:21 | INFO |       12.380 ¦     1238             2474          2              0.010 
2025-05-23 10:51:21 | INFO |       12.390 ¦     1239             2476          2              0.010 
2025-05-23 10:51:21 | INFO |       12.400 ¦     1240             2478          2              0.010 
2025-05-23 10:51:21 | INFO |       12.410 ¦     1241             2480          2              0.010 
2025-05-23 10:51:21 | INFO |       12.420 ¦     1242             2482          2              0.010 
2025-05-23 10:51:21 | INFO |       12.430 ¦     1243             2484          2              0.010 
2025-05-23 10:51:21 | INFO |       12.440 ¦     1244             2486          2              0.010 
2025-05-23 10:51:21 | INFO |       12.450 ¦     1245             2488          2              0.010 
2025-05-23 10:51:21 | INFO |       12.460 ¦     1246             2490          2              0.010 
2025-05-23 10:51:21 | INFO |       12.470 ¦     1247             2492          2              0.010 
2025-05-23 10:51:21 | INFO |       12.480 ¦     1248             2494          2              0.010 
2025-05-23 10:51:21 | INFO |       12.490 ¦     1249             2496          2              0.010 
2025-05-23 10:51:21 | INFO |       12.500 ¦     1250             2498          2              0.010 
2025-05-23 10:51:21 | INFO |       12.510 ¦     1251             2500          2              0.010 
2025-05-23 10:51:21 | INFO |       12.520 ¦     1252             2502          2              0.010 
2025-05-23 10:51:21 | INFO |       12.530 ¦     1253             2504          2              0.010 
2025-05-23 10:51:21 | INFO |       12.540 ¦     1254             2506          2              0.010 
2025-05-23 10:51:21 | INFO |       12.550 ¦     1255             2508          2              0.010 
2025-05-23 10:51:21 | INFO |       12.560 ¦     1256             2510          2              0.010 
2025-05-23 10:51:21 | INFO |       12.570 ¦     1257             2512          2              0.010 
2025-05-23 10:51:21 | INFO |       12.580 ¦     1258             2514          2              0.010 
2025-05-23 10:51:21 | INFO |       12.590 ¦     1259             2516          2              0.010 
2025-05-23 10:51:21 | INFO |       12.600 ¦     1260             2518          2              0.010 
2025-05-23 10:51:21 | INFO |       12.610 ¦     1261             2520          2              0.010 
2025-05-23 10:51:21 | INFO |       12.620 ¦     1262             2522          2              0.010 
2025-05-23 10:51:21 | INFO |       12.630 ¦     1263             2524          2              0.010 
2025-05-23 10:51:21 | INFO |       12.640 ¦     1264             2526          2              0.010 
2025-05-23 10:51:21 | INFO |       12.650 ¦     1265             2528          2              0.010 
2025-05-23 10:51:21 | INFO |       12.660 ¦     1266             2530          2              0.010 
2025-05-23 10:51:21 | INFO |       12.670 ¦     1267             2532          2              0.010 
2025-05-23 10:51:21 | INFO |       12.680 ¦     1268             2534          2              0.010 
2025-05-23 10:51:21 | INFO |       12.690 ¦     1269             2536          2              0.010 
2025-05-23 10:51:21 | INFO |       12.700 ¦     1270             2538          2              0.010 
2025-05-23 10:51:21 | INFO |       12.710 ¦     1271             2540          2              0.010 
2025-05-23 10:51:21 | INFO |       12.720 ¦     1272             2542          2              0.010 
2025-05-23 10:51:21 | INFO |       12.730 ¦     1273             2544          2              0.010 
2025-05-23 10:51:21 | INFO |       12.740 ¦     1274             2546          2              0.010 
2025-05-23 10:51:21 | INFO |       12.750 ¦     1275             2548          2              0.010 
2025-05-23 10:51:21 | INFO |       12.760 ¦     1276             2550          2              0.010 
2025-05-23 10:51:21 | INFO |       12.770 ¦     1277             2552          2              0.010 
2025-05-23 10:51:21 | INFO |       12.780 ¦     1278             2554          2              0.010 
2025-05-23 10:51:21 | INFO |       12.790 ¦     1279             2556          2              0.010 
2025-05-23 10:51:21 | INFO |       12.800 ¦     1280             2558          2              0.010 
2025-05-23 10:51:21 | INFO |       12.810 ¦     1281             2560          2              0.010 
2025-05-23 10:51:21 | INFO |       12.820 ¦     1282             2562          2              0.010 
2025-05-23 10:51:21 | INFO |       12.830 ¦     1283             2564          2              0.010 
2025-05-23 10:51:21 | INFO |       12.840 ¦     1284             2566          2              0.010 
2025-05-23 10:51:21 | INFO |       12.850 ¦     1285             2568          2              0.010 
2025-05-23 10:51:21 | INFO |       12.860 ¦     1286             2570          2              0.010 
2025-05-23 10:51:21 | INFO |       12.870 ¦     1287             2572          2              0.010 
2025-05-23 10:51:21 | INFO |       12.880 ¦     1288             2574          2              0.010 
2025-05-23 10:51:21 | INFO |       12.890 ¦     1289             2576          2              0.010 
2025-05-23 10:51:21 | INFO |       12.900 ¦     1290             2578          2              0.010 
2025-05-23 10:51:21 | INFO |       12.910 ¦     1291             2580          2              0.010 
2025-05-23 10:51:21 | INFO |       12.920 ¦     1292             2582          2              0.010 
2025-05-23 10:51:21 | INFO |       12.930 ¦     1293             2584          2              0.010 
2025-05-23 10:51:21 | INFO |       12.940 ¦     1294             2586          2              0.010 
2025-05-23 10:51:21 | INFO |       12.950 ¦     1295             2588          2              0.010 
2025-05-23 10:51:21 | INFO |       12.960 ¦     1296             2590          2              0.010 
2025-05-23 10:51:21 | INFO |       12.970 ¦     1297             2592          2              0.010 
2025-05-23 10:51:21 | INFO |       12.980 ¦     1298             2594          2              0.010 
2025-05-23 10:51:21 | INFO |       12.990 ¦     1299             2596          2              0.010 
2025-05-23 10:51:21 | INFO |       13.000 ¦     1300             2598          2              0.010 
2025-05-23 10:51:21 | INFO |       13.010 ¦     1301             2600          2              0.010 
2025-05-23 10:51:21 | INFO |       13.020 ¦     1302             2602          2              0.010 
2025-05-23 10:51:21 | INFO |       13.030 ¦     1303             2604          2              0.010 
2025-05-23 10:51:21 | INFO |       13.040 ¦     1304             2606          2              0.010 
2025-05-23 10:51:21 | INFO |       13.050 ¦     1305             2608          2              0.010 
2025-05-23 10:51:21 | INFO |       13.060 ¦     1306             2610          2              0.010 
2025-05-23 10:51:21 | INFO |       13.070 ¦     1307             2612          2              0.010 
2025-05-23 10:51:21 | INFO |       13.080 ¦     1308             2614          2              0.010 
2025-05-23 10:51:21 | INFO |       13.090 ¦     1309             2616          2              0.010 
2025-05-23 10:51:21 | INFO |       13.100 ¦     1310             2618          2              0.010 
2025-05-23 10:51:21 | INFO |       13.110 ¦     1311             2620          2              0.010 
2025-05-23 10:51:21 | INFO |       13.120 ¦     1312             2622          2              0.010 
2025-05-23 10:51:21 | INFO |       13.130 ¦     1313             2624          2              0.010 
2025-05-23 10:51:21 | INFO |       13.140 ¦     1314             2626          2              0.010 
2025-05-23 10:51:21 | INFO |       13.150 ¦     1315             2628          2              0.010 
2025-05-23 10:51:21 | INFO |       13.160 ¦     1316             2630          2              0.010 
2025-05-23 10:51:21 | INFO |       13.170 ¦     1317             2632          2              0.010 
2025-05-23 10:51:21 | INFO |       13.180 ¦     1318             2634          2              0.010 
2025-05-23 10:51:21 | INFO |       13.190 ¦     1319             2636          2              0.010 
2025-05-23 10:51:21 | INFO |       13.200 ¦     1320             2638          2              0.010 
2025-05-23 10:51:21 | INFO |       13.210 ¦     1321             2640          2              0.010 
2025-05-23 10:51:21 | INFO |       13.220 ¦     1322             2642          2              0.010 
2025-05-23 10:51:21 | INFO |       13.230 ¦     1323             2644          2              0.010 
2025-05-23 10:51:21 | INFO |       13.240 ¦     1324             2646          2              0.010 
2025-05-23 10:51:21 | INFO |       13.250 ¦     1325             2648          2              0.010 
2025-05-23 10:51:21 | INFO |       13.260 ¦     1326             2650          2              0.010 
2025-05-23 10:51:21 | INFO |       13.270 ¦     1327             2652          2              0.010 
2025-05-23 10:51:21 | INFO |       13.280 ¦     1328             2654          2              0.010 
2025-05-23 10:51:21 | INFO |       13.290 ¦     1329             2656          2              0.010 
2025-05-23 10:51:21 | INFO |       13.300 ¦     1330             2658          2              0.010 
2025-05-23 10:51:21 | INFO |       13.310 ¦     1331             2660          2              0.010 
2025-05-23 10:51:21 | INFO |       13.320 ¦     1332             2662          2              0.010 
2025-05-23 10:51:21 | INFO |       13.330 ¦     1333             2664          2              0.010 
2025-05-23 10:51:21 | INFO |       13.340 ¦     1334             2666          2              0.010 
2025-05-23 10:51:21 | INFO |       13.350 ¦     1335             2668          2              0.010 
2025-05-23 10:51:21 | INFO |       13.360 ¦     1336             2670          2              0.010 
2025-05-23 10:51:21 | INFO |       13.370 ¦     1337             2672          2              0.010 
2025-05-23 10:51:21 | INFO |       13.380 ¦     1338             2674          2              0.010 
2025-05-23 10:51:21 | INFO |       13.390 ¦     1339             2676          2              0.010 
2025-05-23 10:51:21 | INFO |       13.400 ¦     1340             2678          2              0.010 
2025-05-23 10:51:21 | INFO |       13.410 ¦     1341             2680          2              0.010 
2025-05-23 10:51:21 | INFO |       13.420 ¦     1342             2682          2              0.010 
2025-05-23 10:51:21 | INFO |       13.430 ¦     1343             2684          2              0.010 
2025-05-23 10:51:21 | INFO |       13.440 ¦     1344             2686          2              0.010 
2025-05-23 10:51:21 | INFO |       13.450 ¦     1345             2688          2              0.010 
2025-05-23 10:51:21 | INFO |       13.460 ¦     1346             2690          2              0.010 
2025-05-23 10:51:21 | INFO |       13.470 ¦     1347             2692          2              0.010 
2025-05-23 10:51:21 | INFO |       13.480 ¦     1348             2694          2              0.010 
2025-05-23 10:51:21 | INFO |       13.490 ¦     1349             2696          2              0.010 
2025-05-23 10:51:21 | INFO |       13.500 ¦     1350             2698          2              0.010 
2025-05-23 10:51:21 | INFO |       13.510 ¦     1351             2700          2              0.010 
2025-05-23 10:51:21 | INFO |       13.520 ¦     1352             2702          2              0.010 
2025-05-23 10:51:21 | INFO |       13.530 ¦     1353             2704          2              0.010 
2025-05-23 10:51:21 | INFO |       13.540 ¦     1354             2706          2              0.010 
2025-05-23 10:51:21 | INFO |       13.550 ¦     1355             2708          2              0.010 
2025-05-23 10:51:21 | INFO |       13.560 ¦     1356             2710          2              0.010 
2025-05-23 10:51:21 | INFO |       13.570 ¦     1357             2712          2              0.010 
2025-05-23 10:51:21 | INFO |       13.580 ¦     1358             2714          2              0.010 
2025-05-23 10:51:21 | INFO |       13.590 ¦     1359             2716          2              0.010 
2025-05-23 10:51:21 | INFO |       13.600 ¦     1360             2718          2              0.010 
2025-05-23 10:51:21 | INFO |       13.610 ¦     1361             2720          2              0.010 
2025-05-23 10:51:21 | INFO |       13.620 ¦     1362             2722          2              0.010 
2025-05-23 10:51:21 | INFO |       13.630 ¦     1363             2724          2              0.010 
2025-05-23 10:51:21 | INFO |       13.640 ¦     1364             2726          2              0.010 
2025-05-23 10:51:21 | INFO |       13.650 ¦     1365             2728          2              0.010 
2025-05-23 10:51:21 | INFO |       13.660 ¦     1366             2730          2              0.010 
2025-05-23 10:51:21 | INFO |       13.670 ¦     1367             2732          2              0.010 
2025-05-23 10:51:21 | INFO |       13.680 ¦     1368             2734          2              0.010 
2025-05-23 10:51:21 | INFO |       13.690 ¦     1369             2736          2              0.010 
2025-05-23 10:51:21 | INFO |       13.700 ¦     1370             2738          2              0.010 
2025-05-23 10:51:21 | INFO |       13.710 ¦     1371             2740          2              0.010 
2025-05-23 10:51:21 | INFO |       13.720 ¦     1372             2742          2              0.010 
2025-05-23 10:51:21 | INFO |       13.730 ¦     1373             2744          2              0.010 
2025-05-23 10:51:21 | INFO |       13.740 ¦     1374             2746          2              0.010 
2025-05-23 10:51:21 | INFO |       13.750 ¦     1375             2748          2              0.010 
2025-05-23 10:51:21 | INFO |       13.760 ¦     1376             2750          2              0.010 
2025-05-23 10:51:21 | INFO |       13.770 ¦     1377             2752          2              0.010 
2025-05-23 10:51:21 | INFO |       13.780 ¦     1378             2754          2              0.010 
2025-05-23 10:51:21 | INFO |       13.790 ¦     1379             2756          2              0.010 
2025-05-23 10:51:21 | INFO |       13.800 ¦     1380             2758          2              0.010 
2025-05-23 10:51:21 | INFO |       13.810 ¦     1381             2760          2              0.010 
2025-05-23 10:51:21 | INFO |       13.820 ¦     1382             2762          2              0.010 
2025-05-23 10:51:21 | INFO |       13.830 ¦     1383             2764          2              0.010 
2025-05-23 10:51:21 | INFO |       13.840 ¦     1384             2766          2              0.010 
2025-05-23 10:51:21 | INFO |       13.850 ¦     1385             2768          2              0.010 
2025-05-23 10:51:21 | INFO |       13.860 ¦     1386             2770          2              0.010 
2025-05-23 10:51:21 | INFO |       13.870 ¦     1387             2772          2              0.010 
2025-05-23 10:51:21 | INFO |       13.880 ¦     1388             2774          2              0.010 
2025-05-23 10:51:21 | INFO |       13.890 ¦     1389             2776          2              0.010 
2025-05-23 10:51:21 | INFO |       13.900 ¦     1390             2778          2              0.010 
2025-05-23 10:51:21 | INFO |       13.910 ¦     1391             2780          2              0.010 
2025-05-23 10:51:21 | INFO |       13.920 ¦     1392             2782          2              0.010 
2025-05-23 10:51:21 | INFO |       13.930 ¦     1393             2784          2              0.010 
2025-05-23 10:51:21 | INFO |       13.940 ¦     1394             2786          2              0.010 
2025-05-23 10:51:21 | INFO |       13.950 ¦     1395             2788          2              0.010 
2025-05-23 10:51:21 | INFO |       13.960 ¦     1396             2790          2              0.010 
2025-05-23 10:51:21 | INFO |       13.970 ¦     1397             2792          2              0.010 
2025-05-23 10:51:21 | INFO |       13.980 ¦     1398             2794          2              0.010 
2025-05-23 10:51:21 | INFO |       13.990 ¦     1399             2796          2              0.010 
2025-05-23 10:51:21 | INFO |       14.000 ¦     1400             2798          2              0.010 
2025-05-23 10:51:21 | INFO |       14.010 ¦     1401             2800          2              0.010 
2025-05-23 10:51:21 | INFO |       14.020 ¦     1402             2802          2              0.010 
2025-05-23 10:51:21 | INFO |       14.030 ¦     1403             2804          2              0.010 
2025-05-23 10:51:21 | INFO |       14.040 ¦     1404             2806          2              0.010 
2025-05-23 10:51:21 | INFO |       14.050 ¦     1405             2808          2              0.010 
2025-05-23 10:51:21 | INFO |       14.060 ¦     1406             2810          2              0.010 
2025-05-23 10:51:21 | INFO |       14.070 ¦     1407             2812          2              0.010 
2025-05-23 10:51:21 | INFO |       14.080 ¦     1408             2814          2              0.010 
2025-05-23 10:51:21 | INFO |       14.090 ¦     1409             2816          2              0.010 
2025-05-23 10:51:21 | INFO |       14.100 ¦     1410             2818          2              0.010 
2025-05-23 10:51:21 | INFO |       14.110 ¦     1411             2820          2              0.010 
2025-05-23 10:51:21 | INFO |       14.120 ¦     1412             2822          2              0.010 
2025-05-23 10:51:21 | INFO |       14.130 ¦     1413             2824          2              0.010 
2025-05-23 10:51:21 | INFO |       14.140 ¦     1414             2826          2              0.010 
2025-05-23 10:51:21 | INFO |       14.150 ¦     1415             2828          2              0.010 
2025-05-23 10:51:21 | INFO |       14.160 ¦     1416             2830          2              0.010 
2025-05-23 10:51:21 | INFO |       14.170 ¦     1417             2832          2              0.010 
2025-05-23 10:51:21 | INFO |       14.180 ¦     1418             2834          2              0.010 
2025-05-23 10:51:21 | INFO |       14.190 ¦     1419             2836          2              0.010 
2025-05-23 10:51:21 | INFO |       14.200 ¦     1420             2838          2              0.010 
2025-05-23 10:51:21 | INFO |       14.210 ¦     1421             2840          2              0.010 
2025-05-23 10:51:21 | INFO |       14.220 ¦     1422             2842          2              0.010 
2025-05-23 10:51:21 | INFO |       14.230 ¦     1423             2844          2              0.010 
2025-05-23 10:51:21 | INFO |       14.240 ¦     1424             2846          2              0.010 
2025-05-23 10:51:21 | INFO |       14.250 ¦     1425             2848          2              0.010 
2025-05-23 10:51:21 | INFO |       14.260 ¦     1426             2850          2              0.010 
2025-05-23 10:51:21 | INFO |       14.270 ¦     1427             2852          2              0.010 
2025-05-23 10:51:21 | INFO |       14.280 ¦     1428             2854          2              0.010 
2025-05-23 10:51:21 | INFO |       14.290 ¦     1429             2856          2              0.010 
2025-05-23 10:51:21 | INFO |       14.300 ¦     1430             2858          2              0.010 
2025-05-23 10:51:21 | INFO |       14.310 ¦     1431             2860          2              0.010 
2025-05-23 10:51:21 | INFO |       14.320 ¦     1432             2862          2              0.010 
2025-05-23 10:51:21 | INFO |       14.330 ¦     1433             2864          2              0.010 
2025-05-23 10:51:21 | INFO |       14.340 ¦     1434             2866          2              0.010 
2025-05-23 10:51:21 | INFO |       14.350 ¦     1435             2868          2              0.010 
2025-05-23 10:51:21 | INFO |       14.360 ¦     1436             2870          2              0.010 
2025-05-23 10:51:21 | INFO |       14.370 ¦     1437             2872          2              0.010 
2025-05-23 10:51:21 | INFO |       14.380 ¦     1438             2874          2              0.010 
2025-05-23 10:51:21 | INFO |       14.390 ¦     1439             2876          2              0.010 
2025-05-23 10:51:21 | INFO |       14.400 ¦     1440             2878          2              0.010 
2025-05-23 10:51:21 | INFO |       14.410 ¦     1441             2880          2              0.010 
2025-05-23 10:51:21 | INFO |       14.420 ¦     1442             2882          2              0.010 
2025-05-23 10:51:21 | INFO |       14.430 ¦     1443             2884          2              0.010 
2025-05-23 10:51:21 | INFO |       14.440 ¦     1444             2886          2              0.010 
2025-05-23 10:51:21 | INFO |       14.450 ¦     1445             2888          2              0.010 
2025-05-23 10:51:21 | INFO |       14.460 ¦     1446             2890          2              0.010 
2025-05-23 10:51:21 | INFO |       14.470 ¦     1447             2892          2              0.010 
2025-05-23 10:51:21 | INFO |       14.480 ¦     1448             2894          2              0.010 
2025-05-23 10:51:21 | INFO |       14.490 ¦     1449             2896          2              0.010 
2025-05-23 10:51:21 | INFO |       14.500 ¦     1450             2898          2              0.010 
2025-05-23 10:51:21 | INFO |       14.510 ¦     1451             2900          2              0.010 
2025-05-23 10:51:21 | INFO |       14.520 ¦     1452             2902          2              0.010 
2025-05-23 10:51:21 | INFO |       14.530 ¦     1453             2904          2              0.010 
2025-05-23 10:51:21 | INFO |       14.540 ¦     1454             2906          2              0.010 
2025-05-23 10:51:21 | INFO |       14.550 ¦     1455             2908          2              0.010 
2025-05-23 10:51:21 | INFO |       14.560 ¦     1456             2910          2              0.010 
2025-05-23 10:51:21 | INFO |       14.570 ¦     1457             2912          2              0.010 
2025-05-23 10:51:21 | INFO |       14.580 ¦     1458             2914          2              0.010 
2025-05-23 10:51:21 | INFO |       14.590 ¦     1459             2916          2              0.010 
2025-05-23 10:51:21 | INFO |       14.600 ¦     1460             2918          2              0.010 
2025-05-23 10:51:21 | INFO |       14.610 ¦     1461             2920          2              0.010 
2025-05-23 10:51:21 | INFO |       14.620 ¦     1462             2922          2              0.010 
2025-05-23 10:51:21 | INFO |       14.630 ¦     1463             2924          2              0.010 
2025-05-23 10:51:21 | INFO |       14.640 ¦     1464             2926          2              0.010 
2025-05-23 10:51:21 | INFO |       14.650 ¦     1465             2928          2              0.010 
2025-05-23 10:51:21 | INFO |       14.660 ¦     1466             2930          2              0.010 
2025-05-23 10:51:21 | INFO |       14.670 ¦     1467             2932          2              0.010 
2025-05-23 10:51:21 | INFO |       14.680 ¦     1468             2934          2              0.010 
2025-05-23 10:51:21 | INFO |       14.690 ¦     1469             2936          2              0.010 
2025-05-23 10:51:21 | INFO |       14.700 ¦     1470             2938          2              0.010 
2025-05-23 10:51:21 | INFO |       14.710 ¦     1471             2940          2              0.010 
2025-05-23 10:51:21 | INFO |       14.720 ¦     1472             2942          2              0.010 
2025-05-23 10:51:21 | INFO |       14.730 ¦     1473             2944          2              0.010 
2025-05-23 10:51:21 | INFO |       14.740 ¦     1474             2946          2              0.010 
2025-05-23 10:51:21 | INFO |       14.750 ¦     1475             2948          2              0.010 
2025-05-23 10:51:21 | INFO |       14.760 ¦     1476             2950          2              0.010 
2025-05-23 10:51:21 | INFO |       14.770 ¦     1477             2952          2              0.010 
2025-05-23 10:51:21 | INFO |       14.780 ¦     1478             2954          2              0.010 
2025-05-23 10:51:21 | INFO |       14.790 ¦     1479             2956          2              0.010 
2025-05-23 10:51:21 | INFO |       14.800 ¦     1480             2958          2              0.010 
2025-05-23 10:51:21 | INFO |       14.810 ¦     1481             2960          2              0.010 
2025-05-23 10:51:21 | INFO |       14.820 ¦     1482             2962          2              0.010 
2025-05-23 10:51:21 | INFO |       14.830 ¦     1483             2964          2              0.010 
2025-05-23 10:51:21 | INFO |       14.840 ¦     1484             2966          2              0.010 
2025-05-23 10:51:21 | INFO |       14.850 ¦     1485             2968          2              0.010 
2025-05-23 10:51:21 | INFO |       14.860 ¦     1486             2970          2              0.010 
2025-05-23 10:51:21 | INFO |       14.870 ¦     1487             2972          2              0.010 
2025-05-23 10:51:21 | INFO |       14.880 ¦     1488             2974          2              0.010 
2025-05-23 10:51:21 | INFO |       14.890 ¦     1489             2976          2              0.010 
2025-05-23 10:51:21 | INFO |       14.900 ¦     1490             2978          2              0.010 
2025-05-23 10:51:21 | INFO |       14.910 ¦     1491             2980          2              0.010 
2025-05-23 10:51:21 | INFO |       14.920 ¦     1492             2982          2              0.010 
2025-05-23 10:51:21 | INFO |       14.930 ¦     1493             2984          2              0.010 
2025-05-23 10:51:21 | INFO |       14.940 ¦     1494             2986          2              0.010 
2025-05-23 10:51:21 | INFO |       14.950 ¦     1495             2988          2              0.010 
2025-05-23 10:51:21 | INFO |       14.960 ¦     1496             2990          2              0.010 
2025-05-23 10:51:21 | INFO |       14.970 ¦     1497             2992          2              0.010 
2025-05-23 10:51:21 | INFO |       14.980 ¦     1498             2994          2              0.010 
2025-05-23 10:51:21 | INFO |       14.990 ¦     1499             2996          2              0.010 
2025-05-23 10:51:21 | INFO |       15.000 ¦     1500             2998          2              0.010 
2025-05-23 10:51:21 | INFO |       15.010 ¦     1501             3000          2              0.010 
2025-05-23 10:51:21 | INFO |       15.020 ¦     1502             3002          2              0.010 
2025-05-23 10:51:21 | INFO |       15.030 ¦     1503             3004          2              0.010 
2025-05-23 10:51:21 | INFO |       15.040 ¦     1504             3006          2              0.010 
2025-05-23 10:51:21 | INFO |       15.050 ¦     1505             3008          2              0.010 
2025-05-23 10:51:21 | INFO |       15.060 ¦     1506             3010          2              0.010 
2025-05-23 10:51:21 | INFO |       15.070 ¦     1507             3012          2              0.010 
2025-05-23 10:51:21 | INFO |       15.080 ¦     1508             3014          2              0.010 
2025-05-23 10:51:21 | INFO |       15.090 ¦     1509             3016          2              0.010 
2025-05-23 10:51:21 | INFO |       15.100 ¦     1510             3018          2              0.010 
2025-05-23 10:51:21 | INFO |       15.110 ¦     1511             3020          2              0.010 
2025-05-23 10:51:21 | INFO |       15.120 ¦     1512             3022          2              0.010 
2025-05-23 10:51:21 | INFO |       15.130 ¦     1513             3024          2              0.010 
2025-05-23 10:51:21 | INFO |       15.140 ¦     1514             3026          2              0.010 
2025-05-23 10:51:21 | INFO |       15.150 ¦     1515             3028          2              0.010 
2025-05-23 10:51:21 | INFO |       15.160 ¦     1516             3030          2              0.010 
2025-05-23 10:51:21 | INFO |       15.170 ¦     1517             3032          2              0.010 
2025-05-23 10:51:21 | INFO |       15.180 ¦     1518             3034          2              0.010 
2025-05-23 10:51:21 | INFO |       15.190 ¦     1519             3036          2              0.010 
2025-05-23 10:51:21 | INFO |       15.200 ¦     1520             3038          2              0.010 
2025-05-23 10:51:21 | INFO |       15.210 ¦     1521             3040          2              0.010 
2025-05-23 10:51:21 | INFO |       15.220 ¦     1522             3042          2              0.010 
2025-05-23 10:51:21 | INFO |       15.230 ¦     1523             3044          2              0.010 
2025-05-23 10:51:21 | INFO |       15.240 ¦     1524             3046          2              0.010 
2025-05-23 10:51:21 | INFO |       15.250 ¦     1525             3048          2              0.010 
2025-05-23 10:51:21 | INFO |       15.260 ¦     1526             3050          2              0.010 
2025-05-23 10:51:21 | INFO |       15.270 ¦     1527             3052          2              0.010 
2025-05-23 10:51:21 | INFO |       15.280 ¦     1528             3054          2              0.010 
2025-05-23 10:51:21 | INFO |       15.290 ¦     1529             3056          2              0.010 
2025-05-23 10:51:21 | INFO |       15.300 ¦     1530             3058          2              0.010 
2025-05-23 10:51:21 | INFO |       15.310 ¦     1531             3060          2              0.010 
2025-05-23 10:51:21 | INFO |       15.320 ¦     1532             3062          2              0.010 
2025-05-23 10:51:21 | INFO |       15.330 ¦     1533             3064          2              0.010 
2025-05-23 10:51:21 | INFO |       15.340 ¦     1534             3066          2              0.010 
2025-05-23 10:51:21 | INFO |       15.350 ¦     1535             3068          2              0.010 
2025-05-23 10:51:21 | INFO |       15.360 ¦     1536             3070          2              0.010 
2025-05-23 10:51:21 | INFO |       15.370 ¦     1537             3072          2              0.010 
2025-05-23 10:51:21 | INFO |       15.380 ¦     1538             3074          2              0.010 
2025-05-23 10:51:21 | INFO |       15.390 ¦     1539             3076          2              0.010 
2025-05-23 10:51:21 | INFO |       15.400 ¦     1540             3078          2              0.010 
2025-05-23 10:51:21 | INFO |       15.410 ¦     1541             3080          2              0.010 
2025-05-23 10:51:21 | INFO |       15.420 ¦     1542             3082          2              0.010 
2025-05-23 10:51:21 | INFO |       15.430 ¦     1543             3084          2              0.010 
2025-05-23 10:51:21 | INFO |       15.440 ¦     1544             3086          2              0.010 
2025-05-23 10:51:21 | INFO |       15.450 ¦     1545             3088          2              0.010 
2025-05-23 10:51:21 | INFO |       15.460 ¦     1546             3090          2              0.010 
2025-05-23 10:51:21 | INFO |       15.470 ¦     1547             3092          2              0.010 
2025-05-23 10:51:21 | INFO |       15.480 ¦     1548             3094          2              0.010 
2025-05-23 10:51:21 | INFO |       15.490 ¦     1549             3096          2              0.010 
2025-05-23 10:51:21 | INFO |       15.500 ¦     1550             3098          2              0.010 
2025-05-23 10:51:21 | INFO |       15.510 ¦     1551             3100          2              0.010 
2025-05-23 10:51:21 | INFO |       15.520 ¦     1552             3102          2              0.010 
2025-05-23 10:51:21 | INFO |       15.530 ¦     1553             3104          2              0.010 
2025-05-23 10:51:21 | INFO |       15.540 ¦     1554             3106          2              0.010 
2025-05-23 10:51:21 | INFO |       15.550 ¦     1555             3108          2              0.010 
2025-05-23 10:51:21 | INFO |       15.560 ¦     1556             3110          2              0.010 
2025-05-23 10:51:21 | INFO |       15.570 ¦     1557             3112          2              0.010 
2025-05-23 10:51:21 | INFO |       15.580 ¦     1558             3114          2              0.010 
2025-05-23 10:51:21 | INFO |       15.590 ¦     1559             3116          2              0.010 
2025-05-23 10:51:21 | INFO |       15.600 ¦     1560             3118          2              0.010 
2025-05-23 10:51:21 | INFO |       15.610 ¦     1561             3120          2              0.010 
2025-05-23 10:51:21 | INFO |       15.620 ¦     1562             3122          2              0.010 
2025-05-23 10:51:21 | INFO |       15.630 ¦     1563             3124          2              0.010 
2025-05-23 10:51:21 | INFO |       15.640 ¦     1564             3126          2              0.010 
2025-05-23 10:51:21 | INFO |       15.650 ¦     1565             3128          2              0.010 
2025-05-23 10:51:21 | INFO |       15.660 ¦     1566             3130          2              0.010 
2025-05-23 10:51:21 | INFO |       15.670 ¦     1567             3132          2              0.010 
2025-05-23 10:51:21 | INFO |       15.680 ¦     1568             3134          2              0.010 
2025-05-23 10:51:21 | INFO |       15.690 ¦     1569             3136          2              0.010 
2025-05-23 10:51:21 | INFO |       15.700 ¦     1570             3138          2              0.010 
2025-05-23 10:51:21 | INFO |       15.710 ¦     1571             3140          2              0.010 
2025-05-23 10:51:21 | INFO |       15.720 ¦     1572             3142          2              0.010 
2025-05-23 10:51:21 | INFO |       15.730 ¦     1573             3144          2              0.010 
2025-05-23 10:51:21 | INFO |       15.740 ¦     1574             3146          2              0.010 
2025-05-23 10:51:21 | INFO |       15.750 ¦     1575             3148          2              0.010 
2025-05-23 10:51:21 | INFO |       15.760 ¦     1576             3150          2              0.010 
2025-05-23 10:51:21 | INFO |       15.770 ¦     1577             3152          2              0.010 
2025-05-23 10:51:21 | INFO |       15.780 ¦     1578             3154          2              0.010 
2025-05-23 10:51:21 | INFO |       15.790 ¦     1579             3156          2              0.010 
2025-05-23 10:51:21 | INFO |       15.800 ¦     1580             3158          2              0.010 
2025-05-23 10:51:21 | INFO |       15.810 ¦     1581             3160          2              0.010 
2025-05-23 10:51:21 | INFO |       15.820 ¦     1582             3162          2              0.010 
2025-05-23 10:51:21 | INFO |       15.830 ¦     1583             3164          2              0.010 
2025-05-23 10:51:21 | INFO |       15.840 ¦     1584             3166          2              0.010 
2025-05-23 10:51:21 | INFO |       15.850 ¦     1585             3168          2              0.010 
2025-05-23 10:51:21 | INFO |       15.860 ¦     1586             3170          2              0.010 
2025-05-23 10:51:21 | INFO |       15.870 ¦     1587             3172          2              0.010 
2025-05-23 10:51:21 | INFO |       15.880 ¦     1588             3174          2              0.010 
2025-05-23 10:51:21 | INFO |       15.890 ¦     1589             3176          2              0.010 
2025-05-23 10:51:21 | INFO |       15.900 ¦     1590             3178          2              0.010 
2025-05-23 10:51:21 | INFO |       15.910 ¦     1591             3180          2              0.010 
2025-05-23 10:51:21 | INFO |       15.920 ¦     1592             3182          2              0.010 
2025-05-23 10:51:21 | INFO |       15.930 ¦     1593             3184          2              0.010 
2025-05-23 10:51:21 | INFO |       15.940 ¦     1594             3186          2              0.010 
2025-05-23 10:51:21 | INFO |       15.950 ¦     1595             3188          2              0.010 
2025-05-23 10:51:21 | INFO |       15.960 ¦     1596             3190          2              0.010 
2025-05-23 10:51:21 | INFO |       15.970 ¦     1597             3192          2              0.010 
2025-05-23 10:51:21 | INFO |       15.980 ¦     1598             3194          2              0.010 
2025-05-23 10:51:21 | INFO |       15.990 ¦     1599             3196          2              0.010 
2025-05-23 10:51:21 | INFO |       16.000 ¦     1600             3198          2              0.010 
2025-05-23 10:51:21 | INFO |       16.010 ¦     1601             3200          2              0.010 
2025-05-23 10:51:21 | INFO |       16.020 ¦     1602             3202          2              0.010 
2025-05-23 10:51:21 | INFO |       16.030 ¦     1603             3204          2              0.010 
2025-05-23 10:51:21 | INFO |       16.040 ¦     1604             3206          2              0.010 
2025-05-23 10:51:21 | INFO |       16.050 ¦     1605             3208          2              0.010 
2025-05-23 10:51:21 | INFO |       16.060 ¦     1606             3210          2              0.010 
2025-05-23 10:51:21 | INFO |       16.070 ¦     1607             3212          2              0.010 
2025-05-23 10:51:21 | INFO |       16.080 ¦     1608             3214          2              0.010 
2025-05-23 10:51:21 | INFO |       16.090 ¦     1609             3216          2              0.010 
2025-05-23 10:51:21 | INFO |       16.100 ¦     1610             3218          2              0.010 
2025-05-23 10:51:21 | INFO |       16.110 ¦     1611             3220          2              0.010 
2025-05-23 10:51:21 | INFO |       16.120 ¦     1612             3222          2              0.010 
2025-05-23 10:51:21 | INFO |       16.130 ¦     1613             3224          2              0.010 
2025-05-23 10:51:21 | INFO |       16.140 ¦     1614             3226          2              0.010 
2025-05-23 10:51:21 | INFO |       16.150 ¦     1615             3228          2              0.010 
2025-05-23 10:51:21 | INFO |       16.160 ¦     1616             3230          2              0.010 
2025-05-23 10:51:21 | INFO |       16.170 ¦     1617             3232          2              0.010 
2025-05-23 10:51:21 | INFO |       16.180 ¦     1618             3234          2              0.010 
2025-05-23 10:51:21 | INFO |       16.190 ¦     1619             3236          2              0.010 
2025-05-23 10:51:21 | INFO |       16.200 ¦     1620             3238          2              0.010 
2025-05-23 10:51:21 | INFO |       16.210 ¦     1621             3240          2              0.010 
2025-05-23 10:51:21 | INFO |       16.220 ¦     1622             3242          2              0.010 
2025-05-23 10:51:21 | INFO |       16.230 ¦     1623             3244          2              0.010 
2025-05-23 10:51:21 | INFO |       16.240 ¦     1624             3246          2              0.010 
2025-05-23 10:51:21 | INFO |       16.250 ¦     1625             3248          2              0.010 
2025-05-23 10:51:21 | INFO |       16.260 ¦     1626             3250          2              0.010 
2025-05-23 10:51:21 | INFO |       16.270 ¦     1627             3252          2              0.010 
2025-05-23 10:51:21 | INFO |       16.280 ¦     1628             3254          2              0.010 
2025-05-23 10:51:21 | INFO |       16.290 ¦     1629             3256          2              0.010 
2025-05-23 10:51:21 | INFO |       16.300 ¦     1630             3258          2              0.010 
2025-05-23 10:51:21 | INFO |       16.310 ¦     1631             3260          2              0.010 
2025-05-23 10:51:21 | INFO |       16.320 ¦     1632             3262          2              0.010 
2025-05-23 10:51:21 | INFO |       16.330 ¦     1633             3264          2              0.010 
2025-05-23 10:51:21 | INFO |       16.340 ¦     1634             3266          2              0.010 
2025-05-23 10:51:21 | INFO |       16.350 ¦     1635             3268          2              0.010 
2025-05-23 10:51:21 | INFO |       16.360 ¦     1636             3270          2              0.010 
2025-05-23 10:51:21 | INFO |       16.370 ¦     1637             3272          2              0.010 
2025-05-23 10:51:21 | INFO |       16.380 ¦     1638             3274          2              0.010 
2025-05-23 10:51:21 | INFO |       16.390 ¦     1639             3276          2              0.010 
2025-05-23 10:51:21 | INFO |       16.400 ¦     1640             3278          2              0.010 
2025-05-23 10:51:21 | INFO |       16.410 ¦     1641             3280          2              0.010 
2025-05-23 10:51:21 | INFO |       16.420 ¦     1642             3282          2              0.010 
2025-05-23 10:51:21 | INFO |       16.430 ¦     1643             3284          2              0.010 
2025-05-23 10:51:21 | INFO |       16.440 ¦     1644             3286          2              0.010 
2025-05-23 10:51:21 | INFO |       16.450 ¦     1645             3288          2              0.010 
2025-05-23 10:51:21 | INFO |       16.460 ¦     1646             3290          2              0.010 
2025-05-23 10:51:21 | INFO |       16.470 ¦     1647             3292          2              0.010 
2025-05-23 10:51:21 | INFO |       16.480 ¦     1648             3294          2              0.010 
2025-05-23 10:51:21 | INFO |       16.490 ¦     1649             3296          2              0.010 
2025-05-23 10:51:21 | INFO |       16.500 ¦     1650             3298          2              0.010 
2025-05-23 10:51:21 | INFO |       16.510 ¦     1651             3300          2              0.010 
2025-05-23 10:51:21 | INFO |       16.520 ¦     1652             3302          2              0.010 
2025-05-23 10:51:21 | INFO |       16.530 ¦     1653             3304          2              0.010 
2025-05-23 10:51:21 | INFO |       16.540 ¦     1654             3306          2              0.010 
2025-05-23 10:51:21 | INFO |       16.550 ¦     1655             3308          2              0.010 
2025-05-23 10:51:21 | INFO |       16.560 ¦     1656             3310          2              0.010 
2025-05-23 10:51:21 | INFO |       16.570 ¦     1657             3312          2              0.010 
2025-05-23 10:51:21 | INFO |       16.580 ¦     1658             3314          2              0.010 
2025-05-23 10:51:21 | INFO |       16.590 ¦     1659             3316          2              0.010 
2025-05-23 10:51:21 | INFO |       16.600 ¦     1660             3318          2              0.010 
2025-05-23 10:51:21 | INFO |       16.610 ¦     1661             3320          2              0.010 
2025-05-23 10:51:21 | INFO |       16.620 ¦     1662             3322          2              0.010 
2025-05-23 10:51:21 | INFO |       16.630 ¦     1663             3324          2              0.010 
2025-05-23 10:51:21 | INFO |       16.640 ¦     1664             3326          2              0.010 
2025-05-23 10:51:21 | INFO |       16.650 ¦     1665             3328          2              0.010 
2025-05-23 10:51:21 | INFO |       16.660 ¦     1666             3330          2              0.010 
2025-05-23 10:51:21 | INFO |       16.670 ¦     1667             3332          2              0.010 
2025-05-23 10:51:21 | INFO |       16.680 ¦     1668             3334          2              0.010 
2025-05-23 10:51:21 | INFO |       16.690 ¦     1669             3336          2              0.010 
2025-05-23 10:51:21 | INFO |       16.700 ¦     1670             3338          2              0.010 
2025-05-23 10:51:21 | INFO |       16.710 ¦     1671             3340          2              0.010 
2025-05-23 10:51:21 | INFO |       16.720 ¦     1672             3342          2              0.010 
2025-05-23 10:51:21 | INFO |       16.730 ¦     1673             3344          2              0.010 
2025-05-23 10:51:21 | INFO |       16.740 ¦     1674             3346          2              0.010 
2025-05-23 10:51:21 | INFO |       16.750 ¦     1675             3348          2              0.010 
2025-05-23 10:51:21 | INFO |       16.760 ¦     1676             3350          2              0.010 
2025-05-23 10:51:21 | INFO |       16.770 ¦     1677             3352          2              0.010 
2025-05-23 10:51:21 | INFO |       16.780 ¦     1678             3354          2              0.010 
2025-05-23 10:51:21 | INFO |       16.790 ¦     1679             3356          2              0.010 
2025-05-23 10:51:21 | INFO |       16.800 ¦     1680             3358          2              0.010 
2025-05-23 10:51:21 | INFO |       16.810 ¦     1681             3360          2              0.010 
2025-05-23 10:51:21 | INFO |       16.820 ¦     1682             3362          2              0.010 
2025-05-23 10:51:21 | INFO |       16.830 ¦     1683             3364          2              0.010 
2025-05-23 10:51:21 | INFO |       16.840 ¦     1684             3366          2              0.010 
2025-05-23 10:51:21 | INFO |       16.850 ¦     1685             3368          2              0.010 
2025-05-23 10:51:21 | INFO |       16.860 ¦     1686             3370          2              0.010 
2025-05-23 10:51:21 | INFO |       16.870 ¦     1687             3372          2              0.010 
2025-05-23 10:51:21 | INFO |       16.880 ¦     1688             3374          2              0.010 
2025-05-23 10:51:21 | INFO |       16.890 ¦     1689             3376          2              0.010 
2025-05-23 10:51:21 | INFO |       16.900 ¦     1690             3378          2              0.010 
2025-05-23 10:51:21 | INFO |       16.910 ¦     1691             3380          2              0.010 
2025-05-23 10:51:21 | INFO |       16.920 ¦     1692             3382          2              0.010 
2025-05-23 10:51:21 | INFO |       16.930 ¦     1693             3384          2              0.010 
2025-05-23 10:51:21 | INFO |       16.940 ¦     1694             3386          2              0.010 
2025-05-23 10:51:21 | INFO |       16.950 ¦     1695             3388          2              0.010 
2025-05-23 10:51:21 | INFO |       16.960 ¦     1696             3390          2              0.010 
2025-05-23 10:51:21 | INFO |       16.970 ¦     1697             3392          2              0.010 
2025-05-23 10:51:21 | INFO |       16.980 ¦     1698             3394          2              0.010 
2025-05-23 10:51:21 | INFO |       16.990 ¦     1699             3396          2              0.010 
2025-05-23 10:51:21 | INFO |       17.000 ¦     1700             3398          2              0.010 
2025-05-23 10:51:21 | INFO |       17.010 ¦     1701             3400          2              0.010 
2025-05-23 10:51:21 | INFO |       17.020 ¦     1702             3402          2              0.010 
2025-05-23 10:51:21 | INFO |       17.030 ¦     1703             3404          2              0.010 
2025-05-23 10:51:21 | INFO |       17.040 ¦     1704             3406          2              0.010 
2025-05-23 10:51:21 | INFO |       17.050 ¦     1705             3408          2              0.010 
2025-05-23 10:51:21 | INFO |       17.060 ¦     1706             3410          2              0.010 
2025-05-23 10:51:21 | INFO |       17.070 ¦     1707             3412          2              0.010 
2025-05-23 10:51:21 | INFO |       17.080 ¦     1708             3414          2              0.010 
2025-05-23 10:51:21 | INFO |       17.090 ¦     1709             3416          2              0.010 
2025-05-23 10:51:21 | INFO |       17.100 ¦     1710             3418          2              0.010 
2025-05-23 10:51:21 | INFO |       17.110 ¦     1711             3420          2              0.010 
2025-05-23 10:51:21 | INFO |       17.120 ¦     1712             3422          2              0.010 
2025-05-23 10:51:21 | INFO |       17.130 ¦     1713             3424          2              0.010 
2025-05-23 10:51:21 | INFO |       17.140 ¦     1714             3426          2              0.010 
2025-05-23 10:51:21 | INFO |       17.150 ¦     1715             3428          2              0.010 
2025-05-23 10:51:21 | INFO |       17.160 ¦     1716             3430          2              0.010 
2025-05-23 10:51:21 | INFO |       17.170 ¦     1717             3432          2              0.010 
2025-05-23 10:51:21 | INFO |       17.180 ¦     1718             3434          2              0.010 
2025-05-23 10:51:21 | INFO |       17.190 ¦     1719             3436          2              0.010 
2025-05-23 10:51:21 | INFO |       17.200 ¦     1720             3438          2              0.010 
2025-05-23 10:51:21 | INFO |       17.210 ¦     1721             3440          2              0.010 
2025-05-23 10:51:21 | INFO |       17.220 ¦     1722             3442          2              0.010 
2025-05-23 10:51:21 | INFO |       17.230 ¦     1723             3444          2              0.010 
2025-05-23 10:51:21 | INFO |       17.240 ¦     1724             3446          2              0.010 
2025-05-23 10:51:21 | INFO |       17.250 ¦     1725             3448          2              0.010 
2025-05-23 10:51:21 | INFO |       17.260 ¦     1726             3450          2              0.010 
2025-05-23 10:51:21 | INFO |       17.270 ¦     1727             3452          2              0.010 
2025-05-23 10:51:21 | INFO |       17.280 ¦     1728             3454          2              0.010 
2025-05-23 10:51:21 | INFO |       17.290 ¦     1729             3456          2              0.010 
2025-05-23 10:51:21 | INFO |       17.300 ¦     1730             3458          2              0.010 
2025-05-23 10:51:21 | INFO |       17.310 ¦     1731             3460          2              0.010 
2025-05-23 10:51:21 | INFO |       17.320 ¦     1732             3462          2              0.010 
2025-05-23 10:51:21 | INFO |       17.330 ¦     1733             3464          2              0.010 
2025-05-23 10:51:21 | INFO |       17.340 ¦     1734             3466          2              0.010 
2025-05-23 10:51:21 | INFO |       17.350 ¦     1735             3468          2              0.010 
2025-05-23 10:51:21 | INFO |       17.360 ¦     1736             3470          2              0.010 
2025-05-23 10:51:21 | INFO |       17.370 ¦     1737             3472          2              0.010 
2025-05-23 10:51:21 | INFO |       17.380 ¦     1738             3474          2              0.010 
2025-05-23 10:51:21 | INFO |       17.390 ¦     1739             3476          2              0.010 
2025-05-23 10:51:21 | INFO |       17.400 ¦     1740             3478          2              0.010 
2025-05-23 10:51:21 | INFO |       17.410 ¦     1741             3480          2              0.010 
2025-05-23 10:51:21 | INFO |       17.420 ¦     1742             3482          2              0.010 
2025-05-23 10:51:21 | INFO |       17.430 ¦     1743             3484          2              0.010 
2025-05-23 10:51:21 | INFO |       17.440 ¦     1744             3486          2              0.010 
2025-05-23 10:51:21 | INFO |       17.450 ¦     1745             3488          2              0.010 
2025-05-23 10:51:21 | INFO |       17.460 ¦     1746             3490          2              0.010 
2025-05-23 10:51:21 | INFO |       17.470 ¦     1747             3492          2              0.010 
2025-05-23 10:51:21 | INFO |       17.480 ¦     1748             3494          2              0.010 
2025-05-23 10:51:21 | INFO |       17.490 ¦     1749             3496          2              0.010 
2025-05-23 10:51:21 | INFO |       17.500 ¦     1750             3498          2              0.010 
2025-05-23 10:51:21 | INFO |       17.510 ¦     1751             3500          2              0.010 
2025-05-23 10:51:21 | INFO |       17.520 ¦     1752             3502          2              0.010 
2025-05-23 10:51:21 | INFO |       17.530 ¦     1753             3504          2              0.010 
2025-05-23 10:51:21 | INFO |       17.540 ¦     1754             3506          2              0.010 
2025-05-23 10:51:21 | INFO |       17.550 ¦     1755             3508          2              0.010 
2025-05-23 10:51:21 | INFO |       17.560 ¦     1756             3510          2              0.010 
2025-05-23 10:51:21 | INFO |       17.570 ¦     1757             3512          2              0.010 
2025-05-23 10:51:21 | INFO |       17.580 ¦     1758             3514          2              0.010 
2025-05-23 10:51:21 | INFO |       17.590 ¦     1759             3516          2              0.010 
2025-05-23 10:51:21 | INFO |       17.600 ¦     1760             3518          2              0.010 
2025-05-23 10:51:21 | INFO |       17.610 ¦     1761             3520          2              0.010 
2025-05-23 10:51:21 | INFO |       17.620 ¦     1762             3522          2              0.010 
2025-05-23 10:51:21 | INFO |       17.630 ¦     1763             3524          2              0.010 
2025-05-23 10:51:21 | INFO |       17.640 ¦     1764             3526          2              0.010 
2025-05-23 10:51:21 | INFO |       17.650 ¦     1765             3528          2              0.010 
2025-05-23 10:51:21 | INFO |       17.660 ¦     1766             3530          2              0.010 
2025-05-23 10:51:21 | INFO |       17.670 ¦     1767             3532          2              0.010 
2025-05-23 10:51:21 | INFO |       17.680 ¦     1768             3534          2              0.010 
2025-05-23 10:51:21 | INFO |       17.690 ¦     1769             3536          2              0.010 
2025-05-23 10:51:21 | INFO |       17.700 ¦     1770             3538          2              0.010 
2025-05-23 10:51:21 | INFO |       17.710 ¦     1771             3540          2              0.010 
2025-05-23 10:51:21 | INFO |       17.720 ¦     1772             3542          2              0.010 
2025-05-23 10:51:21 | INFO |       17.730 ¦     1773             3544          2              0.010 
2025-05-23 10:51:21 | INFO |       17.740 ¦     1774             3546          2              0.010 
2025-05-23 10:51:21 | INFO |       17.750 ¦     1775             3548          2              0.010 
2025-05-23 10:51:21 | INFO |       17.760 ¦     1776             3550          2              0.010 
2025-05-23 10:51:21 | INFO |       17.770 ¦     1777             3552          2              0.010 
2025-05-23 10:51:21 | INFO |       17.780 ¦     1778             3554          2              0.010 
2025-05-23 10:51:21 | INFO |       17.790 ¦     1779             3556          2              0.010 
2025-05-23 10:51:21 | INFO |       17.800 ¦     1780             3558          2              0.010 
2025-05-23 10:51:21 | INFO |       17.810 ¦     1781             3560          2              0.010 
2025-05-23 10:51:21 | INFO |       17.820 ¦     1782             3562          2              0.010 
2025-05-23 10:51:21 | INFO |       17.830 ¦     1783             3564          2              0.010 
2025-05-23 10:51:21 | INFO |       17.840 ¦     1784             3566          2              0.010 
2025-05-23 10:51:21 | INFO |       17.850 ¦     1785             3568          2              0.010 
2025-05-23 10:51:21 | INFO |       17.860 ¦     1786             3570          2              0.010 
2025-05-23 10:51:21 | INFO |       17.870 ¦     1787             3572          2              0.010 
2025-05-23 10:51:21 | INFO |       17.880 ¦     1788             3574          2              0.010 
2025-05-23 10:51:21 | INFO |       17.890 ¦     1789             3576          2              0.010 
2025-05-23 10:51:21 | INFO |       17.900 ¦     1790             3578          2              0.010 
2025-05-23 10:51:21 | INFO |       17.910 ¦     1791             3580          2              0.010 
2025-05-23 10:51:21 | INFO |       17.920 ¦     1792             3582          2              0.010 
2025-05-23 10:51:21 | INFO |       17.930 ¦     1793             3584          2              0.010 
2025-05-23 10:51:21 | INFO |       17.940 ¦     1794             3586          2              0.010 
2025-05-23 10:51:21 | INFO |       17.950 ¦     1795             3588          2              0.010 
2025-05-23 10:51:21 | INFO |       17.960 ¦     1796             3590          2              0.010 
2025-05-23 10:51:21 | INFO |       17.970 ¦     1797             3592          2              0.010 
2025-05-23 10:51:21 | INFO |       17.980 ¦     1798             3594          2              0.010 
2025-05-23 10:51:21 | INFO |       17.990 ¦     1799             3596          2              0.010 
2025-05-23 10:51:21 | INFO |       18.000 ¦     1800             3598          2              0.010 
2025-05-23 10:51:21 | INFO |       18.010 ¦     1801             3600          2              0.010 
2025-05-23 10:51:21 | INFO |       18.020 ¦     1802             3602          2              0.010 
2025-05-23 10:51:21 | INFO |       18.030 ¦     1803             3604          2              0.010 
2025-05-23 10:51:21 | INFO |       18.040 ¦     1804             3606          2              0.010 
2025-05-23 10:51:21 | INFO |       18.050 ¦     1805             3608          2              0.010 
2025-05-23 10:51:21 | INFO |       18.060 ¦     1806             3610          2              0.010 
2025-05-23 10:51:21 | INFO |       18.070 ¦     1807             3612          2              0.010 
2025-05-23 10:51:21 | INFO |       18.080 ¦     1808             3614          2              0.010 
2025-05-23 10:51:21 | INFO |       18.090 ¦     1809             3616          2              0.010 
2025-05-23 10:51:21 | INFO |       18.100 ¦     1810             3618          2              0.010 
2025-05-23 10:51:21 | INFO |       18.110 ¦     1811             3620          2              0.010 
2025-05-23 10:51:21 | INFO |       18.120 ¦     1812             3622          2              0.010 
2025-05-23 10:51:21 | INFO |       18.130 ¦     1813             3624          2              0.010 
2025-05-23 10:51:21 | INFO |       18.140 ¦     1814             3626          2              0.010 
2025-05-23 10:51:21 | INFO |       18.150 ¦     1815             3628          2              0.010 
2025-05-23 10:51:21 | INFO |       18.160 ¦     1816             3630          2              0.010 
2025-05-23 10:51:21 | INFO |       18.170 ¦     1817             3632          2              0.010 
2025-05-23 10:51:21 | INFO |       18.180 ¦     1818             3634          2              0.010 
2025-05-23 10:51:21 | INFO |       18.190 ¦     1819             3636          2              0.010 
2025-05-23 10:51:21 | INFO |       18.200 ¦     1820             3638          2              0.010 
2025-05-23 10:51:21 | INFO |       18.210 ¦     1821             3640          2              0.010 
2025-05-23 10:51:21 | INFO |       18.220 ¦     1822             3642          2              0.010 
2025-05-23 10:51:21 | INFO |       18.230 ¦     1823             3644          2              0.010 
2025-05-23 10:51:21 | INFO |       18.240 ¦     1824             3646          2              0.010 
2025-05-23 10:51:21 | INFO |       18.250 ¦     1825             3648          2              0.010 
2025-05-23 10:51:21 | INFO |       18.260 ¦     1826             3650          2              0.010 
2025-05-23 10:51:21 | INFO |       18.270 ¦     1827             3652          2              0.010 
2025-05-23 10:51:21 | INFO |       18.280 ¦     1828             3654          2              0.010 
2025-05-23 10:51:21 | INFO |       18.290 ¦     1829             3656          2              0.010 
2025-05-23 10:51:21 | INFO |       18.300 ¦     1830             3658          2              0.010 
2025-05-23 10:51:21 | INFO |       18.310 ¦     1831             3660          2              0.010 
2025-05-23 10:51:21 | INFO |       18.320 ¦     1832             3662          2              0.010 
2025-05-23 10:51:21 | INFO |       18.330 ¦     1833             3664          2              0.010 
2025-05-23 10:51:21 | INFO |       18.340 ¦     1834             3666          2              0.010 
2025-05-23 10:51:21 | INFO |       18.350 ¦     1835             3668          2              0.010 
2025-05-23 10:51:21 | INFO |       18.360 ¦     1836             3670          2              0.010 
2025-05-23 10:51:21 | INFO |       18.370 ¦     1837             3672          2              0.010 
2025-05-23 10:51:21 | INFO |       18.380 ¦     1838             3674          2              0.010 
2025-05-23 10:51:21 | INFO |       18.390 ¦     1839             3676          2              0.010 
2025-05-23 10:51:21 | INFO |       18.400 ¦     1840             3678          2              0.010 
2025-05-23 10:51:21 | INFO |       18.410 ¦     1841             3680          2              0.010 
2025-05-23 10:51:21 | INFO |       18.420 ¦     1842             3682          2              0.010 
2025-05-23 10:51:21 | INFO |       18.430 ¦     1843             3684          2              0.010 
2025-05-23 10:51:21 | INFO |       18.440 ¦     1844             3686          2              0.010 
2025-05-23 10:51:21 | INFO |       18.450 ¦     1845             3688          2              0.010 
2025-05-23 10:51:21 | INFO |       18.460 ¦     1846             3690          2              0.010 
2025-05-23 10:51:21 | INFO |       18.470 ¦     1847             3692          2              0.010 
2025-05-23 10:51:21 | INFO |       18.480 ¦     1848             3694          2              0.010 
2025-05-23 10:51:21 | INFO |       18.490 ¦     1849             3696          2              0.010 
2025-05-23 10:51:21 | INFO |       18.500 ¦     1850             3698          2              0.010 
2025-05-23 10:51:21 | INFO |       18.510 ¦     1851             3700          2              0.010 
2025-05-23 10:51:21 | INFO |       18.520 ¦     1852             3702          2              0.010 
2025-05-23 10:51:21 | INFO |       18.530 ¦     1853             3704          2              0.010 
2025-05-23 10:51:21 | INFO |       18.540 ¦     1854             3706          2              0.010 
2025-05-23 10:51:21 | INFO |       18.550 ¦     1855             3708          2              0.010 
2025-05-23 10:51:21 | INFO |       18.560 ¦     1856             3710          2              0.010 
2025-05-23 10:51:21 | INFO |       18.570 ¦     1857             3712          2              0.010 
2025-05-23 10:51:21 | INFO |       18.580 ¦     1858             3714          2              0.010 
2025-05-23 10:51:21 | INFO |       18.590 ¦     1859             3716          2              0.010 
2025-05-23 10:51:21 | INFO |       18.600 ¦     1860             3718          2              0.010 
2025-05-23 10:51:21 | INFO |       18.610 ¦     1861             3720          2              0.010 
2025-05-23 10:51:21 | INFO |       18.620 ¦     1862             3722          2              0.010 
2025-05-23 10:51:21 | INFO |       18.630 ¦     1863             3724          2              0.010 
2025-05-23 10:51:21 | INFO |       18.640 ¦     1864             3726          2              0.010 
2025-05-23 10:51:21 | INFO |       18.650 ¦     1865             3728          2              0.010 
2025-05-23 10:51:21 | INFO |       18.660 ¦     1866             3730          2              0.010 
2025-05-23 10:51:21 | INFO |       18.670 ¦     1867             3732          2              0.010 
2025-05-23 10:51:21 | INFO |       18.680 ¦     1868             3734          2              0.010 
2025-05-23 10:51:21 | INFO |       18.690 ¦     1869             3736          2              0.010 
2025-05-23 10:51:21 | INFO |       18.700 ¦     1870             3738          2              0.010 
2025-05-23 10:51:21 | INFO |       18.710 ¦     1871             3740          2              0.010 
2025-05-23 10:51:21 | INFO |       18.720 ¦     1872             3742          2              0.010 
2025-05-23 10:51:21 | INFO |       18.730 ¦     1873             3744          2              0.010 
2025-05-23 10:51:21 | INFO |       18.740 ¦     1874             3746          2              0.010 
2025-05-23 10:51:21 | INFO |       18.750 ¦     1875             3748          2              0.010 
2025-05-23 10:51:21 | INFO |       18.760 ¦     1876             3750          2              0.010 
2025-05-23 10:51:21 | INFO |       18.770 ¦     1877             3752          2              0.010 
2025-05-23 10:51:21 | INFO |       18.780 ¦     1878             3754          2              0.010 
2025-05-23 10:51:21 | INFO |       18.790 ¦     1879             3756          2              0.010 
2025-05-23 10:51:21 | INFO |       18.800 ¦     1880             3758          2              0.010 
2025-05-23 10:51:21 | INFO |       18.810 ¦     1881             3760          2              0.010 
2025-05-23 10:51:21 | INFO |       18.820 ¦     1882             3762          2              0.010 
2025-05-23 10:51:21 | INFO |       18.830 ¦     1883             3764          2              0.010 
2025-05-23 10:51:21 | INFO |       18.840 ¦     1884             3766          2              0.010 
2025-05-23 10:51:21 | INFO |       18.850 ¦     1885             3768          2              0.010 
2025-05-23 10:51:21 | INFO |       18.860 ¦     1886             3770          2              0.010 
2025-05-23 10:51:21 | INFO |       18.870 ¦     1887             3772          2              0.010 
2025-05-23 10:51:21 | INFO |       18.880 ¦     1888             3774          2              0.010 
2025-05-23 10:51:21 | INFO |       18.890 ¦     1889             3776          2              0.010 
2025-05-23 10:51:21 | INFO |       18.900 ¦     1890             3778          2              0.010 
2025-05-23 10:51:21 | INFO |       18.910 ¦     1891             3780          2              0.010 
2025-05-23 10:51:21 | INFO |       18.920 ¦     1892             3782          2              0.010 
2025-05-23 10:51:21 | INFO |       18.930 ¦     1893             3784          2              0.010 
2025-05-23 10:51:21 | INFO |       18.940 ¦     1894             3786          2              0.010 
2025-05-23 10:51:21 | INFO |       18.950 ¦     1895             3788          2              0.010 
2025-05-23 10:51:21 | INFO |       18.960 ¦     1896             3790          2              0.010 
2025-05-23 10:51:21 | INFO |       18.970 ¦     1897             3792          2              0.010 
2025-05-23 10:51:21 | INFO |       18.980 ¦     1898             3794          2              0.010 
2025-05-23 10:51:21 | INFO |       18.990 ¦     1899             3796          2              0.010 
2025-05-23 10:51:21 | INFO |       19.000 ¦     1900             3798          2              0.010 
2025-05-23 10:51:21 | INFO |       19.010 ¦     1901             3800          2              0.010 
2025-05-23 10:51:21 | INFO |       19.020 ¦     1902             3802          2              0.010 
2025-05-23 10:51:21 | INFO |       19.030 ¦     1903             3804          2              0.010 
2025-05-23 10:51:21 | INFO |       19.040 ¦     1904             3806          2              0.010 
2025-05-23 10:51:21 | INFO |       19.050 ¦     1905             3808          2              0.010 
2025-05-23 10:51:21 | INFO |       19.060 ¦     1906             3810          2              0.010 
2025-05-23 10:51:21 | INFO |       19.070 ¦     1907             3812          2              0.010 
2025-05-23 10:51:21 | INFO |       19.080 ¦     1908             3814          2              0.010 
2025-05-23 10:51:21 | INFO |       19.090 ¦     1909             3816          2              0.010 
2025-05-23 10:51:21 | INFO |       19.100 ¦     1910             3818          2              0.010 
2025-05-23 10:51:21 | INFO |       19.110 ¦     1911             3820          2              0.010 
2025-05-23 10:51:21 | INFO |       19.120 ¦     1912             3822          2              0.010 
2025-05-23 10:51:21 | INFO |       19.130 ¦     1913             3824          2              0.010 
2025-05-23 10:51:21 | INFO |       19.140 ¦     1914             3826          2              0.010 
2025-05-23 10:51:21 | INFO |       19.150 ¦     1915             3828          2              0.010 
2025-05-23 10:51:21 | INFO |       19.160 ¦     1916             3830          2              0.010 
2025-05-23 10:51:21 | INFO |       19.170 ¦     1917             3832          2              0.010 
2025-05-23 10:51:21 | INFO |       19.180 ¦     1918             3834          2              0.010 
2025-05-23 10:51:21 | INFO |       19.190 ¦     1919             3836          2              0.010 
2025-05-23 10:51:21 | INFO |       19.200 ¦     1920             3838          2              0.010 
2025-05-23 10:51:21 | INFO |       19.210 ¦     1921             3840          2              0.010 
2025-05-23 10:51:21 | INFO |       19.220 ¦     1922             3842          2              0.010 
2025-05-23 10:51:21 | INFO |       19.230 ¦     1923             3844          2              0.010 
2025-05-23 10:51:21 | INFO |       19.240 ¦     1924             3846          2              0.010 
2025-05-23 10:51:21 | INFO |       19.250 ¦     1925             3848          2              0.010 
2025-05-23 10:51:21 | INFO |       19.260 ¦     1926             3850          2              0.010 
2025-05-23 10:51:21 | INFO |       19.270 ¦     1927             3852          2              0.010 
2025-05-23 10:51:21 | INFO |       19.280 ¦     1928             3854          2              0.010 
2025-05-23 10:51:21 | INFO |       19.290 ¦     1929             3856          2              0.010 
2025-05-23 10:51:21 | INFO |       19.300 ¦     1930             3858          2              0.010 
2025-05-23 10:51:21 | INFO |       19.310 ¦     1931             3860          2              0.010 
2025-05-23 10:51:21 | INFO |       19.320 ¦     1932             3862          2              0.010 
2025-05-23 10:51:21 | INFO |       19.330 ¦     1933             3864          2              0.010 
2025-05-23 10:51:21 | INFO |       19.340 ¦     1934             3866          2              0.010 
2025-05-23 10:51:21 | INFO |       19.350 ¦     1935             3868          2              0.010 
2025-05-23 10:51:21 | INFO |       19.360 ¦     1936             3870          2              0.010 
2025-05-23 10:51:21 | INFO |       19.370 ¦     1937             3872          2              0.010 
2025-05-23 10:51:21 | INFO |       19.380 ¦     1938             3874          2              0.010 
2025-05-23 10:51:21 | INFO |       19.390 ¦     1939             3876          2              0.010 
2025-05-23 10:51:21 | INFO |       19.400 ¦     1940             3878          2              0.010 
2025-05-23 10:51:21 | INFO |       19.410 ¦     1941             3880          2              0.010 
2025-05-23 10:51:21 | INFO |       19.420 ¦     1942             3882          2              0.010 
2025-05-23 10:51:21 | INFO |       19.430 ¦     1943             3884          2              0.010 
2025-05-23 10:51:21 | INFO |       19.440 ¦     1944             3886          2              0.010 
2025-05-23 10:51:21 | INFO |       19.450 ¦     1945             3888          2              0.010 
2025-05-23 10:51:21 | INFO |       19.460 ¦     1946             3890          2              0.010 
2025-05-23 10:51:21 | INFO |       19.470 ¦     1947             3892          2              0.010 
2025-05-23 10:51:21 | INFO |       19.480 ¦     1948             3894          2              0.010 
2025-05-23 10:51:21 | INFO |       19.490 ¦     1949             3896          2              0.010 
2025-05-23 10:51:21 | INFO |       19.500 ¦     1950             3898          2              0.010 
2025-05-23 10:51:21 | INFO |       19.510 ¦     1951             3900          2              0.010 
2025-05-23 10:51:21 | INFO |       19.520 ¦     1952             3902          2              0.010 
2025-05-23 10:51:21 | INFO |       19.530 ¦     1953             3904          2              0.010 
2025-05-23 10:51:21 | INFO |       19.540 ¦     1954             3906          2              0.010 
2025-05-23 10:51:21 | INFO |       19.550 ¦     1955             3908          2              0.010 
2025-05-23 10:51:21 | INFO |       19.560 ¦     1956             3910          2              0.010 
2025-05-23 10:51:21 | INFO |       19.570 ¦     1957             3912          2              0.010 
2025-05-23 10:51:21 | INFO |       19.580 ¦     1958             3914          2              0.010 
2025-05-23 10:51:21 | INFO |       19.590 ¦     1959             3916          2              0.010 
2025-05-23 10:51:21 | INFO |       19.600 ¦     1960             3918          2              0.010 
2025-05-23 10:51:21 | INFO |       19.610 ¦     1961             3920          2              0.010 
2025-05-23 10:51:21 | INFO |       19.620 ¦     1962             3922          2              0.010 
2025-05-23 10:51:21 | INFO |       19.630 ¦     1963             3924          2              0.010 
2025-05-23 10:51:21 | INFO |       19.640 ¦     1964             3926          2              0.010 
2025-05-23 10:51:21 | INFO |       19.650 ¦     1965             3928          2              0.010 
2025-05-23 10:51:21 | INFO |       19.660 ¦     1966             3930          2              0.010 
2025-05-23 10:51:21 | INFO |       19.670 ¦     1967             3932          2              0.010 
2025-05-23 10:51:21 | INFO |       19.680 ¦     1968             3934          2              0.010 
2025-05-23 10:51:21 | INFO |       19.690 ¦     1969             3936          2              0.010 
2025-05-23 10:51:21 | INFO |       19.700 ¦     1970             3938          2              0.010 
2025-05-23 10:51:21 | INFO |       19.710 ¦     1971             3940          2              0.010 
2025-05-23 10:51:21 | INFO |       19.720 ¦     1972             3942          2              0.010 
2025-05-23 10:51:21 | INFO |       19.730 ¦     1973             3944          2              0.010 
2025-05-23 10:51:21 | INFO |       19.740 ¦     1974             3946          2              0.010 
2025-05-23 10:51:21 | INFO |       19.750 ¦     1975             3948          2              0.010 
2025-05-23 10:51:21 | INFO |       19.760 ¦     1976             3950          2              0.010 
2025-05-23 10:51:21 | INFO |       19.770 ¦     1977             3952          2              0.010 
2025-05-23 10:51:21 | INFO |       19.780 ¦     1978             3954          2              0.010 
2025-05-23 10:51:21 | INFO |       19.790 ¦     1979             3956          2              0.010 
2025-05-23 10:51:21 | INFO |       19.800 ¦     1980             3958          2              0.010 
2025-05-23 10:51:21 | INFO |       19.810 ¦     1981             3960          2              0.010 
2025-05-23 10:51:21 | INFO |       19.820 ¦     1982             3962          2              0.010 
2025-05-23 10:51:21 | INFO |       19.830 ¦     1983             3964          2              0.010 
2025-05-23 10:51:21 | INFO |       19.840 ¦     1984             3966          2              0.010 
2025-05-23 10:51:21 | INFO |       19.850 ¦     1985             3968          2              0.010 
2025-05-23 10:51:21 | INFO |       19.860 ¦     1986             3970          2              0.010 
2025-05-23 10:51:21 | INFO |       19.870 ¦     1987             3972          2              0.010 
2025-05-23 10:51:21 | INFO |       19.880 ¦     1988             3974          2              0.010 
2025-05-23 10:51:21 | INFO |       19.890 ¦     1989             3976          2              0.010 
2025-05-23 10:51:21 | INFO |       19.900 ¦     1990             3978          2              0.010 
2025-05-23 10:51:21 | INFO |       19.910 ¦     1991             3980          2              0.010 
2025-05-23 10:51:21 | INFO |       19.920 ¦     1992             3982          2              0.010 
2025-05-23 10:51:21 | INFO |       19.930 ¦     1993             3984          2              0.010 
2025-05-23 10:51:21 | INFO |       19.940 ¦     1994             3986          2              0.010 
2025-05-23 10:51:21 | INFO |       19.950 ¦     1995             3988          2              0.010 
2025-05-23 10:51:21 | INFO |       19.960 ¦     1996             3990          2              0.010 
2025-05-23 10:51:21 | INFO |       19.970 ¦     1997             3992          2              0.010 
2025-05-23 10:51:21 | INFO |       19.980 ¦     1998             3994          2              0.010 
2025-05-23 10:51:21 | INFO |       19.990 ¦     1999             3996          2              0.010 
2025-05-23 10:51:21 | INFO | Algebraic mode (with J recalculation) change at t = 20
2025-05-23 10:51:21 | INFO |       20.000 ¦     2000             3998          2              0.010 
2025-05-23 10:51:21 | INFO | calculation of the new starting point of the simulation.
2025-05-23 10:51:21 | INFO | Algebraic mode change at t = 20
2025-05-23 10:51:21 | INFO |       20.000 ¦     2000             4002          5              0.010 
2025-05-23 10:51:21 | INFO | Algebraic mode change at t = 20.01
2025-05-23 10:51:21 | INFO |       20.010 ¦     2001             4008          6              0.010 
2025-05-23 10:51:21 | INFO | calculation of the new starting point of the simulation.
2025-05-23 10:51:21 | INFO |       20.010 ¦     2001             4011          6              0.010 
2025-05-23 10:51:21 | INFO | Algebraic mode change at t = 20.02
2025-05-23 10:51:21 | INFO |       20.020 ¦     2002             4021          7              0.010 
2025-05-23 10:51:21 | INFO | calculation of the new starting point of the simulation.
2025-05-23 10:51:21 | INFO |       20.020 ¦     2002             4022          7              0.010 
2025-05-23 10:51:21 | INFO | Algebraic mode change at t = 20.03
2025-05-23 10:51:21 | INFO |       20.030 ¦     2003             4027          7              0.010 
2025-05-23 10:51:21 | INFO | calculation of the new starting point of the simulation.
2025-05-23 10:51:21 | INFO |       20.030 ¦     2003             4030          7              0.010 
2025-05-23 10:51:21 | INFO | Algebraic mode change at t = 20.04
2025-05-23 10:51:21 | INFO |       20.040 ¦     2004             4036          7              0.010 
2025-05-23 10:51:21 | INFO | calculation of the new starting point of the simulation.
2025-05-23 10:51:21 | INFO |       20.040 ¦     2004             4037          7              0.010 
2025-05-23 10:51:21 | INFO |       20.050 ¦     2005             4045          8              0.010 
2025-05-23 10:51:21 | INFO |       20.060 ¦     2006             4050          8              0.010 
2025-05-23 10:51:21 | INFO |       20.070 ¦     2007             4055          8              0.010 
2025-05-23 10:51:21 | INFO |       20.080 ¦     2008             4060          8              0.010 
2025-05-23 10:51:21 | INFO |       20.090 ¦     2009             4066          8              0.010 
2025-05-23 10:51:21 | INFO |       20.100 ¦     2010             4072          8              0.010 
2025-05-23 10:51:21 | INFO |       20.110 ¦     2011             4079          8              0.010 
2025-05-23 10:51:21 | INFO | Algebraic mode change at t = 20.12
2025-05-23 10:51:21 | INFO |       20.120 ¦     2012             4086          8              0.010 
2025-05-23 10:51:21 | INFO | calculation of the new starting point of the simulation.
2025-05-23 10:51:21 | INFO |       20.120 ¦     2012             4087          8              0.010 
2025-05-23 10:51:21 | WARN | five consecutive steps have been taken that satisfy a scaled step length test
2025-05-23 10:51:21 | INFO |       20.125 ¦     2013             4102         11              0.005 
2025-05-23 10:51:21 | INFO |       20.135 ¦     2014             4113         12              0.010 
2025-05-23 10:51:21 | INFO |       20.145 ¦     2015             4117         12              0.010 
2025-05-23 10:51:21 | INFO |       20.155 ¦     2016             4122         12              0.010 
2025-05-23 10:51:21 | INFO |       20.165 ¦     2017             4128         12              0.010 
2025-05-23 10:51:21 | INFO |       20.175 ¦     2018             4134         12              0.010 
2025-05-23 10:51:21 | INFO |       20.185 ¦     2019             4142         12              0.010 
2025-05-23 10:51:21 | INFO |       20.195 ¦     2020             4151         12              0.010 
2025-05-23 10:51:21 | INFO |       20.205 ¦     2021             4160         12              0.010 
2025-05-23 10:51:21 | INFO |       20.215 ¦     2022             4170         13              0.010 
2025-05-23 10:51:21 | INFO |       20.225 ¦     2023             4175         13              0.010 
2025-05-23 10:51:21 | INFO |       20.235 ¦     2024             4181         13              0.010 
2025-05-23 10:51:21 | INFO |       20.245 ¦     2025             4187         13              0.010 
2025-05-23 10:51:21 | INFO |       20.255 ¦     2026             4195         13              0.010 
2025-05-23 10:51:21 | INFO |       20.265 ¦     2027             4204         13              0.010 
2025-05-23 10:51:21 | INFO |       20.275 ¦     2028             4215         14              0.010 
2025-05-23 10:51:21 | INFO |       20.285 ¦     2029             4220         14              0.010 
2025-05-23 10:51:21 | INFO |       20.295 ¦     2030             4226         14              0.010 
2025-05-23 10:51:21 | INFO |       20.305 ¦     2031             4233         14              0.010 
2025-05-23 10:51:21 | INFO |       20.315 ¦     2032             4242         14              0.010 
2025-05-23 10:51:21 | INFO |       20.325 ¦     2033             4252         15              0.010 
2025-05-23 10:51:21 | INFO |       20.335 ¦     2034             4258         15              0.010 
2025-05-23 10:51:21 | INFO |       20.345 ¦     2035             4265         15              0.010 
2025-05-23 10:51:21 | INFO |       20.355 ¦     2036             4273         15              0.010 
2025-05-23 10:51:21 | INFO |       20.365 ¦     2037             4283         16              0.010 
2025-05-23 10:51:21 | WARN | five consecutive steps have been taken that satisfy a scaled step length test
2025-05-23 10:51:21 | INFO |       20.370 ¦     2038             4297         18              0.005 
2025-05-23 10:51:21 | WARN | five consecutive steps have been taken that satisfy a scaled step length test
2025-05-23 10:51:21 | WARN | five consecutive steps have been taken that satisfy a scaled step length test
2025-05-23 10:51:21 | INFO |       20.373 ¦     2039             4324         23              0.003 
2025-05-23 10:51:21 | WARN | five consecutive steps have been taken that satisfy a scaled step length test
2025-05-23 10:51:21 | WARN | the maximum number of nonlinear iterations has been reached
2025-05-23 10:51:21 | WARN | the maximum number of nonlinear iterations has been reached
2025-05-23 10:51:21 | INFO |       20.373 ¦     2040             4369         32              0.001 
2025-05-23 10:51:21 | WARN | the maximum number of nonlinear iterations has been reached
2025-05-23 10:51:21 | WARN | the maximum number of nonlinear iterations has been reached
2025-05-23 10:51:21 | WARN | the maximum number of nonlinear iterations has been reached
2025-05-23 10:51:21 | INFO |       20.373 ¦     2041             4416         40              0.000 
2025-05-23 10:51:21 | WARN | the maximum number of nonlinear iterations has been reached
2025-05-23 10:51:21 | WARN | the maximum number of nonlinear iterations has been reached
2025-05-23 10:51:21 | INFO |       20.373 ¦     2042             4448         46              0.000 
2025-05-23 10:51:21 | WARN | the maximum number of nonlinear iterations has been reached
2025-05-23 10:51:21 | WARN | the maximum number of nonlinear iterations has been reached
2025-05-23 10:51:21 | INFO |       20.373 ¦     2043             4480         52              0.000 
2025-05-23 10:51:21 | WARN | the maximum number of nonlinear iterations has been reached
2025-05-23 10:51:21 | WARN | the maximum number of nonlinear iterations has been reached
2025-05-23 10:51:21 | INFO |       20.373 ¦     2044             4512         58              0.000 
2025-05-23 10:51:21 | WARN | the maximum number of nonlinear iterations has been reached
2025-05-23 10:51:21 | WARN | the maximum number of nonlinear iterations has been reached
2025-05-23 10:51:21 | INFO |       20.373 ¦     2045             4544         64              0.000 
2025-05-23 10:51:21 | WARN | the maximum number of nonlinear iterations has been reached
2025-05-23 10:51:21 | WARN | the maximum number of nonlinear iterations has been reached
2025-05-23 10:51:21 | INFO |       20.373 ¦     2046             4575         70              0.000 
2025-05-23 10:51:21 | WARN | the maximum number of nonlinear iterations has been reached
2025-05-23 10:51:21 | INFO |       20.373 ¦     2047             4591         74              0.000 
2025-05-23 10:51:21 | WARN | the maximum number of nonlinear iterations has been reached
2025-05-23 10:51:21 | WARN | the maximum number of nonlinear iterations has been reached
2025-05-23 10:51:21 | WARN | the maximum number of nonlinear iterations has been reached
2025-05-23 10:51:21 | WARN | the maximum number of nonlinear iterations has been reached
2025-05-23 10:51:21 | WARN | the maximum number of nonlinear iterations has been reached
2025-05-23 10:51:21 | ERROR | SimplifiedSolver fails to converge while minimum step size is reached ( DYNSolverCommonFixedTimeStep.cpp:366 )
2025-05-23 10:51:21 | ERROR | SimplifiedSolver fails to converge while minimum step size is reached ( DYNSolverCommonFixedTimeStep.cpp:366 )
2025-05-23 10:51:21 | INFO | 
2025-05-23 10:51:21 | INFO | execution statistics :
2025-05-23 10:51:21 | INFO | 
2025-05-23 10:51:21 | INFO | number of time iterations                  = 2047
2025-05-23 10:51:21 | INFO | number of residual evaluations             = 6748
2025-05-23 10:51:21 | INFO | number of Jacobian evaluations             = 83
2025-05-23 10:51:21 | INFO | number of nonlinear iterations             = 4666
2025-05-23 10:51:21 | INFO | number of error test failures              = 0
2025-05-23 10:51:21 | INFO | number of nonlinear convergence failures   = 26
2025-05-23 10:51:21 | INFO | number of root functions evaluations       = 2057
2025-05-23 10:51:21 | INFO | number of discrete variables evaluations   = 23
2025-05-23 10:51:21 | INFO | number of mode evaluations                 = 21
