time;BusPDR_BUS_Voltage;BusPDR_BUS_ActivePower;BusPDR_BUS_ReactivePower;BusPDR_BUS_ActiveCurrent;BusPDR_BUS_ReactiveCurrent;Wind_Turbine_GEN_UPuInjTerminal;Wind_Turbine_GEN_IpInjTerminal;Wind_Turbine_GEN_IqInjTerminal;Measurements_BUS_Voltage;Measurements_BUS_ActivePower;Measurements_BUS_ReactivePower;StepUp_Xfmr_XFMR_Tap;Wind_Turbine_GEN_ActivePowerSetpointPu;Wind_Turbine_GEN_ReactivePowerSetpointPu
0.000000000;1.000e+00;8.332e-01;0.000e+00;8.332e-01;0.000e+00;1.000e+00;8.332e-01;7.500e-04;1.000e+00;3.333e-02;0.000e+00;1.000e+01;8.333e-01;7.540e-04
29.999994000;1.000e+00;8.332e-01;0.000e+00;8.332e-01;0.000e+00;1.000e+00;8.332e-01;7.499e-04;1.000e+00;3.333e-02;0.000e+00;1.000e+01;8.333e-01;7.540e-04
29.999994000;4.006e-06;1.253e-09;-5.000e-05;2.028e-09;0.000e+00;9.051e-04;-1.202e-09;8.287e-01;4.005e-06;5.562e-09;-2.000e-06;1.000e+01;8.333e-01;7.540e-04
30.000102000;3.999e-06;-1.151e-09;-5.000e-05;2.634e-09;0.000e+00;8.952e-04;2.491e-09;8.378e-01;4.001e-06;7.080e-09;-2.000e-06;1.000e+01;8.333e-01;7.540e-04
30.006380000;3.999e-06;-1.124e-09;-5.000e-05;-4.090e-10;0.000e+00;6.275e-04;-1.389e-09;5.578e-01;4.000e-06;2.189e-09;-2.000e-06;1.000e+01;8.333e-01;7.540e-04
30.018885000;4.001e-06;-4.198e-10;-5.000e-05;-5.034e-09;0.000e+00;9.441e-04;6.369e-09;8.739e-01;3.993e-06;2.738e-09;-2.000e-06;1.000e+01;8.333e-01;7.540e-04
30.022330000;4.003e-06;-4.385e-09;-5.000e-05;6.203e-10;0.000e+00;1.995e-04;-2.312e-09;-3.543e-08;3.999e-06;6.688e-09;-2.000e-06;1.000e+01;8.333e-01;7.540e-04
30.023080000;3.996e-06;4.372e-09;-5.000e-05;-5.693e-10;0.000e+00;3.998e-06;5.530e-10;-6.376e-09;4.005e-06;-9.461e-10;-2.000e-06;1.000e+01;8.333e-01;7.540e-04
100.000000000;3.998e-06;-8.560e-09;-5.000e-05;-2.687e-09;0.000e+00;4.000e-06;7.813e-10;7.055e-09;3.993e-06;5.881e-10;-2.000e-06;1.000e+01;8.333e-01;7.540e-04
