time;BusPDR_BUS_Voltage;BusPDR_BUS_ActivePower;BusPDR_BUS_ReactivePower;BusPDR_BUS_ActiveCurrent;BusPDR_BUS_ReactiveCurrent;Wind_Turbine_GEN_UPuInjTerminal;Wind_Turbine_GEN_IpInjTerminal;Wind_Turbine_GEN_IqInjTerminal;Measurements_BUS_Voltage;Measurements_BUS_ActivePower;Measurements_BUS_ReactivePower;StepUp_Xfmr_XFMR_Tap;Wind_Turbine_GEN_ActivePowerSetpointPu;Wind_Turbine_GEN_ReactivePowerSetpointPu
0.000000000;1.000e+00;8.332e-01;0.000e+00;8.332e-01;0.000e+00;1.000e+00;8.332e-01;7.500e-04;1.000e+00;3.333e-02;0.000e+00;1.000e+01;8.333e-01;7.540e-04
29.999994000;1.000e+00;8.332e-01;0.000e+00;8.332e-01;0.000e+00;1.000e+00;8.332e-01;7.500e-04;1.000e+00;3.333e-02;0.000e+00;1.000e+01;8.333e-01;7.540e-04
29.999994000;3.999e-06;7.715e-09;-5.000e-05;-1.356e-09;0.000e+00;9.051e-04;5.318e-09;8.287e-01;4.001e-06;-5.737e-09;-2.000e-06;1.000e+01;8.333e-01;7.540e-04
30.000102000;3.998e-06;5.827e-09;-5.000e-05;4.264e-09;0.000e+00;8.952e-04;8.315e-09;8.378e-01;3.998e-06;-5.280e-09;-2.000e-06;1.000e+01;8.333e-01;7.540e-04
30.006380000;4.000e-06;-5.681e-09;-5.000e-05;4.205e-09;0.000e+00;6.275e-04;-3.575e-09;5.578e-01;3.996e-06;2.074e-09;-2.000e-06;1.000e+01;8.333e-01;7.540e-04
30.018885000;3.994e-06;-3.090e-10;-5.000e-05;5.221e-09;0.000e+00;9.441e-04;3.123e-09;8.739e-01;3.998e-06;-3.264e-09;-2.000e-06;1.000e+01;8.333e-01;7.540e-04
30.022330000;4.000e-06;1.526e-09;-5.000e-05;4.987e-09;0.000e+00;1.995e-04;-3.914e-09;-4.333e-08;3.992e-06;5.693e-10;-2.000e-06;1.000e+01;8.333e-01;7.540e-04
30.023080000;3.998e-06;-1.212e-09;-5.000e-05;-8.535e-10;0.000e+00;4.000e-06;-3.494e-09;1.868e-09;4.000e-06;8.876e-10;-2.000e-06;1.000e+01;8.333e-01;7.540e-04
100.000000000;4.003e-06;1.596e-09;-5.000e-05;2.213e-09;0.000e+00;4.001e-06;2.278e-09;2.323e-09;3.999e-06;8.091e-09;-2.000e-06;1.000e+01;8.333e-01;7.540e-04
