time;BusPDR_BUS_Voltage;BusPDR_BUS_ActivePower;BusPDR_BUS_ReactivePower;BusPDR_BUS_ActiveCurrent;BusPDR_BUS_ReactiveCurrent;Wind_Turbine_GEN_UPuInjTerminal;Wind_Turbine_GEN_IpInjTerminal;Wind_Turbine_GEN_IqInjTerminal;Measurements_BUS_Voltage;Measurements_BUS_ActivePower;Measurements_BUS_ReactivePower;StepUp_Xfmr_XFMR_Tap;Wind_Turbine_GEN_ActivePowerSetpointPu;Wind_Turbine_GEN_ReactivePowerSetpointPu
0.000000000;1.000e+00;8.332e-01;0.000e+00;8.332e-01;0.000e+00;1.000e+00;8.332e-01;7.500e-04;1.000e+00;3.333e-02;0.000e+00;1.000e+01;8.333e-01;7.540e-04
29.999994000;1.000e+00;8.332e-01;0.000e+00;8.332e-01;0.000e+00;1.000e+00;8.332e-01;7.499e-04;1.000e+00;3.333e-02;0.000e+00;1.000e+01;8.333e-01;7.540e-04
29.999994000;3.997e-06;3.988e-09;-5.000e-05;-2.429e-09;0.000e+00;9.051e-04;8.149e-11;8.287e-01;3.997e-06;1.108e-09;-2.000e-06;1.000e+01;8.333e-01;7.540e-04
30.000102000;4.001e-06;2.574e-09;-5.000e-05;4.629e-10;0.000e+00;8.951e-04;2.214e-09;8.379e-01;3.993e-06;1.215e-09;-2.000e-06;1.000e+01;8.333e-01;7.540e-04
30.006380000;4.003e-06;-8.979e-10;-5.000e-05;-1.159e-09;0.000e+00;6.275e-04;2.887e-09;5.578e-01;3.998e-06;-5.853e-10;-2.000e-06;1.000e+01;8.333e-01;7.540e-04
30.018885000;4.007e-06;-1.543e-10;-5.000e-05;-2.181e-09;0.000e+00;9.441e-04;3.863e-09;8.739e-01;4.005e-06;-2.482e-09;-2.000e-06;1.000e+01;8.333e-01;7.540e-04
30.022347000;3.997e-06;-1.857e-09;-5.000e-05;2.034e-10;0.000e+00;1.967e-04;-2.474e-09;-5.952e-08;3.999e-06;-2.704e-09;-2.000e-06;1.000e+01;8.333e-01;7.540e-04
30.023080000;3.996e-06;-4.842e-09;-5.000e-05;2.810e-09;0.000e+00;4.001e-06;2.149e-09;8.607e-10;4.006e-06;-3.181e-09;-2.000e-06;1.000e+01;8.333e-01;7.540e-04
100.000000000;4.002e-06;2.430e-10;-5.000e-05;-4.867e-09;0.000e+00;4.001e-06;-4.182e-09;-3.561e-09;4.002e-06;-4.888e-09;-2.000e-06;1.000e+01;8.333e-01;7.540e-04
