time;BusPDR_BUS_Voltage;BusPDR_BUS_ActivePower;BusPDR_BUS_ReactivePower;BusPDR_BUS_ActiveCurrent;BusPDR_BUS_ReactiveCurrent;Wind_Turbine_GEN_UPuInjTerminal;Wind_Turbine_GEN_IpInjTerminal;Wind_Turbine_GEN_IqInjTerminal;Measurements_BUS_Voltage;Measurements_BUS_ActivePower;Measurements_BUS_ReactivePower;StepUp_Xfmr_XFMR_Tap;Wind_Turbine_GEN_ActivePowerSetpointPu;Wind_Turbine_GEN_ReactivePowerSetpointPu
0.000000000;1.000e+00;8.332e-01;0.000e+00;8.332e-01;0.000e+00;1.000e+00;8.332e-01;7.500e-04;1.000e+00;3.333e-02;0.000e+00;1.000e+01;8.333e-01;7.540e-04
29.999994000;1.000e+00;8.332e-01;0.000e+00;8.332e-01;0.000e+00;1.000e+00;8.332e-01;7.501e-04;1.000e+00;3.333e-02;0.000e+00;1.000e+01;8.333e-01;7.540e-04
29.999994000;4.004e-06;3.504e-09;-5.000e-05;-5.666e-11;0.000e+00;9.051e-04;5.390e-09;8.287e-01;3.995e-06;3.658e-09;-2.000e-06;1.000e+01;8.333e-01;7.540e-04
30.000102000;4.006e-06;-2.779e-10;-5.000e-05;3.256e-09;0.000e+00;8.951e-04;5.777e-09;8.379e-01;3.999e-06;3.387e-09;-2.000e-06;1.000e+01;8.333e-01;7.540e-04
30.006380000;3.999e-06;-4.373e-09;-5.000e-05;4.579e-09;0.000e+00;6.275e-04;-8.095e-10;5.578e-01;4.005e-06;-6.526e-09;-2.000e-06;1.000e+01;8.333e-01;7.540e-04
30.018885000;4.006e-06;1.834e-09;-5.000e-05;-7.563e-10;0.000e+00;9.441e-04;7.984e-10;8.739e-01;4.003e-06;1.598e-09;-2.000e-06;1.000e+01;8.333e-01;7.540e-04
30.022347000;4.002e-06;-3.808e-09;-5.000e-05;-5.072e-09;0.000e+00;1.967e-04;-1.305e-09;-3.994e-08;4.000e-06;-1.768e-09;-2.000e-06;1.000e+01;8.333e-01;7.540e-04
30.023080000;3.994e-06;4.092e-09;-5.000e-05;5.320e-09;0.000e+00;4.000e-06;1.704e-09;-1.330e-09;3.991e-06;-3.133e-09;-2.000e-06;1.000e+01;8.333e-01;7.540e-04
100.000000000;3.996e-06;3.118e-09;-5.000e-05;-5.415e-11;0.000e+00;4.002e-06;3.646e-09;4.369e-09;3.998e-06;-3.584e-09;-2.000e-06;1.000e+01;8.333e-01;7.540e-04
