time;BusPDR_BUS_Voltage;BusPDR_BUS_ActivePower;BusPDR_BUS_ReactivePower;BusPDR_BUS_ActiveCurrent;BusPDR_BUS_ReactiveCurrent;Measurements_BUS_Voltage;Measurements_BUS_ActivePower;Measurements_BUS_ReactivePower;StepUp_Xfmr_XFMR_Tap;Wind_Turbine_GEN_ActivePowerSetpointPu;Wind_Turbine_GEN_ReactivePowerSetpointPu
0.000000000;1.044e+00;8.332e-01;-0.000e+00;7.978e-01;-0.000e+00;1.044e+00;3.333e-02;-0.000e+00;1.000e+01;8.333e-01;6.920e-04
29.999994000;1.044e+00;8.332e-01;-0.000e+00;7.978e-01;-0.000e+00;1.044e+00;3.333e-02;-0.000e+00;1.000e+01;8.333e-01;6.920e-04
29.999994000;3.001e-06;-4.594e-09;-2.500e-05;2.631e-09;0.000e+00;2.997e-06;4.938e-10;-1.000e-06;1.000e+01;8.333e-01;6.920e-04
30.000001000;3.000e-06;-4.537e-09;-2.500e-05;3.455e-09;0.000e+00;2.997e-06;-3.831e-10;-1.000e-06;1.000e+01;8.333e-01;6.920e-04
30.149994000;2.996e-06;-6.698e-09;-2.500e-05;-5.865e-09;0.000e+00;3.006e-06;-1.083e-09;-1.000e-06;1.000e+01;8.333e-01;6.920e-04
30.149994000;1.039e+00;-6.588e-09;0.000e+00;-5.763e-09;0.000e+00;1.039e+00;-1.135e-09;0.000e+00;1.000e+01;8.333e-01;6.920e-04
100.000000000;1.039e+00;-1.957e-09;0.000e+00;-3.538e-09;0.000e+00;1.039e+00;-4.524e-10;0.000e+00;1.000e+01;8.333e-01;6.920e-04
