time;BusPDR_BUS_Voltage;BusPDR_BUS_ActivePower;BusPDR_BUS_ReactivePower;BusPDR_BUS_ActiveCurrent;BusPDR_BUS_ReactiveCurrent;Wind_Turbine_GEN_MagnitudeControlledByAVRPu;Wind_Turbine_GEN_VoltageInjTerminal;Wind_Turbine_GEN_ActiveCurrentInjTerminal;Wind_Turbine_GEN_ReactiveCurrentInjTerminal;Measurements_BUS_Voltage;Measurements_BUS_ActivePower;Measurements_BUS_ReactivePower;Main_Xfmr_XFMR_Tap;Wind_Turbine_GEN_ActivePowerSetpointPu;Wind_Turbine_GEN_ReactivePowerSetpointPu;Wind_Turbine_GEN_VoltageSetpointPu;Wind_Turbine_GEN_NetworkFrequencyPu;NetworkFrequencyPu
0.000000;1.038171;0.496822222;-0.0199255556;0.478555288;-0.0191929418;1.0321932;1.04529991;0.489358761;0.00558903927;1.038171;0.44714;-0.017933;10;0.5;1.044444;1.044444;1;1
0.002191;1.035785;0.495472222;-0.0274644444;0.478354313;-0.0265155843;1.0275458;1.0422987;0.489449161;-0.00163527447;1.035785;0.445925;-0.024718;10;0.5;1.044444;1.044444;1.000223;1.000223
0.002248;1.035744;0.495452222;-0.0275922222;0.478353939;-0.026640002;1.0274664;1.04224748;0.489454025;-0.00175795314;1.035744;0.445907;-0.024833;10;0.5;1.044444;1.044444;1.000235;1.000235
0.002306;1.035705;0.495433333;-0.0277166667;0.478353714;-0.0267611595;1.0273899;1.04219724;0.489458428;-0.0018763776;1.035705;0.44589;-0.024945;10;0.5;1.044444;1.044444;1.000247;1.000247
0.002363;1.035666;0.495415556;-0.0278377778;0.478354562;-0.0268791075;1.0273146;1.04214915;0.489462887;-0.00199267702;1.035666;0.445874;-0.025054;10;0.5;1.044444;1.044444;1.000259;1.000259
0.002421;1.035629;0.495397778;-0.0279544444;0.478354486;-0.0269927208;1.0272425;1.04210205;0.489467952;-0.0021047203;1.035629;0.445858;-0.025159;10;0.5;1.044444;1.044444;1.000271;1.000271
0.002479;1.035592;0.49538;-0.0280688889;0.47835441;-0.0271041963;1.0271713;1.04205593;0.489473621;-0.00221463908;1.035592;0.445842;-0.025262;10;0.5;1.044444;1.044444;1.000283;1.000283
0.002536;1.035557;0.495364444;-0.02818;0.478355556;-0.0272124084;1.027103;1.04201177;0.489478369;-0.00232029795;1.035557;0.445828;-0.025362;10;0.5;1.044444;1.044444;1.000296;1.000296
0.002594;1.035523;0.495348889;-0.0282866667;0.47835624;-0.0273163094;1.0270369;1.04196879;0.489483633;-0.00242276398;1.035523;0.445814;-0.025458;10;0.5;1.044444;1.044444;1.000309;1.000309
0.002651;1.03549;0.495334444;-0.0283911111;0.478357536;-0.0274180447;1.0269727;1.04192758;0.489488063;-0.00252310137;1.03549;0.445801;-0.025552;10;0.5;1.044444;1.044444;1.000322;1.000322
0.002709;1.035458;0.49532;-0.0284911111;0.478358369;-0.0275154677;1.0269107;1.04188754;0.489493011;-0.00261917798;1.035458;0.445788;-0.025642;10;0.5;1.044444;1.044444;1.000336;1.000336
0.002758;1.035431;0.495308889;-0.0285744444;0.478360112;-0.0275966669;1.0268585;1.04185358;0.489498301;-0.002699249;1.035431;0.445778;-0.025717;10;0.5;1.044444;1.044444;1.000348;1.000348
0.002822;1.035397;0.495294444;-0.02868;0.478361869;-0.0276995201;1.0267933;1.04181157;0.489504172;-0.00279961055;1.035397;0.445765;-0.025812;10;0.5;1.044444;1.044444;1.000363;1.000363
0.002886;1.035365;0.495281111;-0.02878;0.478363776;-0.0277969605;1.026731;1.04177172;0.489510099;-0.00289570797;1.035365;0.445753;-0.025902;10;0.5;1.044444;1.044444;1.000379;1.000379
0.002982;1.035319;0.495263333;-0.0289233333;0.478367859;-0.0279366392;1.0266421;1.04171381;0.489519178;-0.00303239609;1.035319;0.445737;-0.026031;10;0.5;1.044444;1.044444;1.000402;1.000402
0.003046;1.03529;0.495252222;-0.0290133333;0.478370526;-0.0280243539;1.0265858;1.04167789;0.489525393;-0.00311889973;1.03529;0.445727;-0.026112;10;0.5;1.044444;1.044444;1.000418;1.000418
0.003078;1.035276;0.495246667;-0.0290577778;0.478371629;-0.0280676629;1.0265586;1.04165983;0.489528545;-0.00316055407;1.035276;0.445722;-0.026152;10;0.5;1.044444;1.044444;1.000425;1.000425
0.003142;1.035249;0.495236667;-0.0291422222;0.478374446;-0.0281499641;1.0265064;1.04162606;0.489534816;-0.00324172636;1.035249;0.445713;-0.026228;10;0.5;1.044444;1.044444;1.00044;1.00044
0.003232;1.035213;0.495224444;-0.0292544444;0.478379275;-0.028259348;1.0264368;1.04158111;0.489544208;-0.00334960845;1.035213;0.445702;-0.026329;10;0.5;1.044444;1.044444;1.00046;1.00046
0.003296;1.035189;0.495216667;-0.02933;0.478382852;-0.0283329904;1.0263903;1.04155029;0.489551228;-0.00342118223;1.035189;0.445695;-0.026397;10;0.5;1.044444;1.044444;1.000473;1.000473
0.003360;1.035166;0.49521;-0.0294011111;0.478387041;-0.0284023153;1.0263457;1.0415226;0.489556776;-0.0034895493;1.035166;0.445689;-0.026461;10;0.5;1.044444;1.044444;1.000486;1.000486
0.003424;1.035144;0.495203333;-0.0294688889;0.478390768;-0.0284683956;1.0263036;1.04149472;0.489563479;-0.00355365327;1.035144;0.445683;-0.026522;10;0.5;1.044444;1.044444;1.000499;1.000499
0.003488;1.035124;0.495197778;-0.0295322222;0.478394644;-0.0285301299;1.0262644;1.04146899;0.489570237;-0.00361455259;1.035124;0.445678;-0.026579;10;0.5;1.044444;1.044444;1.000511;1.000511
0.003680;1.035069;0.495185556;-0.0297011111;0.478408256;-0.0286948127;1.0261587;1.04140084;0.489590538;-0.0037758969;1.035069;0.445667;-0.026731;10;0.5;1.044444;1.044444;1.000544;1.000544
0.003808;1.035039;0.495181111;-0.0297955556;0.478417829;-0.0287868917;1.0261005;1.04136352;0.489603818;-0.00386565832;1.035039;0.445663;-0.026816;10;0.5;1.044444;1.044444;1.000564;1.000564
0.003924;1.035015;0.495178889;-0.0298677778;0.478426775;-0.0288573381;1.0260546;1.04133405;0.489615539;-0.00393405618;1.035015;0.445661;-0.026881;10;0.5;1.044444;1.044444;1.00058;1.00058
0.004039;1.034995;0.495178889;-0.0299288889;0.47843602;-0.0289169406;1.0260163;1.0413087;0.489627458;-0.00399177175;1.034995;0.445661;-0.026936;10;0.5;1.044444;1.044444;1.000595;1.000595
0.004154;1.034979;0.495182222;-0.0299788889;0.478446637;-0.0289656977;1.0259853;1.04128845;0.489640181;-0.00403986682;1.034979;0.445664;-0.026981;10;0.5;1.044444;1.044444;1.000608;1.000608
0.004269;1.034966;0.495186667;-0.0300177778;0.478456941;-0.0290036366;1.0259606;1.04127311;0.489651663;-0.00407620671;1.034966;0.445668;-0.027016;10;0.5;1.044444;1.044444;1.00062;1.00062
0.005066;1.034967;0.495266667;-0.0300022222;0.478533776;-0.0289885786;1.0259661;1.04127617;0.489728119;-0.00405485339;1.034967;0.44574;-0.027002;10;0.5;1.044444;1.044444;1.000663;1.000663
0.010009;1.037286;0.496575556;-0.0226888889;0.478725786;-0.0218733203;1.0304793;1.04419438;0.489635316;0.00296453957;1.037286;0.446918;-0.02042;10;0.5;1.044444;1.044444;1.000481;1.000481
0.010265;1.037458;0.496643333;-0.0221488889;0.478711749;-0.0213491909;1.0308136;1.04441011;0.489600138;0.00347990164;1.037458;0.446979;-0.019934;10;0.5;1.044444;1.044444;1.000469;1.000469
0.010495;1.037614;0.496703333;-0.0216611111;0.478697602;-0.0208758856;1.0311157;1.04460465;0.489567461;0.00394407589;1.037614;0.447033;-0.019495;10;0.5;1.044444;1.044444;1.000458;1.000458
0.010725;1.03777;0.496761111;-0.0211722222;0.478681318;-0.0204016518;1.0314184;1.04479998;0.489532296;0.00440913739;1.03777;0.447085;-0.019055;10;0.5;1.044444;1.044444;1.000447;1.000447
0.010956;1.037925;0.496816667;-0.0206855556;0.478663359;-0.0199297209;1.0317195;1.04499532;0.489495017;0.00487296177;1.037925;0.447135;-0.018617;10;0.5;1.044444;1.044444;1.000436;1.000436
0.011186;1.03808;0.49687;-0.0201988889;0.478643264;-0.0194579309;1.0320203;1.04518929;0.489456262;0.00533449356;1.03808;0.447183;-0.018179;10;0.5;1.044444;1.044444;1.000426;1.000426
0.011417;1.038235;0.496921111;-0.0197166667;0.478621036;-0.0189905625;1.0323199;1.04538131;0.489416314;0.0057937392;1.038235;0.447229;-0.017745;10;0.5;1.044444;1.044444;1.000415;1.000415
0.011647;1.038388;0.49697;-0.0192377778;0.478597596;-0.0185265794;1.0326166;1.04557313;0.489374344;0.00624856657;1.038388;0.447273;-0.017314;10;0.5;1.044444;1.044444;1.000405;1.000405
0.011877;1.038539;0.497016667;-0.0187633333;0.478572944;-0.0180670474;1.0329098;1.04576281;0.48933127;0.0066989909;1.038539;0.447315;-0.016887;10;0.5;1.044444;1.044444;1.000394;1.000394
0.012108;1.038689;0.49706;-0.0182955556;0.478545551;-0.0176140843;1.0332005;1.04594935;0.489286492;0.00714289951;1.038689;0.447354;-0.016466;10;0.5;1.044444;1.044444;1.000384;1.000384
0.012338;1.038837;0.497101111;-0.0178333333;0.478516948;-0.0171666328;1.0334871;1.04613473;0.489240151;0.00758028561;1.038837;0.447391;-0.01605;10;0.5;1.044444;1.044444;1.000373;1.000373
0.012569;1.038982;0.497138889;-0.0173788889;0.478486527;-0.0167268431;1.0337683;1.04631598;0.489192566;0.00801117671;1.038982;0.447425;-0.015641;10;0.5;1.044444;1.044444;1.000363;1.000363
0.012799;1.039125;0.497174444;-0.0169322222;0.478454897;-0.0162946924;1.0340454;1.04649411;0.489144338;0.0084345116;1.039125;0.447457;-0.015239;10;0.5;1.044444;1.044444;1.000353;1.000353
0.013029;1.039265;0.497207778;-0.0164944444;0.478422518;-0.0158712594;1.0343165;1.04666928;0.489094319;0.00884817322;1.039265;0.447487;-0.014845;10;0.5;1.044444;1.044444;1.000342;1.000342
0.013260;1.039402;0.497237778;-0.0160666667;0.478388321;-0.0154576061;1.0345822;1.04684016;0.489044204;0.0092532433;1.039402;0.447514;-0.01446;10;0.5;1.044444;1.044444;1.000332;1.000332
0.013490;1.039536;0.497264444;-0.0156477778;0.478352308;-0.015052656;1.0348416;1.0470079;0.488992385;0.00964865905;1.039536;0.447538;-0.014083;10;0.5;1.044444;1.044444;1.000322;1.000322
0.013721;1.039667;0.497287778;-0.0152411111;0.478314477;-0.0146596084;1.0350947;1.04717054;0.48893978;0.0100333864;1.039667;0.447559;-0.013717;10;0.5;1.044444;1.044444;1.000312;1.000312
0.013951;1.039794;0.497308889;-0.0148444444;0.478276359;-0.0142763321;1.0353408;1.04732907;0.48888593;0.0104074262;1.039794;0.447578;-0.01336;10;0.5;1.044444;1.044444;1.000302;1.000302
0.014181;1.039918;0.497326667;-0.0144588889;0.478236425;-0.013903874;1.0355803;1.04748348;0.488831895;0.010769727;1.039918;0.447594;-0.013013;10;0.5;1.044444;1.044444;1.000292;1.000292
0.014412;1.040038;0.497341111;-0.0140866667;0.478195134;-0.0135443769;1.0358122;1.04763298;0.488775925;0.0111213673;1.040038;0.447607;-0.012678;10;0.5;1.044444;1.044444;1.000283;1.000283
0.014642;1.040154;0.497353333;-0.0137255556;0.478153555;-0.0131956956;1.0360362;1.04777719;0.488721376;0.0114613002;1.040154;0.447618;-0.012353;10;0.5;1.044444;1.044444;1.000273;1.000273
0.014873;1.040266;0.497362222;-0.0133777778;0.47811062;-0.0128599587;1.0362526;1.04791631;0.488664978;0.0117884732;1.040266;0.447626;-0.01204;10;0.5;1.044444;1.044444;1.000263;1.000263
0.015103;1.040374;0.497367778;-0.0130422222;0.478066328;-0.0125360901;1.0364611;1.04805033;0.488608851;0.0121028963;1.040374;0.447631;-0.011738;10;0.5;1.044444;1.044444;1.000254;1.000254
0.020209;1.041692;0.496856667;-0.00903333333;0.4769708;-0.0086717891;1.0389818;1.04967125;0.487363172;0.0158208264;1.041692;0.447171;-0.00813;10;0.5;1.044444;1.044444;1.000072;1.000072
0.025255;1.041477;0.495853333;-0.00985111111;0.476105889;-0.00945878892;1.0385217;1.04937389;0.486531387;0.0149771848;1.041477;0.446268;-0.008866;10;0.5;1.044444;1.044444;0.999968;0.999968
0.030375;1.040867;0.49535;-0.0118188889;0.47590134;-0.0113548502;1.0373213;1.04860161;0.48640123;0.0130946882;1.040867;0.445815;-0.010637;10;0.5;1.044444;1.044444;0.99995;0.99995
0.035444;1.040566;0.495708889;-0.0126966667;0.4763839;-0.0122016928;1.0367572;1.04823946;0.486915886;0.0122999885;1.040566;0.446138;-0.011427;10;0.5;1.044444;1.044444;0.999995;0.999995
0.040052;1.040599;0.496528889;-0.0124722222;0.4771568;-0.0119856181;1.0368574;1.04830408;0.487679745;0.0125726879;1.040599;0.446876;-0.011225;10;0.5;1.044444;1.044444;1.000054;1.000054
0.045121;1.04076;0.497512222;-0.0118266667;0.478027809;-0.0113634908;1.0372119;1.04853289;0.488523858;0.0132544986;1.04076;0.447761;-0.010644;10;0.5;1.044444;1.044444;1.000102;1.000102
0.050466;1.040884;0.498283333;-0.0113266667;0.478711685;-0.0108817761;1.0374859;1.04871029;0.489188168;0.0137841267;1.040884;0.448455;-0.010194;10;0.5;1.044444;1.044444;1.000118;1.000118
0.055443;1.040927;0.498685556;-0.0111311111;0.479078317;-0.0106934599;1.0375874;1.04877685;0.489545935;0.0139972578;1.040927;0.448817;-0.010018;10;0.5;1.044444;1.044444;1.000105;1.000105
0.060420;1.040947;0.498874444;-0.0110433333;0.479250571;-0.0106089295;1.0376341;1.04880625;0.489714429;0.0140953902;1.040947;0.448987;-0.009939;10;0.5;1.044444;1.044444;1.000081;1.000081
0.065396;1.040982;0.498972222;-0.0109211111;0.479328386;-0.0104911623;1.0377057;1.04885248;0.489788187;0.0142176545;1.040982;0.449075;-0.009829;10;0.5;1.044444;1.044444;1.000057;1.000057
0.070373;1.041039;0.499062222;-0.01073;0.479388594;-0.0103070106;1.03782;1.04892626;0.489840599;0.0144030885;1.041039;0.449156;-0.009657;10;0.5;1.044444;1.044444;1.000039;1.000039
0.075032;1.041101;0.499166667;-0.0105211111;0.479460366;-0.0101057545;1.0379444;1.04900607;0.489905012;0.014606419;1.041101;0.44925;-0.009469;10;0.5;1.044444;1.044444;1.00003;1.00003
0.080032;1.041165;0.499298889;-0.0103044444;0.479557888;-0.00989703308;1.0380738;1.04908893;0.489994472;0.0148202667;1.041165;0.449369;-0.009274;10;0.5;1.044444;1.044444;1.000025;1.000025
0.085032;1.041221;0.499438889;-0.01011;0.479666554;-0.00970975422;1.038188;1.04916254;0.490095655;0.0150130324;1.041221;0.449495;-0.009099;10;0.5;1.044444;1.044444;1.000024;1.000024
0.090032;1.041272;0.499572222;-0.00993111111;0.479771109;-0.00953748023;1.0382927;1.04923085;0.490192939;0.0151910219;1.041272;0.449615;-0.008938;10;0.5;1.044444;1.044444;1.000023;1.000023
0.095032;1.041322;0.499691111;-0.00975666667;0.479862243;-0.00936950018;1.0383949;1.04929706;0.49027637;0.0153637246;1.041322;0.449722;-0.008781;10;0.5;1.044444;1.044444;1.000021;1.000021
0.100032;1.041375;0.499788889;-0.00957888889;0.479931714;-0.00919830886;1.0385013;1.04936472;0.490340056;0.0155374429;1.041375;0.44981;-0.008621;10;0.5;1.044444;1.044444;1.000019;1.000019
0.105032;1.041429;0.499868889;-0.00939888889;0.479983646;-0.00902499248;1.0386093;1.04943499;0.490384513;0.0157132173;1.041429;0.449882;-0.008459;10;0.5;1.044444;1.044444;1.000016;1.000016
0.110942;1.041494;0.499943333;-0.00918555556;0.480025169;-0.00881959527;1.0387385;1.04951747;0.490417967;0.0159184265;1.041494;0.449949;-0.008267;10;0.5;1.044444;1.044444;1.000012;1.000012
0.115942;1.041549;0.499994444;-0.00900777778;0.480048893;-0.00864844359;1.0388466;1.04958764;0.490434935;0.0160888582;1.041549;0.449995;-0.008107;10;0.5;1.044444;1.044444;1.000009;1.000009
0.120942;1.041603;0.500037778;-0.00883333333;0.480065608;-0.00848051833;1.0389528;1.04965607;0.490445301;0.0162550598;1.041603;0.450034;-0.00795;10;0.5;1.044444;1.044444;1.000007;1.000007
0.125942;1.041656;0.500076667;-0.00866222222;0.480078516;-0.00831581849;1.0390574;1.04972334;0.490450919;0.0164180825;1.041656;0.450069;-0.007796;10;0.5;1.044444;1.044444;1.000005;1.000005
0.131942;1.04172;0.500117778;-0.00846;0.480088486;-0.0081211842;1.0391823;1.04980338;0.490453747;0.0166115763;1.04172;0.450106;-0.007614;10;0.5;1.044444;1.044444;1.000004;1.000004
0.135942;1.041762;0.500142222;-0.00832555556;0.480092595;-0.00799180192;1.0392642;1.04985595;0.490453527;0.0167377459;1.041762;0.450128;-0.007493;10;0.5;1.044444;1.044444;1.000003;1.000003
0.140942;1.041813;0.50017;-0.00816111111;0.480095756;-0.00783356621;1.0393647;1.0499213;0.4904484;0.016894388;1.041813;0.450153;-0.007345;10;0.5;1.044444;1.044444;1.000002;1.000002
0.145942;1.041865;0.500192222;-0.00799888889;0.480093124;-0.00767747154;1.0394653;1.04998529;0.490441792;0.0170478579;1.041865;0.450173;-0.007199;10;0.5;1.044444;1.044444;1.000001;1.000001
0.150942;1.041915;0.500212222;-0.00783777778;0.48008928;-0.00752247331;1.0395636;1.05004829;0.490431411;0.0172002671;1.041915;0.450191;-0.007054;10;0.5;1.044444;1.044444;1;1
0.155942;1.041966;0.500227778;-0.00768;0.480080711;-0.00737068196;1.039662;1.05011191;0.490416515;0.0173484156;1.041966;0.450205;-0.006912;10;0.5;1.044444;1.044444;1;1
0.160942;1.042015;0.500241111;-0.00752444444;0.480070931;-0.00722105195;1.0397578;1.05017337;0.490401568;0.017495524;1.042015;0.450217;-0.006772;10;0.5;1.044444;1.044444;0.999999;0.999999
0.165942;1.042064;0.500252222;-0.00737111111;0.48005902;-0.00707356852;1.0398527;1.05023464;0.490383536;0.0176405023;1.042064;0.450227;-0.006634;10;0.5;1.044444;1.044444;0.999999;0.999999
0.170942;1.042112;0.500261111;-0.00721888889;0.480045438;-0.00692717183;1.0399463;1.05029475;0.490363937;0.0177823099;1.042112;0.450235;-0.006497;10;0.5;1.044444;1.044444;0.999998;0.999998
0.175942;1.04216;0.500268889;-0.00707;0.480030791;-0.0067839871;1.040039;1.05035368;0.490343829;0.0179220055;1.04216;0.450242;-0.006363;10;0.5;1.044444;1.044444;0.999998;0.999998
0.180942;1.042207;0.500275556;-0.00692333333;0.48001554;-0.00664295417;1.0401301;1.0504128;0.490322577;0.0180606245;1.042207;0.450248;-0.006231;10;0.5;1.044444;1.044444;0.999997;0.999997
0.185942;1.042253;0.50028;-0.00677888889;0.479998618;-0.00650407232;1.0402193;1.05046958;0.490301362;0.0181960951;1.042253;0.450252;-0.006101;10;0.5;1.044444;1.044444;0.999997;0.999997
0.190942;1.042299;0.500283333;-0.00663666667;0.479980633;-0.00636733477;1.0403082;1.05052655;0.490277946;0.0183294325;1.042299;0.450255;-0.005973;10;0.5;1.044444;1.044444;0.999997;0.999997
0.195942;1.042344;0.500286667;-0.00649666667;0.479963109;-0.00623274722;1.0403952;1.05058333;0.490254621;0.0184606436;1.042344;0.450258;-0.005847;10;0.5;1.044444;1.044444;0.999997;0.999997
0.200942;1.042388;0.500287778;-0.00635777778;0.479943915;-0.00609924306;1.0404806;1.05063796;0.490231244;0.0185897634;1.042388;0.450259;-0.005722;10;0.5;1.044444;1.044444;0.999997;0.999997
0.205942;1.042432;0.50029;-0.00622222222;0.479925789;-0.00596894783;1.0405654;1.0506918;0.490207183;0.0187167689;1.042432;0.450261;-0.0056;10;0.5;1.044444;1.044444;0.999996;0.999996
0.212942;1.042492;0.50029;-0.00603555556;0.479898167;-0.00578954616;1.0406812;1.05076687;0.490173219;0.0188909649;1.042492;0.450261;-0.005432;10;0.5;1.044444;1.044444;0.999996;0.999996
0.215942;1.042517;0.50029;-0.00595777778;0.479886659;-0.00571480156;1.0407299;1.05079811;0.490158644;0.018964421;1.042517;0.450261;-0.005362;10;0.5;1.044444;1.044444;0.999996;0.999996
0.220942;1.042559;0.50029;-0.00582777778;0.479867326;-0.00558987815;1.0408106;1.0508498;0.490134537;0.019085083;1.042559;0.450261;-0.005245;10;0.5;1.044444;1.044444;0.999996;0.999996
0.226942;1.042608;0.500288889;-0.00567555556;0.479843708;-0.00544361405;1.0409055;1.05091013;0.490105339;0.019227778;1.042608;0.45026;-0.005108;10;0.5;1.044444;1.044444;0.999996;0.999996
0.230942;1.04264;0.500287778;-0.00557555556;0.479827915;-0.0053475366;1.0409675;1.05095003;0.490085676;0.0193211428;1.04264;0.450259;-0.005018;10;0.5;1.044444;1.044444;0.999996;0.999996
0.235942;1.04268;0.500286667;-0.00545222222;0.479808442;-0.00522904652;1.0410444;1.05099975;0.490061434;0.0194354629;1.04268;0.450258;-0.004907;10;0.5;1.044444;1.044444;0.999996;0.999996
0.240942;1.042719;0.500285556;-0.00533111111;0.479789431;-0.00511270161;1.0411197;1.0510483;0.49003774;0.0195487369;1.042719;0.450257;-0.004798;10;0.5;1.044444;1.044444;0.999996;0.999996
0.245942;1.042757;0.500283333;-0.00521222222;0.479769815;-0.0049985013;1.0411934;1.05109605;0.490013362;0.0196599011;1.042757;0.450255;-0.004691;10;0.5;1.044444;1.044444;0.999996;0.999996
0.250942;1.042795;0.500281111;-0.00509555556;0.479750201;-0.00488644034;1.0412665;1.05114264;0.489990588;0.019768963;1.042795;0.450253;-0.004586;10;0.5;1.044444;1.044444;0.999996;0.999996
0.255942;1.042832;0.500278889;-0.00498;0.479731049;-0.0047754576;1.041338;1.05118843;0.489967129;0.0198759164;1.042832;0.450251;-0.004482;10;0.5;1.044444;1.044444;0.999996;0.999996
0.260942;1.042869;0.500276667;-0.00486666667;0.479711897;-0.00466661361;1.0414089;1.05123403;0.48994376;0.019981807;1.042869;0.450249;-0.00438;10;0.5;1.044444;1.044444;0.999996;0.999996
0.265942;1.042904;0.500274444;-0.00475555556;0.479693667;-0.00455991688;1.0414772;1.05127786;0.489921221;0.0200856085;1.042904;0.450247;-0.00428;10;0.5;1.044444;1.044444;0.999996;0.999996
0.270942;1.04294;0.500272222;-0.00464666667;0.479674979;-0.00445535378;1.0415459;1.0513215;0.489898771;0.0201872912;1.04294;0.450245;-0.004182;10;0.5;1.044444;1.044444;0.999996;0.999996
0.275942;1.042974;0.50027;-0.00453888889;0.479657211;-0.00435187156;1.0416123;1.05136416;0.489876781;0.0202868708;1.042974;0.450243;-0.004085;10;0.5;1.044444;1.044444;0.999996;0.999996
0.280942;1.043008;0.500267778;-0.00443444444;0.479639445;-0.00425159198;1.0416778;1.051407;0.489854704;0.0203853819;1.043008;0.450241;-0.003991;10;0.5;1.044444;1.044444;0.999996;0.999996
0.285942;1.043042;0.500265556;-0.00433;0.479621679;-0.00415131893;1.041743;1.0514477;0.489833633;0.0204818134;1.043042;0.450239;-0.003897;10;0.5;1.044444;1.044444;0.999996;0.999996
0.290942;1.043074;0.500262222;-0.00422888889;0.479603769;-0.00405425587;1.0418053;1.05148858;0.489812475;0.0205761204;1.043074;0.450236;-0.003806;10;0.5;1.044444;1.044444;0.999996;0.999996
0.295942;1.043107;0.50026;-0.00412888889;0.479586466;-0.00395826017;1.0418683;1.05152829;0.489791864;0.0206693864;1.043107;0.450234;-0.003716;10;0.5;1.044444;1.044444;0.999996;0.999996
0.300942;1.043138;0.500257778;-0.00403;0.479570084;-0.00386334311;1.0419287;1.05156819;0.489770111;0.0207605283;1.043138;0.450232;-0.003627;10;0.5;1.044444;1.044444;0.999997;0.999997
0.305942;1.043169;0.500255556;-0.00393444444;0.479553702;-0.00377162708;1.0419888;1.05160593;0.489750418;0.0208506495;1.043169;0.45023;-0.003541;10;0.5;1.044444;1.044444;0.999997;0.999997
0.310942;1.0432;0.500252222;-0.00384;0.479536256;-0.0036809816;1.042048;1.05164387;0.489730639;0.0209386473;1.0432;0.450227;-0.003456;10;0.5;1.044444;1.044444;0.999997;0.999997
0.315942;1.04323;0.50025;-0.00374666667;0.479520336;-0.00359141001;1.0421059;1.05168161;0.489710948;0.021025586;1.04323;0.450225;-0.003372;10;0.5;1.044444;1.044444;0.999997;0.999997
0.320942;1.043259;0.500247778;-0.00365555556;0.479504876;-0.00350397701;1.0421622;1.05171758;0.48969103;0.0211104412;1.043259;0.450223;-0.00329;10;0.5;1.044444;1.044444;0.999997;0.999997
0.325942;1.043288;0.500244444;-0.00356555556;0.479488353;-0.00341761389;1.0422182;1.05175355;0.48967217;0.0211931778;1.043288;0.45022;-0.003209;10;0.5;1.044444;1.044444;0.999997;0.999997
0.330942;1.043317;0.500242222;-0.00347777778;0.479472895;-0.00333338552;1.0422736;1.05178835;0.489653856;0.0212748759;1.043317;0.450218;-0.00313;10;0.5;1.044444;1.044444;0.999997;0.999997
0.335942;1.043344;0.50024;-0.00339222222;0.479458357;-0.00325129796;1.0423264;1.05182334;0.489635455;0.0213555084;1.043344;0.450216;-0.003053;10;0.5;1.044444;1.044444;0.999997;0.999997
0.340942;1.043372;0.500236667;-0.00330777778;0.479442295;-0.00317027654;1.0423796;1.05185735;0.489616457;0.021434043;1.043372;0.450213;-0.002977;10;0.5;1.044444;1.044444;0.999997;0.999997
0.345942;1.043398;0.500234444;-0.00322444444;0.479428219;-0.00309033029;1.0424305;1.05189018;0.48959906;0.0215115401;1.043398;0.450211;-0.002902;10;0.5;1.044444;1.044444;0.999997;0.999997
0.350942;1.043425;0.500232222;-0.00314333333;0.479413683;-0.00301251487;1.0424821;1.05192222;0.489582035;0.0215869361;1.043425;0.450209;-0.002829;10;0.5;1.044444;1.044444;0.999997;0.999997
0.355942;1.04345;0.500228889;-0.00306333333;0.479399002;-0.00293577395;1.0425311;1.05195426;0.489565011;0.0216612713;1.04345;0.450206;-0.002757;10;0.5;1.044444;1.044444;0.999997;0.999997
0.360942;1.043476;0.500226667;-0.00298555556;0.479384928;-0.00286116361;1.0425805;1.05198532;0.489547388;0.0217335098;1.043476;0.450204;-0.002687;10;0.5;1.044444;1.044444;0.999997;0.999997
0.365942;1.0435;0.500224444;-0.00290888889;0.479371772;-0.00278762711;1.0426276;1.05201638;0.489530823;0.0218057441;1.0435;0.450202;-0.002618;10;0.5;1.044444;1.044444;0.999997;0.999997
0.370942;1.043525;0.500222222;-0.00283333333;0.479358158;-0.00271515616;1.0426751;1.05204627;0.489514803;0.0218758862;1.043525;0.4502;-0.00255;10;0.5;1.044444;1.044444;0.999997;0.999997
0.375942;1.043549;0.500218889;-0.00275888889;0.47934394;-0.00264375596;1.0427213;1.05207635;0.489498696;0.0219439081;1.043549;0.450197;-0.002483;10;0.5;1.044444;1.044444;0.999997;0.999997
0.380942;1.043572;0.500216667;-0.00268666667;0.479331246;-0.00257449095;1.0427659;1.05210446;0.489482449;0.0220109112;1.043572;0.450195;-0.002418;10;0.5;1.044444;1.044444;0.999997;0.999997
0.385942;1.043595;0.500214444;-0.00261666667;0.479318552;-0.00250735838;1.0428102;1.05213355;0.489466801;0.022076834;1.043595;0.450193;-0.002355;10;0.5;1.044444;1.044444;0.999997;0.999997
0.390942;1.043617;0.500211111;-0.00254666667;0.479305254;-0.00244023111;1.0428529;1.05216068;0.489452068;0.0221417385;1.043617;0.45019;-0.002292;10;0.5;1.044444;1.044444;0.999997;0.999997
0.395942;1.043639;0.500208889;-0.00247888889;0.479293021;-0.00237523597;1.0428953;1.05218781;0.489437336;0.0222045276;1.043639;0.450188;-0.002231;10;0.5;1.044444;1.044444;0.999997;0.999997
0.400942;1.043661;0.500206667;-0.00241222222;0.479280788;-0.0023113082;1.0429374;1.05221494;0.489421548;0.0222673135;1.043661;0.450186;-0.002171;10;0.5;1.044444;1.044444;0.999997;0.999997
0.405942;1.043682;0.500203333;-0.00234666667;0.479267951;-0.00224844988;1.0429779;1.05224109;0.489407274;0.0223280051;1.043682;0.450183;-0.002112;10;0.5;1.044444;1.044444;0.999998;0.999998
0.410942;1.043703;0.500201111;-0.00228222222;0.479256178;-0.00218665868;1.0430184;1.05226626;0.489393458;0.0223876587;1.043703;0.450181;-0.002054;10;0.5;1.044444;1.044444;0.999998;0.999998
0.415942;1.043723;0.500198889;-0.00222;0.479244866;-0.00212700113;1.043057;1.05229142;0.489379643;0.0224451976;1.043723;0.450179;-0.001998;10;0.5;1.044444;1.044444;0.999998;0.999998
0.420942;1.043743;0.500195556;-0.00215888889;0.479232489;-0.00206841041;1.0430956;1.05231659;0.489364772;0.0225027338;1.043743;0.450176;-0.001943;10;0.5;1.044444;1.044444;0.999998;0.999998
0.425942;1.043762;0.500193333;-0.00209777778;0.479221636;-0.00200982387;1.0431326;1.05233979;0.489351871;0.0225581976;1.043762;0.450174;-0.001888;10;0.5;1.044444;1.044444;0.999998;0.999998
0.430942;1.043781;0.500191111;-0.00203888889;0.479210784;-0.00195336846;1.0431693;1.05236397;0.489338514;0.0226136379;1.043781;0.450172;-0.001835;10;0.5;1.044444;1.044444;0.999998;0.999998
0.435942;1.0438;0.500188889;-0.00198222222;0.479199932;-0.00189904409;1.0432054;1.05238619;0.489326071;0.0226670063;1.0438;0.45017;-0.001784;10;0.5;1.044444;1.044444;0.999998;0.999998
0.440942;1.043818;0.500185556;-0.00192555556;0.479188475;-0.00184472346;1.0432405;1.05240958;0.489312029;0.0227192915;1.043818;0.450167;-0.001733;10;0.5;1.044444;1.044444;0.999998;0.999998
0.445942;1.043836;0.500183333;-0.00187;0.479178083;-0.00179146916;1.043275;1.0524318;0.489299587;0.0227705439;1.043836;0.450165;-0.001683;10;0.5;1.044444;1.044444;0.999998;0.999998
0.450942;1.043853;0.500181111;-0.00181555556;0.47916815;-0.00173928279;1.0433082;1.05245303;0.489287603;0.0228207597;1.043853;0.450163;-0.001634;10;0.5;1.044444;1.044444;0.999998;0.999998
0.455942;1.04387;0.500178889;-0.00176333333;0.479158218;-0.00168922695;1.0433411;1.05247427;0.489275619;0.0228699177;1.04387;0.450161;-0.001587;10;0.5;1.044444;1.044444;0.999998;0.999998
0.460942;1.043887;0.500175556;-0.00171111111;0.479147221;-0.00163917274;1.0433737;1.05249453;0.489264092;0.0229180395;1.043887;0.450158;-0.00154;10;0.5;1.044444;1.044444;0.999998;0.999998
0.465942;1.043903;0.500173333;-0.00166111111;0.479137749;-0.00159125044;1.0434047;1.05251497;0.489251422;0.0229650997;1.043903;0.450156;-0.001495;10;0.5;1.044444;1.044444;0.999998;0.999998
0.470942;1.043919;0.500171111;-0.00161111111;0.479128276;-0.00154332962;1.0434357;1.05253522;0.489239896;0.0230111064;1.043919;0.450154;-0.00145;10;0.5;1.044444;1.044444;0.999998;0.999998
0.475942;1.043935;0.500168889;-0.00156333333;0.479118804;-0.00149753896;1.0434661;1.05255449;0.489228827;0.0230560773;1.043935;0.450152;-0.001407;10;0.5;1.044444;1.044444;0.999998;0.999998
0.480942;1.04395;0.500166667;-0.00151555556;0.479109791;-0.00145175109;1.0434952;1.05257297;0.489218128;0.0231000084;1.04395;0.45015;-0.001364;10;0.5;1.044444;1.044444;0.999998;0.999998
0.485942;1.043965;0.500164444;-0.00146888889;0.479100779;-0.00140702886;1.0435243;1.05259126;0.489207516;0.0231428864;1.043965;0.450148;-0.001322;10;0.5;1.044444;1.044444;0.999998;0.999998
0.490942;1.04398;0.500162222;-0.00142444444;0.479091766;-0.00136443653;1.0435528;1.05260955;0.489196904;0.0231847074;1.04398;0.450146;-0.001282;10;0.5;1.044444;1.044444;0.999998;0.999998
0.495942;1.043994;0.500158889;-0.00138;0.479082149;-0.00132184668;1.04358;1.05262704;0.489186663;0.0232254889;1.043994;0.450143;-0.001242;10;0.5;1.044444;1.044444;0.999998;0.999998
0.500942;1.044008;0.500156667;-0.00133666667;0.479073596;-0.00128032225;1.0436069;1.05264435;0.489176508;0.0232652177;1.044008;0.450141;-0.001203;10;0.5;1.044444;1.044444;0.999998;0.999998
0.505942;1.044022;0.500154444;-0.00129444444;0.479065043;-0.00123986319;1.0436338;1.05266185;0.489166268;0.023304941;1.044022;0.450139;-0.001165;10;0.5;1.044444;1.044444;0.999998;0.999998
0.510942;1.044035;0.500152222;-0.00125333333;0.479056949;-0.00120047061;1.0436591;1.05267817;0.48915657;0.0233425779;1.044035;0.450137;-0.001128;10;0.5;1.044444;1.044444;0.999998;0.999998
0.515942;1.044048;0.50015;-0.00121333333;0.479048856;-0.00116214325;1.0436841;1.0526937;0.489147243;0.0233802313;1.044048;0.450135;-0.001092;10;0.5;1.044444;1.044444;0.999998;0.999998
0.520942;1.044061;0.500147778;-0.00117333333;0.479040763;-0.00112381684;1.0437091;1.05271003;0.489137546;0.0234168104;1.044061;0.450133;-0.001056;10;0.5;1.044444;1.044444;0.999998;0.999998
0.525942;1.044073;0.500145556;-0.00113555556;0.479033128;-0.00108762084;1.0437325;1.05272556;0.48912822;0.0234523506;1.044073;0.450131;-0.001022;10;0.5;1.044444;1.044444;0.999998;0.999998
0.530942;1.044086;0.500144444;-0.00109777778;0.4790261;-0.00105142467;1.0437566;1.05273992;0.489119436;0.0234868604;1.044086;0.45013;-0.000988;10;0.5;1.044444;1.044444;0.999998;0.999998
0.535942;1.044097;0.500142222;-0.00106111111;0.479018925;-0.00101629553;1.0437787;1.05275447;0.489110566;0.0235213652;1.044097;0.450128;-0.000955;10;0.5;1.044444;1.044444;0.999998;0.999998
0.540942;1.044109;0.50014;-0.00102555556;0.479011291;-0.000982230357;1.0438015;1.05276901;0.489101697;0.0235548135;1.044109;0.450126;-0.000923;10;0.5;1.044444;1.044444;0.999998;0.999998
0.545942;1.04412;0.500137778;-0.00099;0.479004116;-0.000948166877;1.043823;1.05278337;0.48909397;0.0235872097;1.04412;0.450124;-0.000891;10;0.5;1.044444;1.044444;0.999999;0.999999
0.550942;1.044131;0.500135556;-0.000956666667;0.478996942;-0.000916232414;1.0438442;1.05279694;0.489085557;0.0236185675;1.044131;0.450122;-0.000861;10;0.5;1.044444;1.044444;0.999999;0.999999
0.555942;1.044142;0.500134444;-0.000923333333;0.478990831;-0.000884298623;1.0438651;1.05281051;0.489077144;0.023648869;1.044142;0.450121;-0.000831;10;0.5;1.044444;1.044444;0.999999;0.999999
0.560942;1.044153;0.500132222;-0.00089;0.478983657;-0.000852365506;1.0438857;1.05282309;0.489069188;0.0236791919;1.044153;0.450119;-0.000801;10;0.5;1.044444;1.044444;0.999999;0.999999
0.565942;1.044163;0.50013;-0.000858888889;0.478976941;-0.00082256208;1.0439053;1.05283549;0.489062374;0.023708463;1.044163;0.450117;-0.000773;10;0.5;1.044444;1.044444;0.999999;0.999999
0.570942;1.044173;0.500128889;-0.000827777778;0.47897129;-0.000792759225;1.0439246;1.05284807;0.489054418;0.0237366737;1.044173;0.450116;-0.000745;10;0.5;1.044444;1.044444;0.999999;0.999999
0.575942;1.044182;0.500126667;-0.000797777778;0.478965034;-0.000764021768;1.0439426;1.05285967;0.489047974;0.023764906;1.044182;0.450114;-0.000718;10;0.5;1.044444;1.044444;0.999999;0.999999
0.580942;1.044192;0.500124444;-0.000768888889;0.478958318;-0.00073634819;1.0439613;1.05287127;0.489040475;0.0237920824;1.044192;0.450112;-0.000692;10;0.5;1.044444;1.044444;0.999999;0.999999
0.585942;1.044201;0.500123333;-0.00074;0.478953126;-0.00070867582;1.043979;1.05288287;0.489034032;0.0238182028;1.044201;0.450111;-0.000666;10;0.5;1.044444;1.044444;0.999999;0.999999
0.590942;1.04421;0.500121111;-0.000712222222;0.47894687;-0.000682067996;1.0439964;1.05289447;0.489026533;0.0238443227;1.04421;0.450109;-0.000641;10;0.5;1.044444;1.044444;0.999999;0.999999
0.595942;1.044219;0.50012;-0.000685555556;0.478941678;-0.00065652469;1.0440135;1.05290509;0.489020546;0.023869409;1.044219;0.450108;-0.000617;10;0.5;1.044444;1.044444;0.999999;0.999999
0.600942;1.044227;0.500118889;-0.000658888889;0.478936945;-0.000630982429;1.0440293;1.05291571;0.489013503;0.0238934395;1.044227;0.450107;-0.000593;10;0.5;1.044444;1.044444;0.999999;0.999999
0.605942;1.044236;0.500116667;-0.000633333333;0.478930689;-0.000606504021;1.0440461;1.05292633;0.489007516;0.0239174695;1.044236;0.450105;-0.00057;10;0.5;1.044444;1.044444;0.999999;0.999999
0.610942;1.044244;0.500115556;-0.000607777778;0.478925956;-0.000582026593;1.0440616;1.05293596;0.489000931;0.0239404661;1.044244;0.450104;-0.000547;10;0.5;1.044444;1.044444;0.999999;0.999999
0.615942;1.044252;0.500113333;-0.000583333333;0.478920158;-0.000558613566;1.0440768;1.0529456;0.4889954;0.0239634623;1.044252;0.450102;-0.000525;10;0.5;1.044444;1.044444;0.999999;0.999999
0.621942;1.044261;0.500112222;-0.000555555556;0.478914967;-0.000532008335;1.0440945;1.0529572;0.488988957;0.023989579;1.044261;0.450101;-0.0005;10;0.5;1.044444;1.044444;0.999999;0.999999
0.625942;1.044267;0.500111111;-0.000536666667;0.478911151;-0.000513917098;1.0441059;1.05296389;0.488984796;0.0240073654;1.044267;0.4501;-0.000483;10;0.5;1.044444;1.044444;0.999999;0.999999
0.630942;1.044274;0.50011;-0.000514444444;0.478906877;-0.000492633585;1.0441195;1.05297353;0.48897821;0.0240271947;1.044274;0.450099;-0.000463;10;0.5;1.044444;1.044444;0.999999;0.999999
0.635942;1.044281;0.500107778;-0.000492222222;0.478901539;-0.000471350357;1.0441331;1.05298218;0.488973136;0.0240481013;1.044281;0.450097;-0.000443;10;0.5;1.044444;1.044444;0.999999;0.999999
0.640942;1.044288;0.500106667;-0.000471111111;0.478897265;-0.000451131404;1.0441467;1.05299084;0.488968062;0.0240679524;1.044288;0.450096;-0.000424;10;0.5;1.044444;1.044444;0.999999;0.999999
0.645942;1.044295;0.500105556;-0.000451111111;0.478892991;-0.000431976703;1.0441597;1.05299851;0.488963445;0.0240867704;1.044295;0.450095;-0.000406;10;0.5;1.044444;1.044444;0.999999;0.999999
0.650942;1.044301;0.500104444;-0.000431111111;0.478889175;-0.000412822655;1.0441717;1.05300735;0.488957229;0.0241055614;1.044301;0.450094;-0.000388;10;0.5;1.044444;1.044444;0.999999;0.999999
0.655942;1.044308;0.500103333;-0.000411111111;0.478884901;-0.000393668449;1.0441847;1.05301502;0.488952612;0.0241233237;1.044308;0.450093;-0.00037;10;0.5;1.044444;1.044444;0.999999;0.999999
0.660942;1.044314;0.500102222;-0.000392222222;0.478881086;-0.000375578822;1.0441964;1.05302171;0.48894845;0.0241411083;1.044314;0.450092;-0.000353;10;0.5;1.044444;1.044444;0.999999;0.999999
0.665942;1.04432;0.5001;-0.000374444444;0.478876207;-0.00035855336;1.0442078;1.05302938;0.488943833;0.0241578149;1.04432;0.45009;-0.000337;10;0.5;1.044444;1.044444;0.999999;0.999999
0.670942;1.044326;0.500098889;-0.000355555556;0.478872391;-0.000340464142;1.0442192;1.05303705;0.488939216;0.0241745213;1.044326;0.450089;-0.00032;10;0.5;1.044444;1.044444;0.999999;0.999999
0.677942;1.044333;0.500097778;-0.000332222222;0.478868118;-0.00031811905;1.0442334;1.05304669;0.488933686;0.024196458;1.044333;0.450088;-0.000299;10;0.5;1.044444;1.044444;0.999999;0.999999
0.680942;1.044337;0.500096667;-0.000322222222;0.478865219;-0.000308542379;1.0442404;1.05305062;0.488930807;0.0242058639;1.044337;0.450087;-0.00029;10;0.5;1.044444;1.044444;0.999999;0.999999
0.687942;1.044344;0.500095556;-0.000298888889;0.478860946;-0.000286197736;1.0442543;1.05305927;0.488925734;0.0242267675;1.044344;0.450086;-0.000269;10;0.5;1.044444;1.044444;0.999999;0.999999
0.691942;1.044348;0.500094444;-0.000286666667;0.478858048;-0.000274493432;1.0442622;1.05306419;0.488922398;0.024239316;1.044348;0.450085;-0.000258;10;0.5;1.044444;1.044444;0.999999;0.999999
0.695942;1.044352;0.500093333;-0.000274444444;0.47885515;-0.000262789217;1.0442698;1.05306989;0.488918693;0.0242507909;1.044352;0.450084;-0.000247;10;0.5;1.044444;1.044444;0.999999;0.999999
0.700942;1.044357;0.500092222;-0.000258888889;0.478851793;-0.000247893095;1.0442793;1.0530756;0.488914988;0.0242643759;1.044357;0.450083;-0.000233;10;0.5;1.044444;1.044444;0.999999;0.999999
0.705942;1.044362;0.500091111;-0.000244444444;0.478848437;-0.000234061029;1.0442885;1.05308149;0.488911197;0.0242779565;1.044362;0.450082;-0.00022;10;0.5;1.044444;1.044444;0.999999;0.999999
0.710942;1.044366;0.50009;-0.000231111111;0.478845539;-0.000221293216;1.0442967;1.0530872;0.488907492;0.0242904861;1.044366;0.450081;-0.000208;10;0.5;1.044444;1.044444;0.999999;0.999999
0.715942;1.04437;0.500088889;-0.000217777778;0.478842641;-0.000208525501;1.0443049;1.05309193;0.488904244;0.0243030382;1.04437;0.45008;-0.000196;10;0.5;1.044444;1.044444;0.999999;0.999999
0.720942;1.044375;0.500087778;-0.000204444444;0.478839285;-0.000195757697;1.0443138;1.05309782;0.488900452;0.0243155633;1.044375;0.450079;-0.000184;10;0.5;1.044444;1.044444;0.999999;0.999999
0.725942;1.044379;0.500087778;-0.000191111111;0.478837451;-0.000182990189;1.0443217;1.05310254;0.488897204;0.0243270601;1.044379;0.450079;-0.000172;10;0.5;1.044444;1.044444;0.999999;0.999999
0.730942;1.044383;0.500086667;-0.000178888889;0.478834553;-0.000171286673;1.0443293;1.05310746;0.488893868;0.0243385525;1.044383;0.450078;-0.000161;10;0.5;1.044444;1.044444;0.999999;0.999999
0.735942;1.044387;0.500085556;-0.000166666667;0.478831655;-0.000159583245;1.0443369;1.05311218;0.488891675;0.0243489941;1.044387;0.450077;-0.00015;10;0.5;1.044444;1.044444;0.999999;0.999999
0.740942;1.04439;0.500084444;-0.000155555556;0.478829216;-0.000148943934;1.0443432;1.05311709;0.48888834;0.0243604863;1.04439;0.450076;-0.00014;10;0.5;1.044444;1.044444;0.999999;0.999999
0.745942;1.044394;0.500083333;-0.000144444444;0.478826318;-0.000138304552;1.0443505;1.05312182;0.488885091;0.0243698725;1.044394;0.450075;-0.00013;10;0.5;1.044444;1.044444;0.999999;0.999999
0.750942;1.044398;0.500082222;-0.000133333333;0.47882342;-0.000127665251;1.0443578;1.05312556;0.488882299;0.0243803365;1.044398;0.450074;-0.00012;10;0.5;1.044444;1.044444;0.999999;0.999999
0.756942;1.044402;0.500081111;-0.000121111111;0.478820522;-0.000115962159;1.0443657;1.05313047;0.488878964;0.0243918284;1.044402;0.450073;-0.000109;10;0.5;1.044444;1.044444;0.999999;0.999999
0.760942;1.044404;0.50008;-0.000113333333;0.478818541;-0.00010851484;1.0443701;1.05313421;0.488876171;0.0243991271;1.044404;0.450072;-0.000102;10;0.5;1.044444;1.044444;0.999999;0.999999
0.765942;1.044407;0.50008;-0.000103333333;0.478817166;-9.89397173e-05;1.0443758;1.05313814;0.488873292;0.0244085315;1.044407;0.450072;-9.3e-05;10;0.5;1.044444;1.044444;1;1
0.770942;1.04441;0.500078889;-9.44444444e-05;0.478814727;-9.04285141e-05;1.0443818;1.0531409;0.488872011;0.0244169079;1.04441;0.450071;-8.5e-05;10;0.5;1.044444;1.044444;1;1
0.775942;1.044413;0.500077778;-8.55555556e-05;0.478812288;-8.19173599e-05;1.0443875;1.05314483;0.488869132;0.0244252571;1.044413;0.45007;-7.7e-05;10;0.5;1.044444;1.044444;1;1
0.781740;1.044417;0.500076667;-7.55555556e-05;0.47880939;-7.23423264e-05;1.0443945;1.05314857;0.48886634;0.0244346657;1.044417;0.450069;-6.8e-05;10;0.5;1.044444;1.044444;1;1
0.785740;1.044419;0.500075556;-6.88888889e-05;0.478807409;-6.59590537e-05;1.0443983;1.05315152;0.488863917;0.0244409275;1.044419;0.450068;-6.2e-05;10;0.5;1.044444;1.044444;1;1
0.790740;1.044421;0.500075556;-6e-05;0.478806492;-5.7448098e-05;1.044403;1.05315526;0.488861125;0.0244482259;1.044421;0.450068;-5.4e-05;10;0.5;1.044444;1.044444;1;1
0.796740;1.044424;0.500074444;-5.11111111e-05;0.478804053;-4.89371281e-05;1.0444087;1.05315919;0.488859301;0.0244565749;1.044424;0.450067;-4.6e-05;10;0.5;1.044444;1.044444;1;1
0.801740;1.044427;0.500073333;-4.33333333e-05;0.478801614;-4.14900547e-05;1.0444138;1.05316195;0.488856964;0.0244628409;1.044427;0.450066;-3.9e-05;10;0.5;1.044444;1.044444;1;1
0.805740;1.044429;0.500072222;-3.77777778e-05;0.478799633;-3.61707476e-05;1.0444176;1.05316392;0.488854997;0.0244680704;1.044429;0.450065;-3.4e-05;10;0.5;1.044444;1.044444;1;1
0.810740;1.044431;0.500072222;-3.11111111e-05;0.478798716;-2.97876175e-05;1.0444217;1.05316687;0.488852574;0.0244753871;1.044431;0.450065;-2.8e-05;10;0.5;1.044444;1.044444;1;1
0.815740;1.044433;0.500071111;-2.44444444e-05;0.478796736;-2.34045118e-05;1.0444255;1.05316963;0.488851293;0.024480598;1.044433;0.450064;-2.2e-05;10;0.5;1.044444;1.044444;1;1
0.820740;1.044435;0.50007;-1.77777778e-05;0.478794755;-1.70214305e-05;1.0444296;1.05317159;0.488849326;0.0244868824;1.044435;0.450063;-1.6e-05;10;0.5;1.044444;1.044444;1;1
0.825740;1.044437;0.500068889;-1.22222222e-05;0.478792774;-1.17022111e-05;1.0444334;1.05317435;0.48884699;0.0244920933;1.044437;0.450062;-1.1e-05;10;0.5;1.044444;1.044444;1;1
0.830740;1.044439;0.500068889;-6.66666667e-06;0.478791858;-6.383012e-06;1.0444372;1.0531773;0.488844567;0.0244983548;1.044439;0.450062;-6e-06;10;0.5;1.044444;1.044444;1;1
0.835740;1.044441;0.500067778;-1.11111111e-06;0.478789877;-1.0638333e-06;1.0444407;1.05317926;0.488843655;0.0245025291;1.044441;0.450061;-1e-06;10;0.5;1.044444;1.044444;1;1
0.840740;1.044443;0.500066667;4.44444444e-06;0.478787896;4.25532503e-06;1.0444445;1.05318104;0.488841775;0.0245077628;1.044443;0.45006;4e-06;10;0.5;1.044444;1.044444;1;1
0.845740;1.044444;0.500065556;1e-05;0.478786374;9.57447216e-06;1.044447;1.053183;0.488839808;0.0245129921;1.044444;0.450059;9e-06;10;0.5;1.044444;1.044444;1;1
0.850740;1.044446;0.500065556;1.44444444e-05;0.478785457;1.38297666e-05;1.0444505;1.05318478;0.488837928;0.0245171707;1.044446;0.450059;1.3e-05;10;0.5;1.044444;1.044444;1;1
0.855600;1.044448;0.500064444;1.88888889e-05;0.478783476;1.80850448e-05;1.0444537;1.05318675;0.488837016;0.024521345;1.044448;0.450058;1.7e-05;10;0.5;1.044444;1.044444;1;1
0.860600;1.044449;0.500063333;2.33333333e-05;0.478781954;2.23403281e-05;1.0444562;1.05318871;0.488835049;0.0245255192;1.044449;0.450057;2.1e-05;10;0.5;1.044444;1.044444;1;1
0.865600;1.04445;0.500063333;2.77777778e-05;0.478781496;2.65956032e-05;1.0444584;1.05319049;0.488833169;0.0245296978;1.04445;0.450057;2.5e-05;10;0.5;1.044444;1.044444;1;1
0.870600;1.044452;0.500062222;3.22222222e-05;0.478779515;3.08508407e-05;1.0444616;1.05319245;0.488832257;0.024532817;1.044452;0.450056;2.9e-05;10;0.5;1.044444;1.044444;1;1
0.875600;1.044453;0.500061111;3.55555556e-05;0.478777993;3.40422743e-05;1.0444638;1.05319344;0.488830746;0.0245370141;1.044453;0.450055;3.2e-05;10;0.5;1.044444;1.044444;1;1
0.880600;1.044454;0.500061111;4e-05;0.478777535;3.8297522e-05;1.044466;1.05319521;0.488828866;0.0245401377;1.044454;0.450055;3.6e-05;10;0.5;1.044444;1.044444;1;1
0.885600;1.044455;0.50006;4.33333333e-05;0.478776012;4.14889424e-05;1.0444679;1.0531962;0.48882841;0.0245432798;1.044455;0.450054;3.9e-05;10;0.5;1.044444;1.044444;1;1
0.890600;1.044456;0.500058889;4.66666667e-05;0.47877449;4.46803567e-05;1.0444698;1.05319816;0.488826443;0.0245463989;1.044456;0.450053;4.2e-05;10;0.5;1.044444;1.044444;1;1
0.895600;1.044457;0.500058889;4.88888889e-05;0.478774032;4.68079479e-05;1.0444717;1.05319896;0.488826074;0.0245484904;1.044457;0.450053;4.4e-05;10;0.5;1.044444;1.044444;1;1
0.900600;1.044458;0.500057778;5.22222222e-05;0.47877251;4.99993511e-05;1.0444736;1.05319994;0.488824563;0.0245516324;1.044458;0.450052;4.7e-05;10;0.5;1.044444;1.044444;1;1
0.905600;1.044459;0.500057778;5.55555556e-05;0.478772051;5.31907481e-05;1.0444755;1.0532019;0.488822596;0.0245536966;1.044459;0.450052;5e-05;10;0.5;1.044444;1.044444;1;1
0.910600;1.04446;0.500056667;5.77777778e-05;0.478770529;5.5318325e-05;1.0444774;1.0532027;0.488822227;0.024556843;1.04446;0.450051;5.2e-05;10;0.5;1.044444;1.044444;1;1
0.915600;1.044461;0.500055556;6e-05;0.478769007;5.74458979e-05;1.044479;1.05320368;0.488820716;0.0245589301;1.044461;0.45005;5.4e-05;10;0.5;1.044444;1.044444;1;1
0.920600;1.044462;0.500055556;6.22222222e-05;0.478768548;5.95734667e-05;1.0444806;1.05320466;0.48882026;0.0245610171;1.044462;0.45005;5.6e-05;10;0.5;1.044444;1.044444;1;1
0.925600;1.044462;0.500054444;6.44444444e-05;0.478767485;6.17010906e-05;1.0444812;1.05320565;0.488818749;0.0245631042;1.044462;0.450049;5.8e-05;10;0.5;1.044444;1.044444;1;1
0.930600;1.044463;0.500054444;6.66666667e-05;0.478767026;6.38286533e-05;1.0444828;1.05320644;0.488817325;0.0245641406;1.044463;0.450049;6e-05;10;0.5;1.044444;1.044444;1;1
0.935600;1.044464;0.500053333;6.77777778e-05;0.478765504;6.4892402e-05;1.0444844;1.05320644;0.488817325;0.0245662506;1.044464;0.450048;6.1e-05;10;0.5;1.044444;1.044444;1;1
0.941600;1.044464;0.500053333;7e-05;0.478765504;6.70200218e-05;1.044485;1.05320742;0.488815814;0.0245683376;1.044464;0.450048;6.3e-05;10;0.5;1.044444;1.044444;1;1
0.948600;1.044465;0.500052222;7.22222222e-05;0.478763982;6.91475753e-05;1.0444866;1.05320822;0.488815445;0.024569374;1.044465;0.450047;6.5e-05;10;0.5;1.044444;1.044444;1;1
0.950600;1.044465;0.500052222;7.33333333e-05;0.478763982;7.02113841e-05;1.0444869;1.0532092;0.488813934;0.0245704061;1.044465;0.450047;6.6e-05;10;0.5;1.044444;1.044444;1;1
0.957600;1.044466;0.500051111;7.44444444e-05;0.47876246;7.12751247e-05;1.0444885;1.0532092;0.488813934;0.0245714611;1.044466;0.450046;6.7e-05;10;0.5;1.044444;1.044444;1;1
0.961600;1.044466;0.500051111;7.55555556e-05;0.47876246;7.23389326e-05;1.0444888;1.05321018;0.488812423;0.0245724931;1.044466;0.450046;6.8e-05;10;0.5;1.044444;1.044444;1;1
0.965600;1.044467;0.50005;7.66666667e-05;0.478760937;7.34026701e-05;1.0444901;1.05321018;0.488812423;0.0245735481;1.044467;0.450045;6.9e-05;10;0.5;1.044444;1.044444;1;1
0.971600;1.044467;0.50005;7.77777778e-05;0.478760937;7.44664769e-05;1.0444904;1.05321098;0.488810999;0.0245745845;1.044467;0.450045;7e-05;10;0.5;1.044444;1.044444;1;1
0.978600;1.044467;0.500048889;7.88888889e-05;0.478759874;7.55302838e-05;1.0444907;1.05321098;0.488810999;0.0245756395;1.044467;0.450044;7.1e-05;10;0.5;1.044444;1.044444;1;1
0.980600;1.044467;0.500048889;7.88888889e-05;0.478759874;7.55302838e-05;1.0444907;1.05321098;0.488809944;0.0245756395;1.044467;0.450044;7.1e-05;10;0.5;1.044444;1.044444;1;1
0.989600;1.044468;0.500047778;8e-05;0.478758351;7.65940172e-05;1.044492;1.05321196;0.488809488;0.0245766716;1.044468;0.450043;7.2e-05;10;0.5;1.044444;1.044444;1;1
0.990600;1.044468;0.500047778;8e-05;0.478758351;7.65940172e-05;1.044492;1.05321177;0.48880852;0.0245766759;1.044468;0.450043;7.2e-05;10;0.5;1.044444;1.044444;1;1
1.001600;1.044468;0.500046667;8.11111111e-05;0.478757288;7.7657823e-05;1.0444923;1.05321177;0.48880852;0.0245777309;1.044468;0.450042;7.3e-05;10;0.5;1.044444;1.044444;1;1
1.005600;1.044468;0.500046667;8.11111111e-05;0.478757288;7.7657823e-05;1.0444923;1.05321276;0.488807009;0.024577708;1.044468;0.450042;7.3e-05;10;0.5;1.044444;1.044444;1;1
1.013600;1.044468;0.500045556;8.11111111e-05;0.478756224;7.7657823e-05;1.0444926;1.05321276;0.488807009;0.024577708;1.044468;0.450041;7.3e-05;10;0.5;1.044444;1.044444;1;1
1.016600;1.044468;0.500045556;8.11111111e-05;0.478756224;7.7657823e-05;1.0444926;1.05321276;0.488805954;0.024577708;1.044468;0.450041;7.3e-05;10;0.5;1.044444;1.044444;1;1
1.025600;1.044468;0.500044444;8.11111111e-05;0.47875516;7.7657823e-05;1.0444926;1.05321257;0.488806041;0.0245777123;1.044468;0.45004;7.3e-05;10;0.5;1.044444;1.044444;1;1
1.030600;1.044468;0.500044444;8.11111111e-05;0.47875516;7.7657823e-05;1.0444923;1.05321257;0.488804986;0.0245777123;1.044468;0.45004;7.3e-05;10;0.5;1.044444;1.044444;1;1
1.038600;1.044468;0.500043333;8.11111111e-05;0.478754096;7.7657823e-05;1.0444923;1.05321257;0.488804986;0.0245777123;1.044468;0.450039;7.3e-05;10;0.5;1.044444;1.044444;1;1
1.044600;1.044468;0.500043333;8.11111111e-05;0.478754096;7.7657823e-05;1.0444923;1.05321257;0.488803931;0.0245766574;1.044468;0.450039;7.3e-05;10;0.5;1.044444;1.044444;1;1
1.045600;1.044468;0.500042222;8.11111111e-05;0.478753032;7.7657823e-05;1.0444923;1.05321257;0.488803931;0.0245766574;1.044468;0.450038;7.3e-05;10;0.5;1.044444;1.044444;1;1
1.051600;1.044468;0.500042222;8e-05;0.478753032;7.65940172e-05;1.044492;1.05321238;0.488804018;0.0245766617;1.044468;0.450038;7.2e-05;10;0.5;1.044444;1.044444;1;1
1.058600;1.044468;0.500042222;8e-05;0.478753032;7.65940172e-05;1.044492;1.0532114;0.488803419;0.0245756297;1.044468;0.450038;7.2e-05;10;0.5;1.044444;1.044444;1;1
1.066600;1.044468;0.500041111;7.88888889e-05;0.478751969;7.55302114e-05;1.0444917;1.0532114;0.488803419;0.0245745747;1.044468;0.450037;7.1e-05;10;0.5;1.044444;1.044444;1;1
1.070600;1.044468;0.500041111;7.77777778e-05;0.478751969;7.44664057e-05;1.0444914;1.0532114;0.488802364;0.0245745747;1.044468;0.450037;7e-05;10;0.5;1.044444;1.044444;1;1
1.076600;1.044467;0.50004;7.77777778e-05;0.478751363;7.44664769e-05;1.0444901;1.0532114;0.488802364;0.0245735197;1.044467;0.450036;7e-05;10;0.5;1.044444;1.044444;1;1
1.081600;1.044467;0.50004;7.66666667e-05;0.478751363;7.34026701e-05;1.0444901;1.05321042;0.48880282;0.0245724877;1.044467;0.450036;6.9e-05;10;0.5;1.044444;1.044444;1;1
1.086600;1.044467;0.50004;7.55555556e-05;0.478751363;7.23388633e-05;1.0444898;1.05321023;0.488801852;0.024572492;1.044467;0.450036;6.8e-05;10;0.5;1.044444;1.044444;1;1
1.092600;1.044467;0.500038889;7.44444444e-05;0.478750299;7.12750565e-05;1.0444895;1.05321023;0.488801852;0.0245714371;1.044467;0.450035;6.7e-05;10;0.5;1.044444;1.044444;1;1
1.095600;1.044466;0.500038889;7.44444444e-05;0.478750758;7.12751247e-05;1.0444882;1.05320925;0.488802308;0.024570405;1.044466;0.450035;6.7e-05;10;0.5;1.044444;1.044444;1;1
1.104600;1.044466;0.500038889;7.22222222e-05;0.478750758;6.91475091e-05;1.0444879;1.05320925;0.488801253;0.02456935;1.044466;0.450035;6.5e-05;10;0.5;1.044444;1.044444;1;1
1.105600;1.044466;0.500037778;7.22222222e-05;0.478749694;6.91475091e-05;1.0444876;1.05320925;0.488801253;0.024568295;1.044466;0.450034;6.5e-05;10;0.5;1.044444;1.044444;1;1
1.110600;1.044466;0.500037778;7.11111111e-05;0.478749694;6.80837013e-05;1.0444873;1.05320827;0.488801709;0.024568318;1.044466;0.450034;6.4e-05;10;0.5;1.044444;1.044444;1;1
1.120600;1.044465;0.500037778;6.88888889e-05;0.478750152;6.59561487e-05;1.0444857;1.05320827;0.488800654;0.024566208;1.044465;0.450034;6.2e-05;10;0.5;1.044444;1.044444;1;1
1.126600;1.044465;0.500036667;6.77777778e-05;0.478749088;6.48923399e-05;1.0444854;1.0532071;0.488801196;0.0245651803;1.044465;0.450033;6.1e-05;10;0.5;1.044444;1.044444;1;1
1.134600;1.044464;0.500036667;6.66666667e-05;0.478749547;6.38285921e-05;1.0444838;1.0532071;0.488800141;0.0245630703;1.044464;0.450033;6e-05;10;0.5;1.044444;1.044444;1;1
1.135600;1.044464;0.500036667;6.66666667e-05;0.478749547;6.38285921e-05;1.0444838;1.05320611;0.488800597;0.0245630933;1.044464;0.450033;6e-05;10;0.5;1.044444;1.044444;1;1
1.140600;1.044464;0.500035556;6.55555556e-05;0.478748483;6.27647823e-05;1.0444835;1.05320611;0.488800597;0.0245620383;1.044464;0.450032;5.9e-05;10;0.5;1.044444;1.044444;1;1
1.145600;1.044463;0.500035556;6.33333333e-05;0.478748941;6.06372206e-05;1.0444822;1.05320611;0.488800597;0.0245609833;1.044463;0.450032;5.7e-05;10;0.5;1.044444;1.044444;1;1
1.154600;1.044463;0.500035556;6.22222222e-05;0.478748941;5.95734097e-05;1.0444816;1.05320513;0.488799998;0.0245588962;1.044463;0.450032;5.6e-05;10;0.5;1.044444;1.044444;1;1
1.155600;1.044462;0.500035556;6.11111111e-05;0.4787494;5.85096548e-05;1.0444803;1.05320513;0.488799998;0.0245578413;1.044462;0.450032;5.5e-05;10;0.5;1.044444;1.044444;1;1
1.163600;1.044462;0.500034444;6e-05;0.478748336;5.74458429e-05;1.0444797;1.05320415;0.488800454;0.0245568092;1.044462;0.450031;5.4e-05;10;0.5;1.044444;1.044444;1;1
1.166600;1.044462;0.500034444;5.88888889e-05;0.478748336;5.6382031e-05;1.0444797;1.05320415;0.488799399;0.0245557542;1.044462;0.450031;5.3e-05;10;0.5;1.044444;1.044444;1;1
1.173600;1.044461;0.500034444;5.66666667e-05;0.478748794;5.42544592e-05;1.0444781;1.05320298;0.488799942;0.0245536715;1.044461;0.450031;5.1e-05;10;0.5;1.044444;1.044444;1;1
1.177600;1.044461;0.500033333;5.55555556e-05;0.47874773;5.31906462e-05;1.0444778;1.05320298;0.488799942;0.0245526165;1.044461;0.45003;5e-05;10;0.5;1.044444;1.044444;1;1
1.180600;1.044461;0.500033333;5.55555556e-05;0.47874773;5.31906462e-05;1.0444775;1.053202;0.488800398;0.0245526394;1.044461;0.45003;5e-05;10;0.5;1.044444;1.044444;1;1
1.186600;1.04446;0.500033333;5.33333333e-05;0.478748189;5.10630693e-05;1.0444762;1.053202;0.488799343;0.0245505294;1.04446;0.45003;4.8e-05;10;0.5;1.044444;1.044444;1;1
1.192600;1.04446;0.500033333;5.22222222e-05;0.478748189;4.99992553e-05;1.0444756;1.05320102;0.488799799;0.0245494974;1.04446;0.45003;4.7e-05;10;0.5;1.044444;1.044444;1;1
1.196600;1.044459;0.500032222;5.11111111e-05;0.478747583;4.89354882e-05;1.0444743;1.05320102;0.488799799;0.0245484424;1.044459;0.450029;4.6e-05;10;0.5;1.044444;1.044444;1;1
1.200600;1.044459;0.500032222;5e-05;0.478747583;4.78716733e-05;1.044474;1.05320003;0.488800255;0.0245474103;1.044459;0.450029;4.5e-05;10;0.5;1.044444;1.044444;1;1
1.205600;1.044458;0.500032222;4.88888889e-05;0.478748042;4.68079031e-05;1.0444724;1.05320003;0.4887992;0.0245463553;1.044458;0.450029;4.4e-05;10;0.5;1.044444;1.044444;1;1
1.212600;1.044458;0.500032222;4.66666667e-05;0.478748042;4.46802712e-05;1.0444721;1.05319905;0.488799656;0.0245442682;1.044458;0.450029;4.2e-05;10;0.5;1.044444;1.044444;1;1
1.215600;1.044458;0.500031111;4.55555556e-05;0.478746978;4.36164552e-05;1.0444718;1.05319905;0.488799656;0.0245432132;1.044458;0.450028;4.1e-05;10;0.5;1.044444;1.044444;1;1
1.220600;1.044457;0.500031111;4.44444444e-05;0.478747436;4.255268e-05;1.0444702;1.05319807;0.488800112;0.0245421811;1.044457;0.450028;4e-05;10;0.5;1.044444;1.044444;1;1
1.225600;1.044457;0.500031111;4.33333333e-05;0.478747436;4.1488863e-05;1.0444699;1.05319807;0.488799057;0.0245411262;1.044457;0.450028;3.9e-05;10;0.5;1.044444;1.044444;1;1
1.232600;1.044456;0.500031111;4.11111111e-05;0.478747895;3.93612666e-05;1.0444683;1.0531969;0.488799599;0.0245390434;1.044456;0.450028;3.7e-05;10;0.5;1.044444;1.044444;1;1
1.235600;1.044456;0.50003;4e-05;0.478746831;3.82974486e-05;1.044468;1.05319592;0.488800055;0.0245380113;1.044456;0.450027;3.6e-05;10;0.5;1.044444;1.044444;1;1
1.240600;1.044455;0.50003;3.88888889e-05;0.478747289;3.72336663e-05;1.0444667;1.05319592;0.488800055;0.0245369563;1.044455;0.450027;3.5e-05;10;0.5;1.044444;1.044444;1;1
1.245600;1.044455;0.50003;3.77777778e-05;0.478747289;3.61698472e-05;1.0444664;1.05319493;0.488799456;0.0245359242;1.044455;0.450027;3.4e-05;10;0.5;1.044444;1.044444;1;1
1.251600;1.044455;0.50003;3.55555556e-05;0.478747289;3.40422091e-05;1.0444658;1.05319493;0.488799456;0.0245338142;1.044455;0.450027;3.2e-05;10;0.5;1.044444;1.044444;1;1
1.255600;1.044454;0.500028889;3.44444444e-05;0.478746684;3.29784217e-05;1.0444645;1.05319395;0.488799912;0.0245327821;1.044454;0.450026;3.1e-05;10;0.5;1.044444;1.044444;1;1
1.262600;1.044454;0.500028889;3.33333333e-05;0.478746684;3.19146016e-05;1.0444639;1.05319395;0.488799912;0.0245317271;1.044454;0.450026;3e-05;10;0.5;1.044444;1.044444;1;1
1.272600;1.044453;0.500028889;3e-05;0.478747142;2.8723169e-05;1.044462;1.05319297;0.488799313;0.0245285851;1.044453;0.450026;2.7e-05;10;0.5;1.044444;1.044444;1;1
1.275600;1.044452;0.500028889;2.88888889e-05;0.478747601;2.76593744e-05;1.0444607;1.05319199;0.488799769;0.0245275529;1.044452;0.450026;2.6e-05;10;0.5;1.044444;1.044444;1;1
1.281600;1.044452;0.500027778;2.77777778e-05;0.478746537;2.65955523e-05;1.0444604;1.05319199;0.488799769;0.0245264979;1.044452;0.450025;2.5e-05;10;0.5;1.044444;1.044444;1;1
1.285600;1.044452;0.500027778;2.66666667e-05;0.478746537;2.55317302e-05;1.0444601;1.05319101;0.48879917;0.0245254658;1.044452;0.450025;2.4e-05;10;0.5;1.044444;1.044444;1;1
1.291600;1.044451;0.500027778;2.44444444e-05;0.478746995;2.34041084e-05;1.0444585;1.05319082;0.488799257;0.0245233602;1.044451;0.450025;2.2e-05;10;0.5;1.044444;1.044444;1;1
1.298600;1.044451;0.500027778;2.33333333e-05;0.478746995;2.23402853e-05;1.0444579;1.05318984;0.488799713;0.0245223281;1.044451;0.450025;2.1e-05;10;0.5;1.044444;1.044444;1;1
1.300600;1.04445;0.500027778;2.22222222e-05;0.478747453;2.12764826e-05;1.0444569;1.05318984;0.488799713;0.0245212731;1.04445;0.450025;2e-05;10;0.5;1.044444;1.044444;1;1
1.308600;1.04445;0.500026667;2e-05;0.47874639;1.91488343e-05;1.044456;1.05318885;0.488800168;0.0245191859;1.04445;0.450024;1.8e-05;10;0.5;1.044444;1.044444;1;1
1.310600;1.04445;0.500026667;2e-05;0.47874639;1.91488343e-05;1.044456;1.05318885;0.488799113;0.0245191859;1.04445;0.450024;1.8e-05;10;0.5;1.044444;1.044444;1;1
1.320600;1.044449;0.500026667;1.77777778e-05;0.478746848;1.70212024e-05;1.0444541;1.05318787;0.488799569;0.0245170988;1.044449;0.450024;1.6e-05;10;0.5;1.044444;1.044444;1;1
1.326600;1.044448;0.500026667;1.55555556e-05;0.478747306;1.48935663e-05;1.0444528;1.05318689;0.488800025;0.0245150117;1.044448;0.450024;1.4e-05;10;0.5;1.044444;1.044444;1;1
1.330600;1.044448;0.500025556;1.44444444e-05;0.478746243;1.38297402e-05;1.0444525;1.05318689;0.488800025;0.0245139567;1.044448;0.450023;1.3e-05;10;0.5;1.044444;1.044444;1;1
1.335600;1.044448;0.500025556;1.33333333e-05;0.478746243;1.2765914e-05;1.0444522;1.05318591;0.488799426;0.0245129246;1.044448;0.450023;1.2e-05;10;0.5;1.044444;1.044444;1;1
1.340600;1.044447;0.500025556;1.22222222e-05;0.478746701;1.1702099e-05;1.0444506;1.05318591;0.488799426;0.0245118696;1.044447;0.450023;1.1e-05;10;0.5;1.044444;1.044444;1;1
1.347600;1.044447;0.500025556;1e-05;0.478746701;9.57444466e-06;1.0444503;1.05318492;0.488799882;0.0245097824;1.044447;0.450023;9e-06;10;0.5;1.044444;1.044444;1;1
1.351600;1.044446;0.500025556;1e-05;0.478747159;9.57445383e-06;1.044449;1.05318492;0.488799882;0.0245087274;1.044446;0.450023;9e-06;10;0.5;1.044444;1.044444;1;1
1.356600;1.044446;0.500024444;7.77777778e-06;0.478746095;7.44679742e-06;1.0444484;1.05318394;0.488800338;0.0245076953;1.044446;0.450022;7e-06;10;0.5;1.044444;1.044444;1;1
1.360600;1.044446;0.500024444;7.77777778e-06;0.478746095;7.44679742e-06;1.0444481;1.05318394;0.488800338;0.0245066403;1.044446;0.450022;7e-06;10;0.5;1.044444;1.044444;1;1
1.372600;1.044445;0.500024444;4.44444444e-06;0.478746554;4.25531689e-06;1.0444465;1.05318277;0.488799826;0.0245045575;1.044445;0.450022;4e-06;10;0.5;1.044444;1.044444;1;1
1.375600;1.044445;0.500024444;3.33333333e-06;0.478746554;3.19148766e-06;1.0444462;1.05318179;0.488800282;0.0245035253;1.044445;0.450022;3e-06;10;0.5;1.044444;1.044444;1;1
1.382600;1.044444;0.500024444;2.22222222e-06;0.478747012;2.12766048e-06;1.0444446;1.05318179;0.488800282;0.0245024703;1.044444;0.450022;2e-06;10;0.5;1.044444;1.044444;1;1
1.388600;1.044444;0.500023333;1.11111111e-06;0.478745948;1.06383024e-06;1.0444443;1.05318081;0.488800738;0.0245014382;1.044444;0.450021;1e-06;10;0.5;1.044444;1.044444;1;1
1.390600;1.044443;0.500023333;0;0.478746407;0;1.044443;1.05318081;0.488799683;0.0245003832;1.044443;0.450021;0;10;0.5;1.044444;1.044444;1;1
1.395359;1.044443;0.500023333;-1.11111111e-06;0.478746407;-1.06383126e-06;1.0444427;1.05318081;0.488799683;0.0244993282;1.044443;0.450021;-1e-06;10;0.5;1.044444;1.044444;1;1
1.403359;1.044443;0.500023333;-2.22222222e-06;0.478746407;-2.12766252e-06;1.0444424;1.05317983;0.488800139;0.024498296;1.044443;0.450021;-2e-06;10;0.5;1.044444;1.044444;1;1
1.406359;1.044442;0.500023333;-3.33333333e-06;0.478746865;-3.19149683e-06;1.0444411;1.05317983;0.488800139;0.024497241;1.044442;0.450021;-3e-06;10;0.5;1.044444;1.044444;1;1
1.414359;1.044442;0.500023333;-4.44444444e-06;0.478746865;-4.25532911e-06;1.0444405;1.05317884;0.488800595;0.0244951538;1.044442;0.450021;-4e-06;10;0.5;1.044444;1.044444;1;1
1.415359;1.044442;0.500022222;-5.55555556e-06;0.478745801;-5.31916139e-06;1.0444405;1.05317884;0.488800595;0.0244951538;1.044442;0.45002;-5e-06;10;0.5;1.044444;1.044444;1;1
1.421359;1.044441;0.500022222;-6.66666667e-06;0.47874626;-6.38299977e-06;1.0444392;1.05317786;0.48880105;0.0244941217;1.044441;0.45002;-6e-06;10;0.5;1.044444;1.044444;1;1
1.431359;1.044441;0.500022222;-7.77777778e-06;0.47874626;-7.44683307e-06;1.0444386;1.05317786;0.488799995;0.0244920117;1.044441;0.45002;-7e-06;10;0.5;1.044444;1.044444;1;1
1.435359;1.04444;0.500022222;-8.88888889e-06;0.478746718;-8.51067451e-06;1.0444373;1.05317688;0.488800451;0.0244920345;1.04444;0.45002;-8e-06;10;0.5;1.044444;1.044444;1;1
1.444359;1.04444;0.500022222;-1.11111111e-05;0.478746718;-1.06383431e-05;1.0444367;1.05317688;0.488800451;0.0244899245;1.04444;0.45002;-1e-05;10;0.5;1.044444;1.044444;1;1
1.445359;1.04444;0.500022222;-1.11111111e-05;0.478746718;-1.06383431e-05;1.0444367;1.0531759;0.488800907;0.0244899473;1.04444;0.45002;-1e-05;10;0.5;1.044444;1.044444;1;1
1.451359;1.04444;0.500021111;-1.22222222e-05;0.478745654;-1.17021775e-05;1.0444364;1.0531759;0.488800907;0.0244888923;1.04444;0.450019;-1.1e-05;10;0.5;1.044444;1.044444;1;1
1.455359;1.044439;0.500021111;-1.33333333e-05;0.478746113;-1.2766024e-05;1.0444351;1.0531759;0.488799852;0.0244878373;1.044439;0.450019;-1.2e-05;10;0.5;1.044444;1.044444;1;1
1.468359;1.044439;0.500021111;-1.55555556e-05;0.478746113;-1.48936947e-05;1.0444345;1.05317473;0.488800395;0.0244857545;1.044439;0.450019;-1.4e-05;10;0.5;1.044444;1.044444;1;1
1.470359;1.044438;0.500021111;-1.55555556e-05;0.478746571;-1.48937089e-05;1.0444332;1.05317473;0.488800395;0.0244857545;1.044438;0.450019;-1.4e-05;10;0.5;1.044444;1.044444;1;1
1.478359;1.044438;0.500021111;-1.66666667e-05;0.478746571;-1.59575453e-05;1.0444329;1.05317374;0.488800851;0.0244836673;1.044438;0.450019;-1.5e-05;10;0.5;1.044444;1.044444;1;1
1.483359;1.044438;0.500021111;-1.77777778e-05;0.478746571;-1.70213816e-05;1.0444326;1.05317374;0.488800851;0.0244836673;1.044438;0.450019;-1.6e-05;10;0.5;1.044444;1.044444;1;1
1.486359;1.044438;0.50002;-1.88888889e-05;0.478745507;-1.8085218e-05;1.0444326;1.05317374;0.488800851;0.0244826123;1.044438;0.450018;-1.7e-05;10;0.5;1.044444;1.044444;1;1
1.490359;1.044437;0.50002;-1.88888889e-05;0.478745966;-1.80852353e-05;1.0444313;1.05317276;0.488800252;0.0244826351;1.044437;0.450018;-1.7e-05;10;0.5;1.044444;1.044444;1;1
1.503359;1.044437;0.50002;-2.11111111e-05;0.478745966;-2.021291e-05;1.0444307;1.05317276;0.488800252;0.0244805251;1.044437;0.450018;-1.9e-05;10;0.5;1.044444;1.044444;1;1
1.507359;1.044437;0.50002;-2.22222222e-05;0.478745966;-2.12767474e-05;1.0444304;1.05317178;0.488800708;0.0244794929;1.044437;0.450018;-2e-05;10;0.5;1.044444;1.044444;1;1
1.520359;1.044436;0.50002;-2.33333333e-05;0.478746424;-2.23406062e-05;1.0444288;1.05317178;0.488800708;0.0244773829;1.044436;0.450018;-2.1e-05;10;0.5;1.044444;1.044444;1;1
1.526359;1.044436;0.500018889;-2.44444444e-05;0.47874536;-2.34044445e-05;1.0444285;1.0531708;0.488801164;0.0244774057;1.044436;0.450017;-2.2e-05;10;0.5;1.044444;1.044444;1;1
1.530359;1.044435;0.500018889;-2.55555556e-05;0.478745818;-2.44683064e-05;1.0444275;1.0531708;0.488800109;0.0244763507;1.044435;0.450017;-2.3e-05;10;0.5;1.044444;1.044444;1;1
1.539636;1.044435;0.500018889;-2.66666667e-05;0.478745818;-2.55321458e-05;1.0444272;1.0531708;0.488800109;0.0244752957;1.044435;0.450017;-2.4e-05;10;0.5;1.044444;1.044444;1;1
1.540636;1.044435;0.500018889;-2.66666667e-05;0.478745818;-2.55321458e-05;1.0444272;1.05316981;0.488800565;0.0244753185;1.044435;0.450017;-2.4e-05;10;0.5;1.044444;1.044444;1;1
1.553636;1.044435;0.500018889;-2.77777778e-05;0.478745818;-2.65959852e-05;1.0444266;1.05316981;0.488800565;0.0244732085;1.044435;0.450017;-2.5e-05;10;0.5;1.044444;1.044444;1;1
1.556636;1.044434;0.500018889;-2.88888889e-05;0.478746277;-2.76598511e-05;1.0444253;1.05316981;0.488800565;0.0244732085;1.044434;0.450017;-2.6e-05;10;0.5;1.044444;1.044444;1;1
1.560636;1.044434;0.500018889;-2.88888889e-05;0.478746277;-2.76598511e-05;1.0444253;1.05316883;0.488801021;0.0244732313;1.044434;0.450017;-2.6e-05;10;0.5;1.044444;1.044444;1;1
1.566636;1.044434;0.500017778;-3e-05;0.478745213;-2.87236915e-05;1.044425;1.05316883;0.488801021;0.0244721763;1.044434;0.450016;-2.7e-05;10;0.5;1.044444;1.044444;1;1
1.581636;1.044434;0.500017778;-3.11111111e-05;0.478745213;-2.97875319e-05;1.0444247;1.05316865;0.488800052;0.0244700706;1.044434;0.450016;-2.8e-05;10;0.5;1.044444;1.044444;1;1
1.602636;1.044433;0.500017778;-3.33333333e-05;0.478745671;-3.19152433e-05;1.0444228;1.05316766;0.488800508;0.0244679834;1.044433;0.450016;-3e-05;10;0.5;1.044444;1.044444;1;1
1.607636;1.044433;0.500016667;-3.44444444e-05;0.478744608;-3.29790848e-05;1.0444228;1.05316766;0.488800508;0.0244679834;1.044433;0.450015;-3.1e-05;10;0.5;1.044444;1.044444;1;1
1.610636;1.044433;0.500016667;-3.44444444e-05;0.478744608;-3.29790848e-05;1.0444228;1.05316668;0.488799909;0.0244680062;1.044433;0.450015;-3.1e-05;10;0.5;1.044444;1.044444;1;1
1.615636;1.044433;0.500016667;-3.44444444e-05;0.478744608;-3.29790848e-05;1.0444225;1.05316668;0.488799909;0.0244669512;1.044433;0.450015;-3.1e-05;10;0.5;1.044444;1.044444;1;1
1.632636;1.044432;0.500016667;-3.66666667e-05;0.478745066;-3.51068013e-05;1.0444212;1.05316668;0.488799909;0.0244658962;1.044432;0.450015;-3.3e-05;10;0.5;1.044444;1.044444;1;1
1.641636;1.044432;0.500016667;-3.66666667e-05;0.478745066;-3.51068013e-05;1.0444209;1.05316668;0.488799909;0.0244648412;1.044432;0.450015;-3.3e-05;10;0.5;1.044444;1.044444;1;1
1.648636;1.044432;0.500016667;-3.77777778e-05;0.478745066;-3.61706437e-05;1.0444209;1.0531657;0.488800365;0.024464864;1.044432;0.450015;-3.4e-05;10;0.5;1.044444;1.044444;1;1
1.652636;1.044432;0.500015556;-3.77777778e-05;0.478744002;-3.61706437e-05;1.0444206;1.0531657;0.488800365;0.024464864;1.044432;0.450014;-3.4e-05;10;0.5;1.044444;1.044444;1;1
1.657636;1.044432;0.500015556;-3.77777778e-05;0.478744002;-3.61706437e-05;1.0444206;1.0531657;0.48879931;0.024463809;1.044432;0.450014;-3.4e-05;10;0.5;1.044444;1.044444;1;1
1.684636;1.044431;0.500015556;-4e-05;0.47874446;-3.82983653e-05;1.044419;1.0531657;0.48879931;0.0244627539;1.044431;0.450014;-3.6e-05;10;0.5;1.044444;1.044444;1;1
1.685636;1.044431;0.500015556;-4e-05;0.47874446;-3.82983653e-05;1.044419;1.05316472;0.488799766;0.0244627768;1.044431;0.450014;-3.6e-05;10;0.5;1.044444;1.044444;1;1
1.696636;1.044431;0.500015556;-4e-05;0.47874446;-3.82983653e-05;1.044419;1.05316453;0.488799853;0.0244617261;1.044431;0.450014;-3.6e-05;10;0.5;1.044444;1.044444;1;1
1.700636;1.044431;0.500014444;-4e-05;0.478743397;-3.82983653e-05;1.044419;1.05316453;0.488799853;0.0244617261;1.044431;0.450013;-3.6e-05;10;0.5;1.044444;1.044444;1;1
1.725636;1.044431;0.500014444;-4.11111111e-05;0.478743397;-3.93622088e-05;1.0444187;1.05316453;0.488798798;0.0244606711;1.044431;0.450013;-3.7e-05;10;0.5;1.044444;1.044444;1;1
1.749636;1.04443;0.500014444;-4.22222222e-05;0.478743855;-4.0426091e-05;1.0444174;1.05316453;0.488798798;0.0244606711;1.04443;0.450013;-3.8e-05;10;0.5;1.044444;1.044444;1;1
1.750636;1.04443;0.500013333;-4.22222222e-05;0.478742791;-4.0426091e-05;1.0444174;1.05316453;0.488798798;0.0244606711;1.04443;0.450012;-3.8e-05;10;0.5;1.044444;1.044444;1;1
1.756636;1.04443;0.500013333;-4.22222222e-05;0.478742791;-4.0426091e-05;1.0444174;1.05316453;0.488797743;0.024459616;1.04443;0.450012;-3.8e-05;10;0.5;1.044444;1.044444;1;1
1.770636;1.04443;0.500013333;-4.22222222e-05;0.478742791;-4.0426091e-05;1.0444174;1.05316453;0.488797743;0.024459616;1.04443;0.450012;-3.8e-05;10;0.5;1.044444;1.044444;1;1
1.793636;1.04443;0.500013333;-4.33333333e-05;0.478742791;-4.14899355e-05;1.0444171;1.05316355;0.488798199;0.0244596389;1.04443;0.450012;-3.9e-05;10;0.5;1.044444;1.044444;1;1
1.806636;1.04443;0.500013333;-4.33333333e-05;0.478742791;-4.14899355e-05;1.0444171;1.05316355;0.488798199;0.0244596389;1.04443;0.450012;-3.9e-05;10;0.5;1.044444;1.044444;1;1
1.824636;1.04443;0.500012222;-4.33333333e-05;0.478741727;-4.14899355e-05;1.0444171;1.05316336;0.488797231;0.0244596432;1.04443;0.450011;-3.9e-05;10;0.5;1.044444;1.044444;1;1
1.840636;1.04443;0.500012222;-4.33333333e-05;0.478741727;-4.14899355e-05;1.0444171;1.05316336;0.488797231;0.0244596432;1.04443;0.450011;-3.9e-05;10;0.5;1.044444;1.044444;1;1
1.868636;1.04443;0.500012222;-4.22222222e-05;0.478741727;-4.0426091e-05;1.0444171;1.05316434;0.488796775;0.0244596204;1.04443;0.450011;-3.8e-05;10;0.5;1.044444;1.044444;1;1
1.870636;1.04443;0.500011111;-4.22222222e-05;0.478740663;-4.0426091e-05;1.0444171;1.05316434;0.48879572;0.0244596204;1.04443;0.45001;-3.8e-05;10;0.5;1.044444;1.044444;1;1
1.908636;1.04443;0.500011111;-4.22222222e-05;0.478740663;-4.0426091e-05;1.0444174;1.05316434;0.48879572;0.0244606754;1.04443;0.45001;-3.8e-05;10;0.5;1.044444;1.044444;1;1
1.924636;1.044431;0.500011111;-4.11111111e-05;0.478740205;-3.93622088e-05;1.0444187;1.05316434;0.48879572;0.0244606754;1.044431;0.45001;-3.7e-05;10;0.5;1.044444;1.044444;1;1
1.935636;1.044431;0.500011111;-4.11111111e-05;0.478740205;-3.93622088e-05;1.0444187;1.05316434;0.48879572;0.0244606754;1.044431;0.45001;-3.7e-05;10;0.5;1.044444;1.044444;1;1
1.947636;1.044431;0.50001;-4.11111111e-05;0.478739141;-3.93622088e-05;1.0444187;1.05316434;0.488794665;0.0244606754;1.044431;0.450009;-3.7e-05;10;0.5;1.044444;1.044444;1;1
1.984636;1.044431;0.50001;-4e-05;0.478739141;-3.82983653e-05;1.044419;1.05316514;0.488794295;0.024461712;1.044431;0.450009;-3.6e-05;10;0.5;1.044444;1.044444;1;1
1.990636;1.044431;0.50001;-4e-05;0.478739141;-3.82983653e-05;1.0444193;1.05316514;0.488794295;0.024462767;1.044431;0.450009;-3.6e-05;10;0.5;1.044444;1.044444;1;1
2.003839;1.044431;0.50001;-3.88888889e-05;0.478739141;-3.72345218e-05;1.0444193;1.05316514;0.488794295;0.024462767;1.044431;0.450009;-3.5e-05;10;0.5;1.044444;1.044444;1;1
2.009839;1.044432;0.50001;-3.88888889e-05;0.478738683;-3.72344862e-05;1.0444203;1.05316514;0.488794295;0.024462767;1.044432;0.450009;-3.5e-05;10;0.5;1.044444;1.044444;1;1
2.010839;1.044432;0.500008889;-3.88888889e-05;0.478737619;-3.72344862e-05;1.0444203;1.05316514;0.48879324;0.024462767;1.044432;0.450008;-3.5e-05;10;0.5;1.044444;1.044444;1;1
2.066839;1.044432;0.500008889;-3.66666667e-05;0.478737619;-3.51068013e-05;1.0444212;1.05316612;0.488792784;0.0244648542;1.044432;0.450008;-3.3e-05;10;0.5;1.044444;1.044444;1;1
2.075839;1.044432;0.500008889;-3.55555556e-05;0.478737619;-3.40429588e-05;1.0444212;1.0531671;0.488792329;0.0244658864;1.044432;0.450008;-3.2e-05;10;0.5;1.044444;1.044444;1;1
2.090839;1.044433;0.500008889;-3.55555556e-05;0.478737161;-3.40429262e-05;1.0444225;1.0531671;0.488792329;0.0244658864;1.044433;0.450008;-3.2e-05;10;0.5;1.044444;1.044444;1;1
2.117839;1.044433;0.500007778;-3.44444444e-05;0.478736097;-3.29790848e-05;1.0444228;1.0531671;0.488791274;0.0244669414;1.044433;0.450007;-3.1e-05;10;0.5;1.044444;1.044444;1;1
2.141839;1.044433;0.500007778;-3.33333333e-05;0.478736097;-3.19152433e-05;1.0444231;1.0531679;0.488790904;0.024467978;1.044433;0.450007;-3e-05;10;0.5;1.044444;1.044444;1;1
2.166839;1.044434;0.500007778;-3.22222222e-05;0.478735638;-3.08513723e-05;1.0444244;1.0531679;0.488790904;0.024469033;1.044434;0.450007;-2.9e-05;10;0.5;1.044444;1.044444;1;1
2.182839;1.044434;0.500007778;-3.11111111e-05;0.478735638;-2.97875319e-05;1.0444247;1.05316888;0.488790448;0.0244700652;1.044434;0.450007;-2.8e-05;10;0.5;1.044444;1.044444;1;1
2.204839;1.044434;0.500006667;-3e-05;0.478734575;-2.87236915e-05;1.044425;1.05316888;0.488789393;0.0244711202;1.044434;0.450006;-2.7e-05;10;0.5;1.044444;1.044444;1;1
2.205839;1.044435;0.500006667;-3e-05;0.478734116;-2.8723664e-05;1.044426;1.05316888;0.488789393;0.0244711202;1.044435;0.450006;-2.7e-05;10;0.5;1.044444;1.044444;1;1
2.214839;1.044435;0.500006667;-3e-05;0.478734116;-2.8723664e-05;1.044426;1.05316888;0.488789393;0.0244711202;1.044435;0.450006;-2.7e-05;10;0.5;1.044444;1.044444;1;1
2.215839;1.044435;0.500006667;-3e-05;0.478734116;-2.8723664e-05;1.0444263;1.05316986;0.488788938;0.0244710974;1.044435;0.450006;-2.7e-05;10;0.5;1.044444;1.044444;1;1
2.263839;1.044435;0.500006667;-2.66666667e-05;0.478734116;-2.55321458e-05;1.0444269;1.05316986;0.488788938;0.0244732074;1.044435;0.450006;-2.4e-05;10;0.5;1.044444;1.044444;1;1
2.268839;1.044435;0.500006667;-2.66666667e-05;0.478734116;-2.55321458e-05;1.0444269;1.05317084;0.488788482;0.0244742396;1.044435;0.450006;-2.4e-05;10;0.5;1.044444;1.044444;1;1
2.288839;1.044436;0.500006667;-2.55555556e-05;0.478733658;-2.44682829e-05;1.0444282;1.05317084;0.488788482;0.0244742396;1.044436;0.450006;-2.3e-05;10;0.5;1.044444;1.044444;1;1
2.290839;1.044436;0.500006667;-2.55555556e-05;0.478733658;-2.44682829e-05;1.0444282;1.05317084;0.488787427;0.0244742396;1.044436;0.450006;-2.3e-05;10;0.5;1.044444;1.044444;1;1
2.313839;1.044436;0.500005556;-2.44444444e-05;0.478732594;-2.34044445e-05;1.0444285;1.05317084;0.488787427;0.0244752946;1.044436;0.450005;-2.2e-05;10;0.5;1.044444;1.044444;1;1
2.333839;1.044436;0.500005556;-2.44444444e-05;0.478732594;-2.34044445e-05;1.0444288;1.05317183;0.488786971;0.0244763268;1.044436;0.450005;-2.2e-05;10;0.5;1.044444;1.044444;1;1
2.344839;1.044437;0.500005556;-2.33333333e-05;0.478732136;-2.23405848e-05;1.0444301;1.05317183;0.488786971;0.0244773818;1.044437;0.450005;-2.1e-05;10;0.5;1.044444;1.044444;1;1
2.365839;1.044437;0.500005556;-2.22222222e-05;0.478732136;-2.12767474e-05;1.0444301;1.05317164;0.488787057;0.0244773861;1.044437;0.450005;-2e-05;10;0.5;1.044444;1.044444;1;1
2.403839;1.044437;0.500005556;-2.11111111e-05;0.478732136;-2.021291e-05;1.0444307;1.05317262;0.488786602;0.0244794733;1.044437;0.450005;-1.9e-05;10;0.5;1.044444;1.044444;1;1
2.412839;1.044438;0.500005556;-2e-05;0.478731677;-1.91490543e-05;1.0444317;1.05317262;0.488786602;0.0244794733;1.044438;0.450005;-1.8e-05;10;0.5;1.044444;1.044444;1;1
2.416839;1.044438;0.500005556;-2e-05;0.478731677;-1.91490543e-05;1.044432;1.05317262;0.488785547;0.0244794733;1.044438;0.450005;-1.8e-05;10;0.5;1.044444;1.044444;1;1
2.420839;1.044438;0.500004444;-2e-05;0.478730613;-1.91490543e-05;1.044432;1.05317262;0.488785547;0.0244794733;1.044438;0.450004;-1.8e-05;10;0.5;1.044444;1.044444;1;1
2.479839;1.044438;0.500004444;-1.77777778e-05;0.478730613;-1.70213816e-05;1.0444326;1.0531736;0.488785091;0.0244826155;1.044438;0.450004;-1.6e-05;10;0.5;1.044444;1.044444;1;1
2.480839;1.044439;0.500004444;-1.77777778e-05;0.478730155;-1.70213653e-05;1.0444336;1.05317459;0.488784635;0.0244825927;1.044439;0.450004;-1.6e-05;10;0.5;1.044444;1.044444;1;1
2.544839;1.044439;0.500004444;-1.55555556e-05;0.478730155;-1.48936947e-05;1.0444342;1.05317459;0.488784635;0.0244847027;1.044439;0.450004;-1.4e-05;10;0.5;1.044444;1.044444;1;1
2.545839;1.044439;0.500004444;-1.55555556e-05;0.478730155;-1.48936947e-05;1.0444345;1.05317557;0.488784179;0.0244846799;1.044439;0.450004;-1.4e-05;10;0.5;1.044444;1.044444;1;1
2.564839;1.044439;0.500004444;-1.44444444e-05;0.478730155;-1.38298593e-05;1.0444345;1.05317557;0.488784179;0.0244846799;1.044439;0.450004;-1.3e-05;10;0.5;1.044444;1.044444;1;1
2.565839;1.04444;0.500004444;-1.44444444e-05;0.478729697;-1.38298461e-05;1.0444355;1.05317557;0.488784179;0.0244846799;1.04444;0.450004;-1.3e-05;10;0.5;1.044444;1.044444;1;1
2.571839;1.04444;0.500004444;-1.44444444e-05;0.478729697;-1.38298461e-05;1.0444355;1.05317557;0.488783124;0.0244846799;1.04444;0.450004;-1.3e-05;10;0.5;1.044444;1.044444;1;1
2.575839;1.04444;0.500003333;-1.44444444e-05;0.478728633;-1.38298461e-05;1.0444358;1.05317557;0.488783124;0.0244846799;1.04444;0.450003;-1.3e-05;10;0.5;1.044444;1.044444;1;1
2.616839;1.04444;0.500003333;-1.33333333e-05;0.478728633;-1.27660118e-05;1.0444361;1.05317557;0.488783124;0.0244867899;1.04444;0.450003;-1.2e-05;10;0.5;1.044444;1.044444;1;1
2.663839;1.04444;0.500003333;-1.22222222e-05;0.478728633;-1.17021775e-05;1.0444364;1.05317636;0.488782755;0.0244878264;1.04444;0.450003;-1.1e-05;10;0.5;1.044444;1.044444;1;1
2.675839;1.044441;0.500003333;-1.11111111e-05;0.478728175;-1.0638333e-05;1.0444377;1.05317636;0.488782755;0.0244878264;1.044441;0.450003;-1e-05;10;0.5;1.044444;1.044444;1;1
2.699839;1.044441;0.500003333;-1.11111111e-05;0.478728175;-1.0638333e-05;1.0444377;1.05317636;0.488782755;0.0244888814;1.044441;0.450003;-1e-05;10;0.5;1.044444;1.044444;1;1
2.700839;1.044441;0.500003333;-1.11111111e-05;0.478728175;-1.0638333e-05;1.0444377;1.05317735;0.488782299;0.0244888586;1.044441;0.450003;-1e-05;10;0.5;1.044444;1.044444;1;1
2.711839;1.044441;0.500003333;-1e-05;0.478728175;-9.57449966e-06;1.0444377;1.05317735;0.488782299;0.0244888586;1.044441;0.450003;-9e-06;10;0.5;1.044444;1.044444;1;1
2.766839;1.044441;0.500003333;-8.88888889e-06;0.478728175;-8.51066636e-06;1.0444383;1.05317735;0.488782299;0.0244899136;1.044441;0.450003;-8e-06;10;0.5;1.044444;1.044444;1;1
2.776839;1.044441;0.500003333;-8.88888889e-06;0.478728175;-8.51066636e-06;1.0444383;1.05317735;0.488781244;0.0244899136;1.044441;0.450003;-8e-06;10;0.5;1.044444;1.044444;1;1
2.786839;1.044441;0.500002222;-8.88888889e-06;0.478727111;-8.51066636e-06;1.0444383;1.05317735;0.488781244;0.0244899136;1.044441;0.450002;-8e-06;10;0.5;1.044444;1.044444;1;1
2.798839;1.044442;0.500002222;-8.88888889e-06;0.478726652;-8.51065822e-06;1.0444393;1.05317735;0.488781244;0.0244909686;1.044442;0.450002;-8e-06;10;0.5;1.044444;1.044444;1;1
2.925839;1.044442;0.500002222;-6.66666667e-06;0.478726652;-6.38299366e-06;1.0444402;1.05317833;0.488780788;0.0244930558;1.044442;0.450002;-6e-06;10;0.5;1.044444;1.044444;1;1
2.954839;1.044442;0.500002222;-5.55555556e-06;0.478726652;-5.31916139e-06;1.0444402;1.05317931;0.488780332;0.0244930329;1.044442;0.450002;-5e-06;10;0.5;1.044444;1.044444;1;1
2.955839;1.044443;0.500002222;-5.55555556e-06;0.478726194;-5.31915629e-06;1.0444412;1.05317931;0.488780332;0.0244930329;1.044443;0.450002;-5e-06;10;0.5;1.044444;1.044444;1;1
2.973839;1.044443;0.500002222;-5.55555556e-06;0.478726194;-5.31915629e-06;1.0444415;1.05317931;0.488780332;0.0244930329;1.044443;0.450002;-5e-06;10;0.5;1.044444;1.044444;1;1
3.010839;1.044443;0.500002222;-4.44444444e-06;0.478726194;-4.25532503e-06;1.0444415;1.05317931;0.488780332;0.0244940879;1.044443;0.450002;-4e-06;10;0.5;1.044444;1.044444;1;1
3.065839;1.044443;0.500002222;-4.44444444e-06;0.478726194;-4.25532503e-06;1.0444418;1.05317931;0.488780332;0.0244940879;1.044443;0.450002;-4e-06;10;0.5;1.044444;1.044444;1;1
3.085839;1.044443;0.500002222;-4.44444444e-06;0.478726194;-4.25532503e-06;1.0444418;1.05317931;0.488779277;0.0244951429;1.044443;0.450002;-4e-06;10;0.5;1.044444;1.044444;1;1
3.107839;1.044443;0.500001111;-4.44444444e-06;0.47872513;-4.25532503e-06;1.0444418;1.05317931;0.488779277;0.0244951429;1.044443;0.450001;-4e-06;10;0.5;1.044444;1.044444;1;1
3.203839;1.044443;0.500001111;-3.33333333e-06;0.47872513;-3.19149378e-06;1.0444421;1.05318029;0.488778821;0.0244961751;1.044443;0.450001;-3e-06;10;0.5;1.044444;1.044444;1;1
3.242839;1.044443;0.500001111;-2.22222222e-06;0.47872513;-2.12766252e-06;1.0444421;1.05318011;0.488778908;0.0244961794;1.044443;0.450001;-2e-06;10;0.5;1.044444;1.044444;1;1
3.281839;1.044444;0.500001111;-2.22222222e-06;0.478724672;-2.12766048e-06;1.0444434;1.05318011;0.488778908;0.0244961794;1.044444;0.450001;-2e-06;10;0.5;1.044444;1.044444;1;1
3.443839;1.044444;0.500001111;-1.11111111e-06;0.478724672;-1.06383024e-06;1.0444434;1.05318011;0.488778908;0.0244972345;1.044444;0.450001;-1e-06;10;0.5;1.044444;1.044444;1;1
3.453839;1.044444;0.500001111;-1.11111111e-06;0.478724672;-1.06383024e-06;1.0444434;1.05318011;0.488778908;0.0244972345;1.044444;0.450001;-1e-06;10;0.5;1.044444;1.044444;1;1
3.682839;1.044444;0.500001111;-1.11111111e-06;0.478724672;-1.06383024e-06;1.0444437;1.05318109;0.488778452;0.0244972116;1.044444;0.450001;-1e-06;10;0.5;1.044444;1.044444;1;1
3.750839;1.044444;0.500001111;-1.11111111e-06;0.478724672;-1.06383024e-06;1.0444437;1.05318109;0.488777397;0.0244972116;1.044444;0.450001;-1e-06;10;0.5;1.044444;1.044444;1;1
3.789839;1.044444;0.5;-1.11111111e-06;0.478723608;-1.06383024e-06;1.0444437;1.05318109;0.488777397;0.0244982666;1.044444;0.45;-1e-06;10;0.5;1.044444;1.044444;1;1
19.999996;1.04444334;0.499999765;3.00063366e-07;0.478723802;-1.81040008e-07;1.0444437;1.05318075;0.488777409;0.0244983117;1.04444375;0.450000219;-2.29107372e-07;10;0.499999956;1.044444;1.044444;1.00000087;0.99999993
20.000000;1.04444334;0.499999765;3.001234e-07;0.478723802;-1.81059146e-07;1.0444437;1.05318075;0.488777409;0.0244983117;1.04444375;0.450000219;-2.29145622e-07;10;0.833332957;1.044444;1.044444;1.00000087;0.99999993
20.003734;1.04444332;0.500014181;1.46017185e-06;0.478737549;8.80831493e-07;1.04444393;1.053181;0.488791053;0.0245004324;1.04444369;0.450013275;7.31486435e-07;10;0.833333015;1.044444;1.044444;1.00000092;0.999999841
20.004194;1.04444332;0.500023066;2.57623963e-06;0.478746048;1.94537289e-06;1.04444422;1.05318157;0.48879923;0.0245025305;1.04444368;0.450021282;1.72638953e-06;10;0.833333022;1.044444;1.044444;1.00000193;1.00000083
20.005116;1.04444332;0.500049724;4.80738705e-06;0.478771557;4.07467255e-06;1.04444511;1.05318168;0.4888245;0.0245067502;1.04444366;0.450045294;3.71599544e-06;10;0.833333036;1.044444;1.044444;1.00000293;1.00000181
20.006038;1.04444233;0.500091936;8.14815286e-06;0.478812417;7.26778888e-06;1.04444499;1.05318176;0.488865615;0.0245130804;1.04444264;0.450083306;6.70539754e-06;10;0.833333051;1.044444;1.044444;1.00000393;1.00000279
20.007282;1.04443934;0.500180812;1.48218723e-05;0.478898867;1.3652389e-05;1.04444408;1.05318146;0.48895121;0.0245257485;1.04443961;0.450163322;1.26910291e-05;10;0.833333072;1.044444;1.044444;1.00000892;1.00000777
20.008111;1.04443734;0.500263024;2.03804834e-05;0.478978486;1.89721868e-05;1.04444358;1.05318157;0.489030281;0.0245373511;1.0444376;0.450237332;1.7681602e-05;10;0.833333086;1.044444;1.044444;1.00001292;1.00001175
20.009355;1.04443336;0.50042523;3.03817192e-05;0.479135611;2.85468518e-05;1.04444257;1.05318001;0.489188197;0.0245595421;1.04443357;0.450383347;2.66680954e-05;10;0.833333108;1.044444;1.044444;1.0000219;1.00002072
20.010080;1.04442937;0.500544108;3.59365622e-05;0.479251261;3.3865942e-05;1.04444037;1.05317979;0.489302234;0.0245743164;1.04442955;0.450490354;3.16605411e-05;10;0.83333312;1.044444;1.044444;1.00002789;1.00002671
20.011104;1.04442238;0.50074187;4.59332423e-05;0.479443816;4.34403366e-05;1.04443607;1.05317673;0.489494603;0.0245975967;1.04442253;0.450668364;4.06503102e-05;10;0.833333138;1.044444;1.044444;1.00003887;1.00003769
20.012128;1.0444144;0.500978521;5.48167804e-05;0.479674071;5.19511995e-05;1.04443078;1.05317354;0.489723958;0.0246240448;1.0444145;0.450881371;4.8640209e-05;10;0.833333156;1.044444;1.044444;1.00005185;1.00005067
20.013152;1.04440341;0.501254059;6.25875947e-05;0.479942947;5.93989578e-05;1.04442218;1.05316845;0.489991125;0.0246537023;1.04440348;0.451129375;5.56297913e-05;10;0.833333172;1.044444;1.044444;1.00006683;1.00006566
20.014176;1.04439043;0.501569598;7.03571305e-05;0.480251051;6.68478457e-05;1.04441159;1.05316225;0.490297843;0.0246844406;1.04439046;0.451413377;6.2618652e-05;10;0.833333188;1.044444;1.044444;1.0000848;1.00008364
20.015200;1.04437546;0.501924025;7.59034058e-05;0.480597324;7.21705487e-05;1.0443981;1.05315416;0.490642373;0.0247173336;1.04437544;0.451732376;6.76065527e-05;10;0.833333202;1.044444;1.044444;1.00010377;1.00010263
20.016224;1.04435748;0.502317343;7.92265964e-05;0.480982227;7.53674674e-05;1.04438132;1.05314301;0.491026314;0.0247513539;1.04435742;0.452086373;7.05934414e-05;10;0.833333214;1.044444;1.044444;1.00012474;1.00012362
20.016736;1.04434749;0.502528446;8.03323426e-05;0.481188977;7.6434798e-05;1.04437162;1.05313701;0.491232732;0.0247694294;1.04434741;0.452276371;7.15865174e-05;10;0.83333322;1.044444;1.044444;1.00013572;1.00013462
20.017248;1.04433751;0.502748438;8.03267991e-05;0.481404243;7.64386896e-05;1.04436193;1.05313077;0.491447696;0.0247864553;1.0443374;0.452474369;7.15793879e-05;10;0.833333224;1.044444;1.044444;1.00014771;1.00014662
20.017760;1.04432652;0.50297843;8.03210655e-05;0.481629551;7.64431644e-05;1.04435064;1.05312433;0.491672263;0.0248045418;1.04432639;0.452681366;7.15720395e-05;10;0.833333229;1.044444;1.044444;1.00015969;1.00015861
20.018272;1.04431454;0.503216201;7.92040051e-05;0.481862773;7.53842893e-05;1.04433835;1.05311648;0.491905924;0.0248226612;1.04431438;0.452895363;7.05644736e-05;10;0.833333232;1.044444;1.044444;1.00017168;1.00017061
20.018784;1.04430155;0.503463971;7.80867544e-05;0.482106038;7.43259361e-05;1.04432505;1.05310842;0.492148132;0.0248397309;1.04430138;0.45311836;6.95567156e-05;10;0.833333235;1.044444;1.044444;1.00018466;1.00018361
20.019296;1.04428856;0.503720631;7.58581268e-05;0.482357821;7.22041414e-05;1.04431146;1.05309994;0.492398976;0.0248578654;1.04428837;0.453349356;6.75487179e-05;10;0.833333238;1.044444;1.044444;1.00019664;1.00019561
20.019808;1.04427458;0.503985069;7.25181941e-05;0.482617523;6.90187771e-05;1.04429627;1.05309008;0.492657859;0.0248760328;1.04427436;0.453587353;6.45405451e-05;10;0.83333324;1.044444;1.044444;1.00020963;1.00020861
20.020320;1.0442606;0.504258396;6.91779324e-05;0.482885742;6.58338988e-05;1.04428138;1.05308099;0.49292483;0.0248931273;1.04426035;0.453833349;6.15321297e-05;10;0.833333241;1.044444;1.044444;1.00022261;1.00022161
20.020832;1.04424561;0.504539502;6.47263621e-05;0.483161882;6.15853063e-05;1.04426489;1.05307051;0.493200896;0.0249113098;1.04424535;0.454086346;5.75235686e-05;10;0.833333241;1.044444;1.044444;1.0002366;1.00023561
20.021344;1.04422963;0.504828385;5.9163275e-05;0.483445939;5.62731233e-05;1.0442474;1.05305962;0.49348349;0.0249295022;1.04422934;0.454346342;5.25148051e-05;10;0.833333241;1.044444;1.044444;1.00024958;1.00024861
20.021856;1.04421364;0.505123936;5.35999896e-05;0.483736391;5.09610339e-05;1.04422961;1.05304833;0.493774717;0.0249466492;1.04421334;0.454612338;4.75059426e-05;10;0.83333324;1.044444;1.044444;1.00026357;1.00026261
20.022368;1.04419666;0.505427265;4.69251423e-05;0.484034764;4.45851832e-05;1.04421082;1.05303664;0.494072472;0.0249648612;1.04419633;0.454885335;4.14969595e-05;10;0.833333238;1.044444;1.044444;1.00027755;1.00027662
20.022880;1.04417868;0.505738372;3.91390073e-05;0.48434106;3.71452333e-05;1.04419043;1.05302436;0.494376841;0.0249820324;1.04417832;0.455165331;3.44879291e-05;10;0.833333236;1.044444;1.044444;1.00029054;1.00028962
20.023392;1.04416069;0.506056147;3.13524633e-05;0.484653751;2.97053797e-05;1.04417004;1.05301089;0.494689164;0.0249992326;1.04416032;0.455451327;2.74788766e-05;10;0.833333234;1.044444;1.044444;1.00030452;1.00030362
20.023904;1.04414271;0.506379477;2.2454683e-05;0.484971774;2.12012406e-05;1.04414965;1.05299782;0.495007641;0.0250164238;1.04414231;0.455742323;1.94698173e-05;10;0.833333231;1.044444;1.044444;1.00031851;1.00031763
20.024416;1.04412373;0.506709475;1.35565994e-05;0.485296658;1.26971162e-05;1.04412766;1.05298416;0.495331678;0.0250336299;1.04412331;0.456039319;1.14608248e-05;10;0.833333227;1.044444;1.044444;1.0003325;1.00033163
20.024928;1.04410374;0.50704614;3.54733483e-06;0.485628403;3.12857764e-06;1.04410467;1.0529701;0.495662242;0.025050846;1.0441033;0.456342316;2.45184779e-06;10;0.833333223;1.044444;1.044444;1.00034648;1.00034564
20.025440;1.04408376;0.50738725;-6.4621331e-06;0.485964419;-6.44007851e-06;1.04408168;1.05295546;0.495998366;0.0250680773;1.0440833;0.456649312;-6.5569936e-06;10;0.833333219;1.044444;1.044444;1.00035947;1.00035864
20.025952;1.04406378;0.507735027;-1.75827454e-05;0.486306832;-1.70732782e-05;1.0440584;1.05294024;0.49634005;0.025085323;1.04406329;0.456962308;-1.65658128e-05;10;0.833333215;1.044444;1.044444;1.00037346;1.00037265
20.026464;1.04404279;0.508087249;-2.87034995e-05;0.486653981;-2.77067314e-05;1.04403411;1.05292541;0.496686835;0.0251025607;1.04404229;0.457279305;-2.65744483e-05;10;0.83333321;1.044444;1.044444;1.00038744;1.00038665
20.026976;1.04402081;0.508445027;-4.09353793e-05;0.487006934;-3.9404892e-05;1.04400852;1.05290921;0.497039552;0.0251198319;1.04402029;0.457601302;-3.75830647e-05;10;0.833333205;1.044444;1.044444;1.00040043;1.00039966
20.027488;1.04399983;0.508807251;-5.31673699e-05;0.48736369;-5.11033892e-05;1.04398394;1.05289323;0.497395349;0.0251370999;1.04399928;0.457927299;-4.85914591e-05;10;0.8333332;1.044444;1.044444;1.00041342;1.00041266
20.028000;1.04397784;0.50917503;-6.5399366e-05;0.487726249;-6.28024122e-05;1.04395805;1.05287764;0.497757297;0.0251543589;1.04397728;0.458258297;-5.95998425e-05;10;0.833333195;1.044444;1.044444;1.0004274;1.00042667
20.028512;1.04395486;0.509546144;-7.87425506e-05;0.488092484;-7.55662462e-05;1.04393117;1.0528605;0.498123161;0.0251716573;1.04395427;0.458592295;-7.16079603e-05;10;0.83333319;1.044444;1.044444;1.00044039;1.00043968
20.029024;1.04393188;0.509921701;-9.20857356e-05;0.488462993;-8.83306383e-05;1.04390428;1.05284357;0.498493158;0.0251889511;1.04393127;0.458930293;-8.36160628e-05;10;0.833333185;1.044444;1.044444;1.00045238;1.00045168
20.029536;1.0439089;0.510301704;-0.00010542893;0.488837774;-0.000101095497;1.0438771;1.05282704;0.498866142;0.0252062373;1.04390827;0.459272292;-9.56238555e-05;10;0.83333318;1.044444;1.044444;1.00046537;1.00046469
20.030048;1.04388591;0.510685042;-0.000119883225;0.489215767;-0.000114925305;1.04384991;1.05280895;0.499244098;0.0252235615;1.04388526;0.459617291;-0.000108631605;10;0.833333175;1.044444;1.044444;1.00047735;1.00047669
20.030560;1.04386293;0.511071711;-0.000133226322;0.489596967;-0.000127691189;1.04382303;1.05279188;0.499624757;0.0252419189;1.04386226;0.459965291;-0.000120638942;10;0.83333317;1.044444;1.044444;1.00049034;1.0004897
20.031560;1.04381596;0.511836163;-0.000161022907;0.490351372;-0.000154289571;1.04376765;1.0527576;0.50037878;0.0252765289;1.04381525;0.460653293;-0.00014565253;10;0.833333161;1.044444;1.044444;1.00051332;1.00051271
20.032460;1.04377299;0.512535059;-0.000186594857;0.491041155;-0.000178762294;1.04371718;1.05272512;0.501066563;0.0253089881;1.04377225;0.461282296;-0.000168663382;10;0.833333152;1.044444;1.044444;1.0005333;1.00053272
20.033360;1.04373002;0.513241732;-0.000211055048;0.491738445;-0.000202172214;1.0436667;1.05269328;0.501763576;0.0253414353;1.04372924;0.4619183;-0.000190672596;10;0.833333144;1.044444;1.044444;1.00055229;1.00055173
20.034260;1.04368704;0.513957295;-0.000236625643;0.492444308;-0.000226648358;1.04361622;1.05266132;0.502468082;0.025374945;1.04368623;0.462562307;-0.000213679907;10;0.833333137;1.044444;1.044444;1.00057127;1.00057074
20.035160;1.04364307;0.514679524;-0.000261084421;0.493157088;-0.000250061751;1.04356474;1.05262884;0.503179209;0.0254095265;1.04364223;0.463212315;-0.000235685145;10;0.833333129;1.044444;1.044444;1.00058825;1.00058775
20.036060;1.0435991;0.515408419;-0.000286653619;0.493876314;-0.000274541392;1.04351326;1.05259605;0.50389792;0.0254451749;1.04359822;0.463868324;-0.000258688218;10;0.833333121;1.044444;1.044444;1.00060524;1.00060476
20.036960;1.04355412;0.516143981;-0.0003099999;0.494602462;-0.000296893452;1.04346108;1.05256295;0.504622105;0.0254818903;1.04355321;0.464530335;-0.000279688995;10;0.833333113;1.044444;1.044444;1.00062122;1.00062077
20.037860;1.04351015;0.5168851;-0.000334456668;0.49533352;-0.00032031149;1.04340989;1.05253031;0.505352439;0.0255185981;1.0435092;0.465197347;-0.000301687507;10;0.833333104;1.044444;1.044444;1.00063721;1.00063677
20.038760;1.04346517;0.517630662;-0.00035780182;0.496069372;-0.000342666611;1.0433577;1.05249698;0.506087376;0.025557438;1.0434642;0.465868358;-0.000322684071;10;0.833333095;1.044444;1.044444;1.0006512;1.00065078
20.039660;1.04342019;0.518382891;-0.000380035303;0.496811676;-0.000363958355;1.04330611;1.05246433;0.50682837;0.0255962651;1.04341919;0.46654537;-0.00034267887;10;0.833333086;1.044444;1.044444;1.00066518;1.00066479
20.040560;1.04337521;0.519138454;-0.000402268015;0.497557238;-0.000385251473;1.04325422;1.05243215;0.507572345;0.0256371953;1.04337418;0.467225381;-0.000362672101;10;0.833333076;1.044444;1.044444;1.00067817;1.0006778
20.041460;1.04333023;0.519899573;-0.000424499605;0.498308189;-0.000406545956;1.04320292;1.05239947;0.508321884;0.0256781409;1.04332917;0.467910392;-0.00038266398;10;0.833333065;1.044444;1.044444;1.00069116;1.00069081
20.042021;1.04330224;0.520376245;-0.000437838279;0.498778438;-0.000419323258;1.04317072;1.05237821;0.50879249;0.0257040176;1.04330117;0.468339398;-0.000394658468;10;0.833333058;1.044444;1.044444;1.00069915;1.00069882
20.043045;1.04325026;0.521250698;-0.000461179034;0.499641477;-0.000441684924;1.04311182;1.05234172;0.509652707;0.0257535118;1.04324916;0.469126408;-0.000415647239;10;0.833333044;1.044444;1.044444;1.00071214;1.00071183
20.044045;1.04319927;0.522110707;-0.000483405761;0.500490278;-0.000462983547;1.04305392;1.05230496;0.510499384;0.0258019587;1.04319815;0.469900416;-0.000435635596;10;0.83333303;1.044444;1.044444;1.00072413;1.00072384
20.045045;1.04314928;0.522975161;-0.00050562944;0.501342942;-0.000484283665;1.04299762;1.05226793;0.511351535;0.0258525269;1.04314815;0.470678422;-0.000455623632;10;0.833333014;1.044444;1.044444;1.00073511;1.00073486
20.046045;1.04309829;0.523845171;-0.000526738887;0.502201495;-0.000504521176;1.04294002;1.05223239;0.512207243;0.0259030608;1.04309714;0.471461425;-0.000474611472;10;0.833332998;1.044444;1.044444;1.0007461;1.00074587
20.047045;1.0430473;0.524719625;-0.000547845338;0.503064395;-0.000524760995;1.04288301;1.0521952;0.513070147;0.0259557495;1.04304614;0.472248427;-0.000493599077;10;0.833332982;1.044444;1.044444;1.00075609;1.00075589
20.048045;1.0429953;0.525600747;-0.000567837894;0.503934254;-0.000543938709;1.0428247;1.05215873;0.513936987;0.0260084234;1.04299413;0.473041426;-0.000511586443;10;0.833332965;1.044444;1.044444;1.00076608;1.00076591
20.049045;1.0429443;0.526487425;-0.000587827962;0.504809045;-0.00056311896;1.0427677;1.05212199;0.514810353;0.0260632186;1.04294313;0.473839423;-0.000529573597;10;0.833332948;1.044444;1.044444;1.00077607;1.00077593
20.050045;1.0428923;0.527378546;-0.000607816001;0.50568867;-0.000582303325;1.04270999;1.05208558;0.515687847;0.0261180087;1.04289113;0.474641418;-0.0005475605;10;0.833332932;1.044444;1.044444;1.00078506;1.00078495
20.051045;1.04284029;0.528276334;-0.000626691482;0.506574778;-0.000600426313;1.04265198;1.05204792;0.516572347;0.0261738882;1.04283913;0.475449411;-0.000564547094;10;0.833332916;1.044444;1.044444;1.00079304;1.00079297
20.052045;1.04278728;0.529179676;-0.000645566033;0.507466789;-0.000618554291;1.04259327;1.05201059;0.51746203;0.0262308185;1.04278613;0.476262401;-0.000581533407;10;0.833332902;1.044444;1.044444;1.00080203;1.00080199
20.053045;1.04273528;0.530088573;-0.000664439947;0.508363734;-0.00063668632;1.04253556;1.05197419;0.518357659;0.0262877284;1.04273414;0.477080389;-0.00059851955;10;0.833332888;1.044444;1.044444;1.00081002;1.00081002
20.054045;1.04268127;0.531004135;-0.000683313324;0.509268143;-0.000654824196;1.04247585;1.05193616;0.519258378;0.0263457379;1.04268014;0.477904375;-0.00061550567;10;0.833332876;1.044444;1.044444;1.00081801;1.00081804
20.055582;1.04259925;0.53242081;-0.000713288349;0.510666988;-0.000683638414;1.04238513;1.05187717;0.520655434;0.0264359753;1.04259815;0.47917935;-0.000642484891;10;0.833332859;1.044444;1.044444;1.00082999;1.00083008
20.056582;1.04254524;0.533349704;-0.000732160336;0.51158443;-0.000701787022;1.04232542;1.05183969;0.521570832;0.0264960902;1.04254415;0.480015333;-0.000659472194;10;0.833332849;1.044444;1.044444;1.00083698;1.00083711
20.057582;1.04249023;0.534284152;-0.0007510319;0.512507789;-0.000719940299;1.0422647;1.05180079;0.522492284;0.0265562437;1.04248915;0.480856316;-0.000676460536;10;0.833332841;1.044444;1.044444;1.00084497;1.00084513
20.058582;1.04243522;0.535223044;-0.000769903197;0.513435513;-0.000738097565;1.04220399;1.05176145;0.523417192;0.0266164112;1.04243416;0.481701299;-0.000693450115;10;0.833332833;1.044444;1.044444;1.00085196;1.00085215
20.059582;1.04238021;0.53616527;-0.000789885443;0.514366533;-0.000757324783;1.04214298;1.05172266;0.524346126;0.0266776242;1.04237916;0.482549282;-0.000711441023;10;0.833332827;1.044444;1.044444;1.00085894;1.00085917
20.060582;1.0423242;0.537110828;-0.000808756435;0.515301345;-0.000775490981;1.04208127;1.05168303;0.525279771;0.0267378046;1.04232316;0.483400266;-0.00072843333;10;0.833332821;1.044444;1.044444;1.00086494;1.0008652
20.061582;1.04226819;0.53806083;-0.000828738386;0.516240522;-0.000794727541;1.04201926;1.05164316;0.526215716;0.0267990501;1.04226716;0.48425525;-0.000746427138;10;0.833332815;1.044444;1.044444;1.00087193;1.00087221
20.063582;1.04215617;0.539968611;-0.000868701871;0.51812664;-0.000833214465;1.04189526;1.0515621;0.528097992;0.0269226389;1.04215516;0.485972217;-0.000782419761;10;0.833332804;1.044444;1.044444;1.00088391;1.00088425
20.064582;1.04209916;0.540925279;-0.000889794356;0.519073013;-0.000853531907;1.04183225;1.05152228;0.529042571;0.0269849463;1.04209816;0.486833202;-0.000801418635;10;0.833332799;1.044444;1.044444;1.00088891;1.00088926
20.065582;1.04204215;0.541885278;-0.000909775193;0.520022688;-0.000872787752;1.04176895;1.05148165;0.529989754;0.0270472771;1.04204116;0.487697187;-0.000819419086;10;0.833332794;1.044444;1.044444;1.0008949;1.00089527
20.066582;1.04198514;0.542847498;-0.000929755238;0.520974596;-0.000892048056;1.04170595;1.05144038;0.530939441;0.027110683;1.04198415;0.488563173;-0.000837421011;10;0.833332788;1.044444;1.044444;1.0008999;1.00090028
20.067582;1.04192712;0.543810828;-0.000949734275;0.521928174;-0.000911313561;1.04164196;1.05139945;0.531891136;0.0271740818;1.04192614;0.48943016;-0.000855424351;10;0.833332782;1.044444;1.044444;1.00090389;1.00090429
20.068582;1.04187011;0.544776378;-0.000968601041;0.522883487;-0.0009295159;1.04157926;1.05135888;0.532843783;0.0272374738;1.04186914;0.490299149;-0.000872429001;10;0.833332775;1.044444;1.044444;1.00090889;1.0009093
20.069582;1.0418121;0.545743037;-0.000988577667;0.523840474;-0.000948789483;1.04151526;1.05131748;0.533799035;0.0273019468;1.04181113;0.49116914;-0.00089043475;10;0.833332767;1.044444;1.044444;1.00091289;1.00091331
20.071582;1.04169708;0.54768191;-0.00102630494;0.525759589;-0.000985213197;1.04138887;1.05123554;0.535713552;0.0274329931;1.04169611;0.492914128;-0.000924448617;10;0.833332747;1.044444;1.044444;1.00092088;1.00092132
20.072582;1.04163906;0.548653012;-0.00104516694;0.526721158;-0.00100342992;1.04132517;1.05119403;0.536672256;0.0274985355;1.04163809;0.493788126;-0.000941456396;10;0.833332735;1.044444;1.044444;1.00092488;1.00092533
20.076582;1.04140702;0.552546315;-0.00111616586;0.530577011;-0.00107205039;1.04107216;1.05102913;0.540519907;0.0277691677;1.04140606;0.497292133;-0.00100549347;10;0.833332672;1.044444;1.044444;1.00093688;1.00093735
20.077582;1.04134901;0.553521864;-0.0011328045;0.531543371;-0.00108814256;1.04100906;1.05098879;0.541483663;0.02783787;1.04134805;0.498170138;-0.00102050449;10;0.833332653;1.044444;1.044444;1.00093988;1.00094035
20.078582;1.041291;0.554498525;-0.00114833227;0.532510901;-0.00110316866;1.04094625;1.05094763;0.542447917;0.0279076561;1.04129004;0.499049144;-0.00103451581;10;0.833332634;1.044444;1.044444;1.00094187;1.00094236
20.079582;1.04123298;0.555475187;-0.0011649715;0.533478537;-0.00111926232;1.04088343;1.05090662;0.543413222;0.0279785004;1.04123204;0.49992815;-0.00104952694;10;0.833332613;1.044444;1.044444;1.00094488;1.00094536
20.080582;1.04117497;0.556451848;-0.0011805001;0.534446279;-0.00113428892;1.04082062;1.05086577;0.544379578;0.0280493455;1.04117403;0.500807156;-0.00106353738;10;0.833332592;1.044444;1.044444;1.00094688;1.00094736
20.081582;1.04111695;0.557430732;-0.00119491821;0.535416261;-0.00114824795;1.04075811;1.05082431;0.545346326;0.028120212;1.04111602;0.501688162;-0.00107654674;10;0.833332571;1.044444;1.044444;1.00094888;1.00094936
20.082582;1.04105794;0.558408505;-0.00121044807;0.536385797;-0.00116327468;1.04069459;1.05078397;0.54631256;0.0281921102;1.04105702;0.502568167;-0.00109055478;10;0.833332548;1.044444;1.044444;1.00095088;1.00095136
20.083582;1.04099992;0.55938739;-0.00122486747;0.537355995;-0.00117723231;1.04063238;1.05074261;0.547280461;0.0282650984;1.04099902;0.503449172;-0.00110356139;10;0.833332527;1.044444;1.044444;1.00095288;1.00095336
20.084582;1.04094191;0.560366276;-0.00123817644;0.5383263;-0.00119012175;1.04057016;1.05070183;0.548249196;0.0283370182;1.04094102;0.504330174;-0.00111556649;10;0.833332505;1.044444;1.044444;1.00095388;1.00095436
20.085582;1.04088389;0.561346274;-0.00125259737;0.53929778;-0.00120407788;1.04050794;1.050661;0.549218034;0.0284110591;1.04088302;0.505212174;-0.00112857;10;0.833332485;1.044444;1.044444;1.00095588;1.00095636
20.086582;1.04082587;0.562326272;-0.00126590826;0.540269368;-0.00121696598;1.04044573;1.05062032;0.550186865;0.0284851002;1.04082502;0.506094172;-0.00114057185;10;0.833332466;1.044444;1.044444;1.00095688;1.00095735
20.087582;1.04076685;0.563306271;-0.00127922047;0.541241585;-0.00122985487;1.04038282;1.05058001;0.551155578;0.0285591358;1.04076603;0.506976166;-0.00115257191;10;0.833332449;1.044444;1.044444;1.00095888;1.00095934
20.088582;1.04070884;0.564286271;-0.00129253422;0.542213392;-0.00124274235;1.04032091;1.05053867;0.552124909;0.0286342619;1.04070804;0.507858158;-0.00116457;10;0.833332434;1.044444;1.044444;1.00095988;1.00096034
20.092582;1.04047578;0.568209609;-0.00134136128;0.546105438;-0.00129002038;1.04007319;1.05037554;0.556007117;0.0289379324;1.04047509;0.511389101;-0.0012085404;10;0.833332393;1.044444;1.044444;1.00096386;1.0009643
20.095582;1.04030075;0.57115406;-0.0013746647;0.549027634;-0.00132227589;1.039888;1.05025306;0.558920962;0.0291707794;1.04030015;0.514039042;-0.00123849705;10;0.833332386;1.044444;1.044444;1.00096683;1.00096726
20.096582;1.04024174;0.572136287;-0.00138576879;0.550002988;-0.00133302963;1.039826;1.05021223;0.559891694;0.0292501725;1.04024117;0.514923022;-0.00124848011;10;0.83333239;1.044444;1.044444;1.00096782;1.00096825
20.097582;1.04018374;0.573117402;-0.00139576336;0.550976857;-0.00134271455;1.03976471;1.05017177;0.560863362;0.0293285044;1.04018319;0.515806001;-0.00125746246;10;0.833332396;1.044444;1.044444;1.00096781;1.00096824
20.099582;1.04006573;0.575080743;-0.00141575772;0.552927061;-0.00136208823;1.03964104;1.05009088;0.562807959;0.029488363;1.04006524;0.517572958;-0.00127542622;10;0.83333242;1.044444;1.044444;1.0009698;1.00097022
20.100582;1.04000773;0.576062968;-0.00142464694;0.553902334;-0.00137070589;1.03958005;1.05004969;0.563780241;0.0295688535;1.04000726;0.518456936;-0.00128340819;10;0.833332438;1.044444;1.044444;1.00096979;1.0009702
20.101582;1.03994873;0.577045193;-0.00143353881;0.554878253;-0.0013793251;1.03951837;1.05000964;0.56475199;0.0296493195;1.03994829;0.519340915;-0.00129139072;10;0.833332459;1.044444;1.044444;1.00097079;1.00097119
20.102582;1.03989074;0.578027417;-0.00144243378;0.555853749;-0.00138794331;1.03945768;1.04996899;0.565725198;0.0297308684;1.03989031;0.520224895;-0.00129937421;10;0.833332484;1.044444;1.044444;1.00097078;1.00097118
20.103582;1.03983174;0.579008529;-0.00145133224;0.556828822;-0.00139656337;1.0393963;1.04992827;0.566697456;0.029812427;1.03983134;0.521107875;-0.001307359;10;0.833332512;1.044444;1.044444;1.00097178;1.00097216
20.104582;1.03977375;0.579990751;-0.00145912336;0.557804538;-0.00140411411;1.03933562;1.04988772;0.567670762;0.0298950478;1.03977336;0.521991857;-0.00131434532;10;0.833332544;1.044444;1.044444;1.00097178;1.00097215
20.105582;1.03971475;0.580972974;-0.00146802953;0.558780902;-0.00141273537;1.03927454;1.04984754;0.568642883;0.0299776668;1.03971439;0.522875839;-0.00132233323;10;0.833332579;1.044444;1.044444;1.00097278;1.00097313
20.106582;1.03965576;0.581955197;-0.00147471746;0.559757377;-0.00141921971;1.03921315;1.04980633;0.569616698;0.0300603246;1.03965542;0.523759822;-0.0013283226;10;0.833332619;1.044444;1.044444;1.00097279;1.00097312
20.107582;1.03959777;0.58293742;-0.00148252041;0.560733425;-0.00142677175;1.03915307;1.04976647;0.570589854;0.0301440115;1.03959745;0.524643807;-0.00133531328;10;0.833332662;1.044444;1.044444;1.00097379;1.0009741
20.109582;1.03947978;0.584901867;-0.00149591502;0.562686931;-0.00143974194;1.0390309;1.04968483;0.57253637;0.0303135857;1.03947951;0.526411778;-0.0013472985;10;0.833332759;1.044444;1.044444;1.00097381;1.00097407
20.110582;1.03942178;0.585884092;-0.00150261693;0.563663307;-0.0014462261;1.03897111;1.04964448;0.573510017;0.0303983736;1.03942154;0.527295765;-0.00135329333;10;0.833332811;1.044444;1.044444;1.00097482;1.00097506
20.112582;1.03930379;0.587848546;-0.00151380494;0.565617474;-0.0014570597;1.03884953;1.04956402;0.575457395;0.0305700855;1.03930361;0.52906374;-0.00136328822;10;0.833332925;1.044444;1.044444;1.00097485;1.00097504
20.113582;1.03924579;0.588830774;-0.00151940102;0.566594178;-0.00146247512;1.03879005;1.04952393;0.576431124;0.0306559501;1.03924564;0.529947729;-0.00136828814;10;0.833332986;1.044444;1.044444;1.00097587;1.00097603
20.114582;1.03918679;0.589813003;-0.00152499787;0.567571536;-0.0014678919;1.03872956;1.04948301;0.577405378;0.0307429051;1.03918668;0.530831719;-0.00137328944;10;0.833333048;1.044444;1.044444;1.00097588;1.00097602
20.115582;1.03912779;0.590795234;-0.00152948405;0.568549004;-0.00147223938;1.03866907;1.04944347;0.578378962;0.0308308863;1.03912771;0.53171571;-0.00137729194;10;0.833333111;1.044444;1.044444;1.0009759;1.00097602
20.116582;1.03906879;0.591777465;-0.00153397033;0.569526583;-0.00147658675;1.03860858;1.04940288;0.579353193;0.0309189049;1.03906874;0.532599702;-0.00138129559;10;0.833333176;1.044444;1.044444;1.00097692;1.00097701
20.117582;1.03901079;0.592759696;-0.00153845627;0.570503724;-0.00148093269;1.03854939;1.04936266;0.58032729;0.0310069191;1.03901078;0.533483695;-0.00138530045;10;0.83333324;1.044444;1.044444;1.00097693;1.000977
20.119582;1.03889279;0.594724159;-0.00154631363;0.572459437;-0.00148855858;1.03842932;1.04928251;0.582275572;0.0311850793;1.03889284;0.535251686;-0.00139231456;10;0.833333366;1.044444;1.044444;1.00097696;1.00097699
20.120582;1.03883379;0.595705281;-0.00154968407;0.573436391;-0.00149183723;1.03836943;1.04924257;0.583249758;0.031275226;1.03883387;0.536134684;-0.00139532421;10;0.833333427;1.044444;1.044444;1.00097797;1.00097799
20.121582;1.03877578;0.596687513;-0.00155194123;0.574413974;-0.00149404523;1.03831055;1.04920181;0.584224473;0.0313654051;1.0387759;0.537018683;-0.00139733572;10;0.833333485;1.044444;1.044444;1.00097798;1.00097798
20.124582;1.03859878;0.599634212;-0.00155869957;0.57734905;-0.00150067721;1.03813149;1.04908191;0.587147754;0.0316390991;1.03859899;0.539670685;-0.00140337917;10;0.833333639;1.044444;1.044444;1.000978;1.00097796
20.125582;1.03853978;0.600616448;-0.00156094825;0.578327633;-0.00150288971;1.0380719;1.04904178;0.588122422;0.0317303519;1.03854002;0.540554686;-0.00140539485;10;0.833333683;1.044444;1.044444;1.00097901;1.00097895
20.126582;1.03848178;0.601598682;-0.00156208408;0.579305771;-0.0015040321;1.03801361;1.04900204;0.589096951;0.0318237198;1.03848205;0.541438687;-0.00140640992;10;0.833333722;1.044444;1.044444;1.00097901;1.00097895
20.127582;1.03842279;0.602579806;-0.00156321854;0.580283509;-0.00150517739;1.03795403;1.04896224;0.590071596;0.0319160383;1.03842309;0.542321689;-0.00140742368;10;0.833333758;1.044444;1.044444;1.00097901;1.00097894
20.128582;1.0383638;0.60356204;-0.00156435204;0.581262428;-0.00150632439;1.03789504;1.04892162;0.591046774;0.0320094489;1.03836412;0.543205691;-0.00140843557;10;0.833333789;1.044444;1.044444;1.00097901;1.00097894
20.129582;1.0383048;0.604544275;-0.00156437382;0.582241461;-0.00150640318;1.03783575;1.04888235;0.592022324;0.0321038851;1.03830515;0.544089694;-0.00140844514;10;0.833333816;1.044444;1.044444;1.00097901;1.00097894
20.130582;1.03824581;0.60552651;-0.00156550631;0.583220605;-0.00150755407;1.03777677;1.04884204;0.592997478;0.0321983611;1.03824617;0.544973699;-0.00140945217;10;0.833333838;1.044444;1.044444;1.00098001;1.00097994
20.131582;1.03818682;0.606507633;-0.00156441626;0.58419879;-0.0015065665;1.03771778;1.04880212;0.59397249;0.0322928335;1.0381872;0.545856705;-0.00140845659;10;0.833333857;1.044444;1.044444;1.00098001;1.00097995
20.134582;1.03800986;0.60945322;-0.00156225646;0.587136151;-0.00150468402;1.03754142;1.04868285;0.596897701;0.0325805216;1.03801027;0.548507728;-0.00140645549;10;0.83333389;1.044444;1.044444;1.00097999;1.00097998
20.135582;1.03795088;0.610435453;-0.00156116561;0.588115852;-0.00150370268;1.03748304;1.04864236;0.597873341;0.0326771619;1.03795129;0.549391736;-0.00140545138;10;0.833333894;1.044444;1.044444;1.00097998;1.00097999
20.136582;1.03789189;0.611416574;-0.00156007402;0.589094592;-0.00150272254;1.03742435;1.04860299;0.598849471;0.0327737734;1.03789231;0.550274744;-0.00140444627;10;0.833333895;1.044444;1.044444;1.00098098;1.000981
20.137582;1.03783391;0.612398805;-0.00155787031;0.590073946;-0.00150067146;1.03736696;1.04856304;0.59982495;0.0328714688;1.03783432;0.551158752;-0.00140244069;10;0.833333893;1.044444;1.044444;1.00098097;1.00098102
20.139582;1.03771594;0.614362155;-0.00155345913;0.592033055;-0.00149657515;1.03725048;1.04848316;0.601776126;0.0330679357;1.03771634;0.552925769;-0.00139842957;10;0.833333881;1.044444;1.044444;1.00098094;1.00098105
20.140582;1.03765696;0.615343274;-0.00155014021;0.593012241;-0.00149345786;1.03719239;1.04844368;0.602751557;0.0331666925;1.03765734;0.553808778;-0.00139542435;10;0.833333873;1.044444;1.044444;1.00098093;1.00098106
20.141582;1.03759797;0.616325504;-0.00154681961;0.593992611;-0.0014903417;1.0371343;1.04840413;0.603727104;0.0332665173;1.03759834;0.554692788;-0.00139241946;10;0.833333862;1.044444;1.044444;1.00098092;1.00098108
20.142582;1.03753799;0.617306621;-0.00154349728;0.594972595;-0.00148722808;1.03707551;1.04836475;0.604702632;0.0333663431;1.03753834;0.555575799;-0.00138941499;10;0.833333851;1.044444;1.044444;1.00098191;1.00098209
20.143582;1.03747901;0.618287736;-0.00154017327;0.595952117;-0.00148411399;1.03701741;1.04832478;0.605678571;0.0334672541;1.03747934;0.55645881;-0.00138641098;10;0.833333838;1.044444;1.044444;1.0009819;1.00098211
20.147582;1.03724308;0.622214419;-0.00152130868;0.599873464;-0.00146630921;1.03678683;1.04816678;0.609583028;0.0338730302;1.0372433;0.559992855;-0.00136939819;10;0.833333772;1.044444;1.044444;1.00098187;1.00098214
20.148582;1.03718409;0.623195536;-0.00151686881;0.600853543;-0.00146212671;1.03672963;1.0481264;0.610559569;0.0339750524;1.03718429;0.560875866;-0.00136539522;10;0.833333754;1.044444;1.044444;1.00098186;1.00098215
20.149582;1.03712511;0.624176654;-0.00151131811;0.601833731;-0.00145687292;1.03667213;1.04808716;0.611535523;0.0340791671;1.03712527;0.561758878;-0.0013603921;10;0.833333736;1.044444;1.044444;1.00098286;1.00098315
20.150582;1.03706612;0.625157772;-0.00150465704;0.602814031;-0.00145054759;1.03661494;1.04804831;0.612511317;0.034182218;1.03706626;0.56264189;-0.00135438875;10;0.833333718;1.044444;1.044444;1.00098286;1.00098315
20.151582;1.03700714;0.626138892;-0.00149910817;0.60379444;-0.00144529351;1.03655774;1.04800841;0.613488857;0.0342863726;1.03700724;0.563524902;-0.00134938512;10;0.8333337;1.044444;1.044444;1.00098286;1.00098315
20.152582;1.03694715;0.627120013;-0.00149244953;0.604775543;-0.00143896923;1.03649985;1.04796867;0.614465315;0.0343905313;1.03694723;0.564407914;-0.00134338119;10;0.833333682;1.044444;1.044444;1.00098287;1.00098315
20.154582;1.03682917;0.629083366;-0.00147802572;0.606737986;-0.00142524532;1.03638606;1.04788992;0.616418031;0.0346009727;1.0368292;0.56617494;-0.00133037252;10;0.833333646;1.044444;1.044444;1.00098288;1.00098313
20.155582;1.03677017;0.630064487;-0.00147137166;0.607718839;-0.0014189182;1.03632917;1.04785066;0.617394426;0.0347072626;1.03677019;0.567057954;-0.00132436772;10;0.833333628;1.044444;1.044444;1.00098388;1.00098412
20.156582;1.03671118;0.631045609;-0.00146360783;0.608699802;-0.00141151826;1.03627258;1.04781059;0.618371375;0.0348135876;1.03671119;0.567940968;-0.00131736249;10;0.833333609;1.044444;1.044444;1.00098389;1.0009841
20.157582;1.03665118;0.63202673;-0.00145584515;0.609681465;-0.00140411804;1.03621498;1.04777166;0.61934773;0.0349198826;1.03665118;0.568823983;-0.00131035681;10;0.833333591;1.044444;1.044444;1.00098389;1.00098409
20.159582;1.03653319;0.63398786;-0.0014392113;0.611642875;-0.00138823593;1.0361021;1.04769256;0.621302445;0.0351346561;1.03653317;0.570589015;-0.00129534429;10;0.833333556;1.044444;1.044444;1.00098391;1.00098404
20.160582;1.03647419;0.634968981;-0.00143033968;0.612624283;-0.00137975444;1.0360455;1.04765411;0.622278735;0.0352430771;1.03647417;0.571472032;-0.00128733764;10;0.83333354;1.044444;1.044444;1.00098392;1.00098401
20.161582;1.03641418;0.635950101;-0.00142035727;0.613606394;-0.0013701989;1.03598851;1.04761386;0.623256158;0.0353515646;1.03641416;0.572355051;-0.00127833082;10;0.833333525;1.044444;1.044444;1.00098393;1.00098398
20.162582;1.03635518;0.636931221;-0.00141148622;0.614588024;-0.00136171072;1.03593221;1.04757476;0.62423298;0.0354610812;1.03635516;0.573238069;-0.00127032379;10;0.833333512;1.044444;1.044444;1.00098494;1.00098495
20.163582;1.03629618;0.63791234;-0.00140150428;0.615569766;-0.00135214711;1.03587622;1.04753606;0.625209637;0.0355705905;1.03629615;0.574121089;-0.0012613164;10;0.8333335;1.044444;1.044444;1.00098496;1.00098492
20.164582;1.03623617;0.638892347;-0.00139152249;0.616551141;-0.00134258147;1.03581922;1.0474963;0.626186995;0.0356801414;1.03623615;0.575003108;-0.00125230843;10;0.83333349;1.044444;1.044444;1.00098497;1.00098489
20.165582;1.03617717;0.639873463;-0.00138154072;0.617533108;-0.00133301122;1.03576322;1.04745768;0.62716375;0.0357907205;1.03617715;0.575886127;-0.00124329966;10;0.83333348;1.044444;1.044444;1.00098498;1.00098486
20.167582;1.03605816;0.64183569;-0.0013593545;0.619497972;-0.00131171709;1.03565082;1.04737897;0.629119414;0.036013006;1.03605814;0.577652165;-0.00122327921;10;0.833333465;1.044444;1.044444;1.00098501;1.00098479
20.168582;1.03599915;0.642815687;-0.00134826116;0.620479201;-0.00130106426;1.03559511;1.04733986;0.63009668;0.0361246796;1.03599913;0.578534184;-0.00121326732;10;0.833333459;1.044444;1.044444;1.00098503;1.00098476
20.169582;1.03594014;0.643796794;-0.00133716776;0.621461615;-0.0012904082;1.03553971;1.0473009;0.631073921;0.0362374142;1.03594013;0.579417202;-0.00120325429;10;0.833333453;1.044444;1.044444;1.00098605;1.00098573
20.170582;1.03588014;0.644776786;-0.00132496325;0.622443667;-0.00127867775;1.0354833;1.04726114;0.632051722;0.0363491219;1.03588013;0.580299218;-0.00119224025;10;0.833333447;1.044444;1.044444;1.00098607;1.0009857
20.172582;1.03576113;0.646737876;-0.00130055423;0.624408581;-0.00125520732;1.03537149;1.0471833;0.634006514;0.0365767401;1.03576113;0.582064246;-0.00117021023;10;0.833333437;1.044444;1.044444;1.00098611;1.00098563
20.174582;1.03564212;0.648698959;-0.00127503307;0.626373944;-0.00123065528;1.03526026;1.04710488;0.635961935;0.0368044025;1.03564213;0.583829266;-0.00114718047;10;0.833333424;1.044444;1.044444;1.00098614;1.00098557
20.175582;1.03558311;0.649680055;-0.00126171559;0.627357029;-0.00121783979;1.03520515;1.04706591;0.636939605;0.0369203568;1.03558313;0.584712274;-0.00113516676;10;0.833333417;1.044444;1.044444;1.00098716;1.00098654
20.176582;1.03552311;0.65066004;-0.00124728535;0.628339761;-0.00120395121;1.03514934;1.0470271;0.637917248;0.0370352505;1.03552314;0.58559428;-0.00112215432;10;0.833333408;1.044444;1.044444;1.00098718;1.00098651
20.180582;1.03528509;0.654581099;-0.0011906503;0.632271685;-0.00114945699;1.03492839;1.04687054;0.641830381;0.0375013088;1.03528517;0.589123286;-0.00107112534;10;0.833333367;1.044444;1.044444;1.00098723;1.00098641
20.181582;1.03522608;0.655562202;-0.00117509542;0.633255449;-0.00113448918;1.03487417;1.04683155;0.642808481;0.0376194302;1.03522618;0.590006284;-0.00105712481;10;0.833333356;1.044444;1.044444;1.00098725;1.00098639
20.182582;1.03516607;0.656542195;-0.00115953787;0.634238866;-0.0011195218;1.03481866;1.04679273;0.643786553;0.0377375556;1.03516619;0.590888281;-0.00104312716;10;0.833333345;1.044444;1.044444;1.00098826;1.00098737
20.183582;1.03510607;0.65752219;-0.001143978;0.635222398;-0.00110455398;1.03476345;1.04675406;0.644764598;0.0378556856;1.0351062;0.591770277;-0.00102913229;10;0.833333333;1.044444;1.044444;1.00098827;1.00098735
20.184582;1.03504706;0.658502188;-0.00112841616;0.636205429;-0.00108958491;1.03470923;1.04671459;0.645743213;0.0379749176;1.03504722;0.592652273;-0.0010151399;10;0.833333321;1.044444;1.044444;1.00098828;1.00098733
20.188582;1.03480802;0.662422199;-0.00106170825;0.640140529;-0.00102541862;1.03448998;1.04655925;0.649656803;0.0384561166;1.03480826;0.596180258;-0.000955185803;10;0.833333274;1.044444;1.044444;1.00098834;1.00098727
20.189582;1.03474801;0.663402205;-0.00104391715;0.641124742;-0.00100830458;1.03443537;1.04652057;0.65063528;0.0385764414;1.03474827;0.597062255;-0.000939198677;10;0.833333263;1.044444;1.044444;1.00098936;1.00098826
20.190582;1.034688;0.664382211;-0.00102612526;0.642109067;-0.000991191243;1.03438075;1.04648206;0.651613727;0.0386988962;1.03468828;0.597944252;-0.000923211262;10;0.833333251;1.044444;1.044444;1.00098937;1.00098825
20.191582;1.034629;0.665362217;-0.00100833264;0.643092883;-0.000974077754;1.03432714;1.04644272;0.652592748;0.0388213941;1.03462929;0.598826249;-0.000907223194;10;0.83333324;1.044444;1.044444;1.00098939;1.00098824
20.192582;1.03456899;0.666342222;-0.000989428235;0.644077432;-0.000955891922;1.03427252;1.04640356;0.653571742;0.0389438989;1.03456929;0.599708246;-0.000890234157;10;0.833333229;1.044444;1.044444;1.00098941;1.00098823
20.194582;1.03444899;0.66830223;-0.000951617559;0.646046874;-0.000919520224;1.03416357;1.04632667;0.655529036;0.0391899538;1.0344493;0.60147224;-0.000856252094;10;0.833333208;1.044444;1.044444;1.00098945;1.00098822
20.195582;1.03438898;0.669282234;-0.000932711368;0.647031764;-0.000901333239;1.03410954;1.04628799;0.656509003;0.039314601;1.0343893;0.602354237;-0.000839258684;10;0.833333198;1.044444;1.044444;1.00099047;1.00098921
20.196582;1.03432998;0.670262238;-0.000913804691;0.648016143;-0.000883143973;1.03405622;1.04624848;0.657488487;0.0394392899;1.0343303;0.603236233;-0.000822263691;10;0.833333189;1.044444;1.044444;1.00099048;1.00098921
20.199582;1.03414999;0.673201143;-0.000852637671;0.650970767;-0.000824268863;1.03389413;1.04613265;0.660425705;0.0398154424;1.0341503;0.605881219;-0.000767270781;10;0.833333168;1.044444;1.044444;1.00099053;1.0009892
20.201582;1.03403;0.675160048;-0.000811486747;0.652940728;-0.000784646562;1.03378666;1.04605511;0.662384408;0.0400680402;1.0340303;0.607644205;-0.000730270839;10;0.833333161;1.044444;1.044444;1.00099055;1.0009892
20.202582;1.03397;0.676140057;-0.000790354778;0.653926416;-0.000764292772;1.03373293;1.04601659;0.663363713;0.0401959366;1.03397029;0.608526195;-0.000711270328;10;0.833333159;1.044444;1.044444;1.00099155;1.00099021
20.203582;1.03391001;0.677118957;-0.000769222325;0.654911146;-0.000743934607;1.0336795;1.04597823;0.664342986;0.0403238353;1.03391028;0.609407183;-0.000692269852;10;0.833333157;1.044444;1.044444;1.00099156;1.00099021
20.205582;1.03379002;0.679077871;-0.000724734623;0.656882022;-0.000701053051;1.03357234;1.04590078;0.666302218;0.0405796853;1.03379026;0.611170151;-0.000652270244;10;0.833333156;1.044444;1.044444;1.00099156;1.00099023
20.206582;1.03373003;0.680057885;-0.000702490864;0.657868169;-0.000679603078;1.03351921;1.04586193;0.667282013;0.0407086886;1.03373025;0.61205213;-0.00063227186;10;0.833333155;1.044444;1.044444;1.00099156;1.00099024
20.207582;1.03367004;0.681036789;-0.000680247438;0.658853357;-0.000658146301;1.03346578;1.04582325;0.668261777;0.0408387554;1.03367024;0.612933107;-0.000612274863;10;0.833333152;1.044444;1.044444;1.00099155;1.00099025
20.208582;1.03361005;0.682015693;-0.000656893439;0.659838661;-0.000635607442;1.03341266;1.04578474;0.66924151;0.0409688236;1.03361022;0.61381408;-0.000591279381;10;0.833333149;1.044444;1.044444;1.00099255;1.00099127
20.212582;1.03336909;0.685933532;-0.000562371971;0.663783819;-0.000544304344;1.03320006;1.04563013;0.673161527;0.0414923888;1.03336916;0.617339942;-0.000506308035;10;0.833333125;1.044444;1.044444;1.00099249;1.00099131
20.213582;1.0333091;0.686912434;-0.00053790903;0.664769698;-0.000520654635;1.03314724;1.04559145;0.674141721;0.0416246311;1.03330914;0.618220902;-0.000484315737;10;0.833333116;1.044444;1.044444;1.00099247;1.00099132
20.214582;1.03324911;0.687891336;-0.000513445991;0.665755691;-0.000496998809;1.03309472;1.04555295;0.675121882;0.0417579392;1.03324912;0.61910186;-0.000462322775;10;0.833333105;1.044444;1.044444;1.00099245;1.00099133
20.215582;1.03318911;0.688870236;-0.000487871604;0.666741796;-0.000472261982;1.0330422;1.04551435;0.67610218;0.0418901983;1.0331891;0.61998282;-0.000439328822;10;0.833333093;1.044444;1.044444;1.00099343;1.00099234
20.216582;1.03312912;0.689850245;-0.000463408138;0.667729091;-0.000448595383;1.03298968;1.04547616;0.677082278;0.0420245762;1.03312909;0.62086478;-0.000417333718;10;0.833333079;1.044444;1.044444;1.00099341;1.00099234
20.218582;1.03300813;0.691808037;-0.000411148145;0.669702519;-0.000398021582;1.03288423;1.04539933;0.679043003;0.0422923199;1.03300805;0.622626705;-0.000370340262;10;0.833333049;1.044444;1.044444;1.00099336;1.00099235
20.219582;1.03294814;0.69278693;-0.000385574241;0.67068908;-0.000373265368;1.03283201;1.04536042;0.6800238;0.0424278223;1.03294803;0.623507671;-0.000347342268;10;0.833333032;1.044444;1.044444;1.00099334;1.00099236
20.220582;1.03288714;0.693765821;-0.000358889697;0.671676404;-0.000347429539;1.03277878;1.04532193;0.681003333;0.0425633184;1.03288702;0.62438864;-0.000323343703;10;0.833333015;1.044444;1.044444;1.00099331;1.00099236
20.221582;1.03282714;0.69474471;-0.000332205583;0.672663193;-0.000321589357;1.03272686;1.04528361;0.681983896;0.0426988188;1.032827;0.625269612;-0.000299344715;10;0.833332997;1.044444;1.044444;1.00099429;1.00099336
20.224582;1.03264614;0.697681374;-0.000251043761;0.675624895;-0.000242973085;1.03257008;1.0451684;0.684926189;0.0431085837;1.03264595;0.627912549;-0.000226345524;10;0.833332943;1.044444;1.044444;1.00099422;1.00099336
20.226582;1.03252513;0.699638037;-0.000194342874;0.67759908;-0.000188037008;1.03246583;1.04509199;0.686887818;0.0433839245;1.03252492;0.629673523;-0.000175343861;10;0.833332908;1.044444;1.044444;1.00099417;1.00099335
20.227582;1.03246413;0.700616924;-0.000166547087;0.678587212;-0.000161102716;1.03241351;1.0450537;0.687868812;0.0435226789;1.0324639;0.630554515;-0.000150342133;10;0.833332892;1.044444;1.044444;1.00099515;1.00099435
20.229582;1.03234311;0.702574697;-0.000108730341;0.680563165;-0.000105073056;1.03230957;1.04497636;0.689831509;0.0438013147;1.03234288;0.632316506;-9.83363329e-05;10;0.833332859;1.044444;1.044444;1.0009951;1.00099434
20.230582;1.0322831;0.703552473;-7.98203168e-05;0.681549909;-7.70544819e-05;1.03225825;1.04493855;0.6908124;0.0439411449;1.03228287;0.633196504;-7.23318492e-05;10;0.833332842;1.044444;1.044444;1.00099507;1.00099434
20.231582;1.03222209;0.704531361;-4.97983641e-05;0.682538503;-4.79577258e-05;1.03220624;1.04489968;0.69179407;0.0440810312;1.03222187;0.634077502;-4.53259121e-05;10;0.833332826;1.044444;1.044444;1.00099504;1.00099433
20.232582;1.03216208;0.705510249;-1.97760596e-05;0.683526552;-1.88594355e-05;1.03215522;1.0448622;0.692774892;0.0442219332;1.03216187;0.634958501;-1.83181856e-05;10;0.833332808;1.044444;1.044444;1.00099501;1.00099433
20.233582;1.03210107;0.706488026;1.02460957e-05;0.684514302;1.02399638e-05;1.03210321;1.04482392;0.693756317;0.0443628799;1.03210087;0.6358385;8.69161896e-06;10;0.833332789;1.044444;1.044444;1.00099598;1.00099533
20.234582;1.03204106;0.707466916;4.02676277e-05;0.685502581;3.93402102e-05;1.03205221;1.04478554;0.694737886;0.0445049052;1.03204087;0.636719497;3.57036735e-05;10;0.83333277;1.044444;1.044444;1.00099595;1.00099533
20.235582;1.03198005;0.708445806;7.02881165e-05;0.686491639;6.84411792e-05;1.0320005;1.04474662;0.695719882;0.0446469636;1.03197987;0.637600493;6.27180117e-05;10;0.83333275;1.044444;1.044444;1.00099592;1.00099533
20.236582;1.03191904;0.709423586;0.000101418376;0.687479736;9.86196028e-05;1.0319485;1.04470856;0.696701381;0.0447889954;1.03191888;0.638480488;9.07345647e-05;10;0.833332729;1.044444;1.044444;1.00099589;1.00099532
20.237582;1.03185804;0.710402478;0.000132547174;0.688469027;0.000128799044;1.0318971;1.04466998;0.697682244;0.0449321232;1.03185789;0.639361482;0.000118753216;10;0.833332707;1.044444;1.044444;1.00099586;1.00099532
20.238582;1.03179803;0.71138026;0.000164785635;0.689456689;0.000160056446;1.0318464;1.04463251;0.69866349;0.0450762757;1.0317979;0.640241474;0.000147773822;10;0.833332686;1.044444;1.044444;1.00099583;1.00099532
20.239582;1.03173703;0.712358043;0.000195911604;0.690445136;0.000190238554;1.03179501;1.04459397;0.699645524;0.0452194199;1.03173691;0.641121466;0.000175796195;10;0.833332664;1.044444;1.044444;1.00099681;1.00099632
20.241582;1.03161503;0.714314718;0.00026038186;0.692423456;0.000252761312;1.03169224;1.04451765;0.701609302;0.0455088952;1.03161493;0.642882447;0.000233845146;10;0.833332623;1.044444;1.044444;1.00099676;1.00099631
20.242582;1.03155504;0.715293612;0.000292615161;0.693412659;0.000284024898;1.03164215;1.04447891;0.702591693;0.0456542048;1.03155494;0.643763437;0.000262870999;10;0.833332605;1.044444;1.044444;1.00099674;1.00099631
20.243582;1.03149405;0.716271394;0.000325958512;0.694401572;0.00031636758;1.03159077;1.04444103;0.703573581;0.045799487;1.03149395;0.644643426;0.000292897291;10;0.833332589;1.044444;1.044444;1.00099672;1.00099631
20.244582;1.03143306;0.717249176;0.00035930103;0.695390604;0.000348711964;1.03154;1.0444026;0.704555898;0.0459458657;1.03143297;0.645523417;0.000322923841;10;0.833332576;1.044444;1.044444;1.0009967;1.00099631
20.245582;1.03137207;0.718226958;0.000392642999;0.696379753;0.000381057855;1.03148892;1.04436408;0.705538362;0.0460922587;1.03137198;0.646403408;0.000352950666;10;0.833332565;1.044444;1.044444;1.00099769;1.00099732
20.246582;1.03131109;0.71920585;0.000425984694;0.697370097;0.000413405057;1.03143815;1.04432599;0.706520605;0.0462397058;1.031311;0.6472844;0.000382977912;10;0.833332557;1.044444;1.044444;1.00099767;1.00099732
20.249582;1.03112814;0.722139195;0.000529343218;0.700338608;0.000513687343;1.03128584;1.04421213;0.709466403;0.0466831486;1.03112804;0.649924387;0.000476063164;10;0.833332549;1.044444;1.044444;1.00099763;1.00099735
20.250582;1.03106715;0.72311698;0.000563796356;0.701328348;0.000547118305;1.03123537;1.04417373;0.71044914;0.0468317118;1.03106705;0.650804386;0.000507092518;10;0.833332551;1.044444;1.044444;1.00099762;1.00099736
20.251582;1.03100617;0.724094766;0.000598249592;0.702318205;0.000580551521;1.0311849;1.04413521;0.711432024;0.0469813536;1.03100607;0.651684389;0.000538121962;10;0.833332555;1.044444;1.044444;1.00099861;1.00099837
20.255582;1.03076222;0.728005938;0.000741615634;0.706278809;0.00071970368;1.03098393;1.04398232;0.715362368;0.047582093;1.03076213;0.655204422;0.000667232227;10;0.833332595;1.044444;1.044444;1.00099859;1.00099842
20.256582;1.03070123;0.728983734;0.000778289375;0.707269253;0.000755309553;1.03093406;1.0439446;0.716345044;0.0477338755;1.03070114;0.656084435;0.000700255812;10;0.833332609;1.044444;1.044444;1.00099859;1.00099844
20.257582;1.03063924;0.729961533;0.0008149626;0.708260501;0.000790920319;1.03088319;1.04390636;0.717328147;0.0478856916;1.03063916;0.65696445;0.000733277306;10;0.833332625;1.044444;1.044444;1.00099959;1.00099946
20.258582;1.03057824;0.730939333;0.000851635253;0.709251182;0.000826534306;1.03083332;1.04386801;0.718311397;0.0480385872;1.03057817;0.657844465;0.000766296574;10;0.833332642;1.044444;1.044444;1.00099959;1.00099948
20.260582;1.03045624;0.732893823;0.000927200901;0.711231818;0.00089992922;1.03073357;1.04379206;0.720277574;0.0483443736;1.03045621;0.659603498;0.000834328104;10;0.833332678;1.044444;1.044444;1.0009996;1.00099952
20.261582;1.03039424;0.733871624;0.000964982804;0.712223543;0.000936632155;1.030683;1.04375351;0.721260099;0.0484973092;1.03039422;0.660483514;0.000868340432;10;0.833332696;1.044444;1.044444;1.0009996;1.00099955
20.262582;1.03033323;0.734849426;0.00100276416;0.713214698;0.000973336859;1.03063342;1.04371581;0.722243171;0.0486523457;1.03033324;0.66136353;0.000902350695;10;0.833332713;1.044444;1.044444;1.0009996;1.00099957
20.263582;1.03027222;0.735826118;0.00104165618;0.714204893;0.00101112258;1.03058415;1.04367731;0.723226865;0.0488063661;1.03027225;0.662242545;0.00093735921;10;0.833332728;1.044444;1.044444;1.00100061;1.0010006
20.265582;1.03014921;0.737780611;0.00111832833;0.716187411;0.00108562502;1.03048429;1.04360108;0.725193927;0.0491165354;1.03014928;0.664001572;0.00100637272;10;0.833332755;1.044444;1.044444;1.00100061;1.00100065
20.266582;1.0300872;0.738758414;0.00115833087;0.717179737;0.00112449958;1.03043401;1.04356307;0.72617749;0.0492726976;1.03008729;0.664881585;0.00104237857;10;0.833332767;1.044444;1.044444;1.00100062;1.00100068
20.267582;1.03002619;0.739736216;0.00119722216;0.718171486;0.00116229821;1.03038503;1.04352551;0.727159749;0.0494288505;1.0300263;0.665761596;0.00107738424;10;0.833332777;1.044444;1.044444;1.00100062;1.00100071
20.268582;1.02996519;0.740712906;0.0012372244;0.719162275;0.00120117973;1.03033604;1.04348688;0.728143893;0.049586131;1.0299653;0.666640606;0.00111338992;10;0.833332786;1.044444;1.044444;1.00100062;1.00100074
20.269582;1.02990319;0.741689596;0.00127722643;0.720153883;0.00124006701;1.03028605;1.04344841;0.729127995;0.0497434158;1.02990331;0.667519615;0.00114939584;10;0.833332795;1.044444;1.044444;1.00100162;1.00100177
20.270582;1.02984219;0.742667397;0.00131722823;0.721145989;0.00127895796;1.03023707;1.04341039;0.730111858;0.0499006912;1.02984232;0.668399622;0.00118540232;10;0.833332803;1.044444;1.044444;1.00100162;1.0010018
20.273582;1.0296572;0.745598572;0.00144056458;0.724122266;0.00139890273;1.03008869;1.04329678;0.733062514;0.0503768268;1.02965734;0.671037638;0.00129642719;10;0.833332825;1.044444;1.044444;1.00100162;1.00100188
20.274582;1.0295952;0.746575258;0.00148167564;0.725114473;0.00143889638;1.0300393;1.04325818;0.734047076;0.0505363063;1.02959535;0.671916641;0.00133343733;10;0.833332833;1.044444;1.044444;1.00100162;1.0010019
20.275582;1.02953321;0.747553056;0.00152278615;0.726107878;0.00147889597;1.0299896;1.04322072;0.73503092;0.0506957425;1.02953336;0.672796643;0.00137044829;10;0.833332841;1.044444;1.044444;1.00100262;1.00100293
20.278582;1.02934824;0.750483112;0.0016494482;0.729084867;0.00160216766;1.0298427;1.04310673;0.737982962;0.0511784565;1.02934838;0.675433638;0.0014844864;10;0.833332866;1.044444;1.044444;1.00100261;1.00100299
20.280582;1.02922526;0.752436476;0.00173499931;0.731069883;0.00168545891;1.02974549;1.04303043;0.739952299;0.0515017585;1.02922539;0.677191625;0.00156151654;10;0.833332886;1.044444;1.044444;1.00100261;1.00100303
20.281582;1.02916327;0.753414266;0.00177833027;0.732064004;0.00172765465;1.02969639;1.04299234;0.740935973;0.0516644893;1.0291634;0.678071615;0.00160053273;10;0.833332897;1.044444;1.044444;1.00100362;1.00100405
20.285582;1.02891529;0.757320958;0.00195387713;0.736037355;0.00189866595;1.02950116;1.04283953;0.744874927;0.0523198141;1.02891543;0.681587569;0.00175860021;10;0.833332948;1.044444;1.044444;1.00100366;1.00100413
20.286582;1.02885329;0.758296514;0.00199943009;0.73702991;0.00194305692;1.02945235;1.04280228;0.745859446;0.0524836298;1.02885343;0.682465558;0.0017996174;10;0.833332962;1.044444;1.044444;1.00100467;1.00100515
20.287582;1.0287913;0.759273176;0.00204387088;0.738023662;0.00198637554;1.02940385;1.04276394;0.746844809;0.0526496446;1.02879144;0.683344548;0.00183963478;10;0.833332977;1.044444;1.044444;1.00100468;1.00100516
20.291582;1.0285433;0.763179793;0.00222605884;0.74199984;0.00216404733;1.02921071;1.04261229;0.750784749;0.0533148267;1.02854344;0.686860514;0.00200370356;10;0.833333034;1.044444;1.044444;1.00100473;1.00100521
20.292582;1.0284813;0.764155327;0.00227271071;0.742993097;0.00220956421;1.02916251;1.04257413;0.751770364;0.0534819696;1.02848144;0.687738508;0.00204571945;10;0.833333048;1.044444;1.044444;1.00100574;1.00100622
20.293582;1.0284183;0.76513197;0.00231824897;0.743988272;0.00225400963;1.0291133;1.04253584;0.752755076;0.0536501982;1.02841844;0.688617503;0.0020867344;10;0.83333306;1.044444;1.044444;1.00100574;1.00100623
20.294582;1.0283563;0.76610861;0.0023660072;0.744982845;0.00230061989;1.02906539;1.04249868;0.753740114;0.053818382;1.02835643;0.689496499;0.00212974828;10;0.833333073;1.044444;1.044444;1.00100575;1.00100623
20.295582;1.02829431;0.767084135;0.00241265253;0.745976452;0.00234615534;1.02901749;1.04245977;0.754726487;0.0539866688;1.02829442;0.690374496;0.00217176102;10;0.833333084;1.044444;1.044444;1.00100575;1.00100623
20.296582;1.02823231;0.768060769;0.0024592967;0.74697126;0.00239169601;1.02896958;1.04242198;0.755711054;0.0541559753;1.02823241;0.691253493;0.00221377267;10;0.833333096;1.044444;1.044444;1.00100576;1.00100624
20.297582;1.02816931;0.769036291;0.00250705154;0.747965833;0.00243832479;1.02892098;1.04238435;0.756696638;0.0543263509;1.0281694;0.692131491;0.00225678346;10;0.833333108;1.044444;1.044444;1.00100676;1.00100724
20.299582;1.02804531;0.770988437;0.00260367375;0.749954962;0.00253267439;1.02882578;1.0423077;0.758669048;0.0546661428;1.02804537;0.69388849;0.00234380374;10;0.833333133;1.044444;1.044444;1.00100677;1.00100724
20.300702;1.0279753;0.772081725;0.00265698422;0.75106958;0.00258474304;1.02877198;1.04226614;0.759771784;0.0548580781;1.02797535;0.69487249;0.00239181486;10;0.833333149;1.044444;1.044444;1.00100677;1.00100724
20.301759;1.0279093;0.773113903;0.00270918664;0.752121973;0.00263572676;1.02872158;1.04222512;0.760814509;0.0550393368;1.02790933;0.695801491;0.00243882508;10;0.833333165;1.044444;1.044444;1.00100678;1.00100724
20.302011;1.0278933;0.773359448;0.00272140428;0.752372565;0.00264766156;1.02870918;1.04221651;0.761062802;0.055082434;1.02789333;0.696022491;0.00244982748;10;0.833333169;1.044444;1.044444;1.00100678;1.00100724
20.303035;1.0278293;0.774359403;0.00277138737;0.753392312;0.00269648596;1.02866018;1.04217668;0.762072764;0.0552583126;1.02782931;0.696922493;0.00249483662;10;0.833333185;1.044444;1.044444;1.00100778;1.00100825
20.304059;1.02776529;0.775358246;0.0028213723;0.754411105;0.00274531704;1.02861118;1.04213799;0.763081974;0.0554352084;1.02776529;0.697821496;0.00253984477;10;0.833333202;1.044444;1.044444;1.00100778;1.00100825
20.305083;1.02770129;0.7763582;0.00287247025;0.755431109;0.00279523621;1.02856249;1.04209976;0.764091979;0.0556120902;1.02770127;0.698721499;0.00258585161;10;0.833333218;1.044444;1.044444;1.00100779;1.00100825
20.306619;1.02760528;0.777857018;0.00294912096;0.756960274;0.00287012853;1.0284896;1.04204133;0.76560631;0.0558785576;1.02760524;0.700070506;0.00265485842;10;0.833333241;1.044444;1.044444;1.0010078;1.00100825
20.308131;1.02751027;0.779332505;0.00302466453;0.758466284;0.002943952;1.02841741;1.04198351;0.767097967;0.056142888;1.02751021;0.701398512;0.00272286028;10;0.833333259;1.044444;1.044444;1.00100781;1.00100826
20.309131;1.02744726;0.780308017;0.00307576968;0.759462269;0.00299389556;1.02836972;1.04194588;0.768083287;0.0563176525;1.02744718;0.702276516;0.00276885813;10;0.833333269;1.044444;1.044444;1.00100882;1.00100926
20.310131;1.02738525;0.781283529;0.00312687611;0.76045764;0.00304384216;1.02832273;1.04190745;0.769070325;0.056492472;1.02738516;0.703154519;0.00281485322;10;0.833333276;1.044444;1.044444;1.00100884;1.00100926
20.312131;1.02725923;0.783234561;0.0032290921;0.762450231;0.00314375785;1.02822765;1.0418311;0.771043178;0.0568442557;1.0272591;0.704910525;0.00290683533;10;0.833333283;1.044444;1.044444;1.00100887;1.00100928
20.313131;1.02719622;0.784210081;0.0032813125;0.763446714;0.00319480506;1.02818027;1.04179317;0.772030058;0.0570201534;1.02719607;0.705788528;0.00295382268;10;0.833333284;1.044444;1.044444;1.00100888;1.00100929
20.314131;1.02713321;0.785185603;0.00333242252;0.764443321;0.00324477516;1.02813288;1.04175542;0.773016886;0.0571971215;1.02713304;0.706666531;0.00299980781;10;0.833333282;1.044444;1.044444;1.00100989;1.00101029
20.315131;1.02707121;0.786161126;0.00338464431;0.765439308;0.00329582798;1.0280865;1.04171782;0.774002594;0.05737516;1.02707101;0.707544534;0.0030467909;10;0.833333279;1.044444;1.044444;1.00100991;1.0010103
20.318131;1.02688219;0.789087712;0.003543536;0.768430251;0.00345118348;1.02794494;1.04160318;0.776963666;0.0579094594;1.02688191;0.710178544;0.00318973027;10;0.833333258;1.044444;1.044444;1.00100994;1.00101033
20.319131;1.02681919;0.790063244;0.00359687172;0.769427483;0.00350333777;1.02789786;1.04156531;0.777950941;0.0580886352;1.02681888;0.711056549;0.00323770772;10;0.833333247;1.044444;1.044444;1.00101095;1.00101133
20.320131;1.02675618;0.791037667;0.00365020808;0.770423756;0.00355549682;1.02785107;1.04152759;0.778937095;0.0582678154;1.02675585;0.711933555;0.00328568432;10;0.833333233;1.044444;1.044444;1.00101096;1.00101134
20.321131;1.02669318;0.792013201;0.00370354491;0.771421235;0.00360766106;1.02780429;1.0414891;0.779924977;0.0584481205;1.02669283;0.712811562;0.00333366005;10;0.833333218;1.044444;1.044444;1.00101096;1.00101134
20.322131;1.02662917;0.792988737;0.00375799305;0.77241959;0.00366091681;1.0277565;1.04145172;0.78091209;0.058628377;1.0266288;0.71368957;0.00338263481;10;0.8333332;1.044444;1.044444;1.00101097;1.00101135
20.324131;1.02650317;0.794938697;0.00386688895;0.774414085;0.00376744035;1.02766293;1.04137557;0.782886521;0.0589911468;1.02650277;0.71544459;0.00348058071;10;0.833333158;1.044444;1.044444;1.00101097;1.00101136
20.325131;1.02644016;0.795914231;0.00392133659;0.775412058;0.00382071207;1.02761644;1.04133745;0.783874416;0.0591725572;1.02643976;0.716322603;0.00352955161;10;0.833333134;1.044444;1.044444;1.00101196;1.00101236
20.328131;1.02625016;0.798839718;0.00408690401;0.778406388;0.0039827363;1.02747629;1.04122307;0.786836397;0.059721146;1.02624974;0.718955653;0.00367845884;10;0.833333055;1.044444;1.044444;1.00101194;1.00101237
20.329131;1.02618716;0.799814136;0.00414357671;0.779403769;0.00403819964;1.0274301;1.04118498;0.787824565;0.0599047483;1.02618674;0.719832674;0.00372942779;10;0.833333027;1.044444;1.044444;1.00101193;1.00101237
20.330131;1.02612316;0.800789665;0.00419913975;0.780403114;0.00409259026;1.02738292;1.04114704;0.788812679;0.0600883544;1.02612274;0.720710695;0.00377939736;10;0.833332999;1.044444;1.044444;1.00101292;1.00101337
20.332131;1.02599615;0.802738497;0.00431249231;0.782399248;0.00420355031;1.02728985;1.04107043;0.790788627;0.0604577849;1.02599575;0.722464739;0.00388133906;10;0.833332943;1.044444;1.044444;1.00101289;1.00101337
20.333097;1.02593515;0.803680691;0.00436694792;0.783364182;0.0042568625;1.02724537;1.0410338;0.791742877;0.0606370856;1.02593475;0.723312759;0.00393031242;10;0.833332917;1.044444;1.044444;1.00101288;1.00101336
20.334377;1.02585414;0.804928433;0.00444029786;0.784642381;0.00432867418;1.02718629;1.04098567;0.793006947;0.0608747074;1.02585376;0.724435783;0.00399627918;10;0.833332885;1.044444;1.044444;1.00101286;1.00101336
20.336425;1.02572412;0.806925046;0.00455810586;0.786688438;0.00444402861;1.02709173;1.04090772;0.795030429;0.0612571378;1.02572377;0.726232817;0.00410223084;10;0.83333284;1.044444;1.044444;1.00101383;1.00101434
20.338937;1.02556408;0.809372766;0.00470481477;0.789197954;0.004587708;1.02697556;1.0408124;0.797512674;0.0617281891;1.02556379;0.728435846;0.00423417889;10;0.833332793;1.044444;1.044444;1.00101381;1.00101431
20.339937;1.02550006;0.810347193;0.00476372137;0.790197427;0.0046454092;1.02692928;1.04077421;0.798501691;0.0619162101;1.02549979;0.729312854;0.00428715984;10;0.833332777;1.044444;1.044444;1.0010148;1.0010153
20.341937;1.02537202;0.812296052;0.00488153405;0.792196744;0.0047608346;1.0268367;1.040698;0.80047872;0.0622944174;1.02537181;0.731066866;0.00439312318;10;0.83333275;1.044444;1.044444;1.0010148;1.00101527
20.342937;1.025309;0.813270484;0.0049415505;0.793195817;0.00481963795;1.02679171;1.04065936;0.801467226;0.0624835749;1.02530881;0.73194387;0.00444710509;10;0.833332737;1.044444;1.044444;1.00101479;1.00101526
20.343937;1.02524498;0.814244919;0.00500045473;0.794195786;0.00487737007;1.02674542;1.04062183;0.802456008;0.062673747;1.02524482;0.732820874;0.00450008681;10;0.833332725;1.044444;1.044444;1.00101479;1.00101524
20.344937;1.02518096;0.815219354;0.00506046876;0.79519588;0.00493619358;1.02669943;1.04058321;0.803444634;0.0628639991;1.02518083;0.733697876;0.00455406805;10;0.833332714;1.044444;1.044444;1.00101479;1.00101523
20.345937;1.02511694;0.816193791;0.00512048149;0.7961961;0.00499502463;1.02665343;1.04054507;0.804434032;0.0630553043;1.02511684;0.734574877;0.00460804853;10;0.833332704;1.044444;1.044444;1.00101579;1.00101622
20.349937;1.02486086;0.820091539;0.00536385675;0.800198241;0.00523367607;1.02647064;1.04039293;0.808389869;0.0638227744;1.02486087;0.738082876;0.00482695973;10;0.833332678;1.044444;1.044444;1.00101578;1.00101618
20.350937;1.02479584;0.821064864;0.00542608837;0.801198789;0.00529471869;1.02642394;1.04035438;0.809379948;0.0640163098;1.02479588;0.738958875;0.00488293463;10;0.833332675;1.044444;1.044444;1.00101678;1.00101717
20.352661;1.02468581;0.822744851;0.00553165981;0.802924349;0.00539828988;1.02634604;1.04028869;0.8110844;0.0643503804;1.02468589;0.740470872;0.00497788917;10;0.83333267;1.044444;1.044444;1.00101678;1.00101716
20.354677;1.02455577;0.82470817;0.00565834477;0.804942538;0.00552259377;1.02625353;1.04021105;0.813080391;0.0647429149;1.0245559;0.742237867;0.00509183391;10;0.833332668;1.044444;1.044444;1.00101679;1.00101714
20.355677;1.02449176;0.825682609;0.00572057607;0.80594399;0.00558366665;1.02620842;1.0401736;0.814068878;0.0649375161;1.02449191;0.743114863;0.00514780604;10;0.833332667;1.044444;1.044444;1.00101779;1.00101813
20.356143;1.02446175;0.826135942;0.00574946923;0.806410109;0.00561202575;1.02618712;1.04015594;0.814530276;0.065028347;1.02446191;0.743522862;0.00517379302;10;0.833332667;1.044444;1.044444;1.00101779;1.00101813
20.357152;1.02439674;0.827118161;0.005812812;0.807420127;0.00567419824;1.02614131;1.04011684;0.815528714;0.0652262781;1.02439691;0.744406857;0.00523076484;10;0.833332666;1.044444;1.044444;1.00101779;1.00101812
20.359964;1.0242157;0.829857053;0.00599172839;0.810237008;0.00584983035;1.02601369;1.04000954;0.818312553;0.0657800012;1.02421593;0.746871845;0.00539168778;10;0.833332666;1.044444;1.044444;1.00101781;1.0010181
20.360425;1.02418569;0.830305944;0.00602173272;0.81069904;0.00587928783;1.02599269;1.03999158;0.818768986;0.0658708801;1.02418593;0.747275843;0.00541867566;10;0.833332666;1.044444;1.044444;1.00101881;1.0010191
20.361346;1.02412668;0.831203727;0.00608062986;0.811622392;0.00593711725;1.02595138;1.03995703;0.81968082;0.0660525603;1.02412693;0.748083838;0.00547165181;10;0.833332668;1.044444;1.044444;1.00101882;1.00101909
20.362268;1.02406667;0.832100403;0.00613952592;0.812545559;0.00599495938;1.02590908;1.03992137;0.820593599;0.0662353922;1.02406693;0.748890834;0.00552462878;10;0.833332671;1.044444;1.044444;1.00101883;1.00101909
20.364572;1.02391764;0.834343768;0.00628953573;0.814854777;0.00614230365;1.02580477;1.03983316;0.822875079;0.066693;1.02391792;0.750909824;0.00565957631;10;0.833332684;1.044444;1.044444;1.00101885;1.0010191
20.365493;1.02385763;0.835241564;0.00634953555;0.815779403;0.00620125712;1.02576276;1.039798;0.823787682;0.0668769116;1.02385791;0.75171782;0.00571355784;10;0.833332693;1.044444;1.044444;1.00101986;1.0010201
20.367337;1.02373861;0.837036054;0.0064695273;0.817627097;0.00631918173;1.02568006;1.03972718;0.825613489;0.0672458748;1.0237389;0.753332811;0.00582152573;10;0.833332713;1.044444;1.044444;1.00101988;1.00102012
20.368258;1.0236786;0.837932747;0.00653063042;0.818550961;0.00637924475;1.02563835;1.03969182;0.826526441;0.0674309063;1.02367889;0.754139805;0.00587651227;10;0.833332726;1.044444;1.044444;1.00101989;1.00102013
20.369180;1.0236196;0.838830554;0.00659173118;0.81947522;0.00643930982;1.02559765;1.03965725;0.827438841;0.0676169693;1.02361988;0.754947798;0.00593150059;10;0.83333274;1.044444;1.044444;1.0010199;1.00102014
20.370101;1.02355959;0.839727253;0.0066528298;0.820399301;0.00649938927;1.02555595;1.03962187;0.828351944;0.0678020288;1.02355987;0.755754789;0.00598649071;10;0.833332754;1.044444;1.044444;1.00102092;1.00102116
20.371945;1.02343958;0.841521766;0.0067750213;0.822248879;0.00661957097;1.02547284;1.0395506;0.830178754;0.0681754286;1.02343986;0.757369766;0.00609647605;10;0.833332787;1.044444;1.044444;1.00102095;1.00102118
20.373866;1.02331458;0.843391846;0.00690387104;0.824176761;0.00674632738;1.02538652;1.03947752;0.832082093;0.0685650358;1.02331484;0.759052736;0.00621246652;10;0.833332825;1.044444;1.044444;1.00102099;1.00102121
20.374866;1.02324958;0.844365224;0.00697162611;0.82518036;0.00681298999;1.02534162;1.03943861;0.833073179;0.0687685695;1.02324983;0.759928718;0.00627346334;10;0.833332846;1.044444;1.044444;1.00102202;1.00102223
20.376866;1.02311958;0.846311982;0.00710713249;0.827187945;0.00694633719;1.0252524;1.03936161;0.835055989;0.0691766986;1.02311982;0.761680682;0.00639546064;10;0.833332891;1.044444;1.044444;1.00102206;1.00102225
20.377866;1.02305458;0.847285363;0.00717599533;0.828191931;0.00701410812;1.02520778;1.03932416;0.836046123;0.06938232;1.02305482;0.762556664;0.00645746138;10;0.833332915;1.044444;1.044444;1.00102208;1.00102226
20.378866;1.02298858;0.848258743;0.00724374646;0.829196855;0.00708080787;1.02516247;1.03928562;0.837038284;0.0695869611;1.02298882;0.763432645;0.00651846375;10;0.83333294;1.044444;1.044444;1.0010221;1.00102227
20.379866;1.02292358;0.849231011;0.00731260849;0.830200012;0.00714859519;1.02511816;1.03924661;0.838029814;0.0697937866;1.02292382;0.764307627;0.00658046779;10;0.833332966;1.044444;1.044444;1.00102312;1.00102327
20.381866;1.02279258;0.851177767;0.00745144437;0.832209695;0.00728528884;1.02502853;1.0391707;0.840012486;0.0702062747;1.02279282;0.76605959;0.00670548049;10;0.833333018;1.044444;1.044444;1.00102315;1.00102328
20.383866;1.02266159;0.853123404;0.00759028315;0.834218803;0.00742201663;1.02493921;1.03909326;0.841996693;0.0706210658;1.02266182;0.767810553;0.00683049887;10;0.83333307;1.044444;1.044444;1.00102318;1.00102328
20.384866;1.02259659;0.854096777;0.00766025959;0.835223683;0.0074909329;1.0248952;1.03905512;0.842987904;0.0708289795;1.02259683;0.768686535;0.00689351006;10;0.833333097;1.044444;1.044444;1.00102419;1.00102427
20.385180;1.0225756;0.854402344;0.00768247465;0.835539654;0.00751281562;1.02488079;1.03904236;0.843299818;0.0708940124;1.02257583;0.76896153;0.00691351383;10;0.833333105;1.044444;1.044444;1.00102419;1.00102427
20.386716;1.02247561;0.855892398;0.00778910761;0.837078658;0.00761785934;1.02481287;1.03898409;0.844818687;0.0712134785;1.02247584;0.770302504;0.00700953373;10;0.833333145;1.044444;1.044444;1.0010242;1.00102426
20.387228;1.02244161;0.856384637;0.00782465239;0.837587925;0.00765288374;1.02478967;1.0389637;0.845322956;0.0713186163;1.02244184;0.770745496;0.00704154086;10;0.833333159;1.044444;1.044444;1.0010242;1.00102425
20.388252;1.02237562;0.857361336;0.00789352047;0.838597309;0.00772075148;1.02474436;1.03892457;0.846318433;0.0715277206;1.02237584;0.771624481;0.00710355585;10;0.833333185;1.044444;1.044444;1.00102421;1.00102424
20.389276;1.02230963;0.858320255;0.0079601673;0.83958943;0.00778645533;1.02469814;1.03888521;0.847298122;0.0717315088;1.02230985;0.772487468;0.00716357171;10;0.833333211;1.044444;1.044444;1.00102221;1.00102223
20.390300;1.02224464;0.859259171;0.00802459291;0.84056129;0.00784998737;1.02465263;1.03884626;0.848257246;0.0719299383;1.02224486;0.773332456;0.00722158835;10;0.833333236;1.044444;1.044444;1.00102021;1.00102021
20.391324;1.02218064;0.860172529;0.00808679722;0.841507445;0.00791134701;1.02460722;1.03880796;0.849191292;0.0721240583;1.02218086;0.774154445;0.00727760583;10;0.833333261;1.044444;1.044444;1.00101521;1.00101519
20.392348;1.02211965;0.861059218;0.00814678001;0.842425153;0.00797051799;1.02456421;1.03877095;0.85009655;0.0723116865;1.02211986;0.774952436;0.00733162421;10;0.833333284;1.044444;1.044444;1.00100921;1.00100917
20.393372;1.02205966;0.861915905;0.0082056522;0.84331279;0.00802860203;1.0245219;1.03873488;0.850973294;0.0724939148;1.02205987;0.775723428;0.00738464353;10;0.833333307;1.044444;1.044444;1.0010012;1.00100114
20.394884;1.02197667;0.863123706;0.0082922947;0.84456309;0.00811405593;1.02446468;1.03868534;0.852206674;0.0727541233;1.02197687;0.776810418;0.0074626735;10;0.833333339;1.044444;1.044444;1.00098619;1.00098611
20.395784;1.02193068;0.863808162;0.00834450255;0.845270862;0.00816552289;1.02443427;1.03865842;0.852905939;0.0729047141;1.02193088;0.777426411;0.00750969195;10;0.833333357;1.044444;1.044444;1.00097518;1.00097509
20.396684;1.02188668;0.86446817;0.00839671023;0.84595312;0.00821697918;1.02440616;1.03863398;0.853577537;0.0730519294;1.02188688;0.778020404;0.00755671052;10;0.833333374;1.044444;1.044444;1.00096217;1.00096206
20.397584;1.02184669;0.86510262;0.00845113983;0.846607113;0.00827058314;1.02438235;1.03861199;0.85422254;0.0731968386;1.02184688;0.778591397;0.00760572901;10;0.83333339;1.044444;1.044444;1.00094716;1.00094704
20.398484;1.0218087;0.865711512;0.00850779136;0.847234487;0.00832635085;1.02436144;1.03859118;0.854840925;0.073339531;1.02180889;0.779139388;0.00765674729;10;0.833333405;1.044444;1.044444;1.00093115;1.00093102
20.399384;1.0217747;0.866294846;0.00856666485;0.847833576;0.00838426596;1.02434512;1.03857503;0.855431962;0.0734818995;1.02177489;0.779664379;0.00770976531;10;0.833333419;1.044444;1.044444;1.00091413;1.000914
20.400284;1.02174271;0.866854845;0.00862887152;0.848408208;0.00844543215;1.02433141;1.0385613;0.855996405;0.0736219606;1.02174289;0.780168369;0.00776578309;10;0.833333432;1.044444;1.044444;1.00089612;1.00089598
20.401184;1.02171471;0.867391509;0.00869330038;0.848956713;0.00850874544;1.0243229;1.03855034;0.856535055;0.0737629002;1.0217149;0.780651358;0.00782380064;10;0.833333444;1.044444;1.044444;1.0008771;1.00087696
20.402084;1.02169072;0.867904835;0.00876217377;0.849479084;0.0085763805;1.02431959;1.03854178;0.857049254;0.0739026017;1.0216909;0.781113347;0.00788581796;10;0.833333455;1.044444;1.044444;1.00085709;1.00085694
20.402984;1.02166873;0.868395938;0.00883438064;0.849978065;0.00864726637;1.02431918;1.03853724;0.857538747;0.07404202;1.02166891;0.781555336;0.00795083497;10;0.833333465;1.044444;1.044444;1.00083607;1.00083592
20.403884;1.02165074;0.868867037;0.00890992101;0.850454162;0.00872138596;1.02432397;1.03853543;0.858005659;0.0741823151;1.02165092;0.781979325;0.00801885159;10;0.833333474;1.044444;1.044444;1.00081406;1.0008139
20.404784;1.02163574;0.869318134;0.00898990599;0.8509082;0.00879983439;1.02433296;1.038537;0.858450513;0.0743234385;1.02163593;0.782385314;0.00809086781;10;0.833333484;1.044444;1.044444;1.00079204;1.00079188
20.405684;1.02162375;0.869749227;0.00907322447;0.851340175;0.00888152332;1.02434615;1.03854037;0.858874635;0.0744644342;1.02162394;0.782773303;0.0081658836;10;0.833333493;1.044444;1.044444;1.00077003;1.00076987
20.406584;1.02161477;0.870163652;0.00916098756;0.851753345;0.00896753938;1.02436325;1.03854742;0.859277497;0.0746051627;1.02161495;0.783146292;0.00824489889;10;0.833333503;1.044444;1.044444;1.00074701;1.00074686
20.407484;1.02160878;0.870561409;0.00925097304;0.852147706;0.00905570634;1.02438424;1.03855691;0.859662293;0.0747478538;1.02160896;0.783504282;0.00832591368;10;0.833333512;1.044444;1.044444;1.000725;1.00072484
20.408384;1.02160479;0.870943608;0.00934429201;0.852525177;0.00914711967;1.02440843;1.03856916;0.860029819;0.0748903434;1.02160498;0.783848271;0.00840992798;10;0.833333521;1.044444;1.044444;1.00070199;1.00070184
20.409086;1.02160381;0.871231368;0.00941983645;0.852807699;0.0092211008;1.02442993;1.03857922;0.860306067;0.0750008894;1.02160399;0.784107263;0.00847793886;10;0.833333528;1.044444;1.044444;1.00068498;1.00068483
20.409598;1.02160382;0.871435799;0.009475384;0.853007817;0.00927549193;1.02444673;1.03858813;0.860500889;0.0750826287;1.021604;0.784291258;0.00852794655;10;0.833333533;1.044444;1.044444;1.00067197;1.00067183
20.410598;1.02160484;0.871822438;0.0095864796;0.853385468;0.00938426408;1.02448102;1.03860736;0.860866875;0.0752417199;1.02160501;0.784639247;0.00862796123;10;0.833333542;1.044444;1.044444;1.00064796;1.00064782
20.411598;1.02160886;0.872195744;0.00969979766;0.853747558;0.00949518223;1.02451892;1.03862779;0.861217948;0.0754007172;1.02160903;0.784975236;0.00872997517;10;0.833333551;1.044444;1.044444;1.00062395;1.00062382
20.412598;1.02161489;0.872553493;0.00981533823;0.854092748;0.00960825408;1.02455972;1.03865097;0.861552819;0.0755595072;1.02161504;0.785297226;0.00883398817;10;0.833333558;1.044444;1.044444;1.00059995;1.00059982
20.413598;1.02162291;0.872899019;0.00993310122;0.854424298;0.00972347816;1.02460282;1.03867501;0.861874123;0.0757171567;1.02162306;0.785608216;0.00894;10;0.833333565;1.044444;1.044444;1.00057794;1.00057782
20.414598;1.02163194;0.873233433;0.0100508643;0.85474413;0.00983868757;1.02464722;1.0387009;0.862182108;0.0758746627;1.02163207;0.785909206;0.00904601055;10;0.83333357;1.044444;1.044444;1.00055594;1.00055582
20.415598;1.02164297;0.873555626;0.0101697382;0.85505032;0.00995495948;1.02469393;1.0387267;0.862479454;0.076031097;1.02164308;0.786199196;0.00915301983;10;0.833333575;1.044444;1.044444;1.00053493;1.00053482
20.416598;1.02165399;0.873868929;0.0102897226;0.855347802;0.0100723129;1.02474093;1.03875435;0.862765622;0.0761863174;1.02165409;0.786481187;0.0092610279;10;0.833333578;1.044444;1.044444;1.00051393;1.00051383
20.418598;1.02168004;0.87446776;0.0105285776;0.855912207;0.0103058748;1.02483864;1.03881169;0.86330947;0.0764923024;1.0216801;0.787020165;0.00947604062;10;0.833333583;1.044444;1.044444;1.00047594;1.00047585
20.419598;1.02169407;0.874754397;0.0106474485;0.856181053;0.0104220935;1.02488835;1.03884044;0.863569005;0.0766431364;1.0216941;0.787278154;0.00958304517;10;0.833333584;1.044444;1.044444;1.00045794;1.00045785
20.420598;1.0217081;0.87503437;0.010765208;0.856443368;0.0105372198;1.02493776;1.03887043;0.863820013;0.0767917313;1.0217081;0.787530142;0.00968904837;10;0.833333584;1.044444;1.044444;1.00044094;1.00044086
20.421598;1.02172212;0.875307677;0.0108829677;0.856699152;0.0106523415;1.02498687;1.03889943;0.86406541;0.0769393209;1.0217221;0.787776129;0.00979505014;10;0.833333584;1.044444;1.044444;1.00042494;1.00042487
20.422598;1.02173715;0.875573207;0.010999617;0.856946477;0.0107663613;1.02503698;1.03892932;0.864303628;0.0770846962;1.02173709;0.788015116;0.0099000505;10;0.833333583;1.044444;1.044444;1.00040995;1.00040989
20.423598;1.02175317;0.875833184;0.0111151557;0.85718752;0.0108792791;1.02508779;1.03895917;0.864535454;0.077227928;1.02175308;0.788249102;0.0100040496;10;0.833333581;1.044444;1.044444;1.00039495;1.0003949
20.424598;1.0217682;0.876087607;0.0112295838;0.857423957;0.0109911162;1.025137;1.0389887;0.864761119;0.0773701068;1.02176807;0.788478088;0.0101070476;10;0.833333579;1.044444;1.044444;1.00038095;1.00038091
20.425598;1.02178422;0.876335365;0.0113440125;0.857653021;0.0111029387;1.02518721;1.03901912;0.864980678;0.0775100727;1.02178406;0.788701073;0.0102100448;10;0.833333577;1.044444;1.044444;1.00036795;1.00036792
20.426598;1.02180025;0.87657757;0.0114573309;0.857876642;0.0112136699;1.02523712;1.03904888;0.865195426;0.0776490114;1.02180005;0.788919058;0.0103120414;10;0.833333573;1.044444;1.044444;1.00035594;1.00035594
20.427598;1.02181628;0.876815334;0.0115695392;0.858095906;0.01132331;1.02528703;1.03907859;0.865404857;0.0777858082;1.02181603;0.789133043;0.0104130375;10;0.83333357;1.044444;1.044444;1.00034394;1.00034395
20.428598;1.0218323;0.877046433;0.0116806376;0.85830864;0.0114318593;1.02533634;1.03910892;0.865607346;0.0779214827;1.02183201;0.789341028;0.0105130332;10;0.833333567;1.044444;1.044444;1.00033294;1.00033297
20.429598;1.02184933;0.877273092;0.0117917373;0.858516177;0.0115403936;1.02538665;1.03913825;0.865806375;0.0780561559;1.02184899;0.789545014;0.0106130287;10;0.833333564;1.044444;1.044444;1.00032193;1.00032198
20.430598;1.02186635;0.877493088;0.0119028388;0.858717185;0.0116489241;1.02543695;1.03916881;0.865997958;0.078188592;1.02186597;0.789742999;0.0107130238;10;0.833333561;1.044444;1.044444;1.00031192;1.000312
20.431598;1.02188437;0.877708644;0.0120128313;0.858912999;0.011756352;1.02548796;1.03919967;0.866185018;0.0783210007;1.02188394;0.789936986;0.0108120188;10;0.83333356;1.044444;1.044444;1.00030192;1.00030202
20.432598;1.02190239;0.877918648;0.0121228263;0.85910337;0.0118637762;1.02553896;1.03923079;0.866366487;0.0784512439;1.02190192;0.790125974;0.0109110139;10;0.833333558;1.044444;1.044444;1.00029291;1.00029304
20.433598;1.02192041;0.878123101;0.0122317129;0.859288301;0.0119701096;1.02558966;1.03926186;0.866541577;0.0785814851;1.0219199;0.790309963;0.0110090094;10;0.833333557;1.044444;1.044444;1.0002839;1.00028405
20.434598;1.02193943;0.878322002;0.0123417132;0.85946695;0.0120775151;1.02564166;1.03929355;0.866711869;0.0787095359;1.02193887;0.790488953;0.0111080052;10;0.833333555;1.044444;1.044444;1.00027488;1.00027507
20.435598;1.02195844;0.878515353;0.0124506048;0.859640158;0.0121838301;1.02569366;1.03932518;0.866876853;0.0788375847;1.02195785;0.790662945;0.0112060016;10;0.833333554;1.044444;1.044444;1.00026587;1.00026609
20.436598;1.02197846;0.878703149;0.0125606094;0.859807085;0.012291217;1.02574636;1.03935711;0.867035179;0.078964537;1.02197783;0.790831938;0.0113049985;10;0.833333552;1.044444;1.044444;1.00025786;1.00025811
20.437598;1.02199947;0.878885395;0.0126706154;0.859967729;0.0123985883;1.02580035;1.03939024;0.867187134;0.0790913902;1.0219988;0.790995932;0.0114039963;10;0.833333549;1.044444;1.044444;1.00024984;1.00025013
20.438598;1.02202048;0.879063198;0.0127806224;0.860124021;0.012505956;1.02585435;1.03942366;0.867333503;0.0792171461;1.02201978;0.791155928;0.0115029949;10;0.833333546;1.044444;1.044444;1.00024183;1.00024214
20.439598;1.0220415;0.879234337;0.0128906301;0.860273783;0.0126133202;1.02590834;1.03945701;0.867474567;0.0793418302;1.02204076;0.791309925;0.0116019946;10;0.833333543;1.044444;1.044444;1.00023482;1.00023516
20.440598;1.02206451;0.879399924;0.0130006383;0.860416419;0.0127206563;1.02596433;1.03949065;0.867610046;0.0794664858;1.02206373;0.791458924;0.0117009956;10;0.83333354;1.044444;1.044444;1.0002268;1.00022717
20.441598;1.02208751;0.879559956;0.0131117577;0.860553614;0.0128290756;1.02602063;1.03952551;0.867739155;0.0795899716;1.02208671;0.791602926;0.0118009979;10;0.833333536;1.044444;1.044444;1.00021979;1.00022018
20.442598;1.02211052;0.879714433;0.0132217662;0.860685366;0.0129364041;1.02607692;1.03956158;0.867860826;0.0797122871;1.02210969;0.791741929;0.0119000015;10;0.83333353;1.044444;1.044444;1.00021278;1.00021319
20.443598;1.02213453;0.879863357;0.0133328858;0.860810833;0.013044803;1.02613422;1.03959699;0.8679777;0.0798346452;1.02213367;0.791875935;0.0120000067;10;0.833333524;1.044444;1.044444;1.00020476;1.00020519
20.445598;1.02218454;0.880143427;0.0135562361;0.861042669;0.0132626496;1.02625111;1.03966985;0.868193687;0.0800781083;1.02218364;0.792127952;0.0122010223;10;0.833333507;1.044444;1.044444;1.00019073;1.0001912
20.446598;1.02221054;0.880275685;0.0136684668;0.861150125;0.0133720969;1.02631071;1.03970764;0.868292522;0.0801981173;1.02220963;0.792246964;0.0123020329;10;0.833333496;1.044444;1.044444;1.00018372;1.00018421
20.447598;1.02223754;0.880402386;0.0137806977;0.861251297;0.0134815267;1.02637131;1.03974536;0.868386056;0.0803181201;1.02223662;0.792360978;0.012403045;10;0.833333484;1.044444;1.044444;1.00017771;1.00017821
20.448598;1.02226454;0.880524641;0.0138929289;0.861348114;0.0135909522;1.02643191;1.03978369;0.868473732;0.0804369958;1.02226362;0.792470995;0.0125040585;10;0.83333347;1.044444;1.044444;1.0001707;1.00017121
20.449598;1.02229254;0.88064134;0.0140051605;0.861438649;0.0137003602;1.02649381;1.03982196;0.868556108;0.0805558644;1.02229161;0.792576014;0.0126050734;10;0.833333453;1.044444;1.044444;1.00016369;1.00016421
20.450598;1.02232054;0.880752482;0.0141185038;0.861523744;0.0138108508;1.02655572;1.03986085;0.868633695;0.0806736053;1.02231961;0.792676035;0.0127070898;10;0.833333435;1.044444;1.044444;1.00015767;1.00015821
20.451598;1.02234953;0.880858067;0.0142307367;0.861602556;0.0139202366;1.02661862;1.03990061;0.868704127;0.0807912655;1.02234861;0.792771059;0.0128081076;10;0.833333416;1.044444;1.044444;1.00015066;1.00015122
20.452598;1.02237853;0.880959205;0.0143440815;0.861677017;0.0140307049;1.02668153;1.03994098;0.868770839;0.0809077974;1.02237761;0.792862084;0.0129101269;10;0.833333394;1.044444;1.044444;1.00014465;1.00014522
20.453598;1.02240853;0.881055897;0.0144574273;0.861746281;0.0141411546;1.02674544;1.0399813;0.868832252;0.081023253;1.02240761;0.792949112;0.0130121477;10;0.833333371;1.044444;1.044444;1.00013864;1.00013922
20.454598;1.02243853;0.881148143;0.0145707739;0.861811193;0.0142515995;1.02680935;1.04002127;0.868888598;0.0811387221;1.02243762;0.793032141;0.0131141699;10;0.833333346;1.044444;1.044444;1.00013163;1.00013223
20.455598;1.02246953;0.881235942;0.0146830101;0.86187091;0.0143609385;1.02687425;1.04006247;0.868940716;0.0812530154;1.02246862;0.793111172;0.0132151936;10;0.833333321;1.044444;1.044444;1.00012562;1.00012623
20.456598;1.02250053;0.881319295;0.0147963581;0.861926274;0.0144713586;1.02693916;1.04010393;0.868988326;0.0813672745;1.02249963;0.793186202;0.0133172187;10;0.833333295;1.044444;1.044444;1.00011962;1.00012024
20.457598;1.02253154;0.881398203;0.0149097063;0.861977285;0.014581773;1.02700407;1.04014601;0.869030082;0.0814804052;1.02253063;0.793257234;0.013419245;10;0.833333268;1.044444;1.044444;1.00011461;1.00011525
20.458598;1.02256355;0.881472663;0.0150230547;0.862023103;0.0146921669;1.02706998;1.04018742;0.869069188;0.0815935759;1.02256264;0.793324264;0.013521272;10;0.833333242;1.044444;1.044444;1.00010861;1.00010925
20.459598;1.02259555;0.881543789;0.015136403;0.862065653;0.0148025542;1.02713588;1.04023004;0.869103002;0.0817045029;1.02259465;0.793388295;0.0136232993;10;0.833333216;1.044444;1.044444;1.00010261;1.00010326
20.460598;1.02262856;0.88161158;0.0152486397;0.862104097;0.0149118333;1.02720279;1.04027233;0.869133888;0.0818165129;1.02262765;0.793449324;0.0137243267;10;0.833333191;1.044444;1.044444;1.00009761;1.00009827
20.461598;1.02266157;0.881674924;0.0153619868;0.862138189;0.0150221911;1.0272697;1.04031523;0.869159991;0.0819263282;1.02266066;0.793506352;0.0138263537;10;0.833333166;1.044444;1.044444;1.00009162;1.00009228
20.462598;1.02269459;0.881734934;0.0154742217;0.862169016;0.0151314539;1.0273366;1.04035745;0.869183446;0.0820361861;1.02269367;0.793560379;0.0139273798;10;0.833333142;1.044444;1.044444;1.00008662;1.00008728
20.463598;1.0227276;0.881791609;0.0155875666;0.86219658;0.0152417941;1.02740351;1.04040089;0.86920268;0.0821459383;1.02272669;0.793611405;0.0140294044;10;0.833333118;1.044444;1.044444;1.00008163;1.00008229
20.465598;1.02279563;0.881894955;0.0158120297;0.862240233;0.0154602427;1.02753872;1.0404871;0.869232092;0.0823622638;1.02279472;0.793704451;0.0142314474;10;0.833333074;1.044444;1.044444;1.00007166;1.00007231
20.466598;1.02282965;0.881941626;0.0159242594;0.862257165;0.0155694523;1.02760663;1.04053141;0.869240977;0.0824697828;1.02282873;0.793746471;0.0143324651;10;0.833333054;1.044444;1.044444;1.00006667;1.00006732
20.467598;1.02286367;0.881984963;0.0160364884;0.862270835;0.0156786524;1.02767424;1.04057413;0.869249072;0.0825763529;1.02286275;0.793785489;0.01443348;10;0.833333035;1.044444;1.044444;1.00006268;1.00006334
20.468598;1.02289868;0.882026078;0.0161487169;0.862281487;0.0157878277;1.02774254;1.04061871;0.869251323;0.0826827647;1.02289777;0.793822507;0.0145344921;10;0.833333018;1.044444;1.044444;1.0000577;1.00005835
20.469598;1.0229337;0.882064967;0.0162598342;0.862289964;0.0158959077;1.02781115;1.04066263;0.869251998;0.0827881532;1.02293279;0.793857522;0.0146345014;10;0.833333003;1.044444;1.044444;1.00005371;1.00005436
20.470598;1.02296871;0.882100524;0.0163709513;0.86229518;0.016003979;1.02787975;1.04070656;0.869250539;0.0828924655;1.02296781;0.793889538;0.0147345083;10;0.83333299;1.044444;1.044444;1.00004973;1.00005037
20.472598;1.02303873;0.882163854;0.0165931846;0.862298004;0.016220096;1.02801636;1.04079462;0.869238908;0.0831010487;1.02303786;0.793946566;0.0149345155;10;0.833332967;1.044444;1.044444;1.00004176;1.00004239
20.473598;1.02307474;0.882191628;0.0167043003;0.862294772;0.0163281262;1.02808536;1.0408391;0.869228458;0.0832042256;1.02307389;0.793971581;0.0150345159;10;0.833332959;1.044444;1.044444;1.00003778;1.0000384
20.474598;1.02310975;0.882217179;0.0168154155;0.862290211;0.0164361641;1.02815366;1.04088356;0.869216941;0.0833063277;1.02310891;0.793994596;0.0151345139;10;0.833332951;1.044444;1.044444;1.0000338;1.00003442
20.475598;1.02314576;0.882240506;0.0169254187;0.862282636;0.0165430916;1.02822266;1.04092737;0.869202784;0.0834084761;1.02314494;0.794015612;0.015233509;10;0.833332945;1.044444;1.044444;1.00003081;1.00003143
20.476598;1.02318176;0.882261608;0.0170354211;0.86227289;0.0166500113;1.02829167;1.04097211;0.869185707;0.0835094748;1.02318097;0.794034629;0.0153325008;10;0.833332941;1.044444;1.044444;1.00002683;1.00002744
20.477598;1.02321776;0.882280488;0.0171454225;0.862260975;0.0167569226;1.02836067;1.04101712;0.86916627;0.0836104446;1.023217;0.794051648;0.0154314889;10;0.833332938;1.044444;1.044444;1.00002385;1.00002445
20.478598;1.02325376;0.882297143;0.0172543118;0.86224689;0.01686274;1.02842967;1.04106119;0.869145486;0.083710416;1.02325302;0.794066668;0.0155294734;10;0.833332937;1.044444;1.044444;1.00001986;1.00002046
20.479598;1.02329076;0.882311575;0.0173643115;0.862229795;0.0169696183;1.02849937;1.04110587;0.869122063;0.0838103316;1.02329005;0.794079689;0.0156284542;10;0.833332936;1.044444;1.044444;1.00001688;1.00001747
20.481598;1.02336274;0.882334878;0.0175820882;0.86219187;0.0171812118;1.02863678;1.04119549;0.869069658;0.0840079855;1.0233621;0.794100732;0.0158244059;10;0.833332937;1.044444;1.044444;1.00001091;1.00001148
20.482598;1.02339973;0.882342639;0.0176909769;0.86216827;0.0172869798;1.02870648;1.0412401;0.869039888;0.0841057506;1.02339913;0.794107754;0.0159223778;10;0.833332937;1.044444;1.044444;1.00000792;1.00000849
20.483598;1.02343671;0.882349287;0.0177987554;0.862143589;0.0173916543;1.02877589;1.04128471;0.869009052;0.0842035086;1.02343615;0.794113774;0.0160193476;10;0.833332937;1.044444;1.044444;1.00000493;1.00000549
20.484598;1.02347269;0.882353711;0.0179065348;0.862117584;0.0174963384;1.02884429;1.04132993;0.868975578;0.0843001428;1.02347218;0.794117794;0.016116316;10;0.833332938;1.044444;1.044444;1.00000194;1.00000249
20.485598;1.02350967;0.882357022;0.018014315;0.862089655;0.017600998;1.02891369;1.04137481;0.86894025;0.0843967965;1.0235092;0.794120812;0.0162132834;10;0.833332938;1.044444;1.044444;0.999999948;1.00000049
20.487598;1.02358362;0.882356973;0.0182298787;0.862027298;0.017810294;1.0290522;1.04146425;0.868864544;0.084587974;1.02358325;0.794120842;0.0164072168;10;0.83333294;1.044444;1.044444;0.999993966;0.999994495
20.488598;1.0236206;0.882354722;0.0183365514;0.861993957;0.0179138446;1.0291213;1.04150942;0.868824726;0.0846835155;1.02362027;0.794118854;0.0165031834;10;0.833332942;1.044444;1.044444;0.999991977;0.999992493
20.489598;1.02365757;0.882350249;0.0184432254;0.86195845;0.0180173872;1.0291904;1.04155459;0.868782776;0.0847779826;1.02365729;0.794114863;0.0165991503;10;0.833332944;1.044444;1.044444;0.999989988;0.99999049
20.490598;1.02369555;0.882344663;0.0185499012;0.861921023;0.0181209039;1.0292602;1.04159909;0.868739253;0.0848714303;1.02369531;0.79410987;0.0166951176;10;0.833332947;1.044444;1.044444;0.999987001;0.999987485
20.491598;1.02373252;0.882336855;0.0186565787;0.861882273;0.0182244299;1.029329;1.04164392;0.86869332;0.0849648441;1.02373233;0.794102875;0.0167910855;10;0.833332949;1.044444;1.044444;0.999985014;0.999985478
20.492598;1.02376949;0.882326822;0.0187621468;0.861841358;0.0183268625;1.0293978;1.04168903;0.86864716;0.0850582291;1.02376934;0.794093879;0.0168860543;10;0.833332951;1.044444;1.044444;0.999983029;0.999983469
20.493598;1.02380646;0.88231679;0.0188677165;0.861800448;0.0184292867;1.02946661;1.04173415;0.868597804;0.085150541;1.02380636;0.794084882;0.0169810241;10;0.833332952;1.044444;1.044444;0.999980045;0.999980458
20.494598;1.02384444;0.882304534;0.0189732874;0.861756531;0.0185316848;1.02953611;1.04177893;0.868548729;0.085241807;1.02384437;0.794073884;0.0170759951;10;0.833332952;1.044444;1.044444;0.999978063;0.999978446
20.495598;1.02388141;0.882290057;0.0190788595;0.861711292;0.018634093;1.0296049;1.0418237;0.868497525;0.0853341326;1.02388138;0.794060886;0.0171709677;10;0.833332951;1.044444;1.044444;0.999976081;0.999976431
20.496598;1.02391938;0.88227558;0.0191833214;0.861665216;0.0187353899;1.0296744;1.0418691;0.868443685;0.0854253348;1.02391938;0.794047887;0.0172649422;10;0.833332949;1.044444;1.044444;0.9999741;0.999974414
20.497598;1.02395635;0.88225888;0.0192877845;0.861617818;0.0188366971;1.0297426;1.04191355;0.868390634;0.0855155401;1.02395639;0.794032889;0.0173589189;10;0.833332947;1.044444;1.044444;0.99997212;0.999972395
20.498598;1.02399432;0.882239958;0.0193922484;0.861567413;0.0189379774;1.02981209;1.04195861;0.868334948;0.0856056882;1.02399439;0.79401589;0.0174528981;10;0.833332945;1.044444;1.044444;0.999970139;0.999970374
20.499598;1.02403228;0.882221037;0.019496713;0.861517013;0.019039249;1.02988129;1.04200368;0.868277134;0.0856947621;1.02403239;0.793998891;0.0175468799;10;0.833332944;1.044444;1.044444;0.999968159;0.999968351
20.500598;1.02406925;0.882199894;0.0196000667;0.861465291;0.0191394451;1.02994918;1.04204841;0.868219604;0.0857838557;1.0240694;0.793979893;0.0176398645;10;0.833332943;1.044444;1.044444;0.999966178;0.999966325
20.501598;1.02410722;0.882178752;0.0197034203;0.861412731;0.0192396139;1.03001837;1.04209281;0.868160224;0.085872969;1.0241074;0.793960895;0.0177328518;10;0.833332944;1.044444;1.044444;0.999965197;0.999965297
20.503598;1.02418216;0.882130913;0.0199101256;0.861303042;0.0194399437;1.03015514;1.04218256;0.868037494;0.0860489617;1.02418239;0.793917903;0.0179188342;10;0.833332949;1.044444;1.044444;0.999961233;0.999961235
20.504598;1.02422013;0.882104216;0.0200123652;0.861245071;0.0195390016;1.03022403;1.04222756;0.867974423;0.0861358686;1.02422039;0.793893909;0.0180108288;10;0.833332953;1.044444;1.044444;0.99996025;0.999960201
20.505598;1.0242581;0.882077521;0.0201146028;0.861187104;0.0196380512;1.03029261;1.04227224;0.867910569;0.0862227949;1.02425838;0.793869916;0.0181028254;10;0.833332957;1.044444;1.044444;0.999958267;0.999958165
20.506598;1.02429507;0.882049713;0.0202168382;0.861128898;0.0197371116;1.0303602;1.04231598;0.867846439;0.0863097909;1.02429538;0.793844926;0.0181948237;10;0.833332963;1.044444;1.044444;0.999956282;0.999956129
20.507598;1.02433304;0.882020795;0.0203190709;0.86106877;0.0198361447;1.03042878;1.04236066;0.867780462;0.0863956344;1.02433337;0.793818938;0.0182868235;10;0.833332969;1.044444;1.044444;0.999955296;0.999955091
20.508598;1.02437101;0.881990766;0.0204201897;0.861007562;0.0199340846;1.03049706;1.04240501;0.867713701;0.086481497;1.02437136;0.793791952;0.0183778247;10;0.833332974;1.044444;1.044444;0.999953309;0.999953052
20.509598;1.02440898;0.881958515;0.0205213058;0.86094419;0.0200320162;1.03056534;1.0424503;0.86764403;0.0865662072;1.02440935;0.793762968;0.0184688272;10;0.83333298;1.044444;1.044444;0.999952321;0.999952014
20.510598;1.02444595;0.881926265;0.0206224193;0.860881663;0.0201299596;1.03063262;1.04249464;0.867575147;0.0866509873;1.02444634;0.793733985;0.0185598311;10;0.833332986;1.044444;1.044444;0.999950331;0.999949976
20.511598;1.02448392;0.881892905;0.0207224191;0.860817216;0.0202267911;1.0307009;1.04253866;0.867505482;0.0867357873;1.02448433;0.793704005;0.0186498365;10;0.833332991;1.044444;1.044444;0.999949339;0.999948939
20.512598;1.02452189;0.881859547;0.0208235277;0.860752773;0.0203247;1.03076888;1.04258328;0.867434251;0.0868194633;1.02452231;0.793674025;0.0187408435;10;0.833332996;1.044444;1.044444;0.999948345;0.999947903
20.513598;1.02455886;0.881823968;0.0209224121;0.860687007;0.0204204531;1.03083586;1.0426273;0.867362467;0.0869021171;1.0245593;0.793642048;0.0188298517;10;0.833333;1.044444;1.044444;0.99994635;0.99994587
20.514598;1.02459683;0.881788392;0.0210224059;0.860620406;0.0205172645;1.03090354;1.04267193;0.867290182;0.0869857789;1.02459729;0.793610071;0.0189198612;10;0.833333005;1.044444;1.044444;0.999945353;0.999944839
20.516598;1.02467179;0.881712804;0.0212201668;0.860483726;0.0207087212;1.0310379;1.04275992;0.86714243;0.0871499923;1.02467226;0.793542121;0.0190978823;10;0.833333014;1.044444;1.044444;0.999943356;0.999942784
20.517598;1.02470877;0.881673905;0.0213190453;0.860414729;0.0208044521;1.03110458;1.04280295;0.867068305;0.087231638;1.02470925;0.793507148;0.0191868933;10;0.833333019;1.044444;1.044444;0.999941356;0.999940761
20.518598;1.02474676;0.881635011;0.0214179226;0.860344901;0.0209001582;1.03117195;1.04284725;0.86699206;0.087313171;1.02474724;0.793472175;0.0192759045;10;0.833333024;1.044444;1.044444;0.999940356;0.999939742
20.520598;1.02482174;0.881553897;0.0216134521;0.860202846;0.0210894101;1.03130571;1.04293425;0.866838792;0.0874742245;1.02482222;0.793399231;0.019451927;10;0.833333033;1.044444;1.044444;0.999938351;0.999937714
20.522598;1.02489572;0.881469465;0.0218078677;0.860058397;0.0212775834;1.03143787;1.04302219;0.86668263;0.087634113;1.02489619;0.793323289;0.0196269514;10;0.83333304;1.044444;1.044444;0.999936343;0.999935701
20.523598;1.02493371;0.881426143;0.0219045193;0.859984257;0.0213711013;1.03150496;1.04306489;0.866604551;0.0877136241;1.02493418;0.793284318;0.0197139647;10;0.833333042;1.044444;1.044444;0.999935338;0.9999347
20.525598;1.02500769;0.881337282;0.0220967109;0.859835496;0.0215570826;1.03163653;1.04315185;0.866443928;0.0878703681;1.02500816;0.793204376;0.0198869936;10;0.833333045;1.044444;1.044444;0.999933328;0.999932703
20.526598;1.02504469;0.881291744;0.0221922509;0.859760036;0.0216495252;1.03170232;1.04319422;0.866364016;0.0879488243;1.02504515;0.793163404;0.019973009;10;0.833333045;1.044444;1.044444;0.999932323;0.999931708
20.527598;1.02508168;0.88124621;0.0222877908;0.859684581;0.0217419636;1.03176782;1.04323787;0.866281986;0.0880271661;1.02508214;0.793122431;0.020059025;10;0.833333044;1.044444;1.044444;0.999931318;0.999930715
20.528598;1.02511868;0.881199566;0.0223822195;0.859608043;0.0218333141;1.03183331;1.04328085;0.866200517;0.0881034266;1.02511913;0.793080458;0.0201440416;10;0.833333042;1.044444;1.044444;0.999931313;0.999930724
20.529598;1.02515568;0.881151812;0.0224766482;0.859530423;0.0219246603;1.03189881;1.04332323;0.866118497;0.0881807962;1.02515612;0.793037483;0.0202290584;10;0.833333039;1.044444;1.044444;0.999930309;0.999929734
20.531598;1.02522969;0.881056308;0.0226655055;0.859375191;0.0221073387;1.03202921;1.04340956;0.865952125;0.0883332502;1.02523011;0.792951529;0.0203990922;10;0.833333027;1.044444;1.044444;0.999928302;0.999927755
20.532598;1.02526669;0.881007443;0.0227588229;0.859296495;0.0221975864;1.03209441;1.04345162;0.865868273;0.0884095592;1.0252671;0.792907549;0.0204831082;10;0.833333017;1.044444;1.044444;0.9999283;0.999927766
20.534598;1.02533971;0.880907488;0.0229454574;0.859137782;0.0223780864;1.0322235;1.04353634;0.865700084;0.0885589089;1.0253401;0.792817579;0.0206511356;10;0.833332988;1.044444;1.044444;0.999926294;0.999925789
20.535598;1.02537573;0.880857508;0.0230376627;0.859058848;0.0224672544;1.0322871;1.04357901;0.865614682;0.0886340793;1.0253761;0.79277259;0.0207341463;10;0.83333297;1.044444;1.044444;0.99992529;0.999924801
20.536598;1.02541274;0.880806415;0.0231309783;0.858977996;0.022557478;1.03235199;1.04362073;0.865529004;0.0887082581;1.0254131;0.792726596;0.0208181547;10;0.83333295;1.044444;1.044444;0.999925285;0.999924814
20.537598;1.02544876;0.880755321;0.0232220705;0.858897986;0.0226455502;1.03241558;1.04366246;0.865443332;0.0887824299;1.0254491;0.792680599;0.0209001607;10;0.833332929;1.044444;1.044444;0.999924278;0.999923827
20.538598;1.02548578;0.880703114;0.0233142724;0.858816057;0.022734678;1.03247987;1.04370513;0.865356882;0.0888554503;1.02548611;0.792633597;0.0209831643;10;0.833332908;1.044444;1.044444;0.99992327;0.999922839
20.539598;1.0255218;0.880650907;0.023405362;0.85873497;0.0228227385;1.03254346;1.04374653;0.865270431;0.0889285729;1.02552211;0.792586592;0.0210651655;10;0.833332887;1.044444;1.044444;0.999923261;0.999922853
20.540598;1.02555782;0.880597589;0.0234964505;0.858652804;0.0229107935;1.03260675;1.04378825;0.865183709;0.0890016608;1.02555812;0.792538583;0.0211471642;10;0.833332866;1.044444;1.044444;0.999922251;0.999921866
20.541598;1.02559384;0.880544269;0.0235875382;0.858570642;0.022998843;1.03266974;1.04382965;0.865096203;0.0890737066;1.02559413;0.792490571;0.0212291605;10;0.833332847;1.044444;1.044444;0.999922241;0.99992188
20.542598;1.02562986;0.880489838;0.0236775142;0.858487401;0.0230858039;1.03273303;1.04387104;0.865008703;0.0891457462;1.02563014;0.792441556;0.0213101547;10;0.833332828;1.044444;1.044444;0.999921231;0.999920894
20.543598;1.02566587;0.880436518;0.0237674898;0.858405248;0.0231727597;1.03279601;1.04391243;0.864921207;0.0892167154;1.02566615;0.792393538;0.0213911473;10;0.83333281;1.044444;1.044444;0.999921223;0.999920908
20.544598;1.02570189;0.880382084;0.0238574652;0.858322015;0.02325971;1.032859;1.04395382;0.86483265;0.0892887428;1.02570216;0.792344518;0.0214721385;10;0.833332794;1.044444;1.044444;0.999920216;0.999919923
20.545598;1.02573791;0.880326538;0.0239463294;0.858237704;0.0233455718;1.03292169;1.04399488;0.864744373;0.0893597279;1.02573816;0.792294495;0.0215521288;10;0.833332778;1.044444;1.044444;0.999920212;0.999919937
20.546598;1.02577392;0.880270989;0.0240351936;0.858153398;0.0234314277;1.03298437;1.04403627;0.864655826;0.089429614;1.02577417;0.79224447;0.0216321185;10;0.833332763;1.044444;1.044444;0.99991921;0.999918952
20.547598;1.02580894;0.880215439;0.0241240579;0.858069932;0.0235173003;1.03304606;1.04407733;0.864566493;0.0894995225;1.02580918;0.792194443;0.0217121077;10;0.83333275;1.044444;1.044444;0.999919211;0.999918967
20.548598;1.02584496;0.880158775;0.0242129224;0.857984553;0.0236031435;1.03310845;1.04411745;0.864477945;0.0895695058;1.02584519;0.792143414;0.0217920964;10;0.833332738;1.044444;1.044444;0.999918214;0.99991798
20.549598;1.02587997;0.880103219;0.024300676;0.857901099;0.02368792;1.03316984;1.04415851;0.864387557;0.0896394028;1.0258802;0.792093382;0.0218710847;10;0.833332728;1.044444;1.044444;0.999918219;0.999917993
20.550598;1.02591599;0.880045442;0.0243884298;0.857814649;0.0237726668;1.03323223;1.04419862;0.864299019;0.0897083113;1.02591622;0.792041349;0.0219500728;10;0.833332721;1.044444;1.044444;0.999917226;0.999917004
20.551598;1.025951;0.879988773;0.0244750729;0.857730124;0.0238563466;1.03329332;1.04423969;0.864207575;0.0897771337;1.02595123;0.791990314;0.0220280608;10;0.833332718;1.044444;1.044444;0.999917234;0.999917014
20.552598;1.02598602;0.879930992;0.0245628275;0.857644525;0.0239411024;1.03335442;1.04427948;0.864118256;0.0898460608;1.02598624;0.791938277;0.022107049;10;0.833332718;1.044444;1.044444;0.999917242;0.999917021
20.553598;1.02602103;0.879873209;0.0246494719;0.857558932;0.0240247674;1.03341551;1.0443196;0.864027601;0.0899138907;1.02602125;0.791886238;0.0221850375;10;0.833332721;1.044444;1.044444;0.999916251;0.999916026
20.554598;1.02605605;0.879815427;0.024735006;0.857473347;0.0241073418;1.03347631;1.04435939;0.863937226;0.0899817446;1.02605627;0.791834198;0.0222620263;10;0.833332729;1.044444;1.044444;0.99991626;0.999916028
20.555598;1.02609106;0.879756532;0.0248216525;0.857386687;0.0241909911;1.03353711;1.04440045;0.863845799;0.0900484203;1.02609128;0.791781157;0.0223400156;10;0.833332739;1.044444;1.044444;0.999916269;0.999916029
20.556598;1.02612607;0.879697636;0.0249071894;0.857300034;0.0242735499;1.03359791;1.0444393;0.863756211;0.0901152835;1.0261263;0.791728116;0.0224170054;10;0.833332752;1.044444;1.044444;0.999915276;0.999915027
20.557598;1.02616108;0.879638739;0.024992728;0.857213387;0.0243561009;1.03365841;1.04447908;0.863664782;0.0901820615;1.02616131;0.791675075;0.0224939954;10;0.833332767;1.044444;1.044444;0.999915283;0.999915023
20.558598;1.02619509;0.879579842;0.0250771575;0.857127582;0.0244375855;1.03371791;1.04451887;0.863573356;0.0902488359;1.02619532;0.791622035;0.0225699854;10;0.833332784;1.044444;1.044444;0.999915289;0.999915017
20.559598;1.0262301;0.879519833;0.0251615888;0.857039865;0.0245190386;1.03377841;1.04455865;0.863480869;0.0903145427;1.02623033;0.791567996;0.0226459751;10;0.833332802;1.044444;1.044444;0.999914293;0.999914009
20.561598;1.0262991;0.879399816;0.0253304569;0.856865282;0.0246819465;1.03389782;1.04463694;0.86329802;0.0904460541;1.02629935;0.791459924;0.0227979528;10;0.833332841;1.044444;1.044444;0.9999143;0.99991399
20.562598;1.02633311;0.879339807;0.0254137824;0.856778417;0.0247623191;1.03395702;1.04467578;0.86320632;0.0905107658;1.02633336;0.791405891;0.0228729407;10;0.833332861;1.044444;1.044444;0.999913302;0.999912981
20.564598;1.02640111;0.879218678;0.0255804389;0.856603616;0.0249230443;1.03407482;1.04475407;0.863022425;0.0906401207;1.02640138;0.791296832;0.0230229148;10;0.833332903;1.044444;1.044444;0.999913304;0.999912964
20.565598;1.0264351;0.879157558;0.0256626589;0.856515681;0.0250023152;1.03413372;1.04479258;0.862929945;0.0907037821;1.02643539;0.791241805;0.0230969014;10;0.833332924;1.044444;1.044444;0.999913303;0.999912957
20.566598;1.0264691;0.879096437;0.0257448813;0.856427749;0.0250815803;1.03419232;1.04483109;0.86283747;0.0907674381;1.02646939;0.791186781;0.0231708881;10;0.833332944;1.044444;1.044444;0.999912303;0.999911952
20.567598;1.02650309;0.879034205;0.025827106;0.85633874;0.0251608401;1.03425092;1.0448696;0.862744999;0.0908310886;1.0265034;0.791130758;0.023244875;10;0.833332964;1.044444;1.044444;0.999912301;0.999911948
20.568598;1.02653708;0.878973086;0.0259093338;0.856250817;0.0252400948;1.03430953;1.04490716;0.862653311;0.0908937522;1.02653741;0.791075738;0.0233188625;10;0.833332983;1.044444;1.044444;0.999912299;0.999911945
20.570598;1.02660407;0.878849736;0.0260715776;0.856074733;0.0253964505;1.03442513;1.04498325;0.862468112;0.0910189809;1.02660442;0.790964704;0.0234648392;10;0.833333017;1.044444;1.044444;0.999912294;0.999911945
20.571598;1.02663706;0.878787506;0.0261527051;0.855986575;0.0254746343;1.03448243;1.04502177;0.8623746;0.0910815459;1.02663743;0.790908691;0.0235378287;10;0.833333032;1.044444;1.044444;0.999911291;0.999910948
20.572598;1.02667105;0.878724163;0.0262327254;0.855896505;0.0255517066;1.03454043;1.04505934;0.862282937;0.0911431247;1.02667144;0.79085168;0.023609819;10;0.833333046;1.044444;1.044444;0.999911289;0.999910952
20.574598;1.02673703;0.8785997;0.0263927765;0.855720217;0.0257058876;1.03465444;1.04513416;0.862096716;0.0912652338;1.02673746;0.790739669;0.0237538028;10;0.833333069;1.044444;1.044444;0.999911286;0.999910963
20.576598;1.02680301;0.878473009;0.0265506159;0.855541796;0.0258578864;1.03476786;1.04520932;0.861911313;0.0913862341;1.02680348;0.790625667;0.0238957922;10;0.833333086;1.044444;1.044444;0.999911288;0.999910977
20.577598;1.02683599;0.878409663;0.0266295379;0.855452597;0.025933879;1.03482457;1.04524657;0.861817834;0.091446758;1.02683649;0.790568669;0.0239667896;10;0.833333091;1.044444;1.044444;0.999910292;0.999909984
20.578598;1.02686798;0.878346315;0.0267084609;0.855364238;0.026009892;1.03487998;1.04528288;0.86172514;0.0915062985;1.0268685;0.790511674;0.024037789;10;0.833333095;1.044444;1.044444;0.999910296;0.999909991
20.579598;1.02690096;0.878282966;0.0267862732;0.855275054;0.0260847929;1.03493639;1.04532047;0.861631401;0.0915657244;1.0269015;0.790454681;0.0241077905;10;0.833333097;1.044444;1.044444;0.999910301;0.999909998
20.580598;1.02693395;0.878219618;0.0268640855;0.855185878;0.0261596888;1.0349928;1.04535677;0.861538722;0.0916252591;1.02693451;0.79039769;0.024177794;10;0.833333097;1.044444;1.044444;0.999910306;0.999910006
20.581598;1.02696594;0.878156269;0.0269407865;0.855097544;0.0262335235;1.03504822;1.04539341;0.861445775;0.091684762;1.02696651;0.790340701;0.0242467995;10;0.833333095;1.044444;1.044444;0.999910311;0.999910014
20.583598;1.02702991;0.878028462;0.0270952978;0.854919816;0.0263822615;1.03515814;1.04546697;0.861259673;0.091801609;1.02703051;0.790225731;0.0243858157;10;0.833333089;1.044444;1.044444;0.99991032;0.999910029
20.584598;1.0270629;0.877964003;0.0271719966;0.854829589;0.0264560574;1.03521426;1.04550233;0.861166735;0.0918590899;1.0270635;0.79016775;0.0244548256;10;0.833333083;1.044444;1.044444;0.999910323;0.999910036
20.585598;1.02709489;0.877899546;0.0272475838;0.854740204;0.0265287931;1.03526907;1.04553864;0.86107409;0.0919164857;1.02709549;0.79010977;0.0245228364;10;0.833333077;1.044444;1.044444;0.999910326;0.999910043
20.586598;1.02712588;0.877835091;0.0273231704;0.854651659;0.0266015507;1.03532288;1.04557496;0.860980388;0.0919738794;1.02712648;0.790051793;0.0245908476;10;0.83333307;1.044444;1.044444;0.999910328;0.999910049
20.587598;1.02715788;0.877770636;0.027398757;0.85456229;0.0266742786;1.03537739;1.04561065;0.860887197;0.0920313248;1.02715847;0.789993817;0.0246588589;10;0.833333061;1.044444;1.044444;0.99990933;0.999909056
20.588598;1.02718988;0.877706183;0.0274743434;0.854472928;0.0267470026;1.03543191;1.04564697;0.860793508;0.0920887146;1.02719046;0.789935843;0.0247268702;10;0.83333305;1.044444;1.044444;0.999909332;0.999909062
20.590598;1.02725288;0.877577281;0.0276232943;0.854295063;0.0268903015;1.03553993;1.04571772;0.860607706;0.0922004669;1.02725342;0.789819899;0.0248608925;10;0.833333025;1.044444;1.044444;0.999909336;0.999909077
20.592598;1.02731589;0.877447271;0.0277722441;0.85411615;0.0270335848;1.03564735;1.04578815;0.860422203;0.0923122395;1.02731638;0.789702964;0.0249949155;10;0.833332994;1.044444;1.044444;0.999909341;0.999909097
20.594598;1.0273779;0.877317265;0.0279189682;0.853938103;0.0271747165;1.03575347;1.045858;0.860237233;0.0924229919;1.02737833;0.789586034;0.0251269407;10;0.833332959;1.044444;1.044444;0.999909347;0.999909121
20.596598;1.02743993;0.877186151;0.0280645756;0.853759005;0.0273147517;1.03585898;1.04592785;0.860051226;0.092531607;1.02744027;0.789468107;0.0252579696;10;0.833332924;1.044444;1.044444;0.999909356;0.999909148
20.597598;1.02746995;0.877121705;0.028136821;0.853671379;0.027384249;1.03591059;1.04596232;0.859958089;0.0925859516;1.02747024;0.789410142;0.0253229857;10;0.833332906;1.044444;1.044444;0.999909362;0.999909162
20.599598;1.027532;0.876990592;0.0282801942;0.853492323;0.0275220962;1.03601579;1.04603093;0.859773165;0.0926935981;1.02753218;0.789292207;0.0254520215;10;0.833332871;1.044444;1.044444;0.999909376;0.999909191
20.600598;1.02756202;0.876925035;0.0283513224;0.853403634;0.0275904991;1.0360671;1.04606542;0.859680043;0.0927468707;1.02756216;0.789233235;0.0255160415;10;0.833332853;1.044444;1.044444;0.999909384;0.999909205
20.601598;1.02759205;0.876859477;0.028422449;0.853314949;0.0276588975;1.0361184;1.04609863;0.859589036;0.0928002528;1.02759213;0.789174261;0.0255800632;10;0.833332834;1.044444;1.044444;0.999909394;0.99990922
20.602598;1.02762307;0.876793918;0.0284935744;0.853225437;0.0277272644;1.0361707;1.04613311;0.859495923;0.0928524561;1.02762309;0.789115283;0.0256440867;10;0.833332814;1.044444;1.044444;0.999909404;0.999909236
20.604598;1.02768313;0.876662799;0.0286336001;0.853048089;0.0278618764;1.0362727;1.04620115;0.859310485;0.092956934;1.02768303;0.788997318;0.0257701386;10;0.833332772;1.044444;1.044444;0.999909426;0.99990927
20.605598;1.02771317;0.87659724;0.0287036119;0.85295942;0.0279291762;1.03632371;1.04623437;0.85921843;0.0930092372;1.027713;0.788938331;0.025833166;10;0.83333275;1.044444;1.044444;0.999909438;0.999909288
20.607598;1.02777224;0.876465007;0.0288425228;0.852781842;0.0280627097;1.03642441;1.04630115;0.859034059;0.0931116749;1.02777194;0.788819347;0.0259582201;10;0.833332709;1.044444;1.044444;0.999909461;0.999909327
20.609598;1.02783132;0.876333883;0.0289792099;0.852605361;0.0281940651;1.03652452;1.04636732;0.858850205;0.0932130821;1.02783087;0.788701353;0.0260812682;10;0.833332671;1.044444;1.044444;0.999909481;0.999909369
20.610598;1.02786135;0.87626721;0.0290481086;0.852515629;0.0282602635;1.03657492;1.04639962;0.858758942;0.0932643788;1.02786084;0.788641351;0.0261432881;10;0.833332655;1.044444;1.044444;0.999909489;0.99990939
20.612598;1.02791943;0.876136085;0.0291836832;0.852339999;0.0283905412;1.03667373;1.04646548;0.858575382;0.0933636527;1.02791877;0.788523343;0.026265318;10;0.833332625;1.044444;1.044444;0.999909503;0.999909431
20.615598;1.02800654;0.875938288;0.0293848189;0.852075508;0.0285837658;1.03682103;1.04656307;0.858300034;0.0935120933;1.02800569;0.788345315;0.0264463403;10;0.833332589;1.044444;1.044444;0.999909518;0.999909489
20.616598;1.02803557;0.875871616;0.029450381;0.851986633;0.0286467244;1.03686983;1.04659476;0.858209297;0.0935612815;1.02803467;0.788285302;0.0265053429;10;0.833332579;1.044444;1.044444;0.999909523;0.999909507
20.617598;1.02806459;0.875806058;0.0295170532;0.851898845;0.0287107596;1.03691893;1.04662707;0.858118062;0.0936093473;1.02806365;0.788226289;0.0265653434;10;0.83333257;1.044444;1.044444;0.999909528;0.999909523
20.618598;1.02809261;0.875739389;0.029582613;0.851810809;0.0287737375;1.03696644;1.04665877;0.858027334;0.0936574621;1.02809163;0.788166274;0.0266243417;10;0.833332561;1.044444;1.044444;0.999909533;0.999909538
20.619598;1.02812163;0.875673831;0.0296481717;0.851723031;0.0288366829;1.03701524;1.04669047;0.857935549;0.0937055712;1.02812061;0.788107258;0.0266833378;10;0.833332553;1.044444;1.044444;0.999910537;0.999910552
20.620598;1.02814964;0.875607164;0.029713729;0.851635007;0.0288996519;1.03706274;1.04672279;0.857844326;0.0937536198;1.0281486;0.788047241;0.0267423316;10;0.833332546;1.044444;1.044444;0.999910541;0.999910565
20.621598;1.02817764;0.875541607;0.0297781739;0.851548069;0.0289615353;1.03711024;1.04675449;0.85775361;0.0938006568;1.02817659;0.787988223;0.0268003234;10;0.833332538;1.044444;1.044444;0.999910544;0.999910576
20.622598;1.02820564;0.87547494;0.0298426171;0.851460057;0.029023414;1.03715775;1.04678493;0.857663942;0.093847803;1.02820458;0.787928204;0.0268583134;10;0.833332532;1.044444;1.044444;0.999910547;0.999910585
20.624598;1.02826163;0.875342713;0.0299714976;0.851285127;0.0291471567;1.03725216;1.04684834;0.85748147;0.0939418528;1.02826057;0.787809162;0.0269742889;10;0.833332521;1.044444;1.044444;0.999910549;0.999910598
20.626598;1.0283176;0.875210486;0.0300981479;0.851110214;0.0292687196;1.03734626;1.04690954;0.857301893;0.0940339605;1.02831657;0.787690116;0.0270882606;10;0.833332515;1.044444;1.044444;0.999910549;0.999910601
20.628598;1.02837255;0.875078256;0.0302247907;0.850936142;0.0293902949;1.03743906;1.04697168;0.857120496;0.0941259665;1.02837158;0.787571069;0.0272022311;10;0.833332513;1.044444;1.044444;0.999910547;0.999910593
20.630598;1.0284275;0.874946027;0.0303492051;0.850762082;0.0295096964;1.03753156;1.04703193;0.856941721;0.0942160032;1.02842659;0.787452023;0.0273142017;10;0.833332514;1.044444;1.044444;0.999910546;0.999910574
20.631598;1.02845447;0.874880468;0.0304114102;0.850676009;0.0295694071;1.03757715;1.0470627;0.856851818;0.0942609579;1.0284536;0.787393002;0.0273701872;10;0.833332516;1.044444;1.044444;0.999910545;0.99991056
20.632598;1.02848144;0.874813798;0.030472503;0.850588858;0.0296280348;1.03762245;1.04709252;0.856762691;0.0943049321;1.02848061;0.787332982;0.027425173;10;0.833332518;1.044444;1.044444;0.999910545;0.999910545
20.633598;1.02850841;0.874748241;0.0305335948;0.85050279;0.02968666;1.03766804;1.04712295;0.856672004;0.0943499078;1.02850761;0.787273962;0.0274801591;10;0.833332521;1.044444;1.044444;0.999911546;0.999911528
20.635598;1.02856235;0.874616017;0.0306557768;0.850329583;0.0298039039;1.03775863;1.04718259;0.856493772;0.0944378356;1.02856163;0.787154927;0.027590133;10;0.833332527;1.044444;1.044444;0.999911547;0.99991149
20.638598;1.02864227;0.874418242;0.0308368272;0.850071165;0.029977627;1.03789262;1.04727077;0.856227499;0.0945676971;1.02864166;0.786976881;0.0277530983;10;0.833332531;1.044444;1.044444;0.999911544;0.999911428
20.639598;1.02866824;0.87435269;0.0308956976;0.849985946;0.0300341122;1.03793662;1.0473006;0.856138402;0.0946105887;1.02866767;0.786917866;0.0278060872;10;0.833332531;1.044444;1.044444;0.999911542;0.999911405
20.641598;1.02872019;0.874220479;0.0310145543;0.849814441;0.0301481616;1.03802402;1.04735802;0.855962035;0.0946955102;1.02871969;0.786798839;0.0279130641;10;0.833332527;1.044444;1.044444;0.999911532;0.999911359
20.642598;1.02874717;0.874154932;0.03107343;0.849728411;0.0302046168;1.03806873;1.0473869;0.855873722;0.0947374257;1.0287467;0.786739826;0.0279660516;10;0.833332525;1.044444;1.044444;0.999911525;0.999911335
20.643598;1.02877315;0.874089385;0.0311311964;0.849643211;0.0302600212;1.03811243;1.04741579;0.855785414;0.0947793413;1.02877271;0.786680813;0.0280180383;10;0.833332522;1.044444;1.044444;0.999912517;0.99991231
20.646598;1.0288501;0.87389275;0.0313056158;0.849388471;0.0304273436;1.03824135;1.04750212;0.855520781;0.094902997;1.02884974;0.786503775;0.0281749913;10;0.833332518;1.044444;1.044444;0.999912489;0.99991224
20.647598;1.02887508;0.873826096;0.0313633877;0.849303039;0.0304827763;1.03828377;1.04753007;0.855434321;0.0949439375;1.02887475;0.786443763;0.0282269731;10;0.833332518;1.044444;1.044444;0.99991248;0.999912219
20.648598;1.02890107;0.873760552;0.0314200496;0.849217869;0.0305370984;1.03832688;1.04755803;0.855346803;0.0949848774;1.02890075;0.786384751;0.0282779537;10;0.833332517;1.044444;1.044444;0.999912472;0.999912199
20.651598;1.02897704;0.873563925;0.0315900402;0.84896404;0.0307001151;1.03845392;1.04764191;0.855085329;0.0951045104;1.02897677;0.786207715;0.0284308892;10;0.833332515;1.044444;1.044444;0.99991245;0.999912152
20.652598;1.02900203;0.873499495;0.0316455939;0.848880797;0.0307533798;1.03849574;1.04766988;0.854997824;0.0951443851;1.02900178;0.786149703;0.0284808653;10;0.833332514;1.044444;1.044444;0.999913445;0.99991314
20.653598;1.02902701;0.873433953;0.031701148;0.84879648;0.0308066418;1.03853726;1.04769785;0.854911382;0.0951842577;1.02902679;0.786090692;0.0285308403;10;0.833332512;1.044444;1.044444;0.99991344;0.99991313
20.655598;1.02907699;0.873302871;0.0318122582;0.848627865;0.0309131561;1.03862061;1.04775285;0.854738215;0.0952619602;1.0290768;0.785972668;0.0286307871;10;0.833332508;1.044444;1.044444;0.999913433;0.999913116
20.659598;1.02917494;0.873042936;0.0320300416;0.848294514;0.0311218795;1.03878411;1.04786131;0.854393184;0.0954153561;1.02917484;0.785738621;0.0288266788;10;0.833332499;1.044444;1.044444;0.999913429;0.999913111
20.660598;1.02919892;0.8729774;0.0320833774;0.848211062;0.0311729846;1.03882433;1.04788741;0.8543083;0.0954532622;1.02919885;0.78567961;0.0288746532;10;0.833332497;1.044444;1.044444;0.999913431;0.999913115
20.661598;1.02922291;0.872911863;0.0321378248;0.848127614;0.0312251645;1.03886426;1.04791444;0.854222648;0.0954910798;1.02922286;0.7856206;0.0289236282;10;0.833332495;1.044444;1.044444;0.999914434;0.99991412
20.662598;1.02924689;0.872847438;0.0321911614;0.848045251;0.0312762603;1.03890448;1.04794054;0.85413777;0.095528981;1.02924687;0.785562589;0.0289716038;10;0.833332493;1.044444;1.044444;0.999914438;0.999914127
20.663598;1.02927087;0.872783014;0.0322433875;0.847962891;0.0313262722;1.0389444;1.0479679;0.854051858;0.0955657033;1.02927088;0.78550458;0.0290185799;10;0.83333249;1.044444;1.044444;0.999914442;0.999914135
20.664598;1.02929486;0.872717479;0.0322967256;0.847879456;0.0313773594;1.03898432;1.04799399;0.853966987;0.0956025392;1.02929489;0.785445571;0.0290665566;10;0.833332486;1.044444;1.044444;0.999914447;0.999914145
20.666598;1.02934282;0.872588632;0.0324011828;0.847714756;0.0314773624;1.03906355;1.04804649;0.853796989;0.0956761742;1.02934291;0.785329558;0.0291605125;10;0.833332474;1.044444;1.044444;0.999914459;0.999914166
20.667598;1.0293658;0.872524208;0.0324534133;0.847633234;0.0315273883;1.03910216;1.04807163;0.853712898;0.0957120299;1.02936592;0.785271554;0.0292074923;10;0.833332467;1.044444;1.044444;0.999914465;0.999914177
20.668598;1.02938979;0.872458674;0.0325045338;0.847549812;0.0315763001;1.03914177;1.04809772;0.853628042;0.0957477978;1.02938992;0.785212552;0.0292534738;10;0.833332457;1.044444;1.044444;0.999915472;0.999915189
20.669598;1.02941277;0.872394249;0.0325567667;0.847468295;0.0316263182;1.03918008;1.04812413;0.853543982;0.0957835346;1.02941293;0.785154552;0.0293004574;10;0.833332445;1.044444;1.044444;0.99991548;0.999915201
20.670598;1.02943675;0.872329824;0.0326078892;0.847385958;0.0316752223;1.03921969;1.04814926;0.853459904;0.0958193865;1.02943693;0.785096553;0.0293464434;10;0.833332432;1.044444;1.044444;0.999915487;0.999915212
20.671598;1.02945974;0.872265399;0.0326590123;0.847304446;0.0317241534;1.039258;1.04817473;0.853375561;0.0958541475;1.02945993;0.785038555;0.0293924319;10;0.833332418;1.044444;1.044444;0.999915495;0.999915223
20.674598;1.02952869;0.872073231;0.0328101603;0.847061008;0.0318687674;1.03937231;1.04825079;0.853124948;0.0959595171;1.02952893;0.784865565;0.0295284132;10;0.833332368;1.044444;1.044444;0.999915519;0.999915255
20.675598;1.02955168;0.872008804;0.0328601726;0.846979507;0.0319166064;1.03941031;1.04827593;0.853040891;0.0959943065;1.02955192;0.784807569;0.0295734128;10;0.833332351;1.044444;1.044444;0.999916526;0.999916265
20.676598;1.02957466;0.871944376;0.0329090735;0.846898009;0.0319633635;1.03944801;1.04830045;0.852958401;0.0960280926;1.02957492;0.784749573;0.0296174153;10;0.833332333;1.044444;1.044444;0.999916532;0.999916275
20.677598;1.02959665;0.871881058;0.0329590852;0.846818414;0.0320112286;1.03948501;1.04832592;0.852875145;0.0960617925;1.02959692;0.784692578;0.0296624208;10;0.833332315;1.044444;1.044444;0.999916537;0.999916285
20.680598;1.02966461;0.871688874;0.0331057808;0.84657584;0.0321515133;1.03959679;1.04839918;0.852627975;0.0961631848;1.0296649;0.784519595;0.0297944516;10;0.833332267;1.044444;1.044444;0.999916537;0.999916307
20.681598;1.0296866;0.871625549;0.0331535651;0.846496253;0.0321972137;1.03963348;1.04842372;0.852545503;0.0961959129;1.0296869;0.784462603;0.0298374659;10;0.833332254;1.044444;1.044444;0.999916531;0.999916313
20.682598;1.02970858;0.87156222;0.0332024588;0.846416667;0.0322439921;1.03966988;1.04844825;0.852463035;0.0962297007;1.02970889;0.784405611;0.0298814816;10;0.833332243;1.044444;1.044444;0.999917522;0.999917317
20.683598;1.02973057;0.871498888;0.0332502395;0.846337084;0.0322896906;1.03970627;1.04847247;0.852380835;0.0962624588;1.02973088;0.784348621;0.0299244986;10;0.833332233;1.044444;1.044444;0.999917511;0.999917319
20.684598;1.02975256;0.871435555;0.0332980184;0.846257503;0.0323353884;1.03974236;1.04849607;0.85229914;0.0962952735;1.02975288;0.784291632;0.0299675164;10;0.833332226;1.044444;1.044444;0.999917499;0.999917319
20.685598;1.02977455;0.871371107;0.0333446843;0.846176846;0.0323800063;1.03977875;1.04851967;0.852217446;0.0963270284;1.02977487;0.784233643;0.0300095348;10;0.833332221;1.044444;1.044444;0.999917485;0.999917317
20.686598;1.02979654;0.871307769;0.0333924599;0.84609727;0.0324257022;1.03981485;1.04854422;0.852136045;0.0963597564;1.02979687;0.784176654;0.0300525537;10;0.833332219;1.044444;1.044444;0.999917471;0.999917313
20.687598;1.02981853;0.87124554;0.0334391231;0.846018776;0.032470318;1.03985094;1.04856783;0.852054353;0.0963915117;1.02981886;0.784120666;0.0300945729;10;0.833332219;1.044444;1.044444;0.999917458;0.999917307
20.688598;1.02983952;0.871182199;0.0334857855;0.845940027;0.032514964;1.03988574;1.04859143;0.85197372;0.0964232673;1.02983986;0.784063679;0.0301365924;10;0.833332222;1.044444;1.044444;0.999917443;0.999917299
20.689598;1.02986151;0.871118858;0.0335324473;0.845860459;0.0325595775;1.03992184;1.04861504;0.851892028;0.096455023;1.02986186;0.784006691;0.0301786119;10;0.833332228;1.044444;1.044444;0.999918429;0.999918289
20.691598;1.0299045;0.870993285;0.0336246597;0.84570323;0.0326477539;1.03999244;1.04866165;0.851731259;0.0965175315;1.02990486;0.783893716;0.0302616491;10;0.833332249;1.044444;1.044444;0.9999184;0.999918263
20.692598;1.0299255;0.870929943;0.0336702111;0.84562449;0.0326913173;1.04002725;1.04868527;0.851650624;0.0965482268;1.02992586;0.783836729;0.0303026659;10;0.833332264;1.044444;1.044444;0.999918385;0.999918246
20.693598;1.0299465;0.870866601;0.0337157632;0.845545752;0.03273488;1.04006175;1.04870793;0.851570755;0.0965790081;1.02994687;0.783779741;0.0303436808;10;0.833332282;1.044444;1.044444;0.99991837;0.999918226
20.694598;1.0299675;0.870804369;0.0337602051;0.845468094;0.0327773636;1.04009626;1.04873061;0.851489827;0.096609788;1.02996787;0.783723754;0.0303836936;10;0.833332303;1.044444;1.044444;0.999918355;0.999918205
20.695598;1.0299885;0.870742138;0.0338057588;0.845390439;0.0328209258;1.04013077;1.04875361;0.851410752;0.0966394762;1.02998888;0.783667765;0.030424704;10;0.833332326;1.044444;1.044444;0.999919341;0.99991918
20.698598;1.03005152;0.870554338;0.033939088;0.845156404;0.0329483785;1.040234;1.04882195;0.851170892;0.0967296457;1.03005191;0.783498795;0.0305447184;10;0.833332405;1.044444;1.044444;0.999919303;0.999919098
20.700598;1.03009254;0.870429885;0.0340268602;0.845001929;0.0330323041;1.04030112;1.04886667;0.851012739;0.0967891157;1.03009294;0.783386811;0.0306237148;10;0.833332464;1.044444;1.044444;0.999919279;0.999919038
20.701598;1.03011255;0.870367661;0.034070189;0.844925104;0.0330737445;1.04033434;1.04888839;0.850934714;0.0968178461;1.03011296;0.783330819;0.0306627101;10;0.833332493;1.044444;1.044444;0.999919268;0.999919008
20.702598;1.03013355;0.870305438;0.0341135163;0.844847461;0.0331151529;1.04036825;1.04891138;0.850854603;0.0968464566;1.03013397;0.783274828;0.0307017041;10;0.833332522;1.044444;1.044444;0.999920256;0.999919978
20.706598;1.03021359;0.870058784;0.0342834827;0.844542351;0.0332776758;1.04049963;1.0489983;0.850542536;0.096961346;1.03021402;0.78305287;0.0308546791;10;0.83333262;1.044444;1.044444;0.999920208;0.999919864
20.707598;1.0302336;0.86999768;0.0343256958;0.84446662;0.0333180343;1.04053225;1.04902036;0.850464272;0.0969889759;1.03023402;0.782997884;0.030892675;10;0.833332639;1.044444;1.044444;0.999920196;0.999919837
20.708598;1.03025361;0.869935465;0.0343679088;0.844389814;0.0333583909;1.04056487;1.04904113;0.850387044;0.0970167217;1.03025403;0.7829419;0.0309306726;10;0.833332657;1.044444;1.044444;0.999921184;0.99992081
20.709598;1.03027361;0.869874361;0.0344090107;0.844314089;0.0333976666;1.04059719;1.04906319;0.85030879;0.097044348;1.03027403;0.782886917;0.0309676718;10;0.833332674;1.044444;1.044444;0.999921174;0.999920784
20.712598;1.03033162;0.869691049;0.0345334272;0.844088573;0.0335166254;1.04069244;1.04912652;0.850077404;0.0971264149;1.03033203;0.782721973;0.0310796793;10;0.83333272;1.044444;1.044444;0.99992115;0.999920712
20.713598;1.03035163;0.869629943;0.0345734173;0.844012863;0.0335548158;1.04072476;1.04914764;0.850000987;0.0971530585;1.03035203;0.782666991;0.0311156844;10;0.833332736;1.044444;1.044444;0.999921143;0.999920689
20.714598;1.03037063;0.869568836;0.0346145176;0.843937975;0.033594116;1.04075578;1.04916874;0.849923515;0.0971796987;1.03037102;0.782612008;0.0311526907;10;0.833332751;1.044444;1.044444;0.999922138;0.999921668
20.718598;1.03044664;0.869326621;0.0347744626;0.843640624;0.0337469888;1.04087983;1.04925071;0.849619926;0.0972843416;1.03044701;0.78239406;0.0312967221;10;0.833332815;1.044444;1.044444;0.999922123;0.999921587
20.719598;1.03046565;0.86926551;0.0348133348;0.843565756;0.0337841239;1.04091055;1.04927089;0.849544294;0.0973110544;1.03046601;0.782339069;0.0313317306;10;0.833332833;1.044444;1.044444;0.999922121;0.999921568
20.720598;1.03048466;0.869205509;0.0348522062;0.84349197;0.0338212563;1.04094156;1.04929235;0.849467635;0.0973365883;1.030485;0.782285077;0.0313667391;10;0.83333285;1.044444;1.044444;0.99992312;0.99992255
20.723598;1.03054069;0.869025511;0.0349688194;0.843271454;0.0339326686;1.04103239;1.04935229;0.849242328;0.0974114749;1.03054099;0.782123095;0.0314717655;10;0.833332906;1.044444;1.044444;0.999923114;0.999922495
20.725598;1.03057772;0.868905516;0.0350454527;0.843124734;0.0340058591;1.0410922;1.04939206;0.849092661;0.0974617645;1.03057797;0.782015103;0.0315407836;10;0.833332945;1.044444;1.044444;0.999923106;0.99992246
20.726598;1.03059573;0.868845521;0.0350832148;0.843051787;0.0340419261;1.04112161;1.04941131;0.849018877;0.0974864367;1.03059597;0.781961106;0.0315747929;10;0.833332964;1.044444;1.044444;0.9999241;0.999923445
20.727598;1.03061375;0.868785528;0.0351209779;0.842978843;0.0340779894;1.04115102;1.0494309;0.848944834;0.0975100182;1.03061396;0.781907108;0.0316088023;10;0.833332985;1.044444;1.044444;0.999924094;0.999923431
20.729598;1.03064977;0.868666658;0.0351953952;0.842834041;0.0341490263;1.04120923;1.04946974;0.848797023;0.0975582637;1.03064995;0.781800107;0.0316758218;10;0.833333024;1.044444;1.044444;0.999924078;0.999923408
20.731598;1.03068579;0.868548907;0.0352687048;0.842690326;0.034218971;1.04126745;1.04950892;0.848648958;0.0976064689;1.03068593;0.781694101;0.0317418432;10;0.833333064;1.044444;1.044444;0.999924059;0.999923397
20.732598;1.0307038;0.868488923;0.0353053609;0.842617395;0.0342539386;1.04129657;1.04952757;0.848575692;0.0976290678;1.03070393;0.781640095;0.0317748553;10;0.833333083;1.044444;1.044444;0.999925049;0.999924396
20.733598;1.03072181;0.86843005;0.0353420175;0.842545545;0.0342889034;1.04132538;1.04954717;0.848502722;0.0976526354;1.03072193;0.781587088;0.0318078689;10;0.833333104;1.044444;1.044444;0.999925039;0.999924399
20.735598;1.03075682;0.868312307;0.0354142218;0.842402671;0.03435778;1.04138201;1.04958448;0.84835725;0.0976988835;1.03075693;0.781481073;0.0318729018;10;0.833333148;1.044444;1.044444;0.999925018;0.999924416
20.736598;1.03077383;0.868253436;0.0354497695;0.842331648;0.0343916919;1.04140982;1.04960409;0.848284278;0.0977213888;1.03077394;0.781428065;0.0319049213;10;0.833333172;1.044444;1.044444;0.999925007;0.999924431
20.737598;1.03079183;0.868195678;0.0354853181;0.842260888;0.0344255677;1.04143834;1.04962275;0.848211011;0.0977439815;1.03079194;0.781376057;0.0319369429;10;0.833333197;1.044444;1.044444;0.999924997;0.999924451
20.738598;1.03080884;0.868136807;0.0355208673;0.842189871;0.0344594744;1.04146615;1.04964047;0.848139563;0.0977666619;1.03080895;0.781323049;0.0319689664;10;0.833333223;1.044444;1.044444;0.999925988;0.999925475
20.739598;1.03082584;0.868077935;0.0355553064;0.842118856;0.0344923011;1.04149367;1.04965912;0.848067351;0.097789254;1.03082596;0.781270041;0.0319999918;10;0.833333251;1.044444;1.044444;0.999925979;0.999925503
20.740598;1.03084285;0.868020172;0.0355908576;0.84204892;0.034526204;1.04152118;1.04967779;0.847995136;0.0978107875;1.03084297;0.781218035;0.0320320186;10;0.833333282;1.044444;1.044444;0.999925972;0.999925534
20.741598;1.03085986;0.867962409;0.0356252991;0.841978987;0.0345590276;1.0415487;1.0496955;0.847924743;0.0978334675;1.03085998;0.781166029;0.0320630467;10;0.833333314;1.044444;1.044444;0.999925965;0.999925568
20.742598;1.03087686;0.867903532;0.0356597418;0.841907977;0.0345918501;1.04157592;1.04971449;0.847852263;0.0978549706;1.03087699;0.781113023;0.0320940754;10;0.833333349;1.044444;1.044444;0.99992596;0.999925605
20.743598;1.03089387;0.867845766;0.0356941857;0.841838047;0.0346246718;1.04160314;1.04973221;0.847780807;0.0978765922;1.03089401;0.781061019;0.0321251046;10;0.833333386;1.044444;1.044444;0.999926956;0.999926642
20.744598;1.03091088;0.867787996;0.0357286307;0.841768119;0.0346574928;1.04163036;1.04974993;0.847710409;0.097898214;1.03091102;0.781009016;0.032156134;10;0.833333424;1.044444;1.044444;0.999926954;0.99992668
20.746598;1.03094489;0.867672452;0.0357953004;0.841628269;0.0347209773;1.04168479;1.04978569;0.847568289;0.0979403686;1.03094505;0.780905015;0.0322161936;10;0.833333505;1.044444;1.044444;0.999926953;0.999926756
20.747598;1.0309609;0.867614677;0.0358297468;0.841559163;0.03475383;1.04171101;1.04980373;0.847497625;0.0979619591;1.03096107;0.780853017;0.0322472238;10;0.833333548;1.044444;1.044444;0.999926956;0.999926791
20.748598;1.03097791;0.867558012;0.0358630823;0.841490321;0.0347855705;1.04173793;1.04982144;0.847426166;0.0979825204;1.03097809;0.780802021;0.032277254;10;0.833333591;1.044444;1.044444;0.99992696;0.999926825
20.749598;1.03099392;0.867500235;0.0358953066;0.841421218;0.0348162665;1.04176384;1.04983949;0.847355501;0.0980030496;1.03099411;0.780750027;0.0323062844;10;0.833333635;1.044444;1.044444;0.999927965;0.999927856
20.750598;1.03100992;0.867442456;0.0359286417;0.841352117;0.0348480396;1.04178976;1.04985658;0.8472856;0.0980236653;1.03101013;0.780698034;0.0323363148;10;0.833333681;1.044444;1.044444;0.999927971;0.999927883
20.751598;1.03102693;0.867385789;0.0359608653;0.841283278;0.0348787009;1.04181667;1.04987429;0.847216257;0.0980442213;1.03102716;0.780647042;0.0323653452;10;0.833333728;1.044444;1.044444;0.999927978;0.999927908
20.752598;1.03104294;0.867329119;0.0359941998;0.841215256;0.034910473;1.04184228;1.04989139;0.847146356;0.0980648334;1.03104318;0.78059605;0.0323953755;10;0.833333776;1.044444;1.044444;0.999927984;0.999927928
20.753598;1.03105894;0.867271337;0.0360264229;0.841146156;0.0349411672;1.04186789;1.04990849;0.847076455;0.0980843854;1.0310592;0.780544058;0.0324244058;10;0.833333823;1.044444;1.044444;0.999927989;0.999927945
20.754598;1.03107495;0.867214664;0.0360586458;0.841078132;0.0349718608;1.0418935;1.04992558;0.847007613;0.0981039361;1.03107522;0.780493066;0.0324534358;10;0.833333871;1.044444;1.044444;0.999927994;0.999927959
20.755598;1.03109095;0.867157991;0.0360897574;0.841010109;0.0350014761;1.0419191;1.04994267;0.846937712;0.0981234858;1.03109124;0.780442073;0.0324814653;10;0.833333917;1.044444;1.044444;0.999928998;0.99992897
20.756598;1.03110696;0.867101313;0.0361219799;0.840942085;0.0350321685;1.04194471;1.04995975;0.846868869;0.0981440927;1.03110726;0.780391079;0.0325104939;10;0.833333962;1.044444;1.044444;0.999929001;0.999928977
20.757598;1.03112297;0.867044634;0.036153091;0.840874062;0.0350617824;1.04197031;1.04997652;0.846800288;0.0981626134;1.03112328;0.780340084;0.0325385214;10;0.833334005;1.044444;1.044444;0.999929004;0.999928981
20.759598;1.03115398;0.866932378;0.0362153128;0.840739914;0.0351210422;1.04201991;1.05001009;0.846662041;0.0982017699;1.03115432;0.78023909;0.0325945725;10;0.833334084;1.044444;1.044444;0.999929012;0.999928981
20.760598;1.03116999;0.866875691;0.0362464234;0.840671895;0.035150654;1.04204521;1.05002623;0.846593959;0.0982203515;1.03117034;0.780188091;0.0326225956;10;0.833334119;1.044444;1.044444;0.999929017;0.999928978
20.761598;1.03118499;0.866820111;0.036277534;0.840605772;0.0351802994;1.04206951;1.05004332;0.846526175;0.0982388467;1.03118536;0.780138091;0.032650617;10;0.833334152;1.044444;1.044444;0.999930022;0.999929973
20.762598;1.031201;0.866764528;0.0363086447;0.840538835;0.0352099107;1.0420945;1.05005945;0.846458097;0.0982574324;1.03120137;0.780088091;0.0326786363;10;0.83333418;1.044444;1.044444;0.999930029;0.999929967
20.766598;1.03126202;0.86654107;0.0364286452;0.84027247;0.0353241499;1.0421918;1.05012434;0.84618767;0.0983307056;1.03126242;0.779887079;0.032786693;10;0.833334256;1.044444;1.044444;0.999930068;0.999929934
20.767598;1.03127703;0.866485482;0.0364586458;0.840206358;0.0353527191;1.0422155;1.05013985;0.846121166;0.0983493589;1.03127743;0.779837074;0.0328137027;10;0.833334265;1.044444;1.044444;0.99993108;0.999930924
20.770598;1.03132103;0.866319836;0.0365464229;0.840009935;0.0354363083;1.04228589;1.05018765;0.84591961;0.0984020426;1.03132144;0.779688058;0.032892726;10;0.833334268;1.044444;1.044444;0.999931117;0.999930888
20.771598;1.03133603;0.866265366;0.0365753096;0.839944914;0.0354638017;1.04230959;1.05020317;0.845854174;0.0984196475;1.03133644;0.779639053;0.0329187328;10;0.833334262;1.044444;1.044444;0.999931129;0.999930876
20.772598;1.03135103;0.866209787;0.0366030837;0.839878819;0.0354902183;1.04233328;1.05021868;0.845787683;0.0984361964;1.03135144;0.779589049;0.0329437395;10;0.833334251;1.044444;1.044444;0.99993214;0.999931863
20.774598;1.03138003;0.866100859;0.0366608506;0.839749608;0.0355452416;1.04237937;1.05024939;0.845656024;0.0984703872;1.03138043;0.779491042;0.0329957525;10;0.833334219;1.044444;1.044444;0.999932157;0.999931839
20.776598;1.03140903;0.86599194;0.0367163917;0.839620407;0.0355981112;1.04242516;1.05028043;0.845524109;0.0985045511;1.03140942;0.779393037;0.0330457633;10;0.833334173;1.044444;1.044444;0.999932168;0.999931815
20.777598;1.03142302;0.865937484;0.0367441612;0.839556218;0.035624563;1.04244755;1.050295;0.845459442;0.0985211937;1.03142341;0.779344036;0.033070767;10;0.833334145;1.044444;1.044444;0.999932171;0.999931804
20.778598;1.03143702;0.86588303;0.0367719302;0.839492032;0.0356510141;1.04246964;1.05031052;0.845392957;0.09853669;1.03143741;0.779295036;0.0330957692;10;0.833334115;1.044444;1.044444;0.999933172;0.999932792
20.779598;1.03145201;0.865828578;0.0367996985;0.839427034;0.0356774297;1.04249303;1.05032509;0.84532829;0.0985533331;1.0314524;0.779246036;0.0331207698;10;0.833334083;1.044444;1.044444;0.999933171;0.999932781
20.780598;1.031466;0.865775239;0.0368263551;0.83936393;0.0357028016;1.04251511;1.05034061;0.845262864;0.0985698866;1.0314664;0.779198036;0.0331447685;10;0.833334049;1.044444;1.044444;0.999933169;0.99993277
20.781598;1.03148;0.865720789;0.0368541222;0.839299752;0.035729249;1.0425372;1.05035518;0.845199258;0.0985854699;1.03148039;0.779149037;0.0331697656;10;0.833334015;1.044444;1.044444;0.999933167;0.999932758
20.783598;1.03150798;0.865613004;0.0369074325;0.839172483;0.0357799837;1.04258136;1.05038433;0.845069939;0.0986166314;1.03150839;0.779052042;0.0332177547;10;0.833333945;1.044444;1.044444;0.99993316;0.999932737
20.784598;1.03152197;0.865559668;0.0369340865;0.839109392;0.035805348;1.04260314;1.05039891;0.845006341;0.0986322094;1.03152238;0.779004045;0.0332417468;10;0.833333911;1.044444;1.044444;0.999934157;0.999933727
20.785598;1.03153496;0.865506333;0.0369607396;0.839047118;0.0358307451;1.04262422;1.05041382;0.844941428;0.0986477554;1.03153538;0.778956049;0.0332657374;10;0.833333877;1.044444;1.044444;0.999934155;0.999933717
20.786598;1.03154895;0.865452997;0.0369862805;0.838984034;0.0358550288;1.04264599;1.05042746;0.844878598;0.0986634195;1.03154937;0.778908053;0.0332887265;10;0.833333845;1.044444;1.044444;0.999934153;0.999933709
20.787598;1.03156293;0.865399662;0.0370129312;0.838920954;0.0358803884;1.04266777;1.05044205;0.84481501;0.0986779363;1.03156337;0.778860058;0.0333127143;10;0.833333815;1.044444;1.044444;0.999934151;0.999933701
20.788598;1.03157592;0.865346327;0.0370384696;0.83885869;0.0359047048;1.04268853;1.05045697;0.844750107;0.0986934797;1.03157636;0.778812063;0.0333357009;10;0.833333786;1.044444;1.044444;0.99993415;0.999933695
20.789598;1.0315899;0.865292992;0.0370640064;0.838795616;0.035928986;1.0427103;1.05047062;0.844687286;0.098708084;1.03159036;0.778764068;0.0333586863;10;0.83333376;1.044444;1.044444;0.999934149;0.999933691
20.790598;1.03160289;0.865240769;0.0370895417;0.838734435;0.0359533018;1.04273076;1.0504846;0.844624208;0.0987226568;1.03160335;0.778717073;0.0333816705;10;0.833333736;1.044444;1.044444;0.999935148;0.999934689
20.791598;1.03161688;0.865187436;0.0371150751;0.838671366;0.0359775824;1.04275252;1.05049921;0.844561692;0.0987371698;1.03161734;0.778669078;0.0334046538;10;0.833333714;1.044444;1.044444;0.999935147;0.999934689
20.792598;1.03162986;0.865135215;0.0371406066;0.83861019;0.036001898;1.04277298;1.0505132;0.844498619;0.098751739;1.03163033;0.778622083;0.0334276362;10;0.833333695;1.044444;1.044444;0.999935145;0.999934691
20.794598;1.03165584;0.865029664;0.0371905535;0.83848677;0.0360494531;1.04281389;1.05054086;0.844373802;0.0987809009;1.03165632;0.778527092;0.0334725994;10;0.833333662;1.044444;1.044444;0.999935139;0.999934701
20.795598;1.03166883;0.864977447;0.0372149694;0.838425603;0.036072693;1.04283434;1.05055392;0.844311498;0.098794494;1.03166931;0.778480096;0.0334945798;10;0.833333648;1.044444;1.044444;0.999935135;0.999934709
20.796598;1.03168183;0.864925231;0.0372393841;0.838364439;0.0360959335;1.04285449;1.05056759;0.844249754;0.0988090843;1.0316823;0.7784331;0.0335165593;10;0.833333636;1.044444;1.044444;0.99993613;0.999935719
20.799598;1.03172083;0.864768586;0.0373126255;0.838180962;0.0361656556;1.04291524;1.05060867;0.844063453;0.0988496673;1.03172126;0.778292109;0.0335824919;10;0.833333603;1.044444;1.044444;0.999936112;0.999935762
20.800598;1.03173383;0.864717483;0.0373359278;0.838120885;0.0361878191;1.04293538;1.05062173;0.844002216;0.0988632511;1.03173425;0.778246112;0.033603468;10;0.833333594;1.044444;1.044444;0.999936106;0.999935782
20.801598;1.03174684;0.864665268;0.03735923;0.838059732;0.0362099825;1.04295523;1.0506348;0.843942038;0.0988768335;1.03174724;0.778199115;0.0336244437;10;0.833333585;1.044444;1.044444;0.999936099;0.999935805
20.802598;1.03175885;0.864613051;0.0373836436;0.837999394;0.036233258;1.04297438;1.05064881;0.843880046;0.0988892683;1.03175923;0.778152118;0.0336464193;10;0.833333577;1.044444;1.044444;0.999937092;0.999936831
20.804598;1.03178388;0.864510841;0.0374302501;0.837880061;0.0362776212;1.04301338;1.05067494;0.843757586;0.0989153725;1.03178421;0.778060124;0.0336883706;10;0.833333563;1.044444;1.044444;0.99993708;0.999936889
20.805598;1.03179691;0.864458625;0.037452443;0.837818913;0.036298709;1.04303324;1.050688;0.843697417;0.0989278961;1.0317972;0.778013128;0.0337083466;10;0.833333558;1.044444;1.044444;0.999937075;0.999936922
20.807598;1.03182196;0.864356416;0.0374990521;0.837699581;0.0363430746;1.04307196;1.05071351;0.843576527;0.0989530023;1.03182219;0.777921137;0.0337502992;10;0.833333551;1.044444;1.044444;0.999937067;0.999936995
20.808598;1.03183399;0.864305312;0.0375212462;0.837640322;0.0363641982;1.04309052;1.05072657;0.843516363;0.0989655259;1.03183418;0.777875142;0.0337702757;10;0.83333355;1.044444;1.044444;0.999938064;0.999938034
20.809598;1.03184602;0.864254208;0.0375434411;0.837581062;0.0363853216;1.04310939;1.05073869;0.843456961;0.098978138;1.03184618;0.777829149;0.0337902523;10;0.833333549;1.044444;1.044444;0.999938063;0.999938075
20.810598;1.03185806;0.864204218;0.0375656373;0.837522877;0.0364064448;1.04312796;1.05075207;0.84339654;0.0989906297;1.03185817;0.777784156;0.0338102292;10;0.83333355;1.044444;1.044444;0.999938064;0.999938118
20.813598;1.03189417;0.864052032;0.0376322375;0.837346164;0.036469811;1.0431837;1.05078874;0.84321914;0.0990263116;1.03189417;0.777647179;0.0338701639;10;0.83333356;1.044444;1.044444;0.999938076;0.999938249
20.814598;1.0319062;0.864002046;0.0376533318;0.837287974;0.036489855;1.04320229;1.05080118;0.843159482;0.0990378306;1.03190617;0.777602185;0.0338891445;10;0.833333566;1.044444;1.044444;0.999938084;0.999938292
20.815598;1.03191823;0.86395095;0.0376744296;0.837228707;0.0365098981;1.04322058;1.05081329;0.843100086;0.0990493792;1.03191817;0.77755619;0.0339081267;10;0.833333575;1.044444;1.044444;0.999939092;0.999939333
20.816598;1.03193027;0.863900966;0.0376966423;0.837170515;0.0365310171;1.04323888;1.05082573;0.843041486;0.0990608962;1.03193017;0.777511193;0.0339281106;10;0.833333586;1.044444;1.044444;0.999939102;0.999939373
20.818598;1.03195332;0.863800998;0.0377388588;0.837054935;0.0365711345;1.04327478;1.05085029;0.842923489;0.0990839575;1.03195318;0.777421192;0.0339660835;10;0.833333615;1.044444;1.044444;0.999939123;0.999939444
20.819598;1.03196535;0.863751013;0.0377599742;0.836996736;0.0365911739;1.04329308;1.05086179;0.842865646;0.0990945032;1.03196519;0.777376187;0.0339850721;10;0.833333634;1.044444;1.044444;0.999939133;0.999939476
20.820598;1.03197637;0.863701028;0.0377799832;0.836939348;0.0366101709;1.04331039;1.05087424;0.842807044;0.0991060159;1.0319762;0.77733118;0.0340030614;10;0.833333655;1.044444;1.044444;0.999939144;0.999939505
20.821598;1.03198838;0.863651042;0.0378011077;0.836881146;0.0366302076;1.0433284;1.05088573;0.842749198;0.0991165591;1.0319882;0.77728617;0.0340220511;10;0.833333678;1.044444;1.044444;0.999940154;0.999940531
20.822598;1.0319994;0.863602165;0.037821125;0.83682483;0.0366492015;1.04334571;1.05089819;0.842690593;0.0991270115;1.03199921;0.777242159;0.0340400408;10;0.833333702;1.044444;1.044444;0.999940164;0.999940554
20.823598;1.03201041;0.863552175;0.0378422568;0.836767434;0.03666927;1.04336272;1.05090969;0.842633804;0.0991375514;1.03201022;0.777197145;0.0340590301;10;0.833333726;1.044444;1.044444;0.999940173;0.999940574
20.824598;1.03202241;0.863503295;0.0378622802;0.836710303;0.0366882247;1.04338074;1.05092119;0.842575955;0.0991480893;1.03202223;0.77715313;0.0340770188;10;0.83333375;1.044444;1.044444;0.999940182;0.999940593
20.826598;1.03204442;0.863404416;0.0379023328;0.836596584;0.0367262002;1.04341476;1.05094421;0.842461313;0.0991691607;1.03204426;0.777064094;0.034112993;10;0.833333795;1.044444;1.044444;0.999940195;0.999940625
20.827598;1.03205543;0.863355531;0.0379223606;0.836540263;0.0367451862;1.04343177;1.0509557;0.842403462;0.0991796944;1.03205528;0.777020075;0.0341309781;10;0.833333815;1.044444;1.044444;0.999941199;0.999941639
20.829598;1.03207743;0.863256644;0.037961306;0.836426548;0.0367820791;1.04346548;1.05097872;0.842289876;0.0991986445;1.03207732;0.776931033;0.0341659434;10;0.833333846;1.044444;1.044444;0.999941203;0.999941665
20.833598;1.03212142;0.863062195;0.0380380921;0.836202378;0.0368547846;1.0435323;1.05102319;0.842063968;0.0992377397;1.03212139;0.776755942;0.0342348565;10;0.833333867;1.044444;1.044444;0.999941204;0.999941718
20.834598;1.03213142;0.863014415;0.0380559016;0.836147961;0.0368716507;1.043548;1.05103408;0.842007676;0.0992472706;1.03213141;0.776712919;0.0342508324;10;0.833333861;1.044444;1.044444;0.999942205;0.999942731
20.836598;1.03215241;0.862917748;0.0380937455;0.836037249;0.0369074997;1.0435801;1.05105649;0.841895653;0.0992652192;1.03215243;0.776625876;0.0342847844;10;0.833333837;1.044444;1.044444;0.999942207;0.999942756
20.838598;1.03217441;0.862821081;0.0381304819;0.83592574;0.0369422367;1.04361321;1.05107795;0.841784391;0.0992832646;1.03217445;0.776538835;0.0343177416;10;0.833333794;1.044444;1.044444;0.999942209;0.999942776
20.839598;1.03218441;0.862773302;0.0381482956;0.835871337;0.0369591036;1.04362861;1.05108852;0.841728363;0.0992928341;1.03218446;0.776495817;0.0343337235;10;0.833333767;1.044444;1.044444;0.99994221;0.999942784
20.840598;1.03219441;0.862725525;0.0381661096;0.835816939;0.0369759717;1.04364402;1.05109845;0.841673892;0.0993014073;1.03219447;0.7764528;0.0343497079;10;0.833333738;1.044444;1.044444;0.999942211;0.999942791
20.841598;1.03220541;0.862677746;0.0381839234;0.835761733;0.0369928052;1.04366042;1.05110935;0.841618665;0.0993098926;1.03220547;0.776409786;0.0343656949;10;0.833333707;1.044444;1.044444;0.999943212;0.999943796
20.843598;1.03222541;0.862582189;0.0382195491;0.835652949;0.0370265485;1.04369094;1.05112987;0.841509233;0.0993269869;1.03222547;0.776323763;0.0343976761;10;0.833333642;1.044444;1.044444;0.999943214;0.999943799
20.845598;1.03224541;0.862486634;0.0382540569;0.835544179;0.0370592201;1.04372115;1.05115073;0.841399548;0.0993440549;1.03224546;0.776237747;0.0344286659;10;0.833333577;1.044444;1.044444;0.999943213;0.999943794
20.846598;1.03225541;0.862439968;0.0382707514;0.835490875;0.0370750187;1.04373626;1.05116162;0.84134433;0.0993514879;1.03225545;0.776195742;0.0344436638;10;0.833333545;1.044444;1.044444;0.999943212;0.999943787
20.847598;1.03226541;0.862392191;0.038288554;0.835436498;0.0370918938;1.04375137;1.05117126;0.841291186;0.0993600979;1.03226544;0.776152739;0.0344596635;10;0.833333513;1.044444;1.044444;0.999943209;0.999943779
20.848598;1.03227541;0.862345526;0.0383052422;0.8353832;0.0371076924;1.04376647;1.05118121;0.841236726;0.0993676198;1.03227542;0.776110737;0.0344746649;10;0.833333482;1.044444;1.044444;0.999944206;0.999944768
20.850598;1.03229541;0.862251084;0.0383386084;0.83527554;0.0371392885;1.04379669;1.05120113;0.841128869;0.0993837172;1.03229539;0.776025736;0.0345046725;10;0.83333342;1.044444;1.044444;0.999944194;0.999944741
20.851598;1.03230541;0.862204418;0.0383552865;0.835222252;0.0371550855;1.0438115;1.05121108;0.841075469;0.0993912348;1.03230538;0.775983736;0.0345196782;10;0.833333389;1.044444;1.044444;0.999944186;0.999944724
20.852598;1.03231541;0.862157753;0.0383708503;0.835168966;0.0371698052;1.0438263;1.05122136;0.841021812;0.09939872;1.03231536;0.775941737;0.0345336848;10;0.83333336;1.044444;1.044444;0.999944176;0.999944705
20.853598;1.03232442;0.862111086;0.0383875226;0.835116493;0.0371856359;1.04384041;1.05123131;0.840968416;0.0994062337;1.03232435;0.775899738;0.034548692;10;0.833333331;1.044444;1.044444;0.999944165;0.999944683
20.854598;1.03233442;0.862064418;0.0384030813;0.835063212;0.0372003529;1.04385522;1.05124128;0.840915021;0.0994126883;1.03233433;0.77585774;0.0345626996;10;0.833333304;1.044444;1.044444;0.999944153;0.999944659
20.855598;1.03234342;0.862017751;0.0384197493;0.835010742;0.0372161809;1.04386903;1.05125123;0.840861627;0.099420198;1.03234332;0.775815742;0.0345777077;10;0.833333278;1.044444;1.044444;0.999945139;0.999945633
20.856598;1.03235342;0.861971083;0.0384353047;0.834957465;0.0372308953;1.04388353;1.05126023;0.840808992;0.0994277953;1.0323533;0.775773745;0.034591716;10;0.833333254;1.044444;1.044444;0.999945124;0.999945605
20.857598;1.03236242;0.861925526;0.0384508591;0.834906074;0.0372456443;1.04389734;1.05127051;0.840755342;0.0994342143;1.03236229;0.77573275;0.0346057243;10;0.833333231;1.044444;1.044444;0.999945107;0.999945575
20.858598;1.03237242;0.861878857;0.0384664133;0.834852801;0.037260356;1.04391215;1.05127952;0.84070271;0.0994418089;1.03237229;0.775690756;0.0346197324;10;0.833333209;1.044444;1.044444;0.999945088;0.999945544
20.859598;1.03238142;0.861832187;0.0384819679;0.834800337;0.0372751022;1.04392565;1.05128854;0.840650079;0.099448346;1.03238128;0.775648763;0.0346337401;10;0.833333188;1.044444;1.044444;0.999945067;0.999945512
20.860598;1.03239041;0.861786631;0.0384975238;0.83474895;0.0372898468;1.04393915;1.05129881;0.840597489;0.0994547624;1.03239028;0.775607772;0.0346477475;10;0.833333168;1.044444;1.044444;0.999945044;0.999945478
20.861598;1.0324004;0.861741073;0.0385119705;0.834696756;0.0373034774;1.04395396;1.05130782;0.840544858;0.0994612985;1.03240028;0.775566782;0.0346607546;10;0.83333315;1.044444;1.044444;0.999945019;0.999945444
20.862598;1.03240939;0.861694406;0.038527531;0.834644293;0.0373182189;1.04396746;1.05131715;0.840493026;0.0994678042;1.03240928;0.775524793;0.0346747613;10;0.833333133;1.044444;1.044444;0.999945993;0.99994641
20.866598;1.0324453;0.861512198;0.0385864681;0.83443875;0.0373739435;1.04402115;1.05135384;0.840285141;0.0994928384;1.03244532;0.775360851;0.0347277847;10;0.83333308;1.044444;1.044444;0.999945879;0.999946279
20.867598;1.03245426;0.861466651;0.03860093;0.834387363;0.0373876035;1.04403434;1.05136317;0.8402333;0.0994993485;1.03245433;0.775319868;0.0347407892;10;0.833333068;1.044444;1.044444;0.999945849;0.999946249
20.869598;1.0324722;0.86137556;0.0386298573;0.834284589;0.0374149223;1.04406102;1.05138056;0.840130627;0.0995114366;1.03247236;0.775237902;0.034766797;10;0.833333046;1.044444;1.044444;0.99994579;0.999946193
20.870598;1.03248116;0.861330015;0.0386432105;0.834233202;0.0374275051;1.04407421;1.0513899;0.840078779;0.099516895;1.03248138;0.775196919;0.0347788003;10;0.833333035;1.044444;1.044444;0.999946761;0.999947167
20.871598;1.03249012;0.861285582;0.0386576749;0.834182892;0.0374411636;1.04408739;1.05139796;0.840029001;0.0995224757;1.03249039;0.775156935;0.0347918033;10;0.833333023;1.044444;1.044444;0.999946732;0.999947144
20.873598;1.03250704;0.861195606;0.0386854907;0.834082005;0.0374674393;1.04411245;1.05141568;0.839926055;0.0995334939;1.03250743;0.775075962;0.0348168081;10;0.833332998;1.044444;1.044444;0.999946678;0.999947103
20.874598;1.03251601;0.861150062;0.0386988416;0.83403062;0.0374800202;1.04412563;1.05142407;0.839876015;0.0995390515;1.03251644;0.775034973;0.0348288096;10;0.833332985;1.044444;1.044444;0.999946653;0.999947086
20.876598;1.03253294;0.861061199;0.0387255399;0.833930814;0.037505216;1.04415069;1.05144179;0.839774121;0.0995490257;1.03253348;0.774954989;0.0348528103;10;0.833332957;1.044444;1.044444;0.99994661;0.999947059
20.877598;1.0325409;0.861016769;0.0387388872;0.833881315;0.0375178304;1.04416256;1.05145019;0.839724079;0.0995545878;1.03254149;0.774914993;0.0348648096;10;0.833332943;1.044444;1.044444;0.999946592;0.999947048
20.878598;1.03254987;0.860971227;0.0387522331;0.833829934;0.0375304071;1.04417543;1.05145858;0.839674038;0.0995601507;1.03255051;0.774873994;0.0348768082;10;0.833332929;1.044444;1.044444;0.999947577;0.999948039
20.879598;1.03255783;0.860926798;0.038765578;0.833780437;0.0375430184;1.0441873;1.05146697;0.839623998;0.0995646574;1.03255853;0.774833992;0.0348888064;10;0.833332915;1.044444;1.044444;0.999947564;0.999948032
20.883598;1.03259071;0.860750196;0.0388167218;0.833582725;0.0375912622;1.04423548;1.05149994;0.839424344;0.0995837996;1.03259157;0.774674956;0.0349347951;10;0.833332865;1.044444;1.044444;0.999947533;0.99994803
20.884598;1.03259869;0.860705767;0.0388289486;0.833533233;0.0376027928;1.04424735;1.0515074;0.839375065;0.0995883943;1.03259957;0.774634942;0.0349457911;10;0.833332854;1.044444;1.044444;0.99994753;0.999948034
20.885598;1.03260766;0.860662447;0.0388411738;0.83348401;0.0376142873;1.04425993;1.05151581;0.839326087;0.0995928981;1.03260857;0.774595927;0.0349567868;10;0.833332844;1.044444;1.044444;0.999947528;0.99994804
20.886598;1.03261564;0.860618016;0.0388533975;0.833434519;0.037625819;1.0442715;1.05152327;0.839276811;0.0995974897;1.03261657;0.774555911;0.0349677825;10;0.833332835;1.044444;1.044444;0.999948527;0.999949047
20.887598;1.03262362;0.860574694;0.0388656197;0.833386105;0.0376373514;1.04428308;1.05153199;0.839226522;0.099601959;1.03262456;0.774516896;0.0349787785;10;0.833332827;1.044444;1.044444;0.999948527;0.999949055
20.889598;1.03263958;0.860486939;0.0388889476;0.833288203;0.0376593422;1.04430623;1.05154819;0.839129075;0.0996099537;1.03264054;0.774437867;0.0349997725;10;0.833332815;1.044444;1.044444;0.999948527;0.999949072
20.890598;1.03264756;0.860443615;0.0389011641;0.833239791;0.0376708761;1.04431781;1.05155566;0.839079804;0.099613479;1.03264852;0.774398854;0.0350107708;10;0.833332811;1.044444;1.044444;0.999948526;0.999949081
20.891598;1.03265454;0.860399181;0.0389133784;0.833191111;0.0376824467;1.0443284;1.05156312;0.839031591;0.0996180584;1.03265551;0.774358844;0.0350217703;10;0.833332808;1.044444;1.044444;0.999948526;0.999949089
20.893598;1.03267051;0.860312535;0.0389355776;0.833094288;0.0377033642;1.04435127;1.05157837;0.838934912;0.099625067;1.03267147;0.77428083;0.0350417743;10;0.83333281;1.044444;1.044444;0.999948522;0.999949105
20.894598;1.0326785;0.860269214;0.0389477845;0.833045876;0.0377149001;1.04436255;1.05158616;0.838886447;0.0996285536;1.03267944;0.774241827;0.0350527793;10;0.833332814;1.044444;1.044444;0.99994952;0.999950112
20.897598;1.03270148;0.860140366;0.0389810585;0.83290252;0.0377463239;1.04439573;1.05160918;0.838741325;0.0996390357;1.03270237;0.77412583;0.0350828061;10;0.833332839;1.044444;1.044444;0.99994951;0.999950128
20.898598;1.03270848;0.860097049;0.0389921468;0.832854912;0.0377568254;1.04440602;1.05161602;0.838693625;0.0996426066;1.03270935;0.774086835;0.0350928184;10;0.83333285;1.044444;1.044444;0.999949506;0.999950132
20.900598;1.03272348;0.860011527;0.0390132114;0.832759963;0.0377767185;1.04442731;1.05163125;0.838598034;0.0996495949;1.0327243;0.774009849;0.0351118473;10;0.833332877;1.044444;1.044444;0.999949497;0.999950136
20.901598;1.03273149;0.859968212;0.0390243;0.832711546;0.0377871856;1.04443861;1.05163808;0.838550338;0.0996521047;1.03273228;0.773970857;0.0351218637;10;0.833332891;1.044444;1.044444;0.999949492;0.999950136
20.902598;1.0327385;0.859926008;0.0390342789;0.83266501;0.0377966136;1.04444891;1.05164587;0.838502947;0.0996555801;1.03273925;0.773932867;0.0351308813;10;0.833332905;1.044444;1.044444;0.999949486;0.999950135
20.903598;1.03274551;0.859882693;0.0390453707;0.832617396;0.0378071173;1.04445891;1.05165237;0.838455512;0.0996581183;1.03274623;0.773893876;0.0351409;10;0.833332918;1.044444;1.044444;0.99995048;0.999951133
20.905598;1.03276054;0.859797176;0.0390653382;0.832522436;0.0378259346;1.04448022;1.05166698;0.83836149;0.0996640999;1.03276118;0.773816896;0.0351589386;10;0.83333294;1.044444;1.044444;0.999950465;0.999951123
20.908598;1.03278258;0.859670561;0.0390953078;0.832382008;0.0378541741;1.04451125;1.05168747;0.838220541;0.0996716264;1.03278312;0.773702926;0.0351859927;10;0.833332961;1.044444;1.044444;0.999950441;0.999951094
20.911598;1.03280362;0.859543935;0.0391253022;0.832242388;0.0378824494;1.04454099;1.05170797;0.838080651;0.0996791604;1.03280406;0.773588956;0.0352130343;10;0.833332963;1.044444;1.044444;0.999950419;0.999951043
20.912477;1.03280963;0.859507277;0.039133083;0.832202036;0.0378897601;1.04454941;1.05171355;0.838040298;0.0996807368;1.03281005;0.773555965;0.0352200434;10;0.83333296;1.044444;1.044444;0.999951414;0.999952024
20.915501;1.03283065;0.859380624;0.0391619963;0.832062433;0.037916965;1.04457918;1.05173405;0.83790041;0.0996872313;1.03283101;0.773441992;0.0352460657;10;0.833332942;1.044444;1.044444;0.999951396;0.999951949
20.919501;1.03285767;0.859213946;0.0391976025;0.831879288;0.0379504199;1.04461708;1.05175986;0.837717245;0.0996953637;1.03285798;0.773292013;0.035278076;10;0.833332905;1.044444;1.044444;0.999951375;0.999951831
20.920501;1.03286467;0.859171718;0.039206504;0.831832769;0.0379587778;1.04462681;1.05176703;0.837671407;0.0996968052;1.03286497;0.773254015;0.0352860754;10;0.833332896;1.044444;1.044444;0.999951372;0.999951799
20.921501;1.03287068;0.859130599;0.0392154046;0.831788134;0.0379671741;1.04463524;1.05177293;0.837626576;0.0996983684;1.03287096;0.773217015;0.0352940735;10;0.833332886;1.044444;1.044444;0.99995137;0.999951766
20.922501;1.03287769;0.859089478;0.0392243039;0.831742697;0.0379755354;1.04464497;1.05177979;0.837579932;0.0996998428;1.03287796;0.773180013;0.0353020703;10;0.833332877;1.044444;1.044444;0.99995237;0.999952732
20.927501;1.03290973;0.85888384;0.0392654531;0.831517958;0.038014258;1.04468968;1.0518103;0.837354955;0.0997065181;1.03290991;0.772994989;0.0353390326;10;0.833332834;1.044444;1.044444;0.999952381;0.999952546
20.928501;1.03291674;0.858842706;0.039273237;0.83147253;0.0380215582;1.0446991;1.05181621;0.83731011;0.0997070251;1.0329169;0.772957982;0.0353460203;10;0.833332828;1.044444;1.044444;0.999952384;0.999952509
20.929501;1.03292275;0.858801569;0.039282132;0.83142791;0.0380299735;1.04470753;1.05182244;0.837266066;0.0997085569;1.03292289;0.772920975;0.0353540069;10;0.833332822;1.044444;1.044444;0.999952387;0.999952472
20.931501;1.03293577;0.858719289;0.0392976988;0.831337866;0.0380446222;1.04472507;1.05183457;0.837176125;0.0997105918;1.03293587;0.772846961;0.0353679776;10;0.833332814;1.044444;1.044444;0.999952394;0.999952402
20.932501;1.03294179;0.858679256;0.0393054813;0.831294324;0.0380519672;1.04473349;1.05184081;0.837132083;0.099711064;1.03294186;0.772810955;0.035374962;10;0.833332811;1.044444;1.044444;0.999953398;0.99995337
20.934501;1.03295381;0.858598077;0.039319933;0.831206167;0.038065583;1.04475003;1.05185199;0.837042902;0.0997131813;1.03295386;0.772737949;0.0353879289;10;0.833332805;1.044444;1.044444;0.999953408;0.999953312
20.935501;1.03295983;0.85855693;0.0393277133;0.831161552;0.0380729289;1.04475846;1.05185822;0.836998866;0.0997136498;1.03295986;0.772700948;0.035394912;10;0.833332804;1.044444;1.044444;0.999953414;0.999953286
20.936501;1.03296684;0.858516895;0.0393343816;0.831117209;0.038079162;1.04476759;1.05186349;0.836955584;0.0997142069;1.03296686;0.772664951;0.0354008953;10;0.833332804;1.044444;1.044444;0.999953421;0.999953262
20.941501;1.03299593;0.858314515;0.0393699242;0.830898173;0.0381126983;1.04480724;1.05189233;0.836736141;0.0997156727;1.03299592;0.772483003;0.035432824;10;0.833332828;1.044444;1.044444;0.999953457;0.999953184
20.942501;1.03300195;0.85827449;0.0393776953;0.830854635;0.0381200421;1.04481537;1.05189759;0.836692868;0.0997162193;1.03300194;0.772447019;0.0354398138;10;0.833332838;1.044444;1.044444;0.999954463;0.999954178
20.946501;1.03302602;0.858114422;0.0394032182;0.830680476;0.0381440279;1.04484759;1.05191863;0.836519777;0.0997152198;1.03302604;0.772303087;0.0354627913;10;0.833332896;1.044444;1.044444;0.999954484;0.99995419
20.947501;1.03303104;0.858075526;0.0394098767;0.830638815;0.0381503268;1.04485442;1.05192388;0.836476503;0.0997157592;1.03303107;0.772268103;0.03546879;10;0.833332912;1.044444;1.044444;0.999954489;0.999954201
20.949501;1.03304307;0.857995517;0.0394231944;0.830551731;0.0381628465;1.04487037;1.05193439;0.836391008;0.0997147248;1.03304314;0.77219613;0.0354807921;10;0.833332943;1.044444;1.044444;0.9999545;0.999954228
20.952501;1.03305913;0.857876636;0.0394409524;0.830423788;0.0381795362;1.04489182;1.05195017;0.836262226;0.0997131764;1.03305924;0.772089161;0.0354968064;10;0.833332983;1.044444;1.044444;0.999954523;0.999954279
20.953501;1.03306515;0.857837754;0.0394465033;0.830381323;0.0381847119;1.04489963;1.05195576;0.836219745;0.0997126312;1.03306527;0.772054169;0.0355018139;10;0.833332993;1.044444;1.044444;0.999955534;0.999955299
20.954501;1.03307116;0.857797763;0.0394531664;0.830337783;0.0381909605;1.04490744;1.05196006;0.836178271;0.0997122067;1.0330713;0.772018175;0.0355078224;10;0.833333002;1.044444;1.044444;0.999955545;0.999955319
20.957501;1.03308721;0.857680016;0.0394698323;0.83021093;0.0382065349;1.04492854;1.05197522;0.83605103;0.099710728;1.03308738;0.771912193;0.0355228488;10;0.833333018;1.044444;1.044444;0.999955578;0.999955388
20.959501;1.03309823;0.857602255;0.0394809517;0.830126811;0.0382168888;1.04494282;1.05198479;0.835967329;0.0997087407;1.03309842;0.771842207;0.0355328656;10;0.833333019;1.044444;1.044444;0.999955598;0.999955434
20.962556;1.03311424;0.857483373;0.0394976435;0.829998885;0.0382324136;1.04496357;1.05199994;0.83583904;0.0997051645;1.03311445;0.771735241;0.0355478893;10;0.83333301;1.044444;1.044444;0.999955625;0.999955499
20.964556;1.03312423;0.857405587;0.039507666;0.829915569;0.0382417019;1.04497684;1.05200855;0.8357561;0.0997032782;1.03312445;0.771665271;0.0355569051;10;0.833332998;1.044444;1.044444;0.99995564;0.999955535
20.965556;1.03312922;0.857366689;0.0395121227;0.829873911;0.0382458069;1.04498332;1.05201318;0.835714375;0.0997017783;1.03312945;0.771630287;0.0355609142;10;0.833332991;1.044444;1.044444;0.999956648;0.999956551
20.966556;1.03313421;0.857327789;0.039517691;0.829832253;0.0382509869;1.0449895;1.05201875;0.835671901;0.0997001898;1.03313445;0.771595305;0.0355659245;10;0.833332983;1.044444;1.044444;0.999956655;0.999956565
20.969556;1.03314917;0.857212196;0.0395321723;0.829708352;0.0382643762;1.04500894;1.05203197;0.835549361;0.0996968165;1.03314943;0.771491366;0.0355789654;10;0.833332961;1.044444;1.044444;0.999956675;0.999956599
20.970556;1.03315415;0.857174406;0.0395366286;0.829667767;0.0382684818;1.04501512;1.0520366;0.835507644;0.0996953217;1.03315443;0.771457387;0.0355829825;10;0.833332956;1.044444;1.044444;0.999956681;0.999956608
20.976556;1.03318407;0.856944378;0.0395633699;0.829421015;0.0382931159;1.04505314;1.05206181;0.8352636;0.0996844904;1.03318437;0.771250515;0.0356071107;10;0.833332959;1.044444;1.044444;0.999956719;0.999956627
20.977556;1.03318906;0.856906604;0.0395667165;0.829380424;0.0382961442;1.04505932;1.05206645;0.835222943;0.0996829976;1.03318936;0.771216533;0.0356101345;10;0.833332965;1.044444;1.044444;0.999957726;0.999957627
20.978556;1.03319306;0.85686883;0.0395711743;0.829340635;0.038300284;1.04506451;1.05207107;0.835182286;0.0996804488;1.03319335;0.77118255;0.0356141584;10;0.833332973;1.044444;1.044444;0.999957734;0.999957626
20.979556;1.03319806;0.856829946;0.0395756324;0.829298967;0.0383043856;1.04507069;1.05207444;0.835142634;0.099679076;1.03319834;0.771147565;0.0356181821;10;0.833332981;1.044444;1.044444;0.999957742;0.999957626
20.981556;1.03320806;0.856754405;0.0395834374;0.829217781;0.0383115108;1.04508306;1.05208275;0.835062063;0.0996751234;1.03320831;0.771079589;0.0356252278;10;0.833332997;1.044444;1.044444;0.999957764;0.999957628
20.982556;1.03321206;0.856716637;0.0395867839;0.829177991;0.0383145718;1.04508824;1.05208739;0.835021399;0.0996725741;1.0332123;0.771045598;0.0356282492;10;0.833333005;1.044444;1.044444;0.999957778;0.999957631
20.984556;1.03322107;0.856641105;0.0395945849;0.829097608;0.0383217318;1.0450993;1.05209477;0.834941569;0.0996676543;1.03322127;0.77097761;0.0356352879;10;0.833333019;1.044444;1.044444;0.99995781;0.999957642
20.985556;1.03322608;0.856604452;0.0395979278;0.829058092;0.0383247556;1.04510548;1.05209942;0.834901955;0.0996651045;1.03322625;0.770944614;0.035638305;10;0.833333026;1.044444;1.044444;0.999957829;0.99995765
20.988556;1.0332401;0.856491167;0.0396079463;0.828937131;0.0383338674;1.04512243;1.0521105;0.834783243;0.0996587795;1.0332402;0.770842619;0.0356473467;10;0.833333049;1.044444;1.044444;0.999957894;0.999957678
20.989556;1.0332441;0.85645452;0.039611283;0.828898426;0.0383369313;1.04512732;1.05211515;0.834742565;0.0996562291;1.03324419;0.770809619;0.0356503576;10;0.833333056;1.044444;1.044444;0.999958918;0.999958688
20.993556;1.03326211;0.856304609;0.0396246243;0.828738793;0.0383491263;1.04514918;1.05212994;0.834586016;0.0996453282;1.03326212;0.770674615;0.0356623808;10;0.833333078;1.044444;1.044444;0.999959028;0.999958728
20.994556;1.03326611;0.856267968;0.0396268479;0.828700096;0.0383511227;1.04515407;1.05213397;0.834545829;0.0996428357;1.03326611;0.770641613;0.0356643809;10;0.83333308;1.044444;1.044444;0.999959056;0.999958738
20.996556;1.0332741;0.856193576;0.0396335159;0.828621627;0.0383572735;1.04516387;1.05214137;0.83446807;0.0996368536;1.03327408;0.770574606;0.0356703757;10;0.833333081;1.044444;1.044444;0.999959112;0.999958762
21.001556;1.03329507;0.856010371;0.0396468423;0.828427346;0.0383694279;1.04518877;1.05215829;0.834274908;0.0996215101;1.03329506;0.770409583;0.0356823487;10;0.833333083;1.044444;1.044444;0.999959232;0.999958832
21.002556;1.03330006;0.855973726;0.0396490624;0.82838785;0.0383714029;1.04519466;1.0521623;0.834235771;0.0996190151;1.03330006;0.770376578;0.0356843416;10;0.833333086;1.044444;1.044444;0.999960253;0.999959848
21.007556;1.03332001;0.855790482;0.0396601707;0.828194382;0.0383814602;1.0452179;1.05217948;0.834043412;0.099602596;1.03332007;0.770211564;0.0356942963;10;0.833333128;1.044444;1.044444;0.999960341;0.999959928
21.008556;1.033324;0.855753829;0.0396623933;0.828155692;0.0383834695;1.04522278;1.05218222;0.83400634;0.0995991693;1.03332408;0.770178563;0.0356962874;10;0.833333142;1.044444;1.044444;0.999960355;0.999959943
21.010556;1.03333199;0.855681629;0.0396668372;0.828079391;0.0383874838;1.04523193;1.05218896;0.833930138;0.0995921986;1.03333209;0.77011356;0.035700272;10;0.83333317;1.044444;1.044444;0.99996038;0.99995997
21.011556;1.03333499;0.855646082;0.0396690583;0.828042581;0.0383895254;1.0452355;1.05219202;0.83389176;0.0995887437;1.03333509;0.770081558;0.0357022655;10;0.833333185;1.044444;1.044444;0.999960391;0.999959982
21.013556;1.03334298;0.855573868;0.0396723883;0.827966286;0.0383924525;1.04524434;1.05219781;0.833817376;0.099580809;1.0333431;0.770016548;0.0357052534;10;0.833333212;1.044444;1.044444;0.999960412;0.999959999
21.014556;1.03334698;0.855537203;0.0396746086;0.827927603;0.0383944497;1.04524891;1.05220182;0.833778254;0.0995772643;1.03334711;0.769983539;0.0357072476;10;0.833333224;1.044444;1.044444;0.99996042;0.999960006
21.015556;1.03335098;0.855501645;0.0396757176;0.827889994;0.0383953687;1.04525347;1.05220456;0.833741195;0.0995738389;1.03335112;0.769951529;0.0357082417;10;0.833333234;1.044444;1.044444;0.999961427;0.999961009
21.016556;1.03335499;0.855464974;0.0396779374;0.827851311;0.03839736;1.04525804;1.05220763;0.833703886;0.099570382;1.03335514;0.769918515;0.0357102357;10;0.833333241;1.044444;1.044444;0.999961432;0.999961011
21.018556;1.03336199;0.855393851;0.0396812648;0.8277769;0.0384002959;1.04526587;1.05221345;0.833629532;0.0995624375;1.03336216;0.769854483;0.035713223;10;0.833333247;1.044444;1.044444;0.999961435;0.999961009
21.021556;1.03337301;0.855286049;0.0396856978;0.827663817;0.0384041287;1.04527798;1.05222269;0.833517646;0.0995509879;1.03337321;0.769757424;0.0357171991;10;0.833333235;1.044444;1.044444;0.999961422;0.999960993
21.022556;1.03337701;0.855250484;0.0396868047;0.827626217;0.038405034;1.04528225;1.05222545;0.833480612;0.0995464941;1.03337723;0.769725403;0.0357181882;10;0.833333227;1.044444;1.044444;0.999961414;0.999960987
21.024556;1.03338402;0.855179357;0.0396890189;0.827551822;0.0384068835;1.0452901;1.05223162;0.833406046;0.0995384991;1.03338426;0.769661364;0.0357201596;10;0.833333201;1.044444;1.044444;0.999961393;0.999960975
21.027556;1.03339402;0.855073785;0.0396923444;0.827441713;0.0384096911;1.04530093;1.05223994;0.833296022;0.0995260724;1.03339431;0.769566315;0.0357230964;10;0.833333145;1.044444;1.044444;0.999961356;0.999960966
21.028556;1.03339802;0.855038227;0.0396934548;0.827404118;0.0384106077;1.04530521;1.05224303;0.833259806;0.099521552;1.03339832;0.769534305;0.0357240703;10;0.833333123;1.044444;1.044444;0.999961342;0.999960966
21.029556;1.03340102;0.85500267;0.0396945661;0.827367326;0.0384115644;1.0453085;1.05224517;0.833223286;0.0995171235;1.03340133;0.769502297;0.0357250423;10;0.833333099;1.044444;1.044444;0.999962328;0.999961967
21.032556;1.03341199;0.85489712;0.039696794;0.82725642;0.0384133032;1.04532037;1.05225349;0.833114342;0.0995036707;1.03341235;0.769407295;0.0357269514;10;0.833333025;1.044444;1.044444;0.999962284;0.999961975
21.034556;1.03341795;0.85482713;0.0396990212;0.827183904;0.0384152442;1.04532665;1.05225872;0.833041616;0.0994957959;1.03341836;0.769344314;0.0357288904;10;0.833332974;1.044444;1.044444;0.999962256;0.999961984
21.038556;1.03343187;0.854688276;0.0397012506;0.827038335;0.0384169201;1.04534154;1.0522692;0.832898274;0.0994768875;1.03343235;0.769219386;0.0357307894;10;0.833332888;1.044444;1.044444;0.999962208;0.999962009
21.041556;1.03344083;0.854583859;0.0397023633;0.826930085;0.0384176931;1.04535084;1.05227596;0.832791625;0.0994625519;1.03344132;0.769125451;0.0357317474;10;0.833332846;1.044444;1.044444;0.999962185;0.999962032
21.042556;1.03344383;0.854549423;0.0397023632;0.826894359;0.0384175904;1.04535384;1.05227906;0.832755405;0.099458047;1.03344431;0.769094472;0.0357317418;10;0.833332837;1.044444;1.044444;0.99996318;0.99996304
21.044556;1.03345082;0.854480546;0.0397023628;0.826822105;0.0384173428;1.04536115;1.05228369;0.832684203;0.0994481301;1.03345127;0.769032509;0.0357317445;10;0.833332824;1.044444;1.044444;0.99996317;0.999963056
21.050556;1.03346889;0.854274987;0.0397034621;0.82660881;0.0384177382;1.04537922;1.05229726;0.832472883;0.0994194521;1.03346915;0.768847578;0.0357328409;10;0.833332818;1.044444;1.044444;0.999963145;0.999963094
21.051556;1.03347191;0.854241647;0.0397034574;0.826574155;0.0384176185;1.04538224;1.05229942;0.832438442;0.0994139743;1.03347212;0.768817581;0.0357328627;10;0.833332821;1.044444;1.044444;0.999963139;0.9999631
21.054556;1.03348097;0.854139397;0.0397023299;0.826468041;0.038416175;1.04539101;1.05230655;0.832333544;0.0993985276;1.03348106;0.768725573;0.0357319239;10;0.833332833;1.044444;1.044444;0.999963117;0.999963116
21.056556;1.03348701;0.854071597;0.039701208;0.826397654;0.0384148477;1.04539706;1.05231025;0.832264089;0.0993876214;1.03348702;0.768664556;0.0357309581;10;0.833332845;1.044444;1.044444;0.999963102;0.99996312
21.057556;1.03349003;0.854038253;0.0397012031;0.826362999;0.0384147207;1.04539979;1.05231243;0.832229641;0.0993831939;1.03349;0.768634545;0.0357309732;10;0.833332852;1.044444;1.044444;0.999964094;0.99996412
21.066556;1.03351518;0.853735915;0.0396956215;0.826050571;0.0384082924;1.04542358;1.05233005;0.831922193;0.0993340042;1.03351492;0.768362425;0.0357260399;10;0.833332963;1.044444;1.044444;0.999964038;0.999964079
21.068556;1.0335202;0.853670324;0.039694514;0.825983135;0.0384069978;1.04542806;1.05233406;0.831854624;0.0993230595;1.03351991;0.768303396;0.0357250297;10;0.833332989;1.044444;1.044444;0.999964035;0.999964062
21.069556;1.03352221;0.853636972;0.0396934065;0.825949278;0.0384058308;1.0454298;1.05233655;0.831819941;0.0993175424;1.03352191;0.768273382;0.0357240217;10;0.833333001;1.044444;1.044444;0.999964037;0.999964052
21.070556;1.03352521;0.853603617;0.0396922998;0.82591462;0.038404627;1.04543253;1.05233809;0.831787064;0.0993121149;1.03352491;0.768243367;0.035723012;10;0.833333012;1.044444;1.044444;0.999964041;0.999964042
21.071556;1.03352821;0.853570263;0.0396911937;0.825879962;0.0384034244;1.04543527;1.05233931;0.831753385;0.0993056618;1.03352792;0.768213352;0.0357220012;10;0.833333022;1.044444;1.044444;0.999965048;0.999965029
21.076556;1.03354022;0.853406836;0.0396856554;0.825712292;0.038397542;1.04544565;1.05234889;0.831586481;0.0992772898;1.03353993;0.768066267;0.0357169416;10;0.83333305;1.044444;1.044444;0.999965113;0.999964943
21.078556;1.03354521;0.853341251;0.0396834318;0.825644851;0.0383951872;1.04545012;1.05235197;0.831519694;0.0992653777;1.03354493;0.768007228;0.0357149216;10;0.833333046;1.044444;1.044444;0.999965147;0.999964901
21.081556;1.03355319;0.853243439;0.0396789763;0.825543827;0.0383905662;1.045457;1.05235659;0.831421101;0.0992480366;1.03355294;0.767919168;0.0357108978;10;0.833333025;1.044444;1.044444;0.999965193;0.999964842
21.085556;1.03356216;0.853113403;0.0396733874;0.825410809;0.038384845;1.04546425;1.05236309;0.83129045;0.0992231258;1.03356193;0.767802094;0.0357058715;10;0.833332971;1.044444;1.044444;0.999965237;0.999964792
21.086556;1.03356515;0.853081173;0.0396711537;0.825377223;0.038382586;1.04546666;1.05236463;0.831257583;0.0992176997;1.03356493;0.767773077;0.0357038651;10;0.833332955;1.044444;1.044444;0.999966244;0.999965786
21.088556;1.03356913;0.853017827;0.0396677935;0.825312728;0.0383792249;1.04546976;1.05236805;0.831192648;0.0992047102;1.03356891;0.767716045;0.0357008526;10;0.833332924;1.044444;1.044444;0.999966253;0.999965783
21.090556;1.0335741;0.852953375;0.0396644289;0.825246365;0.0383758364;1.04547385;1.05237019;0.831128705;0.0991929009;1.0335739;0.767658019;0.035697841;10;0.833332895;1.044444;1.044444;0.99996626;0.999965789
21.091556;1.03357609;0.852921151;0.0396633013;0.825213586;0.0383747011;1.04547524;1.05237175;0.831095829;0.0991864247;1.03357589;0.767629009;0.0356968357;10;0.833332882;1.044444;1.044444;0.999966262;0.999965796
21.093556;1.03358006;0.852857819;0.0396588242;0.825149112;0.0383702827;1.04547801;1.05237421;0.831031624;0.0991745865;1.03357987;0.767571993;0.0356928255;10;0.833332859;1.044444;1.044444;0.999966267;0.999965818
21.094556;1.03358305;0.8528256;0.0396576974;0.825115544;0.0383691115;1.04548039;1.05237609;0.830999547;0.0991680786;1.03358286;0.767542988;0.0356918203;10;0.833332849;1.044444;1.044444;0.99996627;0.999965832
21.098556;1.033591;0.852698952;0.0396498587;0.824986646;0.0383613346;1.04548618;1.05238167;0.830871683;0.0991422146;1.03359083;0.767428984;0.035684793;10;0.833332821;1.044444;1.044444;0.999966288;0.999965908
21.099556;1.03359299;0.852667848;0.0396476211;0.824954964;0.0383591155;1.04548725;1.0523826;0.830840353;0.0991357893;1.03359282;0.767400986;0.0356827837;10;0.833332819;1.044444;1.044444;0.999966294;0.99996593
21.100556;1.03359497;0.852636743;0.0396453831;0.824923285;0.0383568941;1.04548861;1.05238417;0.830808527;0.0991293032;1.03359482;0.767372989;0.0356807737;10;0.833332818;1.044444;1.044444;0.9999673;0.999966953
21.101556;1.03359696;0.852604526;0.039643145;0.824890531;0.0383546708;1.04548998;1.05238509;0.830777199;0.0991228746;1.03359682;0.767343992;0.0356787631;10;0.83333282;1.044444;1.044444;0.999967307;0.999966977
21.102556;1.03359996;0.852573422;0.0396409071;0.824858054;0.0383524087;1.04549234;1.05238665;0.830745377;0.099116385;1.03359982;0.767315996;0.0356767521;10;0.833332824;1.044444;1.044444;0.999967314;0.999967002
21.104556;1.03360395;0.852511213;0.0396364326;0.824794696;0.0383479554;1.04549508;1.0523882;0.83068298;0.0991035481;1.03360382;0.767260004;0.035672729;10;0.833332842;1.044444;1.044444;0.999967327;0.999967056
21.108556;1.03361196;0.852386796;0.0396274946;0.82466796;0.0383390345;1.04550026;1.05239353;0.83055856;0.0990776434;1.03361183;0.76714802;0.0356646833;10;0.833332915;1.044444;1.044444;0.999967356;0.999967167
21.109556;1.03361296;0.852355692;0.0396252632;0.824637071;0.0383368371;1.04550034;1.05239445;0.830527239;0.0990712017;1.03361284;0.767120023;0.0356626737;10;0.83333294;1.044444;1.044444;0.999967363;0.999967194
21.111556;1.03361697;0.852293483;0.0396196928;0.824573692;0.0383312871;1.04550279;1.05239696;0.830465152;0.0990572044;1.03361685;0.767064029;0.0356576586;10;0.833332994;1.044444;1.044444;0.999967376;0.999967246
21.115556;1.03362499;0.852171281;0.0396096709;0.824449076;0.0383212367;1.04550773;1.05240035;0.830342208;0.0990304344;1.03362488;0.766954047;0.0356486442;10;0.833333104;1.044444;1.044444;0.999967388;0.99996734
21.116556;1.03362699;0.852140173;0.0396074433;0.824417382;0.0383189881;1.04550912;1.05240223;0.830311186;0.0990239155;1.03362688;0.766926056;0.0356466423;10;0.833333129;1.044444;1.044444;0.999968388;0.999968361
21.117556;1.03362899;0.852109063;0.0396052154;0.824385688;0.038316738;1.04551021;1.05240316;0.830280912;0.0990174883;1.03362889;0.766898067;0.0356446405;10;0.833333151;1.044444;1.044444;0.999968387;0.99996838
21.123556;1.03363899;0.85192681;0.0395885003;0.824201404;0.0383000743;1.04551539;1.05240866;0.830099256;0.0989768474;1.03363893;0.766734201;0.0356296244;10;0.833333238;1.044444;1.044444;0.99996837;0.999968441
21.125556;1.03364299;0.851866786;0.0395829235;0.824140159;0.0382944941;1.04551758;1.05241047;0.830038701;0.0989629519;1.03364294;0.766680264;0.0356246198;10;0.833333253;1.044444;1.044444;0.999968361;0.999968436
21.126556;1.03364399;0.851836773;0.0395795794;0.824110333;0.0382912036;1.04551768;1.05241042;0.830009172;0.0989555652;1.03364395;0.766653296;0.0356216192;10;0.833333258;1.044444;1.044444;0.999968356;0.99996843
21.127556;1.03364599;0.851806759;0.0395762356;0.82407971;0.038287876;1.04551878;1.05241133;0.829978896;0.0989491448;1.03364595;0.766626328;0.0356186207;10;0.833333262;1.044444;1.044444;0.999968351;0.999968422
21.129556;1.03364898;0.851746731;0.0395706608;0.824019261;0.0382823332;1.04551997;1.05241313;0.829919401;0.0989352477;1.03364896;0.766572386;0.0356136321;10;0.833333265;1.044444;1.044444;0.99996834;0.999968402
21.130556;1.03365098;0.851716717;0.0395673193;0.823988638;0.0382790064;1.04552107;1.05241403;0.829890181;0.0989277712;1.03365097;0.766545413;0.0356106429;10;0.833333265;1.044444;1.044444;0.999968334;0.999968391
21.131556;1.03365297;0.851686703;0.0395650903;0.823958017;0.0382767551;1.04552216;1.05241431;0.829860403;0.0989203537;1.03365297;0.766518437;0.0356086575;10;0.833333264;1.044444;1.044444;0.999969329;0.999969379
21.132556;1.03365397;0.851656688;0.0395617518;0.823928191;0.0382734669;1.04552226;1.05241521;0.829831183;0.0989139334;1.03365398;0.766491459;0.0356056761;10;0.833333262;1.044444;1.044444;0.999969325;0.999969367
21.135556;1.03365895;0.851567751;0.0395528615;0.823838202;0.0382646147;1.04552452;1.05241695;0.829742161;0.0988926545;1.03365899;0.766411508;0.0355977547;10;0.833333251;1.044444;1.044444;0.999969324;0.999969327
21.136556;1.03366094;0.851538845;0.0395495335;0.823808656;0.0382612989;1.0455256;1.05241818;0.82971269;0.0988851522;1.03366099;0.766385519;0.0355947868;10;0.833333247;1.044444;1.044444;0.999969327;0.999969312
21.137556;1.03366193;0.851508828;0.0395462087;0.823778833;0.0382580234;1.04552538;1.05241908;0.829683469;0.0988787372;1.03366199;0.766358527;0.0355918209;10;0.833333242;1.044444;1.044444;0.999969333;0.999969296
21.146556;1.03367482;0.851245407;0.0395164038;0.823513623;0.0382285503;1.0455294;1.05242374;0.829423184;0.0988139992;1.03367499;0.766121547;0.035565117;10;0.833333184;1.044444;1.044444;0.999969457;0.999969154
21.147556;1.03367681;0.851216519;0.0395131006;0.82348406;0.0382252717;1.04553016;1.05242464;0.829393957;0.0988065414;1.03367698;0.766095549;0.035562139;10;0.833333177;1.044444;1.044444;0.999970476;0.999970141
21.149556;1.0336798;0.851158748;0.0395064964;0.823425727;0.038218761;1.04553099;1.05242582;0.829337054;0.0987927447;1.03367997;0.766043552;0.0355561739;10;0.833333167;1.044444;1.044444;0.999970514;0.999970117
21.152556;1.03368379;0.851072106;0.0394954821;0.823338617;0.0382079581;1.04553189;1.05242729;0.829251422;0.098770506;1.03368394;0.765965559;0.035546205;10;0.83333316;1.044444;1.044444;0.999970566;0.999970085
21.154556;1.03368578;0.851015463;0.0394888817;0.823282147;0.0382015062;1.04553145;1.05242752;0.829195271;0.0987557553;1.03368591;0.765914564;0.0355402156;10;0.833333163;1.044444;1.044444;0.999970596;0.999970066
21.156556;1.03368878;0.850957711;0.0394811715;0.823223807;0.0381939472;1.04553232;1.05242903;0.829138126;0.0987408889;1.03368888;0.765862569;0.0355332231;10;0.833333173;1.044444;1.044444;0.999970624;0.999970048
21.159556;1.03369276;0.850872191;0.0394701623;0.823137788;0.0381831703;1.045533;1.05242956;0.829054311;0.0987187597;1.03369283;0.765785569;0.0355232365;10;0.833333194;1.044444;1.044444;0.999970664;0.999970032
21.162556;1.03369672;0.850787772;0.0394591474;0.823052875;0.0381723975;1.04553373;1.05243103;0.828970814;0.0986965496;1.03369678;0.765709555;0.0355132595;10;0.833333213;1.044444;1.044444;0.999970701;0.999970034
21.163556;1.03369771;0.850758889;0.039455843;0.823024127;0.0381691775;1.04553355;1.05243131;0.828943149;0.0986891665;1.03369776;0.765683546;0.0355102699;10;0.833333217;1.044444;1.044444;0.999971711;0.99997104
21.167556;1.03370262;0.850646677;0.039440382;0.82291159;0.0381541071;1.04553417;1.05243242;0.828833554;0.0986596306;1.0337027;0.765582488;0.0354963232;10;0.833333226;1.044444;1.044444;0.999971736;0.999971081
21.172556;1.03370749;0.850507786;0.0394204471;0.822773286;0.0381347417;1.04553339;1.0524335;0.828696579;0.0986227225;1.03370765;0.765457376;0.0354783932;10;0.83333321;1.044444;1.044444;0.999971731;0.99997117
21.175556;1.03371143;0.850424438;0.0394082362;0.822689499;0.0381228377;1.04553393;1.05243374;0.828615171;0.0985995469;1.03371163;0.765382297;0.0354674295;10;0.833333189;1.044444;1.044444;0.9999717;0.999971229
21.178556;1.03371436;0.850342183;0.0393960038;0.822607568;0.0381109464;1.04553347;1.05243461;0.828534327;0.0985773453;1.03371463;0.765308216;0.0354564574;10;0.833333163;1.044444;1.044444;0.999971645;0.999971282
21.179556;1.03371535;0.850314389;0.0393915508;0.822579896;0.0381066197;1.04553301;1.05243396;0.828508476;0.0985689718;1.03371563;0.76528319;0.0354524645;10;0.833333153;1.044444;1.044444;0.999971622;0.999971298
21.180556;1.03371633;0.850287704;0.0393882063;0.822553297;0.0381033655;1.04553286;1.05243426;0.828481879;0.0985615626;1.03371663;0.765259165;0.0354494705;10;0.833333142;1.044444;1.044444;0.999972597;0.999972314
21.184556;1.0337203;0.85017872;0.0393714643;0.822444731;0.0380871012;1.0455322;1.05243482;0.828374922;0.0985309113;1.03372066;0.765161076;0.0354344773;10;0.833333089;1.044444;1.044444;0.999972486;0.999972365
21.185556;1.0337213;0.850150916;0.0393669935;0.822417048;0.038082761;1.04553173;1.05243512;0.828348323;0.0985234961;1.03372167;0.765136058;0.0354304735;10;0.833333073;1.044444;1.044444;0.999972458;0.999972376
21.188556;1.03372433;0.850069726;0.0393535633;0.82233614;0.0380697311;1.04553122;1.05243541;0.828269018;0.098500254;1.0337247;0.765063012;0.0354184467;10;0.833333022;1.044444;1.044444;0.999972384;0.999972402
21.191556;1.03372738;0.84998966;0.0393412232;0.822256296;0.038057773;1.04553039;1.05243507;0.828191254;0.0984770713;1.03372772;0.764990979;0.0354074003;10;0.833332965;1.044444;1.044444;0.99997232;0.999972419
21.192556;1.0337274;0.849962975;0.0393367371;0.822230475;0.0380534671;1.04552892;1.05243537;0.828164647;0.0984696561;1.03372773;0.764966971;0.0354033812;10;0.833332945;1.044444;1.044444;0.9999723;0.999972423
21.197556;1.03373249;0.849829581;0.0393143196;0.822097388;0.0380317691;1.0455274;1.0524356;0.828034665;0.0984305794;1.03373274;0.764846958;0.0353832644;10;0.833332856;1.044444;1.044444;0.999972192;0.999972423
21.198556;1.0337335;0.849802905;0.0393098419;0.822070771;0.0380274329;1.04552721;1.05243526;0.828009591;0.0984232195;1.03373374;0.764822963;0.0353792374;10;0.833332842;1.044444;1.044444;0.999973168;0.999973419
21.202556;1.03373656;0.849697317;0.0392919532;0.821966177;0.0380101327;1.04552483;1.05243514;0.827907216;0.098392599;1.03373674;0.764727999;0.0353631338;10;0.833332795;1.044444;1.044444;0.999973062;0.999973389
21.212556;1.03374454;0.849436163;0.0392462386;0.821707105;0.0379657702;1.04551892;1.0524335;0.827653754;0.0983134801;1.0337448;0.764493113;0.0353220273;10;0.833332762;1.044444;1.044444;0.999972809;0.999973206
21.214556;1.03374552;0.849385073;0.0392362246;0.821656857;0.0379560531;1.04551719;1.0524328;0.82760358;0.0982987405;1.03374582;0.764447119;0.0353130281;10;0.833332762;1.044444;1.044444;0.999972779;0.999973153
21.215556;1.0337465;0.849359534;0.0392317764;0.821631335;0.0379517127;1.04551668;1.05243213;0.827579802;0.098290344;1.03374683;0.764424119;0.0353090296;10;0.833332761;1.044444;1.044444;0.999972768;0.999973126
21.216556;1.03374749;0.849333999;0.0392273308;0.821605812;0.0379473716;1.04551647;1.05243273;0.827553977;0.0982828846;1.03374784;0.764401115;0.0353050316;10;0.83333276;1.044444;1.044444;0.999973759;0.999974099
21.217556;1.03374748;0.849308469;0.0392228874;0.821581083;0.0379430662;1.04551496;1.05243238;0.827528902;0.0982744575;1.03374785;0.764378109;0.0353010338;10;0.833332759;1.044444;1.044444;0.999973753;0.999974074
21.223556;1.03375145;0.849155342;0.0391940583;0.821429528;0.0379149183;1.04551019;1.05243035;0.827381671;0.0982270394;1.03375189;0.764240035;0.0352750442;10;0.833332735;1.044444;1.044444;0.999973773;0.999973967
21.225556;1.03375246;0.849104306;0.0391840972;0.821379285;0.0379051867;1.04550848;1.05242968;0.827333665;0.0982112226;1.03375291;0.764194009;0.0352660434;10;0.833332721;1.044444;1.044444;0.999973796;0.99997395
21.229556;1.03375549;0.849004446;0.0391653064;0.821280175;0.0378867636;1.04550545;1.05242931;0.82723585;0.0981794915;1.03375595;0.764103972;0.0352490329;10;0.833332696;1.044444;1.044444;0.999973852;0.999973947
21.230556;1.03375551;0.848978922;0.0391608885;0.821255459;0.0378824546;1.04550424;1.05242804;0.827212588;0.0981721967;1.03375596;0.764080966;0.0352450291;10;0.833332694;1.044444;1.044444;0.999973867;0.999973953
21.232556;1.03375754;0.848928975;0.0391509405;0.821205518;0.0378726883;1.04550324;1.05242737;0.827163511;0.0981563757;1.03375797;0.764035957;0.0352360211;10;0.833332694;1.044444;1.044444;0.999973894;0.99997397
21.235556;1.0337586;0.848854584;0.0391365695;0.821132743;0.0378586491;1.04549973;1.0524267;0.827092258;0.0981320935;1.03375899;0.76396895;0.0352230079;10;0.833332708;1.044444;1.044444;0.99997393;0.999974009
21.236556;1.03375962;0.848830149;0.039131037;0.821108315;0.0378532285;1.04549923;1.05242637;0.827068233;0.0981236598;1.03375999;0.763946949;0.0352180031;10;0.833332716;1.044444;1.044444;0.999974941;0.999975024
21.245556;1.03376386;0.848607808;0.0390867839;0.820890308;0.0378099981;1.04548999;1.05242342;0.826853964;0.0980520145;1.03376404;0.763747043;0.0351779224;10;0.833332821;1.044444;1.044444;0.999975005;0.999975139
21.246556;1.03376488;0.848583335;0.0390812499;0.820865883;0.0378045775;1.04548949;1.05242215;0.826831712;0.0980447308;1.03376505;0.763725067;0.0351729076;10;0.833332837;1.044444;1.044444;0.999975007;0.999975139
21.253556;1.03376795;0.848414254;0.0390469422;0.820700249;0.0377710802;1.04548165;1.05241895;0.826668255;0.09798896;1.03376817;0.76357327;0.0351418145;10;0.833332941;1.044444;1.044444;0.999974967;0.999975078
21.255556;1.03376895;0.848365325;0.0390358521;0.820652202;0.0377602781;1.04547965;1.05241861;0.82662198;0.0979720433;1.03376921;0.763529327;0.0351317962;10;0.83333297;1.044444;1.044444;0.999974938;0.999975052
21.256556;1.03376895;0.848341975;0.0390314129;0.820629652;0.0377559702;1.04547815;1.05241766;0.826599462;0.0979647099;1.03376923;0.763508353;0.0351277884;10;0.833332985;1.044444;1.044444;0.999974921;0.999975039
21.257556;1.03376995;0.848317516;0.0390258588;0.820605233;0.0377505513;1.04547765;1.05241733;0.826576449;0.0979562598;1.03377025;0.763486377;0.0351227813;10;0.833333001;1.044444;1.044444;0.999975903;0.999976027
21.258556;1.03376994;0.848294171;0.0390214117;0.820582684;0.037746244;1.04547615;1.05241731;0.826553186;0.0979488344;1.03377027;0.763465399;0.0351187752;10;0.833333018;1.044444;1.044444;0.999975884;0.999976016
21.261556;1.03377093;0.848221931;0.0390058287;0.820512098;0.0377311388;1.04547237;1.05241473;0.826485393;0.0979246786;1.03377133;0.76340045;0.0351047637;10;0.833333073;1.044444;1.044444;0.999975826;0.999975991
21.263556;1.03377191;0.848175269;0.0389958004;0.820466209;0.0377214168;1.04547039;1.05241468;0.826438881;0.0979087737;1.03377235;0.763358469;0.0350957616;10;0.83333311;1.044444;1.044444;0.99997579;0.999975983
21.265556;1.03377291;0.848127507;0.0389846602;0.820419245;0.0377106208;1.04546843;1.05241337;0.826393371;0.0978919398;1.03377337;0.763315477;0.0350857624;10;0.833333145;1.044444;1.044444;0.999975756;0.99997598
21.278562;1.03377698;0.847824418;0.0389167533;0.820122845;0.0376447632;1.04545241;1.0524055;0.826103613;0.0977891093;1.03377725;0.763042319;0.0350247848;10;0.833333244;1.044444;1.044444;0.999975616;0.999976039
21.279562;1.03377698;0.847801107;0.038912299;0.820100284;0.0376404434;1.04545095;1.05240455;0.826082192;0.0977807685;1.03377723;0.763021304;0.0350207906;10;0.833333246;1.044444;1.044444;0.99997661;0.999977048
21.281562;1.03377698;0.847754483;0.0389011679;0.820055164;0.0376296513;1.04544772;1.05240359;0.826037551;0.0977650603;1.0337772;0.762979274;0.0350108072;10;0.83333325;1.044444;1.044444;0.999976601;0.999977066
21.289562;1.0337789;0.84757241;0.0388588683;0.819877399;0.0375885687;1.04543734;1.05239881;0.825863985;0.097701254;1.03377909;0.762815189;0.0349729378;10;0.833333236;1.044444;1.044444;0.999976586;0.999977133
21.293562;1.03377986;0.847481365;0.038837727;0.819788505;0.0375680676;1.0454321;1.05239592;0.825777592;0.0976698719;1.03378004;0.76273316;0.0349540053;10;0.83333319;1.044444;1.044444;0.999976601;0.999977156
21.295562;1.03378085;0.84743695;0.0388277119;0.819744735;0.0375583529;1.04542982;1.052394;0.825735827;0.0976542085;1.03378102;0.762693145;0.0349450352;10;0.833333157;1.044444;1.044444;0.999976616;0.999977162
21.300562;1.03378186;0.847324785;0.038801001;0.819635414;0.0375325632;1.04542304;1.05239043;0.825628848;0.0976143686;1.033782;0.762592089;0.0349211006;10;0.833333065;1.044444;1.044444;0.999976676;0.999977144
21.301562;1.03378186;0.847302574;0.0387954339;0.81961392;0.037527206;1.04542124;1.05239074;0.825607502;0.0976058805;1.03378201;0.762572073;0.0349161118;10;0.833333046;1.044444;1.044444;0.999976692;0.999977134
21.302562;1.03378187;0.847280362;0.0387898651;0.819592426;0.037521851;1.04541974;1.05238977;0.825586095;0.0975975094;1.03378201;0.762552055;0.0349111223;10;0.833333028;1.044444;1.044444;0.999976709;0.999977123
21.303562;1.03378189;0.847258151;0.0387842946;0.819570931;0.0375164976;1.04541824;1.05238881;0.825565743;0.0975901938;1.03378202;0.762532035;0.034906132;10;0.83333301;1.044444;1.044444;0.999977728;0.99997811
21.306562;1.03378294;0.847191519;0.0387686863;0.819505647;0.0375014775;1.04541442;1.05238627;0.825502327;0.0975661066;1.03378306;0.762471969;0.0348921583;10;0.833332959;1.044444;1.044444;0.999977798;0.999978069
21.307562;1.03378296;0.84716931;0.0387631119;0.819484149;0.0374961232;1.04541261;1.05238532;0.825481975;0.0975587925;1.03378308;0.762451946;0.0348871666;10;0.833332943;1.044444;1.044444;0.999977825;0.999978056
21.309562;1.033783;0.847126006;0.0387519632;0.819442224;0.0374854104;1.04540958;1.0523847;0.825439221;0.0975429957;1.03378312;0.762412902;0.034877183;10;0.833332912;1.044444;1.044444;0.999977885;0.999978032
21.316562;1.03378416;0.846972803;0.0387151628;0.819293047;0.0374499838;1.04539902;1.05237875;0.825295157;0.0974875992;1.03378431;0.7622748;0.0348442023;10;0.833332787;1.044444;1.044444;0.99997811;0.999977968
21.317562;1.03378419;0.846950602;0.038709588;0.819271538;0.0374446165;1.04539749;1.05237813;0.825274544;0.0974792198;1.03378434;0.762254792;0.0348391961;10;0.833332765;1.044444;1.044444;0.99997814;0.999977962
21.319562;1.03378424;0.846907309;0.0386984385;0.819229596;0.0374338818;1.04539413;1.05237752;0.82523282;0.0974634634;1.0337844;0.762215783;0.0348291778;10;0.833332722;1.044444;1.044444;0.999978195;0.999977952
21.328562;1.03378551;0.846714089;0.0386494122;0.81904172;0.0373866079;1.04538014;1.05237058;0.82505043;0.0973924575;1.03378561;0.762041785;0.0347850677;10;0.833332491;1.044444;1.044444;0.999978425;0.999977952
21.329562;1.03378553;0.846692982;0.0386449637;0.819021299;0.0373823099;1.04537862;1.05236962;0.825030072;0.0973851725;1.03378563;0.762022788;0.0347810531;10;0.833332465;1.044444;1.044444;0.999979448;0.999978955
21.330562;1.03378555;0.846671873;0.0386394072;0.81900088;0.037376936;1.04537709;1.05236899;0.825010521;0.0973768019;1.03378564;0.762003793;0.0347760383;10;0.833332439;1.044444;1.044444;0.999979468;0.99997896
21.331562;1.03378557;0.846650761;0.038633854;0.818980462;0.0373715608;1.04537527;1.05236708;0.824990906;0.0973696034;1.03378566;0.761984798;0.0347710234;10;0.833332416;1.044444;1.044444;0.999979487;0.999978965
21.338562;1.03378667;0.846502927;0.0385961604;0.818836735;0.0373349206;1.04536509;1.05236201;0.824851403;0.0973152558;1.03378668;0.761851863;0.034736932;10;0.833332341;1.044444;1.044444;0.999979556;0.999979009
21.342562;1.03378673;0.84641842;0.0385739993;0.818755029;0.0373133619;1.04535851;1.05235916;0.824771354;0.0972838753;1.03378664;0.761775928;0.0347168834;10;0.833332379;1.044444;1.044444;0.999979562;0.999979061
21.353562;1.03378684;0.846190567;0.038515185;0.818534583;0.0372564185;1.04534091;1.05234961;0.824557267;0.0971983114;1.03378643;0.76157113;0.0346638011;10;0.833332622;1.044444;1.044444;0.999979408;0.999979255
21.357562;1.03378681;0.846109474;0.0384940854;0.818456094;0.0372360797;1.04533431;1.05234614;0.824480865;0.0971680756;1.03378638;0.761498186;0.0346447913;10;0.833332724;1.044444;1.044444;0.999979276;0.99997932
21.358562;1.03378679;0.846088366;0.0384885328;0.818435666;0.0372307269;1.04533281;1.05234552;0.824461311;0.0971597013;1.03378637;0.761479199;0.0346397901;10;0.833332749;1.044444;1.044444;0.999980237;0.999980336
21.362562;1.03378671;0.846007263;0.0384663184;0.818357181;0.0372093026;1.04532618;1.0523421;0.824384876;0.0971294599;1.03378636;0.76140625;0.0346197929;10;0.833332837;1.044444;1.044444;0.999980053;0.999980402
21.363562;1.03378669;0.845987263;0.038461874;0.818337828;0.0372050168;1.04532467;1.05234054;0.824366054;0.0971222308;1.03378635;0.761388262;0.0346157959;10;0.833332857;1.044444;1.044444;0.999980001;0.999980419
21.365562;1.03378664;0.845947262;0.0384507606;0.818299124;0.0371942899;1.04532133;1.05233932;0.824327975;0.0971065448;1.03378635;0.761352286;0.0346058063;10;0.833332891;1.044444;1.044444;0.999979892;0.999980456
21.366562;1.03378662;0.845927261;0.0384452029;0.818279773;0.0371889238;1.04531982;1.05233871;0.824309459;0.097099231;1.03378635;0.761334299;0.0346008143;10;0.833332906;1.044444;1.044444;0.999979835;0.999980474
21.370562;1.03378551;0.845847256;0.0384240852;0.81820316;0.0371685528;1.04531213;1.05233563;0.824233752;0.0970679252;1.03378536;0.761262355;0.0345818687;10;0.833332948;1.044444;1.044444;0.999979609;0.999980533
21.380562;1.03378521;0.845648357;0.0383697193;0.818010822;0.0371158889;1.04529567;1.05232635;0.824047651;0.0969928812;1.03378534;0.761083436;0.0345330862;10;0.833332974;1.044444;1.044444;0.999979193;0.99998054
21.385562;1.03378406;0.845550573;0.0383431105;0.817917075;0.0370901796;1.04528674;1.05232167;0.823955088;0.0969552786;1.03378426;0.760995391;0.0345091964;10;0.833333006;1.044444;1.044444;0.99997906;0.999980478
21.387562;1.03378401;0.845511682;0.0383331303;0.817879459;0.0370805396;1.04528339;1.05232072;0.823917749;0.0969395083;1.03378421;0.760960356;0.0345002273;10;0.833333022;1.044444;1.044444;0.999979016;0.999980435
21.388562;1.03378398;0.84549168;0.0383275836;0.817860108;0.0370751861;1.04528187;1.05231913;0.823899949;0.0969322509;1.03378419;0.760942335;0.0344952381;10;0.833333029;1.044444;1.044444;0.999979996;0.999981409
21.392562;1.03378389;0.845413881;0.038306496;0.817784829;0.0370548735;1.0452752;1.05231623;0.823827097;0.0969018303;1.03378406;0.760872248;0.0344762435;10;0.833333051;1.044444;1.044444;0.999979941;0.999981278
21.395562;1.03378386;0.845356066;0.0382898298;0.817728892;0.0370388555;1.04527067;1.05231266;0.823773797;0.0968799192;1.03378396;0.760820191;0.0344612147;10;0.83333305;1.044444;1.044444;0.999979938;0.999981157
21.397562;1.03378285;0.845318248;0.0382798224;0.817693111;0.037029294;1.04526635;1.05231162;0.823736498;0.0968641274;1.0337829;0.760786161;0.0344521871;10;0.833333038;1.044444;1.044444;0.999979957;0.999981069
21.399562;1.03378285;0.845279309;0.0382686982;0.817655469;0.0370186223;1.04526304;1.05230963;0.823701004;0.0968494784;1.03378284;0.760751138;0.0344421569;10;0.833333015;1.044444;1.044444;0.999979994;0.999980978
21.406562;1.03378287;0.845146866;0.0382319492;0.817527574;0.036983334;1.04525193;1.05230203;0.823576805;0.096798284;1.03378267;0.760632088;0.0344090466;10;0.833332919;1.044444;1.044444;0.999980274;0.99998071
21.407562;1.03378188;0.845127944;0.0382263809;0.817510107;0.0369780015;1.04524943;1.05230167;0.823559107;0.096789852;1.03378164;0.760615082;0.0344040328;10;0.833332908;1.044444;1.044444;0.999980329;0.999980685
21.408562;1.03378189;0.845109022;0.0382219246;0.81749185;0.0369737021;1.04524793;1.05230037;0.823541097;0.096782564;1.03378162;0.760598075;0.0344000205;10;0.833332899;1.044444;1.044444;0.999980387;0.999980664
21.414562;1.03378199;0.844995518;0.038189677;0.817382352;0.0369424328;1.04523832;1.05229454;0.823436811;0.0967386717;1.03378152;0.760496013;0.0343709858;10;0.833332897;1.044444;1.044444;0.99998074;0.999980618
21.419562;1.03378109;0.844903219;0.0381641787;0.817294092;0.03691763;1.04522949;1.0522907;0.823348944;0.0967020194;1.03378052;0.760412936;0.0343479878;10;0.833332958;1.044444;1.044444;0.999981024;0.999980626
21.420562;1.0337811;0.844884324;0.0381586409;0.817275855;0.0369122385;1.04522798;1.05228912;0.823332222;0.0966947668;1.03378053;0.760395921;0.0343429885;10;0.833332973;1.044444;1.044444;0.999982079;0.99998163
21.423562;1.03378013;0.844828766;0.0381431448;0.81722301;0.0368971928;1.04522215;1.05228723;0.823279824;0.0966727535;1.03377956;0.760345886;0.0343289901;10;0.833333023;1.044444;1.044444;0.999982238;0.99998165
21.425562;1.03378013;0.844792108;0.0381320786;0.817187608;0.0368864358;1.04521912;1.05228439;0.823246129;0.096658231;1.03377959;0.760312868;0.0343189908;10;0.833333055;1.044444;1.044444;0.999982334;0.999981674
21.429562;1.03378011;0.844718803;0.0381121845;0.817116796;0.0368670927;1.04521276;1.05228093;0.823177009;0.0966300614;1.03377965;0.760246845;0.0343009914;10;0.83333311;1.044444;1.044444;0.999982481;0.999981745
21.435562;1.03377901;0.844609976;0.0380812617;0.817012422;0.0368370699;1.04520237;1.05227622;0.82307512;0.0965862028;1.03377871;0.76014885;0.034273012;10;0.833333146;1.044444;1.044444;0.999982577;0.999981901
21.437562;1.03377796;0.844574445;0.0380713283;0.816978864;0.0368274498;1.04519835;1.05227339;0.823042522;0.0965727522;1.03377773;0.760116863;0.0342640255;10;0.833333148;1.044444;1.044444;0.999982575;0.999981954
21.440562;1.03377789;0.844521147;0.03805587;0.816927328;0.0368124276;1.04519354;1.05227153;0.822991261;0.0965507666;1.03377775;0.76006889;0.0342500489;10;0.833333154;1.044444;1.044444;0.999982549;0.999982025
21.446562;1.03377678;0.844413426;0.0380249235;0.816823884;0.0367823932;1.04518326;1.05226589;0.822891358;0.0965079788;1.03377679;0.759971965;0.0342221083;10;0.833333197;1.044444;1.044444;0.999982443;0.999982148
21.448562;1.03377676;0.84437789;0.038014962;0.816789469;0.0367727188;1.04518029;1.05226338;0.822859627;0.0964944612;1.0337768;0.759939994;0.0342131311;10;0.83333322;1.044444;1.044444;0.999982402;0.999982191
21.451562;1.03377575;0.844325699;0.0379994441;0.816739688;0.0367576978;1.04517483;1.0522615;0.822809503;0.0964734723;1.03377583;0.759893041;0.0341991643;10;0.83333326;1.044444;1.044444;0.999982337;0.999982258
21.453562;1.03377577;0.844290164;0.037989457;0.816705245;0.036748018;1.04517186;1.05225898;0.822776727;0.0964588917;1.03377585;0.759861077;0.0341901837;10;0.833333289;1.044444;1.044444;0.999982289;0.999982301
21.454562;1.03377578;0.844272396;0.0379839054;0.816688022;0.0367426416;1.04517037;1.05225898;0.822759877;0.0964514873;1.03377587;0.759845096;0.0341851924;10;0.833333305;1.044444;1.044444;0.999983262;0.999983322
21.460562;1.03377488;0.844167974;0.0379539258;0.81658764;0.0367136518;1.04516013;1.05225235;0.822663952;0.0964098244;1.03377495;0.759751204;0.0341582242;10;0.833333398;1.044444;1.044444;0.99998307;0.999983415
21.461562;1.0337749;0.844151303;0.0379494862;0.816571501;0.0367093527;1.04515864;1.05225235;0.822647096;0.0964034908;1.03377497;0.759736218;0.034154224;10;0.833333414;1.044444;1.044444;0.999983036;0.999983424
21.467562;1.03377403;0.844047899;0.0379183901;0.816472267;0.0366792914;1.04514871;1.05224599;0.822550878;0.0963618553;1.03377406;0.759643296;0.0341261922;10;0.833333522;1.044444;1.044444;0.999982852;0.999983421
21.468562;1.03377405;0.844030103;0.0379139424;0.816455063;0.0366749926;1.04514723;1.05224568;0.822535315;0.0963544929;1.03377408;0.759627309;0.0341221821;10;0.833333538;1.044444;1.044444;0.999982826;0.999983411
21.473562;1.03377313;0.843944435;0.0378894551;0.816373064;0.0366513999;1.04513886;1.0522409;0.822455719;0.0963200629;1.03377319;0.759550373;0.0341001218;10;0.833333583;1.044444;1.044444;0.999982718;0.999983331
21.477562;1.03377216;0.843876554;0.0378694009;0.816308286;0.0366321127;1.04513231;1.05223709;0.82239328;0.0962929387;1.03377228;0.759489406;0.0340820721;10;0.833333571;1.044444;1.044444;0.999982656;0.999983238
21.485562;1.03377011;0.843743019;0.037829263;0.816180948;0.0365935792;1.04511863;1.0522298;0.822268121;0.0962397719;1.03377039;0.759369371;0.0340460102;10;0.833333425;1.044444;1.044444;0.999982553;0.999983013
21.487562;1.03377008;0.843709648;0.0378203382;0.816148721;0.0365850205;1.0451157;1.05222758;0.822237141;0.0962262551;1.03377041;0.759339353;0.0340380032;10;0.833333364;1.044444;1.044444;0.999982529;0.999982954
21.488562;1.03377006;0.843692964;0.0378147653;0.816132607;0.0365796683;1.04511453;1.05222758;0.822221314;0.0962188662;1.03377041;0.759324345;0.0340330007;10;0.83333333;1.044444;1.044444;0.999982519;0.999982924
21.489562;1.03377005;0.843676282;0.0378103043;0.816116492;0.0365753917;1.04511306;1.05222631;0.822206476;0.0962126479;1.03377042;0.759309338;0.0340289989;10;0.833333295;1.044444;1.044444;0.999983509;0.999983894
21.490562;1.03377003;0.843659601;0.0378047326;0.816100377;0.0365700407;1.04511159;1.05222535;0.822190335;0.0962053435;1.03377042;0.759294333;0.0340239978;10;0.833333259;1.044444;1.044444;0.999983501;0.999983866
21.492562;1.03376899;0.843626244;0.0377958137;0.816068936;0.0365615226;1.04510765;1.05222407;0.822159671;0.096192784;1.03376942;0.759264326;0.0340159977;10;0.833333185;1.044444;1.044444;0.999983489;0.999983813
21.495562;1.03376893;0.843577336;0.0377813281;0.81602166;0.0365476116;1.04510351;1.05222055;0.822113852;0.0961719637;1.0337694;0.759220324;0.0340030002;10;0.83333308;1.044444;1.044444;0.999983486;0.99998374
21.502562;1.03376675;0.843462951;0.0377468032;0.815912507;0.0365144504;1.04509137;1.05221379;0.822008212;0.0961260343;1.03376727;0.759117354;0.0339720014;10;0.833332889;1.044444;1.044444;0.999983547;0.999983575
21.503562;1.03376672;0.843447417;0.0377423478;0.815897445;0.0365101541;1.04508987;1.05221377;0.821992374;0.0961196879;1.03376724;0.75910336;0.0339680032;10;0.833332867;1.044444;1.044444;0.999983562;0.999983553
21.508562;1.03376555;0.843366435;0.0377178396;0.815819681;0.0364865182;1.04508165;1.05220833;0.821918409;0.0960874025;1.03376613;0.759030391;0.0339460325;10;0.833332758;1.044444;1.044444;0.999983639;0.99998345
21.515562;1.03376433;0.843255479;0.0376854898;0.815712825;0.0364552682;1.0450707;1.05220323;0.821813508;0.0960413693;1.03376499;0.758930398;0.0339171296;10;0.83333259;1.044444;1.044444;0.999983733;0.999983339
21.516562;1.0337643;0.84323883;0.0376799118;0.815696681;0.0364498763;1.04506919;1.05220197;0.821798637;0.0960351461;1.03376498;0.758915397;0.033912147;10;0.833332563;1.044444;1.044444;0.999983744;0.999983324
21.522562;1.03376317;0.843144479;0.037651985;0.81560601;0.0364229441;1.04505974;1.05219607;0.82171131;0.0959966309;1.03376394;0.758830401;0.0338872626;10;0.833332398;1.044444;1.044444;0.999983788;0.999983248
21.523562;1.03376216;0.843128938;0.0376475154;0.815591743;0.036418667;1.04505753;1.05219609;0.821696497;0.0959903005;1.03376295;0.758816405;0.0338832823;10;0.833332372;1.044444;1.044444;0.999983793;0.999983237
21.526562;1.03376213;0.843082312;0.0376330002;0.815546596;0.0364046621;1.0450533;1.05219333;0.821653223;0.0959715758;1.03376297;0.758774422;0.0338703381;10;0.833332301;1.044444;1.044444;0.999983809;0.999983211
21.527562;1.03376213;0.843066772;0.0376285346;0.815531553;0.0364003535;1.04505179;1.0521921;0.821638341;0.0959653655;1.03376298;0.758760429;0.0338663542;10;0.833332281;1.044444;1.044444;0.999984816;0.999984204
21.531562;1.03376114;0.843004612;0.0376106915;0.815472198;0.03638315;1.04504533;1.05218938;0.821580258;0.0959392775;1.03376201;0.758704456;0.0338503969;10;0.833332229;1.044444;1.044444;0.999984854;0.99998419
21.533562;1.03376016;0.842974644;0.0376006736;0.815444004;0.0363734843;1.04504131;1.05218756;0.821552116;0.0959268087;1.03376103;0.758677464;0.0338414019;10;0.833332223;1.044444;1.044444;0.99998488;0.999984191
21.539562;1.03375925;0.84288252;0.0375740055;0.815355699;0.0363476251;1.04503216;1.05218206;0.82146668;0.0958893719;1.03376011;0.758594454;0.0338173389;10;0.833332281;1.044444;1.044444;0.999984967;0.999984231
21.541562;1.03375929;0.84285255;0.0375640118;0.815326706;0.0363379172;1.04502945;1.05218022;0.821438565;0.0958779309;1.03376014;0.758567441;0.0338083013;10;0.833332316;1.044444;1.044444;0.99998499;0.999984257
21.556562;1.03375649;0.8426269;0.0374972467;0.815110912;0.0362733845;1.04500629;1.05216731;0.821228789;0.0957861344;1.03375738;0.758364268;0.0337480813;10;0.833332602;1.044444;1.044444;0.999985153;0.99998466
21.558562;1.03375652;0.842596865;0.037488322;0.815081908;0.0362647719;1.04500359;1.05216665;0.821200736;0.0957735301;1.0337574;0.758337251;0.0337400523;10;0.833332646;1.044444;1.044444;0.999985177;0.999984711
21.566562;1.03375465;0.842480074;0.0374526214;0.814970746;0.036230371;1.0449911;1.05215943;0.821092026;0.0957256859;1.03375537;0.758232287;0.0337079205;10;0.833332782;1.044444;1.044444;0.999985252;0.999984835
21.567562;1.03375466;0.842465619;0.0374481626;0.814956791;0.0362260659;1.04498959;1.05215845;0.821077979;0.0957194558;1.03375535;0.758219299;0.0337039079;10;0.833332791;1.044444;1.044444;0.999986257;0.99998584
21.570562;1.03375372;0.842421146;0.0374359047;0.814914636;0.0362142738;1.04498468;1.05215581;0.82103771;0.0957017982;1.03375427;0.758179332;0.0336928767;10;0.833332801;1.044444;1.044444;0.999986267;0.999985847
21.576562;1.03375281;0.842335564;0.0374092033;0.814832706;0.0361885586;1.04497583;1.05215053;0.820957244;0.0956664794;1.03375305;0.758102351;0.0336688409;10;0.833332775;1.044444;1.044444;0.999986276;0.999985823
21.581562;1.03375186;0.842263354;0.037388109;0.814763598;0.0361682235;1.04496848;1.05214627;0.820891927;0.095637384;1.03375187;0.758037303;0.0336498571;10;0.833332753;1.044444;1.044444;0.99998627;0.999985802
21.583562;1.03375188;0.842235582;0.0373803487;0.814736704;0.0361607132;1.04496607;1.05214435;0.820864948;0.0956259747;1.03375181;0.758012273;0.0336428793;10;0.833332758;1.044444;1.044444;0.999986267;0.9999858
21.591562;1.03375095;0.842122251;0.0373460045;0.81462776;0.0361274408;1.04495489;1.05213796;0.820760305;0.0955801542;1.03375067;0.757910199;0.0336120325;10;0.833332843;1.044444;1.044444;0.999986266;0.999985875
21.592562;1.03374996;0.842108917;0.0373415751;0.814615639;0.0361231755;1.04495269;1.05213733;0.820748158;0.0955749295;1.03374966;0.757898198;0.0336080549;10;0.833332855;1.044444;1.044444;0.999986267;0.999985893
21.596562;1.03375001;0.842053357;0.0373249711;0.814561856;0.0361070465;1.0449476;1.0521342;0.820695829;0.0955519514;1.03374963;0.757848217;0.0335931407;10;0.833332888;1.044444;1.044444;0.999986266;0.999985978
21.601562;1.03374909;0.841983341;0.0373050555;0.814494888;0.0360877293;1.04494031;1.05213049;0.820632341;0.0955237058;1.03374862;0.757785296;0.0335752456;10;0.833332888;1.044444;1.044444;0.999986241;0.999986071
21.604562;1.03374814;0.841942197;0.0372928812;0.814455892;0.0360759464;1.04493573;1.05212803;0.820594197;0.095506978;1.03374761;0.757748356;0.0335643051;10;0.833332868;1.044444;1.044444;0.999986222;0.999986107
21.609562;1.03374822;0.841874342;0.0372729515;0.814390335;0.0360566296;1.04492976;1.05212468;0.82053034;0.0954786728;1.03374761;0.757687446;0.0335463778;10;0.83333281;1.044444;1.044444;0.999986205;0.999986154
21.610562;1.03374724;0.841860993;0.0372685184;0.814378231;0.0360523748;1.04492757;1.05212377;0.820517336;0.0954734587;1.0337466;0.757675461;0.0335423869;10;0.833332798;1.044444;1.044444;0.999987205;0.999987165
21.616562;1.03374634;0.841779797;0.037244126;0.814300615;0.0360288375;1.0449194;1.05211951;0.820441461;0.095439974;1.03374554;0.757602534;0.0335204005;10;0.833332725;1.044444;1.044444;0.999987222;0.999987248
21.618562;1.03374636;0.841753108;0.0372363626;0.814274838;0.0360213376;1.04491701;1.05211831;0.820417056;0.0954295099;1.03374551;0.757578551;0.0335133927;10;0.833332707;1.044444;1.044444;0.999987232;0.999987275
21.620562;1.03374636;0.841726425;0.0372285971;0.814249056;0.0360138341;1.04491462;1.05211584;0.820392582;0.0954191662;1.03374548;0.757554565;0.0335063813;10;0.833332696;1.044444;1.044444;0.999987242;0.999987297
21.634562;1.03374312;0.841540832;0.0371730379;0.814071824;0.0359602305;1.04489514;1.05210682;0.820220138;0.0953440045;1.03374242;0.757387487;0.0334563433;10;0.833332838;1.044444;1.044444;0.999987213;0.999987364
21.635562;1.03374308;0.841528608;0.0371696991;0.814059987;0.0359569958;1.04489395;1.05210623;0.820207938;0.095338794;1.03374243;0.757376465;0.0334533446;10;0.833332863;1.044444;1.044444;0.999987207;0.999987355
21.636562;1.03374305;0.841515273;0.0371663598;0.814047075;0.0359537594;1.04489275;1.05210531;0.820195984;0.0953325587;1.03374245;0.75736444;0.0334503452;10;0.83333289;1.044444;1.044444;0.999987202;0.999987344
21.637562;1.03374302;0.841501937;0.0371619088;0.814034165;0.0359494463;1.04489155;1.05210377;0.820184524;0.0953274399;1.03374246;0.757352414;0.033446345;10;0.833332918;1.044444;1.044444;0.999987197;0.99998733
21.643562;1.03374184;0.841424153;0.0371385223;0.813959666;0.0359268018;1.0448837;1.05210014;0.820111347;0.0952962621;1.03374154;0.757282222;0.0334253328;10;0.833333106;1.044444;1.044444;0.999987162;0.999987224
21.645562;1.03374179;0.841398606;0.0371318351;0.813934939;0.0359203133;1.04488162;1.05209892;0.820086964;0.0952858788;1.03374156;0.757259155;0.0334193319;10;0.833333172;1.044444;1.044444;0.999987144;0.99998719
21.647562;1.03374073;0.841373063;0.0371240397;0.813911003;0.0359127862;1.04487825;1.05209769;0.820063642;0.0952754936;1.03374058;0.757236091;0.0334123361;10;0.833333235;1.044444;1.044444;0.999987123;0.999987161
21.650562;1.03374065;0.841335308;0.0371129134;0.813874457;0.0359019831;1.04487499;1.05209581;0.820028134;0.0952609615;1.03374059;0.757202008;0.0334023511;10;0.83333332;1.044444;1.044444;0.999987087;0.999987121
21.651562;1.03374062;0.841321982;0.037108468;0.813861558;0.0358976657;1.0448738;1.05209423;0.820016684;0.0952558482;1.0337406;0.757189985;0.0333983578;10;0.833333344;1.044444;1.044444;0.999987074;0.999987107
21.657562;1.03373946;0.841246456;0.0370862802;0.81378924;0.0358760861;1.04486625;1.05209039;0.819945648;0.0952246324;1.03373958;0.757121885;0.0333784035;10;0.833333462;1.044444;1.044444;0.999986987;0.999987021
21.658562;1.03373944;0.841234235;0.0370829568;0.813777413;0.0358728396;1.04486506;1.05208975;0.819933456;0.0952194271;1.03373958;0.757110875;0.0333754106;10;0.833333479;1.044444;1.044444;0.999987969;0.999988007
21.662562;1.03373835;0.841184235;0.037068559;0.813729816;0.035858807;1.04485955;1.05208717;0.819886802;0.0951996468;1.03373856;0.757065858;0.0333624325;10;0.833333543;1.044444;1.044444;0.999987901;0.999987958
21.663562;1.03373833;0.841172013;0.0370641272;0.813717988;0.0358544834;1.04485865;1.05208557;0.819876409;0.0951945188;1.03373856;0.75705486;0.0333584369;10;0.833333556;1.044444;1.044444;0.999987885;0.999987947
21.668562;1.03373729;0.841109808;0.0370464205;0.813658579;0.0358372157;1.04485223;1.05208266;0.819818399;0.0951694487;1.03373758;0.756998891;0.0333424629;10;0.833333602;1.044444;1.044444;0.99998782;0.9999879
21.673562;1.03373733;0.841047635;0.0370287176;0.813598404;0.0358199465;1.04484684;1.0520798;0.819760421;0.0951454083;1.03373761;0.756942946;0.033326504;10;0.833333607;1.044444;1.044444;0.999987757;0.999987878
21.674562;1.03373734;0.841035425;0.0370242871;0.813586585;0.0358156345;1.04484565;1.05207821;0.819748986;0.0951402689;1.03373762;0.756931957;0.0333225134;10;0.833333604;1.044444;1.044444;0.999987743;0.99998788
21.679562;1.03373645;0.840974371;0.0370065713;0.813528283;0.035798413;1.04483934;1.05207538;0.819692117;0.0951151749;1.03373665;0.756876985;0.0333065476;10;0.833333569;1.044444;1.044444;0.999987666;0.999987923
21.682562;1.03373653;0.840938831;0.0369965961;0.8134939;0.0357887128;1.04483641;1.0520738;0.819658548;0.0951005325;1.03373667;0.75684498;0.0332975456;10;0.83333353;1.044444;1.044444;0.999987611;0.999987966
21.683562;1.03373655;0.840926609;0.036993268;0.81348208;0.0357854826;1.04483524;1.05207319;0.819647443;0.0950963656;1.03373667;0.756833975;0.03329454;10;0.833333512;1.044444;1.044444;0.999987593;0.999987981
21.684562;1.03373557;0.840914383;0.0369899388;0.813471047;0.0357822888;1.04483337;1.05207161;0.819636023;0.0950912281;1.03373568;0.756822968;0.033291532;10;0.833333493;1.044444;1.044444;0.999987576;0.999987995
21.685562;1.0337356;0.840902155;0.0369854974;0.813459225;0.0357779876;1.0448322;1.052071;0.819624921;0.0950870604;1.03373569;0.75681196;0.033287522;10;0.833333473;1.044444;1.044444;0.999987559;0.999988009
21.690562;1.0337357;0.840842102;0.0369688304;0.813401186;0.0357618837;1.04482723;1.05206853;0.819568934;0.0950629755;1.03373572;0.75675792;0.0332724491;10;0.833333356;1.044444;1.044444;0.999987495;0.99998806
21.693562;1.03373475;0.840806502;0.0369588205;0.813367571;0.0357522762;1.044823;1.05206605;0.819536132;0.0950483814;1.03373473;0.7567259;0.033263397;10;0.833333286;1.044444;1.044444;0.999987472;0.999988078
21.703562;1.03373379;0.84068856;0.0369242517;0.813254374;0.0357191542;1.04481192;1.05205996;0.819427122;0.095001204;1.03373376;0.756619879;0.0332322685;10;0.833333066;1.044444;1.044444;0.999987515;0.999988096
21.709562;1.03373372;0.84061853;0.0369041134;0.81318663;0.0356999533;1.04480588;1.05205722;0.819360677;0.0949727953;1.03373373;0.756556915;0.0332142184;10;0.833332986;1.044444;1.044444;0.999987584;0.999988054
21.710562;1.0337327;0.840607425;0.0369007607;0.813176662;0.0356967892;1.04480396;1.05205565;0.819350287;0.0949686921;1.03373273;0.756546926;0.0332112128;10;0.833332979;1.044444;1.044444;0.999987592;0.999988043
21.711562;1.03373268;0.840595211;0.0368974101;0.813164832;0.0356935902;1.04480304;1.05205535;0.819339969;0.0949644758;1.03373272;0.756535938;0.0332082085;10;0.833332974;1.044444;1.044444;0.9999876;0.999988029
21.712562;1.03373266;0.840584109;0.036894062;0.813154075;0.0356903903;1.04480182;1.05205472;0.819328839;0.094959233;1.03373271;0.75652595;0.0332052053;10;0.833332971;1.044444;1.044444;0.999988606;0.999989015
21.715562;1.0337326;0.840549709;0.0368840355;0.813120721;0.0356807834;1.04479875;1.05205349;0.819296019;0.0949455655;1.0337327;0.756494983;0.0331962022;10;0.833332972;1.044444;1.044444;0.999988619;0.999988962
21.717562;1.03373255;0.840526414;0.0368773661;0.813098118;0.0356743704;1.04479691;1.05205255;0.819274573;0.0949361161;1.03373268;0.756473997;0.033190203;10;0.833332978;1.044444;1.044444;0.999988619;0.999988924
21.718562;1.03373253;0.840515322;0.0368740359;0.813087352;0.0356711606;1.04479598;1.05205098;0.819265239;0.0949320209;1.03373267;0.756464002;0.0331872031;10;0.833332983;1.044444;1.044444;0.999988617;0.999988904
21.721562;1.03373148;0.840480935;0.0368640656;0.813054762;0.0356615514;1.04479191;1.05204972;0.819232411;0.0949183711;1.03373165;0.756433005;0.0331781975;10;0.833332999;1.044444;1.044444;0.999988608;0.999988843
21.730562;1.03373144;0.840379924;0.0368354594;0.812956811;0.0356335721;1.044783;1.05204457;0.819138019;0.0948786588;1.03373158;0.756341957;0.0331521518;10;0.833333037;1.044444;1.044444;0.999988622;0.999988683
21.731562;1.03373145;0.840368816;0.0368332812;0.812946052;0.0356314106;1.04478209;1.05204391;0.819126877;0.0948734421;1.03373157;0.756331947;0.0331501481;10;0.833333037;1.044444;1.044444;0.99998863;0.999988672
21.732562;1.03373046;0.840357708;0.036829993;0.812936081;0.0356282081;1.04478017;1.05204358;0.819116545;0.0948692552;1.03373057;0.756321937;0.0331471454;10;0.833333037;1.044444;1.044444;0.999988639;0.999988663
21.740562;1.03373059;0.840268857;0.0368048152;0.812850083;0.0356034;1.04477266;1.05203813;0.819033982;0.0948350206;1.03373058;0.756241857;0.0331241782;10;0.833332978;1.044444;1.044444;0.999988748;0.999988655
21.743562;1.03373062;0.840235547;0.0367960614;0.812817865;0.0355947761;1.04476969;1.05203687;0.819003218;0.0948214726;1.03373058;0.756211849;0.0331162129;10;0.833332943;1.044444;1.044444;0.999988795;0.999988673
21.758562;1.03372862;0.840073352;0.0367507533;0.812662827;0.035550727;1.04475437;1.05202884;0.818849376;0.0947580358;1.03372864;0.756066091;0.033075272;10;0.833332761;1.044444;1.044444;0.999988867;0.999988823
21.760562;1.03372865;0.840051109;0.0367440525;0.812641375;0.035544281;1.04475257;1.05202816;0.818829716;0.0947507114;1.03372867;0.756046134;0.0330692352;10;0.833332755;1.044444;1.044444;0.999988849;0.999988848
21.761562;1.03372866;0.840041096;0.0367418079;0.812631724;0.0355421326;1.04475166;1.05202656;0.818820342;0.0947466326;1.03372869;0.756037155;0.033067214;10;0.833332756;1.044444;1.044444;0.999988838;0.99998886
21.765562;1.03372874;0.839997705;0.0367294673;0.812589905;0.0355303071;1.04474805;1.0520252;0.81877998;0.0947298484;1.03372876;0.755998234;0.0330561234;10;0.833332789;1.044444;1.044444;0.999988776;0.999988916
21.767562;1.03372879;0.839976565;0.0367238422;0.81256954;0.0355249248;1.04474625;1.05202326;0.818760263;0.0947215612;1.03372879;0.755979271;0.0330510792;10;0.833332816;1.044444;1.044444;0.99998874;0.999988946
21.770562;1.03372885;0.839945413;0.0367148411;0.812539541;0.0355163042;1.04474354;1.05202225;0.81873028;0.0947089474;1.03372883;0.755951317;0.0330430179;10;0.833332859;1.044444;1.044444;0.999988689;0.999988993
21.771562;1.03372887;0.839934289;0.0367114681;0.812528827;0.0355130707;1.04474263;1.05202192;0.818719937;0.0947047401;1.03372884;0.755941329;0.033039999;10;0.833332873;1.044444;1.044444;0.999989676;0.999990009
21.772562;1.03372889;0.839924278;0.0367092049;0.812519189;0.0355109111;1.04474203;1.05202159;0.818709596;0.094700532;1.03372885;0.755932339;0.0330379812;10;0.833332887;1.044444;1.044444;0.999989664;0.999990025
21.774562;1.03372793;0.839903148;0.0367024541;0.812499625;0.0355044731;1.04473921;1.05201966;0.81869096;0.0946932846;1.03372786;0.755913354;0.0330319484;10;0.833332912;1.044444;1.044444;0.99998965;0.999990058
21.779562;1.033728;0.839850896;0.036688924;0.812449277;0.0354914968;1.04473465;1.05201802;0.818641413;0.0946722364;1.03372786;0.755866355;0.0330198862;10;0.833332946;1.044444;1.044444;0.999989661;0.999990125
21.780562;1.03372801;0.839840892;0.0366855581;0.812439634;0.0354882532;1.04473404;1.05201675;0.818632882;0.0946681106;1.03372786;0.755857351;0.0330168773;10;0.833332945;1.044444;1.044444;0.999989669;0.999990133
21.786562;1.03372804;0.839778672;0.0366687591;0.812379619;0.0354720093;1.04472889;1.05201358;0.818575112;0.0946450564;1.03372779;0.755801315;0.0330018219;10;0.833332888;1.044444;1.044444;0.999989734;0.999990133
21.797562;1.03372694;0.839667679;0.0366375941;0.812273068;0.035441938;1.04471868;1.05200924;0.818468701;0.0946019096;1.03372656;0.755701302;0.0329736574;10;0.833332679;1.044444;1.044444;0.999989937;0.999990043
21.798562;1.03372692;0.83965658;0.0366353717;0.812262321;0.0354398025;1.04471779;1.05200799;0.818460188;0.0945977758;1.03372653;0.755691303;0.0329716415;10;0.833332663;1.044444;1.044444;0.999989954;0.999990033
21.799562;1.03372691;0.83964659;0.036632039;0.81225265;0.0354365935;1.04471721;1.05200769;0.818450938;0.094593557;1.03372651;0.755682304;0.0329686268;10;0.833332648;1.044444;1.044444;0.999989968;0.999990023
21.803562;1.03372685;0.839606608;0.0366220472;0.812213963;0.0354269878;1.04471396;1.05200682;0.818412657;0.0945777101;1.0337264;0.755646303;0.0329595867;10;0.83333261;1.044444;1.044444;0.999989999;0.999989966
21.810562;1.0337268;0.839537658;0.0366031772;0.812147348;0.0354088492;1.04470831;1.05200287;0.818348418;0.0945515321;1.03372623;0.755584255;0.0329426196;10;0.833332632;1.044444;1.044444;0.999989949;0.999989848
21.820562;1.03372687;0.839438686;0.0365765536;0.81205171;0.0353833382;1.04470046;1.05199958;0.81825518;0.0945147764;1.03372613;0.755495143;0.0329187966;10;0.833332704;1.044444;1.044444;0.999989771;0.99998973
21.821562;1.03372689;0.839429798;0.0365743315;0.81204311;0.0353812186;1.04469955;1.05199832;0.818246665;0.0945106671;1.03372612;0.755487136;0.032916818;10;0.833332704;1.044444;1.044444;0.999989761;0.999989717
21.826562;1.03372697;0.839380937;0.0365609951;0.811995787;0.03536845;1.04469584;1.05199713;0.818201183;0.0944928546;1.03372612;0.755443112;0.0329049257;10;0.833332695;1.044444;1.044444;0.999989745;0.99998965
21.831562;1.03372707;0.839333193;0.0365487722;0.811949487;0.0353567076;1.04469178;1.05199496;0.818155342;0.0944740837;1.03372614;0.755400078;0.0328940182;10;0.833332713;1.044444;1.044444;0.99998978;0.999989606
21.832562;1.03372709;0.8393232;0.036546548;0.811939793;0.0353545697;1.04469085;1.0519937;0.818147867;0.0944710358;1.03372614;0.755391068;0.0328920326;10;0.833332718;1.044444;1.044444;0.99998979;0.999989605
21.833562;1.03372711;0.839314317;0.0365432112;0.81193117;0.0353513556;1.04469021;1.05199339;0.818138596;0.0944668458;1.03372615;0.755383057;0.0328890457;10;0.833332723;1.044444;1.044444;0.999989801;0.999989606
21.836562;1.03372718;0.839285446;0.0365365237;0.811903149;0.0353449317;1.04468771;1.05199278;0.818111594;0.0944563553;1.03372619;0.755357016;0.0328830782;10;0.833332737;1.044444;1.044444;0.999989829;0.999989629
21.837562;1.0337272;0.839276562;0.0365331795;0.811894525;0.0353417143;1.04468708;1.05199247;0.818102323;0.094453218;1.03372621;0.755349001;0.0328800872;10;0.833332742;1.044444;1.044444;0.999990836;0.999990642
21.840562;1.03372727;0.83924769;0.0365264682;0.811866507;0.0353352881;1.0446846;1.0519909;0.818076053;0.0944428032;1.03372627;0.755322955;0.0328741074;10;0.833332758;1.044444;1.044444;0.999990852;0.999990689
21.857562;1.03372645;0.839090006;0.0364850971;0.811714776;0.0352955586;1.04467096;1.05198471;0.817926592;0.0943832428;1.03372582;0.755180962;0.0328368947;10;0.833332684;1.044444;1.044444;0.999990992;0.999990914
21.858562;1.03372643;0.839081118;0.0364828726;0.811706212;0.0352933922;1.04467034;1.05198345;0.817919118;0.0943801982;1.03372585;0.755172975;0.0328348632;10;0.833332671;1.044444;1.044444;0.999991005;0.999990922
21.859562;1.03372642;0.839071119;0.0364795395;0.811696574;0.035290149;1.04466943;1.05198346;0.817909608;0.0943770407;1.03372588;0.755163991;0.0328318304;10;0.833332658;1.044444;1.044444;0.999991018;0.999990931
21.861562;1.03372637;0.839053338;0.0364751028;0.811679443;0.0352858073;1.0446682;1.05198316;0.817891889;0.0943696994;1.03372592;0.755148028;0.0328277625;10;0.833332631;1.044444;1.044444;0.999991044;0.999990949
21.868562;1.03372717;0.838989962;0.0364596316;0.811617535;0.0352705691;1.044664;1.05198101;0.81783234;0.0943467512;1.03372707;0.755091176;0.0328135504;10;0.833332571;1.044444;1.044444;0.999991155;0.999991055
21.869562;1.03372714;0.838981064;0.036456314;0.811608942;0.0352673261;1.04466339;1.05197977;0.817823817;0.094342653;1.03372709;0.755083193;0.0328105266;10;0.833332572;1.044444;1.044444;0.999991175;0.999991078
21.873562;1.03372701;0.838945467;0.0364474864;0.811574541;0.0352586721;1.04466065;1.05197824;0.817790186;0.0943301837;1.03372717;0.755051249;0.0328024487;10;0.833332601;1.044444;1.044444;0.999991248;0.999991174
21.877562;1.03372687;0.838909864;0.0364386457;0.811540091;0.0352500399;1.04465792;1.05197766;0.817756866;0.0943165849;1.03372727;0.755019284;0.0327944101;10;0.833332667;1.044444;1.044444;0.999991303;0.999991258
21.878562;1.03372683;0.838900964;0.0364364341;0.811531471;0.0352478838;1.04465732;1.05197641;0.817748338;0.0943135481;1.03372729;0.755011291;0.0327924071;10;0.833332689;1.044444;1.044444;0.999991314;0.999991277
21.882562;1.03372667;0.83886538;0.0364275871;0.81149697;0.0352392624;1.04465463;1.05197612;0.817714774;0.0943009631;1.03372739;0.754979316;0.0327844135;10;0.833332794;1.044444;1.044444;0.999991354;0.999991354
21.883562;1.03372663;0.838856488;0.036425375;0.81148834;0.0352371074;1.04465373;1.05197487;0.817707306;0.094297918;1.03372741;0.754971322;0.0327824181;10;0.833332822;1.044444;1.044444;0.999991365;0.999991375
21.885562;1.03372655;0.838838708;0.0364209503;0.811471075;0.0352327981;1.04465255;1.05197456;0.817689595;0.0942905654;1.03372746;0.754955333;0.0327784292;10;0.833332879;1.044444;1.044444;0.999991391;0.999991417
21.894562;1.03372623;0.838759886;0.0364010297;0.811394463;0.035213449;1.04464674;1.05197148;0.817616019;0.0942622835;1.03372759;0.754884382;0.0327605177;10;0.83333307;1.044444;1.044444;0.999991519;0.999991587
21.896562;1.03372618;0.838743242;0.0363966036;0.81137828;0.0352091522;1.0446456;1.0519715;0.817599127;0.0942559231;1.03372761;0.754869395;0.0327565433;10;0.833333095;1.044444;1.044444;0.999991541;0.999991606
21.897562;1.03372617;0.838734365;0.0363943906;0.811369651;0.0352070025;1.04464503;1.05197024;0.817591662;0.0942528552;1.03372762;0.754861403;0.0327545563;10;0.833333104;1.044444;1.044444;0.99999155;0.999991612
21.901562;1.03372612;0.838699969;0.0363866517;0.811336215;0.0351994702;1.04464245;1.05196994;0.817559175;0.0942401611;1.03372763;0.754830443;0.0327476103;10;0.833333123;1.044444;1.044444;0.999991578;0.999991612
21.902562;1.03372612;0.838692203;0.0363844394;0.811328665;0.0351973167;1.04464188;1.05196867;0.81755171;0.0942370958;1.03372763;0.754823455;0.0327456236;10;0.833333126;1.044444;1.044444;0.999991582;0.999991608
21.906562;1.03372615;0.838657813;0.036375585;0.811295253;0.0351887005;1.04463955;1.05196738;0.817518903;0.0942245019;1.03372759;0.754792491;0.0327376698;10;0.833333131;1.044444;1.044444;0.999991589;0.999991592
21.908562;1.03372618;0.838641168;0.0363711528;0.811279092;0.035184392;1.04463807;1.05196704;0.817503304;0.094219232;1.03372756;0.754777498;0.0327336879;10;0.833333134;1.044444;1.044444;0.999991589;0.999991588
21.909562;1.0337262;0.838632287;0.036368936;0.811270476;0.0351822379;1.04463747;1.05196703;0.817494854;0.094216054;1.03372754;0.754769499;0.0327316956;10;0.833333136;1.044444;1.044444;0.999992587;0.999992588
21.910562;1.03372622;0.838624515;0.0363667191;0.811262936;0.0351800836;1.04463687;1.05196701;0.817486403;0.0942128754;1.03372753;0.754762497;0.0327297022;10;0.833333137;1.044444;1.044444;0.999992585;0.999992589
21.911562;1.03372723;0.838615631;0.0363656132;0.811253537;0.0351789699;1.04463726;1.05196573;0.817478934;0.0942098091;1.03372851;0.754754492;0.0327287077;10;0.833333137;1.044444;1.044444;0.999992581;0.99999259
21.915562;1.03372731;0.838582294;0.0363567452;0.81122124;0.0351703504;1.04463482;1.05196533;0.817447483;0.0941971109;1.03372844;0.754724455;0.032720714;10;0.833333133;1.044444;1.044444;0.99999255;0.999992591
21.917562;1.03372734;0.838565615;0.0363523113;0.81120509;0.0351660418;1.04463358;1.05196402;0.817431566;0.0941908572;1.0337284;0.754709425;0.0327167073;10;0.833333132;1.044444;1.044444;0.999992525;0.999992587
21.925562;1.03372744;0.838498891;0.0363368172;0.811140479;0.0351510234;1.04462827;1.05196143;0.817369159;0.0941677422;1.03372824;0.754649277;0.0327026672;10;0.833333177;1.044444;1.044444;0.99999236;0.999992515
21.928562;1.03372748;0.83847445;0.0363301877;0.811116796;0.0351446292;1.0446264;1.05196145;0.817344895;0.0941582207;1.03372815;0.754627222;0.0326966662;10;0.833333217;1.044444;1.044444;0.99999229;0.999992459
21.929562;1.0337275;0.838466679;0.0363290914;0.811109263;0.035143578;1.04462578;1.05196021;0.817338492;0.0941551634;1.03372812;0.754620204;0.0326956695;10;0.833333232;1.044444;1.044444;0.999992269;0.999992436
21.941562;1.03372878;0.838369063;0.0363048311;0.811013959;0.0351202715;1.0446199;1.0519579;0.817245377;0.0941205633;1.03372869;0.754532029;0.0326738349;10;0.833333345;1.044444;1.044444;0.999992093;0.999992107
21.953562;1.03372906;0.838274754;0.0362826871;0.810922851;0.0350991078;1.04461317;1.05195494;0.817154734;0.0940871586;1.03372837;0.75444707;0.0326540005;10;0.833333151;1.044444;1.044444;0.999991909;0.999991924
21.954562;1.03372909;0.838265873;0.0362804723;0.810914278;0.0350969824;1.04461258;1.05195368;0.817148312;0.094084119;1.03372835;0.754439078;0.0326520082;10;0.833333132;1.044444;1.044444;0.999991888;0.999991913
21.955562;1.03373011;0.838258102;0.036279369;0.810905993;0.0350958967;1.04461299;1.05195369;0.817140911;0.0940820236;1.03372934;0.754432085;0.032651015;10;0.833333113;1.044444;1.044444;0.999991866;0.999991901
21.969562;1.03373032;0.838150298;0.0362527537;0.810801939;0.0350702723;1.04460567;1.05195078;0.817037596;0.094043427;1.0337294;0.754335087;0.0326270176;10;0.833332927;1.044444;1.044444;0.999991464;0.999991924
21.989562;1.03373217;0.837999115;0.0362181926;0.810654224;0.0350366964;1.04459776;1.05194612;0.816894308;0.0939908373;1.03373159;0.754198994;0.0325957529;10;0.833332789;1.044444;1.044444;0.999991301;0.999992024
21.990562;1.03373216;0.837991346;0.0362159653;0.810646696;0.0350345234;1.04459717;1.0519452;0.816887621;0.0939887821;1.03373161;0.754191999;0.03259373;10;0.833332775;1.044444;1.044444;0.999992303;0.999993014
21.993562;1.03373213;0.837969156;0.0362115044;0.81062519;0.0350301458;1.04459567;1.05194433;0.816867135;0.0939803415;1.03373167;0.754172016;0.0325896569;10;0.833332732;1.044444;1.044444;0.999992305;0.99999297
21.995562;1.03373211;0.837954734;0.0362081587;0.810611214;0.0350268596;1.04459446;1.0519447;0.816852038;0.0939749874;1.03373171;0.754159025;0.0325866084;10;0.833332705;1.044444;1.044444;0.999992303;0.999992925
21.996562;1.0337321;0.837946969;0.0362059296;0.810603688;0.0350246762;1.04459415;1.05194474;0.816844612;0.0939728535;1.03373172;0.754152028;0.0325845859;10;0.833332693;1.044444;1.044444;0.9999923;0.999992898
22.001562;1.03373303;0.837911462;0.0361981131;0.810568501;0.0350169293;1.04459236;1.05194303;0.816810024;0.0939602469;1.03373278;0.754120033;0.0325775062;10;0.833332649;1.044444;1.044444;0.999992294;0.999992724
22.004562;1.03373297;0.837889247;0.0361925376;0.810546996;0.0350114364;1.04459081;1.05194347;0.816788578;0.0939527797;1.0337328;0.754100025;0.032572486;10;0.833332637;1.044444;1.044444;0.999992306;0.99999261
22.008562;1.03373288;0.837860325;0.0361858639;0.810519015;0.0350048402;1.04458897;1.05194174;0.816762508;0.0939423521;1.0337328;0.754073991;0.0325664902;10;0.833332638;1.044444;1.044444;0.999992346;0.999992468
22.012562;1.03373281;0.837831377;0.0361792186;0.810491009;0.0349982523;1.04458685;1.05194126;0.816734411;0.0939328842;1.03373279;0.754047935;0.0325605367;10;0.833332652;1.044444;1.044444;0.999992409;0.999992354
22.013562;1.0337338;0.837824694;0.0361781176;0.81048376;0.0349971095;1.04458755;1.0519413;0.816728056;0.0939307678;1.03373379;0.754041922;0.0325595542;10;0.833332659;1.044444;1.044444;0.999992428;0.999992332
22.015562;1.03373379;0.837810218;0.0361748105;0.810469754;0.0349938162;1.04458635;1.05194168;0.81671299;0.0939254518;1.03373378;0.754028901;0.0325565943;10;0.833332679;1.044444;1.044444;0.999992467;0.999992295
22.019562;1.03373379;0.837781258;0.0361682141;0.810441752;0.0349872274;1.04458457;1.05193986;0.816686935;0.0939161034;1.03373378;0.754002888;0.0325506892;10;0.833332735;1.044444;1.044444;0.999992555;0.99999224
22.021562;1.0337338;0.837767885;0.036164915;0.810428835;0.0349839343;1.04458368;1.0519402;0.816672927;0.0939107836;1.03373378;0.753990898;0.032547741;10;0.833332766;1.044444;1.044444;0.999992602;0.999992221
22.026562;1.03373482;0.837732215;0.0361571885;0.810393635;0.0349762233;1.04458232;1.05193953;0.816639542;0.0938991727;1.0337348;0.753958961;0.0325408717;10;0.833332851;1.044444;1.044444;0.999992698;0.9999922
22.027562;1.03373482;0.837725525;0.0361560809;0.810387187;0.0349751224;1.04458173;1.05193857;0.816632873;0.0938971347;1.0337348;0.753952978;0.0325398979;10;0.83333287;1.044444;1.044444;0.999992713;0.999992201
22.040562;1.03373581;0.837635367;0.0361359964;0.810299298;0.0349555814;1.04457714;1.05193673;0.816546385;0.0938655716;1.03373595;0.753872133;0.0325222641;10;0.833333141;1.044444;1.044444;0.999992776;0.999992346
22.044562;1.03373577;0.837607591;0.0361304263;0.810272357;0.0349502311;1.04457531;1.05193513;0.81652123;0.0938572914;1.03373598;0.753847168;0.0325173692;10;0.833333172;1.044444;1.044444;0.999992743;0.999992396
22.047562;1.03373673;0.8375876;0.036125981;0.810252163;0.0349459278;1.04457475;1.05193546;0.816501995;0.0938498952;1.03373701;0.753829206;0.0325134538;10;0.833333173;1.044444;1.044444;0.999992714;0.999992433
22.054562;1.03373667;0.83753986;0.0361148455;0.810205824;0.0349352576;1.04457151;1.05193331;0.816457291;0.0938342786;1.03373708;0.753786333;0.0325036859;10;0.833333105;1.044444;1.044444;0.999992651;0.999992519
22.057562;1.03373666;0.837519886;0.0361103673;0.81018643;0.0349309977;1.0445699;1.05193368;0.816438038;0.0938279138;1.03373712;0.753768385;0.0324997827;10;0.833333038;1.044444;1.044444;0.999992635;0.999992553
22.060562;1.03373765;0.837499926;0.0361069781;0.810166249;0.0349277808;1.0445696;1.05193342;0.816418206;0.0938205418;1.03373816;0.753750429;0.0324968582;10;0.833332953;1.044444;1.044444;0.999992631;0.99999259
22.061562;1.03373765;0.837493276;0.0361047322;0.810159783;0.034925646;1.04456927;1.0519325;0.816412598;0.0938185104;1.03373818;0.753744442;0.0324948774;10;0.833332923;1.044444;1.044444;0.999992633;0.999992603
22.064562;1.03373766;0.837474444;0.0361002041;0.81014146;0.0349213924;1.04456771;1.05193194;0.816394059;0.0938122165;1.03373822;0.753727469;0.0324909154;10;0.833332837;1.044444;1.044444;0.99999265;0.999992639
22.070562;1.03373869;0.837434552;0.0360922274;0.810101876;0.0349139101;1.04456632;1.05193206;0.816356019;0.0937995047;1.03373925;0.753691478;0.0324838819;10;0.833332717;1.044444;1.044444;0.999992713;0.999992697
22.074562;1.0337387;0.837409051;0.0360865417;0.810077092;0.0349085819;1.04456458;1.05193055;0.816330813;0.0937901155;1.03373923;0.753668463;0.0324787766;10;0.833332674;1.044444;1.044444;0.999992745;0.999992745
22.077562;1.0337387;0.837389093;0.0360819921;0.810057725;0.034904321;1.04456344;1.0519312;0.816312332;0.0937837127;1.03373919;0.753650449;0.0324746732;10;0.83333264;1.044444;1.044444;0.999992754;0.999992789
22.078562;1.0337397;0.837383553;0.0360808432;0.810051566;0.0349032264;1.04456416;1.05193026;0.816306718;0.093781684;1.03374017;0.753645445;0.0324736362;10;0.833332627;1.044444;1.044444;0.999992754;0.999992804
22.082562;1.03373972;0.837356965;0.0360751282;0.81002579;0.034897914;1.04456243;1.05192996;0.81628157;0.0937732682;1.03374008;0.753621435;0.0324684824;10;0.83333256;1.044444;1.044444;0.999992747;0.999992867
22.083562;1.03373973;0.83735143;0.0360739783;0.810020424;0.0348968548;1.04456214;1.05193027;0.816274981;0.093771131;1.03374006;0.753616435;0.0324674449;10;0.833332541;1.044444;1.044444;0.999993746;0.999993883
22.084562;1.03373974;0.837344784;0.0360717194;0.810013986;0.0348947203;1.04456186;1.05192933;0.816269372;0.0937691071;1.03374003;0.753610436;0.0324654088;10;0.833332521;1.044444;1.044444;0.999993747;0.999993899
22.087562;1.03373977;0.837325958;0.0360682952;0.809995748;0.0348915328;1.04456069;1.0519287;0.81625189;0.0937628422;1.03373996;0.753593446;0.0324623145;10;0.833332462;1.044444;1.044444;0.999993762;0.999993945
22.097562;1.03374093;0.837262811;0.0360548634;0.809933805;0.034878638;1.04455756;1.05192782;0.816190356;0.0937418914;1.0337408;0.753536551;0.0324501504;10;0.833332341;1.044444;1.044444;0.999993879;0.999994074
22.099562;1.03374196;0.837250617;0.0360526374;0.809921227;0.0348764413;1.04455796;1.05192816;0.816178509;0.093737665;1.03374179;0.753525582;0.0324481274;10;0.833332339;1.044444;1.044444;0.999993889;0.999994084
22.100562;1.03374197;0.837243963;0.0360504126;0.809914793;0.0348742814;1.04455766;1.05192722;0.816172914;0.0937367077;1.03374178;0.753519599;0.0324461164;10;0.833332342;1.044444;1.044444;0.999993891;0.999994086
22.131562;1.03374544;0.837056482;0.0360130781;0.809731541;0.0348376778;1.04454902;1.05192413;0.81599133;0.093675031;1.03374527;0.753350503;0.032412146;10;0.833332361;1.044444;1.044444;0.99999391;0.999993509
22.136562;1.03374648;0.837026506;0.0360065905;0.809701814;0.0348313251;1.04454839;1.05192315;0.815963488;0.0936655645;1.03374629;0.753323443;0.0324062797;10;0.833332411;1.044444;1.044444;0.99999402;0.999993472
22.144562;1.03374752;0.836979769;0.0359979743;0.80965585;0.0348227677;1.04454693;1.05192311;0.81591805;0.0936507125;1.03374722;0.753281318;0.0323985772;10;0.833332559;1.044444;1.044444;0.999994221;0.9999935
22.145562;1.03374752;0.836974199;0.0359968936;0.809650457;0.0348216899;1.04454635;1.05192215;0.815913507;0.0936486721;1.03374721;0.753276299;0.0323976164;10;0.833332577;1.044444;1.044444;0.999994247;0.999993513
22.152562;1.03374861;0.836932996;0.0359892713;0.809609721;0.0348140954;1.04454508;1.05192182;0.815873668;0.0936359187;1.03374808;0.753239158;0.0323908805;10;0.833332669;1.044444;1.044444;0.999994385;0.999993648
22.153562;1.03374863;0.836927427;0.0359881736;0.80960432;0.0348130164;1.04454479;1.05192214;0.815868152;0.0936337621;1.03374806;0.753234137;0.0323899133;10;0.833332678;1.044444;1.044444;0.999994396;0.999993672
22.154562;1.03374865;0.836921857;0.0359859623;0.809598919;0.0348108629;1.0445445;1.05192151;0.815863372;0.0936327467;1.03374803;0.753229116;0.032387944;10;0.833332686;1.044444;1.044444;0.999994404;0.999993695
22.156562;1.03374869;0.836910717;0.0359837535;0.80958812;0.034808705;1.04454391;1.05192088;0.815852262;0.093628548;1.03374799;0.753219073;0.0323859972;10;0.833332696;1.044444;1.044444;0.999994416;0.999993741
22.158562;1.03374872;0.836898465;0.0359815326;0.809576252;0.0348065446;1.04454331;1.05192153;0.815841223;0.0936252953;1.03374795;0.75320803;0.0323840367;10;0.833332696;1.044444;1.044444;0.999994422;0.999993784
22.159562;1.03374873;0.836892895;0.0359804177;0.809570857;0.0348054626;1.04454271;1.0519209;0.815836439;0.0936232261;1.03374793;0.753203007;0.0323830504;10;0.833332691;1.044444;1.044444;0.999994422;0.999993805
22.164562;1.03374977;0.836865036;0.0359748097;0.809543114;0.0347999901;1.04454219;1.05192126;0.815808742;0.093614693;1.03374885;0.7531779;0.0323780611;10;0.833332622;1.044444;1.044444;0.999994402;0.99999389
22.170562;1.03375077;0.836831565;0.0359680455;0.80951005;0.034793357;1.04454105;1.05191976;0.815777247;0.0936042187;1.03374977;0.753147757;0.0323720269;10;0.833332531;1.044444;1.044444;0.99999433;0.99999395
22.178562;1.03375173;0.836786902;0.0359601877;0.809466331;0.0347855814;1.04453956;1.05192018;0.815733688;0.0935893863;1.03375068;0.753107495;0.0323649471;10;0.833332522;1.044444;1.044444;0.999994203;0.999993992
22.181562;1.03375173;0.836770149;0.035956869;0.809450234;0.0347823168;1.04453834;1.05191898;0.815717745;0.093584233;1.03375066;0.753092394;0.032361894;10;0.833332558;1.044444;1.044444;0.99999417;0.999994026
22.185562;1.03375273;0.836747815;0.0359524793;0.809427971;0.0347779906;1.04453809;1.05191937;0.815696341;0.0935779045;1.03375163;0.753072277;0.0323578119;10;0.833332632;1.044444;1.044444;0.999994129;0.999994096
22.186562;1.03375273;0.836742233;0.0359513855;0.809422599;0.034776929;1.04453777;1.05191971;0.815690806;0.0935757751;1.03375163;0.753067253;0.0323567907;10;0.833332654;1.044444;1.044444;0.999994117;0.999994117
22.187562;1.03375273;0.836737764;0.0359502924;0.8094183;0.0347758721;1.04453745;1.05191878;0.815686251;0.0935748146;1.03375163;0.753063231;0.0323557696;10;0.833332677;1.044444;1.044444;0.999994103;0.999994139
22.192562;1.03375272;0.83670988;0.0359448208;0.809391438;0.0347706494;1.04453584;1.05191855;0.815660055;0.0935664474;1.03375164;0.753038159;0.0323506649;10;0.833332791;1.044444;1.044444;0.999994031;0.999994268
22.193562;1.03375271;0.836704307;0.035944835;0.809386072;0.0347706889;1.04453551;1.05191888;0.815654521;0.0935643172;1.03375164;0.753033151;0.0323506454;10;0.833332813;1.044444;1.044444;0.999995018;0.999995296
22.199562;1.03375364;0.836672018;0.0359382326;0.809354215;0.0347644547;1.0445345;1.05191864;0.815624093;0.0935538463;1.03375265;0.753004131;0.0323445439;10;0.833332911;1.044444;1.044444;0.999994942;0.99999546
22.202562;1.03375458;0.836656453;0.0359349214;0.80933846;0.0347613075;1.04453447;1.05191867;0.815608226;0.0935496513;1.03375365;0.752990135;0.0323414911;10;0.833332926;1.044444;1.044444;0.999994888;0.99999553
22.205562;1.03375452;0.836640911;0.0359327213;0.809323501;0.0347592542;1.04453343;1.05191742;0.815593331;0.0935445098;1.03375363;0.752976151;0.0323394316;10;0.833332923;1.044444;1.044444;0.999994814;0.999995592
22.215562;1.03375532;0.836588877;0.0359228302;0.809272502;0.0347497683;1.04453112;1.05191769;0.815542219;0.093528712;1.03375454;0.752929295;0.0323301842;10;0.83333291;1.044444;1.044444;0.999994491;0.999995726
22.221562;1.03375629;0.83655788;0.0359162208;0.809241698;0.0347433201;1.04453029;1.05191634;0.8155135;0.0935193273;1.03375551;0.752901423;0.0323240269;10;0.833332904;1.044444;1.044444;0.999994333;0.999995704
22.238562;1.03375818;0.836471339;0.0359007851;0.809156106;0.0347282639;1.04452769;1.05191481;0.815429962;0.0934919716;1.03375736;0.752823925;0.0323099037;10;0.83333286;1.044444;1.044444;0.999994227;0.999995326
22.241562;1.03375811;0.836456914;0.0358974799;0.809142084;0.0347250517;1.04452682;1.05191477;0.815415224;0.0934877756;1.03375735;0.752811016;0.0323069437;10;0.833332851;1.044444;1.044444;0.999994244;0.999995239
22.245562;1.033759;0.836436953;0.0358941523;0.809121908;0.0347217821;1.04452695;1.05191536;0.815395779;0.0934814408;1.03375836;0.752793126;0.0323040312;10;0.83333286;1.044444;1.044444;0.999994276;0.999995145
22.258562;1.03376072;0.836373862;0.0358827447;0.809059042;0.0347107301;1.04452537;1.05191384;0.815334733;0.0934626546;1.03376067;0.752736236;0.0322944352;10;0.833332849;1.044444;1.044444;0.999994433;0.999995087
22.262562;1.03376067;0.836353945;0.0358792698;0.809039675;0.0347073968;1.04452417;1.05191453;0.815315208;0.0934562312;1.03376081;0.752718175;0.0322915097;10;0.833332794;1.044444;1.044444;0.99999447;0.999995116
22.267562;1.03376163;0.836330667;0.0358746551;0.809016264;0.0347029047;1.04452398;1.05191335;0.815292927;0.0934499776;1.03376198;0.752697072;0.032287542;10;0.833332711;1.044444;1.044444;0.999994478;0.999995121
22.269562;1.03376164;0.836320676;0.0358723793;0.809006563;0.0347006831;1.04452338;1.05191434;0.815282688;0.0934467132;1.03376204;0.75268803;0.0322855422;10;0.833332683;1.044444;1.044444;0.999994469;0.999995113
22.284562;1.03376374;0.836249578;0.0358601021;0.808936039;0.0346882487;1.04452177;1.05191348;0.815215108;0.0934255093;1.03376432;0.752623864;0.0322744841;10;0.833332516;1.044444;1.044444;0.9999945;0.999994933
22.288562;1.03376378;0.836231848;0.0358567906;0.808918818;0.0346849522;1.04452062;1.05191293;0.815197625;0.0934191856;1.03376438;0.752607881;0.0322714295;10;0.833332501;1.044444;1.044444;0.999994591;0.999994888
22.290562;1.03376481;0.836221877;0.0358545828;0.808908351;0.034682749;1.04452136;1.05191391;0.815188424;0.0934169725;1.0337654;0.752598896;0.0322693939;10;0.833332507;1.044444;1.044444;0.999994647;0.999994874
22.291562;1.03376483;0.836217446;0.0358534796;0.808904045;0.0346816681;1.04452108;1.05191328;0.815183622;0.0934149087;1.03376541;0.752594904;0.0322683745;10;0.833332514;1.044444;1.044444;0.999994676;0.999994869
22.294562;1.03376488;0.836204144;0.0358512809;0.808891134;0.0346795162;1.04452025;1.0519133;0.815170909;0.0934106612;1.03376544;0.752582933;0.0322663136;10;0.833332538;1.044444;1.044444;0.999994762;0.999994863
22.298562;1.03376596;0.83618527;0.035847971;0.808872068;0.0346762847;1.04452044;1.05191298;0.81515315;0.0934053728;1.03376646;0.752565957;0.0322632362;10;0.833332559;1.044444;1.044444;0.999994856;0.999994867
22.315562;1.03376814;0.836109595;0.0358347117;0.808797418;0.0346634906;1.04451852;1.05191199;0.815079831;0.0933833279;1.03376809;0.752497776;0.032251158;10;0.833332337;1.044444;1.044444;0.999994824;0.999994945
22.317562;1.03376815;0.836100685;0.0358336167;0.808788823;0.0346624117;1.0445179;1.05191295;0.81506958;0.0933801098;1.03376802;0.752489751;0.0322501617;10;0.833332297;1.044444;1.044444;0.999994786;0.999994946
22.321562;1.03376819;0.836082846;0.0358302984;0.808771624;0.0346591479;1.04451697;1.05191268;0.815052906;0.0933749276;1.03376788;0.752473723;0.0322471635;10;0.83333224;1.044444;1.044444;0.999994708;0.999994958
22.322562;1.0337692;0.836078384;0.0358291867;0.808766536;0.0346580239;1.04451767;1.05191205;0.815049166;0.0933739464;1.03376885;0.752469721;0.0322461634;10;0.833332232;1.044444;1.044444;0.999995688;0.999995962
22.341562;1.03377131;0.835995789;0.0358158591;0.808685087;0.0346446164;1.04451549;1.05191123;0.814970578;0.0933501033;1.03377094;0.752395783;0.0322342042;10;0.833332276;1.044444;1.044444;0.999995417;0.999995866
22.345562;1.03377129;0.835979064;0.0358125984;0.808668893;0.0346413479;1.04451457;1.05191219;0.814952964;0.0933447809;1.03377106;0.752380796;0.0322312486;10;0.833332321;1.044444;1.044444;0.999995398;0.999995859
22.346562;1.03377129;0.835974604;0.0358115082;0.808664579;0.0346402673;1.04451427;1.05191157;0.814949237;0.093343789;1.03377109;0.752376802;0.0322302588;10;0.833332332;1.044444;1.044444;0.999995394;0.999995859
22.347562;1.03377229;0.835970144;0.0358115295;0.808659483;0.0346402306;1.04451527;1.05191189;0.814944775;0.0933427117;1.03377212;0.752372808;0.0322302681;10;0.833332342;1.044444;1.044444;0.999995391;0.99999586
22.366562;1.03377422;0.835890872;0.0357984181;0.80858164;0.0346276915;1.04451309;1.05191085;0.814868903;0.0933196089;1.03377454;0.752302124;0.0322182713;10;0.833332469;1.044444;1.044444;0.99999528;0.999995786
22.371562;1.03377519;0.835870781;0.035793971;0.808561598;0.0346235071;1.04451317;1.0519112;0.81484967;0.0933132622;1.03377556;0.752284152;0.0322142407;10;0.83333253;1.044444;1.044444;0.999995265;0.999995756
22.372562;1.03377518;0.835867432;0.0357939676;0.80855839;0.034623533;1.04451286;1.05191184;0.814844956;0.0933121505;1.03377556;0.752281152;0.0322142341;10;0.833332541;1.044444;1.044444;0.999995263;0.999995753
22.379562;1.03377519;0.835838476;0.0357894827;0.808530558;0.0346193922;1.04451128;1.05191121;0.814817934;0.0933047698;1.03377558;0.752255136;0.0322102001;10;0.833332607;1.044444;1.044444;0.999995232;0.999995794
22.380562;1.0337762;0.835835143;0.035788363;0.808526568;0.034618302;1.04451227;1.05191152;0.814813449;0.093302617;1.03377658;0.752252134;0.0322091972;10;0.833332615;1.044444;1.044444;0.999995224;0.999995811
22.394562;1.03377743;0.835779781;0.0357793146;0.808472153;0.0346097045;1.04450998;1.05191117;0.814759715;0.0932866347;1.03377763;0.75220207;0.0322011325;10;0.833332685;1.044444;1.044444;0.999995093;0.999996149
22.398562;1.03377849;0.835764329;0.0357759549;0.808456339;0.0346063981;1.0445103;1.05191115;0.814744929;0.0932823866;1.03377861;0.75218805;0.0321980862;10;0.833332691;1.044444;1.044444;0.999995067;0.999996234
22.400562;1.03377851;0.835756606;0.0357748416;0.808448827;0.0346052967;1.04450998;1.05191019;0.814738271;0.0932803522;1.03377859;0.752181045;0.0321970596;10;0.833332695;1.044444;1.044444;0.999995057;0.999996268
22.405562;1.03377952;0.835736729;0.0357715328;0.808428727;0.0346019807;1.04450976;1.05191051;0.814719009;0.0932739854;1.03377951;0.752163053;0.0321939969;10;0.833332706;1.044444;1.044444;0.999995035;0.999996321
22.429562;1.03378109;0.835646999;0.0357570675;0.808340222;0.0345880268;1.0445077;1.05190985;0.814631586;0.0932488386;1.03378097;0.752082366;0.0321807173;10;0.833332619;1.044444;1.044444;0.999995457;0.999996001
22.431562;1.03378203;0.835639238;0.0357559453;0.808331929;0.0345869257;1.04450847;1.05190988;0.814624199;0.0932467104;1.03378193;0.752075352;0.03217968;10;0.833332617;1.044444;1.044444;0.999995534;0.999996006
22.447562;1.03378364;0.835581401;0.0357459174;0.80827443;0.0345772604;1.04450838;1.05191025;0.81456716;0.0932296947;1.0337838;0.75202312;0.0321706513;10;0.833332739;1.044444;1.044444;0.999996072;0.999996052
22.450562;1.03378361;0.835570275;0.0357436771;0.80826367;0.0345751257;1.04450786;1.05190962;0.814557108;0.0932266032;1.03378381;0.752013081;0.0321687334;10;0.833332735;1.044444;1.044444;0.999996121;0.999996036
22.461562;1.0337847;0.835531331;0.0357379346;0.808225307;0.0345697126;1.0445072;1.05190973;0.814518907;0.0932149872;1.03378487;0.751977983;0.0321641005;10;0.833332756;1.044444;1.044444;0.999996035;0.99999601
22.481562;1.03378695;0.835462202;0.0357265288;0.80815736;0.0345590373;1.04450539;1.05190996;0.814451974;0.0931955762;1.03378724;0.751915511;0.0321543513;10;0.833333014;1.044444;1.044444;0.999995545;0.999996031
22.482562;1.03378695;0.835458866;0.0357254133;0.808154138;0.0345579684;1.04450539;1.05191028;0.814447504;0.0931944744;1.03378726;0.751912475;0.0321533533;10;0.833333025;1.044444;1.044444;0.999996529;0.999997027
22.489562;1.03378799;0.835435579;0.0357221072;0.808130776;0.0345547327;1.0445052;1.05191024;0.814425355;0.0931869961;1.03378833;0.751891254;0.0321503234;10;0.8333331;1.044444;1.044444;0.999996424;0.999997015
22.491562;1.03378801;0.835428948;0.0357210187;0.808124312;0.0345536539;1.04450489;1.05190927;0.814418709;0.0931860097;1.03378834;0.751885205;0.0321493018;10;0.833333115;1.044444;1.044444;0.999996391;0.999997023
22.503562;1.03379015;0.835389235;0.0357145201;0.808083896;0.0345469761;1.04450487;1.05191007;0.814379999;0.0931743713;1.03379019;0.751849053;0.0321432021;10;0.833333007;1.044444;1.044444;0.999996341;0.999997112
22.505562;1.03379017;0.835382599;0.0357134286;0.808077429;0.0345458585;1.04450421;1.05190912;0.814374398;0.0931723894;1.03379016;0.751843042;0.0321422004;10;0.833332967;1.044444;1.044444;0.999996369;0.999997119
22.509562;1.03379019;0.835369306;0.0357112186;0.808064503;0.0345436266;1.0445035;1.05190947;0.814361467;0.0931693186;1.03379012;0.751831021;0.0321402103;10;0.833332886;1.044444;1.044444;0.999996451;0.999997121
22.510562;1.03379119;0.835365979;0.0357112163;0.80806049;0.0345435756;1.04450448;1.05191012;0.814357805;0.0931682425;1.03379111;0.751828016;0.032140215;10;0.833332866;1.044444;1.044444;0.999996474;0.999997118
22.514562;1.03379117;0.835353763;0.0357089699;0.808048634;0.0345413727;1.04450381;1.05190925;0.814345849;0.0931642496;1.03379111;0.751817005;0.0321382362;10;0.833332809;1.044444;1.044444;0.99999657;0.999997103
22.517562;1.03379116;0.835343752;0.0357067222;0.80803893;0.0345392023;1.04450317;1.05191028;0.8143356;0.0931621605;1.03379113;0.751808005;0.032136249;10;0.833332795;1.044444;1.044444;0.999996628;0.999997091
22.519562;1.03379114;0.835337075;0.0357067071;0.808032459;0.0345391956;1.04450285;1.0519094;0.814329994;0.0931602008;1.03379115;0.751802012;0.0321362546;10;0.833332801;1.044444;1.044444;0.999996656;0.999997082
22.527562;1.03379209;0.835311448;0.035702237;0.808006868;0.0345348863;1.04450251;1.05191031;0.814304154;0.0931529992;1.03379223;0.751779099;0.0321322394;10;0.833332891;1.044444;1.044444;0.999996715;0.999997068
22.529562;1.03379307;0.835305867;0.0357011254;0.808000686;0.0345338006;1.04450317;1.05190942;0.814299605;0.093152075;1.03379325;0.751774141;0.0321312252;10;0.833332922;1.044444;1.044444;0.999996727;0.999997078
22.532562;1.03379305;0.835295819;0.0357000124;0.807990971;0.0345327712;1.04450281;1.05191045;0.814289366;0.0931488748;1.03379327;0.751765217;0.0321301944;10;0.83333297;1.044444;1.044444;0.999996748;0.999997104
22.534562;1.03379305;0.835289112;0.0356988969;0.807984494;0.0345317328;1.04450248;1.0519105;0.814283029;0.0931467805;1.03379329;0.751759274;0.0321291647;10;0.833333001;1.044444;1.044444;0.999996765;0.999997128
22.537562;1.03379305;0.835280149;0.0356966608;0.807975858;0.0345296429;1.04450184;1.05191055;0.814273531;0.0931446686;1.03379331;0.751751369;0.0321271054;10;0.833333053;1.044444;1.044444;0.999996795;0.999997167
22.559562;1.03379618;0.835211765;0.0356864349;0.807908027;0.0345198136;1.04450157;1.0519106;0.814207704;0.0931249637;1.03379605;0.751691008;0.0321174385;10;0.83333345;1.044444;1.044444;0.999996829;0.999997421
22.564562;1.03379615;0.835197273;0.0356842285;0.807894106;0.0345175214;1.0445011;1.05190966;0.814194556;0.093120726;1.03379595;0.751677969;0.0321152965;10;0.833333445;1.044444;1.044444;0.999996729;0.999997463
22.568562;1.03379714;0.835185082;0.0356820297;0.807881529;0.0345151836;1.04450163;1.05190996;0.814182582;0.0931175116;1.0337969;0.751666902;0.0321132275;10;0.833333415;1.044444;1.044444;0.999996668;0.999997463
22.572562;1.03379718;0.835174058;0.0356798196;0.807870785;0.0345128786;1.04450115;1.05191053;0.814170383;0.0931132608;1.03379688;0.751656815;0.0321112141;10;0.833333376;1.044444;1.044444;0.999996642;0.99999742
22.574562;1.03379722;0.83516745;0.0356787076;0.807864332;0.0345117375;1.0445009;1.05190954;0.814164739;0.0931123118;1.03379687;0.751650771;0.0321102337;10;0.833333358;1.044444;1.044444;0.999996641;0.999997381
22.582562;1.03379842;0.835144389;0.0356753386;0.80784098;0.0345083069;1.04450113;1.05190931;0.814142472;0.0931060392;1.03379782;0.751629611;0.0321074759;10;0.833333335;1.044444;1.044444;0.999996658;0.999997114
22.585562;1.0337985;0.835136716;0.0356742091;0.807833465;0.0345071929;1.04450056;1.05191019;0.814133286;0.093102789;1.03379778;0.751622544;0.0321066121;10;0.833333327;1.044444;1.044444;0.999996665;0.999996992
22.587562;1.03379854;0.835130113;0.0356730861;0.807827024;0.0345060979;1.04450027;1.05190921;0.814127684;0.0931018126;1.03379775;0.751616498;0.0321057105;10;0.833333316;1.044444;1.044444;0.999996665;0.999996912
22.624562;1.03380235;0.835027376;0.0356563035;0.807724489;0.0344905089;1.04449879;1.05191035;0.814027031;0.0930718357;1.03380181;0.751523382;0.032091037;10;0.833333744;1.044444;1.044444;0.999997077;0.999996735
22.626562;1.03380232;0.835021814;0.0356563306;0.807719092;0.0344905656;1.0444985;1.05190948;0.814022478;0.0930708729;1.03380185;0.751518406;0.0320910119;10;0.833333764;1.044444;1.044444;0.999997087;0.999996739
22.629562;1.03380226;0.835014025;0.0356552649;0.807711515;0.0344895542;1.04449823;1.05191052;0.814014337;0.0930687079;1.03380193;0.751511449;0.0320899756;10;0.833333774;1.044444;1.044444;0.999997098;0.999996742
22.641562;1.0338029;0.834981766;0.0356499445;0.80767923;0.0344842834;1.04449793;1.0519108;0.813982597;0.093059274;1.03380318;0.751482731;0.0320849164;10;0.833333638;1.044444;1.044444;0.99999704;0.999996757
22.642562;1.03380387;0.834979538;0.035649964;0.807676272;0.0344842647;1.04449895;1.0519102;0.813980972;0.0930582708;1.03380419;0.751480755;0.0320849187;10;0.833333616;1.044444;1.044444;0.999997027;0.999996765
22.643562;1.03380385;0.834977309;0.0356488709;0.807674094;0.0344832048;1.04449867;1.05190989;0.81397805;0.0930582955;1.0338042;0.751478778;0.0320839214;10;0.833333592;1.044444;1.044444;0.999997014;0.999996773
22.665562;1.03380593;0.834919403;0.0356399089;0.807616319;0.0344744805;1.04449796;1.05191079;0.813922662;0.0930424449;1.03380595;0.751426693;0.0320759019;10;0.833332832;1.044444;1.044444;0.999996743;0.999996837
22.681562;1.03380722;0.834879117;0.0356332673;0.807577161;0.0344676012;1.04449693;1.0519104;0.81388392;0.0930309053;1.03380685;0.751390673;0.0320698713;10;0.833332582;1.044444;1.044444;0.999996352;0.99999677
22.694562;1.03380844;0.834847955;0.0356287844;0.80754647;0.0344631818;1.04449668;1.0519101;0.813852476;0.0930211703;1.03380802;0.751362923;0.0320659574;10;0.833332602;1.044444;1.044444;0.99999611;0.999996794
22.695562;1.03380846;0.834844621;0.0356287748;0.807543246;0.0344631811;1.04449641;1.05191105;0.813849631;0.0930210682;1.03380805;0.751359947;0.032065967;10;0.833332613;1.044444;1.044444;0.999997104;0.999997797
22.711562;1.03380993;0.834806784;0.0356218538;0.807505755;0.0344567029;1.04449571;1.05190982;0.813813467;0.0930105828;1.03380945;0.751326424;0.0320601459;10;0.833332889;1.044444;1.044444;0.999997218;0.999997777
22.715562;1.03381096;0.834797858;0.0356207032;0.807496317;0.0344555791;1.04449632;1.05191074;0.813803159;0.0930073763;1.03381052;0.751318543;0.0320592007;10;0.833332977;1.044444;1.044444;0.999997299;0.999997774
22.724562;1.03381086;0.834776663;0.0356173923;0.807475885;0.0344523756;1.04449516;1.0519096;0.813783744;0.0930012225;1.03381066;0.751299715;0.0320562635;10;0.833333141;1.044444;1.044444;0.999997494;0.999997854
22.727562;1.03381179;0.834768871;0.0356163191;0.807467599;0.0344513068;1.04449545;1.05190983;0.813777152;0.0930001864;1.03381169;0.751292743;0.0320552475;10;0.833333172;1.044444;1.044444;0.999997552;0.999997908
22.731562;1.03381168;0.834759974;0.0356152672;0.807459025;0.0344502924;1.044495;1.05191034;0.813767135;0.09299702;1.03381171;0.75128475;0.0320542124;10;0.83333318;1.044444;1.044444;0.999997625;0.99999799
22.734562;1.0338116;0.834753308;0.0356142083;0.807452584;0.0344492527;1.0444946;1.05190931;0.813761508;0.0929950157;1.03381169;0.751278737;0.0320531801;10;0.833333158;1.044444;1.044444;0.999997683;0.999998048
22.738562;1.03381151;0.834744434;0.0356120724;0.807443981;0.034447135;1.04449421;1.05191015;0.81375124;0.0929928183;1.03381162;0.751270709;0.0320511368;10;0.83333311;1.044444;1.044444;0.999997777;0.999998126
22.741562;1.03381245;0.834737788;0.0356110323;0.807436729;0.034446049;1.04449459;1.05190915;0.813745625;0.0929907659;1.03381254;0.751264685;0.0320501103;10;0.833333079;1.044444;1.044444;0.999997862;0.999998191
22.745562;1.03381238;0.834728934;0.0356100129;0.807428084;0.0344450217;1.0444943;1.05191007;0.81373644;0.0929885111;1.03381243;0.751256651;0.0320490891;10;0.833333051;1.044444;1.044444;0.999997972;0.999998299
22.758562;1.03381338;0.834700093;0.0356058203;0.807399255;0.0344409888;1.04449414;1.05190926;0.813708693;0.0929798499;1.03381321;0.751230455;0.0320451525;10;0.833332949;1.044444;1.044444;0.999998062;0.999998535
22.762562;1.03381345;0.834691194;0.0356047331;0.807390658;0.0344399869;1.04449396;1.05191028;0.813699501;0.0929775684;1.0338132;0.751222404;0.0320441743;10;0.833332918;1.044444;1.044444;0.999998019;0.999998474
22.765562;1.03381348;0.834684526;0.0356036149;0.807384218;0.0344389486;1.04449375;1.05190939;0.813693886;0.0929754944;1.0338132;0.751216373;0.0320431735;10;0.833332894;1.044444;1.044444;0.99999799;0.99999838
22.781562;1.03381533;0.83465009;0.0355980737;0.807349467;0.0344335064;1.04449442;1.05191017;0.813660616;0.0929659221;1.03381513;0.751185285;0.0320379781;10;0.833332981;1.044444;1.044444;0.999998176;0.999997667
22.785562;1.0338152;0.834642329;0.0355970132;0.807341988;0.0344323421;1.04449379;1.05190991;0.813652359;0.0929628009;1.03381512;0.751178323;0.0320368855;10;0.833333052;1.044444;1.044444;0.999998264;0.999997524
22.799562;1.03381574;0.834613443;0.0355915322;0.807313302;0.0344267155;1.04449344;1.05191031;0.813623228;0.0929554902;1.03381612;0.751152473;0.0320317005;10;0.833333363;1.044444;1.044444;0.999998372;0.999997281
22.802562;1.03381564;0.83460676;0.0355904134;0.807306838;0.0344256578;1.04449312;1.05190935;0.813617498;0.0929534897;1.03381611;0.7511465;0.0320307276;10;0.833333449;1.044444;1.044444;0.99999834;0.999997277
22.803562;1.03381561;0.834604531;0.0355904077;0.807304684;0.0344256678;1.04449281;1.0519103;0.813615666;0.0929523583;1.0338161;0.751144507;0.0320307408;10;0.833333476;1.044444;1.044444;0.999998324;0.999997278
22.806562;1.03381551;0.834598954;0.0355892717;0.807299302;0.0344246324;1.0444925;1.05190933;0.813609937;0.0929514066;1.03381607;0.751139523;0.0320297908;10;0.833333549;1.044444;1.044444;0.99999827;0.999997291
22.810562;1.03381539;0.83459003;0.0355881158;0.807290709;0.0344236179;1.04449219;1.05191025;0.813601675;0.092949219;1.03381603;0.751131518;0.0320288741;10;0.833333618;1.044444;1.044444;0.999998186;0.999997319
22.817562;1.03381624;0.834576613;0.0355858108;0.807277037;0.0344215156;1.04449262;1.05190917;0.813588545;0.0929450406;1.03381699;0.751119422;0.0320270421;10;0.833333686;1.044444;1.044444;0.999998057;0.999997378
22.818562;1.03381622;0.834574376;0.0355858026;0.807274883;0.0344215227;1.04449233;1.05191009;0.813585691;0.0929438931;1.03381699;0.751117401;0.0320270679;10;0.833333692;1.044444;1.044444;0.999998043;0.999997387
22.820562;1.0338162;0.834569902;0.0355846822;0.807270572;0.0344204576;1.04449234;1.05190939;0.813581941;0.0929428801;1.033817;0.751113358;0.0320261189;10;0.8333337;1.044444;1.044444;0.999998016;0.999997406
22.821562;1.03381619;0.834568777;0.0355846816;0.80726949;0.0344204605;1.04449204;1.05190905;0.813580068;0.0929429041;1.033817;0.751112336;0.0320261435;10;0.833333702;1.044444;1.044444;0.999998004;0.999997415
22.854562;1.03381837;0.834504285;0.0355748546;0.807205229;0.0344105196;1.04449092;1.0519096;0.813517651;0.0929248749;1.03381938;0.751054465;0.0320170505;10;0.833333373;1.044444;1.044444;0.999998233;0.99999766
22.858562;1.03381844;0.834497662;0.0355737216;0.80719879;0.0344094174;1.04449062;1.0519097;0.813511432;0.0929216509;1.03381939;0.751048583;0.0320159988;10;0.833333313;1.044444;1.044444;0.999998248;0.999997682
22.862523;1.0338195;0.834489941;0.0355714778;0.807190525;0.0344072324;1.04449132;1.05190883;0.81350487;0.0929195829;1.03382039;0.751041648;0.03201397;10;0.833333261;1.044444;1.044444;0.999998258;0.999997695
22.870523;1.0338196;0.834475672;0.035569259;0.807176666;0.0344051824;1.04449045;1.05190894;0.813490144;0.0929153222;1.03382035;0.751028672;0.0320119369;10;0.833333178;1.044444;1.044444;0.999998267;0.999997646
22.871523;1.03381962;0.834473472;0.0355692653;0.807174528;0.0344052004;1.04449046;1.05190989;0.813487293;0.0929152382;1.03382035;0.751026675;0.0320119307;10;0.833333166;1.044444;1.044444;0.99999827;0.999997632
22.874523;1.03381966;0.83446798;0.0355681758;0.807169183;0.0344041825;1.04449018;1.05190895;0.813482719;0.0929132125;1.03382033;0.751021699;0.032010904;10;0.833333127;1.044444;1.044444;0.999998283;0.99999758
22.875523;1.03381967;0.834465775;0.0355681826;0.807167042;0.0344042018;1.04449019;1.05190989;0.813480921;0.092913131;1.03382033;0.751019712;0.0320108933;10;0.833333113;1.044444;1.044444;0.999998287;0.99999756
22.878523;1.0338207;0.834460257;0.0355670837;0.80716092;0.0344031508;1.0444909;1.05190925;0.813476105;0.0929110823;1.03382129;0.751014762;0.0320098586;10;0.833333066;1.044444;1.044444;0.999998301;0.999997491
22.888523;1.03382066;0.834442514;0.0355636917;0.807143858;0.0344000681;1.04449005;1.05190862;0.81345865;0.0929069391;1.03382111;0.750998921;0.0320067324;10;0.833332927;1.044444;1.044444;0.999998329;0.999997321
22.889523;1.03382065;0.834441405;0.0355636843;0.807142794;0.0344000782;1.04449006;1.05190957;0.81345687;0.0929058025;1.0338211;0.750997932;0.0320067195;10;0.833332919;1.044444;1.044444;0.999998332;0.999997315
22.897523;1.03382159;0.834426976;0.0355614183;0.807128099;0.0343979865;1.04449025;1.05190956;0.813442114;0.0929016746;1.03382208;0.750984972;0.032004646;10;0.833332872;1.044444;1.044444;0.999998295;0.999997304
22.910523;1.03382159;0.834404707;0.0355580922;0.807106677;0.0343949668;1.04448896;1.05190875;0.813421659;0.0928956673;1.0338223;0.750964894;0.03200172;10;0.833332749;1.044444;1.044444;0.99999814;0.999997414
22.911523;1.0338216;0.834402473;0.0355569865;0.807104532;0.0343938969;1.04448894;1.05190972;0.813418813;0.0928956013;1.03382231;0.750962884;0.0320007315;10;0.833332742;1.044444;1.044444;0.999998134;0.999997425
22.922523;1.03382285;0.834383415;0.0355548159;0.807085411;0.0343916771;1.04448888;1.05190928;0.813401397;0.0928894084;1.0338233;0.750945723;0.0319988643;10;0.833332672;1.044444;1.044444;0.999998062;0.999997563
22.929523;1.03382303;0.834372242;0.0355526613;0.807074601;0.0343895014;1.04448828;1.05190868;0.813390324;0.0928862621;1.03382329;0.750935603;0.0319969205;10;0.833332619;1.044444;1.044444;0.999998034;0.999997667
22.930523;1.03382305;0.83437002;0.035552674;0.807072452;0.0343894996;1.04448829;1.05190963;0.813387486;0.0928861695;1.03382329;0.750933585;0.0319969256;10;0.833332612;1.044444;1.044444;0.999998032;0.999997681
22.948523;1.03382417;0.83434136;0.0355471303;0.807043818;0.0343839758;1.04448812;1.05190875;0.813359793;0.0928775285;1.03382413;0.750907314;0.0319920073;10;0.833332512;1.044444;1.044444;0.999997803;0.999997829
22.949523;1.03382416;0.83433915;0.0355471101;0.807041664;0.0343839634;1.04448814;1.05190969;0.813358;0.0928763791;1.03382412;0.750905303;0.0319920138;10;0.833332509;1.044444;1.044444;0.999997779;0.999997833
22.951523;1.03382513;0.834335837;0.0355459545;0.807037646;0.0343828269;1.04448886;1.05190905;0.813355304;0.092875367;1.03382509;0.750902283;0.0319910245;10;0.833332501;1.044444;1.044444;0.999997733;0.999997843
22.953523;1.03382509;0.834332514;0.0355459055;0.807034402;0.0343827932;1.04448858;1.05190873;0.813352365;0.092874338;1.03382505;0.750899266;0.0319910323;10;0.833332489;1.044444;1.044444;0.999997687;0.999997856
22.959523;1.03382494;0.834323613;0.0355435286;0.807025706;0.0343805193;1.04448825;1.05190936;0.813342296;0.0928722292;1.03382498;0.750891226;0.031989065;10;0.833332409;1.044444;1.044444;0.999997549;0.999997907
22.969523;1.03382468;0.834306862;0.0355410412;0.807009431;0.0343782209;1.0444872;1.05190937;0.813326304;0.0928671428;1.03382497;0.750876171;0.0319871917;10;0.833332221;1.044444;1.044444;0.999997264;0.999998017
22.972523;1.03382563;0.8343024;0.0355398574;0.807004338;0.0343771204;1.04448786;1.05190873;0.813322552;0.0928661876;1.03382601;0.750872152;0.0319862402;10;0.833332183;1.044444;1.044444;0.999997185;0.999998068
22.973523;1.03382562;0.834301288;0.0355398347;0.807003261;0.0343771284;1.04448785;1.0519084;0.813321735;0.0928662276;1.03382602;0.750871147;0.0319862579;10;0.833332173;1.044444;1.044444;0.999997164;0.999998085
22.974523;1.03382561;0.834299066;0.0355398129;0.807001109;0.034377139;1.04448784;1.05190934;0.813318888;0.0928650986;1.03382604;0.750869141;0.0319862764;10;0.833332163;1.044444;1.044444;0.999997145;0.999998102
22.978523;1.03382559;0.834293528;0.0355386283;0.806995731;0.0343761325;1.0444875;1.05190839;0.813313278;0.0928641587;1.03382609;0.750864124;0.031985353;10;0.833332137;1.044444;1.044444;0.999997093;0.999998164
22.979523;1.03382559;0.834291313;0.0355386146;0.806993582;0.0343761555;1.04448749;1.05190934;0.813311488;0.0928630244;1.0338261;0.75086212;0.031985371;10;0.833332133;1.044444;1.044444;0.999997085;0.999998177
23.000523;1.0338269;0.83426037;0.0355328113;0.806962647;0.0343709397;1.0444865;1.0519081;0.813281713;0.092853536;1.03382708;0.750834107;0.0319803114;10;0.833331979;1.044444;1.044444;0.999997032;0.999998372
23.001523;1.03382693;0.834258143;0.035532796;0.806960495;0.0343709222;1.04448651;1.05190906;0.813278852;0.0928534487;1.03382709;0.750832105;0.0319802919;10;0.833331967;1.044444;1.044444;0.999997016;0.999998375
23.005523;1.03382704;0.834252553;0.0355316219;0.806955112;0.0343697699;1.04448628;1.05190814;0.813274216;0.0928514155;1.0338271;0.750827092;0.0319792098;10;0.833331939;1.044444;1.044444;0.999996949;0.999998375
23.006523;1.03382707;0.834251431;0.0355304956;0.806954036;0.0343686754;1.0444863;1.05190909;0.813271344;0.0928513329;1.0338271;0.750826087;0.0319781883;10;0.833331938;1.044444;1.044444;0.999996936;0.999998374
23.010523;1.0338272;0.834245831;0.035530441;0.80694866;0.0343685998;1.0444861;1.05190818;0.813266668;0.0928493076;1.03382709;0.750821066;0.0319780996;10;0.833331951;1.044444;1.044444;0.999996907;0.999998367
23.011523;1.03382723;0.834243596;0.0355293173;0.80694651;0.0343675063;1.04448582;1.05190913;0.813264843;0.0928492238;1.03382708;0.750819061;0.0319770771;10;0.833331957;1.044444;1.044444;0.999996908;0.999998364
23.012523;1.03382726;0.834242474;0.0355293053;0.806945432;0.0343674871;1.04448585;1.05190881;0.813262938;0.0928481946;1.03382707;0.750818057;0.0319770547;10;0.833331965;1.044444;1.044444;0.999996912;0.999998361
23.013523;1.03382729;0.834241353;0.0355292941;0.806944354;0.0343674671;1.04448588;1.05190882;0.813261847;0.0928481939;1.03382706;0.750817052;0.0319770325;10;0.833331972;1.044444;1.044444;0.999997919;0.999999357
23.022523;1.03382844;0.834227998;0.035527025;0.806930671;0.0343650748;1.04448653;1.05190796;0.813249553;0.0928440342;1.03382796;0.750804985;0.0319748605;10;0.833332047;1.044444;1.044444;0.999998052;0.999999286
23.023523;1.03382844;0.834226895;0.0355270242;0.806929601;0.0343650522;1.04448626;1.05190892;0.81324773;0.0928439489;1.03382795;0.750803972;0.0319748416;10;0.83333205;1.044444;1.044444;0.999998069;0.999999275
23.033523;1.03382831;0.834212538;0.0355237242;0.806915686;0.0343616434;1.04448595;1.05190808;0.81323345;0.0928398191;1.03382783;0.750790862;0.0319716011;10;0.833332042;1.044444;1.044444;0.999998208;0.999999174
23.034523;1.03382829;0.83421032;0.0355237334;0.806913543;0.0343616266;1.04448598;1.05190903;0.813231646;0.0928397404;1.03382783;0.750788858;0.0319715753;10;0.833332047;1.044444;1.044444;0.999998218;0.999999171
23.038523;1.0338282;0.834204773;0.0355226757;0.806908195;0.034360474;1.04448577;1.05190809;0.813227057;0.0928377348;1.03382782;0.750783854;0.0319704857;10;0.833332087;1.044444;1.044444;0.999998258;0.999999169
23.046523;1.03382907;0.834193679;0.0355217754;0.806896702;0.0343591962;1.04448626;1.05190874;0.813216053;0.0928345301;1.03382883;0.750773904;0.0319694091;10;0.833332214;1.044444;1.044444;0.999998416;0.99999919
23.052523;1.03382909;0.834185891;0.0355197564;0.806889177;0.0343569845;1.04448561;1.05190873;0.813207698;0.0928312544;1.03382883;0.750766955;0.0319675252;10;0.833332312;1.044444;1.044444;0.999998629;0.999999198
23.058523;1.03382914;0.834178035;0.035518814;0.806881626;0.0343559472;1.04448519;1.05190869;0.8131993;0.0928289606;1.03382883;0.75076001;0.0319667249;10;0.833332391;1.044444;1.044444;0.999998853;0.999999127
23.062523;1.03382916;0.834172409;0.0355177868;0.806876227;0.0343549335;1.0444848;1.05190769;0.813194772;0.0928278808;1.03382883;0.750755062;0.0319658527;10;0.833332422;1.044444;1.044444;0.999998964;0.999999056
23.063523;1.03382916;0.83417017;0.0355178069;0.806874073;0.0343549508;1.04448477;1.05190863;0.813192988;0.0928267188;1.03382884;0.750753077;0.0319658825;10;0.833332425;1.044444;1.044444;0.999998987;0.999999039
23.068523;1.03382918;0.834163424;0.0355168069;0.806867606;0.0343539674;1.04448406;1.05190764;0.813187424;0.0928246031;1.03382887;0.750747168;0.03196502;10;0.833332407;1.044444;1.044444;0.999999082;0.999998972
23.069523;1.03383018;0.8341623;0.0355168312;0.806865747;0.0343539522;1.04448503;1.05190858;0.813185647;0.0928245077;1.03382988;0.750746187;0.0319650441;10;0.833332399;1.044444;1.044444;0.999999098;0.999998963
23.079523;1.0338301;0.834148894;0.0355137778;0.806852766;0.0343508649;1.04448417;1.05190757;0.813173852;0.0928203561;1.03383001;0.750734315;0.0319621875;10;0.833332324;1.044444;1.044444;0.999999245;0.999998943
23.081523;1.03383007;0.834146665;0.0355138463;0.806850601;0.034350873;1.04448379;1.05190726;0.813170951;0.0928193482;1.03383003;0.75073233;0.0319621947;10;0.833332334;1.044444;1.044444;0.999999273;0.999998952
23.082523;1.03383006;0.834145552;0.0355138808;0.806849519;0.0343508736;1.04448376;1.05190821;0.813169172;0.092819277;1.03383004;0.750731337;0.0319621966;10;0.833332344;1.044444;1.044444;0.999999285;0.999998959
23.107523;1.03383098;0.834113211;0.0355083989;0.806817669;0.0343452074;1.04448256;1.05190702;0.81313859;0.0928101918;1.03383143;0.750702108;0.0319570624;10;0.833332728;1.044444;1.044444;0.999999484;0.999999204
23.108523;1.033831;0.834112089;0.0355083703;0.806816604;0.034345194;1.04448258;1.05190797;0.813136805;0.0928101121;1.03383144;0.750701096;0.0319570529;10;0.83333274;1.044444;1.044444;0.999999475;0.999999208
23.113523;1.03383109;0.834105364;0.0355071108;0.806810215;0.0343440629;1.04448239;1.05190705;0.813131207;0.0928081065;1.03383147;0.750695055;0.0319560077;10;0.833332789;1.044444;1.044444;0.999999411;0.99999923
23.114523;1.03383111;0.834104243;0.0355059711;0.806809152;0.0343429821;1.04448242;1.05190801;0.813129416;0.0928080292;1.03383148;0.75069405;0.031955003;10;0.833332798;1.044444;1.044444;0.999999397;0.999999235
23.127523;1.03383114;0.834088764;0.0355034619;0.806794176;0.0343409462;1.04448189;1.0519068;0.813115445;0.0928030158;1.03383134;0.750680053;0.0319531278;10;0.833332988;1.044444;1.044444;0.999999295;0.999999375
23.128523;1.03383213;0.834086553;0.0355034434;0.806791251;0.034340931;1.04448292;1.05190775;0.813112585;0.0928029446;1.03383232;0.750678056;0.0319531407;10;0.833333012;1.044444;1.044444;0.999999292;0.999999391
23.134523;1.03383203;0.834079914;0.0355011143;0.806784829;0.034338896;1.04448249;1.05190681;0.81310691;0.0928009579;1.03383219;0.750672101;0.0319511798;10;0.833333157;1.044444;1.044444;0.999999257;0.999999493
23.135523;1.03383201;0.8340788;0.0355011015;0.806783758;0.0343389168;1.04448251;1.05190777;0.813105114;0.0927998184;1.03383217;0.750671113;0.0319511793;10;0.83333318;1.044444;1.044444;0.999999249;0.999999508
23.140523;1.03383191;0.834072099;0.0354999818;0.806777332;0.034337931;1.04448229;1.05190686;0.813099489;0.0927977633;1.03383204;0.750665162;0.0319501504;10;0.833333275;1.044444;1.044444;0.999999216;0.999999575
23.150523;1.03383186;0.834060864;0.0354980382;0.806766618;0.0343357208;1.04448177;1.05190756;0.813087448;0.0927944066;1.03383186;0.750655131;0.0319480669;10;0.833333352;1.044444;1.044444;0.999999261;0.999999634
23.155523;1.03383191;0.834055242;0.0354971359;0.8067612;0.034334492;1.04448153;1.05190668;0.813082957;0.0927923136;1.03383185;0.750650125;0.0319470499;10;0.833333305;1.044444;1.044444;0.999999321;0.999999596
23.156523;1.03383192;0.83405412;0.0354971745;0.806760112;0.0343344591;1.04448154;1.05190765;0.813081181;0.0927922207;1.03383185;0.750649128;0.0319470465;10;0.833333293;1.044444;1.044444;0.999999336;0.999999588
23.157523;1.03383194;0.834051889;0.0354972111;0.806757947;0.0343344274;1.04448156;1.05190736;0.813080381;0.0927922407;1.03383185;0.750647133;0.0319470427;10;0.833333281;1.044444;1.044444;0.999999352;0.99999958
23.162523;1.033833;0.834046319;0.0354962499;0.806751712;0.0343332012;1.04448203;1.05190686;0.813074605;0.0927901593;1.03383286;0.750642165;0.0319460244;10;0.833333235;1.044444;1.044444;0.999999424;0.999999563
23.163523;1.03383301;0.834045211;0.0354962741;0.806750622;0.0343331883;1.04448204;1.05190784;0.813072829;0.0927900724;1.03383286;0.750641169;0.0319460225;10;0.83333323;1.044444;1.044444;0.999999433;0.999999564
23.169523;1.03383308;0.834038585;0.0354952623;0.806744076;0.034332129;1.04448181;1.05190702;0.813067321;0.0927880192;1.03383285;0.750635163;0.0319450242;10;0.833333215;1.044444;1.044444;0.999999424;0.999999596
23.170523;1.03383309;0.834037484;0.0354941581;0.806742982;0.0343310725;1.04448182;1.05190798;0.813065553;0.0927868718;1.03383285;0.750634157;0.0319440257;10;0.833333215;1.044444;1.044444;0.999999412;0.999999602
23.177523;1.03383316;0.83402977;0.0354930269;0.806735338;0.0343302079;1.04448127;1.05190677;0.813059323;0.0927847725;1.03383282;0.750627081;0.0319430476;10;0.833333216;1.044444;1.044444;0.999999264;0.999999604
23.178523;1.03383317;0.834028664;0.0354930186;0.806734252;0.0343302449;1.04448127;1.05190771;0.813057561;0.09278467;1.03383281;0.750626066;0.0319430516;10;0.833333214;1.044444;1.044444;0.999999236;0.999999598
23.184523;1.03383318;0.834021988;0.0354918407;0.806727792;0.0343294032;1.04448094;1.05190674;0.813051039;0.0927825283;1.03383278;0.75061997;0.0319420629;10;0.833333186;1.044444;1.044444;0.999999051;0.999999527
23.185523;1.03383317;0.83402087;0.0354918257;0.806726726;0.0343294416;1.04448093;1.05190769;0.813049266;0.0927824279;1.03383277;0.750618956;0.0319420609;10;0.833333183;1.044444;1.044444;0.99999902;0.999999513
23.197523;1.03383414;0.834007393;0.0354882025;0.80671323;0.0343264922;1.0444808;1.05190705;0.813036999;0.092778151;1.03383399;0.750606911;0.0319389645;10;0.833333209;1.044444;1.044444;0.999998825;0.999999378
23.200523;1.03383414;0.834004029;0.0354881333;0.806710043;0.0343265179;1.04448074;1.0519064;0.813034232;0.0927771495;1.03383408;0.750603939;0.0319389536;10;0.833333233;1.044444;1.044444;0.999998828;0.999999351
23.201523;1.03383414;0.834002909;0.0354881125;0.806708978;0.0343265231;1.04448043;1.05190734;0.813032412;0.0927760103;1.03383411;0.750602951;0.0319389553;10;0.83333324;1.044444;1.044444;0.999998831;0.999999343
23.204523;1.03383414;0.833999556;0.0354869442;0.806705782;0.0343254576;1.0444804;1.051907;0.813029401;0.0927749847;1.03383421;0.750599991;0.0319379808;10;0.833333258;1.044444;1.044444;0.999998844;0.999999321
23.208523;1.03383416;0.833995092;0.0354857675;0.806701503;0.0343243944;1.04448012;1.05190634;0.813025571;0.0927739809;1.03383434;0.750596059;0.031937063;10;0.833333272;1.044444;1.044444;0.999998875;0.999999309
23.209523;1.03383416;0.833993975;0.0354857541;0.806700429;0.0343243988;1.04448013;1.05190729;0.813023765;0.0927738956;1.03383436;0.750595078;0.0319370894;10;0.833333273;1.044444;1.044444;0.999998885;0.999999309
23.218523;1.03383424;0.833985058;0.0354845967;0.806691764;0.0343233745;1.04447966;1.05190704;0.813014479;0.0927707717;1.03383455;0.750587238;0.0319363231;10;0.833333235;1.044444;1.044444;0.999998974;0.999999344
23.224523;1.03383423;0.833978387;0.0354835157;0.806685264;0.0343223148;1.04447936;1.05190619;0.813009973;0.0927688209;1.0338346;0.750581278;0.0319354198;10;0.833333215;1.044444;1.044444;0.999999039;0.999999386
23.225523;1.03383422;0.833977278;0.0354824164;0.806684181;0.034321241;1.04447935;1.05190715;0.813008192;0.0927687565;1.03383461;0.75058028;0.0319344329;10;0.833333212;1.044444;1.044444;0.999999053;0.999999392
23.232523;1.03383417;0.833970655;0.0354814362;0.806677689;0.0343201614;1.04447861;1.05190627;0.813001599;0.0927668864;1.03383464;0.750574285;0.0319335107;10;0.833333189;1.044444;1.044444;0.999999148;0.999999406
23.233523;1.03383416;0.833969552;0.0354814591;0.806676612;0.0343201596;1.04447859;1.05190723;0.812999818;0.0927668274;1.03383464;0.750573286;0.0319335171;10;0.833333186;1.044444;1.044444;0.999999161;0.999999406
23.242523;1.03383518;0.833959651;0.0354794631;0.806666204;0.0343179515;1.0444787;1.05190691;0.812991693;0.092763891;1.03383567;0.750564289;0.0319315074;10;0.833333179;1.044444;1.044444;0.999999279;0.999999408
23.249523;1.03383531;0.833953105;0.0354785435;0.806659842;0.034316847;1.04447817;1.05190593;0.812985114;0.0927619928;1.03383569;0.750558276;0.0319304713;10;0.833333179;1.044444;1.044444;0.999999304;0.999999372
23.250523;1.03383533;0.833952015;0.0354785704;0.806658781;0.0343168395;1.04447814;1.05190688;0.812983337;0.0927619248;1.0338357;0.750557275;0.0319304642;10;0.833333179;1.044444;1.044444;0.999999299;0.99999936
23.257523;1.03383546;0.833945517;0.0354776003;0.806652399;0.0343156907;1.04447773;1.05190599;0.812977774;0.0927589154;1.03383573;0.750551274;0.0319293893;10;0.833333188;1.044444;1.044444;0.999999217;0.999999272
23.258523;1.03383548;0.83394443;0.0354776084;0.80665133;0.0343156784;1.04447742;1.05190695;0.812975983;0.0927588374;1.03383573;0.750550272;0.0319293754;10;0.833333189;1.044444;1.044444;0.9999992;0.999999259
23.264523;1.03383552;0.833939023;0.0354764686;0.806645961;0.034314529;1.04447712;1.05190613;0.812970334;0.0927568357;1.03383571;0.750545247;0.0319282811;10;0.833333195;1.044444;1.044444;0.999999087;0.999999162
23.268523;1.03383549;0.833934655;0.035475288;0.806641641;0.0343134214;1.04447712;1.05190684;0.81296663;0.0927557439;1.03383567;0.750541217;0.0319272117;10;0.833333186;1.044444;1.044444;0.999999033;0.999999067
23.275523;1.03383535;0.83392808;0.035474026;0.806635175;0.0343123375;1.04447652;1.05190593;0.812960948;0.0927537321;1.03383559;0.750535143;0.0319261202;10;0.833333184;1.044444;1.044444;0.999999001;0.999998888
23.276523;1.03383532;0.833926979;0.0354740023;0.806634104;0.0343123389;1.04447652;1.05190687;0.812959149;0.0927536445;1.03383558;0.750534131;0.0319261148;10;0.83333319;1.044444;1.044444;0.999999003;0.999998868
23.294523;1.03383564;0.833910317;0.0354702526;0.806617414;0.0343091263;1.04447666;1.05190533;0.812942881;0.0927482727;1.03383653;0.750519008;0.0319233293;10;0.833333262;1.044444;1.044444;0.999999327;0.999999135
23.295523;1.03383562;0.833909192;0.0354702374;0.806616353;0.034309128;1.04447666;1.05190627;0.812941063;0.0927481783;1.03383651;0.750518014;0.0319233481;10;0.833333251;1.044444;1.044444;0.999999353;0.999999172
23.312523;1.03383567;0.833893468;0.0354665477;0.806601411;0.034305989;1.04447609;1.05190492;0.812926863;0.0927427671;1.03383633;0.750504189;0.0319205577;10;0.833332967;1.044444;1.044444;0.999999711;0.999999453
23.314523;1.0338357;0.833891227;0.0354665025;0.80659928;0.034305999;1.04447586;1.05190589;0.812923992;0.0927415927;1.03383632;0.750502183;0.0319205744;10;0.833332941;1.044444;1.044444;0.999999737;0.999999444
23.322523;1.03383574;0.83388447;0.0354641309;0.806592898;0.0343038651;1.04447573;1.05190508;0.812917234;0.0927393566;1.03383621;0.750496157;0.0319186159;10;0.833332914;1.044444;1.044444;0.999999788;0.999999397
23.323523;1.03383575;0.833883345;0.0354641156;0.806591825;0.034303864;1.04447574;1.05190605;0.812916486;0.0927392452;1.03383619;0.75049516;0.0319186147;10;0.833332914;1.044444;1.044444;0.99999979;0.99999939
23.332523;1.03383678;0.833875458;0.0354629235;0.806583452;0.0343026614;1.04447616;1.05190498;0.812908867;0.0927370608;1.03383692;0.750488252;0.031917541;10;0.833332872;1.044444;1.044444;0.999999773;0.99999934
23.333523;1.03383679;0.83387434;0.0354629225;0.806582358;0.0343026355;1.04447615;1.05190594;0.812907067;0.0927359093;1.03383689;0.750487264;0.0319175285;10;0.833332859;1.044444;1.044444;0.999999767;0.999999338
23.342523;1.03383691;0.833866572;0.0354607306;0.806574622;0.0343001798;1.04447554;1.05190499;0.81290041;0.0927339272;1.03383655;0.750480349;0.0319154027;10;0.833332684;1.044444;1.044444;0.999999713;0.999999367
23.343523;1.03383694;0.83386547;0.0354607403;0.806573523;0.0343001429;1.04447554;1.05190594;0.812898631;0.0927338675;1.03383652;0.75047935;0.0319153884;10;0.833332667;1.044444;1.044444;0.999999706;0.999999375
23.348523;1.0338371;0.833861089;0.0354597146;0.80656912;0.0342988879;1.04447529;1.05190533;0.812894964;0.092733026;1.03383635;0.750475339;0.0319143216;10;0.833332608;1.044444;1.044444;0.99999967;0.999999421
23.353523;1.03383729;0.83385782;0.0354598441;0.806565837;0.0342987377;1.04447536;1.05190476;0.812892374;0.0927311413;1.03383622;0.750472325;0.0319142644;10;0.833332573;1.044444;1.044444;0.999999639;0.999999451
23.354523;1.03383733;0.83385672;0.0354587595;0.806564756;0.0342976421;1.04447508;1.05190572;0.812890605;0.0927310877;1.03383619;0.750471323;0.0319132557;10;0.833332565;1.044444;1.044444;0.999999633;0.999999454
23.356523;1.0338374;0.833854517;0.0354588089;0.806562601;0.0342976121;1.0444751;1.05190542;0.812888777;0.092730113;1.03383615;0.750469321;0.0319132431;10;0.833332548;1.044444;1.044444;0.999999623;0.99999946
23.363523;1.03383768;0.83384902;0.0354578195;0.806557233;0.0342965419;1.04447482;1.05190476;0.812884146;0.0927292576;1.03383603;0.750464319;0.0319122423;10;0.83333249;1.044444;1.044444;0.99999958;0.999999495
23.364523;1.03383772;0.833847917;0.0354578313;0.80655616;0.0342965524;1.04447481;1.05190569;0.812882379;0.092728134;1.03383603;0.75046332;0.0319122455;10;0.833332487;1.044444;1.044444;0.999999568;0.999999503
23.374523;1.03383809;0.833840283;0.0354556544;0.806548658;0.0342946101;1.04447404;1.05190414;0.81287509;0.092726219;1.03383607;0.750456397;0.0319102072;10;0.833332578;1.044444;1.044444;0.999999363;0.999999569
23.375523;1.03383811;0.833839187;0.0354556517;0.806547585;0.034294641;1.04447403;1.05190505;0.812874373;0.0927261347;1.0338361;0.75045541;0.031910191;10;0.8333326;1.044444;1.044444;0.999999342;0.999999572
23.430523;1.03383833;0.833795552;0.0354469039;0.806504726;0.0342871589;1.04447178;1.0519034;0.812833538;0.0927121953;1.03383812;0.750416053;0.0319025132;10;0.833332698;1.044444;1.044444;0.999998355;0.999999061
23.442523;1.03383804;0.833786483;0.0354459552;0.80649595;0.0342861726;1.04447142;1.05190319;0.812825251;0.0927088579;1.03383807;0.750407797;0.0319014849;10;0.833332366;1.044444;1.044444;0.999998546;0.999999074
23.445523;1.033838;0.833784252;0.0354448944;0.806493797;0.0342850453;1.04447147;1.05190416;0.812821323;0.0927076661;1.03383806;0.750405757;0.0319004719;10;0.833332318;1.044444;1.044444;0.999998603;0.99999907
23.456523;1.03383803;0.833776616;0.035443918;0.806486365;0.0342836192;1.0444708;1.05190295;0.812814809;0.0927056469;1.03383812;0.750398694;0.031899427;10;0.833332301;1.044444;1.044444;0.999998724;0.999999044
23.459523;1.03383808;0.833774445;0.0354439392;0.806484264;0.0342835273;1.04447072;1.0519039;0.812811961;0.0927045638;1.03383815;0.750396686;0.0318994066;10;0.833332341;1.044444;1.044444;0.999998734;0.999999042
23.460523;1.0338391;0.833773349;0.035442833;0.806482428;0.0342823905;1.04447168;1.05190359;0.812811147;0.0927046143;1.03383916;0.750395683;0.0318983983;10;0.833332356;1.044444;1.044444;0.999998737;0.999999041
23.481523;1.03383935;0.833759016;0.0354402421;0.806468764;0.034279755;1.04446997;1.05190259;0.812798368;0.0926999226;1.03383934;0.750382765;0.0318960567;10;0.833332767;1.044444;1.044444;0.999998579;0.999999138
23.484523;1.03383937;0.833756806;0.0354390344;0.806466615;0.0342786616;1.04446963;1.05190353;0.812795521;0.0926998963;1.03383935;0.750380778;0.0318949802;10;0.833332805;1.044444;1.044444;0.99999856;0.999999165
23.509523;1.03383967;0.833740352;0.035435068;0.806450026;0.0342754708;1.04446909;1.05190264;0.812779553;0.0926933314;1.03383944;0.750365575;0.0318916154;10;0.833332288;1.044444;1.044444;0.999998583;0.999999271
23.510523;1.03383968;0.833739241;0.0354350467;0.806448929;0.0342754666;1.04446911;1.05190361;0.812778811;0.0926932238;1.03383944;0.750364577;0.0318916207;10;0.833332245;1.044444;1.044444;0.999998578;0.999999263
23.514523;1.03383972;0.833737022;0.0354349669;0.806446703;0.0342754511;1.0444689;1.05190337;0.812775827;0.0926920985;1.03383945;0.750362582;0.0318916542;10;0.833332084;1.044444;1.044444;0.999998561;0.999999233
23.523523;1.03383979;0.833731508;0.0354326471;0.806441213;0.0342733077;1.04446877;1.05190249;0.812771109;0.0926909317;1.03383946;0.750357552;0.0318897147;10;0.833331878;1.044444;1.044444;0.999998577;0.999999183
23.524523;1.03383979;0.833730404;0.0354326433;0.806440127;0.0342733142;1.04446878;1.05190344;0.812769304;0.0926897754;1.03383946;0.750356551;0.0318897173;10;0.833331868;1.044444;1.044444;0.999998587;0.999999179
23.551523;1.03384042;0.833713723;0.0354295521;0.806423133;0.0342702523;1.0444691;1.0519019;0.812754141;0.0926848853;1.03384042;0.750341708;0.0318868929;10;0.833332044;1.044444;1.044444;0.999999169;0.999998917
23.554523;1.0338404;0.833711506;0.03542958;0.80642101;0.0342702101;1.04446912;1.05190285;0.812751247;0.092683812;1.03384045;0.750339732;0.031886967;10;0.833332113;1.044444;1.044444;0.999999236;0.999998889
23.559523;1.03384037;0.833708187;0.0354285242;0.806417825;0.0342690642;1.04446886;1.05190222;0.812748486;0.0926839556;1.03384051;0.750336814;0.0318861264;10;0.833332259;1.044444;1.044444;0.999999313;0.999998836
23.584523;1.03384016;0.833693425;0.0354254707;0.806404165;0.0342661617;1.04446816;1.05190146;0.812734268;0.0926794053;1.03384074;0.750324023;0.031883687;10;0.833332559;1.044444;1.044444;0.99999896;0.999998976
23.585523;1.03384014;0.833692302;0.0354254794;0.806403099;0.0342661923;1.04446815;1.05190242;0.812733545;0.0926793353;1.03384073;0.750323018;0.0318836917;10;0.833332558;1.044444;1.044444;0.99999894;0.99999899
23.600523;1.03383991;0.833684339;0.0354245073;0.806395676;0.0342654934;1.04446734;1.05190142;0.812726005;0.0926759396;1.03384057;0.750316049;0.0318825264;10;0.8333326;1.044444;1.044444;0.999998817;0.999999095
23.601523;1.03383989;0.833683217;0.0354233964;0.80639461;0.0342644309;1.04446732;1.05190235;0.812724228;0.0926758161;1.03384056;0.750315066;0.031881501;10;0.833332614;1.044444;1.044444;0.999998817;0.999999092
23.619523;1.03383984;0.833673215;0.0354211673;0.8063851;0.0342620375;1.04446641;1.05190163;0.812715219;0.0926720962;1.03384041;0.750306301;0.0318789305;10;0.833333041;1.044444;1.044444;0.999998966;0.999998945
23.634523;1.03383999;0.833665422;0.0354200717;0.806377693;0.0342607405;1.04446582;1.05190025;0.812707851;0.0926687966;1.03384045;0.750299274;0.0318775055;10;0.833333088;1.044444;1.044444;0.999999147;0.999999039
23.638523;1.03384003;0.833663161;0.0354189159;0.806375585;0.0342596564;1.04446552;1.05190121;0.812705027;0.0926676213;1.03384046;0.750297279;0.0318764346;10;0.8333331;1.044444;1.044444;0.999999181;0.999999058
23.664523;1.03384001;0.833648773;0.0354160696;0.806361816;0.0342574451;1.04446462;1.05190012;0.812693132;0.0926637737;1.03384009;0.750284302;0.0318745403;10;0.833332665;1.044444;1.044444;0.999998953;0.999998314
23.670523;1.03384106;0.833645538;0.0354148953;0.806357777;0.0342563284;1.04446575;1.05189966;0.812690251;0.0926628285;1.033841;0.750281344;0.0318736991;10;0.833332627;1.044444;1.044444;0.999998862;0.999998257
23.672523;1.03384108;0.833645572;0.0354148873;0.806357762;0.0342563325;1.04446581;1.05190026;0.812688706;0.0926628;1.03384098;0.750281355;0.0318737544;10;0.833332628;1.044444;1.044444;0.999998831;0.999998246
23.687523;1.03384134;0.83363798;0.0354128116;0.806350301;0.0342544146;1.04446549;1.05189942;0.812681907;0.0926599075;1.03384099;0.750274412;0.0318719659;10;0.833332768;1.044444;1.044444;0.999998788;0.999998163
23.691523;1.03384141;0.833635771;0.0354128845;0.806348216;0.0342545041;1.04446519;1.05190053;0.812679046;0.0926588459;1.03384103;0.750272436;0.0318719892;10;0.833332819;1.044444;1.044444;0.999998876;0.999998209
23.692523;1.03384142;0.833635772;0.0354129031;0.806348233;0.0342545243;1.04446518;1.05190057;0.812677991;0.0926588642;1.03384104;0.750272442;0.0318719982;10;0.833332833;1.044444;1.044444;0.999998903;0.999998229
23.694523;1.03384145;0.833634663;0.035412941;0.806347195;0.0342545606;1.04446517;1.05190035;0.812678241;0.0926589249;1.03384106;0.750271452;0.0318720207;10;0.833332866;1.044444;1.044444;0.999998963;0.999998275
23.695523;1.03384147;0.833633553;0.0354129606;0.80634614;0.0342545767;1.04446516;1.0519004;0.812677191;0.0926589391;1.03384108;0.750270456;0.0318720339;10;0.833332884;1.044444;1.044444;0.999999995;0.999999302
23.708523;1.03384165;0.833626933;0.0354110125;0.806339946;0.0342524985;1.04446459;1.05189981;0.812671697;0.0926569944;1.03384113;0.750264562;0.0318702635;10;0.833333134;1.044444;1.044444;1.00000034;0.99999966
23.712523;1.03384168;0.833625842;0.0354111004;0.806338927;0.0342524644;1.0444642;1.05190077;0.812668861;0.0926559154;1.0338411;0.750263646;0.0318703148;10;0.833333175;1.044444;1.044444;1.00000036;0.999999709
23.730523;1.03384146;0.833616955;0.0354089779;0.806330471;0.0342499397;1.04446318;1.0518994;0.812662315;0.0926532404;1.03384121;0.750255797;0.0318684768;10;0.833333066;1.044444;1.044444;0.999999982;0.999999691
23.734523;1.03384137;0.833614714;0.0354089418;0.806328332;0.0342498673;1.04446312;1.05190032;0.812659385;0.0926531633;1.03384124;0.75025372;0.0318685139;10;0.833333008;1.044444;1.044444;0.999999901;0.999999713
23.752523;1.0338409;0.833606652;0.0354064029;0.806320455;0.0342476902;1.04446272;1.05189906;0.812651605;0.0926496993;1.0338414;0.750246338;0.0318667663;10;0.833332926;1.044444;1.044444;0.999999321;0.999999771
23.753523;1.03384088;0.833606624;0.0354063797;0.806320417;0.0342477006;1.04446276;1.05190001;0.812650876;0.0926495874;1.03384142;0.750246312;0.0318667827;10;0.833332925;1.044444;1.044444;0.999999307;0.99999978
23.785523;1.0338404;0.833591623;0.035402423;0.806306111;0.0342448791;1.04446271;1.05189912;0.812638502;0.0926451409;1.03384182;0.750232847;0.0318636364;10;0.833332798;1.044444;1.044444;0.999999835;1.00000017
23.817523;1.03384039;0.833578568;0.0354004496;0.806293613;0.0342424642;1.04446153;1.05189808;0.812626503;0.0926399761;1.03384166;0.750221375;0.0318605347;10;0.833332812;1.044444;1.044444;0.999999982;0.999999891
23.821523;1.03384052;0.833577464;0.0353993727;0.806292505;0.0342413124;1.04446156;1.0518981;0.812624359;0.0926400624;1.03384162;0.750220411;0.0318594275;10;0.833332821;1.044444;1.044444;0.99999994;0.999999863
23.822523;1.03384055;0.833576357;0.0353993847;0.806291419;0.0342412923;1.04446126;1.05189905;0.812623617;0.0926399991;1.03384161;0.750219418;0.0318594089;10;0.833332821;1.044444;1.044444;0.999999929;0.999999854
23.842523;1.03384071;0.833568657;0.0353984603;0.806283659;0.0342401158;1.04446121;1.05189839;0.812617006;0.0926370968;1.03384141;0.750212289;0.0318586009;10;0.833332776;1.044444;1.044444;0.999999766;0.999999608
23.847523;1.03384071;0.833566441;0.0353973337;0.806281421;0.0342391114;1.0444609;1.05189853;0.812614865;0.0926360224;1.03384133;0.750210167;0.0318576653;10;0.833332839;1.044444;1.044444;0.999999811;0.999999613
23.848523;1.0338407;0.833566447;0.0353973352;0.806281401;0.0342391284;1.04446089;1.05189949;0.812613075;0.0926359369;1.03384132;0.750210142;0.0318576725;10;0.83333285;1.044444;1.044444;0.999999822;0.999999619
23.855523;1.03384067;0.833564306;0.0353973986;0.806279129;0.0342392684;1.04446055;1.05189921;0.812611244;0.0926349272;1.03384119;0.750207974;0.0318576599;10;0.833332902;1.044444;1.044444;0.999999885;0.999999683
23.859523;1.03384164;0.833562149;0.0353963523;0.806276156;0.0342382524;1.04446154;1.05189887;0.812610481;0.0926349704;1.03384212;0.750205909;0.0318566258;10;0.833332919;1.044444;1.044444;0.999999897;0.999999732
23.866523;1.0338416;0.833560036;0.0353964888;0.806273963;0.0342383601;1.04446154;1.05189849;0.812607662;0.0926339406;1.03384201;0.750203859;0.0318566194;10;0.833332956;1.044444;1.044444;0.999999894;0.999999845
23.869523;1.03384161;0.83355896;0.03539655;0.806272869;0.0342383553;1.04446123;1.05189816;0.812606893;0.0926339469;1.03384198;0.750202866;0.0318566474;10;0.83333298;1.044444;1.044444;0.999999887;0.999999898
23.874523;1.03384167;0.833556767;0.0353955164;0.806270686;0.034237218;1.04446119;1.0518991;0.812604131;0.0926327507;1.03384191;0.750200941;0.0318557176;10;0.833333048;1.044444;1.044444;0.999999874;0.999999965
23.875523;1.03384169;0.83355677;0.0353955242;0.806270677;0.0342372013;1.04446118;1.0518991;0.812604147;0.0926327359;1.03384189;0.750200965;0.031855733;10;0.833333066;1.044444;1.044444;0.999999874;0.999999974
23.897523;1.03384226;0.833548933;0.0353944035;0.806262955;0.0342359372;1.04446045;1.05189804;0.812597677;0.0926293277;1.03384142;0.750194406;0.03185491;10;0.833333605;1.044444;1.044444;1.00000009;1.00000016
23.903523;1.0338424;0.833546804;0.0353934176;0.806260822;0.0342349689;1.04446015;1.05189897;0.812594743;0.092629252;1.03384132;0.75019243;0.0318539951;10;0.833333576;1.044444;1.044444;1.00000013;1.00000012
23.904523;1.03384242;0.833545707;0.03539344;0.806259749;0.0342349883;1.04446015;1.05189865;0.812593908;0.0926282304;1.0338413;0.750191432;0.0318540085;10;0.833333561;1.044444;1.044444;1.00000014;1.00000011
23.926523;1.0338429;0.833538871;0.0353914455;0.806253239;0.0342327985;1.04445967;1.05189759;0.812586552;0.0926265832;1.03384133;0.750185464;0.0318524741;10;0.833333024;1.044444;1.044444;1.00000046;0.999999985
23.932523;1.0338429;0.833536554;0.035391439;0.806251187;0.0342327968;1.04445934;1.05189849;0.812584506;0.0926255187;1.03384147;0.750183426;0.0318524846;10;0.833332955;1.044444;1.044444;1.00000051;1.00000009
23.956523;1.03384249;0.833528957;0.035389277;0.806244263;0.0342310371;1.04445866;1.05189704;0.812576936;0.0926238578;1.03384179;0.750175727;0.0318500546;10;0.833332653;1.044444;1.044444;1.0000003;1.00000046
23.963523;1.03384243;0.833526763;0.0353894318;0.806242206;0.0342312411;1.04445864;1.05189797;0.812574197;0.0926228937;1.03384177;0.75017356;0.0318500182;10;0.833332624;1.044444;1.044444;1.00000022;1.00000042
23.981523;1.03384229;0.833520003;0.0353884227;0.806235669;0.0342302794;1.04445809;1.05189713;0.812569664;0.0926208859;1.03384156;0.750167379;0.0318493246;10;0.833332657;1.044444;1.044444;1.00000023;1.00000014
23.985523;1.03384223;0.833518779;0.0353872498;0.806234556;0.0342290696;1.04445808;1.05189715;0.812568567;0.0926208038;1.0338415;0.750166424;0.0318484133;10;0.833332649;1.044444;1.044444;1.00000022;1.00000001
23.994523;1.03384205;0.833516309;0.0353871217;0.806232364;0.0342286624;1.04445806;1.05189681;0.812565562;0.0926195787;1.03384145;0.750164494;0.0318484558;10;0.833332601;1.044444;1.044444;1.00000011;0.999999765
23.996523;1.03384201;0.833515156;0.0353871125;0.806231281;0.0342285663;1.04445777;1.05189775;0.812564821;0.0926194593;1.03384145;0.750163499;0.0318484401;10;0.833332593;1.044444;1.044444;1.00000007;0.999999719
24.022523;1.03384149;0.833507644;0.0353849374;0.806223492;0.0342256769;1.04445742;1.05189643;0.812557713;0.0926157133;1.0338422;0.750156633;0.0318458798;10;0.833333176;1.044444;1.044444;0.999999334;0.999999758
24.029523;1.03384156;0.833505654;0.0353849771;0.806221261;0.0342256758;1.04445707;1.0518963;0.812556682;0.0926145198;1.0338424;0.750154776;0.0318456621;10;0.833333331;1.044444;1.044444;0.999999282;0.999999866
24.030523;1.03384158;0.833505681;0.0353849841;0.80622125;0.0342256794;1.04445706;1.05189722;0.812554893;0.0926144282;1.03384242;0.750154796;0.0318456374;10;0.833333344;1.044444;1.044444;0.999999281;0.999999878
24.058523;1.0338422;0.833497726;0.0353824565;0.806213818;0.0342236482;1.04445653;1.05189577;0.812548616;0.0926122156;1.03384215;0.75014816;0.0318434507;10;0.83333348;1.044444;1.044444;0.999999341;0.999999906
24.115523;1.03384151;0.83348281;0.035379185;0.806199594;0.0342205069;1.0444557;1.05189636;0.812533779;0.0926062782;1.03384237;0.750135118;0.0318407374;10;0.833333228;1.044444;1.044444;0.999999719;1.00000007
24.147523;1.03384206;0.833475513;0.035376697;0.806192509;0.0342187664;1.04445515;1.05189533;0.812526718;0.0926039292;1.03384194;0.750127783;0.031839415;10;0.833332617;1.044444;1.044444;0.999999737;1.00000001
24.148523;1.03384209;0.833474404;0.0353766895;0.806191443;0.0342187826;1.04445517;1.05189627;0.812525961;0.0926038631;1.03384192;0.750126765;0.0318394279;10;0.833332597;1.044444;1.044444;0.999999749;1.00000001
24.157523;1.03384226;0.833472258;0.0353766405;0.806189383;0.0342188395;1.04445502;1.05189606;0.81252366;0.0926030214;1.03384181;0.750124737;0.0318394671;10;0.833332479;1.044444;1.044444;0.999999791;0.999999957
24.200523;1.03384246;0.83346351;0.0353732194;0.806180526;0.0342152311;1.04445358;1.05189537;0.812514285;0.0925997728;1.03384141;0.750117367;0.0318356871;10;0.833332966;1.044444;1.044444;0.99999954;1.00000075
24.238523;1.03384212;0.833454201;0.0353723333;0.806172331;0.034213757;1.04445276;1.05189443;0.812507515;0.0925968724;1.03384196;0.750109402;0.031835268;10;0.833333447;1.044444;1.044444;0.999999405;1.0000006
24.249523;1.03384216;0.833452064;0.0353713061;0.806170035;0.0342129581;1.04445243;1.05189539;0.812504407;0.0925959154;1.03384212;0.750107441;0.0318341502;10;0.833333075;1.044444;1.044444;0.99999932;1.00000037
24.289523;1.03384217;0.833444835;0.0353701688;0.806162343;0.0342123334;1.04445221;1.05189372;0.812497686;0.0925936149;1.03384213;0.750099875;0.0318326273;10;0.833332837;1.044444;1.044444;0.999999796;1.00000037
24.357523;1.03384218;0.833432626;0.0353664838;0.806151148;0.0342089691;1.04445158;1.05189424;0.812485899;0.0925891292;1.03384256;0.750088677;0.0318297554;10;0.833333367;1.044444;1.044444;1.00000005;0.999999659
24.358523;1.03384216;0.833432623;0.0353665016;0.806151118;0.0342089719;1.0444513;1.05189518;0.812484116;0.0925890385;1.03384257;0.750088655;0.0318297729;10;0.833333364;1.044444;1.044444;1.00000006;0.999999675
24.373523;1.03384277;0.833430279;0.0353656907;0.806147735;0.0342079625;1.0444527;1.05189479;0.812482537;0.0925879428;1.03384373;0.75008633;0.0318287414;10;0.833333328;1.044444;1.044444;0.999999982;0.999999768
24.422523;1.03384236;0.833421861;0.0353645431;0.806139339;0.0342065405;1.04445205;1.05189347;0.812477147;0.0925852288;1.03384366;0.750080002;0.0318280618;10;0.833333387;1.044444;1.044444;0.999999287;0.999999961
24.425523;1.0338424;0.833420735;0.0353634946;0.806138223;0.0342054701;1.04445196;1.05189443;0.8124754;0.09258506;1.03384368;0.750079045;0.0318270378;10;0.833333406;1.044444;1.044444;0.999999301;0.999999946
24.432523;1.03384256;0.833419664;0.0353636453;0.806137135;0.0342054733;1.04445179;1.05189445;0.812474407;0.0925838102;1.03384365;0.750078033;0.0318269361;10;0.833333428;1.044444;1.044444;0.999999362;0.99999992
24.445523;1.03384281;0.833417731;0.0353637815;0.806135259;0.0342053485;1.04445164;1.05189423;0.812473527;0.0925837244;1.03384328;0.750075799;0.0318267735;10;0.833333423;1.044444;1.044444;0.999999398;0.999999801
24.531523;1.03384351;0.833407111;0.0353595738;0.806125199;0.034203165;1.04445088;1.05189406;0.812461862;0.0925791582;1.03384291;0.750066056;0.0318244807;10;0.833332901;1.044444;1.044444;0.999999426;1.0000001
24.533523;1.03384354;0.833406028;0.0353595915;0.806124153;0.0342031728;1.04445084;1.05189407;0.812460831;0.0925791688;1.03384293;0.750065025;0.0318244846;10;0.833332888;1.044444;1.044444;0.999999423;1.0000001
24.553523;1.03384353;0.833403576;0.0353587619;0.806122017;0.0342016177;1.04445032;1.05189388;0.812459124;0.0925793124;1.03384291;0.750062633;0.0318234145;10;0.833332912;1.044444;1.044444;0.999999542;0.999999915
24.570523;1.0338435;0.833400983;0.0353586667;0.806119931;0.0342010236;1.04445016;1.05189362;0.81245685;0.0925781879;1.03384286;0.750060689;0.0318232752;10;0.833332752;1.044444;1.044444;0.999999502;0.999999718
24.587523;1.03384358;0.833398393;0.0353586594;0.806117365;0.0342010131;1.04445;1.05189362;0.812454235;0.0925769914;1.03384309;0.750058789;0.0318228639;10;0.833332687;1.044444;1.044444;0.999999446;0.999999739
24.590523;1.03384358;0.833398347;0.0353575862;0.806117341;0.0341999671;1.04445005;1.05189453;0.812453453;0.0925768813;1.03384314;0.750058802;0.0318217501;10;0.83333273;1.044444;1.044444;0.999999484;0.999999804
24.792523;1.03384275;0.833379642;0.0353539343;0.806098156;0.0341957913;1.04444957;1.05189235;0.812435385;0.0925698269;1.03384292;0.750040371;0.0318181733;10;0.833332849;1.044444;1.044444;0.99999887;0.999999635
24.822523;1.03384282;0.833376919;0.0353522785;0.806095774;0.034195124;1.04444953;1.05189338;0.81243267;0.0925688766;1.03384278;0.750038881;0.0318173878;10;0.833332501;1.044444;1.044444;0.99999876;1.00000015
24.962523;1.03384264;0.833365936;0.0353496127;0.80608483;0.0341930542;1.04444798;1.05189164;0.812423304;0.0925644902;1.0338439;0.750029004;0.0318153325;10;0.833333165;1.044444;1.044444;0.999999856;0.99999954
24.966523;1.03384258;0.833365864;0.0353496321;0.806084861;0.0341931364;1.04444788;1.05189256;0.81242258;0.0925644412;1.03384383;0.750029071;0.0318154484;10;0.83333314;1.044444;1.044444;0.999999958;0.999999668
24.998523;1.03384198;0.833363077;0.0353488459;0.806082712;0.0341920683;1.04444707;1.05189246;0.812420852;0.0925646305;1.03384294;0.750027079;0.0318145428;10;0.833333138;1.044444;1.044444;1.00000021;1.00000026
25.002523;1.03384192;0.833363057;0.0353487964;0.806082737;0.0341920119;1.04444712;1.05189249;0.812420745;0.0925646271;1.03384289;0.750026998;0.0318144115;10;0.833333098;1.044444;1.044444;1.00000023;1.00000029
25.061523;1.03384224;0.833360004;0.035348418;0.806080097;0.0341913916;1.04444747;1.05189086;0.812418125;0.0925615088;1.03384315;0.750023899;0.0318141388;10;0.833332621;1.044444;1.044444;1.00000042;1.00000022
25.107523;1.03384346;0.833357666;0.0353469481;0.806078151;0.0341904379;1.04444803;1.05189069;0.812415697;0.0925614123;1.03384356;0.750022092;0.031813172;10;0.833332545;1.044444;1.044444;1.00000018;0.999999505
25.143523;1.03384322;0.833355737;0.0353477129;0.806076017;0.0341904928;1.04444704;1.05189069;0.812413789;0.09256151;1.03384303;0.750020173;0.031813611;10;0.833333703;1.044444;1.044444;0.999999926;0.999999788
25.179523;1.03384303;0.833354389;0.0353465149;0.806074484;0.0341895309;1.04444659;1.05189078;0.812411513;0.0925598882;1.0338428;0.75001841;0.0318119756;10;0.83333332;1.044444;1.044444;0.999999506;1.00000023
25.196523;1.03384315;0.833353897;0.0353465251;0.806073079;0.0341889288;1.04444629;1.05189091;0.812411371;0.0925597502;1.033843;0.750017228;0.0318120006;10;0.833332838;1.044444;1.044444;0.999999564;1.00000001
25.210523;1.03384337;0.833352867;0.0353466783;0.806071848;0.0341885653;1.04444621;1.05189102;0.812410035;0.0925598112;1.03384296;0.750016347;0.031812129;10;0.833332588;1.044444;1.044444;0.999999664;0.999999898
25.291523;1.03384321;0.833348777;0.0353455711;0.806068687;0.0341881888;1.04444694;1.05189132;0.81240737;0.092559874;1.03384337;0.750013665;0.0318107045;10;0.833332584;1.044444;1.044444;1.00000054;0.999999484
25.482523;1.03384285;0.83334389;0.0353439403;0.806063521;0.0341877223;1.04444625;1.05189027;0.812402535;0.0925552096;1.03384317;0.750009925;0.031810134;10;0.833333084;1.044444;1.044444;1.00000037;1.00000038
25.503523;1.03384281;0.833342036;0.0353439305;0.80606252;0.034187299;1.04444603;1.05189017;0.81240249;0.0925549418;1.03384293;0.750008867;0.0318102431;10;0.833332966;1.044444;1.044444;0.999999924;1.00000015
25.504523;1.03384282;0.83334201;0.0353439445;0.806062527;0.0341872809;1.04444602;1.05189112;0.812401744;0.0925548758;1.03384293;0.750008859;0.0318102422;10;0.833332964;1.044444;1.044444;0.999999931;1.00000012
25.512523;1.03384296;0.83334186;0.0353430265;0.80606256;0.0341861221;1.04444593;1.05189119;0.812401693;0.0925550725;1.03384283;0.750008807;0.0318092041;10;0.833332985;1.044444;1.044444;1.00000002;0.99999994
25.579523;1.0338428;0.833340834;0.035344156;0.806061325;0.0341861342;1.04444527;1.0518917;0.812399238;0.0925549366;1.03384334;0.750007534;0.0318092014;10;0.833332697;1.044444;1.044444;0.999999593;1.00000018
25.858523;1.03384276;0.833335592;0.0353416612;0.806056651;0.0341851788;1.04444587;1.05189058;0.812394169;0.0925535295;1.03384312;0.750002508;0.0318083988;10;0.833332941;1.044444;1.044444;1.00000003;1.00000044
25.995278;1.03384305;0.833334248;0.0353404538;0.806054212;0.0341846095;1.04444524;1.05189069;0.812391875;0.0925529746;1.03384339;0.750000348;0.0318073935;10;0.833333595;1.044444;1.044444;0.999999698;0.99999997
26.307046;1.03384277;0.833330114;0.0353415553;0.806050478;0.034183466;1.04444482;1.05188968;0.8123904;0.0925514107;1.03384304;0.749996555;0.0318070002;10;0.833333863;1.044444;1.044444;0.999998911;1.00000023
26.329046;1.03384283;0.833330028;0.0353413629;0.80605037;0.0341834518;1.04444466;1.05188945;0.812390487;0.0925515396;1.0338434;0.749997033;0.0318071623;10;0.8333341;1.044444;1.044444;0.999999401;1.00000016
26.330046;1.03384283;0.833330004;0.035341351;0.806050369;0.0341834719;1.04444468;1.0518904;0.812389766;0.0925514684;1.03384341;0.749997062;0.0318071742;10;0.833334085;1.044444;1.044444;0.999999434;1.00000015
26.379046;1.03384273;0.833329916;0.0353402489;0.806050512;0.0341832666;1.04444499;1.05189099;0.812388999;0.0925516522;1.03384385;0.749996845;0.031805893;10;0.833333453;1.044444;1.044444;0.999999466;1.00000027
26.472046;1.03384249;0.833328755;0.0353400778;0.806050263;0.0341832811;1.04444476;1.05189049;0.812389073;0.0925510777;1.03384324;0.749994809;0.0318054565;10;0.833332552;1.044444;1.044444;0.999999318;1.00000022
26.517046;1.0338435;0.83332808;0.035340426;0.806049363;0.0341825922;1.04444475;1.0518906;0.812387921;0.0925506259;1.03384351;0.749996458;0.0318057828;10;0.833332213;1.044444;1.044444;0.999999852;1.00000017
27.220046;1.03384333;0.833327776;0.0353400215;0.806048557;0.0341828769;1.04444546;1.05189012;0.812386502;0.0925502914;1.03384333;0.749994943;0.0318065786;10;0.833333302;1.044444;1.044444;1.00000083;0.999999304
32.390781;1.033843;0.833328889;0.03534;0.806049747;0.03418314;1.044445;1.05189068;0.812387967;0.0925508087;1.033843;0.749996;0.031806;10;0.833333;1.044444;1.044444;1;1
33.115781;1.033842;0.833328889;0.03534;0.806050527;0.0341831731;1.044444;1.05188973;0.812388701;0.0925508923;1.033842;0.749996;0.031806;10;0.833333;1.044444;1.044444;1;1
100.000000;1.033842;0.833333333;0.03534;0.806054826;0.0341831731;1.044444;1.05189036;0.812392444;0.0925518936;1.033842;0.75;0.031806;10;0.833333;1.044444;1.044444;1;1
