time;BusPDR_BUS_Voltage;BusPDR_BUS_ActivePower;BusPDR_BUS_ReactivePower;BusPDR_BUS_ActiveCurrent;BusPDR_BUS_ReactiveCurrent;Measurements_BUS_Voltage;Measurements_BUS_ActivePower;Measurements_BUS_ReactivePower;StepUp_Xfmr_XFMR_Tap;Wind_Turbine_GEN_ActivePowerSetpointPu;Wind_Turbine_GEN_ReactivePowerSetpointPu
0.000000000;1.044e+00;8.332e-01;0.000e+00;7.978e-01;0.000e+00;1.044e+00;3.333e-02;0.000e+00;1.000e+01;8.333e-01;6.920e-04
29.999994000;1.044e+00;8.332e-01;0.000e+00;7.978e-01;0.000e+00;1.044e+00;3.333e-02;0.000e+00;1.000e+01;8.333e-01;6.920e-04
29.999994000;1.002e-06;-5.112e-09;-0.000e+00;-8.208e-09;0.000e+00;9.995e-07;-2.526e-10;-0.000e+00;1.000e+01;8.333e-01;6.920e-04
30.149994000;9.925e-07;1.005e-09;-0.000e+00;-3.589e-10;0.000e+00;9.971e-07;3.965e-10;-0.000e+00;1.000e+01;8.333e-01;6.920e-04
30.149994000;1.062e+00;1.085e-09;0.000e+00;-1.217e-10;0.000e+00;1.062e+00;5.471e-10;0.000e+00;1.000e+01;8.333e-01;6.920e-04
100.000000000;1.062e+00;5.187e-10;0.000e+00;-9.745e-09;0.000e+00;1.062e+00;2.917e-09;0.000e+00;1.000e+01;8.333e-01;6.920e-04
