time;BusPDR_BUS_Voltage;BusPDR_BUS_ActivePower;BusPDR_BUS_ReactivePower;BusPDR_BUS_ActiveCurrent;BusPDR_BUS_ReactiveCurrent;Wind_Turbine_GEN_UPuInjTerminal;Wind_Turbine_GEN_IpInjTerminal;Wind_Turbine_GEN_IqInjTerminal;Measurements_BUS_Voltage;Measurements_BUS_ActivePower;Measurements_BUS_ReactivePower;StepUp_Xfmr_XFMR_Tap;Wind_Turbine_GEN_ActivePowerSetpointPu;Wind_Turbine_GEN_ReactivePowerSetpointPu
0.000000000;1.044e+00;8.332e-01;0.000e+00;7.978e-01;0.000e+00;1.044e+00;7.978e-01;6.702e-04;1.044e+00;3.333e-02;0.000e+00;1.000e+01;8.333e-01;6.920e-04
29.999994000;1.044e+00;8.332e-01;0.000e+00;7.978e-01;0.000e+00;1.044e+00;7.978e-01;6.702e-04;1.044e+00;3.333e-02;0.000e+00;1.000e+01;8.333e-01;6.920e-04
29.999994000;9.993e-07;-1.798e-09;-0.000e+00;3.063e-09;0.000e+00;8.668e-04;-6.691e-09;8.075e-01;1.004e-06;-4.193e-09;-0.000e+00;1.000e+01;8.333e-01;6.920e-04
30.000016000;9.995e-07;-1.392e-09;-0.000e+00;5.267e-09;0.000e+00;8.648e-04;-7.358e-09;8.094e-01;1.003e-06;-2.388e-09;-0.000e+00;1.000e+01;8.333e-01;6.920e-04
30.002029000;9.969e-07;-2.882e-09;-0.000e+00;5.602e-10;0.000e+00;7.095e-04;1.409e-09;6.694e-01;9.978e-07;3.840e-09;-0.000e+00;1.000e+01;8.333e-01;6.920e-04
30.002062000;9.972e-07;-2.467e-09;-0.000e+00;6.190e-10;0.000e+00;1.004e-06;1.046e-09;3.681e-09;9.989e-07;4.204e-09;-0.000e+00;1.000e+01;8.333e-01;6.920e-04
30.149994000;9.967e-07;1.885e-09;-0.000e+00;6.689e-09;0.000e+00;1.003e-06;1.421e-09;2.319e-09;1.005e-06;-8.676e-09;-0.000e+00;1.000e+01;8.333e-01;6.920e-04
30.149994000;1.062e+00;1.979e-09;0.000e+00;6.743e-09;0.000e+00;1.062e+00;1.675e-09;2.581e-09;1.062e+00;-8.534e-09;0.000e+00;1.000e+01;8.333e-01;6.920e-04
100.000000000;1.062e+00;2.536e-09;0.000e+00;2.445e-09;0.000e+00;1.062e+00;2.099e-09;-2.497e-10;1.062e+00;3.571e-09;0.000e+00;1.000e+01;8.333e-01;6.920e-04
