time;BusPDR_BUS_Voltage;BusPDR_BUS_ActivePower;BusPDR_BUS_ReactivePower;BusPDR_BUS_ActiveCurrent;BusPDR_BUS_ReactiveCurrent;Wind_Turbine_GEN_UPuInjTerminal;Wind_Turbine_GEN_IpInjTerminal;Wind_Turbine_GEN_IqInjTerminal;Measurements_BUS_Voltage;Measurements_BUS_ActivePower;Measurements_BUS_ReactivePower;StepUp_Xfmr_XFMR_Tap;Wind_Turbine_GEN_ActivePowerSetpointPu;Wind_Turbine_GEN_ReactivePowerSetpointPu
0.000000000;1.044e+00;8.332e-01;-0.000e+00;7.978e-01;-0.000e+00;1.044e+00;7.978e-01;6.702e-04;1.044e+00;3.333e-02;-0.000e+00;1.000e+01;8.333e-01;6.920e-04
29.999994000;1.044e+00;8.332e-01;-0.000e+00;7.978e-01;-0.000e+00;1.044e+00;7.978e-01;6.702e-04;1.044e+00;3.333e-02;-0.000e+00;1.000e+01;8.333e-01;6.920e-04
29.999994000;3.002e-06;-1.630e-09;-2.500e-05;4.296e-10;0.000e+00;8.666e-04;-1.264e-10;8.078e-01;2.999e-06;-2.088e-10;-1.000e-06;1.000e+01;8.333e-01;6.920e-04
30.000013000;3.002e-06;-1.038e-09;-2.500e-05;1.012e-09;0.000e+00;8.648e-04;1.128e-09;8.095e-01;3.001e-06;-1.474e-09;-1.000e-06;1.000e+01;8.333e-01;6.920e-04
30.002029000;2.999e-06;-4.317e-09;-2.500e-05;1.219e-08;0.000e+00;7.092e-04;5.236e-09;6.697e-01;3.000e-06;2.693e-09;-1.000e-06;1.000e+01;8.333e-01;6.920e-04
30.002062000;2.999e-06;-4.707e-09;-2.500e-05;1.238e-08;0.000e+00;3.001e-06;4.473e-09;7.250e-10;3.000e-06;2.961e-09;-1.000e-06;1.000e+01;8.333e-01;6.920e-04
100.000000000;2.997e-06;1.143e-09;-2.500e-05;1.868e-09;0.000e+00;2.999e-06;-9.394e-10;1.136e-10;2.998e-06;-1.162e-09;-1.000e-06;1.000e+01;8.333e-01;6.920e-04
