time;InternalNode1_BUS_Voltage;InternalNode1_BUS_ActivePower;InternalNode1_BUS_ReactivePower;InternalNode1_BUS_ActiveCurrent;InternalNode1_BUS_ReactiveCurrent;PV_Array_GEN_VoltageInjTerminal;PV_Array_GEN_ActiveCurrentInjTerminal;PV_Array_GEN_ReactiveCurrentInjTerminal;PV_Array_GEN_ActivePowerControlledPu;PV_Array_GEN_ReactivePowerControlledPu;Measurements_BUS_Voltage;Measurements_BUS_ActivePower;Measurements_BUS_ReactivePower;PV_Array_GEN_ActivePowerSetpointPu;PV_Array_GEN_ReactivePowerSetpointPu
0.000000;1.05;0.416;0.444;0.396190476;0.422857143;1.081463;0.389472409;0.429048428;0.4212;0.464;1.05;0.00104;0.00111;0.421037;0.464147
29.989994;1.04999966;0.416000018;0.444000275;0.396190323;0.422857054;1.0814634;0.389472399;0.429048721;0.421200153;0.463999475;1.05000014;0.00104;0.00111068525;0.421037;0.464147
29.990010;1.04994966;0.416000018;0.444000275;0.39620919;0.422877191;1.0814134;0.389490407;0.429068558;0.421200153;0.463999475;1.04995014;0.00104;0.00111068519;0.421037;0.464147
29.990026;1.04986966;0.416000018;0.444000275;0.396239382;0.422909414;1.0813334;0.389149308;0.429100302;0.420800154;0.463999475;1.04987014;0.00104;0.00111068513;0.421037;0.464147
29.990058;1.04970966;0.416000017;0.444000276;0.396299778;0.422973874;1.0811734;0.389206897;0.429163802;0.420800154;0.463999475;1.04971014;0.00104;0.00111068502;0.421037;0.464147
29.990122;1.04938966;0.415600015;0.443600276;0.396039453;0.422721681;1.0808534;0.389322125;0.429290862;0.420800155;0.463999475;1.04939013;0.001039;0.00110968479;0.421037;0.464147
29.990250;1.04875066;0.415600011;0.443600276;0.396280759;0.42297924;1.0802144;0.38918213;0.42917451;0.420400156;0.463599476;1.04875113;0.001039;0.00110968434;0.421037;0.464147
29.990378;1.04811066;0.415200008;0.443200277;0.396141099;0.422855879;1.07957641;0.389412124;0.429057624;0.420400158;0.463199476;1.04811113;0.001038;0.00110868388;0.421037;0.464147
29.990506;1.04747166;0.414800004;0.442800277;0.396000892;0.422731964;1.07893741;0.389272015;0.429311732;0.420000159;0.463199476;1.04747213;0.001037;0.00110768343;0.421037;0.464147
29.990634;1.04683166;0.414800001;0.442800278;0.396242995;0.422990407;1.07829841;0.389131741;0.429195186;0.419600161;0.462799476;1.04683213;0.001037;0.00110768297;0.421037;0.464147
29.990762;1.04619266;0.414399997;0.442400278;0.396102677;0.422866422;1.07766042;0.389362114;0.429449278;0.419600162;0.462799476;1.04619313;0.001036;0.00110668252;0.421037;0.464147
29.991018;1.04491466;0.41399999;0.442000279;0.396204334;0.423000804;1.07638342;0.389080812;0.429215536;0.418800166;0.461999477;1.04491513;0.001035;0.00110568163;0.421037;0.464147
29.991248;1.04376466;0.413599984;0.44160028;0.396257638;0.423083625;1.07523543;0.389124208;0.429301784;0.418400168;0.461599477;1.04376512;0.001034;0.00110468109;0.421037;0.464147
29.991479;1.04261567;0.413199978;0.441200281;0.39631068;0.423166223;1.07408844;0.389167335;0.429387816;0.418000171;0.461199477;1.04261612;0.001033;0.00110368054;0.421037;0.464147
29.991709;1.04146667;0.412399972;0.440400282;0.395979766;0.422864931;1.07294144;0.389210553;0.429474033;0.417600173;0.460799477;1.04146712;0.001031;0.00110168;0.421037;0.464147
29.991940;1.04031767;0.411999966;0.440000284;0.396032619;0.42294747;1.07179545;0.389253502;0.429560032;0.417200176;0.460399477;1.04031812;0.00103;0.00110067946;0.421037;0.464147
29.992170;1.03916967;0.41159996;0.439600285;0.396085206;0.423029784;1.07065046;0.389296178;0.429645815;0.416800178;0.459999477;1.03917011;0.001029;0.00109967909;0.421037;0.464147
29.992400;1.03802267;0.411199954;0.439200287;0.396137529;0.423111873;1.06950646;0.389338582;0.42973138;0.416400181;0.459599477;1.03802311;0.001028;0.0010986788;0.421037;0.464147
29.992631;1.03687567;0.410799948;0.438800289;0.396189967;0.423194143;1.06836347;0.389380712;0.429816725;0.416000183;0.459199477;1.03687611;0.001027;0.0010976785;0.421037;0.464147
29.992861;1.03572867;0.410399943;0.43840029;0.396242521;0.423276596;1.06722147;0.389422568;0.429527045;0.415600185;0.458399477;1.03572911;0.001026;0.0010966782;0.421037;0.464147
29.993322;1.03343767;0.409599931;0.437600294;0.39634683;0.423440822;1.06493848;0.389130574;0.429696636;0.41440019;0.457599476;1.0334381;0.001024;0.00109467791;0.421037;0.464147
29.993783;1.03114868;0.40839992;0.436800298;0.396062916;0.423604956;1.0626605;0.389211909;0.429864932;0.413600194;0.456799476;1.0311491;0.001021;0.00109267776;0.421037;0.464147
29.994244;1.02886168;0.40759991;0.436000303;0.396165748;0.423768997;1.06038551;0.389292494;0.430409957;0.412800198;0.456399475;1.02886209;0.001019;0.00109067783;0.421037;0.464147
29.994704;1.02657769;0.4067999;0.435200308;0.39626788;0.423932529;1.05811452;0.389371953;0.430577664;0.412000201;0.455599474;1.02657808;0.001017;0.0010886781;0.421037;0.464147
29.995165;1.02429469;0.40599989;0.434400313;0.396370081;0.424096378;1.05584653;0.389450647;0.430744869;0.411200205;0.454799473;1.02429508;0.001015;0.00108667853;0.421037;0.464147
29.995626;1.0220147;0.40519988;0.434000319;0.396471575;0.424651097;1.05358254;0.389148544;0.430911158;0.410000208;0.453999472;1.02201507;0.001013;0.00108567924;0.421037;0.464147
29.996087;1.0197377;0.404399871;0.433200325;0.396572357;0.424814788;1.05132255;0.389224133;0.431076523;0.409200211;0.453199471;1.01973807;0.001011;0.00108368004;0.421037;0.464147
29.996548;1.01746171;0.403599862;0.432400331;0.396673199;0.424978793;1.04906556;0.389298935;0.431622659;0.408400213;0.45279947;1.01746206;0.001009;0.00108168121;0.421037;0.464147
29.997008;1.01518871;0.402399854;0.432000338;0.396379306;0.425536294;1.04681257;0.389372572;0.431787387;0.407600215;0.451999469;1.01518906;0.001006;0.00108068237;0.421037;0.464147
29.997469;1.01291772;0.401599846;0.431200345;0.39647821;0.425700556;1.04456358;0.389445036;0.432334105;0.406800217;0.451599467;1.01291805;0.001004;0.00107868397;0.421037;0.464147
29.997930;1.01064873;0.400799838;0.430800351;0.396576775;0.426260499;1.04231759;0.38951669;0.432498177;0.406000219;0.450799466;1.01064905;0.001002;0.00107768558;0.421037;0.464147
29.998391;1.00838174;0.399999831;0.430000359;0.396674998;0.426425441;1.0400756;0.389587156;0.433045881;0.40520022;0.450399465;1.00838205;0.001;0.00107568753;0.421037;0.464147
29.998852;1.00611675;0.399199824;0.429600366;0.396772873;0.426987846;1.03783661;0.389656801;0.433594698;0.404400221;0.449999464;1.00611704;0.000998;0.00107468956;0.421037;0.464147
29.999312;1.00385476;0.398399817;0.428800373;0.396870005;0.427153047;1.03560162;0.389725243;0.433757962;0.403600221;0.449199464;1.00385504;0.000996;0.00107269185;0.421037;0.464147
29.999611;1.00239076;0.397999812;0.428400378;0.397050595;0.427377856;1.03415563;0.38988338;0.434364456;0.403200221;0.449199463;1.00239104;0.000995;0.00107169342;0.421037;0.464147
29.999845;1.00124077;0.397599809;0.428400382;0.397107136;0.427868727;1.03302063;0.389924536;0.434454482;0.402800221;0.448799463;1.00124103;0.000994;0.00107169465;0.421037;0.464147
29.999994;1.00056777;0.397199807;0.428000384;0.396974466;0.427756743;1.03235664;0.389787867;0.434733917;0.402400222;0.448799463;1.00056803;0.000993;0.00107069543;0.421037;0.464147
30.000002;1.00047277;0.397199807;0.428000384;0.397012161;0.427797361;1.03226264;0.389823361;0.434773504;0.402400222;0.448799463;1.00047303;0.000993;0.00107069548;0.421037;0.464147
30.000058;1.00019877;0.397199806;0.428000385;0.397120922;0.427914553;1.03199164;0.389925728;0.434500074;0.402400221;0.448399463;1.00019903;0.000993;0.00107069582;0.421037;0.464147
30.000122;0.999884773;0.397199805;0.428000386;0.397245633;0.428048933;1.03168264;0.389654798;0.434630211;0.402000221;0.448399463;0.999885031;0.000993;0.00107069621;0.421037;0.464147
30.000250;0.999257776;0.396799803;0.428000388;0.397094596;0.428317516;1.03106364;0.389888727;0.434891139;0.402000221;0.448399463;0.99925803;0.000992;0.00107069699;0.421037;0.464147
30.000506;0.998003782;0.3963998;0.427600392;0.397192753;0.428454896;1.02982765;0.389968255;0.435024678;0.401600221;0.447999463;0.998004028;0.000991;0.00106969855;0.421037;0.464147
30.001018;0.995498794;0.395599793;0.4272004;0.39738861;0.42913121;1.02735766;0.390127126;0.435681219;0.40080022;0.447599463;0.995499024;0.000989;0.00106870169;0.421037;0.464147
30.001530;0.992995807;0.394799787;0.426800408;0.397584656;0.429810071;1.02489167;0.389894955;0.436339221;0.399600218;0.447199463;0.99299602;0.000987;0.00106770522;0.421037;0.464147
30.002530;0.988113833;0.392799775;0.425600423;0.397524974;0.430719191;1.02008669;0.39016301;0.437610282;0.398000213;0.446399465;0.988114011;0.000982;0.00106471246;0.421037;0.464147
30.003430;0.983728857;0.391599764;0.424800435;0.398077123;0.431825886;1.01577571;0.390637515;0.438679931;0.396800207;0.445599467;0.983729003;0.000979;0.00106271946;0.421037;0.464147
30.003909;0.98139787;0.390799759;0.424400441;0.398207475;0.432443961;1.01348672;0.390730431;0.439276022;0.396000204;0.445199469;0.981397999;0.000977;0.00106172329;0.421037;0.464147
30.004388;0.979068883;0.389999754;0.424400446;0.398337636;0.433472647;1.01119873;0.390823382;0.440269947;0.395200199;0.445199471;0.979068995;0.000975;0.00106172719;0.421037;0.464147
30.005824;0.972087924;0.387599738;0.423200459;0.3987294;0.43535113;1.00434976;0.391098937;0.442077471;0.392800184;0.443999479;0.97208798;0.000969;0.00105873887;0.421037;0.464147
30.006782;0.96744095;0.386399729;0.422400464;0.399404293;0.436615356;0.999795773;0.391680126;0.443691008;0.391600172;0.443599485;0.96744097;0.000966;0.00105674653;0.421037;0.464147
30.007740;0.962799976;0.38479972;0.422000468;0.399667753;0.438304513;0.995251786;0.391860788;0.445314836;0.390000158;0.443199493;0.96279996;0.000962;0.00105575414;0.421037;0.464147
30.008697;0.958165;0.383199712;0.42120047;0.399931262;0.439589813;0.990716797;0.392443295;0.4469495;0.388800144;0.442399501;0.958164949;0.000958;0.00105376182;0.421037;0.464147
30.009655;0.953536024;0.381999705;0.420800469;0.400614305;0.441304329;0.986191807;0.392621575;0.448594649;0.387200129;0.441999511;0.953535938;0.000955;0.0010527696;0.421037;0.464147
30.009942;0.952150031;0.381599703;0.420800468;0.400777365;0.441946711;0.98483781;0.392755215;0.448805235;0.386800125;0.441999514;0.952149935;0.000954;0.00105277194;0.421037;0.464147
30.010059;0.951879034;0.381599702;0.420800468;0.40089147;0.442072533;0.984579811;0.392858135;0.448922838;0.386800123;0.441999515;0.951878933;0.000954;0.00105277289;0.421037;0.464147
30.010123;0.951890035;0.381599702;0.420800468;0.400886839;0.442067423;0.984597812;0.392850954;0.449320888;0.386800122;0.442399516;0.951889933;0.000954;0.00105277341;0.421037;0.464147
30.010251;0.951912038;0.381599701;0.421200467;0.400877577;0.442477411;0.984633813;0.393242836;0.449304458;0.38720012;0.442399517;0.951911931;0.000954;0.00105377444;0.421037;0.464147
30.010379;0.951934041;0.3815997;0.421200467;0.400868316;0.442467184;0.984669814;0.39322846;0.449694257;0.387200118;0.442799519;0.95193393;0.000954;0.00105377548;0.421037;0.464147
30.010635;0.951979047;0.381999699;0.421600466;0.401269552;0.442866443;0.984742816;0.393199314;0.450067114;0.387200114;0.443199522;0.951978927;0.000955;0.00105477755;0.421037;0.464147
30.010865;0.952020053;0.381999697;0.422000465;0.401252277;0.443267527;0.984810818;0.393578338;0.450442203;0.38760011;0.443599524;0.952019924;0.000955;0.00105577942;0.421037;0.464147
30.011096;0.952061058;0.382399696;0.422400463;0.401655144;0.443668577;0.98487882;0.393551167;0.450817241;0.387600106;0.443999527;0.952060921;0.000956;0.00105678126;0.421037;0.464147
30.011326;0.952103064;0.382399695;0.422800462;0.401637432;0.444069125;0.984946822;0.393524002;0.451192226;0.387600103;0.44439953;0.952102919;0.000956;0.00105778304;0.421037;0.464147
30.011557;0.952146069;0.382399694;0.42360046;0.401619298;0.444889275;0.985016823;0.393902125;0.451566243;0.388000099;0.444799533;0.952145916;0.000956;0.00105978484;0.421037;0.464147
30.011787;0.952189075;0.382799692;0.424000459;0.402021252;0.445289266;0.985086825;0.393874139;0.452346263;0.388000095;0.445599536;0.952188913;0.000957;0.00106078663;0.421037;0.464147
30.012017;0.95223208;0.382799691;0.424400457;0.402003104;0.445689222;0.985157827;0.394251784;0.452719685;0.388400091;0.445999539;0.95223191;0.000957;0.0010617884;0.421037;0.464147
30.012248;0.952275086;0.38279969;0.424800455;0.401984958;0.446089141;0.985227828;0.394223777;0.453093513;0.388400088;0.446399542;0.952274908;0.000957;0.00106279005;0.421037;0.464147
30.012478;0.952318091;0.38319969;0.425200453;0.402386841;0.446489024;0.985298829;0.394195375;0.453466828;0.388400084;0.446799545;0.952317905;0.000958;0.00106379169;0.421037;0.464147
30.012709;0.952360097;0.383199689;0.425600451;0.4023691;0.446889341;0.985368831;0.394573316;0.45384055;0.38880008;0.447199549;0.952359902;0.000958;0.00106479333;0.421037;0.464147
30.012939;0.952403102;0.383599688;0.426000449;0.40277093;0.447289152;0.985437832;0.394545693;0.454214679;0.388800076;0.447599552;0.9524029;0.000959;0.00106579497;0.421037;0.464147
30.013400;0.952487113;0.383599686;0.426800443;0.40273542;0.448089608;0.985575834;0.394896315;0.45496278;0.389200068;0.448399559;0.952486894;0.000959;0.00106779789;0.421037;0.464147
30.013861;0.952570124;0.383999685;0.427600438;0.403120257;0.448890394;0.985712836;0.395247239;0.456116933;0.38960006;0.449599566;0.952569889;0.00096;0.00106980075;0.421037;0.464147
30.014321;0.952653136;0.384399684;0.428400431;0.403505026;0.449691042;0.985847838;0.395598868;0.456865949;0.390000052;0.450399573;0.952652884;0.000961;0.00107180324;0.421037;0.464147
30.014782;0.952733147;0.384799683;0.429200424;0.403891;0.450492968;0.985980839;0.395545518;0.457615688;0.390000044;0.451199581;0.952732878;0.000962;0.00107380558;0.421037;0.464147
30.015243;0.952813158;0.384799682;0.430000417;0.403857098;0.45129476;0.98611184;0.395898618;0.458366156;0.390400035;0.451999589;0.952812873;0.000962;0.00107580762;0.421037;0.464147
30.015704;0.95289217;0.385199682;0.430800408;0.404243401;0.452096893;0.986240841;0.396252427;0.459117354;0.390800027;0.452799597;0.952891868;0.000963;0.00107780938;0.421037;0.464147
30.016165;0.952969181;0.385599682;0.4316004;0.404630489;0.452899843;0.986367841;0.396606949;0.459869289;0.391200018;0.453599605;0.952968863;0.000964;0.00107981092;0.421037;0.464147
30.016625;0.953045192;0.385999682;0.43240039;0.405017939;0.453703139;0.986493841;0.396961782;0.460621495;0.391600009;0.454399613;0.953044857;0.000965;0.00108181204;0.421037;0.464147
30.017086;0.953120204;0.386399682;0.432800381;0.405405752;0.454087111;0.986616841;0.396912306;0.461374914;0.3916;0.455199622;0.953119852;0.000966;0.00108281305;0.421037;0.464147
30.018008;0.953266227;0.386799682;0.43440036;0.40576329;0.455696002;0.986857839;0.397626054;0.462883531;0.392399982;0.456799641;0.953265842;0.000967;0.0010868139;0.421037;0.464147
30.018837;0.953393247;0.387599683;0.43560034;0.406548361;0.456893963;0.987067835;0.398351962;0.464000757;0.393199965;0.457999659;0.953392834;0.000969;0.00108981325;0.421037;0.464147
30.019667;0.953517268;0.387999684;0.436800319;0.406915004;0.458093046;0.98727183;0.398674829;0.465120334;0.393599948;0.459199678;0.953516825;0.00097;0.00109281133;0.421037;0.464147
30.020496;0.953636288;0.388799685;0.438000299;0.407703133;0.459294227;0.987469823;0.39940506;0.466242282;0.394399929;0.460399697;0.953635818;0.000972;0.00109580808;0.421037;0.464147
30.021325;0.953751307;0.389199687;0.439200278;0.408073381;0.460497042;0.987661815;0.399732432;0.467771616;0.39479991;0.461599717;0.953750811;0.000973;0.00109880349;0.421037;0.464147
30.022155;0.953863326;0.389599688;0.440000257;0.408444823;0.461281672;0.987846804;0.40046743;0.468493838;0.395599889;0.462799737;0.953862804;0.000974;0.00110079759;0.421037;0.464147
30.022984;0.953971344;0.39039969;0.441200236;0.409237191;0.462487356;0.988025792;0.400799741;0.469623487;0.395999867;0.463999756;0.953970798;0.000976;0.00110379045;0.421037;0.464147
30.023814;0.954075362;0.390799691;0.442400216;0.409611842;0.463694713;0.988199778;0.401538736;0.470755111;0.396799844;0.465199775;0.954074794;0.000977;0.00110678205;0.421037;0.464147
30.024643;0.954176378;0.391599694;0.443200197;0.410406909;0.46448406;0.988366761;0.40187561;0.471889679;0.39719982;0.466399794;0.95417579;0.000979;0.00110877287;0.421037;0.464147
30.025473;0.954273393;0.391999697;0.444000178;0.410784363;0.46527519;0.988528743;0.402619045;0.472621615;0.397999796;0.467199811;0.954272787;0.00098;0.00111076308;0.421037;0.464147
30.026302;0.954366407;0.3927997;0.44520016;0.411582588;0.466487241;0.988684722;0.402960104;0.473760762;0.398399771;0.468399828;0.954365786;0.000982;0.00111375285;0.421037;0.464147
30.027132;0.95445642;0.393199704;0.446000142;0.411962865;0.467281438;0.9888357;0.40370761;0.474497437;0.399199745;0.469199843;0.954455785;0.000983;0.0011157423;0.421037;0.464147
30.027961;0.954543432;0.393599708;0.446800126;0.412344365;0.468076957;0.988980676;0.404052883;0.47523677;0.39959972;0.469999857;0.954542786;0.000984;0.00111773163;0.421037;0.464147
30.028790;0.954626443;0.394399714;0.447600111;0.413146536;0.468874296;0.98912165;0.404399688;0.475977812;0.399999695;0.470799869;0.954625788;0.000986;0.001119721;0.421037;0.464147
30.029620;0.954707453;0.394799719;0.448400096;0.413530457;0.469672479;0.989256624;0.40515319;0.477125879;0.40079967;0.47199988;0.954706792;0.000987;0.00112171054;0.421037;0.464147
30.030449;0.954784461;0.395199726;0.449200083;0.413916045;0.470472498;0.989386596;0.405504246;0.47787176;0.401199646;0.47279989;0.954783797;0.000988;0.0011237004;0.421037;0.464147
30.031279;0.954859468;0.395999732;0.450000072;0.414721348;0.471273373;0.989511568;0.405857258;0.478619864;0.401599623;0.473599898;0.954858803;0.00099;0.00112569067;0.421037;0.464147
30.032108;0.954930474;0.39639974;0.450400061;0.415109385;0.471657221;0.98963254;0.406616013;0.478965527;0.402399602;0.473999906;0.95492981;0.000991;0.00112668152;0.421037;0.464147
30.032938;0.954999478;0.396799747;0.451200052;0.415498234;0.472460848;0.989748512;0.406972493;0.47971767;0.402799582;0.474799913;0.954998818;0.000992;0.00112867311;0.421037;0.464147
30.033767;0.955065481;0.397199755;0.451600044;0.415888334;0.472847025;0.989860483;0.407330535;0.48047158;0.403199563;0.475599919;0.955064828;0.000993;0.0011296656;0.421037;0.464147
30.034597;0.955129482;0.397999763;0.452400038;0.416698042;0.473652929;0.989967455;0.408094606;0.481227752;0.403999546;0.476399925;0.955128838;0.000995;0.0011316589;0.421037;0.464147
30.035426;0.955190481;0.398399771;0.452800034;0.417090189;0.474041451;0.990071428;0.408455738;0.48158121;0.404399531;0.47679993;0.955189849;0.000996;0.00113265301;0.421037;0.464147
30.036255;0.955248479;0.398799779;0.453600031;0.417483596;0.474850151;0.990170401;0.408818858;0.482341001;0.404799517;0.477599936;0.95524786;0.000997;0.00113464792;0.421037;0.464147
30.037085;0.955304476;0.399199786;0.454000029;0.417877831;0.475241033;0.990266375;0.409183143;0.482698172;0.405199505;0.477999941;0.955303872;0.000998;0.00113564356;0.421037;0.464147
30.037914;0.955358472;0.399599793;0.454800029;0.418272896;0.476051556;0.990357349;0.409549424;0.48346161;0.405599495;0.478799945;0.955357884;0.000999;0.00113763992;0.421037;0.464147
30.038744;0.955410466;0.399999799;0.455200031;0.418668793;0.476444318;0.990446324;0.410320322;0.483822029;0.406399489;0.479199949;0.955409895;0.001;0.00113863678;0.421037;0.464147
30.039573;0.955460461;0.400399804;0.455600035;0.419065525;0.476838035;0.990530299;0.410689332;0.484184827;0.406799484;0.479599953;0.955459906;0.001001;0.00113963389;0.421037;0.464147
30.040403;0.955508455;0.401199809;0.456000041;0.41988172;0.477232709;0.990612274;0.411059108;0.484952333;0.407199483;0.480399955;0.955507916;0.001003;0.00114063111;0.421037;0.464147
30.042061;0.955597444;0.401999818;0.456800057;0.420679776;0.478025442;0.990765225;0.411803045;0.485684913;0.407999486;0.481199958;0.955596935;0.001005;0.00114262537;0.421037;0.464147
30.042891;0.955639439;0.402399822;0.457200068;0.42107985;0.478423005;0.990837201;0.412176798;0.486053325;0.408399491;0.481599959;0.955638943;0.001006;0.0011436221;0.421037;0.464147
30.043720;0.955679436;0.402399826;0.457600081;0.42106222;0.478821535;0.990906178;0.412551745;0.486423158;0.408799498;0.481999958;0.95567895;0.001006;0.0011446184;0.421037;0.464147
30.044550;0.955718433;0.402799831;0.458000095;0.421463564;0.479220534;0.990973155;0.412927473;0.486793922;0.409199508;0.482399957;0.955717957;0.001007;0.0011456142;0.421037;0.464147
30.045379;0.955755431;0.403199835;0.458400111;0.421865758;0.479620505;0.991037134;0.413304401;0.48716611;0.409599519;0.482799955;0.955754962;0.001008;0.00114660943;0.421037;0.464147
30.046209;0.95579143;0.403599839;0.458800128;0.422268363;0.480020948;0.991098113;0.413682533;0.487539726;0.409999532;0.483199953;0.955790965;0.001009;0.00114760402;0.421037;0.464147
30.047038;0.955825429;0.403999843;0.459200146;0.422671821;0.480422367;0.991157094;0.413657885;0.487914281;0.409999547;0.48359995;0.955824968;0.00101;0.00114859785;0.421037;0.464147
30.047868;0.955857428;0.404399847;0.459200165;0.423076136;0.480406292;0.991213076;0.41403804;0.488290268;0.410399563;0.483999946;0.955856969;0.001011;0.00114859062;0.421037;0.464147
30.048697;0.955889427;0.404799852;0.459600184;0.423480423;0.480808678;0.99126706;0.41441899;0.488667199;0.410799581;0.484399942;0.955888969;0.001012;0.00114958234;0.421037;0.464147
30.049697;0.955925424;0.405199858;0.460000208;0.423882909;0.481209027;0.991330043;0.414796133;0.489039649;0.411199603;0.484799936;0.955924968;0.001013;0.00115057104;0.421037;0.464147
30.050697;0.955959421;0.405599864;0.460400232;0.424286253;0.481610355;0.991389028;0.415174906;0.489414025;0.411599627;0.485199928;0.955958967;0.001014;0.00115155818;0.421037;0.464147
30.051697;0.955991418;0.40599987;0.460800255;0.424690459;0.482012665;0.991445016;0.415554895;0.489386387;0.411999653;0.48519992;0.955990965;0.001015;0.00115254374;0.421037;0.464147
30.052697;0.956022413;0.405999876;0.460800277;0.424676684;0.481997053;0.991499007;0.415935685;0.489763168;0.412399679;0.48559991;0.956021962;0.001015;0.00115252775;0.421037;0.464147
30.054697;0.956079403;0.406799887;0.461600318;0.425488117;0.482805107;0.991598996;0.416700514;0.490520564;0.413199736;0.486399887;0.956078957;0.001017;0.00115449126;0.421037;0.464147
30.055697;0.956106397;0.407199891;0.461600335;0.42589447;0.482791494;0.991644994;0.416681189;0.490497813;0.413199766;0.486399874;0.956105956;0.001018;0.00115447061;0.421037;0.464147
30.056697;0.95613139;0.407599896;0.46200035;0.426301694;0.483197246;0.991688995;0.417066061;0.490879405;0.413599797;0.486799862;0.956130955;0.001019;0.00115544815;0.421037;0.464147
30.057697;0.956155383;0.4075999;0.462000364;0.426291004;0.483185141;0.991730997;0.417451745;0.491261954;0.413999829;0.487199849;0.956154955;0.001019;0.00115542373;0.421037;0.464147
30.058697;0.956178374;0.407999903;0.462400375;0.426699096;0.483591874;0.991771001;0.417838241;0.491242142;0.414399861;0.487199837;0.956177957;0.00102;0.00115639732;0.421037;0.464147
30.059697;0.956199365;0.408399907;0.462400386;0.427108062;0.483581278;0.991809005;0.417822249;0.491626626;0.414399893;0.487599825;0.95619896;0.001021;0.00115636901;0.421037;0.464147
30.060697;0.956220355;0.408399911;0.462800396;0.427098699;0.483988997;0.991845009;0.418210393;0.491608783;0.414799925;0.487599814;0.956219963;0.001021;0.00115733895;0.421037;0.464147
30.061697;0.956239344;0.408799915;0.462800406;0.427508538;0.483979407;0.991879015;0.418599353;0.491995206;0.415199957;0.487999803;0.956238968;0.001022;0.00115730737;0.421037;0.464147
30.062697;0.956258333;0.409199919;0.463200415;0.427918361;0.484388114;0.99191202;0.418585449;0.491978838;0.415199989;0.487999792;0.956257972;0.001023;0.00115827462;0.421037;0.464147
30.063697;0.956275322;0.409199922;0.463200423;0.427910774;0.484379529;0.991943025;0.41897564;0.492366711;0.415600021;0.488399782;0.956274976;0.001023;0.00115824109;0.421037;0.464147
30.064697;0.956292311;0.409599925;0.463600432;0.428321473;0.484789227;0.991972031;0.418963415;0.492352316;0.415600052;0.488399773;0.95629198;0.001024;0.00115920731;0.421037;0.464147
30.065697;0.956308301;0.409599926;0.46360044;0.428314331;0.484781141;0.992001037;0.419354418;0.492741146;0.416000082;0.488799764;0.956307984;0.001024;0.00115917388;0.421037;0.464147
30.066697;0.956323291;0.409999925;0.463600448;0.428725905;0.48477356;0.992028043;0.419343029;0.492727734;0.416000112;0.488799757;0.956322987;0.001025;0.00115914134;0.421037;0.464147
30.067697;0.956338283;0.409999923;0.464000456;0.428719206;0.485184242;0.99205305;0.41973569;0.493118519;0.41640014;0.489199752;0.956337989;0.001025;0.00116011006;0.421037;0.464147
30.068697;0.956351275;0.41039992;0.464000464;0.429131658;0.485177667;0.992078058;0.419725136;0.493106091;0.416400167;0.489199747;0.956350991;0.001026;0.0011600802;0.421037;0.464147
30.069697;0.956365269;0.410399915;0.464000473;0.4291254;0.485170584;0.992101067;0.420118612;0.493094657;0.416800191;0.489199744;0.956364992;0.001026;0.00116005178;0.421037;0.464147
30.070697;0.956377264;0.410799908;0.464400482;0.429538284;0.485582759;0.992123076;0.420109317;0.493486896;0.416800213;0.489599742;0.956376993;0.001027;0.00116102475;0.421037;0.464147
30.071697;0.95638926;0.4107999;0.464400491;0.429532916;0.485576682;0.992145087;0.420503188;0.493475951;0.417200232;0.489599741;0.956388993;0.001027;0.00116099901;0.421037;0.464147
30.072697;0.956400258;0.410799891;0.464400501;0.429527996;0.485571112;0.992165098;0.42049473;0.493466003;0.417200248;0.489599739;0.956399991;0.001027;0.00116097445;0.421037;0.464147
30.073697;0.956411258;0.411199882;0.464400511;0.429941306;0.485565539;0.992184109;0.420889846;0.493456552;0.417600261;0.489599738;0.956410988;0.001028;0.00116095099;0.421037;0.464147
30.074697;0.956422258;0.411199872;0.464800522;0.429936381;0.485978191;0.992203121;0.420881801;0.493850245;0.41760027;0.489999736;0.956421984;0.001028;0.00116192865;0.421037;0.464147
30.075697;0.95643126;0.411599862;0.464800533;0.430350573;0.485973628;0.992221133;0.42087418;0.493841287;0.417600276;0.489999733;0.956430979;0.001029;0.00116190746;0.421037;0.464147
30.076697;0.956441264;0.411599852;0.464800544;0.430346089;0.485968554;0.992237146;0.421270535;0.493833325;0.418000277;0.48999973;0.956440973;0.001029;0.00116188749;0.421037;0.464147
30.077697;0.956450267;0.411599842;0.464800554;0.430342054;0.485963987;0.99225416;0.421263328;0.49422799;0.418000275;0.489999727;0.956449967;0.001029;0.00116186875;0.421037;0.464147
30.078697;0.956459272;0.411999834;0.464800565;0.430756224;0.485959419;0.992269175;0.42125697;0.494220524;0.41800027;0.490399723;0.95645896;0.00103;0.00116185114;0.421037;0.464147
30.079697;0.956467277;0.411999826;0.465200575;0.430752631;0.486373563;0.992284192;0.421653721;0.494213058;0.418400262;0.490399719;0.956466952;0.00103;0.00116283445;0.421037;0.464147
30.080697;0.956475281;0.41199982;0.465200584;0.430749037;0.486369497;0.99229821;0.42164778;0.494206093;0.418400251;0.490399714;0.956474945;0.00103;0.00116281845;0.421037;0.464147
30.081697;0.956482285;0.412399816;0.465200593;0.431164089;0.486365939;0.99231223;0.421641837;0.494199129;0.418400239;0.490399709;0.956481937;0.001031;0.00116280297;0.421037;0.464147
30.082697;0.956490287;0.412399813;0.465200601;0.431160487;0.486361872;0.99232525;0.422039412;0.494595756;0.418800225;0.490799704;0.95648993;0.001031;0.00116278803;0.421037;0.464147
30.083697;0.956497287;0.412399812;0.465200608;0.431157333;0.486358314;0.992337271;0.422034312;0.494589785;0.418800211;0.490799699;0.956496923;0.001031;0.0011627738;0.421037;0.464147
30.084697;0.956503286;0.412399814;0.465200613;0.431154626;0.486355264;0.992349293;0.42202921;0.494583814;0.418800197;0.490799695;0.956502917;0.001031;0.00116276042;0.421037;0.464147
30.085697;0.956510283;0.412799817;0.465600617;0.431569654;0.486769892;0.992361315;0.422024108;0.494577843;0.418800182;0.490799693;0.956509911;0.001032;0.00116374796;0.421037;0.464147
30.086697;0.956516278;0.412799823;0.465600619;0.43156694;0.486766841;0.992372338;0.422422505;0.494572371;0.419200167;0.490799692;0.956515906;0.001032;0.00116373636;0.421037;0.464147
30.087697;0.956522271;0.412799831;0.465600619;0.431564223;0.486763792;0.992383361;0.422417823;0.4945669;0.419200151;0.490799692;0.956521903;0.001032;0.00116372559;0.421037;0.464147
30.088697;0.956528262;0.412799842;0.465600617;0.431561504;0.486760744;0.992393384;0.422413566;0.494964995;0.419200134;0.491199694;0.956527902;0.001032;0.00116371565;0.421037;0.464147
30.089697;0.956533251;0.412799855;0.465600614;0.431559233;0.486758207;0.992403407;0.422409308;0.494960021;0.419200116;0.491199698;0.956532903;0.001032;0.00116370653;0.421037;0.464147
30.090697;0.956539238;0.41319987;0.465600609;0.431974684;0.486755163;0.99241243;0.422405477;0.494955547;0.419200097;0.491199703;0.956538906;0.001033;0.00116369824;0.421037;0.464147
30.091697;0.956544223;0.413199886;0.465600602;0.431972408;0.486752627;0.992421453;0.422804699;0.494951074;0.419600077;0.491199709;0.956543911;0.001033;0.00116369078;0.421037;0.464147
30.092697;0.956549205;0.413199904;0.466000593;0.43197013;0.487168264;0.992430476;0.422800862;0.494946603;0.419600056;0.491199715;0.956548918;0.001033;0.00116468412;0.421037;0.464147
30.093697;0.956554187;0.413199924;0.466000583;0.431967852;0.487165728;0.992439499;0.422797024;0.494942132;0.419600034;0.491199723;0.956553926;0.001033;0.00116467821;0.421037;0.464147
30.095697;0.956563148;0.413199967;0.466000559;0.431963742;0.487161167;0.992455543;0.422790202;0.494934194;0.419599991;0.491199738;0.956562949;0.001033;0.00116466811;0.421037;0.464147
30.096697;0.95656713;0.413599991;0.466000546;0.432380073;0.487159139;0.992463564;0.42318983;0.495333263;0.419999971;0.491599746;0.956566963;0.001034;0.00116466373;0.421037;0.464147
30.098697;0.956575097;0.413600041;0.466000518;0.432376402;0.487155081;0.9924786;0.423183434;0.495325819;0.419999931;0.491599762;0.956574993;0.001034;0.00116465616;0.421037;0.464147
30.101697;0.956587058;0.413600115;0.466000482;0.432370885;0.487148981;0.992498632;0.423174919;0.495315897;0.419999875;0.491599781;0.956587039;0.001034;0.00116464791;0.421037;0.464147
30.102697;0.956591047;0.413600138;0.466400471;0.432369044;0.487565098;0.992505636;0.423171943;0.495312419;0.419999856;0.491599786;0.956591054;0.001034;0.00116564602;0.421037;0.464147
30.103697;0.956594036;0.41360016;0.466400462;0.432367657;0.487563569;0.992511637;0.423169394;0.49530944;0.419999837;0.491599791;0.956594068;0.001034;0.00116564452;0.421037;0.464147
30.104697;0.956598026;0.414000181;0.466400453;0.432783966;0.48756153;0.992517634;0.423569865;0.495306458;0.420399818;0.491599795;0.956598081;0.001035;0.00116564336;0.421037;0.464147
30.105697;0.956601016;0.4140002;0.466400445;0.432782581;0.487559999;0.992523629;0.423567319;0.495303473;0.420399799;0.491599799;0.956601094;0.001035;0.00116564246;0.421037;0.464147
30.106697;0.956605007;0.414000217;0.466400437;0.432780746;0.487557958;0.992529622;0.423564774;0.495703496;0.42039978;0.491999802;0.956605106;0.001035;0.00116564176;0.421037;0.464147
30.110697;0.956616966;0.414000267;0.466400404;0.432775244;0.487551826;0.992551584;0.423555457;0.495692513;0.420399711;0.491999813;0.95661714;0.001035;0.00116564025;0.421037;0.464147
30.115697;0.956631911;0.414000273;0.466400343;0.432768398;0.487544149;0.992576535;0.423544859;0.49568;0.420399644;0.491999817;0.95663214;0.001035;0.00116564007;0.421037;0.464147
30.116697;0.9566339;0.414400265;0.466800328;0.433185616;0.487961254;0.992580527;0.42354316;0.495677993;0.420399633;0.491999817;0.956634135;0.001036;0.00116664031;0.421037;0.464147
30.117697;0.95663689;0.414400254;0.466800312;0.433184249;0.487959715;0.992585521;0.423944021;0.495675487;0.420799623;0.491999817;0.956637129;0.001036;0.00116664088;0.421037;0.464147
30.118697;0.95663988;0.41440024;0.466800294;0.433182883;0.487958173;0.992590516;0.423941892;0.496075967;0.420799613;0.492399817;0.956640122;0.001036;0.0011666418;0.421037;0.464147
30.125697;0.956657848;0.414400097;0.466800149;0.433174718;0.487948894;0.99262049;0.423929094;0.496060896;0.420799544;0.492399829;0.956658053;0.001036;0.00116664048;0.421037;0.464147
30.129697;0.956666871;0.414400015;0.466800078;0.433170664;0.487944228;0.992636444;0.423922266;0.496052848;0.420799499;0.492399846;0.956667011;0.001036;0.00116661252;0.421037;0.464147
30.131697;0.956671893;0.414399979;0.466800053;0.433168416;0.487941636;0.992643407;0.423919277;0.496049324;0.420799476;0.492399854;0.956671996;0.001036;0.0011665919;0.421037;0.464147
30.132697;0.956673906;0.414399963;0.467200044;0.43316752;0.48835871;0.992647385;0.42391757;0.496047314;0.420799466;0.492399857;0.956673991;0.001036;0.00116758025;0.421037;0.464147
30.133697;0.956675919;0.414399947;0.467200036;0.433166626;0.488357669;0.99265136;0.423915862;0.496045303;0.420799455;0.492399859;0.956675988;0.001036;0.00116756786;0.421037;0.464147
30.134697;0.956678932;0.414399933;0.46720003;0.433165279;0.488356117;0.992655334;0.423914154;0.496446254;0.420799444;0.492799858;0.956678989;0.001036;0.00116755475;0.421037;0.464147
30.140697;0.956692004;0.41439987;0.467200025;0.433159463;0.488349369;0.99267715;0.423904759;0.4964352;0.420799399;0.492799838;0.956692041;0.001036;0.0011674577;0.421037;0.464147
30.148697;0.956709089;0.414399838;0.467200046;0.433151826;0.488340616;0.992704924;0.423892782;0.496421168;0.420799397;0.492799854;0.956709217;0.001036;0.00116723652;0.421037;0.464147
30.149697;0.956711101;0.414799835;0.46720005;0.433569025;0.488339595;0.992707905;0.424294434;0.496419667;0.421199397;0.492799863;0.956711244;0.001037;0.00116720133;0.421037;0.464147
30.150697;0.956713114;0.414799831;0.467200054;0.433568124;0.488338576;0.992710887;0.424293147;0.496418167;0.421199396;0.492799873;0.956713272;0.001037;0.00116716548;0.421037;0.464147
30.151697;0.956716128;0.414799828;0.467600059;0.433566768;0.488755145;0.992714871;0.424291432;0.496819103;0.421199395;0.493199885;0.9567163;0.001037;0.00116812939;0.421037;0.464147
30.164697;0.956742333;0.414799789;0.467600169;0.433554978;0.488741903;0.992757741;0.424272894;0.496797693;0.421199354;0.493199981;0.956742499;0.001037;0.0011678888;0.421037;0.464147
30.169697;0.956752345;0.414799809;0.467600197;0.433550386;0.488736797;0.99277374;0.424266031;0.496789763;0.421199383;0.493200004;0.95675249;0.001037;0.00116794654;0.421037;0.464147
30.170697;0.956754342;0.414799818;0.468000201;0.433549462;0.489153854;0.992776739;0.424264751;0.497191184;0.421199395;0.493600012;0.956754485;0.001037;0.00116896603;0.421037;0.464147
30.187697;0.95678811;0.414800236;0.468000096;0.433533416;0.489136265;0.99282974;0.424242204;0.497164679;0.421199615;0.493600218;0.956788263;0.001037;0.0011693426;0.421037;0.464147
30.188697;0.956789093;0.414800261;0.468000075;0.433532927;0.489135739;0.992832741;0.424240923;0.497163178;0.421199632;0.493600228;0.95678925;0.001037;0.00116935791;0.421037;0.464147
30.189697;0.956791077;0.414800283;0.468000053;0.433531987;0.489134702;0.992835741;0.424239641;0.497564565;0.42119965;0.494000238;0.956791239;0.001037;0.00116937215;0.421037;0.464147
30.190697;0.956793062;0.414800302;0.468000032;0.433531051;0.489133665;0.99283874;0.424238358;0.497563066;0.42119967;0.494000246;0.956793228;0.001037;0.00116938522;0.421037;0.464147
30.191697;0.956795047;0.414800318;0.468400011;0.433530118;0.48955069;0.992841738;0.424237076;0.497561569;0.42119969;0.494000254;0.956795217;0.001037;0.00117039704;0.421037;0.464147
30.192697;0.956797034;0.41480033;0.468399991;0.433529189;0.489549653;0.992845735;0.424235366;0.497559571;0.421199711;0.494000262;0.956797206;0.001037;0.00117040753;0.421037;0.464147
30.207697;0.956825827;0.414800251;0.468399812;0.433516269;0.4895346;0.992890557;0.424216365;0.497537092;0.421199828;0.494000454;0.956826034;0.001037;0.00117057064;0.421037;0.464147
30.208697;0.956827807;0.414800239;0.46839981;0.43351541;0.489533563;0.992893544;0.424215111;0.497938443;0.421199819;0.494000469;0.95682802;0.001037;0.00117059052;0.421037;0.464147
30.209697;0.956829787;0.414800228;0.468399807;0.43351455;0.489532526;0.992896532;0.424213857;0.497936927;0.421199808;0.494400486;0.956830007;0.001037;0.00117061243;0.421037;0.464147
30.211697;0.956832747;0.414800206;0.468399803;0.433513289;0.489530966;0.992902517;0.424211347;0.49793389;0.421199786;0.494400521;0.956832984;0.001037;0.00117066283;0.421037;0.464147
30.212697;0.956834728;0.414800196;0.468799801;0.433512431;0.489947976;0.992905514;0.424210089;0.49793237;0.421199774;0.49440054;0.956834973;0.001037;0.00117169126;0.421037;0.464147
30.217697;0.956844643;0.414800162;0.468799795;0.433508112;0.489942802;0.992920538;0.424203781;0.497924759;0.421199714;0.494400636;0.95684493;0.001037;0.00117185395;0.421037;0.464147
30.225697;0.956858549;0.414800196;0.468799806;0.43350197;0.489935563;0.992944677;0.424193563;0.497912605;0.421199631;0.49440079;0.956858888;0.001037;0.00117206837;0.421037;0.464147
30.227697;0.956862545;0.414800206;0.468799809;0.433500182;0.489933496;0.992949719;0.424191422;0.497910077;0.421199618;0.494400826;0.95686287;0.001037;0.00117209483;0.421037;0.464147
30.228697;0.956864547;0.41480021;0.46879981;0.433499283;0.489932461;0.992952739;0.424190138;0.498311404;0.421199613;0.494400843;0.95686486;0.001037;0.00117210384;0.421037;0.464147
30.229697;0.956866551;0.414800213;0.468799808;0.433498382;0.489931427;0.992955758;0.424188854;0.498309889;0.421199608;0.494800858;0.956866849;0.001037;0.00117211042;0.421037;0.464147
30.232697;0.95687158;0.414800211;0.468799794;0.433496121;0.489928833;0.992964807;0.424184999;0.498305347;0.421199601;0.494800895;0.95687182;0.001037;0.00117212154;0.421037;0.464147
30.233697;0.956873595;0.414800207;0.469199785;0.433495211;0.490345824;0.992967821;0.424183712;0.498303832;0.4211996;0.494800905;0.956873814;0.001037;0.00117312437;0.421037;0.464147
30.248697;0.956900848;0.41480004;0.469199664;0.433482835;0.49033194;0.993010998;0.424165186;0.49828223;0.421199714;0.494800985;0.956900966;0.001037;0.00117307589;0.421037;0.464147
30.249697;0.956902855;0.414800044;0.469199669;0.43348192;0.49033092;0.993014004;0.424163894;0.498683545;0.421199727;0.49520098;0.956902978;0.001037;0.00117305905;0.421037;0.464147
30.252697;0.956907864;0.414800079;0.469199692;0.43347963;0.490328373;0.993023014;0.424160025;0.49867904;0.421199774;0.49520095;0.956908002;0.001037;0.00117300554;0.421037;0.464147
30.254697;0.95691186;0.41480012;0.469199715;0.433477806;0.49032633;0.993028013;0.424157873;0.498676535;0.421199812;0.495200923;0.956912007;0.001037;0.00117296913;0.421037;0.464147
30.255697;0.956913855;0.414800145;0.469599729;0.433476896;0.490743318;0.993031011;0.424156583;0.498675031;0.421199833;0.495200909;0.956914006;0.001037;0.00117395071;0.421037;0.464147
30.269697;0.956938707;0.41480064;0.469600004;0.433465746;0.490730419;0.993069761;0.424139674;0.498655465;0.421200065;0.495200705;0.956938953;0.001037;0.00117372073;0.421037;0.464147
30.270697;0.956939711;0.414800671;0.469600026;0.43346531;0.490729894;0.993072734;0.424138363;0.499056749;0.42120007;0.495600699;0.956939952;0.001037;0.00117370539;0.421037;0.464147
30.276697;0.956950788;0.414800789;0.469600154;0.433460383;0.490724203;0.993089592;0.424130911;0.499048222;0.421200078;0.495600685;0.956950959;0.001037;0.0011736143;0.421037;0.464147
30.277697;0.956952809;0.414800796;0.470000172;0.433459484;0.491141171;0.993092571;0.424129596;0.499046721;0.42120008;0.495600687;0.956952963;0.001037;0.00117459874;0.421037;0.464147
30.291697;0.956977175;0.41480064;0.470000234;0.433448723;0.491129105;0.993130289;0.42411295;0.499027849;0.421200245;0.49560064;0.956976922;0.001037;0.00117441622;0.421037;0.464147
30.292697;0.956978192;0.414800619;0.470000228;0.43344827;0.491128621;0.993133268;0.424111655;0.49942913;0.421200258;0.496000623;0.956977916;0.001037;0.0011744145;0.421037;0.464147
30.299697;0.956990236;0.414800466;0.470000206;0.433442772;0.491122683;0.993151118;0.424103973;0.499420242;0.421200349;0.496000461;0.956989906;0.001037;0.00117445613;0.421037;0.464147
30.300697;0.956992233;0.414800445;0.470400208;0.433441849;0.49153967;0.993154099;0.424102709;0.499418753;0.421200363;0.496000437;0.956991905;0.001037;0.00117547025;0.421037;0.464147
30.304697;0.956999207;0.414800364;0.470400227;0.433438591;0.491536239;0.99316504;0.42409811;0.499413279;0.421200439;0.496000349;0.956998894;0.001037;0.00117554511;0.421037;0.464147
30.313697;0.957014154;0.414800257;0.47040031;0.433431529;0.491528918;0.993189089;0.42408813;0.499401198;0.421200692;0.496000171;0.957013774;0.001037;0.0011757935;0.421037;0.464147
30.314697;0.95701515;0.414800251;0.470400316;0.433431044;0.491528442;0.993191109;0.424087303;0.499802918;0.42120072;0.496400153;0.957014752;0.001037;0.0011758238;0.421037;0.464147
30.316697;0.957019142;0.414800242;0.470400321;0.43342917;0.491526463;0.993197157;0.424084792;0.49979986;0.421200769;0.496400118;0.957018706;0.001037;0.00117588028;0.421037;0.464147
30.323697;0.957030097;0.414800204;0.470400275;0.433423993;0.491521055;0.993215384;0.424077231;0.499790601;0.421200863;0.496400043;0.957029553;0.001037;0.00117600677;0.421037;0.464147
30.324697;0.957032085;0.414800196;0.470800265;0.433423062;0.491938016;0.99321742;0.424076389;0.499789563;0.421200868;0.496400038;0.957031536;0.001037;0.00117701497;0.421037;0.464147
30.336697;0.957050903;0.414800067;0.470800216;0.433414274;0.491928403;0.993248808;0.424063244;0.499773582;0.42120083;0.496400096;0.957050365;0.001037;0.00117702228;0.421037;0.464147
30.337697;0.957052893;0.414800058;0.470800225;0.433413358;0.491927367;0.993251827;0.424061964;0.500174765;0.421200822;0.496800107;0.957052357;0.001037;0.00117701639;0.421037;0.464147
30.348697;0.957069909;0.414799965;0.470800389;0.433405614;0.491918323;0.993279931;0.424050009;0.500160529;0.421200743;0.496800134;0.957069399;0.001037;0.00117681996;0.421037;0.464147
30.349697;0.957071918;0.414799951;0.471200402;0.433404712;0.492335196;0.993282937;0.424048725;0.500159015;0.421200736;0.496800129;0.957071413;0.001037;0.00117779569;0.421037;0.464147
30.360697;0.957088902;0.414799695;0.47120039;0.43339717;0.492326129;0.993310041;0.424037111;0.500145455;0.421200556;0.496800065;0.957088545;0.001037;0.00117764373;0.421037;0.464147
30.361697;0.957090893;0.414799669;0.471200377;0.433396282;0.492325086;0.993313048;0.424035817;0.50054665;0.421200528;0.497200058;0.957090546;0.001037;0.00117764535;0.421037;0.464147
30.362697;0.957092883;0.414799643;0.471200364;0.433395394;0.492324043;0.993315053;0.424034949;0.500545656;0.421200499;0.497200049;0.957092545;0.001037;0.00117764962;0.421037;0.464147
30.373697;0.957109804;0.414799447;0.471200252;0.433387816;0.492315188;0.993342016;0.424023225;0.500532218;0.421200203;0.497199904;0.957109442;0.001037;0.00117787232;0.421037;0.464147
30.374697;0.957110803;0.414799439;0.471600245;0.433387367;0.492732596;0.99334501;0.424021926;0.50053072;0.421200184;0.497199888;0.957110437;0.001037;0.00117890123;0.421037;0.464147
30.384697;0.957125764;0.414799419;0.471600206;0.433380534;0.492724893;0.993368954;0.424011569;0.50051877;0.421200079;0.497199773;0.957125592;0.001037;0.00117909804;0.421037;0.464147
30.385697;0.957127758;0.414799424;0.471600203;0.433379619;0.492723866;0.993370949;0.424010714;0.500920444;0.421200075;0.497599768;0.957127623;0.001037;0.00117910728;0.421037;0.464147
30.396697;0.957143737;0.414799591;0.471600076;0.433372267;0.492715756;0.993397939;0.423999205;0.500906908;0.421200062;0.497599785;0.957144019;0.001037;0.00117911459;0.421037;0.464147
30.399697;0.957148738;0.414799647;0.471600012;0.433369976;0.492713255;0.99340494;0.423996231;0.500903396;0.42120003;0.497599802;0.95714912;0.001037;0.00117909197;0.421037;0.464147
30.400697;0.957149738;0.414799664;0.471999991;0.433369514;0.493130671;0.993406939;0.423995383;0.500902395;0.421200013;0.497599807;0.95715015;0.001037;0.00118008295;0.421037;0.464147
30.409697;0.957163763;0.414799761;0.471999849;0.433363136;0.493123634;0.993427885;0.423986448;0.500891909;0.421199815;0.497599747;0.957164336;0.001037;0.00117999628;0.421037;0.464147
30.410697;0.95716477;0.414799766;0.471999836;0.433362685;0.493123134;0.993429875;0.423985599;0.501293562;0.421199797;0.497599727;0.957165351;0.001037;0.00117998813;0.421037;0.464147
30.411697;0.957166778;0.41479977;0.471999824;0.433361784;0.493122119;0.993432866;0.423984325;0.501292064;0.421199781;0.497999706;0.957167366;0.001037;0.0011799812;0.421037;0.464147
30.426697;0.957187928;0.414799693;0.471999665;0.433352545;0.493111467;0.993466804;0.423969861;0.501275134;0.421199793;0.497999312;0.957188616;0.001037;0.00118003067;0.421037;0.464147
30.427697;0.957189939;0.414799685;0.472399666;0.433351657;0.493528334;0.993469811;0.423968577;0.501273638;0.421199809;0.497999294;0.957190632;0.001037;0.00118103759;0.421037;0.464147
30.434697;0.95720001;0.414799643;0.472399723;0.433347224;0.493523192;0.993485898;0.423961705;0.501265668;0.421199911;0.497999244;0.957200707;0.001037;0.00118110907;0.421037;0.464147
30.435697;0.957201023;0.414799641;0.472399735;0.433346779;0.493522673;0.993487915;0.423960846;0.501264669;0.421199924;0.497999245;0.957201712;0.001037;0.00118112183;0.421037;0.464147
30.436697;0.957203036;0.41479964;0.472399748;0.43334588;0.493521638;0.993489932;0.423959987;0.501666291;0.421199937;0.497999247;0.957203715;0.001037;0.0011811346;0.421037;0.464147
30.437697;0.957204051;0.414799641;0.472399761;0.43334543;0.493521117;0.993491951;0.423959129;0.50166529;0.421199949;0.498399251;0.957204717;0.001037;0.00118114734;0.421037;0.464147
30.443697;0.957213142;0.414799668;0.472399841;0.433341332;0.493516429;0.993506076;0.423953161;0.501658245;0.421200015;0.498399296;0.957213689;0.001037;0.00118122272;0.421037;0.464147
30.454697;0.957228274;0.414799727;0.472399837;0.433334487;0.493508584;0.993530397;0.423943049;0.501646026;0.421200036;0.498399492;0.957228506;0.001037;0.00118136188;0.421037;0.464147
30.455697;0.957229281;0.414799721;0.472799835;0.433334036;0.493925931;0.993532425;0.423942211;0.501645001;0.42120003;0.498399518;0.957229488;0.001037;0.0011823664;0.421037;0.464147
30.462697;0.957239267;0.414799633;0.472799855;0.433329557;0.493920702;0.993548559;0.423935485;0.501636782;0.421199986;0.49839969;0.957239394;0.001037;0.00118234882;0.421037;0.464147
30.463697;0.957240252;0.414799615;0.472799859;0.433329115;0.493920179;0.993550568;0.423934644;0.50203835;0.42119998;0.498399708;0.957240387;0.001037;0.00118234094;0.421037;0.464147
30.464697;0.957242234;0.414799595;0.472799861;0.433328219;0.493919141;0.993552577;0.423933802;0.502037322;0.421199975;0.498799723;0.957242381;0.001037;0.00118233182;0.421037;0.464147
30.482697;0.957265791;0.414799324;0.472799727;0.433317331;0.493906803;0.993590566;0.423917514;0.502017964;0.421200013;0.498799784;0.957266351;0.001037;0.00118194999;0.421037;0.464147
30.483697;0.957266774;0.414399333;0.472799719;0.432899018;0.493906292;0.993593559;0.423916215;0.502016448;0.421200024;0.498799782;0.957267349;0.001036;0.00118193056;0.421037;0.464147
30.484697;0.957267759;0.414399342;0.47279971;0.432898562;0.493905781;0.993595551;0.42391534;0.502015438;0.421200036;0.498799782;0.957268349;0.001036;0.00118191284;0.421037;0.464147
30.485697;0.957269744;0.414399353;0.473199703;0.432897654;0.494322609;0.993597544;0.423914464;0.502014428;0.421200049;0.498799784;0.957270349;0.001036;0.00118289669;0.421037;0.464147
30.490697;0.957275688;0.414399416;0.473199669;0.432894922;0.494319535;0.993607497;0.423910091;0.502009379;0.421200126;0.49879981;0.957276353;0.001036;0.00118282968;0.421037;0.464147
30.491697;0.95727768;0.414399428;0.473199664;0.432894014;0.494318505;0.993609486;0.423909221;0.502410941;0.421200143;0.498799818;0.957278355;0.001036;0.00118281672;0.421037;0.464147
30.492697;0.957278673;0.414399439;0.47319966;0.432893557;0.494317991;0.993611476;0.423908352;0.50240993;0.42120016;0.499199826;0.957279356;0.001036;0.00118280323;0.421037;0.464147
30.494697;0.957281663;0.414399462;0.473199651;0.432892191;0.494316443;0.993616456;0.423906195;0.502407404;0.421200196;0.499199841;0.95728236;0.001036;0.00118277388;0.421037;0.464147
30.513697;0.957305857;0.414399989;0.473199545;0.432881222;0.494303937;0.993655367;0.423889486;0.50238778;0.421200477;0.499199641;0.957306455;0.001036;0.00118264891;0.421037;0.464147
30.514697;0.957306857;0.41440003;0.473199544;0.432880768;0.494303418;0.993657368;0.423888621;0.502386784;0.421200475;0.49919962;0.957307462;0.001036;0.00118265535;0.421037;0.464147
30.515697;0.957308855;0.41440007;0.473599543;0.432879862;0.494720222;0.993659371;0.423887754;0.502385791;0.421200471;0.499199598;0.957309469;0.001036;0.0011836621;0.421037;0.464147
30.519697;0.957313829;0.414400214;0.473599546;0.432877595;0.494717639;0.993667399;0.423884271;0.502381832;0.421200433;0.499199518;0.957314506;0.001036;0.00118369291;0.421037;0.464147
30.520697;0.95731482;0.414400244;0.473599549;0.432877141;0.494717122;0.993669408;0.423883397;0.502783392;0.421200419;0.4991995;0.957315517;0.001036;0.00118370161;0.421037;0.464147
30.521697;0.957315811;0.414400273;0.473599553;0.432876685;0.494716606;0.993671419;0.423882523;0.502782403;0.421200404;0.499599484;0.957316528;0.001036;0.00118371055;0.421037;0.464147
30.530697;0.957327808;0.41440042;0.473599632;0.432871233;0.494710455;0.993688482;0.42387509;0.502773976;0.421200275;0.499599456;0.957328632;0.001036;0.00118382413;0.421037;0.464147
30.546697;0.95734704;0.414400388;0.473599928;0.432862673;0.494700807;0.993720179;0.423861441;0.502757754;0.421200082;0.499599962;0.957347529;0.001036;0.00118407729;0.421037;0.464147
30.547697;0.957348046;0.414400384;0.473999948;0.432862236;0.495118118;0.993722151;0.423860597;0.502756736;0.421200077;0.499600013;0.95734851;0.001036;0.00118509232;0.421037;0.464147
30.550697;0.957352061;0.414400369;0.474000006;0.432860483;0.495116066;0.993727073;0.423858503;0.502754197;0.421200069;0.499600164;0.957352454;0.001036;0.00118513761;0.421037;0.464147
30.551697;0.957353065;0.414400362;0.474000024;0.43286005;0.495115554;0.993729048;0.423857666;0.50315571;0.421200069;0.500000212;0.957353436;0.001036;0.00118515326;0.421037;0.464147
30.559697;0.957363106;0.414400227;0.474000139;0.432855696;0.495110377;0.993744892;0.423851017;0.503147628;0.421200067;0.500000546;0.957363317;0.001036;0.00118531033;0.421037;0.464147
30.580697;0.957387009;0.414399665;0.474000362;0.432845123;0.495097556;0.993783634;0.42383479;0.503127777;0.421199774;0.500000896;0.957386967;0.001036;0.00118541772;0.421037;0.464147
30.581697;0.957388996;0.41439965;0.474400366;0.43284424;0.495514308;0.993784624;0.423834348;0.503127264;0.421199768;0.500000892;0.957388957;0.001036;0.00118640342;0.421037;0.464147
30.582697;0.957389984;0.414399638;0.474400369;0.432843808;0.495513773;0.993786615;0.423833476;0.503126244;0.421199763;0.500000885;0.957389948;0.001036;0.00118638759;0.421037;0.464147
30.583697;0.957390973;0.41439963;0.474400371;0.432843377;0.495513239;0.993788606;0.4238326;0.503527725;0.42119976;0.500400874;0.95739094;0.001036;0.00118637041;0.421037;0.464147
30.586697;0.957393952;0.414399624;0.474400374;0.432842081;0.495511645;0.993794589;0.423829951;0.503524665;0.421199761;0.500400822;0.957393921;0.001036;0.00118631287;0.421037;0.464147
30.601697;0.957411068;0.414399785;0.474400381;0.432834586;0.495502905;0.993821616;0.42381788;0.503510969;0.421200007;0.500400371;0.957410961;0.001036;0.00118601843;0.421037;0.464147
30.613697;0.95742515;0.414399774;0.474400397;0.432828226;0.495495798;0.993842571;0.423808754;0.503500276;0.421200211;0.500400051;0.957425262;0.001036;0.00118579481;0.421037;0.464147
30.615697;0.957427161;0.414399764;0.474400397;0.432827286;0.495494777;0.993845559;0.423807481;0.503498737;0.421200232;0.500400012;0.957427325;0.001036;0.00118574954;0.421037;0.464147
30.616697;0.957428167;0.41439976;0.474800397;0.432826815;0.495912053;0.993847554;0.423806634;0.503900191;0.421200243;0.500799995;0.957428355;0.001036;0.00118672515;0.421037;0.464147
30.650697;0.957464031;0.414400323;0.474800115;0.43281013;0.495893639;0.993904975;0.423782711;0.503871747;0.421200612;0.500799937;0.957464279;0.001036;0.0011867555;0.421037;0.464147
30.651697;0.957465023;0.414400329;0.47480011;0.432809685;0.495893128;0.99390699;0.42378186;0.504273211;0.421200606;0.500799935;0.957465256;0.001036;0.00118678918;0.421037;0.464147
30.652697;0.957466016;0.414400333;0.474800107;0.43280924;0.495892616;0.993909003;0.423781007;0.504272221;0.4212006;0.501199932;0.957466233;0.001036;0.00118682122;0.421037;0.464147
30.653697;0.957467008;0.414400336;0.475200105;0.432808795;0.496309872;0.993910013;0.423780577;0.504271737;0.421200593;0.50119993;0.95746721;0.001036;0.00118785099;0.421037;0.464147
30.655697;0.957468995;0.414400337;0.475200107;0.432807904;0.496308845;0.993914026;0.423778862;0.504269751;0.421200581;0.501199929;0.957469168;0.001036;0.00118790189;0.421037;0.464147
30.688697;0.957501995;0.414399802;0.475200445;0.432792773;0.496291421;0.993965544;0.423756519;0.504242779;0.421200396;0.501200119;0.957501493;0.001036;0.0011873654;0.421037;0.464147
30.689697;0.957502995;0.414399803;0.47520043;0.432792306;0.496290894;0.993966544;0.4237561;0.504644662;0.421200383;0.501600127;0.957502487;0.001036;0.00118734777;0.421037;0.464147
30.691697;0.957504996;0.414399816;0.475200398;0.432791374;0.496289847;0.993970547;0.423754411;0.504642569;0.42120036;0.501600139;0.957504482;0.001036;0.0011873229;0.421037;0.464147
30.692697;0.957505998;0.414399827;0.475200381;0.43279091;0.496289323;0.993971549;0.423753993;0.504642033;0.42120035;0.501600143;0.957505483;0.001036;0.00118731516;0.421037;0.464147
30.693697;0.957507;0.414399842;0.475600363;0.432790447;0.496706553;0.993973553;0.423753149;0.504640994;0.42120034;0.501600147;0.957506487;0.001036;0.00118831003;0.421037;0.464147
30.702697;0.957516084;0.414400118;0.475600257;0.432786365;0.49670184;0.993986633;0.423747671;0.504634332;0.42120028;0.501600148;0.957515594;0.001036;0.00118830526;0.421037;0.464147
30.727697;0.957539555;0.414400806;0.475600206;0.432776131;0.496689684;0.994024134;0.423731937;0.504615809;0.421200101;0.501600386;0.957538791;0.001036;0.00118862856;0.421037;0.464147
30.728697;0.957540558;0.414400814;0.475600206;0.432775677;0.496689169;0.994026158;0.423731095;0.505017207;0.421200094;0.5016004;0.957539798;0.001036;0.00118864742;0.421037;0.464147
30.729697;0.957541561;0.414400821;0.475600206;0.43277522;0.496688657;0.994027182;0.423730681;0.505016709;0.421200087;0.502000412;0.957540806;0.001036;0.00118866441;0.421037;0.464147
30.734697;0.957545581;0.414400826;0.475600205;0.432773353;0.496686626;0.994034306;0.423727762;0.505013198;0.421200059;0.502000452;0.957544856;0.001036;0.00118872643;0.421037;0.464147
30.735697;0.957546587;0.414400822;0.476000203;0.432772882;0.497103853;0.994036329;0.42372692;0.505012189;0.421200057;0.502000455;0.957545868;0.001036;0.00118973517;0.421037;0.464147
30.737697;0.957548602;0.414400811;0.476000199;0.432771929;0.497102837;0.994039371;0.423725661;0.505010678;0.421200059;0.502000458;0.957547894;0.001036;0.00118974997;0.421037;0.464147
30.763697;0.957571617;0.414400705;0.476000444;0.432760749;0.497091089;0.994075104;0.423710597;0.504992324;0.421200366;0.502000431;0.957571244;0.001036;0.00118972985;0.421037;0.464147
30.770697;0.95757649;0.414400662;0.476000441;0.432758474;0.497088609;0.994083818;0.423706893;0.504987718;0.421200383;0.502000399;0.957576304;0.001036;0.00118984476;0.421037;0.464147
30.771697;0.957577465;0.414400646;0.476000434;0.432758028;0.497088102;0.994084778;0.423706483;0.505389582;0.421200388;0.502000398;0.957577311;0.001036;0.00118986753;0.421037;0.464147
30.772697;0.957578438;0.414400626;0.476000426;0.432757581;0.497087594;0.99408674;0.423705648;0.505388558;0.421200396;0.502400398;0.957578317;0.001036;0.00118989054;0.421037;0.464147
30.780697;0.957585218;0.414400379;0.476000294;0.432754459;0.497084031;0.994096495;0.423701536;0.50538339;0.42120052;0.502400373;0.957585321;0.001036;0.00119006141;0.421037;0.464147
30.781697;0.957586194;0.414400342;0.476400269;0.432754008;0.497501236;0.994098476;0.423700703;0.505382361;0.421200537;0.502400365;0.957586317;0.001036;0.00119108203;0.421037;0.464147
30.787697;0.95759107;0.414400126;0.476400106;0.432751752;0.497498681;0.994106428;0.423697419;0.505378188;0.421200595;0.502400321;0.9575913;0.001036;0.00119123135;0.421037;0.464147
30.817697;0.957613576;0.414399726;0.476399584;0.432742052;0.497486892;0.99414397;0.423681217;0.505358305;0.421200099;0.502400127;0.957614327;0.001036;0.00119152186;0.421037;0.464147
30.818697;0.95761458;0.41439972;0.476399567;0.432741631;0.497486362;0.994145984;0.423680328;0.505759629;0.421200095;0.502800123;0.957615306;0.001036;0.00119149242;0.421037;0.464147
30.830697;0.957623784;0.414399583;0.476399342;0.43273786;0.497481503;0.994160132;0.423673977;0.505752397;0.421200155;0.502800139;0.95762414;0.001036;0.00119105645;0.421037;0.464147
30.831697;0.957624806;0.414399568;0.476799322;0.432737429;0.497898659;0.994161143;0.423673525;0.505751884;0.421200166;0.502800146;0.957625131;0.001036;0.00119203399;0.421037;0.464147
30.865697;0.957650288;0.414399399;0.476799498;0.43272613;0.497884966;0.994201322;0.423655996;0.505731857;0.421199802;0.502799825;0.957650494;0.001036;0.0011922115;0.421037;0.464147
30.868697;0.957652279;0.414399479;0.47679966;0.432725157;0.497883879;0.994204309;0.423654727;0.505730405;0.421199753;0.502799819;0.957652529;0.001036;0.00119229092;0.421037;0.464147
30.869697;0.957653274;0.414399506;0.476799715;0.432724683;0.49788334;0.994205302;0.423654307;0.506132255;0.421199741;0.503199819;0.957653538;0.001036;0.00119231859;0.421037;0.464147
30.886697;0.957664257;0.414399837;0.47680032;0.432719645;0.497877334;0.994222917;0.423646941;0.506123606;0.421199638;0.503199856;0.957664596;0.001036;0.00119262319;0.421037;0.464147
30.887697;0.957665258;0.41439985;0.477200326;0.432719205;0.498294492;0.994224884;0.423646119;0.50612261;0.421199633;0.503199855;0.957665602;0.001036;0.00119362702;0.421037;0.464147
30.908697;0.957679322;0.414400237;0.477200174;0.432713201;0.498287353;0.994245321;0.423637791;0.506111973;0.42119978;0.503200108;0.957679376;0.001036;0.00119358061;0.421037;0.464147
30.925697;0.95768948;0.41440038;0.477200177;0.432708369;0.498282843;0.994262627;0.423630804;0.506103407;0.421199806;0.503200361;0.957688985;0.001036;0.00119343652;0.421037;0.464147
30.926697;0.957690494;0.414400381;0.477200175;0.4327079;0.498282359;0.994263656;0.423630376;0.506505213;0.421199808;0.503600359;0.957689978;0.001036;0.00119342845;0.421037;0.464147
30.949697;0.957704564;0.414400365;0.477199954;0.432701457;0.49827555;0.994285994;0.42362023;0.506494294;0.421199898;0.503600155;0.957703942;0.001036;0.00119348917;0.421037;0.464147
30.950697;0.957704571;0.41440034;0.477599947;0.432701463;0.498693224;0.994286994;0.423619756;0.506493813;0.421199905;0.503600149;0.957703928;0.001036;0.00119449107;0.421037;0.464147
30.954697;0.957707596;0.414400228;0.47759993;0.432700145;0.498691679;0.994290993;0.42361787;0.506491888;0.421199948;0.503600143;0.957706863;0.001036;0.00119447867;0.421037;0.464147
30.958697;0.957709621;0.414400111;0.477599925;0.432699289;0.498690622;0.994294999;0.423616022;0.506489943;0.421200014;0.503600155;0.957708796;0.001036;0.00119444355;0.421037;0.464147
30.983697;0.957723324;0.41439971;0.47760005;0.432692996;0.4986829;0.994316917;0.423606633;0.506478746;0.421200407;0.50360033;0.957722353;0.001036;0.0011942394;0.421037;0.464147
30.990697;0.957726172;0.414399752;0.477600268;0.432691549;0.498681254;0.994321824;0.423604546;0.506476135;0.421200349;0.503600453;0.957725373;0.001036;0.00119415646;0.421037;0.464147
30.991697;0.957727145;0.414399761;0.4776003;0.432691076;0.498680723;0.994322807;0.423604125;0.506877896;0.421200336;0.50360047;0.957726384;0.001036;0.00119414173;0.421037;0.464147
30.992697;0.957728118;0.41439977;0.477600332;0.4326906;0.498680192;0.99432379;0.423603704;0.506877371;0.421200322;0.504000487;0.957727396;0.001036;0.00119412569;0.421037;0.464147
31.023697;0.957742721;0.414399765;0.477600304;0.43268328;0.498672227;0.994348544;0.423592869;0.50686433;0.421200059;0.504000401;0.957743049;0.001036;0.00119351907;0.421037;0.464147
31.024697;0.957743727;0.414399754;0.478000287;0.432682831;0.499089351;0.994349554;0.42359245;0.506863824;0.421200053;0.504000403;0.957744068;0.001036;0.00119450627;0.421037;0.464147
31.045697;0.957753691;0.414399458;0.477999885;0.432678595;0.499084085;0.994365858;0.423586;0.506855592;0.42119997;0.504000536;0.957754177;0.001036;0.00119446741;0.421037;0.464147
31.056697;0.957758495;0.414399416;0.477999938;0.432676765;0.499081546;0.994372894;0.423583288;0.506851918;0.421200034;0.504000624;0.957759156;0.001036;0.00119461468;0.421037;0.464147
31.069697;0.957763455;0.41439939;0.477999899;0.432674812;0.49907927;0.994381863;0.423579954;0.50684749;0.421200064;0.504000776;0.95776392;0.001036;0.00119480123;0.421037;0.464147
31.070697;0.95776446;0.41439939;0.477999893;0.432674359;0.499078789;0.994382861;0.423579561;0.507249259;0.42120007;0.504000787;0.957764894;0.001036;0.00119482235;0.421037;0.464147
31.071697;0.957764466;0.414399391;0.477999888;0.432674356;0.499078829;0.994383858;0.423579166;0.50724877;0.421200076;0.504400795;0.957764867;0.001036;0.00119484526;0.421037;0.464147
31.100697;0.957777057;0.414399383;0.477999842;0.432668875;0.499072968;0.994402297;0.423571044;0.507239308;0.421200026;0.504400435;0.957776252;0.001036;0.00119528721;0.421037;0.464147
31.115697;0.957783017;0.414399579;0.477999862;0.432666167;0.499069805;0.994411045;0.42356671;0.507234519;0.421200232;0.50440019;0.957782196;0.001036;0.00119521219;0.421037;0.464147
31.116697;0.957783004;0.414399604;0.478399867;0.432666169;0.499487424;0.994411043;0.423566682;0.507234507;0.42120025;0.504400179;0.957782191;0.001036;0.00119622295;0.421037;0.464147
31.126697;0.95778693;0.414399942;0.47839998;0.432664305;0.499485193;0.994417089;0.423563997;0.507231359;0.421200364;0.50440019;0.957786181;0.001036;0.00119642598;0.421037;0.464147
31.127697;0.957786933;0.414399978;0.478399997;0.432664287;0.499485187;0.994418101;0.423563568;0.507230848;0.421200365;0.504400204;0.957786185;0.001036;0.00119645325;0.421037;0.464147
31.171697;0.957801245;0.414400309;0.47839988;0.432657176;0.499477603;0.994442563;0.423554192;0.507219354;0.421199793;0.504400775;0.957800694;0.001036;0.00119633895;0.421037;0.464147
31.172697;0.957802224;0.414400291;0.478399877;0.432656719;0.499477047;0.99444257;0.423554205;0.507621574;0.421199778;0.504400763;0.957801686;0.001036;0.00119632687;0.421037;0.464147
31.173697;0.957802203;0.414400274;0.478399875;0.432656713;0.499477014;0.994443576;0.42355379;0.507621048;0.421199763;0.50440075;0.957801678;0.001036;0.00119631491;0.421037;0.464147
31.174697;0.957802181;0.414400257;0.478399873;0.432656706;0.499476981;0.994443581;0.4235538;0.507621034;0.421199747;0.504800737;0.95780167;0.001036;0.00119630308;0.421037;0.464147
31.199697;0.957809837;0.414399752;0.478400128;0.432653206;0.499472523;0.994454321;0.423549198;0.507615426;0.421199706;0.504799826;0.957809718;0.001036;0.00119596261;0.421037;0.464147
31.211697;0.957812819;0.414399568;0.478400097;0.432651716;0.499471165;0.99446026;0.423546533;0.507612276;0.421199855;0.504799369;0.957812921;0.001036;0.00119573209;0.421037;0.464147
31.221697;0.957814888;0.414399589;0.478399983;0.432650851;0.499470363;0.994464188;0.423544765;0.507610129;0.421199847;0.504799234;0.957814936;0.001036;0.00119559689;0.421037;0.464147
31.239697;0.957819663;0.414399618;0.478399578;0.432649212;0.499468164;0.994470032;0.42354192;0.507607204;0.421199662;0.504799421;0.957820125;0.001036;0.00119552482;0.421037;0.464147
31.251697;0.957821507;0.414399783;0.478399297;0.432648326;0.499467449;0.994475087;0.423539863;0.507604703;0.421199738;0.504799895;0.957822447;0.001036;0.00119569995;0.421037;0.464147
31.252697;0.957821501;0.414399802;0.478799282;0.432648315;0.499885068;0.994475099;0.423539865;0.507604694;0.421199739;0.504799939;0.957822461;0.001036;0.00119672333;0.421037;0.464147
31.260697;0.957823445;0.414399939;0.478799259;0.432647303;0.499883901;0.994478208;0.423538531;0.507603036;0.421199692;0.504800261;0.957824521;0.001036;0.00119692532;0.421037;0.464147
31.318697;0.957833421;0.414400599;0.478799978;0.43264232;0.499878105;0.994494199;0.423531638;0.507595159;0.421199501;0.504800079;0.957833888;0.001036;0.00119684289;0.421037;0.464147
31.336697;0.957836461;0.414400551;0.478800133;0.432640678;0.499877066;0.994497057;0.423530339;0.50759369;0.421199603;0.504800314;0.957836515;0.001036;0.0011963545;0.421037;0.464147
31.358697;0.957838971;0.414400285;0.4787999;0.432640049;0.499875633;0.994501049;0.423528829;0.5075918;0.421199582;0.504800852;0.957838395;0.001036;0.00119645605;0.421037;0.464147
31.359697;0.957838976;0.414400255;0.478799894;0.432640072;0.499875586;0.994501052;0.423528825;0.507994019;0.421199618;0.504800869;0.957838401;0.001036;0.0011964571;0.421037;0.464147
31.362697;0.957838975;0.414400159;0.478799881;0.432640131;0.499875466;0.994502054;0.423528371;0.50799352;0.421199755;0.504800915;0.957838416;0.001036;0.00119646383;0.421037;0.464147
31.363697;0.957838971;0.414400127;0.478799877;0.432640148;0.499875434;0.994502051;0.423528359;0.507993521;0.421199807;0.505200928;0.95783842;0.001036;0.00119646793;0.421037;0.464147
31.374697;0.957840922;0.414399909;0.478799851;0.432639313;0.49987419;0.994503988;0.423527411;0.507992464;0.421200357;0.505201013;0.957840492;0.001036;0.0011964769;0.421037;0.464147
31.422697;0.957843909;0.414400326;0.47879932;0.432638317;0.499872665;0.994508671;0.423526196;0.507989979;0.421199837;0.505200853;0.957844327;0.001036;0.00119708216;0.421037;0.464147
31.424697;0.957843903;0.414400322;0.478799322;0.432638348;0.499872705;0.99450962;0.423525728;0.507989476;0.421199801;0.50520082;0.957844346;0.001036;0.00119704852;0.421037;0.464147
31.448697;0.957843844;0.41440012;0.478799748;0.432638708;0.499873082;0.994509906;0.423524798;0.507988685;0.421199864;0.505200376;0.957844567;0.001036;0.00119658555;0.421037;0.464147
31.478697;0.957843744;0.414400333;0.478799824;0.432638196;0.499872542;0.994509652;0.423524842;0.507988821;0.421199649;0.505200044;0.957844163;0.001036;0.00119633264;0.421037;0.464147
31.539697;0.957841741;0.414400189;0.478800432;0.432639007;0.499873909;0.994506031;0.423526578;0.507991299;0.421200118;0.505200534;0.957841596;0.001036;0.00119672176;0.421037;0.464147
31.542697;0.957841808;0.414400229;0.47880052;0.432639045;0.49987389;0.994505037;0.423526939;0.50799184;0.421200192;0.505200518;0.957841634;0.001036;0.00119680318;0.421037;0.464147
31.555697;0.957841056;0.414400431;0.478800733;0.432639566;0.499874493;0.994503982;0.423526988;0.507992404;0.421200338;0.505200543;0.957840689;0.001036;0.00119693019;0.421037;0.464147
31.567697;0.957839023;0.414400574;0.47880068;0.43264046;0.499875752;0.99450193;0.4235279;0.507993471;0.421200384;0.50520058;0.957838781;0.001036;0.00119689565;0.421037;0.464147
31.568697;0.957839017;0.414400581;0.47880067;0.432640456;0.499875763;0.994501937;0.423527927;0.507993473;0.421200391;0.504800572;0.957838795;0.001036;0.00119690208;0.421037;0.464147
31.571697;0.957839004;0.414400596;0.478800636;0.432640437;0.499875779;0.994500968;0.42352844;0.507993975;0.421200425;0.504800537;0.957838839;0.001036;0.00119693064;0.421037;0.464147
31.572697;0.957839;0.414400598;0.478800625;0.432640429;0.49987578;0.994500978;0.423528468;0.507591756;0.421200439;0.504800522;0.957838854;0.001036;0.00119694188;0.421037;0.464147
31.594697;0.95783693;0.414400383;0.478800365;0.43264128;0.499876522;0.994498063;0.42353007;0.507592679;0.421200463;0.504800027;0.957836982;0.001036;0.00119710445;0.421037;0.464147
31.664697;0.957826239;0.414400173;0.478800123;0.432645313;0.499881067;0.994482112;0.423537133;0.507601112;0.421199592;0.504799679;0.957827698;0.001036;0.00119694159;0.421037;0.464147
31.676697;0.957824324;0.414400357;0.47880008;0.432646688;0.499882085;0.994478087;0.42353885;0.507602982;0.421199729;0.504799663;0.957825724;0.001036;0.00119671784;0.421037;0.464147
31.688697;0.957821611;0.414400359;0.478800033;0.432648397;0.499883833;0.994475247;0.423540029;0.507604412;0.421199981;0.504799747;0.957822705;0.001036;0.00119638574;0.421037;0.464147
31.689697;0.957821635;0.414400363;0.478400036;0.432648415;0.499466237;0.994474255;0.423540437;0.507604916;0.4212;0.50479975;0.957822709;0.001036;0.00119536466;0.421037;0.464147
31.726697;0.957814971;0.414400386;0.478400316;0.432651259;0.499470071;0.994462015;0.423545623;0.507611192;0.421200329;0.504799804;0.957815407;0.001036;0.00119510798;0.421037;0.464147
31.778697;0.957800972;0.414400345;0.478400305;0.432657964;0.499476516;0.994443277;0.423554218;0.507621172;0.421200188;0.504799933;0.957801676;0.001036;0.00119654599;0.421037;0.464147
31.779697;0.957800978;0.414400329;0.47840032;0.432657964;0.499476538;0.994442268;0.42355464;0.507621672;0.421200172;0.504399941;0.957801679;0.001036;0.0011965487;0.421037;0.464147
31.780697;0.957800987;0.414400312;0.478400334;0.432657965;0.499476561;0.994442257;0.423554634;0.507219425;0.421200154;0.504399947;0.957801683;0.001036;0.0011965474;0.421037;0.464147
31.788697;0.957799132;0.414400123;0.478400389;0.432658873;0.499477792;0.994438104;0.423556233;0.507221399;0.421199969;0.504399951;0.957799718;0.001036;0.001196469;0.421037;0.464147
31.790697;0.957798181;0.414400062;0.478400385;0.432659331;0.49947835;0.994438058;0.423556201;0.507221399;0.421199918;0.504399949;0.95779873;0.001036;0.00119645061;0.421037;0.464147
31.847697;0.957782842;0.414399789;0.478399706;0.43266623;0.499486471;0.994411996;0.423566874;0.507235203;0.421199773;0.504400094;0.957783294;0.001036;0.00119613298;0.421037;0.464147
31.848697;0.957781832;0.414399792;0.477999718;0.432666641;0.499069383;0.994411007;0.423567297;0.507235732;0.421199793;0.50440006;0.957782272;0.001036;0.00119514121;0.421037;0.464147
31.900697;0.957765657;0.414400541;0.477999996;0.432673896;0.499077819;0.994385117;0.423578465;0.507248088;0.421200254;0.504398735;0.957766062;0.001036;0.0011948664;0.421037;0.464147
31.903697;0.957764602;0.414400551;0.477999984;0.432674348;0.499078275;0.9943831;0.423579354;0.507249146;0.42120023;0.504398714;0.957764998;0.001036;0.0011948743;0.421037;0.464147
31.904697;0.957763584;0.414400554;0.47799998;0.432674795;0.499078776;0.994382092;0.423579794;0.50724967;0.421200222;0.503998709;0.957763977;0.001036;0.00119487597;0.421037;0.464147
31.905697;0.957763567;0.414400556;0.477999976;0.432674789;0.499078756;0.994382085;0.423579809;0.506847425;0.421200214;0.503998706;0.957763957;0.001036;0.00119487711;0.421037;0.464147
31.912697;0.957761482;0.41440058;0.477999956;0.432675605;0.499079711;0.994378047;0.423581623;0.506849551;0.421200194;0.503998729;0.957761833;0.001036;0.00119489369;0.421037;0.464147
31.929697;0.957755506;0.414400594;0.477999839;0.432677971;0.499083001;0.994368026;0.42358593;0.506854595;0.421200274;0.503998973;0.957755584;0.001036;0.00119512533;0.421037;0.464147
31.962697;0.957742977;0.414400355;0.477999318;0.432683879;0.499089995;0.994348777;0.423593694;0.506863947;0.421200255;0.503999757;0.957743312;0.001036;0.0011953331;0.421037;0.464147
31.963697;0.957742958;0.414400353;0.477599322;0.432683882;0.498672361;0.994348747;0.423593687;0.506863954;0.421200275;0.503999754;0.95774335;0.001036;0.00119431266;0.421037;0.464147
31.997697;0.957730032;0.414399778;0.477599929;0.432689014;0.49867939;0.994327805;0.423602132;0.506875043;0.421200663;0.503999706;0.957730439;0.001036;0.00119361077;0.421037;0.464147
32.003697;0.957727208;0.41439969;0.477599988;0.432690382;0.498680791;0.994323913;0.423603782;0.506877144;0.421200718;0.503999733;0.95772732;0.001036;0.00119366686;0.421037;0.464147
32.004697;0.957727234;0.414399674;0.477599991;0.432690391;0.498680761;0.994322923;0.423604202;0.506877662;0.421200721;0.503599737;0.957727297;0.001036;0.00119368705;0.421037;0.464147
32.005697;0.957727259;0.414399659;0.477599992;0.432690401;0.498680732;0.994321931;0.423604624;0.506475894;0.421200722;0.50359974;0.957727274;0.001036;0.00119370929;0.421037;0.464147
32.008697;0.957725329;0.414399617;0.477599991;0.432691329;0.498681691;0.994320949;0.423605048;0.506476423;0.421200707;0.503599752;0.9577252;0.001036;0.00119378287;0.421037;0.464147
32.032697;0.957716317;0.414399958;0.477600343;0.432695285;0.498685985;0.994305032;0.423612214;0.506484644;0.421200202;0.503599881;0.957716214;0.001036;0.00119445502;0.421037;0.464147
32.060697;0.95770399;0.414400196;0.477599981;0.432700928;0.498692418;0.994285985;0.423620417;0.506494578;0.421199878;0.503599571;0.957704669;0.001036;0.00119449407;0.421037;0.464147
32.061697;0.957702986;0.414400189;0.477199945;0.432701384;0.498275274;0.99428499;0.423620841;0.50649509;0.421199894;0.503599567;0.957703649;0.001036;0.00119347174;0.421037;0.464147
32.067697;0.957701;0.414400109;0.477199796;0.432702341;0.498276305;0.994281038;0.423622508;0.506497113;0.421199977;0.503599568;0.957701513;0.001036;0.00119332049;0.421037;0.464147
32.079697;0.957695175;0.414399958;0.477199698;0.432705291;0.498279424;0.994273371;0.423625952;0.506501144;0.421200021;0.503599838;0.957695249;0.001036;0.00119312001;0.421037;0.464147
32.091697;0.957690307;0.414399847;0.477199753;0.432707829;0.498281934;0.994264689;0.42363003;0.506505561;0.421200094;0.503600275;0.957689973;0.001036;0.00119299277;0.421037;0.464147
32.092697;0.957689315;0.414399838;0.477199759;0.432708301;0.498282441;0.994263706;0.423630471;0.506506056;0.4212001;0.503200304;0.95768895;0.001036;0.00119297146;0.421037;0.464147
32.093697;0.957689324;0.414399831;0.477199765;0.432708321;0.49828243;0.994263721;0.423630486;0.506103733;0.421200104;0.503200332;0.957688928;0.001036;0.00119294818;0.421037;0.464147
32.100697;0.9576864;0.4143998;0.47719981;0.432709824;0.498283936;0.994258756;0.423632705;0.506106183;0.421200076;0.503200489;0.957685818;0.001036;0.00119273686;0.421037;0.464147
32.146697;0.957664104;0.414400039;0.477200366;0.432719807;0.498295539;0.994222676;0.423646895;0.506123392;0.421199019;0.503200303;0.957663712;0.001036;0.00119242205;0.421037;0.464147
32.147697;0.957664066;0.414400037;0.476800369;0.432719807;0.497877857;0.994222674;0.423646865;0.506123389;0.421199021;0.503200301;0.957663728;0.001036;0.00119143476;0.421037;0.464147
32.158697;0.957658783;0.414400128;0.476800258;0.432722029;0.497880514;0.994213711;0.423650524;0.506128064;0.421199089;0.503200285;0.957658863;0.001036;0.00119165562;0.421037;0.464147
32.160697;0.957657765;0.414400154;0.476800233;0.432722455;0.497881055;0.99421273;0.423650932;0.506128611;0.421199112;0.503200282;0.957657867;0.001036;0.00119168794;0.421037;0.464147
32.170697;0.957652784;0.414400205;0.476800141;0.432724445;0.497883766;0.994204807;0.42365432;0.50613283;0.421199228;0.503200277;0.957652971;0.001036;0.0011917415;0.421037;0.464147
32.171697;0.95765179;0.414400198;0.47680013;0.43272486;0.497884291;0.99420381;0.423654758;0.506133344;0.421199243;0.502800283;0.957651994;0.001036;0.0011917365;0.421037;0.464147
32.172697;0.957651796;0.414400188;0.476800119;0.432724822;0.497884295;0.994202812;0.4236552;0.505731525;0.421199258;0.50280029;0.957652017;0.001036;0.0011917291;0.421037;0.464147
32.208697;0.95763401;0.414399561;0.47679935;0.432732665;0.497894079;0.994174631;0.423667879;0.505745946;0.421199292;0.502800094;0.957634658;0.001036;0.00119192926;0.421037;0.464147
32.218697;0.957629172;0.414399588;0.476799234;0.432735155;0.497896696;0.994165554;0.423671648;0.50575058;0.421199213;0.502799934;0.95762977;0.001036;0.00119191931;0.421037;0.464147
32.225697;0.957625214;0.414399635;0.476799265;0.432737055;0.49789863;0.994160482;0.423673737;0.505753128;0.421199277;0.50279985;0.957625835;0.001036;0.00119183165;0.421037;0.464147
32.226697;0.957624211;0.414399644;0.476399277;0.432737511;0.497481428;0.994159476;0.423674159;0.505753637;0.421199293;0.502799843;0.957624835;0.001036;0.00119081992;0.421037;0.464147
32.244697;0.957614919;0.414399702;0.476399795;0.432741433;0.497486177;0.994144758;0.423680665;0.505761305;0.42119947;0.502799848;0.957615257;0.001036;0.0011905257;0.421037;0.464147
32.245697;0.957613901;0.414399697;0.476399828;0.432741879;0.497486718;0.994143777;0.423681097;0.505761824;0.421199476;0.502399843;0.957614212;0.001036;0.00119051245;0.421037;0.464147
32.246697;0.957613884;0.414399691;0.476399859;0.432741873;0.497486739;0.994142795;0.423681529;0.505359985;0.421199483;0.502399836;0.957614166;0.001036;0.0011905003;0.421037;0.464147
32.299697;0.9575841;0.414399923;0.476400197;0.432755252;0.497501805;0.994097916;0.423700629;0.505382723;0.421200934;0.502399271;0.957584169;0.001036;0.00119074317;0.421037;0.464147
32.300697;0.957584109;0.414399919;0.476000208;0.432755243;0.497084074;0.994096915;0.423701047;0.505383213;0.421200949;0.502399282;0.957584206;0.001036;0.001189744;0.421037;0.464147
32.306697;0.95758116;0.414399912;0.476000259;0.432756584;0.497085585;0.994091918;0.423703122;0.505385689;0.421200977;0.502399348;0.957581483;0.001036;0.00118975768;0.421037;0.464147
32.313697;0.957577235;0.414399942;0.476000257;0.432758411;0.4970877;0.994085883;0.423705618;0.505388661;0.421200893;0.502399415;0.957577828;0.001036;0.0011898117;0.421037;0.464147
32.314697;0.95757625;0.414399951;0.476000251;0.432758865;0.497088228;0.994084873;0.423706035;0.505389154;0.421200877;0.501999425;0.957576874;0.001036;0.00118982356;0.421037;0.464147
32.315697;0.957576267;0.414399962;0.476000243;0.432758865;0.497088239;0.994083863;0.423706452;0.504987266;0.421200861;0.501999435;0.957576919;0.001036;0.00118983636;0.421037;0.464147
32.369697;0.957545716;0.41440009;0.475999773;0.432773076;0.497103978;0.994034969;0.423727077;0.505012323;0.421200027;0.502000359;0.957546457;0.001036;0.00118941563;0.421037;0.464147
32.370697;0.95754471;0.414400097;0.475599773;0.432773554;0.496686759;0.994033986;0.423727544;0.505012843;0.42120004;0.502000368;0.957545465;0.001036;0.00118838985;0.421037;0.464147
32.373697;0.957543694;0.414400115;0.475599769;0.43277409;0.496687272;0.99403103;0.423728947;0.505014397;0.421200084;0.502000388;0.957544485;0.001036;0.0011883235;0.421037;0.464147
32.379697;0.957539672;0.414400112;0.475599755;0.432776074;0.496689363;0.994026102;0.423731292;0.505016973;0.421200193;0.502000391;0.957540514;0.001036;0.00118826005;0.421037;0.464147
32.380697;0.957538667;0.414400105;0.475599753;0.432776554;0.496689888;0.994025113;0.423731749;0.504615082;0.421200213;0.501600388;0.957539514;0.001036;0.00118826068;0.421037;0.464147
32.426697;0.957511629;0.41440005;0.475600308;0.432788319;0.49670416;0.993982564;0.423750972;0.504637207;0.421199849;0.501600619;0.957511665;0.001036;0.00118874612;0.421037;0.464147
32.436697;0.957505837;0.414400044;0.475600276;0.432791005;0.496707314;0.993972351;0.423755163;0.5046419;0.42119994;0.50160045;0.957505661;0.001036;0.00118869935;0.421037;0.464147
32.437697;0.957505859;0.41440005;0.475200263;0.432791016;0.49628956;0.993971311;0.423755573;0.504642378;0.421199947;0.501600425;0.957505663;0.001036;0.00118769939;0.421037;0.464147
32.442697;0.957502977;0.414400089;0.475200178;0.432792439;0.496291097;0.993966101;0.42375761;0.504644795;0.421199972;0.501600304;0.957502691;0.001036;0.0011876898;0.421037;0.464147
32.443697;0.957502002;0.414400094;0.475200158;0.432792904;0.496291614;0.993965062;0.423758017;0.504242855;0.421199974;0.501200282;0.9575017;0.001036;0.00118768594;0.421037;0.464147
32.447697;0.957500105;0.414400104;0.475200077;0.43279384;0.496292652;0.993960934;0.423759639;0.504244825;0.421199977;0.501200208;0.957499733;0.001036;0.00118766118;0.421037;0.464147
32.454697;0.95749525;0.414400109;0.475199976;0.432796082;0.496295293;0.993954874;0.423762056;0.504247801;0.421199967;0.501200165;0.957494739;0.001036;0.00118754493;0.421037;0.464147
32.500697;0.957467234;0.414399672;0.475199708;0.432808058;0.496310054;0.993908573;0.423780745;0.504271049;0.42120044;0.501200012;0.957466715;0.001036;0.00118764354;0.421037;0.464147
32.501697;0.957466212;0.414399657;0.47479968;0.4328085;0.495892803;0.99390755;0.423781191;0.504271552;0.421200472;0.501200019;0.957465725;0.001036;0.00118667173;0.421037;0.464147
32.502697;0.957466192;0.414399641;0.474799654;0.432808493;0.495892801;0.993906527;0.423781636;0.504272057;0.421200505;0.501200028;0.957465733;0.001036;0.00118669978;0.421037;0.464147
32.503697;0.957465173;0.414399625;0.474799628;0.43280894;0.495893316;0.993905504;0.423782082;0.504272564;0.421200537;0.500800036;0.957464741;0.001036;0.00118672742;0.421037;0.464147
32.504697;0.957464156;0.414399609;0.474799603;0.432809391;0.495893831;0.993904481;0.423782526;0.50387062;0.421200568;0.500800045;0.957463746;0.001036;0.0011867544;0.421037;0.464147
32.543697;0.957440367;0.414399612;0.474799135;0.432821093;0.495906562;0.993865184;0.423799729;0.503891046;0.421200692;0.50080044;0.957439658;0.001036;0.00118698817;0.421037;0.464147
32.561697;0.957428151;0.41439969;0.474799362;0.432826808;0.495912444;0.993846652;0.423808047;0.503900407;0.421200311;0.500800588;0.957428097;0.001036;0.00118703623;0.421037;0.464147
32.562697;0.957427143;0.414399693;0.474799385;0.432827265;0.495912946;0.993845675;0.423808488;0.503900897;0.421200285;0.500400568;0.957427116;0.001036;0.00118706454;0.421037;0.464147
32.563697;0.957427136;0.414399697;0.474399408;0.432827268;0.495495146;0.993844697;0.423808929;0.503498913;0.421200258;0.500400547;0.957427136;0.001036;0.00118609504;0.421037;0.464147
32.574697;0.957420212;0.414399764;0.474399578;0.432830466;0.495498652;0.993833855;0.423813601;0.50350451;0.421199966;0.500400331;0.957420353;0.001036;0.00118646696;0.421037;0.464147
32.588697;0.957410363;0.414399897;0.474399633;0.432835031;0.49550364;0.993819961;0.423819202;0.503511701;0.421199663;0.500400368;0.95741046;0.001036;0.00118663231;0.421037;0.464147
32.618697;0.957391204;0.414400206;0.47439963;0.432843206;0.495513104;0.99378755;0.423832493;0.503527648;0.421199595;0.500400726;0.957390758;0.001036;0.00118642565;0.421037;0.464147
32.619697;0.957390199;0.414400198;0.47439962;0.432843643;0.495513624;0.993786535;0.423832908;0.503528137;0.42119961;0.500000739;0.957389715;0.001036;0.00118643476;0.421037;0.464147
32.620697;0.957389193;0.414400189;0.47439961;0.432844079;0.495514147;0.993785521;0.423833324;0.503126125;0.421199628;0.50000075;0.957388673;0.001036;0.00118644353;0.421037;0.464147
32.623697;0.957387171;0.414400159;0.47439958;0.432844934;0.495515202;0.993782478;0.423834563;0.503127596;0.421199684;0.500000777;0.957386558;0.001036;0.00118646398;0.421037;0.464147
32.624697;0.957387162;0.414400151;0.47399957;0.432844916;0.495097408;0.993781464;0.423834975;0.503128091;0.421199704;0.500000784;0.957386525;0.001036;0.00118546775;0.421037;0.464147
32.674697;0.957352779;0.414400929;0.4740003;0.432860219;0.49511582;0.993727706;0.423858511;0.503155763;0.421200264;0.500000404;0.957353185;0.001036;0.00118496101;0.421037;0.464147
32.675697;0.957351809;0.414400936;0.474000286;0.432860662;0.495116329;0.993726712;0.423858931;0.503156288;0.421200265;0.499600396;0.957352177;0.001036;0.0011849527;0.421037;0.464147
32.676697;0.95735184;0.414400944;0.47400027;0.432860652;0.495116319;0.993725719;0.423859348;0.50275429;0.421200266;0.499600392;0.957352168;0.001036;0.00118494421;0.421037;0.464147
32.681697;0.957347988;0.414400971;0.474000155;0.432862421;0.49511831;0.993720771;0.423861419;0.502756929;0.421200246;0.499600409;0.957348116;0.001036;0.0011849166;0.421037;0.464147
32.682697;0.957348013;0.41440097;0.47360013;0.432862417;0.494700467;0.993719786;0.423861832;0.502757455;0.421200236;0.499600421;0.957348102;0.001036;0.00118391545;0.421037;0.464147
32.683697;0.957347035;0.414400967;0.473600105;0.432862866;0.494700962;0.993718804;0.423862246;0.50275798;0.421200223;0.499600436;0.957347086;0.001036;0.00118391527;0.421037;0.464147
32.701697;0.957335263;0.414400522;0.473599784;0.432868421;0.494706964;0.99369925;0.423870572;0.502768207;0.421199978;0.499600794;0.957334628;0.001036;0.00118402336;0.421037;0.464147
32.716697;0.957324382;0.41440014;0.473599866;0.432873375;0.49471283;0.993683138;0.423877375;0.502776187;0.421199985;0.499600792;0.957323495;0.001036;0.00118421672;0.421037;0.464147
32.729697;0.957315273;0.414400015;0.47359975;0.432877277;0.494717441;0.993667963;0.423883835;0.502783531;0.421200277;0.499600626;0.957314653;0.001036;0.00118430507;0.421037;0.464147
32.730697;0.957315263;0.414400017;0.473599746;0.432877262;0.49471743;0.99366696;0.42388428;0.502381479;0.4212003;0.499200614;0.957314674;0.001036;0.00118430312;0.421037;0.464147
32.739697;0.957308111;0.414400037;0.473599862;0.432880335;0.494720984;0.993656932;0.423888744;0.502386595;0.421200433;0.499200527;0.957307853;0.001036;0.00118436724;0.421037;0.464147
32.740697;0.957308087;0.414400035;0.473199887;0.432880333;0.494303146;0.993655929;0.423889195;0.502387121;0.421200438;0.49920052;0.957307868;0.001036;0.00118338488;0.421037;0.464147
32.782697;0.957277658;0.414400062;0.473200204;0.432893809;0.494318354;0.993609218;0.423909481;0.502411068;0.421199945;0.499200034;0.957277722;0.001036;0.00118313326;0.421037;0.464147
32.783697;0.957276667;0.414400052;0.473200188;0.432894259;0.494318834;0.993608209;0.423909876;0.50241155;0.421199938;0.498800046;0.957276715;0.001036;0.00118311503;0.421037;0.464147
32.784697;0.957276676;0.414400041;0.473200172;0.432894257;0.494318798;0.9936072;0.423910273;0.502009455;0.421199931;0.498800062;0.957276708;0.001036;0.00118309633;0.421037;0.464147
32.795697;0.957268764;0.41439995;0.473199928;0.432897854;0.494322566;0.993595095;0.423915225;0.502015142;0.421199893;0.498800325;0.957268646;0.001036;0.00118293631;0.421037;0.464147
32.796697;0.957267773;0.414399952;0.472799901;0.432898306;0.493905204;0.993593081;0.423916078;0.50201612;0.421199894;0.498800349;0.957267645;0.001036;0.00118192986;0.421037;0.464147
32.835697;0.957239727;0.414400234;0.472799851;0.432911383;0.493919489;0.993549024;0.423935046;0.502038269;0.421199892;0.498800146;0.957239449;0.001036;0.00118166168;0.421037;0.464147
32.836697;0.957239735;0.414400251;0.472799849;0.432911372;0.4939195;0.993548023;0.423935472;0.501636186;0.421199891;0.498400129;0.957239435;0.001036;0.00118164425;0.421037;0.464147
32.840697;0.957236771;0.414400334;0.472799831;0.432912657;0.493921089;0.993544007;0.423937179;0.501638229;0.421199898;0.498400062;0.957236384;0.001036;0.00118158089;0.421037;0.464147
32.851697;0.957228771;0.414400551;0.472799754;0.432916032;0.493925242;0.993530888;0.423942702;0.501644797;0.421200003;0.498399898;0.957228348;0.001036;0.001181396;0.421037;0.464147
32.852697;0.957227764;0.414400559;0.472399746;0.432916476;0.493507881;0.993529876;0.423943124;0.501645306;0.421200021;0.498399888;0.957227349;0.001036;0.00118038381;0.421037;0.464147
32.880697;0.957207424;0.414400571;0.472399588;0.43292615;0.493518388;0.993497941;0.423956822;0.501661661;0.421200715;0.498400083;0.957207648;0.001036;0.00118069912;0.421037;0.464147
32.887697;0.957202432;0.414400458;0.472399712;0.432928379;0.493520956;0.99348903;0.423960653;0.501666304;0.421200836;0.498400047;0.957202885;0.001036;0.00118073325;0.421037;0.464147
32.888697;0.957201445;0.414400437;0.472399733;0.432928819;0.493521469;0.99348804;0.423961078;0.501264197;0.421200848;0.498000038;0.95720191;0.001036;0.00118074175;0.421037;0.464147
32.901697;0.957192784;0.414400258;0.472399953;0.432932638;0.493526162;0.99347309;0.423967516;0.501271813;0.421200765;0.498000016;0.957192891;0.001036;0.00118086151;0.421037;0.464147
32.905697;0.957189918;0.414400245;0.472400001;0.432933914;0.493527724;0.993469081;0.423969269;0.501273804;0.421200679;0.498000056;0.9571898;0.001036;0.00118087298;0.421037;0.464147
32.906697;0.957188953;0.414400242;0.472000011;0.432934346;0.493110354;0.993467079;0.423970136;0.501274801;0.421200656;0.498000069;0.957188776;0.001036;0.00117987153;0.421037;0.464147
32.938697;0.957164913;0.414400246;0.472000229;0.432945505;0.493123194;0.993430137;0.423985882;0.501293734;0.421199899;0.498000663;0.957164349;0.001036;0.00118034994;0.421037;0.464147
32.939697;0.957164886;0.414400247;0.472000231;0.432945519;0.493123211;0.993429124;0.42398629;0.500891614;0.421199879;0.497600683;0.957164345;0.001036;0.00118037348;0.421037;0.464147
32.959697;0.957149347;0.414400155;0.472000419;0.432952354;0.493131168;0.993404736;0.423996234;0.500904123;0.421199801;0.497600847;0.957149232;0.001036;0.00118061411;0.421037;0.464147
32.960697;0.957148342;0.41440016;0.471600438;0.432952797;0.492713774;0.993403724;0.42399665;0.500904629;0.421199809;0.497600836;0.957148231;0.001036;0.0011796188;0.421037;0.464147
32.985697;0.957129959;0.414399986;0.471600791;0.432961079;0.492723337;0.993374951;0.424008886;0.50091883;0.421200005;0.497600596;0.957129422;0.001036;0.00117996531;0.421037;0.464147
32.988697;0.957128051;0.414399933;0.471600804;0.432961939;0.492724302;0.993371012;0.424010634;0.500920795;0.421200008;0.497600644;0.957127471;0.001036;0.00117998826;0.421037;0.464147
32.989697;0.957128079;0.414399913;0.471600806;0.432961925;0.492724278;0.99337003;0.424011077;0.500921286;0.421200008;0.497200662;0.957127488;0.001036;0.00117999479;0.421037;0.464147
32.990697;0.957127104;0.414399892;0.471600806;0.432962365;0.492724766;0.993369046;0.424011521;0.500519108;0.421200006;0.497200681;0.957126505;0.001036;0.00118000108;0.421037;0.464147
33.012697;0.957110281;0.414399454;0.471600319;0.432970051;0.492733059;0.993341984;0.424023116;0.50053271;0.421200017;0.497200687;0.957109637;0.001036;0.00117990952;0.421037;0.464147
33.013697;0.957110296;0.414399461;0.471200297;0.432970052;0.492315134;0.993340967;0.424023534;0.500533217;0.421200018;0.49720066;0.957109638;0.001036;0.00117889122;0.421037;0.464147
33.038697;0.957091499;0.414399775;0.471199885;0.432978552;0.492325259;0.993310896;0.424036375;0.500548694;0.421200113;0.49720005;0.957090875;0.001036;0.00117858719;0.421037;0.464147
33.039697;0.957090506;0.414399785;0.471199875;0.432979002;0.492325782;0.9933099;0.424036816;0.500549216;0.421200122;0.496800049;0.957089891;0.001036;0.00117859119;0.421037;0.464147
33.040697;0.957089514;0.414399795;0.471199868;0.432979451;0.492326304;0.993308902;0.42403726;0.50014704;0.42120013;0.496800049;0.957088906;0.001036;0.00117859647;0.421037;0.464147
33.064697;0.957071694;0.414399579;0.471200171;0.43298752;0.492335381;0.99327957;0.42404994;0.50016178;0.421200152;0.496800007;0.957071311;0.001036;0.00117893957;0.421037;0.464147
33.065697;0.957070684;0.414399554;0.470800179;0.432987976;0.491917943;0.993278551;0.424050354;0.500162275;0.42120015;0.496800001;0.957070313;0.001036;0.0011779505;0.421037;0.464147
33.088697;0.957053346;0.414399221;0.470800125;0.432995979;0.491926566;0.993250587;0.424062174;0.500176188;0.421200147;0.4967996;0.957053171;0.001036;0.00117755569;0.421037;0.464147
33.089697;0.957052339;0.41439923;0.470800115;0.432996431;0.491927074;0.993249605;0.4240626;0.499773976;0.421200143;0.496399561;0.957052173;0.001036;0.00117752322;0.421037;0.464147
33.116697;0.957032296;0.414399485;0.4708002;0.433005064;0.491937471;0.993217221;0.424076634;0.499790506;0.421199574;0.496399047;0.957032148;0.001036;0.00117684645;0.421037;0.464147
33.117697;0.957031282;0.414399491;0.470400216;0.433005506;0.491520046;0.993216228;0.424077061;0.499791005;0.421199554;0.496399046;0.957031142;0.001036;0.00117582088;0.421037;0.464147
33.119697;0.957029248;0.414399508;0.470400251;0.433006394;0.491521115;0.99321424;0.424077913;0.499792003;0.421199518;0.496399045;0.957029129;0.001036;0.0011757697;0.421037;0.464147
33.137697;0.957014894;0.414399817;0.470400429;0.433012588;0.491528474;0.993192363;0.42408728;0.499803064;0.421199687;0.49639919;0.957015;0.001036;0.00117552889;0.421037;0.464147
33.138697;0.957014878;0.414399823;0.470400421;0.433012585;0.491528478;0.993190367;0.424088136;0.499401328;0.421199716;0.495999217;0.957014996;0.001036;0.00117553885;0.421037;0.464147
33.168697;0.956992035;0.41440031;0.470399967;0.433022815;0.491540437;0.993154002;0.424103229;0.499419702;0.421200095;0.495999575;0.956992199;0.001036;0.00117634645;0.421037;0.464147
33.169697;0.956991074;0.414400345;0.469999946;0.433023274;0.491122977;0.993151975;0.424104072;0.499420695;0.421200079;0.495999574;0.956991213;0.001036;0.00117536033;0.421037;0.464147
33.186697;0.956978514;0.414400812;0.469999506;0.433029258;0.49112949;0.993131553;0.424112598;0.499430262;0.421199831;0.495999681;0.956978317;0.001036;0.0011754985;0.421037;0.464147
33.187697;0.956977522;0.414400825;0.469999476;0.433029711;0.491129985;0.993129535;0.424113467;0.499028459;0.421199827;0.495599672;0.95697731;0.001036;0.0011754988;0.421037;0.464147
33.219697;0.956952192;0.414400155;0.469999049;0.43304124;0.491142515;0.993090654;0.424130699;0.499047188;0.421199898;0.495599142;0.956951772;0.001036;0.00117521918;0.421037;0.464147
33.220697;0.956951182;0.414400129;0.469599061;0.433041701;0.490725037;0.993089681;0.424131127;0.499047684;0.42119991;0.495599144;0.956950774;0.001036;0.00117422299;0.421037;0.464147
33.234697;0.95694108;0.414399891;0.469599257;0.433046448;0.490730242;0.993072173;0.424138904;0.499056791;0.421200146;0.495599367;0.95694095;0.001036;0.0011743519;0.421037;0.464147
33.235697;0.956940073;0.414399884;0.469599273;0.43304692;0.490730757;0.993071206;0.424139353;0.498654511;0.421200162;0.495199387;0.956939966;0.001036;0.00117435812;0.421037;0.464147
33.270697;0.956912121;0.414399932;0.469599976;0.433059414;0.490744666;0.993028137;0.424157681;0.49867673;0.421199971;0.495199686;0.956912314;0.001036;0.00117393575;0.421037;0.464147
33.271697;0.956912115;0.414399933;0.469199997;0.433059405;0.49032663;0.99302712;0.424158068;0.498677262;0.421199974;0.495199697;0.956912324;0.001036;0.00117291896;0.421037;0.464147
33.282697;0.956902967;0.414399912;0.469200171;0.433063562;0.490331109;0.993013016;0.424163555;0.498684467;0.421199975;0.495199855;0.956903404;0.001036;0.00117267319;0.421037;0.464147
33.283697;0.956901948;0.414399909;0.469200178;0.433064035;0.490331625;0.993012017;0.424163934;0.498684973;0.421199966;0.49479987;0.956902408;0.001036;0.00117264409;0.421037;0.464147
33.284697;0.95690193;0.414399906;0.469200184;0.433064055;0.490331632;0.993011018;0.424164315;0.498282662;0.421199955;0.494799885;0.956902413;0.001036;0.00117261327;0.421037;0.464147
33.293697;0.956894771;0.41439992;0.469200179;0.433067385;0.490335331;0.992998993;0.42416915;0.498288602;0.421199813;0.494800006;0.956895467;0.001036;0.00117232628;0.421037;0.464147
33.321697;0.956872662;0.414399948;0.46919996;0.433077803;0.490346807;0.992963279;0.424184;0.498305771;0.42119944;0.494800032;0.95687331;0.001036;0.00117224386;0.421037;0.464147
33.322697;0.956871661;0.414399926;0.468799973;0.433078259;0.489929309;0.99296225;0.424184441;0.498306294;0.421199442;0.494800018;0.956872314;0.001036;0.00117124795;0.421037;0.464147
33.330697;0.956865641;0.414399777;0.468800125;0.433080945;0.489932487;0.992952064;0.424188801;0.498311488;0.421199469;0.494799913;0.956866406;0.001036;0.0011712582;0.421037;0.464147
33.331697;0.956864639;0.414399766;0.468800147;0.433081392;0.489933007;0.992951048;0.424189237;0.498312007;0.421199467;0.494399902;0.956865423;0.001036;0.00117125955;0.421037;0.464147
33.332697;0.956863638;0.414399757;0.46880017;0.433081838;0.489933527;0.992950034;0.424189673;0.497909686;0.421199463;0.494399891;0.956864441;0.001036;0.00117126142;0.421037;0.464147
33.358697;0.956843529;0.414400056;0.468800285;0.43309074;0.489943703;0.992917164;0.424203765;0.497926314;0.421199695;0.494399585;0.956844655;0.001036;0.00117115462;0.421037;0.464147
33.359697;0.956842514;0.414800062;0.468800282;0.433509233;0.489944194;0.992916172;0.424204196;0.49792681;0.421199712;0.494399566;0.956843639;0.001037;0.00117114671;0.421037;0.464147
33.371697;0.95683238;0.414800045;0.46880025;0.433513679;0.489949023;0.992901338;0.424210815;0.497934248;0.421199795;0.494399483;0.956833386;0.001037;0.00117106004;0.421037;0.464147
33.372697;0.956831374;0.414800046;0.468400242;0.433514119;0.489531477;0.992900361;0.424211265;0.49793474;0.421199797;0.49439949;0.956832365;0.001037;0.00117005855;0.421037;0.464147
33.373697;0.956831369;0.414800049;0.468400234;0.433514105;0.489531469;0.992899386;0.424211717;0.497935231;0.421199799;0.494399497;0.956832345;0.001037;0.00117005938;0.421037;0.464147
33.378697;0.956827348;0.414800078;0.468400187;0.433515842;0.48953352;0.992892516;0.424214813;0.497938686;0.421199799;0.494399544;0.956828269;0.001037;0.00117009643;0.421037;0.464147
33.379697;0.956826345;0.414800085;0.468400177;0.433516281;0.489534041;0.992891543;0.424215259;0.497536313;0.421199797;0.493999556;0.95682726;0.001037;0.00117010905;0.421037;0.464147
33.421697;0.956793749;0.414799796;0.46839994;0.433530577;0.489551401;0.992839126;0.424238062;0.497563043;0.421199757;0.493999792;0.956794184;0.001037;0.00117099802;0.421037;0.464147
33.422697;0.956792764;0.414799804;0.467999933;0.43353101;0.489133864;0.992838136;0.424238479;0.49756357;0.421199745;0.493999791;0.956793176;0.001037;0.00116998809;0.421037;0.464147
33.425697;0.956790816;0.414799848;0.467999928;0.433531858;0.489134936;0.992834162;0.424240164;0.497565647;0.421199705;0.493999785;0.956791159;0.001037;0.00116995451;0.421037;0.464147
33.426697;0.956789836;0.414799868;0.467999932;0.433532293;0.489135464;0.99283317;0.424240584;0.49756617;0.42119969;0.493599783;0.956790157;0.001037;0.0011699426;0.421037;0.464147
33.427697;0.956788858;0.414799888;0.467999939;0.43353273;0.489135991;0.992832177;0.424241004;0.497163804;0.421199676;0.493599779;0.956789157;0.001037;0.00116993038;0.421037;0.464147
33.471697;0.95675406;0.414800785;0.467999801;0.433549042;0.489153771;0.992775621;0.424264536;0.497192296;0.421200041;0.493600257;0.956754334;0.001037;0.00116947918;0.421037;0.464147
33.472697;0.956754044;0.414800787;0.467599773;0.433549039;0.488735683;0.99277462;0.424264965;0.4971928;0.42120005;0.493600258;0.956754329;0.001037;0.00116848229;0.421037;0.464147
33.473697;0.956753031;0.414800786;0.467599747;0.433549489;0.488736186;0.992773621;0.424265395;0.497193302;0.421200058;0.493600258;0.956753324;0.001037;0.00116848665;0.421037;0.464147
33.474697;0.956752021;0.414800784;0.467599723;0.433549939;0.48873669;0.992772625;0.424265826;0.496790891;0.421200063;0.493200258;0.956752317;0.001037;0.00116849217;0.421037;0.464147
33.520697;0.956715129;0.41480048;0.467600155;0.433566245;0.488755714;0.992714972;0.424291151;0.496820083;0.421200074;0.493199716;0.956715474;0.001037;0.00116996925;0.421037;0.464147
33.521697;0.956715136;0.414800472;0.467600173;0.43356626;0.488755718;0.992712967;0.424292008;0.496821091;0.421200064;0.492799716;0.956715447;0.001037;0.00116996611;0.421037;0.464147
33.522697;0.956714141;0.414800461;0.46720019;0.433566729;0.488338133;0.992711961;0.424292438;0.49641866;0.421200051;0.492799721;0.956714421;0.001037;0.00116895842;0.421037;0.464147
33.567697;0.956678237;0.414799423;0.467200018;0.433583916;0.488356848;0.992654401;0.42431629;0.4964463;0.421199197;0.49280044;0.956678611;0.001037;0.00116795319;0.421037;0.464147
33.568697;0.956677235;0.414799424;0.467200009;0.433584364;0.488357349;0.992653407;0.424316725;0.496446784;0.421199209;0.492400426;0.956677628;0.001037;0.00116795416;0.421037;0.464147
33.569697;0.95667723;0.414799424;0.4672;0.433584357;0.488357337;0.992652412;0.424317161;0.496044308;0.421199223;0.492400411;0.956677645;0.001037;0.00116795605;0.421037;0.464147
33.571697;0.956675211;0.414799427;0.467199983;0.433585243;0.488358328;0.992649419;0.424318468;0.496045783;0.421199257;0.492400382;0.956675676;0.001037;0.00116796213;0.421037;0.464147
33.572697;0.956674198;0.414799429;0.466799975;0.433585684;0.487940704;0.992648421;0.424318908;0.496046271;0.421199277;0.492400367;0.95667469;0.001037;0.0011669662;0.421037;0.464147
33.615697;0.956640666;0.414800033;0.466799992;0.433601178;0.487957976;0.992594655;0.424342377;0.49607333;0.421200009;0.492400228;0.956639841;0.001037;0.00116687348;0.421037;0.464147
33.616697;0.956639672;0.414800034;0.466799987;0.433601655;0.487958487;0.992592692;0.424343216;0.495671352;0.421200026;0.49200023;0.956638834;0.001037;0.0011668633;0.421037;0.464147
33.621697;0.956635677;0.414800037;0.46679996;0.433603552;0.487960503;0.992586863;0.424345715;0.495674376;0.421200102;0.492000246;0.956634826;0.001037;0.0011668041;0.421037;0.464147
33.622697;0.956634671;0.414800037;0.466399952;0.433604013;0.487542871;0.992585893;0.424346131;0.49567488;0.421200116;0.492000248;0.956633827;0.001037;0.00116579312;0.421037;0.464147
33.662697;0.956603093;0.414799763;0.466399544;0.433617107;0.487558461;0.992534838;0.42436816;0.495700444;0.421200414;0.492000038;0.956601907;0.001037;0.00116616401;0.421037;0.464147
33.663697;0.956602089;0.414799753;0.46639956;0.433617529;0.487558979;0.992533831;0.424368605;0.495297918;0.42120041;0.491600029;0.956600901;0.001037;0.00116615859;0.421037;0.464147
33.671697;0.956595024;0.414799713;0.466399704;0.433620496;0.487562716;0.992523808;0.424372938;0.495302832;0.42120041;0.491599933;0.956593948;0.001037;0.00116614229;0.421037;0.464147
33.672697;0.956595014;0.414799716;0.465999721;0.433620481;0.487144595;0.992522809;0.424373364;0.495303327;0.421200413;0.491599922;0.956593961;0.001037;0.00116514528;0.421037;0.464147
33.709697;0.956564908;0.414800056;0.465999851;0.433634542;0.487160728;0.992476238;0.42439284;0.495326829;0.421200409;0.491600289;0.956564919;0.001037;0.00116503853;0.421037;0.464147
33.710697;0.956563917;0.414800057;0.465999872;0.43363499;0.487161231;0.992475247;0.424393255;0.495327313;0.421200404;0.491200296;0.956563953;0.001037;0.0011650259;0.421037;0.464147
33.711697;0.956563926;0.414800058;0.465999891;0.433634983;0.487161221;0.992473255;0.424394098;0.494925263;0.421200397;0.491200302;0.956563987;0.001037;0.0011650137;0.421037;0.464147
33.721697;0.95655601;0.414800073;0.465999978;0.433638535;0.487165011;0.992461198;0.424399198;0.494931044;0.421200271;0.491200291;0.956556318;0.001037;0.00116492164;0.421037;0.464147
33.722697;0.956555019;0.414800078;0.465599972;0.433638982;0.486747308;0.99246018;0.424399631;0.49493152;0.421200249;0.491200283;0.956555346;0.001037;0.0011639098;0.421037;0.464147
33.756697;0.956527948;0.414799947;0.465600022;0.43365122;0.486760324;0.99241642;0.424418163;0.494953122;0.421199586;0.491200437;0.956527881;0.001037;0.00116367274;0.421037;0.464147
33.757697;0.956526942;0.414799923;0.465600037;0.433651657;0.486760833;0.992414427;0.424419015;0.494954141;0.421199594;0.490800438;0.956526849;0.001037;0.00116367547;0.421037;0.464147
33.758697;0.956525935;0.4147999;0.465600052;0.433652095;0.486761341;0.992413439;0.424419436;0.494551602;0.4211996;0.490800437;0.956525818;0.001037;0.00116367935;0.421037;0.464147
33.771697;0.956515675;0.414799662;0.465600157;0.433656504;0.486766284;0.992397766;0.424426069;0.494559684;0.421199584;0.490800348;0.956515577;0.001037;0.0011637763;0.421037;0.464147
33.772697;0.956514649;0.414799649;0.465200156;0.433656959;0.486348583;0.992395791;0.424426905;0.494560685;0.42119958;0.490800338;0.956514574;0.001037;0.00116278278;0.421037;0.464147
33.804697;0.95649003;0.414799703;0.465199759;0.433668804;0.486361358;0.992355523;0.424443805;0.494581068;0.421199627;0.490800188;0.956489752;0.001037;0.00116294855;0.421037;0.464147
33.805697;0.956489043;0.4147997;0.465199762;0.433669289;0.486361884;0.992354497;0.424444238;0.494178508;0.421199646;0.490400187;0.956488739;0.001037;0.00116294303;0.421037;0.464147
33.821697;0.956476251;0.414799438;0.465199918;0.433675457;0.486368604;0.992334427;0.424452864;0.494188769;0.42119988;0.490400057;0.956475746;0.001037;0.00116289995;0.421037;0.464147
33.822697;0.956476265;0.414799417;0.464799925;0.433675451;0.485950403;0.992332438;0.424453723;0.494189783;0.421199897;0.490400042;0.956475764;0.001037;0.00116190282;0.421037;0.464147
33.851697;0.956453054;0.414798788;0.464799941;0.433685552;0.485962238;0.992296764;0.424469295;0.494208058;0.421200812;0.490399869;0.956453091;0.001037;0.00116193852;0.421037;0.464147
33.852697;0.956452027;0.414798774;0.464799932;0.433686001;0.485962754;0.992295782;0.42446973;0.494208557;0.421200839;0.489999838;0.956452088;0.001037;0.00116192268;0.421037;0.464147
33.853697;0.956450999;0.414798763;0.464799923;0.433686452;0.485963271;0.992293799;0.424470593;0.493806445;0.421200865;0.489999806;0.956451087;0.001037;0.00116190513;0.421037;0.464147
33.871697;0.95643676;0.414799035;0.46479971;0.433693032;0.485970515;0.992272118;0.424480137;0.49381706;0.421200885;0.489999812;0.956437152;0.001037;0.00116170101;0.421037;0.464147
33.872697;0.956435757;0.414799063;0.464399695;0.433693498;0.485552808;0.992270129;0.424481004;0.493818026;0.421200864;0.48999984;0.956436142;0.001037;0.00116070078;0.421037;0.464147
33.899697;0.956414775;0.414798952;0.464399769;0.433703176;0.485563323;0.992236728;0.424495086;0.493834001;0.42120005;0.490000746;0.956415216;0.001037;0.00116065742;0.421037;0.464147
33.900697;0.956413785;0.414798948;0.46439979;0.433703628;0.485563824;0.992234721;0.424495937;0.493431866;0.421200031;0.48960076;0.956414225;0.001037;0.00116066491;0.421037;0.464147
33.921697;0.956396847;0.414799342;0.464400075;0.433711547;0.485572406;0.992208931;0.424507173;0.493444846;0.421199995;0.489600607;0.956397438;0.001037;0.00116089433;0.421037;0.464147
33.922697;0.956396848;0.414799368;0.464000079;0.433711566;0.485154175;0.992207954;0.424507615;0.493445343;0.421200005;0.489600592;0.956397443;0.001037;0.00115990516;0.421037;0.464147
33.947697;0.95637681;0.414799536;0.464000259;0.433720602;0.485164292;0.992176282;0.424521415;0.49346107;0.421200156;0.489600245;0.956376956;0.001037;0.00115990525;0.421037;0.464147
33.948697;0.956375805;0.414799532;0.464000271;0.433721035;0.485164792;0.99217528;0.424521834;0.493058424;0.421200156;0.489200233;0.956375946;0.001037;0.00115989801;0.421037;0.464147
33.959697;0.956366826;0.414799401;0.464000379;0.433724844;0.485169371;0.992161241;0.424527712;0.493065491;0.421200258;0.489200004;0.956366942;0.001037;0.0011597967;0.421037;0.464147
33.971697;0.956357725;0.414799382;0.464000443;0.433728754;0.485174195;0.992146163;0.42453403;0.493073109;0.42120053;0.489199797;0.956358068;0.001037;0.00115958844;0.421037;0.464147
33.972697;0.95635671;0.41479939;0.463600446;0.433729202;0.48475648;0.992145153;0.424534448;0.493073621;0.421200553;0.489199795;0.956357075;0.001037;0.00115858037;0.421037;0.464147
33.973697;0.956355695;0.414799401;0.463600449;0.433729652;0.484757019;0.992144142;0.424534866;0.493074131;0.421200573;0.489199795;0.956356081;0.001037;0.00115857543;0.421037;0.464147
33.994697;0.956339712;0.414799781;0.463600385;0.433737027;0.484765607;0.992117881;0.424545924;0.493086832;0.421200381;0.489199975;0.956340093;0.001037;0.00115878069;0.421037;0.464147
33.995697;0.956338728;0.414799811;0.463600368;0.433737482;0.484766109;0.992116875;0.424546367;0.493087306;0.421200357;0.488799983;0.956339095;0.001037;0.00115878117;0.421037;0.464147
33.996697;0.956337745;0.414799841;0.463600349;0.433737936;0.48476661;0.992114871;0.424547241;0.4926851;0.421200331;0.488799991;0.956338096;0.001037;0.00115877972;0.421037;0.464147
34.022697;0.956318111;0.414800326;0.463599859;0.433746798;0.484776202;0.992082886;0.424561832;0.492701044;0.421199819;0.488800159;0.956317983;0.001037;0.00115874031;0.421037;0.464147
34.023697;0.956317126;0.414800331;0.463199864;0.433747237;0.484358415;0.992081886;0.424562268;0.492701542;0.421199813;0.488800152;0.956316958;0.001037;0.00115774581;0.421037;0.464147
34.042697;0.956302327;0.414800269;0.463200094;0.433754006;0.484365675;0.992057957;0.42457253;0.492712981;0.421199729;0.488800018;0.956301711;0.001037;0.00115768413;0.421037;0.464147
34.043697;0.956302335;0.414800259;0.463200093;0.433754017;0.48436567;0.992056961;0.424572951;0.492713451;0.421199726;0.48840002;0.956301724;0.001037;0.00115766424;0.421037;0.464147
34.044697;0.956301344;0.414800248;0.463200092;0.43375448;0.484366174;0.992055965;0.424573372;0.492310722;0.421199725;0.488400022;0.956300739;0.001037;0.00115764331;0.421037;0.464147
34.061697;0.956288411;0.414800014;0.463200016;0.433760356;0.48437272;0.992033976;0.42458258;0.492321628;0.421199906;0.488399857;0.956288164;0.001037;0.00115740611;0.421037;0.464147
34.073697;0.956278406;0.414799865;0.463200076;0.433765013;0.484377691;0.992020021;0.424588555;0.492328697;0.421200209;0.488399571;0.956278494;0.001037;0.00115754142;0.421037;0.464147
34.074697;0.956277395;0.414799866;0.462800075;0.433765485;0.483959907;0.992018017;0.424589419;0.492329704;0.421200233;0.488399548;0.956277518;0.001037;0.00115655749;0.421037;0.464147
34.091697;0.956264141;0.414799942;0.462800006;0.433771696;0.483966637;0.991996807;0.424598352;0.492340443;0.42120032;0.488399314;0.956264549;0.001037;0.00115674232;0.421037;0.464147
34.092697;0.956263128;0.414799941;0.462800009;0.43377216;0.483967151;0.991995795;0.42459876;0.491937737;0.421200313;0.487999313;0.956263525;0.001037;0.00115673574;0.421037;0.464147
34.124697;0.956239189;0.414799867;0.462799984;0.433782498;0.48397947;0.991957216;0.424614935;0.491957107;0.421200552;0.487999427;0.956238766;0.001037;0.00115670791;0.421037;0.464147
34.125697;0.956238192;0.414799872;0.462399979;0.433782931;0.483561671;0.991955258;0.424615788;0.491958097;0.421200561;0.487999411;0.956237756;0.001037;0.00115573521;0.421037;0.464147
34.139697;0.956227062;0.414799929;0.462399933;0.433787745;0.483567144;0.991938697;0.424623127;0.4919665;0.42120051;0.487999335;0.956226772;0.001037;0.00115624265;0.421037;0.464147
34.140697;0.956226042;0.414799925;0.462399936;0.433788196;0.48356765;0.991937721;0.424623565;0.491966997;0.421200496;0.487599342;0.956225778;0.001037;0.00115627813;0.421037;0.464147
34.141697;0.956225021;0.414799919;0.46239994;0.433788648;0.483568159;0.991936744;0.424624005;0.491564244;0.421200482;0.487599349;0.956224784;0.001037;0.00115631224;0.421037;0.464147
34.175697;0.956198912;0.414799842;0.462400319;0.433801062;0.483581725;0.991894404;0.42464239;0.491585099;0.421200478;0.487599265;0.956198643;0.001037;0.00115686089;0.421037;0.464147
34.176697;0.95619792;0.414799847;0.462000325;0.433801526;0.483163914;0.991893364;0.424642816;0.491585602;0.421200473;0.487599274;0.956197634;0.001037;0.00115586981;0.421037;0.464147
34.188697;0.95618891;0.414799927;0.462000293;0.433805646;0.483168471;0.991877969;0.424649276;0.491593019;0.421200345;0.487599544;0.956188494;0.001037;0.00115579983;0.421037;0.464147
34.189697;0.956187902;0.414799931;0.462000284;0.433806097;0.483168968;0.991876948;0.424649721;0.491190221;0.421200327;0.487199578;0.956187484;0.001037;0.00115578289;0.421037;0.464147
34.227697;0.956158654;0.414800038;0.461999957;0.433818996;0.483183532;0.991829953;0.42467008;0.491213402;0.421199479;0.487200497;0.956158944;0.001037;0.00115488935;0.421037;0.464147
34.228697;0.95615768;0.414800031;0.461599963;0.433819461;0.482765712;0.991828942;0.424670502;0.491213921;0.421199471;0.487200492;0.956157946;0.001037;0.00115388378;0.421037;0.464147
34.237697;0.95615088;0.414800002;0.461599955;0.433822811;0.482769408;0.991817795;0.424675189;0.491219586;0.421199437;0.487200449;0.956150952;0.001037;0.00115391252;0.421037;0.464147
34.238697;0.956150896;0.414800006;0.46159995;0.43382283;0.482769425;0.991816776;0.424675619;0.490816805;0.421199435;0.486800448;0.956150953;0.001037;0.00115392215;0.421037;0.464147
34.279697;0.956118899;0.414800685;0.461599621;0.433836984;0.482785848;0.991766945;0.424696495;0.490841251;0.42119964;0.486800719;0.956118958;0.001037;0.00115372397;0.421037;0.464147
34.280697;0.9561189;0.414800712;0.461199607;0.433836974;0.482367517;0.991765975;0.424696874;0.490841695;0.421199637;0.486800723;0.956118953;0.001037;0.00115272328;0.421037;0.464147
34.286697;0.956113904;0.414800877;0.461199574;0.433839194;0.482370212;0.991759149;0.424699566;0.490844862;0.421199622;0.486800741;0.956113965;0.001037;0.00115271667;0.421037;0.464147
34.287697;0.956112905;0.414800901;0.461199576;0.433839642;0.482370744;0.991757174;0.424700377;0.490845811;0.421199618;0.486400744;0.956112971;0.001037;0.00115271872;0.421037;0.464147
34.288697;0.956112905;0.414800924;0.461199581;0.433839638;0.482370771;0.991756197;0.42470076;0.490442944;0.421199613;0.486400746;0.956112977;0.001037;0.00115272244;0.421037;0.464147
34.292697;0.956108908;0.414800995;0.461199602;0.433841452;0.482372884;0.991751268;0.424702761;0.490445311;0.421199573;0.486400754;0.956108995;0.001037;0.00115275425;0.421037;0.464147
34.296697;0.95610591;0.414801036;0.461199624;0.433842838;0.482374475;0.991746302;0.424704832;0.490447742;0.421199498;0.486400768;0.956105995;0.001037;0.0011528131;0.421037;0.464147
34.331697;0.956080023;0.414800661;0.461199975;0.433854973;0.482387205;0.991703826;0.424723312;0.490468857;0.421199359;0.486400555;0.95608003;0.001037;0.00115381405;0.421037;0.464147
34.332697;0.95607903;0.414800644;0.46079998;0.433855404;0.481969302;0.9917028;0.424723745;0.490469351;0.421199394;0.486400551;0.956079043;0.001037;0.00115282914;0.421037;0.464147
34.336697;0.956076079;0.414800575;0.460799981;0.433856677;0.481970681;0.991697704;0.424725907;0.490471832;0.421199549;0.486400538;0.956076099;0.001037;0.00115284718;0.421037;0.464147
34.337697;0.956075098;0.414800558;0.460799974;0.433857107;0.48197115;0.991696682;0.424726341;0.490068984;0.421199592;0.486000534;0.956075114;0.001037;0.0011528399;0.421037;0.464147
34.354697;0.956062491;0.414800394;0.46079983;0.433862632;0.481977185;0.991676499;0.424735088;0.49007928;0.421200143;0.486000535;0.956062189;0.001037;0.0011522491;0.421037;0.464147
34.383697;0.956041321;0.41480073;0.460800225;0.433871777;0.48198805;0.99164182;0.424749929;0.490096562;0.421199903;0.486000659;0.956040897;0.001037;0.00115157484;0.421037;0.464147
34.384697;0.956040314;0.414800709;0.460400232;0.433872254;0.481570173;0.991640823;0.424750346;0.490097051;0.421199874;0.486000653;0.956039884;0.001037;0.00115056344;0.421037;0.464147
34.385697;0.956039309;0.414800685;0.460400239;0.433872733;0.481570687;0.991638823;0.424751192;0.490098035;0.421199846;0.486000647;0.95603887;0.001037;0.00115055296;0.421037;0.464147
34.386697;0.956038305;0.41480066;0.460400245;0.433873212;0.4815712;0.991637821;0.42475161;0.490098526;0.421199819;0.48560064;0.956037854;0.001037;0.00115054319;0.421037;0.464147
34.387697;0.956038301;0.414800633;0.460400251;0.433873238;0.481571208;0.991636817;0.42475203;0.489695645;0.421199793;0.485600631;0.956037837;0.001037;0.00115053408;0.421037;0.464147
34.436697;0.956001064;0.414799575;0.460400214;0.43389003;0.481589483;0.991578575;0.424776997;0.489724199;0.421199474;0.485599582;0.956000949;0.001037;0.0011505714;0.421037;0.464147
34.437697;0.956000074;0.41479957;0.460000202;0.433890492;0.481171574;0.991577576;0.424777425;0.489321266;0.421199431;0.485199577;0.955999944;0.001037;0.00114956852;0.421037;0.464147
34.459697;0.955984263;0.414799265;0.459999854;0.433898113;0.481179628;0.991550761;0.424789032;0.489334369;0.421198815;0.485199338;0.955983602;0.001037;0.00114950104;0.421037;0.464147
34.470697;0.955976242;0.414799009;0.45999986;0.433901948;0.481183631;0.99153785;0.424794665;0.48934077;0.421198759;0.48519936;0.95597573;0.001037;0.00114949947;0.421037;0.464147
34.486697;0.955964194;0.414799111;0.459999915;0.433907655;0.48118954;0.991519886;0.424802506;0.489349274;0.421199045;0.485199463;0.955964035;0.001037;0.00114966548;0.421037;0.464147
34.487697;0.955963196;0.414799128;0.459999931;0.433908123;0.481190032;0.99151789;0.424803365;0.489350246;0.421199083;0.484799468;0.95596305;0.001037;0.00114966921;0.421037;0.464147
34.488697;0.955962199;0.414799146;0.459999948;0.433908591;0.481190522;0.991516893;0.424803793;0.488947305;0.421199121;0.484799474;0.955962065;0.001037;0.00114967147;0.421037;0.464147
34.490697;0.955961204;0.414799179;0.459999982;0.433909067;0.481190994;0.991514898;0.424804643;0.488948272;0.421199198;0.484799487;0.955961096;0.001037;0.0011496711;0.421037;0.464147
34.491697;0.955960208;0.414799195;0.4596;0.433909529;0.480773053;0.991513899;0.424805065;0.488948759;0.421199236;0.484799495;0.955960114;0.001037;0.00114866827;0.421037;0.464147
34.537697;0.955925799;0.414799609;0.459599533;0.433924919;0.480789629;0.991460601;0.424828193;0.488976053;0.421200137;0.484799731;0.955925771;0.001037;0.00114828971;0.421037;0.464147
34.538697;0.95592481;0.41479962;0.459599484;0.433925407;0.480790133;0.9914596;0.424828641;0.488976544;0.421200149;0.484399752;0.955924768;0.001037;0.00114828785;0.421037;0.464147
34.539697;0.955924821;0.414799632;0.459599437;0.43392544;0.480790135;0.991457593;0.424829516;0.48857408;0.421200159;0.484399777;0.955924769;0.001037;0.00114828765;0.421037;0.464147
34.544697;0.955920892;0.414799681;0.459599246;0.433927387;0.48079216;0.991452495;0.424831737;0.488576512;0.421200171;0.484399929;0.955920811;0.001037;0.00114832464;0.421037;0.464147
34.545697;0.95591991;0.414799687;0.459199219;0.433927859;0.480374221;0.991450466;0.424832608;0.488577489;0.421200169;0.484399964;0.955919827;0.001037;0.00114734211;0.421037;0.464147
34.589697;0.955888379;0.414799621;0.459199351;0.433941951;0.480390794;0.991399023;0.42485355;0.488602307;0.421200555;0.484400165;0.955888423;0.001037;0.00114842347;0.421037;0.464147
34.590697;0.955887372;0.414799625;0.459199356;0.433942394;0.480391302;0.991398027;0.424853965;0.488199351;0.42120055;0.484000135;0.955887416;0.001037;0.00114842897;0.421037;0.464147
34.598697;0.955882311;0.414799587;0.459199346;0.433944613;0.480393871;0.991388996;0.424857796;0.488203976;0.421200501;0.483999964;0.95588233;0.001037;0.00114848988;0.421037;0.464147
34.599697;0.955881304;0.41479957;0.458799344;0.433945062;0.479975923;0.991387986;0.424858232;0.488204496;0.421200493;0.483999951;0.955881321;0.001037;0.00114749759;0.421037;0.464147
34.641697;0.955850335;0.414799896;0.458799202;0.433959581;0.479992062;0.991338552;0.424880163;0.488229115;0.421199875;0.483999654;0.955850986;0.001037;0.0011471375;0.421037;0.464147
34.642697;0.955850333;0.414799907;0.458799206;0.433959592;0.479992051;0.991337556;0.424880597;0.487826108;0.421199867;0.483599648;0.955850978;0.001037;0.00114710395;0.421037;0.464147
34.647697;0.955846315;0.41479994;0.458799233;0.433961427;0.479994013;0.991331583;0.424883201;0.487829028;0.421199839;0.483599648;0.955846913;0.001037;0.0011469384;0.421037;0.464147
34.653697;0.95584227;0.414799972;0.458799265;0.433963175;0.479995973;0.991325624;0.424885834;0.487831935;0.421199872;0.483599706;0.955842802;0.001037;0.00114674961;0.421037;0.464147
34.654697;0.955841258;0.414799978;0.458399272;0.433963609;0.479577989;0.991323632;0.424886704;0.487832912;0.421199889;0.48359972;0.955841784;0.001037;0.00114572391;0.421037;0.464147
34.670697;0.955828921;0.414800143;0.458399633;0.433968873;0.479583914;0.991305744;0.424894644;0.487841677;0.421200207;0.483599837;0.95582945;0.001037;0.00114556459;0.421037;0.464147
34.693697;0.955812675;0.414800318;0.458400059;0.433976101;0.479591815;0.991279575;0.424905844;0.487854367;0.4212;0.483599877;0.955813038;0.001037;0.00114580265;0.421037;0.464147
34.694697;0.955811671;0.414800315;0.458400054;0.433976557;0.479592311;0.991278562;0.424906241;0.487854844;0.421199999;0.483199885;0.955812013;0.001037;0.00114581429;0.421037;0.464147
34.695697;0.955811667;0.414800312;0.458400048;0.433976558;0.479592306;0.991277548;0.424906636;0.487451801;0.421199998;0.483199895;0.955811986;0.001037;0.00114582632;0.421037;0.464147
34.708697;0.955801558;0.414800307;0.458399973;0.433981195;0.479597323;0.99126256;0.424912631;0.487459041;0.421199926;0.483199981;0.95580155;0.001037;0.00114595928;0.421037;0.464147
34.709697;0.955801547;0.414800309;0.457999969;0.43398121;0.479178833;0.991261576;0.424913032;0.487459527;0.421199913;0.483199979;0.955801511;0.001037;0.00114496385;0.421037;0.464147
34.733697;0.955783602;0.414800425;0.457999867;0.433989568;0.479188107;0.991235012;0.424924153;0.48747282;0.421199963;0.483199611;0.955783136;0.001037;0.00114487903;0.421037;0.464147
34.746697;0.9557747;0.414800604;0.457999903;0.43399358;0.47919268;0.991219973;0.424930804;0.487480084;0.421199948;0.483199545;0.955774202;0.001037;0.00114480963;0.421037;0.464147
34.747697;0.955774705;0.414800599;0.457999907;0.433993574;0.479192686;0.991218967;0.424931257;0.487077026;0.421199944;0.482799558;0.955774214;0.001037;0.00114481188;0.421037;0.464147
34.764697;0.955762864;0.414800265;0.457999955;0.433998821;0.479198862;0.991199813;0.424939563;0.487086472;0.421200251;0.482799852;0.955762567;0.001037;0.00114493318;0.421037;0.464147
34.765697;0.955761871;0.414800246;0.457599953;0.433999249;0.478780862;0.9911988;0.424939999;0.48708697;0.421200278;0.482799863;0.955761587;0.001037;0.00114393647;0.421037;0.464147
34.799697;0.955737591;0.414800184;0.457599651;0.434009554;0.478792949;0.991160314;0.424956037;0.487105425;0.421200629;0.482800148;0.955738073;0.001037;0.0011442196;0.421037;0.464147
34.800697;0.95573658;0.414800189;0.457599656;0.434010018;0.478793416;0.99115829;0.42495687;0.487106408;0.42120062;0.482400159;0.955737066;0.001037;0.00114423016;0.421037;0.464147
34.801697;0.955736569;0.414800194;0.457599662;0.434010028;0.47879338;0.991157266;0.424957275;0.486703332;0.421200612;0.482400171;0.955737058;0.001037;0.00114423882;0.421037;0.464147
34.809697;0.955730513;0.414800219;0.45759972;0.434012837;0.478796072;0.991148127;0.424960971;0.486707786;0.421200563;0.482400239;0.955730969;0.001037;0.00114421488;0.421037;0.464147
34.821697;0.955722678;0.414800152;0.457599791;0.434016688;0.47879969;0.991135086;0.424966474;0.486714258;0.421200416;0.482400121;0.955722946;0.001037;0.00114401931;0.421037;0.464147
34.822697;0.955721707;0.414800139;0.457199808;0.434017159;0.478381634;0.991134088;0.424966906;0.486714755;0.421200394;0.482400095;0.955721949;0.001037;0.00114301295;0.421037;0.464147
34.846697;0.955705236;0.414799854;0.457200226;0.434024927;0.478390349;0.991107118;0.424978832;0.48672771;0.421199907;0.482399594;0.955705102;0.001037;0.00114281884;0.421037;0.464147
34.853697;0.955700244;0.414799865;0.457200205;0.434027206;0.478393138;0.991100083;0.424982018;0.486730972;0.421199996;0.482399498;0.955700107;0.001037;0.00114264672;0.421037;0.464147
34.854697;0.95570024;0.414799877;0.457200194;0.434027211;0.478393176;0.991099081;0.424982479;0.486731442;0.421200008;0.481999487;0.955700101;0.001037;0.00114262745;0.421037;0.464147
34.855697;0.955699233;0.414799891;0.457200181;0.434027671;0.478393715;0.991098079;0.42498294;0.486328321;0.421200018;0.481999476;0.955699093;0.001037;0.00114261007;0.421037;0.464147
34.878697;0.955682696;0.414800118;0.457199857;0.434035202;0.478402367;0.991072337;0.424994645;0.486341005;0.42119997;0.481999886;0.955682761;0.001037;0.00114263144;0.421037;0.464147
34.879697;0.955681679;0.414800116;0.456799852;0.434035661;0.47798432;0.991071353;0.424995084;0.486341504;0.421199954;0.481999926;0.95568176;0.001037;0.00114165365;0.421037;0.464147
34.908697;0.955661783;0.414800025;0.45679969;0.434044703;0.477993808;0.99103961;0.425008371;0.486357601;0.421199654;0.482000354;0.955661886;0.001037;0.00114216982;0.421037;0.464147
34.909697;0.95566179;0.414800029;0.456799698;0.4340447;0.477993789;0.991038597;0.425008773;0.486358097;0.421199669;0.481600353;0.955661885;0.001037;0.00114215838;0.421037;0.464147
34.910697;0.955660796;0.414800033;0.45679971;0.434045151;0.477994272;0.991037583;0.425009175;0.485954975;0.421199686;0.481600352;0.955660884;0.001037;0.00114214644;0.421037;0.464147
34.936697;0.955642952;0.414800025;0.456800112;0.434053183;0.478002897;0.991009391;0.425020624;0.48596887;0.421199868;0.481599803;0.955642841;0.001037;0.00114177415;0.421037;0.464147
34.937697;0.955641968;0.414800017;0.45640013;0.434053634;0.477584811;0.991008412;0.425021049;0.485969354;0.421199854;0.481599763;0.955641848;0.001037;0.0011407568;0.421037;0.464147
34.963697;0.955625362;0.414799634;0.456400083;0.434060955;0.47759309;0.990980881;0.425033368;0.485982536;0.421200147;0.481598843;0.955624631;0.001037;0.00114077675;0.421037;0.464147
34.964697;0.955624362;0.414799622;0.45640006;0.434061411;0.477593589;0.99097989;0.425033823;0.485983019;0.421200182;0.481198835;0.955623618;0.001037;0.00114080076;0.421037;0.464147
34.965697;0.955623359;0.414799611;0.456400038;0.43406187;0.477594088;0.9909789;0.425034277;0.485579862;0.421200217;0.481198828;0.955622606;0.001037;0.0011408262;0.421037;0.464147
34.980697;0.955613178;0.414799635;0.456399802;0.434066666;0.477599092;0.990961949;0.425041928;0.485588418;0.421200517;0.481198902;0.955612437;0.001037;0.00114130898;0.421037;0.464147
34.994697;0.955604014;0.414799758;0.45639979;0.434071225;0.477603438;0.9909468;0.425048414;0.485595881;0.421200231;0.481199395;0.955603447;0.001037;0.00114153712;0.421037;0.464147
34.995697;0.955603007;0.414799762;0.455999798;0.434071716;0.477185347;0.990945782;0.425048832;0.485596367;0.421200191;0.481199445;0.955602456;0.001037;0.00114054066;0.421037;0.464147
34.999697;0.955599993;0.414799783;0.455999831;0.434073217;0.47718684;0.990941704;0.425050484;0.485598312;0.421200023;0.481199656;0.955599492;0.001037;0.00114054896;0.421037;0.464147
35.019697;0.955587049;0.414799947;0.455999718;0.434079472;0.47719372;0.990920582;0.425059017;0.485608228;0.421199353;0.481200466;0.955586679;0.001037;0.00114058172;0.421037;0.464147
35.020697;0.955586068;0.414799956;0.455999706;0.434079916;0.477194247;0.990919594;0.425059438;0.485608696;0.421199348;0.480800495;0.955585699;0.001037;0.00114058274;0.421037;0.464147
35.021697;0.95558609;0.414799964;0.455999695;0.434079902;0.477194272;0.990918606;0.425059862;0.485205498;0.421199345;0.480800523;0.955585721;0.001037;0.00114058284;0.421037;0.464147
35.040697;0.955573704;0.414800014;0.455999674;0.434085377;0.477200857;0.990897629;0.425068829;0.485215688;0.421199693;0.480800978;0.95557286;0.001037;0.00114042567;0.421037;0.464147
35.054697;0.955564888;0.414800115;0.455999483;0.434089385;0.477205196;0.990883658;0.425074401;0.485222862;0.421200095;0.480800974;0.95556389;0.001037;0.00114038486;0.421037;0.464147
35.055697;0.95556389;0.414800113;0.45559945;0.434089837;0.476787082;0.990882665;0.425074799;0.485223373;0.42120011;0.480800969;0.955562906;0.001037;0.00113937789;0.421037;0.464147
35.076697;0.95554992;0.414800008;0.455598988;0.434096137;0.476793883;0.990859867;0.425084142;0.485234916;0.421200212;0.480800969;0.95554925;0.001037;0.00113926739;0.421037;0.464147
35.077697;0.955548918;0.414800014;0.455598993;0.434096587;0.476794397;0.990858892;0.425084565;0.484831717;0.421200199;0.480400957;0.955548263;0.001037;0.00113927752;0.421037;0.464147
35.080697;0.955546905;0.414800034;0.455599018;0.434097473;0.476795453;0.990855974;0.425085848;0.48483318;0.421200136;0.480400911;0.955546301;0.001037;0.00113931587;0.421037;0.464147
35.114697;0.955524268;0.414800663;0.455599204;0.434107137;0.476807126;0.990820894;0.425101358;0.484850305;0.421199163;0.480399766;0.955524252;0.001037;0.00113934175;0.421037;0.464147
35.115697;0.955523257;0.41480067;0.455199197;0.434107582;0.476389005;0.99081989;0.425101801;0.484850803;0.421199172;0.480399726;0.955523261;0.001037;0.00113831627;0.421037;0.464147
35.133697;0.955512235;0.414800647;0.455199363;0.434112597;0.476394266;0.990800893;0.425110087;0.484860201;0.421199421;0.480399245;0.95551219;0.001037;0.00113782123;0.421037;0.464147
35.134697;0.955511239;0.414800642;0.455199384;0.434113064;0.476394749;0.990799895;0.425110517;0.484860689;0.421199447;0.479999236;0.95551117;0.001037;0.00113780365;0.421037;0.464147
35.135697;0.955510244;0.414800637;0.455199407;0.434113532;0.476395234;0.990798898;0.425110949;0.484457461;0.421199475;0.479999231;0.955510148;0.001037;0.00113778721;0.421037;0.464147
35.147697;0.955503389;0.414800573;0.455199729;0.434116931;0.476398555;0.990786015;0.425116844;0.484463843;0.421199847;0.479999382;0.955502912;0.001037;0.00113754423;0.421037;0.464147
35.175697;0.955484405;0.414800699;0.455200238;0.434125674;0.476407531;0.99075806;0.425129453;0.484477718;0.421200516;0.479999959;0.955484103;0.001037;0.00113698546;0.421037;0.464147
35.176697;0.955484387;0.414800714;0.454800236;0.43412567;0.475988873;0.990757054;0.42512989;0.484478203;0.421200532;0.479999963;0.95548413;0.001037;0.00113598947;0.421037;0.464147
35.178697;0.95548235;0.414800748;0.454800226;0.434126566;0.475989828;0.990755043;0.425130764;0.484479167;0.421200563;0.479999965;0.955482179;0.001037;0.00113600218;0.421037;0.464147
35.191697;0.955474091;0.41480091;0.454800072;0.434129966;0.475993647;0.99074101;0.425136735;0.484485926;0.421200525;0.479999949;0.955474309;0.001037;0.00113635341;0.421037;0.464147
35.192697;0.955473069;0.414800901;0.454800066;0.434130401;0.475994147;0.99074001;0.425137148;0.484486409;0.421200504;0.479599959;0.955473309;0.001037;0.0011363972;0.421037;0.464147
35.193697;0.955473047;0.41480089;0.454800063;0.434130384;0.47599415;0.990739011;0.425137561;0.484083151;0.421200483;0.479599971;0.95547331;0.001037;0.00113644172;0.421037;0.464147
35.230697;0.955448676;0.414800431;0.454800368;0.434141339;0.476005994;0.990700797;0.42515363;0.484101426;0.421199914;0.479600136;0.955449644;0.001037;0.00113731845;0.421037;0.464147
35.237697;0.955444724;0.414800457;0.454800315;0.43414333;0.476008048;0.990693888;0.425156463;0.484104965;0.4211998;0.479600123;0.955445739;0.001037;0.00113736762;0.421037;0.464147
35.238697;0.95544373;0.41480046;0.454400307;0.434143805;0.475589905;0.9906929;0.425156866;0.484105475;0.421199792;0.479600123;0.955444748;0.001037;0.00113636588;0.421037;0.464147
35.250697;0.955435617;0.414800352;0.454400161;0.434147594;0.47559411;0.990680981;0.42516168;0.484111603;0.421199762;0.47960006;0.955436773;0.001037;0.00113626977;0.421037;0.464147
35.251697;0.9554356;0.414800337;0.454400148;0.434147603;0.475594129;0.99067998;0.425162084;0.484112113;0.421199762;0.479200043;0.955436767;0.001037;0.00113626071;0.421037;0.464147
35.252697;0.955434582;0.414800322;0.454400135;0.434148067;0.475594646;0.990678977;0.425162488;0.483708859;0.421199763;0.479200026;0.955435759;0.001037;0.00113625184;0.421037;0.464147
35.300697;0.955404589;0.414800136;0.454399342;0.434161619;0.475609474;0.99063014;0.425182837;0.483731864;0.421200005;0.479199946;0.955404722;0.001037;0.00113630088;0.421037;0.464147
35.301697;0.955403601;0.414800156;0.453999352;0.434162035;0.475191302;0.990629133;0.425183288;0.483732332;0.421200018;0.479199925;0.95540372;0.001037;0.00113528617;0.421037;0.464147
35.310697;0.955398717;0.414800336;0.453999589;0.434164036;0.475193862;0.990620183;0.425187346;0.483736643;0.421200213;0.479199694;0.955398703;0.001037;0.00113511113;0.421037;0.464147
35.311697;0.955397729;0.414800354;0.453999625;0.434164472;0.475194375;0.990619198;0.425187792;0.48373713;0.421200239;0.47879967;0.955397701;0.001037;0.00113508846;0.421037;0.464147
35.312697;0.95539674;0.414800372;0.453999659;0.43416491;0.475194888;0.990618215;0.425188237;0.483333831;0.421200265;0.478799647;0.955396699;0.001037;0.00113506561;0.421037;0.464147
35.338697;0.955380989;0.41480053;0.454000172;0.434172433;0.475202886;0.990592931;0.425199309;0.483346849;0.421200505;0.478799789;0.955381169;0.001037;0.00113475035;0.421037;0.464147
35.344697;0.955377033;0.414800496;0.454000216;0.434174362;0.475204751;0.990588046;0.425201365;0.483349354;0.421200484;0.478799948;0.955377262;0.001037;0.00113486737;0.421037;0.464147
35.364697;0.955364867;0.414800509;0.454000118;0.434180162;0.47521047;0.990568354;0.425209791;0.483359055;0.421200484;0.478800323;0.955365267;0.001037;0.00113543411;0.421037;0.464147
35.365697;0.955363853;0.414800518;0.453600109;0.434180631;0.474792279;0.990567366;0.425210224;0.483359549;0.421200494;0.478800324;0.955364263;0.001037;0.0011344563;0.421037;0.464147
35.371697;0.955360794;0.414800551;0.453600038;0.434182049;0.474793772;0.990561406;0.425212841;0.483362526;0.421200594;0.47880031;0.955361245;0.001037;0.00113452499;0.421037;0.464147
35.372697;0.955359787;0.41480055;0.453600025;0.434182506;0.474794271;0.990560407;0.42521328;0.483363022;0.421200619;0.478400304;0.955360246;0.001037;0.00113452571;0.421037;0.464147
35.373697;0.955359781;0.414800546;0.453600013;0.434182506;0.474794273;0.990559407;0.425213719;0.482959705;0.421200647;0.478400297;0.955360248;0.001037;0.00113452377;0.421037;0.464147
35.378697;0.955355759;0.414800491;0.453599962;0.434184294;0.474796279;0.990554412;0.425215895;0.482962176;0.421200809;0.478400265;0.955356268;0.001037;0.0011344898;0.421037;0.464147
35.429697;0.955324516;0.414799998;0.453600087;0.434197504;0.474812105;0.990504518;0.425237583;0.482985511;0.421200589;0.478400484;0.955325047;0.001037;0.00113366456;0.421037;0.464147
35.430697;0.955324509;0.414799995;0.453200112;0.434197487;0.474393399;0.990503503;0.425238035;0.482986011;0.421200593;0.4784005;0.955325045;0.001037;0.001132643;0.421037;0.464147
35.433697;0.955322499;0.414799981;0.453200192;0.434198349;0.474394385;0.990500469;0.425239377;0.482987517;0.421200604;0.47840055;0.955323043;0.001037;0.001132567;0.421037;0.464147
35.434697;0.9553215;0.414799975;0.453200219;0.434198792;0.474394878;0.990499462;0.425239818;0.482584185;0.421200606;0.478000569;0.955322043;0.001037;0.00113253785;0.421037;0.464147
35.495697;0.955285787;0.414800368;0.453200135;0.434215173;0.474412451;0.990441951;0.425264531;0.482612962;0.421199922;0.478000414;0.955286368;0.001037;0.00113317719;0.421037;0.464147
35.496697;0.955284771;0.414800369;0.452800129;0.434215651;0.473994236;0.990440961;0.425264965;0.482613452;0.421199909;0.478000389;0.955285375;0.001037;0.00113216432;0.421037;0.464147
35.497697;0.955284757;0.414800371;0.452800122;0.434215675;0.473994246;0.990439969;0.425265401;0.482210078;0.421199897;0.477600363;0.95528538;0.001037;0.00113214944;0.421037;0.464147
35.541697;0.955258969;0.414800285;0.452799539;0.434227688;0.474007821;0.990397764;0.425283917;0.48222982;0.421199733;0.477600121;0.955259238;0.001037;0.00113157397;0.421037;0.464147
35.556697;0.955249704;0.414800509;0.452799659;0.434231581;0.474012304;0.99038388;0.425290312;0.482236758;0.421199744;0.477600373;0.955250068;0.001037;0.00113163874;0.421037;0.464147
35.559697;0.955247678;0.414800621;0.452799664;0.434232515;0.474013262;0.990381889;0.425291192;0.482237732;0.421199794;0.477600414;0.955248072;0.001037;0.00113168181;0.421037;0.464147
35.560697;0.955246673;0.414800658;0.452799664;0.434232981;0.474013745;0.990380891;0.42529162;0.482238219;0.421199812;0.477200427;0.955247077;0.001037;0.00113169804;0.421037;0.464147
35.561697;0.955246671;0.414800694;0.452799662;0.434232995;0.474013732;0.990379894;0.425292042;0.481834821;0.421199832;0.47720044;0.955247085;0.001037;0.00113171443;0.421037;0.464147
35.562697;0.95524567;0.414800727;0.452799659;0.434233466;0.474014216;0.990378897;0.425292461;0.481835309;0.421199851;0.477200452;0.955246093;0.001037;0.00113173037;0.421037;0.464147
35.563697;0.95524567;0.414800758;0.452399656;0.434233483;0.473595462;0.990377898;0.425292875;0.481835796;0.421199871;0.477200463;0.955246102;0.001037;0.00113074532;0.421037;0.464147
35.589697;0.955229577;0.414800599;0.452399686;0.434241139;0.473603588;0.990353741;0.425302705;0.481847331;0.421200055;0.477200383;0.955230234;0.001037;0.00113067212;0.421037;0.464147
35.608697;0.955218346;0.414800476;0.452400239;0.434245972;0.473608847;0.990335914;0.425310414;0.48185597;0.421199858;0.477200006;0.955219474;0.001037;0.00113066626;0.421037;0.464147
35.625697;0.955209511;0.41480034;0.452400058;0.4342497;0.473612865;0.990321285;0.425317231;0.481863458;0.421199728;0.477199859;0.955210621;0.001037;0.00113079493;0.421037;0.464147
35.626697;0.955208535;0.414800327;0.452400034;0.434250133;0.473613335;0.990320302;0.42531768;0.481460043;0.42119973;0.476799863;0.955209613;0.001037;0.00113078891;0.421037;0.464147
35.631697;0.955205658;0.414800246;0.452399931;0.434251418;0.473614701;0.990315356;0.425319914;0.481462493;0.421199765;0.47679991;0.955206544;0.001037;0.00113074576;0.421037;0.464147
35.632697;0.955205684;0.414800227;0.451999916;0.434251409;0.473195924;0.990314359;0.425320357;0.481462978;0.421199776;0.476799923;0.955206527;0.001037;0.00112973613;0.421037;0.464147
35.691697;0.955171725;0.414799993;0.45200015;0.434266733;0.473213396;0.990260827;0.425342394;0.481488975;0.421200174;0.476799796;0.955172105;0.001037;0.00113001544;0.421037;0.464147
35.692697;0.95517173;0.414799974;0.452000129;0.434266714;0.473213408;0.990259802;0.42534283;0.481489472;0.421200185;0.476399811;0.955172102;0.001037;0.00112999786;0.421037;0.464147
35.693697;0.955170736;0.414799952;0.452000106;0.434267151;0.473213917;0.990258778;0.425343269;0.481086033;0.421200193;0.476399825;0.955171097;0.001037;0.00112997945;0.421037;0.464147
35.701697;0.95516675;0.414799733;0.451999885;0.434268903;0.473216015;0.990251647;0.425346319;0.481089508;0.421200173;0.476399828;0.955167005;0.001037;0.00112984913;0.421037;0.464147
35.702697;0.955165749;0.414799703;0.451599856;0.434269359;0.472797752;0.99025064;0.425346751;0.481090003;0.421200161;0.476399813;0.955165987;0.001037;0.00112883925;0.421037;0.464147
35.739697;0.9551453;0.414799495;0.451599862;0.434279264;0.472808646;0.990218083;0.425360724;0.481106236;0.421199596;0.476399325;0.95514494;0.001037;0.00112928199;0.421037;0.464147
35.759697;0.955134083;0.414799655;0.45160014;0.434284486;0.472814199;0.990200976;0.425368177;0.481114157;0.421199872;0.476399045;0.955134174;0.001037;0.00112917026;0.421037;0.464147
35.760697;0.955134047;0.414799654;0.451600149;0.434284503;0.472814197;0.99019995;0.425368586;0.480710672;0.421199883;0.475999029;0.955134187;0.001037;0.00112915248;0.421037;0.464147
35.772697;0.955126577;0.414799616;0.451600219;0.434287766;0.472817501;0.990188704;0.425373086;0.480716001;0.421199909;0.475998944;0.955127235;0.001037;0.0011289926;0.421037;0.464147
35.773697;0.955125546;0.414799611;0.451200218;0.434288219;0.472399177;0.990188692;0.425373077;0.480716006;0.421199905;0.475998946;0.95512623;0.001037;0.00112799025;0.421037;0.464147
35.828697;0.955095876;0.414800365;0.451199969;0.434301302;0.472413005;0.990141465;0.425393897;0.480739261;0.421200068;0.476000117;0.955096085;0.001037;0.00112847691;0.421037;0.464147
35.829697;0.955095898;0.414800368;0.451199986;0.434301317;0.472413025;0.990140461;0.425394348;0.480335759;0.421200073;0.475600142;0.955096082;0.001037;0.00112847268;0.421037;0.464147
35.845697;0.955087013;0.414800269;0.451199989;0.434305673;0.472417763;0.990126402;0.425400487;0.48034265;0.421200295;0.475600277;0.955086927;0.001037;0.00112815006;0.421037;0.464147
35.846697;0.955087011;0.414800255;0.450799962;0.434305686;0.471998955;0.990125399;0.425400908;0.48034315;0.421200319;0.475600283;0.95508692;0.001037;0.00112713013;0.421037;0.464147
35.854697;0.955082024;0.414800156;0.45079972;0.434308039;0.472001405;0.990119319;0.42540342;0.48034618;0.421200516;0.475600335;0.955081871;0.001037;0.0011270151;0.421037;0.464147
35.873697;0.955072206;0.414799986;0.450799204;0.434312485;0.472006015;0.990101959;0.425410579;0.480354365;0.421200543;0.47560036;0.955071571;0.001037;0.00112694443;0.421037;0.464147
35.898697;0.955059307;0.414799802;0.450799748;0.434318765;0.47201283;0.990080735;0.425419773;0.480364385;0.421199841;0.475600076;0.955058507;0.001037;0.00112688929;0.421037;0.464147
35.899697;0.955058302;0.414799795;0.450799792;0.434319234;0.47201335;0.990080739;0.425419781;0.480364376;0.42119982;0.475200065;0.955057518;0.001037;0.00112688264;0.421037;0.464147
35.900697;0.955058296;0.41479979;0.450799835;0.434319246;0.472013376;0.990079743;0.425420219;0.479960845;0.4211998;0.475200053;0.955057528;0.001037;0.00112687579;0.421037;0.464147
35.905697;0.955055273;0.414799779;0.450800036;0.434320651;0.472014983;0.990074783;0.425422407;0.479963225;0.421199714;0.475199997;0.955054561;0.001037;0.00112684364;0.421037;0.464147
35.920697;0.955047153;0.414799728;0.4508003;0.434324385;0.472019197;0.990062939;0.425427747;0.479968744;0.421199477;0.47519983;0.955046611;0.001037;0.00112661715;0.421037;0.464147
35.921697;0.95504714;0.414799715;0.450400299;0.434324394;0.471600375;0.990061946;0.425428182;0.479969209;0.421199465;0.475199813;0.955046619;0.001037;0.00112558433;0.421037;0.464147
35.937697;0.955037961;0.41479955;0.450400161;0.434328543;0.471604616;0.99004885;0.42543369;0.479975548;0.421199535;0.475199531;0.955037706;0.001037;0.00112516679;0.421037;0.464147
35.970697;0.955021101;0.414799895;0.450399882;0.434336175;0.471612354;0.990020679;0.425445737;0.47998962;0.421200062;0.475199457;0.955020177;0.001037;0.00112571857;0.421037;0.464147
35.971697;0.955021081;0.414799894;0.450399873;0.434336177;0.471612359;0.990020705;0.425445738;0.479989622;0.42120008;0.474799469;0.955020189;0.001037;0.00112575248;0.421037;0.464147
35.972697;0.95502006;0.414799892;0.450399863;0.434336633;0.471612859;0.990019732;0.425446169;0.479586077;0.421200096;0.474799484;0.955019205;0.001037;0.00112578724;0.421037;0.464147
35.996697;0.955007527;0.414799993;0.450399447;0.434341921;0.47161923;0.990000073;0.425454736;0.479595972;0.421200159;0.474799964;0.955008039;0.001037;0.00112591481;0.421037;0.464147
35.997697;0.955006513;0.414800012;0.449999438;0.434342341;0.471200897;0.989999067;0.425455158;0.479596461;0.42120017;0.474799975;0.955007076;0.001037;0.00112488483;0.421037;0.464147
36.044697;0.954982914;0.414799862;0.449999736;0.434353278;0.471212947;0.989960482;0.425470724;0.479615076;0.421199961;0.474800248;0.954983353;0.001037;0.00112449589;0.421037;0.464147
36.045697;0.954982941;0.414799839;0.449999719;0.434353301;0.471212959;0.989959474;0.425471139;0.47961555;0.421199976;0.474400259;0.954983339;0.001037;0.00112450257;0.421037;0.464147
36.046697;0.954981967;0.41479982;0.449999701;0.434353777;0.471213465;0.989959464;0.425471125;0.479211483;0.421199992;0.47440027;0.954982326;0.001037;0.00112450948;0.421037;0.464147
36.075697;0.95496812;0.414799634;0.44999958;0.434359935;0.471220581;0.989935401;0.42548164;0.479222468;0.421200502;0.474400268;0.954967896;0.001037;0.00112434251;0.421037;0.464147
36.076697;0.9549671;0.414799636;0.449599575;0.43436037;0.4708022;0.989935391;0.425481654;0.479222436;0.42120052;0.474400265;0.954966865;0.001037;0.00112333765;0.421037;0.464147
36.104697;0.954952195;0.414799974;0.449599513;0.434366428;0.470808628;0.989912364;0.425491692;0.479233686;0.421200408;0.474400391;0.954952481;0.001037;0.00112339751;0.421037;0.464147
36.119697;0.954945004;0.414800071;0.449599604;0.43437008;0.470811809;0.989901582;0.425496752;0.479239219;0.421200229;0.4744002;0.954945706;0.001037;0.00112354213;0.421037;0.464147
36.120697;0.95494399;0.414800068;0.449599619;0.434370557;0.47081229;0.989900593;0.425497201;0.479239711;0.421200216;0.474000186;0.954944714;0.001037;0.0011235449;0.421037;0.464147
36.121697;0.954943977;0.414800064;0.449599634;0.434370574;0.470812279;0.989899604;0.425497649;0.478836124;0.421200202;0.474000173;0.954944721;0.001037;0.00112354671;0.421037;0.464147
36.155697;0.954927448;0.414800209;0.449600309;0.434378225;0.47082031;0.98987401;0.425509001;0.478848763;0.421200197;0.474000255;0.954927982;0.001037;0.00112343606;0.421037;0.464147
36.156697;0.95492747;0.414800228;0.449200326;0.434378234;0.470401433;0.989873015;0.425509413;0.478849228;0.4212002;0.474000272;0.954927993;0.001037;0.00112244644;0.421037;0.464147
36.185697;0.954914102;0.414800652;0.449200239;0.434384554;0.470408345;0.989849269;0.425518806;0.478860599;0.421199704;0.473999991;0.954913798;0.001037;0.00112308296;0.421037;0.464147
36.197697;0.954908231;0.414800654;0.449200315;0.434387295;0.470411584;0.989840135;0.425522563;0.478864998;0.421199383;0.473999597;0.954907859;0.001037;0.00112305751;0.421037;0.464147
36.198697;0.954908234;0.414800648;0.449200322;0.434387302;0.4704116;0.98984013;0.42552256;0.478864989;0.421199375;0.473599579;0.954907875;0.001037;0.00112305874;0.421037;0.464147
36.199697;0.954907236;0.414800641;0.449200327;0.434387763;0.470412108;0.989839127;0.42552299;0.478461357;0.421199371;0.473599564;0.954906892;0.001037;0.00112306073;0.421037;0.464147
36.238697;0.954888344;0.414799936;0.449199697;0.434396077;0.47042176;0.98980987;0.425536771;0.478475444;0.421199367;0.473600383;0.954888101;0.001037;0.00112303863;0.421037;0.464147
36.239697;0.95488835;0.414799931;0.448799675;0.434396058;0.470002897;0.98980889;0.425537204;0.47847591;0.421199381;0.47360038;0.954888104;0.001037;0.00112204759;0.421037;0.464147
36.277697;0.954869956;0.414800034;0.448799597;0.434404038;0.470012283;0.989780225;0.425548835;0.47848935;0.421200139;0.473600101;0.954870029;0.001037;0.00112218555;0.421037;0.464147
36.278697;0.954869953;0.414800029;0.448799594;0.434404052;0.470012267;0.989779238;0.425549253;0.478085717;0.42120013;0.473200106;0.954870032;0.001037;0.00112217936;0.421037;0.464147
36.279697;0.954868952;0.414800025;0.448799591;0.434404521;0.47001274;0.989778252;0.425549671;0.478086215;0.421200119;0.473200111;0.954869035;0.001037;0.00112217086;0.421037;0.464147
36.304697;0.954857061;0.414800035;0.448799605;0.434410254;0.470018286;0.98976078;0.425557303;0.478095094;0.421199938;0.473200027;0.954857258;0.001037;0.00112183314;0.421037;0.464147
36.323697;0.954848824;0.414799666;0.448799513;0.434414086;0.470022357;0.989747149;0.425563319;0.478102008;0.421199921;0.473200158;0.954849221;0.001037;0.0011217093;0.421037;0.464147
36.324697;0.954847815;0.414799646;0.448399521;0.434414536;0.469603955;0.989746161;0.425563744;0.478102475;0.421199926;0.473200153;0.954848213;0.001037;0.00112070328;0.421037;0.464147
36.358697;0.954832956;0.414799692;0.448400056;0.434421546;0.469611235;0.989721924;0.425573763;0.47811322;0.421200288;0.473200399;0.954833036;0.001037;0.00112078913;0.421037;0.464147
36.359697;0.954831951;0.414799721;0.448400037;0.434421986;0.469611706;0.989720908;0.425574194;0.478113695;0.421200315;0.472800426;0.954832017;0.001037;0.00112079345;0.421037;0.464147
36.360697;0.954831946;0.414799751;0.448400016;0.434421971;0.469611686;0.989719894;0.425574626;0.47771002;0.421200343;0.472800453;0.954831998;0.001037;0.00112079749;0.421037;0.464147
36.405697;0.95481138;0.414800189;0.448399533;0.434431251;0.469621255;0.989687578;0.425588941;0.477725865;0.421200333;0.472800921;0.954810992;0.001037;0.00112134378;0.421037;0.464147
36.411697;0.954809397;0.414800205;0.44839948;0.434432234;0.46962229;0.989683681;0.425590734;0.477727888;0.421200248;0.472800747;0.954809107;0.001037;0.00112142314;0.421037;0.464147
36.412697;0.954808393;0.414800211;0.447999472;0.434432696;0.469203868;0.989682701;0.425591173;0.477728387;0.421200235;0.472800714;0.954808131;0.001037;0.00112043571;0.421037;0.464147
36.443697;0.954794552;0.414801124;0.447999581;0.434438263;0.469210852;0.989661014;0.425600399;0.477739161;0.421199818;0.472800623;0.954795576;0.001037;0.00112026693;0.421037;0.464147
36.444697;0.95479354;0.414801141;0.447999597;0.434438707;0.46921135;0.989660018;0.425600813;0.477739643;0.421199813;0.472400649;0.95479459;0.001037;0.00112024308;0.421037;0.464147
36.445697;0.95479353;0.414801155;0.447999612;0.434438697;0.469211355;0.989660023;0.425600798;0.477335463;0.421199809;0.472400674;0.954794604;0.001037;0.0011202164;0.421037;0.464147
36.471697;0.954781776;0.414800844;0.447999555;0.434444645;0.469217484;0.989641126;0.425609026;0.477344902;0.421199809;0.472400623;0.954782528;0.001037;0.00111934242;0.421037;0.464147
36.482697;0.954776938;0.414800707;0.447999675;0.434447117;0.469219926;0.989634224;0.425612353;0.477348337;0.421199844;0.472400395;0.954777165;0.001037;0.00111928152;0.421037;0.464147
36.502697;0.954769125;0.414800466;0.448000063;0.43445061;0.469223913;0.989620185;0.425618861;0.477354934;0.421200104;0.472400082;0.954769243;0.001037;0.00111956844;0.421037;0.464147
36.503697;0.954768128;0.414800464;0.447600083;0.434451062;0.468805446;0.989619165;0.425619297;0.477355429;0.421200106;0.472400081;0.954768263;0.001037;0.00111858444;0.421037;0.464147
36.516697;0.954763074;0.414800475;0.447600407;0.434453368;0.468807821;0.989610069;0.425623094;0.47736009;0.421200019;0.472400252;0.954763449;0.001037;0.0011187383;0.421037;0.464147
36.530697;0.954757237;0.414800456;0.44760064;0.434456093;0.468810865;0.989601421;0.425626557;0.477364603;0.421199899;0.472400525;0.954757492;0.001037;0.00111869732;0.421037;0.464147
36.531697;0.954756249;0.414800453;0.447600642;0.434456544;0.468811362;0.989600444;0.425626949;0.477365089;0.421199891;0.472000534;0.954756475;0.001037;0.00111869156;0.421037;0.464147
36.532697;0.954756259;0.414800451;0.447600641;0.434456541;0.468811365;0.989600465;0.425626912;0.476960888;0.421199881;0.472000542;0.954756454;0.001037;0.00111868553;0.421037;0.464147
36.595697;0.954728945;0.414800596;0.447600434;0.43446892;0.468824139;0.989557086;0.425645336;0.476981325;0.421199809;0.472000251;0.954728925;0.001037;0.00111876374;0.421037;0.464147
36.596697;0.954728917;0.414800586;0.447200432;0.434468919;0.468405201;0.989557093;0.425645363;0.476981312;0.421199821;0.472000226;0.954728917;0.001037;0.00111776815;0.421037;0.464147
36.619697;0.954718492;0.414800397;0.447199912;0.434473456;0.468410037;0.989541085;0.425652911;0.476988563;0.421199666;0.471999658;0.954718501;0.001037;0.00111794452;0.421037;0.464147
36.620697;0.954718489;0.414800412;0.447199898;0.434473461;0.468410006;0.989541074;0.425652946;0.476988552;0.421199649;0.471599634;0.954718473;0.001037;0.00111794496;0.421037;0.464147
36.621697;0.954717486;0.414800429;0.447199887;0.43447392;0.468410465;0.989540063;0.42565341;0.476584797;0.42119963;0.471599608;0.954717449;0.001037;0.00111794337;0.421037;0.464147
36.660697;0.954701478;0.414800324;0.447199738;0.434480934;0.468418512;0.989514835;0.425663801;0.476597303;0.421199284;0.47159911;0.954702321;0.001037;0.00111724136;0.421037;0.464147
36.671697;0.95469764;0.414800338;0.447199773;0.4344826;0.468420622;0.989506733;0.425667057;0.476601103;0.421199367;0.47159915;0.954698439;0.001037;0.00111738926;0.421037;0.464147
36.692697;0.954689754;0.414799587;0.447199653;0.43448657;0.468424532;0.989493238;0.425672407;0.476607219;0.421199286;0.471599671;0.954690129;0.001037;0.00111771442;0.421037;0.464147
36.693697;0.954688766;0.414799538;0.446799645;0.434487039;0.468006033;0.989492228;0.425672814;0.476607698;0.421199285;0.4715997;0.954689095;0.001037;0.00111673164;0.421037;0.464147
36.702697;0.954684973;0.414799236;0.446799551;0.434488858;0.468007886;0.989487291;0.425674784;0.476610137;0.421199335;0.47159987;0.95468475;0.001037;0.00111688582;0.421037;0.464147
36.712697;0.954681247;0.414799217;0.446799466;0.434490613;0.468009628;0.989480499;0.425677718;0.476613485;0.421199588;0.471599978;0.954680551;0.001037;0.00111685996;0.421037;0.464147
36.713697;0.954681269;0.414799225;0.446799465;0.434490612;0.468009606;0.989480519;0.425677715;0.476613473;0.421199625;0.471199992;0.954680544;0.001037;0.00111684441;0.421037;0.464147
36.714697;0.954681291;0.414799233;0.446799466;0.434490612;0.468009585;0.989479539;0.425678141;0.476209688;0.421199665;0.471200005;0.954680539;0.001037;0.00111682667;0.421037;0.464147
36.756697;0.954664134;0.41479971;0.446799262;0.434497856;0.468018269;0.989452967;0.42568937;0.476222659;0.421200291;0.471200306;0.954663757;0.001037;0.00111633296;0.421037;0.464147
36.793697;0.954649507;0.414799839;0.446799556;0.43450431;0.46802527;0.989431311;0.425699196;0.476233709;0.421199895;0.471200006;0.954650066;0.001037;0.00111705546;0.421037;0.464147
36.794697;0.954648504;0.414799835;0.446399552;0.434504791;0.467606748;0.989430303;0.425699635;0.476234198;0.421199886;0.471199998;0.954649078;0.001037;0.00111608453;0.421037;0.464147
36.809697;0.954642623;0.414799819;0.446399313;0.434508043;0.467609386;0.989421211;0.425703535;0.476238834;0.421199643;0.471200015;0.954643189;0.001037;0.00111631329;0.421037;0.464147
36.810697;0.954642641;0.414799817;0.446399293;0.43450808;0.467609366;0.989420209;0.425703961;0.476239335;0.421199628;0.470800027;0.954643188;0.001037;0.00111630835;0.421037;0.464147
36.811697;0.954642662;0.414799815;0.446399273;0.434508115;0.467609347;0.989419208;0.425704387;0.475835559;0.421199616;0.470800041;0.954643184;0.001037;0.00111630008;0.421037;0.464147
36.889697;0.954613422;0.414800043;0.446399955;0.434521392;0.46762363;0.989372151;0.425724052;0.475857731;0.421199558;0.470799984;0.95461249;0.001037;0.00111583413;0.421037;0.464147
36.896697;0.954610288;0.414799963;0.446400084;0.43452293;0.467625056;0.989368086;0.425725889;0.475859593;0.421199528;0.470799911;0.954609578;0.001037;0.00111590813;0.421037;0.464147
36.898697;0.954610253;0.414799935;0.446400113;0.434522979;0.467625062;0.989367073;0.425726366;0.475860085;0.421199548;0.470799904;0.954609616;0.001037;0.00111592072;0.421037;0.464147
36.899697;0.954609239;0.41479992;0.446000123;0.434523458;0.467206538;0.989367067;0.425726389;0.475860094;0.421199563;0.470799901;0.954608636;0.001037;0.00111492605;0.421037;0.464147
36.909697;0.954606233;0.414799787;0.446000176;0.434525061;0.46720812;0.989361007;0.425729163;0.475863067;0.421199819;0.470799872;0.954605813;0.001037;0.00111492172;0.421037;0.464147
36.910697;0.95460524;0.414799778;0.446000184;0.434525537;0.467208624;0.98936;0.425729607;0.475863555;0.421199843;0.470399867;0.954604826;0.001037;0.00111491935;0.421037;0.464147
36.911697;0.954605247;0.41479977;0.446000192;0.434525558;0.46720864;0.989358994;0.425730048;0.475459741;0.421199866;0.470399861;0.954604837;0.001037;0.00111491756;0.421037;0.464147
36.923697;0.954600348;0.414799828;0.446000347;0.434527891;0.467211269;0.989351831;0.425733107;0.475463167;0.421199989;0.470399772;0.954599972;0.001037;0.00111492101;0.421037;0.464147
36.966697;0.954585146;0.414800792;0.446000298;0.434534153;0.467218092;0.989326944;0.425743447;0.475475206;0.421199993;0.470399574;0.954584888;0.001037;0.00111453669;0.421037;0.464147
37.007697;0.954570114;0.414800121;0.446000345;0.4345411;0.467226139;0.989304283;0.425752773;0.475485706;0.421199837;0.470399137;0.954569908;0.001037;0.00111526993;0.421037;0.464147
37.008697;0.954570083;0.414800116;0.445600344;0.434541086;0.466807084;0.989304279;0.425752762;0.475485709;0.42119983;0.470399143;0.95456989;0.001037;0.00111427706;0.421037;0.464147
37.013697;0.954567934;0.414800107;0.445600331;0.434541922;0.466807966;0.989301284;0.425754043;0.475487155;0.421199811;0.470399185;0.954567803;0.001037;0.0011143242;0.421037;0.464147
37.014697;0.954567908;0.414800108;0.445600328;0.434541905;0.466807947;0.989300291;0.425754482;0.475487633;0.421199809;0.469999195;0.954567788;0.001037;0.00111433654;0.421037;0.464147
37.015697;0.954566883;0.414800109;0.445600324;0.434542345;0.466808416;0.989300301;0.425754494;0.475083303;0.421199808;0.469999205;0.954566774;0.001037;0.00111434914;0.421037;0.464147
37.109697;0.954533751;0.414799261;0.445599657;0.434557046;0.466824939;0.989247493;0.425777808;0.475108637;0.421199436;0.470000239;0.954534336;0.001037;0.00111318707;0.421037;0.464147
37.111697;0.954533759;0.414799281;0.445599608;0.43455704;0.466824944;0.989245486;0.425778676;0.475109586;0.421199365;0.470000262;0.95453437;0.001037;0.00111314941;0.421037;0.464147
37.121697;0.954529735;0.414799428;0.445599492;0.434558907;0.466826999;0.989240553;0.42578092;0.475112038;0.421199079;0.470000314;0.954530507;0.001037;0.00111298207;0.421037;0.464147
37.122697;0.954529719;0.414799449;0.445199492;0.434558917;0.466407959;0.989240567;0.425780927;0.475112056;0.421199062;0.470000312;0.954530519;0.001037;0.00111196664;0.421037;0.464147
37.123697;0.954529701;0.414799472;0.445199492;0.434558927;0.466407975;0.98923958;0.425781362;0.475112555;0.421199048;0.469600308;0.95453053;0.001037;0.00111195237;0.421037;0.464147
37.124697;0.95452868;0.414799495;0.445199492;0.434559393;0.466408481;0.989238593;0.425781797;0.474708704;0.421199037;0.469600303;0.95452954;0.001037;0.00111193956;0.421037;0.464147
37.184697;0.954509075;0.414799837;0.445200233;0.434568821;0.466418034;0.989206913;0.425795588;0.474723967;0.421200187;0.469599693;0.954509257;0.001037;0.0011125782;0.421037;0.464147
37.226697;0.954495331;0.414800015;0.445200124;0.434575224;0.466424671;0.989186057;0.425805278;0.474734184;0.42119967;0.469600226;0.954495012;0.001037;0.00111222267;0.421037;0.464147
37.236697;0.954492108;0.414800615;0.445199983;0.434576541;0.46642617;0.989180186;0.425807834;0.474736825;0.421199533;0.469600338;0.954491998;0.001037;0.00111252992;0.421037;0.464147
37.237697;0.954492089;0.414800669;0.445199971;0.434576536;0.466426175;0.989180184;0.425807833;0.474736811;0.421199522;0.469200344;0.954492005;0.001037;0.00111256944;0.421037;0.464147
37.238697;0.95449207;0.41480072;0.445199959;0.434576531;0.46642618;0.989179181;0.425808263;0.474332902;0.421199511;0.469200349;0.954492012;0.001037;0.00111260971;0.421037;0.464147
37.241697;0.954491019;0.414800855;0.445199923;0.434576976;0.466426681;0.989178169;0.42580869;0.474333348;0.421199475;0.469200359;0.954491035;0.001037;0.00111273202;0.421037;0.464147
37.242697;0.954490005;0.414800893;0.444799912;0.43457743;0.466008102;0.989177164;0.42580912;0.474333817;0.421199463;0.46920036;0.954490043;0.001037;0.00111177232;0.421037;0.464147
37.301697;0.954471836;0.414800342;0.444799418;0.434586313;0.466017193;0.989147145;0.425822576;0.474347494;0.421200532;0.469200155;0.954471443;0.001037;0.00111197477;0.421037;0.464147
37.335697;0.954461611;0.41480034;0.444799508;0.434591507;0.466021848;0.989130415;0.42582927;0.474356084;0.421200273;0.469199995;0.954460711;0.001037;0.0011119924;0.421037;0.464147
37.355697;0.954455429;0.414800148;0.444799741;0.434593571;0.466025164;0.989121581;0.425832526;0.474360832;0.421200246;0.469200499;0.95445455;0.001037;0.00111167855;0.421037;0.464147
37.356697;0.954454432;0.41480012;0.444799743;0.434593997;0.466025671;0.989120556;0.425832939;0.474361326;0.421200237;0.468800518;0.954453549;0.001037;0.00111167099;0.421037;0.464147
37.357697;0.954454435;0.414800091;0.444799745;0.43459397;0.466025691;0.989120528;0.425832921;0.47436134;0.421200226;0.468800536;0.954453549;0.001037;0.0011116659;0.421037;0.464147
37.358697;0.95445444;0.414800062;0.444799746;0.434593946;0.466025709;0.989119497;0.425833334;0.473957432;0.421200214;0.468800554;0.954453549;0.001037;0.00111166312;0.421037;0.464147
37.368697;0.954451464;0.414799771;0.444799706;0.434595175;0.466027261;0.98911418;0.425835389;0.47395992;0.421200066;0.468800617;0.954450586;0.001037;0.00111173566;0.421037;0.464147
37.369697;0.954450453;0.414799745;0.444399695;0.434595625;0.465608659;0.989114157;0.425835386;0.473959934;0.421200049;0.468800608;0.954449593;0.001037;0.00111075241;0.421037;0.464147
37.405697;0.954439145;0.414799275;0.444399904;0.434600668;0.465613572;0.989096588;0.425843327;0.473968927;0.4211998;0.468799884;0.954438387;0.001037;0.00111154805;0.421037;0.464147
37.482697;0.954417549;0.414800971;0.444400104;0.434610504;0.465624382;0.989060108;0.425859296;0.473985738;0.421199525;0.468800105;0.954416876;0.001037;0.00111105848;0.421037;0.464147
37.483697;0.954416527;0.414800967;0.44440009;0.43461096;0.465624865;0.989060119;0.4258593;0.473985743;0.421199541;0.468400104;0.954415886;0.001037;0.00111105618;0.421037;0.464147
37.484697;0.954416503;0.414800962;0.444400076;0.434610961;0.465624859;0.989059126;0.425859733;0.473581801;0.421199556;0.468400103;0.954415897;0.001037;0.00111105306;0.421037;0.464147
37.486697;0.954415451;0.414800948;0.44440005;0.434611422;0.465625332;0.989058131;0.425860161;0.473582278;0.421199585;0.468400098;0.954414921;0.001037;0.00111104497;0.421037;0.464147
37.502697;0.954411058;0.414800772;0.444399849;0.434613617;0.465627136;0.989050962;0.42586299;0.473585382;0.421199846;0.468400088;0.954411128;0.001037;0.00111104674;0.421037;0.464147
37.503697;0.95441104;0.414800756;0.443999841;0.434613658;0.465208022;0.989050946;0.425862977;0.473585361;0.421199866;0.468400092;0.954411135;0.001037;0.0011100473;0.421037;0.464147
37.545697;0.954400147;0.414800163;0.443999821;0.434619183;0.465213924;0.989030898;0.425871161;0.473594463;0.421200177;0.468399932;0.954398838;0.001037;0.00111006288;0.421037;0.464147
37.616697;0.95437903;0.414799814;0.443999764;0.434629157;0.465223787;0.988999852;0.425884941;0.473610327;0.421199569;0.468400032;0.954378734;0.001037;0.00111063916;0.421037;0.464147
37.617697;0.954379021;0.414799835;0.443999758;0.434629174;0.465223789;0.988999873;0.425884948;0.473610312;0.421199582;0.468000045;0.95437873;0.001037;0.00111064617;0.421037;0.464147
37.618697;0.954378012;0.414799856;0.443999753;0.434629642;0.465224278;0.988998893;0.425885386;0.473206324;0.421199593;0.468000058;0.954377727;0.001037;0.00111065173;0.421037;0.464147
37.622697;0.954376971;0.414799931;0.443999743;0.4346301;0.465224754;0.988996958;0.425886277;0.473207193;0.421199618;0.468000116;0.954376712;0.001037;0.00111066808;0.421037;0.464147
37.644697;0.954370793;0.41479985;0.443999646;0.434632214;0.465227257;0.988988114;0.425890292;0.473210823;0.421199994;0.468000316;0.954370229;0.001037;0.00111045821;0.421037;0.464147
37.645697;0.954370789;0.414799837;0.443599642;0.434632203;0.464808113;0.988988108;0.425890296;0.473210805;0.421200029;0.468000318;0.954370213;0.001037;0.00110942649;0.421037;0.464147
37.718697;0.95435118;0.414800772;0.44360027;0.434641229;0.464817933;0.988956906;0.425902893;0.473225672;0.421200531;0.467998962;0.954350544;0.001037;0.00110894957;0.421037;0.464147
37.750697;0.954343103;0.414800039;0.443599525;0.434645069;0.464822117;0.98894323;0.4259084;0.473232705;0.421199887;0.467999554;0.954343006;0.001037;0.0011093167;0.421037;0.464147
37.758697;0.954341127;0.414799947;0.443599453;0.434645889;0.464823164;0.988940095;0.42590972;0.473233985;0.421199617;0.467999792;0.954341219;0.001037;0.00110902473;0.421037;0.464147
37.759697;0.95434113;0.414799932;0.443599442;0.434645871;0.464823176;0.988940079;0.425909732;0.473233966;0.421199598;0.467599821;0.954341229;0.001037;0.00110898789;0.421037;0.464147
37.760697;0.954341134;0.414799915;0.44359943;0.434645852;0.46482319;0.988939066;0.425910175;0.473234426;0.421199583;0.46759985;0.954341237;0.001037;0.00110895183;0.421037;0.464147
37.761697;0.954340137;0.414799898;0.443599418;0.434646288;0.464823693;0.988939054;0.425910188;0.472829937;0.421199573;0.467599879;0.954340241;0.001037;0.00110891662;0.421037;0.464147
37.788697;0.954333105;0.414799613;0.443599054;0.43464944;0.464827475;0.988927923;0.425915224;0.472835186;0.42120032;0.467600149;0.954332759;0.001037;0.00110835405;0.421037;0.464147
37.797697;0.954331107;0.414799664;0.443599124;0.434650317;0.464828461;0.988923861;0.425916937;0.472837007;0.421200655;0.467600195;0.954330586;0.001037;0.00110833056;0.421037;0.464147
37.798697;0.954331111;0.414799668;0.443199142;0.434650311;0.46440932;0.988923852;0.425916926;0.472836994;0.421200685;0.4676002;0.954330576;0.001037;0.00110733687;0.421037;0.464147
37.868697;0.954314952;0.41479891;0.44319981;0.434658215;0.464417113;0.988895782;0.425929699;0.47285013;0.421199568;0.467600599;0.954314377;0.001037;0.00110762046;0.421037;0.464147
37.911697;0.954302532;0.414799655;0.44320004;0.434662906;0.46442309;0.988880003;0.425936662;0.472858561;0.421199984;0.4675996;0.954303049;0.001037;0.00110768407;0.421037;0.464147
37.912697;0.954302525;0.414799664;0.443200059;0.434662911;0.464423098;0.988880005;0.425936683;0.472858563;0.421200009;0.467199595;0.95430303;0.001037;0.00110766277;0.421037;0.464147
37.913697;0.954302522;0.414799675;0.443200077;0.434662914;0.464423104;0.988879005;0.425937137;0.472859043;0.421200034;0.467199589;0.954303007;0.001037;0.0011076416;0.421037;0.464147
37.914697;0.954302523;0.414799688;0.443200095;0.434662915;0.464423107;0.988879006;0.425937161;0.472454548;0.421200058;0.467199583;0.954302983;0.001037;0.00110762068;0.421037;0.464147
37.961697;0.954290923;0.414799966;0.44320012;0.434668333;0.464428908;0.988861364;0.425944793;0.472462609;0.421199883;0.467199381;0.95429029;0.001037;0.00110771478;0.421037;0.464147
37.962697;0.954290912;0.414799962;0.442800106;0.434668355;0.464009739;0.988861366;0.425944789;0.472462613;0.421199881;0.46719937;0.954290302;0.001037;0.0011067177;0.421037;0.464147
37.974697;0.95428771;0.414799849;0.442799962;0.434669862;0.464011077;0.988856376;0.425946948;0.472465142;0.42119981;0.46719939;0.954287321;0.001037;0.0011066816;0.421037;0.464147
38.076697;0.95426464;0.414799433;0.442799897;0.434679993;0.464021993;0.988819915;0.425962155;0.472482271;0.421200251;0.467200417;0.954264681;0.001037;0.00110755322;0.421037;0.464147
38.077697;0.954264651;0.41479942;0.442799875;0.434679993;0.46402199;0.988819897;0.425962167;0.472482269;0.421200232;0.466800415;0.95426471;0.001037;0.00110756274;0.421037;0.464147
38.078697;0.954264662;0.414799409;0.442799854;0.434679993;0.464021988;0.988818878;0.425962609;0.472482747;0.421200213;0.466800411;0.954264741;0.001037;0.00110757058;0.421037;0.464147
38.079697;0.954264673;0.414799401;0.442799835;0.434679994;0.464021988;0.98881886;0.425962621;0.472078226;0.421200194;0.466800406;0.954264773;0.001037;0.00110757638;0.421037;0.464147
38.085697;0.954262735;0.41479943;0.442799742;0.434680896;0.464022969;0.988816738;0.425963549;0.472079208;0.421200104;0.466800334;0.954262981;0.001037;0.00110756507;0.421037;0.464147
38.106697;0.954259059;0.414800207;0.442799724;0.434682206;0.464025037;0.988808594;0.425967304;0.472083008;0.421200336;0.4668001;0.954259495;0.001037;0.00110719752;0.421037;0.464147
38.140697;0.954252655;0.41480042;0.442799652;0.434685757;0.464028372;0.98879782;0.425971927;0.472088363;0.421200315;0.466800324;0.954252037;0.001037;0.00110650014;0.421037;0.464147
38.141697;0.95425168;0.414800421;0.442399664;0.434686219;0.463609659;0.988797831;0.425971936;0.472088373;0.421200297;0.466800305;0.954251034;0.001037;0.00110549387;0.421037;0.464147
38.188697;0.954240851;0.414799788;0.442399801;0.43469139;0.463615028;0.98878209;0.425978543;0.472096232;0.421199759;0.466800185;0.954241134;0.001037;0.00110608684;0.421037;0.464147
38.198697;0.954238633;0.414799572;0.442399707;0.434692211;0.463616081;0.988777972;0.425980355;0.472098206;0.42120007;0.466800162;0.954239035;0.001037;0.00110597051;0.421037;0.464147
38.256697;0.95422749;0.414799817;0.442400331;0.434697408;0.463621312;0.98875992;0.425988521;0.472106529;0.42120024;0.466800179;0.954228592;0.001037;0.00110610861;0.421037;0.464147
38.257697;0.954226491;0.414799817;0.442400335;0.434697837;0.463621801;0.988758916;0.425988932;0.472106982;0.42120025;0.466400194;0.954227579;0.001037;0.0011060958;0.421037;0.464147
38.258697;0.954226492;0.414799815;0.442400337;0.434697812;0.463621804;0.988758911;0.425988911;0.472106958;0.421200264;0.466400209;0.954227564;0.001037;0.00110608327;0.421037;0.464147
38.259697;0.954226492;0.414799811;0.442400338;0.434697786;0.463621807;0.988758905;0.425988892;0.471702389;0.421200282;0.466400224;0.954227549;0.001037;0.00110607128;0.421037;0.464147
38.336697;0.954211808;0.414800155;0.442400158;0.434704174;0.463628964;0.98873475;0.425998721;0.471713558;0.421200199;0.466399672;0.954211501;0.001037;0.00110524417;0.421037;0.464147
38.337697;0.954211813;0.414800157;0.442000155;0.434704191;0.463209777;0.988733737;0.425999162;0.471714052;0.421200204;0.466399676;0.954211492;0.001037;0.00110425787;0.421037;0.464147
38.353697;0.954208956;0.414800008;0.442000289;0.434705826;0.463211269;0.988728701;0.426001387;0.47171662;0.421200066;0.466399703;0.954208589;0.001037;0.00110459535;0.421037;0.464147
38.364697;0.954206045;0.414799878;0.442000218;0.434707236;0.46321266;0.988725692;0.426002691;0.471718056;0.421199696;0.466399524;0.954205883;0.001037;0.00110482423;0.421037;0.464147
38.412697;0.954196962;0.414799907;0.441999423;0.434710457;0.4632165;0.988711641;0.426009115;0.471724175;0.421199839;0.466400364;0.954196759;0.001037;0.00110497103;0.421037;0.464147
38.420697;0.954195878;0.414799957;0.441999442;0.43471095;0.463216892;0.988708627;0.426010488;0.471725574;0.421200019;0.466400386;0.954195864;0.001037;0.00110481467;0.421037;0.464147
38.454697;0.954190429;0.414799786;0.441999829;0.434714069;0.463219811;0.988700019;0.426014086;0.471730325;0.42120015;0.466400654;0.954190693;0.001037;0.00110510366;0.421037;0.464147
38.455697;0.95419044;0.414799782;0.441999819;0.434714072;0.463219827;0.988699004;0.426014515;0.471730807;0.42120016;0.466000645;0.954190712;0.001037;0.0011051203;0.421037;0.464147
38.457697;0.95418945;0.414799773;0.441999802;0.434714533;0.463220345;0.98869897;0.426014512;0.471730811;0.42120018;0.466000622;0.95418975;0.001037;0.00110514661;0.421037;0.464147
38.458697;0.954189449;0.414799769;0.441999796;0.434714536;0.46322036;0.988697953;0.426014942;0.471326716;0.421200189;0.46600061;0.954189768;0.001037;0.00110515573;0.421037;0.464147
38.555697;0.954171725;0.414800062;0.442000202;0.434722368;0.463228655;0.988671536;0.426026662;0.47133983;0.421200251;0.465999777;0.954172545;0.001037;0.00110493151;0.421037;0.464147
38.556697;0.954171729;0.414800075;0.441600181;0.434722368;0.462809443;0.988671569;0.426026668;0.471339845;0.421200258;0.465999748;0.954172541;0.001037;0.00110396225;0.421037;0.464147
38.599697;0.954165247;0.414799937;0.441600331;0.434725399;0.462812672;0.988659245;0.426031138;0.471345604;0.421200196;0.465999573;0.954164651;0.001037;0.00110416863;0.421037;0.464147
38.660697;0.954153975;0.414800259;0.441599661;0.434730883;0.462818442;0.988643567;0.42603817;0.47135199;0.421200058;0.466000121;0.954154011;0.001037;0.00110311736;0.421037;0.464147
38.664697;0.954153909;0.414800172;0.441599656;0.434730896;0.46281851;0.988641542;0.426039115;0.47135292;0.421200081;0.466000095;0.954153934;0.001037;0.00110320643;0.421037;0.464147
38.676697;0.954151784;0.414799702;0.441599616;0.434731826;0.462819772;0.988638594;0.426040568;0.471354536;0.421200266;0.46600014;0.954151709;0.001037;0.00110355235;0.421037;0.464147
38.677697;0.954151779;0.414799657;0.441599608;0.434731826;0.462819789;0.988638605;0.426040574;0.47135457;0.421200286;0.465600147;0.954151704;0.001037;0.00110358054;0.421037;0.464147
38.679697;0.95415077;0.414799568;0.441599593;0.43473228;0.462820297;0.988638627;0.426040582;0.471354644;0.421200327;0.465600164;0.954150701;0.001037;0.00110363531;0.421037;0.464147
38.680697;0.954150765;0.414799524;0.441599586;0.434732279;0.462820302;0.988637638;0.426041015;0.470950564;0.421200348;0.465600172;0.954150703;0.001037;0.00110366168;0.421037;0.464147
38.685697;0.954149727;0.414799299;0.44159956;0.43473272;0.46282076;0.988636678;0.426041447;0.470951256;0.421200435;0.46560021;0.954149739;0.001037;0.00110378592;0.421037;0.464147
38.804697;0.954132031;0.414799927;0.441599918;0.434740617;0.462828432;0.988607692;0.426052939;0.470964954;0.421199956;0.465600067;0.954131867;0.001037;0.00110345979;0.421037;0.464147
38.805697;0.954132053;0.414799905;0.441199914;0.434740627;0.462409202;0.98860772;0.426052931;0.470964928;0.421199969;0.465600066;0.954131863;0.001037;0.00110244619;0.421037;0.464147
38.866697;0.954123514;0.414799607;0.441199079;0.434744746;0.46241416;0.988592438;0.42606007;0.47097263;0.421200465;0.465600122;0.95412287;0.001037;0.00110206521;0.421037;0.464147
38.888697;0.954120686;0.414799759;0.441199595;0.434745961;0.462415782;0.988587967;0.426062529;0.470974948;0.421200408;0.465600444;0.954119671;0.001037;0.00110264565;0.421037;0.464147
38.930697;0.954114372;0.414800424;0.441199621;0.43474933;0.462418804;0.988578814;0.426066344;0.470978994;0.421200358;0.465600626;0.954113863;0.001037;0.00110277659;0.421037;0.464147
38.931697;0.954114355;0.414800436;0.441199627;0.434749342;0.462418794;0.988578815;0.426066347;0.470978981;0.421200361;0.465200615;0.954113872;0.001037;0.00110274819;0.421037;0.464147
38.933697;0.95411432;0.41480045;0.441199642;0.434749363;0.462418778;0.98857782;0.426066784;0.470979435;0.421200367;0.465200595;0.954113895;0.001037;0.00110269623;0.421037;0.464147
38.934697;0.954113301;0.414800452;0.44119965;0.434749827;0.462419256;0.988577823;0.426066786;0.470574806;0.421200371;0.465200586;0.954112908;0.001037;0.00110267339;0.421037;0.464147
39.015697;0.954102151;0.414799819;0.441199873;0.434754532;0.462424886;0.988560434;0.426074119;0.470583327;0.42120023;0.46520024;0.954101937;0.001037;0.00110256471;0.421037;0.464147
39.095697;0.954092225;0.414800153;0.441199537;0.434758734;0.462429331;0.988544235;0.426081167;0.470591217;0.421200195;0.465199824;0.954091827;0.001037;0.00110262966;0.421037;0.464147
39.096697;0.954092216;0.414800132;0.440799551;0.434758754;0.462010088;0.988544243;0.42608113;0.47059121;0.421200223;0.465199828;0.954091826;0.001037;0.00110160221;0.421037;0.464147
39.110697;0.954090006;0.41480004;0.440799971;0.434759936;0.462010899;0.988541251;0.426081887;0.470592646;0.421200578;0.465199945;0.954090001;0.001037;0.001101339;0.421037;0.464147
39.141697;0.954086044;0.414800117;0.440800587;0.434761731;0.462012706;0.988534792;0.426084684;0.470595377;0.421200684;0.465199775;0.954086117;0.001037;0.00110138181;0.421037;0.464147
39.151697;0.954084969;0.414800284;0.440800435;0.434762206;0.462013419;0.988532593;0.426085725;0.470596297;0.421200743;0.465199648;0.954085041;0.001037;0.00110138516;0.421037;0.464147
39.228697;0.954075647;0.414799821;0.440799593;0.434766508;0.462017831;0.988519169;0.426091697;0.470601952;0.421200082;0.465199856;0.954075935;0.001037;0.00110213044;0.421037;0.464147
39.229697;0.954075684;0.414799831;0.440799587;0.434766503;0.46201783;0.988519198;0.426091709;0.470601952;0.42120008;0.464799881;0.954075936;0.001037;0.00110213548;0.421037;0.464147
39.231697;0.95407576;0.414799846;0.440799581;0.434766491;0.462017831;0.98851825;0.42609216;0.470602437;0.421200083;0.46479993;0.954075941;0.001037;0.00110214203;0.421037;0.464147
39.232697;0.954075799;0.414799852;0.440799581;0.434766485;0.462017833;0.988518273;0.426092168;0.4701978;0.421200088;0.464799953;0.954075946;0.001037;0.00110214387;0.421037;0.464147
39.409697;0.954055924;0.414800414;0.440800001;0.434775778;0.462026651;0.988487565;0.42610534;0.470213766;0.421200406;0.464799906;0.954056068;0.001037;0.00110169526;0.421037;0.464147
39.427697;0.954053903;0.414800119;0.440799939;0.434776989;0.462028052;0.988485569;0.426106393;0.470214792;0.421200537;0.464800251;0.954053737;0.001037;0.00110195573;0.421037;0.464147
39.448697;0.954051974;0.414799999;0.440799905;0.434777996;0.462029503;0.988481339;0.426108282;0.470216971;0.421200372;0.464800528;0.954051597;0.001037;0.00110200389;0.421037;0.464147
39.449697;0.954052001;0.414800005;0.440399936;0.434778;0.461610256;0.988481325;0.426108297;0.470216983;0.421200362;0.464800518;0.954051597;0.001037;0.00110099435;0.421037;0.464147
39.595697;0.954038388;0.414800013;0.440399308;0.4347835;0.461616862;0.988458521;0.426118001;0.470227093;0.421199931;0.464800543;0.954038452;0.001037;0.00110142804;0.421037;0.464147
39.596697;0.954038404;0.414799995;0.440399306;0.434783487;0.461616848;0.988458516;0.426118018;0.47022707;0.421199907;0.46440055;0.954038454;0.001037;0.00110143444;0.421037;0.464147
39.599697;0.954038451;0.414799927;0.440399298;0.434783458;0.4616168;0.988457499;0.426118498;0.470227457;0.421199847;0.464400573;0.954038434;0.001037;0.00110144841;0.421037;0.464147
39.600697;0.954038465;0.414799901;0.440399294;0.434783452;0.461616782;0.988457495;0.426118514;0.469822751;0.421199831;0.464400581;0.95403842;0.001037;0.00110145011;0.421037;0.464147
39.683697;0.954030343;0.414800209;0.440399915;0.434787082;0.461621101;0.988445341;0.426122602;0.469828414;0.421199839;0.464400768;0.954029745;0.001037;0.00110113586;0.421037;0.464147
39.690697;0.954030471;0.414800277;0.44039996;0.434787021;0.461621007;0.988444372;0.426123134;0.469828861;0.421199859;0.464400507;0.954029746;0.001037;0.00110112406;0.421037;0.464147
39.697697;0.954029475;0.414800264;0.440400017;0.434787475;0.461621473;0.988444513;0.426123321;0.46982877;0.421199782;0.464400202;0.954028797;0.001037;0.00110110958;0.421037;0.464147
39.698697;0.95402947;0.415200259;0.440400027;0.435206759;0.461621475;0.988443531;0.426123783;0.469829237;0.42119977;0.464400158;0.954028806;0.001038;0.00110111005;0.421037;0.464147
39.909697;0.954013306;0.415199739;0.440400069;0.43521374;0.461628939;0.988418199;0.426135421;0.46984131;0.421199937;0.464400029;0.954013114;0.001038;0.00110089703;0.421037;0.464147
39.910697;0.954013314;0.415199736;0.44000006;0.435213734;0.461209677;0.988418178;0.426135441;0.46984129;0.421199925;0.464400029;0.954013137;0.001038;0.00109988219;0.421037;0.464147
39.993697;0.954007192;0.415199751;0.440000054;0.435216848;0.461212604;0.988407783;0.426139798;0.469846143;0.421200451;0.464400235;0.95400739;0.001038;0.00109976387;0.421037;0.464147
40.087697;0.954000011;0.415200011;0.439999987;0.435220135;0.461215927;0.988398991;0.426143685;0.469850734;0.421200001;0.464399985;0.95400001;0.001038;0.00109999674;0.421037;0.464147
40.093697;0.954000004;0.415200003;0.439999994;0.435220129;0.461215931;0.988397994;0.426144121;0.469851213;0.421200001;0.463999994;0.954000003;0.001038;0.00109999749;0.421037;0.464147
40.235697;0.953991;0.4152;0.44;0.435224232;0.461220284;0.988384;0.42615016;0.469453168;0.4212;0.464;0.953991;0.001038;0.0011;0.421037;0.464147
40.268697;0.95399;0.4152;0.44;0.435224688;0.461220768;0.988381;0.426151454;0.469454593;0.4212;0.464;0.95399;0.001038;0.0011;0.421037;0.464147
40.365697;0.953984;0.4152;0.44;0.435227425;0.461223668;0.988373;0.426154903;0.469458393;0.4212;0.464;0.953984;0.001038;0.0011;0.421037;0.464147
40.623697;0.953973;0.4152;0.44;0.435232444;0.461228987;0.988355;0.426162664;0.469466943;0.4212;0.464;0.953973;0.001038;0.0011;0.421037;0.464147
40.672697;0.953971;0.4152;0.4396;0.435233356;0.460810654;0.988351;0.426164389;0.469468843;0.4212;0.464;0.953971;0.001038;0.001099;0.421037;0.464147
40.733697;0.953968;0.4152;0.4396;0.435234725;0.460812103;0.988348;0.426165683;0.469470268;0.4212;0.464;0.953968;0.001038;0.001099;0.421037;0.464147
40.739697;0.953968;0.4152;0.4396;0.435234725;0.460812103;0.988347;0.426166114;0.469470743;0.4212;0.464;0.953968;0.001038;0.001099;0.421037;0.464147
40.818697;0.953965;0.4152;0.4396;0.435236094;0.460813552;0.988343;0.426167838;0.469472643;0.4212;0.464;0.953965;0.001038;0.001099;0.421037;0.464147
40.911697;0.953963;0.4152;0.4396;0.435237006;0.460814518;0.988338;0.426169994;0.469475018;0.4212;0.464;0.953963;0.001038;0.001099;0.421037;0.464147
40.923697;0.953962;0.4152;0.4396;0.435237462;0.460815001;0.988338;0.426169994;0.469475018;0.4212;0.4636;0.953962;0.001038;0.001099;0.421037;0.464147
41.115697;0.953957;0.4152;0.4396;0.435239744;0.460817416;0.988329;0.426173875;0.469074569;0.4212;0.4636;0.953957;0.001038;0.001099;0.421037;0.464147
41.319697;0.953953;0.4152;0.4396;0.435241569;0.460819349;0.988322;0.426176894;0.469077892;0.4212;0.4636;0.953953;0.001038;0.001099;0.421037;0.464147
41.321697;0.953952;0.4152;0.4396;0.435242025;0.460819832;0.988322;0.426176894;0.469077892;0.4212;0.4636;0.953952;0.001038;0.001099;0.421037;0.464147
41.376697;0.953951;0.4152;0.4396;0.435242481;0.460820315;0.988321;0.426177325;0.469078366;0.4212;0.4636;0.953951;0.001038;0.001099;0.421037;0.464147
41.555697;0.953949;0.4152;0.4396;0.435243394;0.460821281;0.988316;0.426179481;0.469080739;0.4212;0.4636;0.953949;0.001038;0.001099;0.421037;0.464147
41.879697;0.953945;0.4152;0.4396;0.435245219;0.460823213;0.988311;0.426181637;0.469083113;0.4212;0.4636;0.953945;0.001038;0.001099;0.421037;0.464147
41.962697;0.953945;0.4152;0.4396;0.435245219;0.460823213;0.98831;0.426182068;0.469083587;0.4212;0.4636;0.953945;0.001038;0.001099;0.421037;0.464147
42.062697;0.953944;0.4152;0.4396;0.435245675;0.460823696;0.98831;0.426182068;0.469083587;0.4212;0.4636;0.953944;0.001038;0.001099;0.421037;0.464147
42.105697;0.953944;0.4152;0.4396;0.435245675;0.460823696;0.988309;0.4261825;0.469084062;0.4212;0.4636;0.953944;0.001038;0.001099;0.421037;0.464147
42.607697;0.953944;0.4152;0.4396;0.435245675;0.460823696;0.988309;0.4261825;0.469084062;0.4212;0.4636;0.953944;0.001038;0.001099;0.421037;0.464147
42.657697;0.953944;0.4152;0.4396;0.435245675;0.460823696;0.98831;0.426182068;0.469083587;0.4212;0.4636;0.953944;0.001038;0.001099;0.421037;0.464147
43.501697;0.95395;0.4152;0.4396;0.435242937;0.460820798;0.988318;0.426178619;0.46907979;0.4212;0.4636;0.95395;0.001038;0.001099;0.421037;0.464147
44.696697;0.953962;0.4152;0.4396;0.435237462;0.460815001;0.988338;0.426169994;0.469070298;0.4212;0.4636;0.953962;0.001038;0.001099;0.421037;0.464147
44.731697;0.953962;0.4152;0.4396;0.435237462;0.460815001;0.988338;0.426169994;0.469475018;0.4212;0.4636;0.953962;0.001038;0.001099;0.421037;0.464147
45.676697;0.953972;0.4152;0.4396;0.4352329;0.460810171;0.988354;0.426163095;0.469467418;0.4212;0.464;0.953972;0.001038;0.001099;0.421037;0.464147
45.747697;0.953973;0.4152;0.4396;0.435232444;0.460809687;0.988355;0.426162664;0.469466943;0.4212;0.464;0.953973;0.001038;0.001099;0.421037;0.464147
47.210697;0.953984;0.4152;0.44;0.435227425;0.461223668;0.988373;0.426154903;0.469458393;0.4212;0.464;0.953984;0.001038;0.0011;0.421037;0.464147
47.297697;0.953985;0.4152;0.44;0.435226969;0.461223185;0.988373;0.426154903;0.469458393;0.4212;0.464;0.953985;0.001038;0.0011;0.421037;0.464147
47.654697;0.953986;0.4152;0.44;0.435226513;0.461222701;0.988377;0.426153178;0.469456493;0.4212;0.464;0.953986;0.001038;0.0011;0.421037;0.464147
48.891697;0.953992;0.4152;0.44;0.435223775;0.461219801;0.988385;0.426149729;0.469452693;0.4212;0.464;0.953992;0.001038;0.0011;0.421037;0.464147
49.243697;0.953993;0.4152;0.44;0.435223319;0.461219317;0.988386;0.426149298;0.469452218;0.4212;0.464;0.953993;0.001038;0.0011;0.421037;0.464147
51.025697;0.953995;0.4152;0.44;0.435222407;0.46121835;0.988391;0.426147142;0.469449843;0.4212;0.464;0.953995;0.001038;0.0011;0.421037;0.464147
51.306697;0.953996;0.4152;0.44;0.435221951;0.461217867;0.988391;0.426147142;0.469449843;0.4212;0.464;0.953996;0.001038;0.0011;0.421037;0.464147
100.000000;0.953995;0.4152;0.44;0.435222407;0.46121835;0.988391;0.426147142;0.469449843;0.4212;0.464;0.953995;0.001038;0.0011;0.421037;0.464147
