time;BusPDR_BUS_Voltage;BusPDR_BUS_ActivePower;BusPDR_BUS_ReactivePower;BusPDR_BUS_ActiveCurrent;BusPDR_BUS_ReactiveCurrent;Wind_Turbine_GEN_UPuInjTerminal;Wind_Turbine_GEN_IpInjTerminal;Wind_Turbine_GEN_IqInjTerminal;Measurements_BUS_Voltage;Measurements_BUS_ActivePower;Measurements_BUS_ReactivePower;StepUp_Xfmr_XFMR_Tap;Wind_Turbine_GEN_ActivePowerSetpointPu;Wind_Turbine_GEN_ReactivePowerSetpointPu
0.000000000;1.000e+00;8.320e-01;0.000e+00;8.320e-01;0.000e+00;1.000e+00;8.320e-01;0.000e+00;1.000e+00;2.080e-03;0.000e+00;1.000e+01;8.320e-01;4.700e-05
29.999994000;1.000e+00;8.320e-01;0.000e+00;8.320e-01;0.000e+00;1.000e+00;8.320e-01;0.000e+00;1.000e+00;2.080e-03;0.000e+00;1.000e+01;8.320e-01;4.700e-05
29.999994000;3.985e-09;2.040e-09;-0.000e+00;5.980e-09;0.000e+00;6.512e-05;2.815e-09;0.000e+00;-7.278e-09;-9.105e-10;-0.000e+00;1.000e+01;8.320e-01;4.700e-05
30.000010000;3.700e-09;2.515e-09;-0.000e+00;7.155e-09;0.000e+00;6.512e-05;1.250e-09;0.000e+00;-9.036e-09;-2.443e-09;-0.000e+00;1.000e+01;8.320e-01;4.700e-05
100.000000000;-7.440e-09;-6.108e-09;-0.000e+00;-4.383e-09;0.000e+00;1.027e-04;-2.569e-09;0.000e+00;-7.582e-10;4.888e-09;-0.000e+00;1.000e+01;8.320e-01;4.700e-05
