time;BusPDR_BUS_Voltage;BusPDR_BUS_ActivePower;BusPDR_BUS_ReactivePower;BusPDR_BUS_ActiveCurrent;BusPDR_BUS_ReactiveCurrent;Wind_Turbine_GEN_UPuInjTerminal;Wind_Turbine_GEN_IpInjTerminal;Wind_Turbine_GEN_IqInjTerminal;Measurements_BUS_Voltage;Measurements_BUS_ActivePower;Measurements_BUS_ReactivePower;StepUp_Xfmr_XFMR_Tap;Wind_Turbine_GEN_ActivePowerSetpointPu;Wind_Turbine_GEN_ReactivePowerSetpointPu
0.000000000;1.000e+00;8.320e-01;0.000e+00;8.320e-01;0.000e+00;1.000e+00;8.320e-01;0.000e+00;1.000e+00;2.080e-03;0.000e+00;1.000e+01;8.320e-01;4.700e-05
29.999994000;1.000e+00;8.320e-01;0.000e+00;8.320e-01;0.000e+00;1.000e+00;8.320e-01;0.000e+00;1.000e+00;2.080e-03;0.000e+00;1.000e+01;8.320e-01;4.700e-05
29.999994000;-2.737e-09;-1.182e-09;-0.000e+00;-2.947e-09;0.000e+00;6.512e-05;4.255e-09;0.000e+00;3.975e-09;9.725e-10;-0.000e+00;1.000e+01;8.320e-01;4.700e-05
30.000002000;-2.917e-09;-5.672e-10;-0.000e+00;-2.539e-09;0.000e+00;6.512e-05;4.435e-09;0.000e+00;4.133e-09;4.824e-10;-0.000e+00;1.000e+01;8.320e-01;4.700e-05
100.000000000;-4.237e-09;2.742e-09;-0.000e+00;4.250e-09;0.000e+00;1.027e-04;-1.560e-10;0.000e+00;7.895e-09;-2.852e-09;-0.000e+00;1.000e+01;8.320e-01;4.700e-05
