time;BusPDR_BUS_Voltage;BusPDR_BUS_ActivePower;BusPDR_BUS_ReactivePower;BusPDR_BUS_ActiveCurrent;BusPDR_BUS_ReactiveCurrent;Wind_Turbine_GEN_UPuInjTerminal;Wind_Turbine_GEN_IpInjTerminal;Wind_Turbine_GEN_IqInjTerminal;Measurements_BUS_Voltage;Measurements_BUS_ActivePower;Measurements_BUS_ReactivePower;StepUp_Xfmr_XFMR_Tap;Wind_Turbine_GEN_ActivePowerSetpointPu;Wind_Turbine_GEN_ReactivePowerSetpointPu
0.000000000;1.000e+00;8.332e-01;0.000e+00;8.332e-01;0.000e+00;1.000e+00;8.332e-01;7.500e-04;1.000e+00;3.333e-02;0.000e+00;1.000e+01;8.333e-01;7.540e-04
29.999994000;1.000e+00;8.332e-01;0.000e+00;8.332e-01;0.000e+00;1.000e+00;8.332e-01;7.500e-04;1.000e+00;3.333e-02;0.000e+00;1.000e+01;8.333e-01;7.540e-04
29.999994000;3.999e-06;2.586e-09;-5.000e-05;7.895e-10;0.000e+00;9.051e-04;-3.249e-09;8.287e-01;4.002e-06;-5.458e-09;-2.000e-06;1.000e+01;8.333e-01;7.540e-04
30.000103000;4.001e-06;1.411e-09;-5.000e-05;4.515e-09;0.000e+00;8.952e-04;-2.226e-09;8.378e-01;4.001e-06;-4.600e-09;-2.000e-06;1.000e+01;8.333e-01;7.540e-04
30.006438000;4.005e-06;-2.153e-10;-5.000e-05;-4.489e-09;0.000e+00;6.280e-04;2.286e-09;5.573e-01;4.000e-06;1.008e-10;-2.000e-06;1.000e+01;8.333e-01;7.540e-04
30.018797000;3.993e-06;2.688e-09;-5.000e-05;-2.059e-09;0.000e+00;9.422e-04;2.400e-09;8.756e-01;4.003e-06;-2.717e-09;-2.000e-06;1.000e+01;8.333e-01;7.540e-04
30.022332000;4.002e-06;-8.284e-10;-5.000e-05;-1.203e-09;0.000e+00;1.988e-04;6.941e-09;-1.839e-08;4.001e-06;-3.427e-09;-2.000e-06;1.000e+01;8.333e-01;7.540e-04
30.023080000;4.002e-06;2.408e-09;-5.000e-05;-4.355e-09;0.000e+00;4.001e-06;3.543e-09;3.613e-09;3.996e-06;1.133e-09;-2.000e-06;1.000e+01;8.333e-01;7.540e-04
100.000000000;4.003e-06;5.086e-09;-5.000e-05;-3.980e-09;0.000e+00;4.006e-06;-3.720e-10;2.706e-09;4.008e-06;1.201e-08;-2.000e-06;1.000e+01;8.333e-01;7.540e-04
