time;BusPDR_BUS_Voltage;BusPDR_BUS_ActivePower;BusPDR_BUS_ReactivePower;BusPDR_BUS_ActiveCurrent;BusPDR_BUS_ReactiveCurrent;Wind_Turbine_GEN_UPuInjTerminal;Wind_Turbine_GEN_IpInjTerminal;Wind_Turbine_GEN_IqInjTerminal;Measurements_BUS_Voltage;Measurements_BUS_ActivePower;Measurements_BUS_ReactivePower;StepUp_Xfmr_XFMR_Tap;Wind_Turbine_GEN_ActivePowerSetpointPu;Wind_Turbine_GEN_ReactivePowerSetpointPu
0.000000000;1.000e+00;8.332e-01;0.000e+00;8.332e-01;0.000e+00;1.000e+00;8.332e-01;7.500e-04;1.000e+00;3.333e-02;0.000e+00;1.000e+01;8.333e-01;7.540e-04
29.999994000;1.000e+00;8.332e-01;0.000e+00;8.332e-01;0.000e+00;1.000e+00;8.332e-01;7.499e-04;1.000e+00;3.333e-02;0.000e+00;1.000e+01;8.333e-01;7.540e-04
29.999994000;4.000e-06;6.365e-09;-5.000e-05;-1.423e-09;0.000e+00;9.051e-04;2.321e-09;8.287e-01;4.000e-06;-4.151e-09;-2.000e-06;1.000e+01;8.333e-01;7.540e-04
30.000103000;4.001e-06;1.420e-09;-5.000e-05;-9.269e-09;0.000e+00;8.952e-04;2.121e-09;8.378e-01;3.997e-06;-4.819e-09;-2.000e-06;1.000e+01;8.333e-01;7.540e-04
30.006438000;4.001e-06;-2.403e-09;-5.000e-05;-2.412e-09;0.000e+00;6.280e-04;2.222e-09;5.573e-01;3.999e-06;-2.191e-09;-2.000e-06;1.000e+01;8.333e-01;7.540e-04
30.018797000;4.002e-06;1.648e-09;-5.000e-05;-3.133e-09;0.000e+00;9.422e-04;5.649e-09;8.756e-01;4.002e-06;7.122e-10;-2.000e-06;1.000e+01;8.333e-01;7.540e-04
30.022332000;3.997e-06;3.229e-10;-5.000e-05;-4.827e-10;0.000e+00;1.988e-04;-5.863e-10;-9.193e-08;3.996e-06;4.288e-09;-2.000e-06;1.000e+01;8.333e-01;7.540e-04
30.023080000;4.004e-06;8.649e-10;-5.000e-05;-3.376e-09;0.000e+00;4.002e-06;-1.399e-09;2.208e-09;3.999e-06;-3.325e-09;-2.000e-06;1.000e+01;8.333e-01;7.540e-04
100.000000000;4.002e-06;1.506e-09;-5.000e-05;-1.051e-09;0.000e+00;3.999e-06;1.088e-08;1.289e-09;3.998e-06;9.988e-10;-2.000e-06;1.000e+01;8.333e-01;7.540e-04
