2025-05-23 10:51:09 | INFO |  ============================================================ 
2025-05-23 10:51:09 | INFO | DYNAWO VERSION  :     1.8.0
2025-05-23 10:51:09 | INFO | DYNAWO REVISION :    master-42ec24e
2025-05-23 10:51:09 | INFO |  ============================================================ 
2025-05-23 10:51:09 | INFO | 
2025-05-23 10:51:09 | INFO | -----------------------------------------------------------------------
2025-05-23 10:51:09 | INFO | building model from input files
2025-05-23 10:51:09 | INFO | -----------------------------------------------------------------------
2025-05-23 10:51:09 | INFO | model was built successfully
2025-05-23 10:51:09 | INFO | -----------------------------------------------------------------------
2025-05-23 10:51:09 | INFO | 
2025-05-23 10:51:09 | INFO | -----------------------------------------------------------------------
2025-05-23 10:51:09 | INFO | starting local initialization
2025-05-23 10:51:09 | INFO | -----------------------------------------------------------------------
2025-05-23 10:51:09 | INFO | ... loading "TableOmegaRefPu" from "TableInfiniteBus.txt"

2025-05-23 10:51:09 | INFO | ... loading "TableUPu" from "TableInfiniteBus.txt"

2025-05-23 10:51:09 | INFO | ... loading "TableUPhase" from "TableInfiniteBus.txt"

2025-05-23 10:51:09 | INFO | ... loading "TableOmegaRefPu" from "TableInfiniteBus.txt"

2025-05-23 10:51:09 | INFO | ... loading "TableUPhase" from "TableInfiniteBus.txt"

2025-05-23 10:51:09 | INFO | ... loading "TableUPu" from "TableInfiniteBus.txt"

2025-05-23 10:51:09 | INFO | end of local initialization
2025-05-23 10:51:09 | INFO | -----------------------------------------------------------------------
2025-05-23 10:51:09 | INFO | 
2025-05-23 10:51:09 | INFO | -----------------------------------------------------------------------
2025-05-23 10:51:09 | INFO | starting global initialization
2025-05-23 10:51:09 | INFO | -----------------------------------------------------------------------
2025-05-23 10:51:09 | INFO | Algebraic mode (with J recalculation) change at t = 0
2025-05-23 10:51:09 | INFO | Algebraic mode change at t = 0
2025-05-23 10:51:09 | INFO | Algebraic mode change at t = 0
2025-05-23 10:51:09 | INFO | end of global initialization
2025-05-23 10:51:09 | INFO | -----------------------------------------------------------------------
2025-05-23 10:51:09 | INFO | 
2025-05-23 10:51:09 | INFO | -----------------------------------------------------------------------
2025-05-23 10:51:09 | INFO | starting curve initialization
2025-05-23 10:51:09 | INFO | -----------------------------------------------------------------------
2025-05-23 10:51:09 | INFO | end of curve initialization, added 17 curves
2025-05-23 10:51:09 | INFO | -----------------------------------------------------------------------
2025-05-23 10:51:09 | INFO | 
2025-05-23 10:51:09 | INFO | -----------------------------------------------------------------------
2025-05-23 10:51:09 | INFO | starting simulation with solver IDASolver
2025-05-23 10:51:09 | INFO | -----------------------------------------------------------------------
2025-05-23 10:51:09 | INFO | -----------------------------------------------------------------------
2025-05-23 10:51:09 | INFO | number of continuous variables : 377
2025-05-23 10:51:09 | INFO | number of discrete variables : 122
2025-05-23 10:51:09 | INFO | number of root functions : 162
2025-05-23 10:51:09 | INFO | -----------------------------------------------------------------------
2025-05-23 10:51:09 | INFO |         time ¦ iter num   order (k)      time step (h)
2025-05-23 10:51:09 | INFO | -----------------------------------------------------------------------
2025-05-23 10:51:09 | INFO |        0.000 ¦        0           0              0.000 
2025-05-23 10:51:09 | INFO |        0.000 ¦        1           1              0.000 
2025-05-23 10:51:09 | INFO |        0.000 ¦        2           1              0.000 
2025-05-23 10:51:09 | INFO |        0.000 ¦        3           2              0.000 
2025-05-23 10:51:09 | INFO |        0.000 ¦        4           2              0.000 
2025-05-23 10:51:09 | INFO |        0.000 ¦        5           2              0.000 
2025-05-23 10:51:09 | INFO |        0.000 ¦        6           2              0.000 
2025-05-23 10:51:09 | INFO |        0.000 ¦        7           2              0.000 
2025-05-23 10:51:09 | INFO |        0.000 ¦        8           2              0.000 
2025-05-23 10:51:09 | INFO |        0.000 ¦        9           2              0.000 
2025-05-23 10:51:09 | INFO |        0.000 ¦       10           2              0.000 
2025-05-23 10:51:09 | INFO | Algebraic mode change at t = 0.000587029
2025-05-23 10:51:09 | INFO |        0.001 ¦       11           2              0.000 
2025-05-23 10:51:09 | INFO | calculation of the new starting point of the simulation.
2025-05-23 10:51:09 | INFO |        0.001 ¦        0           0              0.000 
2025-05-23 10:51:09 | INFO |        0.001 ¦        1           1              0.000 
2025-05-23 10:51:09 | INFO |        0.001 ¦        2           1              0.000 
2025-05-23 10:51:09 | INFO |        0.001 ¦        3           2              0.000 
2025-05-23 10:51:09 | INFO |        0.001 ¦        4           2              0.000 
2025-05-23 10:51:09 | INFO |        0.001 ¦        5           2              0.000 
2025-05-23 10:51:09 | INFO |        0.001 ¦        6           2              0.000 
2025-05-23 10:51:09 | INFO | Algebraic mode change at t = 0.000641439
2025-05-23 10:51:09 | INFO |        0.001 ¦        7           2              0.000 
2025-05-23 10:51:09 | INFO | calculation of the new starting point of the simulation.
2025-05-23 10:51:09 | INFO |        0.001 ¦        0           0              0.000 
2025-05-23 10:51:09 | INFO |        0.001 ¦        1           1              0.000 
2025-05-23 10:51:09 | INFO |        0.001 ¦        2           1              0.000 
2025-05-23 10:51:09 | INFO |        0.001 ¦        3           2              0.000 
2025-05-23 10:51:09 | INFO |        0.001 ¦        4           2              0.000 
2025-05-23 10:51:09 | INFO |        0.001 ¦        5           2              0.000 
2025-05-23 10:51:09 | INFO |        0.001 ¦        6           2              0.000 
2025-05-23 10:51:09 | INFO |        0.001 ¦        7           2              0.000 
2025-05-23 10:51:09 | INFO |        0.001 ¦        8           2              0.000 
2025-05-23 10:51:09 | INFO |        0.001 ¦        9           2              0.000 
2025-05-23 10:51:09 | INFO | Algebraic mode (with J recalculation) change at t = 0.0010002
2025-05-23 10:51:09 | INFO |        0.001 ¦       10           2              0.000 
2025-05-23 10:51:09 | INFO | calculation of the new starting point of the simulation.
2025-05-23 10:51:09 | INFO |        0.001 ¦        0           0              0.000 
2025-05-23 10:51:09 | INFO |        0.001 ¦        1           1              0.000 
2025-05-23 10:51:09 | INFO |        0.001 ¦        2           1              0.000 
2025-05-23 10:51:09 | INFO |        0.001 ¦        3           2              0.000 
2025-05-23 10:51:09 | INFO |        0.001 ¦        4           2              0.000 
2025-05-23 10:51:09 | INFO |        0.001 ¦        5           2              0.000 
2025-05-23 10:51:09 | INFO |        0.001 ¦        6           2              0.000 
2025-05-23 10:51:09 | INFO |        0.001 ¦        7           2              0.000 
2025-05-23 10:51:09 | INFO |        0.001 ¦        8           2              0.000 
2025-05-23 10:51:09 | INFO |        0.001 ¦        9           2              0.000 
2025-05-23 10:51:09 | INFO |        0.001 ¦       10           2              0.000 
2025-05-23 10:51:09 | INFO |        0.002 ¦       11           2              0.000 
2025-05-23 10:51:09 | INFO |        0.002 ¦       12           2              0.000 
2025-05-23 10:51:09 | INFO |        0.002 ¦       13           2              0.000 
2025-05-23 10:51:09 | INFO |        0.002 ¦       14           2              0.000 
2025-05-23 10:51:09 | INFO |        0.003 ¦       15           2              0.000 
2025-05-23 10:51:09 | INFO |        0.003 ¦       16           2              0.000 
2025-05-23 10:51:09 | INFO |        0.003 ¦       17           2              0.000 
2025-05-23 10:51:09 | INFO |        0.004 ¦       18           2              0.000 
2025-05-23 10:51:09 | INFO |        0.004 ¦       19           2              0.000 
2025-05-23 10:51:09 | INFO | Algebraic mode change at t = 0.0045891
2025-05-23 10:51:09 | INFO |        0.005 ¦       20           2              0.000 
2025-05-23 10:51:09 | INFO | calculation of the new starting point of the simulation.
2025-05-23 10:51:09 | INFO |        0.005 ¦        0           0              0.000 
2025-05-23 10:51:09 | INFO |        0.005 ¦        1           1              0.000 
2025-05-23 10:51:09 | INFO |        0.005 ¦        2           1              0.000 
2025-05-23 10:51:09 | INFO |        0.005 ¦        3           2              0.000 
2025-05-23 10:51:09 | INFO |        0.005 ¦        4           2              0.000 
2025-05-23 10:51:09 | INFO |        0.005 ¦        5           2              0.000 
2025-05-23 10:51:09 | INFO |        0.005 ¦        6           2              0.000 
2025-05-23 10:51:09 | INFO |        0.005 ¦        7           2              0.000 
2025-05-23 10:51:09 | INFO |        0.005 ¦        8           2              0.000 
2025-05-23 10:51:09 | INFO |        0.005 ¦        9           2              0.000 
2025-05-23 10:51:09 | INFO |        0.005 ¦       10           2              0.000 
2025-05-23 10:51:09 | INFO |        0.006 ¦       11           2              0.001 
2025-05-23 10:51:09 | INFO |        0.006 ¦       12           2              0.001 
2025-05-23 10:51:09 | INFO |        0.007 ¦       13           2              0.001 
2025-05-23 10:51:09 | INFO |        0.008 ¦       14           2              0.001 
2025-05-23 10:51:09 | INFO |        0.009 ¦       15           2              0.001 
2025-05-23 10:51:09 | INFO |        0.010 ¦       16           2              0.001 
2025-05-23 10:51:09 | INFO |        0.011 ¦       17           2              0.001 
2025-05-23 10:51:09 | INFO |        0.012 ¦       18           2              0.001 
2025-05-23 10:51:09 | INFO |        0.012 ¦       19           2              0.001 
2025-05-23 10:51:09 | INFO |        0.013 ¦       20           2              0.001 
2025-05-23 10:51:09 | INFO |        0.014 ¦       21           2              0.001 
2025-05-23 10:51:09 | INFO |        0.014 ¦       22           2              0.001 
2025-05-23 10:51:09 | INFO |        0.015 ¦       23           2              0.001 
2025-05-23 10:51:09 | INFO |        0.017 ¦       24           2              0.001 
2025-05-23 10:51:09 | INFO |        0.018 ¦       25           2              0.001 
2025-05-23 10:51:09 | INFO |        0.021 ¦       26           2              0.003 
2025-05-23 10:51:09 | INFO |        0.024 ¦       27           2              0.003 
2025-05-23 10:51:09 | INFO |        0.026 ¦       28           2              0.003 
2025-05-23 10:51:09 | INFO | Algebraic mode change at t = 0.0287579
2025-05-23 10:51:09 | INFO |        0.029 ¦       29           2              0.003 
2025-05-23 10:51:09 | INFO | calculation of the new starting point of the simulation.
2025-05-23 10:51:09 | INFO |        0.029 ¦        0           0              0.000 
2025-05-23 10:51:09 | INFO |        0.029 ¦        1           1              0.000 
2025-05-23 10:51:09 | INFO | Algebraic mode change at t = 0.028759
2025-05-23 10:51:09 | INFO |        0.029 ¦        2           1              0.000 
2025-05-23 10:51:09 | INFO | calculation of the new starting point of the simulation.
2025-05-23 10:51:09 | INFO |        0.029 ¦        0           0              0.000 
2025-05-23 10:51:09 | INFO |        0.029 ¦        1           1              0.000 
2025-05-23 10:51:09 | INFO |        0.029 ¦        2           1              0.000 
2025-05-23 10:51:09 | INFO |        0.029 ¦        3           2              0.000 
2025-05-23 10:51:09 | INFO |        0.029 ¦        4           2              0.000 
2025-05-23 10:51:09 | INFO |        0.029 ¦        5           2              0.000 
2025-05-23 10:51:09 | INFO |        0.029 ¦        6           2              0.000 
2025-05-23 10:51:09 | INFO |        0.029 ¦        7           2              0.000 
2025-05-23 10:51:09 | INFO |        0.029 ¦        8           2              0.000 
2025-05-23 10:51:09 | INFO |        0.029 ¦        9           2              0.000 
2025-05-23 10:51:09 | INFO |        0.029 ¦       10           2              0.000 
2025-05-23 10:51:09 | INFO |        0.030 ¦       11           2              0.001 
2025-05-23 10:51:09 | INFO |        0.031 ¦       12           2              0.001 
2025-05-23 10:51:09 | INFO | Algebraic mode change at t = 0.0323474
2025-05-23 10:51:09 | INFO |        0.032 ¦       13           2              0.002 
2025-05-23 10:51:09 | INFO | calculation of the new starting point of the simulation.
2025-05-23 10:51:09 | INFO |        0.032 ¦        0           0              0.000 
2025-05-23 10:51:09 | INFO |        0.032 ¦        1           1              0.000 
2025-05-23 10:51:09 | INFO |        0.032 ¦        2           1              0.000 
2025-05-23 10:51:09 | INFO |        0.032 ¦        3           2              0.000 
2025-05-23 10:51:09 | INFO |        0.032 ¦        4           2              0.000 
2025-05-23 10:51:09 | INFO |        0.032 ¦        5           2              0.000 
2025-05-23 10:51:09 | INFO |        0.032 ¦        6           2              0.000 
2025-05-23 10:51:09 | INFO |        0.032 ¦        7           2              0.000 
2025-05-23 10:51:09 | INFO |        0.032 ¦        8           2              0.000 
2025-05-23 10:51:09 | INFO |        0.033 ¦        9           2              0.000 
2025-05-23 10:51:09 | INFO |        0.033 ¦       10           2              0.000 
2025-05-23 10:51:09 | INFO |        0.033 ¦       11           2              0.001 
2025-05-23 10:51:09 | INFO | Algebraic mode change at t = 0.0336045
2025-05-23 10:51:09 | INFO |        0.034 ¦       12           2              0.001 
2025-05-23 10:51:09 | INFO | calculation of the new starting point of the simulation.
2025-05-23 10:51:09 | INFO |        0.034 ¦        0           0              0.000 
2025-05-23 10:51:09 | INFO | Algebraic mode change at t = 0.0336045
2025-05-23 10:51:09 | INFO |        0.034 ¦        1           1              0.000 
2025-05-23 10:51:09 | INFO | calculation of the new starting point of the simulation.
2025-05-23 10:51:09 | INFO |        0.034 ¦        0           0              0.000 
2025-05-23 10:51:09 | INFO |        0.034 ¦        1           1              0.000 
2025-05-23 10:51:09 | INFO |        0.034 ¦        2           1              0.000 
2025-05-23 10:51:09 | INFO |        0.034 ¦        3           2              0.000 
2025-05-23 10:51:09 | INFO |        0.034 ¦        4           2              0.000 
2025-05-23 10:51:09 | INFO |        0.034 ¦        5           2              0.000 
2025-05-23 10:51:09 | INFO |        0.034 ¦        6           2              0.000 
2025-05-23 10:51:09 | INFO |        0.034 ¦        7           2              0.000 
2025-05-23 10:51:09 | INFO |        0.034 ¦        8           2              0.000 
2025-05-23 10:51:09 | INFO |        0.034 ¦        9           2              0.000 
2025-05-23 10:51:09 | INFO |        0.034 ¦       10           2              0.000 
2025-05-23 10:51:09 | INFO |        0.035 ¦       11           2              0.001 
2025-05-23 10:51:09 | INFO |        0.036 ¦       12           2              0.001 
2025-05-23 10:51:09 | INFO |        0.038 ¦       13           2              0.002 
2025-05-23 10:51:09 | INFO |        0.040 ¦       14           2              0.002 
2025-05-23 10:51:09 | INFO |        0.042 ¦       15           2              0.002 
2025-05-23 10:51:09 | INFO |        0.044 ¦       16           2              0.002 
2025-05-23 10:51:09 | INFO |        0.046 ¦       17           2              0.002 
2025-05-23 10:51:09 | INFO |        0.048 ¦       18           2              0.002 
2025-05-23 10:51:09 | INFO |        0.050 ¦       19           2              0.002 
2025-05-23 10:51:09 | INFO |        0.054 ¦       20           2              0.004 
2025-05-23 10:51:09 | INFO |        0.058 ¦       21           2              0.004 
2025-05-23 10:51:09 | INFO |        0.062 ¦       22           2              0.004 
2025-05-23 10:51:09 | INFO |        0.066 ¦       23           2              0.004 
2025-05-23 10:51:09 | INFO |        0.070 ¦       24           2              0.004 
2025-05-23 10:51:09 | INFO |        0.075 ¦       25           2              0.004 
2025-05-23 10:51:09 | INFO | Algebraic mode change at t = 0.0761568
2025-05-23 10:51:09 | INFO |        0.076 ¦       26           2              0.004 
2025-05-23 10:51:09 | INFO | calculation of the new starting point of the simulation.
2025-05-23 10:51:09 | INFO |        0.076 ¦        0           0              0.000 
2025-05-23 10:51:09 | INFO |        0.076 ¦        1           1              0.000 
2025-05-23 10:51:09 | INFO |        0.076 ¦        2           1              0.000 
2025-05-23 10:51:09 | INFO |        0.076 ¦        3           2              0.000 
2025-05-23 10:51:09 | INFO |        0.076 ¦        4           2              0.000 
2025-05-23 10:51:09 | INFO |        0.076 ¦        5           2              0.000 
2025-05-23 10:51:09 | INFO |        0.076 ¦        6           2              0.000 
2025-05-23 10:51:09 | INFO |        0.076 ¦        7           2              0.000 
2025-05-23 10:51:09 | INFO |        0.076 ¦        8           2              0.000 
2025-05-23 10:51:09 | INFO |        0.076 ¦        9           2              0.000 
2025-05-23 10:51:09 | INFO |        0.077 ¦       10           2              0.000 
2025-05-23 10:51:09 | INFO |        0.077 ¦       11           2              0.001 
2025-05-23 10:51:09 | INFO |        0.078 ¦       12           2              0.001 
2025-05-23 10:51:09 | INFO |        0.079 ¦       13           2              0.001 
2025-05-23 10:51:09 | INFO |        0.081 ¦       14           2              0.002 
2025-05-23 10:51:09 | INFO |        0.083 ¦       15           2              0.002 
2025-05-23 10:51:09 | INFO |        0.087 ¦       16           2              0.004 
2025-05-23 10:51:09 | INFO |        0.092 ¦       17           2              0.004 
2025-05-23 10:51:09 | INFO |        0.100 ¦       18           2              0.008 
2025-05-23 10:51:09 | INFO |        0.108 ¦       19           2              0.008 
2025-05-23 10:51:09 | INFO |        0.116 ¦       20           2              0.008 
2025-05-23 10:51:09 | INFO |        0.124 ¦       21           2              0.008 
2025-05-23 10:51:09 | INFO |        0.132 ¦       22           2              0.008 
2025-05-23 10:51:09 | INFO |        0.141 ¦       23           2              0.008 
2025-05-23 10:51:09 | INFO |        0.151 ¦       24           2              0.010 
2025-05-23 10:51:09 | INFO |        0.161 ¦       25           2              0.010 
2025-05-23 10:51:09 | INFO |        0.171 ¦       26           2              0.010 
2025-05-23 10:51:09 | INFO |        0.181 ¦       27           2              0.010 
2025-05-23 10:51:09 | INFO |        0.191 ¦       28           2              0.010 
2025-05-23 10:51:09 | INFO |        0.201 ¦       29           2              0.010 
2025-05-23 10:51:09 | INFO |        0.211 ¦       30           2              0.010 
2025-05-23 10:51:09 | INFO |        0.221 ¦       31           2              0.010 
2025-05-23 10:51:09 | INFO |        0.231 ¦       32           2              0.010 
2025-05-23 10:51:09 | INFO |        0.241 ¦       33           2              0.010 
2025-05-23 10:51:09 | INFO |        0.251 ¦       34           2              0.010 
2025-05-23 10:51:09 | INFO |        0.261 ¦       35           2              0.010 
2025-05-23 10:51:09 | INFO |        0.271 ¦       36           2              0.010 
2025-05-23 10:51:09 | INFO |        0.281 ¦       37           2              0.010 
2025-05-23 10:51:09 | INFO |        0.291 ¦       38           2              0.010 
2025-05-23 10:51:09 | INFO |        0.301 ¦       39           2              0.010 
2025-05-23 10:51:09 | INFO |        0.311 ¦       40           2              0.010 
2025-05-23 10:51:09 | INFO |        0.321 ¦       41           2              0.010 
2025-05-23 10:51:09 | INFO |        0.331 ¦       42           2              0.010 
2025-05-23 10:51:09 | INFO |        0.341 ¦       43           2              0.010 
2025-05-23 10:51:09 | INFO |        0.351 ¦       44           2              0.010 
2025-05-23 10:51:09 | INFO |        0.361 ¦       45           2              0.010 
2025-05-23 10:51:09 | INFO |        0.371 ¦       46           2              0.010 
2025-05-23 10:51:09 | INFO |        0.381 ¦       47           2              0.010 
2025-05-23 10:51:09 | INFO |        0.391 ¦       48           2              0.010 
2025-05-23 10:51:09 | INFO |        0.401 ¦       49           2              0.010 
2025-05-23 10:51:09 | INFO |        0.411 ¦       50           2              0.010 
2025-05-23 10:51:09 | INFO |        0.421 ¦       51           2              0.010 
2025-05-23 10:51:09 | INFO |        0.431 ¦       52           2              0.010 
2025-05-23 10:51:09 | INFO |        0.441 ¦       53           2              0.010 
2025-05-23 10:51:09 | INFO |        0.451 ¦       54           2              0.010 
2025-05-23 10:51:09 | INFO |        0.461 ¦       55           2              0.010 
2025-05-23 10:51:09 | INFO |        0.471 ¦       56           2              0.010 
2025-05-23 10:51:09 | INFO |        0.481 ¦       57           2              0.010 
2025-05-23 10:51:09 | INFO |        0.491 ¦       58           2              0.010 
2025-05-23 10:51:09 | INFO |        0.501 ¦       59           2              0.010 
2025-05-23 10:51:09 | INFO |        0.511 ¦       60           2              0.010 
2025-05-23 10:51:09 | INFO |        0.521 ¦       61           2              0.010 
2025-05-23 10:51:09 | INFO |        0.531 ¦       62           2              0.010 
2025-05-23 10:51:09 | INFO |        0.541 ¦       63           2              0.010 
2025-05-23 10:51:09 | INFO |        0.551 ¦       64           2              0.010 
2025-05-23 10:51:09 | INFO |        0.561 ¦       65           2              0.010 
2025-05-23 10:51:09 | INFO |        0.571 ¦       66           2              0.010 
2025-05-23 10:51:09 | INFO |        0.581 ¦       67           2              0.010 
2025-05-23 10:51:09 | INFO |        0.591 ¦       68           2              0.010 
2025-05-23 10:51:09 | INFO |        0.601 ¦       69           2              0.010 
2025-05-23 10:51:09 | INFO |        0.611 ¦       70           2              0.010 
2025-05-23 10:51:09 | INFO |        0.621 ¦       71           2              0.010 
2025-05-23 10:51:09 | INFO |        0.631 ¦       72           2              0.010 
2025-05-23 10:51:09 | INFO |        0.641 ¦       73           2              0.010 
2025-05-23 10:51:09 | INFO |        0.651 ¦       74           2              0.010 
2025-05-23 10:51:09 | INFO |        0.661 ¦       75           2              0.010 
2025-05-23 10:51:09 | INFO |        0.671 ¦       76           2              0.010 
2025-05-23 10:51:09 | INFO |        0.681 ¦       77           2              0.010 
2025-05-23 10:51:09 | INFO |        0.691 ¦       78           2              0.010 
2025-05-23 10:51:09 | INFO | Algebraic mode change at t = 0.697289
2025-05-23 10:51:09 | INFO |        0.697 ¦       79           2              0.010 
2025-05-23 10:51:09 | INFO | calculation of the new starting point of the simulation.
2025-05-23 10:51:09 | INFO |        0.697 ¦        0           0              0.000 
2025-05-23 10:51:09 | INFO |        0.697 ¦        1           1              0.000 
2025-05-23 10:51:09 | INFO |        0.697 ¦        2           1              0.000 
2025-05-23 10:51:09 | INFO |        0.697 ¦        3           2              0.000 
2025-05-23 10:51:09 | INFO |        0.697 ¦        4           2              0.000 
2025-05-23 10:51:09 | INFO |        0.697 ¦        5           2              0.000 
2025-05-23 10:51:09 | INFO |        0.697 ¦        6           2              0.000 
2025-05-23 10:51:09 | INFO |        0.697 ¦        7           2              0.000 
2025-05-23 10:51:09 | INFO |        0.697 ¦        8           2              0.000 
2025-05-23 10:51:09 | INFO |        0.698 ¦        9           2              0.000 
2025-05-23 10:51:09 | INFO |        0.698 ¦       10           2              0.000 
2025-05-23 10:51:09 | INFO |        0.698 ¦       11           2              0.001 
2025-05-23 10:51:09 | INFO |        0.699 ¦       12           2              0.001 
2025-05-23 10:51:09 | INFO |        0.701 ¦       13           2              0.002 
2025-05-23 10:51:09 | INFO |        0.705 ¦       14           2              0.004 
2025-05-23 10:51:09 | INFO |        0.714 ¦       15           2              0.008 
2025-05-23 10:51:09 | INFO |        0.724 ¦       16           2              0.010 
2025-05-23 10:51:09 | INFO |        0.734 ¦       17           2              0.010 
2025-05-23 10:51:09 | INFO |        0.744 ¦       18           2              0.010 
2025-05-23 10:51:09 | INFO |        0.754 ¦       19           2              0.010 
2025-05-23 10:51:09 | INFO |        0.764 ¦       20           2              0.010 
2025-05-23 10:51:09 | INFO |        0.774 ¦       21           2              0.010 
2025-05-23 10:51:09 | INFO |        0.784 ¦       22           2              0.010 
2025-05-23 10:51:09 | INFO |        0.794 ¦       23           2              0.010 
2025-05-23 10:51:09 | INFO |        0.804 ¦       24           2              0.010 
2025-05-23 10:51:09 | INFO |        0.814 ¦       25           2              0.010 
2025-05-23 10:51:09 | INFO | Algebraic mode change at t = 0.823053
2025-05-23 10:51:09 | INFO |        0.823 ¦       26           2              0.010 
2025-05-23 10:51:09 | INFO | calculation of the new starting point of the simulation.
2025-05-23 10:51:09 | INFO |        0.823 ¦        0           0              0.000 
2025-05-23 10:51:09 | INFO |        0.823 ¦        1           1              0.000 
2025-05-23 10:51:09 | INFO |        0.823 ¦        2           1              0.000 
2025-05-23 10:51:09 | INFO |        0.823 ¦        3           2              0.000 
2025-05-23 10:51:09 | INFO |        0.823 ¦        4           2              0.000 
2025-05-23 10:51:09 | INFO |        0.823 ¦        5           2              0.000 
2025-05-23 10:51:09 | INFO |        0.823 ¦        6           2              0.000 
2025-05-23 10:51:09 | INFO |        0.823 ¦        7           2              0.000 
2025-05-23 10:51:09 | INFO |        0.823 ¦        8           2              0.000 
2025-05-23 10:51:09 | INFO |        0.823 ¦        9           2              0.000 
2025-05-23 10:51:09 | INFO |        0.824 ¦       10           2              0.000 
2025-05-23 10:51:09 | INFO |        0.824 ¦       11           2              0.001 
2025-05-23 10:51:09 | INFO |        0.825 ¦       12           2              0.001 
2025-05-23 10:51:09 | INFO |        0.827 ¦       13           2              0.002 
2025-05-23 10:51:09 | INFO |        0.831 ¦       14           2              0.004 
2025-05-23 10:51:09 | INFO |        0.839 ¦       15           2              0.008 
2025-05-23 10:51:09 | INFO |        0.849 ¦       16           2              0.010 
2025-05-23 10:51:09 | INFO |        0.859 ¦       17           2              0.010 
2025-05-23 10:51:09 | INFO |        0.869 ¦       18           2              0.010 
2025-05-23 10:51:09 | INFO |        0.879 ¦       19           2              0.010 
2025-05-23 10:51:09 | INFO |        0.889 ¦       20           2              0.010 
2025-05-23 10:51:09 | INFO |        0.899 ¦       21           2              0.010 
2025-05-23 10:51:09 | INFO |        0.909 ¦       22           2              0.010 
2025-05-23 10:51:09 | INFO |        0.919 ¦       23           2              0.010 
2025-05-23 10:51:09 | INFO |        0.929 ¦       24           2              0.010 
2025-05-23 10:51:09 | INFO |        0.939 ¦       25           2              0.010 
2025-05-23 10:51:09 | INFO |        0.949 ¦       26           2              0.010 
2025-05-23 10:51:09 | INFO |        0.959 ¦       27           2              0.010 
2025-05-23 10:51:09 | INFO |        0.969 ¦       28           2              0.010 
2025-05-23 10:51:09 | INFO |        0.979 ¦       29           2              0.010 
2025-05-23 10:51:09 | INFO |        0.989 ¦       30           2              0.010 
2025-05-23 10:51:09 | INFO |        0.999 ¦       31           2              0.010 
2025-05-23 10:51:09 | INFO |        1.009 ¦       32           2              0.010 
2025-05-23 10:51:09 | INFO |        1.019 ¦       33           2              0.010 
2025-05-23 10:51:09 | INFO |        1.029 ¦       34           2              0.010 
2025-05-23 10:51:09 | INFO |        1.039 ¦       35           2              0.010 
2025-05-23 10:51:09 | INFO |        1.049 ¦       36           2              0.010 
2025-05-23 10:51:09 | INFO |        1.059 ¦       37           2              0.010 
2025-05-23 10:51:09 | INFO |        1.069 ¦       38           2              0.010 
2025-05-23 10:51:09 | INFO |        1.079 ¦       39           2              0.010 
2025-05-23 10:51:09 | INFO |        1.089 ¦       40           2              0.010 
2025-05-23 10:51:09 | INFO |        1.099 ¦       41           2              0.010 
2025-05-23 10:51:09 | INFO |        1.109 ¦       42           2              0.010 
2025-05-23 10:51:09 | INFO |        1.119 ¦       43           2              0.010 
2025-05-23 10:51:09 | INFO |        1.129 ¦       44           2              0.010 
2025-05-23 10:51:09 | INFO |        1.139 ¦       45           2              0.010 
2025-05-23 10:51:09 | INFO |        1.149 ¦       46           2              0.010 
2025-05-23 10:51:09 | INFO |        1.159 ¦       47           2              0.010 
2025-05-23 10:51:09 | INFO |        1.169 ¦       48           2              0.010 
2025-05-23 10:51:09 | INFO |        1.179 ¦       49           2              0.010 
2025-05-23 10:51:09 | INFO |        1.189 ¦       50           2              0.010 
2025-05-23 10:51:09 | INFO |        1.199 ¦       51           2              0.010 
2025-05-23 10:51:09 | INFO |        1.209 ¦       52           2              0.010 
2025-05-23 10:51:09 | INFO |        1.219 ¦       53           2              0.010 
2025-05-23 10:51:09 | INFO |        1.229 ¦       54           2              0.010 
2025-05-23 10:51:09 | INFO |        1.239 ¦       55           2              0.010 
2025-05-23 10:51:09 | INFO |        1.249 ¦       56           2              0.010 
2025-05-23 10:51:09 | INFO |        1.259 ¦       57           2              0.010 
2025-05-23 10:51:09 | INFO |        1.269 ¦       58           2              0.010 
2025-05-23 10:51:09 | INFO |        1.279 ¦       59           2              0.010 
2025-05-23 10:51:09 | INFO |        1.289 ¦       60           2              0.010 
2025-05-23 10:51:09 | INFO |        1.299 ¦       61           2              0.010 
2025-05-23 10:51:09 | INFO |        1.309 ¦       62           2              0.010 
2025-05-23 10:51:09 | INFO |        1.319 ¦       63           2              0.010 
2025-05-23 10:51:09 | INFO |        1.329 ¦       64           2              0.010 
2025-05-23 10:51:09 | INFO |        1.339 ¦       65           2              0.010 
2025-05-23 10:51:09 | INFO |        1.349 ¦       66           2              0.010 
2025-05-23 10:51:09 | INFO |        1.359 ¦       67           2              0.010 
2025-05-23 10:51:09 | INFO |        1.369 ¦       68           2              0.010 
2025-05-23 10:51:09 | INFO |        1.379 ¦       69           2              0.010 
2025-05-23 10:51:09 | INFO |        1.389 ¦       70           2              0.010 
2025-05-23 10:51:09 | INFO |        1.399 ¦       71           2              0.010 
2025-05-23 10:51:09 | INFO |        1.409 ¦       72           2              0.010 
2025-05-23 10:51:09 | INFO |        1.419 ¦       73           2              0.010 
2025-05-23 10:51:09 | INFO |        1.429 ¦       74           2              0.010 
2025-05-23 10:51:09 | INFO |        1.439 ¦       75           2              0.010 
2025-05-23 10:51:09 | INFO |        1.449 ¦       76           2              0.010 
2025-05-23 10:51:09 | INFO |        1.459 ¦       77           2              0.010 
2025-05-23 10:51:09 | INFO |        1.469 ¦       78           2              0.010 
2025-05-23 10:51:09 | INFO |        1.479 ¦       79           2              0.010 
2025-05-23 10:51:09 | INFO |        1.489 ¦       80           2              0.010 
2025-05-23 10:51:09 | INFO |        1.499 ¦       81           2              0.010 
2025-05-23 10:51:09 | INFO |        1.509 ¦       82           2              0.010 
2025-05-23 10:51:09 | INFO |        1.519 ¦       83           2              0.010 
2025-05-23 10:51:09 | INFO |        1.529 ¦       84           2              0.010 
2025-05-23 10:51:09 | INFO |        1.539 ¦       85           2              0.010 
2025-05-23 10:51:09 | INFO |        1.549 ¦       86           2              0.010 
2025-05-23 10:51:09 | INFO |        1.559 ¦       87           2              0.010 
2025-05-23 10:51:09 | INFO |        1.569 ¦       88           2              0.010 
2025-05-23 10:51:09 | INFO |        1.579 ¦       89           2              0.010 
2025-05-23 10:51:09 | INFO |        1.589 ¦       90           2              0.010 
2025-05-23 10:51:09 | INFO |        1.599 ¦       91           2              0.010 
2025-05-23 10:51:09 | INFO |        1.609 ¦       92           2              0.010 
2025-05-23 10:51:09 | INFO |        1.619 ¦       93           2              0.010 
2025-05-23 10:51:09 | INFO |        1.629 ¦       94           2              0.010 
2025-05-23 10:51:09 | INFO |        1.639 ¦       95           2              0.010 
2025-05-23 10:51:09 | INFO |        1.649 ¦       96           2              0.010 
2025-05-23 10:51:09 | INFO |        1.659 ¦       97           2              0.010 
2025-05-23 10:51:09 | INFO |        1.669 ¦       98           2              0.010 
2025-05-23 10:51:09 | INFO |        1.679 ¦       99           2              0.010 
2025-05-23 10:51:09 | INFO |        1.689 ¦      100           2              0.010 
2025-05-23 10:51:09 | INFO |        1.699 ¦      101           2              0.010 
2025-05-23 10:51:09 | INFO |        1.709 ¦      102           2              0.010 
2025-05-23 10:51:09 | INFO |        1.719 ¦      103           2              0.010 
2025-05-23 10:51:09 | INFO |        1.729 ¦      104           2              0.010 
2025-05-23 10:51:09 | INFO |        1.739 ¦      105           2              0.010 
2025-05-23 10:51:09 | INFO |        1.749 ¦      106           2              0.010 
2025-05-23 10:51:09 | INFO |        1.759 ¦      107           2              0.010 
2025-05-23 10:51:09 | INFO |        1.769 ¦      108           2              0.010 
2025-05-23 10:51:09 | INFO |        1.779 ¦      109           2              0.010 
2025-05-23 10:51:09 | INFO |        1.789 ¦      110           2              0.010 
2025-05-23 10:51:09 | INFO |        1.799 ¦      111           2              0.010 
2025-05-23 10:51:09 | INFO |        1.809 ¦      112           2              0.010 
2025-05-23 10:51:09 | INFO |        1.819 ¦      113           2              0.010 
2025-05-23 10:51:09 | INFO |        1.829 ¦      114           2              0.010 
2025-05-23 10:51:09 | INFO |        1.839 ¦      115           2              0.010 
2025-05-23 10:51:09 | INFO |        1.849 ¦      116           2              0.010 
2025-05-23 10:51:09 | INFO |        1.859 ¦      117           2              0.010 
2025-05-23 10:51:09 | INFO |        1.869 ¦      118           2              0.010 
2025-05-23 10:51:09 | INFO |        1.879 ¦      119           2              0.010 
2025-05-23 10:51:09 | INFO |        1.889 ¦      120           2              0.010 
2025-05-23 10:51:09 | INFO |        1.899 ¦      121           2              0.010 
2025-05-23 10:51:09 | INFO |        1.909 ¦      122           2              0.010 
2025-05-23 10:51:09 | INFO |        1.919 ¦      123           2              0.010 
2025-05-23 10:51:09 | INFO |        1.929 ¦      124           2              0.010 
2025-05-23 10:51:09 | INFO |        1.939 ¦      125           2              0.010 
2025-05-23 10:51:09 | INFO |        1.949 ¦      126           2              0.010 
2025-05-23 10:51:09 | INFO |        1.959 ¦      127           2              0.010 
2025-05-23 10:51:09 | INFO |        1.969 ¦      128           2              0.010 
2025-05-23 10:51:09 | INFO |        1.979 ¦      129           2              0.010 
2025-05-23 10:51:09 | INFO |        1.989 ¦      130           2              0.010 
2025-05-23 10:51:09 | INFO |        1.999 ¦      131           2              0.010 
2025-05-23 10:51:09 | INFO |        2.009 ¦      132           2              0.010 
2025-05-23 10:51:09 | INFO |        2.019 ¦      133           2              0.010 
2025-05-23 10:51:09 | INFO |        2.029 ¦      134           2              0.010 
2025-05-23 10:51:09 | INFO |        2.039 ¦      135           2              0.010 
2025-05-23 10:51:09 | INFO |        2.049 ¦      136           2              0.010 
2025-05-23 10:51:09 | INFO |        2.059 ¦      137           2              0.010 
2025-05-23 10:51:09 | INFO |        2.069 ¦      138           2              0.010 
2025-05-23 10:51:09 | INFO |        2.079 ¦      139           2              0.010 
2025-05-23 10:51:09 | INFO |        2.089 ¦      140           2              0.010 
2025-05-23 10:51:09 | INFO |        2.099 ¦      141           2              0.010 
2025-05-23 10:51:09 | INFO |        2.109 ¦      142           2              0.010 
2025-05-23 10:51:09 | INFO |        2.119 ¦      143           2              0.010 
2025-05-23 10:51:09 | INFO |        2.129 ¦      144           2              0.010 
2025-05-23 10:51:09 | INFO |        2.139 ¦      145           2              0.010 
2025-05-23 10:51:09 | INFO |        2.149 ¦      146           2              0.010 
2025-05-23 10:51:09 | INFO |        2.159 ¦      147           2              0.010 
2025-05-23 10:51:09 | INFO |        2.169 ¦      148           2              0.010 
2025-05-23 10:51:09 | INFO |        2.179 ¦      149           2              0.010 
2025-05-23 10:51:09 | INFO |        2.189 ¦      150           2              0.010 
2025-05-23 10:51:09 | INFO |        2.199 ¦      151           2              0.010 
2025-05-23 10:51:09 | INFO |        2.209 ¦      152           2              0.010 
2025-05-23 10:51:09 | INFO |        2.219 ¦      153           2              0.010 
2025-05-23 10:51:09 | INFO |        2.229 ¦      154           2              0.010 
2025-05-23 10:51:09 | INFO |        2.239 ¦      155           2              0.010 
2025-05-23 10:51:09 | INFO |        2.249 ¦      156           2              0.010 
2025-05-23 10:51:09 | INFO |        2.259 ¦      157           2              0.010 
2025-05-23 10:51:09 | INFO |        2.269 ¦      158           2              0.010 
2025-05-23 10:51:09 | INFO |        2.279 ¦      159           2              0.010 
2025-05-23 10:51:09 | INFO |        2.289 ¦      160           2              0.010 
2025-05-23 10:51:09 | INFO |        2.299 ¦      161           2              0.010 
2025-05-23 10:51:09 | INFO |        2.309 ¦      162           2              0.010 
2025-05-23 10:51:09 | INFO |        2.319 ¦      163           2              0.010 
2025-05-23 10:51:09 | INFO |        2.329 ¦      164           2              0.010 
2025-05-23 10:51:09 | INFO |        2.339 ¦      165           2              0.010 
2025-05-23 10:51:09 | INFO |        2.349 ¦      166           2              0.010 
2025-05-23 10:51:09 | INFO |        2.359 ¦      167           2              0.010 
2025-05-23 10:51:09 | INFO |        2.369 ¦      168           2              0.010 
2025-05-23 10:51:09 | INFO |        2.379 ¦      169           2              0.010 
2025-05-23 10:51:09 | INFO |        2.389 ¦      170           2              0.010 
2025-05-23 10:51:09 | INFO |        2.399 ¦      171           2              0.010 
2025-05-23 10:51:09 | INFO |        2.409 ¦      172           2              0.010 
2025-05-23 10:51:09 | INFO |        2.419 ¦      173           2              0.010 
2025-05-23 10:51:09 | INFO |        2.429 ¦      174           2              0.010 
2025-05-23 10:51:09 | INFO |        2.439 ¦      175           2              0.010 
2025-05-23 10:51:09 | INFO |        2.449 ¦      176           2              0.010 
2025-05-23 10:51:09 | INFO |        2.459 ¦      177           2              0.010 
2025-05-23 10:51:09 | INFO |        2.469 ¦      178           2              0.010 
2025-05-23 10:51:09 | INFO |        2.479 ¦      179           2              0.010 
2025-05-23 10:51:09 | INFO |        2.489 ¦      180           2              0.010 
2025-05-23 10:51:09 | INFO |        2.499 ¦      181           2              0.010 
2025-05-23 10:51:09 | INFO |        2.509 ¦      182           2              0.010 
2025-05-23 10:51:09 | INFO |        2.519 ¦      183           2              0.010 
2025-05-23 10:51:09 | INFO |        2.529 ¦      184           2              0.010 
2025-05-23 10:51:09 | INFO |        2.539 ¦      185           2              0.010 
2025-05-23 10:51:09 | INFO |        2.549 ¦      186           2              0.010 
2025-05-23 10:51:09 | INFO |        2.559 ¦      187           2              0.010 
2025-05-23 10:51:09 | INFO |        2.569 ¦      188           2              0.010 
2025-05-23 10:51:09 | INFO |        2.579 ¦      189           2              0.010 
2025-05-23 10:51:09 | INFO |        2.589 ¦      190           2              0.010 
2025-05-23 10:51:09 | INFO |        2.599 ¦      191           2              0.010 
2025-05-23 10:51:09 | INFO |        2.609 ¦      192           2              0.010 
2025-05-23 10:51:09 | INFO |        2.619 ¦      193           2              0.010 
2025-05-23 10:51:09 | INFO |        2.629 ¦      194           2              0.010 
2025-05-23 10:51:09 | INFO |        2.639 ¦      195           2              0.010 
2025-05-23 10:51:09 | INFO |        2.649 ¦      196           2              0.010 
2025-05-23 10:51:09 | INFO |        2.659 ¦      197           2              0.010 
2025-05-23 10:51:09 | INFO |        2.669 ¦      198           2              0.010 
2025-05-23 10:51:09 | INFO |        2.679 ¦      199           2              0.010 
2025-05-23 10:51:09 | INFO |        2.689 ¦      200           2              0.010 
2025-05-23 10:51:09 | INFO |        2.699 ¦      201           2              0.010 
2025-05-23 10:51:09 | INFO |        2.709 ¦      202           2              0.010 
2025-05-23 10:51:09 | INFO |        2.719 ¦      203           2              0.010 
2025-05-23 10:51:09 | INFO |        2.729 ¦      204           2              0.010 
2025-05-23 10:51:09 | INFO |        2.739 ¦      205           2              0.010 
2025-05-23 10:51:09 | INFO |        2.749 ¦      206           2              0.010 
2025-05-23 10:51:09 | INFO |        2.759 ¦      207           2              0.010 
2025-05-23 10:51:09 | INFO |        2.769 ¦      208           2              0.010 
2025-05-23 10:51:09 | INFO |        2.779 ¦      209           2              0.010 
2025-05-23 10:51:09 | INFO |        2.789 ¦      210           2              0.010 
2025-05-23 10:51:09 | INFO |        2.799 ¦      211           2              0.010 
2025-05-23 10:51:09 | INFO |        2.809 ¦      212           2              0.010 
2025-05-23 10:51:09 | INFO |        2.819 ¦      213           2              0.010 
2025-05-23 10:51:09 | INFO |        2.829 ¦      214           2              0.010 
2025-05-23 10:51:09 | INFO |        2.839 ¦      215           2              0.010 
2025-05-23 10:51:09 | INFO |        2.849 ¦      216           2              0.010 
2025-05-23 10:51:09 | INFO |        2.859 ¦      217           2              0.010 
2025-05-23 10:51:09 | INFO |        2.869 ¦      218           2              0.010 
2025-05-23 10:51:09 | INFO |        2.879 ¦      219           2              0.010 
2025-05-23 10:51:09 | INFO |        2.889 ¦      220           2              0.010 
2025-05-23 10:51:09 | INFO |        2.899 ¦      221           2              0.010 
2025-05-23 10:51:09 | INFO |        2.909 ¦      222           2              0.010 
2025-05-23 10:51:09 | INFO |        2.919 ¦      223           2              0.010 
2025-05-23 10:51:09 | INFO |        2.929 ¦      224           2              0.010 
2025-05-23 10:51:09 | INFO |        2.939 ¦      225           2              0.010 
2025-05-23 10:51:09 | INFO |        2.949 ¦      226           2              0.010 
2025-05-23 10:51:09 | INFO |        2.959 ¦      227           2              0.010 
2025-05-23 10:51:09 | INFO |        2.969 ¦      228           2              0.010 
2025-05-23 10:51:09 | INFO |        2.979 ¦      229           2              0.010 
2025-05-23 10:51:09 | INFO |        2.989 ¦      230           2              0.010 
2025-05-23 10:51:09 | INFO |        2.999 ¦      231           2              0.010 
2025-05-23 10:51:09 | INFO |        3.009 ¦      232           2              0.010 
2025-05-23 10:51:09 | INFO |        3.019 ¦      233           2              0.010 
2025-05-23 10:51:09 | INFO |        3.029 ¦      234           2              0.010 
2025-05-23 10:51:09 | INFO |        3.039 ¦      235           2              0.010 
2025-05-23 10:51:09 | INFO |        3.049 ¦      236           2              0.010 
2025-05-23 10:51:09 | INFO |        3.059 ¦      237           2              0.010 
2025-05-23 10:51:09 | INFO |        3.069 ¦      238           2              0.010 
2025-05-23 10:51:09 | INFO |        3.079 ¦      239           2              0.010 
2025-05-23 10:51:09 | INFO |        3.089 ¦      240           2              0.010 
2025-05-23 10:51:09 | INFO |        3.099 ¦      241           2              0.010 
2025-05-23 10:51:09 | INFO |        3.109 ¦      242           2              0.010 
2025-05-23 10:51:09 | INFO |        3.119 ¦      243           2              0.010 
2025-05-23 10:51:09 | INFO |        3.129 ¦      244           2              0.010 
2025-05-23 10:51:09 | INFO |        3.139 ¦      245           2              0.010 
2025-05-23 10:51:09 | INFO |        3.149 ¦      246           2              0.010 
2025-05-23 10:51:09 | INFO |        3.159 ¦      247           2              0.010 
2025-05-23 10:51:09 | INFO |        3.169 ¦      248           2              0.010 
2025-05-23 10:51:09 | INFO |        3.179 ¦      249           2              0.010 
2025-05-23 10:51:09 | INFO |        3.189 ¦      250           2              0.010 
2025-05-23 10:51:09 | INFO |        3.199 ¦      251           2              0.010 
2025-05-23 10:51:09 | INFO |        3.209 ¦      252           2              0.010 
2025-05-23 10:51:09 | INFO |        3.219 ¦      253           2              0.010 
2025-05-23 10:51:09 | INFO |        3.229 ¦      254           2              0.010 
2025-05-23 10:51:09 | INFO |        3.239 ¦      255           2              0.010 
2025-05-23 10:51:09 | INFO |        3.249 ¦      256           2              0.010 
2025-05-23 10:51:09 | INFO |        3.259 ¦      257           2              0.010 
2025-05-23 10:51:09 | INFO |        3.269 ¦      258           2              0.010 
2025-05-23 10:51:09 | INFO |        3.279 ¦      259           2              0.010 
2025-05-23 10:51:09 | INFO |        3.289 ¦      260           2              0.010 
2025-05-23 10:51:09 | INFO |        3.299 ¦      261           2              0.010 
2025-05-23 10:51:09 | INFO |        3.309 ¦      262           2              0.010 
2025-05-23 10:51:09 | INFO |        3.319 ¦      263           2              0.010 
2025-05-23 10:51:09 | INFO |        3.329 ¦      264           2              0.010 
2025-05-23 10:51:09 | INFO |        3.339 ¦      265           2              0.010 
2025-05-23 10:51:09 | INFO |        3.349 ¦      266           2              0.010 
2025-05-23 10:51:09 | INFO |        3.359 ¦      267           2              0.010 
2025-05-23 10:51:09 | INFO |        3.369 ¦      268           2              0.010 
2025-05-23 10:51:09 | INFO |        3.379 ¦      269           2              0.010 
2025-05-23 10:51:09 | INFO |        3.389 ¦      270           2              0.010 
2025-05-23 10:51:09 | INFO |        3.399 ¦      271           2              0.010 
2025-05-23 10:51:09 | INFO |        3.409 ¦      272           2              0.010 
2025-05-23 10:51:09 | INFO |        3.419 ¦      273           2              0.010 
2025-05-23 10:51:09 | INFO |        3.429 ¦      274           2              0.010 
2025-05-23 10:51:09 | INFO |        3.439 ¦      275           2              0.010 
2025-05-23 10:51:09 | INFO |        3.449 ¦      276           2              0.010 
2025-05-23 10:51:09 | INFO |        3.459 ¦      277           2              0.010 
2025-05-23 10:51:09 | INFO |        3.469 ¦      278           2              0.010 
2025-05-23 10:51:09 | INFO |        3.479 ¦      279           2              0.010 
2025-05-23 10:51:09 | INFO |        3.489 ¦      280           2              0.010 
2025-05-23 10:51:09 | INFO |        3.499 ¦      281           2              0.010 
2025-05-23 10:51:09 | INFO |        3.509 ¦      282           2              0.010 
2025-05-23 10:51:09 | INFO |        3.519 ¦      283           2              0.010 
2025-05-23 10:51:09 | INFO |        3.529 ¦      284           2              0.010 
2025-05-23 10:51:09 | INFO |        3.539 ¦      285           2              0.010 
2025-05-23 10:51:09 | INFO |        3.549 ¦      286           2              0.010 
2025-05-23 10:51:09 | INFO |        3.559 ¦      287           2              0.010 
2025-05-23 10:51:09 | INFO |        3.569 ¦      288           2              0.010 
2025-05-23 10:51:09 | INFO |        3.579 ¦      289           2              0.010 
2025-05-23 10:51:09 | INFO |        3.589 ¦      290           2              0.010 
2025-05-23 10:51:09 | INFO |        3.599 ¦      291           2              0.010 
2025-05-23 10:51:09 | INFO |        3.609 ¦      292           2              0.010 
2025-05-23 10:51:09 | INFO |        3.619 ¦      293           2              0.010 
2025-05-23 10:51:09 | INFO |        3.629 ¦      294           2              0.010 
2025-05-23 10:51:09 | INFO |        3.639 ¦      295           2              0.010 
2025-05-23 10:51:09 | INFO |        3.649 ¦      296           2              0.010 
2025-05-23 10:51:09 | INFO |        3.659 ¦      297           2              0.010 
2025-05-23 10:51:09 | INFO |        3.669 ¦      298           2              0.010 
2025-05-23 10:51:09 | INFO |        3.679 ¦      299           2              0.010 
2025-05-23 10:51:09 | INFO |        3.689 ¦      300           2              0.010 
2025-05-23 10:51:09 | INFO |        3.699 ¦      301           2              0.010 
2025-05-23 10:51:09 | INFO |        3.709 ¦      302           2              0.010 
2025-05-23 10:51:09 | INFO |        3.719 ¦      303           2              0.010 
2025-05-23 10:51:09 | INFO |        3.729 ¦      304           2              0.010 
2025-05-23 10:51:09 | INFO |        3.739 ¦      305           2              0.010 
2025-05-23 10:51:09 | INFO |        3.749 ¦      306           2              0.010 
2025-05-23 10:51:09 | INFO |        3.759 ¦      307           2              0.010 
2025-05-23 10:51:09 | INFO |        3.769 ¦      308           2              0.010 
2025-05-23 10:51:09 | INFO |        3.779 ¦      309           2              0.010 
2025-05-23 10:51:09 | INFO |        3.789 ¦      310           2              0.010 
2025-05-23 10:51:09 | INFO |        3.799 ¦      311           2              0.010 
2025-05-23 10:51:09 | INFO |        3.809 ¦      312           2              0.010 
2025-05-23 10:51:09 | INFO |        3.819 ¦      313           2              0.010 
2025-05-23 10:51:09 | INFO |        3.829 ¦      314           2              0.010 
2025-05-23 10:51:09 | INFO |        3.839 ¦      315           2              0.010 
2025-05-23 10:51:09 | INFO |        3.849 ¦      316           2              0.010 
2025-05-23 10:51:09 | INFO |        3.859 ¦      317           2              0.010 
2025-05-23 10:51:09 | INFO |        3.869 ¦      318           2              0.010 
2025-05-23 10:51:09 | INFO |        3.879 ¦      319           2              0.010 
2025-05-23 10:51:09 | INFO |        3.889 ¦      320           2              0.010 
2025-05-23 10:51:09 | INFO |        3.899 ¦      321           2              0.010 
2025-05-23 10:51:09 | INFO |        3.909 ¦      322           2              0.010 
2025-05-23 10:51:09 | INFO |        3.919 ¦      323           2              0.010 
2025-05-23 10:51:09 | INFO |        3.929 ¦      324           2              0.010 
2025-05-23 10:51:09 | INFO |        3.939 ¦      325           2              0.010 
2025-05-23 10:51:09 | INFO |        3.949 ¦      326           2              0.010 
2025-05-23 10:51:09 | INFO |        3.959 ¦      327           2              0.010 
2025-05-23 10:51:09 | INFO |        3.969 ¦      328           2              0.010 
2025-05-23 10:51:09 | INFO |        3.979 ¦      329           2              0.010 
2025-05-23 10:51:09 | INFO |        3.989 ¦      330           2              0.010 
2025-05-23 10:51:09 | INFO |        3.999 ¦      331           2              0.010 
2025-05-23 10:51:09 | INFO |        4.009 ¦      332           2              0.010 
2025-05-23 10:51:09 | INFO |        4.019 ¦      333           2              0.010 
2025-05-23 10:51:09 | INFO |        4.029 ¦      334           2              0.010 
2025-05-23 10:51:09 | INFO |        4.039 ¦      335           2              0.010 
2025-05-23 10:51:09 | INFO |        4.049 ¦      336           2              0.010 
2025-05-23 10:51:09 | INFO |        4.059 ¦      337           2              0.010 
2025-05-23 10:51:09 | INFO |        4.069 ¦      338           2              0.010 
2025-05-23 10:51:09 | INFO |        4.079 ¦      339           2              0.010 
2025-05-23 10:51:09 | INFO |        4.089 ¦      340           2              0.010 
2025-05-23 10:51:09 | INFO |        4.099 ¦      341           2              0.010 
2025-05-23 10:51:09 | INFO |        4.109 ¦      342           2              0.010 
2025-05-23 10:51:09 | INFO |        4.119 ¦      343           2              0.010 
2025-05-23 10:51:09 | INFO |        4.129 ¦      344           2              0.010 
2025-05-23 10:51:09 | INFO |        4.139 ¦      345           2              0.010 
2025-05-23 10:51:09 | INFO |        4.149 ¦      346           2              0.010 
2025-05-23 10:51:09 | INFO |        4.159 ¦      347           2              0.010 
2025-05-23 10:51:09 | INFO |        4.169 ¦      348           2              0.010 
2025-05-23 10:51:09 | INFO |        4.179 ¦      349           2              0.010 
2025-05-23 10:51:09 | INFO |        4.189 ¦      350           2              0.010 
2025-05-23 10:51:09 | INFO |        4.199 ¦      351           2              0.010 
2025-05-23 10:51:09 | INFO |        4.209 ¦      352           2              0.010 
2025-05-23 10:51:09 | INFO |        4.219 ¦      353           2              0.010 
2025-05-23 10:51:09 | INFO |        4.229 ¦      354           2              0.010 
2025-05-23 10:51:09 | INFO |        4.239 ¦      355           2              0.010 
2025-05-23 10:51:09 | INFO |        4.249 ¦      356           2              0.010 
2025-05-23 10:51:09 | INFO |        4.259 ¦      357           2              0.010 
2025-05-23 10:51:09 | INFO |        4.269 ¦      358           2              0.010 
2025-05-23 10:51:09 | INFO |        4.279 ¦      359           2              0.010 
2025-05-23 10:51:09 | INFO |        4.289 ¦      360           2              0.010 
2025-05-23 10:51:09 | INFO |        4.299 ¦      361           2              0.010 
2025-05-23 10:51:09 | INFO |        4.309 ¦      362           2              0.010 
2025-05-23 10:51:09 | INFO |        4.319 ¦      363           2              0.010 
2025-05-23 10:51:09 | INFO |        4.329 ¦      364           2              0.010 
2025-05-23 10:51:09 | INFO |        4.339 ¦      365           2              0.010 
2025-05-23 10:51:09 | INFO |        4.349 ¦      366           2              0.010 
2025-05-23 10:51:09 | INFO |        4.359 ¦      367           2              0.010 
2025-05-23 10:51:09 | INFO |        4.369 ¦      368           2              0.010 
2025-05-23 10:51:09 | INFO |        4.379 ¦      369           2              0.010 
2025-05-23 10:51:09 | INFO |        4.389 ¦      370           2              0.010 
2025-05-23 10:51:09 | INFO |        4.399 ¦      371           2              0.010 
2025-05-23 10:51:09 | INFO |        4.409 ¦      372           2              0.010 
2025-05-23 10:51:09 | INFO |        4.419 ¦      373           2              0.010 
2025-05-23 10:51:09 | INFO |        4.429 ¦      374           2              0.010 
2025-05-23 10:51:09 | INFO |        4.439 ¦      375           2              0.010 
2025-05-23 10:51:09 | INFO |        4.449 ¦      376           2              0.010 
2025-05-23 10:51:09 | INFO |        4.459 ¦      377           2              0.010 
2025-05-23 10:51:09 | INFO |        4.469 ¦      378           2              0.010 
2025-05-23 10:51:09 | INFO |        4.479 ¦      379           2              0.010 
2025-05-23 10:51:09 | INFO |        4.489 ¦      380           2              0.010 
2025-05-23 10:51:09 | INFO |        4.499 ¦      381           2              0.010 
2025-05-23 10:51:09 | INFO |        4.509 ¦      382           2              0.010 
2025-05-23 10:51:09 | INFO |        4.519 ¦      383           2              0.010 
2025-05-23 10:51:09 | INFO |        4.529 ¦      384           2              0.010 
2025-05-23 10:51:09 | INFO |        4.539 ¦      385           2              0.010 
2025-05-23 10:51:09 | INFO |        4.549 ¦      386           2              0.010 
2025-05-23 10:51:09 | INFO |        4.559 ¦      387           2              0.010 
2025-05-23 10:51:09 | INFO |        4.569 ¦      388           2              0.010 
2025-05-23 10:51:09 | INFO |        4.579 ¦      389           2              0.010 
2025-05-23 10:51:09 | INFO |        4.589 ¦      390           2              0.010 
2025-05-23 10:51:09 | INFO |        4.599 ¦      391           2              0.010 
2025-05-23 10:51:09 | INFO |        4.609 ¦      392           2              0.010 
2025-05-23 10:51:09 | INFO |        4.619 ¦      393           2              0.010 
2025-05-23 10:51:09 | INFO |        4.629 ¦      394           2              0.010 
2025-05-23 10:51:09 | INFO |        4.639 ¦      395           2              0.010 
2025-05-23 10:51:09 | INFO |        4.649 ¦      396           2              0.010 
2025-05-23 10:51:09 | INFO |        4.659 ¦      397           2              0.010 
2025-05-23 10:51:09 | INFO |        4.669 ¦      398           2              0.010 
2025-05-23 10:51:09 | INFO |        4.679 ¦      399           2              0.010 
2025-05-23 10:51:09 | INFO |        4.689 ¦      400           2              0.010 
2025-05-23 10:51:09 | INFO |        4.699 ¦      401           2              0.010 
2025-05-23 10:51:09 | INFO |        4.709 ¦      402           2              0.010 
2025-05-23 10:51:09 | INFO |        4.719 ¦      403           2              0.010 
2025-05-23 10:51:09 | INFO |        4.729 ¦      404           2              0.010 
2025-05-23 10:51:09 | INFO |        4.739 ¦      405           2              0.010 
2025-05-23 10:51:09 | INFO |        4.749 ¦      406           2              0.010 
2025-05-23 10:51:09 | INFO |        4.759 ¦      407           2              0.010 
2025-05-23 10:51:09 | INFO |        4.769 ¦      408           2              0.010 
2025-05-23 10:51:09 | INFO |        4.779 ¦      409           2              0.010 
2025-05-23 10:51:09 | INFO |        4.789 ¦      410           2              0.010 
2025-05-23 10:51:09 | INFO |        4.799 ¦      411           2              0.010 
2025-05-23 10:51:09 | INFO |        4.809 ¦      412           2              0.010 
2025-05-23 10:51:09 | INFO |        4.819 ¦      413           2              0.010 
2025-05-23 10:51:09 | INFO |        4.829 ¦      414           2              0.010 
2025-05-23 10:51:09 | INFO |        4.839 ¦      415           2              0.010 
2025-05-23 10:51:09 | INFO |        4.849 ¦      416           2              0.010 
2025-05-23 10:51:09 | INFO |        4.859 ¦      417           2              0.010 
2025-05-23 10:51:09 | INFO |        4.869 ¦      418           2              0.010 
2025-05-23 10:51:09 | INFO |        4.879 ¦      419           2              0.010 
2025-05-23 10:51:09 | INFO |        4.889 ¦      420           2              0.010 
2025-05-23 10:51:09 | INFO |        4.899 ¦      421           2              0.010 
2025-05-23 10:51:09 | INFO |        4.909 ¦      422           2              0.010 
2025-05-23 10:51:09 | INFO |        4.919 ¦      423           2              0.010 
2025-05-23 10:51:09 | INFO |        4.929 ¦      424           2              0.010 
2025-05-23 10:51:09 | INFO |        4.939 ¦      425           2              0.010 
2025-05-23 10:51:09 | INFO |        4.949 ¦      426           2              0.010 
2025-05-23 10:51:09 | INFO |        4.959 ¦      427           2              0.010 
2025-05-23 10:51:09 | INFO |        4.969 ¦      428           2              0.010 
2025-05-23 10:51:09 | INFO |        4.979 ¦      429           2              0.010 
2025-05-23 10:51:09 | INFO |        4.989 ¦      430           2              0.010 
2025-05-23 10:51:09 | INFO |        4.999 ¦      431           2              0.010 
2025-05-23 10:51:09 | INFO |        5.009 ¦      432           2              0.010 
2025-05-23 10:51:09 | INFO |        5.019 ¦      433           2              0.010 
2025-05-23 10:51:09 | INFO |        5.029 ¦      434           2              0.010 
2025-05-23 10:51:09 | INFO |        5.039 ¦      435           2              0.010 
2025-05-23 10:51:09 | INFO |        5.049 ¦      436           2              0.010 
2025-05-23 10:51:09 | INFO |        5.059 ¦      437           2              0.010 
2025-05-23 10:51:09 | INFO |        5.069 ¦      438           2              0.010 
2025-05-23 10:51:09 | INFO |        5.079 ¦      439           2              0.010 
2025-05-23 10:51:09 | INFO |        5.089 ¦      440           2              0.010 
2025-05-23 10:51:09 | INFO |        5.099 ¦      441           2              0.010 
2025-05-23 10:51:09 | INFO |        5.109 ¦      442           2              0.010 
2025-05-23 10:51:09 | INFO |        5.119 ¦      443           2              0.010 
2025-05-23 10:51:09 | INFO |        5.129 ¦      444           2              0.010 
2025-05-23 10:51:09 | INFO |        5.139 ¦      445           2              0.010 
2025-05-23 10:51:09 | INFO |        5.149 ¦      446           2              0.010 
2025-05-23 10:51:09 | INFO |        5.159 ¦      447           2              0.010 
2025-05-23 10:51:09 | INFO |        5.169 ¦      448           2              0.010 
2025-05-23 10:51:09 | INFO |        5.179 ¦      449           2              0.010 
2025-05-23 10:51:09 | INFO |        5.189 ¦      450           2              0.010 
2025-05-23 10:51:09 | INFO |        5.199 ¦      451           2              0.010 
2025-05-23 10:51:09 | INFO |        5.209 ¦      452           2              0.010 
2025-05-23 10:51:09 | INFO |        5.219 ¦      453           2              0.010 
2025-05-23 10:51:09 | INFO |        5.229 ¦      454           2              0.010 
2025-05-23 10:51:09 | INFO |        5.239 ¦      455           2              0.010 
2025-05-23 10:51:09 | INFO |        5.249 ¦      456           2              0.010 
2025-05-23 10:51:09 | INFO |        5.259 ¦      457           2              0.010 
2025-05-23 10:51:09 | INFO |        5.269 ¦      458           2              0.010 
2025-05-23 10:51:09 | INFO |        5.279 ¦      459           2              0.010 
2025-05-23 10:51:09 | INFO |        5.289 ¦      460           2              0.010 
2025-05-23 10:51:09 | INFO |        5.299 ¦      461           2              0.010 
2025-05-23 10:51:09 | INFO |        5.309 ¦      462           2              0.010 
2025-05-23 10:51:09 | INFO |        5.319 ¦      463           2              0.010 
2025-05-23 10:51:09 | INFO |        5.329 ¦      464           2              0.010 
2025-05-23 10:51:09 | INFO |        5.339 ¦      465           2              0.010 
2025-05-23 10:51:09 | INFO |        5.349 ¦      466           2              0.010 
2025-05-23 10:51:09 | INFO |        5.359 ¦      467           2              0.010 
2025-05-23 10:51:09 | INFO |        5.369 ¦      468           2              0.010 
2025-05-23 10:51:09 | INFO |        5.379 ¦      469           2              0.010 
2025-05-23 10:51:09 | INFO |        5.389 ¦      470           2              0.010 
2025-05-23 10:51:09 | INFO |        5.399 ¦      471           2              0.010 
2025-05-23 10:51:09 | INFO |        5.409 ¦      472           2              0.010 
2025-05-23 10:51:09 | INFO |        5.419 ¦      473           2              0.010 
2025-05-23 10:51:09 | INFO |        5.429 ¦      474           2              0.010 
2025-05-23 10:51:09 | INFO |        5.439 ¦      475           2              0.010 
2025-05-23 10:51:09 | INFO |        5.449 ¦      476           2              0.010 
2025-05-23 10:51:09 | INFO |        5.459 ¦      477           2              0.010 
2025-05-23 10:51:09 | INFO |        5.469 ¦      478           2              0.010 
2025-05-23 10:51:09 | INFO |        5.479 ¦      479           2              0.010 
2025-05-23 10:51:09 | INFO |        5.489 ¦      480           2              0.010 
2025-05-23 10:51:09 | INFO |        5.499 ¦      481           2              0.010 
2025-05-23 10:51:09 | INFO |        5.509 ¦      482           2              0.010 
2025-05-23 10:51:09 | INFO |        5.519 ¦      483           2              0.010 
2025-05-23 10:51:09 | INFO |        5.529 ¦      484           2              0.010 
2025-05-23 10:51:09 | INFO |        5.539 ¦      485           2              0.010 
2025-05-23 10:51:09 | INFO |        5.549 ¦      486           2              0.010 
2025-05-23 10:51:09 | INFO |        5.559 ¦      487           2              0.010 
2025-05-23 10:51:09 | INFO |        5.569 ¦      488           2              0.010 
2025-05-23 10:51:09 | INFO |        5.579 ¦      489           2              0.010 
2025-05-23 10:51:09 | INFO |        5.589 ¦      490           2              0.010 
2025-05-23 10:51:09 | INFO |        5.599 ¦      491           2              0.010 
2025-05-23 10:51:09 | INFO |        5.609 ¦      492           2              0.010 
2025-05-23 10:51:09 | INFO |        5.619 ¦      493           2              0.010 
2025-05-23 10:51:09 | INFO |        5.629 ¦      494           2              0.010 
2025-05-23 10:51:09 | INFO |        5.639 ¦      495           2              0.010 
2025-05-23 10:51:09 | INFO |        5.649 ¦      496           2              0.010 
2025-05-23 10:51:09 | INFO |        5.659 ¦      497           2              0.010 
2025-05-23 10:51:09 | INFO |        5.669 ¦      498           2              0.010 
2025-05-23 10:51:09 | INFO |        5.679 ¦      499           2              0.010 
2025-05-23 10:51:09 | INFO |        5.689 ¦      500           2              0.010 
2025-05-23 10:51:09 | INFO |        5.699 ¦      501           2              0.010 
2025-05-23 10:51:09 | INFO |        5.709 ¦      502           2              0.010 
2025-05-23 10:51:09 | INFO |        5.719 ¦      503           2              0.010 
2025-05-23 10:51:09 | INFO |        5.729 ¦      504           2              0.010 
2025-05-23 10:51:09 | INFO |        5.739 ¦      505           2              0.010 
2025-05-23 10:51:09 | INFO |        5.749 ¦      506           2              0.010 
2025-05-23 10:51:09 | INFO |        5.759 ¦      507           2              0.010 
2025-05-23 10:51:09 | INFO |        5.769 ¦      508           2              0.010 
2025-05-23 10:51:09 | INFO |        5.779 ¦      509           2              0.010 
2025-05-23 10:51:09 | INFO |        5.789 ¦      510           2              0.010 
2025-05-23 10:51:09 | INFO |        5.799 ¦      511           2              0.010 
2025-05-23 10:51:09 | INFO |        5.809 ¦      512           2              0.010 
2025-05-23 10:51:09 | INFO |        5.819 ¦      513           2              0.010 
2025-05-23 10:51:09 | INFO |        5.829 ¦      514           2              0.010 
2025-05-23 10:51:09 | INFO |        5.839 ¦      515           2              0.010 
2025-05-23 10:51:09 | INFO |        5.849 ¦      516           2              0.010 
2025-05-23 10:51:09 | INFO |        5.859 ¦      517           2              0.010 
2025-05-23 10:51:09 | INFO |        5.869 ¦      518           2              0.010 
2025-05-23 10:51:09 | INFO |        5.879 ¦      519           2              0.010 
2025-05-23 10:51:09 | INFO |        5.889 ¦      520           2              0.010 
2025-05-23 10:51:09 | INFO |        5.899 ¦      521           2              0.010 
2025-05-23 10:51:09 | INFO |        5.909 ¦      522           2              0.010 
2025-05-23 10:51:09 | INFO |        5.919 ¦      523           2              0.010 
2025-05-23 10:51:09 | INFO |        5.929 ¦      524           2              0.010 
2025-05-23 10:51:09 | INFO |        5.939 ¦      525           2              0.010 
2025-05-23 10:51:09 | INFO |        5.949 ¦      526           2              0.010 
2025-05-23 10:51:09 | INFO |        5.959 ¦      527           2              0.010 
2025-05-23 10:51:09 | INFO |        5.969 ¦      528           2              0.010 
2025-05-23 10:51:09 | INFO |        5.979 ¦      529           2              0.010 
2025-05-23 10:51:09 | INFO |        5.989 ¦      530           2              0.010 
2025-05-23 10:51:09 | INFO |        5.999 ¦      531           2              0.010 
2025-05-23 10:51:09 | INFO |        6.009 ¦      532           2              0.010 
2025-05-23 10:51:09 | INFO |        6.019 ¦      533           2              0.010 
2025-05-23 10:51:09 | INFO |        6.029 ¦      534           2              0.010 
2025-05-23 10:51:09 | INFO |        6.039 ¦      535           2              0.010 
2025-05-23 10:51:09 | INFO |        6.049 ¦      536           2              0.010 
2025-05-23 10:51:09 | INFO |        6.059 ¦      537           2              0.010 
2025-05-23 10:51:09 | INFO |        6.069 ¦      538           2              0.010 
2025-05-23 10:51:09 | INFO |        6.079 ¦      539           2              0.010 
2025-05-23 10:51:09 | INFO |        6.089 ¦      540           2              0.010 
2025-05-23 10:51:09 | INFO |        6.099 ¦      541           2              0.010 
2025-05-23 10:51:09 | INFO |        6.109 ¦      542           2              0.010 
2025-05-23 10:51:09 | INFO |        6.119 ¦      543           2              0.010 
2025-05-23 10:51:09 | INFO |        6.129 ¦      544           2              0.010 
2025-05-23 10:51:09 | INFO |        6.139 ¦      545           2              0.010 
2025-05-23 10:51:09 | INFO |        6.149 ¦      546           2              0.010 
2025-05-23 10:51:09 | INFO |        6.159 ¦      547           2              0.010 
2025-05-23 10:51:09 | INFO |        6.169 ¦      548           2              0.010 
2025-05-23 10:51:09 | INFO |        6.179 ¦      549           2              0.010 
2025-05-23 10:51:09 | INFO |        6.189 ¦      550           2              0.010 
2025-05-23 10:51:09 | INFO |        6.199 ¦      551           2              0.010 
2025-05-23 10:51:09 | INFO |        6.209 ¦      552           2              0.010 
2025-05-23 10:51:09 | INFO |        6.219 ¦      553           2              0.010 
2025-05-23 10:51:09 | INFO |        6.229 ¦      554           2              0.010 
2025-05-23 10:51:09 | INFO |        6.239 ¦      555           2              0.010 
2025-05-23 10:51:09 | INFO |        6.249 ¦      556           2              0.010 
2025-05-23 10:51:09 | INFO |        6.259 ¦      557           2              0.010 
2025-05-23 10:51:09 | INFO |        6.269 ¦      558           2              0.010 
2025-05-23 10:51:09 | INFO |        6.279 ¦      559           2              0.010 
2025-05-23 10:51:09 | INFO |        6.289 ¦      560           2              0.010 
2025-05-23 10:51:09 | INFO |        6.299 ¦      561           2              0.010 
2025-05-23 10:51:09 | INFO |        6.309 ¦      562           2              0.010 
2025-05-23 10:51:09 | INFO |        6.319 ¦      563           2              0.010 
2025-05-23 10:51:09 | INFO |        6.329 ¦      564           2              0.010 
2025-05-23 10:51:09 | INFO |        6.339 ¦      565           2              0.010 
2025-05-23 10:51:09 | INFO |        6.349 ¦      566           2              0.010 
2025-05-23 10:51:09 | INFO |        6.359 ¦      567           2              0.010 
2025-05-23 10:51:09 | INFO |        6.369 ¦      568           2              0.010 
2025-05-23 10:51:09 | INFO |        6.379 ¦      569           2              0.010 
2025-05-23 10:51:09 | INFO |        6.389 ¦      570           2              0.010 
2025-05-23 10:51:09 | INFO |        6.399 ¦      571           2              0.010 
2025-05-23 10:51:09 | INFO |        6.409 ¦      572           2              0.010 
2025-05-23 10:51:09 | INFO |        6.419 ¦      573           2              0.010 
2025-05-23 10:51:09 | INFO |        6.429 ¦      574           2              0.010 
2025-05-23 10:51:09 | INFO |        6.439 ¦      575           2              0.010 
2025-05-23 10:51:09 | INFO |        6.449 ¦      576           2              0.010 
2025-05-23 10:51:09 | INFO |        6.459 ¦      577           2              0.010 
2025-05-23 10:51:09 | INFO |        6.469 ¦      578           2              0.010 
2025-05-23 10:51:09 | INFO |        6.479 ¦      579           2              0.010 
2025-05-23 10:51:09 | INFO |        6.489 ¦      580           2              0.010 
2025-05-23 10:51:09 | INFO |        6.499 ¦      581           2              0.010 
2025-05-23 10:51:09 | INFO |        6.509 ¦      582           2              0.010 
2025-05-23 10:51:09 | INFO |        6.519 ¦      583           2              0.010 
2025-05-23 10:51:09 | INFO |        6.529 ¦      584           2              0.010 
2025-05-23 10:51:09 | INFO |        6.539 ¦      585           2              0.010 
2025-05-23 10:51:09 | INFO |        6.549 ¦      586           2              0.010 
2025-05-23 10:51:09 | INFO |        6.559 ¦      587           2              0.010 
2025-05-23 10:51:09 | INFO |        6.569 ¦      588           2              0.010 
2025-05-23 10:51:09 | INFO |        6.579 ¦      589           2              0.010 
2025-05-23 10:51:09 | INFO |        6.589 ¦      590           2              0.010 
2025-05-23 10:51:09 | INFO |        6.599 ¦      591           2              0.010 
2025-05-23 10:51:09 | INFO |        6.609 ¦      592           2              0.010 
2025-05-23 10:51:09 | INFO |        6.619 ¦      593           2              0.010 
2025-05-23 10:51:09 | INFO |        6.629 ¦      594           2              0.010 
2025-05-23 10:51:09 | INFO |        6.639 ¦      595           2              0.010 
2025-05-23 10:51:09 | INFO |        6.649 ¦      596           2              0.010 
2025-05-23 10:51:09 | INFO |        6.659 ¦      597           2              0.010 
2025-05-23 10:51:09 | INFO |        6.669 ¦      598           2              0.010 
2025-05-23 10:51:09 | INFO |        6.679 ¦      599           2              0.010 
2025-05-23 10:51:09 | INFO |        6.689 ¦      600           2              0.010 
2025-05-23 10:51:09 | INFO |        6.699 ¦      601           2              0.010 
2025-05-23 10:51:09 | INFO |        6.709 ¦      602           2              0.010 
2025-05-23 10:51:09 | INFO |        6.719 ¦      603           2              0.010 
2025-05-23 10:51:09 | INFO |        6.729 ¦      604           2              0.010 
2025-05-23 10:51:09 | INFO |        6.739 ¦      605           2              0.010 
2025-05-23 10:51:09 | INFO |        6.749 ¦      606           2              0.010 
2025-05-23 10:51:09 | INFO |        6.759 ¦      607           2              0.010 
2025-05-23 10:51:09 | INFO |        6.769 ¦      608           2              0.010 
2025-05-23 10:51:09 | INFO |        6.779 ¦      609           2              0.010 
2025-05-23 10:51:09 | INFO |        6.789 ¦      610           2              0.010 
2025-05-23 10:51:09 | INFO |        6.799 ¦      611           2              0.010 
2025-05-23 10:51:09 | INFO |        6.809 ¦      612           2              0.010 
2025-05-23 10:51:09 | INFO |        6.819 ¦      613           2              0.010 
2025-05-23 10:51:09 | INFO |        6.829 ¦      614           2              0.010 
2025-05-23 10:51:09 | INFO |        6.839 ¦      615           2              0.010 
2025-05-23 10:51:09 | INFO |        6.849 ¦      616           2              0.010 
2025-05-23 10:51:09 | INFO |        6.859 ¦      617           2              0.010 
2025-05-23 10:51:09 | INFO |        6.869 ¦      618           2              0.010 
2025-05-23 10:51:09 | INFO |        6.879 ¦      619           2              0.010 
2025-05-23 10:51:09 | INFO |        6.889 ¦      620           2              0.010 
2025-05-23 10:51:09 | INFO |        6.899 ¦      621           2              0.010 
2025-05-23 10:51:09 | INFO |        6.909 ¦      622           2              0.010 
2025-05-23 10:51:09 | INFO |        6.919 ¦      623           2              0.010 
2025-05-23 10:51:09 | INFO |        6.929 ¦      624           2              0.010 
2025-05-23 10:51:09 | INFO |        6.939 ¦      625           2              0.010 
2025-05-23 10:51:09 | INFO |        6.949 ¦      626           2              0.010 
2025-05-23 10:51:09 | INFO |        6.959 ¦      627           2              0.010 
2025-05-23 10:51:09 | INFO |        6.969 ¦      628           2              0.010 
2025-05-23 10:51:09 | INFO |        6.979 ¦      629           2              0.010 
2025-05-23 10:51:09 | INFO |        6.989 ¦      630           2              0.010 
2025-05-23 10:51:09 | INFO |        6.999 ¦      631           2              0.010 
2025-05-23 10:51:09 | INFO |        7.009 ¦      632           2              0.010 
2025-05-23 10:51:09 | INFO |        7.019 ¦      633           2              0.010 
2025-05-23 10:51:09 | INFO |        7.029 ¦      634           2              0.010 
2025-05-23 10:51:09 | INFO |        7.039 ¦      635           2              0.010 
2025-05-23 10:51:09 | INFO |        7.049 ¦      636           2              0.010 
2025-05-23 10:51:09 | INFO |        7.059 ¦      637           2              0.010 
2025-05-23 10:51:09 | INFO |        7.069 ¦      638           2              0.010 
2025-05-23 10:51:09 | INFO |        7.079 ¦      639           2              0.010 
2025-05-23 10:51:09 | INFO |        7.089 ¦      640           2              0.010 
2025-05-23 10:51:09 | INFO |        7.099 ¦      641           2              0.010 
2025-05-23 10:51:09 | INFO |        7.109 ¦      642           2              0.010 
2025-05-23 10:51:09 | INFO |        7.119 ¦      643           2              0.010 
2025-05-23 10:51:09 | INFO |        7.129 ¦      644           2              0.010 
2025-05-23 10:51:09 | INFO |        7.139 ¦      645           2              0.010 
2025-05-23 10:51:09 | INFO |        7.149 ¦      646           2              0.010 
2025-05-23 10:51:09 | INFO |        7.159 ¦      647           2              0.010 
2025-05-23 10:51:09 | INFO |        7.169 ¦      648           2              0.010 
2025-05-23 10:51:09 | INFO |        7.179 ¦      649           2              0.010 
2025-05-23 10:51:09 | INFO |        7.189 ¦      650           2              0.010 
2025-05-23 10:51:09 | INFO |        7.199 ¦      651           2              0.010 
2025-05-23 10:51:09 | INFO |        7.209 ¦      652           2              0.010 
2025-05-23 10:51:09 | INFO |        7.219 ¦      653           2              0.010 
2025-05-23 10:51:09 | INFO |        7.229 ¦      654           2              0.010 
2025-05-23 10:51:09 | INFO |        7.239 ¦      655           2              0.010 
2025-05-23 10:51:09 | INFO |        7.249 ¦      656           2              0.010 
2025-05-23 10:51:09 | INFO |        7.259 ¦      657           2              0.010 
2025-05-23 10:51:09 | INFO |        7.269 ¦      658           2              0.010 
2025-05-23 10:51:09 | INFO |        7.279 ¦      659           2              0.010 
2025-05-23 10:51:09 | INFO |        7.289 ¦      660           2              0.010 
2025-05-23 10:51:09 | INFO |        7.299 ¦      661           2              0.010 
2025-05-23 10:51:09 | INFO |        7.309 ¦      662           2              0.010 
2025-05-23 10:51:09 | INFO |        7.319 ¦      663           2              0.010 
2025-05-23 10:51:09 | INFO |        7.329 ¦      664           2              0.010 
2025-05-23 10:51:09 | INFO |        7.339 ¦      665           2              0.010 
2025-05-23 10:51:09 | INFO |        7.349 ¦      666           2              0.010 
2025-05-23 10:51:09 | INFO |        7.359 ¦      667           2              0.010 
2025-05-23 10:51:09 | INFO |        7.369 ¦      668           2              0.010 
2025-05-23 10:51:09 | INFO |        7.379 ¦      669           2              0.010 
2025-05-23 10:51:09 | INFO |        7.389 ¦      670           2              0.010 
2025-05-23 10:51:09 | INFO |        7.399 ¦      671           2              0.010 
2025-05-23 10:51:09 | INFO |        7.409 ¦      672           2              0.010 
2025-05-23 10:51:09 | INFO |        7.419 ¦      673           2              0.010 
2025-05-23 10:51:09 | INFO |        7.429 ¦      674           2              0.010 
2025-05-23 10:51:09 | INFO |        7.439 ¦      675           2              0.010 
2025-05-23 10:51:09 | INFO |        7.449 ¦      676           2              0.010 
2025-05-23 10:51:09 | INFO |        7.459 ¦      677           2              0.010 
2025-05-23 10:51:09 | INFO |        7.469 ¦      678           2              0.010 
2025-05-23 10:51:09 | INFO |        7.479 ¦      679           2              0.010 
2025-05-23 10:51:09 | INFO |        7.489 ¦      680           2              0.010 
2025-05-23 10:51:09 | INFO |        7.499 ¦      681           2              0.010 
2025-05-23 10:51:09 | INFO |        7.509 ¦      682           2              0.010 
2025-05-23 10:51:09 | INFO |        7.519 ¦      683           2              0.010 
2025-05-23 10:51:09 | INFO |        7.529 ¦      684           2              0.010 
2025-05-23 10:51:09 | INFO |        7.539 ¦      685           2              0.010 
2025-05-23 10:51:09 | INFO |        7.549 ¦      686           2              0.010 
2025-05-23 10:51:09 | INFO |        7.559 ¦      687           2              0.010 
2025-05-23 10:51:09 | INFO |        7.569 ¦      688           2              0.010 
2025-05-23 10:51:09 | INFO |        7.579 ¦      689           2              0.010 
2025-05-23 10:51:09 | INFO |        7.589 ¦      690           2              0.010 
2025-05-23 10:51:09 | INFO |        7.599 ¦      691           2              0.010 
2025-05-23 10:51:09 | INFO |        7.609 ¦      692           2              0.010 
2025-05-23 10:51:09 | INFO |        7.619 ¦      693           2              0.010 
2025-05-23 10:51:09 | INFO |        7.629 ¦      694           2              0.010 
2025-05-23 10:51:09 | INFO |        7.639 ¦      695           2              0.010 
2025-05-23 10:51:09 | INFO |        7.649 ¦      696           2              0.010 
2025-05-23 10:51:09 | INFO |        7.659 ¦      697           2              0.010 
2025-05-23 10:51:09 | INFO |        7.669 ¦      698           2              0.010 
2025-05-23 10:51:09 | INFO |        7.679 ¦      699           2              0.010 
2025-05-23 10:51:09 | INFO |        7.689 ¦      700           2              0.010 
2025-05-23 10:51:09 | INFO |        7.699 ¦      701           2              0.010 
2025-05-23 10:51:09 | INFO |        7.709 ¦      702           2              0.010 
2025-05-23 10:51:09 | INFO |        7.719 ¦      703           2              0.010 
2025-05-23 10:51:09 | INFO |        7.729 ¦      704           2              0.010 
2025-05-23 10:51:09 | INFO |        7.739 ¦      705           2              0.010 
2025-05-23 10:51:09 | INFO |        7.749 ¦      706           2              0.010 
2025-05-23 10:51:09 | INFO |        7.759 ¦      707           2              0.010 
2025-05-23 10:51:09 | INFO |        7.769 ¦      708           2              0.010 
2025-05-23 10:51:09 | INFO |        7.779 ¦      709           2              0.010 
2025-05-23 10:51:09 | INFO |        7.789 ¦      710           2              0.010 
2025-05-23 10:51:09 | INFO |        7.799 ¦      711           2              0.010 
2025-05-23 10:51:09 | INFO |        7.809 ¦      712           2              0.010 
2025-05-23 10:51:09 | INFO |        7.819 ¦      713           2              0.010 
2025-05-23 10:51:09 | INFO |        7.829 ¦      714           2              0.010 
2025-05-23 10:51:09 | INFO |        7.839 ¦      715           2              0.010 
2025-05-23 10:51:09 | INFO |        7.849 ¦      716           2              0.010 
2025-05-23 10:51:09 | INFO |        7.859 ¦      717           2              0.010 
2025-05-23 10:51:09 | INFO |        7.869 ¦      718           2              0.010 
2025-05-23 10:51:09 | INFO |        7.879 ¦      719           2              0.010 
2025-05-23 10:51:09 | INFO |        7.889 ¦      720           2              0.010 
2025-05-23 10:51:09 | INFO |        7.899 ¦      721           2              0.010 
2025-05-23 10:51:09 | INFO |        7.909 ¦      722           2              0.010 
2025-05-23 10:51:09 | INFO |        7.919 ¦      723           2              0.010 
2025-05-23 10:51:09 | INFO |        7.929 ¦      724           2              0.010 
2025-05-23 10:51:09 | INFO |        7.939 ¦      725           2              0.010 
2025-05-23 10:51:09 | INFO |        7.949 ¦      726           2              0.010 
2025-05-23 10:51:09 | INFO |        7.959 ¦      727           2              0.010 
2025-05-23 10:51:09 | INFO |        7.969 ¦      728           2              0.010 
2025-05-23 10:51:09 | INFO |        7.979 ¦      729           2              0.010 
2025-05-23 10:51:09 | INFO |        7.989 ¦      730           2              0.010 
2025-05-23 10:51:09 | INFO |        7.999 ¦      731           2              0.010 
2025-05-23 10:51:09 | INFO |        8.009 ¦      732           2              0.010 
2025-05-23 10:51:09 | INFO |        8.019 ¦      733           2              0.010 
2025-05-23 10:51:09 | INFO |        8.029 ¦      734           2              0.010 
2025-05-23 10:51:09 | INFO |        8.039 ¦      735           2              0.010 
2025-05-23 10:51:09 | INFO |        8.049 ¦      736           2              0.010 
2025-05-23 10:51:09 | INFO |        8.059 ¦      737           2              0.010 
2025-05-23 10:51:09 | INFO |        8.069 ¦      738           2              0.010 
2025-05-23 10:51:09 | INFO |        8.079 ¦      739           2              0.010 
2025-05-23 10:51:09 | INFO |        8.089 ¦      740           2              0.010 
2025-05-23 10:51:09 | INFO |        8.099 ¦      741           2              0.010 
2025-05-23 10:51:09 | INFO |        8.109 ¦      742           2              0.010 
2025-05-23 10:51:09 | INFO |        8.119 ¦      743           2              0.010 
2025-05-23 10:51:09 | INFO |        8.129 ¦      744           2              0.010 
2025-05-23 10:51:09 | INFO |        8.139 ¦      745           2              0.010 
2025-05-23 10:51:09 | INFO |        8.149 ¦      746           2              0.010 
2025-05-23 10:51:09 | INFO |        8.159 ¦      747           2              0.010 
2025-05-23 10:51:09 | INFO |        8.169 ¦      748           2              0.010 
2025-05-23 10:51:09 | INFO |        8.179 ¦      749           2              0.010 
2025-05-23 10:51:09 | INFO |        8.189 ¦      750           2              0.010 
2025-05-23 10:51:09 | INFO |        8.199 ¦      751           2              0.010 
2025-05-23 10:51:09 | INFO |        8.209 ¦      752           2              0.010 
2025-05-23 10:51:09 | INFO |        8.219 ¦      753           2              0.010 
2025-05-23 10:51:09 | INFO |        8.229 ¦      754           2              0.010 
2025-05-23 10:51:09 | INFO |        8.239 ¦      755           2              0.010 
2025-05-23 10:51:09 | INFO |        8.249 ¦      756           2              0.010 
2025-05-23 10:51:09 | INFO |        8.259 ¦      757           2              0.010 
2025-05-23 10:51:09 | INFO |        8.269 ¦      758           2              0.010 
2025-05-23 10:51:09 | INFO |        8.279 ¦      759           2              0.010 
2025-05-23 10:51:09 | INFO |        8.289 ¦      760           2              0.010 
2025-05-23 10:51:09 | INFO |        8.299 ¦      761           2              0.010 
2025-05-23 10:51:09 | INFO |        8.309 ¦      762           2              0.010 
2025-05-23 10:51:09 | INFO |        8.319 ¦      763           2              0.010 
2025-05-23 10:51:09 | INFO |        8.329 ¦      764           2              0.010 
2025-05-23 10:51:09 | INFO |        8.339 ¦      765           2              0.010 
2025-05-23 10:51:09 | INFO |        8.349 ¦      766           2              0.010 
2025-05-23 10:51:09 | INFO |        8.359 ¦      767           2              0.010 
2025-05-23 10:51:09 | INFO |        8.369 ¦      768           2              0.010 
2025-05-23 10:51:09 | INFO |        8.379 ¦      769           2              0.010 
2025-05-23 10:51:09 | INFO |        8.389 ¦      770           2              0.010 
2025-05-23 10:51:09 | INFO |        8.399 ¦      771           2              0.010 
2025-05-23 10:51:09 | INFO |        8.409 ¦      772           2              0.010 
2025-05-23 10:51:09 | INFO |        8.419 ¦      773           2              0.010 
2025-05-23 10:51:09 | INFO |        8.429 ¦      774           2              0.010 
2025-05-23 10:51:09 | INFO |        8.439 ¦      775           2              0.010 
2025-05-23 10:51:09 | INFO |        8.449 ¦      776           2              0.010 
2025-05-23 10:51:09 | INFO |        8.459 ¦      777           2              0.010 
2025-05-23 10:51:09 | INFO |        8.469 ¦      778           2              0.010 
2025-05-23 10:51:09 | INFO |        8.479 ¦      779           2              0.010 
2025-05-23 10:51:09 | INFO |        8.489 ¦      780           2              0.010 
2025-05-23 10:51:09 | INFO |        8.499 ¦      781           2              0.010 
2025-05-23 10:51:09 | INFO |        8.509 ¦      782           2              0.010 
2025-05-23 10:51:09 | INFO |        8.519 ¦      783           2              0.010 
2025-05-23 10:51:09 | INFO |        8.529 ¦      784           2              0.010 
2025-05-23 10:51:09 | INFO |        8.539 ¦      785           2              0.010 
2025-05-23 10:51:09 | INFO |        8.549 ¦      786           2              0.010 
2025-05-23 10:51:09 | INFO |        8.559 ¦      787           2              0.010 
2025-05-23 10:51:09 | INFO |        8.569 ¦      788           2              0.010 
2025-05-23 10:51:09 | INFO |        8.579 ¦      789           2              0.010 
2025-05-23 10:51:09 | INFO |        8.589 ¦      790           2              0.010 
2025-05-23 10:51:09 | INFO |        8.599 ¦      791           2              0.010 
2025-05-23 10:51:09 | INFO |        8.609 ¦      792           2              0.010 
2025-05-23 10:51:09 | INFO |        8.619 ¦      793           2              0.010 
2025-05-23 10:51:09 | INFO |        8.629 ¦      794           2              0.010 
2025-05-23 10:51:09 | INFO |        8.639 ¦      795           2              0.010 
2025-05-23 10:51:09 | INFO |        8.649 ¦      796           2              0.010 
2025-05-23 10:51:09 | INFO |        8.659 ¦      797           2              0.010 
2025-05-23 10:51:09 | INFO |        8.669 ¦      798           2              0.010 
2025-05-23 10:51:09 | INFO |        8.679 ¦      799           2              0.010 
2025-05-23 10:51:09 | INFO |        8.689 ¦      800           2              0.010 
2025-05-23 10:51:09 | INFO |        8.699 ¦      801           2              0.010 
2025-05-23 10:51:09 | INFO |        8.709 ¦      802           2              0.010 
2025-05-23 10:51:09 | INFO |        8.719 ¦      803           2              0.010 
2025-05-23 10:51:09 | INFO |        8.729 ¦      804           2              0.010 
2025-05-23 10:51:09 | INFO |        8.739 ¦      805           2              0.010 
2025-05-23 10:51:09 | INFO |        8.749 ¦      806           2              0.010 
2025-05-23 10:51:09 | INFO |        8.759 ¦      807           2              0.010 
2025-05-23 10:51:09 | INFO |        8.769 ¦      808           2              0.010 
2025-05-23 10:51:09 | INFO |        8.779 ¦      809           2              0.010 
2025-05-23 10:51:09 | INFO |        8.789 ¦      810           2              0.010 
2025-05-23 10:51:09 | INFO |        8.799 ¦      811           2              0.010 
2025-05-23 10:51:09 | INFO |        8.809 ¦      812           2              0.010 
2025-05-23 10:51:09 | INFO |        8.819 ¦      813           2              0.010 
2025-05-23 10:51:09 | INFO |        8.829 ¦      814           2              0.010 
2025-05-23 10:51:09 | INFO |        8.839 ¦      815           2              0.010 
2025-05-23 10:51:09 | INFO |        8.849 ¦      816           2              0.010 
2025-05-23 10:51:09 | INFO |        8.859 ¦      817           2              0.010 
2025-05-23 10:51:09 | INFO |        8.869 ¦      818           2              0.010 
2025-05-23 10:51:09 | INFO |        8.879 ¦      819           2              0.010 
2025-05-23 10:51:09 | INFO |        8.889 ¦      820           2              0.010 
2025-05-23 10:51:09 | INFO |        8.899 ¦      821           2              0.010 
2025-05-23 10:51:09 | INFO |        8.909 ¦      822           2              0.010 
2025-05-23 10:51:09 | INFO |        8.919 ¦      823           2              0.010 
2025-05-23 10:51:09 | INFO |        8.929 ¦      824           2              0.010 
2025-05-23 10:51:09 | INFO |        8.939 ¦      825           2              0.010 
2025-05-23 10:51:09 | INFO |        8.949 ¦      826           2              0.010 
2025-05-23 10:51:09 | INFO |        8.959 ¦      827           2              0.010 
2025-05-23 10:51:09 | INFO |        8.969 ¦      828           2              0.010 
2025-05-23 10:51:09 | INFO |        8.979 ¦      829           2              0.010 
2025-05-23 10:51:09 | INFO |        8.989 ¦      830           2              0.010 
2025-05-23 10:51:09 | INFO |        8.999 ¦      831           2              0.010 
2025-05-23 10:51:09 | INFO |        9.009 ¦      832           2              0.010 
2025-05-23 10:51:09 | INFO |        9.019 ¦      833           2              0.010 
2025-05-23 10:51:09 | INFO |        9.029 ¦      834           2              0.010 
2025-05-23 10:51:09 | INFO |        9.039 ¦      835           2              0.010 
2025-05-23 10:51:09 | INFO |        9.049 ¦      836           2              0.010 
2025-05-23 10:51:09 | INFO |        9.059 ¦      837           2              0.010 
2025-05-23 10:51:09 | INFO |        9.069 ¦      838           2              0.010 
2025-05-23 10:51:09 | INFO |        9.079 ¦      839           2              0.010 
2025-05-23 10:51:09 | INFO |        9.089 ¦      840           2              0.010 
2025-05-23 10:51:09 | INFO |        9.099 ¦      841           2              0.010 
2025-05-23 10:51:09 | INFO |        9.109 ¦      842           2              0.010 
2025-05-23 10:51:09 | INFO |        9.119 ¦      843           2              0.010 
2025-05-23 10:51:09 | INFO |        9.129 ¦      844           2              0.010 
2025-05-23 10:51:09 | INFO |        9.139 ¦      845           2              0.010 
2025-05-23 10:51:09 | INFO |        9.149 ¦      846           2              0.010 
2025-05-23 10:51:09 | INFO |        9.159 ¦      847           2              0.010 
2025-05-23 10:51:09 | INFO |        9.169 ¦      848           2              0.010 
2025-05-23 10:51:09 | INFO |        9.179 ¦      849           2              0.010 
2025-05-23 10:51:09 | INFO |        9.189 ¦      850           2              0.010 
2025-05-23 10:51:09 | INFO |        9.199 ¦      851           2              0.010 
2025-05-23 10:51:09 | INFO |        9.209 ¦      852           2              0.010 
2025-05-23 10:51:09 | INFO |        9.219 ¦      853           2              0.010 
2025-05-23 10:51:09 | INFO |        9.229 ¦      854           2              0.010 
2025-05-23 10:51:09 | INFO |        9.239 ¦      855           2              0.010 
2025-05-23 10:51:09 | INFO |        9.249 ¦      856           2              0.010 
2025-05-23 10:51:09 | INFO |        9.259 ¦      857           2              0.010 
2025-05-23 10:51:09 | INFO |        9.269 ¦      858           2              0.010 
2025-05-23 10:51:09 | INFO |        9.279 ¦      859           2              0.010 
2025-05-23 10:51:09 | INFO |        9.289 ¦      860           2              0.010 
2025-05-23 10:51:09 | INFO |        9.299 ¦      861           2              0.010 
2025-05-23 10:51:09 | INFO |        9.309 ¦      862           2              0.010 
2025-05-23 10:51:09 | INFO |        9.319 ¦      863           2              0.010 
2025-05-23 10:51:09 | INFO |        9.329 ¦      864           2              0.010 
2025-05-23 10:51:09 | INFO |        9.339 ¦      865           2              0.010 
2025-05-23 10:51:09 | INFO |        9.349 ¦      866           2              0.010 
2025-05-23 10:51:09 | INFO |        9.359 ¦      867           2              0.010 
2025-05-23 10:51:09 | INFO |        9.369 ¦      868           2              0.010 
2025-05-23 10:51:09 | INFO |        9.379 ¦      869           2              0.010 
2025-05-23 10:51:09 | INFO |        9.389 ¦      870           2              0.010 
2025-05-23 10:51:09 | INFO |        9.399 ¦      871           2              0.010 
2025-05-23 10:51:09 | INFO |        9.409 ¦      872           2              0.010 
2025-05-23 10:51:09 | INFO |        9.419 ¦      873           2              0.010 
2025-05-23 10:51:09 | INFO |        9.429 ¦      874           2              0.010 
2025-05-23 10:51:09 | INFO |        9.439 ¦      875           2              0.010 
2025-05-23 10:51:09 | INFO |        9.449 ¦      876           2              0.010 
2025-05-23 10:51:09 | INFO |        9.459 ¦      877           2              0.010 
2025-05-23 10:51:09 | INFO |        9.469 ¦      878           2              0.010 
2025-05-23 10:51:09 | INFO |        9.479 ¦      879           2              0.010 
2025-05-23 10:51:09 | INFO |        9.489 ¦      880           2              0.010 
2025-05-23 10:51:09 | INFO |        9.499 ¦      881           2              0.010 
2025-05-23 10:51:09 | INFO |        9.509 ¦      882           2              0.010 
2025-05-23 10:51:09 | INFO |        9.519 ¦      883           2              0.010 
2025-05-23 10:51:09 | INFO |        9.529 ¦      884           2              0.010 
2025-05-23 10:51:09 | INFO |        9.539 ¦      885           2              0.010 
2025-05-23 10:51:09 | INFO |        9.549 ¦      886           2              0.010 
2025-05-23 10:51:09 | INFO |        9.559 ¦      887           2              0.010 
2025-05-23 10:51:09 | INFO |        9.569 ¦      888           2              0.010 
2025-05-23 10:51:09 | INFO |        9.579 ¦      889           2              0.010 
2025-05-23 10:51:09 | INFO |        9.589 ¦      890           2              0.010 
2025-05-23 10:51:09 | INFO |        9.599 ¦      891           2              0.010 
2025-05-23 10:51:09 | INFO |        9.609 ¦      892           2              0.010 
2025-05-23 10:51:09 | INFO |        9.619 ¦      893           2              0.010 
2025-05-23 10:51:09 | INFO |        9.629 ¦      894           2              0.010 
2025-05-23 10:51:09 | INFO |        9.639 ¦      895           2              0.010 
2025-05-23 10:51:09 | INFO |        9.649 ¦      896           2              0.010 
2025-05-23 10:51:09 | INFO |        9.659 ¦      897           2              0.010 
2025-05-23 10:51:09 | INFO |        9.669 ¦      898           2              0.010 
2025-05-23 10:51:09 | INFO |        9.679 ¦      899           2              0.010 
2025-05-23 10:51:09 | INFO |        9.689 ¦      900           2              0.010 
2025-05-23 10:51:09 | INFO |        9.699 ¦      901           2              0.010 
2025-05-23 10:51:09 | INFO |        9.709 ¦      902           2              0.010 
2025-05-23 10:51:09 | INFO |        9.719 ¦      903           2              0.010 
2025-05-23 10:51:09 | INFO |        9.729 ¦      904           2              0.010 
2025-05-23 10:51:09 | INFO |        9.739 ¦      905           2              0.010 
2025-05-23 10:51:09 | INFO |        9.749 ¦      906           2              0.010 
2025-05-23 10:51:09 | INFO |        9.759 ¦      907           2              0.010 
2025-05-23 10:51:09 | INFO |        9.769 ¦      908           2              0.010 
2025-05-23 10:51:09 | INFO |        9.779 ¦      909           2              0.010 
2025-05-23 10:51:09 | INFO |        9.789 ¦      910           2              0.010 
2025-05-23 10:51:09 | INFO |        9.799 ¦      911           2              0.010 
2025-05-23 10:51:09 | INFO |        9.809 ¦      912           2              0.010 
2025-05-23 10:51:09 | INFO |        9.819 ¦      913           2              0.010 
2025-05-23 10:51:09 | INFO |        9.829 ¦      914           2              0.010 
2025-05-23 10:51:09 | INFO |        9.839 ¦      915           2              0.010 
2025-05-23 10:51:09 | INFO |        9.849 ¦      916           2              0.010 
2025-05-23 10:51:09 | INFO |        9.859 ¦      917           2              0.010 
2025-05-23 10:51:09 | INFO |        9.869 ¦      918           2              0.010 
2025-05-23 10:51:09 | INFO |        9.879 ¦      919           2              0.010 
2025-05-23 10:51:09 | INFO |        9.889 ¦      920           2              0.010 
2025-05-23 10:51:09 | INFO |        9.899 ¦      921           2              0.010 
2025-05-23 10:51:09 | INFO |        9.909 ¦      922           2              0.010 
2025-05-23 10:51:09 | INFO |        9.919 ¦      923           2              0.010 
2025-05-23 10:51:09 | INFO |        9.929 ¦      924           2              0.010 
2025-05-23 10:51:09 | INFO |        9.939 ¦      925           2              0.010 
2025-05-23 10:51:09 | INFO |        9.949 ¦      926           2              0.010 
2025-05-23 10:51:09 | INFO |        9.959 ¦      927           2              0.010 
2025-05-23 10:51:09 | INFO |        9.969 ¦      928           2              0.010 
2025-05-23 10:51:09 | INFO |        9.979 ¦      929           2              0.010 
2025-05-23 10:51:09 | INFO |        9.989 ¦      930           2              0.010 
2025-05-23 10:51:09 | INFO |        9.999 ¦      931           2              0.010 
2025-05-23 10:51:09 | INFO |       10.009 ¦      932           2              0.010 
2025-05-23 10:51:09 | INFO |       10.019 ¦      933           2              0.010 
2025-05-23 10:51:09 | INFO |       10.029 ¦      934           2              0.010 
2025-05-23 10:51:09 | INFO |       10.039 ¦      935           2              0.010 
2025-05-23 10:51:09 | INFO |       10.049 ¦      936           2              0.010 
2025-05-23 10:51:09 | INFO |       10.059 ¦      937           2              0.010 
2025-05-23 10:51:09 | INFO |       10.069 ¦      938           2              0.010 
2025-05-23 10:51:09 | INFO |       10.079 ¦      939           2              0.010 
2025-05-23 10:51:09 | INFO |       10.089 ¦      940           2              0.010 
2025-05-23 10:51:09 | INFO |       10.099 ¦      941           2              0.010 
2025-05-23 10:51:09 | INFO |       10.109 ¦      942           2              0.010 
2025-05-23 10:51:09 | INFO |       10.119 ¦      943           2              0.010 
2025-05-23 10:51:09 | INFO |       10.129 ¦      944           2              0.010 
2025-05-23 10:51:09 | INFO |       10.139 ¦      945           2              0.010 
2025-05-23 10:51:09 | INFO |       10.149 ¦      946           2              0.010 
2025-05-23 10:51:09 | INFO |       10.159 ¦      947           2              0.010 
2025-05-23 10:51:09 | INFO |       10.169 ¦      948           2              0.010 
2025-05-23 10:51:09 | INFO |       10.179 ¦      949           2              0.010 
2025-05-23 10:51:09 | INFO |       10.189 ¦      950           2              0.010 
2025-05-23 10:51:09 | INFO |       10.199 ¦      951           2              0.010 
2025-05-23 10:51:09 | INFO |       10.209 ¦      952           2              0.010 
2025-05-23 10:51:09 | INFO |       10.219 ¦      953           2              0.010 
2025-05-23 10:51:09 | INFO |       10.229 ¦      954           2              0.010 
2025-05-23 10:51:09 | INFO |       10.239 ¦      955           2              0.010 
2025-05-23 10:51:09 | INFO |       10.249 ¦      956           2              0.010 
2025-05-23 10:51:09 | INFO |       10.259 ¦      957           2              0.010 
2025-05-23 10:51:09 | INFO |       10.269 ¦      958           2              0.010 
2025-05-23 10:51:09 | INFO |       10.279 ¦      959           2              0.010 
2025-05-23 10:51:09 | INFO |       10.289 ¦      960           2              0.010 
2025-05-23 10:51:09 | INFO |       10.299 ¦      961           2              0.010 
2025-05-23 10:51:09 | INFO |       10.309 ¦      962           2              0.010 
2025-05-23 10:51:09 | INFO |       10.319 ¦      963           2              0.010 
2025-05-23 10:51:09 | INFO |       10.329 ¦      964           2              0.010 
2025-05-23 10:51:09 | INFO |       10.339 ¦      965           2              0.010 
2025-05-23 10:51:09 | INFO |       10.349 ¦      966           2              0.010 
2025-05-23 10:51:09 | INFO |       10.359 ¦      967           2              0.010 
2025-05-23 10:51:09 | INFO |       10.369 ¦      968           2              0.010 
2025-05-23 10:51:09 | INFO |       10.379 ¦      969           2              0.010 
2025-05-23 10:51:09 | INFO |       10.389 ¦      970           2              0.010 
2025-05-23 10:51:09 | INFO |       10.399 ¦      971           2              0.010 
2025-05-23 10:51:09 | INFO |       10.409 ¦      972           2              0.010 
2025-05-23 10:51:09 | INFO |       10.419 ¦      973           2              0.010 
2025-05-23 10:51:09 | INFO |       10.429 ¦      974           2              0.010 
2025-05-23 10:51:09 | INFO |       10.439 ¦      975           2              0.010 
2025-05-23 10:51:09 | INFO |       10.449 ¦      976           2              0.010 
2025-05-23 10:51:09 | INFO |       10.459 ¦      977           2              0.010 
2025-05-23 10:51:09 | INFO |       10.469 ¦      978           2              0.010 
2025-05-23 10:51:09 | INFO |       10.479 ¦      979           2              0.010 
2025-05-23 10:51:09 | INFO |       10.489 ¦      980           2              0.010 
2025-05-23 10:51:09 | INFO |       10.499 ¦      981           2              0.010 
2025-05-23 10:51:09 | INFO |       10.509 ¦      982           2              0.010 
2025-05-23 10:51:09 | INFO |       10.519 ¦      983           2              0.010 
2025-05-23 10:51:09 | INFO |       10.529 ¦      984           2              0.010 
2025-05-23 10:51:09 | INFO |       10.539 ¦      985           2              0.010 
2025-05-23 10:51:09 | INFO |       10.549 ¦      986           2              0.010 
2025-05-23 10:51:09 | INFO |       10.559 ¦      987           2              0.010 
2025-05-23 10:51:09 | INFO |       10.569 ¦      988           2              0.010 
2025-05-23 10:51:09 | INFO |       10.579 ¦      989           2              0.010 
2025-05-23 10:51:09 | INFO |       10.589 ¦      990           2              0.010 
2025-05-23 10:51:09 | INFO |       10.599 ¦      991           2              0.010 
2025-05-23 10:51:09 | INFO |       10.609 ¦      992           2              0.010 
2025-05-23 10:51:09 | INFO |       10.619 ¦      993           2              0.010 
2025-05-23 10:51:09 | INFO |       10.629 ¦      994           2              0.010 
2025-05-23 10:51:09 | INFO |       10.639 ¦      995           2              0.010 
2025-05-23 10:51:09 | INFO |       10.649 ¦      996           2              0.010 
2025-05-23 10:51:09 | INFO |       10.659 ¦      997           2              0.010 
2025-05-23 10:51:09 | INFO |       10.669 ¦      998           2              0.010 
2025-05-23 10:51:09 | INFO |       10.679 ¦      999           2              0.010 
2025-05-23 10:51:09 | INFO |       10.689 ¦     1000           2              0.010 
2025-05-23 10:51:09 | INFO |       10.699 ¦     1001           2              0.010 
2025-05-23 10:51:09 | INFO |       10.709 ¦     1002           2              0.010 
2025-05-23 10:51:09 | INFO |       10.719 ¦     1003           2              0.010 
2025-05-23 10:51:09 | INFO |       10.729 ¦     1004           2              0.010 
2025-05-23 10:51:09 | INFO |       10.739 ¦     1005           2              0.010 
2025-05-23 10:51:09 | INFO |       10.749 ¦     1006           2              0.010 
2025-05-23 10:51:09 | INFO |       10.759 ¦     1007           2              0.010 
2025-05-23 10:51:09 | INFO |       10.769 ¦     1008           2              0.010 
2025-05-23 10:51:09 | INFO |       10.779 ¦     1009           2              0.010 
2025-05-23 10:51:09 | INFO |       10.789 ¦     1010           2              0.010 
2025-05-23 10:51:09 | INFO |       10.799 ¦     1011           2              0.010 
2025-05-23 10:51:09 | INFO |       10.809 ¦     1012           2              0.010 
2025-05-23 10:51:09 | INFO |       10.819 ¦     1013           2              0.010 
2025-05-23 10:51:09 | INFO |       10.829 ¦     1014           2              0.010 
2025-05-23 10:51:09 | INFO |       10.839 ¦     1015           2              0.010 
2025-05-23 10:51:09 | INFO |       10.849 ¦     1016           2              0.010 
2025-05-23 10:51:09 | INFO |       10.859 ¦     1017           2              0.010 
2025-05-23 10:51:09 | INFO |       10.869 ¦     1018           2              0.010 
2025-05-23 10:51:09 | INFO |       10.879 ¦     1019           2              0.010 
2025-05-23 10:51:09 | INFO |       10.889 ¦     1020           2              0.010 
2025-05-23 10:51:09 | INFO |       10.899 ¦     1021           2              0.010 
2025-05-23 10:51:09 | INFO |       10.909 ¦     1022           2              0.010 
2025-05-23 10:51:09 | INFO |       10.919 ¦     1023           2              0.010 
2025-05-23 10:51:09 | INFO |       10.929 ¦     1024           2              0.010 
2025-05-23 10:51:09 | INFO |       10.939 ¦     1025           2              0.010 
2025-05-23 10:51:09 | INFO |       10.949 ¦     1026           2              0.010 
2025-05-23 10:51:09 | INFO |       10.959 ¦     1027           2              0.010 
2025-05-23 10:51:09 | INFO |       10.969 ¦     1028           2              0.010 
2025-05-23 10:51:09 | INFO |       10.979 ¦     1029           2              0.010 
2025-05-23 10:51:09 | INFO |       10.989 ¦     1030           2              0.010 
2025-05-23 10:51:09 | INFO |       10.999 ¦     1031           2              0.010 
2025-05-23 10:51:09 | INFO |       11.009 ¦     1032           2              0.010 
2025-05-23 10:51:09 | INFO |       11.019 ¦     1033           2              0.010 
2025-05-23 10:51:09 | INFO |       11.029 ¦     1034           2              0.010 
2025-05-23 10:51:09 | INFO |       11.039 ¦     1035           2              0.010 
2025-05-23 10:51:09 | INFO |       11.049 ¦     1036           2              0.010 
2025-05-23 10:51:09 | INFO |       11.059 ¦     1037           2              0.010 
2025-05-23 10:51:09 | INFO |       11.069 ¦     1038           2              0.010 
2025-05-23 10:51:09 | INFO |       11.079 ¦     1039           2              0.010 
2025-05-23 10:51:09 | INFO |       11.089 ¦     1040           2              0.010 
2025-05-23 10:51:09 | INFO |       11.099 ¦     1041           2              0.010 
2025-05-23 10:51:09 | INFO |       11.109 ¦     1042           2              0.010 
2025-05-23 10:51:09 | INFO |       11.119 ¦     1043           2              0.010 
2025-05-23 10:51:09 | INFO |       11.129 ¦     1044           2              0.010 
2025-05-23 10:51:09 | INFO |       11.139 ¦     1045           2              0.010 
2025-05-23 10:51:09 | INFO |       11.149 ¦     1046           2              0.010 
2025-05-23 10:51:09 | INFO |       11.159 ¦     1047           2              0.010 
2025-05-23 10:51:09 | INFO |       11.169 ¦     1048           2              0.010 
2025-05-23 10:51:09 | INFO |       11.179 ¦     1049           2              0.010 
2025-05-23 10:51:09 | INFO |       11.189 ¦     1050           2              0.010 
2025-05-23 10:51:09 | INFO |       11.199 ¦     1051           2              0.010 
2025-05-23 10:51:09 | INFO |       11.209 ¦     1052           2              0.010 
2025-05-23 10:51:09 | INFO |       11.219 ¦     1053           2              0.010 
2025-05-23 10:51:09 | INFO |       11.229 ¦     1054           2              0.010 
2025-05-23 10:51:09 | INFO |       11.239 ¦     1055           2              0.010 
2025-05-23 10:51:09 | INFO |       11.249 ¦     1056           2              0.010 
2025-05-23 10:51:09 | INFO |       11.259 ¦     1057           2              0.010 
2025-05-23 10:51:09 | INFO |       11.269 ¦     1058           2              0.010 
2025-05-23 10:51:09 | INFO |       11.279 ¦     1059           2              0.010 
2025-05-23 10:51:09 | INFO |       11.289 ¦     1060           2              0.010 
2025-05-23 10:51:09 | INFO |       11.299 ¦     1061           2              0.010 
2025-05-23 10:51:09 | INFO |       11.309 ¦     1062           2              0.010 
2025-05-23 10:51:09 | INFO |       11.319 ¦     1063           2              0.010 
2025-05-23 10:51:09 | INFO |       11.329 ¦     1064           2              0.010 
2025-05-23 10:51:09 | INFO |       11.339 ¦     1065           2              0.010 
2025-05-23 10:51:09 | INFO |       11.349 ¦     1066           2              0.010 
2025-05-23 10:51:09 | INFO |       11.359 ¦     1067           2              0.010 
2025-05-23 10:51:09 | INFO |       11.369 ¦     1068           2              0.010 
2025-05-23 10:51:09 | INFO |       11.379 ¦     1069           2              0.010 
2025-05-23 10:51:09 | INFO |       11.389 ¦     1070           2              0.010 
2025-05-23 10:51:09 | INFO |       11.399 ¦     1071           2              0.010 
2025-05-23 10:51:09 | INFO |       11.409 ¦     1072           2              0.010 
2025-05-23 10:51:09 | INFO |       11.419 ¦     1073           2              0.010 
2025-05-23 10:51:09 | INFO |       11.429 ¦     1074           2              0.010 
2025-05-23 10:51:09 | INFO |       11.439 ¦     1075           2              0.010 
2025-05-23 10:51:09 | INFO |       11.449 ¦     1076           2              0.010 
2025-05-23 10:51:09 | INFO |       11.459 ¦     1077           2              0.010 
2025-05-23 10:51:09 | INFO |       11.469 ¦     1078           2              0.010 
2025-05-23 10:51:09 | INFO |       11.479 ¦     1079           2              0.010 
2025-05-23 10:51:09 | INFO |       11.489 ¦     1080           2              0.010 
2025-05-23 10:51:09 | INFO |       11.499 ¦     1081           2              0.010 
2025-05-23 10:51:09 | INFO |       11.509 ¦     1082           2              0.010 
2025-05-23 10:51:09 | INFO |       11.519 ¦     1083           2              0.010 
2025-05-23 10:51:09 | INFO |       11.529 ¦     1084           2              0.010 
2025-05-23 10:51:09 | INFO |       11.539 ¦     1085           2              0.010 
2025-05-23 10:51:09 | INFO |       11.549 ¦     1086           2              0.010 
2025-05-23 10:51:09 | INFO |       11.559 ¦     1087           2              0.010 
2025-05-23 10:51:09 | INFO |       11.569 ¦     1088           2              0.010 
2025-05-23 10:51:09 | INFO |       11.579 ¦     1089           2              0.010 
2025-05-23 10:51:09 | INFO |       11.589 ¦     1090           2              0.010 
2025-05-23 10:51:09 | INFO |       11.599 ¦     1091           2              0.010 
2025-05-23 10:51:09 | INFO |       11.609 ¦     1092           2              0.010 
2025-05-23 10:51:09 | INFO |       11.619 ¦     1093           2              0.010 
2025-05-23 10:51:09 | INFO |       11.629 ¦     1094           2              0.010 
2025-05-23 10:51:09 | INFO |       11.639 ¦     1095           2              0.010 
2025-05-23 10:51:09 | INFO |       11.649 ¦     1096           2              0.010 
2025-05-23 10:51:09 | INFO |       11.659 ¦     1097           2              0.010 
2025-05-23 10:51:09 | INFO |       11.669 ¦     1098           2              0.010 
2025-05-23 10:51:09 | INFO |       11.679 ¦     1099           2              0.010 
2025-05-23 10:51:09 | INFO |       11.689 ¦     1100           2              0.010 
2025-05-23 10:51:09 | INFO |       11.699 ¦     1101           2              0.010 
2025-05-23 10:51:09 | INFO |       11.709 ¦     1102           2              0.010 
2025-05-23 10:51:09 | INFO |       11.719 ¦     1103           2              0.010 
2025-05-23 10:51:09 | INFO |       11.729 ¦     1104           2              0.010 
2025-05-23 10:51:09 | INFO |       11.739 ¦     1105           2              0.010 
2025-05-23 10:51:09 | INFO |       11.749 ¦     1106           2              0.010 
2025-05-23 10:51:09 | INFO |       11.759 ¦     1107           2              0.010 
2025-05-23 10:51:09 | INFO |       11.769 ¦     1108           2              0.010 
2025-05-23 10:51:09 | INFO |       11.779 ¦     1109           2              0.010 
2025-05-23 10:51:09 | INFO |       11.789 ¦     1110           2              0.010 
2025-05-23 10:51:09 | INFO |       11.799 ¦     1111           2              0.010 
2025-05-23 10:51:09 | INFO |       11.809 ¦     1112           2              0.010 
2025-05-23 10:51:09 | INFO |       11.819 ¦     1113           2              0.010 
2025-05-23 10:51:09 | INFO |       11.829 ¦     1114           2              0.010 
2025-05-23 10:51:09 | INFO |       11.839 ¦     1115           2              0.010 
2025-05-23 10:51:09 | INFO |       11.849 ¦     1116           2              0.010 
2025-05-23 10:51:09 | INFO |       11.859 ¦     1117           2              0.010 
2025-05-23 10:51:09 | INFO |       11.869 ¦     1118           2              0.010 
2025-05-23 10:51:09 | INFO |       11.879 ¦     1119           2              0.010 
2025-05-23 10:51:09 | INFO |       11.889 ¦     1120           2              0.010 
2025-05-23 10:51:09 | INFO |       11.899 ¦     1121           2              0.010 
2025-05-23 10:51:09 | INFO |       11.909 ¦     1122           2              0.010 
2025-05-23 10:51:09 | INFO |       11.919 ¦     1123           2              0.010 
2025-05-23 10:51:09 | INFO |       11.929 ¦     1124           2              0.010 
2025-05-23 10:51:09 | INFO |       11.939 ¦     1125           2              0.010 
2025-05-23 10:51:09 | INFO |       11.949 ¦     1126           2              0.010 
2025-05-23 10:51:09 | INFO |       11.959 ¦     1127           2              0.010 
2025-05-23 10:51:09 | INFO |       11.969 ¦     1128           2              0.010 
2025-05-23 10:51:09 | INFO |       11.979 ¦     1129           2              0.010 
2025-05-23 10:51:09 | INFO |       11.989 ¦     1130           2              0.010 
2025-05-23 10:51:09 | INFO |       11.999 ¦     1131           2              0.010 
2025-05-23 10:51:09 | INFO |       12.009 ¦     1132           2              0.010 
2025-05-23 10:51:09 | INFO |       12.019 ¦     1133           2              0.010 
2025-05-23 10:51:09 | INFO |       12.029 ¦     1134           2              0.010 
2025-05-23 10:51:09 | INFO |       12.039 ¦     1135           2              0.010 
2025-05-23 10:51:09 | INFO |       12.049 ¦     1136           2              0.010 
2025-05-23 10:51:09 | INFO |       12.059 ¦     1137           2              0.010 
2025-05-23 10:51:09 | INFO |       12.069 ¦     1138           2              0.010 
2025-05-23 10:51:09 | INFO |       12.079 ¦     1139           2              0.010 
2025-05-23 10:51:09 | INFO |       12.089 ¦     1140           2              0.010 
2025-05-23 10:51:09 | INFO |       12.099 ¦     1141           2              0.010 
2025-05-23 10:51:09 | INFO |       12.109 ¦     1142           2              0.010 
2025-05-23 10:51:09 | INFO |       12.119 ¦     1143           2              0.010 
2025-05-23 10:51:09 | INFO |       12.129 ¦     1144           2              0.010 
2025-05-23 10:51:09 | INFO |       12.139 ¦     1145           2              0.010 
2025-05-23 10:51:09 | INFO |       12.149 ¦     1146           2              0.010 
2025-05-23 10:51:09 | INFO |       12.159 ¦     1147           2              0.010 
2025-05-23 10:51:09 | INFO |       12.169 ¦     1148           2              0.010 
2025-05-23 10:51:09 | INFO |       12.179 ¦     1149           2              0.010 
2025-05-23 10:51:09 | INFO |       12.189 ¦     1150           2              0.010 
2025-05-23 10:51:09 | INFO |       12.199 ¦     1151           2              0.010 
2025-05-23 10:51:09 | INFO |       12.209 ¦     1152           2              0.010 
2025-05-23 10:51:09 | INFO |       12.219 ¦     1153           2              0.010 
2025-05-23 10:51:09 | INFO |       12.229 ¦     1154           2              0.010 
2025-05-23 10:51:09 | INFO |       12.239 ¦     1155           2              0.010 
2025-05-23 10:51:09 | INFO |       12.249 ¦     1156           2              0.010 
2025-05-23 10:51:09 | INFO |       12.259 ¦     1157           2              0.010 
2025-05-23 10:51:09 | INFO |       12.269 ¦     1158           2              0.010 
2025-05-23 10:51:09 | INFO |       12.279 ¦     1159           2              0.010 
2025-05-23 10:51:09 | INFO |       12.289 ¦     1160           2              0.010 
2025-05-23 10:51:09 | INFO |       12.299 ¦     1161           2              0.010 
2025-05-23 10:51:09 | INFO |       12.309 ¦     1162           2              0.010 
2025-05-23 10:51:09 | INFO |       12.319 ¦     1163           2              0.010 
2025-05-23 10:51:09 | INFO |       12.329 ¦     1164           2              0.010 
2025-05-23 10:51:09 | INFO |       12.339 ¦     1165           2              0.010 
2025-05-23 10:51:09 | INFO |       12.349 ¦     1166           2              0.010 
2025-05-23 10:51:09 | INFO |       12.359 ¦     1167           2              0.010 
2025-05-23 10:51:09 | INFO |       12.369 ¦     1168           2              0.010 
2025-05-23 10:51:09 | INFO |       12.379 ¦     1169           2              0.010 
2025-05-23 10:51:09 | INFO |       12.389 ¦     1170           2              0.010 
2025-05-23 10:51:09 | INFO |       12.399 ¦     1171           2              0.010 
2025-05-23 10:51:09 | INFO |       12.409 ¦     1172           2              0.010 
2025-05-23 10:51:09 | INFO |       12.419 ¦     1173           2              0.010 
2025-05-23 10:51:09 | INFO |       12.429 ¦     1174           2              0.010 
2025-05-23 10:51:09 | INFO |       12.439 ¦     1175           2              0.010 
2025-05-23 10:51:09 | INFO |       12.449 ¦     1176           2              0.010 
2025-05-23 10:51:09 | INFO |       12.459 ¦     1177           2              0.010 
2025-05-23 10:51:09 | INFO |       12.469 ¦     1178           2              0.010 
2025-05-23 10:51:09 | INFO |       12.479 ¦     1179           2              0.010 
2025-05-23 10:51:09 | INFO |       12.489 ¦     1180           2              0.010 
2025-05-23 10:51:09 | INFO |       12.499 ¦     1181           2              0.010 
2025-05-23 10:51:09 | INFO |       12.509 ¦     1182           2              0.010 
2025-05-23 10:51:09 | INFO |       12.519 ¦     1183           2              0.010 
2025-05-23 10:51:09 | INFO |       12.529 ¦     1184           2              0.010 
2025-05-23 10:51:09 | INFO |       12.539 ¦     1185           2              0.010 
2025-05-23 10:51:09 | INFO |       12.549 ¦     1186           2              0.010 
2025-05-23 10:51:09 | INFO |       12.559 ¦     1187           2              0.010 
2025-05-23 10:51:09 | INFO |       12.569 ¦     1188           2              0.010 
2025-05-23 10:51:09 | INFO |       12.579 ¦     1189           2              0.010 
2025-05-23 10:51:09 | INFO |       12.589 ¦     1190           2              0.010 
2025-05-23 10:51:09 | INFO |       12.599 ¦     1191           2              0.010 
2025-05-23 10:51:09 | INFO |       12.609 ¦     1192           2              0.010 
2025-05-23 10:51:09 | INFO |       12.619 ¦     1193           2              0.010 
2025-05-23 10:51:09 | INFO |       12.629 ¦     1194           2              0.010 
2025-05-23 10:51:09 | INFO |       12.639 ¦     1195           2              0.010 
2025-05-23 10:51:09 | INFO |       12.649 ¦     1196           2              0.010 
2025-05-23 10:51:09 | INFO |       12.659 ¦     1197           2              0.010 
2025-05-23 10:51:09 | INFO |       12.669 ¦     1198           2              0.010 
2025-05-23 10:51:09 | INFO |       12.679 ¦     1199           2              0.010 
2025-05-23 10:51:09 | INFO |       12.689 ¦     1200           2              0.010 
2025-05-23 10:51:09 | INFO |       12.699 ¦     1201           2              0.010 
2025-05-23 10:51:09 | INFO |       12.709 ¦     1202           2              0.010 
2025-05-23 10:51:09 | INFO |       12.719 ¦     1203           2              0.010 
2025-05-23 10:51:09 | INFO |       12.729 ¦     1204           2              0.010 
2025-05-23 10:51:09 | INFO |       12.739 ¦     1205           2              0.010 
2025-05-23 10:51:09 | INFO |       12.749 ¦     1206           2              0.010 
2025-05-23 10:51:09 | INFO |       12.759 ¦     1207           2              0.010 
2025-05-23 10:51:09 | INFO |       12.769 ¦     1208           2              0.010 
2025-05-23 10:51:09 | INFO |       12.779 ¦     1209           2              0.010 
2025-05-23 10:51:09 | INFO |       12.789 ¦     1210           2              0.010 
2025-05-23 10:51:09 | INFO |       12.799 ¦     1211           2              0.010 
2025-05-23 10:51:09 | INFO |       12.809 ¦     1212           2              0.010 
2025-05-23 10:51:09 | INFO |       12.819 ¦     1213           2              0.010 
2025-05-23 10:51:09 | INFO |       12.829 ¦     1214           2              0.010 
2025-05-23 10:51:09 | INFO |       12.839 ¦     1215           2              0.010 
2025-05-23 10:51:09 | INFO |       12.849 ¦     1216           2              0.010 
2025-05-23 10:51:09 | INFO |       12.859 ¦     1217           2              0.010 
2025-05-23 10:51:09 | INFO |       12.869 ¦     1218           2              0.010 
2025-05-23 10:51:09 | INFO |       12.879 ¦     1219           2              0.010 
2025-05-23 10:51:09 | INFO |       12.889 ¦     1220           2              0.010 
2025-05-23 10:51:09 | INFO |       12.899 ¦     1221           2              0.010 
2025-05-23 10:51:09 | INFO |       12.909 ¦     1222           2              0.010 
2025-05-23 10:51:09 | INFO |       12.919 ¦     1223           2              0.010 
2025-05-23 10:51:09 | INFO |       12.929 ¦     1224           2              0.010 
2025-05-23 10:51:09 | INFO |       12.939 ¦     1225           2              0.010 
2025-05-23 10:51:09 | INFO |       12.949 ¦     1226           2              0.010 
2025-05-23 10:51:09 | INFO |       12.959 ¦     1227           2              0.010 
2025-05-23 10:51:09 | INFO |       12.969 ¦     1228           2              0.010 
2025-05-23 10:51:09 | INFO |       12.979 ¦     1229           2              0.010 
2025-05-23 10:51:09 | INFO |       12.989 ¦     1230           2              0.010 
2025-05-23 10:51:09 | INFO |       12.999 ¦     1231           2              0.010 
2025-05-23 10:51:09 | INFO |       13.009 ¦     1232           2              0.010 
2025-05-23 10:51:09 | INFO |       13.019 ¦     1233           2              0.010 
2025-05-23 10:51:09 | INFO |       13.029 ¦     1234           2              0.010 
2025-05-23 10:51:09 | INFO |       13.039 ¦     1235           2              0.010 
2025-05-23 10:51:09 | INFO |       13.049 ¦     1236           2              0.010 
2025-05-23 10:51:09 | INFO |       13.059 ¦     1237           2              0.010 
2025-05-23 10:51:09 | INFO |       13.069 ¦     1238           2              0.010 
2025-05-23 10:51:09 | INFO |       13.079 ¦     1239           2              0.010 
2025-05-23 10:51:09 | INFO |       13.089 ¦     1240           2              0.010 
2025-05-23 10:51:09 | INFO |       13.099 ¦     1241           2              0.010 
2025-05-23 10:51:09 | INFO |       13.109 ¦     1242           2              0.010 
2025-05-23 10:51:09 | INFO |       13.119 ¦     1243           2              0.010 
2025-05-23 10:51:09 | INFO |       13.129 ¦     1244           2              0.010 
2025-05-23 10:51:09 | INFO |       13.139 ¦     1245           2              0.010 
2025-05-23 10:51:09 | INFO |       13.149 ¦     1246           2              0.010 
2025-05-23 10:51:09 | INFO |       13.159 ¦     1247           2              0.010 
2025-05-23 10:51:09 | INFO |       13.169 ¦     1248           2              0.010 
2025-05-23 10:51:09 | INFO |       13.179 ¦     1249           2              0.010 
2025-05-23 10:51:09 | INFO |       13.189 ¦     1250           2              0.010 
2025-05-23 10:51:09 | INFO |       13.199 ¦     1251           2              0.010 
2025-05-23 10:51:09 | INFO |       13.209 ¦     1252           2              0.010 
2025-05-23 10:51:09 | INFO |       13.219 ¦     1253           2              0.010 
2025-05-23 10:51:09 | INFO |       13.229 ¦     1254           2              0.010 
2025-05-23 10:51:09 | INFO |       13.239 ¦     1255           2              0.010 
2025-05-23 10:51:09 | INFO |       13.249 ¦     1256           2              0.010 
2025-05-23 10:51:09 | INFO |       13.259 ¦     1257           2              0.010 
2025-05-23 10:51:09 | INFO |       13.269 ¦     1258           2              0.010 
2025-05-23 10:51:09 | INFO |       13.279 ¦     1259           2              0.010 
2025-05-23 10:51:09 | INFO |       13.289 ¦     1260           2              0.010 
2025-05-23 10:51:09 | INFO |       13.299 ¦     1261           2              0.010 
2025-05-23 10:51:09 | INFO |       13.309 ¦     1262           2              0.010 
2025-05-23 10:51:09 | INFO |       13.319 ¦     1263           2              0.010 
2025-05-23 10:51:09 | INFO |       13.329 ¦     1264           2              0.010 
2025-05-23 10:51:09 | INFO |       13.339 ¦     1265           2              0.010 
2025-05-23 10:51:09 | INFO |       13.349 ¦     1266           2              0.010 
2025-05-23 10:51:09 | INFO |       13.359 ¦     1267           2              0.010 
2025-05-23 10:51:09 | INFO |       13.369 ¦     1268           2              0.010 
2025-05-23 10:51:09 | INFO |       13.379 ¦     1269           2              0.010 
2025-05-23 10:51:09 | INFO |       13.389 ¦     1270           2              0.010 
2025-05-23 10:51:09 | INFO |       13.399 ¦     1271           2              0.010 
2025-05-23 10:51:09 | INFO |       13.409 ¦     1272           2              0.010 
2025-05-23 10:51:09 | INFO |       13.419 ¦     1273           2              0.010 
2025-05-23 10:51:09 | INFO |       13.429 ¦     1274           2              0.010 
2025-05-23 10:51:09 | INFO |       13.439 ¦     1275           2              0.010 
2025-05-23 10:51:09 | INFO |       13.449 ¦     1276           2              0.010 
2025-05-23 10:51:09 | INFO |       13.459 ¦     1277           2              0.010 
2025-05-23 10:51:09 | INFO |       13.469 ¦     1278           2              0.010 
2025-05-23 10:51:09 | INFO |       13.479 ¦     1279           2              0.010 
2025-05-23 10:51:09 | INFO |       13.489 ¦     1280           2              0.010 
2025-05-23 10:51:09 | INFO |       13.499 ¦     1281           2              0.010 
2025-05-23 10:51:09 | INFO |       13.509 ¦     1282           2              0.010 
2025-05-23 10:51:09 | INFO |       13.519 ¦     1283           2              0.010 
2025-05-23 10:51:09 | INFO |       13.529 ¦     1284           2              0.010 
2025-05-23 10:51:09 | INFO |       13.539 ¦     1285           2              0.010 
2025-05-23 10:51:09 | INFO |       13.549 ¦     1286           2              0.010 
2025-05-23 10:51:09 | INFO |       13.559 ¦     1287           2              0.010 
2025-05-23 10:51:09 | INFO |       13.569 ¦     1288           2              0.010 
2025-05-23 10:51:09 | INFO |       13.579 ¦     1289           2              0.010 
2025-05-23 10:51:09 | INFO |       13.589 ¦     1290           2              0.010 
2025-05-23 10:51:09 | INFO |       13.599 ¦     1291           2              0.010 
2025-05-23 10:51:09 | INFO |       13.609 ¦     1292           2              0.010 
2025-05-23 10:51:09 | INFO |       13.619 ¦     1293           2              0.010 
2025-05-23 10:51:09 | INFO |       13.629 ¦     1294           2              0.010 
2025-05-23 10:51:09 | INFO |       13.639 ¦     1295           2              0.010 
2025-05-23 10:51:09 | INFO |       13.649 ¦     1296           2              0.010 
2025-05-23 10:51:09 | INFO |       13.659 ¦     1297           2              0.010 
2025-05-23 10:51:09 | INFO |       13.669 ¦     1298           2              0.010 
2025-05-23 10:51:09 | INFO |       13.679 ¦     1299           2              0.010 
2025-05-23 10:51:09 | INFO |       13.689 ¦     1300           2              0.010 
2025-05-23 10:51:09 | INFO |       13.699 ¦     1301           2              0.010 
2025-05-23 10:51:09 | INFO |       13.709 ¦     1302           2              0.010 
2025-05-23 10:51:09 | INFO |       13.719 ¦     1303           2              0.010 
2025-05-23 10:51:09 | INFO |       13.729 ¦     1304           2              0.010 
2025-05-23 10:51:09 | INFO |       13.739 ¦     1305           2              0.010 
2025-05-23 10:51:09 | INFO |       13.749 ¦     1306           2              0.010 
2025-05-23 10:51:09 | INFO |       13.759 ¦     1307           2              0.010 
2025-05-23 10:51:09 | INFO |       13.769 ¦     1308           2              0.010 
2025-05-23 10:51:09 | INFO |       13.779 ¦     1309           2              0.010 
2025-05-23 10:51:09 | INFO |       13.789 ¦     1310           2              0.010 
2025-05-23 10:51:09 | INFO |       13.799 ¦     1311           2              0.010 
2025-05-23 10:51:09 | INFO |       13.809 ¦     1312           2              0.010 
2025-05-23 10:51:09 | INFO |       13.819 ¦     1313           2              0.010 
2025-05-23 10:51:09 | INFO |       13.829 ¦     1314           2              0.010 
2025-05-23 10:51:09 | INFO |       13.839 ¦     1315           2              0.010 
2025-05-23 10:51:09 | INFO |       13.849 ¦     1316           2              0.010 
2025-05-23 10:51:09 | INFO |       13.859 ¦     1317           2              0.010 
2025-05-23 10:51:09 | INFO |       13.869 ¦     1318           2              0.010 
2025-05-23 10:51:09 | INFO |       13.879 ¦     1319           2              0.010 
2025-05-23 10:51:09 | INFO |       13.889 ¦     1320           2              0.010 
2025-05-23 10:51:09 | INFO |       13.899 ¦     1321           2              0.010 
2025-05-23 10:51:09 | INFO |       13.909 ¦     1322           2              0.010 
2025-05-23 10:51:09 | INFO |       13.919 ¦     1323           2              0.010 
2025-05-23 10:51:09 | INFO |       13.929 ¦     1324           2              0.010 
2025-05-23 10:51:09 | INFO |       13.939 ¦     1325           2              0.010 
2025-05-23 10:51:09 | INFO |       13.949 ¦     1326           2              0.010 
2025-05-23 10:51:09 | INFO |       13.959 ¦     1327           2              0.010 
2025-05-23 10:51:09 | INFO |       13.969 ¦     1328           2              0.010 
2025-05-23 10:51:09 | INFO |       13.979 ¦     1329           2              0.010 
2025-05-23 10:51:09 | INFO |       13.989 ¦     1330           2              0.010 
2025-05-23 10:51:09 | INFO |       13.999 ¦     1331           2              0.010 
2025-05-23 10:51:09 | INFO |       14.009 ¦     1332           2              0.010 
2025-05-23 10:51:09 | INFO |       14.019 ¦     1333           2              0.010 
2025-05-23 10:51:09 | INFO |       14.029 ¦     1334           2              0.010 
2025-05-23 10:51:09 | INFO |       14.039 ¦     1335           2              0.010 
2025-05-23 10:51:09 | INFO |       14.049 ¦     1336           2              0.010 
2025-05-23 10:51:09 | INFO |       14.059 ¦     1337           2              0.010 
2025-05-23 10:51:09 | INFO |       14.069 ¦     1338           2              0.010 
2025-05-23 10:51:09 | INFO |       14.079 ¦     1339           2              0.010 
2025-05-23 10:51:09 | INFO |       14.089 ¦     1340           2              0.010 
2025-05-23 10:51:09 | INFO |       14.099 ¦     1341           2              0.010 
2025-05-23 10:51:09 | INFO |       14.109 ¦     1342           2              0.010 
2025-05-23 10:51:09 | INFO |       14.119 ¦     1343           2              0.010 
2025-05-23 10:51:09 | INFO |       14.129 ¦     1344           2              0.010 
2025-05-23 10:51:09 | INFO |       14.139 ¦     1345           2              0.010 
2025-05-23 10:51:09 | INFO |       14.149 ¦     1346           2              0.010 
2025-05-23 10:51:09 | INFO |       14.159 ¦     1347           2              0.010 
2025-05-23 10:51:09 | INFO |       14.169 ¦     1348           2              0.010 
2025-05-23 10:51:09 | INFO |       14.179 ¦     1349           2              0.010 
2025-05-23 10:51:09 | INFO |       14.189 ¦     1350           2              0.010 
2025-05-23 10:51:09 | INFO |       14.199 ¦     1351           2              0.010 
2025-05-23 10:51:09 | INFO |       14.209 ¦     1352           2              0.010 
2025-05-23 10:51:09 | INFO |       14.219 ¦     1353           2              0.010 
2025-05-23 10:51:09 | INFO |       14.229 ¦     1354           2              0.010 
2025-05-23 10:51:09 | INFO |       14.239 ¦     1355           2              0.010 
2025-05-23 10:51:09 | INFO |       14.249 ¦     1356           2              0.010 
2025-05-23 10:51:09 | INFO |       14.259 ¦     1357           2              0.010 
2025-05-23 10:51:09 | INFO |       14.269 ¦     1358           2              0.010 
2025-05-23 10:51:09 | INFO |       14.279 ¦     1359           2              0.010 
2025-05-23 10:51:09 | INFO |       14.289 ¦     1360           2              0.010 
2025-05-23 10:51:09 | INFO |       14.299 ¦     1361           2              0.010 
2025-05-23 10:51:09 | INFO |       14.309 ¦     1362           2              0.010 
2025-05-23 10:51:09 | INFO |       14.319 ¦     1363           2              0.010 
2025-05-23 10:51:09 | INFO |       14.329 ¦     1364           2              0.010 
2025-05-23 10:51:09 | INFO |       14.339 ¦     1365           2              0.010 
2025-05-23 10:51:09 | INFO |       14.349 ¦     1366           2              0.010 
2025-05-23 10:51:09 | INFO |       14.359 ¦     1367           2              0.010 
2025-05-23 10:51:09 | INFO |       14.369 ¦     1368           2              0.010 
2025-05-23 10:51:09 | INFO |       14.379 ¦     1369           2              0.010 
2025-05-23 10:51:09 | INFO |       14.389 ¦     1370           2              0.010 
2025-05-23 10:51:09 | INFO |       14.399 ¦     1371           2              0.010 
2025-05-23 10:51:09 | INFO |       14.409 ¦     1372           2              0.010 
2025-05-23 10:51:09 | INFO |       14.419 ¦     1373           2              0.010 
2025-05-23 10:51:09 | INFO |       14.429 ¦     1374           2              0.010 
2025-05-23 10:51:09 | INFO |       14.439 ¦     1375           2              0.010 
2025-05-23 10:51:09 | INFO |       14.449 ¦     1376           2              0.010 
2025-05-23 10:51:09 | INFO |       14.459 ¦     1377           2              0.010 
2025-05-23 10:51:09 | INFO |       14.469 ¦     1378           2              0.010 
2025-05-23 10:51:09 | INFO |       14.479 ¦     1379           2              0.010 
2025-05-23 10:51:09 | INFO |       14.489 ¦     1380           2              0.010 
2025-05-23 10:51:09 | INFO |       14.499 ¦     1381           2              0.010 
2025-05-23 10:51:09 | INFO |       14.509 ¦     1382           2              0.010 
2025-05-23 10:51:09 | INFO |       14.519 ¦     1383           2              0.010 
2025-05-23 10:51:09 | INFO |       14.529 ¦     1384           2              0.010 
2025-05-23 10:51:09 | INFO |       14.539 ¦     1385           2              0.010 
2025-05-23 10:51:09 | INFO |       14.549 ¦     1386           2              0.010 
2025-05-23 10:51:09 | INFO |       14.559 ¦     1387           2              0.010 
2025-05-23 10:51:09 | INFO |       14.569 ¦     1388           2              0.010 
2025-05-23 10:51:09 | INFO |       14.579 ¦     1389           2              0.010 
2025-05-23 10:51:09 | INFO |       14.589 ¦     1390           2              0.010 
2025-05-23 10:51:09 | INFO |       14.599 ¦     1391           2              0.010 
2025-05-23 10:51:09 | INFO |       14.609 ¦     1392           2              0.010 
2025-05-23 10:51:09 | INFO |       14.619 ¦     1393           2              0.010 
2025-05-23 10:51:09 | INFO |       14.629 ¦     1394           2              0.010 
2025-05-23 10:51:09 | INFO |       14.639 ¦     1395           2              0.010 
2025-05-23 10:51:09 | INFO |       14.649 ¦     1396           2              0.010 
2025-05-23 10:51:09 | INFO |       14.659 ¦     1397           2              0.010 
2025-05-23 10:51:09 | INFO |       14.669 ¦     1398           2              0.010 
2025-05-23 10:51:09 | INFO |       14.679 ¦     1399           2              0.010 
2025-05-23 10:51:09 | INFO |       14.689 ¦     1400           2              0.010 
2025-05-23 10:51:09 | INFO |       14.699 ¦     1401           2              0.010 
2025-05-23 10:51:09 | INFO |       14.709 ¦     1402           2              0.010 
2025-05-23 10:51:09 | INFO |       14.719 ¦     1403           2              0.010 
2025-05-23 10:51:09 | INFO |       14.729 ¦     1404           2              0.010 
2025-05-23 10:51:09 | INFO |       14.739 ¦     1405           2              0.010 
2025-05-23 10:51:09 | INFO |       14.749 ¦     1406           2              0.010 
2025-05-23 10:51:09 | INFO |       14.759 ¦     1407           2              0.010 
2025-05-23 10:51:09 | INFO |       14.769 ¦     1408           2              0.010 
2025-05-23 10:51:09 | INFO |       14.779 ¦     1409           2              0.010 
2025-05-23 10:51:09 | INFO |       14.789 ¦     1410           2              0.010 
2025-05-23 10:51:09 | INFO |       14.799 ¦     1411           2              0.010 
2025-05-23 10:51:09 | INFO |       14.809 ¦     1412           2              0.010 
2025-05-23 10:51:09 | INFO |       14.819 ¦     1413           2              0.010 
2025-05-23 10:51:09 | INFO |       14.829 ¦     1414           2              0.010 
2025-05-23 10:51:09 | INFO |       14.839 ¦     1415           2              0.010 
2025-05-23 10:51:09 | INFO |       14.849 ¦     1416           2              0.010 
2025-05-23 10:51:09 | INFO |       14.859 ¦     1417           2              0.010 
2025-05-23 10:51:09 | INFO |       14.869 ¦     1418           2              0.010 
2025-05-23 10:51:09 | INFO |       14.879 ¦     1419           2              0.010 
2025-05-23 10:51:09 | INFO |       14.889 ¦     1420           2              0.010 
2025-05-23 10:51:09 | INFO |       14.899 ¦     1421           2              0.010 
2025-05-23 10:51:09 | INFO |       14.909 ¦     1422           2              0.010 
2025-05-23 10:51:09 | INFO |       14.919 ¦     1423           2              0.010 
2025-05-23 10:51:09 | INFO |       14.929 ¦     1424           2              0.010 
2025-05-23 10:51:09 | INFO |       14.939 ¦     1425           2              0.010 
2025-05-23 10:51:09 | INFO |       14.949 ¦     1426           2              0.010 
2025-05-23 10:51:09 | INFO |       14.959 ¦     1427           2              0.010 
2025-05-23 10:51:09 | INFO |       14.969 ¦     1428           2              0.010 
2025-05-23 10:51:09 | INFO |       14.979 ¦     1429           2              0.010 
2025-05-23 10:51:09 | INFO |       14.989 ¦     1430           2              0.010 
2025-05-23 10:51:09 | INFO |       14.999 ¦     1431           2              0.010 
2025-05-23 10:51:09 | INFO |       15.009 ¦     1432           2              0.010 
2025-05-23 10:51:09 | INFO |       15.019 ¦     1433           2              0.010 
2025-05-23 10:51:09 | INFO |       15.029 ¦     1434           2              0.010 
2025-05-23 10:51:09 | INFO |       15.039 ¦     1435           2              0.010 
2025-05-23 10:51:09 | INFO |       15.049 ¦     1436           2              0.010 
2025-05-23 10:51:09 | INFO |       15.059 ¦     1437           2              0.010 
2025-05-23 10:51:09 | INFO |       15.069 ¦     1438           2              0.010 
2025-05-23 10:51:09 | INFO |       15.079 ¦     1439           2              0.010 
2025-05-23 10:51:09 | INFO |       15.089 ¦     1440           2              0.010 
2025-05-23 10:51:09 | INFO |       15.099 ¦     1441           2              0.010 
2025-05-23 10:51:09 | INFO |       15.109 ¦     1442           2              0.010 
2025-05-23 10:51:09 | INFO |       15.119 ¦     1443           2              0.010 
2025-05-23 10:51:09 | INFO |       15.129 ¦     1444           2              0.010 
2025-05-23 10:51:09 | INFO |       15.139 ¦     1445           2              0.010 
2025-05-23 10:51:09 | INFO |       15.149 ¦     1446           2              0.010 
2025-05-23 10:51:09 | INFO |       15.159 ¦     1447           2              0.010 
2025-05-23 10:51:09 | INFO |       15.169 ¦     1448           2              0.010 
2025-05-23 10:51:09 | INFO |       15.179 ¦     1449           2              0.010 
2025-05-23 10:51:09 | INFO |       15.189 ¦     1450           2              0.010 
2025-05-23 10:51:09 | INFO |       15.199 ¦     1451           2              0.010 
2025-05-23 10:51:09 | INFO |       15.209 ¦     1452           2              0.010 
2025-05-23 10:51:09 | INFO |       15.219 ¦     1453           2              0.010 
2025-05-23 10:51:09 | INFO |       15.229 ¦     1454           2              0.010 
2025-05-23 10:51:09 | INFO |       15.239 ¦     1455           2              0.010 
2025-05-23 10:51:09 | INFO |       15.249 ¦     1456           2              0.010 
2025-05-23 10:51:09 | INFO |       15.259 ¦     1457           2              0.010 
2025-05-23 10:51:09 | INFO |       15.269 ¦     1458           2              0.010 
2025-05-23 10:51:09 | INFO |       15.279 ¦     1459           2              0.010 
2025-05-23 10:51:09 | INFO |       15.289 ¦     1460           2              0.010 
2025-05-23 10:51:09 | INFO |       15.299 ¦     1461           2              0.010 
2025-05-23 10:51:09 | INFO |       15.309 ¦     1462           2              0.010 
2025-05-23 10:51:09 | INFO |       15.319 ¦     1463           2              0.010 
2025-05-23 10:51:09 | INFO |       15.329 ¦     1464           2              0.010 
2025-05-23 10:51:09 | INFO |       15.339 ¦     1465           2              0.010 
2025-05-23 10:51:09 | INFO |       15.349 ¦     1466           2              0.010 
2025-05-23 10:51:09 | INFO |       15.359 ¦     1467           2              0.010 
2025-05-23 10:51:09 | INFO |       15.369 ¦     1468           2              0.010 
2025-05-23 10:51:09 | INFO |       15.379 ¦     1469           2              0.010 
2025-05-23 10:51:09 | INFO |       15.389 ¦     1470           2              0.010 
2025-05-23 10:51:09 | INFO |       15.399 ¦     1471           2              0.010 
2025-05-23 10:51:09 | INFO |       15.409 ¦     1472           2              0.010 
2025-05-23 10:51:09 | INFO |       15.419 ¦     1473           2              0.010 
2025-05-23 10:51:09 | INFO |       15.429 ¦     1474           2              0.010 
2025-05-23 10:51:09 | INFO |       15.439 ¦     1475           2              0.010 
2025-05-23 10:51:09 | INFO |       15.449 ¦     1476           2              0.010 
2025-05-23 10:51:09 | INFO |       15.459 ¦     1477           2              0.010 
2025-05-23 10:51:09 | INFO |       15.469 ¦     1478           2              0.010 
2025-05-23 10:51:09 | INFO |       15.479 ¦     1479           2              0.010 
2025-05-23 10:51:09 | INFO |       15.489 ¦     1480           2              0.010 
2025-05-23 10:51:09 | INFO |       15.499 ¦     1481           2              0.010 
2025-05-23 10:51:09 | INFO |       15.509 ¦     1482           2              0.010 
2025-05-23 10:51:09 | INFO |       15.519 ¦     1483           2              0.010 
2025-05-23 10:51:09 | INFO |       15.529 ¦     1484           2              0.010 
2025-05-23 10:51:09 | INFO |       15.539 ¦     1485           2              0.010 
2025-05-23 10:51:09 | INFO |       15.549 ¦     1486           2              0.010 
2025-05-23 10:51:09 | INFO |       15.559 ¦     1487           2              0.010 
2025-05-23 10:51:09 | INFO |       15.569 ¦     1488           2              0.010 
2025-05-23 10:51:09 | INFO |       15.579 ¦     1489           2              0.010 
2025-05-23 10:51:09 | INFO |       15.589 ¦     1490           2              0.010 
2025-05-23 10:51:09 | INFO |       15.599 ¦     1491           2              0.010 
2025-05-23 10:51:09 | INFO |       15.609 ¦     1492           2              0.010 
2025-05-23 10:51:09 | INFO |       15.619 ¦     1493           2              0.010 
2025-05-23 10:51:09 | INFO |       15.629 ¦     1494           2              0.010 
2025-05-23 10:51:09 | INFO |       15.639 ¦     1495           2              0.010 
2025-05-23 10:51:09 | INFO |       15.649 ¦     1496           2              0.010 
2025-05-23 10:51:09 | INFO |       15.659 ¦     1497           2              0.010 
2025-05-23 10:51:09 | INFO |       15.669 ¦     1498           2              0.010 
2025-05-23 10:51:09 | INFO |       15.679 ¦     1499           2              0.010 
2025-05-23 10:51:09 | INFO |       15.689 ¦     1500           2              0.010 
2025-05-23 10:51:09 | INFO |       15.699 ¦     1501           2              0.010 
2025-05-23 10:51:09 | INFO |       15.709 ¦     1502           2              0.010 
2025-05-23 10:51:09 | INFO |       15.719 ¦     1503           2              0.010 
2025-05-23 10:51:09 | INFO |       15.729 ¦     1504           2              0.010 
2025-05-23 10:51:09 | INFO |       15.739 ¦     1505           2              0.010 
2025-05-23 10:51:09 | INFO |       15.749 ¦     1506           2              0.010 
2025-05-23 10:51:09 | INFO |       15.759 ¦     1507           2              0.010 
2025-05-23 10:51:09 | INFO |       15.769 ¦     1508           2              0.010 
2025-05-23 10:51:09 | INFO |       15.779 ¦     1509           2              0.010 
2025-05-23 10:51:09 | INFO |       15.789 ¦     1510           2              0.010 
2025-05-23 10:51:09 | INFO |       15.799 ¦     1511           2              0.010 
2025-05-23 10:51:09 | INFO |       15.809 ¦     1512           2              0.010 
2025-05-23 10:51:09 | INFO |       15.819 ¦     1513           2              0.010 
2025-05-23 10:51:09 | INFO |       15.829 ¦     1514           2              0.010 
2025-05-23 10:51:09 | INFO |       15.839 ¦     1515           2              0.010 
2025-05-23 10:51:09 | INFO |       15.849 ¦     1516           2              0.010 
2025-05-23 10:51:09 | INFO |       15.859 ¦     1517           2              0.010 
2025-05-23 10:51:09 | INFO |       15.869 ¦     1518           2              0.010 
2025-05-23 10:51:09 | INFO |       15.879 ¦     1519           2              0.010 
2025-05-23 10:51:09 | INFO |       15.889 ¦     1520           2              0.010 
2025-05-23 10:51:09 | INFO |       15.899 ¦     1521           2              0.010 
2025-05-23 10:51:09 | INFO |       15.909 ¦     1522           2              0.010 
2025-05-23 10:51:09 | INFO |       15.919 ¦     1523           2              0.010 
2025-05-23 10:51:09 | INFO |       15.929 ¦     1524           2              0.010 
2025-05-23 10:51:09 | INFO |       15.939 ¦     1525           2              0.010 
2025-05-23 10:51:09 | INFO |       15.949 ¦     1526           2              0.010 
2025-05-23 10:51:09 | INFO |       15.959 ¦     1527           2              0.010 
2025-05-23 10:51:09 | INFO |       15.969 ¦     1528           2              0.010 
2025-05-23 10:51:09 | INFO |       15.979 ¦     1529           2              0.010 
2025-05-23 10:51:09 | INFO |       15.989 ¦     1530           2              0.010 
2025-05-23 10:51:09 | INFO |       15.999 ¦     1531           2              0.010 
2025-05-23 10:51:09 | INFO |       16.009 ¦     1532           2              0.010 
2025-05-23 10:51:09 | INFO |       16.019 ¦     1533           2              0.010 
2025-05-23 10:51:09 | INFO |       16.029 ¦     1534           2              0.010 
2025-05-23 10:51:09 | INFO |       16.039 ¦     1535           2              0.010 
2025-05-23 10:51:09 | INFO |       16.049 ¦     1536           2              0.010 
2025-05-23 10:51:09 | INFO |       16.059 ¦     1537           2              0.010 
2025-05-23 10:51:09 | INFO |       16.069 ¦     1538           2              0.010 
2025-05-23 10:51:09 | INFO |       16.079 ¦     1539           2              0.010 
2025-05-23 10:51:09 | INFO |       16.089 ¦     1540           2              0.010 
2025-05-23 10:51:09 | INFO |       16.099 ¦     1541           2              0.010 
2025-05-23 10:51:09 | INFO |       16.109 ¦     1542           2              0.010 
2025-05-23 10:51:09 | INFO |       16.119 ¦     1543           2              0.010 
2025-05-23 10:51:09 | INFO |       16.129 ¦     1544           2              0.010 
2025-05-23 10:51:09 | INFO |       16.139 ¦     1545           2              0.010 
2025-05-23 10:51:09 | INFO |       16.149 ¦     1546           2              0.010 
2025-05-23 10:51:09 | INFO |       16.159 ¦     1547           2              0.010 
2025-05-23 10:51:09 | INFO |       16.169 ¦     1548           2              0.010 
2025-05-23 10:51:09 | INFO |       16.179 ¦     1549           2              0.010 
2025-05-23 10:51:09 | INFO |       16.189 ¦     1550           2              0.010 
2025-05-23 10:51:09 | INFO |       16.199 ¦     1551           2              0.010 
2025-05-23 10:51:09 | INFO |       16.209 ¦     1552           2              0.010 
2025-05-23 10:51:09 | INFO |       16.219 ¦     1553           2              0.010 
2025-05-23 10:51:09 | INFO |       16.229 ¦     1554           2              0.010 
2025-05-23 10:51:09 | INFO |       16.239 ¦     1555           2              0.010 
2025-05-23 10:51:09 | INFO |       16.249 ¦     1556           2              0.010 
2025-05-23 10:51:09 | INFO |       16.259 ¦     1557           2              0.010 
2025-05-23 10:51:09 | INFO |       16.269 ¦     1558           2              0.010 
2025-05-23 10:51:09 | INFO |       16.279 ¦     1559           2              0.010 
2025-05-23 10:51:09 | INFO |       16.289 ¦     1560           2              0.010 
2025-05-23 10:51:09 | INFO |       16.299 ¦     1561           2              0.010 
2025-05-23 10:51:09 | INFO |       16.309 ¦     1562           2              0.010 
2025-05-23 10:51:09 | INFO |       16.319 ¦     1563           2              0.010 
2025-05-23 10:51:09 | INFO |       16.329 ¦     1564           2              0.010 
2025-05-23 10:51:09 | INFO |       16.339 ¦     1565           2              0.010 
2025-05-23 10:51:09 | INFO |       16.349 ¦     1566           2              0.010 
2025-05-23 10:51:09 | INFO |       16.359 ¦     1567           2              0.010 
2025-05-23 10:51:09 | INFO |       16.369 ¦     1568           2              0.010 
2025-05-23 10:51:09 | INFO |       16.379 ¦     1569           2              0.010 
2025-05-23 10:51:09 | INFO |       16.389 ¦     1570           2              0.010 
2025-05-23 10:51:09 | INFO |       16.399 ¦     1571           2              0.010 
2025-05-23 10:51:09 | INFO |       16.409 ¦     1572           2              0.010 
2025-05-23 10:51:09 | INFO |       16.419 ¦     1573           2              0.010 
2025-05-23 10:51:09 | INFO |       16.429 ¦     1574           2              0.010 
2025-05-23 10:51:09 | INFO |       16.439 ¦     1575           2              0.010 
2025-05-23 10:51:09 | INFO |       16.449 ¦     1576           2              0.010 
2025-05-23 10:51:09 | INFO |       16.459 ¦     1577           2              0.010 
2025-05-23 10:51:09 | INFO |       16.469 ¦     1578           2              0.010 
2025-05-23 10:51:09 | INFO |       16.479 ¦     1579           2              0.010 
2025-05-23 10:51:09 | INFO |       16.489 ¦     1580           2              0.010 
2025-05-23 10:51:09 | INFO |       16.499 ¦     1581           2              0.010 
2025-05-23 10:51:09 | INFO |       16.509 ¦     1582           2              0.010 
2025-05-23 10:51:09 | INFO |       16.519 ¦     1583           2              0.010 
2025-05-23 10:51:09 | INFO |       16.529 ¦     1584           2              0.010 
2025-05-23 10:51:09 | INFO |       16.539 ¦     1585           2              0.010 
2025-05-23 10:51:09 | INFO |       16.549 ¦     1586           2              0.010 
2025-05-23 10:51:09 | INFO |       16.559 ¦     1587           2              0.010 
2025-05-23 10:51:09 | INFO |       16.569 ¦     1588           2              0.010 
2025-05-23 10:51:09 | INFO |       16.579 ¦     1589           2              0.010 
2025-05-23 10:51:09 | INFO |       16.589 ¦     1590           2              0.010 
2025-05-23 10:51:09 | INFO |       16.599 ¦     1591           2              0.010 
2025-05-23 10:51:09 | INFO |       16.609 ¦     1592           2              0.010 
2025-05-23 10:51:09 | INFO |       16.619 ¦     1593           2              0.010 
2025-05-23 10:51:09 | INFO |       16.629 ¦     1594           2              0.010 
2025-05-23 10:51:09 | INFO |       16.639 ¦     1595           2              0.010 
2025-05-23 10:51:09 | INFO |       16.649 ¦     1596           2              0.010 
2025-05-23 10:51:09 | INFO |       16.659 ¦     1597           2              0.010 
2025-05-23 10:51:09 | INFO |       16.669 ¦     1598           2              0.010 
2025-05-23 10:51:09 | INFO |       16.679 ¦     1599           2              0.010 
2025-05-23 10:51:09 | INFO |       16.689 ¦     1600           2              0.010 
2025-05-23 10:51:09 | INFO |       16.699 ¦     1601           2              0.010 
2025-05-23 10:51:09 | INFO |       16.709 ¦     1602           2              0.010 
2025-05-23 10:51:09 | INFO |       16.719 ¦     1603           2              0.010 
2025-05-23 10:51:09 | INFO |       16.729 ¦     1604           2              0.010 
2025-05-23 10:51:09 | INFO |       16.739 ¦     1605           2              0.010 
2025-05-23 10:51:09 | INFO |       16.749 ¦     1606           2              0.010 
2025-05-23 10:51:09 | INFO |       16.759 ¦     1607           2              0.010 
2025-05-23 10:51:09 | INFO |       16.769 ¦     1608           2              0.010 
2025-05-23 10:51:09 | INFO |       16.779 ¦     1609           2              0.010 
2025-05-23 10:51:09 | INFO |       16.789 ¦     1610           2              0.010 
2025-05-23 10:51:09 | INFO |       16.799 ¦     1611           2              0.010 
2025-05-23 10:51:09 | INFO |       16.809 ¦     1612           2              0.010 
2025-05-23 10:51:09 | INFO |       16.819 ¦     1613           2              0.010 
2025-05-23 10:51:09 | INFO |       16.829 ¦     1614           2              0.010 
2025-05-23 10:51:09 | INFO |       16.839 ¦     1615           2              0.010 
2025-05-23 10:51:09 | INFO |       16.849 ¦     1616           2              0.010 
2025-05-23 10:51:09 | INFO |       16.859 ¦     1617           2              0.010 
2025-05-23 10:51:09 | INFO |       16.869 ¦     1618           2              0.010 
2025-05-23 10:51:09 | INFO |       16.879 ¦     1619           2              0.010 
2025-05-23 10:51:09 | INFO |       16.889 ¦     1620           2              0.010 
2025-05-23 10:51:09 | INFO |       16.899 ¦     1621           2              0.010 
2025-05-23 10:51:09 | INFO |       16.909 ¦     1622           2              0.010 
2025-05-23 10:51:09 | INFO |       16.919 ¦     1623           2              0.010 
2025-05-23 10:51:09 | INFO |       16.929 ¦     1624           2              0.010 
2025-05-23 10:51:09 | INFO |       16.939 ¦     1625           2              0.010 
2025-05-23 10:51:09 | INFO |       16.949 ¦     1626           2              0.010 
2025-05-23 10:51:09 | INFO |       16.959 ¦     1627           2              0.010 
2025-05-23 10:51:09 | INFO |       16.969 ¦     1628           2              0.010 
2025-05-23 10:51:09 | INFO |       16.979 ¦     1629           2              0.010 
2025-05-23 10:51:09 | INFO |       16.989 ¦     1630           2              0.010 
2025-05-23 10:51:09 | INFO |       16.999 ¦     1631           2              0.010 
2025-05-23 10:51:09 | INFO |       17.009 ¦     1632           2              0.010 
2025-05-23 10:51:09 | INFO |       17.019 ¦     1633           2              0.010 
2025-05-23 10:51:09 | INFO |       17.029 ¦     1634           2              0.010 
2025-05-23 10:51:09 | INFO |       17.039 ¦     1635           2              0.010 
2025-05-23 10:51:09 | INFO |       17.049 ¦     1636           2              0.010 
2025-05-23 10:51:09 | INFO |       17.059 ¦     1637           2              0.010 
2025-05-23 10:51:09 | INFO |       17.069 ¦     1638           2              0.010 
2025-05-23 10:51:09 | INFO |       17.079 ¦     1639           2              0.010 
2025-05-23 10:51:09 | INFO |       17.089 ¦     1640           2              0.010 
2025-05-23 10:51:09 | INFO |       17.099 ¦     1641           2              0.010 
2025-05-23 10:51:09 | INFO |       17.109 ¦     1642           2              0.010 
2025-05-23 10:51:09 | INFO |       17.119 ¦     1643           2              0.010 
2025-05-23 10:51:09 | INFO |       17.129 ¦     1644           2              0.010 
2025-05-23 10:51:09 | INFO |       17.139 ¦     1645           2              0.010 
2025-05-23 10:51:09 | INFO |       17.149 ¦     1646           2              0.010 
2025-05-23 10:51:09 | INFO |       17.159 ¦     1647           2              0.010 
2025-05-23 10:51:09 | INFO |       17.169 ¦     1648           2              0.010 
2025-05-23 10:51:09 | INFO |       17.179 ¦     1649           2              0.010 
2025-05-23 10:51:09 | INFO |       17.189 ¦     1650           2              0.010 
2025-05-23 10:51:09 | INFO |       17.199 ¦     1651           2              0.010 
2025-05-23 10:51:09 | INFO |       17.209 ¦     1652           2              0.010 
2025-05-23 10:51:09 | INFO |       17.219 ¦     1653           2              0.010 
2025-05-23 10:51:09 | INFO |       17.229 ¦     1654           2              0.010 
2025-05-23 10:51:09 | INFO |       17.239 ¦     1655           2              0.010 
2025-05-23 10:51:09 | INFO |       17.249 ¦     1656           2              0.010 
2025-05-23 10:51:09 | INFO |       17.259 ¦     1657           2              0.010 
2025-05-23 10:51:09 | INFO |       17.269 ¦     1658           2              0.010 
2025-05-23 10:51:09 | INFO |       17.279 ¦     1659           2              0.010 
2025-05-23 10:51:09 | INFO |       17.289 ¦     1660           2              0.010 
2025-05-23 10:51:09 | INFO |       17.299 ¦     1661           2              0.010 
2025-05-23 10:51:09 | INFO |       17.309 ¦     1662           2              0.010 
2025-05-23 10:51:09 | INFO |       17.319 ¦     1663           2              0.010 
2025-05-23 10:51:09 | INFO |       17.329 ¦     1664           2              0.010 
2025-05-23 10:51:09 | INFO |       17.339 ¦     1665           2              0.010 
2025-05-23 10:51:09 | INFO |       17.349 ¦     1666           2              0.010 
2025-05-23 10:51:09 | INFO |       17.359 ¦     1667           2              0.010 
2025-05-23 10:51:09 | INFO |       17.369 ¦     1668           2              0.010 
2025-05-23 10:51:09 | INFO |       17.379 ¦     1669           2              0.010 
2025-05-23 10:51:09 | INFO |       17.389 ¦     1670           2              0.010 
2025-05-23 10:51:09 | INFO |       17.399 ¦     1671           2              0.010 
2025-05-23 10:51:09 | INFO |       17.409 ¦     1672           2              0.010 
2025-05-23 10:51:09 | INFO |       17.419 ¦     1673           2              0.010 
2025-05-23 10:51:09 | INFO |       17.429 ¦     1674           2              0.010 
2025-05-23 10:51:09 | INFO |       17.439 ¦     1675           2              0.010 
2025-05-23 10:51:09 | INFO |       17.449 ¦     1676           2              0.010 
2025-05-23 10:51:09 | INFO |       17.459 ¦     1677           2              0.010 
2025-05-23 10:51:09 | INFO |       17.469 ¦     1678           2              0.010 
2025-05-23 10:51:09 | INFO |       17.479 ¦     1679           2              0.010 
2025-05-23 10:51:09 | INFO |       17.489 ¦     1680           2              0.010 
2025-05-23 10:51:09 | INFO |       17.499 ¦     1681           2              0.010 
2025-05-23 10:51:09 | INFO |       17.509 ¦     1682           2              0.010 
2025-05-23 10:51:09 | INFO |       17.519 ¦     1683           2              0.010 
2025-05-23 10:51:09 | INFO |       17.529 ¦     1684           2              0.010 
2025-05-23 10:51:09 | INFO |       17.539 ¦     1685           2              0.010 
2025-05-23 10:51:09 | INFO |       17.549 ¦     1686           2              0.010 
2025-05-23 10:51:09 | INFO |       17.559 ¦     1687           2              0.010 
2025-05-23 10:51:09 | INFO |       17.569 ¦     1688           2              0.010 
2025-05-23 10:51:09 | INFO |       17.579 ¦     1689           2              0.010 
2025-05-23 10:51:09 | INFO |       17.589 ¦     1690           2              0.010 
2025-05-23 10:51:09 | INFO |       17.599 ¦     1691           2              0.010 
2025-05-23 10:51:09 | INFO |       17.609 ¦     1692           2              0.010 
2025-05-23 10:51:09 | INFO |       17.619 ¦     1693           2              0.010 
2025-05-23 10:51:09 | INFO |       17.629 ¦     1694           2              0.010 
2025-05-23 10:51:09 | INFO |       17.639 ¦     1695           2              0.010 
2025-05-23 10:51:09 | INFO |       17.649 ¦     1696           2              0.010 
2025-05-23 10:51:09 | INFO |       17.659 ¦     1697           2              0.010 
2025-05-23 10:51:09 | INFO |       17.669 ¦     1698           2              0.010 
2025-05-23 10:51:09 | INFO |       17.679 ¦     1699           2              0.010 
2025-05-23 10:51:09 | INFO |       17.689 ¦     1700           2              0.010 
2025-05-23 10:51:09 | INFO |       17.699 ¦     1701           2              0.010 
2025-05-23 10:51:09 | INFO |       17.709 ¦     1702           2              0.010 
2025-05-23 10:51:09 | INFO |       17.719 ¦     1703           2              0.010 
2025-05-23 10:51:09 | INFO |       17.729 ¦     1704           2              0.010 
2025-05-23 10:51:09 | INFO |       17.739 ¦     1705           2              0.010 
2025-05-23 10:51:09 | INFO |       17.749 ¦     1706           2              0.010 
2025-05-23 10:51:09 | INFO |       17.759 ¦     1707           2              0.010 
2025-05-23 10:51:09 | INFO |       17.769 ¦     1708           2              0.010 
2025-05-23 10:51:09 | INFO |       17.779 ¦     1709           2              0.010 
2025-05-23 10:51:09 | INFO |       17.789 ¦     1710           2              0.010 
2025-05-23 10:51:09 | INFO |       17.799 ¦     1711           2              0.010 
2025-05-23 10:51:09 | INFO |       17.809 ¦     1712           2              0.010 
2025-05-23 10:51:09 | INFO |       17.819 ¦     1713           2              0.010 
2025-05-23 10:51:09 | INFO |       17.829 ¦     1714           2              0.010 
2025-05-23 10:51:09 | INFO |       17.839 ¦     1715           2              0.010 
2025-05-23 10:51:09 | INFO |       17.849 ¦     1716           2              0.010 
2025-05-23 10:51:09 | INFO |       17.859 ¦     1717           2              0.010 
2025-05-23 10:51:09 | INFO |       17.869 ¦     1718           2              0.010 
2025-05-23 10:51:09 | INFO |       17.879 ¦     1719           2              0.010 
2025-05-23 10:51:09 | INFO |       17.889 ¦     1720           2              0.010 
2025-05-23 10:51:09 | INFO |       17.899 ¦     1721           2              0.010 
2025-05-23 10:51:09 | INFO |       17.909 ¦     1722           2              0.010 
2025-05-23 10:51:09 | INFO |       17.919 ¦     1723           2              0.010 
2025-05-23 10:51:09 | INFO |       17.929 ¦     1724           2              0.010 
2025-05-23 10:51:09 | INFO |       17.939 ¦     1725           2              0.010 
2025-05-23 10:51:09 | INFO |       17.949 ¦     1726           2              0.010 
2025-05-23 10:51:09 | INFO |       17.959 ¦     1727           2              0.010 
2025-05-23 10:51:09 | INFO |       17.969 ¦     1728           2              0.010 
2025-05-23 10:51:09 | INFO |       17.979 ¦     1729           2              0.010 
2025-05-23 10:51:09 | INFO |       17.989 ¦     1730           2              0.010 
2025-05-23 10:51:09 | INFO |       17.999 ¦     1731           2              0.010 
2025-05-23 10:51:09 | INFO |       18.009 ¦     1732           2              0.010 
2025-05-23 10:51:09 | INFO |       18.019 ¦     1733           2              0.010 
2025-05-23 10:51:09 | INFO |       18.029 ¦     1734           2              0.010 
2025-05-23 10:51:09 | INFO |       18.039 ¦     1735           2              0.010 
2025-05-23 10:51:09 | INFO |       18.049 ¦     1736           2              0.010 
2025-05-23 10:51:09 | INFO |       18.059 ¦     1737           2              0.010 
2025-05-23 10:51:09 | INFO |       18.069 ¦     1738           2              0.010 
2025-05-23 10:51:09 | INFO |       18.079 ¦     1739           2              0.010 
2025-05-23 10:51:09 | INFO |       18.089 ¦     1740           2              0.010 
2025-05-23 10:51:09 | INFO |       18.099 ¦     1741           2              0.010 
2025-05-23 10:51:09 | INFO |       18.109 ¦     1742           2              0.010 
2025-05-23 10:51:09 | INFO |       18.119 ¦     1743           2              0.010 
2025-05-23 10:51:09 | INFO |       18.129 ¦     1744           2              0.010 
2025-05-23 10:51:09 | INFO |       18.139 ¦     1745           2              0.010 
2025-05-23 10:51:09 | INFO |       18.149 ¦     1746           2              0.010 
2025-05-23 10:51:09 | INFO |       18.159 ¦     1747           2              0.010 
2025-05-23 10:51:09 | INFO |       18.169 ¦     1748           2              0.010 
2025-05-23 10:51:09 | INFO |       18.179 ¦     1749           2              0.010 
2025-05-23 10:51:09 | INFO |       18.189 ¦     1750           2              0.010 
2025-05-23 10:51:09 | INFO |       18.199 ¦     1751           2              0.010 
2025-05-23 10:51:09 | INFO |       18.209 ¦     1752           2              0.010 
2025-05-23 10:51:09 | INFO |       18.219 ¦     1753           2              0.010 
2025-05-23 10:51:09 | INFO |       18.229 ¦     1754           2              0.010 
2025-05-23 10:51:09 | INFO |       18.239 ¦     1755           2              0.010 
2025-05-23 10:51:09 | INFO |       18.249 ¦     1756           2              0.010 
2025-05-23 10:51:09 | INFO |       18.259 ¦     1757           2              0.010 
2025-05-23 10:51:09 | INFO |       18.269 ¦     1758           2              0.010 
2025-05-23 10:51:09 | INFO |       18.279 ¦     1759           2              0.010 
2025-05-23 10:51:09 | INFO |       18.289 ¦     1760           2              0.010 
2025-05-23 10:51:09 | INFO |       18.299 ¦     1761           2              0.010 
2025-05-23 10:51:09 | INFO |       18.309 ¦     1762           2              0.010 
2025-05-23 10:51:09 | INFO |       18.319 ¦     1763           2              0.010 
2025-05-23 10:51:09 | INFO |       18.329 ¦     1764           2              0.010 
2025-05-23 10:51:09 | INFO |       18.339 ¦     1765           2              0.010 
2025-05-23 10:51:09 | INFO |       18.349 ¦     1766           2              0.010 
2025-05-23 10:51:09 | INFO |       18.359 ¦     1767           2              0.010 
2025-05-23 10:51:09 | INFO |       18.369 ¦     1768           2              0.010 
2025-05-23 10:51:09 | INFO |       18.379 ¦     1769           2              0.010 
2025-05-23 10:51:09 | INFO |       18.389 ¦     1770           2              0.010 
2025-05-23 10:51:09 | INFO |       18.399 ¦     1771           2              0.010 
2025-05-23 10:51:09 | INFO |       18.409 ¦     1772           2              0.010 
2025-05-23 10:51:09 | INFO |       18.419 ¦     1773           2              0.010 
2025-05-23 10:51:09 | INFO |       18.429 ¦     1774           2              0.010 
2025-05-23 10:51:09 | INFO |       18.439 ¦     1775           2              0.010 
2025-05-23 10:51:09 | INFO |       18.449 ¦     1776           2              0.010 
2025-05-23 10:51:09 | INFO |       18.459 ¦     1777           2              0.010 
2025-05-23 10:51:09 | INFO |       18.469 ¦     1778           2              0.010 
2025-05-23 10:51:09 | INFO |       18.479 ¦     1779           2              0.010 
2025-05-23 10:51:09 | INFO |       18.489 ¦     1780           2              0.010 
2025-05-23 10:51:09 | INFO |       18.499 ¦     1781           2              0.010 
2025-05-23 10:51:09 | INFO |       18.509 ¦     1782           2              0.010 
2025-05-23 10:51:09 | INFO |       18.519 ¦     1783           2              0.010 
2025-05-23 10:51:09 | INFO |       18.529 ¦     1784           2              0.010 
2025-05-23 10:51:09 | INFO |       18.539 ¦     1785           2              0.010 
2025-05-23 10:51:09 | INFO |       18.549 ¦     1786           2              0.010 
2025-05-23 10:51:09 | INFO |       18.559 ¦     1787           2              0.010 
2025-05-23 10:51:09 | INFO |       18.569 ¦     1788           2              0.010 
2025-05-23 10:51:09 | INFO |       18.579 ¦     1789           2              0.010 
2025-05-23 10:51:09 | INFO |       18.589 ¦     1790           2              0.010 
2025-05-23 10:51:09 | INFO |       18.599 ¦     1791           2              0.010 
2025-05-23 10:51:09 | INFO |       18.609 ¦     1792           2              0.010 
2025-05-23 10:51:09 | INFO |       18.619 ¦     1793           2              0.010 
2025-05-23 10:51:09 | INFO |       18.629 ¦     1794           2              0.010 
2025-05-23 10:51:09 | INFO |       18.639 ¦     1795           2              0.010 
2025-05-23 10:51:09 | INFO |       18.649 ¦     1796           2              0.010 
2025-05-23 10:51:09 | INFO |       18.659 ¦     1797           2              0.010 
2025-05-23 10:51:09 | INFO |       18.669 ¦     1798           2              0.010 
2025-05-23 10:51:09 | INFO |       18.679 ¦     1799           2              0.010 
2025-05-23 10:51:09 | INFO |       18.689 ¦     1800           2              0.010 
2025-05-23 10:51:09 | INFO |       18.699 ¦     1801           2              0.010 
2025-05-23 10:51:09 | INFO |       18.709 ¦     1802           2              0.010 
2025-05-23 10:51:09 | INFO |       18.719 ¦     1803           2              0.010 
2025-05-23 10:51:09 | INFO |       18.729 ¦     1804           2              0.010 
2025-05-23 10:51:09 | INFO |       18.739 ¦     1805           2              0.010 
2025-05-23 10:51:09 | INFO |       18.749 ¦     1806           2              0.010 
2025-05-23 10:51:09 | INFO |       18.759 ¦     1807           2              0.010 
2025-05-23 10:51:09 | INFO |       18.769 ¦     1808           2              0.010 
2025-05-23 10:51:09 | INFO |       18.779 ¦     1809           2              0.010 
2025-05-23 10:51:09 | INFO |       18.789 ¦     1810           2              0.010 
2025-05-23 10:51:09 | INFO |       18.799 ¦     1811           2              0.010 
2025-05-23 10:51:09 | INFO |       18.809 ¦     1812           2              0.010 
2025-05-23 10:51:09 | INFO |       18.819 ¦     1813           2              0.010 
2025-05-23 10:51:09 | INFO |       18.829 ¦     1814           2              0.010 
2025-05-23 10:51:09 | INFO |       18.839 ¦     1815           2              0.010 
2025-05-23 10:51:09 | INFO |       18.849 ¦     1816           2              0.010 
2025-05-23 10:51:09 | INFO |       18.859 ¦     1817           2              0.010 
2025-05-23 10:51:09 | INFO |       18.869 ¦     1818           2              0.010 
2025-05-23 10:51:09 | INFO |       18.879 ¦     1819           2              0.010 
2025-05-23 10:51:09 | INFO |       18.889 ¦     1820           2              0.010 
2025-05-23 10:51:09 | INFO |       18.899 ¦     1821           2              0.010 
2025-05-23 10:51:09 | INFO |       18.909 ¦     1822           2              0.010 
2025-05-23 10:51:09 | INFO |       18.919 ¦     1823           2              0.010 
2025-05-23 10:51:09 | INFO |       18.929 ¦     1824           2              0.010 
2025-05-23 10:51:09 | INFO |       18.939 ¦     1825           2              0.010 
2025-05-23 10:51:09 | INFO |       18.949 ¦     1826           2              0.010 
2025-05-23 10:51:09 | INFO |       18.959 ¦     1827           2              0.010 
2025-05-23 10:51:09 | INFO |       18.969 ¦     1828           2              0.010 
2025-05-23 10:51:09 | INFO |       18.979 ¦     1829           2              0.010 
2025-05-23 10:51:09 | INFO |       18.989 ¦     1830           2              0.010 
2025-05-23 10:51:09 | INFO |       18.999 ¦     1831           2              0.010 
2025-05-23 10:51:09 | INFO |       19.009 ¦     1832           2              0.010 
2025-05-23 10:51:09 | INFO |       19.019 ¦     1833           2              0.010 
2025-05-23 10:51:09 | INFO |       19.029 ¦     1834           2              0.010 
2025-05-23 10:51:09 | INFO |       19.039 ¦     1835           2              0.010 
2025-05-23 10:51:09 | INFO |       19.049 ¦     1836           2              0.010 
2025-05-23 10:51:09 | INFO |       19.059 ¦     1837           2              0.010 
2025-05-23 10:51:09 | INFO |       19.069 ¦     1838           2              0.010 
2025-05-23 10:51:09 | INFO |       19.079 ¦     1839           2              0.010 
2025-05-23 10:51:09 | INFO |       19.089 ¦     1840           2              0.010 
2025-05-23 10:51:09 | INFO |       19.099 ¦     1841           2              0.010 
2025-05-23 10:51:09 | INFO |       19.109 ¦     1842           2              0.010 
2025-05-23 10:51:09 | INFO |       19.119 ¦     1843           2              0.010 
2025-05-23 10:51:09 | INFO |       19.129 ¦     1844           2              0.010 
2025-05-23 10:51:09 | INFO |       19.139 ¦     1845           2              0.010 
2025-05-23 10:51:09 | INFO |       19.149 ¦     1846           2              0.010 
2025-05-23 10:51:09 | INFO |       19.159 ¦     1847           2              0.010 
2025-05-23 10:51:09 | INFO |       19.169 ¦     1848           2              0.010 
2025-05-23 10:51:09 | INFO |       19.179 ¦     1849           2              0.010 
2025-05-23 10:51:09 | INFO |       19.189 ¦     1850           2              0.010 
2025-05-23 10:51:09 | INFO |       19.199 ¦     1851           2              0.010 
2025-05-23 10:51:09 | INFO |       19.209 ¦     1852           2              0.010 
2025-05-23 10:51:09 | INFO |       19.219 ¦     1853           2              0.010 
2025-05-23 10:51:09 | INFO |       19.229 ¦     1854           2              0.010 
2025-05-23 10:51:09 | INFO |       19.239 ¦     1855           2              0.010 
2025-05-23 10:51:09 | INFO |       19.249 ¦     1856           2              0.010 
2025-05-23 10:51:09 | INFO |       19.259 ¦     1857           2              0.010 
2025-05-23 10:51:09 | INFO |       19.269 ¦     1858           2              0.010 
2025-05-23 10:51:09 | INFO |       19.279 ¦     1859           2              0.010 
2025-05-23 10:51:09 | INFO |       19.289 ¦     1860           2              0.010 
2025-05-23 10:51:09 | INFO |       19.299 ¦     1861           2              0.010 
2025-05-23 10:51:09 | INFO |       19.309 ¦     1862           2              0.010 
2025-05-23 10:51:09 | INFO |       19.319 ¦     1863           2              0.010 
2025-05-23 10:51:09 | INFO |       19.329 ¦     1864           2              0.010 
2025-05-23 10:51:09 | INFO |       19.339 ¦     1865           2              0.010 
2025-05-23 10:51:09 | INFO |       19.349 ¦     1866           2              0.010 
2025-05-23 10:51:09 | INFO |       19.359 ¦     1867           2              0.010 
2025-05-23 10:51:09 | INFO |       19.369 ¦     1868           2              0.010 
2025-05-23 10:51:09 | INFO |       19.379 ¦     1869           2              0.010 
2025-05-23 10:51:09 | INFO |       19.389 ¦     1870           2              0.010 
2025-05-23 10:51:09 | INFO |       19.399 ¦     1871           2              0.010 
2025-05-23 10:51:09 | INFO |       19.409 ¦     1872           2              0.010 
2025-05-23 10:51:09 | INFO |       19.419 ¦     1873           2              0.010 
2025-05-23 10:51:09 | INFO |       19.429 ¦     1874           2              0.010 
2025-05-23 10:51:09 | INFO |       19.439 ¦     1875           2              0.010 
2025-05-23 10:51:09 | INFO |       19.449 ¦     1876           2              0.010 
2025-05-23 10:51:09 | INFO |       19.459 ¦     1877           2              0.010 
2025-05-23 10:51:09 | INFO |       19.469 ¦     1878           2              0.010 
2025-05-23 10:51:09 | INFO |       19.479 ¦     1879           2              0.010 
2025-05-23 10:51:09 | INFO |       19.489 ¦     1880           2              0.010 
2025-05-23 10:51:09 | INFO |       19.499 ¦     1881           2              0.010 
2025-05-23 10:51:09 | INFO |       19.509 ¦     1882           2              0.010 
2025-05-23 10:51:09 | INFO |       19.519 ¦     1883           2              0.010 
2025-05-23 10:51:09 | INFO |       19.529 ¦     1884           2              0.010 
2025-05-23 10:51:09 | INFO |       19.539 ¦     1885           2              0.010 
2025-05-23 10:51:09 | INFO |       19.549 ¦     1886           2              0.010 
2025-05-23 10:51:09 | INFO |       19.559 ¦     1887           2              0.010 
2025-05-23 10:51:09 | INFO |       19.569 ¦     1888           2              0.010 
2025-05-23 10:51:09 | INFO |       19.579 ¦     1889           2              0.010 
2025-05-23 10:51:09 | INFO |       19.589 ¦     1890           2              0.010 
2025-05-23 10:51:09 | INFO |       19.599 ¦     1891           2              0.010 
2025-05-23 10:51:09 | INFO |       19.609 ¦     1892           2              0.010 
2025-05-23 10:51:09 | INFO |       19.619 ¦     1893           2              0.010 
2025-05-23 10:51:09 | INFO |       19.629 ¦     1894           2              0.010 
2025-05-23 10:51:09 | INFO |       19.639 ¦     1895           2              0.010 
2025-05-23 10:51:09 | INFO |       19.649 ¦     1896           2              0.010 
2025-05-23 10:51:09 | INFO |       19.659 ¦     1897           2              0.010 
2025-05-23 10:51:09 | INFO |       19.669 ¦     1898           2              0.010 
2025-05-23 10:51:09 | INFO |       19.679 ¦     1899           2              0.010 
2025-05-23 10:51:09 | INFO |       19.689 ¦     1900           2              0.010 
2025-05-23 10:51:09 | INFO |       19.699 ¦     1901           2              0.010 
2025-05-23 10:51:09 | INFO |       19.709 ¦     1902           2              0.010 
2025-05-23 10:51:09 | INFO |       19.719 ¦     1903           2              0.010 
2025-05-23 10:51:09 | INFO |       19.729 ¦     1904           2              0.010 
2025-05-23 10:51:09 | INFO |       19.739 ¦     1905           2              0.010 
2025-05-23 10:51:09 | INFO |       19.749 ¦     1906           2              0.010 
2025-05-23 10:51:09 | INFO |       19.759 ¦     1907           2              0.010 
2025-05-23 10:51:09 | INFO |       19.769 ¦     1908           2              0.010 
2025-05-23 10:51:09 | INFO |       19.779 ¦     1909           2              0.010 
2025-05-23 10:51:09 | INFO |       19.789 ¦     1910           2              0.010 
2025-05-23 10:51:09 | INFO |       19.799 ¦     1911           2              0.010 
2025-05-23 10:51:09 | INFO |       19.809 ¦     1912           2              0.010 
2025-05-23 10:51:09 | INFO |       19.819 ¦     1913           2              0.010 
2025-05-23 10:51:09 | INFO |       19.829 ¦     1914           2              0.010 
2025-05-23 10:51:09 | INFO |       19.839 ¦     1915           2              0.010 
2025-05-23 10:51:09 | INFO |       19.849 ¦     1916           2              0.010 
2025-05-23 10:51:09 | INFO |       19.859 ¦     1917           2              0.010 
2025-05-23 10:51:09 | INFO |       19.869 ¦     1918           2              0.010 
2025-05-23 10:51:09 | INFO |       19.879 ¦     1919           2              0.010 
2025-05-23 10:51:09 | INFO |       19.889 ¦     1920           2              0.010 
2025-05-23 10:51:09 | INFO |       19.899 ¦     1921           2              0.010 
2025-05-23 10:51:09 | INFO |       19.909 ¦     1922           2              0.010 
2025-05-23 10:51:09 | INFO |       19.919 ¦     1923           2              0.010 
2025-05-23 10:51:09 | INFO |       19.929 ¦     1924           2              0.010 
2025-05-23 10:51:09 | INFO |       19.939 ¦     1925           2              0.010 
2025-05-23 10:51:09 | INFO |       19.949 ¦     1926           2              0.010 
2025-05-23 10:51:09 | INFO |       19.959 ¦     1927           2              0.010 
2025-05-23 10:51:09 | INFO |       19.969 ¦     1928           2              0.010 
2025-05-23 10:51:09 | INFO |       19.979 ¦     1929           2              0.010 
2025-05-23 10:51:09 | INFO |       19.989 ¦     1930           2              0.010 
2025-05-23 10:51:09 | INFO |       19.999 ¦     1931           2              0.010 
2025-05-23 10:51:09 | INFO | Algebraic mode change at t = 20
2025-05-23 10:51:09 | INFO |       20.000 ¦     1932           2              0.010 
2025-05-23 10:51:09 | INFO | calculation of the new starting point of the simulation.
2025-05-23 10:51:09 | INFO | Algebraic mode change at t = 20
2025-05-23 10:51:09 | INFO |       20.000 ¦        0           0              0.000 
2025-05-23 10:51:09 | INFO |       20.000 ¦        1           1              0.000 
2025-05-23 10:51:09 | INFO |       20.000 ¦        2           1              0.000 
2025-05-23 10:51:09 | INFO |       20.000 ¦        3           2              0.000 
2025-05-23 10:51:09 | INFO |       20.000 ¦        4           2              0.000 
2025-05-23 10:51:09 | INFO |       20.000 ¦        5           2              0.000 
2025-05-23 10:51:09 | INFO |       20.000 ¦        6           2              0.000 
2025-05-23 10:51:09 | INFO |       20.000 ¦        7           2              0.000 
2025-05-23 10:51:09 | INFO |       20.000 ¦        8           2              0.000 
2025-05-23 10:51:09 | INFO | Algebraic mode change at t = 20.0002
2025-05-23 10:51:09 | INFO |       20.000 ¦        9           2              0.000 
2025-05-23 10:51:09 | INFO | calculation of the new starting point of the simulation.
2025-05-23 10:51:09 | INFO |       20.000 ¦        0           0              0.000 
2025-05-23 10:51:09 | INFO |       20.000 ¦        1           1              0.000 
2025-05-23 10:51:09 | INFO |       20.000 ¦        2           1              0.000 
2025-05-23 10:51:09 | INFO |       20.000 ¦        3           2              0.000 
2025-05-23 10:51:09 | INFO |       20.000 ¦        4           2              0.000 
2025-05-23 10:51:09 | INFO |       20.000 ¦        5           2              0.000 
2025-05-23 10:51:09 | INFO |       20.000 ¦        6           2              0.000 
2025-05-23 10:51:09 | INFO |       20.000 ¦        7           2              0.000 
2025-05-23 10:51:09 | INFO |       20.000 ¦        8           2              0.000 
2025-05-23 10:51:09 | INFO |       20.000 ¦        9           2              0.000 
2025-05-23 10:51:09 | INFO |       20.001 ¦       10           2              0.000 
2025-05-23 10:51:09 | INFO |       20.001 ¦       11           2              0.000 
2025-05-23 10:51:09 | INFO |       20.001 ¦       12           2              0.000 
2025-05-23 10:51:09 | INFO |       20.001 ¦       13           2              0.000 
2025-05-23 10:51:09 | INFO |       20.001 ¦       14           2              0.000 
2025-05-23 10:51:09 | INFO |       20.001 ¦       15           2              0.000 
2025-05-23 10:51:09 | INFO | Algebraic mode change at t = 20.0013
2025-05-23 10:51:09 | INFO |       20.001 ¦       16           2              0.000 
2025-05-23 10:51:09 | INFO | calculation of the new starting point of the simulation.
2025-05-23 10:51:09 | INFO |       20.001 ¦        0           0              0.000 
2025-05-23 10:51:09 | INFO | Algebraic mode change at t = 20.0013
2025-05-23 10:51:09 | INFO |       20.001 ¦        1           1              0.000 
2025-05-23 10:51:09 | INFO | calculation of the new starting point of the simulation.
2025-05-23 10:51:09 | INFO |       20.001 ¦        0           0              0.000 
2025-05-23 10:51:09 | INFO |       20.001 ¦        1           1              0.000 
2025-05-23 10:51:09 | INFO |       20.001 ¦        2           1              0.000 
2025-05-23 10:51:09 | INFO |       20.001 ¦        3           2              0.000 
2025-05-23 10:51:09 | INFO |       20.001 ¦        4           2              0.000 
2025-05-23 10:51:09 | INFO |       20.001 ¦        5           2              0.000 
2025-05-23 10:51:09 | INFO |       20.001 ¦        6           2              0.000 
2025-05-23 10:51:09 | INFO |       20.001 ¦        7           2              0.000 
2025-05-23 10:51:09 | INFO |       20.001 ¦        8           2              0.000 
2025-05-23 10:51:09 | INFO |       20.002 ¦        9           2              0.000 
2025-05-23 10:51:09 | INFO |       20.002 ¦       10           2              0.000 
2025-05-23 10:51:09 | INFO |       20.002 ¦       11           2              0.000 
2025-05-23 10:51:09 | INFO |       20.002 ¦       12           2              0.000 
2025-05-23 10:51:09 | INFO |       20.002 ¦       13           2              0.000 
2025-05-23 10:51:09 | INFO |       20.002 ¦       14           2              0.000 
2025-05-23 10:51:09 | INFO |       20.002 ¦       15           2              0.000 
2025-05-23 10:51:09 | INFO |       20.002 ¦       16           2              0.000 
2025-05-23 10:51:09 | INFO |       20.003 ¦       17           2              0.000 
2025-05-23 10:51:09 | INFO |       20.003 ¦       18           2              0.000 
2025-05-23 10:51:09 | INFO |       20.003 ¦       19           2              0.000 
2025-05-23 10:51:09 | INFO | Algebraic mode change at t = 20.0034
2025-05-23 10:51:09 | INFO |       20.003 ¦       20           2              0.000 
2025-05-23 10:51:09 | INFO | calculation of the new starting point of the simulation.
2025-05-23 10:51:09 | INFO |       20.003 ¦        0           0              0.000 
2025-05-23 10:51:09 | INFO |       20.003 ¦        1           1              0.000 
2025-05-23 10:51:09 | INFO |       20.003 ¦        2           1              0.000 
2025-05-23 10:51:09 | INFO |       20.003 ¦        3           2              0.000 
2025-05-23 10:51:09 | INFO |       20.003 ¦        4           2              0.000 
2025-05-23 10:51:09 | INFO |       20.003 ¦        5           2              0.000 
2025-05-23 10:51:09 | INFO |       20.003 ¦        6           2              0.000 
2025-05-23 10:51:09 | INFO |       20.003 ¦        7           2              0.000 
2025-05-23 10:51:09 | INFO |       20.003 ¦        8           2              0.000 
2025-05-23 10:51:09 | INFO |       20.004 ¦        9           2              0.000 
2025-05-23 10:51:09 | INFO |       20.004 ¦       10           1              0.000 
2025-05-23 10:51:09 | INFO |       20.004 ¦       11           1              0.000 
2025-05-23 10:51:09 | INFO |       20.004 ¦       12           1              0.000 
2025-05-23 10:51:09 | INFO |       20.004 ¦       13           1              0.000 
2025-05-23 10:51:09 | INFO | Algebraic mode (with J recalculation) change at t = 20.0045
2025-05-23 10:51:09 | INFO |       20.004 ¦       14           1              0.000 
2025-05-23 10:51:09 | INFO | calculation of the new starting point of the simulation.
2025-05-23 10:51:09 | INFO |       20.004 ¦        0           0              0.000 
2025-05-23 10:51:09 | INFO | Algebraic mode change at t = 20.0045
2025-05-23 10:51:09 | INFO |       20.004 ¦        1           1              0.000 
2025-05-23 10:51:09 | INFO | calculation of the new starting point of the simulation.
2025-05-23 10:51:09 | INFO |       20.004 ¦        0           0              0.000 
2025-05-23 10:51:09 | INFO |       20.004 ¦        1           1              0.000 
2025-05-23 10:51:09 | INFO |       20.004 ¦        2           1              0.000 
2025-05-23 10:51:09 | INFO |       20.004 ¦        3           2              0.000 
2025-05-23 10:51:09 | INFO |       20.004 ¦        4           2              0.000 
2025-05-23 10:51:09 | INFO |       20.004 ¦        5           2              0.000 
2025-05-23 10:51:09 | INFO |       20.005 ¦        6           2              0.000 
2025-05-23 10:51:09 | INFO |       20.005 ¦        7           2              0.000 
2025-05-23 10:51:09 | INFO |       20.005 ¦        8           2              0.000 
2025-05-23 10:51:09 | INFO |       20.005 ¦        9           2              0.000 
2025-05-23 10:51:09 | INFO |       20.005 ¦       10           2              0.000 
2025-05-23 10:51:09 | INFO |       20.006 ¦       11           2              0.001 
2025-05-23 10:51:09 | INFO | Algebraic mode change at t = 20.0056
2025-05-23 10:51:09 | INFO |       20.006 ¦       12           2              0.001 
2025-05-23 10:51:09 | INFO | calculation of the new starting point of the simulation.
2025-05-23 10:51:09 | INFO |       20.006 ¦        0           0              0.000 
2025-05-23 10:51:09 | INFO |       20.006 ¦        1           1              0.000 
2025-05-23 10:51:09 | INFO |       20.006 ¦        2           1              0.000 
2025-05-23 10:51:09 | INFO |       20.006 ¦        3           2              0.000 
2025-05-23 10:51:09 | INFO |       20.006 ¦        4           2              0.000 
2025-05-23 10:51:09 | INFO |       20.006 ¦        5           2              0.000 
2025-05-23 10:51:09 | INFO |       20.006 ¦        6           2              0.000 
2025-05-23 10:51:09 | INFO |       20.006 ¦        7           2              0.000 
2025-05-23 10:51:09 | INFO |       20.006 ¦        8           2              0.000 
2025-05-23 10:51:09 | INFO |       20.006 ¦        9           2              0.000 
2025-05-23 10:51:09 | INFO |       20.006 ¦       10           2              0.000 
2025-05-23 10:51:09 | INFO |       20.006 ¦       11           2              0.000 
2025-05-23 10:51:09 | INFO |       20.007 ¦       12           2              0.000 
2025-05-23 10:51:09 | INFO |       20.007 ¦       13           2              0.000 
2025-05-23 10:51:09 | INFO |       20.007 ¦       14           2              0.000 
2025-05-23 10:51:09 | INFO |       20.007 ¦       15           2              0.000 
2025-05-23 10:51:09 | INFO | Algebraic mode (with J recalculation) change at t = 20.0076
2025-05-23 10:51:09 | INFO |       20.008 ¦       16           2              0.001 
2025-05-23 10:51:09 | INFO | calculation of the new starting point of the simulation.
2025-05-23 10:51:09 | INFO |       20.008 ¦        0           0              0.000 
2025-05-23 10:51:09 | INFO |       20.008 ¦        1           1              0.000 
2025-05-23 10:51:09 | INFO |       20.008 ¦        2           1              0.000 
2025-05-23 10:51:09 | INFO |       20.008 ¦        3           2              0.000 
2025-05-23 10:51:09 | INFO |       20.008 ¦        4           2              0.000 
2025-05-23 10:51:09 | INFO |       20.008 ¦        5           2              0.000 
2025-05-23 10:51:09 | INFO |       20.008 ¦        6           2              0.000 
2025-05-23 10:51:09 | INFO |       20.008 ¦        7           2              0.000 
2025-05-23 10:51:09 | INFO |       20.008 ¦        8           2              0.000 
2025-05-23 10:51:09 | INFO |       20.008 ¦        9           2              0.000 
2025-05-23 10:51:09 | INFO |       20.008 ¦       10           2              0.000 
2025-05-23 10:51:09 | INFO |       20.008 ¦       11           2              0.000 
2025-05-23 10:51:09 | INFO |       20.009 ¦       12           2              0.000 
2025-05-23 10:51:09 | INFO |       20.009 ¦       13           2              0.001 
2025-05-23 10:51:09 | INFO |       20.010 ¦       14           2              0.001 
2025-05-23 10:51:09 | INFO |       20.010 ¦       15           2              0.001 
2025-05-23 10:51:09 | INFO |       20.011 ¦       16           2              0.001 
2025-05-23 10:51:09 | INFO |       20.011 ¦       17           2              0.001 
2025-05-23 10:51:09 | INFO |       20.012 ¦       18           2              0.001 
2025-05-23 10:51:09 | INFO |       20.013 ¦       19           2              0.001 
2025-05-23 10:51:09 | INFO |       20.014 ¦       20           2              0.001 
2025-05-23 10:51:09 | INFO |       20.015 ¦       21           2              0.001 
2025-05-23 10:51:09 | INFO |       20.016 ¦       22           2              0.001 
2025-05-23 10:51:09 | INFO |       20.017 ¦       23           2              0.001 
2025-05-23 10:51:09 | INFO |       20.018 ¦       24           2              0.001 
2025-05-23 10:51:09 | INFO |       20.019 ¦       25           2              0.001 
2025-05-23 10:51:09 | INFO |       20.020 ¦       26           2              0.001 
2025-05-23 10:51:09 | INFO |       20.021 ¦       27           2              0.001 
2025-05-23 10:51:09 | INFO |       20.022 ¦       28           2              0.001 
2025-05-23 10:51:09 | INFO |       20.024 ¦       29           2              0.001 
2025-05-23 10:51:09 | INFO |       20.025 ¦       30           2              0.001 
2025-05-23 10:51:09 | INFO |       20.026 ¦       31           2              0.001 
2025-05-23 10:51:09 | INFO |       20.028 ¦       32           2              0.002 
2025-05-23 10:51:09 | INFO |       20.029 ¦       33           2              0.002 
2025-05-23 10:51:09 | INFO |       20.031 ¦       34           2              0.002 
2025-05-23 10:51:09 | INFO |       20.033 ¦       35           2              0.002 
2025-05-23 10:51:09 | INFO |       20.035 ¦       36           2              0.002 
2025-05-23 10:51:09 | INFO |       20.037 ¦       37           2              0.002 
2025-05-23 10:51:09 | INFO |       20.039 ¦       38           2              0.002 
2025-05-23 10:51:09 | INFO |       20.041 ¦       39           2              0.002 
2025-05-23 10:51:09 | INFO |       20.042 ¦       40           2              0.002 
2025-05-23 10:51:09 | INFO |       20.044 ¦       41           2              0.002 
2025-05-23 10:51:09 | INFO |       20.046 ¦       42           2              0.002 
2025-05-23 10:51:09 | INFO |       20.050 ¦       43           2              0.004 
2025-05-23 10:51:09 | INFO | Algebraic mode change at t = 20.053
2025-05-23 10:51:09 | INFO |       20.053 ¦       44           2              0.004 
2025-05-23 10:51:09 | INFO | calculation of the new starting point of the simulation.
2025-05-23 10:51:09 | INFO |       20.053 ¦        0           0              0.000 
2025-05-23 10:51:09 | INFO |       20.053 ¦        1           1              0.000 
2025-05-23 10:51:09 | INFO |       20.053 ¦        2           1              0.000 
2025-05-23 10:51:09 | INFO |       20.053 ¦        3           2              0.000 
2025-05-23 10:51:09 | INFO |       20.053 ¦        4           2              0.000 
2025-05-23 10:51:09 | INFO |       20.053 ¦        5           2              0.000 
2025-05-23 10:51:09 | INFO |       20.053 ¦        6           2              0.000 
2025-05-23 10:51:09 | INFO |       20.053 ¦        7           2              0.000 
2025-05-23 10:51:09 | INFO |       20.053 ¦        8           2              0.000 
2025-05-23 10:51:09 | INFO |       20.053 ¦        9           2              0.000 
2025-05-23 10:51:09 | INFO |       20.054 ¦       10           2              0.000 
2025-05-23 10:51:09 | INFO | Algebraic mode change at t = 20.0536
2025-05-23 10:51:09 | INFO |       20.054 ¦       11           2              0.001 
2025-05-23 10:51:09 | INFO | calculation of the new starting point of the simulation.
2025-05-23 10:51:09 | INFO |       20.054 ¦        0           0              0.000 
2025-05-23 10:51:09 | INFO |       20.054 ¦        1           1              0.000 
2025-05-23 10:51:09 | INFO |       20.054 ¦        2           1              0.000 
2025-05-23 10:51:09 | INFO |       20.054 ¦        3           2              0.000 
2025-05-23 10:51:09 | INFO |       20.054 ¦        4           2              0.000 
2025-05-23 10:51:09 | INFO |       20.054 ¦        5           2              0.000 
2025-05-23 10:51:09 | INFO |       20.054 ¦        6           2              0.000 
2025-05-23 10:51:09 | INFO |       20.054 ¦        7           2              0.000 
2025-05-23 10:51:09 | INFO |       20.054 ¦        8           2              0.000 
2025-05-23 10:51:09 | INFO |       20.054 ¦        9           2              0.000 
2025-05-23 10:51:09 | INFO |       20.054 ¦       10           2              0.000 
2025-05-23 10:51:09 | INFO |       20.055 ¦       11           2              0.001 
2025-05-23 10:51:09 | INFO |       20.056 ¦       12           2              0.001 
2025-05-23 10:51:09 | INFO |       20.058 ¦       13           2              0.002 
2025-05-23 10:51:09 | INFO |       20.062 ¦       14           2              0.004 
2025-05-23 10:51:09 | INFO |       20.066 ¦       15           2              0.004 
2025-05-23 10:51:09 | INFO |       20.070 ¦       16           2              0.004 
2025-05-23 10:51:09 | INFO |       20.074 ¦       17           2              0.004 
2025-05-23 10:51:09 | INFO |       20.078 ¦       18           2              0.004 
2025-05-23 10:51:09 | INFO |       20.082 ¦       19           2              0.004 
2025-05-23 10:51:09 | INFO |       20.086 ¦       20           2              0.004 
2025-05-23 10:51:09 | INFO |       20.095 ¦       21           2              0.008 
2025-05-23 10:51:09 | INFO | Algebraic mode change at t = 20.1
2025-05-23 10:51:09 | INFO |       20.100 ¦       22           2              0.008 
2025-05-23 10:51:09 | INFO | calculation of the new starting point of the simulation.
2025-05-23 10:51:09 | INFO | Algebraic mode change at t = 20.1
2025-05-23 10:51:09 | INFO |       20.100 ¦        0           0              0.000 
2025-05-23 10:51:09 | INFO |       20.100 ¦        1           1              0.000 
2025-05-23 10:51:09 | INFO |       20.100 ¦        2           1              0.000 
2025-05-23 10:51:09 | INFO |       20.100 ¦        3           2              0.000 
2025-05-23 10:51:09 | INFO |       20.100 ¦        4           2              0.000 
2025-05-23 10:51:09 | INFO |       20.100 ¦        5           2              0.000 
2025-05-23 10:51:09 | INFO |       20.100 ¦        6           2              0.000 
2025-05-23 10:51:09 | INFO |       20.100 ¦        7           2              0.000 
2025-05-23 10:51:09 | INFO |       20.100 ¦        8           2              0.000 
2025-05-23 10:51:09 | INFO |       20.100 ¦        9           2              0.000 
2025-05-23 10:51:09 | INFO | Algebraic mode change at t = 20.1004
2025-05-23 10:51:09 | INFO |       20.100 ¦       10           2              0.000 
2025-05-23 10:51:09 | INFO | calculation of the new starting point of the simulation.
2025-05-23 10:51:09 | INFO |       20.100 ¦        0           0              0.000 
2025-05-23 10:51:09 | INFO |       20.100 ¦        1           1              0.000 
2025-05-23 10:51:09 | INFO |       20.100 ¦        2           1              0.000 
2025-05-23 10:51:09 | INFO |       20.100 ¦        3           2              0.000 
2025-05-23 10:51:09 | INFO |       20.100 ¦        4           2              0.000 
2025-05-23 10:51:09 | INFO |       20.100 ¦        5           2              0.000 
2025-05-23 10:51:09 | INFO |       20.100 ¦        6           2              0.000 
2025-05-23 10:51:09 | INFO |       20.100 ¦        7           2              0.000 
2025-05-23 10:51:09 | INFO |       20.101 ¦        8           2              0.000 
2025-05-23 10:51:09 | INFO |       20.101 ¦        9           2              0.000 
2025-05-23 10:51:09 | INFO |       20.101 ¦       10           2              0.000 
2025-05-23 10:51:09 | INFO |       20.101 ¦       11           2              0.000 
2025-05-23 10:51:09 | INFO |       20.101 ¦       12           2              0.000 
2025-05-23 10:51:09 | INFO |       20.101 ¦       13           2              0.000 
2025-05-23 10:51:09 | INFO |       20.101 ¦       14           2              0.000 
2025-05-23 10:51:09 | INFO |       20.101 ¦       15           2              0.000 
2025-05-23 10:51:09 | INFO |       20.102 ¦       16           2              0.000 
2025-05-23 10:51:09 | INFO |       20.102 ¦       17           1              0.000 
2025-05-23 10:51:09 | INFO |       20.102 ¦       18           1              0.000 
2025-05-23 10:51:09 | INFO |       20.103 ¦       19           1              0.000 
2025-05-23 10:51:09 | INFO |       20.103 ¦       20           2              0.001 
2025-05-23 10:51:09 | INFO |       20.104 ¦       21           2              0.001 
2025-05-23 10:51:09 | INFO |       20.105 ¦       22           2              0.001 
2025-05-23 10:51:09 | INFO |       20.105 ¦       23           2              0.001 
2025-05-23 10:51:09 | INFO |       20.106 ¦       24           2              0.001 
2025-05-23 10:51:09 | INFO |       20.107 ¦       25           2              0.001 
2025-05-23 10:51:09 | INFO | Algebraic mode change at t = 20.1077
2025-05-23 10:51:09 | INFO |       20.108 ¦       26           2              0.001 
2025-05-23 10:51:09 | INFO | calculation of the new starting point of the simulation.
2025-05-23 10:51:09 | INFO |       20.108 ¦        0           0              0.000 
2025-05-23 10:51:09 | INFO |       20.108 ¦        1           1              0.000 
2025-05-23 10:51:09 | INFO |       20.108 ¦        2           1              0.000 
2025-05-23 10:51:09 | INFO |       20.108 ¦        3           2              0.000 
2025-05-23 10:51:09 | INFO |       20.108 ¦        4           2              0.000 
2025-05-23 10:51:09 | INFO |       20.108 ¦        5           2              0.000 
2025-05-23 10:51:09 | INFO |       20.108 ¦        6           2              0.000 
2025-05-23 10:51:09 | INFO |       20.108 ¦        7           2              0.000 
2025-05-23 10:51:09 | INFO |       20.108 ¦        8           2              0.000 
2025-05-23 10:51:09 | INFO |       20.108 ¦        9           2              0.000 
2025-05-23 10:51:09 | INFO |       20.108 ¦       10           2              0.000 
2025-05-23 10:51:09 | INFO |       20.109 ¦       11           2              0.001 
2025-05-23 10:51:09 | INFO |       20.110 ¦       12           2              0.001 
2025-05-23 10:51:09 | INFO |       20.112 ¦       13           2              0.002 
2025-05-23 10:51:09 | INFO |       20.114 ¦       14           2              0.002 
2025-05-23 10:51:09 | INFO |       20.116 ¦       15           2              0.002 
2025-05-23 10:51:09 | INFO | Algebraic mode change at t = 20.1169
2025-05-23 10:51:09 | INFO |       20.117 ¦       16           2              0.002 
2025-05-23 10:51:09 | INFO | calculation of the new starting point of the simulation.
2025-05-23 10:51:09 | INFO |       20.117 ¦        0           0              0.000 
2025-05-23 10:51:09 | INFO |       20.117 ¦        1           1              0.000 
2025-05-23 10:51:09 | INFO |       20.117 ¦        2           1              0.000 
2025-05-23 10:51:09 | INFO | Algebraic mode change at t = 20.1169
2025-05-23 10:51:09 | INFO |       20.117 ¦        3           2              0.000 
2025-05-23 10:51:09 | INFO | calculation of the new starting point of the simulation.
2025-05-23 10:51:09 | INFO |       20.117 ¦        0           0              0.000 
2025-05-23 10:51:09 | INFO |       20.117 ¦        1           1              0.000 
2025-05-23 10:51:09 | INFO |       20.117 ¦        2           1              0.000 
2025-05-23 10:51:09 | INFO |       20.117 ¦        3           2              0.000 
2025-05-23 10:51:09 | INFO |       20.117 ¦        4           2              0.000 
2025-05-23 10:51:09 | INFO |       20.117 ¦        5           2              0.000 
2025-05-23 10:51:09 | INFO |       20.117 ¦        6           2              0.000 
2025-05-23 10:51:09 | INFO |       20.117 ¦        7           2              0.000 
2025-05-23 10:51:09 | INFO |       20.117 ¦        8           2              0.000 
2025-05-23 10:51:09 | INFO |       20.117 ¦        9           2              0.000 
2025-05-23 10:51:09 | INFO |       20.117 ¦       10           2              0.000 
2025-05-23 10:51:09 | INFO |       20.118 ¦       11           2              0.001 
2025-05-23 10:51:09 | INFO |       20.119 ¦       12           2              0.001 
2025-05-23 10:51:09 | INFO |       20.121 ¦       13           2              0.002 
2025-05-23 10:51:09 | INFO |       20.123 ¦       14           2              0.002 
2025-05-23 10:51:09 | INFO |       20.127 ¦       15           2              0.004 
2025-05-23 10:51:09 | INFO |       20.131 ¦       16           2              0.004 
2025-05-23 10:51:09 | INFO |       20.135 ¦       17           2              0.004 
2025-05-23 10:51:09 | INFO |       20.139 ¦       18           2              0.004 
2025-05-23 10:51:09 | INFO | Algebraic mode change at t = 20.1403
2025-05-23 10:51:09 | INFO |       20.140 ¦       19           2              0.004 
2025-05-23 10:51:09 | INFO | calculation of the new starting point of the simulation.
2025-05-23 10:51:09 | INFO |       20.140 ¦        0           0              0.000 
2025-05-23 10:51:09 | INFO |       20.140 ¦        1           1              0.000 
2025-05-23 10:51:09 | INFO |       20.140 ¦        2           1              0.000 
2025-05-23 10:51:09 | INFO |       20.140 ¦        3           2              0.000 
2025-05-23 10:51:09 | INFO |       20.140 ¦        4           2              0.000 
2025-05-23 10:51:09 | INFO |       20.140 ¦        5           2              0.000 
2025-05-23 10:51:09 | INFO |       20.140 ¦        6           2              0.000 
2025-05-23 10:51:09 | INFO |       20.140 ¦        7           2              0.000 
2025-05-23 10:51:09 | INFO |       20.140 ¦        8           2              0.000 
2025-05-23 10:51:09 | INFO |       20.141 ¦        9           2              0.000 
2025-05-23 10:51:09 | INFO |       20.141 ¦       10           2              0.000 
2025-05-23 10:51:09 | INFO |       20.141 ¦       11           2              0.001 
2025-05-23 10:51:09 | INFO | Algebraic mode change at t = 20.1417
2025-05-23 10:51:09 | INFO |       20.142 ¦       12           2              0.001 
2025-05-23 10:51:09 | INFO | calculation of the new starting point of the simulation.
2025-05-23 10:51:09 | INFO |       20.142 ¦        0           0              0.000 
2025-05-23 10:51:09 | INFO |       20.142 ¦        1           1              0.000 
2025-05-23 10:51:09 | INFO |       20.142 ¦        2           1              0.000 
2025-05-23 10:51:09 | INFO |       20.142 ¦        3           2              0.000 
2025-05-23 10:51:09 | INFO |       20.142 ¦        4           2              0.000 
2025-05-23 10:51:09 | INFO |       20.142 ¦        5           2              0.000 
2025-05-23 10:51:09 | INFO |       20.142 ¦        6           2              0.000 
2025-05-23 10:51:09 | INFO |       20.142 ¦        7           2              0.000 
2025-05-23 10:51:09 | INFO |       20.142 ¦        8           2              0.000 
2025-05-23 10:51:09 | INFO |       20.142 ¦        9           2              0.000 
2025-05-23 10:51:09 | INFO |       20.142 ¦       10           2              0.000 
2025-05-23 10:51:09 | INFO |       20.143 ¦       11           2              0.001 
2025-05-23 10:51:09 | INFO |       20.144 ¦       12           2              0.001 
2025-05-23 10:51:09 | INFO |       20.146 ¦       13           2              0.002 
2025-05-23 10:51:09 | INFO |       20.150 ¦       14           2              0.004 
2025-05-23 10:51:09 | INFO |       20.158 ¦       15           2              0.008 
2025-05-23 10:51:09 | INFO |       20.166 ¦       16           2              0.008 
2025-05-23 10:51:09 | INFO |       20.175 ¦       17           2              0.008 
2025-05-23 10:51:09 | INFO | Algebraic mode change at t = 20.1783
2025-05-23 10:51:09 | INFO |       20.178 ¦       18           2              0.008 
2025-05-23 10:51:09 | INFO | calculation of the new starting point of the simulation.
2025-05-23 10:51:09 | INFO |       20.178 ¦        0           0              0.000 
2025-05-23 10:51:09 | INFO |       20.178 ¦        1           1              0.000 
2025-05-23 10:51:09 | INFO |       20.178 ¦        2           1              0.000 
2025-05-23 10:51:09 | INFO |       20.178 ¦        3           2              0.000 
2025-05-23 10:51:09 | INFO |       20.178 ¦        4           2              0.000 
2025-05-23 10:51:09 | INFO |       20.178 ¦        5           2              0.000 
2025-05-23 10:51:09 | INFO |       20.178 ¦        6           2              0.000 
2025-05-23 10:51:09 | INFO |       20.178 ¦        7           2              0.000 
2025-05-23 10:51:09 | INFO |       20.178 ¦        8           2              0.000 
2025-05-23 10:51:09 | INFO |       20.179 ¦        9           2              0.000 
2025-05-23 10:51:09 | INFO |       20.179 ¦       10           2              0.000 
2025-05-23 10:51:09 | INFO |       20.179 ¦       11           2              0.001 
2025-05-23 10:51:09 | INFO |       20.180 ¦       12           2              0.001 
2025-05-23 10:51:09 | INFO |       20.182 ¦       13           2              0.002 
2025-05-23 10:51:09 | INFO |       20.184 ¦       14           2              0.002 
2025-05-23 10:51:09 | INFO |       20.188 ¦       15           2              0.004 
2025-05-23 10:51:09 | INFO |       20.193 ¦       16           2              0.004 
2025-05-23 10:51:09 | INFO |       20.201 ¦       17           2              0.008 
2025-05-23 10:51:09 | INFO |       20.209 ¦       18           2              0.008 
2025-05-23 10:51:09 | INFO |       20.217 ¦       19           2              0.008 
2025-05-23 10:51:09 | INFO |       20.225 ¦       20           2              0.008 
2025-05-23 10:51:09 | INFO |       20.234 ¦       21           2              0.008 
2025-05-23 10:51:09 | INFO |       20.242 ¦       22           2              0.008 
2025-05-23 10:51:09 | INFO |       20.250 ¦       23           2              0.008 
2025-05-23 10:51:09 | INFO |       20.260 ¦       24           2              0.010 
2025-05-23 10:51:09 | INFO |       20.270 ¦       25           2              0.010 
2025-05-23 10:51:09 | INFO |       20.280 ¦       26           2              0.010 
2025-05-23 10:51:09 | INFO |       20.290 ¦       27           2              0.010 
2025-05-23 10:51:09 | INFO |       20.300 ¦       28           2              0.010 
2025-05-23 10:51:09 | INFO |       20.310 ¦       29           2              0.010 
2025-05-23 10:51:09 | INFO |       20.320 ¦       30           2              0.010 
2025-05-23 10:51:09 | INFO |       20.330 ¦       31           2              0.010 
2025-05-23 10:51:09 | INFO | Algebraic mode (with J recalculation) change at t = 20.3345
2025-05-23 10:51:09 | INFO |       20.334 ¦       32           2              0.010 
2025-05-23 10:51:09 | INFO | calculation of the new starting point of the simulation.
2025-05-23 10:51:09 | INFO | Algebraic mode change at t = 20.3345
2025-05-23 10:51:09 | INFO |       20.334 ¦        0           0              0.000 
2025-05-23 10:51:09 | INFO |       20.334 ¦        1           1              0.000 
2025-05-23 10:51:09 | INFO |       20.334 ¦        2           1              0.000 
2025-05-23 10:51:09 | INFO |       20.334 ¦        3           2              0.000 
2025-05-23 10:51:09 | INFO |       20.334 ¦        4           2              0.000 
2025-05-23 10:51:09 | INFO |       20.334 ¦        5           2              0.000 
2025-05-23 10:51:09 | INFO |       20.335 ¦        6           2              0.000 
2025-05-23 10:51:09 | INFO |       20.335 ¦        7           2              0.000 
2025-05-23 10:51:09 | INFO | Algebraic mode change at t = 20.3346
2025-05-23 10:51:09 | INFO |       20.335 ¦        8           2              0.000 
2025-05-23 10:51:09 | INFO | calculation of the new starting point of the simulation.
2025-05-23 10:51:09 | INFO |       20.335 ¦        0           0              0.000 
2025-05-23 10:51:09 | INFO |       20.335 ¦        1           1              0.000 
2025-05-23 10:51:09 | INFO |       20.335 ¦        2           1              0.000 
2025-05-23 10:51:09 | INFO |       20.335 ¦        3           2              0.000 
2025-05-23 10:51:09 | INFO |       20.335 ¦        4           2              0.000 
2025-05-23 10:51:09 | INFO |       20.335 ¦        5           2              0.000 
2025-05-23 10:51:09 | INFO |       20.335 ¦        6           2              0.000 
2025-05-23 10:51:09 | INFO |       20.335 ¦        7           2              0.000 
2025-05-23 10:51:09 | INFO |       20.335 ¦        8           2              0.000 
2025-05-23 10:51:09 | INFO |       20.335 ¦        9           2              0.000 
2025-05-23 10:51:09 | INFO |       20.335 ¦       10           2              0.000 
2025-05-23 10:51:09 | INFO |       20.335 ¦       11           2              0.000 
2025-05-23 10:51:09 | INFO |       20.335 ¦       12           2              0.000 
2025-05-23 10:51:09 | INFO |       20.335 ¦       13           2              0.000 
2025-05-23 10:51:09 | INFO |       20.335 ¦       14           2              0.000 
2025-05-23 10:51:09 | INFO |       20.335 ¦       15           2              0.000 
2025-05-23 10:51:09 | INFO |       20.335 ¦       16           2              0.000 
2025-05-23 10:51:09 | INFO |       20.335 ¦       17           2              0.000 
2025-05-23 10:51:09 | INFO | Algebraic mode (with J recalculation) change at t = 20.3353
2025-05-23 10:51:09 | INFO |       20.335 ¦       18           2              0.000 
2025-05-23 10:51:09 | INFO | calculation of the new starting point of the simulation.
2025-05-23 10:51:09 | INFO |       20.335 ¦        0           0              0.000 
2025-05-23 10:51:09 | INFO |       20.335 ¦        1           1              0.000 
2025-05-23 10:51:09 | INFO |       20.335 ¦        2           1              0.000 
2025-05-23 10:51:09 | INFO |       20.335 ¦        3           2              0.000 
2025-05-23 10:51:09 | INFO |       20.335 ¦        4           2              0.000 
2025-05-23 10:51:09 | INFO |       20.335 ¦        5           2              0.000 
2025-05-23 10:51:09 | INFO |       20.335 ¦        6           2              0.000 
2025-05-23 10:51:09 | INFO |       20.335 ¦        7           2              0.000 
2025-05-23 10:51:09 | INFO |       20.335 ¦        8           2              0.000 
2025-05-23 10:51:09 | INFO |       20.336 ¦        9           2              0.000 
2025-05-23 10:51:09 | INFO |       20.336 ¦       10           2              0.000 
2025-05-23 10:51:09 | INFO |       20.336 ¦       11           2              0.000 
2025-05-23 10:51:09 | INFO |       20.336 ¦       12           2              0.000 
2025-05-23 10:51:09 | INFO |       20.336 ¦       13           2              0.000 
2025-05-23 10:51:09 | INFO |       20.336 ¦       14           2              0.000 
2025-05-23 10:51:09 | INFO | Algebraic mode change at t = 20.3362
2025-05-23 10:51:09 | INFO |       20.336 ¦       15           2              0.000 
2025-05-23 10:51:09 | INFO | calculation of the new starting point of the simulation.
2025-05-23 10:51:09 | INFO |       20.336 ¦        0           0              0.000 
2025-05-23 10:51:09 | INFO |       20.336 ¦        1           1              0.000 
2025-05-23 10:51:09 | INFO |       20.336 ¦        2           1              0.000 
2025-05-23 10:51:09 | INFO |       20.336 ¦        3           2              0.000 
2025-05-23 10:51:09 | INFO |       20.336 ¦        4           2              0.000 
2025-05-23 10:51:09 | INFO |       20.336 ¦        5           2              0.000 
2025-05-23 10:51:09 | INFO |       20.336 ¦        6           2              0.000 
2025-05-23 10:51:09 | INFO |       20.336 ¦        7           2              0.000 
2025-05-23 10:51:09 | INFO |       20.336 ¦        8           2              0.000 
2025-05-23 10:51:09 | INFO |       20.336 ¦        9           2              0.000 
2025-05-23 10:51:09 | INFO | Algebraic mode (with J recalculation) change at t = 20.3364
2025-05-23 10:51:09 | INFO |       20.336 ¦        9           2              0.000 
2025-05-23 10:51:09 | INFO | calculation of the new starting point of the simulation.
2025-05-23 10:51:09 | INFO |       20.336 ¦        0           0              0.000 
2025-05-23 10:51:09 | INFO |       20.336 ¦        1           1              0.000 
2025-05-23 10:51:09 | INFO |       20.336 ¦        2           1              0.000 
2025-05-23 10:51:09 | INFO |       20.336 ¦        3           2              0.000 
2025-05-23 10:51:09 | INFO |       20.336 ¦        4           2              0.000 
2025-05-23 10:51:09 | INFO |       20.336 ¦        5           2              0.000 
2025-05-23 10:51:09 | INFO |       20.336 ¦        6           2              0.000 
2025-05-23 10:51:09 | INFO |       20.336 ¦        7           2              0.000 
2025-05-23 10:51:09 | INFO |       20.336 ¦        8           2              0.000 
2025-05-23 10:51:09 | INFO |       20.337 ¦        9           2              0.000 
2025-05-23 10:51:09 | INFO |       20.337 ¦       10           2              0.000 
2025-05-23 10:51:09 | INFO |       20.337 ¦       11           2              0.000 
2025-05-23 10:51:09 | INFO |       20.337 ¦       12           2              0.000 
2025-05-23 10:51:09 | INFO |       20.337 ¦       13           2              0.000 
2025-05-23 10:51:09 | INFO | Algebraic mode change at t = 20.3371
2025-05-23 10:51:09 | INFO |       20.337 ¦       14           2              0.000 
2025-05-23 10:51:09 | INFO | calculation of the new starting point of the simulation.
2025-05-23 10:51:09 | INFO |       20.337 ¦        0           0              0.000 
2025-05-23 10:51:09 | INFO |       20.337 ¦        1           1              0.000 
2025-05-23 10:51:09 | INFO |       20.337 ¦        2           1              0.000 
2025-05-23 10:51:09 | INFO |       20.337 ¦        3           2              0.000 
2025-05-23 10:51:09 | INFO |       20.337 ¦        4           2              0.000 
2025-05-23 10:51:09 | INFO |       20.337 ¦        5           2              0.000 
2025-05-23 10:51:09 | INFO |       20.337 ¦        6           2              0.000 
2025-05-23 10:51:09 | INFO |       20.337 ¦        7           2              0.000 
2025-05-23 10:51:09 | INFO |       20.337 ¦        8           2              0.000 
2025-05-23 10:51:09 | INFO |       20.337 ¦        9           2              0.000 
2025-05-23 10:51:09 | INFO |       20.338 ¦       10           2              0.000 
2025-05-23 10:51:09 | INFO |       20.338 ¦       11           2              0.000 
2025-05-23 10:51:09 | INFO |       20.338 ¦       12           2              0.000 
2025-05-23 10:51:09 | INFO |       20.339 ¦       13           2              0.001 
2025-05-23 10:51:09 | INFO |       20.339 ¦       14           2              0.000 
2025-05-23 10:51:09 | INFO |       20.340 ¦       15           2              0.000 
2025-05-23 10:51:09 | INFO |       20.340 ¦       16           2              0.000 
2025-05-23 10:51:09 | INFO |       20.341 ¦       17           2              0.000 
2025-05-23 10:51:09 | INFO |       20.341 ¦       18           2              0.000 
2025-05-23 10:51:09 | INFO |       20.341 ¦       19           2              0.000 
2025-05-23 10:51:09 | INFO |       20.342 ¦       20           2              0.000 
2025-05-23 10:51:09 | INFO |       20.342 ¦       21           2              0.000 
2025-05-23 10:51:09 | INFO |       20.343 ¦       22           2              0.001 
2025-05-23 10:51:09 | INFO | Algebraic mode change at t = 20.3439
2025-05-23 10:51:09 | INFO |       20.344 ¦       23           2              0.001 
2025-05-23 10:51:09 | INFO | calculation of the new starting point of the simulation.
2025-05-23 10:51:09 | INFO |       20.344 ¦        0           0              0.000 
2025-05-23 10:51:09 | INFO | Algebraic mode change at t = 20.3439
2025-05-23 10:51:09 | INFO |       20.344 ¦        1           1              0.000 
2025-05-23 10:51:09 | INFO | calculation of the new starting point of the simulation.
2025-05-23 10:51:09 | INFO |       20.344 ¦        0           0              0.000 
2025-05-23 10:51:09 | INFO |       20.344 ¦        1           1              0.000 
2025-05-23 10:51:09 | INFO |       20.344 ¦        2           1              0.000 
2025-05-23 10:51:09 | INFO |       20.344 ¦        3           2              0.000 
2025-05-23 10:51:09 | INFO |       20.344 ¦        4           2              0.000 
2025-05-23 10:51:09 | INFO |       20.344 ¦        5           2              0.000 
2025-05-23 10:51:09 | INFO |       20.344 ¦        6           2              0.000 
2025-05-23 10:51:09 | INFO |       20.344 ¦        7           2              0.000 
2025-05-23 10:51:09 | INFO |       20.344 ¦        8           2              0.000 
2025-05-23 10:51:09 | INFO |       20.344 ¦        9           2              0.000 
2025-05-23 10:51:09 | INFO |       20.344 ¦       10           2              0.000 
2025-05-23 10:51:09 | INFO |       20.345 ¦       11           2              0.001 
2025-05-23 10:51:09 | INFO |       20.346 ¦       12           2              0.001 
2025-05-23 10:51:09 | INFO |       20.347 ¦       13           2              0.001 
2025-05-23 10:51:09 | INFO |       20.348 ¦       14           2              0.001 
2025-05-23 10:51:09 | INFO |       20.349 ¦       15           2              0.001 
2025-05-23 10:51:09 | INFO |       20.350 ¦       16           2              0.001 
2025-05-23 10:51:09 | INFO |       20.351 ¦       17           2              0.001 
2025-05-23 10:51:09 | INFO |       20.352 ¦       18           2              0.001 
2025-05-23 10:51:09 | INFO |       20.353 ¦       19           2              0.001 
2025-05-23 10:51:09 | INFO |       20.354 ¦       20           2              0.001 
2025-05-23 10:51:09 | INFO |       20.355 ¦       21           2              0.001 
2025-05-23 10:51:09 | INFO |       20.356 ¦       22           2              0.001 
2025-05-23 10:51:09 | INFO |       20.357 ¦       23           2              0.001 
2025-05-23 10:51:09 | INFO |       20.358 ¦       24           2              0.001 
2025-05-23 10:51:09 | INFO |       20.359 ¦       25           2              0.001 
2025-05-23 10:51:09 | INFO |       20.360 ¦       26           2              0.001 
2025-05-23 10:51:09 | INFO |       20.361 ¦       27           2              0.001 
2025-05-23 10:51:09 | INFO |       20.362 ¦       28           2              0.001 
2025-05-23 10:51:09 | INFO |       20.363 ¦       29           2              0.001 
2025-05-23 10:51:09 | INFO |       20.364 ¦       30           2              0.001 
2025-05-23 10:51:09 | INFO |       20.365 ¦       31           2              0.001 
2025-05-23 10:51:09 | INFO |       20.366 ¦       32           2              0.001 
2025-05-23 10:51:09 | INFO |       20.367 ¦       33           2              0.001 
2025-05-23 10:51:09 | INFO |       20.368 ¦       34           2              0.001 
2025-05-23 10:51:09 | INFO |       20.370 ¦       35           2              0.001 
2025-05-23 10:51:09 | INFO |       20.371 ¦       36           2              0.001 
2025-05-23 10:51:09 | INFO |       20.372 ¦       37           2              0.001 
2025-05-23 10:51:09 | INFO |       20.373 ¦       38           2              0.001 
2025-05-23 10:51:09 | INFO |       20.374 ¦       39           2              0.001 
2025-05-23 10:51:09 | INFO |       20.375 ¦       40           2              0.001 
2025-05-23 10:51:09 | INFO |       20.376 ¦       41           2              0.001 
2025-05-23 10:51:09 | INFO |       20.377 ¦       42           2              0.001 
2025-05-23 10:51:09 | INFO |       20.378 ¦       43           2              0.001 
2025-05-23 10:51:09 | INFO |       20.379 ¦       44           2              0.001 
2025-05-23 10:51:09 | INFO |       20.380 ¦       45           2              0.001 
2025-05-23 10:51:09 | INFO |       20.381 ¦       46           2              0.001 
2025-05-23 10:51:09 | INFO |       20.382 ¦       47           2              0.001 
2025-05-23 10:51:09 | INFO |       20.383 ¦       48           2              0.001 
2025-05-23 10:51:09 | INFO |       20.384 ¦       49           2              0.001 
2025-05-23 10:51:09 | INFO |       20.385 ¦       50           2              0.001 
2025-05-23 10:51:09 | INFO |       20.386 ¦       51           2              0.001 
2025-05-23 10:51:09 | INFO |       20.387 ¦       52           2              0.001 
2025-05-23 10:51:09 | INFO |       20.388 ¦       53           2              0.001 
2025-05-23 10:51:09 | INFO |       20.389 ¦       54           2              0.001 
2025-05-23 10:51:09 | INFO |       20.390 ¦       55           2              0.001 
2025-05-23 10:51:09 | INFO |       20.391 ¦       56           2              0.001 
2025-05-23 10:51:09 | INFO |       20.392 ¦       57           2              0.001 
2025-05-23 10:51:09 | INFO |       20.393 ¦       58           2              0.001 
2025-05-23 10:51:09 | INFO |       20.394 ¦       59           2              0.001 
2025-05-23 10:51:09 | INFO |       20.395 ¦       60           2              0.001 
2025-05-23 10:51:09 | INFO |       20.396 ¦       61           2              0.001 
2025-05-23 10:51:09 | INFO |       20.397 ¦       62           2              0.001 
2025-05-23 10:51:09 | INFO |       20.398 ¦       63           2              0.001 
2025-05-23 10:51:09 | INFO |       20.399 ¦       64           2              0.001 
2025-05-23 10:51:09 | INFO |       20.401 ¦       65           2              0.002 
2025-05-23 10:51:09 | INFO |       20.403 ¦       66           2              0.002 
2025-05-23 10:51:09 | INFO |       20.405 ¦       67           2              0.002 
2025-05-23 10:51:09 | INFO |       20.407 ¦       68           2              0.002 
2025-05-23 10:51:09 | INFO |       20.409 ¦       69           2              0.002 
2025-05-23 10:51:09 | INFO |       20.410 ¦       70           2              0.002 
2025-05-23 10:51:09 | INFO |       20.412 ¦       71           2              0.002 
2025-05-23 10:51:09 | INFO |       20.414 ¦       72           2              0.002 
2025-05-23 10:51:09 | INFO |       20.416 ¦       73           2              0.002 
2025-05-23 10:51:09 | INFO |       20.418 ¦       74           2              0.002 
2025-05-23 10:51:09 | INFO |       20.420 ¦       75           2              0.002 
2025-05-23 10:51:09 | INFO |       20.423 ¦       76           2              0.004 
2025-05-23 10:51:09 | INFO |       20.427 ¦       77           2              0.004 
2025-05-23 10:51:09 | INFO |       20.431 ¦       78           2              0.004 
2025-05-23 10:51:09 | INFO |       20.434 ¦       79           2              0.004 
2025-05-23 10:51:09 | INFO |       20.438 ¦       80           2              0.004 
2025-05-23 10:51:09 | INFO |       20.442 ¦       81           2              0.004 
2025-05-23 10:51:09 | INFO |       20.446 ¦       82           2              0.004 
2025-05-23 10:51:09 | INFO |       20.453 ¦       83           2              0.007 
2025-05-23 10:51:09 | INFO |       20.460 ¦       84           2              0.007 
2025-05-23 10:51:09 | INFO |       20.468 ¦       85           2              0.007 
2025-05-23 10:51:09 | INFO |       20.475 ¦       86           2              0.007 
2025-05-23 10:51:09 | INFO |       20.485 ¦       87           2              0.010 
2025-05-23 10:51:09 | INFO | Algebraic mode change at t = 20.4906
2025-05-23 10:51:09 | INFO |       20.491 ¦       88           2              0.010 
2025-05-23 10:51:09 | INFO | calculation of the new starting point of the simulation.
2025-05-23 10:51:09 | INFO |       20.491 ¦        0           0              0.000 
2025-05-23 10:51:09 | INFO |       20.491 ¦        1           1              0.000 
2025-05-23 10:51:09 | INFO |       20.491 ¦        2           1              0.000 
2025-05-23 10:51:09 | INFO |       20.491 ¦        3           2              0.000 
2025-05-23 10:51:09 | INFO |       20.491 ¦        4           2              0.000 
2025-05-23 10:51:09 | INFO |       20.491 ¦        5           2              0.000 
2025-05-23 10:51:09 | INFO |       20.491 ¦        6           2              0.000 
2025-05-23 10:51:09 | INFO |       20.491 ¦        7           2              0.000 
2025-05-23 10:51:09 | INFO |       20.491 ¦        8           2              0.000 
2025-05-23 10:51:09 | INFO |       20.491 ¦        9           2              0.000 
2025-05-23 10:51:09 | INFO |       20.491 ¦       10           2              0.000 
2025-05-23 10:51:09 | INFO |       20.492 ¦       11           2              0.001 
2025-05-23 10:51:09 | INFO |       20.493 ¦       12           2              0.001 
2025-05-23 10:51:09 | INFO |       20.494 ¦       13           2              0.001 
2025-05-23 10:51:09 | INFO |       20.496 ¦       14           2              0.002 
2025-05-23 10:51:09 | INFO |       20.500 ¦       15           1              0.004 
2025-05-23 10:51:09 | INFO |       20.504 ¦       16           1              0.004 
2025-05-23 10:51:09 | INFO |       20.512 ¦       17           1              0.008 
2025-05-23 10:51:09 | INFO |       20.519 ¦       18           1              0.007 
2025-05-23 10:51:09 | INFO |       20.527 ¦       19           1              0.007 
2025-05-23 10:51:09 | INFO |       20.534 ¦       20           1              0.007 
2025-05-23 10:51:09 | INFO |       20.544 ¦       21           2              0.010 
2025-05-23 10:51:09 | INFO |       20.554 ¦       22           2              0.010 
2025-05-23 10:51:09 | INFO |       20.564 ¦       23           2              0.010 
2025-05-23 10:51:09 | INFO |       20.574 ¦       24           2              0.010 
2025-05-23 10:51:09 | INFO |       20.584 ¦       25           2              0.010 
2025-05-23 10:51:09 | INFO |       20.594 ¦       26           2              0.010 
2025-05-23 10:51:09 | INFO |       20.604 ¦       27           2              0.010 
2025-05-23 10:51:09 | INFO |       20.614 ¦       28           2              0.010 
2025-05-23 10:51:09 | INFO |       20.624 ¦       29           2              0.010 
2025-05-23 10:51:09 | INFO |       20.634 ¦       30           2              0.010 
2025-05-23 10:51:09 | INFO |       20.644 ¦       31           2              0.010 
2025-05-23 10:51:09 | INFO |       20.654 ¦       32           2              0.010 
2025-05-23 10:51:09 | INFO |       20.664 ¦       33           2              0.010 
2025-05-23 10:51:09 | INFO |       20.674 ¦       34           2              0.010 
2025-05-23 10:51:09 | INFO |       20.684 ¦       35           2              0.010 
2025-05-23 10:51:09 | INFO |       20.694 ¦       36           2              0.010 
2025-05-23 10:51:09 | INFO |       20.704 ¦       37           2              0.010 
2025-05-23 10:51:09 | INFO |       20.714 ¦       38           2              0.010 
2025-05-23 10:51:09 | INFO |       20.724 ¦       39           2              0.010 
2025-05-23 10:51:09 | INFO |       20.734 ¦       40           2              0.010 
2025-05-23 10:51:09 | INFO |       20.744 ¦       41           2              0.010 
2025-05-23 10:51:09 | INFO |       20.754 ¦       42           2              0.010 
2025-05-23 10:51:09 | INFO |       20.764 ¦       43           2              0.010 
2025-05-23 10:51:09 | INFO |       20.774 ¦       44           2              0.010 
2025-05-23 10:51:09 | INFO |       20.784 ¦       45           2              0.010 
2025-05-23 10:51:09 | INFO |       20.794 ¦       46           2              0.010 
2025-05-23 10:51:09 | INFO |       20.804 ¦       47           2              0.010 
2025-05-23 10:51:09 | INFO |       20.814 ¦       48           2              0.010 
2025-05-23 10:51:09 | INFO |       20.824 ¦       49           2              0.010 
2025-05-23 10:51:09 | INFO |       20.834 ¦       50           2              0.010 
2025-05-23 10:51:09 | INFO |       20.844 ¦       51           2              0.010 
2025-05-23 10:51:09 | INFO |       20.854 ¦       52           2              0.010 
2025-05-23 10:51:09 | INFO |       20.864 ¦       53           2              0.010 
2025-05-23 10:51:09 | INFO |       20.874 ¦       54           2              0.010 
2025-05-23 10:51:09 | INFO |       20.884 ¦       55           2              0.010 
2025-05-23 10:51:09 | INFO |       20.894 ¦       56           2              0.010 
2025-05-23 10:51:09 | INFO |       20.904 ¦       57           2              0.010 
2025-05-23 10:51:09 | INFO |       20.914 ¦       58           2              0.010 
2025-05-23 10:51:09 | INFO |       20.924 ¦       59           2              0.010 
2025-05-23 10:51:09 | INFO |       20.934 ¦       60           2              0.010 
2025-05-23 10:51:09 | INFO |       20.944 ¦       61           2              0.010 
2025-05-23 10:51:09 | INFO |       20.954 ¦       62           2              0.010 
2025-05-23 10:51:09 | INFO |       20.964 ¦       63           2              0.010 
2025-05-23 10:51:09 | INFO |       20.974 ¦       64           2              0.010 
2025-05-23 10:51:09 | INFO |       20.984 ¦       65           2              0.010 
2025-05-23 10:51:09 | INFO |       20.994 ¦       66           2              0.010 
2025-05-23 10:51:09 | INFO |       21.004 ¦       67           2              0.010 
2025-05-23 10:51:09 | INFO |       21.014 ¦       68           2              0.010 
2025-05-23 10:51:09 | INFO |       21.024 ¦       69           2              0.010 
2025-05-23 10:51:09 | INFO |       21.034 ¦       70           2              0.010 
2025-05-23 10:51:09 | INFO |       21.044 ¦       71           2              0.010 
2025-05-23 10:51:09 | INFO |       21.054 ¦       72           2              0.010 
2025-05-23 10:51:09 | INFO |       21.064 ¦       73           2              0.010 
2025-05-23 10:51:09 | INFO |       21.074 ¦       74           2              0.010 
2025-05-23 10:51:09 | INFO |       21.084 ¦       75           2              0.010 
2025-05-23 10:51:09 | INFO |       21.094 ¦       76           2              0.010 
2025-05-23 10:51:09 | INFO |       21.104 ¦       77           2              0.010 
2025-05-23 10:51:09 | INFO |       21.114 ¦       78           2              0.010 
2025-05-23 10:51:09 | INFO |       21.124 ¦       79           2              0.010 
2025-05-23 10:51:09 | INFO |       21.134 ¦       80           2              0.010 
2025-05-23 10:51:09 | INFO |       21.144 ¦       81           2              0.010 
2025-05-23 10:51:09 | INFO |       21.154 ¦       82           2              0.010 
2025-05-23 10:51:09 | INFO |       21.164 ¦       83           2              0.010 
2025-05-23 10:51:09 | INFO |       21.174 ¦       84           2              0.010 
2025-05-23 10:51:09 | INFO |       21.184 ¦       85           2              0.010 
2025-05-23 10:51:09 | INFO |       21.194 ¦       86           2              0.010 
2025-05-23 10:51:09 | INFO |       21.204 ¦       87           2              0.010 
2025-05-23 10:51:09 | INFO |       21.214 ¦       88           2              0.010 
2025-05-23 10:51:09 | INFO |       21.224 ¦       89           2              0.010 
2025-05-23 10:51:09 | INFO |       21.234 ¦       90           2              0.010 
2025-05-23 10:51:09 | INFO |       21.244 ¦       91           2              0.010 
2025-05-23 10:51:09 | INFO |       21.254 ¦       92           2              0.010 
2025-05-23 10:51:09 | INFO |       21.264 ¦       93           2              0.010 
2025-05-23 10:51:09 | INFO |       21.274 ¦       94           2              0.010 
2025-05-23 10:51:09 | INFO |       21.284 ¦       95           2              0.010 
2025-05-23 10:51:09 | INFO |       21.294 ¦       96           2              0.010 
2025-05-23 10:51:09 | INFO |       21.304 ¦       97           2              0.010 
2025-05-23 10:51:09 | INFO |       21.314 ¦       98           2              0.010 
2025-05-23 10:51:09 | INFO |       21.324 ¦       99           2              0.010 
2025-05-23 10:51:09 | INFO |       21.334 ¦      100           2              0.010 
2025-05-23 10:51:09 | INFO |       21.344 ¦      101           2              0.010 
2025-05-23 10:51:09 | INFO |       21.354 ¦      102           2              0.010 
2025-05-23 10:51:09 | INFO |       21.364 ¦      103           2              0.010 
2025-05-23 10:51:09 | INFO |       21.374 ¦      104           2              0.010 
2025-05-23 10:51:09 | INFO |       21.384 ¦      105           2              0.010 
2025-05-23 10:51:09 | INFO |       21.394 ¦      106           2              0.010 
2025-05-23 10:51:09 | INFO |       21.404 ¦      107           2              0.010 
2025-05-23 10:51:09 | INFO |       21.414 ¦      108           2              0.010 
2025-05-23 10:51:09 | INFO |       21.424 ¦      109           2              0.010 
2025-05-23 10:51:09 | INFO |       21.434 ¦      110           2              0.010 
2025-05-23 10:51:09 | INFO |       21.444 ¦      111           2              0.010 
2025-05-23 10:51:09 | INFO |       21.454 ¦      112           2              0.010 
2025-05-23 10:51:09 | INFO |       21.464 ¦      113           2              0.010 
2025-05-23 10:51:09 | INFO |       21.474 ¦      114           2              0.010 
2025-05-23 10:51:09 | INFO |       21.484 ¦      115           2              0.010 
2025-05-23 10:51:09 | INFO |       21.494 ¦      116           2              0.010 
2025-05-23 10:51:09 | INFO |       21.504 ¦      117           2              0.010 
2025-05-23 10:51:09 | INFO |       21.514 ¦      118           2              0.010 
2025-05-23 10:51:09 | INFO |       21.524 ¦      119           2              0.010 
2025-05-23 10:51:09 | INFO |       21.534 ¦      120           2              0.010 
2025-05-23 10:51:09 | INFO |       21.544 ¦      121           2              0.010 
2025-05-23 10:51:09 | INFO |       21.554 ¦      122           2              0.010 
2025-05-23 10:51:09 | INFO |       21.564 ¦      123           2              0.010 
2025-05-23 10:51:09 | INFO |       21.574 ¦      124           2              0.010 
2025-05-23 10:51:09 | INFO |       21.584 ¦      125           2              0.010 
2025-05-23 10:51:09 | INFO |       21.594 ¦      126           2              0.010 
2025-05-23 10:51:09 | INFO |       21.604 ¦      127           2              0.010 
2025-05-23 10:51:09 | INFO |       21.614 ¦      128           2              0.010 
2025-05-23 10:51:09 | INFO |       21.624 ¦      129           2              0.010 
2025-05-23 10:51:09 | INFO |       21.634 ¦      130           2              0.010 
2025-05-23 10:51:09 | INFO |       21.644 ¦      131           2              0.010 
2025-05-23 10:51:09 | INFO |       21.654 ¦      132           2              0.010 
2025-05-23 10:51:09 | INFO |       21.664 ¦      133           2              0.010 
2025-05-23 10:51:09 | INFO |       21.674 ¦      134           2              0.010 
2025-05-23 10:51:09 | INFO |       21.684 ¦      135           2              0.010 
2025-05-23 10:51:09 | INFO |       21.694 ¦      136           2              0.010 
2025-05-23 10:51:09 | INFO |       21.704 ¦      137           2              0.010 
2025-05-23 10:51:09 | INFO |       21.714 ¦      138           2              0.010 
2025-05-23 10:51:09 | INFO |       21.724 ¦      139           2              0.010 
2025-05-23 10:51:09 | INFO |       21.734 ¦      140           2              0.010 
2025-05-23 10:51:09 | INFO |       21.744 ¦      141           2              0.010 
2025-05-23 10:51:09 | INFO |       21.754 ¦      142           2              0.010 
2025-05-23 10:51:09 | INFO |       21.764 ¦      143           2              0.010 
2025-05-23 10:51:09 | INFO |       21.774 ¦      144           2              0.010 
2025-05-23 10:51:09 | INFO |       21.784 ¦      145           2              0.010 
2025-05-23 10:51:09 | INFO |       21.794 ¦      146           2              0.010 
2025-05-23 10:51:09 | INFO |       21.804 ¦      147           2              0.010 
2025-05-23 10:51:09 | INFO |       21.814 ¦      148           2              0.010 
2025-05-23 10:51:09 | INFO |       21.824 ¦      149           2              0.010 
2025-05-23 10:51:09 | INFO |       21.834 ¦      150           2              0.010 
2025-05-23 10:51:09 | INFO |       21.844 ¦      151           2              0.010 
2025-05-23 10:51:09 | INFO |       21.854 ¦      152           2              0.010 
2025-05-23 10:51:09 | INFO |       21.864 ¦      153           2              0.010 
2025-05-23 10:51:09 | INFO |       21.874 ¦      154           2              0.010 
2025-05-23 10:51:09 | INFO |       21.884 ¦      155           2              0.010 
2025-05-23 10:51:09 | INFO |       21.894 ¦      156           2              0.010 
2025-05-23 10:51:09 | INFO |       21.904 ¦      157           2              0.010 
2025-05-23 10:51:09 | INFO |       21.914 ¦      158           2              0.010 
2025-05-23 10:51:09 | INFO |       21.924 ¦      159           2              0.010 
2025-05-23 10:51:09 | INFO |       21.934 ¦      160           2              0.010 
2025-05-23 10:51:09 | INFO |       21.944 ¦      161           2              0.010 
2025-05-23 10:51:09 | INFO |       21.954 ¦      162           2              0.010 
2025-05-23 10:51:09 | INFO |       21.964 ¦      163           2              0.010 
2025-05-23 10:51:09 | INFO |       21.974 ¦      164           2              0.010 
2025-05-23 10:51:09 | INFO |       21.984 ¦      165           2              0.010 
2025-05-23 10:51:09 | INFO |       21.994 ¦      166           2              0.010 
2025-05-23 10:51:09 | INFO |       22.004 ¦      167           2              0.010 
2025-05-23 10:51:09 | INFO |       22.014 ¦      168           2              0.010 
2025-05-23 10:51:09 | INFO |       22.024 ¦      169           2              0.010 
2025-05-23 10:51:09 | INFO |       22.034 ¦      170           2              0.010 
2025-05-23 10:51:09 | INFO |       22.044 ¦      171           2              0.010 
2025-05-23 10:51:09 | INFO |       22.054 ¦      172           2              0.010 
2025-05-23 10:51:09 | INFO |       22.064 ¦      173           2              0.010 
2025-05-23 10:51:09 | INFO |       22.074 ¦      174           2              0.010 
2025-05-23 10:51:09 | INFO |       22.084 ¦      175           2              0.010 
2025-05-23 10:51:09 | INFO |       22.094 ¦      176           2              0.010 
2025-05-23 10:51:09 | INFO |       22.104 ¦      177           2              0.010 
2025-05-23 10:51:09 | INFO |       22.114 ¦      178           2              0.010 
2025-05-23 10:51:09 | INFO |       22.124 ¦      179           2              0.010 
2025-05-23 10:51:09 | INFO |       22.134 ¦      180           2              0.010 
2025-05-23 10:51:09 | INFO |       22.144 ¦      181           2              0.010 
2025-05-23 10:51:09 | INFO |       22.154 ¦      182           2              0.010 
2025-05-23 10:51:09 | INFO |       22.164 ¦      183           2              0.010 
2025-05-23 10:51:09 | INFO |       22.174 ¦      184           2              0.010 
2025-05-23 10:51:09 | INFO |       22.184 ¦      185           2              0.010 
2025-05-23 10:51:09 | INFO |       22.194 ¦      186           2              0.010 
2025-05-23 10:51:09 | INFO |       22.204 ¦      187           2              0.010 
2025-05-23 10:51:09 | INFO |       22.214 ¦      188           2              0.010 
2025-05-23 10:51:09 | INFO |       22.224 ¦      189           2              0.010 
2025-05-23 10:51:09 | INFO |       22.234 ¦      190           2              0.010 
2025-05-23 10:51:09 | INFO |       22.244 ¦      191           2              0.010 
2025-05-23 10:51:09 | INFO |       22.254 ¦      192           2              0.010 
2025-05-23 10:51:09 | INFO |       22.264 ¦      193           2              0.010 
2025-05-23 10:51:09 | INFO |       22.274 ¦      194           2              0.010 
2025-05-23 10:51:09 | INFO |       22.284 ¦      195           2              0.010 
2025-05-23 10:51:09 | INFO |       22.294 ¦      196           2              0.010 
2025-05-23 10:51:09 | INFO |       22.304 ¦      197           2              0.010 
2025-05-23 10:51:09 | INFO |       22.314 ¦      198           2              0.010 
2025-05-23 10:51:09 | INFO |       22.324 ¦      199           2              0.010 
2025-05-23 10:51:09 | INFO |       22.334 ¦      200           2              0.010 
2025-05-23 10:51:09 | INFO |       22.344 ¦      201           2              0.010 
2025-05-23 10:51:09 | INFO |       22.354 ¦      202           2              0.010 
2025-05-23 10:51:09 | INFO |       22.364 ¦      203           2              0.010 
2025-05-23 10:51:09 | INFO |       22.374 ¦      204           2              0.010 
2025-05-23 10:51:09 | INFO |       22.384 ¦      205           2              0.010 
2025-05-23 10:51:09 | INFO |       22.394 ¦      206           2              0.010 
2025-05-23 10:51:09 | INFO |       22.404 ¦      207           2              0.010 
2025-05-23 10:51:09 | INFO |       22.414 ¦      208           2              0.010 
2025-05-23 10:51:09 | INFO |       22.424 ¦      209           2              0.010 
2025-05-23 10:51:09 | INFO |       22.434 ¦      210           2              0.010 
2025-05-23 10:51:09 | INFO |       22.444 ¦      211           2              0.010 
2025-05-23 10:51:09 | INFO |       22.454 ¦      212           2              0.010 
2025-05-23 10:51:09 | INFO |       22.464 ¦      213           2              0.010 
2025-05-23 10:51:09 | INFO |       22.474 ¦      214           2              0.010 
2025-05-23 10:51:09 | INFO |       22.484 ¦      215           2              0.010 
2025-05-23 10:51:09 | INFO |       22.494 ¦      216           2              0.010 
2025-05-23 10:51:09 | INFO | Algebraic mode change at t = 22.5
2025-05-23 10:51:09 | INFO |       22.500 ¦      217           2              0.010 
2025-05-23 10:51:09 | INFO | calculation of the new starting point of the simulation.
2025-05-23 10:51:09 | INFO | Algebraic mode change at t = 22.5
2025-05-23 10:51:09 | INFO |       22.500 ¦        0           0              0.000 
2025-05-23 10:51:09 | INFO |       22.500 ¦        1           1              0.000 
2025-05-23 10:51:09 | INFO |       22.500 ¦        2           1              0.000 
2025-05-23 10:51:09 | INFO |       22.500 ¦        3           2              0.000 
2025-05-23 10:51:09 | INFO |       22.500 ¦        4           2              0.000 
2025-05-23 10:51:09 | INFO |       22.500 ¦        5           2              0.000 
2025-05-23 10:51:09 | INFO |       22.500 ¦        6           2              0.000 
2025-05-23 10:51:09 | INFO |       22.500 ¦        7           2              0.000 
2025-05-23 10:51:09 | INFO |       22.500 ¦        8           2              0.000 
2025-05-23 10:51:09 | INFO |       22.500 ¦        9           2              0.000 
2025-05-23 10:51:09 | INFO |       22.501 ¦       10           2              0.000 
2025-05-23 10:51:09 | INFO |       22.501 ¦       11           2              0.001 
2025-05-23 10:51:09 | INFO |       22.502 ¦       12           2              0.001 
2025-05-23 10:51:09 | INFO |       22.502 ¦       13           2              0.001 
2025-05-23 10:51:09 | INFO | Algebraic mode change at t = 22.5024
2025-05-23 10:51:09 | INFO |       22.502 ¦       14           2              0.001 
2025-05-23 10:51:09 | INFO | calculation of the new starting point of the simulation.
2025-05-23 10:51:09 | INFO |       22.502 ¦        0           0              0.000 
2025-05-23 10:51:09 | INFO |       22.502 ¦        1           1              0.000 
2025-05-23 10:51:09 | INFO |       22.502 ¦        2           1              0.000 
2025-05-23 10:51:09 | INFO |       22.502 ¦        3           2              0.000 
2025-05-23 10:51:09 | INFO |       22.502 ¦        4           2              0.000 
2025-05-23 10:51:09 | INFO |       22.502 ¦        5           2              0.000 
2025-05-23 10:51:09 | INFO |       22.502 ¦        6           2              0.000 
2025-05-23 10:51:09 | INFO |       22.502 ¦        7           2              0.000 
2025-05-23 10:51:09 | INFO |       22.502 ¦        8           2              0.000 
2025-05-23 10:51:09 | INFO |       22.503 ¦        9           2              0.000 
2025-05-23 10:51:09 | INFO |       22.503 ¦       10           2              0.000 
2025-05-23 10:51:09 | INFO |       22.503 ¦       11           2              0.001 
2025-05-23 10:51:09 | INFO |       22.504 ¦       12           2              0.001 
2025-05-23 10:51:09 | INFO |       22.506 ¦       13           2              0.002 
2025-05-23 10:51:09 | INFO |       22.508 ¦       14           2              0.002 
2025-05-23 10:51:09 | INFO |       22.511 ¦       15           2              0.002 
2025-05-23 10:51:09 | INFO |       22.513 ¦       16           2              0.002 
2025-05-23 10:51:09 | INFO |       22.515 ¦       17           2              0.002 
2025-05-23 10:51:09 | INFO |       22.517 ¦       18           2              0.002 
2025-05-23 10:51:09 | INFO |       22.519 ¦       19           2              0.002 
2025-05-23 10:51:09 | INFO |       22.521 ¦       20           2              0.002 
2025-05-23 10:51:09 | INFO |       22.525 ¦       21           2              0.004 
2025-05-23 10:51:09 | INFO |       22.529 ¦       22           2              0.004 
2025-05-23 10:51:09 | INFO |       22.533 ¦       23           2              0.004 
2025-05-23 10:51:09 | INFO |       22.537 ¦       24           2              0.004 
2025-05-23 10:51:09 | INFO |       22.541 ¦       25           2              0.004 
2025-05-23 10:51:09 | INFO |       22.545 ¦       26           2              0.004 
2025-05-23 10:51:09 | INFO |       22.549 ¦       27           2              0.004 
2025-05-23 10:51:09 | INFO |       22.558 ¦       28           2              0.008 
2025-05-23 10:51:09 | INFO |       22.566 ¦       29           2              0.008 
2025-05-23 10:51:09 | INFO | Algebraic mode change at t = 22.5666
2025-05-23 10:51:09 | INFO |       22.567 ¦       30           2              0.008 
2025-05-23 10:51:09 | INFO | calculation of the new starting point of the simulation.
2025-05-23 10:51:09 | INFO |       22.567 ¦        0           0              0.000 
2025-05-23 10:51:09 | INFO |       22.567 ¦        1           1              0.000 
2025-05-23 10:51:09 | INFO |       22.567 ¦        2           1              0.000 
2025-05-23 10:51:09 | INFO |       22.567 ¦        3           2              0.000 
2025-05-23 10:51:09 | INFO |       22.567 ¦        4           2              0.000 
2025-05-23 10:51:09 | INFO |       22.567 ¦        5           2              0.000 
2025-05-23 10:51:09 | INFO |       22.567 ¦        6           2              0.000 
2025-05-23 10:51:09 | INFO |       22.567 ¦        7           2              0.000 
2025-05-23 10:51:09 | INFO |       22.567 ¦        8           2              0.000 
2025-05-23 10:51:09 | INFO |       22.567 ¦        9           2              0.000 
2025-05-23 10:51:09 | INFO |       22.567 ¦       10           2              0.000 
2025-05-23 10:51:09 | INFO |       22.568 ¦       11           2              0.001 
2025-05-23 10:51:09 | INFO |       22.569 ¦       12           2              0.001 
2025-05-23 10:51:09 | INFO |       22.571 ¦       13           2              0.002 
2025-05-23 10:51:09 | INFO |       22.575 ¦       14           2              0.004 
2025-05-23 10:51:09 | INFO |       22.579 ¦       15           2              0.004 
2025-05-23 10:51:09 | INFO |       22.587 ¦       16           2              0.008 
2025-05-23 10:51:09 | INFO |       22.595 ¦       17           2              0.008 
2025-05-23 10:51:09 | INFO |       22.603 ¦       18           2              0.008 
2025-05-23 10:51:09 | INFO | Algebraic mode change at t = 22.6035
2025-05-23 10:51:09 | INFO |       22.604 ¦       19           2              0.008 
2025-05-23 10:51:09 | INFO | calculation of the new starting point of the simulation.
2025-05-23 10:51:09 | INFO |       22.604 ¦        0           0              0.000 
2025-05-23 10:51:09 | INFO | Algebraic mode change at t = 22.6035
2025-05-23 10:51:09 | INFO |       22.604 ¦        1           1              0.000 
2025-05-23 10:51:09 | INFO | calculation of the new starting point of the simulation.
2025-05-23 10:51:09 | INFO |       22.604 ¦        0           0              0.000 
2025-05-23 10:51:09 | INFO |       22.604 ¦        1           1              0.000 
2025-05-23 10:51:09 | INFO |       22.604 ¦        2           1              0.000 
2025-05-23 10:51:09 | INFO |       22.604 ¦        3           2              0.000 
2025-05-23 10:51:09 | INFO |       22.604 ¦        4           2              0.000 
2025-05-23 10:51:09 | INFO |       22.604 ¦        5           2              0.000 
2025-05-23 10:51:09 | INFO |       22.604 ¦        6           2              0.000 
2025-05-23 10:51:09 | INFO |       22.604 ¦        7           2              0.000 
2025-05-23 10:51:09 | INFO |       22.604 ¦        8           2              0.000 
2025-05-23 10:51:09 | INFO |       22.604 ¦        9           2              0.000 
2025-05-23 10:51:09 | INFO |       22.604 ¦       10           2              0.000 
2025-05-23 10:51:09 | INFO |       22.605 ¦       11           2              0.001 
2025-05-23 10:51:09 | INFO |       22.606 ¦       12           2              0.001 
2025-05-23 10:51:09 | INFO |       22.608 ¦       13           2              0.002 
2025-05-23 10:51:09 | INFO |       22.612 ¦       14           2              0.004 
2025-05-23 10:51:09 | INFO |       22.620 ¦       15           2              0.008 
2025-05-23 10:51:09 | INFO |       22.630 ¦       16           2              0.010 
2025-05-23 10:51:09 | INFO |       22.640 ¦       17           2              0.010 
2025-05-23 10:51:09 | INFO |       22.650 ¦       18           2              0.010 
2025-05-23 10:51:09 | INFO |       22.660 ¦       19           2              0.010 
2025-05-23 10:51:09 | INFO |       22.670 ¦       20           2              0.010 
2025-05-23 10:51:09 | INFO |       22.680 ¦       21           2              0.010 
2025-05-23 10:51:09 | INFO |       22.690 ¦       22           2              0.010 
2025-05-23 10:51:09 | INFO |       22.700 ¦       23           2              0.010 
2025-05-23 10:51:09 | INFO |       22.710 ¦       24           2              0.010 
2025-05-23 10:51:09 | INFO |       22.720 ¦       25           2              0.010 
2025-05-23 10:51:09 | INFO |       22.730 ¦       26           2              0.010 
2025-05-23 10:51:09 | INFO |       22.740 ¦       27           2              0.010 
2025-05-23 10:51:09 | INFO |       22.750 ¦       28           2              0.010 
2025-05-23 10:51:09 | INFO |       22.760 ¦       29           2              0.010 
2025-05-23 10:51:09 | INFO |       22.770 ¦       30           2              0.010 
2025-05-23 10:51:09 | INFO |       22.780 ¦       31           2              0.010 
2025-05-23 10:51:09 | INFO |       22.790 ¦       32           2              0.010 
2025-05-23 10:51:09 | INFO |       22.800 ¦       33           2              0.010 
2025-05-23 10:51:09 | INFO |       22.810 ¦       34           2              0.010 
2025-05-23 10:51:09 | INFO |       22.820 ¦       35           2              0.010 
2025-05-23 10:51:09 | INFO |       22.830 ¦       36           2              0.010 
2025-05-23 10:51:09 | INFO |       22.840 ¦       37           2              0.010 
2025-05-23 10:51:09 | INFO |       22.850 ¦       38           2              0.010 
2025-05-23 10:51:09 | INFO |       22.860 ¦       39           2              0.010 
2025-05-23 10:51:09 | INFO |       22.870 ¦       40           2              0.010 
2025-05-23 10:51:09 | INFO |       22.880 ¦       41           2              0.010 
2025-05-23 10:51:09 | INFO |       22.890 ¦       42           2              0.010 
2025-05-23 10:51:09 | INFO |       22.900 ¦       43           2              0.010 
2025-05-23 10:51:09 | INFO |       22.910 ¦       44           2              0.010 
2025-05-23 10:51:09 | INFO |       22.920 ¦       45           2              0.010 
2025-05-23 10:51:09 | INFO |       22.930 ¦       46           2              0.010 
2025-05-23 10:51:09 | INFO |       22.940 ¦       47           2              0.010 
2025-05-23 10:51:09 | INFO |       22.950 ¦       48           2              0.010 
2025-05-23 10:51:09 | INFO |       22.960 ¦       49           2              0.010 
2025-05-23 10:51:09 | INFO |       22.970 ¦       50           2              0.010 
2025-05-23 10:51:09 | INFO |       22.980 ¦       51           2              0.010 
2025-05-23 10:51:09 | INFO |       22.990 ¦       52           2              0.010 
2025-05-23 10:51:09 | INFO |       23.000 ¦       53           2              0.010 
2025-05-23 10:51:09 | INFO |       23.010 ¦       54           2              0.010 
2025-05-23 10:51:09 | INFO |       23.020 ¦       55           2              0.010 
2025-05-23 10:51:09 | INFO |       23.030 ¦       56           2              0.010 
2025-05-23 10:51:09 | INFO |       23.040 ¦       57           2              0.010 
2025-05-23 10:51:09 | INFO |       23.050 ¦       58           2              0.010 
2025-05-23 10:51:09 | INFO |       23.060 ¦       59           2              0.010 
2025-05-23 10:51:09 | INFO |       23.070 ¦       60           2              0.010 
2025-05-23 10:51:09 | INFO |       23.080 ¦       61           2              0.010 
2025-05-23 10:51:09 | INFO |       23.090 ¦       62           2              0.010 
2025-05-23 10:51:09 | INFO |       23.100 ¦       63           2              0.010 
2025-05-23 10:51:09 | INFO |       23.110 ¦       64           2              0.010 
2025-05-23 10:51:09 | INFO |       23.120 ¦       65           2              0.010 
2025-05-23 10:51:09 | INFO |       23.130 ¦       66           2              0.010 
2025-05-23 10:51:09 | INFO |       23.140 ¦       67           2              0.010 
2025-05-23 10:51:09 | INFO |       23.150 ¦       68           2              0.010 
2025-05-23 10:51:09 | INFO |       23.160 ¦       69           2              0.010 
2025-05-23 10:51:09 | INFO |       23.170 ¦       70           2              0.010 
2025-05-23 10:51:09 | INFO |       23.180 ¦       71           2              0.010 
2025-05-23 10:51:09 | INFO |       23.190 ¦       72           2              0.010 
2025-05-23 10:51:09 | INFO |       23.200 ¦       73           2              0.010 
2025-05-23 10:51:09 | INFO |       23.210 ¦       74           2              0.010 
2025-05-23 10:51:09 | INFO |       23.220 ¦       75           2              0.010 
2025-05-23 10:51:09 | INFO |       23.230 ¦       76           2              0.010 
2025-05-23 10:51:09 | INFO |       23.240 ¦       77           2              0.010 
2025-05-23 10:51:09 | INFO |       23.250 ¦       78           2              0.010 
2025-05-23 10:51:09 | INFO |       23.260 ¦       79           2              0.010 
2025-05-23 10:51:09 | INFO |       23.270 ¦       80           2              0.010 
2025-05-23 10:51:09 | INFO |       23.280 ¦       81           2              0.010 
2025-05-23 10:51:09 | INFO |       23.290 ¦       82           2              0.010 
2025-05-23 10:51:09 | INFO |       23.300 ¦       83           2              0.010 
2025-05-23 10:51:09 | INFO |       23.310 ¦       84           2              0.010 
2025-05-23 10:51:09 | INFO |       23.320 ¦       85           2              0.010 
2025-05-23 10:51:09 | INFO |       23.330 ¦       86           2              0.010 
2025-05-23 10:51:09 | INFO |       23.340 ¦       87           2              0.010 
2025-05-23 10:51:09 | INFO |       23.350 ¦       88           2              0.010 
2025-05-23 10:51:09 | INFO |       23.360 ¦       89           2              0.010 
2025-05-23 10:51:09 | INFO |       23.370 ¦       90           2              0.010 
2025-05-23 10:51:09 | INFO |       23.380 ¦       91           2              0.010 
2025-05-23 10:51:09 | INFO |       23.390 ¦       92           2              0.010 
2025-05-23 10:51:09 | INFO |       23.400 ¦       93           2              0.010 
2025-05-23 10:51:09 | INFO |       23.410 ¦       94           2              0.010 
2025-05-23 10:51:09 | INFO |       23.420 ¦       95           2              0.010 
2025-05-23 10:51:09 | INFO |       23.430 ¦       96           2              0.010 
2025-05-23 10:51:09 | INFO |       23.440 ¦       97           2              0.010 
2025-05-23 10:51:09 | INFO |       23.450 ¦       98           2              0.010 
2025-05-23 10:51:09 | INFO |       23.460 ¦       99           2              0.010 
2025-05-23 10:51:09 | INFO |       23.470 ¦      100           2              0.010 
2025-05-23 10:51:09 | INFO |       23.480 ¦      101           2              0.010 
2025-05-23 10:51:09 | INFO |       23.490 ¦      102           2              0.010 
2025-05-23 10:51:09 | INFO |       23.500 ¦      103           2              0.010 
2025-05-23 10:51:09 | INFO |       23.510 ¦      104           2              0.010 
2025-05-23 10:51:09 | INFO |       23.520 ¦      105           2              0.010 
2025-05-23 10:51:09 | INFO |       23.530 ¦      106           2              0.010 
2025-05-23 10:51:09 | INFO |       23.540 ¦      107           2              0.010 
2025-05-23 10:51:09 | INFO |       23.550 ¦      108           2              0.010 
2025-05-23 10:51:09 | INFO |       23.560 ¦      109           2              0.010 
2025-05-23 10:51:09 | INFO |       23.570 ¦      110           2              0.010 
2025-05-23 10:51:09 | INFO |       23.580 ¦      111           2              0.010 
2025-05-23 10:51:09 | INFO |       23.590 ¦      112           2              0.010 
2025-05-23 10:51:09 | INFO |       23.600 ¦      113           2              0.010 
2025-05-23 10:51:09 | INFO |       23.610 ¦      114           2              0.010 
2025-05-23 10:51:09 | INFO |       23.620 ¦      115           2              0.010 
2025-05-23 10:51:09 | INFO |       23.630 ¦      116           2              0.010 
2025-05-23 10:51:09 | INFO |       23.640 ¦      117           2              0.010 
2025-05-23 10:51:09 | INFO |       23.650 ¦      118           2              0.010 
2025-05-23 10:51:09 | INFO |       23.660 ¦      119           2              0.010 
2025-05-23 10:51:09 | INFO |       23.670 ¦      120           2              0.010 
2025-05-23 10:51:09 | INFO |       23.680 ¦      121           2              0.010 
2025-05-23 10:51:09 | INFO |       23.690 ¦      122           2              0.010 
2025-05-23 10:51:09 | INFO |       23.700 ¦      123           2              0.010 
2025-05-23 10:51:09 | INFO |       23.710 ¦      124           2              0.010 
2025-05-23 10:51:09 | INFO |       23.720 ¦      125           2              0.010 
2025-05-23 10:51:09 | INFO |       23.730 ¦      126           2              0.010 
2025-05-23 10:51:09 | INFO |       23.740 ¦      127           2              0.010 
2025-05-23 10:51:09 | INFO | Algebraic mode change at t = 23.7426
2025-05-23 10:51:09 | INFO |       23.743 ¦      128           2              0.010 
2025-05-23 10:51:09 | INFO | calculation of the new starting point of the simulation.
2025-05-23 10:51:09 | INFO |       23.743 ¦        0           0              0.000 
2025-05-23 10:51:09 | INFO |       23.743 ¦        1           1              0.000 
2025-05-23 10:51:09 | INFO |       23.743 ¦        2           1              0.000 
2025-05-23 10:51:09 | INFO |       23.743 ¦        3           2              0.000 
2025-05-23 10:51:09 | INFO |       23.743 ¦        4           2              0.000 
2025-05-23 10:51:09 | INFO |       23.743 ¦        5           2              0.000 
2025-05-23 10:51:09 | INFO |       23.743 ¦        6           2              0.000 
2025-05-23 10:51:09 | INFO |       23.743 ¦        7           2              0.000 
2025-05-23 10:51:09 | INFO |       23.743 ¦        8           2              0.000 
2025-05-23 10:51:09 | INFO |       23.743 ¦        9           2              0.000 
2025-05-23 10:51:09 | INFO |       23.743 ¦       10           2              0.000 
2025-05-23 10:51:09 | INFO |       23.744 ¦       11           2              0.001 
2025-05-23 10:51:09 | INFO |       23.745 ¦       12           2              0.001 
2025-05-23 10:51:09 | INFO |       23.747 ¦       13           2              0.002 
2025-05-23 10:51:09 | INFO |       23.751 ¦       14           1              0.004 
2025-05-23 10:51:09 | INFO |       23.759 ¦       15           1              0.008 
2025-05-23 10:51:09 | INFO |       23.769 ¦       16           1              0.010 
2025-05-23 10:51:09 | INFO |       23.779 ¦       17           1              0.010 
2025-05-23 10:51:09 | INFO |       23.789 ¦       18           1              0.010 
2025-05-23 10:51:09 | INFO |       23.799 ¦       19           2              0.010 
2025-05-23 10:51:09 | INFO |       23.809 ¦       20           2              0.010 
2025-05-23 10:51:09 | INFO |       23.819 ¦       21           2              0.010 
2025-05-23 10:51:09 | INFO |       23.829 ¦       22           2              0.010 
2025-05-23 10:51:09 | INFO |       23.839 ¦       23           2              0.010 
2025-05-23 10:51:09 | INFO |       23.849 ¦       24           2              0.010 
2025-05-23 10:51:09 | INFO |       23.859 ¦       25           2              0.010 
2025-05-23 10:51:09 | INFO |       23.869 ¦       26           2              0.010 
2025-05-23 10:51:09 | INFO |       23.879 ¦       27           2              0.010 
2025-05-23 10:51:09 | INFO |       23.889 ¦       28           2              0.010 
2025-05-23 10:51:09 | INFO |       23.899 ¦       29           2              0.010 
2025-05-23 10:51:09 | INFO |       23.909 ¦       30           2              0.010 
2025-05-23 10:51:09 | INFO |       23.919 ¦       31           2              0.010 
2025-05-23 10:51:09 | INFO |       23.929 ¦       32           2              0.010 
2025-05-23 10:51:09 | INFO |       23.939 ¦       33           2              0.010 
2025-05-23 10:51:09 | INFO |       23.949 ¦       34           2              0.010 
2025-05-23 10:51:09 | INFO |       23.959 ¦       35           2              0.010 
2025-05-23 10:51:09 | INFO |       23.969 ¦       36           2              0.010 
2025-05-23 10:51:09 | INFO |       23.979 ¦       37           2              0.010 
2025-05-23 10:51:09 | INFO |       23.989 ¦       38           2              0.010 
2025-05-23 10:51:09 | INFO |       23.999 ¦       39           2              0.010 
2025-05-23 10:51:09 | INFO |       24.009 ¦       40           2              0.010 
2025-05-23 10:51:09 | INFO |       24.019 ¦       41           2              0.010 
2025-05-23 10:51:09 | INFO |       24.029 ¦       42           2              0.010 
2025-05-23 10:51:09 | INFO |       24.039 ¦       43           2              0.010 
2025-05-23 10:51:09 | INFO |       24.049 ¦       44           2              0.010 
2025-05-23 10:51:09 | INFO |       24.059 ¦       45           2              0.010 
2025-05-23 10:51:09 | INFO |       24.069 ¦       46           2              0.010 
2025-05-23 10:51:09 | INFO |       24.079 ¦       47           2              0.010 
2025-05-23 10:51:09 | INFO |       24.089 ¦       48           2              0.010 
2025-05-23 10:51:09 | INFO |       24.099 ¦       49           2              0.010 
2025-05-23 10:51:09 | INFO |       24.109 ¦       50           2              0.010 
2025-05-23 10:51:09 | INFO |       24.119 ¦       51           2              0.010 
2025-05-23 10:51:09 | INFO |       24.129 ¦       52           2              0.010 
2025-05-23 10:51:09 | INFO |       24.139 ¦       53           2              0.010 
2025-05-23 10:51:09 | INFO |       24.149 ¦       54           2              0.010 
2025-05-23 10:51:09 | INFO |       24.159 ¦       55           2              0.010 
2025-05-23 10:51:09 | INFO |       24.169 ¦       56           2              0.010 
2025-05-23 10:51:09 | INFO |       24.179 ¦       57           2              0.010 
2025-05-23 10:51:09 | INFO |       24.189 ¦       58           2              0.010 
2025-05-23 10:51:09 | INFO |       24.199 ¦       59           2              0.010 
2025-05-23 10:51:09 | INFO |       24.209 ¦       60           2              0.010 
2025-05-23 10:51:09 | INFO |       24.219 ¦       61           2              0.010 
2025-05-23 10:51:09 | INFO |       24.229 ¦       62           2              0.010 
2025-05-23 10:51:09 | INFO |       24.239 ¦       63           2              0.010 
2025-05-23 10:51:09 | INFO |       24.249 ¦       64           2              0.010 
2025-05-23 10:51:09 | INFO |       24.259 ¦       65           2              0.010 
2025-05-23 10:51:09 | INFO |       24.269 ¦       66           2              0.010 
2025-05-23 10:51:09 | INFO |       24.279 ¦       67           2              0.010 
2025-05-23 10:51:09 | INFO |       24.289 ¦       68           2              0.010 
2025-05-23 10:51:09 | INFO |       24.299 ¦       69           2              0.010 
2025-05-23 10:51:09 | INFO |       24.309 ¦       70           2              0.010 
2025-05-23 10:51:09 | INFO |       24.319 ¦       71           2              0.010 
2025-05-23 10:51:09 | INFO |       24.329 ¦       72           2              0.010 
2025-05-23 10:51:09 | INFO |       24.339 ¦       73           2              0.010 
2025-05-23 10:51:09 | INFO |       24.349 ¦       74           2              0.010 
2025-05-23 10:51:09 | INFO |       24.359 ¦       75           2              0.010 
2025-05-23 10:51:09 | INFO |       24.369 ¦       76           2              0.010 
2025-05-23 10:51:09 | INFO |       24.379 ¦       77           2              0.010 
2025-05-23 10:51:09 | INFO |       24.389 ¦       78           2              0.010 
2025-05-23 10:51:09 | INFO |       24.399 ¦       79           2              0.010 
2025-05-23 10:51:09 | INFO |       24.409 ¦       80           2              0.010 
2025-05-23 10:51:09 | INFO |       24.419 ¦       81           2              0.010 
2025-05-23 10:51:09 | INFO |       24.429 ¦       82           2              0.010 
2025-05-23 10:51:09 | INFO |       24.439 ¦       83           2              0.010 
2025-05-23 10:51:09 | INFO |       24.449 ¦       84           2              0.010 
2025-05-23 10:51:09 | INFO |       24.459 ¦       85           2              0.010 
2025-05-23 10:51:09 | INFO |       24.469 ¦       86           2              0.010 
2025-05-23 10:51:09 | INFO |       24.479 ¦       87           2              0.010 
2025-05-23 10:51:09 | INFO |       24.489 ¦       88           2              0.010 
2025-05-23 10:51:09 | INFO |       24.499 ¦       89           2              0.010 
2025-05-23 10:51:09 | INFO |       24.509 ¦       90           2              0.010 
2025-05-23 10:51:09 | INFO |       24.519 ¦       91           2              0.010 
2025-05-23 10:51:09 | INFO |       24.529 ¦       92           2              0.010 
2025-05-23 10:51:09 | INFO |       24.539 ¦       93           2              0.010 
2025-05-23 10:51:09 | INFO |       24.549 ¦       94           2              0.010 
2025-05-23 10:51:09 | INFO |       24.559 ¦       95           2              0.010 
2025-05-23 10:51:09 | INFO |       24.569 ¦       96           2              0.010 
2025-05-23 10:51:09 | INFO |       24.579 ¦       97           2              0.010 
2025-05-23 10:51:09 | INFO |       24.589 ¦       98           2              0.010 
2025-05-23 10:51:09 | INFO |       24.599 ¦       99           2              0.010 
2025-05-23 10:51:09 | INFO |       24.609 ¦      100           2              0.010 
2025-05-23 10:51:09 | INFO |       24.619 ¦      101           2              0.010 
2025-05-23 10:51:09 | INFO |       24.629 ¦      102           2              0.010 
2025-05-23 10:51:09 | INFO |       24.639 ¦      103           2              0.010 
2025-05-23 10:51:09 | INFO |       24.649 ¦      104           2              0.010 
2025-05-23 10:51:09 | INFO |       24.659 ¦      105           2              0.010 
2025-05-23 10:51:09 | INFO |       24.669 ¦      106           2              0.010 
2025-05-23 10:51:09 | INFO |       24.679 ¦      107           2              0.010 
2025-05-23 10:51:09 | INFO |       24.689 ¦      108           2              0.010 
2025-05-23 10:51:09 | INFO |       24.699 ¦      109           2              0.010 
2025-05-23 10:51:09 | INFO |       24.709 ¦      110           2              0.010 
2025-05-23 10:51:09 | INFO |       24.719 ¦      111           2              0.010 
2025-05-23 10:51:09 | INFO |       24.729 ¦      112           2              0.010 
2025-05-23 10:51:09 | INFO |       24.739 ¦      113           2              0.010 
2025-05-23 10:51:09 | INFO |       24.749 ¦      114           2              0.010 
2025-05-23 10:51:09 | INFO |       24.759 ¦      115           2              0.010 
2025-05-23 10:51:09 | INFO |       24.769 ¦      116           2              0.010 
2025-05-23 10:51:09 | INFO |       24.779 ¦      117           2              0.010 
2025-05-23 10:51:09 | INFO |       24.789 ¦      118           2              0.010 
2025-05-23 10:51:09 | INFO |       24.799 ¦      119           2              0.010 
2025-05-23 10:51:09 | INFO |       24.809 ¦      120           2              0.010 
2025-05-23 10:51:09 | INFO |       24.819 ¦      121           2              0.010 
2025-05-23 10:51:09 | INFO |       24.829 ¦      122           2              0.010 
2025-05-23 10:51:09 | INFO |       24.839 ¦      123           2              0.010 
2025-05-23 10:51:09 | INFO |       24.849 ¦      124           2              0.010 
2025-05-23 10:51:09 | INFO |       24.859 ¦      125           2              0.010 
2025-05-23 10:51:09 | INFO |       24.869 ¦      126           2              0.010 
2025-05-23 10:51:09 | INFO |       24.879 ¦      127           2              0.010 
2025-05-23 10:51:09 | INFO |       24.889 ¦      128           2              0.010 
2025-05-23 10:51:09 | INFO |       24.899 ¦      129           2              0.010 
2025-05-23 10:51:09 | INFO |       24.909 ¦      130           2              0.010 
2025-05-23 10:51:09 | INFO |       24.919 ¦      131           2              0.010 
2025-05-23 10:51:09 | INFO |       24.929 ¦      132           2              0.010 
2025-05-23 10:51:09 | INFO |       24.939 ¦      133           2              0.010 
2025-05-23 10:51:09 | INFO |       24.949 ¦      134           2              0.010 
2025-05-23 10:51:09 | INFO |       24.959 ¦      135           2              0.010 
2025-05-23 10:51:09 | INFO |       24.969 ¦      136           2              0.010 
2025-05-23 10:51:09 | INFO |       24.979 ¦      137           2              0.010 
2025-05-23 10:51:09 | INFO |       24.989 ¦      138           2              0.010 
2025-05-23 10:51:09 | INFO |       24.999 ¦      139           2              0.010 
2025-05-23 10:51:09 | INFO |       25.009 ¦      140           2              0.010 
2025-05-23 10:51:09 | INFO |       25.019 ¦      141           2              0.010 
2025-05-23 10:51:09 | INFO |       25.029 ¦      142           2              0.010 
2025-05-23 10:51:09 | INFO |       25.039 ¦      143           2              0.010 
2025-05-23 10:51:09 | INFO |       25.049 ¦      144           2              0.010 
2025-05-23 10:51:09 | INFO |       25.059 ¦      145           2              0.010 
2025-05-23 10:51:09 | INFO |       25.069 ¦      146           2              0.010 
2025-05-23 10:51:09 | INFO |       25.079 ¦      147           2              0.010 
2025-05-23 10:51:09 | INFO |       25.089 ¦      148           2              0.010 
2025-05-23 10:51:09 | INFO |       25.099 ¦      149           2              0.010 
2025-05-23 10:51:09 | INFO |       25.109 ¦      150           2              0.010 
2025-05-23 10:51:09 | INFO |       25.119 ¦      151           2              0.010 
2025-05-23 10:51:09 | INFO |       25.129 ¦      152           2              0.010 
2025-05-23 10:51:09 | INFO |       25.139 ¦      153           2              0.010 
2025-05-23 10:51:09 | INFO |       25.149 ¦      154           2              0.010 
2025-05-23 10:51:09 | INFO |       25.159 ¦      155           2              0.010 
2025-05-23 10:51:09 | INFO |       25.169 ¦      156           2              0.010 
2025-05-23 10:51:09 | INFO |       25.179 ¦      157           2              0.010 
2025-05-23 10:51:09 | INFO |       25.189 ¦      158           2              0.010 
2025-05-23 10:51:09 | INFO |       25.199 ¦      159           2              0.010 
2025-05-23 10:51:09 | INFO |       25.209 ¦      160           2              0.010 
2025-05-23 10:51:09 | INFO |       25.219 ¦      161           2              0.010 
2025-05-23 10:51:09 | INFO |       25.229 ¦      162           2              0.010 
2025-05-23 10:51:09 | INFO |       25.239 ¦      163           2              0.010 
2025-05-23 10:51:09 | INFO |       25.249 ¦      164           2              0.010 
2025-05-23 10:51:09 | INFO |       25.259 ¦      165           2              0.010 
2025-05-23 10:51:09 | INFO |       25.269 ¦      166           2              0.010 
2025-05-23 10:51:09 | INFO |       25.279 ¦      167           2              0.010 
2025-05-23 10:51:09 | INFO |       25.289 ¦      168           2              0.010 
2025-05-23 10:51:09 | INFO |       25.299 ¦      169           2              0.010 
2025-05-23 10:51:09 | INFO |       25.309 ¦      170           2              0.010 
2025-05-23 10:51:09 | INFO |       25.319 ¦      171           2              0.010 
2025-05-23 10:51:09 | INFO |       25.329 ¦      172           2              0.010 
2025-05-23 10:51:09 | INFO |       25.339 ¦      173           2              0.010 
2025-05-23 10:51:09 | INFO |       25.349 ¦      174           2              0.010 
2025-05-23 10:51:09 | INFO |       25.359 ¦      175           2              0.010 
2025-05-23 10:51:09 | INFO |       25.369 ¦      176           2              0.010 
2025-05-23 10:51:09 | INFO |       25.379 ¦      177           2              0.010 
2025-05-23 10:51:09 | INFO |       25.389 ¦      178           2              0.010 
2025-05-23 10:51:09 | INFO |       25.399 ¦      179           2              0.010 
2025-05-23 10:51:09 | INFO |       25.409 ¦      180           2              0.010 
2025-05-23 10:51:09 | INFO |       25.419 ¦      181           2              0.010 
2025-05-23 10:51:09 | INFO |       25.429 ¦      182           2              0.010 
2025-05-23 10:51:09 | INFO |       25.439 ¦      183           2              0.010 
2025-05-23 10:51:09 | INFO |       25.449 ¦      184           2              0.010 
2025-05-23 10:51:09 | INFO |       25.459 ¦      185           2              0.010 
2025-05-23 10:51:09 | INFO |       25.469 ¦      186           2              0.010 
2025-05-23 10:51:09 | INFO |       25.479 ¦      187           2              0.010 
2025-05-23 10:51:09 | INFO |       25.489 ¦      188           2              0.010 
2025-05-23 10:51:09 | INFO |       25.499 ¦      189           2              0.010 
2025-05-23 10:51:09 | INFO |       25.509 ¦      190           2              0.010 
2025-05-23 10:51:09 | INFO |       25.519 ¦      191           2              0.010 
2025-05-23 10:51:09 | INFO |       25.529 ¦      192           2              0.010 
2025-05-23 10:51:09 | INFO |       25.539 ¦      193           2              0.010 
2025-05-23 10:51:09 | INFO |       25.549 ¦      194           2              0.010 
2025-05-23 10:51:09 | INFO |       25.559 ¦      195           2              0.010 
2025-05-23 10:51:09 | INFO |       25.569 ¦      196           2              0.010 
2025-05-23 10:51:09 | INFO |       25.579 ¦      197           2              0.010 
2025-05-23 10:51:09 | INFO |       25.589 ¦      198           2              0.010 
2025-05-23 10:51:09 | INFO |       25.599 ¦      199           2              0.010 
2025-05-23 10:51:09 | INFO |       25.609 ¦      200           2              0.010 
2025-05-23 10:51:09 | INFO |       25.619 ¦      201           2              0.010 
2025-05-23 10:51:09 | INFO |       25.629 ¦      202           2              0.010 
2025-05-23 10:51:09 | INFO |       25.639 ¦      203           2              0.010 
2025-05-23 10:51:09 | INFO |       25.649 ¦      204           2              0.010 
2025-05-23 10:51:09 | INFO |       25.659 ¦      205           2              0.010 
2025-05-23 10:51:09 | INFO |       25.669 ¦      206           2              0.010 
2025-05-23 10:51:09 | INFO |       25.679 ¦      207           2              0.010 
2025-05-23 10:51:09 | INFO |       25.689 ¦      208           2              0.010 
2025-05-23 10:51:09 | INFO |       25.699 ¦      209           2              0.010 
2025-05-23 10:51:09 | INFO |       25.709 ¦      210           2              0.010 
2025-05-23 10:51:09 | INFO |       25.719 ¦      211           2              0.010 
2025-05-23 10:51:09 | INFO |       25.729 ¦      212           2              0.010 
2025-05-23 10:51:09 | INFO |       25.739 ¦      213           2              0.010 
2025-05-23 10:51:09 | INFO |       25.749 ¦      214           2              0.010 
2025-05-23 10:51:09 | INFO |       25.759 ¦      215           2              0.010 
2025-05-23 10:51:09 | INFO |       25.769 ¦      216           2              0.010 
2025-05-23 10:51:09 | INFO |       25.779 ¦      217           2              0.010 
2025-05-23 10:51:09 | INFO |       25.789 ¦      218           2              0.010 
2025-05-23 10:51:09 | INFO |       25.799 ¦      219           2              0.010 
2025-05-23 10:51:09 | INFO |       25.809 ¦      220           2              0.010 
2025-05-23 10:51:09 | INFO |       25.819 ¦      221           2              0.010 
2025-05-23 10:51:09 | INFO |       25.829 ¦      222           2              0.010 
2025-05-23 10:51:09 | INFO |       25.839 ¦      223           2              0.010 
2025-05-23 10:51:09 | INFO |       25.849 ¦      224           2              0.010 
2025-05-23 10:51:09 | INFO |       25.859 ¦      225           2              0.010 
2025-05-23 10:51:09 | INFO |       25.869 ¦      226           2              0.010 
2025-05-23 10:51:09 | INFO |       25.879 ¦      227           2              0.010 
2025-05-23 10:51:09 | INFO |       25.889 ¦      228           2              0.010 
2025-05-23 10:51:09 | INFO |       25.899 ¦      229           2              0.010 
2025-05-23 10:51:09 | INFO |       25.909 ¦      230           2              0.010 
2025-05-23 10:51:09 | INFO |       25.919 ¦      231           2              0.010 
2025-05-23 10:51:09 | INFO |       25.929 ¦      232           2              0.010 
2025-05-23 10:51:09 | INFO |       25.939 ¦      233           2              0.010 
2025-05-23 10:51:09 | INFO |       25.949 ¦      234           2              0.010 
2025-05-23 10:51:09 | INFO |       25.959 ¦      235           2              0.010 
2025-05-23 10:51:09 | INFO |       25.969 ¦      236           2              0.010 
2025-05-23 10:51:09 | INFO |       25.979 ¦      237           2              0.010 
2025-05-23 10:51:09 | INFO |       25.989 ¦      238           2              0.010 
2025-05-23 10:51:09 | INFO |       25.999 ¦      239           2              0.010 
2025-05-23 10:51:09 | INFO |       26.009 ¦      240           2              0.010 
2025-05-23 10:51:09 | INFO |       26.019 ¦      241           2              0.010 
2025-05-23 10:51:09 | INFO |       26.029 ¦      242           2              0.010 
2025-05-23 10:51:09 | INFO |       26.039 ¦      243           2              0.010 
2025-05-23 10:51:09 | INFO |       26.049 ¦      244           2              0.010 
2025-05-23 10:51:09 | INFO |       26.059 ¦      245           2              0.010 
2025-05-23 10:51:09 | INFO |       26.069 ¦      246           2              0.010 
2025-05-23 10:51:09 | INFO |       26.079 ¦      247           2              0.010 
2025-05-23 10:51:09 | INFO |       26.089 ¦      248           2              0.010 
2025-05-23 10:51:09 | INFO |       26.099 ¦      249           2              0.010 
2025-05-23 10:51:09 | INFO |       26.109 ¦      250           2              0.010 
2025-05-23 10:51:09 | INFO |       26.119 ¦      251           2              0.010 
2025-05-23 10:51:09 | INFO |       26.129 ¦      252           2              0.010 
2025-05-23 10:51:09 | INFO |       26.139 ¦      253           2              0.010 
2025-05-23 10:51:09 | INFO |       26.149 ¦      254           2              0.010 
2025-05-23 10:51:09 | INFO |       26.159 ¦      255           2              0.010 
2025-05-23 10:51:09 | INFO |       26.169 ¦      256           2              0.010 
2025-05-23 10:51:09 | INFO |       26.179 ¦      257           2              0.010 
2025-05-23 10:51:09 | INFO |       26.189 ¦      258           2              0.010 
2025-05-23 10:51:09 | INFO |       26.199 ¦      259           2              0.010 
2025-05-23 10:51:09 | INFO |       26.209 ¦      260           2              0.010 
2025-05-23 10:51:09 | INFO |       26.219 ¦      261           2              0.010 
2025-05-23 10:51:09 | INFO |       26.229 ¦      262           2              0.010 
2025-05-23 10:51:09 | INFO |       26.239 ¦      263           2              0.010 
2025-05-23 10:51:09 | INFO |       26.249 ¦      264           2              0.010 
2025-05-23 10:51:09 | INFO |       26.259 ¦      265           2              0.010 
2025-05-23 10:51:09 | INFO |       26.269 ¦      266           2              0.010 
2025-05-23 10:51:09 | INFO |       26.279 ¦      267           2              0.010 
2025-05-23 10:51:09 | INFO |       26.289 ¦      268           2              0.010 
2025-05-23 10:51:09 | INFO |       26.299 ¦      269           2              0.010 
2025-05-23 10:51:09 | INFO |       26.309 ¦      270           2              0.010 
2025-05-23 10:51:09 | INFO |       26.319 ¦      271           2              0.010 
2025-05-23 10:51:09 | INFO |       26.329 ¦      272           2              0.010 
2025-05-23 10:51:09 | INFO |       26.339 ¦      273           2              0.010 
2025-05-23 10:51:09 | INFO |       26.349 ¦      274           2              0.010 
2025-05-23 10:51:09 | INFO |       26.359 ¦      275           2              0.010 
2025-05-23 10:51:09 | INFO |       26.369 ¦      276           2              0.010 
2025-05-23 10:51:09 | INFO |       26.379 ¦      277           2              0.010 
2025-05-23 10:51:09 | INFO |       26.389 ¦      278           2              0.010 
2025-05-23 10:51:09 | INFO |       26.399 ¦      279           2              0.010 
2025-05-23 10:51:09 | INFO |       26.409 ¦      280           2              0.010 
2025-05-23 10:51:09 | INFO |       26.419 ¦      281           2              0.010 
2025-05-23 10:51:09 | INFO |       26.429 ¦      282           2              0.010 
2025-05-23 10:51:09 | INFO |       26.439 ¦      283           2              0.010 
2025-05-23 10:51:09 | INFO |       26.449 ¦      284           2              0.010 
2025-05-23 10:51:09 | INFO |       26.459 ¦      285           2              0.010 
2025-05-23 10:51:09 | INFO |       26.469 ¦      286           2              0.010 
2025-05-23 10:51:09 | INFO |       26.479 ¦      287           2              0.010 
2025-05-23 10:51:09 | INFO |       26.489 ¦      288           2              0.010 
2025-05-23 10:51:09 | INFO |       26.499 ¦      289           2              0.010 
2025-05-23 10:51:09 | INFO |       26.509 ¦      290           2              0.010 
2025-05-23 10:51:09 | INFO |       26.519 ¦      291           2              0.010 
2025-05-23 10:51:09 | INFO |       26.529 ¦      292           2              0.010 
2025-05-23 10:51:09 | INFO |       26.539 ¦      293           2              0.010 
2025-05-23 10:51:09 | INFO |       26.549 ¦      294           2              0.010 
2025-05-23 10:51:09 | INFO |       26.559 ¦      295           2              0.010 
2025-05-23 10:51:09 | INFO |       26.569 ¦      296           2              0.010 
2025-05-23 10:51:09 | INFO |       26.579 ¦      297           2              0.010 
2025-05-23 10:51:09 | INFO |       26.589 ¦      298           2              0.010 
2025-05-23 10:51:09 | INFO |       26.599 ¦      299           2              0.010 
2025-05-23 10:51:09 | INFO |       26.609 ¦      300           2              0.010 
2025-05-23 10:51:09 | INFO |       26.619 ¦      301           2              0.010 
2025-05-23 10:51:09 | INFO |       26.629 ¦      302           2              0.010 
2025-05-23 10:51:09 | INFO |       26.639 ¦      303           2              0.010 
2025-05-23 10:51:09 | INFO |       26.649 ¦      304           2              0.010 
2025-05-23 10:51:09 | INFO |       26.659 ¦      305           2              0.010 
2025-05-23 10:51:09 | INFO |       26.669 ¦      306           2              0.010 
2025-05-23 10:51:09 | INFO |       26.679 ¦      307           2              0.010 
2025-05-23 10:51:09 | INFO |       26.689 ¦      308           2              0.010 
2025-05-23 10:51:09 | INFO |       26.699 ¦      309           2              0.010 
2025-05-23 10:51:09 | INFO |       26.709 ¦      310           2              0.010 
2025-05-23 10:51:09 | INFO |       26.719 ¦      311           2              0.010 
2025-05-23 10:51:09 | INFO |       26.729 ¦      312           2              0.010 
2025-05-23 10:51:09 | INFO |       26.739 ¦      313           2              0.010 
2025-05-23 10:51:09 | INFO |       26.749 ¦      314           2              0.010 
2025-05-23 10:51:09 | INFO |       26.759 ¦      315           2              0.010 
2025-05-23 10:51:09 | INFO |       26.769 ¦      316           2              0.010 
2025-05-23 10:51:09 | INFO |       26.779 ¦      317           2              0.010 
2025-05-23 10:51:09 | INFO |       26.789 ¦      318           2              0.010 
2025-05-23 10:51:09 | INFO |       26.799 ¦      319           2              0.010 
2025-05-23 10:51:09 | INFO |       26.809 ¦      320           2              0.010 
2025-05-23 10:51:09 | INFO |       26.819 ¦      321           2              0.010 
2025-05-23 10:51:09 | INFO |       26.829 ¦      322           2              0.010 
2025-05-23 10:51:09 | INFO |       26.839 ¦      323           2              0.010 
2025-05-23 10:51:09 | INFO |       26.849 ¦      324           2              0.010 
2025-05-23 10:51:09 | INFO |       26.859 ¦      325           2              0.010 
2025-05-23 10:51:09 | INFO |       26.869 ¦      326           2              0.010 
2025-05-23 10:51:09 | INFO |       26.879 ¦      327           2              0.010 
2025-05-23 10:51:09 | INFO |       26.889 ¦      328           2              0.010 
2025-05-23 10:51:09 | INFO |       26.899 ¦      329           2              0.010 
2025-05-23 10:51:09 | INFO |       26.909 ¦      330           2              0.010 
2025-05-23 10:51:09 | INFO |       26.919 ¦      331           2              0.010 
2025-05-23 10:51:09 | INFO |       26.929 ¦      332           2              0.010 
2025-05-23 10:51:09 | INFO |       26.939 ¦      333           2              0.010 
2025-05-23 10:51:09 | INFO |       26.949 ¦      334           2              0.010 
2025-05-23 10:51:09 | INFO |       26.959 ¦      335           2              0.010 
2025-05-23 10:51:09 | INFO |       26.969 ¦      336           2              0.010 
2025-05-23 10:51:09 | INFO |       26.979 ¦      337           2              0.010 
2025-05-23 10:51:09 | INFO |       26.989 ¦      338           2              0.010 
2025-05-23 10:51:09 | INFO |       26.999 ¦      339           2              0.010 
2025-05-23 10:51:09 | INFO |       27.009 ¦      340           2              0.010 
2025-05-23 10:51:09 | INFO |       27.019 ¦      341           2              0.010 
2025-05-23 10:51:09 | INFO |       27.029 ¦      342           2              0.010 
2025-05-23 10:51:09 | INFO |       27.039 ¦      343           2              0.010 
2025-05-23 10:51:09 | INFO |       27.049 ¦      344           2              0.010 
2025-05-23 10:51:09 | INFO |       27.059 ¦      345           2              0.010 
2025-05-23 10:51:09 | INFO |       27.069 ¦      346           2              0.010 
2025-05-23 10:51:09 | INFO |       27.079 ¦      347           2              0.010 
2025-05-23 10:51:09 | INFO |       27.089 ¦      348           2              0.010 
2025-05-23 10:51:09 | INFO |       27.099 ¦      349           2              0.010 
2025-05-23 10:51:09 | INFO |       27.109 ¦      350           2              0.010 
2025-05-23 10:51:09 | INFO |       27.119 ¦      351           2              0.010 
2025-05-23 10:51:09 | INFO |       27.129 ¦      352           2              0.010 
2025-05-23 10:51:09 | INFO |       27.139 ¦      353           2              0.010 
2025-05-23 10:51:09 | INFO |       27.149 ¦      354           2              0.010 
2025-05-23 10:51:09 | INFO |       27.159 ¦      355           2              0.010 
2025-05-23 10:51:09 | INFO |       27.169 ¦      356           2              0.010 
2025-05-23 10:51:09 | INFO |       27.179 ¦      357           2              0.010 
2025-05-23 10:51:09 | INFO |       27.189 ¦      358           2              0.010 
2025-05-23 10:51:09 | INFO |       27.199 ¦      359           2              0.010 
2025-05-23 10:51:09 | INFO |       27.209 ¦      360           2              0.010 
2025-05-23 10:51:09 | INFO |       27.219 ¦      361           2              0.010 
2025-05-23 10:51:09 | INFO |       27.229 ¦      362           2              0.010 
2025-05-23 10:51:09 | INFO |       27.239 ¦      363           2              0.010 
2025-05-23 10:51:09 | INFO |       27.249 ¦      364           2              0.010 
2025-05-23 10:51:09 | INFO |       27.259 ¦      365           2              0.010 
2025-05-23 10:51:09 | INFO |       27.269 ¦      366           2              0.010 
2025-05-23 10:51:09 | INFO |       27.279 ¦      367           2              0.010 
2025-05-23 10:51:09 | INFO |       27.289 ¦      368           2              0.010 
2025-05-23 10:51:09 | INFO |       27.299 ¦      369           2              0.010 
2025-05-23 10:51:09 | INFO |       27.309 ¦      370           2              0.010 
2025-05-23 10:51:09 | INFO |       27.319 ¦      371           2              0.010 
2025-05-23 10:51:09 | INFO |       27.329 ¦      372           2              0.010 
2025-05-23 10:51:09 | INFO |       27.339 ¦      373           2              0.010 
2025-05-23 10:51:09 | INFO |       27.349 ¦      374           2              0.010 
2025-05-23 10:51:09 | INFO |       27.359 ¦      375           2              0.010 
2025-05-23 10:51:09 | INFO |       27.369 ¦      376           2              0.010 
2025-05-23 10:51:09 | INFO |       27.379 ¦      377           2              0.010 
2025-05-23 10:51:09 | INFO |       27.389 ¦      378           2              0.010 
2025-05-23 10:51:09 | INFO |       27.399 ¦      379           2              0.010 
2025-05-23 10:51:09 | INFO |       27.409 ¦      380           2              0.010 
2025-05-23 10:51:09 | INFO |       27.419 ¦      381           2              0.010 
2025-05-23 10:51:09 | INFO |       27.429 ¦      382           2              0.010 
2025-05-23 10:51:09 | INFO |       27.439 ¦      383           2              0.010 
2025-05-23 10:51:09 | INFO |       27.449 ¦      384           2              0.010 
2025-05-23 10:51:09 | INFO |       27.459 ¦      385           2              0.010 
2025-05-23 10:51:09 | INFO |       27.469 ¦      386           2              0.010 
2025-05-23 10:51:09 | INFO |       27.479 ¦      387           2              0.010 
2025-05-23 10:51:09 | INFO |       27.489 ¦      388           2              0.010 
2025-05-23 10:51:09 | INFO |       27.499 ¦      389           2              0.010 
2025-05-23 10:51:09 | INFO |       27.509 ¦      390           2              0.010 
2025-05-23 10:51:09 | INFO |       27.519 ¦      391           2              0.010 
2025-05-23 10:51:09 | INFO |       27.529 ¦      392           2              0.010 
2025-05-23 10:51:09 | INFO |       27.539 ¦      393           2              0.010 
2025-05-23 10:51:09 | INFO |       27.549 ¦      394           2              0.010 
2025-05-23 10:51:09 | INFO |       27.559 ¦      395           2              0.010 
2025-05-23 10:51:09 | INFO |       27.569 ¦      396           2              0.010 
2025-05-23 10:51:09 | INFO |       27.579 ¦      397           2              0.010 
2025-05-23 10:51:09 | INFO |       27.589 ¦      398           2              0.010 
2025-05-23 10:51:09 | INFO |       27.599 ¦      399           2              0.010 
2025-05-23 10:51:09 | INFO |       27.609 ¦      400           2              0.010 
2025-05-23 10:51:09 | INFO |       27.619 ¦      401           2              0.010 
2025-05-23 10:51:09 | INFO |       27.629 ¦      402           2              0.010 
2025-05-23 10:51:09 | INFO |       27.639 ¦      403           2              0.010 
2025-05-23 10:51:09 | INFO |       27.649 ¦      404           2              0.010 
2025-05-23 10:51:09 | INFO |       27.659 ¦      405           2              0.010 
2025-05-23 10:51:09 | INFO |       27.669 ¦      406           2              0.010 
2025-05-23 10:51:09 | INFO |       27.679 ¦      407           2              0.010 
2025-05-23 10:51:09 | INFO |       27.689 ¦      408           2              0.010 
2025-05-23 10:51:09 | INFO |       27.699 ¦      409           2              0.010 
2025-05-23 10:51:09 | INFO |       27.709 ¦      410           2              0.010 
2025-05-23 10:51:09 | INFO |       27.719 ¦      411           2              0.010 
2025-05-23 10:51:09 | INFO |       27.729 ¦      412           2              0.010 
2025-05-23 10:51:09 | INFO | Algebraic mode change at t = 27.7363
2025-05-23 10:51:09 | INFO |       27.736 ¦      413           2              0.010 
2025-05-23 10:51:09 | INFO | calculation of the new starting point of the simulation.
2025-05-23 10:51:09 | INFO |       27.736 ¦        0           0              0.000 
2025-05-23 10:51:09 | INFO |       27.736 ¦        1           1              0.000 
2025-05-23 10:51:09 | INFO |       27.736 ¦        2           1              0.000 
2025-05-23 10:51:09 | INFO |       27.736 ¦        3           2              0.000 
2025-05-23 10:51:09 | INFO |       27.736 ¦        4           2              0.000 
2025-05-23 10:51:09 | INFO |       27.736 ¦        5           2              0.000 
2025-05-23 10:51:09 | INFO |       27.736 ¦        6           2              0.000 
2025-05-23 10:51:09 | INFO |       27.736 ¦        7           2              0.000 
2025-05-23 10:51:09 | INFO |       27.736 ¦        8           2              0.000 
2025-05-23 10:51:09 | INFO |       27.737 ¦        9           2              0.000 
2025-05-23 10:51:09 | INFO |       27.737 ¦       10           2              0.000 
2025-05-23 10:51:09 | INFO |       27.737 ¦       11           2              0.001 
2025-05-23 10:51:09 | INFO |       27.738 ¦       12           2              0.001 
2025-05-23 10:51:09 | INFO |       27.740 ¦       13           2              0.002 
2025-05-23 10:51:09 | INFO |       27.745 ¦       14           2              0.004 
2025-05-23 10:51:09 | INFO |       27.753 ¦       15           2              0.008 
2025-05-23 10:51:09 | INFO |       27.763 ¦       16           2              0.010 
2025-05-23 10:51:09 | INFO |       27.773 ¦       17           2              0.010 
2025-05-23 10:51:09 | INFO |       27.783 ¦       18           2              0.010 
2025-05-23 10:51:09 | INFO |       27.793 ¦       19           2              0.010 
2025-05-23 10:51:09 | INFO |       27.803 ¦       20           2              0.010 
2025-05-23 10:51:09 | INFO |       27.813 ¦       21           2              0.010 
2025-05-23 10:51:09 | INFO |       27.823 ¦       22           2              0.010 
2025-05-23 10:51:09 | INFO |       27.833 ¦       23           2              0.010 
2025-05-23 10:51:09 | INFO |       27.843 ¦       24           2              0.010 
2025-05-23 10:51:09 | INFO |       27.853 ¦       25           2              0.010 
2025-05-23 10:51:09 | INFO |       27.863 ¦       26           2              0.010 
2025-05-23 10:51:09 | INFO |       27.873 ¦       27           2              0.010 
2025-05-23 10:51:09 | INFO |       27.883 ¦       28           2              0.010 
2025-05-23 10:51:09 | INFO |       27.893 ¦       29           2              0.010 
2025-05-23 10:51:09 | INFO |       27.903 ¦       30           2              0.010 
2025-05-23 10:51:09 | INFO |       27.913 ¦       31           2              0.010 
2025-05-23 10:51:09 | INFO |       27.923 ¦       32           2              0.010 
2025-05-23 10:51:09 | INFO |       27.933 ¦       33           2              0.010 
2025-05-23 10:51:09 | INFO |       27.943 ¦       34           2              0.010 
2025-05-23 10:51:09 | INFO |       27.953 ¦       35           2              0.010 
2025-05-23 10:51:09 | INFO |       27.963 ¦       36           2              0.010 
2025-05-23 10:51:09 | INFO |       27.973 ¦       37           2              0.010 
2025-05-23 10:51:09 | INFO |       27.983 ¦       38           2              0.010 
2025-05-23 10:51:09 | INFO |       27.993 ¦       39           2              0.010 
2025-05-23 10:51:09 | INFO |       28.003 ¦       40           2              0.010 
2025-05-23 10:51:09 | INFO |       28.013 ¦       41           2              0.010 
2025-05-23 10:51:09 | INFO |       28.023 ¦       42           2              0.010 
2025-05-23 10:51:09 | INFO |       28.033 ¦       43           2              0.010 
2025-05-23 10:51:09 | INFO |       28.043 ¦       44           2              0.010 
2025-05-23 10:51:09 | INFO |       28.053 ¦       45           2              0.010 
2025-05-23 10:51:09 | INFO |       28.063 ¦       46           2              0.010 
2025-05-23 10:51:09 | INFO |       28.073 ¦       47           2              0.010 
2025-05-23 10:51:09 | INFO |       28.083 ¦       48           2              0.010 
2025-05-23 10:51:09 | INFO |       28.093 ¦       49           2              0.010 
2025-05-23 10:51:09 | INFO |       28.103 ¦       50           2              0.010 
2025-05-23 10:51:09 | INFO |       28.113 ¦       51           2              0.010 
2025-05-23 10:51:09 | INFO |       28.123 ¦       52           2              0.010 
2025-05-23 10:51:09 | INFO |       28.133 ¦       53           2              0.010 
2025-05-23 10:51:09 | INFO |       28.143 ¦       54           2              0.010 
2025-05-23 10:51:09 | INFO |       28.153 ¦       55           2              0.010 
2025-05-23 10:51:09 | INFO |       28.163 ¦       56           2              0.010 
2025-05-23 10:51:09 | INFO |       28.173 ¦       57           2              0.010 
2025-05-23 10:51:09 | INFO |       28.183 ¦       58           2              0.010 
2025-05-23 10:51:09 | INFO |       28.193 ¦       59           2              0.010 
2025-05-23 10:51:09 | INFO |       28.203 ¦       60           2              0.010 
2025-05-23 10:51:09 | INFO |       28.213 ¦       61           2              0.010 
2025-05-23 10:51:09 | INFO |       28.223 ¦       62           2              0.010 
2025-05-23 10:51:09 | INFO |       28.233 ¦       63           2              0.010 
2025-05-23 10:51:09 | INFO |       28.243 ¦       64           2              0.010 
2025-05-23 10:51:09 | INFO |       28.253 ¦       65           2              0.010 
2025-05-23 10:51:09 | INFO |       28.263 ¦       66           2              0.010 
2025-05-23 10:51:09 | INFO |       28.273 ¦       67           2              0.010 
2025-05-23 10:51:09 | INFO |       28.283 ¦       68           2              0.010 
2025-05-23 10:51:09 | INFO |       28.293 ¦       69           2              0.010 
2025-05-23 10:51:09 | INFO |       28.303 ¦       70           2              0.010 
2025-05-23 10:51:09 | INFO |       28.313 ¦       71           2              0.010 
2025-05-23 10:51:09 | INFO |       28.323 ¦       72           2              0.010 
2025-05-23 10:51:09 | INFO |       28.333 ¦       73           2              0.010 
2025-05-23 10:51:09 | INFO |       28.343 ¦       74           2              0.010 
2025-05-23 10:51:09 | INFO |       28.353 ¦       75           2              0.010 
2025-05-23 10:51:09 | INFO |       28.363 ¦       76           2              0.010 
2025-05-23 10:51:09 | INFO |       28.373 ¦       77           2              0.010 
2025-05-23 10:51:09 | INFO |       28.383 ¦       78           2              0.010 
2025-05-23 10:51:09 | INFO |       28.393 ¦       79           2              0.010 
2025-05-23 10:51:09 | INFO |       28.403 ¦       80           2              0.010 
2025-05-23 10:51:09 | INFO |       28.413 ¦       81           2              0.010 
2025-05-23 10:51:09 | INFO |       28.423 ¦       82           2              0.010 
2025-05-23 10:51:09 | INFO |       28.433 ¦       83           2              0.010 
2025-05-23 10:51:09 | INFO |       28.443 ¦       84           2              0.010 
2025-05-23 10:51:09 | INFO |       28.453 ¦       85           2              0.010 
2025-05-23 10:51:09 | INFO |       28.463 ¦       86           2              0.010 
2025-05-23 10:51:09 | INFO |       28.473 ¦       87           2              0.010 
2025-05-23 10:51:09 | INFO |       28.483 ¦       88           2              0.010 
2025-05-23 10:51:09 | INFO |       28.493 ¦       89           2              0.010 
2025-05-23 10:51:09 | INFO |       28.503 ¦       90           2              0.010 
2025-05-23 10:51:09 | INFO |       28.513 ¦       91           2              0.010 
2025-05-23 10:51:09 | INFO |       28.523 ¦       92           2              0.010 
2025-05-23 10:51:09 | INFO |       28.533 ¦       93           2              0.010 
2025-05-23 10:51:09 | INFO |       28.543 ¦       94           2              0.010 
2025-05-23 10:51:09 | INFO |       28.553 ¦       95           2              0.010 
2025-05-23 10:51:09 | INFO |       28.563 ¦       96           2              0.010 
2025-05-23 10:51:09 | INFO |       28.573 ¦       97           2              0.010 
2025-05-23 10:51:09 | INFO |       28.583 ¦       98           2              0.010 
2025-05-23 10:51:09 | INFO |       28.593 ¦       99           2              0.010 
2025-05-23 10:51:09 | INFO |       28.603 ¦      100           2              0.010 
2025-05-23 10:51:09 | INFO |       28.613 ¦      101           2              0.010 
2025-05-23 10:51:09 | INFO |       28.623 ¦      102           2              0.010 
2025-05-23 10:51:09 | INFO |       28.633 ¦      103           2              0.010 
2025-05-23 10:51:09 | INFO |       28.643 ¦      104           2              0.010 
2025-05-23 10:51:09 | INFO |       28.653 ¦      105           2              0.010 
2025-05-23 10:51:09 | INFO |       28.663 ¦      106           2              0.010 
2025-05-23 10:51:09 | INFO |       28.673 ¦      107           2              0.010 
2025-05-23 10:51:09 | INFO |       28.683 ¦      108           2              0.010 
2025-05-23 10:51:09 | INFO |       28.693 ¦      109           2              0.010 
2025-05-23 10:51:09 | INFO |       28.703 ¦      110           2              0.010 
2025-05-23 10:51:09 | INFO |       28.713 ¦      111           2              0.010 
2025-05-23 10:51:09 | INFO |       28.723 ¦      112           2              0.010 
2025-05-23 10:51:09 | INFO |       28.733 ¦      113           2              0.010 
2025-05-23 10:51:09 | INFO |       28.743 ¦      114           2              0.010 
2025-05-23 10:51:09 | INFO |       28.753 ¦      115           2              0.010 
2025-05-23 10:51:09 | INFO |       28.763 ¦      116           2              0.010 
2025-05-23 10:51:09 | INFO |       28.773 ¦      117           2              0.010 
2025-05-23 10:51:09 | INFO |       28.783 ¦      118           2              0.010 
2025-05-23 10:51:09 | INFO |       28.793 ¦      119           2              0.010 
2025-05-23 10:51:09 | INFO |       28.803 ¦      120           2              0.010 
2025-05-23 10:51:09 | INFO |       28.813 ¦      121           2              0.010 
2025-05-23 10:51:09 | INFO |       28.823 ¦      122           2              0.010 
2025-05-23 10:51:09 | INFO |       28.833 ¦      123           2              0.010 
2025-05-23 10:51:09 | INFO |       28.843 ¦      124           2              0.010 
2025-05-23 10:51:09 | INFO |       28.853 ¦      125           2              0.010 
2025-05-23 10:51:09 | INFO |       28.863 ¦      126           2              0.010 
2025-05-23 10:51:09 | INFO |       28.873 ¦      127           2              0.010 
2025-05-23 10:51:09 | INFO |       28.883 ¦      128           2              0.010 
2025-05-23 10:51:09 | INFO |       28.893 ¦      129           2              0.010 
2025-05-23 10:51:09 | INFO |       28.903 ¦      130           2              0.010 
2025-05-23 10:51:09 | INFO |       28.913 ¦      131           2              0.010 
2025-05-23 10:51:09 | INFO |       28.923 ¦      132           2              0.010 
2025-05-23 10:51:09 | INFO |       28.933 ¦      133           2              0.010 
2025-05-23 10:51:09 | INFO |       28.943 ¦      134           2              0.010 
2025-05-23 10:51:09 | INFO |       28.953 ¦      135           2              0.010 
2025-05-23 10:51:09 | INFO |       28.963 ¦      136           2              0.010 
2025-05-23 10:51:09 | INFO |       28.973 ¦      137           2              0.010 
2025-05-23 10:51:09 | INFO |       28.983 ¦      138           2              0.010 
2025-05-23 10:51:09 | INFO |       28.993 ¦      139           2              0.010 
2025-05-23 10:51:09 | INFO |       29.003 ¦      140           2              0.010 
2025-05-23 10:51:09 | INFO |       29.013 ¦      141           2              0.010 
2025-05-23 10:51:09 | INFO |       29.023 ¦      142           2              0.010 
2025-05-23 10:51:09 | INFO |       29.033 ¦      143           2              0.010 
2025-05-23 10:51:09 | INFO |       29.043 ¦      144           2              0.010 
2025-05-23 10:51:09 | INFO |       29.053 ¦      145           2              0.010 
2025-05-23 10:51:09 | INFO |       29.063 ¦      146           2              0.010 
2025-05-23 10:51:09 | INFO |       29.073 ¦      147           2              0.010 
2025-05-23 10:51:09 | INFO |       29.083 ¦      148           2              0.010 
2025-05-23 10:51:09 | INFO |       29.093 ¦      149           2              0.010 
2025-05-23 10:51:09 | INFO |       29.103 ¦      150           2              0.010 
2025-05-23 10:51:09 | INFO |       29.113 ¦      151           2              0.010 
2025-05-23 10:51:09 | INFO |       29.123 ¦      152           2              0.010 
2025-05-23 10:51:09 | INFO |       29.133 ¦      153           2              0.010 
2025-05-23 10:51:09 | INFO |       29.143 ¦      154           2              0.010 
2025-05-23 10:51:09 | INFO |       29.153 ¦      155           2              0.010 
2025-05-23 10:51:09 | INFO |       29.163 ¦      156           2              0.010 
2025-05-23 10:51:09 | INFO |       29.173 ¦      157           2              0.010 
2025-05-23 10:51:09 | INFO |       29.183 ¦      158           2              0.010 
2025-05-23 10:51:09 | INFO |       29.193 ¦      159           2              0.010 
2025-05-23 10:51:09 | INFO |       29.203 ¦      160           2              0.010 
2025-05-23 10:51:09 | INFO |       29.213 ¦      161           2              0.010 
2025-05-23 10:51:09 | INFO |       29.223 ¦      162           2              0.010 
2025-05-23 10:51:09 | INFO |       29.233 ¦      163           2              0.010 
2025-05-23 10:51:09 | INFO |       29.243 ¦      164           2              0.010 
2025-05-23 10:51:09 | INFO |       29.253 ¦      165           2              0.010 
2025-05-23 10:51:09 | INFO |       29.263 ¦      166           2              0.010 
2025-05-23 10:51:09 | INFO |       29.273 ¦      167           2              0.010 
2025-05-23 10:51:09 | INFO |       29.283 ¦      168           2              0.010 
2025-05-23 10:51:09 | INFO |       29.293 ¦      169           2              0.010 
2025-05-23 10:51:09 | INFO |       29.303 ¦      170           2              0.010 
2025-05-23 10:51:09 | INFO |       29.313 ¦      171           2              0.010 
2025-05-23 10:51:09 | INFO |       29.323 ¦      172           2              0.010 
2025-05-23 10:51:09 | INFO |       29.333 ¦      173           2              0.010 
2025-05-23 10:51:09 | INFO |       29.343 ¦      174           2              0.010 
2025-05-23 10:51:09 | INFO |       29.353 ¦      175           2              0.010 
2025-05-23 10:51:09 | INFO |       29.363 ¦      176           2              0.010 
2025-05-23 10:51:09 | INFO |       29.373 ¦      177           2              0.010 
2025-05-23 10:51:09 | INFO |       29.383 ¦      178           2              0.010 
2025-05-23 10:51:09 | INFO |       29.393 ¦      179           2              0.010 
2025-05-23 10:51:09 | INFO |       29.403 ¦      180           2              0.010 
2025-05-23 10:51:09 | INFO |       29.413 ¦      181           2              0.010 
2025-05-23 10:51:09 | INFO |       29.423 ¦      182           2              0.010 
2025-05-23 10:51:09 | INFO |       29.433 ¦      183           2              0.010 
2025-05-23 10:51:09 | INFO |       29.443 ¦      184           2              0.010 
2025-05-23 10:51:09 | INFO |       29.453 ¦      185           2              0.010 
2025-05-23 10:51:09 | INFO |       29.463 ¦      186           2              0.010 
2025-05-23 10:51:09 | INFO |       29.473 ¦      187           2              0.010 
2025-05-23 10:51:09 | INFO |       29.483 ¦      188           2              0.010 
2025-05-23 10:51:09 | INFO |       29.493 ¦      189           2              0.010 
2025-05-23 10:51:09 | INFO |       29.503 ¦      190           2              0.010 
2025-05-23 10:51:09 | INFO |       29.513 ¦      191           2              0.010 
2025-05-23 10:51:09 | INFO |       29.523 ¦      192           2              0.010 
2025-05-23 10:51:09 | INFO |       29.533 ¦      193           2              0.010 
2025-05-23 10:51:09 | INFO |       29.543 ¦      194           2              0.010 
2025-05-23 10:51:09 | INFO |       29.553 ¦      195           2              0.010 
2025-05-23 10:51:09 | INFO |       29.563 ¦      196           2              0.010 
2025-05-23 10:51:09 | INFO |       29.573 ¦      197           2              0.010 
2025-05-23 10:51:09 | INFO |       29.583 ¦      198           2              0.010 
2025-05-23 10:51:09 | INFO |       29.593 ¦      199           2              0.010 
2025-05-23 10:51:09 | INFO |       29.603 ¦      200           2              0.010 
2025-05-23 10:51:09 | INFO |       29.613 ¦      201           2              0.010 
2025-05-23 10:51:09 | INFO |       29.623 ¦      202           2              0.010 
2025-05-23 10:51:09 | INFO |       29.633 ¦      203           2              0.010 
2025-05-23 10:51:09 | INFO |       29.643 ¦      204           2              0.010 
2025-05-23 10:51:09 | INFO |       29.653 ¦      205           2              0.010 
2025-05-23 10:51:09 | INFO |       29.663 ¦      206           2              0.010 
2025-05-23 10:51:09 | INFO |       29.673 ¦      207           2              0.010 
2025-05-23 10:51:09 | INFO |       29.683 ¦      208           2              0.010 
2025-05-23 10:51:09 | INFO |       29.693 ¦      209           2              0.010 
2025-05-23 10:51:09 | INFO |       29.703 ¦      210           2              0.010 
2025-05-23 10:51:09 | INFO |       29.713 ¦      211           2              0.010 
2025-05-23 10:51:09 | INFO |       29.723 ¦      212           2              0.010 
2025-05-23 10:51:09 | INFO |       29.733 ¦      213           2              0.010 
2025-05-23 10:51:09 | INFO |       29.743 ¦      214           2              0.010 
2025-05-23 10:51:09 | INFO |       29.753 ¦      215           2              0.010 
2025-05-23 10:51:09 | INFO |       29.763 ¦      216           2              0.010 
2025-05-23 10:51:09 | INFO |       29.773 ¦      217           2              0.010 
2025-05-23 10:51:09 | INFO |       29.783 ¦      218           2              0.010 
2025-05-23 10:51:09 | INFO |       29.793 ¦      219           2              0.010 
2025-05-23 10:51:09 | INFO |       29.803 ¦      220           2              0.010 
2025-05-23 10:51:09 | INFO |       29.813 ¦      221           2              0.010 
2025-05-23 10:51:09 | INFO |       29.823 ¦      222           2              0.010 
2025-05-23 10:51:09 | INFO |       29.833 ¦      223           2              0.010 
2025-05-23 10:51:09 | INFO |       29.843 ¦      224           2              0.010 
2025-05-23 10:51:09 | INFO |       29.853 ¦      225           2              0.010 
2025-05-23 10:51:09 | INFO |       29.863 ¦      226           2              0.010 
2025-05-23 10:51:09 | INFO |       29.873 ¦      227           2              0.010 
2025-05-23 10:51:09 | INFO |       29.883 ¦      228           2              0.010 
2025-05-23 10:51:09 | INFO |       29.893 ¦      229           2              0.010 
2025-05-23 10:51:09 | INFO |       29.903 ¦      230           2              0.010 
2025-05-23 10:51:09 | INFO |       29.913 ¦      231           2              0.010 
2025-05-23 10:51:09 | INFO |       29.923 ¦      232           2              0.010 
2025-05-23 10:51:09 | INFO |       29.933 ¦      233           2              0.010 
2025-05-23 10:51:09 | INFO |       29.943 ¦      234           2              0.010 
2025-05-23 10:51:09 | INFO |       29.953 ¦      235           2              0.010 
2025-05-23 10:51:09 | INFO |       29.963 ¦      236           2              0.010 
2025-05-23 10:51:09 | INFO |       29.973 ¦      237           2              0.010 
2025-05-23 10:51:09 | INFO |       29.983 ¦      238           2              0.010 
2025-05-23 10:51:09 | INFO |       29.993 ¦      239           2              0.010 
2025-05-23 10:51:09 | INFO |       30.003 ¦      240           2              0.010 
2025-05-23 10:51:09 | INFO |       30.013 ¦      241           2              0.010 
2025-05-23 10:51:09 | INFO |       30.023 ¦      242           2              0.010 
2025-05-23 10:51:09 | INFO |       30.033 ¦      243           2              0.010 
2025-05-23 10:51:09 | INFO |       30.043 ¦      244           2              0.010 
2025-05-23 10:51:09 | INFO |       30.053 ¦      245           2              0.010 
2025-05-23 10:51:09 | INFO |       30.063 ¦      246           2              0.010 
2025-05-23 10:51:09 | INFO |       30.073 ¦      247           2              0.010 
2025-05-23 10:51:09 | INFO |       30.083 ¦      248           2              0.010 
2025-05-23 10:51:09 | INFO |       30.093 ¦      249           2              0.010 
2025-05-23 10:51:09 | INFO |       30.103 ¦      250           2              0.010 
2025-05-23 10:51:09 | INFO |       30.113 ¦      251           2              0.010 
2025-05-23 10:51:09 | INFO |       30.123 ¦      252           2              0.010 
2025-05-23 10:51:09 | INFO |       30.133 ¦      253           2              0.010 
2025-05-23 10:51:09 | INFO |       30.143 ¦      254           2              0.010 
2025-05-23 10:51:09 | INFO |       30.153 ¦      255           2              0.010 
2025-05-23 10:51:09 | INFO |       30.163 ¦      256           2              0.010 
2025-05-23 10:51:09 | INFO |       30.173 ¦      257           2              0.010 
2025-05-23 10:51:09 | INFO |       30.183 ¦      258           2              0.010 
2025-05-23 10:51:09 | INFO |       30.193 ¦      259           2              0.010 
2025-05-23 10:51:09 | INFO |       30.203 ¦      260           2              0.010 
2025-05-23 10:51:09 | INFO |       30.213 ¦      261           2              0.010 
2025-05-23 10:51:09 | INFO |       30.223 ¦      262           2              0.010 
2025-05-23 10:51:09 | INFO |       30.233 ¦      263           2              0.010 
2025-05-23 10:51:09 | INFO |       30.243 ¦      264           2              0.010 
2025-05-23 10:51:09 | INFO |       30.253 ¦      265           2              0.010 
2025-05-23 10:51:09 | INFO |       30.263 ¦      266           2              0.010 
2025-05-23 10:51:09 | INFO |       30.273 ¦      267           2              0.010 
2025-05-23 10:51:09 | INFO |       30.283 ¦      268           2              0.010 
2025-05-23 10:51:09 | INFO |       30.293 ¦      269           2              0.010 
2025-05-23 10:51:09 | INFO |       30.303 ¦      270           2              0.010 
2025-05-23 10:51:09 | INFO |       30.313 ¦      271           2              0.010 
2025-05-23 10:51:09 | INFO |       30.323 ¦      272           2              0.010 
2025-05-23 10:51:09 | INFO |       30.333 ¦      273           2              0.010 
2025-05-23 10:51:09 | INFO |       30.343 ¦      274           2              0.010 
2025-05-23 10:51:09 | INFO |       30.353 ¦      275           2              0.010 
2025-05-23 10:51:09 | INFO |       30.363 ¦      276           2              0.010 
2025-05-23 10:51:09 | INFO |       30.373 ¦      277           2              0.010 
2025-05-23 10:51:09 | INFO |       30.383 ¦      278           2              0.010 
2025-05-23 10:51:09 | INFO |       30.393 ¦      279           2              0.010 
2025-05-23 10:51:09 | INFO |       30.403 ¦      280           2              0.010 
2025-05-23 10:51:09 | INFO |       30.413 ¦      281           2              0.010 
2025-05-23 10:51:09 | INFO |       30.423 ¦      282           2              0.010 
2025-05-23 10:51:09 | INFO |       30.433 ¦      283           2              0.010 
2025-05-23 10:51:09 | INFO |       30.443 ¦      284           2              0.010 
2025-05-23 10:51:09 | INFO |       30.453 ¦      285           2              0.010 
2025-05-23 10:51:09 | INFO |       30.463 ¦      286           2              0.010 
2025-05-23 10:51:09 | INFO |       30.473 ¦      287           2              0.010 
2025-05-23 10:51:09 | INFO |       30.483 ¦      288           2              0.010 
2025-05-23 10:51:09 | INFO |       30.493 ¦      289           2              0.010 
2025-05-23 10:51:09 | INFO |       30.503 ¦      290           2              0.010 
2025-05-23 10:51:09 | INFO |       30.513 ¦      291           2              0.010 
2025-05-23 10:51:09 | INFO |       30.523 ¦      292           2              0.010 
2025-05-23 10:51:09 | INFO |       30.533 ¦      293           2              0.010 
2025-05-23 10:51:09 | INFO |       30.543 ¦      294           2              0.010 
2025-05-23 10:51:09 | INFO |       30.553 ¦      295           2              0.010 
2025-05-23 10:51:09 | INFO |       30.563 ¦      296           2              0.010 
2025-05-23 10:51:09 | INFO |       30.573 ¦      297           2              0.010 
2025-05-23 10:51:09 | INFO |       30.583 ¦      298           2              0.010 
2025-05-23 10:51:09 | INFO |       30.593 ¦      299           2              0.010 
2025-05-23 10:51:09 | INFO |       30.603 ¦      300           2              0.010 
2025-05-23 10:51:09 | INFO |       30.613 ¦      301           2              0.010 
2025-05-23 10:51:09 | INFO |       30.623 ¦      302           2              0.010 
2025-05-23 10:51:09 | INFO |       30.633 ¦      303           2              0.010 
2025-05-23 10:51:09 | INFO |       30.643 ¦      304           2              0.010 
2025-05-23 10:51:09 | INFO |       30.653 ¦      305           2              0.010 
2025-05-23 10:51:09 | INFO |       30.663 ¦      306           2              0.010 
2025-05-23 10:51:09 | INFO |       30.673 ¦      307           2              0.010 
2025-05-23 10:51:09 | INFO |       30.683 ¦      308           2              0.010 
2025-05-23 10:51:09 | INFO |       30.693 ¦      309           2              0.010 
2025-05-23 10:51:09 | INFO |       30.703 ¦      310           2              0.010 
2025-05-23 10:51:09 | INFO |       30.713 ¦      311           2              0.010 
2025-05-23 10:51:09 | INFO |       30.723 ¦      312           2              0.010 
2025-05-23 10:51:09 | INFO |       30.733 ¦      313           2              0.010 
2025-05-23 10:51:09 | INFO |       30.743 ¦      314           2              0.010 
2025-05-23 10:51:09 | INFO |       30.753 ¦      315           2              0.010 
2025-05-23 10:51:09 | INFO |       30.763 ¦      316           2              0.010 
2025-05-23 10:51:09 | INFO |       30.773 ¦      317           2              0.010 
2025-05-23 10:51:09 | INFO |       30.783 ¦      318           2              0.010 
2025-05-23 10:51:09 | INFO |       30.793 ¦      319           2              0.010 
2025-05-23 10:51:09 | INFO |       30.803 ¦      320           2              0.010 
2025-05-23 10:51:09 | INFO |       30.813 ¦      321           2              0.010 
2025-05-23 10:51:09 | INFO |       30.823 ¦      322           2              0.010 
2025-05-23 10:51:09 | INFO |       30.833 ¦      323           2              0.010 
2025-05-23 10:51:09 | INFO |       30.843 ¦      324           2              0.010 
2025-05-23 10:51:09 | INFO |       30.853 ¦      325           2              0.010 
2025-05-23 10:51:09 | INFO |       30.863 ¦      326           2              0.010 
2025-05-23 10:51:09 | INFO |       30.873 ¦      327           2              0.010 
2025-05-23 10:51:09 | INFO |       30.883 ¦      328           2              0.010 
2025-05-23 10:51:09 | INFO |       30.893 ¦      329           2              0.010 
2025-05-23 10:51:09 | INFO |       30.903 ¦      330           2              0.010 
2025-05-23 10:51:09 | INFO |       30.913 ¦      331           2              0.010 
2025-05-23 10:51:09 | INFO |       30.923 ¦      332           2              0.010 
2025-05-23 10:51:09 | INFO |       30.933 ¦      333           2              0.010 
2025-05-23 10:51:09 | INFO |       30.943 ¦      334           2              0.010 
2025-05-23 10:51:09 | INFO |       30.953 ¦      335           2              0.010 
2025-05-23 10:51:09 | INFO |       30.963 ¦      336           2              0.010 
2025-05-23 10:51:09 | INFO |       30.973 ¦      337           2              0.010 
2025-05-23 10:51:09 | INFO |       30.983 ¦      338           2              0.010 
2025-05-23 10:51:09 | INFO |       30.993 ¦      339           2              0.010 
2025-05-23 10:51:09 | INFO |       31.003 ¦      340           2              0.010 
2025-05-23 10:51:09 | INFO |       31.013 ¦      341           2              0.010 
2025-05-23 10:51:09 | INFO |       31.023 ¦      342           2              0.010 
2025-05-23 10:51:09 | INFO |       31.033 ¦      343           2              0.010 
2025-05-23 10:51:09 | INFO |       31.043 ¦      344           2              0.010 
2025-05-23 10:51:09 | INFO |       31.053 ¦      345           2              0.010 
2025-05-23 10:51:09 | INFO |       31.063 ¦      346           2              0.010 
2025-05-23 10:51:09 | INFO |       31.073 ¦      347           2              0.010 
2025-05-23 10:51:09 | INFO |       31.083 ¦      348           2              0.010 
2025-05-23 10:51:09 | INFO |       31.093 ¦      349           2              0.010 
2025-05-23 10:51:09 | INFO |       31.103 ¦      350           2              0.010 
2025-05-23 10:51:09 | INFO |       31.113 ¦      351           2              0.010 
2025-05-23 10:51:09 | INFO |       31.123 ¦      352           2              0.010 
2025-05-23 10:51:09 | INFO |       31.133 ¦      353           2              0.010 
2025-05-23 10:51:09 | INFO |       31.143 ¦      354           2              0.010 
2025-05-23 10:51:09 | INFO |       31.153 ¦      355           2              0.010 
2025-05-23 10:51:09 | INFO |       31.163 ¦      356           2              0.010 
2025-05-23 10:51:09 | INFO |       31.173 ¦      357           2              0.010 
2025-05-23 10:51:09 | INFO |       31.183 ¦      358           2              0.010 
2025-05-23 10:51:09 | INFO |       31.193 ¦      359           2              0.010 
2025-05-23 10:51:09 | INFO |       31.203 ¦      360           2              0.010 
2025-05-23 10:51:09 | INFO |       31.213 ¦      361           2              0.010 
2025-05-23 10:51:09 | INFO |       31.223 ¦      362           2              0.010 
2025-05-23 10:51:09 | INFO |       31.233 ¦      363           2              0.010 
2025-05-23 10:51:09 | INFO |       31.243 ¦      364           2              0.010 
2025-05-23 10:51:09 | INFO |       31.253 ¦      365           2              0.010 
2025-05-23 10:51:09 | INFO |       31.263 ¦      366           2              0.010 
2025-05-23 10:51:09 | INFO |       31.273 ¦      367           2              0.010 
2025-05-23 10:51:09 | INFO |       31.283 ¦      368           2              0.010 
2025-05-23 10:51:09 | INFO |       31.293 ¦      369           2              0.010 
2025-05-23 10:51:09 | INFO |       31.303 ¦      370           2              0.010 
2025-05-23 10:51:09 | INFO |       31.313 ¦      371           2              0.010 
2025-05-23 10:51:09 | INFO |       31.323 ¦      372           2              0.010 
2025-05-23 10:51:09 | INFO |       31.333 ¦      373           2              0.010 
2025-05-23 10:51:09 | INFO |       31.343 ¦      374           2              0.010 
2025-05-23 10:51:09 | INFO |       31.353 ¦      375           2              0.010 
2025-05-23 10:51:09 | INFO |       31.363 ¦      376           2              0.010 
2025-05-23 10:51:09 | INFO |       31.373 ¦      377           2              0.010 
2025-05-23 10:51:09 | INFO |       31.383 ¦      378           2              0.010 
2025-05-23 10:51:09 | INFO |       31.393 ¦      379           2              0.010 
2025-05-23 10:51:09 | INFO |       31.403 ¦      380           2              0.010 
2025-05-23 10:51:09 | INFO |       31.413 ¦      381           2              0.010 
2025-05-23 10:51:09 | INFO |       31.423 ¦      382           2              0.010 
2025-05-23 10:51:09 | INFO |       31.433 ¦      383           2              0.010 
2025-05-23 10:51:09 | INFO |       31.443 ¦      384           2              0.010 
2025-05-23 10:51:09 | INFO |       31.453 ¦      385           2              0.010 
2025-05-23 10:51:09 | INFO |       31.463 ¦      386           2              0.010 
2025-05-23 10:51:09 | INFO |       31.473 ¦      387           2              0.010 
2025-05-23 10:51:09 | INFO |       31.483 ¦      388           2              0.010 
2025-05-23 10:51:09 | INFO |       31.493 ¦      389           2              0.010 
2025-05-23 10:51:09 | INFO |       31.503 ¦      390           2              0.010 
2025-05-23 10:51:09 | INFO |       31.513 ¦      391           2              0.010 
2025-05-23 10:51:09 | INFO |       31.523 ¦      392           2              0.010 
2025-05-23 10:51:09 | INFO |       31.533 ¦      393           2              0.010 
2025-05-23 10:51:09 | INFO |       31.543 ¦      394           2              0.010 
2025-05-23 10:51:09 | INFO |       31.553 ¦      395           2              0.010 
2025-05-23 10:51:09 | INFO |       31.563 ¦      396           2              0.010 
2025-05-23 10:51:09 | INFO |       31.573 ¦      397           2              0.010 
2025-05-23 10:51:09 | INFO |       31.583 ¦      398           2              0.010 
2025-05-23 10:51:09 | INFO |       31.593 ¦      399           2              0.010 
2025-05-23 10:51:09 | INFO |       31.603 ¦      400           2              0.010 
2025-05-23 10:51:09 | INFO |       31.613 ¦      401           2              0.010 
2025-05-23 10:51:09 | INFO |       31.623 ¦      402           2              0.010 
2025-05-23 10:51:09 | INFO |       31.633 ¦      403           2              0.010 
2025-05-23 10:51:09 | INFO |       31.643 ¦      404           2              0.010 
2025-05-23 10:51:09 | INFO |       31.653 ¦      405           2              0.010 
2025-05-23 10:51:09 | INFO |       31.663 ¦      406           2              0.010 
2025-05-23 10:51:09 | INFO |       31.673 ¦      407           2              0.010 
2025-05-23 10:51:09 | INFO |       31.683 ¦      408           2              0.010 
2025-05-23 10:51:09 | INFO |       31.693 ¦      409           2              0.010 
2025-05-23 10:51:09 | INFO |       31.703 ¦      410           2              0.010 
2025-05-23 10:51:09 | INFO |       31.713 ¦      411           2              0.010 
2025-05-23 10:51:09 | INFO |       31.723 ¦      412           2              0.010 
2025-05-23 10:51:09 | INFO |       31.733 ¦      413           2              0.010 
2025-05-23 10:51:09 | INFO |       31.743 ¦      414           2              0.010 
2025-05-23 10:51:09 | INFO |       31.753 ¦      415           2              0.010 
2025-05-23 10:51:09 | INFO |       31.763 ¦      416           2              0.010 
2025-05-23 10:51:09 | INFO |       31.773 ¦      417           2              0.010 
2025-05-23 10:51:09 | INFO |       31.783 ¦      418           2              0.010 
2025-05-23 10:51:09 | INFO |       31.793 ¦      419           2              0.010 
2025-05-23 10:51:09 | INFO |       31.803 ¦      420           2              0.010 
2025-05-23 10:51:09 | INFO |       31.813 ¦      421           2              0.010 
2025-05-23 10:51:09 | INFO |       31.823 ¦      422           2              0.010 
2025-05-23 10:51:09 | INFO |       31.833 ¦      423           2              0.010 
2025-05-23 10:51:09 | INFO |       31.843 ¦      424           2              0.010 
2025-05-23 10:51:09 | INFO |       31.853 ¦      425           2              0.010 
2025-05-23 10:51:09 | INFO |       31.863 ¦      426           2              0.010 
2025-05-23 10:51:09 | INFO |       31.873 ¦      427           2              0.010 
2025-05-23 10:51:09 | INFO |       31.883 ¦      428           2              0.010 
2025-05-23 10:51:09 | INFO |       31.893 ¦      429           2              0.010 
2025-05-23 10:51:09 | INFO |       31.903 ¦      430           2              0.010 
2025-05-23 10:51:09 | INFO |       31.913 ¦      431           2              0.010 
2025-05-23 10:51:09 | INFO |       31.923 ¦      432           2              0.010 
2025-05-23 10:51:09 | INFO |       31.933 ¦      433           2              0.010 
2025-05-23 10:51:09 | INFO |       31.943 ¦      434           2              0.010 
2025-05-23 10:51:09 | INFO |       31.953 ¦      435           2              0.010 
2025-05-23 10:51:09 | INFO |       31.963 ¦      436           2              0.010 
2025-05-23 10:51:09 | INFO |       31.973 ¦      437           2              0.010 
2025-05-23 10:51:09 | INFO |       31.983 ¦      438           2              0.010 
2025-05-23 10:51:09 | INFO |       31.993 ¦      439           2              0.010 
2025-05-23 10:51:09 | INFO |       32.003 ¦      440           2              0.010 
2025-05-23 10:51:09 | INFO |       32.013 ¦      441           2              0.010 
2025-05-23 10:51:09 | INFO |       32.023 ¦      442           2              0.010 
2025-05-23 10:51:09 | INFO |       32.033 ¦      443           2              0.010 
2025-05-23 10:51:09 | INFO |       32.043 ¦      444           2              0.010 
2025-05-23 10:51:09 | INFO |       32.053 ¦      445           2              0.010 
2025-05-23 10:51:09 | INFO |       32.063 ¦      446           2              0.010 
2025-05-23 10:51:09 | INFO |       32.073 ¦      447           2              0.010 
2025-05-23 10:51:09 | INFO |       32.083 ¦      448           2              0.010 
2025-05-23 10:51:09 | INFO |       32.093 ¦      449           2              0.010 
2025-05-23 10:51:09 | INFO |       32.103 ¦      450           2              0.010 
2025-05-23 10:51:09 | INFO |       32.113 ¦      451           2              0.010 
2025-05-23 10:51:09 | INFO |       32.123 ¦      452           2              0.010 
2025-05-23 10:51:09 | INFO |       32.133 ¦      453           2              0.010 
2025-05-23 10:51:09 | INFO |       32.143 ¦      454           2              0.010 
2025-05-23 10:51:09 | INFO |       32.153 ¦      455           2              0.010 
2025-05-23 10:51:09 | INFO |       32.163 ¦      456           2              0.010 
2025-05-23 10:51:09 | INFO |       32.173 ¦      457           2              0.010 
2025-05-23 10:51:09 | INFO |       32.183 ¦      458           2              0.010 
2025-05-23 10:51:09 | INFO |       32.193 ¦      459           2              0.010 
2025-05-23 10:51:09 | INFO |       32.203 ¦      460           2              0.010 
2025-05-23 10:51:09 | INFO |       32.213 ¦      461           2              0.010 
2025-05-23 10:51:09 | INFO |       32.223 ¦      462           2              0.010 
2025-05-23 10:51:09 | INFO |       32.233 ¦      463           2              0.010 
2025-05-23 10:51:09 | INFO |       32.243 ¦      464           2              0.010 
2025-05-23 10:51:09 | INFO |       32.253 ¦      465           2              0.010 
2025-05-23 10:51:09 | INFO |       32.263 ¦      466           2              0.010 
2025-05-23 10:51:09 | INFO |       32.273 ¦      467           2              0.010 
2025-05-23 10:51:09 | INFO |       32.283 ¦      468           2              0.010 
2025-05-23 10:51:09 | INFO |       32.293 ¦      469           2              0.010 
2025-05-23 10:51:09 | INFO |       32.303 ¦      470           2              0.010 
2025-05-23 10:51:09 | INFO |       32.313 ¦      471           2              0.010 
2025-05-23 10:51:09 | INFO |       32.323 ¦      472           2              0.010 
2025-05-23 10:51:09 | INFO |       32.333 ¦      473           2              0.010 
2025-05-23 10:51:09 | INFO |       32.343 ¦      474           2              0.010 
2025-05-23 10:51:09 | INFO |       32.353 ¦      475           2              0.010 
2025-05-23 10:51:09 | INFO |       32.363 ¦      476           2              0.010 
2025-05-23 10:51:09 | INFO |       32.373 ¦      477           2              0.010 
2025-05-23 10:51:09 | INFO |       32.383 ¦      478           2              0.010 
2025-05-23 10:51:09 | INFO |       32.393 ¦      479           2              0.010 
2025-05-23 10:51:09 | INFO |       32.403 ¦      480           2              0.010 
2025-05-23 10:51:09 | INFO |       32.413 ¦      481           2              0.010 
2025-05-23 10:51:09 | INFO |       32.423 ¦      482           2              0.010 
2025-05-23 10:51:09 | INFO |       32.433 ¦      483           2              0.010 
2025-05-23 10:51:09 | INFO |       32.443 ¦      484           2              0.010 
2025-05-23 10:51:09 | INFO |       32.453 ¦      485           2              0.010 
2025-05-23 10:51:09 | INFO |       32.463 ¦      486           2              0.010 
2025-05-23 10:51:09 | INFO |       32.473 ¦      487           2              0.010 
2025-05-23 10:51:09 | INFO |       32.483 ¦      488           2              0.010 
2025-05-23 10:51:09 | INFO |       32.493 ¦      489           2              0.010 
2025-05-23 10:51:09 | INFO |       32.503 ¦      490           2              0.010 
2025-05-23 10:51:09 | INFO |       32.513 ¦      491           2              0.010 
2025-05-23 10:51:09 | INFO |       32.523 ¦      492           2              0.010 
2025-05-23 10:51:09 | INFO |       32.533 ¦      493           2              0.010 
2025-05-23 10:51:09 | INFO |       32.543 ¦      494           2              0.010 
2025-05-23 10:51:09 | INFO |       32.553 ¦      495           2              0.010 
2025-05-23 10:51:09 | INFO |       32.563 ¦      496           2              0.010 
2025-05-23 10:51:09 | INFO |       32.573 ¦      497           2              0.010 
2025-05-23 10:51:09 | INFO |       32.583 ¦      498           2              0.010 
2025-05-23 10:51:09 | INFO |       32.593 ¦      499           2              0.010 
2025-05-23 10:51:09 | INFO |       32.603 ¦      500           2              0.010 
2025-05-23 10:51:09 | INFO |       32.613 ¦      501           2              0.010 
2025-05-23 10:51:09 | INFO |       32.623 ¦      502           2              0.010 
2025-05-23 10:51:09 | INFO |       32.633 ¦      503           2              0.010 
2025-05-23 10:51:09 | INFO |       32.643 ¦      504           2              0.010 
2025-05-23 10:51:09 | INFO |       32.653 ¦      505           2              0.010 
2025-05-23 10:51:09 | INFO |       32.663 ¦      506           2              0.010 
2025-05-23 10:51:09 | INFO |       32.673 ¦      507           2              0.010 
2025-05-23 10:51:09 | INFO |       32.683 ¦      508           2              0.010 
2025-05-23 10:51:09 | INFO |       32.693 ¦      509           2              0.010 
2025-05-23 10:51:09 | INFO |       32.703 ¦      510           2              0.010 
2025-05-23 10:51:09 | INFO |       32.713 ¦      511           2              0.010 
2025-05-23 10:51:09 | INFO |       32.723 ¦      512           2              0.010 
2025-05-23 10:51:09 | INFO |       32.733 ¦      513           2              0.010 
2025-05-23 10:51:09 | INFO |       32.743 ¦      514           2              0.010 
2025-05-23 10:51:09 | INFO |       32.753 ¦      515           2              0.010 
2025-05-23 10:51:09 | INFO |       32.763 ¦      516           2              0.010 
2025-05-23 10:51:09 | INFO |       32.773 ¦      517           2              0.010 
2025-05-23 10:51:09 | INFO |       32.783 ¦      518           2              0.010 
2025-05-23 10:51:09 | INFO |       32.793 ¦      519           2              0.010 
2025-05-23 10:51:09 | INFO |       32.803 ¦      520           2              0.010 
2025-05-23 10:51:09 | INFO |       32.813 ¦      521           2              0.010 
2025-05-23 10:51:09 | INFO |       32.823 ¦      522           2              0.010 
2025-05-23 10:51:09 | INFO |       32.833 ¦      523           2              0.010 
2025-05-23 10:51:09 | INFO |       32.843 ¦      524           2              0.010 
2025-05-23 10:51:09 | INFO |       32.853 ¦      525           2              0.010 
2025-05-23 10:51:09 | INFO |       32.863 ¦      526           2              0.010 
2025-05-23 10:51:09 | INFO |       32.873 ¦      527           2              0.010 
2025-05-23 10:51:09 | INFO |       32.883 ¦      528           2              0.010 
2025-05-23 10:51:09 | INFO |       32.893 ¦      529           2              0.010 
2025-05-23 10:51:09 | INFO |       32.903 ¦      530           2              0.010 
2025-05-23 10:51:09 | INFO |       32.913 ¦      531           2              0.010 
2025-05-23 10:51:09 | INFO |       32.923 ¦      532           2              0.010 
2025-05-23 10:51:09 | INFO |       32.933 ¦      533           2              0.010 
2025-05-23 10:51:09 | INFO |       32.943 ¦      534           2              0.010 
2025-05-23 10:51:09 | INFO |       32.953 ¦      535           2              0.010 
2025-05-23 10:51:09 | INFO |       32.963 ¦      536           2              0.010 
2025-05-23 10:51:09 | INFO |       32.973 ¦      537           2              0.010 
2025-05-23 10:51:09 | INFO |       32.983 ¦      538           2              0.010 
2025-05-23 10:51:09 | INFO |       32.993 ¦      539           2              0.010 
2025-05-23 10:51:09 | INFO |       33.003 ¦      540           2              0.010 
2025-05-23 10:51:09 | INFO |       33.013 ¦      541           2              0.010 
2025-05-23 10:51:09 | INFO |       33.023 ¦      542           2              0.010 
2025-05-23 10:51:09 | INFO |       33.033 ¦      543           2              0.010 
2025-05-23 10:51:09 | INFO |       33.043 ¦      544           2              0.010 
2025-05-23 10:51:09 | INFO |       33.053 ¦      545           2              0.010 
2025-05-23 10:51:09 | INFO |       33.063 ¦      546           2              0.010 
2025-05-23 10:51:09 | INFO |       33.073 ¦      547           2              0.010 
2025-05-23 10:51:09 | INFO |       33.083 ¦      548           2              0.010 
2025-05-23 10:51:09 | INFO |       33.093 ¦      549           2              0.010 
2025-05-23 10:51:09 | INFO |       33.103 ¦      550           2              0.010 
2025-05-23 10:51:09 | INFO |       33.113 ¦      551           2              0.010 
2025-05-23 10:51:09 | INFO |       33.123 ¦      552           2              0.010 
2025-05-23 10:51:09 | INFO |       33.133 ¦      553           2              0.010 
2025-05-23 10:51:09 | INFO |       33.143 ¦      554           2              0.010 
2025-05-23 10:51:09 | INFO |       33.153 ¦      555           2              0.010 
2025-05-23 10:51:09 | INFO |       33.163 ¦      556           2              0.010 
2025-05-23 10:51:09 | INFO |       33.173 ¦      557           2              0.010 
2025-05-23 10:51:09 | INFO |       33.183 ¦      558           2              0.010 
2025-05-23 10:51:09 | INFO |       33.193 ¦      559           2              0.010 
2025-05-23 10:51:09 | INFO |       33.203 ¦      560           2              0.010 
2025-05-23 10:51:09 | INFO |       33.213 ¦      561           2              0.010 
2025-05-23 10:51:09 | INFO |       33.223 ¦      562           2              0.010 
2025-05-23 10:51:09 | INFO |       33.233 ¦      563           2              0.010 
2025-05-23 10:51:09 | INFO |       33.243 ¦      564           2              0.010 
2025-05-23 10:51:09 | INFO |       33.253 ¦      565           2              0.010 
2025-05-23 10:51:09 | INFO |       33.263 ¦      566           2              0.010 
2025-05-23 10:51:09 | INFO |       33.273 ¦      567           2              0.010 
2025-05-23 10:51:09 | INFO |       33.283 ¦      568           2              0.010 
2025-05-23 10:51:09 | INFO |       33.293 ¦      569           2              0.010 
2025-05-23 10:51:09 | INFO |       33.303 ¦      570           2              0.010 
2025-05-23 10:51:09 | INFO |       33.313 ¦      571           2              0.010 
2025-05-23 10:51:09 | INFO |       33.323 ¦      572           2              0.010 
2025-05-23 10:51:09 | INFO |       33.333 ¦      573           2              0.010 
2025-05-23 10:51:09 | INFO |       33.343 ¦      574           2              0.010 
2025-05-23 10:51:09 | INFO |       33.353 ¦      575           2              0.010 
2025-05-23 10:51:09 | INFO |       33.363 ¦      576           2              0.010 
2025-05-23 10:51:09 | INFO |       33.373 ¦      577           2              0.010 
2025-05-23 10:51:09 | INFO |       33.383 ¦      578           2              0.010 
2025-05-23 10:51:09 | INFO |       33.393 ¦      579           2              0.010 
2025-05-23 10:51:09 | INFO |       33.403 ¦      580           2              0.010 
2025-05-23 10:51:09 | INFO |       33.413 ¦      581           2              0.010 
2025-05-23 10:51:09 | INFO |       33.423 ¦      582           2              0.010 
2025-05-23 10:51:09 | INFO |       33.433 ¦      583           2              0.010 
2025-05-23 10:51:09 | INFO |       33.443 ¦      584           2              0.010 
2025-05-23 10:51:09 | INFO |       33.453 ¦      585           2              0.010 
2025-05-23 10:51:09 | INFO |       33.463 ¦      586           2              0.010 
2025-05-23 10:51:09 | INFO |       33.473 ¦      587           2              0.010 
2025-05-23 10:51:09 | INFO |       33.483 ¦      588           2              0.010 
2025-05-23 10:51:09 | INFO |       33.493 ¦      589           2              0.010 
2025-05-23 10:51:09 | INFO |       33.503 ¦      590           2              0.010 
2025-05-23 10:51:09 | INFO |       33.513 ¦      591           2              0.010 
2025-05-23 10:51:09 | INFO |       33.523 ¦      592           2              0.010 
2025-05-23 10:51:09 | INFO |       33.533 ¦      593           2              0.010 
2025-05-23 10:51:09 | INFO |       33.543 ¦      594           2              0.010 
2025-05-23 10:51:09 | INFO |       33.553 ¦      595           2              0.010 
2025-05-23 10:51:09 | INFO |       33.563 ¦      596           2              0.010 
2025-05-23 10:51:09 | INFO |       33.573 ¦      597           2              0.010 
2025-05-23 10:51:09 | INFO |       33.583 ¦      598           2              0.010 
2025-05-23 10:51:09 | INFO |       33.593 ¦      599           2              0.010 
2025-05-23 10:51:09 | INFO |       33.603 ¦      600           2              0.010 
2025-05-23 10:51:09 | INFO |       33.613 ¦      601           2              0.010 
2025-05-23 10:51:09 | INFO |       33.623 ¦      602           2              0.010 
2025-05-23 10:51:09 | INFO |       33.633 ¦      603           2              0.010 
2025-05-23 10:51:09 | INFO |       33.643 ¦      604           2              0.010 
2025-05-23 10:51:09 | INFO |       33.653 ¦      605           2              0.010 
2025-05-23 10:51:09 | INFO |       33.663 ¦      606           2              0.010 
2025-05-23 10:51:09 | INFO |       33.673 ¦      607           2              0.010 
2025-05-23 10:51:09 | INFO |       33.683 ¦      608           2              0.010 
2025-05-23 10:51:09 | INFO |       33.693 ¦      609           2              0.010 
2025-05-23 10:51:09 | INFO |       33.703 ¦      610           2              0.010 
2025-05-23 10:51:09 | INFO |       33.713 ¦      611           2              0.010 
2025-05-23 10:51:09 | INFO |       33.723 ¦      612           2              0.010 
2025-05-23 10:51:09 | INFO |       33.733 ¦      613           2              0.010 
2025-05-23 10:51:09 | INFO |       33.743 ¦      614           2              0.010 
2025-05-23 10:51:09 | INFO |       33.753 ¦      615           2              0.010 
2025-05-23 10:51:09 | INFO |       33.763 ¦      616           2              0.010 
2025-05-23 10:51:09 | INFO |       33.773 ¦      617           2              0.010 
2025-05-23 10:51:09 | INFO |       33.783 ¦      618           2              0.010 
2025-05-23 10:51:09 | INFO |       33.793 ¦      619           2              0.010 
2025-05-23 10:51:09 | INFO |       33.803 ¦      620           2              0.010 
2025-05-23 10:51:09 | INFO |       33.813 ¦      621           2              0.010 
2025-05-23 10:51:09 | INFO |       33.823 ¦      622           2              0.010 
2025-05-23 10:51:09 | INFO |       33.833 ¦      623           2              0.010 
2025-05-23 10:51:09 | INFO |       33.843 ¦      624           2              0.010 
2025-05-23 10:51:09 | INFO |       33.853 ¦      625           2              0.010 
2025-05-23 10:51:09 | INFO |       33.863 ¦      626           2              0.010 
2025-05-23 10:51:09 | INFO |       33.873 ¦      627           2              0.010 
2025-05-23 10:51:09 | INFO |       33.883 ¦      628           2              0.010 
2025-05-23 10:51:09 | INFO |       33.893 ¦      629           2              0.010 
2025-05-23 10:51:09 | INFO |       33.903 ¦      630           2              0.010 
2025-05-23 10:51:09 | INFO |       33.913 ¦      631           2              0.010 
2025-05-23 10:51:09 | INFO |       33.923 ¦      632           2              0.010 
2025-05-23 10:51:09 | INFO |       33.933 ¦      633           2              0.010 
2025-05-23 10:51:09 | INFO |       33.943 ¦      634           2              0.010 
2025-05-23 10:51:09 | INFO |       33.953 ¦      635           2              0.010 
2025-05-23 10:51:09 | INFO |       33.963 ¦      636           2              0.010 
2025-05-23 10:51:09 | INFO |       33.973 ¦      637           2              0.010 
2025-05-23 10:51:09 | INFO |       33.983 ¦      638           2              0.010 
2025-05-23 10:51:09 | INFO |       33.993 ¦      639           2              0.010 
2025-05-23 10:51:09 | INFO |       34.003 ¦      640           2              0.010 
2025-05-23 10:51:09 | INFO |       34.013 ¦      641           2              0.010 
2025-05-23 10:51:09 | INFO |       34.023 ¦      642           2              0.010 
2025-05-23 10:51:09 | INFO |       34.033 ¦      643           2              0.010 
2025-05-23 10:51:09 | INFO |       34.043 ¦      644           2              0.010 
2025-05-23 10:51:09 | INFO |       34.053 ¦      645           2              0.010 
2025-05-23 10:51:09 | INFO |       34.063 ¦      646           2              0.010 
2025-05-23 10:51:09 | INFO |       34.073 ¦      647           2              0.010 
2025-05-23 10:51:09 | INFO |       34.083 ¦      648           2              0.010 
2025-05-23 10:51:09 | INFO |       34.093 ¦      649           2              0.010 
2025-05-23 10:51:09 | INFO |       34.103 ¦      650           2              0.010 
2025-05-23 10:51:09 | INFO |       34.113 ¦      651           2              0.010 
2025-05-23 10:51:09 | INFO |       34.123 ¦      652           2              0.010 
2025-05-23 10:51:09 | INFO |       34.133 ¦      653           2              0.010 
2025-05-23 10:51:09 | INFO |       34.143 ¦      654           2              0.010 
2025-05-23 10:51:09 | INFO |       34.153 ¦      655           2              0.010 
2025-05-23 10:51:09 | INFO |       34.163 ¦      656           2              0.010 
2025-05-23 10:51:09 | INFO |       34.173 ¦      657           2              0.010 
2025-05-23 10:51:09 | INFO |       34.183 ¦      658           2              0.010 
2025-05-23 10:51:09 | INFO |       34.193 ¦      659           2              0.010 
2025-05-23 10:51:09 | INFO |       34.203 ¦      660           2              0.010 
2025-05-23 10:51:09 | INFO |       34.213 ¦      661           2              0.010 
2025-05-23 10:51:09 | INFO |       34.223 ¦      662           2              0.010 
2025-05-23 10:51:09 | INFO |       34.233 ¦      663           2              0.010 
2025-05-23 10:51:09 | INFO |       34.243 ¦      664           2              0.010 
2025-05-23 10:51:09 | INFO |       34.253 ¦      665           2              0.010 
2025-05-23 10:51:09 | INFO |       34.263 ¦      666           2              0.010 
2025-05-23 10:51:09 | INFO |       34.273 ¦      667           2              0.010 
2025-05-23 10:51:09 | INFO |       34.283 ¦      668           2              0.010 
2025-05-23 10:51:09 | INFO |       34.293 ¦      669           2              0.010 
2025-05-23 10:51:09 | INFO |       34.303 ¦      670           2              0.010 
2025-05-23 10:51:09 | INFO |       34.313 ¦      671           2              0.010 
2025-05-23 10:51:09 | INFO |       34.323 ¦      672           2              0.010 
2025-05-23 10:51:09 | INFO |       34.333 ¦      673           2              0.010 
2025-05-23 10:51:09 | INFO |       34.343 ¦      674           2              0.010 
2025-05-23 10:51:09 | INFO |       34.353 ¦      675           2              0.010 
2025-05-23 10:51:09 | INFO |       34.363 ¦      676           2              0.010 
2025-05-23 10:51:09 | INFO |       34.373 ¦      677           2              0.010 
2025-05-23 10:51:09 | INFO |       34.383 ¦      678           2              0.010 
2025-05-23 10:51:09 | INFO |       34.393 ¦      679           2              0.010 
2025-05-23 10:51:09 | INFO |       34.403 ¦      680           2              0.010 
2025-05-23 10:51:09 | INFO |       34.413 ¦      681           2              0.010 
2025-05-23 10:51:09 | INFO |       34.423 ¦      682           2              0.010 
2025-05-23 10:51:09 | INFO |       34.433 ¦      683           2              0.010 
2025-05-23 10:51:09 | INFO |       34.443 ¦      684           2              0.010 
2025-05-23 10:51:09 | INFO |       34.453 ¦      685           2              0.010 
2025-05-23 10:51:09 | INFO |       34.463 ¦      686           2              0.010 
2025-05-23 10:51:09 | INFO |       34.473 ¦      687           2              0.010 
2025-05-23 10:51:09 | INFO |       34.483 ¦      688           2              0.010 
2025-05-23 10:51:09 | INFO |       34.493 ¦      689           2              0.010 
2025-05-23 10:51:09 | INFO |       34.503 ¦      690           2              0.010 
2025-05-23 10:51:09 | INFO |       34.513 ¦      691           2              0.010 
2025-05-23 10:51:09 | INFO |       34.523 ¦      692           2              0.010 
2025-05-23 10:51:09 | INFO |       34.533 ¦      693           2              0.010 
2025-05-23 10:51:09 | INFO |       34.543 ¦      694           2              0.010 
2025-05-23 10:51:09 | INFO |       34.553 ¦      695           2              0.010 
2025-05-23 10:51:09 | INFO |       34.563 ¦      696           2              0.010 
2025-05-23 10:51:09 | INFO |       34.573 ¦      697           2              0.010 
2025-05-23 10:51:09 | INFO |       34.583 ¦      698           2              0.010 
2025-05-23 10:51:09 | INFO |       34.593 ¦      699           2              0.010 
2025-05-23 10:51:09 | INFO |       34.603 ¦      700           2              0.010 
2025-05-23 10:51:09 | INFO |       34.613 ¦      701           2              0.010 
2025-05-23 10:51:09 | INFO |       34.623 ¦      702           2              0.010 
2025-05-23 10:51:09 | INFO |       34.633 ¦      703           2              0.010 
2025-05-23 10:51:09 | INFO |       34.643 ¦      704           2              0.010 
2025-05-23 10:51:09 | INFO |       34.653 ¦      705           2              0.010 
2025-05-23 10:51:09 | INFO |       34.663 ¦      706           2              0.010 
2025-05-23 10:51:09 | INFO |       34.673 ¦      707           2              0.010 
2025-05-23 10:51:09 | INFO |       34.683 ¦      708           2              0.010 
2025-05-23 10:51:09 | INFO |       34.693 ¦      709           2              0.010 
2025-05-23 10:51:09 | INFO |       34.703 ¦      710           2              0.010 
2025-05-23 10:51:09 | INFO |       34.713 ¦      711           2              0.010 
2025-05-23 10:51:09 | INFO |       34.723 ¦      712           2              0.010 
2025-05-23 10:51:09 | INFO |       34.733 ¦      713           2              0.010 
2025-05-23 10:51:09 | INFO |       34.743 ¦      714           2              0.010 
2025-05-23 10:51:09 | INFO |       34.753 ¦      715           2              0.010 
2025-05-23 10:51:09 | INFO |       34.763 ¦      716           2              0.010 
2025-05-23 10:51:09 | INFO |       34.773 ¦      717           2              0.010 
2025-05-23 10:51:09 | INFO |       34.783 ¦      718           2              0.010 
2025-05-23 10:51:09 | INFO |       34.793 ¦      719           2              0.010 
2025-05-23 10:51:09 | INFO |       34.803 ¦      720           2              0.010 
2025-05-23 10:51:09 | INFO |       34.813 ¦      721           2              0.010 
2025-05-23 10:51:09 | INFO |       34.823 ¦      722           2              0.010 
2025-05-23 10:51:09 | INFO |       34.833 ¦      723           2              0.010 
2025-05-23 10:51:09 | INFO |       34.843 ¦      724           2              0.010 
2025-05-23 10:51:09 | INFO |       34.853 ¦      725           2              0.010 
2025-05-23 10:51:09 | INFO |       34.863 ¦      726           2              0.010 
2025-05-23 10:51:09 | INFO |       34.873 ¦      727           2              0.010 
2025-05-23 10:51:09 | INFO |       34.883 ¦      728           2              0.010 
2025-05-23 10:51:09 | INFO |       34.893 ¦      729           2              0.010 
2025-05-23 10:51:09 | INFO |       34.903 ¦      730           2              0.010 
2025-05-23 10:51:09 | INFO |       34.913 ¦      731           2              0.010 
2025-05-23 10:51:09 | INFO |       34.923 ¦      732           2              0.010 
2025-05-23 10:51:09 | INFO |       34.933 ¦      733           2              0.010 
2025-05-23 10:51:09 | INFO |       34.943 ¦      734           2              0.010 
2025-05-23 10:51:09 | INFO |       34.953 ¦      735           2              0.010 
2025-05-23 10:51:09 | INFO |       34.963 ¦      736           2              0.010 
2025-05-23 10:51:09 | INFO |       34.973 ¦      737           2              0.010 
2025-05-23 10:51:09 | INFO |       34.983 ¦      738           2              0.010 
2025-05-23 10:51:09 | INFO |       34.993 ¦      739           2              0.010 
2025-05-23 10:51:09 | INFO |       35.003 ¦      740           2              0.010 
2025-05-23 10:51:09 | INFO |       35.013 ¦      741           2              0.010 
2025-05-23 10:51:09 | INFO |       35.023 ¦      742           2              0.010 
2025-05-23 10:51:09 | INFO |       35.033 ¦      743           2              0.010 
2025-05-23 10:51:09 | INFO |       35.043 ¦      744           2              0.010 
2025-05-23 10:51:09 | INFO |       35.053 ¦      745           2              0.010 
2025-05-23 10:51:09 | INFO |       35.063 ¦      746           2              0.010 
2025-05-23 10:51:09 | INFO |       35.073 ¦      747           2              0.010 
2025-05-23 10:51:09 | INFO |       35.083 ¦      748           2              0.010 
2025-05-23 10:51:09 | INFO |       35.093 ¦      749           2              0.010 
2025-05-23 10:51:09 | INFO |       35.103 ¦      750           2              0.010 
2025-05-23 10:51:09 | INFO |       35.113 ¦      751           2              0.010 
2025-05-23 10:51:09 | INFO |       35.123 ¦      752           2              0.010 
2025-05-23 10:51:09 | INFO |       35.133 ¦      753           2              0.010 
2025-05-23 10:51:09 | INFO |       35.143 ¦      754           2              0.010 
2025-05-23 10:51:09 | INFO |       35.153 ¦      755           2              0.010 
2025-05-23 10:51:09 | INFO |       35.163 ¦      756           2              0.010 
2025-05-23 10:51:09 | INFO |       35.173 ¦      757           2              0.010 
2025-05-23 10:51:09 | INFO |       35.183 ¦      758           2              0.010 
2025-05-23 10:51:09 | INFO |       35.193 ¦      759           2              0.010 
2025-05-23 10:51:09 | INFO |       35.203 ¦      760           2              0.010 
2025-05-23 10:51:09 | INFO |       35.213 ¦      761           2              0.010 
2025-05-23 10:51:09 | INFO |       35.223 ¦      762           2              0.010 
2025-05-23 10:51:09 | INFO |       35.233 ¦      763           2              0.010 
2025-05-23 10:51:09 | INFO |       35.243 ¦      764           2              0.010 
2025-05-23 10:51:09 | INFO |       35.253 ¦      765           2              0.010 
2025-05-23 10:51:09 | INFO |       35.263 ¦      766           2              0.010 
2025-05-23 10:51:09 | INFO |       35.273 ¦      767           2              0.010 
2025-05-23 10:51:09 | INFO |       35.283 ¦      768           2              0.010 
2025-05-23 10:51:09 | INFO |       35.293 ¦      769           2              0.010 
2025-05-23 10:51:09 | INFO |       35.303 ¦      770           2              0.010 
2025-05-23 10:51:09 | INFO |       35.313 ¦      771           2              0.010 
2025-05-23 10:51:09 | INFO |       35.323 ¦      772           2              0.010 
2025-05-23 10:51:09 | INFO |       35.333 ¦      773           2              0.010 
2025-05-23 10:51:09 | INFO |       35.343 ¦      774           2              0.010 
2025-05-23 10:51:09 | INFO |       35.353 ¦      775           2              0.010 
2025-05-23 10:51:09 | INFO |       35.363 ¦      776           2              0.010 
2025-05-23 10:51:09 | INFO |       35.373 ¦      777           2              0.010 
2025-05-23 10:51:09 | INFO |       35.383 ¦      778           2              0.010 
2025-05-23 10:51:09 | INFO |       35.393 ¦      779           2              0.010 
2025-05-23 10:51:09 | INFO |       35.403 ¦      780           2              0.010 
2025-05-23 10:51:09 | INFO |       35.413 ¦      781           2              0.010 
2025-05-23 10:51:09 | INFO |       35.423 ¦      782           2              0.010 
2025-05-23 10:51:09 | INFO |       35.433 ¦      783           2              0.010 
2025-05-23 10:51:09 | INFO |       35.443 ¦      784           2              0.010 
2025-05-23 10:51:09 | INFO |       35.453 ¦      785           2              0.010 
2025-05-23 10:51:09 | INFO |       35.463 ¦      786           2              0.010 
2025-05-23 10:51:09 | INFO |       35.473 ¦      787           2              0.010 
2025-05-23 10:51:09 | INFO |       35.483 ¦      788           2              0.010 
2025-05-23 10:51:09 | INFO |       35.493 ¦      789           2              0.010 
2025-05-23 10:51:09 | INFO |       35.503 ¦      790           2              0.010 
2025-05-23 10:51:09 | INFO |       35.513 ¦      791           2              0.010 
2025-05-23 10:51:09 | INFO |       35.523 ¦      792           2              0.010 
2025-05-23 10:51:09 | INFO |       35.533 ¦      793           2              0.010 
2025-05-23 10:51:09 | INFO |       35.543 ¦      794           2              0.010 
2025-05-23 10:51:09 | INFO |       35.553 ¦      795           2              0.010 
2025-05-23 10:51:09 | INFO |       35.563 ¦      796           2              0.010 
2025-05-23 10:51:09 | INFO |       35.573 ¦      797           2              0.010 
2025-05-23 10:51:09 | INFO |       35.583 ¦      798           2              0.010 
2025-05-23 10:51:09 | INFO |       35.593 ¦      799           2              0.010 
2025-05-23 10:51:09 | INFO |       35.603 ¦      800           2              0.010 
2025-05-23 10:51:09 | INFO |       35.613 ¦      801           2              0.010 
2025-05-23 10:51:09 | INFO |       35.623 ¦      802           2              0.010 
2025-05-23 10:51:09 | INFO |       35.633 ¦      803           2              0.010 
2025-05-23 10:51:09 | INFO |       35.643 ¦      804           2              0.010 
2025-05-23 10:51:09 | INFO |       35.653 ¦      805           2              0.010 
2025-05-23 10:51:09 | INFO |       35.663 ¦      806           2              0.010 
2025-05-23 10:51:09 | INFO |       35.673 ¦      807           2              0.010 
2025-05-23 10:51:09 | INFO |       35.683 ¦      808           2              0.010 
2025-05-23 10:51:09 | INFO |       35.693 ¦      809           2              0.010 
2025-05-23 10:51:09 | INFO |       35.703 ¦      810           2              0.010 
2025-05-23 10:51:09 | INFO |       35.713 ¦      811           2              0.010 
2025-05-23 10:51:09 | INFO |       35.723 ¦      812           2              0.010 
2025-05-23 10:51:09 | INFO |       35.733 ¦      813           2              0.010 
2025-05-23 10:51:09 | INFO |       35.743 ¦      814           2              0.010 
2025-05-23 10:51:09 | INFO |       35.753 ¦      815           2              0.010 
2025-05-23 10:51:09 | INFO |       35.763 ¦      816           2              0.010 
2025-05-23 10:51:09 | INFO |       35.773 ¦      817           2              0.010 
2025-05-23 10:51:09 | INFO |       35.783 ¦      818           2              0.010 
2025-05-23 10:51:09 | INFO |       35.793 ¦      819           2              0.010 
2025-05-23 10:51:09 | INFO |       35.803 ¦      820           2              0.010 
2025-05-23 10:51:09 | INFO |       35.813 ¦      821           2              0.010 
2025-05-23 10:51:09 | INFO |       35.823 ¦      822           2              0.010 
2025-05-23 10:51:09 | INFO |       35.833 ¦      823           2              0.010 
2025-05-23 10:51:09 | INFO |       35.843 ¦      824           2              0.010 
2025-05-23 10:51:09 | INFO |       35.853 ¦      825           2              0.010 
2025-05-23 10:51:09 | INFO |       35.863 ¦      826           2              0.010 
2025-05-23 10:51:09 | INFO |       35.873 ¦      827           2              0.010 
2025-05-23 10:51:09 | INFO |       35.883 ¦      828           2              0.010 
2025-05-23 10:51:09 | INFO |       35.893 ¦      829           2              0.010 
2025-05-23 10:51:09 | INFO |       35.903 ¦      830           2              0.010 
2025-05-23 10:51:09 | INFO |       35.913 ¦      831           2              0.010 
2025-05-23 10:51:09 | INFO |       35.923 ¦      832           2              0.010 
2025-05-23 10:51:09 | INFO |       35.933 ¦      833           2              0.010 
2025-05-23 10:51:09 | INFO |       35.943 ¦      834           2              0.010 
2025-05-23 10:51:09 | INFO |       35.953 ¦      835           2              0.010 
2025-05-23 10:51:09 | INFO |       35.963 ¦      836           2              0.010 
2025-05-23 10:51:09 | INFO |       35.973 ¦      837           2              0.010 
2025-05-23 10:51:09 | INFO |       35.983 ¦      838           2              0.010 
2025-05-23 10:51:09 | INFO |       35.993 ¦      839           2              0.010 
2025-05-23 10:51:09 | INFO |       36.003 ¦      840           2              0.010 
2025-05-23 10:51:09 | INFO |       36.013 ¦      841           2              0.010 
2025-05-23 10:51:09 | INFO |       36.023 ¦      842           2              0.010 
2025-05-23 10:51:09 | INFO |       36.033 ¦      843           2              0.010 
2025-05-23 10:51:09 | INFO |       36.043 ¦      844           2              0.010 
2025-05-23 10:51:09 | INFO |       36.053 ¦      845           2              0.010 
2025-05-23 10:51:09 | INFO |       36.063 ¦      846           2              0.010 
2025-05-23 10:51:09 | INFO |       36.073 ¦      847           2              0.010 
2025-05-23 10:51:09 | INFO |       36.083 ¦      848           2              0.010 
2025-05-23 10:51:09 | INFO |       36.093 ¦      849           2              0.010 
2025-05-23 10:51:09 | INFO |       36.103 ¦      850           2              0.010 
2025-05-23 10:51:09 | INFO |       36.113 ¦      851           2              0.010 
2025-05-23 10:51:09 | INFO |       36.123 ¦      852           2              0.010 
2025-05-23 10:51:09 | INFO |       36.133 ¦      853           2              0.010 
2025-05-23 10:51:09 | INFO |       36.143 ¦      854           2              0.010 
2025-05-23 10:51:09 | INFO |       36.153 ¦      855           2              0.010 
2025-05-23 10:51:09 | INFO |       36.163 ¦      856           2              0.010 
2025-05-23 10:51:09 | INFO |       36.173 ¦      857           2              0.010 
2025-05-23 10:51:09 | INFO |       36.183 ¦      858           2              0.010 
2025-05-23 10:51:09 | INFO |       36.193 ¦      859           2              0.010 
2025-05-23 10:51:09 | INFO |       36.203 ¦      860           2              0.010 
2025-05-23 10:51:09 | INFO |       36.213 ¦      861           2              0.010 
2025-05-23 10:51:09 | INFO |       36.223 ¦      862           2              0.010 
2025-05-23 10:51:09 | INFO |       36.233 ¦      863           2              0.010 
2025-05-23 10:51:09 | INFO |       36.243 ¦      864           2              0.010 
2025-05-23 10:51:09 | INFO |       36.253 ¦      865           2              0.010 
2025-05-23 10:51:09 | INFO |       36.263 ¦      866           2              0.010 
2025-05-23 10:51:09 | INFO |       36.273 ¦      867           2              0.010 
2025-05-23 10:51:09 | INFO |       36.283 ¦      868           2              0.010 
2025-05-23 10:51:09 | INFO |       36.293 ¦      869           2              0.010 
2025-05-23 10:51:09 | INFO |       36.303 ¦      870           2              0.010 
2025-05-23 10:51:09 | INFO |       36.313 ¦      871           2              0.010 
2025-05-23 10:51:09 | INFO |       36.323 ¦      872           2              0.010 
2025-05-23 10:51:09 | INFO |       36.333 ¦      873           2              0.010 
2025-05-23 10:51:09 | INFO |       36.343 ¦      874           2              0.010 
2025-05-23 10:51:09 | INFO |       36.353 ¦      875           2              0.010 
2025-05-23 10:51:09 | INFO |       36.363 ¦      876           2              0.010 
2025-05-23 10:51:09 | INFO |       36.373 ¦      877           2              0.010 
2025-05-23 10:51:09 | INFO |       36.383 ¦      878           2              0.010 
2025-05-23 10:51:09 | INFO |       36.393 ¦      879           2              0.010 
2025-05-23 10:51:09 | INFO |       36.403 ¦      880           2              0.010 
2025-05-23 10:51:09 | INFO |       36.413 ¦      881           2              0.010 
2025-05-23 10:51:09 | INFO |       36.423 ¦      882           2              0.010 
2025-05-23 10:51:09 | INFO |       36.433 ¦      883           2              0.010 
2025-05-23 10:51:09 | INFO |       36.443 ¦      884           2              0.010 
2025-05-23 10:51:09 | INFO |       36.453 ¦      885           2              0.010 
2025-05-23 10:51:09 | INFO |       36.463 ¦      886           2              0.010 
2025-05-23 10:51:09 | INFO |       36.473 ¦      887           2              0.010 
2025-05-23 10:51:09 | INFO |       36.483 ¦      888           2              0.010 
2025-05-23 10:51:09 | INFO |       36.493 ¦      889           2              0.010 
2025-05-23 10:51:09 | INFO |       36.503 ¦      890           2              0.010 
2025-05-23 10:51:09 | INFO |       36.513 ¦      891           2              0.010 
2025-05-23 10:51:09 | INFO |       36.523 ¦      892           2              0.010 
2025-05-23 10:51:09 | INFO |       36.533 ¦      893           2              0.010 
2025-05-23 10:51:09 | INFO |       36.543 ¦      894           2              0.010 
2025-05-23 10:51:09 | INFO |       36.553 ¦      895           2              0.010 
2025-05-23 10:51:09 | INFO |       36.563 ¦      896           2              0.010 
2025-05-23 10:51:09 | INFO |       36.573 ¦      897           2              0.010 
2025-05-23 10:51:09 | INFO |       36.583 ¦      898           2              0.010 
2025-05-23 10:51:09 | INFO |       36.593 ¦      899           2              0.010 
2025-05-23 10:51:09 | INFO |       36.603 ¦      900           2              0.010 
2025-05-23 10:51:09 | INFO |       36.613 ¦      901           2              0.010 
2025-05-23 10:51:09 | INFO |       36.623 ¦      902           2              0.010 
2025-05-23 10:51:09 | INFO |       36.633 ¦      903           2              0.010 
2025-05-23 10:51:09 | INFO |       36.643 ¦      904           2              0.010 
2025-05-23 10:51:09 | INFO |       36.653 ¦      905           2              0.010 
2025-05-23 10:51:09 | INFO |       36.663 ¦      906           2              0.010 
2025-05-23 10:51:09 | INFO |       36.673 ¦      907           2              0.010 
2025-05-23 10:51:09 | INFO |       36.683 ¦      908           2              0.010 
2025-05-23 10:51:09 | INFO |       36.693 ¦      909           2              0.010 
2025-05-23 10:51:09 | INFO |       36.703 ¦      910           2              0.010 
2025-05-23 10:51:09 | INFO |       36.713 ¦      911           2              0.010 
2025-05-23 10:51:09 | INFO |       36.723 ¦      912           2              0.010 
2025-05-23 10:51:09 | INFO |       36.733 ¦      913           2              0.010 
2025-05-23 10:51:09 | INFO |       36.743 ¦      914           2              0.010 
2025-05-23 10:51:09 | INFO |       36.753 ¦      915           2              0.010 
2025-05-23 10:51:09 | INFO |       36.763 ¦      916           2              0.010 
2025-05-23 10:51:09 | INFO |       36.773 ¦      917           2              0.010 
2025-05-23 10:51:09 | INFO |       36.783 ¦      918           2              0.010 
2025-05-23 10:51:09 | INFO |       36.793 ¦      919           2              0.010 
2025-05-23 10:51:09 | INFO |       36.803 ¦      920           2              0.010 
2025-05-23 10:51:09 | INFO |       36.813 ¦      921           2              0.010 
2025-05-23 10:51:09 | INFO |       36.823 ¦      922           2              0.010 
2025-05-23 10:51:09 | INFO |       36.833 ¦      923           2              0.010 
2025-05-23 10:51:09 | INFO |       36.843 ¦      924           2              0.010 
2025-05-23 10:51:09 | INFO |       36.853 ¦      925           2              0.010 
2025-05-23 10:51:09 | INFO |       36.863 ¦      926           2              0.010 
2025-05-23 10:51:09 | INFO |       36.873 ¦      927           2              0.010 
2025-05-23 10:51:09 | INFO |       36.883 ¦      928           2              0.010 
2025-05-23 10:51:09 | INFO |       36.893 ¦      929           2              0.010 
2025-05-23 10:51:09 | INFO |       36.903 ¦      930           2              0.010 
2025-05-23 10:51:09 | INFO |       36.913 ¦      931           2              0.010 
2025-05-23 10:51:09 | INFO |       36.923 ¦      932           2              0.010 
2025-05-23 10:51:09 | INFO |       36.933 ¦      933           2              0.010 
2025-05-23 10:51:09 | INFO |       36.943 ¦      934           2              0.010 
2025-05-23 10:51:09 | INFO |       36.953 ¦      935           2              0.010 
2025-05-23 10:51:09 | INFO |       36.963 ¦      936           2              0.010 
2025-05-23 10:51:09 | INFO |       36.973 ¦      937           2              0.010 
2025-05-23 10:51:09 | INFO |       36.983 ¦      938           2              0.010 
2025-05-23 10:51:09 | INFO |       36.993 ¦      939           2              0.010 
2025-05-23 10:51:09 | INFO |       37.003 ¦      940           2              0.010 
2025-05-23 10:51:09 | INFO |       37.013 ¦      941           2              0.010 
2025-05-23 10:51:09 | INFO |       37.023 ¦      942           2              0.010 
2025-05-23 10:51:09 | INFO |       37.033 ¦      943           2              0.010 
2025-05-23 10:51:09 | INFO |       37.043 ¦      944           2              0.010 
2025-05-23 10:51:09 | INFO |       37.053 ¦      945           2              0.010 
2025-05-23 10:51:09 | INFO |       37.063 ¦      946           2              0.010 
2025-05-23 10:51:09 | INFO |       37.073 ¦      947           2              0.010 
2025-05-23 10:51:09 | INFO |       37.083 ¦      948           2              0.010 
2025-05-23 10:51:09 | INFO |       37.093 ¦      949           2              0.010 
2025-05-23 10:51:09 | INFO |       37.103 ¦      950           2              0.010 
2025-05-23 10:51:09 | INFO |       37.113 ¦      951           2              0.010 
2025-05-23 10:51:09 | INFO |       37.123 ¦      952           2              0.010 
2025-05-23 10:51:09 | INFO |       37.133 ¦      953           2              0.010 
2025-05-23 10:51:09 | INFO |       37.143 ¦      954           2              0.010 
2025-05-23 10:51:09 | INFO |       37.153 ¦      955           2              0.010 
2025-05-23 10:51:09 | INFO |       37.163 ¦      956           2              0.010 
2025-05-23 10:51:09 | INFO |       37.173 ¦      957           2              0.010 
2025-05-23 10:51:09 | INFO |       37.183 ¦      958           2              0.010 
2025-05-23 10:51:09 | INFO |       37.193 ¦      959           2              0.010 
2025-05-23 10:51:09 | INFO |       37.203 ¦      960           2              0.010 
2025-05-23 10:51:09 | INFO |       37.213 ¦      961           2              0.010 
2025-05-23 10:51:09 | INFO |       37.223 ¦      962           2              0.010 
2025-05-23 10:51:09 | INFO |       37.233 ¦      963           2              0.010 
2025-05-23 10:51:09 | INFO |       37.243 ¦      964           2              0.010 
2025-05-23 10:51:09 | INFO |       37.253 ¦      965           2              0.010 
2025-05-23 10:51:09 | INFO |       37.263 ¦      966           2              0.010 
2025-05-23 10:51:09 | INFO |       37.273 ¦      967           2              0.010 
2025-05-23 10:51:09 | INFO |       37.283 ¦      968           2              0.010 
2025-05-23 10:51:09 | INFO |       37.293 ¦      969           2              0.010 
2025-05-23 10:51:09 | INFO |       37.303 ¦      970           2              0.010 
2025-05-23 10:51:09 | INFO |       37.313 ¦      971           2              0.010 
2025-05-23 10:51:09 | INFO |       37.323 ¦      972           2              0.010 
2025-05-23 10:51:09 | INFO |       37.333 ¦      973           2              0.010 
2025-05-23 10:51:09 | INFO |       37.343 ¦      974           2              0.010 
2025-05-23 10:51:09 | INFO |       37.353 ¦      975           2              0.010 
2025-05-23 10:51:09 | INFO |       37.363 ¦      976           2              0.010 
2025-05-23 10:51:09 | INFO |       37.373 ¦      977           2              0.010 
2025-05-23 10:51:09 | INFO |       37.383 ¦      978           2              0.010 
2025-05-23 10:51:09 | INFO |       37.393 ¦      979           2              0.010 
2025-05-23 10:51:09 | INFO |       37.403 ¦      980           2              0.010 
2025-05-23 10:51:09 | INFO |       37.413 ¦      981           2              0.010 
2025-05-23 10:51:09 | INFO |       37.423 ¦      982           2              0.010 
2025-05-23 10:51:09 | INFO |       37.433 ¦      983           2              0.010 
2025-05-23 10:51:09 | INFO |       37.443 ¦      984           2              0.010 
2025-05-23 10:51:09 | INFO |       37.453 ¦      985           2              0.010 
2025-05-23 10:51:09 | INFO |       37.463 ¦      986           2              0.010 
2025-05-23 10:51:09 | INFO |       37.473 ¦      987           2              0.010 
2025-05-23 10:51:09 | INFO |       37.483 ¦      988           2              0.010 
2025-05-23 10:51:09 | INFO |       37.493 ¦      989           2              0.010 
2025-05-23 10:51:09 | INFO |       37.503 ¦      990           2              0.010 
2025-05-23 10:51:09 | INFO |       37.513 ¦      991           2              0.010 
2025-05-23 10:51:09 | INFO |       37.523 ¦      992           2              0.010 
2025-05-23 10:51:09 | INFO |       37.533 ¦      993           2              0.010 
2025-05-23 10:51:09 | INFO |       37.543 ¦      994           2              0.010 
2025-05-23 10:51:09 | INFO |       37.553 ¦      995           2              0.010 
2025-05-23 10:51:09 | INFO |       37.563 ¦      996           2              0.010 
2025-05-23 10:51:09 | INFO |       37.573 ¦      997           2              0.010 
2025-05-23 10:51:09 | INFO |       37.583 ¦      998           2              0.010 
2025-05-23 10:51:09 | INFO |       37.593 ¦      999           2              0.010 
2025-05-23 10:51:09 | INFO |       37.603 ¦     1000           2              0.010 
2025-05-23 10:51:09 | INFO |       37.613 ¦     1001           2              0.010 
2025-05-23 10:51:09 | INFO |       37.623 ¦     1002           2              0.010 
2025-05-23 10:51:09 | INFO |       37.633 ¦     1003           2              0.010 
2025-05-23 10:51:09 | INFO |       37.643 ¦     1004           2              0.010 
2025-05-23 10:51:09 | INFO |       37.653 ¦     1005           2              0.010 
2025-05-23 10:51:09 | INFO |       37.663 ¦     1006           2              0.010 
2025-05-23 10:51:09 | INFO |       37.673 ¦     1007           2              0.010 
2025-05-23 10:51:09 | INFO |       37.683 ¦     1008           2              0.010 
2025-05-23 10:51:09 | INFO |       37.693 ¦     1009           2              0.010 
2025-05-23 10:51:09 | INFO |       37.703 ¦     1010           2              0.010 
2025-05-23 10:51:09 | INFO |       37.713 ¦     1011           2              0.010 
2025-05-23 10:51:09 | INFO |       37.723 ¦     1012           2              0.010 
2025-05-23 10:51:09 | INFO |       37.733 ¦     1013           2              0.010 
2025-05-23 10:51:09 | INFO |       37.743 ¦     1014           2              0.010 
2025-05-23 10:51:09 | INFO |       37.753 ¦     1015           2              0.010 
2025-05-23 10:51:09 | INFO |       37.763 ¦     1016           2              0.010 
2025-05-23 10:51:09 | INFO |       37.773 ¦     1017           2              0.010 
2025-05-23 10:51:09 | INFO |       37.783 ¦     1018           2              0.010 
2025-05-23 10:51:09 | INFO |       37.793 ¦     1019           2              0.010 
2025-05-23 10:51:09 | INFO |       37.803 ¦     1020           2              0.010 
2025-05-23 10:51:09 | INFO |       37.813 ¦     1021           2              0.010 
2025-05-23 10:51:09 | INFO |       37.823 ¦     1022           2              0.010 
2025-05-23 10:51:09 | INFO |       37.833 ¦     1023           2              0.010 
2025-05-23 10:51:09 | INFO |       37.843 ¦     1024           2              0.010 
2025-05-23 10:51:09 | INFO |       37.853 ¦     1025           2              0.010 
2025-05-23 10:51:09 | INFO |       37.863 ¦     1026           2              0.010 
2025-05-23 10:51:09 | INFO |       37.873 ¦     1027           2              0.010 
2025-05-23 10:51:09 | INFO |       37.883 ¦     1028           2              0.010 
2025-05-23 10:51:09 | INFO |       37.893 ¦     1029           2              0.010 
2025-05-23 10:51:09 | INFO |       37.903 ¦     1030           2              0.010 
2025-05-23 10:51:09 | INFO |       37.913 ¦     1031           2              0.010 
2025-05-23 10:51:09 | INFO |       37.923 ¦     1032           2              0.010 
2025-05-23 10:51:09 | INFO |       37.933 ¦     1033           2              0.010 
2025-05-23 10:51:09 | INFO |       37.943 ¦     1034           2              0.010 
2025-05-23 10:51:09 | INFO |       37.953 ¦     1035           2              0.010 
2025-05-23 10:51:09 | INFO |       37.963 ¦     1036           2              0.010 
2025-05-23 10:51:09 | INFO |       37.973 ¦     1037           2              0.010 
2025-05-23 10:51:09 | INFO |       37.983 ¦     1038           2              0.010 
2025-05-23 10:51:09 | INFO |       37.993 ¦     1039           2              0.010 
2025-05-23 10:51:09 | INFO |       38.003 ¦     1040           2              0.010 
2025-05-23 10:51:09 | INFO |       38.013 ¦     1041           2              0.010 
2025-05-23 10:51:09 | INFO |       38.023 ¦     1042           2              0.010 
2025-05-23 10:51:09 | INFO |       38.033 ¦     1043           2              0.010 
2025-05-23 10:51:09 | INFO |       38.043 ¦     1044           2              0.010 
2025-05-23 10:51:09 | INFO |       38.053 ¦     1045           2              0.010 
2025-05-23 10:51:09 | INFO |       38.063 ¦     1046           2              0.010 
2025-05-23 10:51:09 | INFO |       38.073 ¦     1047           2              0.010 
2025-05-23 10:51:09 | INFO |       38.083 ¦     1048           2              0.010 
2025-05-23 10:51:09 | INFO |       38.093 ¦     1049           2              0.010 
2025-05-23 10:51:09 | INFO |       38.103 ¦     1050           2              0.010 
2025-05-23 10:51:09 | INFO |       38.113 ¦     1051           2              0.010 
2025-05-23 10:51:09 | INFO |       38.123 ¦     1052           2              0.010 
2025-05-23 10:51:09 | INFO |       38.133 ¦     1053           2              0.010 
2025-05-23 10:51:09 | INFO |       38.143 ¦     1054           2              0.010 
2025-05-23 10:51:09 | INFO |       38.153 ¦     1055           2              0.010 
2025-05-23 10:51:09 | INFO |       38.163 ¦     1056           2              0.010 
2025-05-23 10:51:09 | INFO |       38.173 ¦     1057           2              0.010 
2025-05-23 10:51:09 | INFO |       38.183 ¦     1058           2              0.010 
2025-05-23 10:51:09 | INFO |       38.193 ¦     1059           2              0.010 
2025-05-23 10:51:09 | INFO |       38.203 ¦     1060           2              0.010 
2025-05-23 10:51:09 | INFO |       38.213 ¦     1061           2              0.010 
2025-05-23 10:51:09 | INFO |       38.223 ¦     1062           2              0.010 
2025-05-23 10:51:09 | INFO |       38.233 ¦     1063           2              0.010 
2025-05-23 10:51:09 | INFO |       38.243 ¦     1064           2              0.010 
2025-05-23 10:51:09 | INFO |       38.253 ¦     1065           2              0.010 
2025-05-23 10:51:09 | INFO |       38.263 ¦     1066           2              0.010 
2025-05-23 10:51:09 | INFO |       38.273 ¦     1067           2              0.010 
2025-05-23 10:51:09 | INFO |       38.283 ¦     1068           2              0.010 
2025-05-23 10:51:09 | INFO |       38.293 ¦     1069           2              0.010 
2025-05-23 10:51:09 | INFO |       38.303 ¦     1070           2              0.010 
2025-05-23 10:51:09 | INFO |       38.313 ¦     1071           2              0.010 
2025-05-23 10:51:09 | INFO |       38.323 ¦     1072           2              0.010 
2025-05-23 10:51:09 | INFO |       38.333 ¦     1073           2              0.010 
2025-05-23 10:51:09 | INFO |       38.343 ¦     1074           2              0.010 
2025-05-23 10:51:09 | INFO |       38.353 ¦     1075           2              0.010 
2025-05-23 10:51:09 | INFO |       38.363 ¦     1076           2              0.010 
2025-05-23 10:51:09 | INFO |       38.373 ¦     1077           2              0.010 
2025-05-23 10:51:09 | INFO |       38.383 ¦     1078           2              0.010 
2025-05-23 10:51:09 | INFO |       38.393 ¦     1079           2              0.010 
2025-05-23 10:51:09 | INFO |       38.403 ¦     1080           2              0.010 
2025-05-23 10:51:09 | INFO |       38.413 ¦     1081           2              0.010 
2025-05-23 10:51:09 | INFO |       38.423 ¦     1082           2              0.010 
2025-05-23 10:51:09 | INFO |       38.433 ¦     1083           2              0.010 
2025-05-23 10:51:09 | INFO |       38.443 ¦     1084           2              0.010 
2025-05-23 10:51:09 | INFO |       38.453 ¦     1085           2              0.010 
2025-05-23 10:51:09 | INFO |       38.463 ¦     1086           2              0.010 
2025-05-23 10:51:09 | INFO |       38.473 ¦     1087           2              0.010 
2025-05-23 10:51:09 | INFO |       38.483 ¦     1088           2              0.010 
2025-05-23 10:51:09 | INFO |       38.493 ¦     1089           2              0.010 
2025-05-23 10:51:09 | INFO |       38.503 ¦     1090           2              0.010 
2025-05-23 10:51:09 | INFO |       38.513 ¦     1091           2              0.010 
2025-05-23 10:51:09 | INFO |       38.523 ¦     1092           2              0.010 
2025-05-23 10:51:09 | INFO |       38.533 ¦     1093           2              0.010 
2025-05-23 10:51:09 | INFO |       38.543 ¦     1094           2              0.010 
2025-05-23 10:51:09 | INFO |       38.553 ¦     1095           2              0.010 
2025-05-23 10:51:09 | INFO |       38.563 ¦     1096           2              0.010 
2025-05-23 10:51:09 | INFO |       38.573 ¦     1097           2              0.010 
2025-05-23 10:51:09 | INFO |       38.583 ¦     1098           2              0.010 
2025-05-23 10:51:09 | INFO |       38.593 ¦     1099           2              0.010 
2025-05-23 10:51:09 | INFO |       38.603 ¦     1100           2              0.010 
2025-05-23 10:51:09 | INFO |       38.613 ¦     1101           2              0.010 
2025-05-23 10:51:09 | INFO |       38.623 ¦     1102           2              0.010 
2025-05-23 10:51:09 | INFO |       38.633 ¦     1103           2              0.010 
2025-05-23 10:51:09 | INFO |       38.643 ¦     1104           2              0.010 
2025-05-23 10:51:09 | INFO |       38.653 ¦     1105           2              0.010 
2025-05-23 10:51:09 | INFO |       38.663 ¦     1106           2              0.010 
2025-05-23 10:51:09 | INFO |       38.673 ¦     1107           2              0.010 
2025-05-23 10:51:09 | INFO |       38.683 ¦     1108           2              0.010 
2025-05-23 10:51:09 | INFO |       38.693 ¦     1109           2              0.010 
2025-05-23 10:51:09 | INFO |       38.703 ¦     1110           2              0.010 
2025-05-23 10:51:09 | INFO |       38.713 ¦     1111           2              0.010 
2025-05-23 10:51:09 | INFO |       38.723 ¦     1112           2              0.010 
2025-05-23 10:51:09 | INFO |       38.733 ¦     1113           2              0.010 
2025-05-23 10:51:09 | INFO |       38.743 ¦     1114           2              0.010 
2025-05-23 10:51:09 | INFO |       38.753 ¦     1115           2              0.010 
2025-05-23 10:51:09 | INFO |       38.763 ¦     1116           2              0.010 
2025-05-23 10:51:09 | INFO |       38.773 ¦     1117           2              0.010 
2025-05-23 10:51:09 | INFO |       38.783 ¦     1118           2              0.010 
2025-05-23 10:51:09 | INFO |       38.793 ¦     1119           2              0.010 
2025-05-23 10:51:09 | INFO |       38.803 ¦     1120           2              0.010 
2025-05-23 10:51:09 | INFO |       38.813 ¦     1121           2              0.010 
2025-05-23 10:51:09 | INFO |       38.823 ¦     1122           2              0.010 
2025-05-23 10:51:09 | INFO |       38.833 ¦     1123           2              0.010 
2025-05-23 10:51:09 | INFO |       38.843 ¦     1124           2              0.010 
2025-05-23 10:51:09 | INFO |       38.853 ¦     1125           2              0.010 
2025-05-23 10:51:09 | INFO |       38.863 ¦     1126           2              0.010 
2025-05-23 10:51:09 | INFO |       38.873 ¦     1127           2              0.010 
2025-05-23 10:51:09 | INFO |       38.883 ¦     1128           2              0.010 
2025-05-23 10:51:09 | INFO |       38.893 ¦     1129           2              0.010 
2025-05-23 10:51:09 | INFO |       38.903 ¦     1130           2              0.010 
2025-05-23 10:51:09 | INFO |       38.913 ¦     1131           2              0.010 
2025-05-23 10:51:09 | INFO |       38.923 ¦     1132           2              0.010 
2025-05-23 10:51:09 | INFO |       38.933 ¦     1133           2              0.010 
2025-05-23 10:51:09 | INFO |       38.943 ¦     1134           2              0.010 
2025-05-23 10:51:09 | INFO |       38.953 ¦     1135           2              0.010 
2025-05-23 10:51:09 | INFO |       38.963 ¦     1136           2              0.010 
2025-05-23 10:51:09 | INFO |       38.973 ¦     1137           2              0.010 
2025-05-23 10:51:09 | INFO |       38.983 ¦     1138           2              0.010 
2025-05-23 10:51:09 | INFO |       38.993 ¦     1139           2              0.010 
2025-05-23 10:51:09 | INFO |       39.003 ¦     1140           2              0.010 
2025-05-23 10:51:09 | INFO |       39.013 ¦     1141           2              0.010 
2025-05-23 10:51:09 | INFO |       39.023 ¦     1142           2              0.010 
2025-05-23 10:51:09 | INFO |       39.033 ¦     1143           2              0.010 
2025-05-23 10:51:09 | INFO |       39.043 ¦     1144           2              0.010 
2025-05-23 10:51:09 | INFO |       39.053 ¦     1145           2              0.010 
2025-05-23 10:51:09 | INFO |       39.063 ¦     1146           2              0.010 
2025-05-23 10:51:09 | INFO |       39.073 ¦     1147           2              0.010 
2025-05-23 10:51:09 | INFO |       39.083 ¦     1148           2              0.010 
2025-05-23 10:51:09 | INFO |       39.093 ¦     1149           2              0.010 
2025-05-23 10:51:09 | INFO |       39.103 ¦     1150           2              0.010 
2025-05-23 10:51:09 | INFO |       39.113 ¦     1151           2              0.010 
2025-05-23 10:51:09 | INFO |       39.123 ¦     1152           2              0.010 
2025-05-23 10:51:09 | INFO |       39.133 ¦     1153           2              0.010 
2025-05-23 10:51:09 | INFO |       39.143 ¦     1154           2              0.010 
2025-05-23 10:51:09 | INFO |       39.153 ¦     1155           2              0.010 
2025-05-23 10:51:09 | INFO |       39.163 ¦     1156           2              0.010 
2025-05-23 10:51:09 | INFO |       39.173 ¦     1157           2              0.010 
2025-05-23 10:51:09 | INFO |       39.183 ¦     1158           2              0.010 
2025-05-23 10:51:09 | INFO |       39.193 ¦     1159           2              0.010 
2025-05-23 10:51:09 | INFO |       39.203 ¦     1160           2              0.010 
2025-05-23 10:51:09 | INFO |       39.213 ¦     1161           2              0.010 
2025-05-23 10:51:09 | INFO |       39.223 ¦     1162           2              0.010 
2025-05-23 10:51:09 | INFO |       39.233 ¦     1163           2              0.010 
2025-05-23 10:51:09 | INFO |       39.243 ¦     1164           2              0.010 
2025-05-23 10:51:09 | INFO |       39.253 ¦     1165           2              0.010 
2025-05-23 10:51:09 | INFO |       39.263 ¦     1166           2              0.010 
2025-05-23 10:51:09 | INFO |       39.273 ¦     1167           2              0.010 
2025-05-23 10:51:09 | INFO |       39.283 ¦     1168           2              0.010 
2025-05-23 10:51:09 | INFO |       39.293 ¦     1169           2              0.010 
2025-05-23 10:51:09 | INFO |       39.303 ¦     1170           2              0.010 
2025-05-23 10:51:09 | INFO |       39.313 ¦     1171           2              0.010 
2025-05-23 10:51:09 | INFO |       39.323 ¦     1172           2              0.010 
2025-05-23 10:51:09 | INFO |       39.333 ¦     1173           2              0.010 
2025-05-23 10:51:09 | INFO |       39.343 ¦     1174           2              0.010 
2025-05-23 10:51:09 | INFO |       39.353 ¦     1175           2              0.010 
2025-05-23 10:51:09 | INFO |       39.363 ¦     1176           2              0.010 
2025-05-23 10:51:09 | INFO |       39.373 ¦     1177           2              0.010 
2025-05-23 10:51:09 | INFO |       39.383 ¦     1178           2              0.010 
2025-05-23 10:51:09 | INFO |       39.393 ¦     1179           2              0.010 
2025-05-23 10:51:09 | INFO |       39.403 ¦     1180           2              0.010 
2025-05-23 10:51:09 | INFO |       39.413 ¦     1181           2              0.010 
2025-05-23 10:51:09 | INFO |       39.423 ¦     1182           2              0.010 
2025-05-23 10:51:09 | INFO |       39.433 ¦     1183           2              0.010 
2025-05-23 10:51:09 | INFO |       39.443 ¦     1184           2              0.010 
2025-05-23 10:51:09 | INFO |       39.453 ¦     1185           2              0.010 
2025-05-23 10:51:09 | INFO |       39.463 ¦     1186           2              0.010 
2025-05-23 10:51:09 | INFO |       39.473 ¦     1187           2              0.010 
2025-05-23 10:51:09 | INFO |       39.483 ¦     1188           2              0.010 
2025-05-23 10:51:09 | INFO |       39.493 ¦     1189           2              0.010 
2025-05-23 10:51:09 | INFO |       39.503 ¦     1190           2              0.010 
2025-05-23 10:51:09 | INFO |       39.513 ¦     1191           2              0.010 
2025-05-23 10:51:09 | INFO |       39.523 ¦     1192           2              0.010 
2025-05-23 10:51:09 | INFO |       39.533 ¦     1193           2              0.010 
2025-05-23 10:51:09 | INFO |       39.543 ¦     1194           2              0.010 
2025-05-23 10:51:09 | INFO |       39.553 ¦     1195           2              0.010 
2025-05-23 10:51:09 | INFO |       39.563 ¦     1196           2              0.010 
2025-05-23 10:51:09 | INFO |       39.573 ¦     1197           2              0.010 
2025-05-23 10:51:09 | INFO |       39.583 ¦     1198           2              0.010 
2025-05-23 10:51:09 | INFO |       39.593 ¦     1199           2              0.010 
2025-05-23 10:51:09 | INFO |       39.603 ¦     1200           2              0.010 
2025-05-23 10:51:09 | INFO |       39.613 ¦     1201           2              0.010 
2025-05-23 10:51:09 | INFO |       39.623 ¦     1202           2              0.010 
2025-05-23 10:51:09 | INFO |       39.633 ¦     1203           2              0.010 
2025-05-23 10:51:09 | INFO |       39.643 ¦     1204           2              0.010 
2025-05-23 10:51:09 | INFO |       39.653 ¦     1205           2              0.010 
2025-05-23 10:51:09 | INFO |       39.663 ¦     1206           2              0.010 
2025-05-23 10:51:09 | INFO |       39.673 ¦     1207           2              0.010 
2025-05-23 10:51:09 | INFO |       39.683 ¦     1208           2              0.010 
2025-05-23 10:51:09 | INFO |       39.693 ¦     1209           2              0.010 
2025-05-23 10:51:09 | INFO |       39.703 ¦     1210           2              0.010 
2025-05-23 10:51:09 | INFO |       39.713 ¦     1211           2              0.010 
2025-05-23 10:51:09 | INFO |       39.723 ¦     1212           2              0.010 
2025-05-23 10:51:09 | INFO |       39.733 ¦     1213           2              0.010 
2025-05-23 10:51:09 | INFO |       39.743 ¦     1214           2              0.010 
2025-05-23 10:51:09 | INFO |       39.753 ¦     1215           2              0.010 
2025-05-23 10:51:09 | INFO |       39.763 ¦     1216           2              0.010 
2025-05-23 10:51:09 | INFO |       39.773 ¦     1217           2              0.010 
2025-05-23 10:51:09 | INFO |       39.783 ¦     1218           2              0.010 
2025-05-23 10:51:09 | INFO |       39.793 ¦     1219           2              0.010 
2025-05-23 10:51:09 | INFO |       39.803 ¦     1220           2              0.010 
2025-05-23 10:51:09 | INFO |       39.813 ¦     1221           2              0.010 
2025-05-23 10:51:09 | INFO |       39.823 ¦     1222           2              0.010 
2025-05-23 10:51:09 | INFO |       39.833 ¦     1223           2              0.010 
2025-05-23 10:51:09 | INFO |       39.843 ¦     1224           2              0.010 
2025-05-23 10:51:09 | INFO |       39.853 ¦     1225           2              0.010 
2025-05-23 10:51:09 | INFO |       39.863 ¦     1226           2              0.010 
2025-05-23 10:51:09 | INFO |       39.873 ¦     1227           2              0.010 
2025-05-23 10:51:09 | INFO |       39.883 ¦     1228           2              0.010 
2025-05-23 10:51:09 | INFO |       39.893 ¦     1229           2              0.010 
2025-05-23 10:51:09 | INFO |       39.903 ¦     1230           2              0.010 
2025-05-23 10:51:09 | INFO |       39.913 ¦     1231           2              0.010 
2025-05-23 10:51:09 | INFO |       39.923 ¦     1232           2              0.010 
2025-05-23 10:51:09 | INFO |       39.933 ¦     1233           2              0.010 
2025-05-23 10:51:09 | INFO |       39.943 ¦     1234           2              0.010 
2025-05-23 10:51:09 | INFO |       39.953 ¦     1235           2              0.010 
2025-05-23 10:51:09 | INFO |       39.963 ¦     1236           2              0.010 
2025-05-23 10:51:09 | INFO |       39.973 ¦     1237           2              0.010 
2025-05-23 10:51:09 | INFO |       39.983 ¦     1238           2              0.010 
2025-05-23 10:51:09 | INFO |       39.993 ¦     1239           2              0.010 
2025-05-23 10:51:09 | INFO |       40.003 ¦     1240           2              0.010 
2025-05-23 10:51:09 | INFO |       40.013 ¦     1241           2              0.010 
2025-05-23 10:51:09 | INFO |       40.023 ¦     1242           2              0.010 
2025-05-23 10:51:09 | INFO |       40.033 ¦     1243           2              0.010 
2025-05-23 10:51:09 | INFO |       40.043 ¦     1244           2              0.010 
2025-05-23 10:51:09 | INFO |       40.053 ¦     1245           2              0.010 
2025-05-23 10:51:09 | INFO |       40.063 ¦     1246           2              0.010 
2025-05-23 10:51:09 | INFO |       40.073 ¦     1247           2              0.010 
2025-05-23 10:51:09 | INFO |       40.083 ¦     1248           2              0.010 
2025-05-23 10:51:09 | INFO |       40.093 ¦     1249           2              0.010 
2025-05-23 10:51:09 | INFO |       40.103 ¦     1250           2              0.010 
2025-05-23 10:51:09 | INFO |       40.113 ¦     1251           2              0.010 
2025-05-23 10:51:09 | INFO |       40.123 ¦     1252           2              0.010 
2025-05-23 10:51:09 | INFO |       40.133 ¦     1253           2              0.010 
2025-05-23 10:51:09 | INFO |       40.143 ¦     1254           2              0.010 
2025-05-23 10:51:09 | INFO |       40.153 ¦     1255           2              0.010 
2025-05-23 10:51:09 | INFO |       40.163 ¦     1256           2              0.010 
2025-05-23 10:51:09 | INFO |       40.173 ¦     1257           2              0.010 
2025-05-23 10:51:09 | INFO |       40.183 ¦     1258           2              0.010 
2025-05-23 10:51:09 | INFO |       40.193 ¦     1259           2              0.010 
2025-05-23 10:51:09 | INFO |       40.203 ¦     1260           2              0.010 
2025-05-23 10:51:09 | INFO |       40.213 ¦     1261           2              0.010 
2025-05-23 10:51:09 | INFO |       40.223 ¦     1262           2              0.010 
2025-05-23 10:51:09 | INFO |       40.233 ¦     1263           2              0.010 
2025-05-23 10:51:09 | INFO |       40.243 ¦     1264           2              0.010 
2025-05-23 10:51:09 | INFO |       40.253 ¦     1265           2              0.010 
2025-05-23 10:51:09 | INFO |       40.263 ¦     1266           2              0.010 
2025-05-23 10:51:09 | INFO |       40.273 ¦     1267           2              0.010 
2025-05-23 10:51:09 | INFO |       40.283 ¦     1268           2              0.010 
2025-05-23 10:51:09 | INFO |       40.293 ¦     1269           2              0.010 
2025-05-23 10:51:09 | INFO |       40.303 ¦     1270           2              0.010 
2025-05-23 10:51:09 | INFO |       40.313 ¦     1271           2              0.010 
2025-05-23 10:51:09 | INFO |       40.323 ¦     1272           2              0.010 
2025-05-23 10:51:09 | INFO |       40.333 ¦     1273           2              0.010 
2025-05-23 10:51:09 | INFO |       40.343 ¦     1274           2              0.010 
2025-05-23 10:51:09 | INFO |       40.353 ¦     1275           2              0.010 
2025-05-23 10:51:09 | INFO |       40.363 ¦     1276           2              0.010 
2025-05-23 10:51:09 | INFO |       40.373 ¦     1277           2              0.010 
2025-05-23 10:51:09 | INFO |       40.383 ¦     1278           2              0.010 
2025-05-23 10:51:09 | INFO |       40.393 ¦     1279           2              0.010 
2025-05-23 10:51:09 | INFO |       40.403 ¦     1280           2              0.010 
2025-05-23 10:51:09 | INFO |       40.413 ¦     1281           2              0.010 
2025-05-23 10:51:09 | INFO |       40.423 ¦     1282           2              0.010 
2025-05-23 10:51:09 | INFO |       40.433 ¦     1283           2              0.010 
2025-05-23 10:51:09 | INFO |       40.443 ¦     1284           2              0.010 
2025-05-23 10:51:09 | INFO |       40.453 ¦     1285           2              0.010 
2025-05-23 10:51:09 | INFO |       40.463 ¦     1286           2              0.010 
2025-05-23 10:51:09 | INFO |       40.473 ¦     1287           2              0.010 
2025-05-23 10:51:09 | INFO |       40.483 ¦     1288           2              0.010 
2025-05-23 10:51:09 | INFO |       40.493 ¦     1289           2              0.010 
2025-05-23 10:51:09 | INFO |       40.503 ¦     1290           2              0.010 
2025-05-23 10:51:09 | INFO |       40.513 ¦     1291           2              0.010 
2025-05-23 10:51:09 | INFO |       40.523 ¦     1292           2              0.010 
2025-05-23 10:51:09 | INFO |       40.533 ¦     1293           2              0.010 
2025-05-23 10:51:09 | INFO |       40.543 ¦     1294           2              0.010 
2025-05-23 10:51:09 | INFO |       40.553 ¦     1295           2              0.010 
2025-05-23 10:51:09 | INFO |       40.563 ¦     1296           2              0.010 
2025-05-23 10:51:09 | INFO |       40.573 ¦     1297           2              0.010 
2025-05-23 10:51:09 | INFO |       40.583 ¦     1298           2              0.010 
2025-05-23 10:51:09 | INFO |       40.593 ¦     1299           2              0.010 
2025-05-23 10:51:09 | INFO |       40.603 ¦     1300           2              0.010 
2025-05-23 10:51:09 | INFO |       40.613 ¦     1301           2              0.010 
2025-05-23 10:51:09 | INFO |       40.623 ¦     1302           2              0.010 
2025-05-23 10:51:09 | INFO |       40.633 ¦     1303           2              0.010 
2025-05-23 10:51:09 | INFO |       40.643 ¦     1304           2              0.010 
2025-05-23 10:51:09 | INFO |       40.653 ¦     1305           2              0.010 
2025-05-23 10:51:09 | INFO |       40.663 ¦     1306           2              0.010 
2025-05-23 10:51:09 | INFO |       40.673 ¦     1307           2              0.010 
2025-05-23 10:51:09 | INFO |       40.683 ¦     1308           2              0.010 
2025-05-23 10:51:09 | INFO |       40.693 ¦     1309           2              0.010 
2025-05-23 10:51:09 | INFO |       40.703 ¦     1310           2              0.010 
2025-05-23 10:51:09 | INFO |       40.713 ¦     1311           2              0.010 
2025-05-23 10:51:09 | INFO |       40.723 ¦     1312           2              0.010 
2025-05-23 10:51:09 | INFO |       40.733 ¦     1313           2              0.010 
2025-05-23 10:51:09 | INFO |       40.743 ¦     1314           2              0.010 
2025-05-23 10:51:09 | INFO |       40.753 ¦     1315           2              0.010 
2025-05-23 10:51:09 | INFO |       40.763 ¦     1316           2              0.010 
2025-05-23 10:51:09 | INFO |       40.773 ¦     1317           2              0.010 
2025-05-23 10:51:09 | INFO |       40.783 ¦     1318           2              0.010 
2025-05-23 10:51:09 | INFO |       40.793 ¦     1319           2              0.010 
2025-05-23 10:51:09 | INFO |       40.803 ¦     1320           2              0.010 
2025-05-23 10:51:09 | INFO |       40.813 ¦     1321           2              0.010 
2025-05-23 10:51:09 | INFO |       40.823 ¦     1322           2              0.010 
2025-05-23 10:51:09 | INFO |       40.833 ¦     1323           2              0.010 
2025-05-23 10:51:09 | INFO |       40.843 ¦     1324           2              0.010 
2025-05-23 10:51:09 | INFO |       40.853 ¦     1325           2              0.010 
2025-05-23 10:51:09 | INFO |       40.863 ¦     1326           2              0.010 
2025-05-23 10:51:09 | INFO |       40.873 ¦     1327           2              0.010 
2025-05-23 10:51:09 | INFO |       40.883 ¦     1328           2              0.010 
2025-05-23 10:51:09 | INFO |       40.893 ¦     1329           2              0.010 
2025-05-23 10:51:09 | INFO |       40.903 ¦     1330           2              0.010 
2025-05-23 10:51:09 | INFO |       40.913 ¦     1331           2              0.010 
2025-05-23 10:51:09 | INFO |       40.923 ¦     1332           2              0.010 
2025-05-23 10:51:09 | INFO |       40.933 ¦     1333           2              0.010 
2025-05-23 10:51:09 | INFO |       40.943 ¦     1334           2              0.010 
2025-05-23 10:51:09 | INFO |       40.953 ¦     1335           2              0.010 
2025-05-23 10:51:09 | INFO |       40.963 ¦     1336           2              0.010 
2025-05-23 10:51:09 | INFO |       40.973 ¦     1337           2              0.010 
2025-05-23 10:51:09 | INFO |       40.983 ¦     1338           2              0.010 
2025-05-23 10:51:09 | INFO |       40.993 ¦     1339           2              0.010 
2025-05-23 10:51:09 | INFO |       41.003 ¦     1340           2              0.010 
2025-05-23 10:51:09 | INFO |       41.013 ¦     1341           2              0.010 
2025-05-23 10:51:09 | INFO |       41.023 ¦     1342           2              0.010 
2025-05-23 10:51:09 | INFO |       41.033 ¦     1343           2              0.010 
2025-05-23 10:51:09 | INFO |       41.043 ¦     1344           2              0.010 
2025-05-23 10:51:09 | INFO |       41.053 ¦     1345           2              0.010 
2025-05-23 10:51:09 | INFO |       41.063 ¦     1346           2              0.010 
2025-05-23 10:51:09 | INFO |       41.073 ¦     1347           2              0.010 
2025-05-23 10:51:09 | INFO |       41.083 ¦     1348           2              0.010 
2025-05-23 10:51:09 | INFO |       41.093 ¦     1349           2              0.010 
2025-05-23 10:51:09 | INFO |       41.103 ¦     1350           2              0.010 
2025-05-23 10:51:09 | INFO |       41.113 ¦     1351           2              0.010 
2025-05-23 10:51:09 | INFO |       41.123 ¦     1352           2              0.010 
2025-05-23 10:51:09 | INFO |       41.133 ¦     1353           2              0.010 
2025-05-23 10:51:09 | INFO |       41.143 ¦     1354           2              0.010 
2025-05-23 10:51:09 | INFO |       41.153 ¦     1355           2              0.010 
2025-05-23 10:51:09 | INFO |       41.163 ¦     1356           2              0.010 
2025-05-23 10:51:09 | INFO |       41.173 ¦     1357           2              0.010 
2025-05-23 10:51:09 | INFO |       41.183 ¦     1358           2              0.010 
2025-05-23 10:51:09 | INFO |       41.193 ¦     1359           2              0.010 
2025-05-23 10:51:09 | INFO |       41.203 ¦     1360           2              0.010 
2025-05-23 10:51:09 | INFO |       41.213 ¦     1361           2              0.010 
2025-05-23 10:51:09 | INFO |       41.223 ¦     1362           2              0.010 
2025-05-23 10:51:09 | INFO |       41.233 ¦     1363           2              0.010 
2025-05-23 10:51:09 | INFO |       41.243 ¦     1364           2              0.010 
2025-05-23 10:51:09 | INFO |       41.253 ¦     1365           2              0.010 
2025-05-23 10:51:09 | INFO |       41.263 ¦     1366           2              0.010 
2025-05-23 10:51:09 | INFO |       41.273 ¦     1367           2              0.010 
2025-05-23 10:51:09 | INFO |       41.283 ¦     1368           2              0.010 
2025-05-23 10:51:09 | INFO |       41.293 ¦     1369           2              0.010 
2025-05-23 10:51:09 | INFO |       41.303 ¦     1370           2              0.010 
2025-05-23 10:51:09 | INFO |       41.313 ¦     1371           2              0.010 
2025-05-23 10:51:09 | INFO |       41.323 ¦     1372           2              0.010 
2025-05-23 10:51:09 | INFO |       41.333 ¦     1373           2              0.010 
2025-05-23 10:51:09 | INFO |       41.343 ¦     1374           2              0.010 
2025-05-23 10:51:09 | INFO |       41.353 ¦     1375           2              0.010 
2025-05-23 10:51:09 | INFO |       41.363 ¦     1376           2              0.010 
2025-05-23 10:51:09 | INFO |       41.373 ¦     1377           2              0.010 
2025-05-23 10:51:09 | INFO |       41.383 ¦     1378           2              0.010 
2025-05-23 10:51:09 | INFO |       41.393 ¦     1379           2              0.010 
2025-05-23 10:51:09 | INFO |       41.403 ¦     1380           2              0.010 
2025-05-23 10:51:09 | INFO |       41.413 ¦     1381           2              0.010 
2025-05-23 10:51:09 | INFO |       41.423 ¦     1382           2              0.010 
2025-05-23 10:51:09 | INFO |       41.433 ¦     1383           2              0.010 
2025-05-23 10:51:09 | INFO |       41.443 ¦     1384           2              0.010 
2025-05-23 10:51:09 | INFO |       41.453 ¦     1385           2              0.010 
2025-05-23 10:51:09 | INFO |       41.463 ¦     1386           2              0.010 
2025-05-23 10:51:09 | INFO |       41.473 ¦     1387           2              0.010 
2025-05-23 10:51:09 | INFO |       41.483 ¦     1388           2              0.010 
2025-05-23 10:51:09 | INFO |       41.493 ¦     1389           2              0.010 
2025-05-23 10:51:09 | INFO |       41.503 ¦     1390           2              0.010 
2025-05-23 10:51:09 | INFO |       41.513 ¦     1391           2              0.010 
2025-05-23 10:51:09 | INFO |       41.523 ¦     1392           2              0.010 
2025-05-23 10:51:09 | INFO |       41.533 ¦     1393           2              0.010 
2025-05-23 10:51:09 | INFO |       41.543 ¦     1394           2              0.010 
2025-05-23 10:51:09 | INFO |       41.553 ¦     1395           2              0.010 
2025-05-23 10:51:09 | INFO |       41.563 ¦     1396           2              0.010 
2025-05-23 10:51:09 | INFO |       41.573 ¦     1397           2              0.010 
2025-05-23 10:51:09 | INFO |       41.583 ¦     1398           2              0.010 
2025-05-23 10:51:09 | INFO |       41.593 ¦     1399           2              0.010 
2025-05-23 10:51:09 | INFO |       41.603 ¦     1400           2              0.010 
2025-05-23 10:51:09 | INFO |       41.613 ¦     1401           2              0.010 
2025-05-23 10:51:09 | INFO |       41.623 ¦     1402           2              0.010 
2025-05-23 10:51:09 | INFO |       41.633 ¦     1403           2              0.010 
2025-05-23 10:51:09 | INFO |       41.643 ¦     1404           2              0.010 
2025-05-23 10:51:09 | INFO |       41.653 ¦     1405           2              0.010 
2025-05-23 10:51:09 | INFO |       41.663 ¦     1406           2              0.010 
2025-05-23 10:51:09 | INFO |       41.673 ¦     1407           2              0.010 
2025-05-23 10:51:09 | INFO |       41.683 ¦     1408           2              0.010 
2025-05-23 10:51:09 | INFO |       41.693 ¦     1409           2              0.010 
2025-05-23 10:51:09 | INFO |       41.703 ¦     1410           2              0.010 
2025-05-23 10:51:09 | INFO |       41.713 ¦     1411           2              0.010 
2025-05-23 10:51:09 | INFO |       41.723 ¦     1412           2              0.010 
2025-05-23 10:51:09 | INFO |       41.733 ¦     1413           2              0.010 
2025-05-23 10:51:09 | INFO |       41.743 ¦     1414           2              0.010 
2025-05-23 10:51:09 | INFO |       41.753 ¦     1415           2              0.010 
2025-05-23 10:51:09 | INFO |       41.763 ¦     1416           2              0.010 
2025-05-23 10:51:09 | INFO |       41.773 ¦     1417           2              0.010 
2025-05-23 10:51:09 | INFO |       41.783 ¦     1418           2              0.010 
2025-05-23 10:51:09 | INFO |       41.793 ¦     1419           2              0.010 
2025-05-23 10:51:09 | INFO |       41.803 ¦     1420           2              0.010 
2025-05-23 10:51:09 | INFO |       41.813 ¦     1421           2              0.010 
2025-05-23 10:51:09 | INFO |       41.823 ¦     1422           2              0.010 
2025-05-23 10:51:09 | INFO |       41.833 ¦     1423           2              0.010 
2025-05-23 10:51:09 | INFO |       41.843 ¦     1424           2              0.010 
2025-05-23 10:51:09 | INFO |       41.853 ¦     1425           2              0.010 
2025-05-23 10:51:09 | INFO |       41.863 ¦     1426           2              0.010 
2025-05-23 10:51:09 | INFO |       41.873 ¦     1427           2              0.010 
2025-05-23 10:51:09 | INFO |       41.883 ¦     1428           2              0.010 
2025-05-23 10:51:09 | INFO |       41.893 ¦     1429           2              0.010 
2025-05-23 10:51:09 | INFO |       41.903 ¦     1430           2              0.010 
2025-05-23 10:51:09 | INFO |       41.913 ¦     1431           2              0.010 
2025-05-23 10:51:09 | INFO |       41.923 ¦     1432           2              0.010 
2025-05-23 10:51:09 | INFO |       41.933 ¦     1433           2              0.010 
2025-05-23 10:51:09 | INFO |       41.943 ¦     1434           2              0.010 
2025-05-23 10:51:09 | INFO |       41.953 ¦     1435           2              0.010 
2025-05-23 10:51:09 | INFO |       41.963 ¦     1436           2              0.010 
2025-05-23 10:51:09 | INFO |       41.973 ¦     1437           2              0.010 
2025-05-23 10:51:09 | INFO |       41.983 ¦     1438           2              0.010 
2025-05-23 10:51:09 | INFO |       41.993 ¦     1439           2              0.010 
2025-05-23 10:51:09 | INFO |       42.003 ¦     1440           2              0.010 
2025-05-23 10:51:09 | INFO |       42.013 ¦     1441           2              0.010 
2025-05-23 10:51:09 | INFO |       42.023 ¦     1442           2              0.010 
2025-05-23 10:51:09 | INFO |       42.033 ¦     1443           2              0.010 
2025-05-23 10:51:09 | INFO |       42.043 ¦     1444           2              0.010 
2025-05-23 10:51:09 | INFO |       42.053 ¦     1445           2              0.010 
2025-05-23 10:51:09 | INFO |       42.063 ¦     1446           2              0.010 
2025-05-23 10:51:09 | INFO |       42.073 ¦     1447           2              0.010 
2025-05-23 10:51:09 | INFO |       42.083 ¦     1448           2              0.010 
2025-05-23 10:51:09 | INFO |       42.093 ¦     1449           2              0.010 
2025-05-23 10:51:09 | INFO |       42.103 ¦     1450           2              0.010 
2025-05-23 10:51:09 | INFO |       42.113 ¦     1451           2              0.010 
2025-05-23 10:51:09 | INFO |       42.123 ¦     1452           2              0.010 
2025-05-23 10:51:09 | INFO |       42.133 ¦     1453           2              0.010 
2025-05-23 10:51:09 | INFO |       42.143 ¦     1454           2              0.010 
2025-05-23 10:51:09 | INFO |       42.153 ¦     1455           2              0.010 
2025-05-23 10:51:09 | INFO |       42.163 ¦     1456           2              0.010 
2025-05-23 10:51:09 | INFO |       42.173 ¦     1457           2              0.010 
2025-05-23 10:51:09 | INFO |       42.183 ¦     1458           2              0.010 
2025-05-23 10:51:09 | INFO |       42.193 ¦     1459           2              0.010 
2025-05-23 10:51:09 | INFO |       42.203 ¦     1460           2              0.010 
2025-05-23 10:51:09 | INFO |       42.213 ¦     1461           2              0.010 
2025-05-23 10:51:09 | INFO |       42.223 ¦     1462           2              0.010 
2025-05-23 10:51:09 | INFO |       42.233 ¦     1463           2              0.010 
2025-05-23 10:51:09 | INFO |       42.243 ¦     1464           2              0.010 
2025-05-23 10:51:09 | INFO |       42.253 ¦     1465           2              0.010 
2025-05-23 10:51:09 | INFO |       42.263 ¦     1466           2              0.010 
2025-05-23 10:51:09 | INFO |       42.273 ¦     1467           2              0.010 
2025-05-23 10:51:09 | INFO |       42.283 ¦     1468           2              0.010 
2025-05-23 10:51:09 | INFO |       42.293 ¦     1469           2              0.010 
2025-05-23 10:51:09 | INFO |       42.303 ¦     1470           2              0.010 
2025-05-23 10:51:09 | INFO |       42.313 ¦     1471           2              0.010 
2025-05-23 10:51:09 | INFO |       42.323 ¦     1472           2              0.010 
2025-05-23 10:51:09 | INFO |       42.333 ¦     1473           2              0.010 
2025-05-23 10:51:09 | INFO |       42.343 ¦     1474           2              0.010 
2025-05-23 10:51:09 | INFO |       42.353 ¦     1475           2              0.010 
2025-05-23 10:51:09 | INFO |       42.363 ¦     1476           2              0.010 
2025-05-23 10:51:09 | INFO |       42.373 ¦     1477           2              0.010 
2025-05-23 10:51:09 | INFO |       42.383 ¦     1478           2              0.010 
2025-05-23 10:51:09 | INFO |       42.393 ¦     1479           2              0.010 
2025-05-23 10:51:09 | INFO |       42.403 ¦     1480           2              0.010 
2025-05-23 10:51:09 | INFO |       42.413 ¦     1481           2              0.010 
2025-05-23 10:51:09 | INFO |       42.423 ¦     1482           2              0.010 
2025-05-23 10:51:09 | INFO |       42.433 ¦     1483           2              0.010 
2025-05-23 10:51:09 | INFO |       42.443 ¦     1484           2              0.010 
2025-05-23 10:51:09 | INFO |       42.453 ¦     1485           2              0.010 
2025-05-23 10:51:09 | INFO |       42.463 ¦     1486           2              0.010 
2025-05-23 10:51:09 | INFO |       42.473 ¦     1487           2              0.010 
2025-05-23 10:51:09 | INFO |       42.483 ¦     1488           2              0.010 
2025-05-23 10:51:09 | INFO |       42.493 ¦     1489           2              0.010 
2025-05-23 10:51:09 | INFO |       42.503 ¦     1490           2              0.010 
2025-05-23 10:51:09 | INFO |       42.513 ¦     1491           2              0.010 
2025-05-23 10:51:09 | INFO |       42.523 ¦     1492           2              0.010 
2025-05-23 10:51:09 | INFO |       42.533 ¦     1493           2              0.010 
2025-05-23 10:51:09 | INFO |       42.543 ¦     1494           2              0.010 
2025-05-23 10:51:09 | INFO |       42.553 ¦     1495           2              0.010 
2025-05-23 10:51:09 | INFO |       42.563 ¦     1496           2              0.010 
2025-05-23 10:51:09 | INFO |       42.573 ¦     1497           2              0.010 
2025-05-23 10:51:09 | INFO |       42.583 ¦     1498           2              0.010 
2025-05-23 10:51:09 | INFO |       42.593 ¦     1499           2              0.010 
2025-05-23 10:51:09 | INFO |       42.603 ¦     1500           2              0.010 
2025-05-23 10:51:09 | INFO |       42.613 ¦     1501           2              0.010 
2025-05-23 10:51:09 | INFO |       42.623 ¦     1502           2              0.010 
2025-05-23 10:51:09 | INFO |       42.633 ¦     1503           2              0.010 
2025-05-23 10:51:09 | INFO |       42.643 ¦     1504           2              0.010 
2025-05-23 10:51:09 | INFO |       42.653 ¦     1505           2              0.010 
2025-05-23 10:51:09 | INFO |       42.663 ¦     1506           2              0.010 
2025-05-23 10:51:09 | INFO |       42.673 ¦     1507           2              0.010 
2025-05-23 10:51:09 | INFO |       42.683 ¦     1508           2              0.010 
2025-05-23 10:51:09 | INFO |       42.693 ¦     1509           2              0.010 
2025-05-23 10:51:09 | INFO |       42.703 ¦     1510           2              0.010 
2025-05-23 10:51:09 | INFO |       42.713 ¦     1511           2              0.010 
2025-05-23 10:51:09 | INFO |       42.723 ¦     1512           2              0.010 
2025-05-23 10:51:09 | INFO |       42.733 ¦     1513           2              0.010 
2025-05-23 10:51:09 | INFO |       42.743 ¦     1514           2              0.010 
2025-05-23 10:51:09 | INFO |       42.753 ¦     1515           2              0.010 
2025-05-23 10:51:09 | INFO |       42.763 ¦     1516           2              0.010 
2025-05-23 10:51:09 | INFO |       42.773 ¦     1517           2              0.010 
2025-05-23 10:51:09 | INFO |       42.783 ¦     1518           2              0.010 
2025-05-23 10:51:09 | INFO |       42.793 ¦     1519           2              0.010 
2025-05-23 10:51:09 | INFO |       42.803 ¦     1520           2              0.010 
2025-05-23 10:51:09 | INFO |       42.813 ¦     1521           2              0.010 
2025-05-23 10:51:09 | INFO |       42.823 ¦     1522           2              0.010 
2025-05-23 10:51:09 | INFO |       42.833 ¦     1523           2              0.010 
2025-05-23 10:51:09 | INFO |       42.843 ¦     1524           2              0.010 
2025-05-23 10:51:09 | INFO |       42.853 ¦     1525           2              0.010 
2025-05-23 10:51:09 | INFO |       42.863 ¦     1526           2              0.010 
2025-05-23 10:51:09 | INFO |       42.873 ¦     1527           2              0.010 
2025-05-23 10:51:09 | INFO |       42.883 ¦     1528           2              0.010 
2025-05-23 10:51:09 | INFO |       42.893 ¦     1529           2              0.010 
2025-05-23 10:51:09 | INFO |       42.903 ¦     1530           2              0.010 
2025-05-23 10:51:09 | INFO |       42.913 ¦     1531           2              0.010 
2025-05-23 10:51:09 | INFO |       42.923 ¦     1532           2              0.010 
2025-05-23 10:51:09 | INFO |       42.933 ¦     1533           2              0.010 
2025-05-23 10:51:09 | INFO |       42.943 ¦     1534           2              0.010 
2025-05-23 10:51:09 | INFO |       42.953 ¦     1535           2              0.010 
2025-05-23 10:51:09 | INFO |       42.963 ¦     1536           2              0.010 
2025-05-23 10:51:09 | INFO |       42.973 ¦     1537           2              0.010 
2025-05-23 10:51:09 | INFO |       42.983 ¦     1538           2              0.010 
2025-05-23 10:51:09 | INFO |       42.993 ¦     1539           2              0.010 
2025-05-23 10:51:09 | INFO |       43.003 ¦     1540           2              0.010 
2025-05-23 10:51:09 | INFO |       43.013 ¦     1541           2              0.010 
2025-05-23 10:51:09 | INFO |       43.023 ¦     1542           2              0.010 
2025-05-23 10:51:09 | INFO |       43.033 ¦     1543           2              0.010 
2025-05-23 10:51:09 | INFO |       43.043 ¦     1544           2              0.010 
2025-05-23 10:51:09 | INFO |       43.053 ¦     1545           2              0.010 
2025-05-23 10:51:09 | INFO |       43.063 ¦     1546           2              0.010 
2025-05-23 10:51:09 | INFO |       43.073 ¦     1547           2              0.010 
2025-05-23 10:51:09 | INFO |       43.083 ¦     1548           2              0.010 
2025-05-23 10:51:09 | INFO |       43.093 ¦     1549           2              0.010 
2025-05-23 10:51:09 | INFO |       43.103 ¦     1550           2              0.010 
2025-05-23 10:51:09 | INFO |       43.113 ¦     1551           2              0.010 
2025-05-23 10:51:09 | INFO |       43.123 ¦     1552           2              0.010 
2025-05-23 10:51:09 | INFO |       43.133 ¦     1553           2              0.010 
2025-05-23 10:51:09 | INFO |       43.143 ¦     1554           2              0.010 
2025-05-23 10:51:09 | INFO |       43.153 ¦     1555           2              0.010 
2025-05-23 10:51:09 | INFO |       43.163 ¦     1556           2              0.010 
2025-05-23 10:51:09 | INFO |       43.173 ¦     1557           2              0.010 
2025-05-23 10:51:09 | INFO |       43.183 ¦     1558           2              0.010 
2025-05-23 10:51:09 | INFO |       43.193 ¦     1559           2              0.010 
2025-05-23 10:51:09 | INFO |       43.203 ¦     1560           2              0.010 
2025-05-23 10:51:09 | INFO |       43.213 ¦     1561           2              0.010 
2025-05-23 10:51:09 | INFO |       43.223 ¦     1562           2              0.010 
2025-05-23 10:51:09 | INFO |       43.233 ¦     1563           2              0.010 
2025-05-23 10:51:09 | INFO |       43.243 ¦     1564           2              0.010 
2025-05-23 10:51:09 | INFO |       43.253 ¦     1565           2              0.010 
2025-05-23 10:51:09 | INFO |       43.263 ¦     1566           2              0.010 
2025-05-23 10:51:09 | INFO |       43.273 ¦     1567           2              0.010 
2025-05-23 10:51:09 | INFO |       43.283 ¦     1568           2              0.010 
2025-05-23 10:51:09 | INFO |       43.293 ¦     1569           2              0.010 
2025-05-23 10:51:09 | INFO |       43.303 ¦     1570           2              0.010 
2025-05-23 10:51:09 | INFO |       43.313 ¦     1571           2              0.010 
2025-05-23 10:51:09 | INFO |       43.323 ¦     1572           2              0.010 
2025-05-23 10:51:09 | INFO |       43.333 ¦     1573           2              0.010 
2025-05-23 10:51:09 | INFO |       43.343 ¦     1574           2              0.010 
2025-05-23 10:51:09 | INFO |       43.353 ¦     1575           2              0.010 
2025-05-23 10:51:09 | INFO |       43.363 ¦     1576           2              0.010 
2025-05-23 10:51:09 | INFO |       43.373 ¦     1577           2              0.010 
2025-05-23 10:51:09 | INFO |       43.383 ¦     1578           2              0.010 
2025-05-23 10:51:09 | INFO |       43.393 ¦     1579           2              0.010 
2025-05-23 10:51:09 | INFO |       43.403 ¦     1580           2              0.010 
2025-05-23 10:51:09 | INFO |       43.413 ¦     1581           2              0.010 
2025-05-23 10:51:09 | INFO |       43.423 ¦     1582           2              0.010 
2025-05-23 10:51:09 | INFO |       43.433 ¦     1583           2              0.010 
2025-05-23 10:51:09 | INFO |       43.443 ¦     1584           2              0.010 
2025-05-23 10:51:09 | INFO |       43.453 ¦     1585           2              0.010 
2025-05-23 10:51:09 | INFO |       43.463 ¦     1586           2              0.010 
2025-05-23 10:51:09 | INFO |       43.473 ¦     1587           2              0.010 
2025-05-23 10:51:09 | INFO |       43.483 ¦     1588           2              0.010 
2025-05-23 10:51:09 | INFO |       43.493 ¦     1589           2              0.010 
2025-05-23 10:51:09 | INFO |       43.503 ¦     1590           2              0.010 
2025-05-23 10:51:09 | INFO |       43.513 ¦     1591           2              0.010 
2025-05-23 10:51:09 | INFO |       43.523 ¦     1592           2              0.010 
2025-05-23 10:51:09 | INFO |       43.533 ¦     1593           2              0.010 
2025-05-23 10:51:09 | INFO |       43.543 ¦     1594           2              0.010 
2025-05-23 10:51:09 | INFO |       43.553 ¦     1595           2              0.010 
2025-05-23 10:51:09 | INFO |       43.563 ¦     1596           2              0.010 
2025-05-23 10:51:09 | INFO |       43.573 ¦     1597           2              0.010 
2025-05-23 10:51:09 | INFO |       43.583 ¦     1598           2              0.010 
2025-05-23 10:51:09 | INFO |       43.593 ¦     1599           2              0.010 
2025-05-23 10:51:09 | INFO |       43.603 ¦     1600           2              0.010 
2025-05-23 10:51:09 | INFO |       43.613 ¦     1601           2              0.010 
2025-05-23 10:51:09 | INFO |       43.623 ¦     1602           2              0.010 
2025-05-23 10:51:09 | INFO |       43.633 ¦     1603           2              0.010 
2025-05-23 10:51:09 | INFO |       43.643 ¦     1604           2              0.010 
2025-05-23 10:51:09 | INFO |       43.653 ¦     1605           2              0.010 
2025-05-23 10:51:09 | INFO |       43.663 ¦     1606           2              0.010 
2025-05-23 10:51:09 | INFO |       43.673 ¦     1607           2              0.010 
2025-05-23 10:51:09 | INFO |       43.683 ¦     1608           2              0.010 
2025-05-23 10:51:09 | INFO |       43.693 ¦     1609           2              0.010 
2025-05-23 10:51:09 | INFO |       43.703 ¦     1610           2              0.010 
2025-05-23 10:51:09 | INFO |       43.713 ¦     1611           2              0.010 
2025-05-23 10:51:09 | INFO |       43.723 ¦     1612           2              0.010 
2025-05-23 10:51:09 | INFO |       43.733 ¦     1613           2              0.010 
2025-05-23 10:51:09 | INFO |       43.743 ¦     1614           2              0.010 
2025-05-23 10:51:09 | INFO |       43.753 ¦     1615           2              0.010 
2025-05-23 10:51:09 | INFO |       43.763 ¦     1616           2              0.010 
2025-05-23 10:51:09 | INFO |       43.773 ¦     1617           2              0.010 
2025-05-23 10:51:09 | INFO |       43.783 ¦     1618           2              0.010 
2025-05-23 10:51:09 | INFO |       43.793 ¦     1619           2              0.010 
2025-05-23 10:51:09 | INFO |       43.803 ¦     1620           2              0.010 
2025-05-23 10:51:09 | INFO |       43.813 ¦     1621           2              0.010 
2025-05-23 10:51:09 | INFO |       43.823 ¦     1622           2              0.010 
2025-05-23 10:51:09 | INFO |       43.833 ¦     1623           2              0.010 
2025-05-23 10:51:09 | INFO |       43.843 ¦     1624           2              0.010 
2025-05-23 10:51:09 | INFO |       43.853 ¦     1625           2              0.010 
2025-05-23 10:51:09 | INFO |       43.863 ¦     1626           2              0.010 
2025-05-23 10:51:09 | INFO |       43.873 ¦     1627           2              0.010 
2025-05-23 10:51:09 | INFO |       43.883 ¦     1628           2              0.010 
2025-05-23 10:51:09 | INFO |       43.893 ¦     1629           2              0.010 
2025-05-23 10:51:09 | INFO |       43.903 ¦     1630           2              0.010 
2025-05-23 10:51:09 | INFO |       43.913 ¦     1631           2              0.010 
2025-05-23 10:51:09 | INFO |       43.923 ¦     1632           2              0.010 
2025-05-23 10:51:09 | INFO |       43.933 ¦     1633           2              0.010 
2025-05-23 10:51:09 | INFO |       43.943 ¦     1634           2              0.010 
2025-05-23 10:51:09 | INFO |       43.953 ¦     1635           2              0.010 
2025-05-23 10:51:09 | INFO |       43.963 ¦     1636           2              0.010 
2025-05-23 10:51:09 | INFO |       43.973 ¦     1637           2              0.010 
2025-05-23 10:51:09 | INFO |       43.983 ¦     1638           2              0.010 
2025-05-23 10:51:09 | INFO |       43.993 ¦     1639           2              0.010 
2025-05-23 10:51:09 | INFO |       44.003 ¦     1640           2              0.010 
2025-05-23 10:51:09 | INFO |       44.013 ¦     1641           2              0.010 
2025-05-23 10:51:09 | INFO |       44.023 ¦     1642           2              0.010 
2025-05-23 10:51:09 | INFO |       44.033 ¦     1643           2              0.010 
2025-05-23 10:51:09 | INFO |       44.043 ¦     1644           2              0.010 
2025-05-23 10:51:09 | INFO |       44.053 ¦     1645           2              0.010 
2025-05-23 10:51:09 | INFO |       44.063 ¦     1646           2              0.010 
2025-05-23 10:51:09 | INFO |       44.073 ¦     1647           2              0.010 
2025-05-23 10:51:09 | INFO |       44.083 ¦     1648           2              0.010 
2025-05-23 10:51:09 | INFO |       44.093 ¦     1649           2              0.010 
2025-05-23 10:51:09 | INFO |       44.103 ¦     1650           2              0.010 
2025-05-23 10:51:09 | INFO |       44.113 ¦     1651           2              0.010 
2025-05-23 10:51:09 | INFO |       44.123 ¦     1652           2              0.010 
2025-05-23 10:51:09 | INFO |       44.133 ¦     1653           2              0.010 
2025-05-23 10:51:09 | INFO |       44.143 ¦     1654           2              0.010 
2025-05-23 10:51:09 | INFO |       44.153 ¦     1655           2              0.010 
2025-05-23 10:51:09 | INFO |       44.163 ¦     1656           2              0.010 
2025-05-23 10:51:09 | INFO |       44.173 ¦     1657           2              0.010 
2025-05-23 10:51:09 | INFO |       44.183 ¦     1658           2              0.010 
2025-05-23 10:51:09 | INFO |       44.193 ¦     1659           2              0.010 
2025-05-23 10:51:09 | INFO |       44.203 ¦     1660           2              0.010 
2025-05-23 10:51:09 | INFO |       44.213 ¦     1661           2              0.010 
2025-05-23 10:51:09 | INFO |       44.223 ¦     1662           2              0.010 
2025-05-23 10:51:09 | INFO |       44.233 ¦     1663           2              0.010 
2025-05-23 10:51:09 | INFO |       44.243 ¦     1664           2              0.010 
2025-05-23 10:51:09 | INFO |       44.253 ¦     1665           2              0.010 
2025-05-23 10:51:09 | INFO |       44.263 ¦     1666           2              0.010 
2025-05-23 10:51:09 | INFO |       44.273 ¦     1667           2              0.010 
2025-05-23 10:51:09 | INFO |       44.283 ¦     1668           2              0.010 
2025-05-23 10:51:09 | INFO |       44.293 ¦     1669           2              0.010 
2025-05-23 10:51:09 | INFO |       44.303 ¦     1670           2              0.010 
2025-05-23 10:51:09 | INFO |       44.313 ¦     1671           2              0.010 
2025-05-23 10:51:09 | INFO |       44.323 ¦     1672           2              0.010 
2025-05-23 10:51:09 | INFO |       44.333 ¦     1673           2              0.010 
2025-05-23 10:51:09 | INFO |       44.343 ¦     1674           2              0.010 
2025-05-23 10:51:09 | INFO |       44.353 ¦     1675           2              0.010 
2025-05-23 10:51:09 | INFO |       44.363 ¦     1676           2              0.010 
2025-05-23 10:51:09 | INFO |       44.373 ¦     1677           2              0.010 
2025-05-23 10:51:09 | INFO |       44.383 ¦     1678           2              0.010 
2025-05-23 10:51:09 | INFO |       44.393 ¦     1679           2              0.010 
2025-05-23 10:51:09 | INFO |       44.403 ¦     1680           2              0.010 
2025-05-23 10:51:09 | INFO |       44.413 ¦     1681           2              0.010 
2025-05-23 10:51:09 | INFO |       44.423 ¦     1682           2              0.010 
2025-05-23 10:51:09 | INFO |       44.433 ¦     1683           2              0.010 
2025-05-23 10:51:09 | INFO |       44.443 ¦     1684           2              0.010 
2025-05-23 10:51:09 | INFO |       44.453 ¦     1685           2              0.010 
2025-05-23 10:51:09 | INFO |       44.463 ¦     1686           2              0.010 
2025-05-23 10:51:09 | INFO |       44.473 ¦     1687           2              0.010 
2025-05-23 10:51:09 | INFO |       44.483 ¦     1688           2              0.010 
2025-05-23 10:51:09 | INFO |       44.493 ¦     1689           2              0.010 
2025-05-23 10:51:09 | INFO |       44.503 ¦     1690           2              0.010 
2025-05-23 10:51:09 | INFO |       44.513 ¦     1691           2              0.010 
2025-05-23 10:51:09 | INFO |       44.523 ¦     1692           2              0.010 
2025-05-23 10:51:09 | INFO |       44.533 ¦     1693           2              0.010 
2025-05-23 10:51:09 | INFO |       44.543 ¦     1694           2              0.010 
2025-05-23 10:51:09 | INFO |       44.553 ¦     1695           2              0.010 
2025-05-23 10:51:09 | INFO |       44.563 ¦     1696           2              0.010 
2025-05-23 10:51:09 | INFO |       44.573 ¦     1697           2              0.010 
2025-05-23 10:51:09 | INFO |       44.583 ¦     1698           2              0.010 
2025-05-23 10:51:09 | INFO |       44.593 ¦     1699           2              0.010 
2025-05-23 10:51:09 | INFO |       44.603 ¦     1700           2              0.010 
2025-05-23 10:51:09 | INFO |       44.613 ¦     1701           2              0.010 
2025-05-23 10:51:09 | INFO |       44.623 ¦     1702           2              0.010 
2025-05-23 10:51:09 | INFO |       44.633 ¦     1703           2              0.010 
2025-05-23 10:51:09 | INFO |       44.643 ¦     1704           2              0.010 
2025-05-23 10:51:09 | INFO |       44.653 ¦     1705           2              0.010 
2025-05-23 10:51:09 | INFO |       44.663 ¦     1706           2              0.010 
2025-05-23 10:51:09 | INFO |       44.673 ¦     1707           2              0.010 
2025-05-23 10:51:09 | INFO |       44.683 ¦     1708           2              0.010 
2025-05-23 10:51:09 | INFO |       44.693 ¦     1709           2              0.010 
2025-05-23 10:51:09 | INFO |       44.703 ¦     1710           2              0.010 
2025-05-23 10:51:09 | INFO |       44.713 ¦     1711           2              0.010 
2025-05-23 10:51:09 | INFO |       44.723 ¦     1712           2              0.010 
2025-05-23 10:51:09 | INFO |       44.733 ¦     1713           2              0.010 
2025-05-23 10:51:09 | INFO |       44.743 ¦     1714           2              0.010 
2025-05-23 10:51:09 | INFO |       44.753 ¦     1715           2              0.010 
2025-05-23 10:51:09 | INFO |       44.763 ¦     1716           2              0.010 
2025-05-23 10:51:09 | INFO |       44.773 ¦     1717           2              0.010 
2025-05-23 10:51:09 | INFO |       44.783 ¦     1718           2              0.010 
2025-05-23 10:51:09 | INFO |       44.793 ¦     1719           2              0.010 
2025-05-23 10:51:09 | INFO |       44.803 ¦     1720           2              0.010 
2025-05-23 10:51:09 | INFO |       44.813 ¦     1721           2              0.010 
2025-05-23 10:51:09 | INFO |       44.823 ¦     1722           2              0.010 
2025-05-23 10:51:09 | INFO |       44.833 ¦     1723           2              0.010 
2025-05-23 10:51:09 | INFO |       44.843 ¦     1724           2              0.010 
2025-05-23 10:51:09 | INFO |       44.853 ¦     1725           2              0.010 
2025-05-23 10:51:09 | INFO |       44.863 ¦     1726           2              0.010 
2025-05-23 10:51:09 | INFO |       44.873 ¦     1727           2              0.010 
2025-05-23 10:51:09 | INFO |       44.883 ¦     1728           2              0.010 
2025-05-23 10:51:09 | INFO |       44.893 ¦     1729           2              0.010 
2025-05-23 10:51:09 | INFO |       44.903 ¦     1730           2              0.010 
2025-05-23 10:51:09 | INFO |       44.913 ¦     1731           2              0.010 
2025-05-23 10:51:09 | INFO |       44.923 ¦     1732           2              0.010 
2025-05-23 10:51:09 | INFO |       44.933 ¦     1733           2              0.010 
2025-05-23 10:51:09 | INFO |       44.943 ¦     1734           2              0.010 
2025-05-23 10:51:09 | INFO |       44.953 ¦     1735           2              0.010 
2025-05-23 10:51:09 | INFO |       44.963 ¦     1736           2              0.010 
2025-05-23 10:51:09 | INFO |       44.973 ¦     1737           2              0.010 
2025-05-23 10:51:09 | INFO |       44.983 ¦     1738           2              0.010 
2025-05-23 10:51:09 | INFO |       44.993 ¦     1739           2              0.010 
2025-05-23 10:51:09 | INFO |       45.003 ¦     1740           2              0.010 
2025-05-23 10:51:09 | INFO |       45.013 ¦     1741           2              0.010 
2025-05-23 10:51:09 | INFO |       45.023 ¦     1742           2              0.010 
2025-05-23 10:51:09 | INFO |       45.033 ¦     1743           2              0.010 
2025-05-23 10:51:09 | INFO |       45.043 ¦     1744           2              0.010 
2025-05-23 10:51:09 | INFO |       45.053 ¦     1745           2              0.010 
2025-05-23 10:51:09 | INFO |       45.063 ¦     1746           2              0.010 
2025-05-23 10:51:09 | INFO |       45.073 ¦     1747           2              0.010 
2025-05-23 10:51:09 | INFO |       45.083 ¦     1748           2              0.010 
2025-05-23 10:51:09 | INFO |       45.093 ¦     1749           2              0.010 
2025-05-23 10:51:09 | INFO |       45.103 ¦     1750           2              0.010 
2025-05-23 10:51:09 | INFO |       45.113 ¦     1751           2              0.010 
2025-05-23 10:51:09 | INFO |       45.123 ¦     1752           2              0.010 
2025-05-23 10:51:09 | INFO |       45.133 ¦     1753           2              0.010 
2025-05-23 10:51:09 | INFO |       45.143 ¦     1754           2              0.010 
2025-05-23 10:51:09 | INFO |       45.153 ¦     1755           2              0.010 
2025-05-23 10:51:09 | INFO |       45.163 ¦     1756           2              0.010 
2025-05-23 10:51:09 | INFO |       45.173 ¦     1757           2              0.010 
2025-05-23 10:51:09 | INFO |       45.183 ¦     1758           2              0.010 
2025-05-23 10:51:09 | INFO |       45.193 ¦     1759           2              0.010 
2025-05-23 10:51:09 | INFO |       45.203 ¦     1760           2              0.010 
2025-05-23 10:51:09 | INFO |       45.213 ¦     1761           2              0.010 
2025-05-23 10:51:09 | INFO |       45.223 ¦     1762           2              0.010 
2025-05-23 10:51:09 | INFO |       45.233 ¦     1763           2              0.010 
2025-05-23 10:51:09 | INFO |       45.243 ¦     1764           2              0.010 
2025-05-23 10:51:09 | INFO |       45.253 ¦     1765           2              0.010 
2025-05-23 10:51:09 | INFO |       45.263 ¦     1766           2              0.010 
2025-05-23 10:51:09 | INFO |       45.273 ¦     1767           2              0.010 
2025-05-23 10:51:09 | INFO |       45.283 ¦     1768           2              0.010 
2025-05-23 10:51:09 | INFO |       45.293 ¦     1769           2              0.010 
2025-05-23 10:51:09 | INFO |       45.303 ¦     1770           2              0.010 
2025-05-23 10:51:09 | INFO |       45.313 ¦     1771           2              0.010 
2025-05-23 10:51:09 | INFO |       45.323 ¦     1772           2              0.010 
2025-05-23 10:51:09 | INFO |       45.333 ¦     1773           2              0.010 
2025-05-23 10:51:09 | INFO |       45.343 ¦     1774           2              0.010 
2025-05-23 10:51:09 | INFO |       45.353 ¦     1775           2              0.010 
2025-05-23 10:51:09 | INFO |       45.363 ¦     1776           2              0.010 
2025-05-23 10:51:09 | INFO |       45.373 ¦     1777           2              0.010 
2025-05-23 10:51:09 | INFO |       45.383 ¦     1778           2              0.010 
2025-05-23 10:51:09 | INFO |       45.393 ¦     1779           2              0.010 
2025-05-23 10:51:09 | INFO |       45.403 ¦     1780           2              0.010 
2025-05-23 10:51:09 | INFO |       45.413 ¦     1781           2              0.010 
2025-05-23 10:51:09 | INFO |       45.423 ¦     1782           2              0.010 
2025-05-23 10:51:09 | INFO |       45.433 ¦     1783           2              0.010 
2025-05-23 10:51:09 | INFO |       45.443 ¦     1784           2              0.010 
2025-05-23 10:51:09 | INFO |       45.453 ¦     1785           2              0.010 
2025-05-23 10:51:09 | INFO |       45.463 ¦     1786           2              0.010 
2025-05-23 10:51:09 | INFO |       45.473 ¦     1787           2              0.010 
2025-05-23 10:51:09 | INFO |       45.483 ¦     1788           2              0.010 
2025-05-23 10:51:09 | INFO |       45.493 ¦     1789           2              0.010 
2025-05-23 10:51:09 | INFO |       45.503 ¦     1790           2              0.010 
2025-05-23 10:51:09 | INFO |       45.513 ¦     1791           2              0.010 
2025-05-23 10:51:09 | INFO |       45.523 ¦     1792           2              0.010 
2025-05-23 10:51:09 | INFO |       45.533 ¦     1793           2              0.010 
2025-05-23 10:51:09 | INFO |       45.543 ¦     1794           2              0.010 
2025-05-23 10:51:09 | INFO |       45.553 ¦     1795           2              0.010 
2025-05-23 10:51:09 | INFO |       45.563 ¦     1796           2              0.010 
2025-05-23 10:51:09 | INFO |       45.573 ¦     1797           2              0.010 
2025-05-23 10:51:09 | INFO |       45.583 ¦     1798           2              0.010 
2025-05-23 10:51:09 | INFO |       45.593 ¦     1799           2              0.010 
2025-05-23 10:51:09 | INFO |       45.603 ¦     1800           2              0.010 
2025-05-23 10:51:09 | INFO |       45.613 ¦     1801           2              0.010 
2025-05-23 10:51:09 | INFO |       45.623 ¦     1802           2              0.010 
2025-05-23 10:51:09 | INFO |       45.633 ¦     1803           2              0.010 
2025-05-23 10:51:09 | INFO |       45.643 ¦     1804           2              0.010 
2025-05-23 10:51:09 | INFO |       45.653 ¦     1805           2              0.010 
2025-05-23 10:51:09 | INFO |       45.663 ¦     1806           2              0.010 
2025-05-23 10:51:09 | INFO |       45.673 ¦     1807           2              0.010 
2025-05-23 10:51:09 | INFO |       45.683 ¦     1808           2              0.010 
2025-05-23 10:51:09 | INFO |       45.693 ¦     1809           2              0.010 
2025-05-23 10:51:09 | INFO |       45.703 ¦     1810           2              0.010 
2025-05-23 10:51:09 | INFO |       45.713 ¦     1811           2              0.010 
2025-05-23 10:51:09 | INFO |       45.723 ¦     1812           2              0.010 
2025-05-23 10:51:09 | INFO |       45.733 ¦     1813           2              0.010 
2025-05-23 10:51:09 | INFO |       45.743 ¦     1814           2              0.010 
2025-05-23 10:51:09 | INFO |       45.753 ¦     1815           2              0.010 
2025-05-23 10:51:09 | INFO |       45.763 ¦     1816           2              0.010 
2025-05-23 10:51:09 | INFO |       45.773 ¦     1817           2              0.010 
2025-05-23 10:51:09 | INFO |       45.783 ¦     1818           2              0.010 
2025-05-23 10:51:09 | INFO |       45.793 ¦     1819           2              0.010 
2025-05-23 10:51:09 | INFO |       45.803 ¦     1820           2              0.010 
2025-05-23 10:51:09 | INFO |       45.813 ¦     1821           2              0.010 
2025-05-23 10:51:09 | INFO |       45.823 ¦     1822           2              0.010 
2025-05-23 10:51:09 | INFO |       45.833 ¦     1823           2              0.010 
2025-05-23 10:51:09 | INFO |       45.843 ¦     1824           2              0.010 
2025-05-23 10:51:09 | INFO |       45.853 ¦     1825           2              0.010 
2025-05-23 10:51:09 | INFO |       45.863 ¦     1826           2              0.010 
2025-05-23 10:51:09 | INFO |       45.873 ¦     1827           2              0.010 
2025-05-23 10:51:09 | INFO |       45.883 ¦     1828           2              0.010 
2025-05-23 10:51:09 | INFO |       45.893 ¦     1829           2              0.010 
2025-05-23 10:51:09 | INFO |       45.903 ¦     1830           2              0.010 
2025-05-23 10:51:09 | INFO |       45.913 ¦     1831           2              0.010 
2025-05-23 10:51:09 | INFO |       45.923 ¦     1832           2              0.010 
2025-05-23 10:51:09 | INFO |       45.933 ¦     1833           2              0.010 
2025-05-23 10:51:09 | INFO |       45.943 ¦     1834           2              0.010 
2025-05-23 10:51:09 | INFO |       45.953 ¦     1835           2              0.010 
2025-05-23 10:51:09 | INFO |       45.963 ¦     1836           2              0.010 
2025-05-23 10:51:09 | INFO |       45.973 ¦     1837           2              0.010 
2025-05-23 10:51:09 | INFO |       45.983 ¦     1838           2              0.010 
2025-05-23 10:51:09 | INFO |       45.993 ¦     1839           2              0.010 
2025-05-23 10:51:09 | INFO |       46.003 ¦     1840           2              0.010 
2025-05-23 10:51:09 | INFO |       46.013 ¦     1841           2              0.010 
2025-05-23 10:51:09 | INFO |       46.023 ¦     1842           2              0.010 
2025-05-23 10:51:09 | INFO |       46.033 ¦     1843           2              0.010 
2025-05-23 10:51:09 | INFO |       46.043 ¦     1844           2              0.010 
2025-05-23 10:51:09 | INFO |       46.053 ¦     1845           2              0.010 
2025-05-23 10:51:09 | INFO |       46.063 ¦     1846           2              0.010 
2025-05-23 10:51:09 | INFO |       46.073 ¦     1847           2              0.010 
2025-05-23 10:51:09 | INFO |       46.083 ¦     1848           2              0.010 
2025-05-23 10:51:09 | INFO |       46.093 ¦     1849           2              0.010 
2025-05-23 10:51:09 | INFO |       46.103 ¦     1850           2              0.010 
2025-05-23 10:51:09 | INFO |       46.113 ¦     1851           2              0.010 
2025-05-23 10:51:09 | INFO |       46.123 ¦     1852           2              0.010 
2025-05-23 10:51:09 | INFO |       46.133 ¦     1853           2              0.010 
2025-05-23 10:51:09 | INFO |       46.143 ¦     1854           2              0.010 
2025-05-23 10:51:09 | INFO |       46.153 ¦     1855           2              0.010 
2025-05-23 10:51:09 | INFO |       46.163 ¦     1856           2              0.010 
2025-05-23 10:51:09 | INFO |       46.173 ¦     1857           2              0.010 
2025-05-23 10:51:09 | INFO |       46.183 ¦     1858           2              0.010 
2025-05-23 10:51:09 | INFO |       46.193 ¦     1859           2              0.010 
2025-05-23 10:51:09 | INFO |       46.203 ¦     1860           2              0.010 
2025-05-23 10:51:09 | INFO |       46.213 ¦     1861           2              0.010 
2025-05-23 10:51:09 | INFO |       46.223 ¦     1862           2              0.010 
2025-05-23 10:51:09 | INFO |       46.233 ¦     1863           2              0.010 
2025-05-23 10:51:09 | INFO |       46.243 ¦     1864           2              0.010 
2025-05-23 10:51:09 | INFO |       46.253 ¦     1865           2              0.010 
2025-05-23 10:51:09 | INFO |       46.263 ¦     1866           2              0.010 
2025-05-23 10:51:09 | INFO |       46.273 ¦     1867           2              0.010 
2025-05-23 10:51:09 | INFO |       46.283 ¦     1868           2              0.010 
2025-05-23 10:51:09 | INFO |       46.293 ¦     1869           2              0.010 
2025-05-23 10:51:09 | INFO |       46.303 ¦     1870           2              0.010 
2025-05-23 10:51:09 | INFO |       46.313 ¦     1871           2              0.010 
2025-05-23 10:51:09 | INFO |       46.323 ¦     1872           2              0.010 
2025-05-23 10:51:09 | INFO |       46.333 ¦     1873           2              0.010 
2025-05-23 10:51:09 | INFO |       46.343 ¦     1874           2              0.010 
2025-05-23 10:51:09 | INFO |       46.353 ¦     1875           2              0.010 
2025-05-23 10:51:09 | INFO |       46.363 ¦     1876           2              0.010 
2025-05-23 10:51:09 | INFO |       46.373 ¦     1877           2              0.010 
2025-05-23 10:51:09 | INFO |       46.383 ¦     1878           2              0.010 
2025-05-23 10:51:09 | INFO |       46.393 ¦     1879           2              0.010 
2025-05-23 10:51:09 | INFO |       46.403 ¦     1880           2              0.010 
2025-05-23 10:51:09 | INFO |       46.413 ¦     1881           2              0.010 
2025-05-23 10:51:09 | INFO |       46.423 ¦     1882           2              0.010 
2025-05-23 10:51:09 | INFO |       46.433 ¦     1883           2              0.010 
2025-05-23 10:51:09 | INFO |       46.443 ¦     1884           2              0.010 
2025-05-23 10:51:09 | INFO |       46.453 ¦     1885           2              0.010 
2025-05-23 10:51:09 | INFO |       46.463 ¦     1886           2              0.010 
2025-05-23 10:51:09 | INFO |       46.473 ¦     1887           2              0.010 
2025-05-23 10:51:09 | INFO |       46.483 ¦     1888           2              0.010 
2025-05-23 10:51:09 | INFO |       46.493 ¦     1889           2              0.010 
2025-05-23 10:51:09 | INFO |       46.503 ¦     1890           2              0.010 
2025-05-23 10:51:09 | INFO |       46.513 ¦     1891           2              0.010 
2025-05-23 10:51:09 | INFO |       46.523 ¦     1892           2              0.010 
2025-05-23 10:51:09 | INFO |       46.533 ¦     1893           2              0.010 
2025-05-23 10:51:09 | INFO |       46.543 ¦     1894           2              0.010 
2025-05-23 10:51:09 | INFO |       46.553 ¦     1895           2              0.010 
2025-05-23 10:51:09 | INFO |       46.563 ¦     1896           2              0.010 
2025-05-23 10:51:09 | INFO |       46.573 ¦     1897           2              0.010 
2025-05-23 10:51:09 | INFO |       46.583 ¦     1898           2              0.010 
2025-05-23 10:51:09 | INFO |       46.593 ¦     1899           2              0.010 
2025-05-23 10:51:09 | INFO |       46.603 ¦     1900           2              0.010 
2025-05-23 10:51:09 | INFO |       46.613 ¦     1901           2              0.010 
2025-05-23 10:51:09 | INFO |       46.623 ¦     1902           2              0.010 
2025-05-23 10:51:09 | INFO |       46.633 ¦     1903           2              0.010 
2025-05-23 10:51:09 | INFO |       46.643 ¦     1904           2              0.010 
2025-05-23 10:51:09 | INFO |       46.653 ¦     1905           2              0.010 
2025-05-23 10:51:09 | INFO |       46.663 ¦     1906           2              0.010 
2025-05-23 10:51:09 | INFO |       46.673 ¦     1907           2              0.010 
2025-05-23 10:51:09 | INFO |       46.683 ¦     1908           2              0.010 
2025-05-23 10:51:09 | INFO |       46.693 ¦     1909           2              0.010 
2025-05-23 10:51:09 | INFO |       46.703 ¦     1910           2              0.010 
2025-05-23 10:51:09 | INFO |       46.713 ¦     1911           2              0.010 
2025-05-23 10:51:09 | INFO |       46.723 ¦     1912           2              0.010 
2025-05-23 10:51:09 | INFO |       46.733 ¦     1913           2              0.010 
2025-05-23 10:51:09 | INFO |       46.743 ¦     1914           2              0.010 
2025-05-23 10:51:09 | INFO |       46.753 ¦     1915           2              0.010 
2025-05-23 10:51:09 | INFO |       46.763 ¦     1916           2              0.010 
2025-05-23 10:51:09 | INFO |       46.773 ¦     1917           2              0.010 
2025-05-23 10:51:09 | INFO |       46.783 ¦     1918           2              0.010 
2025-05-23 10:51:09 | INFO |       46.793 ¦     1919           2              0.010 
2025-05-23 10:51:09 | INFO |       46.803 ¦     1920           2              0.010 
2025-05-23 10:51:09 | INFO |       46.813 ¦     1921           2              0.010 
2025-05-23 10:51:09 | INFO |       46.823 ¦     1922           2              0.010 
2025-05-23 10:51:09 | INFO |       46.833 ¦     1923           2              0.010 
2025-05-23 10:51:09 | INFO |       46.843 ¦     1924           2              0.010 
2025-05-23 10:51:09 | INFO |       46.853 ¦     1925           2              0.010 
2025-05-23 10:51:09 | INFO |       46.863 ¦     1926           2              0.010 
2025-05-23 10:51:09 | INFO |       46.873 ¦     1927           2              0.010 
2025-05-23 10:51:09 | INFO |       46.883 ¦     1928           2              0.010 
2025-05-23 10:51:09 | INFO |       46.893 ¦     1929           2              0.010 
2025-05-23 10:51:09 | INFO |       46.903 ¦     1930           2              0.010 
2025-05-23 10:51:09 | INFO |       46.913 ¦     1931           2              0.010 
2025-05-23 10:51:09 | INFO |       46.923 ¦     1932           2              0.010 
2025-05-23 10:51:09 | INFO |       46.933 ¦     1933           2              0.010 
2025-05-23 10:51:09 | INFO |       46.943 ¦     1934           2              0.010 
2025-05-23 10:51:09 | INFO |       46.953 ¦     1935           2              0.010 
2025-05-23 10:51:09 | INFO |       46.963 ¦     1936           2              0.010 
2025-05-23 10:51:09 | INFO |       46.973 ¦     1937           2              0.010 
2025-05-23 10:51:09 | INFO |       46.983 ¦     1938           2              0.010 
2025-05-23 10:51:09 | INFO |       46.993 ¦     1939           2              0.010 
2025-05-23 10:51:09 | INFO |       47.003 ¦     1940           2              0.010 
2025-05-23 10:51:09 | INFO |       47.013 ¦     1941           2              0.010 
2025-05-23 10:51:09 | INFO |       47.023 ¦     1942           2              0.010 
2025-05-23 10:51:09 | INFO |       47.033 ¦     1943           2              0.010 
2025-05-23 10:51:09 | INFO |       47.043 ¦     1944           2              0.010 
2025-05-23 10:51:09 | INFO |       47.053 ¦     1945           2              0.010 
2025-05-23 10:51:09 | INFO |       47.063 ¦     1946           2              0.010 
2025-05-23 10:51:09 | INFO |       47.073 ¦     1947           2              0.010 
2025-05-23 10:51:09 | INFO |       47.083 ¦     1948           2              0.010 
2025-05-23 10:51:09 | INFO |       47.093 ¦     1949           2              0.010 
2025-05-23 10:51:09 | INFO |       47.103 ¦     1950           2              0.010 
2025-05-23 10:51:09 | INFO |       47.113 ¦     1951           2              0.010 
2025-05-23 10:51:09 | INFO |       47.123 ¦     1952           2              0.010 
2025-05-23 10:51:09 | INFO |       47.133 ¦     1953           2              0.010 
2025-05-23 10:51:09 | INFO |       47.143 ¦     1954           2              0.010 
2025-05-23 10:51:09 | INFO |       47.153 ¦     1955           2              0.010 
2025-05-23 10:51:09 | INFO |       47.163 ¦     1956           2              0.010 
2025-05-23 10:51:09 | INFO |       47.173 ¦     1957           2              0.010 
2025-05-23 10:51:09 | INFO |       47.183 ¦     1958           2              0.010 
2025-05-23 10:51:09 | INFO |       47.193 ¦     1959           2              0.010 
2025-05-23 10:51:09 | INFO |       47.203 ¦     1960           2              0.010 
2025-05-23 10:51:09 | INFO |       47.213 ¦     1961           2              0.010 
2025-05-23 10:51:09 | INFO |       47.223 ¦     1962           2              0.010 
2025-05-23 10:51:09 | INFO |       47.233 ¦     1963           2              0.010 
2025-05-23 10:51:09 | INFO |       47.243 ¦     1964           2              0.010 
2025-05-23 10:51:09 | INFO |       47.253 ¦     1965           2              0.010 
2025-05-23 10:51:09 | INFO |       47.263 ¦     1966           2              0.010 
2025-05-23 10:51:09 | INFO |       47.273 ¦     1967           2              0.010 
2025-05-23 10:51:09 | INFO |       47.283 ¦     1968           2              0.010 
2025-05-23 10:51:09 | INFO |       47.293 ¦     1969           2              0.010 
2025-05-23 10:51:09 | INFO |       47.303 ¦     1970           2              0.010 
2025-05-23 10:51:09 | INFO |       47.313 ¦     1971           2              0.010 
2025-05-23 10:51:09 | INFO |       47.323 ¦     1972           2              0.010 
2025-05-23 10:51:09 | INFO |       47.333 ¦     1973           2              0.010 
2025-05-23 10:51:09 | INFO |       47.343 ¦     1974           2              0.010 
2025-05-23 10:51:09 | INFO |       47.353 ¦     1975           2              0.010 
2025-05-23 10:51:09 | INFO |       47.363 ¦     1976           2              0.010 
2025-05-23 10:51:09 | INFO |       47.373 ¦     1977           2              0.010 
2025-05-23 10:51:09 | INFO |       47.383 ¦     1978           2              0.010 
2025-05-23 10:51:09 | INFO |       47.393 ¦     1979           2              0.010 
2025-05-23 10:51:09 | INFO |       47.403 ¦     1980           2              0.010 
2025-05-23 10:51:09 | INFO |       47.413 ¦     1981           2              0.010 
2025-05-23 10:51:09 | INFO |       47.423 ¦     1982           2              0.010 
2025-05-23 10:51:09 | INFO |       47.433 ¦     1983           2              0.010 
2025-05-23 10:51:09 | INFO |       47.443 ¦     1984           2              0.010 
2025-05-23 10:51:09 | INFO |       47.453 ¦     1985           2              0.010 
2025-05-23 10:51:09 | INFO |       47.463 ¦     1986           2              0.010 
2025-05-23 10:51:09 | INFO |       47.473 ¦     1987           2              0.010 
2025-05-23 10:51:09 | INFO |       47.483 ¦     1988           2              0.010 
2025-05-23 10:51:09 | INFO |       47.493 ¦     1989           2              0.010 
2025-05-23 10:51:09 | INFO |       47.503 ¦     1990           2              0.010 
2025-05-23 10:51:09 | INFO |       47.513 ¦     1991           2              0.010 
2025-05-23 10:51:09 | INFO |       47.523 ¦     1992           2              0.010 
2025-05-23 10:51:09 | INFO |       47.533 ¦     1993           2              0.010 
2025-05-23 10:51:09 | INFO |       47.543 ¦     1994           2              0.010 
2025-05-23 10:51:09 | INFO |       47.553 ¦     1995           2              0.010 
2025-05-23 10:51:09 | INFO |       47.563 ¦     1996           2              0.010 
2025-05-23 10:51:09 | INFO |       47.573 ¦     1997           2              0.010 
2025-05-23 10:51:09 | INFO |       47.583 ¦     1998           2              0.010 
2025-05-23 10:51:09 | INFO |       47.593 ¦     1999           2              0.010 
2025-05-23 10:51:09 | INFO |       47.603 ¦     2000           2              0.010 
2025-05-23 10:51:09 | INFO |       47.613 ¦     2001           2              0.010 
2025-05-23 10:51:09 | INFO |       47.623 ¦     2002           2              0.010 
2025-05-23 10:51:09 | INFO |       47.633 ¦     2003           2              0.010 
2025-05-23 10:51:09 | INFO |       47.643 ¦     2004           2              0.010 
2025-05-23 10:51:09 | INFO |       47.653 ¦     2005           2              0.010 
2025-05-23 10:51:09 | INFO |       47.663 ¦     2006           2              0.010 
2025-05-23 10:51:09 | INFO |       47.673 ¦     2007           2              0.010 
2025-05-23 10:51:09 | INFO |       47.683 ¦     2008           2              0.010 
2025-05-23 10:51:09 | INFO |       47.693 ¦     2009           2              0.010 
2025-05-23 10:51:09 | INFO |       47.703 ¦     2010           2              0.010 
2025-05-23 10:51:09 | INFO |       47.713 ¦     2011           2              0.010 
2025-05-23 10:51:09 | INFO |       47.723 ¦     2012           2              0.010 
2025-05-23 10:51:09 | INFO |       47.733 ¦     2013           2              0.010 
2025-05-23 10:51:09 | INFO |       47.743 ¦     2014           2              0.010 
2025-05-23 10:51:09 | INFO |       47.753 ¦     2015           2              0.010 
2025-05-23 10:51:09 | INFO |       47.763 ¦     2016           2              0.010 
2025-05-23 10:51:09 | INFO |       47.773 ¦     2017           2              0.010 
2025-05-23 10:51:09 | INFO |       47.783 ¦     2018           2              0.010 
2025-05-23 10:51:09 | INFO |       47.793 ¦     2019           2              0.010 
2025-05-23 10:51:09 | INFO |       47.803 ¦     2020           2              0.010 
2025-05-23 10:51:09 | INFO |       47.813 ¦     2021           2              0.010 
2025-05-23 10:51:09 | INFO |       47.823 ¦     2022           2              0.010 
2025-05-23 10:51:09 | INFO |       47.833 ¦     2023           2              0.010 
2025-05-23 10:51:09 | INFO |       47.843 ¦     2024           2              0.010 
2025-05-23 10:51:09 | INFO |       47.853 ¦     2025           2              0.010 
2025-05-23 10:51:09 | INFO |       47.863 ¦     2026           2              0.010 
2025-05-23 10:51:09 | INFO |       47.873 ¦     2027           2              0.010 
2025-05-23 10:51:09 | INFO |       47.883 ¦     2028           2              0.010 
2025-05-23 10:51:09 | INFO |       47.893 ¦     2029           2              0.010 
2025-05-23 10:51:09 | INFO |       47.903 ¦     2030           2              0.010 
2025-05-23 10:51:09 | INFO |       47.913 ¦     2031           2              0.010 
2025-05-23 10:51:09 | INFO |       47.923 ¦     2032           2              0.010 
2025-05-23 10:51:09 | INFO |       47.933 ¦     2033           2              0.010 
2025-05-23 10:51:09 | INFO |       47.943 ¦     2034           2              0.010 
2025-05-23 10:51:09 | INFO |       47.953 ¦     2035           2              0.010 
2025-05-23 10:51:09 | INFO |       47.963 ¦     2036           2              0.010 
2025-05-23 10:51:09 | INFO |       47.973 ¦     2037           2              0.010 
2025-05-23 10:51:09 | INFO |       47.983 ¦     2038           2              0.010 
2025-05-23 10:51:09 | INFO |       47.993 ¦     2039           2              0.010 
2025-05-23 10:51:09 | INFO |       48.003 ¦     2040           2              0.010 
2025-05-23 10:51:09 | INFO |       48.013 ¦     2041           2              0.010 
2025-05-23 10:51:09 | INFO |       48.023 ¦     2042           2              0.010 
2025-05-23 10:51:09 | INFO |       48.033 ¦     2043           2              0.010 
2025-05-23 10:51:09 | INFO |       48.043 ¦     2044           2              0.010 
2025-05-23 10:51:09 | INFO |       48.053 ¦     2045           2              0.010 
2025-05-23 10:51:09 | INFO |       48.063 ¦     2046           2              0.010 
2025-05-23 10:51:09 | INFO |       48.073 ¦     2047           2              0.010 
2025-05-23 10:51:09 | INFO |       48.083 ¦     2048           2              0.010 
2025-05-23 10:51:09 | INFO |       48.093 ¦     2049           2              0.010 
2025-05-23 10:51:09 | INFO |       48.103 ¦     2050           2              0.010 
2025-05-23 10:51:09 | INFO |       48.113 ¦     2051           2              0.010 
2025-05-23 10:51:09 | INFO |       48.123 ¦     2052           2              0.010 
2025-05-23 10:51:09 | INFO |       48.133 ¦     2053           2              0.010 
2025-05-23 10:51:09 | INFO |       48.143 ¦     2054           2              0.010 
2025-05-23 10:51:09 | INFO |       48.153 ¦     2055           2              0.010 
2025-05-23 10:51:09 | INFO |       48.163 ¦     2056           2              0.010 
2025-05-23 10:51:09 | INFO |       48.173 ¦     2057           2              0.010 
2025-05-23 10:51:09 | INFO |       48.183 ¦     2058           2              0.010 
2025-05-23 10:51:09 | INFO |       48.193 ¦     2059           2              0.010 
2025-05-23 10:51:09 | INFO |       48.203 ¦     2060           2              0.010 
2025-05-23 10:51:09 | INFO |       48.213 ¦     2061           2              0.010 
2025-05-23 10:51:09 | INFO |       48.223 ¦     2062           2              0.010 
2025-05-23 10:51:09 | INFO |       48.233 ¦     2063           2              0.010 
2025-05-23 10:51:09 | INFO |       48.243 ¦     2064           2              0.010 
2025-05-23 10:51:09 | INFO |       48.253 ¦     2065           2              0.010 
2025-05-23 10:51:09 | INFO |       48.263 ¦     2066           2              0.010 
2025-05-23 10:51:09 | INFO |       48.273 ¦     2067           2              0.010 
2025-05-23 10:51:09 | INFO |       48.283 ¦     2068           2              0.010 
2025-05-23 10:51:09 | INFO |       48.293 ¦     2069           2              0.010 
2025-05-23 10:51:09 | INFO |       48.303 ¦     2070           2              0.010 
2025-05-23 10:51:09 | INFO |       48.313 ¦     2071           2              0.010 
2025-05-23 10:51:09 | INFO |       48.323 ¦     2072           2              0.010 
2025-05-23 10:51:09 | INFO |       48.333 ¦     2073           2              0.010 
2025-05-23 10:51:09 | INFO |       48.343 ¦     2074           2              0.010 
2025-05-23 10:51:09 | INFO |       48.353 ¦     2075           2              0.010 
2025-05-23 10:51:09 | INFO |       48.363 ¦     2076           2              0.010 
2025-05-23 10:51:09 | INFO |       48.373 ¦     2077           2              0.010 
2025-05-23 10:51:09 | INFO |       48.383 ¦     2078           2              0.010 
2025-05-23 10:51:09 | INFO |       48.393 ¦     2079           2              0.010 
2025-05-23 10:51:09 | INFO |       48.403 ¦     2080           2              0.010 
2025-05-23 10:51:09 | INFO |       48.413 ¦     2081           2              0.010 
2025-05-23 10:51:09 | INFO |       48.423 ¦     2082           2              0.010 
2025-05-23 10:51:09 | INFO |       48.433 ¦     2083           2              0.010 
2025-05-23 10:51:09 | INFO |       48.443 ¦     2084           2              0.010 
2025-05-23 10:51:09 | INFO |       48.453 ¦     2085           2              0.010 
2025-05-23 10:51:09 | INFO |       48.463 ¦     2086           2              0.010 
2025-05-23 10:51:09 | INFO |       48.473 ¦     2087           2              0.010 
2025-05-23 10:51:09 | INFO |       48.483 ¦     2088           2              0.010 
2025-05-23 10:51:09 | INFO |       48.493 ¦     2089           2              0.010 
2025-05-23 10:51:09 | INFO |       48.503 ¦     2090           2              0.010 
2025-05-23 10:51:09 | INFO |       48.513 ¦     2091           2              0.010 
2025-05-23 10:51:09 | INFO |       48.523 ¦     2092           2              0.010 
2025-05-23 10:51:09 | INFO |       48.533 ¦     2093           2              0.010 
2025-05-23 10:51:09 | INFO |       48.543 ¦     2094           2              0.010 
2025-05-23 10:51:09 | INFO |       48.553 ¦     2095           2              0.010 
2025-05-23 10:51:09 | INFO |       48.563 ¦     2096           2              0.010 
2025-05-23 10:51:09 | INFO |       48.573 ¦     2097           2              0.010 
2025-05-23 10:51:09 | INFO |       48.583 ¦     2098           2              0.010 
2025-05-23 10:51:09 | INFO |       48.593 ¦     2099           2              0.010 
2025-05-23 10:51:09 | INFO |       48.603 ¦     2100           2              0.010 
2025-05-23 10:51:09 | INFO |       48.613 ¦     2101           2              0.010 
2025-05-23 10:51:09 | INFO |       48.623 ¦     2102           2              0.010 
2025-05-23 10:51:09 | INFO |       48.633 ¦     2103           2              0.010 
2025-05-23 10:51:09 | INFO |       48.643 ¦     2104           2              0.010 
2025-05-23 10:51:09 | INFO |       48.653 ¦     2105           2              0.010 
2025-05-23 10:51:09 | INFO |       48.663 ¦     2106           2              0.010 
2025-05-23 10:51:09 | INFO |       48.673 ¦     2107           2              0.010 
2025-05-23 10:51:09 | INFO |       48.683 ¦     2108           2              0.010 
2025-05-23 10:51:09 | INFO |       48.693 ¦     2109           2              0.010 
2025-05-23 10:51:09 | INFO |       48.703 ¦     2110           2              0.010 
2025-05-23 10:51:09 | INFO |       48.713 ¦     2111           2              0.010 
2025-05-23 10:51:09 | INFO |       48.723 ¦     2112           2              0.010 
2025-05-23 10:51:09 | INFO |       48.733 ¦     2113           2              0.010 
2025-05-23 10:51:09 | INFO |       48.743 ¦     2114           2              0.010 
2025-05-23 10:51:09 | INFO |       48.753 ¦     2115           2              0.010 
2025-05-23 10:51:09 | INFO |       48.763 ¦     2116           2              0.010 
2025-05-23 10:51:09 | INFO |       48.773 ¦     2117           2              0.010 
2025-05-23 10:51:09 | INFO |       48.783 ¦     2118           2              0.010 
2025-05-23 10:51:09 | INFO |       48.793 ¦     2119           2              0.010 
2025-05-23 10:51:09 | INFO |       48.803 ¦     2120           2              0.010 
2025-05-23 10:51:09 | INFO |       48.813 ¦     2121           2              0.010 
2025-05-23 10:51:09 | INFO |       48.823 ¦     2122           2              0.010 
2025-05-23 10:51:09 | INFO |       48.833 ¦     2123           2              0.010 
2025-05-23 10:51:09 | INFO |       48.843 ¦     2124           2              0.010 
2025-05-23 10:51:09 | INFO |       48.853 ¦     2125           2              0.010 
2025-05-23 10:51:09 | INFO |       48.863 ¦     2126           2              0.010 
2025-05-23 10:51:09 | INFO |       48.873 ¦     2127           2              0.010 
2025-05-23 10:51:09 | INFO |       48.883 ¦     2128           2              0.010 
2025-05-23 10:51:09 | INFO |       48.893 ¦     2129           2              0.010 
2025-05-23 10:51:09 | INFO |       48.903 ¦     2130           2              0.010 
2025-05-23 10:51:09 | INFO |       48.913 ¦     2131           2              0.010 
2025-05-23 10:51:09 | INFO |       48.923 ¦     2132           2              0.010 
2025-05-23 10:51:09 | INFO |       48.933 ¦     2133           2              0.010 
2025-05-23 10:51:09 | INFO |       48.943 ¦     2134           2              0.010 
2025-05-23 10:51:09 | INFO |       48.953 ¦     2135           2              0.010 
2025-05-23 10:51:09 | INFO |       48.963 ¦     2136           2              0.010 
2025-05-23 10:51:09 | INFO |       48.973 ¦     2137           2              0.010 
2025-05-23 10:51:09 | INFO |       48.983 ¦     2138           2              0.010 
2025-05-23 10:51:09 | INFO |       48.993 ¦     2139           2              0.010 
2025-05-23 10:51:09 | INFO |       49.003 ¦     2140           2              0.010 
2025-05-23 10:51:09 | INFO |       49.013 ¦     2141           2              0.010 
2025-05-23 10:51:09 | INFO |       49.023 ¦     2142           2              0.010 
2025-05-23 10:51:09 | INFO |       49.033 ¦     2143           2              0.010 
2025-05-23 10:51:09 | INFO |       49.043 ¦     2144           2              0.010 
2025-05-23 10:51:09 | INFO |       49.053 ¦     2145           2              0.010 
2025-05-23 10:51:09 | INFO |       49.063 ¦     2146           2              0.010 
2025-05-23 10:51:09 | INFO |       49.073 ¦     2147           2              0.010 
2025-05-23 10:51:09 | INFO |       49.083 ¦     2148           2              0.010 
2025-05-23 10:51:09 | INFO |       49.093 ¦     2149           2              0.010 
2025-05-23 10:51:09 | INFO |       49.103 ¦     2150           2              0.010 
2025-05-23 10:51:09 | INFO |       49.113 ¦     2151           2              0.010 
2025-05-23 10:51:09 | INFO |       49.123 ¦     2152           2              0.010 
2025-05-23 10:51:09 | INFO |       49.133 ¦     2153           2              0.010 
2025-05-23 10:51:09 | INFO |       49.143 ¦     2154           2              0.010 
2025-05-23 10:51:09 | INFO |       49.153 ¦     2155           2              0.010 
2025-05-23 10:51:09 | INFO |       49.163 ¦     2156           2              0.010 
2025-05-23 10:51:09 | INFO |       49.173 ¦     2157           2              0.010 
2025-05-23 10:51:09 | INFO |       49.183 ¦     2158           2              0.010 
2025-05-23 10:51:09 | INFO |       49.193 ¦     2159           2              0.010 
2025-05-23 10:51:09 | INFO |       49.203 ¦     2160           2              0.010 
2025-05-23 10:51:09 | INFO |       49.213 ¦     2161           2              0.010 
2025-05-23 10:51:09 | INFO |       49.223 ¦     2162           2              0.010 
2025-05-23 10:51:09 | INFO |       49.233 ¦     2163           2              0.010 
2025-05-23 10:51:09 | INFO |       49.243 ¦     2164           2              0.010 
2025-05-23 10:51:09 | INFO |       49.253 ¦     2165           2              0.010 
2025-05-23 10:51:09 | INFO |       49.263 ¦     2166           2              0.010 
2025-05-23 10:51:09 | INFO |       49.273 ¦     2167           2              0.010 
2025-05-23 10:51:09 | INFO |       49.283 ¦     2168           2              0.010 
2025-05-23 10:51:09 | INFO |       49.293 ¦     2169           2              0.010 
2025-05-23 10:51:09 | INFO |       49.303 ¦     2170           2              0.010 
2025-05-23 10:51:09 | INFO |       49.313 ¦     2171           2              0.010 
2025-05-23 10:51:09 | INFO |       49.323 ¦     2172           2              0.010 
2025-05-23 10:51:09 | INFO |       49.333 ¦     2173           2              0.010 
2025-05-23 10:51:09 | INFO |       49.343 ¦     2174           2              0.010 
2025-05-23 10:51:09 | INFO |       49.353 ¦     2175           2              0.010 
2025-05-23 10:51:09 | INFO |       49.363 ¦     2176           2              0.010 
2025-05-23 10:51:09 | INFO |       49.373 ¦     2177           2              0.010 
2025-05-23 10:51:09 | INFO |       49.383 ¦     2178           2              0.010 
2025-05-23 10:51:09 | INFO |       49.393 ¦     2179           2              0.010 
2025-05-23 10:51:09 | INFO |       49.403 ¦     2180           2              0.010 
2025-05-23 10:51:09 | INFO |       49.413 ¦     2181           2              0.010 
2025-05-23 10:51:09 | INFO |       49.423 ¦     2182           2              0.010 
2025-05-23 10:51:09 | INFO |       49.433 ¦     2183           2              0.010 
2025-05-23 10:51:09 | INFO |       49.443 ¦     2184           2              0.010 
2025-05-23 10:51:09 | INFO |       49.453 ¦     2185           2              0.010 
2025-05-23 10:51:09 | INFO |       49.463 ¦     2186           2              0.010 
2025-05-23 10:51:09 | INFO |       49.473 ¦     2187           2              0.010 
2025-05-23 10:51:09 | INFO |       49.483 ¦     2188           2              0.010 
2025-05-23 10:51:09 | INFO |       49.493 ¦     2189           2              0.010 
2025-05-23 10:51:09 | INFO |       49.503 ¦     2190           2              0.010 
2025-05-23 10:51:09 | INFO |       49.513 ¦     2191           2              0.010 
2025-05-23 10:51:09 | INFO |       49.523 ¦     2192           2              0.010 
2025-05-23 10:51:09 | INFO |       49.533 ¦     2193           2              0.010 
2025-05-23 10:51:09 | INFO |       49.543 ¦     2194           2              0.010 
2025-05-23 10:51:09 | INFO |       49.553 ¦     2195           2              0.010 
2025-05-23 10:51:09 | INFO |       49.563 ¦     2196           2              0.010 
2025-05-23 10:51:09 | INFO |       49.573 ¦     2197           2              0.010 
2025-05-23 10:51:09 | INFO |       49.583 ¦     2198           2              0.010 
2025-05-23 10:51:09 | INFO |       49.593 ¦     2199           2              0.010 
2025-05-23 10:51:09 | INFO |       49.603 ¦     2200           2              0.010 
2025-05-23 10:51:09 | INFO |       49.613 ¦     2201           2              0.010 
2025-05-23 10:51:09 | INFO |       49.623 ¦     2202           2              0.010 
2025-05-23 10:51:09 | INFO |       49.633 ¦     2203           2              0.010 
2025-05-23 10:51:09 | INFO |       49.643 ¦     2204           2              0.010 
2025-05-23 10:51:09 | INFO |       49.653 ¦     2205           2              0.010 
2025-05-23 10:51:09 | INFO |       49.663 ¦     2206           2              0.010 
2025-05-23 10:51:09 | INFO |       49.673 ¦     2207           2              0.010 
2025-05-23 10:51:09 | INFO |       49.683 ¦     2208           2              0.010 
2025-05-23 10:51:09 | INFO |       49.693 ¦     2209           2              0.010 
2025-05-23 10:51:09 | INFO |       49.703 ¦     2210           2              0.010 
2025-05-23 10:51:09 | INFO |       49.713 ¦     2211           2              0.010 
2025-05-23 10:51:09 | INFO |       49.723 ¦     2212           2              0.010 
2025-05-23 10:51:09 | INFO |       49.733 ¦     2213           2              0.010 
2025-05-23 10:51:09 | INFO |       49.743 ¦     2214           2              0.010 
2025-05-23 10:51:09 | INFO |       49.753 ¦     2215           2              0.010 
2025-05-23 10:51:09 | INFO |       49.763 ¦     2216           2              0.010 
2025-05-23 10:51:09 | INFO |       49.773 ¦     2217           2              0.010 
2025-05-23 10:51:09 | INFO |       49.783 ¦     2218           2              0.010 
2025-05-23 10:51:09 | INFO |       49.793 ¦     2219           2              0.010 
2025-05-23 10:51:09 | INFO |       49.803 ¦     2220           2              0.010 
2025-05-23 10:51:09 | INFO |       49.813 ¦     2221           2              0.010 
2025-05-23 10:51:09 | INFO |       49.823 ¦     2222           2              0.010 
2025-05-23 10:51:09 | INFO |       49.833 ¦     2223           2              0.010 
2025-05-23 10:51:09 | INFO |       49.843 ¦     2224           2              0.010 
2025-05-23 10:51:09 | INFO |       49.853 ¦     2225           2              0.010 
2025-05-23 10:51:09 | INFO |       49.863 ¦     2226           2              0.010 
2025-05-23 10:51:09 | INFO |       49.873 ¦     2227           2              0.010 
2025-05-23 10:51:09 | INFO |       49.883 ¦     2228           2              0.010 
2025-05-23 10:51:09 | INFO |       49.893 ¦     2229           2              0.010 
2025-05-23 10:51:09 | INFO |       49.903 ¦     2230           2              0.010 
2025-05-23 10:51:09 | INFO |       49.913 ¦     2231           2              0.010 
2025-05-23 10:51:09 | INFO |       49.923 ¦     2232           2              0.010 
2025-05-23 10:51:09 | INFO |       49.933 ¦     2233           2              0.010 
2025-05-23 10:51:09 | INFO |       49.943 ¦     2234           2              0.010 
2025-05-23 10:51:09 | INFO |       49.953 ¦     2235           2              0.010 
2025-05-23 10:51:09 | INFO |       49.963 ¦     2236           2              0.010 
2025-05-23 10:51:09 | INFO |       49.973 ¦     2237           2              0.010 
2025-05-23 10:51:09 | INFO |       49.983 ¦     2238           2              0.010 
2025-05-23 10:51:09 | INFO |       49.993 ¦     2239           2              0.010 
2025-05-23 10:51:09 | INFO | Algebraic mode change at t = 50
2025-05-23 10:51:09 | INFO |       50.000 ¦     2240           2              0.010 
2025-05-23 10:51:09 | INFO | calculation of the new starting point of the simulation.
2025-05-23 10:51:09 | INFO |       50.000 ¦        0           0              0.000 
2025-05-23 10:51:09 | INFO |       50.000 ¦        1           1              0.000 
2025-05-23 10:51:09 | INFO |       50.000 ¦        2           1              0.000 
2025-05-23 10:51:09 | INFO |       50.000 ¦        3           2              0.000 
2025-05-23 10:51:09 | INFO |       50.000 ¦        4           2              0.000 
2025-05-23 10:51:09 | INFO |       50.000 ¦        5           2              0.000 
2025-05-23 10:51:09 | INFO |       50.000 ¦        6           2              0.000 
2025-05-23 10:51:09 | INFO |       50.000 ¦        7           2              0.000 
2025-05-23 10:51:09 | INFO |       50.000 ¦        8           2              0.000 
2025-05-23 10:51:09 | INFO |       50.000 ¦        9           2              0.000 
2025-05-23 10:51:09 | INFO |       50.001 ¦       10           2              0.000 
2025-05-23 10:51:09 | INFO |       50.001 ¦       11           2              0.000 
2025-05-23 10:51:09 | INFO |       50.001 ¦       12           2              0.000 
2025-05-23 10:51:09 | INFO |       50.001 ¦       13           2              0.000 
2025-05-23 10:51:09 | INFO | Algebraic mode (with J recalculation) change at t = 50.0013
2025-05-23 10:51:09 | INFO |       50.001 ¦       14           2              0.001 
2025-05-23 10:51:09 | INFO | calculation of the new starting point of the simulation.
2025-05-23 10:51:09 | INFO |       50.001 ¦        0           0              0.000 
2025-05-23 10:51:09 | INFO |       50.001 ¦        1           1              0.000 
2025-05-23 10:51:09 | INFO |       50.001 ¦        2           1              0.000 
2025-05-23 10:51:09 | INFO |       50.001 ¦        3           2              0.000 
2025-05-23 10:51:09 | INFO |       50.001 ¦        4           2              0.000 
2025-05-23 10:51:09 | INFO |       50.001 ¦        5           2              0.000 
2025-05-23 10:51:09 | INFO |       50.001 ¦        6           2              0.000 
2025-05-23 10:51:09 | INFO |       50.001 ¦        7           2              0.000 
2025-05-23 10:51:09 | INFO |       50.001 ¦        8           2              0.000 
2025-05-23 10:51:09 | INFO |       50.002 ¦        9           2              0.000 
2025-05-23 10:51:09 | INFO |       50.002 ¦       10           2              0.000 
2025-05-23 10:51:09 | INFO |       50.002 ¦       11           2              0.001 
2025-05-23 10:51:09 | INFO |       50.003 ¦       12           2              0.001 
2025-05-23 10:51:09 | INFO |       50.003 ¦       13           2              0.001 
2025-05-23 10:51:09 | INFO |       50.004 ¦       14           2              0.001 
2025-05-23 10:51:09 | INFO |       50.005 ¦       15           2              0.001 
2025-05-23 10:51:09 | INFO |       50.006 ¦       16           2              0.001 
2025-05-23 10:51:09 | INFO |       50.008 ¦       17           2              0.002 
2025-05-23 10:51:09 | INFO |       50.010 ¦       18           2              0.002 
2025-05-23 10:51:09 | INFO | Algebraic mode change at t = 50.0104
2025-05-23 10:51:09 | INFO |       50.010 ¦       19           2              0.002 
2025-05-23 10:51:09 | INFO | calculation of the new starting point of the simulation.
2025-05-23 10:51:09 | INFO |       50.010 ¦        0           0              0.000 
2025-05-23 10:51:09 | INFO |       50.010 ¦        1           1              0.000 
2025-05-23 10:51:09 | INFO |       50.010 ¦        2           1              0.000 
2025-05-23 10:51:09 | INFO |       50.010 ¦        3           2              0.000 
2025-05-23 10:51:09 | INFO |       50.010 ¦        4           2              0.000 
2025-05-23 10:51:09 | INFO |       50.010 ¦        5           2              0.000 
2025-05-23 10:51:09 | INFO |       50.010 ¦        6           2              0.000 
2025-05-23 10:51:09 | INFO |       50.010 ¦        7           2              0.000 
2025-05-23 10:51:09 | INFO |       50.011 ¦        8           2              0.000 
2025-05-23 10:51:09 | INFO |       50.011 ¦        9           2              0.000 
2025-05-23 10:51:09 | INFO |       50.011 ¦       10           2              0.000 
2025-05-23 10:51:09 | INFO |       50.011 ¦       11           2              0.001 
2025-05-23 10:51:09 | INFO |       50.012 ¦       12           2              0.001 
2025-05-23 10:51:09 | INFO |       50.014 ¦       13           2              0.002 
2025-05-23 10:51:09 | INFO |       50.017 ¦       14           2              0.002 
2025-05-23 10:51:09 | INFO |       50.021 ¦       15           2              0.004 
2025-05-23 10:51:09 | INFO |       50.025 ¦       16           2              0.004 
2025-05-23 10:51:09 | INFO |       50.029 ¦       17           2              0.004 
2025-05-23 10:51:09 | INFO |       50.033 ¦       18           2              0.004 
2025-05-23 10:51:09 | INFO |       50.037 ¦       19           2              0.004 
2025-05-23 10:51:09 | INFO |       50.041 ¦       20           2              0.004 
2025-05-23 10:51:09 | INFO |       50.049 ¦       21           2              0.008 
2025-05-23 10:51:09 | INFO |       50.057 ¦       22           2              0.008 
2025-05-23 10:51:09 | INFO | Algebraic mode change at t = 50.0623
2025-05-23 10:51:09 | INFO |       50.062 ¦       23           2              0.008 
2025-05-23 10:51:09 | INFO | calculation of the new starting point of the simulation.
2025-05-23 10:51:09 | INFO |       50.062 ¦        0           0              0.000 
2025-05-23 10:51:09 | INFO |       50.062 ¦        1           1              0.000 
2025-05-23 10:51:09 | INFO |       50.062 ¦        2           1              0.000 
2025-05-23 10:51:09 | INFO |       50.062 ¦        3           2              0.000 
2025-05-23 10:51:09 | INFO |       50.062 ¦        4           2              0.000 
2025-05-23 10:51:09 | INFO |       50.062 ¦        5           2              0.000 
2025-05-23 10:51:09 | INFO |       50.062 ¦        6           2              0.000 
2025-05-23 10:51:09 | INFO |       50.062 ¦        7           2              0.000 
2025-05-23 10:51:09 | INFO |       50.062 ¦        8           2              0.000 
2025-05-23 10:51:09 | INFO |       50.063 ¦        9           2              0.000 
2025-05-23 10:51:09 | INFO |       50.063 ¦       10           2              0.000 
2025-05-23 10:51:09 | INFO |       50.063 ¦       11           2              0.001 
2025-05-23 10:51:09 | INFO |       50.064 ¦       12           2              0.001 
2025-05-23 10:51:09 | INFO |       50.066 ¦       13           2              0.002 
2025-05-23 10:51:09 | INFO |       50.071 ¦       14           2              0.004 
2025-05-23 10:51:09 | INFO |       50.079 ¦       15           2              0.008 
2025-05-23 10:51:09 | INFO |       50.089 ¦       16           2              0.010 
2025-05-23 10:51:09 | INFO | Algebraic mode change at t = 50.092
2025-05-23 10:51:09 | INFO |       50.092 ¦       17           2              0.010 
2025-05-23 10:51:09 | INFO | calculation of the new starting point of the simulation.
2025-05-23 10:51:09 | INFO |       50.092 ¦        0           0              0.000 
2025-05-23 10:51:09 | INFO | Algebraic mode change at t = 50.092
2025-05-23 10:51:09 | INFO |       50.092 ¦        1           1              0.000 
2025-05-23 10:51:09 | INFO | calculation of the new starting point of the simulation.
2025-05-23 10:51:09 | INFO |       50.092 ¦        0           0              0.000 
2025-05-23 10:51:09 | INFO |       50.092 ¦        1           1              0.000 
2025-05-23 10:51:09 | INFO |       50.092 ¦        2           1              0.000 
2025-05-23 10:51:09 | INFO |       50.092 ¦        3           2              0.000 
2025-05-23 10:51:09 | INFO |       50.092 ¦        4           2              0.000 
2025-05-23 10:51:09 | INFO |       50.092 ¦        5           2              0.000 
2025-05-23 10:51:09 | INFO |       50.092 ¦        6           2              0.000 
2025-05-23 10:51:09 | INFO |       50.092 ¦        7           2              0.000 
2025-05-23 10:51:09 | INFO |       50.092 ¦        8           2              0.000 
2025-05-23 10:51:09 | INFO |       50.092 ¦        9           2              0.000 
2025-05-23 10:51:09 | INFO |       50.093 ¦       10           2              0.000 
2025-05-23 10:51:09 | INFO |       50.093 ¦       11           2              0.001 
2025-05-23 10:51:09 | INFO |       50.094 ¦       12           2              0.001 
2025-05-23 10:51:09 | INFO |       50.096 ¦       13           2              0.002 
2025-05-23 10:51:09 | INFO |       50.100 ¦       14           2              0.004 
2025-05-23 10:51:09 | INFO |       50.108 ¦       15           2              0.008 
2025-05-23 10:51:09 | INFO |       50.118 ¦       16           2              0.010 
2025-05-23 10:51:09 | INFO |       50.128 ¦       17           2              0.010 
2025-05-23 10:51:09 | INFO |       50.138 ¦       18           2              0.010 
2025-05-23 10:51:09 | INFO |       50.148 ¦       19           2              0.010 
2025-05-23 10:51:09 | INFO |       50.158 ¦       20           2              0.010 
2025-05-23 10:51:09 | INFO |       50.168 ¦       21           2              0.010 
2025-05-23 10:51:09 | INFO |       50.178 ¦       22           2              0.010 
2025-05-23 10:51:09 | INFO |       50.188 ¦       23           2              0.010 
2025-05-23 10:51:09 | INFO |       50.198 ¦       24           2              0.010 
2025-05-23 10:51:09 | INFO |       50.208 ¦       25           2              0.010 
2025-05-23 10:51:09 | INFO |       50.218 ¦       26           2              0.010 
2025-05-23 10:51:09 | INFO |       50.228 ¦       27           2              0.010 
2025-05-23 10:51:09 | INFO |       50.238 ¦       28           2              0.010 
2025-05-23 10:51:09 | INFO |       50.248 ¦       29           2              0.010 
2025-05-23 10:51:09 | INFO |       50.258 ¦       30           2              0.010 
2025-05-23 10:51:09 | INFO |       50.268 ¦       31           2              0.010 
2025-05-23 10:51:09 | INFO |       50.278 ¦       32           2              0.010 
2025-05-23 10:51:09 | INFO |       50.288 ¦       33           2              0.010 
2025-05-23 10:51:09 | INFO |       50.298 ¦       34           2              0.010 
2025-05-23 10:51:09 | INFO |       50.308 ¦       35           2              0.010 
2025-05-23 10:51:09 | INFO |       50.318 ¦       36           2              0.010 
2025-05-23 10:51:09 | INFO |       50.328 ¦       37           2              0.010 
2025-05-23 10:51:09 | INFO |       50.338 ¦       38           2              0.010 
2025-05-23 10:51:09 | INFO |       50.348 ¦       39           2              0.010 
2025-05-23 10:51:09 | INFO |       50.358 ¦       40           2              0.010 
2025-05-23 10:51:09 | INFO |       50.368 ¦       41           2              0.010 
2025-05-23 10:51:09 | INFO |       50.378 ¦       42           2              0.010 
2025-05-23 10:51:09 | INFO |       50.388 ¦       43           2              0.010 
2025-05-23 10:51:09 | INFO |       50.398 ¦       44           2              0.010 
2025-05-23 10:51:09 | INFO |       50.408 ¦       45           2              0.010 
2025-05-23 10:51:09 | INFO |       50.418 ¦       46           2              0.010 
2025-05-23 10:51:09 | INFO |       50.428 ¦       47           2              0.010 
2025-05-23 10:51:09 | INFO |       50.438 ¦       48           2              0.010 
2025-05-23 10:51:09 | INFO |       50.448 ¦       49           2              0.010 
2025-05-23 10:51:09 | INFO |       50.458 ¦       50           2              0.010 
2025-05-23 10:51:09 | INFO |       50.468 ¦       51           2              0.010 
2025-05-23 10:51:09 | INFO |       50.478 ¦       52           2              0.010 
2025-05-23 10:51:09 | INFO |       50.488 ¦       53           2              0.010 
2025-05-23 10:51:09 | INFO |       50.498 ¦       54           2              0.010 
2025-05-23 10:51:09 | INFO |       50.508 ¦       55           2              0.010 
2025-05-23 10:51:09 | INFO |       50.518 ¦       56           2              0.010 
2025-05-23 10:51:09 | INFO |       50.528 ¦       57           2              0.010 
2025-05-23 10:51:09 | INFO |       50.538 ¦       58           2              0.010 
2025-05-23 10:51:09 | INFO |       50.548 ¦       59           2              0.010 
2025-05-23 10:51:09 | INFO |       50.558 ¦       60           2              0.010 
2025-05-23 10:51:09 | INFO |       50.568 ¦       61           2              0.010 
2025-05-23 10:51:09 | INFO |       50.578 ¦       62           2              0.010 
2025-05-23 10:51:09 | INFO |       50.588 ¦       63           2              0.010 
2025-05-23 10:51:09 | INFO |       50.598 ¦       64           2              0.010 
2025-05-23 10:51:09 | INFO |       50.608 ¦       65           2              0.010 
2025-05-23 10:51:09 | INFO |       50.618 ¦       66           2              0.010 
2025-05-23 10:51:09 | INFO |       50.628 ¦       67           2              0.010 
2025-05-23 10:51:09 | INFO |       50.638 ¦       68           2              0.010 
2025-05-23 10:51:09 | INFO |       50.648 ¦       69           2              0.010 
2025-05-23 10:51:09 | INFO |       50.658 ¦       70           2              0.010 
2025-05-23 10:51:09 | INFO |       50.668 ¦       71           2              0.010 
2025-05-23 10:51:09 | INFO |       50.678 ¦       72           2              0.010 
2025-05-23 10:51:09 | INFO |       50.688 ¦       73           2              0.010 
2025-05-23 10:51:09 | INFO |       50.698 ¦       74           2              0.010 
2025-05-23 10:51:09 | INFO |       50.708 ¦       75           2              0.010 
2025-05-23 10:51:09 | INFO |       50.718 ¦       76           2              0.010 
2025-05-23 10:51:09 | INFO |       50.728 ¦       77           2              0.010 
2025-05-23 10:51:09 | INFO |       50.738 ¦       78           2              0.010 
2025-05-23 10:51:09 | INFO |       50.748 ¦       79           2              0.010 
2025-05-23 10:51:09 | INFO |       50.758 ¦       80           2              0.010 
2025-05-23 10:51:09 | INFO |       50.768 ¦       81           2              0.010 
2025-05-23 10:51:09 | INFO |       50.778 ¦       82           2              0.010 
2025-05-23 10:51:09 | INFO |       50.788 ¦       83           2              0.010 
2025-05-23 10:51:09 | INFO |       50.798 ¦       84           2              0.010 
2025-05-23 10:51:09 | INFO |       50.808 ¦       85           2              0.010 
2025-05-23 10:51:09 | INFO |       50.818 ¦       86           2              0.010 
2025-05-23 10:51:09 | INFO |       50.828 ¦       87           2              0.010 
2025-05-23 10:51:09 | INFO |       50.838 ¦       88           2              0.010 
2025-05-23 10:51:09 | INFO |       50.848 ¦       89           2              0.010 
2025-05-23 10:51:09 | INFO |       50.858 ¦       90           2              0.010 
2025-05-23 10:51:09 | INFO |       50.868 ¦       91           2              0.010 
2025-05-23 10:51:09 | INFO |       50.878 ¦       92           2              0.010 
2025-05-23 10:51:09 | INFO |       50.888 ¦       93           2              0.010 
2025-05-23 10:51:09 | INFO |       50.898 ¦       94           2              0.010 
2025-05-23 10:51:09 | INFO |       50.908 ¦       95           2              0.010 
2025-05-23 10:51:09 | INFO |       50.918 ¦       96           2              0.010 
2025-05-23 10:51:09 | INFO |       50.928 ¦       97           2              0.010 
2025-05-23 10:51:09 | INFO |       50.938 ¦       98           2              0.010 
2025-05-23 10:51:09 | INFO |       50.948 ¦       99           2              0.010 
2025-05-23 10:51:09 | INFO |       50.958 ¦      100           2              0.010 
2025-05-23 10:51:09 | INFO |       50.968 ¦      101           2              0.010 
2025-05-23 10:51:09 | INFO |       50.978 ¦      102           2              0.010 
2025-05-23 10:51:09 | INFO |       50.988 ¦      103           2              0.010 
2025-05-23 10:51:09 | INFO |       50.998 ¦      104           2              0.010 
2025-05-23 10:51:09 | INFO |       51.008 ¦      105           2              0.010 
2025-05-23 10:51:09 | INFO |       51.018 ¦      106           2              0.010 
2025-05-23 10:51:09 | INFO |       51.028 ¦      107           2              0.010 
2025-05-23 10:51:09 | INFO |       51.038 ¦      108           2              0.010 
2025-05-23 10:51:09 | INFO |       51.048 ¦      109           2              0.010 
2025-05-23 10:51:09 | INFO |       51.058 ¦      110           2              0.010 
2025-05-23 10:51:09 | INFO |       51.068 ¦      111           2              0.010 
2025-05-23 10:51:09 | INFO |       51.078 ¦      112           2              0.010 
2025-05-23 10:51:09 | INFO |       51.088 ¦      113           2              0.010 
2025-05-23 10:51:09 | INFO |       51.098 ¦      114           2              0.010 
2025-05-23 10:51:09 | INFO |       51.108 ¦      115           2              0.010 
2025-05-23 10:51:09 | INFO |       51.118 ¦      116           2              0.010 
2025-05-23 10:51:09 | INFO |       51.128 ¦      117           2              0.010 
2025-05-23 10:51:09 | INFO |       51.138 ¦      118           2              0.010 
2025-05-23 10:51:09 | INFO |       51.148 ¦      119           2              0.010 
2025-05-23 10:51:09 | INFO |       51.158 ¦      120           2              0.010 
2025-05-23 10:51:09 | INFO |       51.168 ¦      121           2              0.010 
2025-05-23 10:51:09 | INFO |       51.178 ¦      122           2              0.010 
2025-05-23 10:51:09 | INFO |       51.188 ¦      123           2              0.010 
2025-05-23 10:51:09 | INFO |       51.198 ¦      124           2              0.010 
2025-05-23 10:51:09 | INFO |       51.208 ¦      125           2              0.010 
2025-05-23 10:51:09 | INFO |       51.218 ¦      126           2              0.010 
2025-05-23 10:51:09 | INFO |       51.228 ¦      127           2              0.010 
2025-05-23 10:51:09 | INFO |       51.238 ¦      128           2              0.010 
2025-05-23 10:51:09 | INFO |       51.248 ¦      129           2              0.010 
2025-05-23 10:51:09 | INFO |       51.258 ¦      130           2              0.010 
2025-05-23 10:51:09 | INFO |       51.268 ¦      131           2              0.010 
2025-05-23 10:51:09 | INFO |       51.278 ¦      132           2              0.010 
2025-05-23 10:51:09 | INFO |       51.288 ¦      133           2              0.010 
2025-05-23 10:51:09 | INFO |       51.298 ¦      134           2              0.010 
2025-05-23 10:51:09 | INFO |       51.308 ¦      135           2              0.010 
2025-05-23 10:51:09 | INFO |       51.318 ¦      136           2              0.010 
2025-05-23 10:51:09 | INFO |       51.328 ¦      137           2              0.010 
2025-05-23 10:51:09 | INFO |       51.338 ¦      138           2              0.010 
2025-05-23 10:51:09 | INFO |       51.348 ¦      139           2              0.010 
2025-05-23 10:51:09 | INFO |       51.358 ¦      140           2              0.010 
2025-05-23 10:51:09 | INFO |       51.368 ¦      141           2              0.010 
2025-05-23 10:51:09 | INFO |       51.378 ¦      142           2              0.010 
2025-05-23 10:51:09 | INFO |       51.388 ¦      143           2              0.010 
2025-05-23 10:51:09 | INFO |       51.398 ¦      144           2              0.010 
2025-05-23 10:51:09 | INFO |       51.408 ¦      145           2              0.010 
2025-05-23 10:51:09 | INFO |       51.418 ¦      146           2              0.010 
2025-05-23 10:51:09 | INFO |       51.428 ¦      147           2              0.010 
2025-05-23 10:51:09 | INFO |       51.438 ¦      148           2              0.010 
2025-05-23 10:51:09 | INFO |       51.448 ¦      149           2              0.010 
2025-05-23 10:51:09 | INFO |       51.458 ¦      150           2              0.010 
2025-05-23 10:51:09 | INFO |       51.468 ¦      151           2              0.010 
2025-05-23 10:51:09 | INFO |       51.478 ¦      152           2              0.010 
2025-05-23 10:51:09 | INFO |       51.488 ¦      153           2              0.010 
2025-05-23 10:51:09 | INFO |       51.498 ¦      154           2              0.010 
2025-05-23 10:51:09 | INFO |       51.508 ¦      155           2              0.010 
2025-05-23 10:51:09 | INFO |       51.518 ¦      156           2              0.010 
2025-05-23 10:51:09 | INFO |       51.528 ¦      157           2              0.010 
2025-05-23 10:51:09 | INFO |       51.538 ¦      158           2              0.010 
2025-05-23 10:51:09 | INFO |       51.548 ¦      159           2              0.010 
2025-05-23 10:51:09 | INFO |       51.558 ¦      160           2              0.010 
2025-05-23 10:51:09 | INFO |       51.568 ¦      161           2              0.010 
2025-05-23 10:51:09 | INFO |       51.578 ¦      162           2              0.010 
2025-05-23 10:51:09 | INFO |       51.588 ¦      163           2              0.010 
2025-05-23 10:51:09 | INFO |       51.598 ¦      164           2              0.010 
2025-05-23 10:51:09 | INFO |       51.608 ¦      165           2              0.010 
2025-05-23 10:51:09 | INFO |       51.618 ¦      166           2              0.010 
2025-05-23 10:51:09 | INFO |       51.628 ¦      167           2              0.010 
2025-05-23 10:51:09 | INFO |       51.638 ¦      168           2              0.010 
2025-05-23 10:51:09 | INFO |       51.648 ¦      169           2              0.010 
2025-05-23 10:51:09 | INFO |       51.658 ¦      170           2              0.010 
2025-05-23 10:51:09 | INFO |       51.668 ¦      171           2              0.010 
2025-05-23 10:51:09 | INFO |       51.678 ¦      172           2              0.010 
2025-05-23 10:51:09 | INFO |       51.688 ¦      173           2              0.010 
2025-05-23 10:51:09 | INFO |       51.698 ¦      174           2              0.010 
2025-05-23 10:51:09 | INFO |       51.708 ¦      175           2              0.010 
2025-05-23 10:51:09 | INFO |       51.718 ¦      176           2              0.010 
2025-05-23 10:51:09 | INFO |       51.728 ¦      177           2              0.010 
2025-05-23 10:51:09 | INFO |       51.738 ¦      178           2              0.010 
2025-05-23 10:51:09 | INFO |       51.748 ¦      179           2              0.010 
2025-05-23 10:51:09 | INFO |       51.758 ¦      180           2              0.010 
2025-05-23 10:51:09 | INFO |       51.768 ¦      181           2              0.010 
2025-05-23 10:51:09 | INFO |       51.778 ¦      182           2              0.010 
2025-05-23 10:51:09 | INFO |       51.788 ¦      183           2              0.010 
2025-05-23 10:51:09 | INFO |       51.798 ¦      184           2              0.010 
2025-05-23 10:51:09 | INFO |       51.808 ¦      185           2              0.010 
2025-05-23 10:51:09 | INFO |       51.818 ¦      186           2              0.010 
2025-05-23 10:51:09 | INFO |       51.828 ¦      187           2              0.010 
2025-05-23 10:51:09 | INFO |       51.838 ¦      188           2              0.010 
2025-05-23 10:51:09 | INFO |       51.848 ¦      189           2              0.010 
2025-05-23 10:51:09 | INFO |       51.858 ¦      190           2              0.010 
2025-05-23 10:51:09 | INFO |       51.868 ¦      191           2              0.010 
2025-05-23 10:51:09 | INFO |       51.878 ¦      192           2              0.010 
2025-05-23 10:51:09 | INFO |       51.888 ¦      193           2              0.010 
2025-05-23 10:51:09 | INFO |       51.898 ¦      194           2              0.010 
2025-05-23 10:51:09 | INFO |       51.908 ¦      195           2              0.010 
2025-05-23 10:51:09 | INFO |       51.918 ¦      196           2              0.010 
2025-05-23 10:51:09 | INFO |       51.928 ¦      197           2              0.010 
2025-05-23 10:51:09 | INFO |       51.938 ¦      198           2              0.010 
2025-05-23 10:51:09 | INFO |       51.948 ¦      199           2              0.010 
2025-05-23 10:51:09 | INFO |       51.958 ¦      200           2              0.010 
2025-05-23 10:51:09 | INFO |       51.968 ¦      201           2              0.010 
2025-05-23 10:51:09 | INFO |       51.978 ¦      202           2              0.010 
2025-05-23 10:51:09 | INFO |       51.988 ¦      203           2              0.010 
2025-05-23 10:51:09 | INFO |       51.998 ¦      204           2              0.010 
2025-05-23 10:51:09 | INFO |       52.008 ¦      205           2              0.010 
2025-05-23 10:51:09 | INFO |       52.018 ¦      206           2              0.010 
2025-05-23 10:51:09 | INFO |       52.028 ¦      207           2              0.010 
2025-05-23 10:51:09 | INFO |       52.038 ¦      208           2              0.010 
2025-05-23 10:51:09 | INFO |       52.048 ¦      209           2              0.010 
2025-05-23 10:51:09 | INFO |       52.058 ¦      210           2              0.010 
2025-05-23 10:51:09 | INFO |       52.068 ¦      211           2              0.010 
2025-05-23 10:51:09 | INFO |       52.078 ¦      212           2              0.010 
2025-05-23 10:51:09 | INFO |       52.088 ¦      213           2              0.010 
2025-05-23 10:51:09 | INFO |       52.098 ¦      214           2              0.010 
2025-05-23 10:51:09 | INFO |       52.108 ¦      215           2              0.010 
2025-05-23 10:51:09 | INFO |       52.118 ¦      216           2              0.010 
2025-05-23 10:51:09 | INFO |       52.128 ¦      217           2              0.010 
2025-05-23 10:51:09 | INFO |       52.138 ¦      218           2              0.010 
2025-05-23 10:51:09 | INFO |       52.148 ¦      219           2              0.010 
2025-05-23 10:51:09 | INFO |       52.158 ¦      220           2              0.010 
2025-05-23 10:51:09 | INFO |       52.168 ¦      221           2              0.010 
2025-05-23 10:51:09 | INFO |       52.178 ¦      222           2              0.010 
2025-05-23 10:51:09 | INFO |       52.188 ¦      223           2              0.010 
2025-05-23 10:51:09 | INFO |       52.198 ¦      224           2              0.010 
2025-05-23 10:51:09 | INFO |       52.208 ¦      225           2              0.010 
2025-05-23 10:51:09 | INFO |       52.218 ¦      226           2              0.010 
2025-05-23 10:51:09 | INFO |       52.228 ¦      227           2              0.010 
2025-05-23 10:51:09 | INFO |       52.238 ¦      228           2              0.010 
2025-05-23 10:51:09 | INFO |       52.248 ¦      229           2              0.010 
2025-05-23 10:51:09 | INFO |       52.258 ¦      230           2              0.010 
2025-05-23 10:51:09 | INFO |       52.268 ¦      231           2              0.010 
2025-05-23 10:51:09 | INFO |       52.278 ¦      232           2              0.010 
2025-05-23 10:51:09 | INFO |       52.288 ¦      233           2              0.010 
2025-05-23 10:51:09 | INFO |       52.298 ¦      234           2              0.010 
2025-05-23 10:51:09 | INFO |       52.308 ¦      235           2              0.010 
2025-05-23 10:51:09 | INFO |       52.318 ¦      236           2              0.010 
2025-05-23 10:51:09 | INFO |       52.328 ¦      237           2              0.010 
2025-05-23 10:51:09 | INFO |       52.338 ¦      238           2              0.010 
2025-05-23 10:51:09 | INFO |       52.348 ¦      239           2              0.010 
2025-05-23 10:51:09 | INFO |       52.358 ¦      240           2              0.010 
2025-05-23 10:51:09 | INFO |       52.368 ¦      241           2              0.010 
2025-05-23 10:51:09 | INFO |       52.378 ¦      242           2              0.010 
2025-05-23 10:51:09 | INFO |       52.388 ¦      243           2              0.010 
2025-05-23 10:51:09 | INFO |       52.398 ¦      244           2              0.010 
2025-05-23 10:51:09 | INFO |       52.408 ¦      245           2              0.010 
2025-05-23 10:51:09 | INFO |       52.418 ¦      246           2              0.010 
2025-05-23 10:51:09 | INFO |       52.428 ¦      247           2              0.010 
2025-05-23 10:51:09 | INFO |       52.438 ¦      248           2              0.010 
2025-05-23 10:51:09 | INFO |       52.448 ¦      249           2              0.010 
2025-05-23 10:51:09 | INFO |       52.458 ¦      250           2              0.010 
2025-05-23 10:51:09 | INFO |       52.468 ¦      251           2              0.010 
2025-05-23 10:51:09 | INFO |       52.478 ¦      252           2              0.010 
2025-05-23 10:51:09 | INFO |       52.488 ¦      253           2              0.010 
2025-05-23 10:51:09 | INFO |       52.498 ¦      254           2              0.010 
2025-05-23 10:51:09 | INFO |       52.508 ¦      255           2              0.010 
2025-05-23 10:51:09 | INFO |       52.518 ¦      256           2              0.010 
2025-05-23 10:51:09 | INFO |       52.528 ¦      257           2              0.010 
2025-05-23 10:51:09 | INFO |       52.538 ¦      258           2              0.010 
2025-05-23 10:51:09 | INFO |       52.548 ¦      259           2              0.010 
2025-05-23 10:51:09 | INFO |       52.558 ¦      260           2              0.010 
2025-05-23 10:51:09 | INFO |       52.568 ¦      261           2              0.010 
2025-05-23 10:51:09 | INFO |       52.578 ¦      262           2              0.010 
2025-05-23 10:51:09 | INFO |       52.588 ¦      263           2              0.010 
2025-05-23 10:51:09 | INFO |       52.598 ¦      264           2              0.010 
2025-05-23 10:51:09 | INFO |       52.608 ¦      265           2              0.010 
2025-05-23 10:51:09 | INFO |       52.618 ¦      266           2              0.010 
2025-05-23 10:51:09 | INFO |       52.628 ¦      267           2              0.010 
2025-05-23 10:51:09 | INFO |       52.638 ¦      268           2              0.010 
2025-05-23 10:51:09 | INFO |       52.648 ¦      269           2              0.010 
2025-05-23 10:51:09 | INFO |       52.658 ¦      270           2              0.010 
2025-05-23 10:51:09 | INFO |       52.668 ¦      271           2              0.010 
2025-05-23 10:51:09 | INFO |       52.678 ¦      272           2              0.010 
2025-05-23 10:51:09 | INFO |       52.688 ¦      273           2              0.010 
2025-05-23 10:51:09 | INFO |       52.698 ¦      274           2              0.010 
2025-05-23 10:51:09 | INFO |       52.708 ¦      275           2              0.010 
2025-05-23 10:51:09 | INFO |       52.718 ¦      276           2              0.010 
2025-05-23 10:51:09 | INFO |       52.728 ¦      277           2              0.010 
2025-05-23 10:51:09 | INFO |       52.738 ¦      278           2              0.010 
2025-05-23 10:51:09 | INFO |       52.748 ¦      279           2              0.010 
2025-05-23 10:51:09 | INFO |       52.758 ¦      280           2              0.010 
2025-05-23 10:51:09 | INFO |       52.768 ¦      281           2              0.010 
2025-05-23 10:51:09 | INFO |       52.778 ¦      282           2              0.010 
2025-05-23 10:51:09 | INFO |       52.788 ¦      283           2              0.010 
2025-05-23 10:51:09 | INFO |       52.798 ¦      284           2              0.010 
2025-05-23 10:51:09 | INFO |       52.808 ¦      285           2              0.010 
2025-05-23 10:51:09 | INFO |       52.818 ¦      286           2              0.010 
2025-05-23 10:51:09 | INFO |       52.828 ¦      287           2              0.010 
2025-05-23 10:51:09 | INFO |       52.838 ¦      288           2              0.010 
2025-05-23 10:51:09 | INFO |       52.848 ¦      289           2              0.010 
2025-05-23 10:51:09 | INFO |       52.858 ¦      290           2              0.010 
2025-05-23 10:51:09 | INFO |       52.868 ¦      291           2              0.010 
2025-05-23 10:51:09 | INFO |       52.878 ¦      292           2              0.010 
2025-05-23 10:51:09 | INFO |       52.888 ¦      293           2              0.010 
2025-05-23 10:51:09 | INFO |       52.898 ¦      294           2              0.010 
2025-05-23 10:51:09 | INFO |       52.908 ¦      295           2              0.010 
2025-05-23 10:51:09 | INFO |       52.918 ¦      296           2              0.010 
2025-05-23 10:51:09 | INFO |       52.928 ¦      297           2              0.010 
2025-05-23 10:51:09 | INFO |       52.938 ¦      298           2              0.010 
2025-05-23 10:51:09 | INFO |       52.948 ¦      299           2              0.010 
2025-05-23 10:51:09 | INFO |       52.958 ¦      300           2              0.010 
2025-05-23 10:51:09 | INFO |       52.968 ¦      301           2              0.010 
2025-05-23 10:51:09 | INFO |       52.978 ¦      302           2              0.010 
2025-05-23 10:51:09 | INFO |       52.988 ¦      303           2              0.010 
2025-05-23 10:51:09 | INFO |       52.998 ¦      304           2              0.010 
2025-05-23 10:51:09 | INFO |       53.008 ¦      305           2              0.010 
2025-05-23 10:51:09 | INFO |       53.018 ¦      306           2              0.010 
2025-05-23 10:51:09 | INFO |       53.028 ¦      307           2              0.010 
2025-05-23 10:51:09 | INFO |       53.038 ¦      308           2              0.010 
2025-05-23 10:51:09 | INFO |       53.048 ¦      309           2              0.010 
2025-05-23 10:51:09 | INFO |       53.058 ¦      310           2              0.010 
2025-05-23 10:51:09 | INFO |       53.068 ¦      311           2              0.010 
2025-05-23 10:51:09 | INFO |       53.078 ¦      312           2              0.010 
2025-05-23 10:51:09 | INFO |       53.088 ¦      313           2              0.010 
2025-05-23 10:51:09 | INFO |       53.098 ¦      314           2              0.010 
2025-05-23 10:51:09 | INFO |       53.108 ¦      315           2              0.010 
2025-05-23 10:51:09 | INFO |       53.118 ¦      316           2              0.010 
2025-05-23 10:51:09 | INFO |       53.128 ¦      317           2              0.010 
2025-05-23 10:51:09 | INFO |       53.138 ¦      318           2              0.010 
2025-05-23 10:51:09 | INFO |       53.148 ¦      319           2              0.010 
2025-05-23 10:51:09 | INFO |       53.158 ¦      320           2              0.010 
2025-05-23 10:51:09 | INFO |       53.168 ¦      321           2              0.010 
2025-05-23 10:51:09 | INFO |       53.178 ¦      322           2              0.010 
2025-05-23 10:51:09 | INFO |       53.188 ¦      323           2              0.010 
2025-05-23 10:51:09 | INFO |       53.198 ¦      324           2              0.010 
2025-05-23 10:51:09 | INFO |       53.208 ¦      325           2              0.010 
2025-05-23 10:51:09 | INFO |       53.218 ¦      326           2              0.010 
2025-05-23 10:51:09 | INFO |       53.228 ¦      327           2              0.010 
2025-05-23 10:51:09 | INFO |       53.238 ¦      328           2              0.010 
2025-05-23 10:51:09 | INFO |       53.248 ¦      329           2              0.010 
2025-05-23 10:51:09 | INFO |       53.258 ¦      330           2              0.010 
2025-05-23 10:51:09 | INFO |       53.268 ¦      331           2              0.010 
2025-05-23 10:51:09 | INFO |       53.278 ¦      332           2              0.010 
2025-05-23 10:51:09 | INFO |       53.288 ¦      333           2              0.010 
2025-05-23 10:51:09 | INFO |       53.298 ¦      334           2              0.010 
2025-05-23 10:51:09 | INFO |       53.308 ¦      335           2              0.010 
2025-05-23 10:51:09 | INFO |       53.318 ¦      336           2              0.010 
2025-05-23 10:51:09 | INFO |       53.328 ¦      337           2              0.010 
2025-05-23 10:51:09 | INFO |       53.338 ¦      338           2              0.010 
2025-05-23 10:51:09 | INFO |       53.348 ¦      339           2              0.010 
2025-05-23 10:51:09 | INFO |       53.358 ¦      340           2              0.010 
2025-05-23 10:51:09 | INFO |       53.368 ¦      341           2              0.010 
2025-05-23 10:51:09 | INFO |       53.378 ¦      342           2              0.010 
2025-05-23 10:51:09 | INFO |       53.388 ¦      343           2              0.010 
2025-05-23 10:51:09 | INFO |       53.398 ¦      344           2              0.010 
2025-05-23 10:51:09 | INFO |       53.408 ¦      345           2              0.010 
2025-05-23 10:51:09 | INFO |       53.418 ¦      346           2              0.010 
2025-05-23 10:51:09 | INFO |       53.428 ¦      347           2              0.010 
2025-05-23 10:51:09 | INFO |       53.438 ¦      348           2              0.010 
2025-05-23 10:51:09 | INFO |       53.448 ¦      349           2              0.010 
2025-05-23 10:51:09 | INFO |       53.458 ¦      350           2              0.010 
2025-05-23 10:51:09 | INFO |       53.468 ¦      351           2              0.010 
2025-05-23 10:51:09 | INFO |       53.478 ¦      352           2              0.010 
2025-05-23 10:51:09 | INFO |       53.488 ¦      353           2              0.010 
2025-05-23 10:51:09 | INFO |       53.498 ¦      354           2              0.010 
2025-05-23 10:51:09 | INFO |       53.508 ¦      355           2              0.010 
2025-05-23 10:51:09 | INFO |       53.518 ¦      356           2              0.010 
2025-05-23 10:51:09 | INFO |       53.528 ¦      357           2              0.010 
2025-05-23 10:51:09 | INFO |       53.538 ¦      358           2              0.010 
2025-05-23 10:51:09 | INFO |       53.548 ¦      359           2              0.010 
2025-05-23 10:51:09 | INFO |       53.558 ¦      360           2              0.010 
2025-05-23 10:51:09 | INFO |       53.568 ¦      361           2              0.010 
2025-05-23 10:51:09 | INFO |       53.578 ¦      362           2              0.010 
2025-05-23 10:51:09 | INFO |       53.588 ¦      363           2              0.010 
2025-05-23 10:51:09 | INFO |       53.598 ¦      364           2              0.010 
2025-05-23 10:51:09 | INFO |       53.608 ¦      365           2              0.010 
2025-05-23 10:51:09 | INFO |       53.618 ¦      366           2              0.010 
2025-05-23 10:51:09 | INFO |       53.628 ¦      367           2              0.010 
2025-05-23 10:51:09 | INFO |       53.638 ¦      368           2              0.010 
2025-05-23 10:51:09 | INFO |       53.648 ¦      369           2              0.010 
2025-05-23 10:51:09 | INFO |       53.658 ¦      370           2              0.010 
2025-05-23 10:51:09 | INFO |       53.668 ¦      371           2              0.010 
2025-05-23 10:51:09 | INFO |       53.678 ¦      372           2              0.010 
2025-05-23 10:51:09 | INFO |       53.688 ¦      373           2              0.010 
2025-05-23 10:51:09 | INFO |       53.698 ¦      374           2              0.010 
2025-05-23 10:51:09 | INFO |       53.708 ¦      375           2              0.010 
2025-05-23 10:51:09 | INFO |       53.718 ¦      376           2              0.010 
2025-05-23 10:51:09 | INFO |       53.728 ¦      377           2              0.010 
2025-05-23 10:51:09 | INFO |       53.738 ¦      378           2              0.010 
2025-05-23 10:51:09 | INFO |       53.748 ¦      379           2              0.010 
2025-05-23 10:51:09 | INFO |       53.758 ¦      380           2              0.010 
2025-05-23 10:51:09 | INFO |       53.768 ¦      381           2              0.010 
2025-05-23 10:51:09 | INFO |       53.778 ¦      382           2              0.010 
2025-05-23 10:51:09 | INFO |       53.788 ¦      383           2              0.010 
2025-05-23 10:51:09 | INFO |       53.798 ¦      384           2              0.010 
2025-05-23 10:51:09 | INFO |       53.808 ¦      385           2              0.010 
2025-05-23 10:51:09 | INFO |       53.818 ¦      386           2              0.010 
2025-05-23 10:51:09 | INFO |       53.828 ¦      387           2              0.010 
2025-05-23 10:51:09 | INFO |       53.838 ¦      388           2              0.010 
2025-05-23 10:51:09 | INFO |       53.848 ¦      389           2              0.010 
2025-05-23 10:51:09 | INFO |       53.858 ¦      390           2              0.010 
2025-05-23 10:51:09 | INFO |       53.868 ¦      391           2              0.010 
2025-05-23 10:51:09 | INFO |       53.878 ¦      392           2              0.010 
2025-05-23 10:51:09 | INFO |       53.888 ¦      393           2              0.010 
2025-05-23 10:51:09 | INFO |       53.898 ¦      394           2              0.010 
2025-05-23 10:51:09 | INFO |       53.908 ¦      395           2              0.010 
2025-05-23 10:51:09 | INFO |       53.918 ¦      396           2              0.010 
2025-05-23 10:51:09 | INFO |       53.928 ¦      397           2              0.010 
2025-05-23 10:51:09 | INFO |       53.938 ¦      398           2              0.010 
2025-05-23 10:51:09 | INFO |       53.948 ¦      399           2              0.010 
2025-05-23 10:51:09 | INFO |       53.958 ¦      400           2              0.010 
2025-05-23 10:51:09 | INFO |       53.968 ¦      401           2              0.010 
2025-05-23 10:51:09 | INFO |       53.978 ¦      402           2              0.010 
2025-05-23 10:51:09 | INFO |       53.988 ¦      403           2              0.010 
2025-05-23 10:51:09 | INFO |       53.998 ¦      404           2              0.010 
2025-05-23 10:51:09 | INFO |       54.008 ¦      405           2              0.010 
2025-05-23 10:51:09 | INFO |       54.018 ¦      406           2              0.010 
2025-05-23 10:51:09 | INFO |       54.028 ¦      407           2              0.010 
2025-05-23 10:51:09 | INFO |       54.038 ¦      408           2              0.010 
2025-05-23 10:51:09 | INFO |       54.048 ¦      409           2              0.010 
2025-05-23 10:51:09 | INFO |       54.058 ¦      410           2              0.010 
2025-05-23 10:51:09 | INFO |       54.068 ¦      411           2              0.010 
2025-05-23 10:51:09 | INFO |       54.078 ¦      412           2              0.010 
2025-05-23 10:51:09 | INFO |       54.088 ¦      413           2              0.010 
2025-05-23 10:51:09 | INFO |       54.098 ¦      414           2              0.010 
2025-05-23 10:51:09 | INFO |       54.108 ¦      415           2              0.010 
2025-05-23 10:51:09 | INFO |       54.118 ¦      416           2              0.010 
2025-05-23 10:51:09 | INFO |       54.128 ¦      417           2              0.010 
2025-05-23 10:51:09 | INFO |       54.138 ¦      418           2              0.010 
2025-05-23 10:51:09 | INFO |       54.148 ¦      419           2              0.010 
2025-05-23 10:51:09 | INFO |       54.158 ¦      420           2              0.010 
2025-05-23 10:51:09 | INFO |       54.168 ¦      421           2              0.010 
2025-05-23 10:51:09 | INFO |       54.178 ¦      422           2              0.010 
2025-05-23 10:51:09 | INFO |       54.188 ¦      423           2              0.010 
2025-05-23 10:51:09 | INFO |       54.198 ¦      424           2              0.010 
2025-05-23 10:51:09 | INFO |       54.208 ¦      425           2              0.010 
2025-05-23 10:51:09 | INFO |       54.218 ¦      426           2              0.010 
2025-05-23 10:51:09 | INFO |       54.228 ¦      427           2              0.010 
2025-05-23 10:51:09 | INFO |       54.238 ¦      428           2              0.010 
2025-05-23 10:51:09 | INFO |       54.248 ¦      429           2              0.010 
2025-05-23 10:51:09 | INFO |       54.258 ¦      430           2              0.010 
2025-05-23 10:51:09 | INFO |       54.268 ¦      431           2              0.010 
2025-05-23 10:51:09 | INFO |       54.278 ¦      432           2              0.010 
2025-05-23 10:51:09 | INFO |       54.288 ¦      433           2              0.010 
2025-05-23 10:51:09 | INFO |       54.298 ¦      434           2              0.010 
2025-05-23 10:51:09 | INFO |       54.308 ¦      435           2              0.010 
2025-05-23 10:51:09 | INFO |       54.318 ¦      436           2              0.010 
2025-05-23 10:51:09 | INFO |       54.328 ¦      437           2              0.010 
2025-05-23 10:51:09 | INFO |       54.338 ¦      438           2              0.010 
2025-05-23 10:51:09 | INFO |       54.348 ¦      439           2              0.010 
2025-05-23 10:51:09 | INFO |       54.358 ¦      440           2              0.010 
2025-05-23 10:51:09 | INFO |       54.368 ¦      441           2              0.010 
2025-05-23 10:51:09 | INFO |       54.378 ¦      442           2              0.010 
2025-05-23 10:51:09 | INFO |       54.388 ¦      443           2              0.010 
2025-05-23 10:51:09 | INFO |       54.398 ¦      444           2              0.010 
2025-05-23 10:51:09 | INFO |       54.408 ¦      445           2              0.010 
2025-05-23 10:51:09 | INFO |       54.418 ¦      446           2              0.010 
2025-05-23 10:51:09 | INFO |       54.428 ¦      447           2              0.010 
2025-05-23 10:51:09 | INFO |       54.438 ¦      448           2              0.010 
2025-05-23 10:51:09 | INFO |       54.448 ¦      449           2              0.010 
2025-05-23 10:51:09 | INFO |       54.458 ¦      450           2              0.010 
2025-05-23 10:51:09 | INFO |       54.468 ¦      451           2              0.010 
2025-05-23 10:51:09 | INFO |       54.478 ¦      452           2              0.010 
2025-05-23 10:51:09 | INFO |       54.488 ¦      453           2              0.010 
2025-05-23 10:51:09 | INFO |       54.498 ¦      454           2              0.010 
2025-05-23 10:51:09 | INFO |       54.508 ¦      455           2              0.010 
2025-05-23 10:51:09 | INFO |       54.518 ¦      456           2              0.010 
2025-05-23 10:51:09 | INFO |       54.528 ¦      457           2              0.010 
2025-05-23 10:51:09 | INFO |       54.538 ¦      458           2              0.010 
2025-05-23 10:51:09 | INFO |       54.548 ¦      459           2              0.010 
2025-05-23 10:51:09 | INFO |       54.558 ¦      460           2              0.010 
2025-05-23 10:51:09 | INFO |       54.568 ¦      461           2              0.010 
2025-05-23 10:51:09 | INFO |       54.578 ¦      462           2              0.010 
2025-05-23 10:51:09 | INFO |       54.588 ¦      463           2              0.010 
2025-05-23 10:51:09 | INFO |       54.598 ¦      464           2              0.010 
2025-05-23 10:51:09 | INFO |       54.608 ¦      465           2              0.010 
2025-05-23 10:51:09 | INFO |       54.618 ¦      466           2              0.010 
2025-05-23 10:51:09 | INFO |       54.628 ¦      467           2              0.010 
2025-05-23 10:51:09 | INFO |       54.638 ¦      468           2              0.010 
2025-05-23 10:51:09 | INFO |       54.648 ¦      469           2              0.010 
2025-05-23 10:51:09 | INFO |       54.658 ¦      470           2              0.010 
2025-05-23 10:51:09 | INFO |       54.668 ¦      471           2              0.010 
2025-05-23 10:51:09 | INFO |       54.678 ¦      472           2              0.010 
2025-05-23 10:51:09 | INFO |       54.688 ¦      473           2              0.010 
2025-05-23 10:51:09 | INFO |       54.698 ¦      474           2              0.010 
2025-05-23 10:51:09 | INFO |       54.708 ¦      475           2              0.010 
2025-05-23 10:51:09 | INFO |       54.718 ¦      476           2              0.010 
2025-05-23 10:51:09 | INFO |       54.728 ¦      477           2              0.010 
2025-05-23 10:51:09 | INFO |       54.738 ¦      478           2              0.010 
2025-05-23 10:51:09 | INFO |       54.748 ¦      479           2              0.010 
2025-05-23 10:51:09 | INFO |       54.758 ¦      480           2              0.010 
2025-05-23 10:51:09 | INFO |       54.768 ¦      481           2              0.010 
2025-05-23 10:51:09 | INFO |       54.778 ¦      482           2              0.010 
2025-05-23 10:51:09 | INFO |       54.788 ¦      483           2              0.010 
2025-05-23 10:51:09 | INFO |       54.798 ¦      484           2              0.010 
2025-05-23 10:51:09 | INFO |       54.808 ¦      485           2              0.010 
2025-05-23 10:51:09 | INFO |       54.818 ¦      486           2              0.010 
2025-05-23 10:51:09 | INFO |       54.828 ¦      487           2              0.010 
2025-05-23 10:51:09 | INFO |       54.838 ¦      488           2              0.010 
2025-05-23 10:51:09 | INFO |       54.848 ¦      489           2              0.010 
2025-05-23 10:51:09 | INFO |       54.858 ¦      490           2              0.010 
2025-05-23 10:51:09 | INFO |       54.868 ¦      491           2              0.010 
2025-05-23 10:51:09 | INFO |       54.878 ¦      492           2              0.010 
2025-05-23 10:51:09 | INFO |       54.888 ¦      493           2              0.010 
2025-05-23 10:51:09 | INFO |       54.898 ¦      494           2              0.010 
2025-05-23 10:51:09 | INFO |       54.908 ¦      495           2              0.010 
2025-05-23 10:51:09 | INFO |       54.918 ¦      496           2              0.010 
2025-05-23 10:51:09 | INFO |       54.928 ¦      497           2              0.010 
2025-05-23 10:51:09 | INFO |       54.938 ¦      498           2              0.010 
2025-05-23 10:51:09 | INFO |       54.948 ¦      499           2              0.010 
2025-05-23 10:51:09 | INFO |       54.958 ¦      500           2              0.010 
2025-05-23 10:51:09 | INFO |       54.968 ¦      501           2              0.010 
2025-05-23 10:51:09 | INFO |       54.978 ¦      502           2              0.010 
2025-05-23 10:51:09 | INFO |       54.988 ¦      503           2              0.010 
2025-05-23 10:51:09 | INFO |       54.998 ¦      504           2              0.010 
2025-05-23 10:51:09 | INFO |       55.008 ¦      505           2              0.010 
2025-05-23 10:51:09 | INFO |       55.018 ¦      506           2              0.010 
2025-05-23 10:51:09 | INFO |       55.028 ¦      507           2              0.010 
2025-05-23 10:51:09 | INFO |       55.038 ¦      508           2              0.010 
2025-05-23 10:51:09 | INFO |       55.048 ¦      509           2              0.010 
2025-05-23 10:51:09 | INFO |       55.058 ¦      510           2              0.010 
2025-05-23 10:51:09 | INFO |       55.068 ¦      511           2              0.010 
2025-05-23 10:51:09 | INFO |       55.078 ¦      512           2              0.010 
2025-05-23 10:51:09 | INFO |       55.088 ¦      513           2              0.010 
2025-05-23 10:51:09 | INFO |       55.098 ¦      514           2              0.010 
2025-05-23 10:51:09 | INFO |       55.108 ¦      515           2              0.010 
2025-05-23 10:51:09 | INFO |       55.118 ¦      516           2              0.010 
2025-05-23 10:51:09 | INFO |       55.128 ¦      517           2              0.010 
2025-05-23 10:51:09 | INFO |       55.138 ¦      518           2              0.010 
2025-05-23 10:51:09 | INFO |       55.148 ¦      519           2              0.010 
2025-05-23 10:51:09 | INFO |       55.158 ¦      520           2              0.010 
2025-05-23 10:51:09 | INFO |       55.168 ¦      521           2              0.010 
2025-05-23 10:51:09 | INFO |       55.178 ¦      522           2              0.010 
2025-05-23 10:51:09 | INFO |       55.188 ¦      523           2              0.010 
2025-05-23 10:51:09 | INFO |       55.198 ¦      524           2              0.010 
2025-05-23 10:51:09 | INFO |       55.208 ¦      525           2              0.010 
2025-05-23 10:51:09 | INFO |       55.218 ¦      526           2              0.010 
2025-05-23 10:51:09 | INFO |       55.228 ¦      527           2              0.010 
2025-05-23 10:51:09 | INFO |       55.238 ¦      528           2              0.010 
2025-05-23 10:51:09 | INFO |       55.248 ¦      529           2              0.010 
2025-05-23 10:51:09 | INFO |       55.258 ¦      530           2              0.010 
2025-05-23 10:51:09 | INFO |       55.268 ¦      531           2              0.010 
2025-05-23 10:51:09 | INFO |       55.278 ¦      532           2              0.010 
2025-05-23 10:51:09 | INFO |       55.288 ¦      533           2              0.010 
2025-05-23 10:51:09 | INFO |       55.298 ¦      534           2              0.010 
2025-05-23 10:51:09 | INFO |       55.308 ¦      535           2              0.010 
2025-05-23 10:51:09 | INFO |       55.318 ¦      536           2              0.010 
2025-05-23 10:51:09 | INFO |       55.328 ¦      537           2              0.010 
2025-05-23 10:51:09 | INFO |       55.338 ¦      538           2              0.010 
2025-05-23 10:51:09 | INFO |       55.348 ¦      539           2              0.010 
2025-05-23 10:51:09 | INFO |       55.358 ¦      540           2              0.010 
2025-05-23 10:51:09 | INFO |       55.368 ¦      541           2              0.010 
2025-05-23 10:51:09 | INFO |       55.378 ¦      542           2              0.010 
2025-05-23 10:51:09 | INFO |       55.388 ¦      543           2              0.010 
2025-05-23 10:51:09 | INFO |       55.398 ¦      544           2              0.010 
2025-05-23 10:51:09 | INFO |       55.408 ¦      545           2              0.010 
2025-05-23 10:51:09 | INFO |       55.418 ¦      546           2              0.010 
2025-05-23 10:51:09 | INFO |       55.428 ¦      547           2              0.010 
2025-05-23 10:51:09 | INFO |       55.438 ¦      548           2              0.010 
2025-05-23 10:51:09 | INFO |       55.448 ¦      549           2              0.010 
2025-05-23 10:51:09 | INFO |       55.458 ¦      550           2              0.010 
2025-05-23 10:51:09 | INFO |       55.468 ¦      551           2              0.010 
2025-05-23 10:51:09 | INFO |       55.478 ¦      552           2              0.010 
2025-05-23 10:51:09 | INFO |       55.488 ¦      553           2              0.010 
2025-05-23 10:51:09 | INFO |       55.498 ¦      554           2              0.010 
2025-05-23 10:51:09 | INFO |       55.508 ¦      555           2              0.010 
2025-05-23 10:51:09 | INFO |       55.518 ¦      556           2              0.010 
2025-05-23 10:51:09 | INFO |       55.528 ¦      557           2              0.010 
2025-05-23 10:51:09 | INFO |       55.538 ¦      558           2              0.010 
2025-05-23 10:51:09 | INFO |       55.548 ¦      559           2              0.010 
2025-05-23 10:51:09 | INFO |       55.558 ¦      560           2              0.010 
2025-05-23 10:51:09 | INFO |       55.568 ¦      561           2              0.010 
2025-05-23 10:51:09 | INFO |       55.578 ¦      562           2              0.010 
2025-05-23 10:51:09 | INFO |       55.588 ¦      563           2              0.010 
2025-05-23 10:51:09 | INFO |       55.598 ¦      564           2              0.010 
2025-05-23 10:51:09 | INFO |       55.608 ¦      565           2              0.010 
2025-05-23 10:51:09 | INFO |       55.618 ¦      566           2              0.010 
2025-05-23 10:51:09 | INFO |       55.628 ¦      567           2              0.010 
2025-05-23 10:51:09 | INFO |       55.638 ¦      568           2              0.010 
2025-05-23 10:51:09 | INFO |       55.648 ¦      569           2              0.010 
2025-05-23 10:51:09 | INFO |       55.658 ¦      570           2              0.010 
2025-05-23 10:51:09 | INFO |       55.668 ¦      571           2              0.010 
2025-05-23 10:51:09 | INFO |       55.678 ¦      572           2              0.010 
2025-05-23 10:51:09 | INFO |       55.688 ¦      573           2              0.010 
2025-05-23 10:51:09 | INFO |       55.698 ¦      574           2              0.010 
2025-05-23 10:51:09 | INFO |       55.708 ¦      575           2              0.010 
2025-05-23 10:51:09 | INFO |       55.718 ¦      576           2              0.010 
2025-05-23 10:51:09 | INFO |       55.728 ¦      577           2              0.010 
2025-05-23 10:51:09 | INFO |       55.738 ¦      578           2              0.010 
2025-05-23 10:51:09 | INFO |       55.748 ¦      579           2              0.010 
2025-05-23 10:51:09 | INFO |       55.758 ¦      580           2              0.010 
2025-05-23 10:51:09 | INFO |       55.768 ¦      581           2              0.010 
2025-05-23 10:51:09 | INFO |       55.778 ¦      582           2              0.010 
2025-05-23 10:51:09 | INFO |       55.788 ¦      583           2              0.010 
2025-05-23 10:51:09 | INFO |       55.798 ¦      584           2              0.010 
2025-05-23 10:51:09 | INFO |       55.808 ¦      585           2              0.010 
2025-05-23 10:51:09 | INFO |       55.818 ¦      586           2              0.010 
2025-05-23 10:51:09 | INFO |       55.828 ¦      587           2              0.010 
2025-05-23 10:51:09 | INFO |       55.838 ¦      588           2              0.010 
2025-05-23 10:51:09 | INFO |       55.848 ¦      589           2              0.010 
2025-05-23 10:51:09 | INFO |       55.858 ¦      590           2              0.010 
2025-05-23 10:51:09 | INFO |       55.868 ¦      591           2              0.010 
2025-05-23 10:51:09 | INFO |       55.878 ¦      592           2              0.010 
2025-05-23 10:51:09 | INFO |       55.888 ¦      593           2              0.010 
2025-05-23 10:51:09 | INFO |       55.898 ¦      594           2              0.010 
2025-05-23 10:51:09 | INFO |       55.908 ¦      595           2              0.010 
2025-05-23 10:51:09 | INFO |       55.918 ¦      596           2              0.010 
2025-05-23 10:51:09 | INFO |       55.928 ¦      597           2              0.010 
2025-05-23 10:51:09 | INFO |       55.938 ¦      598           2              0.010 
2025-05-23 10:51:09 | INFO |       55.948 ¦      599           2              0.010 
2025-05-23 10:51:09 | INFO |       55.958 ¦      600           2              0.010 
2025-05-23 10:51:09 | INFO |       55.968 ¦      601           2              0.010 
2025-05-23 10:51:09 | INFO |       55.978 ¦      602           2              0.010 
2025-05-23 10:51:09 | INFO |       55.988 ¦      603           2              0.010 
2025-05-23 10:51:09 | INFO |       55.998 ¦      604           2              0.010 
2025-05-23 10:51:09 | INFO |       56.008 ¦      605           2              0.010 
2025-05-23 10:51:09 | INFO |       56.018 ¦      606           2              0.010 
2025-05-23 10:51:09 | INFO |       56.028 ¦      607           2              0.010 
2025-05-23 10:51:09 | INFO |       56.038 ¦      608           2              0.010 
2025-05-23 10:51:09 | INFO |       56.048 ¦      609           2              0.010 
2025-05-23 10:51:09 | INFO |       56.058 ¦      610           2              0.010 
2025-05-23 10:51:09 | INFO |       56.068 ¦      611           2              0.010 
2025-05-23 10:51:09 | INFO |       56.078 ¦      612           2              0.010 
2025-05-23 10:51:09 | INFO |       56.088 ¦      613           2              0.010 
2025-05-23 10:51:09 | INFO |       56.098 ¦      614           2              0.010 
2025-05-23 10:51:09 | INFO |       56.108 ¦      615           2              0.010 
2025-05-23 10:51:09 | INFO |       56.118 ¦      616           2              0.010 
2025-05-23 10:51:09 | INFO |       56.128 ¦      617           2              0.010 
2025-05-23 10:51:09 | INFO |       56.138 ¦      618           2              0.010 
2025-05-23 10:51:09 | INFO |       56.148 ¦      619           2              0.010 
2025-05-23 10:51:09 | INFO |       56.158 ¦      620           2              0.010 
2025-05-23 10:51:09 | INFO |       56.168 ¦      621           2              0.010 
2025-05-23 10:51:09 | INFO |       56.178 ¦      622           2              0.010 
2025-05-23 10:51:09 | INFO |       56.188 ¦      623           2              0.010 
2025-05-23 10:51:09 | INFO |       56.198 ¦      624           2              0.010 
2025-05-23 10:51:09 | INFO |       56.208 ¦      625           2              0.010 
2025-05-23 10:51:09 | INFO |       56.218 ¦      626           2              0.010 
2025-05-23 10:51:09 | INFO |       56.228 ¦      627           2              0.010 
2025-05-23 10:51:09 | INFO |       56.238 ¦      628           2              0.010 
2025-05-23 10:51:09 | INFO |       56.248 ¦      629           2              0.010 
2025-05-23 10:51:09 | INFO |       56.258 ¦      630           2              0.010 
2025-05-23 10:51:09 | INFO |       56.268 ¦      631           2              0.010 
2025-05-23 10:51:09 | INFO |       56.278 ¦      632           2              0.010 
2025-05-23 10:51:09 | INFO |       56.288 ¦      633           2              0.010 
2025-05-23 10:51:09 | INFO |       56.298 ¦      634           2              0.010 
2025-05-23 10:51:09 | INFO |       56.308 ¦      635           2              0.010 
2025-05-23 10:51:09 | INFO |       56.318 ¦      636           2              0.010 
2025-05-23 10:51:09 | INFO |       56.328 ¦      637           2              0.010 
2025-05-23 10:51:09 | INFO |       56.338 ¦      638           2              0.010 
2025-05-23 10:51:09 | INFO |       56.348 ¦      639           2              0.010 
2025-05-23 10:51:09 | INFO |       56.358 ¦      640           2              0.010 
2025-05-23 10:51:09 | INFO |       56.368 ¦      641           2              0.010 
2025-05-23 10:51:09 | INFO |       56.378 ¦      642           2              0.010 
2025-05-23 10:51:09 | INFO |       56.388 ¦      643           2              0.010 
2025-05-23 10:51:09 | INFO |       56.398 ¦      644           2              0.010 
2025-05-23 10:51:09 | INFO |       56.408 ¦      645           2              0.010 
2025-05-23 10:51:09 | INFO |       56.418 ¦      646           2              0.010 
2025-05-23 10:51:09 | INFO |       56.428 ¦      647           2              0.010 
2025-05-23 10:51:09 | INFO |       56.438 ¦      648           2              0.010 
2025-05-23 10:51:09 | INFO |       56.448 ¦      649           2              0.010 
2025-05-23 10:51:09 | INFO |       56.458 ¦      650           2              0.010 
2025-05-23 10:51:09 | INFO |       56.468 ¦      651           2              0.010 
2025-05-23 10:51:09 | INFO |       56.478 ¦      652           2              0.010 
2025-05-23 10:51:09 | INFO |       56.488 ¦      653           2              0.010 
2025-05-23 10:51:09 | INFO |       56.498 ¦      654           2              0.010 
2025-05-23 10:51:09 | INFO |       56.508 ¦      655           2              0.010 
2025-05-23 10:51:09 | INFO |       56.518 ¦      656           2              0.010 
2025-05-23 10:51:09 | INFO |       56.528 ¦      657           2              0.010 
2025-05-23 10:51:09 | INFO |       56.538 ¦      658           2              0.010 
2025-05-23 10:51:09 | INFO |       56.548 ¦      659           2              0.010 
2025-05-23 10:51:09 | INFO |       56.558 ¦      660           2              0.010 
2025-05-23 10:51:09 | INFO |       56.568 ¦      661           2              0.010 
2025-05-23 10:51:09 | INFO |       56.578 ¦      662           2              0.010 
2025-05-23 10:51:09 | INFO |       56.588 ¦      663           2              0.010 
2025-05-23 10:51:09 | INFO |       56.598 ¦      664           2              0.010 
2025-05-23 10:51:09 | INFO |       56.608 ¦      665           2              0.010 
2025-05-23 10:51:09 | INFO |       56.618 ¦      666           2              0.010 
2025-05-23 10:51:09 | INFO |       56.628 ¦      667           2              0.010 
2025-05-23 10:51:09 | INFO |       56.638 ¦      668           2              0.010 
2025-05-23 10:51:09 | INFO |       56.648 ¦      669           2              0.010 
2025-05-23 10:51:09 | INFO |       56.658 ¦      670           2              0.010 
2025-05-23 10:51:09 | INFO |       56.668 ¦      671           2              0.010 
2025-05-23 10:51:09 | INFO |       56.678 ¦      672           2              0.010 
2025-05-23 10:51:09 | INFO |       56.688 ¦      673           2              0.010 
2025-05-23 10:51:09 | INFO |       56.698 ¦      674           2              0.010 
2025-05-23 10:51:09 | INFO |       56.708 ¦      675           2              0.010 
2025-05-23 10:51:09 | INFO |       56.718 ¦      676           2              0.010 
2025-05-23 10:51:09 | INFO |       56.728 ¦      677           2              0.010 
2025-05-23 10:51:09 | INFO |       56.738 ¦      678           2              0.010 
2025-05-23 10:51:09 | INFO |       56.748 ¦      679           2              0.010 
2025-05-23 10:51:09 | INFO |       56.758 ¦      680           2              0.010 
2025-05-23 10:51:09 | INFO |       56.768 ¦      681           2              0.010 
2025-05-23 10:51:09 | INFO |       56.778 ¦      682           2              0.010 
2025-05-23 10:51:09 | INFO |       56.788 ¦      683           2              0.010 
2025-05-23 10:51:09 | INFO |       56.798 ¦      684           2              0.010 
2025-05-23 10:51:09 | INFO |       56.808 ¦      685           2              0.010 
2025-05-23 10:51:09 | INFO |       56.818 ¦      686           2              0.010 
2025-05-23 10:51:09 | INFO |       56.828 ¦      687           2              0.010 
2025-05-23 10:51:09 | INFO |       56.838 ¦      688           2              0.010 
2025-05-23 10:51:09 | INFO |       56.848 ¦      689           2              0.010 
2025-05-23 10:51:09 | INFO |       56.858 ¦      690           2              0.010 
2025-05-23 10:51:09 | INFO |       56.868 ¦      691           2              0.010 
2025-05-23 10:51:09 | INFO |       56.878 ¦      692           2              0.010 
2025-05-23 10:51:09 | INFO |       56.888 ¦      693           2              0.010 
2025-05-23 10:51:09 | INFO |       56.898 ¦      694           2              0.010 
2025-05-23 10:51:09 | INFO |       56.908 ¦      695           2              0.010 
2025-05-23 10:51:09 | INFO |       56.918 ¦      696           2              0.010 
2025-05-23 10:51:09 | INFO |       56.928 ¦      697           2              0.010 
2025-05-23 10:51:09 | INFO |       56.938 ¦      698           2              0.010 
2025-05-23 10:51:09 | INFO |       56.948 ¦      699           2              0.010 
2025-05-23 10:51:09 | INFO |       56.958 ¦      700           2              0.010 
2025-05-23 10:51:09 | INFO |       56.968 ¦      701           2              0.010 
2025-05-23 10:51:09 | INFO |       56.978 ¦      702           2              0.010 
2025-05-23 10:51:09 | INFO |       56.988 ¦      703           2              0.010 
2025-05-23 10:51:09 | INFO |       56.998 ¦      704           2              0.010 
2025-05-23 10:51:09 | INFO |       57.008 ¦      705           2              0.010 
2025-05-23 10:51:09 | INFO |       57.018 ¦      706           2              0.010 
2025-05-23 10:51:09 | INFO |       57.028 ¦      707           2              0.010 
2025-05-23 10:51:09 | INFO |       57.038 ¦      708           2              0.010 
2025-05-23 10:51:09 | INFO |       57.048 ¦      709           2              0.010 
2025-05-23 10:51:09 | INFO |       57.058 ¦      710           2              0.010 
2025-05-23 10:51:09 | INFO |       57.068 ¦      711           2              0.010 
2025-05-23 10:51:09 | INFO |       57.078 ¦      712           2              0.010 
2025-05-23 10:51:09 | INFO |       57.088 ¦      713           2              0.010 
2025-05-23 10:51:09 | INFO |       57.098 ¦      714           2              0.010 
2025-05-23 10:51:09 | INFO |       57.108 ¦      715           2              0.010 
2025-05-23 10:51:09 | INFO |       57.118 ¦      716           2              0.010 
2025-05-23 10:51:09 | INFO |       57.128 ¦      717           2              0.010 
2025-05-23 10:51:09 | INFO |       57.138 ¦      718           2              0.010 
2025-05-23 10:51:09 | INFO |       57.148 ¦      719           2              0.010 
2025-05-23 10:51:09 | INFO |       57.158 ¦      720           2              0.010 
2025-05-23 10:51:09 | INFO |       57.168 ¦      721           2              0.010 
2025-05-23 10:51:09 | INFO |       57.178 ¦      722           2              0.010 
2025-05-23 10:51:09 | INFO |       57.188 ¦      723           2              0.010 
2025-05-23 10:51:09 | INFO |       57.198 ¦      724           2              0.010 
2025-05-23 10:51:09 | INFO |       57.208 ¦      725           2              0.010 
2025-05-23 10:51:09 | INFO |       57.218 ¦      726           2              0.010 
2025-05-23 10:51:09 | INFO |       57.228 ¦      727           2              0.010 
2025-05-23 10:51:09 | INFO |       57.238 ¦      728           2              0.010 
2025-05-23 10:51:09 | INFO |       57.248 ¦      729           2              0.010 
2025-05-23 10:51:09 | INFO |       57.258 ¦      730           2              0.010 
2025-05-23 10:51:09 | INFO |       57.268 ¦      731           2              0.010 
2025-05-23 10:51:09 | INFO |       57.278 ¦      732           2              0.010 
2025-05-23 10:51:09 | INFO |       57.288 ¦      733           2              0.010 
2025-05-23 10:51:09 | INFO |       57.298 ¦      734           2              0.010 
2025-05-23 10:51:09 | INFO |       57.308 ¦      735           2              0.010 
2025-05-23 10:51:09 | INFO |       57.318 ¦      736           2              0.010 
2025-05-23 10:51:09 | INFO |       57.328 ¦      737           2              0.010 
2025-05-23 10:51:09 | INFO |       57.338 ¦      738           2              0.010 
2025-05-23 10:51:09 | INFO |       57.348 ¦      739           2              0.010 
2025-05-23 10:51:09 | INFO |       57.358 ¦      740           2              0.010 
2025-05-23 10:51:09 | INFO |       57.368 ¦      741           2              0.010 
2025-05-23 10:51:09 | INFO |       57.378 ¦      742           2              0.010 
2025-05-23 10:51:09 | INFO |       57.388 ¦      743           2              0.010 
2025-05-23 10:51:09 | INFO |       57.398 ¦      744           2              0.010 
2025-05-23 10:51:09 | INFO |       57.408 ¦      745           2              0.010 
2025-05-23 10:51:09 | INFO |       57.418 ¦      746           2              0.010 
2025-05-23 10:51:09 | INFO |       57.428 ¦      747           2              0.010 
2025-05-23 10:51:09 | INFO |       57.438 ¦      748           2              0.010 
2025-05-23 10:51:09 | INFO |       57.448 ¦      749           2              0.010 
2025-05-23 10:51:09 | INFO |       57.458 ¦      750           2              0.010 
2025-05-23 10:51:09 | INFO |       57.468 ¦      751           2              0.010 
2025-05-23 10:51:09 | INFO |       57.478 ¦      752           2              0.010 
2025-05-23 10:51:09 | INFO |       57.488 ¦      753           2              0.010 
2025-05-23 10:51:09 | INFO |       57.498 ¦      754           2              0.010 
2025-05-23 10:51:09 | INFO |       57.508 ¦      755           2              0.010 
2025-05-23 10:51:09 | INFO |       57.518 ¦      756           2              0.010 
2025-05-23 10:51:09 | INFO |       57.528 ¦      757           2              0.010 
2025-05-23 10:51:09 | INFO |       57.538 ¦      758           2              0.010 
2025-05-23 10:51:09 | INFO |       57.548 ¦      759           2              0.010 
2025-05-23 10:51:09 | INFO |       57.558 ¦      760           2              0.010 
2025-05-23 10:51:09 | INFO |       57.568 ¦      761           2              0.010 
2025-05-23 10:51:09 | INFO |       57.578 ¦      762           2              0.010 
2025-05-23 10:51:09 | INFO |       57.588 ¦      763           2              0.010 
2025-05-23 10:51:09 | INFO |       57.598 ¦      764           2              0.010 
2025-05-23 10:51:09 | INFO |       57.608 ¦      765           2              0.010 
2025-05-23 10:51:09 | INFO |       57.618 ¦      766           2              0.010 
2025-05-23 10:51:09 | INFO |       57.628 ¦      767           2              0.010 
2025-05-23 10:51:09 | INFO |       57.638 ¦      768           2              0.010 
2025-05-23 10:51:09 | INFO |       57.648 ¦      769           2              0.010 
2025-05-23 10:51:09 | INFO |       57.658 ¦      770           2              0.010 
2025-05-23 10:51:09 | INFO |       57.668 ¦      771           2              0.010 
2025-05-23 10:51:09 | INFO |       57.678 ¦      772           2              0.010 
2025-05-23 10:51:09 | INFO |       57.688 ¦      773           2              0.010 
2025-05-23 10:51:09 | INFO |       57.698 ¦      774           2              0.010 
2025-05-23 10:51:09 | INFO |       57.708 ¦      775           2              0.010 
2025-05-23 10:51:09 | INFO |       57.718 ¦      776           2              0.010 
2025-05-23 10:51:09 | INFO |       57.728 ¦      777           2              0.010 
2025-05-23 10:51:09 | INFO |       57.738 ¦      778           2              0.010 
2025-05-23 10:51:09 | INFO |       57.748 ¦      779           2              0.010 
2025-05-23 10:51:09 | INFO |       57.758 ¦      780           2              0.010 
2025-05-23 10:51:09 | INFO |       57.768 ¦      781           2              0.010 
2025-05-23 10:51:09 | INFO |       57.778 ¦      782           2              0.010 
2025-05-23 10:51:09 | INFO |       57.788 ¦      783           2              0.010 
2025-05-23 10:51:09 | INFO |       57.798 ¦      784           2              0.010 
2025-05-23 10:51:09 | INFO |       57.808 ¦      785           2              0.010 
2025-05-23 10:51:09 | INFO |       57.818 ¦      786           2              0.010 
2025-05-23 10:51:09 | INFO |       57.828 ¦      787           2              0.010 
2025-05-23 10:51:09 | INFO |       57.838 ¦      788           2              0.010 
2025-05-23 10:51:09 | INFO |       57.848 ¦      789           2              0.010 
2025-05-23 10:51:09 | INFO |       57.858 ¦      790           2              0.010 
2025-05-23 10:51:09 | INFO |       57.868 ¦      791           2              0.010 
2025-05-23 10:51:09 | INFO |       57.878 ¦      792           2              0.010 
2025-05-23 10:51:09 | INFO |       57.888 ¦      793           2              0.010 
2025-05-23 10:51:09 | INFO |       57.898 ¦      794           2              0.010 
2025-05-23 10:51:09 | INFO |       57.908 ¦      795           2              0.010 
2025-05-23 10:51:09 | INFO |       57.918 ¦      796           2              0.010 
2025-05-23 10:51:09 | INFO |       57.928 ¦      797           2              0.010 
2025-05-23 10:51:09 | INFO |       57.938 ¦      798           2              0.010 
2025-05-23 10:51:09 | INFO |       57.948 ¦      799           2              0.010 
2025-05-23 10:51:09 | INFO |       57.958 ¦      800           2              0.010 
2025-05-23 10:51:09 | INFO |       57.968 ¦      801           2              0.010 
2025-05-23 10:51:09 | INFO |       57.978 ¦      802           2              0.010 
2025-05-23 10:51:09 | INFO |       57.988 ¦      803           2              0.010 
2025-05-23 10:51:09 | INFO |       57.998 ¦      804           2              0.010 
2025-05-23 10:51:09 | INFO |       58.008 ¦      805           2              0.010 
2025-05-23 10:51:09 | INFO |       58.018 ¦      806           2              0.010 
2025-05-23 10:51:09 | INFO |       58.028 ¦      807           2              0.010 
2025-05-23 10:51:09 | INFO |       58.038 ¦      808           2              0.010 
2025-05-23 10:51:09 | INFO |       58.048 ¦      809           2              0.010 
2025-05-23 10:51:09 | INFO |       58.058 ¦      810           2              0.010 
2025-05-23 10:51:09 | INFO |       58.068 ¦      811           2              0.010 
2025-05-23 10:51:09 | INFO |       58.078 ¦      812           2              0.010 
2025-05-23 10:51:09 | INFO |       58.088 ¦      813           2              0.010 
2025-05-23 10:51:09 | INFO |       58.098 ¦      814           2              0.010 
2025-05-23 10:51:09 | INFO |       58.108 ¦      815           2              0.010 
2025-05-23 10:51:09 | INFO |       58.118 ¦      816           2              0.010 
2025-05-23 10:51:09 | INFO |       58.128 ¦      817           2              0.010 
2025-05-23 10:51:09 | INFO |       58.138 ¦      818           2              0.010 
2025-05-23 10:51:09 | INFO |       58.148 ¦      819           2              0.010 
2025-05-23 10:51:09 | INFO |       58.158 ¦      820           2              0.010 
2025-05-23 10:51:09 | INFO |       58.168 ¦      821           2              0.010 
2025-05-23 10:51:09 | INFO |       58.178 ¦      822           2              0.010 
2025-05-23 10:51:09 | INFO |       58.188 ¦      823           2              0.010 
2025-05-23 10:51:09 | INFO |       58.198 ¦      824           2              0.010 
2025-05-23 10:51:09 | INFO |       58.208 ¦      825           2              0.010 
2025-05-23 10:51:09 | INFO |       58.218 ¦      826           2              0.010 
2025-05-23 10:51:09 | INFO |       58.228 ¦      827           2              0.010 
2025-05-23 10:51:09 | INFO |       58.238 ¦      828           2              0.010 
2025-05-23 10:51:09 | INFO |       58.248 ¦      829           2              0.010 
2025-05-23 10:51:09 | INFO |       58.258 ¦      830           2              0.010 
2025-05-23 10:51:09 | INFO |       58.268 ¦      831           2              0.010 
2025-05-23 10:51:09 | INFO |       58.278 ¦      832           2              0.010 
2025-05-23 10:51:09 | INFO |       58.288 ¦      833           2              0.010 
2025-05-23 10:51:09 | INFO |       58.298 ¦      834           2              0.010 
2025-05-23 10:51:09 | INFO |       58.308 ¦      835           2              0.010 
2025-05-23 10:51:09 | INFO |       58.318 ¦      836           2              0.010 
2025-05-23 10:51:09 | INFO |       58.328 ¦      837           2              0.010 
2025-05-23 10:51:09 | INFO |       58.338 ¦      838           2              0.010 
2025-05-23 10:51:09 | INFO |       58.348 ¦      839           2              0.010 
2025-05-23 10:51:09 | INFO |       58.358 ¦      840           2              0.010 
2025-05-23 10:51:09 | INFO |       58.368 ¦      841           2              0.010 
2025-05-23 10:51:09 | INFO |       58.378 ¦      842           2              0.010 
2025-05-23 10:51:09 | INFO |       58.388 ¦      843           2              0.010 
2025-05-23 10:51:09 | INFO |       58.398 ¦      844           2              0.010 
2025-05-23 10:51:09 | INFO |       58.408 ¦      845           2              0.010 
2025-05-23 10:51:09 | INFO |       58.418 ¦      846           2              0.010 
2025-05-23 10:51:09 | INFO |       58.428 ¦      847           2              0.010 
2025-05-23 10:51:09 | INFO |       58.438 ¦      848           2              0.010 
2025-05-23 10:51:09 | INFO |       58.448 ¦      849           2              0.010 
2025-05-23 10:51:09 | INFO |       58.458 ¦      850           2              0.010 
2025-05-23 10:51:09 | INFO |       58.468 ¦      851           2              0.010 
2025-05-23 10:51:09 | INFO |       58.478 ¦      852           2              0.010 
2025-05-23 10:51:09 | INFO |       58.488 ¦      853           2              0.010 
2025-05-23 10:51:09 | INFO |       58.498 ¦      854           2              0.010 
2025-05-23 10:51:09 | INFO |       58.508 ¦      855           2              0.010 
2025-05-23 10:51:09 | INFO |       58.518 ¦      856           2              0.010 
2025-05-23 10:51:09 | INFO |       58.528 ¦      857           2              0.010 
2025-05-23 10:51:09 | INFO |       58.538 ¦      858           2              0.010 
2025-05-23 10:51:09 | INFO |       58.548 ¦      859           2              0.010 
2025-05-23 10:51:09 | INFO |       58.558 ¦      860           2              0.010 
2025-05-23 10:51:09 | INFO |       58.568 ¦      861           2              0.010 
2025-05-23 10:51:09 | INFO |       58.578 ¦      862           2              0.010 
2025-05-23 10:51:09 | INFO |       58.588 ¦      863           2              0.010 
2025-05-23 10:51:09 | INFO |       58.598 ¦      864           2              0.010 
2025-05-23 10:51:09 | INFO |       58.608 ¦      865           2              0.010 
2025-05-23 10:51:09 | INFO |       58.618 ¦      866           2              0.010 
2025-05-23 10:51:09 | INFO |       58.628 ¦      867           2              0.010 
2025-05-23 10:51:09 | INFO |       58.638 ¦      868           2              0.010 
2025-05-23 10:51:09 | INFO |       58.648 ¦      869           2              0.010 
2025-05-23 10:51:09 | INFO |       58.658 ¦      870           2              0.010 
2025-05-23 10:51:09 | INFO |       58.668 ¦      871           2              0.010 
2025-05-23 10:51:09 | INFO |       58.678 ¦      872           2              0.010 
2025-05-23 10:51:09 | INFO |       58.688 ¦      873           2              0.010 
2025-05-23 10:51:09 | INFO |       58.698 ¦      874           2              0.010 
2025-05-23 10:51:09 | INFO |       58.708 ¦      875           2              0.010 
2025-05-23 10:51:09 | INFO |       58.718 ¦      876           2              0.010 
2025-05-23 10:51:09 | INFO |       58.728 ¦      877           2              0.010 
2025-05-23 10:51:09 | INFO |       58.738 ¦      878           2              0.010 
2025-05-23 10:51:09 | INFO |       58.748 ¦      879           2              0.010 
2025-05-23 10:51:09 | INFO |       58.758 ¦      880           2              0.010 
2025-05-23 10:51:09 | INFO |       58.768 ¦      881           2              0.010 
2025-05-23 10:51:09 | INFO |       58.778 ¦      882           2              0.010 
2025-05-23 10:51:09 | INFO |       58.788 ¦      883           2              0.010 
2025-05-23 10:51:09 | INFO |       58.798 ¦      884           2              0.010 
2025-05-23 10:51:09 | INFO |       58.808 ¦      885           2              0.010 
2025-05-23 10:51:09 | INFO |       58.818 ¦      886           2              0.010 
2025-05-23 10:51:09 | INFO |       58.828 ¦      887           2              0.010 
2025-05-23 10:51:09 | INFO |       58.838 ¦      888           2              0.010 
2025-05-23 10:51:09 | INFO |       58.848 ¦      889           2              0.010 
2025-05-23 10:51:09 | INFO |       58.858 ¦      890           2              0.010 
2025-05-23 10:51:09 | INFO |       58.868 ¦      891           2              0.010 
2025-05-23 10:51:09 | INFO |       58.878 ¦      892           2              0.010 
2025-05-23 10:51:09 | INFO |       58.888 ¦      893           2              0.010 
2025-05-23 10:51:09 | INFO |       58.898 ¦      894           2              0.010 
2025-05-23 10:51:09 | INFO |       58.908 ¦      895           2              0.010 
2025-05-23 10:51:09 | INFO |       58.918 ¦      896           2              0.010 
2025-05-23 10:51:09 | INFO |       58.928 ¦      897           2              0.010 
2025-05-23 10:51:09 | INFO |       58.938 ¦      898           2              0.010 
2025-05-23 10:51:09 | INFO |       58.948 ¦      899           2              0.010 
2025-05-23 10:51:09 | INFO |       58.958 ¦      900           2              0.010 
2025-05-23 10:51:09 | INFO |       58.968 ¦      901           2              0.010 
2025-05-23 10:51:09 | INFO |       58.978 ¦      902           2              0.010 
2025-05-23 10:51:09 | INFO |       58.988 ¦      903           2              0.010 
2025-05-23 10:51:09 | INFO |       58.998 ¦      904           2              0.010 
2025-05-23 10:51:09 | INFO |       59.008 ¦      905           2              0.010 
2025-05-23 10:51:09 | INFO |       59.018 ¦      906           2              0.010 
2025-05-23 10:51:09 | INFO |       59.028 ¦      907           2              0.010 
2025-05-23 10:51:09 | INFO |       59.038 ¦      908           2              0.010 
2025-05-23 10:51:09 | INFO |       59.048 ¦      909           2              0.010 
2025-05-23 10:51:09 | INFO |       59.058 ¦      910           2              0.010 
2025-05-23 10:51:09 | INFO |       59.068 ¦      911           2              0.010 
2025-05-23 10:51:09 | INFO |       59.078 ¦      912           2              0.010 
2025-05-23 10:51:09 | INFO |       59.088 ¦      913           2              0.010 
2025-05-23 10:51:09 | INFO |       59.098 ¦      914           2              0.010 
2025-05-23 10:51:09 | INFO |       59.108 ¦      915           2              0.010 
2025-05-23 10:51:09 | INFO |       59.118 ¦      916           2              0.010 
2025-05-23 10:51:09 | INFO |       59.128 ¦      917           2              0.010 
2025-05-23 10:51:09 | INFO |       59.138 ¦      918           2              0.010 
2025-05-23 10:51:09 | INFO |       59.148 ¦      919           2              0.010 
2025-05-23 10:51:09 | INFO |       59.158 ¦      920           2              0.010 
2025-05-23 10:51:09 | INFO |       59.168 ¦      921           2              0.010 
2025-05-23 10:51:09 | INFO |       59.178 ¦      922           2              0.010 
2025-05-23 10:51:09 | INFO |       59.188 ¦      923           2              0.010 
2025-05-23 10:51:09 | INFO |       59.198 ¦      924           2              0.010 
2025-05-23 10:51:09 | INFO |       59.208 ¦      925           2              0.010 
2025-05-23 10:51:09 | INFO |       59.218 ¦      926           2              0.010 
2025-05-23 10:51:09 | INFO |       59.228 ¦      927           2              0.010 
2025-05-23 10:51:09 | INFO |       59.238 ¦      928           2              0.010 
2025-05-23 10:51:09 | INFO |       59.248 ¦      929           2              0.010 
2025-05-23 10:51:09 | INFO |       59.258 ¦      930           2              0.010 
2025-05-23 10:51:09 | INFO |       59.268 ¦      931           2              0.010 
2025-05-23 10:51:09 | INFO |       59.278 ¦      932           2              0.010 
2025-05-23 10:51:09 | INFO |       59.288 ¦      933           2              0.010 
2025-05-23 10:51:09 | INFO |       59.298 ¦      934           2              0.010 
2025-05-23 10:51:09 | INFO |       59.308 ¦      935           2              0.010 
2025-05-23 10:51:09 | INFO |       59.318 ¦      936           2              0.010 
2025-05-23 10:51:09 | INFO |       59.328 ¦      937           2              0.010 
2025-05-23 10:51:09 | INFO |       59.338 ¦      938           2              0.010 
2025-05-23 10:51:09 | INFO |       59.348 ¦      939           2              0.010 
2025-05-23 10:51:09 | INFO |       59.358 ¦      940           2              0.010 
2025-05-23 10:51:09 | INFO |       59.368 ¦      941           2              0.010 
2025-05-23 10:51:09 | INFO |       59.378 ¦      942           2              0.010 
2025-05-23 10:51:09 | INFO |       59.388 ¦      943           2              0.010 
2025-05-23 10:51:09 | INFO |       59.398 ¦      944           2              0.010 
2025-05-23 10:51:09 | INFO |       59.408 ¦      945           2              0.010 
2025-05-23 10:51:09 | INFO |       59.418 ¦      946           2              0.010 
2025-05-23 10:51:09 | INFO |       59.428 ¦      947           2              0.010 
2025-05-23 10:51:09 | INFO |       59.438 ¦      948           2              0.010 
2025-05-23 10:51:09 | INFO |       59.448 ¦      949           2              0.010 
2025-05-23 10:51:09 | INFO |       59.458 ¦      950           2              0.010 
2025-05-23 10:51:09 | INFO |       59.468 ¦      951           2              0.010 
2025-05-23 10:51:09 | INFO |       59.478 ¦      952           2              0.010 
2025-05-23 10:51:09 | INFO |       59.488 ¦      953           2              0.010 
2025-05-23 10:51:09 | INFO |       59.498 ¦      954           2              0.010 
2025-05-23 10:51:09 | INFO |       59.508 ¦      955           2              0.010 
2025-05-23 10:51:09 | INFO |       59.518 ¦      956           2              0.010 
2025-05-23 10:51:09 | INFO |       59.528 ¦      957           2              0.010 
2025-05-23 10:51:09 | INFO |       59.538 ¦      958           2              0.010 
2025-05-23 10:51:09 | INFO |       59.548 ¦      959           2              0.010 
2025-05-23 10:51:09 | INFO |       59.558 ¦      960           2              0.010 
2025-05-23 10:51:09 | INFO |       59.568 ¦      961           2              0.010 
2025-05-23 10:51:09 | INFO |       59.578 ¦      962           2              0.010 
2025-05-23 10:51:09 | INFO |       59.588 ¦      963           2              0.010 
2025-05-23 10:51:09 | INFO |       59.598 ¦      964           2              0.010 
2025-05-23 10:51:09 | INFO |       59.608 ¦      965           2              0.010 
2025-05-23 10:51:09 | INFO |       59.618 ¦      966           2              0.010 
2025-05-23 10:51:09 | INFO |       59.628 ¦      967           2              0.010 
2025-05-23 10:51:09 | INFO |       59.638 ¦      968           2              0.010 
2025-05-23 10:51:09 | INFO |       59.648 ¦      969           2              0.010 
2025-05-23 10:51:09 | INFO |       59.658 ¦      970           2              0.010 
2025-05-23 10:51:09 | INFO |       59.668 ¦      971           2              0.010 
2025-05-23 10:51:09 | INFO |       59.678 ¦      972           2              0.010 
2025-05-23 10:51:09 | INFO |       59.688 ¦      973           2              0.010 
2025-05-23 10:51:09 | INFO |       59.698 ¦      974           2              0.010 
2025-05-23 10:51:09 | INFO |       59.708 ¦      975           2              0.010 
2025-05-23 10:51:09 | INFO |       59.718 ¦      976           2              0.010 
2025-05-23 10:51:09 | INFO |       59.728 ¦      977           2              0.010 
2025-05-23 10:51:09 | INFO |       59.738 ¦      978           2              0.010 
2025-05-23 10:51:09 | INFO |       59.748 ¦      979           2              0.010 
2025-05-23 10:51:09 | INFO |       59.758 ¦      980           2              0.010 
2025-05-23 10:51:09 | INFO |       59.768 ¦      981           2              0.010 
2025-05-23 10:51:09 | INFO |       59.778 ¦      982           2              0.010 
2025-05-23 10:51:09 | INFO |       59.788 ¦      983           2              0.010 
2025-05-23 10:51:09 | INFO |       59.798 ¦      984           2              0.010 
2025-05-23 10:51:09 | INFO |       59.808 ¦      985           2              0.010 
2025-05-23 10:51:09 | INFO |       59.818 ¦      986           2              0.010 
2025-05-23 10:51:09 | INFO |       59.828 ¦      987           2              0.010 
2025-05-23 10:51:09 | INFO |       59.838 ¦      988           2              0.010 
2025-05-23 10:51:09 | INFO |       59.848 ¦      989           2              0.010 
2025-05-23 10:51:09 | INFO |       59.858 ¦      990           2              0.010 
2025-05-23 10:51:09 | INFO |       59.868 ¦      991           2              0.010 
2025-05-23 10:51:09 | INFO |       59.878 ¦      992           2              0.010 
2025-05-23 10:51:09 | INFO |       59.888 ¦      993           2              0.010 
2025-05-23 10:51:09 | INFO |       59.898 ¦      994           2              0.010 
2025-05-23 10:51:09 | INFO |       59.908 ¦      995           2              0.010 
2025-05-23 10:51:09 | INFO |       59.918 ¦      996           2              0.010 
2025-05-23 10:51:09 | INFO |       59.928 ¦      997           2              0.010 
2025-05-23 10:51:09 | INFO |       59.938 ¦      998           2              0.010 
2025-05-23 10:51:09 | INFO |       59.948 ¦      999           2              0.010 
2025-05-23 10:51:09 | INFO |       59.958 ¦     1000           2              0.010 
2025-05-23 10:51:09 | INFO |       59.968 ¦     1001           2              0.010 
2025-05-23 10:51:09 | INFO |       59.978 ¦     1002           2              0.010 
2025-05-23 10:51:09 | INFO |       59.988 ¦     1003           2              0.010 
2025-05-23 10:51:09 | INFO |       59.998 ¦     1004           2              0.010 
2025-05-23 10:51:09 | INFO |       60.008 ¦     1005           2              0.010 
2025-05-23 10:51:09 | INFO |       60.018 ¦     1006           2              0.010 
2025-05-23 10:51:09 | INFO |       60.028 ¦     1007           2              0.010 
2025-05-23 10:51:09 | INFO |       60.038 ¦     1008           2              0.010 
2025-05-23 10:51:09 | INFO |       60.048 ¦     1009           2              0.010 
2025-05-23 10:51:09 | INFO |       60.058 ¦     1010           2              0.010 
2025-05-23 10:51:09 | INFO |       60.068 ¦     1011           2              0.010 
2025-05-23 10:51:09 | INFO |       60.078 ¦     1012           2              0.010 
2025-05-23 10:51:09 | INFO |       60.088 ¦     1013           2              0.010 
2025-05-23 10:51:09 | INFO |       60.098 ¦     1014           2              0.010 
2025-05-23 10:51:09 | INFO |       60.108 ¦     1015           2              0.010 
2025-05-23 10:51:09 | INFO |       60.118 ¦     1016           2              0.010 
2025-05-23 10:51:09 | INFO |       60.128 ¦     1017           2              0.010 
2025-05-23 10:51:09 | INFO |       60.138 ¦     1018           2              0.010 
2025-05-23 10:51:09 | INFO |       60.148 ¦     1019           2              0.010 
2025-05-23 10:51:09 | INFO |       60.158 ¦     1020           2              0.010 
2025-05-23 10:51:09 | INFO |       60.168 ¦     1021           2              0.010 
2025-05-23 10:51:09 | INFO |       60.178 ¦     1022           2              0.010 
2025-05-23 10:51:09 | INFO |       60.188 ¦     1023           2              0.010 
2025-05-23 10:51:09 | INFO |       60.198 ¦     1024           2              0.010 
2025-05-23 10:51:09 | INFO |       60.208 ¦     1025           2              0.010 
2025-05-23 10:51:09 | INFO |       60.218 ¦     1026           2              0.010 
2025-05-23 10:51:09 | INFO |       60.228 ¦     1027           2              0.010 
2025-05-23 10:51:09 | INFO |       60.238 ¦     1028           2              0.010 
2025-05-23 10:51:09 | INFO |       60.248 ¦     1029           2              0.010 
2025-05-23 10:51:09 | INFO |       60.258 ¦     1030           2              0.010 
2025-05-23 10:51:09 | INFO |       60.268 ¦     1031           2              0.010 
2025-05-23 10:51:09 | INFO |       60.278 ¦     1032           2              0.010 
2025-05-23 10:51:09 | INFO |       60.288 ¦     1033           2              0.010 
2025-05-23 10:51:09 | INFO |       60.298 ¦     1034           2              0.010 
2025-05-23 10:51:09 | INFO |       60.308 ¦     1035           2              0.010 
2025-05-23 10:51:09 | INFO |       60.318 ¦     1036           2              0.010 
2025-05-23 10:51:09 | INFO |       60.328 ¦     1037           2              0.010 
2025-05-23 10:51:09 | INFO |       60.338 ¦     1038           2              0.010 
2025-05-23 10:51:09 | INFO |       60.348 ¦     1039           2              0.010 
2025-05-23 10:51:09 | INFO |       60.358 ¦     1040           2              0.010 
2025-05-23 10:51:09 | INFO |       60.368 ¦     1041           2              0.010 
2025-05-23 10:51:09 | INFO |       60.378 ¦     1042           2              0.010 
2025-05-23 10:51:09 | INFO |       60.388 ¦     1043           2              0.010 
2025-05-23 10:51:09 | INFO |       60.398 ¦     1044           2              0.010 
2025-05-23 10:51:09 | INFO |       60.408 ¦     1045           2              0.010 
2025-05-23 10:51:09 | INFO |       60.418 ¦     1046           2              0.010 
2025-05-23 10:51:09 | INFO |       60.428 ¦     1047           2              0.010 
2025-05-23 10:51:09 | INFO |       60.438 ¦     1048           2              0.010 
2025-05-23 10:51:09 | INFO |       60.448 ¦     1049           2              0.010 
2025-05-23 10:51:09 | INFO |       60.458 ¦     1050           2              0.010 
2025-05-23 10:51:09 | INFO |       60.468 ¦     1051           2              0.010 
2025-05-23 10:51:09 | INFO |       60.478 ¦     1052           2              0.010 
2025-05-23 10:51:09 | INFO |       60.488 ¦     1053           2              0.010 
2025-05-23 10:51:09 | INFO |       60.498 ¦     1054           2              0.010 
2025-05-23 10:51:09 | INFO |       60.508 ¦     1055           2              0.010 
2025-05-23 10:51:09 | INFO |       60.518 ¦     1056           2              0.010 
2025-05-23 10:51:09 | INFO |       60.528 ¦     1057           2              0.010 
2025-05-23 10:51:09 | INFO |       60.538 ¦     1058           2              0.010 
2025-05-23 10:51:09 | INFO |       60.548 ¦     1059           2              0.010 
2025-05-23 10:51:09 | INFO |       60.558 ¦     1060           2              0.010 
2025-05-23 10:51:09 | INFO |       60.568 ¦     1061           2              0.010 
2025-05-23 10:51:09 | INFO |       60.578 ¦     1062           2              0.010 
2025-05-23 10:51:09 | INFO |       60.588 ¦     1063           2              0.010 
2025-05-23 10:51:09 | INFO |       60.598 ¦     1064           2              0.010 
2025-05-23 10:51:09 | INFO |       60.608 ¦     1065           2              0.010 
2025-05-23 10:51:09 | INFO |       60.618 ¦     1066           2              0.010 
2025-05-23 10:51:09 | INFO |       60.628 ¦     1067           2              0.010 
2025-05-23 10:51:09 | INFO |       60.638 ¦     1068           2              0.010 
2025-05-23 10:51:09 | INFO |       60.648 ¦     1069           2              0.010 
2025-05-23 10:51:09 | INFO |       60.658 ¦     1070           2              0.010 
2025-05-23 10:51:09 | INFO |       60.668 ¦     1071           2              0.010 
2025-05-23 10:51:09 | INFO |       60.678 ¦     1072           2              0.010 
2025-05-23 10:51:09 | INFO |       60.688 ¦     1073           2              0.010 
2025-05-23 10:51:09 | INFO |       60.698 ¦     1074           2              0.010 
2025-05-23 10:51:09 | INFO |       60.708 ¦     1075           2              0.010 
2025-05-23 10:51:09 | INFO |       60.718 ¦     1076           2              0.010 
2025-05-23 10:51:09 | INFO |       60.728 ¦     1077           2              0.010 
2025-05-23 10:51:09 | INFO |       60.738 ¦     1078           2              0.010 
2025-05-23 10:51:09 | INFO |       60.748 ¦     1079           2              0.010 
2025-05-23 10:51:09 | INFO |       60.758 ¦     1080           2              0.010 
2025-05-23 10:51:09 | INFO |       60.768 ¦     1081           2              0.010 
2025-05-23 10:51:09 | INFO |       60.778 ¦     1082           2              0.010 
2025-05-23 10:51:09 | INFO |       60.788 ¦     1083           2              0.010 
2025-05-23 10:51:09 | INFO |       60.798 ¦     1084           2              0.010 
2025-05-23 10:51:09 | INFO |       60.808 ¦     1085           2              0.010 
2025-05-23 10:51:09 | INFO |       60.818 ¦     1086           2              0.010 
2025-05-23 10:51:09 | INFO |       60.828 ¦     1087           2              0.010 
2025-05-23 10:51:09 | INFO |       60.838 ¦     1088           2              0.010 
2025-05-23 10:51:09 | INFO |       60.848 ¦     1089           2              0.010 
2025-05-23 10:51:09 | INFO |       60.858 ¦     1090           2              0.010 
2025-05-23 10:51:09 | INFO |       60.868 ¦     1091           2              0.010 
2025-05-23 10:51:09 | INFO |       60.878 ¦     1092           2              0.010 
2025-05-23 10:51:09 | INFO |       60.888 ¦     1093           2              0.010 
2025-05-23 10:51:09 | INFO |       60.898 ¦     1094           2              0.010 
2025-05-23 10:51:09 | INFO |       60.908 ¦     1095           2              0.010 
2025-05-23 10:51:09 | INFO |       60.918 ¦     1096           2              0.010 
2025-05-23 10:51:09 | INFO |       60.928 ¦     1097           2              0.010 
2025-05-23 10:51:09 | INFO |       60.938 ¦     1098           2              0.010 
2025-05-23 10:51:09 | INFO |       60.948 ¦     1099           2              0.010 
2025-05-23 10:51:09 | INFO |       60.958 ¦     1100           2              0.010 
2025-05-23 10:51:09 | INFO |       60.968 ¦     1101           2              0.010 
2025-05-23 10:51:09 | INFO |       60.978 ¦     1102           2              0.010 
2025-05-23 10:51:09 | INFO |       60.988 ¦     1103           2              0.010 
2025-05-23 10:51:09 | INFO |       60.998 ¦     1104           2              0.010 
2025-05-23 10:51:09 | INFO |       61.008 ¦     1105           2              0.010 
2025-05-23 10:51:09 | INFO |       61.018 ¦     1106           2              0.010 
2025-05-23 10:51:09 | INFO |       61.028 ¦     1107           2              0.010 
2025-05-23 10:51:09 | INFO |       61.038 ¦     1108           2              0.010 
2025-05-23 10:51:09 | INFO |       61.048 ¦     1109           2              0.010 
2025-05-23 10:51:09 | INFO |       61.058 ¦     1110           2              0.010 
2025-05-23 10:51:09 | INFO |       61.068 ¦     1111           2              0.010 
2025-05-23 10:51:09 | INFO |       61.078 ¦     1112           2              0.010 
2025-05-23 10:51:09 | INFO |       61.088 ¦     1113           2              0.010 
2025-05-23 10:51:09 | INFO |       61.098 ¦     1114           2              0.010 
2025-05-23 10:51:09 | INFO |       61.108 ¦     1115           2              0.010 
2025-05-23 10:51:09 | INFO |       61.118 ¦     1116           2              0.010 
2025-05-23 10:51:09 | INFO |       61.128 ¦     1117           2              0.010 
2025-05-23 10:51:09 | INFO |       61.138 ¦     1118           2              0.010 
2025-05-23 10:51:09 | INFO |       61.148 ¦     1119           2              0.010 
2025-05-23 10:51:09 | INFO |       61.158 ¦     1120           2              0.010 
2025-05-23 10:51:09 | INFO |       61.168 ¦     1121           2              0.010 
2025-05-23 10:51:09 | INFO |       61.178 ¦     1122           2              0.010 
2025-05-23 10:51:09 | INFO |       61.188 ¦     1123           2              0.010 
2025-05-23 10:51:09 | INFO |       61.198 ¦     1124           2              0.010 
2025-05-23 10:51:09 | INFO |       61.208 ¦     1125           2              0.010 
2025-05-23 10:51:09 | INFO |       61.218 ¦     1126           2              0.010 
2025-05-23 10:51:09 | INFO |       61.228 ¦     1127           2              0.010 
2025-05-23 10:51:09 | INFO |       61.238 ¦     1128           2              0.010 
2025-05-23 10:51:09 | INFO |       61.248 ¦     1129           2              0.010 
2025-05-23 10:51:09 | INFO |       61.258 ¦     1130           2              0.010 
2025-05-23 10:51:09 | INFO |       61.268 ¦     1131           2              0.010 
2025-05-23 10:51:09 | INFO |       61.278 ¦     1132           2              0.010 
2025-05-23 10:51:09 | INFO |       61.288 ¦     1133           2              0.010 
2025-05-23 10:51:09 | INFO |       61.298 ¦     1134           2              0.010 
2025-05-23 10:51:09 | INFO |       61.308 ¦     1135           2              0.010 
2025-05-23 10:51:09 | INFO |       61.318 ¦     1136           2              0.010 
2025-05-23 10:51:09 | INFO |       61.328 ¦     1137           2              0.010 
2025-05-23 10:51:09 | INFO |       61.338 ¦     1138           2              0.010 
2025-05-23 10:51:09 | INFO |       61.348 ¦     1139           2              0.010 
2025-05-23 10:51:09 | INFO |       61.358 ¦     1140           2              0.010 
2025-05-23 10:51:09 | INFO |       61.368 ¦     1141           2              0.010 
2025-05-23 10:51:09 | INFO |       61.378 ¦     1142           2              0.010 
2025-05-23 10:51:09 | INFO |       61.388 ¦     1143           2              0.010 
2025-05-23 10:51:09 | INFO |       61.398 ¦     1144           2              0.010 
2025-05-23 10:51:09 | INFO |       61.408 ¦     1145           2              0.010 
2025-05-23 10:51:09 | INFO |       61.418 ¦     1146           2              0.010 
2025-05-23 10:51:09 | INFO |       61.428 ¦     1147           2              0.010 
2025-05-23 10:51:09 | INFO |       61.438 ¦     1148           2              0.010 
2025-05-23 10:51:09 | INFO |       61.448 ¦     1149           2              0.010 
2025-05-23 10:51:09 | INFO |       61.458 ¦     1150           2              0.010 
2025-05-23 10:51:09 | INFO |       61.468 ¦     1151           2              0.010 
2025-05-23 10:51:09 | INFO |       61.478 ¦     1152           2              0.010 
2025-05-23 10:51:09 | INFO |       61.488 ¦     1153           2              0.010 
2025-05-23 10:51:09 | INFO |       61.498 ¦     1154           2              0.010 
2025-05-23 10:51:09 | INFO |       61.508 ¦     1155           2              0.010 
2025-05-23 10:51:09 | INFO |       61.518 ¦     1156           2              0.010 
2025-05-23 10:51:09 | INFO |       61.528 ¦     1157           2              0.010 
2025-05-23 10:51:09 | INFO |       61.538 ¦     1158           2              0.010 
2025-05-23 10:51:09 | INFO |       61.548 ¦     1159           2              0.010 
2025-05-23 10:51:09 | INFO |       61.558 ¦     1160           2              0.010 
2025-05-23 10:51:09 | INFO |       61.568 ¦     1161           2              0.010 
2025-05-23 10:51:09 | INFO |       61.578 ¦     1162           2              0.010 
2025-05-23 10:51:09 | INFO |       61.588 ¦     1163           2              0.010 
2025-05-23 10:51:09 | INFO |       61.598 ¦     1164           2              0.010 
2025-05-23 10:51:09 | INFO |       61.608 ¦     1165           2              0.010 
2025-05-23 10:51:09 | INFO |       61.618 ¦     1166           2              0.010 
2025-05-23 10:51:09 | INFO |       61.628 ¦     1167           2              0.010 
2025-05-23 10:51:09 | INFO |       61.638 ¦     1168           2              0.010 
2025-05-23 10:51:09 | INFO |       61.648 ¦     1169           2              0.010 
2025-05-23 10:51:09 | INFO |       61.658 ¦     1170           2              0.010 
2025-05-23 10:51:09 | INFO |       61.668 ¦     1171           2              0.010 
2025-05-23 10:51:09 | INFO |       61.678 ¦     1172           2              0.010 
2025-05-23 10:51:09 | INFO |       61.688 ¦     1173           2              0.010 
2025-05-23 10:51:09 | INFO |       61.698 ¦     1174           2              0.010 
2025-05-23 10:51:09 | INFO |       61.708 ¦     1175           2              0.010 
2025-05-23 10:51:09 | INFO |       61.718 ¦     1176           2              0.010 
2025-05-23 10:51:09 | INFO |       61.728 ¦     1177           2              0.010 
2025-05-23 10:51:09 | INFO |       61.738 ¦     1178           2              0.010 
2025-05-23 10:51:09 | INFO |       61.748 ¦     1179           2              0.010 
2025-05-23 10:51:09 | INFO |       61.758 ¦     1180           2              0.010 
2025-05-23 10:51:09 | INFO |       61.768 ¦     1181           2              0.010 
2025-05-23 10:51:09 | INFO |       61.778 ¦     1182           2              0.010 
2025-05-23 10:51:09 | INFO |       61.788 ¦     1183           2              0.010 
2025-05-23 10:51:09 | INFO |       61.798 ¦     1184           2              0.010 
2025-05-23 10:51:09 | INFO |       61.808 ¦     1185           2              0.010 
2025-05-23 10:51:09 | INFO |       61.818 ¦     1186           2              0.010 
2025-05-23 10:51:09 | INFO |       61.828 ¦     1187           2              0.010 
2025-05-23 10:51:09 | INFO |       61.838 ¦     1188           2              0.010 
2025-05-23 10:51:09 | INFO |       61.848 ¦     1189           2              0.010 
2025-05-23 10:51:09 | INFO |       61.858 ¦     1190           2              0.010 
2025-05-23 10:51:09 | INFO |       61.868 ¦     1191           2              0.010 
2025-05-23 10:51:09 | INFO |       61.878 ¦     1192           2              0.010 
2025-05-23 10:51:09 | INFO |       61.888 ¦     1193           2              0.010 
2025-05-23 10:51:09 | INFO |       61.898 ¦     1194           2              0.010 
2025-05-23 10:51:09 | INFO |       61.908 ¦     1195           2              0.010 
2025-05-23 10:51:09 | INFO |       61.918 ¦     1196           2              0.010 
2025-05-23 10:51:09 | INFO |       61.928 ¦     1197           2              0.010 
2025-05-23 10:51:09 | INFO |       61.938 ¦     1198           2              0.010 
2025-05-23 10:51:09 | INFO |       61.948 ¦     1199           2              0.010 
2025-05-23 10:51:09 | INFO |       61.958 ¦     1200           2              0.010 
2025-05-23 10:51:09 | INFO |       61.968 ¦     1201           2              0.010 
2025-05-23 10:51:09 | INFO |       61.978 ¦     1202           2              0.010 
2025-05-23 10:51:09 | INFO |       61.988 ¦     1203           2              0.010 
2025-05-23 10:51:09 | INFO |       61.998 ¦     1204           2              0.010 
2025-05-23 10:51:09 | INFO |       62.008 ¦     1205           2              0.010 
2025-05-23 10:51:09 | INFO |       62.018 ¦     1206           2              0.010 
2025-05-23 10:51:09 | INFO |       62.028 ¦     1207           2              0.010 
2025-05-23 10:51:09 | INFO |       62.038 ¦     1208           2              0.010 
2025-05-23 10:51:09 | INFO |       62.048 ¦     1209           2              0.010 
2025-05-23 10:51:09 | INFO |       62.058 ¦     1210           2              0.010 
2025-05-23 10:51:09 | INFO |       62.068 ¦     1211           2              0.010 
2025-05-23 10:51:09 | INFO |       62.078 ¦     1212           2              0.010 
2025-05-23 10:51:09 | INFO |       62.088 ¦     1213           2              0.010 
2025-05-23 10:51:09 | INFO |       62.098 ¦     1214           2              0.010 
2025-05-23 10:51:09 | INFO |       62.108 ¦     1215           2              0.010 
2025-05-23 10:51:09 | INFO |       62.118 ¦     1216           2              0.010 
2025-05-23 10:51:09 | INFO |       62.128 ¦     1217           2              0.010 
2025-05-23 10:51:09 | INFO |       62.138 ¦     1218           2              0.010 
2025-05-23 10:51:09 | INFO |       62.148 ¦     1219           2              0.010 
2025-05-23 10:51:09 | INFO |       62.158 ¦     1220           2              0.010 
2025-05-23 10:51:09 | INFO |       62.168 ¦     1221           2              0.010 
2025-05-23 10:51:09 | INFO |       62.178 ¦     1222           2              0.010 
2025-05-23 10:51:09 | INFO |       62.188 ¦     1223           2              0.010 
2025-05-23 10:51:09 | INFO |       62.198 ¦     1224           2              0.010 
2025-05-23 10:51:09 | INFO |       62.208 ¦     1225           2              0.010 
2025-05-23 10:51:09 | INFO |       62.218 ¦     1226           2              0.010 
2025-05-23 10:51:09 | INFO |       62.228 ¦     1227           2              0.010 
2025-05-23 10:51:09 | INFO |       62.238 ¦     1228           2              0.010 
2025-05-23 10:51:09 | INFO |       62.248 ¦     1229           2              0.010 
2025-05-23 10:51:09 | INFO |       62.258 ¦     1230           2              0.010 
2025-05-23 10:51:09 | INFO |       62.268 ¦     1231           2              0.010 
2025-05-23 10:51:09 | INFO |       62.278 ¦     1232           2              0.010 
2025-05-23 10:51:09 | INFO |       62.288 ¦     1233           2              0.010 
2025-05-23 10:51:09 | INFO |       62.298 ¦     1234           2              0.010 
2025-05-23 10:51:09 | INFO |       62.308 ¦     1235           2              0.010 
2025-05-23 10:51:09 | INFO |       62.318 ¦     1236           2              0.010 
2025-05-23 10:51:09 | INFO |       62.328 ¦     1237           2              0.010 
2025-05-23 10:51:09 | INFO |       62.338 ¦     1238           2              0.010 
2025-05-23 10:51:09 | INFO |       62.348 ¦     1239           2              0.010 
2025-05-23 10:51:09 | INFO |       62.358 ¦     1240           2              0.010 
2025-05-23 10:51:09 | INFO |       62.368 ¦     1241           2              0.010 
2025-05-23 10:51:09 | INFO |       62.378 ¦     1242           2              0.010 
2025-05-23 10:51:09 | INFO |       62.388 ¦     1243           2              0.010 
2025-05-23 10:51:09 | INFO |       62.398 ¦     1244           2              0.010 
2025-05-23 10:51:09 | INFO |       62.408 ¦     1245           2              0.010 
2025-05-23 10:51:09 | INFO |       62.418 ¦     1246           2              0.010 
2025-05-23 10:51:09 | INFO |       62.428 ¦     1247           2              0.010 
2025-05-23 10:51:09 | INFO |       62.438 ¦     1248           2              0.010 
2025-05-23 10:51:09 | INFO |       62.448 ¦     1249           2              0.010 
2025-05-23 10:51:09 | INFO |       62.458 ¦     1250           2              0.010 
2025-05-23 10:51:09 | INFO |       62.468 ¦     1251           2              0.010 
2025-05-23 10:51:09 | INFO |       62.478 ¦     1252           2              0.010 
2025-05-23 10:51:09 | INFO |       62.488 ¦     1253           2              0.010 
2025-05-23 10:51:09 | INFO |       62.498 ¦     1254           2              0.010 
2025-05-23 10:51:09 | INFO |       62.508 ¦     1255           2              0.010 
2025-05-23 10:51:09 | INFO |       62.518 ¦     1256           2              0.010 
2025-05-23 10:51:09 | INFO |       62.528 ¦     1257           2              0.010 
2025-05-23 10:51:09 | INFO |       62.538 ¦     1258           2              0.010 
2025-05-23 10:51:09 | INFO |       62.548 ¦     1259           2              0.010 
2025-05-23 10:51:09 | INFO |       62.558 ¦     1260           2              0.010 
2025-05-23 10:51:09 | INFO |       62.568 ¦     1261           2              0.010 
2025-05-23 10:51:09 | INFO |       62.578 ¦     1262           2              0.010 
2025-05-23 10:51:09 | INFO |       62.588 ¦     1263           2              0.010 
2025-05-23 10:51:09 | INFO |       62.598 ¦     1264           2              0.010 
2025-05-23 10:51:09 | INFO |       62.608 ¦     1265           2              0.010 
2025-05-23 10:51:09 | INFO |       62.618 ¦     1266           2              0.010 
2025-05-23 10:51:09 | INFO |       62.628 ¦     1267           2              0.010 
2025-05-23 10:51:09 | INFO |       62.638 ¦     1268           2              0.010 
2025-05-23 10:51:09 | INFO |       62.648 ¦     1269           2              0.010 
2025-05-23 10:51:09 | INFO |       62.658 ¦     1270           2              0.010 
2025-05-23 10:51:09 | INFO |       62.668 ¦     1271           2              0.010 
2025-05-23 10:51:09 | INFO |       62.678 ¦     1272           2              0.010 
2025-05-23 10:51:09 | INFO |       62.688 ¦     1273           2              0.010 
2025-05-23 10:51:09 | INFO |       62.698 ¦     1274           2              0.010 
2025-05-23 10:51:09 | INFO |       62.708 ¦     1275           2              0.010 
2025-05-23 10:51:09 | INFO |       62.718 ¦     1276           2              0.010 
2025-05-23 10:51:09 | INFO |       62.728 ¦     1277           2              0.010 
2025-05-23 10:51:09 | INFO |       62.738 ¦     1278           2              0.010 
2025-05-23 10:51:09 | INFO |       62.748 ¦     1279           2              0.010 
2025-05-23 10:51:09 | INFO |       62.758 ¦     1280           2              0.010 
2025-05-23 10:51:09 | INFO |       62.768 ¦     1281           2              0.010 
2025-05-23 10:51:09 | INFO |       62.778 ¦     1282           2              0.010 
2025-05-23 10:51:09 | INFO |       62.788 ¦     1283           2              0.010 
2025-05-23 10:51:09 | INFO |       62.798 ¦     1284           2              0.010 
2025-05-23 10:51:09 | INFO |       62.808 ¦     1285           2              0.010 
2025-05-23 10:51:09 | INFO |       62.818 ¦     1286           2              0.010 
2025-05-23 10:51:09 | INFO |       62.828 ¦     1287           2              0.010 
2025-05-23 10:51:09 | INFO |       62.838 ¦     1288           2              0.010 
2025-05-23 10:51:09 | INFO |       62.848 ¦     1289           2              0.010 
2025-05-23 10:51:09 | INFO |       62.858 ¦     1290           2              0.010 
2025-05-23 10:51:09 | INFO |       62.868 ¦     1291           2              0.010 
2025-05-23 10:51:09 | INFO |       62.878 ¦     1292           2              0.010 
2025-05-23 10:51:09 | INFO |       62.888 ¦     1293           2              0.010 
2025-05-23 10:51:09 | INFO |       62.898 ¦     1294           2              0.010 
2025-05-23 10:51:09 | INFO |       62.908 ¦     1295           2              0.010 
2025-05-23 10:51:09 | INFO |       62.918 ¦     1296           2              0.010 
2025-05-23 10:51:09 | INFO |       62.928 ¦     1297           2              0.010 
2025-05-23 10:51:09 | INFO |       62.938 ¦     1298           2              0.010 
2025-05-23 10:51:09 | INFO |       62.948 ¦     1299           2              0.010 
2025-05-23 10:51:09 | INFO |       62.958 ¦     1300           2              0.010 
2025-05-23 10:51:09 | INFO |       62.968 ¦     1301           2              0.010 
2025-05-23 10:51:09 | INFO |       62.978 ¦     1302           2              0.010 
2025-05-23 10:51:09 | INFO |       62.988 ¦     1303           2              0.010 
2025-05-23 10:51:09 | INFO |       62.998 ¦     1304           2              0.010 
2025-05-23 10:51:09 | INFO |       63.008 ¦     1305           2              0.010 
2025-05-23 10:51:09 | INFO |       63.018 ¦     1306           2              0.010 
2025-05-23 10:51:09 | INFO |       63.028 ¦     1307           2              0.010 
2025-05-23 10:51:09 | INFO |       63.038 ¦     1308           2              0.010 
2025-05-23 10:51:09 | INFO |       63.048 ¦     1309           2              0.010 
2025-05-23 10:51:09 | INFO |       63.058 ¦     1310           2              0.010 
2025-05-23 10:51:09 | INFO |       63.068 ¦     1311           2              0.010 
2025-05-23 10:51:09 | INFO |       63.078 ¦     1312           2              0.010 
2025-05-23 10:51:09 | INFO |       63.088 ¦     1313           2              0.010 
2025-05-23 10:51:09 | INFO |       63.098 ¦     1314           2              0.010 
2025-05-23 10:51:09 | INFO |       63.108 ¦     1315           2              0.010 
2025-05-23 10:51:09 | INFO |       63.118 ¦     1316           2              0.010 
2025-05-23 10:51:09 | INFO |       63.128 ¦     1317           2              0.010 
2025-05-23 10:51:09 | INFO |       63.138 ¦     1318           2              0.010 
2025-05-23 10:51:09 | INFO |       63.148 ¦     1319           2              0.010 
2025-05-23 10:51:09 | INFO |       63.158 ¦     1320           2              0.010 
2025-05-23 10:51:09 | INFO |       63.168 ¦     1321           2              0.010 
2025-05-23 10:51:09 | INFO |       63.178 ¦     1322           2              0.010 
2025-05-23 10:51:09 | INFO |       63.188 ¦     1323           2              0.010 
2025-05-23 10:51:09 | INFO |       63.198 ¦     1324           2              0.010 
2025-05-23 10:51:09 | INFO |       63.208 ¦     1325           2              0.010 
2025-05-23 10:51:09 | INFO |       63.218 ¦     1326           2              0.010 
2025-05-23 10:51:09 | INFO |       63.228 ¦     1327           2              0.010 
2025-05-23 10:51:09 | INFO |       63.238 ¦     1328           2              0.010 
2025-05-23 10:51:09 | INFO |       63.248 ¦     1329           2              0.010 
2025-05-23 10:51:09 | INFO |       63.258 ¦     1330           2              0.010 
2025-05-23 10:51:09 | INFO |       63.268 ¦     1331           2              0.010 
2025-05-23 10:51:09 | INFO |       63.278 ¦     1332           2              0.010 
2025-05-23 10:51:09 | INFO |       63.288 ¦     1333           2              0.010 
2025-05-23 10:51:09 | INFO |       63.298 ¦     1334           2              0.010 
2025-05-23 10:51:09 | INFO |       63.308 ¦     1335           2              0.010 
2025-05-23 10:51:09 | INFO |       63.318 ¦     1336           2              0.010 
2025-05-23 10:51:09 | INFO |       63.328 ¦     1337           2              0.010 
2025-05-23 10:51:09 | INFO |       63.338 ¦     1338           2              0.010 
2025-05-23 10:51:09 | INFO |       63.348 ¦     1339           2              0.010 
2025-05-23 10:51:09 | INFO |       63.358 ¦     1340           2              0.010 
2025-05-23 10:51:09 | INFO |       63.368 ¦     1341           2              0.010 
2025-05-23 10:51:09 | INFO |       63.378 ¦     1342           2              0.010 
2025-05-23 10:51:09 | INFO |       63.388 ¦     1343           2              0.010 
2025-05-23 10:51:09 | INFO |       63.398 ¦     1344           2              0.010 
2025-05-23 10:51:09 | INFO |       63.408 ¦     1345           2              0.010 
2025-05-23 10:51:09 | INFO |       63.418 ¦     1346           2              0.010 
2025-05-23 10:51:09 | INFO |       63.428 ¦     1347           2              0.010 
2025-05-23 10:51:09 | INFO |       63.438 ¦     1348           2              0.010 
2025-05-23 10:51:09 | INFO |       63.448 ¦     1349           2              0.010 
2025-05-23 10:51:09 | INFO |       63.458 ¦     1350           2              0.010 
2025-05-23 10:51:09 | INFO |       63.468 ¦     1351           2              0.010 
2025-05-23 10:51:09 | INFO |       63.478 ¦     1352           2              0.010 
2025-05-23 10:51:09 | INFO |       63.488 ¦     1353           2              0.010 
2025-05-23 10:51:09 | INFO |       63.498 ¦     1354           2              0.010 
2025-05-23 10:51:09 | INFO |       63.508 ¦     1355           2              0.010 
2025-05-23 10:51:09 | INFO |       63.518 ¦     1356           2              0.010 
2025-05-23 10:51:09 | INFO |       63.528 ¦     1357           2              0.010 
2025-05-23 10:51:09 | INFO |       63.538 ¦     1358           2              0.010 
2025-05-23 10:51:09 | INFO |       63.548 ¦     1359           2              0.010 
2025-05-23 10:51:09 | INFO |       63.558 ¦     1360           2              0.010 
2025-05-23 10:51:09 | INFO |       63.568 ¦     1361           2              0.010 
2025-05-23 10:51:09 | INFO |       63.578 ¦     1362           2              0.010 
2025-05-23 10:51:09 | INFO |       63.588 ¦     1363           2              0.010 
2025-05-23 10:51:09 | INFO |       63.598 ¦     1364           2              0.010 
2025-05-23 10:51:09 | INFO |       63.608 ¦     1365           2              0.010 
2025-05-23 10:51:09 | INFO |       63.618 ¦     1366           2              0.010 
2025-05-23 10:51:09 | INFO |       63.628 ¦     1367           2              0.010 
2025-05-23 10:51:09 | INFO |       63.638 ¦     1368           2              0.010 
2025-05-23 10:51:09 | INFO |       63.648 ¦     1369           2              0.010 
2025-05-23 10:51:09 | INFO |       63.658 ¦     1370           2              0.010 
2025-05-23 10:51:09 | INFO |       63.668 ¦     1371           2              0.010 
2025-05-23 10:51:09 | INFO |       63.678 ¦     1372           2              0.010 
2025-05-23 10:51:09 | INFO |       63.688 ¦     1373           2              0.010 
2025-05-23 10:51:09 | INFO |       63.698 ¦     1374           2              0.010 
2025-05-23 10:51:09 | INFO |       63.708 ¦     1375           2              0.010 
2025-05-23 10:51:09 | INFO |       63.718 ¦     1376           2              0.010 
2025-05-23 10:51:09 | INFO |       63.728 ¦     1377           2              0.010 
2025-05-23 10:51:09 | INFO |       63.738 ¦     1378           2              0.010 
2025-05-23 10:51:09 | INFO |       63.748 ¦     1379           2              0.010 
2025-05-23 10:51:09 | INFO |       63.758 ¦     1380           2              0.010 
2025-05-23 10:51:09 | INFO |       63.768 ¦     1381           2              0.010 
2025-05-23 10:51:09 | INFO |       63.778 ¦     1382           2              0.010 
2025-05-23 10:51:09 | INFO |       63.788 ¦     1383           2              0.010 
2025-05-23 10:51:09 | INFO |       63.798 ¦     1384           2              0.010 
2025-05-23 10:51:09 | INFO |       63.808 ¦     1385           2              0.010 
2025-05-23 10:51:09 | INFO |       63.818 ¦     1386           2              0.010 
2025-05-23 10:51:09 | INFO |       63.828 ¦     1387           2              0.010 
2025-05-23 10:51:09 | INFO |       63.838 ¦     1388           2              0.010 
2025-05-23 10:51:09 | INFO |       63.848 ¦     1389           2              0.010 
2025-05-23 10:51:09 | INFO |       63.858 ¦     1390           2              0.010 
2025-05-23 10:51:09 | INFO |       63.868 ¦     1391           2              0.010 
2025-05-23 10:51:09 | INFO |       63.878 ¦     1392           2              0.010 
2025-05-23 10:51:09 | INFO |       63.888 ¦     1393           2              0.010 
2025-05-23 10:51:09 | INFO |       63.898 ¦     1394           2              0.010 
2025-05-23 10:51:09 | INFO |       63.908 ¦     1395           2              0.010 
2025-05-23 10:51:09 | INFO |       63.918 ¦     1396           2              0.010 
2025-05-23 10:51:09 | INFO |       63.928 ¦     1397           2              0.010 
2025-05-23 10:51:09 | INFO |       63.938 ¦     1398           2              0.010 
2025-05-23 10:51:09 | INFO |       63.948 ¦     1399           2              0.010 
2025-05-23 10:51:09 | INFO |       63.958 ¦     1400           2              0.010 
2025-05-23 10:51:09 | INFO |       63.968 ¦     1401           2              0.010 
2025-05-23 10:51:09 | INFO |       63.978 ¦     1402           2              0.010 
2025-05-23 10:51:09 | INFO |       63.988 ¦     1403           2              0.010 
2025-05-23 10:51:09 | INFO |       63.998 ¦     1404           2              0.010 
2025-05-23 10:51:09 | INFO |       64.008 ¦     1405           2              0.010 
2025-05-23 10:51:09 | INFO |       64.018 ¦     1406           2              0.010 
2025-05-23 10:51:09 | INFO |       64.028 ¦     1407           2              0.010 
2025-05-23 10:51:09 | INFO |       64.038 ¦     1408           2              0.010 
2025-05-23 10:51:09 | INFO |       64.048 ¦     1409           2              0.010 
2025-05-23 10:51:09 | INFO |       64.058 ¦     1410           2              0.010 
2025-05-23 10:51:09 | INFO |       64.068 ¦     1411           2              0.010 
2025-05-23 10:51:09 | INFO |       64.078 ¦     1412           2              0.010 
2025-05-23 10:51:09 | INFO |       64.088 ¦     1413           2              0.010 
2025-05-23 10:51:09 | INFO |       64.098 ¦     1414           2              0.010 
2025-05-23 10:51:09 | INFO |       64.108 ¦     1415           2              0.010 
2025-05-23 10:51:09 | INFO |       64.118 ¦     1416           2              0.010 
2025-05-23 10:51:09 | INFO |       64.128 ¦     1417           2              0.010 
2025-05-23 10:51:09 | INFO |       64.138 ¦     1418           2              0.010 
2025-05-23 10:51:09 | INFO |       64.148 ¦     1419           2              0.010 
2025-05-23 10:51:09 | INFO |       64.158 ¦     1420           2              0.010 
2025-05-23 10:51:09 | INFO |       64.168 ¦     1421           2              0.010 
2025-05-23 10:51:09 | INFO |       64.178 ¦     1422           2              0.010 
2025-05-23 10:51:09 | INFO |       64.188 ¦     1423           2              0.010 
2025-05-23 10:51:09 | INFO |       64.198 ¦     1424           2              0.010 
2025-05-23 10:51:09 | INFO |       64.208 ¦     1425           2              0.010 
2025-05-23 10:51:09 | INFO |       64.218 ¦     1426           2              0.010 
2025-05-23 10:51:09 | INFO |       64.228 ¦     1427           2              0.010 
2025-05-23 10:51:09 | INFO |       64.238 ¦     1428           2              0.010 
2025-05-23 10:51:09 | INFO |       64.248 ¦     1429           2              0.010 
2025-05-23 10:51:09 | INFO |       64.258 ¦     1430           2              0.010 
2025-05-23 10:51:09 | INFO |       64.268 ¦     1431           2              0.010 
2025-05-23 10:51:09 | INFO |       64.278 ¦     1432           2              0.010 
2025-05-23 10:51:09 | INFO |       64.288 ¦     1433           2              0.010 
2025-05-23 10:51:09 | INFO |       64.298 ¦     1434           2              0.010 
2025-05-23 10:51:09 | INFO |       64.308 ¦     1435           2              0.010 
2025-05-23 10:51:09 | INFO |       64.318 ¦     1436           2              0.010 
2025-05-23 10:51:09 | INFO |       64.328 ¦     1437           2              0.010 
2025-05-23 10:51:09 | INFO |       64.338 ¦     1438           2              0.010 
2025-05-23 10:51:09 | INFO |       64.348 ¦     1439           2              0.010 
2025-05-23 10:51:09 | INFO |       64.358 ¦     1440           2              0.010 
2025-05-23 10:51:09 | INFO |       64.368 ¦     1441           2              0.010 
2025-05-23 10:51:09 | INFO |       64.378 ¦     1442           2              0.010 
2025-05-23 10:51:09 | INFO |       64.388 ¦     1443           2              0.010 
2025-05-23 10:51:09 | INFO |       64.398 ¦     1444           2              0.010 
2025-05-23 10:51:09 | INFO |       64.408 ¦     1445           2              0.010 
2025-05-23 10:51:09 | INFO |       64.418 ¦     1446           2              0.010 
2025-05-23 10:51:09 | INFO |       64.428 ¦     1447           2              0.010 
2025-05-23 10:51:09 | INFO |       64.438 ¦     1448           2              0.010 
2025-05-23 10:51:09 | INFO |       64.448 ¦     1449           2              0.010 
2025-05-23 10:51:09 | INFO |       64.458 ¦     1450           2              0.010 
2025-05-23 10:51:09 | INFO |       64.468 ¦     1451           2              0.010 
2025-05-23 10:51:09 | INFO |       64.478 ¦     1452           2              0.010 
2025-05-23 10:51:09 | INFO |       64.488 ¦     1453           2              0.010 
2025-05-23 10:51:09 | INFO |       64.498 ¦     1454           2              0.010 
2025-05-23 10:51:09 | INFO |       64.508 ¦     1455           2              0.010 
2025-05-23 10:51:09 | INFO |       64.518 ¦     1456           2              0.010 
2025-05-23 10:51:09 | INFO |       64.528 ¦     1457           2              0.010 
2025-05-23 10:51:09 | INFO |       64.538 ¦     1458           2              0.010 
2025-05-23 10:51:09 | INFO |       64.548 ¦     1459           2              0.010 
2025-05-23 10:51:09 | INFO |       64.558 ¦     1460           2              0.010 
2025-05-23 10:51:09 | INFO |       64.568 ¦     1461           2              0.010 
2025-05-23 10:51:09 | INFO |       64.578 ¦     1462           2              0.010 
2025-05-23 10:51:09 | INFO |       64.588 ¦     1463           2              0.010 
2025-05-23 10:51:09 | INFO |       64.598 ¦     1464           2              0.010 
2025-05-23 10:51:09 | INFO |       64.608 ¦     1465           2              0.010 
2025-05-23 10:51:09 | INFO |       64.618 ¦     1466           2              0.010 
2025-05-23 10:51:09 | INFO |       64.628 ¦     1467           2              0.010 
2025-05-23 10:51:09 | INFO |       64.638 ¦     1468           2              0.010 
2025-05-23 10:51:09 | INFO |       64.648 ¦     1469           2              0.010 
2025-05-23 10:51:09 | INFO |       64.658 ¦     1470           2              0.010 
2025-05-23 10:51:09 | INFO |       64.668 ¦     1471           2              0.010 
2025-05-23 10:51:09 | INFO |       64.678 ¦     1472           2              0.010 
2025-05-23 10:51:09 | INFO |       64.688 ¦     1473           2              0.010 
2025-05-23 10:51:09 | INFO |       64.698 ¦     1474           2              0.010 
2025-05-23 10:51:09 | INFO |       64.708 ¦     1475           2              0.010 
2025-05-23 10:51:09 | INFO |       64.718 ¦     1476           2              0.010 
2025-05-23 10:51:09 | INFO |       64.728 ¦     1477           2              0.010 
2025-05-23 10:51:09 | INFO |       64.738 ¦     1478           2              0.010 
2025-05-23 10:51:09 | INFO |       64.748 ¦     1479           2              0.010 
2025-05-23 10:51:09 | INFO |       64.758 ¦     1480           2              0.010 
2025-05-23 10:51:09 | INFO |       64.768 ¦     1481           2              0.010 
2025-05-23 10:51:09 | INFO |       64.778 ¦     1482           2              0.010 
2025-05-23 10:51:09 | INFO |       64.788 ¦     1483           2              0.010 
2025-05-23 10:51:09 | INFO |       64.798 ¦     1484           2              0.010 
2025-05-23 10:51:09 | INFO |       64.808 ¦     1485           2              0.010 
2025-05-23 10:51:09 | INFO |       64.818 ¦     1486           2              0.010 
2025-05-23 10:51:09 | INFO |       64.828 ¦     1487           2              0.010 
2025-05-23 10:51:09 | INFO |       64.838 ¦     1488           2              0.010 
2025-05-23 10:51:09 | INFO |       64.848 ¦     1489           2              0.010 
2025-05-23 10:51:09 | INFO |       64.858 ¦     1490           2              0.010 
2025-05-23 10:51:09 | INFO |       64.868 ¦     1491           2              0.010 
2025-05-23 10:51:09 | INFO |       64.878 ¦     1492           2              0.010 
2025-05-23 10:51:09 | INFO |       64.888 ¦     1493           2              0.010 
2025-05-23 10:51:09 | INFO |       64.898 ¦     1494           2              0.010 
2025-05-23 10:51:09 | INFO |       64.908 ¦     1495           2              0.010 
2025-05-23 10:51:09 | INFO |       64.918 ¦     1496           2              0.010 
2025-05-23 10:51:09 | INFO |       64.928 ¦     1497           2              0.010 
2025-05-23 10:51:09 | INFO |       64.938 ¦     1498           2              0.010 
2025-05-23 10:51:09 | INFO |       64.948 ¦     1499           2              0.010 
2025-05-23 10:51:09 | INFO |       64.958 ¦     1500           2              0.010 
2025-05-23 10:51:09 | INFO |       64.968 ¦     1501           2              0.010 
2025-05-23 10:51:09 | INFO |       64.978 ¦     1502           2              0.010 
2025-05-23 10:51:09 | INFO |       64.988 ¦     1503           2              0.010 
2025-05-23 10:51:09 | INFO |       64.998 ¦     1504           2              0.010 
2025-05-23 10:51:09 | INFO |       65.008 ¦     1505           2              0.010 
2025-05-23 10:51:09 | INFO |       65.018 ¦     1506           2              0.010 
2025-05-23 10:51:09 | INFO |       65.028 ¦     1507           2              0.010 
2025-05-23 10:51:09 | INFO |       65.038 ¦     1508           2              0.010 
2025-05-23 10:51:09 | INFO |       65.048 ¦     1509           2              0.010 
2025-05-23 10:51:09 | INFO |       65.058 ¦     1510           2              0.010 
2025-05-23 10:51:09 | INFO |       65.068 ¦     1511           2              0.010 
2025-05-23 10:51:09 | INFO |       65.078 ¦     1512           2              0.010 
2025-05-23 10:51:09 | INFO |       65.088 ¦     1513           2              0.010 
2025-05-23 10:51:09 | INFO |       65.098 ¦     1514           2              0.010 
2025-05-23 10:51:09 | INFO |       65.108 ¦     1515           2              0.010 
2025-05-23 10:51:09 | INFO |       65.118 ¦     1516           2              0.010 
2025-05-23 10:51:09 | INFO |       65.128 ¦     1517           2              0.010 
2025-05-23 10:51:09 | INFO |       65.138 ¦     1518           2              0.010 
2025-05-23 10:51:09 | INFO |       65.148 ¦     1519           2              0.010 
2025-05-23 10:51:09 | INFO |       65.158 ¦     1520           2              0.010 
2025-05-23 10:51:09 | INFO |       65.168 ¦     1521           2              0.010 
2025-05-23 10:51:09 | INFO |       65.178 ¦     1522           2              0.010 
2025-05-23 10:51:09 | INFO |       65.188 ¦     1523           2              0.010 
2025-05-23 10:51:09 | INFO |       65.198 ¦     1524           2              0.010 
2025-05-23 10:51:09 | INFO |       65.208 ¦     1525           2              0.010 
2025-05-23 10:51:09 | INFO |       65.218 ¦     1526           2              0.010 
2025-05-23 10:51:09 | INFO |       65.228 ¦     1527           2              0.010 
2025-05-23 10:51:09 | INFO |       65.238 ¦     1528           2              0.010 
2025-05-23 10:51:09 | INFO |       65.248 ¦     1529           2              0.010 
2025-05-23 10:51:09 | INFO |       65.258 ¦     1530           2              0.010 
2025-05-23 10:51:09 | INFO |       65.268 ¦     1531           2              0.010 
2025-05-23 10:51:09 | INFO |       65.278 ¦     1532           2              0.010 
2025-05-23 10:51:09 | INFO |       65.288 ¦     1533           2              0.010 
2025-05-23 10:51:09 | INFO |       65.298 ¦     1534           2              0.010 
2025-05-23 10:51:09 | INFO |       65.308 ¦     1535           2              0.010 
2025-05-23 10:51:09 | INFO |       65.318 ¦     1536           2              0.010 
2025-05-23 10:51:09 | INFO |       65.328 ¦     1537           2              0.010 
2025-05-23 10:51:09 | INFO |       65.338 ¦     1538           2              0.010 
2025-05-23 10:51:09 | INFO |       65.348 ¦     1539           2              0.010 
2025-05-23 10:51:09 | INFO |       65.358 ¦     1540           2              0.010 
2025-05-23 10:51:09 | INFO |       65.368 ¦     1541           2              0.010 
2025-05-23 10:51:09 | INFO |       65.378 ¦     1542           2              0.010 
2025-05-23 10:51:09 | INFO |       65.388 ¦     1543           2              0.010 
2025-05-23 10:51:09 | INFO |       65.398 ¦     1544           2              0.010 
2025-05-23 10:51:09 | INFO |       65.408 ¦     1545           2              0.010 
2025-05-23 10:51:09 | INFO |       65.418 ¦     1546           2              0.010 
2025-05-23 10:51:09 | INFO |       65.428 ¦     1547           2              0.010 
2025-05-23 10:51:09 | INFO |       65.438 ¦     1548           2              0.010 
2025-05-23 10:51:09 | INFO |       65.448 ¦     1549           2              0.010 
2025-05-23 10:51:09 | INFO |       65.458 ¦     1550           2              0.010 
2025-05-23 10:51:09 | INFO |       65.468 ¦     1551           2              0.010 
2025-05-23 10:51:09 | INFO |       65.478 ¦     1552           2              0.010 
2025-05-23 10:51:09 | INFO |       65.488 ¦     1553           2              0.010 
2025-05-23 10:51:09 | INFO |       65.498 ¦     1554           2              0.010 
2025-05-23 10:51:09 | INFO |       65.508 ¦     1555           2              0.010 
2025-05-23 10:51:09 | INFO |       65.518 ¦     1556           2              0.010 
2025-05-23 10:51:09 | INFO |       65.528 ¦     1557           2              0.010 
2025-05-23 10:51:09 | INFO |       65.538 ¦     1558           2              0.010 
2025-05-23 10:51:09 | INFO |       65.548 ¦     1559           2              0.010 
2025-05-23 10:51:09 | INFO |       65.558 ¦     1560           2              0.010 
2025-05-23 10:51:09 | INFO |       65.568 ¦     1561           2              0.010 
2025-05-23 10:51:09 | INFO |       65.578 ¦     1562           2              0.010 
2025-05-23 10:51:09 | INFO |       65.588 ¦     1563           2              0.010 
2025-05-23 10:51:09 | INFO |       65.598 ¦     1564           2              0.010 
2025-05-23 10:51:09 | INFO |       65.608 ¦     1565           2              0.010 
2025-05-23 10:51:09 | INFO |       65.618 ¦     1566           2              0.010 
2025-05-23 10:51:09 | INFO |       65.628 ¦     1567           2              0.010 
2025-05-23 10:51:09 | INFO |       65.638 ¦     1568           2              0.010 
2025-05-23 10:51:09 | INFO |       65.648 ¦     1569           2              0.010 
2025-05-23 10:51:09 | INFO |       65.658 ¦     1570           2              0.010 
2025-05-23 10:51:09 | INFO |       65.668 ¦     1571           2              0.010 
2025-05-23 10:51:09 | INFO |       65.678 ¦     1572           2              0.010 
2025-05-23 10:51:09 | INFO |       65.688 ¦     1573           2              0.010 
2025-05-23 10:51:09 | INFO |       65.698 ¦     1574           2              0.010 
2025-05-23 10:51:09 | INFO |       65.708 ¦     1575           2              0.010 
2025-05-23 10:51:09 | INFO |       65.718 ¦     1576           2              0.010 
2025-05-23 10:51:09 | INFO |       65.728 ¦     1577           2              0.010 
2025-05-23 10:51:09 | INFO |       65.738 ¦     1578           2              0.010 
2025-05-23 10:51:09 | INFO |       65.748 ¦     1579           2              0.010 
2025-05-23 10:51:09 | INFO |       65.758 ¦     1580           2              0.010 
2025-05-23 10:51:09 | INFO |       65.768 ¦     1581           2              0.010 
2025-05-23 10:51:09 | INFO |       65.778 ¦     1582           2              0.010 
2025-05-23 10:51:09 | INFO |       65.788 ¦     1583           2              0.010 
2025-05-23 10:51:09 | INFO |       65.798 ¦     1584           2              0.010 
2025-05-23 10:51:09 | INFO |       65.808 ¦     1585           2              0.010 
2025-05-23 10:51:09 | INFO |       65.818 ¦     1586           2              0.010 
2025-05-23 10:51:09 | INFO |       65.828 ¦     1587           2              0.010 
2025-05-23 10:51:09 | INFO |       65.838 ¦     1588           2              0.010 
2025-05-23 10:51:09 | INFO |       65.848 ¦     1589           2              0.010 
2025-05-23 10:51:09 | INFO |       65.858 ¦     1590           2              0.010 
2025-05-23 10:51:09 | INFO |       65.868 ¦     1591           2              0.010 
2025-05-23 10:51:09 | INFO |       65.878 ¦     1592           2              0.010 
2025-05-23 10:51:09 | INFO |       65.888 ¦     1593           2              0.010 
2025-05-23 10:51:09 | INFO |       65.898 ¦     1594           2              0.010 
2025-05-23 10:51:09 | INFO |       65.908 ¦     1595           2              0.010 
2025-05-23 10:51:09 | INFO |       65.918 ¦     1596           2              0.010 
2025-05-23 10:51:09 | INFO |       65.928 ¦     1597           2              0.010 
2025-05-23 10:51:09 | INFO |       65.938 ¦     1598           2              0.010 
2025-05-23 10:51:09 | INFO |       65.948 ¦     1599           2              0.010 
2025-05-23 10:51:09 | INFO |       65.958 ¦     1600           2              0.010 
2025-05-23 10:51:09 | INFO |       65.968 ¦     1601           2              0.010 
2025-05-23 10:51:09 | INFO |       65.978 ¦     1602           2              0.010 
2025-05-23 10:51:09 | INFO |       65.988 ¦     1603           2              0.010 
2025-05-23 10:51:09 | INFO |       65.998 ¦     1604           2              0.010 
2025-05-23 10:51:09 | INFO |       66.008 ¦     1605           2              0.010 
2025-05-23 10:51:09 | INFO |       66.018 ¦     1606           2              0.010 
2025-05-23 10:51:09 | INFO |       66.028 ¦     1607           2              0.010 
2025-05-23 10:51:09 | INFO |       66.038 ¦     1608           2              0.010 
2025-05-23 10:51:09 | INFO |       66.048 ¦     1609           2              0.010 
2025-05-23 10:51:09 | INFO |       66.058 ¦     1610           2              0.010 
2025-05-23 10:51:09 | INFO |       66.068 ¦     1611           2              0.010 
2025-05-23 10:51:09 | INFO |       66.078 ¦     1612           2              0.010 
2025-05-23 10:51:09 | INFO |       66.088 ¦     1613           2              0.010 
2025-05-23 10:51:09 | INFO |       66.098 ¦     1614           2              0.010 
2025-05-23 10:51:09 | INFO |       66.108 ¦     1615           2              0.010 
2025-05-23 10:51:09 | INFO |       66.118 ¦     1616           2              0.010 
2025-05-23 10:51:09 | INFO |       66.128 ¦     1617           2              0.010 
2025-05-23 10:51:09 | INFO |       66.138 ¦     1618           2              0.010 
2025-05-23 10:51:09 | INFO |       66.148 ¦     1619           2              0.010 
2025-05-23 10:51:09 | INFO |       66.158 ¦     1620           2              0.010 
2025-05-23 10:51:09 | INFO |       66.168 ¦     1621           2              0.010 
2025-05-23 10:51:09 | INFO |       66.178 ¦     1622           2              0.010 
2025-05-23 10:51:09 | INFO |       66.188 ¦     1623           2              0.010 
2025-05-23 10:51:09 | INFO |       66.198 ¦     1624           2              0.010 
2025-05-23 10:51:09 | INFO |       66.208 ¦     1625           2              0.010 
2025-05-23 10:51:09 | INFO |       66.218 ¦     1626           2              0.010 
2025-05-23 10:51:09 | INFO |       66.228 ¦     1627           2              0.010 
2025-05-23 10:51:09 | INFO |       66.238 ¦     1628           2              0.010 
2025-05-23 10:51:09 | INFO |       66.248 ¦     1629           2              0.010 
2025-05-23 10:51:09 | INFO |       66.258 ¦     1630           2              0.010 
2025-05-23 10:51:09 | INFO |       66.268 ¦     1631           2              0.010 
2025-05-23 10:51:09 | INFO |       66.278 ¦     1632           2              0.010 
2025-05-23 10:51:09 | INFO |       66.288 ¦     1633           2              0.010 
2025-05-23 10:51:09 | INFO |       66.298 ¦     1634           2              0.010 
2025-05-23 10:51:09 | INFO |       66.308 ¦     1635           2              0.010 
2025-05-23 10:51:09 | INFO |       66.318 ¦     1636           2              0.010 
2025-05-23 10:51:09 | INFO |       66.328 ¦     1637           2              0.010 
2025-05-23 10:51:09 | INFO |       66.338 ¦     1638           2              0.010 
2025-05-23 10:51:09 | INFO |       66.348 ¦     1639           2              0.010 
2025-05-23 10:51:09 | INFO |       66.358 ¦     1640           2              0.010 
2025-05-23 10:51:09 | INFO |       66.368 ¦     1641           2              0.010 
2025-05-23 10:51:09 | INFO |       66.378 ¦     1642           2              0.010 
2025-05-23 10:51:09 | INFO |       66.388 ¦     1643           2              0.010 
2025-05-23 10:51:09 | INFO |       66.398 ¦     1644           2              0.010 
2025-05-23 10:51:09 | INFO |       66.408 ¦     1645           2              0.010 
2025-05-23 10:51:09 | INFO |       66.418 ¦     1646           2              0.010 
2025-05-23 10:51:09 | INFO |       66.428 ¦     1647           2              0.010 
2025-05-23 10:51:09 | INFO |       66.438 ¦     1648           2              0.010 
2025-05-23 10:51:09 | INFO |       66.448 ¦     1649           2              0.010 
2025-05-23 10:51:09 | INFO |       66.458 ¦     1650           2              0.010 
2025-05-23 10:51:09 | INFO |       66.468 ¦     1651           2              0.010 
2025-05-23 10:51:09 | INFO |       66.478 ¦     1652           2              0.010 
2025-05-23 10:51:09 | INFO |       66.488 ¦     1653           2              0.010 
2025-05-23 10:51:09 | INFO |       66.498 ¦     1654           2              0.010 
2025-05-23 10:51:09 | INFO |       66.508 ¦     1655           2              0.010 
2025-05-23 10:51:09 | INFO |       66.518 ¦     1656           2              0.010 
2025-05-23 10:51:09 | INFO |       66.528 ¦     1657           2              0.010 
2025-05-23 10:51:09 | INFO |       66.538 ¦     1658           2              0.010 
2025-05-23 10:51:09 | INFO |       66.548 ¦     1659           2              0.010 
2025-05-23 10:51:09 | INFO |       66.558 ¦     1660           2              0.010 
2025-05-23 10:51:09 | INFO |       66.568 ¦     1661           2              0.010 
2025-05-23 10:51:09 | INFO |       66.578 ¦     1662           2              0.010 
2025-05-23 10:51:09 | INFO |       66.588 ¦     1663           2              0.010 
2025-05-23 10:51:09 | INFO |       66.598 ¦     1664           2              0.010 
2025-05-23 10:51:09 | INFO |       66.608 ¦     1665           2              0.010 
2025-05-23 10:51:09 | INFO |       66.618 ¦     1666           2              0.010 
2025-05-23 10:51:09 | INFO |       66.628 ¦     1667           2              0.010 
2025-05-23 10:51:09 | INFO |       66.638 ¦     1668           2              0.010 
2025-05-23 10:51:09 | INFO |       66.648 ¦     1669           2              0.010 
2025-05-23 10:51:09 | INFO |       66.658 ¦     1670           2              0.010 
2025-05-23 10:51:09 | INFO |       66.668 ¦     1671           2              0.010 
2025-05-23 10:51:09 | INFO |       66.678 ¦     1672           2              0.010 
2025-05-23 10:51:09 | INFO |       66.688 ¦     1673           2              0.010 
2025-05-23 10:51:09 | INFO |       66.698 ¦     1674           2              0.010 
2025-05-23 10:51:09 | INFO |       66.708 ¦     1675           2              0.010 
2025-05-23 10:51:09 | INFO |       66.718 ¦     1676           2              0.010 
2025-05-23 10:51:09 | INFO |       66.728 ¦     1677           2              0.010 
2025-05-23 10:51:09 | INFO |       66.738 ¦     1678           2              0.010 
2025-05-23 10:51:09 | INFO |       66.748 ¦     1679           2              0.010 
2025-05-23 10:51:09 | INFO |       66.758 ¦     1680           2              0.010 
2025-05-23 10:51:09 | INFO |       66.768 ¦     1681           2              0.010 
2025-05-23 10:51:09 | INFO |       66.778 ¦     1682           2              0.010 
2025-05-23 10:51:09 | INFO |       66.788 ¦     1683           2              0.010 
2025-05-23 10:51:09 | INFO |       66.798 ¦     1684           2              0.010 
2025-05-23 10:51:09 | INFO |       66.808 ¦     1685           2              0.010 
2025-05-23 10:51:09 | INFO |       66.818 ¦     1686           2              0.010 
2025-05-23 10:51:09 | INFO |       66.828 ¦     1687           2              0.010 
2025-05-23 10:51:09 | INFO |       66.838 ¦     1688           2              0.010 
2025-05-23 10:51:09 | INFO |       66.848 ¦     1689           2              0.010 
2025-05-23 10:51:09 | INFO |       66.858 ¦     1690           2              0.010 
2025-05-23 10:51:09 | INFO |       66.868 ¦     1691           2              0.010 
2025-05-23 10:51:09 | INFO |       66.878 ¦     1692           2              0.010 
2025-05-23 10:51:09 | INFO |       66.888 ¦     1693           2              0.010 
2025-05-23 10:51:09 | INFO |       66.898 ¦     1694           2              0.010 
2025-05-23 10:51:09 | INFO |       66.908 ¦     1695           2              0.010 
2025-05-23 10:51:09 | INFO |       66.918 ¦     1696           2              0.010 
2025-05-23 10:51:09 | INFO |       66.928 ¦     1697           2              0.010 
2025-05-23 10:51:09 | INFO |       66.938 ¦     1698           2              0.010 
2025-05-23 10:51:09 | INFO |       66.948 ¦     1699           2              0.010 
2025-05-23 10:51:09 | INFO |       66.958 ¦     1700           2              0.010 
2025-05-23 10:51:09 | INFO |       66.968 ¦     1701           2              0.010 
2025-05-23 10:51:09 | INFO |       66.978 ¦     1702           2              0.010 
2025-05-23 10:51:09 | INFO |       66.988 ¦     1703           2              0.010 
2025-05-23 10:51:09 | INFO |       66.998 ¦     1704           2              0.010 
2025-05-23 10:51:09 | INFO |       67.008 ¦     1705           2              0.010 
2025-05-23 10:51:09 | INFO |       67.018 ¦     1706           2              0.010 
2025-05-23 10:51:09 | INFO |       67.028 ¦     1707           2              0.010 
2025-05-23 10:51:09 | INFO |       67.038 ¦     1708           2              0.010 
2025-05-23 10:51:09 | INFO |       67.048 ¦     1709           2              0.010 
2025-05-23 10:51:09 | INFO |       67.058 ¦     1710           2              0.010 
2025-05-23 10:51:09 | INFO |       67.068 ¦     1711           2              0.010 
2025-05-23 10:51:09 | INFO |       67.078 ¦     1712           2              0.010 
2025-05-23 10:51:09 | INFO |       67.088 ¦     1713           2              0.010 
2025-05-23 10:51:09 | INFO |       67.098 ¦     1714           2              0.010 
2025-05-23 10:51:09 | INFO |       67.108 ¦     1715           2              0.010 
2025-05-23 10:51:09 | INFO |       67.118 ¦     1716           2              0.010 
2025-05-23 10:51:09 | INFO |       67.128 ¦     1717           2              0.010 
2025-05-23 10:51:09 | INFO |       67.138 ¦     1718           2              0.010 
2025-05-23 10:51:09 | INFO |       67.148 ¦     1719           2              0.010 
2025-05-23 10:51:09 | INFO |       67.158 ¦     1720           2              0.010 
2025-05-23 10:51:09 | INFO |       67.168 ¦     1721           2              0.010 
2025-05-23 10:51:09 | INFO |       67.178 ¦     1722           2              0.010 
2025-05-23 10:51:09 | INFO |       67.188 ¦     1723           2              0.010 
2025-05-23 10:51:09 | INFO |       67.198 ¦     1724           2              0.010 
2025-05-23 10:51:09 | INFO |       67.208 ¦     1725           2              0.010 
2025-05-23 10:51:09 | INFO |       67.218 ¦     1726           2              0.010 
2025-05-23 10:51:09 | INFO |       67.228 ¦     1727           2              0.010 
2025-05-23 10:51:09 | INFO |       67.238 ¦     1728           2              0.010 
2025-05-23 10:51:09 | INFO |       67.248 ¦     1729           2              0.010 
2025-05-23 10:51:09 | INFO |       67.258 ¦     1730           2              0.010 
2025-05-23 10:51:09 | INFO |       67.268 ¦     1731           2              0.010 
2025-05-23 10:51:09 | INFO |       67.278 ¦     1732           2              0.010 
2025-05-23 10:51:09 | INFO |       67.288 ¦     1733           2              0.010 
2025-05-23 10:51:09 | INFO |       67.298 ¦     1734           2              0.010 
2025-05-23 10:51:09 | INFO |       67.308 ¦     1735           2              0.010 
2025-05-23 10:51:09 | INFO |       67.318 ¦     1736           2              0.010 
2025-05-23 10:51:09 | INFO |       67.328 ¦     1737           2              0.010 
2025-05-23 10:51:09 | INFO |       67.338 ¦     1738           2              0.010 
2025-05-23 10:51:09 | INFO |       67.348 ¦     1739           2              0.010 
2025-05-23 10:51:09 | INFO |       67.358 ¦     1740           2              0.010 
2025-05-23 10:51:09 | INFO |       67.368 ¦     1741           2              0.010 
2025-05-23 10:51:09 | INFO |       67.378 ¦     1742           2              0.010 
2025-05-23 10:51:09 | INFO |       67.388 ¦     1743           2              0.010 
2025-05-23 10:51:09 | INFO |       67.398 ¦     1744           2              0.010 
2025-05-23 10:51:09 | INFO |       67.408 ¦     1745           2              0.010 
2025-05-23 10:51:09 | INFO |       67.418 ¦     1746           2              0.010 
2025-05-23 10:51:09 | INFO |       67.428 ¦     1747           2              0.010 
2025-05-23 10:51:09 | INFO |       67.438 ¦     1748           2              0.010 
2025-05-23 10:51:09 | INFO |       67.448 ¦     1749           2              0.010 
2025-05-23 10:51:09 | INFO |       67.458 ¦     1750           2              0.010 
2025-05-23 10:51:09 | INFO |       67.468 ¦     1751           2              0.010 
2025-05-23 10:51:09 | INFO |       67.478 ¦     1752           2              0.010 
2025-05-23 10:51:09 | INFO |       67.488 ¦     1753           2              0.010 
2025-05-23 10:51:09 | INFO |       67.498 ¦     1754           2              0.010 
2025-05-23 10:51:09 | INFO |       67.508 ¦     1755           2              0.010 
2025-05-23 10:51:09 | INFO |       67.518 ¦     1756           2              0.010 
2025-05-23 10:51:09 | INFO |       67.528 ¦     1757           2              0.010 
2025-05-23 10:51:09 | INFO |       67.538 ¦     1758           2              0.010 
2025-05-23 10:51:09 | INFO |       67.548 ¦     1759           2              0.010 
2025-05-23 10:51:09 | INFO |       67.558 ¦     1760           2              0.010 
2025-05-23 10:51:09 | INFO |       67.568 ¦     1761           2              0.010 
2025-05-23 10:51:09 | INFO |       67.578 ¦     1762           2              0.010 
2025-05-23 10:51:09 | INFO |       67.588 ¦     1763           2              0.010 
2025-05-23 10:51:09 | INFO |       67.598 ¦     1764           2              0.010 
2025-05-23 10:51:09 | INFO |       67.608 ¦     1765           2              0.010 
2025-05-23 10:51:09 | INFO |       67.618 ¦     1766           2              0.010 
2025-05-23 10:51:09 | INFO |       67.628 ¦     1767           2              0.010 
2025-05-23 10:51:09 | INFO |       67.638 ¦     1768           2              0.010 
2025-05-23 10:51:09 | INFO |       67.648 ¦     1769           2              0.010 
2025-05-23 10:51:09 | INFO |       67.658 ¦     1770           2              0.010 
2025-05-23 10:51:09 | INFO |       67.668 ¦     1771           2              0.010 
2025-05-23 10:51:09 | INFO |       67.678 ¦     1772           2              0.010 
2025-05-23 10:51:09 | INFO |       67.688 ¦     1773           2              0.010 
2025-05-23 10:51:09 | INFO |       67.698 ¦     1774           2              0.010 
2025-05-23 10:51:09 | INFO |       67.708 ¦     1775           2              0.010 
2025-05-23 10:51:09 | INFO |       67.718 ¦     1776           2              0.010 
2025-05-23 10:51:09 | INFO |       67.728 ¦     1777           2              0.010 
2025-05-23 10:51:09 | INFO |       67.738 ¦     1778           2              0.010 
2025-05-23 10:51:09 | INFO |       67.748 ¦     1779           2              0.010 
2025-05-23 10:51:09 | INFO |       67.758 ¦     1780           2              0.010 
2025-05-23 10:51:09 | INFO |       67.768 ¦     1781           2              0.010 
2025-05-23 10:51:09 | INFO |       67.778 ¦     1782           2              0.010 
2025-05-23 10:51:09 | INFO |       67.788 ¦     1783           2              0.010 
2025-05-23 10:51:09 | INFO |       67.798 ¦     1784           2              0.010 
2025-05-23 10:51:09 | INFO |       67.808 ¦     1785           2              0.010 
2025-05-23 10:51:09 | INFO |       67.818 ¦     1786           2              0.010 
2025-05-23 10:51:09 | INFO |       67.828 ¦     1787           2              0.010 
2025-05-23 10:51:09 | INFO |       67.838 ¦     1788           2              0.010 
2025-05-23 10:51:09 | INFO |       67.848 ¦     1789           2              0.010 
2025-05-23 10:51:09 | INFO |       67.858 ¦     1790           2              0.010 
2025-05-23 10:51:09 | INFO |       67.868 ¦     1791           2              0.010 
2025-05-23 10:51:09 | INFO |       67.878 ¦     1792           2              0.010 
2025-05-23 10:51:09 | INFO |       67.888 ¦     1793           2              0.010 
2025-05-23 10:51:09 | INFO |       67.898 ¦     1794           2              0.010 
2025-05-23 10:51:09 | INFO |       67.908 ¦     1795           2              0.010 
2025-05-23 10:51:09 | INFO |       67.918 ¦     1796           2              0.010 
2025-05-23 10:51:09 | INFO |       67.928 ¦     1797           2              0.010 
2025-05-23 10:51:09 | INFO |       67.938 ¦     1798           2              0.010 
2025-05-23 10:51:09 | INFO |       67.948 ¦     1799           2              0.010 
2025-05-23 10:51:09 | INFO |       67.958 ¦     1800           2              0.010 
2025-05-23 10:51:09 | INFO |       67.968 ¦     1801           2              0.010 
2025-05-23 10:51:09 | INFO |       67.978 ¦     1802           2              0.010 
2025-05-23 10:51:09 | INFO |       67.988 ¦     1803           2              0.010 
2025-05-23 10:51:09 | INFO |       67.998 ¦     1804           2              0.010 
2025-05-23 10:51:09 | INFO |       68.008 ¦     1805           2              0.010 
2025-05-23 10:51:09 | INFO |       68.018 ¦     1806           2              0.010 
2025-05-23 10:51:09 | INFO |       68.028 ¦     1807           2              0.010 
2025-05-23 10:51:09 | INFO |       68.038 ¦     1808           2              0.010 
2025-05-23 10:51:09 | INFO |       68.048 ¦     1809           2              0.010 
2025-05-23 10:51:09 | INFO |       68.058 ¦     1810           2              0.010 
2025-05-23 10:51:09 | INFO |       68.068 ¦     1811           2              0.010 
2025-05-23 10:51:09 | INFO |       68.078 ¦     1812           2              0.010 
2025-05-23 10:51:09 | INFO |       68.088 ¦     1813           2              0.010 
2025-05-23 10:51:09 | INFO |       68.098 ¦     1814           2              0.010 
2025-05-23 10:51:09 | INFO |       68.108 ¦     1815           2              0.010 
2025-05-23 10:51:09 | INFO |       68.118 ¦     1816           2              0.010 
2025-05-23 10:51:09 | INFO |       68.128 ¦     1817           2              0.010 
2025-05-23 10:51:09 | INFO |       68.138 ¦     1818           2              0.010 
2025-05-23 10:51:09 | INFO |       68.148 ¦     1819           2              0.010 
2025-05-23 10:51:09 | INFO |       68.158 ¦     1820           2              0.010 
2025-05-23 10:51:09 | INFO |       68.168 ¦     1821           2              0.010 
2025-05-23 10:51:09 | INFO |       68.178 ¦     1822           2              0.010 
2025-05-23 10:51:09 | INFO |       68.188 ¦     1823           2              0.010 
2025-05-23 10:51:09 | INFO |       68.198 ¦     1824           2              0.010 
2025-05-23 10:51:09 | INFO |       68.208 ¦     1825           2              0.010 
2025-05-23 10:51:09 | INFO |       68.218 ¦     1826           2              0.010 
2025-05-23 10:51:09 | INFO |       68.228 ¦     1827           2              0.010 
2025-05-23 10:51:09 | INFO |       68.238 ¦     1828           2              0.010 
2025-05-23 10:51:09 | INFO |       68.248 ¦     1829           2              0.010 
2025-05-23 10:51:09 | INFO |       68.258 ¦     1830           2              0.010 
2025-05-23 10:51:09 | INFO |       68.268 ¦     1831           2              0.010 
2025-05-23 10:51:09 | INFO |       68.278 ¦     1832           2              0.010 
2025-05-23 10:51:09 | INFO |       68.288 ¦     1833           2              0.010 
2025-05-23 10:51:09 | INFO |       68.298 ¦     1834           2              0.010 
2025-05-23 10:51:09 | INFO |       68.308 ¦     1835           2              0.010 
2025-05-23 10:51:09 | INFO |       68.318 ¦     1836           2              0.010 
2025-05-23 10:51:09 | INFO |       68.328 ¦     1837           2              0.010 
2025-05-23 10:51:09 | INFO |       68.338 ¦     1838           2              0.010 
2025-05-23 10:51:09 | INFO |       68.348 ¦     1839           2              0.010 
2025-05-23 10:51:09 | INFO |       68.358 ¦     1840           2              0.010 
2025-05-23 10:51:09 | INFO |       68.368 ¦     1841           2              0.010 
2025-05-23 10:51:09 | INFO |       68.378 ¦     1842           2              0.010 
2025-05-23 10:51:09 | INFO |       68.388 ¦     1843           2              0.010 
2025-05-23 10:51:09 | INFO |       68.398 ¦     1844           2              0.010 
2025-05-23 10:51:09 | INFO |       68.408 ¦     1845           2              0.010 
2025-05-23 10:51:09 | INFO |       68.418 ¦     1846           2              0.010 
2025-05-23 10:51:09 | INFO |       68.428 ¦     1847           2              0.010 
2025-05-23 10:51:09 | INFO |       68.438 ¦     1848           2              0.010 
2025-05-23 10:51:09 | INFO |       68.448 ¦     1849           2              0.010 
2025-05-23 10:51:09 | INFO |       68.458 ¦     1850           2              0.010 
2025-05-23 10:51:09 | INFO |       68.468 ¦     1851           2              0.010 
2025-05-23 10:51:09 | INFO |       68.478 ¦     1852           2              0.010 
2025-05-23 10:51:09 | INFO |       68.488 ¦     1853           2              0.010 
2025-05-23 10:51:09 | INFO |       68.498 ¦     1854           2              0.010 
2025-05-23 10:51:09 | INFO |       68.508 ¦     1855           2              0.010 
2025-05-23 10:51:09 | INFO |       68.518 ¦     1856           2              0.010 
2025-05-23 10:51:09 | INFO |       68.528 ¦     1857           2              0.010 
2025-05-23 10:51:09 | INFO |       68.538 ¦     1858           2              0.010 
2025-05-23 10:51:09 | INFO |       68.548 ¦     1859           2              0.010 
2025-05-23 10:51:09 | INFO |       68.558 ¦     1860           2              0.010 
2025-05-23 10:51:09 | INFO |       68.568 ¦     1861           2              0.010 
2025-05-23 10:51:09 | INFO |       68.578 ¦     1862           2              0.010 
2025-05-23 10:51:09 | INFO |       68.588 ¦     1863           2              0.010 
2025-05-23 10:51:09 | INFO |       68.598 ¦     1864           2              0.010 
2025-05-23 10:51:09 | INFO |       68.608 ¦     1865           2              0.010 
2025-05-23 10:51:09 | INFO |       68.618 ¦     1866           2              0.010 
2025-05-23 10:51:09 | INFO |       68.628 ¦     1867           2              0.010 
2025-05-23 10:51:09 | INFO |       68.638 ¦     1868           2              0.010 
2025-05-23 10:51:09 | INFO |       68.648 ¦     1869           2              0.010 
2025-05-23 10:51:09 | INFO |       68.658 ¦     1870           2              0.010 
2025-05-23 10:51:09 | INFO |       68.668 ¦     1871           2              0.010 
2025-05-23 10:51:09 | INFO |       68.678 ¦     1872           2              0.010 
2025-05-23 10:51:09 | INFO |       68.688 ¦     1873           2              0.010 
2025-05-23 10:51:09 | INFO |       68.698 ¦     1874           2              0.010 
2025-05-23 10:51:09 | INFO |       68.708 ¦     1875           2              0.010 
2025-05-23 10:51:09 | INFO |       68.718 ¦     1876           2              0.010 
2025-05-23 10:51:09 | INFO |       68.728 ¦     1877           2              0.010 
2025-05-23 10:51:09 | INFO |       68.738 ¦     1878           2              0.010 
2025-05-23 10:51:09 | INFO |       68.748 ¦     1879           2              0.010 
2025-05-23 10:51:09 | INFO |       68.758 ¦     1880           2              0.010 
2025-05-23 10:51:09 | INFO |       68.768 ¦     1881           2              0.010 
2025-05-23 10:51:09 | INFO |       68.778 ¦     1882           2              0.010 
2025-05-23 10:51:09 | INFO |       68.788 ¦     1883           2              0.010 
2025-05-23 10:51:09 | INFO |       68.798 ¦     1884           2              0.010 
2025-05-23 10:51:09 | INFO |       68.808 ¦     1885           2              0.010 
2025-05-23 10:51:09 | INFO |       68.818 ¦     1886           2              0.010 
2025-05-23 10:51:09 | INFO |       68.828 ¦     1887           2              0.010 
2025-05-23 10:51:09 | INFO |       68.838 ¦     1888           2              0.010 
2025-05-23 10:51:09 | INFO |       68.848 ¦     1889           2              0.010 
2025-05-23 10:51:09 | INFO |       68.858 ¦     1890           2              0.010 
2025-05-23 10:51:09 | INFO |       68.868 ¦     1891           2              0.010 
2025-05-23 10:51:09 | INFO |       68.878 ¦     1892           2              0.010 
2025-05-23 10:51:09 | INFO |       68.888 ¦     1893           2              0.010 
2025-05-23 10:51:09 | INFO |       68.898 ¦     1894           2              0.010 
2025-05-23 10:51:09 | INFO |       68.908 ¦     1895           2              0.010 
2025-05-23 10:51:09 | INFO |       68.918 ¦     1896           2              0.010 
2025-05-23 10:51:09 | INFO |       68.928 ¦     1897           2              0.010 
2025-05-23 10:51:09 | INFO |       68.938 ¦     1898           2              0.010 
2025-05-23 10:51:09 | INFO |       68.948 ¦     1899           2              0.010 
2025-05-23 10:51:09 | INFO |       68.958 ¦     1900           2              0.010 
2025-05-23 10:51:09 | INFO |       68.968 ¦     1901           2              0.010 
2025-05-23 10:51:09 | INFO |       68.978 ¦     1902           2              0.010 
2025-05-23 10:51:09 | INFO |       68.988 ¦     1903           2              0.010 
2025-05-23 10:51:09 | INFO |       68.998 ¦     1904           2              0.010 
2025-05-23 10:51:09 | INFO |       69.008 ¦     1905           2              0.010 
2025-05-23 10:51:09 | INFO |       69.018 ¦     1906           2              0.010 
2025-05-23 10:51:09 | INFO |       69.028 ¦     1907           2              0.010 
2025-05-23 10:51:09 | INFO |       69.038 ¦     1908           2              0.010 
2025-05-23 10:51:09 | INFO |       69.048 ¦     1909           2              0.010 
2025-05-23 10:51:09 | INFO |       69.058 ¦     1910           2              0.010 
2025-05-23 10:51:09 | INFO |       69.068 ¦     1911           2              0.010 
2025-05-23 10:51:09 | INFO |       69.078 ¦     1912           2              0.010 
2025-05-23 10:51:09 | INFO |       69.088 ¦     1913           2              0.010 
2025-05-23 10:51:09 | INFO |       69.098 ¦     1914           2              0.010 
2025-05-23 10:51:09 | INFO |       69.108 ¦     1915           2              0.010 
2025-05-23 10:51:09 | INFO |       69.118 ¦     1916           2              0.010 
2025-05-23 10:51:09 | INFO |       69.128 ¦     1917           2              0.010 
2025-05-23 10:51:09 | INFO |       69.138 ¦     1918           2              0.010 
2025-05-23 10:51:09 | INFO |       69.148 ¦     1919           2              0.010 
2025-05-23 10:51:09 | INFO |       69.158 ¦     1920           2              0.010 
2025-05-23 10:51:09 | INFO |       69.168 ¦     1921           2              0.010 
2025-05-23 10:51:09 | INFO |       69.178 ¦     1922           2              0.010 
2025-05-23 10:51:09 | INFO |       69.188 ¦     1923           2              0.010 
2025-05-23 10:51:09 | INFO |       69.198 ¦     1924           2              0.010 
2025-05-23 10:51:09 | INFO |       69.208 ¦     1925           2              0.010 
2025-05-23 10:51:09 | INFO |       69.218 ¦     1926           2              0.010 
2025-05-23 10:51:09 | INFO |       69.228 ¦     1927           2              0.010 
2025-05-23 10:51:09 | INFO |       69.238 ¦     1928           2              0.010 
2025-05-23 10:51:09 | INFO |       69.248 ¦     1929           2              0.010 
2025-05-23 10:51:09 | INFO |       69.258 ¦     1930           2              0.010 
2025-05-23 10:51:09 | INFO |       69.268 ¦     1931           2              0.010 
2025-05-23 10:51:09 | INFO |       69.278 ¦     1932           2              0.010 
2025-05-23 10:51:09 | INFO |       69.288 ¦     1933           2              0.010 
2025-05-23 10:51:09 | INFO |       69.298 ¦     1934           2              0.010 
2025-05-23 10:51:09 | INFO |       69.308 ¦     1935           2              0.010 
2025-05-23 10:51:09 | INFO |       69.318 ¦     1936           2              0.010 
2025-05-23 10:51:09 | INFO |       69.328 ¦     1937           2              0.010 
2025-05-23 10:51:09 | INFO |       69.338 ¦     1938           2              0.010 
2025-05-23 10:51:09 | INFO |       69.348 ¦     1939           2              0.010 
2025-05-23 10:51:09 | INFO |       69.358 ¦     1940           2              0.010 
2025-05-23 10:51:09 | INFO |       69.368 ¦     1941           2              0.010 
2025-05-23 10:51:09 | INFO |       69.378 ¦     1942           2              0.010 
2025-05-23 10:51:09 | INFO |       69.388 ¦     1943           2              0.010 
2025-05-23 10:51:09 | INFO |       69.398 ¦     1944           2              0.010 
2025-05-23 10:51:09 | INFO |       69.408 ¦     1945           2              0.010 
2025-05-23 10:51:09 | INFO |       69.418 ¦     1946           2              0.010 
2025-05-23 10:51:09 | INFO |       69.428 ¦     1947           2              0.010 
2025-05-23 10:51:09 | INFO |       69.438 ¦     1948           2              0.010 
2025-05-23 10:51:09 | INFO |       69.448 ¦     1949           2              0.010 
2025-05-23 10:51:09 | INFO |       69.458 ¦     1950           2              0.010 
2025-05-23 10:51:09 | INFO |       69.468 ¦     1951           2              0.010 
2025-05-23 10:51:09 | INFO |       69.478 ¦     1952           2              0.010 
2025-05-23 10:51:09 | INFO |       69.488 ¦     1953           2              0.010 
2025-05-23 10:51:09 | INFO |       69.498 ¦     1954           2              0.010 
2025-05-23 10:51:09 | INFO |       69.508 ¦     1955           2              0.010 
2025-05-23 10:51:09 | INFO |       69.518 ¦     1956           2              0.010 
2025-05-23 10:51:09 | INFO |       69.528 ¦     1957           2              0.010 
2025-05-23 10:51:09 | INFO |       69.538 ¦     1958           2              0.010 
2025-05-23 10:51:09 | INFO |       69.548 ¦     1959           2              0.010 
2025-05-23 10:51:09 | INFO |       69.558 ¦     1960           2              0.010 
2025-05-23 10:51:09 | INFO |       69.568 ¦     1961           2              0.010 
2025-05-23 10:51:09 | INFO |       69.578 ¦     1962           2              0.010 
2025-05-23 10:51:09 | INFO |       69.588 ¦     1963           2              0.010 
2025-05-23 10:51:09 | INFO |       69.598 ¦     1964           2              0.010 
2025-05-23 10:51:09 | INFO |       69.608 ¦     1965           2              0.010 
2025-05-23 10:51:09 | INFO |       69.618 ¦     1966           2              0.010 
2025-05-23 10:51:09 | INFO |       69.628 ¦     1967           2              0.010 
2025-05-23 10:51:09 | INFO |       69.638 ¦     1968           2              0.010 
2025-05-23 10:51:09 | INFO |       69.648 ¦     1969           2              0.010 
2025-05-23 10:51:09 | INFO |       69.658 ¦     1970           2              0.010 
2025-05-23 10:51:09 | INFO |       69.668 ¦     1971           2              0.010 
2025-05-23 10:51:09 | INFO |       69.678 ¦     1972           2              0.010 
2025-05-23 10:51:09 | INFO |       69.688 ¦     1973           2              0.010 
2025-05-23 10:51:09 | INFO |       69.698 ¦     1974           2              0.010 
2025-05-23 10:51:09 | INFO |       69.708 ¦     1975           2              0.010 
2025-05-23 10:51:09 | INFO |       69.718 ¦     1976           2              0.010 
2025-05-23 10:51:09 | INFO |       69.728 ¦     1977           2              0.010 
2025-05-23 10:51:09 | INFO |       69.738 ¦     1978           2              0.010 
2025-05-23 10:51:09 | INFO |       69.748 ¦     1979           2              0.010 
2025-05-23 10:51:09 | INFO |       69.758 ¦     1980           2              0.010 
2025-05-23 10:51:09 | INFO |       69.768 ¦     1981           2              0.010 
2025-05-23 10:51:09 | INFO |       69.778 ¦     1982           2              0.010 
2025-05-23 10:51:09 | INFO |       69.788 ¦     1983           2              0.010 
2025-05-23 10:51:09 | INFO |       69.798 ¦     1984           2              0.010 
2025-05-23 10:51:09 | INFO |       69.808 ¦     1985           2              0.010 
2025-05-23 10:51:09 | INFO |       69.818 ¦     1986           2              0.010 
2025-05-23 10:51:09 | INFO |       69.828 ¦     1987           2              0.010 
2025-05-23 10:51:09 | INFO |       69.838 ¦     1988           2              0.010 
2025-05-23 10:51:09 | INFO |       69.848 ¦     1989           2              0.010 
2025-05-23 10:51:09 | INFO |       69.858 ¦     1990           2              0.010 
2025-05-23 10:51:09 | INFO |       69.868 ¦     1991           2              0.010 
2025-05-23 10:51:09 | INFO |       69.878 ¦     1992           2              0.010 
2025-05-23 10:51:09 | INFO |       69.888 ¦     1993           2              0.010 
2025-05-23 10:51:09 | INFO |       69.898 ¦     1994           2              0.010 
2025-05-23 10:51:09 | INFO |       69.908 ¦     1995           2              0.010 
2025-05-23 10:51:09 | INFO |       69.918 ¦     1996           2              0.010 
2025-05-23 10:51:09 | INFO |       69.928 ¦     1997           2              0.010 
2025-05-23 10:51:09 | INFO |       69.938 ¦     1998           2              0.010 
2025-05-23 10:51:09 | INFO |       69.948 ¦     1999           2              0.010 
2025-05-23 10:51:09 | INFO |       69.958 ¦     2000           2              0.010 
2025-05-23 10:51:09 | INFO |       69.968 ¦     2001           2              0.010 
2025-05-23 10:51:09 | INFO |       69.978 ¦     2002           2              0.010 
2025-05-23 10:51:09 | INFO |       69.988 ¦     2003           2              0.010 
2025-05-23 10:51:09 | INFO |       69.998 ¦     2004           2              0.010 
2025-05-23 10:51:09 | INFO |       70.008 ¦     2005           2              0.010 
2025-05-23 10:51:09 | INFO |       70.018 ¦     2006           2              0.010 
2025-05-23 10:51:09 | INFO |       70.028 ¦     2007           2              0.010 
2025-05-23 10:51:09 | INFO |       70.038 ¦     2008           2              0.010 
2025-05-23 10:51:09 | INFO |       70.048 ¦     2009           2              0.010 
2025-05-23 10:51:09 | INFO |       70.058 ¦     2010           2              0.010 
2025-05-23 10:51:09 | INFO |       70.068 ¦     2011           2              0.010 
2025-05-23 10:51:09 | INFO |       70.078 ¦     2012           2              0.010 
2025-05-23 10:51:09 | INFO |       70.088 ¦     2013           2              0.010 
2025-05-23 10:51:09 | INFO |       70.098 ¦     2014           2              0.010 
2025-05-23 10:51:09 | INFO |       70.108 ¦     2015           2              0.010 
2025-05-23 10:51:09 | INFO |       70.118 ¦     2016           2              0.010 
2025-05-23 10:51:09 | INFO |       70.128 ¦     2017           2              0.010 
2025-05-23 10:51:09 | INFO |       70.138 ¦     2018           2              0.010 
2025-05-23 10:51:09 | INFO |       70.148 ¦     2019           2              0.010 
2025-05-23 10:51:09 | INFO |       70.158 ¦     2020           2              0.010 
2025-05-23 10:51:09 | INFO |       70.168 ¦     2021           2              0.010 
2025-05-23 10:51:09 | INFO |       70.178 ¦     2022           2              0.010 
2025-05-23 10:51:09 | INFO |       70.188 ¦     2023           2              0.010 
2025-05-23 10:51:09 | INFO |       70.198 ¦     2024           2              0.010 
2025-05-23 10:51:09 | INFO |       70.208 ¦     2025           2              0.010 
2025-05-23 10:51:09 | INFO |       70.218 ¦     2026           2              0.010 
2025-05-23 10:51:09 | INFO |       70.228 ¦     2027           2              0.010 
2025-05-23 10:51:09 | INFO |       70.238 ¦     2028           2              0.010 
2025-05-23 10:51:09 | INFO |       70.248 ¦     2029           2              0.010 
2025-05-23 10:51:09 | INFO |       70.258 ¦     2030           2              0.010 
2025-05-23 10:51:09 | INFO |       70.268 ¦     2031           2              0.010 
2025-05-23 10:51:09 | INFO |       70.278 ¦     2032           2              0.010 
2025-05-23 10:51:09 | INFO |       70.288 ¦     2033           2              0.010 
2025-05-23 10:51:09 | INFO |       70.298 ¦     2034           2              0.010 
2025-05-23 10:51:09 | INFO |       70.308 ¦     2035           2              0.010 
2025-05-23 10:51:09 | INFO |       70.318 ¦     2036           2              0.010 
2025-05-23 10:51:09 | INFO |       70.328 ¦     2037           2              0.010 
2025-05-23 10:51:09 | INFO |       70.338 ¦     2038           2              0.010 
2025-05-23 10:51:09 | INFO |       70.348 ¦     2039           2              0.010 
2025-05-23 10:51:09 | INFO |       70.358 ¦     2040           2              0.010 
2025-05-23 10:51:09 | INFO |       70.368 ¦     2041           2              0.010 
2025-05-23 10:51:09 | INFO |       70.378 ¦     2042           2              0.010 
2025-05-23 10:51:09 | INFO |       70.388 ¦     2043           2              0.010 
2025-05-23 10:51:09 | INFO |       70.398 ¦     2044           2              0.010 
2025-05-23 10:51:09 | INFO |       70.408 ¦     2045           2              0.010 
2025-05-23 10:51:09 | INFO |       70.418 ¦     2046           2              0.010 
2025-05-23 10:51:09 | INFO |       70.428 ¦     2047           2              0.010 
2025-05-23 10:51:09 | INFO |       70.438 ¦     2048           2              0.010 
2025-05-23 10:51:09 | INFO |       70.448 ¦     2049           2              0.010 
2025-05-23 10:51:09 | INFO |       70.458 ¦     2050           2              0.010 
2025-05-23 10:51:09 | INFO |       70.468 ¦     2051           2              0.010 
2025-05-23 10:51:09 | INFO |       70.478 ¦     2052           2              0.010 
2025-05-23 10:51:09 | INFO |       70.488 ¦     2053           2              0.010 
2025-05-23 10:51:09 | INFO |       70.498 ¦     2054           2              0.010 
2025-05-23 10:51:09 | INFO |       70.508 ¦     2055           2              0.010 
2025-05-23 10:51:09 | INFO |       70.518 ¦     2056           2              0.010 
2025-05-23 10:51:09 | INFO |       70.528 ¦     2057           2              0.010 
2025-05-23 10:51:09 | INFO |       70.538 ¦     2058           2              0.010 
2025-05-23 10:51:09 | INFO |       70.548 ¦     2059           2              0.010 
2025-05-23 10:51:09 | INFO |       70.558 ¦     2060           2              0.010 
2025-05-23 10:51:09 | INFO |       70.568 ¦     2061           2              0.010 
2025-05-23 10:51:09 | INFO |       70.578 ¦     2062           2              0.010 
2025-05-23 10:51:09 | INFO |       70.588 ¦     2063           2              0.010 
2025-05-23 10:51:09 | INFO |       70.598 ¦     2064           2              0.010 
2025-05-23 10:51:09 | INFO |       70.608 ¦     2065           2              0.010 
2025-05-23 10:51:09 | INFO |       70.618 ¦     2066           2              0.010 
2025-05-23 10:51:09 | INFO |       70.628 ¦     2067           2              0.010 
2025-05-23 10:51:09 | INFO |       70.638 ¦     2068           2              0.010 
2025-05-23 10:51:09 | INFO |       70.648 ¦     2069           2              0.010 
2025-05-23 10:51:09 | INFO |       70.658 ¦     2070           2              0.010 
2025-05-23 10:51:09 | INFO |       70.668 ¦     2071           2              0.010 
2025-05-23 10:51:09 | INFO |       70.678 ¦     2072           2              0.010 
2025-05-23 10:51:09 | INFO |       70.688 ¦     2073           2              0.010 
2025-05-23 10:51:09 | INFO |       70.698 ¦     2074           2              0.010 
2025-05-23 10:51:09 | INFO |       70.708 ¦     2075           2              0.010 
2025-05-23 10:51:09 | INFO |       70.718 ¦     2076           2              0.010 
2025-05-23 10:51:09 | INFO |       70.728 ¦     2077           2              0.010 
2025-05-23 10:51:09 | INFO |       70.738 ¦     2078           2              0.010 
2025-05-23 10:51:09 | INFO |       70.748 ¦     2079           2              0.010 
2025-05-23 10:51:09 | INFO |       70.758 ¦     2080           2              0.010 
2025-05-23 10:51:09 | INFO |       70.768 ¦     2081           2              0.010 
2025-05-23 10:51:09 | INFO |       70.778 ¦     2082           2              0.010 
2025-05-23 10:51:09 | INFO |       70.788 ¦     2083           2              0.010 
2025-05-23 10:51:09 | INFO |       70.798 ¦     2084           2              0.010 
2025-05-23 10:51:09 | INFO |       70.808 ¦     2085           2              0.010 
2025-05-23 10:51:09 | INFO |       70.818 ¦     2086           2              0.010 
2025-05-23 10:51:09 | INFO |       70.828 ¦     2087           2              0.010 
2025-05-23 10:51:09 | INFO |       70.838 ¦     2088           2              0.010 
2025-05-23 10:51:09 | INFO |       70.848 ¦     2089           2              0.010 
2025-05-23 10:51:09 | INFO |       70.858 ¦     2090           2              0.010 
2025-05-23 10:51:09 | INFO |       70.868 ¦     2091           2              0.010 
2025-05-23 10:51:09 | INFO |       70.878 ¦     2092           2              0.010 
2025-05-23 10:51:09 | INFO |       70.888 ¦     2093           2              0.010 
2025-05-23 10:51:09 | INFO |       70.898 ¦     2094           2              0.010 
2025-05-23 10:51:09 | INFO |       70.908 ¦     2095           2              0.010 
2025-05-23 10:51:09 | INFO |       70.918 ¦     2096           2              0.010 
2025-05-23 10:51:09 | INFO |       70.928 ¦     2097           2              0.010 
2025-05-23 10:51:09 | INFO |       70.938 ¦     2098           2              0.010 
2025-05-23 10:51:09 | INFO |       70.948 ¦     2099           2              0.010 
2025-05-23 10:51:09 | INFO |       70.958 ¦     2100           2              0.010 
2025-05-23 10:51:09 | INFO |       70.968 ¦     2101           2              0.010 
2025-05-23 10:51:09 | INFO |       70.978 ¦     2102           2              0.010 
2025-05-23 10:51:09 | INFO |       70.988 ¦     2103           2              0.010 
2025-05-23 10:51:09 | INFO |       70.998 ¦     2104           2              0.010 
2025-05-23 10:51:09 | INFO |       71.008 ¦     2105           2              0.010 
2025-05-23 10:51:09 | INFO |       71.018 ¦     2106           2              0.010 
2025-05-23 10:51:09 | INFO |       71.028 ¦     2107           2              0.010 
2025-05-23 10:51:09 | INFO |       71.038 ¦     2108           2              0.010 
2025-05-23 10:51:09 | INFO |       71.048 ¦     2109           2              0.010 
2025-05-23 10:51:09 | INFO |       71.058 ¦     2110           2              0.010 
2025-05-23 10:51:09 | INFO |       71.068 ¦     2111           2              0.010 
2025-05-23 10:51:09 | INFO |       71.078 ¦     2112           2              0.010 
2025-05-23 10:51:09 | INFO |       71.088 ¦     2113           2              0.010 
2025-05-23 10:51:09 | INFO |       71.098 ¦     2114           2              0.010 
2025-05-23 10:51:09 | INFO |       71.108 ¦     2115           2              0.010 
2025-05-23 10:51:09 | INFO |       71.118 ¦     2116           2              0.010 
2025-05-23 10:51:09 | INFO |       71.128 ¦     2117           2              0.010 
2025-05-23 10:51:09 | INFO |       71.138 ¦     2118           2              0.010 
2025-05-23 10:51:09 | INFO |       71.148 ¦     2119           2              0.010 
2025-05-23 10:51:09 | INFO |       71.158 ¦     2120           2              0.010 
2025-05-23 10:51:09 | INFO |       71.168 ¦     2121           2              0.010 
2025-05-23 10:51:09 | INFO |       71.178 ¦     2122           2              0.010 
2025-05-23 10:51:09 | INFO |       71.188 ¦     2123           2              0.010 
2025-05-23 10:51:09 | INFO |       71.198 ¦     2124           2              0.010 
2025-05-23 10:51:09 | INFO |       71.208 ¦     2125           2              0.010 
2025-05-23 10:51:09 | INFO |       71.218 ¦     2126           2              0.010 
2025-05-23 10:51:09 | INFO |       71.228 ¦     2127           2              0.010 
2025-05-23 10:51:09 | INFO |       71.238 ¦     2128           2              0.010 
2025-05-23 10:51:09 | INFO |       71.248 ¦     2129           2              0.010 
2025-05-23 10:51:09 | INFO |       71.258 ¦     2130           2              0.010 
2025-05-23 10:51:09 | INFO |       71.268 ¦     2131           2              0.010 
2025-05-23 10:51:09 | INFO |       71.278 ¦     2132           2              0.010 
2025-05-23 10:51:09 | INFO |       71.288 ¦     2133           2              0.010 
2025-05-23 10:51:09 | INFO |       71.298 ¦     2134           2              0.010 
2025-05-23 10:51:09 | INFO |       71.308 ¦     2135           2              0.010 
2025-05-23 10:51:09 | INFO |       71.318 ¦     2136           2              0.010 
2025-05-23 10:51:09 | INFO |       71.328 ¦     2137           2              0.010 
2025-05-23 10:51:09 | INFO |       71.338 ¦     2138           2              0.010 
2025-05-23 10:51:09 | INFO |       71.348 ¦     2139           2              0.010 
2025-05-23 10:51:09 | INFO |       71.358 ¦     2140           2              0.010 
2025-05-23 10:51:09 | INFO |       71.368 ¦     2141           2              0.010 
2025-05-23 10:51:09 | INFO |       71.378 ¦     2142           2              0.010 
2025-05-23 10:51:09 | INFO |       71.388 ¦     2143           2              0.010 
2025-05-23 10:51:09 | INFO |       71.398 ¦     2144           2              0.010 
2025-05-23 10:51:09 | INFO |       71.408 ¦     2145           2              0.010 
2025-05-23 10:51:09 | INFO |       71.418 ¦     2146           2              0.010 
2025-05-23 10:51:09 | INFO |       71.428 ¦     2147           2              0.010 
2025-05-23 10:51:09 | INFO |       71.438 ¦     2148           2              0.010 
2025-05-23 10:51:09 | INFO |       71.448 ¦     2149           2              0.010 
2025-05-23 10:51:09 | INFO |       71.458 ¦     2150           2              0.010 
2025-05-23 10:51:09 | INFO |       71.468 ¦     2151           2              0.010 
2025-05-23 10:51:09 | INFO |       71.478 ¦     2152           2              0.010 
2025-05-23 10:51:09 | INFO |       71.488 ¦     2153           2              0.010 
2025-05-23 10:51:09 | INFO |       71.498 ¦     2154           2              0.010 
2025-05-23 10:51:09 | INFO |       71.508 ¦     2155           2              0.010 
2025-05-23 10:51:09 | INFO |       71.518 ¦     2156           2              0.010 
2025-05-23 10:51:09 | INFO |       71.528 ¦     2157           2              0.010 
2025-05-23 10:51:09 | INFO |       71.538 ¦     2158           2              0.010 
2025-05-23 10:51:09 | INFO |       71.548 ¦     2159           2              0.010 
2025-05-23 10:51:09 | INFO |       71.558 ¦     2160           2              0.010 
2025-05-23 10:51:09 | INFO |       71.568 ¦     2161           2              0.010 
2025-05-23 10:51:09 | INFO |       71.578 ¦     2162           2              0.010 
2025-05-23 10:51:09 | INFO |       71.588 ¦     2163           2              0.010 
2025-05-23 10:51:09 | INFO |       71.598 ¦     2164           2              0.010 
2025-05-23 10:51:09 | INFO |       71.608 ¦     2165           2              0.010 
2025-05-23 10:51:09 | INFO |       71.618 ¦     2166           2              0.010 
2025-05-23 10:51:09 | INFO |       71.628 ¦     2167           2              0.010 
2025-05-23 10:51:09 | INFO |       71.638 ¦     2168           2              0.010 
2025-05-23 10:51:09 | INFO |       71.648 ¦     2169           2              0.010 
2025-05-23 10:51:09 | INFO |       71.658 ¦     2170           2              0.010 
2025-05-23 10:51:09 | INFO |       71.668 ¦     2171           2              0.010 
2025-05-23 10:51:09 | INFO |       71.678 ¦     2172           2              0.010 
2025-05-23 10:51:09 | INFO |       71.688 ¦     2173           2              0.010 
2025-05-23 10:51:09 | INFO |       71.698 ¦     2174           2              0.010 
2025-05-23 10:51:09 | INFO |       71.708 ¦     2175           2              0.010 
2025-05-23 10:51:09 | INFO |       71.718 ¦     2176           2              0.010 
2025-05-23 10:51:09 | INFO |       71.728 ¦     2177           2              0.010 
2025-05-23 10:51:09 | INFO |       71.738 ¦     2178           2              0.010 
2025-05-23 10:51:09 | INFO |       71.748 ¦     2179           2              0.010 
2025-05-23 10:51:09 | INFO |       71.758 ¦     2180           2              0.010 
2025-05-23 10:51:09 | INFO |       71.768 ¦     2181           2              0.010 
2025-05-23 10:51:09 | INFO |       71.778 ¦     2182           2              0.010 
2025-05-23 10:51:09 | INFO |       71.788 ¦     2183           2              0.010 
2025-05-23 10:51:09 | INFO |       71.798 ¦     2184           2              0.010 
2025-05-23 10:51:09 | INFO |       71.808 ¦     2185           2              0.010 
2025-05-23 10:51:09 | INFO |       71.818 ¦     2186           2              0.010 
2025-05-23 10:51:09 | INFO |       71.828 ¦     2187           2              0.010 
2025-05-23 10:51:09 | INFO |       71.838 ¦     2188           2              0.010 
2025-05-23 10:51:09 | INFO |       71.848 ¦     2189           2              0.010 
2025-05-23 10:51:09 | INFO |       71.858 ¦     2190           2              0.010 
2025-05-23 10:51:09 | INFO |       71.868 ¦     2191           2              0.010 
2025-05-23 10:51:09 | INFO |       71.878 ¦     2192           2              0.010 
2025-05-23 10:51:09 | INFO |       71.888 ¦     2193           2              0.010 
2025-05-23 10:51:09 | INFO |       71.898 ¦     2194           2              0.010 
2025-05-23 10:51:09 | INFO |       71.908 ¦     2195           2              0.010 
2025-05-23 10:51:09 | INFO |       71.918 ¦     2196           2              0.010 
2025-05-23 10:51:09 | INFO |       71.928 ¦     2197           2              0.010 
2025-05-23 10:51:09 | INFO |       71.938 ¦     2198           2              0.010 
2025-05-23 10:51:09 | INFO |       71.948 ¦     2199           2              0.010 
2025-05-23 10:51:09 | INFO |       71.958 ¦     2200           2              0.010 
2025-05-23 10:51:09 | INFO |       71.968 ¦     2201           2              0.010 
2025-05-23 10:51:09 | INFO |       71.978 ¦     2202           2              0.010 
2025-05-23 10:51:09 | INFO |       71.988 ¦     2203           2              0.010 
2025-05-23 10:51:09 | INFO |       71.998 ¦     2204           2              0.010 
2025-05-23 10:51:09 | INFO |       72.008 ¦     2205           2              0.010 
2025-05-23 10:51:09 | INFO |       72.018 ¦     2206           2              0.010 
2025-05-23 10:51:09 | INFO |       72.028 ¦     2207           2              0.010 
2025-05-23 10:51:09 | INFO |       72.038 ¦     2208           2              0.010 
2025-05-23 10:51:09 | INFO |       72.048 ¦     2209           2              0.010 
2025-05-23 10:51:09 | INFO |       72.058 ¦     2210           2              0.010 
2025-05-23 10:51:09 | INFO |       72.068 ¦     2211           2              0.010 
2025-05-23 10:51:09 | INFO |       72.078 ¦     2212           2              0.010 
2025-05-23 10:51:09 | INFO |       72.088 ¦     2213           2              0.010 
2025-05-23 10:51:09 | INFO |       72.098 ¦     2214           2              0.010 
2025-05-23 10:51:09 | INFO |       72.108 ¦     2215           2              0.010 
2025-05-23 10:51:09 | INFO |       72.118 ¦     2216           2              0.010 
2025-05-23 10:51:09 | INFO |       72.128 ¦     2217           2              0.010 
2025-05-23 10:51:09 | INFO |       72.138 ¦     2218           2              0.010 
2025-05-23 10:51:09 | INFO |       72.148 ¦     2219           2              0.010 
2025-05-23 10:51:09 | INFO |       72.158 ¦     2220           2              0.010 
2025-05-23 10:51:09 | INFO |       72.168 ¦     2221           2              0.010 
2025-05-23 10:51:09 | INFO |       72.178 ¦     2222           2              0.010 
2025-05-23 10:51:09 | INFO |       72.188 ¦     2223           2              0.010 
2025-05-23 10:51:09 | INFO |       72.198 ¦     2224           2              0.010 
2025-05-23 10:51:09 | INFO |       72.208 ¦     2225           2              0.010 
2025-05-23 10:51:09 | INFO |       72.218 ¦     2226           2              0.010 
2025-05-23 10:51:09 | INFO |       72.228 ¦     2227           2              0.010 
2025-05-23 10:51:09 | INFO |       72.238 ¦     2228           2              0.010 
2025-05-23 10:51:09 | INFO |       72.248 ¦     2229           2              0.010 
2025-05-23 10:51:09 | INFO |       72.258 ¦     2230           2              0.010 
2025-05-23 10:51:09 | INFO |       72.268 ¦     2231           2              0.010 
2025-05-23 10:51:09 | INFO |       72.278 ¦     2232           2              0.010 
2025-05-23 10:51:09 | INFO |       72.288 ¦     2233           2              0.010 
2025-05-23 10:51:09 | INFO |       72.298 ¦     2234           2              0.010 
2025-05-23 10:51:09 | INFO |       72.308 ¦     2235           2              0.010 
2025-05-23 10:51:09 | INFO |       72.318 ¦     2236           2              0.010 
2025-05-23 10:51:09 | INFO |       72.328 ¦     2237           2              0.010 
2025-05-23 10:51:09 | INFO |       72.338 ¦     2238           2              0.010 
2025-05-23 10:51:09 | INFO |       72.348 ¦     2239           2              0.010 
2025-05-23 10:51:09 | INFO |       72.358 ¦     2240           2              0.010 
2025-05-23 10:51:09 | INFO |       72.368 ¦     2241           2              0.010 
2025-05-23 10:51:09 | INFO |       72.378 ¦     2242           2              0.010 
2025-05-23 10:51:09 | INFO |       72.388 ¦     2243           2              0.010 
2025-05-23 10:51:09 | INFO |       72.398 ¦     2244           2              0.010 
2025-05-23 10:51:09 | INFO |       72.408 ¦     2245           2              0.010 
2025-05-23 10:51:09 | INFO |       72.418 ¦     2246           2              0.010 
2025-05-23 10:51:09 | INFO |       72.428 ¦     2247           2              0.010 
2025-05-23 10:51:09 | INFO |       72.438 ¦     2248           2              0.010 
2025-05-23 10:51:09 | INFO |       72.448 ¦     2249           2              0.010 
2025-05-23 10:51:09 | INFO |       72.458 ¦     2250           2              0.010 
2025-05-23 10:51:09 | INFO |       72.468 ¦     2251           2              0.010 
2025-05-23 10:51:09 | INFO |       72.478 ¦     2252           2              0.010 
2025-05-23 10:51:09 | INFO |       72.488 ¦     2253           2              0.010 
2025-05-23 10:51:09 | INFO |       72.498 ¦     2254           2              0.010 
2025-05-23 10:51:09 | INFO |       72.508 ¦     2255           2              0.010 
2025-05-23 10:51:09 | INFO |       72.518 ¦     2256           2              0.010 
2025-05-23 10:51:09 | INFO |       72.528 ¦     2257           2              0.010 
2025-05-23 10:51:09 | INFO |       72.538 ¦     2258           2              0.010 
2025-05-23 10:51:09 | INFO |       72.548 ¦     2259           2              0.010 
2025-05-23 10:51:09 | INFO |       72.558 ¦     2260           2              0.010 
2025-05-23 10:51:09 | INFO |       72.568 ¦     2261           2              0.010 
2025-05-23 10:51:09 | INFO |       72.578 ¦     2262           2              0.010 
2025-05-23 10:51:09 | INFO |       72.588 ¦     2263           2              0.010 
2025-05-23 10:51:09 | INFO |       72.598 ¦     2264           2              0.010 
2025-05-23 10:51:09 | INFO |       72.608 ¦     2265           2              0.010 
2025-05-23 10:51:09 | INFO |       72.618 ¦     2266           2              0.010 
2025-05-23 10:51:09 | INFO |       72.628 ¦     2267           2              0.010 
2025-05-23 10:51:09 | INFO |       72.638 ¦     2268           2              0.010 
2025-05-23 10:51:09 | INFO |       72.648 ¦     2269           2              0.010 
2025-05-23 10:51:09 | INFO |       72.658 ¦     2270           2              0.010 
2025-05-23 10:51:09 | INFO |       72.668 ¦     2271           2              0.010 
2025-05-23 10:51:09 | INFO |       72.678 ¦     2272           2              0.010 
2025-05-23 10:51:09 | INFO |       72.688 ¦     2273           2              0.010 
2025-05-23 10:51:09 | INFO |       72.698 ¦     2274           2              0.010 
2025-05-23 10:51:09 | INFO |       72.708 ¦     2275           2              0.010 
2025-05-23 10:51:09 | INFO |       72.718 ¦     2276           2              0.010 
2025-05-23 10:51:09 | INFO |       72.728 ¦     2277           2              0.010 
2025-05-23 10:51:09 | INFO |       72.738 ¦     2278           2              0.010 
2025-05-23 10:51:09 | INFO |       72.748 ¦     2279           2              0.010 
2025-05-23 10:51:09 | INFO |       72.758 ¦     2280           2              0.010 
2025-05-23 10:51:09 | INFO |       72.768 ¦     2281           2              0.010 
2025-05-23 10:51:09 | INFO |       72.778 ¦     2282           2              0.010 
2025-05-23 10:51:09 | INFO |       72.788 ¦     2283           2              0.010 
2025-05-23 10:51:09 | INFO |       72.798 ¦     2284           2              0.010 
2025-05-23 10:51:09 | INFO |       72.808 ¦     2285           2              0.010 
2025-05-23 10:51:09 | INFO |       72.818 ¦     2286           2              0.010 
2025-05-23 10:51:09 | INFO |       72.828 ¦     2287           2              0.010 
2025-05-23 10:51:09 | INFO |       72.838 ¦     2288           2              0.010 
2025-05-23 10:51:09 | INFO |       72.848 ¦     2289           2              0.010 
2025-05-23 10:51:09 | INFO |       72.858 ¦     2290           2              0.010 
2025-05-23 10:51:09 | INFO |       72.868 ¦     2291           2              0.010 
2025-05-23 10:51:09 | INFO |       72.878 ¦     2292           2              0.010 
2025-05-23 10:51:09 | INFO |       72.888 ¦     2293           2              0.010 
2025-05-23 10:51:09 | INFO |       72.898 ¦     2294           2              0.010 
2025-05-23 10:51:09 | INFO |       72.908 ¦     2295           2              0.010 
2025-05-23 10:51:09 | INFO |       72.918 ¦     2296           2              0.010 
2025-05-23 10:51:09 | INFO |       72.928 ¦     2297           2              0.010 
2025-05-23 10:51:09 | INFO |       72.938 ¦     2298           2              0.010 
2025-05-23 10:51:09 | INFO |       72.948 ¦     2299           2              0.010 
2025-05-23 10:51:09 | INFO |       72.958 ¦     2300           2              0.010 
2025-05-23 10:51:09 | INFO |       72.968 ¦     2301           2              0.010 
2025-05-23 10:51:09 | INFO |       72.978 ¦     2302           2              0.010 
2025-05-23 10:51:09 | INFO |       72.988 ¦     2303           2              0.010 
2025-05-23 10:51:09 | INFO |       72.998 ¦     2304           2              0.010 
2025-05-23 10:51:09 | INFO |       73.008 ¦     2305           2              0.010 
2025-05-23 10:51:09 | INFO |       73.018 ¦     2306           2              0.010 
2025-05-23 10:51:09 | INFO |       73.028 ¦     2307           2              0.010 
2025-05-23 10:51:09 | INFO |       73.038 ¦     2308           2              0.010 
2025-05-23 10:51:09 | INFO |       73.048 ¦     2309           2              0.010 
2025-05-23 10:51:09 | INFO |       73.058 ¦     2310           2              0.010 
2025-05-23 10:51:09 | INFO |       73.068 ¦     2311           2              0.010 
2025-05-23 10:51:09 | INFO |       73.078 ¦     2312           2              0.010 
2025-05-23 10:51:09 | INFO |       73.088 ¦     2313           2              0.010 
2025-05-23 10:51:09 | INFO |       73.098 ¦     2314           2              0.010 
2025-05-23 10:51:09 | INFO |       73.108 ¦     2315           2              0.010 
2025-05-23 10:51:09 | INFO |       73.118 ¦     2316           2              0.010 
2025-05-23 10:51:09 | INFO |       73.128 ¦     2317           2              0.010 
2025-05-23 10:51:09 | INFO |       73.138 ¦     2318           2              0.010 
2025-05-23 10:51:09 | INFO |       73.148 ¦     2319           2              0.010 
2025-05-23 10:51:09 | INFO |       73.158 ¦     2320           2              0.010 
2025-05-23 10:51:09 | INFO |       73.168 ¦     2321           2              0.010 
2025-05-23 10:51:09 | INFO |       73.178 ¦     2322           2              0.010 
2025-05-23 10:51:09 | INFO |       73.188 ¦     2323           2              0.010 
2025-05-23 10:51:09 | INFO |       73.198 ¦     2324           2              0.010 
2025-05-23 10:51:09 | INFO |       73.208 ¦     2325           2              0.010 
2025-05-23 10:51:09 | INFO |       73.218 ¦     2326           2              0.010 
2025-05-23 10:51:09 | INFO |       73.228 ¦     2327           2              0.010 
2025-05-23 10:51:09 | INFO |       73.238 ¦     2328           2              0.010 
2025-05-23 10:51:09 | INFO |       73.248 ¦     2329           2              0.010 
2025-05-23 10:51:09 | INFO |       73.258 ¦     2330           2              0.010 
2025-05-23 10:51:09 | INFO |       73.268 ¦     2331           2              0.010 
2025-05-23 10:51:09 | INFO |       73.278 ¦     2332           2              0.010 
2025-05-23 10:51:09 | INFO |       73.288 ¦     2333           2              0.010 
2025-05-23 10:51:09 | INFO |       73.298 ¦     2334           2              0.010 
2025-05-23 10:51:09 | INFO |       73.308 ¦     2335           2              0.010 
2025-05-23 10:51:09 | INFO |       73.318 ¦     2336           2              0.010 
2025-05-23 10:51:09 | INFO |       73.328 ¦     2337           2              0.010 
2025-05-23 10:51:09 | INFO |       73.338 ¦     2338           2              0.010 
2025-05-23 10:51:09 | INFO |       73.348 ¦     2339           2              0.010 
2025-05-23 10:51:09 | INFO |       73.358 ¦     2340           2              0.010 
2025-05-23 10:51:09 | INFO |       73.368 ¦     2341           2              0.010 
2025-05-23 10:51:09 | INFO |       73.378 ¦     2342           2              0.010 
2025-05-23 10:51:09 | INFO |       73.388 ¦     2343           2              0.010 
2025-05-23 10:51:09 | INFO |       73.398 ¦     2344           2              0.010 
2025-05-23 10:51:09 | INFO |       73.408 ¦     2345           2              0.010 
2025-05-23 10:51:09 | INFO |       73.418 ¦     2346           2              0.010 
2025-05-23 10:51:09 | INFO |       73.428 ¦     2347           2              0.010 
2025-05-23 10:51:09 | INFO |       73.438 ¦     2348           2              0.010 
2025-05-23 10:51:09 | INFO |       73.448 ¦     2349           2              0.010 
2025-05-23 10:51:09 | INFO |       73.458 ¦     2350           2              0.010 
2025-05-23 10:51:09 | INFO |       73.468 ¦     2351           2              0.010 
2025-05-23 10:51:09 | INFO |       73.478 ¦     2352           2              0.010 
2025-05-23 10:51:09 | INFO |       73.488 ¦     2353           2              0.010 
2025-05-23 10:51:09 | INFO |       73.498 ¦     2354           2              0.010 
2025-05-23 10:51:09 | INFO |       73.508 ¦     2355           2              0.010 
2025-05-23 10:51:09 | INFO |       73.518 ¦     2356           2              0.010 
2025-05-23 10:51:09 | INFO |       73.528 ¦     2357           2              0.010 
2025-05-23 10:51:09 | INFO |       73.538 ¦     2358           2              0.010 
2025-05-23 10:51:09 | INFO |       73.548 ¦     2359           2              0.010 
2025-05-23 10:51:09 | INFO |       73.558 ¦     2360           2              0.010 
2025-05-23 10:51:09 | INFO |       73.568 ¦     2361           2              0.010 
2025-05-23 10:51:09 | INFO |       73.578 ¦     2362           2              0.010 
2025-05-23 10:51:09 | INFO |       73.588 ¦     2363           2              0.010 
2025-05-23 10:51:10 | INFO |       73.598 ¦     2364           2              0.010 
2025-05-23 10:51:10 | INFO |       73.608 ¦     2365           2              0.010 
2025-05-23 10:51:10 | INFO |       73.618 ¦     2366           2              0.010 
2025-05-23 10:51:10 | INFO |       73.628 ¦     2367           2              0.010 
2025-05-23 10:51:10 | INFO |       73.638 ¦     2368           2              0.010 
2025-05-23 10:51:10 | INFO |       73.648 ¦     2369           2              0.010 
2025-05-23 10:51:10 | INFO |       73.658 ¦     2370           2              0.010 
2025-05-23 10:51:10 | INFO |       73.668 ¦     2371           2              0.010 
2025-05-23 10:51:10 | INFO |       73.678 ¦     2372           2              0.010 
2025-05-23 10:51:10 | INFO |       73.688 ¦     2373           2              0.010 
2025-05-23 10:51:10 | INFO |       73.698 ¦     2374           2              0.010 
2025-05-23 10:51:10 | INFO |       73.708 ¦     2375           2              0.010 
2025-05-23 10:51:10 | INFO |       73.718 ¦     2376           2              0.010 
2025-05-23 10:51:10 | INFO |       73.728 ¦     2377           2              0.010 
2025-05-23 10:51:10 | INFO |       73.738 ¦     2378           2              0.010 
2025-05-23 10:51:10 | INFO |       73.748 ¦     2379           2              0.010 
2025-05-23 10:51:10 | INFO |       73.758 ¦     2380           2              0.010 
2025-05-23 10:51:10 | INFO |       73.768 ¦     2381           2              0.010 
2025-05-23 10:51:10 | INFO |       73.778 ¦     2382           2              0.010 
2025-05-23 10:51:10 | INFO |       73.788 ¦     2383           2              0.010 
2025-05-23 10:51:10 | INFO |       73.798 ¦     2384           2              0.010 
2025-05-23 10:51:10 | INFO |       73.808 ¦     2385           2              0.010 
2025-05-23 10:51:10 | INFO |       73.818 ¦     2386           2              0.010 
2025-05-23 10:51:10 | INFO |       73.828 ¦     2387           2              0.010 
2025-05-23 10:51:10 | INFO |       73.838 ¦     2388           2              0.010 
2025-05-23 10:51:10 | INFO |       73.848 ¦     2389           2              0.010 
2025-05-23 10:51:10 | INFO |       73.858 ¦     2390           2              0.010 
2025-05-23 10:51:10 | INFO |       73.868 ¦     2391           2              0.010 
2025-05-23 10:51:10 | INFO |       73.878 ¦     2392           2              0.010 
2025-05-23 10:51:10 | INFO |       73.888 ¦     2393           2              0.010 
2025-05-23 10:51:10 | INFO |       73.898 ¦     2394           2              0.010 
2025-05-23 10:51:10 | INFO |       73.908 ¦     2395           2              0.010 
2025-05-23 10:51:10 | INFO |       73.918 ¦     2396           2              0.010 
2025-05-23 10:51:10 | INFO |       73.928 ¦     2397           2              0.010 
2025-05-23 10:51:10 | INFO |       73.938 ¦     2398           2              0.010 
2025-05-23 10:51:10 | INFO |       73.948 ¦     2399           2              0.010 
2025-05-23 10:51:10 | INFO |       73.958 ¦     2400           2              0.010 
2025-05-23 10:51:10 | INFO |       73.968 ¦     2401           2              0.010 
2025-05-23 10:51:10 | INFO |       73.978 ¦     2402           2              0.010 
2025-05-23 10:51:10 | INFO |       73.988 ¦     2403           2              0.010 
2025-05-23 10:51:10 | INFO |       73.998 ¦     2404           2              0.010 
2025-05-23 10:51:10 | INFO |       74.008 ¦     2405           2              0.010 
2025-05-23 10:51:10 | INFO |       74.018 ¦     2406           2              0.010 
2025-05-23 10:51:10 | INFO |       74.028 ¦     2407           2              0.010 
2025-05-23 10:51:10 | INFO |       74.038 ¦     2408           2              0.010 
2025-05-23 10:51:10 | INFO |       74.048 ¦     2409           2              0.010 
2025-05-23 10:51:10 | INFO |       74.058 ¦     2410           2              0.010 
2025-05-23 10:51:10 | INFO |       74.068 ¦     2411           2              0.010 
2025-05-23 10:51:10 | INFO |       74.078 ¦     2412           2              0.010 
2025-05-23 10:51:10 | INFO |       74.088 ¦     2413           2              0.010 
2025-05-23 10:51:10 | INFO |       74.098 ¦     2414           2              0.010 
2025-05-23 10:51:10 | INFO |       74.108 ¦     2415           2              0.010 
2025-05-23 10:51:10 | INFO |       74.118 ¦     2416           2              0.010 
2025-05-23 10:51:10 | INFO |       74.128 ¦     2417           2              0.010 
2025-05-23 10:51:10 | INFO |       74.138 ¦     2418           2              0.010 
2025-05-23 10:51:10 | INFO |       74.148 ¦     2419           2              0.010 
2025-05-23 10:51:10 | INFO |       74.158 ¦     2420           2              0.010 
2025-05-23 10:51:10 | INFO |       74.168 ¦     2421           2              0.010 
2025-05-23 10:51:10 | INFO |       74.178 ¦     2422           2              0.010 
2025-05-23 10:51:10 | INFO |       74.188 ¦     2423           2              0.010 
2025-05-23 10:51:10 | INFO |       74.198 ¦     2424           2              0.010 
2025-05-23 10:51:10 | INFO |       74.208 ¦     2425           2              0.010 
2025-05-23 10:51:10 | INFO |       74.218 ¦     2426           2              0.010 
2025-05-23 10:51:10 | INFO |       74.228 ¦     2427           2              0.010 
2025-05-23 10:51:10 | INFO |       74.238 ¦     2428           2              0.010 
2025-05-23 10:51:10 | INFO |       74.248 ¦     2429           2              0.010 
2025-05-23 10:51:10 | INFO |       74.258 ¦     2430           2              0.010 
2025-05-23 10:51:10 | INFO |       74.268 ¦     2431           2              0.010 
2025-05-23 10:51:10 | INFO |       74.278 ¦     2432           2              0.010 
2025-05-23 10:51:10 | INFO |       74.288 ¦     2433           2              0.010 
2025-05-23 10:51:10 | INFO |       74.298 ¦     2434           2              0.010 
2025-05-23 10:51:10 | INFO |       74.308 ¦     2435           2              0.010 
2025-05-23 10:51:10 | INFO |       74.318 ¦     2436           2              0.010 
2025-05-23 10:51:10 | INFO |       74.328 ¦     2437           2              0.010 
2025-05-23 10:51:10 | INFO |       74.338 ¦     2438           2              0.010 
2025-05-23 10:51:10 | INFO |       74.348 ¦     2439           2              0.010 
2025-05-23 10:51:10 | INFO |       74.358 ¦     2440           2              0.010 
2025-05-23 10:51:10 | INFO |       74.368 ¦     2441           2              0.010 
2025-05-23 10:51:10 | INFO |       74.378 ¦     2442           2              0.010 
2025-05-23 10:51:10 | INFO |       74.388 ¦     2443           2              0.010 
2025-05-23 10:51:10 | INFO |       74.398 ¦     2444           2              0.010 
2025-05-23 10:51:10 | INFO |       74.408 ¦     2445           2              0.010 
2025-05-23 10:51:10 | INFO |       74.418 ¦     2446           2              0.010 
2025-05-23 10:51:10 | INFO |       74.428 ¦     2447           2              0.010 
2025-05-23 10:51:10 | INFO |       74.438 ¦     2448           2              0.010 
2025-05-23 10:51:10 | INFO |       74.448 ¦     2449           2              0.010 
2025-05-23 10:51:10 | INFO |       74.458 ¦     2450           2              0.010 
2025-05-23 10:51:10 | INFO |       74.468 ¦     2451           2              0.010 
2025-05-23 10:51:10 | INFO |       74.478 ¦     2452           2              0.010 
2025-05-23 10:51:10 | INFO |       74.488 ¦     2453           2              0.010 
2025-05-23 10:51:10 | INFO |       74.498 ¦     2454           2              0.010 
2025-05-23 10:51:10 | INFO |       74.508 ¦     2455           2              0.010 
2025-05-23 10:51:10 | INFO |       74.518 ¦     2456           2              0.010 
2025-05-23 10:51:10 | INFO |       74.528 ¦     2457           2              0.010 
2025-05-23 10:51:10 | INFO |       74.538 ¦     2458           2              0.010 
2025-05-23 10:51:10 | INFO |       74.548 ¦     2459           2              0.010 
2025-05-23 10:51:10 | INFO |       74.558 ¦     2460           2              0.010 
2025-05-23 10:51:10 | INFO |       74.568 ¦     2461           2              0.010 
2025-05-23 10:51:10 | INFO |       74.578 ¦     2462           2              0.010 
2025-05-23 10:51:10 | INFO |       74.588 ¦     2463           2              0.010 
2025-05-23 10:51:10 | INFO |       74.598 ¦     2464           2              0.010 
2025-05-23 10:51:10 | INFO |       74.608 ¦     2465           2              0.010 
2025-05-23 10:51:10 | INFO |       74.618 ¦     2466           2              0.010 
2025-05-23 10:51:10 | INFO |       74.628 ¦     2467           2              0.010 
2025-05-23 10:51:10 | INFO |       74.638 ¦     2468           2              0.010 
2025-05-23 10:51:10 | INFO |       74.648 ¦     2469           2              0.010 
2025-05-23 10:51:10 | INFO |       74.658 ¦     2470           2              0.010 
2025-05-23 10:51:10 | INFO |       74.668 ¦     2471           2              0.010 
2025-05-23 10:51:10 | INFO |       74.678 ¦     2472           2              0.010 
2025-05-23 10:51:10 | INFO |       74.688 ¦     2473           2              0.010 
2025-05-23 10:51:10 | INFO |       74.698 ¦     2474           2              0.010 
2025-05-23 10:51:10 | INFO |       74.708 ¦     2475           2              0.010 
2025-05-23 10:51:10 | INFO |       74.718 ¦     2476           2              0.010 
2025-05-23 10:51:10 | INFO |       74.728 ¦     2477           2              0.010 
2025-05-23 10:51:10 | INFO |       74.738 ¦     2478           2              0.010 
2025-05-23 10:51:10 | INFO |       74.748 ¦     2479           2              0.010 
2025-05-23 10:51:10 | INFO |       74.758 ¦     2480           2              0.010 
2025-05-23 10:51:10 | INFO |       74.768 ¦     2481           2              0.010 
2025-05-23 10:51:10 | INFO |       74.778 ¦     2482           2              0.010 
2025-05-23 10:51:10 | INFO |       74.788 ¦     2483           2              0.010 
2025-05-23 10:51:10 | INFO |       74.798 ¦     2484           2              0.010 
2025-05-23 10:51:10 | INFO |       74.808 ¦     2485           2              0.010 
2025-05-23 10:51:10 | INFO |       74.818 ¦     2486           2              0.010 
2025-05-23 10:51:10 | INFO |       74.828 ¦     2487           2              0.010 
2025-05-23 10:51:10 | INFO |       74.838 ¦     2488           2              0.010 
2025-05-23 10:51:10 | INFO |       74.848 ¦     2489           2              0.010 
2025-05-23 10:51:10 | INFO |       74.858 ¦     2490           2              0.010 
2025-05-23 10:51:10 | INFO |       74.868 ¦     2491           2              0.010 
2025-05-23 10:51:10 | INFO |       74.878 ¦     2492           2              0.010 
2025-05-23 10:51:10 | INFO |       74.888 ¦     2493           2              0.010 
2025-05-23 10:51:10 | INFO |       74.898 ¦     2494           2              0.010 
2025-05-23 10:51:10 | INFO |       74.908 ¦     2495           2              0.010 
2025-05-23 10:51:10 | INFO |       74.918 ¦     2496           2              0.010 
2025-05-23 10:51:10 | INFO |       74.928 ¦     2497           2              0.010 
2025-05-23 10:51:10 | INFO |       74.938 ¦     2498           2              0.010 
2025-05-23 10:51:10 | INFO |       74.948 ¦     2499           2              0.010 
2025-05-23 10:51:10 | INFO |       74.958 ¦     2500           2              0.010 
2025-05-23 10:51:10 | INFO |       74.968 ¦     2501           2              0.010 
2025-05-23 10:51:10 | INFO |       74.978 ¦     2502           2              0.010 
2025-05-23 10:51:10 | INFO |       74.988 ¦     2503           2              0.010 
2025-05-23 10:51:10 | INFO |       74.998 ¦     2504           2              0.010 
2025-05-23 10:51:10 | INFO |       75.008 ¦     2505           2              0.010 
2025-05-23 10:51:10 | INFO |       75.018 ¦     2506           2              0.010 
2025-05-23 10:51:10 | INFO |       75.028 ¦     2507           2              0.010 
2025-05-23 10:51:10 | INFO |       75.038 ¦     2508           2              0.010 
2025-05-23 10:51:10 | INFO |       75.048 ¦     2509           2              0.010 
2025-05-23 10:51:10 | INFO |       75.058 ¦     2510           2              0.010 
2025-05-23 10:51:10 | INFO |       75.068 ¦     2511           2              0.010 
2025-05-23 10:51:10 | INFO |       75.078 ¦     2512           2              0.010 
2025-05-23 10:51:10 | INFO |       75.088 ¦     2513           2              0.010 
2025-05-23 10:51:10 | INFO |       75.098 ¦     2514           2              0.010 
2025-05-23 10:51:10 | INFO |       75.108 ¦     2515           2              0.010 
2025-05-23 10:51:10 | INFO |       75.118 ¦     2516           2              0.010 
2025-05-23 10:51:10 | INFO |       75.128 ¦     2517           2              0.010 
2025-05-23 10:51:10 | INFO |       75.138 ¦     2518           2              0.010 
2025-05-23 10:51:10 | INFO |       75.148 ¦     2519           2              0.010 
2025-05-23 10:51:10 | INFO |       75.158 ¦     2520           2              0.010 
2025-05-23 10:51:10 | INFO |       75.168 ¦     2521           2              0.010 
2025-05-23 10:51:10 | INFO |       75.178 ¦     2522           2              0.010 
2025-05-23 10:51:10 | INFO |       75.188 ¦     2523           2              0.010 
2025-05-23 10:51:10 | INFO |       75.198 ¦     2524           2              0.010 
2025-05-23 10:51:10 | INFO |       75.208 ¦     2525           2              0.010 
2025-05-23 10:51:10 | INFO |       75.218 ¦     2526           2              0.010 
2025-05-23 10:51:10 | INFO |       75.228 ¦     2527           2              0.010 
2025-05-23 10:51:10 | INFO |       75.238 ¦     2528           2              0.010 
2025-05-23 10:51:10 | INFO |       75.248 ¦     2529           2              0.010 
2025-05-23 10:51:10 | INFO |       75.258 ¦     2530           2              0.010 
2025-05-23 10:51:10 | INFO |       75.268 ¦     2531           2              0.010 
2025-05-23 10:51:10 | INFO |       75.278 ¦     2532           2              0.010 
2025-05-23 10:51:10 | INFO |       75.288 ¦     2533           2              0.010 
2025-05-23 10:51:10 | INFO |       75.298 ¦     2534           2              0.010 
2025-05-23 10:51:10 | INFO |       75.308 ¦     2535           2              0.010 
2025-05-23 10:51:10 | INFO |       75.318 ¦     2536           2              0.010 
2025-05-23 10:51:10 | INFO |       75.328 ¦     2537           2              0.010 
2025-05-23 10:51:10 | INFO |       75.338 ¦     2538           2              0.010 
2025-05-23 10:51:10 | INFO |       75.348 ¦     2539           2              0.010 
2025-05-23 10:51:10 | INFO |       75.358 ¦     2540           2              0.010 
2025-05-23 10:51:10 | INFO |       75.368 ¦     2541           2              0.010 
2025-05-23 10:51:10 | INFO |       75.378 ¦     2542           2              0.010 
2025-05-23 10:51:10 | INFO |       75.388 ¦     2543           2              0.010 
2025-05-23 10:51:10 | INFO |       75.398 ¦     2544           2              0.010 
2025-05-23 10:51:10 | INFO |       75.408 ¦     2545           2              0.010 
2025-05-23 10:51:10 | INFO |       75.418 ¦     2546           2              0.010 
2025-05-23 10:51:10 | INFO |       75.428 ¦     2547           2              0.010 
2025-05-23 10:51:10 | INFO |       75.438 ¦     2548           2              0.010 
2025-05-23 10:51:10 | INFO |       75.448 ¦     2549           2              0.010 
2025-05-23 10:51:10 | INFO |       75.458 ¦     2550           2              0.010 
2025-05-23 10:51:10 | INFO |       75.468 ¦     2551           2              0.010 
2025-05-23 10:51:10 | INFO |       75.478 ¦     2552           2              0.010 
2025-05-23 10:51:10 | INFO |       75.488 ¦     2553           2              0.010 
2025-05-23 10:51:10 | INFO |       75.498 ¦     2554           2              0.010 
2025-05-23 10:51:10 | INFO |       75.508 ¦     2555           2              0.010 
2025-05-23 10:51:10 | INFO |       75.518 ¦     2556           2              0.010 
2025-05-23 10:51:10 | INFO |       75.528 ¦     2557           2              0.010 
2025-05-23 10:51:10 | INFO |       75.538 ¦     2558           2              0.010 
2025-05-23 10:51:10 | INFO |       75.548 ¦     2559           2              0.010 
2025-05-23 10:51:10 | INFO |       75.558 ¦     2560           2              0.010 
2025-05-23 10:51:10 | INFO |       75.568 ¦     2561           2              0.010 
2025-05-23 10:51:10 | INFO |       75.578 ¦     2562           2              0.010 
2025-05-23 10:51:10 | INFO |       75.588 ¦     2563           2              0.010 
2025-05-23 10:51:10 | INFO |       75.598 ¦     2564           2              0.010 
2025-05-23 10:51:10 | INFO |       75.608 ¦     2565           2              0.010 
2025-05-23 10:51:10 | INFO |       75.618 ¦     2566           2              0.010 
2025-05-23 10:51:10 | INFO |       75.628 ¦     2567           2              0.010 
2025-05-23 10:51:10 | INFO |       75.638 ¦     2568           2              0.010 
2025-05-23 10:51:10 | INFO |       75.648 ¦     2569           2              0.010 
2025-05-23 10:51:10 | INFO |       75.658 ¦     2570           2              0.010 
2025-05-23 10:51:10 | INFO |       75.668 ¦     2571           2              0.010 
2025-05-23 10:51:10 | INFO |       75.678 ¦     2572           2              0.010 
2025-05-23 10:51:10 | INFO |       75.688 ¦     2573           2              0.010 
2025-05-23 10:51:10 | INFO |       75.698 ¦     2574           2              0.010 
2025-05-23 10:51:10 | INFO |       75.708 ¦     2575           2              0.010 
2025-05-23 10:51:10 | INFO |       75.718 ¦     2576           2              0.010 
2025-05-23 10:51:10 | INFO |       75.728 ¦     2577           2              0.010 
2025-05-23 10:51:10 | INFO |       75.738 ¦     2578           2              0.010 
2025-05-23 10:51:10 | INFO |       75.748 ¦     2579           2              0.010 
2025-05-23 10:51:10 | INFO |       75.758 ¦     2580           2              0.010 
2025-05-23 10:51:10 | INFO |       75.768 ¦     2581           2              0.010 
2025-05-23 10:51:10 | INFO |       75.778 ¦     2582           2              0.010 
2025-05-23 10:51:10 | INFO |       75.788 ¦     2583           2              0.010 
2025-05-23 10:51:10 | INFO |       75.798 ¦     2584           2              0.010 
2025-05-23 10:51:10 | INFO |       75.808 ¦     2585           2              0.010 
2025-05-23 10:51:10 | INFO |       75.818 ¦     2586           2              0.010 
2025-05-23 10:51:10 | INFO |       75.828 ¦     2587           2              0.010 
2025-05-23 10:51:10 | INFO |       75.838 ¦     2588           2              0.010 
2025-05-23 10:51:10 | INFO |       75.848 ¦     2589           2              0.010 
2025-05-23 10:51:10 | INFO |       75.858 ¦     2590           2              0.010 
2025-05-23 10:51:10 | INFO |       75.868 ¦     2591           2              0.010 
2025-05-23 10:51:10 | INFO |       75.878 ¦     2592           2              0.010 
2025-05-23 10:51:10 | INFO |       75.888 ¦     2593           2              0.010 
2025-05-23 10:51:10 | INFO |       75.898 ¦     2594           2              0.010 
2025-05-23 10:51:10 | INFO |       75.908 ¦     2595           2              0.010 
2025-05-23 10:51:10 | INFO |       75.918 ¦     2596           2              0.010 
2025-05-23 10:51:10 | INFO |       75.928 ¦     2597           2              0.010 
2025-05-23 10:51:10 | INFO |       75.938 ¦     2598           2              0.010 
2025-05-23 10:51:10 | INFO |       75.948 ¦     2599           2              0.010 
2025-05-23 10:51:10 | INFO |       75.958 ¦     2600           2              0.010 
2025-05-23 10:51:10 | INFO |       75.968 ¦     2601           2              0.010 
2025-05-23 10:51:10 | INFO |       75.978 ¦     2602           2              0.010 
2025-05-23 10:51:10 | INFO |       75.988 ¦     2603           2              0.010 
2025-05-23 10:51:10 | INFO |       75.998 ¦     2604           2              0.010 
2025-05-23 10:51:10 | INFO |       76.008 ¦     2605           2              0.010 
2025-05-23 10:51:10 | INFO |       76.018 ¦     2606           2              0.010 
2025-05-23 10:51:10 | INFO |       76.028 ¦     2607           2              0.010 
2025-05-23 10:51:10 | INFO |       76.038 ¦     2608           2              0.010 
2025-05-23 10:51:10 | INFO |       76.048 ¦     2609           2              0.010 
2025-05-23 10:51:10 | INFO |       76.058 ¦     2610           2              0.010 
2025-05-23 10:51:10 | INFO |       76.068 ¦     2611           2              0.010 
2025-05-23 10:51:10 | INFO |       76.078 ¦     2612           2              0.010 
2025-05-23 10:51:10 | INFO |       76.088 ¦     2613           2              0.010 
2025-05-23 10:51:10 | INFO |       76.098 ¦     2614           2              0.010 
2025-05-23 10:51:10 | INFO |       76.108 ¦     2615           2              0.010 
2025-05-23 10:51:10 | INFO |       76.118 ¦     2616           2              0.010 
2025-05-23 10:51:10 | INFO |       76.128 ¦     2617           2              0.010 
2025-05-23 10:51:10 | INFO |       76.138 ¦     2618           2              0.010 
2025-05-23 10:51:10 | INFO |       76.148 ¦     2619           2              0.010 
2025-05-23 10:51:10 | INFO |       76.158 ¦     2620           2              0.010 
2025-05-23 10:51:10 | INFO |       76.168 ¦     2621           2              0.010 
2025-05-23 10:51:10 | INFO |       76.178 ¦     2622           2              0.010 
2025-05-23 10:51:10 | INFO |       76.188 ¦     2623           2              0.010 
2025-05-23 10:51:10 | INFO |       76.198 ¦     2624           2              0.010 
2025-05-23 10:51:10 | INFO |       76.208 ¦     2625           2              0.010 
2025-05-23 10:51:10 | INFO |       76.218 ¦     2626           2              0.010 
2025-05-23 10:51:10 | INFO |       76.228 ¦     2627           2              0.010 
2025-05-23 10:51:10 | INFO |       76.238 ¦     2628           2              0.010 
2025-05-23 10:51:10 | INFO |       76.248 ¦     2629           2              0.010 
2025-05-23 10:51:10 | INFO |       76.258 ¦     2630           2              0.010 
2025-05-23 10:51:10 | INFO |       76.268 ¦     2631           2              0.010 
2025-05-23 10:51:10 | INFO |       76.278 ¦     2632           2              0.010 
2025-05-23 10:51:10 | INFO |       76.288 ¦     2633           2              0.010 
2025-05-23 10:51:10 | INFO |       76.298 ¦     2634           2              0.010 
2025-05-23 10:51:10 | INFO |       76.308 ¦     2635           2              0.010 
2025-05-23 10:51:10 | INFO |       76.318 ¦     2636           2              0.010 
2025-05-23 10:51:10 | INFO |       76.328 ¦     2637           2              0.010 
2025-05-23 10:51:10 | INFO |       76.338 ¦     2638           2              0.010 
2025-05-23 10:51:10 | INFO |       76.348 ¦     2639           2              0.010 
2025-05-23 10:51:10 | INFO |       76.358 ¦     2640           2              0.010 
2025-05-23 10:51:10 | INFO |       76.368 ¦     2641           2              0.010 
2025-05-23 10:51:10 | INFO |       76.378 ¦     2642           2              0.010 
2025-05-23 10:51:10 | INFO |       76.388 ¦     2643           2              0.010 
2025-05-23 10:51:10 | INFO |       76.398 ¦     2644           2              0.010 
2025-05-23 10:51:10 | INFO |       76.408 ¦     2645           2              0.010 
2025-05-23 10:51:10 | INFO |       76.418 ¦     2646           2              0.010 
2025-05-23 10:51:10 | INFO |       76.428 ¦     2647           2              0.010 
2025-05-23 10:51:10 | INFO |       76.438 ¦     2648           2              0.010 
2025-05-23 10:51:10 | INFO |       76.448 ¦     2649           2              0.010 
2025-05-23 10:51:10 | INFO |       76.458 ¦     2650           2              0.010 
2025-05-23 10:51:10 | INFO |       76.468 ¦     2651           2              0.010 
2025-05-23 10:51:10 | INFO |       76.478 ¦     2652           2              0.010 
2025-05-23 10:51:10 | INFO |       76.488 ¦     2653           2              0.010 
2025-05-23 10:51:10 | INFO |       76.498 ¦     2654           2              0.010 
2025-05-23 10:51:10 | INFO |       76.508 ¦     2655           2              0.010 
2025-05-23 10:51:10 | INFO |       76.518 ¦     2656           2              0.010 
2025-05-23 10:51:10 | INFO |       76.528 ¦     2657           2              0.010 
2025-05-23 10:51:10 | INFO |       76.538 ¦     2658           2              0.010 
2025-05-23 10:51:10 | INFO |       76.548 ¦     2659           2              0.010 
2025-05-23 10:51:10 | INFO |       76.558 ¦     2660           2              0.010 
2025-05-23 10:51:10 | INFO |       76.568 ¦     2661           2              0.010 
2025-05-23 10:51:10 | INFO |       76.578 ¦     2662           2              0.010 
2025-05-23 10:51:10 | INFO |       76.588 ¦     2663           2              0.010 
2025-05-23 10:51:10 | INFO |       76.598 ¦     2664           2              0.010 
2025-05-23 10:51:10 | INFO |       76.608 ¦     2665           2              0.010 
2025-05-23 10:51:10 | INFO |       76.618 ¦     2666           2              0.010 
2025-05-23 10:51:10 | INFO |       76.628 ¦     2667           2              0.010 
2025-05-23 10:51:10 | INFO |       76.638 ¦     2668           2              0.010 
2025-05-23 10:51:10 | INFO |       76.648 ¦     2669           2              0.010 
2025-05-23 10:51:10 | INFO |       76.658 ¦     2670           2              0.010 
2025-05-23 10:51:10 | INFO |       76.668 ¦     2671           2              0.010 
2025-05-23 10:51:10 | INFO |       76.678 ¦     2672           2              0.010 
2025-05-23 10:51:10 | INFO |       76.688 ¦     2673           2              0.010 
2025-05-23 10:51:10 | INFO |       76.698 ¦     2674           2              0.010 
2025-05-23 10:51:10 | INFO |       76.708 ¦     2675           2              0.010 
2025-05-23 10:51:10 | INFO |       76.718 ¦     2676           2              0.010 
2025-05-23 10:51:10 | INFO |       76.728 ¦     2677           2              0.010 
2025-05-23 10:51:10 | INFO |       76.738 ¦     2678           2              0.010 
2025-05-23 10:51:10 | INFO |       76.748 ¦     2679           2              0.010 
2025-05-23 10:51:10 | INFO |       76.758 ¦     2680           2              0.010 
2025-05-23 10:51:10 | INFO |       76.768 ¦     2681           2              0.010 
2025-05-23 10:51:10 | INFO |       76.778 ¦     2682           2              0.010 
2025-05-23 10:51:10 | INFO |       76.788 ¦     2683           2              0.010 
2025-05-23 10:51:10 | INFO |       76.798 ¦     2684           2              0.010 
2025-05-23 10:51:10 | INFO |       76.808 ¦     2685           2              0.010 
2025-05-23 10:51:10 | INFO |       76.818 ¦     2686           2              0.010 
2025-05-23 10:51:10 | INFO |       76.828 ¦     2687           2              0.010 
2025-05-23 10:51:10 | INFO |       76.838 ¦     2688           2              0.010 
2025-05-23 10:51:10 | INFO |       76.848 ¦     2689           2              0.010 
2025-05-23 10:51:10 | INFO |       76.858 ¦     2690           2              0.010 
2025-05-23 10:51:10 | INFO |       76.868 ¦     2691           2              0.010 
2025-05-23 10:51:10 | INFO |       76.878 ¦     2692           2              0.010 
2025-05-23 10:51:10 | INFO |       76.888 ¦     2693           2              0.010 
2025-05-23 10:51:10 | INFO |       76.898 ¦     2694           2              0.010 
2025-05-23 10:51:10 | INFO |       76.908 ¦     2695           2              0.010 
2025-05-23 10:51:10 | INFO |       76.918 ¦     2696           2              0.010 
2025-05-23 10:51:10 | INFO |       76.928 ¦     2697           2              0.010 
2025-05-23 10:51:10 | INFO |       76.938 ¦     2698           2              0.010 
2025-05-23 10:51:10 | INFO |       76.948 ¦     2699           2              0.010 
2025-05-23 10:51:10 | INFO |       76.958 ¦     2700           2              0.010 
2025-05-23 10:51:10 | INFO |       76.968 ¦     2701           2              0.010 
2025-05-23 10:51:10 | INFO |       76.978 ¦     2702           2              0.010 
2025-05-23 10:51:10 | INFO |       76.988 ¦     2703           2              0.010 
2025-05-23 10:51:10 | INFO |       76.998 ¦     2704           2              0.010 
2025-05-23 10:51:10 | INFO |       77.008 ¦     2705           2              0.010 
2025-05-23 10:51:10 | INFO |       77.018 ¦     2706           2              0.010 
2025-05-23 10:51:10 | INFO |       77.028 ¦     2707           2              0.010 
2025-05-23 10:51:10 | INFO |       77.038 ¦     2708           2              0.010 
2025-05-23 10:51:10 | INFO |       77.048 ¦     2709           2              0.010 
2025-05-23 10:51:10 | INFO |       77.058 ¦     2710           2              0.010 
2025-05-23 10:51:10 | INFO |       77.068 ¦     2711           2              0.010 
2025-05-23 10:51:10 | INFO |       77.078 ¦     2712           2              0.010 
2025-05-23 10:51:10 | INFO |       77.088 ¦     2713           2              0.010 
2025-05-23 10:51:10 | INFO |       77.098 ¦     2714           2              0.010 
2025-05-23 10:51:10 | INFO |       77.108 ¦     2715           2              0.010 
2025-05-23 10:51:10 | INFO |       77.118 ¦     2716           2              0.010 
2025-05-23 10:51:10 | INFO |       77.128 ¦     2717           2              0.010 
2025-05-23 10:51:10 | INFO |       77.138 ¦     2718           2              0.010 
2025-05-23 10:51:10 | INFO |       77.148 ¦     2719           2              0.010 
2025-05-23 10:51:10 | INFO |       77.158 ¦     2720           2              0.010 
2025-05-23 10:51:10 | INFO |       77.168 ¦     2721           2              0.010 
2025-05-23 10:51:10 | INFO |       77.178 ¦     2722           2              0.010 
2025-05-23 10:51:10 | INFO |       77.188 ¦     2723           2              0.010 
2025-05-23 10:51:10 | INFO |       77.198 ¦     2724           2              0.010 
2025-05-23 10:51:10 | INFO |       77.208 ¦     2725           2              0.010 
2025-05-23 10:51:10 | INFO |       77.218 ¦     2726           2              0.010 
2025-05-23 10:51:10 | INFO |       77.228 ¦     2727           2              0.010 
2025-05-23 10:51:10 | INFO |       77.238 ¦     2728           2              0.010 
2025-05-23 10:51:10 | INFO |       77.248 ¦     2729           2              0.010 
2025-05-23 10:51:10 | INFO |       77.258 ¦     2730           2              0.010 
2025-05-23 10:51:10 | INFO |       77.268 ¦     2731           2              0.010 
2025-05-23 10:51:10 | INFO |       77.278 ¦     2732           2              0.010 
2025-05-23 10:51:10 | INFO |       77.288 ¦     2733           2              0.010 
2025-05-23 10:51:10 | INFO |       77.298 ¦     2734           2              0.010 
2025-05-23 10:51:10 | INFO |       77.308 ¦     2735           2              0.010 
2025-05-23 10:51:10 | INFO |       77.318 ¦     2736           2              0.010 
2025-05-23 10:51:10 | INFO |       77.328 ¦     2737           2              0.010 
2025-05-23 10:51:10 | INFO |       77.338 ¦     2738           2              0.010 
2025-05-23 10:51:10 | INFO |       77.348 ¦     2739           2              0.010 
2025-05-23 10:51:10 | INFO |       77.358 ¦     2740           2              0.010 
2025-05-23 10:51:10 | INFO |       77.368 ¦     2741           2              0.010 
2025-05-23 10:51:10 | INFO |       77.378 ¦     2742           2              0.010 
2025-05-23 10:51:10 | INFO |       77.388 ¦     2743           2              0.010 
2025-05-23 10:51:10 | INFO |       77.398 ¦     2744           2              0.010 
2025-05-23 10:51:10 | INFO |       77.408 ¦     2745           2              0.010 
2025-05-23 10:51:10 | INFO |       77.418 ¦     2746           2              0.010 
2025-05-23 10:51:10 | INFO |       77.428 ¦     2747           2              0.010 
2025-05-23 10:51:10 | INFO |       77.438 ¦     2748           2              0.010 
2025-05-23 10:51:10 | INFO |       77.448 ¦     2749           2              0.010 
2025-05-23 10:51:10 | INFO |       77.458 ¦     2750           2              0.010 
2025-05-23 10:51:10 | INFO |       77.468 ¦     2751           2              0.010 
2025-05-23 10:51:10 | INFO |       77.478 ¦     2752           2              0.010 
2025-05-23 10:51:10 | INFO |       77.488 ¦     2753           2              0.010 
2025-05-23 10:51:10 | INFO |       77.498 ¦     2754           2              0.010 
2025-05-23 10:51:10 | INFO |       77.508 ¦     2755           2              0.010 
2025-05-23 10:51:10 | INFO |       77.518 ¦     2756           2              0.010 
2025-05-23 10:51:10 | INFO |       77.528 ¦     2757           2              0.010 
2025-05-23 10:51:10 | INFO |       77.538 ¦     2758           2              0.010 
2025-05-23 10:51:10 | INFO |       77.548 ¦     2759           2              0.010 
2025-05-23 10:51:10 | INFO |       77.558 ¦     2760           2              0.010 
2025-05-23 10:51:10 | INFO |       77.568 ¦     2761           2              0.010 
2025-05-23 10:51:10 | INFO |       77.578 ¦     2762           2              0.010 
2025-05-23 10:51:10 | INFO |       77.588 ¦     2763           2              0.010 
2025-05-23 10:51:10 | INFO |       77.598 ¦     2764           2              0.010 
2025-05-23 10:51:10 | INFO |       77.608 ¦     2765           2              0.010 
2025-05-23 10:51:10 | INFO |       77.618 ¦     2766           2              0.010 
2025-05-23 10:51:10 | INFO |       77.628 ¦     2767           2              0.010 
2025-05-23 10:51:10 | INFO |       77.638 ¦     2768           2              0.010 
2025-05-23 10:51:10 | INFO |       77.648 ¦     2769           2              0.010 
2025-05-23 10:51:10 | INFO |       77.658 ¦     2770           2              0.010 
2025-05-23 10:51:10 | INFO |       77.668 ¦     2771           2              0.010 
2025-05-23 10:51:10 | INFO |       77.678 ¦     2772           2              0.010 
2025-05-23 10:51:10 | INFO |       77.688 ¦     2773           2              0.010 
2025-05-23 10:51:10 | INFO |       77.698 ¦     2774           2              0.010 
2025-05-23 10:51:10 | INFO |       77.708 ¦     2775           2              0.010 
2025-05-23 10:51:10 | INFO |       77.718 ¦     2776           2              0.010 
2025-05-23 10:51:10 | INFO |       77.728 ¦     2777           2              0.010 
2025-05-23 10:51:10 | INFO |       77.738 ¦     2778           2              0.010 
2025-05-23 10:51:10 | INFO |       77.748 ¦     2779           2              0.010 
2025-05-23 10:51:10 | INFO |       77.758 ¦     2780           2              0.010 
2025-05-23 10:51:10 | INFO |       77.768 ¦     2781           2              0.010 
2025-05-23 10:51:10 | INFO |       77.778 ¦     2782           2              0.010 
2025-05-23 10:51:10 | INFO |       77.788 ¦     2783           2              0.010 
2025-05-23 10:51:10 | INFO |       77.798 ¦     2784           2              0.010 
2025-05-23 10:51:10 | INFO |       77.808 ¦     2785           2              0.010 
2025-05-23 10:51:10 | INFO |       77.818 ¦     2786           2              0.010 
2025-05-23 10:51:10 | INFO |       77.828 ¦     2787           2              0.010 
2025-05-23 10:51:10 | INFO |       77.838 ¦     2788           2              0.010 
2025-05-23 10:51:10 | INFO |       77.848 ¦     2789           2              0.010 
2025-05-23 10:51:10 | INFO |       77.858 ¦     2790           2              0.010 
2025-05-23 10:51:10 | INFO |       77.868 ¦     2791           2              0.010 
2025-05-23 10:51:10 | INFO |       77.878 ¦     2792           2              0.010 
2025-05-23 10:51:10 | INFO |       77.888 ¦     2793           2              0.010 
2025-05-23 10:51:10 | INFO |       77.898 ¦     2794           2              0.010 
2025-05-23 10:51:10 | INFO |       77.908 ¦     2795           2              0.010 
2025-05-23 10:51:10 | INFO |       77.918 ¦     2796           2              0.010 
2025-05-23 10:51:10 | INFO |       77.928 ¦     2797           2              0.010 
2025-05-23 10:51:10 | INFO |       77.938 ¦     2798           2              0.010 
2025-05-23 10:51:10 | INFO |       77.948 ¦     2799           2              0.010 
2025-05-23 10:51:10 | INFO |       77.958 ¦     2800           2              0.010 
2025-05-23 10:51:10 | INFO |       77.968 ¦     2801           2              0.010 
2025-05-23 10:51:10 | INFO |       77.978 ¦     2802           2              0.010 
2025-05-23 10:51:10 | INFO |       77.988 ¦     2803           2              0.010 
2025-05-23 10:51:10 | INFO |       77.998 ¦     2804           2              0.010 
2025-05-23 10:51:10 | INFO |       78.008 ¦     2805           2              0.010 
2025-05-23 10:51:10 | INFO |       78.018 ¦     2806           2              0.010 
2025-05-23 10:51:10 | INFO |       78.028 ¦     2807           2              0.010 
2025-05-23 10:51:10 | INFO |       78.038 ¦     2808           2              0.010 
2025-05-23 10:51:10 | INFO |       78.048 ¦     2809           2              0.010 
2025-05-23 10:51:10 | INFO |       78.058 ¦     2810           2              0.010 
2025-05-23 10:51:10 | INFO |       78.068 ¦     2811           2              0.010 
2025-05-23 10:51:10 | INFO |       78.078 ¦     2812           2              0.010 
2025-05-23 10:51:10 | INFO |       78.088 ¦     2813           2              0.010 
2025-05-23 10:51:10 | INFO |       78.098 ¦     2814           2              0.010 
2025-05-23 10:51:10 | INFO |       78.108 ¦     2815           2              0.010 
2025-05-23 10:51:10 | INFO |       78.118 ¦     2816           2              0.010 
2025-05-23 10:51:10 | INFO |       78.128 ¦     2817           2              0.010 
2025-05-23 10:51:10 | INFO |       78.138 ¦     2818           2              0.010 
2025-05-23 10:51:10 | INFO |       78.148 ¦     2819           2              0.010 
2025-05-23 10:51:10 | INFO |       78.158 ¦     2820           2              0.010 
2025-05-23 10:51:10 | INFO |       78.168 ¦     2821           2              0.010 
2025-05-23 10:51:10 | INFO |       78.178 ¦     2822           2              0.010 
2025-05-23 10:51:10 | INFO |       78.188 ¦     2823           2              0.010 
2025-05-23 10:51:10 | INFO |       78.198 ¦     2824           2              0.010 
2025-05-23 10:51:10 | INFO |       78.208 ¦     2825           2              0.010 
2025-05-23 10:51:10 | INFO |       78.218 ¦     2826           2              0.010 
2025-05-23 10:51:10 | INFO |       78.228 ¦     2827           2              0.010 
2025-05-23 10:51:10 | INFO |       78.238 ¦     2828           2              0.010 
2025-05-23 10:51:10 | INFO |       78.248 ¦     2829           2              0.010 
2025-05-23 10:51:10 | INFO |       78.258 ¦     2830           2              0.010 
2025-05-23 10:51:10 | INFO |       78.268 ¦     2831           2              0.010 
2025-05-23 10:51:10 | INFO |       78.278 ¦     2832           2              0.010 
2025-05-23 10:51:10 | INFO |       78.288 ¦     2833           2              0.010 
2025-05-23 10:51:10 | INFO |       78.298 ¦     2834           2              0.010 
2025-05-23 10:51:10 | INFO |       78.308 ¦     2835           2              0.010 
2025-05-23 10:51:10 | INFO |       78.318 ¦     2836           2              0.010 
2025-05-23 10:51:10 | INFO |       78.328 ¦     2837           2              0.010 
2025-05-23 10:51:10 | INFO |       78.338 ¦     2838           2              0.010 
2025-05-23 10:51:10 | INFO |       78.348 ¦     2839           2              0.010 
2025-05-23 10:51:10 | INFO |       78.358 ¦     2840           2              0.010 
2025-05-23 10:51:10 | INFO |       78.368 ¦     2841           2              0.010 
2025-05-23 10:51:10 | INFO |       78.378 ¦     2842           2              0.010 
2025-05-23 10:51:10 | INFO |       78.388 ¦     2843           2              0.010 
2025-05-23 10:51:10 | INFO |       78.398 ¦     2844           2              0.010 
2025-05-23 10:51:10 | INFO |       78.408 ¦     2845           2              0.010 
2025-05-23 10:51:10 | INFO |       78.418 ¦     2846           2              0.010 
2025-05-23 10:51:10 | INFO |       78.428 ¦     2847           2              0.010 
2025-05-23 10:51:10 | INFO |       78.438 ¦     2848           2              0.010 
2025-05-23 10:51:10 | INFO |       78.448 ¦     2849           2              0.010 
2025-05-23 10:51:10 | INFO |       78.458 ¦     2850           2              0.010 
2025-05-23 10:51:10 | INFO |       78.468 ¦     2851           2              0.010 
2025-05-23 10:51:10 | INFO |       78.478 ¦     2852           2              0.010 
2025-05-23 10:51:10 | INFO |       78.488 ¦     2853           2              0.010 
2025-05-23 10:51:10 | INFO |       78.498 ¦     2854           2              0.010 
2025-05-23 10:51:10 | INFO |       78.508 ¦     2855           2              0.010 
2025-05-23 10:51:10 | INFO |       78.518 ¦     2856           2              0.010 
2025-05-23 10:51:10 | INFO |       78.528 ¦     2857           2              0.010 
2025-05-23 10:51:10 | INFO |       78.538 ¦     2858           2              0.010 
2025-05-23 10:51:10 | INFO |       78.548 ¦     2859           2              0.010 
2025-05-23 10:51:10 | INFO |       78.558 ¦     2860           2              0.010 
2025-05-23 10:51:10 | INFO |       78.568 ¦     2861           2              0.010 
2025-05-23 10:51:10 | INFO |       78.578 ¦     2862           2              0.010 
2025-05-23 10:51:10 | INFO |       78.588 ¦     2863           2              0.010 
2025-05-23 10:51:10 | INFO |       78.598 ¦     2864           2              0.010 
2025-05-23 10:51:10 | INFO |       78.608 ¦     2865           2              0.010 
2025-05-23 10:51:10 | INFO |       78.618 ¦     2866           2              0.010 
2025-05-23 10:51:10 | INFO |       78.628 ¦     2867           2              0.010 
2025-05-23 10:51:10 | INFO |       78.638 ¦     2868           2              0.010 
2025-05-23 10:51:10 | INFO |       78.648 ¦     2869           2              0.010 
2025-05-23 10:51:10 | INFO |       78.658 ¦     2870           2              0.010 
2025-05-23 10:51:10 | INFO |       78.668 ¦     2871           2              0.010 
2025-05-23 10:51:10 | INFO |       78.678 ¦     2872           2              0.010 
2025-05-23 10:51:10 | INFO |       78.688 ¦     2873           2              0.010 
2025-05-23 10:51:10 | INFO |       78.698 ¦     2874           2              0.010 
2025-05-23 10:51:10 | INFO |       78.708 ¦     2875           2              0.010 
2025-05-23 10:51:10 | INFO |       78.718 ¦     2876           2              0.010 
2025-05-23 10:51:10 | INFO |       78.728 ¦     2877           2              0.010 
2025-05-23 10:51:10 | INFO |       78.738 ¦     2878           2              0.010 
2025-05-23 10:51:10 | INFO |       78.748 ¦     2879           2              0.010 
2025-05-23 10:51:10 | INFO |       78.758 ¦     2880           2              0.010 
2025-05-23 10:51:10 | INFO |       78.768 ¦     2881           2              0.010 
2025-05-23 10:51:10 | INFO |       78.778 ¦     2882           2              0.010 
2025-05-23 10:51:10 | INFO |       78.788 ¦     2883           2              0.010 
2025-05-23 10:51:10 | INFO |       78.798 ¦     2884           2              0.010 
2025-05-23 10:51:10 | INFO |       78.808 ¦     2885           2              0.010 
2025-05-23 10:51:10 | INFO |       78.818 ¦     2886           2              0.010 
2025-05-23 10:51:10 | INFO |       78.828 ¦     2887           2              0.010 
2025-05-23 10:51:10 | INFO |       78.838 ¦     2888           2              0.010 
2025-05-23 10:51:10 | INFO |       78.848 ¦     2889           2              0.010 
2025-05-23 10:51:10 | INFO |       78.858 ¦     2890           2              0.010 
2025-05-23 10:51:10 | INFO |       78.868 ¦     2891           2              0.010 
2025-05-23 10:51:10 | INFO |       78.878 ¦     2892           2              0.010 
2025-05-23 10:51:10 | INFO |       78.888 ¦     2893           2              0.010 
2025-05-23 10:51:10 | INFO |       78.898 ¦     2894           2              0.010 
2025-05-23 10:51:10 | INFO |       78.908 ¦     2895           2              0.010 
2025-05-23 10:51:10 | INFO |       78.918 ¦     2896           2              0.010 
2025-05-23 10:51:10 | INFO |       78.928 ¦     2897           2              0.010 
2025-05-23 10:51:10 | INFO |       78.938 ¦     2898           2              0.010 
2025-05-23 10:51:10 | INFO |       78.948 ¦     2899           2              0.010 
2025-05-23 10:51:10 | INFO |       78.958 ¦     2900           2              0.010 
2025-05-23 10:51:10 | INFO |       78.968 ¦     2901           2              0.010 
2025-05-23 10:51:10 | INFO |       78.978 ¦     2902           2              0.010 
2025-05-23 10:51:10 | INFO |       78.988 ¦     2903           2              0.010 
2025-05-23 10:51:10 | INFO |       78.998 ¦     2904           2              0.010 
2025-05-23 10:51:10 | INFO |       79.008 ¦     2905           2              0.010 
2025-05-23 10:51:10 | INFO |       79.018 ¦     2906           2              0.010 
2025-05-23 10:51:10 | INFO |       79.028 ¦     2907           2              0.010 
2025-05-23 10:51:10 | INFO |       79.038 ¦     2908           2              0.010 
2025-05-23 10:51:10 | INFO |       79.048 ¦     2909           2              0.010 
2025-05-23 10:51:10 | INFO |       79.058 ¦     2910           2              0.010 
2025-05-23 10:51:10 | INFO |       79.068 ¦     2911           2              0.010 
2025-05-23 10:51:10 | INFO |       79.078 ¦     2912           2              0.010 
2025-05-23 10:51:10 | INFO |       79.088 ¦     2913           2              0.010 
2025-05-23 10:51:10 | INFO |       79.098 ¦     2914           2              0.010 
2025-05-23 10:51:10 | INFO |       79.108 ¦     2915           2              0.010 
2025-05-23 10:51:10 | INFO |       79.118 ¦     2916           2              0.010 
2025-05-23 10:51:10 | INFO |       79.128 ¦     2917           2              0.010 
2025-05-23 10:51:10 | INFO |       79.138 ¦     2918           2              0.010 
2025-05-23 10:51:10 | INFO |       79.148 ¦     2919           2              0.010 
2025-05-23 10:51:10 | INFO |       79.158 ¦     2920           2              0.010 
2025-05-23 10:51:10 | INFO |       79.168 ¦     2921           2              0.010 
2025-05-23 10:51:10 | INFO |       79.178 ¦     2922           2              0.010 
2025-05-23 10:51:10 | INFO |       79.188 ¦     2923           2              0.010 
2025-05-23 10:51:10 | INFO |       79.198 ¦     2924           2              0.010 
2025-05-23 10:51:10 | INFO |       79.208 ¦     2925           2              0.010 
2025-05-23 10:51:10 | INFO |       79.218 ¦     2926           2              0.010 
2025-05-23 10:51:10 | INFO |       79.228 ¦     2927           2              0.010 
2025-05-23 10:51:10 | INFO |       79.238 ¦     2928           2              0.010 
2025-05-23 10:51:10 | INFO |       79.248 ¦     2929           2              0.010 
2025-05-23 10:51:10 | INFO |       79.258 ¦     2930           2              0.010 
2025-05-23 10:51:10 | INFO |       79.268 ¦     2931           2              0.010 
2025-05-23 10:51:10 | INFO |       79.278 ¦     2932           2              0.010 
2025-05-23 10:51:10 | INFO |       79.288 ¦     2933           2              0.010 
2025-05-23 10:51:10 | INFO |       79.298 ¦     2934           2              0.010 
2025-05-23 10:51:10 | INFO |       79.308 ¦     2935           2              0.010 
2025-05-23 10:51:10 | INFO |       79.318 ¦     2936           2              0.010 
2025-05-23 10:51:10 | INFO |       79.328 ¦     2937           2              0.010 
2025-05-23 10:51:10 | INFO |       79.338 ¦     2938           2              0.010 
2025-05-23 10:51:10 | INFO |       79.348 ¦     2939           2              0.010 
2025-05-23 10:51:10 | INFO |       79.358 ¦     2940           2              0.010 
2025-05-23 10:51:10 | INFO |       79.368 ¦     2941           2              0.010 
2025-05-23 10:51:10 | INFO |       79.378 ¦     2942           2              0.010 
2025-05-23 10:51:10 | INFO |       79.388 ¦     2943           2              0.010 
2025-05-23 10:51:10 | INFO |       79.398 ¦     2944           2              0.010 
2025-05-23 10:51:10 | INFO |       79.408 ¦     2945           2              0.010 
2025-05-23 10:51:10 | INFO |       79.418 ¦     2946           2              0.010 
2025-05-23 10:51:10 | INFO |       79.428 ¦     2947           2              0.010 
2025-05-23 10:51:10 | INFO |       79.438 ¦     2948           2              0.010 
2025-05-23 10:51:10 | INFO |       79.448 ¦     2949           2              0.010 
2025-05-23 10:51:10 | INFO |       79.458 ¦     2950           2              0.010 
2025-05-23 10:51:10 | INFO |       79.468 ¦     2951           2              0.010 
2025-05-23 10:51:10 | INFO |       79.478 ¦     2952           2              0.010 
2025-05-23 10:51:10 | INFO |       79.488 ¦     2953           2              0.010 
2025-05-23 10:51:10 | INFO |       79.498 ¦     2954           2              0.010 
2025-05-23 10:51:10 | INFO |       79.508 ¦     2955           2              0.010 
2025-05-23 10:51:10 | INFO |       79.518 ¦     2956           2              0.010 
2025-05-23 10:51:10 | INFO |       79.528 ¦     2957           2              0.010 
2025-05-23 10:51:10 | INFO |       79.538 ¦     2958           2              0.010 
2025-05-23 10:51:10 | INFO |       79.548 ¦     2959           2              0.010 
2025-05-23 10:51:10 | INFO |       79.558 ¦     2960           2              0.010 
2025-05-23 10:51:10 | INFO |       79.568 ¦     2961           2              0.010 
2025-05-23 10:51:10 | INFO |       79.578 ¦     2962           2              0.010 
2025-05-23 10:51:10 | INFO |       79.588 ¦     2963           2              0.010 
2025-05-23 10:51:10 | INFO |       79.598 ¦     2964           2              0.010 
2025-05-23 10:51:10 | INFO |       79.608 ¦     2965           2              0.010 
2025-05-23 10:51:10 | INFO |       79.618 ¦     2966           2              0.010 
2025-05-23 10:51:10 | INFO |       79.628 ¦     2967           2              0.010 
2025-05-23 10:51:10 | INFO |       79.638 ¦     2968           2              0.010 
2025-05-23 10:51:10 | INFO |       79.648 ¦     2969           2              0.010 
2025-05-23 10:51:10 | INFO |       79.658 ¦     2970           2              0.010 
2025-05-23 10:51:10 | INFO |       79.668 ¦     2971           2              0.010 
2025-05-23 10:51:10 | INFO |       79.678 ¦     2972           2              0.010 
2025-05-23 10:51:10 | INFO |       79.688 ¦     2973           2              0.010 
2025-05-23 10:51:10 | INFO |       79.698 ¦     2974           2              0.010 
2025-05-23 10:51:10 | INFO |       79.708 ¦     2975           2              0.010 
2025-05-23 10:51:10 | INFO |       79.718 ¦     2976           2              0.010 
2025-05-23 10:51:10 | INFO |       79.728 ¦     2977           2              0.010 
2025-05-23 10:51:10 | INFO |       79.738 ¦     2978           2              0.010 
2025-05-23 10:51:10 | INFO |       79.748 ¦     2979           2              0.010 
2025-05-23 10:51:10 | INFO |       79.758 ¦     2980           2              0.010 
2025-05-23 10:51:10 | INFO |       79.768 ¦     2981           2              0.010 
2025-05-23 10:51:10 | INFO |       79.778 ¦     2982           2              0.010 
2025-05-23 10:51:10 | INFO |       79.788 ¦     2983           2              0.010 
2025-05-23 10:51:10 | INFO |       79.798 ¦     2984           2              0.010 
2025-05-23 10:51:10 | INFO |       79.808 ¦     2985           2              0.010 
2025-05-23 10:51:10 | INFO |       79.818 ¦     2986           2              0.010 
2025-05-23 10:51:10 | INFO |       79.828 ¦     2987           2              0.010 
2025-05-23 10:51:10 | INFO |       79.838 ¦     2988           2              0.010 
2025-05-23 10:51:10 | INFO |       79.848 ¦     2989           2              0.010 
2025-05-23 10:51:10 | INFO |       79.858 ¦     2990           2              0.010 
2025-05-23 10:51:10 | INFO |       79.868 ¦     2991           2              0.010 
2025-05-23 10:51:10 | INFO |       79.878 ¦     2992           2              0.010 
2025-05-23 10:51:10 | INFO |       79.888 ¦     2993           2              0.010 
2025-05-23 10:51:10 | INFO |       79.898 ¦     2994           2              0.010 
2025-05-23 10:51:10 | INFO |       79.908 ¦     2995           2              0.010 
2025-05-23 10:51:10 | INFO |       79.918 ¦     2996           2              0.010 
2025-05-23 10:51:10 | INFO |       79.928 ¦     2997           2              0.010 
2025-05-23 10:51:10 | INFO |       79.938 ¦     2998           2              0.010 
2025-05-23 10:51:10 | INFO |       79.948 ¦     2999           2              0.010 
2025-05-23 10:51:10 | INFO |       79.958 ¦     3000           2              0.010 
2025-05-23 10:51:10 | INFO |       79.968 ¦     3001           2              0.010 
2025-05-23 10:51:10 | INFO |       79.978 ¦     3002           2              0.010 
2025-05-23 10:51:10 | INFO |       79.988 ¦     3003           2              0.010 
2025-05-23 10:51:10 | INFO |       79.998 ¦     3004           2              0.010 
2025-05-23 10:51:10 | INFO |       80.008 ¦     3005           2              0.010 
2025-05-23 10:51:10 | INFO |       80.018 ¦     3006           2              0.010 
2025-05-23 10:51:10 | INFO |       80.028 ¦     3007           2              0.010 
2025-05-23 10:51:10 | INFO |       80.038 ¦     3008           2              0.010 
2025-05-23 10:51:10 | INFO |       80.048 ¦     3009           2              0.010 
2025-05-23 10:51:10 | INFO |       80.058 ¦     3010           2              0.010 
2025-05-23 10:51:10 | INFO |       80.068 ¦     3011           2              0.010 
2025-05-23 10:51:10 | INFO |       80.078 ¦     3012           2              0.010 
2025-05-23 10:51:10 | INFO |       80.088 ¦     3013           2              0.010 
2025-05-23 10:51:10 | INFO |       80.098 ¦     3014           2              0.010 
2025-05-23 10:51:10 | INFO |       80.108 ¦     3015           2              0.010 
2025-05-23 10:51:10 | INFO |       80.118 ¦     3016           2              0.010 
2025-05-23 10:51:10 | INFO |       80.128 ¦     3017           2              0.010 
2025-05-23 10:51:10 | INFO |       80.138 ¦     3018           2              0.010 
2025-05-23 10:51:10 | INFO |       80.148 ¦     3019           2              0.010 
2025-05-23 10:51:10 | INFO |       80.158 ¦     3020           2              0.010 
2025-05-23 10:51:10 | INFO |       80.168 ¦     3021           2              0.010 
2025-05-23 10:51:10 | INFO |       80.178 ¦     3022           2              0.010 
2025-05-23 10:51:10 | INFO |       80.188 ¦     3023           2              0.010 
2025-05-23 10:51:10 | INFO |       80.198 ¦     3024           2              0.010 
2025-05-23 10:51:10 | INFO |       80.208 ¦     3025           2              0.010 
2025-05-23 10:51:10 | INFO |       80.218 ¦     3026           2              0.010 
2025-05-23 10:51:10 | INFO |       80.228 ¦     3027           2              0.010 
2025-05-23 10:51:10 | INFO |       80.238 ¦     3028           2              0.010 
2025-05-23 10:51:10 | INFO |       80.248 ¦     3029           2              0.010 
2025-05-23 10:51:10 | INFO |       80.258 ¦     3030           2              0.010 
2025-05-23 10:51:10 | INFO |       80.268 ¦     3031           2              0.010 
2025-05-23 10:51:10 | INFO |       80.278 ¦     3032           2              0.010 
2025-05-23 10:51:10 | INFO |       80.288 ¦     3033           2              0.010 
2025-05-23 10:51:10 | INFO |       80.298 ¦     3034           2              0.010 
2025-05-23 10:51:10 | INFO |       80.308 ¦     3035           2              0.010 
2025-05-23 10:51:10 | INFO |       80.318 ¦     3036           2              0.010 
2025-05-23 10:51:10 | INFO |       80.328 ¦     3037           2              0.010 
2025-05-23 10:51:10 | INFO |       80.338 ¦     3038           2              0.010 
2025-05-23 10:51:10 | INFO |       80.348 ¦     3039           2              0.010 
2025-05-23 10:51:10 | INFO |       80.358 ¦     3040           2              0.010 
2025-05-23 10:51:10 | INFO |       80.368 ¦     3041           2              0.010 
2025-05-23 10:51:10 | INFO |       80.378 ¦     3042           2              0.010 
2025-05-23 10:51:10 | INFO |       80.388 ¦     3043           2              0.010 
2025-05-23 10:51:10 | INFO |       80.398 ¦     3044           2              0.010 
2025-05-23 10:51:10 | INFO |       80.408 ¦     3045           2              0.010 
2025-05-23 10:51:10 | INFO |       80.418 ¦     3046           2              0.010 
2025-05-23 10:51:10 | INFO |       80.428 ¦     3047           2              0.010 
2025-05-23 10:51:10 | INFO |       80.438 ¦     3048           2              0.010 
2025-05-23 10:51:10 | INFO |       80.448 ¦     3049           2              0.010 
2025-05-23 10:51:10 | INFO |       80.458 ¦     3050           2              0.010 
2025-05-23 10:51:10 | INFO |       80.468 ¦     3051           2              0.010 
2025-05-23 10:51:10 | INFO |       80.478 ¦     3052           2              0.010 
2025-05-23 10:51:10 | INFO |       80.488 ¦     3053           2              0.010 
2025-05-23 10:51:10 | INFO |       80.498 ¦     3054           2              0.010 
2025-05-23 10:51:10 | INFO |       80.508 ¦     3055           2              0.010 
2025-05-23 10:51:10 | INFO |       80.518 ¦     3056           2              0.010 
2025-05-23 10:51:10 | INFO |       80.528 ¦     3057           2              0.010 
2025-05-23 10:51:10 | INFO |       80.538 ¦     3058           2              0.010 
2025-05-23 10:51:10 | INFO |       80.548 ¦     3059           2              0.010 
2025-05-23 10:51:10 | INFO |       80.558 ¦     3060           2              0.010 
2025-05-23 10:51:10 | INFO |       80.568 ¦     3061           2              0.010 
2025-05-23 10:51:10 | INFO |       80.578 ¦     3062           2              0.010 
2025-05-23 10:51:10 | INFO |       80.588 ¦     3063           2              0.010 
2025-05-23 10:51:10 | INFO |       80.598 ¦     3064           2              0.010 
2025-05-23 10:51:10 | INFO |       80.608 ¦     3065           2              0.010 
2025-05-23 10:51:10 | INFO |       80.618 ¦     3066           2              0.010 
2025-05-23 10:51:10 | INFO |       80.628 ¦     3067           2              0.010 
2025-05-23 10:51:10 | INFO |       80.638 ¦     3068           2              0.010 
2025-05-23 10:51:10 | INFO |       80.648 ¦     3069           2              0.010 
2025-05-23 10:51:10 | INFO |       80.658 ¦     3070           2              0.010 
2025-05-23 10:51:10 | INFO |       80.668 ¦     3071           2              0.010 
2025-05-23 10:51:10 | INFO |       80.678 ¦     3072           2              0.010 
2025-05-23 10:51:10 | INFO |       80.688 ¦     3073           2              0.010 
2025-05-23 10:51:10 | INFO |       80.698 ¦     3074           2              0.010 
2025-05-23 10:51:10 | INFO |       80.708 ¦     3075           2              0.010 
2025-05-23 10:51:10 | INFO |       80.718 ¦     3076           2              0.010 
2025-05-23 10:51:10 | INFO |       80.728 ¦     3077           2              0.010 
2025-05-23 10:51:10 | INFO |       80.738 ¦     3078           2              0.010 
2025-05-23 10:51:10 | INFO |       80.748 ¦     3079           2              0.010 
2025-05-23 10:51:10 | INFO |       80.758 ¦     3080           2              0.010 
2025-05-23 10:51:10 | INFO |       80.768 ¦     3081           2              0.010 
2025-05-23 10:51:10 | INFO |       80.778 ¦     3082           2              0.010 
2025-05-23 10:51:10 | INFO |       80.788 ¦     3083           2              0.010 
2025-05-23 10:51:10 | INFO |       80.798 ¦     3084           2              0.010 
2025-05-23 10:51:10 | INFO |       80.808 ¦     3085           2              0.010 
2025-05-23 10:51:10 | INFO |       80.818 ¦     3086           2              0.010 
2025-05-23 10:51:10 | INFO |       80.828 ¦     3087           2              0.010 
2025-05-23 10:51:10 | INFO |       80.838 ¦     3088           2              0.010 
2025-05-23 10:51:10 | INFO |       80.848 ¦     3089           2              0.010 
2025-05-23 10:51:10 | INFO |       80.858 ¦     3090           2              0.010 
2025-05-23 10:51:10 | INFO |       80.868 ¦     3091           2              0.010 
2025-05-23 10:51:10 | INFO |       80.878 ¦     3092           2              0.010 
2025-05-23 10:51:10 | INFO |       80.888 ¦     3093           2              0.010 
2025-05-23 10:51:10 | INFO |       80.898 ¦     3094           2              0.010 
2025-05-23 10:51:10 | INFO |       80.908 ¦     3095           2              0.010 
2025-05-23 10:51:10 | INFO |       80.918 ¦     3096           2              0.010 
2025-05-23 10:51:10 | INFO |       80.928 ¦     3097           2              0.010 
2025-05-23 10:51:10 | INFO |       80.938 ¦     3098           2              0.010 
2025-05-23 10:51:10 | INFO |       80.948 ¦     3099           2              0.010 
2025-05-23 10:51:10 | INFO |       80.958 ¦     3100           2              0.010 
2025-05-23 10:51:10 | INFO |       80.968 ¦     3101           2              0.010 
2025-05-23 10:51:10 | INFO |       80.978 ¦     3102           2              0.010 
2025-05-23 10:51:10 | INFO |       80.988 ¦     3103           2              0.010 
2025-05-23 10:51:10 | INFO |       80.998 ¦     3104           2              0.010 
2025-05-23 10:51:10 | INFO |       81.008 ¦     3105           2              0.010 
2025-05-23 10:51:10 | INFO |       81.018 ¦     3106           2              0.010 
2025-05-23 10:51:10 | INFO |       81.028 ¦     3107           2              0.010 
2025-05-23 10:51:10 | INFO |       81.038 ¦     3108           2              0.010 
2025-05-23 10:51:10 | INFO |       81.048 ¦     3109           2              0.010 
2025-05-23 10:51:10 | INFO |       81.058 ¦     3110           2              0.010 
2025-05-23 10:51:10 | INFO |       81.068 ¦     3111           2              0.010 
2025-05-23 10:51:10 | INFO |       81.078 ¦     3112           2              0.010 
2025-05-23 10:51:10 | INFO |       81.088 ¦     3113           2              0.010 
2025-05-23 10:51:10 | INFO |       81.098 ¦     3114           2              0.010 
2025-05-23 10:51:10 | INFO |       81.108 ¦     3115           2              0.010 
2025-05-23 10:51:10 | INFO |       81.118 ¦     3116           2              0.010 
2025-05-23 10:51:10 | INFO |       81.128 ¦     3117           2              0.010 
2025-05-23 10:51:10 | INFO |       81.138 ¦     3118           2              0.010 
2025-05-23 10:51:10 | INFO |       81.148 ¦     3119           2              0.010 
2025-05-23 10:51:10 | INFO |       81.158 ¦     3120           2              0.010 
2025-05-23 10:51:10 | INFO |       81.168 ¦     3121           2              0.010 
2025-05-23 10:51:10 | INFO |       81.178 ¦     3122           2              0.010 
2025-05-23 10:51:10 | INFO |       81.188 ¦     3123           2              0.010 
2025-05-23 10:51:10 | INFO |       81.198 ¦     3124           2              0.010 
2025-05-23 10:51:10 | INFO |       81.208 ¦     3125           2              0.010 
2025-05-23 10:51:10 | INFO |       81.218 ¦     3126           2              0.010 
2025-05-23 10:51:10 | INFO |       81.228 ¦     3127           2              0.010 
2025-05-23 10:51:10 | INFO |       81.238 ¦     3128           2              0.010 
2025-05-23 10:51:10 | INFO |       81.248 ¦     3129           2              0.010 
2025-05-23 10:51:10 | INFO |       81.258 ¦     3130           2              0.010 
2025-05-23 10:51:10 | INFO |       81.268 ¦     3131           2              0.010 
2025-05-23 10:51:10 | INFO |       81.278 ¦     3132           2              0.010 
2025-05-23 10:51:10 | INFO |       81.288 ¦     3133           2              0.010 
2025-05-23 10:51:10 | INFO |       81.298 ¦     3134           2              0.010 
2025-05-23 10:51:10 | INFO |       81.308 ¦     3135           2              0.010 
2025-05-23 10:51:10 | INFO |       81.318 ¦     3136           2              0.010 
2025-05-23 10:51:10 | INFO |       81.328 ¦     3137           2              0.010 
2025-05-23 10:51:10 | INFO |       81.338 ¦     3138           2              0.010 
2025-05-23 10:51:10 | INFO |       81.348 ¦     3139           2              0.010 
2025-05-23 10:51:10 | INFO |       81.358 ¦     3140           2              0.010 
2025-05-23 10:51:10 | INFO |       81.368 ¦     3141           2              0.010 
2025-05-23 10:51:10 | INFO |       81.378 ¦     3142           2              0.010 
2025-05-23 10:51:10 | INFO |       81.388 ¦     3143           2              0.010 
2025-05-23 10:51:10 | INFO |       81.398 ¦     3144           2              0.010 
2025-05-23 10:51:10 | INFO |       81.408 ¦     3145           2              0.010 
2025-05-23 10:51:10 | INFO |       81.418 ¦     3146           2              0.010 
2025-05-23 10:51:10 | INFO |       81.428 ¦     3147           2              0.010 
2025-05-23 10:51:10 | INFO |       81.438 ¦     3148           2              0.010 
2025-05-23 10:51:10 | INFO |       81.448 ¦     3149           2              0.010 
2025-05-23 10:51:10 | INFO |       81.458 ¦     3150           2              0.010 
2025-05-23 10:51:10 | INFO |       81.468 ¦     3151           2              0.010 
2025-05-23 10:51:10 | INFO |       81.478 ¦     3152           2              0.010 
2025-05-23 10:51:10 | INFO |       81.488 ¦     3153           2              0.010 
2025-05-23 10:51:10 | INFO |       81.498 ¦     3154           2              0.010 
2025-05-23 10:51:10 | INFO |       81.508 ¦     3155           2              0.010 
2025-05-23 10:51:10 | INFO |       81.518 ¦     3156           2              0.010 
2025-05-23 10:51:10 | INFO |       81.528 ¦     3157           2              0.010 
2025-05-23 10:51:10 | INFO |       81.538 ¦     3158           2              0.010 
2025-05-23 10:51:10 | INFO |       81.548 ¦     3159           2              0.010 
2025-05-23 10:51:10 | INFO |       81.558 ¦     3160           2              0.010 
2025-05-23 10:51:10 | INFO |       81.568 ¦     3161           2              0.010 
2025-05-23 10:51:10 | INFO |       81.578 ¦     3162           2              0.010 
2025-05-23 10:51:10 | INFO |       81.588 ¦     3163           2              0.010 
2025-05-23 10:51:10 | INFO |       81.598 ¦     3164           2              0.010 
2025-05-23 10:51:10 | INFO |       81.608 ¦     3165           2              0.010 
2025-05-23 10:51:10 | INFO |       81.618 ¦     3166           2              0.010 
2025-05-23 10:51:10 | INFO |       81.628 ¦     3167           2              0.010 
2025-05-23 10:51:10 | INFO |       81.638 ¦     3168           2              0.010 
2025-05-23 10:51:10 | INFO |       81.648 ¦     3169           2              0.010 
2025-05-23 10:51:10 | INFO |       81.658 ¦     3170           2              0.010 
2025-05-23 10:51:10 | INFO |       81.668 ¦     3171           2              0.010 
2025-05-23 10:51:10 | INFO |       81.678 ¦     3172           2              0.010 
2025-05-23 10:51:10 | INFO |       81.688 ¦     3173           2              0.010 
2025-05-23 10:51:10 | INFO |       81.698 ¦     3174           2              0.010 
2025-05-23 10:51:10 | INFO |       81.708 ¦     3175           2              0.010 
2025-05-23 10:51:10 | INFO |       81.718 ¦     3176           2              0.010 
2025-05-23 10:51:10 | INFO |       81.728 ¦     3177           2              0.010 
2025-05-23 10:51:10 | INFO |       81.738 ¦     3178           2              0.010 
2025-05-23 10:51:10 | INFO |       81.748 ¦     3179           2              0.010 
2025-05-23 10:51:10 | INFO |       81.758 ¦     3180           2              0.010 
2025-05-23 10:51:10 | INFO |       81.768 ¦     3181           2              0.010 
2025-05-23 10:51:10 | INFO |       81.778 ¦     3182           2              0.010 
2025-05-23 10:51:10 | INFO |       81.788 ¦     3183           2              0.010 
2025-05-23 10:51:10 | INFO |       81.798 ¦     3184           2              0.010 
2025-05-23 10:51:10 | INFO |       81.808 ¦     3185           2              0.010 
2025-05-23 10:51:10 | INFO |       81.818 ¦     3186           2              0.010 
2025-05-23 10:51:10 | INFO |       81.828 ¦     3187           2              0.010 
2025-05-23 10:51:10 | INFO |       81.838 ¦     3188           2              0.010 
2025-05-23 10:51:10 | INFO |       81.848 ¦     3189           2              0.010 
2025-05-23 10:51:10 | INFO |       81.858 ¦     3190           2              0.010 
2025-05-23 10:51:10 | INFO |       81.868 ¦     3191           2              0.010 
2025-05-23 10:51:10 | INFO |       81.878 ¦     3192           2              0.010 
2025-05-23 10:51:10 | INFO |       81.888 ¦     3193           2              0.010 
2025-05-23 10:51:10 | INFO |       81.898 ¦     3194           2              0.010 
2025-05-23 10:51:10 | INFO |       81.908 ¦     3195           2              0.010 
2025-05-23 10:51:10 | INFO |       81.918 ¦     3196           2              0.010 
2025-05-23 10:51:10 | INFO |       81.928 ¦     3197           2              0.010 
2025-05-23 10:51:10 | INFO |       81.938 ¦     3198           2              0.010 
2025-05-23 10:51:10 | INFO |       81.948 ¦     3199           2              0.010 
2025-05-23 10:51:10 | INFO |       81.958 ¦     3200           2              0.010 
2025-05-23 10:51:10 | INFO |       81.968 ¦     3201           2              0.010 
2025-05-23 10:51:10 | INFO |       81.978 ¦     3202           2              0.010 
2025-05-23 10:51:10 | INFO |       81.988 ¦     3203           2              0.010 
2025-05-23 10:51:10 | INFO |       81.998 ¦     3204           2              0.010 
2025-05-23 10:51:10 | INFO |       82.008 ¦     3205           2              0.010 
2025-05-23 10:51:10 | INFO |       82.018 ¦     3206           2              0.010 
2025-05-23 10:51:10 | INFO |       82.028 ¦     3207           2              0.010 
2025-05-23 10:51:10 | INFO |       82.038 ¦     3208           2              0.010 
2025-05-23 10:51:10 | INFO |       82.048 ¦     3209           2              0.010 
2025-05-23 10:51:10 | INFO |       82.058 ¦     3210           2              0.010 
2025-05-23 10:51:10 | INFO |       82.068 ¦     3211           2              0.010 
2025-05-23 10:51:10 | INFO |       82.078 ¦     3212           2              0.010 
2025-05-23 10:51:10 | INFO |       82.088 ¦     3213           2              0.010 
2025-05-23 10:51:10 | INFO |       82.098 ¦     3214           2              0.010 
2025-05-23 10:51:10 | INFO |       82.108 ¦     3215           2              0.010 
2025-05-23 10:51:10 | INFO |       82.118 ¦     3216           2              0.010 
2025-05-23 10:51:10 | INFO |       82.128 ¦     3217           2              0.010 
2025-05-23 10:51:10 | INFO |       82.138 ¦     3218           2              0.010 
2025-05-23 10:51:10 | INFO |       82.148 ¦     3219           2              0.010 
2025-05-23 10:51:10 | INFO |       82.158 ¦     3220           2              0.010 
2025-05-23 10:51:10 | INFO |       82.168 ¦     3221           2              0.010 
2025-05-23 10:51:10 | INFO |       82.178 ¦     3222           2              0.010 
2025-05-23 10:51:10 | INFO |       82.188 ¦     3223           2              0.010 
2025-05-23 10:51:10 | INFO |       82.198 ¦     3224           2              0.010 
2025-05-23 10:51:10 | INFO |       82.208 ¦     3225           2              0.010 
2025-05-23 10:51:10 | INFO |       82.218 ¦     3226           2              0.010 
2025-05-23 10:51:10 | INFO |       82.228 ¦     3227           2              0.010 
2025-05-23 10:51:10 | INFO |       82.238 ¦     3228           2              0.010 
2025-05-23 10:51:10 | INFO |       82.248 ¦     3229           2              0.010 
2025-05-23 10:51:10 | INFO |       82.258 ¦     3230           2              0.010 
2025-05-23 10:51:10 | INFO |       82.268 ¦     3231           2              0.010 
2025-05-23 10:51:10 | INFO |       82.278 ¦     3232           2              0.010 
2025-05-23 10:51:10 | INFO |       82.288 ¦     3233           2              0.010 
2025-05-23 10:51:10 | INFO |       82.298 ¦     3234           2              0.010 
2025-05-23 10:51:10 | INFO |       82.308 ¦     3235           2              0.010 
2025-05-23 10:51:10 | INFO |       82.318 ¦     3236           2              0.010 
2025-05-23 10:51:10 | INFO |       82.328 ¦     3237           2              0.010 
2025-05-23 10:51:10 | INFO |       82.338 ¦     3238           2              0.010 
2025-05-23 10:51:10 | INFO |       82.348 ¦     3239           2              0.010 
2025-05-23 10:51:10 | INFO |       82.358 ¦     3240           2              0.010 
2025-05-23 10:51:10 | INFO |       82.368 ¦     3241           2              0.010 
2025-05-23 10:51:10 | INFO |       82.378 ¦     3242           2              0.010 
2025-05-23 10:51:10 | INFO |       82.388 ¦     3243           2              0.010 
2025-05-23 10:51:10 | INFO |       82.398 ¦     3244           2              0.010 
2025-05-23 10:51:10 | INFO |       82.408 ¦     3245           2              0.010 
2025-05-23 10:51:10 | INFO |       82.418 ¦     3246           2              0.010 
2025-05-23 10:51:10 | INFO |       82.428 ¦     3247           2              0.010 
2025-05-23 10:51:10 | INFO |       82.438 ¦     3248           2              0.010 
2025-05-23 10:51:10 | INFO |       82.448 ¦     3249           2              0.010 
2025-05-23 10:51:10 | INFO |       82.458 ¦     3250           2              0.010 
2025-05-23 10:51:10 | INFO |       82.468 ¦     3251           2              0.010 
2025-05-23 10:51:10 | INFO |       82.478 ¦     3252           2              0.010 
2025-05-23 10:51:10 | INFO |       82.488 ¦     3253           2              0.010 
2025-05-23 10:51:10 | INFO |       82.498 ¦     3254           2              0.010 
2025-05-23 10:51:10 | INFO |       82.508 ¦     3255           2              0.010 
2025-05-23 10:51:10 | INFO |       82.518 ¦     3256           2              0.010 
2025-05-23 10:51:10 | INFO |       82.528 ¦     3257           2              0.010 
2025-05-23 10:51:10 | INFO |       82.538 ¦     3258           2              0.010 
2025-05-23 10:51:10 | INFO |       82.548 ¦     3259           2              0.010 
2025-05-23 10:51:10 | INFO |       82.558 ¦     3260           2              0.010 
2025-05-23 10:51:10 | INFO |       82.568 ¦     3261           2              0.010 
2025-05-23 10:51:10 | INFO |       82.578 ¦     3262           2              0.010 
2025-05-23 10:51:10 | INFO |       82.588 ¦     3263           2              0.010 
2025-05-23 10:51:10 | INFO |       82.598 ¦     3264           2              0.010 
2025-05-23 10:51:10 | INFO |       82.608 ¦     3265           2              0.010 
2025-05-23 10:51:10 | INFO |       82.618 ¦     3266           2              0.010 
2025-05-23 10:51:10 | INFO |       82.628 ¦     3267           2              0.010 
2025-05-23 10:51:10 | INFO |       82.638 ¦     3268           2              0.010 
2025-05-23 10:51:10 | INFO |       82.648 ¦     3269           2              0.010 
2025-05-23 10:51:10 | INFO |       82.658 ¦     3270           2              0.010 
2025-05-23 10:51:10 | INFO |       82.668 ¦     3271           2              0.010 
2025-05-23 10:51:10 | INFO |       82.678 ¦     3272           2              0.010 
2025-05-23 10:51:10 | INFO |       82.688 ¦     3273           2              0.010 
2025-05-23 10:51:10 | INFO |       82.698 ¦     3274           2              0.010 
2025-05-23 10:51:10 | INFO |       82.708 ¦     3275           2              0.010 
2025-05-23 10:51:10 | INFO |       82.718 ¦     3276           2              0.010 
2025-05-23 10:51:10 | INFO |       82.728 ¦     3277           2              0.010 
2025-05-23 10:51:10 | INFO |       82.738 ¦     3278           2              0.010 
2025-05-23 10:51:10 | INFO |       82.748 ¦     3279           2              0.010 
2025-05-23 10:51:10 | INFO |       82.758 ¦     3280           2              0.010 
2025-05-23 10:51:10 | INFO |       82.768 ¦     3281           2              0.010 
2025-05-23 10:51:10 | INFO |       82.778 ¦     3282           2              0.010 
2025-05-23 10:51:10 | INFO |       82.788 ¦     3283           2              0.010 
2025-05-23 10:51:10 | INFO |       82.798 ¦     3284           2              0.010 
2025-05-23 10:51:10 | INFO |       82.808 ¦     3285           2              0.010 
2025-05-23 10:51:10 | INFO |       82.818 ¦     3286           2              0.010 
2025-05-23 10:51:10 | INFO |       82.828 ¦     3287           2              0.010 
2025-05-23 10:51:10 | INFO |       82.838 ¦     3288           2              0.010 
2025-05-23 10:51:10 | INFO |       82.848 ¦     3289           2              0.010 
2025-05-23 10:51:10 | INFO |       82.858 ¦     3290           2              0.010 
2025-05-23 10:51:10 | INFO |       82.868 ¦     3291           2              0.010 
2025-05-23 10:51:10 | INFO |       82.878 ¦     3292           2              0.010 
2025-05-23 10:51:10 | INFO |       82.888 ¦     3293           2              0.010 
2025-05-23 10:51:10 | INFO |       82.898 ¦     3294           2              0.010 
2025-05-23 10:51:10 | INFO |       82.908 ¦     3295           2              0.010 
2025-05-23 10:51:10 | INFO |       82.918 ¦     3296           2              0.010 
2025-05-23 10:51:10 | INFO |       82.928 ¦     3297           2              0.010 
2025-05-23 10:51:10 | INFO |       82.938 ¦     3298           2              0.010 
2025-05-23 10:51:10 | INFO |       82.948 ¦     3299           2              0.010 
2025-05-23 10:51:10 | INFO |       82.958 ¦     3300           2              0.010 
2025-05-23 10:51:10 | INFO |       82.968 ¦     3301           2              0.010 
2025-05-23 10:51:10 | INFO |       82.978 ¦     3302           2              0.010 
2025-05-23 10:51:10 | INFO |       82.988 ¦     3303           2              0.010 
2025-05-23 10:51:10 | INFO |       82.998 ¦     3304           2              0.010 
2025-05-23 10:51:10 | INFO |       83.008 ¦     3305           2              0.010 
2025-05-23 10:51:10 | INFO |       83.018 ¦     3306           2              0.010 
2025-05-23 10:51:10 | INFO |       83.028 ¦     3307           2              0.010 
2025-05-23 10:51:10 | INFO |       83.038 ¦     3308           2              0.010 
2025-05-23 10:51:10 | INFO |       83.048 ¦     3309           2              0.010 
2025-05-23 10:51:10 | INFO |       83.058 ¦     3310           2              0.010 
2025-05-23 10:51:10 | INFO |       83.068 ¦     3311           2              0.010 
2025-05-23 10:51:10 | INFO |       83.078 ¦     3312           2              0.010 
2025-05-23 10:51:10 | INFO |       83.088 ¦     3313           2              0.010 
2025-05-23 10:51:10 | INFO |       83.098 ¦     3314           2              0.010 
2025-05-23 10:51:10 | INFO |       83.108 ¦     3315           2              0.010 
2025-05-23 10:51:10 | INFO |       83.118 ¦     3316           2              0.010 
2025-05-23 10:51:10 | INFO |       83.128 ¦     3317           2              0.010 
2025-05-23 10:51:10 | INFO |       83.138 ¦     3318           2              0.010 
2025-05-23 10:51:10 | INFO |       83.148 ¦     3319           2              0.010 
2025-05-23 10:51:10 | INFO |       83.158 ¦     3320           2              0.010 
2025-05-23 10:51:10 | INFO |       83.168 ¦     3321           2              0.010 
2025-05-23 10:51:10 | INFO |       83.178 ¦     3322           2              0.010 
2025-05-23 10:51:10 | INFO |       83.188 ¦     3323           2              0.010 
2025-05-23 10:51:10 | INFO |       83.198 ¦     3324           2              0.010 
2025-05-23 10:51:10 | INFO |       83.208 ¦     3325           2              0.010 
2025-05-23 10:51:10 | INFO |       83.218 ¦     3326           2              0.010 
2025-05-23 10:51:10 | INFO |       83.228 ¦     3327           2              0.010 
2025-05-23 10:51:10 | INFO |       83.238 ¦     3328           2              0.010 
2025-05-23 10:51:10 | INFO |       83.248 ¦     3329           2              0.010 
2025-05-23 10:51:10 | INFO |       83.258 ¦     3330           2              0.010 
2025-05-23 10:51:10 | INFO |       83.268 ¦     3331           2              0.010 
2025-05-23 10:51:10 | INFO |       83.278 ¦     3332           2              0.010 
2025-05-23 10:51:10 | INFO |       83.288 ¦     3333           2              0.010 
2025-05-23 10:51:10 | INFO |       83.298 ¦     3334           2              0.010 
2025-05-23 10:51:10 | INFO |       83.308 ¦     3335           2              0.010 
2025-05-23 10:51:10 | INFO |       83.318 ¦     3336           2              0.010 
2025-05-23 10:51:10 | INFO |       83.328 ¦     3337           2              0.010 
2025-05-23 10:51:10 | INFO |       83.338 ¦     3338           2              0.010 
2025-05-23 10:51:10 | INFO |       83.348 ¦     3339           2              0.010 
2025-05-23 10:51:10 | INFO |       83.358 ¦     3340           2              0.010 
2025-05-23 10:51:10 | INFO |       83.368 ¦     3341           2              0.010 
2025-05-23 10:51:10 | INFO |       83.378 ¦     3342           2              0.010 
2025-05-23 10:51:10 | INFO |       83.388 ¦     3343           2              0.010 
2025-05-23 10:51:10 | INFO |       83.398 ¦     3344           2              0.010 
2025-05-23 10:51:10 | INFO |       83.408 ¦     3345           2              0.010 
2025-05-23 10:51:10 | INFO |       83.418 ¦     3346           2              0.010 
2025-05-23 10:51:10 | INFO |       83.428 ¦     3347           2              0.010 
2025-05-23 10:51:10 | INFO |       83.438 ¦     3348           2              0.010 
2025-05-23 10:51:10 | INFO |       83.448 ¦     3349           2              0.010 
2025-05-23 10:51:10 | INFO |       83.458 ¦     3350           2              0.010 
2025-05-23 10:51:10 | INFO |       83.468 ¦     3351           2              0.010 
2025-05-23 10:51:10 | INFO |       83.478 ¦     3352           2              0.010 
2025-05-23 10:51:10 | INFO |       83.488 ¦     3353           2              0.010 
2025-05-23 10:51:10 | INFO |       83.498 ¦     3354           2              0.010 
2025-05-23 10:51:10 | INFO |       83.508 ¦     3355           2              0.010 
2025-05-23 10:51:10 | INFO |       83.518 ¦     3356           2              0.010 
2025-05-23 10:51:10 | INFO |       83.528 ¦     3357           2              0.010 
2025-05-23 10:51:10 | INFO |       83.538 ¦     3358           2              0.010 
2025-05-23 10:51:10 | INFO |       83.548 ¦     3359           2              0.010 
2025-05-23 10:51:10 | INFO |       83.558 ¦     3360           2              0.010 
2025-05-23 10:51:10 | INFO |       83.568 ¦     3361           2              0.010 
2025-05-23 10:51:10 | INFO |       83.578 ¦     3362           2              0.010 
2025-05-23 10:51:10 | INFO |       83.588 ¦     3363           2              0.010 
2025-05-23 10:51:10 | INFO |       83.598 ¦     3364           2              0.010 
2025-05-23 10:51:10 | INFO |       83.608 ¦     3365           2              0.010 
2025-05-23 10:51:10 | INFO |       83.618 ¦     3366           2              0.010 
2025-05-23 10:51:10 | INFO |       83.628 ¦     3367           2              0.010 
2025-05-23 10:51:10 | INFO |       83.638 ¦     3368           2              0.010 
2025-05-23 10:51:10 | INFO |       83.648 ¦     3369           2              0.010 
2025-05-23 10:51:10 | INFO |       83.658 ¦     3370           2              0.010 
2025-05-23 10:51:10 | INFO |       83.668 ¦     3371           2              0.010 
2025-05-23 10:51:10 | INFO |       83.678 ¦     3372           2              0.010 
2025-05-23 10:51:10 | INFO |       83.688 ¦     3373           2              0.010 
2025-05-23 10:51:10 | INFO |       83.698 ¦     3374           2              0.010 
2025-05-23 10:51:10 | INFO |       83.708 ¦     3375           2              0.010 
2025-05-23 10:51:10 | INFO |       83.718 ¦     3376           2              0.010 
2025-05-23 10:51:10 | INFO |       83.728 ¦     3377           2              0.010 
2025-05-23 10:51:10 | INFO |       83.738 ¦     3378           2              0.010 
2025-05-23 10:51:10 | INFO |       83.748 ¦     3379           2              0.010 
2025-05-23 10:51:10 | INFO |       83.758 ¦     3380           2              0.010 
2025-05-23 10:51:10 | INFO |       83.768 ¦     3381           2              0.010 
2025-05-23 10:51:10 | INFO |       83.778 ¦     3382           2              0.010 
2025-05-23 10:51:10 | INFO |       83.788 ¦     3383           2              0.010 
2025-05-23 10:51:10 | INFO |       83.798 ¦     3384           2              0.010 
2025-05-23 10:51:10 | INFO |       83.808 ¦     3385           2              0.010 
2025-05-23 10:51:10 | INFO |       83.818 ¦     3386           2              0.010 
2025-05-23 10:51:10 | INFO |       83.828 ¦     3387           2              0.010 
2025-05-23 10:51:10 | INFO |       83.838 ¦     3388           2              0.010 
2025-05-23 10:51:10 | INFO |       83.848 ¦     3389           2              0.010 
2025-05-23 10:51:10 | INFO |       83.858 ¦     3390           2              0.010 
2025-05-23 10:51:10 | INFO |       83.868 ¦     3391           2              0.010 
2025-05-23 10:51:10 | INFO |       83.878 ¦     3392           2              0.010 
2025-05-23 10:51:10 | INFO |       83.888 ¦     3393           2              0.010 
2025-05-23 10:51:10 | INFO |       83.898 ¦     3394           2              0.010 
2025-05-23 10:51:10 | INFO |       83.908 ¦     3395           2              0.010 
2025-05-23 10:51:10 | INFO |       83.918 ¦     3396           2              0.010 
2025-05-23 10:51:10 | INFO |       83.928 ¦     3397           2              0.010 
2025-05-23 10:51:10 | INFO |       83.938 ¦     3398           2              0.010 
2025-05-23 10:51:10 | INFO |       83.948 ¦     3399           2              0.010 
2025-05-23 10:51:10 | INFO |       83.958 ¦     3400           2              0.010 
2025-05-23 10:51:10 | INFO |       83.968 ¦     3401           2              0.010 
2025-05-23 10:51:10 | INFO |       83.978 ¦     3402           2              0.010 
2025-05-23 10:51:10 | INFO |       83.988 ¦     3403           2              0.010 
2025-05-23 10:51:10 | INFO |       83.998 ¦     3404           2              0.010 
2025-05-23 10:51:10 | INFO |       84.008 ¦     3405           2              0.010 
2025-05-23 10:51:10 | INFO |       84.018 ¦     3406           2              0.010 
2025-05-23 10:51:10 | INFO |       84.028 ¦     3407           2              0.010 
2025-05-23 10:51:10 | INFO |       84.038 ¦     3408           2              0.010 
2025-05-23 10:51:10 | INFO |       84.048 ¦     3409           2              0.010 
2025-05-23 10:51:10 | INFO |       84.058 ¦     3410           2              0.010 
2025-05-23 10:51:10 | INFO |       84.068 ¦     3411           2              0.010 
2025-05-23 10:51:10 | INFO |       84.078 ¦     3412           2              0.010 
2025-05-23 10:51:10 | INFO |       84.088 ¦     3413           2              0.010 
2025-05-23 10:51:10 | INFO |       84.098 ¦     3414           2              0.010 
2025-05-23 10:51:10 | INFO |       84.108 ¦     3415           2              0.010 
2025-05-23 10:51:10 | INFO |       84.118 ¦     3416           2              0.010 
2025-05-23 10:51:10 | INFO |       84.128 ¦     3417           2              0.010 
2025-05-23 10:51:10 | INFO |       84.138 ¦     3418           2              0.010 
2025-05-23 10:51:10 | INFO |       84.148 ¦     3419           2              0.010 
2025-05-23 10:51:10 | INFO |       84.158 ¦     3420           2              0.010 
2025-05-23 10:51:10 | INFO |       84.168 ¦     3421           2              0.010 
2025-05-23 10:51:10 | INFO |       84.178 ¦     3422           2              0.010 
2025-05-23 10:51:10 | INFO |       84.188 ¦     3423           2              0.010 
2025-05-23 10:51:10 | INFO |       84.198 ¦     3424           2              0.010 
2025-05-23 10:51:10 | INFO |       84.208 ¦     3425           2              0.010 
2025-05-23 10:51:10 | INFO |       84.218 ¦     3426           2              0.010 
2025-05-23 10:51:10 | INFO |       84.228 ¦     3427           2              0.010 
2025-05-23 10:51:10 | INFO |       84.238 ¦     3428           2              0.010 
2025-05-23 10:51:10 | INFO |       84.248 ¦     3429           2              0.010 
2025-05-23 10:51:10 | INFO |       84.258 ¦     3430           2              0.010 
2025-05-23 10:51:10 | INFO |       84.268 ¦     3431           2              0.010 
2025-05-23 10:51:10 | INFO |       84.278 ¦     3432           2              0.010 
2025-05-23 10:51:10 | INFO |       84.288 ¦     3433           2              0.010 
2025-05-23 10:51:10 | INFO |       84.298 ¦     3434           2              0.010 
2025-05-23 10:51:10 | INFO |       84.308 ¦     3435           2              0.010 
2025-05-23 10:51:10 | INFO |       84.318 ¦     3436           2              0.010 
2025-05-23 10:51:10 | INFO |       84.328 ¦     3437           2              0.010 
2025-05-23 10:51:10 | INFO |       84.338 ¦     3438           2              0.010 
2025-05-23 10:51:10 | INFO |       84.348 ¦     3439           2              0.010 
2025-05-23 10:51:10 | INFO |       84.358 ¦     3440           2              0.010 
2025-05-23 10:51:10 | INFO |       84.368 ¦     3441           2              0.010 
2025-05-23 10:51:10 | INFO |       84.378 ¦     3442           2              0.010 
2025-05-23 10:51:10 | INFO |       84.388 ¦     3443           2              0.010 
2025-05-23 10:51:10 | INFO |       84.398 ¦     3444           2              0.010 
2025-05-23 10:51:10 | INFO |       84.408 ¦     3445           2              0.010 
2025-05-23 10:51:10 | INFO |       84.418 ¦     3446           2              0.010 
2025-05-23 10:51:10 | INFO |       84.428 ¦     3447           2              0.010 
2025-05-23 10:51:10 | INFO |       84.438 ¦     3448           2              0.010 
2025-05-23 10:51:10 | INFO |       84.448 ¦     3449           2              0.010 
2025-05-23 10:51:10 | INFO |       84.458 ¦     3450           2              0.010 
2025-05-23 10:51:10 | INFO |       84.468 ¦     3451           2              0.010 
2025-05-23 10:51:10 | INFO |       84.478 ¦     3452           2              0.010 
2025-05-23 10:51:10 | INFO |       84.488 ¦     3453           2              0.010 
2025-05-23 10:51:10 | INFO |       84.498 ¦     3454           2              0.010 
2025-05-23 10:51:10 | INFO |       84.508 ¦     3455           2              0.010 
2025-05-23 10:51:10 | INFO |       84.518 ¦     3456           2              0.010 
2025-05-23 10:51:10 | INFO |       84.528 ¦     3457           2              0.010 
2025-05-23 10:51:10 | INFO |       84.538 ¦     3458           2              0.010 
2025-05-23 10:51:10 | INFO |       84.548 ¦     3459           2              0.010 
2025-05-23 10:51:10 | INFO |       84.558 ¦     3460           2              0.010 
2025-05-23 10:51:10 | INFO |       84.568 ¦     3461           2              0.010 
2025-05-23 10:51:10 | INFO |       84.578 ¦     3462           2              0.010 
2025-05-23 10:51:10 | INFO |       84.588 ¦     3463           2              0.010 
2025-05-23 10:51:10 | INFO |       84.598 ¦     3464           2              0.010 
2025-05-23 10:51:10 | INFO |       84.608 ¦     3465           2              0.010 
2025-05-23 10:51:10 | INFO |       84.618 ¦     3466           2              0.010 
2025-05-23 10:51:10 | INFO |       84.628 ¦     3467           2              0.010 
2025-05-23 10:51:10 | INFO |       84.638 ¦     3468           2              0.010 
2025-05-23 10:51:10 | INFO |       84.648 ¦     3469           2              0.010 
2025-05-23 10:51:10 | INFO |       84.658 ¦     3470           2              0.010 
2025-05-23 10:51:10 | INFO |       84.668 ¦     3471           2              0.010 
2025-05-23 10:51:10 | INFO |       84.678 ¦     3472           2              0.010 
2025-05-23 10:51:10 | INFO |       84.688 ¦     3473           2              0.010 
2025-05-23 10:51:10 | INFO |       84.698 ¦     3474           2              0.010 
2025-05-23 10:51:10 | INFO |       84.708 ¦     3475           2              0.010 
2025-05-23 10:51:10 | INFO |       84.718 ¦     3476           2              0.010 
2025-05-23 10:51:10 | INFO |       84.728 ¦     3477           2              0.010 
2025-05-23 10:51:10 | INFO |       84.738 ¦     3478           2              0.010 
2025-05-23 10:51:10 | INFO |       84.748 ¦     3479           2              0.010 
2025-05-23 10:51:10 | INFO |       84.758 ¦     3480           2              0.010 
2025-05-23 10:51:10 | INFO |       84.768 ¦     3481           2              0.010 
2025-05-23 10:51:10 | INFO |       84.778 ¦     3482           2              0.010 
2025-05-23 10:51:10 | INFO |       84.788 ¦     3483           2              0.010 
2025-05-23 10:51:10 | INFO |       84.798 ¦     3484           2              0.010 
2025-05-23 10:51:10 | INFO |       84.808 ¦     3485           2              0.010 
2025-05-23 10:51:10 | INFO |       84.818 ¦     3486           2              0.010 
2025-05-23 10:51:10 | INFO |       84.828 ¦     3487           2              0.010 
2025-05-23 10:51:10 | INFO |       84.838 ¦     3488           2              0.010 
2025-05-23 10:51:10 | INFO |       84.848 ¦     3489           2              0.010 
2025-05-23 10:51:10 | INFO |       84.858 ¦     3490           2              0.010 
2025-05-23 10:51:10 | INFO |       84.868 ¦     3491           2              0.010 
2025-05-23 10:51:10 | INFO |       84.878 ¦     3492           2              0.010 
2025-05-23 10:51:10 | INFO |       84.888 ¦     3493           2              0.010 
2025-05-23 10:51:10 | INFO |       84.898 ¦     3494           2              0.010 
2025-05-23 10:51:10 | INFO |       84.908 ¦     3495           2              0.010 
2025-05-23 10:51:10 | INFO |       84.918 ¦     3496           2              0.010 
2025-05-23 10:51:10 | INFO |       84.928 ¦     3497           2              0.010 
2025-05-23 10:51:10 | INFO |       84.938 ¦     3498           2              0.010 
2025-05-23 10:51:10 | INFO |       84.948 ¦     3499           2              0.010 
2025-05-23 10:51:10 | INFO |       84.958 ¦     3500           2              0.010 
2025-05-23 10:51:10 | INFO |       84.968 ¦     3501           2              0.010 
2025-05-23 10:51:10 | INFO |       84.978 ¦     3502           2              0.010 
2025-05-23 10:51:10 | INFO |       84.988 ¦     3503           2              0.010 
2025-05-23 10:51:10 | INFO |       84.998 ¦     3504           2              0.010 
2025-05-23 10:51:10 | INFO |       85.008 ¦     3505           2              0.010 
2025-05-23 10:51:10 | INFO |       85.018 ¦     3506           2              0.010 
2025-05-23 10:51:10 | INFO |       85.028 ¦     3507           2              0.010 
2025-05-23 10:51:10 | INFO |       85.038 ¦     3508           2              0.010 
2025-05-23 10:51:10 | INFO |       85.048 ¦     3509           2              0.010 
2025-05-23 10:51:10 | INFO |       85.058 ¦     3510           2              0.010 
2025-05-23 10:51:10 | INFO |       85.068 ¦     3511           2              0.010 
2025-05-23 10:51:10 | INFO |       85.078 ¦     3512           2              0.010 
2025-05-23 10:51:10 | INFO |       85.088 ¦     3513           2              0.010 
2025-05-23 10:51:10 | INFO |       85.098 ¦     3514           2              0.010 
2025-05-23 10:51:10 | INFO |       85.108 ¦     3515           2              0.010 
2025-05-23 10:51:10 | INFO |       85.118 ¦     3516           2              0.010 
2025-05-23 10:51:10 | INFO |       85.128 ¦     3517           2              0.010 
2025-05-23 10:51:10 | INFO |       85.138 ¦     3518           2              0.010 
2025-05-23 10:51:10 | INFO |       85.148 ¦     3519           2              0.010 
2025-05-23 10:51:10 | INFO |       85.158 ¦     3520           2              0.010 
2025-05-23 10:51:10 | INFO |       85.168 ¦     3521           2              0.010 
2025-05-23 10:51:10 | INFO |       85.178 ¦     3522           2              0.010 
2025-05-23 10:51:10 | INFO |       85.188 ¦     3523           2              0.010 
2025-05-23 10:51:10 | INFO |       85.198 ¦     3524           2              0.010 
2025-05-23 10:51:10 | INFO |       85.208 ¦     3525           2              0.010 
2025-05-23 10:51:10 | INFO |       85.218 ¦     3526           2              0.010 
2025-05-23 10:51:10 | INFO |       85.228 ¦     3527           2              0.010 
2025-05-23 10:51:10 | INFO |       85.238 ¦     3528           2              0.010 
2025-05-23 10:51:10 | INFO |       85.248 ¦     3529           2              0.010 
2025-05-23 10:51:10 | INFO |       85.258 ¦     3530           2              0.010 
2025-05-23 10:51:10 | INFO |       85.268 ¦     3531           2              0.010 
2025-05-23 10:51:10 | INFO |       85.278 ¦     3532           2              0.010 
2025-05-23 10:51:10 | INFO |       85.288 ¦     3533           2              0.010 
2025-05-23 10:51:10 | INFO |       85.298 ¦     3534           2              0.010 
2025-05-23 10:51:10 | INFO |       85.308 ¦     3535           2              0.010 
2025-05-23 10:51:10 | INFO |       85.318 ¦     3536           2              0.010 
2025-05-23 10:51:10 | INFO |       85.328 ¦     3537           2              0.010 
2025-05-23 10:51:10 | INFO |       85.338 ¦     3538           2              0.010 
2025-05-23 10:51:10 | INFO |       85.348 ¦     3539           2              0.010 
2025-05-23 10:51:10 | INFO |       85.358 ¦     3540           2              0.010 
2025-05-23 10:51:10 | INFO |       85.368 ¦     3541           2              0.010 
2025-05-23 10:51:10 | INFO |       85.378 ¦     3542           2              0.010 
2025-05-23 10:51:10 | INFO |       85.388 ¦     3543           2              0.010 
2025-05-23 10:51:10 | INFO |       85.398 ¦     3544           2              0.010 
2025-05-23 10:51:10 | INFO |       85.408 ¦     3545           2              0.010 
2025-05-23 10:51:10 | INFO |       85.418 ¦     3546           2              0.010 
2025-05-23 10:51:10 | INFO |       85.428 ¦     3547           2              0.010 
2025-05-23 10:51:10 | INFO |       85.438 ¦     3548           2              0.010 
2025-05-23 10:51:10 | INFO |       85.448 ¦     3549           2              0.010 
2025-05-23 10:51:10 | INFO |       85.458 ¦     3550           2              0.010 
2025-05-23 10:51:10 | INFO |       85.468 ¦     3551           2              0.010 
2025-05-23 10:51:10 | INFO |       85.478 ¦     3552           2              0.010 
2025-05-23 10:51:10 | INFO |       85.488 ¦     3553           2              0.010 
2025-05-23 10:51:10 | INFO |       85.498 ¦     3554           2              0.010 
2025-05-23 10:51:10 | INFO |       85.508 ¦     3555           2              0.010 
2025-05-23 10:51:10 | INFO |       85.518 ¦     3556           2              0.010 
2025-05-23 10:51:10 | INFO |       85.528 ¦     3557           2              0.010 
2025-05-23 10:51:10 | INFO |       85.538 ¦     3558           2              0.010 
2025-05-23 10:51:10 | INFO |       85.548 ¦     3559           2              0.010 
2025-05-23 10:51:10 | INFO |       85.558 ¦     3560           2              0.010 
2025-05-23 10:51:10 | INFO |       85.568 ¦     3561           2              0.010 
2025-05-23 10:51:10 | INFO |       85.578 ¦     3562           2              0.010 
2025-05-23 10:51:10 | INFO |       85.588 ¦     3563           2              0.010 
2025-05-23 10:51:10 | INFO |       85.598 ¦     3564           2              0.010 
2025-05-23 10:51:10 | INFO |       85.608 ¦     3565           2              0.010 
2025-05-23 10:51:10 | INFO |       85.618 ¦     3566           2              0.010 
2025-05-23 10:51:10 | INFO |       85.628 ¦     3567           2              0.010 
2025-05-23 10:51:10 | INFO |       85.638 ¦     3568           2              0.010 
2025-05-23 10:51:10 | INFO |       85.648 ¦     3569           2              0.010 
2025-05-23 10:51:10 | INFO |       85.658 ¦     3570           2              0.010 
2025-05-23 10:51:10 | INFO |       85.668 ¦     3571           2              0.010 
2025-05-23 10:51:10 | INFO |       85.678 ¦     3572           2              0.010 
2025-05-23 10:51:10 | INFO |       85.688 ¦     3573           2              0.010 
2025-05-23 10:51:10 | INFO |       85.698 ¦     3574           2              0.010 
2025-05-23 10:51:10 | INFO |       85.708 ¦     3575           2              0.010 
2025-05-23 10:51:10 | INFO |       85.718 ¦     3576           2              0.010 
2025-05-23 10:51:10 | INFO |       85.728 ¦     3577           2              0.010 
2025-05-23 10:51:10 | INFO |       85.738 ¦     3578           2              0.010 
2025-05-23 10:51:10 | INFO |       85.748 ¦     3579           2              0.010 
2025-05-23 10:51:10 | INFO |       85.758 ¦     3580           2              0.010 
2025-05-23 10:51:10 | INFO |       85.768 ¦     3581           2              0.010 
2025-05-23 10:51:10 | INFO |       85.778 ¦     3582           2              0.010 
2025-05-23 10:51:10 | INFO |       85.788 ¦     3583           2              0.010 
2025-05-23 10:51:10 | INFO |       85.798 ¦     3584           2              0.010 
2025-05-23 10:51:10 | INFO |       85.808 ¦     3585           2              0.010 
2025-05-23 10:51:10 | INFO |       85.818 ¦     3586           2              0.010 
2025-05-23 10:51:10 | INFO |       85.828 ¦     3587           2              0.010 
2025-05-23 10:51:10 | INFO |       85.838 ¦     3588           2              0.010 
2025-05-23 10:51:10 | INFO |       85.848 ¦     3589           2              0.010 
2025-05-23 10:51:10 | INFO |       85.858 ¦     3590           2              0.010 
2025-05-23 10:51:10 | INFO |       85.868 ¦     3591           2              0.010 
2025-05-23 10:51:10 | INFO |       85.878 ¦     3592           2              0.010 
2025-05-23 10:51:10 | INFO |       85.888 ¦     3593           2              0.010 
2025-05-23 10:51:10 | INFO |       85.898 ¦     3594           2              0.010 
2025-05-23 10:51:10 | INFO |       85.908 ¦     3595           2              0.010 
2025-05-23 10:51:10 | INFO |       85.918 ¦     3596           2              0.010 
2025-05-23 10:51:10 | INFO |       85.928 ¦     3597           2              0.010 
2025-05-23 10:51:10 | INFO |       85.938 ¦     3598           2              0.010 
2025-05-23 10:51:10 | INFO |       85.948 ¦     3599           2              0.010 
2025-05-23 10:51:10 | INFO |       85.958 ¦     3600           2              0.010 
2025-05-23 10:51:10 | INFO |       85.968 ¦     3601           2              0.010 
2025-05-23 10:51:10 | INFO |       85.978 ¦     3602           2              0.010 
2025-05-23 10:51:10 | INFO |       85.988 ¦     3603           2              0.010 
2025-05-23 10:51:10 | INFO |       85.998 ¦     3604           2              0.010 
2025-05-23 10:51:10 | INFO |       86.008 ¦     3605           2              0.010 
2025-05-23 10:51:10 | INFO |       86.018 ¦     3606           2              0.010 
2025-05-23 10:51:10 | INFO |       86.028 ¦     3607           2              0.010 
2025-05-23 10:51:10 | INFO |       86.038 ¦     3608           2              0.010 
2025-05-23 10:51:10 | INFO |       86.048 ¦     3609           2              0.010 
2025-05-23 10:51:10 | INFO |       86.058 ¦     3610           2              0.010 
2025-05-23 10:51:10 | INFO |       86.068 ¦     3611           2              0.010 
2025-05-23 10:51:10 | INFO |       86.078 ¦     3612           2              0.010 
2025-05-23 10:51:10 | INFO |       86.088 ¦     3613           2              0.010 
2025-05-23 10:51:10 | INFO |       86.098 ¦     3614           2              0.010 
2025-05-23 10:51:10 | INFO |       86.108 ¦     3615           2              0.010 
2025-05-23 10:51:10 | INFO |       86.118 ¦     3616           2              0.010 
2025-05-23 10:51:10 | INFO |       86.128 ¦     3617           2              0.010 
2025-05-23 10:51:10 | INFO |       86.138 ¦     3618           2              0.010 
2025-05-23 10:51:10 | INFO |       86.148 ¦     3619           2              0.010 
2025-05-23 10:51:10 | INFO |       86.158 ¦     3620           2              0.010 
2025-05-23 10:51:10 | INFO |       86.168 ¦     3621           2              0.010 
2025-05-23 10:51:10 | INFO |       86.178 ¦     3622           2              0.010 
2025-05-23 10:51:10 | INFO |       86.188 ¦     3623           2              0.010 
2025-05-23 10:51:10 | INFO |       86.198 ¦     3624           2              0.010 
2025-05-23 10:51:10 | INFO |       86.208 ¦     3625           2              0.010 
2025-05-23 10:51:10 | INFO |       86.218 ¦     3626           2              0.010 
2025-05-23 10:51:10 | INFO |       86.228 ¦     3627           2              0.010 
2025-05-23 10:51:10 | INFO |       86.238 ¦     3628           2              0.010 
2025-05-23 10:51:10 | INFO |       86.248 ¦     3629           2              0.010 
2025-05-23 10:51:10 | INFO |       86.258 ¦     3630           2              0.010 
2025-05-23 10:51:10 | INFO |       86.268 ¦     3631           2              0.010 
2025-05-23 10:51:10 | INFO |       86.278 ¦     3632           2              0.010 
2025-05-23 10:51:10 | INFO |       86.288 ¦     3633           2              0.010 
2025-05-23 10:51:10 | INFO |       86.298 ¦     3634           2              0.010 
2025-05-23 10:51:10 | INFO |       86.308 ¦     3635           2              0.010 
2025-05-23 10:51:10 | INFO |       86.318 ¦     3636           2              0.010 
2025-05-23 10:51:10 | INFO |       86.328 ¦     3637           2              0.010 
2025-05-23 10:51:10 | INFO |       86.338 ¦     3638           2              0.010 
2025-05-23 10:51:10 | INFO |       86.348 ¦     3639           2              0.010 
2025-05-23 10:51:10 | INFO |       86.358 ¦     3640           2              0.010 
2025-05-23 10:51:10 | INFO |       86.368 ¦     3641           2              0.010 
2025-05-23 10:51:10 | INFO |       86.378 ¦     3642           2              0.010 
2025-05-23 10:51:10 | INFO |       86.388 ¦     3643           2              0.010 
2025-05-23 10:51:10 | INFO |       86.398 ¦     3644           2              0.010 
2025-05-23 10:51:10 | INFO |       86.408 ¦     3645           2              0.010 
2025-05-23 10:51:10 | INFO |       86.418 ¦     3646           2              0.010 
2025-05-23 10:51:10 | INFO |       86.428 ¦     3647           2              0.010 
2025-05-23 10:51:10 | INFO |       86.438 ¦     3648           2              0.010 
2025-05-23 10:51:10 | INFO |       86.448 ¦     3649           2              0.010 
2025-05-23 10:51:10 | INFO |       86.458 ¦     3650           2              0.010 
2025-05-23 10:51:10 | INFO |       86.468 ¦     3651           2              0.010 
2025-05-23 10:51:10 | INFO |       86.478 ¦     3652           2              0.010 
2025-05-23 10:51:10 | INFO |       86.488 ¦     3653           2              0.010 
2025-05-23 10:51:10 | INFO |       86.498 ¦     3654           2              0.010 
2025-05-23 10:51:10 | INFO |       86.508 ¦     3655           2              0.010 
2025-05-23 10:51:10 | INFO |       86.518 ¦     3656           2              0.010 
2025-05-23 10:51:10 | INFO |       86.528 ¦     3657           2              0.010 
2025-05-23 10:51:10 | INFO |       86.538 ¦     3658           2              0.010 
2025-05-23 10:51:10 | INFO |       86.548 ¦     3659           2              0.010 
2025-05-23 10:51:10 | INFO |       86.558 ¦     3660           2              0.010 
2025-05-23 10:51:10 | INFO |       86.568 ¦     3661           2              0.010 
2025-05-23 10:51:10 | INFO |       86.578 ¦     3662           2              0.010 
2025-05-23 10:51:10 | INFO |       86.588 ¦     3663           2              0.010 
2025-05-23 10:51:10 | INFO |       86.598 ¦     3664           2              0.010 
2025-05-23 10:51:10 | INFO |       86.608 ¦     3665           2              0.010 
2025-05-23 10:51:10 | INFO |       86.618 ¦     3666           2              0.010 
2025-05-23 10:51:10 | INFO |       86.628 ¦     3667           2              0.010 
2025-05-23 10:51:10 | INFO |       86.638 ¦     3668           2              0.010 
2025-05-23 10:51:10 | INFO |       86.648 ¦     3669           2              0.010 
2025-05-23 10:51:10 | INFO |       86.658 ¦     3670           2              0.010 
2025-05-23 10:51:10 | INFO |       86.668 ¦     3671           2              0.010 
2025-05-23 10:51:10 | INFO |       86.678 ¦     3672           2              0.010 
2025-05-23 10:51:10 | INFO |       86.688 ¦     3673           2              0.010 
2025-05-23 10:51:10 | INFO |       86.698 ¦     3674           2              0.010 
2025-05-23 10:51:10 | INFO |       86.708 ¦     3675           2              0.010 
2025-05-23 10:51:10 | INFO |       86.718 ¦     3676           2              0.010 
2025-05-23 10:51:10 | INFO |       86.728 ¦     3677           2              0.010 
2025-05-23 10:51:10 | INFO |       86.738 ¦     3678           2              0.010 
2025-05-23 10:51:10 | INFO |       86.748 ¦     3679           2              0.010 
2025-05-23 10:51:10 | INFO |       86.758 ¦     3680           2              0.010 
2025-05-23 10:51:10 | INFO |       86.768 ¦     3681           2              0.010 
2025-05-23 10:51:10 | INFO |       86.778 ¦     3682           2              0.010 
2025-05-23 10:51:10 | INFO |       86.788 ¦     3683           2              0.010 
2025-05-23 10:51:10 | INFO |       86.798 ¦     3684           2              0.010 
2025-05-23 10:51:10 | INFO |       86.808 ¦     3685           2              0.010 
2025-05-23 10:51:10 | INFO |       86.818 ¦     3686           2              0.010 
2025-05-23 10:51:10 | INFO |       86.828 ¦     3687           2              0.010 
2025-05-23 10:51:10 | INFO |       86.838 ¦     3688           2              0.010 
2025-05-23 10:51:10 | INFO |       86.848 ¦     3689           2              0.010 
2025-05-23 10:51:10 | INFO |       86.858 ¦     3690           2              0.010 
2025-05-23 10:51:10 | INFO |       86.868 ¦     3691           2              0.010 
2025-05-23 10:51:10 | INFO |       86.878 ¦     3692           2              0.010 
2025-05-23 10:51:10 | INFO |       86.888 ¦     3693           2              0.010 
2025-05-23 10:51:10 | INFO |       86.898 ¦     3694           2              0.010 
2025-05-23 10:51:10 | INFO |       86.908 ¦     3695           2              0.010 
2025-05-23 10:51:10 | INFO |       86.918 ¦     3696           2              0.010 
2025-05-23 10:51:10 | INFO |       86.928 ¦     3697           2              0.010 
2025-05-23 10:51:10 | INFO |       86.938 ¦     3698           2              0.010 
2025-05-23 10:51:10 | INFO |       86.948 ¦     3699           2              0.010 
2025-05-23 10:51:10 | INFO |       86.958 ¦     3700           2              0.010 
2025-05-23 10:51:10 | INFO |       86.968 ¦     3701           2              0.010 
2025-05-23 10:51:10 | INFO |       86.978 ¦     3702           2              0.010 
2025-05-23 10:51:10 | INFO |       86.988 ¦     3703           2              0.010 
2025-05-23 10:51:10 | INFO |       86.998 ¦     3704           2              0.010 
2025-05-23 10:51:10 | INFO |       87.008 ¦     3705           2              0.010 
2025-05-23 10:51:10 | INFO |       87.018 ¦     3706           2              0.010 
2025-05-23 10:51:10 | INFO |       87.028 ¦     3707           2              0.010 
2025-05-23 10:51:10 | INFO |       87.038 ¦     3708           2              0.010 
2025-05-23 10:51:10 | INFO |       87.048 ¦     3709           2              0.010 
2025-05-23 10:51:10 | INFO |       87.058 ¦     3710           2              0.010 
2025-05-23 10:51:10 | INFO |       87.068 ¦     3711           2              0.010 
2025-05-23 10:51:10 | INFO |       87.078 ¦     3712           2              0.010 
2025-05-23 10:51:10 | INFO |       87.088 ¦     3713           2              0.010 
2025-05-23 10:51:10 | INFO |       87.098 ¦     3714           2              0.010 
2025-05-23 10:51:10 | INFO |       87.108 ¦     3715           2              0.010 
2025-05-23 10:51:10 | INFO |       87.118 ¦     3716           2              0.010 
2025-05-23 10:51:10 | INFO |       87.128 ¦     3717           2              0.010 
2025-05-23 10:51:10 | INFO |       87.138 ¦     3718           2              0.010 
2025-05-23 10:51:10 | INFO |       87.148 ¦     3719           2              0.010 
2025-05-23 10:51:10 | INFO |       87.158 ¦     3720           2              0.010 
2025-05-23 10:51:10 | INFO |       87.168 ¦     3721           2              0.010 
2025-05-23 10:51:10 | INFO |       87.178 ¦     3722           2              0.010 
2025-05-23 10:51:10 | INFO |       87.188 ¦     3723           2              0.010 
2025-05-23 10:51:10 | INFO |       87.198 ¦     3724           2              0.010 
2025-05-23 10:51:10 | INFO |       87.208 ¦     3725           2              0.010 
2025-05-23 10:51:10 | INFO |       87.218 ¦     3726           2              0.010 
2025-05-23 10:51:10 | INFO |       87.228 ¦     3727           2              0.010 
2025-05-23 10:51:10 | INFO |       87.238 ¦     3728           2              0.010 
2025-05-23 10:51:10 | INFO |       87.248 ¦     3729           2              0.010 
2025-05-23 10:51:10 | INFO |       87.258 ¦     3730           2              0.010 
2025-05-23 10:51:10 | INFO |       87.268 ¦     3731           2              0.010 
2025-05-23 10:51:10 | INFO |       87.278 ¦     3732           2              0.010 
2025-05-23 10:51:10 | INFO |       87.288 ¦     3733           2              0.010 
2025-05-23 10:51:10 | INFO |       87.298 ¦     3734           2              0.010 
2025-05-23 10:51:10 | INFO |       87.308 ¦     3735           2              0.010 
2025-05-23 10:51:10 | INFO |       87.318 ¦     3736           2              0.010 
2025-05-23 10:51:10 | INFO |       87.328 ¦     3737           2              0.010 
2025-05-23 10:51:10 | INFO |       87.338 ¦     3738           2              0.010 
2025-05-23 10:51:10 | INFO |       87.348 ¦     3739           2              0.010 
2025-05-23 10:51:10 | INFO |       87.358 ¦     3740           2              0.010 
2025-05-23 10:51:10 | INFO |       87.368 ¦     3741           2              0.010 
2025-05-23 10:51:10 | INFO |       87.378 ¦     3742           2              0.010 
2025-05-23 10:51:10 | INFO |       87.388 ¦     3743           2              0.010 
2025-05-23 10:51:10 | INFO |       87.398 ¦     3744           2              0.010 
2025-05-23 10:51:10 | INFO |       87.408 ¦     3745           2              0.010 
2025-05-23 10:51:10 | INFO |       87.418 ¦     3746           2              0.010 
2025-05-23 10:51:10 | INFO |       87.428 ¦     3747           2              0.010 
2025-05-23 10:51:10 | INFO |       87.438 ¦     3748           2              0.010 
2025-05-23 10:51:10 | INFO |       87.448 ¦     3749           2              0.010 
2025-05-23 10:51:10 | INFO |       87.458 ¦     3750           2              0.010 
2025-05-23 10:51:10 | INFO |       87.468 ¦     3751           2              0.010 
2025-05-23 10:51:10 | INFO |       87.478 ¦     3752           2              0.010 
2025-05-23 10:51:10 | INFO |       87.488 ¦     3753           2              0.010 
2025-05-23 10:51:10 | INFO |       87.498 ¦     3754           2              0.010 
2025-05-23 10:51:10 | INFO |       87.508 ¦     3755           2              0.010 
2025-05-23 10:51:10 | INFO |       87.518 ¦     3756           2              0.010 
2025-05-23 10:51:10 | INFO |       87.528 ¦     3757           2              0.010 
2025-05-23 10:51:10 | INFO |       87.538 ¦     3758           2              0.010 
2025-05-23 10:51:10 | INFO |       87.548 ¦     3759           2              0.010 
2025-05-23 10:51:10 | INFO |       87.558 ¦     3760           2              0.010 
2025-05-23 10:51:10 | INFO |       87.568 ¦     3761           2              0.010 
2025-05-23 10:51:10 | INFO |       87.578 ¦     3762           2              0.010 
2025-05-23 10:51:10 | INFO |       87.588 ¦     3763           2              0.010 
2025-05-23 10:51:10 | INFO |       87.598 ¦     3764           2              0.010 
2025-05-23 10:51:10 | INFO |       87.608 ¦     3765           2              0.010 
2025-05-23 10:51:10 | INFO |       87.618 ¦     3766           2              0.010 
2025-05-23 10:51:10 | INFO |       87.628 ¦     3767           2              0.010 
2025-05-23 10:51:10 | INFO |       87.638 ¦     3768           2              0.010 
2025-05-23 10:51:10 | INFO |       87.648 ¦     3769           2              0.010 
2025-05-23 10:51:10 | INFO |       87.658 ¦     3770           2              0.010 
2025-05-23 10:51:10 | INFO |       87.668 ¦     3771           2              0.010 
2025-05-23 10:51:10 | INFO |       87.678 ¦     3772           2              0.010 
2025-05-23 10:51:10 | INFO |       87.688 ¦     3773           2              0.010 
2025-05-23 10:51:10 | INFO |       87.698 ¦     3774           2              0.010 
2025-05-23 10:51:10 | INFO |       87.708 ¦     3775           2              0.010 
2025-05-23 10:51:10 | INFO |       87.718 ¦     3776           2              0.010 
2025-05-23 10:51:10 | INFO |       87.728 ¦     3777           2              0.010 
2025-05-23 10:51:10 | INFO |       87.738 ¦     3778           2              0.010 
2025-05-23 10:51:10 | INFO |       87.748 ¦     3779           2              0.010 
2025-05-23 10:51:10 | INFO |       87.758 ¦     3780           2              0.010 
2025-05-23 10:51:10 | INFO |       87.768 ¦     3781           2              0.010 
2025-05-23 10:51:10 | INFO |       87.778 ¦     3782           2              0.010 
2025-05-23 10:51:10 | INFO |       87.788 ¦     3783           2              0.010 
2025-05-23 10:51:10 | INFO |       87.798 ¦     3784           2              0.010 
2025-05-23 10:51:10 | INFO |       87.808 ¦     3785           2              0.010 
2025-05-23 10:51:10 | INFO |       87.818 ¦     3786           2              0.010 
2025-05-23 10:51:10 | INFO |       87.828 ¦     3787           2              0.010 
2025-05-23 10:51:10 | INFO |       87.838 ¦     3788           2              0.010 
2025-05-23 10:51:10 | INFO |       87.848 ¦     3789           2              0.010 
2025-05-23 10:51:10 | INFO |       87.858 ¦     3790           2              0.010 
2025-05-23 10:51:10 | INFO |       87.868 ¦     3791           2              0.010 
2025-05-23 10:51:10 | INFO |       87.878 ¦     3792           2              0.010 
2025-05-23 10:51:10 | INFO |       87.888 ¦     3793           2              0.010 
2025-05-23 10:51:10 | INFO |       87.898 ¦     3794           2              0.010 
2025-05-23 10:51:10 | INFO |       87.908 ¦     3795           2              0.010 
2025-05-23 10:51:10 | INFO |       87.918 ¦     3796           2              0.010 
2025-05-23 10:51:10 | INFO |       87.928 ¦     3797           2              0.010 
2025-05-23 10:51:10 | INFO |       87.938 ¦     3798           2              0.010 
2025-05-23 10:51:10 | INFO |       87.948 ¦     3799           2              0.010 
2025-05-23 10:51:10 | INFO |       87.958 ¦     3800           2              0.010 
2025-05-23 10:51:10 | INFO |       87.968 ¦     3801           2              0.010 
2025-05-23 10:51:10 | INFO |       87.978 ¦     3802           2              0.010 
2025-05-23 10:51:10 | INFO |       87.988 ¦     3803           2              0.010 
2025-05-23 10:51:10 | INFO |       87.998 ¦     3804           2              0.010 
2025-05-23 10:51:10 | INFO |       88.008 ¦     3805           2              0.010 
2025-05-23 10:51:10 | INFO |       88.018 ¦     3806           2              0.010 
2025-05-23 10:51:10 | INFO |       88.028 ¦     3807           2              0.010 
2025-05-23 10:51:10 | INFO |       88.038 ¦     3808           2              0.010 
2025-05-23 10:51:10 | INFO |       88.048 ¦     3809           2              0.010 
2025-05-23 10:51:10 | INFO |       88.058 ¦     3810           2              0.010 
2025-05-23 10:51:10 | INFO |       88.068 ¦     3811           2              0.010 
2025-05-23 10:51:10 | INFO |       88.078 ¦     3812           2              0.010 
2025-05-23 10:51:10 | INFO |       88.088 ¦     3813           2              0.010 
2025-05-23 10:51:10 | INFO |       88.098 ¦     3814           2              0.010 
2025-05-23 10:51:10 | INFO |       88.108 ¦     3815           2              0.010 
2025-05-23 10:51:10 | INFO |       88.118 ¦     3816           2              0.010 
2025-05-23 10:51:10 | INFO |       88.128 ¦     3817           2              0.010 
2025-05-23 10:51:10 | INFO |       88.138 ¦     3818           2              0.010 
2025-05-23 10:51:10 | INFO |       88.148 ¦     3819           2              0.010 
2025-05-23 10:51:10 | INFO |       88.158 ¦     3820           2              0.010 
2025-05-23 10:51:10 | INFO |       88.168 ¦     3821           2              0.010 
2025-05-23 10:51:10 | INFO |       88.178 ¦     3822           2              0.010 
2025-05-23 10:51:10 | INFO |       88.188 ¦     3823           2              0.010 
2025-05-23 10:51:10 | INFO |       88.198 ¦     3824           2              0.010 
2025-05-23 10:51:10 | INFO |       88.208 ¦     3825           2              0.010 
2025-05-23 10:51:10 | INFO |       88.218 ¦     3826           2              0.010 
2025-05-23 10:51:10 | INFO |       88.228 ¦     3827           2              0.010 
2025-05-23 10:51:10 | INFO |       88.238 ¦     3828           2              0.010 
2025-05-23 10:51:10 | INFO |       88.248 ¦     3829           2              0.010 
2025-05-23 10:51:10 | INFO |       88.258 ¦     3830           2              0.010 
2025-05-23 10:51:10 | INFO |       88.268 ¦     3831           2              0.010 
2025-05-23 10:51:10 | INFO |       88.278 ¦     3832           2              0.010 
2025-05-23 10:51:10 | INFO |       88.288 ¦     3833           2              0.010 
2025-05-23 10:51:10 | INFO |       88.298 ¦     3834           2              0.010 
2025-05-23 10:51:10 | INFO |       88.308 ¦     3835           2              0.010 
2025-05-23 10:51:10 | INFO |       88.318 ¦     3836           2              0.010 
2025-05-23 10:51:10 | INFO |       88.328 ¦     3837           2              0.010 
2025-05-23 10:51:10 | INFO |       88.338 ¦     3838           2              0.010 
2025-05-23 10:51:10 | INFO |       88.348 ¦     3839           2              0.010 
2025-05-23 10:51:10 | INFO |       88.358 ¦     3840           2              0.010 
2025-05-23 10:51:10 | INFO |       88.368 ¦     3841           2              0.010 
2025-05-23 10:51:10 | INFO |       88.378 ¦     3842           2              0.010 
2025-05-23 10:51:10 | INFO |       88.388 ¦     3843           2              0.010 
2025-05-23 10:51:10 | INFO |       88.398 ¦     3844           2              0.010 
2025-05-23 10:51:10 | INFO |       88.408 ¦     3845           2              0.010 
2025-05-23 10:51:10 | INFO |       88.418 ¦     3846           2              0.010 
2025-05-23 10:51:10 | INFO |       88.428 ¦     3847           2              0.010 
2025-05-23 10:51:10 | INFO |       88.438 ¦     3848           2              0.010 
2025-05-23 10:51:10 | INFO |       88.448 ¦     3849           2              0.010 
2025-05-23 10:51:10 | INFO |       88.458 ¦     3850           2              0.010 
2025-05-23 10:51:10 | INFO |       88.468 ¦     3851           2              0.010 
2025-05-23 10:51:10 | INFO |       88.478 ¦     3852           2              0.010 
2025-05-23 10:51:10 | INFO |       88.488 ¦     3853           2              0.010 
2025-05-23 10:51:10 | INFO |       88.498 ¦     3854           2              0.010 
2025-05-23 10:51:10 | INFO |       88.508 ¦     3855           2              0.010 
2025-05-23 10:51:10 | INFO |       88.518 ¦     3856           2              0.010 
2025-05-23 10:51:10 | INFO |       88.528 ¦     3857           2              0.010 
2025-05-23 10:51:10 | INFO |       88.538 ¦     3858           2              0.010 
2025-05-23 10:51:10 | INFO |       88.548 ¦     3859           2              0.010 
2025-05-23 10:51:10 | INFO |       88.558 ¦     3860           2              0.010 
2025-05-23 10:51:10 | INFO |       88.568 ¦     3861           2              0.010 
2025-05-23 10:51:10 | INFO |       88.578 ¦     3862           2              0.010 
2025-05-23 10:51:10 | INFO |       88.588 ¦     3863           2              0.010 
2025-05-23 10:51:10 | INFO |       88.598 ¦     3864           2              0.010 
2025-05-23 10:51:10 | INFO |       88.608 ¦     3865           2              0.010 
2025-05-23 10:51:10 | INFO |       88.618 ¦     3866           2              0.010 
2025-05-23 10:51:10 | INFO |       88.628 ¦     3867           2              0.010 
2025-05-23 10:51:10 | INFO |       88.638 ¦     3868           2              0.010 
2025-05-23 10:51:10 | INFO |       88.648 ¦     3869           2              0.010 
2025-05-23 10:51:10 | INFO |       88.658 ¦     3870           2              0.010 
2025-05-23 10:51:10 | INFO |       88.668 ¦     3871           2              0.010 
2025-05-23 10:51:10 | INFO |       88.678 ¦     3872           2              0.010 
2025-05-23 10:51:10 | INFO |       88.688 ¦     3873           2              0.010 
2025-05-23 10:51:10 | INFO |       88.698 ¦     3874           2              0.010 
2025-05-23 10:51:10 | INFO |       88.708 ¦     3875           2              0.010 
2025-05-23 10:51:10 | INFO |       88.718 ¦     3876           2              0.010 
2025-05-23 10:51:10 | INFO |       88.728 ¦     3877           2              0.010 
2025-05-23 10:51:10 | INFO |       88.738 ¦     3878           2              0.010 
2025-05-23 10:51:10 | INFO |       88.748 ¦     3879           2              0.010 
2025-05-23 10:51:10 | INFO |       88.758 ¦     3880           2              0.010 
2025-05-23 10:51:10 | INFO |       88.768 ¦     3881           2              0.010 
2025-05-23 10:51:10 | INFO |       88.778 ¦     3882           2              0.010 
2025-05-23 10:51:10 | INFO |       88.788 ¦     3883           2              0.010 
2025-05-23 10:51:10 | INFO |       88.798 ¦     3884           2              0.010 
2025-05-23 10:51:10 | INFO |       88.808 ¦     3885           2              0.010 
2025-05-23 10:51:10 | INFO |       88.818 ¦     3886           2              0.010 
2025-05-23 10:51:10 | INFO |       88.828 ¦     3887           2              0.010 
2025-05-23 10:51:10 | INFO |       88.838 ¦     3888           2              0.010 
2025-05-23 10:51:10 | INFO |       88.848 ¦     3889           2              0.010 
2025-05-23 10:51:10 | INFO |       88.858 ¦     3890           2              0.010 
2025-05-23 10:51:10 | INFO |       88.868 ¦     3891           2              0.010 
2025-05-23 10:51:10 | INFO |       88.878 ¦     3892           2              0.010 
2025-05-23 10:51:10 | INFO |       88.888 ¦     3893           2              0.010 
2025-05-23 10:51:10 | INFO |       88.898 ¦     3894           2              0.010 
2025-05-23 10:51:10 | INFO |       88.908 ¦     3895           2              0.010 
2025-05-23 10:51:10 | INFO |       88.918 ¦     3896           2              0.010 
2025-05-23 10:51:10 | INFO |       88.928 ¦     3897           2              0.010 
2025-05-23 10:51:10 | INFO |       88.938 ¦     3898           2              0.010 
2025-05-23 10:51:10 | INFO |       88.948 ¦     3899           2              0.010 
2025-05-23 10:51:10 | INFO |       88.958 ¦     3900           2              0.010 
2025-05-23 10:51:10 | INFO |       88.968 ¦     3901           2              0.010 
2025-05-23 10:51:10 | INFO |       88.978 ¦     3902           2              0.010 
2025-05-23 10:51:10 | INFO |       88.988 ¦     3903           2              0.010 
2025-05-23 10:51:10 | INFO |       88.998 ¦     3904           2              0.010 
2025-05-23 10:51:10 | INFO |       89.008 ¦     3905           2              0.010 
2025-05-23 10:51:10 | INFO |       89.018 ¦     3906           2              0.010 
2025-05-23 10:51:10 | INFO |       89.028 ¦     3907           2              0.010 
2025-05-23 10:51:10 | INFO |       89.038 ¦     3908           2              0.010 
2025-05-23 10:51:10 | INFO |       89.048 ¦     3909           2              0.010 
2025-05-23 10:51:10 | INFO |       89.058 ¦     3910           2              0.010 
2025-05-23 10:51:10 | INFO |       89.068 ¦     3911           2              0.010 
2025-05-23 10:51:10 | INFO |       89.078 ¦     3912           2              0.010 
2025-05-23 10:51:10 | INFO |       89.088 ¦     3913           2              0.010 
2025-05-23 10:51:10 | INFO |       89.098 ¦     3914           2              0.010 
2025-05-23 10:51:10 | INFO |       89.108 ¦     3915           2              0.010 
2025-05-23 10:51:10 | INFO |       89.118 ¦     3916           2              0.010 
2025-05-23 10:51:10 | INFO |       89.128 ¦     3917           2              0.010 
2025-05-23 10:51:10 | INFO |       89.138 ¦     3918           2              0.010 
2025-05-23 10:51:10 | INFO |       89.148 ¦     3919           2              0.010 
2025-05-23 10:51:10 | INFO |       89.158 ¦     3920           2              0.010 
2025-05-23 10:51:10 | INFO |       89.168 ¦     3921           2              0.010 
2025-05-23 10:51:10 | INFO |       89.178 ¦     3922           2              0.010 
2025-05-23 10:51:10 | INFO |       89.188 ¦     3923           2              0.010 
2025-05-23 10:51:10 | INFO |       89.198 ¦     3924           2              0.010 
2025-05-23 10:51:10 | INFO |       89.208 ¦     3925           2              0.010 
2025-05-23 10:51:10 | INFO |       89.218 ¦     3926           2              0.010 
2025-05-23 10:51:10 | INFO |       89.228 ¦     3927           2              0.010 
2025-05-23 10:51:10 | INFO |       89.238 ¦     3928           2              0.010 
2025-05-23 10:51:10 | INFO |       89.248 ¦     3929           2              0.010 
2025-05-23 10:51:10 | INFO |       89.258 ¦     3930           2              0.010 
2025-05-23 10:51:10 | INFO |       89.268 ¦     3931           2              0.010 
2025-05-23 10:51:10 | INFO |       89.278 ¦     3932           2              0.010 
2025-05-23 10:51:10 | INFO |       89.288 ¦     3933           2              0.010 
2025-05-23 10:51:10 | INFO |       89.298 ¦     3934           2              0.010 
2025-05-23 10:51:10 | INFO |       89.308 ¦     3935           2              0.010 
2025-05-23 10:51:10 | INFO |       89.318 ¦     3936           2              0.010 
2025-05-23 10:51:10 | INFO |       89.328 ¦     3937           2              0.010 
2025-05-23 10:51:10 | INFO |       89.338 ¦     3938           2              0.010 
2025-05-23 10:51:10 | INFO |       89.348 ¦     3939           2              0.010 
2025-05-23 10:51:10 | INFO |       89.358 ¦     3940           2              0.010 
2025-05-23 10:51:10 | INFO |       89.368 ¦     3941           2              0.010 
2025-05-23 10:51:10 | INFO |       89.378 ¦     3942           2              0.010 
2025-05-23 10:51:10 | INFO |       89.388 ¦     3943           2              0.010 
2025-05-23 10:51:10 | INFO |       89.398 ¦     3944           2              0.010 
2025-05-23 10:51:10 | INFO |       89.408 ¦     3945           2              0.010 
2025-05-23 10:51:10 | INFO |       89.418 ¦     3946           2              0.010 
2025-05-23 10:51:10 | INFO |       89.428 ¦     3947           2              0.010 
2025-05-23 10:51:10 | INFO |       89.438 ¦     3948           2              0.010 
2025-05-23 10:51:10 | INFO |       89.448 ¦     3949           2              0.010 
2025-05-23 10:51:10 | INFO |       89.458 ¦     3950           2              0.010 
2025-05-23 10:51:10 | INFO |       89.468 ¦     3951           2              0.010 
2025-05-23 10:51:10 | INFO |       89.478 ¦     3952           2              0.010 
2025-05-23 10:51:10 | INFO |       89.488 ¦     3953           2              0.010 
2025-05-23 10:51:10 | INFO |       89.498 ¦     3954           2              0.010 
2025-05-23 10:51:10 | INFO |       89.508 ¦     3955           2              0.010 
2025-05-23 10:51:10 | INFO |       89.518 ¦     3956           2              0.010 
2025-05-23 10:51:10 | INFO |       89.528 ¦     3957           2              0.010 
2025-05-23 10:51:10 | INFO |       89.538 ¦     3958           2              0.010 
2025-05-23 10:51:10 | INFO |       89.548 ¦     3959           2              0.010 
2025-05-23 10:51:10 | INFO |       89.558 ¦     3960           2              0.010 
2025-05-23 10:51:10 | INFO |       89.568 ¦     3961           2              0.010 
2025-05-23 10:51:10 | INFO |       89.578 ¦     3962           2              0.010 
2025-05-23 10:51:10 | INFO |       89.588 ¦     3963           2              0.010 
2025-05-23 10:51:10 | INFO |       89.598 ¦     3964           2              0.010 
2025-05-23 10:51:10 | INFO |       89.608 ¦     3965           2              0.010 
2025-05-23 10:51:10 | INFO |       89.618 ¦     3966           2              0.010 
2025-05-23 10:51:10 | INFO |       89.628 ¦     3967           2              0.010 
2025-05-23 10:51:10 | INFO |       89.638 ¦     3968           2              0.010 
2025-05-23 10:51:10 | INFO |       89.648 ¦     3969           2              0.010 
2025-05-23 10:51:10 | INFO |       89.658 ¦     3970           2              0.010 
2025-05-23 10:51:10 | INFO |       89.668 ¦     3971           2              0.010 
2025-05-23 10:51:10 | INFO |       89.678 ¦     3972           2              0.010 
2025-05-23 10:51:10 | INFO |       89.688 ¦     3973           2              0.010 
2025-05-23 10:51:10 | INFO |       89.698 ¦     3974           2              0.010 
2025-05-23 10:51:10 | INFO |       89.708 ¦     3975           2              0.010 
2025-05-23 10:51:10 | INFO |       89.718 ¦     3976           2              0.010 
2025-05-23 10:51:10 | INFO |       89.728 ¦     3977           2              0.010 
2025-05-23 10:51:10 | INFO |       89.738 ¦     3978           2              0.010 
2025-05-23 10:51:10 | INFO |       89.748 ¦     3979           2              0.010 
2025-05-23 10:51:10 | INFO |       89.758 ¦     3980           2              0.010 
2025-05-23 10:51:10 | INFO |       89.768 ¦     3981           2              0.010 
2025-05-23 10:51:10 | INFO |       89.778 ¦     3982           2              0.010 
2025-05-23 10:51:10 | INFO |       89.788 ¦     3983           2              0.010 
2025-05-23 10:51:10 | INFO |       89.798 ¦     3984           2              0.010 
2025-05-23 10:51:10 | INFO |       89.808 ¦     3985           2              0.010 
2025-05-23 10:51:10 | INFO |       89.818 ¦     3986           2              0.010 
2025-05-23 10:51:10 | INFO |       89.828 ¦     3987           2              0.010 
2025-05-23 10:51:10 | INFO |       89.838 ¦     3988           2              0.010 
2025-05-23 10:51:10 | INFO |       89.848 ¦     3989           2              0.010 
2025-05-23 10:51:10 | INFO |       89.858 ¦     3990           2              0.010 
2025-05-23 10:51:10 | INFO |       89.868 ¦     3991           2              0.010 
2025-05-23 10:51:10 | INFO |       89.878 ¦     3992           2              0.010 
2025-05-23 10:51:10 | INFO |       89.888 ¦     3993           2              0.010 
2025-05-23 10:51:10 | INFO |       89.898 ¦     3994           2              0.010 
2025-05-23 10:51:10 | INFO |       89.908 ¦     3995           2              0.010 
2025-05-23 10:51:10 | INFO |       89.918 ¦     3996           2              0.010 
2025-05-23 10:51:10 | INFO |       89.928 ¦     3997           2              0.010 
2025-05-23 10:51:10 | INFO |       89.938 ¦     3998           2              0.010 
2025-05-23 10:51:10 | INFO |       89.948 ¦     3999           2              0.010 
2025-05-23 10:51:10 | INFO |       89.958 ¦     4000           2              0.010 
2025-05-23 10:51:10 | INFO |       89.968 ¦     4001           2              0.010 
2025-05-23 10:51:10 | INFO |       89.978 ¦     4002           2              0.010 
2025-05-23 10:51:10 | INFO |       89.988 ¦     4003           2              0.010 
2025-05-23 10:51:10 | INFO |       89.998 ¦     4004           2              0.010 
2025-05-23 10:51:10 | INFO |       90.008 ¦     4005           2              0.010 
2025-05-23 10:51:10 | INFO |       90.018 ¦     4006           2              0.010 
2025-05-23 10:51:10 | INFO |       90.028 ¦     4007           2              0.010 
2025-05-23 10:51:10 | INFO |       90.038 ¦     4008           2              0.010 
2025-05-23 10:51:10 | INFO |       90.048 ¦     4009           2              0.010 
2025-05-23 10:51:10 | INFO |       90.058 ¦     4010           2              0.010 
2025-05-23 10:51:10 | INFO |       90.068 ¦     4011           2              0.010 
2025-05-23 10:51:10 | INFO |       90.078 ¦     4012           2              0.010 
2025-05-23 10:51:10 | INFO |       90.088 ¦     4013           2              0.010 
2025-05-23 10:51:10 | INFO |       90.098 ¦     4014           2              0.010 
2025-05-23 10:51:10 | INFO |       90.108 ¦     4015           2              0.010 
2025-05-23 10:51:10 | INFO |       90.118 ¦     4016           2              0.010 
2025-05-23 10:51:10 | INFO |       90.128 ¦     4017           2              0.010 
2025-05-23 10:51:10 | INFO |       90.138 ¦     4018           2              0.010 
2025-05-23 10:51:10 | INFO |       90.148 ¦     4019           2              0.010 
2025-05-23 10:51:10 | INFO |       90.158 ¦     4020           2              0.010 
2025-05-23 10:51:10 | INFO |       90.168 ¦     4021           2              0.010 
2025-05-23 10:51:10 | INFO |       90.178 ¦     4022           2              0.010 
2025-05-23 10:51:10 | INFO |       90.188 ¦     4023           2              0.010 
2025-05-23 10:51:10 | INFO |       90.198 ¦     4024           2              0.010 
2025-05-23 10:51:10 | INFO |       90.208 ¦     4025           2              0.010 
2025-05-23 10:51:10 | INFO |       90.218 ¦     4026           2              0.010 
2025-05-23 10:51:10 | INFO |       90.228 ¦     4027           2              0.010 
2025-05-23 10:51:10 | INFO |       90.238 ¦     4028           2              0.010 
2025-05-23 10:51:10 | INFO |       90.248 ¦     4029           2              0.010 
2025-05-23 10:51:10 | INFO |       90.258 ¦     4030           2              0.010 
2025-05-23 10:51:10 | INFO |       90.268 ¦     4031           2              0.010 
2025-05-23 10:51:10 | INFO |       90.278 ¦     4032           2              0.010 
2025-05-23 10:51:10 | INFO |       90.288 ¦     4033           2              0.010 
2025-05-23 10:51:10 | INFO |       90.298 ¦     4034           2              0.010 
2025-05-23 10:51:10 | INFO |       90.308 ¦     4035           2              0.010 
2025-05-23 10:51:10 | INFO |       90.318 ¦     4036           2              0.010 
2025-05-23 10:51:10 | INFO |       90.328 ¦     4037           2              0.010 
2025-05-23 10:51:10 | INFO |       90.338 ¦     4038           2              0.010 
2025-05-23 10:51:10 | INFO |       90.348 ¦     4039           2              0.010 
2025-05-23 10:51:10 | INFO |       90.358 ¦     4040           2              0.010 
2025-05-23 10:51:10 | INFO |       90.368 ¦     4041           2              0.010 
2025-05-23 10:51:10 | INFO |       90.378 ¦     4042           2              0.010 
2025-05-23 10:51:10 | INFO |       90.388 ¦     4043           2              0.010 
2025-05-23 10:51:10 | INFO |       90.398 ¦     4044           2              0.010 
2025-05-23 10:51:10 | INFO |       90.408 ¦     4045           2              0.010 
2025-05-23 10:51:10 | INFO |       90.418 ¦     4046           2              0.010 
2025-05-23 10:51:10 | INFO |       90.428 ¦     4047           2              0.010 
2025-05-23 10:51:10 | INFO |       90.438 ¦     4048           2              0.010 
2025-05-23 10:51:10 | INFO |       90.448 ¦     4049           2              0.010 
2025-05-23 10:51:10 | INFO |       90.458 ¦     4050           2              0.010 
2025-05-23 10:51:10 | INFO |       90.468 ¦     4051           2              0.010 
2025-05-23 10:51:10 | INFO |       90.478 ¦     4052           2              0.010 
2025-05-23 10:51:10 | INFO |       90.488 ¦     4053           2              0.010 
2025-05-23 10:51:10 | INFO |       90.498 ¦     4054           2              0.010 
2025-05-23 10:51:10 | INFO |       90.508 ¦     4055           2              0.010 
2025-05-23 10:51:10 | INFO |       90.518 ¦     4056           2              0.010 
2025-05-23 10:51:10 | INFO |       90.528 ¦     4057           2              0.010 
2025-05-23 10:51:10 | INFO |       90.538 ¦     4058           2              0.010 
2025-05-23 10:51:10 | INFO |       90.548 ¦     4059           2              0.010 
2025-05-23 10:51:10 | INFO |       90.558 ¦     4060           2              0.010 
2025-05-23 10:51:10 | INFO |       90.568 ¦     4061           2              0.010 
2025-05-23 10:51:10 | INFO |       90.578 ¦     4062           2              0.010 
2025-05-23 10:51:10 | INFO |       90.588 ¦     4063           2              0.010 
2025-05-23 10:51:10 | INFO |       90.598 ¦     4064           2              0.010 
2025-05-23 10:51:10 | INFO |       90.608 ¦     4065           2              0.010 
2025-05-23 10:51:10 | INFO |       90.618 ¦     4066           2              0.010 
2025-05-23 10:51:10 | INFO |       90.628 ¦     4067           2              0.010 
2025-05-23 10:51:10 | INFO |       90.638 ¦     4068           2              0.010 
2025-05-23 10:51:10 | INFO |       90.648 ¦     4069           2              0.010 
2025-05-23 10:51:10 | INFO |       90.658 ¦     4070           2              0.010 
2025-05-23 10:51:10 | INFO |       90.668 ¦     4071           2              0.010 
2025-05-23 10:51:10 | INFO |       90.678 ¦     4072           2              0.010 
2025-05-23 10:51:10 | INFO |       90.688 ¦     4073           2              0.010 
2025-05-23 10:51:10 | INFO |       90.698 ¦     4074           2              0.010 
2025-05-23 10:51:10 | INFO |       90.708 ¦     4075           2              0.010 
2025-05-23 10:51:10 | INFO |       90.718 ¦     4076           2              0.010 
2025-05-23 10:51:10 | INFO |       90.728 ¦     4077           2              0.010 
2025-05-23 10:51:10 | INFO |       90.738 ¦     4078           2              0.010 
2025-05-23 10:51:10 | INFO |       90.748 ¦     4079           2              0.010 
2025-05-23 10:51:10 | INFO |       90.758 ¦     4080           2              0.010 
2025-05-23 10:51:10 | INFO |       90.768 ¦     4081           2              0.010 
2025-05-23 10:51:10 | INFO |       90.778 ¦     4082           2              0.010 
2025-05-23 10:51:10 | INFO |       90.788 ¦     4083           2              0.010 
2025-05-23 10:51:10 | INFO |       90.798 ¦     4084           2              0.010 
2025-05-23 10:51:10 | INFO |       90.808 ¦     4085           2              0.010 
2025-05-23 10:51:10 | INFO |       90.818 ¦     4086           2              0.010 
2025-05-23 10:51:10 | INFO |       90.828 ¦     4087           2              0.010 
2025-05-23 10:51:10 | INFO |       90.838 ¦     4088           2              0.010 
2025-05-23 10:51:10 | INFO |       90.848 ¦     4089           2              0.010 
2025-05-23 10:51:10 | INFO |       90.858 ¦     4090           2              0.010 
2025-05-23 10:51:10 | INFO |       90.868 ¦     4091           2              0.010 
2025-05-23 10:51:10 | INFO |       90.878 ¦     4092           2              0.010 
2025-05-23 10:51:10 | INFO |       90.888 ¦     4093           2              0.010 
2025-05-23 10:51:10 | INFO |       90.898 ¦     4094           2              0.010 
2025-05-23 10:51:10 | INFO |       90.908 ¦     4095           2              0.010 
2025-05-23 10:51:10 | INFO |       90.918 ¦     4096           2              0.010 
2025-05-23 10:51:10 | INFO |       90.928 ¦     4097           2              0.010 
2025-05-23 10:51:10 | INFO |       90.938 ¦     4098           2              0.010 
2025-05-23 10:51:10 | INFO |       90.948 ¦     4099           2              0.010 
2025-05-23 10:51:10 | INFO |       90.958 ¦     4100           2              0.010 
2025-05-23 10:51:10 | INFO |       90.968 ¦     4101           2              0.010 
2025-05-23 10:51:10 | INFO |       90.978 ¦     4102           2              0.010 
2025-05-23 10:51:10 | INFO |       90.988 ¦     4103           2              0.010 
2025-05-23 10:51:10 | INFO |       90.998 ¦     4104           2              0.010 
2025-05-23 10:51:10 | INFO |       91.008 ¦     4105           2              0.010 
2025-05-23 10:51:10 | INFO |       91.018 ¦     4106           2              0.010 
2025-05-23 10:51:10 | INFO |       91.028 ¦     4107           2              0.010 
2025-05-23 10:51:10 | INFO |       91.038 ¦     4108           2              0.010 
2025-05-23 10:51:10 | INFO |       91.048 ¦     4109           2              0.010 
2025-05-23 10:51:10 | INFO |       91.058 ¦     4110           2              0.010 
2025-05-23 10:51:10 | INFO |       91.068 ¦     4111           2              0.010 
2025-05-23 10:51:10 | INFO |       91.078 ¦     4112           2              0.010 
2025-05-23 10:51:10 | INFO |       91.088 ¦     4113           2              0.010 
2025-05-23 10:51:10 | INFO |       91.098 ¦     4114           2              0.010 
2025-05-23 10:51:10 | INFO |       91.108 ¦     4115           2              0.010 
2025-05-23 10:51:10 | INFO |       91.118 ¦     4116           2              0.010 
2025-05-23 10:51:10 | INFO |       91.128 ¦     4117           2              0.010 
2025-05-23 10:51:10 | INFO |       91.138 ¦     4118           2              0.010 
2025-05-23 10:51:10 | INFO |       91.148 ¦     4119           2              0.010 
2025-05-23 10:51:10 | INFO |       91.158 ¦     4120           2              0.010 
2025-05-23 10:51:10 | INFO |       91.168 ¦     4121           2              0.010 
2025-05-23 10:51:10 | INFO |       91.178 ¦     4122           2              0.010 
2025-05-23 10:51:10 | INFO |       91.188 ¦     4123           2              0.010 
2025-05-23 10:51:10 | INFO |       91.198 ¦     4124           2              0.010 
2025-05-23 10:51:10 | INFO |       91.208 ¦     4125           2              0.010 
2025-05-23 10:51:10 | INFO |       91.218 ¦     4126           2              0.010 
2025-05-23 10:51:10 | INFO |       91.228 ¦     4127           2              0.010 
2025-05-23 10:51:10 | INFO |       91.238 ¦     4128           2              0.010 
2025-05-23 10:51:10 | INFO |       91.248 ¦     4129           2              0.010 
2025-05-23 10:51:10 | INFO |       91.258 ¦     4130           2              0.010 
2025-05-23 10:51:10 | INFO |       91.268 ¦     4131           2              0.010 
2025-05-23 10:51:10 | INFO |       91.278 ¦     4132           2              0.010 
2025-05-23 10:51:10 | INFO |       91.288 ¦     4133           2              0.010 
2025-05-23 10:51:10 | INFO |       91.298 ¦     4134           2              0.010 
2025-05-23 10:51:10 | INFO |       91.308 ¦     4135           2              0.010 
2025-05-23 10:51:10 | INFO |       91.318 ¦     4136           2              0.010 
2025-05-23 10:51:10 | INFO |       91.328 ¦     4137           2              0.010 
2025-05-23 10:51:10 | INFO |       91.338 ¦     4138           2              0.010 
2025-05-23 10:51:10 | INFO |       91.348 ¦     4139           2              0.010 
2025-05-23 10:51:10 | INFO |       91.358 ¦     4140           2              0.010 
2025-05-23 10:51:10 | INFO |       91.368 ¦     4141           2              0.010 
2025-05-23 10:51:10 | INFO |       91.378 ¦     4142           2              0.010 
2025-05-23 10:51:10 | INFO |       91.388 ¦     4143           2              0.010 
2025-05-23 10:51:10 | INFO |       91.398 ¦     4144           2              0.010 
2025-05-23 10:51:10 | INFO |       91.408 ¦     4145           2              0.010 
2025-05-23 10:51:10 | INFO |       91.418 ¦     4146           2              0.010 
2025-05-23 10:51:10 | INFO |       91.428 ¦     4147           2              0.010 
2025-05-23 10:51:10 | INFO |       91.438 ¦     4148           2              0.010 
2025-05-23 10:51:10 | INFO |       91.448 ¦     4149           2              0.010 
2025-05-23 10:51:10 | INFO |       91.458 ¦     4150           2              0.010 
2025-05-23 10:51:10 | INFO |       91.468 ¦     4151           2              0.010 
2025-05-23 10:51:10 | INFO |       91.478 ¦     4152           2              0.010 
2025-05-23 10:51:10 | INFO |       91.488 ¦     4153           2              0.010 
2025-05-23 10:51:10 | INFO |       91.498 ¦     4154           2              0.010 
2025-05-23 10:51:10 | INFO |       91.508 ¦     4155           2              0.010 
2025-05-23 10:51:10 | INFO |       91.518 ¦     4156           2              0.010 
2025-05-23 10:51:10 | INFO |       91.528 ¦     4157           2              0.010 
2025-05-23 10:51:10 | INFO |       91.538 ¦     4158           2              0.010 
2025-05-23 10:51:10 | INFO |       91.548 ¦     4159           2              0.010 
2025-05-23 10:51:10 | INFO |       91.558 ¦     4160           2              0.010 
2025-05-23 10:51:10 | INFO |       91.568 ¦     4161           2              0.010 
2025-05-23 10:51:10 | INFO |       91.578 ¦     4162           2              0.010 
2025-05-23 10:51:10 | INFO |       91.588 ¦     4163           2              0.010 
2025-05-23 10:51:10 | INFO |       91.598 ¦     4164           2              0.010 
2025-05-23 10:51:10 | INFO |       91.608 ¦     4165           2              0.010 
2025-05-23 10:51:10 | INFO |       91.618 ¦     4166           2              0.010 
2025-05-23 10:51:10 | INFO |       91.628 ¦     4167           2              0.010 
2025-05-23 10:51:10 | INFO |       91.638 ¦     4168           2              0.010 
2025-05-23 10:51:10 | INFO |       91.648 ¦     4169           2              0.010 
2025-05-23 10:51:10 | INFO |       91.658 ¦     4170           2              0.010 
2025-05-23 10:51:10 | INFO |       91.668 ¦     4171           2              0.010 
2025-05-23 10:51:10 | INFO |       91.678 ¦     4172           2              0.010 
2025-05-23 10:51:10 | INFO |       91.688 ¦     4173           2              0.010 
2025-05-23 10:51:10 | INFO |       91.698 ¦     4174           2              0.010 
2025-05-23 10:51:10 | INFO |       91.708 ¦     4175           2              0.010 
2025-05-23 10:51:10 | INFO |       91.718 ¦     4176           2              0.010 
2025-05-23 10:51:10 | INFO |       91.728 ¦     4177           2              0.010 
2025-05-23 10:51:10 | INFO |       91.738 ¦     4178           2              0.010 
2025-05-23 10:51:10 | INFO |       91.748 ¦     4179           2              0.010 
2025-05-23 10:51:10 | INFO |       91.758 ¦     4180           2              0.010 
2025-05-23 10:51:10 | INFO |       91.768 ¦     4181           2              0.010 
2025-05-23 10:51:10 | INFO |       91.778 ¦     4182           2              0.010 
2025-05-23 10:51:10 | INFO |       91.788 ¦     4183           2              0.010 
2025-05-23 10:51:10 | INFO |       91.798 ¦     4184           2              0.010 
2025-05-23 10:51:10 | INFO |       91.808 ¦     4185           2              0.010 
2025-05-23 10:51:10 | INFO |       91.818 ¦     4186           2              0.010 
2025-05-23 10:51:10 | INFO |       91.828 ¦     4187           2              0.010 
2025-05-23 10:51:10 | INFO |       91.838 ¦     4188           2              0.010 
2025-05-23 10:51:10 | INFO |       91.848 ¦     4189           2              0.010 
2025-05-23 10:51:10 | INFO |       91.858 ¦     4190           2              0.010 
2025-05-23 10:51:10 | INFO |       91.868 ¦     4191           2              0.010 
2025-05-23 10:51:10 | INFO |       91.878 ¦     4192           2              0.010 
2025-05-23 10:51:10 | INFO |       91.888 ¦     4193           2              0.010 
2025-05-23 10:51:10 | INFO |       91.898 ¦     4194           2              0.010 
2025-05-23 10:51:10 | INFO |       91.908 ¦     4195           2              0.010 
2025-05-23 10:51:10 | INFO |       91.918 ¦     4196           2              0.010 
2025-05-23 10:51:10 | INFO |       91.928 ¦     4197           2              0.010 
2025-05-23 10:51:10 | INFO |       91.938 ¦     4198           2              0.010 
2025-05-23 10:51:10 | INFO |       91.948 ¦     4199           2              0.010 
2025-05-23 10:51:10 | INFO |       91.958 ¦     4200           2              0.010 
2025-05-23 10:51:10 | INFO |       91.968 ¦     4201           2              0.010 
2025-05-23 10:51:10 | INFO |       91.978 ¦     4202           2              0.010 
2025-05-23 10:51:10 | INFO |       91.988 ¦     4203           2              0.010 
2025-05-23 10:51:10 | INFO |       91.998 ¦     4204           2              0.010 
2025-05-23 10:51:10 | INFO |       92.008 ¦     4205           2              0.010 
2025-05-23 10:51:10 | INFO |       92.018 ¦     4206           2              0.010 
2025-05-23 10:51:10 | INFO |       92.028 ¦     4207           2              0.010 
2025-05-23 10:51:10 | INFO |       92.038 ¦     4208           2              0.010 
2025-05-23 10:51:10 | INFO |       92.048 ¦     4209           2              0.010 
2025-05-23 10:51:10 | INFO |       92.058 ¦     4210           2              0.010 
2025-05-23 10:51:10 | INFO |       92.068 ¦     4211           2              0.010 
2025-05-23 10:51:10 | INFO |       92.078 ¦     4212           2              0.010 
2025-05-23 10:51:10 | INFO |       92.088 ¦     4213           2              0.010 
2025-05-23 10:51:10 | INFO |       92.098 ¦     4214           2              0.010 
2025-05-23 10:51:10 | INFO |       92.108 ¦     4215           2              0.010 
2025-05-23 10:51:10 | INFO |       92.118 ¦     4216           2              0.010 
2025-05-23 10:51:10 | INFO |       92.128 ¦     4217           2              0.010 
2025-05-23 10:51:10 | INFO |       92.138 ¦     4218           2              0.010 
2025-05-23 10:51:10 | INFO |       92.148 ¦     4219           2              0.010 
2025-05-23 10:51:10 | INFO |       92.158 ¦     4220           2              0.010 
2025-05-23 10:51:10 | INFO |       92.168 ¦     4221           2              0.010 
2025-05-23 10:51:10 | INFO |       92.178 ¦     4222           2              0.010 
2025-05-23 10:51:10 | INFO |       92.188 ¦     4223           2              0.010 
2025-05-23 10:51:10 | INFO |       92.198 ¦     4224           2              0.010 
2025-05-23 10:51:10 | INFO |       92.208 ¦     4225           2              0.010 
2025-05-23 10:51:10 | INFO |       92.218 ¦     4226           2              0.010 
2025-05-23 10:51:10 | INFO |       92.228 ¦     4227           2              0.010 
2025-05-23 10:51:10 | INFO |       92.238 ¦     4228           2              0.010 
2025-05-23 10:51:10 | INFO |       92.248 ¦     4229           2              0.010 
2025-05-23 10:51:10 | INFO |       92.258 ¦     4230           2              0.010 
2025-05-23 10:51:10 | INFO |       92.268 ¦     4231           2              0.010 
2025-05-23 10:51:10 | INFO |       92.278 ¦     4232           2              0.010 
2025-05-23 10:51:10 | INFO |       92.288 ¦     4233           2              0.010 
2025-05-23 10:51:10 | INFO |       92.298 ¦     4234           2              0.010 
2025-05-23 10:51:10 | INFO |       92.308 ¦     4235           2              0.010 
2025-05-23 10:51:10 | INFO |       92.318 ¦     4236           2              0.010 
2025-05-23 10:51:10 | INFO |       92.328 ¦     4237           2              0.010 
2025-05-23 10:51:10 | INFO |       92.338 ¦     4238           2              0.010 
2025-05-23 10:51:10 | INFO |       92.348 ¦     4239           2              0.010 
2025-05-23 10:51:10 | INFO |       92.358 ¦     4240           2              0.010 
2025-05-23 10:51:10 | INFO |       92.368 ¦     4241           2              0.010 
2025-05-23 10:51:10 | INFO |       92.378 ¦     4242           2              0.010 
2025-05-23 10:51:10 | INFO |       92.388 ¦     4243           2              0.010 
2025-05-23 10:51:10 | INFO |       92.398 ¦     4244           2              0.010 
2025-05-23 10:51:10 | INFO |       92.408 ¦     4245           2              0.010 
2025-05-23 10:51:10 | INFO |       92.418 ¦     4246           2              0.010 
2025-05-23 10:51:10 | INFO |       92.428 ¦     4247           2              0.010 
2025-05-23 10:51:10 | INFO |       92.438 ¦     4248           2              0.010 
2025-05-23 10:51:10 | INFO |       92.448 ¦     4249           2              0.010 
2025-05-23 10:51:10 | INFO |       92.458 ¦     4250           2              0.010 
2025-05-23 10:51:10 | INFO |       92.468 ¦     4251           2              0.010 
2025-05-23 10:51:10 | INFO |       92.478 ¦     4252           2              0.010 
2025-05-23 10:51:10 | INFO |       92.488 ¦     4253           2              0.010 
2025-05-23 10:51:10 | INFO |       92.498 ¦     4254           2              0.010 
2025-05-23 10:51:10 | INFO |       92.508 ¦     4255           2              0.010 
2025-05-23 10:51:10 | INFO |       92.518 ¦     4256           2              0.010 
2025-05-23 10:51:10 | INFO |       92.528 ¦     4257           2              0.010 
2025-05-23 10:51:10 | INFO |       92.538 ¦     4258           2              0.010 
2025-05-23 10:51:10 | INFO |       92.548 ¦     4259           2              0.010 
2025-05-23 10:51:10 | INFO |       92.558 ¦     4260           2              0.010 
2025-05-23 10:51:10 | INFO |       92.568 ¦     4261           2              0.010 
2025-05-23 10:51:10 | INFO |       92.578 ¦     4262           2              0.010 
2025-05-23 10:51:10 | INFO |       92.588 ¦     4263           2              0.010 
2025-05-23 10:51:10 | INFO |       92.598 ¦     4264           2              0.010 
2025-05-23 10:51:10 | INFO |       92.608 ¦     4265           2              0.010 
2025-05-23 10:51:10 | INFO |       92.618 ¦     4266           2              0.010 
2025-05-23 10:51:10 | INFO |       92.628 ¦     4267           2              0.010 
2025-05-23 10:51:10 | INFO |       92.638 ¦     4268           2              0.010 
2025-05-23 10:51:10 | INFO |       92.648 ¦     4269           2              0.010 
2025-05-23 10:51:10 | INFO |       92.658 ¦     4270           2              0.010 
2025-05-23 10:51:10 | INFO |       92.668 ¦     4271           2              0.010 
2025-05-23 10:51:10 | INFO |       92.678 ¦     4272           2              0.010 
2025-05-23 10:51:10 | INFO |       92.688 ¦     4273           2              0.010 
2025-05-23 10:51:10 | INFO |       92.698 ¦     4274           2              0.010 
2025-05-23 10:51:10 | INFO |       92.708 ¦     4275           2              0.010 
2025-05-23 10:51:10 | INFO |       92.718 ¦     4276           2              0.010 
2025-05-23 10:51:10 | INFO |       92.728 ¦     4277           2              0.010 
2025-05-23 10:51:10 | INFO |       92.738 ¦     4278           2              0.010 
2025-05-23 10:51:10 | INFO |       92.748 ¦     4279           2              0.010 
2025-05-23 10:51:10 | INFO |       92.758 ¦     4280           2              0.010 
2025-05-23 10:51:10 | INFO |       92.768 ¦     4281           2              0.010 
2025-05-23 10:51:10 | INFO |       92.778 ¦     4282           2              0.010 
2025-05-23 10:51:10 | INFO |       92.788 ¦     4283           2              0.010 
2025-05-23 10:51:10 | INFO |       92.798 ¦     4284           2              0.010 
2025-05-23 10:51:10 | INFO |       92.808 ¦     4285           2              0.010 
2025-05-23 10:51:10 | INFO |       92.818 ¦     4286           2              0.010 
2025-05-23 10:51:10 | INFO |       92.828 ¦     4287           2              0.010 
2025-05-23 10:51:10 | INFO |       92.838 ¦     4288           2              0.010 
2025-05-23 10:51:10 | INFO |       92.848 ¦     4289           2              0.010 
2025-05-23 10:51:10 | INFO |       92.858 ¦     4290           2              0.010 
2025-05-23 10:51:10 | INFO |       92.868 ¦     4291           2              0.010 
2025-05-23 10:51:10 | INFO |       92.878 ¦     4292           2              0.010 
2025-05-23 10:51:10 | INFO |       92.888 ¦     4293           2              0.010 
2025-05-23 10:51:10 | INFO |       92.898 ¦     4294           2              0.010 
2025-05-23 10:51:10 | INFO |       92.908 ¦     4295           2              0.010 
2025-05-23 10:51:10 | INFO |       92.918 ¦     4296           2              0.010 
2025-05-23 10:51:10 | INFO |       92.928 ¦     4297           2              0.010 
2025-05-23 10:51:10 | INFO |       92.938 ¦     4298           2              0.010 
2025-05-23 10:51:10 | INFO |       92.948 ¦     4299           2              0.010 
2025-05-23 10:51:10 | INFO |       92.958 ¦     4300           2              0.010 
2025-05-23 10:51:10 | INFO |       92.968 ¦     4301           2              0.010 
2025-05-23 10:51:10 | INFO |       92.978 ¦     4302           2              0.010 
2025-05-23 10:51:10 | INFO |       92.988 ¦     4303           2              0.010 
2025-05-23 10:51:10 | INFO |       92.998 ¦     4304           2              0.010 
2025-05-23 10:51:10 | INFO |       93.008 ¦     4305           2              0.010 
2025-05-23 10:51:10 | INFO |       93.018 ¦     4306           2              0.010 
2025-05-23 10:51:10 | INFO |       93.028 ¦     4307           2              0.010 
2025-05-23 10:51:10 | INFO |       93.038 ¦     4308           2              0.010 
2025-05-23 10:51:10 | INFO |       93.048 ¦     4309           2              0.010 
2025-05-23 10:51:10 | INFO |       93.058 ¦     4310           2              0.010 
2025-05-23 10:51:10 | INFO |       93.068 ¦     4311           2              0.010 
2025-05-23 10:51:10 | INFO |       93.078 ¦     4312           2              0.010 
2025-05-23 10:51:10 | INFO |       93.088 ¦     4313           2              0.010 
2025-05-23 10:51:10 | INFO |       93.098 ¦     4314           2              0.010 
2025-05-23 10:51:10 | INFO |       93.108 ¦     4315           2              0.010 
2025-05-23 10:51:10 | INFO |       93.118 ¦     4316           2              0.010 
2025-05-23 10:51:10 | INFO |       93.128 ¦     4317           2              0.010 
2025-05-23 10:51:10 | INFO |       93.138 ¦     4318           2              0.010 
2025-05-23 10:51:10 | INFO |       93.148 ¦     4319           2              0.010 
2025-05-23 10:51:10 | INFO |       93.158 ¦     4320           2              0.010 
2025-05-23 10:51:10 | INFO |       93.168 ¦     4321           2              0.010 
2025-05-23 10:51:10 | INFO |       93.178 ¦     4322           2              0.010 
2025-05-23 10:51:10 | INFO |       93.188 ¦     4323           2              0.010 
2025-05-23 10:51:10 | INFO |       93.198 ¦     4324           2              0.010 
2025-05-23 10:51:10 | INFO |       93.208 ¦     4325           2              0.010 
2025-05-23 10:51:10 | INFO |       93.218 ¦     4326           2              0.010 
2025-05-23 10:51:10 | INFO |       93.228 ¦     4327           2              0.010 
2025-05-23 10:51:10 | INFO |       93.238 ¦     4328           2              0.010 
2025-05-23 10:51:10 | INFO |       93.248 ¦     4329           2              0.010 
2025-05-23 10:51:10 | INFO |       93.258 ¦     4330           2              0.010 
2025-05-23 10:51:10 | INFO |       93.268 ¦     4331           2              0.010 
2025-05-23 10:51:10 | INFO |       93.278 ¦     4332           2              0.010 
2025-05-23 10:51:10 | INFO |       93.288 ¦     4333           2              0.010 
2025-05-23 10:51:10 | INFO |       93.298 ¦     4334           2              0.010 
2025-05-23 10:51:10 | INFO |       93.308 ¦     4335           2              0.010 
2025-05-23 10:51:10 | INFO |       93.318 ¦     4336           2              0.010 
2025-05-23 10:51:10 | INFO |       93.328 ¦     4337           2              0.010 
2025-05-23 10:51:10 | INFO |       93.338 ¦     4338           2              0.010 
2025-05-23 10:51:10 | INFO |       93.348 ¦     4339           2              0.010 
2025-05-23 10:51:10 | INFO |       93.358 ¦     4340           2              0.010 
2025-05-23 10:51:10 | INFO |       93.368 ¦     4341           2              0.010 
2025-05-23 10:51:10 | INFO |       93.378 ¦     4342           2              0.010 
2025-05-23 10:51:10 | INFO |       93.388 ¦     4343           2              0.010 
2025-05-23 10:51:10 | INFO |       93.398 ¦     4344           2              0.010 
2025-05-23 10:51:10 | INFO |       93.408 ¦     4345           2              0.010 
2025-05-23 10:51:10 | INFO |       93.418 ¦     4346           2              0.010 
2025-05-23 10:51:10 | INFO |       93.428 ¦     4347           2              0.010 
2025-05-23 10:51:10 | INFO |       93.438 ¦     4348           2              0.010 
2025-05-23 10:51:10 | INFO |       93.448 ¦     4349           2              0.010 
2025-05-23 10:51:10 | INFO |       93.458 ¦     4350           2              0.010 
2025-05-23 10:51:10 | INFO |       93.468 ¦     4351           2              0.010 
2025-05-23 10:51:10 | INFO |       93.478 ¦     4352           2              0.010 
2025-05-23 10:51:10 | INFO |       93.488 ¦     4353           2              0.010 
2025-05-23 10:51:10 | INFO |       93.498 ¦     4354           2              0.010 
2025-05-23 10:51:10 | INFO |       93.508 ¦     4355           2              0.010 
2025-05-23 10:51:10 | INFO |       93.518 ¦     4356           2              0.010 
2025-05-23 10:51:10 | INFO |       93.528 ¦     4357           2              0.010 
2025-05-23 10:51:10 | INFO |       93.538 ¦     4358           2              0.010 
2025-05-23 10:51:10 | INFO |       93.548 ¦     4359           2              0.010 
2025-05-23 10:51:10 | INFO |       93.558 ¦     4360           2              0.010 
2025-05-23 10:51:10 | INFO |       93.568 ¦     4361           2              0.010 
2025-05-23 10:51:10 | INFO |       93.578 ¦     4362           2              0.010 
2025-05-23 10:51:10 | INFO |       93.588 ¦     4363           2              0.010 
2025-05-23 10:51:10 | INFO |       93.598 ¦     4364           2              0.010 
2025-05-23 10:51:10 | INFO |       93.608 ¦     4365           2              0.010 
2025-05-23 10:51:10 | INFO |       93.618 ¦     4366           2              0.010 
2025-05-23 10:51:10 | INFO |       93.628 ¦     4367           2              0.010 
2025-05-23 10:51:10 | INFO |       93.638 ¦     4368           2              0.010 
2025-05-23 10:51:10 | INFO |       93.648 ¦     4369           2              0.010 
2025-05-23 10:51:10 | INFO |       93.658 ¦     4370           2              0.010 
2025-05-23 10:51:10 | INFO |       93.668 ¦     4371           2              0.010 
2025-05-23 10:51:10 | INFO |       93.678 ¦     4372           2              0.010 
2025-05-23 10:51:10 | INFO |       93.688 ¦     4373           2              0.010 
2025-05-23 10:51:10 | INFO |       93.698 ¦     4374           2              0.010 
2025-05-23 10:51:10 | INFO |       93.708 ¦     4375           2              0.010 
2025-05-23 10:51:10 | INFO |       93.718 ¦     4376           2              0.010 
2025-05-23 10:51:10 | INFO |       93.728 ¦     4377           2              0.010 
2025-05-23 10:51:10 | INFO |       93.738 ¦     4378           2              0.010 
2025-05-23 10:51:10 | INFO |       93.748 ¦     4379           2              0.010 
2025-05-23 10:51:10 | INFO |       93.758 ¦     4380           2              0.010 
2025-05-23 10:51:10 | INFO |       93.768 ¦     4381           2              0.010 
2025-05-23 10:51:10 | INFO |       93.778 ¦     4382           2              0.010 
2025-05-23 10:51:10 | INFO |       93.788 ¦     4383           2              0.010 
2025-05-23 10:51:10 | INFO |       93.798 ¦     4384           2              0.010 
2025-05-23 10:51:10 | INFO |       93.808 ¦     4385           2              0.010 
2025-05-23 10:51:10 | INFO |       93.818 ¦     4386           2              0.010 
2025-05-23 10:51:10 | INFO |       93.828 ¦     4387           2              0.010 
2025-05-23 10:51:10 | INFO |       93.838 ¦     4388           2              0.010 
2025-05-23 10:51:10 | INFO |       93.848 ¦     4389           2              0.010 
2025-05-23 10:51:10 | INFO |       93.858 ¦     4390           2              0.010 
2025-05-23 10:51:10 | INFO |       93.868 ¦     4391           2              0.010 
2025-05-23 10:51:10 | INFO |       93.878 ¦     4392           2              0.010 
2025-05-23 10:51:10 | INFO |       93.888 ¦     4393           2              0.010 
2025-05-23 10:51:10 | INFO |       93.898 ¦     4394           2              0.010 
2025-05-23 10:51:10 | INFO |       93.908 ¦     4395           2              0.010 
2025-05-23 10:51:10 | INFO |       93.918 ¦     4396           2              0.010 
2025-05-23 10:51:10 | INFO |       93.928 ¦     4397           2              0.010 
2025-05-23 10:51:10 | INFO |       93.938 ¦     4398           2              0.010 
2025-05-23 10:51:10 | INFO |       93.948 ¦     4399           2              0.010 
2025-05-23 10:51:10 | INFO |       93.958 ¦     4400           2              0.010 
2025-05-23 10:51:10 | INFO |       93.968 ¦     4401           2              0.010 
2025-05-23 10:51:10 | INFO |       93.978 ¦     4402           2              0.010 
2025-05-23 10:51:10 | INFO |       93.988 ¦     4403           2              0.010 
2025-05-23 10:51:10 | INFO |       93.998 ¦     4404           2              0.010 
2025-05-23 10:51:10 | INFO |       94.008 ¦     4405           2              0.010 
2025-05-23 10:51:10 | INFO |       94.018 ¦     4406           2              0.010 
2025-05-23 10:51:10 | INFO |       94.028 ¦     4407           2              0.010 
2025-05-23 10:51:10 | INFO |       94.038 ¦     4408           2              0.010 
2025-05-23 10:51:10 | INFO |       94.048 ¦     4409           2              0.010 
2025-05-23 10:51:10 | INFO |       94.058 ¦     4410           2              0.010 
2025-05-23 10:51:10 | INFO |       94.068 ¦     4411           2              0.010 
2025-05-23 10:51:10 | INFO |       94.078 ¦     4412           2              0.010 
2025-05-23 10:51:10 | INFO |       94.088 ¦     4413           2              0.010 
2025-05-23 10:51:10 | INFO |       94.098 ¦     4414           2              0.010 
2025-05-23 10:51:10 | INFO |       94.108 ¦     4415           2              0.010 
2025-05-23 10:51:10 | INFO |       94.118 ¦     4416           2              0.010 
2025-05-23 10:51:10 | INFO |       94.128 ¦     4417           2              0.010 
2025-05-23 10:51:10 | INFO |       94.138 ¦     4418           2              0.010 
2025-05-23 10:51:10 | INFO |       94.148 ¦     4419           2              0.010 
2025-05-23 10:51:10 | INFO |       94.158 ¦     4420           2              0.010 
2025-05-23 10:51:10 | INFO |       94.168 ¦     4421           2              0.010 
2025-05-23 10:51:10 | INFO |       94.178 ¦     4422           2              0.010 
2025-05-23 10:51:10 | INFO |       94.188 ¦     4423           2              0.010 
2025-05-23 10:51:10 | INFO |       94.198 ¦     4424           2              0.010 
2025-05-23 10:51:10 | INFO |       94.208 ¦     4425           2              0.010 
2025-05-23 10:51:10 | INFO |       94.218 ¦     4426           2              0.010 
2025-05-23 10:51:10 | INFO |       94.228 ¦     4427           2              0.010 
2025-05-23 10:51:10 | INFO |       94.238 ¦     4428           2              0.010 
2025-05-23 10:51:10 | INFO |       94.248 ¦     4429           2              0.010 
2025-05-23 10:51:10 | INFO |       94.258 ¦     4430           2              0.010 
2025-05-23 10:51:10 | INFO |       94.268 ¦     4431           2              0.010 
2025-05-23 10:51:10 | INFO |       94.278 ¦     4432           2              0.010 
2025-05-23 10:51:10 | INFO |       94.288 ¦     4433           2              0.010 
2025-05-23 10:51:10 | INFO |       94.298 ¦     4434           2              0.010 
2025-05-23 10:51:10 | INFO |       94.308 ¦     4435           2              0.010 
2025-05-23 10:51:10 | INFO |       94.318 ¦     4436           2              0.010 
2025-05-23 10:51:10 | INFO |       94.328 ¦     4437           2              0.010 
2025-05-23 10:51:10 | INFO |       94.338 ¦     4438           2              0.010 
2025-05-23 10:51:10 | INFO |       94.348 ¦     4439           2              0.010 
2025-05-23 10:51:10 | INFO |       94.358 ¦     4440           2              0.010 
2025-05-23 10:51:10 | INFO |       94.368 ¦     4441           2              0.010 
2025-05-23 10:51:10 | INFO |       94.378 ¦     4442           2              0.010 
2025-05-23 10:51:10 | INFO |       94.388 ¦     4443           2              0.010 
2025-05-23 10:51:10 | INFO |       94.398 ¦     4444           2              0.010 
2025-05-23 10:51:10 | INFO |       94.408 ¦     4445           2              0.010 
2025-05-23 10:51:10 | INFO |       94.418 ¦     4446           2              0.010 
2025-05-23 10:51:10 | INFO |       94.428 ¦     4447           2              0.010 
2025-05-23 10:51:10 | INFO |       94.438 ¦     4448           2              0.010 
2025-05-23 10:51:10 | INFO |       94.448 ¦     4449           2              0.010 
2025-05-23 10:51:10 | INFO |       94.458 ¦     4450           2              0.010 
2025-05-23 10:51:10 | INFO |       94.468 ¦     4451           2              0.010 
2025-05-23 10:51:10 | INFO |       94.478 ¦     4452           2              0.010 
2025-05-23 10:51:10 | INFO |       94.488 ¦     4453           2              0.010 
2025-05-23 10:51:10 | INFO |       94.498 ¦     4454           2              0.010 
2025-05-23 10:51:10 | INFO |       94.508 ¦     4455           2              0.010 
2025-05-23 10:51:10 | INFO |       94.518 ¦     4456           2              0.010 
2025-05-23 10:51:10 | INFO |       94.528 ¦     4457           2              0.010 
2025-05-23 10:51:10 | INFO |       94.538 ¦     4458           2              0.010 
2025-05-23 10:51:10 | INFO |       94.548 ¦     4459           2              0.010 
2025-05-23 10:51:10 | INFO |       94.558 ¦     4460           2              0.010 
2025-05-23 10:51:10 | INFO |       94.568 ¦     4461           2              0.010 
2025-05-23 10:51:10 | INFO |       94.578 ¦     4462           2              0.010 
2025-05-23 10:51:10 | INFO |       94.588 ¦     4463           2              0.010 
2025-05-23 10:51:10 | INFO |       94.598 ¦     4464           2              0.010 
2025-05-23 10:51:10 | INFO |       94.608 ¦     4465           2              0.010 
2025-05-23 10:51:10 | INFO |       94.618 ¦     4466           2              0.010 
2025-05-23 10:51:10 | INFO |       94.628 ¦     4467           2              0.010 
2025-05-23 10:51:10 | INFO |       94.638 ¦     4468           2              0.010 
2025-05-23 10:51:10 | INFO |       94.648 ¦     4469           2              0.010 
2025-05-23 10:51:10 | INFO |       94.658 ¦     4470           2              0.010 
2025-05-23 10:51:10 | INFO |       94.668 ¦     4471           2              0.010 
2025-05-23 10:51:10 | INFO |       94.678 ¦     4472           2              0.010 
2025-05-23 10:51:10 | INFO |       94.688 ¦     4473           2              0.010 
2025-05-23 10:51:10 | INFO |       94.698 ¦     4474           2              0.010 
2025-05-23 10:51:10 | INFO |       94.708 ¦     4475           2              0.010 
2025-05-23 10:51:10 | INFO |       94.718 ¦     4476           2              0.010 
2025-05-23 10:51:10 | INFO |       94.728 ¦     4477           2              0.010 
2025-05-23 10:51:10 | INFO |       94.738 ¦     4478           2              0.010 
2025-05-23 10:51:10 | INFO |       94.748 ¦     4479           2              0.010 
2025-05-23 10:51:10 | INFO |       94.758 ¦     4480           2              0.010 
2025-05-23 10:51:10 | INFO |       94.768 ¦     4481           2              0.010 
2025-05-23 10:51:10 | INFO |       94.778 ¦     4482           2              0.010 
2025-05-23 10:51:10 | INFO |       94.788 ¦     4483           2              0.010 
2025-05-23 10:51:10 | INFO |       94.798 ¦     4484           2              0.010 
2025-05-23 10:51:10 | INFO |       94.808 ¦     4485           2              0.010 
2025-05-23 10:51:10 | INFO |       94.818 ¦     4486           2              0.010 
2025-05-23 10:51:10 | INFO |       94.828 ¦     4487           2              0.010 
2025-05-23 10:51:10 | INFO |       94.838 ¦     4488           2              0.010 
2025-05-23 10:51:10 | INFO |       94.848 ¦     4489           2              0.010 
2025-05-23 10:51:10 | INFO |       94.858 ¦     4490           2              0.010 
2025-05-23 10:51:10 | INFO |       94.868 ¦     4491           2              0.010 
2025-05-23 10:51:10 | INFO |       94.878 ¦     4492           2              0.010 
2025-05-23 10:51:10 | INFO |       94.888 ¦     4493           2              0.010 
2025-05-23 10:51:10 | INFO |       94.898 ¦     4494           2              0.010 
2025-05-23 10:51:10 | INFO |       94.908 ¦     4495           2              0.010 
2025-05-23 10:51:10 | INFO |       94.918 ¦     4496           2              0.010 
2025-05-23 10:51:10 | INFO |       94.928 ¦     4497           2              0.010 
2025-05-23 10:51:10 | INFO |       94.938 ¦     4498           2              0.010 
2025-05-23 10:51:10 | INFO |       94.948 ¦     4499           2              0.010 
2025-05-23 10:51:10 | INFO |       94.958 ¦     4500           2              0.010 
2025-05-23 10:51:10 | INFO |       94.968 ¦     4501           2              0.010 
2025-05-23 10:51:10 | INFO |       94.978 ¦     4502           2              0.010 
2025-05-23 10:51:10 | INFO |       94.988 ¦     4503           2              0.010 
2025-05-23 10:51:10 | INFO |       94.998 ¦     4504           2              0.010 
2025-05-23 10:51:10 | INFO |       95.008 ¦     4505           2              0.010 
2025-05-23 10:51:10 | INFO |       95.018 ¦     4506           2              0.010 
2025-05-23 10:51:10 | INFO |       95.028 ¦     4507           2              0.010 
2025-05-23 10:51:10 | INFO |       95.038 ¦     4508           2              0.010 
2025-05-23 10:51:10 | INFO |       95.048 ¦     4509           2              0.010 
2025-05-23 10:51:10 | INFO |       95.058 ¦     4510           2              0.010 
2025-05-23 10:51:10 | INFO |       95.068 ¦     4511           2              0.010 
2025-05-23 10:51:10 | INFO |       95.078 ¦     4512           2              0.010 
2025-05-23 10:51:10 | INFO |       95.088 ¦     4513           2              0.010 
2025-05-23 10:51:10 | INFO |       95.098 ¦     4514           2              0.010 
2025-05-23 10:51:10 | INFO |       95.108 ¦     4515           2              0.010 
2025-05-23 10:51:10 | INFO |       95.118 ¦     4516           2              0.010 
2025-05-23 10:51:10 | INFO |       95.128 ¦     4517           2              0.010 
2025-05-23 10:51:10 | INFO |       95.138 ¦     4518           2              0.010 
2025-05-23 10:51:10 | INFO |       95.148 ¦     4519           2              0.010 
2025-05-23 10:51:10 | INFO |       95.158 ¦     4520           2              0.010 
2025-05-23 10:51:10 | INFO |       95.168 ¦     4521           2              0.010 
2025-05-23 10:51:10 | INFO |       95.178 ¦     4522           2              0.010 
2025-05-23 10:51:10 | INFO |       95.188 ¦     4523           2              0.010 
2025-05-23 10:51:10 | INFO |       95.198 ¦     4524           2              0.010 
2025-05-23 10:51:10 | INFO |       95.208 ¦     4525           2              0.010 
2025-05-23 10:51:10 | INFO |       95.218 ¦     4526           2              0.010 
2025-05-23 10:51:10 | INFO |       95.228 ¦     4527           2              0.010 
2025-05-23 10:51:10 | INFO |       95.238 ¦     4528           2              0.010 
2025-05-23 10:51:10 | INFO |       95.248 ¦     4529           2              0.010 
2025-05-23 10:51:10 | INFO |       95.258 ¦     4530           2              0.010 
2025-05-23 10:51:10 | INFO |       95.268 ¦     4531           2              0.010 
2025-05-23 10:51:10 | INFO |       95.278 ¦     4532           2              0.010 
2025-05-23 10:51:10 | INFO |       95.288 ¦     4533           2              0.010 
2025-05-23 10:51:10 | INFO |       95.298 ¦     4534           2              0.010 
2025-05-23 10:51:10 | INFO |       95.308 ¦     4535           2              0.010 
2025-05-23 10:51:10 | INFO |       95.318 ¦     4536           2              0.010 
2025-05-23 10:51:10 | INFO |       95.328 ¦     4537           2              0.010 
2025-05-23 10:51:10 | INFO |       95.338 ¦     4538           2              0.010 
2025-05-23 10:51:10 | INFO |       95.348 ¦     4539           2              0.010 
2025-05-23 10:51:10 | INFO |       95.358 ¦     4540           2              0.010 
2025-05-23 10:51:10 | INFO |       95.368 ¦     4541           2              0.010 
2025-05-23 10:51:10 | INFO |       95.378 ¦     4542           2              0.010 
2025-05-23 10:51:10 | INFO |       95.388 ¦     4543           2              0.010 
2025-05-23 10:51:10 | INFO |       95.398 ¦     4544           2              0.010 
2025-05-23 10:51:10 | INFO |       95.408 ¦     4545           2              0.010 
2025-05-23 10:51:10 | INFO |       95.418 ¦     4546           2              0.010 
2025-05-23 10:51:10 | INFO |       95.428 ¦     4547           2              0.010 
2025-05-23 10:51:10 | INFO |       95.438 ¦     4548           2              0.010 
2025-05-23 10:51:10 | INFO |       95.448 ¦     4549           2              0.010 
2025-05-23 10:51:10 | INFO |       95.458 ¦     4550           2              0.010 
2025-05-23 10:51:10 | INFO |       95.468 ¦     4551           2              0.010 
2025-05-23 10:51:10 | INFO |       95.478 ¦     4552           2              0.010 
2025-05-23 10:51:10 | INFO |       95.488 ¦     4553           2              0.010 
2025-05-23 10:51:10 | INFO |       95.498 ¦     4554           2              0.010 
2025-05-23 10:51:10 | INFO |       95.508 ¦     4555           2              0.010 
2025-05-23 10:51:10 | INFO |       95.518 ¦     4556           2              0.010 
2025-05-23 10:51:10 | INFO |       95.528 ¦     4557           2              0.010 
2025-05-23 10:51:10 | INFO |       95.538 ¦     4558           2              0.010 
2025-05-23 10:51:10 | INFO |       95.548 ¦     4559           2              0.010 
2025-05-23 10:51:10 | INFO |       95.558 ¦     4560           2              0.010 
2025-05-23 10:51:10 | INFO |       95.568 ¦     4561           2              0.010 
2025-05-23 10:51:10 | INFO |       95.578 ¦     4562           2              0.010 
2025-05-23 10:51:10 | INFO |       95.588 ¦     4563           2              0.010 
2025-05-23 10:51:10 | INFO |       95.598 ¦     4564           2              0.010 
2025-05-23 10:51:10 | INFO |       95.608 ¦     4565           2              0.010 
2025-05-23 10:51:10 | INFO |       95.618 ¦     4566           2              0.010 
2025-05-23 10:51:10 | INFO |       95.628 ¦     4567           2              0.010 
2025-05-23 10:51:10 | INFO |       95.638 ¦     4568           2              0.010 
2025-05-23 10:51:10 | INFO |       95.648 ¦     4569           2              0.010 
2025-05-23 10:51:10 | INFO |       95.658 ¦     4570           2              0.010 
2025-05-23 10:51:10 | INFO |       95.668 ¦     4571           2              0.010 
2025-05-23 10:51:10 | INFO |       95.678 ¦     4572           2              0.010 
2025-05-23 10:51:10 | INFO |       95.688 ¦     4573           2              0.010 
2025-05-23 10:51:10 | INFO |       95.698 ¦     4574           2              0.010 
2025-05-23 10:51:10 | INFO |       95.708 ¦     4575           2              0.010 
2025-05-23 10:51:10 | INFO |       95.718 ¦     4576           2              0.010 
2025-05-23 10:51:10 | INFO |       95.728 ¦     4577           2              0.010 
2025-05-23 10:51:10 | INFO |       95.738 ¦     4578           2              0.010 
2025-05-23 10:51:10 | INFO |       95.748 ¦     4579           2              0.010 
2025-05-23 10:51:10 | INFO |       95.758 ¦     4580           2              0.010 
2025-05-23 10:51:10 | INFO |       95.768 ¦     4581           2              0.010 
2025-05-23 10:51:10 | INFO |       95.778 ¦     4582           2              0.010 
2025-05-23 10:51:10 | INFO |       95.788 ¦     4583           2              0.010 
2025-05-23 10:51:10 | INFO |       95.798 ¦     4584           2              0.010 
2025-05-23 10:51:10 | INFO |       95.808 ¦     4585           2              0.010 
2025-05-23 10:51:10 | INFO |       95.818 ¦     4586           2              0.010 
2025-05-23 10:51:10 | INFO |       95.828 ¦     4587           2              0.010 
2025-05-23 10:51:10 | INFO |       95.838 ¦     4588           2              0.010 
2025-05-23 10:51:10 | INFO |       95.848 ¦     4589           2              0.010 
2025-05-23 10:51:10 | INFO |       95.858 ¦     4590           2              0.010 
2025-05-23 10:51:10 | INFO |       95.868 ¦     4591           2              0.010 
2025-05-23 10:51:10 | INFO |       95.878 ¦     4592           2              0.010 
2025-05-23 10:51:10 | INFO |       95.888 ¦     4593           2              0.010 
2025-05-23 10:51:10 | INFO |       95.898 ¦     4594           2              0.010 
2025-05-23 10:51:10 | INFO |       95.908 ¦     4595           2              0.010 
2025-05-23 10:51:10 | INFO |       95.918 ¦     4596           2              0.010 
2025-05-23 10:51:10 | INFO |       95.928 ¦     4597           2              0.010 
2025-05-23 10:51:10 | INFO |       95.938 ¦     4598           2              0.010 
2025-05-23 10:51:10 | INFO |       95.948 ¦     4599           2              0.010 
2025-05-23 10:51:10 | INFO |       95.958 ¦     4600           2              0.010 
2025-05-23 10:51:10 | INFO |       95.968 ¦     4601           2              0.010 
2025-05-23 10:51:10 | INFO |       95.978 ¦     4602           2              0.010 
2025-05-23 10:51:10 | INFO |       95.988 ¦     4603           2              0.010 
2025-05-23 10:51:10 | INFO |       95.998 ¦     4604           2              0.010 
2025-05-23 10:51:10 | INFO |       96.008 ¦     4605           2              0.010 
2025-05-23 10:51:10 | INFO |       96.018 ¦     4606           2              0.010 
2025-05-23 10:51:10 | INFO |       96.028 ¦     4607           2              0.010 
2025-05-23 10:51:10 | INFO |       96.038 ¦     4608           2              0.010 
2025-05-23 10:51:10 | INFO |       96.048 ¦     4609           2              0.010 
2025-05-23 10:51:10 | INFO |       96.058 ¦     4610           2              0.010 
2025-05-23 10:51:10 | INFO |       96.068 ¦     4611           2              0.010 
2025-05-23 10:51:10 | INFO |       96.078 ¦     4612           2              0.010 
2025-05-23 10:51:10 | INFO |       96.088 ¦     4613           2              0.010 
2025-05-23 10:51:10 | INFO |       96.098 ¦     4614           2              0.010 
2025-05-23 10:51:10 | INFO |       96.108 ¦     4615           2              0.010 
2025-05-23 10:51:10 | INFO |       96.118 ¦     4616           2              0.010 
2025-05-23 10:51:10 | INFO |       96.128 ¦     4617           2              0.010 
2025-05-23 10:51:10 | INFO |       96.138 ¦     4618           2              0.010 
2025-05-23 10:51:10 | INFO |       96.148 ¦     4619           2              0.010 
2025-05-23 10:51:10 | INFO |       96.158 ¦     4620           2              0.010 
2025-05-23 10:51:10 | INFO |       96.168 ¦     4621           2              0.010 
2025-05-23 10:51:10 | INFO |       96.178 ¦     4622           2              0.010 
2025-05-23 10:51:10 | INFO |       96.188 ¦     4623           2              0.010 
2025-05-23 10:51:10 | INFO |       96.198 ¦     4624           2              0.010 
2025-05-23 10:51:10 | INFO |       96.208 ¦     4625           2              0.010 
2025-05-23 10:51:10 | INFO |       96.218 ¦     4626           2              0.010 
2025-05-23 10:51:10 | INFO |       96.228 ¦     4627           2              0.010 
2025-05-23 10:51:10 | INFO |       96.238 ¦     4628           2              0.010 
2025-05-23 10:51:10 | INFO |       96.248 ¦     4629           2              0.010 
2025-05-23 10:51:10 | INFO |       96.258 ¦     4630           2              0.010 
2025-05-23 10:51:10 | INFO |       96.268 ¦     4631           2              0.010 
2025-05-23 10:51:10 | INFO |       96.278 ¦     4632           2              0.010 
2025-05-23 10:51:10 | INFO |       96.288 ¦     4633           2              0.010 
2025-05-23 10:51:10 | INFO |       96.298 ¦     4634           2              0.010 
2025-05-23 10:51:10 | INFO |       96.308 ¦     4635           2              0.010 
2025-05-23 10:51:10 | INFO |       96.318 ¦     4636           2              0.010 
2025-05-23 10:51:10 | INFO |       96.328 ¦     4637           2              0.010 
2025-05-23 10:51:10 | INFO |       96.338 ¦     4638           2              0.010 
2025-05-23 10:51:10 | INFO |       96.348 ¦     4639           2              0.010 
2025-05-23 10:51:10 | INFO |       96.358 ¦     4640           2              0.010 
2025-05-23 10:51:10 | INFO |       96.368 ¦     4641           2              0.010 
2025-05-23 10:51:10 | INFO |       96.378 ¦     4642           2              0.010 
2025-05-23 10:51:10 | INFO |       96.388 ¦     4643           2              0.010 
2025-05-23 10:51:10 | INFO |       96.398 ¦     4644           2              0.010 
2025-05-23 10:51:10 | INFO |       96.408 ¦     4645           2              0.010 
2025-05-23 10:51:10 | INFO |       96.418 ¦     4646           2              0.010 
2025-05-23 10:51:10 | INFO |       96.428 ¦     4647           2              0.010 
2025-05-23 10:51:10 | INFO |       96.438 ¦     4648           2              0.010 
2025-05-23 10:51:10 | INFO |       96.448 ¦     4649           2              0.010 
2025-05-23 10:51:10 | INFO |       96.458 ¦     4650           2              0.010 
2025-05-23 10:51:10 | INFO |       96.468 ¦     4651           2              0.010 
2025-05-23 10:51:10 | INFO |       96.478 ¦     4652           2              0.010 
2025-05-23 10:51:10 | INFO |       96.488 ¦     4653           2              0.010 
2025-05-23 10:51:10 | INFO |       96.498 ¦     4654           2              0.010 
2025-05-23 10:51:10 | INFO |       96.508 ¦     4655           2              0.010 
2025-05-23 10:51:10 | INFO |       96.518 ¦     4656           2              0.010 
2025-05-23 10:51:10 | INFO |       96.528 ¦     4657           2              0.010 
2025-05-23 10:51:10 | INFO |       96.538 ¦     4658           2              0.010 
2025-05-23 10:51:10 | INFO |       96.548 ¦     4659           2              0.010 
2025-05-23 10:51:10 | INFO |       96.558 ¦     4660           2              0.010 
2025-05-23 10:51:10 | INFO |       96.568 ¦     4661           2              0.010 
2025-05-23 10:51:10 | INFO |       96.578 ¦     4662           2              0.010 
2025-05-23 10:51:10 | INFO |       96.588 ¦     4663           2              0.010 
2025-05-23 10:51:10 | INFO |       96.598 ¦     4664           2              0.010 
2025-05-23 10:51:10 | INFO |       96.608 ¦     4665           2              0.010 
2025-05-23 10:51:10 | INFO |       96.618 ¦     4666           2              0.010 
2025-05-23 10:51:10 | INFO |       96.628 ¦     4667           2              0.010 
2025-05-23 10:51:10 | INFO |       96.638 ¦     4668           2              0.010 
2025-05-23 10:51:10 | INFO |       96.648 ¦     4669           2              0.010 
2025-05-23 10:51:10 | INFO |       96.658 ¦     4670           2              0.010 
2025-05-23 10:51:10 | INFO |       96.668 ¦     4671           2              0.010 
2025-05-23 10:51:10 | INFO |       96.678 ¦     4672           2              0.010 
2025-05-23 10:51:10 | INFO |       96.688 ¦     4673           2              0.010 
2025-05-23 10:51:10 | INFO |       96.698 ¦     4674           2              0.010 
2025-05-23 10:51:10 | INFO |       96.708 ¦     4675           2              0.010 
2025-05-23 10:51:10 | INFO |       96.718 ¦     4676           2              0.010 
2025-05-23 10:51:10 | INFO |       96.728 ¦     4677           2              0.010 
2025-05-23 10:51:10 | INFO |       96.738 ¦     4678           2              0.010 
2025-05-23 10:51:10 | INFO |       96.748 ¦     4679           2              0.010 
2025-05-23 10:51:10 | INFO |       96.758 ¦     4680           2              0.010 
2025-05-23 10:51:10 | INFO |       96.768 ¦     4681           2              0.010 
2025-05-23 10:51:10 | INFO |       96.778 ¦     4682           2              0.010 
2025-05-23 10:51:10 | INFO |       96.788 ¦     4683           2              0.010 
2025-05-23 10:51:10 | INFO |       96.798 ¦     4684           2              0.010 
2025-05-23 10:51:10 | INFO |       96.808 ¦     4685           2              0.010 
2025-05-23 10:51:10 | INFO |       96.818 ¦     4686           2              0.010 
2025-05-23 10:51:10 | INFO |       96.828 ¦     4687           2              0.010 
2025-05-23 10:51:10 | INFO |       96.838 ¦     4688           2              0.010 
2025-05-23 10:51:10 | INFO |       96.848 ¦     4689           2              0.010 
2025-05-23 10:51:10 | INFO |       96.858 ¦     4690           2              0.010 
2025-05-23 10:51:10 | INFO |       96.868 ¦     4691           2              0.010 
2025-05-23 10:51:10 | INFO |       96.878 ¦     4692           2              0.010 
2025-05-23 10:51:10 | INFO |       96.888 ¦     4693           2              0.010 
2025-05-23 10:51:10 | INFO |       96.898 ¦     4694           2              0.010 
2025-05-23 10:51:10 | INFO |       96.908 ¦     4695           2              0.010 
2025-05-23 10:51:10 | INFO |       96.918 ¦     4696           2              0.010 
2025-05-23 10:51:10 | INFO |       96.928 ¦     4697           2              0.010 
2025-05-23 10:51:10 | INFO |       96.938 ¦     4698           2              0.010 
2025-05-23 10:51:10 | INFO |       96.948 ¦     4699           2              0.010 
2025-05-23 10:51:10 | INFO |       96.958 ¦     4700           2              0.010 
2025-05-23 10:51:10 | INFO |       96.968 ¦     4701           2              0.010 
2025-05-23 10:51:10 | INFO |       96.978 ¦     4702           2              0.010 
2025-05-23 10:51:10 | INFO |       96.988 ¦     4703           2              0.010 
2025-05-23 10:51:10 | INFO |       96.998 ¦     4704           2              0.010 
2025-05-23 10:51:10 | INFO |       97.008 ¦     4705           2              0.010 
2025-05-23 10:51:10 | INFO |       97.018 ¦     4706           2              0.010 
2025-05-23 10:51:10 | INFO |       97.028 ¦     4707           2              0.010 
2025-05-23 10:51:10 | INFO |       97.038 ¦     4708           2              0.010 
2025-05-23 10:51:10 | INFO |       97.048 ¦     4709           2              0.010 
2025-05-23 10:51:10 | INFO |       97.058 ¦     4710           2              0.010 
2025-05-23 10:51:10 | INFO |       97.068 ¦     4711           2              0.010 
2025-05-23 10:51:10 | INFO |       97.078 ¦     4712           2              0.010 
2025-05-23 10:51:10 | INFO |       97.088 ¦     4713           2              0.010 
2025-05-23 10:51:10 | INFO |       97.098 ¦     4714           2              0.010 
2025-05-23 10:51:10 | INFO |       97.108 ¦     4715           2              0.010 
2025-05-23 10:51:10 | INFO |       97.118 ¦     4716           2              0.010 
2025-05-23 10:51:10 | INFO |       97.128 ¦     4717           2              0.010 
2025-05-23 10:51:10 | INFO |       97.138 ¦     4718           2              0.010 
2025-05-23 10:51:10 | INFO |       97.148 ¦     4719           2              0.010 
2025-05-23 10:51:10 | INFO |       97.158 ¦     4720           2              0.010 
2025-05-23 10:51:10 | INFO |       97.168 ¦     4721           2              0.010 
2025-05-23 10:51:10 | INFO |       97.178 ¦     4722           2              0.010 
2025-05-23 10:51:10 | INFO |       97.188 ¦     4723           2              0.010 
2025-05-23 10:51:10 | INFO |       97.198 ¦     4724           2              0.010 
2025-05-23 10:51:10 | INFO |       97.208 ¦     4725           2              0.010 
2025-05-23 10:51:10 | INFO |       97.218 ¦     4726           2              0.010 
2025-05-23 10:51:10 | INFO |       97.228 ¦     4727           2              0.010 
2025-05-23 10:51:10 | INFO |       97.238 ¦     4728           2              0.010 
2025-05-23 10:51:10 | INFO |       97.248 ¦     4729           2              0.010 
2025-05-23 10:51:10 | INFO |       97.258 ¦     4730           2              0.010 
2025-05-23 10:51:10 | INFO |       97.268 ¦     4731           2              0.010 
2025-05-23 10:51:10 | INFO |       97.278 ¦     4732           2              0.010 
2025-05-23 10:51:10 | INFO |       97.288 ¦     4733           2              0.010 
2025-05-23 10:51:10 | INFO |       97.298 ¦     4734           2              0.010 
2025-05-23 10:51:10 | INFO |       97.308 ¦     4735           2              0.010 
2025-05-23 10:51:10 | INFO |       97.318 ¦     4736           2              0.010 
2025-05-23 10:51:10 | INFO |       97.328 ¦     4737           2              0.010 
2025-05-23 10:51:10 | INFO |       97.338 ¦     4738           2              0.010 
2025-05-23 10:51:10 | INFO |       97.348 ¦     4739           2              0.010 
2025-05-23 10:51:10 | INFO |       97.358 ¦     4740           2              0.010 
2025-05-23 10:51:10 | INFO |       97.368 ¦     4741           2              0.010 
2025-05-23 10:51:10 | INFO |       97.378 ¦     4742           2              0.010 
2025-05-23 10:51:10 | INFO |       97.388 ¦     4743           2              0.010 
2025-05-23 10:51:10 | INFO |       97.398 ¦     4744           2              0.010 
2025-05-23 10:51:10 | INFO |       97.408 ¦     4745           2              0.010 
2025-05-23 10:51:10 | INFO |       97.418 ¦     4746           2              0.010 
2025-05-23 10:51:10 | INFO |       97.428 ¦     4747           2              0.010 
2025-05-23 10:51:10 | INFO |       97.438 ¦     4748           2              0.010 
2025-05-23 10:51:10 | INFO |       97.448 ¦     4749           2              0.010 
2025-05-23 10:51:10 | INFO |       97.458 ¦     4750           2              0.010 
2025-05-23 10:51:10 | INFO |       97.468 ¦     4751           2              0.010 
2025-05-23 10:51:10 | INFO |       97.478 ¦     4752           2              0.010 
2025-05-23 10:51:10 | INFO |       97.488 ¦     4753           2              0.010 
2025-05-23 10:51:10 | INFO |       97.498 ¦     4754           2              0.010 
2025-05-23 10:51:10 | INFO |       97.508 ¦     4755           2              0.010 
2025-05-23 10:51:10 | INFO |       97.518 ¦     4756           2              0.010 
2025-05-23 10:51:10 | INFO |       97.528 ¦     4757           2              0.010 
2025-05-23 10:51:10 | INFO |       97.538 ¦     4758           2              0.010 
2025-05-23 10:51:10 | INFO |       97.548 ¦     4759           2              0.010 
2025-05-23 10:51:10 | INFO |       97.558 ¦     4760           2              0.010 
2025-05-23 10:51:10 | INFO |       97.568 ¦     4761           2              0.010 
2025-05-23 10:51:10 | INFO |       97.578 ¦     4762           2              0.010 
2025-05-23 10:51:10 | INFO |       97.588 ¦     4763           2              0.010 
2025-05-23 10:51:10 | INFO |       97.598 ¦     4764           2              0.010 
2025-05-23 10:51:10 | INFO |       97.608 ¦     4765           2              0.010 
2025-05-23 10:51:10 | INFO |       97.618 ¦     4766           2              0.010 
2025-05-23 10:51:10 | INFO |       97.628 ¦     4767           2              0.010 
2025-05-23 10:51:10 | INFO |       97.638 ¦     4768           2              0.010 
2025-05-23 10:51:10 | INFO |       97.648 ¦     4769           2              0.010 
2025-05-23 10:51:10 | INFO |       97.658 ¦     4770           2              0.010 
2025-05-23 10:51:10 | INFO |       97.668 ¦     4771           2              0.010 
2025-05-23 10:51:10 | INFO |       97.678 ¦     4772           2              0.010 
2025-05-23 10:51:10 | INFO |       97.688 ¦     4773           2              0.010 
2025-05-23 10:51:10 | INFO |       97.698 ¦     4774           2              0.010 
2025-05-23 10:51:10 | INFO |       97.708 ¦     4775           2              0.010 
2025-05-23 10:51:10 | INFO |       97.718 ¦     4776           2              0.010 
2025-05-23 10:51:10 | INFO |       97.728 ¦     4777           2              0.010 
2025-05-23 10:51:10 | INFO |       97.738 ¦     4778           2              0.010 
2025-05-23 10:51:10 | INFO |       97.748 ¦     4779           2              0.010 
2025-05-23 10:51:10 | INFO |       97.758 ¦     4780           2              0.010 
2025-05-23 10:51:10 | INFO |       97.768 ¦     4781           2              0.010 
2025-05-23 10:51:10 | INFO |       97.778 ¦     4782           2              0.010 
2025-05-23 10:51:10 | INFO |       97.788 ¦     4783           2              0.010 
2025-05-23 10:51:10 | INFO |       97.798 ¦     4784           2              0.010 
2025-05-23 10:51:10 | INFO |       97.808 ¦     4785           2              0.010 
2025-05-23 10:51:10 | INFO |       97.818 ¦     4786           2              0.010 
2025-05-23 10:51:10 | INFO |       97.828 ¦     4787           2              0.010 
2025-05-23 10:51:10 | INFO |       97.838 ¦     4788           2              0.010 
2025-05-23 10:51:10 | INFO |       97.848 ¦     4789           2              0.010 
2025-05-23 10:51:10 | INFO |       97.858 ¦     4790           2              0.010 
2025-05-23 10:51:10 | INFO |       97.868 ¦     4791           2              0.010 
2025-05-23 10:51:10 | INFO |       97.878 ¦     4792           2              0.010 
2025-05-23 10:51:10 | INFO |       97.888 ¦     4793           2              0.010 
2025-05-23 10:51:10 | INFO |       97.898 ¦     4794           2              0.010 
2025-05-23 10:51:10 | INFO |       97.908 ¦     4795           2              0.010 
2025-05-23 10:51:10 | INFO |       97.918 ¦     4796           2              0.010 
2025-05-23 10:51:10 | INFO |       97.928 ¦     4797           2              0.010 
2025-05-23 10:51:10 | INFO |       97.938 ¦     4798           2              0.010 
2025-05-23 10:51:10 | INFO |       97.948 ¦     4799           2              0.010 
2025-05-23 10:51:10 | INFO |       97.958 ¦     4800           2              0.010 
2025-05-23 10:51:10 | INFO |       97.968 ¦     4801           2              0.010 
2025-05-23 10:51:10 | INFO |       97.978 ¦     4802           2              0.010 
2025-05-23 10:51:10 | INFO |       97.988 ¦     4803           2              0.010 
2025-05-23 10:51:10 | INFO |       97.998 ¦     4804           2              0.010 
2025-05-23 10:51:10 | INFO |       98.008 ¦     4805           2              0.010 
2025-05-23 10:51:10 | INFO |       98.018 ¦     4806           2              0.010 
2025-05-23 10:51:10 | INFO |       98.028 ¦     4807           2              0.010 
2025-05-23 10:51:10 | INFO |       98.038 ¦     4808           2              0.010 
2025-05-23 10:51:10 | INFO |       98.048 ¦     4809           2              0.010 
2025-05-23 10:51:10 | INFO |       98.058 ¦     4810           2              0.010 
2025-05-23 10:51:10 | INFO |       98.068 ¦     4811           2              0.010 
2025-05-23 10:51:10 | INFO |       98.078 ¦     4812           2              0.010 
2025-05-23 10:51:10 | INFO |       98.088 ¦     4813           2              0.010 
2025-05-23 10:51:10 | INFO |       98.098 ¦     4814           2              0.010 
2025-05-23 10:51:10 | INFO |       98.108 ¦     4815           2              0.010 
2025-05-23 10:51:10 | INFO |       98.118 ¦     4816           2              0.010 
2025-05-23 10:51:10 | INFO |       98.128 ¦     4817           2              0.010 
2025-05-23 10:51:10 | INFO |       98.138 ¦     4818           2              0.010 
2025-05-23 10:51:10 | INFO |       98.148 ¦     4819           2              0.010 
2025-05-23 10:51:10 | INFO |       98.158 ¦     4820           2              0.010 
2025-05-23 10:51:10 | INFO |       98.168 ¦     4821           2              0.010 
2025-05-23 10:51:10 | INFO |       98.178 ¦     4822           2              0.010 
2025-05-23 10:51:10 | INFO |       98.188 ¦     4823           2              0.010 
2025-05-23 10:51:10 | INFO |       98.198 ¦     4824           2              0.010 
2025-05-23 10:51:10 | INFO |       98.208 ¦     4825           2              0.010 
2025-05-23 10:51:10 | INFO |       98.218 ¦     4826           2              0.010 
2025-05-23 10:51:10 | INFO |       98.228 ¦     4827           2              0.010 
2025-05-23 10:51:10 | INFO |       98.238 ¦     4828           2              0.010 
2025-05-23 10:51:10 | INFO |       98.248 ¦     4829           2              0.010 
2025-05-23 10:51:10 | INFO |       98.258 ¦     4830           2              0.010 
2025-05-23 10:51:10 | INFO |       98.268 ¦     4831           2              0.010 
2025-05-23 10:51:10 | INFO |       98.278 ¦     4832           2              0.010 
2025-05-23 10:51:10 | INFO |       98.288 ¦     4833           2              0.010 
2025-05-23 10:51:10 | INFO |       98.298 ¦     4834           2              0.010 
2025-05-23 10:51:10 | INFO |       98.308 ¦     4835           2              0.010 
2025-05-23 10:51:10 | INFO |       98.318 ¦     4836           2              0.010 
2025-05-23 10:51:10 | INFO |       98.328 ¦     4837           2              0.010 
2025-05-23 10:51:10 | INFO |       98.338 ¦     4838           2              0.010 
2025-05-23 10:51:10 | INFO |       98.348 ¦     4839           2              0.010 
2025-05-23 10:51:10 | INFO |       98.358 ¦     4840           2              0.010 
2025-05-23 10:51:10 | INFO |       98.368 ¦     4841           2              0.010 
2025-05-23 10:51:10 | INFO |       98.378 ¦     4842           2              0.010 
2025-05-23 10:51:10 | INFO |       98.388 ¦     4843           2              0.010 
2025-05-23 10:51:10 | INFO |       98.398 ¦     4844           2              0.010 
2025-05-23 10:51:10 | INFO |       98.408 ¦     4845           2              0.010 
2025-05-23 10:51:10 | INFO |       98.418 ¦     4846           2              0.010 
2025-05-23 10:51:10 | INFO |       98.428 ¦     4847           2              0.010 
2025-05-23 10:51:10 | INFO |       98.438 ¦     4848           2              0.010 
2025-05-23 10:51:10 | INFO |       98.448 ¦     4849           2              0.010 
2025-05-23 10:51:10 | INFO |       98.458 ¦     4850           2              0.010 
2025-05-23 10:51:10 | INFO |       98.468 ¦     4851           2              0.010 
2025-05-23 10:51:10 | INFO |       98.478 ¦     4852           2              0.010 
2025-05-23 10:51:10 | INFO |       98.488 ¦     4853           2              0.010 
2025-05-23 10:51:10 | INFO |       98.498 ¦     4854           2              0.010 
2025-05-23 10:51:10 | INFO |       98.508 ¦     4855           2              0.010 
2025-05-23 10:51:10 | INFO |       98.518 ¦     4856           2              0.010 
2025-05-23 10:51:10 | INFO |       98.528 ¦     4857           2              0.010 
2025-05-23 10:51:10 | INFO |       98.538 ¦     4858           2              0.010 
2025-05-23 10:51:10 | INFO |       98.548 ¦     4859           2              0.010 
2025-05-23 10:51:10 | INFO |       98.558 ¦     4860           2              0.010 
2025-05-23 10:51:10 | INFO |       98.568 ¦     4861           2              0.010 
2025-05-23 10:51:10 | INFO |       98.578 ¦     4862           2              0.010 
2025-05-23 10:51:10 | INFO |       98.588 ¦     4863           2              0.010 
2025-05-23 10:51:10 | INFO |       98.598 ¦     4864           2              0.010 
2025-05-23 10:51:10 | INFO |       98.608 ¦     4865           2              0.010 
2025-05-23 10:51:10 | INFO |       98.618 ¦     4866           2              0.010 
2025-05-23 10:51:10 | INFO |       98.628 ¦     4867           2              0.010 
2025-05-23 10:51:10 | INFO |       98.638 ¦     4868           2              0.010 
2025-05-23 10:51:10 | INFO |       98.648 ¦     4869           2              0.010 
2025-05-23 10:51:10 | INFO |       98.658 ¦     4870           2              0.010 
2025-05-23 10:51:10 | INFO |       98.668 ¦     4871           2              0.010 
2025-05-23 10:51:10 | INFO |       98.678 ¦     4872           2              0.010 
2025-05-23 10:51:10 | INFO |       98.688 ¦     4873           2              0.010 
2025-05-23 10:51:10 | INFO |       98.698 ¦     4874           2              0.010 
2025-05-23 10:51:10 | INFO |       98.708 ¦     4875           2              0.010 
2025-05-23 10:51:10 | INFO |       98.718 ¦     4876           2              0.010 
2025-05-23 10:51:10 | INFO |       98.728 ¦     4877           2              0.010 
2025-05-23 10:51:10 | INFO |       98.738 ¦     4878           2              0.010 
2025-05-23 10:51:10 | INFO |       98.748 ¦     4879           2              0.010 
2025-05-23 10:51:10 | INFO |       98.758 ¦     4880           2              0.010 
2025-05-23 10:51:10 | INFO |       98.768 ¦     4881           2              0.010 
2025-05-23 10:51:10 | INFO |       98.778 ¦     4882           2              0.010 
2025-05-23 10:51:10 | INFO |       98.788 ¦     4883           2              0.010 
2025-05-23 10:51:10 | INFO |       98.798 ¦     4884           2              0.010 
2025-05-23 10:51:10 | INFO |       98.808 ¦     4885           2              0.010 
2025-05-23 10:51:10 | INFO |       98.818 ¦     4886           2              0.010 
2025-05-23 10:51:10 | INFO |       98.828 ¦     4887           2              0.010 
2025-05-23 10:51:10 | INFO |       98.838 ¦     4888           2              0.010 
2025-05-23 10:51:10 | INFO |       98.848 ¦     4889           2              0.010 
2025-05-23 10:51:10 | INFO |       98.858 ¦     4890           2              0.010 
2025-05-23 10:51:10 | INFO |       98.868 ¦     4891           2              0.010 
2025-05-23 10:51:10 | INFO |       98.878 ¦     4892           2              0.010 
2025-05-23 10:51:10 | INFO |       98.888 ¦     4893           2              0.010 
2025-05-23 10:51:10 | INFO |       98.898 ¦     4894           2              0.010 
2025-05-23 10:51:10 | INFO |       98.908 ¦     4895           2              0.010 
2025-05-23 10:51:10 | INFO |       98.918 ¦     4896           2              0.010 
2025-05-23 10:51:10 | INFO |       98.928 ¦     4897           2              0.010 
2025-05-23 10:51:10 | INFO |       98.938 ¦     4898           2              0.010 
2025-05-23 10:51:10 | INFO |       98.948 ¦     4899           2              0.010 
2025-05-23 10:51:10 | INFO |       98.958 ¦     4900           2              0.010 
2025-05-23 10:51:10 | INFO |       98.968 ¦     4901           2              0.010 
2025-05-23 10:51:10 | INFO |       98.978 ¦     4902           2              0.010 
2025-05-23 10:51:10 | INFO |       98.988 ¦     4903           2              0.010 
2025-05-23 10:51:10 | INFO |       98.998 ¦     4904           2              0.010 
2025-05-23 10:51:10 | INFO |       99.008 ¦     4905           2              0.010 
2025-05-23 10:51:10 | INFO |       99.018 ¦     4906           2              0.010 
2025-05-23 10:51:10 | INFO |       99.028 ¦     4907           2              0.010 
2025-05-23 10:51:10 | INFO |       99.038 ¦     4908           2              0.010 
2025-05-23 10:51:10 | INFO |       99.048 ¦     4909           2              0.010 
2025-05-23 10:51:10 | INFO |       99.058 ¦     4910           2              0.010 
2025-05-23 10:51:10 | INFO |       99.068 ¦     4911           2              0.010 
2025-05-23 10:51:10 | INFO |       99.078 ¦     4912           2              0.010 
2025-05-23 10:51:10 | INFO |       99.088 ¦     4913           2              0.010 
2025-05-23 10:51:10 | INFO |       99.098 ¦     4914           2              0.010 
2025-05-23 10:51:10 | INFO |       99.108 ¦     4915           2              0.010 
2025-05-23 10:51:10 | INFO |       99.118 ¦     4916           2              0.010 
2025-05-23 10:51:10 | INFO |       99.128 ¦     4917           2              0.010 
2025-05-23 10:51:10 | INFO |       99.138 ¦     4918           2              0.010 
2025-05-23 10:51:10 | INFO |       99.148 ¦     4919           2              0.010 
2025-05-23 10:51:10 | INFO |       99.158 ¦     4920           2              0.010 
2025-05-23 10:51:10 | INFO |       99.168 ¦     4921           2              0.010 
2025-05-23 10:51:10 | INFO |       99.178 ¦     4922           2              0.010 
2025-05-23 10:51:10 | INFO |       99.188 ¦     4923           2              0.010 
2025-05-23 10:51:10 | INFO |       99.198 ¦     4924           2              0.010 
2025-05-23 10:51:10 | INFO |       99.208 ¦     4925           2              0.010 
2025-05-23 10:51:10 | INFO |       99.218 ¦     4926           2              0.010 
2025-05-23 10:51:10 | INFO |       99.228 ¦     4927           2              0.010 
2025-05-23 10:51:10 | INFO |       99.238 ¦     4928           2              0.010 
2025-05-23 10:51:10 | INFO |       99.248 ¦     4929           2              0.010 
2025-05-23 10:51:10 | INFO |       99.258 ¦     4930           2              0.010 
2025-05-23 10:51:10 | INFO |       99.268 ¦     4931           2              0.010 
2025-05-23 10:51:10 | INFO |       99.278 ¦     4932           2              0.010 
2025-05-23 10:51:10 | INFO |       99.288 ¦     4933           2              0.010 
2025-05-23 10:51:10 | INFO |       99.298 ¦     4934           2              0.010 
2025-05-23 10:51:10 | INFO |       99.308 ¦     4935           2              0.010 
2025-05-23 10:51:10 | INFO |       99.318 ¦     4936           2              0.010 
2025-05-23 10:51:10 | INFO |       99.328 ¦     4937           2              0.010 
2025-05-23 10:51:10 | INFO |       99.338 ¦     4938           2              0.010 
2025-05-23 10:51:10 | INFO |       99.348 ¦     4939           2              0.010 
2025-05-23 10:51:10 | INFO |       99.358 ¦     4940           2              0.010 
2025-05-23 10:51:10 | INFO |       99.368 ¦     4941           2              0.010 
2025-05-23 10:51:10 | INFO |       99.378 ¦     4942           2              0.010 
2025-05-23 10:51:10 | INFO |       99.388 ¦     4943           2              0.010 
2025-05-23 10:51:10 | INFO |       99.398 ¦     4944           2              0.010 
2025-05-23 10:51:10 | INFO |       99.408 ¦     4945           2              0.010 
2025-05-23 10:51:10 | INFO |       99.418 ¦     4946           2              0.010 
2025-05-23 10:51:10 | INFO |       99.428 ¦     4947           2              0.010 
2025-05-23 10:51:10 | INFO |       99.438 ¦     4948           2              0.010 
2025-05-23 10:51:10 | INFO |       99.448 ¦     4949           2              0.010 
2025-05-23 10:51:10 | INFO |       99.458 ¦     4950           2              0.010 
2025-05-23 10:51:10 | INFO |       99.468 ¦     4951           2              0.010 
2025-05-23 10:51:10 | INFO |       99.478 ¦     4952           2              0.010 
2025-05-23 10:51:10 | INFO |       99.488 ¦     4953           2              0.010 
2025-05-23 10:51:10 | INFO |       99.498 ¦     4954           2              0.010 
2025-05-23 10:51:10 | INFO |       99.508 ¦     4955           2              0.010 
2025-05-23 10:51:10 | INFO |       99.518 ¦     4956           2              0.010 
2025-05-23 10:51:10 | INFO |       99.528 ¦     4957           2              0.010 
2025-05-23 10:51:10 | INFO |       99.538 ¦     4958           2              0.010 
2025-05-23 10:51:10 | INFO |       99.548 ¦     4959           2              0.010 
2025-05-23 10:51:10 | INFO |       99.558 ¦     4960           2              0.010 
2025-05-23 10:51:10 | INFO |       99.568 ¦     4961           2              0.010 
2025-05-23 10:51:10 | INFO |       99.578 ¦     4962           2              0.010 
2025-05-23 10:51:10 | INFO |       99.588 ¦     4963           2              0.010 
2025-05-23 10:51:10 | INFO |       99.598 ¦     4964           2              0.010 
2025-05-23 10:51:10 | INFO |       99.608 ¦     4965           2              0.010 
2025-05-23 10:51:10 | INFO |       99.618 ¦     4966           2              0.010 
2025-05-23 10:51:10 | INFO |       99.628 ¦     4967           2              0.010 
2025-05-23 10:51:10 | INFO |       99.638 ¦     4968           2              0.010 
2025-05-23 10:51:10 | INFO |       99.648 ¦     4969           2              0.010 
2025-05-23 10:51:10 | INFO |       99.658 ¦     4970           2              0.010 
2025-05-23 10:51:10 | INFO |       99.668 ¦     4971           2              0.010 
2025-05-23 10:51:10 | INFO |       99.678 ¦     4972           2              0.010 
2025-05-23 10:51:10 | INFO |       99.688 ¦     4973           2              0.010 
2025-05-23 10:51:10 | INFO |       99.698 ¦     4974           2              0.010 
2025-05-23 10:51:10 | INFO |       99.708 ¦     4975           2              0.010 
2025-05-23 10:51:10 | INFO |       99.718 ¦     4976           2              0.010 
2025-05-23 10:51:10 | INFO |       99.728 ¦     4977           2              0.010 
2025-05-23 10:51:10 | INFO |       99.738 ¦     4978           2              0.010 
2025-05-23 10:51:10 | INFO |       99.748 ¦     4979           2              0.010 
2025-05-23 10:51:10 | INFO |       99.758 ¦     4980           2              0.010 
2025-05-23 10:51:10 | INFO |       99.768 ¦     4981           2              0.010 
2025-05-23 10:51:10 | INFO |       99.778 ¦     4982           2              0.010 
2025-05-23 10:51:10 | INFO |       99.788 ¦     4983           2              0.010 
2025-05-23 10:51:10 | INFO |       99.798 ¦     4984           2              0.010 
2025-05-23 10:51:10 | INFO |       99.808 ¦     4985           2              0.010 
2025-05-23 10:51:10 | INFO |       99.818 ¦     4986           2              0.010 
2025-05-23 10:51:10 | INFO |       99.828 ¦     4987           2              0.010 
2025-05-23 10:51:10 | INFO |       99.838 ¦     4988           2              0.010 
2025-05-23 10:51:10 | INFO |       99.848 ¦     4989           2              0.010 
2025-05-23 10:51:10 | INFO |       99.858 ¦     4990           2              0.010 
2025-05-23 10:51:10 | INFO |       99.868 ¦     4991           2              0.010 
2025-05-23 10:51:10 | INFO |       99.878 ¦     4992           2              0.010 
2025-05-23 10:51:10 | INFO |       99.888 ¦     4993           2              0.010 
2025-05-23 10:51:10 | INFO |       99.898 ¦     4994           2              0.010 
2025-05-23 10:51:10 | INFO |       99.908 ¦     4995           2              0.010 
2025-05-23 10:51:10 | INFO |       99.918 ¦     4996           2              0.010 
2025-05-23 10:51:10 | INFO |       99.928 ¦     4997           2              0.010 
2025-05-23 10:51:10 | INFO |       99.938 ¦     4998           2              0.010 
2025-05-23 10:51:10 | INFO |       99.948 ¦     4999           2              0.010 
2025-05-23 10:51:10 | INFO |       99.958 ¦     5000           2              0.010 
2025-05-23 10:51:10 | INFO |       99.968 ¦     5001           2              0.010 
2025-05-23 10:51:10 | INFO |       99.978 ¦     5002           2              0.010 
2025-05-23 10:51:10 | INFO |       99.988 ¦     5003           2              0.010 
2025-05-23 10:51:10 | INFO |       99.998 ¦     5004           2              0.010 
2025-05-23 10:51:10 | INFO | Algebraic mode change at t = 100
2025-05-23 10:51:10 | INFO |      100.000 ¦     5005           2              0.002 
2025-05-23 10:51:10 | INFO | calculation of the new starting point of the simulation.
2025-05-23 10:51:10 | INFO |      100.000 ¦        0           0              0.000 
2025-05-23 10:51:10 | INFO |      100.000 ¦        1           1              0.000 
2025-05-23 10:51:10 | INFO |      100.000 ¦        2           1              0.000 
2025-05-23 10:51:10 | INFO |      100.000 ¦        3           2              0.000 
2025-05-23 10:51:10 | INFO |      100.000 ¦        4           2              0.000 
2025-05-23 10:51:10 | INFO |      100.000 ¦        5           2              0.000 
2025-05-23 10:51:10 | INFO |      100.000 ¦        6           2              0.000 
2025-05-23 10:51:10 | INFO | 
2025-05-23 10:51:10 | INFO | execution statistics :
2025-05-23 10:51:10 | INFO | 
2025-05-23 10:51:10 | INFO | number of time iterations                  = 10793
2025-05-23 10:51:10 | INFO | number of residual evaluations             = 11533
2025-05-23 10:51:10 | INFO | number of Jacobian evaluations             = 512
2025-05-23 10:51:10 | INFO | number of nonlinear iterations             = 11415
2025-05-23 10:51:10 | INFO | number of error test failures              = 4
2025-05-23 10:51:10 | INFO | number of nonlinear convergence failures   = 1
2025-05-23 10:51:10 | INFO | number of root functions evaluations       = 12775
2025-05-23 10:51:10 | INFO | number of discrete variables evaluations   = 123
2025-05-23 10:51:10 | INFO | number of mode evaluations                 = 109
2025-05-23 10:51:10 | INFO | end of job 'PCS I7 (Power Park Modules) - Grid Voltage Swell'
