time;BusPDR_BUS_Voltage;BusPDR_BUS_ActivePower;BusPDR_BUS_ReactivePower;BusPDR_BUS_ActiveCurrent;BusPDR_BUS_ReactiveCurrent;Measurements_BUS_Voltage;Measurements_BUS_ActivePower;Measurements_BUS_ReactivePower;StepUp_Xfmr_XFMR_Tap;Wind_Turbine_GEN_ActivePowerSetpointPu;Wind_Turbine_GEN_ReactivePowerSetpointPu
0.000000000;1.044e+00;8.320e-01;-0.000e+00;7.966e-01;-0.000e+00;1.044e+00;2.080e-03;-0.000e+00;1.000e+01;8.320e-01;4.300e-05
29.999994000;1.044e+00;8.320e-01;-0.000e+00;7.966e-01;-0.000e+00;1.044e+00;2.080e-03;-0.000e+00;1.000e+01;8.320e-01;4.300e-05
29.999994000;2.043e-09;-3.976e-09;-0.000e+00;-2.218e-10;0.000e+00;-1.951e-09;-3.299e-09;-0.000e+00;1.000e+01;8.320e-01;4.300e-05
29.999996000;1.757e-09;-4.295e-09;-0.000e+00;3.897e-10;0.000e+00;-2.218e-09;-3.402e-09;-0.000e+00;1.000e+01;8.320e-01;4.300e-05
100.000000000;9.185e-09;-6.521e-09;-0.000e+00;5.818e-09;0.000e+00;1.070e-09;5.029e-10;-0.000e+00;1.000e+01;8.320e-01;4.300e-05
