time;BusPDR_BUS_Voltage;BusPDR_BUS_ActivePower;BusPDR_BUS_ReactivePower;BusPDR_BUS_ActiveCurrent;BusPDR_BUS_ReactiveCurrent;Measurements_BUS_Voltage;Measurements_BUS_ActivePower;Measurements_BUS_ReactivePower;StepUp_Xfmr_XFMR_Tap;Wind_Turbine_GEN_ActivePowerSetpointPu;Wind_Turbine_GEN_ReactivePowerSetpointPu
0.000000000;1.044e+00;8.320e-01;0.000e+00;7.966e-01;0.000e+00;1.044e+00;2.080e-03;0.000e+00;1.000e+01;8.320e-01;4.300e-05
29.999994000;1.044e+00;8.320e-01;-0.000e+00;7.966e-01;-0.000e+00;1.044e+00;2.080e-03;-0.000e+00;1.000e+01;8.320e-01;4.300e-05
29.999994000;-4.876e-09;1.527e-09;-0.000e+00;-1.703e-09;0.000e+00;1.422e-09;5.770e-10;-0.000e+00;1.000e+01;8.320e-01;4.300e-05
29.999998000;-4.655e-09;1.507e-09;-0.000e+00;-2.545e-09;0.000e+00;1.401e-09;4.268e-10;-0.000e+00;1.000e+01;8.320e-01;4.300e-05
100.000000000;-5.095e-09;-4.886e-09;-0.000e+00;2.816e-10;0.000e+00;-8.597e-09;-3.937e-09;-0.000e+00;1.000e+01;8.320e-01;4.300e-05
