time;BusPDR_BUS_Voltage;BusPDR_BUS_ActivePower;BusPDR_BUS_ReactivePower;BusPDR_BUS_ActiveCurrent;BusPDR_BUS_ReactiveCurrent;Wind_Turbine_GEN_UPuInjTerminal;Wind_Turbine_GEN_IpInjTerminal;Wind_Turbine_GEN_IqInjTerminal;Measurements_BUS_Voltage;Measurements_BUS_ActivePower;Measurements_BUS_ReactivePower;StepUp_Xfmr_XFMR_Tap;Wind_Turbine_GEN_ActivePowerSetpointPu;Wind_Turbine_GEN_ReactivePowerSetpointPu
0.000000000;1.044e+00;8.320e-01;0.000e+00;7.966e-01;0.000e+00;1.051e+00;7.914e-01;9.056e-02;1.044e+00;2.080e-03;0.000e+00;1.000e+01;8.320e-01;4.300e-05
19.999996000;1.044e+00;8.320e-01;-0.000e+00;7.966e-01;-0.000e+00;1.051e+00;7.914e-01;9.056e-02;1.044e+00;2.080e-03;-0.000e+00;1.000e+01;8.320e-01;4.300e-05
19.999996000;1.044e+00;8.320e-01;-0.000e+00;7.966e-01;-0.000e+00;1.051e+00;7.914e-01;9.056e-02;1.044e+00;2.080e-03;-0.000e+00;1.000e+01;8.320e-01;-1.200e-05
23.741645000;1.044e+00;8.320e-01;-0.000e+00;7.966e-01;-0.000e+00;1.051e+00;7.914e-01;9.056e-02;1.044e+00;2.080e-03;-0.000e+00;1.000e+01;8.320e-01;-1.200e-05
23.742645000;1.044e+00;8.320e-01;-0.000e+00;7.966e-01;-0.000e+00;1.051e+00;7.915e-01;9.056e-02;1.044e+00;2.080e-03;-0.000e+00;1.000e+01;8.320e-01;-1.200e-05
100.000000000;1.044e+00;8.320e-01;-0.000e+00;7.966e-01;-0.000e+00;1.051e+00;7.915e-01;9.056e-02;1.044e+00;2.080e-03;-0.000e+00;1.000e+01;8.320e-01;-1.200e-05
