time;BusPDR_BUS_Voltage;BusPDR_BUS_ActivePower;BusPDR_BUS_ReactivePower;BusPDR_BUS_ActiveCurrent;BusPDR_BUS_ReactiveCurrent;Measurements_BUS_Voltage;Measurements_BUS_ActivePower;Measurements_BUS_ReactivePower;StepUp_Xfmr_XFMR_Tap;Wind_Turbine_GEN_ActivePowerSetpointPu;Wind_Turbine_GEN_ReactivePowerSetpointPu
0.000000000;1.044e+00;8.320e-01;-0.000e+00;7.966e-01;-0.000e+00;1.044e+00;2.080e-03;-0.000e+00;1.000e+01;8.320e-01;4.300e-05
29.999994000;1.044e+00;8.320e-01;-0.000e+00;7.966e-01;-0.000e+00;1.044e+00;2.080e-03;-0.000e+00;1.000e+01;8.320e-01;4.300e-05
29.999994000;4.316e-09;2.063e-10;-0.000e+00;-1.969e-09;0.000e+00;-5.764e-10;-1.063e-09;-0.000e+00;1.000e+01;8.320e-01;4.300e-05
29.999997000;4.458e-09;3.724e-11;-0.000e+00;-2.046e-09;0.000e+00;-1.568e-09;-1.137e-09;-0.000e+00;1.000e+01;8.320e-01;4.300e-05
100.000000000;1.188e-08;-5.087e-10;-0.000e+00;-4.031e-09;0.000e+00;-1.096e-09;6.114e-09;-0.000e+00;1.000e+01;8.320e-01;4.300e-05
