time;BusPDR_BUS_Voltage;BusPDR_BUS_ActivePower;BusPDR_BUS_ReactivePower;BusPDR_BUS_ActiveCurrent;BusPDR_BUS_ReactiveCurrent;PV_Array_GEN_MagnitudeControlledByAVRPu;PV_Array_GEN_VoltageInjTerminal;PV_Array_GEN_ActiveCurrentInjTerminal;PV_Array_GEN_ReactiveCurrentInjTerminal;Measurements_BUS_Voltage;Measurements_BUS_ActivePower;Measurements_BUS_ReactivePower;Main_Xfmr_XFMR_Tap;PV_Array_GEN_ActivePowerSetpointPu;PV_Array_GEN_ReactivePowerSetpointPu;PV_Array_GEN_VoltageSetpointPu;PV_Array_GEN_NetworkFrequencyPu;NetworkFrequencyPu
0.000000;1.044444;0.833263333;1.66666667e-05;0.797805659;1.59574536e-05;1.044449;1.06090575;0.805162111;0.073072781;1.044444;0.749937;1.5e-05;10;0.833333;0;1.044444;0.999987;0.999987
0.005138;1.044444;0.833327778;-1.11111111e-06;0.797867361;-1.06383024e-06;1.044444;1.06090534;0.805225261;0.0730665253;1.044444;0.749995;-1e-06;10;0.833333;0;1.044444;1.000002;1.000002
0.013138;1.044444;0.833334444;0;0.797873744;0;1.044444;1.06090542;0.805231482;0.0730675668;1.044444;0.750001;0;10;0.833333;0;1.044444;1;1
0.245138;1.044444;0.833333333;0;0.79787268;0;1.044444;1.06090542;0.805230434;0.0730675668;1.044444;0.75;0;10;0.833333;0;1.044444;1;1
19.989996;1.04444413;0.83333311;-2.32154574e-09;0.79787278;1.7942014e-07;1.04444416;1.06090533;0.805230193;0.0730676733;1.04444399;0.750000184;-6.37205514e-07;10;0.833333;0;1.044444;1.00000062;0.999999974
19.990000;1.04446813;0.833321999;-0.000223335658;0.797843808;-0.000213645429;1.04440116;1.06090633;0.805218963;0.0728529037;1.04446799;0.749990184;-0.000201637126;10;0.833333;0;1.044444;1.00000362;1.00000297
19.990065;1.04107613;0.834726444;0.0306577755;0.801792349;0.0294483465;1.05027316;1.06083765;0.806668313;0.102736523;1.04107599;0.751254184;0.0275913643;10;0.833333;0;1.044444;0.999606615;0.999605974
19.990093;1.03957313;0.835221999;0.0438777755;0.803428261;0.0422076827;1.05273716;1.06076398;0.80722921;0.115584506;1.03957299;0.751700184;0.0394893649;10;0.833333;0;1.044444;0.999438614;0.999437973
19.990174;1.03537612;0.836220887;0.079374442;0.807649797;0.0766626189;1.05918816;1.06042072;0.808550874;0.150253874;1.035376;0.752599184;0.0714363666;10;0.833333;0;1.044444;0.998995612;0.998994973
19.990209;1.03355012;0.836486443;0.0941799976;0.809333629;0.0911230148;1.06180416;1.06020978;0.809019863;0.164793475;1.03355;0.752838184;0.0847613674;10;0.833333;0;1.044444;0.998813611;0.998812972
19.990241;1.03188112;0.83664422;0.107389998;0.810795577;0.104072265;1.06409816;1.05998679;0.809393412;0.177809435;1.031881;0.752980184;0.096650368;10;0.833333;0;1.044444;0.998653611;0.998652972
19.990793;1.00307912;0.829836442;0.297024441;0.827289551;0.296112916;1.09218617;1.05251237;0.809898821;0.370214777;1.00307901;0.746853183;0.26732138;10;0.833333;0;1.044444;0.996632599;0.996631966
19.990855;0.999853115;0.828476442;0.316005553;0.82859858;0.31605222;1.09465417;1.05149197;0.809566781;0.390139891;0.999853008;0.745629183;0.284404381;10;0.833333;0;1.044444;0.996451598;0.996450965
19.990917;0.996627114;0.827049775;0.334757775;0.829849191;0.335890944;1.09705417;1.0504592;0.809189682;0.409956231;0.996627009;0.744345182;0.301281383;10;0.833333;0;1.044444;0.996275596;0.996274965
19.990978;0.993401113;0.825560886;0.353282219;0.831045289;0.355629226;1.09938517;1.04941407;0.808770551;0.429665232;0.993401011;0.743005182;0.317953384;10;0.833333;0;1.044444;0.996103595;0.996102964
19.991040;0.990175113;0.824010886;0.371578886;0.832187463;0.375266086;1.10164917;1.04835764;0.808310535;0.44926681;0.990175012;0.741610182;0.334420385;10;0.833333;0;1.044444;0.995937593;0.995936963
19.991102;0.986949112;0.822403107;0.389651109;0.833278562;0.394803906;1.10384417;1.04728785;0.807814279;0.4687622;0.986949013;0.740163182;0.350685387;10;0.833333;0;1.044444;0.995776592;0.995775963
19.991164;0.983723111;0.820739774;0.407498887;0.834320343;0.414241712;1.10597317;1.04620685;0.807279986;0.488150817;0.983723014;0.738666182;0.366748388;10;0.833333;0;1.044444;0.99561959;0.995618962
19.991226;0.98049711;0.819024218;0.42512222;0.835315718;0.433578516;1.10803417;1.04511357;0.806713669;0.507434542;0.980497015;0.737122182;0.38260939;10;0.833333;0;1.044444;0.995468589;0.995467961
19.991288;0.97727111;0.817258663;0.442524442;0.836266502;0.452816729;1.11002817;1.04400809;0.806115144;0.526613681;0.977271016;0.735533182;0.398271391;10;0.833333;0;1.044444;0.995322587;0.995321961
19.991349;0.974045109;0.815446441;0.459705554;0.837175673;0.471955372;1.11195717;1.04289142;0.805486713;0.545686988;0.974045017;0.733902182;0.413734392;10;0.833333;0;1.044444;0.995180586;0.99517996
19.991411;0.970819108;0.813587552;0.476665554;0.838042817;0.49099345;1.11381917;1.04176246;0.804831225;0.564657457;0.970819019;0.732229182;0.428998394;10;0.833333;0;1.044444;0.995044584;0.99504396
19.991473;0.967593108;0.81168533;0.493407776;0.838870959;0.509933405;1.11561617;1.04062238;0.804148739;0.583523705;0.96759302;0.730517182;0.444066395;10;0.833333;0;1.044444;0.994913583;0.994912959
19.991535;0.964367107;0.809743107;0.50993222;0.839663164;0.528774252;1.11734717;1.03947011;0.803443186;0.602287687;0.964367021;0.728769181;0.458938397;10;0.833333;0;1.044444;0.994786581;0.994785958
19.991597;0.961141106;0.807760884;0.526238887;0.840419069;0.547514992;1.11901317;1.03830672;0.802715768;0.620948009;0.961141022;0.726985181;0.473614398;10;0.833333;0;1.044444;0.99466558;0.994664958
19.991659;0.957916106;0.805743106;0.54233222;0.841142069;0.566158663;1.12061517;1.0371322;0.801966389;0.639507066;0.957916023;0.725169181;0.488098399;10;0.833333;0;1.044444;0.994549578;0.994548957
19.991720;0.954690105;0.803689773;0.558209998;0.841833594;0.584703119;1.12215317;1.0359455;0.801199002;0.657964721;0.954690024;0.723321181;0.502388401;10;0.833333;0;1.044444;0.994437577;0.994436957
19.991782;0.951464104;0.801603106;0.573874442;0.842494774;0.603149111;1.12362617;1.03474776;0.800414765;0.676320519;0.951464025;0.721443181;0.516486402;10;0.833333;0;1.044444;0.994330575;0.994329956
19.991844;0.948238103;0.799485329;0.589327776;0.843127642;0.621497978;1.12503617;1.03353891;0.79961366;0.694576902;0.948238026;0.719537181;0.530394404;10;0.833333;0;1.044444;0.994228574;0.994227955
19.991906;0.945012103;0.797338662;0.604569998;0.843734263;0.639748726;1.12638317;1.03231803;0.798799539;0.712732585;0.945012028;0.717605181;0.544112405;10;0.833333;0;1.044444;0.994131572;0.994130955
19.991968;0.941786102;0.795164217;0.619603331;0.844315544;0.657902706;1.12766717;1.03108703;0.797970845;0.730789726;0.941786029;0.715648181;0.557642407;10;0.833333;0;1.044444;0.994039571;0.994038954
19.992030;0.938560101;0.792963105;0.634427776;0.844872409;0.675958919;1.12888817;1.02984399;0.797131141;0.748746656;0.93856003;0.713667181;0.570984408;10;0.833333;0;1.044444;0.993951569;0.993950953
19.992091;0.935334101;0.79073755;0.649045555;0.845406981;0.693918731;1.13004817;1.02859093;0.796280974;0.766605399;0.935334031;0.71166418;0.584140409;10;0.833333;0;1.044444;0.993867568;0.993866953
19.992153;0.9321081;0.788489772;0.663457777;0.845921412;0.711782331;1.13114517;1.02732591;0.795422842;0.784367575;0.932108032;0.70964118;0.597111411;10;0.833333;0;1.044444;0.993788566;0.993787952
19.992215;0.9288821;0.786219772;0.677664443;0.846415492;0.729548719;1.13218217;1.02605076;0.79455527;0.802029854;0.928882033;0.70759818;0.609897412;10;0.833333;0;1.044444;0.993714564;0.993713952
19.992277;0.925656099;0.783929772;0.691667777;0.846891411;0.747219276;1.13315717;1.02476468;0.793682094;0.819596304;0.925656034;0.70553718;0.622500414;10;0.833333;0;1.044444;0.993644563;0.993643951
19.992339;0.922430099;0.781620883;0.705468888;0.847350181;0.764794205;1.13407117;1.02346764;0.79280218;0.837067129;0.922430035;0.70345918;0.634921415;10;0.833333;0;1.044444;0.993578561;0.99357795
19.992401;0.919204098;0.779295328;0.719068888;0.84779404;0.782273706;1.13492517;1.02215956;0.791918797;0.854440421;0.919204036;0.70136618;0.647161417;10;0.833333;0;1.044444;0.993516559;0.99351595
19.992462;0.915978097;0.776951993;0.732468888;0.848221615;0.799657984;1.13571917;1.02084054;0.791031841;0.871719562;0.915978037;0.69925718;0.659221418;10;0.833333;0;1.044444;0.993459558;0.993458949
19.992524;0.912753097;0.774595327;0.74567;0.848636677;0.816946351;1.13645417;1.01951156;0.790141589;0.888902787;0.912753038;0.69713618;0.67110242;10;0.833333;0;1.044444;0.993405556;0.993404949
19.992586;0.909527096;0.772223104;0.758674444;0.849038512;0.834142008;1.13712917;1.01817262;0.789250182;0.905991315;0.909527039;0.695001179;0.682806421;10;0.833333;0;1.044444;0.993356554;0.993355948
19.993019;0.886945092;0.755316437;0.844271112;0.851593712;0.951886927;1.14022617;1.00850419;0.783029436;1.02300899;0.886945047;0.679785179;0.759843432;10;0.833333;0;1.044444;0.993115543;0.993114944
19.993328;0.87081509;0.743024213;0.899752224;0.853251912;1.03323033;1.14074117;1.00129514;0.778696604;1.10386251;0.870815052;0.668722178;0.80977644;10;0.833333;0;1.044444;0.993045533;0.993044941
19.993452;0.864364089;0.738079769;0.920663336;0.853899653;1.0651341;1.14056317;0.998343008;0.777007064;1.13558382;0.864364053;0.664272177;0.828596443;10;0.833333;0;1.044444;0.99303853;0.99303794
19.993563;0.858557088;0.733623102;0.938870003;0.854484271;1.09354446;1.14021817;0.995652728;0.775513156;1.16383276;0.858557055;0.660261177;0.844982446;10;0.833333;0;1.044444;0.993042526;0.993041939
19.993674;0.852750087;0.72916088;0.956502225;0.855070338;1.1216681;1.13970117;0.992930886;0.774045827;1.19180381;0.852750057;0.656245177;0.860851449;10;0.833333;0;1.044444;0.993054523;0.993053938
19.993786;0.846944086;0.724697546;0.973566671;0.855662119;1.14950565;1.13901418;0.990179553;0.772604664;1.21949479;0.846944059;0.652228176;0.876209452;10;0.833333;0;1.044444;0.99307552;0.993074937
19.993897;0.841137085;0.720234212;0.990070004;0.856263088;1.17706183;1.13815818;0.98739673;0.77119469;1.24691287;0.84113706;0.648211176;0.891062454;10;0.833333;0;1.044444;0.993103516;0.993102936
19.994008;0.835330084;0.715773101;1.00602111;0.856875072;1.20434004;1.13713718;0.984584489;0.769815546;1.27405794;0.835330062;0.644196176;0.905418457;10;0.833333;0;1.044444;0.993139513;0.993138935
19.994119;0.829524084;0.711315324;1.02142445;0.857498609;1.23133833;1.13595118;0.98174175;0.768468219;1.30093491;0.829524064;0.640184175;0.91928146;10;0.833333;0;1.044444;0.993182509;0.993181934
19.994231;0.823717083;0.706864211;1.03628779;0.858140071;1.25806319;1.13460318;0.978869587;0.767154285;1.32754479;0.823717065;0.636178175;0.932658463;10;0.833333;0;1.044444;0.993232506;0.993231933
19.994342;0.817910082;0.702418656;1.05061779;0.858797434;1.28451545;1.13309618;0.975968995;0.765873143;1.35388852;0.817910067;0.632177175;0.945555466;10;0.833333;0;1.044444;0.993288502;0.993287932
19.994453;0.812104082;0.697981989;1.06442112;0.859474086;1.31069587;1.13143018;0.97303905;0.764626838;1.37997304;0.812104069;0.628184174;0.957978469;10;0.833333;0;1.044444;0.993350499;0.993349931
19.994565;0.806297081;0.6935531;1.07770445;0.860171195;1.33661009;1.12960818;0.970080592;0.763414914;1.40579715;0.80629707;0.624198174;0.969933472;10;0.833333;0;1.044444;0.993417495;0.99341693
19.994738;0.79726308;0.686678655;1.09735112;0.861295469;1.37639821;1.12646918;0.965421741;0.761595295;1.4454637;0.797263073;0.618011173;0.987615476;10;0.833333;0;1.044444;0.993531489;0.993530928
19.995072;0.779842078;0.67346421;1.1318289;0.863591042;1.451357;1.11939018;0.956247493;0.758293446;1.52024898;0.779842077;0.606118172;1.01864549;10;0.833333;0;1.044444;0.993778478;0.993777925
19.996006;0.731109073;0.636713098;1.20571224;0.870887176;1.64915557;1.09282318;0.929314261;0.750317376;1.71795706;0.731109088;0.573042168;1.08514051;10;0.833333;0;1.044444;0.994578446;0.994577917
19.996615;0.69932107;0.612774209;1.23729225;0.876242186;1.76927689;1.07050918;0.91079375;0.745869033;1.83831564;0.699321094;0.551497165;1.11356253;10;0.833333;0;1.044444;0.995138424;0.995137913
19.996822;0.688500069;0.604606432;1.2452567;0.878150738;1.80865204;1.06207718;0.904326703;0.744446503;1.87782154;0.688500096;0.544146163;1.12073053;10;0.833333;0;1.044444;0.995329416;0.995328911
19.997030;0.677679069;0.596421987;1.25186447;0.880095647;1.84728271;1.05323818;0.897779098;0.743059012;1.91660823;0.677679098;0.536780162;1.12667754;10;0.833333;0;1.044444;0.995520408;0.99551991
19.998074;0.623221065;0.554857544;1.26568226;0.89030679;2.03087263;1.00292518;0.863665454;0.73634551;2.10132247;0.623221105;0.499372156;1.13911357;10;0.833333;0;1.044444;0.996453369;0.996452903
19.998189;0.617210065;0.550221989;1.26533004;0.891466976;2.05008061;0.99680918;0.859785934;0.735610184;2.12068634;0.617210106;0.495200155;1.13879657;10;0.833333;0;1.044444;0.996553364;0.996552903
19.998419;0.605190064;0.540915323;1.26356672;0.893794782;2.08788466;0.98426018;0.851963061;0.734130107;2.15882683;0.605190106;0.486824153;1.13720958;10;0.833333;0;1.044444;0.996751355;0.996750901
19.998535;0.599180064;0.536244212;1.26216561;0.894964037;2.10648854;0.97782918;0.848019634;0.733382601;2.17760765;0.599180107;0.482620153;1.13594858;10;0.833333;0;1.044444;0.996849351;0.996848901
19.998765;0.587159063;0.526864212;1.25835005;0.897311546;2.14311668;0.96466418;0.840068894;0.731871932;2.21460623;0.587159108;0.474178151;1.13251459;10;0.833333;0;1.044444;0.997043342;0.997042899
19.999111;0.569129062;0.512697548;1.25016006;0.900846523;2.19662018;0.944177179;0.827989026;0.729547459;2.26871848;0.569129109;0.461428148;1.12514359;10;0.833333;0;1.044444;0.997329328;0.997328898
19.999226;0.563118062;0.50794977;1.24679117;0.902031372;2.21408542;0.937156179;0.823921783;0.72875386;2.28639502;0.563118109;0.457155148;1.1221116;10;0.833333;0;1.044444;0.997423324;0.997422897
19.999456;0.551098061;0.498410882;1.23912117;0.904396698;2.24845916;0.922834178;0.815728301;0.727135578;2.32121757;0.551098109;0.448570146;1.1152086;10;0.833333;0;1.044444;0.997611315;0.997610896
19.999571;0.545088061;0.493621994;1.23482784;0.905582808;2.26537369;0.915536178;0.811602152;0.726307645;2.33836734;0.545088109;0.444260145;1.11134461;10;0.833333;0;1.044444;0.99770431;0.997703896
19.999802;0.533067061;0.483999773;1.22535007;0.907953592;2.29867959;0.900672178;0.80329281;0.724614096;2.37215501;0.533067109;0.435600143;1.10281461;10;0.833333;0;1.044444;0.997889301;0.997888895
20.000000;0.52272206;0.475676441;1.21626118;0.909999507;2.3267843;0.887600177;0.796081401;0.723113609;2.40069887;0.522722109;0.428109142;1.09463462;10;0.833333;0;1.044444;0.998048294;0.998047894
20.000004;0.52251306;0.475507552;1.21606896;0.910040273;2.32734711;0.887334177;0.795934579;0.723083668;2.40127155;0.522513109;0.427957142;1.09446162;10;0.833333;0;1.044444;0.998051293;0.998050894
20.001011;0.469989059;0.432583113;1.15727786;0.920411795;2.46235123;0.817173174;0.758490515;0.714662965;2.53879319;0.469989106;0.389325134;1.04154965;10;0.833333;0;1.044444;0.998856254;0.99885589
20.001078;0.466490059;0.429684225;1.15265341;0.921101266;2.4709073;0.812286174;0.755948546;0.71404856;2.5475389;0.466490105;0.386716133;1.03738765;10;0.833333;0;1.044444;0.998910251;0.99890989
20.001446;0.447294059;0.413698672;1.12580565;0.924892732;2.51692569;0.785035172;0.741906193;0.710541428;2.59461894;0.447294103;0.37232913;1.01322466;10;0.833333;0;1.044444;0.999209237;0.999208888
20.001830;0.427259059;0.396863119;1.09520342;0.9288591;2.56332467;0.75582017;0.727074502;0.706619595;2.6422028;0.4272591;0.357177127;0.985682667;10;0.833333;0;1.044444;0.999528222;0.999527887
20.002214;0.407225058;0.379873122;1.06208454;0.932834198;2.60810273;0.725851168;0.712070378;0.702400274;2.68825244;0.407225097;0.341886124;0.955875678;10;0.833333;0;1.044444;0.999855207;0.999854886
20.002342;0.400547058;0.374175346;1.05050677;0.934161601;2.62268062;0.715699167;0.707031712;0.700923438;2.70327249;0.400547096;0.336758123;0.945455681;10;0.833333;0;1.044444;0.999967202;0.999966885
20.002598;0.387191058;0.362730904;1.02656678;0.936827508;2.65131898;0.695161165;0.696899098;0.69785743;2.73283054;0.387191093;0.32645812;0.923909688;10;0.833333;0;1.044444;1.00019419;1.00019388
20.002726;0.380513058;0.356982016;1.01421344;0.93816056;2.66538466;0.684777164;0.691805179;0.696266341;2.74737499;0.380513092;0.321284119;0.912791691;10;0.833333;0;1.044444;1.00031019;1.00030988
20.003110;0.360479058;0.339638686;0.975670113;0.942187899;2.70659365;0.653180162;0.676420906;0.691242187;2.79007312;0.360479088;0.305675116;0.878102701;10;0.833333;0;1.044444;1.00066817;1.00066788
20.003366;0.347123058;0.327993132;0.948776783;0.944890984;2.73325834;0.63175616;0.666078636;0.687670897;2.81778941;0.347123084;0.295194114;0.853898708;10;0.833333;0;1.044444;1.00091616;1.00091588
20.003453;0.342567058;0.324005356;0.939391228;0.945816772;2.74221182;0.624384159;0.662536025;0.686410651;2.82710731;0.342567083;0.291605113;0.84545171;10;0.833333;0;1.044444;1.00100216;1.00100188
20.003835;0.322637058;0.306472026;0.897099012;0.94989811;2.78052128;0.591767156;0.646947617;0.680621157;2.86709694;0.322637078;0.27582511;0.80738872;10;0.833333;0;1.044444;1.00139414;1.00139388
20.004091;0.309281058;0.294639806;0.867667904;0.952661338;2.80543559;0.569582153;0.636422161;0.676479021;2.8932025;0.309281074;0.265176107;0.780900727;10;0.833333;0;1.044444;1.00166813;1.00166788
20.004547;0.285519058;0.273425366;0.813244576;0.957644156;2.84830285;0.529492149;0.617542963;0.668537609;2.93832792;0.285519067;0.246083103;0.731919739;10;0.833333;0;1.044444;1.00218612;1.00218588
20.004774;0.273637058;0.262739812;0.785081246;0.960177328;2.86906099;0.509162146;0.608033368;0.664268424;2.96027312;0.273637064;0.236466101;0.706572745;10;0.833333;0;1.044444;1.00246111;1.00246087
20.005230;0.249875058;0.241209816;0.726943474;0.965322815;2.90922843;0.467958141;0.588876876;0.655074948;3.00298831;0.249875056;0.217089097;0.654248756;10;0.833333;0;1.044444;1.00304509;1.00304487
20.005457;0.237994058;0.230364263;0.697004588;0.967942387;2.92866441;0.447095139;0.57923239;0.650120271;3.02377838;0.237994052;0.207328094;0.627303762;10;0.833333;0;1.044444;1.00335608;1.00335587
20.005685;0.226112058;0.219465377;0.666509036;0.970605669;2.94769405;0.426065136;0.569546256;0.644906455;3.04419588;0.226112048;0.197519092;0.599857768;10;0.833333;0;1.044444;1.00368208;1.00368187
20.005913;0.214231058;0.208509823;0.635471261;0.973295327;2.96628972;0.404872133;0.559817672;0.639419807;3.06426222;0.214231043;0.18765909;0.571923773;10;0.833333;0;1.044444;1.00402307;1.00402287
20.006141;0.202350057;0.197499825;0.603910153;0.97603177;2.98448281;0.38352313;0.550048945;0.633637879;3.08397874;0.202350039;0.177750087;0.543518779;10;0.833333;0;1.044444;1.00438106;1.00438087
20.006368;0.190468057;0.18643316;0.571839045;0.978817228;3.00228374;0.362020127;0.540240303;0.627541046;3.10335833;0.190468034;0.167790085;0.514654784;10;0.833333;0;1.044444;1.00475705;1.00475687
20.006596;0.178587057;0.175308718;0.539275715;0.981644314;3.01968028;0.340370124;0.530393977;0.621109939;3.12240498;0.17858703;0.157778083;0.48534779;10;0.833333;0;1.044444;1.00515104;1.00515086
20.006824;0.166706057;0.164125387;0.506233495;0.984521118;3.03668382;0.31857612;0.520510359;0.614317329;3.14112932;0.166706025;0.14771308;0.455609795;10;0.833333;0;1.044444;1.00556704;1.00556686
20.007052;0.154824056;0.152882055;0.472727942;0.987458289;3.05332411;0.296643117;0.51058962;0.607140527;3.15954613;0.15482402;0.137594078;0.425454801;10;0.833333;0;1.044444;1.00600403;1.00600386
20.007279;0.142943056;0.141576502;0.438772389;0.990441536;3.06956122;0.274575113;0.500633197;0.599548941;3.17766319;0.142943015;0.127419075;0.394894806;10;0.833333;0;1.044444;1.00646602;1.00646586
20.007507;0.131062056;0.130208727;0.404383503;0.993490903;3.08543586;0.25237711;0.490643424;0.591512846;3.19547817;0.13106201;0.117188073;0.363944811;10;0.833333;0;1.044444;1.00695301;1.00695286
20.007735;0.119181055;0.118775396;0.369572395;0.996598195;3.10093285;0.230052106;0.480619829;0.582996491;3.21301145;0.119181005;0.10689807;0.332614816;10;0.833333;0;1.044444;1.00746801;1.00746786
20.007963;0.107299055;0.107275398;0.33435462;0.999781617;3.11610075;0.207606102;0.470563694;0.573963421;3.23026837;0.107299;0.0965480676;0.300918821;10;0.833333;0;1.044444;1.008013;1.00801285
20.008249;0.092343054;0.0927009556;0.289462401;1.00387816;3.13464221;0.179181097;0.457860224;0.561793776;3.25161174;0.0923429935;0.0834310644;0.260515827;10;0.833333;0;1.044444;1.00874499;1.00874485
20.008377;0.0856650536;0.0861576236;0.269223514;1.00575249;3.14274643;0.166431095;0.452172442;0.556048252;3.26100839;0.0856649905;0.0775420629;0.24230083;10;0.833333;0;1.044444;1.00908998;1.00908985
20.008889;0.0589520523;0.0597476284;0.187120187;1.01349884;3.17410821;0.115088085;0.429332488;0.530939821;3.29778941;0.0589519785;0.0537730572;0.168407841;10;0.833333;0;1.044444;1.01059097;1.01059085
20.009017;0.052274052;0.0530842962;0.166317967;1.01550387;3.18165439;0.102170083;0.42360089;0.524074933;3.30679276;0.0522739755;0.0477760557;0.149685843;10;0.833333;0;1.044444;1.01099996;1.01099985
20.009273;0.0389180512;0.0396798544;0.124400192;1.01957972;3.19646481;0.0762380777;0.412113522;0.509564977;3.32457565;0.0389179692;0.0357120528;0.111959849;10;0.833333;0;1.044444;1.01186096;1.01186084
20.009529;0.0255620504;0.026169857;0.0820757507;1.02378539;3.21084293;0.0501850725;0.400595489;0.493919594;3.34206163;0.0255619629;0.0235530499;0.0738678536;10;0.833333;0;1.044444;1.01278695;1.01278684
20.009657;0.01888405;0.0193743026;0.0607668634;1.02597151;3.21789214;0.03711407;0.394824862;0.485635209;3.35070178;0.0188839598;0.0174370485;0.0546898561;10;0.833333;0;1.044444;1.01327495;1.01327484
20.009996;0.00128304901;0.00132319496;0.00415020082;1.03143681;3.23460683;0.00252806311;0.37952045;0.462094209;3.37254653;0.00128295143;0.00119104466;0.00373486285;10;0.833333;0;1.044444;1.01466694;1.01466684
20.009998;0.00100004901;0.00103208387;0.00323797862;1.03222229;3.23777822;0.00197106307;0.379429395;0.46188591;3.37428417;0.000999951385;0.000929044635;0.00291386289;10;0.833333;0;1.044444;1.01465294;1.01465284
20.010380;0.00100004786;0.00101653245;0.00308242771;1.01666673;3.08222266;0.00192505481;0.362465365;0.441341156;3.22302789;0.000999941701;0.000915040432;0.00277386989;10;0.833333;0;1.044444;1.01895392;1.01895384
20.010508;0.00100004748;0.00101208939;0.00303131815;1.01222228;3.03111155;0.00190905204;0.35692509;0.434634616;3.17361456;0.000999938455;0.000911039024;0.00272787224;10;0.833333;0;1.044444;1.02046992;1.02046983
20.010764;0.00100004671;0.00100542549;0.00293021015;1.00555562;2.93000043;0.0018790465;0.346054569;0.421487179;3.07669981;0.000999931964;0.000905036208;0.00263687693;10;0.833333;0;1.044444;1.02359691;1.02359683
20.010892;0.00100004632;0.00100209354;0.00288021171;1.00222227;2.88000043;0.00186404373;0.340724595;0.415042965;3.02917322;0.000999928719;0.000902034799;0.00259187928;10;0.833333;0;1.044444;1.02520491;1.02520483
20.011148;0.00100004562;0.00099765201;0.00278243702;0.997777825;2.78222264;0.00183503805;0.330270518;0.40241362;2.9359719;0.000999922133;0.000898032058;0.00250388373;10;0.833333;0;1.044444;1.0284969;1.02849683
20.011448;0.00100004487;0.000993211104;0.0026691073;0.993333373;2.66888931;0.00180103127;0.318358181;0.388031941;2.82975642;0.000999914335;0.00089402891;0.00240188875;10;0.833333;0;1.044444;1.0324689;1.03246883
20.011544;0.00100004463;0.000993212237;0.0026335529;0.99333337;2.63333375;0.00179002911;0.314625596;0.383527569;2.79647906;0.000999911839;0.000894027903;0.00236989036;10;0.833333;0;1.044444;1.03374689;1.03374682
20.011800;0.00100004398;0.000990993034;0.00254022265;0.991111142;2.54000041;0.00176202332;0.304845636;0.371732175;2.7092711;0.000999905185;0.000892025216;0.00228589464;10;0.833333;0;1.044444;1.03711989;1.03711982
20.011928;0.00100004366;0.000989883433;0.00249355752;0.990000028;2.49333374;0.00174802043;0.300047926;0.365952063;2.66650934;0.000999901857;0.000891023873;0.00224389678;10;0.833333;0;1.044444;1.03878688;1.03878682
20.012056;0.00100004339;0.000988773892;0.0024480035;0.988888914;2.44777819;0.0017340175;0.295313049;0.360246134;2.62428691;0.000999898491;0.000890022564;0.00220289883;10;0.833333;0;1.044444;1.04043988;1.04043982
20.012169;0.00100004321;0.000988775345;0.00240800484;0.988888911;2.40777818;0.00172201488;0.291173936;0.355262447;2.58739413;0.000999895475;0.000890021447;0.00216690052;10;0.833333;0;1.044444;1.04189088;1.04189082
20.012264;0.00100004306;0.000988776567;0.00237467263;0.988888909;2.37444484;0.00171201268;0.287756923;0.351148425;2.55693266;0.000999892939;0.000890020509;0.00213690194;10;0.833333;0;1.044444;1.04309388;1.04309382
20.012297;0.00100004301;0.000987665881;0.00236356191;0.987777797;2.36333373;0.00170901191;0.286575721;0.349726658;2.54639922;0.000999892058;0.000889020182;0.00212690243;10;0.833333;0;1.044444;1.04350987;1.04350982
20.012461;0.00100004275;0.000987667991;0.0023068972;0.987777793;2.30666707;0.00169200811;0.280728223;0.342687536;2.4942613;0.000999887681;0.000889018562;0.00207590489;10;0.833333;0;1.044444;1.04557887;1.04557882
20.012593;0.00100004254;0.000986558578;0.00226134321;0.986666679;2.2611115;0.00167800505;0.276119835;0.337147737;2.45318444;0.000999884158;0.000888017258;0.00203490686;10;0.833333;0;1.044444;1.04721787;1.04721781
20.012856;0.00100004212;0.000986561961;0.00217245744;0.986666672;2.17222261;0.00165199895;0.267088607;0.326291494;2.37268167;0.000999877138;0.000888014659;0.0019549108;10;0.833333;0;1.044444;1.05044986;1.05044981
20.012987;0.00100004191;0.000985452535;0.00212912566;0.985555558;2.12888927;0.00163899591;0.262665;0.320978644;2.33324505;0.000999873641;0.000887013364;0.00191591276;10;0.833333;0;1.044444;1.05204286;1.05204281
20.013069;0.00100004187;0.000985453664;0.00210245995;0.985555556;2.1022226;0.00163099399;0.259943317;0.317709743;2.30898046;0.000999871398;0.000887012593;0.00189191385;10;0.833333;0;1.044444;1.05302686;1.05302681
20.013389;0.00100004176;0.000985458125;0.00199801922;0.985555548;1.99777815;0.0015989865;0.249522654;0.305208894;2.21609209;0.000999862603;0.000887009614;0.00179791801;10;0.833333;0;1.044444;1.05681685;1.05681681
20.013598;0.00100004169;0.000985461038;0.00193246609;0.985555542;1.93222259;0.0015799816;0.242983824;0.297371806;2.15781478;0.000999856859;0.000887007667;0.00173892073;10;0.833333;0;1.044444;1.05922685;1.0592268
20.013662;0.00100004167;0.00098546193;0.00191357794;0.98555554;1.9133337;0.0015739801;0.241071632;0.295080049;2.14077302;0.0009998551;0.000887007071;0.00172192157;10;0.833333;0;1.044444;1.05994585;1.0599458
20.013902;0.00100004159;0.000985465276;0.00184358072;0.985555534;1.84333369;0.00155297448;0.234293487;0.286970992;2.08035706;0.000999848504;0.000887004837;0.00165892469;10;0.833333;0;1.044444;1.06255984;1.0625598
20.014015;0.00100004157;0.000986577976;0.00181358203;0.986666642;1.81333369;0.00154397183;0.231332929;0.28343418;2.05397911;0.000999845388;0.000888003791;0.00163192613;10;0.833333;0;1.044444;1.06373484;1.0637348
20.014127;0.00100004169;0.000986579648;0.00178358328;0.986666639;1.78333368;0.00153496923;0.228497285;0.280046583;2.02870736;0.000999842228;0.000888002795;0.00160492736;10;0.833333;0;1.044444;1.06488184;1.0648818
20.014351;0.00100004192;0.000988805212;0.00172803023;0.988888855;1.72777813;0.00151796402;0.223180359;0.273704389;1.98132092;0.000999835909;0.000890000804;0.0015549298;10;0.833333;0;1.044444;1.06709283;1.0670928
20.014464;0.00100004204;0.000989918009;0.00170136483;0.989999963;1.70111145;0.00150996139;0.220689095;0.270737344;1.9591248;0.000999832722;0.000890999799;0.00153093104;10;0.833333;0;1.044444;1.06815883;1.06815879
20.014688;0.00100004228;0.000993254684;0.00165025622;0.993333291;1.65000034;0.00149495617;0.216018763;0.265182239;1.91752245;0.000999826403;0.000893997808;0.00148493349;10;0.833333;0;1.044444;1.07021283;1.07021279
20.014913;0.00100004252;0.000996591375;0.00160359206;0.996666619;1.60333366;0.00148095094;0.211737545;0.260101401;1.87938513;0.000999820056;0.000896995808;0.00144293595;10;0.833333;0;1.044444;1.07216782;1.07216779
20.015025;0.00100004267;0.000998815289;0.00158137108;0.998888838;1.58111144;0.00147394834;0.209733225;0.257723755;1.86152227;0.000999816884;0.000898994819;0.00142293711;10;0.833333;0;1.044444;1.07310882;1.07310879
20.015586;0.0010000441;0.00100882414;0.00147915483;1.00888882;1.4788892;0.00144393562;0.200923613;0.247307465;1.78307557;0.000999800775;0.000907989987;0.00133094198;10;0.833333;0;1.044444;1.07747381;1.07747378
20.015811;0.00100004467;0.00101327212;0.00144249056;1.01333326;1.44222252;0.00143293052;0.197905701;0.243752012;1.75620563;0.000999794315;0.00091198805;0.00129794393;10;0.833333;0;1.044444;1.07906881;1.07906878
20.016036;0.0010000453;0.00101772015;0.0014091596;1.0177777;1.40888918;0.00142292545;0.195141245;0.240503426;1.73159933;0.000999787844;0.000915986119;0.0012679458;10;0.833333;0;1.044444;1.0805828;1.08058278
20.016454;0.00100004699;0.00102772705;0.00135027492;1.02777769;1.35000028;0.0014049164;0.190597075;0.235178665;1.69114652;0.000999775723;0.000924982601;0.00121494842;10;0.833333;0;1.044444;1.0831998;1.08319977
20.016857;0.00100004862;0.00103773371;0.00130027898;1.03777768;1.30000027;0.00138990767;0.18686775;0.230834275;1.65798085;0.000999764037;0.000933979208;0.00116995094;10;0.833333;0;1.044444;1.08547979;1.08547976
20.017261;0.00100005064;0.00104774056;0.00125472735;1.04777767;1.25444469;0.00137589929;0.183681791;0.22714365;1.6296592;0.000999752284;0.000942975842;0.00112895282;10;0.833333;0;1.044444;1.08754079;1.08754076
20.018067;0.00100005514;0.00106886556;0.00117584612;1.06888876;1.17555578;0.00135288308;0.17862941;0.221333124;1.58475754;0.000999728793;0.000961969168;0.00105795571;10;0.833333;0;1.044444;1.09105778;1.09105775
20.019276;0.0010000635;0.00110110934;0.0010803013;1.10111095;1.08000018;0.00132386106;0.173442195;0.215466951;1.53874453;0.000999693477;0.000990959195;0.000971956808;10;0.833333;0;1.044444;1.09499577;1.09499573
20.020082;0.00100006967;0.00112223512;0.00102808585;1.12222204;1.02777792;0.00130784759;0.171059711;0.212836408;1.51765672;0.000999669902;0.0010099525;0.000924956094;10;0.833333;0;1.044444;1.09684576;1.09684572
20.021017;0.00100007723;0.00114558584;0.000973648739;1.14555535;0.973333439;0.00129183341;0.168996952;0.210595299;1.49944157;0.000999642491;0.00103094458;0.00087595385;10;0.833333;0;1.044444;1.09831576;1.0983157
20.022097;0.00100008603;0.00116671757;0.00092032314;1.16666644;0.920000063;0.00127581875;0.167066915;0.208519074;1.48243311;0.000999610733;0.00104993523;0.000827949911;10;0.833333;0;1.044444;1.09863976;1.09863969
20.023121;0.00100009425;0.0011811821;0.000876996455;1.18111085;0.876666688;0.00126280612;0.165393142;0.206685855;1.46765453;0.000999580569;0.00106292626;0.000788945392;10;0.833333;0;1.044444;1.09752875;1.09752868
20.024119;0.00100010218;0.00119009112;0.000840335585;1.18999972;0.83999998;0.0012517947;0.163846499;0.204974956;1.45400328;0.000999551173;0.00107091752;0.00075594062;10;0.833333;0;1.044444;1.09552776;1.09552766
20.025041;0.00100010954;0.00119566582;0.000810340292;1.19555526;0.809999942;0.00124278466;0.16247407;0.203437525;1.44186445;0.000999524072;0.00107590951;0.000728936147;10;0.833333;0;1.044444;1.09313076;1.09313065
20.026193;0.00100011899;0.00120013514;0.000777011763;1.19999968;0.776666563;0.00123277253;0.160820982;0.201562937;1.42725321;0.000999490523;0.00107989983;0.000698930665;10;0.833333;0;1.044444;1.08964576;1.08964564
20.026423;0.00100012095;0.00120125137;0.000771457009;1.20111079;0.771110998;0.00123077015;0.160498972;0.201198903;1.42439846;0.000999483915;0.00108089798;0.000693929591;10;0.833333;0;1.044444;1.08890276;1.08890264
20.027114;0.00100012687;0.00120126685;0.000753681552;1.20111078;0.753333193;0.00122576302;0.159548666;0.20011308;1.41598763;0.000999464158;0.00108089247;0.000677926377;10;0.833333;0;1.044444;1.08661276;1.08661263
20.027575;0.00100013102;0.00120238861;0.000742571684;1.20222188;0.742222064;0.00122275836;0.158929496;0.199403574;1.41050698;0.000999451307;0.00108188901;0.000667924277;10;0.833333;0;1.044444;1.08504576;1.08504563
20.028266;0.00100013738;0.00120240476;0.000727017755;1.20222187;0.726666483;0.00121775148;0.158022002;0.19836197;1.40247735;0.000999432377;0.00108188397;0.000653921154;10;0.833333;0;1.044444;1.08265676;1.08265662
20.029418;0.00100014855;0.00120132136;0.000703686056;1.20111075;0.703333106;0.00121074051;0.15657144;0.19668694;1.38962517;0.000999402347;0.00108087612;0.000632915988;10;0.833333;0;1.044444;1.07862677;1.07862662
20.030110;0.0010001555;0.00120022717;0.000691464238;1.19999964;0.691110859;0.00120673419;0.155738808;0.195719448;1.38224345;0.000999385162;0.00107987161;0.000621912818;10;0.833333;0;1.044444;1.07620677;1.07620661
20.031206;0.00100016684;0.00119803192;0.000672574888;1.19777741;0.672221931;0.00120172465;0.154477256;0.194253714;1.37106161;0.00099935974;0.00107786475;0.000604907276;10;0.833333;0;1.044444;1.07240277;1.07240261
20.032166;0.00100017697;0.00119472187;0.000657018258;1.19444407;0.656666343;0.00119671651;0.15343277;0.193041497;1.36180564;0.000999338884;0.001074859;0.000590901561;10;0.833333;0;1.044444;1.06913178;1.0691316
20.033190;0.0010001879;0.00119252367;0.000643683341;1.19222185;0.643332975;0.00119270787;0.152380419;0.191815266;1.35248529;0.000999318078;0.00107285329;0.000578894044;10;0.833333;0;1.044444;1.06572178;1.0657216
20.034214;0.0010001989;0.0011892132;0.000630348209;1.18888852;0.629999608;0.00118869921;0.151391888;0.190653103;1.34370947;0.000999298732;0.00106984815;0.000566884757;10;0.833333;0;1.044444;1.06240679;1.0624066
20.035061;0.00100020799;0.00118700892;0.000620346709;1.1866663;0.619999581;0.00118569202;0.150621138;0.189754969;1.3368718;0.000999283842;0.00106784437;0.000557875792;10;0.833333;0;1.044444;1.05974379;1.0597436
20.036098;0.00100021907;0.00118369592;0.000609234107;1.18333297;0.608888438;0.00118268327;0.149733447;0.188705676;1.32899152;0.000999267536;0.00106484041;0.000547863108;10;0.833333;0;1.044444;1.0565828;1.05658261
20.037189;0.00100023073;0.00118038204;0.000599233537;1.17999965;0.598888404;0.00117967428;0.148862194;0.187682856;1.32125949;0.000999252944;0.00106183688;0.000538848139;10;0.833333;0;1.044444;1.05337681;1.05337661
20.038367;0.00100024353;0.00117595637;0.000589234812;1.17555523;0.58888837;0.00117666516;0.147990513;0.186656036;1.3135303;0.000999240431;0.00105783347;0.00052983037;10;0.833333;0;1.044444;1.05005282;1.05005262
20.039153;0.00100025226;0.00117374555;0.000582570209;1.17333301;0.582221682;0.00117465958;0.147447868;0.18601669;1.3087188;0.000999233751;0.00105583129;0.000523817736;10;0.833333;0;1.044444;1.04791782;1.04791762
20.039939;0.00100026117;0.00117153376;0.000578129037;1.1711108;0.577777217;0.00117265459;0.146934657;0.185411104;1.304155;0.000999228504;0.00105382914;0.0005198044;10;0.833333;0;1.044444;1.04584383;1.04584362
20.040724;0.00100027021;0.00116932096;0.000572578182;1.16888859;0.572221641;0.00117165053;0.146449639;0.184833983;1.29984014;0.000999224748;0.00105182711;0.000514790275;10;0.833333;0;1.044444;1.04383284;1.04383263
20.041510;0.00100027932;0.00116710747;0.000568139566;1.16666639;0.567777179;0.00116964732;0.145989976;0.184289522;1.29577392;0.000999222089;0.00104982527;0.000510775513;10;0.833333;0;1.044444;1.04188185;1.04188163
20.042295;0.00100028849;0.00116378216;0.000563702037;1.16333306;0.563332717;0.00116864505;0.145557317;0.183776234;1.29191563;0.000999220498;0.00104682371;0.000506760186;10;0.833333;0;1.044444;1.03998986;1.03998964
20.043067;0.00100029761;0.00116156722;0.000560376531;1.16111085;0.559999368;0.00116764379;0.145153656;0.18329217;1.28833583;0.000999219929;0.0010448225;0.000503744593;10;0.833333;0;1.044444;1.03817986;1.03817964
20.044542;0.00100031593;0.00115713455;0.000554839277;1.15666643;0.554443785;0.00116564522;0.144419584;0.182415792;1.28180507;0.00099922222;0.00104082172;0.000498713499;10;0.833333;0;1.044444;1.03468888;1.03468865
20.045236;0.00100032512;0.00115491706;0.000553737936;1.15444421;0.553332662;0.00116564739;0.144089005;0.182016893;1.27886214;0.000999224599;0.0010388221;0.000497698579;10;0.833333;0;1.044444;1.03303188;1.03303166
20.046278;0.00100033997;0.00115047857;0.000551531998;1.14999978;0.551110424;0.0011646529;0.14361055;0.181431789;1.2745966;0.000999230287;0.00103482405;0.000495675937;10;0.833333;0;1.044444;1.03053789;1.03053766
20.047319;0.00100035616;0.00114603884;0.000550438856;1.14555535;0.549999299;0.00116466095;0.143154302;0.180869053;1.27051686;0.000999238695;0.00103082785;0.000494653193;10;0.833333;0;1.044444;1.02804489;1.02804467
20.048014;0.00100036761;0.00114381924;0.000551562682;1.14333312;0.551110402;0.00116466745;0.142862417;0.180507493;1.2679017;0.000999245653;0.0010288313;0.000495637998;10;0.833333;0;1.044444;1.02638789;1.02638767
20.049055;0.0010003862;0.00113937776;0.000551582954;1.13888868;0.551110393;0.00116467919;0.142442289;0.179986815;1.26414503;0.000999259076;0.00102483835;0.000495615409;10;0.833333;0;1.044444;1.02391689;1.02391668
20.050096;0.00100040623;0.00113382424;0.0005538262;1.13333313;0.553332608;0.00116569229;0.142044346;0.179481961;1.26058386;0.000999275436;0.00101984711;0.000497593266;10;0.833333;0;1.044444;1.02146789;1.02146768
20.051138;0.00100042767;0.00112938086;0.000557180755;1.12888869;0.556665938;0.00116670589;0.141669134;0.179000454;1.25720882;0.000999294552;0.00101585734;0.000500571886;10;0.833333;0;1.044444;1.01904789;1.01904769
20.052455;0.00100045655;0.00112271393;0.000561651288;1.12222201;0.561110381;0.00116772236;0.141227065;0.178427804;1.25322134;0.000999322279;0.00100987212;0.000504546538;10;0.833333;0;1.044444;1.01603588;1.01603569
20.053038;0.00100046973;0.00111938005;0.000563884686;1.11888868;0.563332603;0.00116872922;0.141042393;0.178188742;1.25155346;0.0009993354;0.00100687909;0.000506535835;10;0.833333;0;1.044444;1.01472487;1.01472469
20.054203;0.00100049666;0.00111271084;0.00056834963;1.11222201;0.567777052;0.00116974079;0.140693488;0.177730302;1.24841019;0.000999363825;0.00100089416;0.000510516351;10;0.833333;0;1.044444;1.01214086;1.0121407
20.055088;0.00100051708;0.00110826356;0.000573919242;1.10777756;0.573332611;0.00117174793;0.140446323;0.177402243;1.24617675;0.00099938651;0.000996906192;0.000515502963;10;0.833333;0;1.044444;1.01021485;1.01021471
20.056347;0.00100054515;0.00110048021;0.000580602513;1.09999978;0.579999288;0.00117375476;0.140121295;0.176957311;1.24323098;0.000999419999;0.000989924099;0.000521486991;10;0.833333;0;1.044444;1.00753583;1.00753572
20.056766;0.00100055416;0.00109825585;0.000582829491;1.09777755;0.582221513;0.00117475634;0.140019912;0.176815624;1.24229802;0.000999431296;0.000987930179;0.000523482377;10;0.833333;0;1.044444;1.00665883;1.00665872
20.057605;0.00100057123;0.00109380667;0.000588392937;1.0933331;0.587777077;0.00117575816;0.1398256;0.176544796;1.24053578;0.000999454018;0.0009839424;0.000528474697;10;0.833333;0;1.044444;1.00492982;1.00492973
20.058024;0.00100057951;0.00109047088;0.000591729828;1.08999977;0.591110415;0.00117675876;0.139733063;0.176415195;1.23969533;0.000999465383;0.000980948502;0.000531471231;10;0.833333;0;1.044444;1.00407681;1.00407673
20.059283;0.00100060122;0.00108268503;0.000600625339;1.08222198;0.599999319;0.0011797576;0.139474954;0.176040577;1.23732095;0.000999499337;0.000973966067;0.000539465077;10;0.833333;0;1.044444;1.00156979;1.00156975
20.060087;0.00100061337;0.00107823522;0.000607294238;1.07777753;0.606665996;0.0011817556;0.139322473;0.17581851;1.23593155;0.000999520765;0.000969976554;0.000545463421;10;0.833333;0;1.044444;1.00000777;1.00000776
20.060998;0.00100062506;0.00107267347;0.000613961093;1.07222197;0.613332675;0.00118375214;0.139163291;0.175572466;1.23446279;0.000999544556;0.000964987257;0.000551464383;10;0.833333;0;1.044444;0.998274754;0.998274766
20.062278;0.00100063712;0.00106377603;0.000625067783;1.06333307;0.624443807;0.00118674558;0.138959749;0.175253877;1.23258459;0.000999576742;0.000956999239;0.000561471349;10;0.833333;0;1.044444;0.995908727;0.995908781
20.063302;0.0010006434;0.00105710287;0.000633949749;1.05666641;0.633332715;0.00118973952;0.138813298;0.175022506;1.23122736;0.000999601617;0.000951006114;0.000569480733;10;0.833333;0;1.044444;0.994072705;0.994072794
20.063814;0.00100064541;0.00105376644;0.000638389635;1.05333307;0.63777717;0.00119073633;0.138746242;0.174906868;1.23058906;0.000999613787;0.00094800856;0.000573486603;10;0.833333;0;1.044444;0.993173694;0.9931738
20.064838;0.00100064675;0.00104598298;0.000648378088;1.0455553;0.647777191;0.00119372989;0.138620529;0.17468872;1.22942047;0.000999637506;0.000941011;0.000582500779;10;0.833333;0;1.044444;0.991412673;0.991412813
20.065350;0.00100064608;0.00104264707;0.000652815553;1.04222196;0.652221646;0.00119572679;0.138562815;0.174585048;1.22886596;0.000999649017;0.00093801093;0.000586508998;10;0.833333;0;1.044444;0.990550662;0.990550819
20.066374;0.00100064269;0.00103486454;0.000662799803;1.03444418;0.662221669;0.00119872097;0.138456632;0.174389878;1.22785014;0.000999671456;0.000931008786;0.000595526995;10;0.833333;0;1.044444;0.988864643;0.988864832
20.067910;0.00100063244;0.0010237471;0.000678327205;1.02333307;0.677777262;0.00120271377;0.138317689;0.174115161;1.22652887;0.000999703414;0.000921000344;0.000609557517;10;0.833333;0;1.044444;0.986423617;0.986423849
20.068422;0.00100062735;0.00101930075;0.000683871931;1.01888864;0.683332829;0.00120471196;0.138276897;0.17402991;1.22612728;0.000999713428;0.000916995892;0.000614568637;10;0.833333;0;1.044444;0.985634609;0.985634855
20.069446;0.00100061558;0.00101151941;0.000694959992;1.01111086;0.694443966;0.00120770888;0.138201646;0.173867374;1.22541199;0.000999732775;0.000909985446;0.000624591658;10;0.833333;0;1.044444;0.984089596;0.984089866
20.070982;0.00100059342;0.000998181757;0.00071158814;0.997777543;0.711110672;0.00121270564;0.138107633;0.173631713;1.2244761;0.000999759854;0.000897965343;0.000639628195;10;0.833333;0;1.044444;0.98185658;0.981856882
20.071494;0.0010005846;0.000993736393;0.000717129581;0.993333102;0.716666241;0.00121470497;0.138080769;0.173560878;1.2241993;0.000999768301;0.000893957041;0.000644641006;10;0.833333;0;1.044444;0.981134576;0.981134888
20.072006;0.00100057572;0.000989291049;0.000722670978;0.988888662;0.72222181;0.00121670431;0.138055467;0.173488053;1.22394074;0.000999776731;0.000889948683;0.000649653839;10;0.833333;0;1.044444;0.980423573;0.980423893
20.072518;0.00100056602;0.000984846193;0.000728211615;0.984444221;0.72777738;0.00121770395;0.138031835;0.173421155;1.22370753;0.00099978486;0.00088593914;0.000654667138;10;0.833333;0;1.044444;0.979722571;0.979722899
20.074054;0.00100053575;0.000971512855;0.000744832092;0.9711109;0.744444088;0.00122270357;0.137973844;0.173220233;1.22307828;0.000999808699;0.000873907939;0.000669708121;10;0.833333;0;1.044444;0.97768257;0.977682916
20.075078;0.00100051471;0.000961514419;0.000757021846;0.961110905;0.75666634;0.00122670415;0.137943047;0.173097806;1.22273912;0.000999823896;0.000864883992;0.000680736764;10;0.833333;0;1.044444;0.976373573;0.976373929
20.075590;0.00100050415;0.000957071219;0.000762560657;0.956666463;0.76222191;0.00122870468;0.137930273;0.173033282;1.22259457;0.000999831226;0.000860871013;0.000685751443;10;0.833333;0;1.044444;0.975733576;0.975733936
20.077126;0.00100047269;0.000941520118;0.000780287164;0.941110911;0.779999732;0.00123370668;0.137899744;0.172862098;1.22222059;0.000999852342;0.000846829667;0.000701795934;10;0.833333;0;1.044444;0.973870588;0.973870959
20.078662;0.00100044156;0.000925969481;0.000799123451;0.925555355;0.798888664;0.00123970929;0.137880737;0.172692522;1.22196187;0.000999871259;0.000832784309;0.000718840207;10;0.833333;0;1.044444;0.972089604;0.972089985
20.079174;0.00100043115;0.000921526548;0.000804661387;0.921110909;0.804444233;0.00124071023;0.137877077;0.172640695;1.22188951;0.000999876984;0.000828768697;0.000723854631;10;0.833333;0;1.044444;0.971512609;0.971512994
20.080198;0.00100041007;0.000910417947;0.000816848409;0.909999794;0.816666484;0.00124471219;0.13787248;0.172533624;1.22178512;0.000999887021;0.000818736941;0.000734882476;10;0.833333;0;1.044444;0.970386621;0.970387013
20.081734;0.00100037754;0.000893752891;0.000835685201;0.893333119;0.835555412;0.00125071514;0.137873158;0.172387711;1.22169839;0.000999897761;0.000803689216;0.000751921149;10;0.833333;0;1.044444;0.968757637;0.968758045
20.082246;0.00100036641;0.00088819707;0.000841223764;0.887777561;0.841110979;0.00125171611;0.137874611;0.17233754;1.22169351;0.000999900011;0.000798673507;0.00075693317;10;0.833333;0;1.044444;0.968229643;0.968230055
20.083270;0.00100034365;0.000875972875;0.000853412849;0.875555332;0.853333226;0.00125571806;0.137881061;0.172240832;1.22168461;0.000999902362;0.000787642576;0.000767955929;10;0.833333;0;1.044444;0.967198654;0.967199077
20.084806;0.00100030813;0.000858188592;0.000872254927;0.857777542;0.872222148;0.00126172135;0.137897069;0.172091914;1.22172794;0.00099990113;0.000771597554;0.000784987593;10;0.833333;0;1.044444;0.96570567;0.96570611
20.085830;0.00100028347;0.00084484878;0.000884448438;0.8444442;0.884444389;0.00126472406;0.137910756;0.171994266;1.22179187;0.000999897725;0.000759568477;0.000796007721;10;0.833333;0;1.044444;0.964745681;0.964746132
20.086342;0.00100027085;0.000839289409;0.00088999053;0.838888641;0.889999954;0.00126672563;0.13791877;0.171952046;1.22183359;0.00099989533;0.000754554231;0.000801017694;10;0.833333;0;1.044444;0.964276687;0.964277142
20.088390;0.0010002196;0.000812605079;0.000914385895;0.812221959;0.914444428;0.0012737331;0.137955765;0.171760964;1.22204533;0.000999882275;0.000730498699;0.000823058171;10;0.833333;0;1.044444;0.962460714;0.96246118
20.089414;0.00100019432;0.000799261869;0.000926586411;0.79888862;0.926666664;0.00127773748;0.137977374;0.171669645;1.22217595;0.000999873754;0.000718471862;0.000834079396;10;0.833333;0;1.044444;0.961590729;0.961591195
20.090438;0.00100017;0.000784807057;0.000938788596;0.784444169;0.938888896;0.00128174229;0.138000607;0.171576338;1.22233242;0.000999864249;0.00070544583;0.000845101622;10;0.833333;0;1.044444;0.960742746;0.960743207
20.091462;0.00100014721;0.000770351643;0.000950992156;0.76999972;0.951111127;0.00128474764;0.138025582;0.171480899;1.22249756;0.000999854221;0.000692420808;0.000856124973;10;0.833333;0;1.044444;0.959917764;0.959918217
20.092486;0.0010001265;0.000755895315;0.000963196761;0.755555271;0.963333356;0.00128875359;0.138052418;0.171391236;1.22267033;0.000999844207;0.000679396922;0.000867149448;10;0.833333;0;1.044444;0.959114782;0.959115224
20.094022;0.00100009994;0.000733653034;0.000980949661;0.733333042;0.981111142;0.00129376344;0.138094238;0.171250842;1.22296781;0.000999830147;0.000659363181;0.000883187934;10;0.833333;0;1.044444;0.957947813;0.957948228
20.095558;0.00100008022;0.000710296084;0.000997594213;0.709999702;0.997777812;0.00129877386;0.138138085;0.17110803;1.22328742;0.000999818468;0.000638332447;0.000898228388;10;0.833333;0;1.044444;0.956824846;0.956825226
20.096582;0.00100007038;0.00069472323;0.00100980358;0.694444142;1.01000003;0.00130278081;0.138169001;0.171005426;1.22351228;0.000999812175;0.000624313498;0.000909256137;10;0.833333;0;1.044444;0.956098869;0.956099222
20.098630;0.00100005872;0.000661352655;0.00103200605;0.661110801;1.03222225;0.00130979475;0.138232576;0.170814284;1.22399455;0.000999804436;0.000594280003;0.000929313087;10;0.833333;0;1.044444;0.954698916;0.954699207
20.099654;0.00100005665;0.000644666697;0.00104311037;0.644444132;1.04333336;0.00131280186;0.138264893;0.170718128;1.22424693;0.00099980335;0.000579265815;0.000939341747;10;0.833333;0;1.044444;0.954022939;0.954023198
20.100678;0.00100005691;0.000627980521;0.00105421653;0.627777464;1.05444447;0.00131580912;0.13829837;0.170612552;1.22449697;0.00099980431;0.000564253654;0.000949370004;10;0.833333;0;1.044444;0.953362962;0.953363189
20.101190;0.00100005782;0.000619081798;0.00105865912;0.618888575;1.05888892;0.00131781282;0.138315339;0.170559498;1.22462792;0.000999805538;0.000556248335;0.000953383872;10;0.833333;0;1.044444;0.953037973;0.953038184
20.102726;0.001000064;0.000592385146;0.00107532314;0.592221911;1.07555559;0.00132282424;0.138365679;0.17040915;1.22503372;0.000999812805;0.000532236122;0.000968423748;10;0.833333;0;1.044444;0.952086005;0.952086169
20.103750;0.00100007059;0.000574586937;0.00108532378;0.574444138;1.08555559;0.00132583213;0.138400865;0.170301626;1.2253004;0.00099982036;0.000516230986;0.000977448614;10;0.833333;0;1.044444;0.951468025;0.951468161
20.104774;0.00100007893;0.000555677408;0.0010953264;0.555555258;1.0955556;0.00132884031;0.138434913;0.170195558;1.22558506;0.000999830092;0.000499228366;0.000986471821;10;0.833333;0;1.044444;0.950863044;0.950863154
20.106310;0.00100009401;0.00052675813;0.00110977819;0.526666386;1.11000005;0.00133285343;0.138487818;0.170034304;1.22600759;0.000999848729;0.000473229128;0.000999503222;10;0.833333;0;1.044444;0.949978071;0.949978146
20.107334;0.00100010506;0.000507850227;0.00111867392;0.507777513;1.11888895;0.00133586285;0.138522749;0.169927289;1.2262921;0.00099986354;0.00045623259;0.00100752191;10;0.833333;0;1.044444;0.949403087;0.949403142
20.108358;0.00100011619;0.000488944064;0.00112757097;0.488888643;1.12777785;0.00133787293;0.138558326;0.169811517;1.22657878;0.000999879898;0.00043923834;0.00101553881;10;0.833333;0;1.044444;0.948840103;0.948840141
20.109894;0.00100013163;0.000458922194;0.00114091828;0.458888678;1.1411112;0.00134188952;0.138610748;0.169643136;1.22702889;0.000999906463;0.000412250703;0.00102756109;10;0.833333;0;1.044444;0.948014124;0.948014142
20.111942;0.00100014671;0.000417790991;0.00115760527;0.417777623;1.1577779;0.00134691493;0.138680862;0.169413222;1.2276266;0.000999943853;0.000375272682;0.0010425858;10;0.833333;0;1.044444;0.946948149;0.94694815
20.112454;0.00100014902;0.000406676672;0.00116205489;0.406666528;1.16222235;0.00134892184;0.138698617;0.169359509;1.22777394;0.000999953235;0.000365278887;0.00104659126;10;0.833333;0;1.044444;0.946687155;0.946687153
20.112966;0.00100015121;0.0003966736;0.00116539341;0.396666544;1.1655557;0.00134992879;0.138716439;0.169297715;1.22792062;0.000999962612;0.000356285137;0.00104959668;10;0.833333;0;1.044444;0.94642916;0.946429157
20.114502;0.00100015354;0.000364446282;0.00117651992;0.364444373;1.17666683;0.00135295062;0.13876834;0.16911434;1.22837435;0.000999989994;0.000327304636;0.00105961192;10;0.833333;0;1.044444;0.945666175;0.94566617
20.115014;0.00100015353;0.00035444529;0.0011798583;0.354444391;1.18000017;0.00135395803;0.138786203;0.169052558;1.22852054;0.000999998908;0.000318311213;0.00106261686;10;0.833333;0;1.044444;0.94541618;0.945416174
20.117574;0.00100014418;0.000298892697;0.00119654745;0.298888932;1.19666688;0.00135899549;0.138871572;0.168748669;1.22928577;0.00100003836;0.000268346025;0.00107764008;10;0.833333;0;1.044444;0.944196202;0.9441962
20.118574;0.00100013726;0.000276673995;0.00120211015;0.276666748;1.20222244;0.00136100995;0.138904594;0.168628578;1.22958553;0.00100005113;0.000248361082;0.0010826483;10;0.833333;0;1.044444;0.943732212;0.943732209
20.119414;0.00100013012;0.00025889989;0.00120655972;0.258889002;1.20666691;0.00136202197;0.138932517;0.168522719;1.22984229;0.00100006055;0.000232374454;0.00108665471;10;0.833333;0;1.044444;0.94334722;0.943347216
20.120254;0.0010001219;0.000240015159;0.00121100843;0.240000143;1.21111136;0.00136303391;0.138959934;0.168417515;1.23008742;0.00100006885;0.000215388324;0.00109066065;10;0.833333;0;1.044444;0.942967228;0.942967223
20.121934;0.00100010237;0.000202246753;0.00121879182;0.202222422;1.21888916;0.00136605749;0.139013989;0.168208162;1.23060021;0.00100008226;0.000181416736;0.00109767082;10;0.833333;0;1.044444;0.942220243;0.942220234
20.122774;0.00100009124;0.000182251783;0.00122212614;0.182222446;1.2222225;0.00136706895;0.139040673;0.168095969;1.23085149;0.00100008751;0.000163430733;0.0011006747;10;0.833333;0;1.044444;0.94185225;0.941852238
20.123614;0.00100007952;0.000163368008;0.00122545941;0.163333579;1.22555585;0.00136808004;0.139067199;0.167991995;1.23110406;0.00100009209;0.000146444298;0.00110367767;10;0.833333;0;1.044444;0.941489257;0.941489242
20.125294;0.00100005466;0.000124489249;0.00122990091;0.124444727;1.2300003;0.00136910054;0.139118941;0.167769767;1.23161246;0.00100009983;0.000111469599;0.00110768041;10;0.833333;0;1.044444;0.94077327;0.940773251
20.126134;0.00100004165;0.000104494026;0.00123212049;0.104444742;1.23222252;0.00137010967;0.139144242;0.167659399;1.23186757;0.00100010329;9.34811834e-05;0.00110967991;10;0.833333;0;1.044444;0.940420276;0.940420255
20.127814;0.00100001429;6.45019157e-05;0.00123544673;0.0644447641;1.23555587;0.0013711246;0.139195168;0.167438387;1.23236658;0.00100011001;5.75020341e-05;0.00111267409;10;0.833333;0;1.044444;0.939725286;0.939725267
20.128654;0.000999999887;4.45045451e-05;0.00123766481;0.0444447713;1.23777809;0.0013711301;0.139219774;0.167328969;1.2326275;0.00100011336;3.95113735e-05;0.00111466859;10;0.833333;0;1.044444;0.93938229;0.939382274
20.129494;0.000999985005;2.33950331e-05;0.00123766048;0.023333665;1.23777809;0.0013711343;0.139244898;0.167218968;1.23286779;0.00100011671;2.05199711e-05;0.00111466134;10;0.833333;0;1.044444;0.939042295;0.939042282
20.130334;0.000999969628;3.3955658e-06;0.00123876719;0.00333366768;1.23888921;0.00137213722;0.139268781;0.167102518;1.23312695;0.00100012005;2.52772598e-06;0.0011156522;10;0.833333;0;1.044444;0.9387053;0.938705291
20.131173;0.000999953777;-1.77160363e-05;0.00123876284;-0.0177774427;1.23888921;0.00137213893;0.139292195;0.166986671;1.23338221;0.00100012338;-1.64654848e-05;0.00111564109;10;0.833333;0;1.044444;0.938371304;0.9383713
20.132853;0.000999920586;-5.88308907e-05;0.00123875471;-0.0588885574;1.23888921;0.00137213902;0.139338767;0.166763379;1.23388674;0.00100013002;-5.34553323e-05;0.00111561244;10;0.833333;0;1.044444;0.937711314;0.937711321
20.134533;0.000999886247;-9.99486527e-05;0.00123652545;-0.0999996778;1.23666699;0.00137113608;0.139385053;0.166532614;1.23437757;0.00100013688;-9.04490324e-05;0.00111357678;10;0.833333;0;1.044444;0.937062323;0.937062343
20.135373;0.000999869093;-0.000121063892;0.00123541123;-0.121110795;1.23555588;0.00137113414;0.139406582;0.166419217;1.23463316;0.00100014066;-0.0001094467;0.00111255731;10;0.833333;0;1.044444;0.936741327;0.936741354
20.137893;0.000999819114;-0.000184411327;0.0012287372;-0.184444154;1.22888921;0.00136912902;0.139471383;0.166071033;1.23537375;0.00100015504;-0.000166440621;0.00110649639;10;0.833333;0;1.044444;0.935790334;0.935790383
20.138733;0.000999802825;-0.000205527461;0.00122540248;-0.205555277;1.22555588;0.00136812815;0.139491648;0.165959289;1.23562432;0.00100016125;-0.000185438345;0.00110347632;10;0.833333;0;1.044444;0.935478335;0.935478392
20.140413;0.000999769881;-0.000248871441;0.00121873539;-0.248888635;1.2188892;0.0013661283;0.139532042;0.165728104;1.23611852;0.00100017548;-0.000224432734;0.00109743786;10;0.833333;0;1.044444;0.934858336;0.934858406
20.141253;0.000999753073;-0.000269988256;0.00121429203;-0.269999759;1.21444475;0.00136412942;0.139552013;0.16561681;1.23636352;0.00100018334;-0.000243429249;0.00109341972;10;0.833333;0;1.044444;0.934551337;0.934551412
20.142933;0.000999718765;-0.000312222633;0.0012054079;-0.31222201;1.20555586;0.00136213398;0.139590432;0.165388167;1.23685089;0.00100020003;-0.000281420841;0.00108538643;10;0.833333;0;1.044444;0.933942338;0.933942419
20.144612;0.000999684411;-0.000355568436;0.00119430438;-0.355555374;1.19444473;0.00135814204;0.139626298;0.165154713;1.2373367;0.00100021694;-0.000320411458;0.001075359;10;0.833333;0;1.044444;0.933340341;0.93334042
20.145452;0.000999667846;-0.000376685629;0.00118764217;-0.3766665;1.18777807;0.0013561474;0.139644098;0.165046144;1.2375767;0.0010002252;-0.000339406969;0.00106934776;10;0.833333;0;1.044444;0.933041343;0.933041417
20.147132;0.000999637539;-0.000418919498;0.00117431792;-0.418888751;1.17444471;0.00135216078;0.13967876;0.164822242;1.23805651;0.00100024118;-0.000377399471;0.00105733032;10;0.833333;0;1.044444;0.93244735;0.932447409
20.150000;0.000999600991;-0.000491159686;0.00114766051;-0.491111017;1.14777803;0.00134419106;0.139733094;0.164440107;1.23887823;0.00100026631;-0.000442396392;0.00103331395;10;0.833333;0;1.044444;0.931445366;0.931445385
20.151148;0.0019745934;-0.00103005526;0.00222877067;-0.521518909;1.12855157;0.0026432047;0.139901441;0.158913118;1.23372581;0.00197527512;-0.000927400136;0.00200631075;10;0.833333;0;1.044444;0.931758374;0.931758373
20.152172;0.00284358981;-0.00155895012;0.00316432293;-0.548132455;1.11267408;0.00379321681;0.140237604;0.153944768;1.23102935;0.00284428227;-0.00140340567;0.0028483088;10;0.833333;0;1.044444;0.932120381;0.932120363
20.153196;0.00371258903;-0.00213340064;0.00407542836;-0.574557806;1.09764512;0.00493622858;0.140690534;0.148884416;1.22957746;0.00371328861;-0.00192041311;0.00366830733;10;0.833333;0;1.044444;0.932565388;0.932565351
20.154169;0.00453859039;-0.00272007318;0.00491542092;-0.599250892;1.08296023;0.00601423949;0.141189576;0.143966953;1.22900904;0.00453929374;-0.0024484216;0.00442430614;10;0.833333;0;1.044444;0.933070395;0.933070339
20.155090;0.00532159311;-0.00331230102;0.00569096776;-0.622364156;1.0693559;0.00702924984;0.141701332;0.139181427;1.22900139;0.0053222976;-0.00298143059;0.00512230512;10;0.833333;0;1.044444;0.933623401;0.933623328
20.156012;0.00610359681;-0.00393786226;0.0064454021;-0.645114289;1.0559562;0.0080382606;0.14223636;0.13425993;1.22936216;0.00610430027;-0.00354444017;0.00580130423;10;0.833333;0;1.044444;0.934250407;0.934250317
20.157394;0.00727760332;-0.00493898194;0.007536496;-0.678605219;1.03554106;0.00953927838;0.143056821;0.126639563;1.2303889;0.00727830118;-0.00444545477;0.00678330303;10;0.833333;0;1.044444;0.935331414;0.9353313
20.158316;0.00805960792;-0.0056445431;0.00823537269;-0.700303276;1.02178124;0.0105312915;0.143605366;0.12139746;1.23128298;0.00806029976;-0.00508046422;0.00741230208;10;0.833333;0;1.044444;0.936144417;0.936144288
20.159238;0.00884261264;-0.00638010398;0.00891091571;-0.721474617;1.0077024;0.0115163058;0.144148261;0.116022523;1.23229565;0.00884329639;-0.00574247318;0.00802030072;10;0.833333;0;1.044444;0.93703142;0.937031277
20.160159;0.00962461742;-0.00714344215;0.00956423646;-0.742164515;0.993708649;0.0124943215;0.144681981;0.11051831;1.23338664;0.0096252909;-0.00642948152;0.00860829865;10;0.833333;0;1.044444;0.937990422;0.937990265
20.161542;0.0107986245;-0.00833789282;0.0104997735;-0.772087979;0.972312371;0.0139493472;0.145460667;0.102059035;1.23511003;0.0107992782;-0.00750449269;0.00945029348;10;0.833333;0;1.044444;0.939562423;0.939562247
20.162002;0.0111896267;-0.00874900584;0.0107997675;-0.781848906;0.965147568;0.0144303562;0.145714078;0.0991822206;1.23569191;0.0111902732;-0.00787449618;0.00972029136;10;0.833333;0;1.044444;0.940121424;0.940121241
20.163385;0.0123636331;-0.010013455;0.0116653065;-0.809878189;0.943509928;0.0158633839;0.146450863;0.0904059925;1.23745673;0.0123642536;-0.00901250541;0.0104992823;10;0.833333;0;1.044444;0.941898424;0.941898224
20.164306;0.013145637;-0.0108834575;0.0122141853;-0.827881796;0.929137803;0.0168114024;0.146923987;0.0844430556;1.23861445;0.0131462382;-0.00979551098;0.0109932749;10;0.833333;0;1.044444;0.943164423;0.943164213
20.165228;0.0139286408;-0.011772348;0.0127419544;-0.845159247;0.914798134;0.0177514206;0.147381101;0.0783987647;1.23976375;0.0139292208;-0.0105955162;0.0114682664;10;0.833333;0;1.044444;0.944494422;0.944494203
20.166150;0.0147106444;-0.0126812372;0.0132497245;-0.86201565;0.900686616;0.0186854383;0.147823089;0.0722789934;1.24089012;0.0147112016;-0.011413521;0.011925257;10;0.833333;0;1.044444;0.945884421;0.945884193
20.167071;0.015492648;-0.0136379025;0.0137741624;-0.880254251;0.889075392;0.0196134553;0.148250712;0.0660971944;1.24196527;0.0154931807;-0.0122745257;0.0123972467;10;0.833333;0;1.044444;0.94733342;0.947333183
20.168452;0.016665653;-0.0150056743;0.01441971;-0.900369448;0.86523462;0.0209924787;0.148864667;0.0567336342;1.2435161;0.0166661465;-0.0135055321;0.01297823;10;0.833333;0;1.044444;0.949606418;0.949606168
20.169451;0.0175136564;-0.0160390005;0.0148908162;-0.915775426;0.850240431;0.021981494;0.149288996;0.0499037798;1.24458143;0.0175141203;-0.0144355365;0.0134022173;10;0.833333;0;1.044444;0.951320415;0.951320158
20.170450;0.0183616596;-0.0170845471;0.0153430339;-0.930424062;0.835602476;0.0229655075;0.149699954;0.0430274206;1.24558128;0.0183620933;-0.0153765407;0.0138092041;10;0.833333;0;1.044444;0.953092412;0.953092147
20.171449;0.0192096623;-0.0181389812;0.0157763631;-0.944242132;0.82127358;0.0239435188;0.150096093;0.036125657;1.2465211;0.0192100658;-0.0163255443;0.0141991906;10;0.833333;0;1.044444;0.954920409;0.954920137
20.172447;0.0200576643;-0.0192023032;0.0161941364;-0.957334974;0.807380729;0.0249165273;0.150480541;0.0292034268;1.24737567;0.0200580382;-0.0172825473;0.0145751768;10;0.833333;0;1.044444;0.956802405;0.956802127
20.173446;0.0209056657;-0.0202700693;0.0165963539;-0.969578252;0.793870861;0.0258855327;0.150853732;0.0222665787;1.24816437;0.0209060108;-0.0182435494;0.0149371628;10;0.833333;0;1.044444;0.958734401;0.958734119
20.174445;0.0217536664;-0.0213422798;0.0169863487;-0.981071313;0.78085242;0.0268505349;0.151216848;0.0153355954;1.24888545;0.0217539835;-0.0192085505;0.0152881489;10;0.833333;0;1.044444;0.960713397;0.960713111
20.175444;0.0226016664;-0.0224167129;0.0173652318;-0.991800282;0.768319251;0.0278125338;0.151572151;0.00840892714;1.24952089;0.0226019566;-0.0201755503;0.0156291351;10;0.833333;0;1.044444;0.962736392;0.962736104
20.176443;0.023449666;-0.0234922577;0.0177363367;-1.00180067;0.756360858;0.0287715295;0.151921906;0.00150008024;1.25006736;0.0234499301;-0.0211435486;0.0159631214;10;0.833333;0;1.044444;0.964799387;0.964799098
20.176942;0.0238736657;-0.0240289192;0.0179196669;-1.00648791;0.75060715;0.0292505264;0.152094587;-0.00194245739;1.25031388;0.023873917;-0.0216265473;0.0161281146;10;0.833333;0;1.044444;0.965844384;0.965844095
20.177941;0.024721665;-0.0251022433;0.0182829938;-1.01538005;0.739556984;0.0302075174;0.152437687;-0.00880426879;1.25074362;0.0247218912;-0.0225925432;0.0164551007;10;0.833333;0;1.044444;0.967961377;0.967961091
20.178440;0.0251456648;-0.0256377951;0.0184629907;-1.01955704;0.734245106;0.0306855114;0.152608234;-0.0122164055;1.25092594;0.0251458787;-0.0230745405;0.0166170934;10;0.833333;0;1.044444;0.969032373;0.969032089
20.178940;0.0255696645;-0.0261711246;0.0186429876;-1.02350859;0.72910939;0.0311635052;0.152778153;-0.0156209893;1.25109118;0.0255698662;-0.0235545376;0.0167790861;10;0.833333;0;1.044444;0.970110369;0.970110087
20.179938;0.0264176644;-0.0272366745;0.0190040927;-1.03098911;0.719374579;0.0321194903;0.153118511;-0.0223929019;1.25135823;0.0264178426;-0.0245135305;0.0171040705;10;0.833333;0;1.044444;0.972289359;0.972289084
20.180438;0.0268416645;-0.0277666726;0.0191852011;-1.03444863;0.71475853;0.0325974817;0.153289393;-0.025760216;1.25145658;0.0268418315;-0.0249905263;0.017267062;10;0.833333;0;1.044444;0.973388354;0.973388082
20.181437;0.027689665;-0.0288222253;0.0195496399;-1.04088934;0.706030784;0.0335554637;0.153632743;-0.0324358776;1.25158905;0.0276898103;-0.0259405175;0.0175950445;10;0.833333;0;1.044444;0.975604342;0.975604078
20.182436;0.028537666;-0.0298688911;0.0199207456;-1.04663579;0.698055333;0.0345144445;0.153979588;-0.0390448043;1.25164922;0.028537791;-0.026882508;0.0179290257;10;0.833333;0;1.044444;0.977841329;0.977841074
20.183434;0.0293856674;-0.0309066698;0.0203007404;-1.05174812;0.690842671;0.0354764245;0.154332672;-0.0455717874;1.25162249;0.0293857737;-0.027816498;0.0182710058;10;0.833333;0;1.044444;0.980096315;0.980096069
20.184433;0.0302336694;-0.0319333388;0.0206907351;-1.05620615;0.684365366;0.036441404;0.154693362;-0.0520089563;1.25151999;0.0302337586;-0.0287404879;0.0186219848;10;0.833333;0;1.044444;0.982367301;0.982367063
20.185432;0.0310816719;-0.0329488983;0.0210951745;-1.06006344;0.67870622;0.0374103834;0.155063258;-0.0583553878;1.25134364;0.031081746;-0.0296544778;0.0189859632;10;0.833333;0;1.044444;0.984649287;0.984649056
20.186431;0.0319296754;-0.0339511257;0.0215140585;-1.06329828;0.673800048;0.0383843629;0.155444658;-0.0645882035;1.25108268;0.0319297361;-0.0305564678;0.0193629411;10;0.833333;0;1.044444;0.986941272;0.986941049
20.186930;0.0323536774;-0.0344466842;0.021730723;-1.0646804;0.671666631;0.0388733527;0.155640493;-0.0676623677;1.2509221;0.032353732;-0.0310024628;0.01955793;10;0.833333;0;1.044444;0.988089265;0.988089045
20.187929;0.0332016827;-0.0354266913;0.0221784974;-1.06700408;0.667998313;0.0398553329;0.15604157;-0.0737118943;1.25055525;0.0332017267;-0.0318844529;0.0199609078;10;0.833333;0;1.044444;0.990388251;0.990388036
20.188428;0.0336256861;-0.0359100288;0.0224096074;-1.06792371;0.666448319;0.0403493234;0.156248546;-0.0766934058;1.25034233;0.0336257256;-0.032319448;0.0201688968;10;0.833333;0;1.044444;0.991538244;0.991538032
20.189427;0.0344736939;-0.0368655932;0.0228896058;-1.0693728;0.663978401;0.0413413049;0.156673336;-0.0825490695;1.24988137;0.0344737252;-0.0331794384;0.0206008751;10;0.833333;0;1.044444;0.993839229;0.993839024
20.190426;0.0353217038;-0.0378033808;0.0233951609;-1.07024902;0.662350582;0.0423402874;0.15711723;-0.0882562444;1.24934169;0.0353217278;-0.0340234291;0.0210558543;10;0.833333;0;1.044444;0.996136214;0.996136015
20.191425;0.036169716;-0.0387211693;0.0239273834;-1.07053119;0.661536353;0.0433482708;0.157579625;-0.0938144681;1.24875007;0.0361697331;-0.03484942;0.0215348346;10;0.833333;0;1.044444;0.998427199;0.998427006
20.192188;0.036817727;-0.0394089557;0.0243540505;-1.07037023;0.661481801;0.0441242584;0.157948678;-0.0979426978;1.24825231;0.0368177386;-0.0354684131;0.0219188204;10;0.833333;0;1.044444;1.00017119;1.000171
20.193320;0.0377787465;-0.0404045245;0.025019607;-1.06949487;0.662272511;0.0452852405;0.15851766;-0.10388561;1.24746588;0.0377787492;-0.0363644031;0.0225178014;10;0.833333;0;1.044444;1.00274417;1.00274399
20.194110;0.0384497621;-0.041082312;0.0255084963;-1.06845837;0.663429977;0.0461022279;0.158930954;-0.107894075;1.24685761;0.0384497577;-0.0369743961;0.0229577895;10;0.833333;0;1.044444;1.00453015;1.00452998
20.195134;0.039318785;-0.0419334361;0.0261696077;-1.06649038;0.665581385;0.0471702115;0.159473102;-0.112934006;1.24589349;0.03931877;-0.037740387;0.023552776;10;0.833333;0;1.044444;1.00683013;1.00682996
20.195646;0.0397537977;-0.0423467762;0.02651183;-1.06521781;0.666906906;0.0477072031;0.159748774;-0.115375221;1.24532239;0.0397537764;-0.0381123824;0.0238607703;10;0.833333;0;1.044444;1.00797312;1.00797296
20.196646;0.040602824;-0.0431312342;0.0272062745;-1.0622642;0.670065326;0.0487651862;0.160292022;-0.120009786;1.24409642;0.0406027893;-0.0388183732;0.0244857608;10;0.833333;0;1.044444;1.0101901;1.01018994
20.197546;0.0413668499;-0.0438090248;0.0278596079;-1.05902992;0.673483612;0.0497251703;0.160791938;-0.124003968;1.24281976;0.041366801;-0.0394283645;0.0250737544;10;0.833333;0;1.044444;1.01216608;1.01216593
20.198446;0.0421308777;-0.0444590379;0.0285407191;-1.05525363;0.677437243;0.0506931535;0.161300669;-0.127828626;1.24141427;0.0421308125;-0.0400133554;0.0256867501;10;0.833333;0;1.044444;1.01412107;1.01412091
20.199346;0.0428949075;-0.0450790514;0.0292507195;-1.05091247;0.681923518;0.0516701356;0.161821587;-0.131468264;1.23986242;0.0428948238;-0.0405713456;0.0263257476;10;0.833333;0;1.044444;1.01605305;1.0160529
20.200246;0.0436589391;-0.0456701762;0.0299907203;-1.04606155;0.686939924;0.0526561163;0.162354423;-0.134917219;1.2381954;0.0436588346;-0.0411033351;0.0269917469;10;0.833333;0;1.044444;1.01795803;1.01795788
20.201146;0.0444229726;-0.0462279678;0.0307607218;-1.04062713;0.692459109;0.0536510956;0.16290066;-0.138168528;1.23641025;0.0444228448;-0.0416053239;0.0276847477;10;0.833333;0;1.044444;1.01983501;1.01983487
20.202046;0.0451870075;-0.0467535369;0.0315607239;-1.03466338;0.698455569;0.0546560735;0.163460295;-0.141216577;1.23452224;0.0451868544;-0.0420783119;0.0284047501;10;0.833333;0;1.044444;1.02168099;1.02168086
20.202946;0.0459510437;-0.0472457725;0.0323929492;-1.02817254;0.704953861;0.05566905;0.164036291;-0.144039779;1.23252415;0.0459508634;-0.0425212985;0.029153754;10;0.833333;0;1.044444;1.02349197;1.02349184
20.203846;0.046715081;-0.0477013407;0.0332562864;-1.0211091;0.711905577;0.0566920254;0.164627234;-0.146647658;1.23044181;0.0467148716;-0.0429312834;0.0299307592;10;0.833333;0;1.044444;1.02526595;1.02526583
20.204746;0.0474801189;-0.0481224635;0.0341507352;-1.01352616;0.71927368;0.057725;0.165234809;-0.149020126;1.2282776;0.0474798794;-0.0433102664;0.0307357654;10;0.833333;0;1.044444;1.02700093;1.02700082
20.205646;0.0482441576;-0.0485046962;0.035077407;-1.00539848;0.727091076;0.0587669742;0.165859811;-0.15115833;1.22604731;0.0482438868;-0.0436542474;0.0315697721;10;0.833333;0;1.044444;1.02869292;1.02869281
20.206546;0.0490081967;-0.0488491497;0.036034079;-0.996753356;0.735276881;0.0598179482;0.166502456;-0.153050693;1.2237508;0.0490078938;-0.0439642264;0.0324307789;10;0.833333;0;1.044444;1.0303389;1.0303388
20.207446;0.0497722362;-0.0491536013;0.0370229737;-0.98756997;0.743858779;0.0608789225;0.167164256;-0.154684761;1.22139845;0.0497719007;-0.0442382036;0.0333207857;10;0.833333;0;1.044444;1.03193588;1.03193579
20.208346;0.0505362759;-0.0494180509;0.0380429799;-0.977872738;0.75279682;0.0619488972;0.167843903;-0.156070862;1.21900785;0.0505359075;-0.0444761789;0.034238792;10;0.833333;0;1.044444;1.03348187;1.03348179
20.209252;0.0513053155;-0.0496424982;0.0391007644;-0.967590308;0.762130763;0.0630348723;0.168547379;-0.15719939;1.21657001;0.0513049144;-0.0446781524;0.0351907977;10;0.833333;0;1.044444;1.03498385;1.03498379
20.210225;0.0521313573;-0.0498358318;0.040269661;-0.955967729;0.772477196;0.0642118461;0.169323752;-0.158106012;1.21393814;0.0521309216;-0.0448521223;0.0362428028;10;0.833333;0;1.044444;1.03653184;1.03653179
20.211147;0.0529133957;-0.0499724961;0.0414074467;-0.944422354;0.782563594;0.0653358216;0.170081835;-0.158681752;1.21142791;0.0529129281;-0.0449750925;0.0372668066;10;0.833333;0;1.044444;1.03793282;1.0379328
20.212068;0.0536964325;-0.0500636024;0.0425763441;-0.932347491;0.79292084;0.0664687974;0.170859887;-0.158967148;1.20892223;0.0536959339;-0.0450570615;0.0383188092;10;0.833333;0;1.044444;1.03926781;1.0392678
20.213451;0.0548694833;-0.0501135911;0.0443808024;-0.913326842;0.808856063;0.0681837619;0.172065449;-0.158860757;1.2051982;0.0548689408;-0.0451020127;0.0399428102;10;0.833333;0;1.044444;1.04113979;1.04113982
20.214372;0.0556525144;-0.0500880263;0.0456174788;-0.900017515;0.819697244;0.0693367391;0.172895681;-0.158432116;1.20274624;0.0556519442;-0.0450789792;0.0410558096;10;0.833333;0;1.044444;1.04229677;1.04229683
20.215294;0.0564345432;-0.050016905;0.0468797111;-0.886285989;0.830705147;0.0704977173;0.173745349;-0.157714911;1.20034332;0.0564339464;-0.045014945;0.042191808;10;0.833333;0;1.044444;1.04337776;1.04337784
20.216215;0.0572175697;-0.0498980052;0.0481641658;-0.872079532;0.841785828;0.0716656968;0.174615006;-0.156713097;1.1979921;0.0572169476;-0.0449079108;0.043347806;10;0.833333;0;1.044444;1.04438074;1.04438085
20.217137;0.057999594;-0.0497324385;0.0494719541;-0.857466836;0.852984335;0.0728406778;0.175505015;-0.155430924;1.19569648;0.0579989477;-0.0447588766;0.044524804;10;0.833333;0;1.044444;1.04530273;1.04530286
20.218059;0.0587826164;-0.0495213164;0.0508008536;-0.842453607;0.864229328;0.0740216603;0.176414153;-0.153874147;1.19347728;0.0587819471;-0.0445688429;0.0457208025;10;0.833333;0;1.044444;1.04614271;1.04614287
20.219441;0.0599556465;-0.0491168567;0.0528275364;-0.819225479;0.881124119;0.0758036373;0.177812754;-0.151039185;1.19030115;0.0599549448;-0.0442047943;0.0475448024;10;0.833333;0;1.044444;1.04724468;1.04724488
20.220363;0.0607386649;-0.0487924032;0.0541997693;-0.803322786;0.892357664;0.0769976238;0.178767812;-0.14882139;1.18829901;0.0607379428;-0.0439127635;0.0487798037;10;0.833333;0;1.044444;1.04787166;1.0478719
20.221284;0.061520682;-0.0484235065;0.0555864467;-0.787115258;0.90355474;0.0781956118;0.179739703;-0.146353796;1.18640485;0.0615199406;-0.0435807347;0.050027806;10;0.833333;0;1.044444;1.04841065;1.04841091
20.222206;0.0623036982;-0.0480112778;0.0569853464;-0.770606692;0.914652227;0.0793976012;0.180728389;-0.143647302;1.18461156;0.0623029384;-0.043209708;0.0512868091;10;0.833333;0;1.044444;1.04886163;1.04886192
20.223124;0.0630837134;-0.0475590504;0.0583898018;-0.753909719;0.925606318;0.0805995919;0.181729188;-0.140722411;1.18293627;0.0630829364;-0.0428026838;0.0525508127;10;0.833333;0;1.044444;1.04922361;1.04922393
20.224146;0.063950729;-0.0470101572;0.0599631475;-0.735105525;0.937660018;0.081938583;0.182860049;-0.137208962;1.18121079;0.0639499345;-0.0423086601;0.0539668168;10;0.833333;0;1.044444;1.04952059;1.04952094
20.225170;0.0648207432;-0.0464134873;0.0615487159;-0.716034128;0.949535873;0.0832835755;0.184009607;-0.133447347;1.17964027;0.0648199327;-0.0417716398;0.0553938207;10;0.833333;0;1.044444;1.04970957;1.04970996
20.226194;0.0656897558;-0.045772374;0.0631398402;-0.696801923;0.961196365;0.0846305692;0.185174793;-0.129451473;1.17822984;0.0656889311;-0.0411946229;0.0568258239;10;0.833333;0;1.044444;1.04978955;1.04978997
20.227218;0.0665587668;-0.0450901505;0.0647342982;-0.677454246;0.972602455;0.085978564;0.186353975;-0.125245723;1.17697524;0.0665579297;-0.0405806096;0.0582608266;10;0.833333;0;1.044444;1.04976153;1.04976198
20.228242;0.0674287764;-0.0443690391;0.0663298677;-0.658018761;0.983716432;0.0873265598;0.18754651;-0.120847261;1.17588376;0.0674279287;-0.0399315999;0.0596968287;10;0.833333;0;1.044444;1.04962651;1.04962699
20.229266;0.0682977847;-0.0436134841;0.0679243259;-0.63858345;0.994545556;0.0886745564;0.188749592;-0.116285949;1.17496412;0.0682969282;-0.0392515939;0.0611318305;10;0.833333;0;1.044444;1.04938849;1.049389
20.230290;0.0691677921;-0.0428268191;0.0695165618;-0.619177751;1.00505591;0.0900205539;0.189964139;-0.11157095;1.17419584;0.0691669285;-0.0385435915;0.0625648322;10;0.833333;0;1.044444;1.04904847;1.049049
20.231314;0.070036799;-0.0420112657;0.0711032417;-0.599850251;1.01524031;0.0913665523;0.191185418;-0.106743555;1.17360524;0.0700359298;-0.0378095927;0.0639928339;10;0.833333;0;1.044444;1.04861046;1.048611
20.232338;0.0709058055;-0.0411734907;0.0726832546;-0.580683091;1.02508106;0.0927095519;0.192415072;-0.101817091;1.17316165;0.0709049322;-0.0370555975;0.0654148361;10;0.833333;0;1.044444;1.04807844;1.048079
20.233362;0.0717758116;-0.0403146046;0.0742554894;-0.561678101;1.03456073;0.0940505529;0.193650072;-0.096812809;1.17288067;0.0717749359;-0.036282606;0.0668298391;10;0.833333;0;1.044444;1.04745543;1.047456
20.234386;0.0726448176;-0.0394390519;0.0758177233;-0.542906366;1.04369006;0.0953885554;0.19488943;-0.0917558735;1.17274238;0.072643941;-0.0354946182;0.0682358431;10;0.833333;0;1.044444;1.04674542;1.04674599
20.235410;0.0735138233;-0.0385523878;0.0773688451;-0.524427287;1.05245241;0.0967235595;0.196131042;-0.0866768734;1.17275666;0.0735129472;-0.0346966339;0.0696318487;10;0.833333;0;1.044444;1.04595541;1.04595599
20.236434;0.0743838289;-0.0376579456;0.0789077431;-0.506268617;1.06083143;0.0980545649;0.197374843;-0.0815876846;1.17290413;0.0743829544;-0.0338916527;0.0710168558;10;0.833333;0;1.044444;1.04508839;1.04508898
20.237458;0.0752528344;-0.0367590586;0.080434417;-0.48847724;1.0688685;0.0993825717;0.198618611;-0.0765174933;1.1731842;0.0752519623;-0.0330826741;0.0723908647;10;0.833333;0;1.044444;1.04415038;1.04415096
20.238482;0.0761228396;-0.0358601713;0.0819466443;-0.471085888;1.07651817;0.10070558;0.199862023;-0.0714827362;1.1735852;0.0761219706;-0.0322736974;0.0737518752;10;0.833333;0;1.044444;1.04314737;1.04314794
20.239506;0.0769918445;-0.0349657283;0.0834444244;-0.454151202;1.08382142;0.102023589;0.201103009;-0.0665055144;1.17410591;0.0769909792;-0.0314687222;0.0750998872;10;0.833333;0;1.044444;1.04208536;1.04208592
20.240018;0.0774268468;-0.0345201733;0.0841877584;-0.445845058;1.08733279;0.102681593;0.20172289;-0.0640483241;1.17439773;0.0774259835;-0.0310677349;0.0757688936;10;0.833333;0;1.044444;1.04153336;1.04153391
20.241042;0.0782958509;-0.0336390633;0.0856633123;-0.429642862;1.09411054;0.103993604;0.202957714;-0.0591913594;1.17507575;0.0782949926;-0.030274761;0.0770969076;10;0.833333;0;1.044444;1.04039335;1.04039389
20.242066;0.0791648543;-0.0327701748;0.0871221967;-0.413950768;1.10052897;0.105300616;0.204189685;-0.0544428722;1.17583821;0.079164002;-0.0294927874;0.0784099226;10;0.833333;0;1.044444;1.03920835;1.03920886
20.243090;0.0800348566;-0.0319179523;0.088566634;-0.398802707;1.10661368;0.106603628;0.205415087;-0.0498124307;1.17668863;0.0800340116;-0.0287258137;0.0797099385;10;0.833333;0;1.044444;1.03798535;1.03798584
20.244114;0.0809038577;-0.0310846175;0.0899955133;-0.384218658;1.11238902;0.107901643;0.206634081;-0.0453135904;1.17761388;0.0809030212;-0.0279758393;0.0809959553;10;0.833333;0;1.044444;1.03673035;1.03673081
20.245138;0.0817738575;-0.0302746148;0.0914077239;-0.3702254;1.11782411;0.109194659;0.207846212;-0.0409650926;1.17859926;0.0817730305;-0.0272468641;0.0822669728;10;0.833333;0;1.044444;1.03544935;1.03544977
20.246012;0.082514856;-0.0296035002;0.0926010461;-0.358767364;1.12224792;0.110293673;0.208873601;-0.0373856739;1.17948875;0.0825140381;-0.0266428843;0.0833409882;10;0.833333;0;1.044444;1.03434135;1.03434175
20.247164;0.0834928514;-0.0287490482;0.094156586;-0.344331019;1.12773343;0.111738694;0.210218615;-0.032849339;1.18072143;0.0834920476;-0.0258739094;0.0847410088;10;0.833333;0;1.044444;1.03286236;1.03286271
20.248085;0.0842748454;-0.0280934841;0.0953876842;-0.333357022;1.13187733;0.112890713;0.211287718;-0.0293806062;1.18173596;0.084274055;-0.0252839284;0.0858490254;10;0.833333;0;1.044444;1.03167237;1.03167268
20.249468;0.0854488312;-0.0271579103;0.0972132207;-0.317828081;1.13769059;0.114611743;0.212875561;-0.0244638519;1.18331346;0.0854480659;-0.0244419554;0.0874920506;10;0.833333;0;1.044444;1.02988239;1.02988263
20.250389;0.0862318184;-0.0265678945;0.098415431;-0.30810003;1.14130193;0.115754765;0.213924551;-0.0213833321;1.1843878;0.0862310733;-0.0239109727;0.0885740676;10;0.833333;0;1.044444;1.0286914;1.0286916
20.251311;0.0870138026;-0.0260078758;0.0996054199;-0.298895263;1.14472097;0.116894789;0.214965253;-0.018457635;1.18547667;0.0870130809;-0.0234069898;0.089645085;10;0.833333;0;1.044444;1.02750742;1.02750757
20.252693;0.0881877737;-0.0252222868;0.101372072;-0.286008344;1.1495149;0.118597826;0.216509501;-0.0143795165;1.18713115;0.0881870926;-0.0227000154;0.0912351122;10;0.833333;0;1.044444;1.02575044;1.02575053
20.253154;0.0885787629;-0.0249756079;0.101955402;-0.281961109;1.15102626;0.119164839;0.217019908;-0.0131015668;1.1876824;0.0885780965;-0.0224780239;0.0917601217;10;0.833333;0;1.044444;1.02517245;1.02517251
20.254076;0.0893607391;-0.0245044702;0.103114283;-0.274221575;1.15392224;0.120294865;0.218035355;-0.010670894;1.18878094;0.0893601046;-0.0220540407;0.0928031419;10;0.833333;0;1.044444;1.02402747;1.02402748
20.255458;0.0905346993;-0.0238577605;0.104834275;-0.263522801;1.15795712;0.121983906;0.219540374;-0.00732827449;1.19042966;0.0905341168;-0.0214720655;0.0943511749;10;0.833333;0;1.044444;1.02234749;1.02234744
20.256380;0.0913166708;-0.0234643974;0.105969828;-0.256958693;1.16047619;0.123106933;0.220532934;-0.0053001202;1.19151579;0.0913161248;-0.0211180814;0.0953731983;10;0.833333;0;1.044444;1.02125651;1.02125641
20.257301;0.0920996413;-0.0231032565;0.107095382;-0.250853199;1.16283128;0.124226961;0.221516192;-0.0034357426;1.19259211;0.0920991326;-0.0207930966;0.0963862227;10;0.833333;0;1.044444;1.02018953;1.02018938
20.258223;0.0928816111;-0.0227721161;0.108212047;-0.245176276;1.1650635;0.125344988;0.222491078;-0.00172773535;1.19365388;0.0928811401;-0.020495111;0.0973912476;10;0.833333;0;1.044444;1.01915054;1.01915035
20.259145;0.0936645805;-0.0224720879;0.109320936;-0.239923744;1.16716294;0.126460016;0.223457622;-0.000168887509;1.19469631;0.0936641473;-0.0202251243;0.0983892728;10;0.833333;0;1.044444;1.01814156;1.01814131
20.260066;0.0944465499;-0.0222020611;0.110420937;-0.235078429;1.16914584;0.127572043;0.22441513;0.00123300369;1.19571848;0.0944461541;-0.0199821364;0.0993792979;10;0.833333;0;1.044444;1.01716258;1.01716228
20.261449;0.0956205042;-0.021850913;0.112056496;-0.228520242;1.17189606;0.129237084;0.225836531;0.00307514899;1.19720605;0.0956201636;-0.0196661509;0.100851335;10;0.833333;0;1.044444;1.0157556;1.01575524
20.262370;0.0964024741;-0.0216531129;0.113137609;-0.224614916;1.17360438;0.130343111;0.226772903;0.00412567315;1.19817162;0.0964021696;-0.0194881581;0.101824359;10;0.833333;0;1.044444;1.01486061;1.01486021
20.263292;0.0971854447;-0.0214819815;0.114210946;-0.221044557;1.1751931;0.131448137;0.227701507;0.00504574121;1.19911158;0.0971851754;-0.0193341629;0.102790383;10;0.833333;0;1.044444;1.01400063;1.01400019
20.264213;0.0979674163;-0.0213375192;0.115277616;-0.217805686;1.17670037;0.132550162;0.228621877;0.00583704885;1.20002397;0.0979671811;-0.0192041654;0.103750405;10;0.833333;0;1.044444;1.01317564;1.01317517
20.265135;0.098750389;-0.0212175036;0.116337619;-0.214863476;1.17810434;0.133651186;0.229535191;0.0065108783;1.20090302;0.098750187;-0.0190961657;0.104704427;10;0.833333;0;1.044444;1.01238765;1.01238715
20.266517;0.0999233515;-0.021084152;0.117915402;-0.211006802;1.18006442;0.135298221;0.230891013;0.0073051609;1.20217156;0.0999231963;-0.0189761623;0.106124455;10;0.833333;0;1.044444;1.01127366;1.01127312
20.267439;0.100706329;-0.0210230319;0.118959849;-0.208759356;1.18126049;0.136394243;0.231785559;0.00770360223;1.20298236;0.100706203;-0.0189211581;0.107064473;10;0.833333;0;1.044444;1.01057666;1.01057611
20.268821;0.101879298;-0.0209696897;0.120514296;-0.205832247;1.18291758;0.138034273;0.233114751;0.00811724273;1.20413535;0.101879213;-0.0188731491;0.108463495;10;0.833333;0;1.044444;1.00960066;1.00960009
20.269282;0.102271289;-0.0209619102;0.121029853;-0.204967241;1.18342457;0.138580283;0.233554513;0.00821137722;1.20450366;0.102271217;-0.0188661453;0.108927502;10;0.833333;0;1.044444;1.00929267;1.00929209
20.270204;0.103053273;-0.020959686;0.122057631;-0.203390298;1.18441763;0.1396703;0.234428992;0.00833715252;1.20521943;0.103053224;-0.0188641367;0.109852513;10;0.833333;0;1.044444;1.00870567;1.00870508
20.271125;0.103835258;-0.0209752416;0.123078742;-0.202008319;1.18533153;0.140759316;0.235297327;0.00838193783;1.2059047;0.103835231;-0.0188781266;0.110771522;10;0.833333;0;1.044444;1.00815267;1.00815207
20.272047;0.104618244;-0.0210063547;0.124096518;-0.200793772;1.18618856;0.141847331;0.236160094;0.00835601921;1.20655691;0.104618238;-0.018906115;0.11168753;10;0.833333;0;1.044444;1.00763567;1.00763506
20.273429;0.105792226;-0.0210796938;0.12561207;-0.199258667;1.18735091;0.143475347;0.237443496;0.00819386481;1.20747574;0.105792248;-0.018972095;0.113051536;10;0.833333;0;1.044444;1.00692366;1.00692305
20.274351;0.106574216;-0.021144143;0.126617624;-0.198401254;1.18807385;0.144559355;0.238292241;0.00802013096;1.20805227;0.106574256;-0.0190300805;0.113956537;10;0.833333;0;1.044444;1.00648966;1.00648905
20.275273;0.107356206;-0.0212197035;0.127618732;-0.19765983;1.18874484;0.145642361;0.239136224;0.0077920299;1.20859768;0.107356263;-0.019098065;0.114857537;10;0.833333;0;1.044444;1.00608666;1.00608604
20.276655;0.108530194;-0.0213508214;0.129113172;-0.196729723;1.1896557;0.147264366;0.240393406;0.00737226633;1.2093581;0.108530275;-0.0192160405;0.116202534;10;0.833333;0;1.044444;1.00554066;1.00554003
20.277116;0.108921191;-0.0213986012;0.129608727;-0.196462149;1.1899348;0.147804367;0.240810934;0.00721183251;1.20959137;0.10892128;-0.019259032;0.116648532;10;0.833333;0;1.044444;1.00537366;1.00537303
20.278037;0.109704185;-0.0214997159;0.130598724;-0.195981577;1.19046604;0.148883368;0.24164097;0.00686977941;1.21004844;0.109704288;-0.0193500144;0.117539527;10;0.833333;0;1.044444;1.00505966;1.00505903
20.279420;0.110877178;-0.0216630546;0.132076498;-0.195381312;1.19119983;0.150500368;0.242879201;0.00630864995;1.21068217;0.110877301;-0.0194969863;0.118869517;10;0.833333;0;1.044444;1.00463967;1.00463902
20.280341;0.111660175;-0.0217775031;0.133058717;-0.195036152;1.19164323;0.151577367;0.243699907;0.00590897074;1.2110686;0.111660309;-0.0195999669;0.119753507;10;0.833333;0;1.044444;1.00439167;1.00439102
20.281263;0.112442173;-0.0218952856;0.134036492;-0.194727176;1.19205155;0.152653366;0.244518229;0.00549839477;1.21142792;0.112442317;-0.0197059469;0.120633497;10;0.833333;0;1.044444;1.00416667;1.00416603
20.282185;0.113225172;-0.0220152912;0.135013154;-0.19444038;1.19243387;0.153729366;0.245332182;0.00507253113;1.21176566;0.113225324;-0.0198139266;0.121512484;10;0.833333;0;1.044444;1.00396567;1.00396503
20.283567;0.114398171;-0.0221986349;0.136472037;-0.194049232;1.19295977;0.155340365;0.246548586;0.00442106018;1.21221824;0.114398334;-0.0199788962;0.122825463;10;0.833333;0;1.044444;1.00370167;1.00370104
20.284949;0.115572172;-0.0223819808;0.137925365;-0.193664351;1.1934166;0.156950365;0.247759426;0.00377158353;1.21262188;0.115572342;-0.0201438661;0.124133439;10;0.833333;0;1.044444;1.00348167;1.00348105
20.285839;0.116327172;-0.022498657;0.138858695;-0.193410322;1.19369428;0.157985365;0.248535371;0.00335296552;1.21285516;0.116327347;-0.0202488472;0.124973421;10;0.833333;0;1.044444;1.00336067;1.00336006
20.286863;0.117197171;-0.0226308908;0.139930914;-0.193102761;1.19398188;0.159176367;0.249426264;0.00288659501;1.21309815;0.117197353;-0.0203678257;0.125938399;10;0.833333;0;1.044444;1.00324067;1.00324007
20.287887;0.118066171;-0.0227597918;0.1409998;-0.192773133;1.19424714;0.160366368;0.250314836;0.00242356541;1.2133196;0.118066358;-0.0204838047;0.126900375;10;0.833333;0;1.044444;1.00313867;1.00313809
20.288399;0.11850117;-0.0228231312;0.141534243;-0.192599944;1.19437326;0.160961369;0.250758026;0.00220215225;1.21342174;0.118501361;-0.0205407945;0.127381362;10;0.833333;0;1.044444;1.00309367;1.0030931
20.289423;0.119370169;-0.0229475878;0.14260202;-0.192240346;1.19462345;0.162151372;0.251644036;0.00176608274;1.21360023;0.119370367;-0.0206527748;0.128342336;10;0.833333;0;1.044444;1.00301467;1.00301412
20.290447;0.120239166;-0.0230664883;0.143667576;-0.191839745;1.19485154;0.163340374;0.252527586;0.0013506846;1.21376731;0.120239372;-0.0207597562;0.129301309;10;0.833333;0;1.044444;1.00295067;1.00295015
20.291471;0.121109163;-0.0231798329;0.144732021;-0.191397439;1.19505732;0.164528377;0.253409671;0.000955725627;1.21390953;0.121109378;-0.0208617394;0.13025928;10;0.833333;0;1.044444;1.00289867;1.00289818
20.292495;0.121978159;-0.0232876216;0.145794243;-0.190917463;1.19525174;0.165717378;0.254290149;0.000580986646;1.2140366;0.121978383;-0.0209587247;0.13121525;10;0.833333;0;1.044444;1.00285766;1.00285721
20.293007;0.122413157;-0.0233387381;0.146326467;-0.190656561;1.19535211;0.166311379;0.254730139;0.000401131483;1.21409444;0.122413385;-0.0210047179;0.131694235;10;0.833333;0;1.044444;1.00284166;1.00284123
20.294031;0.123282151;-0.0234376373;0.147387579;-0.190114784;1.19553338;0.167498379;0.255609778;6.50121117e-05;1.21418941;0.123282389;-0.0210937066;0.132649203;10;0.833333;0;1.044444;1.00281467;1.00281426
20.296443;0.125330131;-0.023643214;0.149885356;-0.18864827;1.19592689;0.170296374;0.25767707;-0.000625501541;1.21436602;0.125330392;-0.0212786891;0.134897124;10;0.833333;0;1.044444;1.00277968;1.00277935
20.297343;0.126094122;-0.0237109986;0.150816466;-0.188042779;1.19606505;0.171339371;0.258447188;-0.000842921571;1.2144147;0.12609439;-0.0213396855;0.135735094;10;0.833333;0;1.044444;1.00277468;1.00277439
20.298243;0.126858113;-0.0237732272;0.151747575;-0.187400787;1.19620154;0.172382366;0.259217839;-0.00104618833;1.21444774;0.126858386;-0.0213956835;0.136573063;10;0.833333;0;1.044444;1.00277369;1.00277343
20.300043;0.128386094;-0.0238810166;0.153607568;-0.18600991;1.19645235;0.174469353;0.260756958;-0.00138521203;1.21450207;0.128386373;-0.0214926845;0.138247002;10;0.833333;0;1.044444;1.0027777;1.0027775
20.302743;0.130679068;-0.0240065866;0.15639866;-0.183706839;1.19681691;0.177598325;0.26306465;-0.00174903891;1.21453406;0.130679338;-0.0216056984;0.140758914;10;0.833333;0;1.044444;1.00279373;1.0027936
20.303643;0.131443061;-0.024038813;0.157328653;-0.182884208;1.19693582;0.178641314;0.263834264;-0.00183660782;1.21453299;0.131443323;-0.0216347053;0.141595886;10;0.833333;0;1.044444;1.00279974;1.00279963
20.306343;0.133735045;-0.0241077102;0.160119739;-0.180265;1.19729271;0.181771278;0.266141786;-0.00199190623;1.21451491;0.133735269;-0.02169673;0.144107804;10;0.833333;0;1.044444;1.00281677;1.00281671
20.307243;0.134499041;-0.0241232663;0.16104973;-0.179356695;1.19740623;0.182814267;0.266911756;-0.00201531404;1.21449978;0.134499249;-0.0217107394;0.144944776;10;0.833333;0;1.044444;1.00282078;1.00282074
20.308143;0.135263038;-0.0241354883;0.161980832;-0.178434007;1.19752667;0.183857256;0.267680484;-0.00202614207;1.2144862;0.135263229;-0.0217217493;0.145782749;10;0.833333;0;1.044444;1.00282379;1.00282376
20.309943;0.136791038;-0.0241477073;0.163841924;-0.176530201;1.1977554;0.185944239;0.269219997;-0.00200631945;1.21445412;0.136791189;-0.0217327699;0.147457692;10;0.833333;0;1.044444;1.00282481;1.00282479
20.310843;0.13755604;-0.024149927;0.164773025;-0.175564612;1.1978632;0.186988233;0.269990653;-0.00198002175;1.21443213;0.137556169;-0.0217347802;0.148295664;10;0.833333;0;1.044444;1.00282282;1.0028228
20.313643;0.139933059;-0.0241410294;0.167670774;-0.172518841;1.19822377;0.190234225;0.272386867;-0.00184431473;1.21437877;0.139933108;-0.0217268099;0.150903575;10;0.833333;0;1.044444;1.00280586;1.00280581
20.314643;0.140782071;-0.0241321384;0.168705209;-0.171415313;1.1983456;0.191394227;0.273243597;-0.00177753528;1.21435693;0.140782087;-0.021718819;0.151834545;10;0.833333;0;1.044444;1.00279588;1.00279581
20.318643;0.144178137;-0.0240821488;0.172848512;-0.167030969;1.19885714;0.196032264;0.276670511;-0.00145027831;1.21429108;0.144178008;-0.0216738416;0.155563448;10;0.833333;0;1.044444;1.00273497;1.00273477
20.321643;0.146725202;-0.024033293;0.175957383;-0.163798259;1.19923473;0.199512317;0.279242108;-0.00117028669;1.21425356;0.14672496;-0.0216298364;0.158361405;10;0.833333;0;1.044444;1.00266805;1.00266771
20.324643;0.149272273;-0.0239833445;0.17906737;-0.160668406;1.1996069;0.202992374;0.281814719;-0.00088749486;1.21423209;0.149271921;-0.0215848084;0.161160382;10;0.833333;0;1.044444;1.00258914;1.00258865
20.326643;0.150970319;-0.0239511651;0.181141809;-0.158647859;1.1998554;0.205312407;0.283529975;-0.000709646656;1.21422638;0.150969898;-0.0215557815;0.163027375;10;0.833333;0;1.044444;1.00253019;1.00252961
20.328643;0.152668365;-0.0239223226;0.18321514;-0.15669409;1.2000911;0.207632432;0.285245609;-0.000537827951;1.21422693;0.152667877;-0.0215297544;0.164893375;10;0.833333;0;1.044444;1.00246824;1.00246757
20.329643;0.153517387;-0.0239090127;0.184251805;-0.155740652;1.200207;0.208793442;0.286102905;-0.000454633228;1.21423135;0.153516868;-0.0215177422;0.165826378;10;0.833333;0;1.044444;1.00243626;1.00243556
20.335643;0.158611502;-0.0238480231;0.190472909;-0.150353487;1.20088334;0.215753467;0.291247546;-4.58664102e-05;1.21427273;0.158610848;-0.0214626952;0.17142541;10;0.833333;0;1.044444;1.00224135;1.00224052
20.338643;0.161158529;-0.0238314004;0.193582901;-0.147873803;1.20120206;0.219233462;0.293818877;0.00010587728;1.21430263;0.161157866;-0.0214476872;0.174224434;10;0.833333;0;1.044444;1.00214638;1.00214554
20.341643;0.163705533;-0.0238236562;0.196691785;-0.145525571;1.20150409;0.222712444;0.296389979;0.000225001423;1.21433673;0.163704907;-0.0214406901;0.17702246;10;0.833333;0;1.044444;1.00205541;1.00205459
20.343643;0.165403529;-0.0238236718;0.198764007;-0.144031607;1.20169804;0.225032425;0.298102358;0.000290855179;1.2143648;0.165402949;-0.0214406946;0.178887478;10;0.833333;0;1.044444;1.00199743;1.00199663
20.347643;0.168799508;-0.0238314619;0.20290624;-0.141179927;1.20206107;0.229671369;0.301526996;0.000387147723;1.21441314;0.168799057;-0.0214477011;0.18261551;10;0.833333;0;1.044444;1.00189047;1.00188976
20.348643;0.169648501;-0.023834794;0.203940689;-0.140493035;1.20214301;0.230830352;0.302383001;0.000404447172;1.21442567;0.169648085;-0.0214507024;0.183546516;10;0.833333;0;1.044444;1.00186547;1.0018648
20.349643;0.170497493;-0.0238392352;0.204976252;-0.139819501;1.20223064;0.231990334;0.30323821;0.000421648743;1.21444132;0.170497113;-0.0214547038;0.184478522;10;0.833333;0;1.044444;1.00184048;1.00183983
20.352643;0.173044466;-0.0238547703;0.208080723;-0.137851401;1.20247553;0.235468281;0.305804998;0.000461768353;1.21447223;0.173044183;-0.0214687091;0.187272535;10;0.833333;0;1.044444;1.00177148;1.00177095
20.354643;0.174742444;-0.023865862;0.210149636;-0.13657545;1.20263057;0.237787247;0.307515043;0.000480916742;1.21449707;0.174742215;-0.0214787132;0.189134543;10;0.833333;0;1.044444;1.00172847;1.00172802
20.355643;0.175591432;-0.0238725185;0.211184093;-0.135953057;1.20270697;0.238946232;0.30837029;0.000490411035;1.21450488;0.175591226;-0.0214847153;0.190065548;10;0.833333;0;1.044444;1.00170746;1.00170705
20.358643;0.178138392;-0.0238924902;0.214286357;-0.134121474;1.20292554;0.242424186;0.310934134;0.000511436136;1.2145355;0.178138241;-0.021502722;0.192857566;10;0.833333;0;1.044444;1.00164842;1.00164815
20.359643;0.178987379;-0.0238991482;0.215319703;-0.133522532;1.20299288;0.24358317;0.311789002;0.000517178817;1.2145446;0.178987241;-0.0215087247;0.193787573;10;0.833333;0;1.044444;1.00163041;1.00163017
20.360643;0.179836365;-0.0239069176;0.216353049;-0.132935423;1.20305956;0.244742154;0.31264305;0.000522890984;1.21455683;0.179836238;-0.0215157279;0.19471758;10;0.833333;0;1.044444;1.00161239;1.0016122
20.366643;0.184930296;-0.0239490926;0.22255423;-0.129501969;1.20345283;0.251696063;0.317769122;0.000556484684;1.21459751;0.184930212;-0.0215537485;0.200298636;10;0.833333;0;1.044444;1.00151229;1.00151228
20.369643;0.187477281;-0.0239712868;0.225653145;-0.127861144;1.20363253;0.255173032;0.320330225;0.000572847447;1.21461947;0.18747721;-0.0215737499;0.203087666;10;0.833333;0;1.044444;1.00146724;1.00146728
20.374643;0.191722271;-0.0240067912;0.230816497;-0.125215592;1.2039137;0.260967012;0.324598746;0.000596072642;1.21464607;0.191722228;-0.0216057326;0.207734712;10;0.833333;0;1.044444;1.00139716;1.00139726
20.379643;0.195967255;-0.0240411966;0.235977588;-0.12267899;1.20417136;0.266760009;0.328865894;0.000622035138;1.2146703;0.195967253;-0.0216367027;0.212379747;10;0.833333;0;1.044444;1.0013321;1.00133224
20.384643;0.200212224;-0.024076751;0.241138652;-0.120255498;1.20441808;0.272552991;0.333131557;0.000647307402;1.21469277;0.200212237;-0.0216686992;0.217024791;10;0.833333;0;1.044444;1.00127203;1.00127226
20.392643;0.207004173;-0.0241345236;0.249393061;-0.116588908;1.20477561;0.281821942;0.33995448;0.000679944537;1.21472562;0.207004087;-0.0217207962;0.224453891;10;0.833333;0;1.044444;1.00118288;1.00118333
20.393643;0.207853173;-0.024142292;0.250424172;-0.116150102;1.20481531;0.282979936;0.340808065;0.000684757737;1.21472505;0.207853061;-0.0217278142;0.225381901;10;0.833333;0;1.044444;1.00117186;1.00117233
20.394643;0.208702174;-0.0241489471;0.251456395;-0.115709541;1.20486001;0.284138931;0.341660611;0.00068629913;1.21472818;0.208702035;-0.0217338332;0.22631091;10;0.833333;0;1.044444;1.00116185;1.00116234
20.397643;0.211249178;-0.0241722344;0.254550846;-0.114424882;1.20498143;0.28761392;0.344218864;0.000694114642;1.21473857;0.211248955;-0.0217548954;0.229095931;10;0.833333;0;1.044444;1.00113082;1.00113136
20.401643;0.214645174;-0.0242032739;0.258676422;-0.112759429;1.20513709;0.292247922;0.34762896;0.000703304278;1.21475116;0.214644855;-0.0217829873;0.232808958;10;0.833333;0;1.044444;1.00109282;1.00109339
20.403643;0.216343164;-0.0242187954;0.260738658;-0.11194631;1.20521053;0.294563929;0.349333472;0.000706240099;1.21475927;0.216342808;-0.0217970356;0.234664974;10;0.833333;0;1.044444;1.00107384;1.00107441
20.412159;0.223573082;-0.0242886706;0.269519839;-0.108639178;1.20551196;0.304428949;0.356591992;0.000716783035;1.21478626;0.223572625;-0.021860229;0.242568092;10;0.833333;0;1.044444;1.001;1.00100051
20.417175;0.227832043;-0.0243308418;0.274689874;-0.10679361;1.20566873;0.310238918;0.360866073;0.000717518612;1.21479939;0.227831553;-0.021898321;0.247221172;10;0.833333;0;1.044444;1.00096007;1.00096059
20.421175;0.231228033;-0.0243652659;0.278813233;-0.105374114;1.20579366;0.314871855;0.364274133;0.000713848128;1.21480848;0.231227507;-0.0219293692;0.250932205;10;0.833333;0;1.044444;1.00093011;1.00093064
20.427175;0.236322087;-0.0244186193;0.284996599;-0.103328457;1.20596728;0.321820744;0.369385346;0.000709959648;1.214823;0.236321433;-0.0219774069;0.256497181;10;0.833333;0;1.044444;1.00088814;1.00088873
20.428175;0.237171103;-0.0244275192;0.286026601;-0.102996058;1.20599315;0.322978729;0.370237072;0.000711322347;1.21482535;0.237170423;-0.0219854118;0.257424169;10;0.833333;0;1.044444;1.00088114;1.00088174
20.429175;0.238020119;-0.0244364209;0.287056604;-0.102666033;1.20601883;0.324136716;0.371088827;0.0007096852;1.21482759;0.238019414;-0.0219934164;0.258351157;10;0.833333;0;1.044444;1.00087414;1.00087476
20.434175;0.242265197;-0.0244809554;0.292208834;-0.101050611;1.20615372;0.329926689;0.375346319;0.000704590586;1.21483985;0.2422644;-0.0220334302;0.262988098;10;0.833333;0;1.044444;1.00084214;1.00084281
20.439175;0.24651023;-0.0245255334;0.297359963;-0.0994908413;1.20627945;0.335717709;0.379605005;0.000696708785;1.21484813;0.246509447;-0.0220734222;0.267624062;10;0.833333;0;1.044444;1.00081215;1.00081283
20.449175;0.25500009;-0.0246181075;0.307660077;-0.0965401547;1.20650962;0.347297758;0.38811841;0.000681543538;1.21486828;0.254999595;-0.0221563786;0.276894024;10;0.833333;0;1.044444;1.00075629;1.00075681
20.451175;0.256698034;-0.0246370653;0.309720112;-0.0959751717;1.20655382;0.349613753;0.389821736;0.000675742202;1.21487022;0.256697618;-0.0221733796;0.278748027;10;0.833333;0;1.044444;1.00074532;1.00074578
20.457175;0.261791845;-0.0246928153;0.315899126;-0.0943199456;1.20667872;0.356560698;0.394928626;0.000664238717;1.21488255;0.261791674;-0.0222234297;0.284309075;10;0.833333;0;1.044444;1.00071544;1.00071564
20.470175;0.272828677;-0.0248153275;0.329285042;-0.0909523602;1.20692593;0.371613587;0.405993003;0.000635105689;1.21490017;0.272828757;-0.0223335897;0.296356195;10;0.833333;0;1.044444;1.00065661;1.00065625
20.471175;0.273677683;-0.0248253296;0.330315067;-0.0907067502;1.20694538;0.372771593;0.406844312;0.00063376683;1.21490067;0.273677764;-0.0223425923;0.297283199;10;0.833333;0;1.044444;1.00065261;1.00065223
20.482175;0.283016859;-0.0249296593;0.341638559;-0.0880825632;1.20712806;0.385507815;0.416203476;0.00060602474;1.21491827;0.283016861;-0.0224364468;0.30747425;10;0.833333;0;1.044444;1.00060847;1.00060808
20.485175;0.28556393;-0.0249584935;0.344726355;-0.087398048;1.20717437;0.388980911;0.418756444;0.00059961359;1.21491956;0.2855639;-0.0224623542;0.31025328;10;0.833333;0;1.044444;1.00059741;1.00059702
20.496175;0.294903184;-0.0250649937;0.356048559;-0.0849919207;1.20733836;0.401717228;0.42811422;0.000570823513;1.21493184;0.294903059;-0.0225579409;0.320443364;10;0.833333;0;1.044444;1.00055931;1.00055882
20.502175;0.299997259;-0.0251226851;0.36222299;-0.0837413517;1.20741913;0.408663292;0.433218122;0.000556463002;1.21493701;0.299997083;-0.0226097924;0.326000385;10;0.833333;0;1.044444;1.00054036;1.00053975
20.504175;0.301695272;-0.0251426491;0.364280779;-0.0833363354;1.20744423;0.410979291;0.434919213;0.000549206362;1.21493928;0.301695081;-0.0226277669;0.327852395;10;0.833333;0;1.044444;1.00053339;1.00053272
20.526175;0.320373136;-0.0253702565;0.3869219;-0.0791888731;1.2077201;0.436448142;0.453629859;0.000495310848;1.2149597;0.320372855;-0.022833024;0.348229309;10;0.833333;0;1.044444;1.00047259;1.00047158
20.527175;0.321222122;-0.0253380389;0.387939666;-0.0788792726;1.2076965;0.437606141;0.45448035;0.000494414686;1.21495973;0.321221842;-0.0228040465;0.349145303;10;0.833333;0;1.044444;1.00046959;1.0004686
20.528175;0.322071108;-0.0254335999;0.388991873;-0.0789680414;1.20777998;0.43876314;0.45532991;0.000491080311;1.21496224;0.32207083;-0.0228900698;0.3500923;10;0.833333;0;1.044444;1.00046758;1.00046662
20.529175;0.322920095;-0.0252669396;0.389972966;-0.0782443069;1.2076428;0.439921141;0.456180479;0.000487754459;1.21496206;0.322919819;-0.0227400938;0.350975299;10;0.833333;0;1.044444;1.00046457;1.00046364
20.530175;0.323769085;-0.0256413908;0.391098501;-0.079195611;1.20795247;0.441079143;0.457031001;0.000486868989;1.21496201;0.323768808;-0.0230771183;0.351988302;10;0.833333;0;1.044444;1.00046256;1.00046166
20.531175;0.324618076;-0.0248949142;0.391926253;-0.0766882325;1.2073431;0.442236147;0.45788159;0.000483556646;1.2149642;0.324617796;-0.0224051903;0.352733307;10;0.833333;0;1.044444;1.00046055;1.00045968
20.532175;0.325467069;-0.0264804837;0.393374001;-0.0813598431;1.20864196;0.443394152;0.45873219;0.000482675101;1.21496152;0.325466785;-0.0238322222;0.354036315;10;0.833333;0;1.044444;1.00045754;1.0004567
20.533175;0.326316065;-0.0231871649;0.39352508;-0.0710557368;1.20596042;0.444552159;0.459581801;0.000474541283;1.21496873;0.326315773;-0.0208682526;0.354172325;10;0.833333;0;1.044444;1.00045552;1.00045471
20.534175;0.327165063;-0.0301616242;0.396405044;-0.0921891982;1.21163381;0.445709166;0.460432476;0.000488151642;1.21496103;0.327164761;-0.0271452808;0.356764337;10;0.833333;0;1.044444;1.0004505;1.00044973
20.535175;0.328014064;-0.0278077503;0.393507227;-0.0469423557;1.19966341;0.446867175;0.461283108;0.000451125143;1.21497516;0.328013749;-0.0138583067;0.35415635;10;0.833333;0;1.044444;1.00045448;1.00045374
20.536175;0.328863065;-0.0254536609;0.397206072;-0.0773979232;1.20781395;0.448024185;0.462132753;0.000471936467;1.2149678;0.328862738;-0.0229082482;0.357485364;10;0.833333;0;1.044444;1.00044846;1.00044776
20.545175;0.336504118;-0.0255414272;0.406463388;-0.0759012944;1.20789972;0.458443297;0.469786497;0.000450004485;1.21497255;0.336503698;-0.0229873483;0.365817471;10;0.833333;0;1.044444;1.0004272;1.00042682
20.551175;0.341598179;-0.0256001886;0.412635369;-0.0749417747;1.20795593;0.46538834;0.474887644;0.000438080719;1.21497763;0.341597747;-0.0230403658;0.371372481;10;0.833333;0;1.044444;1.00041406;1.00041377
20.555175;0.344994234;-0.0256389559;0.416749714;-0.0743168601;1.20799147;0.470019348;0.478288362;0.00042792491;1.21498107;0.344993801;-0.0230753548;0.375075448;10;0.833333;0;1.044444;1.00040602;1.00040571
20.575175;0.361974533;-0.0258338895;0.437320706;-0.0713708922;1.20815619;0.493170127;0.495292693;0.000383734936;1.21498911;0.361974215;-0.0232509891;0.393589137;10;0.833333;0;1.044444;1.00036897;1.00036872
20.577175;0.363672538;-0.0258538559;0.439377368;-0.0710926432;1.20817056;0.495485098;0.496992039;0.000380186943;1.21499321;0.363672237;-0.0232689239;0.395440158;10;0.833333;0;1.044444;1.00036495;1.00036474
20.597175;0.380652169;-0.0260481755;0.459945284;-0.0684320763;1.20831;0.518634922;0.513993487;0.000339657301;1.21500002;0.380652016;-0.0234435067;0.413951557;10;0.833333;0;1.044444;1.000333;1.00033283
20.620175;0.400178683;-0.0262719533;0.483595606;-0.0656506361;1.20844829;0.545258195;0.533541821;0.00029990414;1.21500989;0.400179;-0.0236451128;0.43523662;10;0.833333;0;1.044444;1.00030199;1.00030184
20.621175;0.401027657;-0.0262819768;0.484624502;-0.0655365659;1.20845555;0.546415202;0.534391386;0.000297345249;1.21501195;0.401028019;-0.02365414;0.436162609;10;0.833333;0;1.044444;1.00029998;1.00029982
20.623175;0.402725608;-0.0263009165;0.486681183;-0.0653071158;1.20846721;0.548730211;0.536091478;0.000294326483;1.21501179;0.40272606;-0.0236711831;0.438013587;10;0.833333;0;1.044444;1.00029796;1.00029778
20.646175;0.42225251;-0.0265236249;0.510327509;-0.0628137043;1.20858287;0.575351185;0.555637011;0.000260015316;1.21502111;0.422253249;-0.0238710902;0.45929526;10;0.833333;0;1.044444;1.00027119;1.00027021
20.671411;0.443678084;-0.026765895;0.536271614;-0.060326227;1.20869693;0.60456053;0.57708115;0.000224859564;1.21502892;0.443678118;-0.0240892846;0.482644945;10;0.833333;0;1.044444;1.00024612;1.00024574
20.678411;0.449621161;-0.0268337023;0.543468391;-0.0596794078;1.20872681;0.612662524;0.583029145;0.000216805181;1.21502998;0.449621139;-0.0241503215;0.489121842;10;0.833333;0;1.044444;1.00023904;1.00023888
20.701411;0.469147898;-0.0270521658;0.567111118;-0.0576619187;1.20881083;0.639282644;0.602572082;0.00019163118;1.21503644;0.469148231;-0.0243468955;0.510399937;10;0.833333;0;1.044444;1.00021966;1.00021983
20.730411;0.493768718;-0.0273274942;0.596919589;-0.0553447782;1.20890533;0.672845841;0.627210588;0.000162704052;1.21504151;0.49376881;-0.0245944946;0.537228187;10;0.833333;0;1.044444;1.000199;1.00019862
20.732028;0.495141754;-0.0273430485;0.598580714;-0.0552227409;1.20890791;0.674716874;0.628584149;0.000162360157;1.21504136;0.495141772;-0.024608477;0.538723178;10;0.833333;0;1.044444;1.000198;1.00019763
20.733017;0.495980777;-0.0269063821;0.599555175;-0.0542489279;1.2088276;0.675848895;0.629424599;0.00086120287;1.21492469;0.495980751;-0.0242154659;0.539600173;10;0.833333;0;1.044444;1.00033799;1.00033763
20.734169;0.496958803;-0.0251830501;0.600582976;-0.0506744269;1.20851679;0.677134919;0.63040646;0.00358474562;1.21448647;0.496958728;-0.0226644529;0.540525168;10;0.833333;0;1.044444;1.00077499;1.00077464
20.735261;0.497885828;-0.0222908303;0.601458559;-0.0447710916;1.20802523;0.678324941;0.631344609;0.00813936243;1.21379226;0.497885707;-0.0200614406;0.541313164;10;0.833333;0;1.044444;1.00135298;1.00135264
20.736053;0.498558846;-0.0194519438;0.602043025;-0.0390164825;1.20756678;0.679172956;0.632030235;0.012597627;1.21314881;0.498558692;-0.0175064316;0.541839162;10;0.833333;0;1.044444;1.00181898;1.00181865
20.737344;0.499654876;-0.0140719492;0.602966397;-0.028163499;1.2067659;0.680545978;0.633160988;0.0210335858;1.21202634;0.499654667;-0.0126644171;0.542670161;10;0.833333;0;1.044444;1.00245497;1.00245465
20.738024;0.500231891;-0.0110275082;0.603455307;-0.0220449651;1.20635125;0.681269988;0.633763459;0.0257980689;1.21144392;0.500231653;-0.00992440935;0.543110161;10;0.833333;0;1.044444;1.00270296;1.00270266
20.739158;0.501194917;-0.00580418189;0.604289787;-0.0115808799;1.20569825;0.682483002;0.634776406;0.0339610293;1.21053643;0.501194631;-0.00522339626;0.543861162;10;0.833333;0;1.044444;1.00299295;1.00299267
20.740065;0.501964937;-0.00158196641;0.604980926;-0.00315175401;1.20522555;0.683460011;0.635594824;0.0405480203;1.2098832;0.501964613;-0.00142338567;0.544483165;10;0.833333;0;1.044444;1.00312795;1.00312767
20.741425;0.503119966;0.00470802139;0.606064299;0.00935742575;1.20461195;0.684941018;0.636833046;0.0503374743;1.20904515;0.503119585;0.00423762999;0.54545817;10;0.833333;0;1.044444;1.00321094;1.00321069
20.742106;0.50369798;0.00781023685;0.606627652;0.0155055585;1.20434802;0.68568702;0.637457143;0.0551582443;1.20868587;0.503697571;0.00702963759;0.545965172;10;0.833333;0;1.044444;1.00321494;1.00321469
20.743239;0.504660001;0.0129102243;0.607593236;0.0255817756;1.20396551;0.686939018;0.638503101;0.0630640327;1.2081763;0.504659548;0.0116196494;0.546834178;10;0.833333;0;1.044444;1.00318793;1.0031877
20.744146;0.505430017;0.0169302131;0.608388813;0.0334963938;1.20370532;0.687948014;0.639344085;0.0692809481;1.20784007;0.50542953;0.0152376581;0.547550183;10;0.833333;0;1.044444;1.00314893;1.00314872
20.745053;0.506200031;0.0209079787;0.609202164;0.0413035226;1.20348104;0.688962007;0.640189549;0.0754202546;1.20755703;0.506199513;0.0188176659;0.548282189;10;0.833333;0;1.044444;1.00310493;1.00310473
20.746519;0.50744505;0.027275734;0.610534408;0.0537508361;1.20315366;0.690605991;0.641559084;0.085221109;1.20717873;0.507444486;0.0245486759;0.549481199;10;0.833333;0;1.044444;1.00303693;1.00303675
20.747287;0.508097058;0.0305868322;0.611115528;0.060198524;1.20275344;0.691431981;0.642252064;0.0902932809;1.20676888;0.508096473;0.0275286798;0.550004204;10;0.833333;0;1.044444;1.00301193;1.00301176
20.748055;0.508749064;0.0338934854;0.611581089;0.0666209497;1.2021271;0.692223969;0.642919838;0.095340974;1.20614971;0.508748461;0.030504683;0.550423209;10;0.833333;0;1.044444;1.00299693;1.00299677
20.749079;0.509618069;0.038315689;0.612084426;0.0751848338;1.20106488;0.693244953;0.643787113;0.102067806;1.20511338;0.509617447;0.0344846858;0.550876215;10;0.833333;0;1.044444;1.00298694;1.00298678
20.750103;0.510488072;0.0427667807;0.612499983;0.0837759894;1.19983197;0.694238935;0.644637794;0.10881898;1.20393159;0.510487435;0.0384906875;0.551250221;10;0.833333;0;1.044444;1.00298694;1.0029868
20.751127;0.511357073;0.0472534274;0.612859981;0.0924076255;1.19849696;0.695215917;0.645478878;0.115607437;1.20267095;0.511356425;0.042528688;0.551574226;10;0.833333;0;1.044444;1.00299195;1.00299182
20.752970;0.512922071;0.0554145016;0.613425528;0.108036636;1.19594276;0.696950886;0.646980892;0.127917117;1.20030995;0.512921413;0.0498736868;0.552083235;10;0.833333;0;1.044444;1.00300196;1.00300185
20.753431;0.513313069;0.0574700478;0.613556636;0.111958816;1.1952872;0.697380878;0.647355645;0.131009792;1.19971122;0.513312412;0.0517236861;0.552201238;10;0.833333;0;1.044444;1.00300397;1.00300386
20.754353;0.514095066;0.0615966957;0.613806629;0.119815538;1.19395529;0.698237862;0.648104043;0.137212077;1.19851446;0.51409441;0.0554376844;0.552426245;10;0.833333;0;1.044444;1.00300597;1.00300588
20.755735;0.515269059;0.0678233347;0.614162173;0.131626814;1.19192499;0.699518837;0.649224926;0.146545554;1.19672253;0.51526841;0.0610416812;0.552746256;10;0.833333;0;1.044444;1.00300698;1.00300691
20.757578;0.516834046;0.0761810781;0.614603265;0.147399304;1.18916924;0.701215802;0.650720028;0.159035645;1.19435205;0.516833417;0.0685636756;0.553143276;10;0.833333;0;1.044444;1.00300099;1.00300095
20.758039;0.517225042;0.0782788477;0.614708816;0.151343699;1.18847436;0.701638792;0.651093814;0.162164561;1.19376195;0.51722442;0.0704516741;0.553238282;10;0.833333;0;1.044444;1.00299799;1.00299796
20.759882;0.518790022;0.0867043731;0.615107684;0.167127897;1.18565805;0.70332275;0.652587993;0.174699128;1.19142546;0.518789437;0.0780346668;0.553597307;10;0.833333;0;1.044444;1.002987;1.002987
20.760804;0.51957301;0.0909376927;0.615294339;0.175023735;1.18423052;0.704161727;0.653334897;0.180978976;1.1902675;0.519572448;0.0818446624;0.55376532;10;0.833333;0;1.044444;1.002981;1.00298102
20.761725;0.520354996;0.0951843463;0.615473218;0.182921788;1.18279463;0.704997701;0.654081007;0.187266794;1.18911702;0.52035446;0.085666657;0.553926333;10;0.833333;0;1.044444;1.002975;1.00297503
20.762647;0.52113698;0.099444334;0.615642096;0.190821725;1.18134386;0.705830675;0.654828324;0.193563683;1.18797206;0.521136474;0.0895006508;0.554078346;10;0.833333;0;1.044444;1.00296799;1.00296805
20.763569;0.521919964;0.103717656;0.615804308;0.198723158;1.1798824;0.706661647;0.655574841;0.199870189;1.18683454;0.521919488;0.0933466436;0.554224359;10;0.833333;0;1.044444;1.00296199;1.00296206
20.764490;0.522701947;0.108005423;0.615956521;0.206628949;1.17840844;0.707489617;0.656321552;0.206185989;1.18570264;0.522701503;0.0972056357;0.554361371;10;0.833333;0;1.044444;1.00295499;1.00295507
20.768177;0.525831883;0.125297604;0.616478709;0.238284438;1.17238721;0.710776491;0.659306393;0.231544453;1.18124131;0.525831561;0.112768599;0.554831409;10;0.833333;0;1.044444;1.00293096;1.00293112
20.769098;0.52661387;0.129657595;0.61658648;0.246209907;1.17085094;0.711591458;0.660052083;0.237908601;1.18014246;0.526613574;0.116692588;0.554928415;10;0.833333;0;1.044444;1.00292595;1.00292612
20.770941;0.528178851;0.138419798;0.616776473;0.262069888;1.16774147;0.713212394;0.661544056;0.250667526;1.17796122;0.5281786;0.124578566;0.555099423;10;0.833333;0;1.044444;1.00291394;1.00291414
20.771863;0.528961845;0.142823123;0.616857585;0.270006444;1.16616628;0.714019363;0.66228934;0.257062612;1.17688224;0.528961612;0.128541553;0.555172426;10;0.833333;0;1.044444;1.00290893;1.00290914
20.774628;0.531308843;0.156119775;0.617046494;0.293839995;1.16137046;0.716423276;0.66452629;0.276305135;1.17367461;0.531308645;0.14050851;0.555342429;10;0.833333;0;1.044444;1.0028919;1.00289215
20.775549;0.532091847;0.160580885;0.617090951;0.301791707;1.15974499;0.717219251;0.665271314;0.282739807;1.17261909;0.532091655;0.144523494;0.555382428;10;0.833333;0;1.044444;1.00288689;1.00288715
20.777393;0.533655859;0.169546445;0.6171521;0.317707525;1.15646066;0.718802205;0.666760893;0.295636207;1.17052429;0.533655675;0.152592457;0.555437424;10;0.833333;0;1.044444;1.00287587;1.00287614
20.779236;0.535220875;0.178568678;0.617176598;0.333635579;1.15312485;0.720374169;0.668250214;0.308571667;1.16845424;0.535220694;0.160712413;0.555459416;10;0.833333;0;1.044444;1.00286384;1.00286414
20.780157;0.536003885;0.183102018;0.617174406;0.341605867;1.15143623;0.721156156;0.668994147;0.315053018;1.16743059;0.536003704;0.164792389;0.55545741;10;0.833333;0;1.044444;1.00285882;1.00285914
20.781079;0.536785894;0.187648692;0.61716333;0.349578392;1.14973812;0.721935145;0.669738241;0.321544781;1.16641059;0.536785715;0.168884363;0.555447403;10;0.833333;0;1.044444;1.00285381;1.00285413
20.782922;0.538350912;0.196786485;0.617113407;0.365535836;1.14630297;0.723485131;0.671225999;0.334554866;1.16438972;0.538350737;0.177108306;0.555402383;10;0.833333;0;1.044444;1.00284277;1.00284313
20.784765;0.539915929;0.205979829;0.617024605;0.381503666;1.14281569;0.725023127;0.672713444;0.347601718;1.16239154;0.539915762;0.185382243;0.555322358;10;0.833333;0;1.044444;1.00283173;1.00283212
20.787603;0.542324953;0.220246505;0.616815863;0.406115575;1.13735421;0.727370133;0.675002828;0.367759272;1.1593643;0.542324805;0.198222138;0.555134308;10;0.833333;0;1.044444;1.00281467;1.00281511
20.788006;0.542666957;0.222213172;0.616788106;0.409483717;1.13658624;0.727704134;0.675326949;0.370524547;1.15894443;0.542666812;0.199992122;0.5551093;10;0.833333;0;1.044444;1.00279066;1.00279111
20.789179;0.543662966;0.22738206;0.616767059;0.418241082;1.13446518;0.72869314;0.676263727;0.377728517;1.15773828;0.543662832;0.204644076;0.555090276;10;0.833333;0;1.044444;1.00259164;1.00259211
20.790058;0.544409972;0.230758725;0.616791551;0.423869653;1.13295347;0.729447146;0.676956926;0.382372402;1.15682522;0.544409849;0.207683042;0.555112257;10;0.833333;0;1.044444;1.00237663;1.00237711
20.791524;0.545653983;0.23565872;0.616870519;0.431883379;1.13051512;0.730715156;0.6780941;0.389009719;1.1552506;0.545653878;0.212092985;0.555183226;10;0.833333;0;1.044444;1.00201061;1.00201111
20.792404;0.546400988;0.238295382;0.6169239;0.436118471;1.12906718;0.731478163;0.67876734;0.392531282;1.15426681;0.546400896;0.214465952;0.555231208;10;0.833333;0;1.044444;1.0018236;1.00182412
20.793283;0.547146993;0.240790931;0.616973946;0.440084897;1.12761915;0.732240171;0.679434502;0.395836814;1.15325932;0.547146913;0.216711919;0.55527619;10;0.833333;0;1.044444;1.00167259;1.00167312
20.794456;0.548142999;0.243996478;0.617031784;0.445133286;1.12567564;0.733252183;0.680319776;0.400051522;1.15187948;0.548142937;0.219596876;0.555328169;10;0.833333;0;1.044444;1.00152758;1.00152813
20.795335;0.548890002;0.246358693;0.617066272;0.448831134;1.12420643;0.734009193;0.680980125;0.403145496;1.1508294;0.548889953;0.221722846;0.555359154;10;0.833333;0;1.044444;1.00145457;1.00145513
20.796391;0.549786007;0.249182016;0.617098543;0.453235;1.12243289;0.734915207;0.681771604;0.406834944;1.14955694;0.549785972;0.22426381;0.555388138;10;0.833333;0;1.044444;1.00139956;1.00140014
20.797974;0.551130015;0.253433111;0.617130834;0.459843177;1.11975416;0.736269229;0.682957019;0.412377762;1.14764138;0.551129998;0.22808976;0.555417119;10;0.833333;0;1.044444;1.00135855;1.00135915
20.803085;0.555469053;0.267271931;0.617162116;0.481164986;1.11106327;0.740617312;0.686785763;0.430319664;1.14148944;0.555469045;0.240544655;0.555445117;10;0.833333;0;1.044444;1.00131456;1.00131518
20.804085;0.556318063;0.26995858;0.617163251;0.485260033;1.10936966;0.741466327;0.68753477;0.433777959;1.14029603;0.556318048;0.242962646;0.555446125;10;0.833333;0;1.044444;1.00130256;1.00130319
20.805085;0.557167074;0.272629671;0.617162162;0.489314681;1.10767722;0.74231534;0.688282832;0.437205115;1.13910355;0.55716705;0.245366642;0.555445134;10;0.833333;0;1.044444;1.00128856;1.00128921
20.809085;0.56056313;0.28312958;0.617142214;0.505081412;1.10093096;0.745705374;0.691273819;0.450578409;1.13433904;0.560563039;0.254816653;0.555427173;10;0.833333;0;1.044444;1.00122257;1.00122329
20.811085;0.562261164;0.288276202;0.617119997;0.512709574;1.09756664;0.747397379;0.692765697;0.457072576;1.13195729;0.562261028;0.259448667;0.555407186;10;0.833333;0;1.044444;1.00119056;1.00119134
20.812085;0.563110181;0.290826181;0.61710666;0.516464966;1.09588814;0.748241378;0.693510598;0.460277827;1.13076554;0.563110022;0.261743675;0.555395191;10;0.833333;0;1.044444;1.00117555;1.00117637
20.815085;0.56565723;0.298398358;0.61704885;0.527526004;1.09085146;0.750771369;0.695744165;0.469738176;1.12718506;0.56565701;0.268558698;0.55534319;10;0.833333;0;1.044444;1.00113352;1.00113447
20.816085;0.566506244;0.30089835;0.617024387;0.531148417;1.08917349;0.751613364;0.696488012;0.472845096;1.12599084;0.566506007;0.270808706;0.555321186;10;0.833333;0;1.044444;1.0011205;1.00112151
20.817085;0.567355256;0.303387234;0.616997699;0.534740404;1.08749661;0.752454359;0.697230876;0.475928526;1.12479597;0.567355004;0.273048716;0.555297181;10;0.833333;0;1.044444;1.00110749;1.00110854
20.821085;0.570751281;0.313237243;0.616863137;0.548816545;1.08079033;0.755810335;0.700199127;0.488049893;1.12001041;0.570751008;0.281913766;0.555176151;10;0.833333;0;1.044444;1.00106044;1.00106166
20.822085;0.571600282;0.315675029;0.616823103;0.552266195;1.07911502;0.756647329;0.700939926;0.491029416;1.11881403;0.571600014;0.284107783;0.555140144;10;0.833333;0;1.044444;1.00104943;1.00105069
20.823085;0.572449282;0.318102815;0.616780847;0.555688144;1.07744082;0.757483322;0.701680706;0.493989993;1.11761388;0.572449024;0.286292802;0.555102139;10;0.833333;0;1.044444;1.00103842;1.00103972
20.825085;0.574147279;0.322931726;0.616686336;0.562455234;1.07408985;0.759153311;0.703161266;0.499853647;1.11521483;0.574147049;0.290638846;0.555017132;10;0.833333;0;1.044444;1.00101742;1.00101877
20.826929;0.575713274;0.32735397;0.616590718;0.568606551;1.07100221;0.760690302;0.704524832;0.505196264;1.11299961;0.575713076;0.294618892;0.55493113;10;0.833333;0;1.044444;1.00099942;1.00100082
20.830425;0.578681258;0.335661792;0.616382825;0.580046549;1.06515006;0.763595293;0.707107193;0.515160061;1.10879031;0.57868113;0.302095992;0.55474414;10;0.833333;0;1.044444;1.00096545;1.00096689
20.831425;0.579530252;0.338020693;0.616317238;0.583267122;1.06347651;0.764425292;0.707844793;0.517974604;1.10758466;0.579530143;0.304219023;0.554685145;10;0.833333;0;1.044444;1.00095646;1.00095791
20.833425;0.581228236;0.342717384;0.616177176;0.589643726;1.06012877;0.766081291;0.7093191;0.523555463;1.10517131;0.581228167;0.308446086;0.554559156;10;0.833333;0;1.044444;1.00093849;1.00093993
20.834425;0.582077227;0.345056283;0.616103813;0.592801855;1.05845651;0.766907291;0.710055658;0.526321992;1.10396384;0.582077178;0.310551116;0.554493163;10;0.833333;0;1.044444;1.0009295;1.00093094
20.837425;0.584624194;0.352028533;0.615864845;0.602145202;1.05343653;0.769383292;0.712264405;0.534533338;1.10033445;0.58462421;0.316826196;0.554278189;10;0.833333;0;1.044444;1.00090455;1.00090595
20.838425;0.585473181;0.354340762;0.615779266;0.605221348;1.0517628;0.770206293;0.712999882;0.537242064;1.09912305;0.58547322;0.318907219;0.554201199;10;0.833333;0;1.044444;1.00089657;1.00089794
20.839425;0.586322168;0.356646325;0.615691464;0.608277218;1.05009012;0.771029293;0.713735421;0.539935817;1.09791094;0.586322232;0.320982239;0.55412221;10;0.833333;0;1.044444;1.00088859;1.00088993
20.840425;0.587171155;0.35894522;0.615600331;0.611312899;1.0484166;0.771851294;0.714469875;0.542617068;1.09669832;0.587171243;0.323051257;0.554040221;10;0.833333;0;1.044444;1.0008806;1.00088192
20.845425;0.591416105;0.370355246;0.615104671;0.626217828;1.04005345;0.775947287;0.718139962;0.555820452;1.09062004;0.591416307;0.333320313;0.553594278;10;0.833333;0;1.044444;1.00084269;1.00084384
20.847425;0.593114096;0.374880814;0.614887965;0.632055254;1.03671063;0.777580282;0.719606605;0.561012033;1.08818101;0.593114337;0.337393322;0.553399296;10;0.833333;0;1.044444;1.00082872;1.0008298
20.848425;0.593963095;0.377135267;0.614774611;0.634947422;1.03503796;0.77839528;0.720338835;0.563589945;1.08696223;0.593963352;0.339422325;0.553297304;10;0.833333;0;1.044444;1.00082174;1.00082278
20.849425;0.594812094;0.379385276;0.614659037;0.637823863;1.03336635;0.779209279;0.721071102;0.566154886;1.08574124;0.594812368;0.341447328;0.55319331;10;0.833333;0;1.044444;1.00081476;1.00081576
20.854425;0.599057115;0.390560884;0.614038959;0.651959504;1.02500888;0.783268296;0.724728911;0.578804962;1.07962492;0.599057436;0.351505326;0.552635323;10;0.833333;0;1.044444;1.00078184;1.00078269
20.855425;0.599906124;0.392782006;0.613906726;0.654739286;1.02333788;0.784077303;0.725459968;0.581300162;1.07839908;0.599906447;0.353504321;0.552516321;10;0.833333;0;1.044444;1.00077485;1.00077569
20.856425;0.600755134;0.394997573;0.613771161;0.657501962;1.02166605;0.78488631;0.726191048;0.58378573;1.07717109;0.600755456;0.355498316;0.552394318;10;0.833333;0;1.044444;1.00076886;1.00076968
20.859425;0.603302171;0.401620938;0.613350031;0.665704655;1.01665486;0.78730733;0.728380935;0.59117556;1.07348702;0.603302477;0.36145929;0.552015296;10;0.833333;0;1.044444;1.0007509;1.00075167
20.862425;0.605849204;0.408204295;0.612903351;0.673772357;1.01164363;0.789720348;0.730569473;0.59846897;1.06979508;0.605849487;0.367384255;0.551613256;10;0.833333;0;1.044444;1.00073293;1.00073368
20.863425;0.606698213;0.410390967;0.612748902;0.67643372;1.00997341;0.790522353;0.731298342;0.600880807;1.06856167;0.606698488;0.369352242;0.551474239;10;0.833333;0;1.044444;1.00072694;1.00072769
20.865425;0.608396226;0.41475208;0.612433332;0.681714076;1.00663601;0.792126361;0.732754775;0.605672973;1.06609654;0.608396488;0.373277216;0.551190204;10;0.833333;0;1.044444;1.00071596;1.0007167
20.867425;0.610094233;0.41909763;0.612105538;0.686939547;1.00329715;0.793725366;0.734211058;0.610425069;1.06362627;0.610094486;0.377188188;0.550895165;10;0.833333;0;1.044444;1.00070399;1.00070473
20.868425;0.610943234;0.42126429;0.611937752;0.689531389;1.00162832;0.794524367;0.734939701;0.612784568;1.06238879;0.610943484;0.379138173;0.550744145;10;0.833333;0;1.044444;1.000699;1.00069974
20.869425;0.611792233;0.423427616;0.611767745;0.692110589;0.999960489;0.795322368;0.735667265;0.615137278;1.0611508;0.611792481;0.381085158;0.550591126;10;0.833333;0;1.044444;1.00069302;1.00069375
20.870425;0.612641231;0.425586495;0.611595516;0.694675385;0.998293654;0.796119368;0.736393746;0.617480211;1.05991378;0.612641478;0.383028142;0.550436106;10;0.833333;0;1.044444;1.00068804;1.00068876
20.875425;0.616886204;0.436328639;0.610689942;0.707308806;0.989956241;0.80009336;0.740027755;0.629050969;1.05371339;0.616886458;0.392696058;0.549621024;10;0.833333;0;1.044444;1.00066216;1.00066283
20.876425;0.617735197;0.438466398;0.610501052;0.709797383;0.988289915;0.800885358;0.740754037;0.631338146;1.05247027;0.617735453;0.394620041;0.549451011;10;0.833333;0;1.044444;1.00065719;1.00065784
20.878425;0.619433181;0.442731911;0.610115497;0.714737925;0.984958404;0.802467353;0.74220649;0.6358857;1.04998253;0.619433442;0.398459006;0.549103989;10;0.833333;0;1.044444;1.00064725;1.00064786
20.879425;0.620282172;0.444859668;0.609918832;0.717189989;0.983293218;0.803257351;0.74293166;0.638145494;1.04873782;0.620282436;0.400373988;0.548926979;10;0.833333;0;1.044444;1.00064228;1.00064287
20.881425;0.621980155;0.449105184;0.609516614;0.722057955;0.979962189;0.804835348;0.744381873;0.642641539;1.04624691;0.621980422;0.404194953;0.54856496;10;0.833333;0;1.044444;1.00063234;1.00063287
20.884425;0.624527123;0.45544958;0.6088944;0.729272012;0.974969361;0.807195347;0.746556933;0.649319602;1.04250228;0.624527396;0.409904905;0.548004937;10;0.833333;0;1.044444;1.00061844;1.00061887
20.885425;0.62537611;0.457557345;0.608682181;0.731652386;0.973306423;0.807980346;0.747281825;0.651528178;1.04125314;0.625376386;0.411801891;0.547813932;10;0.833333;0;1.044444;1.00061447;1.00061486
20.886425;0.626225095;0.459662889;0.608466629;0.734022757;0.97164267;0.808765346;0.748005698;0.653730394;1.04000339;0.626225376;0.413696881;0.547619928;10;0.833333;0;1.044444;1.0006095;1.00060985
20.889425;0.628772043;0.465960646;0.607805524;0.741065417;0.966655392;0.811113342;0.750177989;0.660284301;1.03624991;0.628772337;0.419364863;0.54702492;10;0.833333;0;1.044444;1.00059658;1.00059681
20.891425;0.630470006;0.470143971;0.60735219;0.745704825;0.963332948;0.812675339;0.751625325;0.664614078;1.0337431;0.630470303;0.423129862;0.546616917;10;0.833333;0;1.044444;1.00058764;1.00058777
20.894425;0.633016953;0.4763973;0.606652186;0.752583041;0.958351091;0.815012331;0.753794929;0.671050092;1.02997779;0.63301724;0.428757878;0.545986919;10;0.833333;0;1.044444;1.00057471;1.00057471
20.895425;0.633865937;0.478476187;0.606414407;0.75485473;0.956692353;0.815790327;0.754517372;0.673179051;1.02872216;0.633866217;0.430628888;0.545772921;10;0.833333;0;1.044444;1.00057074;1.00057069
20.898425;0.636412899;0.484695066;0.605683301;0.761605494;0.951714748;0.81811831;0.7566844;0.679522727;1.02494952;0.636413138;0.436225931;0.545114934;10;0.833333;0;1.044444;1.00055778;1.00055762
20.899425;0.63726189;0.486762838;0.60543553;0.763835617;0.950057991;0.818892302;0.757406608;0.681622498;1.0236906;0.63726211;0.438086949;0.54489194;10;0.833333;0;1.044444;1.00055379;1.0005536
20.902425;0.639808874;0.492949481;0.604674447;0.770464418;0.945086308;0.821211273;0.759573088;0.687876047;1.01990939;0.639809024;0.443655013;0.544206965;10;0.833333;0;1.044444;1.00054179;1.00054152
20.904425;0.641506867;0.497060575;0.604154476;0.774833586;0.941774147;0.822753255;0.761016142;0.692008935;1.01738423;0.641506966;0.447355063;0.543738985;10;0.833333;0;1.044444;1.00053378;1.00053348
20.905425;0.642355864;0.499112789;0.603891159;0.777004316;0.940119442;0.823523246;0.76173701;0.694064273;1.01612246;0.642355937;0.449202091;0.543501995;10;0.833333;0;1.044444;1.00052977;1.00052946
20.906425;0.643204861;0.501161671;0.603624509;0.779164135;0.938463921;0.824292239;0.76245793;0.696114221;1.01485865;0.643204909;0.451046119;0.543262006;10;0.833333;0;1.044444;1.00052676;1.00052644
20.907425;0.644053858;0.503208331;0.60335675;0.781314806;0.936811038;0.825060233;0.763178802;0.698154516;1.01359581;0.644053882;0.452888148;0.543021017;10;0.833333;0;1.044444;1.00052275;1.00052242
20.909425;0.645751852;0.507293877;0.602811231;0.785587139;0.93350282;0.826595224;0.764620309;0.702216515;1.01106453;0.645751828;0.456565206;0.542530037;10;0.833333;0;1.044444;1.00051472;1.00051438
20.910425;0.646600849;0.509332763;0.602535693;0.787708876;0.931850931;0.827361222;0.76534094;0.704236806;1.00979899;0.646600802;0.458400235;0.542282047;10;0.833333;0;1.044444;1.00051171;1.00051136
20.915425;0.65084583;0.519491661;0.601117992;0.798179922;0.923594668;0.831181231;0.7689425;0.714236677;1.0034583;0.650845685;0.467543373;0.541006076;10;0.833333;0;1.044444;1.00049261;1.00049226
20.917425;0.652543816;0.523537237;0.600533568;0.802302626;0.920295683;0.83270324;0.77038116;0.718190335;1.00091805;0.652543647;0.471184423;0.540480075;10;0.833333;0;1.044444;1.00048556;1.00048522
20.919425;0.654241796;0.527575049;0.599939137;0.806392057;0.916998542;0.834223249;0.771820483;0.722115666;0.998374883;0.654241614;0.47481847;0.539945067;10;0.833333;0;1.044444;1.0004795;1.00047919
20.920425;0.655090783;0.529589515;0.59963803;0.808422044;0.915350447;0.834982252;0.772539655;0.724069704;0.99710316;0.655090599;0.476631492;0.539674061;10;0.833333;0;1.044444;1.00047547;1.00047518
20.923425;0.657637734;0.535621823;0.598721358;0.814463684;0.910411422;0.83725425;0.774696608;0.729890488;0.993282778;0.657637566;0.482060549;0.538849034;10;0.833333;0;1.044444;1.00046538;1.00046514
20.925425;0.659335699;0.539630781;0.59809801;0.818446425;0.907121406;0.838765239;0.776133302;0.733740388;0.990735421;0.659335554;0.485668577;0.538288006;10;0.833333;0;1.044444;1.00045832;1.00045812
20.927425;0.661033665;0.543631966;0.597464656;0.822396942;0.903833167;0.84027322;0.777570733;0.73756249;0.988182237;0.661033551;0.489269598;0.537717969;10;0.833333;0;1.044444;1.00045226;1.00045209
20.929425;0.662731637;0.547624263;0.596822411;0.826313796;0.900548368;0.841778194;0.779007008;0.74136159;0.985628518;0.66273156;0.492862612;0.537139924;10;0.833333;0;1.044444;1.00044621;1.00044607
20.930425;0.663580626;0.549616522;0.596496844;0.828258843;0.898905574;0.842530178;0.779724548;0.743252892;0.98435095;0.663580569;0.494655617;0.536846898;10;0.833333;0;1.044444;1.00044219;1.00044205
20.932425;0.665278607;0.553596591;0.595840157;0.832127354;0.895624218;0.844031145;0.781160421;0.74701435;0.981793318;0.665278596;0.49823762;0.536255843;10;0.833333;0;1.044444;1.00043615;1.00043602
20.935425;0.667825586;0.559548907;0.594836801;0.837866592;0.890706019;0.846277091;0.783313224;0.752612477;0.977953009;0.667825653;0.503594614;0.535352754;10;0.833333;0;1.044444;1.0004271;1.00042697
20.940425;0.672070569;0.569427941;0.593116774;0.847273548;0.882520786;0.85000601;0.786898603;0.761822063;0.971544092;0.672070762;0.51248558;0.533804617;10;0.833333;0;1.044444;1.00041205;1.00041187
20.941425;0.672919568;0.571397969;0.592765658;0.849132107;0.880885567;0.850748998;0.787615489;0.763646766;0.970260522;0.672919783;0.514258569;0.533488591;10;0.833333;0;1.044444;1.00040904;1.00040885
20.943425;0.674617566;0.575331358;0.59205676;0.852825307;0.877617596;0.852234977;0.789048156;0.767280265;0.967691883;0.674617823;0.51779854;0.532850543;10;0.833333;0;1.044444;1.00040302;1.0004028
20.944425;0.675466567;0.57729583;0.591698977;0.854661653;0.87598484;0.852975969;0.789764931;0.769086721;0.966407004;0.675466842;0.519566522;0.53252852;10;0.833333;0;1.044444;1.00040101;1.00040078
20.947425;0.678013571;0.583174786;0.590610064;0.860121794;0.871088168;0.855196947;0.791913716;0.774475358;0.962549967;0.678013899;0.524857458;0.531548462;10;0.833333;0;1.044444;1.00039196;1.00039171
20.949425;0.679711576;0.58708482;0.589873374;0.863725527;0.867828311;0.856673932;0.793345709;0.77803949;0.959974993;0.679711936;0.528376405;0.530885434;10;0.833333;0;1.044444;1.00038693;1.00038666
20.953425;0.68310759;0.59488153;0.588371092;0.870845079;0.861314938;0.859618893;0.796208996;0.785100695;0.95482021;0.683108001;0.535393284;0.529533414;10;0.833333;0;1.044444;1.00037583;1.00037557
20.955425;0.684805601;0.598768208;0.587606617;0.874361332;0.858063006;0.861086867;0.797640281;0.788598022;0.952240423;0.684806027;0.538891218;0.528845423;10;0.833333;0;1.044444;1.00037078;1.00037051
20.957425;0.686503614;0.602647099;0.586832144;0.877848861;0.854812589;0.862552837;0.799070357;0.792075678;0.949660191;0.686504046;0.542382152;0.528148443;10;0.833333;0;1.044444;1.00036472;1.00036446
20.958425;0.687352621;0.604584874;0.58644213;0.879583739;0.853189358;0.86328482;0.799786267;0.79380481;0.948366945;0.687353054;0.54412612;0.527797457;10;0.833333;0;1.044444;1.00036269;1.00036243
20.959425;0.688201628;0.606519315;0.586048784;0.881309492;0.851565286;0.864015804;0.800501101;0.795530533;0.947075897;0.688202062;0.545867088;0.527443473;10;0.833333;0;1.044444;1.00035966;1.0003594
20.961425;0.689899642;0.610383743;0.585256538;0.884741814;0.848321075;0.865476771;0.801930729;0.798964476;0.944491048;0.689900076;0.549345027;0.526730511;10;0.833333;0;1.044444;1.00035461;1.00035434
20.962425;0.69074865;0.612313732;0.584857638;0.886448432;0.846700924;0.866205755;0.802645417;0.800674219;0.943197379;0.690749083;0.551081998;0.526371532;10;0.833333;0;1.044444;1.00035258;1.00035231
20.965425;0.693295676;0.618091466;0.583645392;0.891525586;0.841841828;0.868388711;0.804790173;0.805769349;0.939315528;0.693296102;0.556281924;0.525280602;10;0.833333;0;1.044444;1.00034451;1.00034424
20.966425;0.694144684;0.620013671;0.583236498;0.893204361;0.840223113;0.869115698;0.805504622;0.807457568;0.938020275;0.694145107;0.558011904;0.524912627;10;0.833333;0;1.044444;1.00034248;1.00034222
20.968425;0.695842702;0.623852525;0.582412046;0.896541644;0.836987946;0.870565673;0.806933365;0.810819684;0.935429936;0.695843117;0.561466869;0.524170678;10;0.833333;0;1.044444;1.00033744;1.00033719
20.971425;0.698389729;0.629598023;0.58115982;0.901498863;0.832142409;0.872737643;0.809075095;0.815824137;0.931540498;0.698390131;0.566637829;0.523043752;10;0.833333;0;1.044444;1.0003304;1.00033014
20.972425;0.699238737;0.631510224;0.580737597;0.903139009;0.830528189;0.873459635;0.809789231;0.817482519;0.93024421;0.699239135;0.568358818;0.522663774;10;0.833333;0;1.044444;1.00032739;1.00032713
20.975425;0.701785757;0.637234599;0.579457591;0.908018227;0.825689968;0.875622614;0.811931222;0.822425537;0.92634898;0.701786148;0.573510797;0.521511828;10;0.833333;0;1.044444;1.00032138;1.0003211
20.977425;0.703483762;0.641042326;0.57859425;0.911239303;0.822469741;0.877061605;0.81335892;0.825697614;0.923751611;0.703484154;0.57693779;0.520734847;10;0.833333;0;1.044444;1.00031638;1.00031607
20.978425;0.704332763;0.642944522;0.57815869;0.912841651;0.82085993;0.877779603;0.814072637;0.82732539;0.92245172;0.704333155;0.578649789;0.52034285;10;0.833333;0;1.044444;1.00031439;1.00031406
20.980425;0.706030763;0.646741136;0.577280898;0.916023767;0.817642481;0.879214603;0.815499028;0.830568004;0.919851781;0.706031154;0.582066794;0.519552845;10;0.833333;0;1.044444;1.00030941;1.00030904
20.981425;0.706879764;0.648637777;0.576838666;0.917606731;0.81603484;0.879930606;0.816212585;0.83218197;0.918550733;0.706880153;0.583773801;0.519154837;10;0.833333;0;1.044444;1.00030742;1.00030702
20.984425;0.709426771;0.654316599;0.575499735;0.922317225;0.81121778;0.882076625;0.818352043;0.836994634;0.91464764;0.709427143;0.588884837;0.517949789;10;0.833333;0;1.044444;1.00030147;1.00030098
20.986425;0.711124781;0.658094345;0.574596366;0.925427346;0.808010477;0.883503643;0.819778766;0.840178744;0.912043333;0.711125134;0.592284872;0.517136742;10;0.833333;0;1.044444;1.00029651;1.00029596
20.990425;0.714520811;0.665629882;0.572761835;0.931575248;0.80160274;0.886348681;0.822630411;0.846491355;0.906830033;0.714521115;0.599066952;0.515485633;10;0.833333;0;1.044444;1.00028861;1.0002879
20.991425;0.71536982;0.667509887;0.57229848;0.933097666;0.800003713;0.887058689;0.823343472;0.848057799;0.90552645;0.715370111;0.600758972;0.515068606;10;0.833333;0;1.044444;1.00028664;1.00028589
20.992425;0.716218829;0.669387673;0.571832902;0.934613371;0.798405376;0.887767695;0.82405544;0.849621308;0.904222275;0.716219107;0.602448992;0.51464958;10;0.833333;0;1.044444;1.00028467;1.00028388
20.993425;0.717067838;0.671264351;0.571363992;0.936123937;0.796806177;0.8884767;0.824768305;0.851178498;0.902918021;0.717068104;0.604138012;0.514227555;10;0.833333;0;1.044444;1.0002827;1.00028187
20.996425;0.719614874;0.676884405;0.569947271;0.940620349;0.792017327;0.890598706;0.82690565;0.855823158;0.89900263;0.719615104;0.609196067;0.51295249;10;0.833333;0;1.044444;1.00027679;1.00027585
21.000425;0.723010948;0.684355612;0.568027223;0.946535546;0.785641659;0.8934187;0.829754959;0.861952552;0.893776958;0.723011114;0.615920126;0.511224437;10;0.833333;0;1.044444;1.0002689;1.00026786
21.003425;0.725558022;0.68994236;0.566563875;0.950912632;0.780866929;0.895526683;0.831891137;0.866502868;0.889856364;0.725558117;0.620948154;0.509907421;10;0.833333;0;1.044444;1.00026296;1.00026188
21.006425;0.728105107;0.695514668;0.565082766;0.955239246;0.776101204;0.897629656;0.834026757;0.871013165;0.885931152;0.728105106;0.625963163;0.508574415;10;0.833333;0;1.044444;1.000257;1.00025592
21.007425;0.728954136;0.697369142;0.564584994;0.956670665;0.774514445;0.898328645;0.834738797;0.872507749;0.884623043;0.728954098;0.627632162;0.508126414;10;0.833333;0;1.044444;1.00025501;1.00025393
21.010425;0.73150122;0.702922557;0.563078353;0.96093131;0.769758048;0.900423612;0.83687476;0.876965799;0.880694983;0.731501054;0.632630148;0.506770414;10;0.833333;0;1.044444;1.00025003;1.00024895
21.012425;0.733199271;0.706618159;0.56206282;0.9637462;0.766590324;0.90181759;0.838297377;0.879917806;0.878075124;0.73319901;0.635956133;0.505856421;10;0.833333;0;1.044444;1.00024604;1.00024497
21.018843;0.738647382;0.718434889;0.558759555;0.972635581;0.756464199;0.906274543;0.842864426;0.889272559;0.869677622;0.738646806;0.646591089;0.50288349;10;0.833333;0;1.044444;1.00023508;1.00023401
21.019227;0.738973387;0.719141555;0.55857178;0.973162778;0.75587638;0.906544542;0.843139338;0.88982602;0.869191117;0.738972792;0.647227088;0.502714497;10;0.833333;0;1.044444;1.00023308;1.00023202
21.020763;0.740277402;0.721960436;0.5578429;0.975256412;0.753560303;0.907629538;0.844243627;0.892028731;0.867277723;0.740276738;0.649764085;0.502058524;10;0.833333;0;1.044444;1.0002281;1.00022704
21.025652;0.744429431;0.730815937;0.55560847;0.981712684;0.746355859;0.911110544;0.847770016;0.898850587;0.861307272;0.744428574;0.657734087;0.500047628;10;0.833333;0;1.044444;1.00020817;1.00020711
21.026804;0.745407434;0.732883699;0.555081806;0.983198653;0.744670071;0.911930551;0.848601408;0.900425022;0.859903077;0.745406539;0.659595088;0.499573656;10;0.833333;0;1.044444;1.00020519;1.00020413
21.027265;0.745798434;0.733708138;0.554870696;0.983788637;0.743996596;0.912258554;0.848933898;0.901052694;0.859341191;0.745797526;0.660337089;0.499383667;10;0.833333;0;1.044444;1.00020319;1.00020214
21.029108;0.747363435;0.737003671;0.554022922;0.986138113;0.741304289;0.913569573;0.85026277;0.903550483;0.857093913;0.747362473;0.663303091;0.498620714;10;0.833333;0;1.044444;1.00019922;1.00019818
21.031643;0.749515427;0.741518094;0.552846262;0.989329858;0.737605956;0.91536761;0.852090905;0.906953132;0.853999428;0.749514411;0.667366093;0.497561783;10;0.833333;0;1.044444;1.00019425;1.00019324
21.033255;0.750884415;0.744383642;0.552091817;0.991342363;0.735256416;0.916510638;0.853254056;0.909101255;0.852029273;0.750883381;0.669945094;0.496882831;10;0.833333;0;1.044444;1.00019126;1.00019029
21.035006;0.752370398;0.747486972;0.55126626;0.993509109;0.732706931;0.917750671;0.854515894;0.911419151;0.849890898;0.752369359;0.672738096;0.496139887;10;0.833333;0;1.044444;1.00018827;1.00018734
21.036251;0.753427383;0.749688081;0.550677366;0.995036758;0.730897374;0.918629696;0.855412632;0.913056376;0.848368735;0.753426351;0.674719099;0.495609929;10;0.833333;0;1.044444;1.00018528;1.00018438
21.039568;0.756243339;0.755541411;0.5490929;0.999071589;0.726080555;0.920971761;0.857803962;0.917389131;0.844310909;0.756242352;0.679987119;0.494184045;10;0.833333;0;1.044444;1.00018029;1.0001795
21.041227;0.757652314;0.758460298;0.548293998;1.00106617;0.723675814;0.922139792;0.85899986;0.919537162;0.842280534;0.757651362;0.682614133;0.493465102;10;0.833333;0;1.044444;1.00017729;1.00017656
21.042057;0.758356302;0.759918074;0.547892881;1.00205915;0.722475071;0.922723806;0.859597698;0.920606469;0.841265632;0.758355368;0.68392614;0.493104129;10;0.833333;0;1.044444;1.00017629;1.0001756
21.044545;0.760469262;0.76428473;0.546680642;1.00501696;0.718873551;0.924472848;0.861390127;0.923798903;0.838220103;0.76046839;0.687856161;0.492013201;10;0.833333;0;1.044444;1.00017228;1.00017169
21.047448;0.762933215;0.769365827;0.545253958;1.0084311;0.714681824;0.926509897;0.863482363;0.927491344;0.834665604;0.762932419;0.692429177;0.49072926;10;0.833333;0;1.044444;1.00016825;1.00016781
21.049522;0.764694179;0.772986926;0.54422617;1.01084418;0.711691929;0.927961931;0.864975773;0.930109806;0.832126266;0.764693441;0.695688181;0.489804285;10;0.833333;0;1.044444;1.00016522;1.00016489
21.051512;0.766384142;0.776458023;0.543231716;1.01314434;0.708824926;0.929353964;0.86640984;0.932607429;0.829689686;0.766383462;0.698812176;0.488909296;10;0.833333;0;1.044444;1.00016219;1.00016196
21.052259;0.767018127;0.777758016;0.542857269;1.01400178;0.707750835;0.929874976;0.866948241;0.93353931;0.828774565;0.76701747;0.699982173;0.488572297;10;0.833333;0;1.044444;1.00016117;1.00016099
21.055245;0.769553062;0.782951311;0.541350592;1.01741007;0.703461533;0.931958019;0.869099411;0.937250234;0.825117502;0.769552501;0.704656153;0.487216291;10;0.833333;0;1.044444;1.0001571;1.00015708
21.060470;0.773988955;0.792010082;0.538676141;1.02328317;0.695974302;0.935592058;0.872863233;0.943668633;0.818718427;0.773988559;0.712809104;0.484809254;10;0.833333;0;1.044444;1.00014997;1.00015017
21.062710;0.775890922;0.795882237;0.537516142;1.02576542;0.692773149;0.937146058;0.8744761;0.946390508;0.81597723;0.775890589;0.716294083;0.483765232;10;0.833333;0;1.044444;1.00014691;1.00014719
21.063456;0.776523914;0.797171102;0.537127253;1.02658908;0.691707614;0.937663056;0.875014059;0.947293092;0.815062892;0.776523599;0.717454077;0.483415225;10;0.833333;0;1.044444;1.00014589;1.00014619
21.066442;0.779058888;0.80231989;0.535563923;1.02985777;0.687450171;0.939729039;0.877164325;0.950886452;0.811408073;0.779058644;0.722088053;0.482008195;10;0.833333;0;1.044444;1.00014282;1.00014318
21.068591;0.780883877;0.806018705;0.534429482;1.0321877;0.684390782;0.941213018;0.878712554;0.953453393;0.808777229;0.780883679;0.725417041;0.480987174;10;0.833333;0;1.044444;1.00013979;1.00014017
21.070103;0.782166874;0.808617544;0.533627262;1.03381727;0.682242537;0.942256;0.87980118;0.955250333;0.806926585;0.782166706;0.727756038;0.480265159;10;0.833333;0;1.044444;1.00013777;1.00013815
21.071103;0.783015875;0.81033529;0.533093929;1.03489012;0.680821683;0.942944986;0.880521693;0.956434689;0.805702261;0.783015725;0.729302038;0.479785149;10;0.833333;0;1.044444;1.00013676;1.00013714
21.073103;0.784713882;0.813766339;0.53202282;1.03702321;0.677983533;0.944320957;0.881962733;0.958792546;0.803254569;0.784713765;0.732390043;0.478821129;10;0.833333;0;1.044444;1.00013475;1.00013511
21.075103;0.786411896;0.817192947;0.530945045;1.03914141;0.675149161;0.945695926;0.883402441;0.961139134;0.800807275;0.786411808;0.735474054;0.477851112;10;0.833333;0;1.044444;1.00013175;1.00013208
21.077103;0.788109915;0.820614005;0.529861713;1.04124345;0.672319954;0.947068895;0.884843037;0.963472097;0.798359616;0.788109855;0.738553072;0.4768761;10;0.833333;0;1.044444;1.00012976;1.00013005
21.078103;0.788958926;0.82232287;0.529317271;1.04228895;0.670906397;0.94775388;0.885563339;0.964633216;0.797136887;0.788958881;0.740091082;0.476386096;10;0.833333;0;1.044444;1.00012877;1.00012903
21.082103;0.792354975;0.829146137;0.527122846;1.04643316;0.665261436;0.950491827;0.888444718;0.96924489;0.792243127;0.79235499;0.746232121;0.474411096;10;0.833333;0;1.044444;1.00012384;1.00012398
21.084103;0.794053001;0.832550573;0.526016195;1.04848289;0.662445173;0.951857807;0.889885606;0.971531167;0.789797952;0.794053042;0.749296132;0.473415102;10;0.833333;0;1.044444;1.00012188;1.00012197
21.089103;0.798298061;0.841041745;0.52322069;1.05354405;0.655420751;0.955263792;0.893486375;0.977192479;0.78368527;0.798298167;0.756938114;0.47089911;10;0.833333;0;1.044444;1.00011696;1.00011695
21.090103;0.799147072;0.842736216;0.52265626;1.05454511;0.654018148;0.955943795;0.894207079;0.978314683;0.782462183;0.799147192;0.758463103;0.470391109;10;0.833333;0;1.044444;1.00011597;1.00011594
21.092103;0.800845092;0.846121831;0.52152407;1.0565367;0.651217704;0.957301807;0.895648132;0.980550337;0.780017248;0.800845243;0.761510075;0.469372107;10;0.833333;0;1.044444;1.00011399;1.00011394
21.094103;0.802543111;0.849503012;0.520384112;1.05851433;0.648419416;0.958658823;0.897088078;0.982775064;0.777574919;0.802543295;0.764553041;0.468346104;10;0.833333;0;1.044444;1.00011101;1.00011093
21.095103;0.80339212;0.851191938;0.519813027;1.05949794;0.647023323;0.959335832;0.897808429;0.983882481;0.776353266;0.803392321;0.766073023;0.467832102;10;0.833333;0;1.044444;1.00011002;1.00010993
21.096103;0.804241129;0.852879754;0.519238611;1.06047808;0.645626031;0.960012841;0.898528781;0.98498565;0.775131093;0.804241347;0.767592005;0.467315099;10;0.833333;0;1.044444;1.00010902;1.00010892
21.098103;0.805939143;0.856250944;0.518087566;1.06242667;0.642837514;0.961365862;0.899969246;0.987184481;0.772689108;0.805939397;0.770625969;0.466279092;10;0.833333;0;1.044444;1.00010703;1.00010692
21.102103;0.809335154;0.86297999;0.51576439;1.0662828;0.637269466;0.964064905;0.902850708;0.99154577;0.767804653;0.809335494;0.77668191;0.464188075;10;0.833333;0;1.044444;1.00010304;1.0001029
21.104103;0.811033151;0.866337842;0.514594474;1.06819053;0.634492634;0.965410927;0.904291703;0.99370834;0.765363423;0.811033543;0.779703888;0.463135063;10;0.833333;0;1.044444;1.00010104;1.0001009
21.107103;0.813580138;0.871365715;0.512826821;1.07102624;0.630333391;0.967427963;0.90645335;0.99692812;0.761701918;0.813580614;0.784228864;0.461544044;10;0.833333;0;1.044444;1.00009801;1.0000979
21.109103;0.815278125;0.874711321;0.511640232;1.07289914;0.627564993;0.968769992;0.90789389;0.999060632;0.759263329;0.815278657;0.787239855;0.460476031;10;0.833333;0;1.044444;1.00009599;1.00009591
21.115265;0.820510064;0.884990304;0.507946008;1.0785851;0.61906052;0.972893084;0.912333944;1.00555284;0.751750073;0.820510735;0.796490846;0.457150973;10;0.833333;0;1.044444;1.0000909;1.00009094
21.117265;0.822208038;0.888316989;0.506733845;1.08040361;0.616307658;0.97422811;0.913774688;1.00763841;0.749312334;0.822208735;0.799484836;0.456059946;10;0.833333;0;1.044444;1.00008886;1.00008895
21.118265;0.823057024;0.88997922;0.506126095;1.08130871;0.614933463;0.974894121;0.914495004;1.00867577;0.748095176;0.82305773;0.800980827;0.455512931;10;0.833333;0;1.044444;1.00008785;1.00008796
21.122265;0.82645296;0.896615911;0.503678396;1.0848957;0.609444766;0.977556159;0.917378039;1.01279607;0.743223642;0.826453682;0.806953757;0.453309868;10;0.833333;0;1.044444;1.00008377;1.00008401
21.123265;0.827301943;0.898271469;0.503062852;1.08578348;0.60807527;0.978220166;0.918098125;1.01382074;0.742006544;0.827302664;0.808443733;0.452755853;10;0.833333;0;1.044444;1.00008276;1.00008302
21.128536;0.831776844;0.906982564;0.499791755;1.09041475;0.600871058;0.981714184;0.921897533;1.01916663;0.735591873;0.831777536;0.816283585;0.449811806;10;0.833333;0;1.044444;1.00007866;1.00007907
21.129016;0.832184835;0.907707006;0.499505085;1.09075067;0.600231987;0.982036184;0.922242721;1.01957433;0.735003297;0.832185523;0.816935572;0.449553803;10;0.833333;0;1.044444;1.00006565;1.00006607
21.130296;0.833270808;0.909200329;0.498816184;1.09112123;0.598622967;0.982916182;0.923159857;1.02017309;0.73339927;0.833271489;0.818279539;0.448933798;10;0.833333;0;1.044444;0.999980635;0.999981065
21.131832;0.834574777;0.910266981;0.498101718;1.09069446;0.596831567;0.984006176;0.924249313;1.02008868;0.731399915;0.834575449;0.819239503;0.448290794;10;0.833333;0;1.044444;0.999855613;0.99985606
21.132856;0.835444757;0.910690304;0.497661699;1.09006536;0.595683378;0.98474317;0.924971603;1.019715;0.730028752;0.835445424;0.819620481;0.447894792;10;0.833333;0;1.044444;0.999789599;0.999790055
21.133368;0.835878748;0.91085141;0.497446134;1.08969213;0.59511621;0.985113167;0.925330915;1.01947396;0.729335814;0.835879413;0.819765471;0.447700792;10;0.833333;0;1.044444;0.999764593;0.999765051
21.134904;0.837183721;0.911243617;0.496800546;1.08846201;0.593417438;0.986224153;0.926408551;1.01865034;0.727234072;0.83718438;0.820118445;0.447119793;10;0.833333;0;1.044444;0.999719574;0.99972004
21.136440;0.838487699;0.911611382;0.496143843;1.08720787;0.591711414;0.987331136;0.92748402;1.01780226;0.725122138;0.838488351;0.820449426;0.446528798;10;0.833333;0;1.044444;0.999706558;0.999707027
21.137440;0.839336686;0.911868041;0.495709375;1.08641394;0.590595291;0.988049122;0.928184268;1.01727145;0.723746706;0.839337335;0.820680418;0.446137803;10;0.833333;0;1.044444;0.999707549;0.999708018
21.142440;0.843581646;0.913271342;0.493494805;1.0826105;0.584998352;0.991630037;0.931690258;1.01475653;0.716901664;0.843582278;0.821943426;0.444144856;10;0.833333;0;1.044444;0.999718536;0.999718964
21.144440;0.845279643;0.913795775;0.492608092;1.08105618;0.582774274;0.993061998;0.933093646;1.01371496;0.714171808;0.845280266;0.822415447;0.443346886;10;0.833333;0;1.044444;0.999715551;0.999715937
21.145440;0.846128644;0.91403799;0.492165847;1.08025772;0.581666896;0.993777977;0.933794956;1.01317494;0.712808463;0.846129263;0.822633459;0.442948901;10;0.833333;0;1.044444;0.999713563;0.999713923
21.147440;0.847826655;0.914485754;0.49128247;1.07862238;0.579460104;0.995210934;0.935197288;1.01205367;0.710080956;0.84782726;0.823036488;0.442153933;10;0.833333;0;1.044444;0.999708593;0.999708892
21.149997;0.849999687;0.914987958;0.490135832;1.07645578;0.576629751;0.997040878;0.936991089;1.01054891;0.706568012;0.850000259;0.823488526;0.441121963;10;0.833333;0;1.044444;0.999702643;0.99970285
21.150002;0.849999687;0.914989069;0.490165959;1.07645709;0.576664598;0.997049878;0.936994068;1.01054689;0.706602526;0.850000259;0.823489526;0.441148936;10;0.833333;0;1.044444;0.999702643;0.99970285
21.151151;0.849999709;0.914624616;0.494510353;1.07602835;0.58177576;0.998352854;0.937532469;1.00965837;0.711423205;0.850000259;0.823161543;0.445058976;10;0.833333;0;1.044444;0.999655668;0.999655831
21.152311;0.849999736;0.913759054;0.496310304;1.07501007;0.583893458;0.998892831;0.937731914;1.00852528;0.71322339;0.850000259;0.822382558;0.446679016;10;0.833333;0;1.044444;0.999681695;0.999681811
21.153140;0.849999757;0.913111272;0.496744606;1.07424799;0.584404868;0.999022815;0.937764854;1.00778365;0.713537207;0.850000259;0.821799568;0.447070031;10;0.833333;0;1.044444;0.999724714;0.999724798
21.154102;0.849999785;0.912436824;0.496774564;1.07345454;0.584440279;0.999031798;0.937746517;1.00705684;0.713387651;0.850000259;0.821192579;0.447097046;10;0.833333;0;1.044444;0.999780737;0.999780783
21.155295;0.849999822;0.911743488;0.496444544;1.07263888;0.584052067;0.998932779;0.937681978;1.00635113;0.71282297;0.850000261;0.820568592;0.446800065;10;0.833333;0;1.044444;0.999843765;0.999843767
21.156191;0.849999851;0.911313488;0.496075642;1.07213301;0.583618097;0.998822767;0.937621453;1.00593019;0.712285956;0.850000262;0.820181601;0.446468078;10;0.833333;0;1.044444;0.999880785;0.999880757
21.157981;0.849999911;0.910591269;0.495266728;1.07128338;0.582666499;0.998579747;0.937494931;1.00524925;0.711173162;0.850000265;0.819531618;0.445740103;10;0.833333;0;1.044444;0.999924823;0.999924742
21.158578;0.849999932;0.910374604;0.495004498;1.0710285;0.582358014;0.998500743;0.937455466;1.00504501;0.710815516;0.850000266;0.819336624;0.44550411;10;0.833333;0;1.044444;0.999931835;0.999931739
21.159175;0.849999953;0.910162385;0.494752268;1.07077883;0.582061294;0.998425739;0.937416003;1.00484786;0.710472065;0.850000267;0.819145629;0.445277117;10;0.833333;0;1.044444;0.999936846;0.999936736
21.160369;0.849999995;0.909751279;0.494283367;1.0702952;0.581509683;0.998284734;0.937343153;1.00445886;0.709827888;0.850000268;0.818775641;0.44485513;10;0.833333;0;1.044444;0.999940865;0.999940733
21.162159;0.850000059;0.909150178;0.493674464;1.06958806;0.580793374;0.998101734;0.93724685;1.00388268;0.708973731;0.850000269;0.818234659;0.444307146;10;0.833333;0;1.044444;0.999941892;0.999941733
21.164353;0.850000137;0.908444636;0.49307112;1.06875804;0.5800836;0.997920744;0.937146915;1.00319527;0.708097243;0.850000267;0.817599682;0.443764162;10;0.833333;0;1.044444;0.99993992;0.999939738
21.166353;0.850000209;0.907839098;0.492634449;1.06804566;0.579569893;0.997789761;0.937072005;1.00259479;0.707435275;0.850000264;0.817054704;0.443371174;10;0.833333;0;1.044444;0.999939942;0.999939746
21.167353;0.850000245;0.907550218;0.492450004;1.06770581;0.579352905;0.997734771;0.9370392;1.00230613;0.707148175;0.850000263;0.816794715;0.44320518;10;0.833333;0;1.044444;0.999940952;0.999940752
21.169353;0.850000314;0.906998019;0.492138891;1.06705617;0.578986897;0.997641793;0.93698178;1.00174849;0.706643636;0.850000264;0.816297738;0.442925191;10;0.833333;0;1.044444;0.99994197;0.999941764
21.170353;0.850000348;0.906732474;0.49200778;1.06674377;0.578832648;0.997601803;0.936956172;1.00147819;0.706423397;0.850000266;0.81605875;0.442807196;10;0.833333;0;1.044444;0.999941977;0.999941771
21.171353;0.850000382;0.906471375;0.491892223;1.0664366;0.578696697;0.997567814;0.936933547;1.00121063;0.706219874;0.850000268;0.815823764;0.442703201;10;0.833333;0;1.044444;0.999942984;0.999942779
21.172353;0.850000415;0.906213608;0.49179;1.06613334;0.57857643;0.997536825;0.936912037;1.00094661;0.706034478;0.850000271;0.815591779;0.442611205;10;0.833333;0;1.044444;0.99994299;0.999942786
21.174353;0.850000477;0.905706959;0.491619998;1.06553728;0.578376415;0.997485848;0.936873876;1.00042283;0.705703888;0.850000276;0.815135812;0.442458209;10;0.833333;0;1.044444;0.999941999;0.999941801
21.175353;0.850000506;0.905456965;0.491551108;1.06524318;0.57829536;0.997464861;0.93685635;1.00016165;0.705558172;0.850000278;0.81491083;0.442396209;10;0.833333;0;1.044444;0.999942002;0.999941807
21.176353;0.850000534;0.905205858;0.491491107;1.06494775;0.578224761;0.997446874;0.936840697;0.999899647;0.705421716;0.85000028;0.814684849;0.442342207;10;0.833333;0;1.044444;0.999941004;0.999940813
21.179353;0.8500006;0.904456961;0.491358881;1.06406673;0.578069164;0.997407919;0.936799953;0.999109374;0.705066962;0.850000282;0.814010909;0.442223196;10;0.833333;0;1.044444;0.999940005;0.999939824
21.182353;0.850000634;0.903701374;0.491284436;1.06317785;0.577981532;0.997384965;0.936765838;0.998307273;0.704776003;0.850000275;0.813330977;0.442156176;10;0.833333;0;1.044444;0.999937998;0.999937831
21.183353;0.850000638;0.903448026;0.491269994;1.06287981;0.577964522;0.997380979;0.936755173;0.998037567;0.704690347;0.850000269;0.813103001;0.442143168;10;0.833333;0;1.044444;0.999936994;0.999936833
21.186353;0.850000632;0.902679087;0.491251117;1.06197525;0.577942247;0.997375018;0.936728682;0.997214267;0.704460082;0.850000245;0.812411078;0.442126144;10;0.833333;0;1.044444;0.999934971;0.999934838
21.191858;0.850000566;0.90123011;0.491288939;1.06027071;0.577986601;0.997387053;0.93668604;0.995654955;0.7041092;0.850000191;0.811107229;0.442160101;10;0.833333;0;1.044444;0.999931892;0.999931866
21.192882;0.85000055;0.900948986;0.491258952;1.05994;0.577951294;0.997378052;0.936672924;0.995356949;0.703999287;0.850000183;0.810854259;0.442133091;10;0.833333;0;1.044444;0.999932875;0.999932875
21.193394;0.850000541;0.90080787;0.491234514;1.059774;0.577922531;0.99737005;0.936664876;0.99520893;0.70393418;0.850000179;0.810727273;0.442111085;10;0.833333;0;1.044444;0.999932868;0.999932881
21.194394;0.850000523;0.900531193;0.491178975;1.05944852;0.577857162;0.997354045;0.936648894;0.994917506;0.703794385;0.850000173;0.810478301;0.442061074;10;0.833333;0;1.044444;0.999933852;0.999933894
21.195394;0.850000504;0.900253406;0.491110103;1.05912173;0.57777611;0.997333038;0.936631041;0.994626867;0.703641755;0.850000167;0.810228328;0.441999063;10;0.833333;0;1.044444;0.999934838;0.999934909
21.200394;0.850000388;0.898857821;0.490690208;1.05747997;0.577282011;0.997206981;0.93653234;0.993177501;0.702787102;0.850000134;0.808972436;0.441621016;10;0.833333;0;1.044444;0.999935786;0.999936011
21.205394;0.850000236;0.897437785;0.49028921;1.05580947;0.57681021;0.997086911;0.936435263;0.99169637;0.701947606;0.850000113;0.807694478;0.441259986;10;0.833333;0;1.044444;0.999933787;0.999934152
21.206394;0.850000204;0.897151112;0.490215898;1.05547223;0.576723959;0.997064897;0.936417287;0.991396208;0.70178667;0.850000112;0.807436477;0.441193984;10;0.833333;0;1.044444;0.999933794;0.999934184
21.207394;0.850000171;0.896863329;0.490144807;1.05513368;0.576640324;0.997042884;0.936398203;0.991096019;0.701628929;0.850000112;0.807177474;0.441129983;10;0.833333;0;1.044444;0.999932802;0.999933215
21.208394;0.850000138;0.896574436;0.49007705;1.05479383;0.57656061;0.997022871;0.936380992;0.990793837;0.701473337;0.850000113;0.806917467;0.441068983;10;0.833333;0;1.044444;0.999932811;0.999933247
21.213394;0.84999999;0.895126665;0.489768254;1.05309062;0.576197335;0.996929821;0.936294291;0.989272755;0.700732518;0.850000144;0.805614409;0.440791006;10;0.833333;0;1.044444;0.999931863;0.999932406
21.217394;0.849999881;0.893961153;0.4895561;1.05171938;0.57594776;0.996866796;0.936229523;0.988046314;0.700176857;0.850000196;0.804565339;0.440600043;10;0.833333;0;1.044444;0.999930896;0.999931513
21.218394;0.849999854;0.893670059;0.489507226;1.0513769;0.575890271;0.996851789;0.9362133;0.987739411;0.700044177;0.850000214;0.804303318;0.440556052;10;0.833333;0;1.044444;0.9999309;0.999931536
21.221394;0.849999772;0.892794568;0.4893706;1.05034683;0.575729569;0.996810761;0.936167615;0.986814313;0.699652178;0.850000277;0.803515243;0.440433081;10;0.833333;0;1.044444;0.9999299;0.999930594
21.223394;0.849999722;0.8922124;0.489287288;1.04966184;0.575631587;0.996785735;0.936138158;0.986197276;0.699399963;0.850000325;0.802991184;0.4403581;10;0.833333;0;1.044444;0.999929891;0.999930627
21.229394;0.84999961;0.890468173;0.489068436;1.04760947;0.575374224;0.996719654;0.936053823;0.984348881;0.698682926;0.850000495;0.801420987;0.440161143;10;0.833333;0;1.044444;0.999929836;0.999930704
21.231394;0.849999583;0.889890478;0.489005103;1.04692968;0.575299755;0.996700636;0.936027398;0.983734492;0.698456872;0.850000556;0.800900927;0.440104154;10;0.833333;0;1.044444;0.999929811;0.999930722
21.232394;0.849999572;0.88960274;0.488976214;1.0465911;0.575265785;0.996692628;0.936014306;0.983427756;0.698345531;0.850000586;0.8006419;0.440078159;10;0.833333;0;1.044444;0.999929797;0.999930727
21.233394;0.849999561;0.889315001;0.488947324;1.04625251;0.575231814;0.996683621;0.936001104;0.983122314;0.698235459;0.850000614;0.800382874;0.440052163;10;0.833333;0;1.044444;0.999929781;0.99993073
21.237394;0.849999525;0.888170695;0.488845095;1.04490598;0.575111587;0.9966526;0.935950544;0.981905229;0.697812468;0.850000706;0.799352789;0.439960159;10;0.833333;0;1.044444;0.999929713;0.999930713
21.238394;0.849999516;0.88788628;0.488821762;1.04457131;0.575084139;0.996645597;0.935938353;0.981603436;0.697711132;0.850000722;0.799096772;0.439939152;10;0.833333;0;1.044444;0.999929695;0.999930701
21.241394;0.849999487;0.887039682;0.488759544;1.04357514;0.575010939;0.996627598;0.935903019;0.980699085;0.697413323;0.850000752;0.798334726;0.439883118;10;0.833333;0;1.044444;0.999930636;0.999931649
21.242394;0.849999476;0.886758589;0.488740659;1.04324439;0.574988714;0.9966216;0.935891948;0.98039965;0.697315902;0.850000755;0.798081712;0.439866101;10;0.833333;0;1.044444;0.999930615;0.999931627
21.243394;0.849999464;0.886478603;0.488722885;1.04291495;0.574967797;0.996616602;0.935880996;0.980101272;0.69722077;0.850000754;0.797829698;0.439850082;10;0.833333;0;1.044444;0.999930593;0.999931601
21.244394;0.849999452;0.886199725;0.488706224;1.04258682;0.574948186;0.996611604;0.935869931;0.979803006;0.697128096;0.850000751;0.797578685;0.439835061;10;0.833333;0;1.044444;0.99993057;0.999931573
21.245394;0.849999439;0.885921956;0.488690674;1.04225999;0.574929883;0.996606606;0.935858869;0.979505916;0.697035423;0.850000746;0.797328672;0.439821037;10;0.833333;0;1.044444;0.999930548;0.999931543
21.251394;0.849999366;0.884278637;0.488616265;1.04032651;0.574842264;0.996584601;0.935795973;0.977749284;0.696512431;0.850000694;0.795849591;0.439753876;10;0.833333;0;1.044444;0.999932434;0.999933322
21.252394;0.849999356;0.884008637;0.488606268;1.04000884;0.574830489;0.9965816;0.935786144;0.977459168;0.696429526;0.850000685;0.795606576;0.439744848;10;0.833333;0;1.044444;0.999932419;0.999933282
21.254394;0.849999338;0.883473085;0.488590714;1.03937875;0.574812166;0.9965766;0.935766256;0.976886272;0.696269817;0.85000067;0.795124548;0.439730789;10;0.833333;0;1.044444;0.999932396;0.999933204
21.255394;0.849999331;0.883206421;0.488584044;1.03906502;0.57480431;0.996574602;0.935757419;0.976599842;0.696190916;0.850000663;0.794884534;0.439724759;10;0.833333;0;1.044444;0.999933387;0.999934167
21.256394;0.849999325;0.882941979;0.488578484;1.0387539;0.57479776;0.996572606;0.935748585;0.976315776;0.696113199;0.850000656;0.794646521;0.439719729;10;0.833333;0;1.044444;0.99993338;0.999934131
21.259394;0.849999317;0.882154211;0.488567342;1.03782709;0.574784641;0.996569627;0.935721092;0.975471684;0.695890269;0.850000636;0.793937484;0.43970964;10;0.833333;0;1.044444;0.999934373;0.999935039
21.263394;0.849999306;0.881124211;0.488562815;1.03661534;0.574779345;0.996568674;0.935687106;0.974365893;0.695611582;0.85000061;0.793010439;0.439705533;10;0.833333;0;1.044444;0.999935384;0.999935945
21.264394;0.849999301;0.880870875;0.4885639;1.03631731;0.574780636;0.996568688;0.935679384;0.97409248;0.695544888;0.850000605;0.792782428;0.439706511;10;0.833333;0;1.044444;0.999935388;0.999935926
21.265394;0.849999296;0.880618648;0.488564984;1.03602059;0.574781927;0.996568702;0.935671661;0.973820248;0.695480567;0.850000601;0.792555417;0.439707491;10;0.833333;0;1.044444;0.999935393;0.999935908
21.270394;0.849999275;0.879377489;0.488585952;1.03456049;0.574806683;0.996575772;0.935633511;0.972485827;0.695174022;0.850000585;0.79143837;0.439726432;10;0.833333;0;1.044444;0.999937426;0.999937838
21.272394;0.849999273;0.878891896;0.488599224;1.03398928;0.574822338;0.996579789;0.935620405;0.971960235;0.695060245;0.850000581;0.791001359;0.439738423;10;0.833333;0;1.044444;0.999938445;0.999938817
21.273394;0.849999274;0.878650762;0.48860697;1.03370563;0.574831475;0.996581794;0.935612917;0.971701967;0.695005237;0.850000579;0.790784355;0.439745421;10;0.833333;0;1.044444;0.999938457;0.999938808
21.276394;0.849999283;0.877938455;0.488634651;1.03286778;0.574864119;0.996589794;0.935593445;0.970933537;0.694848675;0.850000577;0.790143351;0.439770421;10;0.833333;0;1.044444;0.9999395;0.999939788
21.277394;0.849999288;0.877703977;0.48864573;1.032592;0.574877182;0.996593789;0.935587949;0.970679128;0.694798121;0.850000577;0.789932352;0.439780424;10;0.833333;0;1.044444;0.999939517;0.999939784
21.278394;0.849999293;0.877470608;0.488656808;1.03231751;0.574890246;0.996596782;0.935581574;0.970428002;0.694749406;0.850000577;0.789722354;0.439790427;10;0.833333;0;1.044444;0.999940536;0.999940782
21.283394;0.849999339;0.876330411;0.488724416;1.03097644;0.574969968;0.996616732;0.935553779;0.96919422;0.694524158;0.850000576;0.788696369;0.439851457;10;0.833333;0;1.044444;0.99994166;0.999941795
21.284394;0.849999352;0.876107036;0.488739938;1.03071372;0.574988266;0.996621719;0.935548507;0.968952618;0.694482933;0.850000574;0.788495374;0.439865465;10;0.833333;0;1.044444;0.99994269;0.9999428
21.286394;0.849999377;0.875664728;0.488773207;1.0301935;0.575027475;0.996631692;0.93553796;0.968474155;0.694404047;0.850000565;0.788097384;0.439895479;10;0.833333;0;1.044444;0.999942753;0.999942811
21.290394;0.849999427;0.874800119;0.488847531;1.02917662;0.575115035;0.996653628;0.935520168;0.967535134;0.694259264;0.850000535;0.787319395;0.439962501;10;0.833333;0;1.044444;0.999944875;0.999944835
21.291394;0.84999944;0.874587857;0.488867503;1.02892698;0.575138557;0.99665961;0.935514999;0.967306458;0.694227464;0.850000525;0.787128394;0.439980504;10;0.833333;0;1.044444;0.999944902;0.999944841
21.294394;0.84999948;0.873959962;0.48893187;1.02818849;0.57521435;0.996679549;0.935503576;0.966624503;0.694133784;0.850000488;0.786563387;0.440038507;10;0.833333;0;1.044444;0.999945974;0.999945862
21.296394;0.84999951;0.873549885;0.488977383;1.02770618;0.575267926;0.996692504;0.935495446;0.966179101;0.694078049;0.850000458;0.786194382;0.440079505;10;0.833333;0;1.044444;0.999947011;0.999946882
21.299394;0.849999565;0.872947555;0.489050673;1.02699773;0.575354169;0.99671443;0.935485473;0.965522957;0.694002313;0.850000404;0.785652384;0.440145499;10;0.833333;0;1.044444;0.999948051;0.999947919
21.302394;0.849999633;0.872358577;0.489129553;1.02630494;0.575446951;0.996738353;0.935476625;0.964881106;0.693937644;0.85000033;0.785122404;0.440216497;10;0.833333;0;1.044444;0.999949074;0.999948962
21.303394;0.849999658;0.872165221;0.489157337;1.02607748;0.575479623;0.996746327;0.935473795;0.964670204;0.693917193;0.850000301;0.784948415;0.440241498;10;0.833333;0;1.044444;0.999949079;0.999948977
21.306394;0.849999745;0.871595172;0.489242936;1.02540689;0.575580254;0.996772254;0.935466316;0.964048353;0.693865791;0.850000199;0.78443546;0.440318504;10;0.833333;0;1.044444;0.999950086;0.99995002
21.307394;0.849999778;0.871408496;0.489272958;1.02518728;0.57561554;0.996781233;0.935464493;0.96384474;0.693849351;0.850000162;0.784267476;0.440345506;10;0.833333;0;1.044444;0.999951087;0.999951032
21.314394;0.850000035;0.870144081;0.489497578;1.02369964;0.575879545;0.996848151;0.935451614;0.962461255;0.693772394;0.849999879;0.783129553;0.440547514;10;0.833333;0;1.044444;0.999953078;0.999953083
21.315394;0.850000068;0.869969651;0.489530936;1.0234944;0.575918756;0.996858149;0.935451029;0.962269455;0.693765728;0.84999984;0.782972554;0.440577515;10;0.833333;0;1.044444;0.999953075;0.999953086
21.317394;0.850000126;0.86962413;0.489602096;1.02308786;0.57600241;0.996880153;0.935448867;0.961891626;0.693754313;0.849999767;0.782661544;0.44064152;10;0.833333;0;1.044444;0.99995407;0.999954088
21.318394;0.85000015;0.86945415;0.489637675;1.02288786;0.576044239;0.996890158;0.935447289;0.961705594;0.693750754;0.849999734;0.782508534;0.440673524;10;0.833333;0;1.044444;0.999955068;0.999955087
21.320394;0.850000186;0.869118639;0.489711048;1.02249308;0.576130513;0.996912177;0.93544634;0.961336001;0.693745554;0.849999674;0.782206505;0.440739535;10;0.833333;0;1.044444;0.999955066;0.999955078
21.325394;0.850000208;0.868305418;0.489903337;1.02153621;0.576356659;0.996970258;0.935445045;0.960439355;0.693751309;0.849999571;0.78147441;0.440912578;10;0.833333;0;1.044444;0.999957087;0.999957027
21.329394;0.850000172;0.867679932;0.490066692;1.02080023;0.576548814;0.997019339;0.935445523;0.959749868;0.693773514;0.849999534;0.780911351;0.441059619;10;0.833333;0;1.044444;0.999958124;0.999957967
21.330394;0.85000016;0.867527723;0.490108916;1.02062113;0.576598486;0.99703236;0.935445142;0.959581566;0.693780915;0.84999953;0.780774341;0.44109763;10;0.833333;0;1.044444;0.999958135;0.999957952
21.331394;0.850000148;0.867375513;0.49015114;1.02044203;0.576648157;0.997044381;0.935445867;0.959414505;0.693789872;0.849999527;0.780637333;0.44113564;10;0.833333;0;1.044444;0.999959145;0.999958939
21.333394;0.850000127;0.867076645;0.490237811;1.02009037;0.576750117;0.99707042;0.935447317;0.959083948;0.693810157;0.849999527;0.780368324;0.441213661;10;0.833333;0;1.044444;0.999959162;0.999958917
21.340394;0.85000009;0.866073395;0.490556736;1.0189099;0.577125318;0.997166515;0.935455868;0.957969239;0.693909434;0.849999603;0.779465377;0.441500726;10;0.833333;0;1.044444;0.999961173;0.999960891
21.342394;0.850000085;0.865798976;0.490652309;1.01858703;0.577237757;0.997195531;0.935458681;0.957664655;0.693946516;0.84999964;0.779218412;0.441586745;10;0.833333;0;1.044444;0.99996216;0.999961899
21.344394;0.850000078;0.865528997;0.49075011;1.01826938;0.577352812;0.997224542;0.935462498;0.957363805;0.693986419;0.849999679;0.778975452;0.441674762;10;0.833333;0;1.044444;0.999962136;0.999961912
21.345394;0.850000074;0.865395673;0.490799012;1.01811252;0.57741034;0.997239546;0.935464466;0.957214509;0.694008701;0.849999699;0.778855472;0.44171877;10;0.833333;0;1.044444;0.999963121;0.999962919
21.348394;0.850000058;0.865003469;0.490950169;1.01765108;0.577588148;0.997284552;0.935471488;0.956777369;0.694077101;0.849999765;0.77850253;0.441854787;10;0.833333;0;1.044444;0.999964065;0.999963941
21.349394;0.850000052;0.864875696;0.491001297;1.01750075;0.577648288;0.997299553;0.935473463;0.956634012;0.694101756;0.849999789;0.778387546;0.441900789;10;0.833333;0;1.044444;0.999964045;0.999963947
21.352394;0.850000035;0.864497927;0.491158016;1.0170563;0.577832626;0.997346555;0.935481604;0.956211191;0.694181207;0.849999865;0.778047583;0.442041791;10;0.833333;0;1.044444;0.999964988;0.999964957
21.353394;0.85000003;0.864374595;0.491211366;1.01691119;0.577895378;0.997362555;0.935484688;0.956072649;0.694209792;0.84999989;0.777936593;0.44208979;10;0.833333;0;1.044444;0.999964971;0.999964958
21.357394;0.850000016;0.863891274;0.49142809;1.01634253;0.578150306;0.997427553;0.935496246;0.955529981;0.694330655;0.849999977;0.777501627;0.442284783;10;0.833333;0;1.044444;0.999965912;0.999965944
21.360394;0.850000008;0.863541291;0.491595899;1.01593073;0.578347712;0.99747855;0.935506815;0.955135606;0.694428518;0.850000019;0.777186652;0.442435773;10;0.833333;0;1.044444;0.999966875;0.999966917
21.363394;0.850000003;0.863201317;0.49176703;1.01553068;0.578549043;0.997529541;0.935517481;0.954750639;0.694535818;0.850000033;0.776880679;0.442589763;10;0.833333;0;1.044444;0.999966842;0.999966882
21.365394;0.850000004;0.862979114;0.491883703;1.01526922;0.578686314;0.997564529;0.93552495;0.954500755;0.694609854;0.850000028;0.776680697;0.442694759;10;0.833333;0;1.044444;0.999967819;0.999967859
21.366394;0.850000007;0.862870234;0.491942594;1.01514111;0.578755603;0.997582522;0.935529236;0.95437644;0.694648242;0.850000022;0.776582706;0.442747759;10;0.833333;0;1.044444;0.999967807;0.999967849
21.371394;0.850000036;0.862338045;0.492243693;1.01451493;0.579109894;0.997672488;0.935549658;0.953773715;0.694852787;0.849999958;0.776103762;0.443018771;10;0.833333;0;1.044444;0.99996875;0.999968802
21.376394;0.850000084;0.86183026;0.492555858;1.01391755;0.579477234;0.997766468;0.935573518;0.953193649;0.695073753;0.849999881;0.775646821;0.443299807;10;0.833333;0;1.044444;0.999969694;0.999969748
21.378394;0.850000105;0.861633579;0.492683598;1.01368618;0.579627561;0.997804461;0.935583321;0.952968744;0.695168597;0.849999855;0.775469837;0.443414829;10;0.833333;0;1.044444;0.999970673;0.999970723
21.380394;0.850000128;0.861440226;0.492812444;1.01345873;0.579779187;0.997843458;0.935593249;0.952747296;0.695265727;0.849999834;0.775295845;0.443530856;10;0.833333;0;1.044444;0.999970652;0.9999707
21.383394;0.85000016;0.861157959;0.493009038;1.01312672;0.58001053;0.997902461;0.935609713;0.95242187;0.695415016;0.849999805;0.775041841;0.443707907;10;0.833333;0;1.044444;0.999970624;0.999970674
21.391394;0.85000021;0.860438929;0.493552186;1.01228095;0.580649593;0.998065533;0.935655086;0.951592207;0.695846869;0.849999719;0.774394795;0.44419705;10;0.833333;0;1.044444;0.999972561;0.999972627
21.395394;0.850000204;0.860098902;0.493833227;1.01188093;0.580980232;0.998149581;0.935680517;0.95119595;0.696077318;0.849999668;0.774088786;0.444450104;10;0.833333;0;1.044444;0.999972558;0.999972585
21.400394;0.850000167;0.859688919;0.49419316;1.01139856;0.581403681;0.998257607;0.935712781;0.950717965;0.696380995;0.849999625;0.773719777;0.444774144;10;0.833333;0;1.044444;0.999973585;0.99997351
21.403394;0.850000133;0.859452272;0.494414233;1.01112012;0.581663768;0.99832361;0.935732764;0.950440031;0.696570312;0.849999628;0.773506768;0.444973137;10;0.833333;0;1.044444;0.99997461;0.999974471
21.404394;0.850000121;0.8593745;0.494488665;1.01102862;0.581751337;0.998346611;0.935740491;0.950347885;0.696634602;0.849999635;0.773436763;0.445040129;10;0.833333;0;1.044444;0.999974619;0.999974461
21.405394;0.850000109;0.859296727;0.494563095;1.01093711;0.581838905;0.998368611;0.935747222;0.950256748;0.696699632;0.849999644;0.773366759;0.445107119;10;0.833333;0;1.044444;0.999974628;0.999974452
21.409394;0.850000074;0.858994512;0.494866361;1.01058158;0.582195711;0.998459608;0.935776013;0.949899788;0.696965492;0.849999701;0.77309474;0.445380066;10;0.833333;0;1.044444;0.999974654;0.99997444
21.415394;0.850000069;0.858560057;0.495331767;1.01007055;0.582743326;0.998599588;0.935821436;0.949382246;0.697381653;0.849999807;0.772703747;0.44579897;10;0.833333;0;1.044444;0.999975632;0.99997548
21.416394;0.850000072;0.858488944;0.495410627;1.00998691;0.582836114;0.998622584;0.935828268;0.949299313;0.697453744;0.849999823;0.772639757;0.445869956;10;0.833333;0;1.044444;0.999975621;0.999975492
21.418394;0.850000079;0.858350052;0.495568344;1.00982354;0.583021688;0.998670572;0.935844804;0.94913054;0.697598159;0.849999848;0.772514781;0.446011931;10;0.833333;0;1.044444;0.999975597;0.999975518
21.420394;0.85000009;0.858212271;0.495729394;1.00966148;0.583211179;0.998718555;0.935860344;0.948966345;0.697744499;0.849999863;0.772390813;0.446156912;10;0.833333;0;1.044444;0.999976576;0.999976547
21.425394;0.850000127;0.857877829;0.496135921;1.00926811;0.583689502;0.998840506;0.935901473;0.948563691;0.698121079;0.849999851;0.772089911;0.446522889;10;0.833333;0;1.044444;0.999976558;0.999976626
21.429394;0.850000156;0.857618949;0.496468072;1.00896361;0.584080338;0.998940492;0.935934913;0.948250834;0.698432107;0.849999818;0.771856996;0.446821895;10;0.833333;0;1.044444;0.999977593;0.999977679
21.433394;0.85000016;0.857367845;0.496804724;1.00866824;0.584476467;0.999041519;0.935969378;0.947945318;0.698750645;0.849999796;0.771631073;0.447124919;10;0.833333;0;1.044444;0.99997767;0.999977721
21.435394;0.850000149;0.857244512;0.49697585;1.00852317;0.584677813;0.999092547;0.93598717;0.947795574;0.698913042;0.849999788;0.771520107;0.447278934;10;0.833333;0;1.044444;0.99997772;0.999977741
21.438394;0.850000121;0.857063386;0.497234787;1.00831011;0.584982457;0.999170601;0.936014907;0.94757169;0.69915939;0.849999777;0.771357155;0.447511955;10;0.833333;0;1.044444;0.999977806;0.99997778
21.443394;0.850000065;0.85676887;0.497672694;1.00796372;0.585497598;0.999301709;0.936060532;0.947209866;0.699582209;0.849999754;0.771092219;0.447905971;10;0.833333;0;1.044444;0.999978941;0.999978881
21.445394;0.850000042;0.856653273;0.497850535;1.00782777;0.585706787;0.999354748;0.93607942;0.947066157;0.699754396;0.84999975;0.770988236;0.448065971;10;0.833333;0;1.044444;0.999978984;0.999978932
21.449394;0.849999995;0.856426525;0.498209556;1.00756109;0.586129077;0.999462818;0.936118196;0.946784848;0.700103935;0.849999758;0.770784254;0.448388965;10;0.833333;0;1.044444;0.999979053;0.999979041
21.453394;0.849999945;0.856205358;0.498574117;1.00730094;0.586557899;0.999571876;0.936157111;0.946509338;0.700461675;0.849999788;0.77058526;0.448716955;10;0.833333;0;1.044444;0.99997912;0.999979152
21.454394;0.849999933;0.856150905;0.498666365;1.00723689;0.586666413;0.99959989;0.936167177;0.946441012;0.700551452;0.849999798;0.770536261;0.448799953;10;0.833333;0;1.044444;0.99997914;0.999979179
21.463394;0.849999847;0.855674252;0.499507621;1.00667607;0.587656137;0.999851995;0.93625825;0.945839882;0.701385211;0.849999944;0.770107314;0.449556914;10;0.833333;0;1.044444;0.999980368;0.999980358
21.464394;0.849999846;0.855623145;0.499602077;1.00661593;0.587767272;0.999881;0.936269312;0.945774119;0.701478987;0.849999967;0.770061325;0.449641908;10;0.833333;0;1.044444;0.99998039;0.999980371
21.470394;0.849999902;0.855318721;0.500178824;1.00625772;0.58844584;1.00005398;0.936332433;0.945386394;0.702057083;0.850000121;0.769787391;0.450160863;10;0.833333;0;1.044444;0.999980514;0.999980432
21.472394;0.849999938;0.855218727;0.500373293;1.00614005;0.588674629;1.00011196;0.93635452;0.945258479;0.702251744;0.850000175;0.769697416;0.450335838;10;0.833333;0;1.044444;0.999980549;0.999980451
21.488394;0.850000007;0.854452196;0.50197236;1.00523793;0.590555801;1.00059183;0.93653216;0.944266557;0.703873302;0.850000631;0.769007663;0.451774763;10;0.833333;0;1.044444;0.999981638;0.999981608
21.489394;0.849999993;0.854406653;0.502074593;1.00518431;0.590676069;1.00062183;0.936544203;0.944205784;0.703978157;0.850000658;0.768966667;0.451866768;10;0.833333;0;1.044444;0.999981627;0.999981611
21.493394;0.84999994;0.854222251;0.502486864;1.00496728;0.591161055;1.00074587;0.936590506;0.943965785;0.704398969;0.850000755;0.768800649;0.452237788;10;0.833333;0;1.044444;0.999981561;0.999981602
21.495394;0.849999921;0.854131157;0.502694669;1.00486008;0.591405503;1.00080791;0.936613715;0.943846326;0.704612878;0.850000796;0.768718623;0.4524248;10;0.833333;0;1.044444;0.999981514;0.999981589
21.496394;0.849999914;0.854086718;0.50279913;1.00480778;0.591528378;1.00083992;0.936625762;0.943786744;0.704718903;0.850000813;0.768678608;0.452518807;10;0.833333;0;1.044444;0.999981488;0.99998158
21.498394;0.849999902;0.853996722;0.503008053;1.00470189;0.59177412;1.00090196;0.936648968;0.943668464;0.704933987;0.850000842;0.768597576;0.452706824;10;0.833333;0;1.044444;0.999981431;0.999981562
21.508394;0.849999872;0.853554353;0.504070515;1.0041816;0.593023642;1.00122121;0.936769779;0.943081521;0.706029352;0.850000858;0.768199408;0.45366295;10;0.833333;0;1.044444;0.999981119;0.999981457
21.515394;0.849999847;0.853252009;0.504829612;1.003826;0.593916351;1.00144938;0.936856246;0.942677376;0.706815757;0.850000762;0.767927312;0.454346144;10;0.833333;0;1.044444;0.999980927;0.999981424
21.522394;0.849999824;0.852955314;0.505600879;1.00347691;0.594823473;1.00168048;0.936944814;0.9422771;0.707615788;0.850000673;0.76766026;0.455040385;10;0.833333;0;1.044444;0.999980784;0.999981423
21.527394;0.84999985;0.852746442;0.506158731;1.00323112;0.595479655;1.00184749;0.937008278;0.941993652;0.708197499;0.850000643;0.767472207;0.455542559;10;0.833333;0;1.044444;0.999980728;0.999981429
21.530394;0.849999888;0.852620899;0.506496544;1.0030834;0.595877028;1.00194948;0.937047596;0.941824788;0.708548404;0.85000062;0.767359158;0.45584665;10;0.833333;0;1.044444;0.999980708;0.99998144
21.535394;0.849999987;0.852415357;0.507064358;1.00284158;0.59654497;1.00211944;0.937113146;0.941543093;0.709141488;0.850000579;0.767174064;0.456357753;10;0.833333;0;1.044444;0.999980682;0.999981485
21.540394;0.850000124;0.85221091;0.507636575;1.00260107;0.597218103;1.00229141;0.937178887;0.941264951;0.709740297;0.850000551;0.766989978;0.456872784;10;0.833333;0;1.044444;0.99998065;0.999981547
21.548394;0.85000036;0.851888629;0.508564211;1.00222192;0.598309449;1.00256944;0.937287127;0.940821173;0.710712283;0.850000483;0.766699824;0.457707649;10;0.833333;0;1.044444;0.999980576;0.999981601
21.549394;0.850000381;0.851847512;0.508680851;1.00217356;0.598446685;1.00260445;0.937300209;0.940766611;0.710836329;0.850000466;0.766662803;0.45781262;10;0.833333;0;1.044444;0.99998057;0.999981598
21.551394;0.850000418;0.851767503;0.508915239;1.00207942;0.598722468;1.00267446;0.937327584;0.940655086;0.711082304;0.850000427;0.766590763;0.458023561;10;0.833333;0;1.044444;0.999980564;0.999981583
21.561394;0.850000477;0.851370895;0.510100496;1.00161279;0.600117115;1.00303041;0.937464988;0.940106345;0.712329195;0.850000202;0.766233629;0.459090349;10;0.833333;0;1.044444;0.999980619;0.999981389
21.567394;0.850000413;0.851136534;0.510820324;1.00133704;0.600964144;1.00324634;0.937549754;0.939778475;0.713087122;0.850000114;0.766022665;0.459738266;10;0.833333;0;1.044444;0.999980677;0.999981261
21.568394;0.850000398;0.851096545;0.510941409;1.00129;0.601106625;1.00328233;0.937562897;0.939725011;0.713215755;0.850000109;0.76598668;0.459847251;10;0.833333;0;1.044444;0.999980687;0.999981243
21.572394;0.850000318;0.850941029;0.511425764;1.00110702;0.601676555;1.00342826;0.937620307;0.939506302;0.71372657;0.850000116;0.765846753;0.460283181;10;0.833333;0;1.044444;0.999980718;0.999981175
21.573394;0.850000293;0.850902149;0.511547968;1.00106127;0.601820349;1.00346424;0.937634433;0.939451853;0.713854438;0.850000123;0.765811774;0.460393161;10;0.833333;0;1.044444;0.999980725;0.999981159
21.593394;0.849999513;0.850135703;0.51401809;1.00015909;0.604726614;1.00420481;0.937922638;0.938372843;0.716470837;0.850000365;0.76512199;0.46261576;10;0.833333;0;1.044444;0.999980752;0.999980988
21.600394;0.84999948;0.84987137;0.514899342;0.999847933;0.605763395;1.00446974;0.938026536;0.937996524;0.717405448;0.850000504;0.764883944;0.463408655;10;0.833333;0;1.044444;0.999980803;0.999980963
21.607394;0.849999616;0.849609193;0.515788289;0.999539406;0.606809257;1.00473574;0.93813053;0.937623755;0.718349256;0.850000618;0.764647912;0.464208561;10;0.833333;0;1.044444;0.999980853;0.999980941
21.615394;0.849999829;0.849311402;0.516812601;0.999189006;0.608014544;1.00504387;0.938251576;0.937198489;0.719439712;0.850000726;0.764379961;0.465130464;10;0.833333;0;1.044444;0.9999808;0.999980931
21.622394;0.850000049;0.849053619;0.517716859;0.998885646;0.609078662;1.00531503;0.938357639;0.936828517;0.720404114;0.850000754;0.76414805;0.465944447;10;0.833333;0;1.044444;0.99998072;0.999980945
21.629394;0.850000204;0.848798096;0.518627781;0.998584908;0.610150715;1.00558814;0.938465667;0.936460239;0.721375117;0.850000661;0.763918112;0.466764526;10;0.833333;0;1.044444;0.999980669;0.999980965
21.639394;0.850000234;0.848436012;0.519940891;0.998158673;0.611696124;1.0059823;0.938620247;0.935936573;0.722778815;0.850000463;0.763592187;0.467946793;10;0.833333;0;1.044444;0.999980629;0.999981019
21.647394;0.850000145;0.848149445;0.521000826;0.997821387;0.612943423;1.00630045;0.938746461;0.935519537;0.723911487;0.850000319;0.763334152;0.468901039;10;0.833333;0;1.044444;0.999980642;0.999981141
21.654394;0.849999961;0.847901666;0.521934135;0.997529949;0.614041538;1.00658052;0.938856642;0.935157762;0.724911789;0.850000173;0.763111053;0.469741219;10;0.833333;0;1.044444;0.999980676;0.999981241
21.655394;0.849999926;0.847866108;0.522068578;0.997488134;0.614199702;1.00662152;0.938872792;0.935106193;0.725054348;0.85000015;0.763079036;0.46986224;10;0.833333;0;1.044444;0.999980681;0.999981251
21.660394;0.849999731;0.847690541;0.522739687;0.997281692;0.614989166;1.0068225;0.938952553;0.934849399;0.72577374;0.850000031;0.762920947;0.470466329;10;0.833333;0;1.044444;0.999980699;0.999981289
21.661394;0.849999689;0.847656095;0.522874132;0.997241192;0.615147312;1.00686249;0.93896771;0.93479884;0.725918217;0.850000008;0.762889927;0.470587343;10;0.833333;0;1.044444;0.999980699;0.999981296
21.686394;0.849999217;0.846798308;0.526271906;0.996232879;0.619144202;1.00788236;0.939371609;0.933530319;0.729568202;0.850000048;0.762117597;0.473645342;10;0.833333;0;1.044444;0.999980467;0.99998129
21.687394;0.849999212;0.846763853;0.526408584;0.996192383;0.619304979;1.00792336;0.939388747;0.933478993;0.72971456;0.850000059;0.762086607;0.473768343;10;0.833333;0;1.044444;0.999980465;0.999981275
21.693394;0.849999155;0.846562643;0.527234252;0.995955907;0.620276188;1.00817032;0.939486846;0.93318052;0.730603392;0.850000096;0.761905698;0.474511339;10;0.833333;0;1.044444;0.999980435;0.999981178
21.724394;0.849999502;0.845555267;0.531548052;0.994771331;0.625350322;1.0094637;0.940002607;0.931660578;0.735259389;0.850000081;0.761000483;0.478393252;10;0.833333;0;1.044444;0.999981525;0.999982094
21.730394;0.849999668;0.84536628;0.532392429;0.994549124;0.626343724;1.00971778;0.940103868;0.931372291;0.736171975;0.850000024;0.760830616;0.479153354;10;0.833333;0;1.044444;0.999981652;0.999982047
21.735394;0.849999792;0.845210634;0.533096841;0.99436617;0.62717245;1.0099289;0.940187851;0.93113545;0.736935982;0.85000001;0.76069068;0.479787377;10;0.833333;0;1.044444;0.999981749;0.999982037
21.741394;0.849999917;0.845026096;0.533945717;0.994149239;0.628171121;1.01018412;0.940290063;0.930849865;0.73785574;0.85000005;0.760524696;0.480551331;10;0.833333;0;1.044444;0.99998181;0.999982073
21.742394;0.849999935;0.844994974;0.534086831;0.994112645;0.628337133;1.01022617;0.940307317;0.930803236;0.738008841;0.850000059;0.760496693;0.480678321;10;0.833333;0;1.044444;0.999981812;0.999982084
21.748394;0.850000025;0.844812705;0.534937996;0.993898304;0.629338426;1.01048145;0.94040952;0.930521239;0.738931885;0.850000111;0.760332636;0.481444278;10;0.833333;0;1.044444;0.999981774;0.999982167
21.764394;0.849999923;0.84433704;0.537219261;0.993338599;0.632021756;1.01116683;0.940683717;0.929779474;0.741409519;0.850000098;0.75990414;0.483497374;10;0.833333;0;1.044444;0.999981651;0.999982371
21.783394;0.849999529;0.843791743;0.539947067;0.992696473;0.635230915;1.01198458;0.941012862;0.928919347;0.744376863;0.849999932;0.759412714;0.485952406;10;0.833333;0;1.044444;0.999981407;0.999982507
21.802394;0.849999677;0.843267937;0.542692616;0.992079628;0.638460988;1.01280848;0.941344498;0.928082278;0.747372424;0.849999946;0.758940831;0.488423104;10;0.833333;0;1.044444;0.99998141;0.999982302
21.804394;0.849999695;0.84321353;0.542983737;0.992015606;0.638803503;1.01289549;0.94138001;0.927994153;0.747688883;0.849999935;0.758891855;0.488685073;10;0.833333;0;1.044444;0.999981394;0.999982289
21.816394;0.849999894;0.842894691;0.544727063;0.991640678;0.640854672;1.01341854;0.941591083;0.927478105;0.749594555;0.849999889;0.758605064;0.49025392;10;0.833333;0;1.044444;0.999982234;0.999983304
21.825394;0.850000113;0.842661346;0.546038168;0.991366376;0.642397209;1.01381146;0.941750329;0.927095883;0.751029836;0.849999936;0.758395282;0.491433741;10;0.833333;0;1.044444;0.999982163;0.999983216
21.836394;0.85000032;0.842382571;0.547645958;0.991038558;0.644288813;1.01429417;0.941945229;0.926636204;0.752790168;0.850000126;0.758144498;0.492880559;10;0.833333;0;1.044444;0.999982269;0.999982994
21.854394;0.850000596;0.84194018;0.550284789;0.990518413;0.647393762;1.01508476;0.94226612;0.925899875;0.755686093;0.850000476;0.75774658;0.495255806;10;0.833333;0;1.044444;0.999982455;0.999982919
21.859394;0.850000597;0.841820015;0.55102038;0.990377187;0.648259185;1.01530573;0.942355515;0.925699067;0.756494086;0.85000046;0.757638465;0.495917902;10;0.833333;0;1.044444;0.999982507;0.99998293
21.865394;0.850000551;0.841678696;0.551902646;0.990211099;0.649297133;1.01557074;0.94246327;0.925459083;0.757464052;0.850000333;0.757511296;0.496711976;10;0.833333;0;1.044444;0.999982585;0.99998296
21.870394;0.850000461;0.841561893;0.55263934;0.99007378;0.650163808;1.01579176;0.942552761;0.92526171;0.758274003;0.850000162;0.757406168;0.497375003;10;0.833333;0;1.044444;0.999982657;0.999982973
21.879394;0.850000209;0.841355139;0.553967192;0.989830539;0.651725833;1.01618977;0.942715521;0.924908736;0.759734334;0.849999908;0.757220029;0.498570003;10;0.833333;0;1.044444;0.999982737;0.999983018
21.886394;0.849999948;0.841198525;0.555001683;0.989646174;0.652942786;1.01649971;0.942841724;0.924637644;0.76087243;0.849999882;0.757078994;0.499501024;10;0.833333;0;1.044444;0.999982754;0.999983098
21.891394;0.849999758;0.841087492;0.555740605;0.989515434;0.653812076;1.01672168;0.94293138;0.924445988;0.761687358;0.849999946;0.756979002;0.500166055;10;0.833333;0;1.044444;0.999982758;0.999983153
21.915394;0.849999096;0.840573561;0.559297144;0.98890992;0.65799616;1.01778925;0.943367211;0.923541493;0.765610852;0.850000035;0.756516255;0.503367267;10;0.833333;0;1.044444;0.999983805;0.999984117
21.916394;0.849999089;0.840552462;0.559444902;0.988885064;0.658169998;1.01783327;0.943385571;0.923504641;0.7657738;0.850000017;0.756497256;0.503500267;10;0.833333;0;1.044444;0.999983822;0.999984109
21.946394;0.84999929;0.839951284;0.563906153;0.988177482;0.663419456;1.01917228;0.943932037;0.922419981;0.770707883;0.849999753;0.755956458;0.507516326;10;0.833333;0;1.044444;0.999984104;0.999984107
21.947394;0.849999303;0.83993238;0.564055021;0.988155251;0.663594619;1.01921729;0.943950377;0.922385551;0.770871793;0.849999781;0.75593944;0.507650333;10;0.833333;0;1.044444;0.999984113;0.999984117
21.951394;0.849999369;0.839855655;0.564650506;0.988065017;0.664295281;1.01939531;0.944023746;0.92224435;0.771532097;0.849999903;0.755870353;0.508186369;10;0.833333;0;1.044444;0.999984155;0.999984164
21.959394;0.849999609;0.839704466;0.565843782;0.98788728;0.66569921;1.01975326;0.944170482;0.921964619;0.772853732;0.850000151;0.755734106;0.509260452;10;0.833333;0;1.044444;0.999984276;0.999984278
21.975394;0.849999964;0.839409947;0.568231801;0.987541275;0.668508259;1.02047013;0.944464394;0.921417057;0.775501539;0.850000341;0.75546867;0.511409381;10;0.833333;0;1.044444;0.999984503;0.999984398
21.990394;0.849999945;0.8391454;0.570473301;0.987230273;0.671144792;1.02114192;0.944741023;0.920913559;0.777988776;0.850000354;0.755230635;0.513426456;10;0.833333;0;1.044444;0.999984495;0.999984508
22.013394;0.849999975;0.838756482;0.573914246;0.986772975;0.675193221;1.02217393;0.945165145;0.920161947;0.781814224;0.85000045;0.754881299;0.516523304;10;0.833333;0;1.044444;0.999984916;0.999985341
22.014394;0.849999962;0.838740923;0.57406425;0.986754666;0.675369714;1.02221894;0.945184523;0.920128975;0.7819804;0.850000481;0.754867317;0.516658277;10;0.833333;0;1.044444;0.999984905;0.999985325
22.016394;0.84999993;0.838707583;0.574364266;0.986715431;0.675722707;1.02230894;0.945221393;0.920066041;0.782313114;0.85000055;0.754837351;0.516928223;10;0.833333;0;1.044444;0.999984889;0.999985287
22.037394;0.849999378;0.838374272;0.577509955;0.986322935;0.679423858;1.02325283;0.945610027;0.919402316;0.785816435;0.850001217;0.754537571;0.519758602;10;0.833333;0;1.044444;0.999984861;0.999984976
22.069394;0.849999427;0.837899185;0.582308761;0.985762999;0.685070221;1.02469277;0.946205507;0.918426684;0.791167869;0.850000441;0.754110049;0.524077345;10;0.833333;0;1.044444;0.99998507;0.99998466
22.089394;0.849999459;0.837620216;0.585309682;0.985434867;0.68860084;1.025593;0.946576769;0.917839999;0.794519665;0.850000137;0.753859056;0.526778624;10;0.833333;0;1.044444;0.999984772;0.999984675
22.104394;0.849999466;0.837420299;0.587560854;0.985199475;0.691248729;1.02626816;0.946856426;0.917408186;0.797036676;0.850000067;0.753678939;0.528804909;10;0.833333;0;1.044444;0.999985666;0.999985989
22.132394;0.849999908;0.837067353;0.591764614;0.984783787;0.696193454;1.02752886;0.947379532;0.916623152;0.801739762;0.850000022;0.753360574;0.532588092;10;0.833333;0;1.044444;0.999986017;0.999986644
22.176394;0.850000213;0.836556755;0.598369755;0.984184019;0.703964828;1.02951071;0.948200916;0.915445972;0.809146028;0.8500004;0.75290082;0.538532672;10;0.833333;0;1.044444;0.9999857;0.999985871
22.206394;0.850000569;0.836240349;0.602870672;0.983811497;0.70925955;1.03086078;0.94876359;0.914678082;0.814199029;0.850000211;0.752615391;0.542582775;10;0.833333;0;1.044444;0.99998607;0.999985693
22.207980;0.850000581;0.836221507;0.603081778;0.983789276;0.709507943;1.0309238;0.94878985;0.914637599;0.814434132;0.85000022;0.752598403;0.542772791;10;0.833333;0;1.044444;0.999987082;0.999986718
22.212352;0.850000616;0.836172747;0.603597282;0.983731794;0.710114532;1.03107887;0.948853026;0.914537017;0.815011068;0.850000263;0.752554443;0.543236842;10;0.833333;0;1.044444;0.999989105;0.9999888
22.234352;0.850000521;0.835957586;0.606090219;0.983478661;0.713047391;1.03182711;0.949164089;0.914068913;0.817799222;0.85000027;0.752360727;0.545481061;10;0.833333;0;1.044444;0.999989021;0.999989039
22.237352;0.850000482;0.835929752;0.606427976;0.98344605;0.713444658;1.03192813;0.949205886;0.914007609;0.818178787;0.850000219;0.75233575;0.545785071;10;0.833333;0;1.044444;0.999988978;0.999989021
22.259352;0.850000087;0.835736928;0.608889052;0.983220086;0.716339775;1.03266733;0.949512752;0.913568401;0.820937487;0.850000155;0.752162984;0.547999995;10;0.833333;0;1.044444;0.999989945;0.999990033
22.265352;0.849999922;0.835686839;0.609552384;0.983161217;0.717120184;1.03286636;0.949595572;0.913452545;0.821682818;0.850000326;0.752118019;0.548597069;10;0.833333;0;1.044444;0.99999003;0.999990137
22.274352;0.849999752;0.835613396;0.610544609;0.983074765;0.71828761;1.03316341;0.949719026;0.913280168;0.822795303;0.850000436;0.752051985;0.54949019;10;0.833333;0;1.044444;0.999990177;0.999990196
22.298352;0.849999469;0.835426699;0.613156994;0.982854566;0.721360701;1.03394722;0.950045185;0.912834284;0.825728623;0.849999822;0.751883619;0.551841368;10;0.833333;0;1.044444;0.999990118;0.999989893
22.303352;0.84999952;0.835388959;0.613694838;0.982810097;0.721993394;1.03410814;0.950112351;0.912742848;0.826333343;0.849999803;0.751849496;0.552325387;10;0.833333;0;1.044444;0.99999006;0.999989822
22.316352;0.849999742;0.835294554;0.615087089;0.982699082;0.723631596;1.03452602;0.950285715;0.912512226;0.827898013;0.849999773;0.751764476;0.553578396;10;0.833333;0;1.044444;0.999990007;0.999989782
22.321352;0.84999976;0.835260125;0.61561924;0.982658598;0.724257867;1.034686;0.950351902;0.912424266;0.828496181;0.849999737;0.75173356;0.554057386;10;0.833333;0;1.044444;0.999990027;0.999989807
22.331352;0.849999771;0.835190213;0.616676817;0.982576294;0.725502408;1.03500283;0.950484343;0.912250805;0.829686502;0.84999971;0.75167073;0.555009388;10;0.833333;0;1.044444;0.99999012;0.999989823
22.336352;0.849999821;0.835156885;0.61720338;0.982537114;0.726121989;1.03516071;0.950550732;0.912165096;0.830277469;0.849999719;0.751640789;0.555483378;10;0.833333;0;1.044444;0.999990145;0.999989847
22.358352;0.850000245;0.835013208;0.619497554;0.982368454;0.728821083;1.03584847;0.950838231;0.911795823;0.832859419;0.849999999;0.751511991;0.557548118;10;0.833333;0;1.044444;0.999990811;0.999991303
22.371352;0.85000015;0.834932243;0.620837655;0.982272765;0.730397682;1.03625066;0.951005579;0.911583403;0.834368179;0.85000022;0.751439141;0.558754089;10;0.833333;0;1.044444;0.999990772;0.999991835
22.384352;0.849999967;0.834854572;0.622165489;0.982181283;0.731959627;1.03664978;0.951171132;0.911376046;0.835863763;0.850000239;0.751369094;0.559948998;10;0.833333;0;1.044444;0.999990976;0.99999197
22.388352;0.84999993;0.83483125;0.622571094;0.982153869;0.732436715;1.0367708;0.95122281;0.911311156;0.836320516;0.850000282;0.751348066;0.560313989;10;0.833333;0;1.044444;0.999991041;0.999991963
22.413352;0.850000049;0.834690976;0.625085758;0.981989192;0.735394711;1.03752611;0.951537532;0.910926636;0.839153232;0.850000357;0.751221906;0.562576663;10;0.833333;0;1.044444;0.999991281;0.999991868
22.421352;0.849999998;0.834647663;0.62588121;0.981938219;0.736330703;1.03776418;0.95163679;0.910806018;0.840049794;0.850000266;0.75118285;0.563292564;10;0.833333;0;1.044444;0.999991315;0.99999177
22.423352;0.84999998;0.834637663;0.62607894;0.981926462;0.736563386;1.03782418;0.95166122;0.91077685;0.840274554;0.850000231;0.751173823;0.563470543;10;0.833333;0;1.044444;0.999991322;0.999991742
22.426352;0.849999957;0.834620981;0.626375517;0.981906873;0.736912401;1.03791317;0.951699173;0.910732461;0.840607631;0.850000174;0.751158771;0.563737515;10;0.833333;0;1.044444;0.999991328;0.999991691
22.438352;0.849999947;0.834559669;0.627556277;0.98183519;0.738301914;1.03826713;0.95184643;0.910557001;0.841941516;0.849999978;0.751103561;0.564800547;10;0.833333;0;1.044444;0.999991282;0.999991437
22.453352;0.850000183;0.834485051;0.629019776;0.981748026;0.740023457;1.03870627;0.952030649;0.910339957;0.843591012;0.849999856;0.751036538;0.566117777;10;0.833333;0;1.044444;0.999992139;0.999992383
22.473352;0.850000302;0.834390721;0.630947674;0.981637047;0.742291603;1.03928456;0.952272398;0.910059925;0.845767623;0.849999964;0.750951629;0.567852709;10;0.833333;0;1.044444;0.999992096;0.999991973
22.476352;0.850000306;0.834377406;0.631234296;0.981621322;0.74262886;1.03937054;0.952308525;0.910018511;0.846091519;0.850000062;0.750939692;0.568110661;10;0.833333;0;1.044444;0.999992067;0.999991873
22.489352;0.850000138;0.834318556;0.632470703;0.9815518;0.74408355;1.03974131;0.95246392;0.909842585;0.847488111;0.850000452;0.750887131;0.569223439;10;0.833333;0;1.044444;0.999991922;0.999991403
22.492352;0.850000075;0.834306361;0.632753986;0.981537401;0.744416797;1.03982624;0.952499193;0.90980198;0.847809146;0.850000502;0.750876211;0.569478405;10;0.833333;0;1.044444;0.999991894;0.999991288
22.525352;0.849999878;0.834168918;0.635838474;0.98137492;0.748045229;1.04075146;0.952886736;0.909368408;0.85129358;0.850000292;0.7507525;0.572254405;10;0.833333;0;1.044444;0.999991602;0.999990838
22.531352;0.849999877;0.834145742;0.636391898;0.981347396;0.748696369;1.04091753;0.952956932;0.909291956;0.851918515;0.850000107;0.750731385;0.572752405;10;0.833333;0;1.044444;0.999991757;0.999990951
22.546352;0.8499999;0.834089697;0.637765546;0.981280817;0.750312329;1.04132997;0.953128555;0.90910368;0.853472233;0.849999828;0.750680354;0.573988579;10;0.833333;0;1.044444;0.999992041;0.999991427
22.553352;0.849999952;0.834063237;0.638401315;0.981249491;0.751059974;1.0415201;0.953208447;0.909018095;0.854190679;0.849999936;0.75065644;0.574560677;10;0.833333;0;1.044444;0.999992037;0.999991682
22.566352;0.849999861;0.834016478;0.639574869;0.981194709;0.752440181;1.04187184;0.953356883;0.908858017;0.855517919;0.850000197;0.750614494;0.575616838;10;0.833333;0;1.044444;0.999992024;0.999992032
22.569352;0.849999817;0.834006396;0.639844866;0.981182967;0.752757835;1.04195273;0.953390137;0.908822866;0.855822655;0.850000246;0.750605465;0.575859866;10;0.833333;0;1.044444;0.99999203;0.999992096
22.575352;0.849999748;0.833985108;0.640381473;0.981158117;0.753389258;1.04211352;0.95345758;0.908751662;0.856431282;0.850000328;0.75058636;0.576342901;10;0.833333;0;1.044444;0.99999307;0.999993191
22.601352;0.849999578;0.833898971;0.642682384;0.981056954;0.756096957;1.04280435;0.953747579;0.908445543;0.859036072;0.850000421;0.75050903;0.578414154;10;0.833333;0;1.044444;0.999993729;0.999992928
22.611352;0.849999468;0.833867769;0.643556783;0.981020291;0.757125667;1.04306648;0.953857707;0.908330999;0.860024734;0.850000324;0.750481055;0.579201222;10;0.833333;0;1.044444;0.999993927;0.999992897
22.626352;0.849999402;0.833822116;0.644856773;0.980966874;0.758654747;1.04345684;0.954021039;0.908163885;0.86149769;0.850000334;0.750440199;0.580371271;10;0.833333;0;1.044444;0.999993888;0.999992811
22.639352;0.849999498;0.83378435;0.645972049;0.980922842;0.75996685;1.04379195;0.954162211;0.908020688;0.862761133;0.850000441;0.75040628;0.581375398;10;0.833333;0;1.044444;0.999993487;0.999992899
22.646352;0.849999529;0.833765546;0.64656848;0.980900747;0.760668762;1.04397093;0.954237614;0.907944541;0.863437139;0.850000491;0.75038922;0.581912357;10;0.833333;0;1.044444;0.999993206;0.999992986
22.652352;0.849999581;0.833748951;0.647077147;0.980881178;0.761267536;1.04412292;0.954302136;0.907879838;0.864013337;0.85000052;0.75037408;0.582370271;10;0.833333;0;1.044444;0.999993035;0.999993035
22.654352;0.849999606;0.833743411;0.647245966;0.980874642;0.761466274;1.04417392;0.954322748;0.907859118;0.864206571;0.850000525;0.750369027;0.582522242;10;0.833333;0;1.044444;0.999993004;0.999993039
22.678352;0.850000227;0.833679777;0.649258139;0.980799929;0.763834519;1.04477793;0.954576787;0.907607146;0.866485617;0.850000111;0.750311505;0.584333202;10;0.833333;0;1.044444;0.999992898;0.999992876
22.686352;0.850000305;0.83365976;0.649920513;0.980776458;0.764613683;1.04497583;0.954659921;0.907525868;0.86723773;0.849999846;0.750293453;0.58492941;10;0.833333;0;1.044444;0.99999289;0.999992809
22.691352;0.850000259;0.833647589;0.650333909;0.980762145;0.765099891;1.04509975;0.954712732;0.907473389;0.867705366;0.849999704;0.750282469;0.585301535;10;0.833333;0;1.044444;0.999992897;0.999992831
22.696352;0.850000182;0.833636561;0.650745096;0.980749144;0.765583433;1.04522366;0.95476454;0.907423015;0.868171492;0.849999583;0.750272518;0.585671608;10;0.833333;0;1.044444;0.999992908;0.999992901
22.709871;0.850000189;0.83360466;0.651848728;0.980711518;0.76688102;1.04555456;0.954903466;0.907288738;0.869423927;0.849999454;0.75024387;0.586664536;10;0.833333;0;1.044444;0.999992951;0.999993306
22.728639;0.850000591;0.833563966;0.653365795;0.980663548;0.768665454;1.0460099;0.955094914;0.907104672;0.871144779;0.849999878;0.750207245;0.588029306;10;0.833333;0;1.044444;0.999993844;0.999995071
22.729639;0.850000607;0.83356174;0.653446911;0.980660945;0.768760898;1.04603392;0.955104746;0.907095323;0.871235857;0.849999901;0.750205253;0.58810229;10;0.833333;0;1.044444;0.999993836;0.999995106
22.736639;0.850000699;0.833546126;0.654006934;0.980642644;0.769419848;1.04620206;0.955176134;0.907027479;0.871871034;0.850000043;0.750191258;0.588606201;10;0.833333;0;1.044444;0.999993818;0.999995294
22.760639;0.850000229;0.83349697;0.655905799;0.980584644;0.771653687;1.04677225;0.95541604;0.906801911;0.87402564;0.850000423;0.750146874;0.59031534;10;0.833333;0;1.044444;0.999993928;0.999995221
22.762639;0.850000174;0.833493608;0.656062477;0.980580656;0.771837944;1.04681926;0.955435656;0.906783278;0.874204261;0.850000435;0.750143857;0.590456339;10;0.833333;0;1.044444;0.999993947;0.999995182
22.777639;0.849999836;0.833464486;0.65723124;0.980546289;0.773212587;1.04716927;0.955583433;0.90664513;0.875531159;0.850000443;0.750117898;0.591508355;10;0.833333;0;1.044444;0.999994157;0.999994925
22.782639;0.849999745;0.833455513;0.657617844;0.980535813;0.773667346;1.04728521;0.955632305;0.906599757;0.875970167;0.850000426;0.750109899;0.591856288;10;0.833333;0;1.044444;0.999994216;0.999994892
22.796639;0.849999786;0.833429779;0.658692117;0.980505855;0.774931293;1.04760807;0.955768;0.906473933;0.877190832;0.850000429;0.750086905;0.592823116;10;0.833333;0;1.044444;0.999994249;0.999994586
22.815639;0.849999813;0.833397483;0.660134224;0.980467927;0.776628411;1.0480402;0.955949596;0.906308468;0.878827783;0.850000409;0.750057702;0.594121314;10;0.833333;0;1.044444;0.999994158;0.999993987
22.816639;0.849999824;0.833396358;0.660208666;0.980466616;0.776716027;1.0480632;0.955958439;0.906301255;0.878914947;0.850000409;0.750056708;0.594188328;10;0.833333;0;1.044444;0.999994155;0.999993962
22.819639;0.849999869;0.833390759;0.660435337;0.980460066;0.7769828;1.0481312;0.955987757;0.906274665;0.879170386;0.850000411;0.750051745;0.594392368;10;0.833333;0;1.044444;0.99999414;0.999993893
22.836639;0.850000185;0.833363985;0.661704399;0.980428641;0.778475961;1.04851121;0.956147247;0.906130948;0.880612338;0.850000465;0.750028093;0.595534483;10;0.833333;0;1.044444;0.99999399;0.999993732
22.841639;0.850000171;0.833356252;0.662074501;0.980419567;0.778911274;1.04862227;0.956194263;0.906088801;0.881032712;0.85000051;0.750021086;0.595867442;10;0.833333;0;1.044444;0.999993957;0.999993686
22.863639;0.849999857;0.833325324;0.663686888;0.980383211;0.78080752;1.04910603;0.956398806;0.905907793;0.882864548;0.850000638;0.749992831;0.597317931;10;0.833333;0;1.044444;0.999994096;0.99999376
22.874639;0.84999987;0.833309739;0.664482426;0.980364757;0.781743208;1.04934482;0.956498626;0.905820046;0.883770176;0.850000755;0.749978688;0.598033551;10;0.833333;0;1.044444;0.999994278;0.999993621
22.890639;0.84999997;0.833288644;0.665628935;0.980339888;0.783092431;1.04968874;0.956643603;0.905693;0.885072871;0.850000921;0.749959756;0.599065519;10;0.833333;0;1.044444;0.999994398;0.999993372
22.904639;0.850000114;0.833270802;0.666619892;0.9803193;0.784258612;1.04998581;0.956769806;0.905582759;0.886198482;0.850000828;0.749943888;0.599957835;10;0.833333;0;1.044444;0.999994455;0.999993128
22.912639;0.850000241;0.833260592;0.667180977;0.980307674;0.784918743;1.05015382;0.956840191;0.905521938;0.886837966;0.850000579;0.749934903;0.600463038;10;0.833333;0;1.044444;0.999995409;0.999994151
22.928639;0.850000241;0.833242377;0.668294409;0.980286723;0.786228581;1.05048764;0.956981006;0.905401436;0.888104001;0.850000084;0.749918889;0.601465183;10;0.833333;0;1.044444;0.999995356;0.999994423
22.946639;0.849999976;0.833222661;0.669530073;0.980262933;0.787682433;1.05085851;0.957137933;0.905268654;0.889508353;0.849999676;0.749900939;0.602576837;10;0.833333;0;1.044444;0.999995416;0.999994694
22.950639;0.850000001;0.833218363;0.669802316;0.980257668;0.788002687;1.05094049;0.957172178;0.905239809;0.889817815;0.849999627;0.749896979;0.602821754;10;0.833333;0;1.044444;0.999995433;0.999994785
22.964639;0.850000094;0.83320554;0.670747856;0.980241861;0.789114965;1.05122349;0.957291874;0.905138336;0.890893993;0.84999945;0.749885129;0.603672617;10;0.833333;0;1.044444;0.999995358;0.999994953
22.984639;0.850000261;0.83318582;0.67207986;0.980218156;0.790682254;1.05162413;0.957460662;0.904997528;0.892411796;0.849999319;0.749867099;0.604871256;10;0.833333;0;1.044444;0.999995019;0.999994889
22.991639;0.850000295;0.833180273;0.672541959;0.980211627;0.791226147;1.0517633;0.957519491;0.9049489;0.892936059;0.849999492;0.749861976;0.605287081;10;0.833333;0;1.044444;0.999994987;0.999994846
22.998639;0.850000369;0.833173625;0.673000718;0.980203811;0.791766092;1.05190039;0.957577312;0.904901277;0.893458823;0.849999719;0.749855884;0.605700072;10;0.833333;0;1.044444;0.999994981;0.99999472
23.013639;0.850000481;0.833160174;0.673974935;0.980188275;0.792912472;1.05219349;0.957700761;0.904799827;0.894567508;0.849999998;0.749844174;0.6065775;10;0.833333;0;1.044444;0.999994824;0.999994472
23.027639;0.85000061;0.833148854;0.674873956;0.980175455;0.793970101;1.0524625;0.957815541;0.904705377;0.895590342;0.850000213;0.749834684;0.607386831;10;0.833333;0;1.044444;0.999994522;0.999994431
23.041639;0.85000063;0.833138535;0.675761797;0.98016364;0.795014836;1.05272938;0.957927246;0.904615133;0.89660296;0.850000412;0.749825841;0.608185979;10;0.833333;0;1.044444;0.9999944;0.999994766
23.046639;0.850000601;0.833134119;0.676077319;0.980158288;0.795386135;1.05282337;0.957967387;0.904581913;0.896960903;0.85000041;0.749821831;0.608470002;10;0.833333;0;1.044444;0.999994465;0.99999489
23.055639;0.850000456;0.833128753;0.676640646;0.98015153;0.796048935;1.05299236;0.958038808;0.90452493;0.897602639;0.850000301;0.749816807;0.608977072;10;0.833333;0;1.044444;0.999994624;0.999994979
23.094639;0.85000076;0.833103173;0.679032881;0.980121955;0.798862972;1.05370999;0.958341516;0.904281531;0.900327942;0.850000007;0.749793798;0.611130076;10;0.833333;0;1.044444;0.999995066;0.999994716
23.099639;0.85000085;0.833099761;0.679333941;0.980117972;0.799217251;1.05379992;0.958379689;0.904251114;0.900671125;0.849999969;0.749790785;0.611400945;10;0.833333;0;1.044444;0.999995022;0.999994581
23.106639;0.850000961;0.83309523;0.679752793;0.980112659;0.799710112;1.05392591;0.958433395;0.904208316;0.901147932;0.849999926;0.749786788;0.611777764;10;0.833333;0;1.044444;0.999994989;0.999994387
23.107639;0.850000969;0.833095217;0.679812789;0.980112646;0.799780705;1.05394392;0.958440128;0.904203099;0.901215759;0.849999918;0.749786789;0.611831748;10;0.833333;0;1.044444;0.999994989;0.999994364
23.110639;0.850000978;0.833092952;0.679991666;0.980109985;0.799991166;1.05399796;0.958462621;0.904185304;0.90141939;0.849999894;0.749784793;0.611992723;10;0.833333;0;1.044444;0.999994991;0.999994306
23.140639;0.850000421;0.833077151;0.681754427;0.980091373;0.802064126;1.05452644;0.958686016;0.90400939;0.903427363;0.849999691;0.749770578;0.613578971;10;0.833333;0;1.044444;0.999996127;0.999995313
23.155639;0.850000294;0.833070467;0.682618196;0.980083739;0.803079469;1.05478519;0.958795952;0.903924383;0.904412056;0.849999722;0.749764739;0.614356118;10;0.833333;0;1.044444;0.999996145;0.999995312
23.163639;0.850000119;0.833067199;0.683074973;0.98007976;0.803616436;1.05492203;0.958853851;0.903879042;0.904931114;0.849999724;0.749761959;0.614767345;10;0.833333;0;1.044444;0.999996063;0.999995371
23.193639;0.849999837;0.833054323;0.684755843;0.9800632;0.805594604;1.05542707;0.959068003;0.903714358;0.906847539;0.850000037;0.749750346;0.616280318;10;0.833333;0;1.044444;0.999996299;0.999995893
23.210639;0.84999996;0.833049097;0.685687817;0.980056817;0.806691481;1.05570604;0.959185602;0.903625653;0.907912199;0.850000272;0.74974542;0.617119215;10;0.833333;0;1.044444;0.99999615;0.999995765
23.215639;0.849999938;0.833046915;0.685959974;0.980054262;0.807011708;1.05578801;0.959220858;0.903598137;0.908220535;0.850000266;0.749743383;0.617364094;10;0.833333;0;1.044444;0.999996083;0.999995779
23.221639;0.84999993;0.833044683;0.686283225;0.980051698;0.807392014;1.055885;0.959262004;0.903566256;0.908590403;0.850000222;0.74974128;0.617654926;10;0.833333;0;1.044444;0.999995945;0.999995786
23.224639;0.849999951;0.833044674;0.686445406;0.980051705;0.807582806;1.055934;0.959281585;0.903552438;0.908774491;0.850000192;0.749741217;0.617800855;10;0.833333;0;1.044444;0.999995881;0.99999581
23.243639;0.850000168;0.83303805;0.687457468;0.980043757;0.808773441;1.0562366;0.959409717;0.903454779;0.909928662;0.850000064;0.749734732;0.618711681;10;0.833333;0;1.044444;0.999995769;0.999996381
23.253639;0.850000201;0.833035884;0.687982991;0.980041153;0.809391973;1.05639425;0.959477127;0.903403954;0.910526862;0.849999952;0.749732408;0.619184867;10;0.833333;0;1.044444;0.999995919;0.999996635
23.261639;0.850000116;0.833033716;0.688399715;0.980038616;0.809882582;1.05651918;0.959528994;0.903365563;0.911003251;0.849999898;0.749730238;0.619560081;10;0.833333;0;1.044444;0.999996145;0.999996672
23.263639;0.850000087;0.833032619;0.688503072;0.980037333;0.810004267;1.05655019;0.959542689;0.903355004;0.911121083;0.849999901;0.749729214;0.619653119;10;0.833333;0;1.044444;0.999996201;0.999996658
23.267639;0.850000031;0.83303154;0.688709775;0.980036083;0.810247622;1.05661226;0.959569089;0.903335968;0.911356536;0.849999916;0.749728177;0.619839174;10;0.833333;0;1.044444;0.999996314;0.999996603
23.268639;0.850000018;0.833031547;0.688762003;0.980036098;0.81030911;1.05662828;0.959574944;0.903331617;0.911415818;0.849999919;0.749728169;0.619886185;10;0.833333;0;1.044444;0.999996342;0.999996585
23.287639;0.849999886;0.833026992;0.68973297;0.980031115;0.811451905;1.05692006;0.959697981;0.903239591;0.912523667;0.849999743;0.749724057;0.620760374;10;0.833333;0;1.044444;0.999996532;0.999996281
23.306639;0.849999673;0.833023832;0.690686496;0.980027425;0.81257304;1.05720659;0.959818459;0.903150382;0.913611796;0.849999714;0.749720849;0.621618438;10;0.833333;0;1.044444;0.999996295;0.999996484
23.320639;0.849999767;0.83302075;0.691377885;0.980023787;0.81338595;1.05741354;0.959907074;0.903085737;0.914399446;0.849999785;0.749717526;0.622240238;10;0.833333;0;1.044444;0.999996241;0.999996702
23.337639;0.850000293;0.833018561;0.692204527;0.980021337;0.814358419;1.05766152;0.96001267;0.903008991;0.915342227;0.849999913;0.749715388;0.622983821;10;0.833333;0;1.044444;0.99999613;0.999996896
23.352639;0.850000464;0.833016177;0.692922415;0.980018666;0.815202991;1.05787747;0.96010448;0.902941826;0.916161185;0.849999976;0.749713608;0.623629749;10;0.833333;0;1.044444;0.999996051;0.99999666
23.356639;0.850000478;0.833014983;0.693111354;0.980017345;0.815425279;1.05793341;0.960128095;0.902925385;0.916378156;0.850000041;0.749712689;0.623799775;10;0.833333;0;1.044444;0.999996093;0.99999659
23.378639;0.850000755;0.833012381;0.694141491;0.980014496;0.816636934;1.05824207;0.960259542;0.902829214;0.917551922;0.850000455;0.749710784;0.624727044;10;0.833333;0;1.044444;0.999997848;0.999997442
23.384639;0.850000746;0.833012293;0.694418188;0.980014502;0.81696227;1.05832496;0.960294981;0.902804084;0.917867668;0.850000491;0.749710834;0.624976096;10;0.833333;0;1.044444;0.999998003;0.999997387
23.409639;0.850000553;0.833010025;0.695552592;0.980011876;0.818296557;1.05866575;0.960438065;0.902702169;0.919163142;0.850000416;0.749708778;0.625997326;10;0.833333;0;1.044444;0.999997629;0.999997243
23.431639;0.849999968;0.833008471;0.69652738;0.980010567;0.819443215;1.05895776;0.960561822;0.902612891;0.920274629;0.850000231;0.749708001;0.626874325;10;0.833333;0;1.044444;0.999997167;0.999997151
23.434639;0.849999889;0.833008398;0.696658516;0.980010511;0.819597482;1.05899674;0.960578433;0.902601815;0.920424057;0.850000192;0.749708029;0.626992304;10;0.833333;0;1.044444;0.999997201;0.999997081
23.447639;0.849999448;0.83300706;0.697220774;0.9800089;0.820258794;1.0591656;0.960649835;0.902550837;0.921066769;0.850000036;0.749707144;0.62749806;10;0.833333;0;1.044444;0.999997494;0.999996689
23.464639;0.84999896;0.833006785;0.697946208;0.980008747;0.821112119;1.05938359;0.960741303;0.902487108;0.921895217;0.850000172;0.749707072;0.628150824;10;0.833333;0;1.044444;0.999997307;0.999996568
23.474639;0.849998844;0.833006667;0.698366166;0.980008908;0.821606189;1.05950985;0.960795398;0.902449155;0.922374299;0.850000197;0.749706991;0.628528949;10;0.833333;0;1.044444;0.999997105;0.999996784
23.484639;0.849998973;0.833006693;0.698781614;0.980009304;0.822095058;1.0596341;0.960848407;0.90241196;0.922848481;0.850000208;0.749707034;0.628903207;10;0.833333;0;1.044444;0.999996919;0.999997152
23.513639;0.849999891;0.833006864;0.699959993;0.980009586;0.823481725;1.05998809;0.960997515;0.90230734;0.924196066;0.850000188;0.749706988;0.629964649;10;0.833333;0;1.044444;0.999996692;0.999997473
23.533639;0.850000284;0.833008055;0.70075103;0.980010475;0.824412762;1.06022538;0.961098545;0.90223777;0.92509914;0.850000302;0.749707877;0.630676279;10;0.833333;0;1.044444;0.999996731;0.999997167
23.542639;0.850000348;0.833008278;0.701101114;0.980010335;0.824824788;1.06033039;0.961142813;0.902206758;0.92549801;0.850000178;0.749707737;0.630991176;10;0.833333;0;1.044444;0.999996991;0.999996985
23.561639;0.850000101;0.833009777;0.701828001;0.980011469;0.825679823;1.06054836;0.961235262;0.90214441;0.926328658;0.849999846;0.749708835;0.631644996;10;0.833333;0;1.044444;0.999997205;0.999996752
23.584639;0.849999643;0.833011701;0.702686855;0.980014096;0.826690408;1.06080609;0.961345346;0.902069249;0.927308553;0.850000141;0.749711142;0.632417944;10;0.833333;0;1.044444;0.999996974;0.999997115
23.591639;0.849999724;0.833011727;0.702943615;0.980014092;0.826992454;1.06088305;0.961377776;0.902046839;0.927602276;0.850000152;0.749711144;0.63264896;10;0.833333;0;1.044444;0.999996843;0.999997211
23.598639;0.849999854;0.833013027;0.703198151;0.980015344;0.827291886;1.06095905;0.961410207;0.902024362;0.927893571;0.850000132;0.749712182;0.632877965;10;0.833333;0;1.044444;0.999996781;0.999997243
23.602639;0.849999901;0.833013135;0.703342618;0.980015311;0.827461824;1.06100305;0.9614288;0.902012627;0.928058283;0.850000122;0.749712231;0.633007962;10;0.833333;0;1.044444;0.999996775;0.999997269
23.614639;0.849999914;0.833014476;0.703771578;0.980016573;0.827966149;1.06113101;0.961482746;0.901975704;0.928549322;0.850000139;0.749713413;0.633394019;10;0.833333;0;1.044444;0.99999694;0.999997413
23.633639;0.85000003;0.83301691;0.704438322;0.980019385;0.828750366;1.06133068;0.961567828;0.901918888;0.92930896;0.850000215;0.749715243;0.63399435;10;0.833333;0;1.044444;0.999997546;0.999997295
23.643639;0.849999962;0.833018027;0.704782655;0.980020785;0.82915581;1.06143464;0.961610782;0.901890234;0.929703881;0.850000176;0.74971604;0.634304374;10;0.833333;0;1.044444;0.999997448;0.999997045
23.644639;0.849999946;0.833018018;0.70481598;0.980020783;0.829195045;1.06144465;0.961615748;0.901886749;0.929741812;0.850000171;0.749716033;0.634334368;10;0.833333;0;1.044444;0.999998423;0.999998026
23.686639;0.849999616;0.833023155;0.706214698;0.980026868;0.830840975;1.06186393;0.961793669;0.901769532;0.931338917;0.849999934;0.749721111;0.635593307;10;0.833333;0;1.044444;0.999998171;0.999997973
23.694639;0.84999971;0.833024363;0.706472496;0.980028068;0.831144085;1.06194195;0.96182596;0.901748365;0.931633351;0.849999865;0.749722096;0.635825387;10;0.833333;0;1.044444;0.99999825;0.999998061
23.708639;0.849999599;0.83302683;0.706916838;0.980030557;0.831666569;1.06207514;0.961882943;0.901709675;0.932141841;0.849999816;0.749723989;0.636225478;10;0.833333;0;1.044444;0.999998182;0.999998032
23.731639;0.849999738;0.833030315;0.707628774;0.980034726;0.832504263;1.06228904;0.961973367;0.901651245;0.932955554;0.850000466;0.749727087;0.636866313;10;0.833333;0;1.044444;0.999997994;0.999997831
23.748639;0.849999891;0.833032532;0.708140881;0.980037172;0.833107042;1.06244197;0.962038323;0.901608754;0.933542019;0.850000504;0.749729041;0.637327076;10;0.833333;0;1.044444;0.999997684;0.999997761
23.797395;0.849999418;0.833035727;0.709543847;0.980042233;0.834758354;1.06286329;0.962216718;0.901487992;0.935144837;0.849999916;0.749732283;0.638590459;10;0.833333;0;1.044444;0.999996677;0.999997051
23.802387;0.849999515;0.832971298;0.709690611;0.979966472;0.834930843;1.06290712;0.962233447;0.90140759;0.935298276;0.849999995;0.74967431;0.638722445;10;0.833333;0;1.044444;0.999993757;0.999993992
23.806387;0.849999561;0.832891263;0.709811799;0.979872357;0.835073313;1.062944;0.962246119;0.901312523;0.935416472;0.850000061;0.749602312;0.638831418;10;0.833333;0;1.044444;0.99999281;0.999992988
23.810387;0.849999589;0.83279785;0.709933002;0.979762523;0.835215808;1.06297991;0.962259596;0.901204022;0.935532788;0.850000119;0.749518304;0.638940399;10;0.833333;0;1.044444;0.999991868;0.999992014
23.840387;0.849999751;0.832077804;0.710826965;0.97891481;0.83626713;1.06324793;0.962351458;0.900373075;0.936382939;0.850000391;0.748869921;0.639744454;10;0.833333;0;1.044444;0.999992384;0.999992066
23.852387;0.849999861;0.831797896;0.711173636;0.978585209;0.836674901;1.06335196;0.962385861;0.900049998;0.936712552;0.850000306;0.74861769;0.64005642;10;0.833333;0;1.044444;0.999992423;0.999992108
23.886387;0.849999914;0.831030068;0.712121099;0.97768176;0.837789333;1.06363546;0.962483942;0.899161516;0.93761237;0.849999488;0.747927157;0.640909148;10;0.833333;0;1.044444;0.999993392;0.999993696
23.903387;0.85000025;0.830662006;0.712575946;0.977249293;0.838323946;1.06377251;0.962530146;0.898737257;0.938045449;0.84999943;0.747596061;0.641318047;10;0.833333;0;1.044444;0.999993405;0.999993351
23.908387;0.850000431;0.830556399;0.712707166;0.977125144;0.838478138;1.06381161;0.962543422;0.898615216;0.938171053;0.849999534;0.747501;0.641435993;10;0.833333;0;1.044444;0.999993464;0.999993301
23.930387;0.85000038;0.830101035;0.713271242;0.976588941;0.839141854;1.06398104;0.962600971;0.898088123;0.938708586;0.849999769;0.747090649;0.641943796;10;0.833333;0;1.044444;0.999993615;0.999993302
23.935387;0.850000245;0.829998932;0.713395624;0.976468589;0.839288263;1.06401909;0.962614356;0.897970531;0.938827154;0.849999828;0.746998427;0.642055808;10;0.833333;0;1.044444;0.99999357;0.999993362
23.965387;0.850000061;0.829411561;0.714124585;0.975777153;0.84014595;1.06423768;0.962689178;0.897290791;0.939520033;0.850000241;0.746469202;0.642712242;10;0.833333;0;1.044444;0.999994189;0.999993954
23.966387;0.850000067;0.829392686;0.714149037;0.975754963;0.840174708;1.0642457;0.962690885;0.897269584;0.939542597;0.850000251;0.746452245;0.642734253;10;0.833333;0;1.044444;0.999994175;0.999993936
23.978387;0.850000162;0.829167415;0.714429134;0.975490086;0.840504243;1.06432984;0.962720492;0.897009017;0.939809196;0.850000227;0.746249736;0.642986317;10;0.833333;0;1.044444;0.999994121;0.999993756
23.984387;0.850000161;0.829056514;0.714566979;0.975359614;0.840666411;1.06437076;0.962734745;0.896880413;0.939939582;0.850000166;0.746149939;0.643110344;10;0.833333;0;1.044444;0.99999417;0.999993741
23.998387;0.849999848;0.82880363;0.714881476;0.975061971;0.84103654;1.06446457;0.96276669;0.89658741;0.940240664;0.850000295;0.745922161;0.643393516;10;0.833333;0;1.044444;0.999994264;0.999993774
24.014387;0.849999476;0.828522112;0.715231467;0.974731187;0.841448555;1.06456955;0.962802152;0.896263357;0.940575271;0.85000046;0.745669139;0.643708809;10;0.833333;0;1.044444;0.999994113;0.999993704
24.028387;0.849999599;0.82828375;0.715529439;0.974451119;0.841799349;1.06465967;0.962833455;0.895987283;0.940857469;0.85000032;0.745454915;0.643976724;10;0.833333;0;1.044444;0.999993782;0.999994015
24.030387;0.849999645;0.828249259;0.715571659;0.974410561;0.841849095;1.06467167;0.962836964;0.89594942;0.94089791;0.850000306;0.745423882;0.644014701;10;0.833333;0;1.044444;0.999993764;0.999994056
24.032387;0.849999696;0.828215887;0.715612753;0.974371312;0.841897527;1.06468467;0.962841473;0.895910634;0.94093738;0.850000292;0.745393855;0.644051679;10;0.833333;0;1.044444;0.999993756;0.999994092
24.033387;0.849999723;0.828199203;0.715633851;0.974351689;0.841922393;1.06469067;0.962844177;0.895890826;0.940956679;0.850000285;0.745378845;0.644070668;10;0.833333;0;1.044444;0.999993756;0.999994109
24.040387;0.849999957;0.828083587;0.715777021;0.974215677;0.842091167;1.06473363;0.962858534;0.895757628;0.941095128;0.850000228;0.745274834;0.644199608;10;0.833333;0;1.044444;0.999994806;0.999995179
24.057387;0.850000434;0.827811348;0.71611868;0.973895632;0.842493793;1.0648364;0.96289441;0.895442067;0.94142031;0.850000061;0.74503006;0.644507732;10;0.833333;0;1.044444;0.999995229;0.99999509
24.067387;0.85000052;0.827654665;0.716312969;0.973711487;0.84272237;1.06489418;0.962914187;0.895262367;0.941606392;0.850000001;0.744889236;0.644682861;10;0.833333;0;1.044444;0.999995318;0.999995175
24.082387;0.85000025;0.827428054;0.71659859;0.973444988;0.843058002;1.06497992;0.962943626;0.89499984;0.941878534;0.84999996;0.744685395;0.644940038;10;0.833333;0;1.044444;0.999995415;0.999995503
24.086387;0.850000098;0.827368067;0.716673075;0.9733744;0.843145545;1.06500184;0.962951624;0.894931196;0.941949091;0.849999933;0.744631354;0.64500707;10;0.833333;0;1.044444;0.999995546;0.999995555
24.118387;0.849999331;0.826914122;0.717244279;0.972840676;0.843816695;1.06517251;0.963009608;0.894405284;0.942495555;0.849999724;0.744222867;0.645520477;10;0.833333;0;1.044444;0.999995961;0.999995568
24.119387;0.849999332;0.826899659;0.717260938;0.972823693;0.843836276;1.06517752;0.96301138;0.894389757;0.942512279;0.849999711;0.744209861;0.645535459;10;0.833333;0;1.044444;0.999995943;0.999995555
24.123387;0.849999352;0.826846263;0.717329797;0.972761001;0.843917236;1.06519855;0.963017492;0.894328581;0.942578991;0.849999653;0.744161845;0.645597395;10;0.833333;0;1.044444;0.999995865;0.999995482
24.137387;0.849999532;0.826660767;0.717564222;0.97254273;0.844192912;1.06526872;0.963041539;0.894113377;0.942802422;0.849999403;0.743994929;0.645808241;10;0.833333;0;1.044444;0.999996685;0.999996084
24.155387;0.849999503;0.826432025;0.717853049;0.972273293;0.844532839;1.06535586;0.963071948;0.893849792;0.943078592;0.849999591;0.743789209;0.646068035;10;0.833333;0;1.044444;0.999996371;0.999995709
24.179387;0.849999762;0.826145385;0.718218573;0.971935993;0.844962991;1.06546579;0.963109597;0.893517496;0.94342921;0.849999895;0.743530984;0.64639706;10;0.833333;0;1.044444;0.999995973;0.999995836
24.190387;0.849999897;0.826019661;0.718378571;0.971787982;0.84515149;1.06551351;0.963126642;0.8933715;0.943581816;0.849999951;0.743418043;0.646540938;10;0.833333;0;1.044444;0.999995963;0.999996187
24.192387;0.849999911;0.825997398;0.718407449;0.971761786;0.84518551;1.06552149;0.963129223;0.893346052;0.943609202;0.849999979;0.743398057;0.646566922;10;0.833333;0;1.044444;0.999995983;0.999996237
24.199387;0.849999936;0.825919485;0.718505196;0.971670138;0.845300625;1.06555153;0.963138958;0.893257447;0.943704404;0.850000077;0.743328077;0.64665489;10;0.833333;0;1.044444;0.999996066;0.99999638
24.232387;0.850000176;0.825579023;0.718945181;0.971269109;0.845817964;1.0656843;0.96318415;0.892862004;0.944127343;0.849999696;0.74302113;0.647051058;10;0.833333;0;1.044444;0.99999756;0.999997527
24.246387;0.85000012;0.825444675;0.719119741;0.971111082;0.846023525;1.06573624;0.96320229;0.892706786;0.944294396;0.849999804;0.742900319;0.647208289;10;0.833333;0;1.044444;0.999997824;0.999997503
24.248387;0.850000117;0.825425762;0.719143105;0.971088893;0.846051053;1.0657432;0.963205019;0.892684654;0.944317141;0.84999985;0.742883327;0.647229334;10;0.833333;0;1.044444;0.999997843;0.999997508
24.254387;0.850000095;0.825371206;0.719215437;0.971024933;0.84613624;1.06576506;0.963213227;0.892620505;0.944385309;0.849999973;0.742834332;0.647294471;10;0.833333;0;1.044444;0.999997892;0.999997541
24.257387;0.85000007;0.825343369;0.71925105;0.970992288;0.846178159;1.065775;0.963216791;0.892588341;0.944419891;0.850000016;0.742809336;0.647326539;10;0.833333;0;1.044444;0.999997902;0.999997556
24.281387;0.850000017;0.825136742;0.719521003;0.970749217;0.846495734;1.06585602;0.963244421;0.892349622;0.944681189;0.850000505;0.742623378;0.647569651;10;0.833333;0;1.044444;0.99999752;0.999997307
24.291387;0.850000058;0.825056973;0.719627619;0.970654867;0.846621044;1.06588803;0.963255223;0.892256718;0.944783652;0.850000691;0.742551439;0.647665314;10;0.833333;0;1.044444;0.999997244;0.999997022
24.298387;0.849999992;0.8250027;0.719699856;0.970590601;0.846705921;1.06590991;0.963263299;0.892192746;0.944853015;0.850000833;0.742502478;0.647730034;10;0.833333;0;1.044444;0.999997094;0.999996881
24.319387;0.849999601;0.824848372;0.719904743;0.970408708;0.846946492;1.06597059;0.963284896;0.892013947;0.945050778;0.85000103;0.74236341;0.647913971;10;0.833333;0;1.044444;0.999997945;0.999997947
24.323387;0.849999605;0.82482054;0.719942586;0.970376088;0.846990995;1.06598262;0.963288369;0.891981968;0.945087667;0.850001021;0.742338349;0.647948097;10;0.833333;0;1.044444;0.999997898;0.999997996
24.338387;0.849999719;0.824720163;0.72007718;0.970258655;0.847149334;1.06602282;0.963302798;0.89186606;0.945217436;0.850000779;0.742248008;0.648069691;10;0.833333;0;1.044444;0.999997953;0.999998265
24.353387;0.849999505;0.824627729;0.720203683;0.970150166;0.84729833;1.06606119;0.963315334;0.891758565;0.945341272;0.850000517;0.742164723;0.648183801;10;0.833333;0;1.044444;0.99999823;0.999998553
24.356387;0.849999485;0.824609918;0.720228082;0.970129234;0.847327041;1.06606826;0.963318035;0.891738665;0.945364031;0.850000494;0.742148716;0.648205768;10;0.833333;0;1.044444;0.999998245;0.999998599
24.359387;0.849999486;0.824592112;0.720251375;0.970108296;0.847354438;1.06607531;0.963320835;0.8917175;0.945387845;0.850000458;0.742132727;0.64822672;10;0.833333;0;1.044444;0.999998248;0.999998646
24.386387;0.849999802;0.824448571;0.720452491;0.969939799;0.847590875;1.06613606;0.963342135;0.891548227;0.945582373;0.84999966;0.742003945;0.648407124;10;0.833333;0;1.044444;0.999998105;0.999998843
24.411387;0.850000024;0.824334414;0.720615653;0.969805643;0.847783015;1.06618471;0.963359245;0.891415777;0.94574185;0.849999614;0.741901102;0.648554433;10;0.833333;0;1.044444;0.999998744;1.00000003
24.428387;0.850000057;0.824267915;0.720713236;0.969727563;0.847898194;1.06621438;0.963369272;0.89133758;0.945839487;0.849999539;0.741841452;0.648642422;10;0.833333;0;1.044444;0.999998717;0.999999653
24.446387;0.850000347;0.824207003;0.720805177;0.969655531;0.848006392;1.06624256;0.963379469;0.891266339;0.945931185;0.849999632;0.741786493;0.648725658;10;0.833333;0;1.044444;0.999998923;0.999999073
24.451387;0.850000447;0.824192632;0.720829587;0.969638444;0.848035012;1.06624952;0.96338216;0.891247794;0.945955121;0.849999635;0.741773488;0.648747732;10;0.833333;0;1.044444;0.999998963;0.999999061
24.471387;0.850000894;0.824138474;0.720916508;0.96957415;0.848136696;1.06627547;0.963391315;0.89118549;0.94604207;0.849999796;0.741724572;0.648825517;10;0.833333;0;1.044444;0.999999003;0.999998947
24.474387;0.850000938;0.824131813;0.720928763;0.969566261;0.848151071;1.06627945;0.963393195;0.891176851;0.946052901;0.84999982;0.741718572;0.648836445;10;0.833333;0;1.044444;0.999999012;0.999998907
24.482387;0.850000941;0.824113998;0.720958826;0.96954525;0.848186299;1.06628832;0.963395836;0.891155935;0.946083631;0.849999932;0.741702423;0.648863283;10;0.833333;0;1.044444;0.999998986;0.999998774
24.490387;0.85000075;0.824098383;0.720986544;0.969526961;0.848218824;1.06629606;0.963399529;0.891136239;0.946111019;0.850000128;0.74168812;0.648888167;10;0.833333;0;1.044444;0.999998948;0.999998673
24.519387;0.849999649;0.824057075;0.721068451;0.969478325;0.848315402;1.06632067;0.963409036;0.89108531;0.946196102;0.850000118;0.741651076;0.648962006;10;0.833333;0;1.044444;1.00000075;0.999999832
24.522387;0.84999957;0.824053688;0.721075118;0.969474339;0.848323262;1.06632267;0.963408949;0.891083031;0.946204312;0.850000079;0.741648152;0.648968001;10;0.833333;0;1.044444;1.00000084;0.99999983
24.535387;0.849999346;0.824044613;0.721102945;0.969463664;0.848356064;1.06633074;0.96341273;0.891068975;0.946232066;0.849999924;0.741640332;0.648993104;10;0.833333;0;1.044444;1.000001;0.999999753
24.572387;0.849999794;0.824041965;0.721148488;0.969461414;0.848410468;1.06634448;0.963419066;0.891064072;0.946283796;0.849999708;0.741638269;0.649034354;10;0.833333;0;1.044444;1.00000036;1.00000033
24.583387;0.850000019;0.824049583;0.721154115;0.969470714;0.848417268;1.06634566;0.963419159;0.891072199;0.946291765;0.849999935;0.741645299;0.649039104;10;0.833333;0;1.044444;1.00000013;1.00000025
24.584387;0.850000025;0.82404957;0.721154121;0.969470725;0.848417282;1.06634568;0.963419158;0.891073361;0.946292917;0.849999959;0.741645301;0.649039079;10;0.833333;0;1.044444;1.00000011;1.00000023
24.591387;0.850000002;0.824056183;0.721155286;0.969478648;0.848418645;1.06634687;0.963420259;0.891078151;0.946294116;0.850000105;0.741651339;0.649039894;10;0.833333;0;1.044444;0.999999971;1.00000015
24.595387;0.849999968;0.824060655;0.72115534;0.969483941;0.848418658;1.06634697;0.963420387;0.891082674;0.946295115;0.850000142;0.741655395;0.649039785;10;0.833333;0;1.044444;0.999999923;1.00000013
24.636382;0.850000232;0.824122494;0.72112563;0.969555444;0.84838313;1.06633832;0.963418191;0.891150079;0.946276843;0.849999977;0.74171058;0.649013056;10;0.833333;0;1.044444;1.00000066;1.00000097
24.641382;0.850000402;0.824132513;0.721118944;0.969567127;0.848375235;1.06633632;0.963417311;0.891161199;0.946270804;0.849999949;0.741719557;0.649007105;10;0.833333;0;1.044444;1.00000063;1.00000098
24.675382;0.850000327;0.824210196;0.721050974;0.96965862;0.848295276;1.06631486;0.963411081;0.891247673;0.946211988;0.849999819;0.741789577;0.648946349;10;0.833333;0;1.044444;1.00000089;1.00000155
24.693382;0.850000223;0.824260882;0.721001368;0.969718637;0.848236146;1.06629975;0.963405899;0.891306854;0.946167568;0.849999785;0.741835585;0.648901481;10;0.833333;0;1.044444;1.00000113;1.00000137
24.694382;0.850000228;0.824264199;0.720998044;0.969722538;0.848232225;1.06629874;0.963406007;0.891309073;0.94616401;0.849999789;0.741838579;0.648898474;10;0.833333;0;1.044444;1.00000114;1.00000134
24.696382;0.850000237;0.824269726;0.720992499;0.969729032;0.848225694;1.06629772;0.963405131;0.891316829;0.946159116;0.849999795;0.741843569;0.648893455;10;0.833333;0;1.044444;1.00000117;1.00000127
24.718382;0.850000334;0.824344373;0.72091587;0.969816709;0.848135919;1.06627462;0.963398651;0.891400385;0.946088333;0.849999758;0.741910478;0.648823977;10;0.833333;0;1.044444;1.00000161;1.00000068
24.734382;0.850000239;0.824405683;0.720852413;0.969888797;0.84806163;1.06625568;0.963392755;0.891469171;0.946029838;0.849999833;0.741965301;0.648766739;10;0.833333;0;1.044444;1.00000172;1.00000077
24.748382;0.850000069;0.824463395;0.720790188;0.969956623;0.847988418;1.06623669;0.963386567;0.891536129;0.945972778;0.849999837;0.742017269;0.648710728;10;0.833333;0;1.044444;1.00000186;1.00000069
24.761382;0.849999865;0.824521154;0.720728003;0.970024354;0.847915188;1.06621772;0.963379302;0.891602882;0.945915293;0.849999949;0.742069261;0.648655016;10;0.833333;0;1.044444;1.00000163;1.00000074
24.766382;0.849999801;0.824544497;0.720702437;0.970051793;0.847885047;1.06621076;0.963377556;0.891628745;0.945891569;0.850000028;0.74209026;0.648632222;10;0.833333;0;1.044444;1.0000025;1.00000185
24.773382;0.849999774;0.824577817;0.720665802;0.970091112;0.847841739;1.06619984;0.963373022;0.891667575;0.945857872;0.850000121;0.742120191;0.648599481;10;0.833333;0;1.044444;1.00000238;1.00000199
24.790382;0.850000028;0.824664161;0.720570232;0.970193587;0.8477292;1.066171;0.96336431;0.891764503;0.945768117;0.850000245;0.742197666;0.648513659;10;0.833333;0;1.044444;1.00000236;1.00000193
24.792382;0.850000065;0.824674122;0.720559091;0.970205387;0.847716153;1.06616803;0.963362499;0.891777698;0.945758297;0.850000245;0.742206605;0.64850366;10;0.833333;0;1.044444;1.00000237;1.00000191
24.815382;0.850000129;0.824801971;0.720416835;0.970355719;0.847548939;1.06612519;0.96334807;0.89192332;0.945625543;0.849999709;0.742321465;0.64837564;10;0.833333;0;1.044444;1.00000238;1.00000213
24.837382;0.850000236;0.824934837;0.720266883;0.970510951;0.847372599;1.06607999;0.96333321;0.892074181;0.945484701;0.849999568;0.742440294;0.648240472;10;0.833333;0;1.044444;1.00000242;1.00000221
24.843382;0.850000191;0.824973856;0.720223393;0.97055661;0.847321695;1.06606694;0.963328816;0.892117479;0.945445289;0.849999796;0.742475367;0.648201329;10;0.833333;0;1.044444;1.00000259;1.00000221
24.859382;0.849999869;0.825078081;0.72010294;0.970679489;0.847180496;1.066031;0.96331664;0.892238356;0.945332809;0.85000036;0.742569591;0.648093118;10;0.833333;0;1.044444;1.00000291;1.00000225
24.866382;0.84999986;0.825125666;0.720048428;0.970735828;0.847116417;1.06601507;0.963311458;0.892292811;0.945281407;0.850000428;0.742612717;0.648044079;10;0.833333;0;1.044444;1.0000029;1.00000223
24.873382;0.849999935;0.825174467;0.719992886;0.970793459;0.847051027;1.06599807;0.963306287;0.892348273;0.945228776;0.850000376;0.742656849;0.647994139;10;0.833333;0;1.044444;1.00000277;1.00000217
24.889382;0.849999956;0.825291172;0.719859989;0.970930865;0.846894076;1.06595791;0.963292855;0.892480326;0.945104647;0.850000057;0.742761699;0.647874375;10;0.833333;0;1.044444;1.00000232;1.00000199
24.915382;0.85000006;0.825489847;0.719631682;0.971164992;0.846624823;1.06588888;0.963270173;0.89270922;0.944888143;0.849999387;0.742940146;0.647668075;10;0.833333;0;1.044444;1.00000309;1.00000302
24.916382;0.850000072;0.825498718;0.719621681;0.971175445;0.84661307;1.06588587;0.963268287;0.892719065;0.944880772;0.849999393;0.742948154;0.647659067;10;0.833333;0;1.044444;1.00000308;1.00000301
24.931382;0.850000195;0.825620753;0.719481418;0.97131897;0.846448483;1.06584395;0.963254333;0.892859158;0.944748212;0.849999737;0.7430583;0.647532852;10;0.833333;0;1.044444;1.00000301;1.00000282
24.989995;0.849999647;0.826142741;0.718875197;0.971932052;0.845735682;1.06566289;0.963193695;0.893457746;0.94417909;0.850000266;0.743527809;0.646987784;10;0.833333;0;1.044444;1.00000293;1.00000331
24.990004;0.850039647;0.826140519;0.71860853;0.971883702;0.845382174;1.06562189;0.963193695;0.893445057;0.943822637;0.850040266;0.743525809;0.646747784;10;0.833333;0;1.044444;1.00000793;1.00000831
24.991039;0.860099628;0.830057181;0.669022979;0.965069985;0.777843375;1.06080585;0.965729443;0.893341501;0.875952221;0.860100248;0.74705079;0.602120814;10;0.833333;0;1.044444;1.00058492;1.00058529
24.992069;0.870114608;0.83746162;0.63768965;0.962471793;0.732879827;1.06142182;0.970769263;0.895304362;0.830850292;0.870115228;0.753714772;0.573920845;10;0.833333;0;1.044444;1.00051792;1.00051826
24.993221;0.881314585;0.844044946;0.60622743;0.957710333;0.687866972;1.06318278;0.976926121;0.895390739;0.785166273;0.881315203;0.759639755;0.54560488;10;0.833333;0;1.044444;1.00007891;1.00007923
24.994143;0.890274567;0.847450446;0.583629652;0.951895684;0.655561124;1.06536375;0.982201249;0.893303602;0.751828803;0.890275181;0.762703324;0.525266909;10;0.833333;0;1.044444;0.999566907;0.999567208
24.995064;0.899234547;0.849158204;0.563177429;0.944310119;0.626285046;1.06818772;0.98775902;0.88930654;0.721101932;0.899235156;0.764240296;0.506859938;10;0.833333;0;1.044444;0.999017904;0.999018181
24.996271;0.910970521;0.849186515;0.539346314;0.932175108;0.592056486;1.07277469;0.995429065;0.88162593;0.684468004;0.910971122;0.764265004;0.485411975;10;0.833333;0;1.044444;0.998362901;0.998363146
24.997278;0.920761498;0.847864254;0.521741864;0.920826738;0.566641344;1.07728466;1.00213957;0.873742163;0.656768556;0.920762092;0.763074982;0.469568005;10;0.833333;0;1.044444;0.9979459;0.997946116
24.998082;0.928569479;0.846576441;0.508935193;0.911697008;0.548084829;1.08125064;1.00767439;0.867184239;0.636361166;0.928570066;0.76191597;0.458042029;10;0.833333;0;1.044444;0.9977489;0.997749093
24.999286;0.94028145;0.845323045;0.49142296;0.899008124;0.522633504;1.08770861;1.01626369;0.85799405;0.608311427;0.940282027;0.760787965;0.442281062;10;0.833333;0;1.044444;0.997696899;0.997697061
25.000059;0.947795431;0.845419666;0.481079619;0.891982898;0.507577077;1.0921196;1.02194188;0.852982145;0.591789816;0.947796001;0.760874968;0.432972082;10;0.833333;0;1.044444;0.997794898;0.997795041
25.001138;0.958282404;0.846673539;0.467735163;0.883530508;0.488096996;1.09860358;1.03006842;0.84707245;0.570501786;0.958282964;0.762004252;0.420962108;10;0.833333;0;1.044444;0.997974898;0.997975016
25.002418;0.970726371;0.849334831;0.453492922;0.874946801;0.467168217;1.10677456;1.03998557;0.841169029;0.547672402;0.970726919;0.764400724;0.408144136;10;0.833333;0;1.044444;0.998161898;0.998161991
25.003186;0.978193351;0.851619259;0.445695134;0.870603301;0.455630485;1.11190255;1.04606717;0.83827447;0.535130534;0.978193893;0.76645673;0.401126151;10;0.833333;0;1.044444;0.998276898;0.998276979
25.004210;0.988149324;0.8555959;0.436077339;0.865855982;0.441306692;1.11897254;1.05431734;0.835283231;0.51964242;0.988149857;0.770035741;0.392470169;10;0.833333;0;1.044444;0.998447899;0.998447966
25.005490;1.00059329;0.862283642;0.42516176;0.861771468;0.424909231;1.12814254;1.0648401;0.833128957;0.502093321;1.00059381;0.776054758;0.382646189;10;0.833333;0;1.044444;0.9986929;0.998692954
25.006002;1.00557128;0.865551406;0.421101751;0.860755009;0.41876824;1.13190154;1.06910937;0.832810752;0.495592352;1.0055718;0.778995765;0.378992196;10;0.833333;0;1.044444;0.998800901;0.998800951
25.007026;1.01553125;0.87320471;0.413443953;0.859849285;0.407120427;1.13956454;1.07774938;0.833175746;0.483406727;1.01553176;0.785883781;0.372100207;10;0.833333;0;1.044444;0.999028903;0.999028947
25.008050;1.02548622;0.882421347;0.406349488;0.860489821;0.396250134;1.14739155;1.08650656;0.834934018;0.472245612;1.02548673;0.794178799;0.365715216;10;0.833333;0;1.044444;0.999270904;0.999270947
25.009229;1.0369432;0.89503798;0.39878502;0.863149587;0.384577084;1.15657956;1.09672232;0.838709347;0.460543143;1.0369437;0.805533821;0.358907223;10;0.833333;0;1.044444;0.999555906;0.999555951
25.009995;1.04444318;0.90440129;0.393735005;0.865916327;0.376980374;1.16256457;1.10343905;0.842148036;0.453096716;1.04444368;0.813960837;0.354362226;10;0.833333;0;1.044444;0.999745907;0.999745954
25.010171;1.04444318;0.907296841;0.407910557;0.868688668;0.39055272;1.16681658;1.10497815;0.843805647;0.466831911;1.04444368;0.81656684;0.367120227;10;0.833333;0;1.044444;0.999582907;0.999582956
25.010331;1.04444318;0.909807948;0.420599442;0.871092923;0.40270166;1.17062358;1.10635424;0.845215646;0.479113336;1.04444367;0.818826844;0.378540227;10;0.833333;0;1.044444;0.999449908;0.999449957
25.010515;1.04444317;0.912583498;0.435007217;0.87375037;0.416496346;1.17494558;1.10791403;0.846749531;0.49304785;1.04444367;0.821324848;0.391507227;10;0.833333;0;1.044444;0.999310908;0.999310958
25.010717;1.04444317;0.915493492;0.450586102;0.876536539;0.431412309;1.17961958;1.10959907;0.848326547;0.508099615;1.04444366;0.823943852;0.405528228;10;0.833333;0;1.044444;0.999175908;0.99917596
25.011034;1.04444316;0.919784594;0.474436096;0.88064505;0.454247423;1.18677459;1.11217541;0.850595354;0.53111645;1.04444366;0.827805859;0.426993229;10;0.833333;0;1.044444;0.998999909;0.998999962
25.011290;1.04444316;0.923061253;0.493278313;0.883782283;0.472287855;1.1924276;1.11420862;0.852287136;0.549281931;1.04444365;0.830754865;0.443951229;10;0.833333;0;1.044444;0.998882909;0.998882965
25.011546;1.04444316;0.926183468;0.511714976;0.886771644;0.489939989;1.1979586;1.11619518;0.853871077;0.567044602;1.04444365;0.833564871;0.46054423;10;0.833333;0;1.044444;0.99878791;0.998787967
25.011802;1.04444315;0.929171239;0.529752748;0.889632282;0.507210208;1.20336961;1.11813725;0.855362201;0.584410683;1.04444364;0.836253877;0.47677823;10;0.833333;0;1.044444;0.99871191;0.99871197
25.011866;1.04444315;0.929896793;0.534199414;0.890326963;0.511467657;1.20470361;1.11861661;0.855720745;0.588690639;1.04444364;0.836906878;0.48078023;10;0.833333;0;1.044444;0.99869591;0.998695971
25.012054;1.04444315;0.931992343;0.547127189;0.892333345;0.523845321;1.20858161;1.12000781;0.85675007;0.601129955;1.04444363;0.838792883;0.492415231;10;0.833333;0;1.044444;0.998654911;0.998654973
25.013090;1.04444314;0.941351203;0.610264949;0.901293981;0.584296406;1.22752363;1.12678167;0.861023635;0.661748286;1.04444361;0.847215908;0.549239232;10;0.833333;0;1.044444;0.998558913;0.998558986
25.014050;1.04444313;0.942977844;0.642802711;0.902851423;0.615449609;1.23728465;1.13019934;0.860398933;0.692485779;1.0444436;0.848679932;0.578523233;10;0.833333;0;1.044444;0.998605915;0.998606001
25.015048;1.04444313;0.940933371;0.659730475;0.900893972;0.631657063;1.24236268;1.1319117;0.857512973;0.708028616;1.04444358;0.846839958;0.593758234;10;0.833333;0;1.044444;0.998762918;0.99876302
25.016085;1.04444313;0.937481121;0.667717129;0.897588651;0.639303875;1.2447587;1.13266283;0.853947424;0.714978179;1.04444357;0.843732985;0.600946235;10;0.833333;0;1.044444;0.998978921;0.998979042
25.017208;1.04444313;0.933622202;0.670822674;0.893893971;0.642277284;1.24569073;1.13289801;0.85032569;0.717293454;1.04444356;0.840260016;0.603741238;10;0.833333;0;1.044444;0.999208925;0.99920907
25.018104;1.04444314;0.930798846;0.671249335;0.891190784;0.642685799;1.24581875;1.13287899;0.847790906;0.717259403;1.04444355;0.837719042;0.60412524;10;0.833333;0;1.044444;0.999361929;0.999362094
25.019179;1.04444315;0.927768819;0.670632664;0.888289728;0.64209538;1.24563377;1.13274577;0.845136243;0.716217683;1.04444354;0.834992073;0.603570243;10;0.833333;0;1.044444;0.999500935;0.999501125
25.020100;1.04444316;0.925434352;0.669649331;0.886054631;0.641153897;1.24533879;1.13259093;0.843120982;0.714938227;1.04444353;0.832891102;0.602685247;10;0.833333;0;1.044444;0.999584941;0.999585154
25.021944;1.0444432;0.921287645;0.667342673;0.882084445;0.638945404;1.24464683;1.13225716;0.839574752;0.712144159;1.04444353;0.829159161;0.600609256;10;0.833333;0;1.044444;0.999679956;0.999680217
25.022358;1.04444321;0.920428748;0.6668249;0.881262111;0.638449663;1.24449183;1.13218386;0.838843014;0.711528801;1.04444353;0.828386175;0.600143259;10;0.833333;0;1.044444;0.999693959;0.999694232
25.023188;1.04444323;0.918782064;0.665822687;0.879685531;0.637490098;1.24419085;1.13204282;0.837438949;0.710337553;1.04444353;0.826904202;0.599241263;10;0.833333;0;1.044444;0.999715967;0.999716263
25.024017;1.04444325;0.91722427;0.664872698;0.878194057;0.636580532;1.24390586;1.13190841;0.8361121;0.70921057;1.04444353;0.82550223;0.598386268;10;0.833333;0;1.044444;0.999732975;0.999733294
25.025676;1.0444433;0.91437091;0.663147175;0.875462174;0.634928424;1.24338788;1.13166458;0.83367763;0.707161092;1.04444353;0.822934286;0.596833278;10;0.833333;0;1.044444;0.999762994;0.999763357
25.026091;1.04444332;0.913710903;0.662751628;0.874830267;0.634549706;1.24326988;1.13160884;0.833114844;0.706690251;1.04444353;0.822340299;0.59647728;10;0.833333;0;1.044444;0.999769998;0.999770372
25.027335;1.04444336;0.911854219;0.661647214;0.873052629;0.633492274;1.24293789;1.13145229;0.83152927;0.705374884;1.04444354;0.82066934;0.595483287;10;0.833333;0;1.044444;0.999791013;0.999791418
25.028164;1.04444339;0.91071421;0.660973902;0.871961154;0.632847603;1.2427359;1.13135694;0.830555383;0.704571051;1.04444355;0.819643367;0.594877292;10;0.833333;0;1.044444;0.999804024;0.999804447
25.029409;1.04444344;0.909140865;0.660050603;0.87045479;0.631963574;1.2424589;1.13122553;0.82920999;0.703468333;1.04444356;0.818227405;0.5940463;10;0.833333;0;1.044444;0.999822041;0.999822487
25.030238;1.04444347;0.908173081;0.659488406;0.869528205;0.631425285;1.2422909;1.13114548;0.828383646;0.702795149;1.04444357;0.817356429;0.593540305;10;0.833333;0;1.044444;0.999833052;0.999833512
25.031067;1.0444435;0.907265299;0.658963986;0.868659065;0.630923166;1.2421329;1.13106988;0.82760697;0.702167238;1.04444358;0.816539452;0.59306831;10;0.833333;0;1.044444;0.999843064;0.999843535
25.032726;1.04444357;0.905604182;0.658018483;0.867068654;0.630017863;1.2418499;1.13093474;0.826184042;0.70103091;1.0444436;0.815044492;0.592217319;10;0.833333;0;1.044444;0.999861088;0.999861573
25.033141;1.04444359;0.905217516;0.65780183;0.866698444;0.62981042;1.2417849;1.1309029;0.825853613;0.700770636;1.0444436;0.814696501;0.592022321;10;0.833333;0;1.044444;0.999865094;0.99986558
25.034385;1.04444364;0.904116405;0.657194092;0.865644194;0.629228517;1.2416019;1.1308149;0.824909784;0.700035187;1.04444362;0.813705523;0.591475325;10;0.833333;0;1.044444;0.999875112;0.999875598
25.035629;1.0444437;0.903094185;0.65664302;0.864665476;0.628700868;1.24143689;1.13073542;0.824032313;0.699366088;1.04444365;0.812785541;0.590979329;10;0.833333;0;1.044444;0.999884128;0.999884608
25.036044;1.04444371;0.902769742;0.656470811;0.864354839;0.628535979;1.24138489;1.1307101;0.823754005;0.699155736;1.04444365;0.812493546;0.59082433;10;0.833333;0;1.044444;0.999886133;0.99988661
25.037620;1.04444378;0.901597529;0.65586419;0.863232501;0.627955139;1.24120288;1.1306205;0.82274615;0.698411202;1.04444368;0.811438558;0.590278331;10;0.833333;0;1.044444;0.99989515;0.999895607
25.038367;1.04444382;0.90107309;0.655600877;0.862730374;0.627703017;1.24112387;1.13058161;0.822295847;0.698085365;1.04444369;0.810966561;0.590041332;10;0.833333;0;1.044444;0.999899157;0.999899601
25.039113;1.04444385;0.900567542;0.655349786;0.862246332;0.627462595;1.24104887;1.13054388;0.821859418;0.697775502;1.04444371;0.810511563;0.589815332;10;0.833333;0;1.044444;0.999902163;0.999902592
25.040606;1.04444392;0.899603114;0.654886489;0.861322925;0.627018985;1.24090986;1.13047378;0.821028759;0.697197616;1.04444373;0.80964356;0.589398332;10;0.833333;0;1.044444;0.99990817;0.999908567
25.041353;1.04444395;0.899142012;0.65467095;0.860881434;0.626812605;1.24084486;1.13044142;0.820630607;0.696926649;1.04444375;0.809228557;0.589204332;10;0.833333;0;1.044444;0.999911171;0.999911552
25.042099;1.04444398;0.898694244;0.654466523;0.860452708;0.626616863;1.24078386;1.13041013;0.820243445;0.696667782;1.04444376;0.808825552;0.589020333;10;0.833333;0;1.044444;0.999913172;0.999913535
25.044339;1.04444407;0.897414277;0.653903234;0.859227168;0.626077506;1.24061485;1.13032265;0.819138157;0.695949098;1.0444438;0.807673532;0.588513334;10;0.833333;0;1.044444;0.999919169;0.999919477
25.045085;1.0444441;0.897007622;0.653731026;0.858837805;0.625912614;1.24056285;1.13029558;0.818786191;0.69572788;1.04444381;0.807307524;0.588358335;10;0.833333;0;1.044444;0.999920167;0.999920456
25.046578;1.04444416;0.89621653;0.653406609;0.858080354;0.625601976;1.24046585;1.13024475;0.818099478;0.695305009;1.04444383;0.806595506;0.588066338;10;0.833333;0;1.044444;0.999923162;0.999923411
25.047325;1.04444418;0.895830983;0.653253288;0.857711204;0.625455167;1.24041986;1.13021984;0.817766549;0.695104065;1.04444384;0.806248498;0.58792834;10;0.833333;0;1.044444;0.999924159;0.999924388
25.048071;1.04444421;0.895452102;0.653105523;0.857348438;0.625313677;1.24037586;1.13019608;0.817437689;0.694909285;1.04444385;0.80590749;0.587795342;10;0.833333;0;1.044444;0.999926156;0.999926365
25.049564;1.04444426;0.894711001;0.652823324;0.856638865;0.625043461;1.24029086;1.13014947;0.816794988;0.694534861;1.04444386;0.805240476;0.58754135;10;0.833333;0;1.044444;0.99992715;0.999927317
25.051803;1.04444432;0.893634338;0.652431137;0.855608019;0.624667925;1.24017287;1.13008548;0.815858029;0.694007877;1.04444388;0.804271462;0.587188365;10;0.833333;0;1.044444;0.999930141;0.999930246
25.053296;1.04444436;0.892934334;0.652186715;0.854937809;0.62443388;1.24009988;1.13004417;0.815249716;0.693674366;1.04444389;0.80364146;0.586968379;10;0.833333;0;1.044444;0.999931136;0.999931202
25.057775;1.04444447;0.890902074;0.651514546;0.852992054;0.623790272;1.23989789;1.1299289;0.813477245;0.692743083;1.0444439;0.80181249;0.586363438;10;0.833333;0;1.044444;0.99993413;0.999934092
25.058775;1.04444449;0.890457618;0.651374554;0.852566516;0.623656236;1.23985589;1.12990353;0.813091323;0.69254622;1.0444439;0.801412503;0.586237453;10;0.833333;0;1.044444;0.99993413;0.999934072
25.059775;1.04444451;0.890016494;0.651235674;0.852144168;0.623523266;1.23981488;1.12988016;0.812705912;0.692352057;1.0444439;0.801015516;0.586112469;10;0.833333;0;1.044444;0.99993413;0.999934054
25.060775;1.04444452;0.889578703;0.651101235;0.85172501;0.623394551;1.23977388;1.12985587;0.812323113;0.692160415;1.0444439;0.800621529;0.585991486;10;0.833333;0;1.044444;0.999935131;0.999935038
25.064775;1.04444456;0.887845315;0.650579028;0.850065384;0.6228946;1.23961784;1.1297628;0.810809475;0.691414868;1.04444391;0.799061566;0.58552155;10;0.833333;0;1.044444;0.999936137;0.999935993
25.066775;1.04444457;0.88698862;0.650326809;0.849245143;0.622653141;1.23954181;1.12971732;0.810061155;0.691052229;1.04444391;0.798290573;0.585294579;10;0.833333;0;1.044444;0.999936139;0.999935985
25.068775;1.04444456;0.886137484;0.650077923;0.848430225;0.622414877;1.23946678;1.12967292;0.809316919;0.690694804;1.04444392;0.797524575;0.585070604;10;0.833333;0;1.044444;0.999936136;0.999935986
25.073775;1.04444451;0.884030775;0.649470142;0.846413173;0.621833054;1.2392847;1.12956214;0.807475115;0.68981528;1.04444393;0.795628573;0.584523663;10;0.833333;0;1.044444;0.999937123;0.999937021
25.079775;1.04444439;0.881537419;0.648751236;0.844025962;0.621144832;1.23906865;1.12943243;0.805295221;0.688775957;1.04444393;0.793384549;0.583876716;10;0.833333;0;1.044444;0.999938137;0.999938106
25.082775;1.04444432;0.880306292;0.648393452;0.842847268;0.6208023;1.23896165;1.12936728;0.804219076;0.688260805;1.04444392;0.792276533;0.583554722;10;0.833333;0;1.044444;0.999939159;0.999939153
25.086775;1.04444424;0.878681829;0.647915661;0.841292004;0.620344866;1.23881868;1.12928212;0.802797897;0.687574757;1.04444388;0.790814513;0.583124709;10;0.833333;0;1.044444;0.999939192;0.9999392
25.095775;1.04444406;0.875110752;0.646832272;0.837872957;0.61930764;1.23849382;1.12908965;0.799676348;0.686038657;1.04444374;0.787600425;0.582149621;10;0.833333;0;1.044444;0.999942305;0.999942229
25.097775;1.04444401;0.874334109;0.646588926;0.837129344;0.619074674;1.23842085;1.12904697;0.798998996;0.685697511;1.04444372;0.786901381;0.58193059;10;0.833333;0;1.044444;0.999942346;0.999942238
25.098775;1.04444398;0.873948568;0.646466697;0.836760194;0.61895766;1.23838387;1.12902613;0.798662408;0.685527117;1.04444371;0.786554356;0.581820573;10;0.833333;0;1.044444;0.999943368;0.999943244
25.105775;1.04444386;0.871303122;0.645606635;0.834227197;0.618134339;1.23812595;1.12887787;0.796352975;0.68433665;1.04444372;0.784173166;0.581046471;10;0.833333;0;1.044444;0.999945508;0.999945301
25.109775;1.04444385;0.869835398;0.645108828;0.832821879;0.617657795;1.23797699;1.12879322;0.795073105;0.683657643;1.04444374;0.782852063;0.580598408;10;0.833333;0;1.044444;0.999946536;0.999946347
25.111775;1.04444386;0.869114308;0.644858815;0.83213146;0.617418454;1.23790202;1.12875205;0.794443609;0.683318395;1.04444375;0.782203014;0.580373366;10;0.833333;0;1.044444;0.999947521;0.999947373
25.112775;1.04444387;0.86875654;0.644733252;0.831788912;0.61729825;1.23786403;1.12873047;0.794132003;0.683149367;1.04444375;0.781880989;0.580260341;10;0.833333;0;1.044444;0.999947506;0.999947387
25.115775;1.04444391;0.867697673;0.644354341;0.8307751;0.616935509;1.23775006;1.12866787;0.793209382;0.682641932;1.04444375;0.78092792;0.579919256;10;0.833333;0;1.044444;0.999948424;0.999948433
25.125775;1.04444408;0.86431768;0.643074347;0.827538989;0.615710093;1.23736608;1.12846062;0.790267303;0.680954761;1.0444438;0.777885734;0.578766931;10;0.833333;0;1.044444;0.999951913;0.999952633
25.129775;1.04444412;0.863032146;0.642555531;0.82630814;0.615213331;1.23721109;1.1283774;0.789150774;0.680283249;1.04444381;0.77672867;0.578299817;10;0.833333;0;1.044444;0.999953676;0.999954719
25.135775;1.04444411;0.861178865;0.641767904;0.824533618;0.614459128;1.23697414;1.1282551;0.787540317;0.679277689;1.04444384;0.775060632;0.577590687;10;0.833333;0;1.044444;0.999956377;0.999957778
25.139775;1.04444407;0.859992222;0.641237995;0.823397388;0.613951708;1.23681521;1.12817355;0.786512762;0.678610763;1.04444385;0.773992661;0.577113625;10;0.833333;0;1.044444;0.999957235;0.999958746
25.144775;1.04444401;0.85856556;0.640570291;0.822031371;0.613312354;1.23661531;1.12807231;0.785277132;0.677779174;1.04444384;0.772708745;0.576512576;10;0.833333;0;1.044444;0.999959123;0.999960639
25.145775;1.04444399;0.858287776;0.640435854;0.821765404;0.613183631;1.23657533;1.12805236;0.785036881;0.677613839;1.04444383;0.772458766;0.57639157;10;0.833333;0;1.044444;0.999960107;0.999961613
25.152775;1.04444387;0.856413225;0.639486936;0.819970649;0.612275124;1.23629045;1.12791207;0.783417468;0.676455662;1.04444379;0.770771899;0.575537571;10;0.833333;0;1.044444;0.99996304;0.999964415
25.154775;1.04444383;0.855899852;0.639214686;0.81947913;0.612014491;1.23620847;1.12787248;0.782975088;0.676126654;1.04444378;0.770309926;0.575292583;10;0.833333;0;1.044444;0.999964037;0.999965357
25.164775;1.04444366;0.853479721;0.637834446;0.817161969;0.610693204;1.2357945;1.12767466;0.780893683;0.674488069;1.04444369;0.768132017;0.574050628;10;0.833333;0;1.044444;0.999968152;0.999969125
25.165775;1.04444365;0.853250822;0.637695528;0.816942811;0.61056022;1.23575349;1.12765601;0.780696731;0.674323796;1.04444368;0.767926023;0.573925625;10;0.833333;0;1.044444;0.999968174;0.999969109
25.166775;1.04444363;0.853024145;0.637556608;0.816725781;0.610427237;1.23571148;1.12763652;0.780502331;0.674161011;1.04444368;0.767722028;0.573800621;10;0.833333;0;1.044444;0.999969197;0.999970093
25.167775;1.04444361;0.852800802;0.637416577;0.816511944;0.610293188;1.23566947;1.12761696;0.780310929;0.673998264;1.04444367;0.767521034;0.573674616;10;0.833333;0;1.044444;0.999969222;0.999970079
25.174775;1.04444353;0.851297415;0.636433069;0.81507256;0.609351628;1.23537439;1.1274808;0.779025541;0.672862374;1.04444363;0.76616807;0.572789575;10;0.833333;0;1.044444;0.999972407;0.999973005
25.179775;1.0444435;0.850292956;0.635725219;0.814110888;0.608673907;1.23516228;1.1273851;0.778167213;0.672054087;1.04444359;0.765264082;0.572152566;10;0.833333;0;1.044444;0.999974546;0.999974953
25.182775;1.04444348;0.849717402;0.63529741;0.813559854;0.608264314;1.23503322;1.12732829;0.777677152;0.671571484;1.04444358;0.764746078;0.571767584;10;0.833333;0;1.044444;0.999975623;0.999975895
25.183775;1.04444347;0.849529625;0.635155178;0.813380076;0.608128143;1.2349912;1.12730912;0.777517891;0.671410422;1.04444358;0.764577074;0.571639595;10;0.833333;0;1.044444;0.999975646;0.99997587
25.184775;1.04444346;0.849344071;0.635011834;0.813202427;0.607990911;1.23494818;1.12728987;0.777359659;0.671250386;1.04444357;0.764410069;0.571510608;10;0.833333;0;1.044444;0.999975667;0.999975843
25.193775;1.04444343;0.847768529;0.633716168;0.811693974;0.606750637;1.23455908;1.12712074;0.776025163;0.66981047;1.04444364;0.762992029;0.57034476;10;0.833333;0;1.044444;0.999979778;0.999979564
25.194775;1.04444344;0.847602971;0.633571707;0.811535467;0.606612365;1.23451607;1.12710264;0.77588581;0.669650713;1.04444366;0.762843029;0.570214773;10;0.833333;0;1.044444;0.999979784;0.999979537
25.198775;1.04444348;0.846964075;0.632990538;0.810923764;0.606056088;1.23434104;1.12702759;0.775347941;0.669015183;1.04444371;0.762268039;0.569691802;10;0.833333;0;1.044444;0.999980802;0.999980452
25.201775;1.04444352;0.846505189;0.632552731;0.810484397;0.605637015;1.23421003;1.12697173;0.774962478;0.668539719;1.04444376;0.761855054;0.569297801;10;0.833333;0;1.044444;0.999981814;0.999981419
25.205775;1.0444436;0.845918543;0.631967167;0.809922688;0.605076467;1.234034;1.12689814;0.77447188;0.667907141;1.04444382;0.761327068;0.568770782;10;0.833333;0;1.044444;0.999983827;0.99998342
25.208775;1.04444367;0.84549857;0.63152719;0.809520549;0.604655241;1.23390197;1.1268436;0.774120966;0.667433755;1.04444385;0.760949067;0.568374764;10;0.833333;0;1.044444;0.999983834;0.999983465
25.215775;1.04444383;0.844579773;0.630493979;0.80864071;0.603665899;1.23359186;1.12671615;0.773357678;0.666333995;1.0444439;0.760122022;0.567444729;10;0.833333;0;1.044444;0.999986863;0.999986717
25.223775;1.04444402;0.843628784;0.629304146;0.807730056;0.602526426;1.23323467;1.12657163;0.772575304;0.665083143;1.04444394;0.759265945;0.566373689;10;0.833333;0;1.044444;0.999988916;0.999989047
25.224775;1.04444404;0.843517691;0.629155273;0.807623682;0.602383856;1.23319065;1.12655297;0.772483569;0.664927475;1.04444395;0.759165934;0.566239684;10;0.833333;0;1.044444;0.999988925;0.999989082
25.227775;1.04444412;0.843191086;0.628707527;0.807310954;0.601955089;1.23305558;1.12649913;0.77221772;0.664460156;1.04444398;0.758871897;0.56583667;10;0.833333;0;1.044444;0.999989957;0.999990177
25.229775;1.04444417;0.842981134;0.628407537;0.807109926;0.601667834;1.23296554;1.12646394;0.772045564;0.664149475;1.04444401;0.758682869;0.565566657;10;0.833333;0;1.044444;0.999989982;0.999990234
25.233775;1.04444428;0.842577898;0.627807532;0.806723841;0.601093339;1.23278548;1.1263928;0.771719502;0.663528505;1.04444407;0.758319801;0.565026628;10;0.833333;0;1.044444;0.999991038;0.999991336
25.239775;1.04444443;0.842015804;0.626903036;0.806185651;0.600227362;1.23251443;1.12628575;0.77126706;0.662600071;1.04444415;0.757813664;0.564212589;10;0.833333;0;1.044444;0.999993129;0.999993463
25.243775;1.04444451;0.84166587;0.626298537;0.805850586;0.599648621;1.23233342;1.12621593;0.770987337;0.661982121;1.04444414;0.757498578;0.563668561;10;0.833333;0;1.044444;0.999993171;0.999993546
25.251775;1.04444455;0.841024773;0.625085092;0.8052368;0.598486844;1.23196946;1.12607475;0.770483129;0.660752955;1.04444396;0.756921497;0.562576476;10;0.833333;0;1.044444;0.999995162;0.999995688
25.256775;1.04444446;0.840661351;0.624323926;0.804888945;0.597758078;1.2317405;1.12598805;0.770200043;0.659985879;1.04444381;0.756594488;0.5618914;10;0.833333;0;1.044444;0.999996105;0.99999675
25.257775;1.04444443;0.840591327;0.624171693;0.804821925;0.597612328;1.23169551;1.12597067;0.770146803;0.659832276;1.04444377;0.756531486;0.561754384;10;0.833333;0;1.044444;0.999996093;0.999996759
25.271775;1.0444439;0.839721023;0.622028271;0.803988907;0.595560387;1.2310526;1.12572792;0.7694887;0.657696525;1.04444334;0.755748504;0.559825236;10;0.833333;0;1.044444;0.999997833;0.999998818
25.272775;1.04444388;0.839665459;0.621873824;0.803935706;0.595412542;1.23100561;1.12571068;0.769447198;0.65754472;1.04444332;0.755698515;0.559686232;10;0.833333;0;1.044444;0.999998809;0.999999817
25.274775;1.04444384;0.839557672;0.621567156;0.803832494;0.595118986;1.23091362;1.12567628;0.769368095;0.657241057;1.04444328;0.755601541;0.559410228;10;0.833333;0;1.044444;0.99999876;0.999999807
25.276775;1.04444384;0.839453228;0.621259376;0.803732473;0.594824366;1.23082162;1.12564289;0.769291276;0.656935813;1.04444325;0.755507572;0.559133226;10;0.833333;0;1.044444;0.999998713;0.999999789
25.280775;1.04444389;0.839253259;0.62064382;0.803540944;0.59423511;1.2306366;1.12557428;0.769146795;0.656329336;1.04444322;0.755327651;0.558579238;10;0.833333;0;1.044444;0.999999639;1.00000073
25.292775;1.04444427;0.838722296;0.618790522;0.803032409;0.592460711;1.23008056;1.12536993;0.768776379;0.654513532;1.04444337;0.7548499;0.556911421;10;0.833333;0;1.044444;1.00000062;1.00000142
25.294775;1.04444432;0.838643421;0.618480524;0.802956884;0.59216388;1.22998758;1.12533575;0.768722755;0.65421152;1.04444341;0.754778912;0.556632472;10;0.833333;0;1.044444;1.00000065;1.00000135
25.305775;1.04444447;0.838250088;0.616774912;0.802580234;0.59053067;1.22947671;1.12514905;0.768467295;0.652553044;1.04444368;0.754424778;0.555097776;10;0.833333;0;1.044444;1.00000183;1.00000199
25.312775;1.04444439;0.838033296;0.615687145;0.802372605;0.589488977;1.22914978;1.1250318;0.768333088;0.651498805;1.04444393;0.754229619;0.554118972;10;0.833333;0;1.044444;1.00000294;1.00000283
25.317775;1.04444424;0.837892042;0.614908363;0.802237302;0.588743097;1.22891682;1.12494764;0.768250259;0.650747331;1.04444414;0.754102568;0.553418101;10;0.833333;0;1.044444;1.00000299;1.00000279
25.333775;1.0444437;0.837506354;0.612414576;0.801867686;0.586354487;1.22816798;1.12467864;0.768045363;0.648348943;1.04444456;0.753755712;0.551173186;10;0.833333;0;1.044444;1.00000402;1.00000401
25.334775;1.04444368;0.837485258;0.612257957;0.80184746;0.586204475;1.22812099;1.12466167;0.768035205;0.648198675;1.04444457;0.753736726;0.551032173;10;0.833333;0;1.044444;1.00000402;1.00000404
25.342775;1.04444357;0.837327662;0.611008283;0.80169635;0.585007582;1.22774602;1.1245281;0.767963402;0.647002039;1.0444446;0.753594814;0.549907073;10;0.833333;0;1.044444;1.00000502;1.00000519
25.344775;1.04444358;0.837291045;0.610696122;0.801661244;0.584708621;1.227653;1.12449518;0.767947364;0.646702814;1.04444459;0.753561829;0.549626055;10;0.833333;0;1.044444;1.00000502;1.00000521
25.358775;1.04444372;0.837058984;0.608505251;0.801438897;0.582610568;1.22699499;1.1242615;0.767863985;0.644610908;1.04444442;0.753352791;0.547653967;10;0.833333;0;1.044444;1.00000511;1.00000516
25.362775;1.04444379;0.837000077;0.607878563;0.801382525;0.582010569;1.22680704;1.12419596;0.767845486;0.644013085;1.04444434;0.753299745;0.54708997;10;0.833333;0;1.044444;1.00000512;1.00000509
25.368775;1.04444394;0.836917761;0.606937322;0.801303828;0.58110957;1.22652511;1.12409559;0.767824997;0.643117743;1.04444427;0.753225653;0.546243001;10;0.833333;0;1.044444;1.00000614;1.00000594
25.371775;1.04444402;0.836878797;0.606467235;0.801266606;0.580659637;1.22638414;1.1240459;0.767815369;0.642669683;1.04444425;0.753190609;0.545820028;10;0.833333;0;1.044444;1.00000615;1.00000584
25.392775;1.04444417;0.836635097;0.603170141;0.801033929;0.577503618;1.22539521;1.12369685;0.767783172;0.639537659;1.04444391;0.75297159;0.542853303;10;0.833333;0;1.044444;1.00000645;1.00000546
25.437775;1.04444408;0.836232365;0.596090552;0.800648456;0.570723994;1.22327097;1.12295123;0.767821003;0.632825461;1.0444442;0.752608744;0.536480735;10;0.833333;0;1.044444;1.00000609;1.00000537
25.462775;1.04444408;0.836041449;0.592147703;0.800465271;0.566949758;1.22208827;1.12253734;0.767870169;0.629094197;1.04444506;0.75243684;0.53293305;10;0.833333;0;1.044444;1.0000056;1.0000055
25.486775;1.04444382;0.835867906;0.588357998;0.800299265;0.563321404;1.2209516;1.12213876;0.767930229;0.62550634;1.04444499;0.752281038;0.529522717;10;0.833333;0;1.044444;1.00000699;1.00000654
25.529775;1.0444436;0.83557348;0.58154736;0.80001724;0.5568014;1.21890785;1.12142212;0.768054574;0.619065645;1.04444436;0.752015657;0.523393139;10;0.833333;0;1.044444;1.00000705;1.00000714
25.541775;1.04444366;0.83549588;0.579642872;0.799942677;0.554978249;1.21833646;1.12122295;0.768091657;0.617262693;1.04444425;0.751945447;0.521679181;10;0.833333;0;1.044444;1.00000705;1.00000699
25.592775;1.04444373;0.835190108;0.57152195;0.799650037;0.547202298;1.21590053;1.12037016;0.768280436;0.609587161;1.04444386;0.751671097;0.514369878;10;0.833333;0;1.044444;1.00000694;1.00000691
25.596775;1.04444377;0.835167889;0.570883105;0.799628847;0.546590651;1.21570855;1.12030283;0.768297754;0.608984147;1.04444378;0.751651073;0.513794893;10;0.833333;0;1.044444;1.00000686;1.00000687
25.600775;1.04444376;0.835145677;0.570244259;0.799607657;0.545979022;1.21551658;1.12023649;0.768314394;0.60837955;1.04444367;0.751631013;0.51321992;10;0.833333;0;1.044444;1.0000068;1.00000684
25.606775;1.04444362;0.835113485;0.569284318;0.799576984;0.545060005;1.21522865;1.12013548;0.768339938;0.607474327;1.0444435;0.751601902;0.512355996;10;0.833333;0;1.044444;1.00000677;1.00000679
25.620775;1.04444306;0.835041191;0.567044475;0.799508308;0.542915599;1.21455682;1.11990116;0.768402472;0.605358355;1.04444333;0.751536899;0.510340401;10;0.833333;0;1.044444;1.00000701;1.0000068
25.674775;1.04444336;0.834795156;0.55837249;0.79927322;0.53461171;1.21195572;1.11899356;0.768680943;0.5971718;1.0444439;0.751316819;0.502535654;10;0.833333;0;1.044444;1.00000728;1.00000676
25.687775;1.04444349;0.834744147;0.556275853;0.799224117;0.532604292;1.21132685;1.11877499;0.768755553;0.595195077;1.04444378;0.751270578;0.500648809;10;0.833333;0;1.044444;1.00000661;1.00000698
25.704775;1.04444392;0.834682265;0.553531029;0.799164358;0.529976769;1.21050292;1.11848707;0.768858556;0.592607491;1.04444383;0.751214089;0.498178585;10;0.833333;0;1.044444;1.00000655;1.00000704
25.730775;1.04444384;0.834596602;0.54932337;0.799082677;0.525947773;1.20924081;1.11804662;0.76902486;0.588640827;1.0444442;0.751136932;0.494391144;10;0.833333;0;1.044444;1.0000072;1.0000072
25.744775;1.04444352;0.834555262;0.54705223;0.79904344;0.52377322;1.20855993;1.11781021;0.76911808;0.586500884;1.04444429;0.751099864;0.492347325;10;0.833333;0;1.044444;1.00000748;1.00000694
25.749775;1.04444356;0.834540698;0.546241088;0.79902963;0.522996624;1.20831602;1.11772519;0.769152838;0.585736209;1.04444436;0.751086869;0.49161736;10;0.833333;0;1.044444;1.00000758;1.00000689
25.754775;1.04444369;0.834526135;0.545428847;0.799015817;0.522218954;1.20807313;1.11764021;0.769187622;0.584970407;1.04444443;0.751073886;0.490886353;10;0.833333;0;1.044444;1.00000771;1.00000684
25.758775;1.04444381;0.834516045;0.544778831;0.799006247;0.521596611;1.20787822;1.11757212;0.769215739;0.58435874;1.04444444;0.751064906;0.490301321;10;0.833333;0;1.044444;1.00000782;1.00000679
25.822775;1.04444421;0.834368701;0.534343528;0.798864215;0.511605112;1.20474703;1.1164825;0.769692066;0.574530321;1.04444405;0.75093218;0.480908531;10;0.833333;0;1.044444;1.00000817;1.00000729
25.824775;1.04444421;0.834365382;0.534015743;0.798861011;0.511291319;1.20464901;1.11644895;0.769707256;0.57422211;1.04444401;0.75092916;0.480613552;10;0.833333;0;1.044444;1.00000815;1.00000728
25.827775;1.04444419;0.834358743;0.533525736;0.798854632;0.510822241;1.20450197;1.11639752;0.769730816;0.573759843;1.04444397;0.750923122;0.48017259;10;0.833333;0;1.044444;1.00000812;1.00000728
25.836775;1.04444407;0.834342205;0.532052427;0.798838775;0.509411856;1.20405984;1.11624328;0.769802491;0.572372847;1.04444395;0.750908052;0.47884669;10;0.833333;0;1.044444;1.00000807;1.00000737
25.883775;1.04444389;0.834265283;0.524338819;0.798765306;0.502026625;1.20174592;1.11543858;0.770185441;0.565115999;1.04444367;0.750839438;0.471904829;10;0.833333;0;1.044444;1.00000848;1.00000806
25.887775;1.04444369;0.834259752;0.523682121;0.798759989;0.501397785;1.20154902;1.1153705;0.770218527;0.564496056;1.04444361;0.750834484;0.47131381;10;0.833333;0;1.044444;1.00000845;1.00000812
25.917775;1.04444344;0.83421994;0.518741907;0.79872158;0.496668151;1.20006773;1.11485488;0.770474147;0.559849729;1.04444386;0.750798569;0.466867911;10;0.833333;0;1.044444;1.00000828;1.00000798
25.920775;1.04444356;0.834216602;0.518247437;0.798718311;0.496194771;1.19991867;1.11480351;0.770499679;0.559384136;1.04444385;0.750795584;0.466422872;10;0.833333;0;1.044444;1.00000833;1.00000793
25.925775;1.04444377;0.834209891;0.517422943;0.798711803;0.495405433;1.19967157;1.11471755;0.77054317;0.558608848;1.04444385;0.750789582;0.465680804;10;0.833333;0;1.044444;1.00000837;1.00000785
25.964775;1.04444404;0.834166535;0.51098058;0.798670241;0.489237223;1.19773822;1.11404744;0.770883925;0.552549519;1.04444372;0.75074989;0.45988236;10;0.833333;0;1.044444;1.00000842;1.00000777
26.028775;1.04444389;0.834109938;0.500377386;0.798616162;0.47908532;1.19455656;1.11294155;0.771461969;0.542578981;1.04444434;0.750698741;0.450340264;10;0.833333;0;1.044444;1.00000778;1.00000752
26.077775;1.04444387;0.834073766;0.492235805;0.798581576;0.47128925;1.19211543;1.11209461;0.771916772;0.534923521;1.04444389;0.750665641;0.443012634;10;0.833333;0;1.044444;1.00000779;1.00000799
26.081775;1.04444392;0.83407159;0.491571425;0.798579387;0.470653171;1.1919154;1.11202544;0.771954742;0.53429832;1.04444383;0.750663665;0.442414665;10;0.833333;0;1.044444;1.00000788;1.00000803
26.093775;1.04444416;0.834063909;0.489574838;0.798571794;0.46874165;1.19131624;1.11181674;0.772067386;0.532421576;1.04444385;0.750656835;0.440617759;10;0.833333;0;1.044444;1.00000795;1.00000808
26.220775;1.04444395;0.833996497;0.46840127;0.79850854;0.448469195;1.18496445;1.10961241;0.773284477;0.512522934;1.04444392;0.750596788;0.421561149;10;0.833333;0;1.044444;1.000008;1.00000789
26.352775;1.04444433;0.833946632;0.446373705;0.798459815;0.427379261;1.17835576;1.10731913;0.774586755;0.49182383;1.0444441;0.750552471;0.401735843;10;0.833333;0;1.044444;1.00000798;1.00000783
26.397775;1.04444394;0.833933525;0.438872416;0.79844693;0.420197492;1.17610649;1.10653818;0.775036513;0.484776306;1.04444427;0.750540191;0.394985189;10;0.833333;0;1.044444;1.00000831;1.00000751
26.415775;1.04444392;0.833927887;0.43587459;0.798441157;0.417326978;1.17520658;1.10622628;0.775216821;0.481960338;1.04444416;0.750535582;0.392287067;10;0.833333;0;1.044444;1.00000848;1.00000797
26.490775;1.04444369;0.833905749;0.423405556;0.798420024;0.405388558;1.17146552;1.10492843;0.77597203;0.470246572;1.04444426;0.750515109;0.381064715;10;0.833333;0;1.044444;1.00000777;1.00000824
26.497775;1.04444372;0.833904779;0.422243398;0.79841893;0.404275735;1.1711166;1.1048069;0.7760433;0.469155633;1.04444415;0.750514167;0.380018971;10;0.833333;0;1.044444;1.00000774;1.00000812
26.507775;1.04444371;0.833901586;0.420584427;0.798415812;0.402687233;1.17061881;1.10463513;0.776143779;0.467595991;1.04444404;0.750511343;0.37852617;10;0.833333;0;1.044444;1.0000079;1.00000794
26.573775;1.04444322;0.833884646;0.409659055;0.798401191;0.392226714;1.16734196;1.10349608;0.776812987;0.457334283;1.04444428;0.750496809;0.368692889;10;0.833333;0;1.044444;1.0000077;1.00000788
26.577775;1.0444433;0.833883466;0.408997904;0.798400128;0.391593673;1.16714306;1.10342789;0.77685398;0.456713024;1.04444426;0.750495863;0.368097953;10;0.833333;0;1.044444;1.00000773;1.00000793
26.604775;1.04444383;0.833876426;0.404540946;0.798393315;0.387326719;1.16580616;1.10296421;0.777128372;0.452527267;1.04444446;0.750489867;0.3640871;10;0.833333;0;1.044444;1.00000767;1.00000829
26.632775;1.04444436;0.833869888;0.399928919;0.798386836;0.382910464;1.16442276;1.10248495;0.777413011;0.448194907;1.04444438;0.750483617;0.35993606;10;0.833333;0;1.044444;1.00000757;1.00000832
26.711775;1.04444376;0.833850457;0.386970348;0.798368723;0.370503244;1.16053498;1.10113648;0.778218096;0.436025113;1.04444376;0.750466655;0.34827265;10;0.833333;0;1.044444;1.0000087;1.00000772
26.737775;1.04444348;0.833843999;0.382724922;0.798361833;0.366438505;1.15926121;1.10069541;0.778484275;0.432037945;1.04444393;0.75045977;0.344452098;10;0.833333;0;1.044444;1.00000838;1.00000828
26.741775;1.04444347;0.83384297;0.3820726;0.798360733;0.365814068;1.15906619;1.10062733;0.778525481;0.431425662;1.04444391;0.750458772;0.343865065;10;0.833333;0;1.044444;1.00000833;1.00000837
26.754775;1.0444436;0.833841079;0.37995441;0.798358562;0.363786493;1.15843008;1.10040718;0.778658035;0.429435974;1.0444438;0.750457025;0.341958927;10;0.833333;0;1.044444;1.00000822;1.0000086
26.831775;1.04444314;0.83382346;0.367465287;0.798341766;0.35182921;1.15468378;1.09910721;0.779442989;0.41770902;1.04444465;0.750440922;0.330718789;10;0.833333;0;1.044444;1.00000733;1.000008
26.866775;1.04444419;0.833815405;0.361822969;0.798334504;0.346427091;1.15299085;1.09852007;0.779799395;0.412411443;1.04444397;0.750434258;0.325640763;10;0.833333;0;1.044444;1.00000846;1.00000767
26.900775;1.0444443;0.833807907;0.356364877;0.798326644;0.341200919;1.15135423;1.09795199;0.780146941;0.40728589;1.04444448;0.750427209;0.320729269;10;0.833333;0;1.044444;1.00000878;1.00000753
26.909775;1.04444406;0.833805575;0.354923851;0.798324479;0.339821259;1.15092138;1.09780284;0.780237456;0.40593253;1.04444468;0.750424937;0.319432307;10;0.833333;0;1.044444;1.00000884;1.00000758
26.942775;1.04444389;0.833799181;0.349653758;0.798318429;0.334774644;1.14934005;1.09725428;0.780573418;0.400985;1.0444447;0.750418295;0.31468799;10;0.833333;0;1.044444;1.00000847;1.00000795
26.981775;1.0444434;0.833790036;0.343454625;0.798309869;0.328839452;1.14748019;1.09660865;0.780970483;0.395165374;1.04444415;0.75041073;0.309108976;10;0.833333;0;1.044444;1.0000084;1.00000819
26.984775;1.04444344;0.833790026;0.342979003;0.798309883;0.328384168;1.14733824;1.09655932;0.781000599;0.394718097;1.04444419;0.750410737;0.308681049;10;0.833333;0;1.044444;1.00000839;1.00000814
27.013775;1.04444406;0.833783524;0.33839315;0.798303694;0.323993945;1.1459621;1.09608265;0.781294875;0.390411648;1.04444452;0.750404747;0.304554421;10;0.833333;0;1.044444;1.00000802;1.00000805
27.042775;1.04444386;0.833777207;0.333825721;0.798297601;0.319620216;1.14459187;1.09560736;0.781588183;0.386124454;1.04444411;0.750398872;0.300442733;10;0.833333;0;1.044444;1.00000806;1.0000081
27.095775;1.04444404;0.833765306;0.325530043;0.798286353;0.311677545;1.14210228;1.09474373;0.782123999;0.37833739;1.04444432;0.750388787;0.292976231;10;0.833333;0;1.044444;1.00000774;1.00000842
27.109775;1.04444433;0.833762016;0.323349981;0.798282801;0.309590561;1.1414483;1.09451786;0.782264711;0.376289569;1.04444425;0.750386148;0.291014328;10;0.833333;0;1.044444;1.00000789;1.00000832
27.117775;1.04444449;0.833760999;0.322106669;0.798281507;0.30840025;1.14107538;1.09438767;0.782345814;0.375122955;1.04444425;0.750385247;0.289895297;10;0.833333;0;1.044444;1.00000796;1.00000825
27.146775;1.0444447;0.833754053;0.317612389;0.798275456;0.304096572;1.13972794;1.09392126;0.782636813;0.370902989;1.04444401;0.750379708;0.285850749;10;0.833333;0;1.044444;1.00000791;1.00000814
27.204775;1.04444406;0.833742175;0.308688935;0.798264329;0.295553038;1.13705015;1.09299267;0.783218759;0.36252718;1.04444402;0.750367913;0.277819939;10;0.833333;0;1.044444;1.00000869;1.00000831
27.205775;1.04444405;0.833742157;0.308536701;0.798264351;0.295407292;1.13700413;1.09297691;0.783228071;0.362382991;1.04444403;0.750367888;0.277682935;10;0.833333;0;1.044444;1.00000869;1.00000834
27.210775;1.04444402;0.833740957;0.307771086;0.798263369;0.294674312;1.13677407;1.09289716;0.783278338;0.361665349;1.04444412;0.750366771;0.276993911;10;0.833333;0;1.044444;1.00000868;1.00000852
27.226775;1.04444385;0.833737331;0.305327647;0.798260125;0.292335096;1.13604128;1.09264285;0.783438636;0.359372283;1.04444449;0.750363586;0.274794782;10;0.833333;0;1.044444;1.00000827;1.00000902
27.294775;1.04444381;0.833723492;0.295023544;0.798246256;0.282469183;1.13295127;1.09157167;0.784115146;0.349699997;1.04444376;0.750350313;0.265521267;10;0.833333;0;1.044444;1.00000648;1.00000705
27.295775;1.04444382;0.833723501;0.294872435;0.798246264;0.282324514;1.13290628;1.09155585;0.784125477;0.349559492;1.04444378;0.750350333;0.265385284;10;0.833333;0;1.044444;1.0000065;1.00000707
27.307775;1.04444384;0.833720283;0.293068035;0.798243296;0.280596982;1.13236432;1.09136805;0.78424383;0.347865406;1.04444396;0.750347598;0.263761418;10;0.833333;0;1.044444;1.00000689;1.00000722
27.311775;1.04444384;0.833720309;0.29246808;0.798243373;0.280022555;1.13218434;1.09130486;0.784284054;0.347302196;1.044444;0.750347701;0.263221431;10;0.833333;0;1.044444;1.00000705;1.00000723
27.315775;1.04444388;0.833719203;0.291868133;0.798242346;0.279448135;1.13200434;1.09124258;0.784323631;0.346738644;1.044444;0.750346802;0.262681445;10;0.833333;0;1.044444;1.00000722;1.00000722
27.379775;1.0444442;0.83370614;0.282328778;0.79822914;0.270315254;1.12914293;1.09025149;0.784952814;0.337785799;1.04444425;0.750335096;0.254096105;10;0.833333;0;1.044444;1.00000742;1.00000707
27.382775;1.04444417;0.833705025;0.281885481;0.798228056;0.269890836;1.12900998;1.0902052;0.784982014;0.337369015;1.0444443;0.750334089;0.253697059;10;0.833333;0;1.044444;1.00000738;1.00000705
27.385775;1.04444413;0.833705014;0.281441082;0.798228031;0.269465359;1.12887602;1.09015884;0.785012315;0.33695323;1.04444435;0.750334087;0.253297012;10;0.833333;0;1.044444;1.00000735;1.00000703
27.395775;1.04444387;0.833702639;0.279963463;0.798225847;0.268050548;1.12843308;1.09000505;0.785109891;0.335566456;1.04444445;0.750332014;0.251966952;10;0.833333;0;1.044444;1.00000743;1.00000692
27.466775;1.04444359;0.833687819;0.269561752;0.798212412;0.258091366;1.12531335;1.08892292;0.785803812;0.325805837;1.04444421;0.750318787;0.242606639;10;0.833333;0;1.044444;1.00000676;1.00000677
27.470775;1.04444368;0.833686631;0.268980597;0.798211322;0.257535072;1.12513835;1.08886275;0.785842101;0.32526058;1.04444423;0.750317768;0.242083676;10;0.833333;0;1.044444;1.00000678;1.00000664
27.477775;1.04444387;0.833685494;0.267964944;0.79821021;0.256562879;1.12483435;1.08875727;0.78591002;0.324306251;1.04444427;0.750316732;0.241169678;10;0.833333;0;1.044444;1.0000069;1.00000644
27.499775;1.0444441;0.83368126;0.264781741;0.79820596;0.253515077;1.12387916;1.08842549;0.786122732;0.321319712;1.04444441;0.750312821;0.238304365;10;0.833333;0;1.044444;1.0000075;1.00000657
27.544775;1.04444375;0.833672436;0.258320183;0.79819736;0.247328231;1.12194018;1.08775372;0.786555986;0.315255383;1.04444378;0.750305336;0.232487548;10;0.833333;0;1.044444;1.00000735;1.00000781
27.550775;1.04444364;0.833671347;0.257463478;0.798196341;0.246507924;1.12168328;1.08766489;0.786613065;0.314451639;1.04444372;0.750304373;0.231716478;10;0.833333;0;1.044444;1.0000074;1.00000772
27.551775;1.04444361;0.833671352;0.257321248;0.798196348;0.246371745;1.12164029;1.08765007;0.786622745;0.314318007;1.04444371;0.750304378;0.231588467;10;0.833333;0;1.044444;1.00000741;1.00000769
27.561775;1.04444334;0.833669152;0.255896787;0.79819425;0.245008017;1.12121332;1.08750185;0.786718505;0.312980446;1.04444366;0.750302387;0.230306424;10;0.833333;0;1.044444;1.00000747;1.00000739
27.614775;1.04444337;0.833657354;0.248402557;0.798183391;0.237832458;1.11896539;1.08672182;0.787224838;0.305948819;1.0444443;0.750291675;0.22356185;10;0.833333;0;1.044444;1.00000689;1.00000702
27.624775;1.04444327;0.833655144;0.246998102;0.798181141;0.236487773;1.1185434;1.08657579;0.787319341;0.304631717;1.04444412;0.750289793;0.222297873;10;0.833333;0;1.044444;1.00000684;1.00000734
27.645775;1.04444347;0.833651747;0.244062393;0.798177695;0.233676968;1.1176631;1.086271;0.787517703;0.301875282;1.04444386;0.750287208;0.219655957;10;0.833333;0;1.044444;1.00000682;1.0000074
27.687775;1.04444387;0.833642872;0.238235197;0.798169165;0.228097837;1.11591482;1.08566519;0.787913727;0.296409481;1.04444371;0.750279364;0.214412069;10;0.833333;0;1.044444;1.00000684;1.00000753
27.702775;1.04444389;0.833641087;0.236168598;0.798167312;0.226119534;1.11529481;1.08545105;0.7880539;0.294470474;1.04444361;0.750277569;0.212552084;10;0.833333;0;1.044444;1.00000696;1.00000713
27.708775;1.04444381;0.833640159;0.235344132;0.798166251;0.225330198;1.11504673;1.08536516;0.78811016;0.293697173;1.04444368;0.750276556;0.211810108;10;0.833333;0;1.044444;1.00000701;1.00000696
27.715775;1.04444371;0.833639141;0.234384038;0.798165109;0.224411076;1.11475868;1.0852655;0.788175426;0.2927965;1.04444387;0.750275453;0.210946052;10;0.833333;0;1.044444;1.00000711;1.00000685
27.731775;1.04444369;0.833635666;0.232196041;0.798161668;0.222316496;1.11410282;1.0850376;0.78832464;0.290743489;1.04444453;0.750272234;0.208976822;10;0.833333;0;1.044444;1.00000732;1.00000672
27.781775;1.04444429;0.833625408;0.225419058;0.798152555;0.215827016;1.1120702;1.08433165;0.788787512;0.284385033;1.04444358;0.75026299;0.202877087;10;0.833333;0;1.044444;1.00000752;1.00000685
27.793775;1.04444438;0.833623224;0.223805762;0.798150566;0.214282673;1.11158626;1.08416377;0.788898105;0.282871305;1.04444381;0.750260699;0.201425125;10;0.833333;0;1.044444;1.00000722;1.00000675
27.813775;1.04444432;0.833620027;0.221128777;0.79814718;0.211720441;1.11078349;1.08388573;0.789081121;0.280359862;1.04444435;0.750257724;0.199016173;10;0.833333;0;1.044444;1.00000686;1.00000669
27.857775;1.04444447;0.833612056;0.215290047;0.798139987;0.206129117;1.10903126;1.08327812;0.78948308;0.274882054;1.04444426;0.750250979;0.193761601;10;0.833333;0;1.044444;1.00000661;1.00000665
27.866775;1.04444426;0.833609656;0.214104609;0.798137908;0.204993954;1.10867503;1.08315483;0.789564683;0.273770668;1.04444399;0.75024876;0.19269465;10;0.833333;0;1.044444;1.0000065;1.00000655
27.874775;1.04444407;0.833608367;0.213053574;0.7981369;0.20398745;1.10835989;1.08304544;0.7896373;0.272784903;1.04444384;0.750247604;0.19174858;10;0.833333;0;1.044444;1.00000658;1.00000649
27.882775;1.04444388;0.833606076;0.212004784;0.798134699;0.202983085;1.10804486;1.08293715;0.789709232;0.271800835;1.04444378;0.750245564;0.190804464;10;0.833333;0;1.044444;1.00000669;1.00000655
27.894775;1.04444379;0.833605142;0.210437116;0.798133353;0.201481859;1.10757493;1.08277381;0.789818295;0.270329679;1.04444371;0.750244733;0.189393507;10;0.833333;0;1.044444;1.00000577;1.00000579
27.899775;1.0444438;0.83360416;0.20978486;0.798132184;0.200857328;1.10737901;1.08270701;0.789861989;0.269717333;1.04444367;0.75024383;0.188806575;10;0.833333;0;1.044444;1.00000582;1.00000592
27.933775;1.04444372;0.83359807;0.205373985;0.798125722;0.196635623;1.10605603;1.0822489;0.790166552;0.2655808;1.04444389;0.75023804;0.184837559;10;0.833333;0;1.044444;1.00000561;1.00000581
27.941775;1.04444366;0.833596821;0.204342735;0.798124774;0.195648432;1.10574702;1.0821417;0.790238829;0.264614291;1.04444395;0.750236994;0.183909493;10;0.833333;0;1.044444;1.0000055;1.00000553
27.982775;1.04444416;0.833588558;0.199097542;0.798117599;0.190625434;1.10417299;1.08159615;0.790602489;0.25969226;1.04444421;0.750230147;0.179188575;10;0.833333;0;1.044444;1.00000541;1.000006
27.994775;1.04444417;0.833586562;0.1975742;0.798115279;0.189166894;1.10371601;1.08143712;0.790708411;0.258264245;1.04444422;0.750228139;0.177817679;10;0.833333;0;1.044444;1.00000558;1.00000615
28.006775;1.04444388;0.833585844;0.196055114;0.798114069;0.187712617;1.10326099;1.08127949;0.790814659;0.256839755;1.04444422;0.750227137;0.17645048;10;0.833333;0;1.044444;1.00000598;1.00000625
28.017775;1.04444359;0.833583784;0.194668309;0.798111799;0.186384936;1.10284489;1.08113561;0.790910895;0.255539024;1.04444433;0.750225091;0.175202159;10;0.833333;0;1.044444;1.00000622;1.00000623
28.047775;1.04444395;0.833577913;0.19091139;0.798106966;0.182787495;1.10171659;1.0807448;0.791172628;0.252014737;1.04444458;0.750220366;0.171819736;10;0.833333;0;1.044444;1.00000674;1.00000589
28.050775;1.04444402;0.833577862;0.190538103;0.798107022;0.182430085;1.10160462;1.08070544;0.791199376;0.251664118;1.04444453;0.75022041;0.171483721;10;0.833333;0;1.044444;1.00000676;1.00000586
28.069775;1.04444438;0.83357443;0.188178268;0.798103982;0.180170813;1.10089661;1.08046093;0.791363231;0.249450895;1.04444411;0.750217546;0.169359614;10;0.833333;0;1.044444;1.0000064;1.00000606
28.084775;1.04444429;0.833572141;0.186324907;0.798101792;0.17839636;1.10034055;1.08026764;0.791493618;0.247713317;1.04444411;0.750215561;0.167691564;10;0.833333;0;1.044444;1.00000623;1.00000618
28.097775;1.04444396;0.833569983;0.184725872;0.798099365;0.176865363;1.0998617;1.0801019;0.791604722;0.246214347;1.04444415;0.750213501;0.166252712;10;0.833333;0;1.044444;1.00000624;1.00000613
28.148775;1.0444436;0.833560813;0.178518494;0.798090475;0.170920701;1.09799871;1.07945676;0.792041196;0.240389148;1.04444336;0.750206089;0.160666501;10;0.833333;0;1.044444;1.00000639;1.00000589
28.160775;1.04444382;0.833558534;0.177071724;0.798088566;0.169535605;1.09756509;1.07930727;0.792141817;0.239033713;1.0444437;0.75020401;0.159364385;10;0.833333;0;1.044444;1.00000627;1.0000061
28.179775;1.04444385;0.833555051;0.174793672;0.79808545;0.167355087;1.09688224;1.0790707;0.792302212;0.236896999;1.04444417;0.750200714;0.157313919;10;0.833333;0;1.044444;1.00000615;1.00000666
28.195775;1.04444407;0.833552671;0.17288693;0.798083223;0.165529607;1.09631054;1.07887093;0.792438156;0.235108901;1.04444423;0.750198211;0.155597536;10;0.833333;0;1.044444;1.00000596;1.00000658
28.199775;1.04444414;0.833552708;0.17241142;0.798083176;0.165074318;1.09616761;1.0788215;0.792471239;0.234663546;1.04444422;0.75019806;0.155169452;10;0.833333;0;1.044444;1.00000587;1.0000065
28.232775;1.04444408;0.833547686;0.168515928;0.7980776;0.161344941;1.09499938;1.07841661;0.792745812;0.231010296;1.04444406;0.750192787;0.151663753;10;0.833333;0;1.044444;1.00000592;1.00000593
28.233775;1.04444407;0.833547701;0.168398151;0.798077601;0.161232193;1.09496336;1.07840381;0.792754189;0.230900722;1.04444407;0.750192813;0.151557771;10;0.833333;0;1.044444;1.00000594;1.00000592
28.235775;1.04444406;0.833546619;0.168163705;0.798076547;0.161007759;1.09489333;1.07837913;0.792771297;0.230680333;1.04444407;0.750191863;0.151346807;10;0.833333;0;1.044444;1.00000598;1.0000059
28.258775;1.04444406;0.833543379;0.165476869;0.798073891;0.158435347;1.09408697;1.07810047;0.792960464;0.228161077;1.044444;0.750189242;0.14892902;10;0.833333;0;1.044444;1.00000631;1.00000576
28.309775;1.0444435;0.833535596;0.159595217;0.798066623;0.15280337;1.09232218;1.0774896;0.793377067;0.222644674;1.04444386;0.750181951;0.143634991;10;0.833333;0;1.044444;1.00000556;1.0000058
28.312775;1.04444349;0.833535521;0.159252978;0.798066663;0.152475791;1.09222015;1.07745409;0.793402134;0.222323053;1.04444384;0.750181933;0.143326974;10;0.833333;0;1.044444;1.00000557;1.00000583
28.338775;1.04444366;0.833530957;0.156297077;0.798062305;0.149646058;1.09133339;1.07714605;0.793612323;0.219551563;1.04444401;0.750177744;0.140666826;10;0.833333;0;1.044444;1.00000606;1.00000614
28.353775;1.04444354;0.83352879;0.154604656;0.798059647;0.148025274;1.09082514;1.07697047;0.79373264;0.217964063;1.04444406;0.750175956;0.139143917;10;0.833333;0;1.044444;1.00000593;1.00000623
28.383775;1.04444397;0.833524289;0.151246939;0.798055201;0.14481057;1.08981759;1.07662185;0.793972297;0.214816043;1.04444415;0.750172051;0.136122517;10;0.833333;0;1.044444;1.00000559;1.00000615
28.399775;1.04444416;0.833522318;0.149471236;0.79805352;0.143110618;1.08928444;1.07643759;0.794098746;0.213151157;1.04444432;0.750170322;0.134524378;10;0.833333;0;1.044444;1.00000587;1.00000603
28.408775;1.04444416;0.833521131;0.14847675;0.798052548;0.142158661;1.08898659;1.07633406;0.794169979;0.212219996;1.04444414;0.75016947;0.133629138;10;0.833333;0;1.044444;1.00000605;1.00000608
28.412775;1.04444412;0.833519949;0.148036736;0.798051526;0.141737469;1.0888547;1.07628773;0.794202092;0.211805893;1.04444404;0.75016849;0.133233055;10;0.833333;0;1.044444;1.00000611;1.0000061
28.464775;1.0444445;0.833513612;0.142364778;0.79804456;0.136306511;1.08715275;1.0756984;0.794608925;0.206488592;1.04444387;0.750162095;0.128127996;10;0.833333;0;1.044444;1.00000558;1.00000485
28.483775;1.04444449;0.83351005;0.140319848;0.798041318;0.134348758;1.0865393;1.07548647;0.794755001;0.204570851;1.04444384;0.75015881;0.126287519;10;0.833333;0;1.044444;1.00000494;1.00000473
28.487775;1.04444441;0.833509939;0.139890827;0.798041348;0.133938131;1.08641027;1.07544207;0.794785692;0.204169145;1.04444381;0.750158739;0.125901465;10;0.833333;0;1.044444;1.00000483;1.00000471
28.495775;1.04444419;0.833508612;0.139036202;0.79804033;0.133120151;1.08615424;1.07535228;0.79484787;0.203367907;1.0444438;0.750157676;0.125132502;10;0.833333;0;1.044444;1.0000047;1.00000476
28.506775;1.04444383;0.833506167;0.137863963;0.798038272;0.131997956;1.08580239;1.07523105;0.794931402;0.202269782;1.04444387;0.750155591;0.124077656;10;0.833333;0;1.044444;1.00000454;1.00000502
28.543775;1.04444393;0.833501587;0.133960177;0.798033924;0.128259265;1.08463173;1.07482461;0.795213335;0.198608742;1.04444409;0.750151874;0.120563674;10;0.833333;0;1.044444;1.00000423;1.00000534
28.562775;1.04444409;0.833499492;0.131978025;0.798032032;0.126361753;1.08403648;1.07461778;0.795356506;0.19674801;1.04444419;0.750150151;0.11877991;10;0.833333;0;1.044444;1.00000432;1.00000516
28.569775;1.04444405;0.8334985;0.131250358;0.798030974;0.125665102;1.08381853;1.07454251;0.795407711;0.196066848;1.04444414;0.750149162;0.118124886;10;0.833333;0;1.044444;1.00000439;1.00000512
28.587775;1.04444385;0.833496346;0.129391671;0.798028596;0.123885704;1.08326084;1.0743481;0.795543224;0.194323579;1.04444419;0.750147218;0.116451683;10;0.833333;0;1.044444;1.00000487;1.00000544
28.611775;1.04444379;0.833492777;0.126930864;0.798025097;0.12152999;1.08252333;1.07409351;0.795721447;0.192017283;1.04444425;0.750144549;0.114237915;10;0.833333;0;1.044444;1.00000524;1.00000512
28.613775;1.04444379;0.833491694;0.126727462;0.798024032;0.121335259;1.08246235;1.07407286;0.795735731;0.191826488;1.04444427;0.750143565;0.114054958;10;0.833333;0;1.044444;1.00000525;1.00000511
28.624775;1.0444438;0.833490712;0.125608359;0.798022998;0.120263716;1.08212733;1.07395652;0.795816637;0.190778575;1.04444429;0.750142552;0.113048055;10;0.833333;0;1.044444;1.00000524;1.00000507
28.647775;1.04444376;0.833488948;0.123287439;0.79802102;0.118041038;1.08143018;1.07371516;0.795985474;0.188600798;1.04444404;0.750140106;0.110958862;10;0.833333;0;1.044444;1.00000469;1.00000501
28.654775;1.04444387;0.833488011;0.122584198;0.798020076;0.11736765;1.08121914;1.07364244;0.796036546;0.187942931;1.04444397;0.75013884;0.11032583;10;0.833333;0;1.044444;1.00000465;1.00000497
28.677775;1.04444379;0.833484824;0.120291125;0.798017186;0.115172118;1.08053138;1.07340438;0.796203044;0.185792257;1.044444;0.750135286;0.108262089;10;0.833333;0;1.044444;1.00000493;1.00000497
28.695775;1.04444362;0.833482305;0.118511425;0.798015325;0.113468013;1.07999726;1.07321881;0.79633219;0.184124446;1.0444439;0.750133232;0.106659859;10;0.833333;0;1.044444;1.00000505;1.00000464
28.706775;1.0444438;0.833481059;0.11743054;0.79801437;0.112432807;1.07967294;1.07310731;0.796410463;0.183110204;1.04444389;0.750132484;0.105686686;10;0.833333;0;1.044444;1.00000489;1.00000456
28.729775;1.04444399;0.833477971;0.115186418;0.798010744;0.110284201;1.0789999;1.07287331;0.79657317;0.181006054;1.04444403;0.750130271;0.103666918;10;0.833333;0;1.044444;1.00000495;1.00000508
28.742775;1.0444441;0.833476763;0.113927491;0.798009699;0.109079262;1.07862225;1.0727422;0.796665508;0.179825795;1.04444415;0.750129356;0.102533787;10;0.833333;0;1.044444;1.00000519;1.0000053
28.761775;1.04444419;0.833473947;0.112100743;0.798007729;0.107330371;1.07807411;1.07255229;0.796799548;0.178113098;1.04444414;0.750127358;0.100889686;10;0.833333;0;1.044444;1.00000473;1.00000514
28.777775;1.04444419;0.833471581;0.110572782;0.798005184;0.105867359;1.07761578;1.07239332;0.796911159;0.176681594;1.04444409;0.750125298;0.0995149271;10;0.833333;0;1.044444;1.00000462;1.00000506
28.786775;1.04444408;0.833470536;0.109718289;0.798004078;0.105049065;1.07735868;1.07230452;0.796972898;0.175880777;1.04444397;0.750124244;0.0987460154;10;0.833333;0;1.044444;1.00000462;1.00000493
28.790775;1.04444404;0.833470542;0.109339378;0.798004103;0.104686198;1.07724568;1.07226504;0.797001194;0.175525637;1.0444439;0.750124212;0.0984049989;10;0.833333;0;1.044444;1.00000463;1.00000486
28.813775;1.04444425;0.833468606;0.107174947;0.798002068;0.102613473;1.07659589;1.07204061;0.797158929;0.173495861;1.04444391;0.750121777;0.0964568739;10;0.833333;0;1.044444;1.00000481;1.00000505
28.829775;1.04444412;0.833466446;0.105681481;0.798000221;0.101183495;1.07614765;1.07188609;0.797267888;0.172096721;1.0444442;0.750119499;0.0951129134;10;0.833333;0;1.044444;1.00000452;1.00000509
28.844775;1.04444366;0.833464254;0.104291192;0.797998159;0.0998527347;1.07573063;1.07174161;0.797370512;0.170794011;1.04444418;0.750117431;0.0938616774;10;0.833333;0;1.044444;1.00000433;1.00000497
28.870775;1.04444308;0.833462373;0.101903156;0.797996021;0.0975670832;1.07501454;1.0714932;0.797546489;0.16855497;1.044444;0.750115707;0.0917125527;10;0.833333;0;1.044444;1.00000496;1.00000453
28.896775;1.04444342;0.833459203;0.0995429601;0.797992792;0.0953078908;1.07430637;1.07124816;0.797719168;0.166342319;1.0444437;0.750113232;0.0895885235;10;0.833333;0;1.044444;1.00000524;1.0000042
28.913775;1.04444368;0.833457836;0.0980153801;0.797991524;0.0938450312;1.07384824;1.07108929;0.797831012;0.164910555;1.04444377;0.75011225;0.0882134454;10;0.833333;0;1.044444;1.00000553;1.00000459
28.943775;1.04444368;0.833454506;0.0953473202;0.797988456;0.0912903848;1.07304768;1.07081137;0.798028499;0.162410615;1.04444388;0.750109123;0.0858122963;10;0.833333;0;1.044444;1.00000454;1.00000413
28.954775;1.04444363;0.833453212;0.0943784081;0.79798748;0.0903628073;1.07275774;1.07071085;0.798099219;0.161502377;1.0444439;0.750108003;0.0849404696;10;0.833333;0;1.044444;1.00000451;1.00000405
28.958775;1.04444363;0.833452001;0.0940272802;0.797986441;0.0900266449;1.07265172;1.07067438;0.798125318;0.161173736;1.04444389;0.750106933;0.0846245339;10;0.833333;0;1.044444;1.00000456;1.000004
28.979775;1.04444388;0.833450365;0.0921950214;0.797985684;0.0882725442;1.07210319;1.07048404;0.798260565;0.159455362;1.04444376;0.750105787;0.0829758326;10;0.833333;0;1.044444;1.00000495;1.00000385
29.000775;1.0444438;0.833448174;0.090380814;0.797983788;0.0865353499;1.07155846;1.0702959;0.798393685;0.157754834;1.04444386;0.750104078;0.0813429004;10;0.833333;0;1.044444;1.00000447;1.00000396
29.011775;1.04444366;0.833447358;0.0894376584;0.797982632;0.0856320436;1.07127529;1.07019781;0.798464325;0.156871345;1.04444388;0.750103197;0.0804937132;10;0.833333;0;1.044444;1.00000413;1.00000389
29.036775;1.04444362;0.833444236;0.0873122248;0.797978759;0.0835967569;1.07063829;1.06997751;0.798622519;0.154878426;1.04444411;0.750100448;0.0785805808;10;0.833333;0;1.044444;1.0000038;1.00000401
29.045775;1.04444376;0.833444295;0.0865532011;0.797978736;0.0828701414;1.0704103;1.06989859;0.798678349;0.154166997;1.04444413;0.750100512;0.0778976135;10;0.833333;0;1.044444;1.00000385;1.00000401
29.047775;1.04444379;0.833444305;0.08638539;0.79797875;0.0827095179;1.0703603;1.06988078;0.798691649;0.154009638;1.04444415;0.750100522;0.0777466441;10;0.833333;0;1.044444;1.00000386;1.00000399
29.060775;1.04444399;0.833442012;0.0852963173;0.797976799;0.0816669913;1.07003308;1.06976803;0.798771423;0.152988398;1.04444433;0.750098552;0.0767670286;10;0.833333;0;1.044444;1.00000382;1.00000378
29.086775;1.04444422;0.833439785;0.083137635;0.797974909;0.079600079;1.06938443;1.06954307;0.798931937;0.150966754;1.04444413;0.750096325;0.0748242738;10;0.833333;0;1.044444;1.000004;1.00000358
29.113775;1.04444398;0.833437927;0.080925616;0.797972541;0.0774828146;1.06872173;1.06931309;0.799096058;0.148892953;1.04444435;0.750093937;0.0728331645;10;0.833333;0;1.044444;1.00000412;1.00000391
29.117775;1.04444397;0.833438003;0.0806012101;0.797972525;0.0771722439;1.06862375;1.06927855;0.799120708;0.148588158;1.04444438;0.750093897;0.0725411293;10;0.833333;0;1.044444;1.00000413;1.00000394
29.145775;1.04444395;0.833434943;0.0783423607;0.797969215;0.0750093296;1.06794704;1.06904397;0.799288281;0.146471559;1.04444459;0.750090772;0.0705084264;10;0.833333;0;1.044444;1.00000387;1.00000413
29.171775;1.04444368;0.833432462;0.0762732464;0.797967092;0.0730279687;1.06732637;1.06882959;0.799441845;0.144533103;1.04444433;0.75008849;0.0686459481;10;0.833333;0;1.044444;1.00000342;1.0000036
29.183775;1.04444355;0.833430987;0.0753276386;0.79796635;0.0721222382;1.06704226;1.06873218;0.799511449;0.143647003;1.04444425;0.750087484;0.0677947553;10;0.833333;0;1.044444;1.00000318;1.0000034
29.201775;1.04444372;0.833429469;0.0739199691;0.797965565;0.0707740917;1.06662019;1.06858514;0.799616942;0.14232755;1.04444406;0.7500866;0.0665276253;10;0.833333;0;1.044444;1.00000333;1.00000361
29.219775;1.04444375;0.833427893;0.0725257319;0.797964428;0.0694391472;1.06620206;1.06844003;0.799721142;0.141020907;1.04444418;0.75008594;0.06527269;10;0.833333;0;1.044444;1.00000359;1.00000417
29.231775;1.04444356;0.833426821;0.0716038328;0.797963277;0.0685563527;1.06592502;1.06834456;0.799789887;0.140155938;1.04444423;0.750085217;0.0644427974;10;0.833333;0;1.044444;1.00000366;1.00000429
29.264775;1.04444373;0.83342416;0.0690960826;0.797960253;0.0661553226;1.0651732;1.06808514;0.799977586;0.137806837;1.04444386;0.750082247;0.0621860333;10;0.833333;0;1.044444;1.00000354;1.00000459
29.279775;1.04444384;0.833423037;0.0679702066;0.797959484;0.0650780654;1.0648349;1.06796776;0.800062034;0.136752052;1.04444373;0.750081277;0.0611730195;10;0.833333;0;1.044444;1.00000376;1.00000448
29.290775;1.04444385;0.833421997;0.0671509197;0.797958291;0.0642942692;1.06458869;1.06788175;0.800124107;0.135983611;1.04444381;0.750080259;0.0604361331;10;0.833333;0;1.044444;1.00000415;1.00000461
29.314775;1.04444363;0.833420874;0.0653783148;0.797956851;0.0625973048;1.06405765;1.06769837;0.800256512;0.134323394;1.0444438;0.750079167;0.0588410063;10;0.833333;0;1.044444;1.00000463;1.00000488
29.344775;1.04444375;0.833417831;0.0631960524;0.797953806;0.0605075448;1.06340249;1.06747197;0.800419948;0.132278604;1.04444342;0.750075871;0.0568768429;10;0.833333;0;1.044444;1.00000498;1.00000436
29.347775;1.04444372;0.833417862;0.062979374;0.797953715;0.0603000092;1.06333755;1.06744928;0.800435875;0.132075313;1.0444434;0.750075884;0.056681855;10;0.833333;0;1.044444;1.00000506;1.00000428
29.351775;1.04444366;0.833417912;0.0626915855;0.797953593;0.0600243527;1.06325162;1.06741868;0.800458738;0.131806358;1.04444336;0.750075923;0.0564228824;10;0.833333;0;1.044444;1.00000515;1.00000417
29.363775;1.0444435;0.833416937;0.0618315904;0.797952334;0.059200579;1.06299364;1.06732985;0.800522056;0.131000034;1.0444433;0.750075149;0.0556489685;10;0.833333;0;1.044444;1.00000518;1.00000389
29.364775;1.04444349;0.833416946;0.061760475;0.797952334;0.0591324672;1.06297164;1.06732195;0.80052797;0.130933328;1.0444433;0.750075163;0.0555849757;10;0.833333;0;1.044444;1.00000517;1.00000388
29.400775;1.04444342;0.833415301;0.0592173065;0.797950286;0.056697311;1.06220851;1.06705795;0.800718752;0.12854909;1.04444381;0.750072945;0.053296035;10;0.833333;0;1.044444;1.00000476;1.00000359
29.431775;1.04444404;0.83341252;0.0570662338;0.797948183;0.0546386112;1.06156428;1.06683404;0.800881314;0.126534689;1.04444373;0.750070854;0.0513603214;10;0.833333;0;1.044444;1.00000334;1.00000282
29.445775;1.04444416;0.83341144;0.0561074127;0.797947152;0.0537206158;1.06127654;1.06673425;0.800954293;0.125635776;1.04444361;0.750069761;0.0504972116;10;0.833333;0;1.044444;1.00000342;1.00000304
29.473775;1.044444;0.833408895;0.0542129224;0.797945224;0.0519068534;1.06070843;1.06653674;0.801097884;0.123860523;1.04444398;0.750067877;0.0487924398;10;0.833333;0;1.044444;1.0000038;1.00000325
29.475775;1.04444393;0.833408876;0.0540784468;0.797945192;0.0517781314;1.06066842;1.06652297;0.801108231;0.123733997;1.04444396;0.750067909;0.048671497;10;0.833333;0;1.044444;1.00000384;1.00000325
29.481775;1.04444374;0.833408831;0.0536772776;0.797945075;0.051394084;1.06054734;1.0664817;0.801138177;0.123357537;1.04444387;0.750067975;0.0483106757;10;0.833333;0;1.044444;1.00000391;1.00000324
29.519775;1.04444375;0.833405522;0.0511655529;0.797942215;0.0489887259;1.05979364;1.06622152;0.801327196;0.121005251;1.04444402;0.750064529;0.0460492822;10;0.833333;0;1.044444;1.00000331;1.00000306
29.530775;1.04444343;0.83340546;0.050449097;0.797942415;0.0483027603;1.05957876;1.06614746;0.801380909;0.120334155;1.04444422;0.750064469;0.0454040926;10;0.833333;0;1.044444;1.00000321;1.00000295
29.533775;1.04444337;0.833404341;0.0502546967;0.797941332;0.0481166459;1.05951979;1.06612671;0.801396563;0.120150983;1.04444424;0.750063478;0.0452290112;10;0.833333;0;1.044444;1.0000032;1.00000294
29.566775;1.04444388;0.833403241;0.0481357781;0.79793958;0.0460882644;1.05888498;1.06590692;0.801557191;0.11816551;1.04444408;0.750062677;0.0433215116;10;0.833333;0;1.044444;1.00000311;1.00000341
29.567775;1.04444391;0.833403261;0.0480724323;0.79793959;0.0460276014;1.05886601;1.06590001;0.801562368;0.118105816;1.04444407;0.750062681;0.0432645109;10;0.833333;0;1.044444;1.0000031;1.00000342
29.608775;1.04444424;0.833399944;0.045499259;0.797936456;0.0435632736;1.0580941;1.06563302;0.801756844;0.115695347;1.04444422;0.750060583;0.0409485682;10;0.833333;0;1.044444;1.00000264;1.00000355
29.614775;1.04444424;0.833399937;0.0451281257;0.797936474;0.0432079791;1.05798217;1.06559465;0.801784689;0.115346901;1.0444442;0.750060554;0.0406146432;10;0.833333;0;1.044444;1.00000263;1.00000346
29.634775;1.04444407;0.833398799;0.0438998962;0.797935435;0.0420321461;1.05761423;1.0654664;0.801878807;0.114196736;1.04444443;0.750059299;0.0395096846;10;0.833333;0;1.044444;1.00000245;1.00000307
29.651775;1.0444441;0.833397765;0.0428689616;0.797934411;0.0410444624;1.05730538;1.06535909;0.801956386;0.113229992;1.0444442;0.750057964;0.038581519;10;0.833333;0;1.044444;1.00000248;1.00000337
29.653775;1.04444413;0.833397734;0.0427479143;0.797934399;0.0409284825;1.05726839;1.06534733;0.801965259;0.113116518;1.04444411;0.750057932;0.0384725015;10;0.833333;0;1.044444;1.00000248;1.00000341
29.695775;1.04444407;0.83339474;0.0402480985;0.797932399;0.0385347996;1.05651823;1.06508682;0.802156333;0.110775215;1.04444359;0.750055731;0.0362227825;10;0.833333;0;1.044444;1.00000277;1.00000325
29.699775;1.04444402;0.833394769;0.040013612;0.797932278;0.038310372;1.05644819;1.06506208;0.802175014;0.110555517;1.0444437;0.750055617;0.0360117362;10;0.833333;0;1.044444;1.0000028;1.00000328
29.710775;1.04444379;0.833393868;0.0393713424;0.797930873;0.0376956382;1.05625513;1.06499599;0.80222272;0.109953059;1.04444396;0.750054459;0.0354336967;10;0.833333;0;1.044444;1.00000293;1.00000329
29.741775;1.04444352;0.833391792;0.0375857562;0.797928511;0.0359859739;1.05571981;1.06481028;0.802359457;0.108280341;1.04444371;0.750052728;0.0338267498;10;0.833333;0;1.044444;1.00000315;1.00000266
29.780775;1.04444358;0.833391108;0.0353888117;0.797927678;0.0338816777;1.05505984;1.06458281;0.802525835;0.106221812;1.04444398;0.750052265;0.0318491563;10;0.833333;0;1.044444;1.00000325;1.00000252
29.783775;1.04444358;0.833390063;0.0352221575;0.79792662;0.0337221355;1.05500987;1.06456509;0.802538065;0.106065929;1.044444;0.750051333;0.0316991806;10;0.833333;0;1.044444;1.00000325;1.0000025
29.829775;1.04444419;0.833388645;0.032706725;0.79792464;0.0313150513;1.05425629;1.06430395;0.802730816;0.103708669;1.04444429;0.750049421;0.029435724;10;0.833333;0;1.044444;1.00000313;1.00000257
29.842775;1.04444388;0.833388443;0.0320089037;0.797924678;0.0306466223;1.05404717;1.0642308;0.802783958;0.103056065;1.04444438;0.750049524;0.0288076052;10;0.833333;0;1.044444;1.00000302;1.00000311
29.866775;1.04444364;0.833386521;0.030737757;0.79792344;0.0294295969;1.05366503;1.0640984;0.802881729;0.101866679;1.04444467;0.75004852;0.0276635515;10;0.833333;0;1.044444;1.00000324;1.00000335
29.871775;1.04444371;0.833386443;0.0304754599;0.797923475;0.0291786168;1.053587;1.06407186;0.802901806;0.101620689;1.04444466;0.750048457;0.0274276091;10;0.833333;0;1.044444;1.00000322;1.00000339
29.886775;1.04444409;0.833385146;0.0296940999;0.79792274;0.0284309753;1.05335198;1.06399044;0.80296157;0.100888745;1.04444469;0.750047225;0.0267247795;10;0.833333;0;1.044444;1.00000295;1.0000033
29.911775;1.04444385;0.833384012;0.0284094047;0.797921242;0.0272010451;1.0529667;1.06385786;0.803060039;0.0996846786;1.04444451;0.750046199;0.0255687871;10;0.833333;0;1.044444;1.00000269;1.00000314
29.931775;1.04444405;0.833383079;0.0273985551;0.797920155;0.0262326593;1.05266367;1.063752;0.803138556;0.0987366005;1.0444437;0.750045244;0.024659211;10;0.833333;0;1.044444;1.00000284;1.0000034
29.950775;1.04444432;0.833381996;0.0264499381;0.797919371;0.0253235918;1.05237891;1.06365338;0.803210816;0.0978483488;1.04444358;0.750044297;0.0238051123;10;0.833333;0;1.044444;1.00000264;1.00000331
29.956775;1.04444431;0.833381943;0.0261533005;0.797919399;0.025039516;1.05228988;1.06362275;0.803233832;0.0975712128;1.04444364;0.750044322;0.0235380872;10;0.833333;0;1.044444;1.00000251;1.00000334
30.002775;1.04444474;0.833379014;0.0239203316;0.797917445;0.0229013504;1.0516195;1.06339143;0.803404532;0.0954772034;1.04444407;0.750042102;0.0215282751;10;0.833333;0;1.044444;1.00000148;1.00000195
30.036775;1.04444443;0.833378523;0.0223154689;0.79791652;0.0213656457;1.05113964;1.0632239;0.803528542;0.0939745922;1.04444397;0.750040975;0.0200840725;10;0.833333;0;1.044444;1.00000157;1.00000209
30.041775;1.04444437;0.833378571;0.0220821797;0.797916456;0.0211421551;1.05106971;1.06320023;0.803545278;0.0937560838;1.04444394;0.750040938;0.0198740063;10;0.833333;0;1.044444;1.00000173;1.0000021
30.065775;1.04444435;0.833377741;0.0209779049;0.797915007;0.0200846195;1.05073749;1.06308621;0.803630554;0.0927210618;1.04444398;0.750039616;0.0188799024;10;0.833333;0;1.044444;1.00000235;1.00000207
30.089775;1.04444458;0.833376973;0.0198928594;0.797913716;0.0190468329;1.05041224;1.06297316;0.803714881;0.0917048047;1.04444397;0.750038667;0.0179042371;10;0.833333;0;1.044444;1.00000236;1.00000204
30.128775;1.04444412;0.833375587;0.0181701081;0.797913099;0.0173975095;1.04989456;1.06279501;0.803847873;0.0900925859;1.04444371;0.750037967;0.0163528922;10;0.833333;0;1.044444;1.00000132;1.00000245
30.177775;1.04444414;0.833373561;0.0160779025;0.79791082;0.0153937335;1.04926715;1.06257632;0.804009229;0.0881317012;1.04444386;0.750035846;0.0144699572;10;0.833333;0;1.044444;1.00000218;1.00000229
30.214775;1.04444401;0.833372161;0.0145499735;0.797909907;0.0139308806;1.04880906;1.06241795;0.804127048;0.086700494;1.04444401;0.750035006;0.0130950187;10;0.833333;0;1.044444;1.000002;1.00000203
30.219775;1.04444401;0.833372173;0.0143466465;0.797909917;0.0137361888;1.04874804;1.06239628;0.804143434;0.0865108869;1.04444401;0.750035008;0.0129120109;10;0.833333;0;1.044444;1.000002;1.00000202
30.224775;1.04444401;0.833372187;0.0141444309;0.797909919;0.013542564;1.04868702;1.0623756;0.804159071;0.0863211911;1.04444401;0.750035007;0.0127300053;10;0.833333;0;1.044444;1.00000201;1.00000201
30.245775;1.044444;0.833371108;0.0133044453;0.79790885;0.012738301;1.048435;1.06228786;0.804224373;0.085533418;1.044444;0.750034001;0.0119739997;10;0.833333;0;1.044444;1.000002;1.000002
30.268775;1.044444;0.833371111;0.0124;0.79790885;0.0118723455;1.048164;1.06219418;0.804294242;0.0846863357;1.044444;0.750034;0.01116;10;0.833333;0;1.044444;1.000002;1.000002
30.300775;1.044444;0.83337;0.0111688889;0.797907786;0.0106936216;1.047795;1.06206614;0.804389114;0.0835342407;1.044444;0.750033;0.010052;10;0.833333;0;1.044444;1.000002;1.000002
30.315775;1.044444;0.833368889;0.0106033333;0.797906723;0.010152132;1.047625;1.06200802;0.804432093;0.0830041859;1.044444;0.750032;0.009543;10;0.833333;0;1.044444;1.000002;1.000002
30.359775;1.044444;0.833367778;0.00898444444;0.797905659;0.00860213132;1.047139;1.06183954;0.804558682;0.081487516;1.044444;0.750031;0.008086;10;0.833333;0;1.044444;1.000002;1.000002
30.390775;1.044444;0.833367778;0.00788;0.797905659;0.00754468406;1.046808;1.06172529;0.80464317;0.08045291;1.044444;0.750031;0.007092;10;0.833333;0;1.044444;1.000002;1.000002
30.407775;1.044444;0.833366667;0.00728666667;0.797904595;0.00697659871;1.04663;1.06166326;0.80469018;0.0798976922;1.044444;0.75003;0.006558;10;0.833333;0;1.044444;1.000002;1.000002
30.438775;1.044444;0.833365556;0.00622777778;0.797903531;0.00596276849;1.046312;1.06155291;0.804772783;0.0789053674;1.044444;0.750029;0.005605;10;0.833333;0;1.044444;1.000002;1.000002
30.451775;1.044444;0.833365556;0.00579222222;0.797903531;0.00554574704;1.046182;1.06150857;0.804805352;0.078497299;1.044444;0.750029;0.005213;10;0.833333;0;1.044444;1.000002;1.000002
30.486775;1.044444;0.833364444;0.00464444444;0.797902467;0.0044468104;1.045837;1.06138933;0.804894717;0.0774226318;1.044444;0.750028;0.00418;10;0.833333;0;1.044444;1.000002;1.000002
30.500775;1.044444;0.833364444;0.00419555556;0.797902467;0.00401702299;1.045703;1.06134209;0.804930546;0.0770020868;1.044444;0.750028;0.003776;10;0.833333;0;1.044444;1.000002;1.000002
30.544775;1.044444;0.833363333;0.00282333333;0.797901403;0.00270319264;1.045291;1.06119919;0.80503789;0.0757162283;1.044444;0.750027;0.002541;10;0.833333;0;1.044444;1.000002;1.000002
30.545775;1.044444;0.833363333;0.00279222222;0.797901403;0.00267340539;1.045282;1.06119628;0.805040094;0.0756871186;1.044444;0.750027;0.002513;10;0.833333;0;1.044444;1.000002;1.000002
30.576775;1.044444;0.833362222;0.00185888889;0.79790034;0.00177978799;1.045002;1.06109972;0.80511231;0.0748133688;1.044444;0.750026;0.001673;10;0.833333;0;1.044444;1.000002;1.000002
30.599775;1.044444;0.833362222;0.00118444444;0.79790034;0.00113404304;1.044799;1.0610298;0.805164313;0.0741816003;1.044444;0.750026;0.001066;10;0.833333;0;1.044444;1.000001;1.000001
30.605775;1.044444;0.833362222;0.00101111111;0.79790034;0.000968085518;1.044747;1.06101104;0.805178553;0.0740195461;1.044444;0.750026;0.00091;10;0.833333;0;1.044444;1.000001;1.000001
30.631775;1.044444;0.833361111;0.000271111111;0.797899276;0.000259574579;1.044525;1.06093424;0.805235795;0.0733263588;1.044444;0.750025;0.000244;10;0.833333;0;1.044444;1.000001;1.000001
30.667775;1.044444;0.833361111;-0.000722222222;0.797899276;-0.000691489656;1.044227;1.06083178;0.805313568;0.0723960215;1.044444;0.750025;-0.00065;10;0.833333;0;1.044444;1.000001;1.000001
30.698348;1.044444;0.83336;-0.00153888889;0.797898212;-0.00147340488;1.043982;1.06074708;0.805376817;0.0716308565;1.044444;0.750024;-0.001385;10;0.833333;0;1.044444;1.000001;1.000001
30.732348;1.044444;0.83336;-0.00241888889;0.797898212;-0.00231595843;1.043718;1.06065542;0.805445373;0.0708063239;1.044444;0.750024;-0.002177;10;0.833333;0;1.044444;1.000001;1.000001
30.765348;1.044444;0.833358889;-0.00324444444;0.797897148;-0.0031063843;1.043471;1.06056973;0.8055094;0.0700336369;1.044444;0.750023;-0.00292;10;0.833333;0;1.044444;1.000001;1.000001
30.798348;1.044444;0.833357778;-0.00404111111;0.797896084;-0.00386915058;1.043232;1.06048704;0.805572214;0.069287871;1.044444;0.750022;-0.003637;10;0.833333;0;1.044444;1.000001;1.000001
30.803348;1.044444;0.833357778;-0.00415888889;0.797896084;-0.00398191659;1.043196;1.06047417;0.80558199;0.0691766027;1.044444;0.750022;-0.003743;10;0.833333;0;1.044444;1.000001;1.000001
30.824348;1.044444;0.833357778;-0.00464888889;0.797896084;-0.00445106572;1.043049;1.06042393;0.805619103;0.0687188481;1.044444;0.750022;-0.004184;10;0.833333;0;1.044444;1.000001;1.000001
30.829348;1.044444;0.833357778;-0.00476333333;0.797896084;-0.00456064024;1.043015;1.06041214;0.80562806;0.0686106398;1.044444;0.750022;-0.004287;10;0.833333;0;1.044444;1.000001;1.000001
30.863348;1.044444;0.833356667;-0.00552777778;0.79789502;-0.00529255544;1.042786;1.06033235;0.805688684;0.0678948548;1.044444;0.750021;-0.004975;10;0.833333;0;1.044444;1.000001;1.000001
30.882348;1.044444;0.833356667;-0.00594222222;0.79789502;-0.00568936412;1.042661;1.06028901;0.805721618;0.0675077993;1.044444;0.750021;-0.005348;10;0.833333;0;1.044444;1.000001;1.000001
30.893348;1.044444;0.833356667;-0.00617777778;0.79789502;-0.00591489613;1.042591;1.06026535;0.805738552;0.0672860914;1.044444;0.750021;-0.00556;10;0.833333;0;1.044444;1.000001;1.000001
30.926348;1.044444;0.833356667;-0.00686666667;0.79789502;-0.00657447088;1.042384;1.06019345;0.805793198;0.0666408781;1.044444;0.750021;-0.00618;10;0.833333;0;1.044444;1.000001;1.000001
30.955348;1.044444;0.833355556;-0.00745;0.797893957;-0.00713298176;1.042209;1.06013234;0.805839646;0.0660955218;1.044444;0.75002;-0.006705;10;0.833333;0;1.044444;1.000001;1.000001
30.995348;1.044444;0.833355556;-0.00822111111;0.797893957;-0.00787127995;1.041978;1.06005255;0.805899253;0.0653730696;1.044444;0.75002;-0.007399;10;0.833333;0;1.044444;1.000001;1.000001
31.003348;1.044444;0.833354444;-0.00837;0.797892893;-0.0080138332;1.041933;1.06003677;0.805911246;0.0652325379;1.044444;0.750019;-0.007533;10;0.833333;0;1.044444;1.000001;1.000001
31.026348;1.044444;0.833354444;-0.00879222222;0.797892893;-0.00841808869;1.041806;1.05999343;0.805944198;0.064837928;1.044444;0.750019;-0.007913;10;0.833333;0;1.044444;1.000001;1.000001
31.050348;1.044444;0.833354444;-0.00921888889;0.797892893;-0.0088265995;1.041678;1.05994918;0.805976797;0.0644380999;1.044444;0.750019;-0.008297;10;0.833333;0;1.044444;1.000001;1.000001
31.087348;1.044444;0.833353333;-0.00985;0.797891829;-0.00943085508;1.041489;1.05988317;0.806026991;0.0638477078;1.044444;0.750018;-0.008865;10;0.833333;0;1.044444;1.000001;1.000001
31.100348;1.044444;0.833353333;-0.0100644444;0.797891829;-0.00963617431;1.041425;1.0598615;0.806043472;0.0636466808;1.044444;0.750018;-0.009058;10;0.833333;0;1.044444;1.000001;1.000001
31.128348;1.044444;0.833353333;-0.0105122222;0.797891829;-0.0100648979;1.04129;1.05981517;0.806078707;0.0632259091;1.044444;0.750018;-0.009461;10;0.833333;0;1.044444;1.000001;1.000001
31.153348;1.044444;0.833353333;-0.0108988889;0.797891829;-0.0104351108;1.041174;1.05977482;0.80610835;0.0628655559;1.044444;0.750018;-0.009809;10;0.833333;0;1.044444;1.000001;1.000001
31.205348;1.044444;0.833352222;-0.0116566667;0.797890765;-0.011160643;1.040947;1.05969595;0.806168351;0.0621551453;1.044444;0.750017;-0.010491;10;0.833333;0;1.044444;1.000001;1.000001
31.217348;1.044444;0.833352222;-0.0118222222;0.797890765;-0.0113191538;1.040897;1.05967826;0.806181804;0.0619999507;1.044444;0.750017;-0.01064;10;0.833333;0;1.044444;1.000001;1.000001
31.224348;1.044444;0.833352222;-0.0119188889;0.797890765;-0.011411707;1.040868;1.05966838;0.806189321;0.0619103538;1.044444;0.750017;-0.010727;10;0.833333;0;1.044444;1.000001;1.000001
31.274348;1.044444;0.833352222;-0.0125711111;0.797890765;-0.0120361753;1.040673;1.05960047;0.806239945;0.0612977373;1.044444;0.750017;-0.011314;10;0.833333;0;1.044444;1.000001;1.000001
31.292348;1.044444;0.833351111;-0.0127944444;0.797889701;-0.0122500052;1.040606;1.0595778;0.806257192;0.0610893214;1.044444;0.750016;-0.011515;10;0.833333;0;1.044444;1.000001;1.000001
31.310348;1.044444;0.833351111;-0.01301;0.797889701;-0.0124563883;1.040541;1.05955513;0.806274439;0.0608882373;1.044444;0.750016;-0.011709;10;0.833333;0;1.044444;1.000001;1.000001
31.420348;1.044444;0.83335;-0.0141844444;0.797888637;-0.0135808568;1.040189;1.059433;0.806366337;0.059786697;1.044444;0.750015;-0.012766;10;0.833333;0;1.044444;1;1
31.436348;1.044444;0.83335;-0.0143366667;0.797888637;-0.0137266016;1.040143;1.05941723;0.806378344;0.0596459999;1.044444;0.750015;-0.012903;10;0.833333;0;1.044444;1;1
31.449348;1.044444;0.83335;-0.0144555556;0.797888637;-0.0138404314;1.040107;1.05940536;0.806387381;0.0595333973;1.044444;0.750015;-0.01301;10;0.833333;0;1.044444;1;1
31.541348;1.044444;0.833348889;-0.0152088889;0.797887574;-0.0145617083;1.039881;1.05932657;0.806447359;0.0588287794;1.044444;0.750014;-0.013688;10;0.833333;0;1.044444;1;1
31.565348;1.044444;0.833348889;-0.01538;0.797887574;-0.0147255382;1.03983;1.05930888;0.806460821;0.0586682306;1.044444;0.750014;-0.013842;10;0.833333;0;1.044444;1;1
31.587348;1.044444;0.833348889;-0.0155277778;0.797887574;-0.0148670276;1.039786;1.0592941;0.806471023;0.0585295432;1.044444;0.750014;-0.013975;10;0.833333;0;1.044444;1;1
31.664348;1.044444;0.833347778;-0.0159788889;0.79788651;-0.0152989427;1.03965;1.05924678;0.806507055;0.058107328;1.044444;0.750013;-0.014381;10;0.833333;0;1.044444;1;1
31.673348;1.044444;0.833347778;-0.0160244444;0.79788651;-0.0153425597;1.039637;1.05924188;0.806510784;0.058064589;1.044444;0.750013;-0.014422;10;0.833333;0;1.044444;1;1
31.688348;1.044444;0.833347778;-0.0160988889;0.79788651;-0.0154138363;1.039614;1.05923499;0.806516031;0.0579946854;1.044444;0.750013;-0.014489;10;0.833333;0;1.044444;1;1
31.729348;1.044444;0.833347778;-0.0162822222;0.79788651;-0.0155893683;1.039559;1.05921523;0.806531077;0.0578226832;1.044444;0.750013;-0.014654;10;0.833333;0;1.044444;1;1
31.738348;1.044444;0.833347778;-0.0163188889;0.79788651;-0.0156244747;1.039548;1.05921133;0.806532999;0.0577893282;1.044444;0.750013;-0.014687;10;0.833333;0;1.044444;1;1
31.789348;1.044444;0.833347778;-0.0165022222;0.79788651;-0.0158000067;1.039493;1.05919265;0.806547223;0.0576172596;1.044444;0.750013;-0.014852;10;0.833333;0;1.044444;1;1
31.886348;1.044444;0.833346667;-0.01674;0.797885446;-0.0160276664;1.039422;1.05916799;0.806566;0.0573930571;1.044444;0.750012;-0.015066;10;0.833333;0;1.044444;1;1
31.901348;1.044444;0.833346667;-0.0167655556;0.797885446;-0.0160521345;1.039414;1.059165;0.806568277;0.0573701401;1.044444;0.750012;-0.015089;10;0.833333;0;1.044444;1;1
31.921348;1.044444;0.833346667;-0.0167933333;0.797885446;-0.0160787302;1.039406;1.05916209;0.80656944;0.0573440713;1.044444;0.750012;-0.015114;10;0.833333;0;1.044444;1;1
31.938348;1.044444;0.833346667;-0.0168122222;0.797885446;-0.0160968154;1.0394;1.0591601;0.806570958;0.0573263453;1.044444;0.750012;-0.015131;10;0.833333;0;1.044444;1;1
31.945348;1.044444;0.833346667;-0.0168188889;0.797885446;-0.0161031983;1.039398;1.0591601;0.806570958;0.057320051;1.044444;0.750012;-0.015137;10;0.833333;0;1.044444;1;1
32.015348;1.044444;0.833345556;-0.0168488889;0.797884382;-0.0161319218;1.039389;1.05915612;0.806573993;0.0572919423;1.044444;0.750011;-0.015164;10;0.833333;0;1.044444;1;1
32.057348;1.044444;0.833345556;-0.0168355556;0.797884382;-0.0161191558;1.039393;1.05915811;0.806572475;0.0573033741;1.044444;0.750011;-0.015152;10;0.833333;0;1.044444;1;1
32.062348;1.044444;0.833345556;-0.0168333333;0.797884382;-0.0161170281;1.039394;1.05915811;0.806572475;0.0573065212;1.044444;0.750011;-0.01515;10;0.833333;0;1.044444;1;1
32.067348;1.044444;0.833345556;-0.01683;0.797884382;-0.0161138366;1.039395;1.05915911;0.806570667;0.0573096145;1.044444;0.750011;-0.015147;10;0.833333;0;1.044444;1;1
32.200348;1.044444;0.833344444;-0.0166277778;0.797883318;-0.0159202195;1.039456;1.05917978;0.806554925;0.0574994193;1.044444;0.75001;-0.014965;10;0.833333;0;1.044444;1;1
32.224348;1.044444;0.833344444;-0.0165688889;0.797883318;-0.0158638365;1.039473;1.05918567;0.806549387;0.0575536486;1.044444;0.75001;-0.014912;10;0.833333;0;1.044444;1;1
32.235348;1.044444;0.833344444;-0.01654;0.797883318;-0.015836177;1.039482;1.05918866;0.806547111;0.0575807607;1.044444;0.75001;-0.014886;10;0.833333;0;1.044444;1;1
32.355348;1.044444;0.833343333;-0.0161388889;0.797882254;-0.0154521342;1.039602;1.05923001;0.806515628;0.0579571949;1.044444;0.750009;-0.014525;10;0.833333;0;1.044444;1;1
32.419348;1.044444;0.833343333;-0.0158644444;0.797882254;-0.0151893682;1.039685;1.05925857;0.806492834;0.0582126254;1.044444;0.750009;-0.014278;10;0.833333;0;1.044444;1;1
32.424348;1.044444;0.833343333;-0.0158422222;0.797882254;-0.0151680916;1.039691;1.05926156;0.806490558;0.058234489;1.044444;0.750009;-0.014258;10;0.833333;0;1.044444;1;1
32.509348;1.044444;0.833342222;-0.0154155556;0.797881191;-0.0147595807;1.039819;1.05930581;0.806456868;0.058633787;1.044444;0.750008;-0.013874;10;0.833333;0;1.044444;1;1
32.514348;1.044444;0.833342222;-0.0153877778;0.797881191;-0.014732985;1.039828;1.0593078;0.80645535;0.0586598992;1.044444;0.750008;-0.013849;10;0.833333;0;1.044444;1;1
32.519348;1.044444;0.833342222;-0.0153611111;0.797881191;-0.0147074531;1.039836;1.05931079;0.806453075;0.0586849073;1.044444;0.750008;-0.013825;10;0.833333;0;1.044444;1;1
32.520348;1.044444;0.833342222;-0.0153555556;0.797881191;-0.0147021339;1.039837;1.05931179;0.806451267;0.0586900966;1.044444;0.750008;-0.01382;10;0.833333;0;1.044444;1;1
32.565348;1.044444;0.833342222;-0.0151;0.797881191;-0.014457453;1.039914;1.05933836;0.806431042;0.0589298654;1.044444;0.750008;-0.01359;10;0.833333;0;1.044444;1;1
32.647348;1.044444;0.833342222;-0.0145922222;0.797881191;-0.0139712825;1.040066;1.05939058;0.806391289;0.0594052228;1.044444;0.750008;-0.013133;10;0.833333;0;1.044444;1;1
32.725348;1.044444;0.833341111;-0.0140622222;0.797880127;-0.0134638355;1.040225;1.05944571;0.806348279;0.0599013445;1.044444;0.750007;-0.012656;10;0.833333;0;1.044444;1;1
32.787348;1.044444;0.833341111;-0.0136111111;0.797880127;-0.0130319204;1.040361;1.05949295;0.806312326;0.0603234051;1.044444;0.750007;-0.01225;10;0.833333;0;1.044444;1;1
32.801348;1.044444;0.833341111;-0.0135055556;0.797880127;-0.0129308566;1.040392;1.05950382;0.806304048;0.0604224131;1.044444;0.750007;-0.012155;10;0.833333;0;1.044444;1;1
32.888348;1.044444;0.83334;-0.0128244444;0.797879063;-0.0122787286;1.040597;1.05957473;0.806249044;0.0610601368;1.044444;0.750006;-0.011542;10;0.833333;0;1.044444;1;1
32.890348;1.044444;0.83334;-0.0128077778;0.797879063;-0.0122627712;1.040602;1.05957572;0.806248286;0.0610747603;1.044444;0.750006;-0.011527;10;0.833333;0;1.044444;1;1
32.947348;1.044444;0.83334;-0.0123377778;0.797879063;-0.011812771;1.040743;1.05962496;0.806210824;0.0615154757;1.044444;0.750006;-0.011104;10;0.833333;0;1.044444;1;1
33.060348;1.044444;0.833338889;-0.0113566667;0.797877999;-0.0108734089;1.041037;1.05972642;0.80613259;0.0624343532;1.044444;0.750005;-0.010221;10;0.833333;0;1.044444;1;1
33.069348;1.044444;0.833338889;-0.0112755556;0.797877999;-0.0107957493;1.041061;1.0597353;0.806125832;0.0625093203;1.044444;0.750005;-0.010148;10;0.833333;0;1.044444;1;1
33.094348;1.044444;0.833338889;-0.01105;0.797877999;-0.0105797917;1.041129;1.05975888;0.806107896;0.0627218147;1.044444;0.750005;-0.009945;10;0.833333;0;1.044444;1;1
33.101348;1.044444;0.833338889;-0.0109855556;0.797877999;-0.0105180896;1.041148;1.05976477;0.806103412;0.0627812275;1.044444;0.750005;-0.009887;10;0.833333;0;1.044444;1;1
33.254348;1.044444;0.833337778;-0.00954666667;0.797876935;-0.00914042942;1.04158;1.05991455;0.80598845;0.0641288591;1.044444;0.750004;-0.008592;10;0.833333;0;1.044444;1;1
33.280348;1.044444;0.833337778;-0.00929333333;0.797876935;-0.00889787613;1.041656;1.05994112;0.805967199;0.0643652104;1.044444;0.750004;-0.008364;10;0.833333;0;1.044444;0.999999;0.999999
33.415348;1.044444;0.833337778;-0.00795333333;0.797876935;-0.00761489686;1.042058;1.06008003;0.805861591;0.0656208319;1.044444;0.750004;-0.007158;10;0.833333;0;1.044444;0.999999;0.999999
33.420348;1.044444;0.833337778;-0.00790222222;0.797876935;-0.00756596067;1.042073;1.06008493;0.805857867;0.0656676947;1.044444;0.750004;-0.007112;10;0.833333;0;1.044444;0.999999;0.999999
33.426348;1.044444;0.833337778;-0.00784222222;0.797876935;-0.00750851383;1.042091;1.06009182;0.805852629;0.0657249149;1.044444;0.750004;-0.007058;10;0.833333;0;1.044444;0.999999;0.999999
34.263120;1.044444;0.833333333;0.00086;0.79787268;0.000823404606;1.044702;1.06099501;0.805163488;0.0738730042;1.044444;0.75;0.000774;10;0.833333;0;1.044444;0.999999;0.999999
34.275120;1.044444;0.833333333;0.000982222222;0.79787268;0.000940425932;1.044739;1.06100788;0.805153721;0.0739883497;1.044444;0.75;0.000884;10;0.833333;0;1.044444;0.999999;0.999999
34.604120;1.044444;0.833332222;0.00425111111;0.797871616;0.0040702145;1.045719;1.06134773;0.804894859;0.0770487872;1.044444;0.749999;0.003826;10;0.833333;0;1.044444;1;1
34.610120;1.044444;0.833332222;0.00430888889;0.797871616;0.00412553367;1.045737;1.06135363;0.804890389;0.0771027971;1.044444;0.749999;0.003878;10;0.833333;0;1.044444;1;1
34.624120;1.044444;0.833332222;0.00444222222;0.797871616;0.0042531933;1.045777;1.06136741;0.804879936;0.0772274199;1.044444;0.749999;0.003998;10;0.833333;0;1.044444;1;1
34.632120;1.044444;0.833332222;0.00451777778;0.797871616;0.00432553376;1.045799;1.0613753;0.804873954;0.0772990793;1.044444;0.749999;0.004066;10;0.833333;0;1.044444;1;1
34.817120;1.044444;0.833331111;0.00622666667;0.797870552;0.00596170466;1.046312;1.06155257;0.804739543;0.0788980654;1.044444;0.749998;0.005604;10;0.833333;0;1.044444;1;1
34.982120;1.044444;0.833331111;0.00766222222;0.797870552;0.00733617333;1.046743;1.06170129;0.804626823;0.0802433278;1.044444;0.749998;0.006896;10;0.833333;0;1.044444;1;1
35.024120;1.044444;0.833331111;0.00801333333;0.797870552;0.00767234369;1.046848;1.06173774;0.804599198;0.0805712677;1.044444;0.749998;0.007212;10;0.833333;0;1.044444;1;1
35.033120;1.044444;0.833331111;0.00808777778;0.797870552;0.00774362032;1.04687;1.06174563;0.80459322;0.0806418307;1.044444;0.749998;0.007279;10;0.833333;0;1.044444;1;1
35.215120;1.044444;0.833331111;0.00953222222;0.797870552;0.00912659963;1.047304;1.06189534;0.804479785;0.0819938517;1.044444;0.749998;0.008579;10;0.833333;0;1.044444;1;1
35.220120;1.044444;0.833331111;0.00957;0.797870552;0.00916276986;1.047315;1.06189932;0.804476765;0.0820301659;1.044444;0.749998;0.008613;10;0.833333;0;1.044444;1;1
35.371120;1.044444;0.83333;0.0106733333;0.797869488;0.0102191533;1.047646;1.06201458;0.804390508;0.0830633085;1.044444;0.749997;0.009606;10;0.833333;0;1.044444;1;1
35.387120;1.044444;0.83333;0.0107855556;0.797869488;0.0103266001;1.04768;1.06202537;0.804382332;0.0831681324;1.044444;0.749997;0.009707;10;0.833333;0;1.044444;1;1
35.390120;1.044444;0.83333;0.0108055556;0.797869488;0.0103457491;1.047686;1.06202836;0.804380068;0.0831877764;1.044444;0.749997;0.009725;10;0.833333;0;1.044444;1;1
35.395120;1.044444;0.83333;0.0108411111;0.797869488;0.0103797917;1.047696;1.06203135;0.804377803;0.0832199748;1.044444;0.749997;0.009757;10;0.833333;0;1.044444;1;1
35.406120;1.044444;0.83333;0.0109166667;0.797869488;0.0104521321;1.047719;1.06203924;0.804371829;0.0832915449;1.044444;0.749997;0.009825;10;0.833333;0;1.044444;1;1
35.616120;1.044444;0.83333;0.0122777778;0.797869488;0.0117553242;1.048127;1.06218106;0.804264427;0.0845649922;1.044444;0.749997;0.01105;10;0.833333;0;1.044444;1;1
35.625120;1.044444;0.83333;0.0123322222;0.797869488;0.0118074518;1.048144;1.06218596;0.804260718;0.0846169052;1.044444;0.749997;0.011099;10;0.833333;0;1.044444;1;1
35.820120;1.044444;0.83333;0.0134322222;0.797869488;0.0128606438;1.048474;1.06230022;0.804174214;0.0856464308;1.044444;0.749997;0.012089;10;0.833333;0;1.044444;1;1
35.848120;1.044444;0.83333;0.0135777778;0.797869488;0.0130000055;1.048517;1.062316;0.804163317;0.0857832219;1.044444;0.749997;0.01222;10;0.833333;0;1.044444;1;1
35.854120;1.044444;0.83333;0.0136077778;0.797869488;0.0130287289;1.048526;1.06231899;0.804161054;0.0858122666;1.044444;0.749997;0.012247;10;0.833333;0;1.044444;1;1
36.047120;1.044444;0.83333;0.0145211111;0.797869488;0.0139031974;1.0488;1.06241356;0.804089466;0.0866663968;1.044444;0.749997;0.013069;10;0.833333;0;1.044444;1;1
36.063120;1.044444;0.83333;0.01459;0.797869488;0.0139691549;1.048821;1.06242046;0.804084249;0.086730676;1.044444;0.749997;0.013131;10;0.833333;0;1.044444;1;1
36.069120;1.044444;0.83333;0.0146155556;0.797869488;0.013993623;1.048829;1.06242336;0.80408205;0.0867555386;1.044444;0.749997;0.013154;10;0.833333;0;1.044444;1;1
36.253120;1.044444;0.83333;0.0153311111;0.797869488;0.0146787297;1.049043;1.06249826;0.804025367;0.0874249796;1.044444;0.749997;0.013798;10;0.833333;0;1.044444;1;1
36.258120;1.044444;0.83333;0.0153488889;0.797869488;0.0146957509;1.049049;1.06249926;0.804024613;0.0874416296;1.044444;0.749997;0.013814;10;0.833333;0;1.044444;1;1
36.272120;1.044444;0.83333;0.0153966667;0.797869488;0.0147414956;1.049063;1.06250515;0.804020152;0.0874871573;1.044444;0.749997;0.013857;10;0.833333;0;1.044444;1;1
36.284120;1.044444;0.83333;0.0154388889;0.797869488;0.0147819212;1.049076;1.06250906;0.804017199;0.0875255284;1.044444;0.749997;0.013895;10;0.833333;0;1.044444;1;1
36.285120;1.044444;0.83333;0.0154422222;0.797869488;0.0147851127;1.049077;1.06250906;0.804017199;0.0875297114;1.044444;0.749997;0.013898;10;0.833333;0;1.044444;1;1
36.501120;1.044444;0.83333;0.0160866667;0.797869488;0.0154021342;1.04927;1.06257607;0.803967539;0.0881338209;1.044444;0.749997;0.014478;10;0.833333;0;1.044444;1;1
36.506120;1.044444;0.83333;0.0161;0.797869488;0.0154149002;1.049274;1.06257806;0.803966031;0.088145158;1.044444;0.749997;0.01449;10;0.833333;0;1.044444;1;1
36.709120;1.044444;0.83333;0.0165422222;0.797869488;0.0158383046;1.049407;1.0626234;0.803931729;0.0885596492;1.044444;0.749997;0.014888;10;0.833333;0;1.044444;1;1
36.727120;1.044444;0.83333;0.0165744444;0.797869488;0.0158691557;1.049416;1.0626273;0.803928776;0.0885896472;1.044444;0.749997;0.014917;10;0.833333;0;1.044444;1;1
36.737120;1.044444;0.83333;0.0165911111;0.797869488;0.0158851131;1.049421;1.0626283;0.803928022;0.0886062941;1.044444;0.749997;0.014932;10;0.833333;0;1.044444;1;1
36.954120;1.044444;0.83333;0.01688;0.797869488;0.016161709;1.049508;1.06265886;0.80390595;0.0888756009;1.044444;0.749997;0.015192;10;0.833333;0;1.044444;1;1
36.971120;1.044444;0.83333;0.0168955556;0.797869488;0.0161766026;1.049513;1.06265985;0.803905196;0.0888912015;1.044444;0.749997;0.015206;10;0.833333;0;1.044444;1;1
37.171120;1.044444;0.833331111;0.01701;0.797870552;0.0162861771;1.049547;1.06267264;0.803895522;0.0889978267;1.044444;0.749998;0.015309;10;0.833333;0;1.044444;1;1
37.178120;1.044444;0.833331111;0.0170122222;0.797870552;0.0162883048;1.049548;1.06267264;0.803895522;0.0889999179;1.044444;0.749998;0.015311;10;0.833333;0;1.044444;1;1
37.183120;1.044444;0.833331111;0.0170133333;0.797870552;0.0162893686;1.049548;1.06267264;0.803895522;0.0890009635;1.044444;0.749998;0.015312;10;0.833333;0;1.044444;1;1
37.201120;1.044444;0.833331111;0.0170166667;0.797870552;0.0162925601;1.049549;1.06267264;0.803895522;0.0890041002;1.044444;0.749998;0.015315;10;0.833333;0;1.044444;1;1
37.206120;1.044444;0.833331111;0.0170166667;0.797870552;0.0162925601;1.049549;1.06267264;0.803895522;0.0890051458;1.044444;0.749998;0.015315;10;0.833333;0;1.044444;1;1
37.481120;1.044444;0.833331111;0.0169455556;0.797870552;0.016224475;1.049528;1.06266575;0.803900736;0.0889377598;1.044444;0.749998;0.015251;10;0.833333;0;1.044444;1;1
37.491120;1.044444;0.833331111;0.0169388889;0.797870552;0.016218092;1.049526;1.06266475;0.80390149;0.0889315696;1.044444;0.749998;0.015245;10;0.833333;0;1.044444;1;1
37.499120;1.044444;0.833331111;0.0169333333;0.797870552;0.0162127729;1.049524;1.06266376;0.803902244;0.0889264251;1.044444;0.749998;0.01524;10;0.833333;0;1.044444;1;1
37.790120;1.044444;0.833331111;0.0166188889;0.797870552;0.0159117089;1.04943;1.06263129;0.803926806;0.0886311397;1.044444;0.749998;0.014957;10;0.833333;0;1.044444;1;1
37.795120;1.044444;0.833331111;0.0166111111;0.797870552;0.0159042621;1.049427;1.06263129;0.803926806;0.088624866;1.044444;0.749998;0.01495;10;0.833333;0;1.044444;1;1
37.800120;1.044444;0.833331111;0.0166044444;0.797870552;0.0158978791;1.049425;1.06263029;0.80392756;0.0886176298;1.044444;0.749998;0.014944;10;0.833333;0;1.044444;1;1
37.808120;1.044444;0.833331111;0.0165922222;0.797870552;0.015886177;1.049422;1.0626283;0.803929068;0.0886073397;1.044444;0.749998;0.014933;10;0.833333;0;1.044444;1;1
38.125120;1.044444;0.833332222;0.0160133333;0.797871616;0.0153319214;1.049248;1.06256818;0.803974554;0.0880644144;1.044444;0.749999;0.014412;10;0.833333;0;1.044444;1;1
38.136120;1.044444;0.833332222;0.0159888889;0.797871616;0.0153085172;1.049241;1.06256627;0.803975998;0.0880426132;1.044444;0.749999;0.01439;10;0.833333;0;1.044444;1;1
38.472120;1.044444;0.833332222;0.0151611111;0.797871616;0.0145159636;1.048992;1.06248058;0.804040843;0.087266432;1.044444;0.749999;0.013645;10;0.833333;0;1.044444;1;1
38.483120;1.044444;0.833332222;0.01513;0.797871616;0.0144861764;1.048983;1.06247659;0.804043859;0.0872385235;1.044444;0.749999;0.013617;10;0.833333;0;1.044444;1;1
38.491120;1.044444;0.833332222;0.0151088889;0.797871616;0.0144659636;1.048977;1.0624746;0.804045368;0.0872177716;1.044444;0.749999;0.013598;10;0.833333;0;1.044444;1;1
38.785120;1.044444;0.833332222;0.01424;0.797871616;0.0136340484;1.048716;1.062384;0.804113931;0.0864031584;1.044444;0.749999;0.012816;10;0.833333;0;1.044444;1;1
39.134120;1.044444;0.833333333;0.01309;0.79787268;0.0125329841;1.048371;1.06226485;0.804204131;0.08532712;1.044444;0.75;0.011781;10;0.833333;0;1.044444;1;1
39.135120;1.044444;0.833333333;0.0130866667;0.79787268;0.0125297926;1.04837;1.06226485;0.804204131;0.085322936;1.044444;0.75;0.011778;10;0.833333;0;1.044444;1;1
40.430120;1.044444;0.833333333;0.00842;0.79787268;0.00806170556;1.04697;1.06178017;0.804570184;0.0809541918;1.044444;0.75;0.007578;10;0.833333;0;1.044444;1;1
40.442120;1.044444;0.833333333;0.00837777778;0.79787268;0.00802128001;1.046957;1.06177618;0.804573204;0.0809136836;1.044444;0.75;0.00754;10;0.833333;0;1.044444;1;1
40.992120;1.044444;0.833334444;0.00651666667;0.797873744;0.00623936436;1.046399;1.06158213;0.804719228;0.079171139;1.044444;0.750001;0.005865;10;0.833333;0;1.044444;1;1
41.014120;1.044444;0.833334444;0.00644555556;0.797873744;0.00617127922;1.046378;1.06157524;0.804724453;0.0791046666;1.044444;0.750001;0.005801;10;0.833333;0;1.044444;1;1
41.030120;1.044444;0.833334444;0.00639444444;0.797873744;0.00612234303;1.046362;1.06157034;0.804728166;0.0790568849;1.044444;0.750001;0.005755;10;0.833333;0;1.044444;1;1
41.042120;1.044444;0.833334444;0.00635666667;0.797873744;0.0060861728;1.046351;1.06156636;0.804731188;0.0790205482;1.044444;0.750001;0.005721;10;0.833333;0;1.044444;1;1
41.347120;1.044444;0.833334444;0.00542;0.797873744;0.00518936391;1.04607;1.06146888;0.804805091;0.0781443334;1.044444;0.750001;0.004878;10;0.833333;0;1.044444;1;1
41.645120;1.044444;0.833334444;0.00457666667;0.797873744;0.00438191676;1.045817;1.06138119;0.804871577;0.0773541332;1.044444;0.750001;0.004119;10;0.833333;0;1.044444;1;1
41.659120;1.044444;0.833334444;0.00453888889;0.797873744;0.00434574653;1.045806;1.06137729;0.804874537;0.0773188244;1.044444;0.750001;0.004085;10;0.833333;0;1.044444;1;1
41.668120;1.044444;0.833334444;0.00451555556;0.797873744;0.0043234061;1.045799;1.0613743;0.804876804;0.0772960113;1.044444;0.750001;0.004064;10;0.833333;0;1.044444;1;1
41.955120;1.044444;0.833334444;0.00378;0.797873744;0.00361915048;1.045578;1.06129849;0.804934296;0.0766084612;1.044444;0.750001;0.003402;10;0.833333;0;1.044444;1;1
42.247120;1.044444;0.833334444;0.00310777778;0.797873744;0.00297553318;1.045376;1.0612285;0.804987388;0.0759790293;1.044444;0.750001;0.002797;10;0.833333;0;1.044444;1;1
42.250120;1.044444;0.833334444;0.00310222222;0.797873744;0.00297021403;1.045375;1.0612275;0.804988144;0.0759728187;1.044444;0.750001;0.002792;10;0.833333;0;1.044444;1;1
42.258120;1.044444;0.833334444;0.00308444444;0.797873744;0.00295319275;1.045369;1.06122659;0.804988836;0.0759561319;1.044444;0.750001;0.002776;10;0.833333;0;1.044444;1;1
42.263120;1.044444;0.833334444;0.00307333333;0.797873744;0.00294255444;1.045366;1.06122459;0.804990348;0.0759468515;1.044444;0.750001;0.002766;10;0.833333;0;1.044444;1;1
42.265120;1.044444;0.833334444;0.00306888889;0.797873744;0.00293829912;1.045365;1.06122459;0.804990348;0.0759426634;1.044444;0.750001;0.002762;10;0.833333;0;1.044444;1;1
42.579120;1.044444;0.833334444;0.00243666667;0.797873744;0.00233297972;1.045175;1.06115858;0.805039376;0.0753505556;1.044444;0.750001;0.002193;10;0.833333;0;1.044444;1;1
42.881120;1.044444;0.833334444;0.00191111111;0.797873744;0.00182978801;1.045017;1.06110436;0.805080512;0.0748580676;1.044444;0.750001;0.00172;10;0.833333;0;1.044444;1;1
42.887120;1.044444;0.833334444;0.00190222222;0.797873744;0.00182127737;1.045015;1.06110345;0.805081204;0.0748487078;1.044444;0.750001;0.001712;10;0.833333;0;1.044444;1;1
42.890120;1.044444;0.833334444;0.00189666667;0.797873744;0.00181595822;1.045013;1.06110245;0.80508196;0.0748445896;1.044444;0.750001;0.001707;10;0.833333;0;1.044444;1;1
43.194120;1.044444;0.833334444;0.00144888889;0.797873744;0.00138723463;1.044879;1.06105612;0.805117115;0.0744258464;1.044444;0.750001;0.001304;10;0.833333;0;1.044444;1;1
43.528120;1.044444;0.833334444;0.00104333333;0.797873744;0.000998936595;1.044757;1.06101378;0.805149248;0.0740455355;1.044444;0.750001;0.000939;10;0.833333;0;1.044444;1;1
43.530120;1.044444;0.833334444;0.00104111111;0.797873744;0.000996808935;1.044756;1.06101378;0.805149248;0.0740434411;1.044444;0.750001;0.000937;10;0.833333;0;1.044444;1;1
43.547120;1.044444;0.833334444;0.00102333333;0.797873744;0.000979787651;1.044751;1.06101178;0.80515076;0.0740257775;1.044444;0.750001;0.000921;10;0.833333;0;1.044444;1;1
43.857120;1.044444;0.833334444;0.000725555556;0.797873744;0.000694681147;1.044662;1.06098123;0.805173948;0.073748294;1.044444;0.750001;0.000653;10;0.833333;0;1.044444;1;1
44.208120;1.044444;0.833333333;0.000467777778;0.79787268;0.000447872531;1.044584;1.06095466;0.805194112;0.0735061259;1.044444;0.75;0.000421;10;0.833333;0;1.044444;1;1
44.231120;1.044444;0.833333333;0.000454444444;0.79787268;0.000435106568;1.04458;1.06095267;0.805195625;0.0734926493;1.044444;0.75;0.000409;10;0.833333;0;1.044444;1;1
44.995383;1.044444;0.833333333;0.000133333333;0.79787268;0.000127659629;1.044484;1.0609192;0.80522102;0.0731922947;1.044444;0.75;0.00012;10;0.833333;0;1.044444;1;1
45.000383;1.044444;0.833333333;0.000131111111;0.79787268;0.000125531968;1.044483;1.0609192;0.80522102;0.0731912474;1.044444;0.75;0.000118;10;0.833333;0;1.044444;1;1
45.006383;1.044444;0.833333333;0.00013;0.79787268;0.000124468138;1.044483;1.0609192;0.80522102;0.0731891528;1.044444;0.75;0.000117;10;0.833333;0;1.044444;1;1
45.031383;1.044444;0.833333333;0.000123333333;0.79787268;0.000118085157;1.044481;1.06091821;0.805221777;0.073183985;1.044444;0.75;0.000111;10;0.833333;0;1.044444;1;1
45.698383;1.044444;0.833333333;1.77777778e-05;0.79787268;1.70212838e-05;1.044449;1.06090741;0.805229969;0.073085234;1.044444;0.75;1.6e-05;10;0.833333;0;1.044444;1;1
45.737383;1.044444;0.833333333;1.55555556e-05;0.79787268;1.48936234e-05;1.044449;1.06090741;0.805229969;0.0730820921;1.044444;0.75;1.4e-05;10;0.833333;0;1.044444;1;1
46.538383;1.044444;0.833333333;2.77777778e-05;0.79787268;2.6595756e-05;1.044452;1.06090833;0.805228229;0.073094597;1.044444;0.75;2.5e-05;10;0.833333;0;1.044444;1;1
46.547383;1.044444;0.833333333;2.88888889e-05;0.79787268;2.76595862e-05;1.044453;1.06090932;0.805227473;0.0730945284;1.044444;0.75;2.6e-05;10;0.833333;0;1.044444;1;1
46.578383;1.044444;0.833333333;3.11111111e-05;0.79787268;2.97872467e-05;1.044453;1.06090932;0.805227473;0.0730976703;1.044444;0.75;2.8e-05;10;0.833333;0;1.044444;1;1
49.603210;1.044444;0.833333333;0.00053;0.79787268;0.000507447024;1.044603;1.06096055;0.805188591;0.0735643645;1.044444;0.75;0.000477;10;0.833333;0;1.044444;1;1
49.644210;1.044444;0.833333333;0.000535555556;0.79787268;0.000512766176;1.044605;1.06096155;0.805187835;0.0735684845;1.044444;0.75;0.000482;10;0.833333;0;1.044444;1;1
50.905210;1.044444;0.833333333;0.000635555556;0.79787268;0.000608510897;1.044635;1.06097243;0.80517958;0.0736630306;1.044444;0.75;0.000572;10;0.833333;0;1.044444;1;1
51.125210;1.044444;0.833333333;0.000642222222;0.79787268;0.000614893879;1.044637;1.06097243;0.80517958;0.0736682669;1.044444;0.75;0.000578;10;0.833333;0;1.044444;1;1
51.292210;1.044444;0.833333333;0.000644444444;0.79787268;0.000617021539;1.044637;1.06097243;0.80517958;0.0736703614;1.044444;0.75;0.00058;10;0.833333;0;1.044444;1;1
51.299210;1.044444;0.833333333;0.000644444444;0.79787268;0.000617021539;1.044637;1.06097243;0.80517958;0.0736714087;1.044444;0.75;0.00058;10;0.833333;0;1.044444;1;1
56.293210;1.044444;0.833333333;0.000387777778;0.79787268;0.000371276754;1.04456;1.06094577;0.805199808;0.073431337;1.044444;0.75;0.000349;10;0.833333;0;1.044444;1;1
58.756552;1.044444;0.833333333;0.000331111111;0.79787268;0.000317021411;1.044543;1.06093988;0.805204282;0.0733783332;1.044444;0.75;0.000298;10;0.833333;0;1.044444;1;1
58.913552;1.044444;0.833333333;0.00033;0.79787268;0.000315957581;1.044543;1.06093988;0.805204282;0.073377286;1.044444;0.75;0.000297;10;0.833333;0;1.044444;1;1
59.024552;1.044444;0.833333333;0.00033;0.79787268;0.000315957581;1.044543;1.06093988;0.805204282;0.0733762387;1.044444;0.75;0.000297;10;0.833333;0;1.044444;1;1
100.000000;1.044444;0.833333333;0.000335555556;0.79787268;0.000321276732;1.044545;1.06094088;0.805203525;0.0733814062;1.044444;0.75;0.000302;10;0.833333;0;1.044444;1;1
