time;InternalNode1_BUS_Voltage;InternalNode1_BUS_ActivePower;InternalNode1_BUS_ReactivePower;InternalNode1_BUS_ActiveCurrent;InternalNode1_BUS_ReactiveCurrent;PV_Array_GEN_VoltageInjTerminal;PV_Array_GEN_ActiveCurrentInjTerminal;PV_Array_GEN_ReactiveCurrentInjTerminal;PV_Array_GEN_ActivePowerControlledPu;PV_Array_GEN_ReactivePowerControlledPu;Measurements_BUS_Voltage;Measurements_BUS_ActivePower;Measurements_BUS_ReactivePower;PV_Array_GEN_ActivePowerSetpointPu;PV_Array_GEN_ReactivePowerSetpointPu
0.000000;1;0.832;-0;0.832;-0;1.013719;0.830999518;0.0410370132;0.8424;0.0416;1;0.00208;-0;0.842383;0.041533
29.999994;0.999999548;0.831999841;2.39622522e-07;0.832000157;-7.61648261e-07;1.01371911;0.830999283;0.0410355377;0.842399389;0.0415908344;0.999999349;0.00207995267;-4.8076081e-07;0.842383;0.041533
29.999995;-4.51704233e-07;-1.58956853e-07;2.39622522e-07;1.57422938e-07;-7.61648261e-07;0.566397109;2.22176329;8.8828148;1.25759976;5.03039643;-6.51235382e-07;-4.73346456e-08;-4.8076081e-07;0.842383;0.041533
30.000000;-4.5170793e-07;-1.58879425e-07;2.39415268e-07;1.57335493e-07;-7.61667771e-07;0.566050109;2.22029867;8.87695372;1.25599976;5.02399643;-6.51100778e-07;-4.73412036e-08;-4.80591133e-07;0.842383;0.041533
30.000002;-4.51711153e-07;-1.58849753e-07;2.39346259e-07;1.57304831e-07;-7.61669632e-07;0.565935109;2.22004305;8.87522401;1.25559981;5.02199941;-6.51053929e-07;-4.7338085e-08;-4.80529988e-07;0.842383;0.041533
30.000910;-4.53174698e-07;-1.45378847e-07;2.0801649e-07;1.43384077e-07;-7.62514372e-07;0.515549116;2.02269823;8.08536126;1.0419998;4.16759939;-6.29784332e-07;-4.5922283e-08;-4.52769991e-07;0.842383;0.041533
30.001186;-4.53792494e-07;-1.41016222e-07;1.98597238e-07;1.39081669e-07;-7.62306838e-07;0.501046119;1.9654883;7.85796098;0.983999796;3.93639939;-6.23179474e-07;-4.49859944e-08;-4.43907531e-07;0.842383;0.041533
30.001926;-4.55673248e-07;-1.28971716e-07;1.73477507e-07;1.27454128e-07;-7.61148049e-07;0.463828125;1.81964013;7.27424806;0.843199788;3.37319938;-6.05289624e-07;-4.18192883e-08;-4.19595274e-07;0.842383;0.041533
30.002460;-4.57449458e-07;-1.19869587e-07;1.55789193e-07;1.19068492e-07;-7.59099803e-07;0.43847013;1.71961603;6.87663908;0.753599781;3.01439938;-5.92163174e-07;-3.83176199e-08;-4.00968331e-07;0.842383;0.041533
30.002908;-4.58996162e-07;-1.12177935e-07;1.41008757e-07;1.12034034e-07;-7.57217847e-07;0.418115135;1.63974034;6.55704757;0.685199776;2.74119938;-5.81121469e-07;-3.52157091e-08;-3.8519511e-07;0.842383;0.041533
30.003676;-4.62320319e-07;-9.86991762e-08;1.1647919e-07;1.00260425e-07;-7.52141365e-07;0.385063143;1.51040226;6.03849229;0.581199766;2.32479937;-5.62082222e-07;-2.82550139e-08;-3.56572666e-07;0.842383;0.041533
30.003804;-4.62889603e-07;-9.6446069e-08;1.12409263e-07;9.83046316e-08;-7.51253316e-07;0.379772144;1.48931471;5.95620519;0.565199765;2.26159937;-5.58906505e-07;-2.70576278e-08;-3.51766361e-07;0.842383;0.041533
30.003932;-4.63458886e-07;-9.41929617e-08;1.08339337e-07;9.63488384e-08;-7.50365267e-07;0.374541146;1.46953211;5.87385616;0.549999763;2.19959937;-5.55730788e-07;-2.58602416e-08;-3.46960055e-07;0.842383;0.041533
30.004956;-4.69071102e-07;-7.6071205e-08;7.69706784e-08;8.15120132e-08;-7.40614037e-07;0.334791159;1.31305805;5.24984236;0.439199751;1.75759937;-5.30400644e-07;-1.42333597e-08;-3.064852e-07;0.842383;0.041533
30.005404;-4.72012248e-07;-6.81948354e-08;6.37355897e-08;7.55333e-08;-7.35183816e-07;0.318524165;1.24951343;4.99554187;0.397599746;1.59079937;-5.19393586e-07;-8.33801959e-09;-2.88012174e-07;0.842383;0.041533
30.005724;-4.74148298e-07;-6.25731292e-08;5.43170899e-08;7.13006921e-08;-7.31220938e-07;0.30730517;1.20531723;4.81996707;0.369999743;1.48079937;-5.11537044e-07;-4.06911765e-09;-2.74762523e-07;0.842383;0.041533
30.006044;-4.76331521e-07;-5.69636726e-08;4.49373115e-08;6.71307006e-08;-7.27149716e-07;0.296411174;1.16324972;4.64895023;0.34439974;1.37759937;-5.03688008e-07;2.67828511e-10;-2.61452416e-07;0.842383;0.041533
30.007050;-4.84176958e-07;-3.9583951e-08;1.62416495e-08;5.5333008e-08;-7.12106748e-07;0.264187191;1.03563009;4.14252025;0.273599731;1.09439937;-4.79168744e-07;1.53048496e-08;-2.18357953e-07;0.842383;0.041533
30.007178;-4.85300958e-07;-3.74053212e-08;1.26596857e-08;5.40190605e-08;-7.09931167e-07;0.260298193;1.02036898;4.08147584;0.26559973;1.06239937;-4.76068743e-07;1.7366318e-08;-2.12732066e-07;0.842383;0.041533
30.007690;-4.8979696e-07;-2.86908021e-08;-1.66816973e-09;4.87632706e-08;-7.01228843e-07;0.245200201;0.962479619;3.84502448;0.235599727;0.942799366;-4.63668738e-07;2.56121916e-08;-1.90228518e-07;0.842383;0.041533
30.007934;-4.91939586e-07;-2.45377891e-08;-8.49628832e-09;4.62585582e-08;-6.97081641e-07;0.238260206;0.935112909;3.73709395;0.222399725;0.889999366;-4.5775936e-07;2.95418657e-08;-1.79504171e-07;0.842383;0.041533
30.007936;-4.91957148e-07;-2.4503748e-08;-8.55225651e-09;4.62380278e-08;-6.97047647e-07;0.238204206;0.933653514;3.73629328;0.222399725;0.889599366;-4.57710923e-07;2.95740761e-08;-1.79416267e-07;0.842383;0.041533
30.008318;-4.95612166e-07;-1.80286605e-08;-1.91765855e-08;4.28379371e-08;-6.8999037e-07;0.227651212;0.892594367;3.57037749;0.203199723;0.812799367;-4.48541793e-07;3.59855039e-08;-1.62268707e-07;0.842383;0.041533
30.008830;-5.00592118e-07;-9.35722779e-09;-3.33988298e-08;3.84213463e-08;-6.80379121e-07;0.214093222;0.838887765;3.35741949;0.17959972;0.718799367;-4.36274516e-07;4.46487589e-08;-1.39189072e-07;0.842383;0.041533
30.009086;-5.03145914e-07;-5.00198286e-09;-4.05243442e-08;3.63615149e-08;-6.75454811e-07;0.207560226;0.813258804;3.25496248;0.168799719;0.675599368;-4.30182903e-07;4.90078349e-08;-1.27557363e-07;0.842383;0.041533
30.009342;-5.05825865e-07;-6.08134911e-10;-4.76783085e-08;3.45951591e-08;-6.7029589e-07;0.201185231;0.789323243;3.15530489;0.158799717;0.634799368;-4.24174363e-07;5.34211698e-08;-1.15744008e-07;0.842383;0.041533
30.009726;-5.0984579e-07;5.98263701e-09;-5.8409255e-08;3.19456253e-08;-6.62557509e-07;0.191916238;0.75241249;3.00965015;0.144399716;0.577599369;-4.15161553e-07;6.00411721e-08;-9.80239749e-08;0.842383;0.041533
30.010110;-5.13914897e-07;1.26373004e-08;-6.91947397e-08;2.94866064e-08;-6.54707728e-07;0.182988245;0.716986876;2.87013366;0.131199714;0.52519937;-4.06240895e-07;6.66352308e-08;-8.02083835e-08;0.842383;0.041533
30.010494;-5.18106509e-07;1.94511118e-08;-8.01160742e-08;2.75021425e-08;-6.46580459e-07;0.174392252;0.683517556;2.73407049;0.119199713;0.476799371;-3.97549783e-07;7.3164666e-08;-6.21547651e-08;0.842383;0.041533
30.010878;-5.22298122e-07;2.62649232e-08;-9.10374087e-08;2.55176787e-08;-6.3845319e-07;0.166120259;0.652540288;2.60534566;0.107999712;0.432799371;-3.8885867e-07;7.96941013e-08;-4.41011466e-08;0.842383;0.041533
30.011390;-5.2791706e-07;3.57005241e-08;-1.05887295e-07;2.35126628e-08;-6.27333919e-07;0.155579268;0.609336683;2.43991813;0.0947997105;0.379599373;-3.77788688e-07;8.80940424e-08;-1.98329692e-08;0.842383;0.041533
30.011774;-5.32138331e-07;4.28594618e-08;-1.17092305e-07;2.21592743e-08;-6.1892809e-07;0.148029275;0.580967183;2.32116697;0.0859997094;0.343599374;-3.69607771e-07;9.43222125e-08;-1.5856905e-09;0.842383;0.041533
30.012001;-5.34633361e-07;4.70925523e-08;-1.23717036e-07;2.13607756e-08;-6.13958481e-07;0.143726279;0.564963826;2.25428959;0.0807997088;0.323999374;-3.64773618e-07;9.80027543e-08;9.20112807e-09;0.842383;0.041533
30.013003;-5.4528879e-07;6.68928687e-08;-1.53897107e-07;1.93882151e-08;-5.91483966e-07;0.128775296;0.506309373;2.01902565;0.0651997061;0.259999377;-3.45400358e-07;1.13032842e-07;5.68292867e-08;0.842383;0.041533
30.014265;-5.57399684e-07;9.35601798e-08;-1.93627567e-07;1.91767409e-08;-5.62542594e-07;0.116665315;0.456006411;1.83088357;0.0531997022;0.21359938;-3.25137164e-07;1.29844251e-07;1.15788604e-07;0.842383;0.041533
30.015002;-5.6378619e-07;1.09734192e-07;-2.17528916e-07;1.98798552e-08;-5.45435345e-07;0.111962325;0.439434692;1.75416689;0.0491996996;0.196399382;-3.15138008e-07;1.38882698e-07;1.4951358e-07;0.842383;0.041533
30.016264;-5.72384653e-07;1.38566848e-07;-2.6014536e-07;2.27051492e-08;-5.15780376e-07;0.10657234;0.416619614;1.67023268;0.0443996944;0.177999384;-3.03173001e-07;1.52809671e-07;2.04383541e-07;0.842383;0.041533
30.017000;-5.76376335e-07;1.55671987e-07;-2.8555805e-07;2.47672605e-08;-4.98400044e-07;0.104513348;0.409518286;1.63807411;0.0427996909;0.171199385;-2.98173671e-07;1.6052541e-07;2.35086259e-07;0.842383;0.041533
30.018156;-5.80028175e-07;1.82650379e-07;-3.26270753e-07;2.84249657e-08;-4.71065067e-07;0.102330357;0.402618816;1.60656741;0.0411996848;0.163999387;-2.94631002e-07;1.72411845e-07;2.80172153e-07;0.842383;0.041533
30.019087;-5.81070766e-07;2.04118476e-07;-3.59267581e-07;3.14966969e-08;-4.49108447e-07;0.101190362;0.395295805;1.58513732;0.0399996794;0.160399388;-2.94581767e-07;1.82203398e-07;3.14329011e-07;0.842383;0.041533
30.020205;-5.79677744e-07;2.2912728e-07;-3.98742558e-07;3.52581191e-08;-4.22894504e-07;0.100270365;0.394933496;1.57175675;0.0395996721;0.15759939;-2.98069836e-07;1.9467715e-07;3.52392204e-07;0.842383;0.041533
30.021136;-5.76595612e-07;2.49220705e-07;-4.31333768e-07;3.84222503e-08;-4.01199828e-07;0.0997323649;0.393053193;1.56419254;0.0387996653;0.155999391;-3.03315511e-07;2.05782326e-07;3.81886933e-07;0.842383;0.041533
30.022267;-5.70261507e-07;2.72519959e-07;-4.704777e-07;4.23724012e-08;-3.75068923e-07;0.0992323616;0.391002705;1.55595023;0.0387996561;0.154399394;-3.12439257e-07;2.20442535e-07;4.14626804e-07;0.842383;0.041533
30.023283;-5.62350491e-07;2.92374325e-07;-5.05261227e-07;4.61606733e-08;-3.51846172e-07;0.0987263562;0.38895509;1.54771849;0.0383996473;0.152799397;-3.22624663e-07;2.34677186e-07;4.41337106e-07;0.842383;0.041533
30.024051;-5.55093799e-07;3.06678157e-07;-5.31327354e-07;4.92560494e-08;-3.34466689e-07;0.0982553507;0.386748564;1.54292459;0.0379996403;0.151199399;-3.31320332e-07;2.46028868e-07;4.59975317e-07;0.842383;0.041533
30.025075;-5.43281196e-07;3.24389498e-07;-5.65614729e-07;5.39703485e-08;-3.11619595e-07;0.0975543415;0.381327063;1.52940993;0.0371996306;0.149199403;-3.44371004e-07;2.62038047e-07;4.82225273e-07;0.842383;0.041533
30.026175;-5.28262988e-07;3.41921176e-07;-6.01699195e-07;5.98335324e-08;-2.87322416e-07;0.09674833;0.38036942;1.51734462;0.0367996195;0.146799406;-3.5977034e-07;2.80002187e-07;5.03271417e-07;0.842383;0.041533
30.027097;-5.14055543e-07;3.55764222e-07;-6.31193066e-07;6.53427168e-08;-2.66935111e-07;0.0960553196;0.374785082;1.50747028;0.0359996097;0.144799409;-3.73473224e-07;2.95449329e-07;5.18917622e-07;0.842383;0.041533
30.028019;-4.98296349e-07;3.69071876e-07;-6.59706162e-07;7.14104709e-08;-2.46291175e-07;0.095363309;0.37331021;1.49743672;0.0355995994;0.142399412;-3.87735856e-07;3.11137327e-07;5.32638766e-07;0.842383;0.041533
30.029171;-4.76231741e-07;3.85346241e-07;-6.93214235e-07;7.97531991e-08;-2.19689848e-07;0.094514296;0.372431411;1.48126266;0.0351995857;0.139999414;-4.05915988e-07;3.30955819e-07;5.46625679e-07;0.842383;0.041533
30.030092;-4.57088975e-07;3.98302851e-07;-7.18209897e-07;8.68479394e-08;-1.97695053e-07;0.0938552862;0.366522647;1.47035382;0.0343995742;0.137999416;-4.20307936e-07;3.46902248e-07;5.55493489e-07;0.842383;0.041533
30.031014;-4.36658084e-07;4.11312652e-07;-7.41220166e-07;9.43030117e-08;-1.74890577e-07;0.0932192772;0.364732337;1.46322164;0.0339995623;0.136399418;-4.34154247e-07;3.62926943e-07;5.61969054e-07;0.842383;0.041533
30.032396;-4.03945377e-07;4.31106835e-07;-7.70874777e-07;1.06271568e-07;-1.39158149e-07;0.0923112658;0.363986793;1.4472821;0.0335995433;0.133599419;-4.52565991e-07;3.86978619e-07;5.66328351e-07;0.842383;0.041533
30.033087;-3.87003078e-07;4.41158564e-07;-7.83975004e-07;1.12527477e-07;-1.20844989e-07;0.0918802608;0.36134072;1.44101064;0.0331995334;0.13239942;-4.60780104e-07;3.99012044e-07;5.66685771e-07;0.842383;0.041533
30.034239;-3.57674618e-07;4.58375705e-07;-8.01898253e-07;1.23411442e-07;-8.95340645e-08;0.0911952535;0.359668692;1.42990359;0.0327995162;0.130399422;-4.72083039e-07;4.19064273e-07;5.63303428e-07;0.842383;0.041533
30.035161;-3.33568038e-07;4.72575369e-07;-8.13332835e-07;1.3232266e-07;-6.40466345e-08;0.0906762483;0.357316019;1.42044263;0.0323995023;0.128799423;-4.79332091e-07;4.34978317e-07;5.5775255e-07;0.842383;0.041533
30.036083;-3.0902026e-07;4.87256041e-07;-8.21873183e-07;1.4137843e-07;-3.83099632e-08;0.0901842435;0.354829994;1.41488574;0.0319994888;0.127599426;-4.84784023e-07;4.50517865e-07;5.49565556e-07;0.842383;0.041533
30.037235;-2.77950525e-07;5.06393589e-07;-8.27740965e-07;1.53004065e-07;-6.16032839e-09;0.0896042374;0.352662708;1.40618784;0.0315994732;0.12599943;-4.88561791e-07;4.68649138e-07;5.35591212e-07;0.842383;0.041533
30.038156;-2.53004434e-07;5.22204567e-07;-8.28851436e-07;1.62628141e-07;1.92886812e-08;0.0891672324;0.349905124;1.39962155;0.0311994617;0.124799435;-4.89245175e-07;4.81728759e-07;5.22066191e-07;0.842383;0.041533
30.039689;-2.11825011e-07;5.49490826e-07;-8.22456366e-07;1.79668802e-07;6.05700627e-08;0.0884902228;0.348061836;1.38772804;0.0307994451;0.122799446;-4.8469126e-07;4.99203769e-07;4.95124771e-07;0.842383;0.041533
30.040073;-2.01635354e-07;5.56455981e-07;-8.19657651e-07;1.84096762e-07;7.07125374e-08;0.0883312201;0.348687987;1.38569759;0.0303994413;0.122399449;-4.82696781e-07;5.02858876e-07;4.87834629e-07;0.842383;0.041533
30.041223;-1.71935316e-07;5.77795812e-07;-8.0653018e-07;1.97924998e-07;1.00188621e-07;0.0878722105;0.345957317;1.37927955;0.0303994312;0.121199462;-4.73325246e-07;5.10532372e-07;4.64281675e-07;0.842383;0.041533
30.042373;-1.43488455e-07;5.99556433e-07;-7.88384688e-07;2.12157215e-07;1.28660677e-07;0.0874451988;0.343072378;1.37229174;0.0299994223;0.119999477;-4.60503187e-07;5.14151878e-07;4.3944123e-07;0.842383;0.041533
30.043035;-1.27652648e-07;6.12206758e-07;-7.76198215e-07;2.20431639e-07;1.44692383e-07;0.0872111912;0.343992602;1.36680065;0.0299994177;0.119199487;-4.51983231e-07;5.14656246e-07;4.24828532e-07;0.842383;0.041533
30.044235;-1.00678303e-07;6.353688e-07;-7.49693847e-07;2.35492284e-07;1.72648965e-07;0.086802175;0.341005309;1.35941626;0.0295994106;0.117999508;-4.33835047e-07;5.10910614e-07;3.98047845e-07;0.842383;0.041533
30.045020;-8.38842999e-08;6.50550429e-07;-7.30455134e-07;2.45369484e-07;1.90306026e-07;0.0865451632;0.337396097;1.35883125;0.0291994066;0.117599523;-4.20821618e-07;5.06241555e-07;3.80602982e-07;0.842383;0.041533
30.046591;-5.30042664e-08;6.80325574e-07;-6.86628075e-07;2.65745757e-07;2.22828207e-07;0.0860541361;0.339321677;1.34799136;0.0291994007;0.115999555;-3.91475811e-07;4.90315606e-07;3.46729428e-07;0.842383;0.041533
30.047769;-3.17097085e-08;7.01658062e-07;-6.50489014e-07;2.82248678e-07;2.44728198e-07;0.0857081137;0.336024511;1.34409912;0.0287993978;0.11519958;-3.67306489e-07;4.74519575e-07;3.22229388e-07;0.842383;0.041533
30.048161;-2.49706827e-08;7.08475756e-07;-6.37889185e-07;2.88144638e-07;2.51466853e-07;0.0855961059;0.336464194;1.34118472;0.0287993972;0.114799589;-3.5884588e-07;4.68644593e-07;3.1421215e-07;0.842383;0.041533
30.050517;1.20167499e-08;7.45042034e-07;-5.56423392e-07;3.29814913e-07;2.8523092e-07;0.0849710569;0.334231569;1.33221975;0.0283993991;0.113199643;-3.03309727e-07;4.28039349e-07;2.66974836e-07;0.842383;0.041533
30.051302;2.32891806e-08;7.55219899e-07;-5.27483578e-07;3.4606183e-07;2.94039801e-07;0.0847780402;0.330274257;1.33053437;0.0279994021;0.112799661;-2.83296385e-07;4.13221737e-07;2.51570708e-07;0.842383;0.041533
30.052088;3.41156763e-08;7.64266249e-07;-4.97694447e-07;3.63435568e-07;3.01653874e-07;0.0845930235;0.330995455;1.32871564;0.0279994062;0.11239968;-2.62619606e-07;3.97913161e-07;2.36370449e-07;0.842383;0.041533
30.053266;4.93072243e-08;7.74940398e-07;-4.51293765e-07;3.92074752e-07;3.10142305e-07;0.0843299992;0.332027743;1.32337296;0.0279994149;0.111599708;-2.30362171e-07;3.7399319e-07;2.14148723e-07;0.842383;0.041533
30.054051;5.88954225e-08;7.80552512e-07;-4.19550222e-07;4.12548607e-07;3.1420905e-07;0.0841629836;0.327933889;1.32124616;0.0275994219;0.111199726;-2.08325963e-07;3.57633671e-07;1.99622734e-07;0.842383;0.041533
30.055229;7.20193658e-08;7.85977983e-07;-3.7052114e-07;4.46231533e-07;3.16582939e-07;0.0839259619;0.328859946;1.31544503;0.0275994344;0.110399753;-1.74531034e-07;3.32582551e-07;1.7846943e-07;0.842383;0.041533
30.056407;8.36012865e-08;7.8848285e-07;-3.20713961e-07;4.82879651e-07;3.14491168e-07;0.0837039426;0.32973255;1.3141551;0.0275994486;0.109999779;-1.40358363e-07;3.07443784e-07;1.58132037e-07;0.842383;0.041533
30.057192;9.04174177e-08;7.88685335e-07;-2.87554358e-07;5.08699233e-07;3.10478676e-07;0.0835639311;0.325498867;1.31157004;0.0271994587;0.109599796;-1.17471994e-07;2.90832988e-07;1.45075939e-07;0.842383;0.041533
30.058370;9.88376254e-08;7.8642388e-07;-2.38690441e-07;5.49408078e-07;2.99307032e-07;0.0833659169;0.326271337;1.30508886;0.0271994747;0.108799819;-8.29797549e-08;2.66527902e-07;1.26411541e-07;0.842383;0.041533
30.059155;1.03328153e-07;7.8353471e-07;-2.06936873e-07;5.77256481e-07;2.88845795e-07;0.0832409095;0.326761268;1.30704865;0.0271994857;0.108799834;-5.99457741e-08;2.50870064e-07;1.14434357e-07;0.842383;0.041533
30.060333;1.07736423e-07;7.76811038e-07;-1.61140488e-07;6.19521253e-07;2.67349064e-07;0.0830639023;0.327458076;1.30501826;0.0271995023;0.107999855;-2.53403729e-08;2.28733835e-07;9.7106709e-08;0.842383;0.041533
30.061119;1.09336827e-07;7.711911e-07;-1.31648127e-07;6.47545577e-07;2.49854881e-07;0.0829518998;0.323078121;1.3019582;0.0267995134;0.107999869;-2.20028915e-09;2.14823704e-07;8.58030828e-08;0.842383;0.041533
30.062297;1.09062768e-07;7.6114968e-07;-8.94711765e-08;6.88271069e-07;2.17746469e-07;0.0827939002;0.323694029;1.29961151;0.0267995299;0.107599889;3.2790298e-08;1.95788336e-07;6.93032596e-08;0.842383;0.041533
30.063474;1.05968915e-07;7.5020077e-07;-4.9344708e-08;7.26655861e-07;1.8003755e-07;0.0826459047;0.324274083;1.2970989;0.0267995458;0.107199911;6.83475929e-08;1.78720667e-07;5.35253868e-08;0.842383;0.041533
30.065045;9.77652445e-08;7.35100198e-07;1.43784704e-09;7.72939685e-07;1.22707586e-07;0.0824649154;0.32498594;1.29509533;0.0267995658;0.10679994;1.16746846e-07;1.58722997e-07;3.43365596e-08;0.842383;0.041533
30.066223;8.82139432e-08;7.23515967e-07;3.7286908e-08;8.01933429e-07;7.4980358e-08;0.0823389265;0.320625237;1.29221919;0.0263995802;0.106399962;1.53380362e-07;1.45784486e-07;2.223745e-08;0.842383;0.041533
30.067008;8.05719733e-08;7.15651387e-07;6.04003951e-08;8.18763014e-07;4.1747817e-08;0.0822599347;0.32093331;1.28859758;0.0263995897;0.105999977;1.77724477e-07;1.37778169e-07;1.50953006e-08;0.842383;0.041533
30.068186;6.60237257e-08;7.03391832e-07;9.37615426e-08;8.38043382e-07;-1.04744183e-08;0.0821479479;0.321371024;1.29035713;0.0263996038;0.106;2.13744543e-07;1.26827714e-07;6.09036582e-09;0.842383;0.041533
30.069757;4.11808929e-08;6.86122029e-07;1.37079136e-07;8.53611555e-07;-8.2103755e-08;0.0820109657;0.321907844;1.28763536;0.0263996228;0.105600027;2.60422538e-07;1.13486331e-07;-4.1088424e-09;0.842383;0.041533
30.070149;3.40451265e-08;6.81617782e-07;1.47804105e-07;8.55705134e-07;-1.00009374e-07;0.08197797;0.32203742;1.28327435;0.0263996275;0.105200033;2.7176038e-07;1.10279112e-07;-6.47574871e-09;0.842383;0.041533
30.071720;1.32624076e-09;6.62278682e-07;1.90740132e-07;8.55473467e-07;-1.70453541e-07;0.0818549869;0.322521306;1.28520096;0.0263996466;0.105200056;3.15316894e-07;9.73585708e-08;-1.55178021e-08;0.842383;0.041533
30.072113;-7.53937721e-09;6.57102572e-07;2.01509343e-07;8.53811245e-07;-1.87567123e-07;0.081825991;0.322635605;1.28565645;0.0263996514;0.10480006;3.25768248e-07;9.39682476e-08;-1.77227544e-08;0.842383;0.041533
30.073291;-3.60641571e-08;6.40096692e-07;2.33929704e-07;8.43619163e-07;-2.36268824e-07;0.0817430034;0.322963187;1.28206852;0.0259996656;0.104800072;3.55264227e-07;8.27271012e-08;-2.40685093e-08;0.842383;0.041533
30.074076;-5.60141132e-08;6.27763132e-07;2.55586326e-07;8.34016468e-07;-2.66756632e-07;0.0816900117;0.318276156;1.28290033;0.025999675;0.104800078;3.73713846e-07;7.43239435e-08;-2.80371206e-08;0.842383;0.041533
30.076432;-1.19890387e-07;5.85301908e-07;3.19366806e-07;7.91158854e-07;-3.42817444e-07;0.0815450386;0.318842085;1.28027628;0.0259997027;0.10440009;4.21236592e-07;4.18755641e-08;-3.77932924e-08;0.842383;0.041533
30.077217;-1.42035293e-07;5.70042388e-07;3.39439216e-07;7.73459152e-07;-3.63074035e-07;0.0815010482;0.319014216;1.27606173;0.025999712;0.104000092;4.34639125e-07;2.8821296e-08;-4.05945923e-08;0.842383;0.041533
30.079573;-2.10156706e-07;5.2286857e-07;3.90713678e-07;7.12452741e-07;-4.06979793e-07;0.0813800802;0.31948854;1.277959;0.0259997405;0.104000101;4.66354144e-07;-1.70513328e-08;-4.83814107e-08;0.842383;0.041533
30.080358;-2.33201334e-07;5.07213482e-07;4.03872566e-07;6.90575138e-07;-4.16522502e-07;0.0813430917;0.319633866;1.27362282;0.0259997503;0.103600104;4.743555e-07;-3.40876983e-08;-5.05694561e-08;0.842383;0.041533
30.081144;-2.56506865e-07;4.9177767e-07;4.1490262e-07;6.68296953e-07;-4.23743103e-07;0.0813071034;0.319775392;1.27418669;0.0259997604;0.103600108;4.81276767e-07;-5.17948069e-08;-5.23814869e-08;0.842383;0.041533
30.083499;-3.296796e-07;4.4937371e-07;4.32420973e-07;6.00924313e-07;-4.29768845e-07;0.0812091386;0.320161304;1.27572288;0.025999794;0.103600117;4.95914626e-07;-1.07960228e-07;-5.37148928e-08;0.842383;0.041533
30.085463;-3.95283257e-07;4.21511219e-07;4.318278e-07;5.4540967e-07;-4.19889665e-07;0.0811361661;0.320449388;1.27193979;0.0259998271;0.103200125;5.03750565e-07;-1.55741461e-07;-4.92919665e-08;0.842383;0.041533
30.086248;-4.22374768e-07;4.13092468e-07;4.28741337e-07;5.23773951e-07;-4.12737619e-07;0.0811091764;0.320555925;1.27236348;0.0255998419;0.103200127;5.06333491e-07;-1.7427771e-07;-4.59062042e-08;0.842383;0.041533
30.087819;-4.77600678e-07;4.02195978e-07;4.19283285e-07;4.82364992e-07;-3.93398467e-07;0.0810581957;0.315822918;1.27316361;0.0255998743;0.103200131;5.11325149e-07;-2.09117065e-07;-3.57023572e-08;0.842383;0.041533
30.088211;-4.91513621e-07;4.0077807e-07;4.16442259e-07;4.72531575e-07;-3.87691665e-07;0.0810462003;0.315869692;1.2733521;0.0255998829;0.102800132;5.12610678e-07;-2.17202095e-07;-3.24135799e-08;0.842383;0.041533
30.094101;-6.91065395e-07;4.36208038e-07;3.52999842e-07;3.46781952e-07;-2.75361315e-07;0.0808902533;0.316479156;1.27086245;0.0256000348;0.102400142;5.2866883e-07;-2.99642212e-07;3.7716314e-08;0.842383;0.041533
30.095672;-7.35493888e-07;4.61689913e-07;3.28808274e-07;3.2083958e-07;-2.40500743e-07;0.080855261;0.316616197;1.26646557;0.0256000801;0.102400143;5.27032014e-07;-3.05646605e-07;5.7810736e-08;0.842383;0.041533
30.097242;-7.74175397e-07;4.90513517e-07;3.02658245e-07;2.98624424e-07;-2.06814691e-07;0.0808232646;0.316741599;1.26696717;0.0256001258;0.102400144;5.20967198e-07;-3.05295236e-07;7.67268665e-08;0.842383;0.041533
30.102347;-8.50870882e-07;5.8010786e-07;2.17562779e-07;2.49502594e-07;-1.25382003e-07;0.0807352488;0.317087003;1.26834795;0.0256002681;0.102400139;4.79334964e-07;-2.7348296e-07;1.23034533e-07;0.842383;0.041533
30.103524;-8.56359549e-07;5.9482981e-07;1.99963575e-07;2.41004761e-07;-1.16543874e-07;0.0807182404;0.317153824;1.26365892;0.0256002983;0.102000136;4.68656884e-07;-2.61409258e-07;1.30541918e-07;0.842383;0.041533
30.107355;-8.39821959e-07;6.24755522e-07;1.43827571e-07;2.09503774e-07;-1.24754132e-07;0.0806672033;0.317354467;1.26445823;0.0256003809;0.102000126;4.38238738e-07;-2.10822639e-07;1.50943042e-07;0.842383;0.041533
30.109909;-8.03263464e-07;6.32100166e-07;1.01489988e-07;1.83042409e-07;-1.6177211e-07;0.0806381722;0.317468678;1.26491296;0.0256004171;0.102000116;4.2324746e-07;-1.72790264e-07;1.6306493e-07;0.842383;0.041533
30.116931;-6.2692199e-07;6.29135615e-07;-7.2493602e-08;9.05024916e-08;-3.60077157e-07;0.0805750938;0.317717081;1.26590191;0.025600433;0.102000077;4.09977962e-07;-9.56584291e-08;1.56492926e-07;0.842383;0.041533
30.117569;-6.07988739e-07;6.28307098e-07;-9.27920023e-08;8.25738683e-08;-3.82820592e-07;0.0805700886;0.317736809;1.26598046;0.0256004283;0.101600075;4.08979588e-07;-9.08601549e-08;1.49629927e-07;0.842383;0.041533
30.118208;-5.88982044e-07;6.27557057e-07;-1.1354884e-07;7.49789704e-08;-4.05883566e-07;0.0805660835;0.317752594;1.26107844;0.0256004229;0.101600073;4.07816178e-07;-8.5951876e-08;1.41976838e-07;0.842383;0.041533
30.126507;-3.4502435e-07;6.30396923e-07;-4.25990549e-07;2.52044949e-08;-7.13571074e-07;0.0805160337;0.31794996;1.26186109;0.0256002811;0.101600074;3.67799817e-07;1.06718437e-08;-5.42233514e-08;0.842383;0.041533
30.130976;-2.10103727e-07;6.43469992e-07;-6.06365406e-07;2.74171106e-08;-8.55650198e-07;0.080497021;0.318024956;1.26215894;0.0256002019;0.101600104;3.23011009e-07;7.45813578e-08;-1.92769997e-07;0.842383;0.041533
30.131614;-1.90182012e-07;6.4548158e-07;-6.31999166e-07;2.90419506e-08;-8.72803568e-07;0.080494019;0.318036797;1.26220598;0.0252001931;0.10160011;3.15923399e-07;8.21535044e-08;-2.1079747e-07;0.842383;0.041533
30.138998;3.46416833e-08;6.41934754e-07;-8.72334665e-07;8.08947015e-08;-1.00397171e-06;0.0804709828;0.31812751;1.26256675;0.0252001397;0.101600162;2.44562235e-07;1.13302292e-07;-3.54782393e-07;0.842383;0.041533
30.139998;6.2511134e-08;6.35502241e-07;-8.92321348e-07;9.48680501e-08;-1.01282704e-06;0.0804679754;0.313168417;1.26261383;0.0252001376;0.101600165;2.3493022e-07;1.09965069e-07;-3.63587019e-07;0.842383;0.041533
30.149994;2.35053534e-07;4.79408188e-07;-8.80270905e-07;3.21692366e-07;-1.01997375e-06;0.0804478322;0.313245919;1.26292778;0.0252001127;0.101600091;3.79051045e-08;2.19222125e-10;-4.22911913e-07;0.842383;0.041533
30.149995;0.327161235;-0.355199521;-0.59400088;-1.08570366;-1.81562085;0.205446832;-1.40182129;-1.5848368;-0.287999887;-0.325599909;0.327161038;-0.000887999781;-0.00148542291;0.842383;0.041533
30.150002;0.327370235;-0.355199521;-0.59400088;-1.08501052;-1.81446172;0.205678832;-1.40024008;-1.58499392;-0.287999887;-0.325999909;0.327370038;-0.000887999896;-0.00148542297;0.842383;0.041533
30.150634;0.343983239;-0.354799536;-0.614400866;-1.03144598;-1.7861358;0.224107822;-1.29758859;-1.60279848;-0.290799889;-0.359199917;0.343983019;-0.000887009065;-0.00153642732;0.842383;0.041533
30.151018;0.354091241;-0.352399546;-0.626400858;-0.995224043;-1.76903778;0.235375816;-1.23547;-1.61103918;-0.29079989;-0.379199922;0.354091007;-0.000881014639;-0.00156642997;0.842383;0.041533
30.151530;0.367544243;-0.347199559;-0.641600845;-0.944648444;-1.74564235;0.250440808;-1.14997141;-1.61794576;-0.287999891;-0.40519993;0.367543991;-0.000868022151;-0.00160443354;0.842383;0.041533
30.151786;0.374247244;-0.343199565;-0.649600839;-0.917041053;-1.73575307;0.257978805;-1.10706682;-1.62183726;-0.285599892;-0.418399934;0.374246984;-0.000858025908;-0.00162443533;0.842383;0.041533
30.152042;0.380927245;-0.338799572;-0.656800832;-0.889408885;-1.72421589;0.265512801;-1.06360138;-1.62251924;-0.282399893;-0.430799937;0.380926976;-0.000847029666;-0.00164243711;0.842383;0.041533
30.153066;0.407291246;-0.313599598;-0.685200804;-0.76996506;-1.68233623;0.295502789;-0.886623832;-1.6243488;-0.261999895;-0.479999954;0.407290945;-0.000784044727;-0.00171344426;0.842383;0.041533
30.153322;0.413766246;-0.305199605;-0.692000797;-0.73761458;-1.67244387;0.302938787;-0.842413836;-1.62276875;-0.255199896;-0.491599958;0.413765938;-0.000763048457;-0.00173044604;0.842383;0.041533
30.153578;0.420185246;-0.296399611;-0.698400789;-0.705403167;-1.66212601;0.310341785;-0.796540616;-1.6201479;-0.247599896;-0.502799962;0.420184931;-0.000741052186;-0.00174644782;0.842383;0.041533
30.154090;0.432836246;-0.276399625;-0.710400774;-0.638578631;-1.64126928;0.32502878;-0.706398548;-1.61339431;-0.229599898;-0.524399971;0.432835916;-0.000691059609;-0.00177645137;0.842383;0.041533
30.154986;0.454299246;-0.234799649;-0.729200748;-0.5168398;-1.60511126;0.350277775;-0.548136123;-1.5953041;-0.191999899;-0.558799987;0.454298892;-0.000587072296;-0.00182345759;0.842383;0.041533
30.155370;0.463208245;-0.214399659;-0.736400736;-0.462858581;-1.58978353;0.360895774;-0.479916735;-1.58383559;-0.1735999;-0.571599995;0.463207882;-0.000536077461;-0.00184146032;0.842383;0.041533
30.155498;0.466138245;-0.207599662;-0.738400732;-0.445361235;-1.58408121;0.364404774;-0.457732554;-1.58065868;-0.1667999;-0.575999997;0.466137879;-0.000519079179;-0.00184646123;0.842383;0.041533
30.155754;0.471935245;-0.193199669;-0.742400725;-0.409377967;-1.57309895;0.371378773;-0.413593754;-1.57251736;-0.153599901;-0.584000002;0.471934872;-0.000483082615;-0.00185646305;0.842383;0.041533
30.156010;0.477650244;-0.178399676;-0.746400717;-0.37349479;-1.56265144;0.378290772;-0.369028178;-1.56387523;-0.139599901;-0.591600007;0.477649866;-0.00044608604;-0.00186646487;0.842383;0.041533
30.156266;0.483281244;-0.163199683;-0.749600709;-0.337691286;-1.55106544;0.385137772;-0.325078393;-1.55372859;-0.125199901;-0.598400012;0.48328086;-0.000408089189;-0.00187446678;0.842383;0.041533
30.156394;0.486066244;-0.155199686;-0.751200705;-0.31929775;-1.54547008;0.388537772;-0.303702711;-1.5493978;-0.117999902;-0.602000014;0.486065857;-0.000388090763;-0.00187846773;0.842383;0.041533
30.156650;0.491572243;-0.139199693;-0.754400698;-0.283172712;-1.53466931;0.395287772;-0.26006367;-1.53811884;-0.102799902;-0.608000019;0.49157185;-0.000348093912;-0.00188646964;0.842383;0.041533
30.156906;0.496995243;-0.1231997;-0.75680069;-0.24788936;-1.52275268;0.401971772;-0.21693066;-1.52746936;-0.0871999023;-0.614000024;0.496994844;-0.000308097061;-0.00189247154;0.842383;0.041533
30.157162;0.502337242;-0.106399706;-0.759200682;-0.211809539;-1.51133695;0.408588772;-0.175237354;-1.51545909;-0.0715999027;-0.619600029;0.502336838;-0.000266099965;-0.00189847351;0.842383;0.041533
30.157930;0.517884242;-0.0555997269;-0.76400066;-0.107359481;-1.47523476;0.428041774;-0.0523314693;-1.47835939;-0.022799904;-0.632800044;0.517883821;-0.000139108252;-0.00191047955;0.842383;0.041533
30.158186;0.522913241;-0.0379997336;-0.764800652;-0.0726693622;-1.4625769;0.434393775;-0.0138125081;-1.46410841;-0.00599990447;-0.636400049;0.522912815;-9.51106838e-05;-0.00191248163;0.842383;0.041533
30.159082;0.539962241;0.0232002428;-0.766000627;0.0429664619;-1.41861924;0.456119779;0.116635788;-1.41366285;0.0532000936;-0.645200067;0.539961796;5.78813896e-05;-0.00191548905;0.842383;0.041533
30.160059;0.557683241;0.0892002174;-0.7628006;0.159947975;-1.367803;0.478957785;0.245532803;-1.35460707;0.117600091;-0.648800086;0.557682775;0.000222874483;-0.00190749739;0.842383;0.041533
30.160865;0.571753241;0.142000197;-0.757200579;0.248359472;-1.32434894;0.497199791;0.340305486;-1.30410276;0.169200088;-0.648400101;0.571752758;0.000354870129;-0.00189350428;0.842383;0.041533
30.161096;0.575697241;0.156400191;-0.755600573;0.271671165;-1.31249682;0.502318793;0.364708251;-1.28922037;0.183200087;-0.647600106;0.575696754;0.000390869044;-0.00188950623;0.842383;0.041533
30.161326;0.579612241;0.170800185;-0.753200567;0.294680365;-1.29949083;0.507399794;0.389436107;-1.27473371;0.197200086;-0.64680011;0.579611749;0.000426868193;-0.00188350814;0.842383;0.041533
30.162017;0.591204242;0.212400168;-0.74600055;0.359267326;-1.2618326;0.522423799;0.455568408;-1.23041797;0.238000084;-0.642800123;0.591203736;0.000530865662;-0.00186551388;0.842383;0.041533
30.162824;0.604504243;0.257200149;-0.736400531;0.425473252;-1.21818958;0.539576805;0.522631354;-1.17944219;0.28200008;-0.636400137;0.604503721;0.000642864;-0.00184152027;0.842383;0.041533
30.163054;0.608272243;0.269200143;-0.733200526;0.442565635;-1.20538258;0.544409807;0.540033898;-1.16529798;0.294000079;-0.634400141;0.608271717;0.000672863615;-0.00183352207;0.842383;0.041533
30.163169;0.610151244;0.275200141;-0.731600523;0.451036356;-1.19904822;0.546816807;0.54789784;-1.15797401;0.299600078;-0.633200143;0.610150715;0.000687863565;-0.00182952294;0.842383;0.041533
30.163630;0.617646245;0.297600131;-0.725200513;0.481829858;-1.17413611;0.556376811;0.578743993;-1.12944977;0.322000076;-0.628400151;0.617645707;0.000743863365;-0.00181352643;0.842383;0.041533
30.164091;0.625114246;0.318800121;-0.718400502;0.509987435;-1.14923113;0.565839814;0.605117772;-1.1020781;0.342400074;-0.623600158;0.6251137;0.000796863315;-0.0017965299;0.842383;0.041533
30.165013;0.640013248;0.356000102;-0.704000483;0.556239147;-1.09997838;0.58450182;0.648072764;-1.04841362;0.37880007;-0.612800173;0.640012686;0.000889864447;-0.00176053664;0.842383;0.041533
30.166049;0.656787252;0.390000083;-0.686800461;0.593800246;-1.04569738;0.605137826;0.68083613;-0.991509139;0.412000067;-0.600000188;0.656786672;0.000974867387;-0.00171754398;0.842383;0.041533
30.167086;0.673633257;0.415200067;-0.66880044;0.616359765;-0.992826121;0.625451831;0.696456007;-0.938201256;0.435600064;-0.586800201;0.673632661;0.00103787166;-0.00167255099;0.842383;0.041533
30.168008;0.688685261;0.430000054;-0.652400422;0.624378738;-0.947313253;0.643271835;0.698304594;-0.894178275;0.449200063;-0.575200211;0.688684652;0.00107487613;-0.00163155679;0.842383;0.041533
30.169019;0.705274267;0.438000043;-0.634000401;0.621035602;-0.898941993;0.662583837;0.688214299;-0.848797802;0.456000063;-0.56240022;0.705273644;0.00109488123;-0.00158556232;0.842383;0.041533
30.170040;0.722065274;0.437600033;-0.614800381;0.606039971;-0.851447449;0.681829839;0.665854795;-0.805479135;0.454000065;-0.549600227;0.722064638;0.001093886;-0.00153756667;0.842383;0.041533
30.171061;0.738842282;0.429600025;-0.595200359;0.581450756;-0.805585482;0.70081284;0.634120325;-0.764825757;0.444400067;-0.536000231;0.738841633;0.00107388984;-0.00148856932;0.842383;0.041533
30.172081;0.755535291;0.413600019;-0.574000338;0.547426956;-0.759727045;0.71951184;0.593179491;-0.72493555;0.426800071;-0.521600234;0.755534631;0.00103389223;-0.00143556977;0.842383;0.041533
30.172719;0.765891297;0.400400016;-0.560400324;0.522790078;-0.731697283;0.73104284;0.564125172;-0.700368958;0.412400074;-0.512000234;0.765890631;0.00100089271;-0.00140156855;0.842383;0.041533
30.173230;0.774119302;0.387600014;-0.549200312;0.500698482;-0.709452107;0.740174839;0.539331585;-0.68091981;0.399200077;-0.504000233;0.774118631;0.000968892655;-0.00137356691;0.842383;0.041533
30.174123;0.78836431;0.36240001;-0.528800292;0.459686381;-0.67075658;0.755947838;0.49262615;-0.647134214;0.372400083;-0.489200231;0.788363633;0.000905891427;-0.00132256226;0.842383;0.041533
30.175016;0.802377318;0.333200007;-0.507200272;0.415266363;-0.632122213;0.771438837;0.442808505;-0.612880356;0.34160009;-0.472800227;0.802376636;0.000832888831;-0.00126855522;0.842383;0.041533
30.175399;0.808301321;0.319600005;-0.497600263;0.395397472;-0.615612647;0.777985837;0.421086947;-0.598468104;0.327600094;-0.465600225;0.808300639;0.000798887162;-0.00124455106;0.842383;0.041533
30.175782;0.814171324;0.305200004;-0.488000254;0.37486003;-0.599383068;0.784477836;0.398736165;-0.583827466;0.312800098;-0.458000222;0.814170641;0.000762885494;-0.0012205469;0.842383;0.041533
30.176037;0.818054326;0.295600003;-0.481200248;0.361345536;-0.588225603;0.788773836;0.383886574;-0.573548065;0.3028001;-0.45240022;0.818053642;0.000738884337;-0.00120354402;0.842383;0.041533
30.176840;0.830092332;0.264;-0.459600231;0.318037215;-0.553673923;0.802107835;0.336612711;-0.542570073;0.27000011;-0.435200214;0.830091648;0.000659879849;-0.00114953296;0.842383;0.041533
30.177352;0.837636335;0.243199998;-0.445200219;0.290341078;-0.531496121;0.810480834;0.306484357;-0.522158808;0.248400117;-0.423200209;0.837635653;0.000607876619;-0.00111352493;0.842383;0.041533
30.178129;0.84888134;0.210399995;-0.423200202;0.247855855;-0.498538983;0.822995833;0.261483347;-0.491375156;0.215200128;-0.404400201;0.84888066;0.000525871348;-0.00105851171;0.842383;0.041533
30.179051;0.861855343;0.171199991;-0.395600183;0.198641432;-0.459010222;0.837494833;0.208717366;-0.454689022;0.174800142;-0.38080019;0.861854671;0.000427864369;-0.000989493809;0.842383;0.041533
30.179857;0.872895345;0.136399987;-0.370800166;0.156261748;-0.424793636;0.849889833;0.164256259;-0.422172019;0.139600156;-0.358800179;0.872894681;0.000340857681;-0.000927476169;0.842383;0.041533
30.180433;0.880602345;0.112399984;-0.352800154;0.127640057;-0.400635283;0.858577832;0.133709172;-0.398798681;0.114800167;-0.342400171;0.880601689;0.000280852614;-0.000882462483;0.842383;0.041533
30.181125;0.889657346;0.0835999804;-0.33080014;0.0939688886;-0.371828941;0.868824832;0.098523588;-0.370615222;0.0856001809;-0.32200016;0.889656698;0.000208846345;-0.000827445325;0.842383;0.041533
30.182039;0.901307345;0.0475999748;-0.301200122;0.052812268;-0.334181589;0.882085832;0.0562300731;-0.333754039;0.0496002001;-0.294400143;0.901306713;0.000118837654;-0.000753420856;0.842383;0.041533
30.183063;0.913897342;0.0151999678;-0.268400104;0.0166321299;-0.293687571;0.896550832;0.0182920607;-0.2935692;0.016400223;-0.263200122;0.913896731;3.78275863e-05;-0.000671391343;0.842383;0.041533
30.184023;0.925315338;-0.00640003932;-0.238000087;-0.00691651823;-0.257209898;0.909796833;-0.00571581279;-0.257199963;-0.00519975466;-0.234000101;0.92531475;-1.61819122e-05;-0.0005953621;0.842383;0.041533
30.184599;0.932011335;-0.0144000439;-0.220000078;-0.0154504234;-0.236048898;0.917618834;-0.0148212119;-0.235827452;-0.013599741;-0.216400087;0.932010762;-3.61874882e-05;-0.000550343754;0.842383;0.041533
30.184945;0.935978333;-0.0180000466;-0.209200073;-0.0192311877;-0.223509703;0.922271835;-0.0186498381;-0.223794877;-0.0171997327;-0.206400078;0.93597777;-4.51908376e-05;-0.000523332735;0.842383;0.041533
30.185060;0.937293333;-0.0188000475;-0.206000071;-0.02005773;-0.219782035;0.923815835;-0.0194846405;-0.219523962;-0.01799973;-0.202800075;0.937292772;-4.71919178e-05;-0.000515329001;0.842383;0.041533
30.186097;0.948957326;-0.0196000558;-0.174800057;-0.0206542348;-0.184202394;0.937580839;-0.02047846;-0.184303802;-0.0191997052;-0.172800048;0.948956797;-4.92012931e-05;-0.000437294665;0.842383;0.041533
30.187018;0.95909032;-0.0120000631;-0.148400045;-0.0125118493;-0.15473015;0.949622844;-0.012215592;-0.154587387;-0.0115996834;-0.146800023;0.95908982;-3.02088028e-05;-0.000371263399;0.842383;0.041533
30.188048;0.970158312;0.00519992914;-0.119200033;0.00535995393;-0.122866719;0.962856852;0.00540038965;-0.122967098;0.00520034011;-0.118399993;0.970157848;1.2784279e-05;-0.000298227859;0.842383;0.041533
30.189057;0.980756303;0.0283999222;-0.0916000229;0.0289572491;-0.093397461;0.975600863;0.0295200744;-0.0930705528;0.0288003618;-0.090799964;0.980755876;7.07793741e-05;-0.000229192951;0.842383;0.041533
30.190035;0.990687295;0.0555999164;-0.0652000135;0.0561226615;-0.0658130289;0.987602875;0.0567027703;-0.0652081023;0.0560003809;-0.0643999351;0.990686905;0.000138776792;-0.000163159524;0.842383;0.041533
30.191072;0.999325286;0.0863999115;-0.0420000041;0.0864583475;-0.0420284739;0.998126891;0.0869627212;-0.0412770222;0.0868003984;-0.0411999041;0.999324935;0.000215776909;-0.000105125183;0.842383;0.041533
30.192109;1.00585128;0.117199909;-0.0243999951;0.116518239;-0.024258164;1.00617091;0.116878597;-0.0234549635;0.117600412;-0.0235998729;1.00585097;0.000292780135;-6.10925723e-05;0.842383;0.041533
30.193025;1.01012227;0.142799908;-0.0127999871;0.141369048;-0.01267183;1.01150893;0.141175084;-0.0114677173;0.142800422;-0.0115998453;1.01012199;0.000356785452;-3.2065521e-05;0.842383;0.041533
30.194049;1.01350727;0.16839991;-0.00399997799;0.166155721;-0.00394678204;1.01581295;0.166172204;-0.00236233918;0.168800429;-0.00239981473;1.01350702;0.000420794254;-1.00379391e-05;0.842383;0.041533
30.195073;1.01567226;0.189599914;0.0016000314;0.186674426;0.00157522305;1.01864097;0.186915607;0.00392710336;0.190400434;0.00400021539;1.01567205;0.000473805557;3.98658516e-06;0.842383;0.041533
30.196097;1.01684926;0.206799921;0.00480004088;0.203373353;0.00472037568;1.020254;0.203478661;0.00705737075;0.207600436;0.00720024491;1.01684907;0.000516818964;1.20078517e-05;0.842383;0.041533
30.197121;1.01723826;0.21959993;0.00560005025;0.215878677;0.00550501133;1.02088702;0.215890626;0.00822844439;0.220400437;0.00840027377;1.01723809;0.000548834121;1.40258887e-05;0.842383;0.041533
30.198017;1.01706925;0.22759994;0.00480005829;0.223780291;0.00471934835;1.02079905;0.22374625;0.00744545421;0.228400437;0.00760029844;1.0170691;0.000568848501;1.20393325e-05;0.842383;0.041533
30.199041;1.01642625;0.233599953;0.0028000672;0.229824898;0.0027546486;1.02012407;0.229775953;0.00588194355;0.234400437;0.00600032578;1.01642612;0.000583866021;7.05195507e-06;0.842383;0.041533
30.200065;1.01542025;0.236799968;-0.000399924312;0.233204001;-0.000394035906;1.0189871;0.233172729;0.00274813182;0.237600435;0.00280035214;1.01542012;0.000591884272;-9.38007183e-07;0.842383;0.041533
30.201089;1.01415425;0.237999984;-0.00439991642;0.234678375;-0.00433871174;1.01751914;0.234688486;-0.00117903594;0.238800433;-0.0011996227;1.01415412;0.000594902945;-1.09305285e-05;0.842383;0.041533
30.202113;1.01271225;0.238400003;-0.0087999094;0.235407518;-0.00868966962;1.01583017;0.235472478;-0.005118666;0.23920043;-0.00519959902;1.01271212;0.000595921774;-2.1925583e-05;0.842383;0.041533
30.203038;1.01137025;0.238800021;-0.012799904;0.236115391;-0.0126562412;1.0142542;0.236232757;-0.00946478677;0.239600427;-0.00959957912;1.01137011;0.000596938757;-3.19230927e-05;0.842383;0.041533
30.204162;1.00988525;0.239600046;-0.0171998991;0.237254765;-0.0170317954;1.01252123;0.237427202;-0.0138265796;0.240400422;-0.0139995575;1.0098851;0.000598959285;-4.2922473e-05;0.842383;0.041533
30.205099;1.00876825;0.241200068;-0.0207998964;0.239103571;-0.0206193736;1.01123126;0.239312319;-0.0170086811;0.242000417;-0.0171995416;1.00876808;0.000602976394;-5.19232798e-05;0.842383;0.041533
30.206037;1.00775125;0.243600092;-0.0235998948;0.241726413;-0.0234186552;1.01007429;0.241962511;-0.0201962513;0.244400411;-0.020399528;1.00775106;0.000608993632;-5.89249267e-05;0.842383;0.041533
30.207161;1.00665325;0.248400122;-0.0271998943;0.246758352;-0.0270204164;1.00885332;0.247013237;-0.023392615;0.249200403;-0.0235995153;1.00665303;0.000621014665;-6.79273465e-05;0.842383;0.041533
30.208098;1.00583225;0.253600148;-0.0295998947;0.252129614;-0.0294285635;1.00796635;0.252389512;-0.0257942326;0.254400395;-0.0259995075;1.005832;0.000634032609;-7.39292448e-05;0.842383;0.041533
30.209036;1.00508925;0.260000174;-0.0319998959;0.258683591;-0.0318381737;1.00718737;0.258939051;-0.0277999095;0.260800387;-0.0279995028;1.00508898;0.000650051023;-7.9930679e-05;0.842383;0.041533
30.210160;1.00429225;0.268800205;-0.0343998983;0.267651268;-0.0342531922;1.0063854;0.267889568;-0.02980937;0.269600377;-0.0299995014;1.00429194;0.000672073632;-8.59312348e-05;0.842383;0.041533
30.211097;1.00369925;0.276800231;-0.036399901;0.275779913;-0.036266066;1.00581642;0.27639254;-0.0314169767;0.278000368;-0.0315995033;1.00369892;0.000692092807;-9.09305391e-05;0.842383;0.041533
30.212034;1.00316624;0.285600257;-0.0379999042;0.284698661;-0.037880293;1.00532644;0.28528063;-0.0326259269;0.286800359;-0.0327995081;1.00316589;0.000714112285;-9.49284607e-05;0.842383;0.041533
30.213159;1.00259624;0.296800287;-0.0395999089;0.296031512;-0.0394976962;1.00483146;0.29656731;-0.034234301;0.298000349;-0.0343995175;1.00259585;0.000742136111;-9.89238211e-05;0.842383;0.041533
30.214096;1.00217424;0.306000312;-0.0407999134;0.305336203;-0.0407117343;1.00448547;0.30582838;-0.0350425175;0.30720034;-0.0351995276;1.00217382;0.000765156257;-0.000101918453;0.842383;0.041533
30.215033;1.00179723;0.315200336;-0.0419999185;0.314634601;-0.0419249128;1.00419248;0.315079201;-0.0358494001;0.316400332;-0.0359995396;1.00179679;0.000788176697;-0.000104911705;0.842383;0.041533
30.216158;1.00139623;0.325600365;-0.0431999256;0.32514609;-0.043140042;1.00390048;0.32592888;-0.0366567191;0.327200322;-0.0367995561;1.00139575;0.000814201774;-0.000107901671;0.842383;0.041533
30.217095;1.00110222;0.334400389;-0.0439999321;0.334031887;-0.0439518426;1.00370148;0.334761043;-0.0370625134;0.336000313;-0.0371995709;1.00110172;0.00083622315;-0.000109891897;0.842383;0.041533
30.218332;1.00076322;0.345200418;-0.0447999413;0.344936802;-0.0447661382;1.00348848;0.345993158;-0.037468995;0.347200301;-0.0375995919;1.00076268;0.000863252275;-0.000111876726;0.842383;0.041533
30.219007;1.00060021;0.350800434;-0.0451999464;0.350589635;-0.0451732006;1.00339447;0.351606622;-0.0374725091;0.352800294;-0.0375996038;1.00059966;0.000877268489;-0.000112867674;0.842383;0.041533
30.220019;1.00038121;0.358800456;-0.0455999544;0.358663339;-0.0455829528;1.00327747;0.359621484;-0.0374768875;0.360800283;-0.0375996223;1.00038063;0.000897293309;-0.000113852641;0.842383;0.041533
30.221031;1.0001892;0.366400475;-0.0459999624;0.366330756;-0.0459916438;1.00318846;0.367627956;-0.0374802233;0.368800271;-0.0375996416;1.0001886;0.000916318239;-0.000114836419;0.842383;0.041533
30.222043;1.00002219;0.374000493;-0.0463999703;0.37399177;-0.0463993324;1.00312344;0.374829352;-0.0374826655;0.376000258;-0.0375996618;1.00002157;0.00093534273;-0.000115819422;0.842383;0.041533
30.223056;0.999874187;0.381200506;-0.046399978;0.381248042;-0.0464062179;1.00307843;0.382024064;-0.0374843628;0.383200244;-0.0375996829;0.999873549;0.000953366291;-0.000115802047;0.842383;0.041533
30.224742;0.999665173;0.392800521;-0.04679999;0.39293165;-0.0468160836;1.00304541;0.394000188;-0.0374856268;0.39520022;-0.0375997203;0.999664513;0.00098240224;-0.000116773201;0.842383;0.041533
30.225080;0.999628171;0.394800523;-0.0467999922;0.394946941;-0.0468178222;1.0030434;0.395994903;-0.0370869216;0.397200215;-0.037199728;0.999627507;0.000987409003;-0.000116767491;0.842383;0.041533
30.226092;0.999522163;0.402000525;-0.0467999983;0.402192279;-0.046822804;1.00304739;0.403171444;-0.0370867947;0.4044002;-0.0371997522;0.99952149;0.00100542772;-0.000116750766;0.842383;0.041533
30.227102;0.999423155;0.408800524;-0.0468000034;0.409036054;-0.0468274579;1.00306238;0.410343427;-0.036687483;0.411600187;-0.0367997771;0.999422475;0.00102244459;-0.000116734561;0.842383;0.041533
30.228382;0.999304147;0.418000518;-0.0468000086;0.418291183;-0.0468330523;1.00309437;0.419501949;-0.0362875747;0.420800171;-0.0363998097;0.999303459;0.0010454634;-0.000116714454;0.842383;0.041533
30.229303;0.999219141;0.42480051;-0.0468000116;0.425132088;-0.0468370478;1.00312336;0.426268644;-0.0358877912;0.427600161;-0.0359998334;0.999218449;0.00106247554;-0.000116699983;0.842383;0.041533
30.230225;0.999134137;0.4316005;-0.0468000139;0.431974158;-0.0468410426;1.00315436;0.433034084;-0.0354879597;0.434400153;-0.0355998573;0.999133442;0.00107948666;-0.000116685375;0.842383;0.041533
30.231146;0.999047133;0.438400487;-0.0468000157;0.438818269;-0.0468451304;1.00318836;0.44019652;-0.0350880473;0.441600146;-0.0351998812;0.999046436;0.00109649698;-0.00011667072;0.842383;0.041533
30.232068;0.99895713;0.445600472;-0.046800017;0.446065327;-0.0468493579;1.00322135;0.447358917;-0.0346881956;0.44880014;-0.0347999049;0.998956431;0.00111450673;-0.000116656208;0.842383;0.041533
30.233450;0.998813127;0.456400444;-0.0468000181;0.456942479;-0.0468561185;1.00326735;0.458103231;-0.0338892349;0.459600134;-0.0339999396;0.998812427;0.00114152009;-0.00011663562;0.842383;0.041533
30.234372;0.998710125;0.464000423;-0.0464000185;0.464599425;-0.0464604356;1.00329435;0.465665949;-0.0334896511;0.467200132;-0.033599962;0.998709426;0.00116052802;-0.000115623023;0.842383;0.041533
30.235294;0.998602124;0.471200401;-0.0464000189;0.471859755;-0.0464654593;1.00331735;0.473230148;-0.0326915419;0.47480013;-0.0327999837;0.998601426;0.00117853484;-0.00011561174;0.842383;0.041533
30.236676;0.998428124;0.482400364;-0.0464000203;0.483159624;-0.0464735507;1.00334134;0.484381539;-0.0318934423;0.48600013;-0.0320000144;0.998427428;0.00120654223;-0.000115598042;0.842383;0.041533
30.237137;0.998367125;0.486000352;-0.0464000211;0.486795032;-0.0464763871;1.00334634;0.487967123;-0.0318932892;0.48960013;-0.0320000243;0.998366429;0.0012155439;-0.00011559434;0.842383;0.041533
30.238058;0.998240126;0.493600326;-0.0460000235;0.494470363;-0.0460815865;1.00335134;0.495539317;-0.031095813;0.497200133;-0.0312000434;0.998239432;0.00123454549;-0.000114588748;0.842383;0.041533
30.239441;0.99803713;0.504800287;-0.0460000297;0.50579296;-0.046090943;1.00334733;0.507102616;-0.0302986204;0.508800139;-0.0304000709;0.998036437;0.0012625428;-0.000114585207;0.842383;0.041533
30.240362;0.997894134;0.51200026;-0.0460000353;0.513080632;-0.0460975349;1.00333533;0.514284765;-0.0299003214;0.516000145;-0.0300000887;0.99789344;0.00128053777;-0.00011458558;0.842383;0.041533
30.241284;0.997744139;0.519600232;-0.045600042;0.520774945;-0.0457035463;1.00331632;0.521869405;-0.0291035398;0.523600151;-0.029200106;0.997743444;0.00129952981;-0.000113588059;0.842383;0.041533
30.242666;0.997507149;0.530400191;-0.045600054;0.531725656;-0.0457143813;1.00327431;0.532656041;-0.0283073798;0.534400163;-0.0284001311;0.997506448;0.00132651214;-0.000113595084;0.842383;0.041533
30.243127;0.997425153;0.534000177;-0.0456000584;0.535378659;-0.0457181311;1.0032573;0.536652093;-0.0283078628;0.538400167;-0.0284001392;0.997424449;0.00133550499;-0.000113598022;0.842383;0.041533
30.244510;0.997169166;0.544800136;-0.0456000723;0.546346749;-0.0457298408;1.00319429;0.547451447;-0.02711347;0.549200179;-0.0272001627;0.997168452;0.00136247879;-0.000113608719;0.842383;0.041533
30.245892;0.996897181;0.555600095;-0.0452000867;0.557329414;-0.0453410437;1.00311427;0.558261619;-0.0263181235;0.560000192;-0.0264001855;0.996896454;0.00138944799;-0.000112621038;0.842383;0.041533
30.247551;0.996549198;0.568400046;-0.0452001028;0.570368332;-0.0453568404;1.00299725;0.571487345;-0.0255235923;0.573200209;-0.0256002122;0.996548454;0.00142140572;-0.00011263777;0.842383;0.041533
30.248380;0.996366207;0.574800023;-0.0452001101;0.576896417;-0.0453651524;1.00292924;0.577907422;-0.0247276633;0.579600217;-0.0252002253;0.996365453;0.00143738313;-0.000112646802;0.842383;0.041533
30.249210;0.996177214;0.581199999;-0.0452001168;0.583430412;-0.0453737406;1.00285622;0.584730144;-0.0243306068;0.586400226;-0.0244002384;0.996176453;0.00145335975;-0.000112656362;0.842383;0.041533
30.250039;0.995981221;0.587599977;-0.0448001229;0.589971032;-0.0449810368;1.00277621;0.591159095;-0.0239336596;0.592800234;-0.0240002513;0.995980452;0.00146933578;-0.000111666537;0.842383;0.041533
30.251698;0.995570232;0.600399934;-0.0448001331;0.603071503;-0.0449995679;1.00259617;0.60443108;-0.0227410732;0.606000251;-0.0228002767;0.995569449;0.00150128662;-0.000111689931;0.842383;0.041533
30.253357;0.995130239;0.613199895;-0.0448001414;0.616200747;-0.0450194251;1.00238914;0.617724463;-0.0219476851;0.619200264;-0.0220003023;0.995129443;0.0015332377;-0.000111717746;0.842383;0.041533
30.254186;0.99490024;0.619599878;-0.0448001448;0.622775982;-0.0450298124;1.00227512;0.624180205;-0.0211520014;0.625600269;-0.0212003154;0.994899438;0.00154921392;-0.00011173341;0.842383;0.041533
30.255016;0.994662241;0.626399862;-0.0448001476;0.629761467;-0.0450405666;1.0021541;0.631040958;-0.0207554187;0.632400273;-0.0208003289;0.994661433;0.00156619081;-0.0001117503;0.842383;0.041533
30.256675;0.994163238;0.639199837;-0.0448001512;0.642952665;-0.0450631329;1.00189005;0.644382344;-0.0195631577;0.645600274;-0.0196003568;0.99416242;0.00159814802;-0.000111787899;0.842383;0.041533
30.257504;0.993903235;0.645599827;-0.0448001521;0.649560094;-0.0450749013;1.00174703;0.650863168;-0.0191666502;0.652000273;-0.0192003711;0.993902413;0.00161412845;-0.000111807892;0.842383;0.041533
30.258334;0.993634231;0.652399819;-0.0444001525;0.656579488;-0.044684522;1.00159601;0.657750456;-0.0187701789;0.658800269;-0.0188003856;0.993633406;0.00163111016;-0.000110828369;0.842383;0.041533
30.259163;0.993359226;0.658799813;-0.0444001524;0.663204019;-0.0446968738;1.00143798;0.664245038;-0.0179742902;0.665200264;-0.0180004;0.993358399;0.00164709322;-0.00011084903;0.842383;0.041533
30.260822;0.992784213;0.671599808;-0.0444001502;0.676481129;-0.044722727;1.00109894;0.678055031;-0.016781694;0.678800248;-0.0168004284;0.992783385;0.00167906345;-0.000110890108;0.842383;0.041533
30.261651;0.992486206;0.678399809;-0.044400148;0.683535711;-0.0447361396;1.00091691;0.684572453;-0.0163851106;0.685200239;-0.0164004421;0.992485379;0.00169605045;-0.00011091023;0.842383;0.041533
30.262533;0.992161197;0.685199812;-0.0444001449;0.690613326;-0.0447507779;1.00071689;0.691904103;-0.0159886695;0.692400228;-0.0160004561;0.992160371;0.00171303778;-0.000110931263;0.842383;0.041533
30.263026;0.991976192;0.688799814;-0.044400143;0.694371234;-0.0447591152;1.00059987;0.695982604;-0.0155907773;0.696400221;-0.0156004637;0.991975367;0.00172203103;-0.000110942894;0.842383;0.041533
30.264202;0.991544178;0.697199823;-0.0448001376;0.70314538;-0.0451820076;1.00031184;0.70458035;-0.0147955098;0.704800205;-0.0148004801;0.991543357;0.00174301658;-0.000111969675;0.842383;0.041533
30.265143;0.991221167;0.702399832;-0.0448001329;0.708620551;-0.0451967151;1.00007882;0.709944082;-0.0143989825;0.710000192;-0.0144004918;0.991220349;0.00175600584;-0.000111990267;0.842383;0.041533
30.266319;0.990866154;0.707599847;-0.0452001271;0.714122355;-0.0456165754;0.999798792;0.715343939;-0.0144030052;0.715200176;-0.0144005039;0.990865341;0.00176899316;-0.00011301455;0.842383;0.041533
30.267024;0.990686146;0.709599856;-0.0452001238;0.716270903;-0.0456248515;0.999645777;0.717854267;-0.0144052029;0.717600167;-0.01440051;0.990685336;0.00177398579;-0.000113028429;0.842383;0.041533
30.268201;0.990449134;0.711599875;-0.0456001193;0.718461579;-0.0460396053;0.999424755;0.720014143;-0.0148086049;0.719600154;-0.0148005174;0.990448332;0.00177897398;-0.000114049635;0.842383;0.041533
30.269141;0.990322125;0.711999892;-0.0460001166;0.718957622;-0.0464494014;0.99928874;0.720512411;-0.0148106082;0.720000146;-0.0148005212;0.990321331;0.00177996499;-0.000115065119;0.842383;0.041533
30.270082;0.990249118;0.71159991;-0.0464001148;0.718606685;-0.0468567468;0.999193727;0.720180585;-0.0152123257;0.71960014;-0.0152005232;0.990248333;0.00177895655;-0.000116079214;0.842383;0.041533
30.271023;0.990228111;0.71079993;-0.0464001138;0.717814032;-0.0468577228;0.999141717;0.719017031;-0.0156134468;0.718400137;-0.0156005234;0.990227338;0.00177694877;-0.000116091931;0.842383;0.041533
30.272199;0.990267105;0.708799957;-0.0468001138;0.715766109;-0.0472597867;0.999136709;0.717018895;-0.0156135064;0.716400138;-0.0156005214;0.990266348;0.00177194007;-0.000117105756;0.842383;0.041533
30.273375;0.9903651;0.706799986;-0.0468001148;0.713675831;-0.047255089;0.999194705;0.714975658;-0.0160129036;0.714400144;-0.0160005176;0.990364363;0.00176693223;-0.000117117433;0.842383;0.041533
30.274081;0.990445098;0.705200003;-0.0468001157;0.712002754;-0.04725126;0.999254704;0.71373183;-0.0160119308;0.713200149;-0.0160005147;0.990444374;0.00176292777;-0.000117123492;0.842383;0.041533
30.275257;0.990605097;0.703600034;-0.046400118;0.710272587;-0.0468398166;0.999392707;0.711632057;-0.0160097011;0.711200162;-0.0160005089;0.990604395;0.00175892065;-0.000116131203;0.842383;0.041533
30.276198;0.990747096;0.702400059;-0.0460001206;0.708959587;-0.046429355;0.999528713;0.71033466;-0.0160075081;0.710000175;-0.0160005039;0.990746413;0.001755915;-0.000115135605;0.842383;0.041533
30.277139;0.990894098;0.702000084;-0.046000124;0.708450743;-0.0464224569;0.99967972;0.709427105;-0.0156049475;0.70920019;-0.0156004987;0.990893433;0.00175490928;-0.00011513837;0.842383;0.041533
30.278080;0.9910391;0.70160011;-0.0456001286;0.707943481;-0.0460120399;0.999841729;0.709312154;-0.0152023416;0.709200206;-0.0152004934;0.991038455;0.00175390336;-0.000114139607;0.842383;0.041533
30.279020;0.991179105;0.701600136;-0.0452001342;0.707843495;-0.0456019753;1.00000674;0.709195114;-0.0147998221;0.709200225;-0.0148004881;0.991178478;0.00175389711;-0.000113139493;0.842383;0.041533
30.280196;0.991341114;0.702400168;-0.0444001427;0.708534822;-0.0447875319;1.00021275;0.709848872;-0.0143968424;0.71000025;-0.0144004813;0.991340509;0.00175588861;-0.000111137751;0.842383;0.041533
30.281043;0.991446122;0.703200191;-0.0440001494;0.709266697;-0.044379337;1.00035576;0.710547109;-0.013994915;0.710800268;-0.014000476;0.991445531;0.00175788206;-0.000110135828;0.842383;0.041533
30.282313;0.991586138;0.704800225;-0.0436001601;0.710780149;-0.0439696803;1.00055878;0.712002043;-0.0131925059;0.712400298;-0.0132004671;0.991585567;0.00176187129;-0.000109131992;0.842383;0.041533
30.283160;0.99166715;0.706000247;-0.0432001673;0.711932187;-0.0435627317;1.00068479;0.713111562;-0.0123913821;0.713600318;-0.0128004604;0.991666591;0.00176486363;-0.000108129048;0.842383;0.041533
30.284007;0.991740164;0.707600269;-0.0428001744;0.713493122;-0.0431561994;1.0008028;0.714626189;-0.0119902325;0.715200339;-0.012000453;0.991739616;0.00176885561;-0.000107125816;0.842383;0.041533
30.285277;0.991836186;0.709200299;-0.042400184;0.715037254;-0.0427487412;1.00096481;0.716508585;-0.0115886657;0.71720037;-0.0116004408;0.991835653;0.00177284305;-0.000106120426;0.842383;0.041533
30.286124;0.991893201;0.710800318;-0.0420001899;0.716609257;-0.0423430238;1.00106482;0.717635722;-0.0107883525;0.71840039;-0.0108004322;0.991892679;0.00177683454;-0.00010511661;0.842383;0.041533
30.287394;0.991974224;0.712400342;-0.0416001973;0.718163713;-0.0419363442;1.00120283;0.719134863;-0.0103873388;0.720000419;-0.0104004188;0.991973717;0.00178082203;-0.000104110706;0.842383;0.041533
30.288241;0.992026239;0.713600357;-0.0412002014;0.719335733;-0.0415309405;1.00128984;0.720270818;-0.00998694812;0.721200437;-0.0100004096;0.992025743;0.00178381416;-0.000103106841;0.842383;0.041533
30.289088;0.992078253;0.714400369;-0.0408002046;0.720104439;-0.0411255797;1.00137384;0.721009283;-0.00958665669;0.722000454;-0.00960040028;0.992077769;0.00178580692;-0.00010210318;0.842383;0.041533
30.290358;0.992159272;0.715600382;-0.0404002072;0.721255168;-0.0407190758;1.00149685;0.72211891;-0.00918607577;0.723200477;-0.0092003857;0.99215881;0.00178879784;-0.000101098619;0.842383;0.041533
30.291204;0.992216284;0.716000388;-0.0404002077;0.721616898;-0.0407167461;1.00157885;0.722858508;-0.00878595483;0.72400049;-0.00880037564;0.992215837;0.00178979278;-0.000101096312;0.842383;0.041533
30.292051;0.992277294;0.716400392;-0.0400002071;0.721975677;-0.0403111386;1.00166086;0.723198648;-0.00838590085;0.724400502;-0.00880036527;0.992276864;0.00179078845;-0.000100094746;0.842383;0.041533
30.293321;0.992373306;0.717200393;-0.0396002037;0.722712028;-0.0399041758;1.00178786;0.723506218;-0.00838484419;0.724800516;-0.00840034917;0.992372905;0.00179278306;-9.90942655e-05;0.842383;0.041533
30.294168;0.992441313;0.717600391;-0.0392002001;0.723065587;-0.039498401;1.00187486;0.723842619;-0.00798487072;0.725200524;-0.00800033813;0.992440933;0.00179377982;-9.80950613e-05;0.842383;0.041533
30.295015;0.992512318;0.717600388;-0.0392001954;0.723013894;-0.0394955801;1.00196386;0.724177515;-0.00758495291;0.72560053;-0.00760032682;0.992511962;0.00179377677;-9.80969142e-05;0.842383;0.041533
30.296285;0.992623324;0.718000378;-0.0388001862;0.723336065;-0.039088195;1.00210186;0.724476915;-0.00718476077;0.726000535;-0.00720030908;0.992623005;0.00179477268;-9.71020751e-05;0.842383;0.041533
30.297132;0.992699327;0.718400371;-0.0384001791;0.723683661;-0.0386822622;1.00219686;0.724807341;-0.00718408951;0.726400537;-0.00720029679;0.992699034;0.00179577037;-9.61066861e-05;0.842383;0.041533
30.298402;0.99281533;0.718800358;-0.0380001668;0.724002049;-0.0382748484;1.00234086;0.725102247;-0.00678400752;0.726800536;-0.00680027738;0.992815077;0.00179676827;-9.51155933e-05;0.842383;0.041533
30.299164;0.99288433;0.719200349;-0.0380001586;0.72435463;-0.0382721884;1.00242786;0.725039299;-0.00638439752;0.726800533;-0.00640026529;0.992884102;0.00179776782;-9.51217552e-05;0.842383;0.041533
30.300688;0.993021329;0.719600332;-0.0376001403;0.724657558;-0.0378640959;1.00260386;0.725709914;-0.00598433629;0.727600522;-0.00600023991;0.993021152;0.00179876934;-9.41358917e-05;0.842383;0.041533
30.302212;0.993155325;0.720400313;-0.03680012;0.725365346;-0.0370534715;1.00277786;0.726381745;-0.00518553552;0.728400506;-0.00520021314;0.993155199;0.00180077349;-9.21514573e-05;0.842383;0.041533
30.303737;0.99328332;0.721200293;-0.0364000977;0.726077325;-0.0366459885;1.00294885;0.727055525;-0.00478584961;0.729200484;-0.00480018499;0.993283242;0.00180277967;-9.1167176e-05;0.842383;0.041533
30.304499;0.993345316;0.721600283;-0.036400086;0.726434706;-0.0366436992;1.00303285;0.72739342;-0.00438666948;0.729600472;-0.00440017042;0.993345261;0.00180378327;-9.11744146e-05;0.842383;0.041533
30.305261;0.993405313;0.722400273;-0.0360000739;0.727196162;-0.0362388283;1.00311584;0.72813074;-0.00438631764;0.73040046;-0.00440015553;0.99340528;0.00180578705;-9.01810252e-05;0.842383;0.041533
30.306023;0.993465309;0.722800262;-0.0356000615;0.727554893;-0.0358340061;1.00319684;0.728470669;-0.00398724928;0.730800446;-0.00400014032;0.993465297;0.00180679097;-8.91868643e-05;0.842383;0.041533
30.307547;0.993579299;0.723600242;-0.0352000358;0.72827662;-0.0354273049;1.00335583;0.729152548;-0.0035879773;0.731600418;-0.00360010859;0.993579328;0.00180879886;-8.81946153e-05;0.842383;0.041533
30.308309;0.993634294;0.724400233;-0.0352000227;0.729041448;-0.0354253418;1.00343282;0.729893857;-0.00318908144;0.732400402;-0.00320009232;0.993634342;0.00181080273;-8.81966833e-05;0.842383;0.041533
30.309071;0.993689289;0.724800223;-0.0348000096;0.729403651;-0.0350208383;1.00350981;0.730236453;-0.00279024683;0.732800387;-0.00280007588;0.993689355;0.00181180655;-8.7197471e-05;0.842383;0.041533
30.310596;0.993796278;0.725600206;-0.0343999831;0.730130134;-0.0346145664;1.00365879;0.730925132;-0.0023913128;0.733600354;-0.00240004311;0.993796378;0.00181381386;-8.61939131e-05;0.842383;0.041533
30.311358;0.993849273;0.726400198;-0.0343999698;0.730896158;-0.0346127183;1.00373279;0.731668274;-0.00199263488;0.734400337;-0.00200002702;0.993849388;0.00181581733;-8.61899812e-05;0.842383;0.041533
30.312120;0.993902267;0.726800191;-0.0339999566;0.731259645;-0.0342084161;1.00380478;0.732014282;-0.00199250236;0.73480032;-0.00200001117;0.993902398;0.00181682066;-8.51846775e-05;0.842383;0.041533
30.313644;0.994007255;0.727600177;-0.0335999302;0.731987232;-0.0338023854;1.00394876;0.732706154;-0.00119538181;0.735600286;-0.00119998055;0.994007414;0.00181882696;-8.41689511e-05;0.842383;0.041533
30.314406;0.994059249;0.728000171;-0.0331999169;0.732351335;-0.0333982233;1.00401975;0.733052746;-0.00119530485;0.736000269;-0.00119996587;0.994059421;0.0018198301;-8.31587656e-05;0.842383;0.041533
30.315168;0.994111243;0.728400164;-0.0331999033;0.732715397;-0.0333964728;1.00409074;0.733399292;-0.000796856344;0.736400252;-0.000799951668;0.994111428;0.00182083333;-8.31471153e-05;0.842383;0.041533
30.316692;0.994216231;0.729200153;-0.0327998747;0.733442667;-0.0329906112;1.00423272;0.734092239;-0.00039843653;0.737200219;-0.000399925205;0.994216439;0.00182284044;-8.21186025e-05;0.842383;0.041533
30.317454;0.994268224;0.729600149;-0.0323998594;0.733806611;-0.0325865759;1.00430272;0.734439371;-1.22881511e-07;0.737600204;-0.000399912879;0.994268443;0.00182384441;-8.11020245e-05;0.842383;0.041533
30.318216;0.994321218;0.730000144;-0.0323998434;0.734169778;-0.032584835;1.00437371;0.734785725;-1.21161617e-07;0.73800019;9.89221727e-08;0.994321447;0.00182484871;-8.10840814e-05;0.842383;0.041533
30.319741;0.994425206;0.730800136;-0.0319998082;0.734897471;-0.0321791771;1.0045137;0.735479751;0.000398092105;0.738800165;0.000400120909;0.994425451;0.0018268588;-8.00435035e-05;0.842383;0.041533
30.320741;0.994494199;0.731200132;-0.031599783;0.735248688;-0.0317747254;1.00460569;0.735810583;0.000796233733;0.739200151;0.00080013446;0.994494453;0.00182786669;-7.90139079e-05;0.842383;0.041533
30.321741;0.994562192;0.731600128;-0.0315997566;0.735600596;-0.0317725492;1.00469769;0.736141356;0.00119430624;0.739600139;0.00120014743;0.994562453;0.00182887579;-7.89822611e-05;0.842383;0.041533
30.322741;0.994630185;0.732000125;-0.0311997296;0.735952454;-0.0313682146;1.00478869;0.736870894;0.00119421741;0.740400128;0.00120015986;0.994630452;0.00182988642;-7.79489918e-05;0.842383;0.041533
30.323741;0.994697177;0.732800124;-0.0307997029;0.736707136;-0.0309639674;1.00487969;0.737202244;0.00159218925;0.740800118;0.00160017184;0.994697449;0.00183189899;-7.69146424e-05;0.842383;0.041533
30.324741;0.994764168;0.733200123;-0.0307996769;0.737059609;-0.0309618807;1.00496969;0.737534269;0.00199009366;0.74120011;0.00200018352;0.994764445;0.0018329139;-7.68798319e-05;0.842383;0.041533
30.325741;0.994830159;0.733600124;-0.0303996519;0.737412775;-0.0305577478;1.00505969;0.737866233;0.00238792885;0.741600104;0.00240019509;0.994830439;0.00183393135;-7.58451979e-05;0.842383;0.041533
30.326741;0.99489615;0.734000127;-0.0299996281;0.737765892;-0.0301536697;1.0051477;0.738597558;0.00238774826;0.742400099;0.00240020678;0.994896431;0.00183495128;-7.48113176e-05;0.842383;0.041533
30.327741;0.99496014;0.734800131;-0.0299996057;0.738522472;-0.0301517329;1.00523671;0.738930104;0.00278548186;0.742800097;0.00280021879;0.994960421;0.00183697348;-7.47786618e-05;0.842383;0.041533
30.328741;0.99502413;0.735200136;-0.0295995845;0.73887695;-0.0297477977;1.00532372;0.739264061;0.00318315102;0.743200096;0.00320023133;0.995024408;0.00183799769;-7.37476296e-05;0.842383;0.041533
30.329741;0.995088118;0.735600142;-0.0291995646;0.739231382;-0.0293439163;1.00541074;0.739995806;0.00358075035;0.744000097;0.00360024452;0.995088392;0.00183902354;-7.27186184e-05;0.842383;0.041533
30.330741;0.995150105;0.736000147;-0.0291995457;0.739587253;-0.0293420962;1.00549575;0.740331083;0.00358047368;0.744400099;0.00360025843;0.995150373;0.00184005063;-7.26920307e-05;0.842383;0.041533
30.331741;0.995212092;0.736800152;-0.0287995278;0.740345003;-0.0289383533;1.00558077;0.740666302;0.00397797508;0.744800102;0.00400027304;0.995212352;0.00184207853;-7.16681766e-05;0.842383;0.041533
30.332741;0.995274077;0.737200154;-0.0287995109;0.740700758;-0.0289365613;1.00566579;0.741399209;0.0043754068;0.745600107;0.00440028825;0.995274328;0.00184310677;-7.16471513e-05;0.842383;0.041533
30.333741;0.995335061;0.737600156;-0.0283994949;0.741057214;-0.0285329246;1.0057488;0.741735753;0.00477277777;0.746000111;0.00440030396;0.995335302;0.00184413484;-7.06288206e-05;0.842383;0.041533
30.334741;0.995396044;0.738000155;-0.02799948;0.741413627;-0.0281293384;1.00583182;0.74207224;0.00477239897;0.746400116;0.0048003201;0.995396274;0.00184516226;-6.96129004e-05;0.842383;0.041533
30.335741;0.995456026;0.738800151;-0.0279994664;0.742172568;-0.0281276558;1.00591484;0.74240867;0.00516966458;0.746800121;0.00520033657;0.995456244;0.00184718859;-6.95989873e-05;0.842383;0.041533
30.336741;0.995515007;0.739200145;-0.0275994541;0.742530362;-0.0277241999;1.00599585;0.743144135;0.00556687233;0.747600124;0.00560035325;0.995515214;0.0018482135;-6.85865528e-05;0.842383;0.041533
30.337741;0.995574986;0.739600138;-0.0275994432;0.74288737;-0.0277225422;1.00607786;0.743481158;0.00556642373;0.748000127;0.00560036999;0.995575182;0.0018492368;-6.85750387e-05;0.842383;0.041533
30.339741;0.995692942;0.740400116;-0.0267994254;0.743602755;-0.0269158216;1.00623788;0.744157992;0.00636058226;0.748800126;0.00640040308;0.995693121;0.00185127818;-6.65531961e-05;0.842383;0.041533
30.340741;0.995750919;0.741200103;-0.0267994189;0.744362841;-0.0269142653;1.00631788;0.744496327;0.0063600754;0.749200123;0.0064004192;0.995751091;0.00185329601;-6.6542477e-05;0.842383;0.041533
30.341741;0.995808896;0.74160009;-0.026399414;0.744721155;-0.0265110247;1.00639688;0.745232803;0.00675703107;0.749600116;0.00680043504;0.995809061;0.00185431171;-6.55317987e-05;0.842383;0.041533
30.342741;0.995866872;0.742000076;-0.0263994109;0.745079429;-0.0265094896;1.00647588;0.745571737;0.00715392345;0.750400107;0.00720045063;0.995867034;0.00185532512;-6.55211688e-05;0.842383;0.041533
30.343741;0.995923848;0.742400061;-0.0259994095;0.745438412;-0.0261063427;1.00655488;0.745910616;0.00715335782;0.750800096;0.00720046589;0.995924007;0.00185633611;-6.45106462e-05;0.842383;0.041533
30.344741;0.995980824;0.742800046;-0.0259994096;0.745797354;-0.0261048545;1.00663188;0.746250922;0.00755017086;0.751200082;0.00760048064;0.995980981;0.00185734465;-6.45003067e-05;0.842383;0.041533
30.345741;0.996037799;0.743200031;-0.025599411;0.746156254;-0.0257017738;1.00670987;0.746590435;0.0079469155;0.751600067;0.00800049461;0.996037957;0.00185835088;-6.34901983e-05;0.842383;0.041533
30.346741;0.996093773;0.743600016;-0.0251994134;0.746515865;-0.0252987635;1.00678686;0.746930634;0.00794630405;0.75200005;0.00800050758;0.996093934;0.00185935512;-6.24803286e-05;0.842383;0.041533
30.347741;0.996148747;0.744400003;-0.0251994165;0.747277732;-0.0252973689;1.00686285;0.747271523;0.00834297495;0.752400032;0.00840051943;0.996148912;0.00186135782;-6.24706604e-05;0.842383;0.041533
30.348741;0.996204721;0.744799989;-0.0247994205;0.747637239;-0.0248944247;1.00693883;0.748009605;0.00873958679;0.753200013;0.00880053013;0.996204891;0.00186235941;-6.14611142e-05;0.842383;0.041533
30.349741;0.996259695;0.745199977;-0.0247994256;0.747997458;-0.0248930517;1.00701382;0.748351104;0.0087389345;0.753599995;0.00880053965;0.996259872;0.00186336014;-6.14516244e-05;0.842383;0.041533
30.350741;0.99631367;0.745599966;-0.0243994318;0.748358387;-0.0244902236;1.0070888;0.748692552;0.00913546693;0.753999977;0.00920054795;0.996313855;0.00186436008;-6.04422194e-05;0.842383;0.041533
30.351741;0.996367645;0.745999956;-0.0243994396;0.748719277;-0.0244888972;1.00716278;0.749034693;0.00913479453;0.75439996;0.00920055496;0.99636784;0.00186535925;-6.04330325e-05;0.842383;0.041533
30.352741;0.996421621;0.746399947;-0.0239994492;0.749080127;-0.0240861343;1.00723676;0.749376783;0.00953124788;0.754799944;0.00960056055;0.996421827;0.00186635769;-5.94242372e-05;0.842383;0.041533
30.353741;0.996474599;0.746799939;-0.0239994605;0.74944169;-0.0240848535;1.00730974;0.749719567;0.00992765233;0.755199931;0.0100005646;0.996474815;0.00186735548;-5.94159644e-05;0.842383;0.041533
30.354741;0.996527577;0.747199932;-0.0235994736;0.749803214;-0.023682179;1.00738272;0.7500623;0.00992693035;0.75559992;0.0100005672;0.996527806;0.00186835268;-5.84082584e-05;0.842383;0.041533
30.355741;0.996580557;0.747599925;-0.0235994879;0.750164699;-0.0236809193;1.0074547;0.750802768;0.010323258;0.75639991;0.0104005686;0.996580799;0.00186934928;-5.84011226e-05;0.842383;0.041533
30.356741;0.996632537;0.74799992;-0.023199503;0.750526899;-0.0232783323;1.00752669;0.751146118;0.010719529;0.756799903;0.0108005689;0.996632794;0.00187034527;-5.73945982e-05;0.842383;0.041533
30.357741;0.99668452;0.748799917;-0.0231995182;0.751290392;-0.0232771176;1.00759767;0.751490164;0.010718771;0.757199898;0.0108005686;0.99668479;0.00187234077;-5.73887385e-05;0.842383;0.041533
30.358741;0.996735503;0.749199916;-0.0227995331;0.75165325;-0.0228746167;1.00766865;0.751834162;0.0111149693;0.757599895;0.0112005678;0.996735787;0.00187333596;-5.63834866e-05;0.842383;0.041533
30.359741;0.996786488;0.749599917;-0.0223995475;0.75201607;-0.0224721571;1.00773864;0.752178858;0.0111141957;0.757999894;0.0112005667;0.996786785;0.00187433084;-5.53786271e-05;0.842383;0.041533
30.360741;0.996837474;0.74999992;-0.0223995611;0.752378854;-0.0224710076;1.00780862;0.752523505;0.0115103237;0.758399894;0.0116005652;0.996837784;0.00187532519;-5.53739037e-05;0.842383;0.041533
30.361741;0.996887462;0.750399926;-0.0219995742;0.752742356;-0.0220686323;1.00787761;0.752868851;0.0119064091;0.758799897;0.0120005628;0.996887784;0.00187631857;-5.43692004e-05;0.842383;0.041533
30.362741;0.996937452;0.750799933;-0.0219995864;0.753105822;-0.0220675265;1.00794659;0.753214149;0.0119055947;0.759199901;0.0120005593;0.996937784;0.00187731057;-5.4364614e-05;0.842383;0.041533
30.363741;0.996987443;0.751199943;-0.0215995977;0.753469252;-0.0216652133;1.00801458;0.753560147;0.012301612;0.759599908;0.0124005541;0.996987786;0.00187830089;-5.33603463e-05;0.842383;0.041533
30.364741;0.997036436;0.751599954;-0.021599608;0.753833402;-0.0216641512;1.00808256;0.753906098;0.0123007837;0.759999916;0.0124005472;0.997036789;0.00187928939;-5.33565305e-05;0.842383;0.041533
30.365741;0.99708543;0.751999968;-0.0211996173;0.754197518;-0.0212619211;1.00815055;0.754252002;0.0126967216;0.760399925;0.0128005384;0.997085793;0.00188027606;-5.23531856e-05;0.842383;0.041533
30.366741;0.997133426;0.752399983;-0.0211996255;0.754562354;-0.021260902;1.00821754;0.754598606;0.0130926197;0.760799936;0.0132005278;0.997133798;0.00188126093;-5.23503137e-05;0.842383;0.041533
30.367741;0.997182422;0.7528;-0.0207996326;0.754926399;-0.0208587324;1.00828353;0.754945912;0.0130917653;0.761199947;0.0132005157;0.997182804;0.00188224413;-5.13479735e-05;0.842383;0.041533
30.368741;0.99723042;0.753200019;-0.0207996382;0.755291167;-0.0208577342;1.00835051;0.755292424;0.0134875854;0.761599959;0.0136005025;0.997230811;0.00188322579;-5.13462369e-05;0.842383;0.041533
30.369741;0.997277418;0.75360004;-0.0203996422;0.755656657;-0.0204556659;1.0084155;0.755640386;0.0134867188;0.761999971;0.0136004887;0.99727782;0.00188420603;-5.03451146e-05;0.842383;0.041533
30.370741;0.997325417;0.754000061;-0.0203996446;0.756021354;-0.0204546884;1.0084815;0.755987553;0.0138824745;0.762399982;0.0140004747;0.99732583;0.00188518498;-5.03445231e-05;0.842383;0.041533
30.371741;0.997371416;0.754400084;-0.0199996457;0.756387532;-0.0200526985;1.00854649;0.756732035;0.0138815819;0.763199992;0.0140004611;0.997371842;0.00188616279;-4.9344306e-05;0.842383;0.041533
30.373741;0.997464415;0.755200131;-0.0199996451;0.757119025;-0.0200508451;1.00867448;0.757429092;0.014672942;0.764000007;0.0148004351;0.997464867;0.0018881157;-4.93445174e-05;0.842383;0.041533
30.374741;0.997510415;0.755600155;-0.019599644;0.757485099;-0.0196489309;1.00873748;0.757778303;0.0146720248;0.764400011;0.0148004226;0.997510881;0.00188909115;-4.83449582e-05;0.842383;0.041533
30.375741;0.997556415;0.756000179;-0.0195996427;0.757851139;-0.0196480336;1.00880148;0.75812672;0.0150676015;0.764800013;0.0152004105;0.997556895;0.00189006611;-4.8345675e-05;0.842383;0.041533
30.376741;0.997601415;0.756400202;-0.0191996415;0.758217903;-0.0192461947;1.00886348;0.758476596;0.0150666714;0.765200012;0.015200399;0.997601909;0.00189104069;-4.7346638e-05;0.842383;0.041533
30.377741;0.997646415;0.756800225;-0.0191996407;0.758584633;-0.0192453355;1.00892649;0.758825678;0.0154621852;0.765600009;0.0156003886;0.997646923;0.00189201501;-4.73478491e-05;0.842383;0.041533
30.378741;0.997691415;0.757200247;-0.0187996406;0.758951329;-0.0188435513;1.0089875;0.759176221;0.015461242;0.766000003;0.0156003798;0.997691937;0.00189298925;-4.63494828e-05;0.842383;0.041533
30.379741;0.997735415;0.757600268;-0.0187996414;0.759318752;-0.0188427299;1.00904951;0.75952597;0.0158566938;0.765999994;0.0160003729;0.997735951;0.00189396365;-4.63519173e-05;0.842383;0.041533
30.380741;0.997779415;0.758000286;-0.0183996432;0.759686142;-0.0184410192;1.00911053;0.75948004;0.0158557222;0.766399982;0.0160003681;0.997779966;0.00189493858;-4.53556161e-05;0.842383;0.041533
30.381741;0.997823415;0.758400303;-0.0183996459;0.760053497;-0.0184402169;1.00917154;0.759830483;0.0162511128;0.766799968;0.0164003653;0.997823982;0.00189591441;-4.53610083e-05;0.842383;0.041533
30.382741;0.997866415;0.758800316;-0.0179996495;0.760421582;-0.0180385793;1.00923156;0.760181635;0.0162501291;0.767199952;0.0164003641;0.997866998;0.00189689148;-4.43684996e-05;0.842383;0.041533
30.383741;0.997909416;0.759200328;-0.0179996539;0.760789632;-0.018037815;1.00929157;0.760532747;0.016645461;0.767599933;0.0168003643;0.997910017;0.00189787016;-4.43785311e-05;0.842383;0.041533
30.384741;0.997952417;0.759600337;-0.0179996587;0.761157651;-0.018037052;1.00935059;0.760884572;0.0166444672;0.767999913;0.0168003656;0.997953036;0.00189885087;-4.43915798e-05;0.842383;0.041533
30.385741;0.997994418;0.760000344;-0.0175996635;0.761526399;-0.0176355042;1.0094096;0.761236357;0.0170397435;0.768399892;0.0172003675;0.997995058;0.00189983398;-4.34080795e-05;0.842383;0.041533
30.386741;0.998037419;0.760000349;-0.017599668;0.761493566;-0.0176347599;1.00946862;0.761588102;0.0170387251;0.76879987;0.0172003697;0.99803808;0.00189981968;-4.34282948e-05;0.842383;0.041533
30.387741;0.998079421;0.760400352;-0.0171996722;0.761862269;-0.0172332638;1.00952663;0.761940563;0.0174339483;0.769199848;0.0176003716;0.998080103;0.00190080799;-4.24522588e-05;0.842383;0.041533
30.388741;0.998120423;0.760800353;-0.0171996759;0.762231704;-0.0172325712;1.00958465;0.762292986;0.0174329233;0.769599826;0.0176003729;0.998121126;0.00190179879;-4.24798451e-05;0.842383;0.041533
30.389741;0.998161425;0.761200352;-0.0167996788;0.76260111;-0.0168311416;1.00964166;0.762646126;0.0178280956;0.769999804;0.0180003732;0.99816215;0.00190279193;-4.15108739e-05;0.842383;0.041533
30.390741;0.998202428;0.76160035;-0.0167996805;0.762970485;-0.0168304643;1.00969868;0.762999227;0.0178270655;0.770399781;0.0180003723;0.998203173;0.0019037873;-4.15451229e-05;0.842383;0.041533
30.391741;0.998243431;0.762000346;-0.0163996806;0.763339831;-0.0164290826;1.00975569;0.763352291;0.018222171;0.770799758;0.0184003703;0.998244196;0.00190478485;-4.05822674e-05;0.842383;0.041533
30.392741;0.998284435;0.762400341;-0.0163996786;0.763709145;-0.0164284195;1.0098117;0.763706073;0.0182211372;0.771199735;0.0184003673;0.998285218;0.00190578452;-4.06218665e-05;0.842383;0.041533
30.393741;0.99832444;0.762800335;-0.0163996741;0.764079197;-0.0164277715;1.00986772;0.764059817;0.0186161953;0.771599712;0.0188003636;0.998325239;0.00190678632;-4.0663403e-05;0.842383;0.041533
30.394741;0.998363446;0.763200329;-0.0159996673;0.764449983;-0.0160264827;1.00992273;0.76441428;0.0186151595;0.771999689;0.0188003595;0.998364258;0.00190779017;-3.97063108e-05;0.842383;0.041533
30.395741;0.998403453;0.763600322;-0.0159996583;0.764819975;-0.0160258472;1.00997874;0.764767948;0.0190101542;0.772399667;0.0192003553;0.998404276;0.00190879596;-3.97499914e-05;0.842383;0.041533
30.396741;0.998442461;0.763600315;-0.0155996474;0.764790079;-0.0156246024;1.01003275;0.764727066;0.0190091182;0.772399645;0.0192003512;0.998443291;0.00190880341;-3.87938697e-05;0.842383;0.041533
30.397741;0.99848147;0.764000308;-0.0155996353;0.765160794;-0.0156239953;1.01008777;0.765081438;0.0194040701;0.772799624;0.0196003472;0.998482304;0.00190981223;-3.88374728e-05;0.842383;0.041533
30.398741;0.99852048;0.7644003;-0.0155996225;0.76553148;-0.0156233868;1.01014178;0.765436531;0.0194030165;0.773199603;0.0196003431;0.998521316;0.0019108222;-3.888045e-05;0.842383;0.041533
30.399741;0.998558492;0.764800292;-0.0151996094;0.765902904;-0.0152222155;1.01019579;0.765791585;0.0197979278;0.773599583;0.0200003389;0.998559327;0.0019118332;-3.79224745e-05;0.842383;0.041533
30.400741;0.998597505;0.765200283;-0.0151995964;0.766273534;-0.0152216204;1.01024881;0.766147362;0.0197968771;0.773999564;0.0200003349;0.998598337;0.00191284512;-3.79631122e-05;0.842383;0.041533
30.401741;0.99863552;0.765600273;-0.0147995837;0.766644903;-0.0148204934;1.01030182;0.766503102;0.0201917498;0.774399545;0.0204003314;0.998636346;0.00191385786;-3.70018106e-05;0.842383;0.041533
30.402741;0.998672535;0.766000263;-0.0147995715;0.767017013;-0.0148199419;1.01035383;0.766859565;0.0201907027;0.774799528;0.0204003289;0.998673355;0.00191487137;-3.70380109e-05;0.842383;0.041533
30.403741;0.998710552;0.766400251;-0.01479956;0.767388328;-0.0148193746;1.01040685;0.767215234;0.0205855173;0.775199512;0.0208003276;0.998711364;0.00191588556;-3.70712546e-05;0.842383;0.041533
30.404741;0.998747568;0.766400239;-0.0143995492;0.767359885;-0.0144183198;1.01045886;0.767175767;0.020584453;0.775199498;0.0208003277;0.998748374;0.00191590023;-3.61012113e-05;0.842383;0.041533
30.405741;0.998784585;0.766800225;-0.0143995394;0.767731932;-0.0144177802;1.01050987;0.767532906;0.0209792501;0.775599487;0.0212003297;0.998785384;0.00191691517;-3.61276703e-05;0.842383;0.041533
30.406741;0.998820601;0.76720021;-0.0139995308;0.768104723;-0.0140167819;1.01056088;0.767890009;0.0209781887;0.775999479;0.0212003338;0.998821395;0.00191793013;-3.51505657e-05;0.842383;0.041533
30.407741;0.998856617;0.767600194;-0.0139995235;0.768477492;-0.0140162694;1.01061188;0.768247079;0.0213729281;0.776399475;0.02160034;0.998857406;0.00191894481;-3.5169998e-05;0.842383;0.041533
30.408741;0.998892633;0.768000178;-0.0139995174;0.768850235;-0.0140157562;1.0106629;0.768604115;0.0213718487;0.776799473;0.0216003481;0.998893418;0.00191995877;-3.51862118e-05;0.842383;0.041533
30.409741;0.998928647;0.76840016;-0.0135995128;0.769222957;-0.0136148134;1.01071291;0.768961876;0.0217665514;0.777199474;0.0216003576;0.998929429;0.0019209715;-3.41995521e-05;0.842383;0.041533
30.410741;0.99896466;0.768400142;-0.0135995097;0.76919524;-0.0136143133;1.01076292;0.769319605;0.0217654752;0.777599477;0.022000368;0.99896544;0.00192098257;-3.42104392e-05;0.842383;0.041533
30.411741;0.998999672;0.768800123;-0.013599508;0.7695687;-0.0136138261;1.01081193;0.769282339;0.0217644213;0.777599482;0.0220003789;0.999000451;0.00192199166;-3.42193904e-05;0.842383;0.041533
30.412741;0.999034682;0.769200104;-0.0131995078;0.769942137;-0.0132129515;1.01086095;0.769640781;0.0221590702;0.777999489;0.0224003899;0.999035461;0.00192299865;-3.32270334e-05;0.842383;0.041533
30.413741;0.99906969;0.769600085;-0.0131995087;0.770315553;-0.013212476;1.01090997;0.769999188;0.0221579981;0.778399499;0.0224004007;0.999070471;0.00192400358;-3.32340428e-05;0.842383;0.041533
30.414741;0.999103696;0.770000065;-0.0127995108;0.770689719;-0.0128116536;1.01095898;0.77035756;0.0225525897;0.77879951;0.022800411;0.999104479;0.0019250066;-3.22410171e-05;0.842383;0.041533
30.415741;0.9991387;0.770000044;-0.012799514;0.770662748;-0.0128111892;1.011007;0.770716658;0.0225515201;0.779199523;0.0228004205;0.999139487;0.00192500791;-3.2248366e-05;0.842383;0.041533
30.416741;0.999172702;0.770400022;-0.0127995184;0.771036886;-0.0128107361;1.01105502;0.770680095;0.0229460761;0.779199538;0.0232004291;0.999173493;0.00192600772;-3.2256284e-05;0.842383;0.041533
30.417741;0.999206702;0.7708;-0.012399524;0.771411004;-0.012409964;1.01110204;0.771039904;0.0229450088;0.779599555;0.0232004367;0.999207499;0.00192700625;-3.12648162e-05;0.842383;0.041533
30.418741;0.9992397;0.771199976;-0.0123995309;0.771785872;-0.0124095339;1.01115007;0.771398914;0.0229439178;0.779999574;0.0232004432;0.999240504;0.00192800371;-3.12739252e-05;0.842383;0.041533
30.419741;0.999273697;0.77159995;-0.0123995389;0.772159947;-0.01240909;1.01119609;0.771759414;0.0233384424;0.780399595;0.0236004488;0.999274507;0.00192900025;-3.12834909e-05;0.842383;0.041533
30.420741;0.999306693;0.771599924;-0.011999548;0.772134495;-0.0120083803;1.01124311;0.772119116;0.0233373542;0.780799618;0.0236004535;0.999307511;0.001928996;-3.02932687e-05;0.842383;0.041533
30.421741;0.999338689;0.771999896;-0.0119995583;0.772510085;-0.0120079724;1.01128913;0.772084011;0.0237318232;0.780799642;0.0240004572;0.999339513;0.00192999112;-3.03028753e-05;0.842383;0.041533
30.422741;0.999371684;0.772399868;-0.0119995697;0.772884878;-0.0120075522;1.01133515;0.772444422;0.0237307387;0.781199669;0.0240004601;0.999372516;0.00193098585;-3.03118543e-05;0.842383;0.041533
30.423741;0.99940368;0.772799839;-0.0115995822;0.773260421;-0.0116069055;1.01138116;0.772804799;0.0241251523;0.781599696;0.0244004621;0.999404518;0.00193198042;-2.93197811e-05;0.842383;0.041533
30.424741;0.999436677;0.77279981;-0.0115995961;0.773234941;-0.0116064988;1.01142618;0.773165903;0.024124072;0.781999724;0.0244004632;0.999437521;0.00193197495;-2.93263092e-05;0.842383;0.041533
30.425741;0.999468674;0.773199782;-0.0111996114;0.773610449;-0.0112058916;1.01147119;0.773526972;0.0241229906;0.782399752;0.0244004634;0.999469523;0.00193296942;-2.83311854e-05;0.842383;0.041533
30.426741;0.999499673;0.773599755;-0.0111996285;0.773986706;-0.0112055217;1.0115162;0.773492561;0.0245173541;0.78239978;0.024800463;0.999500525;0.00193396373;-2.83343295e-05;0.842383;0.041533
30.427741;0.999531673;0.773999728;-0.0111996474;0.774362165;-0.0112051414;1.01156021;0.773854344;0.0245162768;0.782799807;0.024800462;0.999532527;0.00193495779;-2.8335887e-05;0.842383;0.041533
30.428741;0.999562674;0.773999701;-0.0107996682;0.774338198;-0.0108045984;1.01160522;0.774215328;0.0249105856;0.783199832;0.0252004606;0.999563529;0.0019349515;-2.7336138e-05;0.842383;0.041533
30.429741;0.999593676;0.774399675;-0.010799691;0.774714392;-0.0108042437;1.01164822;0.774577811;0.024909514;0.783599857;0.0252004587;0.999594531;0.00193594486;-2.7335352e-05;0.842383;0.041533
30.430741;0.999624679;0.77479965;-0.0107997156;0.775090562;-0.0108038903;1.01169222;0.774544118;0.0249084171;0.783599879;0.0252004559;0.999625534;0.00193693783;-2.73337205e-05;0.842383;0.041533
30.431741;0.999654683;0.775199626;-0.0103997419;0.775467482;-0.0104034112;1.01173522;0.774906555;0.0253027051;0.783999901;0.0256004519;0.999655538;0.00193793035;-2.63313903e-05;0.842383;0.041533
30.432741;0.999685688;0.775199605;-0.0103997697;0.775443476;-0.0104030732;1.01177822;0.77526896;0.0253016155;0.784399921;0.0256004463;0.999686544;0.00193792224;-2.63285572e-05;0.842383;0.041533
30.433741;0.999715695;0.775599585;-0.0103997988;0.775820359;-0.010402747;1.01182122;0.775631336;0.0256958527;0.784799939;0.026000439;0.999716551;0.00193891335;-2.63255387e-05;0.842383;0.041533
30.434741;0.999745702;0.775999568;-0.00999982883;0.776197216;-0.010002321;1.01186321;0.775599137;0.0256947717;0.784799955;0.02600043;0.999746559;0.00193990361;-2.53227549e-05;0.842383;0.041533
30.435741;0.99977471;0.776399554;-0.00999985937;0.776574825;-0.0100020204;1.01190521;0.775962236;0.0256936909;0.785199969;0.0260004196;0.999775569;0.00194089303;-2.53206062e-05;0.842383;0.041533
30.436741;0.999804719;0.776399543;-0.00999988987;0.776551556;-0.0100017118;1.01194721;0.776325306;0.0260878883;0.785599981;0.0264004084;0.99980558;0.00194088172;-2.53193119e-05;0.842383;0.041533
30.437741;0.999833728;0.776799534;-0.00999991974;0.776929127;-0.0100014153;1.0119882;0.776689115;0.0260868184;0.785999991;0.026400397;0.999834593;0.00194186987;-2.53188202e-05;0.842383;0.041533
30.438741;0.999862737;0.777199528;-0.00959994847;0.777306675;-0.00960106596;1.0120302;0.776656881;0.0260857237;0.785999998;0.0264003859;0.999863606;0.0019428578;-2.43188669e-05;0.842383;0.041533
30.439741;0.999891746;0.777199524;-0.00959997574;0.777284155;-0.00960078494;1.0120712;0.777020649;0.0264798856;0.786400003;0.0268003757;0.99989262;0.00194284578;-2.43191261e-05;0.842383;0.041533
30.440741;0.999920754;0.777599522;-0.00960000142;0.777661665;-0.00960050565;1.0121112;0.777385155;0.0264788304;0.786800006;0.0268003666;0.999921634;0.00194383396;-2.43193174e-05;0.842383;0.041533
30.441741;0.999948761;0.777999522;-0.00920002555;0.778039929;-0.00920021709;1.01215221;0.777353668;0.0268729489;0.786800008;0.0272003587;0.999949649;0.00194482244;-2.33192464e-05;0.842383;0.041533
30.442741;0.999977768;0.777999524;-0.00920004821;0.77801738;-0.00919995231;1.01219221;0.777718135;0.0268718831;0.787200009;0.027200352;0.999978664;0.00194481132;-2.33188505e-05;0.842383;0.041533
30.443741;1.00000577;0.778399526;-0.00920006961;0.778395607;-0.00919969794;1.01223222;0.778082573;0.0268708202;0.787600008;0.0272003461;1.00000668;0.00194580072;-2.331825e-05;0.842383;0.041533
30.444741;1.00003278;0.778799531;-0.00880008996;0.778774586;-0.00879946705;1.01227122;0.778447752;0.027264938;0.788000007;0.0276003409;1.00003369;0.00194679074;-2.2317735e-05;0.842383;0.041533
30.445741;1.00006078;0.779199536;-0.00880010949;0.779152765;-0.00879922588;1.01231023;0.778417766;0.0272638922;0.788000004;0.0276003359;1.0000617;0.0019477814;-2.23176963e-05;0.842383;0.041533
30.446741;1.00008779;0.779199542;-0.0088001284;0.779131732;-0.00879899428;1.01235023;0.778782136;0.0272628221;0.788400001;0.0276003313;1.00008872;0.00194777262;-2.23185714e-05;0.842383;0.041533
30.447741;1.0001158;0.779599548;-0.00840014668;0.779509874;-0.00839880096;1.01238824;0.779148015;0.0276569132;0.788799997;0.0280003272;1.00011673;0.00194876429;-2.13208304e-05;0.842383;0.041533
30.448741;1.0001428;0.779999554;-0.00840016411;0.779888773;-0.00839858153;1.01242724;0.779118006;0.027655858;0.788799993;0.028000324;1.00014374;0.00194975634;-2.13249257e-05;0.842383;0.041533
30.449741;1.00016981;0.779999561;-0.00840018038;0.779867717;-0.0083983628;1.01246524;0.779483843;0.0276548309;0.789199987;0.0280003222;1.00017074;0.00194974873;-2.13311582e-05;0.842383;0.041533
30.450741;1.00019581;0.780399569;-0.00840019521;0.780247362;-0.00839815306;1.01250324;0.779849654;0.0280488647;0.78959998;0.0284003221;1.00019675;0.00195074133;-2.13395586e-05;0.842383;0.041533
30.451741;1.00022282;0.780799576;-0.00800020836;0.780626205;-0.00799802458;1.01254124;0.779820391;0.028047823;0.789599971;0.0284003239;1.00022375;0.00195173388;-2.03498672e-05;0.842383;0.041533
30.452741;1.00024883;0.780799584;-0.00800021961;0.780605907;-0.00799782598;1.01257824;0.780186932;0.0280468086;0.789999959;0.0284003277;1.00024975;0.00195172608;-2.03615905e-05;0.842383;0.041533
30.453741;1.00027483;0.781199592;-0.00800022875;0.780985498;-0.00799762739;1.01261524;0.780553447;0.0284408103;0.790399945;0.0288003334;1.00027575;0.00195271771;-2.03741218e-05;0.842383;0.041533
30.454741;1.00030084;0.7815996;-0.00760023561;0.781365068;-0.00759754887;1.01265223;0.780524932;0.0284397798;0.790399927;0.028800341;1.00030175;0.00195370871;-1.9386891e-05;0.842383;0.041533
30.455741;1.00032685;0.781599608;-0.00760024021;0.781344748;-0.00759735974;1.01268922;0.780891408;0.0288337364;0.790799907;0.0292003501;1.00032774;0.00195369911;-1.9399485e-05;0.842383;0.041533
30.456741;1.00035185;0.781999617;-0.00760024274;0.781725068;-0.00759717734;1.01272621;0.781257856;0.0288326894;0.791199884;0.0292003603;1.00035273;0.00195468903;-1.9411709e-05;0.842383;0.041533
30.457741;1.00037786;0.781999626;-0.00760024357;0.781704738;-0.00759698631;1.0127622;0.78123009;0.02883167;0.791199859;0.0292003712;1.00037873;0.00195467863;-1.94235827e-05;0.842383;0.041533
30.458741;1.00040287;0.782399635;-0.00720024315;0.782085027;-0.0071969629;1.01279819;0.781597273;0.0292255952;0.791599832;0.0296003824;1.00040372;0.00195566816;-1.84352411e-05;0.842383;0.041533
30.459741;1.00042787;0.782799645;-0.00720024194;0.782465298;-0.00719678723;1.01283418;0.78196443;0.02922456;0.791999805;0.0296003937;1.00042871;0.00195665788;-1.84467548e-05;0.842383;0.041533
30.460741;1.00045288;0.782799654;-0.00720024031;0.782445729;-0.00719661054;1.01286916;0.781937414;0.0292235528;0.791999776;0.0296004048;1.0004537;0.00195664804;-1.84580088e-05;0.842383;0.041533
30.461741;1.00047688;0.783199664;-0.00680023853;0.782826754;-0.00679663087;1.01290415;0.782305305;0.0296174495;0.792399747;0.0300004155;1.00047769;0.00195763881;-1.74687409e-05;0.842383;0.041533
30.462741;1.00050189;0.783599673;-0.00680023679;0.783206977;-0.0067964625;1.01293913;0.782673171;0.0296164281;0.792799718;0.0300004256;1.00050268;0.00195863017;-1.74786596e-05;0.842383;0.041533
30.463741;1.00052589;0.783599683;-0.00680023527;0.783188174;-0.00679630018;1.01297412;0.782646133;0.0296154069;0.79279969;0.0300004345;1.00052667;0.00195862201;-1.74874963e-05;0.842383;0.041533
30.464741;1.0005499;0.783999694;-0.00680023411;0.783569152;-0.0067961371;1.01300911;0.783013962;0.0296143861;0.793199661;0.0300004419;1.00055067;0.00195961427;-1.7494955e-05;0.842383;0.041533
30.465741;1.0005739;0.784399706;-0.00640023338;0.783950111;-0.00639620282;1.01304309;0.783382537;0.0300082451;0.793599634;0.0304004474;1.00057466;0.001960607;-1.65006677e-05;0.842383;0.041533
30.466741;1.00059791;0.784399719;-0.00640023308;0.78393129;-0.00639604816;1.01307708;0.78335625;0.0300072415;0.793599607;0.030400451;1.00059865;0.00196060044;-1.65042598e-05;0.842383;0.041533
30.467741;1.00062091;0.784799732;-0.00640023315;0.784313005;-0.00639589956;1.01311107;0.783724789;0.0300062386;0.79399958;0.0304004527;1.00062164;0.00196159495;-1.65054519e-05;0.842383;0.041533
30.468741;1.00064391;0.784799748;-0.00640023352;0.78429496;-0.00639575083;1.01314406;0.783699265;0.0304000762;0.793999555;0.0308004527;1.00064463;0.00196159097;-1.65040851e-05;0.842383;0.041533
30.469741;1.00066792;0.785199764;-0.00600023411;0.784675866;-0.00599586283;1.01317805;0.784067767;0.0303990606;0.79439953;0.0308004514;1.00066862;0.00196258882;-1.55000958e-05;0.842383;0.041533
30.470741;1.00069092;0.785599782;-0.00600023487;0.785057538;-0.00599572368;1.01321104;0.784437018;0.0303980751;0.794799507;0.0308004489;1.0006916;0.00196358864;-1.54934963e-05;0.842383;0.041533
30.471741;1.00071392;0.785599801;-0.00600023578;0.78503948;-0.00599558497;1.01324404;0.784411474;0.0307918612;0.794799484;0.0312004456;1.00071459;0.00196359034;-1.54843444e-05;0.842383;0.041533
30.472741;1.00073592;0.785999823;-0.00600023682;0.785421911;-0.00599545263;1.01327603;0.784781464;0.0307908932;0.795199462;0.0312004419;1.00073657;0.0019645937;-1.54727092e-05;0.842383;0.041533
30.473741;1.00075892;0.785999845;-0.00560023809;0.785403846;-0.005595618;1.01330903;0.785150657;0.0307898948;0.795199442;0.031200438;1.00075955;0.00196459846;-1.44586715e-05;0.842383;0.041533
30.474741;1.00078091;0.786399869;-0.00560023976;0.785786255;-0.00559549512;1.01334103;0.785125867;0.0311836608;0.795599424;0.0316004341;1.00078153;0.00196560437;-1.4442353e-05;0.842383;0.041533
30.475741;1.00080291;0.786799895;-0.0056002422;0.786168648;-0.00559537271;1.01337303;0.7854958;0.0311826806;0.795999407;0.0316004302;1.0008035;0.00196661117;-1.44239813e-05;0.842383;0.041533
30.476741;1.0008259;0.786799921;-0.00560024585;0.78615057;-0.0055952454;1.01340503;0.785471;0.0311817006;0.795999392;0.0316004261;1.00082648;0.00196661848;-1.44039501e-05;0.842383;0.041533
30.477741;1.0008469;0.787199948;-0.00520025113;0.786533725;-0.00519546866;1.01343603;0.785841675;0.0315754485;0.796399379;0.0320004217;1.00084745;0.00196762583;-1.33827808e-05;0.842383;0.041533
30.478741;1.00086889;0.787199975;-0.00520025833;0.786516426;-0.00519535751;1.01346804;0.785816868;0.0315744567;0.796399369;0.0320004166;1.00086942;0.00196763267;-1.33610027e-05;0.842383;0.041533
30.479741;1.00089089;0.787600002;-0.0052002675;0.786898774;-0.00519524721;1.01349905;0.78618751;0.0315734964;0.796799362;0.0320004106;1.00089139;0.00196863857;-1.33390437e-05;0.842383;0.041533
30.480741;1.00091188;0.787600028;-0.00520027844;0.786882258;-0.00519514277;1.01353005;0.786558128;0.0315725366;0.797199358;0.0320004033;1.00091236;0.00196864333;-1.33171647e-05;0.842383;0.041533
30.481741;1.00093288;0.788000054;-0.00480029071;0.78726537;-0.0047954117;1.01356106;0.786534075;0.031966226;0.797199357;0.0324003944;1.00093333;0.00196964699;-1.2295477e-05;0.842383;0.041533
30.482741;1.00095488;0.788400077;-0.00480030381;0.787647682;-0.00479531183;1.01359107;0.786905435;0.0319652872;0.79759936;0.0324003838;1.00095529;0.00197064973;-1.22740583e-05;0.842383;0.041533
30.483741;1.00097588;0.788400098;-0.00480031716;0.787631155;-0.00479521724;1.01362107;0.786882145;0.0319643494;0.797599366;0.0324003713;1.00097626;0.00197065181;-1.22530514e-05;0.842383;0.041533
30.484741;1.00099588;0.788800116;-0.00480033015;0.788015019;-0.00479512808;1.01365208;0.787252692;0.0323579935;0.797999375;0.0328003567;1.00099622;0.00197165345;-1.22326533e-05;0.842383;0.041533
30.485741;1.00101688;0.788800131;-0.00440034216;0.787998486;-0.00439544128;1.01368108;0.787624767;0.0323570773;0.798399386;0.03280034;1.00101719;0.00197165477;-1.12130754e-05;0.842383;0.041533
30.486741;1.00103688;0.789200142;-0.00440035263;0.788382329;-0.00439536163;1.01371109;0.787601453;0.0323561297;0.7983994;0.0328003211;1.00103715;0.00197265577;-1.11945104e-05;0.842383;0.041533
30.487741;1.00105788;0.78920015;-0.00440036118;0.788365791;-0.00439527817;1.01374109;0.787972716;0.0323551828;0.798799414;0.0328003001;1.00105812;0.00197265638;-1.11770658e-05;0.842383;0.041533
30.488741;1.00107788;0.789600154;-0.00440036768;0.788749611;-0.00439519933;1.01377009;0.787950167;0.032748835;0.79879943;0.0332002771;1.00107808;0.00197365646;-1.1160732e-05;0.842383;0.041533
30.489741;1.00109788;0.789600154;-0.00400037222;0.788733854;-0.00399555903;1.01379909;0.788322174;0.0327479099;0.799199446;0.0332002524;1.00109805;0.00197365577;-1.01454121e-05;0.842383;0.041533
30.490741;1.00111789;0.790000149;-0.00400037492;0.789117652;-0.00399548745;1.01382809;0.788299615;0.0327469855;0.799199463;0.0332002264;1.00111802;0.00197465406;-1.01309345e-05;0.842383;0.041533
30.491741;1.00113789;0.790400141;-0.0040003758;0.789501435;-0.00399541516;1.01385709;0.78867159;0.0331405949;0.799599481;0.0336001997;1.00113798;0.00197565115;-1.01170618e-05;0.842383;0.041533
30.492741;1.00115689;0.790400128;-0.00400037471;0.789486455;-0.00399534606;1.01388508;0.788649798;0.0331396934;0.799599499;0.0336001726;1.00115696;0.00197564697;-1.01035537e-05;0.842383;0.041533
30.493741;1.00117689;0.790800112;-0.00360037147;0.789870218;-0.00359574239;1.01391308;0.78902252;0.0331387927;0.799999517;0.0336001458;1.00117693;0.00197664154;-9.09022331e-06;0.842383;0.041533
30.494741;1.00119589;0.790800093;-0.00360036592;0.789855233;-0.0035956792;1.01394107;0.789395221;0.0331378925;0.800399535;0.0336001194;1.00119591;0.00197663492;-9.0769345e-06;0.842383;0.041533
30.495741;1.00121488;0.79120007;-0.00360035807;0.790239766;-0.00359561515;1.01396907;0.789373411;0.0335314826;0.800399553;0.0340000934;1.00121489;0.00197762716;-9.06356559e-06;0.842383;0.041533
30.496741;1.00123388;0.791200045;-0.00360034802;0.790224777;-0.00359555014;1.01399706;0.789746081;0.0335305735;0.800799572;0.0340000677;1.00123387;0.00197761829;-9.04995059e-06;0.842383;0.041533
30.497741;1.00125288;0.791600018;-0.00360033602;0.790609288;-0.00359548399;1.01402405;0.789725042;0.0335296988;0.80079959;0.0340000422;1.00125286;0.00197860844;-9.03586175e-06;0.842383;0.041533
30.498741;1.00127187;0.791599989;-0.00320032243;0.790594294;-0.00319592467;1.01405204;0.790097682;0.0335287928;0.801199607;0.034000017;1.00127185;0.00197859786;-8.02107027e-06;0.842383;0.041533
30.499741;1.00129087;0.791999959;-0.00320030769;0.790978784;-0.0031958633;1.01407903;0.790076635;0.0339223685;0.801199625;0.0343999919;1.00129085;0.0019795869;-8.00537311e-06;0.842383;0.041533
30.500741;1.00130886;0.791999927;-0.00320029222;0.790964573;-0.0031958036;1.01410602;0.790450025;0.0339214895;0.801599642;0.0343999673;1.00130885;0.00197957585;-7.9885656e-06;0.842383;0.041533
30.501741;1.00132686;0.792399895;-0.00320027653;0.791349831;-0.00319574245;1.01413301;0.79042897;0.0339206134;0.801599659;0.034399943;1.00132684;0.00198056498;-7.97047984e-06;0.842383;0.041533
30.502741;1.00134585;0.792399862;-0.00320026121;0.791334821;-0.00319567677;1.01415899;0.79080311;0.0339197736;0.801999676;0.0343999192;1.00134584;0.00198055457;-7.95109448e-06;0.842383;0.041533
30.503741;1.00136385;0.792799829;-0.00280024691;0.791720056;-0.00279615796;1.01418598;0.790782047;0.0343133085;0.801999692;0.0347998961;1.00136385;0.00198154501;-6.93058892e-06;0.842383;0.041533
30.504741;1.00138185;0.792799797;-0.00280023423;0.791705828;-0.00279610049;1.01421197;0.791156159;0.0343124643;0.802399707;0.0347998737;1.00138185;0.00198153669;-6.90926012e-06;0.842383;0.041533
30.505741;1.00139884;0.793199765;-0.00280022355;0.792091833;-0.002796045;1.01423796;0.791135866;0.034311622;0.802399721;0.0347998523;1.00139886;0.00198252998;-6.88739903e-06;0.842383;0.041533
30.506741;1.00141685;0.793199734;-0.002800215;0.792077598;-0.00279598604;1.01426395;0.791509949;0.0343107806;0.802799734;0.034799832;1.00141686;0.00198252519;-6.86526282e-06;0.842383;0.041533
30.507741;1.00143485;0.793599704;-0.00280020841;0.79246279;-0.00279592658;1.01428894;0.791490428;0.0347043375;0.802799746;0.0351998129;1.00143487;0.00198352264;-6.84308959e-06;0.842383;0.041533
30.508741;1.00145186;0.793599674;-0.00240020342;0.79244934;-0.00239644954;1.01431493;0.791864482;0.0347034841;0.803199756;0.035199795;1.00145187;0.00198352251;-5.82105582e-06;0.842383;0.041533
30.509741;1.00146887;0.793999645;-0.00240019964;0.792835302;-0.00239639929;1.01433992;0.791844953;0.0347026622;0.803199764;0.0351997783;1.00146888;0.00198452479;-5.7992293e-06;0.842383;0.041533
30.510741;1.00148688;0.793999615;-0.00240019686;0.792821052;-0.00239634681;1.01436491;0.792219758;0.0347018368;0.803599772;0.0351997626;1.00148689;0.00198452924;-5.77761461e-06;0.842383;0.041533
30.511741;1.0015039;0.794399586;-0.00240019499;0.793206994;-0.00239629708;1.01438989;0.79220022;0.0350953328;0.803599778;0.0355997481;1.00150389;0.00198553551;-5.75626969e-06;0.842383;0.041533
30.512741;1.00151992;0.794399558;-0.00200019401;0.793194322;-0.00199685736;1.01441488;0.792574997;0.0350944888;0.803999784;0.0355997348;1.0015199;0.00198554315;-4.73538899e-06;0.842383;0.041533
30.513741;1.00153694;0.79479953;-0.00200019376;0.793580243;-0.00199681564;1.01443986;0.792555449;0.0350936397;0.803999788;0.0355997227;1.0015369;0.00198655162;-4.71529159e-06;0.842383;0.041533
30.514741;1.00155396;0.794799503;-0.00200019406;0.79356677;-0.0019967746;1.01446385;0.792930978;0.0350928203;0.804399792;0.0355997113;1.00155391;0.00198656034;-4.69632603e-06;0.842383;0.041533
30.515741;1.00156998;0.795199477;-0.00200019482;0.793953463;-0.00199673624;1.01448783;0.792912202;0.0354862837;0.804399795;0.0359997005;1.00156991;0.00198756873;-4.67876205e-06;0.842383;0.041533
30.516741;1.00158701;0.795199451;-0.00200019604;0.793939981;-0.00199669663;1.01451282;0.79328692;0.035485411;0.804799797;0.03599969;1.00158691;0.00198757623;-4.66273459e-06;0.842383;0.041533
30.517741;1.00160304;0.795599428;-0.00200019785;0.794326651;-0.00199665996;1.0145368;0.793268132;0.0354845695;0.804799799;0.0359996798;1.00160291;0.00198858232;-4.64824243e-06;0.842383;0.041533
30.518741;1.00161906;0.795599405;-0.00160020048;0.794313955;-0.00159727101;1.01455979;0.793644386;0.0354837598;0.8051998;0.0359996699;1.00161891;0.00198858661;-3.6351933e-06;0.842383;0.041533
30.519741;1.00163509;0.795999385;-0.00160020419;0.794700604;-0.0015972432;1.01458377;0.793625588;0.0358771625;0.805199801;0.0363996605;1.0016349;0.00198958894;-3.62348176e-06;0.842383;0.041533
30.520741;1.00165112;0.795999368;-0.00160020912;0.794687899;-0.00159721663;1.01460675;0.794001814;0.0358763387;0.805599801;0.0363996517;1.00165089;0.00198958941;-3.613053e-06;0.842383;0.041533
30.521741;1.00166714;0.795999352;-0.00160021523;0.794675193;-0.00159719113;1.01463073;0.793983008;0.0358754773;0.805599801;0.0363996438;1.00166688;0.00198958829;-3.60390937e-06;0.842383;0.041533
30.522741;1.00168317;0.79639934;-0.00160022234;0.795061816;-0.00159716637;1.01465371;0.794359209;0.0358746498;0.805999801;0.0363996373;1.00168287;0.00199058591;-3.59607277e-06;0.842383;0.041533
30.523741;1.00169819;0.796399329;-0.00120023022;0.795049897;-0.00119782169;1.0146767;0.79434118;0.0358738216;0.805999799;0.0363996326;1.00169785;0.00199058269;-2.58955683e-06;0.842383;0.041533
30.524741;1.00171421;0.796799321;-0.0012002386;0.7954365;-0.00119780384;1.01469968;0.794717358;0.0362671981;0.806399797;0.0367996298;1.00171383;0.00199157909;-2.58435544e-06;0.842383;0.041533
30.525741;1.00172924;0.796799314;-0.00120024723;0.795424574;-0.0011977869;1.01472166;0.794700106;0.0362663962;0.806399793;0.0367996294;1.00172882;0.00199157561;-2.58043877e-06;0.842383;0.041533
30.526741;1.00174426;0.797199309;-0.00120025582;0.795811952;-0.00119776933;1.01474464;0.795076264;0.0362655587;0.806799789;0.0367996316;1.0017438;0.00199257281;-2.57778646e-06;0.842383;0.041533
30.527741;1.00175928;0.797199305;-0.00120026408;0.795800019;-0.00119775083;1.01476662;0.795059009;0.0362647569;0.806799784;0.0367996366;1.00175878;0.00199257121;-2.57641936e-06;0.842383;0.041533
30.528741;1.0017743;0.797599301;-0.000800271673;0.796187379;-0.000798439483;1.0147886;0.795041758;0.0366581257;0.806799778;0.0371996446;1.00177376;0.00199357125;-1.57633361e-06;0.842383;0.041533
30.529741;1.00178932;0.797599299;-0.000800278266;0.796175441;-0.000798424524;1.01481059;0.795418672;0.0366573155;0.807199772;0.0371996553;1.00178874;0.00199357323;-1.57739248e-06;0.842383;0.041533
30.530741;1.00180434;0.797999297;-0.000800283532;0.796562782;-0.000798408288;1.01483257;0.795401418;0.0366565055;0.807199765;0.0371996684;1.00180373;0.00199457728;-1.57932685e-06;0.842383;0.041533
30.531741;1.00181937;0.797999297;-0.00080028718;0.796550838;-0.000798390738;1.01485455;0.795778312;0.0366556957;0.80759976;0.0371996835;1.00181871;0.0019945834;-1.58182324e-06;0.842383;0.041533
30.532741;1.00183339;0.797999299;-0.000800288951;0.796539689;-0.000798372692;1.01487553;0.795761841;0.0366549224;0.807599754;0.0371997001;1.0018327;0.00199459143;-1.58458995e-06;0.842383;0.041533
30.533741;1.00184841;0.798399303;-0.000800288624;0.796927008;-0.000798352717;1.01489751;0.796138715;0.0370482414;0.80799975;0.037599718;1.0018477;0.00199560104;-1.58740554e-06;0.842383;0.041533
30.534741;1.00186243;0.798399309;-0.00040028603;0.796915855;-0.000399076156;1.01491849;0.796122241;0.0370474603;0.807999748;0.0375997369;1.00186169;0.0019956119;-5.90188111e-07;0.842383;0.041533
30.535741;1.00187646;0.798799318;-0.000400281037;0.797303955;-0.000399061433;1.01493947;0.796499883;0.037046679;0.808399747;0.037599756;1.00187568;0.00199662376;-5.9305735e-07;0.842383;0.041533
30.536741;1.00189048;0.798799329;-0.000400273468;0.797292799;-0.000399046921;1.01496045;0.796483406;0.0370458974;0.808399748;0.0375997749;1.00188968;0.00199663652;-5.96327531e-07;0.842383;0.041533
30.537741;1.0019045;0.799199342;-0.000400263107;0.797680885;-0.000399033092;1.01498143;0.796466933;0.0370451155;0.80839975;0.037599793;1.00190368;0.00199765017;-6.00380136e-07;0.842383;0.041533
30.538741;1.00191852;0.799199357;-0.000400249828;0.797669728;-0.000399020226;1.01500142;0.796845335;0.0374384581;0.808799755;0.03799981;1.00191768;0.00199766471;-6.05452726e-07;0.842383;0.041533
30.539741;1.00193254;0.799199374;-0.000400233702;0.797658573;-0.000399008327;1.0150224;0.796828858;0.0374376682;0.808799762;0.0379998258;1.00193169;0.00199768007;-6.11525894e-07;0.842383;0.041533
30.540741;1.00194555;0.799599393;-2.14967638e-07;0.798047439;2.25915017e-07;1.01504239;0.797207242;0.0374369158;0.809199771;0.0379998406;1.00194469;0.0019986961;3.81581897e-07;0.842383;0.041533
30.541741;1.00195957;0.799599413;-1.93957232e-07;0.798036282;2.30967858e-07;1.01506337;0.797190762;0.0374361274;0.809199782;0.0379998549;1.0019587;0.00199871265;3.74055223e-07;0.842383;0.041533
30.542741;1.00197358;0.799999435;-1.71017334e-07;0.79842434;2.35746853e-07;1.01508336;0.797569125;0.0378294332;0.809599793;0.037999869;1.00197271;0.00199972956;3.65993398e-07;0.842383;0.041533
30.543741;1.00198659;0.799999457;-1.46453485e-07;0.798413979;2.40424927e-07;1.01510335;0.797553428;0.0378286767;0.809599806;0.0383998833;1.00198573;0.00199974672;3.57380159e-07;0.842383;0.041533
30.544741;1.0019996;0.79999948;-1.2052279e-07;0.798403619;2.4517044e-07;1.01512234;0.797538519;0.037827959;0.80959982;0.038399898;1.00199874;0.00199976407;3.48115424e-07;0.842383;0.041533
30.545741;1.0020126;0.800399504;-9.3475582e-08;0.798792458;2.50166276e-07;1.01514233;0.797916861;0.0378272059;0.809999835;0.0383999135;1.00201175;0.00200078164;3.38094672e-07;0.842383;0.041533
30.546741;1.00202561;0.800399528;0.000399934395;0.798782096;0.000399447242;1.01516232;0.797901165;0.0378264541;0.809999851;0.03839993;1.00202477;0.00200079949;1.3272658e-06;0.842383;0.041533
30.547741;1.00203861;0.800799554;0.000399962743;0.799170921;0.000399448184;1.01518131;0.798280275;0.0378257409;0.810399869;0.0383999475;1.00203779;0.00200181768;1.31566817e-06;0.842383;0.041533
30.548741;1.00205161;0.80079958;0.000399991189;0.799160555;0.000399450133;1.0152003;0.798265364;0.0382190394;0.810399888;0.0387999659;1.0020508;0.00200183621;1.30348652e-06;0.842383;0.041533
30.549741;1.00206461;0.801199606;0.000400019333;0.799549366;0.000399453448;1.01521929;0.798250456;0.0382183209;0.810399909;0.0387999849;1.00206382;0.00200285497;1.29107191e-06;0.842383;0.041533
30.550741;1.00207761;0.801199632;0.000400046741;0.799538995;0.000399458393;1.01523829;0.798629547;0.0382176033;0.810799931;0.0388000042;1.00207684;0.00200287373;1.27886598e-06;0.842383;0.041533
30.551741;1.00208961;0.801199658;0.000400073003;0.799529422;0.000399465442;1.01525728;0.798614638;0.0382168862;0.810799955;0.0388000235;1.00208887;0.00200289223;1.26726117e-06;0.842383;0.041533
30.552741;1.00210261;0.801599683;0.000400097851;0.799918213;0.000399473656;1.01527628;0.798993712;0.0382161693;0.811199979;0.0388000429;1.00210189;0.00200391019;1.25651627e-06;0.842383;0.041533
30.553741;1.00211461;0.801599708;0.000800121178;0.799908635;0.000798639704;1.01529528;0.7989788;0.0386094262;0.811200005;0.0392000621;1.00211392;0.00200392746;2.24676835e-06;0.842383;0.041533
30.554741;1.00212661;0.80159973;0.000800142914;0.799899058;0.000798645709;1.01531328;0.799358641;0.0386087396;0.811200031;0.039200081;1.00212594;0.00200394402;2.23808866e-06;0.842383;0.041533
30.555741;1.0021386;0.80199975;0.000800162906;0.800288629;0.000798652429;1.01533129;0.799344508;0.0386080525;0.811600058;0.0392000994;1.00213797;0.0020049599;2.23054712e-06;0.842383;0.041533
30.556741;1.0021516;0.801999768;0.000800180878;0.800278251;0.000798658997;1.0153493;0.799330374;0.0386073651;0.811600086;0.0392001173;1.002151;0.00200497518;2.22421397e-06;0.842383;0.041533
30.557741;1.00216359;0.802399784;0.000800196463;0.800667809;0.00079866698;1.01536831;0.799709398;0.0386066394;0.812000115;0.0392001343;1.00216303;0.00200598991;2.219089e-06;0.842383;0.041533
30.558741;1.00217459;0.802399797;0.000800209331;0.800659026;0.000798676309;1.01538532;0.799696042;0.0389999284;0.812000144;0.0396001503;1.00217406;0.00200600423;2.21510674e-06;0.842383;0.041533
30.559741;1.00218658;0.802399808;0.00120021934;0.800649445;0.00119781277;1.01540334;0.799681897;0.0389992333;0.812000175;0.0396001652;1.0021861;0.00200601836;3.212239e-06;0.842383;0.041533
30.560741;1.00219857;0.802799816;0.00120022654;0.801038987;0.00119781715;1.01542135;0.800061673;0.0389985376;0.812400206;0.0396001788;1.00219813;0.00200703253;3.21055718e-06;0.842383;0.041533
30.561741;1.00221055;0.802799822;0.00120023107;0.801029402;0.00119782146;1.01543937;0.800047516;0.0389978415;0.812400238;0.0396001909;1.00221017;0.00200704688;3.21022168e-06;0.842383;0.041533
30.562741;1.00222154;0.803199826;0.00120023309;0.801419731;0.0011978265;1.01545639;0.800428055;0.0389971835;0.81280027;0.0396002013;1.0022212;0.0020080614;3.21142397e-06;0.842383;0.041533
30.563741;1.00223353;0.803199828;0.00120023279;0.801410141;0.00119782951;1.01547341;0.800414674;0.0389965253;0.812800303;0.0396002099;1.00223323;0.00200807603;3.21428933e-06;0.842383;0.041533
30.564741;1.00224451;0.803199827;0.0012002305;0.801401353;0.00119783255;1.01549044;0.800401289;0.0393897655;0.812800336;0.040000217;1.00224427;0.00200809069;3.21880063e-06;0.842383;0.041533
30.565741;1.00225549;0.803599824;0.00120022662;0.801791663;0.0011978341;1.01550746;0.800781794;0.0393891014;0.813200368;0.0400002225;1.0022553;0.00200910527;3.22478594e-06;0.842383;0.041533
30.566741;1.00226648;0.803599818;0.00160022157;0.80178287;0.00159692945;1.01552448;0.800768397;0.0393884378;0.813200401;0.0400002266;1.00226633;0.00200911973;4.23195512e-06;0.842383;0.041533
30.567741;1.00227846;0.80359981;0.00160021577;0.801773277;0.0015969209;1.01554151;0.801148876;0.0393877744;0.813200432;0.0400002295;1.00227836;0.00200913399;4.23998105e-06;0.842383;0.041533
30.568741;1.00228944;0.8039998;0.00160020959;0.802163572;0.00159691124;1.01555854;0.801135467;0.039387111;0.813600463;0.0400002314;1.00228939;0.00201014797;4.24859879e-06;0.842383;0.041533
30.569741;1.00229942;0.803999789;0.00160020337;0.802155577;0.00159690011;1.01557456;0.801122845;0.0393864866;0.813600494;0.0400002325;1.00229942;0.00201016146;4.257639e-06;0.842383;0.041533
30.570741;1.00231041;0.803999776;0.00160019746;0.802146782;0.00159688412;1.01559159;0.80150329;0.0397796827;0.814000523;0.040400233;1.00231044;0.00201017403;4.26696278e-06;0.842383;0.041533
30.571741;1.00232139;0.804399762;0.0016001922;0.802537062;0.00159686486;1.01560762;0.801490655;0.039779053;0.81400055;0.0404002332;1.00232147;0.00201118508;4.27638007e-06;0.842383;0.041533
30.572741;1.00233237;0.804399748;0.00160018787;0.802528267;0.00159684238;1.01562464;0.801477227;0.0397783848;0.814000576;0.0404002334;1.00233249;0.0020111941;4.28565516e-06;0.842383;0.041533
30.573741;1.00234236;0.804799735;0.0016001847;0.802919337;0.00159681837;1.01564067;0.801858427;0.0397777568;0.814400599;0.0404002337;1.0023425;0.00201220083;4.29456742e-06;0.842383;0.041533
30.574741;1.00235334;0.804799721;0.00200018285;0.802910539;0.00199585071;1.01565669;0.801845777;0.0397771294;0.814400621;0.0404002343;1.00235352;0.0020122053;5.30289852e-06;0.842383;0.041533
30.575741;1.00236333;0.804799709;0.00200018251;0.802902544;0.00199581672;1.01567172;0.801833913;0.0397765416;0.814400641;0.0404002351;1.00236353;0.00201220762;5.3103687e-06;0.842383;0.041533
30.576741;1.00237432;0.805199697;0.00200018398;0.8032928;0.00199577797;1.01568774;0.802215079;0.0401697363;0.81480066;0.0408002362;1.00237454;0.00201320801;5.31664855e-06;0.842383;0.041533
30.578741;1.00239429;0.805199677;0.00200019336;0.803276808;0.00199569717;1.01571879;0.80219054;0.0401685068;0.814800695;0.0408002398;1.00239454;0.00201320441;5.32445579e-06;0.842383;0.041533
30.579741;1.00240428;0.805599669;0.00200020135;0.803667853;0.00199565393;1.01573482;0.802571677;0.0401678705;0.815200711;0.0408002423;1.00240454;0.00201420126;5.32549279e-06;0.842383;0.041533
30.580741;1.00241427;0.805599661;0.00200021134;0.803659854;0.00199560939;1.01574984;0.802559794;0.0401672722;0.815200727;0.0408002449;1.00241453;0.00201419762;5.32429038e-06;0.842383;0.041533
30.581741;1.00242426;0.805599653;0.00240022303;0.803651856;0.00239459665;1.01576486;0.802941703;0.0401666726;0.815600741;0.0408002475;1.00242453;0.00201419344;6.32058059e-06;0.842383;0.041533
30.582741;1.00243426;0.805999647;0.00240023609;0.804042885;0.00239454655;1.01577989;0.802929815;0.0405598576;0.815600754;0.0412002502;1.00243452;0.00201518848;6.31414385e-06;0.842383;0.041533
30.583741;1.00244425;0.80599964;0.00240025023;0.804034881;0.00239449609;1.01579491;0.802917929;0.0405592494;0.815600766;0.0412002529;1.00244451;0.00201518248;6.30489018e-06;0.842383;0.041533
30.584741;1.00245324;0.805999634;0.00240026529;0.804027677;0.00239444787;1.01580993;0.803299816;0.0405586402;0.816000776;0.041200256;1.0024535;0.00201517529;6.29289832e-06;0.842383;0.041533
30.585741;1.00246323;0.806399629;0.00240028127;0.804418688;0.0023943973;1.01582496;0.803287924;0.0405580304;0.816000785;0.0412002594;1.00246349;0.00201616691;6.27842071e-06;0.842383;0.041533
30.586741;1.00247322;0.806399624;0.00240029818;0.804410675;0.00239434702;1.01583998;0.803276032;0.0405574203;0.816000791;0.0412002627;1.00247348;0.00201615747;6.26185132e-06;0.842383;0.041533
30.587741;1.00248221;0.806399621;0.00240031599;0.804403464;0.00239429966;1.015854;0.80365869;0.0405568507;0.816400795;0.0412002659;1.00248247;0.00201614716;6.24364964e-06;0.842383;0.041533
30.588741;1.0024912;0.806799618;0.00240033459;0.804795255;0.00239425305;1.01586902;0.803646794;0.0409499935;0.816400797;0.0416002686;1.00249146;0.00201713625;6.22425312e-06;0.842383;0.041533
30.589741;1.00250118;0.806799617;0.00280035389;0.804787231;0.00279320708;1.01588304;0.80363569;0.0409494202;0.816400796;0.041600271;1.00250145;0.002017125;7.20402518e-06;0.842383;0.041533
30.590741;1.00251017;0.806799617;0.00280037385;0.804780007;0.0027931589;1.01589705;0.804018327;0.0409488482;0.816800793;0.0416002731;1.00251044;0.00201711367;7.18326278e-06;0.842383;0.041533
30.591741;1.00251915;0.807199619;0.00280039446;0.805171776;0.00279311193;1.01591107;0.804007218;0.0409482775;0.816800789;0.0416002752;1.00251944;0.0020181025;7.16222821e-06;0.842383;0.041533
30.592741;1.00252813;0.807199623;0.00280041571;0.805164543;0.00279306641;1.01592508;0.803996109;0.0409477082;0.816800784;0.0416002771;1.00252843;0.00201809175;7.14116088e-06;0.842383;0.041533
30.593741;1.00253712;0.807199629;0.0028004376;0.805157307;0.00279302267;1.01593909;0.804378725;0.0409471406;0.817200777;0.0416002786;1.00253743;0.00201808162;7.12027594e-06;0.842383;0.041533
30.594741;1.0025461;0.807599637;0.00280046009;0.805549053;0.00279298108;1.0159531;0.804367612;0.0409465749;0.81720077;0.0416002797;1.00254643;0.00201907232;7.09978235e-06;0.842383;0.041533
30.595741;1.00255508;0.807599647;0.00280048303;0.80554181;0.00279294193;1.01596711;0.804356498;0.0413397246;0.817200762;0.0420002798;1.00255543;0.00201906405;7.07991202e-06;0.842383;0.041533
30.596741;1.00256406;0.807599659;0.00280050618;0.805534563;0.00279290535;1.01598112;0.804739095;0.0413391574;0.817600754;0.042000279;1.00256443;0.00201905698;7.06089386e-06;0.842383;0.041533
30.597741;1.00257304;0.807599672;0.00280052932;0.805527315;0.00279287131;1.01599412;0.804728771;0.0413386326;0.817600746;0.0420002771;1.00257344;0.00201905126;7.04287319e-06;0.842383;0.041533
30.598741;1.00258102;0.807999687;0.00320055241;0.805919839;0.00319181271;1.01600712;0.804718447;0.0413381099;0.817600738;0.0420002741;1.00258145;0.00202004691;8.02587862e-06;0.842383;0.041533
30.599741;1.00259;0.807999703;0.0032005756;0.805912583;0.00319177976;1.01602112;0.804707333;0.0413375485;0.817600729;0.0420002703;1.00259047;0.00202004389;8.00987081e-06;0.842383;0.041533
30.600741;1.00259798;0.80799972;0.00320059917;0.80590613;0.00319175206;1.01603412;0.805090699;0.0413370298;0.818000721;0.0420002658;1.00259848;0.0020200422;7.99479027e-06;0.842383;0.041533
30.601741;1.00260696;0.808399738;0.00320062338;0.806297831;0.00319172305;1.01604712;0.805080374;0.041336513;0.818000713;0.0420002606;1.0026075;0.00202104191;7.98055628e-06;0.842383;0.041533
30.602741;1.00261495;0.808399757;0.00320064836;0.806291373;0.00319169886;1.01606012;0.805070051;0.0417296754;0.818000705;0.0424002547;1.00261552;0.00202104304;7.96704038e-06;0.842383;0.041533
30.603741;1.00262393;0.808399777;0.00320067404;0.80628411;0.00319167293;1.01607311;0.805453402;0.0417291565;0.818400696;0.0424002478;1.00262454;0.00202104545;7.95405009e-06;0.842383;0.041533
30.604741;1.00263192;0.808799797;0.00320070022;0.806676603;0.00319165141;1.01608611;0.805443077;0.0417286385;0.818400688;0.0424002399;1.00263255;0.00202204886;7.94139868e-06;0.842383;0.041533
30.605741;1.0026399;0.808799817;0.00320072658;0.806670142;0.00319163086;1.01609911;0.805432754;0.0417281207;0.81840068;0.0424002311;1.00264057;0.00202205301;7.92906078e-06;0.842383;0.041533
30.606741;1.00264789;0.808799837;0.00320075276;0.806663684;0.00319161107;1.01611111;0.805816884;0.041727644;0.818800671;0.0424002216;1.00264859;0.00202205765;7.91724146e-06;0.842383;0.041533
30.607741;1.00265587;0.809199855;0.00360077842;0.807056168;0.00359053227;1.01612411;0.805806561;0.0417271259;0.818800661;0.0424002118;1.0026566;0.00202306263;8.90627534e-06;0.842383;0.041533
30.608741;1.00266386;0.809199871;0.00360080325;0.80704971;0.00359051033;1.01613611;0.805797034;0.041726648;0.81880065;0.0424002021;1.00266461;0.00202306783;8.89648461e-06;0.842383;0.041533
30.609741;1.00267184;0.809199886;0.003600827;0.807043255;0.00359048877;1.01614911;0.80618036;0.0417261278;0.819200638;0.0424001929;1.00267263;0.00202307316;8.88813519e-06;0.842383;0.041533
30.610741;1.00267982;0.809199898;0.00360084939;0.807036801;0.00359046764;1.01616112;0.806170834;0.042119285;0.819200624;0.0428001843;1.00268063;0.00202307855;8.8814948e-06;0.842383;0.041533
30.611741;1.00268781;0.809599908;0.00360087021;0.807429278;0.00359044699;1.01617313;0.806161311;0.0421187967;0.819200609;0.0428001762;1.00268864;0.00202408388;8.87686727e-06;0.842383;0.041533
30.612741;1.00269579;0.809599917;0.00360088925;0.807422826;0.00359042696;1.01618513;0.806151791;0.0421183058;0.819200593;0.0428001688;1.00269665;0.00202408893;8.87451609e-06;0.842383;0.041533
30.613741;1.00270277;0.809599923;0.00360090639;0.807417181;0.00359041122;1.01619714;0.806535898;0.042117812;0.819600576;0.0428001619;1.00270365;0.00202409341;8.87455618e-06;0.842383;0.041533
30.614741;1.00271075;0.809999928;0.00360092162;0.807809651;0.0035903928;1.01620915;0.806526379;0.0421173156;0.819600559;0.0428001556;1.00271165;0.00202509712;8.87694932e-06;0.842383;0.041533
30.615741;1.00271774;0.809999931;0.00360093498;0.807804008;0.00359037911;1.01622117;0.806516862;0.0421168165;0.819600542;0.04280015;1.00271864;0.00202510002;8.88161529e-06;0.842383;0.041533
30.616741;1.00272572;0.809999933;0.00360094648;0.807797561;0.00359036334;1.01623318;0.806900958;0.0421163149;0.820000525;0.0428001452;1.00272664;0.00202510222;8.88851876e-06;0.842383;0.041533
30.617741;1.0027327;0.809999932;0.00400095613;0.807791922;0.00398926273;1.0162452;0.806891442;0.0425094165;0.820000508;0.0432001413;1.00273362;0.00202510395;9.89764291e-06;0.842383;0.041533
30.618741;1.00274068;0.810399931;0.00400096386;0.808184385;0.00398924743;1.01625621;0.806882722;0.0425089469;0.82000049;0.0432001383;1.00274161;0.00202610536;9.90893175e-06;0.842383;0.041533
30.619741;1.00274766;0.810399928;0.00400096954;0.808178747;0.00398923787;1.01626823;0.80687321;0.0425084327;0.820000471;0.0432001364;1.00274859;0.00202610649;9.92226287e-06;0.842383;0.041533
30.620741;1.00275465;0.810399925;0.00400097302;0.808173109;0.0039892299;1.01627925;0.807258089;0.0425079578;0.820400451;0.0432001358;1.00275557;0.00202610733;9.93743708e-06;0.842383;0.041533
30.621741;1.00276163;0.810799922;0.00400097415;0.808566372;0.00398922327;1.01629026;0.807249372;0.0425074803;0.820400429;0.0432001365;1.00276255;0.00202710778;9.95422043e-06;0.842383;0.041533
30.622741;1.00276861;0.810799919;0.00400097284;0.808560733;0.00398921765;1.01630228;0.807239864;0.042506959;0.820400405;0.0432001385;1.00276952;0.00202710772;9.9724028e-06;0.842383;0.041533
30.623741;1.0027756;0.810799917;0.00400096903;0.808555096;0.00398921266;1.0163133;0.80762473;0.0425064779;0.82080038;0.0432001418;1.00277649;0.00202710699;9.99178704e-06;0.842383;0.041533
30.624741;1.00278258;0.810799916;0.00400096261;0.808549458;0.00398920792;1.01632431;0.807616015;0.0425059957;0.820800353;0.0432001462;1.00278347;0.0020271054;1.0012173e-05;0.842383;0.041533
30.625741;1.00278956;0.811199915;0.00400095353;0.808942707;0.00398920308;1.01633533;0.8076073;0.0425055131;0.820800325;0.0432001515;1.00279044;0.00202810287;1.00334014e-05;0.842383;0.041533
30.626741;1.00279655;0.811199915;0.00400094178;0.808937064;0.00398919784;1.01634635;0.807598585;0.0428985971;0.820800296;0.0436001574;1.00279742;0.00202809934;1.00554012e-05;0.842383;0.041533
30.627741;1.00280353;0.811199916;0.00440092746;0.808931422;0.00438807347;1.01635636;0.807984228;0.0428981526;0.821200267;0.043600164;1.00280439;0.00202809485;1.10781956e-05;0.842383;0.041533
30.628741;1.00281052;0.811199917;0.00440091082;0.80892578;0.0043880639;1.01636738;0.807975509;0.0428976663;0.821200237;0.0436001713;1.00281137;0.00202808943;1.11018614e-05;0.842383;0.041533
30.629741;1.00281651;0.811599919;0.00440089217;0.80931982;0.00438805762;1.01637839;0.807966791;0.0428971807;0.821200209;0.0436001794;1.00281735;0.00202908314;1.11264668e-05;0.842383;0.041533
30.630741;1.0028235;0.811599922;0.00440087186;0.809314176;0.00438804569;1.0163884;0.808352418;0.0428967376;0.821600181;0.0436001885;1.00282433;0.00202907601;1.11520083e-05;0.842383;0.041533
30.632741;1.00283648;0.811599928;0.00440082741;0.809303699;0.00438802192;1.01640943;0.808335767;0.0428958106;0.821600133;0.0436002089;1.00283729;0.00202905941;1.12052371e-05;0.842383;0.041533
30.633741;1.00284348;0.811999932;0.00440080381;0.809696923;0.00438800554;1.01642044;0.808327044;0.0428953266;0.821600113;0.0436002201;1.00284427;0.00203004987;1.12321745e-05;0.842383;0.041533
30.634741;1.00284947;0.811999936;0.00440077964;0.809692088;0.00438799194;1.01643045;0.808712651;0.0432884193;0.822000096;0.0440002321;1.00285025;0.00203003943;1.12585728e-05;0.842383;0.041533
30.636741;1.00286247;0.811999946;0.00440073084;0.809681611;0.00438795564;1.01645047;0.808696785;0.0432875297;0.822000068;0.0440002591;1.00286322;0.0020300166;1.1307606e-05;0.842383;0.041533
30.637741;1.00286848;0.812399952;0.00440070687;0.810075631;0.00438793727;1.01646048;0.808688853;0.043287086;0.822000056;0.0440002743;1.00286921;0.00203100512;1.13295939e-05;0.842383;0.041533
30.638741;1.00287449;0.812399958;0.00480068339;0.810070795;0.00478677034;1.01647048;0.809074438;0.0432866435;0.822400046;0.0440002904;1.00287519;0.00203099433;1.23497126e-05;0.842383;0.041533
30.639741;1.0028805;0.812399964;0.00480066033;0.810065957;0.00478674559;1.01648049;0.809066501;0.0432862024;0.822400037;0.0440003071;1.00288118;0.00203098469;1.23679016e-05;0.842383;0.041533
30.640741;1.00288651;0.81279997;0.00480063757;0.810459967;0.00478671853;1.0164905;0.809058561;0.0432857629;0.822400028;0.0440003241;1.00288716;0.00203197653;1.23841117e-05;0.842383;0.041533
30.641741;1.00289252;0.812799975;0.00480061507;0.810455127;0.00478668912;1.0165005;0.809050622;0.0432853254;0.82240002;0.044000341;1.00289315;0.00203196999;1.2398328e-05;0.842383;0.041533
30.642741;1.00289853;0.812799981;0.00480059295;0.810450286;0.00478665729;1.0165095;0.809436981;0.0432849323;0.822800012;0.0440003575;1.00289913;0.00203196505;1.24105952e-05;0.842383;0.041533
30.643741;1.00290455;0.812799986;0.00480057132;0.810445445;0.00478662303;1.01651951;0.809429037;0.0436779984;0.822800004;0.0444003733;1.00290512;0.0020319616;1.24210117e-05;0.842383;0.041533
30.644741;1.00291056;0.81279999;0.00480055025;0.810440604;0.00478658641;1.01652851;0.809421886;0.0436776055;0.822799998;0.0444003878;1.00291111;0.00203195955;1.24296724e-05;0.842383;0.041533
30.645741;1.00291657;0.813199993;0.00480052968;0.810834599;0.00478654763;1.01653851;0.80941394;0.043677171;0.822799992;0.0444004008;1.0029171;0.00203295881;1.24365894e-05;0.842383;0.041533
30.646741;1.00292258;0.813199996;0.0048005095;0.810829754;0.00478650696;1.01654751;0.809800278;0.0436767807;0.823199988;0.0444004118;1.00292309;0.00203295939;1.24416805e-05;0.842383;0.041533
30.648741;1.00293359;0.813199999;0.00480046959;0.81082087;0.00478642552;1.0165665;0.80978517;0.0436759591;0.82319998;0.0444004271;1.00293407;0.0020329651;1.2445947e-05;0.842383;0.041533
30.649741;1.0029396;0.813599999;0.00480044937;0.811214851;0.00478638062;1.01657549;0.809778014;0.043675571;0.823199977;0.0444004309;1.00294006;0.00203397066;1.24449823e-05;0.842383;0.041533
30.650741;1.0029456;0.813599998;0.00520042865;0.81121;0.00518516021;1.01658449;0.810164332;0.0436751834;0.823599974;0.0444004319;1.00294605;0.00203397818;1.34419724e-05;0.842383;0.041533
30.652741;1.00295661;0.813599994;0.00520038506;0.811201106;0.00518506986;1.01660247;0.810150011;0.0436744108;0.823599967;0.0444004258;1.00295703;0.00203399881;1.34304784e-05;0.842383;0.041533
30.653741;1.00296162;0.81399999;0.0052003619;0.811595881;0.00518502815;1.01661146;0.810142849;0.0440674895;0.823599963;0.0448004194;1.00296202;0.00203501159;1.34226007e-05;0.842383;0.041533
30.654741;1.00296662;0.813999985;0.00520033774;0.811591836;0.00518498731;1.01661945;0.810529945;0.0440671443;0.823999958;0.0448004114;1.002967;0.00203502568;1.34137507e-05;0.842383;0.041533
30.656741;1.00297763;0.813999975;0.00520028615;0.811582935;0.00518490338;1.01663744;0.810515614;0.0440663684;0.823999948;0.0448003931;1.00297797;0.00203505671;1.33937916e-05;0.842383;0.041533
30.657741;1.00298263;0.81439997;0.00520025847;0.811977699;0.00518486544;1.01664543;0.810509245;0.0440660244;0.823999943;0.0448003837;1.00298295;0.00203607301;1.33829478e-05;0.842383;0.041533
30.658741;1.00298763;0.814399965;0.00520022925;0.811973651;0.00518482836;1.01665442;0.810895527;0.0440656377;0.824399939;0.0448003745;1.00298793;0.0020360894;1.3371811e-05;0.842383;0.041533
30.661741;1.00300365;0.814399955;0.00520013053;0.811960703;0.00518471576;1.0166794;0.810875612;0.0440645675;0.824399935;0.0448003507;1.00300388;0.00203613681;1.33378916e-05;0.842383;0.041533
30.662741;1.00300866;0.814799954;0.00520009394;0.812355457;0.00518468109;1.01668739;0.810869239;0.0440642255;0.824399938;0.0448003436;1.00300886;0.0020371517;1.33261143e-05;0.842383;0.041533
30.663741;1.00301367;0.814799954;0.00560005586;0.812351411;0.00558344502;1.01669638;0.811255498;0.0444572712;0.824799944;0.0452003362;1.00301384;0.00203716595;1.43136802e-05;0.842383;0.041533
30.665741;1.0030237;0.814799957;0.00559997676;0.812343319;0.00558337376;1.01671237;0.811242741;0.0444565785;0.824799964;0.0452003189;1.00302381;0.00203719177;1.42857835e-05;0.842383;0.041533
30.666741;1.00302772;0.815199959;0.00559993681;0.812738876;0.00558334339;1.01672036;0.811236361;0.044456231;0.824799977;0.0452003087;1.00302779;0.00203820318;1.42699201e-05;0.842383;0.041533
30.667741;1.00303273;0.815199962;0.00559989742;0.812734829;0.00558330674;1.01672835;0.811623398;0.0444558825;0.825199991;0.0452002976;1.00303278;0.00203821367;1.42526432e-05;0.842383;0.041533
30.670741;1.00304678;0.815199969;0.0055997882;0.812723492;0.00558319598;1.01675132;0.811605039;0.0444548746;0.825200043;0.0452002608;1.00304674;0.00203824096;1.41920747e-05;0.842383;0.041533
30.671741;1.0030518;0.815599971;0.00559975608;0.813118226;0.00558315494;1.01675931;0.811598652;0.0444545224;0.825200061;0.0452002483;1.00305173;0.00203924873;1.41690495e-05;0.842383;0.041533
30.672741;1.00305581;0.815599973;0.00559972659;0.813114984;0.00558311841;1.0167663;0.811986469;0.0444542135;0.825600079;0.0452002362;1.00305572;0.00203925567;1.41448751e-05;0.842383;0.041533
30.673741;1.00306083;0.815599976;0.00559970004;0.813110932;0.00558307527;1.01677429;0.81198008;0.0444538605;0.825600097;0.0452002248;1.00306071;0.00203926163;1.41199439e-05;0.842383;0.041533
30.674741;1.00306485;0.815599979;0.00559967674;0.81310769;0.00558303676;1.01678128;0.811974492;0.0448469491;0.825600114;0.0452002145;1.0030647;0.00203926654;1.40947394e-05;0.842383;0.041533
30.675741;1.00306987;0.815599983;0.0055996568;0.813103636;0.00558299194;1.01678927;0.811968105;0.0448465922;0.82560013;0.0456002055;1.00306969;0.00203927043;1.40697289e-05;0.842383;0.041533
30.676741;1.00307389;0.815999988;0.00559964018;0.813499168;0.00558295223;1.01679626;0.81235591;0.0448462791;0.826000144;0.0456001981;1.00307369;0.00204027323;1.40453576e-05;0.842383;0.041533
30.677741;1.0030789;0.815999995;0.00559962677;0.813495112;0.00558290684;1.01680425;0.812349521;0.044845922;0.826000156;0.0456001925;1.00307868;0.00204027482;1.40220924e-05;0.842383;0.041533
30.678741;1.00308292;0.816000003;0.00599961641;0.813491866;0.00598163776;1.01681125;0.812343931;0.0448456089;0.826000167;0.0456001888;1.00308268;0.00204027502;1.5000385e-05;0.842383;0.041533
30.679741;1.00308694;0.816000012;0.00599960895;0.81348862;0.00598159693;1.01681824;0.812338343;0.0448452961;0.826000177;0.0456001872;1.00308668;0.00204027372;1.49806007e-05;0.842383;0.041533
30.680741;1.00309097;0.816400021;0.00599960417;0.813884142;0.00598155666;1.01682524;0.812332755;0.0448449835;0.826000185;0.0456001877;1.00309069;0.00204127092;1.49630112e-05;0.842383;0.041533
30.681741;1.00309599;0.81640003;0.00599960187;0.813880082;0.00598151098;1.01683223;0.812720546;0.044844671;0.826400192;0.0456001904;1.00309569;0.00204126666;1.49477797e-05;0.842383;0.041533
30.684741;1.00310806;0.816400048;0.00599960729;0.813870342;0.00598139443;1.01685322;0.812703776;0.0448437333;0.826400207;0.0456002132;1.00310771;0.00204124632;1.49152473e-05;0.842383;0.041533
30.685741;1.00311209;0.816800051;0.00599961223;0.814265855;0.00598135645;1.01686022;0.812698185;0.0448434204;0.82640021;0.0456002253;1.00311172;0.00204223763;1.49080402e-05;0.842383;0.041533
30.686741;1.00311612;0.816800052;0.0059996182;0.814262609;0.0059813191;1.01686722;0.813085959;0.0452364724;0.826800211;0.0456002392;1.00311573;0.00204222827;1.49023461e-05;0.842383;0.041533
30.687741;1.00312014;0.816800051;0.0059996249;0.814259365;0.00598128254;1.01687422;0.813080364;0.0452361567;0.826800211;0.0460002543;1.00311974;0.00204221838;1.48979843e-05;0.842383;0.041533
30.690741;1.00313221;0.81680004;0.00599964561;0.814249638;0.00598117767;1.01689421;0.813064374;0.0452352557;0.826800196;0.0460003043;1.00313176;0.0020421865;1.48911031e-05;0.842383;0.041533
30.691741;1.00313624;0.817200034;0.00599965135;0.814645147;0.00598114386;1.0169002;0.813452929;0.0452349855;0.827200186;0.0460003217;1.00313577;0.00204317535;1.48905409e-05;0.842383;0.041533
30.693741;1.00314328;0.81720002;0.00599965914;0.814639479;0.00598108353;1.01691319;0.813442527;0.0452344015;0.827200161;0.0460003561;1.00314279;0.0020431522;1.48917558e-05;0.842383;0.041533
30.694741;1.00314729;0.817200012;0.00639966123;0.81463624;0.00637979638;1.01691918;0.813437726;0.0452341319;0.827200147;0.0460003723;1.0031468;0.00204314017;1.58934851e-05;0.842383;0.041533
30.695741;1.00315031;0.817200003;0.0063996625;0.814633815;0.00637976964;1.01692617;0.813432124;0.0452338181;0.827200133;0.0460003872;1.0031498;0.00204312786;1.58959055e-05;0.842383;0.041533
30.696741;1.00315432;0.817599995;0.00639966335;0.81502932;0.00637973755;1.01693217;0.813820663;0.0452335488;0.827600119;0.0460004008;1.00315381;0.0020441152;1.58988783e-05;0.842383;0.041533
30.698741;1.00316134;0.817599977;0.00639966485;0.815023657;0.00637968328;1.01694415;0.813811058;0.0452330107;0.827600094;0.0460004227;1.00316082;0.00204408812;1.59056643e-05;0.842383;0.041533
30.699741;1.00316535;0.817599969;0.00639966562;0.815020419;0.00637965478;1.01695114;0.813805455;0.0456260299;0.827600085;0.0460004304;1.00316483;0.00204407349;1.59091281e-05;0.842383;0.041533
30.700741;1.00316836;0.817599961;0.00639966626;0.815017993;0.00637963375;1.01695714;0.813800654;0.0456257582;0.827600078;0.0464004357;1.00316783;0.00204405812;1.59124647e-05;0.842383;0.041533
30.701741;1.00317236;0.817999953;0.00639966658;0.815413487;0.00637960751;1.01696313;0.813795852;0.0456254858;0.827600074;0.0464004383;1.00317184;0.00204504211;1.59154863e-05;0.842383;0.041533
30.702741;1.00317536;0.817999945;0.00639966644;0.815411057;0.00637958883;1.01696912;0.814184376;0.045625212;0.828000073;0.0464004383;1.00317485;0.00204502563;1.59179373e-05;0.842383;0.041533
30.706741;1.00318835;0.817999916;0.00639965821;0.815400502;0.00637952299;1.01699208;0.814165963;0.045624144;0.828000089;0.0464004124;1.00318787;0.00204496251;1.59193202e-05;0.842383;0.041533
30.707741;1.00319234;0.818399911;0.00639965386;0.815795977;0.00637950615;1.01699807;0.814554477;0.0456238616;0.828400098;0.0464003996;1.00319187;0.00204594951;1.59178425e-05;0.842383;0.041533
30.711741;1.00320431;0.8183999;0.00639963503;0.815786201;0.00637948047;1.01702002;0.814536867;0.0456228118;0.828400141;0.0464003282;1.00320386;0.00204591194;1.59119245e-05;0.842383;0.041533
30.712741;1.0032073;0.8187999;0.00679963196;0.816182477;0.00677819894;1.017026;0.814532067;0.0456225263;0.828400153;0.0464003072;1.00320685;0.00204690587;1.69107196e-05;0.842383;0.041533
30.713741;1.00321029;0.818799902;0.0067996302;0.81618003;0.00677819606;1.01703099;0.814921368;0.0456222859;0.828800165;0.0464002855;1.00320984;0.00204690121;1.69094408e-05;0.842383;0.041533
30.714741;1.00321328;0.818799904;0.00679962985;0.816177582;0.00677819415;1.01703597;0.814917366;0.0460153457;0.828800177;0.0468002637;1.00321283;0.00204689797;1.69079848e-05;0.842383;0.041533
30.717741;1.00322226;0.818799913;0.00679963655;0.816170237;0.00677819389;1.01705192;0.814904551;0.0460145809;0.828800213;0.0468002033;1.00322179;0.00204689482;1.69025317e-05;0.842383;0.041533
30.718741;1.00322525;0.819199917;0.00679964101;0.816566502;0.00677819582;1.0170569;0.815293835;0.0460143436;0.829200225;0.0468001868;1.00322477;0.00204789501;1.690066e-05;0.842383;0.041533
30.721741;1.00323425;0.819199931;0.00679965988;0.81655915;0.00677820799;1.01707284;0.815280997;0.0460135931;0.829200254;0.0468001527;1.00323371;0.00204789339;1.68958833e-05;0.842383;0.041533
30.723741;1.00323925;0.81919994;0.00679967811;0.816555061;0.006778226;1.0170828;0.815272969;0.0460131273;0.829200268;0.0468001435;1.00323866;0.00204788707;1.68930176e-05;0.842383;0.041533
30.724741;1.00324225;0.819599945;0.00679968957;0.816951316;0.00677823195;1.01708778;0.815662233;0.0460128956;0.829600274;0.0468001427;1.00324164;0.00204888189;1.68915488e-05;0.842383;0.041533
30.728741;1.00325226;0.819599967;0.00679974977;0.816943135;0.00677827125;1.01710671;0.815646964;0.0460120245;0.829600289;0.046800159;1.00325152;0.00204884723;1.68859247e-05;0.842383;0.041533
30.729741;1.00325526;0.819599975;0.00679976814;0.816940686;0.00677827745;1.0171117;0.815642947;0.0464050684;0.829600292;0.0468001657;1.00325448;0.00204883506;1.68843768e-05;0.842383;0.041533
30.730741;1.00325826;0.819599985;0.00679978771;0.816938237;0.00677828321;1.01711568;0.816033;0.0464048863;0.829600294;0.0472001726;1.00325745;0.00204882166;1.6882262e-05;0.842383;0.041533
30.731741;1.00326026;0.819999995;0.00679980835;0.817335304;0.00677829532;1.01712067;0.816028981;0.0464046594;0.830000297;0.0472001791;1.00325942;0.00204980734;1.68792525e-05;0.842383;0.041533
30.732741;1.00326326;0.820000006;0.00679982998;0.817332858;0.00677830046;1.01712567;0.816024964;0.0464044329;0.8300003;0.0472001848;1.00326238;0.00204979255;1.68752121e-05;0.842383;0.041533
30.733741;1.00326526;0.820000018;0.00719985246;0.817331229;0.00717701061;1.01712966;0.816021749;0.0464042525;0.830000303;0.0472001894;1.00326435;0.00204977783;1.787023e-05;0.842383;0.041533
30.736741;1.00327226;0.820000053;0.00719992127;0.817325537;0.00717703988;1.01714365;0.81601051;0.0464036234;0.830000312;0.0472001952;1.00327127;0.00204973918;1.78510219e-05;0.842383;0.041533
30.737741;1.00327425;0.820400064;0.00719994321;0.817722609;0.00717705405;1.01714765;0.816400559;0.0464034458;0.830400316;0.0472001949;1.00327326;0.00205072928;1.78431623e-05;0.842383;0.041533
30.742741;1.00328623;0.820400104;0.00720002722;0.81771287;0.00717713199;1.01716865;0.816383717;0.0464025341;0.830400333;0.0472001896;1.00328521;0.00205070506;1.77927813e-05;0.842383;0.041533
30.743741;1.00328823;0.820400107;0.00720003653;0.817711247;0.00717715368;1.01717266;0.816773758;0.0464023669;0.830800335;0.0472001899;1.00328721;0.00205070577;1.77820238e-05;0.842383;0.041533
30.744741;1.00329022;0.82080011;0.0072000432;0.818108312;0.0071771755;1.01717767;0.816769747;0.0464021559;0.830800338;0.0472001912;1.00328922;0.00205170845;1.77718968e-05;0.842383;0.041533
30.746741;1.00329422;0.82080011;0.00720005022;0.81810506;0.00717721751;1.01718569;0.816763329;0.0464018296;0.830800341;0.0472001957;1.00329324;0.00205171956;1.77548982e-05;0.842383;0.041533
30.747741;1.00329621;0.820800108;0.00720005155;0.818103431;0.00717723682;1.0171897;0.81676012;0.0467949084;0.830800343;0.0476001982;1.00329525;0.00205172774;1.7748431e-05;0.842383;0.041533
30.749741;1.00330021;0.820800102;0.00720005162;0.818100169;0.00717726967;1.01719773;0.816753704;0.0467945846;0.830800347;0.0476002022;1.00329928;0.00205174876;1.77397014e-05;0.842383;0.041533
30.750741;1.00330222;0.820800097;0.00720005079;0.818098536;0.00717728233;1.01720075;0.817144535;0.0467944691;0.83120035;0.047600203;1.00330129;0.00205176163;1.77372063e-05;0.842383;0.041533
30.751741;1.00330422;0.821200093;0.00720004958;0.818495586;0.00717729193;1.01720476;0.817141327;0.0467943073;0.831200354;0.0476002028;1.00330331;0.0020527762;1.77356159e-05;0.842383;0.041533
30.756741;1.00331423;0.821200058;0.00720004356;0.818487422;0.00717728333;1.01722384;0.817126099;0.046793528;0.831200366;0.0476001818;1.0033134;0.00205287548;1.77298879e-05;0.842383;0.041533
30.757741;1.00331623;0.821200049;0.00720004371;0.818485792;0.00717727025;1.01722785;0.817516121;0.0467933573;0.831600366;0.0476001729;1.00331542;0.00205289983;1.77278198e-05;0.842383;0.041533
30.758741;1.00331823;0.82160004;0.00760004468;0.818882839;0.00757593095;1.01723086;0.817513719;0.04679323;0.831600366;0.0476001625;1.00331744;0.00205392507;1.87255047e-05;0.842383;0.041533
30.763741;1.00332624;0.821599977;0.00760006065;0.818876331;0.00757581352;1.01724894;0.817499299;0.0467924118;0.831600364;0.0476001052;1.00332552;0.00205405363;1.87219027e-05;0.842383;0.041533
30.764741;1.00332824;0.821599961;0.00760006392;0.818874706;0.0075757794;1.01725195;0.817890113;0.0467922685;0.832000364;0.0476000959;1.00332754;0.00205407852;1.87244252e-05;0.842383;0.041533
30.765741;1.00333024;0.821599942;0.0076000664;0.818873081;0.00757574366;1.01725597;0.817886905;0.046792078;0.832000365;0.047600088;1.00332955;0.00205410296;1.87282855e-05;0.842383;0.041533
30.766741;1.00333123;0.821999922;0.00760006803;0.819270945;0.00757571424;1.01725899;0.817884501;0.0467919329;0.832000366;0.0476000818;1.00333056;0.00205512693;1.87336569e-05;0.842383;0.041533
30.767741;1.00333323;0.8219999;0.00760006888;0.819269322;0.00757567632;1.017262;0.817882095;0.047185;0.832000367;0.0480000775;1.00333256;0.00205515031;1.87406951e-05;0.842383;0.041533
30.771741;1.00333921;0.82199981;0.00760006773;0.819264468;0.00757553114;1.01727509;0.81787167;0.0471843743;0.832000374;0.048000075;1.00333855;0.0020552363;1.87836746e-05;0.842383;0.041533
30.772741;1.00334121;0.82199979;0.00760006723;0.819262849;0.00757548861;1.01727811;0.818262471;0.0471842328;0.832400376;0.0480000767;1.00334054;0.0020552562;1.87965227e-05;0.842383;0.041533
30.773741;1.0033422;0.822399772;0.00760006681;0.819660714;0.00757545254;1.01728114;0.818260065;0.047184093;0.832400378;0.0480000789;1.00334153;0.00205627584;1.8809309e-05;0.842383;0.041533
30.779741;1.00335015;0.822399713;0.00760005992;0.819654292;0.00757520517;1.0172993;0.818245631;0.0471832825;0.832400353;0.0480000865;1.00334942;0.00205638608;1.88571207e-05;0.842383;0.041533
30.780741;1.00335214;0.822399712;0.00760005704;0.819652679;0.00757515732;1.01730233;0.81863642;0.0471831511;0.83280034;0.0480000846;1.0033514;0.00205640165;1.88583084e-05;0.842383;0.041533
30.781741;1.00335313;0.822399714;0.00760005328;0.819651882;0.00757511682;1.01730536;0.81863401;0.0471830203;0.832800324;0.0480000816;1.00335238;0.00205641628;1.88580946e-05;0.842383;0.041533
30.782741;1.00335411;0.822799717;0.00760004841;0.820049747;0.00757507631;1.01730838;0.8186316;0.0471828902;0.832800306;0.0480000776;1.00335336;0.00205743012;1.88569647e-05;0.842383;0.041533
30.783741;1.0033561;0.822799722;0.00760004228;0.820048131;0.00757502849;1.01731141;0.818629189;0.0471827606;0.832800285;0.0480000725;1.00335533;0.00205744334;1.88552902e-05;0.842383;0.041533
30.787741;1.00336005;0.822799755;0.0076000074;0.820044917;0.00757487276;1.01732249;0.818620341;0.0471822948;0.832800186;0.0480000447;1.00335923;0.00205749179;1.88465923e-05;0.842383;0.041533
30.788741;1.00336203;0.822799764;0.0075999968;0.820043292;0.00757482787;1.01732451;0.819011919;0.0471822152;0.833200159;0.0480000367;1.00336121;0.00205750337;1.88441985e-05;0.842383;0.041533
30.789741;1.00336302;0.822799773;0.00799998572;0.820042483;0.00797345044;1.01732752;0.819009504;0.0471820902;0.833200132;0.0480000281;1.00336219;0.00205751498;1.98417698e-05;0.842383;0.041533
30.790741;1.00336401;0.823199781;0.0079999744;0.820440332;0.00797341381;1.01732953;0.819007892;0.0471820124;0.833200106;0.048000019;1.00336317;0.00205852663;1.98393346e-05;0.842383;0.041533
30.791741;1.00336499;0.823199789;0.0079999631;0.820439519;0.00797337745;1.01733254;0.819005477;0.0475750744;0.833200079;0.048400009;1.00336415;0.00205853822;1.98368704e-05;0.842383;0.041533
30.796741;1.00336993;0.823199825;0.00799991906;0.820435443;0.00797319015;1.01734456;0.818995828;0.047574594;0.833199946;0.0483999499;1.0033691;0.00205858506;1.98247809e-05;0.842383;0.041533
30.797741;1.00337092;0.823199831;0.00799991478;0.820434625;0.0079731511;1.01734756;0.819386596;0.0475744685;0.833599919;0.0483999376;1.0033701;0.0020585901;1.98236367e-05;0.842383;0.041533
30.798741;1.0033719;0.823199835;0.0079999122;0.820433807;0.00797311225;1.01734955;0.819384989;0.0475743889;0.833599893;0.0483999254;1.0033711;0.00205859308;1.98237559e-05;0.842383;0.041533
30.799741;1.00337289;0.823599838;0.00799991144;0.820831644;0.00797307401;1.01735254;0.819382577;0.0475742609;0.833599867;0.0483999134;1.00337211;0.00205959385;1.98255113e-05;0.842383;0.041533
30.805741;1.00337885;0.82359983;0.00799994289;0.820826738;0.00797287386;1.01736546;0.81937213;0.0475736846;0.833599718;0.0483998439;1.00337821;0.00205955929;1.98826166e-05;0.842383;0.041533
30.806741;1.00337985;0.823599824;0.00799995236;0.82082592;0.00797284541;1.01736744;0.819763696;0.0475735889;0.833999694;0.0483998308;1.00337923;0.00205954957;1.98994016e-05;0.842383;0.041533
30.807741;1.00337984;0.823599817;0.00799996298;0.820825921;0.00797282598;1.01736942;0.819762088;0.047573491;0.833999669;0.0483998167;1.00337926;0.00205953943;1.99175699e-05;0.842383;0.041533
30.808741;1.00338084;0.823999809;0.00799997496;0.821223759;0.00797279958;1.0173724;0.819759675;0.0475733446;0.833999644;0.0483998013;1.00338028;0.00206052894;1.9936746e-05;0.842383;0.041533
30.814741;1.00338583;0.823999756;0.00800006709;0.8212197;0.00797267054;1.01738429;0.819750014;0.0475727244;0.833999497;0.0483996836;1.00338544;0.00206045725;2.00502078e-05;0.842383;0.041533
30.815741;1.00338583;0.82399975;0.00800008162;0.821219709;0.00797266087;1.01738628;0.820141563;0.0475726217;0.834399475;0.0483996605;1.00338546;0.00206044514;2.00662266e-05;0.842383;0.041533
30.817741;1.00338783;0.823999741;0.00800010625;0.821218094;0.00797263211;1.01739025;0.820138325;0.0475724189;0.834399435;0.0483996142;1.00338752;0.00206042414;2.00943678e-05;0.842383;0.041533
30.818741;1.00338784;0.824399738;0.00800011577;0.821616756;0.00797262927;1.01739124;0.820137506;0.0475723656;0.834399419;0.0483995921;1.00338754;0.00206141556;2.01063767e-05;0.842383;0.041533
30.819741;1.00338885;0.824399736;0.00800012314;0.821615949;0.00797262114;1.01739324;0.82013588;0.047965428;0.834399404;0.0483995712;1.00338857;0.00206140819;2.01170145e-05;0.842383;0.041533
30.820741;1.00338986;0.824399735;0.00800012835;0.821615142;0.0079726159;1.01739523;0.820134251;0.0479653279;0.834399393;0.0487995519;1.00338959;0.00206140199;2.01262391e-05;0.842383;0.041533
30.824741;1.00339193;0.824399734;0.00800013056;0.821613538;0.00797264145;1.0174022;0.820128517;0.0479649656;0.834399375;0.0487994944;1.00339169;0.00206138944;2.01457416e-05;0.842383;0.041533
30.825741;1.00339295;0.824399734;0.00800012745;0.821612723;0.00797265076;1.01740419;0.820520035;0.0479648585;0.834799377;0.048799486;1.00339271;0.00206138901;2.01452548e-05;0.842383;0.041533
30.827741;1.003394;0.824399734;0.00800011784;0.821611904;0.00797268281;1.01740717;0.820517558;0.0479646836;0.834799389;0.048799478;1.00339375;0.00206138988;2.01375617e-05;0.842383;0.041533
30.828741;1.00339403;0.824799735;0.00800011143;0.822010547;0.00797270457;1.01740916;0.820515916;0.0479645691;0.834799398;0.0487994785;1.00339376;0.00206239082;2.01305626e-05;0.842383;0.041533
30.830741;1.00339509;0.824799741;0.00800009556;0.822009716;0.00797274133;1.01741214;0.820513438;0.0479643823;0.834799421;0.0487994888;1.00339479;0.00206239349;2.01111605e-05;0.842383;0.041533
30.831741;1.00339613;0.824799746;0.00840008628;0.82200889;0.00837140164;1.01741413;0.820511796;0.0479642638;0.834799435;0.0487994981;1.0033958;0.00206239504;2.1099401e-05;0.842383;0.041533
30.834741;1.00339724;0.824799769;0.00840005364;0.822008042;0.00837145373;1.0174181;0.820508484;0.0479640015;0.83479948;0.0487995396;1.00339683;0.00206239866;2.10613027e-05;0.842383;0.041533
30.835741;1.00339727;0.824799779;0.00840004118;0.822008031;0.00837147121;1.01742009;0.820899993;0.0479638832;0.835199496;0.0487995567;1.00339684;0.00206239929;2.10491086e-05;0.842383;0.041533
30.838741;1.00339839;0.824799805;0.00839999968;0.822007179;0.00837150766;1.01742404;0.820896681;0.0479636279;0.835199542;0.0487996158;1.00339787;0.00206239862;2.10183586e-05;0.842383;0.041533
30.839741;1.00339942;0.825199811;0.00839998468;0.822404995;0.00837151188;1.01742602;0.820895039;0.047963514;0.835199556;0.048799638;1.00339888;0.00206339702;2.1010743e-05;0.842383;0.041533
30.845741;1.00340159;0.825199815;0.00839988;0.822403296;0.00837154033;1.01743391;0.820888433;0.0479630593;0.835199626;0.0487997982;1.00340095;0.00206337809;2.10007734e-05;0.842383;0.041533
30.846741;1.00340162;0.825199809;0.00839986253;0.822403284;0.00837154279;1.0174349;0.821280748;0.0479630067;0.835599635;0.0487998288;1.00340097;0.00206337515;2.10046869e-05;0.842383;0.041533
30.850741;1.00340269;0.825199772;0.00839980951;0.822402406;0.00837153829;1.01743986;0.821276631;0.0479627672;0.835599661;0.0487999546;1.00340205;0.00206336196;2.10212423e-05;0.842383;0.041533
30.851741;1.00340271;0.825599762;0.00839980043;0.822801033;0.00837153955;1.01744086;0.821275806;0.0479627229;0.835599665;0.0487999853;1.00340207;0.00206435797;2.10228947e-05;0.842383;0.041533
30.855741;1.00340376;0.825599723;0.00839977485;0.822800141;0.00837154088;1.0174449;0.82127253;0.0479625548;0.835599668;0.0488000993;1.00340314;0.00206433917;2.10121174e-05;0.842383;0.041533
30.856741;1.00340378;0.825599714;0.00839976957;0.822800121;0.0083715437;1.01744692;0.82127091;0.0483556081;0.835599666;0.0492001248;1.00340315;0.00206433369;2.10045613e-05;0.842383;0.041533
30.857741;1.00340379;0.825599705;0.00839976426;0.822800101;0.00837154655;1.01744794;0.821270098;0.0483555676;0.835599665;0.0492001491;1.00340316;0.002064328;2.09950222e-05;0.842383;0.041533
30.858741;1.0034038;0.825599695;0.0083997588;0.822800078;0.00837154956;1.01744896;0.821662428;0.0483555273;0.835999663;0.0492001721;1.00340317;0.00206432227;2.09837021e-05;0.842383;0.041533
30.862741;1.00340383;0.825599664;0.00839973673;0.822799966;0.00837156628;1.01745307;0.821659197;0.0483553661;0.835999658;0.0492002499;1.0034032;0.00206430445;2.09275652e-05;0.842383;0.041533
30.863741;1.00340384;0.825999659;0.00839973148;0.823198576;0.00837157269;1.01745409;0.82165839;0.0483553262;0.835999657;0.049200265;1.0034032;0.00206530292;2.09129379e-05;0.842383;0.041533
30.869741;1.00340384;0.825999683;0.00839968712;0.823198368;0.00837162779;1.01745928;0.821654361;0.0483551427;0.835999652;0.0492003172;1.0034032;0.00206533666;2.08549302e-05;0.842383;0.041533
30.870741;1.00340384;0.825999699;0.00839967677;0.823198334;0.00837163738;1.01746032;0.822046693;0.0483551059;0.836399652;0.0492003199;1.00340319;0.00206534914;2.08533297e-05;0.842383;0.041533
30.875741;1.00340378;0.825999821;0.00839962584;0.823198178;0.00837168009;1.01746449;0.822043483;0.0483549737;0.836399661;0.0492003181;1.00340314;0.00206542694;2.08831804e-05;0.842383;0.041533
30.876741;1.00340377;0.826399851;0.00839961802;0.823596793;0.00837168793;1.01746552;0.822042677;0.0483549381;0.836399663;0.0492003162;1.00340313;0.00206644373;2.08965632e-05;0.842383;0.041533
30.883741;1.00340265;0.826400069;0.00839960029;0.82359746;0.00837175901;1.0174697;0.822039439;0.0483548358;0.836399681;0.0492003179;1.00340204;0.00206652317;2.10289952e-05;0.842383;0.041533
30.884741;1.00340263;0.826400098;0.00839960374;0.823597443;0.00837177187;1.01747072;0.822431763;0.0483548017;0.836799684;0.0492003224;1.00340203;0.00206652535;2.10497441e-05;0.842383;0.041533
30.889741;1.00340155;0.826400225;0.00839963538;0.823598205;0.00837186364;1.01747379;0.822429367;0.0483547282;0.836799678;0.0492003502;1.00340099;0.00206650335;2.11449606e-05;0.842383;0.041533
30.890741;1.00340153;0.826800247;0.00839964392;0.823996844;0.00837188208;1.0174738;0.82242938;0.0483547411;0.836799673;0.0492003549;1.00340099;0.00206749266;2.11630493e-05;0.842383;0.041533
30.897741;1.00339943;0.826800357;0.00839970349;0.823998503;0.00837198726;1.01747682;0.822427102;0.0483546511;0.836799613;0.0492003375;1.00339895;0.00206735442;2.1300956e-05;0.842383;0.041533
30.898741;1.00339942;0.826800367;0.00839971145;0.82399851;0.008371991;1.01747781;0.822819447;0.048354604;0.837199604;0.0492003266;1.00339894;0.00206732706;2.13220202e-05;0.842383;0.041533
30.902741;1.00339837;0.826800395;0.00839974238;0.823999357;0.00837199712;1.01747877;0.822818727;0.0483545466;0.837199569;0.0492002669;1.0033979;0.00206721219;2.13963854e-05;0.842383;0.041533
30.903741;1.00339736;0.826800399;0.00879975027;0.824000185;0.00877064798;1.01747976;0.822817939;0.0483544953;0.83719956;0.0492002501;1.00339689;0.00206718332;2.24098245e-05;0.842383;0.041533
30.904741;1.00339736;0.826800402;0.00879975827;0.824000192;0.00877064403;1.01747974;0.822817958;0.048354492;0.837199552;0.0492002331;1.00339688;0.00206715486;2.24204674e-05;0.842383;0.041533
30.905741;1.00339735;0.827200405;0.00879976627;0.824398846;0.00877063947;1.01747973;0.822817974;0.0483544892;0.837199543;0.0492002161;1.00339686;0.00206812706;2.2428135e-05;0.842383;0.041533
30.908741;1.00339533;0.827200409;0.00879978915;0.824400517;0.00877063998;1.01748068;0.8228172;0.0483544416;0.837199521;0.0492001631;1.00339481;0.00206804897;2.24329733e-05;0.842383;0.041533
30.909741;1.00339533;0.827200409;0.00879979609;0.824400529;0.00877063325;1.01748166;0.822816398;0.0487475262;0.837199515;0.0492001444;1.00339479;0.00206802483;2.24288711e-05;0.842383;0.041533
30.910741;1.00339532;0.827200409;0.00879980246;0.824400541;0.00877062597;1.01748164;0.822816404;0.0487475337;0.837199511;0.0496001251;1.00339477;0.0020680018;2.24222953e-05;0.842383;0.041533
30.912741;1.00339431;0.827200408;0.00879981308;0.82440139;0.00877061878;1.01748161;0.822816412;0.0487475594;0.837199509;0.0496000851;1.00339372;0.00206795926;2.24031506e-05;0.842383;0.041533
30.913741;1.00339331;0.827200406;0.00879981738;0.824402226;0.00877061909;1.01748159;0.823209544;0.048747578;0.837599511;0.0496000647;1.0033927;0.00206793956;2.23913128e-05;0.842383;0.041533
30.920741;1.00339027;0.827200359;0.00879984708;0.824404851;0.00877058973;1.01748343;0.823207962;0.0487477021;0.837599581;0.0495999297;1.0033895;0.00206781838;2.22841976e-05;0.842383;0.041533
30.921741;1.00339027;0.827600348;0.00879985258;0.82480353;0.00877058271;1.01748341;0.823207969;0.0487477418;0.837599597;0.0495999131;1.00338946;0.00206880426;2.22670581e-05;0.842383;0.041533
30.929741;1.0033862;0.827600242;0.00879987961;0.82480703;0.00877056037;1.01748314;0.823208056;0.0487480365;0.837599757;0.049599826;1.00338526;0.0020686993;2.21241362e-05;0.842383;0.041533
30.930741;1.00338519;0.827600231;0.00879987987;0.824807867;0.00877056295;1.01748309;0.8236012;0.0487480645;0.837999779;0.0495998221;1.00338423;0.00206868349;2.21069632e-05;0.842383;0.041533
30.938741;1.00338111;0.827600182;0.00879988127;0.824811165;0.00877056971;1.01748278;0.823601347;0.0487481652;0.837999926;0.0495998237;1.00338011;0.00206855795;2.20222512e-05;0.842383;0.041533
30.939741;1.0033801;0.828000173;0.00879988126;0.825210631;0.00877057722;1.01748275;0.823601364;0.0487481652;0.837999942;0.0495998241;1.00337911;0.00206954864;2.20194026e-05;0.842383;0.041533
30.947741;1.00337502;0.82800001;0.00879985455;0.825214676;0.00877060869;1.01748155;0.823602297;0.0487481648;0.838000065;0.0495998135;1.00337415;0.00206957169;2.20664058e-05;0.842383;0.041533
30.948741;1.00337402;0.827999981;0.00879984872;0.825215494;0.00877061748;1.01748154;0.823995435;0.0487481549;0.838400079;0.0495998134;1.00337316;0.00206958361;2.20774452e-05;0.842383;0.041533
30.958741;1.00336798;0.827999721;0.00879981121;0.825220425;0.0087706918;1.01747852;0.823997852;0.0487482023;0.838400232;0.049599843;1.00336744;0.00206973754;2.2175214e-05;0.842383;0.041533
30.959741;1.00336697;0.828399701;0.00879981372;0.825619907;0.00877070326;1.01747853;0.823997845;0.0487481933;0.838400244;0.0495998454;1.00336648;0.00207075333;2.2181424e-05;0.842383;0.041533
30.967741;1.00336089;0.828399593;0.00879986355;0.82562486;0.00877072547;1.01747666;0.823999419;0.0487482375;0.838400286;0.0495998101;1.00336075;0.00207084657;2.21538726e-05;0.842383;0.041533
30.968741;1.00335988;0.828399588;0.00879986955;0.82562568;0.00877072484;1.01747568;0.824393355;0.0487482812;0.838800281;0.0495997972;1.00335978;0.00207085052;2.21392094e-05;0.842383;0.041533
30.980741;1.00334983;0.828399668;0.0087999007;0.825633829;0.00877058478;1.01747097;0.824397291;0.0487485261;0.838799996;0.0495995455;1.00335005;0.00207078186;2.18070504e-05;0.842383;0.041533
30.981741;1.00334984;0.828799678;0.00879989934;0.826032491;0.00877055447;1.01747098;0.82439727;0.0487485363;0.838799962;0.049599529;1.00335007;0.00207177423;2.17789263e-05;0.842383;0.041533
30.989741;1.00334284;0.828799735;0.00879988511;0.826038306;0.00877036637;1.01746693;0.824400316;0.0487488159;0.83879972;0.0495994753;1.00334318;0.00207170256;2.16583425e-05;0.842383;0.041533
30.990741;1.00334184;0.828799742;0.00879988368;0.826039146;0.00877034869;1.01746592;0.824794235;0.0487488694;0.838799699;0.049599477;1.0033422;0.00207168929;2.16573485e-05;0.842383;0.041533
30.991741;1.00334084;0.82879975;0.00879988171;0.82603999;0.0087703329;1.0174659;0.824794211;0.0487488727;0.839199682;0.0495994797;1.00334121;0.00207167435;2.16591148e-05;0.842383;0.041533
31.005741;1.00332789;0.82879975;0.00879970041;0.826051035;0.00877016102;1.01745681;0.824801278;0.0487491111;0.839199695;0.0495995137;1.00332837;0.00207135337;2.17664248e-05;0.842383;0.041533
31.006741;1.0033269;0.829199736;0.00879968241;0.826450548;0.00877014421;1.0174568;0.824801267;0.0487490891;0.839199702;0.0495995147;1.00332738;0.0020723289;2.17721184e-05;0.842383;0.041533
31.015741;1.00331903;0.829199554;0.00879960524;0.826457157;0.00877010945;1.01744979;0.824806861;0.0487492885;0.839199694;0.0495995623;1.00331938;0.00207211924;2.18989889e-05;0.842383;0.041533
31.016741;1.00331805;0.829199534;0.0087996095;0.826457971;0.00877012614;1.01744979;0.825199997;0.0487492797;0.839599688;0.0495995704;1.00331838;0.00207209617;2.19188459e-05;0.842383;0.041533
31.033741;1.00330135;0.829199663;0.00880015252;0.82647172;0.0087704726;1.01743691;0.825210496;0.0487498305;0.839599471;0.0495997383;1.00330123;0.00207211962;2.20652411e-05;0.842383;0.041533
31.034741;1.00330036;0.829599683;0.00880018316;0.826871224;0.00877048929;1.01743593;0.825211302;0.0487498735;0.839599455;0.0495997493;1.00330022;0.00207314561;2.20623373e-05;0.842383;0.041533
31.044741;1.00328945;0.829599797;0.00880032427;0.826880331;0.00877070332;1.01742717;0.825218569;0.0487502194;0.839599362;0.0495998549;1.003289;0.00207341796;2.20345004e-05;0.842383;0.041533
31.045741;1.00328847;0.829599799;0.00880032917;0.826881163;0.00877072654;1.0174272;0.825611717;0.0487502103;0.839999366;0.0495998601;1.00328797;0.00207344133;2.20352079e-05;0.842383;0.041533
31.052741;1.00328161;0.829599743;0.00880036917;0.826886967;0.00877088971;1.01742038;0.825617413;0.0487504991;0.83999948;0.0495998824;1.00328074;0.00207355888;2.20680189e-05;0.842383;0.041533
31.066741;1.00326594;0.829599439;0.00880039845;0.826900189;0.00877125064;1.01740749;0.825628036;0.0487511496;0.8399998;0.0496000772;1.00326458;0.00207369134;2.21746961e-05;0.842383;0.041533
31.067741;1.00326495;0.829999412;0.00880039195;0.827299711;0.00877128039;1.01740649;0.825628853;0.0487512048;0.839999817;0.0496000925;1.00326359;0.00207469804;2.21748544e-05;0.842383;0.041533
31.078741;1.00325189;0.829999164;0.00880023623;0.827310404;0.00877161906;1.01739533;0.825637848;0.0487518526;0.839999901;0.0496002223;1.00325081;0.00207460514;2.21686696e-05;0.842383;0.041533
31.079741;1.00325088;0.829999148;0.00880022004;0.827311223;0.00877164687;1.01739431;0.826031823;0.0487519105;0.8403999;0.049600232;1.00324984;0.00207458968;2.21656022e-05;0.842383;0.041533
31.106741;1.00321927;0.829999478;0.00880010459;0.827336559;0.00877220158;1.01736476;0.826055356;0.048753451;0.840399929;0.0496000807;1.00321934;0.00207512835;2.18676377e-05;0.842383;0.041533
31.107741;1.00321724;0.830399498;0.00880010274;0.827736922;0.00877222891;1.01736376;0.826056177;0.0487535033;0.840399927;0.0496000823;1.00321736;0.00207615968;2.18584907e-05;0.842383;0.041533
31.119741;1.00320299;0.830399687;0.00880017303;0.827748379;0.00877243345;1.0173497;0.826067621;0.0487541867;0.840399872;0.0496002644;1.00320358;0.00207643748;2.1807383e-05;0.842383;0.041533
31.120741;1.00320198;0.830399698;0.00880018908;0.827749194;0.00877243794;1.0173487;0.826461604;0.0487542337;0.840399866;0.0496002843;1.00320259;0.00207645299;2.18068458e-05;0.842383;0.041533
31.121741;1.00319997;0.830399709;0.00880020691;0.827750833;0.00877244804;1.01734769;0.826462406;0.0487542798;0.840799859;0.0496003044;1.0032006;0.00207646735;2.18063201e-05;0.842383;0.041533
31.128741;1.00319198;0.830399777;0.00880035691;0.82775735;0.00877241196;1.01733968;0.826468816;0.0487546052;0.840799794;0.0496004628;1.00319263;0.00207652296;2.17658439e-05;0.842383;0.041533
31.141741;1.00317609;0.830399854;0.00880051463;0.827770431;0.00877240508;1.01732358;0.826481927;0.0487551305;0.840799568;0.0496006593;1.00317649;0.00207634866;2.16588643e-05;0.842383;0.041533
31.142741;1.00317409;0.830399859;0.00840051866;0.827772078;0.00837368135;1.01732256;0.826482768;0.0487551672;0.840799549;0.0496006554;1.00317447;0.00207632813;2.0663323e-05;0.842383;0.041533
31.156741;1.00315682;0.830399913;0.00840048511;0.827786126;0.00837384691;1.01730438;0.826497777;0.048756101;0.840799454;0.0496002596;1.00315741;0.00207607015;2.08242598e-05;0.842383;0.041533
31.157741;1.00315479;0.830799915;0.00840048226;0.828186522;0.00837387497;1.01730338;0.826498608;0.0487561659;0.84079946;0.0496002173;1.00315542;0.00207704859;2.08332285e-05;0.842383;0.041533
31.171741;1.00313761;0.830799883;0.00840041995;0.828200754;0.00837420584;1.01728529;0.826513393;0.0487572311;0.840799571;0.049599643;1.00313845;0.00207683955;2.09859139e-05;0.842383;0.041533
31.172741;1.00313561;0.830799876;0.00840041796;0.828202433;0.00837423804;1.01728428;0.826907415;0.0487572905;0.840799577;0.0495996054;1.00313645;0.00207683217;2.10017926e-05;0.842383;0.041533
31.173741;1.0031346;0.830799867;0.00840041549;0.828203288;0.0083742613;1.01728326;0.826908233;0.0487573491;0.841199583;0.0495995688;1.00313545;0.00207682449;2.10188113e-05;0.842383;0.041533
31.223741;1.00306954;0.830799743;0.00840037314;0.828257135;0.00837412047;1.01721651;0.826962459;0.0487606632;0.841199981;0.049599452;1.00307057;0.00207725049;2.09683895e-05;0.842383;0.041533
31.224741;1.00306853;0.831199755;0.00840037148;0.828656733;0.00837411921;1.01721553;0.826963271;0.0487607233;0.841199969;0.0495994737;1.00306957;0.0020782484;2.09623456e-05;0.842383;0.041533
31.243741;1.0030437;0.831199959;0.00840024292;0.828677582;0.00837442176;1.01718992;0.826984445;0.0487621146;0.841199926;0.0495999446;1.0030445;0.00207800162;2.08289274e-05;0.842383;0.041533
31.244741;1.00304273;0.83119997;0.00840023482;0.828678434;0.00837444253;1.01718794;0.82737931;0.0487622093;0.841199927;0.0495999602;1.00304348;0.0020779824;2.08349443e-05;0.842383;0.041533
31.245741;1.00304076;0.831199982;0.00840022694;0.828680112;0.00837447298;1.01718696;0.827380121;0.048762256;0.841599928;0.049599974;1.00304147;0.00207796342;2.08421406e-05;0.842383;0.041533
31.289741;1.00298328;0.831200743;0.00840001588;0.828727859;0.00837540527;1.01712526;0.827430425;0.0487652126;0.841600131;0.0495995805;1.00298274;0.00207758413;2.12317489e-05;0.842383;0.041533
31.290741;1.00298224;0.831200757;0.00800000725;0.828728687;0.00797659856;1.01712326;0.827432043;0.0487652974;0.841600151;0.0495995859;1.00298176;0.00207759573;2.02348506e-05;0.842383;0.041533
31.296741;1.00297407;0.831200797;0.00799996425;0.82873533;0.00797665575;1.01711531;0.827438493;0.0487656103;0.841600265;0.0495996464;1.00297384;0.00207766641;2.024498e-05;0.842383;0.041533
31.297741;1.00297205;0.831200794;0.007999962;0.828736991;0.00797667497;1.01711332;0.82744011;0.0487656945;0.84160028;0.0491996628;1.00297186;0.00207767622;2.02456713e-05;0.842383;0.041533
31.299741;1.00297;0.831200781;0.00799996166;0.828738659;0.00797670189;1.01711136;0.827441717;0.0487657664;0.841600309;0.0491997014;1.0029699;0.00207769259;2.02467397e-05;0.842383;0.041533
31.300741;1.00296797;0.831200772;0.00799996311;0.82874032;0.0079767252;1.01710938;0.827443335;0.0483725783;0.841600322;0.0491997232;1.00296792;0.00207769906;2.02469723e-05;0.842383;0.041533
31.326741;1.00293388;0.831200482;0.00800028483;0.828768733;0.0079769931;1.01707263;0.827473106;0.0483741682;0.841600326;0.0492001984;1.00293453;0.00207779978;1.98458956e-05;0.842383;0.041533
31.327741;1.0029329;0.831600461;0.00800028878;0.829168399;0.00797698303;1.01707061;0.827474728;0.0483742599;0.841600323;0.0492001932;1.00293355;0.00207881217;1.98212221e-05;0.842383;0.041533
31.356741;1.00289448;0.831600051;0.00800043529;0.829200707;0.0079763303;1.01702781;0.827509272;0.0483763865;0.841600523;0.0492000864;1.00289438;0.00207916219;1.95843142e-05;0.842383;0.041533
31.357741;1.0028935;0.831600032;0.00800041902;0.829201542;0.00797632709;1.01702678;0.827903407;0.0483764355;0.84160053;0.0492000624;1.00289338;0.00207917684;1.95987801e-05;0.842383;0.041533
31.359741;1.00289052;0.831599997;0.00800038121;0.829204043;0.00797633828;1.01702372;0.827905886;0.0483765757;0.84160054;0.049200016;1.00289037;0.0020792078;1.9632272e-05;0.842383;0.041533
31.360741;1.00288953;0.831599981;0.00800036053;0.82920488;0.00797634425;1.0170227;0.82790672;0.0483766196;0.842000543;0.0491999945;1.00288937;0.00207922394;1.96511771e-05;0.842383;0.041533
31.413741;1.0028188;0.831599918;0.00799903228;0.829262364;0.0079768823;1.01694566;0.827969937;0.0483804135;0.842000342;0.0492004831;1.0028196;0.00207926269;2.04407934e-05;0.842383;0.041533
31.414741;1.0028178;0.83159993;0.00759903117;0.829263195;0.00757800976;1.01694367;0.827971551;0.0483804973;0.842000331;0.0492005048;1.00281861;0.00207926606;1.94357476e-05;0.842383;0.041533
31.434741;1.00279084;0.831600118;0.00759946487;0.829285543;0.0075782051;1.01691488;0.827994876;0.0483817109;0.842000142;0.0492007788;1.0027915;0.00207938725;1.93555741e-05;0.842383;0.041533
31.435741;1.00278985;0.83160011;0.00759949589;0.829286363;0.00757821277;1.0169139;0.82799568;0.0483817615;0.842000126;0.0488007739;1.00279047;0.00207939381;1.93545587e-05;0.842383;0.041533
31.436741;1.00278887;0.831600101;0.00759952702;0.829287181;0.00757821904;1.01691192;0.827997298;0.0483818594;0.84200011;0.048800767;1.00278944;0.00207940073;1.93534595e-05;0.842383;0.041533
31.437741;1.00278688;0.831600091;0.00759955797;0.829288826;0.00757823167;1.01691094;0.827998102;0.0479885615;0.842000093;0.0488007582;1.00278741;0.00207940798;1.93520024e-05;0.842383;0.041533
31.531741;1.00266587;0.831599773;0.00760025742;0.829389151;0.00757982737;1.01677553;0.828108664;0.0479949677;0.841999629;0.0487996199;1.002666;0.00207894558;1.90364312e-05;0.842383;0.041533
31.532741;1.00266486;0.831599768;0.0072002615;0.829389972;0.00718090205;1.01677354;0.828110285;0.0479950989;0.841999637;0.0487996294;1.00266499;0.00207894495;1.80584186e-05;0.842383;0.041533
31.559741;1.00262999;0.831599695;0.00720002041;0.829418792;0.0071815904;1.01673531;0.828140891;0.047997186;0.841999514;0.0487999248;1.00263011;0.0020791139;1.81950456e-05;0.842383;0.041533
31.560741;1.00262899;0.831999697;0.00719999926;0.829818561;0.00718161603;1.01673329;0.828142514;0.0479973006;0.841999488;0.0487999517;1.00262911;0.00208010889;1.81824836e-05;0.842383;0.041533
31.561741;1.00262799;0.831999699;0.00719997957;0.829819379;0.00718164165;1.01673227;0.828143323;0.0479973694;0.841999461;0.0483999784;1.00262811;0.00208010297;1.81712798e-05;0.842383;0.041533
31.563741;1.00262499;0.831999703;0.00719994479;0.829821844;0.00718169992;1.01672923;0.828145753;0.0479975576;0.841999403;0.0484000302;1.0026251;0.0020800891;1.81540166e-05;0.842383;0.041533
31.564741;1.00262398;0.831999706;0.00719992954;0.829822662;0.00718172556;1.01672721;0.828147377;0.0476042571;0.841999373;0.048400055;1.00262409;0.00208008143;1.81483958e-05;0.842383;0.041533
31.648741;1.00251821;0.831999784;0.0071994572;0.829909983;0.00718216027;1.01660882;0.828243597;0.0476086057;0.842000256;0.0483993754;1.00251918;0.00208037828;1.7995458e-05;0.842383;0.041533
31.649741;1.00251723;0.831999791;0.0071994587;0.829910823;0.00718216741;1.01660684;0.828638672;0.0476086803;0.84200024;0.0483993684;1.00251817;0.0020803819;1.80272795e-05;0.842383;0.041533
31.650741;1.00251625;0.8319998;0.00719946202;0.829911664;0.00718217558;1.01660585;0.828639466;0.0476087114;0.842000224;0.0483993615;1.00251717;0.00208038456;1.80590413e-05;0.842383;0.041533
31.651741;1.00251528;0.83199981;0.00679946709;0.829912505;0.00678318849;1.01660487;0.828640261;0.047608746;0.842000206;0.0483993552;1.00251616;0.00208038645;1.70903374e-05;0.842383;0.041533
31.660741;1.00250467;0.831999977;0.00679958717;0.829921713;0.00678327387;1.01659203;0.828650696;0.047609404;0.842000027;0.0483993623;1.00250531;0.00208036122;1.73314304e-05;0.842383;0.041533
31.661741;1.00250272;0.831999995;0.0067996067;0.829923377;0.00678328215;1.01659105;0.828651495;0.0476094725;0.842400008;0.0483993679;1.00250333;0.00208035095;1.73510317e-05;0.842383;0.041533
31.686741;1.00247355;0.832000105;0.00680023915;0.829947866;0.00678337542;1.01655576;0.82867994;0.0476118825;0.842399922;0.0483994064;1.00247379;0.00207992451;1.70956479e-05;0.842383;0.041533
31.687741;1.00247255;0.832000101;0.00680026445;0.829948691;0.0067833779;1.01655472;0.828680774;0.0476119457;0.842399932;0.047999405;1.0024728;0.00207991244;1.70819428e-05;0.842383;0.041533
31.688741;1.00247055;0.832000096;0.00680028891;0.829950344;0.00678338609;1.01655269;0.828682424;0.0476120528;0.842399941;0.0479994046;1.00247081;0.00207990041;1.70707343e-05;0.842383;0.041533
31.689741;1.00246955;0.832000091;0.00680031245;0.829951172;0.00678338659;1.01655166;0.828683261;0.0472186235;0.842399949;0.0479994053;1.00246982;0.00207988857;1.70620939e-05;0.842383;0.041533
31.771741;1.0023713;0.831999786;0.00679976657;0.83003197;0.00678375824;1.01644049;0.828775156;0.0472236632;0.84239988;0.0479996223;1.00237099;0.00207973495;1.70966884e-05;0.842383;0.041533
31.772741;1.00237029;0.831999782;0.00639973925;0.830032806;0.00638470449;1.0164395;0.828775993;0.0472237041;0.842399879;0.0479996322;1.00236997;0.00207971748;1.61007334e-05;0.842383;0.041533
31.813741;1.00232205;0.83199975;0.00639948248;0.830073445;0.00638498487;1.01638445;0.828820668;0.0472257849;0.842399992;0.0479992183;1.00232222;0.00207997685;1.592411e-05;0.842383;0.041533
31.814741;1.00232106;0.831999769;0.00639949081;0.830074288;0.00638500289;1.01638244;0.828822274;0.0472258716;0.842400023;0.047599242;1.00232123;0.00208000413;1.59128394e-05;0.842383;0.041533
31.816741;1.00231809;0.831999807;0.0063995089;0.830076794;0.00638505311;1.01638042;0.828823858;0.0472259501;0.842400084;0.047599294;1.00231825;0.00208005638;1.58846916e-05;0.842383;0.041533
31.817741;1.00231711;0.831999826;0.00639951848;0.83007763;0.00638507858;1.01637841;0.828825466;0.0468324803;0.842400115;0.047599321;1.00231725;0.00208008067;1.58681552e-05;0.842383;0.041533
31.827741;1.00230514;0.831999863;0.00639959946;0.830087528;0.00638540335;1.01636531;0.828835876;0.0468329758;0.842400403;0.0475995371;1.00230528;0.00208020941;1.56707608e-05;0.842383;0.041533
31.896741;1.00222621;0.832000129;0.00640046125;0.830152337;0.00638608164;1.01627526;0.82890986;0.0468376715;0.842399809;0.0475999269;1.00222586;0.00208029593;1.55946725e-05;0.842383;0.041533
31.897741;1.00222522;0.832000144;0.00600048875;0.830153165;0.00598700278;1.01627325;0.828911489;0.0468377805;0.84239981;0.0475999353;1.00222487;0.00208028985;1.46167623e-05;0.842383;0.041533
31.942741;1.00217522;0.831999773;0.00600025629;0.830194968;0.00598739205;1.01621474;0.828958583;0.0468403308;0.842399821;0.047599582;1.00217542;0.00207980363;1.49985477e-05;0.842383;0.041533
31.945741;1.00217117;0.83199972;0.00600024415;0.830198288;0.00598738853;1.01621173;0.828961063;0.0468404709;0.842399738;0.0475995787;1.00217136;0.00207978938;1.49440408e-05;0.842383;0.041533
31.946741;1.00217015;0.831999701;0.00600024;0.830199119;0.00598738117;1.01620973;0.828962706;0.0468405666;0.84239971;0.0471995815;1.00217034;0.00207978672;1.49299255e-05;0.842383;0.041533
31.947741;1.00216913;0.831999682;0.00600023559;0.830199952;0.00598737201;1.01620873;0.828963531;0.0468406174;0.842399681;0.0471995862;1.00216932;0.00207978553;1.49186027e-05;0.842383;0.041533
31.948741;1.00216811;0.831999663;0.00600023112;0.830200785;0.00598736139;1.01620774;0.828964357;0.046447049;0.842399652;0.0471995926;1.0021683;0.00207978597;1.49105094e-05;0.842383;0.041533
32.026741;1.002083;0.831999741;0.00600008692;0.830270759;0.00598725086;1.01610986;0.82904412;0.0464517373;0.842399891;0.0472006921;1.00208332;0.00208040018;1.48162997e-05;0.842383;0.041533
32.027741;1.00208203;0.831999732;0.0056000967;0.830271568;0.00558808055;1.01610885;0.829044912;0.0464517869;0.842399887;0.0472007312;1.0020823;0.00208043478;1.38055013e-05;0.842383;0.041533
32.082741;1.00202365;0.83200017;0.00560055986;0.830320566;0.00558845798;1.01604111;0.829099785;0.0464551392;0.842400062;0.0472003347;1.00202332;0.00207941063;1.46830041e-05;0.842383;0.041533
32.083741;1.00202266;0.832000165;0.00560057612;0.830321411;0.00558844599;1.01604012;0.829100618;0.0464551901;0.842400092;0.0468003224;1.00202233;0.00207939455;1.46459637e-05;0.842383;0.041533
32.084741;1.00202168;0.83200016;0.00560058924;0.830322253;0.00558843465;1.01603912;0.829101454;0.0464552426;0.842400122;0.0468003102;1.00202134;0.00207938209;1.46075029e-05;0.842383;0.041533
32.085741;1.00201969;0.832000156;0.00560059933;0.830323922;0.00558842903;1.01603713;0.829103106;0.0460616558;0.842400152;0.0468002982;1.00201935;0.00207937316;1.4568444e-05;0.842383;0.041533
32.162741;1.00193869;0.831999847;0.00559994274;0.830390064;0.00558948013;1.01594461;0.829179499;0.0460657248;0.842399752;0.0467999042;1.00193924;0.00207996007;1.4472745e-05;0.842383;0.041533
32.163741;1.0019377;0.831999845;0.00519993225;0.830390899;0.00519027123;1.01594361;0.829180333;0.0460657553;0.842399766;0.0467999209;1.00193825;0.00207998344;1.34722496e-05;0.842383;0.041533
32.225741;1.00187442;0.832000098;0.00519956455;0.830443834;0.00519084779;1.01587084;0.829239843;0.0460689339;0.842400906;0.0468001459;1.00187517;0.00207981474;1.32245045e-05;0.842383;0.041533
32.226741;1.0018734;0.832000087;0.00519956705;0.830444658;0.00519086449;1.01586984;0.829240651;0.046068999;0.842400888;0.0464001384;1.00187416;0.00207981203;1.32306559e-05;0.842383;0.041533
32.227741;1.00187239;0.832000075;0.00519956975;0.830445482;0.00519087834;1.01586884;0.829241459;0.0460690637;0.84240087;0.0464001299;1.00187315;0.00207981074;1.32361418e-05;0.842383;0.041533
32.228741;1.00187138;0.83200006;0.00519957295;0.830446307;0.00519088958;1.01586784;0.829242268;0.0456753763;0.842400852;0.0464001204;1.00187215;0.00207981144;1.32408291e-05;0.842383;0.041533
32.305741;1.00179525;0.831999985;0.0052001229;0.830509542;0.00519047238;1.01577989;0.829314012;0.0456791008;0.842400847;0.0463994469;1.00179528;0.00207971889;1.38908436e-05;0.842383;0.041533
32.306741;1.00179425;0.831999969;0.0048001258;0.830510391;0.00479118359;1.01577891;0.829314817;0.045679154;0.842400848;0.0463994364;1.0017943;0.00207972596;1.28894544e-05;0.842383;0.041533
32.375741;1.00172756;0.831999801;0.00479955908;0.830564432;0.00479184038;1.01570326;0.829376299;0.0456828327;0.842399629;0.0463999212;1.00172891;0.00208098476;1.19987581e-05;0.842383;0.041533
32.376741;1.00172658;0.831999837;0.00479957885;0.830565276;0.00479184503;1.01570129;0.829377927;0.0456829373;0.842399624;0.0459999403;1.00172787;0.0020809902;1.19731e-05;0.842383;0.041533
32.378741;1.00172461;0.831999902;0.00479962063;0.830566971;0.00479185355;1.01569935;0.829379552;0.045683055;0.842399613;0.045999976;1.00172579;0.00208099588;1.1919551e-05;0.842383;0.041533
32.379741;1.00172362;0.831999931;0.00479964187;0.83056782;0.00479185783;1.01569838;0.829380366;0.045289295;0.842399608;0.0459999927;1.00172475;0.00208099534;1.18919887e-05;0.842383;0.041533
32.455741;1.00165136;0.832000275;0.00479965625;0.830628629;0.00479234556;1.01561562;0.829447664;0.0452927514;0.842400022;0.0460002349;1.00165213;0.00207976341;1.2416706e-05;0.842383;0.041533
32.456741;1.00165135;0.832000256;0.00479966345;0.830628653;0.00479233995;1.01561461;0.829448501;0.0452927928;0.842399996;0.0460002273;1.00165212;0.00207975353;1.24239499e-05;0.842383;0.041533
32.457741;1.00165034;0.832000235;0.00439967185;0.830629505;0.00439299742;1.0156136;0.829449338;0.0452928332;0.842399972;0.0460002186;1.00165111;0.002079741;1.14297933e-05;0.842383;0.041533
32.535741;1.00157908;0.832000182;0.00439993447;0.830689605;0.004393067;1.01553236;0.829516138;0.0452964858;0.842399661;0.0460003927;1.00157919;0.00208011051;1.10643374e-05;0.842383;0.041533
32.536741;1.00157908;0.832000167;0.00439993296;0.830689588;0.00439304524;1.01553138;0.829516953;0.045296532;0.84239971;0.0456003869;1.0015792;0.00208012155;1.10464556e-05;0.842383;0.041533
32.538741;1.00157708;0.83200013;0.00439993357;0.830691211;0.00439301292;1.01552942;0.829518584;0.0452966303;0.842399812;0.0456003738;1.00157724;0.00208014317;1.10044892e-05;0.842383;0.041533
32.539741;1.00157608;0.832000108;0.00439993571;0.830692021;0.00439299891;1.01552844;0.829519397;0.0449027993;0.842399865;0.0456003661;1.00157625;0.00208015353;1.09811129e-05;0.842383;0.041533
32.561741;1.00155586;0.831999505;0.00440010807;0.830707905;0.00439305328;1.01550569;0.829538402;0.0449043049;0.842400915;0.0456002311;1.00155637;0.00208002802;1.05146152e-05;0.842383;0.041533
32.564741;1.00155286;0.831999468;0.00440013129;0.830710282;0.00439309244;1.01550267;0.829540936;0.0449044876;0.842400994;0.0456002353;1.00155333;0.00207995513;1.0475618e-05;0.842383;0.041533
32.615741;1.00150935;0.831999729;0.00439995629;0.830746373;0.00439322688;1.01545082;0.829582168;0.044906251;0.842400311;0.0456003064;1.0015089;0.00207987057;1.09461574e-05;0.842383;0.041533
32.616741;1.00150833;0.83199973;0.00399995641;0.830747204;0.00399382456;1.0154498;0.829582985;0.0449062821;0.842400305;0.0456003108;1.00150788;0.00207986111;9.98613854e-06;0.842383;0.041533
32.704741;1.0014317;0.831999599;0.00400035142;0.830810401;0.00399420531;1.01536346;0.82965388;0.044910234;0.842400328;0.0456000958;1.00143183;0.00207982765;9.9752538e-06;0.842383;0.041533
32.705741;1.00143071;0.831999574;0.00400036618;0.830811229;0.00399420946;1.01536245;0.82965469;0.0449102833;0.84240034;0.0452000884;1.00143082;0.00207980451;9.9567439e-06;0.842383;0.041533
32.707741;1.00142974;0.83199953;0.00400039394;0.83081205;0.00399421708;1.01536043;0.829656313;0.0449103787;0.84240036;0.0452000709;1.00142979;0.00207976247;9.92451349e-06;0.842383;0.041533
32.708741;1.00142875;0.831999511;0.00400040684;0.830812871;0.00399422411;1.01535942;0.829657125;0.0445164753;0.842400369;0.0452000615;1.00142878;0.00207974382;9.91097438e-06;0.842383;0.041533
32.785741;1.00136463;0.831999606;0.00400070174;0.830865524;0.00399468226;1.01528659;0.829717654;0.0445202493;0.842399925;0.0451998874;1.00136553;0.00208018164;9.152739e-06;0.842383;0.041533
32.786741;1.00136364;0.831999592;0.00360066375;0.830866351;0.00359523119;1.0152856;0.82971848;0.0445202838;0.842399908;0.0451998969;1.00136449;0.00208017289;8.15734108e-06;0.842383;0.041533
32.885741;1.00128427;0.832000007;0.00359986247;0.830933351;0.00359616754;1.01519315;0.829793373;0.0445233834;0.842399439;0.0451997988;1.0012834;0.002080039;8.59934742e-06;0.842383;0.041533
32.886741;1.00128426;0.832000029;0.00359986248;0.830933361;0.00359618859;1.01519313;0.829793336;0.044523384;0.842399441;0.0447998035;1.00128341;0.0020800337;8.58207176e-06;0.842383;0.041533
32.889741;1.00128124;0.832000096;0.00359986148;0.830935887;0.00359625291;1.01519006;0.829795681;0.0445235183;0.842399451;0.0447998131;1.00128045;0.00208000453;8.52509963e-06;0.842383;0.041533
32.890741;1.00128123;0.832000118;0.00359986129;0.830935902;0.00359626782;1.01518905;0.829796465;0.0441295483;0.842399456;0.0447998139;1.00128046;0.00207999064;8.50569591e-06;0.842383;0.041533
32.966741;1.00122216;0.832000306;0.00359968102;0.830985072;0.00359494423;1.01512097;0.829852265;0.0441324955;0.842399156;0.0447995551;1.00122157;0.00207944041;8.26697054e-06;0.842383;0.041533
32.967741;1.00122115;0.832000318;0.00319967732;0.830985925;0.00319541338;1.01511996;0.829853078;0.0441325387;0.842399163;0.0447995242;1.0012206;0.00207944728;7.26753187e-06;0.842383;0.041533
33.080741;1.00113701;0.831999881;0.00320050431;0.831054846;0.00319633825;1.01502436;0.829931332;0.0441366915;0.842400319;0.044800206;1.00113677;0.00208006226;7.24977929e-06;0.842383;0.041533
33.081741;1.00113603;0.831999899;0.00320051611;0.831055653;0.00319633076;1.01502335;0.829932179;0.0441367414;0.842400324;0.0444001871;1.00113579;0.00208006132;7.23240625e-06;0.842383;0.041533
33.084741;1.00113407;0.831999957;0.0032005503;0.831057238;0.003196308;1.01502034;0.82993472;0.0441368825;0.842400342;0.0444001237;1.00113387;0.00208005728;7.18635253e-06;0.842383;0.041533
33.085741;1.00113308;0.831999977;0.0032005612;0.831058042;0.00319630194;1.01501934;0.829935566;0.0437428464;0.842400347;0.0444001016;1.0011329;0.00208005555;7.17351325e-06;0.842383;0.041533
33.105741;1.00111805;0.832000404;0.00320048671;0.831070216;0.00319627922;1.01500312;0.829948949;0.0437434292;0.842400176;0.0444000841;1.00111799;0.00207984335;7.16599864e-06;0.842383;0.041533
33.161741;1.00107847;0.831999747;0.00320067998;0.831104012;0.0031965718;1.0149571;0.829985982;0.0437459109;0.842399722;0.0444000344;1.00107864;0.00207984647;8.15285936e-06;0.842383;0.041533
33.162741;1.00107849;0.831999731;0.00280065351;0.831104015;0.00279697787;1.01495608;0.829986813;0.0437459738;0.842399733;0.0444000318;1.00107865;0.00207984757;7.1405629e-06;0.842383;0.041533
33.185741;1.00106245;0.831999596;0.00279999075;0.831117354;0.0027968686;1.01493724;0.830002903;0.0437470475;0.842400281;0.0444002765;1.00106292;0.00207990922;7.03652523e-06;0.842383;0.041533
33.292741;1.00098771;0.831999547;0.00279979141;0.831178329;0.00279771523;1.0148527;0.830071111;0.0437502838;0.842399694;0.0444000835;1.00098854;0.00207961693;6.5905366e-06;0.842383;0.041533
33.293741;1.00098771;0.831999557;0.00279980833;0.831178316;0.00279771493;1.01485269;0.830071119;0.0437502916;0.842399713;0.0440000753;1.00098853;0.00207961306;6.59953759e-06;0.842383;0.041533
33.295741;1.0009857;0.831999582;0.00279984061;0.83117996;0.00279772508;1.01485068;0.830072771;0.0437503861;0.842399757;0.0440000556;1.0009865;0.00207960305;6.61562283e-06;0.842383;0.041533
33.296741;1.00098569;0.831999598;0.00279985522;0.831179955;0.00279772909;1.01484968;0.830073597;0.0433562833;0.842399782;0.0440000438;1.00098648;0.00207959729;6.62256511e-06;0.842383;0.041533
33.373741;1.00093501;0.832000149;0.00279991662;0.831222713;0.00279775249;1.0147918;0.830121154;0.0433587508;0.842399953;0.0440003416;1.00093486;0.00207995905;6.87834339e-06;0.842383;0.041533
33.374741;1.00093502;0.832000149;0.00239991818;0.831222699;0.00239811397;1.0147908;0.830121972;0.0433588102;0.842399956;0.0440003355;1.00093483;0.00207993645;5.88142858e-06;0.842383;0.041533
33.523741;1.00084096;0.83199944;0.00240039685;0.83130126;0.00239806915;1.01468349;0.830209856;0.0433631357;0.842400463;0.0439991734;1.00084043;0.00207943777;5.83783685e-06;0.842383;0.041533
33.524741;1.00083996;0.831999437;0.00240042022;0.831302112;0.00239806889;1.0146825;0.830210662;0.0433631885;0.842400443;0.0435991953;1.00083942;0.00207944683;5.83722163e-06;0.842383;0.041533
33.528741;1.00083797;0.831999431;0.00240049513;0.831303846;0.00239805368;1.01468053;0.830212252;0.0433633123;0.842400355;0.0435992895;1.00083741;0.00207947245;5.8052341e-06;0.842383;0.041533
33.529741;1.00083698;0.831999431;0.00240050986;0.831304692;0.00239804828;1.01467954;0.830213061;0.0429691503;0.842400332;0.0435993131;1.00083641;0.00207947537;5.79091518e-06;0.842383;0.041533
33.606741;1.00079217;0.832000735;0.00240017567;0.831341541;0.0023987512;1.01462689;0.830256331;0.0429709108;0.842400072;0.0435999386;1.00079229;0.00207977525;5.87205632e-06;0.842383;0.041533
33.607741;1.00079117;0.832000743;0.00200016088;0.831342375;0.00199906563;1.01462688;0.830256322;0.0429708829;0.842400089;0.0435999374;1.00079128;0.00207976797;4.8769968e-06;0.842383;0.041533
33.637741;1.00077315;0.83200025;0.00199945518;0.83135739;0.00199903902;1.01460644;0.830272671;0.0429715174;0.842400459;0.0435998333;1.00077334;0.00208010595;5.12783219e-06;0.842383;0.041533
33.672741;1.00075264;0.831999994;0.00199938883;0.831374;0.00199895386;1.01458226;0.830292538;0.0429724713;0.842400966;0.0435997059;1.00075248;0.00208007711;5.3884376e-06;0.842383;0.041533
33.765741;1.00070104;0.832000322;0.0019998524;0.831416417;0.0019985339;1.01452383;0.830341146;0.0429755185;0.842400298;0.0436001903;1.00070092;0.00208001746;4.35714164e-06;0.842383;0.041533
33.781741;1.00069309;0.832000206;0.00199992084;0.831423092;0.00199873767;1.01451386;0.830349331;0.0429763855;0.842400575;0.0436000176;1.0006929;0.00208001707;4.29819316e-06;0.842383;0.041533
33.782741;1.00069208;0.832000195;0.00199993336;0.831423936;0.00199875615;1.01451286;0.830350155;0.0429764359;0.842400585;0.0432000099;1.00069192;0.00208000213;4.29959225e-06;0.842383;0.041533
33.786741;1.00069005;0.832000139;0.0019999963;0.831425659;0.00199880522;1.01451085;0.830351829;0.0429765413;0.842400599;0.0431999853;1.00069003;0.00207993322;4.30379945e-06;0.842383;0.041533
33.787741;1.00069005;0.832000124;0.00200001403;0.831425675;0.00199880966;1.01450985;0.83035266;0.0425823085;0.842400595;0.0431999813;1.00069006;0.00207991467;4.30446954e-06;0.842383;0.041533
33.840741;1.00066079;0.831999976;0.00200009573;0.831450423;0.0019985354;1.01447739;0.830379073;0.0425834405;0.842399143;0.0432000313;1.00066146;0.00207965719;4.20702027e-06;0.842383;0.041533
33.865741;1.00064818;0.832000091;0.0019998804;0.831460987;0.00199849487;1.01446271;0.830391338;0.0425843699;0.842399406;0.0431998961;1.00064874;0.00207985598;4.5635801e-06;0.842383;0.041533
33.866741;1.0006472;0.832000089;0.00159986025;0.831461813;0.00159874595;1.0144627;0.830391326;0.0425843806;0.842399433;0.0431999051;1.00064775;0.00207986204;3.58243305e-06;0.842383;0.041533
34.071741;1.00054506;0.831999662;0.0016008739;0.83154695;0.00159894235;1.01434359;0.830487271;0.0425890134;0.842400189;0.0431996851;1.00054499;0.0020801259;3.56262588e-06;0.842383;0.041533
34.072741;1.00054506;0.831999672;0.00160086784;0.831546967;0.00159893979;1.0143436;0.830487287;0.0425890135;0.842400171;0.0427996928;1.00054501;0.00208013112;3.56678457e-06;0.842383;0.041533
34.077741;1.00054204;0.83199971;0.00160084723;0.831549507;0.00159893192;1.01434067;0.830489807;0.042589155;0.8424001;0.0427997418;1.00054211;0.00208010555;3.58322866e-06;0.842383;0.041533
34.078741;1.00054204;0.831999714;0.00160084537;0.831549508;0.00159892999;1.01433968;0.830490632;0.0421948569;0.842400091;0.0427997521;1.00054213;0.00208009265;3.58638125e-06;0.842383;0.041533
34.159741;1.0005045;0.831999786;0.00160022805;0.831581193;0.00159913158;1.01429702;0.830525872;0.0421959611;0.842400262;0.042799747;1.00050432;0.00207999462;4.80660018e-06;0.842383;0.041533
34.160741;1.00050451;0.83199979;0.00120025791;0.831581157;0.00119935014;1.01429603;0.830526681;0.0421959795;0.842400244;0.042799786;1.00050432;0.00208000498;3.81667999e-06;0.842383;0.041533
34.407741;1.00039751;0.831999574;0.00119990118;0.831669493;0.001199597;1.01417396;0.830627019;0.0422016024;0.842399909;0.042799871;1.00039699;0.00208053438;2.01441717e-06;0.842383;0.041533
34.408741;1.0003975;0.831999568;0.00119991964;0.831669502;0.00119960543;1.01417398;0.830627035;0.0422016208;0.842399907;0.0423998528;1.00039698;0.00208053212;2.00165871e-06;0.842383;0.041533
34.414741;1.00039446;0.831999552;0.00120004465;0.831672067;0.00119966869;1.01417105;0.830629572;0.0422018945;0.84239992;0.0423997148;1.00039393;0.00208051719;1.92856509e-06;0.842383;0.041533
34.415741;1.00039445;0.831999552;0.00120006446;0.831672079;0.0011996752;1.01417005;0.830630398;0.0418075521;0.842399924;0.0423996893;1.00039393;0.00208051117;1.91963419e-06;0.842383;0.041533
34.499741;1.00035975;0.83200037;0.00119934888;0.831700701;0.00119920122;1.014132;0.830660958;0.0418097993;0.842399714;0.0423994853;1.00036017;0.00208001286;2.73782747e-06;0.842383;0.041533
34.500741;1.00035972;0.832000357;0.000799343267;0.831700708;0.000799350906;1.01413199;0.830660952;0.0418098107;0.842399724;0.0423994728;1.00036014;0.00208000792;1.71276615e-06;0.842383;0.041533
34.535741;1.00034552;0.832000162;0.000799470572;0.831712344;0.000799274104;1.0141161;0.830673999;0.0418103904;0.84239933;0.0424003775;1.0003457;0.00208004496;1.92332607e-06;0.842383;0.041533
34.611741;1.00031798;0.831999821;0.000800037138;0.831735213;0.000800250228;1.01408216;0.830701575;0.0418117961;0.842400343;0.0423997011;1.00031835;0.0020793734;1.56640497e-06;0.842383;0.041533
34.810741;1.00024755;0.83200008;0.000799748318;0.831793789;0.000799997437;1.01400341;0.830765859;0.0418136875;0.84240073;0.0423999103;1.00024804;0.0020795035;1.89592591e-06;0.842383;0.041533
34.811741;1.00024754;0.832000096;0.000799765919;0.831793819;0.000799984157;1.0140024;0.830766678;0.0418137221;0.842400737;0.0419998919;1.00024806;0.00207948905;1.88485948e-06;0.842383;0.041533
34.818741;1.00024548;0.83200017;0.000799903603;0.8317957;0.000799883622;1.01400034;0.830768322;0.0418137312;0.842400763;0.0419997694;1.0002462;0.00207938289;1.82855665e-06;0.842383;0.041533
34.819741;1.00024548;0.832000174;0.000799920143;0.831795725;0.000799867281;1.01399934;0.830769142;0.0414192844;0.842400763;0.0419997522;1.00024622;0.00207936911;1.82163517e-06;0.842383;0.041533
34.842741;1.0002377;0.831999953;0.000800125206;0.831802537;0.000799849973;1.01399034;0.830776347;0.0414195365;0.842400363;0.0419996433;1.00023854;0.00207938135;1.9595514e-06;0.842383;0.041533
34.865741;1.00023004;0.831999805;0.000800250478;0.831808842;0.000800142384;1.01398212;0.830782984;0.0414201994;0.842400078;0.0419998517;1.00023032;0.00207932115;2.22945666e-06;0.842383;0.041533
34.908741;1.00021697;0.832000431;0.000799829871;0.831819353;0.000799735229;1.01396705;0.830796311;0.0414209337;0.842399526;0.0419996017;1.00021727;0.00208039512;2.1377442e-06;0.842383;0.041533
34.909741;1.00021599;0.832000428;0.00039981397;0.83182016;0.000399831408;1.01396709;0.830796311;0.04142092;0.842399527;0.0419996073;1.00021626;0.00208042356;1.14543878e-06;0.842383;0.041533
35.321741;1.00009987;0.831998997;0.000400290303;0.831916797;0.000399708821;1.01383337;0.83090666;0.0414271498;0.842399451;0.0419995251;1.00009994;0.00208014918;4.31867151e-07;0.842383;0.041533
35.322741;1.00009988;0.831998992;0.000400278884;0.831916793;0.000399707717;1.01383337;0.830906658;0.0414271341;0.84239946;0.0415995068;1.00009992;0.00208015481;4.53537273e-07;0.842383;0.041533
35.331741;1.00009813;0.831999013;0.000400178896;0.831918433;0.000399832086;1.01383042;0.830909114;0.0414271297;0.842399675;0.0415994218;1.00009785;0.0020802026;6.28342808e-07;0.842383;0.041533
35.332741;1.00009716;0.831999027;0.000400170544;0.831919268;0.000399856948;1.01383042;0.83090911;0.0410325754;0.842399711;0.0415994205;1.00009685;0.00208020546;6.44868992e-07;0.842383;0.041533
35.372741;1.00008678;0.831999865;0.000400857617;0.831927604;0.000400129004;1.01381942;0.830916661;0.0410325051;0.842400318;0.0415990682;1.00008737;0.00207994996;9.74110163e-07;0.842383;0.041533
35.433741;1.00007238;0.8320002;0.000399611082;0.83193936;0.000399741357;1.01380196;0.830931931;0.0410333906;0.842399828;0.041599065;1.00007386;0.00207980288;6.20556668e-07;0.842383;0.041533
35.434741;1.00007241;0.832000204;-4.01178315e-07;0.831939338;-2.29099471e-07;1.01380197;0.830931918;0.0410333833;0.842399817;0.0415990755;1.00007386;0.00207982595;-4.02507652e-07;0.842383;0.041533
35.457741;1.00006694;0.832000484;-4.02065661e-08;0.831944243;-1.78325711e-07;1.01379502;0.83093739;0.0410340296;0.842399538;0.0415995313;1.00006779;0.00208038469;-8.46304203e-07;0.842383;0.041533
36.050741;0.999952041;0.831999603;-2.60625167e-07;0.832040084;1.96840094e-07;1.01366266;0.831045747;0.0410387821;0.842400589;0.0416000235;0.999952628;0.00208041405;-2.42723678e-08;0.842383;0.041533
36.051741;0.999952054;0.831999615;-2.53658324e-07;0.832040087;2.0029289e-07;1.01366266;0.831045749;0.0410388036;0.842400594;0.0412000231;0.999952633;0.00208038389;-2.33028296e-08;0.842383;0.041533
36.066741;0.999949278;0.831999683;-1.16748885e-07;0.832042673;1.91168373e-07;1.01365968;0.831048306;0.041039326;0.842400353;0.0412001517;0.99994957;0.00207975371;1.18457854e-07;0.842383;0.041533
36.067741;0.999949291;0.831999684;-1.10825074e-07;0.832042672;2.01218616e-07;1.01365968;0.83104831;0.0406447441;0.842400319;0.0412001552;0.999949554;0.00207971202;1.30092641e-07;0.842383;0.041533
36.166741;0.999933858;0.831999942;4.10463788e-08;0.832055387;3.68296285e-07;1.01364165;0.831062597;0.0406457005;0.842400009;0.0411999307;0.999933549;0.00207951886;-1.31257799e-07;0.842383;0.041533
36.201741;0.999929216;0.832000301;6.01863148e-07;0.832059837;4.54717853e-07;1.01363667;0.831067155;0.0406453564;0.8423997;0.0412001059;0.999928934;0.0020797189;-1.67655803e-07;0.842383;0.041533
36.202741;0.999929235;0.832000293;-0.000399406319;0.832059848;-0.000399600623;1.01363567;0.831067973;0.0406453831;0.842399693;0.0412001324;0.99992897;0.00207970227;-1.18318295e-06;0.842383;0.041533
36.246741;0.999921899;0.832000233;-0.000399972599;0.832065394;-0.000400466831;1.01362859;0.831073891;0.04064565;0.842399851;0.0412000441;0.999922203;0.00207978569;-1.74115178e-06;0.842383;0.041533
36.312741;0.999913136;0.831999841;-0.000400200603;0.832072277;-0.000399676196;1.01361924;0.831081788;0.0406463394;0.842400759;0.0412005827;0.999913222;0.00208021258;-1.23543237e-06;0.842383;0.041533
36.355741;0.999908017;0.831999959;-0.000400069584;0.832075719;-0.000400202547;1.01361188;0.831086982;0.0406468979;0.842399972;0.0412010281;0.999908411;0.00208011784;-9.89228333e-07;0.842383;0.041533
37.426741;0.999816271;0.832000542;-0.00039998117;0.832153189;-0.000400441556;1.01350824;0.83117268;0.0406502948;0.842400069;0.0411999299;0.999816307;0.00208027544;-1.08958293e-06;0.842383;0.041533
37.447741;0.999815283;0.832000849;-0.000399761676;0.832153742;-0.000400084124;1.01350615;0.831174041;0.04065051;0.842399969;0.0411997733;0.999815195;0.00208015729;-5.16547411e-07;0.842383;0.041533
37.772741;0.999802956;0.831999568;-0.000399830215;0.832163563;-0.000400103244;1.01349225;0.831185832;0.0406513632;0.84240007;0.0411997078;0.999802739;0.00208004069;-1.12398397e-06;0.842383;0.041533
37.773741;0.999802937;0.831999564;-0.000399831831;0.832163548;-0.000400136179;1.01349225;0.831185823;0.04065136;0.842400089;0.0407996749;0.999802724;0.00208004156;-1.12180968e-06;0.842383;0.041533
37.865741;0.999800216;0.831999938;-0.000400636642;0.832166574;-0.000400089727;1.01348945;0.831188194;0.0406520459;0.842400126;0.0407998914;0.999799883;0.00208007;-9.038271e-07;0.842383;0.041533
37.866741;0.999800229;0.831999926;-0.000400628966;0.832166583;-0.000400086574;1.01348947;0.831188173;0.040257366;0.84240016;0.0407998552;0.999799884;0.00208006517;-8.99912942e-07;0.842383;0.041533
38.646741;0.99979227;0.832000232;-0.000399887658;0.832173527;-0.000400520944;1.01347938;0.831196239;0.0402575237;0.842400328;0.0407998498;0.999791675;0.00208007556;-2.10002876e-06;0.842383;0.041533
38.717741;0.999793131;0.831999938;-0.000399480162;0.832172443;-0.000400787609;1.01347974;0.831195623;0.0402571416;0.842399999;0.0407996398;0.999792495;0.00207986944;-7.77199409e-07;0.842383;0.041533
39.135741;0.999796818;0.831999562;-0.000400641885;0.832168734;-0.000399938208;1.01348549;0.831191552;0.0402575421;0.842399548;0.040799998;0.999797127;0.00207988869;-1.69815971e-06;0.842383;0.041533
39.159741;0.999796747;0.831999595;-0.000400479907;0.832169002;-0.000399734436;1.013486;0.831190116;0.0402575525;0.842399565;0.0408003364;0.999796834;0.00208028604;-1.05277625e-06;0.842383;0.041533
39.314741;0.999800552;0.832000385;-0.000400218931;0.832166052;-0.000400606301;1.01348929;0.831188528;0.0402570046;0.842400241;0.0407999058;0.999800527;0.00207989271;-1.32660138e-06;0.842383;0.041533
39.315741;0.999800572;0.832000389;-0.000400247099;0.832166055;-0.000400609297;1.0134893;0.831188547;0.0406516879;0.842400242;0.0407998981;0.999800529;0.00207988566;-1.33931883e-06;0.842383;0.041533
39.443741;0.999803154;0.831999275;-0.000400308338;0.832164253;-0.000399809624;1.01349171;0.831186011;0.0406517386;0.84239956;0.0407995344;0.999803401;0.00207988871;-1.35817198e-06;0.842383;0.041533
39.444741;0.999803166;0.831999288;-0.000400335789;0.83216425;-0.000399800119;1.01349169;0.831185975;0.0406517581;0.842399536;0.0411995287;0.999803404;0.00207988116;-1.34119053e-06;0.842383;0.041533
43.628741;0.999928;0.832;-0.0004;0.832059908;-0.000400028802;1.013636;0.831067563;0.0406457545;0.8424;0.0412;0.999928;0.00208;-1e-06;0.842383;0.041533
44.494741;0.999948;0.832;-0;0.832043266;-0;1.013659;0.831048706;0.0406448322;0.8424;0.0412;0.999948;0.00208;-0;0.842383;0.041533
44.495741;0.999948;0.832;-0;0.832043266;-0;1.013659;0.831048706;0.0410394423;0.8424;0.0412;0.999948;0.00208;-0;0.842383;0.041533
44.607741;0.99995;0.832;-0;0.832041602;-0;1.013662;0.831046246;0.0410393208;0.8424;0.0412;0.99995;0.00208;-0;0.842383;0.041533
44.618741;0.999951;0.832;-0;0.83204077;-0;1.013662;0.831046246;0.0410393208;0.8424;0.0412;0.999951;0.00208;-0;0.842383;0.041533
44.620741;0.999951;0.832;-0;0.83204077;-0;1.013662;0.831046246;0.0410393208;0.8424;0.0412;0.999951;0.00208;-0;0.842383;0.041533
49.133741;0.999998;0.832;-0;0.832001664;-0;1.013716;0.831001977;0.0410371347;0.8424;0.0416;0.999998;0.00208;-0;0.842383;0.041533
49.326741;0.999998;0.832;-0;0.832001664;-0;1.013717;0.831001157;0.0410370942;0.8424;0.0416;0.999998;0.00208;-0;0.842383;0.041533
49.438741;0.999999;0.832;-0;0.832000832;-0;1.013717;0.831001157;0.0410370942;0.8424;0.0416;0.999999;0.00208;-0;0.842383;0.041533
100.000000;1;0.832;-0;0.832;-0;1.013719;0.830999518;0.0410370132;0.8424;0.0416;1;0.00208;-0;0.842383;0.041533
